case_id,delta_M6_m3,delta_Sv_sph_m-1,delta_Sv_true_m-1,delta_kappa_W_mK,end_time_h,family,handoff_sensitive_start,matrix_mode,model,relative_delta_kappa_percent,replicate,start_time_h,temperature_K
001,1.326954187883374e-25,-5344945.470585084,-5054949.161865108,-0.0019396433143938907,48,REF_BROAD_N512,True,fixed_6h_matrix,E_direct_discrete_PSD,-0.15854551962042673,A,6,303.15
001,1.1611371700710306e-25,-2035605.8786126482,-1949012.7305416227,-0.000793778506859466,48,REF_BROAD_N512,False,fixed_6h_matrix,E_direct_discrete_PSD,-0.0649439046936167,A,12,303.15
001,8.125383550409643e-26,-826235.3191642803,-784370.7541909064,-6.358422826036048e-06,48,REF_BROAD_N512,False,fixed_6h_matrix,E_direct_discrete_PSD,-0.0005205570642424266,A,24,303.15
001,1.326954187883374e-25,-5344945.470585084,-5054949.161865108,0.05972500716154183,48,REF_BROAD_N512,True,fixed_6h_matrix,G_direct_PSD_plus_true_MI,5.332650560345266,A,6,303.15
001,1.1611371700710306e-25,-2035605.8786126482,-1949012.7305416227,0.025067762182031883,48,REF_BROAD_N512,False,fixed_6h_matrix,G_direct_PSD_plus_true_MI,2.171037229718118,A,12,303.15
001,8.125383550409643e-26,-826235.3191642803,-784370.7541909064,0.010726498052022304,48,REF_BROAD_N512,False,fixed_6h_matrix,G_direct_PSD_plus_true_MI,0.9175901272547886,A,24,303.15
001,1.326954187883374e-25,-5344945.470585084,-5054949.161865108,-0.0018551183273054495,48,REF_BROAD_N512,True,fixed_6h_matrix,E_direct_discrete_PSD,-0.1561030866756643,A,6,323.15
001,1.1611371700710306e-25,-2035605.8786126482,-1949012.7305416227,-0.0007777070787122753,48,REF_BROAD_N512,False,fixed_6h_matrix,E_direct_discrete_PSD,-0.06550128826002372,A,12,323.15
001,8.125383550409643e-26,-826235.3191642803,-784370.7541909064,-2.5022368499660885e-05,48,REF_BROAD_N512,False,fixed_6h_matrix,E_direct_discrete_PSD,-0.0021088107579088256,A,24,323.15
001,1.326954187883374e-25,-5344945.470585084,-5054949.161865108,0.056608534062243754,48,REF_BROAD_N512,True,fixed_6h_matrix,G_direct_PSD_plus_true_MI,5.191371407492063,A,6,323.15
001,1.1611371700710306e-25,-2035605.8786126482,-1949012.7305416227,0.023717631557810703,48,REF_BROAD_N512,False,fixed_6h_matrix,G_direct_PSD_plus_true_MI,2.1113757086089833,A,12,323.15
001,8.125383550409643e-26,-826235.3191642803,-784370.7541909064,0.010138967872614701,48,REF_BROAD_N512,False,fixed_6h_matrix,G_direct_PSD_plus_true_MI,0.8918046083181641,A,24,323.15
001,1.326954187883374e-25,-5344945.470585084,-5054949.161865108,-0.001666363188502329,48,REF_BROAD_N512,True,fixed_6h_matrix,E_direct_discrete_PSD,-0.15028558046710577,A,6,373.15
001,1.1611371700710306e-25,-2035605.8786126482,-1949012.7305416227,-0.0007345165357330874,48,REF_BROAD_N512,False,fixed_6h_matrix,E_direct_discrete_PSD,-0.06630012800463699,A,12,373.15
001,8.125383550409643e-26,-826235.3191642803,-784370.7541909064,-5.959147980583168e-05,48,REF_BROAD_N512,False,fixed_6h_matrix,E_direct_discrete_PSD,-0.005382222132473906,A,24,373.15
001,1.326954187883374e-25,-5344945.470585084,-5054949.161865108,0.04982675678556214,48,REF_BROAD_N512,True,fixed_6h_matrix,G_direct_PSD_plus_true_MI,4.872138126528695,A,6,373.15
001,1.1611371700710306e-25,-2035605.8786126482,-1949012.7305416227,0.02079129219024245,48,REF_BROAD_N512,False,fixed_6h_matrix,G_direct_PSD_plus_true_MI,1.9768788135473634,A,12,373.15
001,8.125383550409643e-26,-826235.3191642803,-784370.7541909064,0.00886810021660378,48,REF_BROAD_N512,False,fixed_6h_matrix,G_direct_PSD_plus_true_MI,0.8337451877604658,A,24,373.15
001,1.326954187883374e-25,-5344945.470585084,-5054949.161865108,-0.0015044722435166857,48,REF_BROAD_N512,True,fixed_6h_matrix,E_direct_discrete_PSD,-0.14480143422559977,A,6,423.15
001,1.1611371700710306e-25,-2035605.8786126482,-1949012.7305416227,-0.0006898131792953954,48,REF_BROAD_N512,False,fixed_6h_matrix,E_direct_discrete_PSD,-0.06644477418683487,A,12,423.15
001,8.125383550409643e-26,-826235.3191642803,-784370.7541909064,-8.162831478220056e-05,48,REF_BROAD_N512,False,fixed_6h_matrix,E_direct_discrete_PSD,-0.00786728106923171,A,24,423.15
001,1.326954187883374e-25,-5344945.470585084,-5054949.161865108,0.0442197523148139,48,REF_BROAD_N512,True,fixed_6h_matrix,G_direct_PSD_plus_true_MI,4.593508925517418,A,6,423.15
001,1.1611371700710306e-25,-2035605.8786126482,-1949012.7305416227,0.018384564391282443,48,REF_BROAD_N512,False,fixed_6h_matrix,G_direct_PSD_plus_true_MI,1.8598586507034045,A,12,423.15
001,8.125383550409643e-26,-826235.3191642803,-784370.7541909064,0.0078257025709918,48,REF_BROAD_N512,False,fixed_6h_matrix,G_direct_PSD_plus_true_MI,0.7833132908868503,A,24,423.15
001,1.326954187883374e-25,-5344945.470585084,-5054949.161865108,-0.0013644733942610454,48,REF_BROAD_N512,True,fixed_6h_matrix,E_direct_discrete_PSD,-0.13960989286860748,A,6,473.15
001,1.1611371700710306e-25,-2035605.8786126482,-1949012.7305416227,-0.0006458114601053389,48,REF_BROAD_N512,False,fixed_6h_matrix,E_direct_discrete_PSD,-0.06612662108936235,A,12,473.15
001,8.125383550409643e-26,-826235.3191642803,-784370.7541909064,-9.527753749283274e-05,48,REF_BROAD_N512,False,fixed_6h_matrix,E_direct_discrete_PSD,-0.009761262523342498,A,24,473.15
001,1.326954187883374e-25,-5344945.470585084,-5054949.161865108,0.039529880699311515,48,REF_BROAD_N512,True,fixed_6h_matrix,G_direct_PSD_plus_true_MI,4.347856184891811,A,6,473.15
001,1.1611371700710306e-25,-2035605.8786126482,-1949012.7305416227,0.01638091561659638,48,REF_BROAD_N512,False,fixed_6h_matrix,G_direct_PSD_plus_true_MI,1.7569869995863736,A,12,473.15
001,8.125383550409643e-26,-826235.3191642803,-784370.7541909064,0.006959986759596304,48,REF_BROAD_N512,False,fixed_6h_matrix,G_direct_PSD_plus_true_MI,0.7390475637803937,A,24,473.15
001,1.326954187883374e-25,-5344945.470585084,-5054949.161865108,-0.0012426272451606657,48,REF_BROAD_N512,True,fixed_6h_matrix,E_direct_discrete_PSD,-0.13469422331632241,A,6,523.15
001,1.1611371700710306e-25,-2035605.8786126482,-1949012.7305416227,-0.0006037173191923983,48,REF_BROAD_N512,False,fixed_6h_matrix,E_direct_discrete_PSD,-0.06548511676928546,A,12,523.15
001,8.125383550409643e-26,-826235.3191642803,-784370.7541909064,-0.00010326464179555295,48,REF_BROAD_N512,False,fixed_6h_matrix,E_direct_discrete_PSD,-0.011207182155296602,A,24,523.15
001,1.326954187883374e-25,-5344945.470585084,-5054949.161865108,0.035566008837755625,48,REF_BROAD_N512,True,fixed_6h_matrix,G_direct_PSD_plus_true_MI,4.129428681716087,A,6,523.15
001,1.1611371700710306e-25,-2035605.8786126482,-1949012.7305416227,0.014694562763890695,48,REF_BROAD_N512,False,fixed_6h_matrix,G_direct_PSD_plus_true_MI,1.665761181062721,A,12,523.15
001,8.125383550409643e-26,-826235.3191642803,-784370.7541909064,0.006232970327678,48,REF_BROAD_N512,False,fixed_6h_matrix,G_direct_PSD_plus_true_MI,0.6998504355272265,A,24,523.15
001,1.326954187883374e-25,-5344945.470585084,-5054949.161865108,-0.0011359920676518032,48,REF_BROAD_N512,True,fixed_6h_matrix,E_direct_discrete_PSD,-0.13004333658038963,A,6,573.15
001,1.1611371700710306e-25,-2035605.8786126482,-1949012.7305416227,-0.0005641248338176252,48,REF_BROAD_N512,False,fixed_6h_matrix,E_direct_discrete_PSD,-0.06462081437623707,A,12,573.15
001,8.125383550409643e-26,-826235.3191642803,-784370.7541909064,-0.0001074061129351378,48,REF_BROAD_N512,False,fixed_6h_matrix,E_direct_discrete_PSD,-0.012309870348799054,A,24,573.15
001,1.326954187883374e-25,-5344945.470585084,-5054949.161865108,0.032184274888575226,48,REF_BROAD_N512,True,fixed_6h_matrix,G_direct_PSD_plus_true_MI,3.9337810250834107,A,6,573.15
001,1.1611371700710306e-25,-2035605.8786126482,-1949012.7305416227,0.013261362943663424,48,REF_BROAD_N512,False,fixed_6h_matrix,G_direct_PSD_plus_true_MI,1.5842520355933363,A,12,573.15
001,8.125383550409643e-26,-826235.3191642803,-784370.7541909064,0.005616341235120781,48,REF_BROAD_N512,False,fixed_6h_matrix,G_direct_PSD_plus_true_MI,0.6648767988224384,A,24,573.15
001,1.326954187883374e-25,-5344945.470585084,-5054949.161865108,-0.0031507665102865623,48,REF_BROAD_N512,True,pf_time_varying_matrix,E_direct_discrete_PSD,-0.2575421521415757,A,6,303.15
001,1.1611371700710306e-25,-2035605.8786126482,-1949012.7305416227,0.006177779502066549,48,REF_BROAD_N512,False,pf_time_varying_matrix,E_direct_discrete_PSD,0.5088487781029282,A,12,303.15
001,8.125383550409643e-26,-826235.3191642803,-784370.7541909064,0.002622619452795627,48,REF_BROAD_N512,False,pf_time_varying_matrix,E_direct_discrete_PSD,0.215388109750702,A,24,303.15
001,1.326954187883374e-25,-5344945.470585084,-5054949.161865108,0.058547959611992884,48,REF_BROAD_N512,True,pf_time_varying_matrix,G_direct_PSD_plus_true_MI,5.227555834149955,A,6,303.15
001,1.1611371700710306e-25,-2035605.8786126482,-1949012.7305416227,0.03169887617297329,48,REF_BROAD_N512,False,pf_time_varying_matrix,G_direct_PSD_plus_true_MI,2.7640278594919625,A,12,303.15
001,8.125383550409643e-26,-826235.3191642803,-784370.7541909064,0.013253789354214396,48,REF_BROAD_N512,False,pf_time_varying_matrix,G_direct_PSD_plus_true_MI,1.1373895570175858,A,24,303.15
001,1.326954187883374e-25,-5344945.470585084,-5054949.161865108,-0.002998933447536878,48,REF_BROAD_N512,True,pf_time_varying_matrix,E_direct_discrete_PSD,-0.2523519718418033,A,6,323.15
001,1.1611371700710306e-25,-2035605.8786126482,-1949012.7305416227,0.0058097856315788565,48,REF_BROAD_N512,False,pf_time_varying_matrix,E_direct_discrete_PSD,0.4925281882259055,A,12,323.15
001,8.125383550409643e-26,-826235.3191642803,-784370.7541909064,0.002458480350006509,48,REF_BROAD_N512,False,pf_time_varying_matrix,E_direct_discrete_PSD,0.2078287397103961,A,24,323.15
001,1.326954187883374e-25,-5344945.470585084,-5054949.161865108,0.0554958632693503,48,REF_BROAD_N512,True,pf_time_varying_matrix,G_direct_PSD_plus_true_MI,5.0893322461559425,A,6,323.15
001,1.1611371700710306e-25,-2035605.8786126482,-1949012.7305416227,0.029993446028569126,48,REF_BROAD_N512,False,pf_time_varying_matrix,G_direct_PSD_plus_true_MI,2.6877353407090014,A,12,323.15
001,8.125383550409643e-26,-826235.3191642803,-784370.7541909064,0.012529452526184315,48,REF_BROAD_N512,False,pf_time_varying_matrix,G_direct_PSD_plus_true_MI,1.105473463708132,A,24,323.15
001,1.326954187883374e-25,-5344945.470585084,-5054949.161865108,-0.002664163303457645,48,REF_BROAD_N512,True,pf_time_varying_matrix,E_direct_discrete_PSD,-0.24027494803167554,A,6,373.15
001,1.1611371700710306e-25,-2035605.8786126482,-1949012.7305416227,0.005018711721636038,48,REF_BROAD_N512,False,pf_time_varying_matrix,E_direct_discrete_PSD,0.455784557343616,A,12,373.15
001,8.125383550409643e-26,-826235.3191642803,-784370.7541909064,0.002108118666945158,48,REF_BROAD_N512,False,pf_time_varying_matrix,E_direct_discrete_PSD,0.190948366659244,A,24,373.15
001,1.326954187883374e-25,-5344945.470585084,-5054949.161865108,0.048854103603579,48,REF_BROAD_N512,True,pf_time_varying_matrix,G_direct_PSD_plus_true_MI,4.777030578746201,A,6,373.15
001,1.1611371700710306e-25,-2035605.8786126482,-1949012.7305416227,0.026291918915055668,48,REF_BROAD_N512,False,pf_time_varying_matrix,G_direct_PSD_plus_true_MI,2.5153716436675606,A,12,373.15
001,8.125383550409643e-26,-826235.3191642803,-784370.7541909064,0.010960562043035083,48,REF_BROAD_N512,False,pf_time_varying_matrix,G_direct_PSD_plus_true_MI,1.0334486159684095,A,24,373.15
001,1.326954187883374e-25,-5344945.470585084,-5054949.161865108,-0.0023822478997470586,48,REF_BROAD_N512,True,pf_time_varying_matrix,E_direct_discrete_PSD,-0.22928499615119094,A,6,423.15
001,1.1611371700710306e-25,-2035605.8786126482,-1949012.7305416227,0.004376489364966263,48,REF_BROAD_N512,False,pf_time_varying_matrix,E_direct_discrete_PSD,0.423983466107657,A,12,423.15
001,8.125383550409643e-26,-826235.3191642803,-784370.7541909064,0.0018262822023322745,48,REF_BROAD_N512,False,pf_time_varying_matrix,E_direct_discrete_PSD,0.17648967171758603,A,24,423.15
001,1.326954187883374e-25,-5344945.470585084,-5054949.161865108,0.04336257059763848,48,REF_BROAD_N512,True,pf_time_varying_matrix,G_direct_PSD_plus_true_MI,4.504465643668992,A,6,423.15
001,1.1611371700710306e-25,-2035605.8786126482,-1949012.7305416227,0.023243333845785696,48,REF_BROAD_N512,False,pf_time_varying_matrix,G_direct_PSD_plus_true_MI,2.365067873383516,A,12,423.15
001,8.125383550409643e-26,-826235.3191642803,-784370.7541909064,0.009671888490777825,48,REF_BROAD_N512,False,pf_time_varying_matrix,G_direct_PSD_plus_true_MI,0.9707339166098784,A,24,423.15
001,1.326954187883374e-25,-5344945.470585084,-5054949.161865108,-0.0021425149627574136,48,REF_BROAD_N512,True,pf_time_varying_matrix,E_direct_discrete_PSD,-0.21921738135608185,A,6,473.15
001,1.1611371700710306e-25,-2035605.8786126482,-1949012.7305416227,0.0038488543711421297,48,REF_BROAD_N512,False,pf_time_varying_matrix,E_direct_discrete_PSD,0.39623526270829634,A,12,473.15
001,8.125383550409643e-26,-826235.3191642803,-784370.7541909064,0.0015965961563877418,48,REF_BROAD_N512,False,pf_time_varying_matrix,E_direct_discrete_PSD,0.16398755891085234,A,24,473.15
001,1.326954187883374e-25,-5344945.470585084,-5054949.161865108,0.03876891601980503,48,REF_BROAD_N512,True,pf_time_varying_matrix,G_direct_PSD_plus_true_MI,4.264158361125445,A,6,473.15
001,1.1611371700710306e-25,-2035605.8786126482,-1949012.7305416227,0.020703008695693303,48,REF_BROAD_N512,False,pf_time_varying_matrix,G_direct_PSD_plus_true_MI,2.2327396699722137,A,12,473.15
001,8.125383550409643e-26,-826235.3191642803,-784370.7541909064,0.008600604808211898,48,REF_BROAD_N512,False,pf_time_varying_matrix,G_direct_PSD_plus_true_MI,0.9155917879684752,A,24,473.15
001,1.326954187883374e-25,-5344945.470585084,-5054949.161865108,-0.0019369507556299403,48,REF_BROAD_N512,True,pf_time_varying_matrix,E_direct_discrete_PSD,-0.20995522080139653,A,6,523.15
001,1.1611371700710306e-25,-2035605.8786126482,-1949012.7305416227,0.0034104915416095505,48,REF_BROAD_N512,False,pf_time_varying_matrix,E_direct_discrete_PSD,0.37183453217565987,A,12,523.15
001,8.125383550409643e-26,-826235.3191642803,-784370.7541909064,0.0014071495226009034,48,REF_BROAD_N512,False,pf_time_varying_matrix,E_direct_discrete_PSD,0.15308246591543134,A,24,523.15
001,1.326954187883374e-25,-5344945.470585084,-5054949.161865108,0.03488600291955268,48,REF_BROAD_N512,True,pf_time_varying_matrix,G_direct_PSD_plus_true_MI,4.050475882846426,A,6,523.15
001,1.1611371700710306e-25,-2035605.8786126482,-1949012.7305416227,0.018563727145959552,48,REF_BROAD_N512,False,pf_time_varying_matrix,G_direct_PSD_plus_true_MI,2.1152740954143687,A,12,523.15
001,8.125383550409643e-26,-826235.3191642803,-784370.7541909064,0.007700357446442929,48,REF_BROAD_N512,False,pf_time_varying_matrix,G_direct_PSD_plus_true_MI,0.866701345270449,A,24,523.15
001,1.326954187883374e-25,-5344945.470585084,-5054949.161865108,-0.001759385000299929,48,REF_BROAD_N512,True,pf_time_varying_matrix,E_direct_discrete_PSD,-0.20140659629907,A,6,573.15
001,1.1611371700710306e-25,-2035605.8786126482,-1949012.7305416227,0.0030425496357250337,48,REF_BROAD_N512,False,pf_time_varying_matrix,E_direct_discrete_PSD,0.3502227854248009,A,12,573.15
001,8.125383550409643e-26,-826235.3191642803,-784370.7541909064,0.0012491788167199314,48,REF_BROAD_N512,False,pf_time_varying_matrix,E_direct_discrete_PSD,0.1434946596339553,A,24,573.15
001,1.326954187883374e-25,-5344945.470585084,-5054949.161865108,0.03157300455657808,48,REF_BROAD_N512,True,pf_time_varying_matrix,G_direct_PSD_plus_true_MI,3.8590674066616266,A,6,573.15
001,1.1611371700710306e-25,-2035605.8786126482,-1949012.7305416227,0.016744961619322152,48,REF_BROAD_N512,False,pf_time_varying_matrix,G_direct_PSD_plus_true_MI,2.0102496751999057,A,12,573.15
001,8.125383550409643e-26,-826235.3191642803,-784370.7541909064,0.006936455500886174,48,REF_BROAD_N512,False,pf_time_varying_matrix,G_direct_PSD_plus_true_MI,0.8230371027246852,A,24,573.15
002,1.6441288411353715e-25,-5437981.387538616,-5127262.582581291,-0.0018795910067426203,48,REF_BROAD_N512,True,fixed_6h_matrix,E_direct_discrete_PSD,-0.1536368661415467,B,6,303.15
002,1.4520485378921296e-25,-2019217.836107316,-1998892.2793697123,-0.0006373520482807482,48,REF_BROAD_N512,False,fixed_6h_matrix,E_direct_discrete_PSD,-0.052149803230826956,B,12,303.15
002,1.058317856274755e-25,-884871.0395277226,-886888.2839506543,1.9298844022408446e-05,48,REF_BROAD_N512,False,fixed_6h_matrix,E_direct_discrete_PSD,0.0015799305201398843,B,24,303.15
002,1.6441288411353715e-25,-5437981.387538616,-5127262.582581291,0.06082925930756833,48,REF_BROAD_N512,True,fixed_6h_matrix,G_direct_PSD_plus_true_MI,5.4312453522420485,B,6,303.15
002,1.4520485378921296e-25,-2019217.836107316,-1998892.2793697123,0.025903971087313238,48,REF_BROAD_N512,False,fixed_6h_matrix,G_direct_PSD_plus_true_MI,2.2429377672921214,B,12,303.15
002,1.058317856274755e-25,-884871.0395277226,-886888.2839506543,0.01211571315839377,48,REF_BROAD_N512,False,fixed_6h_matrix,G_direct_PSD_plus_true_MI,1.0366821400454587,B,24,303.15
002,1.6441288411353715e-25,-5437981.387538616,-5127262.582581291,-0.001801879709295573,48,REF_BROAD_N512,True,fixed_6h_matrix,E_direct_discrete_PSD,-0.1516231976971731,B,6,323.15
002,1.4520485378921296e-25,-2019217.836107316,-1998892.2793697123,-0.0006332296544178107,48,REF_BROAD_N512,False,fixed_6h_matrix,E_direct_discrete_PSD,-0.05333697624199732,B,12,323.15
002,1.058317856274755e-25,-884871.0395277226,-886888.2839506543,-3.368284050342396e-06,48,REF_BROAD_N512,False,fixed_6h_matrix,E_direct_discrete_PSD,-0.00028386138909929407,B,24,323.15
002,1.6441288411353715e-25,-5437981.387538616,-5127262.582581291,0.05765044171213307,48,REF_BROAD_N512,True,fixed_6h_matrix,G_direct_PSD_plus_true_MI,5.286920871009107,B,6,323.15
002,1.4520485378921296e-25,-2019217.836107316,-1998892.2793697123,0.02450723262164689,48,REF_BROAD_N512,False,fixed_6h_matrix,G_direct_PSD_plus_true_MI,2.1811770557360863,B,12,323.15
002,1.058317856274755e-25,-884871.0395277226,-886888.2839506543,0.011452942258853849,48,REF_BROAD_N512,False,fixed_6h_matrix,G_direct_PSD_plus_true_MI,1.0076204137596714,B,24,323.15
002,1.6441288411353715e-25,-5437981.387538616,-5127262.582581291,-0.0016268274922148773,48,REF_BROAD_N512,True,fixed_6h_matrix,E_direct_discrete_PSD,-0.14671993854040072,B,6,373.15
002,1.4520485378921296e-25,-2019217.836107316,-1998892.2793697123,-0.0006148921636066618,48,REF_BROAD_N512,False,fixed_6h_matrix,E_direct_discrete_PSD,-0.05550640854966391,B,12,373.15
002,1.058317856274755e-25,-884871.0395277226,-886888.2839506543,-4.5836098203189124e-05,48,REF_BROAD_N512,False,fixed_6h_matrix,E_direct_discrete_PSD,-0.004139758056009307,B,24,373.15
002,1.6441288411353715e-25,-5437981.387538616,-5127262.582581291,0.05073421955927837,48,REF_BROAD_N512,True,fixed_6h_matrix,G_direct_PSD_plus_true_MI,4.9608710287118765,B,6,373.15
002,1.4520485378921296e-25,-2019217.836107316,-1998892.2793697123,0.021480237537391478,48,REF_BROAD_N512,False,fixed_6h_matrix,G_direct_PSD_plus_true_MI,2.0419608035338705,B,12,373.15
002,1.058317856274755e-25,-884871.0395277226,-886888.2839506543,0.010019107127938076,48,REF_BROAD_N512,False,fixed_6h_matrix,G_direct_PSD_plus_true_MI,0.9421741865972321,B,24,373.15
002,1.6441288411353715e-25,-5437981.387538616,-5127262.582581291,-0.0014750485194905405,48,REF_BROAD_N512,True,fixed_6h_matrix,E_direct_discrete_PSD,-0.1419694742775662,B,6,423.15
002,1.4520485378921296e-25,-2019217.836107316,-1998892.2793697123,-0.000589506842760601,48,REF_BROAD_N512,False,fixed_6h_matrix,E_direct_discrete_PSD,-0.05678685671327756,B,12,423.15
002,1.058317856274755e-25,-884871.0395277226,-886888.2839506543,-7.352290011830576e-05,48,REF_BROAD_N512,False,fixed_6h_matrix,E_direct_discrete_PSD,-0.007085940908969971,B,24,423.15
002,1.6441288411353715e-25,-5437981.387538616,-5127262.582581291,0.04501740389983544,48,REF_BROAD_N512,True,fixed_6h_matrix,G_direct_PSD_plus_true_MI,4.676368069532588,B,6,423.15
002,1.4520485378921296e-25,-2019217.836107316,-1998892.2793697123,0.018991119217027674,48,REF_BROAD_N512,False,fixed_6h_matrix,G_direct_PSD_plus_true_MI,1.9208488269406765,B,12,423.15
002,1.058317856274755e-25,-884871.0395277226,-886888.2839506543,0.008842790353671637,48,REF_BROAD_N512,False,fixed_6h_matrix,G_direct_PSD_plus_true_MI,0.8853130571505858,B,24,423.15
002,1.6441288411353715e-25,-5437981.387538616,-5127262.582581291,-0.0013426141857438845,48,REF_BROAD_N512,True,fixed_6h_matrix,E_direct_discrete_PSD,-0.13737330244639173,B,6,473.15
002,1.4520485378921296e-25,-2019217.836107316,-1998892.2793697123,-0.000560766981835159,48,REF_BROAD_N512,False,fixed_6h_matrix,E_direct_discrete_PSD,-0.05742236859433493,B,12,473.15
002,1.058317856274755e-25,-884871.0395277226,-886888.2839506543,-9.125090940498293e-05,48,REF_BROAD_N512,False,fixed_6h_matrix,E_direct_discrete_PSD,-0.009348560032590244,B,24,473.15
002,1.6441288411353715e-25,-5437981.387538616,-5127262.582581291,0.040236694411495466,48,REF_BROAD_N512,True,fixed_6h_matrix,G_direct_PSD_plus_true_MI,4.425597813395324,B,6,473.15
002,1.4520485378921296e-25,-2019217.836107316,-1998892.2793697123,0.016919172480650113,48,REF_BROAD_N512,False,fixed_6h_matrix,G_direct_PSD_plus_true_MI,1.8143913476434466,B,12,473.15
002,1.058317856274755e-25,-884871.0395277226,-886888.2839506543,0.007865660291279997,48,REF_BROAD_N512,False,fixed_6h_matrix,G_direct_PSD_plus_true_MI,0.8353930547230811,B,24,473.15
002,1.6441288411353715e-25,-5437981.387538616,-5127262.582581291,-0.0012264941249517936,48,REF_BROAD_N512,True,fixed_6h_matrix,E_direct_discrete_PSD,-0.13294547411646254,B,6,523.15
002,1.4520485378921296e-25,-2019217.836107316,-1998892.2793697123,-0.0005309036493267305,48,REF_BROAD_N512,False,fixed_6h_matrix,E_direct_discrete_PSD,-0.05759056905402149,B,12,523.15
002,1.058317856274755e-25,-884871.0395277226,-886888.2839506543,-0.00010220151455819781,48,REF_BROAD_N512,False,fixed_6h_matrix,E_direct_discrete_PSD,-0.011091620525532982,B,24,523.15
002,1.6441288411353715e-25,-5437981.387538616,-5127262.582581291,0.036196823461871586,48,REF_BROAD_N512,True,fixed_6h_matrix,G_direct_PSD_plus_true_MI,4.202669913011516,B,6,523.15
002,1.4520485378921296e-25,-2019217.836107316,-1998892.2793697123,0.015175565014995285,48,REF_BROAD_N512,False,fixed_6h_matrix,G_direct_PSD_plus_true_MI,1.7199949592618027,B,12,523.15
002,1.058317856274755e-25,-884871.0395277226,-886888.2839506543,0.007044928455256838,48,REF_BROAD_N512,False,fixed_6h_matrix,G_direct_PSD_plus_true_MI,0.7911796159505715,B,24,523.15
002,1.6441288411353715e-25,-5437981.387538616,-5127262.582581291,-0.0011242375324258536,48,REF_BROAD_N512,True,fixed_6h_matrix,E_direct_discrete_PSD,-0.12869772557144554,B,6,573.15
002,1.4520485378921296e-25,-2019217.836107316,-1998892.2793697123,-0.0005012376935918939,48,REF_BROAD_N512,False,fixed_6h_matrix,E_direct_discrete_PSD,-0.05742041890419601,B,12,573.15
002,1.058317856274755e-25,-884871.0395277226,-886888.2839506543,-0.00010850364770376153,48,REF_BROAD_N512,False,fixed_6h_matrix,E_direct_discrete_PSD,-0.012435475826806318,B,24,573.15
002,1.6441288411353715e-25,-5437981.387538616,-5127262.582581291,0.032750858480674605,48,REF_BROAD_N512,True,fixed_6h_matrix,G_direct_PSD_plus_true_MI,4.00303258057549,B,6,573.15
002,1.4520485378921296e-25,-2019217.836107316,-1998892.2793697123,0.013693886437873393,48,REF_BROAD_N512,False,fixed_6h_matrix,G_direct_PSD_plus_true_MI,1.635660896049199,B,12,573.15
002,1.058317856274755e-25,-884871.0395277226,-886888.2839506543,0.006348694649366826,48,REF_BROAD_N512,False,fixed_6h_matrix,G_direct_PSD_plus_true_MI,0.7517221571187221,B,24,573.15
002,1.6441288411353715e-25,-5437981.387538616,-5127262.582581291,-0.0027840301545842827,48,REF_BROAD_N512,True,pf_time_varying_matrix,E_direct_discrete_PSD,-0.22756528769264625,B,6,303.15
002,1.4520485378921296e-25,-2019217.836107316,-1998892.2793697123,0.006206627835623424,48,REF_BROAD_N512,False,pf_time_varying_matrix,E_direct_discrete_PSD,0.5110826843981365,B,12,303.15
002,1.058317856274755e-25,-884871.0395277226,-886888.2839506543,0.0031492207350807266,48,REF_BROAD_N512,False,pf_time_varying_matrix,E_direct_discrete_PSD,0.25867029231712274,B,24,303.15
002,1.6441288411353715e-25,-5437981.387538616,-5127262.582581291,0.0599496598598388,48,REF_BROAD_N512,True,pf_time_varying_matrix,G_direct_PSD_plus_true_MI,5.352708798177494,B,6,303.15
002,1.4520485378921296e-25,-2019217.836107316,-1998892.2793697123,0.032419572898727544,48,REF_BROAD_N512,False,pf_time_varying_matrix,G_direct_PSD_plus_true_MI,2.8251922523339226,B,12,303.15
002,1.058317856274755e-25,-884871.0395277226,-886888.2839506543,0.015126704404304636,48,REF_BROAD_N512,False,pf_time_varying_matrix,G_direct_PSD_plus_true_MI,1.2986410501727619,B,24,303.15
002,1.6441288411353715e-25,-5437981.387538616,-5127262.582581291,-0.0026560373503985435,48,REF_BROAD_N512,True,pf_time_varying_matrix,E_direct_discrete_PSD,-0.22349820256758005,B,6,323.15
002,1.4520485378921296e-25,-2019217.836107316,-1998892.2793697123,0.005833430675736606,48,REF_BROAD_N512,False,pf_time_varying_matrix,E_direct_discrete_PSD,0.49439888348854916,B,12,323.15
002,1.058317856274755e-25,-884871.0395277226,-886888.2839506543,0.002953303071077329,48,REF_BROAD_N512,False,pf_time_varying_matrix,E_direct_discrete_PSD,0.24969085846635486,B,24,323.15
002,1.6441288411353715e-25,-5437981.387538616,-5127262.582581291,0.05681898540657282,48,REF_BROAD_N512,True,pf_time_varying_matrix,G_direct_PSD_plus_true_MI,5.2106709141198175,B,6,323.15
002,1.4520485378921296e-25,-2019217.836107316,-1998892.2793697123,0.030673285683999074,48,REF_BROAD_N512,False,pf_time_varying_matrix,G_direct_PSD_plus_true_MI,2.7470726043947407,B,12,323.15
002,1.058317856274755e-25,-884871.0395277226,-886888.2839506543,0.014300826984221304,48,REF_BROAD_N512,False,pf_time_varying_matrix,G_direct_PSD_plus_true_MI,1.2622609698006437,B,24,323.15
002,1.6441288411353715e-25,-5437981.387538616,-5127262.582581291,-0.002371912463543291,48,REF_BROAD_N512,True,pf_time_varying_matrix,E_direct_discrete_PSD,-0.2139174882030553,B,6,373.15
002,1.4520485378921296e-25,-2019217.836107316,-1998892.2793697123,0.005032247752801311,48,REF_BROAD_N512,False,pf_time_varying_matrix,E_direct_discrete_PSD,0.4568981916856371,B,12,373.15
002,1.058317856274755e-25,-884871.0395277226,-886888.2839506543,0.0025347678518201633,48,REF_BROAD_N512,False,pf_time_varying_matrix,E_direct_discrete_PSD,0.22962117745525973,B,24,373.15
002,1.6441288411353715e-25,-5437981.387538616,-5127262.582581291,0.0500074615694992,48,REF_BROAD_N512,True,pf_time_varying_matrix,G_direct_PSD_plus_true_MI,4.8898075002354435,B,6,373.15
002,1.4520485378921296e-25,-2019217.836107316,-1998892.2793697123,0.026883793049345073,48,REF_BROAD_N512,False,pf_time_varying_matrix,G_direct_PSD_plus_true_MI,2.5706157878110876,B,12,373.15
002,1.058317856274755e-25,-884871.0395277226,-886888.2839506543,0.01251171641608173,48,REF_BROAD_N512,False,pf_time_varying_matrix,G_direct_PSD_plus_true_MI,1.180146328482348,B,24,373.15
002,1.6441288411353715e-25,-5437981.387538616,-5127262.582581291,-0.002130481687981245,48,REF_BROAD_N512,True,pf_time_varying_matrix,E_direct_discrete_PSD,-0.20505316347501942,B,6,423.15
002,1.4520485378921296e-25,-2019217.836107316,-1998892.2793697123,0.004382944334097472,48,REF_BROAD_N512,False,pf_time_varying_matrix,E_direct_discrete_PSD,0.424507907228543,B,12,423.15
002,1.058317856274755e-25,-884871.0395277226,-886888.2839506543,0.0021977137615096787,48,REF_BROAD_N512,False,pf_time_varying_matrix,E_direct_discrete_PSD,0.2124089179031237,B,24,423.15
002,1.6441288411353715e-25,-5437981.387538616,-5127262.582581291,0.044376977534535955,48,REF_BROAD_N512,True,pf_time_varying_matrix,G_direct_PSD_plus_true_MI,4.609841145584753,B,6,423.15
002,1.4520485378921296e-25,-2019217.836107316,-1998892.2793697123,0.02376347724949146,48,REF_BROAD_N512,False,pf_time_varying_matrix,G_direct_PSD_plus_true_MI,2.416778216302271,B,12,423.15
002,1.058317856274755e-25,-884871.0395277226,-886888.2839506543,0.011041853766053489,48,REF_BROAD_N512,False,pf_time_varying_matrix,G_direct_PSD_plus_true_MI,1.1086281627470815,B,24,423.15
002,1.6441288411353715e-25,-5437981.387538616,-5127262.582581291,-0.0019235556971511913,48,REF_BROAD_N512,True,pf_time_varying_matrix,E_direct_discrete_PSD,-0.1968139480150239,B,6,473.15
002,1.4520485378921296e-25,-2019217.836107316,-1998892.2793697123,0.0038503007312438164,48,REF_BROAD_N512,False,pf_time_varying_matrix,E_direct_discrete_PSD,0.3962954090399937,B,12,473.15
002,1.058317856274755e-25,-884871.0395277226,-886888.2839506543,0.0019227449724280588,48,REF_BROAD_N512,False,pf_time_varying_matrix,E_direct_discrete_PSD,0.197508280313521,B,24,473.15
002,1.6441288411353715e-25,-5437981.387538616,-5127262.582581291,0.039668195406040385,48,REF_BROAD_N512,True,pf_time_varying_matrix,G_direct_PSD_plus_true_MI,4.363069119319982,B,6,473.15
002,1.4520485378921296e-25,-2019217.836107316,-1998892.2793697123,0.02116387702350675,48,REF_BROAD_N512,False,pf_time_varying_matrix,G_direct_PSD_plus_true_MI,2.2813638016012443,B,12,473.15
002,1.058317856274755e-25,-884871.0395277226,-886888.2839506543,0.009819728991816157,48,REF_BROAD_N512,False,pf_time_varying_matrix,G_direct_PSD_plus_true_MI,1.0457317212615167,B,24,473.15
002,1.6441288411353715e-25,-5437981.387538616,-5127262.582581291,-0.0017449095815783577,48,REF_BROAD_N512,True,pf_time_varying_matrix,E_direct_discrete_PSD,-0.18913896682742837,B,6,523.15
002,1.4520485378921296e-25,-2019217.836107316,-1998892.2793697123,0.003408376650360534,48,REF_BROAD_N512,False,pf_time_varying_matrix,E_direct_discrete_PSD,0.3715252954517932,B,12,523.15
002,1.058317856274755e-25,-884871.0395277226,-886888.2839506543,0.001695735963198608,48,REF_BROAD_N512,False,pf_time_varying_matrix,E_direct_discrete_PSD,0.18449688377895065,B,24,523.15
002,1.6441288411353715e-25,-5437981.387538616,-5127262.582581291,0.03568883899504305,48,REF_BROAD_N512,True,pf_time_varying_matrix,G_direct_PSD_plus_true_MI,4.143689847059975,B,6,523.15
002,1.4520485378921296e-25,-2019217.836107316,-1998892.2793697123,0.01897503686297697,48,REF_BROAD_N512,False,pf_time_varying_matrix,G_direct_PSD_plus_true_MI,2.161177200863803,B,12,523.15
002,1.058317856274755e-25,-884871.0395277226,-886888.2839506543,0.008792563104971785,48,REF_BROAD_N512,False,pf_time_varying_matrix,G_direct_PSD_plus_true_MI,0.9899551831906722,B,24,523.15
002,1.6441288411353715e-25,-5437981.387538616,-5127262.582581291,-0.0015896798404789747,48,REF_BROAD_N512,True,pf_time_varying_matrix,E_direct_discrete_PSD,-0.18197949628577761,B,6,573.15
002,1.4520485378921296e-25,-2019217.836107316,-1998892.2793697123,0.0030379008974572574,48,REF_BROAD_N512,False,pf_time_varying_matrix,E_direct_discrete_PSD,0.34961749947529813,B,12,573.15
002,1.058317856274755e-25,-884871.0395277226,-886888.2839506543,0.001506281624355954,48,REF_BROAD_N512,False,pf_time_varying_matrix,E_direct_discrete_PSD,0.17304573319120337,B,24,573.15
002,1.6441288411353715e-25,-5437981.387538616,-5127262.582581291,0.032294247231477446,48,REF_BROAD_N512,True,pf_time_varying_matrix,G_direct_PSD_plus_true_MI,3.947222449422072,B,6,573.15
002,1.4520485378921296e-25,-2019217.836107316,-1998892.2793697123,0.017114404988740062,48,REF_BROAD_N512,False,pf_time_varying_matrix,G_direct_PSD_plus_true_MI,2.053734282780703,B,12,573.15
002,1.058317856274755e-25,-884871.0395277226,-886888.2839506543,0.007920844847646547,48,REF_BROAD_N512,False,pf_time_varying_matrix,G_direct_PSD_plus_true_MI,0.940132189536621,B,24,573.15
003,1.2185029484768146e-25,-5312200.783707589,-4984245.716986656,-0.0019795590828843856,48,REF_BROAD_N512,True,fixed_6h_matrix,E_direct_discrete_PSD,-0.16180820882859873,C,6,303.15
003,1.0614361384270983e-25,-2087798.9259683583,-1959707.6326285624,-0.0009459787554131349,48,REF_BROAD_N512,False,fixed_6h_matrix,E_direct_discrete_PSD,-0.07738923099413911,C,12,303.15
003,7.042156361045258e-26,-786246.2337863604,-734385.4308817587,-6.647998440922898e-05,48,REF_BROAD_N512,False,fixed_6h_matrix,E_direct_discrete_PSD,-0.005442552747693043,C,24,303.15
003,1.2185029484768146e-25,-5312200.783707589,-4984245.716986656,0.058730637840462174,48,REF_BROAD_N512,True,fixed_6h_matrix,G_direct_PSD_plus_true_MI,5.243866388679516,C,6,303.15
003,1.0614361384270983e-25,-2087798.9259683583,-1959707.6326285624,0.02498350632098245,48,REF_BROAD_N512,False,fixed_6h_matrix,G_direct_PSD_plus_true_MI,2.16544687683641,C,12,303.15
003,7.042156361045258e-26,-786246.2337863604,-734385.4308817587,0.009969055689216466,48,REF_BROAD_N512,False,fixed_6h_matrix,G_direct_PSD_plus_true_MI,0.8529681439228141,C,24,303.15
003,1.2185029484768146e-25,-5312200.783707589,-4984245.716986656,-0.0018914858739580431,48,REF_BROAD_N512,True,fixed_6h_matrix,E_direct_discrete_PSD,-0.15916330895567413,C,6,323.15
003,1.0614361384270983e-25,-2087798.9259683583,-1959707.6326285624,-0.0009201223613442,48,REF_BROAD_N512,False,fixed_6h_matrix,E_direct_discrete_PSD,-0.07748909153245982,C,12,323.15
003,7.042156361045258e-26,-786246.2337863604,-734385.4308817587,-8.032418868864077e-05,48,REF_BROAD_N512,False,fixed_6h_matrix,E_direct_discrete_PSD,-0.006769375308752305,C,24,323.15
003,1.2185029484768146e-25,-5312200.783707589,-4984245.716986656,0.05566789766959079,48,REF_BROAD_N512,True,fixed_6h_matrix,G_direct_PSD_plus_true_MI,5.105108744580664,C,6,323.15
003,1.0614361384270983e-25,-2087798.9259683583,-1959707.6326285624,0.023639674696090296,48,REF_BROAD_N512,False,fixed_6h_matrix,G_direct_PSD_plus_true_MI,2.106053195835507,C,12,323.15
003,7.042156361045258e-26,-786246.2337863604,-734385.4308817587,0.009423237005669938,48,REF_BROAD_N512,False,fixed_6h_matrix,G_direct_PSD_plus_true_MI,0.829014233175293,C,24,323.15
003,1.2185029484768146e-25,-5312200.783707589,-4984245.716986656,-0.0016954556768833395,48,REF_BROAD_N512,True,fixed_6h_matrix,E_direct_discrete_PSD,-0.15290936138040032,C,6,373.15
003,1.0614361384270983e-25,-2087798.9259683583,-1959707.6326285624,-0.0008561862033780177,48,REF_BROAD_N512,False,fixed_6h_matrix,E_direct_discrete_PSD,-0.07727601337158163,C,12,373.15
003,7.042156361045258e-26,-786246.2337863604,-734385.4308817587,-0.00010491502981002654,48,REF_BROAD_N512,False,fixed_6h_matrix,E_direct_discrete_PSD,-0.009475644810586516,C,24,373.15
003,1.2185029484768146e-25,-5312200.783707589,-4984245.716986656,0.04900253806034627,48,REF_BROAD_N512,True,fixed_6h_matrix,G_direct_PSD_plus_true_MI,4.791544576729025,C,6,373.15
003,1.0614361384270983e-25,-2087798.9259683583,-1959707.6326285624,0.020726539477321504,48,REF_BROAD_N512,False,fixed_6h_matrix,G_direct_PSD_plus_true_MI,1.972146048396678,C,12,373.15
003,7.042156361045258e-26,-786246.2337863604,-734385.4308817587,0.008242547852515436,48,REF_BROAD_N512,False,fixed_6h_matrix,G_direct_PSD_plus_true_MI,0.7750778680637889,C,24,373.15
003,1.2185029484768146e-25,-5312200.783707589,-4984245.716986656,-0.0015280318748014388,48,REF_BROAD_N512,True,fixed_6h_matrix,E_direct_discrete_PSD,-0.14706898060215595,C,6,423.15
003,1.0614361384270983e-25,-2087798.9259683583,-1959707.6326285624,-0.0007949105545967949,48,REF_BROAD_N512,False,fixed_6h_matrix,E_direct_discrete_PSD,-0.07656203747914736,C,12,423.15
003,7.042156361045258e-26,-786246.2337863604,-734385.4308817587,-0.00011925262341927478,48,REF_BROAD_N512,False,fixed_6h_matrix,E_direct_discrete_PSD,-0.011493329962081422,C,24,423.15
003,1.2185029484768146e-25,-5312200.783707589,-4984245.716986656,0.04349124053908149,48,REF_BROAD_N512,True,fixed_6h_matrix,G_direct_PSD_plus_true_MI,4.517831626755564,C,6,423.15
003,1.0614361384270983e-25,-2087798.9259683583,-1959707.6326285624,0.018330190920121225,48,REF_BROAD_N512,False,fixed_6h_matrix,G_direct_PSD_plus_true_MI,1.8556234600262107,C,12,423.15
003,7.042156361045258e-26,-786246.2337863604,-734385.4308817587,0.0072740698451094765,48,REF_BROAD_N512,False,fixed_6h_matrix,G_direct_PSD_plus_true_MI,0.7282265509718995,C,24,423.15
003,1.2185029484768146e-25,-5312200.783707589,-4984245.716986656,-0.001383758397218382,48,REF_BROAD_N512,True,fixed_6h_matrix,E_direct_discrete_PSD,-0.14158308690188576,C,6,473.15
003,1.0614361384270983e-25,-2087798.9259683583,-1959707.6326285624,-0.0007374672729630882,48,REF_BROAD_N512,False,fixed_6h_matrix,E_direct_discrete_PSD,-0.07550594387206731,C,12,473.15
003,7.042156361045258e-26,-786246.2337863604,-734385.4308817587,-0.00012686533209638196,48,REF_BROAD_N512,False,fixed_6h_matrix,E_direct_discrete_PSD,-0.012997293952223711,C,24,473.15
003,1.2185029484768146e-25,-5312200.783707589,-4984245.716986656,0.03888102365262469,48,REF_BROAD_N512,True,fixed_6h_matrix,G_direct_PSD_plus_true_MI,4.2764888571735655,C,6,473.15
003,1.0614361384270983e-25,-2087798.9259683583,-1959707.6326285624,0.016334828507602928,48,REF_BROAD_N512,False,fixed_6h_matrix,G_direct_PSD_plus_true_MI,1.7531771959971387,C,12,473.15
003,7.042156361045258e-26,-786246.2337863604,-734385.4308817587,0.006469710746236146,48,REF_BROAD_N512,False,fixed_6h_matrix,G_direct_PSD_plus_true_MI,0.6871031908948118,C,24,473.15
003,1.2185029484768146e-25,-5312200.783707589,-4984245.716986656,-0.00125856308282013,48,REF_BROAD_N512,True,fixed_6h_matrix,E_direct_discrete_PSD,-0.13642157956096498,C,6,523.15
003,1.0614361384270983e-25,-2087798.9259683583,-1959707.6326285624,-0.0006843255379888058,48,REF_BROAD_N512,False,fixed_6h_matrix,E_direct_discrete_PSD,-0.07422346767772685,C,12,523.15
003,7.042156361045258e-26,-786246.2337863604,-734385.4308817587,-0.00013005160160506346,48,REF_BROAD_N512,False,fixed_6h_matrix,E_direct_discrete_PSD,-0.014114170669746877,C,24,523.15
003,1.2185029484768146e-25,-5312200.783707589,-4984245.716986656,0.0349841769235818,48,REF_BROAD_N512,True,fixed_6h_matrix,G_direct_PSD_plus_true_MI,4.06187436886164,C,6,523.15
003,1.0614361384270983e-25,-2087798.9259683583,-1959707.6326285624,0.014655179808369057,48,REF_BROAD_N512,False,fixed_6h_matrix,G_direct_PSD_plus_true_MI,1.662318908724788,C,12,523.15
003,7.042156361045258e-26,-786246.2337863604,-734385.4308817587,0.005794194809758513,48,REF_BROAD_N512,False,fixed_6h_matrix,G_direct_PSD_plus_true_MI,0.6506883394098595,C,24,523.15
003,1.2185029484768146e-25,-5312200.783707589,-4984245.716986656,-0.00114927081342453,48,REF_BROAD_N512,True,fixed_6h_matrix,E_direct_discrete_PSD,-0.13156342460159842,C,6,573.15
003,1.0614361384270983e-25,-2087798.9259683583,-1959707.6326285624,-0.0006355466797848264,48,REF_BROAD_N512,False,fixed_6h_matrix,E_direct_discrete_PSD,-0.07279737594905727,C,12,573.15
003,7.042156361045258e-26,-786246.2337863604,-734385.4308817587,-0.00013032603471496707,48,REF_BROAD_N512,False,fixed_6h_matrix,E_direct_discrete_PSD,-0.014936568986197626,C,24,573.15
003,1.2185029484768146e-25,-5312200.783707589,-4984245.716986656,0.031659394801328844,48,REF_BROAD_N512,True,fixed_6h_matrix,G_direct_PSD_plus_true_MI,3.8696265113468336,C,6,573.15
003,1.0614361384270983e-25,-2087798.9259683583,-1959707.6326285624,0.013227467293043027,48,REF_BROAD_N512,False,fixed_6h_matrix,G_direct_PSD_plus_true_MI,1.5811301042140375,C,12,573.15
003,7.042156361045258e-26,-786246.2337863604,-734385.4308817587,0.005221225665182572,48,REF_BROAD_N512,False,fixed_6h_matrix,G_direct_PSD_plus_true_MI,0.6181969612260549,C,24,573.15
003,1.2185029484768146e-25,-5312200.783707589,-4984245.716986656,-0.0031417331912586555,48,REF_BROAD_N512,True,pf_time_varying_matrix,E_direct_discrete_PSD,-0.25680376235813046,C,6,303.15
003,1.0614361384270983e-25,-2087798.9259683583,-1959707.6326285624,0.006721580977836705,48,REF_BROAD_N512,False,pf_time_varying_matrix,E_direct_discrete_PSD,0.5538843418913234,C,12,303.15
003,7.042156361045258e-26,-786246.2337863604,-734385.4308817587,0.002805514060137071,48,REF_BROAD_N512,False,pf_time_varying_matrix,E_direct_discrete_PSD,0.23044160660624796,C,24,303.15
003,1.2185029484768146e-25,-5312200.783707589,-4984245.716986656,0.05760193431821414,48,REF_BROAD_N512,True,pf_time_varying_matrix,G_direct_PSD_plus_true_MI,5.143088146168706,C,6,303.15
003,1.0614361384270983e-25,-2087798.9259683583,-1959707.6326285624,0.03227411661295276,48,REF_BROAD_N512,False,pf_time_varying_matrix,G_direct_PSD_plus_true_MI,2.8179246021672943,C,12,303.15
003,7.042156361045258e-26,-786246.2337863604,-734385.4308817587,0.01273113037883844,48,REF_BROAD_N512,False,pf_time_varying_matrix,G_direct_PSD_plus_true_MI,1.0929340047471847,C,24,303.15
003,1.2185029484768146e-25,-5312200.783707589,-4984245.716986656,-0.002989073627529537,48,REF_BROAD_N512,True,pf_time_varying_matrix,E_direct_discrete_PSD,-0.2515222851092222,C,6,323.15
003,1.0614361384270983e-25,-2087798.9259683583,-1959707.6326285624,0.006325213201553659,48,REF_BROAD_N512,False,pf_time_varying_matrix,E_direct_discrete_PSD,0.5364537822919664,C,12,323.15
003,7.042156361045258e-26,-786246.2337863604,-734385.4308817587,0.002632745130245029,48,REF_BROAD_N512,False,pf_time_varying_matrix,E_direct_discrete_PSD,0.2225912179725977,C,24,323.15
003,1.2185029484768146e-25,-5312200.783707589,-4984245.716986656,0.0546009023608367,48,REF_BROAD_N512,True,pf_time_varying_matrix,G_direct_PSD_plus_true_MI,5.0072583261316375,C,6,323.15
003,1.0614361384270983e-25,-2087798.9259683583,-1959707.6326285624,0.030539890541570358,48,REF_BROAD_N512,False,pf_time_varying_matrix,G_direct_PSD_plus_true_MI,2.740241998513849,C,12,323.15
003,7.042156361045258e-26,-786246.2337863604,-734385.4308817587,0.012035758263020169,48,REF_BROAD_N512,False,pf_time_varying_matrix,G_direct_PSD_plus_true_MI,1.0622908794953485,C,24,323.15
003,1.2185029484768146e-25,-5312200.783707589,-4984245.716986656,-0.002652932223979887,48,REF_BROAD_N512,True,pf_time_varying_matrix,E_direct_discrete_PSD,-0.2392620330246251,C,6,373.15
003,1.0614361384270983e-25,-2087798.9259683583,-1959707.6326285624,0.005471939595050657,48,REF_BROAD_N512,False,pf_time_varying_matrix,E_direct_discrete_PSD,0.4971449118727632,C,12,373.15
003,7.042156361045258e-26,-786246.2337863604,-734385.4308817587,0.0022631673077149195,48,REF_BROAD_N512,False,pf_time_varying_matrix,E_direct_discrete_PSD,0.2050190025408722,C,24,373.15
003,1.2185029484768146e-25,-5312200.783707589,-4984245.716986656,0.0480697648595616,48,REF_BROAD_N512,True,pf_time_varying_matrix,G_direct_PSD_plus_true_MI,4.700336558768121,C,6,373.15
003,1.0614361384270983e-25,-2087798.9259683583,-1959707.6326285624,0.026774923221248415,48,REF_BROAD_N512,False,pf_time_varying_matrix,G_direct_PSD_plus_true_MI,2.564690653323923,C,12,373.15
003,7.042156361045258e-26,-786246.2337863604,-734385.4308817587,0.010529292042337213,48,REF_BROAD_N512,False,pf_time_varying_matrix,G_direct_PSD_plus_true_MI,0.9931156422699615,C,24,373.15
003,1.2185029484768146e-25,-5312200.783707589,-4984245.716986656,-0.0023703363203471106,48,REF_BROAD_N512,True,pf_time_varying_matrix,E_direct_discrete_PSD,-0.2281385303974856,C,6,423.15
003,1.0614361384270983e-25,-2087798.9259683583,-1959707.6326285624,0.004777931872111951,48,REF_BROAD_N512,False,pf_time_varying_matrix,E_direct_discrete_PSD,0.4630489467447886,C,12,423.15
003,7.042156361045258e-26,-786246.2337863604,-734385.4308817587,0.0019650134330067015,48,REF_BROAD_N512,False,pf_time_varying_matrix,E_direct_discrete_PSD,0.18991975691867014,C,24,423.15
003,1.2185029484768146e-25,-5312200.783707589,-4984245.716986656,0.04266916817020272,48,REF_BROAD_N512,True,pf_time_varying_matrix,G_direct_PSD_plus_true_MI,4.432435475678545,C,6,423.15
003,1.0614361384270983e-25,-2087798.9259683583,-1959707.6326285624,0.023673175101750377,48,REF_BROAD_N512,False,pf_time_varying_matrix,G_direct_PSD_plus_true_MI,2.4115614772421337,C,12,423.15
003,7.042156361045258e-26,-786246.2337863604,-734385.4308817587,0.00929161706974857,48,REF_BROAD_N512,False,pf_time_varying_matrix,G_direct_PSD_plus_true_MI,0.9328605433120993,C,24,423.15
003,1.2185029484768146e-25,-5312200.783707589,-4984245.716986656,-0.0021303604299711676,48,REF_BROAD_N512,True,pf_time_varying_matrix,E_direct_discrete_PSD,-0.2179737492435574,C,6,473.15
003,1.0614361384270983e-25,-2087798.9259683583,-1959707.6326285624,0.004206808633560044,48,REF_BROAD_N512,False,pf_time_varying_matrix,E_direct_discrete_PSD,0.43324047236404634,C,12,473.15
003,7.042156361045258e-26,-786246.2337863604,-734385.4308817587,0.0017213935952058446,48,REF_BROAD_N512,False,pf_time_varying_matrix,E_direct_discrete_PSD,0.1768260473383276,C,24,473.15
003,1.2185029484768146e-25,-5312200.783707589,-4984245.716986656,0.03815119945493395,48,REF_BROAD_N512,True,pf_time_varying_matrix,G_direct_PSD_plus_true_MI,4.196216149412451,C,6,473.15
003,1.0614361384270983e-25,-2087798.9259683583,-1959707.6326285624,0.02108794761084276,48,REF_BROAD_N512,False,pf_time_varying_matrix,G_direct_PSD_plus_true_MI,2.2767156543354385,C,12,473.15
003,7.042156361045258e-26,-786246.2337863604,-734385.4308817587,0.008262567627087325,48,REF_BROAD_N512,False,pf_time_varying_matrix,G_direct_PSD_plus_true_MI,0.8798674188497323,C,24,473.15
003,1.2185029484768146e-25,-5312200.783707589,-4984245.716986656,-0.0019248310323026763,48,REF_BROAD_N512,True,pf_time_varying_matrix,E_direct_discrete_PSD,-0.20864150029436568,C,6,523.15
003,1.0614361384270983e-25,-2087798.9259683583,-1959707.6326285624,0.0037316108007023896,48,REF_BROAD_N512,False,pf_time_varying_matrix,E_direct_discrete_PSD,0.4069821914196749,C,12,523.15
003,7.042156361045258e-26,-786246.2337863604,-734385.4308817587,0.0015199742702802777,48,REF_BROAD_N512,False,pf_time_varying_matrix,E_direct_discrete_PSD,0.16537467608681955,C,24,523.15
003,1.2185029484768146e-25,-5312200.783707589,-4984245.716986656,0.034331976571870926,48,REF_BROAD_N512,True,pf_time_varying_matrix,G_direct_PSD_plus_true_MI,3.9861499664335467,C,6,523.15
003,1.0614361384270983e-25,-2087798.9259683583,-1959707.6326285624,0.018910437399208946,48,REF_BROAD_N512,False,pf_time_varying_matrix,G_direct_PSD_plus_true_MI,2.1569943528271702,C,12,523.15
003,7.042156361045258e-26,-786246.2337863604,-734385.4308817587,0.007397713446930521,48,REF_BROAD_N512,False,pf_time_varying_matrix,G_direct_PSD_plus_true_MI,0.8328733676459176,C,24,523.15
003,1.2185029484768146e-25,-5312200.783707589,-4984245.716986656,-0.0017474750879248324,48,REF_BROAD_N512,True,pf_time_varying_matrix,E_direct_discrete_PSD,-0.20004319633621975,C,6,573.15
003,1.0614361384270983e-25,-2087798.9259683583,-1959707.6326285624,0.003332214781542664,48,REF_BROAD_N512,False,pf_time_varying_matrix,E_direct_discrete_PSD,0.3836883155675025,C,12,573.15
003,7.042156361045258e-26,-786246.2337863604,-734385.4308817587,0.0013516514278119063,48,REF_BROAD_N512,False,pf_time_varying_matrix,E_direct_discrete_PSD,0.1552819600025534,C,24,573.15
003,1.2185029484768146e-25,-5312200.783707589,-4984245.716986656,0.03107310200900293,48,REF_BROAD_N512,True,pf_time_varying_matrix,G_direct_PSD_plus_true_MI,3.797965819573259,C,6,573.15
003,1.0614361384270983e-25,-2087798.9259683583,-1959707.6326285624,0.017058875559299524,48,REF_BROAD_N512,False,pf_time_varying_matrix,G_direct_PSD_plus_true_MI,2.049938090835491,C,12,573.15
003,7.042156361045258e-26,-786246.2337863604,-734385.4308817587,0.006663782975085519,48,REF_BROAD_N512,False,pf_time_varying_matrix,G_direct_PSD_plus_true_MI,0.7908966793494442,C,24,573.15
004,1.4322704754963529e-25,-5458009.187276157,-5119350.7978457175,-0.0019211165946542152,48,NARROW_N512,True,fixed_6h_matrix,E_direct_discrete_PSD,-0.1570290397544756,A,6,303.15
004,1.3162733002433896e-25,-2566969.9863815596,-2389436.2567499625,-0.001163225730879791,48,NARROW_N512,False,fixed_6h_matrix,E_direct_discrete_PSD,-0.09513917375400086,A,12,303.15
004,9.288906361149514e-26,-919824.1191337132,-826879.6575578316,9.345433761964728e-06,48,NARROW_N512,False,fixed_6h_matrix,E_direct_discrete_PSD,0.0007650882677674921,A,24,303.15
004,1.4322704754963529e-25,-5458009.187276157,-5119350.7978457175,0.06053755982546272,48,NARROW_N512,True,fixed_6h_matrix,G_direct_PSD_plus_true_MI,5.407910071908792,A,6,303.15
004,1.3162733002433896e-25,-2566969.9863815596,-2389436.2567499625,0.030255439682326912,48,NARROW_N512,False,fixed_6h_matrix,G_direct_PSD_plus_true_MI,2.6315753583924804,A,12,303.15
004,9.288906361149514e-26,-919824.1191337132,-826879.6575578316,0.011364796498136931,48,NARROW_N512,False,fixed_6h_matrix,G_direct_PSD_plus_true_MI,0.9725147193287139,A,24,303.15
004,1.4322704754963529e-25,-5458009.187276157,-5119350.7978457175,-0.0018393881377600785,48,NARROW_N512,True,fixed_6h_matrix,E_direct_discrete_PSD,-0.15477745886643235,A,6,323.15
004,1.3162733002433896e-25,-2566969.9863815596,-2389436.2567499625,-0.0011289945852532846,48,NARROW_N512,False,fixed_6h_matrix,E_direct_discrete_PSD,-0.09505738770026072,A,12,323.15
004,9.288906361149514e-26,-919824.1191337132,-826879.6575578316,-1.2722512987117796e-05,48,NARROW_N512,False,fixed_6h_matrix,E_direct_discrete_PSD,-0.0010721987283416592,A,24,323.15
004,1.4322704754963529e-25,-5458009.187276157,-5119350.7978457175,0.057376855486334755,48,NARROW_N512,True,fixed_6h_matrix,G_direct_PSD_plus_true_MI,5.264403697427227,A,6,323.15
004,1.3162733002433896e-25,-2566969.9863815596,-2389436.2567499625,0.028631851327182822,48,NARROW_N512,False,fixed_6h_matrix,G_direct_PSD_plus_true_MI,2.559506642237853,A,12,323.15
004,9.288906361149514e-26,-919824.1191337132,-826879.6575578316,0.010740446590050245,48,NARROW_N512,False,fixed_6h_matrix,G_direct_PSD_plus_true_MI,0.9450137310788777,A,24,323.15
004,1.4322704754963529e-25,-5458009.187276157,-5119350.7978457175,-0.0016561795740284158,48,NARROW_N512,True,fixed_6h_matrix,E_direct_discrete_PSD,-0.14936545805991097,A,6,373.15
004,1.3162733002433896e-25,-2566969.9863815596,-2389436.2567499625,-0.001045922136762023,48,NARROW_N512,False,fixed_6h_matrix,E_direct_discrete_PSD,-0.09438026553382624,A,12,373.15
004,9.288906361149514e-26,-919824.1191337132,-826879.6575578316,-5.388890868052165e-05,48,NARROW_N512,False,fixed_6h_matrix,E_direct_discrete_PSD,-0.004867098913521928,A,24,373.15
004,1.4322704754963529e-25,-5458009.187276157,-5119350.7978457175,0.05049926329192722,48,NARROW_N512,True,fixed_6h_matrix,G_direct_PSD_plus_true_MI,4.940171489875471,A,6,373.15
004,1.3162733002433896e-25,-2566969.9863815596,-2389436.2567499625,0.025111185078538156,48,NARROW_N512,False,fixed_6h_matrix,G_direct_PSD_plus_true_MI,2.3970091605610895,A,12,373.15
004,9.288906361149514e-26,-919824.1191337132,-826879.6575578316,0.00939037228265338,48,NARROW_N512,False,fixed_6h_matrix,G_direct_PSD_plus_true_MI,0.8831134519991908,A,24,373.15
004,1.4322704754963529e-25,-5458009.187276157,-5119350.7978457175,-0.0014982788715645068,48,NARROW_N512,True,fixed_6h_matrix,E_direct_discrete_PSD,-0.14420388421829813,A,6,423.15
004,1.3162733002433896e-25,-2566969.9863815596,-2389436.2567499625,-0.0009677869613013979,48,NARROW_N512,False,fixed_6h_matrix,E_direct_discrete_PSD,-0.09319355274630088,A,12,423.15
004,9.288906361149514e-26,-919824.1191337132,-826879.6575578316,-8.050327943642799e-05,48,NARROW_N512,False,fixed_6h_matrix,E_direct_discrete_PSD,-0.00775873466782774,A,24,423.15
004,1.4322704754963529e-25,-5458009.187276157,-5119350.7978457175,0.044813539403620206,48,NARROW_N512,True,fixed_6h_matrix,G_direct_PSD_plus_true_MI,4.657219969339431,A,6,423.15
004,1.3162733002433896e-25,-2566969.9863815596,-2389436.2567499625,0.02221391626005975,48,NARROW_N512,False,fixed_6h_matrix,G_direct_PSD_plus_true_MI,2.2555918017992873,A,12,423.15
004,9.288906361149514e-26,-919824.1191337132,-826879.6575578316,0.008283504563355915,48,NARROW_N512,False,fixed_6h_matrix,G_direct_PSD_plus_true_MI,0.8293722297866443,A,24,423.15
004,1.4322704754963529e-25,-5458009.187276157,-5119350.7978457175,-0.0013611733121051683,48,NARROW_N512,True,fixed_6h_matrix,E_direct_discrete_PSD,-0.13927096774658246,A,6,473.15
004,1.3162733002433896e-25,-2566969.9863815596,-2389436.2567499625,-0.0008954563687275652,48,NARROW_N512,False,fixed_6h_matrix,E_direct_discrete_PSD,-0.09166395488190311,A,12,473.15
004,9.288906361149514e-26,-919824.1191337132,-826879.6575578316,-9.733932811906154e-05,48,NARROW_N512,False,fixed_6h_matrix,E_direct_discrete_PSD,-0.009972348983326596,A,24,473.15
004,1.4322704754963529e-25,-5458009.187276157,-5119350.7978457175,0.040058212102934476,48,NARROW_N512,True,fixed_6h_matrix,G_direct_PSD_plus_true_MI,4.407790267813514,A,6,473.15
004,1.3162733002433896e-25,-2566969.9863815596,-2389436.2567499625,0.019800596241118074,48,NARROW_N512,False,fixed_6h_matrix,G_direct_PSD_plus_true_MI,2.131244861265654,A,12,473.15
004,9.288906361149514e-26,-919824.1191337132,-826879.6575578316,0.007364632743374955,48,NARROW_N512,False,fixed_6h_matrix,G_direct_PSD_plus_true_MI,0.7822246376456401,A,24,473.15
004,1.4322704754963529e-25,-5458009.187276157,-5119350.7978457175,-0.0012414375058514837,48,NARROW_N512,True,fixed_6h_matrix,E_direct_discrete_PSD,-0.1345641471411479,A,6,523.15
004,1.3162733002433896e-25,-2566969.9863815596,-2389436.2567499625,-0.0008291398562918495,48,NARROW_N512,False,fixed_6h_matrix,E_direct_discrete_PSD,-0.08991381500404957,A,12,523.15
004,9.288906361149514e-26,-919824.1191337132,-826879.6575578316,-0.00010754234122423156,48,NARROW_N512,False,fixed_6h_matrix,E_direct_discrete_PSD,-0.011671269454931799,A,24,523.15
004,1.4322704754963529e-25,-5458009.187276157,-5119350.7978457175,0.03603932222978312,48,NARROW_N512,True,fixed_6h_matrix,G_direct_PSD_plus_true_MI,4.186032569628911,A,6,523.15
004,1.3162733002433896e-25,-2566969.9863815596,-2389436.2567499625,0.017768475330843914,48,NARROW_N512,False,fixed_6h_matrix,G_direct_PSD_plus_true_MI,2.0209521173958716,A,12,523.15
004,9.288906361149514e-26,-919824.1191337132,-826879.6575578316,0.006593280546577374,48,NARROW_N512,False,fixed_6h_matrix,G_direct_PSD_plus_true_MI,0.7404949888453974,A,24,523.15
004,1.4322704754963529e-25,-5458009.187276157,-5119350.7978457175,-0.001136346974088931,48,NARROW_N512,True,fixed_6h_matrix,E_direct_discrete_PSD,-0.13008297761234477,A,6,573.15
004,1.3162733002433896e-25,-2566969.9863815596,-2389436.2567499625,-0.0007686728410438715,48,NARROW_N512,False,fixed_6h_matrix,E_direct_discrete_PSD,-0.08803064352563178,A,12,573.15
004,9.288906361149514e-26,-919824.1191337132,-826879.6575578316,-0.0001132135559522851,48,NARROW_N512,False,fixed_6h_matrix,E_direct_discrete_PSD,-0.01297528474829821,A,24,573.15
004,1.4322704754963529e-25,-5458009.187276157,-5119350.7978457175,0.0326108926753379,48,NARROW_N512,True,fixed_6h_matrix,G_direct_PSD_plus_true_MI,3.9874256559024412,A,6,573.15
004,1.3162733002433896e-25,-2566969.9863815596,-2389436.2567499625,0.016040664249596825,48,NARROW_N512,False,fixed_6h_matrix,G_direct_PSD_plus_true_MI,1.922387896902928,A,12,573.15
004,9.288906361149514e-26,-919824.1191337132,-826879.6575578316,0.005939288808521348,48,NARROW_N512,False,fixed_6h_matrix,G_direct_PSD_plus_true_MI,0.7032781705799221,A,24,573.15
004,1.4322704754963529e-25,-5458009.187276157,-5119350.7978457175,-0.003211122459968685,48,NARROW_N512,True,pf_time_varying_matrix,E_direct_discrete_PSD,-0.2624720841129744,A,6,303.15
004,1.3162733002433896e-25,-2566969.9863815596,-2389436.2567499625,0.007466628281358689,48,NARROW_N512,False,pf_time_varying_matrix,E_direct_discrete_PSD,0.6156839988037515,A,12,303.15
004,9.288906361149514e-26,-919824.1191337132,-826879.6575578316,0.0029388347900223266,48,NARROW_N512,False,pf_time_varying_matrix,E_direct_discrete_PSD,0.2414293554481815,A,24,303.15
004,1.4322704754963529e-25,-5458009.187276157,-5119350.7978457175,0.05928370455698362,48,NARROW_N512,True,pf_time_varying_matrix,G_direct_PSD_plus_true_MI,5.295901319744454,A,6,303.15
004,1.3162733002433896e-25,-2566969.9863815596,-2389436.2567499625,0.03843029490322647,48,NARROW_N512,False,pf_time_varying_matrix,G_direct_PSD_plus_true_MI,3.370252003853774,A,12,303.15
004,9.288906361149514e-26,-919824.1191337132,-826879.6575578316,0.014180122334592538,48,NARROW_N512,False,pf_time_varying_matrix,G_direct_PSD_plus_true_MI,1.2176694052519081,A,24,303.15
004,1.4322704754963529e-25,-5458009.187276157,-5119350.7978457175,-0.0030577012209582755,48,NARROW_N512,True,pf_time_varying_matrix,E_direct_discrete_PSD,-0.25729383333363637,A,6,323.15
004,1.3162733002433896e-25,-2566969.9863815596,-2389436.2567499625,0.007026313405614104,48,NARROW_N512,False,pf_time_varying_matrix,E_direct_discrete_PSD,0.5962970981902143,A,12,323.15
004,9.288906361149514e-26,-919824.1191337132,-826879.6575578316,0.0027547296738450466,48,NARROW_N512,False,pf_time_varying_matrix,E_direct_discrete_PSD,0.23293923062537447,A,24,323.15
004,1.4322704754963529e-25,-5458009.187276157,-5119350.7978457175,0.05619158273228697,48,NARROW_N512,True,pf_time_varying_matrix,G_direct_PSD_plus_true_MI,5.155653327334969,A,6,323.15
004,1.3162733002433896e-25,-2566969.9863815596,-2389436.2567499625,0.03637047621702161,48,NARROW_N512,False,pf_time_varying_matrix,G_direct_PSD_plus_true_MI,3.2774362452038748,A,12,323.15
004,9.288906361149514e-26,-919824.1191337132,-826879.6575578316,0.01340346283924121,48,NARROW_N512,False,pf_time_varying_matrix,G_direct_PSD_plus_true_MI,1.183329790689823,A,24,323.15
004,1.4322704754963529e-25,-5458009.187276157,-5119350.7978457175,-0.002718966216078922,48,NARROW_N512,True,pf_time_varying_matrix,E_direct_discrete_PSD,-0.24521473436979066,A,6,373.15
004,1.3162733002433896e-25,-2566969.9863815596,-2389436.2567499625,0.006078300503006062,48,NARROW_N512,False,pf_time_varying_matrix,E_direct_discrete_PSD,0.5525662291768426,A,12,373.15
004,9.288906361149514e-26,-919824.1191337132,-826879.6575578316,0.002361797279250011,48,NARROW_N512,False,pf_time_varying_matrix,E_direct_discrete_PSD,0.21398333693749289,A,24,373.15
004,1.4322704754963529e-25,-5458009.187276157,-5119350.7978457175,0.0494631536726482,48,NARROW_N512,True,pf_time_varying_matrix,G_direct_PSD_plus_true_MI,4.838812403269425,A,6,373.15
004,1.3162733002433896e-25,-2566969.9863815596,-2389436.2567499625,0.031897468846976196,48,NARROW_N512,False,pf_time_varying_matrix,G_direct_PSD_plus_true_MI,3.0677058981545526,A,12,373.15
004,9.288906361149514e-26,-919824.1191337132,-826879.6575578316,0.011721565204711348,48,NARROW_N512,False,pf_time_varying_matrix,G_direct_PSD_plus_true_MI,1.1058514417741978,A,24,373.15
004,1.4322704754963529e-25,-5458009.187276157,-5119350.7978457175,-0.00243322313369454,48,NARROW_N512,True,pf_time_varying_matrix,E_direct_discrete_PSD,-0.23418886410790932,A,6,423.15
004,1.3162733002433896e-25,-2566969.9863815596,-2389436.2567499625,0.005307151431573676,48,NARROW_N512,False,pf_time_varying_matrix,E_direct_discrete_PSD,0.5146278846205884,A,12,423.15
004,9.288906361149514e-26,-919824.1191337132,-826879.6575578316,0.0020457656256043233,48,NARROW_N512,False,pf_time_varying_matrix,E_direct_discrete_PSD,0.19774996329516317,A,24,423.15
004,1.4322704754963529e-25,-5458009.187276157,-5119350.7978457175,0.043900441586618655,48,NARROW_N512,True,pf_time_varying_matrix,G_direct_PSD_plus_true_MI,4.562326831151905,A,6,423.15
004,1.3162733002433896e-25,-2566969.9863815596,-2389436.2567499625,0.028211042471536496,48,NARROW_N512,False,pf_time_varying_matrix,G_direct_PSD_plus_true_MI,2.88477887471219,A,12,423.15
004,9.288906361149514e-26,-919824.1191337132,-826879.6575578316,0.010340459538854763,48,NARROW_N512,False,pf_time_varying_matrix,G_direct_PSD_plus_true_MI,1.038409388509333,A,24,423.15
004,1.4322704754963529e-25,-5458009.187276157,-5119350.7978457175,-0.0021898874870763807,48,NARROW_N512,True,pf_time_varying_matrix,E_direct_discrete_PSD,-0.22406239298768652,A,6,473.15
004,1.3162733002433896e-25,-2566969.9863815596,-2389436.2567499625,0.00467251988428774,48,NARROW_N512,False,pf_time_varying_matrix,E_direct_discrete_PSD,0.48145803252332764,A,12,473.15
004,9.288906361149514e-26,-919824.1191337132,-826879.6575578316,0.001788247688717659,48,NARROW_N512,False,pf_time_varying_matrix,E_direct_discrete_PSD,0.18371565165745182,A,24,473.15
004,1.4322704754963529e-25,-5458009.187276157,-5119350.7978457175,0.03924761302876678,48,NARROW_N512,True,pf_time_varying_matrix,G_direct_PSD_plus_true_MI,4.318596304262822,A,6,473.15
004,1.3162733002433896e-25,-2566969.9863815596,-2389436.2567499625,0.02513743795957979,48,NARROW_N512,False,pf_time_varying_matrix,G_direct_PSD_plus_true_MI,2.7237001291976513,A,12,473.15
004,9.288906361149514e-26,-919824.1191337132,-826879.6575578316,0.009192657698036233,48,NARROW_N512,False,pf_time_varying_matrix,G_direct_PSD_plus_true_MI,0.9791299577829027,A,24,473.15
004,1.4322704754963529e-25,-5458009.187276157,-5119350.7978457175,-0.0019809809726185623,48,NARROW_N512,True,pf_time_varying_matrix,E_direct_discrete_PSD,-0.21472608474191598,A,6,523.15
004,1.3162733002433896e-25,-2566969.9863815596,-2389436.2567499625,0.004144479258620493,48,NARROW_N512,False,pf_time_varying_matrix,E_direct_discrete_PSD,0.45223860988372167,A,12,523.15
004,9.288906361149514e-26,-919824.1191337132,-826879.6575578316,0.0015758723868278812,48,NARROW_N512,False,pf_time_varying_matrix,E_direct_discrete_PSD,0.17147592955449764,A,24,523.15
004,1.4322704754963529e-25,-5458009.187276157,-5119350.7978457175,0.03531496652994992,48,NARROW_N512,True,pf_time_varying_matrix,G_direct_PSD_plus_true_MI,4.101897342774053,A,6,523.15
004,1.3162733002433896e-25,-2566969.9863815596,-2389436.2567499625,0.022547739593392624,48,NARROW_N512,False,pf_time_varying_matrix,G_direct_PSD_plus_true_MI,2.5806907968485917,A,12,523.15
004,9.288906361149514e-26,-919824.1191337132,-826879.6575578316,0.008228371063121798,48,NARROW_N512,False,pf_time_varying_matrix,G_direct_PSD_plus_true_MI,0.9265882829770122,A,24,523.15
004,1.4322704754963529e-25,-5458009.187276157,-5119350.7978457175,-0.0018003401835383626,48,NARROW_N512,True,pf_time_varying_matrix,E_direct_discrete_PSD,-0.20609340028171486,A,6,573.15
004,1.3162733002433896e-25,-2566969.9863815596,-2389436.2567499625,0.0037006785214447335,48,NARROW_N512,False,pf_time_varying_matrix,E_direct_discrete_PSD,0.42631870511802594,A,12,573.15
004,9.288906361149514e-26,-919824.1191337132,-826879.6575578316,0.0013988038322635399,48,NARROW_N512,False,pf_time_varying_matrix,E_direct_discrete_PSD,0.16071622404427635,A,24,573.15
004,1.4322704754963529e-25,-5458009.187276157,-5119350.7978457175,0.031959758629047985,48,NARROW_N512,True,pf_time_varying_matrix,G_direct_PSD_plus_true_MI,3.9078096629440062,A,6,573.15
004,1.3162733002433896e-25,-2566969.9863815596,-2389436.2567499625,0.02034503006744426,48,NARROW_N512,False,pf_time_varying_matrix,G_direct_PSD_plus_true_MI,2.4528101382804244,A,12,573.15
004,9.288906361149514e-26,-919824.1191337132,-826879.6575578316,0.007410343137417841,48,NARROW_N512,False,pf_time_varying_matrix,G_direct_PSD_plus_true_MI,0.8796779932158075,A,24,573.15
019,1.6504586890035855e-25,-6473620.797970995,-6054000.939491142,-0.00255686702261837,48,NARROW_N704,True,fixed_6h_matrix,E_direct_discrete_PSD,-0.20888007872102296,A,6,303.15
019,1.4673118152853504e-25,-2249117.6814075448,-2126495.9180588895,-0.0007701686191434742,48,NARROW_N704,False,fixed_6h_matrix,E_direct_discrete_PSD,-0.06300994031397926,A,12,303.15
019,1.0432453895533712e-25,-872808.4819875206,-827576.8994069928,8.723256507958688e-05,48,NARROW_N704,False,fixed_6h_matrix,E_direct_discrete_PSD,0.007141782872103613,A,24,303.15
019,1.6504586890035855e-25,-6473620.797970995,-6054000.939491142,0.07020427907281968,48,NARROW_N704,True,fixed_6h_matrix,G_direct_PSD_plus_true_MI,6.316494331007277,A,6,303.15
019,1.4673118152853504e-25,-2249117.6814075448,-2126495.9180588895,0.027520185589485546,48,NARROW_N704,False,fixed_6h_matrix,G_direct_PSD_plus_true_MI,2.384500698640505,A,12,303.15
019,1.0432453895533712e-25,-872808.4819875206,-827576.8994069928,0.011475180918083083,48,NARROW_N704,False,fixed_6h_matrix,G_direct_PSD_plus_true_MI,0.9806398522199663,A,24,303.15
019,1.6504586890035855e-25,-6473620.797970995,-6054000.939491142,-0.002438973483094964,48,NARROW_N704,True,fixed_6h_matrix,E_direct_discrete_PSD,-0.20512208797042772,A,6,323.15
019,1.4673118152853504e-25,-2249117.6814075448,-2126495.9180588895,-0.0007616458845158824,48,NARROW_N704,False,fixed_6h_matrix,E_direct_discrete_PSD,-0.06414628734721944,A,12,323.15
019,1.0432453895533712e-25,-872808.4819875206,-827576.8994069928,5.92462506836533e-05,48,NARROW_N704,False,fixed_6h_matrix,E_direct_discrete_PSD,0.004993207973106273,A,24,323.15
019,1.6504586890035855e-25,-6473620.797970995,-6054000.939491142,0.06655606152753601,48,NARROW_N704,True,fixed_6h_matrix,G_direct_PSD_plus_true_MI,6.149423534521488,A,6,323.15
019,1.4673118152853504e-25,-2249117.6814075448,-2126495.9180588895,0.026034131783196246,48,NARROW_N704,False,fixed_6h_matrix,G_direct_PSD_plus_true_MI,2.318605504091755,A,12,323.15
019,1.0432453895533712e-25,-872808.4819875206,-827576.8994069928,0.010843635408752661,48,NARROW_N704,False,fixed_6h_matrix,G_direct_PSD_plus_true_MI,0.9528458001295428,A,24,323.15
019,1.6504586890035855e-25,-6473620.797970995,-6054000.939491142,-0.002178188934738312,48,NARROW_N704,True,fixed_6h_matrix,E_direct_discrete_PSD,-0.196348598385204,A,6,373.15
019,1.4673118152853504e-25,-2249117.6814075448,-2126495.9180588895,-0.0007329099816428819,48,NARROW_N704,False,fixed_6h_matrix,E_direct_discrete_PSD,-0.06615292784029114,A,12,373.15
019,1.0432453895533712e-25,-872808.4819875206,-827576.8994069928,5.746112063942377e-06,48,NARROW_N704,False,fixed_6h_matrix,E_direct_discrete_PSD,0.0005189938038150199,A,24,373.15
019,1.6504586890035855e-25,-6473620.797970995,-6054000.939491142,0.0586131065650064,48,NARROW_N704,True,fixed_6h_matrix,G_direct_PSD_plus_true_MI,5.77189363964297,A,6,373.15
019,1.4673118152853504e-25,-2249117.6814075448,-2126495.9180588895,0.022814182150896478,48,NARROW_N704,False,fixed_6h_matrix,G_direct_PSD_plus_true_MI,2.17011161993451,A,12,373.15
019,1.0432453895533712e-25,-872808.4819875206,-827576.8994069928,0.009478322314156795,48,NARROW_N704,False,fixed_6h_matrix,G_direct_PSD_plus_true_MI,0.8902954765668788,A,24,373.15
019,1.6504586890035855e-25,-6473620.797970995,-6054000.939491142,-0.0019571973944962906,48,NARROW_N704,True,fixed_6h_matrix,E_direct_discrete_PSD,-0.1882886248164261,A,6,423.15
019,1.4673118152853504e-25,-2249117.6814075448,-2126495.9180588895,-0.000698021088207712,48,NARROW_N704,False,fixed_6h_matrix,E_direct_discrete_PSD,-0.0672332967675285,A,12,423.15
019,1.0432453895533712e-25,-872808.4819875206,-827576.8994069928,-3.048113140269315e-05,48,NARROW_N704,False,fixed_6h_matrix,E_direct_discrete_PSD,-0.002937827397740109,A,24,423.15
019,1.6504586890035855e-25,-6473620.797970995,-6054000.939491142,0.052041681022216735,48,NARROW_N704,True,fixed_6h_matrix,G_direct_PSD_plus_true_MI,5.44236172247348,A,6,423.15
019,1.4673118152853504e-25,-2249117.6814075448,-2126495.9180588895,0.020167075918234745,48,NARROW_N704,False,fixed_6h_matrix,G_direct_PSD_plus_true_MI,2.040978884179565,A,12,423.15
019,1.0432453895533712e-25,-872808.4819875206,-827576.8994069928,0.008359297313145997,48,NARROW_N704,False,fixed_6h_matrix,G_direct_PSD_plus_true_MI,0.8360001287236136,A,24,423.15
019,1.6504586890035855e-25,-6473620.797970995,-6054000.939491142,-0.0017679906911679533,48,NARROW_N704,True,fixed_6h_matrix,E_direct_discrete_PSD,-0.18081969466585052,A,6,473.15
019,1.4673118152853504e-25,-2249117.6814075448,-2126495.9180588895,-0.0006606628476274468,48,NARROW_N704,False,fixed_6h_matrix,E_direct_discrete_PSD,-0.06764532130472807,A,12,473.15
019,1.0432453895533712e-25,-872808.4819875206,-827576.8994069928,-5.4929438533024566e-05,48,NARROW_N704,False,fixed_6h_matrix,E_direct_discrete_PSD,-0.005627719936121615,A,24,473.15
019,1.6504586890035855e-25,-6473620.797970995,-6054000.939491142,0.046541883186936195,48,NARROW_N704,True,fixed_6h_matrix,G_direct_PSD_plus_true_MI,5.151813441680845,A,6,473.15
019,1.4673118152853504e-25,-2249117.6814075448,-2126495.9180588895,0.01796413421469223,48,NARROW_N704,False,fixed_6h_matrix,G_direct_PSD_plus_true_MI,1.9275121503649248,A,12,473.15
019,1.0432453895533712e-25,-872808.4819875206,-827576.8994069928,0.007430575263315475,48,NARROW_N704,False,fixed_6h_matrix,G_direct_PSD_plus_true_MI,0.7883739860277452,A,24,473.15
019,1.6504586890035855e-25,-6473620.797970995,-6054000.939491142,-0.0016046777725193806,48,NARROW_N704,True,fixed_6h_matrix,E_direct_discrete_PSD,-0.17386918164447418,A,6,523.15
019,1.4673118152853504e-25,-2249117.6814075448,-2126495.9180588895,-0.0006230176786886643,48,NARROW_N704,False,fixed_6h_matrix,E_direct_discrete_PSD,-0.0675767534759597,A,12,523.15
019,1.0432453895533712e-25,-872808.4819875206,-827576.8994069928,-7.124459734952904e-05,48,NARROW_N704,False,fixed_6h_matrix,E_direct_discrete_PSD,-0.007732303436870387,A,24,523.15
019,1.6504586890035855e-25,-6473620.797970995,-6054000.939491142,0.04189099325567658,48,NARROW_N704,True,fixed_6h_matrix,G_direct_PSD_plus_true_MI,4.893451361499859,A,6,523.15
019,1.4673118152853504e-25,-2249117.6814075448,-2126495.9180588895,0.016110683401555193,48,NARROW_N704,False,fixed_6h_matrix,G_direct_PSD_plus_true_MI,1.8269340645669632,A,12,523.15
019,1.0432453895533712e-25,-872808.4819875206,-827576.8994069928,0.006651134578030682,48,NARROW_N704,False,fixed_6h_matrix,G_direct_PSD_plus_true_MI,0.7462266711319145,A,24,523.15
019,1.6504586890035855e-25,-6473620.797970995,-6054000.939491142,-0.0014627404163051194,48,NARROW_N704,True,fixed_6h_matrix,E_direct_discrete_PSD,-0.16738529393826576,A,6,573.15
019,1.4673118152853504e-25,-2249117.6814075448,-2126495.9180588895,-0.0005863390705072025,48,NARROW_N704,False,fixed_6h_matrix,E_direct_discrete_PSD,-0.06716370417111801,A,12,573.15
019,1.0432453895533712e-25,-872808.4819875206,-827576.8994069928,-8.188391879637713e-05,48,NARROW_N704,False,fixed_6h_matrix,E_direct_discrete_PSD,-0.009385025359610584,A,24,573.15
019,1.6504586890035855e-25,-6473620.797970995,-6054000.939491142,0.03792122783351859,48,NARROW_N704,True,fixed_6h_matrix,G_direct_PSD_plus_true_MI,4.66202110094983,A,6,573.15
019,1.4673118152853504e-25,-2249117.6814075448,-2126495.9180588895,0.01453596574640037,48,NARROW_N704,False,fixed_6h_matrix,G_direct_PSD_plus_true_MI,1.7371046866627529,A,12,573.15
019,1.0432453895533712e-25,-872808.4819875206,-827576.8994069928,0.005990422795708383,48,NARROW_N704,False,fixed_6h_matrix,G_direct_PSD_plus_true_MI,0.708642088131798,A,24,573.15
019,1.6504586890035855e-25,-6473620.797970995,-6054000.939491142,-0.003066977751750466,48,NARROW_N704,True,pf_time_varying_matrix,E_direct_discrete_PSD,-0.25055294176590504,A,6,303.15
019,1.4673118152853504e-25,-2249117.6814075448,-2126495.9180588895,0.007238521944701981,48,NARROW_N704,False,pf_time_varying_matrix,E_direct_discrete_PSD,0.5963628171426877,A,12,303.15
019,1.0432453895533712e-25,-872808.4819875206,-827576.8994069928,0.00322078045764429,48,NARROW_N704,False,pf_time_varying_matrix,E_direct_discrete_PSD,0.264476199470837,A,24,303.15
019,1.6504586890035855e-25,-6473620.797970995,-6054000.939491142,0.06970790019229911,48,NARROW_N704,True,pf_time_varying_matrix,G_direct_PSD_plus_true_MI,6.271833600546849,A,6,303.15
019,1.4673118152853504e-25,-2249117.6814075448,-2126495.9180588895,0.035149217751082595,48,NARROW_N704,False,pf_time_varying_matrix,G_direct_PSD_plus_true_MI,3.067115558898364,A,12,303.15
019,1.0432453895533712e-25,-872808.4819875206,-827576.8994069928,0.014496544631971364,48,NARROW_N704,False,pf_time_varying_matrix,G_direct_PSD_plus_true_MI,1.2425733220295265,A,24,303.15
019,1.6504586890035855e-25,-6473620.797970995,-6054000.939491142,-0.0029207144333873725,48,NARROW_N704,True,pf_time_varying_matrix,E_direct_discrete_PSD,-0.24563737453247905,A,6,323.15
019,1.4673118152853504e-25,-2249117.6814075448,-2126495.9180588895,0.006805628653618667,48,NARROW_N704,False,pf_time_varying_matrix,E_direct_discrete_PSD,0.5770862812339191,A,12,323.15
019,1.0432453895533712e-25,-872808.4819875206,-827576.8994069928,0.0030192034996525674,48,NARROW_N704,False,pf_time_varying_matrix,E_direct_discrete_PSD,0.2551953317447705,A,24,323.15
019,1.6504586890035855e-25,-6473620.797970995,-6054000.939491142,0.066086869504832,48,NARROW_N704,True,pf_time_varying_matrix,G_direct_PSD_plus_true_MI,6.106072705154398,A,6,323.15
019,1.4673118152853504e-25,-2249117.6814075448,-2126495.9180588895,0.03325384517680896,48,NARROW_N704,False,pf_time_varying_matrix,G_direct_PSD_plus_true_MI,2.9820148777635977,A,12,323.15
019,1.0432453895533712e-25,-872808.4819875206,-827576.8994069928,0.013700992314955807,48,NARROW_N704,False,pf_time_varying_matrix,G_direct_PSD_plus_true_MI,1.207455346912892,A,24,323.15
019,1.6504586890035855e-25,-6473620.797970995,-6054000.939491142,-0.0025983924664743085,48,NARROW_N704,True,pf_time_varying_matrix,E_direct_discrete_PSD,-0.23422702719229357,A,6,373.15
019,1.4673118152853504e-25,-2249117.6814075448,-2126495.9180588895,0.005875594815681229,48,NARROW_N704,False,pf_time_varying_matrix,E_direct_discrete_PSD,0.5337209891978565,A,12,373.15
019,1.0432453895533712e-25,-872808.4819875206,-827576.8994069928,0.00258894299551482,48,NARROW_N704,False,pf_time_varying_matrix,E_direct_discrete_PSD,0.23447161760038346,A,24,373.15
019,1.6504586890035855e-25,-6473620.797970995,-6054000.939491142,0.05820303245840597,48,NARROW_N704,True,pf_time_varying_matrix,G_direct_PSD_plus_true_MI,5.7315118160819845,A,6,373.15
019,1.4673118152853504e-25,-2249117.6814075448,-2126495.9180588895,0.029141036324357605,48,NARROW_N704,False,pf_time_varying_matrix,G_direct_PSD_plus_true_MI,2.7898071364555186,A,12,373.15
019,1.0432453895533712e-25,-872808.4819875206,-827576.8994069928,0.011978556002516516,48,NARROW_N704,False,pf_time_varying_matrix,G_direct_PSD_plus_true_MI,1.1282257113295953,A,24,373.15
019,1.6504586890035855e-25,-6473620.797970995,-6054000.939491142,-0.0023268241756597696,48,NARROW_N704,True,pf_time_varying_matrix,E_direct_discrete_PSD,-0.22384789876411348,A,6,423.15
019,1.4673118152853504e-25,-2249117.6814075448,-2126495.9180588895,0.00512111701681861,48,NARROW_N704,False,pf_time_varying_matrix,E_direct_discrete_PSD,0.4962232901028682,A,12,423.15
019,1.0432453895533712e-25,-872808.4819875206,-827576.8994069928,0.002242826501551942,48,NARROW_N704,False,pf_time_varying_matrix,E_direct_discrete_PSD,0.21671978749883858,A,24,423.15
019,1.6504586890035855e-25,-6473620.797970995,-6054000.939491142,0.05168034757791429,48,NARROW_N704,True,pf_time_varying_matrix,G_direct_PSD_plus_true_MI,5.404574562879583,A,6,423.15
019,1.4673118152853504e-25,-2249117.6814075448,-2126495.9180588895,0.02575483734460471,48,NARROW_N704,False,pf_time_varying_matrix,G_direct_PSD_plus_true_MI,2.6222678268745794,A,12,423.15
019,1.0432453895533712e-25,-872808.4819875206,-827576.8994069928,0.010564577903710015,48,NARROW_N704,False,pf_time_varying_matrix,G_direct_PSD_plus_true_MI,1.0592657146475273,A,24,423.15
019,1.6504586890035855e-25,-6473620.797970995,-6054000.939491142,-0.002095595903966019,48,NARROW_N704,True,pf_time_varying_matrix,E_direct_discrete_PSD,-0.21432522998626236,A,6,473.15
019,1.4673118152853504e-25,-2249117.6814075448,-2126495.9180588895,0.004501644636394797,48,NARROW_N704,False,pf_time_varying_matrix,E_direct_discrete_PSD,0.46352930755370736,A,12,473.15
019,1.0432453895533712e-25,-872808.4819875206,-827576.8994069928,0.001960738074068602,48,NARROW_N704,False,pf_time_varying_matrix,E_direct_discrete_PSD,0.20136815580476589,A,24,473.15
019,1.6504586890035855e-25,-6473620.797970995,-6054000.939491142,0.04622115345584232,48,NARROW_N704,True,pf_time_varying_matrix,G_direct_PSD_plus_true_MI,5.116311231055645,A,6,473.15
019,1.4673118152853504e-25,-2249117.6814075448,-2126495.9180588895,0.022934058183187167,48,NARROW_N704,False,pf_time_varying_matrix,G_direct_PSD_plus_true_MI,2.4748230424343127,A,12,473.15
019,1.0432453895533712e-25,-872808.4819875206,-827576.8994069928,0.009389772277270336,48,NARROW_N704,False,pf_time_varying_matrix,G_direct_PSD_plus_true_MI,0.9986578643652788,A,24,473.15
019,1.6504586890035855e-25,-6473620.797970995,-6054000.939491142,-0.0018970132908840975,48,NARROW_N704,True,pf_time_varying_matrix,E_direct_discrete_PSD,-0.20554416226309716,A,6,523.15
019,1.4673118152853504e-25,-2249117.6814075448,-2126495.9180588895,0.0039872675291614534,48,NARROW_N704,False,pf_time_varying_matrix,E_direct_discrete_PSD,0.43479840964029953,A,12,523.15
019,1.0432453895533712e-25,-872808.4819875206,-827576.8994069928,0.0017280546639826255,48,NARROW_N704,False,pf_time_varying_matrix,E_direct_discrete_PSD,0.18797558127035033,A,24,523.15
019,1.6504586890035855e-25,-6473620.797970995,-6054000.939491142,0.041604421161134275,48,NARROW_N704,True,pf_time_varying_matrix,G_direct_PSD_plus_true_MI,4.8599757502235414,A,6,523.15
019,1.4673118152853504e-25,-2249117.6814075448,-2126495.9180588895,0.020559285378722092,48,NARROW_N704,False,pf_time_varying_matrix,G_direct_PSD_plus_true_MI,2.343987072742088,A,12,523.15
019,1.0432453895533712e-25,-872808.4819875206,-827576.8994069928,0.008403042844903008,48,NARROW_N704,False,pf_time_varying_matrix,G_direct_PSD_plus_true_MI,0.9449438743940656,A,24,523.15
019,1.6504586890035855e-25,-6473620.797970995,-6054000.939491142,-0.0017251963041576834,48,NARROW_N704,True,pf_time_varying_matrix,E_direct_discrete_PSD,-0.19741882240601688,A,6,573.15
019,1.4673118152853504e-25,-2249117.6814075448,-2126495.9180588895,0.003555738067456349,48,NARROW_N704,False,pf_time_varying_matrix,E_direct_discrete_PSD,0.40936645543900535,A,12,573.15
019,1.0432453895533712e-25,-872808.4819875206,-827576.8994069928,0.0015340196820412544,48,NARROW_N704,False,pf_time_varying_matrix,E_direct_discrete_PSD,0.17619912440993524,A,24,573.15
019,1.6504586890035855e-25,-6473620.797970995,-6054000.939491142,0.03766365096128155,48,NARROW_N704,True,pf_time_varying_matrix,G_direct_PSD_plus_true_MI,4.630354699778496,A,6,573.15
019,1.4673118152853504e-25,-2249117.6814075448,-2126495.9180588895,0.018540857311610814,48,NARROW_N704,False,pf_time_varying_matrix,G_direct_PSD_plus_true_MI,2.2270490512147205,A,12,573.15
019,1.0432453895533712e-25,-872808.4819875206,-827576.8994069928,0.007566167018494108,48,NARROW_N704,False,pf_time_varying_matrix,G_direct_PSD_plus_true_MI,0.8969914158333913,A,24,573.15
020,1.2664839804527106e-25,-6269266.98049281,-5901315.008255584,-0.002672497600254342,48,NARROW_N704,True,fixed_6h_matrix,E_direct_discrete_PSD,-0.21832430766454733,B,6,303.15
020,1.065602388131975e-25,-1930991.0679213563,-1867066.9646278764,-0.0008134479369832359,48,NARROW_N704,False,fixed_6h_matrix,E_direct_discrete_PSD,-0.06655406704649332,B,12,303.15
020,6.670257317277012e-26,-648556.3796019908,-626562.4001742257,2.1759853186420486e-05,48,NARROW_N704,False,fixed_6h_matrix,E_direct_discrete_PSD,0.001781548593427634,B,24,303.15
020,1.2664839804527106e-25,-6269266.98049281,-5901315.008255584,0.06790986070863236,48,NARROW_N704,True,fixed_6h_matrix,G_direct_PSD_plus_true_MI,6.109999903792534,B,6,303.15
020,1.065602388131975e-25,-1930991.0679213563,-1867066.9646278764,0.023952318919613358,48,NARROW_N704,False,fixed_6h_matrix,G_direct_PSD_plus_true_MI,2.0730545317163465,B,12,303.15
020,6.670257317277012e-26,-648556.3796019908,-626562.4001742257,0.00861523988601065,48,NARROW_N704,False,fixed_6h_matrix,G_direct_PSD_plus_true_MI,0.735874212246411,B,24,303.15
020,1.2664839804527106e-25,-6269266.98049281,-5901315.008255584,-0.002540814451518436,48,NARROW_N704,True,fixed_6h_matrix,E_direct_discrete_PSD,-0.21368512956897331,B,6,323.15
020,1.065602388131975e-25,-1930991.0679213563,-1867066.9646278764,-0.0007948064678042766,48,NARROW_N704,False,fixed_6h_matrix,E_direct_discrete_PSD,-0.06694234682623453,B,12,323.15
020,6.670257317277012e-26,-648556.3796019908,-626562.4001742257,4.855467575781702e-06,48,NARROW_N704,False,fixed_6h_matrix,E_direct_discrete_PSD,0.00040922598318854115,B,24,323.15
020,1.2664839804527106e-25,-6269266.98049281,-5901315.008255584,0.0643912839348737,48,NARROW_N704,True,fixed_6h_matrix,G_direct_PSD_plus_true_MI,5.9493542092296945,B,6,323.15
020,1.065602388131975e-25,-1930991.0679213563,-1867066.9646278764,0.022662799480238638,48,NARROW_N704,False,fixed_6h_matrix,G_direct_PSD_plus_true_MI,2.016169291407163,B,12,323.15
020,6.670257317277012e-26,-648556.3796019908,-626562.4001742257,0.008142796402147212,48,NARROW_N704,False,fixed_6h_matrix,G_direct_PSD_plus_true_MI,0.7151759799448266,B,24,323.15
020,1.2664839804527106e-25,-6269266.98049281,-5901315.008255584,-0.0022524242481101187,48,NARROW_N704,True,fixed_6h_matrix,E_direct_discrete_PSD,-0.20303864586272188,B,6,373.15
020,1.065602388131975e-25,-1930991.0679213563,-1867066.9646278764,-0.0007464901221274634,48,NARROW_N704,False,fixed_6h_matrix,E_direct_discrete_PSD,-0.06738178748138167,B,12,373.15
020,6.670257317277012e-26,-648556.3796019908,-626562.4001742257,-2.691764270168484e-05,48,NARROW_N704,False,fixed_6h_matrix,E_direct_discrete_PSD,-0.0024312950243735123,B,24,373.15
020,1.2664839804527106e-25,-6269266.98049281,-5901315.008255584,0.056727785059846436,48,NARROW_N704,True,fixed_6h_matrix,G_direct_PSD_plus_true_MI,5.58618888622632,B,6,373.15
020,1.065602388131975e-25,-1930991.0679213563,-1867066.9646278764,0.01986774797285995,48,NARROW_N704,False,fixed_6h_matrix,G_direct_PSD_plus_true_MI,1.887921889376307,B,12,373.15
020,6.670257317277012e-26,-648556.3796019908,-626562.4001742257,0.007121017550165476,48,NARROW_N704,False,fixed_6h_matrix,G_direct_PSD_plus_true_MI,0.668572705446883,B,24,373.15
020,1.2664839804527106e-25,-6269266.98049281,-5901315.008255584,-0.0020112045562541425,48,NARROW_N704,True,fixed_6h_matrix,E_direct_discrete_PSD,-0.19348271878494921,B,6,423.15
020,1.065602388131975e-25,-1930991.0679213563,-1867066.9646278764,-0.0006980617086163043,48,NARROW_N704,False,fixed_6h_matrix,E_direct_discrete_PSD,-0.06724015924499616,B,12,423.15
020,6.670257317277012e-26,-648556.3796019908,-626562.4001742257,-4.776447941834405e-05,48,NARROW_N704,False,fixed_6h_matrix,E_direct_discrete_PSD,-0.004603753800232691,B,24,423.15
020,1.2664839804527106e-25,-6269266.98049281,-5901315.008255584,0.05038449947154022,48,NARROW_N704,True,fixed_6h_matrix,G_direct_PSD_plus_true_MI,5.269015482049579,B,6,423.15
020,1.065602388131975e-25,-1930991.0679213563,-1867066.9646278764,0.017568891849265467,48,NARROW_N704,False,fixed_6h_matrix,G_direct_PSD_plus_true_MI,1.7763277941245603,B,12,423.15
020,6.670257317277012e-26,-648556.3796019908,-626562.4001742257,0.006283088302253548,48,NARROW_N704,False,fixed_6h_matrix,G_direct_PSD_plus_true_MI,0.6280936073729637,B,24,423.15
020,1.2664839804527106e-25,-6269266.98049281,-5901315.008255584,-0.0018069786547776356,48,NARROW_N704,True,fixed_6h_matrix,E_direct_discrete_PSD,-0.18480574303214092,B,6,473.15
020,1.065602388131975e-25,-1930991.0679213563,-1867066.9646278764,-0.000651324112250995,48,NARROW_N704,False,fixed_6h_matrix,E_direct_discrete_PSD,-0.06669191757950363,B,12,473.15
020,6.670257317277012e-26,-648556.3796019908,-626562.4001742257,-6.123935012847248e-05,48,NARROW_N704,False,fixed_6h_matrix,E_direct_discrete_PSD,-0.0062743552972304864,B,24,473.15
020,1.2664839804527106e-25,-6269266.98049281,-5901315.008255584,0.04507334962397658,48,NARROW_N704,True,fixed_6h_matrix,G_direct_PSD_plus_true_MI,4.989219974530087,B,6,473.15
020,1.065602388131975e-25,-1930991.0679213563,-1867066.9646278764,0.01565495939985384,48,NARROW_N704,False,fixed_6h_matrix,G_direct_PSD_plus_true_MI,1.6782164535851896,B,12,473.15
020,6.670257317277012e-26,-648556.3796019908,-626562.4001742257,0.00558730202814095,48,NARROW_N704,False,fixed_6h_matrix,G_direct_PSD_plus_true_MI,0.5925651974484927,B,24,473.15
020,1.2664839804527106e-25,-6269266.98049281,-5901315.008255584,-0.0016323874458105125,48,NARROW_N704,True,fixed_6h_matrix,E_direct_discrete_PSD,-0.17687028746316685,B,6,523.15
020,1.065602388131975e-25,-1930991.0679213563,-1867066.9646278764,-0.0006072022780674313,48,NARROW_N704,False,fixed_6h_matrix,E_direct_discrete_PSD,-0.06586394020658692,B,12,523.15
020,6.670257317277012e-26,-648556.3796019908,-626562.4001742257,-6.968813326757584e-05,48,NARROW_N704,False,fixed_6h_matrix,E_direct_discrete_PSD,-0.007563563118285222,B,24,523.15
020,1.2664839804527106e-25,-6269266.98049281,-5901315.008255584,0.04058024358633394,48,NARROW_N704,True,fixed_6h_matrix,G_direct_PSD_plus_true_MI,4.740302882845308,B,6,523.15
020,1.065602388131975e-25,-1930991.0679213563,-1867066.9646278764,0.014044040021249593,48,NARROW_N704,False,fixed_6h_matrix,G_direct_PSD_plus_true_MI,1.5912037051675603,B,12,523.15
020,6.670257317277012e-26,-648556.3796019908,-626562.4001742257,0.005003079272424271,48,NARROW_N704,False,fixed_6h_matrix,G_direct_PSD_plus_true_MI,0.5611061683644404,B,24,523.15
020,1.2664839804527106e-25,-6269266.98049281,-5901315.008255584,-0.0014819000928421033,48,NARROW_N704,True,fixed_6h_matrix,E_direct_discrete_PSD,-0.16957662465765222,B,6,573.15
020,1.065602388131975e-25,-1930991.0679213563,-1867066.9646278764,-0.0005660959506900154,48,NARROW_N704,False,fixed_6h_matrix,E_direct_discrete_PSD,-0.06484738636637324,B,12,573.15
020,6.670257317277012e-26,-648556.3796019908,-626562.4001742257,-7.468156145495897e-05,48,NARROW_N704,False,fixed_6h_matrix,E_direct_discrete_PSD,-0.00855973583627438,B,24,573.15
020,1.2664839804527106e-25,-6269266.98049281,-5901315.008255584,0.03674379990478849,48,NARROW_N704,True,fixed_6h_matrix,G_direct_PSD_plus_true_MI,4.517237230504808,B,6,573.15
020,1.065602388131975e-25,-1930991.0679213563,-1867066.9646278764,0.01267488591235788,48,NARROW_N704,False,fixed_6h_matrix,G_direct_PSD_plus_true_MI,1.5134516954932773,B,12,573.15
020,6.670257317277012e-26,-648556.3796019908,-626562.4001742257,0.004507631612709062,48,NARROW_N704,False,fixed_6h_matrix,G_direct_PSD_plus_true_MI,0.5330379533332802,B,24,573.15
020,1.2664839804527106e-25,-6269266.98049281,-5901315.008255584,-0.0037908376441102565,48,NARROW_N704,True,pf_time_varying_matrix,E_direct_discrete_PSD,-0.3096848446338397,B,6,303.15
020,1.065602388131975e-25,-1930991.0679213563,-1867066.9646278764,0.006366105727235061,48,NARROW_N704,False,pf_time_varying_matrix,E_direct_discrete_PSD,0.5244175427154237,B,12,303.15
020,6.670257317277012e-26,-648556.3796019908,-626562.4001742257,0.0021181131420391353,48,NARROW_N704,False,pf_time_varying_matrix,E_direct_discrete_PSD,0.1738743119512783,B,24,303.15
020,1.2664839804527106e-25,-6269266.98049281,-5901315.008255584,0.06682321263765378,48,NARROW_N704,True,pf_time_varying_matrix,G_direct_PSD_plus_true_MI,6.012231780874098,B,6,303.15
020,1.065602388131975e-25,-1930991.0679213563,-1867066.9646278764,0.030788182530415265,48,NARROW_N704,False,pf_time_varying_matrix,G_direct_PSD_plus_true_MI,2.6830908092159946,B,12,303.15
020,6.670257317277012e-26,-648556.3796019908,-626562.4001742257,0.010633614774457678,48,NARROW_N704,False,pf_time_varying_matrix,G_direct_PSD_plus_true_MI,0.91068982508935,B,24,303.15
020,1.2664839804527106e-25,-6269266.98049281,-5901315.008255584,-0.003597001663635524,48,NARROW_N704,True,pf_time_varying_matrix,E_direct_discrete_PSD,-0.3025115691129767,B,6,323.15
020,1.065602388131975e-25,-1930991.0679213563,-1867066.9646278764,0.005989153209117859,48,NARROW_N704,False,pf_time_varying_matrix,E_direct_discrete_PSD,0.5077878077130353,B,12,323.15
020,6.670257317277012e-26,-648556.3796019908,-626562.4001742257,0.001985121018975855,48,NARROW_N704,False,pf_time_varying_matrix,E_direct_discrete_PSD,0.16773820341138265,B,24,323.15
020,1.2664839804527106e-25,-6269266.98049281,-5901315.008255584,0.06336406277251849,48,NARROW_N704,True,pf_time_varying_matrix,G_direct_PSD_plus_true_MI,5.854445361748896,B,6,323.15
020,1.065602388131975e-25,-1930991.0679213563,-1867066.9646278764,0.02913212442750379,48,NARROW_N704,False,pf_time_varying_matrix,G_direct_PSD_plus_true_MI,2.609105859171244,B,12,323.15
020,6.670257317277012e-26,-648556.3796019908,-626562.4001742257,0.010051739707092722,48,NARROW_N704,False,pf_time_varying_matrix,G_direct_PSD_plus_true_MI,0.8851196615413813,B,24,323.15
020,1.2664839804527106e-25,-6269266.98049281,-5901315.008255584,-0.003173780244685842,48,NARROW_N704,True,pf_time_varying_matrix,E_direct_discrete_PSD,-0.28609177142696407,B,6,373.15
020,1.065602388131975e-25,-1930991.0679213563,-1867066.9646278764,0.005178187358820585,48,NARROW_N704,False,pf_time_varying_matrix,E_direct_discrete_PSD,0.47031442298204057,B,12,373.15
020,6.670257317277012e-26,-648556.3796019908,-626562.4001742257,0.0017013762334701088,48,NARROW_N704,False,pf_time_varying_matrix,E_direct_discrete_PSD,0.15404287749969825,B,24,373.15
020,1.2664839804527106e-25,-6269266.98049281,-5901315.008255584,0.05582981779428531,48,NARROW_N704,True,pf_time_varying_matrix,G_direct_PSD_plus_true_MI,5.4977628221065835,B,6,373.15
020,1.065602388131975e-25,-1930991.0679213563,-1867066.9646278764,0.025537455318947133,48,NARROW_N704,False,pf_time_varying_matrix,G_direct_PSD_plus_true_MI,2.4419225169474714,B,12,373.15
020,6.670257317277012e-26,-648556.3796019908,-626562.4001742257,0.008791630002509043,48,NARROW_N704,False,pf_time_varying_matrix,G_direct_PSD_plus_true_MI,0.8274172763820544,B,24,373.15
020,1.2664839804527106e-25,-6269266.98049281,-5901315.008255584,-0.0028217294809147475,48,NARROW_N704,True,pf_time_varying_matrix,E_direct_discrete_PSD,-0.2714571672708761,B,6,423.15
020,1.065602388131975e-25,-1930991.0679213563,-1867066.9646278764,0.004519116401315859,48,NARROW_N704,False,pf_time_varying_matrix,E_direct_discrete_PSD,0.4378419448501852,B,12,423.15
020,6.670257317277012e-26,-648556.3796019908,-626562.4001742257,0.001473264044993039,48,NARROW_N704,False,pf_time_varying_matrix,E_direct_discrete_PSD,0.14231959541784073,B,24,423.15
020,1.2664839804527106e-25,-6269266.98049281,-5901315.008255584,0.04959312903720392,48,NARROW_N704,True,pf_time_varying_matrix,G_direct_PSD_plus_true_MI,5.186257032242817,B,6,423.15
020,1.065602388131975e-25,-1930991.0679213563,-1867066.9646278764,0.022576610155214394,48,NARROW_N704,False,pf_time_varying_matrix,G_direct_PSD_plus_true_MI,2.296102902586757,B,12,423.15
020,6.670257317277012e-26,-648556.3796019908,-626562.4001742257,0.007756813097217874,48,NARROW_N704,False,pf_time_varying_matrix,G_direct_PSD_plus_true_MI,0.7771753786817533,B,24,423.15
020,1.2664839804527106e-25,-6269266.98049281,-5901315.008255584,-0.0025254089678315994,48,NARROW_N704,True,pf_time_varying_matrix,E_direct_discrete_PSD,-0.25828201098345765,B,6,473.15
020,1.065602388131975e-25,-1930991.0679213563,-1867066.9646278764,0.003977114662500725,48,NARROW_N704,False,pf_time_varying_matrix,E_direct_discrete_PSD,0.4094759593148709,B,12,473.15
020,6.670257317277012e-26,-648556.3796019908,-626562.4001742257,0.0012874585513764636,48,NARROW_N704,False,pf_time_varying_matrix,E_direct_discrete_PSD,0.13218816060108762,B,24,473.15
020,1.2664839804527106e-25,-6269266.98049281,-5901315.008255584,0.04437080287984885,48,NARROW_N704,True,pf_time_varying_matrix,G_direct_PSD_plus_true_MI,4.9114542819848275,B,6,473.15
020,1.065602388131975e-25,-1930991.0679213563,-1867066.9646278764,0.020109237137646674,48,NARROW_N704,False,pf_time_varying_matrix,G_direct_PSD_plus_true_MI,2.1676997240040823,B,12,473.15
020,6.670257317277012e-26,-648556.3796019908,-626562.4001742257,0.006896727297572625,48,NARROW_N704,False,pf_time_varying_matrix,G_direct_PSD_plus_true_MI,0.7330012900425931,B,24,473.15
020,1.2664839804527106e-25,-6269266.98049281,-5901315.008255584,-0.002273512576142389,48,NARROW_N704,True,pf_time_varying_matrix,E_direct_discrete_PSD,-0.24633663039093667,B,6,523.15
020,1.065602388131975e-25,-1930991.0679213563,-1867066.9646278764,0.0035264179552162433,48,NARROW_N704,False,pf_time_varying_matrix,E_direct_discrete_PSD,0.3845061163921627,B,12,523.15
020,6.670257317277012e-26,-648556.3796019908,-626562.4001742257,0.00113427680727618,48,NARROW_N704,False,pf_time_varying_matrix,E_direct_discrete_PSD,0.1233551336906241,B,24,523.15
020,1.2664839804527106e-25,-6269266.98049281,-5901315.008255584,0.039952435762220406,48,NARROW_N704,True,pf_time_varying_matrix,G_direct_PSD_plus_true_MI,4.666966722795237,B,6,523.15
020,1.065602388131975e-25,-1930991.0679213563,-1867066.9646278764,0.018031291022424734,48,NARROW_N704,False,pf_time_varying_matrix,G_direct_PSD_plus_true_MI,2.0537018270537986,B,12,523.15
020,6.670257317277012e-26,-648556.3796019908,-626562.4001742257,0.006174082346022458,48,NARROW_N704,False,pf_time_varying_matrix,G_direct_PSD_plus_true_MI,0.6938364467847095,B,24,523.15
020,1.2664839804527106e-25,-6269266.98049281,-5901315.008255584,-0.002057528151727883,48,NARROW_N704,True,pf_time_varying_matrix,E_direct_discrete_PSD,-0.2354468299134444,B,6,573.15
020,1.065602388131975e-25,-1930991.0679213563,-1867066.9646278764,0.00314781774138162,48,NARROW_N704,False,pf_time_varying_matrix,E_direct_discrete_PSD,0.3623692050891035,B,12,573.15
020,6.670257317277012e-26,-648556.3796019908,-626562.4001742257,0.001006600247255851,48,NARROW_N704,False,pf_time_varying_matrix,E_direct_discrete_PSD,0.11559247272198958,B,24,573.15
020,1.2664839804527106e-25,-6269266.98049281,-5901315.008255584,0.03617944767180081,48,NARROW_N704,True,pf_time_varying_matrix,G_direct_PSD_plus_true_MI,4.447856466278563,B,6,573.15
020,1.065602388131975e-25,-1930991.0679213563,-1867066.9646278764,0.016264607311579193,48,NARROW_N704,False,pf_time_varying_matrix,G_direct_PSD_plus_true_MI,1.9517654817330414,B,12,573.15
020,6.670257317277012e-26,-648556.3796019908,-626562.4001742257,0.005560978668951,48,NARROW_N704,False,pf_time_varying_matrix,G_direct_PSD_plus_true_MI,0.658859075683978,B,24,573.15
021,1.6731516267373453e-25,-6464213.903777638,-6089955.25039031,-0.0025248857226809474,48,NARROW_N704,True,fixed_6h_matrix,E_direct_discrete_PSD,-0.20626542619726293,C,6,303.15
021,1.482432503818882e-25,-2198948.6997065623,-2113214.7636950593,-0.0007167472446778511,48,NARROW_N704,False,fixed_6h_matrix,E_direct_discrete_PSD,-0.05863983292811249,C,12,303.15
021,1.0224648512356646e-25,-861968.2861060416,-851866.1034896863,9.336634017498291e-05,48,NARROW_N704,False,fixed_6h_matrix,E_direct_discrete_PSD,0.007643723467054962,C,24,303.15
021,1.6731516267373453e-25,-6464213.903777638,-6089955.25039031,0.07070384004611574,48,NARROW_N704,True,fixed_6h_matrix,G_direct_PSD_plus_true_MI,6.3613796594363,C,6,303.15
021,1.482432503818882e-25,-2198948.6997065623,-2113214.7636950593,0.02742886273236156,48,NARROW_N704,False,fixed_6h_matrix,G_direct_PSD_plus_true_MI,2.3753496759046033,C,12,303.15
021,1.0224648512356646e-25,-861968.2861060416,-851866.1034896863,0.011778539916947883,48,NARROW_N704,False,fixed_6h_matrix,G_direct_PSD_plus_true_MI,1.0063861308422661,C,24,303.15
021,1.6731516267373453e-25,-6464213.903777638,-6089955.25039031,-0.0024087823639928896,48,NARROW_N704,True,fixed_6h_matrix,E_direct_discrete_PSD,-0.2025810688075574,C,6,323.15
021,1.482432503818882e-25,-2198948.6997065623,-2113214.7636950593,-0.0007110624033050961,48,NARROW_N704,False,fixed_6h_matrix,E_direct_discrete_PSD,-0.059886583899771105,C,12,323.15
021,1.0224648512356646e-25,-861968.2861060416,-851866.1034896863,6.537270094275627e-05,48,NARROW_N704,False,fixed_6h_matrix,E_direct_discrete_PSD,0.005509375089046972,C,24,323.15
021,1.6731516267373453e-25,-6464213.903777638,-6089955.25039031,0.06702946476737237,48,NARROW_N704,True,fixed_6h_matrix,G_direct_PSD_plus_true_MI,6.193105025337923,C,6,323.15
021,1.482432503818882e-25,-2198948.6997065623,-2113214.7636950593,0.025947520412268776,48,NARROW_N704,False,fixed_6h_matrix,G_direct_PSD_plus_true_MI,2.309718897554542,C,12,323.15
021,1.0224648512356646e-25,-861968.2861060416,-851866.1034896863,0.011131693382514296,48,NARROW_N704,False,fixed_6h_matrix,G_direct_PSD_plus_true_MI,0.9779898110187064,C,24,323.15
021,1.6731516267373453e-25,-6464213.903777638,-6089955.25039031,-0.002151868044015348,48,NARROW_N704,True,fixed_6h_matrix,E_direct_discrete_PSD,-0.19397425817033342,C,6,373.15
021,1.482432503818882e-25,-2198948.6997065623,-2113214.7636950593,-0.000688498993179909,48,NARROW_N704,False,fixed_6h_matrix,E_direct_discrete_PSD,-0.06214483440106858,C,12,373.15
021,1.0224648512356646e-25,-861968.2861060416,-851866.1034896863,1.1753178442486245e-05,48,NARROW_N704,False,fixed_6h_matrix,E_direct_discrete_PSD,0.0010615284570628762,C,24,373.15
021,1.6731516267373453e-25,-6464213.903777638,-6089955.25039031,0.05902963028388397,48,NARROW_N704,True,fixed_6h_matrix,G_direct_PSD_plus_true_MI,5.812859256340022,C,6,373.15
021,1.482432503818882e-25,-2198948.6997065623,-2113214.7636950593,0.02273785447843868,48,NARROW_N704,False,fixed_6h_matrix,G_direct_PSD_plus_true_MI,2.1618193295008945,C,12,373.15
021,1.0224648512356646e-25,-861968.2861060416,-851866.1034896863,0.009732992264387619,48,NARROW_N704,False,fixed_6h_matrix,G_direct_PSD_plus_true_MI,0.914069871526,C,24,373.15
021,1.6731516267373453e-25,-6464213.903777638,-6089955.25039031,-0.00193404942705655,48,NARROW_N704,True,fixed_6h_matrix,E_direct_discrete_PSD,-0.18606018920081788,C,6,423.15
021,1.482432503818882e-25,-2198948.6997065623,-2113214.7636950593,-0.0006587155312129944,48,NARROW_N704,False,fixed_6h_matrix,E_direct_discrete_PSD,-0.06344785678699283,C,12,423.15
021,1.0224648512356646e-25,-861968.2861060416,-851866.1034896863,-2.468418964940433e-05,48,NARROW_N704,False,fixed_6h_matrix,E_direct_discrete_PSD,-0.0023790481586410625,C,24,423.15
021,1.6731516267373453e-25,-6464213.903777638,-6089955.25039031,0.0524112097256032,48,NARROW_N704,True,fixed_6h_matrix,G_direct_PSD_plus_true_MI,5.480960444764887,C,6,423.15
021,1.482432503818882e-25,-2198948.6997065623,-2113214.7636950593,0.020099270946119074,48,NARROW_N704,False,fixed_6h_matrix,G_direct_PSD_plus_true_MI,2.033200570134391,C,12,423.15
021,1.0224648512356646e-25,-861968.2861060416,-851866.1034896863,0.00858624438847988,48,NARROW_N704,False,fixed_6h_matrix,G_direct_PSD_plus_true_MI,0.8585675093019249,C,24,423.15
021,1.6731516267373453e-25,-6464213.903777638,-6089955.25039031,-0.0017474764384505237,48,NARROW_N704,True,fixed_6h_matrix,E_direct_discrete_PSD,-0.17872023406864326,C,6,473.15
021,1.482432503818882e-25,-2198948.6997065623,-2113214.7636950593,-0.0006256309357675072,48,NARROW_N704,False,fixed_6h_matrix,E_direct_discrete_PSD,-0.06405885686234754,C,12,473.15
021,1.0224648512356646e-25,-861968.2861060416,-851866.1034896863,-4.938916295216256e-05,48,NARROW_N704,False,fixed_6h_matrix,E_direct_discrete_PSD,-0.005059981771820823,C,24,473.15
021,1.6731516267373453e-25,-6464213.903777638,-6089955.25039031,0.0468721176468373,48,NARROW_N704,True,fixed_6h_matrix,G_direct_PSD_plus_true_MI,5.188327163704929,C,6,473.15
021,1.482432503818882e-25,-2198948.6997065623,-2113214.7636950593,0.017903464317924445,48,NARROW_N704,False,fixed_6h_matrix,G_direct_PSD_plus_true_MI,1.9201824579914317,C,12,473.15
021,1.0224648512356646e-25,-861968.2861060416,-851866.1034896863,0.0076342314067233685,48,NARROW_N704,False,fixed_6h_matrix,G_direct_PSD_plus_true_MI,0.8098667916894905,C,24,473.15
021,1.6731516267373453e-25,-6464213.903777638,-6089955.25039031,-0.0015863735459881179,48,NARROW_N704,True,fixed_6h_matrix,E_direct_discrete_PSD,-0.17188463332143622,C,6,523.15
021,1.482432503818882e-25,-2198948.6997065623,-2113214.7636950593,-0.0005915998750857243,48,NARROW_N704,False,fixed_6h_matrix,E_direct_discrete_PSD,-0.06416940622712283,C,12,523.15
021,1.0224648512356646e-25,-861968.2861060416,-851866.1034896863,-6.598090233800313e-05,48,NARROW_N704,False,fixed_6h_matrix,E_direct_discrete_PSD,-0.007160871341472103,C,24,523.15
021,1.6731516267373453e-25,-6464213.903777638,-6089955.25039031,0.04218802212312178,48,NARROW_N704,True,fixed_6h_matrix,G_direct_PSD_plus_true_MI,4.928112005656526,C,6,523.15
021,1.482432503818882e-25,-2198948.6997065623,-2113214.7636950593,0.01605604470385813,48,NARROW_N704,False,fixed_6h_matrix,G_direct_PSD_plus_true_MI,1.8199992302000376,C,12,523.15
021,1.0224648512356646e-25,-861968.2861060416,-851866.1034896863,0.006835018604445575,48,NARROW_N704,False,fixed_6h_matrix,G_direct_PSD_plus_true_MI,0.7667548286991228,C,24,523.15
021,1.6731516267373453e-25,-6464213.903777638,-6089955.25039031,-0.001446308637549354,48,NARROW_N704,True,fixed_6h_matrix,E_direct_discrete_PSD,-0.1655038118347002,C,6,573.15
021,1.482432503818882e-25,-2198948.6997065623,-2113214.7636950593,-0.0005580051147462406,48,NARROW_N704,False,fixed_6h_matrix,E_direct_discrete_PSD,-0.06391854590230922,C,12,573.15
021,1.0224648512356646e-25,-861968.2861060416,-851866.1034896863,-7.690080742905891e-05,48,NARROW_N704,False,fixed_6h_matrix,E_direct_discrete_PSD,-0.008813715158064013,C,24,573.15
021,1.6731516267373453e-25,-6464213.903777638,-6089955.25039031,0.038189929959425495,48,NARROW_N704,True,fixed_6h_matrix,G_direct_PSD_plus_true_MI,4.695022283234366,C,6,573.15
021,1.482432503818882e-25,-2198948.6997065623,-2113214.7636950593,0.014486470950149766,48,NARROW_N704,False,fixed_6h_matrix,G_direct_PSD_plus_true_MI,1.7305200148457147,C,12,573.15
021,1.0224648512356646e-25,-861968.2861060416,-851866.1034896863,0.0061573661137409585,48,NARROW_N704,False,fixed_6h_matrix,G_direct_PSD_plus_true_MI,0.7282981993235027,C,24,573.15
021,1.6731516267373453e-25,-6464213.903777638,-6089955.25039031,-0.0032875057588104273,48,NARROW_N704,True,pf_time_varying_matrix,E_direct_discrete_PSD,-0.26856612573616895,C,6,303.15
021,1.482432503818882e-25,-2198948.6997065623,-2113214.7636950593,0.006991511469661926,48,NARROW_N704,False,pf_time_varying_matrix,E_direct_discrete_PSD,0.5759941296885333,C,12,303.15
021,1.0224648512356646e-25,-861968.2861060416,-851866.1034896863,0.0030900985100006384,48,NARROW_N704,False,pf_time_varying_matrix,E_direct_discrete_PSD,0.2537614513282781,C,24,303.15
021,1.6731516267373453e-25,-6464213.903777638,-6089955.25039031,0.06996148694965476,48,NARROW_N704,True,pf_time_varying_matrix,G_direct_PSD_plus_true_MI,6.294588522139283,C,6,303.15
021,1.482432503818882e-25,-2198948.6997065623,-2113214.7636950593,0.03476989548498777,48,NARROW_N704,False,pf_time_varying_matrix,G_direct_PSD_plus_true_MI,3.0323127557763203,C,12,303.15
021,1.0224648512356646e-25,-861968.2861060416,-851866.1034896863,0.014666028117989116,48,NARROW_N704,False,pf_time_varying_matrix,G_direct_PSD_plus_true_MI,1.256998390621006,C,24,303.15
021,1.6731516267373453e-25,-6464213.903777638,-6089955.25039031,-0.0031289961517506626,48,NARROW_N704,True,pf_time_varying_matrix,E_direct_discrete_PSD,-0.26315178747225937,C,6,323.15
021,1.482432503818882e-25,-2198948.6997065623,-2113214.7636950593,0.0065724107787654695,48,NARROW_N704,False,pf_time_varying_matrix,E_direct_discrete_PSD,0.5572934389606137,C,12,323.15
021,1.0224648512356646e-25,-861968.2861060416,-851866.1034896863,0.0028961489586660782,48,NARROW_N704,False,pf_time_varying_matrix,E_direct_discrete_PSD,0.24480960095762325,C,24,323.15
021,1.6731516267373453e-25,-6464213.903777638,-6089955.25039031,0.06632777196970374,48,NARROW_N704,True,pf_time_varying_matrix,G_direct_PSD_plus_true_MI,6.128272981600639,C,6,323.15
021,1.482432503818882e-25,-2198948.6997065623,-2113214.7636950593,0.03289481342497491,48,NARROW_N704,False,pf_time_varying_matrix,G_direct_PSD_plus_true_MI,2.9482058679585297,C,12,323.15
021,1.0224648512356646e-25,-861968.2861060416,-851866.1034896863,0.013862554162617613,48,NARROW_N704,False,pf_time_varying_matrix,G_direct_PSD_plus_true_MI,1.2215972275742768,C,24,323.15
021,1.6731516267373453e-25,-6464213.903777638,-6089955.25039031,-0.0027800955115169224,48,NARROW_N704,True,pf_time_varying_matrix,E_direct_discrete_PSD,-0.25060410464709815,C,6,373.15
021,1.482432503818882e-25,-2198948.6997065623,-2113214.7636950593,0.005672303258857925,48,NARROW_N704,False,pf_time_varying_matrix,E_direct_discrete_PSD,0.51523996803693,C,12,373.15
021,1.0224648512356646e-25,-861968.2861060416,-851866.1034896863,0.0024823215232261386,48,NARROW_N704,False,pf_time_varying_matrix,E_direct_discrete_PSD,0.22482859389388457,C,24,373.15
021,1.6731516267373453e-25,-6464213.903777638,-6089955.25039031,0.058416352744991684,48,NARROW_N704,True,pf_time_varying_matrix,G_direct_PSD_plus_true_MI,5.7524676190976525,C,6,373.15
021,1.482432503818882e-25,-2198948.6997065623,-2113214.7636950593,0.0288262281645002,48,NARROW_N704,False,pf_time_varying_matrix,G_direct_PSD_plus_true_MI,2.758250829657504,C,12,373.15
021,1.0224648512356646e-25,-861968.2861060416,-851866.1034896863,0.012122760892007367,48,NARROW_N704,False,pf_time_varying_matrix,G_direct_PSD_plus_true_MI,1.1417239883157508,C,24,373.15
021,1.6731516267373453e-25,-6464213.903777638,-6089955.25039031,-0.0024866723238208266,48,NARROW_N704,True,pf_time_varying_matrix,E_direct_discrete_PSD,-0.23922383604987998,C,6,423.15
021,1.482432503818882e-25,-2198948.6997065623,-2113214.7636950593,0.004942415986081583,48,NARROW_N704,False,pf_time_varying_matrix,E_direct_discrete_PSD,0.47889490393341455,C,12,423.15
021,1.0224648512356646e-25,-861968.2861060416,-851866.1034896863,0.002149590393649481,48,NARROW_N704,False,pf_time_varying_matrix,E_direct_discrete_PSD,0.20772222847726055,C,24,423.15
021,1.6731516267373453e-25,-6464213.903777638,-6089955.25039031,0.051870826819969795,48,NARROW_N704,True,pf_time_varying_matrix,G_direct_PSD_plus_true_MI,5.424449302467078,C,6,423.15
021,1.482432503818882e-25,-2198948.6997065623,-2113214.7636950593,0.025476601312758862,48,NARROW_N704,False,pf_time_varying_matrix,G_direct_PSD_plus_true_MI,2.5926805571186318,C,12,423.15
021,1.0224648512356646e-25,-861968.2861060416,-851866.1034896863,0.010694260614833917,48,NARROW_N704,False,pf_time_varying_matrix,G_direct_PSD_plus_true_MI,1.0721945659990408,C,24,423.15
021,1.6731516267373453e-25,-6464213.903777638,-6089955.25039031,-0.0022372817941833656,48,NARROW_N704,True,pf_time_varying_matrix,E_direct_discrete_PSD,-0.22881425874245695,C,6,473.15
021,1.482432503818882e-25,-2198948.6997065623,-2113214.7636950593,0.004343362126932537,48,NARROW_N704,False,pf_time_varying_matrix,E_direct_discrete_PSD,0.4472200067670193,C,12,473.15
021,1.0224648512356646e-25,-861968.2861060416,-851866.1034896863,0.0018785347382554995,48,NARROW_N704,False,pf_time_varying_matrix,E_direct_discrete_PSD,0.19293614483866106,C,24,473.15
021,1.6731516267373453e-25,-6464213.903777638,-6089955.25039031,0.046392459648157636,48,NARROW_N704,True,pf_time_varying_matrix,G_direct_PSD_plus_true_MI,5.135233282976331,C,6,473.15
021,1.482432503818882e-25,-2198948.6997065623,-2113214.7636950593,0.02268637244621674,48,NARROW_N704,False,pf_time_varying_matrix,G_direct_PSD_plus_true_MI,2.4469701559315693,C,12,473.15
021,1.0224648512356646e-25,-861968.2861060416,-851866.1034896863,0.00950714921080198,48,NARROW_N704,False,pf_time_varying_matrix,G_direct_PSD_plus_true_MI,1.011076004451179,C,24,473.15
021,1.6731516267373453e-25,-6464213.903777638,-6089955.25039031,-0.0020234534144787375,48,NARROW_N704,True,pf_time_varying_matrix,E_direct_discrete_PSD,-0.21924252901862937,C,6,523.15
021,1.482432503818882e-25,-2198948.6997065623,-2113214.7636950593,0.0038461098989994724,48,NARROW_N704,False,pf_time_varying_matrix,E_direct_discrete_PSD,0.4193958127416008,C,12,523.15
021,1.0224648512356646e-25,-861968.2861060416,-851866.1034896863,0.0016550455438822942,48,NARROW_N704,False,pf_time_varying_matrix,E_direct_discrete_PSD,0.1800428831555165,C,24,523.15
021,1.6731516267373453e-25,-6464213.903777638,-6089955.25039031,0.04175944832128331,48,NARROW_N704,True,pf_time_varying_matrix,G_direct_PSD_plus_true_MI,4.878048987959556,C,6,523.15
021,1.482432503818882e-25,-2198948.6997065623,-2113214.7636950593,0.020337364533374758,48,NARROW_N704,False,pf_time_varying_matrix,G_direct_PSD_plus_true_MI,2.3176728429702877,C,12,523.15
021,1.0224648512356646e-25,-861968.2861060416,-851866.1034896863,0.008509880197662856,48,NARROW_N704,False,pf_time_varying_matrix,G_direct_PSD_plus_true_MI,0.9568993397723773,C,24,523.15
021,1.6731516267373453e-25,-6464213.903777638,-6089955.25039031,-0.0018387198112880254,48,NARROW_N704,True,pf_time_varying_matrix,E_direct_discrete_PSD,-0.21040815892504436,C,6,573.15
021,1.482432503818882e-25,-2198948.6997065623,-2113214.7636950593,0.0034290768788627357,48,NARROW_N704,False,pf_time_varying_matrix,E_direct_discrete_PSD,0.394775424462853,C,12,573.15
021,1.0224648512356646e-25,-861968.2861060416,-851866.1034896863,0.001468749866525565,48,NARROW_N704,False,pf_time_varying_matrix,E_direct_discrete_PSD,0.1687103386109302,C,24,573.15
021,1.6731516267373453e-25,-6464213.903777638,-6089955.25039031,0.03780471955913889,48,NARROW_N704,True,pf_time_varying_matrix,G_direct_PSD_plus_true_MI,4.647664997819056,C,6,573.15
021,1.482432503818882e-25,-2198948.6997065623,-2113214.7636950593,0.018340858518911762,48,NARROW_N704,False,pf_time_varying_matrix,G_direct_PSD_plus_true_MI,2.2021087940173163,C,12,573.15
021,1.0224648512356646e-25,-861968.2861060416,-851866.1034896863,0.007663894343331923,48,NARROW_N704,False,pf_time_varying_matrix,G_direct_PSD_plus_true_MI,0.9085244471115731,C,24,573.15
001,1.2212055776746707e-25,-2543790.355955496,NOT_EVALUATED,NOT_EVALUATED_PRIMARY_P1_HAS_NO_10H_TRUE_AREA,48,REF_BROAD_N512,True,DESCRIPTOR_ONLY,10h_registered_descriptor_anchor,NOT_EVALUATED,A,10,NOT_EVALUATED_WITH_FULL_PSD
002,1.53463555244417e-25,-2603916.0343420487,NOT_EVALUATED,NOT_EVALUATED_PRIMARY_P1_HAS_NO_10H_TRUE_AREA,48,REF_BROAD_N512,True,DESCRIPTOR_ONLY,10h_registered_descriptor_anchor,NOT_EVALUATED,B,10,NOT_EVALUATED_WITH_FULL_PSD
003,1.1214502533176697e-25,-2591454.144465229,NOT_EVALUATED,NOT_EVALUATED_PRIMARY_P1_HAS_NO_10H_TRUE_AREA,48,REF_BROAD_N512,True,DESCRIPTOR_ONLY,10h_registered_descriptor_anchor,NOT_EVALUATED,C,10,NOT_EVALUATED_WITH_FULL_PSD
004,1.377144260717828e-25,-3358635.7349973787,NOT_EVALUATED,NOT_EVALUATED_PRIMARY_P1_HAS_NO_10H_TRUE_AREA,48,NARROW_N512,True,DESCRIPTOR_ONLY,10h_registered_descriptor_anchor,NOT_EVALUATED,A,10,NOT_EVALUATED_WITH_FULL_PSD
019,1.5409348020364956e-25,-2909935.3169587143,NOT_EVALUATED,NOT_EVALUATED_PRIMARY_P1_HAS_NO_10H_TRUE_AREA,48,NARROW_N704,True,DESCRIPTOR_ONLY,10h_registered_descriptor_anchor,NOT_EVALUATED,A,10,NOT_EVALUATED_WITH_FULL_PSD
020,1.1510590921354807e-25,-2659600.6930459207,NOT_EVALUATED,NOT_EVALUATED_PRIMARY_P1_HAS_NO_10H_TRUE_AREA,48,NARROW_N704,True,DESCRIPTOR_ONLY,10h_registered_descriptor_anchor,NOT_EVALUATED,B,10,NOT_EVALUATED_WITH_FULL_PSD
021,1.560430861211535e-25,-2882142.254982496,NOT_EVALUATED,NOT_EVALUATED_PRIMARY_P1_HAS_NO_10H_TRUE_AREA,48,NARROW_N704,True,DESCRIPTOR_ONLY,10h_registered_descriptor_anchor,NOT_EVALUATED,C,10,NOT_EVALUATED_WITH_FULL_PSD
