nohup: 忽略输入
CUDA_VISIBLE_DEVICES=<unset>
Wed Mar 18 19:56:19 2026       
+-----------------------------------------------------------------------------------------+
| NVIDIA-SMI 580.95.05              Driver Version: 580.95.05      CUDA Version: 13.0     |
+-----------------------------------------+------------------------+----------------------+
| GPU  Name                 Persistence-M | Bus-Id          Disp.A | Volatile Uncorr. ECC |
| Fan  Temp   Perf          Pwr:Usage/Cap |           Memory-Usage | GPU-Util  Compute M. |
|                                         |                        |               MIG M. |
|=========================================+========================+======================|
|   0  NVIDIA GeForce RTX 5080        Off |   00000000:01:00.0  On |                  N/A |
|  0%   29C    P8             13W /  360W |     525MiB /  16303MiB |      0%      Default |
|                                         |                        |                  N/A |
+-----------------------------------------+------------------------+----------------------+

+-----------------------------------------------------------------------------------------+
| Processes:                                                                              |
|  GPU   GI   CI              PID   Type   Process name                        GPU Memory |
|        ID   ID                                                               Usage      |
|=========================================================================================|
|    0   N/A  N/A          861526      G   /usr/lib/xorg/Xorg                      296MiB |
|    0   N/A  N/A          875765      G   /usr/bin/gnome-shell                     24MiB |
|    0   N/A  N/A          875934      G   .../sunloginclient --cmd=autorun         12MiB |
|    0   N/A  N/A          876239      G   ...l/sunlogin/bin/sunloginclient          4MiB |
|    0   N/A  N/A          876307      G   ...05B3F533F4787163D1CBAAB850E3D         15MiB |
|    0   N/A  N/A         1451329      G   /proc/self/exe                           88MiB |
+-----------------------------------------------------------------------------------------+
编译程序...
rm -f main_cuda test_circular_void_elasticity *.o
rm -f circle_void_*.dat circle_void_*.vtk
rm -f kirsch_comparison_*.png
nvcc -arch=sm_120 -O3 -std=c++14 --expt-relaxed-constexpr -Xcompiler -Wno-format-truncation -I/usr/local/cuda/include -o main_cuda main_cuda.cu cuda_kernels.cu cuda_common.cu -L/usr/local/cuda/lib64 -lcufft -lcudart -lm
cuda_kernels.cu(508): warning #550-D: variable "phi_c" was set but never used
      double phi_c = phi_r[idx_c];
             ^

Remark: The warnings can be suppressed with "-diag-suppress <warning-number>"

cuda_kernels.cu(2673): warning #177-D: variable "max_blocks" was declared but never referenced
      const int max_blocks = 65535;
                ^


==========================================
运行单一 case：perturbation 预测方向短轴初始核
==========================================
  Grid: 256 x 256 x 256
  Radius: 7.0
  Elastic: 1
  Steps: 30000
  Theta: 101
  Phi: 39
  Axis ratio: rx=1.25, ry=1.25, rz=0.70
  Case tag: pert_r7_oblate_pred_256
==========================================

+ ./main_cuda 256 256 256 1e-1 30000 5000 10 1 --mode=minimize --minimize-full-model --minimize-max-iter 30000 --minimize-dt 1e-1 --minimize-tol 5e-5 --V0 0.0 --radius 7.0 --elastic 1 --ic-23d-xB-out 0.03 --temperature-C 380.0 --init-shape ellipsoid --init-axis-ratio-rx 1.25 --init-axis-ratio-ry 1.25 --init-axis-ratio-rz 0.70 --init-tilt-theta-deg 101 --init-tilt-phi-deg 39 --init-case-tag pert_r7_oblate_pred_256 --minimize-rms-dphi-threshold 1e-5 --minimize-rms-dy-threshold 1e-5 --minimize-energy-diff-rel-threshold 1e-7 --minimize-rms-res-for-energy-plateau 1e-4 --minimize-convergence-steps 100 --minimize-dt-safety-limit 1e-6 --minimize-rms-res-threshold 1e-4 --minimize-vol-err-rel-threshold 5e-3 --eta-lambda-vol 0.9 --minimize-post-projection-iters 1
[DEBUG] 程序开始执行，argc=61
[DEBUG] 调用params_default
[DEBUG] 解析参数
[DEBUG] 调用pfparams_refresh_thermo
[DEBUG] pfparams_refresh_thermo完成
[thermo] refreshing after flags...
[thermo] T_C=380.000000, T_K=653.150000, xB_eq=4.66495182e-03, mu0_compound_hat=-3.78266114e+00, mu_reference_scale=4.10090000e+04
[thermo] T_C=380.000000, T_K=653.150000, xB_eq=4.66495182e-03, mu0_compound_hat=-3.78266114e+00
========================================
CUDA相场模拟程序
网格大小: 256x256x256
时间步数: 30000, dt=1.000000e-01
输出间隔: 每 5000 步输出一次
CSV输出间隔: 每 10 步输出一次
弹性功能: 启用
诊断VTK输出: 禁用
弹性 bulk 惩罚诊断: 禁用
运行模式: minimize (full-model: chem+diffusion+volume)
[minimize] max_iter=30000, dt=1.000e-01, tol=5.000e-05, V0=0.000000e+00 (0=use initial mean_h)
[minimize] 收敛判据参数: rms_dphi_threshold=1.000e-05, rms_dY_threshold=5.000e-05, energy_diff_rel_threshold=1.000e-07, rms_res_threshold=1.000e-04, vol_err_rel_threshold=5.000e-03, convergence_steps=100
[minimize] lambda_vol under-relaxation: eta_lambda_vol=0.900
[minimize] post-projection: iters=1 phi_only=1
========================================
输出根目录: chel_T380_cuda_256x256x256_dt0.1_steps30000_r7.00_xB0.030
init_case_tag: pert_r7_oblate_pred_256
当前 case 输出目录: chel_T380_cuda_256x256x256_dt0.1_steps30000_r7.00_xB0.030/pert_r7_oblate_pred_256
VTK mode: minimize -> with case suffix
VTK filename suffix: pert_r7_oblate_pred_256
初始化场（弥散界面质量守恒版本）...
[IC(init)] shape=ellipsoid Rx=8.750000 Ry=8.750000 Rz=4.900000
[IC(init)] tilt(theta,phi)=(101.000, 39.000) deg, use_rotation=1
[IC(init)] center_shift=(0.000000, 0.000000, 0.000000)
[IC(init)] phi_noise_amp=0.000e+00, phi_noise_seed=0, init_test_id=-1
[IC(init)] first seed center = (12.800000, 12.800000, 12.800000)
[IC(init)] R_row1 = (-0.629320, 0.777146, 0.000000)
[IC(init)] R_row2 = (0.148286, 0.120080, 0.981627)
[IC(init)] R_row3 = (0.762868, 0.617758, -0.190809)
[IC(init)] shape=ellipsoid Rx=8.750000 Ry=8.750000 Rz=4.900000
[IC(init)] tilt(theta,phi)=(101.000, 39.000) deg, use_rotation=1
[IC(init)] center_shift=(0.000000, 0.000000, 0.000000)
[IC(init)] phi_noise_amp=0.000e+00, phi_noise_seed=0, init_test_id=-1
[IC(init)] first seed center = (12.800000, 12.800000, 12.800000)
[IC(frac)] vf_init(set)=0.000000 vf_init_eff=<h>=0.093874 <h^2>=0.089590 vf_target=0.030000
[IC(frac)] vB_frac=1.000000, xB_eq=0.004665, xB_out=3.000000e-02 (ic_23d_xB_out=3.000000e-02)
[IC(frac)] <xB>=0.027622
[IC(frac)] <xB_tot>=0.120949, theory_target=0.12105755, diff=-1.09e-04
[baseline] using xB_ref = ic_23d_xB_out = 3.00000000e-02
[baseline] g_bulk0_hat (chem only) = -3.72162305e+00
[CNT] far-field: xB_out=3.00000000e-02, muB_farfield_hat=-3.57192865e+00
写出初始化 vtk: chel_T380_cuda_256x256x256_dt0.1_steps30000_r7.00_xB0.030/pert_r7_oblate_pred_256/phi_init_pert_r7_oblate_pred_256.vtk
分配GPU内存...
[gpu mem] before main cudaMallocs: free=14.69 GB / total=15.47 GB (used=0.77 GB)
分配弹性计算GPU内存（float精度）...
[gpu mem] before elastic cudaMallocs: free=12.68 GB / total=15.47 GB (used=2.78 GB)
弹性计算GPU内存分配完成
[gpu mem] after elastic cudaMallocs: free=11.35 GB / total=15.47 GB (used=4.11 GB)
[gpu mem] after main cudaMallocs: free=11.35 GB / total=15.47 GB (used=4.11 GB)

=== Memory Ledger (resident arrays) ===
  d_phi_r                        16777216 elem     134217728 bytes
  d_Y_r                          16777216 elem     134217728 bytes
  d_xB_r                         16777216 elem     134217728 bytes
  d_phi_rhs_r(=d_lapY_r)         16777216 elem     134217728 bytes
  d_phi_n_saved                  16777216 elem     134217728 bytes
  d_Y_n_saved                    16777216 elem     134217728 bytes
  d_dY_dt_prev_r                 16777216 elem     134217728 bytes
  d_mu_x_r(=d_Y_rhs_r)           16777216 elem     134217728 bytes
  d_divJ_r(=d_xB_prev_r)         16777216 elem     134217728 bytes
  d_phi_k                         8454144 elem     135266304 bytes
  d_phi_rhs_k(=d_mu_x_k=d_Y_rhs_k)        8454144 elem     135266304 bytes
  d_Y_k                           8454144 elem     135266304 bytes
  d_divJ_k                        8454144 elem     135266304 bytes
  d_scratch_k_double              8454144 elem     135266304 bytes
  d_scratch_r_double             33554432 elem     268435456 bytes
  d_uxx_r..d_uyz_r (6)          100663296 elem     402653184 bytes
  d_sigma_*_r (6)               100663296 elem     402653184 bytes
  d_ux_k,d_uy_k,d_uz_k           25362432 elem     202899456 bytes
  d_uxx_k..d_uyz_k (6)           50724864 elem     405798912 bytes
  ----------------------------------------
  Total resident (est.)              3566731264 bytes (3401.50 MB)
  Peak estimate (resident+transient) ~ same (scratch reused)
=== End Memory Ledger ===

创建cuFFT计划...
  网格: 256x256x256
弹性FFT计划创建成功（float精度）
cuFFT计划创建成功（复用计划，减少内存使用）
构建k空间...
[gpu mem] before minimize work buffers: free=11.21 GB / total=15.47 GB (used=4.26 GB)
计算t=0的诊断统计...
计算t=0的诊断统计...

========================================
初始化完成后的显存使用情况:
  网格大小: 256x256x256
  已使用: 4.26 GB (27.52%)
  空闲: 11.21 GB
  总计: 15.47 GB
  弹性功能: 已启用
========================================

[3D] step=00000 t=0.000000 t_real=0.000000e+00 s <x_B_tot>=1.209490e-01 vf_precip_indicator=9.366077e-02 vf_precip_h=9.387376e-02 R_avg=4.913200e+00 xB_range=[0.0047, 0.0300] Meff_range=[3.3228e-03, 2.8886e+00] t_wall=2026-03-18 19:56:26

开始时间推进...
========================================
[3D] step=00010 t=1.000000 t_real=1.114792e+00 s <x_B_tot>=1.206082e-01 vf_precip_indicator=9.388465e-02 vf_precip_h=9.393489e-02 R_avg=6.235669e+00 xB_range=[0.0047, 0.0301] Meff_range=[3.3133e-03, 2.8990e+00] t_wall=2026-03-18 19:56:39
[3D] step=00020 t=2.000000 t_real=2.229584e+00 s <x_B_tot>=1.202547e-01 vf_precip_indicator=9.385520e-02 vf_precip_h=9.395106e-02 R_avg=6.597792e+00 xB_range=[0.0047, 0.0301] Meff_range=[3.3122e-03, 2.9020e+00] t_wall=2026-03-18 19:56:51
[3D] step=00030 t=3.000000 t_real=3.344376e+00 s <x_B_tot>=1.200431e-01 vf_precip_indicator=9.384590e-02 vf_precip_h=9.395758e-02 R_avg=6.666066e+00 xB_range=[0.0047, 0.0306] Meff_range=[3.3151e-03, 2.9023e+00] t_wall=2026-03-18 19:57:03
[3D] step=00040 t=4.000000 t_real=4.459168e+00 s <x_B_tot>=1.199455e-01 vf_precip_indicator=9.383851e-02 vf_precip_h=9.396142e-02 R_avg=6.681918e+00 xB_range=[0.0047, 0.0315] Meff_range=[3.3225e-03, 2.9045e+00] t_wall=2026-03-18 19:57:16
[3D] step=00050 t=5.000000 t_real=5.573960e+00 s <x_B_tot>=1.199231e-01 vf_precip_indicator=9.384400e-02 vf_precip_h=9.396437e-02 R_avg=6.687354e+00 xB_range=[0.0047, 0.0322] Meff_range=[3.3403e-03, 3.0036e+00] t_wall=2026-03-18 19:57:28
[3D] step=00060 t=6.000000 t_real=6.688752e+00 s <x_B_tot>=1.199402e-01 vf_precip_indicator=9.384984e-02 vf_precip_h=9.396688e-02 R_avg=6.690265e+00 xB_range=[0.0047, 0.0325] Meff_range=[3.3760e-03, 3.0474e+00] t_wall=2026-03-18 19:57:41
[3D] step=00070 t=7.000000 t_real=7.803544e+00 s <x_B_tot>=1.199786e-01 vf_precip_indicator=9.385055e-02 vf_precip_h=9.396908e-02 R_avg=6.690600e+00 xB_range=[0.0048, 0.0324] Meff_range=[3.4417e-03, 3.0501e+00] t_wall=2026-03-18 19:57:53
[3D] step=00080 t=8.000000 t_real=8.918336e+00 s <x_B_tot>=1.200324e-01 vf_precip_indicator=9.384960e-02 vf_precip_h=9.397114e-02 R_avg=6.686239e+00 xB_range=[0.0050, 0.0321] Meff_range=[3.5453e-03, 3.0172e+00] t_wall=2026-03-18 19:58:06
[3D] step=00090 t=9.000000 t_real=1.003313e+01 s <x_B_tot>=1.200936e-01 vf_precip_indicator=9.385663e-02 vf_precip_h=9.397327e-02 R_avg=6.680184e+00 xB_range=[0.0052, 0.0316] Meff_range=[3.6921e-03, 2.9285e+00] t_wall=2026-03-18 19:58:18
[3D] step=00100 t=10.000000 t_real=1.114792e+01 s <x_B_tot>=1.201530e-01 vf_precip_indicator=9.385282e-02 vf_precip_h=9.397556e-02 R_avg=6.680479e+00 xB_range=[0.0054, 0.0310] Meff_range=[3.8870e-03, 2.8981e+00] t_wall=2026-03-18 19:58:31
[3D] step=00110 t=11.000000 t_real=1.226271e+01 s <x_B_tot>=1.202049e-01 vf_precip_indicator=9.385592e-02 vf_precip_h=9.397787e-02 R_avg=6.675036e+00 xB_range=[0.0057, 0.0310] Meff_range=[4.1363e-03, 2.8964e+00] t_wall=2026-03-18 19:58:43
[3D] step=00120 t=12.000000 t_real=1.337750e+01 s <x_B_tot>=1.202499e-01 vf_precip_indicator=9.386307e-02 vf_precip_h=9.398001e-02 R_avg=6.669262e+00 xB_range=[0.0061, 0.0311] Meff_range=[4.4459e-03, 2.8719e+00] t_wall=2026-03-18 19:58:56
[3D] step=00130 t=13.000000 t_real=1.449230e+01 s <x_B_tot>=1.202909e-01 vf_precip_indicator=9.386235e-02 vf_precip_h=9.398192e-02 R_avg=6.664727e+00 xB_range=[0.0066, 0.0311] Meff_range=[4.8227e-03, 2.9057e+00] t_wall=2026-03-18 19:59:08
[3D] step=00140 t=14.000000 t_real=1.560709e+01 s <x_B_tot>=1.203301e-01 vf_precip_indicator=9.386998e-02 vf_precip_h=9.398365e-02 R_avg=6.662261e+00 xB_range=[0.0072, 0.0312] Meff_range=[5.2754e-03, 2.9161e+00] t_wall=2026-03-18 19:59:20
[3D] step=00150 t=15.000000 t_real=1.672188e+01 s <x_B_tot>=1.203682e-01 vf_precip_indicator=9.387201e-02 vf_precip_h=9.398532e-02 R_avg=6.657210e+00 xB_range=[0.0079, 0.0312] Meff_range=[5.8149e-03, 2.8988e+00] t_wall=2026-03-18 19:59:33
[3D] step=00160 t=16.000000 t_real=1.783667e+01 s <x_B_tot>=1.204049e-01 vf_precip_indicator=9.387606e-02 vf_precip_h=9.398700e-02 R_avg=6.649877e+00 xB_range=[0.0087, 0.0315] Meff_range=[6.4546e-03, 2.8647e+00] t_wall=2026-03-18 19:59:45
[3D] step=00170 t=17.000000 t_real=1.895146e+01 s <x_B_tot>=1.204395e-01 vf_precip_indicator=9.387225e-02 vf_precip_h=9.398871e-02 R_avg=6.644152e+00 xB_range=[0.0096, 0.0318] Meff_range=[7.2117e-03, 2.8572e+00] t_wall=2026-03-18 19:59:58
[3D] step=00180 t=18.000000 t_real=2.006626e+01 s <x_B_tot>=1.204716e-01 vf_precip_indicator=9.387034e-02 vf_precip_h=9.399041e-02 R_avg=6.639597e+00 xB_range=[0.0107, 0.0323] Meff_range=[8.1076e-03, 2.8604e+00] t_wall=2026-03-18 20:00:10
[3D] step=00190 t=19.000000 t_real=2.118105e+01 s <x_B_tot>=1.205011e-01 vf_precip_indicator=9.387475e-02 vf_precip_h=9.399206e-02 R_avg=6.635496e+00 xB_range=[0.0119, 0.0329] Meff_range=[9.1683e-03, 2.8579e+00] t_wall=2026-03-18 20:00:23
[3D] step=00200 t=20.000000 t_real=2.229584e+01 s <x_B_tot>=1.205284e-01 vf_precip_indicator=9.387952e-02 vf_precip_h=9.399363e-02 R_avg=6.634311e+00 xB_range=[0.0133, 0.0335] Meff_range=[1.0426e-02, 2.8777e+00] t_wall=2026-03-18 20:00:35
[3D] step=00210 t=21.000000 t_real=2.341063e+01 s <x_B_tot>=1.205541e-01 vf_precip_indicator=9.388036e-02 vf_precip_h=9.399514e-02 R_avg=6.626802e+00 xB_range=[0.0150, 0.0342] Meff_range=[1.1919e-02, 2.8879e+00] t_wall=2026-03-18 20:00:48
[3D] step=00220 t=22.000000 t_real=2.452542e+01 s <x_B_tot>=1.205791e-01 vf_precip_indicator=9.387785e-02 vf_precip_h=9.399659e-02 R_avg=6.623251e+00 xB_range=[0.0168, 0.0350] Meff_range=[1.3696e-02, 2.8925e+00] t_wall=2026-03-18 20:01:00
[3D] step=00230 t=23.000000 t_real=2.564022e+01 s <x_B_tot>=1.206037e-01 vf_precip_indicator=9.388036e-02 vf_precip_h=9.399799e-02 R_avg=6.617630e+00 xB_range=[0.0189, 0.0360] Meff_range=[1.5815e-02, 2.8978e+00] t_wall=2026-03-18 20:01:13
[3D] step=00240 t=24.000000 t_real=2.675501e+01 s <x_B_tot>=1.206281e-01 vf_precip_indicator=9.388000e-02 vf_precip_h=9.399936e-02 R_avg=6.614270e+00 xB_range=[0.0213, 0.0370] Meff_range=[1.8349e-02, 2.9049e+00] t_wall=2026-03-18 20:01:25
[3D] step=00250 t=25.000000 t_real=2.786980e+01 s <x_B_tot>=1.206524e-01 vf_precip_indicator=9.388465e-02 vf_precip_h=9.400070e-02 R_avg=6.609277e+00 xB_range=[0.0240, 0.0382] Meff_range=[2.1386e-02, 2.9121e+00] t_wall=2026-03-18 20:01:37
[3D] step=00260 t=26.000000 t_real=2.898459e+01 s <x_B_tot>=1.206766e-01 vf_precip_indicator=9.388191e-02 vf_precip_h=9.400200e-02 R_avg=6.606128e+00 xB_range=[0.0271, 0.0395] Meff_range=[2.5031e-02, 2.9171e+00] t_wall=2026-03-18 20:01:50
[3D] step=00270 t=27.000000 t_real=3.009938e+01 s <x_B_tot>=1.207007e-01 vf_precip_indicator=9.389085e-02 vf_precip_h=9.400327e-02 R_avg=6.602111e+00 xB_range=[0.0281, 0.0409] Meff_range=[2.7555e-02, 2.9196e+00] t_wall=2026-03-18 20:02:02
[3D] step=00280 t=28.000000 t_real=3.121418e+01 s <x_B_tot>=1.207246e-01 vf_precip_indicator=9.389096e-02 vf_precip_h=9.400451e-02 R_avg=6.595393e+00 xB_range=[0.0282, 0.0425] Meff_range=[2.7610e-02, 2.9204e+00] t_wall=2026-03-18 20:02:15
[3D] step=00290 t=29.000000 t_real=3.232897e+01 s <x_B_tot>=1.207483e-01 vf_precip_indicator=9.389371e-02 vf_precip_h=9.400571e-02 R_avg=6.590741e+00 xB_range=[0.0282, 0.0443] Meff_range=[2.7652e-02, 2.9201e+00] t_wall=2026-03-18 20:02:27
[3D] step=00300 t=30.000000 t_real=3.344376e+01 s <x_B_tot>=1.207717e-01 vf_precip_indicator=9.389156e-02 vf_precip_h=9.400688e-02 R_avg=6.585050e+00 xB_range=[0.0283, 0.0464] Meff_range=[2.7689e-02, 2.9199e+00] t_wall=2026-03-18 20:02:40
[3D] step=00310 t=31.000000 t_real=3.455855e+01 s <x_B_tot>=1.207947e-01 vf_precip_indicator=9.389335e-02 vf_precip_h=9.400802e-02 R_avg=6.583493e+00 xB_range=[0.0283, 0.0487] Meff_range=[2.7720e-02, 2.9199e+00] t_wall=2026-03-18 20:02:52
[3D] step=00320 t=32.000000 t_real=3.567334e+01 s <x_B_tot>=1.208173e-01 vf_precip_indicator=9.390622e-02 vf_precip_h=9.400913e-02 R_avg=6.582486e+00 xB_range=[0.0283, 0.0513] Meff_range=[2.7750e-02, 2.9236e+00] t_wall=2026-03-18 20:03:05
[3D] step=00330 t=33.000000 t_real=3.678814e+01 s <x_B_tot>=1.208393e-01 vf_precip_indicator=9.389335e-02 vf_precip_h=9.401022e-02 R_avg=6.578117e+00 xB_range=[0.0284, 0.0544] Meff_range=[2.7780e-02, 2.9282e+00] t_wall=2026-03-18 20:03:17
[3D] step=00340 t=34.000000 t_real=3.790293e+01 s <x_B_tot>=1.208607e-01 vf_precip_indicator=9.389549e-02 vf_precip_h=9.401128e-02 R_avg=6.572443e+00 xB_range=[0.0284, 0.0579] Meff_range=[2.7816e-02, 2.9328e+00] t_wall=2026-03-18 20:03:30
[3D] step=00350 t=35.000000 t_real=3.901772e+01 s <x_B_tot>=1.208814e-01 vf_precip_indicator=9.389335e-02 vf_precip_h=9.401232e-02 R_avg=6.567680e+00 xB_range=[0.0285, 0.0611] Meff_range=[2.7859e-02, 2.9375e+00] t_wall=2026-03-18 20:03:42
[3D] step=00360 t=36.000000 t_real=4.013251e+01 s <x_B_tot>=1.209014e-01 vf_precip_indicator=9.388858e-02 vf_precip_h=9.401334e-02 R_avg=6.563409e+00 xB_range=[0.0285, 0.0637] Meff_range=[2.7903e-02, 2.9423e+00] t_wall=2026-03-18 20:03:54
[3D] step=00370 t=37.000000 t_real=4.124730e+01 s <x_B_tot>=1.209209e-01 vf_precip_indicator=9.388524e-02 vf_precip_h=9.401433e-02 R_avg=6.560503e+00 xB_range=[0.0286, 0.0655] Meff_range=[2.7940e-02, 2.9473e+00] t_wall=2026-03-18 20:04:07
[3D] step=00380 t=38.000000 t_real=4.236210e+01 s <x_B_tot>=1.209397e-01 vf_precip_indicator=9.389573e-02 vf_precip_h=9.401530e-02 R_avg=6.558353e+00 xB_range=[0.0286, 0.0667] Meff_range=[2.7972e-02, 2.9522e+00] t_wall=2026-03-18 20:04:19
[3D] step=00390 t=39.000000 t_real=4.347689e+01 s <x_B_tot>=1.209580e-01 vf_precip_indicator=9.390467e-02 vf_precip_h=9.401625e-02 R_avg=6.557036e+00 xB_range=[0.0287, 0.0671] Meff_range=[2.7999e-02, 2.9568e+00] t_wall=2026-03-18 20:04:32
[3D] step=00400 t=40.000000 t_real=4.459168e+01 s <x_B_tot>=1.209755e-01 vf_precip_indicator=9.390181e-02 vf_precip_h=9.401718e-02 R_avg=6.552230e+00 xB_range=[0.0287, 0.0668] Meff_range=[2.8018e-02, 2.9609e+00] t_wall=2026-03-18 20:04:44
[3D] step=00410 t=41.000000 t_real=4.570647e+01 s <x_B_tot>=1.209922e-01 vf_precip_indicator=9.390372e-02 vf_precip_h=9.401809e-02 R_avg=6.545769e+00 xB_range=[0.0287, 0.0659] Meff_range=[2.8034e-02, 2.9646e+00] t_wall=2026-03-18 20:04:57
[3D] step=00420 t=42.000000 t_real=4.682126e+01 s <x_B_tot>=1.210081e-01 vf_precip_indicator=9.390134e-02 vf_precip_h=9.401898e-02 R_avg=6.541224e+00 xB_range=[0.0288, 0.0644] Meff_range=[2.8045e-02, 2.9681e+00] t_wall=2026-03-18 20:05:09
[3D] step=00430 t=43.000000 t_real=4.793606e+01 s <x_B_tot>=1.210229e-01 vf_precip_indicator=9.389943e-02 vf_precip_h=9.401986e-02 R_avg=6.541212e+00 xB_range=[0.0288, 0.0626] Meff_range=[2.8050e-02, 2.9711e+00] t_wall=2026-03-18 20:05:22
[3D] step=00440 t=44.000000 t_real=4.905085e+01 s <x_B_tot>=1.210367e-01 vf_precip_indicator=9.390384e-02 vf_precip_h=9.402072e-02 R_avg=6.538895e+00 xB_range=[0.0288, 0.0604] Meff_range=[2.8053e-02, 2.9739e+00] t_wall=2026-03-18 20:05:34
[3D] step=00450 t=45.000000 t_real=5.016564e+01 s <x_B_tot>=1.210493e-01 vf_precip_indicator=9.390360e-02 vf_precip_h=9.402157e-02 R_avg=6.536467e+00 xB_range=[0.0288, 0.0581] Meff_range=[2.8049e-02, 2.9767e+00] t_wall=2026-03-18 20:05:47
[3D] step=00460 t=46.000000 t_real=5.128043e+01 s <x_B_tot>=1.210608e-01 vf_precip_indicator=9.390694e-02 vf_precip_h=9.402240e-02 R_avg=6.533296e+00 xB_range=[0.0289, 0.0556] Meff_range=[2.8043e-02, 2.9791e+00] t_wall=2026-03-18 20:05:59
[3D] step=00470 t=47.000000 t_real=5.239522e+01 s <x_B_tot>=1.210710e-01 vf_precip_indicator=9.390348e-02 vf_precip_h=9.402323e-02 R_avg=6.530046e+00 xB_range=[0.0289, 0.0531] Meff_range=[2.8034e-02, 2.9817e+00] t_wall=2026-03-18 20:06:11
[3D] step=00480 t=48.000000 t_real=5.351002e+01 s <x_B_tot>=1.210799e-01 vf_precip_indicator=9.390253e-02 vf_precip_h=9.402403e-02 R_avg=6.522140e+00 xB_range=[0.0289, 0.0506] Meff_range=[2.8018e-02, 2.9840e+00] t_wall=2026-03-18 20:06:24
[3D] step=00490 t=49.000000 t_real=5.462481e+01 s <x_B_tot>=1.210876e-01 vf_precip_indicator=9.390467e-02 vf_precip_h=9.402483e-02 R_avg=6.518571e+00 xB_range=[0.0289, 0.0481] Meff_range=[2.8002e-02, 2.9860e+00] t_wall=2026-03-18 20:06:36
[3D] step=00500 t=50.000000 t_real=5.573960e+01 s <x_B_tot>=1.210940e-01 vf_precip_indicator=9.390181e-02 vf_precip_h=9.402561e-02 R_avg=6.514779e+00 xB_range=[0.0289, 0.0457] Meff_range=[2.7978e-02, 2.9878e+00] t_wall=2026-03-18 20:06:49
[3D] step=00510 t=51.000000 t_real=5.685439e+01 s <x_B_tot>=1.210992e-01 vf_precip_indicator=9.389919e-02 vf_precip_h=9.402638e-02 R_avg=6.513699e+00 xB_range=[0.0289, 0.0435] Meff_range=[2.7955e-02, 2.9894e+00] t_wall=2026-03-18 20:07:01
[3D] step=00520 t=52.000000 t_real=5.796918e+01 s <x_B_tot>=1.211031e-01 vf_precip_indicator=9.391123e-02 vf_precip_h=9.402714e-02 R_avg=6.511453e+00 xB_range=[0.0289, 0.0413] Meff_range=[2.7925e-02, 2.9908e+00] t_wall=2026-03-18 20:07:14
[3D] step=00530 t=53.000000 t_real=5.908398e+01 s <x_B_tot>=1.211059e-01 vf_precip_indicator=9.390903e-02 vf_precip_h=9.402789e-02 R_avg=6.506460e+00 xB_range=[0.0289, 0.0393] Meff_range=[2.7894e-02, 2.9920e+00] t_wall=2026-03-18 20:07:26
[3D] step=00540 t=54.000000 t_real=6.019877e+01 s <x_B_tot>=1.211076e-01 vf_precip_indicator=9.390849e-02 vf_precip_h=9.402862e-02 R_avg=6.500725e+00 xB_range=[0.0289, 0.0374] Meff_range=[2.7859e-02, 2.9930e+00] t_wall=2026-03-18 20:07:39
[3D] step=00550 t=55.000000 t_real=6.131356e+01 s <x_B_tot>=1.211082e-01 vf_precip_indicator=9.391457e-02 vf_precip_h=9.402935e-02 R_avg=6.498852e+00 xB_range=[0.0289, 0.0357] Meff_range=[2.7823e-02, 2.9939e+00] t_wall=2026-03-18 20:07:51
[3D] step=00560 t=56.000000 t_real=6.242835e+01 s <x_B_tot>=1.211079e-01 vf_precip_indicator=9.391469e-02 vf_precip_h=9.403006e-02 R_avg=6.493801e+00 xB_range=[0.0290, 0.0341] Meff_range=[2.7782e-02, 2.9947e+00] t_wall=2026-03-18 20:08:03
[3D] step=00570 t=57.000000 t_real=6.354314e+01 s <x_B_tot>=1.211066e-01 vf_precip_indicator=9.391469e-02 vf_precip_h=9.403076e-02 R_avg=6.490918e+00 xB_range=[0.0290, 0.0326] Meff_range=[2.7739e-02, 2.9952e+00] t_wall=2026-03-18 20:08:16
[3D] step=00580 t=58.000000 t_real=6.465794e+01 s <x_B_tot>=1.211045e-01 vf_precip_indicator=9.392089e-02 vf_precip_h=9.403145e-02 R_avg=6.489891e+00 xB_range=[0.0289, 0.0315] Meff_range=[2.7692e-02, 2.9957e+00] t_wall=2026-03-18 20:08:28
[3D] step=00590 t=59.000000 t_real=6.577273e+01 s <x_B_tot>=1.211016e-01 vf_precip_indicator=9.391457e-02 vf_precip_h=9.403213e-02 R_avg=6.488177e+00 xB_range=[0.0289, 0.0310] Meff_range=[2.7644e-02, 2.9963e+00] t_wall=2026-03-18 20:08:41
[3D] step=00600 t=60.000000 t_real=6.688752e+01 s <x_B_tot>=1.210981e-01 vf_precip_indicator=9.391004e-02 vf_precip_h=9.403280e-02 R_avg=6.486262e+00 xB_range=[0.0289, 0.0310] Meff_range=[2.7384e-02, 2.9967e+00] t_wall=2026-03-18 20:08:53
[3D] step=00610 t=61.000000 t_real=6.800231e+01 s <x_B_tot>=1.210940e-01 vf_precip_indicator=9.391612e-02 vf_precip_h=9.403346e-02 R_avg=6.484754e+00 xB_range=[0.0279, 0.0310] Meff_range=[2.6066e-02, 2.9970e+00] t_wall=2026-03-18 20:09:06
[3D] step=00620 t=62.000000 t_real=6.911710e+01 s <x_B_tot>=1.210894e-01 vf_precip_indicator=9.391826e-02 vf_precip_h=9.403411e-02 R_avg=6.480605e+00 xB_range=[0.0270, 0.0311] Meff_range=[2.4909e-02, 2.9972e+00] t_wall=2026-03-18 20:09:18
[3D] step=00630 t=63.000000 t_real=7.023190e+01 s <x_B_tot>=1.210843e-01 vf_precip_indicator=9.392315e-02 vf_precip_h=9.403474e-02 R_avg=6.476591e+00 xB_range=[0.0261, 0.0311] Meff_range=[2.3896e-02, 2.9974e+00] t_wall=2026-03-18 20:09:31
[3D] step=00640 t=64.000000 t_real=7.134669e+01 s <x_B_tot>=1.210790e-01 vf_precip_indicator=9.392339e-02 vf_precip_h=9.403537e-02 R_avg=6.475809e+00 xB_range=[0.0254, 0.0311] Meff_range=[2.3011e-02, 2.9975e+00] t_wall=2026-03-18 20:09:43
[3D] step=00650 t=65.000000 t_real=7.246148e+01 s <x_B_tot>=1.210733e-01 vf_precip_indicator=9.391981e-02 vf_precip_h=9.403598e-02 R_avg=6.469329e+00 xB_range=[0.0248, 0.0311] Meff_range=[2.2240e-02, 2.9975e+00] t_wall=2026-03-18 20:09:56
[3D] step=00660 t=66.000000 t_real=7.357627e+01 s <x_B_tot>=1.210674e-01 vf_precip_indicator=9.392351e-02 vf_precip_h=9.403659e-02 R_avg=6.466280e+00 xB_range=[0.0242, 0.0311] Meff_range=[2.1573e-02, 2.9976e+00] t_wall=2026-03-18 20:10:08
[3D] step=00670 t=67.000000 t_real=7.469106e+01 s <x_B_tot>=1.210614e-01 vf_precip_indicator=9.392387e-02 vf_precip_h=9.403718e-02 R_avg=6.464595e+00 xB_range=[0.0237, 0.0311] Meff_range=[2.1000e-02, 2.9976e+00] t_wall=2026-03-18 20:10:20
[3D] step=00680 t=68.000000 t_real=7.580586e+01 s <x_B_tot>=1.210553e-01 vf_precip_indicator=9.392625e-02 vf_precip_h=9.403777e-02 R_avg=6.462741e+00 xB_range=[0.0233, 0.0311] Meff_range=[2.0511e-02, 2.9976e+00] t_wall=2026-03-18 20:10:33
[3D] step=00690 t=69.000000 t_real=7.692065e+01 s <x_B_tot>=1.210492e-01 vf_precip_indicator=9.392029e-02 vf_precip_h=9.403834e-02 R_avg=6.461051e+00 xB_range=[0.0229, 0.0311] Meff_range=[2.0101e-02, 2.9976e+00] t_wall=2026-03-18 20:10:45
[3D] step=00700 t=70.000000 t_real=7.803544e+01 s <x_B_tot>=1.210431e-01 vf_precip_indicator=9.392816e-02 vf_precip_h=9.403891e-02 R_avg=6.459723e+00 xB_range=[0.0226, 0.0311] Meff_range=[1.9761e-02, 2.9976e+00] t_wall=2026-03-18 20:10:58
[3D] step=00710 t=71.000000 t_real=7.915023e+01 s <x_B_tot>=1.210371e-01 vf_precip_indicator=9.392804e-02 vf_precip_h=9.403946e-02 R_avg=6.457935e+00 xB_range=[0.0224, 0.0311] Meff_range=[1.9487e-02, 2.9976e+00] t_wall=2026-03-18 20:11:10
[3D] step=00720 t=72.000000 t_real=8.026502e+01 s <x_B_tot>=1.210311e-01 vf_precip_indicator=9.392387e-02 vf_precip_h=9.404001e-02 R_avg=6.454034e+00 xB_range=[0.0222, 0.0311] Meff_range=[1.9275e-02, 2.9975e+00] t_wall=2026-03-18 20:11:23
[3D] step=00730 t=73.000000 t_real=8.137982e+01 s <x_B_tot>=1.210253e-01 vf_precip_indicator=9.392756e-02 vf_precip_h=9.404055e-02 R_avg=6.451616e+00 xB_range=[0.0220, 0.0311] Meff_range=[1.9120e-02, 2.9976e+00] t_wall=2026-03-18 20:11:35
[3D] step=00740 t=74.000000 t_real=8.249461e+01 s <x_B_tot>=1.210197e-01 vf_precip_indicator=9.393078e-02 vf_precip_h=9.404107e-02 R_avg=6.449050e+00 xB_range=[0.0220, 0.0311] Meff_range=[1.9018e-02, 2.9977e+00] t_wall=2026-03-18 20:11:48
[3D] step=00750 t=75.000000 t_real=8.360940e+01 s <x_B_tot>=1.210143e-01 vf_precip_indicator=9.392887e-02 vf_precip_h=9.404159e-02 R_avg=6.447189e+00 xB_range=[0.0219, 0.0311] Meff_range=[1.8967e-02, 2.9978e+00] t_wall=2026-03-18 20:12:00
[3D] step=00760 t=76.000000 t_real=8.472419e+01 s <x_B_tot>=1.210092e-01 vf_precip_indicator=9.392476e-02 vf_precip_h=9.404210e-02 R_avg=6.445266e+00 xB_range=[0.0219, 0.0311] Meff_range=[1.8963e-02, 2.9981e+00] t_wall=2026-03-18 20:12:12
[3D] step=00770 t=77.000000 t_real=8.583898e+01 s <x_B_tot>=1.210042e-01 vf_precip_indicator=9.392792e-02 vf_precip_h=9.404260e-02 R_avg=6.443141e+00 xB_range=[0.0219, 0.0311] Meff_range=[1.9005e-02, 2.9984e+00] t_wall=2026-03-18 20:12:25
[3D] step=00780 t=78.000000 t_real=8.695378e+01 s <x_B_tot>=1.209996e-01 vf_precip_indicator=9.392840e-02 vf_precip_h=9.404309e-02 R_avg=6.442939e+00 xB_range=[0.0220, 0.0311] Meff_range=[1.9090e-02, 2.9986e+00] t_wall=2026-03-18 20:12:37
[3D] step=00790 t=79.000000 t_real=8.806857e+01 s <x_B_tot>=1.209952e-01 vf_precip_indicator=9.392649e-02 vf_precip_h=9.404357e-02 R_avg=6.441053e+00 xB_range=[0.0221, 0.0311] Meff_range=[1.9216e-02, 2.9989e+00] t_wall=2026-03-18 20:12:50
[3D] step=00800 t=80.000000 t_real=8.918336e+01 s <x_B_tot>=1.209911e-01 vf_precip_indicator=9.392327e-02 vf_precip_h=9.404405e-02 R_avg=6.435892e+00 xB_range=[0.0223, 0.0311] Meff_range=[1.9382e-02, 2.9992e+00] t_wall=2026-03-18 20:13:02
[3D] step=00810 t=81.000000 t_real=9.029815e+01 s <x_B_tot>=1.209873e-01 vf_precip_indicator=9.393102e-02 vf_precip_h=9.404452e-02 R_avg=6.431695e+00 xB_range=[0.0225, 0.0311] Meff_range=[1.9586e-02, 2.9995e+00] t_wall=2026-03-18 20:13:15
[3D] step=00820 t=82.000000 t_real=9.141294e+01 s <x_B_tot>=1.209839e-01 vf_precip_indicator=9.392720e-02 vf_precip_h=9.404498e-02 R_avg=6.430136e+00 xB_range=[0.0227, 0.0311] Meff_range=[1.9826e-02, 2.9999e+00] t_wall=2026-03-18 20:13:27
[3D] step=00830 t=83.000000 t_real=9.252774e+01 s <x_B_tot>=1.209807e-01 vf_precip_indicator=9.392530e-02 vf_precip_h=9.404543e-02 R_avg=6.428096e+00 xB_range=[0.0229, 0.0311] Meff_range=[2.0101e-02, 3.0003e+00] t_wall=2026-03-18 20:13:40
[3D] step=00840 t=84.000000 t_real=9.364253e+01 s <x_B_tot>=1.209778e-01 vf_precip_indicator=9.392899e-02 vf_precip_h=9.404587e-02 R_avg=6.426864e+00 xB_range=[0.0232, 0.0311] Meff_range=[2.0410e-02, 3.0007e+00] t_wall=2026-03-18 20:13:52
[3D] step=00850 t=85.000000 t_real=9.475732e+01 s <x_B_tot>=1.209753e-01 vf_precip_indicator=9.393167e-02 vf_precip_h=9.404631e-02 R_avg=6.424922e+00 xB_range=[0.0235, 0.0311] Meff_range=[2.0750e-02, 3.0012e+00] t_wall=2026-03-18 20:14:05
[3D] step=00860 t=86.000000 t_real=9.587211e+01 s <x_B_tot>=1.209730e-01 vf_precip_indicator=9.393090e-02 vf_precip_h=9.404674e-02 R_avg=6.423647e+00 xB_range=[0.0238, 0.0311] Meff_range=[2.1120e-02, 3.0017e+00] t_wall=2026-03-18 20:14:17
[3D] step=00870 t=87.000000 t_real=9.698690e+01 s <x_B_tot>=1.209711e-01 vf_precip_indicator=9.392816e-02 vf_precip_h=9.404716e-02 R_avg=6.422121e+00 xB_range=[0.0242, 0.0311] Meff_range=[2.1519e-02, 3.0022e+00] t_wall=2026-03-18 20:14:29
[3D] step=00880 t=88.000000 t_real=9.810170e+01 s <x_B_tot>=1.209694e-01 vf_precip_indicator=9.393257e-02 vf_precip_h=9.404758e-02 R_avg=6.421347e+00 xB_range=[0.0245, 0.0311] Meff_range=[2.1944e-02, 3.0027e+00] t_wall=2026-03-18 20:14:42
[3D] step=00890 t=89.000000 t_real=9.921649e+01 s <x_B_tot>=1.209681e-01 vf_precip_indicator=9.393603e-02 vf_precip_h=9.404798e-02 R_avg=6.418997e+00 xB_range=[0.0249, 0.0311] Meff_range=[2.2394e-02, 3.0033e+00] t_wall=2026-03-18 20:14:54
[3D] step=00900 t=90.000000 t_real=1.003313e+02 s <x_B_tot>=1.209670e-01 vf_precip_indicator=9.393764e-02 vf_precip_h=9.404839e-02 R_avg=6.418642e+00 xB_range=[0.0253, 0.0311] Meff_range=[2.2866e-02, 3.0039e+00] t_wall=2026-03-18 20:15:07
[3D] step=00910 t=91.000000 t_real=1.014461e+02 s <x_B_tot>=1.209662e-01 vf_precip_indicator=9.393495e-02 vf_precip_h=9.404878e-02 R_avg=6.417297e+00 xB_range=[0.0257, 0.0311] Meff_range=[2.3357e-02, 3.0045e+00] t_wall=2026-03-18 20:15:19
[3D] step=00920 t=92.000000 t_real=1.025609e+02 s <x_B_tot>=1.209656e-01 vf_precip_indicator=9.393138e-02 vf_precip_h=9.404917e-02 R_avg=6.416240e+00 xB_range=[0.0261, 0.0311] Meff_range=[2.3865e-02, 3.0051e+00] t_wall=2026-03-18 20:15:32
[3D] step=00930 t=93.000000 t_real=1.036757e+02 s <x_B_tot>=1.209653e-01 vf_precip_indicator=9.393507e-02 vf_precip_h=9.404956e-02 R_avg=6.413156e+00 xB_range=[0.0265, 0.0311] Meff_range=[2.4388e-02, 3.0057e+00] t_wall=2026-03-18 20:15:44
[3D] step=00940 t=94.000000 t_real=1.047904e+02 s <x_B_tot>=1.209653e-01 vf_precip_indicator=9.393531e-02 vf_precip_h=9.404993e-02 R_avg=6.409115e+00 xB_range=[0.0270, 0.0311] Meff_range=[2.4921e-02, 3.0064e+00] t_wall=2026-03-18 20:15:57
[3D] step=00950 t=95.000000 t_real=1.059052e+02 s <x_B_tot>=1.209655e-01 vf_precip_indicator=9.393758e-02 vf_precip_h=9.405030e-02 R_avg=6.408141e+00 xB_range=[0.0274, 0.0311] Meff_range=[2.5462e-02, 3.0071e+00] t_wall=2026-03-18 20:16:09
[3D] step=00960 t=96.000000 t_real=1.070200e+02 s <x_B_tot>=1.209659e-01 vf_precip_indicator=9.393603e-02 vf_precip_h=9.405067e-02 R_avg=6.406443e+00 xB_range=[0.0278, 0.0312] Meff_range=[2.6007e-02, 3.0079e+00] t_wall=2026-03-18 20:16:22
[3D] step=00970 t=97.000000 t_real=1.081348e+02 s <x_B_tot>=1.209664e-01 vf_precip_indicator=9.394127e-02 vf_precip_h=9.405103e-02 R_avg=6.404342e+00 xB_range=[0.0282, 0.0312] Meff_range=[2.6553e-02, 3.0086e+00] t_wall=2026-03-18 20:16:34
[3D] step=00980 t=98.000000 t_real=1.092496e+02 s <x_B_tot>=1.209672e-01 vf_precip_indicator=9.394139e-02 vf_precip_h=9.405139e-02 R_avg=6.402847e+00 xB_range=[0.0287, 0.0312] Meff_range=[2.7095e-02, 3.0093e+00] t_wall=2026-03-18 20:16:46
[3D] step=00990 t=99.000000 t_real=1.103644e+02 s <x_B_tot>=1.209682e-01 vf_precip_indicator=9.395033e-02 vf_precip_h=9.405174e-02 R_avg=6.402113e+00 xB_range=[0.0290, 0.0312] Meff_range=[2.7629e-02, 3.0101e+00] t_wall=2026-03-18 20:16:59
[3D] step=01000 t=100.000000 t_real=1.114792e+02 s <x_B_tot>=1.209693e-01 vf_precip_indicator=9.394830e-02 vf_precip_h=9.405208e-02 R_avg=6.402827e+00 xB_range=[0.0290, 0.0312] Meff_range=[2.8153e-02, 3.0108e+00] t_wall=2026-03-18 20:17:11
[3D] step=01010 t=101.000000 t_real=1.125940e+02 s <x_B_tot>=1.209705e-01 vf_precip_indicator=9.394211e-02 vf_precip_h=9.405242e-02 R_avg=6.399949e+00 xB_range=[0.0290, 0.0312] Meff_range=[2.8259e-02, 3.0115e+00] t_wall=2026-03-18 20:17:24
[3D] step=01020 t=102.000000 t_real=1.137088e+02 s <x_B_tot>=1.209719e-01 vf_precip_indicator=9.394079e-02 vf_precip_h=9.405275e-02 R_avg=6.397262e+00 xB_range=[0.0290, 0.0312] Meff_range=[2.8292e-02, 3.0123e+00] t_wall=2026-03-18 20:17:36
[3D] step=01030 t=103.000000 t_real=1.148236e+02 s <x_B_tot>=1.209734e-01 vf_precip_indicator=9.394473e-02 vf_precip_h=9.405308e-02 R_avg=6.395280e+00 xB_range=[0.0290, 0.0312] Meff_range=[2.8323e-02, 3.0131e+00] t_wall=2026-03-18 20:17:49
[3D] step=01040 t=104.000000 t_real=1.159384e+02 s <x_B_tot>=1.209750e-01 vf_precip_indicator=9.395045e-02 vf_precip_h=9.405341e-02 R_avg=6.395324e+00 xB_range=[0.0290, 0.0312] Meff_range=[2.8352e-02, 3.0140e+00] t_wall=2026-03-18 20:18:01
[3D] step=01050 t=105.000000 t_real=1.170532e+02 s <x_B_tot>=1.209767e-01 vf_precip_indicator=9.394741e-02 vf_precip_h=9.405373e-02 R_avg=6.394958e+00 xB_range=[0.0290, 0.0312] Meff_range=[2.8378e-02, 3.0149e+00] t_wall=2026-03-18 20:18:14
[3D] step=01060 t=106.000000 t_real=1.181680e+02 s <x_B_tot>=1.209784e-01 vf_precip_indicator=9.394675e-02 vf_precip_h=9.405405e-02 R_avg=6.393400e+00 xB_range=[0.0290, 0.0314] Meff_range=[2.8403e-02, 3.0157e+00] t_wall=2026-03-18 20:18:26
[3D] step=01070 t=107.000000 t_real=1.192827e+02 s <x_B_tot>=1.209802e-01 vf_precip_indicator=9.394270e-02 vf_precip_h=9.405436e-02 R_avg=6.391051e+00 xB_range=[0.0290, 0.0317] Meff_range=[2.8425e-02, 3.0166e+00] t_wall=2026-03-18 20:18:38
[3D] step=01080 t=108.000000 t_real=1.203975e+02 s <x_B_tot>=1.209821e-01 vf_precip_indicator=9.394413e-02 vf_precip_h=9.405467e-02 R_avg=6.391206e+00 xB_range=[0.0290, 0.0319] Meff_range=[2.8447e-02, 3.0174e+00] t_wall=2026-03-18 20:18:51
[3D] step=01090 t=109.000000 t_real=1.215123e+02 s <x_B_tot>=1.209840e-01 vf_precip_indicator=9.393984e-02 vf_precip_h=9.405497e-02 R_avg=6.389215e+00 xB_range=[0.0290, 0.0321] Meff_range=[2.8467e-02, 3.0182e+00] t_wall=2026-03-18 20:19:03
[3D] step=01100 t=110.000000 t_real=1.226271e+02 s <x_B_tot>=1.209859e-01 vf_precip_indicator=9.393758e-02 vf_precip_h=9.405527e-02 R_avg=6.387364e+00 xB_range=[0.0289, 0.0322] Meff_range=[2.8484e-02, 3.0191e+00] t_wall=2026-03-18 20:19:16
[3D] step=01110 t=111.000000 t_real=1.237419e+02 s <x_B_tot>=1.209878e-01 vf_precip_indicator=9.393591e-02 vf_precip_h=9.405557e-02 R_avg=6.384059e+00 xB_range=[0.0289, 0.0324] Meff_range=[2.8500e-02, 3.0198e+00] t_wall=2026-03-18 20:19:28
[3D] step=01120 t=112.000000 t_real=1.248567e+02 s <x_B_tot>=1.209897e-01 vf_precip_indicator=9.394014e-02 vf_precip_h=9.405586e-02 R_avg=6.384146e+00 xB_range=[0.0289, 0.0325] Meff_range=[2.8515e-02, 3.0206e+00] t_wall=2026-03-18 20:19:41
[3D] step=01130 t=113.000000 t_real=1.259715e+02 s <x_B_tot>=1.209915e-01 vf_precip_indicator=9.394163e-02 vf_precip_h=9.405615e-02 R_avg=6.384649e+00 xB_range=[0.0289, 0.0326] Meff_range=[2.8529e-02, 3.0214e+00] t_wall=2026-03-18 20:19:53
[3D] step=01140 t=114.000000 t_real=1.270863e+02 s <x_B_tot>=1.209934e-01 vf_precip_indicator=9.394473e-02 vf_precip_h=9.405644e-02 R_avg=6.384170e+00 xB_range=[0.0289, 0.0326] Meff_range=[2.8541e-02, 3.0221e+00] t_wall=2026-03-18 20:20:06
[3D] step=01150 t=115.000000 t_real=1.282011e+02 s <x_B_tot>=1.209952e-01 vf_precip_indicator=9.394270e-02 vf_precip_h=9.405672e-02 R_avg=6.383171e+00 xB_range=[0.0289, 0.0327] Meff_range=[2.8551e-02, 3.0229e+00] t_wall=2026-03-18 20:20:18
[3D] step=01160 t=116.000000 t_real=1.293159e+02 s <x_B_tot>=1.209969e-01 vf_precip_indicator=9.394521e-02 vf_precip_h=9.405700e-02 R_avg=6.381675e+00 xB_range=[0.0289, 0.0327] Meff_range=[2.8561e-02, 3.0236e+00] t_wall=2026-03-18 20:20:31
[3D] step=01170 t=117.000000 t_real=1.304307e+02 s <x_B_tot>=1.209986e-01 vf_precip_indicator=9.394473e-02 vf_precip_h=9.405728e-02 R_avg=6.381241e+00 xB_range=[0.0289, 0.0327] Meff_range=[2.8570e-02, 3.0242e+00] t_wall=2026-03-18 20:20:43
[3D] step=01180 t=118.000000 t_real=1.315455e+02 s <x_B_tot>=1.210002e-01 vf_precip_indicator=9.394807e-02 vf_precip_h=9.405755e-02 R_avg=6.379817e+00 xB_range=[0.0289, 0.0326] Meff_range=[2.8577e-02, 3.0249e+00] t_wall=2026-03-18 20:20:55
[3D] step=01190 t=119.000000 t_real=1.326602e+02 s <x_B_tot>=1.210018e-01 vf_precip_indicator=9.394687e-02 vf_precip_h=9.405782e-02 R_avg=6.378761e+00 xB_range=[0.0289, 0.0326] Meff_range=[2.8583e-02, 3.0256e+00] t_wall=2026-03-18 20:21:08
[3D] step=01200 t=120.000000 t_real=1.337750e+02 s <x_B_tot>=1.210032e-01 vf_precip_indicator=9.394842e-02 vf_precip_h=9.405809e-02 R_avg=6.377905e+00 xB_range=[0.0289, 0.0325] Meff_range=[2.8587e-02, 3.0262e+00] t_wall=2026-03-18 20:21:20
[3D] step=01210 t=121.000000 t_real=1.348898e+02 s <x_B_tot>=1.210046e-01 vf_precip_indicator=9.394771e-02 vf_precip_h=9.405835e-02 R_avg=6.375793e+00 xB_range=[0.0289, 0.0325] Meff_range=[2.8591e-02, 3.0268e+00] t_wall=2026-03-18 20:21:33
[3D] step=01220 t=122.000000 t_real=1.360046e+02 s <x_B_tot>=1.210059e-01 vf_precip_indicator=9.394604e-02 vf_precip_h=9.405861e-02 R_avg=6.372300e+00 xB_range=[0.0289, 0.0324] Meff_range=[2.8594e-02, 3.0274e+00] t_wall=2026-03-18 20:21:45
[3D] step=01230 t=123.000000 t_real=1.371194e+02 s <x_B_tot>=1.210071e-01 vf_precip_indicator=9.394425e-02 vf_precip_h=9.405887e-02 R_avg=6.370834e+00 xB_range=[0.0289, 0.0323] Meff_range=[2.8596e-02, 3.0279e+00] t_wall=2026-03-18 20:21:58
[3D] step=01240 t=124.000000 t_real=1.382342e+02 s <x_B_tot>=1.210082e-01 vf_precip_indicator=9.394771e-02 vf_precip_h=9.405912e-02 R_avg=6.370381e+00 xB_range=[0.0289, 0.0322] Meff_range=[2.8597e-02, 3.0284e+00] t_wall=2026-03-18 20:22:10
[3D] step=01250 t=125.000000 t_real=1.393490e+02 s <x_B_tot>=1.210093e-01 vf_precip_indicator=9.395021e-02 vf_precip_h=9.405938e-02 R_avg=6.371724e+00 xB_range=[0.0289, 0.0320] Meff_range=[2.8598e-02, 3.0289e+00] t_wall=2026-03-18 20:22:23
[3D] step=01260 t=126.000000 t_real=1.404638e+02 s <x_B_tot>=1.210102e-01 vf_precip_indicator=9.394938e-02 vf_precip_h=9.405963e-02 R_avg=6.369608e+00 xB_range=[0.0289, 0.0319] Meff_range=[2.8597e-02, 3.0294e+00] t_wall=2026-03-18 20:22:35
[3D] step=01270 t=127.000000 t_real=1.415786e+02 s <x_B_tot>=1.210110e-01 vf_precip_indicator=9.394926e-02 vf_precip_h=9.405987e-02 R_avg=6.368999e+00 xB_range=[0.0289, 0.0318] Meff_range=[2.8595e-02, 3.0299e+00] t_wall=2026-03-18 20:22:47
[3D] step=01280 t=128.000000 t_real=1.426934e+02 s <x_B_tot>=1.210117e-01 vf_precip_indicator=9.394431e-02 vf_precip_h=9.406012e-02 R_avg=6.367563e+00 xB_range=[0.0289, 0.0316] Meff_range=[2.8593e-02, 3.0304e+00] t_wall=2026-03-18 20:23:00
[3D] step=01290 t=129.000000 t_real=1.438082e+02 s <x_B_tot>=1.210124e-01 vf_precip_indicator=9.394449e-02 vf_precip_h=9.406036e-02 R_avg=6.365832e+00 xB_range=[0.0289, 0.0315] Meff_range=[2.8590e-02, 3.0308e+00] t_wall=2026-03-18 20:23:12
[3D] step=01300 t=130.000000 t_real=1.449230e+02 s <x_B_tot>=1.210129e-01 vf_precip_indicator=9.394020e-02 vf_precip_h=9.406060e-02 R_avg=6.364627e+00 xB_range=[0.0289, 0.0314] Meff_range=[2.8587e-02, 3.0312e+00] t_wall=2026-03-18 20:23:25
[3D] step=01310 t=131.000000 t_real=1.460378e+02 s <x_B_tot>=1.210134e-01 vf_precip_indicator=9.394187e-02 vf_precip_h=9.406084e-02 R_avg=6.365040e+00 xB_range=[0.0289, 0.0313] Meff_range=[2.8583e-02, 3.0316e+00] t_wall=2026-03-18 20:23:37
[3D] step=01320 t=132.000000 t_real=1.471525e+02 s <x_B_tot>=1.210137e-01 vf_precip_indicator=9.394342e-02 vf_precip_h=9.406107e-02 R_avg=6.364289e+00 xB_range=[0.0289, 0.0313] Meff_range=[2.8578e-02, 3.0320e+00] t_wall=2026-03-18 20:23:50
[3D] step=01330 t=133.000000 t_real=1.482673e+02 s <x_B_tot>=1.210140e-01 vf_precip_indicator=9.394747e-02 vf_precip_h=9.406131e-02 R_avg=6.362080e+00 xB_range=[0.0289, 0.0313] Meff_range=[2.8573e-02, 3.0324e+00] t_wall=2026-03-18 20:24:02
[3D] step=01340 t=134.000000 t_real=1.493821e+02 s <x_B_tot>=1.210142e-01 vf_precip_indicator=9.394997e-02 vf_precip_h=9.406154e-02 R_avg=6.360310e+00 xB_range=[0.0288, 0.0313] Meff_range=[2.8569e-02, 3.0327e+00] t_wall=2026-03-18 20:24:15
[3D] step=01350 t=135.000000 t_real=1.504969e+02 s <x_B_tot>=1.210143e-01 vf_precip_indicator=9.395087e-02 vf_precip_h=9.406176e-02 R_avg=6.359272e+00 xB_range=[0.0288, 0.0313] Meff_range=[2.8563e-02, 3.0330e+00] t_wall=2026-03-18 20:24:27
[3D] step=01360 t=136.000000 t_real=1.516117e+02 s <x_B_tot>=1.210144e-01 vf_precip_indicator=9.395224e-02 vf_precip_h=9.406199e-02 R_avg=6.359665e+00 xB_range=[0.0288, 0.0313] Meff_range=[2.8558e-02, 3.0333e+00] t_wall=2026-03-18 20:24:40
[3D] step=01370 t=137.000000 t_real=1.527265e+02 s <x_B_tot>=1.210144e-01 vf_precip_indicator=9.395117e-02 vf_precip_h=9.406221e-02 R_avg=6.358281e+00 xB_range=[0.0288, 0.0313] Meff_range=[2.8552e-02, 3.0336e+00] t_wall=2026-03-18 20:24:52
[3D] step=01380 t=138.000000 t_real=1.538413e+02 s <x_B_tot>=1.210143e-01 vf_precip_indicator=9.395337e-02 vf_precip_h=9.406243e-02 R_avg=6.357504e+00 xB_range=[0.0288, 0.0313] Meff_range=[2.8546e-02, 3.0339e+00] t_wall=2026-03-18 20:25:04
[3D] step=01390 t=139.000000 t_real=1.549561e+02 s <x_B_tot>=1.210142e-01 vf_precip_indicator=9.395069e-02 vf_precip_h=9.406265e-02 R_avg=6.357394e+00 xB_range=[0.0288, 0.0314] Meff_range=[2.8540e-02, 3.0342e+00] t_wall=2026-03-18 20:25:17
[3D] step=01400 t=140.000000 t_real=1.560709e+02 s <x_B_tot>=1.210140e-01 vf_precip_indicator=9.395522e-02 vf_precip_h=9.406287e-02 R_avg=6.357016e+00 xB_range=[0.0288, 0.0314] Meff_range=[2.8534e-02, 3.0345e+00] t_wall=2026-03-18 20:25:29
[3D] step=01410 t=141.000000 t_real=1.571857e+02 s <x_B_tot>=1.210138e-01 vf_precip_indicator=9.395748e-02 vf_precip_h=9.406308e-02 R_avg=6.357355e+00 xB_range=[0.0288, 0.0314] Meff_range=[2.8528e-02, 3.0347e+00] t_wall=2026-03-18 20:25:42
[3D] step=01420 t=142.000000 t_real=1.583005e+02 s <x_B_tot>=1.210135e-01 vf_precip_indicator=9.395081e-02 vf_precip_h=9.406329e-02 R_avg=6.355978e+00 xB_range=[0.0288, 0.0314] Meff_range=[2.8523e-02, 3.0350e+00] t_wall=2026-03-18 20:25:54
[3D] step=01430 t=143.000000 t_real=1.594153e+02 s <x_B_tot>=1.210132e-01 vf_precip_indicator=9.394783e-02 vf_precip_h=9.406350e-02 R_avg=6.354794e+00 xB_range=[0.0288, 0.0314] Meff_range=[2.8518e-02, 3.0353e+00] t_wall=2026-03-18 20:26:07
[3D] step=01440 t=144.000000 t_real=1.605300e+02 s <x_B_tot>=1.210129e-01 vf_precip_indicator=9.394628e-02 vf_precip_h=9.406371e-02 R_avg=6.353906e+00 xB_range=[0.0288, 0.0314] Meff_range=[2.8513e-02, 3.0355e+00] t_wall=2026-03-18 20:26:19
[3D] step=01450 t=145.000000 t_real=1.616448e+02 s <x_B_tot>=1.210125e-01 vf_precip_indicator=9.394711e-02 vf_precip_h=9.406392e-02 R_avg=6.352995e+00 xB_range=[0.0288, 0.0314] Meff_range=[2.8457e-02, 3.0357e+00] t_wall=2026-03-18 20:26:32
[3D] step=01460 t=146.000000 t_real=1.627596e+02 s <x_B_tot>=1.210121e-01 vf_precip_indicator=9.395033e-02 vf_precip_h=9.406412e-02 R_avg=6.352516e+00 xB_range=[0.0288, 0.0314] Meff_range=[2.8372e-02, 3.0359e+00] t_wall=2026-03-18 20:26:44
[3D] step=01470 t=147.000000 t_real=1.638744e+02 s <x_B_tot>=1.210117e-01 vf_precip_indicator=9.395105e-02 vf_precip_h=9.406432e-02 R_avg=6.351327e+00 xB_range=[0.0288, 0.0314] Meff_range=[2.8296e-02, 3.0362e+00] t_wall=2026-03-18 20:26:57
[3D] step=01480 t=148.000000 t_real=1.649892e+02 s <x_B_tot>=1.210113e-01 vf_precip_indicator=9.394699e-02 vf_precip_h=9.406452e-02 R_avg=6.351053e+00 xB_range=[0.0288, 0.0314] Meff_range=[2.8230e-02, 3.0364e+00] t_wall=2026-03-18 20:27:09
[3D] step=01490 t=149.000000 t_real=1.661040e+02 s <x_B_tot>=1.210109e-01 vf_precip_indicator=9.394878e-02 vf_precip_h=9.406472e-02 R_avg=6.350605e+00 xB_range=[0.0288, 0.0314] Meff_range=[2.8173e-02, 3.0366e+00] t_wall=2026-03-18 20:27:21
[3D] step=01500 t=150.000000 t_real=1.672188e+02 s <x_B_tot>=1.210105e-01 vf_precip_indicator=9.395003e-02 vf_precip_h=9.406492e-02 R_avg=6.348842e+00 xB_range=[0.0288, 0.0314] Meff_range=[2.8125e-02, 3.0368e+00] t_wall=2026-03-18 20:27:34
[3D] step=01510 t=151.000000 t_real=1.683336e+02 s <x_B_tot>=1.210101e-01 vf_precip_indicator=9.395254e-02 vf_precip_h=9.406511e-02 R_avg=6.350873e+00 xB_range=[0.0288, 0.0314] Meff_range=[2.8086e-02, 3.0370e+00] t_wall=2026-03-18 20:27:46
[3D] step=01520 t=152.000000 t_real=1.694484e+02 s <x_B_tot>=1.210097e-01 vf_precip_indicator=9.394938e-02 vf_precip_h=9.406530e-02 R_avg=6.348514e+00 xB_range=[0.0288, 0.0314] Meff_range=[2.8055e-02, 3.0372e+00] t_wall=2026-03-18 20:27:59
[3D] step=01530 t=153.000000 t_real=1.705632e+02 s <x_B_tot>=1.210093e-01 vf_precip_indicator=9.395045e-02 vf_precip_h=9.406549e-02 R_avg=6.347507e+00 xB_range=[0.0288, 0.0314] Meff_range=[2.8032e-02, 3.0374e+00] t_wall=2026-03-18 20:28:11
[3D] step=01540 t=154.000000 t_real=1.716780e+02 s <x_B_tot>=1.210089e-01 vf_precip_indicator=9.395093e-02 vf_precip_h=9.406568e-02 R_avg=6.346630e+00 xB_range=[0.0288, 0.0314] Meff_range=[2.8017e-02, 3.0376e+00] t_wall=2026-03-18 20:28:24
[3D] step=01550 t=155.000000 t_real=1.727928e+02 s <x_B_tot>=1.210085e-01 vf_precip_indicator=9.395009e-02 vf_precip_h=9.406587e-02 R_avg=6.346375e+00 xB_range=[0.0288, 0.0314] Meff_range=[2.8009e-02, 3.0378e+00] t_wall=2026-03-18 20:28:36
[3D] step=01560 t=156.000000 t_real=1.739076e+02 s <x_B_tot>=1.210081e-01 vf_precip_indicator=9.394735e-02 vf_precip_h=9.406605e-02 R_avg=6.345707e+00 xB_range=[0.0288, 0.0314] Meff_range=[2.8008e-02, 3.0380e+00] t_wall=2026-03-18 20:28:49
[3D] step=01570 t=157.000000 t_real=1.750223e+02 s <x_B_tot>=1.210078e-01 vf_precip_indicator=9.394413e-02 vf_precip_h=9.406624e-02 R_avg=6.344582e+00 xB_range=[0.0288, 0.0314] Meff_range=[2.8013e-02, 3.0382e+00] t_wall=2026-03-18 20:29:01
[3D] step=01580 t=158.000000 t_real=1.761371e+02 s <x_B_tot>=1.210075e-01 vf_precip_indicator=9.394139e-02 vf_precip_h=9.406642e-02 R_avg=6.344326e+00 xB_range=[0.0288, 0.0314] Meff_range=[2.8024e-02, 3.0384e+00] t_wall=2026-03-18 20:29:13
[3D] step=01590 t=159.000000 t_real=1.772519e+02 s <x_B_tot>=1.210072e-01 vf_precip_indicator=9.394455e-02 vf_precip_h=9.406660e-02 R_avg=6.343844e+00 xB_range=[0.0288, 0.0314] Meff_range=[2.8041e-02, 3.0387e+00] t_wall=2026-03-18 20:29:26
[3D] step=01600 t=160.000000 t_real=1.783667e+02 s <x_B_tot>=1.210069e-01 vf_precip_indicator=9.394538e-02 vf_precip_h=9.406677e-02 R_avg=6.344383e+00 xB_range=[0.0288, 0.0314] Meff_range=[2.8063e-02, 3.0389e+00] t_wall=2026-03-18 20:29:38
[3D] step=01610 t=161.000000 t_real=1.794815e+02 s <x_B_tot>=1.210066e-01 vf_precip_indicator=9.394604e-02 vf_precip_h=9.406695e-02 R_avg=6.343462e+00 xB_range=[0.0287, 0.0314] Meff_range=[2.8089e-02, 3.0391e+00] t_wall=2026-03-18 20:29:51
[3D] step=01620 t=162.000000 t_real=1.805963e+02 s <x_B_tot>=1.210064e-01 vf_precip_indicator=9.394556e-02 vf_precip_h=9.406712e-02 R_avg=6.343856e+00 xB_range=[0.0287, 0.0314] Meff_range=[2.8120e-02, 3.0393e+00] t_wall=2026-03-18 20:30:03
[3D] step=01630 t=163.000000 t_real=1.817111e+02 s <x_B_tot>=1.210062e-01 vf_precip_indicator=9.394854e-02 vf_precip_h=9.406730e-02 R_avg=6.342681e+00 xB_range=[0.0287, 0.0314] Meff_range=[2.8154e-02, 3.0395e+00] t_wall=2026-03-18 20:30:16
[3D] step=01640 t=164.000000 t_real=1.828259e+02 s <x_B_tot>=1.210060e-01 vf_precip_indicator=9.395528e-02 vf_precip_h=9.406747e-02 R_avg=6.341874e+00 xB_range=[0.0287, 0.0314] Meff_range=[2.8192e-02, 3.0397e+00] t_wall=2026-03-18 20:30:28
[3D] step=01650 t=165.000000 t_real=1.839407e+02 s <x_B_tot>=1.210059e-01 vf_precip_indicator=9.395260e-02 vf_precip_h=9.406764e-02 R_avg=6.340984e+00 xB_range=[0.0287, 0.0314] Meff_range=[2.8232e-02, 3.0399e+00] t_wall=2026-03-18 20:30:41
[3D] step=01660 t=166.000000 t_real=1.850555e+02 s <x_B_tot>=1.210058e-01 vf_precip_indicator=9.395629e-02 vf_precip_h=9.406780e-02 R_avg=6.339817e+00 xB_range=[0.0287, 0.0314] Meff_range=[2.8275e-02, 3.0402e+00] t_wall=2026-03-18 20:30:53
[3D] step=01670 t=167.000000 t_real=1.861703e+02 s <x_B_tot>=1.210057e-01 vf_precip_indicator=9.395856e-02 vf_precip_h=9.406797e-02 R_avg=6.338865e+00 xB_range=[0.0287, 0.0314] Meff_range=[2.8319e-02, 3.0404e+00] t_wall=2026-03-18 20:31:06
[3D] step=01680 t=168.000000 t_real=1.872851e+02 s <x_B_tot>=1.210056e-01 vf_precip_indicator=9.396213e-02 vf_precip_h=9.406813e-02 R_avg=6.338809e+00 xB_range=[0.0287, 0.0314] Meff_range=[2.8365e-02, 3.0406e+00] t_wall=2026-03-18 20:31:18
[3D] step=01690 t=169.000000 t_real=1.883998e+02 s <x_B_tot>=1.210055e-01 vf_precip_indicator=9.396183e-02 vf_precip_h=9.406830e-02 R_avg=6.339058e+00 xB_range=[0.0287, 0.0314] Meff_range=[2.8412e-02, 3.0408e+00] t_wall=2026-03-18 20:31:30
[3D] step=01700 t=170.000000 t_real=1.895146e+02 s <x_B_tot>=1.210055e-01 vf_precip_indicator=9.395552e-02 vf_precip_h=9.406846e-02 R_avg=6.338929e+00 xB_range=[0.0287, 0.0314] Meff_range=[2.8460e-02, 3.0410e+00] t_wall=2026-03-18 20:31:43
[3D] step=01710 t=171.000000 t_real=1.906294e+02 s <x_B_tot>=1.210055e-01 vf_precip_indicator=9.395725e-02 vf_precip_h=9.406862e-02 R_avg=6.337927e+00 xB_range=[0.0287, 0.0314] Meff_range=[2.8507e-02, 3.0412e+00] t_wall=2026-03-18 20:31:55
[3D] step=01720 t=172.000000 t_real=1.917442e+02 s <x_B_tot>=1.210055e-01 vf_precip_indicator=9.395713e-02 vf_precip_h=9.406878e-02 R_avg=6.337848e+00 xB_range=[0.0287, 0.0314] Meff_range=[2.8555e-02, 3.0414e+00] t_wall=2026-03-18 20:32:08
[3D] step=01730 t=173.000000 t_real=1.928590e+02 s <x_B_tot>=1.210056e-01 vf_precip_indicator=9.395492e-02 vf_precip_h=9.406894e-02 R_avg=6.336836e+00 xB_range=[0.0287, 0.0314] Meff_range=[2.8602e-02, 3.0417e+00] t_wall=2026-03-18 20:32:20
[3D] step=01740 t=174.000000 t_real=1.939738e+02 s <x_B_tot>=1.210056e-01 vf_precip_indicator=9.395647e-02 vf_precip_h=9.406909e-02 R_avg=6.334620e+00 xB_range=[0.0287, 0.0314] Meff_range=[2.8632e-02, 3.0419e+00] t_wall=2026-03-18 20:32:33
[3D] step=01750 t=175.000000 t_real=1.950886e+02 s <x_B_tot>=1.210057e-01 vf_precip_indicator=9.395844e-02 vf_precip_h=9.406925e-02 R_avg=6.332788e+00 xB_range=[0.0287, 0.0314] Meff_range=[2.8640e-02, 3.0421e+00] t_wall=2026-03-18 20:32:45
[3D] step=01760 t=176.000000 t_real=1.962034e+02 s <x_B_tot>=1.210058e-01 vf_precip_indicator=9.395701e-02 vf_precip_h=9.406940e-02 R_avg=6.331773e+00 xB_range=[0.0287, 0.0314] Meff_range=[2.8647e-02, 3.0423e+00] t_wall=2026-03-18 20:32:58
[3D] step=01770 t=177.000000 t_real=1.973182e+02 s <x_B_tot>=1.210059e-01 vf_precip_indicator=9.395128e-02 vf_precip_h=9.406955e-02 R_avg=6.330850e+00 xB_range=[0.0287, 0.0314] Meff_range=[2.8654e-02, 3.0425e+00] t_wall=2026-03-18 20:33:10
[3D] step=01780 t=178.000000 t_real=1.984330e+02 s <x_B_tot>=1.210060e-01 vf_precip_indicator=9.394985e-02 vf_precip_h=9.406971e-02 R_avg=6.329440e+00 xB_range=[0.0287, 0.0314] Meff_range=[2.8661e-02, 3.0427e+00] t_wall=2026-03-18 20:33:23
[3D] step=01790 t=179.000000 t_real=1.995478e+02 s <x_B_tot>=1.210062e-01 vf_precip_indicator=9.394687e-02 vf_precip_h=9.406986e-02 R_avg=6.329931e+00 xB_range=[0.0287, 0.0314] Meff_range=[2.8667e-02, 3.0429e+00] t_wall=2026-03-18 20:33:35
[3D] step=01800 t=180.000000 t_real=2.006626e+02 s <x_B_tot>=1.210063e-01 vf_precip_indicator=9.394830e-02 vf_precip_h=9.407000e-02 R_avg=6.329350e+00 xB_range=[0.0287, 0.0314] Meff_range=[2.8674e-02, 3.0432e+00] t_wall=2026-03-18 20:33:47
[3D] step=01810 t=181.000000 t_real=2.017774e+02 s <x_B_tot>=1.210065e-01 vf_precip_indicator=9.395319e-02 vf_precip_h=9.407015e-02 R_avg=6.329242e+00 xB_range=[0.0287, 0.0314] Meff_range=[2.8680e-02, 3.0434e+00] t_wall=2026-03-18 20:34:00
[3D] step=01820 t=182.000000 t_real=2.028921e+02 s <x_B_tot>=1.210067e-01 vf_precip_indicator=9.395415e-02 vf_precip_h=9.407030e-02 R_avg=6.328995e+00 xB_range=[0.0287, 0.0314] Meff_range=[2.8685e-02, 3.0436e+00] t_wall=2026-03-18 20:34:12
[3D] step=01830 t=183.000000 t_real=2.040069e+02 s <x_B_tot>=1.210069e-01 vf_precip_indicator=9.395701e-02 vf_precip_h=9.407044e-02 R_avg=6.328355e+00 xB_range=[0.0287, 0.0314] Meff_range=[2.8691e-02, 3.0438e+00] t_wall=2026-03-18 20:34:25
[3D] step=01840 t=184.000000 t_real=2.051217e+02 s <x_B_tot>=1.210070e-01 vf_precip_indicator=9.395534e-02 vf_precip_h=9.407059e-02 R_avg=6.327918e+00 xB_range=[0.0287, 0.0314] Meff_range=[2.8695e-02, 3.0440e+00] t_wall=2026-03-18 20:34:37
[3D] step=01850 t=185.000000 t_real=2.062365e+02 s <x_B_tot>=1.210072e-01 vf_precip_indicator=9.395784e-02 vf_precip_h=9.407073e-02 R_avg=6.327522e+00 xB_range=[0.0287, 0.0314] Meff_range=[2.8700e-02, 3.0442e+00] t_wall=2026-03-18 20:34:50
[3D] step=01860 t=186.000000 t_real=2.073513e+02 s <x_B_tot>=1.210074e-01 vf_precip_indicator=9.396118e-02 vf_precip_h=9.407087e-02 R_avg=6.328170e+00 xB_range=[0.0287, 0.0314] Meff_range=[2.8704e-02, 3.0444e+00] t_wall=2026-03-18 20:35:02
[3D] step=01870 t=187.000000 t_real=2.084661e+02 s <x_B_tot>=1.210076e-01 vf_precip_indicator=9.395820e-02 vf_precip_h=9.407101e-02 R_avg=6.328266e+00 xB_range=[0.0287, 0.0314] Meff_range=[2.8708e-02, 3.0446e+00] t_wall=2026-03-18 20:35:15
[3D] step=01880 t=188.000000 t_real=2.095809e+02 s <x_B_tot>=1.210078e-01 vf_precip_indicator=9.395832e-02 vf_precip_h=9.407115e-02 R_avg=6.327794e+00 xB_range=[0.0287, 0.0314] Meff_range=[2.8712e-02, 3.0448e+00] t_wall=2026-03-18 20:35:27
[3D] step=01890 t=189.000000 t_real=2.106957e+02 s <x_B_tot>=1.210080e-01 vf_precip_indicator=9.395999e-02 vf_precip_h=9.407129e-02 R_avg=6.327935e+00 xB_range=[0.0287, 0.0314] Meff_range=[2.8715e-02, 3.0450e+00] t_wall=2026-03-18 20:35:40
[3D] step=01900 t=190.000000 t_real=2.118105e+02 s <x_B_tot>=1.210082e-01 vf_precip_indicator=9.396285e-02 vf_precip_h=9.407143e-02 R_avg=6.327507e+00 xB_range=[0.0287, 0.0314] Meff_range=[2.8718e-02, 3.0451e+00] t_wall=2026-03-18 20:35:52
[3D] step=01910 t=191.000000 t_real=2.129253e+02 s <x_B_tot>=1.210084e-01 vf_precip_indicator=9.396052e-02 vf_precip_h=9.407157e-02 R_avg=6.326899e+00 xB_range=[0.0287, 0.0314] Meff_range=[2.8721e-02, 3.0453e+00] t_wall=2026-03-18 20:36:04
[3D] step=01920 t=192.000000 t_real=2.140401e+02 s <x_B_tot>=1.210086e-01 vf_precip_indicator=9.396350e-02 vf_precip_h=9.407170e-02 R_avg=6.328369e+00 xB_range=[0.0287, 0.0314] Meff_range=[2.8724e-02, 3.0455e+00] t_wall=2026-03-18 20:36:17
[3D] step=01930 t=193.000000 t_real=2.151549e+02 s <x_B_tot>=1.210088e-01 vf_precip_indicator=9.396297e-02 vf_precip_h=9.407184e-02 R_avg=6.328375e+00 xB_range=[0.0287, 0.0314] Meff_range=[2.8726e-02, 3.0457e+00] t_wall=2026-03-18 20:36:29
[3D] step=01940 t=194.000000 t_real=2.162696e+02 s <x_B_tot>=1.210090e-01 vf_precip_indicator=9.396023e-02 vf_precip_h=9.407197e-02 R_avg=6.329306e+00 xB_range=[0.0287, 0.0314] Meff_range=[2.8728e-02, 3.0459e+00] t_wall=2026-03-18 20:36:42
[3D] step=01950 t=195.000000 t_real=2.173844e+02 s <x_B_tot>=1.210092e-01 vf_precip_indicator=9.396178e-02 vf_precip_h=9.407210e-02 R_avg=6.329057e+00 xB_range=[0.0287, 0.0314] Meff_range=[2.8730e-02, 3.0460e+00] t_wall=2026-03-18 20:36:54
[3D] step=01960 t=196.000000 t_real=2.184992e+02 s <x_B_tot>=1.210094e-01 vf_precip_indicator=9.396118e-02 vf_precip_h=9.407224e-02 R_avg=6.328072e+00 xB_range=[0.0287, 0.0314] Meff_range=[2.8731e-02, 3.0462e+00] t_wall=2026-03-18 20:37:07
[3D] step=01970 t=197.000000 t_real=2.196140e+02 s <x_B_tot>=1.210096e-01 vf_precip_indicator=9.395844e-02 vf_precip_h=9.407237e-02 R_avg=6.328381e+00 xB_range=[0.0287, 0.0314] Meff_range=[2.8732e-02, 3.0464e+00] t_wall=2026-03-18 20:37:19
[3D] step=01980 t=198.000000 t_real=2.207288e+02 s <x_B_tot>=1.210097e-01 vf_precip_indicator=9.395796e-02 vf_precip_h=9.407250e-02 R_avg=6.327897e+00 xB_range=[0.0287, 0.0314] Meff_range=[2.8733e-02, 3.0466e+00] t_wall=2026-03-18 20:37:32
[3D] step=01990 t=199.000000 t_real=2.218436e+02 s <x_B_tot>=1.210099e-01 vf_precip_indicator=9.395629e-02 vf_precip_h=9.407263e-02 R_avg=6.328505e+00 xB_range=[0.0287, 0.0315] Meff_range=[2.8734e-02, 3.0467e+00] t_wall=2026-03-18 20:37:44
[3D] step=02000 t=200.000000 t_real=2.229584e+02 s <x_B_tot>=1.210100e-01 vf_precip_indicator=9.395558e-02 vf_precip_h=9.407276e-02 R_avg=6.328259e+00 xB_range=[0.0287, 0.0315] Meff_range=[2.8734e-02, 3.0469e+00] t_wall=2026-03-18 20:37:56
[3D] step=02010 t=201.000000 t_real=2.240732e+02 s <x_B_tot>=1.210102e-01 vf_precip_indicator=9.395725e-02 vf_precip_h=9.407288e-02 R_avg=6.328964e+00 xB_range=[0.0287, 0.0315] Meff_range=[2.8734e-02, 3.0471e+00] t_wall=2026-03-18 20:38:09
[3D] step=02020 t=202.000000 t_real=2.251880e+02 s <x_B_tot>=1.210103e-01 vf_precip_indicator=9.395880e-02 vf_precip_h=9.407301e-02 R_avg=6.327671e+00 xB_range=[0.0286, 0.0315] Meff_range=[2.8734e-02, 3.0472e+00] t_wall=2026-03-18 20:38:21
[3D] step=02030 t=203.000000 t_real=2.263028e+02 s <x_B_tot>=1.210105e-01 vf_precip_indicator=9.395689e-02 vf_precip_h=9.407314e-02 R_avg=6.327500e+00 xB_range=[0.0286, 0.0315] Meff_range=[2.8734e-02, 3.0474e+00] t_wall=2026-03-18 20:38:34
[3D] step=02040 t=204.000000 t_real=2.274176e+02 s <x_B_tot>=1.210106e-01 vf_precip_indicator=9.395868e-02 vf_precip_h=9.407326e-02 R_avg=6.327268e+00 xB_range=[0.0286, 0.0315] Meff_range=[2.8734e-02, 3.0475e+00] t_wall=2026-03-18 20:38:46
[3D] step=02050 t=205.000000 t_real=2.285324e+02 s <x_B_tot>=1.210107e-01 vf_precip_indicator=9.396118e-02 vf_precip_h=9.407339e-02 R_avg=6.327535e+00 xB_range=[0.0286, 0.0315] Meff_range=[2.8734e-02, 3.0477e+00] t_wall=2026-03-18 20:38:59
[3D] step=02060 t=206.000000 t_real=2.296472e+02 s <x_B_tot>=1.210108e-01 vf_precip_indicator=9.396034e-02 vf_precip_h=9.407351e-02 R_avg=6.326238e+00 xB_range=[0.0286, 0.0315] Meff_range=[2.8733e-02, 3.0478e+00] t_wall=2026-03-18 20:39:11
[3D] step=02070 t=207.000000 t_real=2.307619e+02 s <x_B_tot>=1.210109e-01 vf_precip_indicator=9.396082e-02 vf_precip_h=9.407363e-02 R_avg=6.327370e+00 xB_range=[0.0286, 0.0315] Meff_range=[2.8732e-02, 3.0479e+00] t_wall=2026-03-18 20:39:24
[3D] step=02080 t=208.000000 t_real=2.318767e+02 s <x_B_tot>=1.210110e-01 vf_precip_indicator=9.396356e-02 vf_precip_h=9.407376e-02 R_avg=6.326962e+00 xB_range=[0.0286, 0.0315] Meff_range=[2.8731e-02, 3.0481e+00] t_wall=2026-03-18 20:39:36
[3D] step=02090 t=209.000000 t_real=2.329915e+02 s <x_B_tot>=1.210111e-01 vf_precip_indicator=9.396082e-02 vf_precip_h=9.407388e-02 R_avg=6.326947e+00 xB_range=[0.0286, 0.0315] Meff_range=[2.8731e-02, 3.0482e+00] t_wall=2026-03-18 20:39:49
[3D] step=02100 t=210.000000 t_real=2.341063e+02 s <x_B_tot>=1.210112e-01 vf_precip_indicator=9.396082e-02 vf_precip_h=9.407400e-02 R_avg=6.326495e+00 xB_range=[0.0286, 0.0315] Meff_range=[2.8730e-02, 3.0484e+00] t_wall=2026-03-18 20:40:01
[3D] step=02110 t=211.000000 t_real=2.352211e+02 s <x_B_tot>=1.210112e-01 vf_precip_indicator=9.395474e-02 vf_precip_h=9.407412e-02 R_avg=6.324507e+00 xB_range=[0.0286, 0.0315] Meff_range=[2.8729e-02, 3.0485e+00] t_wall=2026-03-18 20:40:13
[3D] step=02120 t=212.000000 t_real=2.363359e+02 s <x_B_tot>=1.210113e-01 vf_precip_indicator=9.395260e-02 vf_precip_h=9.407424e-02 R_avg=6.324151e+00 xB_range=[0.0286, 0.0315] Meff_range=[2.8728e-02, 3.0486e+00] t_wall=2026-03-18 20:40:26
[3D] step=02130 t=213.000000 t_real=2.374507e+02 s <x_B_tot>=1.210114e-01 vf_precip_indicator=9.395403e-02 vf_precip_h=9.407436e-02 R_avg=6.322303e+00 xB_range=[0.0286, 0.0315] Meff_range=[2.8727e-02, 3.0488e+00] t_wall=2026-03-18 20:40:38
[3D] step=02140 t=214.000000 t_real=2.385655e+02 s <x_B_tot>=1.210114e-01 vf_precip_indicator=9.395516e-02 vf_precip_h=9.407448e-02 R_avg=6.322083e+00 xB_range=[0.0286, 0.0315] Meff_range=[2.8726e-02, 3.0489e+00] t_wall=2026-03-18 20:40:51
[3D] step=02150 t=215.000000 t_real=2.396803e+02 s <x_B_tot>=1.210115e-01 vf_precip_indicator=9.395200e-02 vf_precip_h=9.407460e-02 R_avg=6.322096e+00 xB_range=[0.0286, 0.0315] Meff_range=[2.8726e-02, 3.0490e+00] t_wall=2026-03-18 20:41:03
[3D] step=02160 t=216.000000 t_real=2.407951e+02 s <x_B_tot>=1.210115e-01 vf_precip_indicator=9.395182e-02 vf_precip_h=9.407471e-02 R_avg=6.323436e+00 xB_range=[0.0286, 0.0315] Meff_range=[2.8725e-02, 3.0491e+00] t_wall=2026-03-18 20:41:16
[3D] step=02170 t=217.000000 t_real=2.419099e+02 s <x_B_tot>=1.210115e-01 vf_precip_indicator=9.395331e-02 vf_precip_h=9.407483e-02 R_avg=6.324833e+00 xB_range=[0.0286, 0.0315] Meff_range=[2.8723e-02, 3.0493e+00] t_wall=2026-03-18 20:41:28
[3D] step=02180 t=218.000000 t_real=2.430247e+02 s <x_B_tot>=1.210116e-01 vf_precip_indicator=9.395343e-02 vf_precip_h=9.407495e-02 R_avg=6.323770e+00 xB_range=[0.0286, 0.0315] Meff_range=[2.8722e-02, 3.0494e+00] t_wall=2026-03-18 20:41:41
[3D] step=02190 t=219.000000 t_real=2.441394e+02 s <x_B_tot>=1.210116e-01 vf_precip_indicator=9.395438e-02 vf_precip_h=9.407506e-02 R_avg=6.325075e+00 xB_range=[0.0286, 0.0315] Meff_range=[2.8721e-02, 3.0495e+00] t_wall=2026-03-18 20:41:53
[3D] step=02200 t=220.000000 t_real=2.452542e+02 s <x_B_tot>=1.210116e-01 vf_precip_indicator=9.395570e-02 vf_precip_h=9.407518e-02 R_avg=6.324923e+00 xB_range=[0.0286, 0.0315] Meff_range=[2.8720e-02, 3.0496e+00] t_wall=2026-03-18 20:42:06
[3D] step=02210 t=221.000000 t_real=2.463690e+02 s <x_B_tot>=1.210116e-01 vf_precip_indicator=9.395272e-02 vf_precip_h=9.407529e-02 R_avg=6.323919e+00 xB_range=[0.0286, 0.0315] Meff_range=[2.8720e-02, 3.0497e+00] t_wall=2026-03-18 20:42:18
[3D] step=02220 t=222.000000 t_real=2.474838e+02 s <x_B_tot>=1.210117e-01 vf_precip_indicator=9.395272e-02 vf_precip_h=9.407540e-02 R_avg=6.324117e+00 xB_range=[0.0286, 0.0315] Meff_range=[2.8719e-02, 3.0499e+00] t_wall=2026-03-18 20:42:30
[3D] step=02230 t=223.000000 t_real=2.485986e+02 s <x_B_tot>=1.210117e-01 vf_precip_indicator=9.395558e-02 vf_precip_h=9.407552e-02 R_avg=6.324422e+00 xB_range=[0.0286, 0.0315] Meff_range=[2.8718e-02, 3.0500e+00] t_wall=2026-03-18 20:42:43
[3D] step=02240 t=224.000000 t_real=2.497134e+02 s <x_B_tot>=1.210117e-01 vf_precip_indicator=9.395725e-02 vf_precip_h=9.407563e-02 R_avg=6.324661e+00 xB_range=[0.0286, 0.0315] Meff_range=[2.8718e-02, 3.0501e+00] t_wall=2026-03-18 20:42:55
[3D] step=02250 t=225.000000 t_real=2.508282e+02 s <x_B_tot>=1.210117e-01 vf_precip_indicator=9.395927e-02 vf_precip_h=9.407574e-02 R_avg=6.324699e+00 xB_range=[0.0286, 0.0315] Meff_range=[2.8717e-02, 3.0502e+00] t_wall=2026-03-18 20:43:08
[3D] step=02260 t=226.000000 t_real=2.519430e+02 s <x_B_tot>=1.210117e-01 vf_precip_indicator=9.395790e-02 vf_precip_h=9.407585e-02 R_avg=6.324945e+00 xB_range=[0.0286, 0.0315] Meff_range=[2.8717e-02, 3.0503e+00] t_wall=2026-03-18 20:43:20
[3D] step=02270 t=227.000000 t_real=2.530578e+02 s <x_B_tot>=1.210117e-01 vf_precip_indicator=9.395838e-02 vf_precip_h=9.407596e-02 R_avg=6.325231e+00 xB_range=[0.0286, 0.0315] Meff_range=[2.8716e-02, 3.0504e+00] t_wall=2026-03-18 20:43:33
[3D] step=02280 t=228.000000 t_real=2.541726e+02 s <x_B_tot>=1.210118e-01 vf_precip_indicator=9.395689e-02 vf_precip_h=9.407607e-02 R_avg=6.324228e+00 xB_range=[0.0286, 0.0315] Meff_range=[2.8716e-02, 3.0505e+00] t_wall=2026-03-18 20:43:45
[3D] step=02290 t=229.000000 t_real=2.552874e+02 s <x_B_tot>=1.210118e-01 vf_precip_indicator=9.395689e-02 vf_precip_h=9.407618e-02 R_avg=6.325004e+00 xB_range=[0.0286, 0.0315] Meff_range=[2.8716e-02, 3.0506e+00] t_wall=2026-03-18 20:43:58
[3D] step=02300 t=230.000000 t_real=2.564022e+02 s <x_B_tot>=1.210118e-01 vf_precip_indicator=9.395951e-02 vf_precip_h=9.407629e-02 R_avg=6.324645e+00 xB_range=[0.0286, 0.0315] Meff_range=[2.8716e-02, 3.0507e+00] t_wall=2026-03-18 20:44:10
[3D] step=02310 t=231.000000 t_real=2.575170e+02 s <x_B_tot>=1.210118e-01 vf_precip_indicator=9.395915e-02 vf_precip_h=9.407640e-02 R_avg=6.325029e+00 xB_range=[0.0286, 0.0315] Meff_range=[2.8715e-02, 3.0508e+00] t_wall=2026-03-18 20:44:23
[3D] step=02320 t=232.000000 t_real=2.586317e+02 s <x_B_tot>=1.210118e-01 vf_precip_indicator=9.395880e-02 vf_precip_h=9.407651e-02 R_avg=6.326274e+00 xB_range=[0.0286, 0.0315] Meff_range=[2.8715e-02, 3.0509e+00] t_wall=2026-03-18 20:44:35
[3D] step=02330 t=233.000000 t_real=2.597465e+02 s <x_B_tot>=1.210118e-01 vf_precip_indicator=9.395885e-02 vf_precip_h=9.407662e-02 R_avg=6.326673e+00 xB_range=[0.0286, 0.0315] Meff_range=[2.8715e-02, 3.0510e+00] t_wall=2026-03-18 20:44:47
[3D] step=02340 t=234.000000 t_real=2.608613e+02 s <x_B_tot>=1.210118e-01 vf_precip_indicator=9.395885e-02 vf_precip_h=9.407672e-02 R_avg=6.325714e+00 xB_range=[0.0286, 0.0315] Meff_range=[2.8715e-02, 3.0511e+00] t_wall=2026-03-18 20:45:00
[3D] step=02350 t=235.000000 t_real=2.619761e+02 s <x_B_tot>=1.210118e-01 vf_precip_indicator=9.396106e-02 vf_precip_h=9.407683e-02 R_avg=6.325665e+00 xB_range=[0.0286, 0.0315] Meff_range=[2.8715e-02, 3.0512e+00] t_wall=2026-03-18 20:45:12
[3D] step=02360 t=236.000000 t_real=2.630909e+02 s <x_B_tot>=1.210119e-01 vf_precip_indicator=9.396237e-02 vf_precip_h=9.407693e-02 R_avg=6.325613e+00 xB_range=[0.0286, 0.0315] Meff_range=[2.8716e-02, 3.0513e+00] t_wall=2026-03-18 20:45:25
[3D] step=02370 t=237.000000 t_real=2.642057e+02 s <x_B_tot>=1.210119e-01 vf_precip_indicator=9.395945e-02 vf_precip_h=9.407704e-02 R_avg=6.325275e+00 xB_range=[0.0286, 0.0315] Meff_range=[2.8716e-02, 3.0514e+00] t_wall=2026-03-18 20:45:37
[3D] step=02380 t=238.000000 t_real=2.653205e+02 s <x_B_tot>=1.210119e-01 vf_precip_indicator=9.396046e-02 vf_precip_h=9.407714e-02 R_avg=6.325484e+00 xB_range=[0.0286, 0.0315] Meff_range=[2.8716e-02, 3.0515e+00] t_wall=2026-03-18 20:45:50
[3D] step=02390 t=239.000000 t_real=2.664353e+02 s <x_B_tot>=1.210119e-01 vf_precip_indicator=9.395951e-02 vf_precip_h=9.407725e-02 R_avg=6.325476e+00 xB_range=[0.0286, 0.0315] Meff_range=[2.8717e-02, 3.0516e+00] t_wall=2026-03-18 20:46:02
[3D] step=02400 t=240.000000 t_real=2.675501e+02 s <x_B_tot>=1.210119e-01 vf_precip_indicator=9.395868e-02 vf_precip_h=9.407735e-02 R_avg=6.326450e+00 xB_range=[0.0286, 0.0315] Meff_range=[2.8717e-02, 3.0517e+00] t_wall=2026-03-18 20:46:15
[3D] step=02410 t=241.000000 t_real=2.686649e+02 s <x_B_tot>=1.210120e-01 vf_precip_indicator=9.395951e-02 vf_precip_h=9.407746e-02 R_avg=6.327367e+00 xB_range=[0.0286, 0.0315] Meff_range=[2.8718e-02, 3.0517e+00] t_wall=2026-03-18 20:46:27
[3D] step=02420 t=242.000000 t_real=2.697797e+02 s <x_B_tot>=1.210120e-01 vf_precip_indicator=9.395748e-02 vf_precip_h=9.407756e-02 R_avg=6.326567e+00 xB_range=[0.0286, 0.0315] Meff_range=[2.8718e-02, 3.0518e+00] t_wall=2026-03-18 20:46:40
[3D] step=02430 t=243.000000 t_real=2.708945e+02 s <x_B_tot>=1.210120e-01 vf_precip_indicator=9.395915e-02 vf_precip_h=9.407766e-02 R_avg=6.325199e+00 xB_range=[0.0286, 0.0315] Meff_range=[2.8719e-02, 3.0519e+00] t_wall=2026-03-18 20:46:52
[3D] step=02440 t=244.000000 t_real=2.720092e+02 s <x_B_tot>=1.210121e-01 vf_precip_indicator=9.395736e-02 vf_precip_h=9.407777e-02 R_avg=6.323077e+00 xB_range=[0.0286, 0.0315] Meff_range=[2.8719e-02, 3.0520e+00] t_wall=2026-03-18 20:47:04
[3D] step=02450 t=245.000000 t_real=2.731240e+02 s <x_B_tot>=1.210121e-01 vf_precip_indicator=9.395659e-02 vf_precip_h=9.407787e-02 R_avg=6.323588e+00 xB_range=[0.0286, 0.0315] Meff_range=[2.8719e-02, 3.0521e+00] t_wall=2026-03-18 20:47:17
[3D] step=02460 t=246.000000 t_real=2.742388e+02 s <x_B_tot>=1.210121e-01 vf_precip_indicator=9.395510e-02 vf_precip_h=9.407797e-02 R_avg=6.324432e+00 xB_range=[0.0286, 0.0315] Meff_range=[2.8720e-02, 3.0522e+00] t_wall=2026-03-18 20:47:29
[3D] step=02470 t=247.000000 t_real=2.753536e+02 s <x_B_tot>=1.210122e-01 vf_precip_indicator=9.395665e-02 vf_precip_h=9.407807e-02 R_avg=6.324522e+00 xB_range=[0.0286, 0.0315] Meff_range=[2.8720e-02, 3.0523e+00] t_wall=2026-03-18 20:47:42
[3D] step=02480 t=248.000000 t_real=2.764684e+02 s <x_B_tot>=1.210122e-01 vf_precip_indicator=9.395629e-02 vf_precip_h=9.407817e-02 R_avg=6.324456e+00 xB_range=[0.0286, 0.0315] Meff_range=[2.8721e-02, 3.0523e+00] t_wall=2026-03-18 20:47:54
[3D] step=02490 t=249.000000 t_real=2.775832e+02 s <x_B_tot>=1.210122e-01 vf_precip_indicator=9.395695e-02 vf_precip_h=9.407827e-02 R_avg=6.324514e+00 xB_range=[0.0286, 0.0315] Meff_range=[2.8721e-02, 3.0524e+00] t_wall=2026-03-18 20:48:07
[3D] step=02500 t=250.000000 t_real=2.786980e+02 s <x_B_tot>=1.210123e-01 vf_precip_indicator=9.395903e-02 vf_precip_h=9.407837e-02 R_avg=6.324232e+00 xB_range=[0.0286, 0.0315] Meff_range=[2.8722e-02, 3.0525e+00] t_wall=2026-03-18 20:48:19
[3D] step=02510 t=251.000000 t_real=2.798128e+02 s <x_B_tot>=1.210123e-01 vf_precip_indicator=9.395772e-02 vf_precip_h=9.407847e-02 R_avg=6.324313e+00 xB_range=[0.0286, 0.0315] Meff_range=[2.8722e-02, 3.0526e+00] t_wall=2026-03-18 20:48:32
[3D] step=02520 t=252.000000 t_real=2.809276e+02 s <x_B_tot>=1.210124e-01 vf_precip_indicator=9.395748e-02 vf_precip_h=9.407857e-02 R_avg=6.322662e+00 xB_range=[0.0286, 0.0315] Meff_range=[2.8722e-02, 3.0527e+00] t_wall=2026-03-18 20:48:44
[3D] step=02530 t=253.000000 t_real=2.820424e+02 s <x_B_tot>=1.210124e-01 vf_precip_indicator=9.395808e-02 vf_precip_h=9.407867e-02 R_avg=6.322448e+00 xB_range=[0.0286, 0.0315] Meff_range=[2.8723e-02, 3.0527e+00] t_wall=2026-03-18 20:48:57
[3D] step=02540 t=254.000000 t_real=2.831572e+02 s <x_B_tot>=1.210124e-01 vf_precip_indicator=9.395701e-02 vf_precip_h=9.407876e-02 R_avg=6.323503e+00 xB_range=[0.0286, 0.0315] Meff_range=[2.8723e-02, 3.0528e+00] t_wall=2026-03-18 20:49:09
[3D] step=02550 t=255.000000 t_real=2.842720e+02 s <x_B_tot>=1.210125e-01 vf_precip_indicator=9.395742e-02 vf_precip_h=9.407886e-02 R_avg=6.324617e+00 xB_range=[0.0286, 0.0315] Meff_range=[2.8723e-02, 3.0529e+00] t_wall=2026-03-18 20:49:21
[3D] step=02560 t=256.000000 t_real=2.853868e+02 s <x_B_tot>=1.210125e-01 vf_precip_indicator=9.395504e-02 vf_precip_h=9.407896e-02 R_avg=6.323484e+00 xB_range=[0.0286, 0.0315] Meff_range=[2.8724e-02, 3.0530e+00] t_wall=2026-03-18 20:49:34
[3D] step=02570 t=257.000000 t_real=2.865015e+02 s <x_B_tot>=1.210126e-01 vf_precip_indicator=9.395260e-02 vf_precip_h=9.407906e-02 R_avg=6.323432e+00 xB_range=[0.0286, 0.0315] Meff_range=[2.8724e-02, 3.0530e+00] t_wall=2026-03-18 20:49:46
[3D] step=02580 t=258.000000 t_real=2.876163e+02 s <x_B_tot>=1.210126e-01 vf_precip_indicator=9.395510e-02 vf_precip_h=9.407915e-02 R_avg=6.324094e+00 xB_range=[0.0286, 0.0315] Meff_range=[2.8724e-02, 3.0531e+00] t_wall=2026-03-18 20:49:59
[3D] step=02590 t=259.000000 t_real=2.887311e+02 s <x_B_tot>=1.210127e-01 vf_precip_indicator=9.395432e-02 vf_precip_h=9.407925e-02 R_avg=6.324380e+00 xB_range=[0.0286, 0.0315] Meff_range=[2.8725e-02, 3.0532e+00] t_wall=2026-03-18 20:50:11
[3D] step=02600 t=260.000000 t_real=2.898459e+02 s <x_B_tot>=1.210127e-01 vf_precip_indicator=9.395486e-02 vf_precip_h=9.407935e-02 R_avg=6.323627e+00 xB_range=[0.0286, 0.0315] Meff_range=[2.8725e-02, 3.0532e+00] t_wall=2026-03-18 20:50:24
[3D] step=02610 t=261.000000 t_real=2.909607e+02 s <x_B_tot>=1.210128e-01 vf_precip_indicator=9.395760e-02 vf_precip_h=9.407944e-02 R_avg=6.323938e+00 xB_range=[0.0286, 0.0315] Meff_range=[2.8724e-02, 3.0533e+00] t_wall=2026-03-18 20:50:36
[3D] step=02620 t=262.000000 t_real=2.920755e+02 s <x_B_tot>=1.210128e-01 vf_precip_indicator=9.395987e-02 vf_precip_h=9.407954e-02 R_avg=6.323231e+00 xB_range=[0.0286, 0.0315] Meff_range=[2.8724e-02, 3.0534e+00] t_wall=2026-03-18 20:50:49
[3D] step=02630 t=263.000000 t_real=2.931903e+02 s <x_B_tot>=1.210129e-01 vf_precip_indicator=9.396142e-02 vf_precip_h=9.407963e-02 R_avg=6.322391e+00 xB_range=[0.0286, 0.0315] Meff_range=[2.8724e-02, 3.0534e+00] t_wall=2026-03-18 20:51:01
[3D] step=02640 t=264.000000 t_real=2.943051e+02 s <x_B_tot>=1.210130e-01 vf_precip_indicator=9.396154e-02 vf_precip_h=9.407973e-02 R_avg=6.323202e+00 xB_range=[0.0286, 0.0315] Meff_range=[2.8724e-02, 3.0535e+00] t_wall=2026-03-18 20:51:13
[3D] step=02650 t=265.000000 t_real=2.954199e+02 s <x_B_tot>=1.210130e-01 vf_precip_indicator=9.396547e-02 vf_precip_h=9.407982e-02 R_avg=6.322227e+00 xB_range=[0.0286, 0.0315] Meff_range=[2.8724e-02, 3.0536e+00] t_wall=2026-03-18 20:51:26
[3D] step=02660 t=266.000000 t_real=2.965347e+02 s <x_B_tot>=1.210131e-01 vf_precip_indicator=9.396452e-02 vf_precip_h=9.407992e-02 R_avg=6.322741e+00 xB_range=[0.0286, 0.0315] Meff_range=[2.8724e-02, 3.0536e+00] t_wall=2026-03-18 20:51:38
[3D] step=02670 t=267.000000 t_real=2.976495e+02 s <x_B_tot>=1.210131e-01 vf_precip_indicator=9.396511e-02 vf_precip_h=9.408001e-02 R_avg=6.323189e+00 xB_range=[0.0286, 0.0315] Meff_range=[2.8723e-02, 3.0537e+00] t_wall=2026-03-18 20:51:51
[3D] step=02680 t=268.000000 t_real=2.987643e+02 s <x_B_tot>=1.210132e-01 vf_precip_indicator=9.396774e-02 vf_precip_h=9.408011e-02 R_avg=6.324310e+00 xB_range=[0.0285, 0.0315] Meff_range=[2.8723e-02, 3.0537e+00] t_wall=2026-03-18 20:52:03
[3D] step=02690 t=269.000000 t_real=2.998790e+02 s <x_B_tot>=1.210132e-01 vf_precip_indicator=9.396762e-02 vf_precip_h=9.408020e-02 R_avg=6.324147e+00 xB_range=[0.0285, 0.0315] Meff_range=[2.8723e-02, 3.0538e+00] t_wall=2026-03-18 20:52:16
[3D] step=02700 t=270.000000 t_real=3.009938e+02 s <x_B_tot>=1.210133e-01 vf_precip_indicator=9.396642e-02 vf_precip_h=9.408029e-02 R_avg=6.324758e+00 xB_range=[0.0285, 0.0315] Meff_range=[2.8722e-02, 3.0538e+00] t_wall=2026-03-18 20:52:28
[3D] step=02710 t=271.000000 t_real=3.021086e+02 s <x_B_tot>=1.210133e-01 vf_precip_indicator=9.396440e-02 vf_precip_h=9.408038e-02 R_avg=6.324114e+00 xB_range=[0.0285, 0.0315] Meff_range=[2.8722e-02, 3.0539e+00] t_wall=2026-03-18 20:52:41
[3D] step=02720 t=272.000000 t_real=3.032234e+02 s <x_B_tot>=1.210134e-01 vf_precip_indicator=9.396297e-02 vf_precip_h=9.408048e-02 R_avg=6.323679e+00 xB_range=[0.0285, 0.0315] Meff_range=[2.8721e-02, 3.0539e+00] t_wall=2026-03-18 20:52:53
[3D] step=02730 t=273.000000 t_real=3.043382e+02 s <x_B_tot>=1.210134e-01 vf_precip_indicator=9.396607e-02 vf_precip_h=9.408057e-02 R_avg=6.323986e+00 xB_range=[0.0285, 0.0315] Meff_range=[2.8721e-02, 3.0540e+00] t_wall=2026-03-18 20:53:06
[3D] step=02740 t=274.000000 t_real=3.054530e+02 s <x_B_tot>=1.210135e-01 vf_precip_indicator=9.396785e-02 vf_precip_h=9.408066e-02 R_avg=6.323909e+00 xB_range=[0.0285, 0.0315] Meff_range=[2.8720e-02, 3.0540e+00] t_wall=2026-03-18 20:53:18
[3D] step=02750 t=275.000000 t_real=3.065678e+02 s <x_B_tot>=1.210135e-01 vf_precip_indicator=9.396976e-02 vf_precip_h=9.408075e-02 R_avg=6.324644e+00 xB_range=[0.0285, 0.0315] Meff_range=[2.8720e-02, 3.0541e+00] t_wall=2026-03-18 20:53:30
[3D] step=02760 t=276.000000 t_real=3.076826e+02 s <x_B_tot>=1.210136e-01 vf_precip_indicator=9.396940e-02 vf_precip_h=9.408085e-02 R_avg=6.325325e+00 xB_range=[0.0285, 0.0315] Meff_range=[2.8719e-02, 3.0541e+00] t_wall=2026-03-18 20:53:43
[3D] step=02770 t=277.000000 t_real=3.087974e+02 s <x_B_tot>=1.210136e-01 vf_precip_indicator=9.396905e-02 vf_precip_h=9.408094e-02 R_avg=6.325357e+00 xB_range=[0.0285, 0.0315] Meff_range=[2.8719e-02, 3.0542e+00] t_wall=2026-03-18 20:53:55
[3D] step=02780 t=278.000000 t_real=3.099122e+02 s <x_B_tot>=1.210137e-01 vf_precip_indicator=9.396815e-02 vf_precip_h=9.408103e-02 R_avg=6.325494e+00 xB_range=[0.0285, 0.0315] Meff_range=[2.8718e-02, 3.0542e+00] t_wall=2026-03-18 20:54:08
[3D] step=02790 t=279.000000 t_real=3.110270e+02 s <x_B_tot>=1.210137e-01 vf_precip_indicator=9.396976e-02 vf_precip_h=9.408112e-02 R_avg=6.325927e+00 xB_range=[0.0285, 0.0315] Meff_range=[2.8718e-02, 3.0543e+00] t_wall=2026-03-18 20:54:20
[3D] step=02800 t=280.000000 t_real=3.121418e+02 s <x_B_tot>=1.210138e-01 vf_precip_indicator=9.396905e-02 vf_precip_h=9.408121e-02 R_avg=6.326274e+00 xB_range=[0.0285, 0.0315] Meff_range=[2.8717e-02, 3.0543e+00] t_wall=2026-03-18 20:54:33
[3D] step=02810 t=281.000000 t_real=3.132566e+02 s <x_B_tot>=1.210138e-01 vf_precip_indicator=9.397048e-02 vf_precip_h=9.408130e-02 R_avg=6.325876e+00 xB_range=[0.0285, 0.0315] Meff_range=[2.8716e-02, 3.0544e+00] t_wall=2026-03-18 20:54:45
[3D] step=02820 t=282.000000 t_real=3.143713e+02 s <x_B_tot>=1.210139e-01 vf_precip_indicator=9.396881e-02 vf_precip_h=9.408139e-02 R_avg=6.325468e+00 xB_range=[0.0285, 0.0315] Meff_range=[2.8716e-02, 3.0544e+00] t_wall=2026-03-18 20:54:58
[3D] step=02830 t=283.000000 t_real=3.154861e+02 s <x_B_tot>=1.210139e-01 vf_precip_indicator=9.397125e-02 vf_precip_h=9.408148e-02 R_avg=6.325787e+00 xB_range=[0.0285, 0.0315] Meff_range=[2.8715e-02, 3.0545e+00] t_wall=2026-03-18 20:55:10
[3D] step=02840 t=284.000000 t_real=3.166009e+02 s <x_B_tot>=1.210140e-01 vf_precip_indicator=9.397429e-02 vf_precip_h=9.408157e-02 R_avg=6.325597e+00 xB_range=[0.0285, 0.0315] Meff_range=[2.8714e-02, 3.0545e+00] t_wall=2026-03-18 20:55:23
[3D] step=02850 t=285.000000 t_real=3.177157e+02 s <x_B_tot>=1.210140e-01 vf_precip_indicator=9.397441e-02 vf_precip_h=9.408166e-02 R_avg=6.325774e+00 xB_range=[0.0285, 0.0315] Meff_range=[2.8713e-02, 3.0546e+00] t_wall=2026-03-18 20:55:35
[3D] step=02860 t=286.000000 t_real=3.188305e+02 s <x_B_tot>=1.210141e-01 vf_precip_indicator=9.397382e-02 vf_precip_h=9.408175e-02 R_avg=6.326383e+00 xB_range=[0.0285, 0.0315] Meff_range=[2.8713e-02, 3.0546e+00] t_wall=2026-03-18 20:55:47
[3D] step=02870 t=287.000000 t_real=3.199453e+02 s <x_B_tot>=1.210141e-01 vf_precip_indicator=9.397286e-02 vf_precip_h=9.408184e-02 R_avg=6.325727e+00 xB_range=[0.0285, 0.0315] Meff_range=[2.8712e-02, 3.0547e+00] t_wall=2026-03-18 20:56:00
[3D] step=02880 t=288.000000 t_real=3.210601e+02 s <x_B_tot>=1.210141e-01 vf_precip_indicator=9.397620e-02 vf_precip_h=9.408193e-02 R_avg=6.326854e+00 xB_range=[0.0285, 0.0315] Meff_range=[2.8711e-02, 3.0547e+00] t_wall=2026-03-18 20:56:12
[3D] step=02890 t=289.000000 t_real=3.221749e+02 s <x_B_tot>=1.210142e-01 vf_precip_indicator=9.397548e-02 vf_precip_h=9.408202e-02 R_avg=6.326467e+00 xB_range=[0.0285, 0.0315] Meff_range=[2.8710e-02, 3.0547e+00] t_wall=2026-03-18 20:56:25
[3D] step=02900 t=290.000000 t_real=3.232897e+02 s <x_B_tot>=1.210142e-01 vf_precip_indicator=9.397626e-02 vf_precip_h=9.408211e-02 R_avg=6.326491e+00 xB_range=[0.0285, 0.0315] Meff_range=[2.8709e-02, 3.0548e+00] t_wall=2026-03-18 20:56:37
[3D] step=02910 t=291.000000 t_real=3.244045e+02 s <x_B_tot>=1.210143e-01 vf_precip_indicator=9.397328e-02 vf_precip_h=9.408219e-02 R_avg=6.326671e+00 xB_range=[0.0285, 0.0315] Meff_range=[2.8708e-02, 3.0548e+00] t_wall=2026-03-18 20:56:50
[3D] step=02920 t=292.000000 t_real=3.255193e+02 s <x_B_tot>=1.210143e-01 vf_precip_indicator=9.397036e-02 vf_precip_h=9.408228e-02 R_avg=6.326094e+00 xB_range=[0.0285, 0.0315] Meff_range=[2.8707e-02, 3.0549e+00] t_wall=2026-03-18 20:57:02
[3D] step=02930 t=293.000000 t_real=3.266341e+02 s <x_B_tot>=1.210144e-01 vf_precip_indicator=9.396684e-02 vf_precip_h=9.408237e-02 R_avg=6.325152e+00 xB_range=[0.0285, 0.0315] Meff_range=[2.8707e-02, 3.0549e+00] t_wall=2026-03-18 20:57:15
[3D] step=02940 t=294.000000 t_real=3.277488e+02 s <x_B_tot>=1.210144e-01 vf_precip_indicator=9.396809e-02 vf_precip_h=9.408246e-02 R_avg=6.325194e+00 xB_range=[0.0285, 0.0315] Meff_range=[2.8706e-02, 3.0550e+00] t_wall=2026-03-18 20:57:27
[3D] step=02950 t=295.000000 t_real=3.288636e+02 s <x_B_tot>=1.210144e-01 vf_precip_indicator=9.396702e-02 vf_precip_h=9.408255e-02 R_avg=6.324544e+00 xB_range=[0.0285, 0.0315] Meff_range=[2.8705e-02, 3.0550e+00] t_wall=2026-03-18 20:57:40
[3D] step=02960 t=296.000000 t_real=3.299784e+02 s <x_B_tot>=1.210145e-01 vf_precip_indicator=9.396201e-02 vf_precip_h=9.408263e-02 R_avg=6.324291e+00 xB_range=[0.0285, 0.0315] Meff_range=[2.8704e-02, 3.0550e+00] t_wall=2026-03-18 20:57:52
[3D] step=02970 t=297.000000 t_real=3.310932e+02 s <x_B_tot>=1.210145e-01 vf_precip_indicator=9.396482e-02 vf_precip_h=9.408272e-02 R_avg=6.324522e+00 xB_range=[0.0285, 0.0315] Meff_range=[2.8703e-02, 3.0551e+00] t_wall=2026-03-18 20:58:04
[3D] step=02980 t=298.000000 t_real=3.322080e+02 s <x_B_tot>=1.210146e-01 vf_precip_indicator=9.396547e-02 vf_precip_h=9.408281e-02 R_avg=6.325285e+00 xB_range=[0.0285, 0.0315] Meff_range=[2.8702e-02, 3.0551e+00] t_wall=2026-03-18 20:58:17
[3D] step=02990 t=299.000000 t_real=3.333228e+02 s <x_B_tot>=1.210146e-01 vf_precip_indicator=9.396619e-02 vf_precip_h=9.408290e-02 R_avg=6.326434e+00 xB_range=[0.0285, 0.0315] Meff_range=[2.8702e-02, 3.0551e+00] t_wall=2026-03-18 20:58:29
[3D] step=03000 t=300.000000 t_real=3.344376e+02 s <x_B_tot>=1.210146e-01 vf_precip_indicator=9.396815e-02 vf_precip_h=9.408298e-02 R_avg=6.327017e+00 xB_range=[0.0285, 0.0315] Meff_range=[2.8701e-02, 3.0552e+00] t_wall=2026-03-18 20:58:42
[3D] step=03010 t=301.000000 t_real=3.355524e+02 s <x_B_tot>=1.210147e-01 vf_precip_indicator=9.396952e-02 vf_precip_h=9.408307e-02 R_avg=6.327420e+00 xB_range=[0.0285, 0.0315] Meff_range=[2.8700e-02, 3.0552e+00] t_wall=2026-03-18 20:58:54
[3D] step=03020 t=302.000000 t_real=3.366672e+02 s <x_B_tot>=1.210147e-01 vf_precip_indicator=9.397089e-02 vf_precip_h=9.408316e-02 R_avg=6.327710e+00 xB_range=[0.0285, 0.0315] Meff_range=[2.8699e-02, 3.0553e+00] t_wall=2026-03-18 20:59:07
[3D] step=03030 t=303.000000 t_real=3.377820e+02 s <x_B_tot>=1.210147e-01 vf_precip_indicator=9.397006e-02 vf_precip_h=9.408324e-02 R_avg=6.327767e+00 xB_range=[0.0285, 0.0315] Meff_range=[2.8699e-02, 3.0553e+00] t_wall=2026-03-18 20:59:19
[3D] step=03040 t=304.000000 t_real=3.388968e+02 s <x_B_tot>=1.210148e-01 vf_precip_indicator=9.396821e-02 vf_precip_h=9.408333e-02 R_avg=6.327148e+00 xB_range=[0.0285, 0.0315] Meff_range=[2.8698e-02, 3.0553e+00] t_wall=2026-03-18 20:59:32
[3D] step=03050 t=305.000000 t_real=3.400116e+02 s <x_B_tot>=1.210148e-01 vf_precip_indicator=9.396625e-02 vf_precip_h=9.408342e-02 R_avg=6.326804e+00 xB_range=[0.0285, 0.0315] Meff_range=[2.8697e-02, 3.0554e+00] t_wall=2026-03-18 20:59:44
[3D] step=03060 t=306.000000 t_real=3.411264e+02 s <x_B_tot>=1.210149e-01 vf_precip_indicator=9.396893e-02 vf_precip_h=9.408350e-02 R_avg=6.327761e+00 xB_range=[0.0285, 0.0315] Meff_range=[2.8696e-02, 3.0554e+00] t_wall=2026-03-18 20:59:57
[3D] step=03070 t=307.000000 t_real=3.422411e+02 s <x_B_tot>=1.210149e-01 vf_precip_indicator=9.397054e-02 vf_precip_h=9.408359e-02 R_avg=6.328772e+00 xB_range=[0.0285, 0.0315] Meff_range=[2.8696e-02, 3.0554e+00] t_wall=2026-03-18 21:00:09
[3D] step=03080 t=308.000000 t_real=3.433559e+02 s <x_B_tot>=1.210149e-01 vf_precip_indicator=9.396940e-02 vf_precip_h=9.408367e-02 R_avg=6.327990e+00 xB_range=[0.0285, 0.0315] Meff_range=[2.8695e-02, 3.0555e+00] t_wall=2026-03-18 21:00:21
[3D] step=03090 t=309.000000 t_real=3.444707e+02 s <x_B_tot>=1.210150e-01 vf_precip_indicator=9.396935e-02 vf_precip_h=9.408376e-02 R_avg=6.327634e+00 xB_range=[0.0285, 0.0315] Meff_range=[2.8694e-02, 3.0555e+00] t_wall=2026-03-18 21:00:34
[3D] step=03100 t=310.000000 t_real=3.455855e+02 s <x_B_tot>=1.210150e-01 vf_precip_indicator=9.396577e-02 vf_precip_h=9.408385e-02 R_avg=6.327619e+00 xB_range=[0.0285, 0.0315] Meff_range=[2.8694e-02, 3.0555e+00] t_wall=2026-03-18 21:00:46
[3D] step=03110 t=311.000000 t_real=3.467003e+02 s <x_B_tot>=1.210150e-01 vf_precip_indicator=9.396726e-02 vf_precip_h=9.408393e-02 R_avg=6.328947e+00 xB_range=[0.0285, 0.0315] Meff_range=[2.8693e-02, 3.0556e+00] t_wall=2026-03-18 21:00:59
[3D] step=03120 t=312.000000 t_real=3.478151e+02 s <x_B_tot>=1.210151e-01 vf_precip_indicator=9.396774e-02 vf_precip_h=9.408402e-02 R_avg=6.328541e+00 xB_range=[0.0285, 0.0315] Meff_range=[2.8692e-02, 3.0556e+00] t_wall=2026-03-18 21:01:11
[3D] step=03130 t=313.000000 t_real=3.489299e+02 s <x_B_tot>=1.210151e-01 vf_precip_indicator=9.396666e-02 vf_precip_h=9.408410e-02 R_avg=6.327707e+00 xB_range=[0.0285, 0.0315] Meff_range=[2.8692e-02, 3.0556e+00] t_wall=2026-03-18 21:01:24
[3D] step=03140 t=314.000000 t_real=3.500447e+02 s <x_B_tot>=1.210152e-01 vf_precip_indicator=9.396511e-02 vf_precip_h=9.408419e-02 R_avg=6.328365e+00 xB_range=[0.0285, 0.0315] Meff_range=[2.8691e-02, 3.0556e+00] t_wall=2026-03-18 21:01:36
[3D] step=03150 t=315.000000 t_real=3.511595e+02 s <x_B_tot>=1.210152e-01 vf_precip_indicator=9.396571e-02 vf_precip_h=9.408427e-02 R_avg=6.329026e+00 xB_range=[0.0285, 0.0315] Meff_range=[2.8691e-02, 3.0557e+00] t_wall=2026-03-18 21:01:49
[3D] step=03160 t=316.000000 t_real=3.522743e+02 s <x_B_tot>=1.210152e-01 vf_precip_indicator=9.396392e-02 vf_precip_h=9.408436e-02 R_avg=6.329668e+00 xB_range=[0.0285, 0.0315] Meff_range=[2.8690e-02, 3.0557e+00] t_wall=2026-03-18 21:02:01
[3D] step=03170 t=317.000000 t_real=3.533891e+02 s <x_B_tot>=1.210153e-01 vf_precip_indicator=9.396654e-02 vf_precip_h=9.408444e-02 R_avg=6.329873e+00 xB_range=[0.0285, 0.0315] Meff_range=[2.8689e-02, 3.0557e+00] t_wall=2026-03-18 21:02:13
[3D] step=03180 t=318.000000 t_real=3.545039e+02 s <x_B_tot>=1.210153e-01 vf_precip_indicator=9.397024e-02 vf_precip_h=9.408453e-02 R_avg=6.330743e+00 xB_range=[0.0285, 0.0315] Meff_range=[2.8689e-02, 3.0557e+00] t_wall=2026-03-18 21:02:26
[3D] step=03190 t=319.000000 t_real=3.556186e+02 s <x_B_tot>=1.210153e-01 vf_precip_indicator=9.396964e-02 vf_precip_h=9.408461e-02 R_avg=6.331056e+00 xB_range=[0.0285, 0.0315] Meff_range=[2.8688e-02, 3.0558e+00] t_wall=2026-03-18 21:02:38
[3D] step=03200 t=320.000000 t_real=3.567334e+02 s <x_B_tot>=1.210154e-01 vf_precip_indicator=9.397107e-02 vf_precip_h=9.408469e-02 R_avg=6.330997e+00 xB_range=[0.0285, 0.0315] Meff_range=[2.8688e-02, 3.0558e+00] t_wall=2026-03-18 21:02:51
[3D] step=03210 t=321.000000 t_real=3.578482e+02 s <x_B_tot>=1.210154e-01 vf_precip_indicator=9.396589e-02 vf_precip_h=9.408478e-02 R_avg=6.330153e+00 xB_range=[0.0285, 0.0315] Meff_range=[2.8687e-02, 3.0558e+00] t_wall=2026-03-18 21:03:03
[3D] step=03220 t=322.000000 t_real=3.589630e+02 s <x_B_tot>=1.210155e-01 vf_precip_indicator=9.396368e-02 vf_precip_h=9.408486e-02 R_avg=6.330612e+00 xB_range=[0.0285, 0.0315] Meff_range=[2.8687e-02, 3.0558e+00] t_wall=2026-03-18 21:03:16
[3D] step=03230 t=323.000000 t_real=3.600778e+02 s <x_B_tot>=1.210155e-01 vf_precip_indicator=9.396380e-02 vf_precip_h=9.408495e-02 R_avg=6.330465e+00 xB_range=[0.0285, 0.0315] Meff_range=[2.8686e-02, 3.0558e+00] t_wall=2026-03-18 21:03:28
[3D] step=03240 t=324.000000 t_real=3.611926e+02 s <x_B_tot>=1.210155e-01 vf_precip_indicator=9.396631e-02 vf_precip_h=9.408503e-02 R_avg=6.330916e+00 xB_range=[0.0285, 0.0315] Meff_range=[2.8685e-02, 3.0559e+00] t_wall=2026-03-18 21:03:41
[3D] step=03250 t=325.000000 t_real=3.623074e+02 s <x_B_tot>=1.210156e-01 vf_precip_indicator=9.396744e-02 vf_precip_h=9.408511e-02 R_avg=6.330950e+00 xB_range=[0.0285, 0.0315] Meff_range=[2.8685e-02, 3.0559e+00] t_wall=2026-03-18 21:03:53
[3D] step=03260 t=326.000000 t_real=3.634222e+02 s <x_B_tot>=1.210156e-01 vf_precip_indicator=9.396976e-02 vf_precip_h=9.408520e-02 R_avg=6.330640e+00 xB_range=[0.0285, 0.0315] Meff_range=[2.8684e-02, 3.0559e+00] t_wall=2026-03-18 21:04:06
[3D] step=03270 t=327.000000 t_real=3.645370e+02 s <x_B_tot>=1.210157e-01 vf_precip_indicator=9.397107e-02 vf_precip_h=9.408528e-02 R_avg=6.331392e+00 xB_range=[0.0285, 0.0315] Meff_range=[2.8684e-02, 3.0559e+00] t_wall=2026-03-18 21:04:18
[3D] step=03280 t=328.000000 t_real=3.656518e+02 s <x_B_tot>=1.210157e-01 vf_precip_indicator=9.396857e-02 vf_precip_h=9.408536e-02 R_avg=6.331761e+00 xB_range=[0.0285, 0.0315] Meff_range=[2.8683e-02, 3.0559e+00] t_wall=2026-03-18 21:04:30
[3D] step=03290 t=329.000000 t_real=3.667666e+02 s <x_B_tot>=1.210157e-01 vf_precip_indicator=9.396732e-02 vf_precip_h=9.408545e-02 R_avg=6.332185e+00 xB_range=[0.0285, 0.0315] Meff_range=[2.8683e-02, 3.0559e+00] t_wall=2026-03-18 21:04:43
[3D] step=03300 t=330.000000 t_real=3.678814e+02 s <x_B_tot>=1.210158e-01 vf_precip_indicator=9.396881e-02 vf_precip_h=9.408553e-02 R_avg=6.332172e+00 xB_range=[0.0285, 0.0315] Meff_range=[2.8682e-02, 3.0559e+00] t_wall=2026-03-18 21:04:55
[3D] step=03310 t=331.000000 t_real=3.689962e+02 s <x_B_tot>=1.210158e-01 vf_precip_indicator=9.396952e-02 vf_precip_h=9.408561e-02 R_avg=6.333054e+00 xB_range=[0.0285, 0.0315] Meff_range=[2.8682e-02, 3.0559e+00] t_wall=2026-03-18 21:05:08
[3D] step=03320 t=332.000000 t_real=3.701109e+02 s <x_B_tot>=1.210159e-01 vf_precip_indicator=9.397250e-02 vf_precip_h=9.408570e-02 R_avg=6.332379e+00 xB_range=[0.0285, 0.0315] Meff_range=[2.8681e-02, 3.0560e+00] t_wall=2026-03-18 21:05:20
[3D] step=03330 t=333.000000 t_real=3.712257e+02 s <x_B_tot>=1.210159e-01 vf_precip_indicator=9.397227e-02 vf_precip_h=9.408578e-02 R_avg=6.331247e+00 xB_range=[0.0285, 0.0315] Meff_range=[2.8681e-02, 3.0560e+00] t_wall=2026-03-18 21:05:33
[3D] step=03340 t=334.000000 t_real=3.723405e+02 s <x_B_tot>=1.210159e-01 vf_precip_indicator=9.397227e-02 vf_precip_h=9.408586e-02 R_avg=6.331233e+00 xB_range=[0.0285, 0.0315] Meff_range=[2.8680e-02, 3.0560e+00] t_wall=2026-03-18 21:05:45
[3D] step=03350 t=335.000000 t_real=3.734553e+02 s <x_B_tot>=1.210160e-01 vf_precip_indicator=9.397060e-02 vf_precip_h=9.408595e-02 R_avg=6.330908e+00 xB_range=[0.0285, 0.0315] Meff_range=[2.8680e-02, 3.0560e+00] t_wall=2026-03-18 21:05:58
[3D] step=03360 t=336.000000 t_real=3.745701e+02 s <x_B_tot>=1.210160e-01 vf_precip_indicator=9.396982e-02 vf_precip_h=9.408603e-02 R_avg=6.330291e+00 xB_range=[0.0285, 0.0315] Meff_range=[2.8679e-02, 3.0560e+00] t_wall=2026-03-18 21:06:10
[3D] step=03370 t=337.000000 t_real=3.756849e+02 s <x_B_tot>=1.210160e-01 vf_precip_indicator=9.396929e-02 vf_precip_h=9.408611e-02 R_avg=6.329817e+00 xB_range=[0.0285, 0.0315] Meff_range=[2.8679e-02, 3.0560e+00] t_wall=2026-03-18 21:06:23
[3D] step=03380 t=338.000000 t_real=3.767997e+02 s <x_B_tot>=1.210161e-01 vf_precip_indicator=9.396839e-02 vf_precip_h=9.408619e-02 R_avg=6.329094e+00 xB_range=[0.0285, 0.0315] Meff_range=[2.8678e-02, 3.0560e+00] t_wall=2026-03-18 21:06:35
[3D] step=03390 t=339.000000 t_real=3.779145e+02 s <x_B_tot>=1.210161e-01 vf_precip_indicator=9.396809e-02 vf_precip_h=9.408628e-02 R_avg=6.328255e+00 xB_range=[0.0285, 0.0315] Meff_range=[2.8678e-02, 3.0561e+00] t_wall=2026-03-18 21:06:47
[3D] step=03400 t=340.000000 t_real=3.790293e+02 s <x_B_tot>=1.210162e-01 vf_precip_indicator=9.396970e-02 vf_precip_h=9.408636e-02 R_avg=6.328702e+00 xB_range=[0.0285, 0.0315] Meff_range=[2.8677e-02, 3.0561e+00] t_wall=2026-03-18 21:07:00
[3D] step=03410 t=341.000000 t_real=3.801441e+02 s <x_B_tot>=1.210162e-01 vf_precip_indicator=9.396905e-02 vf_precip_h=9.408644e-02 R_avg=6.328771e+00 xB_range=[0.0285, 0.0315] Meff_range=[2.8677e-02, 3.0561e+00] t_wall=2026-03-18 21:07:12
[3D] step=03420 t=342.000000 t_real=3.812589e+02 s <x_B_tot>=1.210162e-01 vf_precip_indicator=9.397119e-02 vf_precip_h=9.408652e-02 R_avg=6.329141e+00 xB_range=[0.0285, 0.0315] Meff_range=[2.8676e-02, 3.0562e+00] t_wall=2026-03-18 21:07:25
[3D] step=03430 t=343.000000 t_real=3.823737e+02 s <x_B_tot>=1.210163e-01 vf_precip_indicator=9.397060e-02 vf_precip_h=9.408661e-02 R_avg=6.330428e+00 xB_range=[0.0285, 0.0315] Meff_range=[2.8676e-02, 3.0562e+00] t_wall=2026-03-18 21:07:37
[3D] step=03440 t=344.000000 t_real=3.834884e+02 s <x_B_tot>=1.210163e-01 vf_precip_indicator=9.396994e-02 vf_precip_h=9.408669e-02 R_avg=6.330638e+00 xB_range=[0.0285, 0.0315] Meff_range=[2.8675e-02, 3.0562e+00] t_wall=2026-03-18 21:07:50
[3D] step=03450 t=345.000000 t_real=3.846032e+02 s <x_B_tot>=1.210164e-01 vf_precip_indicator=9.396714e-02 vf_precip_h=9.408677e-02 R_avg=6.330294e+00 xB_range=[0.0285, 0.0315] Meff_range=[2.8674e-02, 3.0563e+00] t_wall=2026-03-18 21:08:02
[3D] step=03460 t=346.000000 t_real=3.857180e+02 s <x_B_tot>=1.210164e-01 vf_precip_indicator=9.396917e-02 vf_precip_h=9.408685e-02 R_avg=6.330078e+00 xB_range=[0.0285, 0.0315] Meff_range=[2.8674e-02, 3.0563e+00] t_wall=2026-03-18 21:08:15
[3D] step=03470 t=347.000000 t_real=3.868328e+02 s <x_B_tot>=1.210164e-01 vf_precip_indicator=9.396929e-02 vf_precip_h=9.408694e-02 R_avg=6.330170e+00 xB_range=[0.0285, 0.0315] Meff_range=[2.8673e-02, 3.0563e+00] t_wall=2026-03-18 21:08:27
[3D] step=03480 t=348.000000 t_real=3.879476e+02 s <x_B_tot>=1.210165e-01 vf_precip_indicator=9.397179e-02 vf_precip_h=9.408702e-02 R_avg=6.331045e+00 xB_range=[0.0285, 0.0315] Meff_range=[2.8673e-02, 3.0563e+00] t_wall=2026-03-18 21:08:40
[3D] step=03490 t=349.000000 t_real=3.890624e+02 s <x_B_tot>=1.210165e-01 vf_precip_indicator=9.397465e-02 vf_precip_h=9.408710e-02 R_avg=6.331520e+00 xB_range=[0.0285, 0.0315] Meff_range=[2.8672e-02, 3.0564e+00] t_wall=2026-03-18 21:08:52
[3D] step=03500 t=350.000000 t_real=3.901772e+02 s <x_B_tot>=1.210166e-01 vf_precip_indicator=9.397346e-02 vf_precip_h=9.408718e-02 R_avg=6.333150e+00 xB_range=[0.0285, 0.0315] Meff_range=[2.8672e-02, 3.0564e+00] t_wall=2026-03-18 21:09:04
[3D] step=03510 t=351.000000 t_real=3.912920e+02 s <x_B_tot>=1.210166e-01 vf_precip_indicator=9.397405e-02 vf_precip_h=9.408726e-02 R_avg=6.333345e+00 xB_range=[0.0285, 0.0315] Meff_range=[2.8671e-02, 3.0564e+00] t_wall=2026-03-18 21:09:17
[3D] step=03520 t=352.000000 t_real=3.924068e+02 s <x_B_tot>=1.210166e-01 vf_precip_indicator=9.397489e-02 vf_precip_h=9.408735e-02 R_avg=6.333896e+00 xB_range=[0.0285, 0.0315] Meff_range=[2.8671e-02, 3.0564e+00] t_wall=2026-03-18 21:09:29
[3D] step=03530 t=353.000000 t_real=3.935216e+02 s <x_B_tot>=1.210167e-01 vf_precip_indicator=9.397644e-02 vf_precip_h=9.408743e-02 R_avg=6.332460e+00 xB_range=[0.0285, 0.0315] Meff_range=[2.8670e-02, 3.0564e+00] t_wall=2026-03-18 21:09:42
[3D] step=03540 t=354.000000 t_real=3.946364e+02 s <x_B_tot>=1.210167e-01 vf_precip_indicator=9.397352e-02 vf_precip_h=9.408751e-02 R_avg=6.332179e+00 xB_range=[0.0285, 0.0315] Meff_range=[2.8670e-02, 3.0565e+00] t_wall=2026-03-18 21:09:54
[3D] step=03550 t=355.000000 t_real=3.957512e+02 s <x_B_tot>=1.210168e-01 vf_precip_indicator=9.397632e-02 vf_precip_h=9.408759e-02 R_avg=6.332141e+00 xB_range=[0.0285, 0.0315] Meff_range=[2.8669e-02, 3.0565e+00] t_wall=2026-03-18 21:10:07
[3D] step=03560 t=356.000000 t_real=3.968660e+02 s <x_B_tot>=1.210168e-01 vf_precip_indicator=9.397501e-02 vf_precip_h=9.408767e-02 R_avg=6.332194e+00 xB_range=[0.0285, 0.0315] Meff_range=[2.8669e-02, 3.0565e+00] t_wall=2026-03-18 21:10:19
[3D] step=03570 t=357.000000 t_real=3.979807e+02 s <x_B_tot>=1.210168e-01 vf_precip_indicator=9.397519e-02 vf_precip_h=9.408776e-02 R_avg=6.331867e+00 xB_range=[0.0285, 0.0315] Meff_range=[2.8668e-02, 3.0565e+00] t_wall=2026-03-18 21:10:32
[3D] step=03580 t=358.000000 t_real=3.990955e+02 s <x_B_tot>=1.210169e-01 vf_precip_indicator=9.397835e-02 vf_precip_h=9.408784e-02 R_avg=6.333295e+00 xB_range=[0.0285, 0.0315] Meff_range=[2.8668e-02, 3.0565e+00] t_wall=2026-03-18 21:10:44
[3D] step=03590 t=359.000000 t_real=4.002103e+02 s <x_B_tot>=1.210169e-01 vf_precip_indicator=9.397990e-02 vf_precip_h=9.408792e-02 R_avg=6.333725e+00 xB_range=[0.0285, 0.0315] Meff_range=[2.8667e-02, 3.0565e+00] t_wall=2026-03-18 21:10:57
[3D] step=03600 t=360.000000 t_real=4.013251e+02 s <x_B_tot>=1.210170e-01 vf_precip_indicator=9.398073e-02 vf_precip_h=9.408800e-02 R_avg=6.333626e+00 xB_range=[0.0285, 0.0315] Meff_range=[2.8667e-02, 3.0565e+00] t_wall=2026-03-18 21:11:09
[3D] step=03610 t=361.000000 t_real=4.024399e+02 s <x_B_tot>=1.210170e-01 vf_precip_indicator=9.397912e-02 vf_precip_h=9.408808e-02 R_avg=6.334309e+00 xB_range=[0.0285, 0.0315] Meff_range=[2.8666e-02, 3.0566e+00] t_wall=2026-03-18 21:11:21
[3D] step=03620 t=362.000000 t_real=4.035547e+02 s <x_B_tot>=1.210170e-01 vf_precip_indicator=9.397578e-02 vf_precip_h=9.408816e-02 R_avg=6.333971e+00 xB_range=[0.0285, 0.0315] Meff_range=[2.8666e-02, 3.0566e+00] t_wall=2026-03-18 21:11:34
[3D] step=03630 t=363.000000 t_real=4.046695e+02 s <x_B_tot>=1.210171e-01 vf_precip_indicator=9.397513e-02 vf_precip_h=9.408824e-02 R_avg=6.333616e+00 xB_range=[0.0285, 0.0315] Meff_range=[2.8666e-02, 3.0566e+00] t_wall=2026-03-18 21:11:46
[3D] step=03640 t=364.000000 t_real=4.057843e+02 s <x_B_tot>=1.210171e-01 vf_precip_indicator=9.397608e-02 vf_precip_h=9.408833e-02 R_avg=6.334132e+00 xB_range=[0.0285, 0.0315] Meff_range=[2.8665e-02, 3.0566e+00] t_wall=2026-03-18 21:11:59
[3D] step=03650 t=365.000000 t_real=4.068991e+02 s <x_B_tot>=1.210172e-01 vf_precip_indicator=9.397548e-02 vf_precip_h=9.408841e-02 R_avg=6.335449e+00 xB_range=[0.0285, 0.0315] Meff_range=[2.8665e-02, 3.0566e+00] t_wall=2026-03-18 21:12:11
[3D] step=03660 t=366.000000 t_real=4.080139e+02 s <x_B_tot>=1.210172e-01 vf_precip_indicator=9.397191e-02 vf_precip_h=9.408849e-02 R_avg=6.335039e+00 xB_range=[0.0285, 0.0315] Meff_range=[2.8664e-02, 3.0566e+00] t_wall=2026-03-18 21:12:24
[3D] step=03670 t=367.000000 t_real=4.091287e+02 s <x_B_tot>=1.210172e-01 vf_precip_indicator=9.397489e-02 vf_precip_h=9.408857e-02 R_avg=6.335862e+00 xB_range=[0.0285, 0.0315] Meff_range=[2.8664e-02, 3.0566e+00] t_wall=2026-03-18 21:12:36
[3D] step=03680 t=368.000000 t_real=4.102435e+02 s <x_B_tot>=1.210173e-01 vf_precip_indicator=9.397644e-02 vf_precip_h=9.408865e-02 R_avg=6.335160e+00 xB_range=[0.0285, 0.0315] Meff_range=[2.8663e-02, 3.0566e+00] t_wall=2026-03-18 21:12:49
[3D] step=03690 t=369.000000 t_real=4.113582e+02 s <x_B_tot>=1.210173e-01 vf_precip_indicator=9.397727e-02 vf_precip_h=9.408873e-02 R_avg=6.335287e+00 xB_range=[0.0285, 0.0315] Meff_range=[2.8663e-02, 3.0566e+00] t_wall=2026-03-18 21:13:01
[3D] step=03700 t=370.000000 t_real=4.124730e+02 s <x_B_tot>=1.210174e-01 vf_precip_indicator=9.397739e-02 vf_precip_h=9.408881e-02 R_avg=6.335663e+00 xB_range=[0.0285, 0.0315] Meff_range=[2.8662e-02, 3.0566e+00] t_wall=2026-03-18 21:13:14
[3D] step=03710 t=371.000000 t_real=4.135878e+02 s <x_B_tot>=1.210174e-01 vf_precip_indicator=9.397870e-02 vf_precip_h=9.408890e-02 R_avg=6.335355e+00 xB_range=[0.0285, 0.0315] Meff_range=[2.8662e-02, 3.0566e+00] t_wall=2026-03-18 21:13:26
[3D] step=03720 t=372.000000 t_real=4.147026e+02 s <x_B_tot>=1.210174e-01 vf_precip_indicator=9.397805e-02 vf_precip_h=9.408898e-02 R_avg=6.335170e+00 xB_range=[0.0285, 0.0315] Meff_range=[2.8662e-02, 3.0566e+00] t_wall=2026-03-18 21:13:38
[3D] step=03730 t=373.000000 t_real=4.158174e+02 s <x_B_tot>=1.210175e-01 vf_precip_indicator=9.397578e-02 vf_precip_h=9.408906e-02 R_avg=6.335979e+00 xB_range=[0.0285, 0.0315] Meff_range=[2.8661e-02, 3.0566e+00] t_wall=2026-03-18 21:13:51
[3D] step=03740 t=374.000000 t_real=4.169322e+02 s <x_B_tot>=1.210175e-01 vf_precip_indicator=9.397787e-02 vf_precip_h=9.408914e-02 R_avg=6.337039e+00 xB_range=[0.0285, 0.0315] Meff_range=[2.8661e-02, 3.0567e+00] t_wall=2026-03-18 21:14:03
[3D] step=03750 t=375.000000 t_real=4.180470e+02 s <x_B_tot>=1.210175e-01 vf_precip_indicator=9.397477e-02 vf_precip_h=9.408922e-02 R_avg=6.337976e+00 xB_range=[0.0285, 0.0315] Meff_range=[2.8660e-02, 3.0567e+00] t_wall=2026-03-18 21:14:16
[3D] step=03760 t=376.000000 t_real=4.191618e+02 s <x_B_tot>=1.210176e-01 vf_precip_indicator=9.397489e-02 vf_precip_h=9.408930e-02 R_avg=6.337956e+00 xB_range=[0.0285, 0.0315] Meff_range=[2.8660e-02, 3.0567e+00] t_wall=2026-03-18 21:14:28
[3D] step=03770 t=377.000000 t_real=4.202766e+02 s <x_B_tot>=1.210176e-01 vf_precip_indicator=9.397513e-02 vf_precip_h=9.408938e-02 R_avg=6.338425e+00 xB_range=[0.0285, 0.0315] Meff_range=[2.8659e-02, 3.0567e+00] t_wall=2026-03-18 21:14:41
[3D] step=03780 t=378.000000 t_real=4.213914e+02 s <x_B_tot>=1.210177e-01 vf_precip_indicator=9.397608e-02 vf_precip_h=9.408946e-02 R_avg=6.339622e+00 xB_range=[0.0285, 0.0315] Meff_range=[2.8659e-02, 3.0567e+00] t_wall=2026-03-18 21:14:53
[3D] step=03790 t=379.000000 t_real=4.225062e+02 s <x_B_tot>=1.210177e-01 vf_precip_indicator=9.397489e-02 vf_precip_h=9.408955e-02 R_avg=6.340207e+00 xB_range=[0.0285, 0.0315] Meff_range=[2.8659e-02, 3.0567e+00] t_wall=2026-03-18 21:15:06
[3D] step=03800 t=380.000000 t_real=4.236210e+02 s <x_B_tot>=1.210177e-01 vf_precip_indicator=9.397286e-02 vf_precip_h=9.408963e-02 R_avg=6.340283e+00 xB_range=[0.0285, 0.0315] Meff_range=[2.8658e-02, 3.0568e+00] t_wall=2026-03-18 21:15:18
[3D] step=03810 t=381.000000 t_real=4.247358e+02 s <x_B_tot>=1.210178e-01 vf_precip_indicator=9.397089e-02 vf_precip_h=9.408971e-02 R_avg=6.339570e+00 xB_range=[0.0285, 0.0315] Meff_range=[2.8658e-02, 3.0568e+00] t_wall=2026-03-18 21:15:30
[3D] step=03820 t=382.000000 t_real=4.258505e+02 s <x_B_tot>=1.210178e-01 vf_precip_indicator=9.396845e-02 vf_precip_h=9.408979e-02 R_avg=6.338400e+00 xB_range=[0.0285, 0.0315] Meff_range=[2.8657e-02, 3.0568e+00] t_wall=2026-03-18 21:15:43
[3D] step=03830 t=383.000000 t_real=4.269653e+02 s <x_B_tot>=1.210179e-01 vf_precip_indicator=9.396929e-02 vf_precip_h=9.408987e-02 R_avg=6.338498e+00 xB_range=[0.0285, 0.0315] Meff_range=[2.8657e-02, 3.0568e+00] t_wall=2026-03-18 21:15:55
[3D] step=03840 t=384.000000 t_real=4.280801e+02 s <x_B_tot>=1.210179e-01 vf_precip_indicator=9.396982e-02 vf_precip_h=9.408995e-02 R_avg=6.338520e+00 xB_range=[0.0285, 0.0315] Meff_range=[2.8657e-02, 3.0568e+00] t_wall=2026-03-18 21:16:08
[3D] step=03850 t=385.000000 t_real=4.291949e+02 s <x_B_tot>=1.210179e-01 vf_precip_indicator=9.397012e-02 vf_precip_h=9.409003e-02 R_avg=6.338512e+00 xB_range=[0.0285, 0.0315] Meff_range=[2.8656e-02, 3.0568e+00] t_wall=2026-03-18 21:16:20
[3D] step=03860 t=386.000000 t_real=4.303097e+02 s <x_B_tot>=1.210180e-01 vf_precip_indicator=9.397286e-02 vf_precip_h=9.409011e-02 R_avg=6.339887e+00 xB_range=[0.0285, 0.0315] Meff_range=[2.8656e-02, 3.0568e+00] t_wall=2026-03-18 21:16:33
[3D] step=03870 t=387.000000 t_real=4.314245e+02 s <x_B_tot>=1.210180e-01 vf_precip_indicator=9.397155e-02 vf_precip_h=9.409020e-02 R_avg=6.340294e+00 xB_range=[0.0285, 0.0315] Meff_range=[2.8656e-02, 3.0568e+00] t_wall=2026-03-18 21:16:45
[3D] step=03880 t=388.000000 t_real=4.325393e+02 s <x_B_tot>=1.210180e-01 vf_precip_indicator=9.397238e-02 vf_precip_h=9.409028e-02 R_avg=6.341611e+00 xB_range=[0.0285, 0.0315] Meff_range=[2.8655e-02, 3.0568e+00] t_wall=2026-03-18 21:16:58
[3D] step=03890 t=389.000000 t_real=4.336541e+02 s <x_B_tot>=1.210181e-01 vf_precip_indicator=9.397072e-02 vf_precip_h=9.409036e-02 R_avg=6.341824e+00 xB_range=[0.0285, 0.0315] Meff_range=[2.8655e-02, 3.0568e+00] t_wall=2026-03-18 21:17:10
[3D] step=03900 t=390.000000 t_real=4.347689e+02 s <x_B_tot>=1.210181e-01 vf_precip_indicator=9.396809e-02 vf_precip_h=9.409044e-02 R_avg=6.341534e+00 xB_range=[0.0285, 0.0315] Meff_range=[2.8655e-02, 3.0569e+00] t_wall=2026-03-18 21:17:23
[3D] step=03910 t=391.000000 t_real=4.358837e+02 s <x_B_tot>=1.210182e-01 vf_precip_indicator=9.396738e-02 vf_precip_h=9.409052e-02 R_avg=6.342152e+00 xB_range=[0.0285, 0.0315] Meff_range=[2.8654e-02, 3.0569e+00] t_wall=2026-03-18 21:17:35
[3D] step=03920 t=392.000000 t_real=4.369985e+02 s <x_B_tot>=1.210182e-01 vf_precip_indicator=9.396577e-02 vf_precip_h=9.409060e-02 R_avg=6.342114e+00 xB_range=[0.0285, 0.0315] Meff_range=[2.8654e-02, 3.0569e+00] t_wall=2026-03-18 21:17:48
[3D] step=03930 t=393.000000 t_real=4.381133e+02 s <x_B_tot>=1.210182e-01 vf_precip_indicator=9.396446e-02 vf_precip_h=9.409068e-02 R_avg=6.341912e+00 xB_range=[0.0285, 0.0315] Meff_range=[2.8654e-02, 3.0569e+00] t_wall=2026-03-18 21:18:00
[3D] step=03940 t=394.000000 t_real=4.392280e+02 s <x_B_tot>=1.210183e-01 vf_precip_indicator=9.396982e-02 vf_precip_h=9.409076e-02 R_avg=6.342615e+00 xB_range=[0.0285, 0.0315] Meff_range=[2.8653e-02, 3.0569e+00] t_wall=2026-03-18 21:18:12
[3D] step=03950 t=395.000000 t_real=4.403428e+02 s <x_B_tot>=1.210183e-01 vf_precip_indicator=9.396845e-02 vf_precip_h=9.409085e-02 R_avg=6.343118e+00 xB_range=[0.0285, 0.0315] Meff_range=[2.8653e-02, 3.0569e+00] t_wall=2026-03-18 21:18:25
[3D] step=03960 t=396.000000 t_real=4.414576e+02 s <x_B_tot>=1.210184e-01 vf_precip_indicator=9.396803e-02 vf_precip_h=9.409093e-02 R_avg=6.343245e+00 xB_range=[0.0285, 0.0315] Meff_range=[2.8652e-02, 3.0569e+00] t_wall=2026-03-18 21:18:37
[3D] step=03970 t=397.000000 t_real=4.425724e+02 s <x_B_tot>=1.210184e-01 vf_precip_indicator=9.396809e-02 vf_precip_h=9.409101e-02 R_avg=6.343363e+00 xB_range=[0.0285, 0.0315] Meff_range=[2.8652e-02, 3.0569e+00] t_wall=2026-03-18 21:18:50
[3D] step=03980 t=398.000000 t_real=4.436872e+02 s <x_B_tot>=1.210184e-01 vf_precip_indicator=9.396893e-02 vf_precip_h=9.409109e-02 R_avg=6.344086e+00 xB_range=[0.0285, 0.0315] Meff_range=[2.8652e-02, 3.0569e+00] t_wall=2026-03-18 21:19:02
[3D] step=03990 t=399.000000 t_real=4.448020e+02 s <x_B_tot>=1.210185e-01 vf_precip_indicator=9.396893e-02 vf_precip_h=9.409117e-02 R_avg=6.344454e+00 xB_range=[0.0285, 0.0315] Meff_range=[2.8651e-02, 3.0569e+00] t_wall=2026-03-18 21:19:15
[3D] step=04000 t=400.000000 t_real=4.459168e+02 s <x_B_tot>=1.210185e-01 vf_precip_indicator=9.397113e-02 vf_precip_h=9.409125e-02 R_avg=6.345043e+00 xB_range=[0.0285, 0.0315] Meff_range=[2.8651e-02, 3.0569e+00] t_wall=2026-03-18 21:19:27
[3D] step=04010 t=401.000000 t_real=4.470316e+02 s <x_B_tot>=1.210186e-01 vf_precip_indicator=9.397262e-02 vf_precip_h=9.409133e-02 R_avg=6.345172e+00 xB_range=[0.0285, 0.0315] Meff_range=[2.8651e-02, 3.0569e+00] t_wall=2026-03-18 21:19:40
[3D] step=04020 t=402.000000 t_real=4.481464e+02 s <x_B_tot>=1.210186e-01 vf_precip_indicator=9.397370e-02 vf_precip_h=9.409141e-02 R_avg=6.345401e+00 xB_range=[0.0285, 0.0315] Meff_range=[2.8651e-02, 3.0569e+00] t_wall=2026-03-18 21:19:52
[3D] step=04030 t=403.000000 t_real=4.492612e+02 s <x_B_tot>=1.210186e-01 vf_precip_indicator=9.397441e-02 vf_precip_h=9.409150e-02 R_avg=6.345534e+00 xB_range=[0.0285, 0.0315] Meff_range=[2.8650e-02, 3.0569e+00] t_wall=2026-03-18 21:20:05
[3D] step=04040 t=404.000000 t_real=4.503760e+02 s <x_B_tot>=1.210187e-01 vf_precip_indicator=9.397358e-02 vf_precip_h=9.409158e-02 R_avg=6.345236e+00 xB_range=[0.0285, 0.0315] Meff_range=[2.8650e-02, 3.0569e+00] t_wall=2026-03-18 21:20:17
[3D] step=04050 t=405.000000 t_real=4.514908e+02 s <x_B_tot>=1.210187e-01 vf_precip_indicator=9.397423e-02 vf_precip_h=9.409166e-02 R_avg=6.345806e+00 xB_range=[0.0285, 0.0315] Meff_range=[2.8650e-02, 3.0569e+00] t_wall=2026-03-18 21:20:29
[3D] step=04060 t=406.000000 t_real=4.526056e+02 s <x_B_tot>=1.210187e-01 vf_precip_indicator=9.397668e-02 vf_precip_h=9.409174e-02 R_avg=6.346113e+00 xB_range=[0.0285, 0.0315] Meff_range=[2.8649e-02, 3.0570e+00] t_wall=2026-03-18 21:20:42
[3D] step=04070 t=407.000000 t_real=4.537203e+02 s <x_B_tot>=1.210188e-01 vf_precip_indicator=9.397578e-02 vf_precip_h=9.409182e-02 R_avg=6.346279e+00 xB_range=[0.0285, 0.0315] Meff_range=[2.8649e-02, 3.0570e+00] t_wall=2026-03-18 21:20:54
[3D] step=04080 t=408.000000 t_real=4.548351e+02 s <x_B_tot>=1.210188e-01 vf_precip_indicator=9.397548e-02 vf_precip_h=9.409190e-02 R_avg=6.346571e+00 xB_range=[0.0285, 0.0315] Meff_range=[2.8649e-02, 3.0570e+00] t_wall=2026-03-18 21:21:07
[3D] step=04090 t=409.000000 t_real=4.559499e+02 s <x_B_tot>=1.210189e-01 vf_precip_indicator=9.397662e-02 vf_precip_h=9.409198e-02 R_avg=6.347826e+00 xB_range=[0.0285, 0.0315] Meff_range=[2.8648e-02, 3.0570e+00] t_wall=2026-03-18 21:21:19
[3D] step=04100 t=410.000000 t_real=4.570647e+02 s <x_B_tot>=1.210189e-01 vf_precip_indicator=9.397560e-02 vf_precip_h=9.409206e-02 R_avg=6.347019e+00 xB_range=[0.0285, 0.0315] Meff_range=[2.8648e-02, 3.0570e+00] t_wall=2026-03-18 21:21:32
[3D] step=04110 t=411.000000 t_real=4.581795e+02 s <x_B_tot>=1.210189e-01 vf_precip_indicator=9.397388e-02 vf_precip_h=9.409215e-02 R_avg=6.346846e+00 xB_range=[0.0285, 0.0315] Meff_range=[2.8648e-02, 3.0570e+00] t_wall=2026-03-18 21:21:44
[3D] step=04120 t=412.000000 t_real=4.592943e+02 s <x_B_tot>=1.210190e-01 vf_precip_indicator=9.397095e-02 vf_precip_h=9.409223e-02 R_avg=6.346578e+00 xB_range=[0.0285, 0.0315] Meff_range=[2.8648e-02, 3.0570e+00] t_wall=2026-03-18 21:21:57
[3D] step=04130 t=413.000000 t_real=4.604091e+02 s <x_B_tot>=1.210190e-01 vf_precip_indicator=9.396929e-02 vf_precip_h=9.409231e-02 R_avg=6.346749e+00 xB_range=[0.0285, 0.0315] Meff_range=[2.8647e-02, 3.0570e+00] t_wall=2026-03-18 21:22:09
[3D] step=04140 t=414.000000 t_real=4.615239e+02 s <x_B_tot>=1.210191e-01 vf_precip_indicator=9.397107e-02 vf_precip_h=9.409239e-02 R_avg=6.346841e+00 xB_range=[0.0285, 0.0315] Meff_range=[2.8647e-02, 3.0570e+00] t_wall=2026-03-18 21:22:22
[3D] step=04150 t=415.000000 t_real=4.626387e+02 s <x_B_tot>=1.210191e-01 vf_precip_indicator=9.397489e-02 vf_precip_h=9.409247e-02 R_avg=6.347468e+00 xB_range=[0.0285, 0.0315] Meff_range=[2.8647e-02, 3.0571e+00] t_wall=2026-03-18 21:22:34
[3D] step=04160 t=416.000000 t_real=4.637535e+02 s <x_B_tot>=1.210191e-01 vf_precip_indicator=9.397525e-02 vf_precip_h=9.409255e-02 R_avg=6.347123e+00 xB_range=[0.0285, 0.0315] Meff_range=[2.8646e-02, 3.0571e+00] t_wall=2026-03-18 21:22:46
[3D] step=04170 t=417.000000 t_real=4.648683e+02 s <x_B_tot>=1.210192e-01 vf_precip_indicator=9.397465e-02 vf_precip_h=9.409264e-02 R_avg=6.347012e+00 xB_range=[0.0285, 0.0315] Meff_range=[2.8646e-02, 3.0571e+00] t_wall=2026-03-18 21:22:59
[3D] step=04180 t=418.000000 t_real=4.659831e+02 s <x_B_tot>=1.210192e-01 vf_precip_indicator=9.397811e-02 vf_precip_h=9.409272e-02 R_avg=6.346550e+00 xB_range=[0.0285, 0.0315] Meff_range=[2.8646e-02, 3.0571e+00] t_wall=2026-03-18 21:23:11
[3D] step=04190 t=419.000000 t_real=4.670978e+02 s <x_B_tot>=1.210193e-01 vf_precip_indicator=9.397763e-02 vf_precip_h=9.409280e-02 R_avg=6.346078e+00 xB_range=[0.0285, 0.0315] Meff_range=[2.8646e-02, 3.0571e+00] t_wall=2026-03-18 21:23:24
[3D] step=04200 t=420.000000 t_real=4.682126e+02 s <x_B_tot>=1.210193e-01 vf_precip_indicator=9.397882e-02 vf_precip_h=9.409288e-02 R_avg=6.347180e+00 xB_range=[0.0285, 0.0315] Meff_range=[2.8645e-02, 3.0571e+00] t_wall=2026-03-18 21:23:36
[3D] step=04210 t=421.000000 t_real=4.693274e+02 s <x_B_tot>=1.210193e-01 vf_precip_indicator=9.397894e-02 vf_precip_h=9.409296e-02 R_avg=6.346720e+00 xB_range=[0.0285, 0.0315] Meff_range=[2.8645e-02, 3.0571e+00] t_wall=2026-03-18 21:23:49
[3D] step=04220 t=422.000000 t_real=4.704422e+02 s <x_B_tot>=1.210194e-01 vf_precip_indicator=9.398109e-02 vf_precip_h=9.409304e-02 R_avg=6.347021e+00 xB_range=[0.0285, 0.0315] Meff_range=[2.8645e-02, 3.0571e+00] t_wall=2026-03-18 21:24:01
[3D] step=04230 t=423.000000 t_real=4.715570e+02 s <x_B_tot>=1.210194e-01 vf_precip_indicator=9.398037e-02 vf_precip_h=9.409312e-02 R_avg=6.347427e+00 xB_range=[0.0285, 0.0315] Meff_range=[2.8645e-02, 3.0571e+00] t_wall=2026-03-18 21:24:14
[3D] step=04240 t=424.000000 t_real=4.726718e+02 s <x_B_tot>=1.210195e-01 vf_precip_indicator=9.398043e-02 vf_precip_h=9.409321e-02 R_avg=6.347686e+00 xB_range=[0.0285, 0.0315] Meff_range=[2.8644e-02, 3.0571e+00] t_wall=2026-03-18 21:24:26
[3D] step=04250 t=425.000000 t_real=4.737866e+02 s <x_B_tot>=1.210195e-01 vf_precip_indicator=9.397990e-02 vf_precip_h=9.409329e-02 R_avg=6.348161e+00 xB_range=[0.0285, 0.0315] Meff_range=[2.8644e-02, 3.0571e+00] t_wall=2026-03-18 21:24:39
[3D] step=04260 t=426.000000 t_real=4.749014e+02 s <x_B_tot>=1.210195e-01 vf_precip_indicator=9.398097e-02 vf_precip_h=9.409337e-02 R_avg=6.347155e+00 xB_range=[0.0285, 0.0315] Meff_range=[2.8644e-02, 3.0571e+00] t_wall=2026-03-18 21:24:51
[3D] step=04270 t=427.000000 t_real=4.760162e+02 s <x_B_tot>=1.210196e-01 vf_precip_indicator=9.397966e-02 vf_precip_h=9.409345e-02 R_avg=6.347052e+00 xB_range=[0.0285, 0.0315] Meff_range=[2.8644e-02, 3.0571e+00] t_wall=2026-03-18 21:25:03
[3D] step=04280 t=428.000000 t_real=4.771310e+02 s <x_B_tot>=1.210196e-01 vf_precip_indicator=9.397990e-02 vf_precip_h=9.409353e-02 R_avg=6.347324e+00 xB_range=[0.0285, 0.0315] Meff_range=[2.8643e-02, 3.0571e+00] t_wall=2026-03-18 21:25:16
[3D] step=04290 t=429.000000 t_real=4.782458e+02 s <x_B_tot>=1.210197e-01 vf_precip_indicator=9.398037e-02 vf_precip_h=9.409362e-02 R_avg=6.347157e+00 xB_range=[0.0285, 0.0315] Meff_range=[2.8643e-02, 3.0571e+00] t_wall=2026-03-18 21:25:28
[3D] step=04300 t=430.000000 t_real=4.793606e+02 s <x_B_tot>=1.210197e-01 vf_precip_indicator=9.397954e-02 vf_precip_h=9.409370e-02 R_avg=6.347456e+00 xB_range=[0.0285, 0.0315] Meff_range=[2.8643e-02, 3.0571e+00] t_wall=2026-03-18 21:25:41
[3D] step=04310 t=431.000000 t_real=4.804754e+02 s <x_B_tot>=1.210197e-01 vf_precip_indicator=9.397882e-02 vf_precip_h=9.409378e-02 R_avg=6.348998e+00 xB_range=[0.0285, 0.0315] Meff_range=[2.8643e-02, 3.0571e+00] t_wall=2026-03-18 21:25:53
[3D] step=04320 t=432.000000 t_real=4.815901e+02 s <x_B_tot>=1.210198e-01 vf_precip_indicator=9.397525e-02 vf_precip_h=9.409386e-02 R_avg=6.348884e+00 xB_range=[0.0285, 0.0315] Meff_range=[2.8643e-02, 3.0571e+00] t_wall=2026-03-18 21:26:06
[3D] step=04330 t=433.000000 t_real=4.827049e+02 s <x_B_tot>=1.210198e-01 vf_precip_indicator=9.397447e-02 vf_precip_h=9.409394e-02 R_avg=6.348547e+00 xB_range=[0.0285, 0.0315] Meff_range=[2.8642e-02, 3.0571e+00] t_wall=2026-03-18 21:26:18
[3D] step=04340 t=434.000000 t_real=4.838197e+02 s <x_B_tot>=1.210198e-01 vf_precip_indicator=9.397405e-02 vf_precip_h=9.409402e-02 R_avg=6.349016e+00 xB_range=[0.0285, 0.0315] Meff_range=[2.8642e-02, 3.0571e+00] t_wall=2026-03-18 21:26:31
[3D] step=04350 t=435.000000 t_real=4.849345e+02 s <x_B_tot>=1.210199e-01 vf_precip_indicator=9.397322e-02 vf_precip_h=9.409411e-02 R_avg=6.348733e+00 xB_range=[0.0285, 0.0315] Meff_range=[2.8642e-02, 3.0571e+00] t_wall=2026-03-18 21:26:43
[3D] step=04360 t=436.000000 t_real=4.860493e+02 s <x_B_tot>=1.210199e-01 vf_precip_indicator=9.397167e-02 vf_precip_h=9.409419e-02 R_avg=6.347748e+00 xB_range=[0.0285, 0.0315] Meff_range=[2.8642e-02, 3.0571e+00] t_wall=2026-03-18 21:26:56
[3D] step=04370 t=437.000000 t_real=4.871641e+02 s <x_B_tot>=1.210200e-01 vf_precip_indicator=9.397560e-02 vf_precip_h=9.409427e-02 R_avg=6.348738e+00 xB_range=[0.0285, 0.0315] Meff_range=[2.8641e-02, 3.0571e+00] t_wall=2026-03-18 21:27:08
[3D] step=04380 t=438.000000 t_real=4.882789e+02 s <x_B_tot>=1.210200e-01 vf_precip_indicator=9.397411e-02 vf_precip_h=9.409435e-02 R_avg=6.348694e+00 xB_range=[0.0285, 0.0315] Meff_range=[2.8641e-02, 3.0570e+00] t_wall=2026-03-18 21:27:20
[3D] step=04390 t=439.000000 t_real=4.893937e+02 s <x_B_tot>=1.210200e-01 vf_precip_indicator=9.397674e-02 vf_precip_h=9.409443e-02 R_avg=6.348033e+00 xB_range=[0.0285, 0.0315] Meff_range=[2.8641e-02, 3.0570e+00] t_wall=2026-03-18 21:27:33
[3D] step=04400 t=440.000000 t_real=4.905085e+02 s <x_B_tot>=1.210201e-01 vf_precip_indicator=9.397644e-02 vf_precip_h=9.409452e-02 R_avg=6.347488e+00 xB_range=[0.0285, 0.0315] Meff_range=[2.8641e-02, 3.0570e+00] t_wall=2026-03-18 21:27:45
[3D] step=04410 t=441.000000 t_real=4.916233e+02 s <x_B_tot>=1.210201e-01 vf_precip_indicator=9.397519e-02 vf_precip_h=9.409460e-02 R_avg=6.348269e+00 xB_range=[0.0285, 0.0315] Meff_range=[2.8641e-02, 3.0570e+00] t_wall=2026-03-18 21:27:58
[3D] step=04420 t=442.000000 t_real=4.927381e+02 s <x_B_tot>=1.210202e-01 vf_precip_indicator=9.397596e-02 vf_precip_h=9.409468e-02 R_avg=6.348321e+00 xB_range=[0.0285, 0.0315] Meff_range=[2.8640e-02, 3.0570e+00] t_wall=2026-03-18 21:28:10
[3D] step=04430 t=443.000000 t_real=4.938529e+02 s <x_B_tot>=1.210202e-01 vf_precip_indicator=9.397525e-02 vf_precip_h=9.409476e-02 R_avg=6.347876e+00 xB_range=[0.0285, 0.0315] Meff_range=[2.8640e-02, 3.0570e+00] t_wall=2026-03-18 21:28:23
[3D] step=04440 t=444.000000 t_real=4.949676e+02 s <x_B_tot>=1.210202e-01 vf_precip_indicator=9.397644e-02 vf_precip_h=9.409484e-02 R_avg=6.348865e+00 xB_range=[0.0285, 0.0315] Meff_range=[2.8640e-02, 3.0570e+00] t_wall=2026-03-18 21:28:35
[3D] step=04450 t=445.000000 t_real=4.960824e+02 s <x_B_tot>=1.210203e-01 vf_precip_indicator=9.397525e-02 vf_precip_h=9.409493e-02 R_avg=6.349466e+00 xB_range=[0.0285, 0.0315] Meff_range=[2.8640e-02, 3.0570e+00] t_wall=2026-03-18 21:28:48
[3D] step=04460 t=446.000000 t_real=4.971972e+02 s <x_B_tot>=1.210203e-01 vf_precip_indicator=9.397656e-02 vf_precip_h=9.409501e-02 R_avg=6.349356e+00 xB_range=[0.0285, 0.0315] Meff_range=[2.8640e-02, 3.0570e+00] t_wall=2026-03-18 21:29:00
[3D] step=04470 t=447.000000 t_real=4.983120e+02 s <x_B_tot>=1.210204e-01 vf_precip_indicator=9.397864e-02 vf_precip_h=9.409509e-02 R_avg=6.349710e+00 xB_range=[0.0285, 0.0315] Meff_range=[2.8639e-02, 3.0570e+00] t_wall=2026-03-18 21:29:13
[3D] step=04480 t=448.000000 t_real=4.994268e+02 s <x_B_tot>=1.210204e-01 vf_precip_indicator=9.397751e-02 vf_precip_h=9.409517e-02 R_avg=6.349818e+00 xB_range=[0.0285, 0.0315] Meff_range=[2.8639e-02, 3.0570e+00] t_wall=2026-03-18 21:29:25
[3D] step=04490 t=449.000000 t_real=5.005416e+02 s <x_B_tot>=1.210204e-01 vf_precip_indicator=9.398061e-02 vf_precip_h=9.409526e-02 R_avg=6.349956e+00 xB_range=[0.0285, 0.0315] Meff_range=[2.8639e-02, 3.0570e+00] t_wall=2026-03-18 21:29:37
[3D] step=04500 t=450.000000 t_real=5.016564e+02 s <x_B_tot>=1.210205e-01 vf_precip_indicator=9.398067e-02 vf_precip_h=9.409534e-02 R_avg=6.350429e+00 xB_range=[0.0285, 0.0315] Meff_range=[2.8639e-02, 3.0570e+00] t_wall=2026-03-18 21:29:50
[3D] step=04510 t=451.000000 t_real=5.027712e+02 s <x_B_tot>=1.210205e-01 vf_precip_indicator=9.398371e-02 vf_precip_h=9.409542e-02 R_avg=6.349967e+00 xB_range=[0.0285, 0.0315] Meff_range=[2.8639e-02, 3.0570e+00] t_wall=2026-03-18 21:30:02
[3D] step=04520 t=452.000000 t_real=5.038860e+02 s <x_B_tot>=1.210206e-01 vf_precip_indicator=9.398061e-02 vf_precip_h=9.409550e-02 R_avg=6.349999e+00 xB_range=[0.0285, 0.0315] Meff_range=[2.8638e-02, 3.0570e+00] t_wall=2026-03-18 21:30:15
[3D] step=04530 t=453.000000 t_real=5.050008e+02 s <x_B_tot>=1.210206e-01 vf_precip_indicator=9.397912e-02 vf_precip_h=9.409559e-02 R_avg=6.350765e+00 xB_range=[0.0285, 0.0315] Meff_range=[2.8638e-02, 3.0570e+00] t_wall=2026-03-18 21:30:27
[3D] step=04540 t=454.000000 t_real=5.061156e+02 s <x_B_tot>=1.210206e-01 vf_precip_indicator=9.397680e-02 vf_precip_h=9.409567e-02 R_avg=6.350651e+00 xB_range=[0.0285, 0.0315] Meff_range=[2.8638e-02, 3.0570e+00] t_wall=2026-03-18 21:30:40
[3D] step=04550 t=455.000000 t_real=5.072304e+02 s <x_B_tot>=1.210207e-01 vf_precip_indicator=9.397733e-02 vf_precip_h=9.409575e-02 R_avg=6.350502e+00 xB_range=[0.0285, 0.0315] Meff_range=[2.8638e-02, 3.0570e+00] t_wall=2026-03-18 21:30:52
[3D] step=04560 t=456.000000 t_real=5.083452e+02 s <x_B_tot>=1.210207e-01 vf_precip_indicator=9.397858e-02 vf_precip_h=9.409583e-02 R_avg=6.351454e+00 xB_range=[0.0285, 0.0315] Meff_range=[2.8638e-02, 3.0570e+00] t_wall=2026-03-18 21:31:05
[3D] step=04570 t=457.000000 t_real=5.094599e+02 s <x_B_tot>=1.210208e-01 vf_precip_indicator=9.397787e-02 vf_precip_h=9.409592e-02 R_avg=6.352173e+00 xB_range=[0.0285, 0.0315] Meff_range=[2.8637e-02, 3.0570e+00] t_wall=2026-03-18 21:31:17
[3D] step=04580 t=458.000000 t_real=5.105747e+02 s <x_B_tot>=1.210208e-01 vf_precip_indicator=9.397870e-02 vf_precip_h=9.409600e-02 R_avg=6.352599e+00 xB_range=[0.0285, 0.0315] Meff_range=[2.8637e-02, 3.0570e+00] t_wall=2026-03-18 21:31:30
[3D] step=04590 t=459.000000 t_real=5.116895e+02 s <x_B_tot>=1.210208e-01 vf_precip_indicator=9.397882e-02 vf_precip_h=9.409608e-02 R_avg=6.352621e+00 xB_range=[0.0285, 0.0315] Meff_range=[2.8637e-02, 3.0570e+00] t_wall=2026-03-18 21:31:42
[3D] step=04600 t=460.000000 t_real=5.128043e+02 s <x_B_tot>=1.210209e-01 vf_precip_indicator=9.397882e-02 vf_precip_h=9.409616e-02 R_avg=6.352707e+00 xB_range=[0.0285, 0.0315] Meff_range=[2.8637e-02, 3.0570e+00] t_wall=2026-03-18 21:31:54
[3D] step=04610 t=461.000000 t_real=5.139191e+02 s <x_B_tot>=1.210209e-01 vf_precip_indicator=9.397691e-02 vf_precip_h=9.409625e-02 R_avg=6.352763e+00 xB_range=[0.0285, 0.0315] Meff_range=[2.8637e-02, 3.0570e+00] t_wall=2026-03-18 21:32:07
[3D] step=04620 t=462.000000 t_real=5.150339e+02 s <x_B_tot>=1.210210e-01 vf_precip_indicator=9.397978e-02 vf_precip_h=9.409633e-02 R_avg=6.353340e+00 xB_range=[0.0285, 0.0315] Meff_range=[2.8636e-02, 3.0570e+00] t_wall=2026-03-18 21:32:19
[3D] step=04630 t=463.000000 t_real=5.161487e+02 s <x_B_tot>=1.210210e-01 vf_precip_indicator=9.397739e-02 vf_precip_h=9.409641e-02 R_avg=6.354488e+00 xB_range=[0.0285, 0.0315] Meff_range=[2.8636e-02, 3.0570e+00] t_wall=2026-03-18 21:32:32
[3D] step=04640 t=464.000000 t_real=5.172635e+02 s <x_B_tot>=1.210210e-01 vf_precip_indicator=9.397793e-02 vf_precip_h=9.409649e-02 R_avg=6.354097e+00 xB_range=[0.0285, 0.0315] Meff_range=[2.8636e-02, 3.0569e+00] t_wall=2026-03-18 21:32:44
[3D] step=04650 t=465.000000 t_real=5.183783e+02 s <x_B_tot>=1.210211e-01 vf_precip_indicator=9.398001e-02 vf_precip_h=9.409658e-02 R_avg=6.354011e+00 xB_range=[0.0285, 0.0315] Meff_range=[2.8636e-02, 3.0569e+00] t_wall=2026-03-18 21:32:57
[3D] step=04660 t=466.000000 t_real=5.194931e+02 s <x_B_tot>=1.210211e-01 vf_precip_indicator=9.398085e-02 vf_precip_h=9.409666e-02 R_avg=6.354295e+00 xB_range=[0.0285, 0.0315] Meff_range=[2.8636e-02, 3.0569e+00] t_wall=2026-03-18 21:33:09
[3D] step=04670 t=467.000000 t_real=5.206079e+02 s <x_B_tot>=1.210212e-01 vf_precip_indicator=9.398127e-02 vf_precip_h=9.409674e-02 R_avg=6.353740e+00 xB_range=[0.0285, 0.0315] Meff_range=[2.8636e-02, 3.0569e+00] t_wall=2026-03-18 21:33:22
[3D] step=04680 t=468.000000 t_real=5.217227e+02 s <x_B_tot>=1.210212e-01 vf_precip_indicator=9.398079e-02 vf_precip_h=9.409683e-02 R_avg=6.353821e+00 xB_range=[0.0285, 0.0315] Meff_range=[2.8635e-02, 3.0569e+00] t_wall=2026-03-18 21:33:34
[3D] step=04690 t=469.000000 t_real=5.228374e+02 s <x_B_tot>=1.210212e-01 vf_precip_indicator=9.397870e-02 vf_precip_h=9.409691e-02 R_avg=6.353083e+00 xB_range=[0.0285, 0.0315] Meff_range=[2.8635e-02, 3.0569e+00] t_wall=2026-03-18 21:33:47
[3D] step=04700 t=470.000000 t_real=5.239522e+02 s <x_B_tot>=1.210213e-01 vf_precip_indicator=9.397906e-02 vf_precip_h=9.409699e-02 R_avg=6.353477e+00 xB_range=[0.0285, 0.0315] Meff_range=[2.8635e-02, 3.0569e+00] t_wall=2026-03-18 21:33:59
[3D] step=04710 t=471.000000 t_real=5.250670e+02 s <x_B_tot>=1.210213e-01 vf_precip_indicator=9.397727e-02 vf_precip_h=9.409707e-02 R_avg=6.353270e+00 xB_range=[0.0285, 0.0315] Meff_range=[2.8635e-02, 3.0569e+00] t_wall=2026-03-18 21:34:11
[3D] step=04720 t=472.000000 t_real=5.261818e+02 s <x_B_tot>=1.210214e-01 vf_precip_indicator=9.397954e-02 vf_precip_h=9.409716e-02 R_avg=6.353310e+00 xB_range=[0.0285, 0.0315] Meff_range=[2.8635e-02, 3.0569e+00] t_wall=2026-03-18 21:34:24
[3D] step=04730 t=473.000000 t_real=5.272966e+02 s <x_B_tot>=1.210214e-01 vf_precip_indicator=9.398019e-02 vf_precip_h=9.409724e-02 R_avg=6.353283e+00 xB_range=[0.0285, 0.0315] Meff_range=[2.8635e-02, 3.0568e+00] t_wall=2026-03-18 21:34:36
[3D] step=04740 t=474.000000 t_real=5.284114e+02 s <x_B_tot>=1.210214e-01 vf_precip_indicator=9.398037e-02 vf_precip_h=9.409732e-02 R_avg=6.353494e+00 xB_range=[0.0285, 0.0315] Meff_range=[2.8634e-02, 3.0568e+00] t_wall=2026-03-18 21:34:49
[3D] step=04750 t=475.000000 t_real=5.295262e+02 s <x_B_tot>=1.210215e-01 vf_precip_indicator=9.397894e-02 vf_precip_h=9.409741e-02 R_avg=6.353284e+00 xB_range=[0.0285, 0.0315] Meff_range=[2.8634e-02, 3.0568e+00] t_wall=2026-03-18 21:35:01
[3D] step=04760 t=476.000000 t_real=5.306410e+02 s <x_B_tot>=1.210215e-01 vf_precip_indicator=9.397930e-02 vf_precip_h=9.409749e-02 R_avg=6.354090e+00 xB_range=[0.0285, 0.0315] Meff_range=[2.8634e-02, 3.0568e+00] t_wall=2026-03-18 21:35:14
[3D] step=04770 t=477.000000 t_real=5.317558e+02 s <x_B_tot>=1.210216e-01 vf_precip_indicator=9.397811e-02 vf_precip_h=9.409757e-02 R_avg=6.354408e+00 xB_range=[0.0285, 0.0315] Meff_range=[2.8634e-02, 3.0568e+00] t_wall=2026-03-18 21:35:26
[3D] step=04780 t=478.000000 t_real=5.328706e+02 s <x_B_tot>=1.210216e-01 vf_precip_indicator=9.397590e-02 vf_precip_h=9.409766e-02 R_avg=6.354643e+00 xB_range=[0.0285, 0.0315] Meff_range=[2.8634e-02, 3.0568e+00] t_wall=2026-03-18 21:35:39
[3D] step=04790 t=479.000000 t_real=5.339854e+02 s <x_B_tot>=1.210216e-01 vf_precip_indicator=9.397745e-02 vf_precip_h=9.409774e-02 R_avg=6.354335e+00 xB_range=[0.0285, 0.0315] Meff_range=[2.8634e-02, 3.0568e+00] t_wall=2026-03-18 21:35:51
[3D] step=04800 t=480.000000 t_real=5.351002e+02 s <x_B_tot>=1.210217e-01 vf_precip_indicator=9.397745e-02 vf_precip_h=9.409782e-02 R_avg=6.355516e+00 xB_range=[0.0285, 0.0315] Meff_range=[2.8633e-02, 3.0568e+00] t_wall=2026-03-18 21:36:04
[3D] step=04810 t=481.000000 t_real=5.362150e+02 s <x_B_tot>=1.210217e-01 vf_precip_indicator=9.397733e-02 vf_precip_h=9.409791e-02 R_avg=6.355451e+00 xB_range=[0.0285, 0.0315] Meff_range=[2.8633e-02, 3.0568e+00] t_wall=2026-03-18 21:36:16
[3D] step=04820 t=482.000000 t_real=5.373297e+02 s <x_B_tot>=1.210218e-01 vf_precip_indicator=9.397644e-02 vf_precip_h=9.409799e-02 R_avg=6.355419e+00 xB_range=[0.0285, 0.0315] Meff_range=[2.8633e-02, 3.0568e+00] t_wall=2026-03-18 21:36:28
[3D] step=04830 t=483.000000 t_real=5.384445e+02 s <x_B_tot>=1.210218e-01 vf_precip_indicator=9.397602e-02 vf_precip_h=9.409807e-02 R_avg=6.355832e+00 xB_range=[0.0285, 0.0315] Meff_range=[2.8633e-02, 3.0568e+00] t_wall=2026-03-18 21:36:41
[3D] step=04840 t=484.000000 t_real=5.395593e+02 s <x_B_tot>=1.210218e-01 vf_precip_indicator=9.397739e-02 vf_precip_h=9.409816e-02 R_avg=6.355228e+00 xB_range=[0.0285, 0.0315] Meff_range=[2.8633e-02, 3.0567e+00] t_wall=2026-03-18 21:36:53
[3D] step=04850 t=485.000000 t_real=5.406741e+02 s <x_B_tot>=1.210219e-01 vf_precip_indicator=9.397674e-02 vf_precip_h=9.409824e-02 R_avg=6.355667e+00 xB_range=[0.0285, 0.0315] Meff_range=[2.8633e-02, 3.0567e+00] t_wall=2026-03-18 21:37:06
[3D] step=04860 t=486.000000 t_real=5.417889e+02 s <x_B_tot>=1.210219e-01 vf_precip_indicator=9.398049e-02 vf_precip_h=9.409832e-02 R_avg=6.355380e+00 xB_range=[0.0285, 0.0315] Meff_range=[2.8633e-02, 3.0567e+00] t_wall=2026-03-18 21:37:18
[3D] step=04870 t=487.000000 t_real=5.429037e+02 s <x_B_tot>=1.210220e-01 vf_precip_indicator=9.398049e-02 vf_precip_h=9.409841e-02 R_avg=6.356120e+00 xB_range=[0.0285, 0.0315] Meff_range=[2.8632e-02, 3.0567e+00] t_wall=2026-03-18 21:37:31
[3D] step=04880 t=488.000000 t_real=5.440185e+02 s <x_B_tot>=1.210220e-01 vf_precip_indicator=9.398007e-02 vf_precip_h=9.409849e-02 R_avg=6.355765e+00 xB_range=[0.0285, 0.0315] Meff_range=[2.8632e-02, 3.0567e+00] t_wall=2026-03-18 21:37:43
[3D] step=04890 t=489.000000 t_real=5.451333e+02 s <x_B_tot>=1.210221e-01 vf_precip_indicator=9.398001e-02 vf_precip_h=9.409857e-02 R_avg=6.357042e+00 xB_range=[0.0285, 0.0315] Meff_range=[2.8632e-02, 3.0567e+00] t_wall=2026-03-18 21:37:56
[3D] step=04900 t=490.000000 t_real=5.462481e+02 s <x_B_tot>=1.210221e-01 vf_precip_indicator=9.397852e-02 vf_precip_h=9.409866e-02 R_avg=6.357867e+00 xB_range=[0.0285, 0.0315] Meff_range=[2.8632e-02, 3.0567e+00] t_wall=2026-03-18 21:38:08
[3D] step=04910 t=491.000000 t_real=5.473629e+02 s <x_B_tot>=1.210221e-01 vf_precip_indicator=9.397995e-02 vf_precip_h=9.409874e-02 R_avg=6.358348e+00 xB_range=[0.0285, 0.0315] Meff_range=[2.8632e-02, 3.0567e+00] t_wall=2026-03-18 21:38:20
[3D] step=04920 t=492.000000 t_real=5.484777e+02 s <x_B_tot>=1.210222e-01 vf_precip_indicator=9.397835e-02 vf_precip_h=9.409883e-02 R_avg=6.358866e+00 xB_range=[0.0285, 0.0315] Meff_range=[2.8632e-02, 3.0567e+00] t_wall=2026-03-18 21:38:33
[3D] step=04930 t=493.000000 t_real=5.495925e+02 s <x_B_tot>=1.210222e-01 vf_precip_indicator=9.397870e-02 vf_precip_h=9.409891e-02 R_avg=6.359019e+00 xB_range=[0.0285, 0.0315] Meff_range=[2.8632e-02, 3.0567e+00] t_wall=2026-03-18 21:38:45
[3D] step=04940 t=494.000000 t_real=5.507072e+02 s <x_B_tot>=1.210223e-01 vf_precip_indicator=9.397811e-02 vf_precip_h=9.409899e-02 R_avg=6.359050e+00 xB_range=[0.0285, 0.0315] Meff_range=[2.8631e-02, 3.0567e+00] t_wall=2026-03-18 21:38:58
[3D] step=04950 t=495.000000 t_real=5.518220e+02 s <x_B_tot>=1.210223e-01 vf_precip_indicator=9.397960e-02 vf_precip_h=9.409908e-02 R_avg=6.359564e+00 xB_range=[0.0285, 0.0315] Meff_range=[2.8631e-02, 3.0566e+00] t_wall=2026-03-18 21:39:10
[3D] step=04960 t=496.000000 t_real=5.529368e+02 s <x_B_tot>=1.210223e-01 vf_precip_indicator=9.398001e-02 vf_precip_h=9.409916e-02 R_avg=6.359734e+00 xB_range=[0.0285, 0.0315] Meff_range=[2.8631e-02, 3.0567e+00] t_wall=2026-03-18 21:39:23
[3D] step=04970 t=497.000000 t_real=5.540516e+02 s <x_B_tot>=1.210224e-01 vf_precip_indicator=9.398097e-02 vf_precip_h=9.409925e-02 R_avg=6.360112e+00 xB_range=[0.0285, 0.0315] Meff_range=[2.8631e-02, 3.0567e+00] t_wall=2026-03-18 21:39:35
[3D] step=04980 t=498.000000 t_real=5.551664e+02 s <x_B_tot>=1.210224e-01 vf_precip_indicator=9.398001e-02 vf_precip_h=9.409933e-02 R_avg=6.360048e+00 xB_range=[0.0285, 0.0315] Meff_range=[2.8631e-02, 3.0567e+00] t_wall=2026-03-18 21:39:48
[3D] step=04990 t=499.000000 t_real=5.562812e+02 s <x_B_tot>=1.210225e-01 vf_precip_indicator=9.397948e-02 vf_precip_h=9.409941e-02 R_avg=6.360653e+00 xB_range=[0.0285, 0.0315] Meff_range=[2.8631e-02, 3.0567e+00] t_wall=2026-03-18 21:40:00
[3D] step=05000 t=500.000000 t_real=5.573960e+02 s <x_B_tot>=1.210225e-01 vf_precip_indicator=9.398180e-02 vf_precip_h=9.409950e-02 R_avg=6.360839e+00 xB_range=[0.0285, 0.0315] Meff_range=[2.8631e-02, 3.0567e+00] t_wall=2026-03-18 21:40:13
[3D] step=05010 t=501.000000 t_real=5.585108e+02 s <x_B_tot>=1.210225e-01 vf_precip_indicator=9.398037e-02 vf_precip_h=9.409958e-02 R_avg=6.360528e+00 xB_range=[0.0285, 0.0315] Meff_range=[2.8630e-02, 3.0567e+00] t_wall=2026-03-18 21:40:25
[3D] step=05020 t=502.000000 t_real=5.596256e+02 s <x_B_tot>=1.210226e-01 vf_precip_indicator=9.397966e-02 vf_precip_h=9.409967e-02 R_avg=6.361549e+00 xB_range=[0.0285, 0.0315] Meff_range=[2.8630e-02, 3.0567e+00] t_wall=2026-03-18 21:40:37
[3D] step=05030 t=503.000000 t_real=5.607404e+02 s <x_B_tot>=1.210226e-01 vf_precip_indicator=9.397990e-02 vf_precip_h=9.409975e-02 R_avg=6.361979e+00 xB_range=[0.0285, 0.0315] Meff_range=[2.8630e-02, 3.0567e+00] t_wall=2026-03-18 21:40:50
[3D] step=05040 t=504.000000 t_real=5.618552e+02 s <x_B_tot>=1.210227e-01 vf_precip_indicator=9.398025e-02 vf_precip_h=9.409983e-02 R_avg=6.361133e+00 xB_range=[0.0285, 0.0315] Meff_range=[2.8630e-02, 3.0567e+00] t_wall=2026-03-18 21:41:02
[3D] step=05050 t=505.000000 t_real=5.629700e+02 s <x_B_tot>=1.210227e-01 vf_precip_indicator=9.398168e-02 vf_precip_h=9.409992e-02 R_avg=6.362414e+00 xB_range=[0.0285, 0.0315] Meff_range=[2.8630e-02, 3.0567e+00] t_wall=2026-03-18 21:41:15
[3D] step=05060 t=506.000000 t_real=5.640848e+02 s <x_B_tot>=1.210227e-01 vf_precip_indicator=9.398168e-02 vf_precip_h=9.410000e-02 R_avg=6.362570e+00 xB_range=[0.0285, 0.0315] Meff_range=[2.8630e-02, 3.0567e+00] t_wall=2026-03-18 21:41:27
[3D] step=05070 t=507.000000 t_real=5.651995e+02 s <x_B_tot>=1.210228e-01 vf_precip_indicator=9.398180e-02 vf_precip_h=9.410009e-02 R_avg=6.362864e+00 xB_range=[0.0285, 0.0315] Meff_range=[2.8630e-02, 3.0567e+00] t_wall=2026-03-18 21:41:40
[3D] step=05080 t=508.000000 t_real=5.663143e+02 s <x_B_tot>=1.210228e-01 vf_precip_indicator=9.398067e-02 vf_precip_h=9.410017e-02 R_avg=6.362416e+00 xB_range=[0.0285, 0.0315] Meff_range=[2.8630e-02, 3.0567e+00] t_wall=2026-03-18 21:41:52
[3D] step=05090 t=509.000000 t_real=5.674291e+02 s <x_B_tot>=1.210229e-01 vf_precip_indicator=9.398049e-02 vf_precip_h=9.410026e-02 R_avg=6.362718e+00 xB_range=[0.0285, 0.0315] Meff_range=[2.8629e-02, 3.0567e+00] t_wall=2026-03-18 21:42:05
[3D] step=05100 t=510.000000 t_real=5.685439e+02 s <x_B_tot>=1.210229e-01 vf_precip_indicator=9.398133e-02 vf_precip_h=9.410034e-02 R_avg=6.362618e+00 xB_range=[0.0285, 0.0315] Meff_range=[2.8629e-02, 3.0567e+00] t_wall=2026-03-18 21:42:17
[3D] step=05110 t=511.000000 t_real=5.696587e+02 s <x_B_tot>=1.210229e-01 vf_precip_indicator=9.398109e-02 vf_precip_h=9.410043e-02 R_avg=6.362787e+00 xB_range=[0.0285, 0.0315] Meff_range=[2.8629e-02, 3.0567e+00] t_wall=2026-03-18 21:42:30
[3D] step=05120 t=512.000000 t_real=5.707735e+02 s <x_B_tot>=1.210230e-01 vf_precip_indicator=9.398180e-02 vf_precip_h=9.410051e-02 R_avg=6.363620e+00 xB_range=[0.0285, 0.0315] Meff_range=[2.8629e-02, 3.0567e+00] t_wall=2026-03-18 21:42:42
[3D] step=05130 t=513.000000 t_real=5.718883e+02 s <x_B_tot>=1.210230e-01 vf_precip_indicator=9.398198e-02 vf_precip_h=9.410060e-02 R_avg=6.363818e+00 xB_range=[0.0285, 0.0315] Meff_range=[2.8629e-02, 3.0567e+00] t_wall=2026-03-18 21:42:54
[3D] step=05140 t=514.000000 t_real=5.730031e+02 s <x_B_tot>=1.210231e-01 vf_precip_indicator=9.398180e-02 vf_precip_h=9.410068e-02 R_avg=6.364191e+00 xB_range=[0.0285, 0.0315] Meff_range=[2.8629e-02, 3.0567e+00] t_wall=2026-03-18 21:43:07
[3D] step=05150 t=515.000000 t_real=5.741179e+02 s <x_B_tot>=1.210231e-01 vf_precip_indicator=9.398627e-02 vf_precip_h=9.410076e-02 R_avg=6.365193e+00 xB_range=[0.0285, 0.0315] Meff_range=[2.8629e-02, 3.0567e+00] t_wall=2026-03-18 21:43:19
[3D] step=05160 t=516.000000 t_real=5.752327e+02 s <x_B_tot>=1.210232e-01 vf_precip_indicator=9.398460e-02 vf_precip_h=9.410085e-02 R_avg=6.364951e+00 xB_range=[0.0285, 0.0315] Meff_range=[2.8629e-02, 3.0567e+00] t_wall=2026-03-18 21:43:32
[3D] step=05170 t=517.000000 t_real=5.763475e+02 s <x_B_tot>=1.210232e-01 vf_precip_indicator=9.398586e-02 vf_precip_h=9.410093e-02 R_avg=6.365193e+00 xB_range=[0.0285, 0.0315] Meff_range=[2.8629e-02, 3.0567e+00] t_wall=2026-03-18 21:43:44
[3D] step=05180 t=518.000000 t_real=5.774623e+02 s <x_B_tot>=1.210232e-01 vf_precip_indicator=9.398812e-02 vf_precip_h=9.410102e-02 R_avg=6.365489e+00 xB_range=[0.0285, 0.0315] Meff_range=[2.8628e-02, 3.0567e+00] t_wall=2026-03-18 21:43:57
[3D] step=05190 t=519.000000 t_real=5.785770e+02 s <x_B_tot>=1.210233e-01 vf_precip_indicator=9.398752e-02 vf_precip_h=9.410110e-02 R_avg=6.365820e+00 xB_range=[0.0285, 0.0315] Meff_range=[2.8628e-02, 3.0567e+00] t_wall=2026-03-18 21:44:09
[3D] step=05200 t=520.000000 t_real=5.796918e+02 s <x_B_tot>=1.210233e-01 vf_precip_indicator=9.398788e-02 vf_precip_h=9.410119e-02 R_avg=6.366301e+00 xB_range=[0.0285, 0.0315] Meff_range=[2.8628e-02, 3.0567e+00] t_wall=2026-03-18 21:44:22
[3D] step=05210 t=521.000000 t_real=5.808066e+02 s <x_B_tot>=1.210234e-01 vf_precip_indicator=9.398776e-02 vf_precip_h=9.410127e-02 R_avg=6.366522e+00 xB_range=[0.0285, 0.0315] Meff_range=[2.8628e-02, 3.0567e+00] t_wall=2026-03-18 21:44:34
[3D] step=05220 t=522.000000 t_real=5.819214e+02 s <x_B_tot>=1.210234e-01 vf_precip_indicator=9.398830e-02 vf_precip_h=9.410136e-02 R_avg=6.366087e+00 xB_range=[0.0285, 0.0315] Meff_range=[2.8628e-02, 3.0567e+00] t_wall=2026-03-18 21:44:47
[3D] step=05230 t=523.000000 t_real=5.830362e+02 s <x_B_tot>=1.210234e-01 vf_precip_indicator=9.398681e-02 vf_precip_h=9.410144e-02 R_avg=6.366614e+00 xB_range=[0.0285, 0.0315] Meff_range=[2.8628e-02, 3.0567e+00] t_wall=2026-03-18 21:44:59
[3D] step=05240 t=524.000000 t_real=5.841510e+02 s <x_B_tot>=1.210235e-01 vf_precip_indicator=9.398478e-02 vf_precip_h=9.410153e-02 R_avg=6.367277e+00 xB_range=[0.0285, 0.0315] Meff_range=[2.8628e-02, 3.0567e+00] t_wall=2026-03-18 21:45:11
[3D] step=05250 t=525.000000 t_real=5.852658e+02 s <x_B_tot>=1.210235e-01 vf_precip_indicator=9.398413e-02 vf_precip_h=9.410162e-02 R_avg=6.367761e+00 xB_range=[0.0285, 0.0315] Meff_range=[2.8628e-02, 3.0567e+00] t_wall=2026-03-18 21:45:24
[3D] step=05260 t=526.000000 t_real=5.863806e+02 s <x_B_tot>=1.210236e-01 vf_precip_indicator=9.398443e-02 vf_precip_h=9.410170e-02 R_avg=6.367895e+00 xB_range=[0.0285, 0.0315] Meff_range=[2.8628e-02, 3.0567e+00] t_wall=2026-03-18 21:45:36
[3D] step=05270 t=527.000000 t_real=5.874954e+02 s <x_B_tot>=1.210236e-01 vf_precip_indicator=9.398288e-02 vf_precip_h=9.410179e-02 R_avg=6.368362e+00 xB_range=[0.0285, 0.0315] Meff_range=[2.8627e-02, 3.0567e+00] t_wall=2026-03-18 21:45:49
[3D] step=05280 t=528.000000 t_real=5.886102e+02 s <x_B_tot>=1.210237e-01 vf_precip_indicator=9.398228e-02 vf_precip_h=9.410187e-02 R_avg=6.368350e+00 xB_range=[0.0285, 0.0315] Meff_range=[2.8627e-02, 3.0567e+00] t_wall=2026-03-18 21:46:01
[3D] step=05290 t=529.000000 t_real=5.897250e+02 s <x_B_tot>=1.210237e-01 vf_precip_indicator=9.398067e-02 vf_precip_h=9.410196e-02 R_avg=6.369013e+00 xB_range=[0.0285, 0.0315] Meff_range=[2.8627e-02, 3.0567e+00] t_wall=2026-03-18 21:46:14
[3D] step=05300 t=530.000000 t_real=5.908398e+02 s <x_B_tot>=1.210237e-01 vf_precip_indicator=9.397894e-02 vf_precip_h=9.410204e-02 R_avg=6.368853e+00 xB_range=[0.0284, 0.0315] Meff_range=[2.8627e-02, 3.0567e+00] t_wall=2026-03-18 21:46:26
[3D] step=05310 t=531.000000 t_real=5.919546e+02 s <x_B_tot>=1.210238e-01 vf_precip_indicator=9.397930e-02 vf_precip_h=9.410213e-02 R_avg=6.369406e+00 xB_range=[0.0284, 0.0315] Meff_range=[2.8627e-02, 3.0567e+00] t_wall=2026-03-18 21:46:39
[3D] step=05320 t=532.000000 t_real=5.930693e+02 s <x_B_tot>=1.210238e-01 vf_precip_indicator=9.397936e-02 vf_precip_h=9.410221e-02 R_avg=6.368867e+00 xB_range=[0.0284, 0.0315] Meff_range=[2.8627e-02, 3.0566e+00] t_wall=2026-03-18 21:46:51
[3D] step=05330 t=533.000000 t_real=5.941841e+02 s <x_B_tot>=1.210239e-01 vf_precip_indicator=9.398001e-02 vf_precip_h=9.410230e-02 R_avg=6.368297e+00 xB_range=[0.0284, 0.0315] Meff_range=[2.8627e-02, 3.0566e+00] t_wall=2026-03-18 21:47:04
[3D] step=05340 t=534.000000 t_real=5.952989e+02 s <x_B_tot>=1.210239e-01 vf_precip_indicator=9.397990e-02 vf_precip_h=9.410238e-02 R_avg=6.368017e+00 xB_range=[0.0284, 0.0315] Meff_range=[2.8627e-02, 3.0566e+00] t_wall=2026-03-18 21:47:16
[3D] step=05350 t=535.000000 t_real=5.964137e+02 s <x_B_tot>=1.210239e-01 vf_precip_indicator=9.398216e-02 vf_precip_h=9.410247e-02 R_avg=6.369199e+00 xB_range=[0.0284, 0.0315] Meff_range=[2.8627e-02, 3.0566e+00] t_wall=2026-03-18 21:47:28
[3D] step=05360 t=536.000000 t_real=5.975285e+02 s <x_B_tot>=1.210240e-01 vf_precip_indicator=9.398621e-02 vf_precip_h=9.410256e-02 R_avg=6.369831e+00 xB_range=[0.0284, 0.0315] Meff_range=[2.8627e-02, 3.0566e+00] t_wall=2026-03-18 21:47:41
[3D] step=05370 t=537.000000 t_real=5.986433e+02 s <x_B_tot>=1.210240e-01 vf_precip_indicator=9.398431e-02 vf_precip_h=9.410264e-02 R_avg=6.369531e+00 xB_range=[0.0284, 0.0315] Meff_range=[2.8626e-02, 3.0566e+00] t_wall=2026-03-18 21:47:53
[3D] step=05380 t=538.000000 t_real=5.997581e+02 s <x_B_tot>=1.210241e-01 vf_precip_indicator=9.398264e-02 vf_precip_h=9.410273e-02 R_avg=6.369375e+00 xB_range=[0.0284, 0.0315] Meff_range=[2.8626e-02, 3.0566e+00] t_wall=2026-03-18 21:48:06
[3D] step=05390 t=539.000000 t_real=6.008729e+02 s <x_B_tot>=1.210241e-01 vf_precip_indicator=9.398389e-02 vf_precip_h=9.410281e-02 R_avg=6.369645e+00 xB_range=[0.0284, 0.0315] Meff_range=[2.8626e-02, 3.0566e+00] t_wall=2026-03-18 21:48:18
[3D] step=05400 t=540.000000 t_real=6.019877e+02 s <x_B_tot>=1.210242e-01 vf_precip_indicator=9.398431e-02 vf_precip_h=9.410290e-02 R_avg=6.369802e+00 xB_range=[0.0284, 0.0315] Meff_range=[2.8626e-02, 3.0566e+00] t_wall=2026-03-18 21:48:31
[3D] step=05410 t=541.000000 t_real=6.031025e+02 s <x_B_tot>=1.210242e-01 vf_precip_indicator=9.398305e-02 vf_precip_h=9.410299e-02 R_avg=6.369417e+00 xB_range=[0.0284, 0.0315] Meff_range=[2.8626e-02, 3.0566e+00] t_wall=2026-03-18 21:48:43
[3D] step=05420 t=542.000000 t_real=6.042173e+02 s <x_B_tot>=1.210242e-01 vf_precip_indicator=9.398276e-02 vf_precip_h=9.410307e-02 R_avg=6.368682e+00 xB_range=[0.0284, 0.0315] Meff_range=[2.8626e-02, 3.0565e+00] t_wall=2026-03-18 21:48:56
[3D] step=05430 t=543.000000 t_real=6.053321e+02 s <x_B_tot>=1.210243e-01 vf_precip_indicator=9.398586e-02 vf_precip_h=9.410316e-02 R_avg=6.367906e+00 xB_range=[0.0284, 0.0315] Meff_range=[2.8626e-02, 3.0565e+00] t_wall=2026-03-18 21:49:08
[3D] step=05440 t=544.000000 t_real=6.064468e+02 s <x_B_tot>=1.210243e-01 vf_precip_indicator=9.398609e-02 vf_precip_h=9.410324e-02 R_avg=6.368437e+00 xB_range=[0.0284, 0.0315] Meff_range=[2.8626e-02, 3.0565e+00] t_wall=2026-03-18 21:49:21
[3D] step=05450 t=545.000000 t_real=6.075616e+02 s <x_B_tot>=1.210244e-01 vf_precip_indicator=9.398574e-02 vf_precip_h=9.410333e-02 R_avg=6.368113e+00 xB_range=[0.0284, 0.0315] Meff_range=[2.8626e-02, 3.0565e+00] t_wall=2026-03-18 21:49:33
[3D] step=05460 t=546.000000 t_real=6.086764e+02 s <x_B_tot>=1.210244e-01 vf_precip_indicator=9.398741e-02 vf_precip_h=9.410342e-02 R_avg=6.368797e+00 xB_range=[0.0284, 0.0315] Meff_range=[2.8626e-02, 3.0565e+00] t_wall=2026-03-18 21:49:45
[3D] step=05470 t=547.000000 t_real=6.097912e+02 s <x_B_tot>=1.210244e-01 vf_precip_indicator=9.398609e-02 vf_precip_h=9.410350e-02 R_avg=6.369409e+00 xB_range=[0.0284, 0.0315] Meff_range=[2.8625e-02, 3.0566e+00] t_wall=2026-03-18 21:49:58
[3D] step=05480 t=548.000000 t_real=6.109060e+02 s <x_B_tot>=1.210245e-01 vf_precip_indicator=9.398311e-02 vf_precip_h=9.410359e-02 R_avg=6.369993e+00 xB_range=[0.0284, 0.0315] Meff_range=[2.8625e-02, 3.0566e+00] t_wall=2026-03-18 21:50:10
[3D] step=05490 t=549.000000 t_real=6.120208e+02 s <x_B_tot>=1.210245e-01 vf_precip_indicator=9.398383e-02 vf_precip_h=9.410368e-02 R_avg=6.370656e+00 xB_range=[0.0284, 0.0315] Meff_range=[2.8625e-02, 3.0566e+00] t_wall=2026-03-18 21:50:23
[3D] step=05500 t=550.000000 t_real=6.131356e+02 s <x_B_tot>=1.210246e-01 vf_precip_indicator=9.398514e-02 vf_precip_h=9.410376e-02 R_avg=6.370231e+00 xB_range=[0.0284, 0.0315] Meff_range=[2.8625e-02, 3.0566e+00] t_wall=2026-03-18 21:50:35
[3D] step=05510 t=551.000000 t_real=6.142504e+02 s <x_B_tot>=1.210246e-01 vf_precip_indicator=9.398192e-02 vf_precip_h=9.410385e-02 R_avg=6.370827e+00 xB_range=[0.0284, 0.0315] Meff_range=[2.8625e-02, 3.0566e+00] t_wall=2026-03-18 21:50:48
[3D] step=05520 t=552.000000 t_real=6.153652e+02 s <x_B_tot>=1.210247e-01 vf_precip_indicator=9.398526e-02 vf_precip_h=9.410394e-02 R_avg=6.370954e+00 xB_range=[0.0284, 0.0315] Meff_range=[2.8625e-02, 3.0566e+00] t_wall=2026-03-18 21:51:00
[3D] step=05530 t=553.000000 t_real=6.164800e+02 s <x_B_tot>=1.210247e-01 vf_precip_indicator=9.398645e-02 vf_precip_h=9.410402e-02 R_avg=6.370305e+00 xB_range=[0.0284, 0.0315] Meff_range=[2.8625e-02, 3.0566e+00] t_wall=2026-03-18 21:51:13
[3D] step=05540 t=554.000000 t_real=6.175948e+02 s <x_B_tot>=1.210247e-01 vf_precip_indicator=9.398872e-02 vf_precip_h=9.410411e-02 R_avg=6.370573e+00 xB_range=[0.0284, 0.0315] Meff_range=[2.8625e-02, 3.0566e+00] t_wall=2026-03-18 21:51:25
[3D] step=05550 t=555.000000 t_real=6.187096e+02 s <x_B_tot>=1.210248e-01 vf_precip_indicator=9.398788e-02 vf_precip_h=9.410420e-02 R_avg=6.370774e+00 xB_range=[0.0284, 0.0315] Meff_range=[2.8625e-02, 3.0566e+00] t_wall=2026-03-18 21:51:38
[3D] step=05560 t=556.000000 t_real=6.198244e+02 s <x_B_tot>=1.210248e-01 vf_precip_indicator=9.398848e-02 vf_precip_h=9.410428e-02 R_avg=6.371229e+00 xB_range=[0.0284, 0.0315] Meff_range=[2.8625e-02, 3.0566e+00] t_wall=2026-03-18 21:51:50
[3D] step=05570 t=557.000000 t_real=6.209391e+02 s <x_B_tot>=1.210249e-01 vf_precip_indicator=9.398806e-02 vf_precip_h=9.410437e-02 R_avg=6.371143e+00 xB_range=[0.0284, 0.0315] Meff_range=[2.8624e-02, 3.0566e+00] t_wall=2026-03-18 21:52:02
[3D] step=05580 t=558.000000 t_real=6.220539e+02 s <x_B_tot>=1.210249e-01 vf_precip_indicator=9.398699e-02 vf_precip_h=9.410446e-02 R_avg=6.371686e+00 xB_range=[0.0284, 0.0315] Meff_range=[2.8624e-02, 3.0565e+00] t_wall=2026-03-18 21:52:15
[3D] step=05590 t=559.000000 t_real=6.231687e+02 s <x_B_tot>=1.210249e-01 vf_precip_indicator=9.398711e-02 vf_precip_h=9.410454e-02 R_avg=6.371322e+00 xB_range=[0.0284, 0.0315] Meff_range=[2.8624e-02, 3.0565e+00] t_wall=2026-03-18 21:52:27
[3D] step=05600 t=560.000000 t_real=6.242835e+02 s <x_B_tot>=1.210250e-01 vf_precip_indicator=9.398645e-02 vf_precip_h=9.410463e-02 R_avg=6.371206e+00 xB_range=[0.0284, 0.0315] Meff_range=[2.8624e-02, 3.0565e+00] t_wall=2026-03-18 21:52:40
[3D] step=05610 t=561.000000 t_real=6.253983e+02 s <x_B_tot>=1.210250e-01 vf_precip_indicator=9.398752e-02 vf_precip_h=9.410472e-02 R_avg=6.371765e+00 xB_range=[0.0284, 0.0315] Meff_range=[2.8624e-02, 3.0565e+00] t_wall=2026-03-18 21:52:52
[3D] step=05620 t=562.000000 t_real=6.265131e+02 s <x_B_tot>=1.210251e-01 vf_precip_indicator=9.398466e-02 vf_precip_h=9.410480e-02 R_avg=6.372158e+00 xB_range=[0.0284, 0.0315] Meff_range=[2.8624e-02, 3.0565e+00] t_wall=2026-03-18 21:53:05
[3D] step=05630 t=563.000000 t_real=6.276279e+02 s <x_B_tot>=1.210251e-01 vf_precip_indicator=9.398592e-02 vf_precip_h=9.410489e-02 R_avg=6.371899e+00 xB_range=[0.0284, 0.0315] Meff_range=[2.8624e-02, 3.0565e+00] t_wall=2026-03-18 21:53:17
[3D] step=05640 t=564.000000 t_real=6.287427e+02 s <x_B_tot>=1.210252e-01 vf_precip_indicator=9.398454e-02 vf_precip_h=9.410498e-02 R_avg=6.372622e+00 xB_range=[0.0284, 0.0315] Meff_range=[2.8624e-02, 3.0565e+00] t_wall=2026-03-18 21:53:30
[3D] step=05650 t=565.000000 t_real=6.298575e+02 s <x_B_tot>=1.210252e-01 vf_precip_indicator=9.398514e-02 vf_precip_h=9.410507e-02 R_avg=6.373921e+00 xB_range=[0.0284, 0.0315] Meff_range=[2.8624e-02, 3.0565e+00] t_wall=2026-03-18 21:53:42
[3D] step=05660 t=566.000000 t_real=6.309723e+02 s <x_B_tot>=1.210252e-01 vf_precip_indicator=9.398586e-02 vf_precip_h=9.410515e-02 R_avg=6.374399e+00 xB_range=[0.0284, 0.0315] Meff_range=[2.8624e-02, 3.0565e+00] t_wall=2026-03-18 21:53:54
[3D] step=05670 t=567.000000 t_real=6.320871e+02 s <x_B_tot>=1.210253e-01 vf_precip_indicator=9.398729e-02 vf_precip_h=9.410524e-02 R_avg=6.374854e+00 xB_range=[0.0284, 0.0315] Meff_range=[2.8623e-02, 3.0565e+00] t_wall=2026-03-18 21:54:07
[3D] step=05680 t=568.000000 t_real=6.332019e+02 s <x_B_tot>=1.210253e-01 vf_precip_indicator=9.398752e-02 vf_precip_h=9.410533e-02 R_avg=6.375486e+00 xB_range=[0.0284, 0.0315] Meff_range=[2.8623e-02, 3.0565e+00] t_wall=2026-03-18 21:54:19
[3D] step=05690 t=569.000000 t_real=6.343166e+02 s <x_B_tot>=1.210254e-01 vf_precip_indicator=9.398764e-02 vf_precip_h=9.410541e-02 R_avg=6.375967e+00 xB_range=[0.0284, 0.0315] Meff_range=[2.8623e-02, 3.0565e+00] t_wall=2026-03-18 21:54:32
[3D] step=05700 t=570.000000 t_real=6.354314e+02 s <x_B_tot>=1.210254e-01 vf_precip_indicator=9.398967e-02 vf_precip_h=9.410550e-02 R_avg=6.376434e+00 xB_range=[0.0284, 0.0315] Meff_range=[2.8623e-02, 3.0565e+00] t_wall=2026-03-18 21:54:44
[3D] step=05710 t=571.000000 t_real=6.365462e+02 s <x_B_tot>=1.210255e-01 vf_precip_indicator=9.399307e-02 vf_precip_h=9.410559e-02 R_avg=6.376636e+00 xB_range=[0.0284, 0.0315] Meff_range=[2.8623e-02, 3.0565e+00] t_wall=2026-03-18 21:54:57
[3D] step=05720 t=572.000000 t_real=6.376610e+02 s <x_B_tot>=1.210255e-01 vf_precip_indicator=9.399301e-02 vf_precip_h=9.410568e-02 R_avg=6.377090e+00 xB_range=[0.0284, 0.0315] Meff_range=[2.8623e-02, 3.0565e+00] t_wall=2026-03-18 21:55:09
[3D] step=05730 t=573.000000 t_real=6.387758e+02 s <x_B_tot>=1.210255e-01 vf_precip_indicator=9.399235e-02 vf_precip_h=9.410577e-02 R_avg=6.377246e+00 xB_range=[0.0284, 0.0315] Meff_range=[2.8623e-02, 3.0565e+00] t_wall=2026-03-18 21:55:22
[3D] step=05740 t=574.000000 t_real=6.398906e+02 s <x_B_tot>=1.210256e-01 vf_precip_indicator=9.399468e-02 vf_precip_h=9.410585e-02 R_avg=6.378006e+00 xB_range=[0.0284, 0.0315] Meff_range=[2.8623e-02, 3.0565e+00] t_wall=2026-03-18 21:55:34
[3D] step=05750 t=575.000000 t_real=6.410054e+02 s <x_B_tot>=1.210256e-01 vf_precip_indicator=9.399384e-02 vf_precip_h=9.410594e-02 R_avg=6.376631e+00 xB_range=[0.0284, 0.0315] Meff_range=[2.8623e-02, 3.0565e+00] t_wall=2026-03-18 21:55:47
[3D] step=05760 t=576.000000 t_real=6.421202e+02 s <x_B_tot>=1.210257e-01 vf_precip_indicator=9.399539e-02 vf_precip_h=9.410603e-02 R_avg=6.376306e+00 xB_range=[0.0284, 0.0315] Meff_range=[2.8623e-02, 3.0564e+00] t_wall=2026-03-18 21:55:59
[3D] step=05770 t=577.000000 t_real=6.432350e+02 s <x_B_tot>=1.210257e-01 vf_precip_indicator=9.399813e-02 vf_precip_h=9.410612e-02 R_avg=6.376908e+00 xB_range=[0.0284, 0.0315] Meff_range=[2.8623e-02, 3.0564e+00] t_wall=2026-03-18 21:56:11
[3D] step=05780 t=578.000000 t_real=6.443498e+02 s <x_B_tot>=1.210258e-01 vf_precip_indicator=9.399790e-02 vf_precip_h=9.410620e-02 R_avg=6.376319e+00 xB_range=[0.0284, 0.0315] Meff_range=[2.8622e-02, 3.0564e+00] t_wall=2026-03-18 21:56:24
[3D] step=05790 t=579.000000 t_real=6.454646e+02 s <x_B_tot>=1.210258e-01 vf_precip_indicator=9.399873e-02 vf_precip_h=9.410629e-02 R_avg=6.376905e+00 xB_range=[0.0284, 0.0315] Meff_range=[2.8622e-02, 3.0564e+00] t_wall=2026-03-18 21:56:36
[3D] step=05800 t=580.000000 t_real=6.465794e+02 s <x_B_tot>=1.210258e-01 vf_precip_indicator=9.399945e-02 vf_precip_h=9.410638e-02 R_avg=6.377240e+00 xB_range=[0.0284, 0.0315] Meff_range=[2.8622e-02, 3.0564e+00] t_wall=2026-03-18 21:56:49
[3D] step=05810 t=581.000000 t_real=6.476942e+02 s <x_B_tot>=1.210259e-01 vf_precip_indicator=9.399652e-02 vf_precip_h=9.410647e-02 R_avg=6.377128e+00 xB_range=[0.0284, 0.0315] Meff_range=[2.8622e-02, 3.0564e+00] t_wall=2026-03-18 21:57:01
[3D] step=05820 t=582.000000 t_real=6.488089e+02 s <x_B_tot>=1.210259e-01 vf_precip_indicator=9.399539e-02 vf_precip_h=9.410656e-02 R_avg=6.376235e+00 xB_range=[0.0284, 0.0315] Meff_range=[2.8622e-02, 3.0564e+00] t_wall=2026-03-18 21:57:14
[3D] step=05830 t=583.000000 t_real=6.499237e+02 s <x_B_tot>=1.210260e-01 vf_precip_indicator=9.399647e-02 vf_precip_h=9.410664e-02 R_avg=6.376823e+00 xB_range=[0.0284, 0.0315] Meff_range=[2.8622e-02, 3.0564e+00] t_wall=2026-03-18 21:57:26
[3D] step=05840 t=584.000000 t_real=6.510385e+02 s <x_B_tot>=1.210260e-01 vf_precip_indicator=9.399658e-02 vf_precip_h=9.410673e-02 R_avg=6.377619e+00 xB_range=[0.0284, 0.0315] Meff_range=[2.8622e-02, 3.0564e+00] t_wall=2026-03-18 21:57:39
[3D] step=05850 t=585.000000 t_real=6.521533e+02 s <x_B_tot>=1.210261e-01 vf_precip_indicator=9.399307e-02 vf_precip_h=9.410682e-02 R_avg=6.378111e+00 xB_range=[0.0284, 0.0315] Meff_range=[2.8622e-02, 3.0563e+00] t_wall=2026-03-18 21:57:51
[3D] step=05860 t=586.000000 t_real=6.532681e+02 s <x_B_tot>=1.210261e-01 vf_precip_indicator=9.399152e-02 vf_precip_h=9.410691e-02 R_avg=6.378293e+00 xB_range=[0.0284, 0.0315] Meff_range=[2.8622e-02, 3.0563e+00] t_wall=2026-03-18 21:58:04
[3D] step=05870 t=587.000000 t_real=6.543829e+02 s <x_B_tot>=1.210261e-01 vf_precip_indicator=9.399056e-02 vf_precip_h=9.410700e-02 R_avg=6.378013e+00 xB_range=[0.0284, 0.0315] Meff_range=[2.8622e-02, 3.0563e+00] t_wall=2026-03-18 21:58:16
[3D] step=05880 t=588.000000 t_real=6.554977e+02 s <x_B_tot>=1.210262e-01 vf_precip_indicator=9.398800e-02 vf_precip_h=9.410708e-02 R_avg=6.377323e+00 xB_range=[0.0284, 0.0315] Meff_range=[2.8622e-02, 3.0563e+00] t_wall=2026-03-18 21:58:28
[3D] step=05890 t=589.000000 t_real=6.566125e+02 s <x_B_tot>=1.210262e-01 vf_precip_indicator=9.398943e-02 vf_precip_h=9.410717e-02 R_avg=6.377177e+00 xB_range=[0.0284, 0.0315] Meff_range=[2.8622e-02, 3.0563e+00] t_wall=2026-03-18 21:58:41
[3D] step=05900 t=590.000000 t_real=6.577273e+02 s <x_B_tot>=1.210263e-01 vf_precip_indicator=9.399271e-02 vf_precip_h=9.410726e-02 R_avg=6.378374e+00 xB_range=[0.0284, 0.0315] Meff_range=[2.8621e-02, 3.0563e+00] t_wall=2026-03-18 21:58:53
[3D] step=05910 t=591.000000 t_real=6.588421e+02 s <x_B_tot>=1.210263e-01 vf_precip_indicator=9.399265e-02 vf_precip_h=9.410735e-02 R_avg=6.378570e+00 xB_range=[0.0284, 0.0315] Meff_range=[2.8621e-02, 3.0563e+00] t_wall=2026-03-18 21:59:06
[3D] step=05920 t=592.000000 t_real=6.599569e+02 s <x_B_tot>=1.210264e-01 vf_precip_indicator=9.399420e-02 vf_precip_h=9.410744e-02 R_avg=6.379306e+00 xB_range=[0.0284, 0.0315] Meff_range=[2.8621e-02, 3.0563e+00] t_wall=2026-03-18 21:59:18
[3D] step=05930 t=593.000000 t_real=6.610717e+02 s <x_B_tot>=1.210264e-01 vf_precip_indicator=9.399372e-02 vf_precip_h=9.410753e-02 R_avg=6.379618e+00 xB_range=[0.0284, 0.0315] Meff_range=[2.8621e-02, 3.0562e+00] t_wall=2026-03-18 21:59:31
[3D] step=05940 t=594.000000 t_real=6.621864e+02 s <x_B_tot>=1.210264e-01 vf_precip_indicator=9.399641e-02 vf_precip_h=9.410762e-02 R_avg=6.380302e+00 xB_range=[0.0284, 0.0315] Meff_range=[2.8621e-02, 3.0562e+00] t_wall=2026-03-18 21:59:43
[3D] step=05950 t=595.000000 t_real=6.633012e+02 s <x_B_tot>=1.210265e-01 vf_precip_indicator=9.399706e-02 vf_precip_h=9.410770e-02 R_avg=6.380576e+00 xB_range=[0.0284, 0.0315] Meff_range=[2.8621e-02, 3.0562e+00] t_wall=2026-03-18 21:59:56
[3D] step=05960 t=596.000000 t_real=6.644160e+02 s <x_B_tot>=1.210265e-01 vf_precip_indicator=9.399825e-02 vf_precip_h=9.410779e-02 R_avg=6.381331e+00 xB_range=[0.0284, 0.0315] Meff_range=[2.8621e-02, 3.0562e+00] t_wall=2026-03-18 22:00:08
[3D] step=05970 t=597.000000 t_real=6.655308e+02 s <x_B_tot>=1.210266e-01 vf_precip_indicator=9.399796e-02 vf_precip_h=9.410788e-02 R_avg=6.381569e+00 xB_range=[0.0284, 0.0315] Meff_range=[2.8621e-02, 3.0562e+00] t_wall=2026-03-18 22:00:20
[3D] step=05980 t=598.000000 t_real=6.666456e+02 s <x_B_tot>=1.210266e-01 vf_precip_indicator=9.399819e-02 vf_precip_h=9.410797e-02 R_avg=6.382245e+00 xB_range=[0.0284, 0.0315] Meff_range=[2.8621e-02, 3.0562e+00] t_wall=2026-03-18 22:00:33
[3D] step=05990 t=599.000000 t_real=6.677604e+02 s <x_B_tot>=1.210267e-01 vf_precip_indicator=9.399801e-02 vf_precip_h=9.410806e-02 R_avg=6.381788e+00 xB_range=[0.0284, 0.0315] Meff_range=[2.8621e-02, 3.0562e+00] t_wall=2026-03-18 22:00:45
[3D] step=06000 t=600.000000 t_real=6.688752e+02 s <x_B_tot>=1.210267e-01 vf_precip_indicator=9.399885e-02 vf_precip_h=9.410815e-02 R_avg=6.383050e+00 xB_range=[0.0284, 0.0315] Meff_range=[2.8621e-02, 3.0562e+00] t_wall=2026-03-18 22:00:58
[3D] step=06010 t=601.000000 t_real=6.699900e+02 s <x_B_tot>=1.210267e-01 vf_precip_indicator=9.399909e-02 vf_precip_h=9.410824e-02 R_avg=6.382421e+00 xB_range=[0.0284, 0.0315] Meff_range=[2.8620e-02, 3.0562e+00] t_wall=2026-03-18 22:01:10
[3D] step=06020 t=602.000000 t_real=6.711048e+02 s <x_B_tot>=1.210268e-01 vf_precip_indicator=9.399801e-02 vf_precip_h=9.410833e-02 R_avg=6.382362e+00 xB_range=[0.0284, 0.0315] Meff_range=[2.8620e-02, 3.0562e+00] t_wall=2026-03-18 22:01:23
[3D] step=06030 t=603.000000 t_real=6.722196e+02 s <x_B_tot>=1.210268e-01 vf_precip_indicator=9.399730e-02 vf_precip_h=9.410841e-02 R_avg=6.382472e+00 xB_range=[0.0284, 0.0315] Meff_range=[2.8620e-02, 3.0562e+00] t_wall=2026-03-18 22:01:35
[3D] step=06040 t=604.000000 t_real=6.733344e+02 s <x_B_tot>=1.210269e-01 vf_precip_indicator=9.399658e-02 vf_precip_h=9.410850e-02 R_avg=6.382796e+00 xB_range=[0.0284, 0.0315] Meff_range=[2.8620e-02, 3.0562e+00] t_wall=2026-03-18 22:01:48
[3D] step=06050 t=605.000000 t_real=6.744492e+02 s <x_B_tot>=1.210269e-01 vf_precip_indicator=9.399694e-02 vf_precip_h=9.410859e-02 R_avg=6.382849e+00 xB_range=[0.0284, 0.0315] Meff_range=[2.8620e-02, 3.0562e+00] t_wall=2026-03-18 22:02:00
[3D] step=06060 t=606.000000 t_real=6.755640e+02 s <x_B_tot>=1.210270e-01 vf_precip_indicator=9.399718e-02 vf_precip_h=9.410868e-02 R_avg=6.383827e+00 xB_range=[0.0284, 0.0315] Meff_range=[2.8620e-02, 3.0562e+00] t_wall=2026-03-18 22:02:13
[3D] step=06070 t=607.000000 t_real=6.766787e+02 s <x_B_tot>=1.210270e-01 vf_precip_indicator=9.399801e-02 vf_precip_h=9.410877e-02 R_avg=6.383984e+00 xB_range=[0.0284, 0.0315] Meff_range=[2.8620e-02, 3.0562e+00] t_wall=2026-03-18 22:02:25
[3D] step=06080 t=608.000000 t_real=6.777935e+02 s <x_B_tot>=1.210270e-01 vf_precip_indicator=9.399796e-02 vf_precip_h=9.410886e-02 R_avg=6.384354e+00 xB_range=[0.0284, 0.0315] Meff_range=[2.8620e-02, 3.0562e+00] t_wall=2026-03-18 22:02:37
[3D] step=06090 t=609.000000 t_real=6.789083e+02 s <x_B_tot>=1.210271e-01 vf_precip_indicator=9.399760e-02 vf_precip_h=9.410895e-02 R_avg=6.384186e+00 xB_range=[0.0284, 0.0315] Meff_range=[2.8620e-02, 3.0561e+00] t_wall=2026-03-18 22:02:50
[3D] step=06100 t=610.000000 t_real=6.800231e+02 s <x_B_tot>=1.210271e-01 vf_precip_indicator=9.400016e-02 vf_precip_h=9.410904e-02 R_avg=6.384187e+00 xB_range=[0.0284, 0.0315] Meff_range=[2.8620e-02, 3.0561e+00] t_wall=2026-03-18 22:03:02
[3D] step=06110 t=611.000000 t_real=6.811379e+02 s <x_B_tot>=1.210272e-01 vf_precip_indicator=9.399897e-02 vf_precip_h=9.410913e-02 R_avg=6.383446e+00 xB_range=[0.0284, 0.0315] Meff_range=[2.8620e-02, 3.0561e+00] t_wall=2026-03-18 22:03:15
[3D] step=06120 t=612.000000 t_real=6.822527e+02 s <x_B_tot>=1.210272e-01 vf_precip_indicator=9.399998e-02 vf_precip_h=9.410922e-02 R_avg=6.382783e+00 xB_range=[0.0284, 0.0315] Meff_range=[2.8620e-02, 3.0561e+00] t_wall=2026-03-18 22:03:27
[3D] step=06130 t=613.000000 t_real=6.833675e+02 s <x_B_tot>=1.210273e-01 vf_precip_indicator=9.400183e-02 vf_precip_h=9.410931e-02 R_avg=6.383195e+00 xB_range=[0.0284, 0.0315] Meff_range=[2.8620e-02, 3.0561e+00] t_wall=2026-03-18 22:03:40
[3D] step=06140 t=614.000000 t_real=6.844823e+02 s <x_B_tot>=1.210273e-01 vf_precip_indicator=9.400326e-02 vf_precip_h=9.410940e-02 R_avg=6.384025e+00 xB_range=[0.0284, 0.0315] Meff_range=[2.8619e-02, 3.0561e+00] t_wall=2026-03-18 22:03:52
[3D] step=06150 t=615.000000 t_real=6.855971e+02 s <x_B_tot>=1.210274e-01 vf_precip_indicator=9.400362e-02 vf_precip_h=9.410949e-02 R_avg=6.383460e+00 xB_range=[0.0284, 0.0315] Meff_range=[2.8619e-02, 3.0561e+00] t_wall=2026-03-18 22:04:05
[3D] step=06160 t=616.000000 t_real=6.867119e+02 s <x_B_tot>=1.210274e-01 vf_precip_indicator=9.400421e-02 vf_precip_h=9.410958e-02 R_avg=6.383343e+00 xB_range=[0.0284, 0.0315] Meff_range=[2.8619e-02, 3.0561e+00] t_wall=2026-03-18 22:04:17
[3D] step=06170 t=617.000000 t_real=6.878267e+02 s <x_B_tot>=1.210274e-01 vf_precip_indicator=9.400064e-02 vf_precip_h=9.410967e-02 R_avg=6.382153e+00 xB_range=[0.0284, 0.0315] Meff_range=[2.8619e-02, 3.0561e+00] t_wall=2026-03-18 22:04:30
[3D] step=06180 t=618.000000 t_real=6.889415e+02 s <x_B_tot>=1.210275e-01 vf_precip_indicator=9.399992e-02 vf_precip_h=9.410976e-02 R_avg=6.382133e+00 xB_range=[0.0284, 0.0315] Meff_range=[2.8619e-02, 3.0561e+00] t_wall=2026-03-18 22:04:42
[3D] step=06190 t=619.000000 t_real=6.900562e+02 s <x_B_tot>=1.210275e-01 vf_precip_indicator=9.400243e-02 vf_precip_h=9.410984e-02 R_avg=6.383537e+00 xB_range=[0.0284, 0.0315] Meff_range=[2.8619e-02, 3.0561e+00] t_wall=2026-03-18 22:04:54
[3D] step=06200 t=620.000000 t_real=6.911710e+02 s <x_B_tot>=1.210276e-01 vf_precip_indicator=9.400028e-02 vf_precip_h=9.410993e-02 R_avg=6.384253e+00 xB_range=[0.0284, 0.0315] Meff_range=[2.8619e-02, 3.0561e+00] t_wall=2026-03-18 22:05:07
[3D] step=06210 t=621.000000 t_real=6.922858e+02 s <x_B_tot>=1.210276e-01 vf_precip_indicator=9.400207e-02 vf_precip_h=9.411002e-02 R_avg=6.384676e+00 xB_range=[0.0284, 0.0315] Meff_range=[2.8619e-02, 3.0561e+00] t_wall=2026-03-18 22:05:19
[3D] step=06220 t=622.000000 t_real=6.934006e+02 s <x_B_tot>=1.210277e-01 vf_precip_indicator=9.399968e-02 vf_precip_h=9.411011e-02 R_avg=6.384586e+00 xB_range=[0.0284, 0.0315] Meff_range=[2.8619e-02, 3.0561e+00] t_wall=2026-03-18 22:05:32
[3D] step=06230 t=623.000000 t_real=6.945154e+02 s <x_B_tot>=1.210277e-01 vf_precip_indicator=9.399736e-02 vf_precip_h=9.411020e-02 R_avg=6.383882e+00 xB_range=[0.0284, 0.0315] Meff_range=[2.8619e-02, 3.0561e+00] t_wall=2026-03-18 22:05:44
[3D] step=06240 t=624.000000 t_real=6.956302e+02 s <x_B_tot>=1.210277e-01 vf_precip_indicator=9.399873e-02 vf_precip_h=9.411029e-02 R_avg=6.382884e+00 xB_range=[0.0284, 0.0315] Meff_range=[2.8619e-02, 3.0561e+00] t_wall=2026-03-18 22:05:57
[3D] step=06250 t=625.000000 t_real=6.967450e+02 s <x_B_tot>=1.210278e-01 vf_precip_indicator=9.399557e-02 vf_precip_h=9.411038e-02 R_avg=6.383043e+00 xB_range=[0.0284, 0.0315] Meff_range=[2.8619e-02, 3.0561e+00] t_wall=2026-03-18 22:06:09
[3D] step=06260 t=626.000000 t_real=6.978598e+02 s <x_B_tot>=1.210278e-01 vf_precip_indicator=9.399652e-02 vf_precip_h=9.411047e-02 R_avg=6.383137e+00 xB_range=[0.0284, 0.0315] Meff_range=[2.8619e-02, 3.0560e+00] t_wall=2026-03-18 22:06:22
[3D] step=06270 t=627.000000 t_real=6.989746e+02 s <x_B_tot>=1.210279e-01 vf_precip_indicator=9.399801e-02 vf_precip_h=9.411056e-02 R_avg=6.383482e+00 xB_range=[0.0284, 0.0315] Meff_range=[2.8618e-02, 3.0560e+00] t_wall=2026-03-18 22:06:34
[3D] step=06280 t=628.000000 t_real=7.000894e+02 s <x_B_tot>=1.210279e-01 vf_precip_indicator=9.400004e-02 vf_precip_h=9.411065e-02 R_avg=6.383505e+00 xB_range=[0.0284, 0.0315] Meff_range=[2.8618e-02, 3.0560e+00] t_wall=2026-03-18 22:06:46
[3D] step=06290 t=629.000000 t_real=7.012042e+02 s <x_B_tot>=1.210280e-01 vf_precip_indicator=9.399807e-02 vf_precip_h=9.411074e-02 R_avg=6.384405e+00 xB_range=[0.0284, 0.0315] Meff_range=[2.8618e-02, 3.0560e+00] t_wall=2026-03-18 22:06:59
[3D] step=06300 t=630.000000 t_real=7.023190e+02 s <x_B_tot>=1.210280e-01 vf_precip_indicator=9.399766e-02 vf_precip_h=9.411083e-02 R_avg=6.384793e+00 xB_range=[0.0284, 0.0315] Meff_range=[2.8618e-02, 3.0560e+00] t_wall=2026-03-18 22:07:11
[3D] step=06310 t=631.000000 t_real=7.034338e+02 s <x_B_tot>=1.210281e-01 vf_precip_indicator=9.399778e-02 vf_precip_h=9.411092e-02 R_avg=6.384973e+00 xB_range=[0.0284, 0.0315] Meff_range=[2.8618e-02, 3.0560e+00] t_wall=2026-03-18 22:07:24
[3D] step=06320 t=632.000000 t_real=7.045485e+02 s <x_B_tot>=1.210281e-01 vf_precip_indicator=9.399784e-02 vf_precip_h=9.411102e-02 R_avg=6.384862e+00 xB_range=[0.0284, 0.0315] Meff_range=[2.8618e-02, 3.0560e+00] t_wall=2026-03-18 22:07:36
[3D] step=06330 t=633.000000 t_real=7.056633e+02 s <x_B_tot>=1.210281e-01 vf_precip_indicator=9.399790e-02 vf_precip_h=9.411111e-02 R_avg=6.385068e+00 xB_range=[0.0284, 0.0315] Meff_range=[2.8618e-02, 3.0560e+00] t_wall=2026-03-18 22:07:49
[3D] step=06340 t=634.000000 t_real=7.067781e+02 s <x_B_tot>=1.210282e-01 vf_precip_indicator=9.399730e-02 vf_precip_h=9.411120e-02 R_avg=6.385156e+00 xB_range=[0.0284, 0.0315] Meff_range=[2.8618e-02, 3.0560e+00] t_wall=2026-03-18 22:08:01
[3D] step=06350 t=635.000000 t_real=7.078929e+02 s <x_B_tot>=1.210282e-01 vf_precip_indicator=9.399813e-02 vf_precip_h=9.411129e-02 R_avg=6.385931e+00 xB_range=[0.0284, 0.0315] Meff_range=[2.8618e-02, 3.0560e+00] t_wall=2026-03-18 22:08:14
[3D] step=06360 t=636.000000 t_real=7.090077e+02 s <x_B_tot>=1.210283e-01 vf_precip_indicator=9.399706e-02 vf_precip_h=9.411138e-02 R_avg=6.385542e+00 xB_range=[0.0284, 0.0315] Meff_range=[2.8618e-02, 3.0560e+00] t_wall=2026-03-18 22:08:26
[3D] step=06370 t=637.000000 t_real=7.101225e+02 s <x_B_tot>=1.210283e-01 vf_precip_indicator=9.399611e-02 vf_precip_h=9.411147e-02 R_avg=6.385607e+00 xB_range=[0.0284, 0.0315] Meff_range=[2.8618e-02, 3.0559e+00] t_wall=2026-03-18 22:08:39
[3D] step=06380 t=638.000000 t_real=7.112373e+02 s <x_B_tot>=1.210284e-01 vf_precip_indicator=9.399611e-02 vf_precip_h=9.411156e-02 R_avg=6.386383e+00 xB_range=[0.0284, 0.0315] Meff_range=[2.8618e-02, 3.0559e+00] t_wall=2026-03-18 22:08:51
[3D] step=06390 t=639.000000 t_real=7.123521e+02 s <x_B_tot>=1.210284e-01 vf_precip_indicator=9.399706e-02 vf_precip_h=9.411165e-02 R_avg=6.386031e+00 xB_range=[0.0284, 0.0315] Meff_range=[2.8618e-02, 3.0559e+00] t_wall=2026-03-18 22:09:03
[3D] step=06400 t=640.000000 t_real=7.134669e+02 s <x_B_tot>=1.210284e-01 vf_precip_indicator=9.399551e-02 vf_precip_h=9.411174e-02 R_avg=6.386687e+00 xB_range=[0.0284, 0.0315] Meff_range=[2.8617e-02, 3.0559e+00] t_wall=2026-03-18 22:09:16
[3D] step=06410 t=641.000000 t_real=7.145817e+02 s <x_B_tot>=1.210285e-01 vf_precip_indicator=9.399742e-02 vf_precip_h=9.411183e-02 R_avg=6.387190e+00 xB_range=[0.0284, 0.0315] Meff_range=[2.8617e-02, 3.0559e+00] t_wall=2026-03-18 22:09:28
[3D] step=06420 t=642.000000 t_real=7.156965e+02 s <x_B_tot>=1.210285e-01 vf_precip_indicator=9.399569e-02 vf_precip_h=9.411192e-02 R_avg=6.387173e+00 xB_range=[0.0284, 0.0315] Meff_range=[2.8617e-02, 3.0559e+00] t_wall=2026-03-18 22:09:41
[3D] step=06430 t=643.000000 t_real=7.168113e+02 s <x_B_tot>=1.210286e-01 vf_precip_indicator=9.399486e-02 vf_precip_h=9.411201e-02 R_avg=6.387519e+00 xB_range=[0.0284, 0.0315] Meff_range=[2.8617e-02, 3.0559e+00] t_wall=2026-03-18 22:09:53
[3D] step=06440 t=644.000000 t_real=7.179260e+02 s <x_B_tot>=1.210286e-01 vf_precip_indicator=9.399277e-02 vf_precip_h=9.411210e-02 R_avg=6.387895e+00 xB_range=[0.0284, 0.0315] Meff_range=[2.8617e-02, 3.0559e+00] t_wall=2026-03-18 22:10:06
[3D] step=06450 t=645.000000 t_real=7.190408e+02 s <x_B_tot>=1.210287e-01 vf_precip_indicator=9.399241e-02 vf_precip_h=9.411219e-02 R_avg=6.388848e+00 xB_range=[0.0284, 0.0315] Meff_range=[2.8617e-02, 3.0559e+00] t_wall=2026-03-18 22:10:18
[3D] step=06460 t=646.000000 t_real=7.201556e+02 s <x_B_tot>=1.210287e-01 vf_precip_indicator=9.399134e-02 vf_precip_h=9.411228e-02 R_avg=6.389422e+00 xB_range=[0.0284, 0.0315] Meff_range=[2.8617e-02, 3.0559e+00] t_wall=2026-03-18 22:10:31
[3D] step=06470 t=647.000000 t_real=7.212704e+02 s <x_B_tot>=1.210288e-01 vf_precip_indicator=9.399092e-02 vf_precip_h=9.411237e-02 R_avg=6.389926e+00 xB_range=[0.0284, 0.0315] Meff_range=[2.8617e-02, 3.0559e+00] t_wall=2026-03-18 22:10:43
[3D] step=06480 t=648.000000 t_real=7.223852e+02 s <x_B_tot>=1.210288e-01 vf_precip_indicator=9.399253e-02 vf_precip_h=9.411247e-02 R_avg=6.390309e+00 xB_range=[0.0284, 0.0315] Meff_range=[2.8617e-02, 3.0559e+00] t_wall=2026-03-18 22:10:56
[3D] step=06490 t=649.000000 t_real=7.235000e+02 s <x_B_tot>=1.210288e-01 vf_precip_indicator=9.399283e-02 vf_precip_h=9.411256e-02 R_avg=6.389538e+00 xB_range=[0.0284, 0.0315] Meff_range=[2.8617e-02, 3.0559e+00] t_wall=2026-03-18 22:11:08
[3D] step=06500 t=650.000000 t_real=7.246148e+02 s <x_B_tot>=1.210289e-01 vf_precip_indicator=9.399539e-02 vf_precip_h=9.411265e-02 R_avg=6.389712e+00 xB_range=[0.0284, 0.0315] Meff_range=[2.8617e-02, 3.0559e+00] t_wall=2026-03-18 22:11:20
[3D] step=06510 t=651.000000 t_real=7.257296e+02 s <x_B_tot>=1.210289e-01 vf_precip_indicator=9.399748e-02 vf_precip_h=9.411274e-02 R_avg=6.389624e+00 xB_range=[0.0284, 0.0315] Meff_range=[2.8617e-02, 3.0559e+00] t_wall=2026-03-18 22:11:33
[3D] step=06520 t=652.000000 t_real=7.268444e+02 s <x_B_tot>=1.210290e-01 vf_precip_indicator=9.399742e-02 vf_precip_h=9.411283e-02 R_avg=6.389577e+00 xB_range=[0.0284, 0.0315] Meff_range=[2.8617e-02, 3.0559e+00] t_wall=2026-03-18 22:11:45
[3D] step=06530 t=653.000000 t_real=7.279592e+02 s <x_B_tot>=1.210290e-01 vf_precip_indicator=9.399754e-02 vf_precip_h=9.411292e-02 R_avg=6.388995e+00 xB_range=[0.0284, 0.0315] Meff_range=[2.8617e-02, 3.0559e+00] t_wall=2026-03-18 22:11:58
[3D] step=06540 t=654.000000 t_real=7.290740e+02 s <x_B_tot>=1.210291e-01 vf_precip_indicator=9.399676e-02 vf_precip_h=9.411301e-02 R_avg=6.389058e+00 xB_range=[0.0284, 0.0315] Meff_range=[2.8616e-02, 3.0558e+00] t_wall=2026-03-18 22:12:10
[3D] step=06550 t=655.000000 t_real=7.301888e+02 s <x_B_tot>=1.210291e-01 vf_precip_indicator=9.399629e-02 vf_precip_h=9.411310e-02 R_avg=6.387904e+00 xB_range=[0.0284, 0.0315] Meff_range=[2.8616e-02, 3.0558e+00] t_wall=2026-03-18 22:12:23
[3D] step=06560 t=656.000000 t_real=7.313036e+02 s <x_B_tot>=1.210292e-01 vf_precip_indicator=9.399641e-02 vf_precip_h=9.411319e-02 R_avg=6.388789e+00 xB_range=[0.0284, 0.0315] Meff_range=[2.8616e-02, 3.0558e+00] t_wall=2026-03-18 22:12:35
[3D] step=06570 t=657.000000 t_real=7.324183e+02 s <x_B_tot>=1.210292e-01 vf_precip_indicator=9.399587e-02 vf_precip_h=9.411329e-02 R_avg=6.388709e+00 xB_range=[0.0284, 0.0315] Meff_range=[2.8616e-02, 3.0558e+00] t_wall=2026-03-18 22:12:48
[3D] step=06580 t=658.000000 t_real=7.335331e+02 s <x_B_tot>=1.210292e-01 vf_precip_indicator=9.399623e-02 vf_precip_h=9.411338e-02 R_avg=6.388389e+00 xB_range=[0.0284, 0.0315] Meff_range=[2.8616e-02, 3.0558e+00] t_wall=2026-03-18 22:13:00
[3D] step=06590 t=659.000000 t_real=7.346479e+02 s <x_B_tot>=1.210293e-01 vf_precip_indicator=9.399599e-02 vf_precip_h=9.411347e-02 R_avg=6.388717e+00 xB_range=[0.0284, 0.0315] Meff_range=[2.8616e-02, 3.0558e+00] t_wall=2026-03-18 22:13:13
[3D] step=06600 t=660.000000 t_real=7.357627e+02 s <x_B_tot>=1.210293e-01 vf_precip_indicator=9.399432e-02 vf_precip_h=9.411356e-02 R_avg=6.388661e+00 xB_range=[0.0284, 0.0315] Meff_range=[2.8616e-02, 3.0558e+00] t_wall=2026-03-18 22:13:25
[3D] step=06610 t=661.000000 t_real=7.368775e+02 s <x_B_tot>=1.210294e-01 vf_precip_indicator=9.399611e-02 vf_precip_h=9.411365e-02 R_avg=6.389804e+00 xB_range=[0.0284, 0.0315] Meff_range=[2.8616e-02, 3.0558e+00] t_wall=2026-03-18 22:13:37
[3D] step=06620 t=662.000000 t_real=7.379923e+02 s <x_B_tot>=1.210294e-01 vf_precip_indicator=9.399396e-02 vf_precip_h=9.411374e-02 R_avg=6.389442e+00 xB_range=[0.0284, 0.0315] Meff_range=[2.8616e-02, 3.0558e+00] t_wall=2026-03-18 22:13:50
[3D] step=06630 t=663.000000 t_real=7.391071e+02 s <x_B_tot>=1.210295e-01 vf_precip_indicator=9.399444e-02 vf_precip_h=9.411383e-02 R_avg=6.389647e+00 xB_range=[0.0284, 0.0315] Meff_range=[2.8616e-02, 3.0558e+00] t_wall=2026-03-18 22:14:02
[3D] step=06640 t=664.000000 t_real=7.402219e+02 s <x_B_tot>=1.210295e-01 vf_precip_indicator=9.399325e-02 vf_precip_h=9.411393e-02 R_avg=6.390041e+00 xB_range=[0.0284, 0.0315] Meff_range=[2.8616e-02, 3.0558e+00] t_wall=2026-03-18 22:14:15
[3D] step=06650 t=665.000000 t_real=7.413367e+02 s <x_B_tot>=1.210296e-01 vf_precip_indicator=9.399700e-02 vf_precip_h=9.411402e-02 R_avg=6.390742e+00 xB_range=[0.0284, 0.0315] Meff_range=[2.8616e-02, 3.0558e+00] t_wall=2026-03-18 22:14:27
[3D] step=06660 t=666.000000 t_real=7.424515e+02 s <x_B_tot>=1.210296e-01 vf_precip_indicator=9.400040e-02 vf_precip_h=9.411411e-02 R_avg=6.391808e+00 xB_range=[0.0284, 0.0315] Meff_range=[2.8616e-02, 3.0558e+00] t_wall=2026-03-18 22:14:40
[3D] step=06670 t=667.000000 t_real=7.435663e+02 s <x_B_tot>=1.210296e-01 vf_precip_indicator=9.400153e-02 vf_precip_h=9.411420e-02 R_avg=6.392374e+00 xB_range=[0.0284, 0.0315] Meff_range=[2.8616e-02, 3.0558e+00] t_wall=2026-03-18 22:14:52
[3D] step=06680 t=668.000000 t_real=7.446811e+02 s <x_B_tot>=1.210297e-01 vf_precip_indicator=9.400189e-02 vf_precip_h=9.411429e-02 R_avg=6.392039e+00 xB_range=[0.0284, 0.0315] Meff_range=[2.8615e-02, 3.0558e+00] t_wall=2026-03-18 22:15:05
[3D] step=06690 t=669.000000 t_real=7.457958e+02 s <x_B_tot>=1.210297e-01 vf_precip_indicator=9.400308e-02 vf_precip_h=9.411438e-02 R_avg=6.393027e+00 xB_range=[0.0284, 0.0315] Meff_range=[2.8615e-02, 3.0558e+00] t_wall=2026-03-18 22:15:17
[3D] step=06700 t=670.000000 t_real=7.469106e+02 s <x_B_tot>=1.210298e-01 vf_precip_indicator=9.400457e-02 vf_precip_h=9.411448e-02 R_avg=6.392538e+00 xB_range=[0.0284, 0.0315] Meff_range=[2.8615e-02, 3.0558e+00] t_wall=2026-03-18 22:15:29
[3D] step=06710 t=671.000000 t_real=7.480254e+02 s <x_B_tot>=1.210298e-01 vf_precip_indicator=9.400636e-02 vf_precip_h=9.411457e-02 R_avg=6.391523e+00 xB_range=[0.0284, 0.0315] Meff_range=[2.8615e-02, 3.0557e+00] t_wall=2026-03-18 22:15:42
[3D] step=06720 t=672.000000 t_real=7.491402e+02 s <x_B_tot>=1.210299e-01 vf_precip_indicator=9.400535e-02 vf_precip_h=9.411466e-02 R_avg=6.391238e+00 xB_range=[0.0284, 0.0315] Meff_range=[2.8615e-02, 3.0557e+00] t_wall=2026-03-18 22:15:54
[3D] step=06730 t=673.000000 t_real=7.502550e+02 s <x_B_tot>=1.210299e-01 vf_precip_indicator=9.400296e-02 vf_precip_h=9.411475e-02 R_avg=6.391694e+00 xB_range=[0.0284, 0.0315] Meff_range=[2.8615e-02, 3.0557e+00] t_wall=2026-03-18 22:16:07
[3D] step=06740 t=674.000000 t_real=7.513698e+02 s <x_B_tot>=1.210300e-01 vf_precip_indicator=9.400254e-02 vf_precip_h=9.411484e-02 R_avg=6.391824e+00 xB_range=[0.0284, 0.0315] Meff_range=[2.8615e-02, 3.0557e+00] t_wall=2026-03-18 22:16:19
[3D] step=06750 t=675.000000 t_real=7.524846e+02 s <x_B_tot>=1.210300e-01 vf_precip_indicator=9.400290e-02 vf_precip_h=9.411494e-02 R_avg=6.391316e+00 xB_range=[0.0284, 0.0315] Meff_range=[2.8615e-02, 3.0557e+00] t_wall=2026-03-18 22:16:32
[3D] step=06760 t=676.000000 t_real=7.535994e+02 s <x_B_tot>=1.210300e-01 vf_precip_indicator=9.400356e-02 vf_precip_h=9.411503e-02 R_avg=6.391735e+00 xB_range=[0.0284, 0.0315] Meff_range=[2.8615e-02, 3.0557e+00] t_wall=2026-03-18 22:16:44
[3D] step=06770 t=677.000000 t_real=7.547142e+02 s <x_B_tot>=1.210301e-01 vf_precip_indicator=9.400374e-02 vf_precip_h=9.411512e-02 R_avg=6.391560e+00 xB_range=[0.0284, 0.0315] Meff_range=[2.8615e-02, 3.0557e+00] t_wall=2026-03-18 22:16:57
[3D] step=06780 t=678.000000 t_real=7.558290e+02 s <x_B_tot>=1.210301e-01 vf_precip_indicator=9.400296e-02 vf_precip_h=9.411521e-02 R_avg=6.391479e+00 xB_range=[0.0284, 0.0315] Meff_range=[2.8615e-02, 3.0557e+00] t_wall=2026-03-18 22:17:09
[3D] step=06790 t=679.000000 t_real=7.569438e+02 s <x_B_tot>=1.210302e-01 vf_precip_indicator=9.400231e-02 vf_precip_h=9.411530e-02 R_avg=6.391305e+00 xB_range=[0.0284, 0.0315] Meff_range=[2.8615e-02, 3.0557e+00] t_wall=2026-03-18 22:17:22
[3D] step=06800 t=680.000000 t_real=7.580586e+02 s <x_B_tot>=1.210302e-01 vf_precip_indicator=9.400094e-02 vf_precip_h=9.411540e-02 R_avg=6.391945e+00 xB_range=[0.0284, 0.0315] Meff_range=[2.8615e-02, 3.0557e+00] t_wall=2026-03-18 22:17:34
[3D] step=06810 t=681.000000 t_real=7.591734e+02 s <x_B_tot>=1.210303e-01 vf_precip_indicator=9.400177e-02 vf_precip_h=9.411549e-02 R_avg=6.391988e+00 xB_range=[0.0284, 0.0315] Meff_range=[2.8615e-02, 3.0557e+00] t_wall=2026-03-18 22:17:46
[3D] step=06820 t=682.000000 t_real=7.602881e+02 s <x_B_tot>=1.210303e-01 vf_precip_indicator=9.400153e-02 vf_precip_h=9.411558e-02 R_avg=6.392029e+00 xB_range=[0.0284, 0.0315] Meff_range=[2.8614e-02, 3.0556e+00] t_wall=2026-03-18 22:17:59
[3D] step=06830 t=683.000000 t_real=7.614029e+02 s <x_B_tot>=1.210304e-01 vf_precip_indicator=9.400153e-02 vf_precip_h=9.411567e-02 R_avg=6.391957e+00 xB_range=[0.0284, 0.0315] Meff_range=[2.8614e-02, 3.0556e+00] t_wall=2026-03-18 22:18:11
[3D] step=06840 t=684.000000 t_real=7.625177e+02 s <x_B_tot>=1.210304e-01 vf_precip_indicator=9.400171e-02 vf_precip_h=9.411577e-02 R_avg=6.392847e+00 xB_range=[0.0284, 0.0315] Meff_range=[2.8614e-02, 3.0556e+00] t_wall=2026-03-18 22:18:24
[3D] step=06850 t=685.000000 t_real=7.636325e+02 s <x_B_tot>=1.210304e-01 vf_precip_indicator=9.399992e-02 vf_precip_h=9.411586e-02 R_avg=6.393129e+00 xB_range=[0.0284, 0.0315] Meff_range=[2.8614e-02, 3.0556e+00] t_wall=2026-03-18 22:18:36
[3D] step=06860 t=686.000000 t_real=7.647473e+02 s <x_B_tot>=1.210305e-01 vf_precip_indicator=9.400123e-02 vf_precip_h=9.411595e-02 R_avg=6.392426e+00 xB_range=[0.0284, 0.0315] Meff_range=[2.8614e-02, 3.0556e+00] t_wall=2026-03-18 22:18:49
[3D] step=06870 t=687.000000 t_real=7.658621e+02 s <x_B_tot>=1.210305e-01 vf_precip_indicator=9.399951e-02 vf_precip_h=9.411604e-02 R_avg=6.392827e+00 xB_range=[0.0284, 0.0315] Meff_range=[2.8614e-02, 3.0556e+00] t_wall=2026-03-18 22:19:01
[3D] step=06880 t=688.000000 t_real=7.669769e+02 s <x_B_tot>=1.210306e-01 vf_precip_indicator=9.399772e-02 vf_precip_h=9.411613e-02 R_avg=6.393094e+00 xB_range=[0.0284, 0.0315] Meff_range=[2.8614e-02, 3.0556e+00] t_wall=2026-03-18 22:19:14
[3D] step=06890 t=689.000000 t_real=7.680917e+02 s <x_B_tot>=1.210306e-01 vf_precip_indicator=9.399772e-02 vf_precip_h=9.411623e-02 R_avg=6.393065e+00 xB_range=[0.0284, 0.0315] Meff_range=[2.8614e-02, 3.0556e+00] t_wall=2026-03-18 22:19:26
[3D] step=06900 t=690.000000 t_real=7.692065e+02 s <x_B_tot>=1.210307e-01 vf_precip_indicator=9.399664e-02 vf_precip_h=9.411632e-02 R_avg=6.392589e+00 xB_range=[0.0284, 0.0315] Meff_range=[2.8614e-02, 3.0556e+00] t_wall=2026-03-18 22:19:39
[3D] step=06910 t=691.000000 t_real=7.703213e+02 s <x_B_tot>=1.210307e-01 vf_precip_indicator=9.399736e-02 vf_precip_h=9.411641e-02 R_avg=6.391976e+00 xB_range=[0.0284, 0.0315] Meff_range=[2.8614e-02, 3.0556e+00] t_wall=2026-03-18 22:19:51
[3D] step=06920 t=692.000000 t_real=7.714361e+02 s <x_B_tot>=1.210308e-01 vf_precip_indicator=9.399623e-02 vf_precip_h=9.411651e-02 R_avg=6.392114e+00 xB_range=[0.0284, 0.0315] Meff_range=[2.8614e-02, 3.0555e+00] t_wall=2026-03-18 22:20:03
[3D] step=06930 t=693.000000 t_real=7.725509e+02 s <x_B_tot>=1.210308e-01 vf_precip_indicator=9.399581e-02 vf_precip_h=9.411660e-02 R_avg=6.392144e+00 xB_range=[0.0284, 0.0315] Meff_range=[2.8614e-02, 3.0555e+00] t_wall=2026-03-18 22:20:16
[3D] step=06940 t=694.000000 t_real=7.736656e+02 s <x_B_tot>=1.210309e-01 vf_precip_indicator=9.399575e-02 vf_precip_h=9.411669e-02 R_avg=6.392269e+00 xB_range=[0.0284, 0.0315] Meff_range=[2.8614e-02, 3.0555e+00] t_wall=2026-03-18 22:20:28
[3D] step=06950 t=695.000000 t_real=7.747804e+02 s <x_B_tot>=1.210309e-01 vf_precip_indicator=9.399879e-02 vf_precip_h=9.411678e-02 R_avg=6.393009e+00 xB_range=[0.0284, 0.0315] Meff_range=[2.8614e-02, 3.0555e+00] t_wall=2026-03-18 22:20:41
[3D] step=06960 t=696.000000 t_real=7.758952e+02 s <x_B_tot>=1.210309e-01 vf_precip_indicator=9.399861e-02 vf_precip_h=9.411688e-02 R_avg=6.392838e+00 xB_range=[0.0284, 0.0315] Meff_range=[2.8614e-02, 3.0555e+00] t_wall=2026-03-18 22:20:53
[3D] step=06970 t=697.000000 t_real=7.770100e+02 s <x_B_tot>=1.210310e-01 vf_precip_indicator=9.399861e-02 vf_precip_h=9.411697e-02 R_avg=6.392277e+00 xB_range=[0.0284, 0.0315] Meff_range=[2.8613e-02, 3.0555e+00] t_wall=2026-03-18 22:21:06
[3D] step=06980 t=698.000000 t_real=7.781248e+02 s <x_B_tot>=1.210310e-01 vf_precip_indicator=9.399748e-02 vf_precip_h=9.411706e-02 R_avg=6.392660e+00 xB_range=[0.0284, 0.0315] Meff_range=[2.8613e-02, 3.0555e+00] t_wall=2026-03-18 22:21:18
[3D] step=06990 t=699.000000 t_real=7.792396e+02 s <x_B_tot>=1.210311e-01 vf_precip_indicator=9.399956e-02 vf_precip_h=9.411715e-02 R_avg=6.392816e+00 xB_range=[0.0284, 0.0315] Meff_range=[2.8613e-02, 3.0555e+00] t_wall=2026-03-18 22:21:31
[3D] step=07000 t=700.000000 t_real=7.803544e+02 s <x_B_tot>=1.210311e-01 vf_precip_indicator=9.399885e-02 vf_precip_h=9.411725e-02 R_avg=6.393373e+00 xB_range=[0.0284, 0.0315] Meff_range=[2.8613e-02, 3.0555e+00] t_wall=2026-03-18 22:21:43
[3D] step=07010 t=701.000000 t_real=7.814692e+02 s <x_B_tot>=1.210312e-01 vf_precip_indicator=9.399843e-02 vf_precip_h=9.411734e-02 R_avg=6.393359e+00 xB_range=[0.0284, 0.0315] Meff_range=[2.8613e-02, 3.0554e+00] t_wall=2026-03-18 22:21:55
[3D] step=07020 t=702.000000 t_real=7.825840e+02 s <x_B_tot>=1.210312e-01 vf_precip_indicator=9.400040e-02 vf_precip_h=9.411743e-02 R_avg=6.393867e+00 xB_range=[0.0284, 0.0315] Meff_range=[2.8613e-02, 3.0554e+00] t_wall=2026-03-18 22:22:08
[3D] step=07030 t=703.000000 t_real=7.836988e+02 s <x_B_tot>=1.210313e-01 vf_precip_indicator=9.400117e-02 vf_precip_h=9.411753e-02 R_avg=6.393775e+00 xB_range=[0.0284, 0.0315] Meff_range=[2.8613e-02, 3.0554e+00] t_wall=2026-03-18 22:22:20
[3D] step=07040 t=704.000000 t_real=7.848136e+02 s <x_B_tot>=1.210313e-01 vf_precip_indicator=9.399968e-02 vf_precip_h=9.411762e-02 R_avg=6.394956e+00 xB_range=[0.0284, 0.0315] Meff_range=[2.8613e-02, 3.0554e+00] t_wall=2026-03-18 22:22:33
[3D] step=07050 t=705.000000 t_real=7.859284e+02 s <x_B_tot>=1.210314e-01 vf_precip_indicator=9.399974e-02 vf_precip_h=9.411771e-02 R_avg=6.395450e+00 xB_range=[0.0284, 0.0315] Meff_range=[2.8613e-02, 3.0554e+00] t_wall=2026-03-18 22:22:45
[3D] step=07060 t=706.000000 t_real=7.870432e+02 s <x_B_tot>=1.210314e-01 vf_precip_indicator=9.400034e-02 vf_precip_h=9.411781e-02 R_avg=6.394929e+00 xB_range=[0.0284, 0.0315] Meff_range=[2.8613e-02, 3.0554e+00] t_wall=2026-03-18 22:22:58
[3D] step=07070 t=707.000000 t_real=7.881579e+02 s <x_B_tot>=1.210314e-01 vf_precip_indicator=9.399885e-02 vf_precip_h=9.411790e-02 R_avg=6.394280e+00 xB_range=[0.0284, 0.0315] Meff_range=[2.8613e-02, 3.0554e+00] t_wall=2026-03-18 22:23:10
[3D] step=07080 t=708.000000 t_real=7.892727e+02 s <x_B_tot>=1.210315e-01 vf_precip_indicator=9.399849e-02 vf_precip_h=9.411799e-02 R_avg=6.394515e+00 xB_range=[0.0284, 0.0315] Meff_range=[2.8613e-02, 3.0553e+00] t_wall=2026-03-18 22:23:23
[3D] step=07090 t=709.000000 t_real=7.903875e+02 s <x_B_tot>=1.210315e-01 vf_precip_indicator=9.399569e-02 vf_precip_h=9.411809e-02 R_avg=6.394483e+00 xB_range=[0.0284, 0.0315] Meff_range=[2.8613e-02, 3.0553e+00] t_wall=2026-03-18 22:23:35
[3D] step=07100 t=710.000000 t_real=7.915023e+02 s <x_B_tot>=1.210316e-01 vf_precip_indicator=9.399456e-02 vf_precip_h=9.411818e-02 R_avg=6.394290e+00 xB_range=[0.0284, 0.0315] Meff_range=[2.8613e-02, 3.0553e+00] t_wall=2026-03-18 22:23:48
[3D] step=07110 t=711.000000 t_real=7.926171e+02 s <x_B_tot>=1.210316e-01 vf_precip_indicator=9.399593e-02 vf_precip_h=9.411827e-02 R_avg=6.394038e+00 xB_range=[0.0284, 0.0315] Meff_range=[2.8613e-02, 3.0553e+00] t_wall=2026-03-18 22:24:00
[3D] step=07120 t=712.000000 t_real=7.937319e+02 s <x_B_tot>=1.210317e-01 vf_precip_indicator=9.399599e-02 vf_precip_h=9.411837e-02 R_avg=6.394647e+00 xB_range=[0.0284, 0.0315] Meff_range=[2.8612e-02, 3.0553e+00] t_wall=2026-03-18 22:24:12
[3D] step=07130 t=713.000000 t_real=7.948467e+02 s <x_B_tot>=1.210317e-01 vf_precip_indicator=9.399664e-02 vf_precip_h=9.411846e-02 R_avg=6.394648e+00 xB_range=[0.0284, 0.0315] Meff_range=[2.8612e-02, 3.0553e+00] t_wall=2026-03-18 22:24:25
[3D] step=07140 t=714.000000 t_real=7.959615e+02 s <x_B_tot>=1.210318e-01 vf_precip_indicator=9.399706e-02 vf_precip_h=9.411855e-02 R_avg=6.394835e+00 xB_range=[0.0284, 0.0315] Meff_range=[2.8612e-02, 3.0553e+00] t_wall=2026-03-18 22:24:37
[3D] step=07150 t=715.000000 t_real=7.970763e+02 s <x_B_tot>=1.210318e-01 vf_precip_indicator=9.399664e-02 vf_precip_h=9.411865e-02 R_avg=6.394937e+00 xB_range=[0.0284, 0.0315] Meff_range=[2.8612e-02, 3.0553e+00] t_wall=2026-03-18 22:24:50
[3D] step=07160 t=716.000000 t_real=7.981911e+02 s <x_B_tot>=1.210318e-01 vf_precip_indicator=9.399623e-02 vf_precip_h=9.411874e-02 R_avg=6.395153e+00 xB_range=[0.0284, 0.0315] Meff_range=[2.8612e-02, 3.0553e+00] t_wall=2026-03-18 22:25:02
[3D] step=07170 t=717.000000 t_real=7.993059e+02 s <x_B_tot>=1.210319e-01 vf_precip_indicator=9.399760e-02 vf_precip_h=9.411883e-02 R_avg=6.394742e+00 xB_range=[0.0284, 0.0315] Meff_range=[2.8612e-02, 3.0553e+00] t_wall=2026-03-18 22:25:15
[3D] step=07180 t=718.000000 t_real=8.004207e+02 s <x_B_tot>=1.210319e-01 vf_precip_indicator=9.399968e-02 vf_precip_h=9.411893e-02 R_avg=6.394581e+00 xB_range=[0.0284, 0.0315] Meff_range=[2.8612e-02, 3.0553e+00] t_wall=2026-03-18 22:25:27
[3D] step=07190 t=719.000000 t_real=8.015354e+02 s <x_B_tot>=1.210320e-01 vf_precip_indicator=9.399742e-02 vf_precip_h=9.411902e-02 R_avg=6.394860e+00 xB_range=[0.0284, 0.0315] Meff_range=[2.8612e-02, 3.0553e+00] t_wall=2026-03-18 22:25:40
[3D] step=07200 t=720.000000 t_real=8.026502e+02 s <x_B_tot>=1.210320e-01 vf_precip_indicator=9.400022e-02 vf_precip_h=9.411911e-02 R_avg=6.395122e+00 xB_range=[0.0284, 0.0315] Meff_range=[2.8612e-02, 3.0553e+00] t_wall=2026-03-18 22:25:52
[3D] step=07210 t=721.000000 t_real=8.037650e+02 s <x_B_tot>=1.210321e-01 vf_precip_indicator=9.399873e-02 vf_precip_h=9.411921e-02 R_avg=6.395093e+00 xB_range=[0.0284, 0.0315] Meff_range=[2.8612e-02, 3.0552e+00] t_wall=2026-03-18 22:26:04
[3D] step=07220 t=722.000000 t_real=8.048798e+02 s <x_B_tot>=1.210321e-01 vf_precip_indicator=9.399730e-02 vf_precip_h=9.411930e-02 R_avg=6.394794e+00 xB_range=[0.0284, 0.0315] Meff_range=[2.8612e-02, 3.0552e+00] t_wall=2026-03-18 22:26:17
[3D] step=07230 t=723.000000 t_real=8.059946e+02 s <x_B_tot>=1.210322e-01 vf_precip_indicator=9.399682e-02 vf_precip_h=9.411940e-02 R_avg=6.394545e+00 xB_range=[0.0284, 0.0315] Meff_range=[2.8612e-02, 3.0552e+00] t_wall=2026-03-18 22:26:29
[3D] step=07240 t=724.000000 t_real=8.071094e+02 s <x_B_tot>=1.210322e-01 vf_precip_indicator=9.399599e-02 vf_precip_h=9.411949e-02 R_avg=6.394820e+00 xB_range=[0.0284, 0.0315] Meff_range=[2.8612e-02, 3.0552e+00] t_wall=2026-03-18 22:26:42
[3D] step=07250 t=725.000000 t_real=8.082242e+02 s <x_B_tot>=1.210323e-01 vf_precip_indicator=9.399796e-02 vf_precip_h=9.411958e-02 R_avg=6.393211e+00 xB_range=[0.0284, 0.0315] Meff_range=[2.8612e-02, 3.0552e+00] t_wall=2026-03-18 22:26:54
[3D] step=07260 t=726.000000 t_real=8.093390e+02 s <x_B_tot>=1.210323e-01 vf_precip_indicator=9.399813e-02 vf_precip_h=9.411968e-02 R_avg=6.394433e+00 xB_range=[0.0284, 0.0315] Meff_range=[2.8612e-02, 3.0552e+00] t_wall=2026-03-18 22:27:07
[3D] step=07270 t=727.000000 t_real=8.104538e+02 s <x_B_tot>=1.210324e-01 vf_precip_indicator=9.400010e-02 vf_precip_h=9.411977e-02 R_avg=6.394091e+00 xB_range=[0.0284, 0.0315] Meff_range=[2.8611e-02, 3.0552e+00] t_wall=2026-03-18 22:27:19
[3D] step=07280 t=728.000000 t_real=8.115686e+02 s <x_B_tot>=1.210324e-01 vf_precip_indicator=9.400278e-02 vf_precip_h=9.411986e-02 R_avg=6.394418e+00 xB_range=[0.0284, 0.0315] Meff_range=[2.8611e-02, 3.0552e+00] t_wall=2026-03-18 22:27:32
[3D] step=07290 t=729.000000 t_real=8.126834e+02 s <x_B_tot>=1.210324e-01 vf_precip_indicator=9.400171e-02 vf_precip_h=9.411996e-02 R_avg=6.393711e+00 xB_range=[0.0284, 0.0315] Meff_range=[2.8611e-02, 3.0552e+00] t_wall=2026-03-18 22:27:44
[3D] step=07300 t=730.000000 t_real=8.137982e+02 s <x_B_tot>=1.210325e-01 vf_precip_indicator=9.400094e-02 vf_precip_h=9.412005e-02 R_avg=6.394076e+00 xB_range=[0.0284, 0.0315] Meff_range=[2.8611e-02, 3.0552e+00] t_wall=2026-03-18 22:27:57
[3D] step=07310 t=731.000000 t_real=8.149130e+02 s <x_B_tot>=1.210325e-01 vf_precip_indicator=9.400171e-02 vf_precip_h=9.412015e-02 R_avg=6.394849e+00 xB_range=[0.0284, 0.0315] Meff_range=[2.8611e-02, 3.0552e+00] t_wall=2026-03-18 22:28:09
[3D] step=07320 t=732.000000 t_real=8.160277e+02 s <x_B_tot>=1.210326e-01 vf_precip_indicator=9.400183e-02 vf_precip_h=9.412024e-02 R_avg=6.394771e+00 xB_range=[0.0284, 0.0315] Meff_range=[2.8611e-02, 3.0551e+00] t_wall=2026-03-18 22:28:21
[3D] step=07330 t=733.000000 t_real=8.171425e+02 s <x_B_tot>=1.210326e-01 vf_precip_indicator=9.400064e-02 vf_precip_h=9.412034e-02 R_avg=6.394085e+00 xB_range=[0.0284, 0.0315] Meff_range=[2.8611e-02, 3.0551e+00] t_wall=2026-03-18 22:28:34
[3D] step=07340 t=734.000000 t_real=8.182573e+02 s <x_B_tot>=1.210327e-01 vf_precip_indicator=9.400296e-02 vf_precip_h=9.412043e-02 R_avg=6.393868e+00 xB_range=[0.0284, 0.0315] Meff_range=[2.8611e-02, 3.0551e+00] t_wall=2026-03-18 22:28:46
[3D] step=07350 t=735.000000 t_real=8.193721e+02 s <x_B_tot>=1.210327e-01 vf_precip_indicator=9.400344e-02 vf_precip_h=9.412052e-02 R_avg=6.394405e+00 xB_range=[0.0284, 0.0315] Meff_range=[2.8611e-02, 3.0551e+00] t_wall=2026-03-18 22:28:59
[3D] step=07360 t=736.000000 t_real=8.204869e+02 s <x_B_tot>=1.210328e-01 vf_precip_indicator=9.400439e-02 vf_precip_h=9.412062e-02 R_avg=6.395176e+00 xB_range=[0.0284, 0.0315] Meff_range=[2.8611e-02, 3.0551e+00] t_wall=2026-03-18 22:29:11
[3D] step=07370 t=737.000000 t_real=8.216017e+02 s <x_B_tot>=1.210328e-01 vf_precip_indicator=9.400368e-02 vf_precip_h=9.412071e-02 R_avg=6.395458e+00 xB_range=[0.0284, 0.0315] Meff_range=[2.8611e-02, 3.0551e+00] t_wall=2026-03-18 22:29:24
[3D] step=07380 t=738.000000 t_real=8.227165e+02 s <x_B_tot>=1.210329e-01 vf_precip_indicator=9.400409e-02 vf_precip_h=9.412081e-02 R_avg=6.395890e+00 xB_range=[0.0284, 0.0315] Meff_range=[2.8611e-02, 3.0551e+00] t_wall=2026-03-18 22:29:36
[3D] step=07390 t=739.000000 t_real=8.238313e+02 s <x_B_tot>=1.210329e-01 vf_precip_indicator=9.400386e-02 vf_precip_h=9.412090e-02 R_avg=6.395658e+00 xB_range=[0.0284, 0.0315] Meff_range=[2.8611e-02, 3.0551e+00] t_wall=2026-03-18 22:29:49
[3D] step=07400 t=740.000000 t_real=8.249461e+02 s <x_B_tot>=1.210329e-01 vf_precip_indicator=9.400320e-02 vf_precip_h=9.412100e-02 R_avg=6.396161e+00 xB_range=[0.0284, 0.0315] Meff_range=[2.8611e-02, 3.0551e+00] t_wall=2026-03-18 22:30:01
[3D] step=07410 t=741.000000 t_real=8.260609e+02 s <x_B_tot>=1.210330e-01 vf_precip_indicator=9.400362e-02 vf_precip_h=9.412109e-02 R_avg=6.396477e+00 xB_range=[0.0284, 0.0315] Meff_range=[2.8611e-02, 3.0551e+00] t_wall=2026-03-18 22:30:14
[3D] step=07420 t=742.000000 t_real=8.271757e+02 s <x_B_tot>=1.210330e-01 vf_precip_indicator=9.400392e-02 vf_precip_h=9.412118e-02 R_avg=6.395763e+00 xB_range=[0.0284, 0.0315] Meff_range=[2.8610e-02, 3.0550e+00] t_wall=2026-03-18 22:30:26
[3D] step=07430 t=743.000000 t_real=8.282905e+02 s <x_B_tot>=1.210331e-01 vf_precip_indicator=9.400362e-02 vf_precip_h=9.412128e-02 R_avg=6.396679e+00 xB_range=[0.0284, 0.0315] Meff_range=[2.8610e-02, 3.0550e+00] t_wall=2026-03-18 22:30:38
[3D] step=07440 t=744.000000 t_real=8.294052e+02 s <x_B_tot>=1.210331e-01 vf_precip_indicator=9.400296e-02 vf_precip_h=9.412137e-02 R_avg=6.396952e+00 xB_range=[0.0284, 0.0315] Meff_range=[2.8610e-02, 3.0550e+00] t_wall=2026-03-18 22:30:51
[3D] step=07450 t=745.000000 t_real=8.305200e+02 s <x_B_tot>=1.210332e-01 vf_precip_indicator=9.400171e-02 vf_precip_h=9.412147e-02 R_avg=6.396693e+00 xB_range=[0.0284, 0.0315] Meff_range=[2.8610e-02, 3.0550e+00] t_wall=2026-03-18 22:31:03
[3D] step=07460 t=746.000000 t_real=8.316348e+02 s <x_B_tot>=1.210332e-01 vf_precip_indicator=9.400094e-02 vf_precip_h=9.412156e-02 R_avg=6.397823e+00 xB_range=[0.0284, 0.0315] Meff_range=[2.8610e-02, 3.0550e+00] t_wall=2026-03-18 22:31:16
[3D] step=07470 t=747.000000 t_real=8.327496e+02 s <x_B_tot>=1.210333e-01 vf_precip_indicator=9.400022e-02 vf_precip_h=9.412166e-02 R_avg=6.397572e+00 xB_range=[0.0284, 0.0315] Meff_range=[2.8610e-02, 3.0550e+00] t_wall=2026-03-18 22:31:28
[3D] step=07480 t=748.000000 t_real=8.338644e+02 s <x_B_tot>=1.210333e-01 vf_precip_indicator=9.400064e-02 vf_precip_h=9.412175e-02 R_avg=6.397284e+00 xB_range=[0.0284, 0.0315] Meff_range=[2.8610e-02, 3.0550e+00] t_wall=2026-03-18 22:31:41
[3D] step=07490 t=749.000000 t_real=8.349792e+02 s <x_B_tot>=1.210334e-01 vf_precip_indicator=9.400147e-02 vf_precip_h=9.412185e-02 R_avg=6.397182e+00 xB_range=[0.0284, 0.0315] Meff_range=[2.8610e-02, 3.0550e+00] t_wall=2026-03-18 22:31:53
[3D] step=07500 t=750.000000 t_real=8.360940e+02 s <x_B_tot>=1.210334e-01 vf_precip_indicator=9.400129e-02 vf_precip_h=9.412194e-02 R_avg=6.397963e+00 xB_range=[0.0284, 0.0315] Meff_range=[2.8610e-02, 3.0550e+00] t_wall=2026-03-18 22:32:06
[3D] step=07510 t=751.000000 t_real=8.372088e+02 s <x_B_tot>=1.210335e-01 vf_precip_indicator=9.400374e-02 vf_precip_h=9.412204e-02 R_avg=6.398922e+00 xB_range=[0.0284, 0.0315] Meff_range=[2.8610e-02, 3.0550e+00] t_wall=2026-03-18 22:32:18
[3D] step=07520 t=752.000000 t_real=8.383236e+02 s <x_B_tot>=1.210335e-01 vf_precip_indicator=9.400243e-02 vf_precip_h=9.412213e-02 R_avg=6.399251e+00 xB_range=[0.0284, 0.0315] Meff_range=[2.8610e-02, 3.0549e+00] t_wall=2026-03-18 22:32:30
[3D] step=07530 t=753.000000 t_real=8.394384e+02 s <x_B_tot>=1.210335e-01 vf_precip_indicator=9.400278e-02 vf_precip_h=9.412223e-02 R_avg=6.398944e+00 xB_range=[0.0284, 0.0315] Meff_range=[2.8610e-02, 3.0549e+00] t_wall=2026-03-18 22:32:43
[3D] step=07540 t=754.000000 t_real=8.405532e+02 s <x_B_tot>=1.210336e-01 vf_precip_indicator=9.400213e-02 vf_precip_h=9.412232e-02 R_avg=6.399361e+00 xB_range=[0.0284, 0.0315] Meff_range=[2.8610e-02, 3.0549e+00] t_wall=2026-03-18 22:32:55
[3D] step=07550 t=755.000000 t_real=8.416680e+02 s <x_B_tot>=1.210336e-01 vf_precip_indicator=9.400278e-02 vf_precip_h=9.412242e-02 R_avg=6.399477e+00 xB_range=[0.0284, 0.0315] Meff_range=[2.8610e-02, 3.0549e+00] t_wall=2026-03-18 22:33:08
[3D] step=07560 t=756.000000 t_real=8.427828e+02 s <x_B_tot>=1.210337e-01 vf_precip_indicator=9.400266e-02 vf_precip_h=9.412251e-02 R_avg=6.398835e+00 xB_range=[0.0284, 0.0315] Meff_range=[2.8610e-02, 3.0549e+00] t_wall=2026-03-18 22:33:20
[3D] step=07570 t=757.000000 t_real=8.438975e+02 s <x_B_tot>=1.210337e-01 vf_precip_indicator=9.400338e-02 vf_precip_h=9.412261e-02 R_avg=6.398465e+00 xB_range=[0.0284, 0.0315] Meff_range=[2.8609e-02, 3.0549e+00] t_wall=2026-03-18 22:33:33
[3D] step=07580 t=758.000000 t_real=8.450123e+02 s <x_B_tot>=1.210338e-01 vf_precip_indicator=9.400535e-02 vf_precip_h=9.412270e-02 R_avg=6.398311e+00 xB_range=[0.0284, 0.0315] Meff_range=[2.8609e-02, 3.0549e+00] t_wall=2026-03-18 22:33:45
[3D] step=07590 t=759.000000 t_real=8.461271e+02 s <x_B_tot>=1.210338e-01 vf_precip_indicator=9.400588e-02 vf_precip_h=9.412280e-02 R_avg=6.398996e+00 xB_range=[0.0284, 0.0315] Meff_range=[2.8609e-02, 3.0549e+00] t_wall=2026-03-18 22:33:58
[3D] step=07600 t=760.000000 t_real=8.472419e+02 s <x_B_tot>=1.210339e-01 vf_precip_indicator=9.400672e-02 vf_precip_h=9.412289e-02 R_avg=6.400120e+00 xB_range=[0.0284, 0.0315] Meff_range=[2.8609e-02, 3.0549e+00] t_wall=2026-03-18 22:34:10
[3D] step=07610 t=761.000000 t_real=8.483567e+02 s <x_B_tot>=1.210339e-01 vf_precip_indicator=9.400678e-02 vf_precip_h=9.412299e-02 R_avg=6.400370e+00 xB_range=[0.0284, 0.0315] Meff_range=[2.8609e-02, 3.0549e+00] t_wall=2026-03-18 22:34:23
[3D] step=07620 t=762.000000 t_real=8.494715e+02 s <x_B_tot>=1.210340e-01 vf_precip_indicator=9.400523e-02 vf_precip_h=9.412308e-02 R_avg=6.400899e+00 xB_range=[0.0284, 0.0315] Meff_range=[2.8609e-02, 3.0549e+00] t_wall=2026-03-18 22:34:35
[3D] step=07630 t=763.000000 t_real=8.505863e+02 s <x_B_tot>=1.210340e-01 vf_precip_indicator=9.400558e-02 vf_precip_h=9.412318e-02 R_avg=6.400404e+00 xB_range=[0.0284, 0.0315] Meff_range=[2.8609e-02, 3.0549e+00] t_wall=2026-03-18 22:34:47
[3D] step=07640 t=764.000000 t_real=8.517011e+02 s <x_B_tot>=1.210341e-01 vf_precip_indicator=9.400487e-02 vf_precip_h=9.412327e-02 R_avg=6.400875e+00 xB_range=[0.0284, 0.0315] Meff_range=[2.8609e-02, 3.0549e+00] t_wall=2026-03-18 22:35:00
[3D] step=07650 t=765.000000 t_real=8.528159e+02 s <x_B_tot>=1.210341e-01 vf_precip_indicator=9.400594e-02 vf_precip_h=9.412337e-02 R_avg=6.401034e+00 xB_range=[0.0284, 0.0315] Meff_range=[2.8609e-02, 3.0549e+00] t_wall=2026-03-18 22:35:12
[3D] step=07660 t=766.000000 t_real=8.539307e+02 s <x_B_tot>=1.210341e-01 vf_precip_indicator=9.400660e-02 vf_precip_h=9.412346e-02 R_avg=6.401296e+00 xB_range=[0.0284, 0.0315] Meff_range=[2.8609e-02, 3.0549e+00] t_wall=2026-03-18 22:35:25
[3D] step=07670 t=767.000000 t_real=8.550455e+02 s <x_B_tot>=1.210342e-01 vf_precip_indicator=9.400499e-02 vf_precip_h=9.412356e-02 R_avg=6.402673e+00 xB_range=[0.0284, 0.0315] Meff_range=[2.8609e-02, 3.0548e+00] t_wall=2026-03-18 22:35:37
[3D] step=07680 t=768.000000 t_real=8.561603e+02 s <x_B_tot>=1.210342e-01 vf_precip_indicator=9.400642e-02 vf_precip_h=9.412365e-02 R_avg=6.402424e+00 xB_range=[0.0284, 0.0315] Meff_range=[2.8609e-02, 3.0548e+00] t_wall=2026-03-18 22:35:50
[3D] step=07690 t=769.000000 t_real=8.572750e+02 s <x_B_tot>=1.210343e-01 vf_precip_indicator=9.400606e-02 vf_precip_h=9.412375e-02 R_avg=6.402111e+00 xB_range=[0.0284, 0.0315] Meff_range=[2.8609e-02, 3.0548e+00] t_wall=2026-03-18 22:36:02
[3D] step=07700 t=770.000000 t_real=8.583898e+02 s <x_B_tot>=1.210343e-01 vf_precip_indicator=9.400254e-02 vf_precip_h=9.412384e-02 R_avg=6.402189e+00 xB_range=[0.0284, 0.0315] Meff_range=[2.8609e-02, 3.0548e+00] t_wall=2026-03-18 22:36:15
[3D] step=07710 t=771.000000 t_real=8.595046e+02 s <x_B_tot>=1.210344e-01 vf_precip_indicator=9.400189e-02 vf_precip_h=9.412394e-02 R_avg=6.402101e+00 xB_range=[0.0284, 0.0315] Meff_range=[2.8609e-02, 3.0548e+00] t_wall=2026-03-18 22:36:27
[3D] step=07720 t=772.000000 t_real=8.606194e+02 s <x_B_tot>=1.210344e-01 vf_precip_indicator=9.400111e-02 vf_precip_h=9.412403e-02 R_avg=6.402221e+00 xB_range=[0.0284, 0.0315] Meff_range=[2.8608e-02, 3.0548e+00] t_wall=2026-03-18 22:36:40
[3D] step=07730 t=773.000000 t_real=8.617342e+02 s <x_B_tot>=1.210345e-01 vf_precip_indicator=9.400433e-02 vf_precip_h=9.412413e-02 R_avg=6.403596e+00 xB_range=[0.0284, 0.0315] Meff_range=[2.8608e-02, 3.0548e+00] t_wall=2026-03-18 22:36:52
[3D] step=07740 t=774.000000 t_real=8.628490e+02 s <x_B_tot>=1.210345e-01 vf_precip_indicator=9.400427e-02 vf_precip_h=9.412423e-02 R_avg=6.403708e+00 xB_range=[0.0284, 0.0315] Meff_range=[2.8608e-02, 3.0548e+00] t_wall=2026-03-18 22:37:04
[3D] step=07750 t=775.000000 t_real=8.639638e+02 s <x_B_tot>=1.210346e-01 vf_precip_indicator=9.400654e-02 vf_precip_h=9.412432e-02 R_avg=6.403761e+00 xB_range=[0.0284, 0.0315] Meff_range=[2.8608e-02, 3.0548e+00] t_wall=2026-03-18 22:37:17
[3D] step=07760 t=776.000000 t_real=8.650786e+02 s <x_B_tot>=1.210346e-01 vf_precip_indicator=9.400803e-02 vf_precip_h=9.412442e-02 R_avg=6.403530e+00 xB_range=[0.0284, 0.0315] Meff_range=[2.8608e-02, 3.0548e+00] t_wall=2026-03-18 22:37:29
[3D] step=07770 t=777.000000 t_real=8.661934e+02 s <x_B_tot>=1.210347e-01 vf_precip_indicator=9.400541e-02 vf_precip_h=9.412451e-02 R_avg=6.403611e+00 xB_range=[0.0284, 0.0315] Meff_range=[2.8608e-02, 3.0548e+00] t_wall=2026-03-18 22:37:42
[3D] step=07780 t=778.000000 t_real=8.673082e+02 s <x_B_tot>=1.210347e-01 vf_precip_indicator=9.400678e-02 vf_precip_h=9.412461e-02 R_avg=6.404485e+00 xB_range=[0.0284, 0.0315] Meff_range=[2.8608e-02, 3.0547e+00] t_wall=2026-03-18 22:37:54
[3D] step=07790 t=779.000000 t_real=8.684230e+02 s <x_B_tot>=1.210347e-01 vf_precip_indicator=9.400564e-02 vf_precip_h=9.412470e-02 R_avg=6.403628e+00 xB_range=[0.0284, 0.0315] Meff_range=[2.8608e-02, 3.0547e+00] t_wall=2026-03-18 22:38:07
[3D] step=07800 t=780.000000 t_real=8.695378e+02 s <x_B_tot>=1.210348e-01 vf_precip_indicator=9.400791e-02 vf_precip_h=9.412480e-02 R_avg=6.403695e+00 xB_range=[0.0284, 0.0315] Meff_range=[2.8608e-02, 3.0547e+00] t_wall=2026-03-18 22:38:19
[3D] step=07810 t=781.000000 t_real=8.706526e+02 s <x_B_tot>=1.210348e-01 vf_precip_indicator=9.400922e-02 vf_precip_h=9.412490e-02 R_avg=6.403510e+00 xB_range=[0.0284, 0.0315] Meff_range=[2.8608e-02, 3.0547e+00] t_wall=2026-03-18 22:38:32
[3D] step=07820 t=782.000000 t_real=8.717673e+02 s <x_B_tot>=1.210349e-01 vf_precip_indicator=9.400880e-02 vf_precip_h=9.412499e-02 R_avg=6.403496e+00 xB_range=[0.0284, 0.0315] Meff_range=[2.8608e-02, 3.0547e+00] t_wall=2026-03-18 22:38:44
[3D] step=07830 t=783.000000 t_real=8.728821e+02 s <x_B_tot>=1.210349e-01 vf_precip_indicator=9.400982e-02 vf_precip_h=9.412509e-02 R_avg=6.404432e+00 xB_range=[0.0284, 0.0315] Meff_range=[2.8608e-02, 3.0547e+00] t_wall=2026-03-18 22:38:56
[3D] step=07840 t=784.000000 t_real=8.739969e+02 s <x_B_tot>=1.210350e-01 vf_precip_indicator=9.401035e-02 vf_precip_h=9.412518e-02 R_avg=6.404252e+00 xB_range=[0.0284, 0.0315] Meff_range=[2.8608e-02, 3.0547e+00] t_wall=2026-03-18 22:39:09
[3D] step=07850 t=785.000000 t_real=8.751117e+02 s <x_B_tot>=1.210350e-01 vf_precip_indicator=9.401041e-02 vf_precip_h=9.412528e-02 R_avg=6.404530e+00 xB_range=[0.0284, 0.0315] Meff_range=[2.8608e-02, 3.0547e+00] t_wall=2026-03-18 22:39:21
[3D] step=07860 t=786.000000 t_real=8.762265e+02 s <x_B_tot>=1.210351e-01 vf_precip_indicator=9.401059e-02 vf_precip_h=9.412538e-02 R_avg=6.404326e+00 xB_range=[0.0284, 0.0315] Meff_range=[2.8608e-02, 3.0547e+00] t_wall=2026-03-18 22:39:34
[3D] step=07870 t=787.000000 t_real=8.773413e+02 s <x_B_tot>=1.210351e-01 vf_precip_indicator=9.401119e-02 vf_precip_h=9.412547e-02 R_avg=6.404496e+00 xB_range=[0.0284, 0.0315] Meff_range=[2.8607e-02, 3.0547e+00] t_wall=2026-03-18 22:39:46
[3D] step=07880 t=788.000000 t_real=8.784561e+02 s <x_B_tot>=1.210352e-01 vf_precip_indicator=9.401268e-02 vf_precip_h=9.412557e-02 R_avg=6.404988e+00 xB_range=[0.0284, 0.0315] Meff_range=[2.8607e-02, 3.0546e+00] t_wall=2026-03-18 22:39:59
[3D] step=07890 t=789.000000 t_real=8.795709e+02 s <x_B_tot>=1.210352e-01 vf_precip_indicator=9.401214e-02 vf_precip_h=9.412566e-02 R_avg=6.405082e+00 xB_range=[0.0284, 0.0315] Meff_range=[2.8607e-02, 3.0546e+00] t_wall=2026-03-18 22:40:11
[3D] step=07900 t=790.000000 t_real=8.806857e+02 s <x_B_tot>=1.210353e-01 vf_precip_indicator=9.401160e-02 vf_precip_h=9.412576e-02 R_avg=6.404626e+00 xB_range=[0.0284, 0.0315] Meff_range=[2.8607e-02, 3.0546e+00] t_wall=2026-03-18 22:40:24
[3D] step=07910 t=791.000000 t_real=8.818005e+02 s <x_B_tot>=1.210353e-01 vf_precip_indicator=9.401160e-02 vf_precip_h=9.412586e-02 R_avg=6.404539e+00 xB_range=[0.0284, 0.0315] Meff_range=[2.8607e-02, 3.0546e+00] t_wall=2026-03-18 22:40:36
[3D] step=07920 t=792.000000 t_real=8.829153e+02 s <x_B_tot>=1.210354e-01 vf_precip_indicator=9.401214e-02 vf_precip_h=9.412595e-02 R_avg=6.404460e+00 xB_range=[0.0284, 0.0315] Meff_range=[2.8607e-02, 3.0546e+00] t_wall=2026-03-18 22:40:49
[3D] step=07930 t=793.000000 t_real=8.840301e+02 s <x_B_tot>=1.210354e-01 vf_precip_indicator=9.401256e-02 vf_precip_h=9.412605e-02 R_avg=6.404546e+00 xB_range=[0.0284, 0.0315] Meff_range=[2.8607e-02, 3.0546e+00] t_wall=2026-03-18 22:41:01
[3D] step=07940 t=794.000000 t_real=8.851448e+02 s <x_B_tot>=1.210354e-01 vf_precip_indicator=9.401304e-02 vf_precip_h=9.412615e-02 R_avg=6.405070e+00 xB_range=[0.0284, 0.0315] Meff_range=[2.8607e-02, 3.0546e+00] t_wall=2026-03-18 22:41:13
[3D] step=07950 t=795.000000 t_real=8.862596e+02 s <x_B_tot>=1.210355e-01 vf_precip_indicator=9.401405e-02 vf_precip_h=9.412624e-02 R_avg=6.405356e+00 xB_range=[0.0284, 0.0315] Meff_range=[2.8607e-02, 3.0546e+00] t_wall=2026-03-18 22:41:26
[3D] step=07960 t=796.000000 t_real=8.873744e+02 s <x_B_tot>=1.210355e-01 vf_precip_indicator=9.401423e-02 vf_precip_h=9.412634e-02 R_avg=6.405758e+00 xB_range=[0.0284, 0.0315] Meff_range=[2.8607e-02, 3.0546e+00] t_wall=2026-03-18 22:41:38
[3D] step=07970 t=797.000000 t_real=8.884892e+02 s <x_B_tot>=1.210356e-01 vf_precip_indicator=9.401399e-02 vf_precip_h=9.412643e-02 R_avg=6.405323e+00 xB_range=[0.0284, 0.0315] Meff_range=[2.8607e-02, 3.0546e+00] t_wall=2026-03-18 22:41:51
[3D] step=07980 t=798.000000 t_real=8.896040e+02 s <x_B_tot>=1.210356e-01 vf_precip_indicator=9.401327e-02 vf_precip_h=9.412653e-02 R_avg=6.405375e+00 xB_range=[0.0284, 0.0315] Meff_range=[2.8607e-02, 3.0546e+00] t_wall=2026-03-18 22:42:03
[3D] step=07990 t=799.000000 t_real=8.907188e+02 s <x_B_tot>=1.210357e-01 vf_precip_indicator=9.401417e-02 vf_precip_h=9.412663e-02 R_avg=6.405899e+00 xB_range=[0.0284, 0.0315] Meff_range=[2.8607e-02, 3.0546e+00] t_wall=2026-03-18 22:42:16
[3D] step=08000 t=800.000000 t_real=8.918336e+02 s <x_B_tot>=1.210357e-01 vf_precip_indicator=9.401411e-02 vf_precip_h=9.412672e-02 R_avg=6.405967e+00 xB_range=[0.0284, 0.0315] Meff_range=[2.8607e-02, 3.0546e+00] t_wall=2026-03-18 22:42:28
[3D] step=08010 t=801.000000 t_real=8.929484e+02 s <x_B_tot>=1.210358e-01 vf_precip_indicator=9.401488e-02 vf_precip_h=9.412682e-02 R_avg=6.406670e+00 xB_range=[0.0284, 0.0315] Meff_range=[2.8606e-02, 3.0546e+00] t_wall=2026-03-18 22:42:41
[3D] step=08020 t=802.000000 t_real=8.940632e+02 s <x_B_tot>=1.210358e-01 vf_precip_indicator=9.401637e-02 vf_precip_h=9.412692e-02 R_avg=6.406425e+00 xB_range=[0.0284, 0.0315] Meff_range=[2.8606e-02, 3.0546e+00] t_wall=2026-03-18 22:42:53
[3D] step=08030 t=803.000000 t_real=8.951780e+02 s <x_B_tot>=1.210359e-01 vf_precip_indicator=9.402084e-02 vf_precip_h=9.412701e-02 R_avg=6.406860e+00 xB_range=[0.0284, 0.0315] Meff_range=[2.8606e-02, 3.0546e+00] t_wall=2026-03-18 22:43:06
[3D] step=08040 t=804.000000 t_real=8.962928e+02 s <x_B_tot>=1.210359e-01 vf_precip_indicator=9.402072e-02 vf_precip_h=9.412711e-02 R_avg=6.407155e+00 xB_range=[0.0284, 0.0315] Meff_range=[2.8606e-02, 3.0546e+00] t_wall=2026-03-18 22:43:18
[3D] step=08050 t=805.000000 t_real=8.974076e+02 s <x_B_tot>=1.210360e-01 vf_precip_indicator=9.402204e-02 vf_precip_h=9.412721e-02 R_avg=6.407100e+00 xB_range=[0.0284, 0.0315] Meff_range=[2.8606e-02, 3.0546e+00] t_wall=2026-03-18 22:43:30
[3D] step=08060 t=806.000000 t_real=8.985224e+02 s <x_B_tot>=1.210360e-01 vf_precip_indicator=9.402186e-02 vf_precip_h=9.412730e-02 R_avg=6.407811e+00 xB_range=[0.0284, 0.0315] Meff_range=[2.8606e-02, 3.0546e+00] t_wall=2026-03-18 22:43:43
[3D] step=08070 t=807.000000 t_real=8.996371e+02 s <x_B_tot>=1.210361e-01 vf_precip_indicator=9.402305e-02 vf_precip_h=9.412740e-02 R_avg=6.407762e+00 xB_range=[0.0284, 0.0315] Meff_range=[2.8606e-02, 3.0546e+00] t_wall=2026-03-18 22:43:55
[3D] step=08080 t=808.000000 t_real=9.007519e+02 s <x_B_tot>=1.210361e-01 vf_precip_indicator=9.402442e-02 vf_precip_h=9.412750e-02 R_avg=6.408014e+00 xB_range=[0.0284, 0.0315] Meff_range=[2.8606e-02, 3.0546e+00] t_wall=2026-03-18 22:44:08
[3D] step=08090 t=809.000000 t_real=9.018667e+02 s <x_B_tot>=1.210362e-01 vf_precip_indicator=9.402466e-02 vf_precip_h=9.412759e-02 R_avg=6.408855e+00 xB_range=[0.0284, 0.0315] Meff_range=[2.8606e-02, 3.0546e+00] t_wall=2026-03-18 22:44:20
[3D] step=08100 t=810.000000 t_real=9.029815e+02 s <x_B_tot>=1.210362e-01 vf_precip_indicator=9.402186e-02 vf_precip_h=9.412769e-02 R_avg=6.408563e+00 xB_range=[0.0284, 0.0315] Meff_range=[2.8606e-02, 3.0545e+00] t_wall=2026-03-18 22:44:33
[3D] step=08110 t=811.000000 t_real=9.040963e+02 s <x_B_tot>=1.210362e-01 vf_precip_indicator=9.402162e-02 vf_precip_h=9.412779e-02 R_avg=6.408923e+00 xB_range=[0.0284, 0.0315] Meff_range=[2.8606e-02, 3.0545e+00] t_wall=2026-03-18 22:44:45
[3D] step=08120 t=812.000000 t_real=9.052111e+02 s <x_B_tot>=1.210363e-01 vf_precip_indicator=9.402078e-02 vf_precip_h=9.412789e-02 R_avg=6.408562e+00 xB_range=[0.0284, 0.0315] Meff_range=[2.8606e-02, 3.0545e+00] t_wall=2026-03-18 22:44:58
[3D] step=08130 t=813.000000 t_real=9.063259e+02 s <x_B_tot>=1.210363e-01 vf_precip_indicator=9.402096e-02 vf_precip_h=9.412798e-02 R_avg=6.408777e+00 xB_range=[0.0284, 0.0315] Meff_range=[2.8606e-02, 3.0545e+00] t_wall=2026-03-18 22:45:10
[3D] step=08140 t=814.000000 t_real=9.074407e+02 s <x_B_tot>=1.210364e-01 vf_precip_indicator=9.402025e-02 vf_precip_h=9.412808e-02 R_avg=6.408005e+00 xB_range=[0.0284, 0.0315] Meff_range=[2.8606e-02, 3.0545e+00] t_wall=2026-03-18 22:45:23
[3D] step=08150 t=815.000000 t_real=9.085555e+02 s <x_B_tot>=1.210364e-01 vf_precip_indicator=9.402078e-02 vf_precip_h=9.412818e-02 R_avg=6.408403e+00 xB_range=[0.0284, 0.0315] Meff_range=[2.8606e-02, 3.0545e+00] t_wall=2026-03-18 22:45:35
[3D] step=08160 t=816.000000 t_real=9.096703e+02 s <x_B_tot>=1.210365e-01 vf_precip_indicator=9.401953e-02 vf_precip_h=9.412827e-02 R_avg=6.407898e+00 xB_range=[0.0284, 0.0315] Meff_range=[2.8605e-02, 3.0545e+00] t_wall=2026-03-18 22:45:47
[3D] step=08170 t=817.000000 t_real=9.107851e+02 s <x_B_tot>=1.210365e-01 vf_precip_indicator=9.401584e-02 vf_precip_h=9.412837e-02 R_avg=6.407400e+00 xB_range=[0.0284, 0.0315] Meff_range=[2.8605e-02, 3.0545e+00] t_wall=2026-03-18 22:46:00
[3D] step=08180 t=818.000000 t_real=9.118999e+02 s <x_B_tot>=1.210366e-01 vf_precip_indicator=9.401649e-02 vf_precip_h=9.412847e-02 R_avg=6.407503e+00 xB_range=[0.0284, 0.0315] Meff_range=[2.8605e-02, 3.0545e+00] t_wall=2026-03-18 22:46:12
[3D] step=08190 t=819.000000 t_real=9.130146e+02 s <x_B_tot>=1.210366e-01 vf_precip_indicator=9.401733e-02 vf_precip_h=9.412856e-02 R_avg=6.407965e+00 xB_range=[0.0284, 0.0315] Meff_range=[2.8605e-02, 3.0545e+00] t_wall=2026-03-18 22:46:25
[3D] step=08200 t=820.000000 t_real=9.141294e+02 s <x_B_tot>=1.210367e-01 vf_precip_indicator=9.401643e-02 vf_precip_h=9.412866e-02 R_avg=6.408801e+00 xB_range=[0.0284, 0.0315] Meff_range=[2.8605e-02, 3.0545e+00] t_wall=2026-03-18 22:46:37
[3D] step=08210 t=821.000000 t_real=9.152442e+02 s <x_B_tot>=1.210367e-01 vf_precip_indicator=9.401786e-02 vf_precip_h=9.412876e-02 R_avg=6.409520e+00 xB_range=[0.0284, 0.0315] Meff_range=[2.8605e-02, 3.0545e+00] t_wall=2026-03-18 22:46:50
[3D] step=08220 t=822.000000 t_real=9.163590e+02 s <x_B_tot>=1.210368e-01 vf_precip_indicator=9.401870e-02 vf_precip_h=9.412886e-02 R_avg=6.409924e+00 xB_range=[0.0284, 0.0315] Meff_range=[2.8605e-02, 3.0545e+00] t_wall=2026-03-18 22:47:02
[3D] step=08230 t=823.000000 t_real=9.174738e+02 s <x_B_tot>=1.210368e-01 vf_precip_indicator=9.401852e-02 vf_precip_h=9.412895e-02 R_avg=6.410231e+00 xB_range=[0.0284, 0.0315] Meff_range=[2.8605e-02, 3.0545e+00] t_wall=2026-03-18 22:47:15
[3D] step=08240 t=824.000000 t_real=9.185886e+02 s <x_B_tot>=1.210369e-01 vf_precip_indicator=9.402227e-02 vf_precip_h=9.412905e-02 R_avg=6.411572e+00 xB_range=[0.0284, 0.0315] Meff_range=[2.8605e-02, 3.0545e+00] t_wall=2026-03-18 22:47:27
[3D] step=08250 t=825.000000 t_real=9.197034e+02 s <x_B_tot>=1.210369e-01 vf_precip_indicator=9.402156e-02 vf_precip_h=9.412915e-02 R_avg=6.411639e+00 xB_range=[0.0284, 0.0315] Meff_range=[2.8605e-02, 3.0545e+00] t_wall=2026-03-18 22:47:39
[3D] step=08260 t=826.000000 t_real=9.208182e+02 s <x_B_tot>=1.210370e-01 vf_precip_indicator=9.401876e-02 vf_precip_h=9.412925e-02 R_avg=6.412172e+00 xB_range=[0.0284, 0.0315] Meff_range=[2.8605e-02, 3.0545e+00] t_wall=2026-03-18 22:47:52
[3D] step=08270 t=827.000000 t_real=9.219330e+02 s <x_B_tot>=1.210370e-01 vf_precip_indicator=9.402174e-02 vf_precip_h=9.412934e-02 R_avg=6.411594e+00 xB_range=[0.0284, 0.0315] Meff_range=[2.8605e-02, 3.0545e+00] t_wall=2026-03-18 22:48:04
[3D] step=08280 t=828.000000 t_real=9.230478e+02 s <x_B_tot>=1.210370e-01 vf_precip_indicator=9.402156e-02 vf_precip_h=9.412944e-02 R_avg=6.412016e+00 xB_range=[0.0284, 0.0315] Meff_range=[2.8605e-02, 3.0545e+00] t_wall=2026-03-18 22:48:17
[3D] step=08290 t=829.000000 t_real=9.241626e+02 s <x_B_tot>=1.210371e-01 vf_precip_indicator=9.402180e-02 vf_precip_h=9.412954e-02 R_avg=6.412148e+00 xB_range=[0.0284, 0.0315] Meff_range=[2.8605e-02, 3.0545e+00] t_wall=2026-03-18 22:48:29
[3D] step=08300 t=830.000000 t_real=9.252774e+02 s <x_B_tot>=1.210371e-01 vf_precip_indicator=9.402102e-02 vf_precip_h=9.412964e-02 R_avg=6.411719e+00 xB_range=[0.0284, 0.0315] Meff_range=[2.8605e-02, 3.0545e+00] t_wall=2026-03-18 22:48:42
[3D] step=08310 t=831.000000 t_real=9.263922e+02 s <x_B_tot>=1.210372e-01 vf_precip_indicator=9.402257e-02 vf_precip_h=9.412973e-02 R_avg=6.411564e+00 xB_range=[0.0284, 0.0315] Meff_range=[2.8604e-02, 3.0545e+00] t_wall=2026-03-18 22:48:54
[3D] step=08320 t=832.000000 t_real=9.275069e+02 s <x_B_tot>=1.210372e-01 vf_precip_indicator=9.402347e-02 vf_precip_h=9.412983e-02 R_avg=6.412088e+00 xB_range=[0.0284, 0.0315] Meff_range=[2.8604e-02, 3.0545e+00] t_wall=2026-03-18 22:49:07
[3D] step=08330 t=833.000000 t_real=9.286217e+02 s <x_B_tot>=1.210373e-01 vf_precip_indicator=9.402323e-02 vf_precip_h=9.412993e-02 R_avg=6.411579e+00 xB_range=[0.0284, 0.0315] Meff_range=[2.8604e-02, 3.0544e+00] t_wall=2026-03-18 22:49:19
[3D] step=08340 t=834.000000 t_real=9.297365e+02 s <x_B_tot>=1.210373e-01 vf_precip_indicator=9.402454e-02 vf_precip_h=9.413003e-02 R_avg=6.411408e+00 xB_range=[0.0284, 0.0315] Meff_range=[2.8604e-02, 3.0544e+00] t_wall=2026-03-18 22:49:32
[3D] step=08350 t=835.000000 t_real=9.308513e+02 s <x_B_tot>=1.210374e-01 vf_precip_indicator=9.402305e-02 vf_precip_h=9.413012e-02 R_avg=6.411611e+00 xB_range=[0.0284, 0.0315] Meff_range=[2.8604e-02, 3.0544e+00] t_wall=2026-03-18 22:49:44
[3D] step=08360 t=836.000000 t_real=9.319661e+02 s <x_B_tot>=1.210374e-01 vf_precip_indicator=9.402335e-02 vf_precip_h=9.413022e-02 R_avg=6.411906e+00 xB_range=[0.0284, 0.0315] Meff_range=[2.8604e-02, 3.0544e+00] t_wall=2026-03-18 22:49:56
[3D] step=08370 t=837.000000 t_real=9.330809e+02 s <x_B_tot>=1.210375e-01 vf_precip_indicator=9.402186e-02 vf_precip_h=9.413032e-02 R_avg=6.411544e+00 xB_range=[0.0284, 0.0315] Meff_range=[2.8604e-02, 3.0544e+00] t_wall=2026-03-18 22:50:09
[3D] step=08380 t=838.000000 t_real=9.341957e+02 s <x_B_tot>=1.210375e-01 vf_precip_indicator=9.402037e-02 vf_precip_h=9.413042e-02 R_avg=6.411008e+00 xB_range=[0.0284, 0.0315] Meff_range=[2.8604e-02, 3.0544e+00] t_wall=2026-03-18 22:50:21
[3D] step=08390 t=839.000000 t_real=9.353105e+02 s <x_B_tot>=1.210376e-01 vf_precip_indicator=9.401888e-02 vf_precip_h=9.413052e-02 R_avg=6.411297e+00 xB_range=[0.0284, 0.0315] Meff_range=[2.8604e-02, 3.0544e+00] t_wall=2026-03-18 22:50:34
[3D] step=08400 t=840.000000 t_real=9.364253e+02 s <x_B_tot>=1.210376e-01 vf_precip_indicator=9.401822e-02 vf_precip_h=9.413061e-02 R_avg=6.412092e+00 xB_range=[0.0284, 0.0315] Meff_range=[2.8604e-02, 3.0544e+00] t_wall=2026-03-18 22:50:46
[3D] step=08410 t=841.000000 t_real=9.375401e+02 s <x_B_tot>=1.210377e-01 vf_precip_indicator=9.401685e-02 vf_precip_h=9.413071e-02 R_avg=6.412636e+00 xB_range=[0.0284, 0.0315] Meff_range=[2.8604e-02, 3.0544e+00] t_wall=2026-03-18 22:50:59
[3D] step=08420 t=842.000000 t_real=9.386549e+02 s <x_B_tot>=1.210377e-01 vf_precip_indicator=9.401602e-02 vf_precip_h=9.413081e-02 R_avg=6.413318e+00 xB_range=[0.0284, 0.0315] Meff_range=[2.8604e-02, 3.0544e+00] t_wall=2026-03-18 22:51:11
[3D] step=08430 t=843.000000 t_real=9.397697e+02 s <x_B_tot>=1.210378e-01 vf_precip_indicator=9.401721e-02 vf_precip_h=9.413091e-02 R_avg=6.413892e+00 xB_range=[0.0284, 0.0315] Meff_range=[2.8604e-02, 3.0544e+00] t_wall=2026-03-18 22:51:24
[3D] step=08440 t=844.000000 t_real=9.408844e+02 s <x_B_tot>=1.210378e-01 vf_precip_indicator=9.401613e-02 vf_precip_h=9.413101e-02 R_avg=6.414007e+00 xB_range=[0.0284, 0.0315] Meff_range=[2.8604e-02, 3.0544e+00] t_wall=2026-03-18 22:51:36
[3D] step=08450 t=845.000000 t_real=9.419992e+02 s <x_B_tot>=1.210379e-01 vf_precip_indicator=9.401560e-02 vf_precip_h=9.413110e-02 R_avg=6.414535e+00 xB_range=[0.0284, 0.0315] Meff_range=[2.8603e-02, 3.0544e+00] t_wall=2026-03-18 22:51:49
[3D] step=08460 t=846.000000 t_real=9.431140e+02 s <x_B_tot>=1.210379e-01 vf_precip_indicator=9.401613e-02 vf_precip_h=9.413120e-02 R_avg=6.413876e+00 xB_range=[0.0284, 0.0315] Meff_range=[2.8603e-02, 3.0544e+00] t_wall=2026-03-18 22:52:01
[3D] step=08470 t=847.000000 t_real=9.442288e+02 s <x_B_tot>=1.210380e-01 vf_precip_indicator=9.401721e-02 vf_precip_h=9.413130e-02 R_avg=6.414848e+00 xB_range=[0.0284, 0.0315] Meff_range=[2.8603e-02, 3.0544e+00] t_wall=2026-03-18 22:52:13
[3D] step=08480 t=848.000000 t_real=9.453436e+02 s <x_B_tot>=1.210380e-01 vf_precip_indicator=9.401685e-02 vf_precip_h=9.413140e-02 R_avg=6.415201e+00 xB_range=[0.0284, 0.0315] Meff_range=[2.8603e-02, 3.0543e+00] t_wall=2026-03-18 22:52:26
[3D] step=08490 t=849.000000 t_real=9.464584e+02 s <x_B_tot>=1.210380e-01 vf_precip_indicator=9.401792e-02 vf_precip_h=9.413150e-02 R_avg=6.415433e+00 xB_range=[0.0284, 0.0315] Meff_range=[2.8603e-02, 3.0543e+00] t_wall=2026-03-18 22:52:38
[3D] step=08500 t=850.000000 t_real=9.475732e+02 s <x_B_tot>=1.210381e-01 vf_precip_indicator=9.401733e-02 vf_precip_h=9.413159e-02 R_avg=6.415088e+00 xB_range=[0.0284, 0.0315] Meff_range=[2.8603e-02, 3.0543e+00] t_wall=2026-03-18 22:52:51
[3D] step=08510 t=851.000000 t_real=9.486880e+02 s <x_B_tot>=1.210381e-01 vf_precip_indicator=9.401757e-02 vf_precip_h=9.413169e-02 R_avg=6.414409e+00 xB_range=[0.0284, 0.0315] Meff_range=[2.8603e-02, 3.0543e+00] t_wall=2026-03-18 22:53:03
[3D] step=08520 t=852.000000 t_real=9.498028e+02 s <x_B_tot>=1.210382e-01 vf_precip_indicator=9.401858e-02 vf_precip_h=9.413179e-02 R_avg=6.414087e+00 xB_range=[0.0284, 0.0315] Meff_range=[2.8603e-02, 3.0543e+00] t_wall=2026-03-18 22:53:16
[3D] step=08530 t=853.000000 t_real=9.509176e+02 s <x_B_tot>=1.210382e-01 vf_precip_indicator=9.402066e-02 vf_precip_h=9.413189e-02 R_avg=6.414838e+00 xB_range=[0.0284, 0.0315] Meff_range=[2.8603e-02, 3.0543e+00] t_wall=2026-03-18 22:53:28
[3D] step=08540 t=854.000000 t_real=9.520324e+02 s <x_B_tot>=1.210383e-01 vf_precip_indicator=9.401983e-02 vf_precip_h=9.413199e-02 R_avg=6.414288e+00 xB_range=[0.0284, 0.0315] Meff_range=[2.8603e-02, 3.0543e+00] t_wall=2026-03-18 22:53:41
[3D] step=08550 t=855.000000 t_real=9.531472e+02 s <x_B_tot>=1.210383e-01 vf_precip_indicator=9.402043e-02 vf_precip_h=9.413209e-02 R_avg=6.414488e+00 xB_range=[0.0284, 0.0315] Meff_range=[2.8603e-02, 3.0543e+00] t_wall=2026-03-18 22:53:53
[3D] step=08560 t=856.000000 t_real=9.542620e+02 s <x_B_tot>=1.210384e-01 vf_precip_indicator=9.402132e-02 vf_precip_h=9.413218e-02 R_avg=6.414361e+00 xB_range=[0.0284, 0.0315] Meff_range=[2.8603e-02, 3.0543e+00] t_wall=2026-03-18 22:54:05
[3D] step=08570 t=857.000000 t_real=9.553767e+02 s <x_B_tot>=1.210384e-01 vf_precip_indicator=9.402084e-02 vf_precip_h=9.413228e-02 R_avg=6.414328e+00 xB_range=[0.0284, 0.0315] Meff_range=[2.8603e-02, 3.0543e+00] t_wall=2026-03-18 22:54:18
[3D] step=08580 t=858.000000 t_real=9.564915e+02 s <x_B_tot>=1.210385e-01 vf_precip_indicator=9.402198e-02 vf_precip_h=9.413238e-02 R_avg=6.414623e+00 xB_range=[0.0284, 0.0315] Meff_range=[2.8603e-02, 3.0543e+00] t_wall=2026-03-18 22:54:30
[3D] step=08590 t=859.000000 t_real=9.576063e+02 s <x_B_tot>=1.210385e-01 vf_precip_indicator=9.402055e-02 vf_precip_h=9.413248e-02 R_avg=6.415134e+00 xB_range=[0.0284, 0.0315] Meff_range=[2.8603e-02, 3.0543e+00] t_wall=2026-03-18 22:54:43
[3D] step=08600 t=860.000000 t_real=9.587211e+02 s <x_B_tot>=1.210386e-01 vf_precip_indicator=9.402078e-02 vf_precip_h=9.413258e-02 R_avg=6.415136e+00 xB_range=[0.0284, 0.0315] Meff_range=[2.8602e-02, 3.0543e+00] t_wall=2026-03-18 22:54:55
[3D] step=08610 t=861.000000 t_real=9.598359e+02 s <x_B_tot>=1.210386e-01 vf_precip_indicator=9.401977e-02 vf_precip_h=9.413268e-02 R_avg=6.415284e+00 xB_range=[0.0284, 0.0315] Meff_range=[2.8602e-02, 3.0542e+00] t_wall=2026-03-18 22:55:08
[3D] step=08620 t=862.000000 t_real=9.609507e+02 s <x_B_tot>=1.210387e-01 vf_precip_indicator=9.402108e-02 vf_precip_h=9.413277e-02 R_avg=6.415460e+00 xB_range=[0.0284, 0.0315] Meff_range=[2.8602e-02, 3.0542e+00] t_wall=2026-03-18 22:55:20
[3D] step=08630 t=863.000000 t_real=9.620655e+02 s <x_B_tot>=1.210387e-01 vf_precip_indicator=9.402174e-02 vf_precip_h=9.413287e-02 R_avg=6.415607e+00 xB_range=[0.0284, 0.0315] Meff_range=[2.8602e-02, 3.0542e+00] t_wall=2026-03-18 22:55:33
[3D] step=08640 t=864.000000 t_real=9.631803e+02 s <x_B_tot>=1.210388e-01 vf_precip_indicator=9.402031e-02 vf_precip_h=9.413297e-02 R_avg=6.415465e+00 xB_range=[0.0284, 0.0315] Meff_range=[2.8602e-02, 3.0542e+00] t_wall=2026-03-18 22:55:45
[3D] step=08650 t=865.000000 t_real=9.642951e+02 s <x_B_tot>=1.210388e-01 vf_precip_indicator=9.402168e-02 vf_precip_h=9.413307e-02 R_avg=6.415443e+00 xB_range=[0.0284, 0.0315] Meff_range=[2.8602e-02, 3.0542e+00] t_wall=2026-03-18 22:55:58
[3D] step=08660 t=866.000000 t_real=9.654099e+02 s <x_B_tot>=1.210389e-01 vf_precip_indicator=9.402090e-02 vf_precip_h=9.413317e-02 R_avg=6.415448e+00 xB_range=[0.0284, 0.0315] Meff_range=[2.8602e-02, 3.0542e+00] t_wall=2026-03-18 22:56:10
[3D] step=08670 t=867.000000 t_real=9.665247e+02 s <x_B_tot>=1.210389e-01 vf_precip_indicator=9.402245e-02 vf_precip_h=9.413327e-02 R_avg=6.415916e+00 xB_range=[0.0284, 0.0315] Meff_range=[2.8602e-02, 3.0542e+00] t_wall=2026-03-18 22:56:22
[3D] step=08680 t=868.000000 t_real=9.676395e+02 s <x_B_tot>=1.210390e-01 vf_precip_indicator=9.401941e-02 vf_precip_h=9.413337e-02 R_avg=6.416057e+00 xB_range=[0.0284, 0.0315] Meff_range=[2.8602e-02, 3.0542e+00] t_wall=2026-03-18 22:56:35
[3D] step=08690 t=869.000000 t_real=9.687542e+02 s <x_B_tot>=1.210390e-01 vf_precip_indicator=9.402013e-02 vf_precip_h=9.413347e-02 R_avg=6.416671e+00 xB_range=[0.0284, 0.0315] Meff_range=[2.8602e-02, 3.0542e+00] t_wall=2026-03-18 22:56:47
[3D] step=08700 t=870.000000 t_real=9.698690e+02 s <x_B_tot>=1.210391e-01 vf_precip_indicator=9.402043e-02 vf_precip_h=9.413356e-02 R_avg=6.417214e+00 xB_range=[0.0284, 0.0315] Meff_range=[2.8602e-02, 3.0542e+00] t_wall=2026-03-18 22:57:00
[3D] step=08710 t=871.000000 t_real=9.709838e+02 s <x_B_tot>=1.210391e-01 vf_precip_indicator=9.402066e-02 vf_precip_h=9.413366e-02 R_avg=6.417636e+00 xB_range=[0.0284, 0.0315] Meff_range=[2.8602e-02, 3.0542e+00] t_wall=2026-03-18 22:57:12
[3D] step=08720 t=872.000000 t_real=9.720986e+02 s <x_B_tot>=1.210391e-01 vf_precip_indicator=9.402245e-02 vf_precip_h=9.413376e-02 R_avg=6.417265e+00 xB_range=[0.0284, 0.0315] Meff_range=[2.8602e-02, 3.0541e+00] t_wall=2026-03-18 22:57:25
[3D] step=08730 t=873.000000 t_real=9.732134e+02 s <x_B_tot>=1.210392e-01 vf_precip_indicator=9.402317e-02 vf_precip_h=9.413386e-02 R_avg=6.417154e+00 xB_range=[0.0284, 0.0315] Meff_range=[2.8602e-02, 3.0541e+00] t_wall=2026-03-18 22:57:37
[3D] step=08740 t=874.000000 t_real=9.743282e+02 s <x_B_tot>=1.210392e-01 vf_precip_indicator=9.402299e-02 vf_precip_h=9.413396e-02 R_avg=6.417664e+00 xB_range=[0.0284, 0.0315] Meff_range=[2.8602e-02, 3.0541e+00] t_wall=2026-03-18 22:57:50
[3D] step=08750 t=875.000000 t_real=9.754430e+02 s <x_B_tot>=1.210393e-01 vf_precip_indicator=9.402382e-02 vf_precip_h=9.413406e-02 R_avg=6.418229e+00 xB_range=[0.0284, 0.0315] Meff_range=[2.8601e-02, 3.0541e+00] t_wall=2026-03-18 22:58:02
[3D] step=08760 t=876.000000 t_real=9.765578e+02 s <x_B_tot>=1.210393e-01 vf_precip_indicator=9.402400e-02 vf_precip_h=9.413416e-02 R_avg=6.418459e+00 xB_range=[0.0284, 0.0315] Meff_range=[2.8601e-02, 3.0541e+00] t_wall=2026-03-18 22:58:15
[3D] step=08770 t=877.000000 t_real=9.776726e+02 s <x_B_tot>=1.210394e-01 vf_precip_indicator=9.402335e-02 vf_precip_h=9.413426e-02 R_avg=6.418965e+00 xB_range=[0.0284, 0.0315] Meff_range=[2.8601e-02, 3.0541e+00] t_wall=2026-03-18 22:58:27
[3D] step=08780 t=878.000000 t_real=9.787874e+02 s <x_B_tot>=1.210394e-01 vf_precip_indicator=9.402353e-02 vf_precip_h=9.413436e-02 R_avg=6.419398e+00 xB_range=[0.0284, 0.0315] Meff_range=[2.8601e-02, 3.0541e+00] t_wall=2026-03-18 22:58:39
[3D] step=08790 t=879.000000 t_real=9.799022e+02 s <x_B_tot>=1.210395e-01 vf_precip_indicator=9.402341e-02 vf_precip_h=9.413445e-02 R_avg=6.419680e+00 xB_range=[0.0284, 0.0315] Meff_range=[2.8601e-02, 3.0541e+00] t_wall=2026-03-18 22:58:52
[3D] step=08800 t=880.000000 t_real=9.810170e+02 s <x_B_tot>=1.210395e-01 vf_precip_indicator=9.402430e-02 vf_precip_h=9.413455e-02 R_avg=6.420830e+00 xB_range=[0.0284, 0.0315] Meff_range=[2.8601e-02, 3.0541e+00] t_wall=2026-03-18 22:59:04
[3D] step=08810 t=881.000000 t_real=9.821318e+02 s <x_B_tot>=1.210396e-01 vf_precip_indicator=9.402508e-02 vf_precip_h=9.413465e-02 R_avg=6.420535e+00 xB_range=[0.0284, 0.0315] Meff_range=[2.8601e-02, 3.0541e+00] t_wall=2026-03-18 22:59:17
[3D] step=08820 t=882.000000 t_real=9.832465e+02 s <x_B_tot>=1.210396e-01 vf_precip_indicator=9.402627e-02 vf_precip_h=9.413475e-02 R_avg=6.420892e+00 xB_range=[0.0284, 0.0315] Meff_range=[2.8601e-02, 3.0540e+00] t_wall=2026-03-18 22:59:29
[3D] step=08830 t=883.000000 t_real=9.843613e+02 s <x_B_tot>=1.210397e-01 vf_precip_indicator=9.402686e-02 vf_precip_h=9.413485e-02 R_avg=6.421150e+00 xB_range=[0.0284, 0.0315] Meff_range=[2.8601e-02, 3.0540e+00] t_wall=2026-03-18 22:59:42
[3D] step=08840 t=884.000000 t_real=9.854761e+02 s <x_B_tot>=1.210397e-01 vf_precip_indicator=9.402716e-02 vf_precip_h=9.413495e-02 R_avg=6.421272e+00 xB_range=[0.0284, 0.0315] Meff_range=[2.8601e-02, 3.0540e+00] t_wall=2026-03-18 22:59:54
[3D] step=08850 t=885.000000 t_real=9.865909e+02 s <x_B_tot>=1.210398e-01 vf_precip_indicator=9.402639e-02 vf_precip_h=9.413505e-02 R_avg=6.421350e+00 xB_range=[0.0284, 0.0315] Meff_range=[2.8601e-02, 3.0540e+00] t_wall=2026-03-18 23:00:07
[3D] step=08860 t=886.000000 t_real=9.877057e+02 s <x_B_tot>=1.210398e-01 vf_precip_indicator=9.402484e-02 vf_precip_h=9.413515e-02 R_avg=6.421811e+00 xB_range=[0.0284, 0.0315] Meff_range=[2.8601e-02, 3.0540e+00] t_wall=2026-03-18 23:00:19
[3D] step=08870 t=887.000000 t_real=9.888205e+02 s <x_B_tot>=1.210399e-01 vf_precip_indicator=9.402651e-02 vf_precip_h=9.413525e-02 R_avg=6.422360e+00 xB_range=[0.0284, 0.0315] Meff_range=[2.8601e-02, 3.0540e+00] t_wall=2026-03-18 23:00:32
[3D] step=08880 t=888.000000 t_real=9.899353e+02 s <x_B_tot>=1.210399e-01 vf_precip_indicator=9.402651e-02 vf_precip_h=9.413535e-02 R_avg=6.422549e+00 xB_range=[0.0284, 0.0315] Meff_range=[2.8601e-02, 3.0540e+00] t_wall=2026-03-18 23:00:44
[3D] step=08890 t=889.000000 t_real=9.910501e+02 s <x_B_tot>=1.210400e-01 vf_precip_indicator=9.402889e-02 vf_precip_h=9.413545e-02 R_avg=6.422814e+00 xB_range=[0.0284, 0.0315] Meff_range=[2.8600e-02, 3.0540e+00] t_wall=2026-03-18 23:00:56
[3D] step=08900 t=890.000000 t_real=9.921649e+02 s <x_B_tot>=1.210400e-01 vf_precip_indicator=9.402966e-02 vf_precip_h=9.413555e-02 R_avg=6.423056e+00 xB_range=[0.0284, 0.0315] Meff_range=[2.8600e-02, 3.0540e+00] t_wall=2026-03-18 23:01:09
[3D] step=08910 t=891.000000 t_real=9.932797e+02 s <x_B_tot>=1.210401e-01 vf_precip_indicator=9.402782e-02 vf_precip_h=9.413565e-02 R_avg=6.422784e+00 xB_range=[0.0284, 0.0315] Meff_range=[2.8600e-02, 3.0540e+00] t_wall=2026-03-18 23:01:21
[3D] step=08920 t=892.000000 t_real=9.943945e+02 s <x_B_tot>=1.210401e-01 vf_precip_indicator=9.402704e-02 vf_precip_h=9.413575e-02 R_avg=6.422542e+00 xB_range=[0.0284, 0.0315] Meff_range=[2.8600e-02, 3.0539e+00] t_wall=2026-03-18 23:01:34
[3D] step=08930 t=893.000000 t_real=9.955093e+02 s <x_B_tot>=1.210402e-01 vf_precip_indicator=9.402579e-02 vf_precip_h=9.413584e-02 R_avg=6.423067e+00 xB_range=[0.0284, 0.0315] Meff_range=[2.8600e-02, 3.0539e+00] t_wall=2026-03-18 23:01:46
[3D] step=08940 t=894.000000 t_real=9.966240e+02 s <x_B_tot>=1.210402e-01 vf_precip_indicator=9.402585e-02 vf_precip_h=9.413594e-02 R_avg=6.422287e+00 xB_range=[0.0284, 0.0315] Meff_range=[2.8600e-02, 3.0539e+00] t_wall=2026-03-18 23:01:59
[3D] step=08950 t=895.000000 t_real=9.977388e+02 s <x_B_tot>=1.210403e-01 vf_precip_indicator=9.402597e-02 vf_precip_h=9.413604e-02 R_avg=6.422309e+00 xB_range=[0.0284, 0.0315] Meff_range=[2.8600e-02, 3.0539e+00] t_wall=2026-03-18 23:02:11
[3D] step=08960 t=896.000000 t_real=9.988536e+02 s <x_B_tot>=1.210403e-01 vf_precip_indicator=9.402478e-02 vf_precip_h=9.413614e-02 R_avg=6.422068e+00 xB_range=[0.0284, 0.0315] Meff_range=[2.8600e-02, 3.0539e+00] t_wall=2026-03-18 23:02:24
[3D] step=08970 t=897.000000 t_real=9.999684e+02 s <x_B_tot>=1.210404e-01 vf_precip_indicator=9.402478e-02 vf_precip_h=9.413624e-02 R_avg=6.422606e+00 xB_range=[0.0284, 0.0315] Meff_range=[2.8600e-02, 3.0539e+00] t_wall=2026-03-18 23:02:36
[3D] step=08980 t=898.000000 t_real=1.001083e+03 s <x_B_tot>=1.210404e-01 vf_precip_indicator=9.402668e-02 vf_precip_h=9.413634e-02 R_avg=6.423056e+00 xB_range=[0.0284, 0.0315] Meff_range=[2.8600e-02, 3.0539e+00] t_wall=2026-03-18 23:02:48
[3D] step=08990 t=899.000000 t_real=1.002198e+03 s <x_B_tot>=1.210405e-01 vf_precip_indicator=9.402722e-02 vf_precip_h=9.413644e-02 R_avg=6.422467e+00 xB_range=[0.0284, 0.0315] Meff_range=[2.8600e-02, 3.0539e+00] t_wall=2026-03-18 23:03:01
[3D] step=09000 t=900.000000 t_real=1.003313e+03 s <x_B_tot>=1.210405e-01 vf_precip_indicator=9.402722e-02 vf_precip_h=9.413654e-02 R_avg=6.421988e+00 xB_range=[0.0284, 0.0315] Meff_range=[2.8600e-02, 3.0539e+00] t_wall=2026-03-18 23:03:13
[3D] step=09010 t=901.000000 t_real=1.004428e+03 s <x_B_tot>=1.210405e-01 vf_precip_indicator=9.402686e-02 vf_precip_h=9.413664e-02 R_avg=6.420613e+00 xB_range=[0.0284, 0.0315] Meff_range=[2.8600e-02, 3.0538e+00] t_wall=2026-03-18 23:03:26
[3D] step=09020 t=902.000000 t_real=1.005542e+03 s <x_B_tot>=1.210406e-01 vf_precip_indicator=9.402645e-02 vf_precip_h=9.413674e-02 R_avg=6.420962e+00 xB_range=[0.0284, 0.0315] Meff_range=[2.8600e-02, 3.0538e+00] t_wall=2026-03-18 23:03:38
[3D] step=09030 t=903.000000 t_real=1.006657e+03 s <x_B_tot>=1.210406e-01 vf_precip_indicator=9.402841e-02 vf_precip_h=9.413684e-02 R_avg=6.420864e+00 xB_range=[0.0284, 0.0315] Meff_range=[2.8599e-02, 3.0538e+00] t_wall=2026-03-18 23:03:51
[3D] step=09040 t=904.000000 t_real=1.007772e+03 s <x_B_tot>=1.210407e-01 vf_precip_indicator=9.402972e-02 vf_precip_h=9.413694e-02 R_avg=6.420184e+00 xB_range=[0.0284, 0.0315] Meff_range=[2.8599e-02, 3.0538e+00] t_wall=2026-03-18 23:04:03
[3D] step=09050 t=905.000000 t_real=1.008887e+03 s <x_B_tot>=1.210407e-01 vf_precip_indicator=9.403092e-02 vf_precip_h=9.413704e-02 R_avg=6.420701e+00 xB_range=[0.0284, 0.0315] Meff_range=[2.8599e-02, 3.0538e+00] t_wall=2026-03-18 23:04:16
[3D] step=09060 t=906.000000 t_real=1.010002e+03 s <x_B_tot>=1.210408e-01 vf_precip_indicator=9.402871e-02 vf_precip_h=9.413714e-02 R_avg=6.421378e+00 xB_range=[0.0284, 0.0315] Meff_range=[2.8599e-02, 3.0538e+00] t_wall=2026-03-18 23:04:28
[3D] step=09070 t=907.000000 t_real=1.011116e+03 s <x_B_tot>=1.210408e-01 vf_precip_indicator=9.402937e-02 vf_precip_h=9.413724e-02 R_avg=6.421510e+00 xB_range=[0.0284, 0.0315] Meff_range=[2.8599e-02, 3.0538e+00] t_wall=2026-03-18 23:04:41
[3D] step=09080 t=908.000000 t_real=1.012231e+03 s <x_B_tot>=1.210409e-01 vf_precip_indicator=9.402817e-02 vf_precip_h=9.413734e-02 R_avg=6.421719e+00 xB_range=[0.0284, 0.0315] Meff_range=[2.8599e-02, 3.0538e+00] t_wall=2026-03-18 23:04:53
[3D] step=09090 t=909.000000 t_real=1.013346e+03 s <x_B_tot>=1.210409e-01 vf_precip_indicator=9.403014e-02 vf_precip_h=9.413744e-02 R_avg=6.422289e+00 xB_range=[0.0284, 0.0315] Meff_range=[2.8599e-02, 3.0537e+00] t_wall=2026-03-18 23:05:05
[3D] step=09100 t=910.000000 t_real=1.014461e+03 s <x_B_tot>=1.210410e-01 vf_precip_indicator=9.402913e-02 vf_precip_h=9.413754e-02 R_avg=6.422002e+00 xB_range=[0.0284, 0.0315] Meff_range=[2.8599e-02, 3.0537e+00] t_wall=2026-03-18 23:05:18
[3D] step=09110 t=911.000000 t_real=1.015576e+03 s <x_B_tot>=1.210410e-01 vf_precip_indicator=9.402788e-02 vf_precip_h=9.413764e-02 R_avg=6.422106e+00 xB_range=[0.0284, 0.0315] Meff_range=[2.8599e-02, 3.0537e+00] t_wall=2026-03-18 23:05:30
[3D] step=09120 t=912.000000 t_real=1.016690e+03 s <x_B_tot>=1.210411e-01 vf_precip_indicator=9.402823e-02 vf_precip_h=9.413774e-02 R_avg=6.421651e+00 xB_range=[0.0284, 0.0315] Meff_range=[2.8599e-02, 3.0537e+00] t_wall=2026-03-18 23:05:43
[3D] step=09130 t=913.000000 t_real=1.017805e+03 s <x_B_tot>=1.210411e-01 vf_precip_indicator=9.402740e-02 vf_precip_h=9.413784e-02 R_avg=6.421463e+00 xB_range=[0.0284, 0.0315] Meff_range=[2.8599e-02, 3.0537e+00] t_wall=2026-03-18 23:05:55
[3D] step=09140 t=914.000000 t_real=1.018920e+03 s <x_B_tot>=1.210412e-01 vf_precip_indicator=9.402567e-02 vf_precip_h=9.413794e-02 R_avg=6.421258e+00 xB_range=[0.0284, 0.0315] Meff_range=[2.8599e-02, 3.0537e+00] t_wall=2026-03-18 23:06:08
[3D] step=09150 t=915.000000 t_real=1.020035e+03 s <x_B_tot>=1.210412e-01 vf_precip_indicator=9.402543e-02 vf_precip_h=9.413804e-02 R_avg=6.421445e+00 xB_range=[0.0284, 0.0315] Meff_range=[2.8599e-02, 3.0537e+00] t_wall=2026-03-18 23:06:20
[3D] step=09160 t=916.000000 t_real=1.021149e+03 s <x_B_tot>=1.210413e-01 vf_precip_indicator=9.402603e-02 vf_precip_h=9.413814e-02 R_avg=6.420774e+00 xB_range=[0.0284, 0.0315] Meff_range=[2.8599e-02, 3.0537e+00] t_wall=2026-03-18 23:06:33
[3D] step=09170 t=917.000000 t_real=1.022264e+03 s <x_B_tot>=1.210413e-01 vf_precip_indicator=9.402782e-02 vf_precip_h=9.413824e-02 R_avg=6.420562e+00 xB_range=[0.0284, 0.0315] Meff_range=[2.8599e-02, 3.0537e+00] t_wall=2026-03-18 23:06:45
[3D] step=09180 t=918.000000 t_real=1.023379e+03 s <x_B_tot>=1.210414e-01 vf_precip_indicator=9.402835e-02 vf_precip_h=9.413834e-02 R_avg=6.420250e+00 xB_range=[0.0284, 0.0315] Meff_range=[2.8598e-02, 3.0537e+00] t_wall=2026-03-18 23:06:58
[3D] step=09190 t=919.000000 t_real=1.024494e+03 s <x_B_tot>=1.210414e-01 vf_precip_indicator=9.402782e-02 vf_precip_h=9.413844e-02 R_avg=6.419880e+00 xB_range=[0.0284, 0.0315] Meff_range=[2.8598e-02, 3.0537e+00] t_wall=2026-03-18 23:07:10
[3D] step=09200 t=920.000000 t_real=1.025609e+03 s <x_B_tot>=1.210415e-01 vf_precip_indicator=9.403098e-02 vf_precip_h=9.413854e-02 R_avg=6.420662e+00 xB_range=[0.0284, 0.0315] Meff_range=[2.8598e-02, 3.0537e+00] t_wall=2026-03-18 23:07:22
[3D] step=09210 t=921.000000 t_real=1.026723e+03 s <x_B_tot>=1.210415e-01 vf_precip_indicator=9.403187e-02 vf_precip_h=9.413864e-02 R_avg=6.420534e+00 xB_range=[0.0284, 0.0315] Meff_range=[2.8598e-02, 3.0537e+00] t_wall=2026-03-18 23:07:35
[3D] step=09220 t=922.000000 t_real=1.027838e+03 s <x_B_tot>=1.210416e-01 vf_precip_indicator=9.403116e-02 vf_precip_h=9.413874e-02 R_avg=6.420993e+00 xB_range=[0.0284, 0.0315] Meff_range=[2.8598e-02, 3.0537e+00] t_wall=2026-03-18 23:07:47
[3D] step=09230 t=923.000000 t_real=1.028953e+03 s <x_B_tot>=1.210416e-01 vf_precip_indicator=9.403151e-02 vf_precip_h=9.413884e-02 R_avg=6.421570e+00 xB_range=[0.0284, 0.0315] Meff_range=[2.8598e-02, 3.0537e+00] t_wall=2026-03-18 23:08:00
[3D] step=09240 t=924.000000 t_real=1.030068e+03 s <x_B_tot>=1.210417e-01 vf_precip_indicator=9.402990e-02 vf_precip_h=9.413894e-02 R_avg=6.421431e+00 xB_range=[0.0284, 0.0315] Meff_range=[2.8598e-02, 3.0537e+00] t_wall=2026-03-18 23:08:12
[3D] step=09250 t=925.000000 t_real=1.031183e+03 s <x_B_tot>=1.210417e-01 vf_precip_indicator=9.403294e-02 vf_precip_h=9.413904e-02 R_avg=6.421406e+00 xB_range=[0.0284, 0.0315] Meff_range=[2.8598e-02, 3.0537e+00] t_wall=2026-03-18 23:08:25
[3D] step=09260 t=926.000000 t_real=1.032297e+03 s <x_B_tot>=1.210418e-01 vf_precip_indicator=9.403163e-02 vf_precip_h=9.413914e-02 R_avg=6.422188e+00 xB_range=[0.0284, 0.0315] Meff_range=[2.8598e-02, 3.0536e+00] t_wall=2026-03-18 23:08:37
[3D] step=09270 t=927.000000 t_real=1.033412e+03 s <x_B_tot>=1.210418e-01 vf_precip_indicator=9.403247e-02 vf_precip_h=9.413924e-02 R_avg=6.421330e+00 xB_range=[0.0284, 0.0315] Meff_range=[2.8598e-02, 3.0536e+00] t_wall=2026-03-18 23:08:50
[3D] step=09280 t=928.000000 t_real=1.034527e+03 s <x_B_tot>=1.210419e-01 vf_precip_indicator=9.403342e-02 vf_precip_h=9.413934e-02 R_avg=6.421816e+00 xB_range=[0.0284, 0.0315] Meff_range=[2.8598e-02, 3.0536e+00] t_wall=2026-03-18 23:09:02
[3D] step=09290 t=929.000000 t_real=1.035642e+03 s <x_B_tot>=1.210419e-01 vf_precip_indicator=9.403425e-02 vf_precip_h=9.413944e-02 R_avg=6.422338e+00 xB_range=[0.0284, 0.0315] Meff_range=[2.8598e-02, 3.0536e+00] t_wall=2026-03-18 23:09:15
[3D] step=09300 t=930.000000 t_real=1.036757e+03 s <x_B_tot>=1.210420e-01 vf_precip_indicator=9.403265e-02 vf_precip_h=9.413954e-02 R_avg=6.422591e+00 xB_range=[0.0284, 0.0315] Meff_range=[2.8598e-02, 3.0536e+00] t_wall=2026-03-18 23:09:27
[3D] step=09310 t=931.000000 t_real=1.037871e+03 s <x_B_tot>=1.210420e-01 vf_precip_indicator=9.403145e-02 vf_precip_h=9.413964e-02 R_avg=6.422335e+00 xB_range=[0.0284, 0.0315] Meff_range=[2.8598e-02, 3.0536e+00] t_wall=2026-03-18 23:09:39
[3D] step=09320 t=932.000000 t_real=1.038986e+03 s <x_B_tot>=1.210421e-01 vf_precip_indicator=9.403002e-02 vf_precip_h=9.413975e-02 R_avg=6.422339e+00 xB_range=[0.0284, 0.0315] Meff_range=[2.8597e-02, 3.0536e+00] t_wall=2026-03-18 23:09:52
[3D] step=09330 t=933.000000 t_real=1.040101e+03 s <x_B_tot>=1.210421e-01 vf_precip_indicator=9.402901e-02 vf_precip_h=9.413985e-02 R_avg=6.422241e+00 xB_range=[0.0284, 0.0315] Meff_range=[2.8597e-02, 3.0536e+00] t_wall=2026-03-18 23:10:04
[3D] step=09340 t=934.000000 t_real=1.041216e+03 s <x_B_tot>=1.210422e-01 vf_precip_indicator=9.402639e-02 vf_precip_h=9.413995e-02 R_avg=6.420929e+00 xB_range=[0.0284, 0.0315] Meff_range=[2.8597e-02, 3.0536e+00] t_wall=2026-03-18 23:10:17
[3D] step=09350 t=935.000000 t_real=1.042331e+03 s <x_B_tot>=1.210422e-01 vf_precip_indicator=9.402716e-02 vf_precip_h=9.414005e-02 R_avg=6.420924e+00 xB_range=[0.0284, 0.0315] Meff_range=[2.8597e-02, 3.0536e+00] t_wall=2026-03-18 23:10:29
[3D] step=09360 t=936.000000 t_real=1.043445e+03 s <x_B_tot>=1.210423e-01 vf_precip_indicator=9.402597e-02 vf_precip_h=9.414015e-02 R_avg=6.420523e+00 xB_range=[0.0284, 0.0315] Meff_range=[2.8597e-02, 3.0536e+00] t_wall=2026-03-18 23:10:42
[3D] step=09370 t=937.000000 t_real=1.044560e+03 s <x_B_tot>=1.210423e-01 vf_precip_indicator=9.402716e-02 vf_precip_h=9.414025e-02 R_avg=6.420663e+00 xB_range=[0.0284, 0.0315] Meff_range=[2.8597e-02, 3.0536e+00] t_wall=2026-03-18 23:10:54
[3D] step=09380 t=938.000000 t_real=1.045675e+03 s <x_B_tot>=1.210423e-01 vf_precip_indicator=9.402716e-02 vf_precip_h=9.414035e-02 R_avg=6.420895e+00 xB_range=[0.0284, 0.0315] Meff_range=[2.8597e-02, 3.0536e+00] t_wall=2026-03-18 23:11:07
[3D] step=09390 t=939.000000 t_real=1.046790e+03 s <x_B_tot>=1.210424e-01 vf_precip_indicator=9.402770e-02 vf_precip_h=9.414045e-02 R_avg=6.421178e+00 xB_range=[0.0284, 0.0315] Meff_range=[2.8597e-02, 3.0536e+00] t_wall=2026-03-18 23:11:19
[3D] step=09400 t=940.000000 t_real=1.047904e+03 s <x_B_tot>=1.210424e-01 vf_precip_indicator=9.402883e-02 vf_precip_h=9.414055e-02 R_avg=6.420646e+00 xB_range=[0.0284, 0.0315] Meff_range=[2.8597e-02, 3.0536e+00] t_wall=2026-03-18 23:11:32
[3D] step=09410 t=941.000000 t_real=1.049019e+03 s <x_B_tot>=1.210425e-01 vf_precip_indicator=9.402978e-02 vf_precip_h=9.414065e-02 R_avg=6.421234e+00 xB_range=[0.0284, 0.0315] Meff_range=[2.8597e-02, 3.0536e+00] t_wall=2026-03-18 23:11:44
[3D] step=09420 t=942.000000 t_real=1.050134e+03 s <x_B_tot>=1.210425e-01 vf_precip_indicator=9.403092e-02 vf_precip_h=9.414075e-02 R_avg=6.421413e+00 xB_range=[0.0284, 0.0315] Meff_range=[2.8597e-02, 3.0536e+00] t_wall=2026-03-18 23:11:56
[3D] step=09430 t=943.000000 t_real=1.051249e+03 s <x_B_tot>=1.210426e-01 vf_precip_indicator=9.402913e-02 vf_precip_h=9.414085e-02 R_avg=6.421479e+00 xB_range=[0.0284, 0.0315] Meff_range=[2.8597e-02, 3.0535e+00] t_wall=2026-03-18 23:12:09
[3D] step=09440 t=944.000000 t_real=1.052364e+03 s <x_B_tot>=1.210426e-01 vf_precip_indicator=9.402764e-02 vf_precip_h=9.414095e-02 R_avg=6.422147e+00 xB_range=[0.0284, 0.0315] Meff_range=[2.8597e-02, 3.0535e+00] t_wall=2026-03-18 23:12:21
[3D] step=09450 t=945.000000 t_real=1.053478e+03 s <x_B_tot>=1.210427e-01 vf_precip_indicator=9.402722e-02 vf_precip_h=9.414105e-02 R_avg=6.422787e+00 xB_range=[0.0284, 0.0315] Meff_range=[2.8597e-02, 3.0535e+00] t_wall=2026-03-18 23:12:34
[3D] step=09460 t=946.000000 t_real=1.054593e+03 s <x_B_tot>=1.210427e-01 vf_precip_indicator=9.402871e-02 vf_precip_h=9.414116e-02 R_avg=6.423005e+00 xB_range=[0.0284, 0.0315] Meff_range=[2.8596e-02, 3.0535e+00] t_wall=2026-03-18 23:12:46
[3D] step=09470 t=947.000000 t_real=1.055708e+03 s <x_B_tot>=1.210428e-01 vf_precip_indicator=9.402907e-02 vf_precip_h=9.414126e-02 R_avg=6.423654e+00 xB_range=[0.0284, 0.0315] Meff_range=[2.8596e-02, 3.0535e+00] t_wall=2026-03-18 23:12:59
[3D] step=09480 t=948.000000 t_real=1.056823e+03 s <x_B_tot>=1.210428e-01 vf_precip_indicator=9.402817e-02 vf_precip_h=9.414136e-02 R_avg=6.423913e+00 xB_range=[0.0284, 0.0315] Meff_range=[2.8596e-02, 3.0535e+00] t_wall=2026-03-18 23:13:11
[3D] step=09490 t=949.000000 t_real=1.057938e+03 s <x_B_tot>=1.210429e-01 vf_precip_indicator=9.402853e-02 vf_precip_h=9.414146e-02 R_avg=6.423821e+00 xB_range=[0.0284, 0.0315] Meff_range=[2.8596e-02, 3.0535e+00] t_wall=2026-03-18 23:13:24
[3D] step=09500 t=950.000000 t_real=1.059052e+03 s <x_B_tot>=1.210429e-01 vf_precip_indicator=9.402895e-02 vf_precip_h=9.414156e-02 R_avg=6.424024e+00 xB_range=[0.0284, 0.0315] Meff_range=[2.8596e-02, 3.0535e+00] t_wall=2026-03-18 23:13:36
[3D] step=09510 t=951.000000 t_real=1.060167e+03 s <x_B_tot>=1.210430e-01 vf_precip_indicator=9.402823e-02 vf_precip_h=9.414166e-02 R_avg=6.424062e+00 xB_range=[0.0284, 0.0315] Meff_range=[2.8596e-02, 3.0535e+00] t_wall=2026-03-18 23:13:49
[3D] step=09520 t=952.000000 t_real=1.061282e+03 s <x_B_tot>=1.210430e-01 vf_precip_indicator=9.402716e-02 vf_precip_h=9.414176e-02 R_avg=6.424527e+00 xB_range=[0.0284, 0.0315] Meff_range=[2.8596e-02, 3.0535e+00] t_wall=2026-03-18 23:14:01
[3D] step=09530 t=953.000000 t_real=1.062397e+03 s <x_B_tot>=1.210431e-01 vf_precip_indicator=9.402841e-02 vf_precip_h=9.414186e-02 R_avg=6.424714e+00 xB_range=[0.0284, 0.0315] Meff_range=[2.8596e-02, 3.0535e+00] t_wall=2026-03-18 23:14:13
[3D] step=09540 t=954.000000 t_real=1.063512e+03 s <x_B_tot>=1.210431e-01 vf_precip_indicator=9.402734e-02 vf_precip_h=9.414196e-02 R_avg=6.424336e+00 xB_range=[0.0284, 0.0315] Meff_range=[2.8596e-02, 3.0535e+00] t_wall=2026-03-18 23:14:26
[3D] step=09550 t=955.000000 t_real=1.064626e+03 s <x_B_tot>=1.210432e-01 vf_precip_indicator=9.402829e-02 vf_precip_h=9.414206e-02 R_avg=6.424183e+00 xB_range=[0.0284, 0.0315] Meff_range=[2.8596e-02, 3.0535e+00] t_wall=2026-03-18 23:14:38
[3D] step=09560 t=956.000000 t_real=1.065741e+03 s <x_B_tot>=1.210432e-01 vf_precip_indicator=9.402710e-02 vf_precip_h=9.414217e-02 R_avg=6.423854e+00 xB_range=[0.0284, 0.0315] Meff_range=[2.8596e-02, 3.0535e+00] t_wall=2026-03-18 23:14:51
[3D] step=09570 t=957.000000 t_real=1.066856e+03 s <x_B_tot>=1.210433e-01 vf_precip_indicator=9.402776e-02 vf_precip_h=9.414227e-02 R_avg=6.423695e+00 xB_range=[0.0284, 0.0315] Meff_range=[2.8596e-02, 3.0535e+00] t_wall=2026-03-18 23:15:03
[3D] step=09580 t=958.000000 t_real=1.067971e+03 s <x_B_tot>=1.210433e-01 vf_precip_indicator=9.402847e-02 vf_precip_h=9.414237e-02 R_avg=6.424151e+00 xB_range=[0.0284, 0.0315] Meff_range=[2.8596e-02, 3.0535e+00] t_wall=2026-03-18 23:15:16
[3D] step=09590 t=959.000000 t_real=1.069086e+03 s <x_B_tot>=1.210434e-01 vf_precip_indicator=9.402740e-02 vf_precip_h=9.414247e-02 R_avg=6.424296e+00 xB_range=[0.0284, 0.0315] Meff_range=[2.8596e-02, 3.0535e+00] t_wall=2026-03-18 23:15:28
[3D] step=09600 t=960.000000 t_real=1.070200e+03 s <x_B_tot>=1.210434e-01 vf_precip_indicator=9.402758e-02 vf_precip_h=9.414257e-02 R_avg=6.424206e+00 xB_range=[0.0284, 0.0315] Meff_range=[2.8595e-02, 3.0534e+00] t_wall=2026-03-18 23:15:41
[3D] step=09610 t=961.000000 t_real=1.071315e+03 s <x_B_tot>=1.210435e-01 vf_precip_indicator=9.402615e-02 vf_precip_h=9.414267e-02 R_avg=6.425083e+00 xB_range=[0.0284, 0.0315] Meff_range=[2.8595e-02, 3.0534e+00] t_wall=2026-03-18 23:15:53
[3D] step=09620 t=962.000000 t_real=1.072430e+03 s <x_B_tot>=1.210435e-01 vf_precip_indicator=9.402674e-02 vf_precip_h=9.414277e-02 R_avg=6.424993e+00 xB_range=[0.0284, 0.0315] Meff_range=[2.8595e-02, 3.0534e+00] t_wall=2026-03-18 23:16:05
[3D] step=09630 t=963.000000 t_real=1.073545e+03 s <x_B_tot>=1.210436e-01 vf_precip_indicator=9.402585e-02 vf_precip_h=9.414287e-02 R_avg=6.424859e+00 xB_range=[0.0284, 0.0315] Meff_range=[2.8595e-02, 3.0534e+00] t_wall=2026-03-18 23:16:18
[3D] step=09640 t=964.000000 t_real=1.074659e+03 s <x_B_tot>=1.210436e-01 vf_precip_indicator=9.402579e-02 vf_precip_h=9.414298e-02 R_avg=6.425436e+00 xB_range=[0.0284, 0.0315] Meff_range=[2.8595e-02, 3.0534e+00] t_wall=2026-03-18 23:16:30
[3D] step=09650 t=965.000000 t_real=1.075774e+03 s <x_B_tot>=1.210437e-01 vf_precip_indicator=9.402734e-02 vf_precip_h=9.414308e-02 R_avg=6.425978e+00 xB_range=[0.0284, 0.0315] Meff_range=[2.8595e-02, 3.0534e+00] t_wall=2026-03-18 23:16:43
[3D] step=09660 t=966.000000 t_real=1.076889e+03 s <x_B_tot>=1.210437e-01 vf_precip_indicator=9.402537e-02 vf_precip_h=9.414318e-02 R_avg=6.426018e+00 xB_range=[0.0284, 0.0315] Meff_range=[2.8595e-02, 3.0534e+00] t_wall=2026-03-18 23:16:55
[3D] step=09670 t=967.000000 t_real=1.078004e+03 s <x_B_tot>=1.210438e-01 vf_precip_indicator=9.402621e-02 vf_precip_h=9.414328e-02 R_avg=6.426366e+00 xB_range=[0.0284, 0.0315] Meff_range=[2.8595e-02, 3.0534e+00] t_wall=2026-03-18 23:17:08
[3D] step=09680 t=968.000000 t_real=1.079119e+03 s <x_B_tot>=1.210438e-01 vf_precip_indicator=9.402597e-02 vf_precip_h=9.414338e-02 R_avg=6.426336e+00 xB_range=[0.0284, 0.0315] Meff_range=[2.8595e-02, 3.0534e+00] t_wall=2026-03-18 23:17:20
[3D] step=09690 t=969.000000 t_real=1.080233e+03 s <x_B_tot>=1.210439e-01 vf_precip_indicator=9.402841e-02 vf_precip_h=9.414348e-02 R_avg=6.427288e+00 xB_range=[0.0284, 0.0315] Meff_range=[2.8595e-02, 3.0534e+00] t_wall=2026-03-18 23:17:33
[3D] step=09700 t=970.000000 t_real=1.081348e+03 s <x_B_tot>=1.210439e-01 vf_precip_indicator=9.402621e-02 vf_precip_h=9.414358e-02 R_avg=6.427472e+00 xB_range=[0.0284, 0.0315] Meff_range=[2.8595e-02, 3.0534e+00] t_wall=2026-03-18 23:17:45
[3D] step=09710 t=971.000000 t_real=1.082463e+03 s <x_B_tot>=1.210440e-01 vf_precip_indicator=9.402704e-02 vf_precip_h=9.414369e-02 R_avg=6.427354e+00 xB_range=[0.0284, 0.0315] Meff_range=[2.8595e-02, 3.0534e+00] t_wall=2026-03-18 23:17:58
[3D] step=09720 t=972.000000 t_real=1.083578e+03 s <x_B_tot>=1.210440e-01 vf_precip_indicator=9.402710e-02 vf_precip_h=9.414379e-02 R_avg=6.427518e+00 xB_range=[0.0284, 0.0315] Meff_range=[2.8595e-02, 3.0534e+00] t_wall=2026-03-18 23:18:10
[3D] step=09730 t=973.000000 t_real=1.084693e+03 s <x_B_tot>=1.210441e-01 vf_precip_indicator=9.402561e-02 vf_precip_h=9.414389e-02 R_avg=6.427388e+00 xB_range=[0.0284, 0.0315] Meff_range=[2.8595e-02, 3.0534e+00] t_wall=2026-03-18 23:18:22
[3D] step=09740 t=974.000000 t_real=1.085807e+03 s <x_B_tot>=1.210441e-01 vf_precip_indicator=9.402549e-02 vf_precip_h=9.414399e-02 R_avg=6.427816e+00 xB_range=[0.0284, 0.0315] Meff_range=[2.8594e-02, 3.0534e+00] t_wall=2026-03-18 23:18:35
[3D] step=09750 t=975.000000 t_real=1.086922e+03 s <x_B_tot>=1.210442e-01 vf_precip_indicator=9.402412e-02 vf_precip_h=9.414409e-02 R_avg=6.427489e+00 xB_range=[0.0284, 0.0315] Meff_range=[2.8594e-02, 3.0533e+00] t_wall=2026-03-18 23:18:47
[3D] step=09760 t=976.000000 t_real=1.088037e+03 s <x_B_tot>=1.210442e-01 vf_precip_indicator=9.402448e-02 vf_precip_h=9.414419e-02 R_avg=6.426743e+00 xB_range=[0.0284, 0.0315] Meff_range=[2.8594e-02, 3.0533e+00] t_wall=2026-03-18 23:19:00
[3D] step=09770 t=977.000000 t_real=1.089152e+03 s <x_B_tot>=1.210443e-01 vf_precip_indicator=9.402555e-02 vf_precip_h=9.414430e-02 R_avg=6.426816e+00 xB_range=[0.0284, 0.0315] Meff_range=[2.8594e-02, 3.0533e+00] t_wall=2026-03-18 23:19:12
[3D] step=09780 t=978.000000 t_real=1.090267e+03 s <x_B_tot>=1.210443e-01 vf_precip_indicator=9.402418e-02 vf_precip_h=9.414440e-02 R_avg=6.426184e+00 xB_range=[0.0284, 0.0315] Meff_range=[2.8594e-02, 3.0533e+00] t_wall=2026-03-18 23:19:25
[3D] step=09790 t=979.000000 t_real=1.091381e+03 s <x_B_tot>=1.210444e-01 vf_precip_indicator=9.402514e-02 vf_precip_h=9.414450e-02 R_avg=6.426497e+00 xB_range=[0.0284, 0.0315] Meff_range=[2.8594e-02, 3.0533e+00] t_wall=2026-03-18 23:19:37
[3D] step=09800 t=980.000000 t_real=1.092496e+03 s <x_B_tot>=1.210444e-01 vf_precip_indicator=9.402525e-02 vf_precip_h=9.414460e-02 R_avg=6.427421e+00 xB_range=[0.0284, 0.0315] Meff_range=[2.8594e-02, 3.0533e+00] t_wall=2026-03-18 23:19:50
[3D] step=09810 t=981.000000 t_real=1.093611e+03 s <x_B_tot>=1.210445e-01 vf_precip_indicator=9.402603e-02 vf_precip_h=9.414470e-02 R_avg=6.426849e+00 xB_range=[0.0284, 0.0315] Meff_range=[2.8594e-02, 3.0533e+00] t_wall=2026-03-18 23:20:02
[3D] step=09820 t=982.000000 t_real=1.094726e+03 s <x_B_tot>=1.210445e-01 vf_precip_indicator=9.402901e-02 vf_precip_h=9.414480e-02 R_avg=6.427009e+00 xB_range=[0.0284, 0.0315] Meff_range=[2.8594e-02, 3.0533e+00] t_wall=2026-03-18 23:20:15
[3D] step=09830 t=983.000000 t_real=1.095841e+03 s <x_B_tot>=1.210446e-01 vf_precip_indicator=9.402913e-02 vf_precip_h=9.414491e-02 R_avg=6.426624e+00 xB_range=[0.0284, 0.0315] Meff_range=[2.8594e-02, 3.0533e+00] t_wall=2026-03-18 23:20:27
[3D] step=09840 t=984.000000 t_real=1.096955e+03 s <x_B_tot>=1.210446e-01 vf_precip_indicator=9.403068e-02 vf_precip_h=9.414501e-02 R_avg=6.427065e+00 xB_range=[0.0284, 0.0315] Meff_range=[2.8594e-02, 3.0533e+00] t_wall=2026-03-18 23:20:39
[3D] step=09850 t=985.000000 t_real=1.098070e+03 s <x_B_tot>=1.210447e-01 vf_precip_indicator=9.402913e-02 vf_precip_h=9.414511e-02 R_avg=6.426755e+00 xB_range=[0.0284, 0.0315] Meff_range=[2.8594e-02, 3.0533e+00] t_wall=2026-03-18 23:20:52
[3D] step=09860 t=986.000000 t_real=1.099185e+03 s <x_B_tot>=1.210447e-01 vf_precip_indicator=9.402847e-02 vf_precip_h=9.414521e-02 R_avg=6.426841e+00 xB_range=[0.0284, 0.0315] Meff_range=[2.8594e-02, 3.0533e+00] t_wall=2026-03-18 23:21:04
[3D] step=09870 t=987.000000 t_real=1.100300e+03 s <x_B_tot>=1.210448e-01 vf_precip_indicator=9.402716e-02 vf_precip_h=9.414531e-02 R_avg=6.427086e+00 xB_range=[0.0284, 0.0315] Meff_range=[2.8594e-02, 3.0533e+00] t_wall=2026-03-18 23:21:17
[3D] step=09880 t=988.000000 t_real=1.101414e+03 s <x_B_tot>=1.210448e-01 vf_precip_indicator=9.402806e-02 vf_precip_h=9.414542e-02 R_avg=6.427220e+00 xB_range=[0.0284, 0.0315] Meff_range=[2.8593e-02, 3.0533e+00] t_wall=2026-03-18 23:21:29
[3D] step=09890 t=989.000000 t_real=1.102529e+03 s <x_B_tot>=1.210449e-01 vf_precip_indicator=9.402621e-02 vf_precip_h=9.414552e-02 R_avg=6.426555e+00 xB_range=[0.0284, 0.0315] Meff_range=[2.8593e-02, 3.0532e+00] t_wall=2026-03-18 23:21:42
[3D] step=09900 t=990.000000 t_real=1.103644e+03 s <x_B_tot>=1.210449e-01 vf_precip_indicator=9.402579e-02 vf_precip_h=9.414562e-02 R_avg=6.426687e+00 xB_range=[0.0284, 0.0315] Meff_range=[2.8593e-02, 3.0532e+00] t_wall=2026-03-18 23:21:54
[3D] step=09910 t=991.000000 t_real=1.104759e+03 s <x_B_tot>=1.210450e-01 vf_precip_indicator=9.402490e-02 vf_precip_h=9.414572e-02 R_avg=6.426902e+00 xB_range=[0.0284, 0.0315] Meff_range=[2.8593e-02, 3.0532e+00] t_wall=2026-03-18 23:22:07
[3D] step=09920 t=992.000000 t_real=1.105874e+03 s <x_B_tot>=1.210450e-01 vf_precip_indicator=9.402525e-02 vf_precip_h=9.414582e-02 R_avg=6.427116e+00 xB_range=[0.0284, 0.0315] Meff_range=[2.8593e-02, 3.0532e+00] t_wall=2026-03-18 23:22:19
[3D] step=09930 t=993.000000 t_real=1.106988e+03 s <x_B_tot>=1.210451e-01 vf_precip_indicator=9.402543e-02 vf_precip_h=9.414593e-02 R_avg=6.427041e+00 xB_range=[0.0284, 0.0315] Meff_range=[2.8593e-02, 3.0532e+00] t_wall=2026-03-18 23:22:32
[3D] step=09940 t=994.000000 t_real=1.108103e+03 s <x_B_tot>=1.210451e-01 vf_precip_indicator=9.402502e-02 vf_precip_h=9.414603e-02 R_avg=6.427172e+00 xB_range=[0.0284, 0.0315] Meff_range=[2.8593e-02, 3.0532e+00] t_wall=2026-03-18 23:22:44
[3D] step=09950 t=995.000000 t_real=1.109218e+03 s <x_B_tot>=1.210452e-01 vf_precip_indicator=9.402514e-02 vf_precip_h=9.414613e-02 R_avg=6.427282e+00 xB_range=[0.0284, 0.0315] Meff_range=[2.8593e-02, 3.0532e+00] t_wall=2026-03-18 23:22:56
[3D] step=09960 t=996.000000 t_real=1.110333e+03 s <x_B_tot>=1.210452e-01 vf_precip_indicator=9.402639e-02 vf_precip_h=9.414623e-02 R_avg=6.427906e+00 xB_range=[0.0284, 0.0315] Meff_range=[2.8593e-02, 3.0532e+00] t_wall=2026-03-18 23:23:09
[3D] step=09970 t=997.000000 t_real=1.111448e+03 s <x_B_tot>=1.210453e-01 vf_precip_indicator=9.402615e-02 vf_precip_h=9.414633e-02 R_avg=6.428035e+00 xB_range=[0.0284, 0.0315] Meff_range=[2.8593e-02, 3.0532e+00] t_wall=2026-03-18 23:23:21
[3D] step=09980 t=998.000000 t_real=1.112562e+03 s <x_B_tot>=1.210453e-01 vf_precip_indicator=9.402847e-02 vf_precip_h=9.414644e-02 R_avg=6.428864e+00 xB_range=[0.0284, 0.0315] Meff_range=[2.8593e-02, 3.0532e+00] t_wall=2026-03-18 23:23:34
[3D] step=09990 t=999.000000 t_real=1.113677e+03 s <x_B_tot>=1.210454e-01 vf_precip_indicator=9.402806e-02 vf_precip_h=9.414654e-02 R_avg=6.429053e+00 xB_range=[0.0284, 0.0315] Meff_range=[2.8593e-02, 3.0532e+00] t_wall=2026-03-18 23:23:46
[3D] step=10000 t=1000.000000 t_real=1.114792e+03 s <x_B_tot>=1.210454e-01 vf_precip_indicator=9.402949e-02 vf_precip_h=9.414664e-02 R_avg=6.428933e+00 xB_range=[0.0284, 0.0315] Meff_range=[2.8593e-02, 3.0532e+00] t_wall=2026-03-18 23:23:59
[3D] step=10010 t=1001.000000 t_real=1.115907e+03 s <x_B_tot>=1.210455e-01 vf_precip_indicator=9.402740e-02 vf_precip_h=9.414674e-02 R_avg=6.428994e+00 xB_range=[0.0284, 0.0315] Meff_range=[2.8593e-02, 3.0531e+00] t_wall=2026-03-18 23:24:11
[3D] step=10020 t=1002.000000 t_real=1.117022e+03 s <x_B_tot>=1.210455e-01 vf_precip_indicator=9.402734e-02 vf_precip_h=9.414685e-02 R_avg=6.428713e+00 xB_range=[0.0284, 0.0315] Meff_range=[2.8592e-02, 3.0531e+00] t_wall=2026-03-18 23:24:24
[3D] step=10030 t=1003.000000 t_real=1.118136e+03 s <x_B_tot>=1.210456e-01 vf_precip_indicator=9.403086e-02 vf_precip_h=9.414695e-02 R_avg=6.429070e+00 xB_range=[0.0284, 0.0315] Meff_range=[2.8592e-02, 3.0531e+00] t_wall=2026-03-18 23:24:36
[3D] step=10040 t=1004.000000 t_real=1.119251e+03 s <x_B_tot>=1.210456e-01 vf_precip_indicator=9.402937e-02 vf_precip_h=9.414705e-02 R_avg=6.428925e+00 xB_range=[0.0284, 0.0315] Meff_range=[2.8592e-02, 3.0531e+00] t_wall=2026-03-18 23:24:48
[3D] step=10050 t=1005.000000 t_real=1.120366e+03 s <x_B_tot>=1.210457e-01 vf_precip_indicator=9.403002e-02 vf_precip_h=9.414715e-02 R_avg=6.428082e+00 xB_range=[0.0284, 0.0315] Meff_range=[2.8592e-02, 3.0531e+00] t_wall=2026-03-18 23:25:01
[3D] step=10060 t=1006.000000 t_real=1.121481e+03 s <x_B_tot>=1.210457e-01 vf_precip_indicator=9.402943e-02 vf_precip_h=9.414726e-02 R_avg=6.428463e+00 xB_range=[0.0284, 0.0315] Meff_range=[2.8592e-02, 3.0531e+00] t_wall=2026-03-18 23:25:13
[3D] step=10070 t=1007.000000 t_real=1.122596e+03 s <x_B_tot>=1.210458e-01 vf_precip_indicator=9.403145e-02 vf_precip_h=9.414736e-02 R_avg=6.428718e+00 xB_range=[0.0284, 0.0315] Meff_range=[2.8592e-02, 3.0531e+00] t_wall=2026-03-18 23:25:26
[3D] step=10080 t=1008.000000 t_real=1.123710e+03 s <x_B_tot>=1.210458e-01 vf_precip_indicator=9.403127e-02 vf_precip_h=9.414746e-02 R_avg=6.428881e+00 xB_range=[0.0284, 0.0315] Meff_range=[2.8592e-02, 3.0531e+00] t_wall=2026-03-18 23:25:38
[3D] step=10090 t=1009.000000 t_real=1.124825e+03 s <x_B_tot>=1.210459e-01 vf_precip_indicator=9.402978e-02 vf_precip_h=9.414756e-02 R_avg=6.428953e+00 xB_range=[0.0284, 0.0315] Meff_range=[2.8592e-02, 3.0531e+00] t_wall=2026-03-18 23:25:51
[3D] step=10100 t=1010.000000 t_real=1.125940e+03 s <x_B_tot>=1.210459e-01 vf_precip_indicator=9.403062e-02 vf_precip_h=9.414766e-02 R_avg=6.429855e+00 xB_range=[0.0284, 0.0315] Meff_range=[2.8592e-02, 3.0531e+00] t_wall=2026-03-18 23:26:03
[3D] step=10110 t=1011.000000 t_real=1.127055e+03 s <x_B_tot>=1.210460e-01 vf_precip_indicator=9.403056e-02 vf_precip_h=9.414777e-02 R_avg=6.430229e+00 xB_range=[0.0284, 0.0315] Meff_range=[2.8592e-02, 3.0531e+00] t_wall=2026-03-18 23:26:16
[3D] step=10120 t=1012.000000 t_real=1.128170e+03 s <x_B_tot>=1.210460e-01 vf_precip_indicator=9.402937e-02 vf_precip_h=9.414787e-02 R_avg=6.430177e+00 xB_range=[0.0284, 0.0315] Meff_range=[2.8592e-02, 3.0531e+00] t_wall=2026-03-18 23:26:28
[3D] step=10130 t=1013.000000 t_real=1.129284e+03 s <x_B_tot>=1.210460e-01 vf_precip_indicator=9.402752e-02 vf_precip_h=9.414797e-02 R_avg=6.429992e+00 xB_range=[0.0284, 0.0315] Meff_range=[2.8592e-02, 3.0530e+00] t_wall=2026-03-18 23:26:41
[3D] step=10140 t=1014.000000 t_real=1.130399e+03 s <x_B_tot>=1.210461e-01 vf_precip_indicator=9.402889e-02 vf_precip_h=9.414808e-02 R_avg=6.430639e+00 xB_range=[0.0284, 0.0315] Meff_range=[2.8592e-02, 3.0530e+00] t_wall=2026-03-18 23:26:53
[3D] step=10150 t=1015.000000 t_real=1.131514e+03 s <x_B_tot>=1.210461e-01 vf_precip_indicator=9.403002e-02 vf_precip_h=9.414818e-02 R_avg=6.430586e+00 xB_range=[0.0284, 0.0315] Meff_range=[2.8592e-02, 3.0530e+00] t_wall=2026-03-18 23:27:05
[3D] step=10160 t=1016.000000 t_real=1.132629e+03 s <x_B_tot>=1.210462e-01 vf_precip_indicator=9.402972e-02 vf_precip_h=9.414828e-02 R_avg=6.430929e+00 xB_range=[0.0284, 0.0315] Meff_range=[2.8591e-02, 3.0530e+00] t_wall=2026-03-18 23:27:18
[3D] step=10170 t=1017.000000 t_real=1.133743e+03 s <x_B_tot>=1.210462e-01 vf_precip_indicator=9.403151e-02 vf_precip_h=9.414838e-02 R_avg=6.430935e+00 xB_range=[0.0284, 0.0315] Meff_range=[2.8591e-02, 3.0530e+00] t_wall=2026-03-18 23:27:30
[3D] step=10180 t=1018.000000 t_real=1.134858e+03 s <x_B_tot>=1.210463e-01 vf_precip_indicator=9.403199e-02 vf_precip_h=9.414849e-02 R_avg=6.430982e+00 xB_range=[0.0284, 0.0315] Meff_range=[2.8591e-02, 3.0530e+00] t_wall=2026-03-18 23:27:43
[3D] step=10190 t=1019.000000 t_real=1.135973e+03 s <x_B_tot>=1.210463e-01 vf_precip_indicator=9.403062e-02 vf_precip_h=9.414859e-02 R_avg=6.430758e+00 xB_range=[0.0284, 0.0315] Meff_range=[2.8591e-02, 3.0530e+00] t_wall=2026-03-18 23:27:55
[3D] step=10200 t=1020.000000 t_real=1.137088e+03 s <x_B_tot>=1.210464e-01 vf_precip_indicator=9.402949e-02 vf_precip_h=9.414869e-02 R_avg=6.429996e+00 xB_range=[0.0284, 0.0315] Meff_range=[2.8591e-02, 3.0530e+00] t_wall=2026-03-18 23:28:08
[3D] step=10210 t=1021.000000 t_real=1.138203e+03 s <x_B_tot>=1.210464e-01 vf_precip_indicator=9.402949e-02 vf_precip_h=9.414879e-02 R_avg=6.430272e+00 xB_range=[0.0284, 0.0315] Meff_range=[2.8591e-02, 3.0530e+00] t_wall=2026-03-18 23:28:20
[3D] step=10220 t=1022.000000 t_real=1.139317e+03 s <x_B_tot>=1.210465e-01 vf_precip_indicator=9.402823e-02 vf_precip_h=9.414890e-02 R_avg=6.430653e+00 xB_range=[0.0284, 0.0315] Meff_range=[2.8591e-02, 3.0530e+00] t_wall=2026-03-18 23:28:33
[3D] step=10230 t=1023.000000 t_real=1.140432e+03 s <x_B_tot>=1.210465e-01 vf_precip_indicator=9.402770e-02 vf_precip_h=9.414900e-02 R_avg=6.430834e+00 xB_range=[0.0284, 0.0315] Meff_range=[2.8591e-02, 3.0530e+00] t_wall=2026-03-18 23:28:45
[3D] step=10240 t=1024.000000 t_real=1.141547e+03 s <x_B_tot>=1.210466e-01 vf_precip_indicator=9.402817e-02 vf_precip_h=9.414910e-02 R_avg=6.431450e+00 xB_range=[0.0284, 0.0315] Meff_range=[2.8591e-02, 3.0529e+00] t_wall=2026-03-18 23:28:58
[3D] step=10250 t=1025.000000 t_real=1.142662e+03 s <x_B_tot>=1.210466e-01 vf_precip_indicator=9.402686e-02 vf_precip_h=9.414920e-02 R_avg=6.430777e+00 xB_range=[0.0284, 0.0315] Meff_range=[2.8591e-02, 3.0529e+00] t_wall=2026-03-18 23:29:10
[3D] step=10260 t=1026.000000 t_real=1.143777e+03 s <x_B_tot>=1.210467e-01 vf_precip_indicator=9.402746e-02 vf_precip_h=9.414931e-02 R_avg=6.430702e+00 xB_range=[0.0284, 0.0315] Meff_range=[2.8591e-02, 3.0529e+00] t_wall=2026-03-18 23:29:22
[3D] step=10270 t=1027.000000 t_real=1.144891e+03 s <x_B_tot>=1.210467e-01 vf_precip_indicator=9.402817e-02 vf_precip_h=9.414941e-02 R_avg=6.430110e+00 xB_range=[0.0284, 0.0315] Meff_range=[2.8591e-02, 3.0529e+00] t_wall=2026-03-18 23:29:35
[3D] step=10280 t=1028.000000 t_real=1.146006e+03 s <x_B_tot>=1.210468e-01 vf_precip_indicator=9.402835e-02 vf_precip_h=9.414951e-02 R_avg=6.429409e+00 xB_range=[0.0284, 0.0315] Meff_range=[2.8591e-02, 3.0529e+00] t_wall=2026-03-18 23:29:47
[3D] step=10290 t=1029.000000 t_real=1.147121e+03 s <x_B_tot>=1.210468e-01 vf_precip_indicator=9.402889e-02 vf_precip_h=9.414962e-02 R_avg=6.429373e+00 xB_range=[0.0284, 0.0315] Meff_range=[2.8590e-02, 3.0529e+00] t_wall=2026-03-18 23:30:00
[3D] step=10300 t=1030.000000 t_real=1.148236e+03 s <x_B_tot>=1.210469e-01 vf_precip_indicator=9.403008e-02 vf_precip_h=9.414972e-02 R_avg=6.429920e+00 xB_range=[0.0284, 0.0315] Meff_range=[2.8590e-02, 3.0529e+00] t_wall=2026-03-18 23:30:12
[3D] step=10310 t=1031.000000 t_real=1.149351e+03 s <x_B_tot>=1.210469e-01 vf_precip_indicator=9.403014e-02 vf_precip_h=9.414982e-02 R_avg=6.429837e+00 xB_range=[0.0284, 0.0315] Meff_range=[2.8590e-02, 3.0529e+00] t_wall=2026-03-18 23:30:25
[3D] step=10320 t=1032.000000 t_real=1.150465e+03 s <x_B_tot>=1.210470e-01 vf_precip_indicator=9.403116e-02 vf_precip_h=9.414993e-02 R_avg=6.429950e+00 xB_range=[0.0284, 0.0315] Meff_range=[2.8590e-02, 3.0529e+00] t_wall=2026-03-18 23:30:37
[3D] step=10330 t=1033.000000 t_real=1.151580e+03 s <x_B_tot>=1.210470e-01 vf_precip_indicator=9.402949e-02 vf_precip_h=9.415003e-02 R_avg=6.429821e+00 xB_range=[0.0284, 0.0315] Meff_range=[2.8590e-02, 3.0529e+00] t_wall=2026-03-18 23:30:50
[3D] step=10340 t=1034.000000 t_real=1.152695e+03 s <x_B_tot>=1.210471e-01 vf_precip_indicator=9.403104e-02 vf_precip_h=9.415013e-02 R_avg=6.430378e+00 xB_range=[0.0284, 0.0315] Meff_range=[2.8590e-02, 3.0529e+00] t_wall=2026-03-18 23:31:02
[3D] step=10350 t=1035.000000 t_real=1.153810e+03 s <x_B_tot>=1.210471e-01 vf_precip_indicator=9.403229e-02 vf_precip_h=9.415023e-02 R_avg=6.431411e+00 xB_range=[0.0284, 0.0315] Meff_range=[2.8590e-02, 3.0528e+00] t_wall=2026-03-18 23:31:15
[3D] step=10360 t=1036.000000 t_real=1.154925e+03 s <x_B_tot>=1.210472e-01 vf_precip_indicator=9.403187e-02 vf_precip_h=9.415034e-02 R_avg=6.431775e+00 xB_range=[0.0284, 0.0315] Meff_range=[2.8590e-02, 3.0528e+00] t_wall=2026-03-18 23:31:27
[3D] step=10370 t=1037.000000 t_real=1.156039e+03 s <x_B_tot>=1.210472e-01 vf_precip_indicator=9.403259e-02 vf_precip_h=9.415044e-02 R_avg=6.431999e+00 xB_range=[0.0284, 0.0315] Meff_range=[2.8590e-02, 3.0528e+00] t_wall=2026-03-18 23:31:39
[3D] step=10380 t=1038.000000 t_real=1.157154e+03 s <x_B_tot>=1.210473e-01 vf_precip_indicator=9.403402e-02 vf_precip_h=9.415054e-02 R_avg=6.432447e+00 xB_range=[0.0284, 0.0315] Meff_range=[2.8590e-02, 3.0528e+00] t_wall=2026-03-18 23:31:52
[3D] step=10390 t=1039.000000 t_real=1.158269e+03 s <x_B_tot>=1.210473e-01 vf_precip_indicator=9.403473e-02 vf_precip_h=9.415065e-02 R_avg=6.432845e+00 xB_range=[0.0284, 0.0315] Meff_range=[2.8590e-02, 3.0528e+00] t_wall=2026-03-18 23:32:04
[3D] step=10400 t=1040.000000 t_real=1.159384e+03 s <x_B_tot>=1.210474e-01 vf_precip_indicator=9.403563e-02 vf_precip_h=9.415075e-02 R_avg=6.433504e+00 xB_range=[0.0284, 0.0315] Meff_range=[2.8590e-02, 3.0528e+00] t_wall=2026-03-18 23:32:17
[3D] step=10410 t=1041.000000 t_real=1.160498e+03 s <x_B_tot>=1.210474e-01 vf_precip_indicator=9.403527e-02 vf_precip_h=9.415085e-02 R_avg=6.433946e+00 xB_range=[0.0284, 0.0315] Meff_range=[2.8590e-02, 3.0528e+00] t_wall=2026-03-18 23:32:29
[3D] step=10420 t=1042.000000 t_real=1.161613e+03 s <x_B_tot>=1.210475e-01 vf_precip_indicator=9.403634e-02 vf_precip_h=9.415096e-02 R_avg=6.434369e+00 xB_range=[0.0284, 0.0315] Meff_range=[2.8590e-02, 3.0528e+00] t_wall=2026-03-18 23:32:42
[3D] step=10430 t=1043.000000 t_real=1.162728e+03 s <x_B_tot>=1.210475e-01 vf_precip_indicator=9.403664e-02 vf_precip_h=9.415106e-02 R_avg=6.435046e+00 xB_range=[0.0284, 0.0315] Meff_range=[2.8589e-02, 3.0528e+00] t_wall=2026-03-18 23:32:54
[3D] step=10440 t=1044.000000 t_real=1.163843e+03 s <x_B_tot>=1.210476e-01 vf_precip_indicator=9.403861e-02 vf_precip_h=9.415116e-02 R_avg=6.435195e+00 xB_range=[0.0284, 0.0315] Meff_range=[2.8589e-02, 3.0528e+00] t_wall=2026-03-18 23:33:07
[3D] step=10450 t=1045.000000 t_real=1.164958e+03 s <x_B_tot>=1.210476e-01 vf_precip_indicator=9.403837e-02 vf_precip_h=9.415127e-02 R_avg=6.435514e+00 xB_range=[0.0284, 0.0315] Meff_range=[2.8589e-02, 3.0528e+00] t_wall=2026-03-18 23:33:19
[3D] step=10460 t=1046.000000 t_real=1.166072e+03 s <x_B_tot>=1.210477e-01 vf_precip_indicator=9.403968e-02 vf_precip_h=9.415137e-02 R_avg=6.435677e+00 xB_range=[0.0284, 0.0315] Meff_range=[2.8589e-02, 3.0528e+00] t_wall=2026-03-18 23:33:32
[3D] step=10470 t=1047.000000 t_real=1.167187e+03 s <x_B_tot>=1.210477e-01 vf_precip_indicator=9.403777e-02 vf_precip_h=9.415147e-02 R_avg=6.435415e+00 xB_range=[0.0284, 0.0315] Meff_range=[2.8589e-02, 3.0528e+00] t_wall=2026-03-18 23:33:44
[3D] step=10480 t=1048.000000 t_real=1.168302e+03 s <x_B_tot>=1.210478e-01 vf_precip_indicator=9.403664e-02 vf_precip_h=9.415158e-02 R_avg=6.435192e+00 xB_range=[0.0284, 0.0315] Meff_range=[2.8589e-02, 3.0528e+00] t_wall=2026-03-18 23:33:56
[3D] step=10490 t=1049.000000 t_real=1.169417e+03 s <x_B_tot>=1.210479e-01 vf_precip_indicator=9.403783e-02 vf_precip_h=9.415168e-02 R_avg=6.435740e+00 xB_range=[0.0284, 0.0315] Meff_range=[2.8589e-02, 3.0528e+00] t_wall=2026-03-18 23:34:09
[3D] step=10500 t=1050.000000 t_real=1.170532e+03 s <x_B_tot>=1.210479e-01 vf_precip_indicator=9.403932e-02 vf_precip_h=9.415178e-02 R_avg=6.435375e+00 xB_range=[0.0284, 0.0315] Meff_range=[2.8589e-02, 3.0528e+00] t_wall=2026-03-18 23:34:21
[3D] step=10510 t=1051.000000 t_real=1.171646e+03 s <x_B_tot>=1.210480e-01 vf_precip_indicator=9.404099e-02 vf_precip_h=9.415189e-02 R_avg=6.435300e+00 xB_range=[0.0284, 0.0315] Meff_range=[2.8589e-02, 3.0528e+00] t_wall=2026-03-18 23:34:34
[3D] step=10520 t=1052.000000 t_real=1.172761e+03 s <x_B_tot>=1.210480e-01 vf_precip_indicator=9.403962e-02 vf_precip_h=9.415199e-02 R_avg=6.435250e+00 xB_range=[0.0284, 0.0315] Meff_range=[2.8589e-02, 3.0528e+00] t_wall=2026-03-18 23:34:46
[3D] step=10530 t=1053.000000 t_real=1.173876e+03 s <x_B_tot>=1.210481e-01 vf_precip_indicator=9.403813e-02 vf_precip_h=9.415209e-02 R_avg=6.434331e+00 xB_range=[0.0284, 0.0315] Meff_range=[2.8589e-02, 3.0527e+00] t_wall=2026-03-18 23:34:59
[3D] step=10540 t=1054.000000 t_real=1.174991e+03 s <x_B_tot>=1.210481e-01 vf_precip_indicator=9.403843e-02 vf_precip_h=9.415220e-02 R_avg=6.434424e+00 xB_range=[0.0284, 0.0315] Meff_range=[2.8589e-02, 3.0527e+00] t_wall=2026-03-18 23:35:11
[3D] step=10550 t=1055.000000 t_real=1.176106e+03 s <x_B_tot>=1.210482e-01 vf_precip_indicator=9.403718e-02 vf_precip_h=9.415230e-02 R_avg=6.435097e+00 xB_range=[0.0284, 0.0315] Meff_range=[2.8589e-02, 3.0527e+00] t_wall=2026-03-18 23:35:24
[3D] step=10560 t=1056.000000 t_real=1.177220e+03 s <x_B_tot>=1.210482e-01 vf_precip_indicator=9.403622e-02 vf_precip_h=9.415240e-02 R_avg=6.435250e+00 xB_range=[0.0284, 0.0315] Meff_range=[2.8588e-02, 3.0527e+00] t_wall=2026-03-18 23:35:36
[3D] step=10570 t=1057.000000 t_real=1.178335e+03 s <x_B_tot>=1.210483e-01 vf_precip_indicator=9.403509e-02 vf_precip_h=9.415251e-02 R_avg=6.435231e+00 xB_range=[0.0284, 0.0315] Meff_range=[2.8588e-02, 3.0527e+00] t_wall=2026-03-18 23:35:48
[3D] step=10580 t=1058.000000 t_real=1.179450e+03 s <x_B_tot>=1.210483e-01 vf_precip_indicator=9.403348e-02 vf_precip_h=9.415261e-02 R_avg=6.434815e+00 xB_range=[0.0284, 0.0315] Meff_range=[2.8588e-02, 3.0527e+00] t_wall=2026-03-18 23:36:01
[3D] step=10590 t=1059.000000 t_real=1.180565e+03 s <x_B_tot>=1.210484e-01 vf_precip_indicator=9.403217e-02 vf_precip_h=9.415272e-02 R_avg=6.434958e+00 xB_range=[0.0284, 0.0315] Meff_range=[2.8588e-02, 3.0527e+00] t_wall=2026-03-18 23:36:13
[3D] step=10600 t=1060.000000 t_real=1.181680e+03 s <x_B_tot>=1.210484e-01 vf_precip_indicator=9.403145e-02 vf_precip_h=9.415282e-02 R_avg=6.434618e+00 xB_range=[0.0284, 0.0315] Meff_range=[2.8588e-02, 3.0527e+00] t_wall=2026-03-18 23:36:26
[3D] step=10610 t=1061.000000 t_real=1.182794e+03 s <x_B_tot>=1.210485e-01 vf_precip_indicator=9.403139e-02 vf_precip_h=9.415292e-02 R_avg=6.434599e+00 xB_range=[0.0284, 0.0315] Meff_range=[2.8588e-02, 3.0527e+00] t_wall=2026-03-18 23:36:38
[3D] step=10620 t=1062.000000 t_real=1.183909e+03 s <x_B_tot>=1.210485e-01 vf_precip_indicator=9.403116e-02 vf_precip_h=9.415303e-02 R_avg=6.434408e+00 xB_range=[0.0284, 0.0315] Meff_range=[2.8588e-02, 3.0527e+00] t_wall=2026-03-18 23:36:51
[3D] step=10630 t=1063.000000 t_real=1.185024e+03 s <x_B_tot>=1.210486e-01 vf_precip_indicator=9.403110e-02 vf_precip_h=9.415313e-02 R_avg=6.433923e+00 xB_range=[0.0284, 0.0315] Meff_range=[2.8588e-02, 3.0527e+00] t_wall=2026-03-18 23:37:03
[3D] step=10640 t=1064.000000 t_real=1.186139e+03 s <x_B_tot>=1.210486e-01 vf_precip_indicator=9.403169e-02 vf_precip_h=9.415323e-02 R_avg=6.434343e+00 xB_range=[0.0284, 0.0315] Meff_range=[2.8588e-02, 3.0527e+00] t_wall=2026-03-18 23:37:16
[3D] step=10650 t=1065.000000 t_real=1.187253e+03 s <x_B_tot>=1.210487e-01 vf_precip_indicator=9.403229e-02 vf_precip_h=9.415334e-02 R_avg=6.434252e+00 xB_range=[0.0284, 0.0315] Meff_range=[2.8588e-02, 3.0527e+00] t_wall=2026-03-18 23:37:28
[3D] step=10660 t=1066.000000 t_real=1.188368e+03 s <x_B_tot>=1.210487e-01 vf_precip_indicator=9.403092e-02 vf_precip_h=9.415344e-02 R_avg=6.434946e+00 xB_range=[0.0284, 0.0315] Meff_range=[2.8588e-02, 3.0527e+00] t_wall=2026-03-18 23:37:41
[3D] step=10670 t=1067.000000 t_real=1.189483e+03 s <x_B_tot>=1.210488e-01 vf_precip_indicator=9.403247e-02 vf_precip_h=9.415355e-02 R_avg=6.434950e+00 xB_range=[0.0284, 0.0315] Meff_range=[2.8588e-02, 3.0527e+00] t_wall=2026-03-18 23:37:53
[3D] step=10680 t=1068.000000 t_real=1.190598e+03 s <x_B_tot>=1.210488e-01 vf_precip_indicator=9.403038e-02 vf_precip_h=9.415365e-02 R_avg=6.436032e+00 xB_range=[0.0284, 0.0315] Meff_range=[2.8588e-02, 3.0527e+00] t_wall=2026-03-18 23:38:06
[3D] step=10690 t=1069.000000 t_real=1.191713e+03 s <x_B_tot>=1.210489e-01 vf_precip_indicator=9.403104e-02 vf_precip_h=9.415375e-02 R_avg=6.435873e+00 xB_range=[0.0284, 0.0315] Meff_range=[2.8587e-02, 3.0527e+00] t_wall=2026-03-18 23:38:18
[3D] step=10700 t=1070.000000 t_real=1.192827e+03 s <x_B_tot>=1.210489e-01 vf_precip_indicator=9.403104e-02 vf_precip_h=9.415386e-02 R_avg=6.435756e+00 xB_range=[0.0284, 0.0315] Meff_range=[2.8587e-02, 3.0526e+00] t_wall=2026-03-18 23:38:30
[3D] step=10710 t=1071.000000 t_real=1.193942e+03 s <x_B_tot>=1.210490e-01 vf_precip_indicator=9.403169e-02 vf_precip_h=9.415396e-02 R_avg=6.435247e+00 xB_range=[0.0284, 0.0315] Meff_range=[2.8587e-02, 3.0526e+00] t_wall=2026-03-18 23:38:43
[3D] step=10720 t=1072.000000 t_real=1.195057e+03 s <x_B_tot>=1.210490e-01 vf_precip_indicator=9.402984e-02 vf_precip_h=9.415407e-02 R_avg=6.435572e+00 xB_range=[0.0284, 0.0315] Meff_range=[2.8587e-02, 3.0526e+00] t_wall=2026-03-18 23:38:55
[3D] step=10730 t=1073.000000 t_real=1.196172e+03 s <x_B_tot>=1.210491e-01 vf_precip_indicator=9.403008e-02 vf_precip_h=9.415417e-02 R_avg=6.434728e+00 xB_range=[0.0284, 0.0315] Meff_range=[2.8587e-02, 3.0526e+00] t_wall=2026-03-18 23:39:08
[3D] step=10740 t=1074.000000 t_real=1.197287e+03 s <x_B_tot>=1.210491e-01 vf_precip_indicator=9.403056e-02 vf_precip_h=9.415427e-02 R_avg=6.434411e+00 xB_range=[0.0284, 0.0315] Meff_range=[2.8587e-02, 3.0526e+00] t_wall=2026-03-18 23:39:20
[3D] step=10750 t=1075.000000 t_real=1.198401e+03 s <x_B_tot>=1.210492e-01 vf_precip_indicator=9.403104e-02 vf_precip_h=9.415438e-02 R_avg=6.434866e+00 xB_range=[0.0284, 0.0315] Meff_range=[2.8587e-02, 3.0526e+00] t_wall=2026-03-18 23:39:33
[3D] step=10760 t=1076.000000 t_real=1.199516e+03 s <x_B_tot>=1.210492e-01 vf_precip_indicator=9.403181e-02 vf_precip_h=9.415448e-02 R_avg=6.435022e+00 xB_range=[0.0284, 0.0315] Meff_range=[2.8587e-02, 3.0526e+00] t_wall=2026-03-18 23:39:45
[3D] step=10770 t=1077.000000 t_real=1.200631e+03 s <x_B_tot>=1.210493e-01 vf_precip_indicator=9.403133e-02 vf_precip_h=9.415459e-02 R_avg=6.434814e+00 xB_range=[0.0284, 0.0315] Meff_range=[2.8587e-02, 3.0526e+00] t_wall=2026-03-18 23:39:58
[3D] step=10780 t=1078.000000 t_real=1.201746e+03 s <x_B_tot>=1.210493e-01 vf_precip_indicator=9.403026e-02 vf_precip_h=9.415469e-02 R_avg=6.434668e+00 xB_range=[0.0284, 0.0315] Meff_range=[2.8587e-02, 3.0526e+00] t_wall=2026-03-18 23:40:10
[3D] step=10790 t=1079.000000 t_real=1.202861e+03 s <x_B_tot>=1.210494e-01 vf_precip_indicator=9.403163e-02 vf_precip_h=9.415479e-02 R_avg=6.434995e+00 xB_range=[0.0284, 0.0315] Meff_range=[2.8587e-02, 3.0526e+00] t_wall=2026-03-18 23:40:23
[3D] step=10800 t=1080.000000 t_real=1.203975e+03 s <x_B_tot>=1.210494e-01 vf_precip_indicator=9.403217e-02 vf_precip_h=9.415490e-02 R_avg=6.435279e+00 xB_range=[0.0284, 0.0315] Meff_range=[2.8587e-02, 3.0526e+00] t_wall=2026-03-18 23:40:35
[3D] step=10810 t=1081.000000 t_real=1.205090e+03 s <x_B_tot>=1.210495e-01 vf_precip_indicator=9.403270e-02 vf_precip_h=9.415500e-02 R_avg=6.435827e+00 xB_range=[0.0284, 0.0315] Meff_range=[2.8587e-02, 3.0526e+00] t_wall=2026-03-18 23:40:47
[3D] step=10820 t=1082.000000 t_real=1.206205e+03 s <x_B_tot>=1.210495e-01 vf_precip_indicator=9.403300e-02 vf_precip_h=9.415511e-02 R_avg=6.436445e+00 xB_range=[0.0284, 0.0315] Meff_range=[2.8587e-02, 3.0526e+00] t_wall=2026-03-18 23:41:00
[3D] step=10830 t=1083.000000 t_real=1.207320e+03 s <x_B_tot>=1.210496e-01 vf_precip_indicator=9.403414e-02 vf_precip_h=9.415521e-02 R_avg=6.437354e+00 xB_range=[0.0284, 0.0315] Meff_range=[2.8586e-02, 3.0526e+00] t_wall=2026-03-18 23:41:12
[3D] step=10840 t=1084.000000 t_real=1.208435e+03 s <x_B_tot>=1.210496e-01 vf_precip_indicator=9.403366e-02 vf_precip_h=9.415531e-02 R_avg=6.437176e+00 xB_range=[0.0284, 0.0315] Meff_range=[2.8586e-02, 3.0526e+00] t_wall=2026-03-18 23:41:25
[3D] step=10850 t=1085.000000 t_real=1.209549e+03 s <x_B_tot>=1.210497e-01 vf_precip_indicator=9.403622e-02 vf_precip_h=9.415542e-02 R_avg=6.437847e+00 xB_range=[0.0284, 0.0315] Meff_range=[2.8586e-02, 3.0526e+00] t_wall=2026-03-18 23:41:37
[3D] step=10860 t=1086.000000 t_real=1.210664e+03 s <x_B_tot>=1.210497e-01 vf_precip_indicator=9.403694e-02 vf_precip_h=9.415552e-02 R_avg=6.437283e+00 xB_range=[0.0284, 0.0315] Meff_range=[2.8586e-02, 3.0525e+00] t_wall=2026-03-18 23:41:50
[3D] step=10870 t=1087.000000 t_real=1.211779e+03 s <x_B_tot>=1.210498e-01 vf_precip_indicator=9.403723e-02 vf_precip_h=9.415563e-02 R_avg=6.437260e+00 xB_range=[0.0284, 0.0315] Meff_range=[2.8586e-02, 3.0525e+00] t_wall=2026-03-18 23:42:02
[3D] step=10880 t=1088.000000 t_real=1.212894e+03 s <x_B_tot>=1.210498e-01 vf_precip_indicator=9.403765e-02 vf_precip_h=9.415573e-02 R_avg=6.437741e+00 xB_range=[0.0284, 0.0315] Meff_range=[2.8586e-02, 3.0525e+00] t_wall=2026-03-18 23:42:15
[3D] step=10890 t=1089.000000 t_real=1.214008e+03 s <x_B_tot>=1.210499e-01 vf_precip_indicator=9.403777e-02 vf_precip_h=9.415584e-02 R_avg=6.437632e+00 xB_range=[0.0284, 0.0315] Meff_range=[2.8586e-02, 3.0525e+00] t_wall=2026-03-18 23:42:27
[3D] step=10900 t=1090.000000 t_real=1.215123e+03 s <x_B_tot>=1.210499e-01 vf_precip_indicator=9.403801e-02 vf_precip_h=9.415594e-02 R_avg=6.437911e+00 xB_range=[0.0284, 0.0315] Meff_range=[2.8586e-02, 3.0525e+00] t_wall=2026-03-18 23:42:40
[3D] step=10910 t=1091.000000 t_real=1.216238e+03 s <x_B_tot>=1.210500e-01 vf_precip_indicator=9.403759e-02 vf_precip_h=9.415604e-02 R_avg=6.438291e+00 xB_range=[0.0284, 0.0315] Meff_range=[2.8586e-02, 3.0525e+00] t_wall=2026-03-18 23:42:52
[3D] step=10920 t=1092.000000 t_real=1.217353e+03 s <x_B_tot>=1.210500e-01 vf_precip_indicator=9.403712e-02 vf_precip_h=9.415615e-02 R_avg=6.438463e+00 xB_range=[0.0284, 0.0315] Meff_range=[2.8586e-02, 3.0525e+00] t_wall=2026-03-18 23:43:04
[3D] step=10930 t=1093.000000 t_real=1.218468e+03 s <x_B_tot>=1.210501e-01 vf_precip_indicator=9.403723e-02 vf_precip_h=9.415625e-02 R_avg=6.438851e+00 xB_range=[0.0284, 0.0315] Meff_range=[2.8586e-02, 3.0525e+00] t_wall=2026-03-18 23:43:17
[3D] step=10940 t=1094.000000 t_real=1.219582e+03 s <x_B_tot>=1.210501e-01 vf_precip_indicator=9.403580e-02 vf_precip_h=9.415636e-02 R_avg=6.438534e+00 xB_range=[0.0284, 0.0315] Meff_range=[2.8586e-02, 3.0525e+00] t_wall=2026-03-18 23:43:29
[3D] step=10950 t=1095.000000 t_real=1.220697e+03 s <x_B_tot>=1.210502e-01 vf_precip_indicator=9.403533e-02 vf_precip_h=9.415646e-02 R_avg=6.438808e+00 xB_range=[0.0284, 0.0315] Meff_range=[2.8586e-02, 3.0525e+00] t_wall=2026-03-18 23:43:42
[3D] step=10960 t=1096.000000 t_real=1.221812e+03 s <x_B_tot>=1.210502e-01 vf_precip_indicator=9.403765e-02 vf_precip_h=9.415657e-02 R_avg=6.439040e+00 xB_range=[0.0284, 0.0315] Meff_range=[2.8585e-02, 3.0525e+00] t_wall=2026-03-18 23:43:54
[3D] step=10970 t=1097.000000 t_real=1.222927e+03 s <x_B_tot>=1.210503e-01 vf_precip_indicator=9.403813e-02 vf_precip_h=9.415667e-02 R_avg=6.439204e+00 xB_range=[0.0284, 0.0315] Meff_range=[2.8585e-02, 3.0525e+00] t_wall=2026-03-18 23:44:07
[3D] step=10980 t=1098.000000 t_real=1.224042e+03 s <x_B_tot>=1.210503e-01 vf_precip_indicator=9.403872e-02 vf_precip_h=9.415678e-02 R_avg=6.439186e+00 xB_range=[0.0284, 0.0315] Meff_range=[2.8585e-02, 3.0525e+00] t_wall=2026-03-18 23:44:19
[3D] step=10990 t=1099.000000 t_real=1.225156e+03 s <x_B_tot>=1.210504e-01 vf_precip_indicator=9.403783e-02 vf_precip_h=9.415688e-02 R_avg=6.438687e+00 xB_range=[0.0284, 0.0315] Meff_range=[2.8585e-02, 3.0525e+00] t_wall=2026-03-18 23:44:32
[3D] step=11000 t=1100.000000 t_real=1.226271e+03 s <x_B_tot>=1.210504e-01 vf_precip_indicator=9.403914e-02 vf_precip_h=9.415699e-02 R_avg=6.439113e+00 xB_range=[0.0284, 0.0315] Meff_range=[2.8585e-02, 3.0524e+00] t_wall=2026-03-18 23:44:44
[3D] step=11010 t=1101.000000 t_real=1.227386e+03 s <x_B_tot>=1.210505e-01 vf_precip_indicator=9.404284e-02 vf_precip_h=9.415709e-02 R_avg=6.440227e+00 xB_range=[0.0284, 0.0315] Meff_range=[2.8585e-02, 3.0524e+00] t_wall=2026-03-18 23:44:57
[3D] step=11020 t=1102.000000 t_real=1.228501e+03 s <x_B_tot>=1.210505e-01 vf_precip_indicator=9.404272e-02 vf_precip_h=9.415719e-02 R_avg=6.440877e+00 xB_range=[0.0284, 0.0315] Meff_range=[2.8585e-02, 3.0524e+00] t_wall=2026-03-18 23:45:09
[3D] step=11030 t=1103.000000 t_real=1.229616e+03 s <x_B_tot>=1.210506e-01 vf_precip_indicator=9.404236e-02 vf_precip_h=9.415730e-02 R_avg=6.440677e+00 xB_range=[0.0284, 0.0315] Meff_range=[2.8585e-02, 3.0524e+00] t_wall=2026-03-18 23:45:21
[3D] step=11040 t=1104.000000 t_real=1.230730e+03 s <x_B_tot>=1.210506e-01 vf_precip_indicator=9.404182e-02 vf_precip_h=9.415740e-02 R_avg=6.439793e+00 xB_range=[0.0284, 0.0315] Meff_range=[2.8585e-02, 3.0524e+00] t_wall=2026-03-18 23:45:34
[3D] step=11050 t=1105.000000 t_real=1.231845e+03 s <x_B_tot>=1.210507e-01 vf_precip_indicator=9.404057e-02 vf_precip_h=9.415751e-02 R_avg=6.439853e+00 xB_range=[0.0284, 0.0315] Meff_range=[2.8585e-02, 3.0524e+00] t_wall=2026-03-18 23:45:46
[3D] step=11060 t=1106.000000 t_real=1.232960e+03 s <x_B_tot>=1.210507e-01 vf_precip_indicator=9.404087e-02 vf_precip_h=9.415761e-02 R_avg=6.440166e+00 xB_range=[0.0284, 0.0315] Meff_range=[2.8585e-02, 3.0524e+00] t_wall=2026-03-18 23:45:59
[3D] step=11070 t=1107.000000 t_real=1.234075e+03 s <x_B_tot>=1.210508e-01 vf_precip_indicator=9.404057e-02 vf_precip_h=9.415772e-02 R_avg=6.440102e+00 xB_range=[0.0284, 0.0315] Meff_range=[2.8585e-02, 3.0524e+00] t_wall=2026-03-18 23:46:11
[3D] step=11080 t=1108.000000 t_real=1.235190e+03 s <x_B_tot>=1.210508e-01 vf_precip_indicator=9.404206e-02 vf_precip_h=9.415782e-02 R_avg=6.440408e+00 xB_range=[0.0284, 0.0315] Meff_range=[2.8585e-02, 3.0524e+00] t_wall=2026-03-18 23:46:24
[3D] step=11090 t=1109.000000 t_real=1.236304e+03 s <x_B_tot>=1.210509e-01 vf_precip_indicator=9.404272e-02 vf_precip_h=9.415793e-02 R_avg=6.440614e+00 xB_range=[0.0284, 0.0315] Meff_range=[2.8584e-02, 3.0524e+00] t_wall=2026-03-18 23:46:36
[3D] step=11100 t=1110.000000 t_real=1.237419e+03 s <x_B_tot>=1.210509e-01 vf_precip_indicator=9.404212e-02 vf_precip_h=9.415803e-02 R_avg=6.440456e+00 xB_range=[0.0284, 0.0315] Meff_range=[2.8584e-02, 3.0524e+00] t_wall=2026-03-18 23:46:49
[3D] step=11110 t=1111.000000 t_real=1.238534e+03 s <x_B_tot>=1.210510e-01 vf_precip_indicator=9.404206e-02 vf_precip_h=9.415814e-02 R_avg=6.441022e+00 xB_range=[0.0284, 0.0315] Meff_range=[2.8584e-02, 3.0524e+00] t_wall=2026-03-18 23:47:01
[3D] step=11120 t=1112.000000 t_real=1.239649e+03 s <x_B_tot>=1.210510e-01 vf_precip_indicator=9.404290e-02 vf_precip_h=9.415824e-02 R_avg=6.441429e+00 xB_range=[0.0284, 0.0315] Meff_range=[2.8584e-02, 3.0524e+00] t_wall=2026-03-18 23:47:13
[3D] step=11130 t=1113.000000 t_real=1.240763e+03 s <x_B_tot>=1.210511e-01 vf_precip_indicator=9.404564e-02 vf_precip_h=9.415835e-02 R_avg=6.441807e+00 xB_range=[0.0284, 0.0315] Meff_range=[2.8584e-02, 3.0524e+00] t_wall=2026-03-18 23:47:26
[3D] step=11140 t=1114.000000 t_real=1.241878e+03 s <x_B_tot>=1.210511e-01 vf_precip_indicator=9.404743e-02 vf_precip_h=9.415845e-02 R_avg=6.441608e+00 xB_range=[0.0284, 0.0315] Meff_range=[2.8584e-02, 3.0523e+00] t_wall=2026-03-18 23:47:38
[3D] step=11150 t=1115.000000 t_real=1.242993e+03 s <x_B_tot>=1.210512e-01 vf_precip_indicator=9.404731e-02 vf_precip_h=9.415856e-02 R_avg=6.441366e+00 xB_range=[0.0284, 0.0315] Meff_range=[2.8584e-02, 3.0523e+00] t_wall=2026-03-18 23:47:51
[3D] step=11160 t=1116.000000 t_real=1.244108e+03 s <x_B_tot>=1.210512e-01 vf_precip_indicator=9.404737e-02 vf_precip_h=9.415866e-02 R_avg=6.440903e+00 xB_range=[0.0284, 0.0315] Meff_range=[2.8584e-02, 3.0523e+00] t_wall=2026-03-18 23:48:03
[3D] step=11170 t=1117.000000 t_real=1.245223e+03 s <x_B_tot>=1.210513e-01 vf_precip_indicator=9.404838e-02 vf_precip_h=9.415877e-02 R_avg=6.441191e+00 xB_range=[0.0284, 0.0315] Meff_range=[2.8584e-02, 3.0523e+00] t_wall=2026-03-18 23:48:16
[3D] step=11180 t=1118.000000 t_real=1.246337e+03 s <x_B_tot>=1.210513e-01 vf_precip_indicator=9.404767e-02 vf_precip_h=9.415887e-02 R_avg=6.440500e+00 xB_range=[0.0284, 0.0315] Meff_range=[2.8584e-02, 3.0523e+00] t_wall=2026-03-18 23:48:28
[3D] step=11190 t=1119.000000 t_real=1.247452e+03 s <x_B_tot>=1.210514e-01 vf_precip_indicator=9.404761e-02 vf_precip_h=9.415898e-02 R_avg=6.440817e+00 xB_range=[0.0284, 0.0315] Meff_range=[2.8584e-02, 3.0523e+00] t_wall=2026-03-18 23:48:41
[3D] step=11200 t=1120.000000 t_real=1.248567e+03 s <x_B_tot>=1.210514e-01 vf_precip_indicator=9.404820e-02 vf_precip_h=9.415908e-02 R_avg=6.441004e+00 xB_range=[0.0284, 0.0315] Meff_range=[2.8584e-02, 3.0523e+00] t_wall=2026-03-18 23:48:53
[3D] step=11210 t=1121.000000 t_real=1.249682e+03 s <x_B_tot>=1.210515e-01 vf_precip_indicator=9.404606e-02 vf_precip_h=9.415919e-02 R_avg=6.441251e+00 xB_range=[0.0284, 0.0315] Meff_range=[2.8584e-02, 3.0523e+00] t_wall=2026-03-18 23:49:06
[3D] step=11220 t=1122.000000 t_real=1.250797e+03 s <x_B_tot>=1.210515e-01 vf_precip_indicator=9.404582e-02 vf_precip_h=9.415929e-02 R_avg=6.441732e+00 xB_range=[0.0284, 0.0315] Meff_range=[2.8583e-02, 3.0523e+00] t_wall=2026-03-18 23:49:18
[3D] step=11230 t=1123.000000 t_real=1.251911e+03 s <x_B_tot>=1.210516e-01 vf_precip_indicator=9.404600e-02 vf_precip_h=9.415940e-02 R_avg=6.442840e+00 xB_range=[0.0284, 0.0315] Meff_range=[2.8583e-02, 3.0523e+00] t_wall=2026-03-18 23:49:30
[3D] step=11240 t=1124.000000 t_real=1.253026e+03 s <x_B_tot>=1.210516e-01 vf_precip_indicator=9.404564e-02 vf_precip_h=9.415950e-02 R_avg=6.442625e+00 xB_range=[0.0284, 0.0315] Meff_range=[2.8583e-02, 3.0523e+00] t_wall=2026-03-18 23:49:43
[3D] step=11250 t=1125.000000 t_real=1.254141e+03 s <x_B_tot>=1.210517e-01 vf_precip_indicator=9.404713e-02 vf_precip_h=9.415961e-02 R_avg=6.443254e+00 xB_range=[0.0284, 0.0315] Meff_range=[2.8583e-02, 3.0523e+00] t_wall=2026-03-18 23:49:55
[3D] step=11260 t=1126.000000 t_real=1.255256e+03 s <x_B_tot>=1.210518e-01 vf_precip_indicator=9.404719e-02 vf_precip_h=9.415971e-02 R_avg=6.443068e+00 xB_range=[0.0284, 0.0315] Meff_range=[2.8583e-02, 3.0522e+00] t_wall=2026-03-18 23:50:08
[3D] step=11270 t=1127.000000 t_real=1.256371e+03 s <x_B_tot>=1.210518e-01 vf_precip_indicator=9.404790e-02 vf_precip_h=9.415982e-02 R_avg=6.443365e+00 xB_range=[0.0284, 0.0315] Meff_range=[2.8583e-02, 3.0522e+00] t_wall=2026-03-18 23:50:20
[3D] step=11280 t=1128.000000 t_real=1.257485e+03 s <x_B_tot>=1.210519e-01 vf_precip_indicator=9.404886e-02 vf_precip_h=9.415992e-02 R_avg=6.443504e+00 xB_range=[0.0284, 0.0315] Meff_range=[2.8583e-02, 3.0522e+00] t_wall=2026-03-18 23:50:33
[3D] step=11290 t=1129.000000 t_real=1.258600e+03 s <x_B_tot>=1.210519e-01 vf_precip_indicator=9.404832e-02 vf_precip_h=9.416003e-02 R_avg=6.443803e+00 xB_range=[0.0284, 0.0315] Meff_range=[2.8583e-02, 3.0522e+00] t_wall=2026-03-18 23:50:45
[3D] step=11300 t=1130.000000 t_real=1.259715e+03 s <x_B_tot>=1.210520e-01 vf_precip_indicator=9.404939e-02 vf_precip_h=9.416014e-02 R_avg=6.444578e+00 xB_range=[0.0284, 0.0315] Meff_range=[2.8583e-02, 3.0522e+00] t_wall=2026-03-18 23:50:58
[3D] step=11310 t=1131.000000 t_real=1.260830e+03 s <x_B_tot>=1.210520e-01 vf_precip_indicator=9.404999e-02 vf_precip_h=9.416024e-02 R_avg=6.445160e+00 xB_range=[0.0284, 0.0315] Meff_range=[2.8583e-02, 3.0522e+00] t_wall=2026-03-18 23:51:10
[3D] step=11320 t=1132.000000 t_real=1.261945e+03 s <x_B_tot>=1.210521e-01 vf_precip_indicator=9.405059e-02 vf_precip_h=9.416035e-02 R_avg=6.444485e+00 xB_range=[0.0284, 0.0315] Meff_range=[2.8583e-02, 3.0522e+00] t_wall=2026-03-18 23:51:23
[3D] step=11330 t=1133.000000 t_real=1.263059e+03 s <x_B_tot>=1.210521e-01 vf_precip_indicator=9.405100e-02 vf_precip_h=9.416045e-02 R_avg=6.444908e+00 xB_range=[0.0284, 0.0315] Meff_range=[2.8583e-02, 3.0522e+00] t_wall=2026-03-18 23:51:35
[3D] step=11340 t=1134.000000 t_real=1.264174e+03 s <x_B_tot>=1.210522e-01 vf_precip_indicator=9.405017e-02 vf_precip_h=9.416056e-02 R_avg=6.445216e+00 xB_range=[0.0284, 0.0315] Meff_range=[2.8583e-02, 3.0522e+00] t_wall=2026-03-18 23:51:47
[3D] step=11350 t=1135.000000 t_real=1.265289e+03 s <x_B_tot>=1.210522e-01 vf_precip_indicator=9.405065e-02 vf_precip_h=9.416066e-02 R_avg=6.445176e+00 xB_range=[0.0284, 0.0315] Meff_range=[2.8582e-02, 3.0522e+00] t_wall=2026-03-18 23:52:00
[3D] step=11360 t=1136.000000 t_real=1.266404e+03 s <x_B_tot>=1.210523e-01 vf_precip_indicator=9.405160e-02 vf_precip_h=9.416077e-02 R_avg=6.445739e+00 xB_range=[0.0284, 0.0315] Meff_range=[2.8582e-02, 3.0522e+00] t_wall=2026-03-18 23:52:12
[3D] step=11370 t=1137.000000 t_real=1.267519e+03 s <x_B_tot>=1.210523e-01 vf_precip_indicator=9.405243e-02 vf_precip_h=9.416087e-02 R_avg=6.445401e+00 xB_range=[0.0284, 0.0315] Meff_range=[2.8582e-02, 3.0522e+00] t_wall=2026-03-18 23:52:25
[3D] step=11380 t=1138.000000 t_real=1.268633e+03 s <x_B_tot>=1.210524e-01 vf_precip_indicator=9.405035e-02 vf_precip_h=9.416098e-02 R_avg=6.445273e+00 xB_range=[0.0284, 0.0315] Meff_range=[2.8582e-02, 3.0522e+00] t_wall=2026-03-18 23:52:37
[3D] step=11390 t=1139.000000 t_real=1.269748e+03 s <x_B_tot>=1.210524e-01 vf_precip_indicator=9.404999e-02 vf_precip_h=9.416108e-02 R_avg=6.445848e+00 xB_range=[0.0284, 0.0315] Meff_range=[2.8582e-02, 3.0521e+00] t_wall=2026-03-18 23:52:50
[3D] step=11400 t=1140.000000 t_real=1.270863e+03 s <x_B_tot>=1.210525e-01 vf_precip_indicator=9.404862e-02 vf_precip_h=9.416119e-02 R_avg=6.445330e+00 xB_range=[0.0284, 0.0315] Meff_range=[2.8582e-02, 3.0521e+00] t_wall=2026-03-18 23:53:02
[3D] step=11410 t=1141.000000 t_real=1.271978e+03 s <x_B_tot>=1.210525e-01 vf_precip_indicator=9.404975e-02 vf_precip_h=9.416130e-02 R_avg=6.445188e+00 xB_range=[0.0284, 0.0315] Meff_range=[2.8582e-02, 3.0521e+00] t_wall=2026-03-18 23:53:15
[3D] step=11420 t=1142.000000 t_real=1.273092e+03 s <x_B_tot>=1.210526e-01 vf_precip_indicator=9.405166e-02 vf_precip_h=9.416140e-02 R_avg=6.445699e+00 xB_range=[0.0284, 0.0315] Meff_range=[2.8582e-02, 3.0521e+00] t_wall=2026-03-18 23:53:27
[3D] step=11430 t=1143.000000 t_real=1.274207e+03 s <x_B_tot>=1.210526e-01 vf_precip_indicator=9.405071e-02 vf_precip_h=9.416151e-02 R_avg=6.445999e+00 xB_range=[0.0284, 0.0315] Meff_range=[2.8582e-02, 3.0521e+00] t_wall=2026-03-18 23:53:39
[3D] step=11440 t=1144.000000 t_real=1.275322e+03 s <x_B_tot>=1.210527e-01 vf_precip_indicator=9.404701e-02 vf_precip_h=9.416161e-02 R_avg=6.445600e+00 xB_range=[0.0284, 0.0315] Meff_range=[2.8582e-02, 3.0521e+00] t_wall=2026-03-18 23:53:52
[3D] step=11450 t=1145.000000 t_real=1.276437e+03 s <x_B_tot>=1.210527e-01 vf_precip_indicator=9.404832e-02 vf_precip_h=9.416172e-02 R_avg=6.445353e+00 xB_range=[0.0284, 0.0315] Meff_range=[2.8582e-02, 3.0521e+00] t_wall=2026-03-18 23:54:04
[3D] step=11460 t=1146.000000 t_real=1.277552e+03 s <x_B_tot>=1.210528e-01 vf_precip_indicator=9.404880e-02 vf_precip_h=9.416182e-02 R_avg=6.445342e+00 xB_range=[0.0284, 0.0315] Meff_range=[2.8582e-02, 3.0521e+00] t_wall=2026-03-18 23:54:17
[3D] step=11470 t=1147.000000 t_real=1.278666e+03 s <x_B_tot>=1.210528e-01 vf_precip_indicator=9.404737e-02 vf_precip_h=9.416193e-02 R_avg=6.444820e+00 xB_range=[0.0284, 0.0315] Meff_range=[2.8581e-02, 3.0521e+00] t_wall=2026-03-18 23:54:29
[3D] step=11480 t=1148.000000 t_real=1.279781e+03 s <x_B_tot>=1.210529e-01 vf_precip_indicator=9.404767e-02 vf_precip_h=9.416204e-02 R_avg=6.444884e+00 xB_range=[0.0284, 0.0315] Meff_range=[2.8581e-02, 3.0521e+00] t_wall=2026-03-18 23:54:42
[3D] step=11490 t=1149.000000 t_real=1.280896e+03 s <x_B_tot>=1.210529e-01 vf_precip_indicator=9.404820e-02 vf_precip_h=9.416214e-02 R_avg=6.444716e+00 xB_range=[0.0284, 0.0315] Meff_range=[2.8581e-02, 3.0521e+00] t_wall=2026-03-18 23:54:54
[3D] step=11500 t=1150.000000 t_real=1.282011e+03 s <x_B_tot>=1.210530e-01 vf_precip_indicator=9.404713e-02 vf_precip_h=9.416225e-02 R_avg=6.444306e+00 xB_range=[0.0284, 0.0315] Meff_range=[2.8581e-02, 3.0520e+00] t_wall=2026-03-18 23:55:07
[3D] step=11510 t=1151.000000 t_real=1.283126e+03 s <x_B_tot>=1.210530e-01 vf_precip_indicator=9.404951e-02 vf_precip_h=9.416235e-02 R_avg=6.444367e+00 xB_range=[0.0284, 0.0315] Meff_range=[2.8581e-02, 3.0520e+00] t_wall=2026-03-18 23:55:19
[3D] step=11520 t=1152.000000 t_real=1.284240e+03 s <x_B_tot>=1.210531e-01 vf_precip_indicator=9.404832e-02 vf_precip_h=9.416246e-02 R_avg=6.444797e+00 xB_range=[0.0284, 0.0315] Meff_range=[2.8581e-02, 3.0520e+00] t_wall=2026-03-18 23:55:32
[3D] step=11530 t=1153.000000 t_real=1.285355e+03 s <x_B_tot>=1.210531e-01 vf_precip_indicator=9.404904e-02 vf_precip_h=9.416257e-02 R_avg=6.444554e+00 xB_range=[0.0284, 0.0315] Meff_range=[2.8581e-02, 3.0520e+00] t_wall=2026-03-18 23:55:44
[3D] step=11540 t=1154.000000 t_real=1.286470e+03 s <x_B_tot>=1.210532e-01 vf_precip_indicator=9.404910e-02 vf_precip_h=9.416267e-02 R_avg=6.443959e+00 xB_range=[0.0284, 0.0315] Meff_range=[2.8581e-02, 3.0520e+00] t_wall=2026-03-18 23:55:56
[3D] step=11550 t=1155.000000 t_real=1.287585e+03 s <x_B_tot>=1.210532e-01 vf_precip_indicator=9.404933e-02 vf_precip_h=9.416278e-02 R_avg=6.444457e+00 xB_range=[0.0284, 0.0315] Meff_range=[2.8581e-02, 3.0520e+00] t_wall=2026-03-18 23:56:09
[3D] step=11560 t=1156.000000 t_real=1.288700e+03 s <x_B_tot>=1.210533e-01 vf_precip_indicator=9.404969e-02 vf_precip_h=9.416288e-02 R_avg=6.445476e+00 xB_range=[0.0284, 0.0315] Meff_range=[2.8581e-02, 3.0520e+00] t_wall=2026-03-18 23:56:21
[3D] step=11570 t=1157.000000 t_real=1.289814e+03 s <x_B_tot>=1.210533e-01 vf_precip_indicator=9.404981e-02 vf_precip_h=9.416299e-02 R_avg=6.444973e+00 xB_range=[0.0284, 0.0315] Meff_range=[2.8581e-02, 3.0520e+00] t_wall=2026-03-18 23:56:34
[3D] step=11580 t=1158.000000 t_real=1.290929e+03 s <x_B_tot>=1.210534e-01 vf_precip_indicator=9.404784e-02 vf_precip_h=9.416310e-02 R_avg=6.445130e+00 xB_range=[0.0284, 0.0315] Meff_range=[2.8581e-02, 3.0520e+00] t_wall=2026-03-18 23:56:46
[3D] step=11590 t=1159.000000 t_real=1.292044e+03 s <x_B_tot>=1.210534e-01 vf_precip_indicator=9.404868e-02 vf_precip_h=9.416320e-02 R_avg=6.445275e+00 xB_range=[0.0284, 0.0315] Meff_range=[2.8581e-02, 3.0520e+00] t_wall=2026-03-18 23:56:59
[3D] step=11600 t=1160.000000 t_real=1.293159e+03 s <x_B_tot>=1.210535e-01 vf_precip_indicator=9.404677e-02 vf_precip_h=9.416331e-02 R_avg=6.445145e+00 xB_range=[0.0284, 0.0315] Meff_range=[2.8580e-02, 3.0520e+00] t_wall=2026-03-18 23:57:11
[3D] step=11610 t=1161.000000 t_real=1.294274e+03 s <x_B_tot>=1.210535e-01 vf_precip_indicator=9.404677e-02 vf_precip_h=9.416341e-02 R_avg=6.445613e+00 xB_range=[0.0284, 0.0315] Meff_range=[2.8580e-02, 3.0520e+00] t_wall=2026-03-18 23:57:24
[3D] step=11620 t=1162.000000 t_real=1.295388e+03 s <x_B_tot>=1.210536e-01 vf_precip_indicator=9.404731e-02 vf_precip_h=9.416352e-02 R_avg=6.446132e+00 xB_range=[0.0284, 0.0315] Meff_range=[2.8580e-02, 3.0519e+00] t_wall=2026-03-18 23:57:36
[3D] step=11630 t=1163.000000 t_real=1.296503e+03 s <x_B_tot>=1.210536e-01 vf_precip_indicator=9.404850e-02 vf_precip_h=9.416363e-02 R_avg=6.445643e+00 xB_range=[0.0284, 0.0315] Meff_range=[2.8580e-02, 3.0519e+00] t_wall=2026-03-18 23:57:48
[3D] step=11640 t=1164.000000 t_real=1.297618e+03 s <x_B_tot>=1.210537e-01 vf_precip_indicator=9.404790e-02 vf_precip_h=9.416373e-02 R_avg=6.446392e+00 xB_range=[0.0284, 0.0315] Meff_range=[2.8580e-02, 3.0519e+00] t_wall=2026-03-18 23:58:01
[3D] step=11650 t=1165.000000 t_real=1.298733e+03 s <x_B_tot>=1.210538e-01 vf_precip_indicator=9.404570e-02 vf_precip_h=9.416384e-02 R_avg=6.446022e+00 xB_range=[0.0284, 0.0315] Meff_range=[2.8580e-02, 3.0519e+00] t_wall=2026-03-18 23:58:13
[3D] step=11660 t=1166.000000 t_real=1.299847e+03 s <x_B_tot>=1.210538e-01 vf_precip_indicator=9.404552e-02 vf_precip_h=9.416394e-02 R_avg=6.445556e+00 xB_range=[0.0284, 0.0315] Meff_range=[2.8580e-02, 3.0519e+00] t_wall=2026-03-18 23:58:26
[3D] step=11670 t=1167.000000 t_real=1.300962e+03 s <x_B_tot>=1.210539e-01 vf_precip_indicator=9.404641e-02 vf_precip_h=9.416405e-02 R_avg=6.446042e+00 xB_range=[0.0284, 0.0315] Meff_range=[2.8580e-02, 3.0519e+00] t_wall=2026-03-18 23:58:38
[3D] step=11680 t=1168.000000 t_real=1.302077e+03 s <x_B_tot>=1.210539e-01 vf_precip_indicator=9.404880e-02 vf_precip_h=9.416416e-02 R_avg=6.446425e+00 xB_range=[0.0284, 0.0315] Meff_range=[2.8580e-02, 3.0519e+00] t_wall=2026-03-18 23:58:51
[3D] step=11690 t=1169.000000 t_real=1.303192e+03 s <x_B_tot>=1.210540e-01 vf_precip_indicator=9.404868e-02 vf_precip_h=9.416426e-02 R_avg=6.446519e+00 xB_range=[0.0284, 0.0315] Meff_range=[2.8580e-02, 3.0519e+00] t_wall=2026-03-18 23:59:03
[3D] step=11700 t=1170.000000 t_real=1.304307e+03 s <x_B_tot>=1.210540e-01 vf_precip_indicator=9.404689e-02 vf_precip_h=9.416437e-02 R_avg=6.446806e+00 xB_range=[0.0284, 0.0315] Meff_range=[2.8580e-02, 3.0519e+00] t_wall=2026-03-18 23:59:16
[3D] step=11710 t=1171.000000 t_real=1.305421e+03 s <x_B_tot>=1.210541e-01 vf_precip_indicator=9.404647e-02 vf_precip_h=9.416448e-02 R_avg=6.446485e+00 xB_range=[0.0284, 0.0315] Meff_range=[2.8580e-02, 3.0519e+00] t_wall=2026-03-18 23:59:28
[3D] step=11720 t=1172.000000 t_real=1.306536e+03 s <x_B_tot>=1.210541e-01 vf_precip_indicator=9.404659e-02 vf_precip_h=9.416458e-02 R_avg=6.446449e+00 xB_range=[0.0284, 0.0315] Meff_range=[2.8579e-02, 3.0519e+00] t_wall=2026-03-18 23:59:41
[3D] step=11730 t=1173.000000 t_real=1.307651e+03 s <x_B_tot>=1.210542e-01 vf_precip_indicator=9.404731e-02 vf_precip_h=9.416469e-02 R_avg=6.446074e+00 xB_range=[0.0284, 0.0315] Meff_range=[2.8579e-02, 3.0518e+00] t_wall=2026-03-18 23:59:53
[3D] step=11740 t=1174.000000 t_real=1.308766e+03 s <x_B_tot>=1.210542e-01 vf_precip_indicator=9.404665e-02 vf_precip_h=9.416479e-02 R_avg=6.446482e+00 xB_range=[0.0284, 0.0315] Meff_range=[2.8579e-02, 3.0518e+00] t_wall=2026-03-19 00:00:05
[3D] step=11750 t=1175.000000 t_real=1.309881e+03 s <x_B_tot>=1.210543e-01 vf_precip_indicator=9.404701e-02 vf_precip_h=9.416490e-02 R_avg=6.446712e+00 xB_range=[0.0284, 0.0315] Meff_range=[2.8579e-02, 3.0518e+00] t_wall=2026-03-19 00:00:18
[3D] step=11760 t=1176.000000 t_real=1.310995e+03 s <x_B_tot>=1.210543e-01 vf_precip_indicator=9.404802e-02 vf_precip_h=9.416501e-02 R_avg=6.447001e+00 xB_range=[0.0284, 0.0315] Meff_range=[2.8579e-02, 3.0518e+00] t_wall=2026-03-19 00:00:30
[3D] step=11770 t=1177.000000 t_real=1.312110e+03 s <x_B_tot>=1.210544e-01 vf_precip_indicator=9.404808e-02 vf_precip_h=9.416511e-02 R_avg=6.446771e+00 xB_range=[0.0284, 0.0315] Meff_range=[2.8579e-02, 3.0518e+00] t_wall=2026-03-19 00:00:43
[3D] step=11780 t=1178.000000 t_real=1.313225e+03 s <x_B_tot>=1.210544e-01 vf_precip_indicator=9.405094e-02 vf_precip_h=9.416522e-02 R_avg=6.446703e+00 xB_range=[0.0284, 0.0315] Meff_range=[2.8579e-02, 3.0518e+00] t_wall=2026-03-19 00:00:55
[3D] step=11790 t=1179.000000 t_real=1.314340e+03 s <x_B_tot>=1.210545e-01 vf_precip_indicator=9.404910e-02 vf_precip_h=9.416533e-02 R_avg=6.446752e+00 xB_range=[0.0284, 0.0315] Meff_range=[2.8579e-02, 3.0518e+00] t_wall=2026-03-19 00:01:08
[3D] step=11800 t=1180.000000 t_real=1.315455e+03 s <x_B_tot>=1.210545e-01 vf_precip_indicator=9.405047e-02 vf_precip_h=9.416543e-02 R_avg=6.446524e+00 xB_range=[0.0284, 0.0315] Meff_range=[2.8579e-02, 3.0518e+00] t_wall=2026-03-19 00:01:20
[3D] step=11810 t=1181.000000 t_real=1.316569e+03 s <x_B_tot>=1.210546e-01 vf_precip_indicator=9.405106e-02 vf_precip_h=9.416554e-02 R_avg=6.447107e+00 xB_range=[0.0284, 0.0315] Meff_range=[2.8579e-02, 3.0518e+00] t_wall=2026-03-19 00:01:33
[3D] step=11820 t=1182.000000 t_real=1.317684e+03 s <x_B_tot>=1.210546e-01 vf_precip_indicator=9.405309e-02 vf_precip_h=9.416565e-02 R_avg=6.447245e+00 xB_range=[0.0284, 0.0315] Meff_range=[2.8579e-02, 3.0518e+00] t_wall=2026-03-19 00:01:45
[3D] step=11830 t=1183.000000 t_real=1.318799e+03 s <x_B_tot>=1.210547e-01 vf_precip_indicator=9.405333e-02 vf_precip_h=9.416575e-02 R_avg=6.447233e+00 xB_range=[0.0284, 0.0315] Meff_range=[2.8579e-02, 3.0518e+00] t_wall=2026-03-19 00:01:58
[3D] step=11840 t=1184.000000 t_real=1.319914e+03 s <x_B_tot>=1.210547e-01 vf_precip_indicator=9.405428e-02 vf_precip_h=9.416586e-02 R_avg=6.447415e+00 xB_range=[0.0284, 0.0315] Meff_range=[2.8578e-02, 3.0517e+00] t_wall=2026-03-19 00:02:10
[3D] step=11850 t=1185.000000 t_real=1.321029e+03 s <x_B_tot>=1.210548e-01 vf_precip_indicator=9.405452e-02 vf_precip_h=9.416597e-02 R_avg=6.448310e+00 xB_range=[0.0284, 0.0315] Meff_range=[2.8578e-02, 3.0517e+00] t_wall=2026-03-19 00:02:22
[3D] step=11860 t=1186.000000 t_real=1.322143e+03 s <x_B_tot>=1.210548e-01 vf_precip_indicator=9.405577e-02 vf_precip_h=9.416607e-02 R_avg=6.448176e+00 xB_range=[0.0284, 0.0315] Meff_range=[2.8578e-02, 3.0517e+00] t_wall=2026-03-19 00:02:35
[3D] step=11870 t=1187.000000 t_real=1.323258e+03 s <x_B_tot>=1.210549e-01 vf_precip_indicator=9.405464e-02 vf_precip_h=9.416618e-02 R_avg=6.447893e+00 xB_range=[0.0284, 0.0315] Meff_range=[2.8578e-02, 3.0517e+00] t_wall=2026-03-19 00:02:47
[3D] step=11880 t=1188.000000 t_real=1.324373e+03 s <x_B_tot>=1.210549e-01 vf_precip_indicator=9.405458e-02 vf_precip_h=9.416629e-02 R_avg=6.447670e+00 xB_range=[0.0284, 0.0315] Meff_range=[2.8578e-02, 3.0517e+00] t_wall=2026-03-19 00:03:00
[3D] step=11890 t=1189.000000 t_real=1.325488e+03 s <x_B_tot>=1.210550e-01 vf_precip_indicator=9.405345e-02 vf_precip_h=9.416639e-02 R_avg=6.447182e+00 xB_range=[0.0284, 0.0315] Meff_range=[2.8578e-02, 3.0517e+00] t_wall=2026-03-19 00:03:12
[3D] step=11900 t=1190.000000 t_real=1.326602e+03 s <x_B_tot>=1.210550e-01 vf_precip_indicator=9.405196e-02 vf_precip_h=9.416650e-02 R_avg=6.447446e+00 xB_range=[0.0284, 0.0315] Meff_range=[2.8578e-02, 3.0517e+00] t_wall=2026-03-19 00:03:25
[3D] step=11910 t=1191.000000 t_real=1.327717e+03 s <x_B_tot>=1.210551e-01 vf_precip_indicator=9.405249e-02 vf_precip_h=9.416661e-02 R_avg=6.447512e+00 xB_range=[0.0284, 0.0315] Meff_range=[2.8578e-02, 3.0517e+00] t_wall=2026-03-19 00:03:37
[3D] step=11920 t=1192.000000 t_real=1.328832e+03 s <x_B_tot>=1.210551e-01 vf_precip_indicator=9.405130e-02 vf_precip_h=9.416671e-02 R_avg=6.446728e+00 xB_range=[0.0284, 0.0315] Meff_range=[2.8578e-02, 3.0517e+00] t_wall=2026-03-19 00:03:50
[3D] step=11930 t=1193.000000 t_real=1.329947e+03 s <x_B_tot>=1.210552e-01 vf_precip_indicator=9.405035e-02 vf_precip_h=9.416682e-02 R_avg=6.446297e+00 xB_range=[0.0284, 0.0315] Meff_range=[2.8578e-02, 3.0517e+00] t_wall=2026-03-19 00:04:02
[3D] step=11940 t=1194.000000 t_real=1.331062e+03 s <x_B_tot>=1.210553e-01 vf_precip_indicator=9.405190e-02 vf_precip_h=9.416693e-02 R_avg=6.446930e+00 xB_range=[0.0284, 0.0315] Meff_range=[2.8578e-02, 3.0516e+00] t_wall=2026-03-19 00:04:14
[3D] step=11950 t=1195.000000 t_real=1.332176e+03 s <x_B_tot>=1.210553e-01 vf_precip_indicator=9.405220e-02 vf_precip_h=9.416703e-02 R_avg=6.447477e+00 xB_range=[0.0284, 0.0315] Meff_range=[2.8578e-02, 3.0516e+00] t_wall=2026-03-19 00:04:27
[3D] step=11960 t=1196.000000 t_real=1.333291e+03 s <x_B_tot>=1.210554e-01 vf_precip_indicator=9.405261e-02 vf_precip_h=9.416714e-02 R_avg=6.447681e+00 xB_range=[0.0284, 0.0315] Meff_range=[2.8578e-02, 3.0516e+00] t_wall=2026-03-19 00:04:39
[3D] step=11970 t=1197.000000 t_real=1.334406e+03 s <x_B_tot>=1.210554e-01 vf_precip_indicator=9.405321e-02 vf_precip_h=9.416725e-02 R_avg=6.447751e+00 xB_range=[0.0284, 0.0315] Meff_range=[2.8577e-02, 3.0516e+00] t_wall=2026-03-19 00:04:52
[3D] step=11980 t=1198.000000 t_real=1.335521e+03 s <x_B_tot>=1.210555e-01 vf_precip_indicator=9.405309e-02 vf_precip_h=9.416736e-02 R_avg=6.448255e+00 xB_range=[0.0284, 0.0315] Meff_range=[2.8577e-02, 3.0516e+00] t_wall=2026-03-19 00:05:04
[3D] step=11990 t=1199.000000 t_real=1.336636e+03 s <x_B_tot>=1.210555e-01 vf_precip_indicator=9.405345e-02 vf_precip_h=9.416746e-02 R_avg=6.448748e+00 xB_range=[0.0284, 0.0315] Meff_range=[2.8577e-02, 3.0516e+00] t_wall=2026-03-19 00:05:17
[3D] step=12000 t=1200.000000 t_real=1.337750e+03 s <x_B_tot>=1.210556e-01 vf_precip_indicator=9.405643e-02 vf_precip_h=9.416757e-02 R_avg=6.448499e+00 xB_range=[0.0284, 0.0315] Meff_range=[2.8577e-02, 3.0516e+00] t_wall=2026-03-19 00:05:29
[3D] step=12010 t=1201.000000 t_real=1.338865e+03 s <x_B_tot>=1.210556e-01 vf_precip_indicator=9.405845e-02 vf_precip_h=9.416768e-02 R_avg=6.448945e+00 xB_range=[0.0284, 0.0315] Meff_range=[2.8577e-02, 3.0516e+00] t_wall=2026-03-19 00:05:42
[3D] step=12020 t=1202.000000 t_real=1.339980e+03 s <x_B_tot>=1.210557e-01 vf_precip_indicator=9.405762e-02 vf_precip_h=9.416778e-02 R_avg=6.449503e+00 xB_range=[0.0284, 0.0315] Meff_range=[2.8577e-02, 3.0516e+00] t_wall=2026-03-19 00:05:54
[3D] step=12030 t=1203.000000 t_real=1.341095e+03 s <x_B_tot>=1.210557e-01 vf_precip_indicator=9.405792e-02 vf_precip_h=9.416789e-02 R_avg=6.449729e+00 xB_range=[0.0284, 0.0315] Meff_range=[2.8577e-02, 3.0516e+00] t_wall=2026-03-19 00:06:07
[3D] step=12040 t=1204.000000 t_real=1.342210e+03 s <x_B_tot>=1.210558e-01 vf_precip_indicator=9.405750e-02 vf_precip_h=9.416800e-02 R_avg=6.449524e+00 xB_range=[0.0284, 0.0315] Meff_range=[2.8577e-02, 3.0516e+00] t_wall=2026-03-19 00:06:19
[3D] step=12050 t=1205.000000 t_real=1.343324e+03 s <x_B_tot>=1.210558e-01 vf_precip_indicator=9.405607e-02 vf_precip_h=9.416810e-02 R_avg=6.449324e+00 xB_range=[0.0284, 0.0315] Meff_range=[2.8577e-02, 3.0515e+00] t_wall=2026-03-19 00:06:31
[3D] step=12060 t=1206.000000 t_real=1.344439e+03 s <x_B_tot>=1.210559e-01 vf_precip_indicator=9.405535e-02 vf_precip_h=9.416821e-02 R_avg=6.449802e+00 xB_range=[0.0284, 0.0315] Meff_range=[2.8577e-02, 3.0515e+00] t_wall=2026-03-19 00:06:44
[3D] step=12070 t=1207.000000 t_real=1.345554e+03 s <x_B_tot>=1.210559e-01 vf_precip_indicator=9.405559e-02 vf_precip_h=9.416832e-02 R_avg=6.449965e+00 xB_range=[0.0284, 0.0315] Meff_range=[2.8577e-02, 3.0515e+00] t_wall=2026-03-19 00:06:56
[3D] step=12080 t=1208.000000 t_real=1.346669e+03 s <x_B_tot>=1.210560e-01 vf_precip_indicator=9.405607e-02 vf_precip_h=9.416843e-02 R_avg=6.449778e+00 xB_range=[0.0284, 0.0315] Meff_range=[2.8577e-02, 3.0515e+00] t_wall=2026-03-19 00:07:09
[3D] step=12090 t=1209.000000 t_real=1.347784e+03 s <x_B_tot>=1.210560e-01 vf_precip_indicator=9.405655e-02 vf_precip_h=9.416853e-02 R_avg=6.449298e+00 xB_range=[0.0284, 0.0315] Meff_range=[2.8576e-02, 3.0515e+00] t_wall=2026-03-19 00:07:21
[3D] step=12100 t=1210.000000 t_real=1.348898e+03 s <x_B_tot>=1.210561e-01 vf_precip_indicator=9.405726e-02 vf_precip_h=9.416864e-02 R_avg=6.448966e+00 xB_range=[0.0284, 0.0315] Meff_range=[2.8576e-02, 3.0515e+00] t_wall=2026-03-19 00:07:34
[3D] step=12110 t=1211.000000 t_real=1.350013e+03 s <x_B_tot>=1.210561e-01 vf_precip_indicator=9.405887e-02 vf_precip_h=9.416875e-02 R_avg=6.448901e+00 xB_range=[0.0284, 0.0315] Meff_range=[2.8576e-02, 3.0515e+00] t_wall=2026-03-19 00:07:46
[3D] step=12120 t=1212.000000 t_real=1.351128e+03 s <x_B_tot>=1.210562e-01 vf_precip_indicator=9.405982e-02 vf_precip_h=9.416886e-02 R_avg=6.448805e+00 xB_range=[0.0284, 0.0315] Meff_range=[2.8576e-02, 3.0515e+00] t_wall=2026-03-19 00:07:59
[3D] step=12130 t=1213.000000 t_real=1.352243e+03 s <x_B_tot>=1.210562e-01 vf_precip_indicator=9.406060e-02 vf_precip_h=9.416896e-02 R_avg=6.448712e+00 xB_range=[0.0284, 0.0315] Meff_range=[2.8576e-02, 3.0515e+00] t_wall=2026-03-19 00:08:11
[3D] step=12140 t=1214.000000 t_real=1.353357e+03 s <x_B_tot>=1.210563e-01 vf_precip_indicator=9.406161e-02 vf_precip_h=9.416907e-02 R_avg=6.449338e+00 xB_range=[0.0284, 0.0315] Meff_range=[2.8576e-02, 3.0515e+00] t_wall=2026-03-19 00:08:23
[3D] step=12150 t=1215.000000 t_real=1.354472e+03 s <x_B_tot>=1.210563e-01 vf_precip_indicator=9.406304e-02 vf_precip_h=9.416918e-02 R_avg=6.449655e+00 xB_range=[0.0284, 0.0315] Meff_range=[2.8576e-02, 3.0514e+00] t_wall=2026-03-19 00:08:36
[3D] step=12160 t=1216.000000 t_real=1.355587e+03 s <x_B_tot>=1.210564e-01 vf_precip_indicator=9.406501e-02 vf_precip_h=9.416928e-02 R_avg=6.449571e+00 xB_range=[0.0284, 0.0315] Meff_range=[2.8576e-02, 3.0514e+00] t_wall=2026-03-19 00:08:48
[3D] step=12170 t=1217.000000 t_real=1.356702e+03 s <x_B_tot>=1.210564e-01 vf_precip_indicator=9.406376e-02 vf_precip_h=9.416939e-02 R_avg=6.449075e+00 xB_range=[0.0284, 0.0315] Meff_range=[2.8576e-02, 3.0514e+00] t_wall=2026-03-19 00:09:01
[3D] step=12180 t=1218.000000 t_real=1.357817e+03 s <x_B_tot>=1.210565e-01 vf_precip_indicator=9.406275e-02 vf_precip_h=9.416950e-02 R_avg=6.448712e+00 xB_range=[0.0284, 0.0315] Meff_range=[2.8576e-02, 3.0514e+00] t_wall=2026-03-19 00:09:13
[3D] step=12190 t=1219.000000 t_real=1.358931e+03 s <x_B_tot>=1.210566e-01 vf_precip_indicator=9.406227e-02 vf_precip_h=9.416961e-02 R_avg=6.448387e+00 xB_range=[0.0284, 0.0315] Meff_range=[2.8576e-02, 3.0514e+00] t_wall=2026-03-19 00:09:26
[3D] step=12200 t=1220.000000 t_real=1.360046e+03 s <x_B_tot>=1.210566e-01 vf_precip_indicator=9.405881e-02 vf_precip_h=9.416971e-02 R_avg=6.448443e+00 xB_range=[0.0284, 0.0315] Meff_range=[2.8576e-02, 3.0514e+00] t_wall=2026-03-19 00:09:38
[3D] step=12210 t=1221.000000 t_real=1.361161e+03 s <x_B_tot>=1.210567e-01 vf_precip_indicator=9.405947e-02 vf_precip_h=9.416982e-02 R_avg=6.448341e+00 xB_range=[0.0284, 0.0315] Meff_range=[2.8575e-02, 3.0514e+00] t_wall=2026-03-19 00:09:51
[3D] step=12220 t=1222.000000 t_real=1.362276e+03 s <x_B_tot>=1.210567e-01 vf_precip_indicator=9.406000e-02 vf_precip_h=9.416993e-02 R_avg=6.448115e+00 xB_range=[0.0284, 0.0315] Meff_range=[2.8575e-02, 3.0514e+00] t_wall=2026-03-19 00:10:03
[3D] step=12230 t=1223.000000 t_real=1.363391e+03 s <x_B_tot>=1.210568e-01 vf_precip_indicator=9.406000e-02 vf_precip_h=9.417004e-02 R_avg=6.448334e+00 xB_range=[0.0284, 0.0315] Meff_range=[2.8575e-02, 3.0514e+00] t_wall=2026-03-19 00:10:16
[3D] step=12240 t=1224.000000 t_real=1.364505e+03 s <x_B_tot>=1.210568e-01 vf_precip_indicator=9.405887e-02 vf_precip_h=9.417014e-02 R_avg=6.448564e+00 xB_range=[0.0284, 0.0315] Meff_range=[2.8575e-02, 3.0514e+00] t_wall=2026-03-19 00:10:28
[3D] step=12250 t=1225.000000 t_real=1.365620e+03 s <x_B_tot>=1.210569e-01 vf_precip_indicator=9.406173e-02 vf_precip_h=9.417025e-02 R_avg=6.449009e+00 xB_range=[0.0284, 0.0315] Meff_range=[2.8575e-02, 3.0513e+00] t_wall=2026-03-19 00:10:40
[3D] step=12260 t=1226.000000 t_real=1.366735e+03 s <x_B_tot>=1.210569e-01 vf_precip_indicator=9.405965e-02 vf_precip_h=9.417036e-02 R_avg=6.448280e+00 xB_range=[0.0284, 0.0315] Meff_range=[2.8575e-02, 3.0513e+00] t_wall=2026-03-19 00:10:53
[3D] step=12270 t=1227.000000 t_real=1.367850e+03 s <x_B_tot>=1.210570e-01 vf_precip_indicator=9.405655e-02 vf_precip_h=9.417047e-02 R_avg=6.447775e+00 xB_range=[0.0284, 0.0315] Meff_range=[2.8575e-02, 3.0513e+00] t_wall=2026-03-19 00:11:05
[3D] step=12280 t=1228.000000 t_real=1.368965e+03 s <x_B_tot>=1.210570e-01 vf_precip_indicator=9.405595e-02 vf_precip_h=9.417057e-02 R_avg=6.447398e+00 xB_range=[0.0284, 0.0315] Meff_range=[2.8575e-02, 3.0513e+00] t_wall=2026-03-19 00:11:18
[3D] step=12290 t=1229.000000 t_real=1.370079e+03 s <x_B_tot>=1.210571e-01 vf_precip_indicator=9.405595e-02 vf_precip_h=9.417068e-02 R_avg=6.447412e+00 xB_range=[0.0284, 0.0315] Meff_range=[2.8575e-02, 3.0513e+00] t_wall=2026-03-19 00:11:30
[3D] step=12300 t=1230.000000 t_real=1.371194e+03 s <x_B_tot>=1.210571e-01 vf_precip_indicator=9.405446e-02 vf_precip_h=9.417079e-02 R_avg=6.447940e+00 xB_range=[0.0284, 0.0315] Meff_range=[2.8575e-02, 3.0513e+00] t_wall=2026-03-19 00:11:43
[3D] step=12310 t=1231.000000 t_real=1.372309e+03 s <x_B_tot>=1.210572e-01 vf_precip_indicator=9.405333e-02 vf_precip_h=9.417090e-02 R_avg=6.447320e+00 xB_range=[0.0284, 0.0315] Meff_range=[2.8575e-02, 3.0513e+00] t_wall=2026-03-19 00:11:55
[3D] step=12320 t=1232.000000 t_real=1.373424e+03 s <x_B_tot>=1.210572e-01 vf_precip_indicator=9.405261e-02 vf_precip_h=9.417101e-02 R_avg=6.446935e+00 xB_range=[0.0284, 0.0315] Meff_range=[2.8575e-02, 3.0513e+00] t_wall=2026-03-19 00:12:08
[3D] step=12330 t=1233.000000 t_real=1.374539e+03 s <x_B_tot>=1.210573e-01 vf_precip_indicator=9.405208e-02 vf_precip_h=9.417111e-02 R_avg=6.447557e+00 xB_range=[0.0284, 0.0315] Meff_range=[2.8574e-02, 3.0513e+00] t_wall=2026-03-19 00:12:20
[3D] step=12340 t=1234.000000 t_real=1.375653e+03 s <x_B_tot>=1.210573e-01 vf_precip_indicator=9.405029e-02 vf_precip_h=9.417122e-02 R_avg=6.448224e+00 xB_range=[0.0284, 0.0315] Meff_range=[2.8574e-02, 3.0513e+00] t_wall=2026-03-19 00:12:33
[3D] step=12350 t=1235.000000 t_real=1.376768e+03 s <x_B_tot>=1.210574e-01 vf_precip_indicator=9.405130e-02 vf_precip_h=9.417133e-02 R_avg=6.448660e+00 xB_range=[0.0284, 0.0315] Meff_range=[2.8574e-02, 3.0513e+00] t_wall=2026-03-19 00:12:45
[3D] step=12360 t=1236.000000 t_real=1.377883e+03 s <x_B_tot>=1.210574e-01 vf_precip_indicator=9.405309e-02 vf_precip_h=9.417144e-02 R_avg=6.448226e+00 xB_range=[0.0284, 0.0315] Meff_range=[2.8574e-02, 3.0512e+00] t_wall=2026-03-19 00:12:57
[3D] step=12370 t=1237.000000 t_real=1.378998e+03 s <x_B_tot>=1.210575e-01 vf_precip_indicator=9.405208e-02 vf_precip_h=9.417154e-02 R_avg=6.448830e+00 xB_range=[0.0284, 0.0315] Meff_range=[2.8574e-02, 3.0512e+00] t_wall=2026-03-19 00:13:10
[3D] step=12380 t=1238.000000 t_real=1.380112e+03 s <x_B_tot>=1.210575e-01 vf_precip_indicator=9.405142e-02 vf_precip_h=9.417165e-02 R_avg=6.448771e+00 xB_range=[0.0284, 0.0315] Meff_range=[2.8574e-02, 3.0512e+00] t_wall=2026-03-19 00:13:22
[3D] step=12390 t=1239.000000 t_real=1.381227e+03 s <x_B_tot>=1.210576e-01 vf_precip_indicator=9.405363e-02 vf_precip_h=9.417176e-02 R_avg=6.448512e+00 xB_range=[0.0284, 0.0315] Meff_range=[2.8574e-02, 3.0512e+00] t_wall=2026-03-19 00:13:35
[3D] step=12400 t=1240.000000 t_real=1.382342e+03 s <x_B_tot>=1.210577e-01 vf_precip_indicator=9.405416e-02 vf_precip_h=9.417187e-02 R_avg=6.448636e+00 xB_range=[0.0284, 0.0315] Meff_range=[2.8574e-02, 3.0512e+00] t_wall=2026-03-19 00:13:47
[3D] step=12410 t=1241.000000 t_real=1.383457e+03 s <x_B_tot>=1.210577e-01 vf_precip_indicator=9.405446e-02 vf_precip_h=9.417198e-02 R_avg=6.449433e+00 xB_range=[0.0284, 0.0315] Meff_range=[2.8574e-02, 3.0512e+00] t_wall=2026-03-19 00:14:00
[3D] step=12420 t=1242.000000 t_real=1.384572e+03 s <x_B_tot>=1.210578e-01 vf_precip_indicator=9.405363e-02 vf_precip_h=9.417208e-02 R_avg=6.449756e+00 xB_range=[0.0284, 0.0315] Meff_range=[2.8574e-02, 3.0512e+00] t_wall=2026-03-19 00:14:12
[3D] step=12430 t=1243.000000 t_real=1.385686e+03 s <x_B_tot>=1.210578e-01 vf_precip_indicator=9.405559e-02 vf_precip_h=9.417219e-02 R_avg=6.450712e+00 xB_range=[0.0284, 0.0315] Meff_range=[2.8574e-02, 3.0512e+00] t_wall=2026-03-19 00:14:25
[3D] step=12440 t=1244.000000 t_real=1.386801e+03 s <x_B_tot>=1.210579e-01 vf_precip_indicator=9.405798e-02 vf_precip_h=9.417230e-02 R_avg=6.450450e+00 xB_range=[0.0284, 0.0315] Meff_range=[2.8574e-02, 3.0512e+00] t_wall=2026-03-19 00:14:37
[3D] step=12450 t=1245.000000 t_real=1.387916e+03 s <x_B_tot>=1.210579e-01 vf_precip_indicator=9.405822e-02 vf_precip_h=9.417241e-02 R_avg=6.450760e+00 xB_range=[0.0284, 0.0315] Meff_range=[2.8573e-02, 3.0512e+00] t_wall=2026-03-19 00:14:49
[3D] step=12460 t=1246.000000 t_real=1.389031e+03 s <x_B_tot>=1.210580e-01 vf_precip_indicator=9.406072e-02 vf_precip_h=9.417252e-02 R_avg=6.450507e+00 xB_range=[0.0284, 0.0315] Meff_range=[2.8573e-02, 3.0512e+00] t_wall=2026-03-19 00:15:02
[3D] step=12470 t=1247.000000 t_real=1.390146e+03 s <x_B_tot>=1.210580e-01 vf_precip_indicator=9.405935e-02 vf_precip_h=9.417262e-02 R_avg=6.450266e+00 xB_range=[0.0284, 0.0315] Meff_range=[2.8573e-02, 3.0512e+00] t_wall=2026-03-19 00:15:14
[3D] step=12480 t=1248.000000 t_real=1.391260e+03 s <x_B_tot>=1.210581e-01 vf_precip_indicator=9.406012e-02 vf_precip_h=9.417273e-02 R_avg=6.450187e+00 xB_range=[0.0284, 0.0315] Meff_range=[2.8573e-02, 3.0512e+00] t_wall=2026-03-19 00:15:27
[3D] step=12490 t=1249.000000 t_real=1.392375e+03 s <x_B_tot>=1.210581e-01 vf_precip_indicator=9.406012e-02 vf_precip_h=9.417284e-02 R_avg=6.449997e+00 xB_range=[0.0284, 0.0315] Meff_range=[2.8573e-02, 3.0512e+00] t_wall=2026-03-19 00:15:39
[3D] step=12500 t=1250.000000 t_real=1.393490e+03 s <x_B_tot>=1.210582e-01 vf_precip_indicator=9.406024e-02 vf_precip_h=9.417295e-02 R_avg=6.449932e+00 xB_range=[0.0284, 0.0315] Meff_range=[2.8573e-02, 3.0512e+00] t_wall=2026-03-19 00:15:52
[3D] step=12510 t=1251.000000 t_real=1.394605e+03 s <x_B_tot>=1.210582e-01 vf_precip_indicator=9.406024e-02 vf_precip_h=9.417306e-02 R_avg=6.450679e+00 xB_range=[0.0284, 0.0315] Meff_range=[2.8573e-02, 3.0512e+00] t_wall=2026-03-19 00:16:04
[3D] step=12520 t=1252.000000 t_real=1.395720e+03 s <x_B_tot>=1.210583e-01 vf_precip_indicator=9.406137e-02 vf_precip_h=9.417316e-02 R_avg=6.451064e+00 xB_range=[0.0284, 0.0315] Meff_range=[2.8573e-02, 3.0512e+00] t_wall=2026-03-19 00:16:17
[3D] step=12530 t=1253.000000 t_real=1.396834e+03 s <x_B_tot>=1.210583e-01 vf_precip_indicator=9.406090e-02 vf_precip_h=9.417327e-02 R_avg=6.450387e+00 xB_range=[0.0284, 0.0315] Meff_range=[2.8573e-02, 3.0511e+00] t_wall=2026-03-19 00:16:29
[3D] step=12540 t=1254.000000 t_real=1.397949e+03 s <x_B_tot>=1.210584e-01 vf_precip_indicator=9.406084e-02 vf_precip_h=9.417338e-02 R_avg=6.450295e+00 xB_range=[0.0284, 0.0315] Meff_range=[2.8573e-02, 3.0511e+00] t_wall=2026-03-19 00:16:42
[3D] step=12550 t=1255.000000 t_real=1.399064e+03 s <x_B_tot>=1.210584e-01 vf_precip_indicator=9.406167e-02 vf_precip_h=9.417349e-02 R_avg=6.450279e+00 xB_range=[0.0284, 0.0315] Meff_range=[2.8573e-02, 3.0511e+00] t_wall=2026-03-19 00:16:54
[3D] step=12560 t=1256.000000 t_real=1.400179e+03 s <x_B_tot>=1.210585e-01 vf_precip_indicator=9.406251e-02 vf_precip_h=9.417360e-02 R_avg=6.450292e+00 xB_range=[0.0284, 0.0315] Meff_range=[2.8573e-02, 3.0511e+00] t_wall=2026-03-19 00:17:06
[3D] step=12570 t=1257.000000 t_real=1.401294e+03 s <x_B_tot>=1.210585e-01 vf_precip_indicator=9.406328e-02 vf_precip_h=9.417371e-02 R_avg=6.449950e+00 xB_range=[0.0284, 0.0315] Meff_range=[2.8572e-02, 3.0511e+00] t_wall=2026-03-19 00:17:19
[3D] step=12580 t=1258.000000 t_real=1.402408e+03 s <x_B_tot>=1.210586e-01 vf_precip_indicator=9.406257e-02 vf_precip_h=9.417381e-02 R_avg=6.449505e+00 xB_range=[0.0284, 0.0315] Meff_range=[2.8572e-02, 3.0511e+00] t_wall=2026-03-19 00:17:31
[3D] step=12590 t=1259.000000 t_real=1.403523e+03 s <x_B_tot>=1.210586e-01 vf_precip_indicator=9.406215e-02 vf_precip_h=9.417392e-02 R_avg=6.449550e+00 xB_range=[0.0284, 0.0315] Meff_range=[2.8572e-02, 3.0511e+00] t_wall=2026-03-19 00:17:44
[3D] step=12600 t=1260.000000 t_real=1.404638e+03 s <x_B_tot>=1.210587e-01 vf_precip_indicator=9.406215e-02 vf_precip_h=9.417403e-02 R_avg=6.449243e+00 xB_range=[0.0284, 0.0315] Meff_range=[2.8572e-02, 3.0511e+00] t_wall=2026-03-19 00:17:56
[3D] step=12610 t=1261.000000 t_real=1.405753e+03 s <x_B_tot>=1.210588e-01 vf_precip_indicator=9.406185e-02 vf_precip_h=9.417414e-02 R_avg=6.449720e+00 xB_range=[0.0284, 0.0315] Meff_range=[2.8572e-02, 3.0511e+00] t_wall=2026-03-19 00:18:09
[3D] step=12620 t=1262.000000 t_real=1.406868e+03 s <x_B_tot>=1.210588e-01 vf_precip_indicator=9.406173e-02 vf_precip_h=9.417425e-02 R_avg=6.449507e+00 xB_range=[0.0284, 0.0315] Meff_range=[2.8572e-02, 3.0511e+00] t_wall=2026-03-19 00:18:21
[3D] step=12630 t=1263.000000 t_real=1.407982e+03 s <x_B_tot>=1.210589e-01 vf_precip_indicator=9.406179e-02 vf_precip_h=9.417436e-02 R_avg=6.449350e+00 xB_range=[0.0284, 0.0315] Meff_range=[2.8572e-02, 3.0511e+00] t_wall=2026-03-19 00:18:34
[3D] step=12640 t=1264.000000 t_real=1.409097e+03 s <x_B_tot>=1.210589e-01 vf_precip_indicator=9.406126e-02 vf_precip_h=9.417446e-02 R_avg=6.449474e+00 xB_range=[0.0284, 0.0315] Meff_range=[2.8572e-02, 3.0511e+00] t_wall=2026-03-19 00:18:46
[3D] step=12650 t=1265.000000 t_real=1.410212e+03 s <x_B_tot>=1.210590e-01 vf_precip_indicator=9.406149e-02 vf_precip_h=9.417457e-02 R_avg=6.450648e+00 xB_range=[0.0284, 0.0315] Meff_range=[2.8572e-02, 3.0511e+00] t_wall=2026-03-19 00:18:58
[3D] step=12660 t=1266.000000 t_real=1.411327e+03 s <x_B_tot>=1.210590e-01 vf_precip_indicator=9.406203e-02 vf_precip_h=9.417468e-02 R_avg=6.451373e+00 xB_range=[0.0284, 0.0315] Meff_range=[2.8572e-02, 3.0511e+00] t_wall=2026-03-19 00:19:11
[3D] step=12670 t=1267.000000 t_real=1.412441e+03 s <x_B_tot>=1.210591e-01 vf_precip_indicator=9.406042e-02 vf_precip_h=9.417479e-02 R_avg=6.450515e+00 xB_range=[0.0284, 0.0315] Meff_range=[2.8572e-02, 3.0511e+00] t_wall=2026-03-19 00:19:23
[3D] step=12680 t=1268.000000 t_real=1.413556e+03 s <x_B_tot>=1.210591e-01 vf_precip_indicator=9.406084e-02 vf_precip_h=9.417490e-02 R_avg=6.451320e+00 xB_range=[0.0284, 0.0315] Meff_range=[2.8572e-02, 3.0511e+00] t_wall=2026-03-19 00:19:36
[3D] step=12690 t=1269.000000 t_real=1.414671e+03 s <x_B_tot>=1.210592e-01 vf_precip_indicator=9.406167e-02 vf_precip_h=9.417501e-02 R_avg=6.451392e+00 xB_range=[0.0284, 0.0315] Meff_range=[2.8571e-02, 3.0510e+00] t_wall=2026-03-19 00:19:48
[3D] step=12700 t=1270.000000 t_real=1.415786e+03 s <x_B_tot>=1.210592e-01 vf_precip_indicator=9.406233e-02 vf_precip_h=9.417511e-02 R_avg=6.452273e+00 xB_range=[0.0284, 0.0315] Meff_range=[2.8571e-02, 3.0510e+00] t_wall=2026-03-19 00:20:01
[3D] step=12710 t=1271.000000 t_real=1.416901e+03 s <x_B_tot>=1.210593e-01 vf_precip_indicator=9.406263e-02 vf_precip_h=9.417522e-02 R_avg=6.452059e+00 xB_range=[0.0284, 0.0315] Meff_range=[2.8571e-02, 3.0510e+00] t_wall=2026-03-19 00:20:13
[3D] step=12720 t=1272.000000 t_real=1.418015e+03 s <x_B_tot>=1.210593e-01 vf_precip_indicator=9.406310e-02 vf_precip_h=9.417533e-02 R_avg=6.452223e+00 xB_range=[0.0284, 0.0315] Meff_range=[2.8571e-02, 3.0510e+00] t_wall=2026-03-19 00:20:26
[3D] step=12730 t=1273.000000 t_real=1.419130e+03 s <x_B_tot>=1.210594e-01 vf_precip_indicator=9.406471e-02 vf_precip_h=9.417544e-02 R_avg=6.452568e+00 xB_range=[0.0284, 0.0315] Meff_range=[2.8571e-02, 3.0510e+00] t_wall=2026-03-19 00:20:38
[3D] step=12740 t=1274.000000 t_real=1.420245e+03 s <x_B_tot>=1.210594e-01 vf_precip_indicator=9.406585e-02 vf_precip_h=9.417555e-02 R_avg=6.452323e+00 xB_range=[0.0284, 0.0315] Meff_range=[2.8571e-02, 3.0510e+00] t_wall=2026-03-19 00:20:51
[3D] step=12750 t=1275.000000 t_real=1.421360e+03 s <x_B_tot>=1.210595e-01 vf_precip_indicator=9.406531e-02 vf_precip_h=9.417566e-02 R_avg=6.452243e+00 xB_range=[0.0284, 0.0315] Meff_range=[2.8571e-02, 3.0510e+00] t_wall=2026-03-19 00:21:03
[3D] step=12760 t=1276.000000 t_real=1.422475e+03 s <x_B_tot>=1.210595e-01 vf_precip_indicator=9.406477e-02 vf_precip_h=9.417577e-02 R_avg=6.451957e+00 xB_range=[0.0284, 0.0315] Meff_range=[2.8571e-02, 3.0510e+00] t_wall=2026-03-19 00:21:15
[3D] step=12770 t=1277.000000 t_real=1.423589e+03 s <x_B_tot>=1.210596e-01 vf_precip_indicator=9.406519e-02 vf_precip_h=9.417587e-02 R_avg=6.452557e+00 xB_range=[0.0284, 0.0315] Meff_range=[2.8571e-02, 3.0510e+00] t_wall=2026-03-19 00:21:28
[3D] step=12780 t=1278.000000 t_real=1.424704e+03 s <x_B_tot>=1.210596e-01 vf_precip_indicator=9.406602e-02 vf_precip_h=9.417598e-02 R_avg=6.452350e+00 xB_range=[0.0284, 0.0315] Meff_range=[2.8571e-02, 3.0510e+00] t_wall=2026-03-19 00:21:40
[3D] step=12790 t=1279.000000 t_real=1.425819e+03 s <x_B_tot>=1.210597e-01 vf_precip_indicator=9.406734e-02 vf_precip_h=9.417609e-02 R_avg=6.452528e+00 xB_range=[0.0284, 0.0315] Meff_range=[2.8571e-02, 3.0510e+00] t_wall=2026-03-19 00:21:53
[3D] step=12800 t=1280.000000 t_real=1.426934e+03 s <x_B_tot>=1.210598e-01 vf_precip_indicator=9.406799e-02 vf_precip_h=9.417620e-02 R_avg=6.452617e+00 xB_range=[0.0284, 0.0315] Meff_range=[2.8571e-02, 3.0510e+00] t_wall=2026-03-19 00:22:05
[3D] step=12810 t=1281.000000 t_real=1.428049e+03 s <x_B_tot>=1.210598e-01 vf_precip_indicator=9.406960e-02 vf_precip_h=9.417631e-02 R_avg=6.452522e+00 xB_range=[0.0284, 0.0315] Meff_range=[2.8570e-02, 3.0510e+00] t_wall=2026-03-19 00:22:18
[3D] step=12820 t=1282.000000 t_real=1.429163e+03 s <x_B_tot>=1.210599e-01 vf_precip_indicator=9.406948e-02 vf_precip_h=9.417642e-02 R_avg=6.453100e+00 xB_range=[0.0284, 0.0315] Meff_range=[2.8570e-02, 3.0510e+00] t_wall=2026-03-19 00:22:30
[3D] step=12830 t=1283.000000 t_real=1.430278e+03 s <x_B_tot>=1.210599e-01 vf_precip_indicator=9.407079e-02 vf_precip_h=9.417653e-02 R_avg=6.453293e+00 xB_range=[0.0284, 0.0315] Meff_range=[2.8570e-02, 3.0510e+00] t_wall=2026-03-19 00:22:43
[3D] step=12840 t=1284.000000 t_real=1.431393e+03 s <x_B_tot>=1.210600e-01 vf_precip_indicator=9.407127e-02 vf_precip_h=9.417664e-02 R_avg=6.453135e+00 xB_range=[0.0284, 0.0315] Meff_range=[2.8570e-02, 3.0509e+00] t_wall=2026-03-19 00:22:55
[3D] step=12850 t=1285.000000 t_real=1.432508e+03 s <x_B_tot>=1.210600e-01 vf_precip_indicator=9.407103e-02 vf_precip_h=9.417674e-02 R_avg=6.452620e+00 xB_range=[0.0284, 0.0315] Meff_range=[2.8570e-02, 3.0509e+00] t_wall=2026-03-19 00:23:07
[3D] step=12860 t=1286.000000 t_real=1.433623e+03 s <x_B_tot>=1.210601e-01 vf_precip_indicator=9.407222e-02 vf_precip_h=9.417685e-02 R_avg=6.451984e+00 xB_range=[0.0284, 0.0315] Meff_range=[2.8570e-02, 3.0509e+00] t_wall=2026-03-19 00:23:20
[3D] step=12870 t=1287.000000 t_real=1.434737e+03 s <x_B_tot>=1.210601e-01 vf_precip_indicator=9.407365e-02 vf_precip_h=9.417696e-02 R_avg=6.451511e+00 xB_range=[0.0284, 0.0315] Meff_range=[2.8570e-02, 3.0509e+00] t_wall=2026-03-19 00:23:32
[3D] step=12880 t=1288.000000 t_real=1.435852e+03 s <x_B_tot>=1.210602e-01 vf_precip_indicator=9.407514e-02 vf_precip_h=9.417707e-02 R_avg=6.452375e+00 xB_range=[0.0284, 0.0315] Meff_range=[2.8570e-02, 3.0509e+00] t_wall=2026-03-19 00:23:45
[3D] step=12890 t=1289.000000 t_real=1.436967e+03 s <x_B_tot>=1.210602e-01 vf_precip_indicator=9.407461e-02 vf_precip_h=9.417718e-02 R_avg=6.452411e+00 xB_range=[0.0284, 0.0315] Meff_range=[2.8570e-02, 3.0509e+00] t_wall=2026-03-19 00:23:57
[3D] step=12900 t=1290.000000 t_real=1.438082e+03 s <x_B_tot>=1.210603e-01 vf_precip_indicator=9.407383e-02 vf_precip_h=9.417729e-02 R_avg=6.451977e+00 xB_range=[0.0284, 0.0315] Meff_range=[2.8570e-02, 3.0509e+00] t_wall=2026-03-19 00:24:10
[3D] step=12910 t=1291.000000 t_real=1.439196e+03 s <x_B_tot>=1.210603e-01 vf_precip_indicator=9.407389e-02 vf_precip_h=9.417740e-02 R_avg=6.452333e+00 xB_range=[0.0284, 0.0315] Meff_range=[2.8570e-02, 3.0509e+00] t_wall=2026-03-19 00:24:22
[3D] step=12920 t=1292.000000 t_real=1.440311e+03 s <x_B_tot>=1.210604e-01 vf_precip_indicator=9.407401e-02 vf_precip_h=9.417751e-02 R_avg=6.452634e+00 xB_range=[0.0284, 0.0315] Meff_range=[2.8570e-02, 3.0509e+00] t_wall=2026-03-19 00:24:35
[3D] step=12930 t=1293.000000 t_real=1.441426e+03 s <x_B_tot>=1.210604e-01 vf_precip_indicator=9.407520e-02 vf_precip_h=9.417762e-02 R_avg=6.452907e+00 xB_range=[0.0284, 0.0315] Meff_range=[2.8569e-02, 3.0509e+00] t_wall=2026-03-19 00:24:47
[3D] step=12940 t=1294.000000 t_real=1.442541e+03 s <x_B_tot>=1.210605e-01 vf_precip_indicator=9.407401e-02 vf_precip_h=9.417772e-02 R_avg=6.452576e+00 xB_range=[0.0284, 0.0315] Meff_range=[2.8569e-02, 3.0509e+00] t_wall=2026-03-19 00:25:00
[3D] step=12950 t=1295.000000 t_real=1.443656e+03 s <x_B_tot>=1.210605e-01 vf_precip_indicator=9.407502e-02 vf_precip_h=9.417783e-02 R_avg=6.452543e+00 xB_range=[0.0284, 0.0315] Meff_range=[2.8569e-02, 3.0509e+00] t_wall=2026-03-19 00:25:12
[3D] step=12960 t=1296.000000 t_real=1.444770e+03 s <x_B_tot>=1.210606e-01 vf_precip_indicator=9.407502e-02 vf_precip_h=9.417794e-02 R_avg=6.453158e+00 xB_range=[0.0284, 0.0315] Meff_range=[2.8569e-02, 3.0509e+00] t_wall=2026-03-19 00:25:24
[3D] step=12970 t=1297.000000 t_real=1.445885e+03 s <x_B_tot>=1.210607e-01 vf_precip_indicator=9.407610e-02 vf_precip_h=9.417805e-02 R_avg=6.453730e+00 xB_range=[0.0284, 0.0315] Meff_range=[2.8569e-02, 3.0509e+00] t_wall=2026-03-19 00:25:37
[3D] step=12980 t=1298.000000 t_real=1.447000e+03 s <x_B_tot>=1.210607e-01 vf_precip_indicator=9.407616e-02 vf_precip_h=9.417816e-02 R_avg=6.453353e+00 xB_range=[0.0284, 0.0315] Meff_range=[2.8569e-02, 3.0509e+00] t_wall=2026-03-19 00:25:49
[3D] step=12990 t=1299.000000 t_real=1.448115e+03 s <x_B_tot>=1.210608e-01 vf_precip_indicator=9.407485e-02 vf_precip_h=9.417827e-02 R_avg=6.453234e+00 xB_range=[0.0284, 0.0315] Meff_range=[2.8569e-02, 3.0508e+00] t_wall=2026-03-19 00:26:02
[3D] step=13000 t=1300.000000 t_real=1.449230e+03 s <x_B_tot>=1.210608e-01 vf_precip_indicator=9.407562e-02 vf_precip_h=9.417838e-02 R_avg=6.454005e+00 xB_range=[0.0284, 0.0315] Meff_range=[2.8569e-02, 3.0508e+00] t_wall=2026-03-19 00:26:14
[3D] step=13010 t=1301.000000 t_real=1.450344e+03 s <x_B_tot>=1.210609e-01 vf_precip_indicator=9.407538e-02 vf_precip_h=9.417849e-02 R_avg=6.453725e+00 xB_range=[0.0284, 0.0315] Meff_range=[2.8569e-02, 3.0508e+00] t_wall=2026-03-19 00:26:27
[3D] step=13020 t=1302.000000 t_real=1.451459e+03 s <x_B_tot>=1.210609e-01 vf_precip_indicator=9.407222e-02 vf_precip_h=9.417860e-02 R_avg=6.453655e+00 xB_range=[0.0284, 0.0315] Meff_range=[2.8569e-02, 3.0508e+00] t_wall=2026-03-19 00:26:39
[3D] step=13030 t=1303.000000 t_real=1.452574e+03 s <x_B_tot>=1.210610e-01 vf_precip_indicator=9.407192e-02 vf_precip_h=9.417871e-02 R_avg=6.452652e+00 xB_range=[0.0284, 0.0315] Meff_range=[2.8569e-02, 3.0508e+00] t_wall=2026-03-19 00:26:52
[3D] step=13040 t=1304.000000 t_real=1.453689e+03 s <x_B_tot>=1.210610e-01 vf_precip_indicator=9.407294e-02 vf_precip_h=9.417881e-02 R_avg=6.452898e+00 xB_range=[0.0284, 0.0315] Meff_range=[2.8569e-02, 3.0508e+00] t_wall=2026-03-19 00:27:04
[3D] step=13050 t=1305.000000 t_real=1.454804e+03 s <x_B_tot>=1.210611e-01 vf_precip_indicator=9.407157e-02 vf_precip_h=9.417892e-02 R_avg=6.452774e+00 xB_range=[0.0284, 0.0315] Meff_range=[2.8568e-02, 3.0508e+00] t_wall=2026-03-19 00:27:17
[3D] step=13060 t=1306.000000 t_real=1.455918e+03 s <x_B_tot>=1.210611e-01 vf_precip_indicator=9.407192e-02 vf_precip_h=9.417903e-02 R_avg=6.452667e+00 xB_range=[0.0284, 0.0315] Meff_range=[2.8568e-02, 3.0508e+00] t_wall=2026-03-19 00:27:29
[3D] step=13070 t=1307.000000 t_real=1.457033e+03 s <x_B_tot>=1.210612e-01 vf_precip_indicator=9.407324e-02 vf_precip_h=9.417914e-02 R_avg=6.453534e+00 xB_range=[0.0284, 0.0315] Meff_range=[2.8568e-02, 3.0508e+00] t_wall=2026-03-19 00:27:41
[3D] step=13080 t=1308.000000 t_real=1.458148e+03 s <x_B_tot>=1.210612e-01 vf_precip_indicator=9.407377e-02 vf_precip_h=9.417925e-02 R_avg=6.453747e+00 xB_range=[0.0284, 0.0315] Meff_range=[2.8568e-02, 3.0508e+00] t_wall=2026-03-19 00:27:54
[3D] step=13090 t=1309.000000 t_real=1.459263e+03 s <x_B_tot>=1.210613e-01 vf_precip_indicator=9.407264e-02 vf_precip_h=9.417936e-02 R_avg=6.453317e+00 xB_range=[0.0284, 0.0315] Meff_range=[2.8568e-02, 3.0508e+00] t_wall=2026-03-19 00:28:06
[3D] step=13100 t=1310.000000 t_real=1.460378e+03 s <x_B_tot>=1.210613e-01 vf_precip_indicator=9.407336e-02 vf_precip_h=9.417947e-02 R_avg=6.453190e+00 xB_range=[0.0284, 0.0315] Meff_range=[2.8568e-02, 3.0508e+00] t_wall=2026-03-19 00:28:19
[3D] step=13110 t=1311.000000 t_real=1.461492e+03 s <x_B_tot>=1.210614e-01 vf_precip_indicator=9.407246e-02 vf_precip_h=9.417958e-02 R_avg=6.453158e+00 xB_range=[0.0284, 0.0315] Meff_range=[2.8568e-02, 3.0508e+00] t_wall=2026-03-19 00:28:31
[3D] step=13120 t=1312.000000 t_real=1.462607e+03 s <x_B_tot>=1.210614e-01 vf_precip_indicator=9.407192e-02 vf_precip_h=9.417969e-02 R_avg=6.452667e+00 xB_range=[0.0284, 0.0315] Meff_range=[2.8568e-02, 3.0508e+00] t_wall=2026-03-19 00:28:44
[3D] step=13130 t=1313.000000 t_real=1.463722e+03 s <x_B_tot>=1.210615e-01 vf_precip_indicator=9.407198e-02 vf_precip_h=9.417980e-02 R_avg=6.452481e+00 xB_range=[0.0284, 0.0315] Meff_range=[2.8568e-02, 3.0507e+00] t_wall=2026-03-19 00:28:56
[3D] step=13140 t=1314.000000 t_real=1.464837e+03 s <x_B_tot>=1.210616e-01 vf_precip_indicator=9.407085e-02 vf_precip_h=9.417991e-02 R_avg=6.452212e+00 xB_range=[0.0284, 0.0315] Meff_range=[2.8568e-02, 3.0507e+00] t_wall=2026-03-19 00:29:09
[3D] step=13150 t=1315.000000 t_real=1.465951e+03 s <x_B_tot>=1.210616e-01 vf_precip_indicator=9.407043e-02 vf_precip_h=9.418002e-02 R_avg=6.452023e+00 xB_range=[0.0284, 0.0315] Meff_range=[2.8568e-02, 3.0507e+00] t_wall=2026-03-19 00:29:21
[3D] step=13160 t=1316.000000 t_real=1.467066e+03 s <x_B_tot>=1.210617e-01 vf_precip_indicator=9.407157e-02 vf_precip_h=9.418013e-02 R_avg=6.452115e+00 xB_range=[0.0284, 0.0315] Meff_range=[2.8568e-02, 3.0507e+00] t_wall=2026-03-19 00:29:33
[3D] step=13170 t=1317.000000 t_real=1.468181e+03 s <x_B_tot>=1.210617e-01 vf_precip_indicator=9.406912e-02 vf_precip_h=9.418024e-02 R_avg=6.452812e+00 xB_range=[0.0284, 0.0315] Meff_range=[2.8567e-02, 3.0507e+00] t_wall=2026-03-19 00:29:46
[3D] step=13180 t=1318.000000 t_real=1.469296e+03 s <x_B_tot>=1.210618e-01 vf_precip_indicator=9.407049e-02 vf_precip_h=9.418034e-02 R_avg=6.452935e+00 xB_range=[0.0284, 0.0315] Meff_range=[2.8567e-02, 3.0507e+00] t_wall=2026-03-19 00:29:58
[3D] step=13190 t=1319.000000 t_real=1.470411e+03 s <x_B_tot>=1.210618e-01 vf_precip_indicator=9.407026e-02 vf_precip_h=9.418045e-02 R_avg=6.453095e+00 xB_range=[0.0284, 0.0315] Meff_range=[2.8567e-02, 3.0507e+00] t_wall=2026-03-19 00:30:11
[3D] step=13200 t=1320.000000 t_real=1.471525e+03 s <x_B_tot>=1.210619e-01 vf_precip_indicator=9.407061e-02 vf_precip_h=9.418056e-02 R_avg=6.453383e+00 xB_range=[0.0284, 0.0315] Meff_range=[2.8567e-02, 3.0507e+00] t_wall=2026-03-19 00:30:23
[3D] step=13210 t=1321.000000 t_real=1.472640e+03 s <x_B_tot>=1.210619e-01 vf_precip_indicator=9.407270e-02 vf_precip_h=9.418067e-02 R_avg=6.453219e+00 xB_range=[0.0284, 0.0315] Meff_range=[2.8567e-02, 3.0507e+00] t_wall=2026-03-19 00:30:36
[3D] step=13220 t=1322.000000 t_real=1.473755e+03 s <x_B_tot>=1.210620e-01 vf_precip_indicator=9.407157e-02 vf_precip_h=9.418078e-02 R_avg=6.453727e+00 xB_range=[0.0284, 0.0315] Meff_range=[2.8567e-02, 3.0507e+00] t_wall=2026-03-19 00:30:48
[3D] step=13230 t=1323.000000 t_real=1.474870e+03 s <x_B_tot>=1.210620e-01 vf_precip_indicator=9.407061e-02 vf_precip_h=9.418089e-02 R_avg=6.453706e+00 xB_range=[0.0284, 0.0315] Meff_range=[2.8567e-02, 3.0507e+00] t_wall=2026-03-19 00:31:01
[3D] step=13240 t=1324.000000 t_real=1.475985e+03 s <x_B_tot>=1.210621e-01 vf_precip_indicator=9.406930e-02 vf_precip_h=9.418100e-02 R_avg=6.454496e+00 xB_range=[0.0284, 0.0315] Meff_range=[2.8567e-02, 3.0507e+00] t_wall=2026-03-19 00:31:13
[3D] step=13250 t=1325.000000 t_real=1.477099e+03 s <x_B_tot>=1.210621e-01 vf_precip_indicator=9.406990e-02 vf_precip_h=9.418111e-02 R_avg=6.454566e+00 xB_range=[0.0284, 0.0315] Meff_range=[2.8567e-02, 3.0507e+00] t_wall=2026-03-19 00:31:26
[3D] step=13260 t=1326.000000 t_real=1.478214e+03 s <x_B_tot>=1.210622e-01 vf_precip_indicator=9.406942e-02 vf_precip_h=9.418122e-02 R_avg=6.454240e+00 xB_range=[0.0284, 0.0315] Meff_range=[2.8567e-02, 3.0507e+00] t_wall=2026-03-19 00:31:38
[3D] step=13270 t=1327.000000 t_real=1.479329e+03 s <x_B_tot>=1.210622e-01 vf_precip_indicator=9.406966e-02 vf_precip_h=9.418133e-02 R_avg=6.454212e+00 xB_range=[0.0284, 0.0315] Meff_range=[2.8567e-02, 3.0506e+00] t_wall=2026-03-19 00:31:50
[3D] step=13280 t=1328.000000 t_real=1.480444e+03 s <x_B_tot>=1.210623e-01 vf_precip_indicator=9.406847e-02 vf_precip_h=9.418144e-02 R_avg=6.453823e+00 xB_range=[0.0284, 0.0315] Meff_range=[2.8567e-02, 3.0506e+00] t_wall=2026-03-19 00:32:03
[3D] step=13290 t=1329.000000 t_real=1.481559e+03 s <x_B_tot>=1.210624e-01 vf_precip_indicator=9.406799e-02 vf_precip_h=9.418155e-02 R_avg=6.454068e+00 xB_range=[0.0284, 0.0315] Meff_range=[2.8566e-02, 3.0506e+00] t_wall=2026-03-19 00:32:15
[3D] step=13300 t=1330.000000 t_real=1.482673e+03 s <x_B_tot>=1.210624e-01 vf_precip_indicator=9.406573e-02 vf_precip_h=9.418166e-02 R_avg=6.453444e+00 xB_range=[0.0284, 0.0315] Meff_range=[2.8566e-02, 3.0506e+00] t_wall=2026-03-19 00:32:28
[3D] step=13310 t=1331.000000 t_real=1.483788e+03 s <x_B_tot>=1.210625e-01 vf_precip_indicator=9.406644e-02 vf_precip_h=9.418177e-02 R_avg=6.453258e+00 xB_range=[0.0284, 0.0315] Meff_range=[2.8566e-02, 3.0506e+00] t_wall=2026-03-19 00:32:40
[3D] step=13320 t=1332.000000 t_real=1.484903e+03 s <x_B_tot>=1.210625e-01 vf_precip_indicator=9.406775e-02 vf_precip_h=9.418188e-02 R_avg=6.453773e+00 xB_range=[0.0284, 0.0315] Meff_range=[2.8566e-02, 3.0506e+00] t_wall=2026-03-19 00:32:53
[3D] step=13330 t=1333.000000 t_real=1.486018e+03 s <x_B_tot>=1.210626e-01 vf_precip_indicator=9.406716e-02 vf_precip_h=9.418199e-02 R_avg=6.453689e+00 xB_range=[0.0284, 0.0315] Meff_range=[2.8566e-02, 3.0506e+00] t_wall=2026-03-19 00:33:05
[3D] step=13340 t=1334.000000 t_real=1.487133e+03 s <x_B_tot>=1.210626e-01 vf_precip_indicator=9.406883e-02 vf_precip_h=9.418210e-02 R_avg=6.453656e+00 xB_range=[0.0284, 0.0315] Meff_range=[2.8566e-02, 3.0506e+00] t_wall=2026-03-19 00:33:18
[3D] step=13350 t=1335.000000 t_real=1.488247e+03 s <x_B_tot>=1.210627e-01 vf_precip_indicator=9.406614e-02 vf_precip_h=9.418221e-02 R_avg=6.454352e+00 xB_range=[0.0284, 0.0315] Meff_range=[2.8566e-02, 3.0506e+00] t_wall=2026-03-19 00:33:30
[3D] step=13360 t=1336.000000 t_real=1.489362e+03 s <x_B_tot>=1.210627e-01 vf_precip_indicator=9.406829e-02 vf_precip_h=9.418232e-02 R_avg=6.454851e+00 xB_range=[0.0284, 0.0315] Meff_range=[2.8566e-02, 3.0506e+00] t_wall=2026-03-19 00:33:43
[3D] step=13370 t=1337.000000 t_real=1.490477e+03 s <x_B_tot>=1.210628e-01 vf_precip_indicator=9.406847e-02 vf_precip_h=9.418243e-02 R_avg=6.455377e+00 xB_range=[0.0284, 0.0315] Meff_range=[2.8566e-02, 3.0506e+00] t_wall=2026-03-19 00:33:55
[3D] step=13380 t=1338.000000 t_real=1.491592e+03 s <x_B_tot>=1.210628e-01 vf_precip_indicator=9.406948e-02 vf_precip_h=9.418254e-02 R_avg=6.455960e+00 xB_range=[0.0284, 0.0315] Meff_range=[2.8566e-02, 3.0506e+00] t_wall=2026-03-19 00:34:07
[3D] step=13390 t=1339.000000 t_real=1.492706e+03 s <x_B_tot>=1.210629e-01 vf_precip_indicator=9.407073e-02 vf_precip_h=9.418265e-02 R_avg=6.456853e+00 xB_range=[0.0284, 0.0315] Meff_range=[2.8566e-02, 3.0506e+00] t_wall=2026-03-19 00:34:20
[3D] step=13400 t=1340.000000 t_real=1.493821e+03 s <x_B_tot>=1.210629e-01 vf_precip_indicator=9.407049e-02 vf_precip_h=9.418276e-02 R_avg=6.457218e+00 xB_range=[0.0284, 0.0315] Meff_range=[2.8566e-02, 3.0506e+00] t_wall=2026-03-19 00:34:32
[3D] step=13410 t=1341.000000 t_real=1.494936e+03 s <x_B_tot>=1.210630e-01 vf_precip_indicator=9.406990e-02 vf_precip_h=9.418287e-02 R_avg=6.458087e+00 xB_range=[0.0284, 0.0315] Meff_range=[2.8565e-02, 3.0505e+00] t_wall=2026-03-19 00:34:45
[3D] step=13420 t=1342.000000 t_real=1.496051e+03 s <x_B_tot>=1.210630e-01 vf_precip_indicator=9.406841e-02 vf_precip_h=9.418298e-02 R_avg=6.457633e+00 xB_range=[0.0284, 0.0315] Meff_range=[2.8565e-02, 3.0505e+00] t_wall=2026-03-19 00:34:57
[3D] step=13430 t=1343.000000 t_real=1.497166e+03 s <x_B_tot>=1.210631e-01 vf_precip_indicator=9.406877e-02 vf_precip_h=9.418309e-02 R_avg=6.457966e+00 xB_range=[0.0284, 0.0315] Meff_range=[2.8565e-02, 3.0505e+00] t_wall=2026-03-19 00:35:10
[3D] step=13440 t=1344.000000 t_real=1.498280e+03 s <x_B_tot>=1.210631e-01 vf_precip_indicator=9.407073e-02 vf_precip_h=9.418320e-02 R_avg=6.458409e+00 xB_range=[0.0284, 0.0315] Meff_range=[2.8565e-02, 3.0505e+00] t_wall=2026-03-19 00:35:22
[3D] step=13450 t=1345.000000 t_real=1.499395e+03 s <x_B_tot>=1.210632e-01 vf_precip_indicator=9.406918e-02 vf_precip_h=9.418331e-02 R_avg=6.458567e+00 xB_range=[0.0284, 0.0315] Meff_range=[2.8565e-02, 3.0505e+00] t_wall=2026-03-19 00:35:35
[3D] step=13460 t=1346.000000 t_real=1.500510e+03 s <x_B_tot>=1.210633e-01 vf_precip_indicator=9.406883e-02 vf_precip_h=9.418342e-02 R_avg=6.458366e+00 xB_range=[0.0284, 0.0315] Meff_range=[2.8565e-02, 3.0505e+00] t_wall=2026-03-19 00:35:47
[3D] step=13470 t=1347.000000 t_real=1.501625e+03 s <x_B_tot>=1.210633e-01 vf_precip_indicator=9.406823e-02 vf_precip_h=9.418353e-02 R_avg=6.458355e+00 xB_range=[0.0284, 0.0315] Meff_range=[2.8565e-02, 3.0505e+00] t_wall=2026-03-19 00:36:00
[3D] step=13480 t=1348.000000 t_real=1.502740e+03 s <x_B_tot>=1.210634e-01 vf_precip_indicator=9.406686e-02 vf_precip_h=9.418364e-02 R_avg=6.457717e+00 xB_range=[0.0284, 0.0315] Meff_range=[2.8565e-02, 3.0505e+00] t_wall=2026-03-19 00:36:12
[3D] step=13490 t=1349.000000 t_real=1.503854e+03 s <x_B_tot>=1.210634e-01 vf_precip_indicator=9.406549e-02 vf_precip_h=9.418375e-02 R_avg=6.457520e+00 xB_range=[0.0284, 0.0315] Meff_range=[2.8565e-02, 3.0505e+00] t_wall=2026-03-19 00:36:24
[3D] step=13500 t=1350.000000 t_real=1.504969e+03 s <x_B_tot>=1.210635e-01 vf_precip_indicator=9.406638e-02 vf_precip_h=9.418386e-02 R_avg=6.457171e+00 xB_range=[0.0284, 0.0315] Meff_range=[2.8565e-02, 3.0505e+00] t_wall=2026-03-19 00:36:37
[3D] step=13510 t=1351.000000 t_real=1.506084e+03 s <x_B_tot>=1.210635e-01 vf_precip_indicator=9.406686e-02 vf_precip_h=9.418397e-02 R_avg=6.457864e+00 xB_range=[0.0284, 0.0315] Meff_range=[2.8565e-02, 3.0505e+00] t_wall=2026-03-19 00:36:49
[3D] step=13520 t=1352.000000 t_real=1.507199e+03 s <x_B_tot>=1.210636e-01 vf_precip_indicator=9.406853e-02 vf_precip_h=9.418408e-02 R_avg=6.457993e+00 xB_range=[0.0284, 0.0315] Meff_range=[2.8565e-02, 3.0505e+00] t_wall=2026-03-19 00:37:02
[3D] step=13530 t=1353.000000 t_real=1.508314e+03 s <x_B_tot>=1.210636e-01 vf_precip_indicator=9.406883e-02 vf_precip_h=9.418419e-02 R_avg=6.458249e+00 xB_range=[0.0284, 0.0315] Meff_range=[2.8564e-02, 3.0505e+00] t_wall=2026-03-19 00:37:14
[3D] step=13540 t=1354.000000 t_real=1.509428e+03 s <x_B_tot>=1.210637e-01 vf_precip_indicator=9.406799e-02 vf_precip_h=9.418430e-02 R_avg=6.457868e+00 xB_range=[0.0284, 0.0315] Meff_range=[2.8564e-02, 3.0504e+00] t_wall=2026-03-19 00:37:27
[3D] step=13550 t=1355.000000 t_real=1.510543e+03 s <x_B_tot>=1.210637e-01 vf_precip_indicator=9.406978e-02 vf_precip_h=9.418441e-02 R_avg=6.457756e+00 xB_range=[0.0284, 0.0315] Meff_range=[2.8564e-02, 3.0504e+00] t_wall=2026-03-19 00:37:39
[3D] step=13560 t=1356.000000 t_real=1.511658e+03 s <x_B_tot>=1.210638e-01 vf_precip_indicator=9.407103e-02 vf_precip_h=9.418452e-02 R_avg=6.457534e+00 xB_range=[0.0284, 0.0315] Meff_range=[2.8564e-02, 3.0504e+00] t_wall=2026-03-19 00:37:52
[3D] step=13570 t=1357.000000 t_real=1.512773e+03 s <x_B_tot>=1.210638e-01 vf_precip_indicator=9.407014e-02 vf_precip_h=9.418463e-02 R_avg=6.457106e+00 xB_range=[0.0284, 0.0315] Meff_range=[2.8564e-02, 3.0504e+00] t_wall=2026-03-19 00:38:04
[3D] step=13580 t=1358.000000 t_real=1.513888e+03 s <x_B_tot>=1.210639e-01 vf_precip_indicator=9.406924e-02 vf_precip_h=9.418474e-02 R_avg=6.457044e+00 xB_range=[0.0284, 0.0315] Meff_range=[2.8564e-02, 3.0504e+00] t_wall=2026-03-19 00:38:17
[3D] step=13590 t=1359.000000 t_real=1.515002e+03 s <x_B_tot>=1.210640e-01 vf_precip_indicator=9.406924e-02 vf_precip_h=9.418485e-02 R_avg=6.456824e+00 xB_range=[0.0284, 0.0315] Meff_range=[2.8564e-02, 3.0504e+00] t_wall=2026-03-19 00:38:29
[3D] step=13600 t=1360.000000 t_real=1.516117e+03 s <x_B_tot>=1.210640e-01 vf_precip_indicator=9.407026e-02 vf_precip_h=9.418496e-02 R_avg=6.457393e+00 xB_range=[0.0284, 0.0315] Meff_range=[2.8564e-02, 3.0504e+00] t_wall=2026-03-19 00:38:42
[3D] step=13610 t=1361.000000 t_real=1.517232e+03 s <x_B_tot>=1.210641e-01 vf_precip_indicator=9.407020e-02 vf_precip_h=9.418507e-02 R_avg=6.458108e+00 xB_range=[0.0284, 0.0315] Meff_range=[2.8564e-02, 3.0504e+00] t_wall=2026-03-19 00:38:54
[3D] step=13620 t=1362.000000 t_real=1.518347e+03 s <x_B_tot>=1.210641e-01 vf_precip_indicator=9.407192e-02 vf_precip_h=9.418518e-02 R_avg=6.458168e+00 xB_range=[0.0284, 0.0315] Meff_range=[2.8564e-02, 3.0504e+00] t_wall=2026-03-19 00:39:06
[3D] step=13630 t=1363.000000 t_real=1.519461e+03 s <x_B_tot>=1.210642e-01 vf_precip_indicator=9.407312e-02 vf_precip_h=9.418529e-02 R_avg=6.458573e+00 xB_range=[0.0284, 0.0315] Meff_range=[2.8564e-02, 3.0504e+00] t_wall=2026-03-19 00:39:19
[3D] step=13640 t=1364.000000 t_real=1.520576e+03 s <x_B_tot>=1.210642e-01 vf_precip_indicator=9.407288e-02 vf_precip_h=9.418540e-02 R_avg=6.458454e+00 xB_range=[0.0284, 0.0315] Meff_range=[2.8563e-02, 3.0504e+00] t_wall=2026-03-19 00:39:31
[3D] step=13650 t=1365.000000 t_real=1.521691e+03 s <x_B_tot>=1.210643e-01 vf_precip_indicator=9.407371e-02 vf_precip_h=9.418551e-02 R_avg=6.459186e+00 xB_range=[0.0284, 0.0315] Meff_range=[2.8563e-02, 3.0504e+00] t_wall=2026-03-19 00:39:44
[3D] step=13660 t=1366.000000 t_real=1.522806e+03 s <x_B_tot>=1.210643e-01 vf_precip_indicator=9.407282e-02 vf_precip_h=9.418562e-02 R_avg=6.459242e+00 xB_range=[0.0284, 0.0315] Meff_range=[2.8563e-02, 3.0504e+00] t_wall=2026-03-19 00:39:56
[3D] step=13670 t=1367.000000 t_real=1.523921e+03 s <x_B_tot>=1.210644e-01 vf_precip_indicator=9.407330e-02 vf_precip_h=9.418573e-02 R_avg=6.459363e+00 xB_range=[0.0284, 0.0315] Meff_range=[2.8563e-02, 3.0503e+00] t_wall=2026-03-19 00:40:09
[3D] step=13680 t=1368.000000 t_real=1.525035e+03 s <x_B_tot>=1.210644e-01 vf_precip_indicator=9.407318e-02 vf_precip_h=9.418584e-02 R_avg=6.458870e+00 xB_range=[0.0284, 0.0315] Meff_range=[2.8563e-02, 3.0503e+00] t_wall=2026-03-19 00:40:21
[3D] step=13690 t=1369.000000 t_real=1.526150e+03 s <x_B_tot>=1.210645e-01 vf_precip_indicator=9.407318e-02 vf_precip_h=9.418595e-02 R_avg=6.458665e+00 xB_range=[0.0284, 0.0315] Meff_range=[2.8563e-02, 3.0503e+00] t_wall=2026-03-19 00:40:34
[3D] step=13700 t=1370.000000 t_real=1.527265e+03 s <x_B_tot>=1.210645e-01 vf_precip_indicator=9.406990e-02 vf_precip_h=9.418606e-02 R_avg=6.458689e+00 xB_range=[0.0284, 0.0315] Meff_range=[2.8563e-02, 3.0503e+00] t_wall=2026-03-19 00:40:46
[3D] step=13710 t=1371.000000 t_real=1.528380e+03 s <x_B_tot>=1.210646e-01 vf_precip_indicator=9.406883e-02 vf_precip_h=9.418617e-02 R_avg=6.458161e+00 xB_range=[0.0284, 0.0315] Meff_range=[2.8563e-02, 3.0503e+00] t_wall=2026-03-19 00:40:58
[3D] step=13720 t=1372.000000 t_real=1.529495e+03 s <x_B_tot>=1.210646e-01 vf_precip_indicator=9.406865e-02 vf_precip_h=9.418628e-02 R_avg=6.458692e+00 xB_range=[0.0284, 0.0315] Meff_range=[2.8563e-02, 3.0503e+00] t_wall=2026-03-19 00:41:11
[3D] step=13730 t=1373.000000 t_real=1.530609e+03 s <x_B_tot>=1.210647e-01 vf_precip_indicator=9.406829e-02 vf_precip_h=9.418639e-02 R_avg=6.459166e+00 xB_range=[0.0284, 0.0315] Meff_range=[2.8563e-02, 3.0503e+00] t_wall=2026-03-19 00:41:23
[3D] step=13740 t=1374.000000 t_real=1.531724e+03 s <x_B_tot>=1.210648e-01 vf_precip_indicator=9.406942e-02 vf_precip_h=9.418650e-02 R_avg=6.458789e+00 xB_range=[0.0284, 0.0315] Meff_range=[2.8563e-02, 3.0503e+00] t_wall=2026-03-19 00:41:36
[3D] step=13750 t=1375.000000 t_real=1.532839e+03 s <x_B_tot>=1.210648e-01 vf_precip_indicator=9.406728e-02 vf_precip_h=9.418661e-02 R_avg=6.458700e+00 xB_range=[0.0284, 0.0315] Meff_range=[2.8563e-02, 3.0503e+00] t_wall=2026-03-19 00:41:48
[3D] step=13760 t=1376.000000 t_real=1.533954e+03 s <x_B_tot>=1.210649e-01 vf_precip_indicator=9.406549e-02 vf_precip_h=9.418672e-02 R_avg=6.458519e+00 xB_range=[0.0284, 0.0315] Meff_range=[2.8562e-02, 3.0503e+00] t_wall=2026-03-19 00:42:01
[3D] step=13770 t=1377.000000 t_real=1.535069e+03 s <x_B_tot>=1.210649e-01 vf_precip_indicator=9.406602e-02 vf_precip_h=9.418683e-02 R_avg=6.458835e+00 xB_range=[0.0284, 0.0315] Meff_range=[2.8562e-02, 3.0503e+00] t_wall=2026-03-19 00:42:13
[3D] step=13780 t=1378.000000 t_real=1.536183e+03 s <x_B_tot>=1.210650e-01 vf_precip_indicator=9.406680e-02 vf_precip_h=9.418694e-02 R_avg=6.459358e+00 xB_range=[0.0284, 0.0315] Meff_range=[2.8562e-02, 3.0503e+00] t_wall=2026-03-19 00:42:26
[3D] step=13790 t=1379.000000 t_real=1.537298e+03 s <x_B_tot>=1.210650e-01 vf_precip_indicator=9.406644e-02 vf_precip_h=9.418705e-02 R_avg=6.458790e+00 xB_range=[0.0284, 0.0315] Meff_range=[2.8562e-02, 3.0503e+00] t_wall=2026-03-19 00:42:38
[3D] step=13800 t=1380.000000 t_real=1.538413e+03 s <x_B_tot>=1.210651e-01 vf_precip_indicator=9.406710e-02 vf_precip_h=9.418716e-02 R_avg=6.459540e+00 xB_range=[0.0284, 0.0315] Meff_range=[2.8562e-02, 3.0502e+00] t_wall=2026-03-19 00:42:51
[3D] step=13810 t=1381.000000 t_real=1.539528e+03 s <x_B_tot>=1.210651e-01 vf_precip_indicator=9.406996e-02 vf_precip_h=9.418727e-02 R_avg=6.459751e+00 xB_range=[0.0284, 0.0315] Meff_range=[2.8562e-02, 3.0502e+00] t_wall=2026-03-19 00:43:03
[3D] step=13820 t=1382.000000 t_real=1.540643e+03 s <x_B_tot>=1.210652e-01 vf_precip_indicator=9.406888e-02 vf_precip_h=9.418738e-02 R_avg=6.459648e+00 xB_range=[0.0284, 0.0315] Meff_range=[2.8562e-02, 3.0502e+00] t_wall=2026-03-19 00:43:15
[3D] step=13830 t=1383.000000 t_real=1.541757e+03 s <x_B_tot>=1.210652e-01 vf_precip_indicator=9.407026e-02 vf_precip_h=9.418749e-02 R_avg=6.459360e+00 xB_range=[0.0284, 0.0315] Meff_range=[2.8562e-02, 3.0502e+00] t_wall=2026-03-19 00:43:28
[3D] step=13840 t=1384.000000 t_real=1.542872e+03 s <x_B_tot>=1.210653e-01 vf_precip_indicator=9.407008e-02 vf_precip_h=9.418760e-02 R_avg=6.458716e+00 xB_range=[0.0284, 0.0315] Meff_range=[2.8562e-02, 3.0502e+00] t_wall=2026-03-19 00:43:40
[3D] step=13850 t=1385.000000 t_real=1.543987e+03 s <x_B_tot>=1.210653e-01 vf_precip_indicator=9.407061e-02 vf_precip_h=9.418772e-02 R_avg=6.458783e+00 xB_range=[0.0284, 0.0315] Meff_range=[2.8562e-02, 3.0502e+00] t_wall=2026-03-19 00:43:53
[3D] step=13860 t=1386.000000 t_real=1.545102e+03 s <x_B_tot>=1.210654e-01 vf_precip_indicator=9.407115e-02 vf_precip_h=9.418783e-02 R_avg=6.459201e+00 xB_range=[0.0284, 0.0315] Meff_range=[2.8562e-02, 3.0502e+00] t_wall=2026-03-19 00:44:05
[3D] step=13870 t=1387.000000 t_real=1.546217e+03 s <x_B_tot>=1.210654e-01 vf_precip_indicator=9.407198e-02 vf_precip_h=9.418794e-02 R_avg=6.459567e+00 xB_range=[0.0284, 0.0315] Meff_range=[2.8561e-02, 3.0502e+00] t_wall=2026-03-19 00:44:18
[3D] step=13880 t=1388.000000 t_real=1.547331e+03 s <x_B_tot>=1.210655e-01 vf_precip_indicator=9.407169e-02 vf_precip_h=9.418805e-02 R_avg=6.459987e+00 xB_range=[0.0284, 0.0315] Meff_range=[2.8561e-02, 3.0502e+00] t_wall=2026-03-19 00:44:30
[3D] step=13890 t=1389.000000 t_real=1.548446e+03 s <x_B_tot>=1.210656e-01 vf_precip_indicator=9.407449e-02 vf_precip_h=9.418816e-02 R_avg=6.460635e+00 xB_range=[0.0284, 0.0315] Meff_range=[2.8561e-02, 3.0502e+00] t_wall=2026-03-19 00:44:43
[3D] step=13900 t=1390.000000 t_real=1.549561e+03 s <x_B_tot>=1.210656e-01 vf_precip_indicator=9.407562e-02 vf_precip_h=9.418827e-02 R_avg=6.460918e+00 xB_range=[0.0284, 0.0315] Meff_range=[2.8561e-02, 3.0502e+00] t_wall=2026-03-19 00:44:55
[3D] step=13910 t=1391.000000 t_real=1.550676e+03 s <x_B_tot>=1.210657e-01 vf_precip_indicator=9.407520e-02 vf_precip_h=9.418838e-02 R_avg=6.461287e+00 xB_range=[0.0284, 0.0315] Meff_range=[2.8561e-02, 3.0502e+00] t_wall=2026-03-19 00:45:08
[3D] step=13920 t=1392.000000 t_real=1.551790e+03 s <x_B_tot>=1.210657e-01 vf_precip_indicator=9.407592e-02 vf_precip_h=9.418849e-02 R_avg=6.461350e+00 xB_range=[0.0284, 0.0315] Meff_range=[2.8561e-02, 3.0502e+00] t_wall=2026-03-19 00:45:20
[3D] step=13930 t=1393.000000 t_real=1.552905e+03 s <x_B_tot>=1.210658e-01 vf_precip_indicator=9.407574e-02 vf_precip_h=9.418860e-02 R_avg=6.460853e+00 xB_range=[0.0284, 0.0315] Meff_range=[2.8561e-02, 3.0501e+00] t_wall=2026-03-19 00:45:32
[3D] step=13940 t=1394.000000 t_real=1.554020e+03 s <x_B_tot>=1.210658e-01 vf_precip_indicator=9.407586e-02 vf_precip_h=9.418871e-02 R_avg=6.460450e+00 xB_range=[0.0284, 0.0315] Meff_range=[2.8561e-02, 3.0501e+00] t_wall=2026-03-19 00:45:45
[3D] step=13950 t=1395.000000 t_real=1.555135e+03 s <x_B_tot>=1.210659e-01 vf_precip_indicator=9.407604e-02 vf_precip_h=9.418882e-02 R_avg=6.460741e+00 xB_range=[0.0284, 0.0315] Meff_range=[2.8561e-02, 3.0501e+00] t_wall=2026-03-19 00:45:57
[3D] step=13960 t=1396.000000 t_real=1.556250e+03 s <x_B_tot>=1.210659e-01 vf_precip_indicator=9.407580e-02 vf_precip_h=9.418893e-02 R_avg=6.460843e+00 xB_range=[0.0284, 0.0315] Meff_range=[2.8561e-02, 3.0501e+00] t_wall=2026-03-19 00:46:10
[3D] step=13970 t=1397.000000 t_real=1.557364e+03 s <x_B_tot>=1.210660e-01 vf_precip_indicator=9.407628e-02 vf_precip_h=9.418904e-02 R_avg=6.461507e+00 xB_range=[0.0284, 0.0315] Meff_range=[2.8561e-02, 3.0501e+00] t_wall=2026-03-19 00:46:22
[3D] step=13980 t=1398.000000 t_real=1.558479e+03 s <x_B_tot>=1.210660e-01 vf_precip_indicator=9.407622e-02 vf_precip_h=9.418915e-02 R_avg=6.460827e+00 xB_range=[0.0284, 0.0315] Meff_range=[2.8561e-02, 3.0501e+00] t_wall=2026-03-19 00:46:35
[3D] step=13990 t=1399.000000 t_real=1.559594e+03 s <x_B_tot>=1.210661e-01 vf_precip_indicator=9.407443e-02 vf_precip_h=9.418926e-02 R_avg=6.460646e+00 xB_range=[0.0284, 0.0315] Meff_range=[2.8560e-02, 3.0501e+00] t_wall=2026-03-19 00:46:47
[3D] step=14000 t=1400.000000 t_real=1.560709e+03 s <x_B_tot>=1.210661e-01 vf_precip_indicator=9.407449e-02 vf_precip_h=9.418938e-02 R_avg=6.460488e+00 xB_range=[0.0284, 0.0315] Meff_range=[2.8560e-02, 3.0501e+00] t_wall=2026-03-19 00:47:00
[3D] step=14010 t=1401.000000 t_real=1.561824e+03 s <x_B_tot>=1.210662e-01 vf_precip_indicator=9.407526e-02 vf_precip_h=9.418949e-02 R_avg=6.460600e+00 xB_range=[0.0284, 0.0315] Meff_range=[2.8560e-02, 3.0501e+00] t_wall=2026-03-19 00:47:12
[3D] step=14020 t=1402.000000 t_real=1.562938e+03 s <x_B_tot>=1.210663e-01 vf_precip_indicator=9.407336e-02 vf_precip_h=9.418960e-02 R_avg=6.461630e+00 xB_range=[0.0284, 0.0315] Meff_range=[2.8560e-02, 3.0501e+00] t_wall=2026-03-19 00:47:25
[3D] step=14030 t=1403.000000 t_real=1.564053e+03 s <x_B_tot>=1.210663e-01 vf_precip_indicator=9.407252e-02 vf_precip_h=9.418971e-02 R_avg=6.461661e+00 xB_range=[0.0284, 0.0315] Meff_range=[2.8560e-02, 3.0501e+00] t_wall=2026-03-19 00:47:37
[3D] step=14040 t=1404.000000 t_real=1.565168e+03 s <x_B_tot>=1.210664e-01 vf_precip_indicator=9.407073e-02 vf_precip_h=9.418982e-02 R_avg=6.461273e+00 xB_range=[0.0284, 0.0315] Meff_range=[2.8560e-02, 3.0501e+00] t_wall=2026-03-19 00:47:49
[3D] step=14050 t=1405.000000 t_real=1.566283e+03 s <x_B_tot>=1.210664e-01 vf_precip_indicator=9.406936e-02 vf_precip_h=9.418993e-02 R_avg=6.461223e+00 xB_range=[0.0284, 0.0315] Meff_range=[2.8560e-02, 3.0500e+00] t_wall=2026-03-19 00:48:02
[3D] step=14060 t=1406.000000 t_real=1.567398e+03 s <x_B_tot>=1.210665e-01 vf_precip_indicator=9.407032e-02 vf_precip_h=9.419004e-02 R_avg=6.460789e+00 xB_range=[0.0284, 0.0315] Meff_range=[2.8560e-02, 3.0500e+00] t_wall=2026-03-19 00:48:14
[3D] step=14070 t=1407.000000 t_real=1.568512e+03 s <x_B_tot>=1.210665e-01 vf_precip_indicator=9.406823e-02 vf_precip_h=9.419015e-02 R_avg=6.460646e+00 xB_range=[0.0284, 0.0315] Meff_range=[2.8560e-02, 3.0500e+00] t_wall=2026-03-19 00:48:27
[3D] step=14080 t=1408.000000 t_real=1.569627e+03 s <x_B_tot>=1.210666e-01 vf_precip_indicator=9.406853e-02 vf_precip_h=9.419026e-02 R_avg=6.460431e+00 xB_range=[0.0284, 0.0315] Meff_range=[2.8560e-02, 3.0500e+00] t_wall=2026-03-19 00:48:39
[3D] step=14090 t=1409.000000 t_real=1.570742e+03 s <x_B_tot>=1.210666e-01 vf_precip_indicator=9.406960e-02 vf_precip_h=9.419037e-02 R_avg=6.460343e+00 xB_range=[0.0284, 0.0315] Meff_range=[2.8560e-02, 3.0500e+00] t_wall=2026-03-19 00:48:52
[3D] step=14100 t=1410.000000 t_real=1.571857e+03 s <x_B_tot>=1.210667e-01 vf_precip_indicator=9.406996e-02 vf_precip_h=9.419048e-02 R_avg=6.460309e+00 xB_range=[0.0284, 0.0315] Meff_range=[2.8559e-02, 3.0500e+00] t_wall=2026-03-19 00:49:04
[3D] step=14110 t=1411.000000 t_real=1.572972e+03 s <x_B_tot>=1.210667e-01 vf_precip_indicator=9.407365e-02 vf_precip_h=9.419060e-02 R_avg=6.460093e+00 xB_range=[0.0284, 0.0315] Meff_range=[2.8559e-02, 3.0500e+00] t_wall=2026-03-19 00:49:19
[3D] step=14120 t=1412.000000 t_real=1.574086e+03 s <x_B_tot>=1.210668e-01 vf_precip_indicator=9.407479e-02 vf_precip_h=9.419071e-02 R_avg=6.459774e+00 xB_range=[0.0284, 0.0315] Meff_range=[2.8559e-02, 3.0500e+00] t_wall=2026-03-19 00:49:32
[3D] step=14130 t=1413.000000 t_real=1.575201e+03 s <x_B_tot>=1.210668e-01 vf_precip_indicator=9.407324e-02 vf_precip_h=9.419082e-02 R_avg=6.459447e+00 xB_range=[0.0284, 0.0315] Meff_range=[2.8559e-02, 3.0500e+00] t_wall=2026-03-19 00:49:44
[3D] step=14140 t=1414.000000 t_real=1.576316e+03 s <x_B_tot>=1.210669e-01 vf_precip_indicator=9.407127e-02 vf_precip_h=9.419093e-02 R_avg=6.459694e+00 xB_range=[0.0284, 0.0315] Meff_range=[2.8559e-02, 3.0500e+00] t_wall=2026-03-19 00:49:57
[3D] step=14150 t=1415.000000 t_real=1.577431e+03 s <x_B_tot>=1.210670e-01 vf_precip_indicator=9.407091e-02 vf_precip_h=9.419104e-02 R_avg=6.459934e+00 xB_range=[0.0284, 0.0315] Meff_range=[2.8559e-02, 3.0500e+00] t_wall=2026-03-19 00:50:09
[3D] step=14160 t=1416.000000 t_real=1.578545e+03 s <x_B_tot>=1.210670e-01 vf_precip_indicator=9.407055e-02 vf_precip_h=9.419115e-02 R_avg=6.459939e+00 xB_range=[0.0284, 0.0315] Meff_range=[2.8559e-02, 3.0500e+00] t_wall=2026-03-19 00:50:22
[3D] step=14170 t=1417.000000 t_real=1.579660e+03 s <x_B_tot>=1.210671e-01 vf_precip_indicator=9.407067e-02 vf_precip_h=9.419126e-02 R_avg=6.460006e+00 xB_range=[0.0284, 0.0315] Meff_range=[2.8559e-02, 3.0499e+00] t_wall=2026-03-19 00:50:34
[3D] step=14180 t=1418.000000 t_real=1.580775e+03 s <x_B_tot>=1.210671e-01 vf_precip_indicator=9.407026e-02 vf_precip_h=9.419137e-02 R_avg=6.459448e+00 xB_range=[0.0284, 0.0315] Meff_range=[2.8559e-02, 3.0499e+00] t_wall=2026-03-19 00:50:47
[3D] step=14190 t=1419.000000 t_real=1.581890e+03 s <x_B_tot>=1.210672e-01 vf_precip_indicator=9.407234e-02 vf_precip_h=9.419148e-02 R_avg=6.460238e+00 xB_range=[0.0284, 0.0315] Meff_range=[2.8559e-02, 3.0499e+00] t_wall=2026-03-19 00:50:59
[3D] step=14200 t=1420.000000 t_real=1.583005e+03 s <x_B_tot>=1.210672e-01 vf_precip_indicator=9.406984e-02 vf_precip_h=9.419160e-02 R_avg=6.460404e+00 xB_range=[0.0284, 0.0315] Meff_range=[2.8559e-02, 3.0499e+00] t_wall=2026-03-19 00:51:11
[3D] step=14210 t=1421.000000 t_real=1.584119e+03 s <x_B_tot>=1.210673e-01 vf_precip_indicator=9.406853e-02 vf_precip_h=9.419171e-02 R_avg=6.460931e+00 xB_range=[0.0284, 0.0315] Meff_range=[2.8559e-02, 3.0499e+00] t_wall=2026-03-19 00:51:24
[3D] step=14220 t=1422.000000 t_real=1.585234e+03 s <x_B_tot>=1.210673e-01 vf_precip_indicator=9.406853e-02 vf_precip_h=9.419182e-02 R_avg=6.460020e+00 xB_range=[0.0284, 0.0315] Meff_range=[2.8558e-02, 3.0499e+00] t_wall=2026-03-19 00:51:36
[3D] step=14230 t=1423.000000 t_real=1.586349e+03 s <x_B_tot>=1.210674e-01 vf_precip_indicator=9.406722e-02 vf_precip_h=9.419193e-02 R_avg=6.460958e+00 xB_range=[0.0284, 0.0315] Meff_range=[2.8558e-02, 3.0499e+00] t_wall=2026-03-19 00:51:49
[3D] step=14240 t=1424.000000 t_real=1.587464e+03 s <x_B_tot>=1.210674e-01 vf_precip_indicator=9.406817e-02 vf_precip_h=9.419204e-02 R_avg=6.460789e+00 xB_range=[0.0284, 0.0315] Meff_range=[2.8558e-02, 3.0499e+00] t_wall=2026-03-19 00:52:01
[3D] step=14250 t=1425.000000 t_real=1.588579e+03 s <x_B_tot>=1.210675e-01 vf_precip_indicator=9.406722e-02 vf_precip_h=9.419215e-02 R_avg=6.460209e+00 xB_range=[0.0284, 0.0315] Meff_range=[2.8558e-02, 3.0499e+00] t_wall=2026-03-19 00:52:14
[3D] step=14260 t=1426.000000 t_real=1.589693e+03 s <x_B_tot>=1.210675e-01 vf_precip_indicator=9.406459e-02 vf_precip_h=9.419226e-02 R_avg=6.460000e+00 xB_range=[0.0284, 0.0315] Meff_range=[2.8558e-02, 3.0499e+00] t_wall=2026-03-19 00:52:26
[3D] step=14270 t=1427.000000 t_real=1.590808e+03 s <x_B_tot>=1.210676e-01 vf_precip_indicator=9.406513e-02 vf_precip_h=9.419237e-02 R_avg=6.460653e+00 xB_range=[0.0284, 0.0315] Meff_range=[2.8558e-02, 3.0499e+00] t_wall=2026-03-19 00:52:39
[3D] step=14280 t=1428.000000 t_real=1.591923e+03 s <x_B_tot>=1.210677e-01 vf_precip_indicator=9.406596e-02 vf_precip_h=9.419248e-02 R_avg=6.460623e+00 xB_range=[0.0284, 0.0315] Meff_range=[2.8558e-02, 3.0499e+00] t_wall=2026-03-19 00:52:51
[3D] step=14290 t=1429.000000 t_real=1.593038e+03 s <x_B_tot>=1.210677e-01 vf_precip_indicator=9.406519e-02 vf_precip_h=9.419260e-02 R_avg=6.460555e+00 xB_range=[0.0284, 0.0315] Meff_range=[2.8558e-02, 3.0498e+00] t_wall=2026-03-19 00:53:04
[3D] step=14300 t=1430.000000 t_real=1.594153e+03 s <x_B_tot>=1.210678e-01 vf_precip_indicator=9.406686e-02 vf_precip_h=9.419271e-02 R_avg=6.460317e+00 xB_range=[0.0284, 0.0315] Meff_range=[2.8558e-02, 3.0498e+00] t_wall=2026-03-19 00:53:16
[3D] step=14310 t=1431.000000 t_real=1.595267e+03 s <x_B_tot>=1.210678e-01 vf_precip_indicator=9.406632e-02 vf_precip_h=9.419282e-02 R_avg=6.460662e+00 xB_range=[0.0284, 0.0315] Meff_range=[2.8558e-02, 3.0498e+00] t_wall=2026-03-19 00:53:28
[3D] step=14320 t=1432.000000 t_real=1.596382e+03 s <x_B_tot>=1.210679e-01 vf_precip_indicator=9.406739e-02 vf_precip_h=9.419293e-02 R_avg=6.460706e+00 xB_range=[0.0284, 0.0315] Meff_range=[2.8558e-02, 3.0498e+00] t_wall=2026-03-19 00:53:41
[3D] step=14330 t=1433.000000 t_real=1.597497e+03 s <x_B_tot>=1.210679e-01 vf_precip_indicator=9.406871e-02 vf_precip_h=9.419304e-02 R_avg=6.460708e+00 xB_range=[0.0284, 0.0315] Meff_range=[2.8557e-02, 3.0498e+00] t_wall=2026-03-19 00:53:53
[3D] step=14340 t=1434.000000 t_real=1.598612e+03 s <x_B_tot>=1.210680e-01 vf_precip_indicator=9.407175e-02 vf_precip_h=9.419315e-02 R_avg=6.461372e+00 xB_range=[0.0284, 0.0315] Meff_range=[2.8557e-02, 3.0498e+00] t_wall=2026-03-19 00:54:06
[3D] step=14350 t=1435.000000 t_real=1.599727e+03 s <x_B_tot>=1.210680e-01 vf_precip_indicator=9.407037e-02 vf_precip_h=9.419326e-02 R_avg=6.460661e+00 xB_range=[0.0284, 0.0315] Meff_range=[2.8557e-02, 3.0498e+00] t_wall=2026-03-19 00:54:18
[3D] step=14360 t=1436.000000 t_real=1.600841e+03 s <x_B_tot>=1.210681e-01 vf_precip_indicator=9.407210e-02 vf_precip_h=9.419337e-02 R_avg=6.460501e+00 xB_range=[0.0284, 0.0315] Meff_range=[2.8557e-02, 3.0498e+00] t_wall=2026-03-19 00:54:31
[3D] step=14370 t=1437.000000 t_real=1.601956e+03 s <x_B_tot>=1.210681e-01 vf_precip_indicator=9.407318e-02 vf_precip_h=9.419349e-02 R_avg=6.460765e+00 xB_range=[0.0284, 0.0315] Meff_range=[2.8557e-02, 3.0498e+00] t_wall=2026-03-19 00:54:43
[3D] step=14380 t=1438.000000 t_real=1.603071e+03 s <x_B_tot>=1.210682e-01 vf_precip_indicator=9.407496e-02 vf_precip_h=9.419360e-02 R_avg=6.461006e+00 xB_range=[0.0284, 0.0315] Meff_range=[2.8557e-02, 3.0498e+00] t_wall=2026-03-19 00:54:56
[3D] step=14390 t=1439.000000 t_real=1.604186e+03 s <x_B_tot>=1.210683e-01 vf_precip_indicator=9.407407e-02 vf_precip_h=9.419371e-02 R_avg=6.461003e+00 xB_range=[0.0284, 0.0315] Meff_range=[2.8557e-02, 3.0498e+00] t_wall=2026-03-19 00:55:08
[3D] step=14400 t=1440.000000 t_real=1.605300e+03 s <x_B_tot>=1.210683e-01 vf_precip_indicator=9.407526e-02 vf_precip_h=9.419382e-02 R_avg=6.460967e+00 xB_range=[0.0284, 0.0315] Meff_range=[2.8557e-02, 3.0498e+00] t_wall=2026-03-19 00:55:20
[3D] step=14410 t=1441.000000 t_real=1.606415e+03 s <x_B_tot>=1.210684e-01 vf_precip_indicator=9.407520e-02 vf_precip_h=9.419393e-02 R_avg=6.461154e+00 xB_range=[0.0284, 0.0315] Meff_range=[2.8557e-02, 3.0497e+00] t_wall=2026-03-19 00:55:33
[3D] step=14420 t=1442.000000 t_real=1.607530e+03 s <x_B_tot>=1.210684e-01 vf_precip_indicator=9.407336e-02 vf_precip_h=9.419404e-02 R_avg=6.460954e+00 xB_range=[0.0284, 0.0315] Meff_range=[2.8557e-02, 3.0497e+00] t_wall=2026-03-19 00:55:45
[3D] step=14430 t=1443.000000 t_real=1.608645e+03 s <x_B_tot>=1.210685e-01 vf_precip_indicator=9.407431e-02 vf_precip_h=9.419415e-02 R_avg=6.461284e+00 xB_range=[0.0284, 0.0315] Meff_range=[2.8557e-02, 3.0497e+00] t_wall=2026-03-19 00:55:58
[3D] step=14440 t=1444.000000 t_real=1.609760e+03 s <x_B_tot>=1.210685e-01 vf_precip_indicator=9.407723e-02 vf_precip_h=9.419427e-02 R_avg=6.461984e+00 xB_range=[0.0284, 0.0315] Meff_range=[2.8556e-02, 3.0497e+00] t_wall=2026-03-19 00:56:10
[3D] step=14450 t=1445.000000 t_real=1.610874e+03 s <x_B_tot>=1.210686e-01 vf_precip_indicator=9.407896e-02 vf_precip_h=9.419438e-02 R_avg=6.462676e+00 xB_range=[0.0284, 0.0315] Meff_range=[2.8556e-02, 3.0497e+00] t_wall=2026-03-19 00:56:23
[3D] step=14460 t=1446.000000 t_real=1.611989e+03 s <x_B_tot>=1.210686e-01 vf_precip_indicator=9.407949e-02 vf_precip_h=9.419449e-02 R_avg=6.462772e+00 xB_range=[0.0284, 0.0315] Meff_range=[2.8556e-02, 3.0497e+00] t_wall=2026-03-19 00:56:35
[3D] step=14470 t=1447.000000 t_real=1.613104e+03 s <x_B_tot>=1.210687e-01 vf_precip_indicator=9.408075e-02 vf_precip_h=9.419460e-02 R_avg=6.462917e+00 xB_range=[0.0284, 0.0315] Meff_range=[2.8556e-02, 3.0497e+00] t_wall=2026-03-19 00:56:48
[3D] step=14480 t=1448.000000 t_real=1.614219e+03 s <x_B_tot>=1.210687e-01 vf_precip_indicator=9.408230e-02 vf_precip_h=9.419471e-02 R_avg=6.463185e+00 xB_range=[0.0284, 0.0315] Meff_range=[2.8556e-02, 3.0497e+00] t_wall=2026-03-19 00:57:00
[3D] step=14490 t=1449.000000 t_real=1.615334e+03 s <x_B_tot>=1.210688e-01 vf_precip_indicator=9.408242e-02 vf_precip_h=9.419482e-02 R_avg=6.463355e+00 xB_range=[0.0284, 0.0315] Meff_range=[2.8556e-02, 3.0497e+00] t_wall=2026-03-19 00:57:13
[3D] step=14500 t=1450.000000 t_real=1.616448e+03 s <x_B_tot>=1.210688e-01 vf_precip_indicator=9.408307e-02 vf_precip_h=9.419494e-02 R_avg=6.463767e+00 xB_range=[0.0284, 0.0315] Meff_range=[2.8556e-02, 3.0497e+00] t_wall=2026-03-19 00:57:25
[3D] step=14510 t=1451.000000 t_real=1.617563e+03 s <x_B_tot>=1.210689e-01 vf_precip_indicator=9.408343e-02 vf_precip_h=9.419505e-02 R_avg=6.463174e+00 xB_range=[0.0284, 0.0315] Meff_range=[2.8556e-02, 3.0497e+00] t_wall=2026-03-19 00:57:37
[3D] step=14520 t=1452.000000 t_real=1.618678e+03 s <x_B_tot>=1.210690e-01 vf_precip_indicator=9.408373e-02 vf_precip_h=9.419516e-02 R_avg=6.463224e+00 xB_range=[0.0284, 0.0315] Meff_range=[2.8556e-02, 3.0497e+00] t_wall=2026-03-19 00:57:50
[3D] step=14530 t=1453.000000 t_real=1.619793e+03 s <x_B_tot>=1.210690e-01 vf_precip_indicator=9.408498e-02 vf_precip_h=9.419527e-02 R_avg=6.463178e+00 xB_range=[0.0284, 0.0315] Meff_range=[2.8556e-02, 3.0496e+00] t_wall=2026-03-19 00:58:02
[3D] step=14540 t=1454.000000 t_real=1.620908e+03 s <x_B_tot>=1.210691e-01 vf_precip_indicator=9.408259e-02 vf_precip_h=9.419538e-02 R_avg=6.462926e+00 xB_range=[0.0284, 0.0315] Meff_range=[2.8556e-02, 3.0496e+00] t_wall=2026-03-19 00:58:15
[3D] step=14550 t=1455.000000 t_real=1.622022e+03 s <x_B_tot>=1.210691e-01 vf_precip_indicator=9.408325e-02 vf_precip_h=9.419549e-02 R_avg=6.462618e+00 xB_range=[0.0284, 0.0315] Meff_range=[2.8556e-02, 3.0496e+00] t_wall=2026-03-19 00:58:27
[3D] step=14560 t=1456.000000 t_real=1.623137e+03 s <x_B_tot>=1.210692e-01 vf_precip_indicator=9.408385e-02 vf_precip_h=9.419561e-02 R_avg=6.462556e+00 xB_range=[0.0284, 0.0315] Meff_range=[2.8555e-02, 3.0496e+00] t_wall=2026-03-19 00:58:40
[3D] step=14570 t=1457.000000 t_real=1.624252e+03 s <x_B_tot>=1.210692e-01 vf_precip_indicator=9.408510e-02 vf_precip_h=9.419572e-02 R_avg=6.462701e+00 xB_range=[0.0284, 0.0315] Meff_range=[2.8555e-02, 3.0496e+00] t_wall=2026-03-19 00:58:52
[3D] step=14580 t=1458.000000 t_real=1.625367e+03 s <x_B_tot>=1.210693e-01 vf_precip_indicator=9.408462e-02 vf_precip_h=9.419583e-02 R_avg=6.462727e+00 xB_range=[0.0284, 0.0315] Meff_range=[2.8555e-02, 3.0496e+00] t_wall=2026-03-19 00:59:05
[3D] step=14590 t=1459.000000 t_real=1.626482e+03 s <x_B_tot>=1.210693e-01 vf_precip_indicator=9.408623e-02 vf_precip_h=9.419594e-02 R_avg=6.463117e+00 xB_range=[0.0284, 0.0315] Meff_range=[2.8555e-02, 3.0496e+00] t_wall=2026-03-19 00:59:17
[3D] step=14600 t=1460.000000 t_real=1.627596e+03 s <x_B_tot>=1.210694e-01 vf_precip_indicator=9.408677e-02 vf_precip_h=9.419605e-02 R_avg=6.461963e+00 xB_range=[0.0284, 0.0315] Meff_range=[2.8555e-02, 3.0496e+00] t_wall=2026-03-19 00:59:30
[3D] step=14610 t=1461.000000 t_real=1.628711e+03 s <x_B_tot>=1.210694e-01 vf_precip_indicator=9.408587e-02 vf_precip_h=9.419616e-02 R_avg=6.462490e+00 xB_range=[0.0284, 0.0315] Meff_range=[2.8555e-02, 3.0496e+00] t_wall=2026-03-19 00:59:42
[3D] step=14620 t=1462.000000 t_real=1.629826e+03 s <x_B_tot>=1.210695e-01 vf_precip_indicator=9.408426e-02 vf_precip_h=9.419628e-02 R_avg=6.462203e+00 xB_range=[0.0284, 0.0315] Meff_range=[2.8555e-02, 3.0496e+00] t_wall=2026-03-19 00:59:54
[3D] step=14630 t=1463.000000 t_real=1.630941e+03 s <x_B_tot>=1.210696e-01 vf_precip_indicator=9.408414e-02 vf_precip_h=9.419639e-02 R_avg=6.462327e+00 xB_range=[0.0284, 0.0315] Meff_range=[2.8555e-02, 3.0496e+00] t_wall=2026-03-19 01:00:07
[3D] step=14640 t=1464.000000 t_real=1.632055e+03 s <x_B_tot>=1.210696e-01 vf_precip_indicator=9.408295e-02 vf_precip_h=9.419650e-02 R_avg=6.462098e+00 xB_range=[0.0284, 0.0315] Meff_range=[2.8555e-02, 3.0496e+00] t_wall=2026-03-19 01:00:19
[3D] step=14650 t=1465.000000 t_real=1.633170e+03 s <x_B_tot>=1.210697e-01 vf_precip_indicator=9.408218e-02 vf_precip_h=9.419661e-02 R_avg=6.462324e+00 xB_range=[0.0284, 0.0315] Meff_range=[2.8555e-02, 3.0495e+00] t_wall=2026-03-19 01:00:32
[3D] step=14660 t=1466.000000 t_real=1.634285e+03 s <x_B_tot>=1.210697e-01 vf_precip_indicator=9.408188e-02 vf_precip_h=9.419672e-02 R_avg=6.461819e+00 xB_range=[0.0284, 0.0315] Meff_range=[2.8555e-02, 3.0495e+00] t_wall=2026-03-19 01:00:44
[3D] step=14670 t=1467.000000 t_real=1.635400e+03 s <x_B_tot>=1.210698e-01 vf_precip_indicator=9.408128e-02 vf_precip_h=9.419683e-02 R_avg=6.462145e+00 xB_range=[0.0284, 0.0315] Meff_range=[2.8554e-02, 3.0495e+00] t_wall=2026-03-19 01:00:57
[3D] step=14680 t=1468.000000 t_real=1.636515e+03 s <x_B_tot>=1.210698e-01 vf_precip_indicator=9.407890e-02 vf_precip_h=9.419695e-02 R_avg=6.462393e+00 xB_range=[0.0284, 0.0315] Meff_range=[2.8554e-02, 3.0495e+00] t_wall=2026-03-19 01:01:09
[3D] step=14690 t=1469.000000 t_real=1.637629e+03 s <x_B_tot>=1.210699e-01 vf_precip_indicator=9.407967e-02 vf_precip_h=9.419706e-02 R_avg=6.462358e+00 xB_range=[0.0284, 0.0315] Meff_range=[2.8554e-02, 3.0495e+00] t_wall=2026-03-19 01:01:22
[3D] step=14700 t=1470.000000 t_real=1.638744e+03 s <x_B_tot>=1.210699e-01 vf_precip_indicator=9.407997e-02 vf_precip_h=9.419717e-02 R_avg=6.462746e+00 xB_range=[0.0284, 0.0315] Meff_range=[2.8554e-02, 3.0495e+00] t_wall=2026-03-19 01:01:34
[3D] step=14710 t=1471.000000 t_real=1.639859e+03 s <x_B_tot>=1.210700e-01 vf_precip_indicator=9.407955e-02 vf_precip_h=9.419728e-02 R_avg=6.463070e+00 xB_range=[0.0284, 0.0315] Meff_range=[2.8554e-02, 3.0495e+00] t_wall=2026-03-19 01:01:46
[3D] step=14720 t=1472.000000 t_real=1.640974e+03 s <x_B_tot>=1.210700e-01 vf_precip_indicator=9.407973e-02 vf_precip_h=9.419739e-02 R_avg=6.463362e+00 xB_range=[0.0284, 0.0315] Meff_range=[2.8554e-02, 3.0495e+00] t_wall=2026-03-19 01:01:59
[3D] step=14730 t=1473.000000 t_real=1.642089e+03 s <x_B_tot>=1.210701e-01 vf_precip_indicator=9.408116e-02 vf_precip_h=9.419751e-02 R_avg=6.463489e+00 xB_range=[0.0284, 0.0315] Meff_range=[2.8554e-02, 3.0495e+00] t_wall=2026-03-19 01:02:11
[3D] step=14740 t=1474.000000 t_real=1.643203e+03 s <x_B_tot>=1.210701e-01 vf_precip_indicator=9.408128e-02 vf_precip_h=9.419762e-02 R_avg=6.463056e+00 xB_range=[0.0284, 0.0315] Meff_range=[2.8554e-02, 3.0495e+00] t_wall=2026-03-19 01:02:24
[3D] step=14750 t=1475.000000 t_real=1.644318e+03 s <x_B_tot>=1.210702e-01 vf_precip_indicator=9.408152e-02 vf_precip_h=9.419773e-02 R_avg=6.463043e+00 xB_range=[0.0284, 0.0315] Meff_range=[2.8554e-02, 3.0495e+00] t_wall=2026-03-19 01:02:36
[3D] step=14760 t=1476.000000 t_real=1.645433e+03 s <x_B_tot>=1.210703e-01 vf_precip_indicator=9.407967e-02 vf_precip_h=9.419784e-02 R_avg=6.462740e+00 xB_range=[0.0284, 0.0315] Meff_range=[2.8554e-02, 3.0494e+00] t_wall=2026-03-19 01:02:49
[3D] step=14770 t=1477.000000 t_real=1.646548e+03 s <x_B_tot>=1.210703e-01 vf_precip_indicator=9.407949e-02 vf_precip_h=9.419795e-02 R_avg=6.462390e+00 xB_range=[0.0284, 0.0315] Meff_range=[2.8554e-02, 3.0494e+00] t_wall=2026-03-19 01:03:01
[3D] step=14780 t=1478.000000 t_real=1.647663e+03 s <x_B_tot>=1.210704e-01 vf_precip_indicator=9.408140e-02 vf_precip_h=9.419807e-02 R_avg=6.462697e+00 xB_range=[0.0284, 0.0315] Meff_range=[2.8554e-02, 3.0494e+00] t_wall=2026-03-19 01:03:14
[3D] step=14790 t=1479.000000 t_real=1.648777e+03 s <x_B_tot>=1.210704e-01 vf_precip_indicator=9.408087e-02 vf_precip_h=9.419818e-02 R_avg=6.462440e+00 xB_range=[0.0284, 0.0315] Meff_range=[2.8553e-02, 3.0494e+00] t_wall=2026-03-19 01:03:26
[3D] step=14800 t=1480.000000 t_real=1.649892e+03 s <x_B_tot>=1.210705e-01 vf_precip_indicator=9.408146e-02 vf_precip_h=9.419829e-02 R_avg=6.462819e+00 xB_range=[0.0284, 0.0315] Meff_range=[2.8553e-02, 3.0494e+00] t_wall=2026-03-19 01:03:39
[3D] step=14810 t=1481.000000 t_real=1.651007e+03 s <x_B_tot>=1.210705e-01 vf_precip_indicator=9.408051e-02 vf_precip_h=9.419840e-02 R_avg=6.463091e+00 xB_range=[0.0284, 0.0315] Meff_range=[2.8553e-02, 3.0494e+00] t_wall=2026-03-19 01:03:51
[3D] step=14820 t=1482.000000 t_real=1.652122e+03 s <x_B_tot>=1.210706e-01 vf_precip_indicator=9.408116e-02 vf_precip_h=9.419851e-02 R_avg=6.463019e+00 xB_range=[0.0284, 0.0315] Meff_range=[2.8553e-02, 3.0494e+00] t_wall=2026-03-19 01:04:03
[3D] step=14830 t=1483.000000 t_real=1.653237e+03 s <x_B_tot>=1.210706e-01 vf_precip_indicator=9.408033e-02 vf_precip_h=9.419863e-02 R_avg=6.462888e+00 xB_range=[0.0284, 0.0315] Meff_range=[2.8553e-02, 3.0494e+00] t_wall=2026-03-19 01:04:16
[3D] step=14840 t=1484.000000 t_real=1.654351e+03 s <x_B_tot>=1.210707e-01 vf_precip_indicator=9.407973e-02 vf_precip_h=9.419874e-02 R_avg=6.462494e+00 xB_range=[0.0284, 0.0315] Meff_range=[2.8553e-02, 3.0494e+00] t_wall=2026-03-19 01:04:28
[3D] step=14850 t=1485.000000 t_real=1.655466e+03 s <x_B_tot>=1.210707e-01 vf_precip_indicator=9.407997e-02 vf_precip_h=9.419885e-02 R_avg=6.462790e+00 xB_range=[0.0284, 0.0315] Meff_range=[2.8553e-02, 3.0494e+00] t_wall=2026-03-19 01:04:41
[3D] step=14860 t=1486.000000 t_real=1.656581e+03 s <x_B_tot>=1.210708e-01 vf_precip_indicator=9.407973e-02 vf_precip_h=9.419896e-02 R_avg=6.462671e+00 xB_range=[0.0284, 0.0315] Meff_range=[2.8553e-02, 3.0494e+00] t_wall=2026-03-19 01:04:53
[3D] step=14870 t=1487.000000 t_real=1.657696e+03 s <x_B_tot>=1.210709e-01 vf_precip_indicator=9.408015e-02 vf_precip_h=9.419907e-02 R_avg=6.461788e+00 xB_range=[0.0284, 0.0315] Meff_range=[2.8553e-02, 3.0494e+00] t_wall=2026-03-19 01:05:06
[3D] step=14880 t=1488.000000 t_real=1.658810e+03 s <x_B_tot>=1.210709e-01 vf_precip_indicator=9.408140e-02 vf_precip_h=9.419919e-02 R_avg=6.461992e+00 xB_range=[0.0284, 0.0315] Meff_range=[2.8553e-02, 3.0493e+00] t_wall=2026-03-19 01:05:18
[3D] step=14890 t=1489.000000 t_real=1.659925e+03 s <x_B_tot>=1.210710e-01 vf_precip_indicator=9.408146e-02 vf_precip_h=9.419930e-02 R_avg=6.461819e+00 xB_range=[0.0284, 0.0315] Meff_range=[2.8553e-02, 3.0493e+00] t_wall=2026-03-19 01:05:31
[3D] step=14900 t=1490.000000 t_real=1.661040e+03 s <x_B_tot>=1.210710e-01 vf_precip_indicator=9.408265e-02 vf_precip_h=9.419941e-02 R_avg=6.461739e+00 xB_range=[0.0284, 0.0315] Meff_range=[2.8552e-02, 3.0493e+00] t_wall=2026-03-19 01:05:43
[3D] step=14910 t=1491.000000 t_real=1.662155e+03 s <x_B_tot>=1.210711e-01 vf_precip_indicator=9.408349e-02 vf_precip_h=9.419952e-02 R_avg=6.461709e+00 xB_range=[0.0284, 0.0315] Meff_range=[2.8552e-02, 3.0493e+00] t_wall=2026-03-19 01:05:56
[3D] step=14920 t=1492.000000 t_real=1.663270e+03 s <x_B_tot>=1.210711e-01 vf_precip_indicator=9.408277e-02 vf_precip_h=9.419963e-02 R_avg=6.461410e+00 xB_range=[0.0284, 0.0315] Meff_range=[2.8552e-02, 3.0493e+00] t_wall=2026-03-19 01:06:08
[3D] step=14930 t=1493.000000 t_real=1.664384e+03 s <x_B_tot>=1.210712e-01 vf_precip_indicator=9.408242e-02 vf_precip_h=9.419975e-02 R_avg=6.461782e+00 xB_range=[0.0284, 0.0315] Meff_range=[2.8552e-02, 3.0493e+00] t_wall=2026-03-19 01:06:20
[3D] step=14940 t=1494.000000 t_real=1.665499e+03 s <x_B_tot>=1.210712e-01 vf_precip_indicator=9.408230e-02 vf_precip_h=9.419986e-02 R_avg=6.461818e+00 xB_range=[0.0284, 0.0315] Meff_range=[2.8552e-02, 3.0493e+00] t_wall=2026-03-19 01:06:33
[3D] step=14950 t=1495.000000 t_real=1.666614e+03 s <x_B_tot>=1.210713e-01 vf_precip_indicator=9.408188e-02 vf_precip_h=9.419997e-02 R_avg=6.462039e+00 xB_range=[0.0284, 0.0315] Meff_range=[2.8552e-02, 3.0493e+00] t_wall=2026-03-19 01:06:45
[3D] step=14960 t=1496.000000 t_real=1.667729e+03 s <x_B_tot>=1.210713e-01 vf_precip_indicator=9.408188e-02 vf_precip_h=9.420008e-02 R_avg=6.462598e+00 xB_range=[0.0284, 0.0315] Meff_range=[2.8552e-02, 3.0493e+00] t_wall=2026-03-19 01:06:58
[3D] step=14970 t=1497.000000 t_real=1.668844e+03 s <x_B_tot>=1.210714e-01 vf_precip_indicator=9.408236e-02 vf_precip_h=9.420020e-02 R_avg=6.462454e+00 xB_range=[0.0284, 0.0315] Meff_range=[2.8552e-02, 3.0493e+00] t_wall=2026-03-19 01:07:10
[3D] step=14980 t=1498.000000 t_real=1.669958e+03 s <x_B_tot>=1.210715e-01 vf_precip_indicator=9.408176e-02 vf_precip_h=9.420031e-02 R_avg=6.462325e+00 xB_range=[0.0284, 0.0315] Meff_range=[2.8552e-02, 3.0493e+00] t_wall=2026-03-19 01:07:23
[3D] step=14990 t=1499.000000 t_real=1.671073e+03 s <x_B_tot>=1.210715e-01 vf_precip_indicator=9.408230e-02 vf_precip_h=9.420042e-02 R_avg=6.462068e+00 xB_range=[0.0284, 0.0315] Meff_range=[2.8552e-02, 3.0492e+00] t_wall=2026-03-19 01:07:35
[3D] step=15000 t=1500.000000 t_real=1.672188e+03 s <x_B_tot>=1.210716e-01 vf_precip_indicator=9.408194e-02 vf_precip_h=9.420053e-02 R_avg=6.462337e+00 xB_range=[0.0284, 0.0315] Meff_range=[2.8552e-02, 3.0492e+00] t_wall=2026-03-19 01:07:48
[3D] step=15010 t=1501.000000 t_real=1.673303e+03 s <x_B_tot>=1.210716e-01 vf_precip_indicator=9.408164e-02 vf_precip_h=9.420064e-02 R_avg=6.462522e+00 xB_range=[0.0284, 0.0315] Meff_range=[2.8552e-02, 3.0492e+00] t_wall=2026-03-19 01:08:00
[3D] step=15020 t=1502.000000 t_real=1.674418e+03 s <x_B_tot>=1.210717e-01 vf_precip_indicator=9.408152e-02 vf_precip_h=9.420076e-02 R_avg=6.463558e+00 xB_range=[0.0284, 0.0315] Meff_range=[2.8551e-02, 3.0492e+00] t_wall=2026-03-19 01:08:13
[3D] step=15030 t=1503.000000 t_real=1.675532e+03 s <x_B_tot>=1.210717e-01 vf_precip_indicator=9.408247e-02 vf_precip_h=9.420087e-02 R_avg=6.463771e+00 xB_range=[0.0284, 0.0315] Meff_range=[2.8551e-02, 3.0492e+00] t_wall=2026-03-19 01:08:25
[3D] step=15040 t=1504.000000 t_real=1.676647e+03 s <x_B_tot>=1.210718e-01 vf_precip_indicator=9.408230e-02 vf_precip_h=9.420098e-02 R_avg=6.464435e+00 xB_range=[0.0284, 0.0315] Meff_range=[2.8551e-02, 3.0492e+00] t_wall=2026-03-19 01:08:37
[3D] step=15050 t=1505.000000 t_real=1.677762e+03 s <x_B_tot>=1.210718e-01 vf_precip_indicator=9.408063e-02 vf_precip_h=9.420109e-02 R_avg=6.464232e+00 xB_range=[0.0284, 0.0315] Meff_range=[2.8551e-02, 3.0492e+00] t_wall=2026-03-19 01:08:50
[3D] step=15060 t=1506.000000 t_real=1.678877e+03 s <x_B_tot>=1.210719e-01 vf_precip_indicator=9.407854e-02 vf_precip_h=9.420121e-02 R_avg=6.464030e+00 xB_range=[0.0284, 0.0315] Meff_range=[2.8551e-02, 3.0492e+00] t_wall=2026-03-19 01:09:02
[3D] step=15070 t=1507.000000 t_real=1.679992e+03 s <x_B_tot>=1.210719e-01 vf_precip_indicator=9.407949e-02 vf_precip_h=9.420132e-02 R_avg=6.464301e+00 xB_range=[0.0284, 0.0315] Meff_range=[2.8551e-02, 3.0492e+00] t_wall=2026-03-19 01:09:15
[3D] step=15080 t=1508.000000 t_real=1.681106e+03 s <x_B_tot>=1.210720e-01 vf_precip_indicator=9.407920e-02 vf_precip_h=9.420143e-02 R_avg=6.464751e+00 xB_range=[0.0284, 0.0315] Meff_range=[2.8551e-02, 3.0492e+00] t_wall=2026-03-19 01:09:27
[3D] step=15090 t=1509.000000 t_real=1.682221e+03 s <x_B_tot>=1.210721e-01 vf_precip_indicator=9.408188e-02 vf_precip_h=9.420154e-02 R_avg=6.465406e+00 xB_range=[0.0284, 0.0315] Meff_range=[2.8551e-02, 3.0492e+00] t_wall=2026-03-19 01:09:40
[3D] step=15100 t=1510.000000 t_real=1.683336e+03 s <x_B_tot>=1.210721e-01 vf_precip_indicator=9.407967e-02 vf_precip_h=9.420166e-02 R_avg=6.464814e+00 xB_range=[0.0284, 0.0315] Meff_range=[2.8551e-02, 3.0491e+00] t_wall=2026-03-19 01:09:52
[3D] step=15110 t=1511.000000 t_real=1.684451e+03 s <x_B_tot>=1.210722e-01 vf_precip_indicator=9.408122e-02 vf_precip_h=9.420177e-02 R_avg=6.465406e+00 xB_range=[0.0284, 0.0315] Meff_range=[2.8551e-02, 3.0491e+00] t_wall=2026-03-19 01:10:05
[3D] step=15120 t=1512.000000 t_real=1.685566e+03 s <x_B_tot>=1.210722e-01 vf_precip_indicator=9.408194e-02 vf_precip_h=9.420188e-02 R_avg=6.466176e+00 xB_range=[0.0284, 0.0315] Meff_range=[2.8551e-02, 3.0491e+00] t_wall=2026-03-19 01:10:17
[3D] step=15130 t=1513.000000 t_real=1.686680e+03 s <x_B_tot>=1.210723e-01 vf_precip_indicator=9.408182e-02 vf_precip_h=9.420199e-02 R_avg=6.466050e+00 xB_range=[0.0284, 0.0315] Meff_range=[2.8550e-02, 3.0491e+00] t_wall=2026-03-19 01:10:30
[3D] step=15140 t=1514.000000 t_real=1.687795e+03 s <x_B_tot>=1.210723e-01 vf_precip_indicator=9.407938e-02 vf_precip_h=9.420211e-02 R_avg=6.466103e+00 xB_range=[0.0284, 0.0315] Meff_range=[2.8550e-02, 3.0491e+00] t_wall=2026-03-19 01:10:42
[3D] step=15150 t=1515.000000 t_real=1.688910e+03 s <x_B_tot>=1.210724e-01 vf_precip_indicator=9.407985e-02 vf_precip_h=9.420222e-02 R_avg=6.466297e+00 xB_range=[0.0284, 0.0315] Meff_range=[2.8550e-02, 3.0491e+00] t_wall=2026-03-19 01:10:54
[3D] step=15160 t=1516.000000 t_real=1.690025e+03 s <x_B_tot>=1.210724e-01 vf_precip_indicator=9.407932e-02 vf_precip_h=9.420233e-02 R_avg=6.466614e+00 xB_range=[0.0284, 0.0315] Meff_range=[2.8550e-02, 3.0491e+00] t_wall=2026-03-19 01:11:07
[3D] step=15170 t=1517.000000 t_real=1.691139e+03 s <x_B_tot>=1.210725e-01 vf_precip_indicator=9.407777e-02 vf_precip_h=9.420244e-02 R_avg=6.466463e+00 xB_range=[0.0284, 0.0315] Meff_range=[2.8550e-02, 3.0491e+00] t_wall=2026-03-19 01:11:19
[3D] step=15180 t=1518.000000 t_real=1.692254e+03 s <x_B_tot>=1.210725e-01 vf_precip_indicator=9.407955e-02 vf_precip_h=9.420256e-02 R_avg=6.466718e+00 xB_range=[0.0284, 0.0315] Meff_range=[2.8550e-02, 3.0491e+00] t_wall=2026-03-19 01:11:32
[3D] step=15190 t=1519.000000 t_real=1.693369e+03 s <x_B_tot>=1.210726e-01 vf_precip_indicator=9.407723e-02 vf_precip_h=9.420267e-02 R_avg=6.467118e+00 xB_range=[0.0284, 0.0315] Meff_range=[2.8550e-02, 3.0491e+00] t_wall=2026-03-19 01:11:44
[3D] step=15200 t=1520.000000 t_real=1.694484e+03 s <x_B_tot>=1.210727e-01 vf_precip_indicator=9.407580e-02 vf_precip_h=9.420278e-02 R_avg=6.467329e+00 xB_range=[0.0284, 0.0315] Meff_range=[2.8550e-02, 3.0491e+00] t_wall=2026-03-19 01:11:57
[3D] step=15210 t=1521.000000 t_real=1.695599e+03 s <x_B_tot>=1.210727e-01 vf_precip_indicator=9.407538e-02 vf_precip_h=9.420289e-02 R_avg=6.467432e+00 xB_range=[0.0284, 0.0315] Meff_range=[2.8550e-02, 3.0490e+00] t_wall=2026-03-19 01:12:09
[3D] step=15220 t=1522.000000 t_real=1.696713e+03 s <x_B_tot>=1.210728e-01 vf_precip_indicator=9.407729e-02 vf_precip_h=9.420301e-02 R_avg=6.467814e+00 xB_range=[0.0284, 0.0315] Meff_range=[2.8550e-02, 3.0490e+00] t_wall=2026-03-19 01:12:22
[3D] step=15230 t=1523.000000 t_real=1.697828e+03 s <x_B_tot>=1.210728e-01 vf_precip_indicator=9.407669e-02 vf_precip_h=9.420312e-02 R_avg=6.467905e+00 xB_range=[0.0284, 0.0315] Meff_range=[2.8550e-02, 3.0490e+00] t_wall=2026-03-19 01:12:34
[3D] step=15240 t=1524.000000 t_real=1.698943e+03 s <x_B_tot>=1.210729e-01 vf_precip_indicator=9.407705e-02 vf_precip_h=9.420323e-02 R_avg=6.467798e+00 xB_range=[0.0284, 0.0315] Meff_range=[2.8549e-02, 3.0490e+00] t_wall=2026-03-19 01:12:46
[3D] step=15250 t=1525.000000 t_real=1.700058e+03 s <x_B_tot>=1.210729e-01 vf_precip_indicator=9.407854e-02 vf_precip_h=9.420334e-02 R_avg=6.469108e+00 xB_range=[0.0284, 0.0315] Meff_range=[2.8549e-02, 3.0490e+00] t_wall=2026-03-19 01:12:59
[3D] step=15260 t=1526.000000 t_real=1.701173e+03 s <x_B_tot>=1.210730e-01 vf_precip_indicator=9.407741e-02 vf_precip_h=9.420346e-02 R_avg=6.469148e+00 xB_range=[0.0284, 0.0315] Meff_range=[2.8549e-02, 3.0490e+00] t_wall=2026-03-19 01:13:11
[3D] step=15270 t=1527.000000 t_real=1.702287e+03 s <x_B_tot>=1.210730e-01 vf_precip_indicator=9.407717e-02 vf_precip_h=9.420357e-02 R_avg=6.468409e+00 xB_range=[0.0284, 0.0315] Meff_range=[2.8549e-02, 3.0490e+00] t_wall=2026-03-19 01:13:24
[3D] step=15280 t=1528.000000 t_real=1.703402e+03 s <x_B_tot>=1.210731e-01 vf_precip_indicator=9.407592e-02 vf_precip_h=9.420368e-02 R_avg=6.467852e+00 xB_range=[0.0284, 0.0315] Meff_range=[2.8549e-02, 3.0490e+00] t_wall=2026-03-19 01:13:36
[3D] step=15290 t=1529.000000 t_real=1.704517e+03 s <x_B_tot>=1.210731e-01 vf_precip_indicator=9.407467e-02 vf_precip_h=9.420379e-02 R_avg=6.467310e+00 xB_range=[0.0284, 0.0315] Meff_range=[2.8549e-02, 3.0490e+00] t_wall=2026-03-19 01:13:49
[3D] step=15300 t=1530.000000 t_real=1.705632e+03 s <x_B_tot>=1.210732e-01 vf_precip_indicator=9.407461e-02 vf_precip_h=9.420391e-02 R_avg=6.467615e+00 xB_range=[0.0284, 0.0315] Meff_range=[2.8549e-02, 3.0490e+00] t_wall=2026-03-19 01:14:01
[3D] step=15310 t=1531.000000 t_real=1.706747e+03 s <x_B_tot>=1.210733e-01 vf_precip_indicator=9.407419e-02 vf_precip_h=9.420402e-02 R_avg=6.467601e+00 xB_range=[0.0284, 0.0315] Meff_range=[2.8549e-02, 3.0490e+00] t_wall=2026-03-19 01:14:14
[3D] step=15320 t=1532.000000 t_real=1.707861e+03 s <x_B_tot>=1.210733e-01 vf_precip_indicator=9.407443e-02 vf_precip_h=9.420413e-02 R_avg=6.467234e+00 xB_range=[0.0284, 0.0315] Meff_range=[2.8549e-02, 3.0490e+00] t_wall=2026-03-19 01:14:26
[3D] step=15330 t=1533.000000 t_real=1.708976e+03 s <x_B_tot>=1.210734e-01 vf_precip_indicator=9.407365e-02 vf_precip_h=9.420425e-02 R_avg=6.467328e+00 xB_range=[0.0284, 0.0315] Meff_range=[2.8549e-02, 3.0489e+00] t_wall=2026-03-19 01:14:39
[3D] step=15340 t=1534.000000 t_real=1.710091e+03 s <x_B_tot>=1.210734e-01 vf_precip_indicator=9.407496e-02 vf_precip_h=9.420436e-02 R_avg=6.467978e+00 xB_range=[0.0284, 0.0315] Meff_range=[2.8549e-02, 3.0489e+00] t_wall=2026-03-19 01:14:51
[3D] step=15350 t=1535.000000 t_real=1.711206e+03 s <x_B_tot>=1.210735e-01 vf_precip_indicator=9.407771e-02 vf_precip_h=9.420447e-02 R_avg=6.468535e+00 xB_range=[0.0284, 0.0315] Meff_range=[2.8549e-02, 3.0489e+00] t_wall=2026-03-19 01:15:03
[3D] step=15360 t=1536.000000 t_real=1.712321e+03 s <x_B_tot>=1.210735e-01 vf_precip_indicator=9.407669e-02 vf_precip_h=9.420458e-02 R_avg=6.469113e+00 xB_range=[0.0284, 0.0315] Meff_range=[2.8548e-02, 3.0489e+00] t_wall=2026-03-19 01:15:16
[3D] step=15370 t=1537.000000 t_real=1.713435e+03 s <x_B_tot>=1.210736e-01 vf_precip_indicator=9.407467e-02 vf_precip_h=9.420470e-02 R_avg=6.469136e+00 xB_range=[0.0284, 0.0315] Meff_range=[2.8548e-02, 3.0489e+00] t_wall=2026-03-19 01:15:28
[3D] step=15380 t=1538.000000 t_real=1.714550e+03 s <x_B_tot>=1.210736e-01 vf_precip_indicator=9.407377e-02 vf_precip_h=9.420481e-02 R_avg=6.469148e+00 xB_range=[0.0284, 0.0315] Meff_range=[2.8548e-02, 3.0489e+00] t_wall=2026-03-19 01:15:41
[3D] step=15390 t=1539.000000 t_real=1.715665e+03 s <x_B_tot>=1.210737e-01 vf_precip_indicator=9.407455e-02 vf_precip_h=9.420492e-02 R_avg=6.469245e+00 xB_range=[0.0284, 0.0315] Meff_range=[2.8548e-02, 3.0489e+00] t_wall=2026-03-19 01:15:53
[3D] step=15400 t=1540.000000 t_real=1.716780e+03 s <x_B_tot>=1.210737e-01 vf_precip_indicator=9.407610e-02 vf_precip_h=9.420503e-02 R_avg=6.469544e+00 xB_range=[0.0284, 0.0315] Meff_range=[2.8548e-02, 3.0489e+00] t_wall=2026-03-19 01:16:06
[3D] step=15410 t=1541.000000 t_real=1.717894e+03 s <x_B_tot>=1.210738e-01 vf_precip_indicator=9.407663e-02 vf_precip_h=9.420515e-02 R_avg=6.469551e+00 xB_range=[0.0284, 0.0315] Meff_range=[2.8548e-02, 3.0489e+00] t_wall=2026-03-19 01:16:18
[3D] step=15420 t=1542.000000 t_real=1.719009e+03 s <x_B_tot>=1.210739e-01 vf_precip_indicator=9.407783e-02 vf_precip_h=9.420526e-02 R_avg=6.469766e+00 xB_range=[0.0284, 0.0315] Meff_range=[2.8548e-02, 3.0489e+00] t_wall=2026-03-19 01:16:31
[3D] step=15430 t=1543.000000 t_real=1.720124e+03 s <x_B_tot>=1.210739e-01 vf_precip_indicator=9.407908e-02 vf_precip_h=9.420537e-02 R_avg=6.470235e+00 xB_range=[0.0284, 0.0315] Meff_range=[2.8548e-02, 3.0489e+00] t_wall=2026-03-19 01:16:43
[3D] step=15440 t=1544.000000 t_real=1.721239e+03 s <x_B_tot>=1.210740e-01 vf_precip_indicator=9.407908e-02 vf_precip_h=9.420549e-02 R_avg=6.470073e+00 xB_range=[0.0284, 0.0315] Meff_range=[2.8548e-02, 3.0489e+00] t_wall=2026-03-19 01:16:56
[3D] step=15450 t=1545.000000 t_real=1.722354e+03 s <x_B_tot>=1.210740e-01 vf_precip_indicator=9.408027e-02 vf_precip_h=9.420560e-02 R_avg=6.470818e+00 xB_range=[0.0284, 0.0315] Meff_range=[2.8548e-02, 3.0489e+00] t_wall=2026-03-19 01:17:08
[3D] step=15460 t=1546.000000 t_real=1.723468e+03 s <x_B_tot>=1.210741e-01 vf_precip_indicator=9.407872e-02 vf_precip_h=9.420571e-02 R_avg=6.471404e+00 xB_range=[0.0284, 0.0315] Meff_range=[2.8548e-02, 3.0488e+00] t_wall=2026-03-19 01:17:20
[3D] step=15470 t=1547.000000 t_real=1.724583e+03 s <x_B_tot>=1.210741e-01 vf_precip_indicator=9.407967e-02 vf_precip_h=9.420582e-02 R_avg=6.471971e+00 xB_range=[0.0284, 0.0315] Meff_range=[2.8547e-02, 3.0488e+00] t_wall=2026-03-19 01:17:33
[3D] step=15480 t=1548.000000 t_real=1.725698e+03 s <x_B_tot>=1.210742e-01 vf_precip_indicator=9.407943e-02 vf_precip_h=9.420594e-02 R_avg=6.471645e+00 xB_range=[0.0284, 0.0315] Meff_range=[2.8547e-02, 3.0488e+00] t_wall=2026-03-19 01:17:45
[3D] step=15490 t=1549.000000 t_real=1.726813e+03 s <x_B_tot>=1.210742e-01 vf_precip_indicator=9.407669e-02 vf_precip_h=9.420605e-02 R_avg=6.471132e+00 xB_range=[0.0284, 0.0315] Meff_range=[2.8547e-02, 3.0488e+00] t_wall=2026-03-19 01:17:58
[3D] step=15500 t=1550.000000 t_real=1.727928e+03 s <x_B_tot>=1.210743e-01 vf_precip_indicator=9.407747e-02 vf_precip_h=9.420616e-02 R_avg=6.471244e+00 xB_range=[0.0284, 0.0315] Meff_range=[2.8547e-02, 3.0488e+00] t_wall=2026-03-19 01:18:10
[3D] step=15510 t=1551.000000 t_real=1.729042e+03 s <x_B_tot>=1.210743e-01 vf_precip_indicator=9.407884e-02 vf_precip_h=9.420628e-02 R_avg=6.471161e+00 xB_range=[0.0284, 0.0315] Meff_range=[2.8547e-02, 3.0488e+00] t_wall=2026-03-19 01:18:23
[3D] step=15520 t=1552.000000 t_real=1.730157e+03 s <x_B_tot>=1.210744e-01 vf_precip_indicator=9.407890e-02 vf_precip_h=9.420639e-02 R_avg=6.471947e+00 xB_range=[0.0284, 0.0315] Meff_range=[2.8547e-02, 3.0488e+00] t_wall=2026-03-19 01:18:35
[3D] step=15530 t=1553.000000 t_real=1.731272e+03 s <x_B_tot>=1.210745e-01 vf_precip_indicator=9.407806e-02 vf_precip_h=9.420650e-02 R_avg=6.470990e+00 xB_range=[0.0284, 0.0315] Meff_range=[2.8547e-02, 3.0488e+00] t_wall=2026-03-19 01:18:48
[3D] step=15540 t=1554.000000 t_real=1.732387e+03 s <x_B_tot>=1.210745e-01 vf_precip_indicator=9.407860e-02 vf_precip_h=9.420662e-02 R_avg=6.470585e+00 xB_range=[0.0284, 0.0315] Meff_range=[2.8547e-02, 3.0488e+00] t_wall=2026-03-19 01:19:00
[3D] step=15550 t=1555.000000 t_real=1.733502e+03 s <x_B_tot>=1.210746e-01 vf_precip_indicator=9.407920e-02 vf_precip_h=9.420673e-02 R_avg=6.470154e+00 xB_range=[0.0284, 0.0315] Meff_range=[2.8547e-02, 3.0488e+00] t_wall=2026-03-19 01:19:12
[3D] step=15560 t=1556.000000 t_real=1.734616e+03 s <x_B_tot>=1.210746e-01 vf_precip_indicator=9.408015e-02 vf_precip_h=9.420684e-02 R_avg=6.470191e+00 xB_range=[0.0284, 0.0315] Meff_range=[2.8547e-02, 3.0488e+00] t_wall=2026-03-19 01:19:25
[3D] step=15570 t=1557.000000 t_real=1.735731e+03 s <x_B_tot>=1.210747e-01 vf_precip_indicator=9.408045e-02 vf_precip_h=9.420695e-02 R_avg=6.470196e+00 xB_range=[0.0284, 0.0315] Meff_range=[2.8547e-02, 3.0488e+00] t_wall=2026-03-19 01:19:37
[3D] step=15580 t=1558.000000 t_real=1.736846e+03 s <x_B_tot>=1.210747e-01 vf_precip_indicator=9.408003e-02 vf_precip_h=9.420707e-02 R_avg=6.470654e+00 xB_range=[0.0284, 0.0315] Meff_range=[2.8547e-02, 3.0487e+00] t_wall=2026-03-19 01:19:50
[3D] step=15590 t=1559.000000 t_real=1.737961e+03 s <x_B_tot>=1.210748e-01 vf_precip_indicator=9.408009e-02 vf_precip_h=9.420718e-02 R_avg=6.470673e+00 xB_range=[0.0284, 0.0315] Meff_range=[2.8546e-02, 3.0487e+00] t_wall=2026-03-19 01:20:02
[3D] step=15600 t=1560.000000 t_real=1.739076e+03 s <x_B_tot>=1.210748e-01 vf_precip_indicator=9.408188e-02 vf_precip_h=9.420729e-02 R_avg=6.470309e+00 xB_range=[0.0284, 0.0315] Meff_range=[2.8546e-02, 3.0487e+00] t_wall=2026-03-19 01:20:15
[3D] step=15610 t=1561.000000 t_real=1.740190e+03 s <x_B_tot>=1.210749e-01 vf_precip_indicator=9.408230e-02 vf_precip_h=9.420741e-02 R_avg=6.470603e+00 xB_range=[0.0284, 0.0315] Meff_range=[2.8546e-02, 3.0487e+00] t_wall=2026-03-19 01:20:27
[3D] step=15620 t=1562.000000 t_real=1.741305e+03 s <x_B_tot>=1.210750e-01 vf_precip_indicator=9.408325e-02 vf_precip_h=9.420752e-02 R_avg=6.471185e+00 xB_range=[0.0284, 0.0315] Meff_range=[2.8546e-02, 3.0487e+00] t_wall=2026-03-19 01:20:40
[3D] step=15630 t=1563.000000 t_real=1.742420e+03 s <x_B_tot>=1.210750e-01 vf_precip_indicator=9.408426e-02 vf_precip_h=9.420763e-02 R_avg=6.470753e+00 xB_range=[0.0284, 0.0315] Meff_range=[2.8546e-02, 3.0487e+00] t_wall=2026-03-19 01:20:52
[3D] step=15640 t=1564.000000 t_real=1.743535e+03 s <x_B_tot>=1.210751e-01 vf_precip_indicator=9.408623e-02 vf_precip_h=9.420775e-02 R_avg=6.470211e+00 xB_range=[0.0284, 0.0315] Meff_range=[2.8546e-02, 3.0487e+00] t_wall=2026-03-19 01:21:05
[3D] step=15650 t=1565.000000 t_real=1.744649e+03 s <x_B_tot>=1.210751e-01 vf_precip_indicator=9.408689e-02 vf_precip_h=9.420786e-02 R_avg=6.470860e+00 xB_range=[0.0284, 0.0315] Meff_range=[2.8546e-02, 3.0487e+00] t_wall=2026-03-19 01:21:17
[3D] step=15660 t=1566.000000 t_real=1.745764e+03 s <x_B_tot>=1.210752e-01 vf_precip_indicator=9.408671e-02 vf_precip_h=9.420797e-02 R_avg=6.470642e+00 xB_range=[0.0284, 0.0315] Meff_range=[2.8546e-02, 3.0487e+00] t_wall=2026-03-19 01:21:29
[3D] step=15670 t=1567.000000 t_real=1.746879e+03 s <x_B_tot>=1.210752e-01 vf_precip_indicator=9.408784e-02 vf_precip_h=9.420809e-02 R_avg=6.471088e+00 xB_range=[0.0284, 0.0315] Meff_range=[2.8546e-02, 3.0487e+00] t_wall=2026-03-19 01:21:42
[3D] step=15680 t=1568.000000 t_real=1.747994e+03 s <x_B_tot>=1.210753e-01 vf_precip_indicator=9.408766e-02 vf_precip_h=9.420820e-02 R_avg=6.471134e+00 xB_range=[0.0284, 0.0315] Meff_range=[2.8546e-02, 3.0487e+00] t_wall=2026-03-19 01:21:54
[3D] step=15690 t=1569.000000 t_real=1.749109e+03 s <x_B_tot>=1.210753e-01 vf_precip_indicator=9.408695e-02 vf_precip_h=9.420831e-02 R_avg=6.471380e+00 xB_range=[0.0284, 0.0315] Meff_range=[2.8546e-02, 3.0486e+00] t_wall=2026-03-19 01:22:07
[3D] step=15700 t=1570.000000 t_real=1.750223e+03 s <x_B_tot>=1.210754e-01 vf_precip_indicator=9.408802e-02 vf_precip_h=9.420843e-02 R_avg=6.471351e+00 xB_range=[0.0284, 0.0315] Meff_range=[2.8545e-02, 3.0486e+00] t_wall=2026-03-19 01:22:19
[3D] step=15710 t=1571.000000 t_real=1.751338e+03 s <x_B_tot>=1.210754e-01 vf_precip_indicator=9.408718e-02 vf_precip_h=9.420854e-02 R_avg=6.471264e+00 xB_range=[0.0284, 0.0315] Meff_range=[2.8545e-02, 3.0486e+00] t_wall=2026-03-19 01:22:32
[3D] step=15720 t=1572.000000 t_real=1.752453e+03 s <x_B_tot>=1.210755e-01 vf_precip_indicator=9.408700e-02 vf_precip_h=9.420865e-02 R_avg=6.471222e+00 xB_range=[0.0284, 0.0315] Meff_range=[2.8545e-02, 3.0486e+00] t_wall=2026-03-19 01:22:44
[3D] step=15730 t=1573.000000 t_real=1.753568e+03 s <x_B_tot>=1.210756e-01 vf_precip_indicator=9.408760e-02 vf_precip_h=9.420877e-02 R_avg=6.471337e+00 xB_range=[0.0284, 0.0315] Meff_range=[2.8545e-02, 3.0486e+00] t_wall=2026-03-19 01:22:57
[3D] step=15740 t=1574.000000 t_real=1.754683e+03 s <x_B_tot>=1.210756e-01 vf_precip_indicator=9.408641e-02 vf_precip_h=9.420888e-02 R_avg=6.470857e+00 xB_range=[0.0284, 0.0315] Meff_range=[2.8545e-02, 3.0486e+00] t_wall=2026-03-19 01:23:09
[3D] step=15750 t=1575.000000 t_real=1.755797e+03 s <x_B_tot>=1.210757e-01 vf_precip_indicator=9.408587e-02 vf_precip_h=9.420899e-02 R_avg=6.471026e+00 xB_range=[0.0284, 0.0315] Meff_range=[2.8545e-02, 3.0486e+00] t_wall=2026-03-19 01:23:22
[3D] step=15760 t=1576.000000 t_real=1.756912e+03 s <x_B_tot>=1.210757e-01 vf_precip_indicator=9.408474e-02 vf_precip_h=9.420910e-02 R_avg=6.471052e+00 xB_range=[0.0284, 0.0315] Meff_range=[2.8545e-02, 3.0486e+00] t_wall=2026-03-19 01:23:34
[3D] step=15770 t=1577.000000 t_real=1.758027e+03 s <x_B_tot>=1.210758e-01 vf_precip_indicator=9.408516e-02 vf_precip_h=9.420922e-02 R_avg=6.470505e+00 xB_range=[0.0284, 0.0315] Meff_range=[2.8545e-02, 3.0486e+00] t_wall=2026-03-19 01:23:46
[3D] step=15780 t=1578.000000 t_real=1.759142e+03 s <x_B_tot>=1.210758e-01 vf_precip_indicator=9.408599e-02 vf_precip_h=9.420933e-02 R_avg=6.469988e+00 xB_range=[0.0284, 0.0315] Meff_range=[2.8545e-02, 3.0486e+00] t_wall=2026-03-19 01:23:59
[3D] step=15790 t=1579.000000 t_real=1.760257e+03 s <x_B_tot>=1.210759e-01 vf_precip_indicator=9.408522e-02 vf_precip_h=9.420944e-02 R_avg=6.469950e+00 xB_range=[0.0284, 0.0315] Meff_range=[2.8545e-02, 3.0486e+00] t_wall=2026-03-19 01:24:11
[3D] step=15800 t=1580.000000 t_real=1.761371e+03 s <x_B_tot>=1.210759e-01 vf_precip_indicator=9.408748e-02 vf_precip_h=9.420956e-02 R_avg=6.469884e+00 xB_range=[0.0284, 0.0315] Meff_range=[2.8545e-02, 3.0485e+00] t_wall=2026-03-19 01:24:24
[3D] step=15810 t=1581.000000 t_real=1.762486e+03 s <x_B_tot>=1.210760e-01 vf_precip_indicator=9.408695e-02 vf_precip_h=9.420967e-02 R_avg=6.470570e+00 xB_range=[0.0284, 0.0315] Meff_range=[2.8544e-02, 3.0485e+00] t_wall=2026-03-19 01:24:36
[3D] step=15820 t=1582.000000 t_real=1.763601e+03 s <x_B_tot>=1.210761e-01 vf_precip_indicator=9.408623e-02 vf_precip_h=9.420978e-02 R_avg=6.470830e+00 xB_range=[0.0284, 0.0315] Meff_range=[2.8544e-02, 3.0485e+00] t_wall=2026-03-19 01:24:49
[3D] step=15830 t=1583.000000 t_real=1.764716e+03 s <x_B_tot>=1.210761e-01 vf_precip_indicator=9.408492e-02 vf_precip_h=9.420990e-02 R_avg=6.471064e+00 xB_range=[0.0284, 0.0315] Meff_range=[2.8544e-02, 3.0485e+00] t_wall=2026-03-19 01:25:01
[3D] step=15840 t=1584.000000 t_real=1.765831e+03 s <x_B_tot>=1.210762e-01 vf_precip_indicator=9.408647e-02 vf_precip_h=9.421001e-02 R_avg=6.471465e+00 xB_range=[0.0284, 0.0315] Meff_range=[2.8544e-02, 3.0485e+00] t_wall=2026-03-19 01:25:14
[3D] step=15850 t=1585.000000 t_real=1.766945e+03 s <x_B_tot>=1.210762e-01 vf_precip_indicator=9.408605e-02 vf_precip_h=9.421013e-02 R_avg=6.471274e+00 xB_range=[0.0284, 0.0315] Meff_range=[2.8544e-02, 3.0485e+00] t_wall=2026-03-19 01:25:26
[3D] step=15860 t=1586.000000 t_real=1.768060e+03 s <x_B_tot>=1.210763e-01 vf_precip_indicator=9.408724e-02 vf_precip_h=9.421024e-02 R_avg=6.471533e+00 xB_range=[0.0284, 0.0315] Meff_range=[2.8544e-02, 3.0485e+00] t_wall=2026-03-19 01:25:38
[3D] step=15870 t=1587.000000 t_real=1.769175e+03 s <x_B_tot>=1.210763e-01 vf_precip_indicator=9.408706e-02 vf_precip_h=9.421035e-02 R_avg=6.471668e+00 xB_range=[0.0284, 0.0315] Meff_range=[2.8544e-02, 3.0485e+00] t_wall=2026-03-19 01:25:51
[3D] step=15880 t=1588.000000 t_real=1.770290e+03 s <x_B_tot>=1.210764e-01 vf_precip_indicator=9.408802e-02 vf_precip_h=9.421047e-02 R_avg=6.471645e+00 xB_range=[0.0284, 0.0315] Meff_range=[2.8544e-02, 3.0485e+00] t_wall=2026-03-19 01:26:03
[3D] step=15890 t=1589.000000 t_real=1.771404e+03 s <x_B_tot>=1.210764e-01 vf_precip_indicator=9.408659e-02 vf_precip_h=9.421058e-02 R_avg=6.471547e+00 xB_range=[0.0284, 0.0315] Meff_range=[2.8544e-02, 3.0485e+00] t_wall=2026-03-19 01:26:16
[3D] step=15900 t=1590.000000 t_real=1.772519e+03 s <x_B_tot>=1.210765e-01 vf_precip_indicator=9.408778e-02 vf_precip_h=9.421069e-02 R_avg=6.471703e+00 xB_range=[0.0284, 0.0315] Meff_range=[2.8544e-02, 3.0484e+00] t_wall=2026-03-19 01:26:28
[3D] step=15910 t=1591.000000 t_real=1.773634e+03 s <x_B_tot>=1.210765e-01 vf_precip_indicator=9.408826e-02 vf_precip_h=9.421081e-02 R_avg=6.471618e+00 xB_range=[0.0284, 0.0315] Meff_range=[2.8544e-02, 3.0484e+00] t_wall=2026-03-19 01:26:41
[3D] step=15920 t=1592.000000 t_real=1.774749e+03 s <x_B_tot>=1.210766e-01 vf_precip_indicator=9.408939e-02 vf_precip_h=9.421092e-02 R_avg=6.471135e+00 xB_range=[0.0284, 0.0315] Meff_range=[2.8544e-02, 3.0484e+00] t_wall=2026-03-19 01:26:53
[3D] step=15930 t=1593.000000 t_real=1.775864e+03 s <x_B_tot>=1.210767e-01 vf_precip_indicator=9.408951e-02 vf_precip_h=9.421103e-02 R_avg=6.471453e+00 xB_range=[0.0284, 0.0315] Meff_range=[2.8543e-02, 3.0484e+00] t_wall=2026-03-19 01:27:06
[3D] step=15940 t=1594.000000 t_real=1.776978e+03 s <x_B_tot>=1.210767e-01 vf_precip_indicator=9.409165e-02 vf_precip_h=9.421115e-02 R_avg=6.471689e+00 xB_range=[0.0284, 0.0315] Meff_range=[2.8543e-02, 3.0484e+00] t_wall=2026-03-19 01:27:18
[3D] step=15950 t=1595.000000 t_real=1.778093e+03 s <x_B_tot>=1.210768e-01 vf_precip_indicator=9.409231e-02 vf_precip_h=9.421126e-02 R_avg=6.471498e+00 xB_range=[0.0284, 0.0315] Meff_range=[2.8543e-02, 3.0484e+00] t_wall=2026-03-19 01:27:31
[3D] step=15960 t=1596.000000 t_real=1.779208e+03 s <x_B_tot>=1.210768e-01 vf_precip_indicator=9.409171e-02 vf_precip_h=9.421137e-02 R_avg=6.472106e+00 xB_range=[0.0284, 0.0315] Meff_range=[2.8543e-02, 3.0484e+00] t_wall=2026-03-19 01:27:43
[3D] step=15970 t=1597.000000 t_real=1.780323e+03 s <x_B_tot>=1.210769e-01 vf_precip_indicator=9.409195e-02 vf_precip_h=9.421149e-02 R_avg=6.471046e+00 xB_range=[0.0284, 0.0315] Meff_range=[2.8543e-02, 3.0484e+00] t_wall=2026-03-19 01:27:55
[3D] step=15980 t=1598.000000 t_real=1.781438e+03 s <x_B_tot>=1.210769e-01 vf_precip_indicator=9.409440e-02 vf_precip_h=9.421160e-02 R_avg=6.470920e+00 xB_range=[0.0284, 0.0315] Meff_range=[2.8543e-02, 3.0484e+00] t_wall=2026-03-19 01:28:08
[3D] step=15990 t=1599.000000 t_real=1.782552e+03 s <x_B_tot>=1.210770e-01 vf_precip_indicator=9.409469e-02 vf_precip_h=9.421171e-02 R_avg=6.471191e+00 xB_range=[0.0284, 0.0315] Meff_range=[2.8543e-02, 3.0484e+00] t_wall=2026-03-19 01:28:20
[3D] step=16000 t=1600.000000 t_real=1.783667e+03 s <x_B_tot>=1.210770e-01 vf_precip_indicator=9.409392e-02 vf_precip_h=9.421183e-02 R_avg=6.471123e+00 xB_range=[0.0284, 0.0315] Meff_range=[2.8543e-02, 3.0484e+00] t_wall=2026-03-19 01:28:33
[3D] step=16010 t=1601.000000 t_real=1.784782e+03 s <x_B_tot>=1.210771e-01 vf_precip_indicator=9.409350e-02 vf_precip_h=9.421194e-02 R_avg=6.471168e+00 xB_range=[0.0284, 0.0315] Meff_range=[2.8543e-02, 3.0483e+00] t_wall=2026-03-19 01:28:45
[3D] step=16020 t=1602.000000 t_real=1.785897e+03 s <x_B_tot>=1.210772e-01 vf_precip_indicator=9.409416e-02 vf_precip_h=9.421206e-02 R_avg=6.470697e+00 xB_range=[0.0284, 0.0315] Meff_range=[2.8543e-02, 3.0483e+00] t_wall=2026-03-19 01:28:58
[3D] step=16030 t=1603.000000 t_real=1.787012e+03 s <x_B_tot>=1.210772e-01 vf_precip_indicator=9.409553e-02 vf_precip_h=9.421217e-02 R_avg=6.470806e+00 xB_range=[0.0284, 0.0315] Meff_range=[2.8543e-02, 3.0483e+00] t_wall=2026-03-19 01:29:10
[3D] step=16040 t=1604.000000 t_real=1.788126e+03 s <x_B_tot>=1.210773e-01 vf_precip_indicator=9.409344e-02 vf_precip_h=9.421228e-02 R_avg=6.470088e+00 xB_range=[0.0284, 0.0315] Meff_range=[2.8542e-02, 3.0483e+00] t_wall=2026-03-19 01:29:23
[3D] step=16050 t=1605.000000 t_real=1.789241e+03 s <x_B_tot>=1.210773e-01 vf_precip_indicator=9.409302e-02 vf_precip_h=9.421240e-02 R_avg=6.470531e+00 xB_range=[0.0284, 0.0315] Meff_range=[2.8542e-02, 3.0483e+00] t_wall=2026-03-19 01:29:35
[3D] step=16060 t=1606.000000 t_real=1.790356e+03 s <x_B_tot>=1.210774e-01 vf_precip_indicator=9.409124e-02 vf_precip_h=9.421251e-02 R_avg=6.470084e+00 xB_range=[0.0284, 0.0315] Meff_range=[2.8542e-02, 3.0483e+00] t_wall=2026-03-19 01:29:47
[3D] step=16070 t=1607.000000 t_real=1.791471e+03 s <x_B_tot>=1.210774e-01 vf_precip_indicator=9.409034e-02 vf_precip_h=9.421262e-02 R_avg=6.470081e+00 xB_range=[0.0284, 0.0315] Meff_range=[2.8542e-02, 3.0483e+00] t_wall=2026-03-19 01:30:00
[3D] step=16080 t=1608.000000 t_real=1.792586e+03 s <x_B_tot>=1.210775e-01 vf_precip_indicator=9.408897e-02 vf_precip_h=9.421274e-02 R_avg=6.469736e+00 xB_range=[0.0284, 0.0315] Meff_range=[2.8542e-02, 3.0483e+00] t_wall=2026-03-19 01:30:12
[3D] step=16090 t=1609.000000 t_real=1.793700e+03 s <x_B_tot>=1.210775e-01 vf_precip_indicator=9.408933e-02 vf_precip_h=9.421285e-02 R_avg=6.470129e+00 xB_range=[0.0284, 0.0315] Meff_range=[2.8542e-02, 3.0483e+00] t_wall=2026-03-19 01:30:25
[3D] step=16100 t=1610.000000 t_real=1.794815e+03 s <x_B_tot>=1.210776e-01 vf_precip_indicator=9.408903e-02 vf_precip_h=9.421296e-02 R_avg=6.470138e+00 xB_range=[0.0284, 0.0315] Meff_range=[2.8542e-02, 3.0483e+00] t_wall=2026-03-19 01:30:37
[3D] step=16110 t=1611.000000 t_real=1.795930e+03 s <x_B_tot>=1.210777e-01 vf_precip_indicator=9.408706e-02 vf_precip_h=9.421308e-02 R_avg=6.469974e+00 xB_range=[0.0284, 0.0315] Meff_range=[2.8542e-02, 3.0483e+00] t_wall=2026-03-19 01:30:50
[3D] step=16120 t=1612.000000 t_real=1.797045e+03 s <x_B_tot>=1.210777e-01 vf_precip_indicator=9.408861e-02 vf_precip_h=9.421319e-02 R_avg=6.470817e+00 xB_range=[0.0284, 0.0315] Meff_range=[2.8542e-02, 3.0482e+00] t_wall=2026-03-19 01:31:02
[3D] step=16130 t=1613.000000 t_real=1.798159e+03 s <x_B_tot>=1.210778e-01 vf_precip_indicator=9.408963e-02 vf_precip_h=9.421331e-02 R_avg=6.470680e+00 xB_range=[0.0284, 0.0315] Meff_range=[2.8542e-02, 3.0482e+00] t_wall=2026-03-19 01:31:15
[3D] step=16140 t=1614.000000 t_real=1.799274e+03 s <x_B_tot>=1.210778e-01 vf_precip_indicator=9.409028e-02 vf_precip_h=9.421342e-02 R_avg=6.470401e+00 xB_range=[0.0284, 0.0315] Meff_range=[2.8542e-02, 3.0482e+00] t_wall=2026-03-19 01:31:27
[3D] step=16150 t=1615.000000 t_real=1.800389e+03 s <x_B_tot>=1.210779e-01 vf_precip_indicator=9.409100e-02 vf_precip_h=9.421353e-02 R_avg=6.470495e+00 xB_range=[0.0284, 0.0315] Meff_range=[2.8542e-02, 3.0482e+00] t_wall=2026-03-19 01:31:40
[3D] step=16160 t=1616.000000 t_real=1.801504e+03 s <x_B_tot>=1.210779e-01 vf_precip_indicator=9.409088e-02 vf_precip_h=9.421365e-02 R_avg=6.470442e+00 xB_range=[0.0284, 0.0315] Meff_range=[2.8541e-02, 3.0482e+00] t_wall=2026-03-19 01:31:52
[3D] step=16170 t=1617.000000 t_real=1.802619e+03 s <x_B_tot>=1.210780e-01 vf_precip_indicator=9.408987e-02 vf_precip_h=9.421376e-02 R_avg=6.470564e+00 xB_range=[0.0284, 0.0315] Meff_range=[2.8541e-02, 3.0482e+00] t_wall=2026-03-19 01:32:04
[3D] step=16180 t=1618.000000 t_real=1.803733e+03 s <x_B_tot>=1.210780e-01 vf_precip_indicator=9.408939e-02 vf_precip_h=9.421387e-02 R_avg=6.470340e+00 xB_range=[0.0284, 0.0315] Meff_range=[2.8541e-02, 3.0482e+00] t_wall=2026-03-19 01:32:17
[3D] step=16190 t=1619.000000 t_real=1.804848e+03 s <x_B_tot>=1.210781e-01 vf_precip_indicator=9.409094e-02 vf_precip_h=9.421399e-02 R_avg=6.470785e+00 xB_range=[0.0284, 0.0315] Meff_range=[2.8541e-02, 3.0482e+00] t_wall=2026-03-19 01:32:29
[3D] step=16200 t=1620.000000 t_real=1.805963e+03 s <x_B_tot>=1.210781e-01 vf_precip_indicator=9.409064e-02 vf_precip_h=9.421410e-02 R_avg=6.469763e+00 xB_range=[0.0284, 0.0315] Meff_range=[2.8541e-02, 3.0482e+00] t_wall=2026-03-19 01:32:42
[3D] step=16210 t=1621.000000 t_real=1.807078e+03 s <x_B_tot>=1.210782e-01 vf_precip_indicator=9.409052e-02 vf_precip_h=9.421422e-02 R_avg=6.469917e+00 xB_range=[0.0284, 0.0315] Meff_range=[2.8541e-02, 3.0482e+00] t_wall=2026-03-19 01:32:54
[3D] step=16220 t=1622.000000 t_real=1.808193e+03 s <x_B_tot>=1.210783e-01 vf_precip_indicator=9.409094e-02 vf_precip_h=9.421433e-02 R_avg=6.470284e+00 xB_range=[0.0284, 0.0315] Meff_range=[2.8541e-02, 3.0482e+00] t_wall=2026-03-19 01:33:07
[3D] step=16230 t=1623.000000 t_real=1.809307e+03 s <x_B_tot>=1.210783e-01 vf_precip_indicator=9.409237e-02 vf_precip_h=9.421444e-02 R_avg=6.470545e+00 xB_range=[0.0284, 0.0315] Meff_range=[2.8541e-02, 3.0482e+00] t_wall=2026-03-19 01:33:19
[3D] step=16240 t=1624.000000 t_real=1.810422e+03 s <x_B_tot>=1.210784e-01 vf_precip_indicator=9.409410e-02 vf_precip_h=9.421456e-02 R_avg=6.470516e+00 xB_range=[0.0284, 0.0315] Meff_range=[2.8541e-02, 3.0481e+00] t_wall=2026-03-19 01:33:32
[3D] step=16250 t=1625.000000 t_real=1.811537e+03 s <x_B_tot>=1.210784e-01 vf_precip_indicator=9.409422e-02 vf_precip_h=9.421467e-02 R_avg=6.470539e+00 xB_range=[0.0284, 0.0315] Meff_range=[2.8541e-02, 3.0481e+00] t_wall=2026-03-19 01:33:44
[3D] step=16260 t=1626.000000 t_real=1.812652e+03 s <x_B_tot>=1.210785e-01 vf_precip_indicator=9.409392e-02 vf_precip_h=9.421479e-02 R_avg=6.469900e+00 xB_range=[0.0284, 0.0315] Meff_range=[2.8541e-02, 3.0481e+00] t_wall=2026-03-19 01:33:57
[3D] step=16270 t=1627.000000 t_real=1.813767e+03 s <x_B_tot>=1.210785e-01 vf_precip_indicator=9.409440e-02 vf_precip_h=9.421490e-02 R_avg=6.470065e+00 xB_range=[0.0284, 0.0315] Meff_range=[2.8540e-02, 3.0481e+00] t_wall=2026-03-19 01:34:09
[3D] step=16280 t=1628.000000 t_real=1.814881e+03 s <x_B_tot>=1.210786e-01 vf_precip_indicator=9.409386e-02 vf_precip_h=9.421501e-02 R_avg=6.470308e+00 xB_range=[0.0284, 0.0315] Meff_range=[2.8540e-02, 3.0481e+00] t_wall=2026-03-19 01:34:21
[3D] step=16290 t=1629.000000 t_real=1.815996e+03 s <x_B_tot>=1.210786e-01 vf_precip_indicator=9.409493e-02 vf_precip_h=9.421513e-02 R_avg=6.470161e+00 xB_range=[0.0284, 0.0315] Meff_range=[2.8540e-02, 3.0481e+00] t_wall=2026-03-19 01:34:34
[3D] step=16300 t=1630.000000 t_real=1.817111e+03 s <x_B_tot>=1.210787e-01 vf_precip_indicator=9.409523e-02 vf_precip_h=9.421524e-02 R_avg=6.470417e+00 xB_range=[0.0284, 0.0315] Meff_range=[2.8540e-02, 3.0481e+00] t_wall=2026-03-19 01:34:46
[3D] step=16310 t=1631.000000 t_real=1.818226e+03 s <x_B_tot>=1.210788e-01 vf_precip_indicator=9.409356e-02 vf_precip_h=9.421536e-02 R_avg=6.470258e+00 xB_range=[0.0284, 0.0315] Meff_range=[2.8540e-02, 3.0481e+00] t_wall=2026-03-19 01:34:59
[3D] step=16320 t=1632.000000 t_real=1.819341e+03 s <x_B_tot>=1.210788e-01 vf_precip_indicator=9.409440e-02 vf_precip_h=9.421547e-02 R_avg=6.470021e+00 xB_range=[0.0284, 0.0315] Meff_range=[2.8540e-02, 3.0481e+00] t_wall=2026-03-19 01:35:11
[3D] step=16330 t=1633.000000 t_real=1.820455e+03 s <x_B_tot>=1.210789e-01 vf_precip_indicator=9.409523e-02 vf_precip_h=9.421558e-02 R_avg=6.470329e+00 xB_range=[0.0284, 0.0315] Meff_range=[2.8540e-02, 3.0481e+00] t_wall=2026-03-19 01:35:24
[3D] step=16340 t=1634.000000 t_real=1.821570e+03 s <x_B_tot>=1.210789e-01 vf_precip_indicator=9.409279e-02 vf_precip_h=9.421570e-02 R_avg=6.470603e+00 xB_range=[0.0284, 0.0315] Meff_range=[2.8540e-02, 3.0481e+00] t_wall=2026-03-19 01:35:36
[3D] step=16350 t=1635.000000 t_real=1.822685e+03 s <x_B_tot>=1.210790e-01 vf_precip_indicator=9.409374e-02 vf_precip_h=9.421581e-02 R_avg=6.470374e+00 xB_range=[0.0284, 0.0315] Meff_range=[2.8540e-02, 3.0481e+00] t_wall=2026-03-19 01:35:49
[3D] step=16360 t=1636.000000 t_real=1.823800e+03 s <x_B_tot>=1.210790e-01 vf_precip_indicator=9.409267e-02 vf_precip_h=9.421593e-02 R_avg=6.470771e+00 xB_range=[0.0284, 0.0315] Meff_range=[2.8540e-02, 3.0480e+00] t_wall=2026-03-19 01:36:01
[3D] step=16370 t=1637.000000 t_real=1.824915e+03 s <x_B_tot>=1.210791e-01 vf_precip_indicator=9.409410e-02 vf_precip_h=9.421604e-02 R_avg=6.470575e+00 xB_range=[0.0284, 0.0315] Meff_range=[2.8540e-02, 3.0480e+00] t_wall=2026-03-19 01:36:13
[3D] step=16380 t=1638.000000 t_real=1.826029e+03 s <x_B_tot>=1.210791e-01 vf_precip_indicator=9.409535e-02 vf_precip_h=9.421615e-02 R_avg=6.471457e+00 xB_range=[0.0284, 0.0315] Meff_range=[2.8540e-02, 3.0480e+00] t_wall=2026-03-19 01:36:26
[3D] step=16390 t=1639.000000 t_real=1.827144e+03 s <x_B_tot>=1.210792e-01 vf_precip_indicator=9.409446e-02 vf_precip_h=9.421627e-02 R_avg=6.471263e+00 xB_range=[0.0284, 0.0315] Meff_range=[2.8539e-02, 3.0480e+00] t_wall=2026-03-19 01:36:38
[3D] step=16400 t=1640.000000 t_real=1.828259e+03 s <x_B_tot>=1.210793e-01 vf_precip_indicator=9.409451e-02 vf_precip_h=9.421638e-02 R_avg=6.471090e+00 xB_range=[0.0284, 0.0315] Meff_range=[2.8539e-02, 3.0480e+00] t_wall=2026-03-19 01:36:51
[3D] step=16410 t=1641.000000 t_real=1.829374e+03 s <x_B_tot>=1.210793e-01 vf_precip_indicator=9.409529e-02 vf_precip_h=9.421650e-02 R_avg=6.471364e+00 xB_range=[0.0284, 0.0315] Meff_range=[2.8539e-02, 3.0480e+00] t_wall=2026-03-19 01:37:03
[3D] step=16420 t=1642.000000 t_real=1.830488e+03 s <x_B_tot>=1.210794e-01 vf_precip_indicator=9.409630e-02 vf_precip_h=9.421661e-02 R_avg=6.471670e+00 xB_range=[0.0284, 0.0315] Meff_range=[2.8539e-02, 3.0480e+00] t_wall=2026-03-19 01:37:16
[3D] step=16430 t=1643.000000 t_real=1.831603e+03 s <x_B_tot>=1.210794e-01 vf_precip_indicator=9.409571e-02 vf_precip_h=9.421673e-02 R_avg=6.471364e+00 xB_range=[0.0284, 0.0315] Meff_range=[2.8539e-02, 3.0480e+00] t_wall=2026-03-19 01:37:28
[3D] step=16440 t=1644.000000 t_real=1.832718e+03 s <x_B_tot>=1.210795e-01 vf_precip_indicator=9.409535e-02 vf_precip_h=9.421684e-02 R_avg=6.471914e+00 xB_range=[0.0284, 0.0315] Meff_range=[2.8539e-02, 3.0480e+00] t_wall=2026-03-19 01:37:41
[3D] step=16450 t=1645.000000 t_real=1.833833e+03 s <x_B_tot>=1.210795e-01 vf_precip_indicator=9.409571e-02 vf_precip_h=9.421695e-02 R_avg=6.472219e+00 xB_range=[0.0284, 0.0315] Meff_range=[2.8539e-02, 3.0480e+00] t_wall=2026-03-19 01:37:53
[3D] step=16460 t=1646.000000 t_real=1.834948e+03 s <x_B_tot>=1.210796e-01 vf_precip_indicator=9.409696e-02 vf_precip_h=9.421707e-02 R_avg=6.472334e+00 xB_range=[0.0284, 0.0315] Meff_range=[2.8539e-02, 3.0480e+00] t_wall=2026-03-19 01:38:06
[3D] step=16470 t=1647.000000 t_real=1.836062e+03 s <x_B_tot>=1.210796e-01 vf_precip_indicator=9.409720e-02 vf_precip_h=9.421718e-02 R_avg=6.472793e+00 xB_range=[0.0284, 0.0315] Meff_range=[2.8539e-02, 3.0479e+00] t_wall=2026-03-19 01:38:18
[3D] step=16480 t=1648.000000 t_real=1.837177e+03 s <x_B_tot>=1.210797e-01 vf_precip_indicator=9.409910e-02 vf_precip_h=9.421730e-02 R_avg=6.473248e+00 xB_range=[0.0284, 0.0315] Meff_range=[2.8539e-02, 3.0479e+00] t_wall=2026-03-19 01:38:30
[3D] step=16490 t=1649.000000 t_real=1.838292e+03 s <x_B_tot>=1.210798e-01 vf_precip_indicator=9.409904e-02 vf_precip_h=9.421741e-02 R_avg=6.472772e+00 xB_range=[0.0284, 0.0315] Meff_range=[2.8539e-02, 3.0479e+00] t_wall=2026-03-19 01:38:43
[3D] step=16500 t=1650.000000 t_real=1.839407e+03 s <x_B_tot>=1.210798e-01 vf_precip_indicator=9.409982e-02 vf_precip_h=9.421752e-02 R_avg=6.472841e+00 xB_range=[0.0284, 0.0315] Meff_range=[2.8538e-02, 3.0479e+00] t_wall=2026-03-19 01:38:55
[3D] step=16510 t=1651.000000 t_real=1.840522e+03 s <x_B_tot>=1.210799e-01 vf_precip_indicator=9.410089e-02 vf_precip_h=9.421764e-02 R_avg=6.472428e+00 xB_range=[0.0284, 0.0315] Meff_range=[2.8538e-02, 3.0479e+00] t_wall=2026-03-19 01:39:08
[3D] step=16520 t=1652.000000 t_real=1.841636e+03 s <x_B_tot>=1.210799e-01 vf_precip_indicator=9.410059e-02 vf_precip_h=9.421775e-02 R_avg=6.472835e+00 xB_range=[0.0284, 0.0315] Meff_range=[2.8538e-02, 3.0479e+00] t_wall=2026-03-19 01:39:20
[3D] step=16530 t=1653.000000 t_real=1.842751e+03 s <x_B_tot>=1.210800e-01 vf_precip_indicator=9.410387e-02 vf_precip_h=9.421787e-02 R_avg=6.473562e+00 xB_range=[0.0284, 0.0315] Meff_range=[2.8538e-02, 3.0479e+00] t_wall=2026-03-19 01:39:33
[3D] step=16540 t=1654.000000 t_real=1.843866e+03 s <x_B_tot>=1.210800e-01 vf_precip_indicator=9.410536e-02 vf_precip_h=9.421798e-02 R_avg=6.472942e+00 xB_range=[0.0284, 0.0315] Meff_range=[2.8538e-02, 3.0479e+00] t_wall=2026-03-19 01:39:45
[3D] step=16550 t=1655.000000 t_real=1.844981e+03 s <x_B_tot>=1.210801e-01 vf_precip_indicator=9.410518e-02 vf_precip_h=9.421810e-02 R_avg=6.473342e+00 xB_range=[0.0284, 0.0315] Meff_range=[2.8538e-02, 3.0479e+00] t_wall=2026-03-19 01:39:58
[3D] step=16560 t=1656.000000 t_real=1.846096e+03 s <x_B_tot>=1.210801e-01 vf_precip_indicator=9.410566e-02 vf_precip_h=9.421821e-02 R_avg=6.473862e+00 xB_range=[0.0284, 0.0315] Meff_range=[2.8538e-02, 3.0479e+00] t_wall=2026-03-19 01:40:10
[3D] step=16570 t=1657.000000 t_real=1.847210e+03 s <x_B_tot>=1.210802e-01 vf_precip_indicator=9.410423e-02 vf_precip_h=9.421832e-02 R_avg=6.474250e+00 xB_range=[0.0284, 0.0315] Meff_range=[2.8538e-02, 3.0479e+00] t_wall=2026-03-19 01:40:23
[3D] step=16580 t=1658.000000 t_real=1.848325e+03 s <x_B_tot>=1.210803e-01 vf_precip_indicator=9.410447e-02 vf_precip_h=9.421844e-02 R_avg=6.474399e+00 xB_range=[0.0284, 0.0315] Meff_range=[2.8538e-02, 3.0479e+00] t_wall=2026-03-19 01:40:35
[3D] step=16590 t=1659.000000 t_real=1.849440e+03 s <x_B_tot>=1.210803e-01 vf_precip_indicator=9.410441e-02 vf_precip_h=9.421855e-02 R_avg=6.474454e+00 xB_range=[0.0284, 0.0315] Meff_range=[2.8538e-02, 3.0479e+00] t_wall=2026-03-19 01:40:47
[3D] step=16600 t=1660.000000 t_real=1.850555e+03 s <x_B_tot>=1.210804e-01 vf_precip_indicator=9.410447e-02 vf_precip_h=9.421867e-02 R_avg=6.474532e+00 xB_range=[0.0284, 0.0315] Meff_range=[2.8538e-02, 3.0478e+00] t_wall=2026-03-19 01:41:00
[3D] step=16610 t=1661.000000 t_real=1.851670e+03 s <x_B_tot>=1.210804e-01 vf_precip_indicator=9.410393e-02 vf_precip_h=9.421878e-02 R_avg=6.474982e+00 xB_range=[0.0284, 0.0315] Meff_range=[2.8537e-02, 3.0478e+00] t_wall=2026-03-19 01:41:12
[3D] step=16620 t=1662.000000 t_real=1.852784e+03 s <x_B_tot>=1.210805e-01 vf_precip_indicator=9.410363e-02 vf_precip_h=9.421890e-02 R_avg=6.475478e+00 xB_range=[0.0284, 0.0315] Meff_range=[2.8537e-02, 3.0478e+00] t_wall=2026-03-19 01:41:25
[3D] step=16630 t=1663.000000 t_real=1.853899e+03 s <x_B_tot>=1.210805e-01 vf_precip_indicator=9.410352e-02 vf_precip_h=9.421901e-02 R_avg=6.475706e+00 xB_range=[0.0284, 0.0315] Meff_range=[2.8537e-02, 3.0478e+00] t_wall=2026-03-19 01:41:37
[3D] step=16640 t=1664.000000 t_real=1.855014e+03 s <x_B_tot>=1.210806e-01 vf_precip_indicator=9.410268e-02 vf_precip_h=9.421913e-02 R_avg=6.475619e+00 xB_range=[0.0284, 0.0315] Meff_range=[2.8537e-02, 3.0478e+00] t_wall=2026-03-19 01:41:50
[3D] step=16650 t=1665.000000 t_real=1.856129e+03 s <x_B_tot>=1.210806e-01 vf_precip_indicator=9.410220e-02 vf_precip_h=9.421924e-02 R_avg=6.475881e+00 xB_range=[0.0284, 0.0315] Meff_range=[2.8537e-02, 3.0478e+00] t_wall=2026-03-19 01:42:02
[3D] step=16660 t=1666.000000 t_real=1.857243e+03 s <x_B_tot>=1.210807e-01 vf_precip_indicator=9.410208e-02 vf_precip_h=9.421935e-02 R_avg=6.475887e+00 xB_range=[0.0284, 0.0315] Meff_range=[2.8537e-02, 3.0478e+00] t_wall=2026-03-19 01:42:15
[3D] step=16670 t=1667.000000 t_real=1.858358e+03 s <x_B_tot>=1.210808e-01 vf_precip_indicator=9.410226e-02 vf_precip_h=9.421947e-02 R_avg=6.476313e+00 xB_range=[0.0284, 0.0315] Meff_range=[2.8537e-02, 3.0478e+00] t_wall=2026-03-19 01:42:27
[3D] step=16680 t=1668.000000 t_real=1.859473e+03 s <x_B_tot>=1.210808e-01 vf_precip_indicator=9.410191e-02 vf_precip_h=9.421958e-02 R_avg=6.476480e+00 xB_range=[0.0284, 0.0315] Meff_range=[2.8537e-02, 3.0478e+00] t_wall=2026-03-19 01:42:39
[3D] step=16690 t=1669.000000 t_real=1.860588e+03 s <x_B_tot>=1.210809e-01 vf_precip_indicator=9.410477e-02 vf_precip_h=9.421970e-02 R_avg=6.476471e+00 xB_range=[0.0284, 0.0315] Meff_range=[2.8537e-02, 3.0478e+00] t_wall=2026-03-19 01:42:52
[3D] step=16700 t=1670.000000 t_real=1.861703e+03 s <x_B_tot>=1.210809e-01 vf_precip_indicator=9.410399e-02 vf_precip_h=9.421981e-02 R_avg=6.476535e+00 xB_range=[0.0284, 0.0315] Meff_range=[2.8537e-02, 3.0478e+00] t_wall=2026-03-19 01:43:04
[3D] step=16710 t=1671.000000 t_real=1.862817e+03 s <x_B_tot>=1.210810e-01 vf_precip_indicator=9.410608e-02 vf_precip_h=9.421993e-02 R_avg=6.477033e+00 xB_range=[0.0284, 0.0315] Meff_range=[2.8537e-02, 3.0478e+00] t_wall=2026-03-19 01:43:17
[3D] step=16720 t=1672.000000 t_real=1.863932e+03 s <x_B_tot>=1.210810e-01 vf_precip_indicator=9.410530e-02 vf_precip_h=9.422004e-02 R_avg=6.476729e+00 xB_range=[0.0284, 0.0315] Meff_range=[2.8537e-02, 3.0478e+00] t_wall=2026-03-19 01:43:29
[3D] step=16730 t=1673.000000 t_real=1.865047e+03 s <x_B_tot>=1.210811e-01 vf_precip_indicator=9.410620e-02 vf_precip_h=9.422016e-02 R_avg=6.476215e+00 xB_range=[0.0284, 0.0315] Meff_range=[2.8536e-02, 3.0478e+00] t_wall=2026-03-19 01:43:42
[3D] step=16740 t=1674.000000 t_real=1.866162e+03 s <x_B_tot>=1.210811e-01 vf_precip_indicator=9.410691e-02 vf_precip_h=9.422027e-02 R_avg=6.475748e+00 xB_range=[0.0284, 0.0315] Meff_range=[2.8536e-02, 3.0477e+00] t_wall=2026-03-19 01:43:54
[3D] step=16750 t=1675.000000 t_real=1.867277e+03 s <x_B_tot>=1.210812e-01 vf_precip_indicator=9.410679e-02 vf_precip_h=9.422039e-02 R_avg=6.475666e+00 xB_range=[0.0284, 0.0315] Meff_range=[2.8536e-02, 3.0477e+00] t_wall=2026-03-19 01:44:07
[3D] step=16760 t=1676.000000 t_real=1.868391e+03 s <x_B_tot>=1.210813e-01 vf_precip_indicator=9.410673e-02 vf_precip_h=9.422050e-02 R_avg=6.475484e+00 xB_range=[0.0284, 0.0315] Meff_range=[2.8536e-02, 3.0477e+00] t_wall=2026-03-19 01:44:19
[3D] step=16770 t=1677.000000 t_real=1.869506e+03 s <x_B_tot>=1.210813e-01 vf_precip_indicator=9.410590e-02 vf_precip_h=9.422061e-02 R_avg=6.475265e+00 xB_range=[0.0284, 0.0315] Meff_range=[2.8536e-02, 3.0477e+00] t_wall=2026-03-19 01:44:32
[3D] step=16780 t=1678.000000 t_real=1.870621e+03 s <x_B_tot>=1.210814e-01 vf_precip_indicator=9.410417e-02 vf_precip_h=9.422073e-02 R_avg=6.474983e+00 xB_range=[0.0284, 0.0315] Meff_range=[2.8536e-02, 3.0477e+00] t_wall=2026-03-19 01:44:44
[3D] step=16790 t=1679.000000 t_real=1.871736e+03 s <x_B_tot>=1.210814e-01 vf_precip_indicator=9.410399e-02 vf_precip_h=9.422084e-02 R_avg=6.475355e+00 xB_range=[0.0284, 0.0315] Meff_range=[2.8536e-02, 3.0477e+00] t_wall=2026-03-19 01:44:56
[3D] step=16800 t=1680.000000 t_real=1.872851e+03 s <x_B_tot>=1.210815e-01 vf_precip_indicator=9.410495e-02 vf_precip_h=9.422096e-02 R_avg=6.476084e+00 xB_range=[0.0284, 0.0315] Meff_range=[2.8536e-02, 3.0477e+00] t_wall=2026-03-19 01:45:09
[3D] step=16810 t=1681.000000 t_real=1.873965e+03 s <x_B_tot>=1.210815e-01 vf_precip_indicator=9.410506e-02 vf_precip_h=9.422107e-02 R_avg=6.475989e+00 xB_range=[0.0284, 0.0315] Meff_range=[2.8536e-02, 3.0477e+00] t_wall=2026-03-19 01:45:21
[3D] step=16820 t=1682.000000 t_real=1.875080e+03 s <x_B_tot>=1.210816e-01 vf_precip_indicator=9.410542e-02 vf_precip_h=9.422119e-02 R_avg=6.476294e+00 xB_range=[0.0284, 0.0315] Meff_range=[2.8536e-02, 3.0477e+00] t_wall=2026-03-19 01:45:34
[3D] step=16830 t=1683.000000 t_real=1.876195e+03 s <x_B_tot>=1.210816e-01 vf_precip_indicator=9.410614e-02 vf_precip_h=9.422130e-02 R_avg=6.476078e+00 xB_range=[0.0284, 0.0315] Meff_range=[2.8536e-02, 3.0477e+00] t_wall=2026-03-19 01:45:46
[3D] step=16840 t=1684.000000 t_real=1.877310e+03 s <x_B_tot>=1.210817e-01 vf_precip_indicator=9.410578e-02 vf_precip_h=9.422142e-02 R_avg=6.476452e+00 xB_range=[0.0284, 0.0315] Meff_range=[2.8535e-02, 3.0477e+00] t_wall=2026-03-19 01:45:59
[3D] step=16850 t=1685.000000 t_real=1.878425e+03 s <x_B_tot>=1.210818e-01 vf_precip_indicator=9.410727e-02 vf_precip_h=9.422153e-02 R_avg=6.476466e+00 xB_range=[0.0284, 0.0315] Meff_range=[2.8535e-02, 3.0477e+00] t_wall=2026-03-19 01:46:11
[3D] step=16860 t=1686.000000 t_real=1.879539e+03 s <x_B_tot>=1.210818e-01 vf_precip_indicator=9.410846e-02 vf_precip_h=9.422165e-02 R_avg=6.476503e+00 xB_range=[0.0284, 0.0315] Meff_range=[2.8535e-02, 3.0477e+00] t_wall=2026-03-19 01:46:24
[3D] step=16870 t=1687.000000 t_real=1.880654e+03 s <x_B_tot>=1.210819e-01 vf_precip_indicator=9.411079e-02 vf_precip_h=9.422176e-02 R_avg=6.476944e+00 xB_range=[0.0284, 0.0315] Meff_range=[2.8535e-02, 3.0476e+00] t_wall=2026-03-19 01:46:36
[3D] step=16880 t=1688.000000 t_real=1.881769e+03 s <x_B_tot>=1.210819e-01 vf_precip_indicator=9.410936e-02 vf_precip_h=9.422188e-02 R_avg=6.476919e+00 xB_range=[0.0284, 0.0315] Meff_range=[2.8535e-02, 3.0476e+00] t_wall=2026-03-19 01:46:48
[3D] step=16890 t=1689.000000 t_real=1.882884e+03 s <x_B_tot>=1.210820e-01 vf_precip_indicator=9.411007e-02 vf_precip_h=9.422199e-02 R_avg=6.477057e+00 xB_range=[0.0284, 0.0315] Meff_range=[2.8535e-02, 3.0476e+00] t_wall=2026-03-19 01:47:01
[3D] step=16900 t=1690.000000 t_real=1.883998e+03 s <x_B_tot>=1.210820e-01 vf_precip_indicator=9.411126e-02 vf_precip_h=9.422211e-02 R_avg=6.476711e+00 xB_range=[0.0284, 0.0315] Meff_range=[2.8535e-02, 3.0476e+00] t_wall=2026-03-19 01:47:13
[3D] step=16910 t=1691.000000 t_real=1.885113e+03 s <x_B_tot>=1.210821e-01 vf_precip_indicator=9.411067e-02 vf_precip_h=9.422222e-02 R_avg=6.476759e+00 xB_range=[0.0284, 0.0315] Meff_range=[2.8535e-02, 3.0476e+00] t_wall=2026-03-19 01:47:26
[3D] step=16920 t=1692.000000 t_real=1.886228e+03 s <x_B_tot>=1.210821e-01 vf_precip_indicator=9.411031e-02 vf_precip_h=9.422233e-02 R_avg=6.476823e+00 xB_range=[0.0284, 0.0315] Meff_range=[2.8535e-02, 3.0476e+00] t_wall=2026-03-19 01:47:38
[3D] step=16930 t=1693.000000 t_real=1.887343e+03 s <x_B_tot>=1.210822e-01 vf_precip_indicator=9.410971e-02 vf_precip_h=9.422245e-02 R_avg=6.476900e+00 xB_range=[0.0284, 0.0315] Meff_range=[2.8535e-02, 3.0476e+00] t_wall=2026-03-19 01:47:51
[3D] step=16940 t=1694.000000 t_real=1.888458e+03 s <x_B_tot>=1.210823e-01 vf_precip_indicator=9.411013e-02 vf_precip_h=9.422256e-02 R_avg=6.477238e+00 xB_range=[0.0284, 0.0315] Meff_range=[2.8535e-02, 3.0476e+00] t_wall=2026-03-19 01:48:03
[3D] step=16950 t=1695.000000 t_real=1.889572e+03 s <x_B_tot>=1.210823e-01 vf_precip_indicator=9.411001e-02 vf_precip_h=9.422268e-02 R_avg=6.477097e+00 xB_range=[0.0284, 0.0315] Meff_range=[2.8535e-02, 3.0476e+00] t_wall=2026-03-19 01:48:16
[3D] step=16960 t=1696.000000 t_real=1.890687e+03 s <x_B_tot>=1.210824e-01 vf_precip_indicator=9.410971e-02 vf_precip_h=9.422279e-02 R_avg=6.476649e+00 xB_range=[0.0284, 0.0315] Meff_range=[2.8534e-02, 3.0476e+00] t_wall=2026-03-19 01:48:28
[3D] step=16970 t=1697.000000 t_real=1.891802e+03 s <x_B_tot>=1.210824e-01 vf_precip_indicator=9.411108e-02 vf_precip_h=9.422291e-02 R_avg=6.476920e+00 xB_range=[0.0284, 0.0315] Meff_range=[2.8534e-02, 3.0476e+00] t_wall=2026-03-19 01:48:41
[3D] step=16980 t=1698.000000 t_real=1.892917e+03 s <x_B_tot>=1.210825e-01 vf_precip_indicator=9.410948e-02 vf_precip_h=9.422302e-02 R_avg=6.476927e+00 xB_range=[0.0284, 0.0315] Meff_range=[2.8534e-02, 3.0476e+00] t_wall=2026-03-19 01:48:53
[3D] step=16990 t=1699.000000 t_real=1.894032e+03 s <x_B_tot>=1.210825e-01 vf_precip_indicator=9.411186e-02 vf_precip_h=9.422314e-02 R_avg=6.477047e+00 xB_range=[0.0284, 0.0315] Meff_range=[2.8534e-02, 3.0476e+00] t_wall=2026-03-19 01:49:05
[3D] step=17000 t=1700.000000 t_real=1.895146e+03 s <x_B_tot>=1.210826e-01 vf_precip_indicator=9.411144e-02 vf_precip_h=9.422325e-02 R_avg=6.476930e+00 xB_range=[0.0284, 0.0315] Meff_range=[2.8534e-02, 3.0475e+00] t_wall=2026-03-19 01:49:18
[3D] step=17010 t=1701.000000 t_real=1.896261e+03 s <x_B_tot>=1.210826e-01 vf_precip_indicator=9.411091e-02 vf_precip_h=9.422337e-02 R_avg=6.476834e+00 xB_range=[0.0284, 0.0315] Meff_range=[2.8534e-02, 3.0475e+00] t_wall=2026-03-19 01:49:30
[3D] step=17020 t=1702.000000 t_real=1.897376e+03 s <x_B_tot>=1.210827e-01 vf_precip_indicator=9.411126e-02 vf_precip_h=9.422348e-02 R_avg=6.477154e+00 xB_range=[0.0284, 0.0315] Meff_range=[2.8534e-02, 3.0475e+00] t_wall=2026-03-19 01:49:43
[3D] step=17030 t=1703.000000 t_real=1.898491e+03 s <x_B_tot>=1.210828e-01 vf_precip_indicator=9.411180e-02 vf_precip_h=9.422360e-02 R_avg=6.477058e+00 xB_range=[0.0284, 0.0315] Meff_range=[2.8534e-02, 3.0475e+00] t_wall=2026-03-19 01:49:55
[3D] step=17040 t=1704.000000 t_real=1.899606e+03 s <x_B_tot>=1.210828e-01 vf_precip_indicator=9.411258e-02 vf_precip_h=9.422371e-02 R_avg=6.476550e+00 xB_range=[0.0284, 0.0315] Meff_range=[2.8534e-02, 3.0475e+00] t_wall=2026-03-19 01:50:08
[3D] step=17050 t=1705.000000 t_real=1.900720e+03 s <x_B_tot>=1.210829e-01 vf_precip_indicator=9.411269e-02 vf_precip_h=9.422383e-02 R_avg=6.477238e+00 xB_range=[0.0284, 0.0315] Meff_range=[2.8534e-02, 3.0475e+00] t_wall=2026-03-19 01:50:20
[3D] step=17060 t=1706.000000 t_real=1.901835e+03 s <x_B_tot>=1.210829e-01 vf_precip_indicator=9.411186e-02 vf_precip_h=9.422394e-02 R_avg=6.477667e+00 xB_range=[0.0284, 0.0315] Meff_range=[2.8534e-02, 3.0475e+00] t_wall=2026-03-19 01:50:33
[3D] step=17070 t=1707.000000 t_real=1.902950e+03 s <x_B_tot>=1.210830e-01 vf_precip_indicator=9.411210e-02 vf_precip_h=9.422406e-02 R_avg=6.477876e+00 xB_range=[0.0284, 0.0315] Meff_range=[2.8533e-02, 3.0475e+00] t_wall=2026-03-19 01:50:45
[3D] step=17080 t=1708.000000 t_real=1.904065e+03 s <x_B_tot>=1.210830e-01 vf_precip_indicator=9.411120e-02 vf_precip_h=9.422417e-02 R_avg=6.477977e+00 xB_range=[0.0284, 0.0315] Meff_range=[2.8533e-02, 3.0475e+00] t_wall=2026-03-19 01:50:58
[3D] step=17090 t=1709.000000 t_real=1.905180e+03 s <x_B_tot>=1.210831e-01 vf_precip_indicator=9.411067e-02 vf_precip_h=9.422429e-02 R_avg=6.478161e+00 xB_range=[0.0284, 0.0315] Meff_range=[2.8533e-02, 3.0475e+00] t_wall=2026-03-19 01:51:10
[3D] step=17100 t=1710.000000 t_real=1.906294e+03 s <x_B_tot>=1.210831e-01 vf_precip_indicator=9.411144e-02 vf_precip_h=9.422440e-02 R_avg=6.478525e+00 xB_range=[0.0284, 0.0315] Meff_range=[2.8533e-02, 3.0475e+00] t_wall=2026-03-19 01:51:22
[3D] step=17110 t=1711.000000 t_real=1.907409e+03 s <x_B_tot>=1.210832e-01 vf_precip_indicator=9.411204e-02 vf_precip_h=9.422452e-02 R_avg=6.478359e+00 xB_range=[0.0284, 0.0315] Meff_range=[2.8533e-02, 3.0475e+00] t_wall=2026-03-19 01:51:35
[3D] step=17120 t=1712.000000 t_real=1.908524e+03 s <x_B_tot>=1.210833e-01 vf_precip_indicator=9.411317e-02 vf_precip_h=9.422463e-02 R_avg=6.478658e+00 xB_range=[0.0284, 0.0315] Meff_range=[2.8533e-02, 3.0475e+00] t_wall=2026-03-19 01:51:47
[3D] step=17130 t=1713.000000 t_real=1.909639e+03 s <x_B_tot>=1.210833e-01 vf_precip_indicator=9.411353e-02 vf_precip_h=9.422475e-02 R_avg=6.478993e+00 xB_range=[0.0284, 0.0315] Meff_range=[2.8533e-02, 3.0474e+00] t_wall=2026-03-19 01:52:00
[3D] step=17140 t=1714.000000 t_real=1.910753e+03 s <x_B_tot>=1.210834e-01 vf_precip_indicator=9.411311e-02 vf_precip_h=9.422486e-02 R_avg=6.479215e+00 xB_range=[0.0284, 0.0315] Meff_range=[2.8533e-02, 3.0474e+00] t_wall=2026-03-19 01:52:12
[3D] step=17150 t=1715.000000 t_real=1.911868e+03 s <x_B_tot>=1.210834e-01 vf_precip_indicator=9.411341e-02 vf_precip_h=9.422498e-02 R_avg=6.479325e+00 xB_range=[0.0284, 0.0315] Meff_range=[2.8533e-02, 3.0474e+00] t_wall=2026-03-19 01:52:25
[3D] step=17160 t=1716.000000 t_real=1.912983e+03 s <x_B_tot>=1.210835e-01 vf_precip_indicator=9.411383e-02 vf_precip_h=9.422509e-02 R_avg=6.479737e+00 xB_range=[0.0284, 0.0315] Meff_range=[2.8533e-02, 3.0474e+00] t_wall=2026-03-19 01:52:37
[3D] step=17170 t=1717.000000 t_real=1.914098e+03 s <x_B_tot>=1.210835e-01 vf_precip_indicator=9.411246e-02 vf_precip_h=9.422521e-02 R_avg=6.480249e+00 xB_range=[0.0284, 0.0315] Meff_range=[2.8533e-02, 3.0474e+00] t_wall=2026-03-19 01:52:50
[3D] step=17180 t=1718.000000 t_real=1.915213e+03 s <x_B_tot>=1.210836e-01 vf_precip_indicator=9.411281e-02 vf_precip_h=9.422532e-02 R_avg=6.480835e+00 xB_range=[0.0284, 0.0315] Meff_range=[2.8532e-02, 3.0474e+00] t_wall=2026-03-19 01:53:02
[3D] step=17190 t=1719.000000 t_real=1.916327e+03 s <x_B_tot>=1.210836e-01 vf_precip_indicator=9.411329e-02 vf_precip_h=9.422544e-02 R_avg=6.480868e+00 xB_range=[0.0284, 0.0315] Meff_range=[2.8532e-02, 3.0474e+00] t_wall=2026-03-19 01:53:15
[3D] step=17200 t=1720.000000 t_real=1.917442e+03 s <x_B_tot>=1.210837e-01 vf_precip_indicator=9.411305e-02 vf_precip_h=9.422555e-02 R_avg=6.480452e+00 xB_range=[0.0284, 0.0315] Meff_range=[2.8532e-02, 3.0474e+00] t_wall=2026-03-19 01:53:27
[3D] step=17210 t=1721.000000 t_real=1.918557e+03 s <x_B_tot>=1.210838e-01 vf_precip_indicator=9.411258e-02 vf_precip_h=9.422567e-02 R_avg=6.480774e+00 xB_range=[0.0284, 0.0315] Meff_range=[2.8532e-02, 3.0474e+00] t_wall=2026-03-19 01:53:39
[3D] step=17220 t=1722.000000 t_real=1.919672e+03 s <x_B_tot>=1.210838e-01 vf_precip_indicator=9.411430e-02 vf_precip_h=9.422578e-02 R_avg=6.481322e+00 xB_range=[0.0284, 0.0315] Meff_range=[2.8532e-02, 3.0474e+00] t_wall=2026-03-19 01:53:52
[3D] step=17230 t=1723.000000 t_real=1.920787e+03 s <x_B_tot>=1.210839e-01 vf_precip_indicator=9.411591e-02 vf_precip_h=9.422590e-02 R_avg=6.481329e+00 xB_range=[0.0284, 0.0315] Meff_range=[2.8532e-02, 3.0474e+00] t_wall=2026-03-19 01:54:04
[3D] step=17240 t=1724.000000 t_real=1.921901e+03 s <x_B_tot>=1.210839e-01 vf_precip_indicator=9.411585e-02 vf_precip_h=9.422601e-02 R_avg=6.481754e+00 xB_range=[0.0284, 0.0315] Meff_range=[2.8532e-02, 3.0474e+00] t_wall=2026-03-19 01:54:17
[3D] step=17250 t=1725.000000 t_real=1.923016e+03 s <x_B_tot>=1.210840e-01 vf_precip_indicator=9.411633e-02 vf_precip_h=9.422613e-02 R_avg=6.481727e+00 xB_range=[0.0284, 0.0315] Meff_range=[2.8532e-02, 3.0474e+00] t_wall=2026-03-19 01:54:29
[3D] step=17260 t=1726.000000 t_real=1.924131e+03 s <x_B_tot>=1.210840e-01 vf_precip_indicator=9.411627e-02 vf_precip_h=9.422624e-02 R_avg=6.481812e+00 xB_range=[0.0284, 0.0315] Meff_range=[2.8532e-02, 3.0473e+00] t_wall=2026-03-19 01:54:42
[3D] step=17270 t=1727.000000 t_real=1.925246e+03 s <x_B_tot>=1.210841e-01 vf_precip_indicator=9.411651e-02 vf_precip_h=9.422636e-02 R_avg=6.481607e+00 xB_range=[0.0284, 0.0315] Meff_range=[2.8532e-02, 3.0473e+00] t_wall=2026-03-19 01:54:54
[3D] step=17280 t=1728.000000 t_real=1.926361e+03 s <x_B_tot>=1.210842e-01 vf_precip_indicator=9.411508e-02 vf_precip_h=9.422647e-02 R_avg=6.481331e+00 xB_range=[0.0284, 0.0315] Meff_range=[2.8532e-02, 3.0473e+00] t_wall=2026-03-19 01:55:07
[3D] step=17290 t=1729.000000 t_real=1.927475e+03 s <x_B_tot>=1.210842e-01 vf_precip_indicator=9.411424e-02 vf_precip_h=9.422659e-02 R_avg=6.480786e+00 xB_range=[0.0284, 0.0315] Meff_range=[2.8532e-02, 3.0473e+00] t_wall=2026-03-19 01:55:19
[3D] step=17300 t=1730.000000 t_real=1.928590e+03 s <x_B_tot>=1.210843e-01 vf_precip_indicator=9.411383e-02 vf_precip_h=9.422671e-02 R_avg=6.481052e+00 xB_range=[0.0284, 0.0315] Meff_range=[2.8531e-02, 3.0473e+00] t_wall=2026-03-19 01:55:32
[3D] step=17310 t=1731.000000 t_real=1.929705e+03 s <x_B_tot>=1.210843e-01 vf_precip_indicator=9.411436e-02 vf_precip_h=9.422682e-02 R_avg=6.480218e+00 xB_range=[0.0284, 0.0315] Meff_range=[2.8531e-02, 3.0473e+00] t_wall=2026-03-19 01:55:44
[3D] step=17320 t=1732.000000 t_real=1.930820e+03 s <x_B_tot>=1.210844e-01 vf_precip_indicator=9.411329e-02 vf_precip_h=9.422694e-02 R_avg=6.479952e+00 xB_range=[0.0284, 0.0315] Meff_range=[2.8531e-02, 3.0473e+00] t_wall=2026-03-19 01:55:56
[3D] step=17330 t=1733.000000 t_real=1.931935e+03 s <x_B_tot>=1.210844e-01 vf_precip_indicator=9.411407e-02 vf_precip_h=9.422705e-02 R_avg=6.480079e+00 xB_range=[0.0284, 0.0315] Meff_range=[2.8531e-02, 3.0473e+00] t_wall=2026-03-19 01:56:09
[3D] step=17340 t=1734.000000 t_real=1.933049e+03 s <x_B_tot>=1.210845e-01 vf_precip_indicator=9.411466e-02 vf_precip_h=9.422717e-02 R_avg=6.480859e+00 xB_range=[0.0284, 0.0315] Meff_range=[2.8531e-02, 3.0473e+00] t_wall=2026-03-19 01:56:21
[3D] step=17350 t=1735.000000 t_real=1.934164e+03 s <x_B_tot>=1.210845e-01 vf_precip_indicator=9.411514e-02 vf_precip_h=9.422728e-02 R_avg=6.481010e+00 xB_range=[0.0284, 0.0315] Meff_range=[2.8531e-02, 3.0473e+00] t_wall=2026-03-19 01:56:34
[3D] step=17360 t=1736.000000 t_real=1.935279e+03 s <x_B_tot>=1.210846e-01 vf_precip_indicator=9.411520e-02 vf_precip_h=9.422740e-02 R_avg=6.480940e+00 xB_range=[0.0284, 0.0315] Meff_range=[2.8531e-02, 3.0473e+00] t_wall=2026-03-19 01:56:46
[3D] step=17370 t=1737.000000 t_real=1.936394e+03 s <x_B_tot>=1.210847e-01 vf_precip_indicator=9.411514e-02 vf_precip_h=9.422751e-02 R_avg=6.480906e+00 xB_range=[0.0284, 0.0315] Meff_range=[2.8531e-02, 3.0473e+00] t_wall=2026-03-19 01:56:59
[3D] step=17380 t=1738.000000 t_real=1.937508e+03 s <x_B_tot>=1.210847e-01 vf_precip_indicator=9.411466e-02 vf_precip_h=9.422763e-02 R_avg=6.481405e+00 xB_range=[0.0284, 0.0315] Meff_range=[2.8531e-02, 3.0473e+00] t_wall=2026-03-19 01:57:11
[3D] step=17390 t=1739.000000 t_real=1.938623e+03 s <x_B_tot>=1.210848e-01 vf_precip_indicator=9.411514e-02 vf_precip_h=9.422774e-02 R_avg=6.481335e+00 xB_range=[0.0284, 0.0315] Meff_range=[2.8531e-02, 3.0472e+00] t_wall=2026-03-19 01:57:24
[3D] step=17400 t=1740.000000 t_real=1.939738e+03 s <x_B_tot>=1.210848e-01 vf_precip_indicator=9.411466e-02 vf_precip_h=9.422786e-02 R_avg=6.481583e+00 xB_range=[0.0284, 0.0315] Meff_range=[2.8531e-02, 3.0472e+00] t_wall=2026-03-19 01:57:36
[3D] step=17410 t=1741.000000 t_real=1.940853e+03 s <x_B_tot>=1.210849e-01 vf_precip_indicator=9.411478e-02 vf_precip_h=9.422797e-02 R_avg=6.481990e+00 xB_range=[0.0284, 0.0315] Meff_range=[2.8530e-02, 3.0472e+00] t_wall=2026-03-19 01:57:49
[3D] step=17420 t=1742.000000 t_real=1.941968e+03 s <x_B_tot>=1.210849e-01 vf_precip_indicator=9.411615e-02 vf_precip_h=9.422809e-02 R_avg=6.481981e+00 xB_range=[0.0284, 0.0315] Meff_range=[2.8530e-02, 3.0472e+00] t_wall=2026-03-19 01:58:01
[3D] step=17430 t=1743.000000 t_real=1.943082e+03 s <x_B_tot>=1.210850e-01 vf_precip_indicator=9.411639e-02 vf_precip_h=9.422820e-02 R_avg=6.482101e+00 xB_range=[0.0284, 0.0315] Meff_range=[2.8530e-02, 3.0472e+00] t_wall=2026-03-19 01:58:13
[3D] step=17440 t=1744.000000 t_real=1.944197e+03 s <x_B_tot>=1.210850e-01 vf_precip_indicator=9.411490e-02 vf_precip_h=9.422832e-02 R_avg=6.482072e+00 xB_range=[0.0284, 0.0315] Meff_range=[2.8530e-02, 3.0472e+00] t_wall=2026-03-19 01:58:26
[3D] step=17450 t=1745.000000 t_real=1.945312e+03 s <x_B_tot>=1.210851e-01 vf_precip_indicator=9.411460e-02 vf_precip_h=9.422844e-02 R_avg=6.482436e+00 xB_range=[0.0284, 0.0315] Meff_range=[2.8530e-02, 3.0472e+00] t_wall=2026-03-19 01:58:38
[3D] step=17460 t=1746.000000 t_real=1.946427e+03 s <x_B_tot>=1.210852e-01 vf_precip_indicator=9.411591e-02 vf_precip_h=9.422855e-02 R_avg=6.482497e+00 xB_range=[0.0284, 0.0315] Meff_range=[2.8530e-02, 3.0472e+00] t_wall=2026-03-19 01:58:51
[3D] step=17470 t=1747.000000 t_real=1.947542e+03 s <x_B_tot>=1.210852e-01 vf_precip_indicator=9.411633e-02 vf_precip_h=9.422867e-02 R_avg=6.482467e+00 xB_range=[0.0284, 0.0315] Meff_range=[2.8530e-02, 3.0472e+00] t_wall=2026-03-19 01:59:03
[3D] step=17480 t=1748.000000 t_real=1.948656e+03 s <x_B_tot>=1.210853e-01 vf_precip_indicator=9.411544e-02 vf_precip_h=9.422878e-02 R_avg=6.482287e+00 xB_range=[0.0284, 0.0315] Meff_range=[2.8530e-02, 3.0472e+00] t_wall=2026-03-19 01:59:16
[3D] step=17490 t=1749.000000 t_real=1.949771e+03 s <x_B_tot>=1.210853e-01 vf_precip_indicator=9.411347e-02 vf_precip_h=9.422890e-02 R_avg=6.482269e+00 xB_range=[0.0284, 0.0315] Meff_range=[2.8530e-02, 3.0472e+00] t_wall=2026-03-19 01:59:28
[3D] step=17500 t=1750.000000 t_real=1.950886e+03 s <x_B_tot>=1.210854e-01 vf_precip_indicator=9.411341e-02 vf_precip_h=9.422901e-02 R_avg=6.482221e+00 xB_range=[0.0284, 0.0315] Meff_range=[2.8530e-02, 3.0472e+00] t_wall=2026-03-19 01:59:41
[3D] step=17510 t=1751.000000 t_real=1.952001e+03 s <x_B_tot>=1.210854e-01 vf_precip_indicator=9.411353e-02 vf_precip_h=9.422913e-02 R_avg=6.482052e+00 xB_range=[0.0284, 0.0315] Meff_range=[2.8530e-02, 3.0471e+00] t_wall=2026-03-19 01:59:53
[3D] step=17520 t=1752.000000 t_real=1.953116e+03 s <x_B_tot>=1.210855e-01 vf_precip_indicator=9.411538e-02 vf_precip_h=9.422924e-02 R_avg=6.482283e+00 xB_range=[0.0284, 0.0315] Meff_range=[2.8530e-02, 3.0471e+00] t_wall=2026-03-19 02:00:06
[3D] step=17530 t=1753.000000 t_real=1.954230e+03 s <x_B_tot>=1.210856e-01 vf_precip_indicator=9.411484e-02 vf_precip_h=9.422936e-02 R_avg=6.482955e+00 xB_range=[0.0284, 0.0315] Meff_range=[2.8529e-02, 3.0471e+00] t_wall=2026-03-19 02:00:18
[3D] step=17540 t=1754.000000 t_real=1.955345e+03 s <x_B_tot>=1.210856e-01 vf_precip_indicator=9.411705e-02 vf_precip_h=9.422948e-02 R_avg=6.483669e+00 xB_range=[0.0284, 0.0315] Meff_range=[2.8529e-02, 3.0471e+00] t_wall=2026-03-19 02:00:30
[3D] step=17550 t=1755.000000 t_real=1.956460e+03 s <x_B_tot>=1.210857e-01 vf_precip_indicator=9.411711e-02 vf_precip_h=9.422959e-02 R_avg=6.483037e+00 xB_range=[0.0284, 0.0315] Meff_range=[2.8529e-02, 3.0471e+00] t_wall=2026-03-19 02:00:43
[3D] step=17560 t=1756.000000 t_real=1.957575e+03 s <x_B_tot>=1.210857e-01 vf_precip_indicator=9.411871e-02 vf_precip_h=9.422971e-02 R_avg=6.483355e+00 xB_range=[0.0284, 0.0315] Meff_range=[2.8529e-02, 3.0471e+00] t_wall=2026-03-19 02:00:55
[3D] step=17570 t=1757.000000 t_real=1.958690e+03 s <x_B_tot>=1.210858e-01 vf_precip_indicator=9.411728e-02 vf_precip_h=9.422982e-02 R_avg=6.483316e+00 xB_range=[0.0284, 0.0315] Meff_range=[2.8529e-02, 3.0471e+00] t_wall=2026-03-19 02:01:08
[3D] step=17580 t=1758.000000 t_real=1.959804e+03 s <x_B_tot>=1.210858e-01 vf_precip_indicator=9.411746e-02 vf_precip_h=9.422994e-02 R_avg=6.483979e+00 xB_range=[0.0284, 0.0315] Meff_range=[2.8529e-02, 3.0471e+00] t_wall=2026-03-19 02:01:20
[3D] step=17590 t=1759.000000 t_real=1.960919e+03 s <x_B_tot>=1.210859e-01 vf_precip_indicator=9.411687e-02 vf_precip_h=9.423005e-02 R_avg=6.484367e+00 xB_range=[0.0284, 0.0315] Meff_range=[2.8529e-02, 3.0471e+00] t_wall=2026-03-19 02:01:33
[3D] step=17600 t=1760.000000 t_real=1.962034e+03 s <x_B_tot>=1.210859e-01 vf_precip_indicator=9.411579e-02 vf_precip_h=9.423017e-02 R_avg=6.484515e+00 xB_range=[0.0284, 0.0315] Meff_range=[2.8529e-02, 3.0471e+00] t_wall=2026-03-19 02:01:45
[3D] step=17610 t=1761.000000 t_real=1.963149e+03 s <x_B_tot>=1.210860e-01 vf_precip_indicator=9.411597e-02 vf_precip_h=9.423028e-02 R_avg=6.484320e+00 xB_range=[0.0284, 0.0315] Meff_range=[2.8529e-02, 3.0471e+00] t_wall=2026-03-19 02:01:58
[3D] step=17620 t=1762.000000 t_real=1.964264e+03 s <x_B_tot>=1.210861e-01 vf_precip_indicator=9.411609e-02 vf_precip_h=9.423040e-02 R_avg=6.484476e+00 xB_range=[0.0284, 0.0315] Meff_range=[2.8529e-02, 3.0471e+00] t_wall=2026-03-19 02:02:10
[3D] step=17630 t=1763.000000 t_real=1.965378e+03 s <x_B_tot>=1.210861e-01 vf_precip_indicator=9.411627e-02 vf_precip_h=9.423052e-02 R_avg=6.483867e+00 xB_range=[0.0284, 0.0315] Meff_range=[2.8529e-02, 3.0471e+00] t_wall=2026-03-19 02:02:22
[3D] step=17640 t=1764.000000 t_real=1.966493e+03 s <x_B_tot>=1.210862e-01 vf_precip_indicator=9.411770e-02 vf_precip_h=9.423063e-02 R_avg=6.483788e+00 xB_range=[0.0284, 0.0314] Meff_range=[2.8528e-02, 3.0470e+00] t_wall=2026-03-19 02:02:35
[3D] step=17650 t=1765.000000 t_real=1.967608e+03 s <x_B_tot>=1.210862e-01 vf_precip_indicator=9.411699e-02 vf_precip_h=9.423075e-02 R_avg=6.483724e+00 xB_range=[0.0284, 0.0314] Meff_range=[2.8528e-02, 3.0470e+00] t_wall=2026-03-19 02:02:47
[3D] step=17660 t=1766.000000 t_real=1.968723e+03 s <x_B_tot>=1.210863e-01 vf_precip_indicator=9.411663e-02 vf_precip_h=9.423086e-02 R_avg=6.483981e+00 xB_range=[0.0284, 0.0314] Meff_range=[2.8528e-02, 3.0470e+00] t_wall=2026-03-19 02:03:00
[3D] step=17670 t=1767.000000 t_real=1.969837e+03 s <x_B_tot>=1.210863e-01 vf_precip_indicator=9.411722e-02 vf_precip_h=9.423098e-02 R_avg=6.483889e+00 xB_range=[0.0284, 0.0314] Meff_range=[2.8528e-02, 3.0470e+00] t_wall=2026-03-19 02:03:12
[3D] step=17680 t=1768.000000 t_real=1.970952e+03 s <x_B_tot>=1.210864e-01 vf_precip_indicator=9.411943e-02 vf_precip_h=9.423109e-02 R_avg=6.483907e+00 xB_range=[0.0284, 0.0314] Meff_range=[2.8528e-02, 3.0470e+00] t_wall=2026-03-19 02:03:25
[3D] step=17690 t=1769.000000 t_real=1.972067e+03 s <x_B_tot>=1.210864e-01 vf_precip_indicator=9.412020e-02 vf_precip_h=9.423121e-02 R_avg=6.483606e+00 xB_range=[0.0284, 0.0314] Meff_range=[2.8528e-02, 3.0470e+00] t_wall=2026-03-19 02:03:37
[3D] step=17700 t=1770.000000 t_real=1.973182e+03 s <x_B_tot>=1.210865e-01 vf_precip_indicator=9.412062e-02 vf_precip_h=9.423133e-02 R_avg=6.483324e+00 xB_range=[0.0284, 0.0314] Meff_range=[2.8528e-02, 3.0470e+00] t_wall=2026-03-19 02:03:50
[3D] step=17710 t=1771.000000 t_real=1.974297e+03 s <x_B_tot>=1.210866e-01 vf_precip_indicator=9.412020e-02 vf_precip_h=9.423144e-02 R_avg=6.483532e+00 xB_range=[0.0284, 0.0314] Meff_range=[2.8528e-02, 3.0470e+00] t_wall=2026-03-19 02:04:02
[3D] step=17720 t=1772.000000 t_real=1.975411e+03 s <x_B_tot>=1.210866e-01 vf_precip_indicator=9.412032e-02 vf_precip_h=9.423156e-02 R_avg=6.483688e+00 xB_range=[0.0284, 0.0314] Meff_range=[2.8528e-02, 3.0470e+00] t_wall=2026-03-19 02:04:15
[3D] step=17730 t=1773.000000 t_real=1.976526e+03 s <x_B_tot>=1.210867e-01 vf_precip_indicator=9.412080e-02 vf_precip_h=9.423167e-02 R_avg=6.483307e+00 xB_range=[0.0284, 0.0314] Meff_range=[2.8528e-02, 3.0470e+00] t_wall=2026-03-19 02:04:27
[3D] step=17740 t=1774.000000 t_real=1.977641e+03 s <x_B_tot>=1.210867e-01 vf_precip_indicator=9.412152e-02 vf_precip_h=9.423179e-02 R_avg=6.483874e+00 xB_range=[0.0284, 0.0314] Meff_range=[2.8528e-02, 3.0470e+00] t_wall=2026-03-19 02:04:39
[3D] step=17750 t=1775.000000 t_real=1.978756e+03 s <x_B_tot>=1.210868e-01 vf_precip_indicator=9.412169e-02 vf_precip_h=9.423190e-02 R_avg=6.484004e+00 xB_range=[0.0284, 0.0314] Meff_range=[2.8527e-02, 3.0470e+00] t_wall=2026-03-19 02:04:52
[3D] step=17760 t=1776.000000 t_real=1.979871e+03 s <x_B_tot>=1.210868e-01 vf_precip_indicator=9.412181e-02 vf_precip_h=9.423202e-02 R_avg=6.483539e+00 xB_range=[0.0284, 0.0314] Meff_range=[2.8527e-02, 3.0469e+00] t_wall=2026-03-19 02:05:04
[3D] step=17770 t=1777.000000 t_real=1.980985e+03 s <x_B_tot>=1.210869e-01 vf_precip_indicator=9.412175e-02 vf_precip_h=9.423214e-02 R_avg=6.483358e+00 xB_range=[0.0284, 0.0314] Meff_range=[2.8527e-02, 3.0469e+00] t_wall=2026-03-19 02:05:17
[3D] step=17780 t=1778.000000 t_real=1.982100e+03 s <x_B_tot>=1.210870e-01 vf_precip_indicator=9.412169e-02 vf_precip_h=9.423225e-02 R_avg=6.482969e+00 xB_range=[0.0284, 0.0314] Meff_range=[2.8527e-02, 3.0469e+00] t_wall=2026-03-19 02:05:29
[3D] step=17790 t=1779.000000 t_real=1.983215e+03 s <x_B_tot>=1.210870e-01 vf_precip_indicator=9.412152e-02 vf_precip_h=9.423237e-02 R_avg=6.483341e+00 xB_range=[0.0284, 0.0314] Meff_range=[2.8527e-02, 3.0469e+00] t_wall=2026-03-19 02:05:42
[3D] step=17800 t=1780.000000 t_real=1.984330e+03 s <x_B_tot>=1.210871e-01 vf_precip_indicator=9.412289e-02 vf_precip_h=9.423248e-02 R_avg=6.483243e+00 xB_range=[0.0284, 0.0314] Meff_range=[2.8527e-02, 3.0469e+00] t_wall=2026-03-19 02:05:54
[3D] step=17810 t=1781.000000 t_real=1.985445e+03 s <x_B_tot>=1.210871e-01 vf_precip_indicator=9.412193e-02 vf_precip_h=9.423260e-02 R_avg=6.483089e+00 xB_range=[0.0284, 0.0314] Meff_range=[2.8527e-02, 3.0469e+00] t_wall=2026-03-19 02:06:07
[3D] step=17820 t=1782.000000 t_real=1.986559e+03 s <x_B_tot>=1.210872e-01 vf_precip_indicator=9.412050e-02 vf_precip_h=9.423271e-02 R_avg=6.482710e+00 xB_range=[0.0284, 0.0314] Meff_range=[2.8527e-02, 3.0469e+00] t_wall=2026-03-19 02:06:19
[3D] step=17830 t=1783.000000 t_real=1.987674e+03 s <x_B_tot>=1.210872e-01 vf_precip_indicator=9.411913e-02 vf_precip_h=9.423283e-02 R_avg=6.482201e+00 xB_range=[0.0284, 0.0314] Meff_range=[2.8527e-02, 3.0469e+00] t_wall=2026-03-19 02:06:32
[3D] step=17840 t=1784.000000 t_real=1.988789e+03 s <x_B_tot>=1.210873e-01 vf_precip_indicator=9.411961e-02 vf_precip_h=9.423295e-02 R_avg=6.482574e+00 xB_range=[0.0284, 0.0314] Meff_range=[2.8527e-02, 3.0469e+00] t_wall=2026-03-19 02:06:44
[3D] step=17850 t=1785.000000 t_real=1.989904e+03 s <x_B_tot>=1.210873e-01 vf_precip_indicator=9.412158e-02 vf_precip_h=9.423306e-02 R_avg=6.483301e+00 xB_range=[0.0284, 0.0314] Meff_range=[2.8527e-02, 3.0469e+00] t_wall=2026-03-19 02:06:56
[3D] step=17860 t=1786.000000 t_real=1.991019e+03 s <x_B_tot>=1.210874e-01 vf_precip_indicator=9.412187e-02 vf_precip_h=9.423318e-02 R_avg=6.483262e+00 xB_range=[0.0284, 0.0314] Meff_range=[2.8527e-02, 3.0469e+00] t_wall=2026-03-19 02:07:09
[3D] step=17870 t=1787.000000 t_real=1.992133e+03 s <x_B_tot>=1.210875e-01 vf_precip_indicator=9.412110e-02 vf_precip_h=9.423329e-02 R_avg=6.483446e+00 xB_range=[0.0284, 0.0314] Meff_range=[2.8526e-02, 3.0469e+00] t_wall=2026-03-19 02:07:21
[3D] step=17880 t=1788.000000 t_real=1.993248e+03 s <x_B_tot>=1.210875e-01 vf_precip_indicator=9.412122e-02 vf_precip_h=9.423341e-02 R_avg=6.483454e+00 xB_range=[0.0284, 0.0314] Meff_range=[2.8526e-02, 3.0469e+00] t_wall=2026-03-19 02:07:34
[3D] step=17890 t=1789.000000 t_real=1.994363e+03 s <x_B_tot>=1.210876e-01 vf_precip_indicator=9.412283e-02 vf_precip_h=9.423353e-02 R_avg=6.483550e+00 xB_range=[0.0284, 0.0314] Meff_range=[2.8526e-02, 3.0468e+00] t_wall=2026-03-19 02:07:46
[3D] step=17900 t=1790.000000 t_real=1.995478e+03 s <x_B_tot>=1.210876e-01 vf_precip_indicator=9.412283e-02 vf_precip_h=9.423364e-02 R_avg=6.483772e+00 xB_range=[0.0284, 0.0314] Meff_range=[2.8526e-02, 3.0468e+00] t_wall=2026-03-19 02:07:59
[3D] step=17910 t=1791.000000 t_real=1.996592e+03 s <x_B_tot>=1.210877e-01 vf_precip_indicator=9.412378e-02 vf_precip_h=9.423376e-02 R_avg=6.484148e+00 xB_range=[0.0284, 0.0314] Meff_range=[2.8526e-02, 3.0468e+00] t_wall=2026-03-19 02:08:11
[3D] step=17920 t=1792.000000 t_real=1.997707e+03 s <x_B_tot>=1.210877e-01 vf_precip_indicator=9.412289e-02 vf_precip_h=9.423387e-02 R_avg=6.483835e+00 xB_range=[0.0284, 0.0314] Meff_range=[2.8526e-02, 3.0468e+00] t_wall=2026-03-19 02:08:24
[3D] step=17930 t=1793.000000 t_real=1.998822e+03 s <x_B_tot>=1.210878e-01 vf_precip_indicator=9.412366e-02 vf_precip_h=9.423399e-02 R_avg=6.483726e+00 xB_range=[0.0284, 0.0314] Meff_range=[2.8526e-02, 3.0468e+00] t_wall=2026-03-19 02:08:36
[3D] step=17940 t=1794.000000 t_real=1.999937e+03 s <x_B_tot>=1.210879e-01 vf_precip_indicator=9.412223e-02 vf_precip_h=9.423411e-02 R_avg=6.483183e+00 xB_range=[0.0284, 0.0314] Meff_range=[2.8526e-02, 3.0468e+00] t_wall=2026-03-19 02:08:48
[3D] step=17950 t=1795.000000 t_real=2.001052e+03 s <x_B_tot>=1.210879e-01 vf_precip_indicator=9.412271e-02 vf_precip_h=9.423422e-02 R_avg=6.483468e+00 xB_range=[0.0284, 0.0314] Meff_range=[2.8526e-02, 3.0468e+00] t_wall=2026-03-19 02:09:01
[3D] step=17960 t=1796.000000 t_real=2.002166e+03 s <x_B_tot>=1.210880e-01 vf_precip_indicator=9.412128e-02 vf_precip_h=9.423434e-02 R_avg=6.483103e+00 xB_range=[0.0284, 0.0314] Meff_range=[2.8526e-02, 3.0468e+00] t_wall=2026-03-19 02:09:13
[3D] step=17970 t=1797.000000 t_real=2.003281e+03 s <x_B_tot>=1.210880e-01 vf_precip_indicator=9.412074e-02 vf_precip_h=9.423445e-02 R_avg=6.482859e+00 xB_range=[0.0284, 0.0314] Meff_range=[2.8526e-02, 3.0468e+00] t_wall=2026-03-19 02:09:26
[3D] step=17980 t=1798.000000 t_real=2.004396e+03 s <x_B_tot>=1.210881e-01 vf_precip_indicator=9.412038e-02 vf_precip_h=9.423457e-02 R_avg=6.482450e+00 xB_range=[0.0284, 0.0314] Meff_range=[2.8525e-02, 3.0468e+00] t_wall=2026-03-19 02:09:38
[3D] step=17990 t=1799.000000 t_real=2.005511e+03 s <x_B_tot>=1.210881e-01 vf_precip_indicator=9.412181e-02 vf_precip_h=9.423469e-02 R_avg=6.482682e+00 xB_range=[0.0284, 0.0314] Meff_range=[2.8525e-02, 3.0468e+00] t_wall=2026-03-19 02:09:51
[3D] step=18000 t=1800.000000 t_real=2.006626e+03 s <x_B_tot>=1.210882e-01 vf_precip_indicator=9.412080e-02 vf_precip_h=9.423480e-02 R_avg=6.482449e+00 xB_range=[0.0284, 0.0314] Meff_range=[2.8525e-02, 3.0468e+00] t_wall=2026-03-19 02:10:03
[3D] step=18010 t=1801.000000 t_real=2.007740e+03 s <x_B_tot>=1.210882e-01 vf_precip_indicator=9.412098e-02 vf_precip_h=9.423492e-02 R_avg=6.482580e+00 xB_range=[0.0284, 0.0314] Meff_range=[2.8525e-02, 3.0467e+00] t_wall=2026-03-19 02:10:16
[3D] step=18020 t=1802.000000 t_real=2.008855e+03 s <x_B_tot>=1.210883e-01 vf_precip_indicator=9.412014e-02 vf_precip_h=9.423503e-02 R_avg=6.482138e+00 xB_range=[0.0284, 0.0314] Meff_range=[2.8525e-02, 3.0467e+00] t_wall=2026-03-19 02:10:28
[3D] step=18030 t=1803.000000 t_real=2.009970e+03 s <x_B_tot>=1.210884e-01 vf_precip_indicator=9.412032e-02 vf_precip_h=9.423515e-02 R_avg=6.482771e+00 xB_range=[0.0284, 0.0314] Meff_range=[2.8525e-02, 3.0467e+00] t_wall=2026-03-19 02:10:41
[3D] step=18040 t=1804.000000 t_real=2.011085e+03 s <x_B_tot>=1.210884e-01 vf_precip_indicator=9.412175e-02 vf_precip_h=9.423527e-02 R_avg=6.482337e+00 xB_range=[0.0284, 0.0314] Meff_range=[2.8525e-02, 3.0467e+00] t_wall=2026-03-19 02:10:53
[3D] step=18050 t=1805.000000 t_real=2.012200e+03 s <x_B_tot>=1.210885e-01 vf_precip_indicator=9.412289e-02 vf_precip_h=9.423538e-02 R_avg=6.482208e+00 xB_range=[0.0284, 0.0314] Meff_range=[2.8525e-02, 3.0467e+00] t_wall=2026-03-19 02:11:05
[3D] step=18060 t=1806.000000 t_real=2.013314e+03 s <x_B_tot>=1.210885e-01 vf_precip_indicator=9.412295e-02 vf_precip_h=9.423550e-02 R_avg=6.481946e+00 xB_range=[0.0284, 0.0314] Meff_range=[2.8525e-02, 3.0467e+00] t_wall=2026-03-19 02:11:18
[3D] step=18070 t=1807.000000 t_real=2.014429e+03 s <x_B_tot>=1.210886e-01 vf_precip_indicator=9.412414e-02 vf_precip_h=9.423561e-02 R_avg=6.482058e+00 xB_range=[0.0284, 0.0314] Meff_range=[2.8525e-02, 3.0467e+00] t_wall=2026-03-19 02:11:30
[3D] step=18080 t=1808.000000 t_real=2.015544e+03 s <x_B_tot>=1.210886e-01 vf_precip_indicator=9.412503e-02 vf_precip_h=9.423573e-02 R_avg=6.482164e+00 xB_range=[0.0283, 0.0314] Meff_range=[2.8525e-02, 3.0467e+00] t_wall=2026-03-19 02:11:43
[3D] step=18090 t=1809.000000 t_real=2.016659e+03 s <x_B_tot>=1.210887e-01 vf_precip_indicator=9.412330e-02 vf_precip_h=9.423585e-02 R_avg=6.481897e+00 xB_range=[0.0283, 0.0314] Meff_range=[2.8525e-02, 3.0467e+00] t_wall=2026-03-19 02:11:55
[3D] step=18100 t=1810.000000 t_real=2.017774e+03 s <x_B_tot>=1.210888e-01 vf_precip_indicator=9.412253e-02 vf_precip_h=9.423596e-02 R_avg=6.482539e+00 xB_range=[0.0283, 0.0314] Meff_range=[2.8524e-02, 3.0467e+00] t_wall=2026-03-19 02:12:08
[3D] step=18110 t=1811.000000 t_real=2.018888e+03 s <x_B_tot>=1.210888e-01 vf_precip_indicator=9.412348e-02 vf_precip_h=9.423608e-02 R_avg=6.482811e+00 xB_range=[0.0283, 0.0314] Meff_range=[2.8524e-02, 3.0467e+00] t_wall=2026-03-19 02:12:20
[3D] step=18120 t=1812.000000 t_real=2.020003e+03 s <x_B_tot>=1.210889e-01 vf_precip_indicator=9.412390e-02 vf_precip_h=9.423620e-02 R_avg=6.483091e+00 xB_range=[0.0283, 0.0314] Meff_range=[2.8524e-02, 3.0467e+00] t_wall=2026-03-19 02:12:33
[3D] step=18130 t=1813.000000 t_real=2.021118e+03 s <x_B_tot>=1.210889e-01 vf_precip_indicator=9.412479e-02 vf_precip_h=9.423631e-02 R_avg=6.483286e+00 xB_range=[0.0283, 0.0314] Meff_range=[2.8524e-02, 3.0466e+00] t_wall=2026-03-19 02:12:45
[3D] step=18140 t=1814.000000 t_real=2.022233e+03 s <x_B_tot>=1.210890e-01 vf_precip_indicator=9.412384e-02 vf_precip_h=9.423643e-02 R_avg=6.482851e+00 xB_range=[0.0283, 0.0314] Meff_range=[2.8524e-02, 3.0466e+00] t_wall=2026-03-19 02:12:58
[3D] step=18150 t=1815.000000 t_real=2.023347e+03 s <x_B_tot>=1.210890e-01 vf_precip_indicator=9.412181e-02 vf_precip_h=9.423654e-02 R_avg=6.482593e+00 xB_range=[0.0283, 0.0314] Meff_range=[2.8524e-02, 3.0466e+00] t_wall=2026-03-19 02:13:10
[3D] step=18160 t=1816.000000 t_real=2.024462e+03 s <x_B_tot>=1.210891e-01 vf_precip_indicator=9.412175e-02 vf_precip_h=9.423666e-02 R_avg=6.482234e+00 xB_range=[0.0283, 0.0314] Meff_range=[2.8524e-02, 3.0466e+00] t_wall=2026-03-19 02:13:22
[3D] step=18170 t=1817.000000 t_real=2.025577e+03 s <x_B_tot>=1.210891e-01 vf_precip_indicator=9.411973e-02 vf_precip_h=9.423678e-02 R_avg=6.482582e+00 xB_range=[0.0283, 0.0314] Meff_range=[2.8524e-02, 3.0466e+00] t_wall=2026-03-19 02:13:35
[3D] step=18180 t=1818.000000 t_real=2.026692e+03 s <x_B_tot>=1.210892e-01 vf_precip_indicator=9.411854e-02 vf_precip_h=9.423689e-02 R_avg=6.483358e+00 xB_range=[0.0283, 0.0314] Meff_range=[2.8524e-02, 3.0466e+00] t_wall=2026-03-19 02:13:47
[3D] step=18190 t=1819.000000 t_real=2.027807e+03 s <x_B_tot>=1.210893e-01 vf_precip_indicator=9.411854e-02 vf_precip_h=9.423701e-02 R_avg=6.483580e+00 xB_range=[0.0283, 0.0314] Meff_range=[2.8524e-02, 3.0466e+00] t_wall=2026-03-19 02:14:00
[3D] step=18200 t=1820.000000 t_real=2.028921e+03 s <x_B_tot>=1.210893e-01 vf_precip_indicator=9.411687e-02 vf_precip_h=9.423713e-02 R_avg=6.483450e+00 xB_range=[0.0283, 0.0314] Meff_range=[2.8524e-02, 3.0466e+00] t_wall=2026-03-19 02:14:12
[3D] step=18210 t=1821.000000 t_real=2.030036e+03 s <x_B_tot>=1.210894e-01 vf_precip_indicator=9.411657e-02 vf_precip_h=9.423724e-02 R_avg=6.483651e+00 xB_range=[0.0283, 0.0314] Meff_range=[2.8523e-02, 3.0466e+00] t_wall=2026-03-19 02:14:25
[3D] step=18220 t=1822.000000 t_real=2.031151e+03 s <x_B_tot>=1.210894e-01 vf_precip_indicator=9.411675e-02 vf_precip_h=9.423736e-02 R_avg=6.484344e+00 xB_range=[0.0283, 0.0314] Meff_range=[2.8523e-02, 3.0466e+00] t_wall=2026-03-19 02:14:37
[3D] step=18230 t=1823.000000 t_real=2.032266e+03 s <x_B_tot>=1.210895e-01 vf_precip_indicator=9.411806e-02 vf_precip_h=9.423747e-02 R_avg=6.484612e+00 xB_range=[0.0283, 0.0314] Meff_range=[2.8523e-02, 3.0466e+00] t_wall=2026-03-19 02:14:50
[3D] step=18240 t=1824.000000 t_real=2.033381e+03 s <x_B_tot>=1.210895e-01 vf_precip_indicator=9.411854e-02 vf_precip_h=9.423759e-02 R_avg=6.484659e+00 xB_range=[0.0283, 0.0314] Meff_range=[2.8523e-02, 3.0466e+00] t_wall=2026-03-19 02:15:02
[3D] step=18250 t=1825.000000 t_real=2.034495e+03 s <x_B_tot>=1.210896e-01 vf_precip_indicator=9.411800e-02 vf_precip_h=9.423771e-02 R_avg=6.484475e+00 xB_range=[0.0283, 0.0314] Meff_range=[2.8523e-02, 3.0465e+00] t_wall=2026-03-19 02:15:14
[3D] step=18260 t=1826.000000 t_real=2.035610e+03 s <x_B_tot>=1.210897e-01 vf_precip_indicator=9.411985e-02 vf_precip_h=9.423782e-02 R_avg=6.484188e+00 xB_range=[0.0283, 0.0314] Meff_range=[2.8523e-02, 3.0465e+00] t_wall=2026-03-19 02:15:27
[3D] step=18270 t=1827.000000 t_real=2.036725e+03 s <x_B_tot>=1.210897e-01 vf_precip_indicator=9.411949e-02 vf_precip_h=9.423794e-02 R_avg=6.484045e+00 xB_range=[0.0283, 0.0314] Meff_range=[2.8523e-02, 3.0465e+00] t_wall=2026-03-19 02:15:39
[3D] step=18280 t=1828.000000 t_real=2.037840e+03 s <x_B_tot>=1.210898e-01 vf_precip_indicator=9.411860e-02 vf_precip_h=9.423806e-02 R_avg=6.484501e+00 xB_range=[0.0283, 0.0314] Meff_range=[2.8523e-02, 3.0465e+00] t_wall=2026-03-19 02:15:52
[3D] step=18290 t=1829.000000 t_real=2.038955e+03 s <x_B_tot>=1.210898e-01 vf_precip_indicator=9.411913e-02 vf_precip_h=9.423817e-02 R_avg=6.484553e+00 xB_range=[0.0283, 0.0314] Meff_range=[2.8523e-02, 3.0465e+00] t_wall=2026-03-19 02:16:04
[3D] step=18300 t=1830.000000 t_real=2.040069e+03 s <x_B_tot>=1.210899e-01 vf_precip_indicator=9.411955e-02 vf_precip_h=9.423829e-02 R_avg=6.484226e+00 xB_range=[0.0283, 0.0314] Meff_range=[2.8523e-02, 3.0465e+00] t_wall=2026-03-19 02:16:17
[3D] step=18310 t=1831.000000 t_real=2.041184e+03 s <x_B_tot>=1.210899e-01 vf_precip_indicator=9.412068e-02 vf_precip_h=9.423841e-02 R_avg=6.484763e+00 xB_range=[0.0283, 0.0314] Meff_range=[2.8523e-02, 3.0465e+00] t_wall=2026-03-19 02:16:29
[3D] step=18320 t=1832.000000 t_real=2.042299e+03 s <x_B_tot>=1.210900e-01 vf_precip_indicator=9.411979e-02 vf_precip_h=9.423852e-02 R_avg=6.484849e+00 xB_range=[0.0283, 0.0314] Meff_range=[2.8522e-02, 3.0465e+00] t_wall=2026-03-19 02:16:42
[3D] step=18330 t=1833.000000 t_real=2.043414e+03 s <x_B_tot>=1.210901e-01 vf_precip_indicator=9.411895e-02 vf_precip_h=9.423864e-02 R_avg=6.485073e+00 xB_range=[0.0283, 0.0314] Meff_range=[2.8522e-02, 3.0465e+00] t_wall=2026-03-19 02:16:54
[3D] step=18340 t=1834.000000 t_real=2.044529e+03 s <x_B_tot>=1.210901e-01 vf_precip_indicator=9.411985e-02 vf_precip_h=9.423875e-02 R_avg=6.484913e+00 xB_range=[0.0283, 0.0314] Meff_range=[2.8522e-02, 3.0465e+00] t_wall=2026-03-19 02:17:07
[3D] step=18350 t=1835.000000 t_real=2.045643e+03 s <x_B_tot>=1.210902e-01 vf_precip_indicator=9.411901e-02 vf_precip_h=9.423887e-02 R_avg=6.484692e+00 xB_range=[0.0283, 0.0314] Meff_range=[2.8522e-02, 3.0465e+00] t_wall=2026-03-19 02:17:19
[3D] step=18360 t=1836.000000 t_real=2.046758e+03 s <x_B_tot>=1.210902e-01 vf_precip_indicator=9.411979e-02 vf_precip_h=9.423899e-02 R_avg=6.484760e+00 xB_range=[0.0283, 0.0314] Meff_range=[2.8522e-02, 3.0465e+00] t_wall=2026-03-19 02:17:31
[3D] step=18370 t=1837.000000 t_real=2.047873e+03 s <x_B_tot>=1.210903e-01 vf_precip_indicator=9.411913e-02 vf_precip_h=9.423910e-02 R_avg=6.484656e+00 xB_range=[0.0283, 0.0314] Meff_range=[2.8522e-02, 3.0464e+00] t_wall=2026-03-19 02:17:44
[3D] step=18380 t=1838.000000 t_real=2.048988e+03 s <x_B_tot>=1.210903e-01 vf_precip_indicator=9.411961e-02 vf_precip_h=9.423922e-02 R_avg=6.484985e+00 xB_range=[0.0283, 0.0314] Meff_range=[2.8522e-02, 3.0464e+00] t_wall=2026-03-19 02:17:56
[3D] step=18390 t=1839.000000 t_real=2.050102e+03 s <x_B_tot>=1.210904e-01 vf_precip_indicator=9.412032e-02 vf_precip_h=9.423934e-02 R_avg=6.484605e+00 xB_range=[0.0283, 0.0314] Meff_range=[2.8522e-02, 3.0464e+00] t_wall=2026-03-19 02:18:09
[3D] step=18400 t=1840.000000 t_real=2.051217e+03 s <x_B_tot>=1.210904e-01 vf_precip_indicator=9.412050e-02 vf_precip_h=9.423945e-02 R_avg=6.484233e+00 xB_range=[0.0283, 0.0314] Meff_range=[2.8522e-02, 3.0464e+00] t_wall=2026-03-19 02:18:21
[3D] step=18410 t=1841.000000 t_real=2.052332e+03 s <x_B_tot>=1.210905e-01 vf_precip_indicator=9.412271e-02 vf_precip_h=9.423957e-02 R_avg=6.484577e+00 xB_range=[0.0283, 0.0314] Meff_range=[2.8522e-02, 3.0464e+00] t_wall=2026-03-19 02:18:34
[3D] step=18420 t=1842.000000 t_real=2.053447e+03 s <x_B_tot>=1.210906e-01 vf_precip_indicator=9.412175e-02 vf_precip_h=9.423969e-02 R_avg=6.484571e+00 xB_range=[0.0283, 0.0314] Meff_range=[2.8522e-02, 3.0464e+00] t_wall=2026-03-19 02:18:46
[3D] step=18430 t=1843.000000 t_real=2.054562e+03 s <x_B_tot>=1.210906e-01 vf_precip_indicator=9.412086e-02 vf_precip_h=9.423980e-02 R_avg=6.484198e+00 xB_range=[0.0283, 0.0314] Meff_range=[2.8522e-02, 3.0464e+00] t_wall=2026-03-19 02:18:59
[3D] step=18440 t=1844.000000 t_real=2.055676e+03 s <x_B_tot>=1.210907e-01 vf_precip_indicator=9.411937e-02 vf_precip_h=9.423992e-02 R_avg=6.484362e+00 xB_range=[0.0283, 0.0314] Meff_range=[2.8521e-02, 3.0464e+00] t_wall=2026-03-19 02:19:11
[3D] step=18450 t=1845.000000 t_real=2.056791e+03 s <x_B_tot>=1.210907e-01 vf_precip_indicator=9.412038e-02 vf_precip_h=9.424004e-02 R_avg=6.484728e+00 xB_range=[0.0283, 0.0314] Meff_range=[2.8521e-02, 3.0464e+00] t_wall=2026-03-19 02:19:24
[3D] step=18460 t=1846.000000 t_real=2.057906e+03 s <x_B_tot>=1.210908e-01 vf_precip_indicator=9.412134e-02 vf_precip_h=9.424015e-02 R_avg=6.484423e+00 xB_range=[0.0283, 0.0314] Meff_range=[2.8521e-02, 3.0464e+00] t_wall=2026-03-19 02:19:36
[3D] step=18470 t=1847.000000 t_real=2.059021e+03 s <x_B_tot>=1.210908e-01 vf_precip_indicator=9.412104e-02 vf_precip_h=9.424027e-02 R_avg=6.484329e+00 xB_range=[0.0283, 0.0314] Meff_range=[2.8521e-02, 3.0464e+00] t_wall=2026-03-19 02:19:48
[3D] step=18480 t=1848.000000 t_real=2.060136e+03 s <x_B_tot>=1.210909e-01 vf_precip_indicator=9.412152e-02 vf_precip_h=9.424039e-02 R_avg=6.484377e+00 xB_range=[0.0283, 0.0314] Meff_range=[2.8521e-02, 3.0464e+00] t_wall=2026-03-19 02:20:01
[3D] step=18490 t=1849.000000 t_real=2.061250e+03 s <x_B_tot>=1.210910e-01 vf_precip_indicator=9.412181e-02 vf_precip_h=9.424050e-02 R_avg=6.484797e+00 xB_range=[0.0283, 0.0314] Meff_range=[2.8521e-02, 3.0463e+00] t_wall=2026-03-19 02:20:13
[3D] step=18500 t=1850.000000 t_real=2.062365e+03 s <x_B_tot>=1.210910e-01 vf_precip_indicator=9.412092e-02 vf_precip_h=9.424062e-02 R_avg=6.484957e+00 xB_range=[0.0283, 0.0314] Meff_range=[2.8521e-02, 3.0463e+00] t_wall=2026-03-19 02:20:26
[3D] step=18510 t=1851.000000 t_real=2.063480e+03 s <x_B_tot>=1.210911e-01 vf_precip_indicator=9.412140e-02 vf_precip_h=9.424074e-02 R_avg=6.484442e+00 xB_range=[0.0283, 0.0314] Meff_range=[2.8521e-02, 3.0463e+00] t_wall=2026-03-19 02:20:38
[3D] step=18520 t=1852.000000 t_real=2.064595e+03 s <x_B_tot>=1.210911e-01 vf_precip_indicator=9.412181e-02 vf_precip_h=9.424085e-02 R_avg=6.484427e+00 xB_range=[0.0283, 0.0314] Meff_range=[2.8521e-02, 3.0463e+00] t_wall=2026-03-19 02:20:51
[3D] step=18530 t=1853.000000 t_real=2.065710e+03 s <x_B_tot>=1.210912e-01 vf_precip_indicator=9.412295e-02 vf_precip_h=9.424097e-02 R_avg=6.484179e+00 xB_range=[0.0283, 0.0314] Meff_range=[2.8521e-02, 3.0463e+00] t_wall=2026-03-19 02:21:03
[3D] step=18540 t=1854.000000 t_real=2.066824e+03 s <x_B_tot>=1.210912e-01 vf_precip_indicator=9.412432e-02 vf_precip_h=9.424109e-02 R_avg=6.483874e+00 xB_range=[0.0283, 0.0314] Meff_range=[2.8521e-02, 3.0463e+00] t_wall=2026-03-19 02:21:16
[3D] step=18550 t=1855.000000 t_real=2.067939e+03 s <x_B_tot>=1.210913e-01 vf_precip_indicator=9.412467e-02 vf_precip_h=9.424120e-02 R_avg=6.484298e+00 xB_range=[0.0283, 0.0314] Meff_range=[2.8520e-02, 3.0463e+00] t_wall=2026-03-19 02:21:28
[3D] step=18560 t=1856.000000 t_real=2.069054e+03 s <x_B_tot>=1.210914e-01 vf_precip_indicator=9.412426e-02 vf_precip_h=9.424132e-02 R_avg=6.483634e+00 xB_range=[0.0283, 0.0314] Meff_range=[2.8520e-02, 3.0463e+00] t_wall=2026-03-19 02:21:40
[3D] step=18570 t=1857.000000 t_real=2.070169e+03 s <x_B_tot>=1.210914e-01 vf_precip_indicator=9.412283e-02 vf_precip_h=9.424144e-02 R_avg=6.483461e+00 xB_range=[0.0283, 0.0314] Meff_range=[2.8520e-02, 3.0463e+00] t_wall=2026-03-19 02:21:53
[3D] step=18580 t=1858.000000 t_real=2.071284e+03 s <x_B_tot>=1.210915e-01 vf_precip_indicator=9.412462e-02 vf_precip_h=9.424155e-02 R_avg=6.483851e+00 xB_range=[0.0283, 0.0314] Meff_range=[2.8520e-02, 3.0463e+00] t_wall=2026-03-19 02:22:05
[3D] step=18590 t=1859.000000 t_real=2.072398e+03 s <x_B_tot>=1.210915e-01 vf_precip_indicator=9.412432e-02 vf_precip_h=9.424167e-02 R_avg=6.483593e+00 xB_range=[0.0283, 0.0314] Meff_range=[2.8520e-02, 3.0463e+00] t_wall=2026-03-19 02:22:18
[3D] step=18600 t=1860.000000 t_real=2.073513e+03 s <x_B_tot>=1.210916e-01 vf_precip_indicator=9.412396e-02 vf_precip_h=9.424179e-02 R_avg=6.483391e+00 xB_range=[0.0283, 0.0314] Meff_range=[2.8520e-02, 3.0463e+00] t_wall=2026-03-19 02:22:30
[3D] step=18610 t=1861.000000 t_real=2.074628e+03 s <x_B_tot>=1.210916e-01 vf_precip_indicator=9.412360e-02 vf_precip_h=9.424190e-02 R_avg=6.483603e+00 xB_range=[0.0283, 0.0314] Meff_range=[2.8520e-02, 3.0462e+00] t_wall=2026-03-19 02:22:43
[3D] step=18620 t=1862.000000 t_real=2.075743e+03 s <x_B_tot>=1.210917e-01 vf_precip_indicator=9.412378e-02 vf_precip_h=9.424202e-02 R_avg=6.484030e+00 xB_range=[0.0283, 0.0314] Meff_range=[2.8520e-02, 3.0462e+00] t_wall=2026-03-19 02:22:55
[3D] step=18630 t=1863.000000 t_real=2.076857e+03 s <x_B_tot>=1.210917e-01 vf_precip_indicator=9.412283e-02 vf_precip_h=9.424214e-02 R_avg=6.483905e+00 xB_range=[0.0283, 0.0314] Meff_range=[2.8520e-02, 3.0462e+00] t_wall=2026-03-19 02:23:08
[3D] step=18640 t=1864.000000 t_real=2.077972e+03 s <x_B_tot>=1.210918e-01 vf_precip_indicator=9.412229e-02 vf_precip_h=9.424225e-02 R_avg=6.483587e+00 xB_range=[0.0283, 0.0314] Meff_range=[2.8520e-02, 3.0462e+00] t_wall=2026-03-19 02:23:20
[3D] step=18650 t=1865.000000 t_real=2.079087e+03 s <x_B_tot>=1.210919e-01 vf_precip_indicator=9.412074e-02 vf_precip_h=9.424237e-02 R_avg=6.483421e+00 xB_range=[0.0283, 0.0314] Meff_range=[2.8520e-02, 3.0462e+00] t_wall=2026-03-19 02:23:33
[3D] step=18660 t=1866.000000 t_real=2.080202e+03 s <x_B_tot>=1.210919e-01 vf_precip_indicator=9.412122e-02 vf_precip_h=9.424249e-02 R_avg=6.483513e+00 xB_range=[0.0283, 0.0314] Meff_range=[2.8520e-02, 3.0462e+00] t_wall=2026-03-19 02:23:45
[3D] step=18670 t=1867.000000 t_real=2.081317e+03 s <x_B_tot>=1.210920e-01 vf_precip_indicator=9.412253e-02 vf_precip_h=9.424260e-02 R_avg=6.483736e+00 xB_range=[0.0283, 0.0314] Meff_range=[2.8519e-02, 3.0462e+00] t_wall=2026-03-19 02:23:57
[3D] step=18680 t=1868.000000 t_real=2.082431e+03 s <x_B_tot>=1.210920e-01 vf_precip_indicator=9.412265e-02 vf_precip_h=9.424272e-02 R_avg=6.484248e+00 xB_range=[0.0283, 0.0314] Meff_range=[2.8519e-02, 3.0462e+00] t_wall=2026-03-19 02:24:10
[3D] step=18690 t=1869.000000 t_real=2.083546e+03 s <x_B_tot>=1.210921e-01 vf_precip_indicator=9.412187e-02 vf_precip_h=9.424284e-02 R_avg=6.484431e+00 xB_range=[0.0283, 0.0314] Meff_range=[2.8519e-02, 3.0462e+00] t_wall=2026-03-19 02:24:22
[3D] step=18700 t=1870.000000 t_real=2.084661e+03 s <x_B_tot>=1.210921e-01 vf_precip_indicator=9.412068e-02 vf_precip_h=9.424295e-02 R_avg=6.484645e+00 xB_range=[0.0283, 0.0314] Meff_range=[2.8519e-02, 3.0462e+00] t_wall=2026-03-19 02:24:35
[3D] step=18710 t=1871.000000 t_real=2.085776e+03 s <x_B_tot>=1.210922e-01 vf_precip_indicator=9.411919e-02 vf_precip_h=9.424307e-02 R_avg=6.483980e+00 xB_range=[0.0283, 0.0314] Meff_range=[2.8519e-02, 3.0462e+00] t_wall=2026-03-19 02:24:47
[3D] step=18720 t=1872.000000 t_real=2.086891e+03 s <x_B_tot>=1.210923e-01 vf_precip_indicator=9.411895e-02 vf_precip_h=9.424319e-02 R_avg=6.483830e+00 xB_range=[0.0283, 0.0314] Meff_range=[2.8519e-02, 3.0462e+00] t_wall=2026-03-19 02:25:00
[3D] step=18730 t=1873.000000 t_real=2.088005e+03 s <x_B_tot>=1.210923e-01 vf_precip_indicator=9.411901e-02 vf_precip_h=9.424330e-02 R_avg=6.484530e+00 xB_range=[0.0283, 0.0314] Meff_range=[2.8519e-02, 3.0461e+00] t_wall=2026-03-19 02:25:12
[3D] step=18740 t=1874.000000 t_real=2.089120e+03 s <x_B_tot>=1.210924e-01 vf_precip_indicator=9.411991e-02 vf_precip_h=9.424342e-02 R_avg=6.484769e+00 xB_range=[0.0283, 0.0314] Meff_range=[2.8519e-02, 3.0461e+00] t_wall=2026-03-19 02:25:25
[3D] step=18750 t=1875.000000 t_real=2.090235e+03 s <x_B_tot>=1.210924e-01 vf_precip_indicator=9.412092e-02 vf_precip_h=9.424354e-02 R_avg=6.484853e+00 xB_range=[0.0283, 0.0314] Meff_range=[2.8519e-02, 3.0461e+00] t_wall=2026-03-19 02:25:37
[3D] step=18760 t=1876.000000 t_real=2.091350e+03 s <x_B_tot>=1.210925e-01 vf_precip_indicator=9.412092e-02 vf_precip_h=9.424365e-02 R_avg=6.485223e+00 xB_range=[0.0283, 0.0314] Meff_range=[2.8519e-02, 3.0461e+00] t_wall=2026-03-19 02:25:50
[3D] step=18770 t=1877.000000 t_real=2.092465e+03 s <x_B_tot>=1.210925e-01 vf_precip_indicator=9.411949e-02 vf_precip_h=9.424377e-02 R_avg=6.485199e+00 xB_range=[0.0283, 0.0314] Meff_range=[2.8519e-02, 3.0461e+00] t_wall=2026-03-19 02:26:02
[3D] step=18780 t=1878.000000 t_real=2.093579e+03 s <x_B_tot>=1.210926e-01 vf_precip_indicator=9.411931e-02 vf_precip_h=9.424389e-02 R_avg=6.484920e+00 xB_range=[0.0283, 0.0314] Meff_range=[2.8518e-02, 3.0461e+00] t_wall=2026-03-19 02:26:14
[3D] step=18790 t=1879.000000 t_real=2.094694e+03 s <x_B_tot>=1.210927e-01 vf_precip_indicator=9.411943e-02 vf_precip_h=9.424400e-02 R_avg=6.485091e+00 xB_range=[0.0283, 0.0314] Meff_range=[2.8518e-02, 3.0461e+00] t_wall=2026-03-19 02:26:27
[3D] step=18800 t=1880.000000 t_real=2.095809e+03 s <x_B_tot>=1.210927e-01 vf_precip_indicator=9.412044e-02 vf_precip_h=9.424412e-02 R_avg=6.485057e+00 xB_range=[0.0283, 0.0314] Meff_range=[2.8518e-02, 3.0461e+00] t_wall=2026-03-19 02:26:39
[3D] step=18810 t=1881.000000 t_real=2.096924e+03 s <x_B_tot>=1.210928e-01 vf_precip_indicator=9.411961e-02 vf_precip_h=9.424424e-02 R_avg=6.484881e+00 xB_range=[0.0283, 0.0314] Meff_range=[2.8518e-02, 3.0461e+00] t_wall=2026-03-19 02:26:52
[3D] step=18820 t=1882.000000 t_real=2.098039e+03 s <x_B_tot>=1.210928e-01 vf_precip_indicator=9.411991e-02 vf_precip_h=9.424436e-02 R_avg=6.484680e+00 xB_range=[0.0283, 0.0314] Meff_range=[2.8518e-02, 3.0461e+00] t_wall=2026-03-19 02:27:04
[3D] step=18830 t=1883.000000 t_real=2.099153e+03 s <x_B_tot>=1.210929e-01 vf_precip_indicator=9.412044e-02 vf_precip_h=9.424447e-02 R_avg=6.485190e+00 xB_range=[0.0283, 0.0314] Meff_range=[2.8518e-02, 3.0461e+00] t_wall=2026-03-19 02:27:17
[3D] step=18840 t=1884.000000 t_real=2.100268e+03 s <x_B_tot>=1.210929e-01 vf_precip_indicator=9.412062e-02 vf_precip_h=9.424459e-02 R_avg=6.485084e+00 xB_range=[0.0283, 0.0314] Meff_range=[2.8518e-02, 3.0460e+00] t_wall=2026-03-19 02:27:29
[3D] step=18850 t=1885.000000 t_real=2.101383e+03 s <x_B_tot>=1.210930e-01 vf_precip_indicator=9.411991e-02 vf_precip_h=9.424471e-02 R_avg=6.485346e+00 xB_range=[0.0283, 0.0314] Meff_range=[2.8518e-02, 3.0460e+00] t_wall=2026-03-19 02:27:42
[3D] step=18860 t=1886.000000 t_real=2.102498e+03 s <x_B_tot>=1.210931e-01 vf_precip_indicator=9.411967e-02 vf_precip_h=9.424482e-02 R_avg=6.485566e+00 xB_range=[0.0283, 0.0314] Meff_range=[2.8518e-02, 3.0460e+00] t_wall=2026-03-19 02:27:54
[3D] step=18870 t=1887.000000 t_real=2.103613e+03 s <x_B_tot>=1.210931e-01 vf_precip_indicator=9.412116e-02 vf_precip_h=9.424494e-02 R_avg=6.486157e+00 xB_range=[0.0283, 0.0314] Meff_range=[2.8518e-02, 3.0460e+00] t_wall=2026-03-19 02:28:07
[3D] step=18880 t=1888.000000 t_real=2.104727e+03 s <x_B_tot>=1.210932e-01 vf_precip_indicator=9.412014e-02 vf_precip_h=9.424506e-02 R_avg=6.485599e+00 xB_range=[0.0283, 0.0314] Meff_range=[2.8518e-02, 3.0460e+00] t_wall=2026-03-19 02:28:19
[3D] step=18890 t=1889.000000 t_real=2.105842e+03 s <x_B_tot>=1.210932e-01 vf_precip_indicator=9.412056e-02 vf_precip_h=9.424517e-02 R_avg=6.485805e+00 xB_range=[0.0283, 0.0314] Meff_range=[2.8517e-02, 3.0460e+00] t_wall=2026-03-19 02:28:31
[3D] step=18900 t=1890.000000 t_real=2.106957e+03 s <x_B_tot>=1.210933e-01 vf_precip_indicator=9.412199e-02 vf_precip_h=9.424529e-02 R_avg=6.486022e+00 xB_range=[0.0283, 0.0314] Meff_range=[2.8517e-02, 3.0460e+00] t_wall=2026-03-19 02:28:44
[3D] step=18910 t=1891.000000 t_real=2.108072e+03 s <x_B_tot>=1.210933e-01 vf_precip_indicator=9.412211e-02 vf_precip_h=9.424541e-02 R_avg=6.486386e+00 xB_range=[0.0283, 0.0314] Meff_range=[2.8517e-02, 3.0460e+00] t_wall=2026-03-19 02:28:56
[3D] step=18920 t=1892.000000 t_real=2.109186e+03 s <x_B_tot>=1.210934e-01 vf_precip_indicator=9.412146e-02 vf_precip_h=9.424552e-02 R_avg=6.486415e+00 xB_range=[0.0283, 0.0314] Meff_range=[2.8517e-02, 3.0460e+00] t_wall=2026-03-19 02:29:09
[3D] step=18930 t=1893.000000 t_real=2.110301e+03 s <x_B_tot>=1.210935e-01 vf_precip_indicator=9.412110e-02 vf_precip_h=9.424564e-02 R_avg=6.485694e+00 xB_range=[0.0283, 0.0314] Meff_range=[2.8517e-02, 3.0460e+00] t_wall=2026-03-19 02:29:21
[3D] step=18940 t=1894.000000 t_real=2.111416e+03 s <x_B_tot>=1.210935e-01 vf_precip_indicator=9.412205e-02 vf_precip_h=9.424576e-02 R_avg=6.485671e+00 xB_range=[0.0283, 0.0314] Meff_range=[2.8517e-02, 3.0460e+00] t_wall=2026-03-19 02:29:34
[3D] step=18950 t=1895.000000 t_real=2.112531e+03 s <x_B_tot>=1.210936e-01 vf_precip_indicator=9.412247e-02 vf_precip_h=9.424588e-02 R_avg=6.486248e+00 xB_range=[0.0283, 0.0314] Meff_range=[2.8517e-02, 3.0460e+00] t_wall=2026-03-19 02:29:46
[3D] step=18960 t=1896.000000 t_real=2.113646e+03 s <x_B_tot>=1.210936e-01 vf_precip_indicator=9.412456e-02 vf_precip_h=9.424599e-02 R_avg=6.486125e+00 xB_range=[0.0283, 0.0314] Meff_range=[2.8517e-02, 3.0459e+00] t_wall=2026-03-19 02:29:59
[3D] step=18970 t=1897.000000 t_real=2.114760e+03 s <x_B_tot>=1.210937e-01 vf_precip_indicator=9.412509e-02 vf_precip_h=9.424611e-02 R_avg=6.485747e+00 xB_range=[0.0283, 0.0314] Meff_range=[2.8517e-02, 3.0459e+00] t_wall=2026-03-19 02:30:11
[3D] step=18980 t=1898.000000 t_real=2.115875e+03 s <x_B_tot>=1.210937e-01 vf_precip_indicator=9.412622e-02 vf_precip_h=9.424623e-02 R_avg=6.486107e+00 xB_range=[0.0283, 0.0314] Meff_range=[2.8517e-02, 3.0459e+00] t_wall=2026-03-19 02:30:23
[3D] step=18990 t=1899.000000 t_real=2.116990e+03 s <x_B_tot>=1.210938e-01 vf_precip_indicator=9.412581e-02 vf_precip_h=9.424634e-02 R_avg=6.485664e+00 xB_range=[0.0283, 0.0314] Meff_range=[2.8517e-02, 3.0459e+00] t_wall=2026-03-19 02:30:36
[3D] step=19000 t=1900.000000 t_real=2.118105e+03 s <x_B_tot>=1.210938e-01 vf_precip_indicator=9.412605e-02 vf_precip_h=9.424646e-02 R_avg=6.485636e+00 xB_range=[0.0283, 0.0314] Meff_range=[2.8517e-02, 3.0459e+00] t_wall=2026-03-19 02:30:48
[3D] step=19010 t=1901.000000 t_real=2.119220e+03 s <x_B_tot>=1.210939e-01 vf_precip_indicator=9.412730e-02 vf_precip_h=9.424658e-02 R_avg=6.485189e+00 xB_range=[0.0283, 0.0314] Meff_range=[2.8516e-02, 3.0459e+00] t_wall=2026-03-19 02:31:01
[3D] step=19020 t=1902.000000 t_real=2.120334e+03 s <x_B_tot>=1.210940e-01 vf_precip_indicator=9.412628e-02 vf_precip_h=9.424670e-02 R_avg=6.484690e+00 xB_range=[0.0283, 0.0314] Meff_range=[2.8516e-02, 3.0459e+00] t_wall=2026-03-19 02:31:13
[3D] step=19030 t=1903.000000 t_real=2.121449e+03 s <x_B_tot>=1.210940e-01 vf_precip_indicator=9.412736e-02 vf_precip_h=9.424681e-02 R_avg=6.484350e+00 xB_range=[0.0283, 0.0314] Meff_range=[2.8516e-02, 3.0459e+00] t_wall=2026-03-19 02:31:26
[3D] step=19040 t=1904.000000 t_real=2.122564e+03 s <x_B_tot>=1.210941e-01 vf_precip_indicator=9.412825e-02 vf_precip_h=9.424693e-02 R_avg=6.484382e+00 xB_range=[0.0283, 0.0314] Meff_range=[2.8516e-02, 3.0459e+00] t_wall=2026-03-19 02:31:38
[3D] step=19050 t=1905.000000 t_real=2.123679e+03 s <x_B_tot>=1.210941e-01 vf_precip_indicator=9.412962e-02 vf_precip_h=9.424705e-02 R_avg=6.484329e+00 xB_range=[0.0283, 0.0314] Meff_range=[2.8516e-02, 3.0459e+00] t_wall=2026-03-19 02:31:51
[3D] step=19060 t=1906.000000 t_real=2.124794e+03 s <x_B_tot>=1.210942e-01 vf_precip_indicator=9.413034e-02 vf_precip_h=9.424716e-02 R_avg=6.484200e+00 xB_range=[0.0283, 0.0314] Meff_range=[2.8516e-02, 3.0459e+00] t_wall=2026-03-19 02:32:03
[3D] step=19070 t=1907.000000 t_real=2.125908e+03 s <x_B_tot>=1.210942e-01 vf_precip_indicator=9.412926e-02 vf_precip_h=9.424728e-02 R_avg=6.484615e+00 xB_range=[0.0283, 0.0314] Meff_range=[2.8516e-02, 3.0459e+00] t_wall=2026-03-19 02:32:16
[3D] step=19080 t=1908.000000 t_real=2.127023e+03 s <x_B_tot>=1.210943e-01 vf_precip_indicator=9.412938e-02 vf_precip_h=9.424740e-02 R_avg=6.484519e+00 xB_range=[0.0283, 0.0314] Meff_range=[2.8516e-02, 3.0458e+00] t_wall=2026-03-19 02:32:28
[3D] step=19090 t=1909.000000 t_real=2.128138e+03 s <x_B_tot>=1.210944e-01 vf_precip_indicator=9.413081e-02 vf_precip_h=9.424752e-02 R_avg=6.484928e+00 xB_range=[0.0283, 0.0314] Meff_range=[2.8516e-02, 3.0458e+00] t_wall=2026-03-19 02:32:40
[3D] step=19100 t=1910.000000 t_real=2.129253e+03 s <x_B_tot>=1.210944e-01 vf_precip_indicator=9.413147e-02 vf_precip_h=9.424763e-02 R_avg=6.484707e+00 xB_range=[0.0283, 0.0314] Meff_range=[2.8516e-02, 3.0458e+00] t_wall=2026-03-19 02:32:53
[3D] step=19110 t=1911.000000 t_real=2.130368e+03 s <x_B_tot>=1.210945e-01 vf_precip_indicator=9.413218e-02 vf_precip_h=9.424775e-02 R_avg=6.484209e+00 xB_range=[0.0283, 0.0314] Meff_range=[2.8516e-02, 3.0458e+00] t_wall=2026-03-19 02:33:05
[3D] step=19120 t=1912.000000 t_real=2.131482e+03 s <x_B_tot>=1.210945e-01 vf_precip_indicator=9.413284e-02 vf_precip_h=9.424787e-02 R_avg=6.484609e+00 xB_range=[0.0283, 0.0314] Meff_range=[2.8515e-02, 3.0458e+00] t_wall=2026-03-19 02:33:18
[3D] step=19130 t=1913.000000 t_real=2.132597e+03 s <x_B_tot>=1.210946e-01 vf_precip_indicator=9.413439e-02 vf_precip_h=9.424798e-02 R_avg=6.484657e+00 xB_range=[0.0283, 0.0314] Meff_range=[2.8515e-02, 3.0458e+00] t_wall=2026-03-19 02:33:30
[3D] step=19140 t=1914.000000 t_real=2.133712e+03 s <x_B_tot>=1.210946e-01 vf_precip_indicator=9.413558e-02 vf_precip_h=9.424810e-02 R_avg=6.485168e+00 xB_range=[0.0283, 0.0314] Meff_range=[2.8515e-02, 3.0458e+00] t_wall=2026-03-19 02:33:43
[3D] step=19150 t=1915.000000 t_real=2.134827e+03 s <x_B_tot>=1.210947e-01 vf_precip_indicator=9.413695e-02 vf_precip_h=9.424822e-02 R_avg=6.484893e+00 xB_range=[0.0283, 0.0314] Meff_range=[2.8515e-02, 3.0458e+00] t_wall=2026-03-19 02:33:55
[3D] step=19160 t=1916.000000 t_real=2.135941e+03 s <x_B_tot>=1.210948e-01 vf_precip_indicator=9.413701e-02 vf_precip_h=9.424834e-02 R_avg=6.485178e+00 xB_range=[0.0283, 0.0314] Meff_range=[2.8515e-02, 3.0458e+00] t_wall=2026-03-19 02:34:08
[3D] step=19170 t=1917.000000 t_real=2.137056e+03 s <x_B_tot>=1.210948e-01 vf_precip_indicator=9.413749e-02 vf_precip_h=9.424845e-02 R_avg=6.485063e+00 xB_range=[0.0283, 0.0314] Meff_range=[2.8515e-02, 3.0458e+00] t_wall=2026-03-19 02:34:20
[3D] step=19180 t=1918.000000 t_real=2.138171e+03 s <x_B_tot>=1.210949e-01 vf_precip_indicator=9.413928e-02 vf_precip_h=9.424857e-02 R_avg=6.485497e+00 xB_range=[0.0283, 0.0314] Meff_range=[2.8515e-02, 3.0458e+00] t_wall=2026-03-19 02:34:33
[3D] step=19190 t=1919.000000 t_real=2.139286e+03 s <x_B_tot>=1.210949e-01 vf_precip_indicator=9.413862e-02 vf_precip_h=9.424869e-02 R_avg=6.485200e+00 xB_range=[0.0283, 0.0314] Meff_range=[2.8515e-02, 3.0457e+00] t_wall=2026-03-19 02:34:45
[3D] step=19200 t=1920.000000 t_real=2.140401e+03 s <x_B_tot>=1.210950e-01 vf_precip_indicator=9.413737e-02 vf_precip_h=9.424880e-02 R_avg=6.485143e+00 xB_range=[0.0283, 0.0314] Meff_range=[2.8515e-02, 3.0457e+00] t_wall=2026-03-19 02:34:57
[3D] step=19210 t=1921.000000 t_real=2.141515e+03 s <x_B_tot>=1.210950e-01 vf_precip_indicator=9.413648e-02 vf_precip_h=9.424892e-02 R_avg=6.484934e+00 xB_range=[0.0283, 0.0314] Meff_range=[2.8515e-02, 3.0457e+00] t_wall=2026-03-19 02:35:10
[3D] step=19220 t=1922.000000 t_real=2.142630e+03 s <x_B_tot>=1.210951e-01 vf_precip_indicator=9.413588e-02 vf_precip_h=9.424904e-02 R_avg=6.485026e+00 xB_range=[0.0283, 0.0314] Meff_range=[2.8515e-02, 3.0457e+00] t_wall=2026-03-19 02:35:22
[3D] step=19230 t=1923.000000 t_real=2.143745e+03 s <x_B_tot>=1.210952e-01 vf_precip_indicator=9.413600e-02 vf_precip_h=9.424916e-02 R_avg=6.485389e+00 xB_range=[0.0283, 0.0314] Meff_range=[2.8515e-02, 3.0457e+00] t_wall=2026-03-19 02:35:35
[3D] step=19240 t=1924.000000 t_real=2.144860e+03 s <x_B_tot>=1.210952e-01 vf_precip_indicator=9.413660e-02 vf_precip_h=9.424927e-02 R_avg=6.485993e+00 xB_range=[0.0283, 0.0314] Meff_range=[2.8514e-02, 3.0457e+00] t_wall=2026-03-19 02:35:47
[3D] step=19250 t=1925.000000 t_real=2.145975e+03 s <x_B_tot>=1.210953e-01 vf_precip_indicator=9.413630e-02 vf_precip_h=9.424939e-02 R_avg=6.485942e+00 xB_range=[0.0283, 0.0314] Meff_range=[2.8514e-02, 3.0457e+00] t_wall=2026-03-19 02:36:00
[3D] step=19260 t=1926.000000 t_real=2.147089e+03 s <x_B_tot>=1.210953e-01 vf_precip_indicator=9.413552e-02 vf_precip_h=9.424951e-02 R_avg=6.485697e+00 xB_range=[0.0283, 0.0314] Meff_range=[2.8514e-02, 3.0457e+00] t_wall=2026-03-19 02:36:12
[3D] step=19270 t=1927.000000 t_real=2.148204e+03 s <x_B_tot>=1.210954e-01 vf_precip_indicator=9.413314e-02 vf_precip_h=9.424963e-02 R_avg=6.485281e+00 xB_range=[0.0283, 0.0314] Meff_range=[2.8514e-02, 3.0457e+00] t_wall=2026-03-19 02:36:25
[3D] step=19280 t=1928.000000 t_real=2.149319e+03 s <x_B_tot>=1.210954e-01 vf_precip_indicator=9.413338e-02 vf_precip_h=9.424974e-02 R_avg=6.484809e+00 xB_range=[0.0283, 0.0314] Meff_range=[2.8514e-02, 3.0457e+00] t_wall=2026-03-19 02:36:37
[3D] step=19290 t=1929.000000 t_real=2.150434e+03 s <x_B_tot>=1.210955e-01 vf_precip_indicator=9.413320e-02 vf_precip_h=9.424986e-02 R_avg=6.485285e+00 xB_range=[0.0283, 0.0314] Meff_range=[2.8514e-02, 3.0457e+00] t_wall=2026-03-19 02:36:50
[3D] step=19300 t=1930.000000 t_real=2.151549e+03 s <x_B_tot>=1.210956e-01 vf_precip_indicator=9.413326e-02 vf_precip_h=9.424998e-02 R_avg=6.485038e+00 xB_range=[0.0283, 0.0314] Meff_range=[2.8514e-02, 3.0457e+00] t_wall=2026-03-19 02:37:02
[3D] step=19310 t=1931.000000 t_real=2.152663e+03 s <x_B_tot>=1.210956e-01 vf_precip_indicator=9.413242e-02 vf_precip_h=9.425010e-02 R_avg=6.485261e+00 xB_range=[0.0283, 0.0314] Meff_range=[2.8514e-02, 3.0456e+00] t_wall=2026-03-19 02:37:14
[3D] step=19320 t=1932.000000 t_real=2.153778e+03 s <x_B_tot>=1.210957e-01 vf_precip_indicator=9.413290e-02 vf_precip_h=9.425021e-02 R_avg=6.485353e+00 xB_range=[0.0283, 0.0314] Meff_range=[2.8514e-02, 3.0456e+00] t_wall=2026-03-19 02:37:27
[3D] step=19330 t=1933.000000 t_real=2.154893e+03 s <x_B_tot>=1.210957e-01 vf_precip_indicator=9.413356e-02 vf_precip_h=9.425033e-02 R_avg=6.485620e+00 xB_range=[0.0283, 0.0314] Meff_range=[2.8514e-02, 3.0456e+00] t_wall=2026-03-19 02:37:39
[3D] step=19340 t=1934.000000 t_real=2.156008e+03 s <x_B_tot>=1.210958e-01 vf_precip_indicator=9.413409e-02 vf_precip_h=9.425045e-02 R_avg=6.486086e+00 xB_range=[0.0283, 0.0314] Meff_range=[2.8514e-02, 3.0456e+00] t_wall=2026-03-19 02:37:52
[3D] step=19350 t=1935.000000 t_real=2.157123e+03 s <x_B_tot>=1.210958e-01 vf_precip_indicator=9.413588e-02 vf_precip_h=9.425056e-02 R_avg=6.486062e+00 xB_range=[0.0283, 0.0314] Meff_range=[2.8513e-02, 3.0456e+00] t_wall=2026-03-19 02:38:04
[3D] step=19360 t=1936.000000 t_real=2.158237e+03 s <x_B_tot>=1.210959e-01 vf_precip_indicator=9.413713e-02 vf_precip_h=9.425068e-02 R_avg=6.485615e+00 xB_range=[0.0283, 0.0314] Meff_range=[2.8513e-02, 3.0456e+00] t_wall=2026-03-19 02:38:17
[3D] step=19370 t=1937.000000 t_real=2.159352e+03 s <x_B_tot>=1.210960e-01 vf_precip_indicator=9.413582e-02 vf_precip_h=9.425080e-02 R_avg=6.485584e+00 xB_range=[0.0283, 0.0314] Meff_range=[2.8513e-02, 3.0456e+00] t_wall=2026-03-19 02:38:29
[3D] step=19380 t=1938.000000 t_real=2.160467e+03 s <x_B_tot>=1.210960e-01 vf_precip_indicator=9.413648e-02 vf_precip_h=9.425092e-02 R_avg=6.485748e+00 xB_range=[0.0283, 0.0314] Meff_range=[2.8513e-02, 3.0456e+00] t_wall=2026-03-19 02:38:42
[3D] step=19390 t=1939.000000 t_real=2.161582e+03 s <x_B_tot>=1.210961e-01 vf_precip_indicator=9.413683e-02 vf_precip_h=9.425103e-02 R_avg=6.485609e+00 xB_range=[0.0283, 0.0314] Meff_range=[2.8513e-02, 3.0456e+00] t_wall=2026-03-19 02:38:54
[3D] step=19400 t=1940.000000 t_real=2.162696e+03 s <x_B_tot>=1.210961e-01 vf_precip_indicator=9.413737e-02 vf_precip_h=9.425115e-02 R_avg=6.485706e+00 xB_range=[0.0283, 0.0314] Meff_range=[2.8513e-02, 3.0456e+00] t_wall=2026-03-19 02:39:07
[3D] step=19410 t=1941.000000 t_real=2.163811e+03 s <x_B_tot>=1.210962e-01 vf_precip_indicator=9.413731e-02 vf_precip_h=9.425127e-02 R_avg=6.485657e+00 xB_range=[0.0283, 0.0314] Meff_range=[2.8513e-02, 3.0456e+00] t_wall=2026-03-19 02:39:19
[3D] step=19420 t=1942.000000 t_real=2.164926e+03 s <x_B_tot>=1.210962e-01 vf_precip_indicator=9.413821e-02 vf_precip_h=9.425139e-02 R_avg=6.485763e+00 xB_range=[0.0283, 0.0314] Meff_range=[2.8513e-02, 3.0455e+00] t_wall=2026-03-19 02:39:31
[3D] step=19430 t=1943.000000 t_real=2.166041e+03 s <x_B_tot>=1.210963e-01 vf_precip_indicator=9.413999e-02 vf_precip_h=9.425150e-02 R_avg=6.485886e+00 xB_range=[0.0283, 0.0314] Meff_range=[2.8513e-02, 3.0455e+00] t_wall=2026-03-19 02:39:44
[3D] step=19440 t=1944.000000 t_real=2.167156e+03 s <x_B_tot>=1.210964e-01 vf_precip_indicator=9.414029e-02 vf_precip_h=9.425162e-02 R_avg=6.485670e+00 xB_range=[0.0283, 0.0314] Meff_range=[2.8513e-02, 3.0455e+00] t_wall=2026-03-19 02:39:56
[3D] step=19450 t=1945.000000 t_real=2.168270e+03 s <x_B_tot>=1.210964e-01 vf_precip_indicator=9.414274e-02 vf_precip_h=9.425174e-02 R_avg=6.485972e+00 xB_range=[0.0283, 0.0314] Meff_range=[2.8513e-02, 3.0455e+00] t_wall=2026-03-19 02:40:09
[3D] step=19460 t=1946.000000 t_real=2.169385e+03 s <x_B_tot>=1.210965e-01 vf_precip_indicator=9.414345e-02 vf_precip_h=9.425186e-02 R_avg=6.486332e+00 xB_range=[0.0283, 0.0314] Meff_range=[2.8512e-02, 3.0455e+00] t_wall=2026-03-19 02:40:21
[3D] step=19470 t=1947.000000 t_real=2.170500e+03 s <x_B_tot>=1.210965e-01 vf_precip_indicator=9.414494e-02 vf_precip_h=9.425197e-02 R_avg=6.486242e+00 xB_range=[0.0283, 0.0314] Meff_range=[2.8512e-02, 3.0455e+00] t_wall=2026-03-19 02:40:34
[3D] step=19480 t=1948.000000 t_real=2.171615e+03 s <x_B_tot>=1.210966e-01 vf_precip_indicator=9.414494e-02 vf_precip_h=9.425209e-02 R_avg=6.486523e+00 xB_range=[0.0283, 0.0314] Meff_range=[2.8512e-02, 3.0455e+00] t_wall=2026-03-19 02:40:46
[3D] step=19490 t=1949.000000 t_real=2.172730e+03 s <x_B_tot>=1.210966e-01 vf_precip_indicator=9.414524e-02 vf_precip_h=9.425221e-02 R_avg=6.487091e+00 xB_range=[0.0283, 0.0314] Meff_range=[2.8512e-02, 3.0455e+00] t_wall=2026-03-19 02:40:59
[3D] step=19500 t=1950.000000 t_real=2.173844e+03 s <x_B_tot>=1.210967e-01 vf_precip_indicator=9.414643e-02 vf_precip_h=9.425233e-02 R_avg=6.486907e+00 xB_range=[0.0283, 0.0314] Meff_range=[2.8512e-02, 3.0455e+00] t_wall=2026-03-19 02:41:11
[3D] step=19510 t=1951.000000 t_real=2.174959e+03 s <x_B_tot>=1.210968e-01 vf_precip_indicator=9.414595e-02 vf_precip_h=9.425244e-02 R_avg=6.487126e+00 xB_range=[0.0283, 0.0314] Meff_range=[2.8512e-02, 3.0455e+00] t_wall=2026-03-19 02:41:24
[3D] step=19520 t=1952.000000 t_real=2.176074e+03 s <x_B_tot>=1.210968e-01 vf_precip_indicator=9.414619e-02 vf_precip_h=9.425256e-02 R_avg=6.487868e+00 xB_range=[0.0283, 0.0314] Meff_range=[2.8512e-02, 3.0455e+00] t_wall=2026-03-19 02:41:36
[3D] step=19530 t=1953.000000 t_real=2.177189e+03 s <x_B_tot>=1.210969e-01 vf_precip_indicator=9.414709e-02 vf_precip_h=9.425268e-02 R_avg=6.488240e+00 xB_range=[0.0283, 0.0314] Meff_range=[2.8512e-02, 3.0454e+00] t_wall=2026-03-19 02:41:48
[3D] step=19540 t=1954.000000 t_real=2.178304e+03 s <x_B_tot>=1.210969e-01 vf_precip_indicator=9.414673e-02 vf_precip_h=9.425280e-02 R_avg=6.488260e+00 xB_range=[0.0283, 0.0314] Meff_range=[2.8512e-02, 3.0454e+00] t_wall=2026-03-19 02:42:01
[3D] step=19550 t=1955.000000 t_real=2.179418e+03 s <x_B_tot>=1.210970e-01 vf_precip_indicator=9.414762e-02 vf_precip_h=9.425291e-02 R_avg=6.488395e+00 xB_range=[0.0283, 0.0314] Meff_range=[2.8512e-02, 3.0454e+00] t_wall=2026-03-19 02:42:13
[3D] step=19560 t=1956.000000 t_real=2.180533e+03 s <x_B_tot>=1.210970e-01 vf_precip_indicator=9.414697e-02 vf_precip_h=9.425303e-02 R_avg=6.488454e+00 xB_range=[0.0283, 0.0314] Meff_range=[2.8512e-02, 3.0454e+00] t_wall=2026-03-19 02:42:26
[3D] step=19570 t=1957.000000 t_real=2.181648e+03 s <x_B_tot>=1.210971e-01 vf_precip_indicator=9.414721e-02 vf_precip_h=9.425315e-02 R_avg=6.488544e+00 xB_range=[0.0283, 0.0314] Meff_range=[2.8512e-02, 3.0454e+00] t_wall=2026-03-19 02:42:38
[3D] step=19580 t=1958.000000 t_real=2.182763e+03 s <x_B_tot>=1.210972e-01 vf_precip_indicator=9.414649e-02 vf_precip_h=9.425327e-02 R_avg=6.488614e+00 xB_range=[0.0283, 0.0314] Meff_range=[2.8511e-02, 3.0454e+00] t_wall=2026-03-19 02:42:51
[3D] step=19590 t=1959.000000 t_real=2.183878e+03 s <x_B_tot>=1.210972e-01 vf_precip_indicator=9.414536e-02 vf_precip_h=9.425339e-02 R_avg=6.489246e+00 xB_range=[0.0283, 0.0314] Meff_range=[2.8511e-02, 3.0454e+00] t_wall=2026-03-19 02:43:03
[3D] step=19600 t=1960.000000 t_real=2.184992e+03 s <x_B_tot>=1.210973e-01 vf_precip_indicator=9.414661e-02 vf_precip_h=9.425350e-02 R_avg=6.489081e+00 xB_range=[0.0283, 0.0314] Meff_range=[2.8511e-02, 3.0454e+00] t_wall=2026-03-19 02:43:16
[3D] step=19610 t=1961.000000 t_real=2.186107e+03 s <x_B_tot>=1.210973e-01 vf_precip_indicator=9.414536e-02 vf_precip_h=9.425362e-02 R_avg=6.489365e+00 xB_range=[0.0283, 0.0314] Meff_range=[2.8511e-02, 3.0454e+00] t_wall=2026-03-19 02:43:28
[3D] step=19620 t=1962.000000 t_real=2.187222e+03 s <x_B_tot>=1.210974e-01 vf_precip_indicator=9.414572e-02 vf_precip_h=9.425374e-02 R_avg=6.489582e+00 xB_range=[0.0283, 0.0314] Meff_range=[2.8511e-02, 3.0454e+00] t_wall=2026-03-19 02:43:41
[3D] step=19630 t=1963.000000 t_real=2.188337e+03 s <x_B_tot>=1.210974e-01 vf_precip_indicator=9.414470e-02 vf_precip_h=9.425386e-02 R_avg=6.489453e+00 xB_range=[0.0283, 0.0314] Meff_range=[2.8511e-02, 3.0454e+00] t_wall=2026-03-19 02:43:53
[3D] step=19640 t=1964.000000 t_real=2.189451e+03 s <x_B_tot>=1.210975e-01 vf_precip_indicator=9.414458e-02 vf_precip_h=9.425397e-02 R_avg=6.489726e+00 xB_range=[0.0283, 0.0314] Meff_range=[2.8511e-02, 3.0454e+00] t_wall=2026-03-19 02:44:05
[3D] step=19650 t=1965.000000 t_real=2.190566e+03 s <x_B_tot>=1.210976e-01 vf_precip_indicator=9.414595e-02 vf_precip_h=9.425409e-02 R_avg=6.489510e+00 xB_range=[0.0283, 0.0314] Meff_range=[2.8511e-02, 3.0453e+00] t_wall=2026-03-19 02:44:18
[3D] step=19660 t=1966.000000 t_real=2.191681e+03 s <x_B_tot>=1.210976e-01 vf_precip_indicator=9.414721e-02 vf_precip_h=9.425421e-02 R_avg=6.490159e+00 xB_range=[0.0283, 0.0314] Meff_range=[2.8511e-02, 3.0453e+00] t_wall=2026-03-19 02:44:30
[3D] step=19670 t=1967.000000 t_real=2.192796e+03 s <x_B_tot>=1.210977e-01 vf_precip_indicator=9.414679e-02 vf_precip_h=9.425433e-02 R_avg=6.489938e+00 xB_range=[0.0283, 0.0314] Meff_range=[2.8511e-02, 3.0453e+00] t_wall=2026-03-19 02:44:43
[3D] step=19680 t=1968.000000 t_real=2.193911e+03 s <x_B_tot>=1.210977e-01 vf_precip_indicator=9.414703e-02 vf_precip_h=9.425444e-02 R_avg=6.489969e+00 xB_range=[0.0283, 0.0314] Meff_range=[2.8511e-02, 3.0453e+00] t_wall=2026-03-19 02:44:55
[3D] step=19690 t=1969.000000 t_real=2.195025e+03 s <x_B_tot>=1.210978e-01 vf_precip_indicator=9.414715e-02 vf_precip_h=9.425456e-02 R_avg=6.489636e+00 xB_range=[0.0283, 0.0314] Meff_range=[2.8510e-02, 3.0453e+00] t_wall=2026-03-19 02:45:08
[3D] step=19700 t=1970.000000 t_real=2.196140e+03 s <x_B_tot>=1.210978e-01 vf_precip_indicator=9.414679e-02 vf_precip_h=9.425468e-02 R_avg=6.490204e+00 xB_range=[0.0283, 0.0314] Meff_range=[2.8510e-02, 3.0453e+00] t_wall=2026-03-19 02:45:20
[3D] step=19710 t=1971.000000 t_real=2.197255e+03 s <x_B_tot>=1.210979e-01 vf_precip_indicator=9.414530e-02 vf_precip_h=9.425480e-02 R_avg=6.490546e+00 xB_range=[0.0283, 0.0314] Meff_range=[2.8510e-02, 3.0453e+00] t_wall=2026-03-19 02:45:33
[3D] step=19720 t=1972.000000 t_real=2.198370e+03 s <x_B_tot>=1.210979e-01 vf_precip_indicator=9.414530e-02 vf_precip_h=9.425491e-02 R_avg=6.490590e+00 xB_range=[0.0283, 0.0314] Meff_range=[2.8510e-02, 3.0453e+00] t_wall=2026-03-19 02:45:45
[3D] step=19730 t=1973.000000 t_real=2.199485e+03 s <x_B_tot>=1.210980e-01 vf_precip_indicator=9.414405e-02 vf_precip_h=9.425503e-02 R_avg=6.490415e+00 xB_range=[0.0283, 0.0314] Meff_range=[2.8510e-02, 3.0453e+00] t_wall=2026-03-19 02:45:58
[3D] step=19740 t=1974.000000 t_real=2.200599e+03 s <x_B_tot>=1.210981e-01 vf_precip_indicator=9.414470e-02 vf_precip_h=9.425515e-02 R_avg=6.490297e+00 xB_range=[0.0283, 0.0314] Meff_range=[2.8510e-02, 3.0453e+00] t_wall=2026-03-19 02:46:10
[3D] step=19750 t=1975.000000 t_real=2.201714e+03 s <x_B_tot>=1.210981e-01 vf_precip_indicator=9.414393e-02 vf_precip_h=9.425527e-02 R_avg=6.490585e+00 xB_range=[0.0283, 0.0314] Meff_range=[2.8510e-02, 3.0453e+00] t_wall=2026-03-19 02:46:22
[3D] step=19760 t=1976.000000 t_real=2.202829e+03 s <x_B_tot>=1.210982e-01 vf_precip_indicator=9.414333e-02 vf_precip_h=9.425539e-02 R_avg=6.490647e+00 xB_range=[0.0283, 0.0314] Meff_range=[2.8510e-02, 3.0452e+00] t_wall=2026-03-19 02:46:35
[3D] step=19770 t=1977.000000 t_real=2.203944e+03 s <x_B_tot>=1.210982e-01 vf_precip_indicator=9.414113e-02 vf_precip_h=9.425550e-02 R_avg=6.490570e+00 xB_range=[0.0283, 0.0314] Meff_range=[2.8510e-02, 3.0452e+00] t_wall=2026-03-19 02:46:47
[3D] step=19780 t=1978.000000 t_real=2.205059e+03 s <x_B_tot>=1.210983e-01 vf_precip_indicator=9.414107e-02 vf_precip_h=9.425562e-02 R_avg=6.490565e+00 xB_range=[0.0283, 0.0314] Meff_range=[2.8510e-02, 3.0452e+00] t_wall=2026-03-19 02:47:00
[3D] step=19790 t=1979.000000 t_real=2.206173e+03 s <x_B_tot>=1.210983e-01 vf_precip_indicator=9.414166e-02 vf_precip_h=9.425574e-02 R_avg=6.490458e+00 xB_range=[0.0283, 0.0314] Meff_range=[2.8510e-02, 3.0452e+00] t_wall=2026-03-19 02:47:12
[3D] step=19800 t=1980.000000 t_real=2.207288e+03 s <x_B_tot>=1.210984e-01 vf_precip_indicator=9.414101e-02 vf_precip_h=9.425586e-02 R_avg=6.490487e+00 xB_range=[0.0283, 0.0314] Meff_range=[2.8510e-02, 3.0452e+00] t_wall=2026-03-19 02:47:25
[3D] step=19810 t=1981.000000 t_real=2.208403e+03 s <x_B_tot>=1.210985e-01 vf_precip_indicator=9.414083e-02 vf_precip_h=9.425597e-02 R_avg=6.490075e+00 xB_range=[0.0283, 0.0314] Meff_range=[2.8509e-02, 3.0452e+00] t_wall=2026-03-19 02:47:37
[3D] step=19820 t=1982.000000 t_real=2.209518e+03 s <x_B_tot>=1.210985e-01 vf_precip_indicator=9.414059e-02 vf_precip_h=9.425609e-02 R_avg=6.489747e+00 xB_range=[0.0283, 0.0314] Meff_range=[2.8509e-02, 3.0452e+00] t_wall=2026-03-19 02:47:50
[3D] step=19830 t=1983.000000 t_real=2.210633e+03 s <x_B_tot>=1.210986e-01 vf_precip_indicator=9.413999e-02 vf_precip_h=9.425621e-02 R_avg=6.489765e+00 xB_range=[0.0283, 0.0314] Meff_range=[2.8509e-02, 3.0452e+00] t_wall=2026-03-19 02:48:02
[3D] step=19840 t=1984.000000 t_real=2.211747e+03 s <x_B_tot>=1.210986e-01 vf_precip_indicator=9.413993e-02 vf_precip_h=9.425633e-02 R_avg=6.489302e+00 xB_range=[0.0283, 0.0314] Meff_range=[2.8509e-02, 3.0452e+00] t_wall=2026-03-19 02:48:15
[3D] step=19850 t=1985.000000 t_real=2.212862e+03 s <x_B_tot>=1.210987e-01 vf_precip_indicator=9.413999e-02 vf_precip_h=9.425645e-02 R_avg=6.489617e+00 xB_range=[0.0283, 0.0314] Meff_range=[2.8509e-02, 3.0452e+00] t_wall=2026-03-19 02:48:27
[3D] step=19860 t=1986.000000 t_real=2.213977e+03 s <x_B_tot>=1.210988e-01 vf_precip_indicator=9.413934e-02 vf_precip_h=9.425656e-02 R_avg=6.488861e+00 xB_range=[0.0283, 0.0314] Meff_range=[2.8509e-02, 3.0452e+00] t_wall=2026-03-19 02:48:39
[3D] step=19870 t=1987.000000 t_real=2.215092e+03 s <x_B_tot>=1.210988e-01 vf_precip_indicator=9.414047e-02 vf_precip_h=9.425668e-02 R_avg=6.489413e+00 xB_range=[0.0283, 0.0314] Meff_range=[2.8509e-02, 3.0451e+00] t_wall=2026-03-19 02:48:52
[3D] step=19880 t=1988.000000 t_real=2.216206e+03 s <x_B_tot>=1.210989e-01 vf_precip_indicator=9.414142e-02 vf_precip_h=9.425680e-02 R_avg=6.489212e+00 xB_range=[0.0283, 0.0314] Meff_range=[2.8509e-02, 3.0451e+00] t_wall=2026-03-19 02:49:04
[3D] step=19890 t=1989.000000 t_real=2.217321e+03 s <x_B_tot>=1.210989e-01 vf_precip_indicator=9.414136e-02 vf_precip_h=9.425692e-02 R_avg=6.488927e+00 xB_range=[0.0283, 0.0314] Meff_range=[2.8509e-02, 3.0451e+00] t_wall=2026-03-19 02:49:17
[3D] step=19900 t=1990.000000 t_real=2.218436e+03 s <x_B_tot>=1.210990e-01 vf_precip_indicator=9.414208e-02 vf_precip_h=9.425704e-02 R_avg=6.488917e+00 xB_range=[0.0283, 0.0314] Meff_range=[2.8509e-02, 3.0451e+00] t_wall=2026-03-19 02:49:29
[3D] step=19910 t=1991.000000 t_real=2.219551e+03 s <x_B_tot>=1.210990e-01 vf_precip_indicator=9.414434e-02 vf_precip_h=9.425715e-02 R_avg=6.488969e+00 xB_range=[0.0283, 0.0314] Meff_range=[2.8509e-02, 3.0451e+00] t_wall=2026-03-19 02:49:42
[3D] step=19920 t=1992.000000 t_real=2.220666e+03 s <x_B_tot>=1.210991e-01 vf_precip_indicator=9.414512e-02 vf_precip_h=9.425727e-02 R_avg=6.489482e+00 xB_range=[0.0283, 0.0314] Meff_range=[2.8508e-02, 3.0451e+00] t_wall=2026-03-19 02:49:54
[3D] step=19930 t=1993.000000 t_real=2.221780e+03 s <x_B_tot>=1.210992e-01 vf_precip_indicator=9.414518e-02 vf_precip_h=9.425739e-02 R_avg=6.490138e+00 xB_range=[0.0283, 0.0314] Meff_range=[2.8508e-02, 3.0451e+00] t_wall=2026-03-19 02:50:07
[3D] step=19940 t=1994.000000 t_real=2.222895e+03 s <x_B_tot>=1.210992e-01 vf_precip_indicator=9.414494e-02 vf_precip_h=9.425751e-02 R_avg=6.489899e+00 xB_range=[0.0283, 0.0314] Meff_range=[2.8508e-02, 3.0451e+00] t_wall=2026-03-19 02:50:19
[3D] step=19950 t=1995.000000 t_real=2.224010e+03 s <x_B_tot>=1.210993e-01 vf_precip_indicator=9.414458e-02 vf_precip_h=9.425762e-02 R_avg=6.489223e+00 xB_range=[0.0283, 0.0314] Meff_range=[2.8508e-02, 3.0451e+00] t_wall=2026-03-19 02:50:32
[3D] step=19960 t=1996.000000 t_real=2.225125e+03 s <x_B_tot>=1.210993e-01 vf_precip_indicator=9.414321e-02 vf_precip_h=9.425774e-02 R_avg=6.489321e+00 xB_range=[0.0283, 0.0314] Meff_range=[2.8508e-02, 3.0451e+00] t_wall=2026-03-19 02:50:44
[3D] step=19970 t=1997.000000 t_real=2.226240e+03 s <x_B_tot>=1.210994e-01 vf_precip_indicator=9.414381e-02 vf_precip_h=9.425786e-02 R_avg=6.488932e+00 xB_range=[0.0283, 0.0314] Meff_range=[2.8508e-02, 3.0451e+00] t_wall=2026-03-19 02:50:56
[3D] step=19980 t=1998.000000 t_real=2.227354e+03 s <x_B_tot>=1.210994e-01 vf_precip_indicator=9.414476e-02 vf_precip_h=9.425798e-02 R_avg=6.488628e+00 xB_range=[0.0283, 0.0314] Meff_range=[2.8508e-02, 3.0450e+00] t_wall=2026-03-19 02:51:09
[3D] step=19990 t=1999.000000 t_real=2.228469e+03 s <x_B_tot>=1.210995e-01 vf_precip_indicator=9.414548e-02 vf_precip_h=9.425810e-02 R_avg=6.488766e+00 xB_range=[0.0283, 0.0314] Meff_range=[2.8508e-02, 3.0450e+00] t_wall=2026-03-19 02:51:21
[3D] step=20000 t=2000.000000 t_real=2.229584e+03 s <x_B_tot>=1.210996e-01 vf_precip_indicator=9.414542e-02 vf_precip_h=9.425821e-02 R_avg=6.488688e+00 xB_range=[0.0283, 0.0314] Meff_range=[2.8508e-02, 3.0450e+00] t_wall=2026-03-19 02:51:34
[3D] step=20010 t=2001.000000 t_real=2.230699e+03 s <x_B_tot>=1.210996e-01 vf_precip_indicator=9.414506e-02 vf_precip_h=9.425833e-02 R_avg=6.488796e+00 xB_range=[0.0283, 0.0314] Meff_range=[2.8508e-02, 3.0450e+00] t_wall=2026-03-19 02:51:46
[3D] step=20020 t=2002.000000 t_real=2.231814e+03 s <x_B_tot>=1.210997e-01 vf_precip_indicator=9.414381e-02 vf_precip_h=9.425845e-02 R_avg=6.488769e+00 xB_range=[0.0283, 0.0314] Meff_range=[2.8508e-02, 3.0450e+00] t_wall=2026-03-19 02:51:59
[3D] step=20030 t=2003.000000 t_real=2.232928e+03 s <x_B_tot>=1.210997e-01 vf_precip_indicator=9.414351e-02 vf_precip_h=9.425857e-02 R_avg=6.488571e+00 xB_range=[0.0283, 0.0314] Meff_range=[2.8507e-02, 3.0450e+00] t_wall=2026-03-19 02:52:11
[3D] step=20040 t=2004.000000 t_real=2.234043e+03 s <x_B_tot>=1.210998e-01 vf_precip_indicator=9.414291e-02 vf_precip_h=9.425869e-02 R_avg=6.488678e+00 xB_range=[0.0283, 0.0314] Meff_range=[2.8507e-02, 3.0450e+00] t_wall=2026-03-19 02:52:24
[3D] step=20050 t=2005.000000 t_real=2.235158e+03 s <x_B_tot>=1.210998e-01 vf_precip_indicator=9.414387e-02 vf_precip_h=9.425880e-02 R_avg=6.489188e+00 xB_range=[0.0283, 0.0314] Meff_range=[2.8507e-02, 3.0450e+00] t_wall=2026-03-19 02:52:36
[3D] step=20060 t=2006.000000 t_real=2.236273e+03 s <x_B_tot>=1.210999e-01 vf_precip_indicator=9.414351e-02 vf_precip_h=9.425892e-02 R_avg=6.488867e+00 xB_range=[0.0283, 0.0314] Meff_range=[2.8507e-02, 3.0450e+00] t_wall=2026-03-19 02:52:48
[3D] step=20070 t=2007.000000 t_real=2.237388e+03 s <x_B_tot>=1.211000e-01 vf_precip_indicator=9.414500e-02 vf_precip_h=9.425904e-02 R_avg=6.488896e+00 xB_range=[0.0283, 0.0314] Meff_range=[2.8507e-02, 3.0450e+00] t_wall=2026-03-19 02:53:01
[3D] step=20080 t=2008.000000 t_real=2.238502e+03 s <x_B_tot>=1.211000e-01 vf_precip_indicator=9.414440e-02 vf_precip_h=9.425916e-02 R_avg=6.489373e+00 xB_range=[0.0283, 0.0314] Meff_range=[2.8507e-02, 3.0450e+00] t_wall=2026-03-19 02:53:13
[3D] step=20090 t=2009.000000 t_real=2.239617e+03 s <x_B_tot>=1.211001e-01 vf_precip_indicator=9.414554e-02 vf_precip_h=9.425928e-02 R_avg=6.489244e+00 xB_range=[0.0283, 0.0314] Meff_range=[2.8507e-02, 3.0449e+00] t_wall=2026-03-19 02:53:26
[3D] step=20100 t=2010.000000 t_real=2.240732e+03 s <x_B_tot>=1.211001e-01 vf_precip_indicator=9.414661e-02 vf_precip_h=9.425939e-02 R_avg=6.489362e+00 xB_range=[0.0283, 0.0314] Meff_range=[2.8507e-02, 3.0449e+00] t_wall=2026-03-19 02:53:38
[3D] step=20110 t=2011.000000 t_real=2.241847e+03 s <x_B_tot>=1.211002e-01 vf_precip_indicator=9.414738e-02 vf_precip_h=9.425951e-02 R_avg=6.490275e+00 xB_range=[0.0283, 0.0314] Meff_range=[2.8507e-02, 3.0449e+00] t_wall=2026-03-19 02:53:51
[3D] step=20120 t=2012.000000 t_real=2.242962e+03 s <x_B_tot>=1.211002e-01 vf_precip_indicator=9.414726e-02 vf_precip_h=9.425963e-02 R_avg=6.490222e+00 xB_range=[0.0283, 0.0314] Meff_range=[2.8507e-02, 3.0449e+00] t_wall=2026-03-19 02:54:03
[3D] step=20130 t=2013.000000 t_real=2.244076e+03 s <x_B_tot>=1.211003e-01 vf_precip_indicator=9.414703e-02 vf_precip_h=9.425975e-02 R_avg=6.490354e+00 xB_range=[0.0283, 0.0314] Meff_range=[2.8507e-02, 3.0449e+00] t_wall=2026-03-19 02:54:16
[3D] step=20140 t=2014.000000 t_real=2.245191e+03 s <x_B_tot>=1.211004e-01 vf_precip_indicator=9.414548e-02 vf_precip_h=9.425987e-02 R_avg=6.490469e+00 xB_range=[0.0283, 0.0314] Meff_range=[2.8507e-02, 3.0449e+00] t_wall=2026-03-19 02:54:28
[3D] step=20150 t=2015.000000 t_real=2.246306e+03 s <x_B_tot>=1.211004e-01 vf_precip_indicator=9.414589e-02 vf_precip_h=9.425999e-02 R_avg=6.490261e+00 xB_range=[0.0283, 0.0314] Meff_range=[2.8506e-02, 3.0449e+00] t_wall=2026-03-19 02:54:41
[3D] step=20160 t=2016.000000 t_real=2.247421e+03 s <x_B_tot>=1.211005e-01 vf_precip_indicator=9.414548e-02 vf_precip_h=9.426010e-02 R_avg=6.490025e+00 xB_range=[0.0283, 0.0314] Meff_range=[2.8506e-02, 3.0449e+00] t_wall=2026-03-19 02:54:53
[3D] step=20170 t=2017.000000 t_real=2.248535e+03 s <x_B_tot>=1.211005e-01 vf_precip_indicator=9.414643e-02 vf_precip_h=9.426022e-02 R_avg=6.489957e+00 xB_range=[0.0283, 0.0314] Meff_range=[2.8506e-02, 3.0449e+00] t_wall=2026-03-19 02:55:05
[3D] step=20180 t=2018.000000 t_real=2.249650e+03 s <x_B_tot>=1.211006e-01 vf_precip_indicator=9.414798e-02 vf_precip_h=9.426034e-02 R_avg=6.489694e+00 xB_range=[0.0283, 0.0314] Meff_range=[2.8506e-02, 3.0449e+00] t_wall=2026-03-19 02:55:18
[3D] step=20190 t=2019.000000 t_real=2.250765e+03 s <x_B_tot>=1.211006e-01 vf_precip_indicator=9.414870e-02 vf_precip_h=9.426046e-02 R_avg=6.489817e+00 xB_range=[0.0283, 0.0314] Meff_range=[2.8506e-02, 3.0449e+00] t_wall=2026-03-19 02:55:30
[3D] step=20200 t=2020.000000 t_real=2.251880e+03 s <x_B_tot>=1.211007e-01 vf_precip_indicator=9.414774e-02 vf_precip_h=9.426058e-02 R_avg=6.489663e+00 xB_range=[0.0283, 0.0314] Meff_range=[2.8506e-02, 3.0448e+00] t_wall=2026-03-19 02:55:43
[3D] step=20210 t=2021.000000 t_real=2.252995e+03 s <x_B_tot>=1.211008e-01 vf_precip_indicator=9.414864e-02 vf_precip_h=9.426069e-02 R_avg=6.489754e+00 xB_range=[0.0283, 0.0314] Meff_range=[2.8506e-02, 3.0448e+00] t_wall=2026-03-19 02:55:55
[3D] step=20220 t=2022.000000 t_real=2.254109e+03 s <x_B_tot>=1.211008e-01 vf_precip_indicator=9.414828e-02 vf_precip_h=9.426081e-02 R_avg=6.490751e+00 xB_range=[0.0283, 0.0314] Meff_range=[2.8506e-02, 3.0448e+00] t_wall=2026-03-19 02:56:08
[3D] step=20230 t=2023.000000 t_real=2.255224e+03 s <x_B_tot>=1.211009e-01 vf_precip_indicator=9.414911e-02 vf_precip_h=9.426093e-02 R_avg=6.490735e+00 xB_range=[0.0283, 0.0314] Meff_range=[2.8506e-02, 3.0448e+00] t_wall=2026-03-19 02:56:20
[3D] step=20240 t=2024.000000 t_real=2.256339e+03 s <x_B_tot>=1.211009e-01 vf_precip_indicator=9.414911e-02 vf_precip_h=9.426105e-02 R_avg=6.490987e+00 xB_range=[0.0283, 0.0314] Meff_range=[2.8506e-02, 3.0448e+00] t_wall=2026-03-19 02:56:33
[3D] step=20250 t=2025.000000 t_real=2.257454e+03 s <x_B_tot>=1.211010e-01 vf_precip_indicator=9.414977e-02 vf_precip_h=9.426117e-02 R_avg=6.490736e+00 xB_range=[0.0283, 0.0314] Meff_range=[2.8506e-02, 3.0448e+00] t_wall=2026-03-19 02:56:45
[3D] step=20260 t=2026.000000 t_real=2.258569e+03 s <x_B_tot>=1.211010e-01 vf_precip_indicator=9.415036e-02 vf_precip_h=9.426128e-02 R_avg=6.490540e+00 xB_range=[0.0283, 0.0314] Meff_range=[2.8505e-02, 3.0448e+00] t_wall=2026-03-19 02:56:58
[3D] step=20270 t=2027.000000 t_real=2.259683e+03 s <x_B_tot>=1.211011e-01 vf_precip_indicator=9.414929e-02 vf_precip_h=9.426140e-02 R_avg=6.490140e+00 xB_range=[0.0283, 0.0314] Meff_range=[2.8505e-02, 3.0448e+00] t_wall=2026-03-19 02:57:10
[3D] step=20280 t=2028.000000 t_real=2.260798e+03 s <x_B_tot>=1.211012e-01 vf_precip_indicator=9.414887e-02 vf_precip_h=9.426152e-02 R_avg=6.490733e+00 xB_range=[0.0283, 0.0314] Meff_range=[2.8505e-02, 3.0448e+00] t_wall=2026-03-19 02:57:22
[3D] step=20290 t=2029.000000 t_real=2.261913e+03 s <x_B_tot>=1.211012e-01 vf_precip_indicator=9.414864e-02 vf_precip_h=9.426164e-02 R_avg=6.490213e+00 xB_range=[0.0283, 0.0314] Meff_range=[2.8505e-02, 3.0448e+00] t_wall=2026-03-19 02:57:35
[3D] step=20300 t=2030.000000 t_real=2.263028e+03 s <x_B_tot>=1.211013e-01 vf_precip_indicator=9.414709e-02 vf_precip_h=9.426176e-02 R_avg=6.490121e+00 xB_range=[0.0283, 0.0314] Meff_range=[2.8505e-02, 3.0448e+00] t_wall=2026-03-19 02:57:47
[3D] step=20310 t=2031.000000 t_real=2.264143e+03 s <x_B_tot>=1.211013e-01 vf_precip_indicator=9.414637e-02 vf_precip_h=9.426188e-02 R_avg=6.489835e+00 xB_range=[0.0283, 0.0314] Meff_range=[2.8505e-02, 3.0447e+00] t_wall=2026-03-19 02:58:00
[3D] step=20320 t=2032.000000 t_real=2.265257e+03 s <x_B_tot>=1.211014e-01 vf_precip_indicator=9.414679e-02 vf_precip_h=9.426199e-02 R_avg=6.489686e+00 xB_range=[0.0283, 0.0314] Meff_range=[2.8505e-02, 3.0447e+00] t_wall=2026-03-19 02:58:12
[3D] step=20330 t=2033.000000 t_real=2.266372e+03 s <x_B_tot>=1.211014e-01 vf_precip_indicator=9.414673e-02 vf_precip_h=9.426211e-02 R_avg=6.489548e+00 xB_range=[0.0283, 0.0314] Meff_range=[2.8505e-02, 3.0447e+00] t_wall=2026-03-19 02:58:25
[3D] step=20340 t=2034.000000 t_real=2.267487e+03 s <x_B_tot>=1.211015e-01 vf_precip_indicator=9.414691e-02 vf_precip_h=9.426223e-02 R_avg=6.489857e+00 xB_range=[0.0283, 0.0314] Meff_range=[2.8505e-02, 3.0447e+00] t_wall=2026-03-19 02:58:37
[3D] step=20350 t=2035.000000 t_real=2.268602e+03 s <x_B_tot>=1.211016e-01 vf_precip_indicator=9.414631e-02 vf_precip_h=9.426235e-02 R_avg=6.490008e+00 xB_range=[0.0283, 0.0314] Meff_range=[2.8505e-02, 3.0447e+00] t_wall=2026-03-19 02:58:50
[3D] step=20360 t=2036.000000 t_real=2.269717e+03 s <x_B_tot>=1.211016e-01 vf_precip_indicator=9.414691e-02 vf_precip_h=9.426247e-02 R_avg=6.489738e+00 xB_range=[0.0283, 0.0314] Meff_range=[2.8505e-02, 3.0447e+00] t_wall=2026-03-19 02:59:02
[3D] step=20370 t=2037.000000 t_real=2.270831e+03 s <x_B_tot>=1.211017e-01 vf_precip_indicator=9.414661e-02 vf_precip_h=9.426259e-02 R_avg=6.490103e+00 xB_range=[0.0283, 0.0314] Meff_range=[2.8505e-02, 3.0447e+00] t_wall=2026-03-19 02:59:15
[3D] step=20380 t=2038.000000 t_real=2.271946e+03 s <x_B_tot>=1.211017e-01 vf_precip_indicator=9.414816e-02 vf_precip_h=9.426270e-02 R_avg=6.490891e+00 xB_range=[0.0283, 0.0314] Meff_range=[2.8504e-02, 3.0447e+00] t_wall=2026-03-19 02:59:27
[3D] step=20390 t=2039.000000 t_real=2.273061e+03 s <x_B_tot>=1.211018e-01 vf_precip_indicator=9.414989e-02 vf_precip_h=9.426282e-02 R_avg=6.490907e+00 xB_range=[0.0283, 0.0314] Meff_range=[2.8504e-02, 3.0447e+00] t_wall=2026-03-19 02:59:39
[3D] step=20400 t=2040.000000 t_real=2.274176e+03 s <x_B_tot>=1.211018e-01 vf_precip_indicator=9.415168e-02 vf_precip_h=9.426294e-02 R_avg=6.490956e+00 xB_range=[0.0283, 0.0314] Meff_range=[2.8504e-02, 3.0447e+00] t_wall=2026-03-19 02:59:52
[3D] step=20410 t=2041.000000 t_real=2.275290e+03 s <x_B_tot>=1.211019e-01 vf_precip_indicator=9.415245e-02 vf_precip_h=9.426306e-02 R_avg=6.490787e+00 xB_range=[0.0283, 0.0314] Meff_range=[2.8504e-02, 3.0447e+00] t_wall=2026-03-19 03:00:04
[3D] step=20420 t=2042.000000 t_real=2.276405e+03 s <x_B_tot>=1.211020e-01 vf_precip_indicator=9.415066e-02 vf_precip_h=9.426318e-02 R_avg=6.490634e+00 xB_range=[0.0283, 0.0314] Meff_range=[2.8504e-02, 3.0446e+00] t_wall=2026-03-19 03:00:17
[3D] step=20430 t=2043.000000 t_real=2.277520e+03 s <x_B_tot>=1.211020e-01 vf_precip_indicator=9.415257e-02 vf_precip_h=9.426329e-02 R_avg=6.491003e+00 xB_range=[0.0283, 0.0314] Meff_range=[2.8504e-02, 3.0446e+00] t_wall=2026-03-19 03:00:29
[3D] step=20440 t=2044.000000 t_real=2.278635e+03 s <x_B_tot>=1.211021e-01 vf_precip_indicator=9.415257e-02 vf_precip_h=9.426341e-02 R_avg=6.490603e+00 xB_range=[0.0283, 0.0314] Meff_range=[2.8504e-02, 3.0446e+00] t_wall=2026-03-19 03:00:42
[3D] step=20450 t=2045.000000 t_real=2.279750e+03 s <x_B_tot>=1.211021e-01 vf_precip_indicator=9.415311e-02 vf_precip_h=9.426353e-02 R_avg=6.490936e+00 xB_range=[0.0283, 0.0314] Meff_range=[2.8504e-02, 3.0446e+00] t_wall=2026-03-19 03:00:54
[3D] step=20460 t=2046.000000 t_real=2.280864e+03 s <x_B_tot>=1.211022e-01 vf_precip_indicator=9.415329e-02 vf_precip_h=9.426365e-02 R_avg=6.490504e+00 xB_range=[0.0283, 0.0314] Meff_range=[2.8504e-02, 3.0446e+00] t_wall=2026-03-19 03:01:07
[3D] step=20470 t=2047.000000 t_real=2.281979e+03 s <x_B_tot>=1.211022e-01 vf_precip_indicator=9.415388e-02 vf_precip_h=9.426377e-02 R_avg=6.490234e+00 xB_range=[0.0283, 0.0314] Meff_range=[2.8504e-02, 3.0446e+00] t_wall=2026-03-19 03:01:19
[3D] step=20480 t=2048.000000 t_real=2.283094e+03 s <x_B_tot>=1.211023e-01 vf_precip_indicator=9.415406e-02 vf_precip_h=9.426389e-02 R_avg=6.490246e+00 xB_range=[0.0283, 0.0314] Meff_range=[2.8504e-02, 3.0446e+00] t_wall=2026-03-19 03:01:32
[3D] step=20490 t=2049.000000 t_real=2.284209e+03 s <x_B_tot>=1.211024e-01 vf_precip_indicator=9.415436e-02 vf_precip_h=9.426400e-02 R_avg=6.489719e+00 xB_range=[0.0283, 0.0314] Meff_range=[2.8503e-02, 3.0446e+00] t_wall=2026-03-19 03:01:44
[3D] step=20500 t=2050.000000 t_real=2.285324e+03 s <x_B_tot>=1.211024e-01 vf_precip_indicator=9.415460e-02 vf_precip_h=9.426412e-02 R_avg=6.489587e+00 xB_range=[0.0283, 0.0314] Meff_range=[2.8503e-02, 3.0446e+00] t_wall=2026-03-19 03:01:56
[3D] step=20510 t=2051.000000 t_real=2.286438e+03 s <x_B_tot>=1.211025e-01 vf_precip_indicator=9.415382e-02 vf_precip_h=9.426424e-02 R_avg=6.489593e+00 xB_range=[0.0283, 0.0314] Meff_range=[2.8503e-02, 3.0446e+00] t_wall=2026-03-19 03:02:09
[3D] step=20520 t=2052.000000 t_real=2.287553e+03 s <x_B_tot>=1.211025e-01 vf_precip_indicator=9.415406e-02 vf_precip_h=9.426436e-02 R_avg=6.489328e+00 xB_range=[0.0283, 0.0314] Meff_range=[2.8503e-02, 3.0446e+00] t_wall=2026-03-19 03:02:21
[3D] step=20530 t=2053.000000 t_real=2.288668e+03 s <x_B_tot>=1.211026e-01 vf_precip_indicator=9.415454e-02 vf_precip_h=9.426448e-02 R_avg=6.489213e+00 xB_range=[0.0283, 0.0314] Meff_range=[2.8503e-02, 3.0445e+00] t_wall=2026-03-19 03:02:34
[3D] step=20540 t=2054.000000 t_real=2.289783e+03 s <x_B_tot>=1.211026e-01 vf_precip_indicator=9.415513e-02 vf_precip_h=9.426460e-02 R_avg=6.488943e+00 xB_range=[0.0283, 0.0314] Meff_range=[2.8503e-02, 3.0445e+00] t_wall=2026-03-19 03:02:46
[3D] step=20550 t=2055.000000 t_real=2.290898e+03 s <x_B_tot>=1.211027e-01 vf_precip_indicator=9.415543e-02 vf_precip_h=9.426472e-02 R_avg=6.489659e+00 xB_range=[0.0283, 0.0314] Meff_range=[2.8503e-02, 3.0445e+00] t_wall=2026-03-19 03:02:59
[3D] step=20560 t=2056.000000 t_real=2.292012e+03 s <x_B_tot>=1.211028e-01 vf_precip_indicator=9.415632e-02 vf_precip_h=9.426483e-02 R_avg=6.490076e+00 xB_range=[0.0283, 0.0314] Meff_range=[2.8503e-02, 3.0445e+00] t_wall=2026-03-19 03:03:11
[3D] step=20570 t=2057.000000 t_real=2.293127e+03 s <x_B_tot>=1.211028e-01 vf_precip_indicator=9.415579e-02 vf_precip_h=9.426495e-02 R_avg=6.490306e+00 xB_range=[0.0283, 0.0314] Meff_range=[2.8503e-02, 3.0445e+00] t_wall=2026-03-19 03:03:24
[3D] step=20580 t=2058.000000 t_real=2.294242e+03 s <x_B_tot>=1.211029e-01 vf_precip_indicator=9.415531e-02 vf_precip_h=9.426507e-02 R_avg=6.490436e+00 xB_range=[0.0283, 0.0314] Meff_range=[2.8503e-02, 3.0445e+00] t_wall=2026-03-19 03:03:36
[3D] step=20590 t=2059.000000 t_real=2.295357e+03 s <x_B_tot>=1.211029e-01 vf_precip_indicator=9.415495e-02 vf_precip_h=9.426519e-02 R_avg=6.490471e+00 xB_range=[0.0283, 0.0314] Meff_range=[2.8503e-02, 3.0445e+00] t_wall=2026-03-19 03:03:49
[3D] step=20600 t=2060.000000 t_real=2.296472e+03 s <x_B_tot>=1.211030e-01 vf_precip_indicator=9.415579e-02 vf_precip_h=9.426531e-02 R_avg=6.490573e+00 xB_range=[0.0283, 0.0314] Meff_range=[2.8503e-02, 3.0445e+00] t_wall=2026-03-19 03:04:01
[3D] step=20610 t=2061.000000 t_real=2.297586e+03 s <x_B_tot>=1.211030e-01 vf_precip_indicator=9.415495e-02 vf_precip_h=9.426543e-02 R_avg=6.490826e+00 xB_range=[0.0283, 0.0314] Meff_range=[2.8502e-02, 3.0445e+00] t_wall=2026-03-19 03:04:13
[3D] step=20620 t=2062.000000 t_real=2.298701e+03 s <x_B_tot>=1.211031e-01 vf_precip_indicator=9.415603e-02 vf_precip_h=9.426554e-02 R_avg=6.490841e+00 xB_range=[0.0283, 0.0314] Meff_range=[2.8502e-02, 3.0445e+00] t_wall=2026-03-19 03:04:26
[3D] step=20630 t=2063.000000 t_real=2.299816e+03 s <x_B_tot>=1.211032e-01 vf_precip_indicator=9.415609e-02 vf_precip_h=9.426566e-02 R_avg=6.491512e+00 xB_range=[0.0283, 0.0314] Meff_range=[2.8502e-02, 3.0445e+00] t_wall=2026-03-19 03:04:38
[3D] step=20640 t=2064.000000 t_real=2.300931e+03 s <x_B_tot>=1.211032e-01 vf_precip_indicator=9.415501e-02 vf_precip_h=9.426578e-02 R_avg=6.491157e+00 xB_range=[0.0283, 0.0314] Meff_range=[2.8502e-02, 3.0444e+00] t_wall=2026-03-19 03:04:51
[3D] step=20650 t=2065.000000 t_real=2.302045e+03 s <x_B_tot>=1.211033e-01 vf_precip_indicator=9.415537e-02 vf_precip_h=9.426590e-02 R_avg=6.491092e+00 xB_range=[0.0283, 0.0314] Meff_range=[2.8502e-02, 3.0444e+00] t_wall=2026-03-19 03:05:03
[3D] step=20660 t=2066.000000 t_real=2.303160e+03 s <x_B_tot>=1.211033e-01 vf_precip_indicator=9.415525e-02 vf_precip_h=9.426602e-02 R_avg=6.491380e+00 xB_range=[0.0283, 0.0314] Meff_range=[2.8502e-02, 3.0444e+00] t_wall=2026-03-19 03:05:16
[3D] step=20670 t=2067.000000 t_real=2.304275e+03 s <x_B_tot>=1.211034e-01 vf_precip_indicator=9.415692e-02 vf_precip_h=9.426614e-02 R_avg=6.491940e+00 xB_range=[0.0283, 0.0314] Meff_range=[2.8502e-02, 3.0444e+00] t_wall=2026-03-19 03:05:28
[3D] step=20680 t=2068.000000 t_real=2.305390e+03 s <x_B_tot>=1.211035e-01 vf_precip_indicator=9.415609e-02 vf_precip_h=9.426626e-02 R_avg=6.492342e+00 xB_range=[0.0283, 0.0314] Meff_range=[2.8502e-02, 3.0444e+00] t_wall=2026-03-19 03:05:41
[3D] step=20690 t=2069.000000 t_real=2.306505e+03 s <x_B_tot>=1.211035e-01 vf_precip_indicator=9.415579e-02 vf_precip_h=9.426637e-02 R_avg=6.492262e+00 xB_range=[0.0283, 0.0314] Meff_range=[2.8502e-02, 3.0444e+00] t_wall=2026-03-19 03:05:53
[3D] step=20700 t=2070.000000 t_real=2.307619e+03 s <x_B_tot>=1.211036e-01 vf_precip_indicator=9.415603e-02 vf_precip_h=9.426649e-02 R_avg=6.492294e+00 xB_range=[0.0283, 0.0314] Meff_range=[2.8502e-02, 3.0444e+00] t_wall=2026-03-19 03:06:05
[3D] step=20710 t=2071.000000 t_real=2.308734e+03 s <x_B_tot>=1.211036e-01 vf_precip_indicator=9.415728e-02 vf_precip_h=9.426661e-02 R_avg=6.491965e+00 xB_range=[0.0283, 0.0314] Meff_range=[2.8502e-02, 3.0444e+00] t_wall=2026-03-19 03:06:18
[3D] step=20720 t=2072.000000 t_real=2.309849e+03 s <x_B_tot>=1.211037e-01 vf_precip_indicator=9.415871e-02 vf_precip_h=9.426673e-02 R_avg=6.491352e+00 xB_range=[0.0283, 0.0314] Meff_range=[2.8501e-02, 3.0444e+00] t_wall=2026-03-19 03:06:30
[3D] step=20730 t=2073.000000 t_real=2.310964e+03 s <x_B_tot>=1.211037e-01 vf_precip_indicator=9.415817e-02 vf_precip_h=9.426685e-02 R_avg=6.491122e+00 xB_range=[0.0283, 0.0314] Meff_range=[2.8501e-02, 3.0444e+00] t_wall=2026-03-19 03:06:43
[3D] step=20740 t=2074.000000 t_real=2.312079e+03 s <x_B_tot>=1.211038e-01 vf_precip_indicator=9.415901e-02 vf_precip_h=9.426697e-02 R_avg=6.491298e+00 xB_range=[0.0283, 0.0314] Meff_range=[2.8501e-02, 3.0444e+00] t_wall=2026-03-19 03:06:55
[3D] step=20750 t=2075.000000 t_real=2.313193e+03 s <x_B_tot>=1.211039e-01 vf_precip_indicator=9.415853e-02 vf_precip_h=9.426708e-02 R_avg=6.491029e+00 xB_range=[0.0283, 0.0314] Meff_range=[2.8501e-02, 3.0443e+00] t_wall=2026-03-19 03:07:08
[3D] step=20760 t=2076.000000 t_real=2.314308e+03 s <x_B_tot>=1.211039e-01 vf_precip_indicator=9.415913e-02 vf_precip_h=9.426720e-02 R_avg=6.491307e+00 xB_range=[0.0283, 0.0314] Meff_range=[2.8501e-02, 3.0443e+00] t_wall=2026-03-19 03:07:20
[3D] step=20770 t=2077.000000 t_real=2.315423e+03 s <x_B_tot>=1.211040e-01 vf_precip_indicator=9.416008e-02 vf_precip_h=9.426732e-02 R_avg=6.490972e+00 xB_range=[0.0283, 0.0314] Meff_range=[2.8501e-02, 3.0443e+00] t_wall=2026-03-19 03:07:33
[3D] step=20780 t=2078.000000 t_real=2.316538e+03 s <x_B_tot>=1.211040e-01 vf_precip_indicator=9.415978e-02 vf_precip_h=9.426744e-02 R_avg=6.491352e+00 xB_range=[0.0283, 0.0314] Meff_range=[2.8501e-02, 3.0443e+00] t_wall=2026-03-19 03:07:45
[3D] step=20790 t=2079.000000 t_real=2.317653e+03 s <x_B_tot>=1.211041e-01 vf_precip_indicator=9.416014e-02 vf_precip_h=9.426756e-02 R_avg=6.490650e+00 xB_range=[0.0283, 0.0314] Meff_range=[2.8501e-02, 3.0443e+00] t_wall=2026-03-19 03:07:58
[3D] step=20800 t=2080.000000 t_real=2.318767e+03 s <x_B_tot>=1.211041e-01 vf_precip_indicator=9.416103e-02 vf_precip_h=9.426768e-02 R_avg=6.490682e+00 xB_range=[0.0283, 0.0314] Meff_range=[2.8501e-02, 3.0443e+00] t_wall=2026-03-19 03:08:10
[3D] step=20810 t=2081.000000 t_real=2.319882e+03 s <x_B_tot>=1.211042e-01 vf_precip_indicator=9.416097e-02 vf_precip_h=9.426780e-02 R_avg=6.491108e+00 xB_range=[0.0283, 0.0314] Meff_range=[2.8501e-02, 3.0443e+00] t_wall=2026-03-19 03:08:22
[3D] step=20820 t=2082.000000 t_real=2.320997e+03 s <x_B_tot>=1.211043e-01 vf_precip_indicator=9.416091e-02 vf_precip_h=9.426792e-02 R_avg=6.490971e+00 xB_range=[0.0283, 0.0314] Meff_range=[2.8501e-02, 3.0443e+00] t_wall=2026-03-19 03:08:35
[3D] step=20830 t=2083.000000 t_real=2.322112e+03 s <x_B_tot>=1.211043e-01 vf_precip_indicator=9.416109e-02 vf_precip_h=9.426803e-02 R_avg=6.491531e+00 xB_range=[0.0283, 0.0314] Meff_range=[2.8500e-02, 3.0443e+00] t_wall=2026-03-19 03:08:47
[3D] step=20840 t=2084.000000 t_real=2.323227e+03 s <x_B_tot>=1.211044e-01 vf_precip_indicator=9.416097e-02 vf_precip_h=9.426815e-02 R_avg=6.491864e+00 xB_range=[0.0283, 0.0314] Meff_range=[2.8500e-02, 3.0443e+00] t_wall=2026-03-19 03:09:00
[3D] step=20850 t=2085.000000 t_real=2.324341e+03 s <x_B_tot>=1.211044e-01 vf_precip_indicator=9.416217e-02 vf_precip_h=9.426827e-02 R_avg=6.491279e+00 xB_range=[0.0283, 0.0314] Meff_range=[2.8500e-02, 3.0442e+00] t_wall=2026-03-19 03:09:12
[3D] step=20860 t=2086.000000 t_real=2.325456e+03 s <x_B_tot>=1.211045e-01 vf_precip_indicator=9.416181e-02 vf_precip_h=9.426839e-02 R_avg=6.490973e+00 xB_range=[0.0283, 0.0314] Meff_range=[2.8500e-02, 3.0442e+00] t_wall=2026-03-19 03:09:25
[3D] step=20870 t=2087.000000 t_real=2.326571e+03 s <x_B_tot>=1.211045e-01 vf_precip_indicator=9.416008e-02 vf_precip_h=9.426851e-02 R_avg=6.490306e+00 xB_range=[0.0283, 0.0314] Meff_range=[2.8500e-02, 3.0442e+00] t_wall=2026-03-19 03:09:37
[3D] step=20880 t=2088.000000 t_real=2.327686e+03 s <x_B_tot>=1.211046e-01 vf_precip_indicator=9.415954e-02 vf_precip_h=9.426863e-02 R_avg=6.490046e+00 xB_range=[0.0283, 0.0314] Meff_range=[2.8500e-02, 3.0442e+00] t_wall=2026-03-19 03:09:50
[3D] step=20890 t=2089.000000 t_real=2.328800e+03 s <x_B_tot>=1.211047e-01 vf_precip_indicator=9.416014e-02 vf_precip_h=9.426875e-02 R_avg=6.490369e+00 xB_range=[0.0283, 0.0314] Meff_range=[2.8500e-02, 3.0442e+00] t_wall=2026-03-19 03:10:02
[3D] step=20900 t=2090.000000 t_real=2.329915e+03 s <x_B_tot>=1.211047e-01 vf_precip_indicator=9.416014e-02 vf_precip_h=9.426886e-02 R_avg=6.490443e+00 xB_range=[0.0283, 0.0314] Meff_range=[2.8500e-02, 3.0442e+00] t_wall=2026-03-19 03:10:15
[3D] step=20910 t=2091.000000 t_real=2.331030e+03 s <x_B_tot>=1.211048e-01 vf_precip_indicator=9.416044e-02 vf_precip_h=9.426898e-02 R_avg=6.490597e+00 xB_range=[0.0283, 0.0314] Meff_range=[2.8500e-02, 3.0442e+00] t_wall=2026-03-19 03:10:27
[3D] step=20920 t=2092.000000 t_real=2.332145e+03 s <x_B_tot>=1.211048e-01 vf_precip_indicator=9.415972e-02 vf_precip_h=9.426910e-02 R_avg=6.490681e+00 xB_range=[0.0283, 0.0314] Meff_range=[2.8500e-02, 3.0442e+00] t_wall=2026-03-19 03:10:39
[3D] step=20930 t=2093.000000 t_real=2.333260e+03 s <x_B_tot>=1.211049e-01 vf_precip_indicator=9.415811e-02 vf_precip_h=9.426922e-02 R_avg=6.490215e+00 xB_range=[0.0283, 0.0314] Meff_range=[2.8500e-02, 3.0442e+00] t_wall=2026-03-19 03:10:52
[3D] step=20940 t=2094.000000 t_real=2.334374e+03 s <x_B_tot>=1.211049e-01 vf_precip_indicator=9.415871e-02 vf_precip_h=9.426934e-02 R_avg=6.489826e+00 xB_range=[0.0283, 0.0314] Meff_range=[2.8500e-02, 3.0442e+00] t_wall=2026-03-19 03:11:04
[3D] step=20950 t=2095.000000 t_real=2.335489e+03 s <x_B_tot>=1.211050e-01 vf_precip_indicator=9.416038e-02 vf_precip_h=9.426946e-02 R_avg=6.489867e+00 xB_range=[0.0283, 0.0314] Meff_range=[2.8499e-02, 3.0442e+00] t_wall=2026-03-19 03:11:17
[3D] step=20960 t=2096.000000 t_real=2.336604e+03 s <x_B_tot>=1.211051e-01 vf_precip_indicator=9.416085e-02 vf_precip_h=9.426958e-02 R_avg=6.489663e+00 xB_range=[0.0283, 0.0314] Meff_range=[2.8499e-02, 3.0441e+00] t_wall=2026-03-19 03:11:29
[3D] step=20970 t=2097.000000 t_real=2.337719e+03 s <x_B_tot>=1.211051e-01 vf_precip_indicator=9.416074e-02 vf_precip_h=9.426970e-02 R_avg=6.490099e+00 xB_range=[0.0283, 0.0314] Meff_range=[2.8499e-02, 3.0441e+00] t_wall=2026-03-19 03:11:42
[3D] step=20980 t=2098.000000 t_real=2.338834e+03 s <x_B_tot>=1.211052e-01 vf_precip_indicator=9.415984e-02 vf_precip_h=9.426981e-02 R_avg=6.489623e+00 xB_range=[0.0283, 0.0314] Meff_range=[2.8499e-02, 3.0441e+00] t_wall=2026-03-19 03:11:54
[3D] step=20990 t=2099.000000 t_real=2.339948e+03 s <x_B_tot>=1.211052e-01 vf_precip_indicator=9.415925e-02 vf_precip_h=9.426993e-02 R_avg=6.489493e+00 xB_range=[0.0283, 0.0314] Meff_range=[2.8499e-02, 3.0441e+00] t_wall=2026-03-19 03:12:07
[3D] step=21000 t=2100.000000 t_real=2.341063e+03 s <x_B_tot>=1.211053e-01 vf_precip_indicator=9.415805e-02 vf_precip_h=9.427005e-02 R_avg=6.489233e+00 xB_range=[0.0283, 0.0314] Meff_range=[2.8499e-02, 3.0441e+00] t_wall=2026-03-19 03:12:19
[3D] step=21010 t=2101.000000 t_real=2.342178e+03 s <x_B_tot>=1.211054e-01 vf_precip_indicator=9.415758e-02 vf_precip_h=9.427017e-02 R_avg=6.489259e+00 xB_range=[0.0283, 0.0314] Meff_range=[2.8499e-02, 3.0441e+00] t_wall=2026-03-19 03:12:32
[3D] step=21020 t=2102.000000 t_real=2.343293e+03 s <x_B_tot>=1.211054e-01 vf_precip_indicator=9.415746e-02 vf_precip_h=9.427029e-02 R_avg=6.490051e+00 xB_range=[0.0283, 0.0314] Meff_range=[2.8499e-02, 3.0441e+00] t_wall=2026-03-19 03:12:44
[3D] step=21030 t=2103.000000 t_real=2.344408e+03 s <x_B_tot>=1.211055e-01 vf_precip_indicator=9.415555e-02 vf_precip_h=9.427041e-02 R_avg=6.490304e+00 xB_range=[0.0283, 0.0314] Meff_range=[2.8499e-02, 3.0441e+00] t_wall=2026-03-19 03:12:56
[3D] step=21040 t=2104.000000 t_real=2.345522e+03 s <x_B_tot>=1.211055e-01 vf_precip_indicator=9.415662e-02 vf_precip_h=9.427053e-02 R_avg=6.490171e+00 xB_range=[0.0283, 0.0314] Meff_range=[2.8499e-02, 3.0441e+00] t_wall=2026-03-19 03:13:09
[3D] step=21050 t=2105.000000 t_real=2.346637e+03 s <x_B_tot>=1.211056e-01 vf_precip_indicator=9.415704e-02 vf_precip_h=9.427065e-02 R_avg=6.490096e+00 xB_range=[0.0283, 0.0314] Meff_range=[2.8499e-02, 3.0441e+00] t_wall=2026-03-19 03:13:21
[3D] step=21060 t=2106.000000 t_real=2.347752e+03 s <x_B_tot>=1.211056e-01 vf_precip_indicator=9.415728e-02 vf_precip_h=9.427076e-02 R_avg=6.490246e+00 xB_range=[0.0283, 0.0314] Meff_range=[2.8498e-02, 3.0441e+00] t_wall=2026-03-19 03:13:34
[3D] step=21070 t=2107.000000 t_real=2.348867e+03 s <x_B_tot>=1.211057e-01 vf_precip_indicator=9.415847e-02 vf_precip_h=9.427088e-02 R_avg=6.490580e+00 xB_range=[0.0283, 0.0314] Meff_range=[2.8498e-02, 3.0440e+00] t_wall=2026-03-19 03:13:46
[3D] step=21080 t=2108.000000 t_real=2.349982e+03 s <x_B_tot>=1.211058e-01 vf_precip_indicator=9.415734e-02 vf_precip_h=9.427100e-02 R_avg=6.491272e+00 xB_range=[0.0283, 0.0314] Meff_range=[2.8498e-02, 3.0440e+00] t_wall=2026-03-19 03:13:59
[3D] step=21090 t=2109.000000 t_real=2.351096e+03 s <x_B_tot>=1.211058e-01 vf_precip_indicator=9.415704e-02 vf_precip_h=9.427112e-02 R_avg=6.491667e+00 xB_range=[0.0283, 0.0314] Meff_range=[2.8498e-02, 3.0440e+00] t_wall=2026-03-19 03:14:11
[3D] step=21100 t=2110.000000 t_real=2.352211e+03 s <x_B_tot>=1.211059e-01 vf_precip_indicator=9.415776e-02 vf_precip_h=9.427124e-02 R_avg=6.491716e+00 xB_range=[0.0283, 0.0314] Meff_range=[2.8498e-02, 3.0440e+00] t_wall=2026-03-19 03:14:24
[3D] step=21110 t=2111.000000 t_real=2.353326e+03 s <x_B_tot>=1.211059e-01 vf_precip_indicator=9.415793e-02 vf_precip_h=9.427136e-02 R_avg=6.491802e+00 xB_range=[0.0283, 0.0314] Meff_range=[2.8498e-02, 3.0440e+00] t_wall=2026-03-19 03:14:36
[3D] step=21120 t=2112.000000 t_real=2.354441e+03 s <x_B_tot>=1.211060e-01 vf_precip_indicator=9.415740e-02 vf_precip_h=9.427148e-02 R_avg=6.492255e+00 xB_range=[0.0283, 0.0314] Meff_range=[2.8498e-02, 3.0440e+00] t_wall=2026-03-19 03:14:48
[3D] step=21130 t=2113.000000 t_real=2.355555e+03 s <x_B_tot>=1.211060e-01 vf_precip_indicator=9.415627e-02 vf_precip_h=9.427160e-02 R_avg=6.491776e+00 xB_range=[0.0283, 0.0314] Meff_range=[2.8498e-02, 3.0440e+00] t_wall=2026-03-19 03:15:01
[3D] step=21140 t=2114.000000 t_real=2.356670e+03 s <x_B_tot>=1.211061e-01 vf_precip_indicator=9.415650e-02 vf_precip_h=9.427171e-02 R_avg=6.492045e+00 xB_range=[0.0283, 0.0314] Meff_range=[2.8498e-02, 3.0440e+00] t_wall=2026-03-19 03:15:13
[3D] step=21150 t=2115.000000 t_real=2.357785e+03 s <x_B_tot>=1.211062e-01 vf_precip_indicator=9.415668e-02 vf_precip_h=9.427183e-02 R_avg=6.492472e+00 xB_range=[0.0283, 0.0314] Meff_range=[2.8498e-02, 3.0440e+00] t_wall=2026-03-19 03:15:26
[3D] step=21160 t=2116.000000 t_real=2.358900e+03 s <x_B_tot>=1.211062e-01 vf_precip_indicator=9.415525e-02 vf_precip_h=9.427195e-02 R_avg=6.492655e+00 xB_range=[0.0283, 0.0314] Meff_range=[2.8498e-02, 3.0440e+00] t_wall=2026-03-19 03:15:38
[3D] step=21170 t=2117.000000 t_real=2.360015e+03 s <x_B_tot>=1.211063e-01 vf_precip_indicator=9.415489e-02 vf_precip_h=9.427207e-02 R_avg=6.493283e+00 xB_range=[0.0283, 0.0314] Meff_range=[2.8498e-02, 3.0439e+00] t_wall=2026-03-19 03:15:51
[3D] step=21180 t=2118.000000 t_real=2.361129e+03 s <x_B_tot>=1.211063e-01 vf_precip_indicator=9.415579e-02 vf_precip_h=9.427219e-02 R_avg=6.493967e+00 xB_range=[0.0283, 0.0314] Meff_range=[2.8497e-02, 3.0439e+00] t_wall=2026-03-19 03:16:03
[3D] step=21190 t=2119.000000 t_real=2.362244e+03 s <x_B_tot>=1.211064e-01 vf_precip_indicator=9.415674e-02 vf_precip_h=9.427231e-02 R_avg=6.494256e+00 xB_range=[0.0283, 0.0314] Meff_range=[2.8497e-02, 3.0439e+00] t_wall=2026-03-19 03:16:16
[3D] step=21200 t=2120.000000 t_real=2.363359e+03 s <x_B_tot>=1.211064e-01 vf_precip_indicator=9.415609e-02 vf_precip_h=9.427243e-02 R_avg=6.494581e+00 xB_range=[0.0283, 0.0314] Meff_range=[2.8497e-02, 3.0439e+00] t_wall=2026-03-19 03:16:28
[3D] step=21210 t=2121.000000 t_real=2.364474e+03 s <x_B_tot>=1.211065e-01 vf_precip_indicator=9.415615e-02 vf_precip_h=9.427255e-02 R_avg=6.494689e+00 xB_range=[0.0283, 0.0314] Meff_range=[2.8497e-02, 3.0439e+00] t_wall=2026-03-19 03:16:41
[3D] step=21220 t=2122.000000 t_real=2.365589e+03 s <x_B_tot>=1.211066e-01 vf_precip_indicator=9.415650e-02 vf_precip_h=9.427267e-02 R_avg=6.494847e+00 xB_range=[0.0283, 0.0314] Meff_range=[2.8497e-02, 3.0439e+00] t_wall=2026-03-19 03:16:53
[3D] step=21230 t=2123.000000 t_real=2.366703e+03 s <x_B_tot>=1.211066e-01 vf_precip_indicator=9.415740e-02 vf_precip_h=9.427278e-02 R_avg=6.494968e+00 xB_range=[0.0283, 0.0314] Meff_range=[2.8497e-02, 3.0439e+00] t_wall=2026-03-19 03:17:05
[3D] step=21240 t=2124.000000 t_real=2.367818e+03 s <x_B_tot>=1.211067e-01 vf_precip_indicator=9.415907e-02 vf_precip_h=9.427290e-02 R_avg=6.495336e+00 xB_range=[0.0283, 0.0314] Meff_range=[2.8497e-02, 3.0439e+00] t_wall=2026-03-19 03:17:18
[3D] step=21250 t=2125.000000 t_real=2.368933e+03 s <x_B_tot>=1.211067e-01 vf_precip_indicator=9.415889e-02 vf_precip_h=9.427302e-02 R_avg=6.495516e+00 xB_range=[0.0283, 0.0314] Meff_range=[2.8497e-02, 3.0439e+00] t_wall=2026-03-19 03:17:30
[3D] step=21260 t=2126.000000 t_real=2.370048e+03 s <x_B_tot>=1.211068e-01 vf_precip_indicator=9.416008e-02 vf_precip_h=9.427314e-02 R_avg=6.495094e+00 xB_range=[0.0283, 0.0314] Meff_range=[2.8497e-02, 3.0439e+00] t_wall=2026-03-19 03:17:43
[3D] step=21270 t=2127.000000 t_real=2.371163e+03 s <x_B_tot>=1.211069e-01 vf_precip_indicator=9.416091e-02 vf_precip_h=9.427326e-02 R_avg=6.495063e+00 xB_range=[0.0283, 0.0314] Meff_range=[2.8497e-02, 3.0439e+00] t_wall=2026-03-19 03:17:55
[3D] step=21280 t=2128.000000 t_real=2.372277e+03 s <x_B_tot>=1.211069e-01 vf_precip_indicator=9.416169e-02 vf_precip_h=9.427338e-02 R_avg=6.495012e+00 xB_range=[0.0283, 0.0314] Meff_range=[2.8497e-02, 3.0438e+00] t_wall=2026-03-19 03:18:08
[3D] step=21290 t=2129.000000 t_real=2.373392e+03 s <x_B_tot>=1.211070e-01 vf_precip_indicator=9.416175e-02 vf_precip_h=9.427350e-02 R_avg=6.495165e+00 xB_range=[0.0283, 0.0314] Meff_range=[2.8496e-02, 3.0438e+00] t_wall=2026-03-19 03:18:20
[3D] step=21300 t=2130.000000 t_real=2.374507e+03 s <x_B_tot>=1.211070e-01 vf_precip_indicator=9.416151e-02 vf_precip_h=9.427362e-02 R_avg=6.495089e+00 xB_range=[0.0283, 0.0314] Meff_range=[2.8496e-02, 3.0438e+00] t_wall=2026-03-19 03:18:33
[3D] step=21310 t=2131.000000 t_real=2.375622e+03 s <x_B_tot>=1.211071e-01 vf_precip_indicator=9.416211e-02 vf_precip_h=9.427374e-02 R_avg=6.495234e+00 xB_range=[0.0283, 0.0314] Meff_range=[2.8496e-02, 3.0438e+00] t_wall=2026-03-19 03:18:45
[3D] step=21320 t=2132.000000 t_real=2.376737e+03 s <x_B_tot>=1.211071e-01 vf_precip_indicator=9.416181e-02 vf_precip_h=9.427386e-02 R_avg=6.494887e+00 xB_range=[0.0283, 0.0314] Meff_range=[2.8496e-02, 3.0438e+00] t_wall=2026-03-19 03:18:58
[3D] step=21330 t=2133.000000 t_real=2.377851e+03 s <x_B_tot>=1.211072e-01 vf_precip_indicator=9.416252e-02 vf_precip_h=9.427397e-02 R_avg=6.494743e+00 xB_range=[0.0283, 0.0314] Meff_range=[2.8496e-02, 3.0438e+00] t_wall=2026-03-19 03:19:10
[3D] step=21340 t=2134.000000 t_real=2.378966e+03 s <x_B_tot>=1.211073e-01 vf_precip_indicator=9.416103e-02 vf_precip_h=9.427409e-02 R_avg=6.494225e+00 xB_range=[0.0283, 0.0314] Meff_range=[2.8496e-02, 3.0438e+00] t_wall=2026-03-19 03:19:22
[3D] step=21350 t=2135.000000 t_real=2.380081e+03 s <x_B_tot>=1.211073e-01 vf_precip_indicator=9.416068e-02 vf_precip_h=9.427421e-02 R_avg=6.494675e+00 xB_range=[0.0283, 0.0314] Meff_range=[2.8496e-02, 3.0438e+00] t_wall=2026-03-19 03:19:35
[3D] step=21360 t=2136.000000 t_real=2.381196e+03 s <x_B_tot>=1.211074e-01 vf_precip_indicator=9.416223e-02 vf_precip_h=9.427433e-02 R_avg=6.495123e+00 xB_range=[0.0283, 0.0314] Meff_range=[2.8496e-02, 3.0438e+00] t_wall=2026-03-19 03:19:47
[3D] step=21370 t=2137.000000 t_real=2.382311e+03 s <x_B_tot>=1.211074e-01 vf_precip_indicator=9.416121e-02 vf_precip_h=9.427445e-02 R_avg=6.495528e+00 xB_range=[0.0283, 0.0314] Meff_range=[2.8496e-02, 3.0438e+00] t_wall=2026-03-19 03:20:00
[3D] step=21380 t=2138.000000 t_real=2.383425e+03 s <x_B_tot>=1.211075e-01 vf_precip_indicator=9.416115e-02 vf_precip_h=9.427457e-02 R_avg=6.495984e+00 xB_range=[0.0283, 0.0314] Meff_range=[2.8496e-02, 3.0437e+00] t_wall=2026-03-19 03:20:12
[3D] step=21390 t=2139.000000 t_real=2.384540e+03 s <x_B_tot>=1.211075e-01 vf_precip_indicator=9.415907e-02 vf_precip_h=9.427469e-02 R_avg=6.495707e+00 xB_range=[0.0283, 0.0314] Meff_range=[2.8496e-02, 3.0437e+00] t_wall=2026-03-19 03:20:25
[3D] step=21400 t=2140.000000 t_real=2.385655e+03 s <x_B_tot>=1.211076e-01 vf_precip_indicator=9.415793e-02 vf_precip_h=9.427481e-02 R_avg=6.495406e+00 xB_range=[0.0283, 0.0314] Meff_range=[2.8495e-02, 3.0437e+00] t_wall=2026-03-19 03:20:37
[3D] step=21410 t=2141.000000 t_real=2.386770e+03 s <x_B_tot>=1.211077e-01 vf_precip_indicator=9.415764e-02 vf_precip_h=9.427493e-02 R_avg=6.495623e+00 xB_range=[0.0283, 0.0314] Meff_range=[2.8495e-02, 3.0437e+00] t_wall=2026-03-19 03:20:50
[3D] step=21420 t=2142.000000 t_real=2.387884e+03 s <x_B_tot>=1.211077e-01 vf_precip_indicator=9.415781e-02 vf_precip_h=9.427505e-02 R_avg=6.495739e+00 xB_range=[0.0283, 0.0314] Meff_range=[2.8495e-02, 3.0437e+00] t_wall=2026-03-19 03:21:02
[3D] step=21430 t=2143.000000 t_real=2.388999e+03 s <x_B_tot>=1.211078e-01 vf_precip_indicator=9.415734e-02 vf_precip_h=9.427516e-02 R_avg=6.496047e+00 xB_range=[0.0283, 0.0314] Meff_range=[2.8495e-02, 3.0437e+00] t_wall=2026-03-19 03:21:15
[3D] step=21440 t=2144.000000 t_real=2.390114e+03 s <x_B_tot>=1.211078e-01 vf_precip_indicator=9.415740e-02 vf_precip_h=9.427528e-02 R_avg=6.496052e+00 xB_range=[0.0283, 0.0314] Meff_range=[2.8495e-02, 3.0437e+00] t_wall=2026-03-19 03:21:27
[3D] step=21450 t=2145.000000 t_real=2.391229e+03 s <x_B_tot>=1.211079e-01 vf_precip_indicator=9.415746e-02 vf_precip_h=9.427540e-02 R_avg=6.496353e+00 xB_range=[0.0283, 0.0314] Meff_range=[2.8495e-02, 3.0437e+00] t_wall=2026-03-19 03:21:39
[3D] step=21460 t=2146.000000 t_real=2.392344e+03 s <x_B_tot>=1.211079e-01 vf_precip_indicator=9.415728e-02 vf_precip_h=9.427552e-02 R_avg=6.496459e+00 xB_range=[0.0283, 0.0314] Meff_range=[2.8495e-02, 3.0437e+00] t_wall=2026-03-19 03:21:52
[3D] step=21470 t=2147.000000 t_real=2.393458e+03 s <x_B_tot>=1.211080e-01 vf_precip_indicator=9.415829e-02 vf_precip_h=9.427564e-02 R_avg=6.496321e+00 xB_range=[0.0283, 0.0314] Meff_range=[2.8495e-02, 3.0437e+00] t_wall=2026-03-19 03:22:04
[3D] step=21480 t=2148.000000 t_real=2.394573e+03 s <x_B_tot>=1.211081e-01 vf_precip_indicator=9.415823e-02 vf_precip_h=9.427576e-02 R_avg=6.495619e+00 xB_range=[0.0283, 0.0314] Meff_range=[2.8495e-02, 3.0437e+00] t_wall=2026-03-19 03:22:17
[3D] step=21490 t=2149.000000 t_real=2.395688e+03 s <x_B_tot>=1.211081e-01 vf_precip_indicator=9.415835e-02 vf_precip_h=9.427588e-02 R_avg=6.495346e+00 xB_range=[0.0283, 0.0314] Meff_range=[2.8495e-02, 3.0436e+00] t_wall=2026-03-19 03:22:29
[3D] step=21500 t=2150.000000 t_real=2.396803e+03 s <x_B_tot>=1.211082e-01 vf_precip_indicator=9.415907e-02 vf_precip_h=9.427600e-02 R_avg=6.495529e+00 xB_range=[0.0283, 0.0314] Meff_range=[2.8495e-02, 3.0436e+00] t_wall=2026-03-19 03:22:42
[3D] step=21510 t=2151.000000 t_real=2.397918e+03 s <x_B_tot>=1.211082e-01 vf_precip_indicator=9.415972e-02 vf_precip_h=9.427612e-02 R_avg=6.495633e+00 xB_range=[0.0283, 0.0314] Meff_range=[2.8495e-02, 3.0436e+00] t_wall=2026-03-19 03:22:54
[3D] step=21520 t=2152.000000 t_real=2.399032e+03 s <x_B_tot>=1.211083e-01 vf_precip_indicator=9.416038e-02 vf_precip_h=9.427624e-02 R_avg=6.495827e+00 xB_range=[0.0283, 0.0314] Meff_range=[2.8494e-02, 3.0436e+00] t_wall=2026-03-19 03:23:07
[3D] step=21530 t=2153.000000 t_real=2.400147e+03 s <x_B_tot>=1.211084e-01 vf_precip_indicator=9.416097e-02 vf_precip_h=9.427636e-02 R_avg=6.496506e+00 xB_range=[0.0283, 0.0314] Meff_range=[2.8494e-02, 3.0436e+00] t_wall=2026-03-19 03:23:19
[3D] step=21540 t=2154.000000 t_real=2.401262e+03 s <x_B_tot>=1.211084e-01 vf_precip_indicator=9.415931e-02 vf_precip_h=9.427647e-02 R_avg=6.497000e+00 xB_range=[0.0283, 0.0314] Meff_range=[2.8494e-02, 3.0436e+00] t_wall=2026-03-19 03:23:31
[3D] step=21550 t=2155.000000 t_real=2.402377e+03 s <x_B_tot>=1.211085e-01 vf_precip_indicator=9.416091e-02 vf_precip_h=9.427659e-02 R_avg=6.496873e+00 xB_range=[0.0283, 0.0314] Meff_range=[2.8494e-02, 3.0436e+00] t_wall=2026-03-19 03:23:44
[3D] step=21560 t=2156.000000 t_real=2.403492e+03 s <x_B_tot>=1.211085e-01 vf_precip_indicator=9.416085e-02 vf_precip_h=9.427671e-02 R_avg=6.497389e+00 xB_range=[0.0283, 0.0314] Meff_range=[2.8494e-02, 3.0436e+00] t_wall=2026-03-19 03:23:56
[3D] step=21570 t=2157.000000 t_real=2.404606e+03 s <x_B_tot>=1.211086e-01 vf_precip_indicator=9.416133e-02 vf_precip_h=9.427683e-02 R_avg=6.497511e+00 xB_range=[0.0283, 0.0314] Meff_range=[2.8494e-02, 3.0436e+00] t_wall=2026-03-19 03:24:09
[3D] step=21580 t=2158.000000 t_real=2.405721e+03 s <x_B_tot>=1.211086e-01 vf_precip_indicator=9.416234e-02 vf_precip_h=9.427695e-02 R_avg=6.497744e+00 xB_range=[0.0283, 0.0314] Meff_range=[2.8494e-02, 3.0436e+00] t_wall=2026-03-19 03:24:21
[3D] step=21590 t=2159.000000 t_real=2.406836e+03 s <x_B_tot>=1.211087e-01 vf_precip_indicator=9.416264e-02 vf_precip_h=9.427707e-02 R_avg=6.497913e+00 xB_range=[0.0283, 0.0314] Meff_range=[2.8494e-02, 3.0435e+00] t_wall=2026-03-19 03:24:34
[3D] step=21600 t=2160.000000 t_real=2.407951e+03 s <x_B_tot>=1.211088e-01 vf_precip_indicator=9.416449e-02 vf_precip_h=9.427719e-02 R_avg=6.497699e+00 xB_range=[0.0283, 0.0314] Meff_range=[2.8494e-02, 3.0435e+00] t_wall=2026-03-19 03:24:46
[3D] step=21610 t=2161.000000 t_real=2.409066e+03 s <x_B_tot>=1.211088e-01 vf_precip_indicator=9.416330e-02 vf_precip_h=9.427731e-02 R_avg=6.497839e+00 xB_range=[0.0283, 0.0314] Meff_range=[2.8494e-02, 3.0435e+00] t_wall=2026-03-19 03:24:59
[3D] step=21620 t=2162.000000 t_real=2.410180e+03 s <x_B_tot>=1.211089e-01 vf_precip_indicator=9.416425e-02 vf_precip_h=9.427743e-02 R_avg=6.497697e+00 xB_range=[0.0283, 0.0314] Meff_range=[2.8494e-02, 3.0435e+00] t_wall=2026-03-19 03:25:11
[3D] step=21630 t=2163.000000 t_real=2.411295e+03 s <x_B_tot>=1.211089e-01 vf_precip_indicator=9.416407e-02 vf_precip_h=9.427755e-02 R_avg=6.497373e+00 xB_range=[0.0283, 0.0314] Meff_range=[2.8493e-02, 3.0435e+00] t_wall=2026-03-19 03:25:24
[3D] step=21640 t=2164.000000 t_real=2.412410e+03 s <x_B_tot>=1.211090e-01 vf_precip_indicator=9.416360e-02 vf_precip_h=9.427767e-02 R_avg=6.497207e+00 xB_range=[0.0283, 0.0314] Meff_range=[2.8493e-02, 3.0435e+00] t_wall=2026-03-19 03:25:36
[3D] step=21650 t=2165.000000 t_real=2.413525e+03 s <x_B_tot>=1.211090e-01 vf_precip_indicator=9.416389e-02 vf_precip_h=9.427779e-02 R_avg=6.496693e+00 xB_range=[0.0283, 0.0314] Meff_range=[2.8493e-02, 3.0435e+00] t_wall=2026-03-19 03:25:48
[3D] step=21660 t=2166.000000 t_real=2.414639e+03 s <x_B_tot>=1.211091e-01 vf_precip_indicator=9.416264e-02 vf_precip_h=9.427790e-02 R_avg=6.496948e+00 xB_range=[0.0283, 0.0314] Meff_range=[2.8493e-02, 3.0435e+00] t_wall=2026-03-19 03:26:01
[3D] step=21670 t=2167.000000 t_real=2.415754e+03 s <x_B_tot>=1.211092e-01 vf_precip_indicator=9.416181e-02 vf_precip_h=9.427802e-02 R_avg=6.496237e+00 xB_range=[0.0283, 0.0314] Meff_range=[2.8493e-02, 3.0435e+00] t_wall=2026-03-19 03:26:13
[3D] step=21680 t=2168.000000 t_real=2.416869e+03 s <x_B_tot>=1.211092e-01 vf_precip_indicator=9.416211e-02 vf_precip_h=9.427814e-02 R_avg=6.495991e+00 xB_range=[0.0283, 0.0314] Meff_range=[2.8493e-02, 3.0435e+00] t_wall=2026-03-19 03:26:26
[3D] step=21690 t=2169.000000 t_real=2.417984e+03 s <x_B_tot>=1.211093e-01 vf_precip_indicator=9.416223e-02 vf_precip_h=9.427826e-02 R_avg=6.495969e+00 xB_range=[0.0283, 0.0314] Meff_range=[2.8493e-02, 3.0435e+00] t_wall=2026-03-19 03:26:38
[3D] step=21700 t=2170.000000 t_real=2.419099e+03 s <x_B_tot>=1.211093e-01 vf_precip_indicator=9.416205e-02 vf_precip_h=9.427838e-02 R_avg=6.496105e+00 xB_range=[0.0283, 0.0314] Meff_range=[2.8493e-02, 3.0434e+00] t_wall=2026-03-19 03:26:51
[3D] step=21710 t=2171.000000 t_real=2.420213e+03 s <x_B_tot>=1.211094e-01 vf_precip_indicator=9.416151e-02 vf_precip_h=9.427850e-02 R_avg=6.495668e+00 xB_range=[0.0283, 0.0314] Meff_range=[2.8493e-02, 3.0434e+00] t_wall=2026-03-19 03:27:03
[3D] step=21720 t=2172.000000 t_real=2.421328e+03 s <x_B_tot>=1.211095e-01 vf_precip_indicator=9.416264e-02 vf_precip_h=9.427862e-02 R_avg=6.495449e+00 xB_range=[0.0283, 0.0314] Meff_range=[2.8493e-02, 3.0434e+00] t_wall=2026-03-19 03:27:16
[3D] step=21730 t=2173.000000 t_real=2.422443e+03 s <x_B_tot>=1.211095e-01 vf_precip_indicator=9.416097e-02 vf_precip_h=9.427874e-02 R_avg=6.494785e+00 xB_range=[0.0283, 0.0314] Meff_range=[2.8493e-02, 3.0434e+00] t_wall=2026-03-19 03:27:28
[3D] step=21740 t=2174.000000 t_real=2.423558e+03 s <x_B_tot>=1.211096e-01 vf_precip_indicator=9.416103e-02 vf_precip_h=9.427886e-02 R_avg=6.494878e+00 xB_range=[0.0283, 0.0314] Meff_range=[2.8493e-02, 3.0434e+00] t_wall=2026-03-19 03:27:41
[3D] step=21750 t=2175.000000 t_real=2.424673e+03 s <x_B_tot>=1.211096e-01 vf_precip_indicator=9.415948e-02 vf_precip_h=9.427898e-02 R_avg=6.494727e+00 xB_range=[0.0283, 0.0314] Meff_range=[2.8492e-02, 3.0434e+00] t_wall=2026-03-19 03:27:53
[3D] step=21760 t=2176.000000 t_real=2.425787e+03 s <x_B_tot>=1.211097e-01 vf_precip_indicator=9.415913e-02 vf_precip_h=9.427910e-02 R_avg=6.495043e+00 xB_range=[0.0283, 0.0314] Meff_range=[2.8492e-02, 3.0434e+00] t_wall=2026-03-19 03:28:05
[3D] step=21770 t=2177.000000 t_real=2.426902e+03 s <x_B_tot>=1.211097e-01 vf_precip_indicator=9.416074e-02 vf_precip_h=9.427922e-02 R_avg=6.495050e+00 xB_range=[0.0283, 0.0314] Meff_range=[2.8492e-02, 3.0434e+00] t_wall=2026-03-19 03:28:18
[3D] step=21780 t=2178.000000 t_real=2.428017e+03 s <x_B_tot>=1.211098e-01 vf_precip_indicator=9.416103e-02 vf_precip_h=9.427934e-02 R_avg=6.495012e+00 xB_range=[0.0283, 0.0314] Meff_range=[2.8492e-02, 3.0434e+00] t_wall=2026-03-19 03:28:30
[3D] step=21790 t=2179.000000 t_real=2.429132e+03 s <x_B_tot>=1.211099e-01 vf_precip_indicator=9.416163e-02 vf_precip_h=9.427945e-02 R_avg=6.494949e+00 xB_range=[0.0283, 0.0314] Meff_range=[2.8492e-02, 3.0434e+00] t_wall=2026-03-19 03:28:43
[3D] step=21800 t=2180.000000 t_real=2.430247e+03 s <x_B_tot>=1.211099e-01 vf_precip_indicator=9.416294e-02 vf_precip_h=9.427957e-02 R_avg=6.495173e+00 xB_range=[0.0283, 0.0314] Meff_range=[2.8492e-02, 3.0433e+00] t_wall=2026-03-19 03:28:55
[3D] step=21810 t=2181.000000 t_real=2.431361e+03 s <x_B_tot>=1.211100e-01 vf_precip_indicator=9.416038e-02 vf_precip_h=9.427969e-02 R_avg=6.495070e+00 xB_range=[0.0283, 0.0314] Meff_range=[2.8492e-02, 3.0433e+00] t_wall=2026-03-19 03:29:08
[3D] step=21820 t=2182.000000 t_real=2.432476e+03 s <x_B_tot>=1.211100e-01 vf_precip_indicator=9.416091e-02 vf_precip_h=9.427981e-02 R_avg=6.495226e+00 xB_range=[0.0283, 0.0314] Meff_range=[2.8492e-02, 3.0433e+00] t_wall=2026-03-19 03:29:20
[3D] step=21830 t=2183.000000 t_real=2.433591e+03 s <x_B_tot>=1.211101e-01 vf_precip_indicator=9.416014e-02 vf_precip_h=9.427993e-02 R_avg=6.495143e+00 xB_range=[0.0283, 0.0314] Meff_range=[2.8492e-02, 3.0433e+00] t_wall=2026-03-19 03:29:33
[3D] step=21840 t=2184.000000 t_real=2.434706e+03 s <x_B_tot>=1.211101e-01 vf_precip_indicator=9.415984e-02 vf_precip_h=9.428005e-02 R_avg=6.494603e+00 xB_range=[0.0283, 0.0314] Meff_range=[2.8492e-02, 3.0433e+00] t_wall=2026-03-19 03:29:45
[3D] step=21850 t=2185.000000 t_real=2.435821e+03 s <x_B_tot>=1.211102e-01 vf_precip_indicator=9.416068e-02 vf_precip_h=9.428017e-02 R_avg=6.495091e+00 xB_range=[0.0283, 0.0314] Meff_range=[2.8492e-02, 3.0433e+00] t_wall=2026-03-19 03:29:57
[3D] step=21860 t=2186.000000 t_real=2.436935e+03 s <x_B_tot>=1.211103e-01 vf_precip_indicator=9.416234e-02 vf_precip_h=9.428029e-02 R_avg=6.495102e+00 xB_range=[0.0283, 0.0314] Meff_range=[2.8491e-02, 3.0433e+00] t_wall=2026-03-19 03:30:10
[3D] step=21870 t=2187.000000 t_real=2.438050e+03 s <x_B_tot>=1.211103e-01 vf_precip_indicator=9.416217e-02 vf_precip_h=9.428041e-02 R_avg=6.495134e+00 xB_range=[0.0283, 0.0314] Meff_range=[2.8491e-02, 3.0433e+00] t_wall=2026-03-19 03:30:22
[3D] step=21880 t=2188.000000 t_real=2.439165e+03 s <x_B_tot>=1.211104e-01 vf_precip_indicator=9.416044e-02 vf_precip_h=9.428053e-02 R_avg=6.494600e+00 xB_range=[0.0283, 0.0314] Meff_range=[2.8491e-02, 3.0433e+00] t_wall=2026-03-19 03:30:35
[3D] step=21890 t=2189.000000 t_real=2.440280e+03 s <x_B_tot>=1.211104e-01 vf_precip_indicator=9.415960e-02 vf_precip_h=9.428065e-02 R_avg=6.494794e+00 xB_range=[0.0283, 0.0314] Meff_range=[2.8491e-02, 3.0433e+00] t_wall=2026-03-19 03:30:47
[3D] step=21900 t=2190.000000 t_real=2.441394e+03 s <x_B_tot>=1.211105e-01 vf_precip_indicator=9.415990e-02 vf_precip_h=9.428077e-02 R_avg=6.494370e+00 xB_range=[0.0283, 0.0314] Meff_range=[2.8491e-02, 3.0433e+00] t_wall=2026-03-19 03:31:00
[3D] step=21910 t=2191.000000 t_real=2.442509e+03 s <x_B_tot>=1.211106e-01 vf_precip_indicator=9.415960e-02 vf_precip_h=9.428089e-02 R_avg=6.494512e+00 xB_range=[0.0283, 0.0314] Meff_range=[2.8491e-02, 3.0432e+00] t_wall=2026-03-19 03:31:12
[3D] step=21920 t=2192.000000 t_real=2.443624e+03 s <x_B_tot>=1.211106e-01 vf_precip_indicator=9.416008e-02 vf_precip_h=9.428101e-02 R_avg=6.494649e+00 xB_range=[0.0283, 0.0314] Meff_range=[2.8491e-02, 3.0432e+00] t_wall=2026-03-19 03:31:25
[3D] step=21930 t=2193.000000 t_real=2.444739e+03 s <x_B_tot>=1.211107e-01 vf_precip_indicator=9.416008e-02 vf_precip_h=9.428113e-02 R_avg=6.495821e+00 xB_range=[0.0283, 0.0314] Meff_range=[2.8491e-02, 3.0432e+00] t_wall=2026-03-19 03:31:37
[3D] step=21940 t=2194.000000 t_real=2.445854e+03 s <x_B_tot>=1.211107e-01 vf_precip_indicator=9.416145e-02 vf_precip_h=9.428125e-02 R_avg=6.495663e+00 xB_range=[0.0283, 0.0314] Meff_range=[2.8491e-02, 3.0432e+00] t_wall=2026-03-19 03:31:50
[3D] step=21950 t=2195.000000 t_real=2.446968e+03 s <x_B_tot>=1.211108e-01 vf_precip_indicator=9.416223e-02 vf_precip_h=9.428136e-02 R_avg=6.496058e+00 xB_range=[0.0283, 0.0314] Meff_range=[2.8491e-02, 3.0432e+00] t_wall=2026-03-19 03:32:02
[3D] step=21960 t=2196.000000 t_real=2.448083e+03 s <x_B_tot>=1.211108e-01 vf_precip_indicator=9.416342e-02 vf_precip_h=9.428148e-02 R_avg=6.496111e+00 xB_range=[0.0283, 0.0314] Meff_range=[2.8491e-02, 3.0432e+00] t_wall=2026-03-19 03:32:14
[3D] step=21970 t=2197.000000 t_real=2.449198e+03 s <x_B_tot>=1.211109e-01 vf_precip_indicator=9.416372e-02 vf_precip_h=9.428160e-02 R_avg=6.495835e+00 xB_range=[0.0283, 0.0314] Meff_range=[2.8490e-02, 3.0432e+00] t_wall=2026-03-19 03:32:27
[3D] step=21980 t=2198.000000 t_real=2.450313e+03 s <x_B_tot>=1.211110e-01 vf_precip_indicator=9.416389e-02 vf_precip_h=9.428172e-02 R_avg=6.495862e+00 xB_range=[0.0283, 0.0314] Meff_range=[2.8490e-02, 3.0432e+00] t_wall=2026-03-19 03:32:39
[3D] step=21990 t=2199.000000 t_real=2.451428e+03 s <x_B_tot>=1.211110e-01 vf_precip_indicator=9.416348e-02 vf_precip_h=9.428184e-02 R_avg=6.495759e+00 xB_range=[0.0283, 0.0314] Meff_range=[2.8490e-02, 3.0432e+00] t_wall=2026-03-19 03:32:52
[3D] step=22000 t=2200.000000 t_real=2.452542e+03 s <x_B_tot>=1.211111e-01 vf_precip_indicator=9.416449e-02 vf_precip_h=9.428196e-02 R_avg=6.496333e+00 xB_range=[0.0283, 0.0314] Meff_range=[2.8490e-02, 3.0432e+00] t_wall=2026-03-19 03:33:04
[3D] step=22010 t=2201.000000 t_real=2.453657e+03 s <x_B_tot>=1.211111e-01 vf_precip_indicator=9.416300e-02 vf_precip_h=9.428208e-02 R_avg=6.496319e+00 xB_range=[0.0283, 0.0314] Meff_range=[2.8490e-02, 3.0432e+00] t_wall=2026-03-19 03:33:17
[3D] step=22020 t=2202.000000 t_real=2.454772e+03 s <x_B_tot>=1.211112e-01 vf_precip_indicator=9.416211e-02 vf_precip_h=9.428220e-02 R_avg=6.496421e+00 xB_range=[0.0283, 0.0314] Meff_range=[2.8490e-02, 3.0431e+00] t_wall=2026-03-19 03:33:29
[3D] step=22030 t=2203.000000 t_real=2.455887e+03 s <x_B_tot>=1.211112e-01 vf_precip_indicator=9.416193e-02 vf_precip_h=9.428232e-02 R_avg=6.496720e+00 xB_range=[0.0283, 0.0314] Meff_range=[2.8490e-02, 3.0431e+00] t_wall=2026-03-19 03:33:42
[3D] step=22040 t=2204.000000 t_real=2.457002e+03 s <x_B_tot>=1.211113e-01 vf_precip_indicator=9.416217e-02 vf_precip_h=9.428244e-02 R_avg=6.496796e+00 xB_range=[0.0283, 0.0314] Meff_range=[2.8490e-02, 3.0431e+00] t_wall=2026-03-19 03:33:54
[3D] step=22050 t=2205.000000 t_real=2.458116e+03 s <x_B_tot>=1.211114e-01 vf_precip_indicator=9.416258e-02 vf_precip_h=9.428256e-02 R_avg=6.496662e+00 xB_range=[0.0283, 0.0314] Meff_range=[2.8490e-02, 3.0431e+00] t_wall=2026-03-19 03:34:07
[3D] step=22060 t=2206.000000 t_real=2.459231e+03 s <x_B_tot>=1.211114e-01 vf_precip_indicator=9.416181e-02 vf_precip_h=9.428268e-02 R_avg=6.496074e+00 xB_range=[0.0283, 0.0314] Meff_range=[2.8490e-02, 3.0431e+00] t_wall=2026-03-19 03:34:19
[3D] step=22070 t=2207.000000 t_real=2.460346e+03 s <x_B_tot>=1.211115e-01 vf_precip_indicator=9.416199e-02 vf_precip_h=9.428280e-02 R_avg=6.496250e+00 xB_range=[0.0283, 0.0314] Meff_range=[2.8490e-02, 3.0431e+00] t_wall=2026-03-19 03:34:31
[3D] step=22080 t=2208.000000 t_real=2.461461e+03 s <x_B_tot>=1.211115e-01 vf_precip_indicator=9.416300e-02 vf_precip_h=9.428292e-02 R_avg=6.496052e+00 xB_range=[0.0283, 0.0314] Meff_range=[2.8490e-02, 3.0431e+00] t_wall=2026-03-19 03:34:44
[3D] step=22090 t=2209.000000 t_real=2.462576e+03 s <x_B_tot>=1.211116e-01 vf_precip_indicator=9.416384e-02 vf_precip_h=9.428304e-02 R_avg=6.496674e+00 xB_range=[0.0283, 0.0314] Meff_range=[2.8489e-02, 3.0431e+00] t_wall=2026-03-19 03:34:56
[3D] step=22100 t=2210.000000 t_real=2.463690e+03 s <x_B_tot>=1.211117e-01 vf_precip_indicator=9.416509e-02 vf_precip_h=9.428316e-02 R_avg=6.497295e+00 xB_range=[0.0283, 0.0314] Meff_range=[2.8489e-02, 3.0431e+00] t_wall=2026-03-19 03:35:09
[3D] step=22110 t=2211.000000 t_real=2.464805e+03 s <x_B_tot>=1.211117e-01 vf_precip_indicator=9.416592e-02 vf_precip_h=9.428328e-02 R_avg=6.497129e+00 xB_range=[0.0283, 0.0314] Meff_range=[2.8489e-02, 3.0431e+00] t_wall=2026-03-19 03:35:21
[3D] step=22120 t=2212.000000 t_real=2.465920e+03 s <x_B_tot>=1.211118e-01 vf_precip_indicator=9.416497e-02 vf_precip_h=9.428340e-02 R_avg=6.497271e+00 xB_range=[0.0283, 0.0314] Meff_range=[2.8489e-02, 3.0430e+00] t_wall=2026-03-19 03:35:34
[3D] step=22130 t=2213.000000 t_real=2.467035e+03 s <x_B_tot>=1.211118e-01 vf_precip_indicator=9.416491e-02 vf_precip_h=9.428351e-02 R_avg=6.497000e+00 xB_range=[0.0283, 0.0314] Meff_range=[2.8489e-02, 3.0430e+00] t_wall=2026-03-19 03:35:46
[3D] step=22140 t=2214.000000 t_real=2.468149e+03 s <x_B_tot>=1.211119e-01 vf_precip_indicator=9.416401e-02 vf_precip_h=9.428363e-02 R_avg=6.497057e+00 xB_range=[0.0283, 0.0314] Meff_range=[2.8489e-02, 3.0430e+00] t_wall=2026-03-19 03:35:59
[3D] step=22150 t=2215.000000 t_real=2.469264e+03 s <x_B_tot>=1.211119e-01 vf_precip_indicator=9.416384e-02 vf_precip_h=9.428375e-02 R_avg=6.496600e+00 xB_range=[0.0283, 0.0314] Meff_range=[2.8489e-02, 3.0430e+00] t_wall=2026-03-19 03:36:11
[3D] step=22160 t=2216.000000 t_real=2.470379e+03 s <x_B_tot>=1.211120e-01 vf_precip_indicator=9.416282e-02 vf_precip_h=9.428387e-02 R_avg=6.496055e+00 xB_range=[0.0283, 0.0314] Meff_range=[2.8489e-02, 3.0430e+00] t_wall=2026-03-19 03:36:23
[3D] step=22170 t=2217.000000 t_real=2.471494e+03 s <x_B_tot>=1.211121e-01 vf_precip_indicator=9.416264e-02 vf_precip_h=9.428399e-02 R_avg=6.495820e+00 xB_range=[0.0283, 0.0314] Meff_range=[2.8489e-02, 3.0430e+00] t_wall=2026-03-19 03:36:36
[3D] step=22180 t=2218.000000 t_real=2.472609e+03 s <x_B_tot>=1.211121e-01 vf_precip_indicator=9.416139e-02 vf_precip_h=9.428411e-02 R_avg=6.495274e+00 xB_range=[0.0283, 0.0314] Meff_range=[2.8489e-02, 3.0430e+00] t_wall=2026-03-19 03:36:48
[3D] step=22190 t=2219.000000 t_real=2.473723e+03 s <x_B_tot>=1.211122e-01 vf_precip_indicator=9.416175e-02 vf_precip_h=9.428423e-02 R_avg=6.495476e+00 xB_range=[0.0283, 0.0314] Meff_range=[2.8489e-02, 3.0430e+00] t_wall=2026-03-19 03:37:01
[3D] step=22200 t=2220.000000 t_real=2.474838e+03 s <x_B_tot>=1.211122e-01 vf_precip_indicator=9.416139e-02 vf_precip_h=9.428435e-02 R_avg=6.495081e+00 xB_range=[0.0283, 0.0314] Meff_range=[2.8488e-02, 3.0430e+00] t_wall=2026-03-19 03:37:13
[3D] step=22210 t=2221.000000 t_real=2.475953e+03 s <x_B_tot>=1.211123e-01 vf_precip_indicator=9.416121e-02 vf_precip_h=9.428447e-02 R_avg=6.495410e+00 xB_range=[0.0283, 0.0314] Meff_range=[2.8488e-02, 3.0430e+00] t_wall=2026-03-19 03:37:26
[3D] step=22220 t=2222.000000 t_real=2.477068e+03 s <x_B_tot>=1.211123e-01 vf_precip_indicator=9.416062e-02 vf_precip_h=9.428459e-02 R_avg=6.495294e+00 xB_range=[0.0283, 0.0314] Meff_range=[2.8488e-02, 3.0430e+00] t_wall=2026-03-19 03:37:38
[3D] step=22230 t=2223.000000 t_real=2.478183e+03 s <x_B_tot>=1.211124e-01 vf_precip_indicator=9.415925e-02 vf_precip_h=9.428471e-02 R_avg=6.495111e+00 xB_range=[0.0283, 0.0314] Meff_range=[2.8488e-02, 3.0430e+00] t_wall=2026-03-19 03:37:51
[3D] step=22240 t=2224.000000 t_real=2.479297e+03 s <x_B_tot>=1.211125e-01 vf_precip_indicator=9.415978e-02 vf_precip_h=9.428483e-02 R_avg=6.495430e+00 xB_range=[0.0283, 0.0314] Meff_range=[2.8488e-02, 3.0429e+00] t_wall=2026-03-19 03:38:03
[3D] step=22250 t=2225.000000 t_real=2.480412e+03 s <x_B_tot>=1.211125e-01 vf_precip_indicator=9.415972e-02 vf_precip_h=9.428495e-02 R_avg=6.495366e+00 xB_range=[0.0283, 0.0314] Meff_range=[2.8488e-02, 3.0429e+00] t_wall=2026-03-19 03:38:16
[3D] step=22260 t=2226.000000 t_real=2.481527e+03 s <x_B_tot>=1.211126e-01 vf_precip_indicator=9.416050e-02 vf_precip_h=9.428507e-02 R_avg=6.495627e+00 xB_range=[0.0283, 0.0314] Meff_range=[2.8488e-02, 3.0429e+00] t_wall=2026-03-19 03:38:28
[3D] step=22270 t=2227.000000 t_real=2.482642e+03 s <x_B_tot>=1.211126e-01 vf_precip_indicator=9.416288e-02 vf_precip_h=9.428519e-02 R_avg=6.496000e+00 xB_range=[0.0283, 0.0314] Meff_range=[2.8488e-02, 3.0429e+00] t_wall=2026-03-19 03:38:40
[3D] step=22280 t=2228.000000 t_real=2.483757e+03 s <x_B_tot>=1.211127e-01 vf_precip_indicator=9.416384e-02 vf_precip_h=9.428531e-02 R_avg=6.496050e+00 xB_range=[0.0283, 0.0314] Meff_range=[2.8488e-02, 3.0429e+00] t_wall=2026-03-19 03:38:53
[3D] step=22290 t=2229.000000 t_real=2.484871e+03 s <x_B_tot>=1.211128e-01 vf_precip_indicator=9.416437e-02 vf_precip_h=9.428543e-02 R_avg=6.495791e+00 xB_range=[0.0283, 0.0314] Meff_range=[2.8488e-02, 3.0429e+00] t_wall=2026-03-19 03:39:05
[3D] step=22300 t=2230.000000 t_real=2.485986e+03 s <x_B_tot>=1.211128e-01 vf_precip_indicator=9.416288e-02 vf_precip_h=9.428555e-02 R_avg=6.495673e+00 xB_range=[0.0283, 0.0314] Meff_range=[2.8488e-02, 3.0429e+00] t_wall=2026-03-19 03:39:18
[3D] step=22310 t=2231.000000 t_real=2.487101e+03 s <x_B_tot>=1.211129e-01 vf_precip_indicator=9.416348e-02 vf_precip_h=9.428567e-02 R_avg=6.496159e+00 xB_range=[0.0283, 0.0314] Meff_range=[2.8488e-02, 3.0429e+00] t_wall=2026-03-19 03:39:30
[3D] step=22320 t=2232.000000 t_real=2.488216e+03 s <x_B_tot>=1.211129e-01 vf_precip_indicator=9.416574e-02 vf_precip_h=9.428579e-02 R_avg=6.496212e+00 xB_range=[0.0283, 0.0314] Meff_range=[2.8487e-02, 3.0429e+00] t_wall=2026-03-19 03:39:43
[3D] step=22330 t=2233.000000 t_real=2.489331e+03 s <x_B_tot>=1.211130e-01 vf_precip_indicator=9.416693e-02 vf_precip_h=9.428591e-02 R_avg=6.496531e+00 xB_range=[0.0283, 0.0314] Meff_range=[2.8487e-02, 3.0429e+00] t_wall=2026-03-19 03:39:55
[3D] step=22340 t=2234.000000 t_real=2.490445e+03 s <x_B_tot>=1.211130e-01 vf_precip_indicator=9.416831e-02 vf_precip_h=9.428603e-02 R_avg=6.496478e+00 xB_range=[0.0283, 0.0314] Meff_range=[2.8487e-02, 3.0429e+00] t_wall=2026-03-19 03:40:08
[3D] step=22350 t=2235.000000 t_real=2.491560e+03 s <x_B_tot>=1.211131e-01 vf_precip_indicator=9.416765e-02 vf_precip_h=9.428615e-02 R_avg=6.496447e+00 xB_range=[0.0283, 0.0314] Meff_range=[2.8487e-02, 3.0429e+00] t_wall=2026-03-19 03:40:20
[3D] step=22360 t=2236.000000 t_real=2.492675e+03 s <x_B_tot>=1.211132e-01 vf_precip_indicator=9.416956e-02 vf_precip_h=9.428627e-02 R_avg=6.496356e+00 xB_range=[0.0283, 0.0314] Meff_range=[2.8487e-02, 3.0429e+00] t_wall=2026-03-19 03:40:32
[3D] step=22370 t=2237.000000 t_real=2.493790e+03 s <x_B_tot>=1.211132e-01 vf_precip_indicator=9.416914e-02 vf_precip_h=9.428639e-02 R_avg=6.496016e+00 xB_range=[0.0283, 0.0314] Meff_range=[2.8487e-02, 3.0428e+00] t_wall=2026-03-19 03:40:45
[3D] step=22380 t=2238.000000 t_real=2.494904e+03 s <x_B_tot>=1.211133e-01 vf_precip_indicator=9.416664e-02 vf_precip_h=9.428650e-02 R_avg=6.496244e+00 xB_range=[0.0283, 0.0314] Meff_range=[2.8487e-02, 3.0428e+00] t_wall=2026-03-19 03:40:57
[3D] step=22390 t=2239.000000 t_real=2.496019e+03 s <x_B_tot>=1.211133e-01 vf_precip_indicator=9.416533e-02 vf_precip_h=9.428662e-02 R_avg=6.496509e+00 xB_range=[0.0283, 0.0314] Meff_range=[2.8487e-02, 3.0428e+00] t_wall=2026-03-19 03:41:10
[3D] step=22400 t=2240.000000 t_real=2.497134e+03 s <x_B_tot>=1.211134e-01 vf_precip_indicator=9.416628e-02 vf_precip_h=9.428674e-02 R_avg=6.496679e+00 xB_range=[0.0283, 0.0314] Meff_range=[2.8487e-02, 3.0428e+00] t_wall=2026-03-19 03:41:22
[3D] step=22410 t=2241.000000 t_real=2.498249e+03 s <x_B_tot>=1.211135e-01 vf_precip_indicator=9.416646e-02 vf_precip_h=9.428686e-02 R_avg=6.496513e+00 xB_range=[0.0283, 0.0314] Meff_range=[2.8487e-02, 3.0428e+00] t_wall=2026-03-19 03:41:35
[3D] step=22420 t=2242.000000 t_real=2.499364e+03 s <x_B_tot>=1.211135e-01 vf_precip_indicator=9.416819e-02 vf_precip_h=9.428698e-02 R_avg=6.497078e+00 xB_range=[0.0283, 0.0314] Meff_range=[2.8487e-02, 3.0428e+00] t_wall=2026-03-19 03:41:47
[3D] step=22430 t=2243.000000 t_real=2.500478e+03 s <x_B_tot>=1.211136e-01 vf_precip_indicator=9.416956e-02 vf_precip_h=9.428710e-02 R_avg=6.496935e+00 xB_range=[0.0283, 0.0314] Meff_range=[2.8486e-02, 3.0428e+00] t_wall=2026-03-19 03:42:00
[3D] step=22440 t=2244.000000 t_real=2.501593e+03 s <x_B_tot>=1.211136e-01 vf_precip_indicator=9.417087e-02 vf_precip_h=9.428722e-02 R_avg=6.496833e+00 xB_range=[0.0283, 0.0314] Meff_range=[2.8486e-02, 3.0428e+00] t_wall=2026-03-19 03:42:12
[3D] step=22450 t=2245.000000 t_real=2.502708e+03 s <x_B_tot>=1.211137e-01 vf_precip_indicator=9.417200e-02 vf_precip_h=9.428734e-02 R_avg=6.496881e+00 xB_range=[0.0283, 0.0314] Meff_range=[2.8486e-02, 3.0428e+00] t_wall=2026-03-19 03:42:25
[3D] step=22460 t=2246.000000 t_real=2.503823e+03 s <x_B_tot>=1.211137e-01 vf_precip_indicator=9.417087e-02 vf_precip_h=9.428746e-02 R_avg=6.496729e+00 xB_range=[0.0283, 0.0314] Meff_range=[2.8486e-02, 3.0428e+00] t_wall=2026-03-19 03:42:37
[3D] step=22470 t=2247.000000 t_real=2.504938e+03 s <x_B_tot>=1.211138e-01 vf_precip_indicator=9.417129e-02 vf_precip_h=9.428758e-02 R_avg=6.496876e+00 xB_range=[0.0283, 0.0314] Meff_range=[2.8486e-02, 3.0428e+00] t_wall=2026-03-19 03:42:49
[3D] step=22480 t=2248.000000 t_real=2.506052e+03 s <x_B_tot>=1.211139e-01 vf_precip_indicator=9.417099e-02 vf_precip_h=9.428770e-02 R_avg=6.496306e+00 xB_range=[0.0283, 0.0314] Meff_range=[2.8486e-02, 3.0428e+00] t_wall=2026-03-19 03:43:02
[3D] step=22490 t=2249.000000 t_real=2.507167e+03 s <x_B_tot>=1.211139e-01 vf_precip_indicator=9.417212e-02 vf_precip_h=9.428782e-02 R_avg=6.496592e+00 xB_range=[0.0283, 0.0314] Meff_range=[2.8486e-02, 3.0428e+00] t_wall=2026-03-19 03:43:14
[3D] step=22500 t=2250.000000 t_real=2.508282e+03 s <x_B_tot>=1.211140e-01 vf_precip_indicator=9.417272e-02 vf_precip_h=9.428794e-02 R_avg=6.496930e+00 xB_range=[0.0283, 0.0314] Meff_range=[2.8486e-02, 3.0427e+00] t_wall=2026-03-19 03:43:27
[3D] step=22510 t=2251.000000 t_real=2.509397e+03 s <x_B_tot>=1.211140e-01 vf_precip_indicator=9.417331e-02 vf_precip_h=9.428806e-02 R_avg=6.497046e+00 xB_range=[0.0283, 0.0314] Meff_range=[2.8486e-02, 3.0427e+00] t_wall=2026-03-19 03:43:39
[3D] step=22520 t=2252.000000 t_real=2.510512e+03 s <x_B_tot>=1.211141e-01 vf_precip_indicator=9.417289e-02 vf_precip_h=9.428818e-02 R_avg=6.496913e+00 xB_range=[0.0283, 0.0314] Meff_range=[2.8486e-02, 3.0427e+00] t_wall=2026-03-19 03:43:52
[3D] step=22530 t=2253.000000 t_real=2.511626e+03 s <x_B_tot>=1.211141e-01 vf_precip_indicator=9.417319e-02 vf_precip_h=9.428830e-02 R_avg=6.497126e+00 xB_range=[0.0283, 0.0314] Meff_range=[2.8486e-02, 3.0427e+00] t_wall=2026-03-19 03:44:04
[3D] step=22540 t=2254.000000 t_real=2.512741e+03 s <x_B_tot>=1.211142e-01 vf_precip_indicator=9.417236e-02 vf_precip_h=9.428842e-02 R_avg=6.497158e+00 xB_range=[0.0283, 0.0314] Meff_range=[2.8485e-02, 3.0427e+00] t_wall=2026-03-19 03:44:17
[3D] step=22550 t=2255.000000 t_real=2.513856e+03 s <x_B_tot>=1.211143e-01 vf_precip_indicator=9.417218e-02 vf_precip_h=9.428854e-02 R_avg=6.497071e+00 xB_range=[0.0283, 0.0314] Meff_range=[2.8485e-02, 3.0427e+00] t_wall=2026-03-19 03:44:29
[3D] step=22560 t=2256.000000 t_real=2.514971e+03 s <x_B_tot>=1.211143e-01 vf_precip_indicator=9.417218e-02 vf_precip_h=9.428866e-02 R_avg=6.497042e+00 xB_range=[0.0283, 0.0314] Meff_range=[2.8485e-02, 3.0427e+00] t_wall=2026-03-19 03:44:42
[3D] step=22570 t=2257.000000 t_real=2.516086e+03 s <x_B_tot>=1.211144e-01 vf_precip_indicator=9.417236e-02 vf_precip_h=9.428878e-02 R_avg=6.496772e+00 xB_range=[0.0283, 0.0314] Meff_range=[2.8485e-02, 3.0427e+00] t_wall=2026-03-19 03:44:54
[3D] step=22580 t=2258.000000 t_real=2.517200e+03 s <x_B_tot>=1.211144e-01 vf_precip_indicator=9.417379e-02 vf_precip_h=9.428890e-02 R_avg=6.496841e+00 xB_range=[0.0283, 0.0314] Meff_range=[2.8485e-02, 3.0427e+00] t_wall=2026-03-19 03:45:06
[3D] step=22590 t=2259.000000 t_real=2.518315e+03 s <x_B_tot>=1.211145e-01 vf_precip_indicator=9.417409e-02 vf_precip_h=9.428902e-02 R_avg=6.496847e+00 xB_range=[0.0283, 0.0314] Meff_range=[2.8485e-02, 3.0427e+00] t_wall=2026-03-19 03:45:19
[3D] step=22600 t=2260.000000 t_real=2.519430e+03 s <x_B_tot>=1.211146e-01 vf_precip_indicator=9.417534e-02 vf_precip_h=9.428914e-02 R_avg=6.496325e+00 xB_range=[0.0283, 0.0314] Meff_range=[2.8485e-02, 3.0427e+00] t_wall=2026-03-19 03:45:31
[3D] step=22610 t=2261.000000 t_real=2.520545e+03 s <x_B_tot>=1.211146e-01 vf_precip_indicator=9.417546e-02 vf_precip_h=9.428926e-02 R_avg=6.496185e+00 xB_range=[0.0283, 0.0314] Meff_range=[2.8485e-02, 3.0427e+00] t_wall=2026-03-19 03:45:44
[3D] step=22620 t=2262.000000 t_real=2.521660e+03 s <x_B_tot>=1.211147e-01 vf_precip_indicator=9.417588e-02 vf_precip_h=9.428938e-02 R_avg=6.496065e+00 xB_range=[0.0283, 0.0314] Meff_range=[2.8485e-02, 3.0427e+00] t_wall=2026-03-19 03:45:56
[3D] step=22630 t=2263.000000 t_real=2.522774e+03 s <x_B_tot>=1.211147e-01 vf_precip_indicator=9.417790e-02 vf_precip_h=9.428950e-02 R_avg=6.495952e+00 xB_range=[0.0283, 0.0314] Meff_range=[2.8485e-02, 3.0426e+00] t_wall=2026-03-19 03:46:09
[3D] step=22640 t=2264.000000 t_real=2.523889e+03 s <x_B_tot>=1.211148e-01 vf_precip_indicator=9.417772e-02 vf_precip_h=9.428962e-02 R_avg=6.496578e+00 xB_range=[0.0283, 0.0314] Meff_range=[2.8485e-02, 3.0426e+00] t_wall=2026-03-19 03:46:21
[3D] step=22650 t=2265.000000 t_real=2.525004e+03 s <x_B_tot>=1.211148e-01 vf_precip_indicator=9.417796e-02 vf_precip_h=9.428974e-02 R_avg=6.496624e+00 xB_range=[0.0283, 0.0314] Meff_range=[2.8485e-02, 3.0426e+00] t_wall=2026-03-19 03:46:34
[3D] step=22660 t=2266.000000 t_real=2.526119e+03 s <x_B_tot>=1.211149e-01 vf_precip_indicator=9.417772e-02 vf_precip_h=9.428986e-02 R_avg=6.496771e+00 xB_range=[0.0283, 0.0314] Meff_range=[2.8484e-02, 3.0426e+00] t_wall=2026-03-19 03:46:46
[3D] step=22670 t=2267.000000 t_real=2.527233e+03 s <x_B_tot>=1.211150e-01 vf_precip_indicator=9.417731e-02 vf_precip_h=9.428998e-02 R_avg=6.496297e+00 xB_range=[0.0283, 0.0314] Meff_range=[2.8484e-02, 3.0426e+00] t_wall=2026-03-19 03:46:58
[3D] step=22680 t=2268.000000 t_real=2.528348e+03 s <x_B_tot>=1.211150e-01 vf_precip_indicator=9.417933e-02 vf_precip_h=9.429010e-02 R_avg=6.496244e+00 xB_range=[0.0283, 0.0314] Meff_range=[2.8484e-02, 3.0426e+00] t_wall=2026-03-19 03:47:11
[3D] step=22690 t=2269.000000 t_real=2.529463e+03 s <x_B_tot>=1.211151e-01 vf_precip_indicator=9.417856e-02 vf_precip_h=9.429022e-02 R_avg=6.495938e+00 xB_range=[0.0283, 0.0314] Meff_range=[2.8484e-02, 3.0426e+00] t_wall=2026-03-19 03:47:23
[3D] step=22700 t=2270.000000 t_real=2.530578e+03 s <x_B_tot>=1.211151e-01 vf_precip_indicator=9.417909e-02 vf_precip_h=9.429034e-02 R_avg=6.496035e+00 xB_range=[0.0283, 0.0314] Meff_range=[2.8484e-02, 3.0426e+00] t_wall=2026-03-19 03:47:36
[3D] step=22710 t=2271.000000 t_real=2.531693e+03 s <x_B_tot>=1.211152e-01 vf_precip_indicator=9.417886e-02 vf_precip_h=9.429046e-02 R_avg=6.495796e+00 xB_range=[0.0283, 0.0314] Meff_range=[2.8484e-02, 3.0426e+00] t_wall=2026-03-19 03:47:48
[3D] step=22720 t=2272.000000 t_real=2.532807e+03 s <x_B_tot>=1.211153e-01 vf_precip_indicator=9.417892e-02 vf_precip_h=9.429058e-02 R_avg=6.495770e+00 xB_range=[0.0283, 0.0314] Meff_range=[2.8484e-02, 3.0426e+00] t_wall=2026-03-19 03:48:01
[3D] step=22730 t=2273.000000 t_real=2.533922e+03 s <x_B_tot>=1.211153e-01 vf_precip_indicator=9.417856e-02 vf_precip_h=9.429070e-02 R_avg=6.495731e+00 xB_range=[0.0283, 0.0314] Meff_range=[2.8484e-02, 3.0426e+00] t_wall=2026-03-19 03:48:13
[3D] step=22740 t=2274.000000 t_real=2.535037e+03 s <x_B_tot>=1.211154e-01 vf_precip_indicator=9.417814e-02 vf_precip_h=9.429082e-02 R_avg=6.495272e+00 xB_range=[0.0283, 0.0314] Meff_range=[2.8484e-02, 3.0426e+00] t_wall=2026-03-19 03:48:26
[3D] step=22750 t=2275.000000 t_real=2.536152e+03 s <x_B_tot>=1.211154e-01 vf_precip_indicator=9.417886e-02 vf_precip_h=9.429094e-02 R_avg=6.495351e+00 xB_range=[0.0283, 0.0314] Meff_range=[2.8484e-02, 3.0425e+00] t_wall=2026-03-19 03:48:38
[3D] step=22760 t=2276.000000 t_real=2.537267e+03 s <x_B_tot>=1.211155e-01 vf_precip_indicator=9.417886e-02 vf_precip_h=9.429106e-02 R_avg=6.494728e+00 xB_range=[0.0283, 0.0314] Meff_range=[2.8484e-02, 3.0425e+00] t_wall=2026-03-19 03:48:51
[3D] step=22770 t=2277.000000 t_real=2.538381e+03 s <x_B_tot>=1.211155e-01 vf_precip_indicator=9.417915e-02 vf_precip_h=9.429118e-02 R_avg=6.495075e+00 xB_range=[0.0283, 0.0314] Meff_range=[2.8483e-02, 3.0425e+00] t_wall=2026-03-19 03:49:03
[3D] step=22780 t=2278.000000 t_real=2.539496e+03 s <x_B_tot>=1.211156e-01 vf_precip_indicator=9.417868e-02 vf_precip_h=9.429130e-02 R_avg=6.494997e+00 xB_range=[0.0283, 0.0314] Meff_range=[2.8483e-02, 3.0425e+00] t_wall=2026-03-19 03:49:15
[3D] step=22790 t=2279.000000 t_real=2.540611e+03 s <x_B_tot>=1.211157e-01 vf_precip_indicator=9.417832e-02 vf_precip_h=9.429142e-02 R_avg=6.495150e+00 xB_range=[0.0283, 0.0314] Meff_range=[2.8483e-02, 3.0425e+00] t_wall=2026-03-19 03:49:28
[3D] step=22800 t=2280.000000 t_real=2.541726e+03 s <x_B_tot>=1.211157e-01 vf_precip_indicator=9.417748e-02 vf_precip_h=9.429154e-02 R_avg=6.495241e+00 xB_range=[0.0283, 0.0314] Meff_range=[2.8483e-02, 3.0425e+00] t_wall=2026-03-19 03:49:40
[3D] step=22810 t=2281.000000 t_real=2.542841e+03 s <x_B_tot>=1.211158e-01 vf_precip_indicator=9.417742e-02 vf_precip_h=9.429166e-02 R_avg=6.495756e+00 xB_range=[0.0283, 0.0314] Meff_range=[2.8483e-02, 3.0425e+00] t_wall=2026-03-19 03:49:53
[3D] step=22820 t=2282.000000 t_real=2.543955e+03 s <x_B_tot>=1.211158e-01 vf_precip_indicator=9.417754e-02 vf_precip_h=9.429178e-02 R_avg=6.496032e+00 xB_range=[0.0283, 0.0314] Meff_range=[2.8483e-02, 3.0425e+00] t_wall=2026-03-19 03:50:05
[3D] step=22830 t=2283.000000 t_real=2.545070e+03 s <x_B_tot>=1.211159e-01 vf_precip_indicator=9.417731e-02 vf_precip_h=9.429190e-02 R_avg=6.496149e+00 xB_range=[0.0283, 0.0314] Meff_range=[2.8483e-02, 3.0425e+00] t_wall=2026-03-19 03:50:18
[3D] step=22840 t=2284.000000 t_real=2.546185e+03 s <x_B_tot>=1.211160e-01 vf_precip_indicator=9.417707e-02 vf_precip_h=9.429202e-02 R_avg=6.496132e+00 xB_range=[0.0283, 0.0314] Meff_range=[2.8483e-02, 3.0425e+00] t_wall=2026-03-19 03:50:30
[3D] step=22850 t=2285.000000 t_real=2.547300e+03 s <x_B_tot>=1.211160e-01 vf_precip_indicator=9.417820e-02 vf_precip_h=9.429214e-02 R_avg=6.496047e+00 xB_range=[0.0283, 0.0314] Meff_range=[2.8483e-02, 3.0425e+00] t_wall=2026-03-19 03:50:43
[3D] step=22860 t=2286.000000 t_real=2.548415e+03 s <x_B_tot>=1.211161e-01 vf_precip_indicator=9.417814e-02 vf_precip_h=9.429226e-02 R_avg=6.496206e+00 xB_range=[0.0283, 0.0314] Meff_range=[2.8483e-02, 3.0425e+00] t_wall=2026-03-19 03:50:55
[3D] step=22870 t=2287.000000 t_real=2.549529e+03 s <x_B_tot>=1.211161e-01 vf_precip_indicator=9.417850e-02 vf_precip_h=9.429238e-02 R_avg=6.496394e+00 xB_range=[0.0283, 0.0314] Meff_range=[2.8483e-02, 3.0424e+00] t_wall=2026-03-19 03:51:08
[3D] step=22880 t=2288.000000 t_real=2.550644e+03 s <x_B_tot>=1.211162e-01 vf_precip_indicator=9.417677e-02 vf_precip_h=9.429250e-02 R_avg=6.496216e+00 xB_range=[0.0283, 0.0314] Meff_range=[2.8483e-02, 3.0424e+00] t_wall=2026-03-19 03:51:20
[3D] step=22890 t=2289.000000 t_real=2.551759e+03 s <x_B_tot>=1.211162e-01 vf_precip_indicator=9.417748e-02 vf_precip_h=9.429262e-02 R_avg=6.496473e+00 xB_range=[0.0283, 0.0314] Meff_range=[2.8482e-02, 3.0424e+00] t_wall=2026-03-19 03:51:32
[3D] step=22900 t=2290.000000 t_real=2.552874e+03 s <x_B_tot>=1.211163e-01 vf_precip_indicator=9.417701e-02 vf_precip_h=9.429274e-02 R_avg=6.496544e+00 xB_range=[0.0283, 0.0314] Meff_range=[2.8482e-02, 3.0424e+00] t_wall=2026-03-19 03:51:45
[3D] step=22910 t=2291.000000 t_real=2.553988e+03 s <x_B_tot>=1.211164e-01 vf_precip_indicator=9.417641e-02 vf_precip_h=9.429286e-02 R_avg=6.495835e+00 xB_range=[0.0283, 0.0314] Meff_range=[2.8482e-02, 3.0424e+00] t_wall=2026-03-19 03:51:57
[3D] step=22920 t=2292.000000 t_real=2.555103e+03 s <x_B_tot>=1.211164e-01 vf_precip_indicator=9.417629e-02 vf_precip_h=9.429298e-02 R_avg=6.495767e+00 xB_range=[0.0283, 0.0314] Meff_range=[2.8482e-02, 3.0424e+00] t_wall=2026-03-19 03:52:10
[3D] step=22930 t=2293.000000 t_real=2.556218e+03 s <x_B_tot>=1.211165e-01 vf_precip_indicator=9.417647e-02 vf_precip_h=9.429310e-02 R_avg=6.496566e+00 xB_range=[0.0283, 0.0314] Meff_range=[2.8482e-02, 3.0424e+00] t_wall=2026-03-19 03:52:22
[3D] step=22940 t=2294.000000 t_real=2.557333e+03 s <x_B_tot>=1.211165e-01 vf_precip_indicator=9.417820e-02 vf_precip_h=9.429322e-02 R_avg=6.496492e+00 xB_range=[0.0283, 0.0314] Meff_range=[2.8482e-02, 3.0424e+00] t_wall=2026-03-19 03:52:35
[3D] step=22950 t=2295.000000 t_real=2.558448e+03 s <x_B_tot>=1.211166e-01 vf_precip_indicator=9.417963e-02 vf_precip_h=9.429334e-02 R_avg=6.496176e+00 xB_range=[0.0283, 0.0314] Meff_range=[2.8482e-02, 3.0424e+00] t_wall=2026-03-19 03:52:47
[3D] step=22960 t=2296.000000 t_real=2.559562e+03 s <x_B_tot>=1.211166e-01 vf_precip_indicator=9.417987e-02 vf_precip_h=9.429346e-02 R_avg=6.496311e+00 xB_range=[0.0283, 0.0314] Meff_range=[2.8482e-02, 3.0424e+00] t_wall=2026-03-19 03:53:00
[3D] step=22970 t=2297.000000 t_real=2.560677e+03 s <x_B_tot>=1.211167e-01 vf_precip_indicator=9.417987e-02 vf_precip_h=9.429358e-02 R_avg=6.496459e+00 xB_range=[0.0283, 0.0314] Meff_range=[2.8482e-02, 3.0424e+00] t_wall=2026-03-19 03:53:12
[3D] step=22980 t=2298.000000 t_real=2.561792e+03 s <x_B_tot>=1.211168e-01 vf_precip_indicator=9.417915e-02 vf_precip_h=9.429370e-02 R_avg=6.496039e+00 xB_range=[0.0283, 0.0314] Meff_range=[2.8482e-02, 3.0424e+00] t_wall=2026-03-19 03:53:24
[3D] step=22990 t=2299.000000 t_real=2.562907e+03 s <x_B_tot>=1.211168e-01 vf_precip_indicator=9.417951e-02 vf_precip_h=9.429382e-02 R_avg=6.496316e+00 xB_range=[0.0283, 0.0314] Meff_range=[2.8482e-02, 3.0423e+00] t_wall=2026-03-19 03:53:37
[3D] step=23000 t=2300.000000 t_real=2.564022e+03 s <x_B_tot>=1.211169e-01 vf_precip_indicator=9.417963e-02 vf_precip_h=9.429394e-02 R_avg=6.496309e+00 xB_range=[0.0283, 0.0314] Meff_range=[2.8481e-02, 3.0423e+00] t_wall=2026-03-19 03:53:49
[3D] step=23010 t=2301.000000 t_real=2.565136e+03 s <x_B_tot>=1.211169e-01 vf_precip_indicator=9.418094e-02 vf_precip_h=9.429406e-02 R_avg=6.496340e+00 xB_range=[0.0283, 0.0314] Meff_range=[2.8481e-02, 3.0423e+00] t_wall=2026-03-19 03:54:02
[3D] step=23020 t=2302.000000 t_real=2.566251e+03 s <x_B_tot>=1.211170e-01 vf_precip_indicator=9.418178e-02 vf_precip_h=9.429418e-02 R_avg=6.496146e+00 xB_range=[0.0283, 0.0314] Meff_range=[2.8481e-02, 3.0423e+00] t_wall=2026-03-19 03:54:14
[3D] step=23030 t=2303.000000 t_real=2.567366e+03 s <x_B_tot>=1.211171e-01 vf_precip_indicator=9.418070e-02 vf_precip_h=9.429430e-02 R_avg=6.495953e+00 xB_range=[0.0283, 0.0314] Meff_range=[2.8481e-02, 3.0423e+00] t_wall=2026-03-19 03:54:27
[3D] step=23040 t=2304.000000 t_real=2.568481e+03 s <x_B_tot>=1.211171e-01 vf_precip_indicator=9.418011e-02 vf_precip_h=9.429442e-02 R_avg=6.496179e+00 xB_range=[0.0283, 0.0314] Meff_range=[2.8481e-02, 3.0423e+00] t_wall=2026-03-19 03:54:39
[3D] step=23050 t=2305.000000 t_real=2.569596e+03 s <x_B_tot>=1.211172e-01 vf_precip_indicator=9.418035e-02 vf_precip_h=9.429454e-02 R_avg=6.496373e+00 xB_range=[0.0283, 0.0314] Meff_range=[2.8481e-02, 3.0423e+00] t_wall=2026-03-19 03:54:52
[3D] step=23060 t=2306.000000 t_real=2.570710e+03 s <x_B_tot>=1.211172e-01 vf_precip_indicator=9.418130e-02 vf_precip_h=9.429466e-02 R_avg=6.496335e+00 xB_range=[0.0283, 0.0314] Meff_range=[2.8481e-02, 3.0423e+00] t_wall=2026-03-19 03:55:04
[3D] step=23070 t=2307.000000 t_real=2.571825e+03 s <x_B_tot>=1.211173e-01 vf_precip_indicator=9.417987e-02 vf_precip_h=9.429478e-02 R_avg=6.496370e+00 xB_range=[0.0283, 0.0314] Meff_range=[2.8481e-02, 3.0423e+00] t_wall=2026-03-19 03:55:17
[3D] step=23080 t=2308.000000 t_real=2.572940e+03 s <x_B_tot>=1.211173e-01 vf_precip_indicator=9.418076e-02 vf_precip_h=9.429490e-02 R_avg=6.496224e+00 xB_range=[0.0283, 0.0314] Meff_range=[2.8481e-02, 3.0423e+00] t_wall=2026-03-19 03:55:29
[3D] step=23090 t=2309.000000 t_real=2.574055e+03 s <x_B_tot>=1.211174e-01 vf_precip_indicator=9.418231e-02 vf_precip_h=9.429502e-02 R_avg=6.496539e+00 xB_range=[0.0283, 0.0314] Meff_range=[2.8481e-02, 3.0423e+00] t_wall=2026-03-19 03:55:41
[3D] step=23100 t=2310.000000 t_real=2.575170e+03 s <x_B_tot>=1.211175e-01 vf_precip_indicator=9.418303e-02 vf_precip_h=9.429514e-02 R_avg=6.496514e+00 xB_range=[0.0283, 0.0314] Meff_range=[2.8481e-02, 3.0422e+00] t_wall=2026-03-19 03:55:54
[3D] step=23110 t=2311.000000 t_real=2.576284e+03 s <x_B_tot>=1.211175e-01 vf_precip_indicator=9.418279e-02 vf_precip_h=9.429526e-02 R_avg=6.496690e+00 xB_range=[0.0283, 0.0314] Meff_range=[2.8481e-02, 3.0422e+00] t_wall=2026-03-19 03:56:06
[3D] step=23120 t=2312.000000 t_real=2.577399e+03 s <x_B_tot>=1.211176e-01 vf_precip_indicator=9.418118e-02 vf_precip_h=9.429538e-02 R_avg=6.496461e+00 xB_range=[0.0283, 0.0314] Meff_range=[2.8480e-02, 3.0422e+00] t_wall=2026-03-19 03:56:19
[3D] step=23130 t=2313.000000 t_real=2.578514e+03 s <x_B_tot>=1.211176e-01 vf_precip_indicator=9.418082e-02 vf_precip_h=9.429550e-02 R_avg=6.496480e+00 xB_range=[0.0283, 0.0314] Meff_range=[2.8480e-02, 3.0422e+00] t_wall=2026-03-19 03:56:31
[3D] step=23140 t=2314.000000 t_real=2.579629e+03 s <x_B_tot>=1.211177e-01 vf_precip_indicator=9.418088e-02 vf_precip_h=9.429562e-02 R_avg=6.496054e+00 xB_range=[0.0283, 0.0314] Meff_range=[2.8480e-02, 3.0422e+00] t_wall=2026-03-19 03:56:44
[3D] step=23150 t=2315.000000 t_real=2.580743e+03 s <x_B_tot>=1.211178e-01 vf_precip_indicator=9.418231e-02 vf_precip_h=9.429574e-02 R_avg=6.496657e+00 xB_range=[0.0283, 0.0314] Meff_range=[2.8480e-02, 3.0422e+00] t_wall=2026-03-19 03:56:56
[3D] step=23160 t=2316.000000 t_real=2.581858e+03 s <x_B_tot>=1.211178e-01 vf_precip_indicator=9.418350e-02 vf_precip_h=9.429586e-02 R_avg=6.496829e+00 xB_range=[0.0283, 0.0314] Meff_range=[2.8480e-02, 3.0422e+00] t_wall=2026-03-19 03:57:09
[3D] step=23170 t=2317.000000 t_real=2.582973e+03 s <x_B_tot>=1.211179e-01 vf_precip_indicator=9.418476e-02 vf_precip_h=9.429598e-02 R_avg=6.497509e+00 xB_range=[0.0283, 0.0314] Meff_range=[2.8480e-02, 3.0422e+00] t_wall=2026-03-19 03:57:21
[3D] step=23180 t=2318.000000 t_real=2.584088e+03 s <x_B_tot>=1.211179e-01 vf_precip_indicator=9.418505e-02 vf_precip_h=9.429610e-02 R_avg=6.497262e+00 xB_range=[0.0283, 0.0314] Meff_range=[2.8480e-02, 3.0422e+00] t_wall=2026-03-19 03:57:34
[3D] step=23190 t=2319.000000 t_real=2.585203e+03 s <x_B_tot>=1.211180e-01 vf_precip_indicator=9.418511e-02 vf_precip_h=9.429622e-02 R_avg=6.496895e+00 xB_range=[0.0283, 0.0314] Meff_range=[2.8480e-02, 3.0422e+00] t_wall=2026-03-19 03:57:46
[3D] step=23200 t=2320.000000 t_real=2.586317e+03 s <x_B_tot>=1.211180e-01 vf_precip_indicator=9.418494e-02 vf_precip_h=9.429634e-02 R_avg=6.496245e+00 xB_range=[0.0283, 0.0314] Meff_range=[2.8480e-02, 3.0422e+00] t_wall=2026-03-19 03:57:58
[3D] step=23210 t=2321.000000 t_real=2.587432e+03 s <x_B_tot>=1.211181e-01 vf_precip_indicator=9.418494e-02 vf_precip_h=9.429646e-02 R_avg=6.496349e+00 xB_range=[0.0283, 0.0314] Meff_range=[2.8480e-02, 3.0422e+00] t_wall=2026-03-19 03:58:11
[3D] step=23220 t=2322.000000 t_real=2.588547e+03 s <x_B_tot>=1.211182e-01 vf_precip_indicator=9.418404e-02 vf_precip_h=9.429658e-02 R_avg=6.496599e+00 xB_range=[0.0283, 0.0314] Meff_range=[2.8480e-02, 3.0421e+00] t_wall=2026-03-19 03:58:23
[3D] step=23230 t=2323.000000 t_real=2.589662e+03 s <x_B_tot>=1.211182e-01 vf_precip_indicator=9.418416e-02 vf_precip_h=9.429670e-02 R_avg=6.496622e+00 xB_range=[0.0283, 0.0314] Meff_range=[2.8479e-02, 3.0421e+00] t_wall=2026-03-19 03:58:36
[3D] step=23240 t=2324.000000 t_real=2.590777e+03 s <x_B_tot>=1.211183e-01 vf_precip_indicator=9.418517e-02 vf_precip_h=9.429682e-02 R_avg=6.496469e+00 xB_range=[0.0283, 0.0314] Meff_range=[2.8479e-02, 3.0421e+00] t_wall=2026-03-19 03:58:48
[3D] step=23250 t=2325.000000 t_real=2.591891e+03 s <x_B_tot>=1.211183e-01 vf_precip_indicator=9.418625e-02 vf_precip_h=9.429694e-02 R_avg=6.496127e+00 xB_range=[0.0283, 0.0314] Meff_range=[2.8479e-02, 3.0421e+00] t_wall=2026-03-19 03:59:01
[3D] step=23260 t=2326.000000 t_real=2.593006e+03 s <x_B_tot>=1.211184e-01 vf_precip_indicator=9.418607e-02 vf_precip_h=9.429706e-02 R_avg=6.495982e+00 xB_range=[0.0283, 0.0314] Meff_range=[2.8479e-02, 3.0421e+00] t_wall=2026-03-19 03:59:13
[3D] step=23270 t=2327.000000 t_real=2.594121e+03 s <x_B_tot>=1.211185e-01 vf_precip_indicator=9.418511e-02 vf_precip_h=9.429718e-02 R_avg=6.496302e+00 xB_range=[0.0283, 0.0314] Meff_range=[2.8479e-02, 3.0421e+00] t_wall=2026-03-19 03:59:26
[3D] step=23280 t=2328.000000 t_real=2.595236e+03 s <x_B_tot>=1.211185e-01 vf_precip_indicator=9.418571e-02 vf_precip_h=9.429730e-02 R_avg=6.496432e+00 xB_range=[0.0283, 0.0314] Meff_range=[2.8479e-02, 3.0421e+00] t_wall=2026-03-19 03:59:38
[3D] step=23290 t=2329.000000 t_real=2.596351e+03 s <x_B_tot>=1.211186e-01 vf_precip_indicator=9.418619e-02 vf_precip_h=9.429742e-02 R_avg=6.496657e+00 xB_range=[0.0283, 0.0314] Meff_range=[2.8479e-02, 3.0421e+00] t_wall=2026-03-19 03:59:50
[3D] step=23300 t=2330.000000 t_real=2.597465e+03 s <x_B_tot>=1.211186e-01 vf_precip_indicator=9.418607e-02 vf_precip_h=9.429754e-02 R_avg=6.496560e+00 xB_range=[0.0283, 0.0314] Meff_range=[2.8479e-02, 3.0421e+00] t_wall=2026-03-19 04:00:03
[3D] step=23310 t=2331.000000 t_real=2.598580e+03 s <x_B_tot>=1.211187e-01 vf_precip_indicator=9.418529e-02 vf_precip_h=9.429766e-02 R_avg=6.496418e+00 xB_range=[0.0283, 0.0314] Meff_range=[2.8479e-02, 3.0421e+00] t_wall=2026-03-19 04:00:15
[3D] step=23320 t=2332.000000 t_real=2.599695e+03 s <x_B_tot>=1.211187e-01 vf_precip_indicator=9.418672e-02 vf_precip_h=9.429778e-02 R_avg=6.496338e+00 xB_range=[0.0283, 0.0314] Meff_range=[2.8479e-02, 3.0421e+00] t_wall=2026-03-19 04:00:28
[3D] step=23330 t=2333.000000 t_real=2.600810e+03 s <x_B_tot>=1.211188e-01 vf_precip_indicator=9.418899e-02 vf_precip_h=9.429790e-02 R_avg=6.496213e+00 xB_range=[0.0283, 0.0314] Meff_range=[2.8479e-02, 3.0420e+00] t_wall=2026-03-19 04:00:40
[3D] step=23340 t=2334.000000 t_real=2.601925e+03 s <x_B_tot>=1.211189e-01 vf_precip_indicator=9.418994e-02 vf_precip_h=9.429802e-02 R_avg=6.496412e+00 xB_range=[0.0283, 0.0314] Meff_range=[2.8478e-02, 3.0420e+00] t_wall=2026-03-19 04:00:53
[3D] step=23350 t=2335.000000 t_real=2.603039e+03 s <x_B_tot>=1.211189e-01 vf_precip_indicator=9.419113e-02 vf_precip_h=9.429814e-02 R_avg=6.496272e+00 xB_range=[0.0283, 0.0314] Meff_range=[2.8478e-02, 3.0420e+00] t_wall=2026-03-19 04:01:05
[3D] step=23360 t=2336.000000 t_real=2.604154e+03 s <x_B_tot>=1.211190e-01 vf_precip_indicator=9.418994e-02 vf_precip_h=9.429826e-02 R_avg=6.495982e+00 xB_range=[0.0283, 0.0314] Meff_range=[2.8478e-02, 3.0420e+00] t_wall=2026-03-19 04:01:18
[3D] step=23370 t=2337.000000 t_real=2.605269e+03 s <x_B_tot>=1.211190e-01 vf_precip_indicator=9.419143e-02 vf_precip_h=9.429838e-02 R_avg=6.495773e+00 xB_range=[0.0283, 0.0314] Meff_range=[2.8478e-02, 3.0420e+00] t_wall=2026-03-19 04:01:30
[3D] step=23380 t=2338.000000 t_real=2.606384e+03 s <x_B_tot>=1.211191e-01 vf_precip_indicator=9.419173e-02 vf_precip_h=9.429850e-02 R_avg=6.495556e+00 xB_range=[0.0283, 0.0314] Meff_range=[2.8478e-02, 3.0420e+00] t_wall=2026-03-19 04:01:43
[3D] step=23390 t=2339.000000 t_real=2.607498e+03 s <x_B_tot>=1.211192e-01 vf_precip_indicator=9.419227e-02 vf_precip_h=9.429862e-02 R_avg=6.495653e+00 xB_range=[0.0283, 0.0314] Meff_range=[2.8478e-02, 3.0420e+00] t_wall=2026-03-19 04:01:55
[3D] step=23400 t=2340.000000 t_real=2.608613e+03 s <x_B_tot>=1.211192e-01 vf_precip_indicator=9.418952e-02 vf_precip_h=9.429874e-02 R_avg=6.495567e+00 xB_range=[0.0283, 0.0314] Meff_range=[2.8478e-02, 3.0420e+00] t_wall=2026-03-19 04:02:07
[3D] step=23410 t=2341.000000 t_real=2.609728e+03 s <x_B_tot>=1.211193e-01 vf_precip_indicator=9.419012e-02 vf_precip_h=9.429886e-02 R_avg=6.495668e+00 xB_range=[0.0283, 0.0314] Meff_range=[2.8478e-02, 3.0420e+00] t_wall=2026-03-19 04:02:20
[3D] step=23420 t=2342.000000 t_real=2.610843e+03 s <x_B_tot>=1.211193e-01 vf_precip_indicator=9.419012e-02 vf_precip_h=9.429898e-02 R_avg=6.495238e+00 xB_range=[0.0283, 0.0314] Meff_range=[2.8478e-02, 3.0420e+00] t_wall=2026-03-19 04:02:32
[3D] step=23430 t=2343.000000 t_real=2.611958e+03 s <x_B_tot>=1.211194e-01 vf_precip_indicator=9.419119e-02 vf_precip_h=9.429910e-02 R_avg=6.495445e+00 xB_range=[0.0283, 0.0314] Meff_range=[2.8478e-02, 3.0420e+00] t_wall=2026-03-19 04:02:45
[3D] step=23440 t=2344.000000 t_real=2.613072e+03 s <x_B_tot>=1.211194e-01 vf_precip_indicator=9.418988e-02 vf_precip_h=9.429922e-02 R_avg=6.495325e+00 xB_range=[0.0283, 0.0314] Meff_range=[2.8478e-02, 3.0419e+00] t_wall=2026-03-19 04:02:57
[3D] step=23450 t=2345.000000 t_real=2.614187e+03 s <x_B_tot>=1.211195e-01 vf_precip_indicator=9.418911e-02 vf_precip_h=9.429934e-02 R_avg=6.495242e+00 xB_range=[0.0283, 0.0314] Meff_range=[2.8478e-02, 3.0419e+00] t_wall=2026-03-19 04:03:10
[3D] step=23460 t=2346.000000 t_real=2.615302e+03 s <x_B_tot>=1.211196e-01 vf_precip_indicator=9.418803e-02 vf_precip_h=9.429946e-02 R_avg=6.495479e+00 xB_range=[0.0283, 0.0314] Meff_range=[2.8477e-02, 3.0419e+00] t_wall=2026-03-19 04:03:22
[3D] step=23470 t=2347.000000 t_real=2.616417e+03 s <x_B_tot>=1.211196e-01 vf_precip_indicator=9.418702e-02 vf_precip_h=9.429958e-02 R_avg=6.495439e+00 xB_range=[0.0283, 0.0314] Meff_range=[2.8477e-02, 3.0419e+00] t_wall=2026-03-19 04:03:35
[3D] step=23480 t=2348.000000 t_real=2.617532e+03 s <x_B_tot>=1.211197e-01 vf_precip_indicator=9.418583e-02 vf_precip_h=9.429970e-02 R_avg=6.495802e+00 xB_range=[0.0283, 0.0314] Meff_range=[2.8477e-02, 3.0419e+00] t_wall=2026-03-19 04:03:47
[3D] step=23490 t=2349.000000 t_real=2.618646e+03 s <x_B_tot>=1.211197e-01 vf_precip_indicator=9.418660e-02 vf_precip_h=9.429982e-02 R_avg=6.495366e+00 xB_range=[0.0283, 0.0314] Meff_range=[2.8477e-02, 3.0419e+00] t_wall=2026-03-19 04:03:59
[3D] step=23500 t=2350.000000 t_real=2.619761e+03 s <x_B_tot>=1.211198e-01 vf_precip_indicator=9.418827e-02 vf_precip_h=9.429995e-02 R_avg=6.495644e+00 xB_range=[0.0283, 0.0314] Meff_range=[2.8477e-02, 3.0419e+00] t_wall=2026-03-19 04:04:12
[3D] step=23510 t=2351.000000 t_real=2.620876e+03 s <x_B_tot>=1.211199e-01 vf_precip_indicator=9.418803e-02 vf_precip_h=9.430007e-02 R_avg=6.496295e+00 xB_range=[0.0283, 0.0314] Meff_range=[2.8477e-02, 3.0419e+00] t_wall=2026-03-19 04:04:24
[3D] step=23520 t=2352.000000 t_real=2.621991e+03 s <x_B_tot>=1.211199e-01 vf_precip_indicator=9.418869e-02 vf_precip_h=9.430019e-02 R_avg=6.495940e+00 xB_range=[0.0283, 0.0314] Meff_range=[2.8477e-02, 3.0419e+00] t_wall=2026-03-19 04:04:37
[3D] step=23530 t=2353.000000 t_real=2.623106e+03 s <x_B_tot>=1.211200e-01 vf_precip_indicator=9.418929e-02 vf_precip_h=9.430031e-02 R_avg=6.495610e+00 xB_range=[0.0283, 0.0314] Meff_range=[2.8477e-02, 3.0419e+00] t_wall=2026-03-19 04:04:49
[3D] step=23540 t=2354.000000 t_real=2.624220e+03 s <x_B_tot>=1.211200e-01 vf_precip_indicator=9.419012e-02 vf_precip_h=9.430043e-02 R_avg=6.495742e+00 xB_range=[0.0283, 0.0314] Meff_range=[2.8477e-02, 3.0419e+00] t_wall=2026-03-19 04:05:02
[3D] step=23550 t=2355.000000 t_real=2.625335e+03 s <x_B_tot>=1.211201e-01 vf_precip_indicator=9.419125e-02 vf_precip_h=9.430055e-02 R_avg=6.496087e+00 xB_range=[0.0283, 0.0314] Meff_range=[2.8477e-02, 3.0418e+00] t_wall=2026-03-19 04:05:14
[3D] step=23560 t=2356.000000 t_real=2.626450e+03 s <x_B_tot>=1.211201e-01 vf_precip_indicator=9.419096e-02 vf_precip_h=9.430067e-02 R_avg=6.496170e+00 xB_range=[0.0283, 0.0314] Meff_range=[2.8477e-02, 3.0418e+00] t_wall=2026-03-19 04:05:27
[3D] step=23570 t=2357.000000 t_real=2.627565e+03 s <x_B_tot>=1.211202e-01 vf_precip_indicator=9.419054e-02 vf_precip_h=9.430079e-02 R_avg=6.495934e+00 xB_range=[0.0283, 0.0314] Meff_range=[2.8476e-02, 3.0418e+00] t_wall=2026-03-19 04:05:39
[3D] step=23580 t=2358.000000 t_real=2.628680e+03 s <x_B_tot>=1.211203e-01 vf_precip_indicator=9.419131e-02 vf_precip_h=9.430091e-02 R_avg=6.495898e+00 xB_range=[0.0283, 0.0314] Meff_range=[2.8476e-02, 3.0418e+00] t_wall=2026-03-19 04:05:52
[3D] step=23590 t=2359.000000 t_real=2.629794e+03 s <x_B_tot>=1.211203e-01 vf_precip_indicator=9.419143e-02 vf_precip_h=9.430103e-02 R_avg=6.495862e+00 xB_range=[0.0283, 0.0314] Meff_range=[2.8476e-02, 3.0418e+00] t_wall=2026-03-19 04:06:04
[3D] step=23600 t=2360.000000 t_real=2.630909e+03 s <x_B_tot>=1.211204e-01 vf_precip_indicator=9.419125e-02 vf_precip_h=9.430115e-02 R_avg=6.495731e+00 xB_range=[0.0283, 0.0314] Meff_range=[2.8476e-02, 3.0418e+00] t_wall=2026-03-19 04:06:16
[3D] step=23610 t=2361.000000 t_real=2.632024e+03 s <x_B_tot>=1.211204e-01 vf_precip_indicator=9.419227e-02 vf_precip_h=9.430127e-02 R_avg=6.496320e+00 xB_range=[0.0283, 0.0314] Meff_range=[2.8476e-02, 3.0418e+00] t_wall=2026-03-19 04:06:29
[3D] step=23620 t=2362.000000 t_real=2.633139e+03 s <x_B_tot>=1.211205e-01 vf_precip_indicator=9.419262e-02 vf_precip_h=9.430139e-02 R_avg=6.496182e+00 xB_range=[0.0283, 0.0314] Meff_range=[2.8476e-02, 3.0418e+00] t_wall=2026-03-19 04:06:41
[3D] step=23630 t=2363.000000 t_real=2.634253e+03 s <x_B_tot>=1.211206e-01 vf_precip_indicator=9.419370e-02 vf_precip_h=9.430151e-02 R_avg=6.496419e+00 xB_range=[0.0283, 0.0314] Meff_range=[2.8476e-02, 3.0418e+00] t_wall=2026-03-19 04:06:54
[3D] step=23640 t=2364.000000 t_real=2.635368e+03 s <x_B_tot>=1.211206e-01 vf_precip_indicator=9.419423e-02 vf_precip_h=9.430163e-02 R_avg=6.496263e+00 xB_range=[0.0283, 0.0314] Meff_range=[2.8476e-02, 3.0418e+00] t_wall=2026-03-19 04:07:06
[3D] step=23650 t=2365.000000 t_real=2.636483e+03 s <x_B_tot>=1.211207e-01 vf_precip_indicator=9.419543e-02 vf_precip_h=9.430175e-02 R_avg=6.496523e+00 xB_range=[0.0283, 0.0314] Meff_range=[2.8476e-02, 3.0418e+00] t_wall=2026-03-19 04:07:19
[3D] step=23660 t=2366.000000 t_real=2.637598e+03 s <x_B_tot>=1.211207e-01 vf_precip_indicator=9.419501e-02 vf_precip_h=9.430187e-02 R_avg=6.496361e+00 xB_range=[0.0283, 0.0314] Meff_range=[2.8476e-02, 3.0417e+00] t_wall=2026-03-19 04:07:31
[3D] step=23670 t=2367.000000 t_real=2.638713e+03 s <x_B_tot>=1.211208e-01 vf_precip_indicator=9.419483e-02 vf_precip_h=9.430199e-02 R_avg=6.496571e+00 xB_range=[0.0283, 0.0314] Meff_range=[2.8476e-02, 3.0417e+00] t_wall=2026-03-19 04:07:44
[3D] step=23680 t=2368.000000 t_real=2.639827e+03 s <x_B_tot>=1.211208e-01 vf_precip_indicator=9.419411e-02 vf_precip_h=9.430211e-02 R_avg=6.497204e+00 xB_range=[0.0283, 0.0314] Meff_range=[2.8476e-02, 3.0417e+00] t_wall=2026-03-19 04:07:56
[3D] step=23690 t=2369.000000 t_real=2.640942e+03 s <x_B_tot>=1.211209e-01 vf_precip_indicator=9.419382e-02 vf_precip_h=9.430223e-02 R_avg=6.497124e+00 xB_range=[0.0283, 0.0314] Meff_range=[2.8475e-02, 3.0417e+00] t_wall=2026-03-19 04:08:09
[3D] step=23700 t=2370.000000 t_real=2.642057e+03 s <x_B_tot>=1.211210e-01 vf_precip_indicator=9.419322e-02 vf_precip_h=9.430235e-02 R_avg=6.497039e+00 xB_range=[0.0283, 0.0314] Meff_range=[2.8475e-02, 3.0417e+00] t_wall=2026-03-19 04:08:21
[3D] step=23710 t=2371.000000 t_real=2.643172e+03 s <x_B_tot>=1.211210e-01 vf_precip_indicator=9.419280e-02 vf_precip_h=9.430247e-02 R_avg=6.497040e+00 xB_range=[0.0283, 0.0314] Meff_range=[2.8475e-02, 3.0417e+00] t_wall=2026-03-19 04:08:33
[3D] step=23720 t=2372.000000 t_real=2.644287e+03 s <x_B_tot>=1.211211e-01 vf_precip_indicator=9.419310e-02 vf_precip_h=9.430259e-02 R_avg=6.497357e+00 xB_range=[0.0283, 0.0314] Meff_range=[2.8475e-02, 3.0417e+00] t_wall=2026-03-19 04:08:46
[3D] step=23730 t=2373.000000 t_real=2.645401e+03 s <x_B_tot>=1.211211e-01 vf_precip_indicator=9.419286e-02 vf_precip_h=9.430271e-02 R_avg=6.497311e+00 xB_range=[0.0283, 0.0314] Meff_range=[2.8475e-02, 3.0417e+00] t_wall=2026-03-19 04:08:58
[3D] step=23740 t=2374.000000 t_real=2.646516e+03 s <x_B_tot>=1.211212e-01 vf_precip_indicator=9.419304e-02 vf_precip_h=9.430283e-02 R_avg=6.497101e+00 xB_range=[0.0283, 0.0314] Meff_range=[2.8475e-02, 3.0417e+00] t_wall=2026-03-19 04:09:11
[3D] step=23750 t=2375.000000 t_real=2.647631e+03 s <x_B_tot>=1.211213e-01 vf_precip_indicator=9.419203e-02 vf_precip_h=9.430295e-02 R_avg=6.497149e+00 xB_range=[0.0283, 0.0314] Meff_range=[2.8475e-02, 3.0417e+00] t_wall=2026-03-19 04:09:23
[3D] step=23760 t=2376.000000 t_real=2.648746e+03 s <x_B_tot>=1.211213e-01 vf_precip_indicator=9.419012e-02 vf_precip_h=9.430308e-02 R_avg=6.496840e+00 xB_range=[0.0283, 0.0314] Meff_range=[2.8475e-02, 3.0417e+00] t_wall=2026-03-19 04:09:36
[3D] step=23770 t=2377.000000 t_real=2.649861e+03 s <x_B_tot>=1.211214e-01 vf_precip_indicator=9.419042e-02 vf_precip_h=9.430320e-02 R_avg=6.497038e+00 xB_range=[0.0283, 0.0314] Meff_range=[2.8475e-02, 3.0416e+00] t_wall=2026-03-19 04:09:48
[3D] step=23780 t=2378.000000 t_real=2.650975e+03 s <x_B_tot>=1.211214e-01 vf_precip_indicator=9.418941e-02 vf_precip_h=9.430332e-02 R_avg=6.496716e+00 xB_range=[0.0283, 0.0314] Meff_range=[2.8475e-02, 3.0416e+00] t_wall=2026-03-19 04:10:01
[3D] step=23790 t=2379.000000 t_real=2.652090e+03 s <x_B_tot>=1.211215e-01 vf_precip_indicator=9.418970e-02 vf_precip_h=9.430344e-02 R_avg=6.496603e+00 xB_range=[0.0283, 0.0314] Meff_range=[2.8475e-02, 3.0416e+00] t_wall=2026-03-19 04:10:13
[3D] step=23800 t=2380.000000 t_real=2.653205e+03 s <x_B_tot>=1.211216e-01 vf_precip_indicator=9.419006e-02 vf_precip_h=9.430356e-02 R_avg=6.496613e+00 xB_range=[0.0283, 0.0314] Meff_range=[2.8474e-02, 3.0416e+00] t_wall=2026-03-19 04:10:26
[3D] step=23810 t=2381.000000 t_real=2.654320e+03 s <x_B_tot>=1.211216e-01 vf_precip_indicator=9.419149e-02 vf_precip_h=9.430368e-02 R_avg=6.496979e+00 xB_range=[0.0283, 0.0314] Meff_range=[2.8474e-02, 3.0416e+00] t_wall=2026-03-19 04:10:38
[3D] step=23820 t=2382.000000 t_real=2.655435e+03 s <x_B_tot>=1.211217e-01 vf_precip_indicator=9.419078e-02 vf_precip_h=9.430380e-02 R_avg=6.496306e+00 xB_range=[0.0283, 0.0314] Meff_range=[2.8474e-02, 3.0416e+00] t_wall=2026-03-19 04:10:50
[3D] step=23830 t=2383.000000 t_real=2.656549e+03 s <x_B_tot>=1.211217e-01 vf_precip_indicator=9.419107e-02 vf_precip_h=9.430392e-02 R_avg=6.497084e+00 xB_range=[0.0283, 0.0314] Meff_range=[2.8474e-02, 3.0416e+00] t_wall=2026-03-19 04:11:03
[3D] step=23840 t=2384.000000 t_real=2.657664e+03 s <x_B_tot>=1.211218e-01 vf_precip_indicator=9.419125e-02 vf_precip_h=9.430404e-02 R_avg=6.497497e+00 xB_range=[0.0283, 0.0314] Meff_range=[2.8474e-02, 3.0416e+00] t_wall=2026-03-19 04:11:15
[3D] step=23850 t=2385.000000 t_real=2.658779e+03 s <x_B_tot>=1.211218e-01 vf_precip_indicator=9.419292e-02 vf_precip_h=9.430416e-02 R_avg=6.497256e+00 xB_range=[0.0283, 0.0314] Meff_range=[2.8474e-02, 3.0416e+00] t_wall=2026-03-19 04:11:28
[3D] step=23860 t=2386.000000 t_real=2.659894e+03 s <x_B_tot>=1.211219e-01 vf_precip_indicator=9.419191e-02 vf_precip_h=9.430428e-02 R_avg=6.497215e+00 xB_range=[0.0283, 0.0314] Meff_range=[2.8474e-02, 3.0416e+00] t_wall=2026-03-19 04:11:40
[3D] step=23870 t=2387.000000 t_real=2.661009e+03 s <x_B_tot>=1.211220e-01 vf_precip_indicator=9.419209e-02 vf_precip_h=9.430440e-02 R_avg=6.497228e+00 xB_range=[0.0283, 0.0314] Meff_range=[2.8474e-02, 3.0415e+00] t_wall=2026-03-19 04:11:53
[3D] step=23880 t=2388.000000 t_real=2.662123e+03 s <x_B_tot>=1.211220e-01 vf_precip_indicator=9.419328e-02 vf_precip_h=9.430452e-02 R_avg=6.497696e+00 xB_range=[0.0283, 0.0314] Meff_range=[2.8474e-02, 3.0415e+00] t_wall=2026-03-19 04:12:05
[3D] step=23890 t=2389.000000 t_real=2.663238e+03 s <x_B_tot>=1.211221e-01 vf_precip_indicator=9.419316e-02 vf_precip_h=9.430464e-02 R_avg=6.497777e+00 xB_range=[0.0283, 0.0314] Meff_range=[2.8474e-02, 3.0415e+00] t_wall=2026-03-19 04:12:18
[3D] step=23900 t=2390.000000 t_real=2.664353e+03 s <x_B_tot>=1.211221e-01 vf_precip_indicator=9.419435e-02 vf_precip_h=9.430476e-02 R_avg=6.497562e+00 xB_range=[0.0283, 0.0314] Meff_range=[2.8474e-02, 3.0415e+00] t_wall=2026-03-19 04:12:30
[3D] step=23910 t=2391.000000 t_real=2.665468e+03 s <x_B_tot>=1.211222e-01 vf_precip_indicator=9.419388e-02 vf_precip_h=9.430488e-02 R_avg=6.497589e+00 xB_range=[0.0283, 0.0314] Meff_range=[2.8473e-02, 3.0415e+00] t_wall=2026-03-19 04:12:42
[3D] step=23920 t=2392.000000 t_real=2.666582e+03 s <x_B_tot>=1.211223e-01 vf_precip_indicator=9.419417e-02 vf_precip_h=9.430500e-02 R_avg=6.497535e+00 xB_range=[0.0283, 0.0314] Meff_range=[2.8473e-02, 3.0415e+00] t_wall=2026-03-19 04:12:55
[3D] step=23930 t=2393.000000 t_real=2.667697e+03 s <x_B_tot>=1.211223e-01 vf_precip_indicator=9.419471e-02 vf_precip_h=9.430512e-02 R_avg=6.497542e+00 xB_range=[0.0283, 0.0314] Meff_range=[2.8473e-02, 3.0415e+00] t_wall=2026-03-19 04:13:07
[3D] step=23940 t=2394.000000 t_real=2.668812e+03 s <x_B_tot>=1.211224e-01 vf_precip_indicator=9.419483e-02 vf_precip_h=9.430524e-02 R_avg=6.497491e+00 xB_range=[0.0283, 0.0314] Meff_range=[2.8473e-02, 3.0415e+00] t_wall=2026-03-19 04:13:20
[3D] step=23950 t=2395.000000 t_real=2.669927e+03 s <x_B_tot>=1.211224e-01 vf_precip_indicator=9.419370e-02 vf_precip_h=9.430537e-02 R_avg=6.497220e+00 xB_range=[0.0283, 0.0314] Meff_range=[2.8473e-02, 3.0415e+00] t_wall=2026-03-19 04:13:32
[3D] step=23960 t=2396.000000 t_real=2.671042e+03 s <x_B_tot>=1.211225e-01 vf_precip_indicator=9.419256e-02 vf_precip_h=9.430549e-02 R_avg=6.497068e+00 xB_range=[0.0283, 0.0314] Meff_range=[2.8473e-02, 3.0415e+00] t_wall=2026-03-19 04:13:45
[3D] step=23970 t=2397.000000 t_real=2.672156e+03 s <x_B_tot>=1.211225e-01 vf_precip_indicator=9.419245e-02 vf_precip_h=9.430561e-02 R_avg=6.496896e+00 xB_range=[0.0283, 0.0314] Meff_range=[2.8473e-02, 3.0415e+00] t_wall=2026-03-19 04:13:57
[3D] step=23980 t=2398.000000 t_real=2.673271e+03 s <x_B_tot>=1.211226e-01 vf_precip_indicator=9.419346e-02 vf_precip_h=9.430573e-02 R_avg=6.497144e+00 xB_range=[0.0283, 0.0314] Meff_range=[2.8473e-02, 3.0414e+00] t_wall=2026-03-19 04:14:10
[3D] step=23990 t=2399.000000 t_real=2.674386e+03 s <x_B_tot>=1.211227e-01 vf_precip_indicator=9.419370e-02 vf_precip_h=9.430585e-02 R_avg=6.497131e+00 xB_range=[0.0283, 0.0314] Meff_range=[2.8473e-02, 3.0414e+00] t_wall=2026-03-19 04:14:22
[3D] step=24000 t=2400.000000 t_real=2.675501e+03 s <x_B_tot>=1.211227e-01 vf_precip_indicator=9.419310e-02 vf_precip_h=9.430597e-02 R_avg=6.497268e+00 xB_range=[0.0283, 0.0314] Meff_range=[2.8473e-02, 3.0414e+00] t_wall=2026-03-19 04:14:35
[3D] step=24010 t=2401.000000 t_real=2.676616e+03 s <x_B_tot>=1.211228e-01 vf_precip_indicator=9.419292e-02 vf_precip_h=9.430609e-02 R_avg=6.497033e+00 xB_range=[0.0283, 0.0314] Meff_range=[2.8473e-02, 3.0414e+00] t_wall=2026-03-19 04:14:47
[3D] step=24020 t=2402.000000 t_real=2.677730e+03 s <x_B_tot>=1.211228e-01 vf_precip_indicator=9.419221e-02 vf_precip_h=9.430621e-02 R_avg=6.497147e+00 xB_range=[0.0283, 0.0314] Meff_range=[2.8473e-02, 3.0414e+00] t_wall=2026-03-19 04:14:59
[3D] step=24030 t=2403.000000 t_real=2.678845e+03 s <x_B_tot>=1.211229e-01 vf_precip_indicator=9.419346e-02 vf_precip_h=9.430633e-02 R_avg=6.497664e+00 xB_range=[0.0283, 0.0314] Meff_range=[2.8472e-02, 3.0414e+00] t_wall=2026-03-19 04:15:12
[3D] step=24040 t=2404.000000 t_real=2.679960e+03 s <x_B_tot>=1.211230e-01 vf_precip_indicator=9.419227e-02 vf_precip_h=9.430645e-02 R_avg=6.498190e+00 xB_range=[0.0283, 0.0314] Meff_range=[2.8472e-02, 3.0414e+00] t_wall=2026-03-19 04:15:24
[3D] step=24050 t=2405.000000 t_real=2.681075e+03 s <x_B_tot>=1.211230e-01 vf_precip_indicator=9.419161e-02 vf_precip_h=9.430657e-02 R_avg=6.497581e+00 xB_range=[0.0283, 0.0314] Meff_range=[2.8472e-02, 3.0414e+00] t_wall=2026-03-19 04:15:37
[3D] step=24060 t=2406.000000 t_real=2.682190e+03 s <x_B_tot>=1.211231e-01 vf_precip_indicator=9.419024e-02 vf_precip_h=9.430669e-02 R_avg=6.497412e+00 xB_range=[0.0283, 0.0314] Meff_range=[2.8472e-02, 3.0414e+00] t_wall=2026-03-19 04:15:49
[3D] step=24070 t=2407.000000 t_real=2.683304e+03 s <x_B_tot>=1.211231e-01 vf_precip_indicator=9.419096e-02 vf_precip_h=9.430681e-02 R_avg=6.497224e+00 xB_range=[0.0283, 0.0314] Meff_range=[2.8472e-02, 3.0414e+00] t_wall=2026-03-19 04:16:02
[3D] step=24080 t=2408.000000 t_real=2.684419e+03 s <x_B_tot>=1.211232e-01 vf_precip_indicator=9.418970e-02 vf_precip_h=9.430693e-02 R_avg=6.498162e+00 xB_range=[0.0283, 0.0314] Meff_range=[2.8472e-02, 3.0413e+00] t_wall=2026-03-19 04:16:14
[3D] step=24090 t=2409.000000 t_real=2.685534e+03 s <x_B_tot>=1.211232e-01 vf_precip_indicator=9.419042e-02 vf_precip_h=9.430705e-02 R_avg=6.498122e+00 xB_range=[0.0283, 0.0314] Meff_range=[2.8472e-02, 3.0413e+00] t_wall=2026-03-19 04:16:27
[3D] step=24100 t=2410.000000 t_real=2.686649e+03 s <x_B_tot>=1.211233e-01 vf_precip_indicator=9.419119e-02 vf_precip_h=9.430717e-02 R_avg=6.498725e+00 xB_range=[0.0283, 0.0314] Meff_range=[2.8472e-02, 3.0413e+00] t_wall=2026-03-19 04:16:39
[3D] step=24110 t=2411.000000 t_real=2.687764e+03 s <x_B_tot>=1.211234e-01 vf_precip_indicator=9.419090e-02 vf_precip_h=9.430730e-02 R_avg=6.498556e+00 xB_range=[0.0283, 0.0314] Meff_range=[2.8472e-02, 3.0413e+00] t_wall=2026-03-19 04:16:51
[3D] step=24120 t=2412.000000 t_real=2.688878e+03 s <x_B_tot>=1.211234e-01 vf_precip_indicator=9.419060e-02 vf_precip_h=9.430742e-02 R_avg=6.498461e+00 xB_range=[0.0283, 0.0314] Meff_range=[2.8472e-02, 3.0413e+00] t_wall=2026-03-19 04:17:04
[3D] step=24130 t=2413.000000 t_real=2.689993e+03 s <x_B_tot>=1.211235e-01 vf_precip_indicator=9.419113e-02 vf_precip_h=9.430754e-02 R_avg=6.498424e+00 xB_range=[0.0283, 0.0314] Meff_range=[2.8472e-02, 3.0413e+00] t_wall=2026-03-19 04:17:16
[3D] step=24140 t=2414.000000 t_real=2.691108e+03 s <x_B_tot>=1.211235e-01 vf_precip_indicator=9.419024e-02 vf_precip_h=9.430766e-02 R_avg=6.498555e+00 xB_range=[0.0283, 0.0314] Meff_range=[2.8471e-02, 3.0413e+00] t_wall=2026-03-19 04:17:29
[3D] step=24150 t=2415.000000 t_real=2.692223e+03 s <x_B_tot>=1.211236e-01 vf_precip_indicator=9.418994e-02 vf_precip_h=9.430778e-02 R_avg=6.498817e+00 xB_range=[0.0283, 0.0314] Meff_range=[2.8471e-02, 3.0413e+00] t_wall=2026-03-19 04:17:41
[3D] step=24160 t=2416.000000 t_real=2.693337e+03 s <x_B_tot>=1.211237e-01 vf_precip_indicator=9.418923e-02 vf_precip_h=9.430790e-02 R_avg=6.499361e+00 xB_range=[0.0283, 0.0314] Meff_range=[2.8471e-02, 3.0413e+00] t_wall=2026-03-19 04:17:54
[3D] step=24170 t=2417.000000 t_real=2.694452e+03 s <x_B_tot>=1.211237e-01 vf_precip_indicator=9.418917e-02 vf_precip_h=9.430802e-02 R_avg=6.499149e+00 xB_range=[0.0283, 0.0314] Meff_range=[2.8471e-02, 3.0413e+00] t_wall=2026-03-19 04:18:06
[3D] step=24180 t=2418.000000 t_real=2.695567e+03 s <x_B_tot>=1.211238e-01 vf_precip_indicator=9.418947e-02 vf_precip_h=9.430814e-02 R_avg=6.498754e+00 xB_range=[0.0283, 0.0314] Meff_range=[2.8471e-02, 3.0412e+00] t_wall=2026-03-19 04:18:19
[3D] step=24190 t=2419.000000 t_real=2.696682e+03 s <x_B_tot>=1.211238e-01 vf_precip_indicator=9.418786e-02 vf_precip_h=9.430826e-02 R_avg=6.498301e+00 xB_range=[0.0283, 0.0314] Meff_range=[2.8471e-02, 3.0412e+00] t_wall=2026-03-19 04:18:31
[3D] step=24200 t=2420.000000 t_real=2.697797e+03 s <x_B_tot>=1.211239e-01 vf_precip_indicator=9.418797e-02 vf_precip_h=9.430838e-02 R_avg=6.498532e+00 xB_range=[0.0283, 0.0314] Meff_range=[2.8471e-02, 3.0412e+00] t_wall=2026-03-19 04:18:44
[3D] step=24210 t=2421.000000 t_real=2.698911e+03 s <x_B_tot>=1.211239e-01 vf_precip_indicator=9.418750e-02 vf_precip_h=9.430850e-02 R_avg=6.498381e+00 xB_range=[0.0283, 0.0314] Meff_range=[2.8471e-02, 3.0412e+00] t_wall=2026-03-19 04:18:56
[3D] step=24220 t=2422.000000 t_real=2.700026e+03 s <x_B_tot>=1.211240e-01 vf_precip_indicator=9.418762e-02 vf_precip_h=9.430862e-02 R_avg=6.498671e+00 xB_range=[0.0283, 0.0314] Meff_range=[2.8471e-02, 3.0412e+00] t_wall=2026-03-19 04:19:08
[3D] step=24230 t=2423.000000 t_real=2.701141e+03 s <x_B_tot>=1.211241e-01 vf_precip_indicator=9.418756e-02 vf_precip_h=9.430874e-02 R_avg=6.498756e+00 xB_range=[0.0283, 0.0314] Meff_range=[2.8471e-02, 3.0412e+00] t_wall=2026-03-19 04:19:21
[3D] step=24240 t=2424.000000 t_real=2.702256e+03 s <x_B_tot>=1.211241e-01 vf_precip_indicator=9.418660e-02 vf_precip_h=9.430886e-02 R_avg=6.498527e+00 xB_range=[0.0283, 0.0314] Meff_range=[2.8471e-02, 3.0412e+00] t_wall=2026-03-19 04:19:33
[3D] step=24250 t=2425.000000 t_real=2.703371e+03 s <x_B_tot>=1.211242e-01 vf_precip_indicator=9.418541e-02 vf_precip_h=9.430898e-02 R_avg=6.498831e+00 xB_range=[0.0283, 0.0314] Meff_range=[2.8470e-02, 3.0412e+00] t_wall=2026-03-19 04:19:46
[3D] step=24260 t=2426.000000 t_real=2.704485e+03 s <x_B_tot>=1.211242e-01 vf_precip_indicator=9.418613e-02 vf_precip_h=9.430911e-02 R_avg=6.499103e+00 xB_range=[0.0283, 0.0314] Meff_range=[2.8470e-02, 3.0412e+00] t_wall=2026-03-19 04:19:58
[3D] step=24270 t=2427.000000 t_real=2.705600e+03 s <x_B_tot>=1.211243e-01 vf_precip_indicator=9.418660e-02 vf_precip_h=9.430923e-02 R_avg=6.499210e+00 xB_range=[0.0283, 0.0314] Meff_range=[2.8470e-02, 3.0412e+00] t_wall=2026-03-19 04:20:11
[3D] step=24280 t=2428.000000 t_real=2.706715e+03 s <x_B_tot>=1.211244e-01 vf_precip_indicator=9.418637e-02 vf_precip_h=9.430935e-02 R_avg=6.499297e+00 xB_range=[0.0283, 0.0314] Meff_range=[2.8470e-02, 3.0412e+00] t_wall=2026-03-19 04:20:23
[3D] step=24290 t=2429.000000 t_real=2.707830e+03 s <x_B_tot>=1.211244e-01 vf_precip_indicator=9.418666e-02 vf_precip_h=9.430947e-02 R_avg=6.498843e+00 xB_range=[0.0283, 0.0314] Meff_range=[2.8470e-02, 3.0411e+00] t_wall=2026-03-19 04:20:36
[3D] step=24300 t=2430.000000 t_real=2.708945e+03 s <x_B_tot>=1.211245e-01 vf_precip_indicator=9.418637e-02 vf_precip_h=9.430959e-02 R_avg=6.499119e+00 xB_range=[0.0283, 0.0314] Meff_range=[2.8470e-02, 3.0411e+00] t_wall=2026-03-19 04:20:48
[3D] step=24310 t=2431.000000 t_real=2.710059e+03 s <x_B_tot>=1.211245e-01 vf_precip_indicator=9.418595e-02 vf_precip_h=9.430971e-02 R_avg=6.499046e+00 xB_range=[0.0283, 0.0314] Meff_range=[2.8470e-02, 3.0411e+00] t_wall=2026-03-19 04:21:00
[3D] step=24320 t=2432.000000 t_real=2.711174e+03 s <x_B_tot>=1.211246e-01 vf_precip_indicator=9.418684e-02 vf_precip_h=9.430983e-02 R_avg=6.499657e+00 xB_range=[0.0283, 0.0314] Meff_range=[2.8470e-02, 3.0411e+00] t_wall=2026-03-19 04:21:13
[3D] step=24330 t=2433.000000 t_real=2.712289e+03 s <x_B_tot>=1.211247e-01 vf_precip_indicator=9.418684e-02 vf_precip_h=9.430995e-02 R_avg=6.499568e+00 xB_range=[0.0283, 0.0314] Meff_range=[2.8470e-02, 3.0411e+00] t_wall=2026-03-19 04:21:25
[3D] step=24340 t=2434.000000 t_real=2.713404e+03 s <x_B_tot>=1.211247e-01 vf_precip_indicator=9.418732e-02 vf_precip_h=9.431007e-02 R_avg=6.499541e+00 xB_range=[0.0283, 0.0314] Meff_range=[2.8470e-02, 3.0411e+00] t_wall=2026-03-19 04:21:38
[3D] step=24350 t=2435.000000 t_real=2.714519e+03 s <x_B_tot>=1.211248e-01 vf_precip_indicator=9.418821e-02 vf_precip_h=9.431019e-02 R_avg=6.500004e+00 xB_range=[0.0283, 0.0314] Meff_range=[2.8470e-02, 3.0411e+00] t_wall=2026-03-19 04:21:50
[3D] step=24360 t=2436.000000 t_real=2.715633e+03 s <x_B_tot>=1.211248e-01 vf_precip_indicator=9.418833e-02 vf_precip_h=9.431031e-02 R_avg=6.500012e+00 xB_range=[0.0283, 0.0314] Meff_range=[2.8470e-02, 3.0411e+00] t_wall=2026-03-19 04:22:03
[3D] step=24370 t=2437.000000 t_real=2.716748e+03 s <x_B_tot>=1.211249e-01 vf_precip_indicator=9.418869e-02 vf_precip_h=9.431043e-02 R_avg=6.500141e+00 xB_range=[0.0283, 0.0314] Meff_range=[2.8469e-02, 3.0411e+00] t_wall=2026-03-19 04:22:15
[3D] step=24380 t=2438.000000 t_real=2.717863e+03 s <x_B_tot>=1.211249e-01 vf_precip_indicator=9.418851e-02 vf_precip_h=9.431055e-02 R_avg=6.500678e+00 xB_range=[0.0283, 0.0314] Meff_range=[2.8469e-02, 3.0410e+00] t_wall=2026-03-19 04:22:28
[3D] step=24390 t=2439.000000 t_real=2.718978e+03 s <x_B_tot>=1.211250e-01 vf_precip_indicator=9.418756e-02 vf_precip_h=9.431068e-02 R_avg=6.500850e+00 xB_range=[0.0283, 0.0314] Meff_range=[2.8469e-02, 3.0410e+00] t_wall=2026-03-19 04:22:40
[3D] step=24400 t=2440.000000 t_real=2.720092e+03 s <x_B_tot>=1.211251e-01 vf_precip_indicator=9.418672e-02 vf_precip_h=9.431080e-02 R_avg=6.500867e+00 xB_range=[0.0283, 0.0314] Meff_range=[2.8469e-02, 3.0410e+00] t_wall=2026-03-19 04:22:53
[3D] step=24410 t=2441.000000 t_real=2.721207e+03 s <x_B_tot>=1.211251e-01 vf_precip_indicator=9.418756e-02 vf_precip_h=9.431092e-02 R_avg=6.501014e+00 xB_range=[0.0283, 0.0314] Meff_range=[2.8469e-02, 3.0410e+00] t_wall=2026-03-19 04:23:05
[3D] step=24420 t=2442.000000 t_real=2.722322e+03 s <x_B_tot>=1.211252e-01 vf_precip_indicator=9.418648e-02 vf_precip_h=9.431104e-02 R_avg=6.500969e+00 xB_range=[0.0283, 0.0314] Meff_range=[2.8469e-02, 3.0410e+00] t_wall=2026-03-19 04:23:17
[3D] step=24430 t=2443.000000 t_real=2.723437e+03 s <x_B_tot>=1.211252e-01 vf_precip_indicator=9.418654e-02 vf_precip_h=9.431116e-02 R_avg=6.501508e+00 xB_range=[0.0283, 0.0314] Meff_range=[2.8469e-02, 3.0410e+00] t_wall=2026-03-19 04:23:30
[3D] step=24440 t=2444.000000 t_real=2.724552e+03 s <x_B_tot>=1.211253e-01 vf_precip_indicator=9.418780e-02 vf_precip_h=9.431128e-02 R_avg=6.502011e+00 xB_range=[0.0283, 0.0314] Meff_range=[2.8469e-02, 3.0410e+00] t_wall=2026-03-19 04:23:42
[3D] step=24450 t=2445.000000 t_real=2.725666e+03 s <x_B_tot>=1.211254e-01 vf_precip_indicator=9.418768e-02 vf_precip_h=9.431140e-02 R_avg=6.502330e+00 xB_range=[0.0283, 0.0314] Meff_range=[2.8469e-02, 3.0410e+00] t_wall=2026-03-19 04:23:55
[3D] step=24460 t=2446.000000 t_real=2.726781e+03 s <x_B_tot>=1.211254e-01 vf_precip_indicator=9.418809e-02 vf_precip_h=9.431152e-02 R_avg=6.503057e+00 xB_range=[0.0283, 0.0314] Meff_range=[2.8469e-02, 3.0410e+00] t_wall=2026-03-19 04:24:07
[3D] step=24470 t=2447.000000 t_real=2.727896e+03 s <x_B_tot>=1.211255e-01 vf_precip_indicator=9.418690e-02 vf_precip_h=9.431164e-02 R_avg=6.502722e+00 xB_range=[0.0283, 0.0314] Meff_range=[2.8469e-02, 3.0410e+00] t_wall=2026-03-19 04:24:20
[3D] step=24480 t=2448.000000 t_real=2.729011e+03 s <x_B_tot>=1.211255e-01 vf_precip_indicator=9.418774e-02 vf_precip_h=9.431176e-02 R_avg=6.502527e+00 xB_range=[0.0283, 0.0314] Meff_range=[2.8468e-02, 3.0409e+00] t_wall=2026-03-19 04:24:32
[3D] step=24490 t=2449.000000 t_real=2.730126e+03 s <x_B_tot>=1.211256e-01 vf_precip_indicator=9.418875e-02 vf_precip_h=9.431188e-02 R_avg=6.503147e+00 xB_range=[0.0283, 0.0314] Meff_range=[2.8468e-02, 3.0409e+00] t_wall=2026-03-19 04:24:45
[3D] step=24500 t=2450.000000 t_real=2.731240e+03 s <x_B_tot>=1.211256e-01 vf_precip_indicator=9.419054e-02 vf_precip_h=9.431200e-02 R_avg=6.503345e+00 xB_range=[0.0283, 0.0314] Meff_range=[2.8468e-02, 3.0409e+00] t_wall=2026-03-19 04:24:57
[3D] step=24510 t=2451.000000 t_real=2.732355e+03 s <x_B_tot>=1.211257e-01 vf_precip_indicator=9.419030e-02 vf_precip_h=9.431213e-02 R_avg=6.503076e+00 xB_range=[0.0283, 0.0314] Meff_range=[2.8468e-02, 3.0409e+00] t_wall=2026-03-19 04:25:10
[3D] step=24520 t=2452.000000 t_real=2.733470e+03 s <x_B_tot>=1.211258e-01 vf_precip_indicator=9.419078e-02 vf_precip_h=9.431225e-02 R_avg=6.503302e+00 xB_range=[0.0283, 0.0314] Meff_range=[2.8468e-02, 3.0409e+00] t_wall=2026-03-19 04:25:22
[3D] step=24530 t=2453.000000 t_real=2.734585e+03 s <x_B_tot>=1.211258e-01 vf_precip_indicator=9.419036e-02 vf_precip_h=9.431237e-02 R_avg=6.502961e+00 xB_range=[0.0283, 0.0314] Meff_range=[2.8468e-02, 3.0409e+00] t_wall=2026-03-19 04:25:34
[3D] step=24540 t=2454.000000 t_real=2.735700e+03 s <x_B_tot>=1.211259e-01 vf_precip_indicator=9.418899e-02 vf_precip_h=9.431249e-02 R_avg=6.503149e+00 xB_range=[0.0283, 0.0314] Meff_range=[2.8468e-02, 3.0409e+00] t_wall=2026-03-19 04:25:47
[3D] step=24550 t=2455.000000 t_real=2.736814e+03 s <x_B_tot>=1.211259e-01 vf_precip_indicator=9.418923e-02 vf_precip_h=9.431261e-02 R_avg=6.502868e+00 xB_range=[0.0283, 0.0314] Meff_range=[2.8468e-02, 3.0409e+00] t_wall=2026-03-19 04:25:59
[3D] step=24560 t=2456.000000 t_real=2.737929e+03 s <x_B_tot>=1.211260e-01 vf_precip_indicator=9.418857e-02 vf_precip_h=9.431273e-02 R_avg=6.503031e+00 xB_range=[0.0283, 0.0314] Meff_range=[2.8468e-02, 3.0409e+00] t_wall=2026-03-19 04:26:12
[3D] step=24570 t=2457.000000 t_real=2.739044e+03 s <x_B_tot>=1.211261e-01 vf_precip_indicator=9.418911e-02 vf_precip_h=9.431285e-02 R_avg=6.502696e+00 xB_range=[0.0283, 0.0314] Meff_range=[2.8468e-02, 3.0409e+00] t_wall=2026-03-19 04:26:24
[3D] step=24580 t=2458.000000 t_real=2.740159e+03 s <x_B_tot>=1.211261e-01 vf_precip_indicator=9.418994e-02 vf_precip_h=9.431297e-02 R_avg=6.502828e+00 xB_range=[0.0283, 0.0314] Meff_range=[2.8468e-02, 3.0408e+00] t_wall=2026-03-19 04:26:37
[3D] step=24590 t=2459.000000 t_real=2.741274e+03 s <x_B_tot>=1.211262e-01 vf_precip_indicator=9.419030e-02 vf_precip_h=9.431309e-02 R_avg=6.502942e+00 xB_range=[0.0283, 0.0314] Meff_range=[2.8468e-02, 3.0408e+00] t_wall=2026-03-19 04:26:49
[3D] step=24600 t=2460.000000 t_real=2.742388e+03 s <x_B_tot>=1.211262e-01 vf_precip_indicator=9.419113e-02 vf_precip_h=9.431321e-02 R_avg=6.502628e+00 xB_range=[0.0283, 0.0314] Meff_range=[2.8467e-02, 3.0408e+00] t_wall=2026-03-19 04:27:02
[3D] step=24610 t=2461.000000 t_real=2.743503e+03 s <x_B_tot>=1.211263e-01 vf_precip_indicator=9.419179e-02 vf_precip_h=9.431333e-02 R_avg=6.502956e+00 xB_range=[0.0283, 0.0314] Meff_range=[2.8467e-02, 3.0408e+00] t_wall=2026-03-19 04:27:14
[3D] step=24620 t=2462.000000 t_real=2.744618e+03 s <x_B_tot>=1.211264e-01 vf_precip_indicator=9.419405e-02 vf_precip_h=9.431346e-02 R_avg=6.503409e+00 xB_range=[0.0283, 0.0314] Meff_range=[2.8467e-02, 3.0408e+00] t_wall=2026-03-19 04:27:26
[3D] step=24630 t=2463.000000 t_real=2.745733e+03 s <x_B_tot>=1.211264e-01 vf_precip_indicator=9.419543e-02 vf_precip_h=9.431358e-02 R_avg=6.503281e+00 xB_range=[0.0283, 0.0314] Meff_range=[2.8467e-02, 3.0408e+00] t_wall=2026-03-19 04:27:39
[3D] step=24640 t=2464.000000 t_real=2.746847e+03 s <x_B_tot>=1.211265e-01 vf_precip_indicator=9.419650e-02 vf_precip_h=9.431370e-02 R_avg=6.503414e+00 xB_range=[0.0283, 0.0314] Meff_range=[2.8467e-02, 3.0408e+00] t_wall=2026-03-19 04:27:51
[3D] step=24650 t=2465.000000 t_real=2.747962e+03 s <x_B_tot>=1.211265e-01 vf_precip_indicator=9.419608e-02 vf_precip_h=9.431382e-02 R_avg=6.503787e+00 xB_range=[0.0283, 0.0314] Meff_range=[2.8467e-02, 3.0408e+00] t_wall=2026-03-19 04:28:04
[3D] step=24660 t=2466.000000 t_real=2.749077e+03 s <x_B_tot>=1.211266e-01 vf_precip_indicator=9.419686e-02 vf_precip_h=9.431394e-02 R_avg=6.503945e+00 xB_range=[0.0283, 0.0314] Meff_range=[2.8467e-02, 3.0408e+00] t_wall=2026-03-19 04:28:16
[3D] step=24670 t=2467.000000 t_real=2.750192e+03 s <x_B_tot>=1.211266e-01 vf_precip_indicator=9.419769e-02 vf_precip_h=9.431406e-02 R_avg=6.504270e+00 xB_range=[0.0283, 0.0314] Meff_range=[2.8467e-02, 3.0408e+00] t_wall=2026-03-19 04:28:29
[3D] step=24680 t=2468.000000 t_real=2.751307e+03 s <x_B_tot>=1.211267e-01 vf_precip_indicator=9.419793e-02 vf_precip_h=9.431418e-02 R_avg=6.504658e+00 xB_range=[0.0283, 0.0314] Meff_range=[2.8467e-02, 3.0408e+00] t_wall=2026-03-19 04:28:41
[3D] step=24690 t=2469.000000 t_real=2.752421e+03 s <x_B_tot>=1.211268e-01 vf_precip_indicator=9.419531e-02 vf_precip_h=9.431430e-02 R_avg=6.504953e+00 xB_range=[0.0283, 0.0314] Meff_range=[2.8467e-02, 3.0407e+00] t_wall=2026-03-19 04:28:54
[3D] step=24700 t=2470.000000 t_real=2.753536e+03 s <x_B_tot>=1.211268e-01 vf_precip_indicator=9.419435e-02 vf_precip_h=9.431442e-02 R_avg=6.504486e+00 xB_range=[0.0283, 0.0314] Meff_range=[2.8467e-02, 3.0407e+00] t_wall=2026-03-19 04:29:06
[3D] step=24710 t=2471.000000 t_real=2.754651e+03 s <x_B_tot>=1.211269e-01 vf_precip_indicator=9.419501e-02 vf_precip_h=9.431454e-02 R_avg=6.505007e+00 xB_range=[0.0283, 0.0314] Meff_range=[2.8466e-02, 3.0407e+00] t_wall=2026-03-19 04:29:19
[3D] step=24720 t=2472.000000 t_real=2.755766e+03 s <x_B_tot>=1.211269e-01 vf_precip_indicator=9.419394e-02 vf_precip_h=9.431467e-02 R_avg=6.504695e+00 xB_range=[0.0283, 0.0314] Meff_range=[2.8466e-02, 3.0407e+00] t_wall=2026-03-19 04:29:31
[3D] step=24730 t=2473.000000 t_real=2.756881e+03 s <x_B_tot>=1.211270e-01 vf_precip_indicator=9.419519e-02 vf_precip_h=9.431479e-02 R_avg=6.505094e+00 xB_range=[0.0283, 0.0314] Meff_range=[2.8466e-02, 3.0407e+00] t_wall=2026-03-19 04:29:43
[3D] step=24740 t=2474.000000 t_real=2.757995e+03 s <x_B_tot>=1.211271e-01 vf_precip_indicator=9.419626e-02 vf_precip_h=9.431491e-02 R_avg=6.505034e+00 xB_range=[0.0283, 0.0314] Meff_range=[2.8466e-02, 3.0407e+00] t_wall=2026-03-19 04:29:56
[3D] step=24750 t=2475.000000 t_real=2.759110e+03 s <x_B_tot>=1.211271e-01 vf_precip_indicator=9.419662e-02 vf_precip_h=9.431503e-02 R_avg=6.505460e+00 xB_range=[0.0283, 0.0314] Meff_range=[2.8466e-02, 3.0407e+00] t_wall=2026-03-19 04:30:08
[3D] step=24760 t=2476.000000 t_real=2.760225e+03 s <x_B_tot>=1.211272e-01 vf_precip_indicator=9.419721e-02 vf_precip_h=9.431515e-02 R_avg=6.506126e+00 xB_range=[0.0283, 0.0314] Meff_range=[2.8466e-02, 3.0407e+00] t_wall=2026-03-19 04:30:21
[3D] step=24770 t=2477.000000 t_real=2.761340e+03 s <x_B_tot>=1.211272e-01 vf_precip_indicator=9.419817e-02 vf_precip_h=9.431527e-02 R_avg=6.506549e+00 xB_range=[0.0283, 0.0314] Meff_range=[2.8466e-02, 3.0407e+00] t_wall=2026-03-19 04:30:33
[3D] step=24780 t=2478.000000 t_real=2.762455e+03 s <x_B_tot>=1.211273e-01 vf_precip_indicator=9.419709e-02 vf_precip_h=9.431539e-02 R_avg=6.506922e+00 xB_range=[0.0283, 0.0314] Meff_range=[2.8466e-02, 3.0407e+00] t_wall=2026-03-19 04:30:46
[3D] step=24790 t=2479.000000 t_real=2.763569e+03 s <x_B_tot>=1.211274e-01 vf_precip_indicator=9.419805e-02 vf_precip_h=9.431551e-02 R_avg=6.507077e+00 xB_range=[0.0283, 0.0314] Meff_range=[2.8466e-02, 3.0407e+00] t_wall=2026-03-19 04:30:58
[3D] step=24800 t=2480.000000 t_real=2.764684e+03 s <x_B_tot>=1.211274e-01 vf_precip_indicator=9.419727e-02 vf_precip_h=9.431563e-02 R_avg=6.506785e+00 xB_range=[0.0283, 0.0314] Meff_range=[2.8466e-02, 3.0406e+00] t_wall=2026-03-19 04:31:11
[3D] step=24810 t=2481.000000 t_real=2.765799e+03 s <x_B_tot>=1.211275e-01 vf_precip_indicator=9.419715e-02 vf_precip_h=9.431575e-02 R_avg=6.506197e+00 xB_range=[0.0283, 0.0314] Meff_range=[2.8466e-02, 3.0406e+00] t_wall=2026-03-19 04:31:23
[3D] step=24820 t=2482.000000 t_real=2.766914e+03 s <x_B_tot>=1.211275e-01 vf_precip_indicator=9.419698e-02 vf_precip_h=9.431588e-02 R_avg=6.506140e+00 xB_range=[0.0283, 0.0314] Meff_range=[2.8465e-02, 3.0406e+00] t_wall=2026-03-19 04:31:35
[3D] step=24830 t=2483.000000 t_real=2.768029e+03 s <x_B_tot>=1.211276e-01 vf_precip_indicator=9.419751e-02 vf_precip_h=9.431600e-02 R_avg=6.506221e+00 xB_range=[0.0283, 0.0314] Meff_range=[2.8465e-02, 3.0406e+00] t_wall=2026-03-19 04:31:48
[3D] step=24840 t=2484.000000 t_real=2.769143e+03 s <x_B_tot>=1.211276e-01 vf_precip_indicator=9.419858e-02 vf_precip_h=9.431612e-02 R_avg=6.506236e+00 xB_range=[0.0283, 0.0314] Meff_range=[2.8465e-02, 3.0406e+00] t_wall=2026-03-19 04:32:00
[3D] step=24850 t=2485.000000 t_real=2.770258e+03 s <x_B_tot>=1.211277e-01 vf_precip_indicator=9.419769e-02 vf_precip_h=9.431624e-02 R_avg=6.506070e+00 xB_range=[0.0283, 0.0314] Meff_range=[2.8465e-02, 3.0406e+00] t_wall=2026-03-19 04:32:13
[3D] step=24860 t=2486.000000 t_real=2.771373e+03 s <x_B_tot>=1.211278e-01 vf_precip_indicator=9.419894e-02 vf_precip_h=9.431636e-02 R_avg=6.506290e+00 xB_range=[0.0283, 0.0314] Meff_range=[2.8465e-02, 3.0406e+00] t_wall=2026-03-19 04:32:25
[3D] step=24870 t=2487.000000 t_real=2.772488e+03 s <x_B_tot>=1.211278e-01 vf_precip_indicator=9.419876e-02 vf_precip_h=9.431648e-02 R_avg=6.506099e+00 xB_range=[0.0283, 0.0314] Meff_range=[2.8465e-02, 3.0406e+00] t_wall=2026-03-19 04:32:38
[3D] step=24880 t=2488.000000 t_real=2.773602e+03 s <x_B_tot>=1.211279e-01 vf_precip_indicator=9.419900e-02 vf_precip_h=9.431660e-02 R_avg=6.506592e+00 xB_range=[0.0283, 0.0314] Meff_range=[2.8465e-02, 3.0406e+00] t_wall=2026-03-19 04:32:50
[3D] step=24890 t=2489.000000 t_real=2.774717e+03 s <x_B_tot>=1.211279e-01 vf_precip_indicator=9.419775e-02 vf_precip_h=9.431672e-02 R_avg=6.506372e+00 xB_range=[0.0283, 0.0314] Meff_range=[2.8465e-02, 3.0406e+00] t_wall=2026-03-19 04:33:03
[3D] step=24900 t=2490.000000 t_real=2.775832e+03 s <x_B_tot>=1.211280e-01 vf_precip_indicator=9.419781e-02 vf_precip_h=9.431684e-02 R_avg=6.506376e+00 xB_range=[0.0283, 0.0314] Meff_range=[2.8465e-02, 3.0406e+00] t_wall=2026-03-19 04:33:15
[3D] step=24910 t=2491.000000 t_real=2.776947e+03 s <x_B_tot>=1.211281e-01 vf_precip_indicator=9.419632e-02 vf_precip_h=9.431696e-02 R_avg=6.506585e+00 xB_range=[0.0283, 0.0314] Meff_range=[2.8465e-02, 3.0405e+00] t_wall=2026-03-19 04:33:28
[3D] step=24920 t=2492.000000 t_real=2.778062e+03 s <x_B_tot>=1.211281e-01 vf_precip_indicator=9.419531e-02 vf_precip_h=9.431709e-02 R_avg=6.506292e+00 xB_range=[0.0283, 0.0314] Meff_range=[2.8465e-02, 3.0405e+00] t_wall=2026-03-19 04:33:40
[3D] step=24930 t=2493.000000 t_real=2.779176e+03 s <x_B_tot>=1.211282e-01 vf_precip_indicator=9.419519e-02 vf_precip_h=9.431721e-02 R_avg=6.506433e+00 xB_range=[0.0283, 0.0314] Meff_range=[2.8465e-02, 3.0405e+00] t_wall=2026-03-19 04:33:52
[3D] step=24940 t=2494.000000 t_real=2.780291e+03 s <x_B_tot>=1.211282e-01 vf_precip_indicator=9.419554e-02 vf_precip_h=9.431733e-02 R_avg=6.506234e+00 xB_range=[0.0283, 0.0314] Meff_range=[2.8464e-02, 3.0405e+00] t_wall=2026-03-19 04:34:05
[3D] step=24950 t=2495.000000 t_real=2.781406e+03 s <x_B_tot>=1.211283e-01 vf_precip_indicator=9.419513e-02 vf_precip_h=9.431745e-02 R_avg=6.505938e+00 xB_range=[0.0283, 0.0314] Meff_range=[2.8464e-02, 3.0405e+00] t_wall=2026-03-19 04:34:17
[3D] step=24960 t=2496.000000 t_real=2.782521e+03 s <x_B_tot>=1.211283e-01 vf_precip_indicator=9.419596e-02 vf_precip_h=9.431757e-02 R_avg=6.506144e+00 xB_range=[0.0283, 0.0314] Meff_range=[2.8464e-02, 3.0405e+00] t_wall=2026-03-19 04:34:30
[3D] step=24970 t=2497.000000 t_real=2.783636e+03 s <x_B_tot>=1.211284e-01 vf_precip_indicator=9.419519e-02 vf_precip_h=9.431769e-02 R_avg=6.506165e+00 xB_range=[0.0283, 0.0314] Meff_range=[2.8464e-02, 3.0405e+00] t_wall=2026-03-19 04:34:42
[3D] step=24980 t=2498.000000 t_real=2.784750e+03 s <x_B_tot>=1.211285e-01 vf_precip_indicator=9.419465e-02 vf_precip_h=9.431781e-02 R_avg=6.505920e+00 xB_range=[0.0283, 0.0314] Meff_range=[2.8464e-02, 3.0405e+00] t_wall=2026-03-19 04:34:55
[3D] step=24990 t=2499.000000 t_real=2.785865e+03 s <x_B_tot>=1.211285e-01 vf_precip_indicator=9.419388e-02 vf_precip_h=9.431793e-02 R_avg=6.505821e+00 xB_range=[0.0283, 0.0314] Meff_range=[2.8464e-02, 3.0405e+00] t_wall=2026-03-19 04:35:07
[3D] step=25000 t=2500.000000 t_real=2.786980e+03 s <x_B_tot>=1.211286e-01 vf_precip_indicator=9.419376e-02 vf_precip_h=9.431805e-02 R_avg=6.505441e+00 xB_range=[0.0283, 0.0314] Meff_range=[2.8464e-02, 3.0405e+00] t_wall=2026-03-19 04:35:20
[3D] step=25010 t=2501.000000 t_real=2.788095e+03 s <x_B_tot>=1.211286e-01 vf_precip_indicator=9.419376e-02 vf_precip_h=9.431818e-02 R_avg=6.505441e+00 xB_range=[0.0283, 0.0314] Meff_range=[2.8464e-02, 3.0405e+00] t_wall=2026-03-19 04:35:32
[3D] step=25020 t=2502.000000 t_real=2.789210e+03 s <x_B_tot>=1.211287e-01 vf_precip_indicator=9.419411e-02 vf_precip_h=9.431830e-02 R_avg=6.505808e+00 xB_range=[0.0283, 0.0314] Meff_range=[2.8464e-02, 3.0404e+00] t_wall=2026-03-19 04:35:45
[3D] step=25030 t=2503.000000 t_real=2.790324e+03 s <x_B_tot>=1.211288e-01 vf_precip_indicator=9.419507e-02 vf_precip_h=9.431842e-02 R_avg=6.504966e+00 xB_range=[0.0283, 0.0314] Meff_range=[2.8464e-02, 3.0404e+00] t_wall=2026-03-19 04:35:57
[3D] step=25040 t=2504.000000 t_real=2.791439e+03 s <x_B_tot>=1.211288e-01 vf_precip_indicator=9.419566e-02 vf_precip_h=9.431854e-02 R_avg=6.504770e+00 xB_range=[0.0283, 0.0314] Meff_range=[2.8464e-02, 3.0404e+00] t_wall=2026-03-19 04:36:09
[3D] step=25050 t=2505.000000 t_real=2.792554e+03 s <x_B_tot>=1.211289e-01 vf_precip_indicator=9.419513e-02 vf_precip_h=9.431866e-02 R_avg=6.504837e+00 xB_range=[0.0283, 0.0314] Meff_range=[2.8463e-02, 3.0404e+00] t_wall=2026-03-19 04:36:22
[3D] step=25060 t=2506.000000 t_real=2.793669e+03 s <x_B_tot>=1.211289e-01 vf_precip_indicator=9.419638e-02 vf_precip_h=9.431878e-02 R_avg=6.505102e+00 xB_range=[0.0283, 0.0314] Meff_range=[2.8463e-02, 3.0404e+00] t_wall=2026-03-19 04:36:34
[3D] step=25070 t=2507.000000 t_real=2.794784e+03 s <x_B_tot>=1.211290e-01 vf_precip_indicator=9.419733e-02 vf_precip_h=9.431890e-02 R_avg=6.505331e+00 xB_range=[0.0283, 0.0314] Meff_range=[2.8463e-02, 3.0404e+00] t_wall=2026-03-19 04:36:47
[3D] step=25080 t=2508.000000 t_real=2.795898e+03 s <x_B_tot>=1.211291e-01 vf_precip_indicator=9.419823e-02 vf_precip_h=9.431902e-02 R_avg=6.505661e+00 xB_range=[0.0283, 0.0314] Meff_range=[2.8463e-02, 3.0404e+00] t_wall=2026-03-19 04:36:59
[3D] step=25090 t=2509.000000 t_real=2.797013e+03 s <x_B_tot>=1.211291e-01 vf_precip_indicator=9.419751e-02 vf_precip_h=9.431915e-02 R_avg=6.505433e+00 xB_range=[0.0283, 0.0314] Meff_range=[2.8463e-02, 3.0404e+00] t_wall=2026-03-19 04:37:12
[3D] step=25100 t=2510.000000 t_real=2.798128e+03 s <x_B_tot>=1.211292e-01 vf_precip_indicator=9.419781e-02 vf_precip_h=9.431927e-02 R_avg=6.505662e+00 xB_range=[0.0283, 0.0314] Meff_range=[2.8463e-02, 3.0404e+00] t_wall=2026-03-19 04:37:24
[3D] step=25110 t=2511.000000 t_real=2.799243e+03 s <x_B_tot>=1.211292e-01 vf_precip_indicator=9.419739e-02 vf_precip_h=9.431939e-02 R_avg=6.505975e+00 xB_range=[0.0283, 0.0314] Meff_range=[2.8463e-02, 3.0404e+00] t_wall=2026-03-19 04:37:37
[3D] step=25120 t=2512.000000 t_real=2.800358e+03 s <x_B_tot>=1.211293e-01 vf_precip_indicator=9.419948e-02 vf_precip_h=9.431951e-02 R_avg=6.506655e+00 xB_range=[0.0283, 0.0314] Meff_range=[2.8463e-02, 3.0403e+00] t_wall=2026-03-19 04:37:49
[3D] step=25130 t=2513.000000 t_real=2.801472e+03 s <x_B_tot>=1.211293e-01 vf_precip_indicator=9.419799e-02 vf_precip_h=9.431963e-02 R_avg=6.506850e+00 xB_range=[0.0283, 0.0314] Meff_range=[2.8463e-02, 3.0403e+00] t_wall=2026-03-19 04:38:01
[3D] step=25140 t=2514.000000 t_real=2.802587e+03 s <x_B_tot>=1.211294e-01 vf_precip_indicator=9.419876e-02 vf_precip_h=9.431975e-02 R_avg=6.506888e+00 xB_range=[0.0283, 0.0314] Meff_range=[2.8463e-02, 3.0403e+00] t_wall=2026-03-19 04:38:14
[3D] step=25150 t=2515.000000 t_real=2.803702e+03 s <x_B_tot>=1.211295e-01 vf_precip_indicator=9.419924e-02 vf_precip_h=9.431987e-02 R_avg=6.507115e+00 xB_range=[0.0283, 0.0314] Meff_range=[2.8463e-02, 3.0403e+00] t_wall=2026-03-19 04:38:26
[3D] step=25160 t=2516.000000 t_real=2.804817e+03 s <x_B_tot>=1.211295e-01 vf_precip_indicator=9.420121e-02 vf_precip_h=9.431999e-02 R_avg=6.506834e+00 xB_range=[0.0283, 0.0314] Meff_range=[2.8462e-02, 3.0403e+00] t_wall=2026-03-19 04:38:39
[3D] step=25170 t=2517.000000 t_real=2.805931e+03 s <x_B_tot>=1.211296e-01 vf_precip_indicator=9.420139e-02 vf_precip_h=9.432012e-02 R_avg=6.506444e+00 xB_range=[0.0283, 0.0314] Meff_range=[2.8462e-02, 3.0403e+00] t_wall=2026-03-19 04:38:51
[3D] step=25180 t=2518.000000 t_real=2.807046e+03 s <x_B_tot>=1.211296e-01 vf_precip_indicator=9.420145e-02 vf_precip_h=9.432024e-02 R_avg=6.506374e+00 xB_range=[0.0283, 0.0314] Meff_range=[2.8462e-02, 3.0403e+00] t_wall=2026-03-19 04:39:04
[3D] step=25190 t=2519.000000 t_real=2.808161e+03 s <x_B_tot>=1.211297e-01 vf_precip_indicator=9.420115e-02 vf_precip_h=9.432036e-02 R_avg=6.506681e+00 xB_range=[0.0283, 0.0314] Meff_range=[2.8462e-02, 3.0403e+00] t_wall=2026-03-19 04:39:16
[3D] step=25200 t=2520.000000 t_real=2.809276e+03 s <x_B_tot>=1.211298e-01 vf_precip_indicator=9.420067e-02 vf_precip_h=9.432048e-02 R_avg=6.506603e+00 xB_range=[0.0283, 0.0314] Meff_range=[2.8462e-02, 3.0403e+00] t_wall=2026-03-19 04:39:29
[3D] step=25210 t=2521.000000 t_real=2.810391e+03 s <x_B_tot>=1.211298e-01 vf_precip_indicator=9.420109e-02 vf_precip_h=9.432060e-02 R_avg=6.506796e+00 xB_range=[0.0283, 0.0314] Meff_range=[2.8462e-02, 3.0403e+00] t_wall=2026-03-19 04:39:41
[3D] step=25220 t=2522.000000 t_real=2.811505e+03 s <x_B_tot>=1.211299e-01 vf_precip_indicator=9.420228e-02 vf_precip_h=9.432072e-02 R_avg=6.506268e+00 xB_range=[0.0283, 0.0314] Meff_range=[2.8462e-02, 3.0403e+00] t_wall=2026-03-19 04:39:54
[3D] step=25230 t=2523.000000 t_real=2.812620e+03 s <x_B_tot>=1.211299e-01 vf_precip_indicator=9.420156e-02 vf_precip_h=9.432084e-02 R_avg=6.506263e+00 xB_range=[0.0283, 0.0314] Meff_range=[2.8462e-02, 3.0402e+00] t_wall=2026-03-19 04:40:06
[3D] step=25240 t=2524.000000 t_real=2.813735e+03 s <x_B_tot>=1.211300e-01 vf_precip_indicator=9.420258e-02 vf_precip_h=9.432096e-02 R_avg=6.506318e+00 xB_range=[0.0283, 0.0314] Meff_range=[2.8462e-02, 3.0402e+00] t_wall=2026-03-19 04:40:18
[3D] step=25250 t=2525.000000 t_real=2.814850e+03 s <x_B_tot>=1.211301e-01 vf_precip_indicator=9.420371e-02 vf_precip_h=9.432109e-02 R_avg=6.506396e+00 xB_range=[0.0283, 0.0314] Meff_range=[2.8462e-02, 3.0402e+00] t_wall=2026-03-19 04:40:31
[3D] step=25260 t=2526.000000 t_real=2.815965e+03 s <x_B_tot>=1.211301e-01 vf_precip_indicator=9.420365e-02 vf_precip_h=9.432121e-02 R_avg=6.506154e+00 xB_range=[0.0283, 0.0314] Meff_range=[2.8462e-02, 3.0402e+00] t_wall=2026-03-19 04:40:43
[3D] step=25270 t=2527.000000 t_real=2.817079e+03 s <x_B_tot>=1.211302e-01 vf_precip_indicator=9.420383e-02 vf_precip_h=9.432133e-02 R_avg=6.505943e+00 xB_range=[0.0283, 0.0314] Meff_range=[2.8462e-02, 3.0402e+00] t_wall=2026-03-19 04:40:56
[3D] step=25280 t=2528.000000 t_real=2.818194e+03 s <x_B_tot>=1.211302e-01 vf_precip_indicator=9.420478e-02 vf_precip_h=9.432145e-02 R_avg=6.505920e+00 xB_range=[0.0283, 0.0314] Meff_range=[2.8461e-02, 3.0402e+00] t_wall=2026-03-19 04:41:08
[3D] step=25290 t=2529.000000 t_real=2.819309e+03 s <x_B_tot>=1.211303e-01 vf_precip_indicator=9.420383e-02 vf_precip_h=9.432157e-02 R_avg=6.505676e+00 xB_range=[0.0283, 0.0314] Meff_range=[2.8461e-02, 3.0402e+00] t_wall=2026-03-19 04:41:21
[3D] step=25300 t=2530.000000 t_real=2.820424e+03 s <x_B_tot>=1.211303e-01 vf_precip_indicator=9.420311e-02 vf_precip_h=9.432169e-02 R_avg=6.506251e+00 xB_range=[0.0283, 0.0314] Meff_range=[2.8461e-02, 3.0402e+00] t_wall=2026-03-19 04:41:33
[3D] step=25310 t=2531.000000 t_real=2.821539e+03 s <x_B_tot>=1.211304e-01 vf_precip_indicator=9.420276e-02 vf_precip_h=9.432181e-02 R_avg=6.506331e+00 xB_range=[0.0283, 0.0314] Meff_range=[2.8461e-02, 3.0402e+00] t_wall=2026-03-19 04:41:46
[3D] step=25320 t=2532.000000 t_real=2.822653e+03 s <x_B_tot>=1.211305e-01 vf_precip_indicator=9.420371e-02 vf_precip_h=9.432193e-02 R_avg=6.505772e+00 xB_range=[0.0283, 0.0314] Meff_range=[2.8461e-02, 3.0402e+00] t_wall=2026-03-19 04:41:58
[3D] step=25330 t=2533.000000 t_real=2.823768e+03 s <x_B_tot>=1.211305e-01 vf_precip_indicator=9.420401e-02 vf_precip_h=9.432206e-02 R_avg=6.505807e+00 xB_range=[0.0283, 0.0314] Meff_range=[2.8461e-02, 3.0402e+00] t_wall=2026-03-19 04:42:11
[3D] step=25340 t=2534.000000 t_real=2.824883e+03 s <x_B_tot>=1.211306e-01 vf_precip_indicator=9.420401e-02 vf_precip_h=9.432218e-02 R_avg=6.505822e+00 xB_range=[0.0283, 0.0314] Meff_range=[2.8461e-02, 3.0401e+00] t_wall=2026-03-19 04:42:23
[3D] step=25350 t=2535.000000 t_real=2.825998e+03 s <x_B_tot>=1.211306e-01 vf_precip_indicator=9.420347e-02 vf_precip_h=9.432230e-02 R_avg=6.505368e+00 xB_range=[0.0283, 0.0314] Meff_range=[2.8461e-02, 3.0401e+00] t_wall=2026-03-19 04:42:35
[3D] step=25360 t=2536.000000 t_real=2.827113e+03 s <x_B_tot>=1.211307e-01 vf_precip_indicator=9.420371e-02 vf_precip_h=9.432242e-02 R_avg=6.505816e+00 xB_range=[0.0283, 0.0314] Meff_range=[2.8461e-02, 3.0401e+00] t_wall=2026-03-19 04:42:48
[3D] step=25370 t=2537.000000 t_real=2.828227e+03 s <x_B_tot>=1.211308e-01 vf_precip_indicator=9.420413e-02 vf_precip_h=9.432254e-02 R_avg=6.505607e+00 xB_range=[0.0283, 0.0314] Meff_range=[2.8461e-02, 3.0401e+00] t_wall=2026-03-19 04:43:00
[3D] step=25380 t=2538.000000 t_real=2.829342e+03 s <x_B_tot>=1.211308e-01 vf_precip_indicator=9.420520e-02 vf_precip_h=9.432266e-02 R_avg=6.505711e+00 xB_range=[0.0283, 0.0314] Meff_range=[2.8461e-02, 3.0401e+00] t_wall=2026-03-19 04:43:13
[3D] step=25390 t=2539.000000 t_real=2.830457e+03 s <x_B_tot>=1.211309e-01 vf_precip_indicator=9.420574e-02 vf_precip_h=9.432278e-02 R_avg=6.505659e+00 xB_range=[0.0283, 0.0314] Meff_range=[2.8460e-02, 3.0401e+00] t_wall=2026-03-19 04:43:25
[3D] step=25400 t=2540.000000 t_real=2.831572e+03 s <x_B_tot>=1.211309e-01 vf_precip_indicator=9.420693e-02 vf_precip_h=9.432290e-02 R_avg=6.505964e+00 xB_range=[0.0283, 0.0314] Meff_range=[2.8460e-02, 3.0401e+00] t_wall=2026-03-19 04:43:38
[3D] step=25410 t=2541.000000 t_real=2.832686e+03 s <x_B_tot>=1.211310e-01 vf_precip_indicator=9.420794e-02 vf_precip_h=9.432303e-02 R_avg=6.505796e+00 xB_range=[0.0283, 0.0314] Meff_range=[2.8460e-02, 3.0401e+00] t_wall=2026-03-19 04:43:50
[3D] step=25420 t=2542.000000 t_real=2.833801e+03 s <x_B_tot>=1.211311e-01 vf_precip_indicator=9.420830e-02 vf_precip_h=9.432315e-02 R_avg=6.505806e+00 xB_range=[0.0283, 0.0314] Meff_range=[2.8460e-02, 3.0401e+00] t_wall=2026-03-19 04:44:03
[3D] step=25430 t=2543.000000 t_real=2.834916e+03 s <x_B_tot>=1.211311e-01 vf_precip_indicator=9.420800e-02 vf_precip_h=9.432327e-02 R_avg=6.505785e+00 xB_range=[0.0283, 0.0314] Meff_range=[2.8460e-02, 3.0401e+00] t_wall=2026-03-19 04:44:15
[3D] step=25440 t=2544.000000 t_real=2.836031e+03 s <x_B_tot>=1.211312e-01 vf_precip_indicator=9.420890e-02 vf_precip_h=9.432339e-02 R_avg=6.505832e+00 xB_range=[0.0283, 0.0314] Meff_range=[2.8460e-02, 3.0401e+00] t_wall=2026-03-19 04:44:28
[3D] step=25450 t=2545.000000 t_real=2.837146e+03 s <x_B_tot>=1.211312e-01 vf_precip_indicator=9.421051e-02 vf_precip_h=9.432351e-02 R_avg=6.506077e+00 xB_range=[0.0283, 0.0314] Meff_range=[2.8460e-02, 3.0400e+00] t_wall=2026-03-19 04:44:40
[3D] step=25460 t=2546.000000 t_real=2.838260e+03 s <x_B_tot>=1.211313e-01 vf_precip_indicator=9.420949e-02 vf_precip_h=9.432363e-02 R_avg=6.505665e+00 xB_range=[0.0283, 0.0314] Meff_range=[2.8460e-02, 3.0400e+00] t_wall=2026-03-19 04:44:52
[3D] step=25470 t=2547.000000 t_real=2.839375e+03 s <x_B_tot>=1.211313e-01 vf_precip_indicator=9.420872e-02 vf_precip_h=9.432375e-02 R_avg=6.505492e+00 xB_range=[0.0283, 0.0314] Meff_range=[2.8460e-02, 3.0400e+00] t_wall=2026-03-19 04:45:05
[3D] step=25480 t=2548.000000 t_real=2.840490e+03 s <x_B_tot>=1.211314e-01 vf_precip_indicator=9.420907e-02 vf_precip_h=9.432388e-02 R_avg=6.505725e+00 xB_range=[0.0283, 0.0314] Meff_range=[2.8460e-02, 3.0400e+00] t_wall=2026-03-19 04:45:17
[3D] step=25490 t=2549.000000 t_real=2.841605e+03 s <x_B_tot>=1.211315e-01 vf_precip_indicator=9.421045e-02 vf_precip_h=9.432400e-02 R_avg=6.505567e+00 xB_range=[0.0283, 0.0314] Meff_range=[2.8460e-02, 3.0400e+00] t_wall=2026-03-19 04:45:30
[3D] step=25500 t=2550.000000 t_real=2.842720e+03 s <x_B_tot>=1.211315e-01 vf_precip_indicator=9.421003e-02 vf_precip_h=9.432412e-02 R_avg=6.505405e+00 xB_range=[0.0283, 0.0314] Meff_range=[2.8459e-02, 3.0400e+00] t_wall=2026-03-19 04:45:42
[3D] step=25510 t=2551.000000 t_real=2.843834e+03 s <x_B_tot>=1.211316e-01 vf_precip_indicator=9.420973e-02 vf_precip_h=9.432424e-02 R_avg=6.505250e+00 xB_range=[0.0283, 0.0314] Meff_range=[2.8459e-02, 3.0400e+00] t_wall=2026-03-19 04:45:55
[3D] step=25520 t=2552.000000 t_real=2.844949e+03 s <x_B_tot>=1.211316e-01 vf_precip_indicator=9.420937e-02 vf_precip_h=9.432436e-02 R_avg=6.505404e+00 xB_range=[0.0283, 0.0314] Meff_range=[2.8459e-02, 3.0400e+00] t_wall=2026-03-19 04:46:07
[3D] step=25530 t=2553.000000 t_real=2.846064e+03 s <x_B_tot>=1.211317e-01 vf_precip_indicator=9.420794e-02 vf_precip_h=9.432448e-02 R_avg=6.505052e+00 xB_range=[0.0283, 0.0314] Meff_range=[2.8459e-02, 3.0400e+00] t_wall=2026-03-19 04:46:20
[3D] step=25540 t=2554.000000 t_real=2.847179e+03 s <x_B_tot>=1.211318e-01 vf_precip_indicator=9.420866e-02 vf_precip_h=9.432460e-02 R_avg=6.505117e+00 xB_range=[0.0283, 0.0314] Meff_range=[2.8459e-02, 3.0400e+00] t_wall=2026-03-19 04:46:32
[3D] step=25550 t=2555.000000 t_real=2.848294e+03 s <x_B_tot>=1.211318e-01 vf_precip_indicator=9.420770e-02 vf_precip_h=9.432473e-02 R_avg=6.504991e+00 xB_range=[0.0283, 0.0314] Meff_range=[2.8459e-02, 3.0399e+00] t_wall=2026-03-19 04:46:44
[3D] step=25560 t=2556.000000 t_real=2.849408e+03 s <x_B_tot>=1.211319e-01 vf_precip_indicator=9.420669e-02 vf_precip_h=9.432485e-02 R_avg=6.504772e+00 xB_range=[0.0283, 0.0314] Meff_range=[2.8459e-02, 3.0399e+00] t_wall=2026-03-19 04:46:57
[3D] step=25570 t=2557.000000 t_real=2.850523e+03 s <x_B_tot>=1.211319e-01 vf_precip_indicator=9.420627e-02 vf_precip_h=9.432497e-02 R_avg=6.504714e+00 xB_range=[0.0283, 0.0314] Meff_range=[2.8459e-02, 3.0399e+00] t_wall=2026-03-19 04:47:09
[3D] step=25580 t=2558.000000 t_real=2.851638e+03 s <x_B_tot>=1.211320e-01 vf_precip_indicator=9.420568e-02 vf_precip_h=9.432509e-02 R_avg=6.504539e+00 xB_range=[0.0283, 0.0314] Meff_range=[2.8459e-02, 3.0399e+00] t_wall=2026-03-19 04:47:22
[3D] step=25590 t=2559.000000 t_real=2.852753e+03 s <x_B_tot>=1.211321e-01 vf_precip_indicator=9.420455e-02 vf_precip_h=9.432521e-02 R_avg=6.504550e+00 xB_range=[0.0283, 0.0314] Meff_range=[2.8459e-02, 3.0399e+00] t_wall=2026-03-19 04:47:34
[3D] step=25600 t=2560.000000 t_real=2.853868e+03 s <x_B_tot>=1.211321e-01 vf_precip_indicator=9.420478e-02 vf_precip_h=9.432533e-02 R_avg=6.504760e+00 xB_range=[0.0283, 0.0314] Meff_range=[2.8459e-02, 3.0399e+00] t_wall=2026-03-19 04:47:47
[3D] step=25610 t=2561.000000 t_real=2.854982e+03 s <x_B_tot>=1.211322e-01 vf_precip_indicator=9.420437e-02 vf_precip_h=9.432545e-02 R_avg=6.504761e+00 xB_range=[0.0283, 0.0314] Meff_range=[2.8458e-02, 3.0399e+00] t_wall=2026-03-19 04:47:59
[3D] step=25620 t=2562.000000 t_real=2.856097e+03 s <x_B_tot>=1.211322e-01 vf_precip_indicator=9.420401e-02 vf_precip_h=9.432558e-02 R_avg=6.504662e+00 xB_range=[0.0283, 0.0314] Meff_range=[2.8458e-02, 3.0399e+00] t_wall=2026-03-19 04:48:12
[3D] step=25630 t=2563.000000 t_real=2.857212e+03 s <x_B_tot>=1.211323e-01 vf_precip_indicator=9.420532e-02 vf_precip_h=9.432570e-02 R_avg=6.504440e+00 xB_range=[0.0283, 0.0314] Meff_range=[2.8458e-02, 3.0399e+00] t_wall=2026-03-19 04:48:24
[3D] step=25640 t=2564.000000 t_real=2.858327e+03 s <x_B_tot>=1.211324e-01 vf_precip_indicator=9.420568e-02 vf_precip_h=9.432582e-02 R_avg=6.504732e+00 xB_range=[0.0283, 0.0314] Meff_range=[2.8458e-02, 3.0399e+00] t_wall=2026-03-19 04:48:37
[3D] step=25650 t=2565.000000 t_real=2.859441e+03 s <x_B_tot>=1.211324e-01 vf_precip_indicator=9.420723e-02 vf_precip_h=9.432594e-02 R_avg=6.504453e+00 xB_range=[0.0283, 0.0314] Meff_range=[2.8458e-02, 3.0399e+00] t_wall=2026-03-19 04:48:49
[3D] step=25660 t=2566.000000 t_real=2.860556e+03 s <x_B_tot>=1.211325e-01 vf_precip_indicator=9.420812e-02 vf_precip_h=9.432606e-02 R_avg=6.504574e+00 xB_range=[0.0283, 0.0314] Meff_range=[2.8458e-02, 3.0398e+00] t_wall=2026-03-19 04:49:01
[3D] step=25670 t=2567.000000 t_real=2.861671e+03 s <x_B_tot>=1.211325e-01 vf_precip_indicator=9.421015e-02 vf_precip_h=9.432618e-02 R_avg=6.504312e+00 xB_range=[0.0283, 0.0314] Meff_range=[2.8458e-02, 3.0398e+00] t_wall=2026-03-19 04:49:14
[3D] step=25680 t=2568.000000 t_real=2.862786e+03 s <x_B_tot>=1.211326e-01 vf_precip_indicator=9.420907e-02 vf_precip_h=9.432630e-02 R_avg=6.504431e+00 xB_range=[0.0283, 0.0314] Meff_range=[2.8458e-02, 3.0398e+00] t_wall=2026-03-19 04:49:26
[3D] step=25690 t=2569.000000 t_real=2.863901e+03 s <x_B_tot>=1.211326e-01 vf_precip_indicator=9.420896e-02 vf_precip_h=9.432643e-02 R_avg=6.504393e+00 xB_range=[0.0283, 0.0314] Meff_range=[2.8458e-02, 3.0398e+00] t_wall=2026-03-19 04:49:39
[3D] step=25700 t=2570.000000 t_real=2.865015e+03 s <x_B_tot>=1.211327e-01 vf_precip_indicator=9.420848e-02 vf_precip_h=9.432655e-02 R_avg=6.504435e+00 xB_range=[0.0283, 0.0314] Meff_range=[2.8458e-02, 3.0398e+00] t_wall=2026-03-19 04:49:51
[3D] step=25710 t=2571.000000 t_real=2.866130e+03 s <x_B_tot>=1.211328e-01 vf_precip_indicator=9.420937e-02 vf_precip_h=9.432667e-02 R_avg=6.504125e+00 xB_range=[0.0283, 0.0314] Meff_range=[2.8458e-02, 3.0398e+00] t_wall=2026-03-19 04:50:04
[3D] step=25720 t=2572.000000 t_real=2.867245e+03 s <x_B_tot>=1.211328e-01 vf_precip_indicator=9.420973e-02 vf_precip_h=9.432679e-02 R_avg=6.503808e+00 xB_range=[0.0283, 0.0314] Meff_range=[2.8458e-02, 3.0398e+00] t_wall=2026-03-19 04:50:16
[3D] step=25730 t=2573.000000 t_real=2.868360e+03 s <x_B_tot>=1.211329e-01 vf_precip_indicator=9.420967e-02 vf_precip_h=9.432691e-02 R_avg=6.503699e+00 xB_range=[0.0283, 0.0314] Meff_range=[2.8457e-02, 3.0398e+00] t_wall=2026-03-19 04:50:29
[3D] step=25740 t=2574.000000 t_real=2.869475e+03 s <x_B_tot>=1.211329e-01 vf_precip_indicator=9.420866e-02 vf_precip_h=9.432703e-02 R_avg=6.503362e+00 xB_range=[0.0283, 0.0314] Meff_range=[2.8457e-02, 3.0398e+00] t_wall=2026-03-19 04:50:41
[3D] step=25750 t=2575.000000 t_real=2.870589e+03 s <x_B_tot>=1.211330e-01 vf_precip_indicator=9.420830e-02 vf_precip_h=9.432716e-02 R_avg=6.503159e+00 xB_range=[0.0283, 0.0314] Meff_range=[2.8457e-02, 3.0398e+00] t_wall=2026-03-19 04:50:54
[3D] step=25760 t=2576.000000 t_real=2.871704e+03 s <x_B_tot>=1.211331e-01 vf_precip_indicator=9.420830e-02 vf_precip_h=9.432728e-02 R_avg=6.503739e+00 xB_range=[0.0283, 0.0314] Meff_range=[2.8457e-02, 3.0398e+00] t_wall=2026-03-19 04:51:06
[3D] step=25770 t=2577.000000 t_real=2.872819e+03 s <x_B_tot>=1.211331e-01 vf_precip_indicator=9.420764e-02 vf_precip_h=9.432740e-02 R_avg=6.503738e+00 xB_range=[0.0283, 0.0314] Meff_range=[2.8457e-02, 3.0397e+00] t_wall=2026-03-19 04:51:18
[3D] step=25780 t=2578.000000 t_real=2.873934e+03 s <x_B_tot>=1.211332e-01 vf_precip_indicator=9.420764e-02 vf_precip_h=9.432752e-02 R_avg=6.503872e+00 xB_range=[0.0283, 0.0314] Meff_range=[2.8457e-02, 3.0397e+00] t_wall=2026-03-19 04:51:31
[3D] step=25790 t=2579.000000 t_real=2.875049e+03 s <x_B_tot>=1.211332e-01 vf_precip_indicator=9.420866e-02 vf_precip_h=9.432764e-02 R_avg=6.503748e+00 xB_range=[0.0283, 0.0314] Meff_range=[2.8457e-02, 3.0397e+00] t_wall=2026-03-19 04:51:43
[3D] step=25800 t=2580.000000 t_real=2.876163e+03 s <x_B_tot>=1.211333e-01 vf_precip_indicator=9.420794e-02 vf_precip_h=9.432776e-02 R_avg=6.504056e+00 xB_range=[0.0283, 0.0314] Meff_range=[2.8457e-02, 3.0397e+00] t_wall=2026-03-19 04:51:56
[3D] step=25810 t=2581.000000 t_real=2.877278e+03 s <x_B_tot>=1.211334e-01 vf_precip_indicator=9.420872e-02 vf_precip_h=9.432788e-02 R_avg=6.504466e+00 xB_range=[0.0283, 0.0314] Meff_range=[2.8457e-02, 3.0397e+00] t_wall=2026-03-19 04:52:08
[3D] step=25820 t=2582.000000 t_real=2.878393e+03 s <x_B_tot>=1.211334e-01 vf_precip_indicator=9.420717e-02 vf_precip_h=9.432801e-02 R_avg=6.504865e+00 xB_range=[0.0283, 0.0314] Meff_range=[2.8457e-02, 3.0397e+00] t_wall=2026-03-19 04:52:21
[3D] step=25830 t=2583.000000 t_real=2.879508e+03 s <x_B_tot>=1.211335e-01 vf_precip_indicator=9.420675e-02 vf_precip_h=9.432813e-02 R_avg=6.504866e+00 xB_range=[0.0283, 0.0314] Meff_range=[2.8457e-02, 3.0397e+00] t_wall=2026-03-19 04:52:33
[3D] step=25840 t=2584.000000 t_real=2.880623e+03 s <x_B_tot>=1.211335e-01 vf_precip_indicator=9.420836e-02 vf_precip_h=9.432825e-02 R_avg=6.504590e+00 xB_range=[0.0283, 0.0314] Meff_range=[2.8456e-02, 3.0397e+00] t_wall=2026-03-19 04:52:46
[3D] step=25850 t=2585.000000 t_real=2.881737e+03 s <x_B_tot>=1.211336e-01 vf_precip_indicator=9.420896e-02 vf_precip_h=9.432837e-02 R_avg=6.504051e+00 xB_range=[0.0283, 0.0314] Meff_range=[2.8456e-02, 3.0397e+00] t_wall=2026-03-19 04:52:58
[3D] step=25860 t=2586.000000 t_real=2.882852e+03 s <x_B_tot>=1.211336e-01 vf_precip_indicator=9.420824e-02 vf_precip_h=9.432849e-02 R_avg=6.503853e+00 xB_range=[0.0283, 0.0314] Meff_range=[2.8456e-02, 3.0397e+00] t_wall=2026-03-19 04:53:10
[3D] step=25870 t=2587.000000 t_real=2.883967e+03 s <x_B_tot>=1.211337e-01 vf_precip_indicator=9.420937e-02 vf_precip_h=9.432861e-02 R_avg=6.504080e+00 xB_range=[0.0283, 0.0314] Meff_range=[2.8456e-02, 3.0396e+00] t_wall=2026-03-19 04:53:23
[3D] step=25880 t=2588.000000 t_real=2.885082e+03 s <x_B_tot>=1.211338e-01 vf_precip_indicator=9.420854e-02 vf_precip_h=9.432874e-02 R_avg=6.504216e+00 xB_range=[0.0283, 0.0314] Meff_range=[2.8456e-02, 3.0396e+00] t_wall=2026-03-19 04:53:35
[3D] step=25890 t=2589.000000 t_real=2.886196e+03 s <x_B_tot>=1.211338e-01 vf_precip_indicator=9.420800e-02 vf_precip_h=9.432886e-02 R_avg=6.504328e+00 xB_range=[0.0283, 0.0314] Meff_range=[2.8456e-02, 3.0396e+00] t_wall=2026-03-19 04:53:48
[3D] step=25900 t=2590.000000 t_real=2.887311e+03 s <x_B_tot>=1.211339e-01 vf_precip_indicator=9.420747e-02 vf_precip_h=9.432898e-02 R_avg=6.504573e+00 xB_range=[0.0283, 0.0314] Meff_range=[2.8456e-02, 3.0396e+00] t_wall=2026-03-19 04:54:00
[3D] step=25910 t=2591.000000 t_real=2.888426e+03 s <x_B_tot>=1.211339e-01 vf_precip_indicator=9.420925e-02 vf_precip_h=9.432910e-02 R_avg=6.504325e+00 xB_range=[0.0283, 0.0314] Meff_range=[2.8456e-02, 3.0396e+00] t_wall=2026-03-19 04:54:13
[3D] step=25920 t=2592.000000 t_real=2.889541e+03 s <x_B_tot>=1.211340e-01 vf_precip_indicator=9.420985e-02 vf_precip_h=9.432922e-02 R_avg=6.503905e+00 xB_range=[0.0283, 0.0314] Meff_range=[2.8456e-02, 3.0396e+00] t_wall=2026-03-19 04:54:25
[3D] step=25930 t=2593.000000 t_real=2.890656e+03 s <x_B_tot>=1.211341e-01 vf_precip_indicator=9.421039e-02 vf_precip_h=9.432934e-02 R_avg=6.504061e+00 xB_range=[0.0283, 0.0314] Meff_range=[2.8456e-02, 3.0396e+00] t_wall=2026-03-19 04:54:38
[3D] step=25940 t=2594.000000 t_real=2.891770e+03 s <x_B_tot>=1.211341e-01 vf_precip_indicator=9.421110e-02 vf_precip_h=9.432947e-02 R_avg=6.504021e+00 xB_range=[0.0283, 0.0314] Meff_range=[2.8456e-02, 3.0396e+00] t_wall=2026-03-19 04:54:50
[3D] step=25950 t=2595.000000 t_real=2.892885e+03 s <x_B_tot>=1.211342e-01 vf_precip_indicator=9.421033e-02 vf_precip_h=9.432959e-02 R_avg=6.504265e+00 xB_range=[0.0283, 0.0314] Meff_range=[2.8455e-02, 3.0396e+00] t_wall=2026-03-19 04:55:03
[3D] step=25960 t=2596.000000 t_real=2.894000e+03 s <x_B_tot>=1.211342e-01 vf_precip_indicator=9.421146e-02 vf_precip_h=9.432971e-02 R_avg=6.504001e+00 xB_range=[0.0283, 0.0314] Meff_range=[2.8455e-02, 3.0396e+00] t_wall=2026-03-19 04:55:15
[3D] step=25970 t=2597.000000 t_real=2.895115e+03 s <x_B_tot>=1.211343e-01 vf_precip_indicator=9.421140e-02 vf_precip_h=9.432983e-02 R_avg=6.503789e+00 xB_range=[0.0283, 0.0314] Meff_range=[2.8455e-02, 3.0396e+00] t_wall=2026-03-19 04:55:27
[3D] step=25980 t=2598.000000 t_real=2.896230e+03 s <x_B_tot>=1.211344e-01 vf_precip_indicator=9.421104e-02 vf_precip_h=9.432995e-02 R_avg=6.503690e+00 xB_range=[0.0283, 0.0314] Meff_range=[2.8455e-02, 3.0395e+00] t_wall=2026-03-19 04:55:40
[3D] step=25990 t=2599.000000 t_real=2.897344e+03 s <x_B_tot>=1.211344e-01 vf_precip_indicator=9.421182e-02 vf_precip_h=9.433007e-02 R_avg=6.503773e+00 xB_range=[0.0283, 0.0314] Meff_range=[2.8455e-02, 3.0395e+00] t_wall=2026-03-19 04:55:52
[3D] step=26000 t=2600.000000 t_real=2.898459e+03 s <x_B_tot>=1.211345e-01 vf_precip_indicator=9.421152e-02 vf_precip_h=9.433020e-02 R_avg=6.503693e+00 xB_range=[0.0283, 0.0314] Meff_range=[2.8455e-02, 3.0395e+00] t_wall=2026-03-19 04:56:05
[3D] step=26010 t=2601.000000 t_real=2.899574e+03 s <x_B_tot>=1.211345e-01 vf_precip_indicator=9.421188e-02 vf_precip_h=9.433032e-02 R_avg=6.503658e+00 xB_range=[0.0283, 0.0314] Meff_range=[2.8455e-02, 3.0395e+00] t_wall=2026-03-19 04:56:17
[3D] step=26020 t=2602.000000 t_real=2.900689e+03 s <x_B_tot>=1.211346e-01 vf_precip_indicator=9.421372e-02 vf_precip_h=9.433044e-02 R_avg=6.503652e+00 xB_range=[0.0283, 0.0314] Meff_range=[2.8455e-02, 3.0395e+00] t_wall=2026-03-19 04:56:30
[3D] step=26030 t=2603.000000 t_real=2.901804e+03 s <x_B_tot>=1.211347e-01 vf_precip_indicator=9.421337e-02 vf_precip_h=9.433056e-02 R_avg=6.504698e+00 xB_range=[0.0283, 0.0314] Meff_range=[2.8455e-02, 3.0395e+00] t_wall=2026-03-19 04:56:42
[3D] step=26040 t=2604.000000 t_real=2.902918e+03 s <x_B_tot>=1.211347e-01 vf_precip_indicator=9.421355e-02 vf_precip_h=9.433068e-02 R_avg=6.504547e+00 xB_range=[0.0283, 0.0314] Meff_range=[2.8455e-02, 3.0395e+00] t_wall=2026-03-19 04:56:55
[3D] step=26050 t=2605.000000 t_real=2.904033e+03 s <x_B_tot>=1.211348e-01 vf_precip_indicator=9.421438e-02 vf_precip_h=9.433080e-02 R_avg=6.505080e+00 xB_range=[0.0283, 0.0314] Meff_range=[2.8455e-02, 3.0395e+00] t_wall=2026-03-19 04:57:07
[3D] step=26060 t=2606.000000 t_real=2.905148e+03 s <x_B_tot>=1.211348e-01 vf_precip_indicator=9.421396e-02 vf_precip_h=9.433093e-02 R_avg=6.504308e+00 xB_range=[0.0283, 0.0314] Meff_range=[2.8454e-02, 3.0395e+00] t_wall=2026-03-19 04:57:20
[3D] step=26070 t=2607.000000 t_real=2.906263e+03 s <x_B_tot>=1.211349e-01 vf_precip_indicator=9.421241e-02 vf_precip_h=9.433105e-02 R_avg=6.504171e+00 xB_range=[0.0283, 0.0314] Meff_range=[2.8454e-02, 3.0395e+00] t_wall=2026-03-19 04:57:32
[3D] step=26080 t=2608.000000 t_real=2.907378e+03 s <x_B_tot>=1.211349e-01 vf_precip_indicator=9.421289e-02 vf_precip_h=9.433117e-02 R_avg=6.503490e+00 xB_range=[0.0283, 0.0314] Meff_range=[2.8454e-02, 3.0394e+00] t_wall=2026-03-19 04:57:44
[3D] step=26090 t=2609.000000 t_real=2.908492e+03 s <x_B_tot>=1.211350e-01 vf_precip_indicator=9.421241e-02 vf_precip_h=9.433129e-02 R_avg=6.503785e+00 xB_range=[0.0283, 0.0314] Meff_range=[2.8454e-02, 3.0394e+00] t_wall=2026-03-19 04:57:57
[3D] step=26100 t=2610.000000 t_real=2.909607e+03 s <x_B_tot>=1.211351e-01 vf_precip_indicator=9.421271e-02 vf_precip_h=9.433141e-02 R_avg=6.504058e+00 xB_range=[0.0283, 0.0314] Meff_range=[2.8454e-02, 3.0394e+00] t_wall=2026-03-19 04:58:09
[3D] step=26110 t=2611.000000 t_real=2.910722e+03 s <x_B_tot>=1.211351e-01 vf_precip_indicator=9.421146e-02 vf_precip_h=9.433153e-02 R_avg=6.503228e+00 xB_range=[0.0283, 0.0314] Meff_range=[2.8454e-02, 3.0394e+00] t_wall=2026-03-19 04:58:22
[3D] step=26120 t=2612.000000 t_real=2.911837e+03 s <x_B_tot>=1.211352e-01 vf_precip_indicator=9.421140e-02 vf_precip_h=9.433166e-02 R_avg=6.503061e+00 xB_range=[0.0283, 0.0314] Meff_range=[2.8454e-02, 3.0394e+00] t_wall=2026-03-19 04:58:34
[3D] step=26130 t=2613.000000 t_real=2.912951e+03 s <x_B_tot>=1.211352e-01 vf_precip_indicator=9.421080e-02 vf_precip_h=9.433178e-02 R_avg=6.503005e+00 xB_range=[0.0283, 0.0314] Meff_range=[2.8454e-02, 3.0394e+00] t_wall=2026-03-19 04:58:47
[3D] step=26140 t=2614.000000 t_real=2.914066e+03 s <x_B_tot>=1.211353e-01 vf_precip_indicator=9.421211e-02 vf_precip_h=9.433190e-02 R_avg=6.503229e+00 xB_range=[0.0283, 0.0314] Meff_range=[2.8454e-02, 3.0394e+00] t_wall=2026-03-19 04:58:59
[3D] step=26150 t=2615.000000 t_real=2.915181e+03 s <x_B_tot>=1.211354e-01 vf_precip_indicator=9.421134e-02 vf_precip_h=9.433202e-02 R_avg=6.503473e+00 xB_range=[0.0283, 0.0314] Meff_range=[2.8454e-02, 3.0394e+00] t_wall=2026-03-19 04:59:12
[3D] step=26160 t=2616.000000 t_real=2.916296e+03 s <x_B_tot>=1.211354e-01 vf_precip_indicator=9.421182e-02 vf_precip_h=9.433214e-02 R_avg=6.503952e+00 xB_range=[0.0283, 0.0314] Meff_range=[2.8454e-02, 3.0394e+00] t_wall=2026-03-19 04:59:24
[3D] step=26170 t=2617.000000 t_real=2.917411e+03 s <x_B_tot>=1.211355e-01 vf_precip_indicator=9.421319e-02 vf_precip_h=9.433226e-02 R_avg=6.504299e+00 xB_range=[0.0283, 0.0314] Meff_range=[2.8454e-02, 3.0394e+00] t_wall=2026-03-19 04:59:36
[3D] step=26180 t=2618.000000 t_real=2.918525e+03 s <x_B_tot>=1.211355e-01 vf_precip_indicator=9.421325e-02 vf_precip_h=9.433239e-02 R_avg=6.504184e+00 xB_range=[0.0283, 0.0314] Meff_range=[2.8453e-02, 3.0394e+00] t_wall=2026-03-19 04:59:49
[3D] step=26190 t=2619.000000 t_real=2.919640e+03 s <x_B_tot>=1.211356e-01 vf_precip_indicator=9.421289e-02 vf_precip_h=9.433251e-02 R_avg=6.504264e+00 xB_range=[0.0283, 0.0314] Meff_range=[2.8453e-02, 3.0393e+00] t_wall=2026-03-19 05:00:01
[3D] step=26200 t=2620.000000 t_real=2.920755e+03 s <x_B_tot>=1.211357e-01 vf_precip_indicator=9.421337e-02 vf_precip_h=9.433263e-02 R_avg=6.504520e+00 xB_range=[0.0283, 0.0314] Meff_range=[2.8453e-02, 3.0393e+00] t_wall=2026-03-19 05:00:14
[3D] step=26210 t=2621.000000 t_real=2.921870e+03 s <x_B_tot>=1.211357e-01 vf_precip_indicator=9.421384e-02 vf_precip_h=9.433275e-02 R_avg=6.504895e+00 xB_range=[0.0283, 0.0314] Meff_range=[2.8453e-02, 3.0393e+00] t_wall=2026-03-19 05:00:26
[3D] step=26220 t=2622.000000 t_real=2.922985e+03 s <x_B_tot>=1.211358e-01 vf_precip_indicator=9.421301e-02 vf_precip_h=9.433287e-02 R_avg=6.504629e+00 xB_range=[0.0283, 0.0314] Meff_range=[2.8453e-02, 3.0393e+00] t_wall=2026-03-19 05:00:39
[3D] step=26230 t=2623.000000 t_real=2.924099e+03 s <x_B_tot>=1.211358e-01 vf_precip_indicator=9.421241e-02 vf_precip_h=9.433300e-02 R_avg=6.504736e+00 xB_range=[0.0283, 0.0314] Meff_range=[2.8453e-02, 3.0393e+00] t_wall=2026-03-19 05:00:51
[3D] step=26240 t=2624.000000 t_real=2.925214e+03 s <x_B_tot>=1.211359e-01 vf_precip_indicator=9.421283e-02 vf_precip_h=9.433312e-02 R_avg=6.504825e+00 xB_range=[0.0283, 0.0314] Meff_range=[2.8453e-02, 3.0393e+00] t_wall=2026-03-19 05:01:04
[3D] step=26250 t=2625.000000 t_real=2.926329e+03 s <x_B_tot>=1.211360e-01 vf_precip_indicator=9.421337e-02 vf_precip_h=9.433324e-02 R_avg=6.504579e+00 xB_range=[0.0283, 0.0314] Meff_range=[2.8453e-02, 3.0393e+00] t_wall=2026-03-19 05:01:16
[3D] step=26260 t=2626.000000 t_real=2.927444e+03 s <x_B_tot>=1.211360e-01 vf_precip_indicator=9.421217e-02 vf_precip_h=9.433336e-02 R_avg=6.504750e+00 xB_range=[0.0283, 0.0314] Meff_range=[2.8453e-02, 3.0393e+00] t_wall=2026-03-19 05:01:29
[3D] step=26270 t=2627.000000 t_real=2.928559e+03 s <x_B_tot>=1.211361e-01 vf_precip_indicator=9.421194e-02 vf_precip_h=9.433348e-02 R_avg=6.504763e+00 xB_range=[0.0283, 0.0314] Meff_range=[2.8453e-02, 3.0393e+00] t_wall=2026-03-19 05:01:41
[3D] step=26280 t=2628.000000 t_real=2.929673e+03 s <x_B_tot>=1.211361e-01 vf_precip_indicator=9.421152e-02 vf_precip_h=9.433360e-02 R_avg=6.504541e+00 xB_range=[0.0283, 0.0314] Meff_range=[2.8453e-02, 3.0393e+00] t_wall=2026-03-19 05:01:53
[3D] step=26290 t=2629.000000 t_real=2.930788e+03 s <x_B_tot>=1.211362e-01 vf_precip_indicator=9.420979e-02 vf_precip_h=9.433373e-02 R_avg=6.504169e+00 xB_range=[0.0283, 0.0314] Meff_range=[2.8452e-02, 3.0392e+00] t_wall=2026-03-19 05:02:06
[3D] step=26300 t=2630.000000 t_real=2.931903e+03 s <x_B_tot>=1.211362e-01 vf_precip_indicator=9.420890e-02 vf_precip_h=9.433385e-02 R_avg=6.503839e+00 xB_range=[0.0283, 0.0314] Meff_range=[2.8452e-02, 3.0392e+00] t_wall=2026-03-19 05:02:18
[3D] step=26310 t=2631.000000 t_real=2.933018e+03 s <x_B_tot>=1.211363e-01 vf_precip_indicator=9.421051e-02 vf_precip_h=9.433397e-02 R_avg=6.503891e+00 xB_range=[0.0283, 0.0314] Meff_range=[2.8452e-02, 3.0392e+00] t_wall=2026-03-19 05:02:31
[3D] step=26320 t=2632.000000 t_real=2.934133e+03 s <x_B_tot>=1.211364e-01 vf_precip_indicator=9.421086e-02 vf_precip_h=9.433409e-02 R_avg=6.503440e+00 xB_range=[0.0283, 0.0314] Meff_range=[2.8452e-02, 3.0392e+00] t_wall=2026-03-19 05:02:43
[3D] step=26330 t=2633.000000 t_real=2.935247e+03 s <x_B_tot>=1.211364e-01 vf_precip_indicator=9.421092e-02 vf_precip_h=9.433421e-02 R_avg=6.503444e+00 xB_range=[0.0283, 0.0314] Meff_range=[2.8452e-02, 3.0392e+00] t_wall=2026-03-19 05:02:56
[3D] step=26340 t=2634.000000 t_real=2.936362e+03 s <x_B_tot>=1.211365e-01 vf_precip_indicator=9.421128e-02 vf_precip_h=9.433434e-02 R_avg=6.503483e+00 xB_range=[0.0283, 0.0314] Meff_range=[2.8452e-02, 3.0392e+00] t_wall=2026-03-19 05:03:08
[3D] step=26350 t=2635.000000 t_real=2.937477e+03 s <x_B_tot>=1.211365e-01 vf_precip_indicator=9.421152e-02 vf_precip_h=9.433446e-02 R_avg=6.503931e+00 xB_range=[0.0283, 0.0314] Meff_range=[2.8452e-02, 3.0392e+00] t_wall=2026-03-19 05:03:21
[3D] step=26360 t=2636.000000 t_real=2.938592e+03 s <x_B_tot>=1.211366e-01 vf_precip_indicator=9.421164e-02 vf_precip_h=9.433458e-02 R_avg=6.504058e+00 xB_range=[0.0283, 0.0314] Meff_range=[2.8452e-02, 3.0392e+00] t_wall=2026-03-19 05:03:33
[3D] step=26370 t=2637.000000 t_real=2.939707e+03 s <x_B_tot>=1.211367e-01 vf_precip_indicator=9.421128e-02 vf_precip_h=9.433470e-02 R_avg=6.504152e+00 xB_range=[0.0283, 0.0314] Meff_range=[2.8452e-02, 3.0392e+00] t_wall=2026-03-19 05:03:46
[3D] step=26380 t=2638.000000 t_real=2.940821e+03 s <x_B_tot>=1.211367e-01 vf_precip_indicator=9.421223e-02 vf_precip_h=9.433482e-02 R_avg=6.504278e+00 xB_range=[0.0283, 0.0314] Meff_range=[2.8452e-02, 3.0392e+00] t_wall=2026-03-19 05:03:58
[3D] step=26390 t=2639.000000 t_real=2.941936e+03 s <x_B_tot>=1.211368e-01 vf_precip_indicator=9.421116e-02 vf_precip_h=9.433494e-02 R_avg=6.504144e+00 xB_range=[0.0283, 0.0314] Meff_range=[2.8452e-02, 3.0392e+00] t_wall=2026-03-19 05:04:10
[3D] step=26400 t=2640.000000 t_real=2.943051e+03 s <x_B_tot>=1.211368e-01 vf_precip_indicator=9.421080e-02 vf_precip_h=9.433507e-02 R_avg=6.504357e+00 xB_range=[0.0283, 0.0314] Meff_range=[2.8451e-02, 3.0391e+00] t_wall=2026-03-19 05:04:23
[3D] step=26410 t=2641.000000 t_real=2.944166e+03 s <x_B_tot>=1.211369e-01 vf_precip_indicator=9.420985e-02 vf_precip_h=9.433519e-02 R_avg=6.504202e+00 xB_range=[0.0283, 0.0314] Meff_range=[2.8451e-02, 3.0391e+00] t_wall=2026-03-19 05:04:35
[3D] step=26420 t=2642.000000 t_real=2.945280e+03 s <x_B_tot>=1.211370e-01 vf_precip_indicator=9.421051e-02 vf_precip_h=9.433531e-02 R_avg=6.503995e+00 xB_range=[0.0283, 0.0314] Meff_range=[2.8451e-02, 3.0391e+00] t_wall=2026-03-19 05:04:48
[3D] step=26430 t=2643.000000 t_real=2.946395e+03 s <x_B_tot>=1.211370e-01 vf_precip_indicator=9.420985e-02 vf_precip_h=9.433543e-02 R_avg=6.504113e+00 xB_range=[0.0283, 0.0314] Meff_range=[2.8451e-02, 3.0391e+00] t_wall=2026-03-19 05:05:00
[3D] step=26440 t=2644.000000 t_real=2.947510e+03 s <x_B_tot>=1.211371e-01 vf_precip_indicator=9.421015e-02 vf_precip_h=9.433555e-02 R_avg=6.504461e+00 xB_range=[0.0283, 0.0314] Meff_range=[2.8451e-02, 3.0391e+00] t_wall=2026-03-19 05:05:13
[3D] step=26450 t=2645.000000 t_real=2.948625e+03 s <x_B_tot>=1.211371e-01 vf_precip_indicator=9.421092e-02 vf_precip_h=9.433568e-02 R_avg=6.504856e+00 xB_range=[0.0283, 0.0314] Meff_range=[2.8451e-02, 3.0391e+00] t_wall=2026-03-19 05:05:25
[3D] step=26460 t=2646.000000 t_real=2.949740e+03 s <x_B_tot>=1.211372e-01 vf_precip_indicator=9.421009e-02 vf_precip_h=9.433580e-02 R_avg=6.504665e+00 xB_range=[0.0283, 0.0314] Meff_range=[2.8451e-02, 3.0391e+00] t_wall=2026-03-19 05:05:38
[3D] step=26470 t=2647.000000 t_real=2.950854e+03 s <x_B_tot>=1.211373e-01 vf_precip_indicator=9.420913e-02 vf_precip_h=9.433592e-02 R_avg=6.504421e+00 xB_range=[0.0283, 0.0314] Meff_range=[2.8451e-02, 3.0391e+00] t_wall=2026-03-19 05:05:50
[3D] step=26480 t=2648.000000 t_real=2.951969e+03 s <x_B_tot>=1.211373e-01 vf_precip_indicator=9.421009e-02 vf_precip_h=9.433604e-02 R_avg=6.504457e+00 xB_range=[0.0283, 0.0314] Meff_range=[2.8451e-02, 3.0391e+00] t_wall=2026-03-19 05:06:02
[3D] step=26490 t=2649.000000 t_real=2.953084e+03 s <x_B_tot>=1.211374e-01 vf_precip_indicator=9.421116e-02 vf_precip_h=9.433616e-02 R_avg=6.504293e+00 xB_range=[0.0283, 0.0314] Meff_range=[2.8451e-02, 3.0391e+00] t_wall=2026-03-19 05:06:15
[3D] step=26500 t=2650.000000 t_real=2.954199e+03 s <x_B_tot>=1.211374e-01 vf_precip_indicator=9.421128e-02 vf_precip_h=9.433629e-02 R_avg=6.504450e+00 xB_range=[0.0283, 0.0314] Meff_range=[2.8451e-02, 3.0390e+00] t_wall=2026-03-19 05:06:27
[3D] step=26510 t=2651.000000 t_real=2.955314e+03 s <x_B_tot>=1.211375e-01 vf_precip_indicator=9.421206e-02 vf_precip_h=9.433641e-02 R_avg=6.504935e+00 xB_range=[0.0283, 0.0314] Meff_range=[2.8450e-02, 3.0390e+00] t_wall=2026-03-19 05:06:40
[3D] step=26520 t=2652.000000 t_real=2.956428e+03 s <x_B_tot>=1.211375e-01 vf_precip_indicator=9.421176e-02 vf_precip_h=9.433653e-02 R_avg=6.504929e+00 xB_range=[0.0283, 0.0314] Meff_range=[2.8450e-02, 3.0390e+00] t_wall=2026-03-19 05:06:52
[3D] step=26530 t=2653.000000 t_real=2.957543e+03 s <x_B_tot>=1.211376e-01 vf_precip_indicator=9.421283e-02 vf_precip_h=9.433665e-02 R_avg=6.504661e+00 xB_range=[0.0283, 0.0314] Meff_range=[2.8450e-02, 3.0390e+00] t_wall=2026-03-19 05:07:05
[3D] step=26540 t=2654.000000 t_real=2.958658e+03 s <x_B_tot>=1.211377e-01 vf_precip_indicator=9.421259e-02 vf_precip_h=9.433677e-02 R_avg=6.504540e+00 xB_range=[0.0283, 0.0314] Meff_range=[2.8450e-02, 3.0390e+00] t_wall=2026-03-19 05:07:17
[3D] step=26550 t=2655.000000 t_real=2.959773e+03 s <x_B_tot>=1.211377e-01 vf_precip_indicator=9.421176e-02 vf_precip_h=9.433690e-02 R_avg=6.505033e+00 xB_range=[0.0283, 0.0314] Meff_range=[2.8450e-02, 3.0390e+00] t_wall=2026-03-19 05:07:30
[3D] step=26560 t=2656.000000 t_real=2.960888e+03 s <x_B_tot>=1.211378e-01 vf_precip_indicator=9.420997e-02 vf_precip_h=9.433702e-02 R_avg=6.505222e+00 xB_range=[0.0283, 0.0314] Meff_range=[2.8450e-02, 3.0390e+00] t_wall=2026-03-19 05:07:42
[3D] step=26570 t=2657.000000 t_real=2.962002e+03 s <x_B_tot>=1.211378e-01 vf_precip_indicator=9.421021e-02 vf_precip_h=9.433714e-02 R_avg=6.504926e+00 xB_range=[0.0283, 0.0314] Meff_range=[2.8450e-02, 3.0390e+00] t_wall=2026-03-19 05:07:55
[3D] step=26580 t=2658.000000 t_real=2.963117e+03 s <x_B_tot>=1.211379e-01 vf_precip_indicator=9.421110e-02 vf_precip_h=9.433726e-02 R_avg=6.504765e+00 xB_range=[0.0283, 0.0314] Meff_range=[2.8450e-02, 3.0390e+00] t_wall=2026-03-19 05:08:07
[3D] step=26590 t=2659.000000 t_real=2.964232e+03 s <x_B_tot>=1.211380e-01 vf_precip_indicator=9.421068e-02 vf_precip_h=9.433738e-02 R_avg=6.504662e+00 xB_range=[0.0283, 0.0314] Meff_range=[2.8450e-02, 3.0390e+00] t_wall=2026-03-19 05:08:19
[3D] step=26600 t=2660.000000 t_real=2.965347e+03 s <x_B_tot>=1.211380e-01 vf_precip_indicator=9.421122e-02 vf_precip_h=9.433751e-02 R_avg=6.504609e+00 xB_range=[0.0283, 0.0314] Meff_range=[2.8450e-02, 3.0390e+00] t_wall=2026-03-19 05:08:32
[3D] step=26610 t=2661.000000 t_real=2.966462e+03 s <x_B_tot>=1.211381e-01 vf_precip_indicator=9.421110e-02 vf_precip_h=9.433763e-02 R_avg=6.505092e+00 xB_range=[0.0283, 0.0314] Meff_range=[2.8450e-02, 3.0389e+00] t_wall=2026-03-19 05:08:44
[3D] step=26620 t=2662.000000 t_real=2.967576e+03 s <x_B_tot>=1.211381e-01 vf_precip_indicator=9.421074e-02 vf_precip_h=9.433775e-02 R_avg=6.505335e+00 xB_range=[0.0283, 0.0314] Meff_range=[2.8449e-02, 3.0389e+00] t_wall=2026-03-19 05:08:57
[3D] step=26630 t=2663.000000 t_real=2.968691e+03 s <x_B_tot>=1.211382e-01 vf_precip_indicator=9.421140e-02 vf_precip_h=9.433787e-02 R_avg=6.505306e+00 xB_range=[0.0283, 0.0314] Meff_range=[2.8449e-02, 3.0389e+00] t_wall=2026-03-19 05:09:09
[3D] step=26640 t=2664.000000 t_real=2.969806e+03 s <x_B_tot>=1.211383e-01 vf_precip_indicator=9.421146e-02 vf_precip_h=9.433799e-02 R_avg=6.505176e+00 xB_range=[0.0283, 0.0314] Meff_range=[2.8449e-02, 3.0389e+00] t_wall=2026-03-19 05:09:22
[3D] step=26650 t=2665.000000 t_real=2.970921e+03 s <x_B_tot>=1.211383e-01 vf_precip_indicator=9.421158e-02 vf_precip_h=9.433812e-02 R_avg=6.504812e+00 xB_range=[0.0283, 0.0314] Meff_range=[2.8449e-02, 3.0389e+00] t_wall=2026-03-19 05:09:34
[3D] step=26660 t=2666.000000 t_real=2.972035e+03 s <x_B_tot>=1.211384e-01 vf_precip_indicator=9.421456e-02 vf_precip_h=9.433824e-02 R_avg=6.505182e+00 xB_range=[0.0283, 0.0314] Meff_range=[2.8449e-02, 3.0389e+00] t_wall=2026-03-19 05:09:47
[3D] step=26670 t=2667.000000 t_real=2.973150e+03 s <x_B_tot>=1.211384e-01 vf_precip_indicator=9.421504e-02 vf_precip_h=9.433836e-02 R_avg=6.504947e+00 xB_range=[0.0283, 0.0314] Meff_range=[2.8449e-02, 3.0389e+00] t_wall=2026-03-19 05:09:59
[3D] step=26680 t=2668.000000 t_real=2.974265e+03 s <x_B_tot>=1.211385e-01 vf_precip_indicator=9.421533e-02 vf_precip_h=9.433848e-02 R_avg=6.504581e+00 xB_range=[0.0283, 0.0314] Meff_range=[2.8449e-02, 3.0389e+00] t_wall=2026-03-19 05:10:11
[3D] step=26690 t=2669.000000 t_real=2.975380e+03 s <x_B_tot>=1.211386e-01 vf_precip_indicator=9.421539e-02 vf_precip_h=9.433860e-02 R_avg=6.504838e+00 xB_range=[0.0283, 0.0314] Meff_range=[2.8449e-02, 3.0389e+00] t_wall=2026-03-19 05:10:24
[3D] step=26700 t=2670.000000 t_real=2.976495e+03 s <x_B_tot>=1.211386e-01 vf_precip_indicator=9.421498e-02 vf_precip_h=9.433873e-02 R_avg=6.504839e+00 xB_range=[0.0283, 0.0314] Meff_range=[2.8449e-02, 3.0389e+00] t_wall=2026-03-19 05:10:36
[3D] step=26710 t=2671.000000 t_real=2.977609e+03 s <x_B_tot>=1.211387e-01 vf_precip_indicator=9.421539e-02 vf_precip_h=9.433885e-02 R_avg=6.505046e+00 xB_range=[0.0283, 0.0314] Meff_range=[2.8449e-02, 3.0389e+00] t_wall=2026-03-19 05:10:49
[3D] step=26720 t=2672.000000 t_real=2.978724e+03 s <x_B_tot>=1.211387e-01 vf_precip_indicator=9.421515e-02 vf_precip_h=9.433897e-02 R_avg=6.505268e+00 xB_range=[0.0283, 0.0314] Meff_range=[2.8449e-02, 3.0389e+00] t_wall=2026-03-19 05:11:01
[3D] step=26730 t=2673.000000 t_real=2.979839e+03 s <x_B_tot>=1.211388e-01 vf_precip_indicator=9.421438e-02 vf_precip_h=9.433909e-02 R_avg=6.505586e+00 xB_range=[0.0283, 0.0314] Meff_range=[2.8449e-02, 3.0388e+00] t_wall=2026-03-19 05:11:14
[3D] step=26740 t=2674.000000 t_real=2.980954e+03 s <x_B_tot>=1.211389e-01 vf_precip_indicator=9.421378e-02 vf_precip_h=9.433921e-02 R_avg=6.505292e+00 xB_range=[0.0283, 0.0314] Meff_range=[2.8448e-02, 3.0388e+00] t_wall=2026-03-19 05:11:26
[3D] step=26750 t=2675.000000 t_real=2.982069e+03 s <x_B_tot>=1.211389e-01 vf_precip_indicator=9.421396e-02 vf_precip_h=9.433934e-02 R_avg=6.505572e+00 xB_range=[0.0283, 0.0314] Meff_range=[2.8448e-02, 3.0388e+00] t_wall=2026-03-19 05:11:39
[3D] step=26760 t=2676.000000 t_real=2.983183e+03 s <x_B_tot>=1.211390e-01 vf_precip_indicator=9.421486e-02 vf_precip_h=9.433946e-02 R_avg=6.505321e+00 xB_range=[0.0283, 0.0314] Meff_range=[2.8448e-02, 3.0388e+00] t_wall=2026-03-19 05:11:51
[3D] step=26770 t=2677.000000 t_real=2.984298e+03 s <x_B_tot>=1.211390e-01 vf_precip_indicator=9.421426e-02 vf_precip_h=9.433958e-02 R_avg=6.505310e+00 xB_range=[0.0283, 0.0314] Meff_range=[2.8448e-02, 3.0388e+00] t_wall=2026-03-19 05:12:04
[3D] step=26780 t=2678.000000 t_real=2.985413e+03 s <x_B_tot>=1.211391e-01 vf_precip_indicator=9.421331e-02 vf_precip_h=9.433970e-02 R_avg=6.505066e+00 xB_range=[0.0283, 0.0314] Meff_range=[2.8448e-02, 3.0388e+00] t_wall=2026-03-19 05:12:16
[3D] step=26790 t=2679.000000 t_real=2.986528e+03 s <x_B_tot>=1.211391e-01 vf_precip_indicator=9.421366e-02 vf_precip_h=9.433982e-02 R_avg=6.505313e+00 xB_range=[0.0283, 0.0314] Meff_range=[2.8448e-02, 3.0388e+00] t_wall=2026-03-19 05:12:28
[3D] step=26800 t=2680.000000 t_real=2.987643e+03 s <x_B_tot>=1.211392e-01 vf_precip_indicator=9.421319e-02 vf_precip_h=9.433995e-02 R_avg=6.505176e+00 xB_range=[0.0283, 0.0314] Meff_range=[2.8448e-02, 3.0388e+00] t_wall=2026-03-19 05:12:41
[3D] step=26810 t=2681.000000 t_real=2.988757e+03 s <x_B_tot>=1.211393e-01 vf_precip_indicator=9.421253e-02 vf_precip_h=9.434007e-02 R_avg=6.505295e+00 xB_range=[0.0283, 0.0314] Meff_range=[2.8448e-02, 3.0388e+00] t_wall=2026-03-19 05:12:53
[3D] step=26820 t=2682.000000 t_real=2.989872e+03 s <x_B_tot>=1.211393e-01 vf_precip_indicator=9.421265e-02 vf_precip_h=9.434019e-02 R_avg=6.505586e+00 xB_range=[0.0283, 0.0314] Meff_range=[2.8448e-02, 3.0388e+00] t_wall=2026-03-19 05:13:06
[3D] step=26830 t=2683.000000 t_real=2.990987e+03 s <x_B_tot>=1.211394e-01 vf_precip_indicator=9.421301e-02 vf_precip_h=9.434031e-02 R_avg=6.505566e+00 xB_range=[0.0283, 0.0314] Meff_range=[2.8448e-02, 3.0388e+00] t_wall=2026-03-19 05:13:18
[3D] step=26840 t=2684.000000 t_real=2.992102e+03 s <x_B_tot>=1.211394e-01 vf_precip_indicator=9.421360e-02 vf_precip_h=9.434043e-02 R_avg=6.505458e+00 xB_range=[0.0283, 0.0314] Meff_range=[2.8448e-02, 3.0387e+00] t_wall=2026-03-19 05:13:31
[3D] step=26850 t=2685.000000 t_real=2.993217e+03 s <x_B_tot>=1.211395e-01 vf_precip_indicator=9.421360e-02 vf_precip_h=9.434056e-02 R_avg=6.505547e+00 xB_range=[0.0283, 0.0314] Meff_range=[2.8447e-02, 3.0387e+00] t_wall=2026-03-19 05:13:43
[3D] step=26860 t=2686.000000 t_real=2.994331e+03 s <x_B_tot>=1.211396e-01 vf_precip_indicator=9.421366e-02 vf_precip_h=9.434068e-02 R_avg=6.505492e+00 xB_range=[0.0283, 0.0314] Meff_range=[2.8447e-02, 3.0387e+00] t_wall=2026-03-19 05:13:56
[3D] step=26870 t=2687.000000 t_real=2.995446e+03 s <x_B_tot>=1.211396e-01 vf_precip_indicator=9.421295e-02 vf_precip_h=9.434080e-02 R_avg=6.505309e+00 xB_range=[0.0283, 0.0314] Meff_range=[2.8447e-02, 3.0387e+00] t_wall=2026-03-19 05:14:08
[3D] step=26880 t=2688.000000 t_real=2.996561e+03 s <x_B_tot>=1.211397e-01 vf_precip_indicator=9.421319e-02 vf_precip_h=9.434092e-02 R_avg=6.505117e+00 xB_range=[0.0283, 0.0314] Meff_range=[2.8447e-02, 3.0387e+00] t_wall=2026-03-19 05:14:21
[3D] step=26890 t=2689.000000 t_real=2.997676e+03 s <x_B_tot>=1.211397e-01 vf_precip_indicator=9.421289e-02 vf_precip_h=9.434104e-02 R_avg=6.505230e+00 xB_range=[0.0283, 0.0314] Meff_range=[2.8447e-02, 3.0387e+00] t_wall=2026-03-19 05:14:33
[3D] step=26900 t=2690.000000 t_real=2.998790e+03 s <x_B_tot>=1.211398e-01 vf_precip_indicator=9.421247e-02 vf_precip_h=9.434117e-02 R_avg=6.505365e+00 xB_range=[0.0283, 0.0314] Meff_range=[2.8447e-02, 3.0387e+00] t_wall=2026-03-19 05:14:45
[3D] step=26910 t=2691.000000 t_real=2.999905e+03 s <x_B_tot>=1.211399e-01 vf_precip_indicator=9.421277e-02 vf_precip_h=9.434129e-02 R_avg=6.504969e+00 xB_range=[0.0283, 0.0314] Meff_range=[2.8447e-02, 3.0387e+00] t_wall=2026-03-19 05:14:58
[3D] step=26920 t=2692.000000 t_real=3.001020e+03 s <x_B_tot>=1.211399e-01 vf_precip_indicator=9.421349e-02 vf_precip_h=9.434141e-02 R_avg=6.505450e+00 xB_range=[0.0283, 0.0314] Meff_range=[2.8447e-02, 3.0387e+00] t_wall=2026-03-19 05:15:10
[3D] step=26930 t=2693.000000 t_real=3.002135e+03 s <x_B_tot>=1.211400e-01 vf_precip_indicator=9.421349e-02 vf_precip_h=9.434153e-02 R_avg=6.505926e+00 xB_range=[0.0283, 0.0314] Meff_range=[2.8447e-02, 3.0387e+00] t_wall=2026-03-19 05:15:23
[3D] step=26940 t=2694.000000 t_real=3.003250e+03 s <x_B_tot>=1.211400e-01 vf_precip_indicator=9.421319e-02 vf_precip_h=9.434166e-02 R_avg=6.505905e+00 xB_range=[0.0283, 0.0314] Meff_range=[2.8447e-02, 3.0387e+00] t_wall=2026-03-19 05:15:35
[3D] step=26950 t=2695.000000 t_real=3.004364e+03 s <x_B_tot>=1.211401e-01 vf_precip_indicator=9.421420e-02 vf_precip_h=9.434178e-02 R_avg=6.506526e+00 xB_range=[0.0283, 0.0314] Meff_range=[2.8447e-02, 3.0386e+00] t_wall=2026-03-19 05:15:48
[3D] step=26960 t=2696.000000 t_real=3.005479e+03 s <x_B_tot>=1.211402e-01 vf_precip_indicator=9.421432e-02 vf_precip_h=9.434190e-02 R_avg=6.506847e+00 xB_range=[0.0283, 0.0314] Meff_range=[2.8446e-02, 3.0386e+00] t_wall=2026-03-19 05:16:00
[3D] step=26970 t=2697.000000 t_real=3.006594e+03 s <x_B_tot>=1.211402e-01 vf_precip_indicator=9.421450e-02 vf_precip_h=9.434202e-02 R_avg=6.506665e+00 xB_range=[0.0283, 0.0314] Meff_range=[2.8446e-02, 3.0386e+00] t_wall=2026-03-19 05:16:13
[3D] step=26980 t=2698.000000 t_real=3.007709e+03 s <x_B_tot>=1.211403e-01 vf_precip_indicator=9.421420e-02 vf_precip_h=9.434214e-02 R_avg=6.506868e+00 xB_range=[0.0283, 0.0314] Meff_range=[2.8446e-02, 3.0386e+00] t_wall=2026-03-19 05:16:25
[3D] step=26990 t=2699.000000 t_real=3.008824e+03 s <x_B_tot>=1.211403e-01 vf_precip_indicator=9.421480e-02 vf_precip_h=9.434227e-02 R_avg=6.507043e+00 xB_range=[0.0283, 0.0314] Meff_range=[2.8446e-02, 3.0386e+00] t_wall=2026-03-19 05:16:37
[3D] step=27000 t=2700.000000 t_real=3.009938e+03 s <x_B_tot>=1.211404e-01 vf_precip_indicator=9.421593e-02 vf_precip_h=9.434239e-02 R_avg=6.506496e+00 xB_range=[0.0283, 0.0314] Meff_range=[2.8446e-02, 3.0386e+00] t_wall=2026-03-19 05:16:50
[3D] step=27010 t=2701.000000 t_real=3.011053e+03 s <x_B_tot>=1.211405e-01 vf_precip_indicator=9.421587e-02 vf_precip_h=9.434251e-02 R_avg=6.506582e+00 xB_range=[0.0283, 0.0314] Meff_range=[2.8446e-02, 3.0386e+00] t_wall=2026-03-19 05:17:02
[3D] step=27020 t=2702.000000 t_real=3.012168e+03 s <x_B_tot>=1.211405e-01 vf_precip_indicator=9.421575e-02 vf_precip_h=9.434263e-02 R_avg=6.506782e+00 xB_range=[0.0283, 0.0314] Meff_range=[2.8446e-02, 3.0386e+00] t_wall=2026-03-19 05:17:15
[3D] step=27030 t=2703.000000 t_real=3.013283e+03 s <x_B_tot>=1.211406e-01 vf_precip_indicator=9.421486e-02 vf_precip_h=9.434276e-02 R_avg=6.506482e+00 xB_range=[0.0283, 0.0314] Meff_range=[2.8446e-02, 3.0386e+00] t_wall=2026-03-19 05:17:27
[3D] step=27040 t=2704.000000 t_real=3.014398e+03 s <x_B_tot>=1.211406e-01 vf_precip_indicator=9.421492e-02 vf_precip_h=9.434288e-02 R_avg=6.506888e+00 xB_range=[0.0283, 0.0314] Meff_range=[2.8446e-02, 3.0386e+00] t_wall=2026-03-19 05:17:40
[3D] step=27050 t=2705.000000 t_real=3.015512e+03 s <x_B_tot>=1.211407e-01 vf_precip_indicator=9.421611e-02 vf_precip_h=9.434300e-02 R_avg=6.507134e+00 xB_range=[0.0283, 0.0314] Meff_range=[2.8446e-02, 3.0386e+00] t_wall=2026-03-19 05:17:52
[3D] step=27060 t=2706.000000 t_real=3.016627e+03 s <x_B_tot>=1.211407e-01 vf_precip_indicator=9.421676e-02 vf_precip_h=9.434312e-02 R_avg=6.507402e+00 xB_range=[0.0283, 0.0314] Meff_range=[2.8446e-02, 3.0385e+00] t_wall=2026-03-19 05:18:05
[3D] step=27070 t=2707.000000 t_real=3.017742e+03 s <x_B_tot>=1.211408e-01 vf_precip_indicator=9.421670e-02 vf_precip_h=9.434324e-02 R_avg=6.507190e+00 xB_range=[0.0283, 0.0314] Meff_range=[2.8445e-02, 3.0385e+00] t_wall=2026-03-19 05:18:17
[3D] step=27080 t=2708.000000 t_real=3.018857e+03 s <x_B_tot>=1.211409e-01 vf_precip_indicator=9.421617e-02 vf_precip_h=9.434337e-02 R_avg=6.507004e+00 xB_range=[0.0283, 0.0314] Meff_range=[2.8445e-02, 3.0385e+00] t_wall=2026-03-19 05:18:30
[3D] step=27090 t=2709.000000 t_real=3.019972e+03 s <x_B_tot>=1.211409e-01 vf_precip_indicator=9.421605e-02 vf_precip_h=9.434349e-02 R_avg=6.506758e+00 xB_range=[0.0283, 0.0314] Meff_range=[2.8445e-02, 3.0385e+00] t_wall=2026-03-19 05:18:42
[3D] step=27100 t=2710.000000 t_real=3.021086e+03 s <x_B_tot>=1.211410e-01 vf_precip_indicator=9.421641e-02 vf_precip_h=9.434361e-02 R_avg=6.506708e+00 xB_range=[0.0283, 0.0314] Meff_range=[2.8445e-02, 3.0385e+00] t_wall=2026-03-19 05:18:54
[3D] step=27110 t=2711.000000 t_real=3.022201e+03 s <x_B_tot>=1.211410e-01 vf_precip_indicator=9.421641e-02 vf_precip_h=9.434373e-02 R_avg=6.507199e+00 xB_range=[0.0283, 0.0314] Meff_range=[2.8445e-02, 3.0385e+00] t_wall=2026-03-19 05:19:07
[3D] step=27120 t=2712.000000 t_real=3.023316e+03 s <x_B_tot>=1.211411e-01 vf_precip_indicator=9.421706e-02 vf_precip_h=9.434386e-02 R_avg=6.507214e+00 xB_range=[0.0283, 0.0314] Meff_range=[2.8445e-02, 3.0385e+00] t_wall=2026-03-19 05:19:19
[3D] step=27130 t=2713.000000 t_real=3.024431e+03 s <x_B_tot>=1.211412e-01 vf_precip_indicator=9.421831e-02 vf_precip_h=9.434398e-02 R_avg=6.507078e+00 xB_range=[0.0283, 0.0314] Meff_range=[2.8445e-02, 3.0385e+00] t_wall=2026-03-19 05:19:32
[3D] step=27140 t=2714.000000 t_real=3.025545e+03 s <x_B_tot>=1.211412e-01 vf_precip_indicator=9.421813e-02 vf_precip_h=9.434410e-02 R_avg=6.506619e+00 xB_range=[0.0283, 0.0314] Meff_range=[2.8445e-02, 3.0385e+00] t_wall=2026-03-19 05:19:44
[3D] step=27150 t=2715.000000 t_real=3.026660e+03 s <x_B_tot>=1.211413e-01 vf_precip_indicator=9.421730e-02 vf_precip_h=9.434422e-02 R_avg=6.506249e+00 xB_range=[0.0283, 0.0314] Meff_range=[2.8445e-02, 3.0385e+00] t_wall=2026-03-19 05:19:57
[3D] step=27160 t=2716.000000 t_real=3.027775e+03 s <x_B_tot>=1.211413e-01 vf_precip_indicator=9.421772e-02 vf_precip_h=9.434434e-02 R_avg=6.506144e+00 xB_range=[0.0283, 0.0314] Meff_range=[2.8445e-02, 3.0385e+00] t_wall=2026-03-19 05:20:09
[3D] step=27170 t=2717.000000 t_real=3.028890e+03 s <x_B_tot>=1.211414e-01 vf_precip_indicator=9.421790e-02 vf_precip_h=9.434447e-02 R_avg=6.506067e+00 xB_range=[0.0283, 0.0314] Meff_range=[2.8445e-02, 3.0384e+00] t_wall=2026-03-19 05:20:22
[3D] step=27180 t=2718.000000 t_real=3.030005e+03 s <x_B_tot>=1.211415e-01 vf_precip_indicator=9.421736e-02 vf_precip_h=9.434459e-02 R_avg=6.505985e+00 xB_range=[0.0283, 0.0314] Meff_range=[2.8445e-02, 3.0384e+00] t_wall=2026-03-19 05:20:34
[3D] step=27190 t=2719.000000 t_real=3.031119e+03 s <x_B_tot>=1.211415e-01 vf_precip_indicator=9.421891e-02 vf_precip_h=9.434471e-02 R_avg=6.506167e+00 xB_range=[0.0283, 0.0314] Meff_range=[2.8444e-02, 3.0384e+00] t_wall=2026-03-19 05:20:47
[3D] step=27200 t=2720.000000 t_real=3.032234e+03 s <x_B_tot>=1.211416e-01 vf_precip_indicator=9.421861e-02 vf_precip_h=9.434483e-02 R_avg=6.506310e+00 xB_range=[0.0283, 0.0314] Meff_range=[2.8444e-02, 3.0384e+00] t_wall=2026-03-19 05:20:59
[3D] step=27210 t=2721.000000 t_real=3.033349e+03 s <x_B_tot>=1.211416e-01 vf_precip_indicator=9.421891e-02 vf_precip_h=9.434496e-02 R_avg=6.506181e+00 xB_range=[0.0283, 0.0314] Meff_range=[2.8444e-02, 3.0384e+00] t_wall=2026-03-19 05:21:11
[3D] step=27220 t=2722.000000 t_real=3.034464e+03 s <x_B_tot>=1.211417e-01 vf_precip_indicator=9.421921e-02 vf_precip_h=9.434508e-02 R_avg=6.506172e+00 xB_range=[0.0283, 0.0314] Meff_range=[2.8444e-02, 3.0384e+00] t_wall=2026-03-19 05:21:24
[3D] step=27230 t=2723.000000 t_real=3.035579e+03 s <x_B_tot>=1.211418e-01 vf_precip_indicator=9.421998e-02 vf_precip_h=9.434520e-02 R_avg=6.506270e+00 xB_range=[0.0283, 0.0314] Meff_range=[2.8444e-02, 3.0384e+00] t_wall=2026-03-19 05:21:36
[3D] step=27240 t=2724.000000 t_real=3.036693e+03 s <x_B_tot>=1.211418e-01 vf_precip_indicator=9.422064e-02 vf_precip_h=9.434532e-02 R_avg=6.505736e+00 xB_range=[0.0283, 0.0314] Meff_range=[2.8444e-02, 3.0384e+00] t_wall=2026-03-19 05:21:49
[3D] step=27250 t=2725.000000 t_real=3.037808e+03 s <x_B_tot>=1.211419e-01 vf_precip_indicator=9.421998e-02 vf_precip_h=9.434545e-02 R_avg=6.505646e+00 xB_range=[0.0283, 0.0314] Meff_range=[2.8444e-02, 3.0384e+00] t_wall=2026-03-19 05:22:01
[3D] step=27260 t=2726.000000 t_real=3.038923e+03 s <x_B_tot>=1.211419e-01 vf_precip_indicator=9.422028e-02 vf_precip_h=9.434557e-02 R_avg=6.505666e+00 xB_range=[0.0283, 0.0314] Meff_range=[2.8444e-02, 3.0384e+00] t_wall=2026-03-19 05:22:14
[3D] step=27270 t=2727.000000 t_real=3.040038e+03 s <x_B_tot>=1.211420e-01 vf_precip_indicator=9.422159e-02 vf_precip_h=9.434569e-02 R_avg=6.505980e+00 xB_range=[0.0283, 0.0314] Meff_range=[2.8444e-02, 3.0384e+00] t_wall=2026-03-19 05:22:26
[3D] step=27280 t=2728.000000 t_real=3.041153e+03 s <x_B_tot>=1.211421e-01 vf_precip_indicator=9.422076e-02 vf_precip_h=9.434581e-02 R_avg=6.505818e+00 xB_range=[0.0283, 0.0314] Meff_range=[2.8444e-02, 3.0383e+00] t_wall=2026-03-19 05:22:39
[3D] step=27290 t=2729.000000 t_real=3.042267e+03 s <x_B_tot>=1.211421e-01 vf_precip_indicator=9.422052e-02 vf_precip_h=9.434593e-02 R_avg=6.506010e+00 xB_range=[0.0283, 0.0314] Meff_range=[2.8444e-02, 3.0383e+00] t_wall=2026-03-19 05:22:51
[3D] step=27300 t=2730.000000 t_real=3.043382e+03 s <x_B_tot>=1.211422e-01 vf_precip_indicator=9.422153e-02 vf_precip_h=9.434606e-02 R_avg=6.506229e+00 xB_range=[0.0283, 0.0314] Meff_range=[2.8443e-02, 3.0383e+00] t_wall=2026-03-19 05:23:03
[3D] step=27310 t=2731.000000 t_real=3.044497e+03 s <x_B_tot>=1.211422e-01 vf_precip_indicator=9.422177e-02 vf_precip_h=9.434618e-02 R_avg=6.506528e+00 xB_range=[0.0283, 0.0314] Meff_range=[2.8443e-02, 3.0383e+00] t_wall=2026-03-19 05:23:16
[3D] step=27320 t=2732.000000 t_real=3.045612e+03 s <x_B_tot>=1.211423e-01 vf_precip_indicator=9.422141e-02 vf_precip_h=9.434630e-02 R_avg=6.506771e+00 xB_range=[0.0283, 0.0314] Meff_range=[2.8443e-02, 3.0383e+00] t_wall=2026-03-19 05:23:28
[3D] step=27330 t=2733.000000 t_real=3.046727e+03 s <x_B_tot>=1.211423e-01 vf_precip_indicator=9.422106e-02 vf_precip_h=9.434642e-02 R_avg=6.506955e+00 xB_range=[0.0283, 0.0314] Meff_range=[2.8443e-02, 3.0383e+00] t_wall=2026-03-19 05:23:41
[3D] step=27340 t=2734.000000 t_real=3.047841e+03 s <x_B_tot>=1.211424e-01 vf_precip_indicator=9.422034e-02 vf_precip_h=9.434655e-02 R_avg=6.506890e+00 xB_range=[0.0283, 0.0314] Meff_range=[2.8443e-02, 3.0383e+00] t_wall=2026-03-19 05:23:53
[3D] step=27350 t=2735.000000 t_real=3.048956e+03 s <x_B_tot>=1.211425e-01 vf_precip_indicator=9.422052e-02 vf_precip_h=9.434667e-02 R_avg=6.507200e+00 xB_range=[0.0283, 0.0314] Meff_range=[2.8443e-02, 3.0383e+00] t_wall=2026-03-19 05:24:06
[3D] step=27360 t=2736.000000 t_real=3.050071e+03 s <x_B_tot>=1.211425e-01 vf_precip_indicator=9.422082e-02 vf_precip_h=9.434679e-02 R_avg=6.507399e+00 xB_range=[0.0283, 0.0314] Meff_range=[2.8443e-02, 3.0383e+00] t_wall=2026-03-19 05:24:18
[3D] step=27370 t=2737.000000 t_real=3.051186e+03 s <x_B_tot>=1.211426e-01 vf_precip_indicator=9.422153e-02 vf_precip_h=9.434691e-02 R_avg=6.507553e+00 xB_range=[0.0283, 0.0314] Meff_range=[2.8443e-02, 3.0383e+00] t_wall=2026-03-19 05:24:31
[3D] step=27380 t=2738.000000 t_real=3.052300e+03 s <x_B_tot>=1.211426e-01 vf_precip_indicator=9.422088e-02 vf_precip_h=9.434704e-02 R_avg=6.507284e+00 xB_range=[0.0283, 0.0314] Meff_range=[2.8443e-02, 3.0383e+00] t_wall=2026-03-19 05:24:43
[3D] step=27390 t=2739.000000 t_real=3.053415e+03 s <x_B_tot>=1.211427e-01 vf_precip_indicator=9.422177e-02 vf_precip_h=9.434716e-02 R_avg=6.507302e+00 xB_range=[0.0283, 0.0314] Meff_range=[2.8443e-02, 3.0382e+00] t_wall=2026-03-19 05:24:56
[3D] step=27400 t=2740.000000 t_real=3.054530e+03 s <x_B_tot>=1.211428e-01 vf_precip_indicator=9.422159e-02 vf_precip_h=9.434728e-02 R_avg=6.507319e+00 xB_range=[0.0283, 0.0314] Meff_range=[2.8443e-02, 3.0382e+00] t_wall=2026-03-19 05:25:08
[3D] step=27410 t=2741.000000 t_real=3.055645e+03 s <x_B_tot>=1.211428e-01 vf_precip_indicator=9.422076e-02 vf_precip_h=9.434740e-02 R_avg=6.506964e+00 xB_range=[0.0283, 0.0314] Meff_range=[2.8442e-02, 3.0382e+00] t_wall=2026-03-19 05:25:20
[3D] step=27420 t=2742.000000 t_real=3.056760e+03 s <x_B_tot>=1.211429e-01 vf_precip_indicator=9.422117e-02 vf_precip_h=9.434753e-02 R_avg=6.507052e+00 xB_range=[0.0283, 0.0314] Meff_range=[2.8442e-02, 3.0382e+00] t_wall=2026-03-19 05:25:33
[3D] step=27430 t=2743.000000 t_real=3.057874e+03 s <x_B_tot>=1.211429e-01 vf_precip_indicator=9.422004e-02 vf_precip_h=9.434765e-02 R_avg=6.506394e+00 xB_range=[0.0283, 0.0314] Meff_range=[2.8442e-02, 3.0382e+00] t_wall=2026-03-19 05:25:45
[3D] step=27440 t=2744.000000 t_real=3.058989e+03 s <x_B_tot>=1.211430e-01 vf_precip_indicator=9.422058e-02 vf_precip_h=9.434777e-02 R_avg=6.506743e+00 xB_range=[0.0283, 0.0314] Meff_range=[2.8442e-02, 3.0382e+00] t_wall=2026-03-19 05:25:58
[3D] step=27450 t=2745.000000 t_real=3.060104e+03 s <x_B_tot>=1.211431e-01 vf_precip_indicator=9.422070e-02 vf_precip_h=9.434789e-02 R_avg=6.507198e+00 xB_range=[0.0283, 0.0314] Meff_range=[2.8442e-02, 3.0382e+00] t_wall=2026-03-19 05:26:10
[3D] step=27460 t=2746.000000 t_real=3.061219e+03 s <x_B_tot>=1.211431e-01 vf_precip_indicator=9.422117e-02 vf_precip_h=9.434801e-02 R_avg=6.507037e+00 xB_range=[0.0283, 0.0314] Meff_range=[2.8442e-02, 3.0382e+00] t_wall=2026-03-19 05:26:23
[3D] step=27470 t=2747.000000 t_real=3.062334e+03 s <x_B_tot>=1.211432e-01 vf_precip_indicator=9.422171e-02 vf_precip_h=9.434814e-02 R_avg=6.507089e+00 xB_range=[0.0283, 0.0314] Meff_range=[2.8442e-02, 3.0382e+00] t_wall=2026-03-19 05:26:35
[3D] step=27480 t=2748.000000 t_real=3.063448e+03 s <x_B_tot>=1.211432e-01 vf_precip_indicator=9.422255e-02 vf_precip_h=9.434826e-02 R_avg=6.507429e+00 xB_range=[0.0283, 0.0314] Meff_range=[2.8442e-02, 3.0382e+00] t_wall=2026-03-19 05:26:48
[3D] step=27490 t=2749.000000 t_real=3.064563e+03 s <x_B_tot>=1.211433e-01 vf_precip_indicator=9.422344e-02 vf_precip_h=9.434838e-02 R_avg=6.507670e+00 xB_range=[0.0283, 0.0314] Meff_range=[2.8442e-02, 3.0382e+00] t_wall=2026-03-19 05:27:00
[3D] step=27500 t=2750.000000 t_real=3.065678e+03 s <x_B_tot>=1.211434e-01 vf_precip_indicator=9.422445e-02 vf_precip_h=9.434850e-02 R_avg=6.507159e+00 xB_range=[0.0283, 0.0314] Meff_range=[2.8442e-02, 3.0381e+00] t_wall=2026-03-19 05:27:12
[3D] step=27510 t=2751.000000 t_real=3.066793e+03 s <x_B_tot>=1.211434e-01 vf_precip_indicator=9.422618e-02 vf_precip_h=9.434863e-02 R_avg=6.507219e+00 xB_range=[0.0283, 0.0314] Meff_range=[2.8442e-02, 3.0381e+00] t_wall=2026-03-19 05:27:25
[3D] step=27520 t=2752.000000 t_real=3.067908e+03 s <x_B_tot>=1.211435e-01 vf_precip_indicator=9.422660e-02 vf_precip_h=9.434875e-02 R_avg=6.507337e+00 xB_range=[0.0283, 0.0314] Meff_range=[2.8441e-02, 3.0381e+00] t_wall=2026-03-19 05:27:37
[3D] step=27530 t=2753.000000 t_real=3.069022e+03 s <x_B_tot>=1.211435e-01 vf_precip_indicator=9.422678e-02 vf_precip_h=9.434887e-02 R_avg=6.507632e+00 xB_range=[0.0283, 0.0314] Meff_range=[2.8441e-02, 3.0381e+00] t_wall=2026-03-19 05:27:50
[3D] step=27540 t=2754.000000 t_real=3.070137e+03 s <x_B_tot>=1.211436e-01 vf_precip_indicator=9.422600e-02 vf_precip_h=9.434899e-02 R_avg=6.508070e+00 xB_range=[0.0283, 0.0314] Meff_range=[2.8441e-02, 3.0381e+00] t_wall=2026-03-19 05:28:02
[3D] step=27550 t=2755.000000 t_real=3.071252e+03 s <x_B_tot>=1.211437e-01 vf_precip_indicator=9.422481e-02 vf_precip_h=9.434912e-02 R_avg=6.508047e+00 xB_range=[0.0283, 0.0314] Meff_range=[2.8441e-02, 3.0381e+00] t_wall=2026-03-19 05:28:15
[3D] step=27560 t=2756.000000 t_real=3.072367e+03 s <x_B_tot>=1.211437e-01 vf_precip_indicator=9.422427e-02 vf_precip_h=9.434924e-02 R_avg=6.507594e+00 xB_range=[0.0283, 0.0314] Meff_range=[2.8441e-02, 3.0381e+00] t_wall=2026-03-19 05:28:27
[3D] step=27570 t=2757.000000 t_real=3.073482e+03 s <x_B_tot>=1.211438e-01 vf_precip_indicator=9.422433e-02 vf_precip_h=9.434936e-02 R_avg=6.507240e+00 xB_range=[0.0283, 0.0314] Meff_range=[2.8441e-02, 3.0381e+00] t_wall=2026-03-19 05:28:40
[3D] step=27580 t=2758.000000 t_real=3.074596e+03 s <x_B_tot>=1.211438e-01 vf_precip_indicator=9.422493e-02 vf_precip_h=9.434948e-02 R_avg=6.507475e+00 xB_range=[0.0283, 0.0314] Meff_range=[2.8441e-02, 3.0381e+00] t_wall=2026-03-19 05:28:52
[3D] step=27590 t=2759.000000 t_real=3.075711e+03 s <x_B_tot>=1.211439e-01 vf_precip_indicator=9.422469e-02 vf_precip_h=9.434961e-02 R_avg=6.507652e+00 xB_range=[0.0283, 0.0314] Meff_range=[2.8441e-02, 3.0381e+00] t_wall=2026-03-19 05:29:05
[3D] step=27600 t=2760.000000 t_real=3.076826e+03 s <x_B_tot>=1.211440e-01 vf_precip_indicator=9.422493e-02 vf_precip_h=9.434973e-02 R_avg=6.508011e+00 xB_range=[0.0283, 0.0314] Meff_range=[2.8441e-02, 3.0380e+00] t_wall=2026-03-19 05:29:17
[3D] step=27610 t=2761.000000 t_real=3.077941e+03 s <x_B_tot>=1.211440e-01 vf_precip_indicator=9.422415e-02 vf_precip_h=9.434985e-02 R_avg=6.507957e+00 xB_range=[0.0283, 0.0314] Meff_range=[2.8441e-02, 3.0380e+00] t_wall=2026-03-19 05:29:29
[3D] step=27620 t=2762.000000 t_real=3.079056e+03 s <x_B_tot>=1.211441e-01 vf_precip_indicator=9.422588e-02 vf_precip_h=9.434997e-02 R_avg=6.508121e+00 xB_range=[0.0283, 0.0314] Meff_range=[2.8441e-02, 3.0380e+00] t_wall=2026-03-19 05:29:42
[3D] step=27630 t=2763.000000 t_real=3.080170e+03 s <x_B_tot>=1.211441e-01 vf_precip_indicator=9.422553e-02 vf_precip_h=9.435010e-02 R_avg=6.508394e+00 xB_range=[0.0283, 0.0314] Meff_range=[2.8440e-02, 3.0380e+00] t_wall=2026-03-19 05:29:54
[3D] step=27640 t=2764.000000 t_real=3.081285e+03 s <x_B_tot>=1.211442e-01 vf_precip_indicator=9.422553e-02 vf_precip_h=9.435022e-02 R_avg=6.508469e+00 xB_range=[0.0283, 0.0314] Meff_range=[2.8440e-02, 3.0380e+00] t_wall=2026-03-19 05:30:07
[3D] step=27650 t=2765.000000 t_real=3.082400e+03 s <x_B_tot>=1.211443e-01 vf_precip_indicator=9.422612e-02 vf_precip_h=9.435034e-02 R_avg=6.508317e+00 xB_range=[0.0283, 0.0314] Meff_range=[2.8440e-02, 3.0380e+00] t_wall=2026-03-19 05:30:19
[3D] step=27660 t=2766.000000 t_real=3.083515e+03 s <x_B_tot>=1.211443e-01 vf_precip_indicator=9.422731e-02 vf_precip_h=9.435046e-02 R_avg=6.508235e+00 xB_range=[0.0283, 0.0314] Meff_range=[2.8440e-02, 3.0380e+00] t_wall=2026-03-19 05:30:32
[3D] step=27670 t=2767.000000 t_real=3.084629e+03 s <x_B_tot>=1.211444e-01 vf_precip_indicator=9.422714e-02 vf_precip_h=9.435059e-02 R_avg=6.508104e+00 xB_range=[0.0283, 0.0314] Meff_range=[2.8440e-02, 3.0380e+00] t_wall=2026-03-19 05:30:44
[3D] step=27680 t=2768.000000 t_real=3.085744e+03 s <x_B_tot>=1.211444e-01 vf_precip_indicator=9.422815e-02 vf_precip_h=9.435071e-02 R_avg=6.508456e+00 xB_range=[0.0283, 0.0314] Meff_range=[2.8440e-02, 3.0380e+00] t_wall=2026-03-19 05:30:57
[3D] step=27690 t=2769.000000 t_real=3.086859e+03 s <x_B_tot>=1.211445e-01 vf_precip_indicator=9.422857e-02 vf_precip_h=9.435083e-02 R_avg=6.508530e+00 xB_range=[0.0283, 0.0314] Meff_range=[2.8440e-02, 3.0380e+00] t_wall=2026-03-19 05:31:09
[3D] step=27700 t=2770.000000 t_real=3.087974e+03 s <x_B_tot>=1.211445e-01 vf_precip_indicator=9.422731e-02 vf_precip_h=9.435095e-02 R_avg=6.508905e+00 xB_range=[0.0283, 0.0314] Meff_range=[2.8440e-02, 3.0380e+00] t_wall=2026-03-19 05:31:21
[3D] step=27710 t=2771.000000 t_real=3.089089e+03 s <x_B_tot>=1.211446e-01 vf_precip_indicator=9.422755e-02 vf_precip_h=9.435108e-02 R_avg=6.508981e+00 xB_range=[0.0283, 0.0314] Meff_range=[2.8440e-02, 3.0379e+00] t_wall=2026-03-19 05:31:34
[3D] step=27720 t=2772.000000 t_real=3.090203e+03 s <x_B_tot>=1.211447e-01 vf_precip_indicator=9.422809e-02 vf_precip_h=9.435120e-02 R_avg=6.509256e+00 xB_range=[0.0283, 0.0314] Meff_range=[2.8440e-02, 3.0379e+00] t_wall=2026-03-19 05:31:46
[3D] step=27730 t=2773.000000 t_real=3.091318e+03 s <x_B_tot>=1.211447e-01 vf_precip_indicator=9.422863e-02 vf_precip_h=9.435132e-02 R_avg=6.509800e+00 xB_range=[0.0283, 0.0314] Meff_range=[2.8440e-02, 3.0379e+00] t_wall=2026-03-19 05:31:59
[3D] step=27740 t=2774.000000 t_real=3.092433e+03 s <x_B_tot>=1.211448e-01 vf_precip_indicator=9.422791e-02 vf_precip_h=9.435144e-02 R_avg=6.509497e+00 xB_range=[0.0283, 0.0314] Meff_range=[2.8440e-02, 3.0379e+00] t_wall=2026-03-19 05:32:11
[3D] step=27750 t=2775.000000 t_real=3.093548e+03 s <x_B_tot>=1.211448e-01 vf_precip_indicator=9.422678e-02 vf_precip_h=9.435157e-02 R_avg=6.509538e+00 xB_range=[0.0283, 0.0314] Meff_range=[2.8439e-02, 3.0379e+00] t_wall=2026-03-19 05:32:24
[3D] step=27760 t=2776.000000 t_real=3.094663e+03 s <x_B_tot>=1.211449e-01 vf_precip_indicator=9.422642e-02 vf_precip_h=9.435169e-02 R_avg=6.509469e+00 xB_range=[0.0283, 0.0314] Meff_range=[2.8439e-02, 3.0379e+00] t_wall=2026-03-19 05:32:36
[3D] step=27770 t=2777.000000 t_real=3.095777e+03 s <x_B_tot>=1.211450e-01 vf_precip_indicator=9.422719e-02 vf_precip_h=9.435181e-02 R_avg=6.509656e+00 xB_range=[0.0283, 0.0314] Meff_range=[2.8439e-02, 3.0379e+00] t_wall=2026-03-19 05:32:49
[3D] step=27780 t=2778.000000 t_real=3.096892e+03 s <x_B_tot>=1.211450e-01 vf_precip_indicator=9.422731e-02 vf_precip_h=9.435194e-02 R_avg=6.509262e+00 xB_range=[0.0283, 0.0314] Meff_range=[2.8439e-02, 3.0379e+00] t_wall=2026-03-19 05:33:01
[3D] step=27790 t=2779.000000 t_real=3.098007e+03 s <x_B_tot>=1.211451e-01 vf_precip_indicator=9.422821e-02 vf_precip_h=9.435206e-02 R_avg=6.509711e+00 xB_range=[0.0283, 0.0314] Meff_range=[2.8439e-02, 3.0379e+00] t_wall=2026-03-19 05:33:14
[3D] step=27800 t=2780.000000 t_real=3.099122e+03 s <x_B_tot>=1.211451e-01 vf_precip_indicator=9.422904e-02 vf_precip_h=9.435218e-02 R_avg=6.509784e+00 xB_range=[0.0283, 0.0314] Meff_range=[2.8439e-02, 3.0379e+00] t_wall=2026-03-19 05:33:26
[3D] step=27810 t=2781.000000 t_real=3.100237e+03 s <x_B_tot>=1.211452e-01 vf_precip_indicator=9.422773e-02 vf_precip_h=9.435230e-02 R_avg=6.509857e+00 xB_range=[0.0283, 0.0314] Meff_range=[2.8439e-02, 3.0378e+00] t_wall=2026-03-19 05:33:38
[3D] step=27820 t=2782.000000 t_real=3.101351e+03 s <x_B_tot>=1.211453e-01 vf_precip_indicator=9.422761e-02 vf_precip_h=9.435243e-02 R_avg=6.510087e+00 xB_range=[0.0283, 0.0314] Meff_range=[2.8439e-02, 3.0378e+00] t_wall=2026-03-19 05:33:51
[3D] step=27830 t=2783.000000 t_real=3.102466e+03 s <x_B_tot>=1.211453e-01 vf_precip_indicator=9.422648e-02 vf_precip_h=9.435255e-02 R_avg=6.510232e+00 xB_range=[0.0283, 0.0314] Meff_range=[2.8439e-02, 3.0378e+00] t_wall=2026-03-19 05:34:03
[3D] step=27840 t=2784.000000 t_real=3.103581e+03 s <x_B_tot>=1.211454e-01 vf_precip_indicator=9.422684e-02 vf_precip_h=9.435267e-02 R_avg=6.510361e+00 xB_range=[0.0283, 0.0314] Meff_range=[2.8439e-02, 3.0378e+00] t_wall=2026-03-19 05:34:16
[3D] step=27850 t=2785.000000 t_real=3.104696e+03 s <x_B_tot>=1.211454e-01 vf_precip_indicator=9.422702e-02 vf_precip_h=9.435279e-02 R_avg=6.510359e+00 xB_range=[0.0283, 0.0314] Meff_range=[2.8439e-02, 3.0378e+00] t_wall=2026-03-19 05:34:28
[3D] step=27860 t=2786.000000 t_real=3.105811e+03 s <x_B_tot>=1.211455e-01 vf_precip_indicator=9.422803e-02 vf_precip_h=9.435292e-02 R_avg=6.509982e+00 xB_range=[0.0283, 0.0314] Meff_range=[2.8438e-02, 3.0378e+00] t_wall=2026-03-19 05:34:41
[3D] step=27870 t=2787.000000 t_real=3.106925e+03 s <x_B_tot>=1.211456e-01 vf_precip_indicator=9.422928e-02 vf_precip_h=9.435304e-02 R_avg=6.510173e+00 xB_range=[0.0283, 0.0314] Meff_range=[2.8438e-02, 3.0378e+00] t_wall=2026-03-19 05:34:53
[3D] step=27880 t=2788.000000 t_real=3.108040e+03 s <x_B_tot>=1.211456e-01 vf_precip_indicator=9.422952e-02 vf_precip_h=9.435316e-02 R_avg=6.510055e+00 xB_range=[0.0283, 0.0314] Meff_range=[2.8438e-02, 3.0378e+00] t_wall=2026-03-19 05:35:06
[3D] step=27890 t=2789.000000 t_real=3.109155e+03 s <x_B_tot>=1.211457e-01 vf_precip_indicator=9.422946e-02 vf_precip_h=9.435328e-02 R_avg=6.509679e+00 xB_range=[0.0283, 0.0314] Meff_range=[2.8438e-02, 3.0378e+00] t_wall=2026-03-19 05:35:18
[3D] step=27900 t=2790.000000 t_real=3.110270e+03 s <x_B_tot>=1.211457e-01 vf_precip_indicator=9.422904e-02 vf_precip_h=9.435341e-02 R_avg=6.509516e+00 xB_range=[0.0283, 0.0314] Meff_range=[2.8438e-02, 3.0378e+00] t_wall=2026-03-19 05:35:31
[3D] step=27910 t=2791.000000 t_real=3.111384e+03 s <x_B_tot>=1.211458e-01 vf_precip_indicator=9.422833e-02 vf_precip_h=9.435353e-02 R_avg=6.509183e+00 xB_range=[0.0283, 0.0314] Meff_range=[2.8438e-02, 3.0378e+00] t_wall=2026-03-19 05:35:43
[3D] step=27920 t=2792.000000 t_real=3.112499e+03 s <x_B_tot>=1.211459e-01 vf_precip_indicator=9.422779e-02 vf_precip_h=9.435365e-02 R_avg=6.509638e+00 xB_range=[0.0283, 0.0314] Meff_range=[2.8438e-02, 3.0377e+00] t_wall=2026-03-19 05:35:55
[3D] step=27930 t=2793.000000 t_real=3.113614e+03 s <x_B_tot>=1.211459e-01 vf_precip_indicator=9.422749e-02 vf_precip_h=9.435377e-02 R_avg=6.509707e+00 xB_range=[0.0283, 0.0314] Meff_range=[2.8438e-02, 3.0377e+00] t_wall=2026-03-19 05:36:08
[3D] step=27940 t=2794.000000 t_real=3.114729e+03 s <x_B_tot>=1.211460e-01 vf_precip_indicator=9.422743e-02 vf_precip_h=9.435390e-02 R_avg=6.510164e+00 xB_range=[0.0283, 0.0314] Meff_range=[2.8438e-02, 3.0377e+00] t_wall=2026-03-19 05:36:20
[3D] step=27950 t=2795.000000 t_real=3.115844e+03 s <x_B_tot>=1.211460e-01 vf_precip_indicator=9.422714e-02 vf_precip_h=9.435402e-02 R_avg=6.510009e+00 xB_range=[0.0283, 0.0314] Meff_range=[2.8438e-02, 3.0377e+00] t_wall=2026-03-19 05:36:33
[3D] step=27960 t=2796.000000 t_real=3.116958e+03 s <x_B_tot>=1.211461e-01 vf_precip_indicator=9.422618e-02 vf_precip_h=9.435414e-02 R_avg=6.510048e+00 xB_range=[0.0283, 0.0314] Meff_range=[2.8438e-02, 3.0377e+00] t_wall=2026-03-19 05:36:45
[3D] step=27970 t=2797.000000 t_real=3.118073e+03 s <x_B_tot>=1.211462e-01 vf_precip_indicator=9.422618e-02 vf_precip_h=9.435427e-02 R_avg=6.510078e+00 xB_range=[0.0283, 0.0314] Meff_range=[2.8437e-02, 3.0377e+00] t_wall=2026-03-19 05:36:58
[3D] step=27980 t=2798.000000 t_real=3.119188e+03 s <x_B_tot>=1.211462e-01 vf_precip_indicator=9.422547e-02 vf_precip_h=9.435439e-02 R_avg=6.510386e+00 xB_range=[0.0283, 0.0314] Meff_range=[2.8437e-02, 3.0377e+00] t_wall=2026-03-19 05:37:10
[3D] step=27990 t=2799.000000 t_real=3.120303e+03 s <x_B_tot>=1.211463e-01 vf_precip_indicator=9.422690e-02 vf_precip_h=9.435451e-02 R_avg=6.510633e+00 xB_range=[0.0283, 0.0314] Meff_range=[2.8437e-02, 3.0377e+00] t_wall=2026-03-19 05:37:23
[3D] step=28000 t=2800.000000 t_real=3.121418e+03 s <x_B_tot>=1.211463e-01 vf_precip_indicator=9.422725e-02 vf_precip_h=9.435463e-02 R_avg=6.510748e+00 xB_range=[0.0283, 0.0314] Meff_range=[2.8437e-02, 3.0377e+00] t_wall=2026-03-19 05:37:35
[3D] step=28010 t=2801.000000 t_real=3.122532e+03 s <x_B_tot>=1.211464e-01 vf_precip_indicator=9.422785e-02 vf_precip_h=9.435476e-02 R_avg=6.510789e+00 xB_range=[0.0283, 0.0314] Meff_range=[2.8437e-02, 3.0377e+00] t_wall=2026-03-19 05:37:48
[3D] step=28020 t=2802.000000 t_real=3.123647e+03 s <x_B_tot>=1.211465e-01 vf_precip_indicator=9.422851e-02 vf_precip_h=9.435488e-02 R_avg=6.510655e+00 xB_range=[0.0283, 0.0314] Meff_range=[2.8437e-02, 3.0376e+00] t_wall=2026-03-19 05:38:00
[3D] step=28030 t=2803.000000 t_real=3.124762e+03 s <x_B_tot>=1.211465e-01 vf_precip_indicator=9.422845e-02 vf_precip_h=9.435500e-02 R_avg=6.510368e+00 xB_range=[0.0283, 0.0314] Meff_range=[2.8437e-02, 3.0376e+00] t_wall=2026-03-19 05:38:12
[3D] step=28040 t=2804.000000 t_real=3.125877e+03 s <x_B_tot>=1.211466e-01 vf_precip_indicator=9.422815e-02 vf_precip_h=9.435512e-02 R_avg=6.510362e+00 xB_range=[0.0283, 0.0314] Meff_range=[2.8437e-02, 3.0376e+00] t_wall=2026-03-19 05:38:25
[3D] step=28050 t=2805.000000 t_real=3.126992e+03 s <x_B_tot>=1.211466e-01 vf_precip_indicator=9.422737e-02 vf_precip_h=9.435525e-02 R_avg=6.510666e+00 xB_range=[0.0283, 0.0314] Meff_range=[2.8437e-02, 3.0376e+00] t_wall=2026-03-19 05:38:37
[3D] step=28060 t=2806.000000 t_real=3.128106e+03 s <x_B_tot>=1.211467e-01 vf_precip_indicator=9.422696e-02 vf_precip_h=9.435537e-02 R_avg=6.510474e+00 xB_range=[0.0283, 0.0314] Meff_range=[2.8437e-02, 3.0376e+00] t_wall=2026-03-19 05:38:50
[3D] step=28070 t=2807.000000 t_real=3.129221e+03 s <x_B_tot>=1.211467e-01 vf_precip_indicator=9.422892e-02 vf_precip_h=9.435549e-02 R_avg=6.510595e+00 xB_range=[0.0283, 0.0314] Meff_range=[2.8437e-02, 3.0376e+00] t_wall=2026-03-19 05:39:02
[3D] step=28080 t=2808.000000 t_real=3.130336e+03 s <x_B_tot>=1.211468e-01 vf_precip_indicator=9.422952e-02 vf_precip_h=9.435561e-02 R_avg=6.510383e+00 xB_range=[0.0283, 0.0314] Meff_range=[2.8436e-02, 3.0376e+00] t_wall=2026-03-19 05:39:15
[3D] step=28090 t=2809.000000 t_real=3.131451e+03 s <x_B_tot>=1.211469e-01 vf_precip_indicator=9.423035e-02 vf_precip_h=9.435574e-02 R_avg=6.510649e+00 xB_range=[0.0283, 0.0314] Meff_range=[2.8436e-02, 3.0376e+00] t_wall=2026-03-19 05:39:27
[3D] step=28100 t=2810.000000 t_real=3.132566e+03 s <x_B_tot>=1.211469e-01 vf_precip_indicator=9.423095e-02 vf_precip_h=9.435586e-02 R_avg=6.510571e+00 xB_range=[0.0283, 0.0314] Meff_range=[2.8436e-02, 3.0376e+00] t_wall=2026-03-19 05:39:40
[3D] step=28110 t=2811.000000 t_real=3.133680e+03 s <x_B_tot>=1.211470e-01 vf_precip_indicator=9.423089e-02 vf_precip_h=9.435598e-02 R_avg=6.510969e+00 xB_range=[0.0283, 0.0314] Meff_range=[2.8436e-02, 3.0376e+00] t_wall=2026-03-19 05:39:52
[3D] step=28120 t=2812.000000 t_real=3.134795e+03 s <x_B_tot>=1.211470e-01 vf_precip_indicator=9.423137e-02 vf_precip_h=9.435611e-02 R_avg=6.511002e+00 xB_range=[0.0283, 0.0314] Meff_range=[2.8436e-02, 3.0375e+00] t_wall=2026-03-19 05:40:04
[3D] step=28130 t=2813.000000 t_real=3.135910e+03 s <x_B_tot>=1.211471e-01 vf_precip_indicator=9.423178e-02 vf_precip_h=9.435623e-02 R_avg=6.511195e+00 xB_range=[0.0283, 0.0314] Meff_range=[2.8436e-02, 3.0375e+00] t_wall=2026-03-19 05:40:17
[3D] step=28140 t=2814.000000 t_real=3.137025e+03 s <x_B_tot>=1.211472e-01 vf_precip_indicator=9.423214e-02 vf_precip_h=9.435635e-02 R_avg=6.511115e+00 xB_range=[0.0283, 0.0314] Meff_range=[2.8436e-02, 3.0375e+00] t_wall=2026-03-19 05:40:29
[3D] step=28150 t=2815.000000 t_real=3.138139e+03 s <x_B_tot>=1.211472e-01 vf_precip_indicator=9.423232e-02 vf_precip_h=9.435647e-02 R_avg=6.511366e+00 xB_range=[0.0283, 0.0314] Meff_range=[2.8436e-02, 3.0375e+00] t_wall=2026-03-19 05:40:42
[3D] step=28160 t=2816.000000 t_real=3.139254e+03 s <x_B_tot>=1.211473e-01 vf_precip_indicator=9.423226e-02 vf_precip_h=9.435660e-02 R_avg=6.510915e+00 xB_range=[0.0283, 0.0314] Meff_range=[2.8436e-02, 3.0375e+00] t_wall=2026-03-19 05:40:54
[3D] step=28170 t=2817.000000 t_real=3.140369e+03 s <x_B_tot>=1.211473e-01 vf_precip_indicator=9.423161e-02 vf_precip_h=9.435672e-02 R_avg=6.511123e+00 xB_range=[0.0283, 0.0314] Meff_range=[2.8436e-02, 3.0375e+00] t_wall=2026-03-19 05:41:07
[3D] step=28180 t=2818.000000 t_real=3.141484e+03 s <x_B_tot>=1.211474e-01 vf_precip_indicator=9.423065e-02 vf_precip_h=9.435684e-02 R_avg=6.511593e+00 xB_range=[0.0283, 0.0314] Meff_range=[2.8436e-02, 3.0375e+00] t_wall=2026-03-19 05:41:19
[3D] step=28190 t=2819.000000 t_real=3.142599e+03 s <x_B_tot>=1.211475e-01 vf_precip_indicator=9.423137e-02 vf_precip_h=9.435697e-02 R_avg=6.511926e+00 xB_range=[0.0283, 0.0314] Meff_range=[2.8435e-02, 3.0375e+00] t_wall=2026-03-19 05:41:32
[3D] step=28200 t=2820.000000 t_real=3.143713e+03 s <x_B_tot>=1.211475e-01 vf_precip_indicator=9.423202e-02 vf_precip_h=9.435709e-02 R_avg=6.511941e+00 xB_range=[0.0283, 0.0314] Meff_range=[2.8435e-02, 3.0375e+00] t_wall=2026-03-19 05:41:44
[3D] step=28210 t=2821.000000 t_real=3.144828e+03 s <x_B_tot>=1.211476e-01 vf_precip_indicator=9.423161e-02 vf_precip_h=9.435721e-02 R_avg=6.512121e+00 xB_range=[0.0283, 0.0314] Meff_range=[2.8435e-02, 3.0375e+00] t_wall=2026-03-19 05:41:57
[3D] step=28220 t=2822.000000 t_real=3.145943e+03 s <x_B_tot>=1.211476e-01 vf_precip_indicator=9.423238e-02 vf_precip_h=9.435733e-02 R_avg=6.512383e+00 xB_range=[0.0283, 0.0314] Meff_range=[2.8435e-02, 3.0375e+00] t_wall=2026-03-19 05:42:09
[3D] step=28230 t=2823.000000 t_real=3.147058e+03 s <x_B_tot>=1.211477e-01 vf_precip_indicator=9.423262e-02 vf_precip_h=9.435746e-02 R_avg=6.512325e+00 xB_range=[0.0283, 0.0314] Meff_range=[2.8435e-02, 3.0374e+00] t_wall=2026-03-19 05:42:21
[3D] step=28240 t=2824.000000 t_real=3.148173e+03 s <x_B_tot>=1.211478e-01 vf_precip_indicator=9.423280e-02 vf_precip_h=9.435758e-02 R_avg=6.512263e+00 xB_range=[0.0283, 0.0314] Meff_range=[2.8435e-02, 3.0374e+00] t_wall=2026-03-19 05:42:34
[3D] step=28250 t=2825.000000 t_real=3.149287e+03 s <x_B_tot>=1.211478e-01 vf_precip_indicator=9.423405e-02 vf_precip_h=9.435770e-02 R_avg=6.512856e+00 xB_range=[0.0283, 0.0314] Meff_range=[2.8435e-02, 3.0374e+00] t_wall=2026-03-19 05:42:46
[3D] step=28260 t=2826.000000 t_real=3.150402e+03 s <x_B_tot>=1.211479e-01 vf_precip_indicator=9.423470e-02 vf_precip_h=9.435782e-02 R_avg=6.512633e+00 xB_range=[0.0283, 0.0314] Meff_range=[2.8435e-02, 3.0374e+00] t_wall=2026-03-19 05:42:59
[3D] step=28270 t=2827.000000 t_real=3.151517e+03 s <x_B_tot>=1.211479e-01 vf_precip_indicator=9.423441e-02 vf_precip_h=9.435795e-02 R_avg=6.512330e+00 xB_range=[0.0283, 0.0314] Meff_range=[2.8435e-02, 3.0374e+00] t_wall=2026-03-19 05:43:11
[3D] step=28280 t=2828.000000 t_real=3.152632e+03 s <x_B_tot>=1.211480e-01 vf_precip_indicator=9.423620e-02 vf_precip_h=9.435807e-02 R_avg=6.511917e+00 xB_range=[0.0283, 0.0314] Meff_range=[2.8435e-02, 3.0374e+00] t_wall=2026-03-19 05:43:24
[3D] step=28290 t=2829.000000 t_real=3.153747e+03 s <x_B_tot>=1.211481e-01 vf_precip_indicator=9.423673e-02 vf_precip_h=9.435819e-02 R_avg=6.512192e+00 xB_range=[0.0283, 0.0314] Meff_range=[2.8435e-02, 3.0374e+00] t_wall=2026-03-19 05:43:36
[3D] step=28300 t=2830.000000 t_real=3.154861e+03 s <x_B_tot>=1.211481e-01 vf_precip_indicator=9.423697e-02 vf_precip_h=9.435832e-02 R_avg=6.512328e+00 xB_range=[0.0283, 0.0314] Meff_range=[2.8434e-02, 3.0374e+00] t_wall=2026-03-19 05:43:49
[3D] step=28310 t=2831.000000 t_real=3.155976e+03 s <x_B_tot>=1.211482e-01 vf_precip_indicator=9.423620e-02 vf_precip_h=9.435844e-02 R_avg=6.511797e+00 xB_range=[0.0283, 0.0314] Meff_range=[2.8434e-02, 3.0374e+00] t_wall=2026-03-19 05:44:01
[3D] step=28320 t=2832.000000 t_real=3.157091e+03 s <x_B_tot>=1.211482e-01 vf_precip_indicator=9.423667e-02 vf_precip_h=9.435856e-02 R_avg=6.511950e+00 xB_range=[0.0283, 0.0314] Meff_range=[2.8434e-02, 3.0374e+00] t_wall=2026-03-19 05:44:14
[3D] step=28330 t=2833.000000 t_real=3.158206e+03 s <x_B_tot>=1.211483e-01 vf_precip_indicator=9.423614e-02 vf_precip_h=9.435868e-02 R_avg=6.511808e+00 xB_range=[0.0283, 0.0314] Meff_range=[2.8434e-02, 3.0373e+00] t_wall=2026-03-19 05:44:26
[3D] step=28340 t=2834.000000 t_real=3.159321e+03 s <x_B_tot>=1.211484e-01 vf_precip_indicator=9.423554e-02 vf_precip_h=9.435881e-02 R_avg=6.512259e+00 xB_range=[0.0283, 0.0314] Meff_range=[2.8434e-02, 3.0373e+00] t_wall=2026-03-19 05:44:38
[3D] step=28350 t=2835.000000 t_real=3.160435e+03 s <x_B_tot>=1.211484e-01 vf_precip_indicator=9.423465e-02 vf_precip_h=9.435893e-02 R_avg=6.512122e+00 xB_range=[0.0283, 0.0314] Meff_range=[2.8434e-02, 3.0373e+00] t_wall=2026-03-19 05:44:51
[3D] step=28360 t=2836.000000 t_real=3.161550e+03 s <x_B_tot>=1.211485e-01 vf_precip_indicator=9.423405e-02 vf_precip_h=9.435905e-02 R_avg=6.512066e+00 xB_range=[0.0283, 0.0314] Meff_range=[2.8434e-02, 3.0373e+00] t_wall=2026-03-19 05:45:03
[3D] step=28370 t=2837.000000 t_real=3.162665e+03 s <x_B_tot>=1.211485e-01 vf_precip_indicator=9.423506e-02 vf_precip_h=9.435918e-02 R_avg=6.512345e+00 xB_range=[0.0283, 0.0314] Meff_range=[2.8434e-02, 3.0373e+00] t_wall=2026-03-19 05:45:16
[3D] step=28380 t=2838.000000 t_real=3.163780e+03 s <x_B_tot>=1.211486e-01 vf_precip_indicator=9.423530e-02 vf_precip_h=9.435930e-02 R_avg=6.512391e+00 xB_range=[0.0283, 0.0314] Meff_range=[2.8434e-02, 3.0373e+00] t_wall=2026-03-19 05:45:28
[3D] step=28390 t=2839.000000 t_real=3.164894e+03 s <x_B_tot>=1.211487e-01 vf_precip_indicator=9.423465e-02 vf_precip_h=9.435942e-02 R_avg=6.511824e+00 xB_range=[0.0283, 0.0314] Meff_range=[2.8434e-02, 3.0373e+00] t_wall=2026-03-19 05:45:41
[3D] step=28400 t=2840.000000 t_real=3.166009e+03 s <x_B_tot>=1.211487e-01 vf_precip_indicator=9.423554e-02 vf_precip_h=9.435954e-02 R_avg=6.511991e+00 xB_range=[0.0283, 0.0314] Meff_range=[2.8434e-02, 3.0373e+00] t_wall=2026-03-19 05:45:53
[3D] step=28410 t=2841.000000 t_real=3.167124e+03 s <x_B_tot>=1.211488e-01 vf_precip_indicator=9.423655e-02 vf_precip_h=9.435967e-02 R_avg=6.511867e+00 xB_range=[0.0283, 0.0314] Meff_range=[2.8434e-02, 3.0373e+00] t_wall=2026-03-19 05:46:06
[3D] step=28420 t=2842.000000 t_real=3.168239e+03 s <x_B_tot>=1.211488e-01 vf_precip_indicator=9.423751e-02 vf_precip_h=9.435979e-02 R_avg=6.512037e+00 xB_range=[0.0283, 0.0314] Meff_range=[2.8433e-02, 3.0373e+00] t_wall=2026-03-19 05:46:18
[3D] step=28430 t=2843.000000 t_real=3.169354e+03 s <x_B_tot>=1.211489e-01 vf_precip_indicator=9.423798e-02 vf_precip_h=9.435991e-02 R_avg=6.511966e+00 xB_range=[0.0283, 0.0314] Meff_range=[2.8433e-02, 3.0372e+00] t_wall=2026-03-19 05:46:30
[3D] step=28440 t=2844.000000 t_real=3.170468e+03 s <x_B_tot>=1.211490e-01 vf_precip_indicator=9.423864e-02 vf_precip_h=9.436004e-02 R_avg=6.512384e+00 xB_range=[0.0283, 0.0314] Meff_range=[2.8433e-02, 3.0372e+00] t_wall=2026-03-19 05:46:43
[3D] step=28450 t=2845.000000 t_real=3.171583e+03 s <x_B_tot>=1.211490e-01 vf_precip_indicator=9.423840e-02 vf_precip_h=9.436016e-02 R_avg=6.512054e+00 xB_range=[0.0283, 0.0314] Meff_range=[2.8433e-02, 3.0372e+00] t_wall=2026-03-19 05:46:55
[3D] step=28460 t=2846.000000 t_real=3.172698e+03 s <x_B_tot>=1.211491e-01 vf_precip_indicator=9.423876e-02 vf_precip_h=9.436028e-02 R_avg=6.512258e+00 xB_range=[0.0283, 0.0314] Meff_range=[2.8433e-02, 3.0372e+00] t_wall=2026-03-19 05:47:08
[3D] step=28470 t=2847.000000 t_real=3.173813e+03 s <x_B_tot>=1.211491e-01 vf_precip_indicator=9.423965e-02 vf_precip_h=9.436040e-02 R_avg=6.512543e+00 xB_range=[0.0283, 0.0314] Meff_range=[2.8433e-02, 3.0372e+00] t_wall=2026-03-19 05:47:20
[3D] step=28480 t=2848.000000 t_real=3.174928e+03 s <x_B_tot>=1.211492e-01 vf_precip_indicator=9.424067e-02 vf_precip_h=9.436053e-02 R_avg=6.512807e+00 xB_range=[0.0283, 0.0314] Meff_range=[2.8433e-02, 3.0372e+00] t_wall=2026-03-19 05:47:33
[3D] step=28490 t=2849.000000 t_real=3.176042e+03 s <x_B_tot>=1.211493e-01 vf_precip_indicator=9.424001e-02 vf_precip_h=9.436065e-02 R_avg=6.512329e+00 xB_range=[0.0283, 0.0314] Meff_range=[2.8433e-02, 3.0372e+00] t_wall=2026-03-19 05:47:45
[3D] step=28500 t=2850.000000 t_real=3.177157e+03 s <x_B_tot>=1.211493e-01 vf_precip_indicator=9.424019e-02 vf_precip_h=9.436077e-02 R_avg=6.512431e+00 xB_range=[0.0283, 0.0314] Meff_range=[2.8433e-02, 3.0372e+00] t_wall=2026-03-19 05:47:58
[3D] step=28510 t=2851.000000 t_real=3.178272e+03 s <x_B_tot>=1.211494e-01 vf_precip_indicator=9.423947e-02 vf_precip_h=9.436090e-02 R_avg=6.512128e+00 xB_range=[0.0283, 0.0314] Meff_range=[2.8433e-02, 3.0372e+00] t_wall=2026-03-19 05:48:10
[3D] step=28520 t=2852.000000 t_real=3.179387e+03 s <x_B_tot>=1.211494e-01 vf_precip_indicator=9.424025e-02 vf_precip_h=9.436102e-02 R_avg=6.512048e+00 xB_range=[0.0283, 0.0314] Meff_range=[2.8433e-02, 3.0372e+00] t_wall=2026-03-19 05:48:23
[3D] step=28530 t=2853.000000 t_real=3.180502e+03 s <x_B_tot>=1.211495e-01 vf_precip_indicator=9.424090e-02 vf_precip_h=9.436114e-02 R_avg=6.512004e+00 xB_range=[0.0283, 0.0314] Meff_range=[2.8432e-02, 3.0371e+00] t_wall=2026-03-19 05:48:35
[3D] step=28540 t=2854.000000 t_real=3.181616e+03 s <x_B_tot>=1.211496e-01 vf_precip_indicator=9.424168e-02 vf_precip_h=9.436127e-02 R_avg=6.511849e+00 xB_range=[0.0283, 0.0314] Meff_range=[2.8432e-02, 3.0371e+00] t_wall=2026-03-19 05:48:47
[3D] step=28550 t=2855.000000 t_real=3.182731e+03 s <x_B_tot>=1.211496e-01 vf_precip_indicator=9.424216e-02 vf_precip_h=9.436139e-02 R_avg=6.512135e+00 xB_range=[0.0283, 0.0314] Meff_range=[2.8432e-02, 3.0371e+00] t_wall=2026-03-19 05:49:00
[3D] step=28560 t=2856.000000 t_real=3.183846e+03 s <x_B_tot>=1.211497e-01 vf_precip_indicator=9.424371e-02 vf_precip_h=9.436151e-02 R_avg=6.512495e+00 xB_range=[0.0283, 0.0314] Meff_range=[2.8432e-02, 3.0371e+00] t_wall=2026-03-19 05:49:12
[3D] step=28570 t=2857.000000 t_real=3.184961e+03 s <x_B_tot>=1.211497e-01 vf_precip_indicator=9.424430e-02 vf_precip_h=9.436163e-02 R_avg=6.512507e+00 xB_range=[0.0283, 0.0314] Meff_range=[2.8432e-02, 3.0371e+00] t_wall=2026-03-19 05:49:25
[3D] step=28580 t=2858.000000 t_real=3.186076e+03 s <x_B_tot>=1.211498e-01 vf_precip_indicator=9.424484e-02 vf_precip_h=9.436176e-02 R_avg=6.512186e+00 xB_range=[0.0283, 0.0314] Meff_range=[2.8432e-02, 3.0371e+00] t_wall=2026-03-19 05:49:37
[3D] step=28590 t=2859.000000 t_real=3.187190e+03 s <x_B_tot>=1.211498e-01 vf_precip_indicator=9.424579e-02 vf_precip_h=9.436188e-02 R_avg=6.511909e+00 xB_range=[0.0283, 0.0314] Meff_range=[2.8432e-02, 3.0371e+00] t_wall=2026-03-19 05:49:50
[3D] step=28600 t=2860.000000 t_real=3.188305e+03 s <x_B_tot>=1.211499e-01 vf_precip_indicator=9.424549e-02 vf_precip_h=9.436200e-02 R_avg=6.511680e+00 xB_range=[0.0283, 0.0314] Meff_range=[2.8432e-02, 3.0371e+00] t_wall=2026-03-19 05:50:02
[3D] step=28610 t=2861.000000 t_real=3.189420e+03 s <x_B_tot>=1.211500e-01 vf_precip_indicator=9.424663e-02 vf_precip_h=9.436213e-02 R_avg=6.511997e+00 xB_range=[0.0283, 0.0314] Meff_range=[2.8432e-02, 3.0371e+00] t_wall=2026-03-19 05:50:15
[3D] step=28620 t=2862.000000 t_real=3.190535e+03 s <x_B_tot>=1.211500e-01 vf_precip_indicator=9.424794e-02 vf_precip_h=9.436225e-02 R_avg=6.512013e+00 xB_range=[0.0283, 0.0314] Meff_range=[2.8432e-02, 3.0371e+00] t_wall=2026-03-19 05:50:27
[3D] step=28630 t=2863.000000 t_real=3.191649e+03 s <x_B_tot>=1.211501e-01 vf_precip_indicator=9.424841e-02 vf_precip_h=9.436237e-02 R_avg=6.512299e+00 xB_range=[0.0283, 0.0314] Meff_range=[2.8432e-02, 3.0370e+00] t_wall=2026-03-19 05:50:40
[3D] step=28640 t=2864.000000 t_real=3.192764e+03 s <x_B_tot>=1.211501e-01 vf_precip_indicator=9.424824e-02 vf_precip_h=9.436249e-02 R_avg=6.512123e+00 xB_range=[0.0283, 0.0314] Meff_range=[2.8431e-02, 3.0370e+00] t_wall=2026-03-19 05:50:52
[3D] step=28650 t=2865.000000 t_real=3.193879e+03 s <x_B_tot>=1.211502e-01 vf_precip_indicator=9.424877e-02 vf_precip_h=9.436262e-02 R_avg=6.512428e+00 xB_range=[0.0283, 0.0314] Meff_range=[2.8431e-02, 3.0370e+00] t_wall=2026-03-19 05:51:04
[3D] step=28660 t=2866.000000 t_real=3.194994e+03 s <x_B_tot>=1.211503e-01 vf_precip_indicator=9.424895e-02 vf_precip_h=9.436274e-02 R_avg=6.512366e+00 xB_range=[0.0283, 0.0314] Meff_range=[2.8431e-02, 3.0370e+00] t_wall=2026-03-19 05:51:17
[3D] step=28670 t=2867.000000 t_real=3.196109e+03 s <x_B_tot>=1.211503e-01 vf_precip_indicator=9.424847e-02 vf_precip_h=9.436286e-02 R_avg=6.512065e+00 xB_range=[0.0283, 0.0314] Meff_range=[2.8431e-02, 3.0370e+00] t_wall=2026-03-19 05:51:29
[3D] step=28680 t=2868.000000 t_real=3.197223e+03 s <x_B_tot>=1.211504e-01 vf_precip_indicator=9.424943e-02 vf_precip_h=9.436299e-02 R_avg=6.512220e+00 xB_range=[0.0283, 0.0314] Meff_range=[2.8431e-02, 3.0370e+00] t_wall=2026-03-19 05:51:42
[3D] step=28690 t=2869.000000 t_real=3.198338e+03 s <x_B_tot>=1.211504e-01 vf_precip_indicator=9.424901e-02 vf_precip_h=9.436311e-02 R_avg=6.512355e+00 xB_range=[0.0283, 0.0314] Meff_range=[2.8431e-02, 3.0370e+00] t_wall=2026-03-19 05:51:54
[3D] step=28700 t=2870.000000 t_real=3.199453e+03 s <x_B_tot>=1.211505e-01 vf_precip_indicator=9.424859e-02 vf_precip_h=9.436323e-02 R_avg=6.512475e+00 xB_range=[0.0283, 0.0314] Meff_range=[2.8431e-02, 3.0370e+00] t_wall=2026-03-19 05:52:07
[3D] step=28710 t=2871.000000 t_real=3.200568e+03 s <x_B_tot>=1.211506e-01 vf_precip_indicator=9.424996e-02 vf_precip_h=9.436336e-02 R_avg=6.512868e+00 xB_range=[0.0283, 0.0314] Meff_range=[2.8431e-02, 3.0370e+00] t_wall=2026-03-19 05:52:19
[3D] step=28720 t=2872.000000 t_real=3.201683e+03 s <x_B_tot>=1.211506e-01 vf_precip_indicator=9.425038e-02 vf_precip_h=9.436348e-02 R_avg=6.513433e+00 xB_range=[0.0283, 0.0314] Meff_range=[2.8431e-02, 3.0369e+00] t_wall=2026-03-19 05:52:32
[3D] step=28730 t=2873.000000 t_real=3.202797e+03 s <x_B_tot>=1.211507e-01 vf_precip_indicator=9.425032e-02 vf_precip_h=9.436360e-02 R_avg=6.513101e+00 xB_range=[0.0283, 0.0314] Meff_range=[2.8431e-02, 3.0369e+00] t_wall=2026-03-19 05:52:44
[3D] step=28740 t=2874.000000 t_real=3.203912e+03 s <x_B_tot>=1.211507e-01 vf_precip_indicator=9.424996e-02 vf_precip_h=9.436372e-02 R_avg=6.512674e+00 xB_range=[0.0283, 0.0314] Meff_range=[2.8431e-02, 3.0369e+00] t_wall=2026-03-19 05:52:56
[3D] step=28750 t=2875.000000 t_real=3.205027e+03 s <x_B_tot>=1.211508e-01 vf_precip_indicator=9.424931e-02 vf_precip_h=9.436385e-02 R_avg=6.512212e+00 xB_range=[0.0283, 0.0314] Meff_range=[2.8430e-02, 3.0369e+00] t_wall=2026-03-19 05:53:09
[3D] step=28760 t=2876.000000 t_real=3.206142e+03 s <x_B_tot>=1.211509e-01 vf_precip_indicator=9.424943e-02 vf_precip_h=9.436397e-02 R_avg=6.512175e+00 xB_range=[0.0283, 0.0314] Meff_range=[2.8430e-02, 3.0369e+00] t_wall=2026-03-19 05:53:21
[3D] step=28770 t=2877.000000 t_real=3.207257e+03 s <x_B_tot>=1.211509e-01 vf_precip_indicator=9.424943e-02 vf_precip_h=9.436409e-02 R_avg=6.511892e+00 xB_range=[0.0283, 0.0314] Meff_range=[2.8430e-02, 3.0369e+00] t_wall=2026-03-19 05:53:34
[3D] step=28780 t=2878.000000 t_real=3.208371e+03 s <x_B_tot>=1.211510e-01 vf_precip_indicator=9.425110e-02 vf_precip_h=9.436422e-02 R_avg=6.511859e+00 xB_range=[0.0283, 0.0314] Meff_range=[2.8430e-02, 3.0369e+00] t_wall=2026-03-19 05:53:46
[3D] step=28790 t=2879.000000 t_real=3.209486e+03 s <x_B_tot>=1.211510e-01 vf_precip_indicator=9.425151e-02 vf_precip_h=9.436434e-02 R_avg=6.511575e+00 xB_range=[0.0283, 0.0314] Meff_range=[2.8430e-02, 3.0369e+00] t_wall=2026-03-19 05:53:59
[3D] step=28800 t=2880.000000 t_real=3.210601e+03 s <x_B_tot>=1.211511e-01 vf_precip_indicator=9.425044e-02 vf_precip_h=9.436446e-02 R_avg=6.511694e+00 xB_range=[0.0283, 0.0314] Meff_range=[2.8430e-02, 3.0369e+00] t_wall=2026-03-19 05:54:11
[3D] step=28810 t=2881.000000 t_real=3.211716e+03 s <x_B_tot>=1.211512e-01 vf_precip_indicator=9.424961e-02 vf_precip_h=9.436459e-02 R_avg=6.511964e+00 xB_range=[0.0283, 0.0314] Meff_range=[2.8430e-02, 3.0369e+00] t_wall=2026-03-19 05:54:24
[3D] step=28820 t=2882.000000 t_real=3.212831e+03 s <x_B_tot>=1.211512e-01 vf_precip_indicator=9.425098e-02 vf_precip_h=9.436471e-02 R_avg=6.511984e+00 xB_range=[0.0283, 0.0314] Meff_range=[2.8430e-02, 3.0368e+00] t_wall=2026-03-19 05:54:36
[3D] step=28830 t=2883.000000 t_real=3.213945e+03 s <x_B_tot>=1.211513e-01 vf_precip_indicator=9.425294e-02 vf_precip_h=9.436483e-02 R_avg=6.512433e+00 xB_range=[0.0283, 0.0314] Meff_range=[2.8430e-02, 3.0368e+00] t_wall=2026-03-19 05:54:49
[3D] step=28840 t=2884.000000 t_real=3.215060e+03 s <x_B_tot>=1.211513e-01 vf_precip_indicator=9.425330e-02 vf_precip_h=9.436496e-02 R_avg=6.512443e+00 xB_range=[0.0283, 0.0314] Meff_range=[2.8430e-02, 3.0368e+00] t_wall=2026-03-19 05:55:01
[3D] step=28850 t=2885.000000 t_real=3.216175e+03 s <x_B_tot>=1.211514e-01 vf_precip_indicator=9.425360e-02 vf_precip_h=9.436508e-02 R_avg=6.512464e+00 xB_range=[0.0283, 0.0314] Meff_range=[2.8430e-02, 3.0368e+00] t_wall=2026-03-19 05:55:13
[3D] step=28860 t=2886.000000 t_real=3.217290e+03 s <x_B_tot>=1.211515e-01 vf_precip_indicator=9.425390e-02 vf_precip_h=9.436520e-02 R_avg=6.512127e+00 xB_range=[0.0283, 0.0314] Meff_range=[2.8429e-02, 3.0368e+00] t_wall=2026-03-19 05:55:26
[3D] step=28870 t=2887.000000 t_real=3.218405e+03 s <x_B_tot>=1.211515e-01 vf_precip_indicator=9.425443e-02 vf_precip_h=9.436532e-02 R_avg=6.512253e+00 xB_range=[0.0283, 0.0314] Meff_range=[2.8429e-02, 3.0368e+00] t_wall=2026-03-19 05:55:38
[3D] step=28880 t=2888.000000 t_real=3.219519e+03 s <x_B_tot>=1.211516e-01 vf_precip_indicator=9.425563e-02 vf_precip_h=9.436545e-02 R_avg=6.512082e+00 xB_range=[0.0283, 0.0314] Meff_range=[2.8429e-02, 3.0368e+00] t_wall=2026-03-19 05:55:51
[3D] step=28890 t=2889.000000 t_real=3.220634e+03 s <x_B_tot>=1.211516e-01 vf_precip_indicator=9.425581e-02 vf_precip_h=9.436557e-02 R_avg=6.512452e+00 xB_range=[0.0283, 0.0314] Meff_range=[2.8429e-02, 3.0368e+00] t_wall=2026-03-19 05:56:03
[3D] step=28900 t=2890.000000 t_real=3.221749e+03 s <x_B_tot>=1.211517e-01 vf_precip_indicator=9.425581e-02 vf_precip_h=9.436569e-02 R_avg=6.512333e+00 xB_range=[0.0283, 0.0314] Meff_range=[2.8429e-02, 3.0368e+00] t_wall=2026-03-19 05:56:16
[3D] step=28910 t=2891.000000 t_real=3.222864e+03 s <x_B_tot>=1.211518e-01 vf_precip_indicator=9.425586e-02 vf_precip_h=9.436582e-02 R_avg=6.512710e+00 xB_range=[0.0283, 0.0314] Meff_range=[2.8429e-02, 3.0368e+00] t_wall=2026-03-19 05:56:28
[3D] step=28920 t=2892.000000 t_real=3.223978e+03 s <x_B_tot>=1.211518e-01 vf_precip_indicator=9.425640e-02 vf_precip_h=9.436594e-02 R_avg=6.512672e+00 xB_range=[0.0283, 0.0314] Meff_range=[2.8429e-02, 3.0367e+00] t_wall=2026-03-19 05:56:41
[3D] step=28930 t=2893.000000 t_real=3.225093e+03 s <x_B_tot>=1.211519e-01 vf_precip_indicator=9.425604e-02 vf_precip_h=9.436606e-02 R_avg=6.513005e+00 xB_range=[0.0283, 0.0314] Meff_range=[2.8429e-02, 3.0367e+00] t_wall=2026-03-19 05:56:53
[3D] step=28940 t=2894.000000 t_real=3.226208e+03 s <x_B_tot>=1.211519e-01 vf_precip_indicator=9.425491e-02 vf_precip_h=9.436619e-02 R_avg=6.512808e+00 xB_range=[0.0283, 0.0314] Meff_range=[2.8429e-02, 3.0367e+00] t_wall=2026-03-19 05:57:06
[3D] step=28950 t=2895.000000 t_real=3.227323e+03 s <x_B_tot>=1.211520e-01 vf_precip_indicator=9.425503e-02 vf_precip_h=9.436631e-02 R_avg=6.512756e+00 xB_range=[0.0283, 0.0314] Meff_range=[2.8429e-02, 3.0367e+00] t_wall=2026-03-19 05:57:18
[3D] step=28960 t=2896.000000 t_real=3.228438e+03 s <x_B_tot>=1.211521e-01 vf_precip_indicator=9.425533e-02 vf_precip_h=9.436643e-02 R_avg=6.513283e+00 xB_range=[0.0283, 0.0314] Meff_range=[2.8429e-02, 3.0367e+00] t_wall=2026-03-19 05:57:30
[3D] step=28970 t=2897.000000 t_real=3.229552e+03 s <x_B_tot>=1.211521e-01 vf_precip_indicator=9.425533e-02 vf_precip_h=9.436656e-02 R_avg=6.513313e+00 xB_range=[0.0283, 0.0314] Meff_range=[2.8429e-02, 3.0367e+00] t_wall=2026-03-19 05:57:43
[3D] step=28980 t=2898.000000 t_real=3.230667e+03 s <x_B_tot>=1.211522e-01 vf_precip_indicator=9.425509e-02 vf_precip_h=9.436668e-02 R_avg=6.512969e+00 xB_range=[0.0283, 0.0314] Meff_range=[2.8428e-02, 3.0367e+00] t_wall=2026-03-19 05:57:55
[3D] step=28990 t=2899.000000 t_real=3.231782e+03 s <x_B_tot>=1.211522e-01 vf_precip_indicator=9.425473e-02 vf_precip_h=9.436680e-02 R_avg=6.513242e+00 xB_range=[0.0283, 0.0314] Meff_range=[2.8428e-02, 3.0367e+00] t_wall=2026-03-19 05:58:08
[3D] step=29000 t=2900.000000 t_real=3.232897e+03 s <x_B_tot>=1.211523e-01 vf_precip_indicator=9.425491e-02 vf_precip_h=9.436693e-02 R_avg=6.513001e+00 xB_range=[0.0283, 0.0314] Meff_range=[2.8428e-02, 3.0367e+00] t_wall=2026-03-19 05:58:20
[3D] step=29010 t=2901.000000 t_real=3.234012e+03 s <x_B_tot>=1.211524e-01 vf_precip_indicator=9.425682e-02 vf_precip_h=9.436705e-02 R_avg=6.512701e+00 xB_range=[0.0283, 0.0314] Meff_range=[2.8428e-02, 3.0367e+00] t_wall=2026-03-19 05:58:33
[3D] step=29020 t=2902.000000 t_real=3.235126e+03 s <x_B_tot>=1.211524e-01 vf_precip_indicator=9.425712e-02 vf_precip_h=9.436717e-02 R_avg=6.512885e+00 xB_range=[0.0283, 0.0314] Meff_range=[2.8428e-02, 3.0366e+00] t_wall=2026-03-19 05:58:45
[3D] step=29030 t=2903.000000 t_real=3.236241e+03 s <x_B_tot>=1.211525e-01 vf_precip_indicator=9.425652e-02 vf_precip_h=9.436729e-02 R_avg=6.513098e+00 xB_range=[0.0283, 0.0314] Meff_range=[2.8428e-02, 3.0366e+00] t_wall=2026-03-19 05:58:58
[3D] step=29040 t=2904.000000 t_real=3.237356e+03 s <x_B_tot>=1.211525e-01 vf_precip_indicator=9.425622e-02 vf_precip_h=9.436742e-02 R_avg=6.512898e+00 xB_range=[0.0283, 0.0314] Meff_range=[2.8428e-02, 3.0366e+00] t_wall=2026-03-19 05:59:10
[3D] step=29050 t=2905.000000 t_real=3.238471e+03 s <x_B_tot>=1.211526e-01 vf_precip_indicator=9.425575e-02 vf_precip_h=9.436754e-02 R_avg=6.512522e+00 xB_range=[0.0283, 0.0314] Meff_range=[2.8428e-02, 3.0366e+00] t_wall=2026-03-19 05:59:23
[3D] step=29060 t=2906.000000 t_real=3.239586e+03 s <x_B_tot>=1.211527e-01 vf_precip_indicator=9.425485e-02 vf_precip_h=9.436766e-02 R_avg=6.512252e+00 xB_range=[0.0283, 0.0314] Meff_range=[2.8428e-02, 3.0366e+00] t_wall=2026-03-19 05:59:35
[3D] step=29070 t=2907.000000 t_real=3.240700e+03 s <x_B_tot>=1.211527e-01 vf_precip_indicator=9.425479e-02 vf_precip_h=9.436779e-02 R_avg=6.512173e+00 xB_range=[0.0283, 0.0314] Meff_range=[2.8428e-02, 3.0366e+00] t_wall=2026-03-19 05:59:47
[3D] step=29080 t=2908.000000 t_real=3.241815e+03 s <x_B_tot>=1.211528e-01 vf_precip_indicator=9.425503e-02 vf_precip_h=9.436791e-02 R_avg=6.511698e+00 xB_range=[0.0283, 0.0314] Meff_range=[2.8428e-02, 3.0366e+00] t_wall=2026-03-19 06:00:00
[3D] step=29090 t=2909.000000 t_real=3.242930e+03 s <x_B_tot>=1.211528e-01 vf_precip_indicator=9.425557e-02 vf_precip_h=9.436803e-02 R_avg=6.512153e+00 xB_range=[0.0283, 0.0314] Meff_range=[2.8427e-02, 3.0366e+00] t_wall=2026-03-19 06:00:12
[3D] step=29100 t=2910.000000 t_real=3.244045e+03 s <x_B_tot>=1.211529e-01 vf_precip_indicator=9.425515e-02 vf_precip_h=9.436816e-02 R_avg=6.511990e+00 xB_range=[0.0283, 0.0314] Meff_range=[2.8427e-02, 3.0366e+00] t_wall=2026-03-19 06:00:25
[3D] step=29110 t=2911.000000 t_real=3.245160e+03 s <x_B_tot>=1.211530e-01 vf_precip_indicator=9.425646e-02 vf_precip_h=9.436828e-02 R_avg=6.512125e+00 xB_range=[0.0283, 0.0314] Meff_range=[2.8427e-02, 3.0365e+00] t_wall=2026-03-19 06:00:37
[3D] step=29120 t=2912.000000 t_real=3.246274e+03 s <x_B_tot>=1.211530e-01 vf_precip_indicator=9.425569e-02 vf_precip_h=9.436840e-02 R_avg=6.511759e+00 xB_range=[0.0283, 0.0314] Meff_range=[2.8427e-02, 3.0365e+00] t_wall=2026-03-19 06:00:50
[3D] step=29130 t=2913.000000 t_real=3.247389e+03 s <x_B_tot>=1.211531e-01 vf_precip_indicator=9.425592e-02 vf_precip_h=9.436853e-02 R_avg=6.512147e+00 xB_range=[0.0283, 0.0314] Meff_range=[2.8427e-02, 3.0365e+00] t_wall=2026-03-19 06:01:02
[3D] step=29140 t=2914.000000 t_real=3.248504e+03 s <x_B_tot>=1.211531e-01 vf_precip_indicator=9.425539e-02 vf_precip_h=9.436865e-02 R_avg=6.511917e+00 xB_range=[0.0283, 0.0314] Meff_range=[2.8427e-02, 3.0365e+00] t_wall=2026-03-19 06:01:15
[3D] step=29150 t=2915.000000 t_real=3.249619e+03 s <x_B_tot>=1.211532e-01 vf_precip_indicator=9.425598e-02 vf_precip_h=9.436877e-02 R_avg=6.512256e+00 xB_range=[0.0283, 0.0314] Meff_range=[2.8427e-02, 3.0365e+00] t_wall=2026-03-19 06:01:27
[3D] step=29160 t=2916.000000 t_real=3.250733e+03 s <x_B_tot>=1.211533e-01 vf_precip_indicator=9.425545e-02 vf_precip_h=9.436890e-02 R_avg=6.512472e+00 xB_range=[0.0283, 0.0314] Meff_range=[2.8427e-02, 3.0365e+00] t_wall=2026-03-19 06:01:39
[3D] step=29170 t=2917.000000 t_real=3.251848e+03 s <x_B_tot>=1.211533e-01 vf_precip_indicator=9.425426e-02 vf_precip_h=9.436902e-02 R_avg=6.512390e+00 xB_range=[0.0283, 0.0314] Meff_range=[2.8427e-02, 3.0365e+00] t_wall=2026-03-19 06:01:52
[3D] step=29180 t=2918.000000 t_real=3.252963e+03 s <x_B_tot>=1.211534e-01 vf_precip_indicator=9.425312e-02 vf_precip_h=9.436914e-02 R_avg=6.512744e+00 xB_range=[0.0283, 0.0314] Meff_range=[2.8427e-02, 3.0365e+00] t_wall=2026-03-19 06:02:04
[3D] step=29190 t=2919.000000 t_real=3.254078e+03 s <x_B_tot>=1.211534e-01 vf_precip_indicator=9.425288e-02 vf_precip_h=9.436927e-02 R_avg=6.512712e+00 xB_range=[0.0283, 0.0314] Meff_range=[2.8427e-02, 3.0365e+00] t_wall=2026-03-19 06:02:17
[3D] step=29200 t=2920.000000 t_real=3.255193e+03 s <x_B_tot>=1.211535e-01 vf_precip_indicator=9.425247e-02 vf_precip_h=9.436939e-02 R_avg=6.512549e+00 xB_range=[0.0283, 0.0314] Meff_range=[2.8426e-02, 3.0365e+00] t_wall=2026-03-19 06:02:29
[3D] step=29210 t=2921.000000 t_real=3.256307e+03 s <x_B_tot>=1.211536e-01 vf_precip_indicator=9.425241e-02 vf_precip_h=9.436951e-02 R_avg=6.513037e+00 xB_range=[0.0283, 0.0314] Meff_range=[2.8426e-02, 3.0364e+00] t_wall=2026-03-19 06:02:42
[3D] step=29220 t=2922.000000 t_real=3.257422e+03 s <x_B_tot>=1.211536e-01 vf_precip_indicator=9.425318e-02 vf_precip_h=9.436964e-02 R_avg=6.513478e+00 xB_range=[0.0283, 0.0314] Meff_range=[2.8426e-02, 3.0364e+00] t_wall=2026-03-19 06:02:54
[3D] step=29230 t=2923.000000 t_real=3.258537e+03 s <x_B_tot>=1.211537e-01 vf_precip_indicator=9.425306e-02 vf_precip_h=9.436976e-02 R_avg=6.513365e+00 xB_range=[0.0283, 0.0314] Meff_range=[2.8426e-02, 3.0364e+00] t_wall=2026-03-19 06:03:07
[3D] step=29240 t=2924.000000 t_real=3.259652e+03 s <x_B_tot>=1.211537e-01 vf_precip_indicator=9.425205e-02 vf_precip_h=9.436988e-02 R_avg=6.513340e+00 xB_range=[0.0283, 0.0314] Meff_range=[2.8426e-02, 3.0364e+00] t_wall=2026-03-19 06:03:19
[3D] step=29250 t=2925.000000 t_real=3.260767e+03 s <x_B_tot>=1.211538e-01 vf_precip_indicator=9.425229e-02 vf_precip_h=9.437001e-02 R_avg=6.513640e+00 xB_range=[0.0283, 0.0314] Meff_range=[2.8426e-02, 3.0364e+00] t_wall=2026-03-19 06:03:32
[3D] step=29260 t=2926.000000 t_real=3.261881e+03 s <x_B_tot>=1.211539e-01 vf_precip_indicator=9.425199e-02 vf_precip_h=9.437013e-02 R_avg=6.513738e+00 xB_range=[0.0283, 0.0314] Meff_range=[2.8426e-02, 3.0364e+00] t_wall=2026-03-19 06:03:44
[3D] step=29270 t=2927.000000 t_real=3.262996e+03 s <x_B_tot>=1.211539e-01 vf_precip_indicator=9.425259e-02 vf_precip_h=9.437025e-02 R_avg=6.514003e+00 xB_range=[0.0283, 0.0314] Meff_range=[2.8426e-02, 3.0364e+00] t_wall=2026-03-19 06:03:56
[3D] step=29280 t=2928.000000 t_real=3.264111e+03 s <x_B_tot>=1.211540e-01 vf_precip_indicator=9.425300e-02 vf_precip_h=9.437038e-02 R_avg=6.514047e+00 xB_range=[0.0283, 0.0314] Meff_range=[2.8426e-02, 3.0364e+00] t_wall=2026-03-19 06:04:09
[3D] step=29290 t=2929.000000 t_real=3.265226e+03 s <x_B_tot>=1.211540e-01 vf_precip_indicator=9.425229e-02 vf_precip_h=9.437050e-02 R_avg=6.513863e+00 xB_range=[0.0283, 0.0314] Meff_range=[2.8426e-02, 3.0364e+00] t_wall=2026-03-19 06:04:21
[3D] step=29300 t=2930.000000 t_real=3.266341e+03 s <x_B_tot>=1.211541e-01 vf_precip_indicator=9.425265e-02 vf_precip_h=9.437062e-02 R_avg=6.513784e+00 xB_range=[0.0283, 0.0314] Meff_range=[2.8426e-02, 3.0364e+00] t_wall=2026-03-19 06:04:34
[3D] step=29310 t=2931.000000 t_real=3.267455e+03 s <x_B_tot>=1.211542e-01 vf_precip_indicator=9.425342e-02 vf_precip_h=9.437075e-02 R_avg=6.513986e+00 xB_range=[0.0283, 0.0314] Meff_range=[2.8425e-02, 3.0364e+00] t_wall=2026-03-19 06:04:46
[3D] step=29320 t=2932.000000 t_real=3.268570e+03 s <x_B_tot>=1.211542e-01 vf_precip_indicator=9.425300e-02 vf_precip_h=9.437087e-02 R_avg=6.514032e+00 xB_range=[0.0283, 0.0314] Meff_range=[2.8425e-02, 3.0363e+00] t_wall=2026-03-19 06:04:59
[3D] step=29330 t=2933.000000 t_real=3.269685e+03 s <x_B_tot>=1.211543e-01 vf_precip_indicator=9.425282e-02 vf_precip_h=9.437099e-02 R_avg=6.513781e+00 xB_range=[0.0283, 0.0314] Meff_range=[2.8425e-02, 3.0363e+00] t_wall=2026-03-19 06:05:11
[3D] step=29340 t=2934.000000 t_real=3.270800e+03 s <x_B_tot>=1.211543e-01 vf_precip_indicator=9.425306e-02 vf_precip_h=9.437112e-02 R_avg=6.514290e+00 xB_range=[0.0283, 0.0314] Meff_range=[2.8425e-02, 3.0363e+00] t_wall=2026-03-19 06:05:24
[3D] step=29350 t=2935.000000 t_real=3.271915e+03 s <x_B_tot>=1.211544e-01 vf_precip_indicator=9.425366e-02 vf_precip_h=9.437124e-02 R_avg=6.514286e+00 xB_range=[0.0283, 0.0314] Meff_range=[2.8425e-02, 3.0363e+00] t_wall=2026-03-19 06:05:36
[3D] step=29360 t=2936.000000 t_real=3.273029e+03 s <x_B_tot>=1.211544e-01 vf_precip_indicator=9.425455e-02 vf_precip_h=9.437136e-02 R_avg=6.514631e+00 xB_range=[0.0283, 0.0314] Meff_range=[2.8425e-02, 3.0363e+00] t_wall=2026-03-19 06:05:49
[3D] step=29370 t=2937.000000 t_real=3.274144e+03 s <x_B_tot>=1.211545e-01 vf_precip_indicator=9.425396e-02 vf_precip_h=9.437148e-02 R_avg=6.514515e+00 xB_range=[0.0283, 0.0314] Meff_range=[2.8425e-02, 3.0363e+00] t_wall=2026-03-19 06:06:01
[3D] step=29380 t=2938.000000 t_real=3.275259e+03 s <x_B_tot>=1.211546e-01 vf_precip_indicator=9.425354e-02 vf_precip_h=9.437161e-02 R_avg=6.514695e+00 xB_range=[0.0283, 0.0314] Meff_range=[2.8425e-02, 3.0363e+00] t_wall=2026-03-19 06:06:13
[3D] step=29390 t=2939.000000 t_real=3.276374e+03 s <x_B_tot>=1.211546e-01 vf_precip_indicator=9.425431e-02 vf_precip_h=9.437173e-02 R_avg=6.515047e+00 xB_range=[0.0283, 0.0314] Meff_range=[2.8425e-02, 3.0363e+00] t_wall=2026-03-19 06:06:26
[3D] step=29400 t=2940.000000 t_real=3.277488e+03 s <x_B_tot>=1.211547e-01 vf_precip_indicator=9.425491e-02 vf_precip_h=9.437185e-02 R_avg=6.514954e+00 xB_range=[0.0283, 0.0314] Meff_range=[2.8425e-02, 3.0363e+00] t_wall=2026-03-19 06:06:38
[3D] step=29410 t=2941.000000 t_real=3.278603e+03 s <x_B_tot>=1.211547e-01 vf_precip_indicator=9.425521e-02 vf_precip_h=9.437198e-02 R_avg=6.515049e+00 xB_range=[0.0283, 0.0314] Meff_range=[2.8425e-02, 3.0363e+00] t_wall=2026-03-19 06:06:51
[3D] step=29420 t=2942.000000 t_real=3.279718e+03 s <x_B_tot>=1.211548e-01 vf_precip_indicator=9.425706e-02 vf_precip_h=9.437210e-02 R_avg=6.515028e+00 xB_range=[0.0283, 0.0314] Meff_range=[2.8424e-02, 3.0363e+00] t_wall=2026-03-19 06:07:03
[3D] step=29430 t=2943.000000 t_real=3.280833e+03 s <x_B_tot>=1.211549e-01 vf_precip_indicator=9.425825e-02 vf_precip_h=9.437222e-02 R_avg=6.515125e+00 xB_range=[0.0283, 0.0314] Meff_range=[2.8424e-02, 3.0363e+00] t_wall=2026-03-19 06:07:16
[3D] step=29440 t=2944.000000 t_real=3.281948e+03 s <x_B_tot>=1.211549e-01 vf_precip_indicator=9.425956e-02 vf_precip_h=9.437235e-02 R_avg=6.515275e+00 xB_range=[0.0283, 0.0314] Meff_range=[2.8424e-02, 3.0362e+00] t_wall=2026-03-19 06:07:28
[3D] step=29450 t=2945.000000 t_real=3.283062e+03 s <x_B_tot>=1.211550e-01 vf_precip_indicator=9.425926e-02 vf_precip_h=9.437247e-02 R_avg=6.515240e+00 xB_range=[0.0283, 0.0314] Meff_range=[2.8424e-02, 3.0362e+00] t_wall=2026-03-19 06:07:41
[3D] step=29460 t=2946.000000 t_real=3.284177e+03 s <x_B_tot>=1.211550e-01 vf_precip_indicator=9.425944e-02 vf_precip_h=9.437259e-02 R_avg=6.515312e+00 xB_range=[0.0283, 0.0314] Meff_range=[2.8424e-02, 3.0362e+00] t_wall=2026-03-19 06:07:53
[3D] step=29470 t=2947.000000 t_real=3.285292e+03 s <x_B_tot>=1.211551e-01 vf_precip_indicator=9.425914e-02 vf_precip_h=9.437272e-02 R_avg=6.515366e+00 xB_range=[0.0283, 0.0314] Meff_range=[2.8424e-02, 3.0362e+00] t_wall=2026-03-19 06:08:06
[3D] step=29480 t=2948.000000 t_real=3.286407e+03 s <x_B_tot>=1.211552e-01 vf_precip_indicator=9.425932e-02 vf_precip_h=9.437284e-02 R_avg=6.515229e+00 xB_range=[0.0283, 0.0314] Meff_range=[2.8424e-02, 3.0362e+00] t_wall=2026-03-19 06:08:18
[3D] step=29490 t=2949.000000 t_real=3.287522e+03 s <x_B_tot>=1.211552e-01 vf_precip_indicator=9.426045e-02 vf_precip_h=9.437297e-02 R_avg=6.515501e+00 xB_range=[0.0283, 0.0314] Meff_range=[2.8424e-02, 3.0362e+00] t_wall=2026-03-19 06:08:30
[3D] step=29500 t=2950.000000 t_real=3.288636e+03 s <x_B_tot>=1.211553e-01 vf_precip_indicator=9.426063e-02 vf_precip_h=9.437309e-02 R_avg=6.515693e+00 xB_range=[0.0283, 0.0314] Meff_range=[2.8424e-02, 3.0362e+00] t_wall=2026-03-19 06:08:43
[3D] step=29510 t=2951.000000 t_real=3.289751e+03 s <x_B_tot>=1.211553e-01 vf_precip_indicator=9.426278e-02 vf_precip_h=9.437321e-02 R_avg=6.515811e+00 xB_range=[0.0283, 0.0314] Meff_range=[2.8424e-02, 3.0362e+00] t_wall=2026-03-19 06:08:55
[3D] step=29520 t=2952.000000 t_real=3.290866e+03 s <x_B_tot>=1.211554e-01 vf_precip_indicator=9.426165e-02 vf_precip_h=9.437334e-02 R_avg=6.515405e+00 xB_range=[0.0283, 0.0314] Meff_range=[2.8424e-02, 3.0362e+00] t_wall=2026-03-19 06:09:08
[3D] step=29530 t=2953.000000 t_real=3.291981e+03 s <x_B_tot>=1.211555e-01 vf_precip_indicator=9.426200e-02 vf_precip_h=9.437346e-02 R_avg=6.515370e+00 xB_range=[0.0283, 0.0314] Meff_range=[2.8423e-02, 3.0362e+00] t_wall=2026-03-19 06:09:20
[3D] step=29540 t=2954.000000 t_real=3.293096e+03 s <x_B_tot>=1.211555e-01 vf_precip_indicator=9.426254e-02 vf_precip_h=9.437358e-02 R_avg=6.515168e+00 xB_range=[0.0283, 0.0314] Meff_range=[2.8423e-02, 3.0362e+00] t_wall=2026-03-19 06:09:33
[3D] step=29550 t=2955.000000 t_real=3.294210e+03 s <x_B_tot>=1.211556e-01 vf_precip_indicator=9.426254e-02 vf_precip_h=9.437371e-02 R_avg=6.515153e+00 xB_range=[0.0283, 0.0314] Meff_range=[2.8423e-02, 3.0361e+00] t_wall=2026-03-19 06:09:45
[3D] step=29560 t=2956.000000 t_real=3.295325e+03 s <x_B_tot>=1.211556e-01 vf_precip_indicator=9.426135e-02 vf_precip_h=9.437383e-02 R_avg=6.514639e+00 xB_range=[0.0283, 0.0314] Meff_range=[2.8423e-02, 3.0361e+00] t_wall=2026-03-19 06:09:58
[3D] step=29570 t=2957.000000 t_real=3.296440e+03 s <x_B_tot>=1.211557e-01 vf_precip_indicator=9.426057e-02 vf_precip_h=9.437395e-02 R_avg=6.514391e+00 xB_range=[0.0283, 0.0314] Meff_range=[2.8423e-02, 3.0361e+00] t_wall=2026-03-19 06:10:10
[3D] step=29580 t=2958.000000 t_real=3.297555e+03 s <x_B_tot>=1.211558e-01 vf_precip_indicator=9.426111e-02 vf_precip_h=9.437408e-02 R_avg=6.514309e+00 xB_range=[0.0283, 0.0314] Meff_range=[2.8423e-02, 3.0361e+00] t_wall=2026-03-19 06:10:22
[3D] step=29590 t=2959.000000 t_real=3.298670e+03 s <x_B_tot>=1.211558e-01 vf_precip_indicator=9.426135e-02 vf_precip_h=9.437420e-02 R_avg=6.514027e+00 xB_range=[0.0283, 0.0314] Meff_range=[2.8423e-02, 3.0361e+00] t_wall=2026-03-19 06:10:35
[3D] step=29600 t=2960.000000 t_real=3.299784e+03 s <x_B_tot>=1.211559e-01 vf_precip_indicator=9.426183e-02 vf_precip_h=9.437432e-02 R_avg=6.514716e+00 xB_range=[0.0283, 0.0314] Meff_range=[2.8423e-02, 3.0361e+00] t_wall=2026-03-19 06:10:47
[3D] step=29610 t=2961.000000 t_real=3.300899e+03 s <x_B_tot>=1.211559e-01 vf_precip_indicator=9.426260e-02 vf_precip_h=9.437445e-02 R_avg=6.514949e+00 xB_range=[0.0283, 0.0314] Meff_range=[2.8423e-02, 3.0361e+00] t_wall=2026-03-19 06:11:00
[3D] step=29620 t=2962.000000 t_real=3.302014e+03 s <x_B_tot>=1.211560e-01 vf_precip_indicator=9.426343e-02 vf_precip_h=9.437457e-02 R_avg=6.515096e+00 xB_range=[0.0283, 0.0314] Meff_range=[2.8423e-02, 3.0361e+00] t_wall=2026-03-19 06:11:12
[3D] step=29630 t=2963.000000 t_real=3.303129e+03 s <x_B_tot>=1.211561e-01 vf_precip_indicator=9.426272e-02 vf_precip_h=9.437469e-02 R_avg=6.514659e+00 xB_range=[0.0283, 0.0314] Meff_range=[2.8423e-02, 3.0361e+00] t_wall=2026-03-19 06:11:25
[3D] step=29640 t=2964.000000 t_real=3.304243e+03 s <x_B_tot>=1.211561e-01 vf_precip_indicator=9.426200e-02 vf_precip_h=9.437482e-02 R_avg=6.514848e+00 xB_range=[0.0283, 0.0314] Meff_range=[2.8422e-02, 3.0361e+00] t_wall=2026-03-19 06:11:37
[3D] step=29650 t=2965.000000 t_real=3.305358e+03 s <x_B_tot>=1.211562e-01 vf_precip_indicator=9.426147e-02 vf_precip_h=9.437494e-02 R_avg=6.514915e+00 xB_range=[0.0283, 0.0314] Meff_range=[2.8422e-02, 3.0361e+00] t_wall=2026-03-19 06:11:50
[3D] step=29660 t=2966.000000 t_real=3.306473e+03 s <x_B_tot>=1.211562e-01 vf_precip_indicator=9.426147e-02 vf_precip_h=9.437506e-02 R_avg=6.514408e+00 xB_range=[0.0283, 0.0314] Meff_range=[2.8422e-02, 3.0360e+00] t_wall=2026-03-19 06:12:02
[3D] step=29670 t=2967.000000 t_real=3.307588e+03 s <x_B_tot>=1.211563e-01 vf_precip_indicator=9.426332e-02 vf_precip_h=9.437519e-02 R_avg=6.514387e+00 xB_range=[0.0283, 0.0314] Meff_range=[2.8422e-02, 3.0360e+00] t_wall=2026-03-19 06:12:15
[3D] step=29680 t=2968.000000 t_real=3.308703e+03 s <x_B_tot>=1.211564e-01 vf_precip_indicator=9.426314e-02 vf_precip_h=9.437531e-02 R_avg=6.514300e+00 xB_range=[0.0283, 0.0314] Meff_range=[2.8422e-02, 3.0360e+00] t_wall=2026-03-19 06:12:27
[3D] step=29690 t=2969.000000 t_real=3.309817e+03 s <x_B_tot>=1.211564e-01 vf_precip_indicator=9.426302e-02 vf_precip_h=9.437543e-02 R_avg=6.514366e+00 xB_range=[0.0283, 0.0314] Meff_range=[2.8422e-02, 3.0360e+00] t_wall=2026-03-19 06:12:39
[3D] step=29700 t=2970.000000 t_real=3.310932e+03 s <x_B_tot>=1.211565e-01 vf_precip_indicator=9.426326e-02 vf_precip_h=9.437556e-02 R_avg=6.514517e+00 xB_range=[0.0283, 0.0314] Meff_range=[2.8422e-02, 3.0360e+00] t_wall=2026-03-19 06:12:52
[3D] step=29710 t=2971.000000 t_real=3.312047e+03 s <x_B_tot>=1.211565e-01 vf_precip_indicator=9.426308e-02 vf_precip_h=9.437568e-02 R_avg=6.514341e+00 xB_range=[0.0283, 0.0314] Meff_range=[2.8422e-02, 3.0360e+00] t_wall=2026-03-19 06:13:04
[3D] step=29720 t=2972.000000 t_real=3.313162e+03 s <x_B_tot>=1.211566e-01 vf_precip_indicator=9.426469e-02 vf_precip_h=9.437580e-02 R_avg=6.514586e+00 xB_range=[0.0283, 0.0314] Meff_range=[2.8422e-02, 3.0360e+00] t_wall=2026-03-19 06:13:17
[3D] step=29730 t=2973.000000 t_real=3.314277e+03 s <x_B_tot>=1.211567e-01 vf_precip_indicator=9.426546e-02 vf_precip_h=9.437593e-02 R_avg=6.514669e+00 xB_range=[0.0283, 0.0314] Meff_range=[2.8422e-02, 3.0360e+00] t_wall=2026-03-19 06:13:29
[3D] step=29740 t=2974.000000 t_real=3.315391e+03 s <x_B_tot>=1.211567e-01 vf_precip_indicator=9.426600e-02 vf_precip_h=9.437605e-02 R_avg=6.514364e+00 xB_range=[0.0283, 0.0314] Meff_range=[2.8422e-02, 3.0360e+00] t_wall=2026-03-19 06:13:42
[3D] step=29750 t=2975.000000 t_real=3.316506e+03 s <x_B_tot>=1.211568e-01 vf_precip_indicator=9.426427e-02 vf_precip_h=9.437617e-02 R_avg=6.514766e+00 xB_range=[0.0283, 0.0314] Meff_range=[2.8421e-02, 3.0360e+00] t_wall=2026-03-19 06:13:54
[3D] step=29760 t=2976.000000 t_real=3.317621e+03 s <x_B_tot>=1.211568e-01 vf_precip_indicator=9.426427e-02 vf_precip_h=9.437630e-02 R_avg=6.514304e+00 xB_range=[0.0283, 0.0314] Meff_range=[2.8421e-02, 3.0360e+00] t_wall=2026-03-19 06:14:07
[3D] step=29770 t=2977.000000 t_real=3.318736e+03 s <x_B_tot>=1.211569e-01 vf_precip_indicator=9.426522e-02 vf_precip_h=9.437642e-02 R_avg=6.513759e+00 xB_range=[0.0283, 0.0314] Meff_range=[2.8421e-02, 3.0359e+00] t_wall=2026-03-19 06:14:19
[3D] step=29780 t=2978.000000 t_real=3.319851e+03 s <x_B_tot>=1.211570e-01 vf_precip_indicator=9.426498e-02 vf_precip_h=9.437654e-02 R_avg=6.513831e+00 xB_range=[0.0283, 0.0314] Meff_range=[2.8421e-02, 3.0359e+00] t_wall=2026-03-19 06:14:31
[3D] step=29790 t=2979.000000 t_real=3.320965e+03 s <x_B_tot>=1.211570e-01 vf_precip_indicator=9.426594e-02 vf_precip_h=9.437667e-02 R_avg=6.513882e+00 xB_range=[0.0283, 0.0314] Meff_range=[2.8421e-02, 3.0359e+00] t_wall=2026-03-19 06:14:44
[3D] step=29800 t=2980.000000 t_real=3.322080e+03 s <x_B_tot>=1.211571e-01 vf_precip_indicator=9.426624e-02 vf_precip_h=9.437679e-02 R_avg=6.513367e+00 xB_range=[0.0283, 0.0314] Meff_range=[2.8421e-02, 3.0359e+00] t_wall=2026-03-19 06:14:56
[3D] step=29810 t=2981.000000 t_real=3.323195e+03 s <x_B_tot>=1.211571e-01 vf_precip_indicator=9.426600e-02 vf_precip_h=9.437691e-02 R_avg=6.513276e+00 xB_range=[0.0283, 0.0314] Meff_range=[2.8421e-02, 3.0359e+00] t_wall=2026-03-19 06:15:09
[3D] step=29820 t=2982.000000 t_real=3.324310e+03 s <x_B_tot>=1.211572e-01 vf_precip_indicator=9.426636e-02 vf_precip_h=9.437704e-02 R_avg=6.513479e+00 xB_range=[0.0283, 0.0314] Meff_range=[2.8421e-02, 3.0359e+00] t_wall=2026-03-19 06:15:21
[3D] step=29830 t=2983.000000 t_real=3.325425e+03 s <x_B_tot>=1.211573e-01 vf_precip_indicator=9.426600e-02 vf_precip_h=9.437716e-02 R_avg=6.513589e+00 xB_range=[0.0283, 0.0314] Meff_range=[2.8421e-02, 3.0359e+00] t_wall=2026-03-19 06:15:34
[3D] step=29840 t=2984.000000 t_real=3.326539e+03 s <x_B_tot>=1.211573e-01 vf_precip_indicator=9.426582e-02 vf_precip_h=9.437729e-02 R_avg=6.513472e+00 xB_range=[0.0283, 0.0314] Meff_range=[2.8421e-02, 3.0359e+00] t_wall=2026-03-19 06:15:46
[3D] step=29850 t=2985.000000 t_real=3.327654e+03 s <x_B_tot>=1.211574e-01 vf_precip_indicator=9.426510e-02 vf_precip_h=9.437741e-02 R_avg=6.513870e+00 xB_range=[0.0283, 0.0314] Meff_range=[2.8421e-02, 3.0359e+00] t_wall=2026-03-19 06:15:59
[3D] step=29860 t=2986.000000 t_real=3.328769e+03 s <x_B_tot>=1.211574e-01 vf_precip_indicator=9.426546e-02 vf_precip_h=9.437753e-02 R_avg=6.514177e+00 xB_range=[0.0283, 0.0314] Meff_range=[2.8420e-02, 3.0359e+00] t_wall=2026-03-19 06:16:11
[3D] step=29870 t=2987.000000 t_real=3.329884e+03 s <x_B_tot>=1.211575e-01 vf_precip_indicator=9.426552e-02 vf_precip_h=9.437766e-02 R_avg=6.514182e+00 xB_range=[0.0283, 0.0314] Meff_range=[2.8420e-02, 3.0359e+00] t_wall=2026-03-19 06:16:24
[3D] step=29880 t=2988.000000 t_real=3.330998e+03 s <x_B_tot>=1.211576e-01 vf_precip_indicator=9.426516e-02 vf_precip_h=9.437778e-02 R_avg=6.514023e+00 xB_range=[0.0283, 0.0314] Meff_range=[2.8420e-02, 3.0358e+00] t_wall=2026-03-19 06:16:36
[3D] step=29890 t=2989.000000 t_real=3.332113e+03 s <x_B_tot>=1.211576e-01 vf_precip_indicator=9.426612e-02 vf_precip_h=9.437790e-02 R_avg=6.514163e+00 xB_range=[0.0283, 0.0314] Meff_range=[2.8420e-02, 3.0358e+00] t_wall=2026-03-19 06:16:48
[3D] step=29900 t=2990.000000 t_real=3.333228e+03 s <x_B_tot>=1.211577e-01 vf_precip_indicator=9.426606e-02 vf_precip_h=9.437803e-02 R_avg=6.513876e+00 xB_range=[0.0283, 0.0314] Meff_range=[2.8420e-02, 3.0358e+00] t_wall=2026-03-19 06:17:01
[3D] step=29910 t=2991.000000 t_real=3.334343e+03 s <x_B_tot>=1.211577e-01 vf_precip_indicator=9.426630e-02 vf_precip_h=9.437815e-02 R_avg=6.513833e+00 xB_range=[0.0283, 0.0314] Meff_range=[2.8420e-02, 3.0358e+00] t_wall=2026-03-19 06:17:13
[3D] step=29920 t=2992.000000 t_real=3.335458e+03 s <x_B_tot>=1.211578e-01 vf_precip_indicator=9.426731e-02 vf_precip_h=9.437827e-02 R_avg=6.514067e+00 xB_range=[0.0283, 0.0314] Meff_range=[2.8420e-02, 3.0358e+00] t_wall=2026-03-19 06:17:26
[3D] step=29930 t=2993.000000 t_real=3.336572e+03 s <x_B_tot>=1.211579e-01 vf_precip_indicator=9.426755e-02 vf_precip_h=9.437840e-02 R_avg=6.514113e+00 xB_range=[0.0283, 0.0314] Meff_range=[2.8420e-02, 3.0358e+00] t_wall=2026-03-19 06:17:38
[3D] step=29940 t=2994.000000 t_real=3.337687e+03 s <x_B_tot>=1.211579e-01 vf_precip_indicator=9.426862e-02 vf_precip_h=9.437852e-02 R_avg=6.514515e+00 xB_range=[0.0283, 0.0314] Meff_range=[2.8420e-02, 3.0358e+00] t_wall=2026-03-19 06:17:51
[3D] step=29950 t=2995.000000 t_real=3.338802e+03 s <x_B_tot>=1.211580e-01 vf_precip_indicator=9.426850e-02 vf_precip_h=9.437864e-02 R_avg=6.514745e+00 xB_range=[0.0283, 0.0314] Meff_range=[2.8420e-02, 3.0358e+00] t_wall=2026-03-19 06:18:03
[3D] step=29960 t=2996.000000 t_real=3.339917e+03 s <x_B_tot>=1.211580e-01 vf_precip_indicator=9.426844e-02 vf_precip_h=9.437877e-02 R_avg=6.514682e+00 xB_range=[0.0283, 0.0314] Meff_range=[2.8420e-02, 3.0358e+00] t_wall=2026-03-19 06:18:16
[3D] step=29970 t=2997.000000 t_real=3.341032e+03 s <x_B_tot>=1.211581e-01 vf_precip_indicator=9.426689e-02 vf_precip_h=9.437889e-02 R_avg=6.515111e+00 xB_range=[0.0283, 0.0314] Meff_range=[2.8419e-02, 3.0358e+00] t_wall=2026-03-19 06:18:28
[3D] step=29980 t=2998.000000 t_real=3.342146e+03 s <x_B_tot>=1.211582e-01 vf_precip_indicator=9.426618e-02 vf_precip_h=9.437902e-02 R_avg=6.514883e+00 xB_range=[0.0283, 0.0314] Meff_range=[2.8419e-02, 3.0358e+00] t_wall=2026-03-19 06:18:41
[3D] step=29990 t=2999.000000 t_real=3.343261e+03 s <x_B_tot>=1.211582e-01 vf_precip_indicator=9.426540e-02 vf_precip_h=9.437914e-02 R_avg=6.514993e+00 xB_range=[0.0283, 0.0314] Meff_range=[2.8419e-02, 3.0357e+00] t_wall=2026-03-19 06:18:53

========================================
性能统计（精确计时）:
  总计算时间: 37357560.000000 ms (steps 1-29999)
  平均每步: 1245.293457 ms
  网格大小: 256x256x256 = 16777216 points
  吞吐量: 13.47 M points/s

显存使用情况:
  已使用: 4.26 GB (27.53%)
  空闲: 11.21 GB
  总计: 15.47 GB
========================================
[3D] step=30000 t=3000.000000 t_real=3.344376e+03 s <x_B_tot>=1.211583e-01 vf_precip_indicator=9.426516e-02 vf_precip_h=9.437926e-02 R_avg=6.515051e+00 xB_range=[0.0283, 0.0314] Meff_range=[2.8419e-02, 3.0357e+00] t_wall=2026-03-19 06:19:05
写出 final vtk: chel_T380_cuda_256x256x256_dt0.1_steps30000_r7.00_xB0.030/pert_r7_oblate_pred_256/phi_final_pert_r7_oblate_pred_256.vtk

模拟完成！
[summary] mode=minimize, steps=30000, wall_time=37364.719 s (10:22:45)
