step,elapsed_physical_time_s,experimental_age_h,stable_particle_id,lineage_member_ids,lineage_group_size,component_label,threshold_voxel_count,h_volume_nm3,equivalent_radius_nm,centroid_x_nm,centroid_y_nm,centroid_z_nm
0,0,6,0,0,1,0,7649,2572.3801416748597,8.49993320634238,240.99999896840612,12.000000635882429,217.00000134609988
0,0,6,1,1,1,1,8103,2806.0956663886627,8.7499308583020969,2.0000015450819739,26.99999883114198,159.99999950688834
0,0,6,2,2,1,2,9176,3315.1720592097809,9.2499450910207734,4.9999993913387826,51.99999619401072,94.000033766593091
0,0,6,3,3,1,3,7651,2572.3870243921187,8.4999407872054427,244.00001654966974,105.00000231260667,122.00000704077662
0,0,6,4,4,1,4,12177,4848.9733942559669,10.499945961703405,241.99999016527232,121.00000503654603,188.00001095821028
0,0,6,5,5,1,5,11545,4510.7978839583257,10.249946208817512,7.9999840007124217,147.99999642102688,126.99999487760849
0,0,6,6,6,1,6,8104,2806.0956968152177,8.7499308899273256,2.9999990265821181,157.99999976644824,229.00000283607929
0,0,6,7,7,1,7,11545,4510.803288273999,10.249950302248743,0.99998862532747135,174.00002366515457,51.999999815573204
0,0,6,8,8,1,8,8631,3053.5580520063904,8.9999312216649869,236.00000022185296,204.00000045916369,111.00000160904827
0,0,6,9,9,1,9,10267,3882.3440563865738,9.7499368693209565,20.000001238961403,25.000002006902022,239.00000744890937
0,0,6,10,10,1,10,12177,4848.9913516237466,10.49995892328951,22.000004856642388,81.000013503100305,222.00004750828595
0,0,6,11,11,1,11,10267,3882.3696307218952,9.7499582780029037,28.000005702276543,130.00003158542046,21.99996889187338
0,0,6,12,12,1,12,12845,5203.6562880593538,10.749955451320865,31.000011708672265,230.00001442815937,94.999980279521267
0,0,6,13,13,1,13,10911,4188.7236909876465,9.9999470697205695,33.999991258362861,238.99997994013006,47.000022639956406
0,0,6,14,14,1,14,7649,2572.3828981010524,8.4999362423672391,32.999998167436189,213.00000952876019,136.9999990030885
0,0,6,15,15,1,15,13522,5575.1875138383193,10.999939330897826,37.000000443422792,82.000001036088733,119.00000186307724
0,0,6,16,16,1,16,9745,3591.2941628049807,9.4999384194022038,36.000001207610083,106.00000008868655,58.000003067994726
0,0,6,17,17,1,17,7143,2352.0086181171191,8.2499268883737749,35.000000446863382,148.00000019477341,167.00000176759687
0,0,6,18,18,1,18,9177,3315.1965355399548,9.2499678554654654,38.000031445888069,174.99998772041565,72.000049939762476
0,0,6,19,19,1,19,10267,3882.361098228178,9.7499511353274553,40.000029612176931,86.999999744288118,185.00002924946619
0,0,6,20,20,1,20,10912,4188.734411235112,9.9999556007054782,41.99998163140134,141.00000586973144,82.999964210786217
0,0,6,21,21,1,21,12845,5203.6518963746321,10.749952427137753,47.999979108546462,50.000003106649203,194.99998070484082
0,0,6,22,22,1,22,9745,3591.2999898379885,9.4999435574223092,46.999987949805224,183.99999136333969,30.000003386360561
0,0,6,23,23,1,23,7649,2572.3807982514923,8.499933929519198,46.000001903315798,232.9999998677298,228.00000215413581
0,0,6,24,24,1,24,11545,4510.7916287468979,10.249941470881865,48.999996102897512,131.99999837153763,200.99999593672283
0,0,6,25,25,1,25,8103,2806.0959353095072,8.7499311378172422,48.99999925639591,195.0000005862195,205.00000267178609
0,0,6,26,26,1,26,8633,3053.5716968509287,8.9999446270626002,50.999998397058377,24.000011714393921,10.999966265063936
0,0,6,27,27,1,27,8631,3053.55839325237,8.9999315569230873,51.999998969874127,21.000000929761605,145.00000351214896
0,0,6,28,28,1,28,12177,4848.964458237474,10.49993951169421,56.999999466626377,210.00000045494468,69.00000181925175
0,0,6,29,29,1,29,10267,3882.3819265411148,9.7499685709948327,58.000009287874434,83.999993421171581,231.99996402231289
0,0,6,30,30,1,30,9175,3315.159317100321,9.2499332400558032,64.000000238438219,33.000000233017566,87.000002018000998
0,0,6,31,31,1,31,7652,2572.4009365257839,8.4999561104697996,62.999995962911342,87.999990142822583,34.999969398902941
0,0,6,32,32,1,32,13523,5575.191326356311,10.999941838284762,69.999997718682309,101.9999972140465,84.999997241831252
0,0,6,33,33,1,33,9746,3591.3191618051324,9.499960462376146,68.999986809270638,132.9999756855112,17.00004524677983
0,0,6,34,34,1,34,7649,2572.3807872289158,8.4999339173785415,70.999999792272448,101.99999873571389,199.00000016489687
0,0,6,35,35,1,35,8105,2806.1119963349065,8.7499478315442065,74.000012775494142,52.000008633319318,33.000008198583551
0,0,6,36,36,1,36,8104,2806.1046607384951,8.7499402069801668,78.999999627878381,168.00001416564476,83.999979696968268
0,0,6,37,37,1,37,10911,4188.7106330556644,9.9999366784276607,81.999999790152188,122.00000040233613,128.00000116395961
0,0,6,38,38,1,38,8633,3053.5929497296902,8.999965506905097,81.000035614237021,192.00001803987516,124.00005596552792
0,0,6,39,39,1,39,12845,5203.6653392605485,10.749961684114872,83.999991312102139,195.99999732052859,166.99999445306
0,0,6,40,40,1,40,9745,3591.3059404328387,9.4999488043880458,84.999997090627758,241.99998119848144,177.99997222293447
0,0,6,41,41,1,41,9745,3591.3039459374418,9.4999470457327462,89.000000472340801,28.999989236802836,244.00002928151125
0,0,6,42,42,1,42,10267,3882.3623015563981,9.7499521426517664,93.000008482682631,54.000042371723175,66.000010820570779
0,0,6,43,43,1,43,12845,5203.6466918144079,10.749948843193593,98.000007168673349,222.99997762073488,24.000012033273308
0,0,6,44,44,1,44,9175,3315.1669297217422,9.2499403202772221,105.00001038672183,158.99998626436656,145.00000121005826
0,0,6,45,45,1,45,10912,4188.7387347490012,9.9999590412778794,107.00001305291858,218.00001458563398,125.00003988428792
0,0,6,46,46,1,46,12178,4848.970725748085,10.499944035577919,107.99999808736511,103.00001385489598,150.99999699566442
0,0,6,47,47,1,47,10267,3882.3636194411647,9.7499532458728595,108.99998871893192,10.999980859058692,130.99996722205745
0,0,6,48,48,1,48,8632,3053.5624991127906,8.9999355907356069,114.99999122736644,151.00000561759509,103.00000162893815
0,0,6,49,49,1,49,11545,4510.8068632235827,10.249953010047745,117.00000469401292,126.99999346106821,33.999961364646047
0,0,6,50,50,1,50,8104,2806.0976819329076,8.7499329532495089,119.00000270217217,67.000000449365245,184.000001998675
0,0,6,51,51,1,51,12845,5203.6446324489143,10.74994742508062,121.00000182700674,47.000013345823966,228.00001761458842
0,0,6,52,52,1,52,7144,2352.0291202839808,8.2499508594999718,121.99996714375668,53.999982192895025,33.999972239607374
0,0,6,53,53,1,53,12845,5203.6331321395091,10.749939505771414,125.00000040274179,245.0000013693404,59.000001639678501
0,0,6,54,54,1,54,9175,3315.1597437205637,9.2499336368400105,124.00000148780157,158.00000034542492,208.00000148811293
0,0,6,55,55,1,55,9175,3315.1702093243821,9.2499433705126375,128.99998872867729,186.00001437268409,131.99998357192459
0,0,6,56,56,1,56,9745,3591.294289493223,9.4999385311103577,130.99999780054156,118.99999840245719,183.00000062620862
0,0,6,57,57,1,57,8104,2806.0959884303643,8.749931193030827,133.99999818320603,215.99999966141803,173.00000113837368
0,0,6,58,58,1,58,11546,4510.8167356227095,10.249960487760443,136.00000331320183,62.999970435616483,67.999978706867452
0,0,6,59,59,1,59,10912,4188.7237128252891,9.9999470870985956,140.00001261182169,8.9999963676272383,109.99998352608195
0,0,6,60,60,1,60,8631,3053.5596178997243,8.9999327600812276,143.00000252201497,2.9999997324131389,224.00000404167946
0,0,6,61,61,1,61,12177,4848.9826857000944,10.49995266825006,143.999990937295,99.000010037728657,54.000025047593326
0,0,6,62,62,1,62,10912,4188.7226755666734,9.9999462616656132,143.99999065948171,212.00002250162265,28.999990846287371
0,0,6,63,63,1,63,8631,3053.5605683986573,8.9999336939012782,148.00000291211464,44.000003164892753,167.0000022438752
0,0,6,64,64,1,64,7649,2572.3802553239066,8.4999333315194825,146.99999965707036,57.999999294721633,11.000002991731158
0,0,6,65,65,1,65,9745,3591.2944272869695,9.4999386526108509,149.99999860782501,117.99999775941737,89.000001436430139
0,0,6,66,66,1,66,8105,2806.1056238539163,8.7499412080358905,151.00000113512459,75.000003732919794,144.99997932219043
0,0,6,67,67,1,67,12845,5203.6359325923822,10.749941434212102,159.99999769015713,95.999998733142689,174.00000176102239
0,0,6,68,68,1,68,10267,3882.3399955194764,9.7499334698960141,159.00000022107741,182.00000093972454,96.000002029766151
0,0,6,69,69,1,69,11545,4510.8019753657427,10.24994930780313,160.99999208197534,124.0000078582997,22.000031226126147
0,0,6,70,70,1,70,9745,3591.2928175484467,9.4999372332136769,162.99999983070509,213.0000004090486,243.00000138890698
0,0,6,71,71,1,71,7649,2572.3804969523003,8.4999335976575843,171.00000083394275,27.000001688653608,145.00000305526649
0,0,6,72,72,1,72,9175,3315.1609607952328,9.2499347687973827,172.99999916180244,46.999999058095689,190.999999467257
0,0,6,73,73,1,73,8631,3053.5580371256115,8.9999312070453232,174.00000021433036,159.00000091384379,160.00000180940776
0,0,6,74,74,1,74,9745,3591.2965440790613,9.4999405191050901,183.00000815119137,33.000000724194855,46.000010117645807
0,0,6,75,75,1,75,8631,3053.5580138890955,8.9999311842165373,183.00000060633226,148.00000003206137,243.00000186848811
0,0,6,76,76,1,76,12177,4848.9768194465369,10.499948434000427,186.0000062796291,154.99998231087315,71.99998218657818
0,0,6,77,77,1,77,10911,4188.7100225900213,9.999936192628363,188.00000027823447,80.00000064425825,216.00000132845494
0,0,6,78,78,1,78,9175,3315.1709195341928,9.2499440310518786,187.99998681195288,7.0000054691052176,101.00002313907673
0,0,6,79,79,1,79,7145,2352.0463683209136,8.2499710257907246,188.00001655870875,110.00000963357866,64.99998732589799
0,0,6,80,80,1,80,8632,3053.5859166309574,8.9999585972639373,191.99996473505959,73.000001077925035,59.000026410377018
0,0,6,81,81,1,81,9745,3591.3011712145981,9.4999445991072964,193.99999872848508,76.999996448195319,131.00002770509093
0,0,6,82,82,1,82,12177,4848.9724908072039,10.499945309595352,196.00000785885891,232.00000241474066,66.99999459180053
0,0,6,83,83,1,83,10913,4188.7225961528538,9.9999461984694253,197.00001908690163,238.00000957747244,230.00000892953025
0,0,6,84,84,1,84,12177,4848.9645397821823,10.499939570553133,199.00000081864349,164.99999988284267,199.99999933310022
0,0,6,85,85,1,85,10267,3882.3601675455416,9.7499503562387595,201.0000093886247,182.99997220150843,50.000017330842105
0,0,6,86,86,1,86,11546,4510.7911079156938,10.249941076384252,205.00000571074852,193.00000254615642,145.00000335557547
0,0,6,87,87,1,87,12845,5203.6329068992654,10.749939350667024,206.99999991243257,123.99999997816225,99.00000109942863
0,0,6,88,88,1,88,8105,2806.107193099534,8.7499428390987912,205.99997162154796,242.99998619265227,28.99999396339561
0,0,6,89,89,1,89,8104,2806.1051460669914,8.7499407114273868,215.00000850174249,16.000002193996668,123.99997588597694
0,0,6,90,90,1,90,10912,4188.7345716671607,9.9999557283743794,217.99999455038218,50.000003953007969,107.99999193200092
0,0,6,91,91,1,91,12177,4848.9668745958998,10.499941255820081,217.99999524924996,197.99999849094931,189.00000083564737
0,0,6,92,92,1,92,7650,2572.3852120305287,8.4999387910089563,226.00000812612734,142.9999869438997,22.000001470547012
0,0,6,93,93,1,93,7143,2352.008744583421,8.2499270362385584,231.00000154018159,54.00000007640859,203.00000378362182
0,0,6,94,94,1,94,9177,3315.1684888948853,9.2499417704059379,233.00001083547448,124.99999868462119,235.99999176493714
0,0,6,95,95,1,95,7649,2572.3809387960805,8.49993408431998,234.00000027114996,56.00000161373729,57.000002895641167
3633,3600.0345043817879,7.0000095845504964,0,0,1,0,4093,1050.371666786991,6.3059636506776728,241.11352179160153,12.325584027995083,216.65235746467729
3633,3600.0345043817879,7.0000095845504964,1,1,1,1,5606,1672.4255439595856,7.363530007173166,1.9163114047338565,27.024696934150455,160.42725813612509
3633,3600.0345043817879,7.0000095845504964,2,2,1,2,7448,2510.4106452378219,8.4311222428034096,4.8444149229474993,52.427275226374604,92.322115814194333
3633,3600.0345043817879,7.0000095845504964,4,4,1,3,14249,5987.2516088518405,11.264527165127754,242.02830292299291,120.91800280886318,187.74853640866687
3633,3600.0345043817879,7.0000095845504964,5,5,1,4,14171,5925.2920032221864,11.225535029353217,8.1012267106700815,147.96633316608236,127.04791870698796
3633,3600.0345043817879,7.0000095845504964,6,6,1,5,5558,1637.1528115841952,7.3113942522460098,3.176574832894199,157.99199865769344,229.47861295626987
3633,3600.0345043817879,7.0000095845504964,7,7,1,6,13291,5468.6309098361344,10.929408734016706,1.1774000571357777,173.21572321213051,51.646656049809849
3633,3600.0345043817879,7.0000095845504964,8,8,1,7,6187,1915.9128136225434,7.7048178777978169,236.06266302179441,204.12782836533935,111.13232263664774
3633,3600.0345043817879,7.0000095845504964,9,9,1,8,12723,5137.6991354602533,10.704343071390301,19.886781082957651,24.55874798664399,238.29399800346866
3633,3600.0345043817879,7.0000095845504964,10,10,1,9,14376,6064.3479195899399,11.312671253313468,21.964313569930106,80.737258550005308,221.15216881754702
3633,3600.0345043817879,7.0000095845504964,11,11,1,10,9813,3657.7862887996612,9.5582101047091363,27.672001035728055,129.40947625890198,22.281423500617834
3633,3600.0345043817879,7.0000095845504964,12,12,1,11,16790,7378.7698914384928,12.077168322926708,30.913071266003566,229.94677642602068,95.395761728813142
3633,3600.0345043817879,7.0000095845504964,13,13,1,12,11339,4424.2963642692921,10.184003357349841,33.896770751392715,239.24398295318736,46.705047152365211
3633,3600.0345043817879,7.0000095845504964,15,15,1,13,17465,7769.0806955797871,12.286466693549906,36.717575354125017,81.822407327913297,118.85301544012637
3633,3600.0345043817879,7.0000095845504964,16,16,1,14,9347,3404.1859662386578,9.3320034189413867,36.014136476259196,105.89109468397172,57.431392193176379
3633,3600.0345043817879,7.0000095845504964,18,18,1,15,6240,1954.4470109412844,7.7561303099386611,38.006344803229446,175.3899915480288,72.408096468064741
3633,3600.0345043817879,7.0000095845504964,19,19,1,16,10346,3931.0955950748107,9.7905780038347956,40.039714690367965,87.10368559756084,185.38654843708608
3633,3600.0345043817879,7.0000095845504964,20,20,1,17,11802,4672.261902393845,10.370814269803562,42.242741651029284,141.41668337913799,82.584367107165448
3633,3600.0345043817879,7.0000095845504964,21,21,1,18,16441,7172.5399510627694,11.963588195315648,48.004417275700462,49.81646675369629,194.9234787853797
3633,3600.0345043817879,7.0000095845504964,22,22,1,19,9309,3385.1257221285437,9.3145539934142789,46.895753725960013,183.94249724666886,29.46266662870406
3633,3600.0345043817879,7.0000095845504964,24,24,1,20,14342,6044.632678435878,11.300398750963447,49.151553050346045,132.24869465193945,201.18742813260417
3633,3600.0345043817879,7.0000095845504964,25,25,1,21,4781,1322.0506419680696,6.8085269474507895,49.008195411707682,195.19697227969894,205.45056171872173
3633,3600.0345043817879,7.0000095845504964,26,26,1,22,5733,1722.8415768022217,7.4367910299212951,51.033226243002964,23.637898642529247,12.573295493833514
3633,3600.0345043817879,7.0000095845504964,27,27,1,23,4912,1374.0813495417315,6.8966991036575989,51.996460061290875,20.872942513287274,145.06848674188535
3633,3600.0345043817879,7.0000095845504964,28,28,1,24,15371,6574.3887484321885,11.621323493178012,57.038842414635788,209.45177959334225,69.139473379852987
3633,3600.0345043817879,7.0000095845504964,29,29,1,25,9977,3734.0743391551705,9.6242031914234101,58.481182124848367,84.523515683416235,233.68659914481754
3633,3600.0345043817879,7.0000095845504964,30,30,1,26,7629,2569.4504098681309,8.4967050695886623,64.074119368861986,32.850401829382164,86.817352565340173
3633,3600.0345043817879,7.0000095845504964,31,31,1,27,4001,1011.3577079815375,6.2269024163593558,62.859906634162762,87.7675518720377,34.559068612008502
3633,3600.0345043817879,7.0000095845504964,32,32,1,28,17117,7569.043664926664,12.180098500311171,69.863351966732026,101.98444314394132,84.794873695238067
3633,3600.0345043817879,7.0000095845504964,33,33,1,29,7096,2348.1722247999778,8.2454389246282904,69.269082327340001,133.5735282128766,16.043992627875593
3633,3600.0345043817879,7.0000095845504964,35,35,1,30,6123,1878.5359499463334,7.6543849627641762,73.975939063897172,51.999060739853988,32.668968704602882
3633,3600.0345043817879,7.0000095845504964,34,34,1,31,1267,140.62323959125828,3.2259390904775476,70.944018401161742,102.15971290343214,199.74049975001745
3633,3600.0345043817879,7.0000095845504964,37,37,1,32,11929,4713.8840683712888,10.401518904034351,82.13371742136647,122.16428670826566,128.30347340720149
3633,3600.0345043817879,7.0000095845504964,38,38,1,33,5773,1743.6506570546671,7.4666126684319245,80.852826024164372,191.99512095851807,123.36045777767156
3633,3600.0345043817879,7.0000095845504964,39,39,1,34,17351,7687.4151960286636,12.243264806982157,83.914162169515379,195.83422833838648,166.82834809271313
3633,3600.0345043817879,7.0000095845504964,36,36,1,35,2623,523.49589940138435,4.9996725134456712,78.984929635960981,167.88331594699483,84.575307196363056
3633,3600.0345043817879,7.0000095845504964,40,40,1,36,10464,3960.1902343479687,9.8146725135441475,84.952591298381805,242.24010023922966,177.92133321838745
3633,3600.0345043817879,7.0000095845504964,41,41,1,37,8844,3172.8451529956797,9.1156314065189363,88.993091724244707,29.183140732133477,244.21380685329368
3633,3600.0345043817879,7.0000095845504964,42,42,1,38,10509,3997.2377141465104,9.8451829070640606,92.731398840573135,53.197215361825052,65.043980210296425
3633,3600.0345043817879,7.0000095845504964,43,43,1,39,15046,6403.0571956623917,11.519481296834728,97.853978633339977,223.46369725848027,23.464113226343901
3633,3600.0345043817879,7.0000095845504964,44,44,1,40,8783,3119.4578716401616,9.0642144481287854,105.12250859586725,159.29198481302654,144.5737977903286
3633,3600.0345043817879,7.0000095845504964,46,46,1,41,15287,6536.9460080471372,11.599219390738629,108.002407928564,103.06883046548407,150.98101757817497
3633,3600.0345043817879,7.0000095845504964,45,45,1,42,13349,5476.5001018484663,10.934648582717825,106.96507002958745,217.71966955816941,125.32253403861736
3633,3600.0345043817879,7.0000095845504964,47,47,1,43,10031,3760.5579306891746,9.6469025475626502,109.15575908330793,11.064118021459803,131.5660696375804
3633,3600.0345043817879,7.0000095845504964,49,49,1,44,11885,4736.9653503365926,10.418468097998772,116.75882314270112,127.06077129955766,35.063064099333459
3633,3600.0345043817879,7.0000095845504964,48,48,1,45,6476,2045.1480491964116,7.8743016473942253,114.85198289585583,151.2258301923091,103.29690002882558
3633,3600.0345043817879,7.0000095845504964,51,51,1,46,17767,7951.4875098646098,12.381879997178649,121.0388159740935,47.177795376430105,228.25145441034337
3633,3600.0345043817879,7.0000095845504964,53,53,1,47,15339,6569.724150971766,11.618574359443425,124.98146138337968,245.35890841030579,58.803140625464174
3633,3600.0345043817879,7.0000095845504964,50,50,1,48,2851,594.09695753242977,5.2150231382276653,119.38892699290329,67.01922609914071,183.5116143547578
3633,3600.0345043817879,7.0000095845504964,54,54,1,49,6690,2151.0920290990475,8.0079888644699775,123.80294206490099,157.99853548413532,208.09328426919032
3633,3600.0345043817879,7.0000095845504964,55,55,1,50,7356,2455.7880242035476,8.3695239401408656,129.0460761343501,185.53908766073533,132.21756489266829
3633,3600.0345043817879,7.0000095845504964,56,56,1,51,8842,3154.0609043760574,9.0976066467496217,131.10087298777935,119.2257461605964,182.88470366945307
3633,3600.0345043817879,7.0000095845504964,58,58,1,52,12588,5071.3247206314982,10.658046322083628,135.87008561720256,63.322124552307116,67.828604464068619
3633,3600.0345043817879,7.0000095845504964,57,57,1,53,3594,857.70018613628383,5.8940746455594537,134.09697732419002,216.4875647697427,173.19513579261132
3633,3600.0345043817879,7.0000095845504964,59,59,1,54,10947,4224.7109443149866,10.028503494167353,139.94205995034955,9.0556333854421336,110.06458353614893
3633,3600.0345043817879,7.0000095845504964,61,61,1,55,15574,6705.1282845985288,11.69785303054991,144.22872462771645,99.0908718980142,53.735922079768493
3633,3600.0345043817879,7.0000095845504964,62,62,1,56,10653,4065.5745969908576,9.9009706915770419,144.31868263588302,211.36879591031553,29.117613510362979
3633,3600.0345043817879,7.0000095845504964,60,60,1,57,5089,1447.7877995017168,7.0178718644598161,142.89570077884838,3.2666782453509802,223.53104799126226
3633,3600.0345043817879,7.0000095845504964,63,63,1,58,9246,3341.9050260953113,9.274741870096209,148.10783153179554,44.022996496115731,166.59864106917109
3633,3600.0345043817879,7.0000095845504964,64,64,1,59,3414,792.9525071188209,5.7418633923696749,146.89372046665284,58.045377037314331,11.171034676118385
3633,3600.0345043817879,7.0000095845504964,65,65,1,60,7449,2516.0295047494919,8.4374078002917994,150.16610249544289,117.70986649824587,88.788254172079036
3633,3600.0345043817879,7.0000095845504964,66,66,1,61,1226,133.47314379320082,3.1703102161045607,150.66032944625019,74.873989850971597,145.66317788738294
3633,3600.0345043817879,7.0000095845504964,67,67,1,62,17012,7511.6014671472603,12.149208246710803,159.82471409721916,95.36421709407287,173.74912719631436
3633,3600.0345043817879,7.0000095845504964,68,68,1,63,10530,4008.0863887910446,9.8540816110197866,158.90930361646164,181.96918795939686,96.221145201846213
3633,3600.0345043817879,7.0000095845504964,69,69,1,64,12655,5124.8272234897113,10.69539609681736,161.34695245884575,123.6473708309809,21.267418524601609
3633,3600.0345043817879,7.0000095845504964,70,70,1,65,10239,3862.5592979147154,9.7333464836580124,162.93218502346454,213.03155604858415,242.95724284969506
3633,3600.0345043817879,7.0000095845504964,71,71,1,66,4186,1084.4279924939704,6.37339306435143,170.96400269826384,27.369867796330016,145.07362800857777
3633,3600.0345043817879,7.0000095845504964,72,72,1,67,8623,3040.9679884321922,8.9875450380362061,172.81543524394468,46.646355967859392,190.64159530489519
3633,3600.0345043817879,7.0000095845504964,73,73,1,68,5699,1706.6575239434264,7.4134311203984504,173.89016185194799,159.13847018157566,160.25208931395053
3633,3600.0345043817879,7.0000095845504964,74,74,1,69,10749,4109.2212412121462,9.9362758160548772,182.97719213018635,33.066258404129641,45.978255049376479
3633,3600.0345043817879,7.0000095845504964,75,75,1,70,6362,1987.1982324479827,7.7992144310556144,183.09459755784019,148.09771509319043,243.2596250794515
3633,3600.0345043817879,7.0000095845504964,76,76,1,71,15331,6558.9757575948506,11.612234713585925,185.87987994461,154.81991133901602,71.728478053439986
3633,3600.0345043817879,7.0000095845504964,77,77,1,72,11956,4746.011064901707,10.425095587449144,188.10885266632437,79.772494402807823,215.91905782573136
3633,3600.0345043817879,7.0000095845504964,78,78,1,73,7094,2347.6780729081534,8.2448604910352881,188.1566401677272,7.0707494302905189,100.82993824881393
3633,3600.0345043817879,7.0000095845504964,80,80,1,74,6347,2000.2527115635487,7.8162555999343732,192.2588458191577,73.714314490336534,58.747563252028435
3633,3600.0345043817879,7.0000095845504964,81,81,1,75,9511,3491.9654728852875,9.4115346148492982,193.80595030720363,76.616334886472629,130.71204604143503
3633,3600.0345043817879,7.0000095845504964,82,82,1,76,14644,6191.7365415393133,11.391334893142069,196.17992222740997,232.16534015743807,66.9648959653303
3633,3600.0345043817879,7.0000095845504964,83,83,1,77,12673,5111.2753966894343,10.685960324882927,197.073219300711,237.92540397291842,230.21013221267214
3633,3600.0345043817879,7.0000095845504964,84,84,1,78,14805,6278.5738738569789,11.444341263865249,198.92278104499468,165.10348610122287,200.10966592842317
3633,3600.0345043817879,7.0000095845504964,85,85,1,79,8683,3080.2580952247272,9.026086671353923,201.10329696735474,183.43111294113049,49.596722306177512
3633,3600.0345043817879,7.0000095845504964,86,86,1,80,12996,5289.0180980023324,10.808418395161537,205.04520906814881,193.07630100530687,144.97996681892502
3633,3600.0345043817879,7.0000095845504964,87,87,1,81,15987,6945.2473288883311,11.83585680558539,207.20769854467372,123.77064470144818,99.041084839740989
3633,3600.0345043817879,7.0000095845504964,88,88,1,82,4057,1038.1369289183051,6.2813839952583184,206.12854850110625,243.3101998958746,28.72347898695492
3633,3600.0345043817879,7.0000095845504964,89,89,1,83,4760,1311.7543978662964,6.7908057315917274,214.71053469968393,15.787995251740909,123.93652334005733
3633,3600.0345043817879,7.0000095845504964,90,90,1,84,13784,5726.0472740795149,11.098273930323144,218.10625411882322,49.737285978592077,109.00669791820029
3633,3600.0345043817879,7.0000095845504964,91,91,1,85,14860,6308.5725685569014,11.462539131325993,218.16146518455349,198.05922148808648,189.05383771883058
3633,3600.0345043817879,7.0000095845504964,94,94,1,86,10003,3716.2823255360204,9.6088931373572137,233.07934841234669,125.35844806765199,236.37033812994281
3633,3600.0345043817879,7.0000095845504964,95,95,1,87,1845,288.22339485319469,4.0977633449794348,233.91638943830313,55.711102621311554,57.155582718500199
7266,7200.0690087635758,8.0000191691009928,4,4,1,0,16136,7019.5660494252506,11.877924264948506,241.98435474295158,120.75496217231476,187.72210980938274
7266,7200.0690087635758,8.0000191691009928,5,5,1,1,16523,7219.6286894336481,11.989711992023526,8.0909977832567996,148.22588269286706,126.88128519310492
7266,7200.0690087635758,8.0000191691009928,7,7,1,2,16469,7207.3197259777071,11.982894241676012,1.287437941175182,172.94267695304333,51.542715144645562
7266,7200.0690087635758,8.0000191691009928,9,9,1,3,15807,6846.2543088728844,11.779353973078056,19.871801546277009,24.267811813004613,238.32167131592223
7266,7200.0690087635758,8.0000191691009928,10,10,1,4,17187,7635.649956217565,12.215721806143563,22.173932032990802,80.786932381218222,220.64873445743569
7266,7200.0690087635758,8.0000191691009928,11,11,1,5,9569,3531.8994475064678,9.4472753578019297,27.740733859149852,129.23374075833618,22.341085744438892
7266,7200.0690087635758,8.0000191691009928,12,12,1,6,22023,10438.747180167638,13.557717802244744,30.818383074031566,230.16494821443962,95.543826104811245
7266,7200.0690087635758,8.0000191691009928,15,15,1,7,22367,10644.500666460122,13.646215585512449,36.600821385341888,81.456805414037518,118.56873151425283
7266,7200.0690087635758,8.0000191691009928,13,13,1,8,11384,4465.0516595033496,10.215178491697902,33.83547042571599,239.60623679001606,46.344059777606454
7266,7200.0690087635758,8.0000191691009928,16,16,1,9,7309,2443.8763440839616,8.3559700129239953,36.033307366141713,105.76746343827047,56.713138776877962
7266,7200.0690087635758,8.0000191691009928,19,19,1,10,7811,2664.0956403407226,8.5997745796542873,39.802005726893384,87.189347089466068,185.96833881652228
7266,7200.0690087635758,8.0000191691009928,20,20,1,11,12693,5139.2670441847349,10.705431867849008,42.387501989020215,141.90405466030819,82.091774384020496
7266,7200.0690087635758,8.0000191691009928,21,21,1,12,21519,10116.398900389497,13.416702157117086,48.03796137659937,49.862297654226211,194.83366921256572
7266,7200.0690087635758,8.0000191691009928,24,24,1,13,17237,7660.9534151926309,12.22920065019361,49.297146506348469,132.61440157122411,201.93147688038812
7266,7200.0690087635758,8.0000191691009928,22,22,1,14,7673,2614.4844645508301,8.546057661792398,46.81142819982,183.82892168450218,28.739678012191803
7266,7200.0690087635758,8.0000191691009928,28,28,1,15,20053,9247.9216903251327,13.021225042124174,57.036097813819346,208.93267861917687,69.046215183561017
7266,7200.0690087635758,8.0000191691009928,29,29,1,16,8183,2868.279605537999,8.8140929320085153,58.952732045934916,84.961899715673738,235.86740752892936
7266,7200.0690087635758,8.0000191691009928,32,32,1,17,22496,10704.422156826527,13.671774072133562,69.734428127190483,101.99690468324786,84.472620701630149
7266,7200.0690087635758,8.0000191691009928,30,30,1,18,1744,258.00546543862168,3.9492391367675221,64.167631731856943,32.808939139346151,86.474227799123497
7266,7200.0690087635758,8.0000191691009928,39,39,1,19,23473,11301.099494190808,13.921222124401023,84.022399432445368,195.68038658856969,166.70416552980291
7266,7200.0690087635758,8.0000191691009928,37,37,1,20,12641,5114.7368591706627,10.688372032404772,82.423209306713517,122.3597980890323,128.45632751271305
7266,7200.0690087635758,8.0000191691009928,40,40,1,21,10718,4096.9865096717613,9.9264046416747558,84.989925869595027,242.60120782114575,177.77357400596651
7266,7200.0690087635758,8.0000191691009928,41,41,1,22,5618,1677.4352597984171,7.3708751115360593,88.842115826418635,29.023505992807344,245.32184929205644
7266,7200.0690087635758,8.0000191691009928,42,42,1,23,10673,4083.5840480505817,9.9155687431109705,92.199380896824195,52.298434183665641,64.250981917552366
7266,7200.0690087635758,8.0000191691009928,43,43,1,24,18387,8319.6980847672367,12.570126618920762,97.758419873220319,223.82669299356465,23.039818606634302
7266,7200.0690087635758,8.0000191691009928,46,46,1,25,19258,8814.0669814983357,12.814330250359463,108.0497608215544,103.44850982121162,150.72875411089589
7266,7200.0690087635758,8.0000191691009928,45,45,1,26,17836,7975.2497495914968,12.394201742105464,107.09056878396643,217.31531816323903,125.62863823315747
7266,7200.0690087635758,8.0000191691009928,44,44,1,27,7889,2684.8554571253903,8.6220545623298541,105.5797217540876,159.59984620878299,144.16424850298168
7266,7200.0690087635758,8.0000191691009928,47,47,1,28,9225,3364.4309524487107,9.2955338526337741,109.36163457296104,11.461833453648003,132.20392323434618
7266,7200.0690087635758,8.0000191691009928,49,49,1,29,12694,5154.8973384337733,10.716273861433523,116.44151545102579,127.39020636783366,35.835292588114179
7266,7200.0690087635758,8.0000191691009928,51,51,1,30,24122,11697.36866458314,14.082070778360963,120.94835938066397,47.112130607464159,228.43183647056671
7266,7200.0690087635758,8.0000191691009928,53,53,1,31,18713,8498.9256633438708,12.6597503198032,124.9718411602905,245.68090634689347,58.63345510601426
7266,7200.0690087635758,8.0000191691009928,56,56,1,32,5787,1747.1855942625202,7.4716549993083392,131.23276797274937,119.86423604662775,182.84802007265756
7266,7200.0690087635758,8.0000191691009928,58,58,1,33,13122,5372.030028251701,10.864671693534028,135.71247860712913,63.745397572759565,68.044319292692208
7266,7200.0690087635758,8.0000191691009928,55,55,1,34,351,3.5566413537485264,0.9469284280258865,129.01724460277083,185.00410009670924,131.97234840665726
7266,7200.0690087635758,8.0000191691009928,59,59,1,35,11478,4491.6101425166817,10.235392032444331,140.0034230762746,9.0594643771773526,110.01426297407711
7266,7200.0690087635758,8.0000191691009928,61,61,1,36,20873,9724.6683357003476,13.241242207615075,144.39125536858171,99.311124447155663,53.788540650159163
7266,7200.0690087635758,8.0000191691009928,62,62,1,37,9653,3577.1599587953128,9.4874591105261921,144.67104475780283,210.50141342554679,29.235212647853668
7266,7200.0690087635758,8.0000191691009928,63,63,1,38,9381,3430.13028500674,9.3556507749143645,148.42223997721459,43.646636357385205,166.4805129526608
7266,7200.0690087635758,8.0000191691009928,67,67,1,39,22335,10623.907605796745,13.637409825311995,159.69728641771516,95.169475770238762,174.00851283929907
7266,7200.0690087635758,8.0000191691009928,68,68,1,40,11716,4594.7003858468415,10.313107131914583,158.71525893375329,181.9231847062272,96.577052905125129
7266,7200.0690087635758,8.0000191691009928,69,69,1,41,14274,5984.7234579443075,11.262941438444416,161.58762783618471,123.63941426098664,20.324094654609755
7266,7200.0690087635758,8.0000191691009928,70,70,1,42,11229,4355.3681970306479,10.130839198712593,162.78979488172669,212.78445341711466,242.97144985228684
7266,7200.0690087635758,8.0000191691009928,72,72,1,43,5642,1687.9037234063269,7.3861766014704129,172.62307028397979,46.354079673259498,190.2374710908517
7266,7200.0690087635758,8.0000191691009928,74,74,1,44,12093,4813.624457709725,10.474368897216083,182.95532625139893,33.28333604243106,46.083022840142696
7266,7200.0690087635758,8.0000191691009928,76,76,1,45,20201,9324.0565876109576,13.056860489249441,185.72535019375397,155.02833937900417,71.557553160893207
7266,7200.0690087635758,8.0000191691009928,77,77,1,46,12599,5078.3083207487352,10.662936391759375,188.09588365290981,79.670071887181408,215.74489381314777
7266,7200.0690087635758,8.0000191691009928,81,81,1,47,7477,2503.6000133967796,8.4234909182589295,193.53812354576775,76.088835913686282,130.85607789639221
7266,7200.0690087635758,8.0000191691009928,82,82,1,48,18526,8414.7465199055569,12.617814632899711,196.28336867212232,232.14246540121397,67.245798864974631
7266,7200.0690087635758,8.0000191691009928,83,83,1,49,15608,6722.499042520376,11.707946068876206,197.00961006085805,238.0198454784429,230.15473522411446
7266,7200.0690087635758,8.0000191691009928,84,84,1,50,19147,8725.7561397774152,12.771389615338853,198.67581227010351,165.1377622905994,200.39296035764377
7266,7200.0690087635758,8.0000191691009928,86,86,1,51,15266,6541.3914414853989,11.601848134779683,204.97231960621454,193.2381970860495,144.72738446257765
7266,7200.0690087635758,8.0000191691009928,87,87,1,52,19246,8787.6684037978084,12.801524267280245,207.26647932963226,123.70793109680447,99.106234499700733
7266,7200.0690087635758,8.0000191691009928,85,85,1,53,2011,337.98968677626169,4.3212057613704618,201.18218531088817,184.26806792964175,49.219361818893582
7266,7200.0690087635758,8.0000191691009928,90,90,1,54,19451,8926.9263138463011,12.868791965749605,218.20824473569789,49.304553549177733,109.30500253548043
7266,7200.0690087635758,8.0000191691009928,91,91,1,55,18507,8353.7714869571209,12.58726360275949,218.28641070840732,198.14109185104948,189.18798194605364
7266,7200.0690087635758,8.0000191691009928,94,94,1,56,10389,3925.6079945323263,9.7860201734809191,233.18758822109157,125.56087911150547,236.38686936630901
10899,10800.103513145363,9.00002875365149,4,4,1,0,16837,7429.651917696453,12.10486506599123,241.97195522370737,120.48656193172491,187.73385825573271
10899,10800.103513145363,9.00002875365149,5,5,1,1,17488,7786.9890117117711,12.29589985956714,8.0979942028890299,148.31702587370947,126.79011284989527
10899,10800.103513145363,9.00002875365149,7,7,1,2,18512,8389.685558883928,12.605275970399962,1.4390806195108368,172.92189530969324,51.072273565855461
10899,10800.103513145363,9.00002875365149,9,9,1,3,16770,7364.9008014571718,12.06959685370051,19.870863599860943,24.110814961226254,238.50615969282512
10899,10800.103513145363,9.00002875365149,10,10,1,4,20408,9489.2993561611056,13.133541358100043,22.534279456937782,81.19121937364163,220.52237747642246
10899,10800.103513145363,9.00002875365149,12,12,1,5,25069,12270.596386932068,14.30844221619718,30.890355130441815,230.34883209536173,95.401379097149814
10899,10800.103513145363,9.00002875365149,11,11,1,6,6372,2011.9074705689916,7.8314070549217663,27.792090268458246,129.1864600888122,22.394626881325948
10899,10800.103513145363,9.00002875365149,15,15,1,7,25986,12812.86338192099,14.51618614780041,36.615702894919046,81.461254700146881,118.50669593515117
10899,10800.103513145363,9.00002875365149,13,13,1,8,7467,2515.887053229224,8.4372485620621447,33.806463202213692,239.66524907643267,46.051948489371028
10899,10800.103513145363,9.00002875365149,20,20,1,9,10982,4245.8206325781739,10.045178951296322,42.398168777502391,141.84612452283892,81.662238979177943
10899,10800.103513145363,9.00002875365149,21,21,1,10,26487,13115.219778129411,14.629483309375921,48.096353529595277,50.273741359175673,194.87299899051439
10899,10800.103513145363,9.00002875365149,24,24,1,11,19327,8865.2808006972937,12.839101403182786,49.362268462362501,132.64756175939488,202.56080005408862
10899,10800.103513145363,9.00002875365149,28,28,1,12,23838,11507.829075222604,14.005596100180366,56.953232105270722,208.72708031824598,68.555032183184011
10899,10800.103513145363,9.00002875365149,32,32,1,13,27693,13882.739936531092,14.909469569863283,69.529384177888602,102.13526846722436,84.215092363016367
10899,10800.103513145363,9.00002875365149,39,39,1,14,28251,14224.966406488864,15.030988644859336,84.151349977810654,195.63085696037285,166.60044013110206
10899,10800.103513145363,9.00002875365149,37,37,1,15,11087,4293.622403538383,10.082736394186091,82.6741523266233,122.40013168236368,128.7828143064875
10899,10800.103513145363,9.00002875365149,40,40,1,16,7427,2483.5990676980946,8.4009995145848571,85.125016539749581,243.07532860211782,177.50931452812208
10899,10800.103513145363,9.00002875365149,42,42,1,17,6886,2238.3373602122583,8.1148216292267623,92.130355087582572,51.558917429655665,63.767191568802502
10899,10800.103513145363,9.00002875365149,43,43,1,18,21338,10036.966674117317,13.381494634396613,97.767520758188681,224.01147308455845,22.917049865820438
10899,10800.103513145363,9.00002875365149,45,45,1,19,21091,9861.4342069107061,13.303027558091761,107.24189182404584,217.69262031234052,125.9410517935593
10899,10800.103513145363,9.00002875365149,46,46,1,20,22510,10771.882279635642,13.70043415395067,107.95160370586416,103.85470603205897,150.3489019024309
10899,10800.103513145363,9.00002875365149,47,47,1,21,4082,1042.3187004799865,6.2898068154677249,109.71070599899188,11.960889670091316,132.68804962405144
10899,10800.103513145363,9.00002875365149,51,51,1,22,29610,15108.842131548683,15.336073855886692,120.86398281563231,46.99387769126502,228.61786035759826
10899,10800.103513145363,9.00002875365149,49,49,1,23,10844,4171.9276857520163,9.9865631870057765,116.2900178015862,127.63934805701545,36.476678768429608
10899,10800.103513145363,9.00002875365149,53,53,1,24,21665,10211.150662212634,13.458459696077227,125.01874564162455,0.00081025969641663955,58.404901624975416
10899,10800.103513145363,9.00002875365149,58,58,1,25,11549,4536.8017428720541,10.269604786306084,135.30573189244359,63.999889150414027,68.121058725293594
10899,10800.103513145363,9.00002875365149,59,59,1,26,10137,3816.09802684837,9.6941626991439236,139.76743390932725,9.1338954052386612,110.05132515639608
10899,10800.103513145363,9.00002875365149,61,61,1,27,25292,12386.381249654987,14.353306031458631,144.3799636793899,99.272184629357142,53.369169924241831
10899,10800.103513145363,9.00002875365149,62,62,1,28,4161,1076.276794171903,6.3573841632747303,145.04653269037328,209.5132744798201,29.331390274157226
10899,10800.103513145363,9.00002875365149,63,63,1,29,5910,1802.0094989557101,7.5490011039691547,148.54231351566941,43.361155627317352,166.47705676069614
10899,10800.103513145363,9.00002875365149,67,67,1,30,27438,13743.959305363463,14.859621605555933,159.67613769475668,94.785813705123331,174.3929025031382
10899,10800.103513145363,9.00002875365149,68,68,1,31,9658,3574.5041280962814,9.4851105692430355,158.69727897852701,181.97377626508489,96.641597526061119
10899,10800.103513145363,9.00002875365149,69,69,1,32,13623,5636.2402354531223,11.039946332597365,161.65752156925529,123.45989292427528,19.666730869157565
10899,10800.103513145363,9.00002875365149,70,70,1,33,9919,3692.2380059568341,9.5881251269206071,162.6225996494384,212.50255491323489,243.32716679211686
10899,10800.103513145363,9.00002875365149,74,74,1,34,10530,3999.8558347606822,9.8473319120041971,182.75866607470454,33.341086774371306,46.075599369282749
10899,10800.103513145363,9.00002875365149,76,76,1,35,23410,11230.618671913478,13.892221228466761,185.55368160804625,155.01004755870883,71.703297559495212
10899,10800.103513145363,9.00002875365149,77,77,1,36,10815,4176.4605597423242,9.9901787376617204,188.0279511795049,79.673098393462226,215.45247964202315
10899,10800.103513145363,9.00002875365149,82,82,1,37,19574,9020.0199878581279,12.913371052243377,196.2116384737227,231.98845795649157,67.171653832809923
10899,10800.103513145363,9.00002875365149,84,84,1,38,22054,10426.576682063158,13.552446788285563,198.59525611115527,165.24975379439255,200.62030391117557
10899,10800.103513145363,9.00002875365149,83,83,1,39,16929,7469.1773429846553,12.126292897762726,196.8209701548619,238.04818643935494,230.07361078376576
10899,10800.103513145363,9.00002875365149,86,86,1,40,14732,6255.2640144639927,11.430160931099294,204.91244660011407,193.21747556233484,144.62405215830515
10899,10800.103513145363,9.00002875365149,87,87,1,41,20915,9800.043614169037,13.275364870110479,207.38459049904762,123.74458347319845,99.135227033297426
10899,10800.103513145363,9.00002875365149,90,90,1,42,22765,10881.221708795925,13.746633371245702,218.02737190055859,49.34792264907216,109.42511727317209
10899,10800.103513145363,9.00002875365149,91,91,1,43,20569,9543.4192362511767,13.158462013756846,218.33578163002218,198.06042408648915,189.31766911431617
10899,10800.103513145363,9.00002875365149,94,94,1,44,7763,2639.8126012481448,8.5735660134425054,233.34329193520216,125.45503610949962,236.42201991907791
14532,14400.138017527152,10.000038338201986,4,4,1,0,16524,7250.4608869623498,12.006755535953422,241.8493532976982,120.3582313161392,187.89887685701763
14532,14400.138017527152,10.000038338201986,5,5,1,1,18157,8152.7495157929061,12.485477700824442,8.1049108428720267,148.44634475655221,126.67095434957375
14532,14400.138017527152,10.000038338201986,7,7,1,2,20103,9295.4873732516262,13.043511296628179,1.47428669539418,172.93242642210953,50.63091663797195
14532,14400.138017527152,10.000038338201986,9,9,1,3,16472,7216.7328159953413,11.988108708655176,19.78551884950107,23.88668117214748,238.70122731679979
14532,14400.138017527152,10.000038338201986,10,10,1,4,22358,10619.017826128746,13.635317244280932,22.421959947698898,81.576348144849888,220.84804232865989
14532,14400.138017527152,10.000038338201986,12,12,1,5,27770,13945.915142768774,14.932051175057456,30.94356253284343,230.52361738598842,95.292963698360623
14532,14400.138017527152,10.000038338201986,15,15,1,6,28913,14618.6255656869,15.168383874024901,36.664447146421367,81.481466710807041,118.44520267481778
14532,14400.138017527152,10.000038338201986,21,21,1,7,29970,15304.688885539623,15.402053660071626,48.091733819179453,50.194183553234396,194.82284133207972
14532,14400.138017527152,10.000038338201986,20,20,1,8,5302,1550.0668049810884,7.1793854218719897,42.412751767836752,141.91816737139092,81.51816180591068
14532,14400.138017527152,10.000038338201986,24,24,1,9,19897,9199.8322624239081,12.998615573028323,49.322585991262713,132.90911239017805,203.16951968243987
14532,14400.138017527152,10.000038338201986,28,28,1,10,27139,13535.858475272498,14.784242081900958,56.823243020057291,208.57997457097559,68.317587824393513
14532,14400.138017527152,10.000038338201986,32,32,1,11,32820,17099.010581920273,15.981864979053146,69.482194599408999,102.42306019926289,84.315763970114915
14532,14400.138017527152,10.000038338201986,39,39,1,12,32405,16827.190913794591,15.896725349675256,84.188153728424993,195.88172258077265,166.53068402600309
14532,14400.138017527152,10.000038338201986,37,37,1,13,5730,1727.7342344319839,7.4438242327985851,82.919218834176291,122.17916664495243,128.91889253544676
14532,14400.138017527152,10.000038338201986,43,43,1,14,24003,11623.482341928097,14.052358373611483,97.820525495749109,224.01577435925196,23.042619482640628
14532,14400.138017527152,10.000038338201986,46,46,1,15,24755,12116.920071978819,14.248458373096438,107.67308552659478,104.18836517492322,149.54790030055526
14532,14400.138017527152,10.000038338201986,45,45,1,16,24163,11702.696498273775,14.084208454085299,107.43322284791768,218.0616360666873,126.12845385905267
14532,14400.138017527152,10.000038338201986,51,51,1,17,34085,17931.287490262988,16.237068446619023,120.98379928739401,46.904244914400152,228.82008536661709
14532,14400.138017527152,10.000038338201986,49,49,1,18,5913,1797.9600011812749,7.5433421270217158,116.25050640797532,127.89336346711428,37.071900353636146
14532,14400.138017527152,10.000038338201986,53,53,1,19,24704,12050.665512636822,14.222441002485402,125.14056645233532,0.44761115703965465,58.298493466246036
14532,14400.138017527152,10.000038338201986,58,58,1,20,7972,2748.6146096561197,8.689772641527048,134.76851383289431,63.793812515137098,67.963726817436779
14532,14400.138017527152,10.000038338201986,61,61,1,21,31016,15915.345747217158,15.60423526254753,144.3097577841263,99.197903700652105,52.877696120323073
14532,14400.138017527152,10.000038338201986,59,59,1,22,6148,1904.6163440575442,7.6896451511608062,139.72604791708065,9.1768012827686629,110.19866389321496
14532,14400.138017527152,10.000038338201986,67,67,1,23,31551,16331.097252873949,15.738943823190573,159.77821987024109,94.348396083928407,174.91156204849014
14532,14400.138017527152,10.000038338201986,69,69,1,24,12328,4934.8380270643702,10.561560661306777,161.75134627349425,123.33976201612069,19.218065979767623
14532,14400.138017527152,10.000038338201986,68,68,1,25,3472,810.60447547538945,5.7841577559253139,158.77127316209561,182.03847379986959,96.660553434901374
14532,14400.138017527152,10.000038338201986,70,70,1,26,5175,1488.7235118623073,7.0834007431476049,162.64051621136983,212.210992131891,243.34354070108884
14532,14400.138017527152,10.000038338201986,76,76,1,27,27203,13539.691794728613,14.785637569644528,185.33858896736433,155.00775767938296,71.990739739012184
14532,14400.138017527152,10.000038338201986,74,74,1,28,6513,2069.320331120487,7.9052032127681375,182.53007162201351,33.4320156840583,46.115459557572059
14532,14400.138017527152,10.000038338201986,77,77,1,29,5327,1556.6347143145074,7.1895112455604133,187.99647464688306,79.902010471027282,215.33075395429626
14532,14400.138017527152,10.000038338201986,82,82,1,30,20220,9407.8914819799811,13.09587627355203,196.1086512423735,231.92193207604726,67.066622300276222
14532,14400.138017527152,10.000038338201986,83,83,1,31,18068,8117.3931770735289,12.467402798306422,196.59781861994591,237.96567179198954,230.08487546938119
14532,14400.138017527152,10.000038338201986,84,84,1,32,25212,12322.705941530437,14.328668170841093,198.57225861626182,165.36041342525289,200.88046775713011
14532,14400.138017527152,10.000038338201986,87,87,1,33,21853,10330.83338308448,13.510836838210007,207.52214039006458,124.01887930272424,99.061376272639194
14532,14400.138017527152,10.000038338201986,86,86,1,34,12852,5231.0376843775339,10.768777730319476,204.8658742174552,193.16107478141396,144.45976393426059
14532,14400.138017527152,10.000038338201986,90,90,1,35,25186,12329.431812286828,14.331274612484178,217.95917000152616,49.097682671104884,109.25890160375451
14532,14400.138017527152,10.000038338201986,91,91,1,36,22552,10711.921243578463,13.674965958185039,218.36765743021337,197.95318750184344,189.41721806906787
18165,18000.172521908939,11.000047922752483,4,4,1,0,14155,5943.4458458552426,11.236987563681978,241.78809044516689,120.28082905402113,187.71535300522396
18165,18000.172521908939,11.000047922752483,5,5,1,1,18068,8112.2357304323923,12.464761819611526,8.0339930234912718,148.54340125398375,126.67529861661335
18165,18000.172521908939,11.000047922752483,7,7,1,2,19954,9201.8295807722407,12.999556187814544,1.4188831209507877,173.10444303615125,50.320929354304177
18165,18000.172521908939,11.000047922752483,9,9,1,3,14081,5902.1346509683735,11.21089197839258,19.658094719290148,23.707378549603067,238.73307987058394
18165,18000.172521908939,11.000047922752483,10,10,1,4,23348,11197.190978348168,13.878424231909653,22.347897307480522,81.779105076696879,220.88755564731497
18165,18000.172521908939,11.000047922752483,12,12,1,5,29143,14798.132867303941,15.230217461364544,30.98214771055321,230.59125523004278,95.418748322343745
18165,18000.172521908939,11.000047922752483,15,15,1,6,30820,15856.529149819367,15.58498924774327,36.688546022879592,81.514652574039872,118.47285107591294
18165,18000.172521908939,11.000047922752483,21,21,1,7,32569,16929.067167543279,15.928741814205134,47.998392918973771,50.234194587786575,194.81821702364272
18165,18000.172521908939,11.000047922752483,24,24,1,8,18975,8674.96449804025,12.746561105648794,49.288737673798643,133.08970061549297,203.56548002812761
18165,18000.172521908939,11.000047922752483,28,28,1,9,28990,14670.469531435101,15.186293933864595,56.737561943418662,208.27380003383507,68.349523913776153
18165,18000.172521908939,11.000047922752483,32,32,1,10,36123,19261.419167502463,16.629016250578402,69.435322099308991,102.64390011791595,84.56053419036283
18165,18000.172521908939,11.000047922752483,39,39,1,11,35155,18582.517980926601,16.431302237417654,84.211383006929609,195.87289340677927,166.2928851445493
18165,18000.172521908939,11.000047922752483,43,43,1,12,25473,12482.966039523917,14.39051687942527,97.858663333825973,224.0206574239925,23.17178636261464
18165,18000.172521908939,11.000047922752483,46,46,1,13,25562,12641.427658757502,14.451153189887409,107.48281750906054,104.56800316245142,148.86780658783761
18165,18000.172521908939,11.000047922752483,45,45,1,14,25623,12612.662628985585,14.440183871244878,107.57751913397485,218.14418794357209,126.24063946095744
18165,18000.172521908939,11.000047922752483,51,51,1,15,37073,19869.671380267631,16.802246754825525,121.09585037841312,46.890650584690277,229.1282281694462
18165,18000.172521908939,11.000047922752483,53,53,1,16,26624,13227.582535740159,14.671143227282,125.28821392914723,0.90306262177593477,58.138037567747979
18165,18000.172521908939,11.000047922752483,61,61,1,17,36759,19588.75877341822,16.722688610714819,144.28536090189871,99.040167022059777,52.376688414265594
18165,18000.172521908939,11.000047922752483,67,67,1,18,34520,18236.214374410018,16.328590333191023,159.85067288087041,94.143206147734915,175.30870368815746
18165,18000.172521908939,11.000047922752483,69,69,1,19,8980,3212.8605458566594,9.1537930306550788,161.84639301205874,123.27405055736087,19.224809227079653
18165,18000.172521908939,11.000047922752483,76,76,1,20,30392,15506.616549848732,15.469495345634448,185.27116956827805,154.8035244201796,72.264095342430309
18165,18000.172521908939,11.000047922752483,82,82,1,21,19439,8954.652855950073,12.88210144906979,196.02900430559643,231.91283454165779,67.015794047076866
18165,18000.172521908939,11.000047922752483,84,84,1,22,27785,13930.511312207214,14.926551463700907,198.55189367071421,165.54345488993883,200.90932790321611
18165,18000.172521908939,11.000047922752483,83,83,1,23,17960,8067.0613745988321,12.441581360432647,196.47723609006238,237.88688787680027,230.06666465208116
18165,18000.172521908939,11.000047922752483,87,87,1,24,22012,10399.03753516104,13.540504489024743,207.67475902926185,124.41412830885014,99.032888162948922
18165,18000.172521908939,11.000047922752483,86,86,1,25,8302,2921.9063844277143,8.8686849909232954,204.898929187362,193.0439536513247,144.34264042769175
18165,18000.172521908939,11.000047922752483,90,90,1,26,26932,13406.160142716482,14.736870410525523,217.90414473468897,48.833217923141895,109.06903010385136
18165,18000.172521908939,11.000047922752483,91,91,1,27,24102,11652.124312584214,14.063891265398048,218.36636884310482,197.82201360778566,189.39382359153868
21798,21600.207026290725,12.00005750730298,4,4,1,0,9859,3683.5064570628983,9.5805610366872482,241.77777579159078,120.29895793380419,187.53944094907135
21798,21600.207026290725,12.00005750730298,5,5,1,1,17155,7582.6340255767745,12.187384007151143,7.8777882486329212,148.64513002504091,126.81186861602207
21798,21600.207026290725,12.00005750730298,7,7,1,2,18727,8487.9991419658054,12.654322717940962,1.3166601730216501,173.35047130233281,49.953879890007535
21798,21600.207026290725,12.00005750730298,9,9,1,3,9562,3533.1746990398915,9.4484122533878327,19.548409718497606,23.473917991872806,238.72278660964281
21798,21600.207026290725,12.00005750730298,10,10,1,4,24049,11632.412741344049,14.055956292718994,22.277165773646232,81.966165846238241,220.85602890555333
21798,21600.207026290725,12.00005750730298,12,12,1,5,30149,15423.238628940138,15.441719395264393,31.006428251138448,230.64620416944214,95.510166663584386
21798,21600.207026290725,12.00005750730298,15,15,1,6,32129,16691.490094904573,15.85387756439493,36.67922299415973,81.497278717262077,118.53673087500611
21798,21600.207026290725,12.00005750730298,21,21,1,7,35027,18506.652722647454,16.408910846714729,47.871694564726333,50.263986554004774,194.84942126254049
21798,21600.207026290725,12.00005750730298,24,24,1,8,17122,7602.828491636601,12.198193775163679,49.181370534678756,133.18793241735256,203.86423443839223
21798,21600.207026290725,12.00005750730298,28,28,1,9,30257,15473.149564291949,15.458358373330137,56.606127319030968,208.07392929803061,68.363002831691446
21798,21600.207026290725,12.00005750730298,32,32,1,10,37602,20175.28093924767,16.887952309591316,69.321460460295498,102.68169779070988,84.779302688954729
21798,21600.207026290725,12.00005750730298,39,39,1,11,37510,20100.993989610401,16.867199233703083,84.2114914801857,195.89916778787551,166.00659086184035
21798,21600.207026290725,12.00005750730298,43,43,1,12,26132,12889.526618643729,14.54508017428884,97.840152132023661,224.07868121693983,23.314127768035203
21798,21600.207026290725,12.00005750730298,46,46,1,13,24631,12052.945731064639,14.223337999329425,107.44215172590751,104.82645082204559,148.47843986204691
21798,21600.207026290725,12.00005750730298,45,45,1,14,25890,12759.053969887957,14.495836716314814,107.60793673301488,218.09445404642051,126.47930094483714
21798,21600.207026290725,12.00005750730298,51,51,1,15,39021,21140.327397438723,17.153037346849626,121.13802765849979,46.845021474351697,229.36216583923778
21798,21600.207026290725,12.00005750730298,53,53,1,16,26794,13319.630530807981,14.705095737034217,125.31179430407433,1.1369155032777023,57.799604549400144
21798,21600.207026290725,12.00005750730298,61,61,1,17,40277,21901.187043990838,17.356401247288389,144.46306162352985,99.283730037811978,51.632859370546043
21798,21600.207026290725,12.00005750730298,67,67,1,18,36672,19613.984594273697,16.729863858557053,159.87156415280921,94.058246126356323,175.58272422000198
21798,21600.207026290725,12.00005750730298,76,76,1,19,33262,17321.983203346157,16.051033504487663,185.32154224473021,154.53481665634837,72.483816351374713
21798,21600.207026290725,12.00005750730298,84,84,1,20,30499,15569.929002335848,15.490520386661913,198.60517727053505,165.67812663362486,200.85461852214104
21798,21600.207026290725,12.00005750730298,82,82,1,21,16514,7268.5457038710301,12.016730059933796,196.06060940202261,231.73491092370685,67.02926510784539
21798,21600.207026290725,12.00005750730298,83,83,1,22,16167,7057.570865266558,11.89932188811278,196.50058328586286,237.85143456320395,229.93720384845005
21798,21600.207026290725,12.00005750730298,87,87,1,23,21342,10009.430148237221,13.369246001384807,207.85684768806271,124.91173124238659,99.032485610321444
21798,21600.207026290725,12.00005750730298,90,90,1,24,27861,13961.884881588701,14.937748661636599,217.94001819381563,48.577883171498833,108.9700836403828
21798,21600.207026290725,12.00005750730298,91,91,1,25,25600,12524.913945236378,14.40661821115698,218.39094355451502,197.68335058796896,189.3860613361781
25431,25200.241530672516,13.000067091853477,5,5,1,0,15492,6657.9883081450962,11.670374865387235,7.7644747123064128,148.63649851290197,126.97521499049132
25431,25200.241530672516,13.000067091853477,7,7,1,1,16742,7379.050953007827,12.077321663064888,1.2302007749391615,173.63268077578456,49.546206488045492
25431,25200.241530672516,13.000067091853477,10,10,1,2,25286,12386.149674140703,14.353216581202108,22.162674743165542,82.138691930772808,220.78512035769941
25431,25200.241530672516,13.000067091853477,12,12,1,3,31178,16079.551709882569,15.657717113891987,31.029621512875259,230.72592667054781,95.525722254141144
25431,25200.241530672516,13.000067091853477,15,15,1,4,33672,17658.160969383858,16.15420614792103,36.661866638710606,81.493811675215369,118.63675932435514
25431,25200.241530672516,13.000067091853477,21,21,1,5,38000,20429.107833504801,16.958480271376839,47.718098478847082,50.268303991727869,194.90793417207541
25431,25200.241530672516,13.000067091853477,24,24,1,6,14672,6222.9094225422405,11.410419816872954,48.998772592554076,133.16185504648209,203.98161538213412
25431,25200.241530672516,13.000067091853477,28,28,1,7,31729,16398.8187822242,15.760669153093419,56.457873492833166,207.90581657148724,68.342029479842736
25431,25200.241530672516,13.000067091853477,32,32,1,8,38923,21052.539420929836,17.129260994046476,69.188883629574178,102.72261831506847,85.020300468771325
25431,25200.241530672516,13.000067091853477,39,39,1,9,40048,21743.445523925122,17.314631448456808,84.195476894117789,195.93216534700804,165.69193527541847
25431,25200.241530672516,13.000067091853477,43,43,1,10,26782,13285.253236220435,14.692433800703675,97.800842667334464,224.18340873708121,23.446936956674413
25431,25200.241530672516,13.000067091853477,46,46,1,11,23149,11135.094169585211,13.852721240766259,107.38582707700313,105.09256313022772,148.1037394788157
25431,25200.241530672516,13.000067091853477,45,45,1,12,25757,12678.672999501765,14.465331714667943,107.60565142008211,218.05319231462363,126.71833525727783
25431,25200.241530672516,13.000067091853477,51,51,1,13,40981,22411.298052799317,17.490120463676156,121.15891958861305,46.716041351228739,229.61804074918064
25431,25200.241530672516,13.000067091853477,53,53,1,14,26853,13360.133905387398,14.719986122458515,125.34330136273439,1.3342871246957824,57.484944589515791
25431,25200.241530672516,13.000067091853477,61,61,1,15,42577,23409.055139935394,17.745916148827924,144.53904768624869,99.241676047029813,51.306460659341532
25431,25200.241530672516,13.000067091853477,67,67,1,16,38892,21056.940542770197,17.130454558876238,159.90090952555622,94.003725964356917,175.78501952436858
25431,25200.241530672516,13.000067091853477,76,76,1,17,35969,19063.436471081292,16.571844928502163,185.44334802288279,154.31277190428014,72.777374646769744
25431,25200.241530672516,13.000067091853477,84,84,1,18,33113,17227.841797659778,16.021902648435418,198.74693414686911,165.75804345692939,200.86678276690631
25431,25200.241530672516,13.000067091853477,82,82,1,19,11855,4736.6245028150042,10.418218205649007,196.10703835762791,231.59611464284035,66.958315684247552
25431,25200.241530672516,13.000067091853477,83,83,1,20,13428,5542.3215462502549,10.978281680610959,196.56248469763588,237.88699917706967,229.86732446835524
25431,25200.241530672516,13.000067091853477,87,87,1,21,20064,9260.6160532473259,13.027180274988595,208.07467183607056,125.39882917950609,99.045332373895619
25431,25200.241530672516,13.000067091853477,90,90,1,22,28763,14540.02482535104,15.141149452952398,217.98501319929645,48.333574073886744,108.86069340982452
25431,25200.241530672516,13.000067091853477,91,91,1,23,26242,12944.045672693488,14.565558521365672,218.5102743306129,197.58655872515541,189.82687426241628
29064,28800.276035054303,14.000076676403973,5,5,1,0,12400,4972.7233714576396,10.588519247131067,7.6566094749040836,148.69113309767801,126.93435161727471
29064,28800.276035054303,14.000076676403973,7,7,1,1,13699,5683.7089352590674,11.070852724359753,1.1246460159581222,173.94777892378536,49.185285219131586
29064,28800.276035054303,14.000076676403973,10,10,1,2,25116,12296.368875212675,14.318452766926233,22.182768544932248,82.318478105826586,220.77298728380717
29064,28800.276035054303,14.000076676403973,12,12,1,3,32314,16763.434946442288,15.876623087252902,31.027510867433524,230.78038641072843,95.508218211504712
29064,28800.276035054303,14.000076676403973,15,15,1,4,34954,18467.62440129658,16.397367917303491,36.675380125483308,81.492024532619752,118.69579350541979
29064,28800.276035054303,14.000076676403973,21,21,1,5,40061,21783.62989649866,17.325291356893178,47.653876746644578,50.391553042192228,194.77758177776312
29064,28800.276035054303,14.000076676403973,24,24,1,6,10002,3742.05792861792,9.6310572767985878,48.976306312162926,133.08396705447555,204.06898261231825
29064,28800.276035054303,14.000076676403973,28,28,1,7,33288,17389.800872003336,16.071953475511812,56.310327868599558,207.7245225994547,68.34929158085771
29064,28800.276035054303,14.000076676403973,32,32,1,8,40111,21849.354518901291,17.3426982344936,69.059517051192657,102.79783887659197,85.295577765772734
29064,28800.276035054303,14.000076676403973,39,39,1,9,42686,23452.656037437173,17.756926959014752,84.203911996665752,195.95672118560725,165.33691830817091
29064,28800.276035054303,14.000076676403973,43,43,1,10,27222,13555.6446714544,14.791442253135274,97.808355151697711,224.27138653544384,23.608859321376375
29064,28800.276035054303,14.000076676403973,46,46,1,11,20942,9838.3566744358141,13.292642292448955,107.33290910839749,105.38716064600818,147.7265345010585
29064,28800.276035054303,14.000076676403973,45,45,1,12,25366,12436.687481858035,14.372711360635632,107.61071021082664,218.00682048387068,126.94364638586468
29064,28800.276035054303,14.000076676403973,51,51,1,13,42793,23605.239564951564,17.795352739831625,121.19453390275899,46.556677333753939,229.88567151381955
29064,28800.276035054303,14.000076676403973,53,53,1,14,27008,13456.645441911824,14.755346079754815,125.42200087792428,1.4372524098069299,57.244220326486236
29064,28800.276035054303,14.000076676403973,61,61,1,15,44834,24920.939661029977,18.120017027666425,144.608098550959,99.20375546531919,51.004632530339343
29064,28800.276035054303,14.000076676403973,67,67,1,16,40989,22418.466777412385,17.49198512572384,159.85907397387726,93.992252895288217,175.91923412156822
29064,28800.276035054303,14.000076676403973,76,76,1,17,39424,21286.434011184454,17.192463110492834,185.60493967422542,154.15677497280817,73.066087808249833
29064,28800.276035054303,14.000076676403973,84,84+91,2,18,62055,31841.891729828789,19.662410131859762,206.91262644876801,178.85163342888038,196.52849874001188
29064,28800.276035054303,14.000076676403973,83,83,1,19,8460,2969.8461809725418,8.9169250374079958,196.53616566006028,237.87868983599162,229.8108895807502
29064,28800.276035054303,14.000076676403973,82,82,1,20,3138,704.50500632344233,5.5199078137395974,196.13937377741223,231.41008272452586,66.908645903891809
29064,28800.276035054303,14.000076676403973,87,87,1,21,18012,8077.1045504648,12.446742313342545,208.30288251597605,125.942749500707,99.023334948081825
29064,28800.276035054303,14.000076676403973,90,90,1,22,29563,15039.768483036496,15.312667319347067,218.00061501943176,48.040841184715731,108.69830333850952
32697,32400.31053943609,15.00008626095447,5,5,1,0,7293,2426.0891768934848,8.335648323561724,7.5515334686932816,148.70483684559352,126.9081348662708
32697,32400.31053943609,15.00008626095447,7,7,1,1,8648,3078.2571453240698,9.0241317854467979,1.0630269148126463,174.20334518612424,48.768898543424697
32697,32400.31053943609,15.00008626095447,10,10,1,2,25132,12316.593789892511,14.326298737888745,22.221450522927917,82.585714912419022,220.73883513787925
32697,32400.31053943609,15.00008626095447,12,12,1,3,33412,17476.177288959381,16.09851972917777,31.049884580028646,230.81944067514593,95.490697402760802
32697,32400.31053943609,15.00008626095447,15,15,1,4,36522,19499.511535680886,16.6972535112744,36.682391564288913,81.537573804480942,118.81421046194207
32697,32400.31053943609,15.00008626095447,21,21,1,5,42490,23385.917398817754,17.74006747522526,47.589403183054763,50.553279648252065,194.64661213703803
32697,32400.31053943609,15.00008626095447,28,28,1,6,35218,18611.343176076363,16.439793924852186,56.155573220266568,207.52416357128033,68.323405310347127
32697,32400.31053943609,15.00008626095447,32,32,1,7,41468,22769.343552657971,17.582770205583365,68.917299236407317,102.91874754770215,85.588864139221883
32697,32400.31053943609,15.00008626095447,39,39,1,8,45829,25550.942280578725,18.27143976529036,84.197211676603885,195.94599753676988,164.99453868568858
32697,32400.31053943609,15.00008626095447,43,43,1,9,27690,13838.959400119435,14.893780257162165,97.797733715039342,224.36441526613311,23.731279363670986
32697,32400.31053943609,15.00008626095447,45,45,1,10,24577,11954.305607842778,14.184430868054781,107.59076525677791,217.95584738450924,127.18276028644414
32697,32400.31053943609,15.00008626095447,46,46,1,11,18146,8191.7675732240432,12.505363997409848,107.25726879348369,105.72643337785679,147.36585032922704
32697,32400.31053943609,15.00008626095447,51,51,1,12,44692,24876.946764692457,18.109348334690857,121.21612271516867,46.406219475579185,230.13964929411989
32697,32400.31053943609,15.00008626095447,53,53,1,13,26816,13330.429713376549,14.709068823095198,125.42738710772217,1.4897958321942071,57.033299206451886
32697,32400.31053943609,15.00008626095447,61,61,1,14,47142,26504.474843366163,18.495959456574848,144.66691875130999,99.178386869655426,50.696389911530915
32697,32400.31053943609,15.00008626095447,67,67,1,15,43501,24055.381475949311,17.907757844046039,159.81098201413135,94.028127593926797,176.01220241329511
32697,32400.31053943609,15.00008626095447,76,76,1,16,43375,23899.789890483255,17.869064833001396,185.82481654565859,153.92842068659081,73.350534827600427
32697,32400.31053943609,15.00008626095447,84,84+91,2,17,65348,33931.528823666224,20.08344784563193,206.57504171635213,178.2577194382142,196.96474163109662
32697,32400.31053943609,15.00008626095447,87,87,1,18,15218,6506.8029927692669,11.581363231906696,208.58638121054025,126.51667692683841,99.067129369966125
32697,32400.31053943609,15.00008626095447,90,90,1,19,30127,15378.34267481652,15.426721583206493,218.03625563304016,47.842155399446398,108.61194206563181
36330,36000.345043817877,16.000095845504966,10,10,1,0,23758,11470.650373570583,13.990497056390797,22.217781615220773,82.628293600880795,220.74428468715504
36330,36000.345043817877,16.000095845504966,12,12,1,1,34236,17996.607533017144,16.25676066983922,31.095441769108305,230.86305864956617,95.491985491731455
36330,36000.345043817877,16.000095845504966,15,15,1,2,37880,20369.505630962394,16.941972006927863,36.694743187524402,81.554290373069804,118.89395173264408
36330,36000.345043817877,16.000095845504966,21,21,1,3,44344,24624.528971800471,18.047890229753836,47.52021438330501,50.679161437351979,194.5121474553458
36330,36000.345043817877,16.000095845504966,28,28,1,4,36917,19753.949862461785,16.769564307436081,56.014694216722908,207.33657577821938,68.322567219428535
36330,36000.345043817877,16.000095845504966,32,32,1,5,42585,23491.512195185685,17.76672805590087,68.781798260588786,103.04496914562579,85.922254956006057
36330,36000.345043817877,16.000095845504966,39,39,1,6,48388,27280.266447808357,18.674687057556287,84.236366479285479,196.032239457245,164.52016172203201
36330,36000.345043817877,16.000095845504966,43,43,1,7,27598,13781.696961756281,14.873209510336491,97.784760223093571,224.50482332076913,23.922707308785181
36330,36000.345043817877,16.000095845504966,45,45,1,8,23107,11056.40716771665,13.82001363467943,107.5450771029505,217.90642134276004,127.40241361334569
36330,36000.345043817877,16.000095845504966,46,46,1,9,13686,5701.7075702537677,11.082526455716492,107.22655757882991,106.06207926057155,146.89605674121287
36330,36000.345043817877,16.000095845504966,51,51,1,10,45897,25677.647213562192,18.301592147014016,121.20442280226877,46.269824287043626,230.4042895625517
36330,36000.345043817877,16.000095845504966,53,53,1,11,25815,12731.628099008314,14.485442890799723,125.36453800720349,1.5526362580880158,56.847326278210723
36330,36000.345043817877,16.000095845504966,61,61,1,12,49212,27864.363543807453,18.807028071716857,144.72243815622625,99.15374030738495,50.440826690417438
36330,36000.345043817877,16.000095845504966,67,67,1,13,45761,25563.968827323566,18.27454432564231,159.74271907761258,94.110248549312104,175.99332057937789
36330,36000.345043817877,16.000095845504966,76,76,1,14,47789,26814.644724684018,18.567829775456374,186.0921637193174,153.65734316897894,73.676877675190696
36330,36000.345043817877,16.000095845504966,84,84+91,2,15,66748,34878.521226918812,20.268571970792468,206.02952013356165,177.2623133876431,197.37964860235201
36330,36000.345043817877,16.000095845504966,87,87,1,16,10737,4108.0059289916962,9.9352961601880612,208.8576801729356,127.11404959999319,99.118092570799931
36330,36000.345043817877,16.000095845504966,90,90,1,17,30075,15364.299083473534,15.422024229285435,218.0853653043259,47.690998114919793,108.54132690571092
39963,39600.379548199664,17.000105430055463,10,10,1,0,21475,10106.490993636848,13.412320662077619,22.226861768286131,82.620688765881368,220.72372975954246
39963,39600.379548199664,17.000105430055463,12,12,1,1,34397,18102.795423716943,16.288671998227596,31.2002029349268,230.99454126735105,95.527051022678691
39963,39600.379548199664,17.000105430055463,15,15,1,2,38891,21028.674707909424,17.122786090942554,36.744961309519439,81.498413605583963,118.99427693800065
39963,39600.379548199664,17.000105430055463,21,21,1,3,46120,25824.306780687577,18.336369601098191,47.451123137991686,50.826817612910276,194.38943040226752
39963,39600.379548199664,17.000105430055463,28,28,1,4,38060,20428.821539807719,16.958401052242827,55.968575317749391,207.28969145201606,68.38599782216707
39963,39600.379548199664,17.000105430055463,32,32,1,5,43329,23985.438380998545,17.890384878891787,68.694395278460362,103.13404718717696,86.322319677010029
39963,39600.379548199664,17.000105430055463,39,39,1,6,50917,28973.412192797903,19.053306125265046,84.324660290500972,196.1535707353498,164.03083515834365
39963,39600.379548199664,17.000105430055463,43,43,1,7,27162,13494.099503785468,14.769022982819678,97.793826172819493,224.68237287917785,24.14293056285101
39963,39600.379548199664,17.000105430055463,45,45,1,8,20888,9762.0912866469771,13.258205667948365,107.49335319983784,217.87221087025819,127.61612205467004
39963,39600.379548199664,17.000105430055463,46,46,1,9,6648,2138.010724988259,7.9917230169914077,107.21470796656256,106.4180643098496,146.38448495232674
39963,39600.379548199664,17.000105430055463,51,51,1,10,47000,26400.645556577158,18.471775672950557,121.18170358837585,46.140349770327049,230.66204599250946
39963,39600.379548199664,17.000105430055463,53,53,1,11,24349,11820.037685835108,14.131125409238562,125.27614362160021,1.6237215536912264,56.661276841401097
39963,39600.379548199664,17.000105430055463,61,61,1,12,51199,29173.929941305647,19.097159505008165,144.77365443554893,99.118101532931078,50.226902622158342
39963,39600.379548199664,17.000105430055463,67,67,1,13,48316,27249.530341369289,18.667670961975503,159.63683568913422,94.227125161407201,175.85973194124139
39963,39600.379548199664,17.000105430055463,76,76,1,14,52299,29849.63897361045,19.243474609077445,186.34803146804128,153.23912887067442,74.17591277086197
39963,39600.379548199664,17.000105430055463,84,84+91,2,15,66924,35108.794074891222,20.313079476131314,205.29862690473911,176.04302979867481,197.8387362469764
39963,39600.379548199664,17.000105430055463,90,90,1,16,29650,15106.575811678153,15.3353070160328,218.1263852047509,47.565975008651222,108.48085724645816
43596,43200.414052581451,18.00011501460596,10,10,1,0,18289,8238.9218378722671,12.529312975542281,22.242481845929365,82.58336483941244,220.70365167023164
43596,43200.414052581451,18.00011501460596,12,12,1,1,34423,18110.045054336224,16.29084608410006,31.317731993869725,231.13928777998981,95.567676788093976
43596,43200.414052581451,18.00011501460596,15,15,1,2,39460,21387.251857105042,17.219562965354459,36.830539713727966,81.388549445875597,119.10875226581798
43596,43200.414052581451,18.00011501460596,21,21,1,3,47898,27024.537132568075,18.616150657912208,47.361493779900485,50.970260260621387,194.31402903135981
43596,43200.414052581451,18.00011501460596,28,28,1,4,39071,21071.469732614958,17.134393630701634,55.936182977331036,207.29229367835799,68.447122134402619
43596,43200.414052581451,18.00011501460596,32,32,1,5,43596,24177.013270108546,17.937889588823232,68.596208239622385,103.2133616662119,86.675971720510702
43596,43200.414052581451,18.00011501460596,39,39,1,6,53587,30774.708298301732,19.440247000258587,84.42925393557546,196.33393831596538,163.53159941296508
43596,43200.414052581451,18.00011501460596,43,43,1,7,26505,13099.298640882071,14.623561123067184,97.811426289424958,224.880727432936,24.380120494606849
43596,43200.414052581451,18.00011501460596,45,45,1,8,17899,8014.1880252581277,12.414340109957172,107.42702791096346,217.85778524061593,127.81238131655581
43596,43200.414052581451,18.00011501460596,51,51,1,9,48053,27087.960338728262,18.630702538537601,121.15146886926679,45.998795219964187,230.94164235756122
43596,43200.414052581451,18.00011501460596,53,53,1,10,22347,10619.147387852772,13.635372698500083,125.16777345443947,1.6868508427919928,56.464914962775225
43596,43200.414052581451,18.00011501460596,61,61,1,11,52705,30223.42916511514,19.323466693154771,144.78469524118302,99.069450657468806,49.942897451959638
43596,43200.414052581451,18.00011501460596,67,67,1,12,50384,28644.817814723057,18.981002732728204,159.55998161525073,94.338565485611383,175.76799791728371
43596,43200.414052581451,18.00011501460596,76,76,1,13,54686,31470.684641725322,19.585704325461322,186.34831509805227,153.23764747419378,74.178173044855313
43596,43200.414052581451,18.00011501460596,84,84+91,2,14,66224,34903.254899926498,20.273361907977787,204.40557166975026,174.60610585766099,198.4001583452787
43596,43200.414052581451,18.00011501460596,90,90,1,15,28496,14367.295500020655,15.080953642746588,218.18455249018652,47.314122826161906,108.44029059526891
47229,46800.448556963245,19.000124599156457,10,10,1,0,13809,5751.4525577276172,11.114663294975015,22.247247317705007,82.515336910415385,220.68595120374138
47229,46800.448556963245,19.000124599156457,12,12,1,1,34427,18115.020437967029,16.292337812166434,31.433388610334447,231.2841284280089,95.622176217454907
47229,46800.448556963245,19.000124599156457,15,15,1,2,39760,21601.230460963401,17.276799518601763,36.881482892322396,81.254766927727147,119.16248075484232
47229,46800.448556963245,19.000124599156457,21,21,1,3,49758,28268.613943633885,18.897541243213222,47.233270931542933,51.114043768035032,194.29866957736542
47229,46800.448556963245,19.000124599156457,28,28,1,4,40120,21762.830752117054,17.319775502594915,55.908100177559433,207.32872662735159,68.503749447306021
47229,46800.448556963245,19.000124599156457,32,32,1,5,43369,24008.811438528537,17.896194198643666,68.449420070740899,103.26683821060807,86.935565323420676
47229,46800.448556963245,19.000124599156457,39,39,1,6,56493,32730.802840851688,19.843701381671242,84.548899075808336,196.59485166239014,163.00371975460365
47229,46800.448556963245,19.000124599156457,43,43,1,7,25632,12583.100408525368,14.428893158510423,97.838642623058149,225.10170503650454,24.639755353621347
47229,46800.448556963245,19.000124599156457,45,45,1,8,13642,5643.2389168121308,11.04451398199182,107.34754440763406,217.85786147306092,127.99701707958236
47229,46800.448556963245,19.000124599156457,51,51,1,9,49025,27738.651147763838,18.778702273189513,121.12122820989671,45.846753104981779,231.2605599172575
47229,46800.448556963245,19.000124599156457,53,53,1,10,19714,9071.2659679067074,12.937780054578214,125.04825616858743,1.7415008643296541,56.262174845250335
47229,46800.448556963245,19.000124599156457,61,61,1,11,54160,31207.940433010881,19.531045856304559,144.80248014039137,99.011551108528579,49.641964257138135
47229,46800.448556963245,19.000124599156457,67,67,1,12,51949,29695.34186378563,19.210259876202915,159.56462903421522,94.422681279837008,175.7602476975737
47229,46800.448556963245,19.000124599156457,76,76,1,13,57059,33125.285308512197,19.923104186653593,186.35701173107998,153.23846782797489,74.168855017160098
47229,46800.448556963245,19.000124599156457,84,84+91,2,14,64822,34411.72395609253,20.177743967794196,203.28202533918179,172.8289192276134,199.05520472221193
47229,46800.448556963245,19.000124599156457,90,90,1,15,26930,13412.746073254386,14.739283234552671,218.25091109105426,47.059425398872726,108.39449810623184
50862,50400.483061345032,20.000134183706955,10,10,1,0,7134,2353.7417838457059,8.251952813469881,22.238100760379933,82.42463843324461,220.66307082163596
50862,50400.483061345032,20.000134183706955,12,12,1,1,34679,18260.358210493523,16.335793234441123,31.543569602573282,231.43596032992374,95.713064149072039
50862,50400.483061345032,20.000134183706955,15,15,1,2,40251,21919.510004459062,17.361240132764557,36.927805522080277,81.107048537428255,119.20008761723926
50862,50400.483061345032,20.000134183706955,21,21,1,3,52171,29916.647832312126,19.257863611258156,47.070296892639966,51.298692997850459,194.34002157240883
50862,50400.483061345032,20.000134183706955,28,28,1,4,41494,22659.419330207933,17.554429599154805,55.893314897343714,207.38507707423506,68.553822109639583
50862,50400.483061345032,20.000134183706955,32,32,1,5,43087,23842.342461470213,17.854736179587238,68.30035574488241,103.31173798761363,87.191430774960295
50862,50400.483061345032,20.000134183706955,39,39,1,6,60242,35316.655865718465,20.35308851799066,84.70147406689712,196.91432063376462,162.41201278701271
50862,50400.483061345032,20.000134183706955,43,43,1,7,24756,12033.707507065717,14.215766476070845,97.878516035951876,225.3401637100587,24.918203406358266
50862,50400.483061345032,20.000134183706955,45,45,1,8,7212,2373.8160075794895,8.2753457558930243,107.25960797296881,217.85688030802297,128.19014462712192
50862,50400.483061345032,20.000134183706955,51,51,1,9,50271,28595.994485602558,18.970212616361557,121.08705267329638,45.702230197228459,231.5948642268323
50862,50400.483061345032,20.000134183706955,53,53,1,10,16405,7168.0513323441482,11.961092046015541,124.92197546126333,1.7938523376519149,56.077490667424151
50862,50400.483061345032,20.000134183706955,61,61,1,11,55899,32375.291294105904,19.771594360671411,144.81744451271871,98.943640435827476,49.35230147202833
50862,50400.483061345032,20.000134183706955,67,67,1,12,53863,30936.601155413755,19.474276398752604,159.57110952148474,94.500824282759964,175.76507560817819
50862,50400.483061345032,20.000134183706955,76,76,1,13,59848,35030.228653786078,20.297916156980996,186.36730399771272,153.24484983233373,74.16267949420147
50862,50400.483061345032,20.000134183706955,84,84+91,2,14,62582,33787.805886632545,20.055052061677426,201.8045557575897,170.55144849367397,199.84087102689264
50862,50400.483061345032,20.000134183706955,90,90,1,15,25215,12335.295455182699,14.333546146155113,218.31845963588813,46.795303950698234,108.34933118547178
54495,54000.517565726819,21.000143768257452,12,12,1,0,35053,18471.844957507139,16.398616963383535,31.637168091092288,231.59217290771198,95.828155017127145
54495,54000.517565726819,21.000143768257452,15,15,1,1,40774,22239.160613908902,17.44522575868579,36.972566749955043,80.944374858608683,119.20168969469974
54495,54000.517565726819,21.000143768257452,21,21,1,2,54278,31355.075643873501,19.561691904617483,46.950592515177021,51.37937818007191,194.29386918196982
54495,54000.517565726819,21.000143768257452,28,28,1,3,42953,23638.705537445505,17.803758466399557,55.875443278757267,207.46519929517561,68.565489355423779
54495,54000.517565726819,21.000143768257452,32,32,1,4,42636,23558.310523024018,17.783552070301376,68.149023187965568,103.34499509898953,87.453528572035111
54495,54000.517565726819,21.000143768257452,39,39,1,5,64044,37933.366551203995,20.843833375498811,84.81062139219091,197.19385290819571,161.96346828445394
54495,54000.517565726819,21.000143768257452,43,43,1,6,23652,11389.002021249386,13.95722308985429,97.939881290792741,225.60754880618325,25.218264157860037
54495,54000.517565726819,21.000143768257452,51,51,1,7,51781,29581.568067743443,19.18569461535871,121.05372147601837,45.566539291297218,231.9604011002063
54495,54000.517565726819,21.000143768257452,53,53,1,8,11676,4609.4671953485322,10.324143675271634,124.78751891409038,1.8615298446027218,55.858616534869199
54495,54000.517565726819,21.000143768257452,61,61,1,9,57774,33649.523250543367,20.027655023204485,144.82992294197263,98.863664048774879,49.077259028655163
54495,54000.517565726819,21.000143768257452,67,67,1,10,55749,32248.616726369874,19.745773930850572,159.574306597967,94.575433274637149,175.7827426364756
54495,54000.517565726819,21.000143768257452,76,76,1,11,62839,37074.038212385196,20.685233513958682,186.37985730549428,153.2503814067282,74.153128194549325
54495,54000.517565726819,21.000143768257452,84,84+91,2,12,57348,33299.884657665178,19.95804695152442,200.24331568621113,168.21583659168115,200.63880563375153
54495,54000.517565726819,21.000143768257452,90,90,1,13,23037,11021.310134267391,13.805374894360508,218.38691304627733,46.522252630598807,108.29784063903398
58128,57600.552070108606,22.000153352807946,12,12,1,0,34862,18341.394544375889,16.359922723729248,31.735205297932527,231.76199926439853,95.86403769938299
58128,57600.552070108606,22.000153352807946,15,15,1,1,40809,22252.799455718025,17.448791301698336,37.031173607723431,80.7637558305223,119.13491058980924
58128,57600.552070108606,22.000153352807946,21,21,1,2,54663,31621.526421661682,19.616946468452973,46.947517517485743,51.289919809861864,194.05850802844168
58128,57600.552070108606,22.000153352807946,28,28,1,3,44054,24369.010139800233,17.985247823432648,55.851123573937507,207.60524312803045,68.543502283963988
58128,57600.552070108606,22.000153352807946,32,32,1,4,41578,22854.891982214336,17.60476320501915,67.996657021281735,103.34811539463253,87.745805276432463
58128,57600.552070108606,22.000153352807946,39,39,1,5,66074,39349.274150170211,21.10001215314664,84.822115278871181,197.33968113921466,161.77941237871474
58128,57600.552070108606,22.000153352807946,43,43,1,6,22125,10469.890407245006,13.57118723087466,98.058924930132761,225.95055293595868,25.611362822621849
58128,57600.552070108606,22.000153352807946,51,51,1,7,52882,30345.144398611446,19.349371651806351,121.01738701954358,45.427383185104624,232.3971472821745
58128,57600.552070108606,22.000153352807946,53,53,1,8,2357,436.73862521744849,4.7066401776726376,124.61230377029629,1.9707286361739964,55.54681289845081
58128,57600.552070108606,22.000153352807946,61,61,1,9,59327,34728.570607125206,20.239483859841418,144.83742746662142,98.767731535416402,48.834518633629401
58128,57600.552070108606,22.000153352807946,67,67,1,10,57107,33151.276036187759,19.928313506363434,159.56062917828532,94.654625771179838,175.79135473556605
58128,57600.552070108606,22.000153352807946,76,76,1,11,65237,38760.195052317067,20.994189591788704,186.3823025791354,153.23161359433175,74.126277808124328
58128,57600.552070108606,22.000153352807946,84,84+91,2,12,58553,34145.401315200805,20.125555232092037,200.24569046028031,168.11847733757315,200.79886982159627
58128,57600.552070108606,22.000153352807946,90,90,1,13,19690,9061.7469251860621,12.933252998678906,218.46171579926593,46.266872417753767,108.21412658020022
61761,61200.586574490393,23.000162937358443,12,12,1,0,34492,18088.467439418051,16.284373482794393,31.815889210186146,231.93287795329391,95.887069636362497
61761,61200.586574490393,23.000162937358443,15,15,1,1,40774,22246.178016598606,17.447060469720721,37.081088287909886,80.576552363233077,119.04458081632384
61761,61200.586574490393,23.000162937358443,21,21,1,2,54904,31788.159789465662,19.65134405699207,46.938714262473354,51.20258791123188,193.81916135821774
61761,61200.586574490393,23.000162937358443,28,28,1,3,44995,24977.706117476333,18.133764892559778,55.787055392055024,207.74605385998055,68.509592405052018
61761,61200.586574490393,23.000162937358443,32,32,1,4,40190,21912.60328964439,17.359416464704477,67.829333581711822,103.3560524386335,88.058246860313872
61761,61200.586574490393,23.000162937358443,39,39,1,5,67932,40682.024626292354,21.335589638404652,84.820664469560384,197.47437346403129,161.61468370198975
61761,61200.586574490393,23.000162937358443,43,43,1,6,18680,8472.4591550423793,12.646595410345473,97.967954168167452,226.07576566917072,25.616120439797239
61761,61200.586574490393,23.000162937358443,51,51,1,7,53598,30854.731357909193,19.457082487153876,120.96495699794279,45.336106809992394,232.74982119833589
61761,61200.586574490393,23.000162937358443,61,61,1,8,60675,35643.459279861068,20.415675107878481,144.85149126338976,98.715763615735085,48.601977021095891
61761,61200.586574490393,23.000162937358443,67,67,1,9,58349,34001.485110054724,20.09724031779869,159.54884035668937,94.738304258026503,175.80085768031907
61761,61200.586574490393,23.000162937358443,76,76,1,10,67611,40364.651625131184,21.279962898019125,186.3982770014025,153.17967059584191,74.106681675543982
61761,61200.586574490393,23.000162937358443,84,84+91,2,11,59693,34922.122755449505,20.277014346307105,200.25693942743689,168.01747838058736,200.95345666549909
61761,61200.586574490393,23.000162937358443,90,90,1,12,15205,6508.267540755035,11.58223207588494,218.56313301512355,46.025215168058516,108.1487279818722
65393,64799.630152776837,23.999897264660234,12,12,1,0,34055,17801.159694829192,16.197695446831972,31.882090659069181,232.11643887576355,95.912428921653174
65393,64799.630152776837,23.999897264660234,15,15,1,1,40897,22337.737109242051,17.470963459351989,37.11862996825532,80.365127529498679,118.91803333803065
65393,64799.630152776837,23.999897264660234,21,21,1,2,55153,31959.894399176254,19.686669124052582,46.925229055828915,51.110872275054973,193.58025136404143
65393,64799.630152776837,23.999897264660234,28,28,1,3,46094,25689.060124632477,18.304303240485943,55.720812064077982,207.90943228073996,68.450454772569486
65393,64799.630152776837,23.999897264660234,32,32,1,4,38530,20822.479181926654,17.066636649773439,67.654901064445582,103.35471339597927,88.378484551532921
65393,64799.630152776837,23.999897264660234,39,39,1,5,69998,42088.487222215161,21.578681371559554,84.813701955050945,197.60904648108234,161.45623057113275
65393,64799.630152776837,23.999897264660234,43,43,1,6,13935,5803.6528470354806,11.148187705456802,97.839332671546686,226.175563931341,25.575774505290983
65393,64799.630152776837,23.999897264660234,51,51,1,7,54392,31377.388893687152,19.566331041040517,120.90023041620064,45.242068924330297,233.08635113479085
65393,64799.630152776837,23.999897264660234,61,61,1,8,62068,36613.369283285952,20.59920037822587,144.86825238944084,98.667532815469116,48.390888541669085
65393,64799.630152776837,23.999897264660234,67,67,1,9,59649,34898.454038629825,20.272432347476492,159.54029554438137,94.816905022392746,175.80345400582308
65393,64799.630152776837,23.999897264660234,76,76,1,10,69988,42067.403684393052,21.575077607494556,186.4200756652551,153.11697158495957,74.090180363921732
65393,64799.630152776837,23.999897264660234,84,84+91,2,11,60851,35733.057564849856,20.432767340536273,200.27468815216929,167.91745817123854,201.10879650558766
65393,64799.630152776837,23.999897264660234,90,90,1,12,8771,3135.6440860250964,9.079864847966185,218.68236198391565,45.779556478156358,108.08587491146461
65394,64800.62107887218,24.00017252190894,12,12,1,0,34055,17801.089908248719,16.197674279985293,31.882105718066086,232.11649386425074,95.912436838342217
65394,64800.62107887218,24.00017252190894,15,15,1,1,40897,22337.792850629139,17.470977991634623,37.118637234734564,80.365063722894291,118.91799239200503
65394,64800.62107887218,24.00017252190894,21,21,1,2,55153,31959.956731839236,19.68668192261087,46.925224319584004,51.110845823129281,193.58018572197668
65394,64800.62107887218,24.00017252190894,28,28,1,3,46095,25689.290615719441,18.304357984491261,55.720795206006791,207.90948143010579,68.4504327556444
65394,64800.62107887218,24.00017252190894,32,32,1,4,38528,20822.167650857107,17.066551536404084,67.654852454031769,103.35471106642642,88.378572754550959
65394,64800.62107887218,24.00017252190894,39,39,1,5,69998,42088.902976358193,21.578752423425385,84.81369980728897,197.60908428884451,161.45618747627577
65394,64800.62107887218,24.00017252190894,43,43,1,6,13934,5802.8233226528055,11.147656538023785,97.83929663647146,226.17559243649185,25.575764403458649
65394,64800.62107887218,24.00017252190894,51,51,1,7,54392,31377.557550846243,19.566366098088615,120.90021118846531,45.242040293376817,233.08644481728228
65394,64800.62107887218,24.00017252190894,61,61,1,8,62070,36613.665009513359,20.599255837998566,144.86825754508931,98.667517857968747,48.39083427015602
65394,64800.62107887218,24.00017252190894,67,67,1,9,59650,34898.723277911071,20.272484480837203,159.54029396479461,94.816925055354943,175.80345263672899
65394,64800.62107887218,24.00017252190894,76,76,1,10,69989,42067.907586139867,21.575163752386906,186.42008230576911,153.11695408699703,74.090176302880508
65394,64800.62107887218,24.00017252190894,84,84+91,2,11,60851,35733.301554709862,20.432813846274804,200.27469394394484,167.91743153317589,201.10883976640309
65394,64800.62107887218,24.00017252190894,90,90,1,12,8770,3134.54796735026,9.0788067166775424,218.68239726822901,45.779485458885588,108.08585648904428
69027,68400.655583253974,25.000182106459437,12,12,1,0,33582,17499.683843973304,16.10573433516257,31.942916407512442,232.31143734922773,95.93908000150239
69027,68400.655583253974,25.000182106459437,15,15,1,1,41167,22531.473294521202,17.521326950976658,37.164053371267428,80.133731215062099,118.7540909965598
69027,68400.655583253974,25.000182106459437,21,21,1,2,55466,32196.790804084219,19.735190617671563,46.911117122373582,51.011024972867091,193.35216194338349
69027,68400.655583253974,25.000182106459437,28,28,1,3,47564,26673.471311357174,18.535187195197203,55.671021506212561,208.10387541731535,68.338568511908548
69027,68400.655583253974,25.000182106459437,32,32,1,4,36658,19619.141130020136,16.731329829290264,67.479305034434574,103.34417587736306,88.700109962416363
69027,68400.655583253974,25.000182106459437,39,39,1,5,72310,43694.698032509434,21.849762013352816,84.805796643899299,197.74786525628758,161.30503776774722
69027,68400.655583253974,25.000182106459437,43,43,1,6,6876,2229.6101160873709,8.1042613695414634,97.696060908192891,226.28136692399369,25.542825060701954
69027,68400.655583253974,25.000182106459437,51,51,1,7,55431,32083.820836781018,19.712081725626156,120.82141198839194,45.123772586276971,233.43410757987058
69027,68400.655583253974,25.000182106459437,61,61,1,8,63682,37739.801686820676,20.808319207206655,144.88114611357537,98.61635812408295,48.196628039048065
69027,68400.655583253974,25.000182106459437,67,67,1,9,61040,35883.48737781572,20.461399969988193,159.52982995103773,94.893557497018293,175.8074625262399
69027,68400.655583253974,25.000182106459437,76,76,1,10,72709,43969.956535258512,21.895547488430385,186.44275769433503,153.0583802104201,74.069119152221219
69027,68400.655583253974,25.000182106459437,84,84+91,2,11,62187,36671.285966739822,20.610056238407289,200.29802134892898,167.82316995075652,201.27300907619929
72660,72000.690087635754,26.000191691009931,12,12+28,2,0,80856,44006.772354699118,21.901656793579821,46.732959128871848,217.38825039691335,78.739662545080293
72660,72000.690087635754,26.000191691009931,15,15,1,1,40726,22213.495461217783,17.438512274944166,37.304257203620992,79.981617075574022,118.5902063728727
72660,72000.690087635754,26.000191691009931,21,21,1,2,55279,32025.525760790042,19.7001357879445,46.918711381172812,50.923292607998469,193.13199264785163
72660,72000.690087635754,26.000191691009931,32,32,1,3,34183,18015.769706468076,16.262528504490355,67.304214922402466,103.32871385105511,89.05528539337179
72660,72000.690087635754,26.000191691009931,39,39,1,4,74182,45037.812890866888,22.071383709268694,84.791748084653946,197.87383577497363,161.14012814288196
72660,72000.690087635754,26.000191691009931,51,51,1,5,55963,32428.951697221411,19.782511802775126,120.72909232842804,45.057364842997558,233.74020676978705
72660,72000.690087635754,26.000191691009931,61,61,1,6,64835,38525.24099202326,20.951683178280753,144.87217359879995,98.603770425944205,47.990436990399076
72660,72000.690087635754,26.000191691009931,67,67,1,7,61881,36443.277362183122,20.567252145530716,159.49395743876013,95.006166833137215,175.86161495168449
72660,72000.690087635754,26.000191691009931,76,76,1,8,74903,45479.350511275508,22.143276422674038,186.45526505751138,152.99671434245732,74.031095271476261
72660,72000.690087635754,26.000191691009931,84,84+91,2,9,63069,37268.449684032988,20.721327395045485,200.31998705475584,167.71345021996984,201.44637814978555
76293,75600.724592017548,27.000201275560428,12,12+28,2,0,79353,43065.682450603745,21.744407323727714,47.091464613828322,217.10438916346956,78.345905424540575
76293,75600.724592017548,27.000201275560428,15,15,1,1,40053,21786.646536398843,17.326091066783512,37.453390189259146,79.861710187857767,118.40535587865007
76293,75600.724592017548,27.000201275560428,21,21,1,2,54635,31611.939265664085,19.614963750168052,46.922663344110937,50.849174703069721,192.88799948503205
76293,75600.724592017548,27.000201275560428,32,32,1,3,31126,16072.960304954346,15.655577326641264,67.116330613217784,103.29563574322206,89.441720060608702
76293,75600.724592017548,27.000201275560428,39,39,1,4,75732,46139.655244500856,22.249926394287371,84.766943405168249,197.99016040450047,160.93945827151035
76293,75600.724592017548,27.000201275560428,51,51,1,5,55822,32333.439940996061,19.763071144820724,120.64620605274226,45.071112081998351,233.98193824198913
76293,75600.724592017548,27.000201275560428,61,61,1,6,65728,39153.085134928435,21.064886647121952,144.8678651054434,98.597104625625391,47.813115501953163
76293,75600.724592017548,27.000201275560428,67,67,1,7,62489,36857.129507448553,20.644813620066202,159.45849681374446,95.119776875693631,175.91228189112596
76293,75600.724592017548,27.000201275560428,76,76,1,8,76805,46812.497009296079,22.357559712169749,186.47629126409944,152.91061886943791,74.009921039987901
76293,75600.724592017548,27.000201275560428,84,84+91,2,9,63630,37633.637103009307,20.788789151864762,200.34699612350349,167.58869674218101,201.60458628198177
79926,79200.759096399328,28.000210860110926,12,12+28,2,0,77690,42031.411807261626,21.568922809565628,47.529626424844949,216.73974371335078,77.858320929376461
79926,79200.759096399328,28.000210860110926,15,15,1,1,39455,21385.49076662118,17.219090315555544,37.609373827052941,79.769596640713203,118.19049329939247
79926,79200.759096399328,28.000210860110926,21,21,1,2,54044,31188.292645101596,19.526946232927639,46.925712355403924,50.772220191365236,192.64658238060892
79926,79200.759096399328,28.000210860110926,32,32,1,3,27693,13891.439038890552,14.912583074391977,66.920372690394217,103.24581497596125,89.838112254772568
79926,79200.759096399328,28.000210860110926,39,39,1,4,77481,47343.840398155218,22.441831203093138,84.737695581405418,198.10634048094315,160.73623271609608
79926,79200.759096399328,28.000210860110926,51,51,1,5,55669,32227.225701890438,19.741407069035208,120.56022772871393,45.087605027551568,234.21377855162171
79926,79200.759096399328,28.000210860110926,61,61,1,6,66805,39872.577139164081,21.193136364086847,144.86109193372926,98.590787068165213,47.66173628087278
79926,79200.759096399328,28.000210860110926,67,67,1,7,63155,37295.000329111732,20.726246962998701,159.42234853204258,95.230952187854797,175.96008438287575
79926,79200.759096399328,28.000210860110926,76,76,1,8,78804,48237.091101686448,22.582091716687735,186.49909741013741,152.82140742871556,73.991619580630129
79926,79200.759096399328,28.000210860110926,84,84+91,2,9,64165,38003.160600651128,20.856609148393744,200.37653416918747,167.46369059028655,201.76335124363342
83559,82800.793600781122,29.000220444661423,12,12+28,2,0,75840,40892.501700343128,21.37232109623578,48.071131353207846,216.26939211621598,77.249126415938761
83559,82800.793600781122,29.000220444661423,15,15,1,1,38902,21031.940271457948,17.123672383156094,37.773760314623509,79.711203256463875,117.94046358259713
83559,82800.793600781122,29.000220444661423,21,21,1,2,53392,30758.642119140066,19.436863433299141,46.927827168631573,50.692316668532463,192.40698710589527
83559,82800.793600781122,29.000220444661423,32,32,1,3,23625,11413.648539747544,13.967283939512191,66.713863463799726,103.17777118799849,90.2457664374421
83559,82800.793600781122,29.000220444661423,39,39,1,4,79342,48665.500626296714,22.648747775862468,84.703531557042695,198.22220447600762,160.52992747541097
83559,82800.793600781122,29.000220444661423,51,51,1,5,55533,32111.110300263823,19.71766896218875,120.4708874077745,45.106770926185476,234.43566042713707
83559,82800.793600781122,29.000220444661423,61,61,1,6,68011,40699.292794813569,21.338607961155045,144.8513490211914,98.584708337993177,47.538548828710063
83559,82800.793600781122,29.000220444661423,67,67,1,7,63794,37762.170172587059,20.81242944488255,159.38529909411463,95.339635529287008,176.00467952880152
83559,82800.793600781122,29.000220444661423,76,76,1,8,80977,49762.785465178255,22.817708319526915,186.52396314858345,152.72867526540901,73.976939984102899
83559,82800.793600781122,29.000220444661423,84,84+91,2,9,64662,38378.557684711428,20.925058461469167,200.40863554041496,167.3382055130395,201.92280705503455
87192,86400.828105162902,30.000230029211917,12,12+28,2,0,73681,39633.517561616747,21.150696322609218,48.749640483218599,215.65714965139878,76.478382028685743
87192,86400.828105162902,30.000230029211917,15,15,1,1,38536,20762.434067325561,17.050216018397702,37.950121756893843,79.69585828674542,117.64579664585607
87192,86400.828105162902,30.000230029211917,21,21,1,2,52723,30328.997996548816,19.345939162364722,46.928992032469083,50.609473272503713,192.16845599192135
87192,86400.828105162902,30.000230029211917,32,32,1,3,18780,8544.4952009251701,12.682336349258737,66.494565086616987,103.0889764594172,90.667202270651885
87192,86400.828105162902,30.000230029211917,39,39,1,4,81365,50123.840576278264,22.872760204206944,84.66389299931501,198.33759296856445,160.31969809126974
87192,86400.828105162902,30.000230029211917,51,51,1,5,55326,31986.618150549664,19.69215469790533,120.37781430821272,45.128454357484586,234.6478698185299
87192,86400.828105162902,30.000230029211917,61,61,1,6,69442,41653.920397139984,21.504157116138995,144.83782484270185,98.578709638867693,47.446845315321795
87192,86400.828105162902,30.000230029211917,67,67,1,7,64576,38265.3300739689,20.904459908756415,159.34707532969867,95.445771019709568,176.04555338533103
87192,86400.828105162902,30.000230029211917,76,76,1,8,83242,51401.829701438757,23.06552387962919,186.55125043500752,152.63174184729951,73.966886538317766
87192,86400.828105162902,30.000230029211917,84,84+91,2,9,65226,38762.038661714112,20.994522445906316,200.44340491231554,167.21207072717826,202.08307958952369
90825,90000.862609544696,31.000239613762414,12,12+28,2,0,71117,38234.333733839863,20.898813920732159,49.61762333646778,214.84751421536271,75.485297199951688
90825,90000.862609544696,31.000239613762414,15,15,1,1,38318,20646.095100284201,17.018310301465302,38.145786641825516,79.739686583334432,117.28862434581629
90825,90000.862609544696,31.000239613762414,21,21,1,2,52175,29910.880133213526,19.256625942496807,46.929225833053344,50.523895746313279,191.93005190387848
90825,90000.862609544696,31.000239613762414,32,32,1,3,12584,5105.128087787426,10.681674620140123,66.25503195889398,102.97273424205102,91.10972437123057
90825,90000.862609544696,31.000239613762414,39,39,1,4,83646,51747.681520093465,23.117139607686426,84.618113341136137,198.45205228557685,160.10413258686822
90825,90000.862609544696,31.000239613762414,51,51,1,5,55133,31858.962276238919,19.665923199118279,120.28043478441518,45.152587484803554,234.85116582556043
90825,90000.862609544696,31.000239613762414,61,61,1,6,70981,42769.508239190684,21.694445246453398,144.81898429715298,98.572631933482839,47.391974637396302
90825,90000.862609544696,31.000239613762414,67,67,1,7,65339,38815.77635737411,21.004219874452634,159.30722067019656,95.549284266413252,176.08170500669081
90825,90000.862609544696,31.000239613762414,76,76,1,8,85663,53173.698658372639,23.327565645858552,186.58159283049073,152.5298241805981,73.962950670828164
90825,90000.862609544696,31.000239613762414,84,84+91,2,9,65777,39159.502274529463,21.066037420072341,200.48109061702399,167.08513314154726,202.24434337943299
94458,93600.89711392649,32.000249198312915,12,12+28,2,0,14892,6287.9598380358648,11.450041215135059,32.757716987038158,233.05932130172437,96.14039764390543
94458,93600.89711392649,32.000249198312915,15,15,1,1,38741,20902.385331743182,17.088439825212962,38.39068706673266,79.891926414957268,116.80915295497623
94458,93600.89711392649,32.000249198312915,21,21,1,2,51667,29537.120849979419,19.176080766219052,46.928910805067126,50.436798360351737,191.68991244579715
94458,93600.89711392649,32.000249198312915,12,12+28,2,3,53162,30397.714870441185,19.360538938190967,54.390881641499277,209.84033631323308,69.715490608394816
94458,93600.89711392649,32.000249198312915,32,32,1,4,2418,455.07993933898189,4.7716256089212647,65.956335646981145,102.79076831617124,91.622579049547227
94458,93600.89711392649,32.000249198312915,39,39,1,5,86243,53602.211878076138,23.390061691206611,84.56471148350488,198.56270796176037,159.87913117334813
94458,93600.89711392649,32.000249198312915,51,51,1,6,54983,31750.850568690657,19.643652898136743,120.17731312071834,45.179686295689677,235.04794311382696
94458,93600.89711392649,32.000249198312915,61,61,1,7,72972,44129.99701702976,21.92208023457,144.7891684091023,98.566583202078661,47.387512459764451
94458,93600.89711392649,32.000249198312915,67,67,1,8,66261,39445.695665338462,21.117232594673311,159.26415821141788,95.650201306503718,176.10969182545611
94458,93600.89711392649,32.000249198312915,76,76,1,9,88466,55127.579243505177,23.609861402300801,186.61617393440781,152.421295880272,73.968164742474031
94458,93600.89711392649,32.000249198312915,84,84+91,2,10,66412,39591.897073425382,21.143290043903551,200.52238377330849,166.9571471705155,202.40672226747444
98091,97200.93161830827,33.000258782863412,15,15,1,0,37221,19915.98070999726,16.815290034995265,38.38117839266431,79.76240129411606,116.70361223659526
98091,97200.93161830827,33.000258782863412,12,12+28,2,1,8216,2849.681178297873,8.7950008996448101,32.88591224800706,233.14288531403082,96.160162007696982
98091,97200.93161830827,33.000258782863412,21,21,1,2,50757,28962.987170022319,19.05102063932674,46.921710579061305,50.327564961942649,191.45092056523978
98091,97200.93161830827,33.000258782863412,12,12+28,2,3,54814,31522.891927803772,19.596528701408491,54.104438254278257,210.31712534365047,70.174784689890998
98091,97200.93161830827,33.000258782863412,39,39,1,4,88679,55318.96132122878,23.637151345665369,84.506560300392167,198.70556497536862,159.67478388541599
98091,97200.93161830827,33.000258782863412,51,51,1,5,54496,31433.92014932488,19.57807458938294,120.08006115104131,45.200259140452253,235.21607576053711
98091,97200.93161830827,33.000258782863412,61,61,1,6,74413,45163.937592105372,22.091967540066115,144.80624296650609,98.556383515235026,47.35711280238052
98091,97200.93161830827,33.000258782863412,67,67,1,7,66860,39888.350751804901,21.195930667634507,159.23332950753684,95.74609337177958,176.16272148628912
98091,97200.93161830827,33.000258782863412,76,76,1,8,90961,56930.317171281938,23.864462912327514,186.65256253819223,152.31437413984312,73.970524228967534
98091,97200.93161830827,33.000258782863412,84,84+91,2,9,66817,39874.538253344414,21.193483816578794,200.56287802247218,166.83041018094093,202.57070291367526
101724,100800.96612269006,34.000268367413909,15,15,1,0,35075,18534.772640193394,16.417217476120133,38.338588811449441,79.593363859633484,116.66163042938858
101724,100800.96612269006,34.000268367413909,21,21,1,1,49750,28267.440818011193,18.897279828480052,46.911524906974265,50.216608145232676,191.2127536012384
101724,100800.96612269006,34.000268367413909,12,12+28,2,2,56077,32413.684102902498,19.779406771002275,53.871545625181184,210.75976543904451,70.578427575683548
101724,100800.96612269006,34.000268367413909,39,39,1,3,90928,56968.053650368951,23.869734631296318,84.452161609347215,198.85163790510987,159.48761034014962
101724,100800.96612269006,34.000268367413909,51,51,1,4,53890,30994.722569182974,19.48646438263788,119.98352550164888,45.22313127134548,235.36753740610055
101724,100800.96612269006,34.000268367413909,61,61,1,5,75769,46111.395541132726,22.245382907550553,144.83118182298628,98.543648071641343,47.315655307533277
101724,100800.96612269006,34.000268367413909,67,67,1,6,67399,40259.486371112034,21.261466028694311,159.20495746202212,95.838882708883688,176.22052247158908
101724,100800.96612269006,34.000268367413909,76,76,1,7,93417,58686.12265546342,24.107320175092429,186.68687172420107,152.20589525427982,73.970411805664426
101724,100800.96612269006,34.000268367413909,84,84+91,2,8,67051,40056.760038046355,21.225718643428625,200.60263863159608,166.70082099293964,202.73640626171272
105357,104401.00062707184,35.000277951964399,15,15,1,0,32180,16704.230144614463,15.857910114733166,38.304634112468548,79.468134768097855,116.6465234185916
105357,104401.00062707184,35.000277951964399,21,21,1,1,48361,27303.033086914438,18.679880575301016,46.908331401656469,50.122863040335936,190.99399950299792
105357,104401.00062707184,35.000277951964399,12,12+28,2,2,55382,31934.898121476475,19.681535379563574,53.855184207666007,210.90593624843578,70.593635481604224
105357,104401.00062707184,35.000277951964399,39,39,1,3,92839,58306.018672153448,24.055160523429116,84.418884751627928,198.97339338175564,159.34114200801457
105357,104401.00062707184,35.000277951964399,51,51,1,4,52951,30358.132048392967,19.352131753119266,119.88621946945051,45.258550072802272,235.49940207709398
105357,104401.00062707184,35.000277951964399,61,61,1,5,77019,46947.899831377785,22.379095005842245,144.85508316108886,98.53707490139513,47.267461084532123
105357,104401.00062707184,35.000277951964399,67,67,1,6,67718,40501.217724926646,21.303934782084269,159.17375583515178,95.934864881147448,176.28354806400807
105357,104401.00062707184,35.000277951964399,76,76,1,7,95594,60242.514767010412,24.318577141718446,186.70950304808522,152.08053458618156,73.961204524476926
105357,104401.00062707184,35.000277951964399,84,84+91,2,8,67015,40013.509674033296,21.218076565379867,200.63630775299626,166.55715166924443,202.90838720004152
108989,108000.0442053583,36.000012279266194,15,15,1,0,28938,14657.19747116386,15.181712980294902,38.270899195110374,79.342010510176294,116.63530248252422
108989,108000.0442053583,36.000012279266194,21,21,1,1,46885,26303.100016896329,18.448997656093969,46.903305712372394,50.027217015875941,190.77614616632991
108989,108000.0442053583,36.000012279266194,12,12+28,2,2,54618,31436.114160265861,19.578530079400455,53.839091621202655,211.05574585065452,70.609179359049364
108989,108000.0442053583,36.000012279266194,39,39,1,3,94779,59747.328807076497,24.251761844161216,84.383671983384815,199.09550843641142,159.19574775282535
108989,108000.0442053583,36.000012279266194,51,51,1,4,51942,29679.120890198497,19.206761394014904,119.78619433136915,45.296066883370251,235.61826142125111
108989,108000.0442053583,36.000012279266194,61,61,1,5,78298,47854.086395398015,22.522165216156136,144.87652643617932,98.526172198687675,47.22062656582586
108989,108000.0442053583,36.000012279266194,67,67,1,6,68127,40779.66460331803,21.352645017707246,159.14244386802372,96.025338360342431,176.34187332534279
108989,108000.0442053583,36.000012279266194,76,76,1,7,97863,61886.049246539907,24.537748815610449,186.73314662122081,151.95679025224254,73.952951357376051
108989,108000.0442053583,36.000012279266194,84,84+91,2,8,66953,39954.776799916319,21.207689999591917,200.67177997799345,166.41248128482565,203.08042539542072
108990,108001.03513145364,36.000287536514904,15,15,1,0,28937,14656.600381274829,15.181506825140731,38.270889754127751,79.341975680416994,116.63529987789775
108990,108001.03513145364,36.000287536514904,21,21,1,1,46883,26302.820092899095,18.448932209619532,46.903304024998953,50.027190544258332,190.77608617657168
108990,108001.03513145364,36.000287536514904,12,12+28,2,2,54618,31435.974619722769,19.578501110565984,53.839087151878822,211.05578757889273,70.609183505780919
108990,108001.03513145364,36.000287536514904,39,39,1,3,94781,59747.741663378161,24.25181770422973,84.383662036459029,199.09554210676973,159.19570783333921
108990,108001.03513145364,36.000287536514904,51,51,1,4,51942,29678.92823595908,19.206719835371391,119.78616636795336,45.296077463841591,235.61829235275349
108990,108001.03513145364,36.000287536514904,61,61,1,5,78298,47854.346743646318,22.522206059729246,144.87653197333796,98.526168543579445,47.220613901777092
108990,108001.03513145364,36.000287536514904,67,67,1,6,68127,40779.747465581859,21.35265948020405,159.14243522681605,96.025362464005923,176.34188866110782
108990,108001.03513145364,36.000287536514904,76,76,1,7,97863,61886.514952063757,24.53781036602793,186.73315331467634,151.95675641988183,73.952949245274709
108990,108001.03513145364,36.000287536514904,84,84+91,2,8,66953,39954.759056748961,21.207686860278937,200.67179001574635,166.41244130939987,203.08047278572946
112623,111601.06963583542,37.000297121065394,15,15,1,0,25189,12346.698136024008,14.337961403635513,38.236920105575443,79.214493429176002,116.62778092682477
112623,111601.06963583542,37.000297121065394,21,21,1,1,45290,25271.5499185316,18.204597853858669,46.896064886906622,49.929555213871431,190.5570770613661
112623,111601.06963583542,37.000297121065394,12,12+28,2,2,53855,30922.174788598812,19.471248844276371,53.822467562059472,211.2092241498199,70.623522117146237
112623,111601.06963583542,37.000297121065394,39,39,1,3,96933,61309.528695351473,24.461314388599448,84.346323133755917,199.21811433342629,159.05136123525352
112623,111601.06963583542,37.000297121065394,51,51,1,4,50879,28957.500016121317,19.049817465958366,119.68284156558239,45.335328526396651,235.72416511021811
112623,111601.06963583542,37.000297121065394,61,61,1,5,79724,48843.654944692578,22.676351577511927,144.89521602425424,98.510303243586208,47.175648364391215
112623,111601.06963583542,37.000297121065394,67,67,1,6,68586,41106.788883107998,21.409588220972228,159.11093825011392,96.109842981183846,176.3946817109472
112623,111601.06963583542,37.000297121065394,76,76,1,7,100269,63630.011595457698,24.766110008995845,186.7583321306019,151.83463421075339,73.945994426949909
112623,111601.06963583542,37.000297121065394,84,84+91,2,8,66880,39885.355002792465,21.195400025840062,200.70934435065763,166.26656127672283,203.25280027861334
116256,115201.10414021721,38.000306705615891,15,15,1,0,20778,9700.6473745136082,13.230330794810126,38.201830754000653,79.085053107198021,116.62355364889703
116256,115201.10414021721,38.000306705615891,21,21,1,1,43724,24215.789066939386,17.947474236225244,46.886155536615455,49.830469440300817,190.33404923353663
116256,115201.10414021721,38.000306705615891,12,12+28,2,2,53094,30399.67127175488,19.360954278306867,53.804592309615643,211.36654462466197,70.636246592345813
116256,115201.10414021721,38.000306705615891,39,39,1,3,99291,63007.974308596851,24.685142352690463,84.306497922098515,199.34119065982597,158.90797569637414
116256,115201.10414021721,38.000306705615891,51,51,1,4,49762,28192.694383411923,18.880608691521303,119.57592110010044,45.376030580194772,235.81701818958618
116256,115201.10414021721,38.000306705615891,61,61,1,5,81218,49929.150350129596,22.843107775100844,144.91074642062432,98.488735127160055,47.133435611429512
116256,115201.10414021721,38.000306705615891,67,67,1,6,69183,41494.581457370346,21.476702093555385,159.07917490624726,96.187690342986087,176.44072685747417
116256,115201.10414021721,38.000306705615891,76,76,1,7,102794,65484.45392004108,25.004405519915217,186.78559555875418,151.71398387951996,73.940887998259086
116256,115201.10414021721,38.000306705615891,84,84+91,2,8,66750,39808.706792284676,21.181814159880791,200.74927804983875,166.11922372092522,203.42538307017392
119889,118801.13864459899,39.000316290166388,15,15,1,0,15324,6589.8247250704899,11.630411601294174,38.165176706252687,78.952897332824506,116.62168003077483
119889,118801.13864459899,39.000316290166388,21,21,1,1,42145,23149.919476251052,17.680191246955552,46.872487451692528,49.730538475133457,190.10172330801925
119889,118801.13864459899,39.000316290166388,12,12+28,2,2,52345,29880.945062203253,19.250199731540299,53.784588802188125,211.52865902606572,70.647353969541058
119889,118801.13864459899,39.000316290166388,39,39,1,3,101805,64867.570372879003,24.925641294223293,84.26357147775137,199.46488987790153,158.76513572098088
119889,118801.13864459899,39.000316290166388,51,51,1,4,48590,27385.949017008308,18.698770960221804,119.46520398126886,45.418063786813242,235.89703983805884
119889,118801.13864459899,39.000316290166388,61,61,1,5,82886,51130.693886489753,23.024896804340276,144.92258624296952,98.460428752124884,47.095385889097052
119889,118801.13864459899,39.000316290166388,67,67,1,6,69854,41961.567284991499,21.556969001201018,159.04703226335968,96.258078192133183,176.47810263190175
119889,118801.13864459899,39.000316290166388,76,76,1,7,105518,67467.397898208466,25.254287314120663,186.81564900395864,151.59457024297026,73.938518877377916
119889,118801.13864459899,39.000316290166388,84,84+91,2,8,66613,39731.925529046159,21.168187214730992,200.79209387064591,165.97007294672062,203.59811156195647
123522,122401.17314898079,40.000325874716886,15,15,1,0,7878,2704.3084776377173,8.6428280636588042,38.12295160269781,78.81474517027209,116.61911596772268
123522,122401.17314898079,40.000325874716886,21,21,1,1,40588,22114.872658922264,17.412666328102027,46.852701784627648,49.632513363228206,189.84781408107591
123522,122401.17314898079,40.000325874716886,12,12+28,2,2,51609,29396.8037202659,19.145667006379444,53.761155011792482,211.69750319417324,70.657498165634479
123522,122401.17314898079,40.000325874716886,39,39,1,3,104670,66934.441786700772,25.187613017664816,84.216547638197426,199.58898768849775,158.62161947660024
123522,122401.17314898079,40.000325874716886,51,51,1,4,47313,26547.383225944624,18.505935178548569,119.34979674461458,45.461365176261047,235.96459866094409
123522,122401.17314898079,40.000325874716886,61,61,1,5,84861,52486.608246286181,23.2266530797543,144.92968512153647,98.42350068577143,47.064517746360814
123522,122401.17314898079,40.000325874716886,67,67,1,6,70713,42543.822574104532,21.656218927584561,159.01435082831023,96.319624489587639,176.50294513489055
123522,122401.17314898079,40.000325874716886,76,76,1,7,108459,69615.620864807541,25.519531500671061,186.84996972020247,151.4756722544947,73.940976243321117
123522,122401.17314898079,40.000325874716886,84,84+91,2,8,66531,39673.676804879877,21.157837662269788,200.83884170823228,165.81858955129945,203.7704669086676
127155,126001.20765336258,41.000335459267383,21,21,1,0,38721,20889.047610115034,17.084804365344635,46.834353655889657,49.5103377606534,189.64432550711027
127155,126001.20765336258,41.000335459267383,12,12+28,2,1,50771,28835.142940961305,19.022948541468942,53.736525121352265,211.86699183729755,70.657709341508891
127155,126001.20765336258,41.000335459267383,39,39,1,2,107565,69076.984661746246,25.45354368472919,84.169749382611371,199.71657633086446,158.48594086413334
127155,126001.20765336258,41.000335459267383,51,51,1,3,45904,25608.525866247099,18.285155444899505,119.23234377313584,45.504594707451773,236.01900565370894
127155,126001.20765336258,41.000335459267383,61,61,1,4,86851,53892.484982268135,23.432207257809409,144.93692220489174,98.381950344922203,47.029167236751668
127155,126001.20765336258,41.000335459267383,67,67,1,5,71574,43143.934932122727,21.757569577073493,158.98169728526861,96.375379163511212,176.52625214434656
127155,126001.20765336258,41.000335459267383,76,76,1,6,111501,71804.053622348583,25.784187525460876,186.88189477833345,151.36311861070942,73.938929214898309
127155,126001.20765336258,41.000335459267383,84,84+91,2,7,66358,39561.751973254701,21.137922544704431,200.88600566411739,165.66733604273932,203.94803867040235
130788,129601.24215774436,42.00034504381788,21,21,1,0,35723,18952.686807399765,16.53969102137339,46.83597823455024,49.339795081424676,189.57787811523085
130788,129601.24215774436,42.00034504381788,12,12+28,2,1,49240,27782.22740700049,18.788530646598602,53.720159243726002,212.0228238323981,70.645655060316045
130788,129601.24215774436,42.00034504381788,39,39,1,2,109957,70806.408896074223,25.664215093986595,84.131765199625718,199.85173290694974,158.36906673083686
130788,129601.24215774436,42.00034504381788,51,51,1,3,43967,24313.295243014312,17.971530799889482,119.11908103809154,45.552248074377886,236.05174199144375
130788,129601.24215774436,42.00034504381788,61,61,1,4,88342,54945.604452513784,23.583854239894599,144.95349125659649,98.352813574665362,46.96088538051395
130788,129601.24215774436,42.00034504381788,67,67,1,5,71927,43383.482406279603,21.797763363840374,158.94870530409813,96.436896153586844,176.58301327429498
130788,129601.24215774436,42.00034504381788,76,76,1,6,113854,73569.706129704107,25.993821800544882,186.8949358376407,151.26070150301757,73.912802406457004
130788,129601.24215774436,42.00034504381788,84,84+91,2,7,65660,39083.168758433821,21.052340525760108,200.92188058632121,165.51591351088973,204.13716627605143
134421,133201.27666212615,43.000354628368378,21,21,1,0,32441,16844.270502667499,15.90210191997112,46.837574807447574,49.167534489460806,189.52589350170354
134421,133201.27666212615,43.000354628368378,12,12+28,2,1,47567,26650.517766170495,18.529868922865628,53.703052342324014,212.18025275055942,70.631719875103173
134421,133201.27666212615,43.000354628368378,39,39,1,2,112469,72670.154546068283,25.887443149605197,84.092271474945974,199.98860573236388,158.25624088111005
134421,133201.27666212615,43.000354628368378,51,51,1,3,41914,22918.680582110712,17.621126442201568,119.00195325951563,45.600621564670632,236.06609027430525
134421,133201.27666212615,43.000354628368378,61,61,1,4,89912,56076.789571683868,23.744599254822759,144.96644355521215,98.319219869128176,46.887525248224733
134421,133201.27666212615,43.000354628368378,67,67,1,5,72353,43663.24983398059,21.844518809941906,158.91541471102158,96.490186137369761,176.64405538662817
134421,133201.27666212615,43.000354628368378,76,76,1,6,116365,75419.100581393315,26.209832562044095,186.90841195749721,151.16231107086148,73.885382234560865
134421,133201.27666212615,43.000354628368378,84,84+91,2,7,64927,38568.011308107285,20.959433756654931,200.95926523626463,165.36388456856048,204.32732218000146
138054,136801.31116650795,44.000364212918875,21,21,1,0,28724,14532.114399931193,15.138403133462118,46.838690540707027,48.993386266414014,189.48919879287004
138054,136801.31116650795,44.000364212918875,12,12+28,2,1,45714,25440.812337919619,18.245150707362306,53.685158972620037,212.33949497397296,70.615221255056838
138054,136801.31116650795,44.000364212918875,39,39,1,2,115312,74693.36504887644,26.125491648560843,84.050935099591868,200.12795943723364,158.14812443786886
138054,136801.31116650795,44.000364212918875,51,51,1,3,39569,21418.598698345686,17.227971641240348,118.87972469663559,45.649067379371431,236.06104130392453
138054,136801.31116650795,44.000364212918875,61,61,1,4,91611,57301.481912298368,23.916213119255843,144.97533348874182,98.28038293386156,46.808656752005817
138054,136801.31116650795,44.000364212918875,67,67,1,5,72867,43998.490352648987,21.900282755471434,158.8817077027783,96.53413985636314,176.70963003210821
138054,136801.31116650795,44.000364212918875,76,76,1,6,119055,77366.143381650312,26.433466043547682,186.9226900704958,151.06829632033831,73.856650817402837
138054,136801.31116650795,44.000364212918875,84,84+91,2,7,64132,38022.750881265703,20.860192329651493,200.99848619057968,165.21124096929105,204.51880567724788
141687,140401.34567088971,45.000373797469365,21,21,1,0,24550,11967.064090918226,14.189475284219053,46.839280981288589,48.816624356544068,189.46865355128151
141687,140401.34567088971,45.000373797469365,12,12+28,2,1,43778,24148.617389543699,17.930864159199707,53.66601062937584,212.50111582479684,70.595841853481588
141687,140401.34567088971,45.000373797469365,39,39,1,2,118262,76898.598273943542,26.380110156530932,84.007417226965643,200.27060761345862,158.04536928417733
141687,140401.34567088971,45.000373797469365,51,51,1,3,37096,19802.096381815292,16.783177468117934,118.75174546990078,45.697546460416767,236.03506031793529
141687,140401.34567088971,45.000373797469365,61,61,1,4,93444,58632.679268349515,24.100000056483925,144.97969207142762,98.235573418620874,46.723741162072351
141687,140401.34567088971,45.000373797469365,67,67,1,5,73421,44402.695581808184,21.96714291690374,158.84742166263212,96.567511602214694,176.78014566738347
141687,140401.34567088971,45.000373797469365,76,76,1,6,121750,79419.695291934055,26.665303783208198,186.93802345017505,150.97898487536358,73.826571806364768
141687,140401.34567088971,45.000373797469365,84,84+91,2,7,63362,37450.152448075547,20.754948505736365,201.03986532945805,165.05798037224886,204.7119370645546
145320,144001.38017527151,46.000383382019862,21,21,1,0,19684,9067.3825432955146,12.935933562403495,46.839165553915684,48.636085790431963,189.46495982573589
145320,144001.38017527151,46.000383382019862,12,12+28,2,1,41656,22771.3033771056,17.583274658046054,53.644621188141429,212.66559899484508,70.572883048427002
145320,144001.38017527151,46.000383382019862,39,39,1,2,121534,79317.086138274812,26.653815098837349,83.96130159702075,200.41785697558751,157.94891386973111
145320,144001.38017527151,46.000383382019862,51,51,1,3,34342,18057.706118389153,16.275137154523154,118.61646793053167,45.745256985213651,235.98606872729084
145320,144001.38017527151,46.000383382019862,61,61,1,4,95483,60088.100247837596,24.297781449511774,144.97889475610876,98.18374760230725,46.632099776782809
145320,144001.38017527151,46.000383382019862,67,67,1,5,74068,44895.364723205072,22.048089588870649,158.81231031903428,96.588521727808057,176.85614847388345
145320,144001.38017527151,46.000383382019862,76,76,1,6,124708,81592.449449449719,26.906288047518068,186.95476770256138,150.89473256842729,73.795097764728055
145320,144001.38017527151,46.000383382019862,84,84+91,2,7,62485,36856.057040908119,20.64461337760844,201.08392950398857,164.90418107339838,204.90697389714529
148953,147601.4146796533,47.000392966570359,21,21,1,0,13672,5681.1553587282915,11.0691945052387,46.837200249560894,48.449000615377201,189.4785072375586
148953,147601.4146796533,47.000392966570359,12,12+28,2,1,39427,21310.705135496773,17.198995000130662,53.620416786542201,212.83406247685943,70.545528939250019
148953,147601.4146796533,47.000392966570359,39,39,1,2,125078,81997.827522270949,26.950774211840955,83.911764705243527,200.57198880775522,157.86039587585191
148953,147601.4146796533,47.000392966570359,51,51,1,3,31386,16175.353165589489,15.688751620603716,118.47040868328502,45.791907455913318,235.91045576604685
148953,147601.4146796533,47.000392966570359,61,61,1,4,97728,61694.434070347415,24.512397565736773,144.97203226644382,98.123377403654786,46.532695139851803
148953,147601.4146796533,47.000392966570359,67,67,1,5,74939,45507.52117343893,22.147847449606385,158.77596380316942,96.594414844595775,176.93842769019366
148953,147601.4146796533,47.000392966570359,76,76,1,6,127888,83905.038332395125,27.158126711909272,186.97353445690533,150.81596774366676,73.762363005723671
148953,147601.4146796533,47.000392966570359,84,84+91,2,7,61630,36252.451792715357,20.531290982475277,201.13159605358149,164.74984001914115,205.10430068693682
152585,151200.45825793975,48.000127293872154,12,12+28,2,0,37156,19787.774078761493,16.779130224424829,53.592829056244568,213.00845553633087,70.512004382879269
152585,151200.45825793975,48.000127293872154,21,21,1,1,4855,1357.4373744476288,6.8687397928843055,46.830285449787034,48.242237389724671,189.50836450475751
152585,151200.45825793975,48.000127293872154,39,39,1,2,129227,85048.287048927246,27.280918440999603,83.856521733031045,200.73862750467808,157.78400480319192
152585,151200.45825793975,48.000127293872154,51,51,1,3,28208,14166.962395062223,15.010530591537535,118.30608583778577,45.836238816484396,235.79909526147085
152585,151200.45825793975,48.000127293872154,61,61,1,4,100176,63504.822525355077,24.749857291358591,144.95745813840998,98.051739292282647,46.424125771082714
152585,151200.45825793975,48.000127293872154,67,67,1,5,76068,46306.239528790495,22.276671546516916,158.73740668402453,96.579564300837333,177.02809433969193
152585,151200.45825793975,48.000127293872154,76,76,1,6,131205,86402.618039635039,27.424965983263935,186.99569337022189,150.74349811418651,73.728888675750824
152585,151200.45825793975,48.000127293872154,84,84+91,2,7,60755,35673.987299558226,20.421502004730741,201.18497117899278,164.59519125537028,205.30417880377075
