CV48,CV6,J_abs,J_delta,J_relative,M6_48h_nm6_per_nm3,M6_6h_nm6_per_nm3,N48_equivalent,N6_equivalent,PF_coarsening_compatible,R48_nm,R48_over_R6,R6_nm,Sv48_nm_inv,Sv6_nm_inv,beta_inventory_h_volume_nm3,both_endpoints_within_5percent,delta_kappa_W_mK,kappa48_W_mK,kappa6_W_mK,mathematical_combination,matrix_xAg,refinement_reason,relative_change,scan_grid
0.5,0.0,0.3550268375521683,0.025834981862165735,0.038776536500244776,665052.5777504478,365.6165211595107,0.005442909751044292,1.328835388438545,True,200.0,5.0,40.0,0.0002297236353811553,0.0017947159014152746,356237.61016735336,False,0.019267359064296663,1.3169587806122225,1.2976914215479258,True,0.0062,registered_coarse_grid,0.014847411907303796,coarse
0.5,0.0,0.3550268375521683,0.025834981862165735,0.038776536500244776,665052.5777504478,365.6165211595107,0.005442909751044292,1.328835388438545,True,200.0,5.0,40.0,0.0002297236353811553,0.0017947159014152746,356237.61016735336,False,0.019267359064296663,1.3169587806122225,1.2976914215479258,True,0.0062,maximum_positive_delta,0.014847411907303796,local_refine
0.5,0.0,0.3550246510278703,0.02583628119926437,0.03877776317324497,664055.4975901251,365.6165211595107,0.005451082286844218,1.328835388438545,True,199.9,4.9975000000000005,40.0,0.0002298385546584844,0.0017947159014152746,356237.61016735336,False,0.019263317194660345,1.3169547387425862,1.2976914215479258,True,0.0062,maximum_positive_delta,0.014844297245706128,local_refine
0.5,0.0,0.35501244050742764,0.0258368509103477,0.0387782725479589,662064.3280109186,364.24717231851076,0.005467476508318023,1.333831004979521,True,199.7,4.99874843554443,39.95,0.00023006873848888858,0.0017969621040453316,356237.61016735336,False,0.01926154501691979,1.316946646127528,1.2976851011106083,True,0.0062,maximum_positive_delta,0.014843003900125714,local_refine
0.5,0.0,0.3550346752823961,0.025837014963132142,0.03877848438600267,665052.5777504478,366.98929765539634,0.005442909751044292,1.3238646876584295,True,200.0,4.993757802746567,40.05,0.0002297236353811553,0.001792475307281173,356237.61016735336,False,0.019261034708033087,1.3169587806122225,1.2976977459041894,True,0.0062,maximum_positive_delta,0.014842466027875147,local_refine
0.5,0.0,0.3550002286970686,0.025837425707593367,0.03877878674452788,660077.1427617068,362.8812468478279,0.0054839365369478334,1.338851693590779,True,199.5,5.0,39.9,0.00023029938384075706,0.0017992139362559146,356237.61016735336,False,0.019259757037656033,1.3169385416563961,1.29767878461874,True,0.0062,maximum_positive_delta,0.014841698320061986,local_refine
0.5,0.0,0.355022462934483,0.025837581519821684,0.038778990763248394,663059.4145098781,365.6165211595107,0.005459271192266776,1.328835388438545,True,199.8,4.995,40.0,0.00022995358897012525,0.0017947159014152746,356237.61016735336,False,0.019259272367512015,1.3169506939154378,1.2976914215479258,True,0.0062,maximum_positive_delta,0.014841180305052003,local_refine
0.5,0.0,0.3550102492707877,0.025838153149969036,0.038779501950187346,661070.2375944583,364.24717231851076,0.005475698276127322,1.333831004979521,True,199.6,4.996245306633291,39.95,0.00023018400338793105,0.0017969621040453316,356237.61016735336,False,0.019257494264992125,1.3169425953756004,1.2976851011106083,True,0.0062,maximum_positive_delta,0.014839882378637799,local_refine
0.5,0.0,0.35503248875809806,0.025838314351355224,0.038779711083833934,664055.4975901251,366.98929765539634,0.005451082286844218,1.3238646876584295,True,199.9,4.991260923845194,40.05,0.0002298385546584844,0.001792475307281173,356237.61016735336,False,0.01925699283839677,1.3169547387425862,1.2976977459041894,True,0.0062,maximum_positive_delta,0.014839351381456848,local_refine
0.5,0.0,0.3549980343103944,0.02583872987064093,0.03878001796305283,659085.0430138736,362.8812468478279,0.0054921913321569005,1.338851693590779,True,199.4,4.99749373433584,39.9,0.00023041488002121898,0.0017992139362559146,356237.61016735336,False,0.01925570034790991,1.31693448496665,1.29767878461874,True,0.0062,maximum_positive_delta,0.014838572207657122,local_refine
0.5,0.0,0.35502027327031627,0.0258388828249541,0.038780219271283875,662064.3280109186,365.6165211595107,0.005467476508318023,1.328835388438545,True,199.7,4.9925,40.0,0.00023006873848888858,0.0017947159014152746,356237.61016735336,False,0.01925522457960227,1.316946646127528,1.2976914215479258,True,0.0062,maximum_positive_delta,0.014838061082837438,local_refine
0.5,0.0,0.3550425179474786,0.025839049395517698,0.038780433500626245,665052.5777504478,368.3655060907369,0.005442909751044292,1.3189187474976913,True,200.0,4.987531172069826,40.1,0.0002297236353811553,0.0017902403006636158,356237.61016735336,False,0.0192547064592008,1.3169587806122225,1.2977040741530217,True,0.0062,maximum_positive_delta,0.014837517152566431,local_refine
0.5,0.0,0.3549858180725012,0.025839311698970725,0.03878053881814106,657103.8267778099,361.5187404628939,0.005508750691873608,1.3438976117599488,True,199.2,4.998745294855708,39.85,0.0002306462202622041,0.001801471419237415,356237.61016735336,False,0.019253890563501574,1.3169263626624506,1.297672472098949,True,0.0062,maximum_positive_delta,0.014837249750978337,local_refine
0.5,0.0,0.3550080564599797,0.02583945637636657,0.038780732272492735,660077.1427617068,364.24717231851076,0.0054839365369478334,1.333831004979521,True,199.5,4.993742177722153,39.95,0.00023029938384075706,0.0017969621040453316,356237.61016735336,False,0.019253440545787814,1.3169385416563961,1.2976851011106083,True,0.0062,maximum_positive_delta,0.01483675857055767,local_refine
0.5,0.0,0.35503030066471075,0.025839614723074396,0.03878093869868641,663059.4145098781,366.98929765539634,0.005459271192266776,1.3238646876584295,True,199.8,4.988764044943821,40.05,0.00022995358897012525,0.001792475307281173,356237.61016735336,False,0.01925294801124844,1.3169506939154378,1.2976977459041894,True,0.0062,maximum_positive_delta,0.014836234455993197,local_refine
0.5,0.0,0.35497360057642513,0.02583989865215996,0.03878106453181248,655126.5848959505,360.1596488791397,0.005525376688796666,1.3489689181632465,True,199.0,5.0,39.8,0.0002308780255086988,0.0018037345742867082,356237.61016735336,False,0.01925206485879838,1.3169182284367897,1.2976661635779914,True,0.0062,maximum_positive_delta,0.01483591496730993,local_refine
0.5,0.0,0.3549958383461538,0.025840035022672413,0.03878125010370575,658093.9378521715,362.8812468478279,0.005500462703256476,1.338851693590779,True,199.3,4.994987468671679,39.9,0.00023053049210351758,0.0017992139362559146,356237.61016735336,False,0.01925164068435281,1.316930425303093,1.29767878461874,True,0.0062,maximum_positive_delta,0.01483544380361352,local_refine
0.5,0.0,0.3550180820336764,0.025840185115780484,0.03878144869838251,661070.2375944583,365.6165211595107,0.005475698276127322,1.328835388438545,True,199.6,4.99,40.0,0.00023018400338793105,0.0017947159014152746,356237.61016735336,False,0.019251173827674606,1.3169425953756004,1.2976914215479258,True,0.0062,maximum_positive_delta,0.014834939576552969,local_refine
0.5,0.0,0.3550403314231806,0.025840348834896696,0.038781660223303316,664055.4975901251,368.3655060907369,0.005451082286844218,1.3189187474976913,True,199.9,4.985037406483791,40.1,0.0002298385546584844,0.0017902403006636158,356237.61016735336,False,0.01925066458956448,1.3169547387425862,1.2977040741530217,True,0.0062,maximum_positive_delta,0.01483440252133669,local_refine
0.5,0.0,0.35498361894801694,0.025840618781018412,0.038781772781231384,656114.7092920002,361.5187404628939,0.005517055339760831,1.3438976117599488,True,199.1,4.996235884567127,39.85,0.00023076206467217996,0.001801471419237415,356237.61016735336,False,0.019249824942495275,1.3169222970414443,1.297672472098949,True,0.0062,maximum_positive_delta,0.014834116740843875,local_refine
0.5,0.0,0.3550058620733055,0.02584076059066223,0.03878196351590894,659085.0430138736,364.24717231851076,0.0054921913321569005,1.333831004979521,True,199.4,4.991239048811013,39.95,0.00023041488002121898,0.0017969621040453316,356237.61016735336,False,0.01924938385604169,1.31693448496665,1.2976851011106083,True,0.0062,maximum_positive_delta,0.014833632473369184,local_refine
0.5,0.0,0.3550281110005441,0.025840916079406116,0.038782167231588935,662064.3280109186,366.98929765539634,0.005467476508318023,1.3238646876584295,True,199.7,4.986267166042447,40.05,0.00023006873848888858,0.001792475307281173,356237.61016735336,False,0.019248900223338694,1.316946646127528,1.2976977459041894,True,0.0062,maximum_positive_delta,0.014833115248980223,local_refine
0.5,0.0,0.3550503655150845,0.02584108515102978,0.03878238383608349,665052.5777504478,369.74515075010027,0.005442909751044292,1.3139974139726192,True,200.0,4.981320049813201,40.15,0.0002297236353811553,0.001788010860687696,356237.61016735336,False,0.0192483743440528,1.3169587806122225,1.2977104062681697,True,0.0062,maximum_positive_delta,0.014832565301996318,local_refine
0.5,0.0,0.35499364080264384,0.025841341164812955,0.03878248316752341,657103.8267778099,362.8812468478279,0.005508750691873608,1.338851693590779,True,199.2,4.992481203007519,39.9,0.0002306462202622041,0.0017992139362559146,356237.61016735336,False,0.019247578043710467,1.3169263626624506,1.29767878461874,True,0.0062,maximum_positive_delta,0.014832313105408003,local_refine
0.5,0.0,0.3550158892228684,0.025841488393420573,0.03878267904557611,660077.1427617068,365.6165211595107,0.0054839365369478334,1.328835388438545,True,199.5,4.9875,40.0,0.00023029938384075706,0.0017947159014152746,356237.61016735336,False,0.019247120108470295,1.3169385416563961,1.2976914215479258,True,0.0062,maximum_positive_delta,0.014831815783687422,local_refine
0.5,0.0,0.3550381433297933,0.025841649257809213,0.03878288786301959,663059.4145098781,368.3655060907369,0.005459271192266776,1.3189187474976913,True,199.8,4.982543640897756,40.1,0.00022995358897012525,0.0017902403006636158,356237.61016735336,False,0.01924661976241615,1.3169506939154378,1.2977040741530217,True,0.0062,maximum_positive_delta,0.014831285611072715,local_refine
0.5,0.0,0.3549814182408505,0.025841926855392862,0.03878300766954664,655126.5848959505,361.5187404628939,0.005525376688796666,1.3438976117599488,True,199.0,4.993726474278544,39.85,0.0002308780255086988,0.001801471419237415,356237.61016735336,False,0.019245756337840758,1.3169182284367897,1.297672472098949,True,0.0062,maximum_positive_delta,0.014830981431478842,local_refine
0.5,0.0,0.35500366610906486,0.025842065793979376,0.03878319568147117,658093.9378521715,364.24717231851076,0.005500462703256476,1.333831004979521,True,199.3,4.988735919899875,39.95,0.00023053049210351758,0.0017969621040453316,356237.61016735336,False,0.019245324192484592,1.316930425303093,1.2976851011106083,True,0.0062,maximum_positive_delta,0.01483050408455311,local_refine
0.5,0.0,0.3550259197639042,0.025842218421469297,0.038783396683572634,661070.2375944583,366.98929765539634,0.005475698276127322,1.3238646876584295,True,199.6,4.983770287141074,40.05,0.00023018400338793105,0.001792475307281173,356237.61016735336,False,0.01924484947141103,1.3169425953756004,1.2976977459041894,True,0.0062,maximum_positive_delta,0.014829993757908477,local_refine
0.5,0.0,0.3550481789907865,0.025842384641595946,0.038783610583621,664055.4975901251,369.74515075010027,0.005451082286844218,1.3139974139726192,True,199.9,4.978829389788294,40.15,0.0002298385546584844,0.001788010860687696,356237.61016735336,False,0.01924433247441648,1.3169547387425862,1.2977104062681697,True,0.0062,maximum_positive_delta,0.01482945068596427,local_refine
0.5,0.0,0.3549914416781596,0.025842648298189268,0.03878371715554408,656114.7092920002,362.8812468478279,0.005517055339760831,1.338851693590779,True,199.1,4.989974937343359,39.9,0.00023076206467217996,0.0017992139362559146,356237.61016735336,False,0.019243512422704168,1.3169222970414443,1.29767878461874,True,0.0062,maximum_positive_delta,0.014829180110513974,local_refine
0.5,0.0,0.35501369483619416,0.025842792658996337,0.03878391031389859,659085.0430138736,365.6165211595107,0.0054921913321569005,1.328835388438545,True,199.4,4.985,40.0,0.00023041488002121898,0.0017947159014152746,356237.61016735336,False,0.01924306341872417,1.31693448496665,1.2976914215479258,True,0.0062,maximum_positive_delta,0.014828689701724667,local_refine
0.5,0.0,0.35503595366562657,0.02584295066537175,0.038784116420803934,662064.3280109186,368.3655060907369,0.005467476508318023,1.3189187474976913,True,199.7,4.98004987531172,40.1,0.00023006873848888858,0.0017902403006636158,356237.61016735336,False,0.019242571974506406,1.316946646127528,1.2977040741530217,True,0.0062,maximum_positive_delta,0.014828166419270542,local_refine
0.5,0.0,0.35505821795303355,0.025843122221414355,0.03878433538438007,665052.5777504478,371.12823591805545,0.005442909751044292,1.3091005342472015,True,200.0,4.975124378109452,40.2,0.0002297236353811553,0.0017857869665823627,356237.61016735336,False,0.019242038388718186,1.3169587806122225,1.2977167422235043,True,0.0062,maximum_positive_delta,0.01482761049668584,local_refine
0.5,0.0,0.3550014685655549,0.02584337198744319,0.03878442877021623,657103.8267778099,364.24717231851076,0.005508750691873608,1.333831004979521,True,199.2,4.986232790988735,39.95,0.0002306462202622041,0.0017969621040453316,356237.61016735336,False,0.019241261551842248,1.3169263626624506,1.2976851011106083,True,0.0062,maximum_positive_delta,0.01482737340158629,local_refine
0.5,0.0,0.35502372695309614,0.025843521750383715,0.03878462705566934,660077.1427617068,366.98929765539634,0.0054839365369478334,1.3238646876584295,True,199.5,4.9812734082397006,40.05,0.00023029938384075706,0.001792475307281173,356237.61016735336,False,0.01924079575220672,1.3169385416563961,1.2976977459041894,True,0.0062,maximum_positive_delta,0.0148268699802668,local_refine
0.5,0.0,0.3550459908973992,0.025843685115733084,0.03878483824821572,663059.4145098781,369.74515075010027,0.005459271192266776,1.3139974139726192,True,199.8,4.976338729763388,40.15,0.00022995358897012525,0.001788010860687696,356237.61016735336,False,0.01924028764726815,1.3169506939154378,1.2977104062681697,True,0.0062,maximum_positive_delta,0.014826333790909108,local_refine
0.5,0.0,0.35498924097099316,0.025843956423930014,0.03878495206880779,655126.5848959505,362.8812468478279,0.005525376688796666,1.338851693590779,True,199.0,4.987468671679198,39.9,0.0002308780255086988,0.0017992139362559146,356237.61016735336,False,0.01923944381804965,1.3169182284367897,1.29767878461874,True,0.0062,maximum_positive_delta,0.01482604481640056,local_refine
0.5,0.0,0.35501149887195355,0.025844097913631184,0.038785142504385146,658093.9378521715,365.6165211595107,0.005500462703256476,1.328835388438545,True,199.3,4.9825,40.0,0.00023053049210351758,0.0017947159014152746,356237.61016735336,False,0.019239003755167072,1.316930425303093,1.2976914215479258,True,0.0062,maximum_positive_delta,0.014825561328145487,local_refine
0.5,0.0,0.3550337624289867,0.025844253058703262,0.038785345897687465,661070.2375944583,368.3655060907369,0.005475698276127322,1.3189187474976913,True,199.6,4.977556109725685,40.1,0.00023018400338793105,0.0017902403006636158,356237.61016735336,False,0.01923852122257874,1.3169425953756004,1.2977040741530217,True,0.0062,maximum_positive_delta,0.014825044943420736,local_refine
0.5,0.0,0.35505603142873554,0.025844421763198733,0.038785562156792575,664055.4975901251,371.12823591805545,0.005451082286844218,1.3091005342472015,True,199.9,4.9726368159203975,40.2,0.0002298385546584844,0.0017857869665823627,356237.61016735336,False,0.019237996519081868,1.3169547387425862,1.2977167422235043,True,0.0062,maximum_positive_delta,0.014824495895860554,local_refine
0.5,0.0,0.3549992694410707,0.02584467917218043,0.03878566278318239,656114.7092920002,364.24717231851076,0.005517055339760831,1.333831004979521,True,199.1,4.983729662077597,39.95,0.00023076206467217996,0.0017969621040453316,356237.61016735336,False,0.01923719593083595,1.3169222970414443,1.2976851011106083,True,0.0062,maximum_positive_delta,0.014824240421942136,local_refine
0.5,0.0,0.35502153256642194,0.02584482606727138,0.03878585834891298,659085.0430138736,366.98929765539634,0.0054921913321569005,1.3238646876584295,True,199.4,4.978776529338328,40.05,0.00023041488002121898,0.001792475307281173,356237.61016735336,False,0.019236739062460595,1.31693448496665,1.2976977459041894,True,0.0062,maximum_positive_delta,0.014823743913539068,local_refine
0.5,0.0,0.35504380123323254,0.025844986574557742,0.03878606683089654,662064.3280109186,369.74515075010027,0.005467476508318023,1.3139974139726192,True,199.7,4.97384806973848,40.15,0.00023006873848888858,0.001788010860687696,356237.61016735336,False,0.019236239859358406,1.316946646127528,1.2977104062681697,True,0.0062,maximum_positive_delta,0.01482321461432688,local_refine
0.5,0.0,0.3550660752292974,0.025845160598455853,0.03878628813755926,665052.5777504478,372.51476587917085,0.005442909751044292,1.3042279566231656,True,200.0,4.968944099378882,40.25,0.0002297236353811553,0.001783568597679776,356237.61016735336,False,0.0192356986192026,1.3169587806122225,1.29772308199302,True,0.0062,maximum_positive_delta,0.014822652757058739,local_refine
0.5,0.0,0.3550093013284436,0.025845404158450328,0.038786375618072626,657103.8267778099,365.6165211595107,0.005508750691873608,1.328835388438545,True,199.2,4.9799999999999995,40.0,0.0002306462202622041,0.0017947159014152746,356237.61016735336,False,0.01923494111452473,1.3169263626624506,1.2976914215479258,True,0.0062,maximum_positive_delta,0.014822430660426733,local_refine
0.5,0.0,0.3550315696181787,0.02584555643892357,0.03878657629470207,660077.1427617068,368.3655060907369,0.0054839365369478334,1.3189187474976913,True,199.5,4.97506234413965,40.1,0.00023029938384075706,0.0017902403006636158,356237.61016735336,False,0.01923446750337443,1.3169385416563961,1.2977040741530217,True,0.0062,maximum_positive_delta,0.014821921181012148,local_refine
0.5,0.0,0.35505384333534823,0.02584572228859156,0.03878678984628028,663059.4145098781,371.12823591805545,0.005459271192266776,1.3091005342472015,True,199.8,4.970149253731344,40.2,0.00022995358897012525,0.0017857869665823627,356237.61016735336,False,0.019233951691933537,1.3169506939154378,1.2977167422235043,True,0.0062,maximum_positive_delta,0.014821379016023279,local_refine
0.5,0.0,0.35499706873390424,0.02584598734931979,0.038786897721409704,655126.5848959505,364.24717231851076,0.005525376688796666,1.333831004979521,True,199.0,4.981226533166458,39.95,0.0002308780255086988,0.0017969621040453316,356237.61016735336,False,0.01923312732618143,1.3169182284367897,1.2976851011106083,True,0.0062,maximum_positive_delta,0.014821105143089791,local_refine
0.5,0.0,0.3550193366021813,0.025846131373255747,0.03878709056433879,658093.9378521715,366.98929765539634,0.005500462703256476,1.3238646876584295,True,199.3,4.976279650436955,40.05,0.00023053049210351758,0.001792475307281173,356237.61016735336,False,0.019232679398903496,1.316930425303093,1.2976977459041894,True,0.0062,maximum_positive_delta,0.01482061555520608,local_refine
0.5,0.0,0.3550416099965926,0.02584628901918891,0.03878729633269457,661070.2375944583,369.74515075010027,0.005475698276127322,1.3139974139726192,True,199.6,4.971357409713574,40.15,0.00023018400338793105,0.001788010860687696,356237.61016735336,False,0.01923218910743074,1.3169425953756004,1.2977104062681697,True,0.0062,maximum_positive_delta,0.014820093153708164,local_refine
0.5,0.0,0.3550638887049994,0.025846460191489274,0.03878751493486116,664055.4975901251,372.51476587917085,0.005451082286844218,1.3042279566231656,True,199.9,4.9664596273291925,40.25,0.0002298385546584844,0.001783568597679776,356237.61016735336,False,0.019231656749566284,1.3169547387425862,1.29772308199302,True,0.0062,maximum_positive_delta,0.01481953817144922,local_refine
0.5,0.0,0.35500710220395937,0.02584671139458057,0.03878760965599931,656114.7092920002,365.6165211595107,0.005517055339760831,1.328835388438545,True,199.1,4.9775,40.0,0.00023076206467217996,0.0017947159014152746,356237.61016735336,False,0.01923087549351843,1.3169222970414443,1.2976914215479258,True,0.0062,maximum_positive_delta,0.014819297696041834,local_refine
0.5,0.0,0.35502937523150446,0.02584686080715472,0.03878780761288167,659085.0430138736,368.3655060907369,0.0054921913321569005,1.3189187474976913,True,199.4,4.972568578553616,40.1,0.00023041488002121898,0.0017902403006636158,356237.61016735336,False,0.019230410813628307,1.31693448496665,1.2977040741530217,True,0.0062,maximum_positive_delta,0.014818795129528668,local_refine
0.5,0.0,0.3550516536711815,0.025847023798709422,0.03878801845387211,662064.3280109186,371.12823591805545,0.005467476508318023,1.3091005342472015,True,199.7,4.967661691542288,40.2,0.00023006873848888858,0.0017857869665823627,356237.61016735336,False,0.019229903904023793,1.316946646127528,1.2977167422235043,True,0.0062,maximum_positive_delta,0.014818259854670078,local_refine
0.5,0.0,0.3550739373119976,0.025847200273976887,0.038788242087701555,665052.5777504478,373.9047449180152,0.005442909751044292,1.299379530530102,True,200.0,4.962779156327544,40.3,0.0002297236353811553,0.001781355733414665,356237.61016735336,False,0.01922935506138912,1.3169587806122225,1.2977294255508334,True,0.0062,maximum_positive_delta,0.014817692103442165,local_refine
0.5,0.0,0.3550171390586714,0.025847437669462063,0.03878832370298361,657103.8267778099,366.98929765539634,0.005508750691873608,1.3238646876584295,True,199.2,4.97378277153558,40.05,0.0002306462202622041,0.001792475307281173,356237.61016735336,False,0.019228616758261152,1.3169263626624506,1.2976977459041894,True,0.0062,maximum_positive_delta,0.014817484902744699,local_refine
0.5,0.0,0.3550394171857846,0.02584759245074645,0.03878852675464175,660077.1427617068,369.74515075010027,0.0054839365369478334,1.3139974139726192,True,199.5,4.968866749688668,40.15,0.00023029938384075706,0.001788010860687696,356237.61016735336,False,0.01922813538822643,1.3169385416563961,1.2977104062681697,True,0.0062,maximum_positive_delta,0.014816969406541824,local_refine
0.5,0.0,0.3550617006116121,0.025847760768168644,0.03878874264925629,663059.4145098781,372.51476587917085,0.005459271192266776,1.3042279566231656,True,199.8,4.9639751552795035,40.25,0.00022995358897012525,0.001783568597679776,356237.61016735336,False,0.019227611922417953,1.3169506939154378,1.29772308199302,True,0.0062,maximum_positive_delta,0.014816421306838844,local_refine
0.5,0.0,0.35500490149679287,0.025848019623150656,0.03878884461920528,655126.5848959505,365.6165211595107,0.005525376688796666,1.328835388438545,True,199.0,4.975,40.0,0.0002308780255086988,0.0017947159014152746,356237.61016735336,False,0.019226806888863912,1.3169182284367897,1.2976914215479258,True,0.0062,registered_coarse_grid,0.014816162432459938,coarse
0.5,0.0,0.35500490149679287,0.025848019623150656,0.03878884461920528,655126.5848959505,365.6165211595107,0.005525376688796666,1.328835388438545,True,199.0,4.975,40.0,0.0002308780255086988,0.0017947159014152746,356237.61016735336,False,0.019226806888863912,1.3169182284367897,1.2976914215479258,True,0.0062,maximum_positive_delta,0.014816162432459938,local_refine
0.5,0.0,0.35502717926726385,0.02584816616452021,0.038789039853261514,658093.9378521715,368.3655060907369,0.005500462703256476,1.3189187474976913,True,199.3,4.970074812967582,40.1,0.00023053049210351758,0.0017902403006636158,356237.61016735336,False,0.019226351150071208,1.316930425303093,1.2977040741530217,True,0.0062,maximum_positive_delta,0.014815666786451107,local_refine
0.5,0.0,0.35504946243454166,0.025848326294671355,0.03878924798059922,661070.2375944583,371.12823591805545,0.005475698276127322,1.3091005342472015,True,199.6,4.965174129353233,40.2,0.00023018400338793105,0.0017857869665823627,356237.61016735336,False,0.01922585315209613,1.3169425953756004,1.2977167422235043,True,0.0062,maximum_positive_delta,0.014815138409291542,local_refine
0.5,0.0,0.3550717507876996,0.025848499918289972,0.03878946890990719,664055.4975901251,373.9047449180152,0.005451082286844218,1.299379530530102,True,199.9,4.96029776674938,40.3,0.0002298385546584844,0.001781355733414665,356237.61016735336,False,0.019225313191752802,1.3169547387425862,1.2977294255508334,True,0.0062,maximum_positive_delta,0.014814577533057354,local_refine
0.5,0.0,0.35501493993418715,0.025848744957017177,0.03878955776588575,656114.7092920002,366.98929765539634,0.005517055339760831,1.3238646876584295,True,199.1,4.971285892634207,40.05,0.00023076206467217996,0.001792475307281173,356237.61016735336,False,0.019224551137254853,1.3169222970414443,1.2976977459041894,True,0.0062,maximum_positive_delta,0.014814351953628364,local_refine
0.5,0.0,0.3550372227991104,0.025848896870352453,0.038789758097772,659085.0430138736,369.74515075010027,0.0054921913321569005,1.3139974139726192,True,199.4,4.966376089663761,40.15,0.00023041488002121898,0.001788010860687696,356237.61016735336,False,0.019224078698480307,1.31693448496665,1.2977104062681697,True,0.0062,maximum_positive_delta,0.01481384337031176,local_refine
0.5,0.0,0.35505951094744537,0.025849062329610595,0.038789971281773604,662064.3280109186,372.51476587917085,0.005467476508318023,1.3042279566231656,True,199.7,4.961490683229814,40.25,0.00023006873848888858,0.001783568597679776,356237.61016735336,False,0.01922356413450821,1.316946646127528,1.29772308199302,True,0.0062,maximum_positive_delta,0.01481330216072369,local_refine
0.5,0.0,0.35508180416940355,0.025849241239837676,0.038790197226924256,665052.5777504478,375.29817731915705,0.005442909751044292,1.294555106515696,True,200.0,4.956629491945477,40.35,0.0002297236353811553,0.0017791483533236923,356237.61016735336,False,0.01922300774104002,1.3169587806122225,1.2977357728711825,True,0.0062,maximum_positive_delta,0.014812728556068062,local_refine
0.5,0.0,0.3550249817237539,0.025849472512145328,0.03879027301687849,657103.8267778099,368.3655060907369,0.005508750691873608,1.3189187474976913,True,199.2,4.967581047381546,40.1,0.0002306462202622041,0.0017902403006636158,356237.61016735336,False,0.019222288509428864,1.3169263626624506,1.2977040741530217,True,0.0062,maximum_positive_delta,0.014812536149256341,local_refine
0.5,0.0,0.3550472696237337,0.025849629777597263,0.03879047842749353,660077.1427617068,371.12823591805545,0.0054839365369478334,1.3091005342472015,True,199.5,4.962686567164178,40.2,0.00023029938384075706,0.0017857869665823627,356237.61016735336,False,0.019221799432891817,1.3169385416563961,1.2977167422235043,True,0.0062,maximum_positive_delta,0.014812014677376542,local_refine
0.5,0.0,0.3550695626943123,0.025849800546286533,0.0387906966492241,663059.4145098781,373.9047449180152,0.005459271192266776,1.299379530530102,True,199.8,4.957816377171216,40.3,0.00022995358897012525,0.001781355733414665,356237.61016735336,False,0.01922126836460447,1.3169506939154378,1.2977294255508334,True,0.0062,maximum_positive_delta,0.01481146068368283,local_refine
0.5,0.0,0.3550127392270207,0.02585005323704987,0.03879079275408532,655126.5848959505,366.98929765539634,0.005525376688796666,1.3238646876584295,True,199.0,4.9687890137328345,40.05,0.0002308780255086988,0.001792475307281173,356237.61016735336,False,0.019220482532600336,1.3169182284367897,1.2976977459041894,True,0.0062,maximum_positive_delta,0.01481121670532624,local_refine
0.5,0.0,0.35503502683486976,0.025850202279130454,0.038790990363120594,658093.9378521715,369.74515075010027,0.005500462703256476,1.3139974139726192,True,199.3,4.963885429638855,40.15,0.00023053049210351758,0.001788010860687696,356237.61016735336,False,0.019220019034923208,1.316930425303093,1.2977104062681697,True,0.0062,maximum_positive_delta,0.014810715042498798,local_refine
0.5,0.0,0.3550573197108055,0.025850364876934196,0.03879120083344424,661070.2375944583,372.51476587917085,0.005475698276127322,1.3042279566231656,True,199.6,4.9590062111801245,40.25,0.00023018400338793105,0.001783568597679776,356237.61016735336,False,0.019219513382580544,1.3169425953756004,1.29772308199302,True,0.0062,maximum_positive_delta,0.014810180730594357,local_refine
0.5,0.0,0.35507961764510554,0.025850540935460846,0.03879142407404784,664055.4975901251,375.29817731915705,0.005451082286844218,1.294555106515696,True,199.9,4.954151177199504,40.35,0.0002298385546584844,0.0017791483533236923,356237.61016735336,False,0.019218965871403704,1.3169547387425862,1.2977357728711825,True,0.0062,maximum_positive_delta,0.014809614000916843,local_refine
0.5,0.0,0.35502278259926967,0.025850779851156965,0.038791507104770924,656114.7092920002,368.3655060907369,0.005517055339760831,1.3189187474976913,True,199.1,4.965087281795511,40.1,0.00023076206467217996,0.0017902403006636158,356237.61016735336,False,0.019218222888422565,1.3169222970414443,1.2977040741530217,True,0.0062,maximum_positive_delta,0.01480940321541782,local_refine
0.5,0.0,0.3550450752370594,0.025850934248609278,0.03879170979558902,659085.0430138736,371.12823591805545,0.0054921913321569005,1.3091005342472015,True,199.4,4.960199004975125,40.2,0.00023041488002121898,0.0017857869665823627,356237.61016735336,False,0.019217742743145694,1.31693448496665,1.2977167422235043,True,0.0062,maximum_positive_delta,0.014808888656409,local_refine
0.5,0.0,0.35506737303014557,0.025851102159083237,0.03879192530668122,662064.3280109186,373.9047449180152,0.005467476508318023,1.299379530530102,True,199.7,4.955334987593052,40.3,0.00023006873848888858,0.001781355733414665,356237.61016735336,False,0.019217220576694727,1.316946646127528,1.2977294255508334,True,0.0062,maximum_positive_delta,0.014808341552814677,local_refine
0.5,0.0,0.3550896757699348,0.025851283487936493,0.038792153547381775,665052.5777504478,376.69506736716494,0.005442909751044292,1.2897545362360565,True,200.0,4.9504950495049505,40.4,0.0002297236353811553,0.0017769464370448265,356237.61016735336,False,0.019216656683795463,1.3169587806122225,1.297742123928427,True,0.0062,maximum_positive_delta,0.014807762135072143,local_refine
0.5,0.0,0.3550328292913598,0.02585150867820579,0.038792223551724424,657103.8267778099,369.74515075010027,0.005508750691873608,1.3139974139726192,True,199.2,4.961394769613948,40.15,0.0002306462202622041,0.001788010860687696,356237.61016735336,False,0.019215956394280864,1.3169263626624506,1.2977104062681697,True,0.0062,maximum_positive_delta,0.014807584420579825,local_refine
0.5,0.0,0.3550551268999975,0.025851668411259392,0.038792431305300176,660077.1427617068,372.51476587917085,0.0054839365369478334,1.3042279566231656,True,199.5,4.956521739130435,40.25,0.00023029938384075706,0.001783568597679776,356237.61016735336,False,0.019215459663376233,1.3169385416563961,1.29772308199302,True,0.0062,maximum_positive_delta,0.014807057013939733,local_refine
0.5,0.0,0.3550774295517182,0.02585184161480503,0.03879265183830075,663059.4145098781,375.29817731915705,0.005459271192266776,1.294555106515696,True,199.8,4.951672862453532,40.35,0.00022995358897012525,0.0017791483533236923,356237.61016735336,False,0.019214921044255373,1.3169506939154378,1.2977357728711825,True,0.0062,maximum_positive_delta,0.014806497166787055,local_refine
0.5,0.0,0.35502058189210317,0.025852088182683943,0.038792742117978916,655126.5848959505,368.3655060907369,0.005525376688796666,1.3189187474976913,True,199.0,4.962593516209476,40.1,0.0002308780255086988,0.0017902403006636158,356237.61016735336,False,0.019214154283768048,1.3169182284367897,1.2977040741530217,True,0.0062,maximum_positive_delta,0.014806267982404722,local_refine
0.5,0.0,0.3550428792728188,0.025852239708830972,0.03879294208592096,658093.9378521715,371.12823591805545,0.005500462703256476,1.3091005342472015,True,199.3,4.95771144278607,40.2,0.00023053049210351758,0.0017857869665823627,356237.61016735336,False,0.019213683079588595,1.316930425303093,1.2977167422235043,True,0.0062,maximum_positive_delta,0.014805760343869745,local_refine
0.5,0.0,0.3550651817935057,0.025852404757799194,0.03879315488330975,661070.2375944583,373.9047449180152,0.005475698276127322,1.299379530530102,True,199.6,4.9528535980148884,40.3,0.00023018400338793105,0.001781355733414665,356237.61016735336,False,0.019213169824767062,1.3169425953756004,1.2977294255508334,True,0.0062,maximum_positive_delta,0.014805220137943512,local_refine
0.5,0.0,0.35508748924563677,0.025852583234899952,0.03879338041943745,664055.4975901251,376.69506736716494,0.005451082286844218,1.2897545362360565,True,199.9,4.948019801980198,40.4,0.0002298385546584844,0.0017769464370448265,356237.61016735336,False,0.019212614814159146,1.3169547387425862,1.297742123928427,True,0.0062,maximum_positive_delta,0.014804647595163334,local_refine
0.5,0.0,0.3550306301668756,0.025852816068705386,0.03879345766462186,656114.7092920002,369.74515075010027,0.005517055339760831,1.3139974139726192,True,199.1,4.958904109589041,40.15,0.00023076206467217996,0.001788010860687696,356237.61016735336,False,0.019211890773274565,1.3169222970414443,1.2977104062681697,True,0.0062,maximum_positive_delta,0.014804451502028304,local_refine
0.5,0.0,0.35505293251332326,0.025852972933708362,0.038793662698375364,659085.0430138736,372.51476587917085,0.0054921913321569005,1.3042279566231656,True,199.4,4.9540372670807455,40.25,0.00023041488002121898,0.001783568597679776,356237.61016735336,False,0.01921140297363011,1.31693448496665,1.29772308199302,True,0.0062,maximum_positive_delta,0.014803931008243747,local_refine
0.5,0.0,0.3550752398875515,0.025853143278986947,0.03879388052071195,662064.3280109186,375.29817731915705,0.005467476508318023,1.294555106515696,True,199.7,4.949194547707559,40.35,0.00023006873848888858,0.0017791483533236923,356237.61016735336,False,0.01921087325634563,1.316946646127528,1.2977357728711825,True,0.0062,maximum_positive_delta,0.014803378051174801,local_refine
0.5,0.0,0.3550975520821582,0.025853327010209162,0.03879411104126524,665052.5777504478,378.09541934660786,0.005442909751044292,1.2849776724461313,True,200.0,4.944375772558714,40.45,0.0002297236353811553,0.0017747499643167117,356237.61016735336,False,0.019210301915175032,1.3169587806122225,1.2977484786970475,True,0.0062,maximum_positive_delta,0.014802792860495101,local_refine
0.5,0.0,0.35504068172930886,0.02585354615938773,0.03879417529952627,657103.8267778099,371.12823591805545,0.005508750691873608,1.3091005342472015,True,199.2,4.955223880597014,40.2,0.0002306462202622041,0.0017857869665823627,356237.61016735336,False,0.01920962043894625,1.3169263626624506,1.2977167422235043,True,0.0062,maximum_positive_delta,0.014802629737235678,local_refine
0.5,0.0,0.3550629889826977,0.025853708343554396,0.03879438538014167,660077.1427617068,373.9047449180152,0.0054839365369478334,1.299379530530102,True,199.5,4.9503722084367245,40.3,0.00023029938384075706,0.001781355733414665,356237.61016735336,False,0.01920911610556275,1.3169385416563961,1.2977294255508334,True,0.0062,maximum_positive_delta,0.014802096436558231,local_refine
0.5,0.0,0.35508530115224946,0.025853883965621997,0.038794608208640495,663059.4145098781,376.69506736716494,0.005459271192266776,1.2897545362360565,True,199.8,4.945544554455446,40.4,0.00022995358897012525,0.0017769464370448265,356237.61016735336,False,0.019208569987010815,1.3169506939154378,1.297742123928427,True,0.0062,maximum_positive_delta,0.014801530776287111,local_refine
0.5,0.0,0.3548824536765705,0.02585412298312012,0.0387943228287085,635571.87768921,352.0765702655546,0.005695376537986348,1.3799389477922337,True,197.0,4.987341772151899,39.5,0.00023322196485396464,0.0018174338242179999,356237.61016735336,False,0.019207826735502698,1.316836224677703,1.2976283979422003,True,0.0062,registered_coarse_grid,0.01480225522650612,coarse
0.5,0.0,0.35502842945970914,0.025854124451758113,0.038794692702853024,655126.5848959505,369.74515075010027,0.005525376688796666,1.3139974139726192,True,199.0,4.956413449564135,40.15,0.0002308780255086988,0.001788010860687696,356237.61016735336,False,0.019207822168620048,1.3169182284367897,1.2977104062681697,True,0.0062,maximum_positive_delta,0.014801316284313424,local_refine
0.5,0.0,0.35505073654908265,0.02585427844540472,0.038794895013705144,658093.9378521715,372.51476587917085,0.005500462703256476,1.3042279566231656,True,199.3,4.9515527950310565,40.25,0.00023053049210351758,0.001783568597679776,356237.61016735336,False,0.01920734331007301,1.316930425303093,1.29772308199302,True,0.0062,maximum_positive_delta,0.014800802710987245,local_refine
0.5,0.0,0.35507304865091166,0.02585444592912575,0.038795110122312626,661070.2375944583,375.29817731915705,0.005475698276127322,1.294555106515696,True,199.6,4.9467162329615855,40.35,0.00023018400338793105,0.0017791483533236923,356237.61016735336,False,0.019206822504417964,1.3169425953756004,1.2977357728711825,True,0.0062,maximum_positive_delta,0.014800256651570701,local_refine
0.5,0.0,0.3550953655578602,0.02585462680854292,0.038795337938267026,664055.4975901251,378.09541934660786,0.005451082286844218,1.2849776724461313,True,199.9,4.941903584672435,40.45,0.0002298385546584844,0.0017747499643167117,356237.61016735336,False,0.019206260045538714,1.3169547387425862,1.2977484786970475,True,0.0062,maximum_positive_delta,0.01479967833583746,local_refine
0.5,0.0,0.3550384826048246,0.025854853601406512,0.038795409437443334,656114.7092920002,371.12823591805545,0.005517055339760831,1.3091005342472015,True,199.1,4.952736318407959,40.2,0.00023076206467217996,0.0017857869665823627,356237.61016735336,False,0.01920555481793995,1.3169222970414443,1.2977167422235043,True,0.0062,maximum_positive_delta,0.014799496833980278,local_refine
0.5,0.0,0.35506079459602347,0.025855012917471058,0.03879561679821096,659085.0430138736,373.9047449180152,0.0054921913321569005,1.299379530530102,True,199.4,4.9478908188585615,40.3,0.00023041488002121898,0.001781355733414665,356237.61016735336,False,0.019205059415816628,1.31693448496665,1.2977294255508334,True,0.0062,maximum_positive_delta,0.014798970446142779,local_refine
0.5,0.0,0.3550831114880828,0.02585518568121938,0.03879583691601989,662064.3280109186,376.69506736716494,0.005467476508318023,1.2897545362360565,True,199.7,4.943069306930693,40.4,0.00023006873848888858,0.0017769464370448265,356237.61016735336,False,0.01920452219910107,1.316946646127528,1.297742123928427,True,0.0062,maximum_positive_delta,0.014798411675939585,local_refine
0.5,0.0,0.3551054330747857,0.02585537179862829,0.038796069700801676,665052.5777504478,379.49923754205366,0.005442909751044292,1.2802243689902266,True,200.0,4.938271604938271,40.5,0.0002297236353811553,0.0017725589149780489,356237.61016735336,False,0.019203943460580186,1.3169587806122225,1.2977548371516423,True,0.0062,registered_coarse_grid,0.014797820752284517,coarse
0.5,0.0,0.3551054330747857,0.02585537179862829,0.038796069700801676,665052.5777504478,379.49923754205366,0.005442909751044292,1.2802243689902266,True,200.0,4.938271604938271,40.5,0.0002297236353811553,0.0017725589149780489,356237.61016735336,False,0.019203943460580186,1.3169587806122225,1.2977548371516423,True,0.0062,maximum_positive_delta,0.014797820752284517,local_refine
0.5,0.0,0.3550485390055727,0.02585558494747389,0.03879612825232644,657103.8267778099,372.51476587917085,0.005508750691873608,1.3042279566231656,True,199.2,4.949068322981367,40.25,0.0002306462202622041,0.001783568597679776,356237.61016735336,False,0.019203280669430667,1.3169263626624506,1.29772308199302,True,0.0062,maximum_positive_delta,0.014797672119647137,local_refine
0.5,0.0,0.35507085584010367,0.025855749566341457,0.038796340644134786,660077.1427617068,375.29817731915705,0.0054839365369478334,1.294555106515696,True,199.5,4.944237918215613,40.35,0.00023029938384075706,0.0017791483533236923,356237.61016735336,False,0.019202768785213653,1.3169385416563961,1.2977357728711825,True,0.0062,maximum_positive_delta,0.014797132965463674,local_refine
0.5,0.0,0.3550931774644729,0.02585592759067284,0.03879656575243424,663059.4145098781,378.09541934660786,0.005459271192266776,1.2849776724461313,True,199.8,4.939431396786156,40.45,0.00022995358897012525,0.0017747499643167117,356237.61016735336,False,0.019202215218390384,1.3169506939154378,1.2977484786970475,True,0.0062,maximum_positive_delta,0.014796561532223564,local_refine
0.5,0.0,0.3550362818976581,0.025856162036016234,0.038796644500712275,655126.5848959505,371.12823591805545,0.005525376688796666,1.3091005342472015,True,199.0,4.9502487562189055,40.2,0.0002308780255086988,0.0017857869665823627,356237.61016735336,False,0.019201486213285435,1.3169182284367897,1.2977167422235043,True,0.0062,maximum_positive_delta,0.014796361631572743,local_refine
0.5,0.0,0.35505859863178285,0.025856318480672838,0.03879684913855296,658093.9378521715,373.9047449180152,0.005500462703256476,1.299379530530102,True,199.3,4.945409429280398,40.3,0.00023053049210351758,0.001781355733414665,356237.61016735336,False,0.01920099975225953,1.316930425303093,1.2977294255508334,True,0.0062,maximum_positive_delta,0.01479584216417801,local_refine
0.5,0.0,0.3550809202514429,0.025856488382811293,0.03879706654260688,661070.2375944583,376.69506736716494,0.005475698276127322,1.2897545362360565,True,199.6,4.9405940594059405,40.4,0.00023018400338793105,0.0017769464370448265,356237.61016735336,False,0.019200471447173406,1.3169425953756004,1.297742123928427,True,0.0062,maximum_positive_delta,0.014795290291611394,local_refine
0.5,0.0,0.3551032465504877,0.025856671648362133,0.038797296622763495,664055.4975901251,379.49923754205366,0.005451082286844218,1.2802243689902266,True,199.9,4.935802469135803,40.5,0.0002298385546584844,0.0017725589149780489,356237.61016735336,False,0.01919990159094387,1.3169547387425862,1.2977548371516423,True,0.0062,maximum_positive_delta,0.014794706242886741,local_refine
0.5,0.0,0.35504633988108847,0.025856892441042872,0.038797362415277634,656114.7092920002,372.51476587917085,0.005517055339760831,1.3042279566231656,True,199.1,4.946583850931677,40.25,0.00023076206467217996,0.001783568597679776,356237.61016735336,False,0.019199215048424367,1.3169222970414443,1.29772308199302,True,0.0062,maximum_positive_delta,0.014794539231696918,local_refine
0.5,0.0,0.3550686614534294,0.025857054191756337,0.03879757208721245,659085.0430138736,375.29817731915705,0.0054921913321569005,1.294555106515696,True,199.4,4.941759603469641,40.35,0.00023041488002121898,0.0017791483533236923,356237.61016735336,False,0.01919871209546753,1.31693448496665,1.2977357728711825,True,0.0062,maximum_positive_delta,0.014794006990337668,local_refine
0.5,0.0,0.35509098780030623,0.025857229357715734,0.03879779448479589,662064.3280109186,378.09541934660786,0.005467476508318023,1.2849776724461313,True,199.7,4.936959208899876,40.45,0.00023006873848888858,0.0017747499643167117,356237.61016735336,False,0.01919816743048064,1.316946646127528,1.2977484786970475,True,0.0062,maximum_positive_delta,0.014793442447149538,local_refine
0.5,0.0,0.3550564010882729,0.025857625034285195,0.03879808240220462,657103.8267778099,373.9047449180152,0.005508750691873608,1.299379530530102,True,199.2,4.942928039702234,40.3,0.0002306462202622041,0.001781355733414665,356237.61016735336,False,0.019196937111617185,1.3169263626624506,1.2977294255508334,True,0.0062,maximum_positive_delta,0.014792711588140852,local_refine
0.5,0.0,0.35507872744063484,0.02585779207151781,0.03879829708943345,660077.1427617068,376.69506736716494,0.0054839365369478334,1.2897545362360565,True,199.5,4.938118811881188,40.4,0.00023029938384075706,0.0017769464370448265,356237.61016735336,False,0.019196417727969095,1.3169385416563961,1.297742123928427,True,0.0062,maximum_positive_delta,0.014792166620791462,local_refine
0.5,0.0,0.3551010584571004,0.02585797248192976,0.03879852446190881,663059.4145098781,379.49923754205366,0.005459271192266776,1.2802243689902266,True,199.8,4.933333333333334,40.5,0.00022995358897012525,0.0017725589149780489,356237.61016735336,False,0.019195856763795538,1.3169506939154378,1.2977548371516423,True,0.0062,maximum_positive_delta,0.014791589454543876,local_refine
0.5,0.0,0.35504413917392197,0.025858200927240622,0.03879859750359889,655126.5848959505,372.51476587917085,0.005525376688796666,1.3042279566231656,True,199.0,4.944099378881988,40.25,0.0002308780255086988,0.001783568597679776,356237.61016735336,False,0.01919514644376985,1.3169182284367897,1.29772308199302,True,0.0062,maximum_positive_delta,0.014791404044605794,local_refine
0.5,0.0,0.3550664654891888,0.025858359806494088,0.038798804452580965,658093.9378521715,375.29817731915705,0.005500462703256476,1.294555106515696,True,199.3,4.939281288723668,40.35,0.00023053049210351758,0.0017791483533236923,356237.61016735336,False,0.01919465243191043,1.316930425303093,1.2977357728711825,True,0.0062,maximum_positive_delta,0.014790878723673555,local_refine
0.5,0.0,0.3550887965636663,0.02585853211079083,0.03879902413638323,661070.2375944583,378.09541934660786,0.005475698276127322,1.2849776724461313,True,199.6,4.934487021013597,40.45,0.00023018400338793105,0.0017747499643167117,356237.61016735336,False,0.019194116678552975,1.3169425953756004,1.2977484786970475,True,0.0062,maximum_positive_delta,0.014790321078106029,local_refine
0.5,0.0,0.3550542019637887,0.02585893257943518,0.03879931659020436,656114.7092920002,373.9047449180152,0.005517055339760831,1.299379530530102,True,199.1,4.94044665012407,40.3,0.00023076206467217996,0.001781355733414665,356237.61016735336,False,0.019192871490610885,1.3169222970414443,1.2977294255508334,True,0.0062,maximum_positive_delta,0.014789578715504808,local_refine
0.5,0.0,0.35507653305396064,0.02585909674846123,0.038799528557533665,659085.0430138736,376.69506736716494,0.0054921913321569005,1.2897545362360565,True,199.4,4.935643564356436,40.4,0.00023041488002121898,0.0017769464370448265,356237.61016735336,False,0.01919236103822297,1.31693448496665,1.297742123928427,True,0.0062,maximum_positive_delta,0.014789040660963754,local_refine
0.5,0.0,0.35509886879293373,0.025859274300448,0.03879975321926665,662064.3280109186,379.49923754205366,0.005467476508318023,1.2802243689902266,True,199.7,4.930864197530864,40.5,0.00023006873848888858,0.0017725589149780489,356237.61016735336,False,0.019191808975885793,1.316946646127528,1.2977548371516423,True,0.0062,maximum_positive_delta,0.01478847038475206,local_refine
0.5,0.0,0.35506426794567886,0.02585966641168021,0.0388000377412773,657103.8267778099,375.29817731915705,0.005508750691873608,1.294555106515696,True,199.2,4.936802973977695,40.35,0.0002306462202622041,0.0017791483533236923,356237.61016735336,False,0.019190589791268087,1.3169263626624506,1.2977357728711825,True,0.0062,maximum_positive_delta,0.014787748162948275,local_refine
0.5,0.0,0.3550866037528583,0.025859835851018243,0.038800254708228274,660077.1427617068,378.09541934660786,0.0054839365369478334,1.2849776724461313,True,199.5,4.932014833127317,40.45,0.00023029938384075706,0.0017747499643167117,356237.61016735336,False,0.019190062959348664,1.3169385416563961,1.2977484786970475,True,0.0062,maximum_positive_delta,0.014787197422581978,local_refine
0.5,0.0,0.3550520012566222,0.025860241117251794,0.03880055170359237,655126.5848959505,373.9047449180152,0.005525376688796666,1.299379530530102,True,199.0,4.937965260545906,40.3,0.0002308780255086988,0.001781355733414665,356237.61016735336,False,0.01918880288595637,1.3169182284367897,1.2977294255508334,True,0.0062,maximum_positive_delta,0.014786443543739099,local_refine
0.5,0.0,0.35507433708972,0.02586040241476529,0.03880076094794287,658093.9378521715,376.69506736716494,0.005500462703256476,1.2897545362360565,True,199.3,4.933168316831684,40.4,0.00023053049210351758,0.0017769464370448265,356237.61016735336,False,0.019188301374665873,1.316930425303093,1.297742123928427,True,0.0062,maximum_positive_delta,0.014785912409609156,local_refine
0.5,0.0,0.3550966775562938,0.025860577105036146,0.038800982895868294,661070.2375944583,379.49923754205366,0.005475698276127322,1.2802243689902266,True,199.6,4.928395061728395,40.5,0.00023018400338793105,0.0017725589149780489,356237.61016735336,False,0.01918775822395813,1.3169425953756004,1.2977548371516423,True,0.0062,maximum_positive_delta,0.01478534903100195,local_refine
0.5,0.0,0.35475988838772876,0.025860754733406464,0.03880030195505979,616410.2165559197,338.87510029157835,0.005872422395300567,1.433696873852676,True,195.0,5.0,39.0,0.00023561398500631303,0.0018407342578618203,356237.61016735336,False,0.019187205939930063,1.3167529993590734,1.2975657934191434,True,0.0062,registered_coarse_grid,0.014787077493289127,coarse
0.5,0.0,0.3550620688211946,0.025860974008441794,0.038801271954339904,656114.7092920002,375.29817731915705,0.005517055339760831,1.294555106515696,True,199.1,4.934324659231722,40.35,0.00023076206467217996,0.0017791483533236923,356237.61016735336,False,0.019186524170261787,1.3169222970414443,1.2977357728711825,True,0.0062,maximum_positive_delta,0.014784615305635337,local_refine
0.5,0.0,0.3550844093661841,0.02586114057952031,0.03880148620136511,659085.0430138736,378.09541934660786,0.0054921913321569005,1.2849776724461313,True,199.4,4.929542645241038,40.45,0.00023041488002121898,0.0017747499643167117,356237.61016735336,False,0.01918600626960254,1.31693448496665,1.2977484786970475,True,0.0062,maximum_positive_delta,0.01478407147806136,local_refine
0.5,0.0,0.35498280700017093,0.025861156742552682,0.038801245371519515,645299.8511386822,365.6165211595107,0.0056095180465447125,1.328835388438545,True,198.0,4.95,40.0,0.00023204407614258105,0.0017947159014152746,356237.61016735336,False,0.019185956015798533,1.3168773775637244,1.2976914215479258,True,0.0062,registered_coarse_grid,0.01478468278145273,coarse
0.5,0.0,0.3550721395462101,0.025861709071555536,0.03880199426169808,657103.8267778099,376.69506736716494,0.005508750691873608,1.2897545362360565,True,199.2,4.930693069306931,40.4,0.0002306462202622041,0.0017769464370448265,356237.61016735336,False,0.01918423873402353,1.3169263626624506,1.297742123928427,True,0.0062,maximum_positive_delta,0.014782781864204614,local_refine
0.5,0.0,0.35509448474548577,0.025861880896814335,0.038802213492745784,660077.1427617068,379.49923754205366,0.0054839365369478334,1.2802243689902266,True,199.5,4.925925925925926,40.5,0.00023029938384075706,0.0017725589149780489,356237.61016735336,False,0.019183704504753818,1.3169385416563961,1.2977548371516423,True,0.0062,maximum_positive_delta,0.014782225390782501,local_refine
0.5,0.0,0.3550598681140281,0.025862282597907876,0.038802507092808955,655126.5848959505,375.29817731915705,0.005525376688796666,1.294555106515696,True,199.0,4.931846344485749,40.35,0.0002308780255086988,0.0017791483533236923,356237.61016735336,False,0.01918245556560727,1.3169182284367897,1.2977357728711825,True,0.0062,maximum_positive_delta,0.014781480149203982,local_refine
0.5,0.0,0.35508221340194346,0.025862446297420818,0.03880271861682909,658093.9378521715,378.09541934660786,0.005500462703256476,1.2849776724461313,True,199.3,4.927070457354759,40.45,0.00023053049210351758,0.0017747499643167117,356237.61016735336,False,0.01918194660604544,1.316930425303093,1.2977484786970475,True,0.0062,maximum_positive_delta,0.014780943242025071,local_refine
0.5,0.0,0.35506994042172585,0.025863016719959105,0.038803228499837736,656114.7092920002,376.69506736716494,0.005517055339760831,1.2897545362360565,True,199.1,4.928217821782178,40.4,0.00023076206467217996,0.0017769464370448265,356237.61016735336,False,0.01918017311301723,1.3169222970414443,1.297742123928427,True,0.0062,maximum_positive_delta,0.014779649022223658,local_refine
0.5,0.0,0.35509229035881157,0.025863185676904956,0.038803445010933205,659085.0430138736,379.49923754205366,0.0054921913321569005,1.2802243689902266,True,199.4,4.923456790123457,40.5,0.00023041488002121898,0.0017725589149780489,356237.61016735336,False,0.019179647815007694,1.31693448496665,1.2977548371516423,True,0.0062,maximum_positive_delta,0.014779099461577702,local_refine
0.5,0.0,0.3550800158584335,0.025863753005845348,0.03880395195565726,657103.8267778099,378.09541934660786,0.005508750691873608,1.2849776724461313,True,199.2,4.924598269468479,40.45,0.0002306462202622041,0.0017747499643167117,356237.61016735336,False,0.019177883965403097,1.3169263626624506,1.2977484786970475,True,0.0062,maximum_positive_delta,0.014777812711950073,local_refine
0.5,0.0,0.3550677397145594,0.02586432536110507,0.03880446366340206,655126.5848959505,376.69506736716494,0.005525376688796666,1.2897545362360565,True,199.0,4.925742574257426,40.4,0.0002308780255086988,0.0017769464370448265,356237.61016735336,False,0.019176104508362712,1.3169182284367897,1.297742123928427,True,0.0062,maximum_positive_delta,0.014776513881135534,local_refine
0.5,0.0,0.35509009439457095,0.025864491446431836,0.03880467745146596,658093.9378521715,379.49923754205366,0.005500462703256476,1.2802243689902266,True,199.3,4.920987654320988,40.5,0.00023053049210351758,0.0017725589149780489,356237.61016735336,False,0.019175588151450595,1.316930425303093,1.2977548371516423,True,0.0062,maximum_positive_delta,0.014775971240868458,local_refine
0.5,0.0,0.3550778167339493,0.025865060705921077,0.03880518621888809,656114.7092920002,378.09541934660786,0.005517055339760831,1.2849776724461313,True,199.1,4.9221260815822,40.45,0.00023076206467217996,0.0017747499643167117,356237.61016735336,False,0.019173818344396798,1.3169222970414443,1.2977484786970475,True,0.0062,maximum_positive_delta,0.014774679885309906,local_refine
0.5,0.0,0.355087896851061,0.025865798206520598,0.03880591081538108,657103.8267778099,379.49923754205366,0.005508750691873608,1.2802243689902266,True,199.2,4.9185185185185185,40.5,0.0002306462202622041,0.0017725589149780489,356237.61016735336,False,0.01917152551080825,1.3169263626624506,1.2977548371516423,True,0.0062,maximum_positive_delta,0.014772840726131744,local_refine
0.5,0.0,0.35507561602678284,0.025866369398777126,0.0388064214075618,655126.5848959505,378.09541934660786,0.005525376688796666,1.2849776724461313,True,199.0,4.91965389369592,40.45,0.0002308780255086988,0.0017747499643167117,356237.61016735336,False,0.01916974973974228,1.3169182284367897,1.2977484786970475,True,0.0062,maximum_positive_delta,0.01477154475957383,local_refine
0.5,0.0,0.3550856977265768,0.025867105958298463,0.038807145103717064,656114.7092920002,379.49923754205366,0.005517055339760831,1.2802243689902266,True,199.1,4.916049382716049,40.5,0.00023076206467217996,0.0017725589149780489,356237.61016735336,False,0.019167459889801952,1.3169222970414443,1.2977548371516423,True,0.0062,maximum_positive_delta,0.014769707914841114,local_refine
0.5,0.0,0.3548600371012794,0.025867457030453248,0.038806909476237515,625942.1657580995,352.0765702655546,0.005782996191047409,1.3799389477922337,True,196.0,4.962025316455696,39.5,0.00023441187283791362,0.0018174338242179999,356237.61016735336,False,0.019166368472097073,1.3167947664142974,1.2976283979422003,True,0.0062,registered_coarse_grid,0.014770305969329435,coarse
0.5,0.0,0.35508349701941033,0.025868414702894586,0.03880838031751418,655126.5848959505,379.49923754205366,0.005525376688796666,1.2802243689902266,True,199.0,4.91358024691358,40.5,0.0002308780255086988,0.0017725589149780489,356237.61016735336,False,0.019163391285147435,1.3169182284367897,1.2977548371516423,True,0.0062,registered_coarse_grid,0.01476657280446584,coarse
0.5,0.0,0.35508349701941033,0.025868414702894586,0.03880838031751418,655126.5848959505,379.49923754205366,0.005525376688796666,1.2802243689902266,True,199.0,4.91358024691358,40.5,0.0002308780255086988,0.0017725589149780489,356237.61016735336,False,0.019163391285147435,1.3169182284367897,1.2977548371516423,True,0.0062,maximum_positive_delta,0.01476657280446584,local_refine
0.5,0.0,0.35473714263655687,0.02587429028767529,0.03881307876820369,606975.5312932351,338.87510029157835,0.00596370195134981,1.433696873852676,True,194.0,4.9743589743589745,39.0,0.00023682849008366515,0.0018407342578618203,356237.61016735336,False,0.01914512662752399,1.3167109200466673,1.2975657934191434,True,0.0062,registered_coarse_grid,0.014754648068423361,coarse
0.5,0.0,0.3549605523385799,0.02587439436015814,0.03881373980730964,635571.87768921,365.6165211595107,0.005695376537986348,1.328835388438545,True,197.0,4.925,40.0,0.00023322196485396464,0.0017947159014152746,356237.61016735336,False,0.019144803129777177,1.316836224677703,1.2976914215479258,True,0.0062,registered_coarse_grid,0.014752970399496572,coarse
0.5,0.0,0.35518449364347954,0.025875887581179778,0.03881571872275035,665052.5777504478,393.7290039817911,0.005442909751044292,1.2339557589133483,True,200.0,4.878048780487805,41.0,0.0002297236353811553,0.0017509423428441703,356237.61016735336,False,0.01914016168981214,1.3169587806122225,1.2978186189224103,True,0.0062,registered_coarse_grid,0.014747948142171344,coarse
0.5,0.0,0.35483745683810036,0.02588089386927994,0.03881959193673272,616410.2165559197,352.0765702655546,0.005872422395300567,1.3799389477922337,True,195.0,4.936708860759493,39.5,0.00023561398500631303,0.0018174338242179999,356237.61016735336,False,0.01912460141687311,1.3167529993590734,1.2976283979422003,True,0.0062,registered_coarse_grid,0.014738118745860684,coarse
0.5,0.0,0.3550614025227884,0.025881557003462168,0.03882078358578525,645299.8511386822,379.49923754205366,0.0056095180465447125,1.2802243689902266,True,198.0,4.888888888888889,40.5,0.00023204407614258105,0.0017725589149780489,356237.61016735336,False,0.019122540412082056,1.3168773775637244,1.2977548371516423,True,0.0062,registered_coarse_grid,0.014735094691731511,coarse
0.5,0.0,0.354614144077299,0.02588167485435059,0.03881977067410692,588395.9574286205,326.00782666897436,0.006152015687215494,1.4902837667387354,True,192.0,4.987012987012987,38.5,0.00023929545352203665,0.0018646398975743113,356237.61016735336,False,0.019122174137171433,1.3166258105285231,1.2975036363913517,True,0.0062,registered_coarse_grid,0.01473766516011815,coarse
0.5,0.0,0.3549381357632888,0.025887733633189764,0.03882632899258099,625942.1657580995,365.6165211595107,0.005782996191047409,1.328835388438545,True,196.0,4.9,40.0,0.00023441187283791362,0.0017947159014152746,356237.61016735336,False,0.019103344866371552,1.3167947664142974,1.2976914215479258,True,0.0062,registered_coarse_grid,0.014721022693965644,coarse
0.5,0.0,0.35471422957090004,0.025887930997664704,0.03882595358904265,597637.6111806135,338.87510029157835,0.006056883122272406,1.433696873852676,True,193.0,4.948717948717949,39.0,0.00023805558070586033,0.0018407342578618203,356237.61016735336,False,0.01910273154069797,1.3166685249598413,1.2975657934191434,True,0.0062,registered_coarse_grid,0.014721975284475886,coarse
0.5,0.0,0.3551625575881041,0.025888935658425188,0.038828031851085354,655126.5848959505,393.7290039817911,0.005525376688796666,1.2339557589133483,True,199.0,4.853658536585366,41.0,0.0002308780255086988,0.0017509423428441703,356237.61016735336,False,0.01909960951437939,1.3169182284367897,1.2978186189224103,True,0.0062,registered_coarse_grid,0.014716701730044492,coarse
0.5,0.0,0.3544910631904127,0.02588962982322354,0.03882700332928023,570199.4538487908,313.47046482913544,0.0063483420335842386,1.5498881917930254,True,190.0,5.0,38.0,0.000241814353032795,0.0018891746330687103,356237.61016735336,False,0.019097452402941917,1.3165394090820086,1.2974419566790667,True,0.0062,registered_coarse_grid,0.014719311568915013,coarse
0.5,0.0,0.35481471108692847,0.025894434692259338,0.038832371308659026,606975.5312932351,352.0765702655546,0.00596370195134981,1.3799389477922337,True,194.0,4.9113924050632916,39.5,0.00023682849008366515,0.0018174338242179999,356237.61016735336,False,0.019082522104467037,1.3167109200466673,1.2976283979422003,True,0.0062,registered_coarse_grid,0.014705690885563543,coarse
0.5,0.0,0.35503914786119734,0.02589479984053785,0.038833280555937,635571.87768921,379.49923754205366,0.005695376537986348,1.2802243689902266,True,197.0,4.864197530864198,40.5,0.00023322196485396464,0.0017725589149780489,356237.61016735336,False,0.0190813875260607,1.316836224677703,1.2977548371516423,True,0.0062,registered_coarse_grid,0.01470338385942078,coarse
0.5,0.0,0.3545908907952472,0.025895524233158777,0.038832842325987334,579250.0712478244,326.00782666897436,0.006249150997249273,1.4902837667387354,True,191.0,4.961038961038961,38.5,0.00024054830929963895,0.0018646398975743113,356237.61016735336,False,0.019079136737467195,1.3165827731288189,1.2975036363913517,True,0.0062,registered_coarse_grid,0.014704495773538292,coarse
0.5,0.0,0.3552639888953886,0.025896521417591287,0.03883547602285677,665052.5777504478,408.3101050473303,0.005442909751044292,1.1898901494446972,True,200.0,4.819277108433735,41.5,0.0002297236353811553,0.0017298466519665298,356237.61016735336,False,0.01907603839828176,1.3169587806122225,1.2978827422139407,True,0.0062,registered_coarse_grid,0.014697813429387058,coarse
0.5,0.0,0.3549155555001098,0.0259011757366373,0.03883901400951976,616410.2165559197,365.6165211595107,0.005872422395300567,1.328835388438545,True,195.0,4.875,40.0,0.00023561398500631303,0.0017947159014152746,356237.61016735336,False,0.01906157781114759,1.3167529993590734,1.2976914215479258,True,0.0062,registered_coarse_grid,0.014688837033699706,coarse
0.5,0.0,0.35469114733740176,0.02590167809283313,0.03883892754973823,588395.9574286205,338.87510029157835,0.006152015687215494,1.433696873852676,True,192.0,4.923076923076923,39.0,0.00023929545352203665,0.0018407342578618203,356237.61016735336,False,0.019060017109379768,1.3166258105285231,1.2975657934191434,True,0.0062,registered_coarse_grid,0.014689056390085452,coarse
0.5,0.0,0.3551404630914822,0.025902083170074815,0.03884043764928488,645299.8511386822,393.7290039817911,0.0056095180465447125,1.2339557589133483,True,198.0,4.829268292682927,41.0,0.00023204407614258105,0.0017509423428441703,356237.61016735336,False,0.01905875864131401,1.3168773775637244,1.2978186189224103,True,0.0062,registered_coarse_grid,0.01468522516431353,coarse
0.5,0.0,0.35446746205718854,0.02590369282214696,0.038840276423240436,561243.6064420869,313.47046482913544,0.006449643468265634,1.5498881917930254,True,189.0,4.973684210526316,38.0,0.00024309379405413242,0.0018891746330687103,356237.61016735336,False,0.01905375797444986,1.3164957146535166,1.2974419566790667,True,0.0062,registered_coarse_grid,0.014685634202257394,coarse
0.5,0.0,0.35479179802127164,0.025908080710497133,0.03884524870727695,597637.6111806135,352.0765702655546,0.006056883122272406,1.3799389477922337,True,193.0,4.886075949367089,39.5,0.00023805558070586033,0.0018174338242179999,356237.61016735336,False,0.019040127017641018,1.3166685249598413,1.2976283979422003,True,0.0062,registered_coarse_grid,0.014673019677925631,coarse
0.5,0.0,0.3550167312859062,0.02590814437177108,0.038845872294177575,625942.1657580995,379.49923754205366,0.005782996191047409,1.2802243689902266,True,196.0,4.839506172839506,40.5,0.00023441187283791362,0.0017725589149780489,356237.61016735336,False,0.019039929262655075,1.3167947664142974,1.2977548371516423,True,0.0062,registered_coarse_grid,0.014671437715034511,coarse
0.5,0.0,0.3545674645560754,0.025909482473293863,0.03884601541518403,570199.4538487908,326.00782666897436,0.0063483420335842386,1.4902837667387354,True,190.0,4.935064935064935,38.5,0.000241814353032795,0.0018646398975743113,356237.61016735336,False,0.019035772690656927,1.3165394090820086,1.2975036363913517,True,0.0062,registered_coarse_grid,0.014671074636522542,coarse
0.5,0.0,0.3552420528400132,0.02590957469551463,0.03884779167570521,655126.5848959505,408.3101050473303,0.005525376688796666,1.1898901494446972,True,199.0,4.795180722891566,41.5,0.0002308780255086988,0.0017298466519665298,356237.61016735336,False,0.019035486222849007,1.3169182284367897,1.2978827422139407,True,0.0062,registered_coarse_grid,0.014666568561022773,coarse
0.5,0.0,0.3543439662797757,0.02591245681025936,0.03884827490824228,543614.2264479337,301.25873020345415,0.0066588050574900755,1.6127140003094165,True,187.0,4.986666666666666,37.5,0.0002456937276803799,0.001914363628176293,356237.61016735336,False,0.01902653383163,1.3164073194275818,1.2973807855959518,True,0.0062,registered_coarse_grid,0.01466534269882081,coarse
0.5,0.0,0.3548928097489379,0.025914721863596682,0.03885179595679849,606975.5312932351,365.6165211595107,0.00596370195134981,1.328835388438545,True,194.0,4.85,40.0,0.00023682849008366515,0.0017947159014152746,356237.61016735336,False,0.019019498498741516,1.3167109200466673,1.2976914215479258,True,0.0062,registered_coarse_grid,0.014656410748292131,coarse
0.5,0.0,0.35511820842989117,0.02591533125675838,0.03885293716787205,635571.87768921,393.7290039817911,0.005695376537986348,1.2339557589133483,True,197.0,4.804878048780488,41.0,0.00023322196485396464,0.0017509423428441703,356237.61016735336,False,0.019017605755292655,1.316836224677703,1.2978186189224103,True,0.0062,registered_coarse_grid,0.014653515890443251,coarse
0.5,0.0,0.35466789405534993,0.02591553282179502,0.03885200179988898,579250.0712478244,338.87510029157835,0.006249150997249273,1.433696873852676,True,191.0,4.897435897435898,39.0,0.00024054830929963895,0.0018407342578618203,356237.61016735336,False,0.01901697970967553,1.3165827731288189,1.2975657934191434,True,0.0062,registered_coarse_grid,0.014655888592411908,coarse
0.5,0.0,0.35534388984025805,0.02591726586441658,0.038855334398638544,665052.5777504478,423.24682530727847,0.005442909751044292,1.147897970792394,True,200.0,4.761904761904762,42.0,0.0002297236353811553,0.0017092532394431187,356237.61016735336,False,0.019011597112038592,1.3169587806122225,1.297947183500184,True,0.0062,registered_coarse_grid,0.014647435083429108,coarse
0.5,0.0,0.3544436840640929,0.025917867236620883,0.03885365332368719,552382.0302382787,313.47046482913544,0.006553111727464395,1.5498881917930254,True,188.0,4.947368421052632,38.0,0.00024438684615016515,0.0018891746330687103,356237.61016735336,False,0.019009729372794437,1.3164516860518611,1.2974419566790667,True,0.0062,registered_coarse_grid,0.014651699272506766,coarse
0.5,0.0,0.3549941510227272,0.02592159177258466,0.03885855988289902,616410.2165559197,379.49923754205366,0.005872422395300567,1.2802243689902266,True,195.0,4.814814814814815,40.5,0.00023561398500631303,0.0017725589149780489,356237.61016735336,False,0.018998162207431113,1.3167529993590734,1.2977548371516423,True,0.0062,registered_coarse_grid,0.014639253627541041,coarse
0.5,0.0,0.35476871578777336,0.02592183315389876,0.03885822526496049,588395.9574286205,352.0765702655546,0.006152015687215494,1.3799389477922337,True,192.0,4.860759493670886,39.5,0.00023929545352203665,0.0018174338242179999,356237.61016735336,False,0.018997412586322815,1.3166258105285231,1.2976283979422003,True,0.0062,registered_coarse_grid,0.014640102371718446,coarse
0.5,0.0,0.3542204278597463,0.02592183708590803,0.03885685760064543,526357.9409498974,289.3683382233233,0.006877109432152781,1.678981794959171,True,185.0,5.0,37.0,0.0002483498760877355,0.001940233406935432,356237.61016735336,False,0.018997400375310614,1.3163175564167913,1.2973201560414807,True,0.0062,registered_coarse_grid,0.014643571432110848,coarse
0.5,0.0,0.35521995834339126,0.02592272744614914,0.03886020001681805,645299.8511386822,408.3101050473303,0.0056095180465447125,1.1898901494446972,True,198.0,4.771084337349397,41.5,0.00023204407614258105,0.0017298466519665298,356237.61016735336,False,0.01899463534978363,1.3168773775637244,1.2978827422139407,True,0.0062,registered_coarse_grid,0.014635093550425363,coarse
0.5,0.0,0.35454386342285127,0.02592355086233684,0.03885929112695565,561243.6064420869,326.00782666897436,0.006449643468265634,1.4902837667387354,True,189.0,4.909090909090909,38.5,0.00024309379405413242,0.0018646398975743113,356237.61016735336,False,0.01899207826216487,1.3164957146535166,1.2975036363913517,True,0.0062,registered_coarse_grid,0.01463739887079322,coarse
0.5,0.0,0.3543198285512573,0.025926852591388487,0.038861860451355895,534939.6962816181,301.25873020345415,0.006766783593658387,1.6127140003094165,True,186.0,4.96,37.5,0.00024701466170016676,0.001914363628176293,356237.61016735336,False,0.018981825276186637,1.3163626108721385,1.2973807855959518,True,0.0062,registered_coarse_grid,0.014630882071732961,coarse
0.5,0.0,0.35486989668328106,0.025928373225616953,0.038864675949888405,597637.6111806135,365.6165211595107,0.006056883122272406,1.328835388438545,True,193.0,4.825,40.0,0.00023805558070586033,0.0017947159014152746,356237.61016735336,False,0.018977103411915497,1.3166685249598413,1.2976914215479258,True,0.0062,registered_coarse_grid,0.014623741127362182,coarse
0.5,0.0,0.35509579185460005,0.025928681076554518,0.03886553147325898,625942.1657580995,393.7290039817911,0.005782996191047409,1.2339557589133483,True,196.0,4.780487804878049,41.0,0.00023441187283791362,0.0017509423428441703,356237.61016735336,False,0.01897614749188703,1.3167947664142974,1.2978186189224103,True,0.0062,registered_coarse_grid,0.014621571316061935,coarse
0.5,0.0,0.35464446781617814,0.025929496452690628,0.03886517750686326,570199.4538487908,338.87510029157835,0.0063483420335842386,1.433696873852676,True,190.0,4.871794871794871,39.0,0.000241814353032795,0.0018407342578618203,356237.61016735336,False,0.018973615662865262,1.3165394090820086,1.2975657934191434,True,0.0062,registered_coarse_grid,0.014622469056362023,coarse
0.5,0.15,0.3553939946671837,0.025930277147023277,0.03886778744949638,665052.5777504478,477.5134537631065,0.005442909751044292,1.243028926819268,True,200.0,5.0,40.0,0.0002297236353811553,0.0017165998782075903,356237.61016735336,False,0.01897119156181004,1.3169587806122225,1.2979875890504124,True,0.0062,registered_coarse_grid,0.014615849736813794,coarse
0.5,0.15,0.3553939946671837,0.025930277147023277,0.03886778744949638,665052.5777504478,477.5134537631065,0.005442909751044292,1.243028926819268,True,200.0,5.0,40.0,0.0002297236353811553,0.0017165998782075903,356237.61016735336,False,0.01897119156181004,1.3169587806122225,1.2979875890504124,True,0.0062,maximum_positive_delta,0.014615849736813794,local_refine
0.5,0.0,0.3553219537848826,0.025930324368808613,0.03886765258795662,655126.5848959505,423.24682530727847,0.005525376688796666,1.147897970792394,True,199.0,4.738095238095238,42.0,0.0002308780255086988,0.0017092532394431187,356237.61016735336,False,0.01897104493660584,1.3169182284367897,1.297947183500184,True,0.0062,registered_coarse_grid,0.014616191766329414,coarse
0.5,0.15,0.3553918081428857,0.025931578878262782,0.03886901528474548,664055.4975901251,477.5134537631065,0.005451082286844218,1.243028926819268,True,199.9,4.9975000000000005,40.0,0.0002298385546584844,0.0017165998782075903,356237.61016735336,False,0.018967149692173724,1.3169547387425862,1.2979875890504124,True,0.0062,maximum_positive_delta,0.01461273578590208,local_refine
0.5,0.15,0.35537896940656244,0.025931987827839332,0.03886937073149504,662064.3280109186,475.7250157231662,0.005467476508318023,1.2477019630145387,True,199.7,4.99874843554443,39.95,0.00023006873848888858,0.0017187483135995898,356237.61016735336,False,0.01896587992652199,1.316946646127528,1.297980766201006,True,0.0062,maximum_positive_delta,0.014611834335598253,local_refine
0.5,0.0,0.3544197272158875,0.025932154394717317,0.0388671352529209,543614.2264479337,313.47046482913544,0.0066588050574900755,1.5498881917930254,True,187.0,4.921052631578948,38.0,0.0002456937276803799,0.0018891746330687103,356237.61016735336,False,0.018965362748515124,1.3164073194275818,1.2974419566790667,True,0.0062,registered_coarse_grid,0.01461750381270148,coarse
0.5,0.15,0.355366128471001,0.025932401628095268,0.03886973077006075,660077.1427617068,473.94104877599403,0.0054839365369478334,1.2523984523093328,True,199.5,5.0,39.9,0.00023029938384075706,0.001720902133541444,356237.61016735336,False,0.01896459510997195,1.3169385416563961,1.2979739465464242,True,0.0062,maximum_positive_delta,0.014610921244168169,local_refine
0.5,0.15,0.3554024597050804,0.02593247556492066,0.03886989135908019,665052.5777504478,479.3063684916766,0.005442909751044292,1.238379197507417,True,200.0,4.993757802746567,40.05,0.0002297236353811553,0.001714456807198592,356237.61016735336,False,0.01896436554314862,1.3169587806122225,1.2979944150690739,True,0.0062,maximum_positive_delta,0.014610513976779642,local_refine
0.5,0.15,0.35538962004949837,0.025932881594712805,0.03887024403783939,663059.4145098781,477.5134537631065,0.005459271192266776,1.243028926819268,True,199.8,4.995,40.0,0.00022995358897012525,0.0017165998782075903,356237.61016735336,False,0.018963104865025393,1.3169506939154378,1.2979875890504124,True,0.0062,maximum_positive_delta,0.01460961955645393,local_refine
0.5,0.15,0.3553767781699226,0.025933292462792537,0.03887060129655035,661070.2375944583,475.7250157231662,0.005475698276127322,1.2477019630145387,True,199.6,4.996245306633291,39.95,0.00023018400338793105,0.0017187483135995898,356237.61016735336,False,0.018961829174594325,1.3169425953756004,1.297980766201006,True,0.0062,maximum_positive_delta,0.014608713525157031,local_refine
0.5,0.15,0.3553639340843268,0.02593370818590356,0.03887096315114392,659085.0430138736,473.94104877599403,0.0054921913321569005,1.2523984523093328,True,199.4,4.99749373433584,39.9,0.00023041488002121898,0.001720902133541444,356237.61016735336,False,0.018960538420225825,1.31693448496665,1.2979739465464242,True,0.0062,maximum_positive_delta,0.014607795842647656,local_refine
0.5,0.15,0.3554002731807824,0.02593377735133992,0.038871119221102604,664055.4975901251,479.3063684916766,0.005451082286844218,1.238379197507417,True,199.9,4.991260923845194,40.05,0.0002298385546584844,0.001714456807198592,356237.61016735336,False,0.018960323673512303,1.3169547387425862,1.2979944150690739,True,0.0062,maximum_positive_delta,0.014607400042243875,local_refine
0.5,0.15,0.35535108781079816,0.025934128780855697,0.03887132961761339,657103.8267778099,472.1615473257288,0.005508750691873608,1.2571185420218836,True,199.2,4.998745294855708,39.85,0.0002306462202622041,0.0017230613583012202,356237.61016735336,False,0.01895923255009091,1.3169263626624506,1.2979671301123596,True,0.0062,maximum_positive_delta,0.014606866468528898,local_refine
0.5,0.15,0.3553874303853317,0.025934185297491693,0.03887147370980786,662064.3280109186,477.5134537631065,0.005467476508318023,1.243028926819268,True,199.7,4.9925,40.0,0.00023006873848888858,0.0017165998782075903,356237.61016735336,False,0.01895905707711565,1.316946646127528,1.2979875890504124,True,0.0062,maximum_positive_delta,0.014606501045965933,local_refine
0.5,0.15,0.35533823936753817,0.02593455426452576,0.038871700712015386,655126.5848959505,470.38650577651055,0.005525376688796666,1.2618623805822569,True,199.0,5.0,39.8,0.0002308780255086988,0.0017252260082488355,356237.61016735336,False,0.018957911512158532,1.3169182284367897,1.2979603169246312,True,0.0062,maximum_positive_delta,0.014605925362246157,local_refine
0.5,0.15,0.3553745853591146,0.02593459808627658,0.038871832782525526,660077.1427617068,475.7250157231662,0.0054839365369478334,1.2477019630145387,True,199.5,4.993742177722153,39.95,0.00023029938384075706,0.0017187483135995898,356237.61016735336,False,0.018957775455390014,1.3169385416563961,1.297980766201006,True,0.0062,maximum_positive_delta,0.014605590428644457,local_refine
0.5,0.15,0.3554109287707274,0.02593467508858051,0.038871996272481495,665052.5777504478,481.103765504736,0.005442909751044292,1.2337526299554062,True,200.0,4.987531172069826,40.1,0.0002297236353811553,0.0017123190805063246,356237.61016735336,False,0.01895753638067843,1.3169587806122225,1.298001244231544,True,0.0062,maximum_positive_delta,0.014605175815452984,local_refine
0.5,0.15,0.3553617381200862,0.02593501573445129,0.03887219645519838,658093.9378521715,473.94104877599403,0.005500462703256476,1.2523984523093328,True,199.3,4.994987468671679,39.9,0.00023053049210351758,0.001720902133541444,356237.61016735336,False,0.018956478756668727,1.316930425303093,1.2979739465464242,True,0.0062,maximum_positive_delta,0.014604668150009525,local_refine
0.5,0.15,0.35539808508739507,0.025935080123010074,0.0388723480009892,663059.4145098781,479.3063684916766,0.005459271192266776,1.238379197507417,True,199.8,4.988764044943821,40.05,0.00022995358897012525,0.001714456807198592,356237.61016735336,False,0.018956278846363972,1.3169506939154378,1.2979944150690739,True,0.0062,maximum_positive_delta,0.014604283829183655,local_refine
0.5,0.0,0.3549714052715553,0.025935143236514045,0.03887134442098274,606975.5312932351,379.49923754205366,0.00596370195134981,1.2802243689902266,True,194.0,4.790123456790123,40.5,0.00023682849008366515,0.0017725589149780489,356237.61016735336,False,0.01895608289502504,1.3167109200466673,1.2977548371516423,True,0.0062,registered_coarse_grid,0.014606828926664232,coarse
0.5,0.15,0.3553488886863139,0.025935438258839,0.03887256474383197,656114.7092920002,472.1615473257288,0.005517055339760831,1.2571185420218836,True,199.1,4.996235884567127,39.85,0.00023076206467217996,0.0017230613583012202,356237.61016735336,False,0.01895516692908461,1.3169222970414443,1.2979671301123596,True,0.0062,maximum_positive_delta,0.014603734169634742,local_refine
0.5,0.15,0.3553852391486918,0.02593548998772024,0.03887270430168287,661070.2375944583,477.5134537631065,0.005475698276127322,1.243028926819268,True,199.6,4.99,40.0,0.00023018400338793105,0.0017165998782075903,356237.61016735336,False,0.018955006325187984,1.3169425953756004,1.2979875890504124,True,0.0062,maximum_positive_delta,0.014603380251929197,local_refine
0.5,0.0,0.3547454625057216,0.02593569327153241,0.0388713021315238,579250.0712478244,352.0765702655546,0.006249150997249273,1.3799389477922337,True,191.0,4.8354430379746836,39.5,0.00024054830929963895,0.0018174338242179999,356237.61016735336,False,0.018954375186618577,1.3165827731288189,1.2976283979422003,True,0.0062,registered_coarse_grid,0.014606936174236574,coarse
0.5,0.15,0.35537239097244033,0.02593590469941532,0.03887306519045536,659085.0430138736,475.7250157231662,0.0054921913321569005,1.2477019630145387,True,199.4,4.991239048811013,39.95,0.00023041488002121898,0.0017187483135995898,356237.61016735336,False,0.01895371876564389,1.31693448496665,1.297980766201006,True,0.0062,maximum_positive_delta,0.014602465043544956,local_refine
0.5,0.15,0.3554087422464294,0.02593597693020494,0.038873224161288904,664055.4975901251,481.103765504736,0.005451082286844218,1.2337526299554062,True,199.9,4.985037406483791,40.1,0.0002298385546584844,0.0017123190805063246,356237.61016735336,False,0.018953494511042113,1.3169547387425862,1.298001244231544,True,0.0062,maximum_positive_delta,0.014602061897300534,local_refine
0.5,0.0,0.35519770368180026,0.025935980810549725,0.038872702096920474,635571.87768921,408.3101050473303,0.005695376537986348,1.1898901494446972,True,197.0,4.746987951807229,41.5,0.00023322196485396464,0.0017298466519665298,356237.61016735336,False,0.018953482463762272,1.316836224677703,1.2978827422139407,True,0.0062,registered_coarse_grid,0.014603385843185835,coarse
0.5,0.15,0.35535954057657626,0.025936324274865516,0.03887343068326184,657103.8267778099,473.94104877599403,0.005508750691873608,1.2523984523093328,True,199.2,4.992481203007519,39.9,0.0002306462202622041,0.001720902133541444,356237.61016735336,False,0.018952416116026383,1.3169263626624506,1.2979739465464242,True,0.0062,maximum_positive_delta,0.014601538163731177,local_refine
0.5,0.15,0.35539589542322836,0.02593638388104951,0.03887357769976976,662064.3280109186,479.3063684916766,0.005467476508318023,1.238379197507417,True,199.7,4.986267166042447,40.05,0.00023006873848888858,0.001714456807198592,356237.61016735336,False,0.018952231058454228,1.316946646127528,1.2979944150690739,True,0.0062,maximum_positive_delta,0.014601165335095583,local_refine
0.5,0.0,0.3541959221723459,0.025936459595613852,0.03887065677242939,517868.4616633415,289.3683382233233,0.00698984670502728,1.678981794959171,True,184.0,4.972972972972973,37.0,0.0002496996036751686,0.001940233406935432,356237.61016735336,False,0.018951995989972437,1.316272152031453,1.2973201560414807,True,0.0062,registered_coarse_grid,0.014608572835097818,coarse
0.5,0.15,0.3553466879791475,0.025936748730907382,0.03887380079612012,655126.5848959505,472.1615473257288,0.005525376688796666,1.2571185420218836,True,199.0,4.993726474278544,39.85,0.0002308780255086988,0.0017230613583012202,356237.61016735336,False,0.018951098324430093,1.3169182284367897,1.2979671301123596,True,0.0062,maximum_positive_delta,0.014600599572031978,local_refine
0.5,0.15,0.35538304633788376,0.025936795666520115,0.03887393581449718,660077.1427617068,477.5134537631065,0.0054839365369478334,1.243028926819268,True,199.5,4.9875,40.0,0.00023029938384075706,0.0017165998782075903,356237.61016735336,False,0.018950952605983673,1.3169385416563961,1.2979875890504124,True,0.0062,maximum_positive_delta,0.014600257171833126,local_refine
0.5,0.15,0.35541940183289744,0.025936875709974907,0.03887410218194135,665052.5777504478,482.905650398146,0.005442909751044292,1.2291490801226614,True,200.0,4.981320049813201,40.15,0.0002297236353811553,0.0017101866781644732,356237.61016735336,False,0.018950704099723215,1.3169587806122225,1.2980080765124993,True,0.0062,maximum_positive_delta,0.014599835272705045,local_refine
0.5,0.15,0.3553701950081997,0.025937212303334053,0.03887429852137595,658093.9378521715,475.7250157231662,0.005500462703256476,1.2477019630145387,True,199.3,4.988735919899875,39.95,0.00023053049210351758,0.0017187483135995898,356237.61016735336,False,0.01894965910208679,1.316930425303093,1.297980766201006,True,0.0062,maximum_positive_delta,0.014599337367339876,local_refine
0.5,0.15,0.35540655415304206,0.02593727975712066,0.03887445296797991,663059.4145098781,481.103765504736,0.005459271192266776,1.2337526299554062,True,199.8,4.982543640897756,40.1,0.00022995358897012525,0.0017123190805063246,356237.61016735336,False,0.018949449683893782,1.3169506939154378,1.298001244231544,True,0.0062,maximum_positive_delta,0.014598945700635618,local_refine
0.5,0.15,0.355357341452092,0.025937633808274897,0.03887466583637348,656114.7092920002,473.94104877599403,0.005517055339760831,1.2523984523093328,True,199.1,4.989974937343359,39.9,0.00023076206467217996,0.001720902133541444,356237.61016735336,False,0.018948350495020083,1.3169222970414443,1.2979739465464242,True,0.0062,maximum_positive_delta,0.014598405881286589,local_refine
0.5,0.15,0.3553937041865885,0.025937688626579077,0.03887480831847631,661070.2375944583,479.3063684916766,0.005475698276127322,1.238379197507417,True,199.6,4.983770287141074,40.05,0.00023018400338793105,0.001714456807198592,356237.61016735336,False,0.018948180306526563,1.3169425953756004,1.2979944150690739,True,0.0062,maximum_positive_delta,0.01459804455747078,local_refine
0.5,0.0,0.3545200854297556,0.02593773070815373,0.03887267066501658,552382.0302382787,326.00782666897436,0.006553111727464395,1.4902837667387354,True,188.0,4.883116883116883,38.5,0.00024438684615016515,0.0018646398975743113,356237.61016735336,False,0.018948049660509447,1.3164516860518611,1.2975036363913517,True,0.0062,registered_coarse_grid,0.014603465554214722,coarse
0.5,0.15,0.35538085195120955,0.025938102335015218,0.03887516824928562,659085.0430138736,477.5134537631065,0.0054921913321569005,1.243028926819268,True,199.4,4.985,40.0,0.00023041488002121898,0.0017165998782075903,356237.61016735336,False,0.01894689591623755,1.31693448496665,1.2979875890504124,True,0.0062,maximum_positive_delta,0.014597131803162158,local_refine
0.5,0.0,0.3554241687866727,0.025938113808193608,0.03887528697005161,665052.5777504478,438.54344933024316,0.005442909751044292,1.1078586914399107,True,200.0,4.705882352941177,42.5,0.0002297236353811553,0.0016891443778026115,356237.61016735336,False,0.018946860297001322,1.3169587806122225,1.2980119203152212,True,0.0062,registered_coarse_grid,0.014596830738195449,coarse
0.5,0.15,0.35541721530859943,0.025938177606829715,0.03887533009754537,664055.4975901251,482.905650398146,0.005451082286844218,1.2291490801226614,True,199.9,4.978829389788294,40.15,0.0002298385546584844,0.0017101866781644732,356237.61016735336,False,0.018946662230086897,1.3169547387425862,1.2980080765124993,True,0.0062,maximum_positive_delta,0.014596721370943217,local_refine
0.5,0.15,0.3553679974646898,0.025938520899159892,0.03887553277632504,657103.8267778099,475.7250157231662,0.005508750691873608,1.2477019630145387,True,199.2,4.986232790988735,39.95,0.0002306462202622041,0.0017187483135995898,356237.61016735336,False,0.018945596461444447,1.3169263626624506,1.297980766201006,True,0.0062,maximum_positive_delta,0.014596207397506628,local_refine
0.5,0.15,0.35540436448887536,0.0259385835704461,0.03887568269358428,662064.3280109186,481.103765504736,0.005467476508318023,1.2337526299554062,True,199.7,4.98004987531172,40.1,0.00023006873848888858,0.0017123190805063246,356237.61016735336,False,0.018945401895984038,1.316946646127528,1.298001244231544,True,0.0062,maximum_positive_delta,0.01459582722295485,local_refine
0.5,0.15,0.3553551407449256,0.025938944335810028,0.038875901915574246,655126.5848959505,473.94104877599403,0.005525376688796666,1.2523984523093328,True,199.0,4.987468671679198,39.9,0.0002308780255086988,0.001720902133541444,356237.61016735336,False,0.018944281890365566,1.3169182284367897,1.2979739465464242,True,0.0062,maximum_positive_delta,0.014595271300145464,local_refine
0.5,0.15,0.3553915113757805,0.025938994360720478,0.038876039858141594,660077.1427617068,479.3063684916766,0.0054839365369478334,1.238379197507417,True,199.5,4.9812734082397006,40.05,0.00023029938384075706,0.001714456807198592,356237.61016735336,False,0.018944126587322252,1.3169385416563961,1.2979944150690739,True,0.0062,maximum_positive_delta,0.014594921493798665,local_refine
0.5,0.15,0.35542787886051336,0.025939077421114082,0.03887620907973816,665052.5777504478,484.7120287677677,0.005442909751044292,1.224568405042205,True,200.0,4.975124378109452,40.2,0.0002297236353811553,0.0017080595803060593,356237.61016735336,False,0.018943868725484148,1.3169587806122225,1.2980149118867383,True,0.0062,maximum_positive_delta,0.014594492368310437,local_refine
0.5,0.15,0.35537865598696894,0.0259394099943309,0.038876401607084304,658093.9378521715,477.5134537631065,0.005500462703256476,1.243028926819268,True,199.3,4.9825,40.0,0.00023053049210351758,0.0017165998782075903,356237.61016735336,False,0.01894283625268045,1.316930425303093,1.2979875890504124,True,0.0062,maximum_positive_delta,0.014594004143397654,local_refine
0.5,0.15,0.3554150272152121,0.025939480489016224,0.03887655893105238,663059.4145098781,482.905650398146,0.005459271192266776,1.2291490801226614,True,199.8,4.976338729763388,40.15,0.00022995358897012525,0.0017101866781644732,356237.61016735336,False,0.018942617402938566,1.3169506939154378,1.2980080765124993,True,0.0062,maximum_positive_delta,0.01459360519068092,local_refine
0.5,0.15,0.35536579834020554,0.025939830488021533,0.038876767956341846,656114.7092920002,475.7250157231662,0.005517055339760831,1.2477019630145387,True,199.1,4.983729662077597,39.95,0.00023076206467217996,0.0017187483135995898,356237.61016735336,False,0.018941530840438148,1.3169222970414443,1.297980766201006,True,0.0062,maximum_positive_delta,0.014593075131519206,local_refine
0.5,0.15,0.3554021732522355,0.02593988837130215,0.038876913339134074,661070.2375944583,481.103765504736,0.005475698276127322,1.2337526299554062,True,199.6,4.977556109725685,40.1,0.00023018400338793105,0.0017123190805063246,356237.61016735336,False,0.018941351144056373,1.3169425953756004,1.298001244231544,True,0.0062,maximum_positive_delta,0.014592706461749368,local_refine
0.5,0.15,0.35538931698910625,0.02594030108459766,0.03887727231980048,659085.0430138736,479.3063684916766,0.0054921913321569005,1.238379197507417,True,199.4,4.978776529338328,40.05,0.00023041488002121898,0.001714456807198592,356237.61016735336,False,0.01894006989757613,1.31693448496665,1.2979944150690739,True,0.0062,maximum_positive_delta,0.014591796141563688,local_refine
0.5,0.15,0.35542569233621535,0.025940379373224274,0.038877437022150275,664055.4975901251,484.7120287677677,0.005451082286844218,1.224568405042205,True,199.9,4.9726368159203975,40.2,0.0002298385546584844,0.0017080595803060593,356237.61016735336,False,0.01893982685584783,1.3169547387425862,1.2980149118867383,True,0.0062,maximum_positive_delta,0.014591378482946483,local_refine
0.5,0.15,0.355376458443459,0.02594071864559431,0.03887763588893099,657103.8267778099,477.5134537631065,0.005508750691873608,1.243028926819268,True,199.2,4.9799999999999995,40.0,0.0002306462202622041,0.0017165998782075903,356237.61016735336,False,0.018938773612038107,1.3169263626624506,1.2979875890504124,True,0.0062,maximum_positive_delta,0.014590874190017039,local_refine
0.5,0.15,0.35541283755104547,0.025940784357652916,0.03887778868349218,662064.3280109186,482.905650398146,0.005467476508318023,1.2291490801226614,True,199.7,4.97384806973848,40.15,0.00023006873848888858,0.0017101866781644732,356237.61016735336,False,0.018938569615028822,1.316946646127528,1.2980080765124993,True,0.0062,maximum_positive_delta,0.014590486729414778,local_refine
0.5,0.15,0.35536359763303904,0.025941141071049622,0.038878004062467296,655126.5848959505,475.7250157231662,0.005525376688796666,1.2477019630145387,True,199.0,4.981226533166458,39.95,0.0002308780255086988,0.0017187483135995898,356237.61016735336,False,0.01893746223578363,1.3169182284367897,1.297980766201006,True,0.0062,maximum_positive_delta,0.014589940566847323,local_refine
0.5,0.15,0.3553999804414275,0.025941194160810564,0.038878144905662076,660077.1427617068,481.103765504736,0.0054839365369478334,1.2337526299554062,True,199.5,4.97506234413965,40.1,0.00023029938384075706,0.0017123190805063246,356237.61016735336,False,0.018937297424852062,1.3169385416563961,1.298001244231544,True,0.0062,maximum_positive_delta,0.0145895834145086,local_refine
0.5,0.15,0.35543635982264615,0.02594128021404585,0.03887831695818699,665052.5777504478,486.5229062094609,0.005442909751044292,1.220010462811328,True,200.0,4.968944099378882,40.25,0.0002297236353811553,0.0017059377671628225,356237.61016735336,False,0.01893703028304161,1.3169587806122225,1.2980217503291809,True,0.0062,maximum_positive_delta,0.014589147121948568,local_refine
0.5,0.0,0.35429550788670333,0.025941363793618794,0.03887555350542405,526357.9409498974,301.25873020345415,0.006877109432152781,1.6127140003094165,True,185.0,4.933333333333334,37.5,0.0002483498760877355,0.001914363628176293,356237.61016735336,False,0.018936770820839444,1.3163175564167913,1.2973807855959518,True,0.0062,registered_coarse_grid,0.014596154830627338,coarse
0.5,0.15,0.35538712102486564,0.02594160879933602,0.03887850570448911,658093.9378521715,479.3063684916766,0.005500462703256476,1.238379197507417,True,199.3,4.976279650436955,40.05,0.00023053049210351758,0.001714456807198592,356237.61016735336,False,0.01893601023401903,1.316930425303093,1.2979944150690739,True,0.0062,maximum_positive_delta,0.014588668498247224,local_refine
0.5,0.15,0.35542350424282804,0.025941682310706596,0.0388786658824848,663059.4145098781,484.7120287677677,0.005459271192266776,1.224568405042205,True,199.8,4.970149253731344,40.2,0.00022995358897012525,0.0017080595803060593,356237.61016735336,False,0.0189357820286995,1.3169506939154378,1.2980149118867383,True,0.0062,maximum_positive_delta,0.014588262319094058,local_refine
0.5,0.15,0.35537425931897476,0.02594202828993419,0.03887887109586491,656114.7092920002,477.5134537631065,0.005517055339760831,1.243028926819268,True,199.1,4.9775,40.0,0.00023076206467217996,0.0017165998782075903,356237.61016735336,False,0.018934707991031807,1.3169222970414443,1.2979875890504124,True,0.0062,maximum_positive_delta,0.014587741940494319,local_refine
0.5,0.15,0.35541064631440555,0.025942089213860715,0.038879019355896854,661070.2375944583,482.905650398146,0.005475698276127322,1.2291490801226614,True,199.6,4.971357409713574,40.15,0.00023018400338793105,0.0017101866781644732,356237.61016735336,False,0.018934518863101157,1.3169425953756004,1.2980080765124993,True,0.0062,maximum_positive_delta,0.01458736598463594,local_refine
0.5,0.0,0.3548468144497828,0.025942131053053537,0.038877655121377294,588395.9574286205,365.6165211595107,0.006152015687215494,1.328835388438545,True,192.0,4.8,40.0,0.00023929545352203665,0.0017947159014152746,356237.61016735336,False,0.018934388980597294,1.3166258105285231,1.2976914215479258,True,0.0062,registered_coarse_grid,0.014590825419814966,coarse
0.5,0.0,0.355073211591421,0.025942133805321583,0.03887822164804468,616410.2165559197,393.7290039817911,0.005872422395300567,1.2339557589133483,True,195.0,4.7560975609756095,41.0,0.00023561398500631303,0.0017509423428441703,356237.61016735336,False,0.018934380436663067,1.3167529993590734,1.2978186189224103,True,0.0062,registered_coarse_grid,0.014589388810267218,coarse
0.5,0.15,0.35539778605475325,0.025942500940095335,0.03887937739420316,659085.0430138736,481.103765504736,0.0054921913321569005,1.2337526299554062,True,199.4,4.972568578553616,40.1,0.00023041488002121898,0.0017123190805063246,356237.61016735336,False,0.01893324073510594,1.31693448496665,1.298001244231544,True,0.0062,maximum_positive_delta,0.014586458078717012,local_refine
0.5,0.15,0.35543417329834814,0.025942582221436233,0.0388795449274186,664055.4975901251,486.5229062094609,0.005451082286844218,1.220010462811328,True,199.9,4.9664596273291925,40.25,0.0002298385546584844,0.0017059377671628225,356237.61016735336,False,0.018932988413405294,1.3169547387425862,1.2980217503291809,True,0.0062,maximum_positive_delta,0.014586033252989674,local_refine
0.5,0.15,0.3553849234813557,0.025942917506062754,0.03887974001324525,657103.8267778099,479.3063684916766,0.005508750691873608,1.238379197507417,True,199.2,4.97378277153558,40.05,0.0002306462202622041,0.001714456807198592,356237.61016735336,False,0.018931947593376686,1.3169263626624506,1.2979944150690739,True,0.0062,maximum_positive_delta,0.014585538561326711,local_refine
0.5,0.15,0.35542131457866133,0.02594298623467958,0.03887989566177155,662064.3280109186,484.7120287677677,0.005467476508318023,1.224568405042205,True,199.7,4.967661691542288,40.2,0.00023006873848888858,0.0017080595803060593,356237.61016735336,False,0.018931734240789755,1.316946646127528,1.2980149118867383,True,0.0062,maximum_positive_delta,0.0145851438742498,local_refine
0.5,0.15,0.3553720586118083,0.025943338928481233,0.03888010722892703,655126.5848959505,477.5134537631065,0.005525376688796666,1.243028926819268,True,199.0,4.975,40.0,0.0002308780255086988,0.0017165998782075903,356237.61016735336,False,0.01893063938637729,1.3169182284367897,1.2979875890504124,True,0.0062,registered_coarse_grid,0.014584607392299222,coarse
0.5,0.15,0.3553720586118083,0.025943338928481233,0.03888010722892703,655126.5848959505,477.5134537631065,0.005525376688796666,1.243028926819268,True,199.0,4.975,40.0,0.0002308780255086988,0.0017165998782075903,356237.61016735336,False,0.01893063938637729,1.3169182284367897,1.2979875890504124,True,0.0062,maximum_positive_delta,0.014584607392299222,local_refine
0.5,0.15,0.3554084535035975,0.025943395058761427,0.03888025094929921,660077.1427617068,482.905650398146,0.0054839365369478334,1.2291490801226614,True,199.5,4.968866749688668,40.15,0.00023029938384075706,0.0017101866781644732,356237.61016735336,False,0.018930465143896846,1.3169385416563961,1.2980080765124993,True,0.0062,maximum_positive_delta,0.01458424295383385,local_refine
0.5,0.0,0.3552998592882607,0.025943482384408734,0.03888006348402612,645299.8511386822,423.24682530727847,0.0056095180465447125,1.147897970792394,True,198.0,4.714285714285714,42.0,0.00023204407614258105,0.0017092532394431187,356237.61016735336,False,0.018930194063540462,1.3168773775637244,1.297947183500184,True,0.0062,registered_coarse_grid,0.014584718318422838,coarse
0.5,0.15,0.3554448446885132,0.02594348408085521,0.03888042580963929,665052.5777504478,488.3382883190871,0.005442909751044292,1.2154751125823542,True,200.0,4.962779156327544,40.3,0.0002297236353811553,0.0017038212190646058,356237.61016735336,False,0.01893018879735653,1.3169587806122225,1.298028591814866,True,0.0062,maximum_positive_delta,0.01458379955320467,local_refine
0.5,0.0,0.354620866682954,0.025943570273565218,0.03887845585614031,561243.6064420869,338.87510029157835,0.006449643468265634,1.433696873852676,True,189.0,4.846153846153846,39.0,0.00024309379405413242,0.0018407342578618203,356237.61016735336,False,0.018929921234373204,1.3164957146535166,1.2975657934191434,True,0.0062,registered_coarse_grid,0.014588794903795993,coarse
0.5,0.15,0.35539559009051264,0.025943808710281898,0.03888061080579347,658093.9378521715,481.103765504736,0.005500462703256476,1.2337526299554062,True,199.3,4.970074812967582,40.1,0.00023053049210351758,0.0017123190805063246,356237.61016735336,False,0.01892918107154884,1.316930425303093,1.298001244231544,True,0.0062,maximum_positive_delta,0.014583330451855989,local_refine
0.5,0.15,0.35543198520496083,0.02594388521423919,0.038880773814592054,663059.4145098781,486.5229062094609,0.005459271192266776,1.220010462811328,True,199.8,4.9639751552795035,40.25,0.00022995358897012525,0.0017059377671628225,356237.61016735336,False,0.018928943586256963,1.3169506939154378,1.2980217503291809,True,0.0062,maximum_positive_delta,0.014582917105554314,local_refine
0.5,0.15,0.35538272435687146,0.025944227205906643,0.038880975247108145,656114.7092920002,479.3063684916766,0.005517055339760831,1.238379197507417,True,199.1,4.971285892634207,40.05,0.00023076206467217996,0.001714456807198592,356237.61016735336,False,0.018927881972370386,1.3169222970414443,1.2979944150690739,True,0.0062,maximum_positive_delta,0.014582406328276168,local_refine
0.5,0.15,0.35541912334202147,0.02594429114626419,0.03888112636104262,661070.2375944583,484.7120287677677,0.005475698276127322,1.224568405042205,True,199.6,4.965174129353233,40.2,0.00023018400338793105,0.0017080595803060593,356237.61016735336,False,0.01892768348886209,1.3169425953756004,1.2980149118867383,True,0.0062,maximum_positive_delta,0.014582023145904871,local_refine
0.5,0.15,0.3554062591169233,0.025944701893479086,0.03888148346473411,659085.0430138736,482.905650398146,0.0054921913321569005,1.2291490801226614,True,199.4,4.966376089663761,40.15,0.00023041488002121898,0.0017101866781644732,356237.61016735336,False,0.018926408454150723,1.31693448496665,1.2980080765124993,True,0.0062,maximum_positive_delta,0.014581117634492985,local_refine
0.5,0.15,0.35544265816421516,0.025944786143550374,0.03888165380570171,664055.4975901251,488.3382883190871,0.005451082286844218,1.2154751125823542,True,199.9,4.96029776674938,40.3,0.0002298385546584844,0.0017038212190646058,356237.61016735336,False,0.01892614692772021,1.3169547387425862,1.298028591814866,True,0.0062,maximum_positive_delta,0.014580685700657965,local_refine
0.5,0.15,0.3553933925470027,0.025945117472497496,0.03888184514147082,657103.8267778099,481.103765504736,0.005508750691873608,1.2337526299554062,True,199.2,4.967581047381546,40.1,0.0002306462202622041,0.0017123190805063246,356237.61016735336,False,0.018925118430906496,1.3169263626624506,1.298001244231544,True,0.0062,maximum_positive_delta,0.014580200531402986,local_refine
0.5,0.15,0.3554297955407941,0.0259451891935733,0.038882003620737175,662064.3280109186,486.5229062094609,0.005467476508318023,1.220010462811328,True,199.7,4.961490683229814,40.25,0.00023006873848888858,0.0017059377671628225,356237.61016735336,False,0.01892489579834722,1.316946646127528,1.2980217503291809,True,0.0062,maximum_positive_delta,0.014579798677139138,local_refine
0.5,0.15,0.35538052364970496,0.025945537899998428,0.03888221140711881,655126.5848959505,479.3063684916766,0.005525376688796666,1.238379197507417,True,199.0,4.9687890137328345,40.05,0.0002308780255086988,0.001714456807198592,356237.61016735336,False,0.01892381336771587,1.3169182284367897,1.2979944150690739,True,0.0062,maximum_positive_delta,0.014579271796565336,local_refine
0.5,0.15,0.3554169305312135,0.025945597046582277,0.03888235798133084,660077.1427617068,484.7120287677677,0.0054839365369478334,1.224568405042205,True,199.5,4.962686567164178,40.2,0.00023029938384075706,0.0017080595803060593,356237.61016735336,False,0.01892362976965778,1.3169385416563961,1.2980149118867383,True,0.0062,maximum_positive_delta,0.014578900131548727,local_refine
0.5,0.15,0.35545333342748064,0.025945689013665032,0.03888253562648349,665052.5777504478,490.15818069250787,0.005442909751044292,1.210962214553506,True,200.0,4.956629491945477,40.35,0.0002297236353811553,0.001701709916438751,356237.61016735336,False,0.01892334429326814,1.3169587806122225,1.2980354363189543,True,0.0062,maximum_positive_delta,0.014578449681568078,local_refine
0.5,0.15,0.3554040631526827,0.025946009719139174,0.03888271690323777,658093.9378521715,482.905650398146,0.005500462703256476,1.2291490801226614,True,199.3,4.963885429638855,40.15,0.00023053049210351758,0.0017101866781644732,356237.61016735336,False,0.018922348790593624,1.316930425303093,1.2980080765124993,True,0.0062,maximum_positive_delta,0.014577990024094746,local_refine
0.5,0.15,0.35544047007082785,0.025946089191698586,0.038882882719725384,663059.4145098781,488.3382883190871,0.005459271192266776,1.2154751125823542,True,199.8,4.957816377171216,40.3,0.00022995358897012525,0.0017038212190646058,356237.61016735336,False,0.01892210210057188,1.3169506939154378,1.298028591814866,True,0.0062,maximum_positive_delta,0.014577569569646802,local_refine
0.5,0.15,0.35539119342251846,0.02594642722787096,0.03888308040227448,656114.7092920002,481.103765504736,0.005517055339760831,1.2337526299554062,True,199.1,4.965087281795511,40.1,0.00023076206467217996,0.0017123190805063246,356237.61016735336,False,0.018921052809900196,1.3169222970414443,1.298001244231544,True,0.0062,maximum_positive_delta,0.014577068314832032,local_refine
0.5,0.15,0.35542760430415427,0.025946494160559577,0.038883234346886064,661070.2375944583,486.5229062094609,0.005475698276127322,1.220010462811328,True,199.6,4.9590062111801245,40.25,0.00023018400338793105,0.0017059377671628225,356237.61016735336,False,0.018920845046419554,1.3169425953756004,1.2980217503291809,True,0.0062,maximum_positive_delta,0.014576677965235322,local_refine
0.5,0.0,0.3543955894873691,0.025946555645587968,0.03888072345241535,534939.6962816181,313.47046482913544,0.006766783593658387,1.5498881917930254,True,186.0,4.894736842105263,38.0,0.00024701466170016676,0.0018891746330687103,356237.61016735336,False,0.018920654193071762,1.3163626108721385,1.2974419566790667,True,0.0062,registered_coarse_grid,0.014583044810344411,coarse
0.5,0.0,0.35407199065158107,0.025946710203694143,0.03888006310283164,501164.336067983,277.79500432013543,0.007222822734744689,1.7489305579975556,True,182.0,4.986301369863014,36.5,0.0002524435553639069,0.001966811946756465,356237.61016735336,False,0.018920174436107162,1.3161802770366515,1.2972601026005444,True,0.0062,registered_coarse_grid,0.014584719285036943,coarse
0.5,0.15,0.3554147361445392,0.025946903936757918,0.038883590523671116,659085.0430138736,484.7120287677677,0.0054921913321569005,1.224568405042205,True,199.4,4.960199004975125,40.2,0.00023041488002121898,0.0017080595803060593,356237.61016735336,False,0.018919573079911656,1.31693448496665,1.2980149118867383,True,0.0062,maximum_positive_delta,0.014575774828665861,local_refine
0.5,0.15,0.35545114690318264,0.025946991131689384,0.03888376364938792,664055.4975901251,490.15818069250787,0.005451082286844218,1.210962214553506,True,199.9,4.954151177199504,40.35,0.0002298385546584844,0.001701709916438751,356237.61016735336,False,0.018919302423631823,1.3169547387425862,1.2980354363189543,True,0.0062,maximum_positive_delta,0.014575335845440629,local_refine
0.5,0.15,0.35540186560917275,0.025947318536868977,0.03888395126584798,657103.8267778099,482.905650398146,0.005508750691873608,1.2291490801226614,True,199.2,4.961394769613948,40.15,0.0002306462202622041,0.0017101866781644732,356237.61016735336,False,0.01891828614995128,1.3169263626624506,1.2980080765124993,True,0.0062,maximum_positive_delta,0.0145748601201166,local_refine
0.5,0.15,0.35543828040666114,0.025947393226418463,0.03888411255274019,662064.3280109186,488.3382883190871,0.005467476508318023,1.2154751125823542,True,199.7,4.955334987593052,40.3,0.00023006873848888858,0.0017038212190646058,356237.61016735336,False,0.018918054312662136,1.316946646127528,1.298028591814866,True,0.0062,maximum_positive_delta,0.014574451157667844,local_refine
0.5,0.15,0.35538899271535196,0.025947737977533067,0.03888431658924545,655126.5848959505,481.103765504736,0.005525376688796666,1.2337526299554062,True,199.0,4.962593516209476,40.1,0.0002308780255086988,0.0017123190805063246,356237.61016735336,False,0.01891698420524568,1.3169182284367897,1.298001244231544,True,0.0062,maximum_positive_delta,0.014573933799612885,local_refine
0.5,0.15,0.3554254114933463,0.025947800116319916,0.038884465994071596,660077.1427617068,486.5229062094609,0.0054839365369478334,1.220010462811328,True,199.5,4.956521739130435,40.25,0.00023029938384075706,0.0017059377671628225,356237.61016735336,False,0.018916791327215243,1.3169385416563961,1.2980217503291809,True,0.0062,maximum_positive_delta,0.014573554967332333,local_refine
0.5,0.15,0.3552432875793063,0.025947823983225142,0.038884035744869906,635571.87768921,459.8296010349775,0.005695376537986348,1.2908325924145263,True,197.0,4.987341772151899,39.5,0.00023322196485396464,0.0017383289905899657,356237.61016735336,False,0.018916717244696235,1.316836224677703,1.2979195074330068,True,0.0062,registered_coarse_grid,0.014574645913219421,coarse
0.5,0.15,0.3554618260090595,0.025947895004634874,0.038884646401143905,665052.5777504478,491.9825889255832,0.005442909751044292,1.206471629959854,True,200.0,4.9504950495049505,40.4,0.0002297236353811553,0.0016996038398094957,356237.61016735336,False,0.018916496795497784,1.3169587806122225,1.2980422838167247,True,0.0062,maximum_positive_delta,0.01457309752643518,local_refine
0.5,0.15,0.3554125401802986,0.025948211817916646,0.038884823989099655,658093.9378521715,484.7120287677677,0.005500462703256476,1.224568405042205,True,199.3,4.95771144278607,40.2,0.00023053049210351758,0.0017080595803060593,356237.61016735336,False,0.018915513416354557,1.316930425303093,1.2980149118867383,True,0.0062,maximum_positive_delta,0.014572647234737685,local_refine
0.5,0.15,0.3554489588097953,0.025948294235207267,0.038884992590273046,663059.4145098781,490.15818069250787,0.005459271192266776,1.210962214553506,True,199.8,4.951672862453532,40.35,0.00022995358897012525,0.001701709916438751,356237.61016735336,False,0.018915257596483492,1.3169506939154378,1.2980354363189543,True,0.0062,maximum_positive_delta,0.014572219730860737,local_refine
0.5,0.15,0.3553996664846885,0.02594862834779737,0.03888518655360406,656114.7092920002,482.905650398146,0.005517055339760831,1.2291490801226614,True,199.1,4.958904109589041,40.15,0.00023076206467217996,0.0017101866781644732,356237.61016735336,False,0.01891422052894498,1.3169222970414443,1.2980080765124993,True,0.0062,maximum_positive_delta,0.014571727920032588,local_refine
0.5,0.15,0.3554360891700213,0.025948698248831066,0.038885343305778225,661070.2375944583,488.3382883190871,0.005475698276127322,1.2154751125823542,True,199.6,4.9528535980148884,40.3,0.00023018400338793105,0.0017038212190646058,356237.61016735336,False,0.01891400356073447,1.3169425953756004,1.298028591814866,True,0.0062,maximum_positive_delta,0.014571330462212284,local_refine
0.5,0.0,0.35494849220589847,0.025948799975554368,0.038884227024111886,597637.6111806135,379.49923754205366,0.006056883122272406,1.2802243689902266,True,193.0,4.765432098765432,40.5,0.00023805558070586033,0.0017725589149780489,356237.61016735336,False,0.01891368780819902,1.3166685249598413,1.2977548371516423,True,0.0062,registered_coarse_grid,0.01457416090215579,coarse
0.5,0.15,0.355423217106672,0.02594910706197844,0.038885698563328686,659085.0430138736,486.5229062094609,0.0054921913321569005,1.220010462811328,True,199.4,4.9540372670807455,40.25,0.00023041488002121898,0.0017059377671628225,356237.61016735336,False,0.01891273463746912,1.31693448496665,1.2980217503291809,True,0.0062,maximum_positive_delta,0.014570429680914678,local_refine
0.5,0.15,0.3554596394847615,0.025949197178012612,0.03888587445090145,664055.4975901251,491.9825889255832,0.005451082286844218,1.206471629959854,True,199.9,4.948019801980198,40.4,0.0002298385546584844,0.0016996038398094957,356237.61016735336,False,0.018912454925861466,1.3169547387425862,1.2980422838167247,True,0.0062,maximum_positive_delta,0.014569983706733998,local_refine
0.5,0.0,0.35517528710650914,0.025949335947226482,0.0388852989826296,625942.1657580995,408.3101050473303,0.005782996191047409,1.1898901494446972,True,196.0,4.72289156626506,41.5,0.00023441187283791362,0.0017298466519665298,356237.61016735336,False,0.018912024200356647,1.3167947664142974,1.2978827422139407,True,0.0062,registered_coarse_grid,0.014571442847060542,coarse
0.5,0.15,0.35541034263678867,0.025949520691185786,0.03888605837865431,657103.8267778099,484.7120287677677,0.005508750691873608,1.224568405042205,True,199.2,4.955223880597014,40.2,0.0002306462202622041,0.0017080595803060593,356237.61016735336,False,0.018911450775712213,1.3169263626624506,1.2980149118867383,True,0.0062,maximum_positive_delta,0.014569517347241679,local_refine
0.5,0.15,0.35544676914562867,0.025949598325337345,0.03888622245016875,662064.3280109186,490.15818069250787,0.005467476508318023,1.210962214553506,True,199.7,4.949194547707559,40.35,0.00023006873848888858,0.001701709916438751,356237.61016735336,False,0.018911209808573748,1.316946646127528,1.2980354363189543,True,0.0062,maximum_positive_delta,0.014569101335325078,local_refine
0.5,0.0,0.35472203626654975,0.02594966233199896,0.0388844804745541,570199.4538487908,352.0765702655546,0.0063483420335842386,1.3799389477922337,True,190.0,4.810126582278481,39.5,0.000241814353032795,0.0018174338242179999,356237.61016735336,False,0.01891101113980831,1.3165394090820086,1.2976283979422003,True,0.0062,registered_coarse_grid,0.014573518250523563,coarse
0.5,0.15,0.35539746577752207,0.025949939153055178,0.03888642276754704,655126.5848959505,482.905650398146,0.005525376688796666,1.2291490801226614,True,199.0,4.956413449564135,40.15,0.0002308780255086988,0.0017101866781644732,356237.61016735336,False,0.018910151924290464,1.3169182284367897,1.2980080765124993,True,0.0062,maximum_positive_delta,0.014568593421312481,local_refine
0.5,0.15,0.3554338963592133,0.025950004260058328,0.03888657497987241,660077.1427617068,488.3382883190871,0.0054839365369478334,1.2154751125823542,True,199.5,4.9503722084367245,40.3,0.00023029938384075706,0.0017038212190646058,356237.61016735336,False,0.01890994984153016,1.3169385416563961,1.298028591814866,True,0.0062,maximum_positive_delta,0.014568207480769601,local_refine
0.5,0.15,0.3554703224029059,0.02595010204596127,0.03888675812608096,665052.5777504478,493.8115186141732,0.005442909751044292,1.202003221064355,True,200.0,4.944375772558714,40.45,0.0002297236353811553,0.00169750296979737,356237.61016735336,False,0.018909646328648,1.3169587806122225,1.2980491342835745,True,0.0062,maximum_positive_delta,0.014567743107108733,local_refine
0.5,0.15,0.3554210211424314,0.025950414998660718,0.03888693205569356,658093.9378521715,486.5229062094609,0.005500462703256476,1.220010462811328,True,199.3,4.9515527950310565,40.25,0.00023053049210351758,0.0017059377671628225,356237.61016735336,False,0.01890867497391202,1.316930425303093,1.2980217503291809,True,0.0062,maximum_positive_delta,0.014567302103463785,local_refine
0.5,0.15,0.3554574513913742,0.025950500336924386,0.03888710341865913,663059.4145098781,491.9825889255832,0.005459271192266776,1.206471629959854,True,199.8,4.945544554455446,40.4,0.00022995358897012525,0.0016996038398094957,356237.61016735336,False,0.018908410098713135,1.3169506939154378,1.2980422838167247,True,0.0062,maximum_positive_delta,0.014566867608592389,local_refine
0.5,0.15,0.35540814351230443,0.025950830557694263,0.03888729369337437,656114.7092920002,484.7120287677677,0.005517055339760831,1.224568405042205,True,199.1,4.952736318407959,40.2,0.00023076206467217996,0.0017080595803060593,356237.61016735336,False,0.018907385154705914,1.3169222970414443,1.2980149118867383,True,0.0062,maximum_positive_delta,0.0145663851636519,local_refine
0.5,0.15,0.35544457790898876,0.02595090340320072,0.038887453230107165,661070.2375944583,490.15818069250787,0.005475698276127322,1.210962214553506,True,199.6,4.9467162329615855,40.35,0.00023018400338793105,0.001701709916438751,356237.61016735336,False,0.018907159056646083,1.3169425953756004,1.2980354363189543,True,0.0062,maximum_positive_delta,0.014565980656324857,local_refine
0.5,0.0,0.35540223273129734,0.025951177563023002,0.03888760770690333,655126.5848959505,438.54344933024316,0.005525376688796666,1.1078586914399107,True,199.0,4.682352941176471,42.5,0.0002308780255086988,0.0016891443778026115,356237.61016735336,False,0.01890630812156857,1.3169182284367897,1.2980119203152212,True,0.0062,registered_coarse_grid,0.01456558897931938,coarse
0.5,0.0,0.3541712293436198,0.025951200289975673,0.03888456601628584,509470.7596325149,289.3683382233233,0.007105061658506291,1.678981794959171,True,183.0,4.945945945945946,37.0,0.0002510640823837762,0.001940233406935432,356237.61016735336,False,0.018906237582035246,1.316226393623516,1.2973201560414807,True,0.0062,registered_coarse_grid,0.014573301350473071,coarse
0.5,0.15,0.35543170197253904,0.02595131126122442,0.038887807576057656,659085.0430138736,488.3382883190871,0.0054921913321569005,1.2154751125823542,True,199.4,4.9478908188585615,40.3,0.00023041488002121898,0.0017038212190646058,356237.61016735336,False,0.018905893151784037,1.31693448496665,1.298028591814866,True,0.0062,maximum_positive_delta,0.014565082210824313,local_refine
0.5,0.15,0.35546813587860787,0.025951404274716396,0.038887986202702625,664055.4975901251,493.8115186141732,0.005451082286844218,1.202003221064355,True,199.9,4.941903584672435,40.45,0.0002298385546584844,0.00169750296979737,356237.61016735336,False,0.018905604459011682,1.3169547387425862,1.2980491342835745,True,0.0062,maximum_positive_delta,0.014564629303840762,local_refine
0.5,0.15,0.35541882359892146,0.025951723927494126,0.038888166472204104,657103.8267778099,486.5229062094609,0.005508750691873608,1.220010462811328,True,199.2,4.949068322981367,40.25,0.0002306462202622041,0.0017059377671628225,356237.61016735336,False,0.018904612333269677,1.3169263626624506,1.2980217503291809,True,0.0062,maximum_positive_delta,0.014564172232457144,local_refine
0.5,0.15,0.35545526172720754,0.0259518044824889,0.03888833330544685,662064.3280109186,491.9825889255832,0.005467476508318023,1.206471629959854,True,199.7,4.943069306930693,40.4,0.00023006873848888858,0.0016996038398094957,356237.61016735336,False,0.01890436231080339,1.316946646127528,1.2980422838167247,True,0.0062,maximum_positive_delta,0.014563749229507046,local_refine
0.5,0.0,0.3544961285815502,0.025952023339291405,0.03888615525189283,543614.2264479337,326.00782666897436,0.0066588050574900755,1.4902837667387354,True,187.0,4.857142857142857,38.5,0.0002456937276803799,0.0018646398975743113,356237.61016735336,False,0.018903683036230134,1.3164073194275818,1.2975036363913517,True,0.0062,registered_coarse_grid,0.014569271719966437,coarse
0.5,0.15,0.35540594280513793,0.02595214141857294,0.03888852993430092,655126.5848959505,484.7120287677677,0.005525376688796666,1.224568405042205,True,199.0,4.9502487562189055,40.2,0.0002308780255086988,0.0017080595803060593,356237.61016735336,False,0.018903316550051397,1.3169182284367897,1.2980149118867383,True,0.0062,maximum_positive_delta,0.01456325068143813,local_refine
0.5,0.15,0.3554423850981807,0.025952209469919378,0.03888868493112122,660077.1427617068,490.15818069250787,0.0054839365369478334,1.210962214553506,True,199.5,4.944237918215613,40.35,0.00023029938384075706,0.001701709916438751,356237.61016735336,False,0.018903105337441772,1.3169385416563961,1.2980354363189543,True,0.0062,maximum_positive_delta,0.014562857691349565,local_refine
0.5,0.15,0.3554788225788206,0.02595231012987737,0.038888870793790865,665052.5777504478,495.6449753541388,0.005442909751044292,1.197556851148981,True,200.0,4.938271604938271,40.5,0.0002297236353811553,0.0016954072871186083,356237.61016735336,False,0.018902792917203648,1.3169587806122225,1.2980559876950188,True,0.0062,registered_coarse_grid,0.014562386442798723,coarse
0.5,0.15,0.3554788225788206,0.02595231012987737,0.038888870793790865,665052.5777504478,495.6449753541388,0.005442909751044292,1.197556851148981,True,200.0,4.938271604938271,40.5,0.0002297236353811553,0.0016954072871186083,356237.61016735336,False,0.018902792917203648,1.3169587806122225,1.2980559876950188,True,0.0062,maximum_positive_delta,0.014562386442798723,local_refine
0.5,0.15,0.3554295060082984,0.025952619253454958,0.038889041095370225,658093.9378521715,488.3382883190871,0.005500462703256476,1.2154751125823542,True,199.3,4.945409429280398,40.3,0.00023053049210351758,0.0017038212190646058,356237.61016735336,False,0.018901833488226938,1.316930425303093,1.298028591814866,True,0.0062,maximum_positive_delta,0.01456195464985786,local_refine
0.5,0.15,0.35546594778522056,0.025952707489046076,0.038889215197343875,663059.4145098781,493.8115186141732,0.005459271192266776,1.202003221064355,True,199.8,4.939431396786156,40.45,0.00022995358897012525,0.00169750296979737,356237.61016735336,False,0.01890155963186335,1.3169506939154378,1.2980491342835745,True,0.0062,maximum_positive_delta,0.014561513222144393,local_refine
0.5,0.15,0.3551143071333313,0.025952813574847567,0.03888844189287734,616410.2165559197,442.5878213089645,0.005872422395300567,1.3411192251459598,True,195.0,5.0,39.0,0.00023561398500631303,0.0017606152597000933,356237.61016735336,False,0.018901230374507305,1.3167529993590734,1.2978517689845661,True,0.0062,registered_coarse_grid,0.014563473908345904,coarse
0.5,0.15,0.3554166244744372,0.02595303384960763,0.038889401813899625,656114.7092920002,486.5229062094609,0.005517055339760831,1.220010462811328,True,199.1,4.946583850931677,40.25,0.00023076206467217996,0.0017059377671628225,356237.61016735336,False,0.018900546712263377,1.3169222970414443,1.2980217503291809,True,0.0062,maximum_positive_delta,0.01456104006536883,local_refine
0.5,0.15,0.3554530704905676,0.025953109615827308,0.038889564112296784,661070.2375944583,491.9825889255832,0.005475698276127322,1.206471629959854,True,199.6,4.9405940594059405,40.4,0.00023018400338793105,0.0016996038398094957,356237.61016735336,False,0.018900311558875726,1.3169425953756004,1.2980422838167247,True,0.0062,maximum_positive_delta,0.014560628566969186,local_refine
0.5,0.15,0.3554401907115065,0.02595351652661753,0.03888991755424586,659085.0430138736,490.15818069250787,0.0054921913321569005,1.210962214553506,True,199.4,4.941759603469641,40.35,0.00023041488002121898,0.001701709916438751,356237.61016735336,False,0.01889904864769565,1.31693448496665,1.2980354363189543,True,0.0062,maximum_positive_delta,0.014559732437883737,local_refine
0.5,0.15,0.35547663605452257,0.025953612414033687,0.03889009889728757,664055.4975901251,495.6449753541388,0.005451082286844218,1.197556851148981,True,199.9,4.935802469135803,40.5,0.0002298385546584844,0.0016954072871186083,356237.61016735336,False,0.01889875104756733,1.3169547387425862,1.2980559876950188,True,0.0062,maximum_positive_delta,0.014559272655970857,local_refine
0.5,0.15,0.3554273084647885,0.02595392823787736,0.038890275538848,657103.8267778099,488.3382883190871,0.005508750691873608,1.2154751125823542,True,199.2,4.942928039702234,40.3,0.0002306462202622041,0.0017038212190646058,356237.61016735336,False,0.018897770847584594,1.3169263626624506,1.298028591814866,True,0.0062,maximum_positive_delta,0.01455882479534775,local_refine
0.5,0.15,0.3554637581210539,0.025954011690069067,0.03889044511103465,662064.3280109186,493.8115186141732,0.005467476508318023,1.202003221064355,True,199.7,4.936959208899876,40.45,0.00023006873848888858,0.00169750296979737,356237.61016735336,False,0.018897511843953607,1.316946646127528,1.2980491342835745,True,0.0062,maximum_positive_delta,0.014558394859516325,local_refine
0.5,0.15,0.3554144237672707,0.025954344766132148,0.038890638081821215,655126.5848959505,486.5229062094609,0.005525376688796666,1.220010462811328,True,199.0,4.944099378881988,40.25,0.0002308780255086988,0.0017059377671628225,356237.61016735336,False,0.01889647810760886,1.3169182284367897,1.2980217503291809,True,0.0062,maximum_positive_delta,0.014557905599668632,local_refine
0.5,0.15,0.3554508776797596,0.02595441573806163,0.03889079584024185,660077.1427617068,491.9825889255832,0.0054839365369478334,1.206471629959854,True,199.5,4.938118811881188,40.4,0.00023029938384075706,0.0016996038398094957,356237.61016735336,False,0.018896257839671415,1.3169385416563961,1.2980422838167247,True,0.0062,maximum_positive_delta,0.014557505618468317,local_refine
0.5,0.15,0.3554379947472659,0.02595482457442084,0.03889115110051738,658093.9378521715,490.15818069250787,0.005500462703256476,1.210962214553506,True,199.3,4.939281288723668,40.35,0.00023053049210351758,0.001701709916438751,356237.61016735336,False,0.01889498898413855,1.316930425303093,1.2980354363189543,True,0.0062,maximum_positive_delta,0.014556604893408825,local_refine
0.5,0.15,0.35547444796113525,0.025954915683805098,0.03889132791882331,663059.4145098781,495.6449753541388,0.005459271192266776,1.197556851148981,True,199.8,4.933333333333334,40.5,0.00022995358897012525,0.0016954072871186083,356237.61016735336,False,0.018894706220419,1.3169506939154378,1.2980559876950188,True,0.0062,maximum_positive_delta,0.01455615659072662,local_refine
0.5,0.15,0.35542510934030425,0.025955238215620645,0.03889151090753035,656114.7092920002,488.3382883190871,0.005517055339760831,1.2154751125823542,True,199.1,4.94044665012407,40.3,0.00023076206467217996,0.0017038212190646058,356237.61016735336,False,0.018893705226578295,1.3169222970414443,1.298028591814866,True,0.0062,maximum_positive_delta,0.014555692644768066,local_refine
0.5,0.15,0.355461566884414,0.025955316878906558,0.038891675944807115,661070.2375944583,493.8115186141732,0.005475698276127322,1.202003221064355,True,199.6,4.934487021013597,40.45,0.00023018400338793105,0.00169750296979737,356237.61016735336,False,0.018893461092025943,1.3169425953756004,1.2980491342835745,True,0.0062,maximum_positive_delta,0.014555274213447792,local_refine
0.5,0.0,0.35505046584024913,0.025955690637037083,0.03889100879132057,606975.5312932351,393.7290039817911,0.00596370195134981,1.2339557589133483,True,194.0,4.7317073170731705,41.0,0.00023682849008366515,0.0017509423428441703,356237.61016735336,False,0.018892301124256994,1.3167109200466673,1.2978186189224103,True,0.0062,registered_coarse_grid,0.014556965702914194,coarse
0.5,0.15,0.3554486832930854,0.02595572285031613,0.038892028490317046,659085.0430138736,491.9825889255832,0.0054921913321569005,1.206471629959854,True,199.4,4.935643564356436,40.4,0.00023041488002121898,0.0016996038398094957,356237.61016735336,False,0.018892201149925292,1.31693448496665,1.2980422838167247,True,0.0062,maximum_positive_delta,0.014554380381488983,local_refine
0.5,0.0,0.35427100219930296,0.025955991809019925,0.03888935535115804,517868.4616633415,301.25873020345415,0.00698984670502728,1.6127140003094165,True,184.0,4.906666666666666,37.5,0.0002496996036751686,0.001914363628176293,356237.61016735336,False,0.018891366435501267,1.316272152031453,1.2973807855959518,True,0.0062,registered_coarse_grid,0.014561157869178337,coarse
0.5,0.0,0.35482356116773095,0.025955996595431408,0.03889073462129635,579250.0712478244,365.6165211595107,0.006249150997249273,1.328835388438545,True,191.0,4.775,40.0,0.00024054830929963895,0.0017947159014152746,356237.61016735336,False,0.018891351580893057,1.3165827731288189,1.2976914215479258,True,0.0062,registered_coarse_grid,0.0145576608330807,coarse
0.5,0.15,0.35543579720375595,0.025956133614456763,0.03889238557097366,657103.8267778099,490.15818069250787,0.005508750691873608,1.210962214553506,True,199.2,4.936802973977695,40.35,0.0002306462202622041,0.001701709916438751,356237.61016735336,False,0.018890926343496206,1.3169263626624506,1.2980354363189543,True,0.0062,maximum_positive_delta,0.014553475055402349,local_refine
0.5,0.15,0.3554722582969686,0.025956219940310398,0.03889255785942806,662064.3280109186,495.6449753541388,0.005467476508318023,1.197556851148981,True,199.7,4.930864197530864,40.5,0.00023006873848888858,0.0016954072871186083,356237.61016735336,False,0.018890658432509255,1.316946646127528,1.2980559876950188,True,0.0062,maximum_positive_delta,0.014553038244562728,local_refine
0.5,0.15,0.3553499641151864,0.025956500245285362,0.038892519726698584,645299.8511386822,477.5134537631065,0.0056095180465447125,1.243028926819268,True,198.0,4.95,40.0,0.00023204407614258105,0.0017165998782075903,356237.61016735336,False,0.01888978851331191,1.3168773775637244,1.2979875890504124,True,0.0062,registered_coarse_grid,0.014553134924141599,coarse
0.5,0.15,0.35542290863313775,0.025956549187815762,0.03889274720245835,655126.5848959505,488.3382883190871,0.005525376688796666,1.2154751125823542,True,199.0,4.937965260545906,40.3,0.0002308780255086988,0.0017038212190646058,356237.61016735336,False,0.018889636621923778,1.3169182284367897,1.298028591814866,True,0.0062,maximum_positive_delta,0.014552558195588615,local_refine
0.5,0.15,0.35545937407360595,0.02595662305668062,0.038892907699694244,660077.1427617068,493.8115186141732,0.0054839365369478334,1.202003221064355,True,199.5,4.932014833127317,40.45,0.00023029938384075706,0.00169750296979737,356237.61016735336,False,0.01888940737282163,1.3169385416563961,1.2980491342835745,True,0.0062,maximum_positive_delta,0.014552151281428314,local_refine
0.5,0.0,0.3552776046266697,0.02595674105269913,0.03889256813777521,635571.87768921,423.24682530727847,0.005695376537986348,1.147897970792394,True,197.0,4.690476190476191,42.0,0.00023322196485396464,0.0017092532394431187,356237.61016735336,False,0.018889041177519106,1.316836224677703,1.297947183500184,True,0.0062,registered_coarse_grid,0.014553012185427212,coarse
0.5,0.15,0.35544648732884476,0.02595703095371651,0.038893262063558656,658093.9378521715,491.9825889255832,0.005500462703256476,1.206471629959854,True,199.3,4.933168316831684,40.4,0.00023053049210351758,0.0016996038398094957,356237.61016735336,False,0.018888141486368193,1.316930425303093,1.2980422838167247,True,0.0062,maximum_positive_delta,0.01455125285351265,local_refine
0.5,0.15,0.3554335980792717,0.025957443647854364,0.03889362096665409,656114.7092920002,490.15818069250787,0.005517055339760831,1.210962214553506,True,199.1,4.934324659231722,40.35,0.00023076206467217996,0.001701709916438751,356237.61016735336,False,0.018886860722489907,1.3169222970414443,1.2980354363189543,True,0.0062,maximum_positive_delta,0.014550342921338406,local_refine
0.5,0.15,0.3554700670603287,0.02595752518467083,0.03889378872013401,661070.2375944583,495.6449753541388,0.005475698276127322,1.197556851148981,True,199.6,4.928395061728395,40.5,0.00023018400338793105,0.0016954072871186083,356237.61016735336,False,0.01888660768058159,1.3169425953756004,1.2980559876950188,True,0.0062,maximum_positive_delta,0.014549917614970428,local_refine
0.5,0.0,0.3539480613960771,0.025957627316712747,0.038890101146821406,484823.3291800769,266.53444392528326,0.00746626851995101,1.8228194628786627,True,180.0,5.0,36.0,0.0002552484837568391,0.001994128779350305,356237.61016735336,False,0.018886290723871824,1.316086952374848,1.2972006616509761,True,0.0062,registered_coarse_grid,0.01455926695245038,coarse
0.5,0.0,0.35459708868985834,0.02595775559275614,0.03889183805165841,552382.0302382787,338.87510029157835,0.006553111727464395,1.433696873852676,True,188.0,4.82051282051282,39.0,0.00024438684615016515,0.0018407342578618203,356237.61016735336,False,0.018885892632717782,1.3164516860518611,1.2975657934191434,True,0.0062,registered_coarse_grid,0.014554863212718192,coarse
0.5,0.15,0.35545717968693175,0.025957930224515556,0.038894140376731036,659085.0430138736,493.8115186141732,0.0054921913321569005,1.202003221064355,True,199.4,4.929542645241038,40.45,0.00023041488002121898,0.00169750296979737,356237.61016735336,False,0.018885350683075508,1.31693448496665,1.2980491342835745,True,0.0062,maximum_positive_delta,0.014549026060942447,local_refine
0.5,0.15,0.3554442897853348,0.025958340049390283,0.038894496561004605,657103.8267778099,491.9825889255832,0.005508750691873608,1.206471629959854,True,199.2,4.930693069306931,40.4,0.0002306462202622041,0.0016996038398094957,356237.61016735336,False,0.01888407884572585,1.3169263626624506,1.2980422838167247,True,0.0062,maximum_positive_delta,0.014548123032016852,local_refine
0.5,0.15,0.3554313973721053,0.025958754675744645,0.038894857288599795,655126.5848959505,490.15818069250787,0.005525376688796666,1.210962214553506,True,199.0,4.931846344485749,40.35,0.0002308780255086988,0.001701709916438751,356237.61016735336,False,0.01888279211783539,1.3169182284367897,1.2980354363189543,True,0.0062,maximum_positive_delta,0.014547208488686817,local_refine
0.5,0.15,0.35546787424952064,0.0259588314180085,0.03889502050197413,660077.1427617068,495.6449753541388,0.0054839365369478334,1.197556851148981,True,199.5,4.925925925925926,40.5,0.00023029938384075706,0.0016954072871186083,356237.61016735336,False,0.01888255396137728,1.3169385416563961,1.2980559876950188,True,0.0062,maximum_positive_delta,0.01454679469943925,local_refine
0.5,0.0,0.3555047992731733,0.025959058447897736,0.038895327162389415,665052.5777504478,454.2042616848314,0.005442909751044292,1.0696600910620055,True,200.0,4.651162790697675,43.0,0.0002297236353811553,0.001669503164107232,356237.61016735336,False,0.018881849415102403,1.3169587806122225,1.29807693119712,True,0.0062,registered_coarse_grid,0.014546017236196527,coarse
0.5,0.15,0.35545498372269113,0.025959238383537118,0.03889537397695379,658093.9378521715,493.8115186141732,0.005500462703256476,1.202003221064355,True,199.3,4.927070457354759,40.45,0.00023053049210351758,0.00169750296979737,356237.61016735336,False,0.01888129101951841,1.316930425303093,1.2980491342835745,True,0.0062,maximum_positive_delta,0.014545898549471675,local_refine
0.5,0.15,0.3554420906608506,0.025959650138466545,0.03889573198369429,656114.7092920002,491.9825889255832,0.005517055339760831,1.206471629959854,True,199.1,4.928217821782178,40.4,0.00023076206467217996,0.0016996038398094957,356237.61016735336,False,0.01888001322471955,1.3169222970414443,1.2980422838167247,True,0.0062,maximum_positive_delta,0.0145449909144757,local_refine
0.5,0.15,0.35546567986284644,0.025960138641447767,0.03889625320598346,659085.0430138736,495.6449753541388,0.0054921913321569005,1.197556851148981,True,199.4,4.923456790123457,40.5,0.00023041488002121898,0.0016954072871186083,356237.61016735336,False,0.018878497271631156,1.31693448496665,1.2980559876950188,True,0.0062,maximum_positive_delta,0.014543669495453767,local_refine
0.5,0.15,0.3554527861791812,0.02596054753487286,0.038896608501400476,657103.8267778099,493.8115186141732,0.005508750691873608,1.202003221064355,True,199.2,4.924598269468479,40.45,0.0002306462202622041,0.00169750296979737,356237.61016735336,False,0.018877228378876065,1.3169263626624506,1.2980491342835745,True,0.0062,maximum_positive_delta,0.01454276874449354,local_refine
0.5,0.15,0.35543988995368414,0.025960961222076348,0.03889696833266887,655126.5848959505,491.9825889255832,0.005525376688796666,1.206471629959854,True,199.0,4.925742574257426,40.4,0.0002308780255086988,0.0016996038398094957,356237.61016735336,False,0.018875944620065033,1.3169182284367897,1.2980422838167247,True,0.0062,maximum_positive_delta,0.014541856498359028,local_refine
0.5,0.0,0.3543712688228151,0.02596107235987794,0.0388944191831896,526357.9409498974,313.47046482913544,0.006877109432152781,1.5498881917930254,True,185.0,4.868421052631579,38.0,0.0002483498760877355,0.0018891746330687103,356237.61016735336,False,0.01887559973772457,1.3163175564167913,1.2974419566790667,True,0.0062,registered_coarse_grid,0.01454831920653974,coarse
0.5,0.15,0.35522087100401517,0.02596118216834617,0.03889663410975428,625942.1657580995,459.8296010349775,0.005782996191047409,1.2908325924145263,True,196.0,4.962025316455696,39.5,0.00023441187283791362,0.0017383289905899657,356237.61016735336,False,0.01887525898129061,1.3167947664142974,1.2979195074330068,True,0.0062,registered_coarse_grid,0.014542703821920076,coarse
0.5,0.15,0.3554634838986058,0.025961446856114418,0.038897486833198325,658093.9378521715,495.6449753541388,0.005500462703256476,1.197556851148981,True,199.3,4.920987654320988,40.5,0.00023053049210351758,0.0016954072871186083,356237.61016735336,False,0.018874437608074057,1.316930425303093,1.2980559876950188,True,0.0062,maximum_positive_delta,0.014540542000495474,local_refine
0.5,0.0,0.35404691705511304,0.02596168601824798,0.03889419376535102,492948.69218031585,277.79500432013543,0.0073432006572216645,1.7489305579975556,True,181.0,4.958904109589041,36.5,0.000253838271139398,0.001966811946756465,356237.61016735336,False,0.01887369544904227,1.3161337980495866,1.2972601026005444,True,0.0062,registered_coarse_grid,0.014548890705269695,coarse
0.5,0.15,0.35545058705469695,0.025961857679651923,0.03889784395111048,656114.7092920002,493.8115186141732,0.005517055339760831,1.202003221064355,True,199.1,4.9221260815822,40.45,0.00023076206467217996,0.00169750296979737,356237.61016735336,False,0.018873162757869766,1.3169222970414443,1.2980491342835745,True,0.0062,maximum_positive_delta,0.014539636643482168,local_refine
0.5,0.0,0.3549254099724002,0.025962563220513848,0.03889720882508937,588395.9574286205,379.49923754205366,0.006152015687215494,1.2802243689902266,True,192.0,4.7407407407407405,40.5,0.00023929545352203665,0.0017725589149780489,356237.61016735336,False,0.018870973376880817,1.3166258105285231,1.2977548371516423,True,0.0062,registered_coarse_grid,0.01454124680305526,coarse
0.5,0.15,0.3554612863550959,0.025962756063136055,0.038898721384656706,657103.8267778099,495.6449753541388,0.005508750691873608,1.197556851148981,True,199.2,4.9185185185185185,40.5,0.0002306462202622041,0.0016954072871186083,356237.61016735336,False,0.018870374967431713,1.3169263626624506,1.2980559876950188,True,0.0062,maximum_positive_delta,0.014537412212041929,local_refine
0.5,0.0,0.3551527068433301,0.025962794032475662,0.038897991756752494,616410.2165559197,408.3101050473303,0.005872422395300567,1.1898901494446972,True,195.0,4.698795180722891,41.5,0.00023561398500631303,0.0017298466519665298,356237.61016735336,False,0.018870257145132685,1.3167529993590734,1.2978827422139407,True,0.0062,registered_coarse_grid,0.014539261931277105,coarse
0.5,0.15,0.3554483863475305,0.02596316881900541,0.038899080327125024,655126.5848959505,493.8115186141732,0.005525376688796666,1.202003221064355,True,199.0,4.91965389369592,40.45,0.0002308780255086988,0.00169750296979737,356237.61016735336,False,0.01886909415321525,1.3169182284367897,1.2980491342835745,True,0.0062,maximum_positive_delta,0.014536502243907408,local_refine
0.5,0.0,0.3546984351333256,0.02596374162381126,0.03889776147975273,561243.6064420869,352.0765702655546,0.006449643468265634,1.3799389477922337,True,189.0,4.784810126582278,39.5,0.00024309379405413242,0.0018174338242179999,356237.61016735336,False,0.01886731671131625,1.3164957146535166,1.2976283979422003,True,0.0062,registered_coarse_grid,0.014539845722578468,coarse
0.5,0.15,0.35545908723061165,0.025964066263641866,0.038899956861398036,656114.7092920002,495.6449753541388,0.005517055339760831,1.197556851148981,True,199.1,4.916049382716049,40.5,0.00023076206467217996,0.0016954072871186083,356237.61016735336,False,0.018866309346425414,1.3169222970414443,1.2980559876950188,True,0.0062,maximum_positive_delta,0.014534280127567268,local_refine
0.5,0.0,0.3553801382346754,0.02596434086773395,0.03890002116907411,645299.8511386822,438.54344933024316,0.0056095180465447125,1.1078586914399107,True,198.0,4.658823529411765,42.5,0.00023204407614258105,0.0016891443778026115,356237.61016735336,False,0.018865457248503192,1.3168773775637244,1.2980119203152212,True,0.0062,registered_coarse_grid,0.014534117101113934,coarse
0.5,0.15,0.3554568865234452,0.025965377458762998,0.0389011932644635,655126.5848959505,495.6449753541388,0.005525376688796666,1.197556851148981,True,199.0,4.91358024691358,40.5,0.0002308780255086988,0.0016954072871186083,356237.61016735336,False,0.018862240741770897,1.3169182284367897,1.2980559876950188,True,0.0062,registered_coarse_grid,0.014531145744541354,coarse
0.5,0.15,0.3554568865234452,0.025965377458762998,0.0389011932644635,655126.5848959505,495.6449753541388,0.005525376688796666,1.197556851148981,True,199.0,4.91358024691358,40.5,0.0002308780255086988,0.0016954072871186083,356237.61016735336,False,0.018862240741770897,1.3169182284367897,1.2980559876950188,True,0.0062,maximum_positive_delta,0.014531145744541354,local_refine
0.5,0.0,0.35414634722282684,0.02596606060569097,0.03889858665371106,501164.336067983,289.3683382233233,0.007222822734744689,1.678981794959171,True,182.0,4.918918918918919,37.0,0.0002524435553639069,0.001940233406935432,356237.61016735336,False,0.01886012099517087,1.3161802770366515,1.2973201560414807,True,0.0062,registered_coarse_grid,0.014537753774456761,coarse
0.5,0.15,0.3550915613821594,0.02596637319642671,0.038901230389954265,606975.5312932351,442.5878213089645,0.00596370195134981,1.3411192251459598,True,194.0,4.9743589743589745,39.0,0.00023682849008366515,0.0017606152597000933,356237.61016735336,False,0.01885915106210123,1.3167109200466673,1.2978517689845661,True,0.0062,registered_coarse_grid,0.01453105162915219,coarse
0.5,0.0,0.3544719908530318,0.025966430105383728,0.03889974612928723,534939.6962816181,326.00782666897436,0.006766783593658387,1.4902837667387354,True,186.0,4.8311688311688314,38.5,0.00024701466170016676,0.0018646398975743113,356237.61016735336,False,0.018858974480786772,1.3163626108721385,1.2975036363913517,True,0.0062,registered_coarse_grid,0.014534814355694451,coarse
0.5,0.0,0.3550275527745923,0.025969352784144823,0.03890389401898296,597637.6111806135,393.7290039817911,0.006056883122272406,1.2339557589133483,True,193.0,4.7073170731707314,41.0,0.00023805558070586033,0.0017509423428441703,356237.61016735336,False,0.018849906037430975,1.3166685249598413,1.2978186189224103,True,0.0062,registered_coarse_grid,0.014524299283887767,coarse
0.5,0.15,0.3553277094535953,0.025969762239185765,0.0389050259938665,635571.87768921,477.5134537631065,0.005695376537986348,1.243028926819268,True,197.0,4.925,40.0,0.00023322196485396464,0.0017165998782075903,356237.61016735336,False,0.018848635627290555,1.316836224677703,1.2979875890504124,True,0.0062,registered_coarse_grid,0.014521429778138268,coarse
0.5,0.0,0.35480013492855916,0.025969971121815136,0.03890391561745301,570199.4538487908,365.6165211595107,0.0063483420335842386,1.328835388438545,True,190.0,4.75,40.0,0.000241814353032795,0.0017947159014152746,356237.61016735336,False,0.01884798753408279,1.3165394090820086,1.2976914215479258,True,0.0062,registered_coarse_grid,0.01452424453234062,coarse
0.5,0.0,0.35525518805137857,0.025970101532623528,0.038905167616027025,625942.1657580995,423.24682530727847,0.005782996191047409,1.147897970792394,True,196.0,4.666666666666667,42.0,0.00023441187283791362,0.0017092532394431187,356237.61016735336,False,0.01884758291411348,1.3167947664142974,1.297947183500184,True,0.0062,registered_coarse_grid,0.01452107077522759,coarse
0.5,0.0,0.3542463093705769,0.025970738052005518,0.03890326728958194,509470.7596325149,301.25873020345415,0.007105061658506291,1.6127140003094165,True,183.0,4.88,37.5,0.0002510640823837762,0.001914363628176293,356237.61016735336,False,0.018845608027564076,1.316226393623516,1.2973807855959518,True,0.0062,registered_coarse_grid,0.014525888032870277,coarse
0.5,0.0,0.35457313184165296,0.025972053739288813,0.03890532531617085,543614.2264479337,338.87510029157835,0.0066588050574900755,1.433696873852676,True,187.0,4.794871794871795,39.0,0.0002456937276803799,0.0018407342578618203,356237.61016735336,False,0.01884152600843847,1.3164073194275818,1.2975657934191434,True,0.0062,registered_coarse_grid,0.014520671016450128,coarse
0.5,0.15,0.3549620545717409,0.025972091331983697,0.038906325679692176,588395.9574286205,425.7825187242824,0.006152015687215494,1.394052150734919,True,192.0,4.987012987012987,38.5,0.00023929545352203665,0.0017834803929429504,356237.61016735336,False,0.018841409375783824,1.3166258105285231,1.2977844011527393,True,0.0062,registered_coarse_grid,0.014518135184124727,coarse
0.5,0.0,0.3554828632177979,0.025972127475392508,0.038907650456986825,655126.5848959505,454.2042616848314,0.005525376688796666,1.0696600910620055,True,199.0,4.627906976744186,43.0,0.0002308780255086988,0.001669503164107232,356237.61016735336,False,0.018841297239669652,1.3169182284367897,1.29807693119712,True,0.0062,registered_coarse_grid,0.0145147770419845,coarse
0.5,0.0,0.35392259816285343,0.02597284406708085,0.03890445862744069,476787.74827783485,266.53444392528326,0.0075921018807003915,1.8228194628786627,True,179.0,4.972222222222222,36.0,0.0002566744529398382,0.001994128779350305,356237.61016735336,False,0.018839074006504752,1.316039735657481,1.2972006616509761,True,0.0062,registered_coarse_grid,0.014522868021457717,coarse
0.5,0.15,0.3555640258094977,0.025974446628592853,0.03891004769780634,665052.5777504478,514.229761668861,0.005442909751044292,1.1542759292005793,True,200.0,4.878048780487805,41.0,0.0002297236353811553,0.00167473158849521,356237.61016735336,False,0.0188341021537346,1.3169587806122225,1.298124678458488,True,0.0062,registered_coarse_grid,0.014508700486381584,coarse
0.5,0.15,0.35519829074083614,0.025974643324745222,0.038909328373952785,616410.2165559197,459.8296010349775,0.005872422395300567,1.2908325924145263,True,195.0,4.936708860759493,39.5,0.00023561398500631303,0.0017383289905899657,356237.61016735336,False,0.018833491926066648,1.3167529993590734,1.2979195074330068,True,0.0062,registered_coarse_grid,0.014510523817701966,coarse
0.5,0.0,0.35434676313541474,0.02597570593014993,0.0389082237261891,517868.4616633415,313.47046482913544,0.00698984670502728,1.5498881917930254,True,184.0,4.842105263157895,38.0,0.0002496996036751686,0.0018891746330687103,356237.61016735336,False,0.018830195352386392,1.316272152031453,1.2974419566790667,True,0.0062,registered_coarse_grid,0.014513323895108319,coarse
0.5,0.0,0.3551299610921582,0.025976356260719195,0.03891078151859166,606975.5312932351,408.3101050473303,0.00596370195134981,1.1898901494446972,True,194.0,4.674698795180723,41.5,0.00023682849008366515,0.0017298466519665298,356237.61016735336,False,0.01882817783272661,1.3167109200466673,1.2978827422139407,True,0.0062,registered_coarse_grid,0.01450684042582254,coarse
0.5,0.0,0.3549021566903484,0.02597643422137709,0.0389102909741647,579250.0712478244,379.49923754205366,0.006249150997249273,1.2802243689902266,True,191.0,4.716049382716049,40.5,0.00024054830929963895,0.0017725589149780489,356237.61016735336,False,0.01882793597717658,1.3165827731288189,1.2977548371516423,True,0.0062,registered_coarse_grid,0.014508083836929317,coarse
0.5,0.0,0.3540216497658745,0.025976784353674898,0.03890843850704699,484823.3291800769,277.79500432013543,0.00746626851995101,1.7489305579975556,True,180.0,4.931506849315069,36.5,0.0002552484837568391,0.001966811946756465,356237.61016735336,False,0.0188268497743036,1.316086952374848,1.2972601026005444,True,0.0062,registered_coarse_grid,0.014512779462316364,coarse
0.5,0.0,0.35535788357308434,0.02597760486423789,0.03891252840769602,635571.87768921,438.54344933024316,0.005695376537986348,1.1078586914399107,True,197.0,4.635294117647059,42.5,0.00023322196485396464,0.0016891443778026115,356237.61016735336,False,0.018824304362481836,1.316836224677703,1.2980119203152212,True,0.0062,registered_coarse_grid,0.01450241254942433,coarse
0.5,0.0,0.35467465714022994,0.025977932455781397,0.038911146351283434,552382.0302382787,352.0765702655546,0.006553111727464395,1.3799389477922337,True,188.0,4.7594936708860756,39.5,0.00024438684615016515,0.0018174338242179999,356237.61016735336,False,0.01882328810966083,1.3164516860518611,1.2976283979422003,True,0.0062,registered_coarse_grid,0.014505915668546634,coarse
0.5,0.15,0.3548323711604615,0.02597835531960405,0.03891193779129662,570199.4538487908,409.4080974201435,0.0063483420335842386,1.449807758354592,True,190.0,5.0,38.0,0.000241814353032795,0.0018069472402185167,356237.61016735336,False,0.018821976313133648,1.3165394090820086,1.297717432768875,True,0.0062,registered_coarse_grid,0.014503909586059991,coarse
0.5,0.15,0.35543479202682327,0.025978544363855823,0.0389136084730921,645299.8511386822,495.6449753541388,0.0056095180465447125,1.197556851148981,True,198.0,4.888888888888889,40.5,0.00023204407614258105,0.0016954072871186083,356237.61016735336,False,0.018821389868705518,1.3168773775637244,1.2980559876950188,True,0.0062,registered_coarse_grid,0.01449967493476687,coarse
0.5,0.15,0.3550686483165026,0.025980038154333977,0.03891411698146835,597637.6111806135,442.5878213089645,0.006056883122272406,1.3411192251459598,True,193.0,4.948717948717949,39.0,0.00023805558070586033,0.0017606152597000933,356237.61016735336,False,0.018816755975275212,1.3166685249598413,1.2978517689845661,True,0.0062,registered_coarse_grid,0.0144983860444998,coarse
0.5,0.0,0.35558575600386366,0.025980093278546626,0.03891544869029782,665052.5777504478,470.23354693965086,0.005442909751044292,1.0331975995257958,True,200.0,4.597701149425287,43.5,0.0002297236353811553,0.00165031347256577,356237.61016735336,False,0.018816584976782957,1.3169587806122225,1.2981421956354395,True,0.0062,registered_coarse_grid,0.014495010669899883,coarse
0.5,0.0,0.35444767018847784,0.025980952377565387,0.03891344455845132,526357.9409498974,326.00782666897436,0.006877109432152781,1.4902837667387354,True,185.0,4.805194805194805,38.5,0.0002483498760877355,0.0018646398975743113,356237.61016735336,False,0.01881392002543958,1.3163175564167913,1.2975036363913517,True,0.0062,registered_coarse_grid,0.014500090402648354,coarse
0.5,0.0,0.3541212736263588,0.025981042002691017,0.038912720027316605,492948.69218031585,289.3683382233233,0.0073432006572216645,1.678981794959171,True,181.0,4.891891891891892,37.0,0.000253838271139398,0.001940233406935432,356237.61016735336,False,0.01881364200810598,1.3161337980495866,1.2973201560414807,True,0.0062,registered_coarse_grid,0.01450192685320803,coarse
0.5,0.0,0.355004470541094,0.02598312147790844,0.038916878464051036,588395.9574286205,393.7290039817911,0.006152015687215494,1.2339557589133483,True,192.0,4.682926829268292,41.0,0.00023929545352203665,0.0017509423428441703,356237.61016735336,False,0.018807191606112772,1.3166258105285231,1.2978186189224103,True,0.0062,registered_coarse_grid,0.014491386802362675,coarse
0.5,0.15,0.3553052928783042,0.02598312606939805,0.038917627097383056,625942.1657580995,477.5134537631065,0.005782996191047409,1.243028926819268,True,196.0,4.9,40.0,0.00023441187283791362,0.0017165998782075903,356237.61016735336,False,0.01880717736388493,1.3167947664142974,1.2979875890504124,True,0.0062,registered_coarse_grid,0.014489489362254972,coarse
0.5,0.0,0.35523260778819954,0.02598356500091823,0.03891786300179763,616410.2165559197,423.24682530727847,0.005872422395300567,1.147897970792394,True,195.0,4.642857142857143,42.0,0.00023561398500631303,0.0017092532394431187,356237.61016735336,False,0.01880581585888952,1.3167529993590734,1.297947183500184,True,0.0062,registered_coarse_grid,0.014488891457182206,coarse
0.5,0.0,0.354776533795335,0.0259840559211883,0.03891719929577219,561243.6064420869,365.6165211595107,0.006449643468265634,1.328835388438545,True,189.0,4.725,40.0,0.00024309379405413242,0.0017947159014152746,356237.61016735336,False,0.01880429310559073,1.3164957146535166,1.2976914215479258,True,0.0062,registered_coarse_grid,0.014490573639733549,coarse
0.5,0.0,0.3537983016045969,0.02598469853364969,0.03891538342268785,460983.93760960625,255.58237247015938,0.007852380235123455,1.9009298928519522,True,177.0,4.985915492957746,35.5,0.00025957472924424327,0.002022215100186225,356237.61016735336,False,0.018802299849998816,1.3159441713297422,1.2971418714797434,True,0.0062,registered_coarse_grid,0.0144951760970831,coarse
0.5,0.0,0.35546076872117593,0.025985296091606023,0.038920066495545344,645299.8511386822,454.2042616848314,0.0056095180465447125,1.0696600910620055,True,198.0,4.604651162790698,43.0,0.00023204407614258105,0.001669503164107232,356237.61016735336,False,0.018800446366604273,1.3168773775637244,1.29807693119712,True,0.0062,registered_coarse_grid,0.014483306739968036,coarse
0.5,0.0,0.3542214272497839,0.025985603959777046,0.03891729064243133,501164.336067983,301.25873020345415,0.007222822734744689,1.6127140003094165,True,182.0,4.8533333333333335,37.5,0.0002524435553639069,0.001914363628176293,356237.61016735336,False,0.0187994914406997,1.3161802770366515,1.2973807855959518,True,0.0062,registered_coarse_grid,0.014490342118073034,coarse
0.5,0.15,0.35493880128968913,0.0259859648775624,0.038919409063591086,579250.0712478244,425.7825187242824,0.006249150997249273,1.394052150734919,True,191.0,4.961038961038961,38.5,0.00024054830929963895,0.0017834803929429504,356237.61016735336,False,0.018798371976079586,1.3165827731288189,1.2977844011527393,True,0.0062,registered_coarse_grid,0.014484972973463225,coarse
0.5,0.0,0.35454899411313456,0.02598646606328298,0.038918918891611226,534939.6962816181,338.87510029157835,0.006766783593658387,1.433696873852676,True,186.0,4.769230769230769,39.0,0.00024701466170016676,0.0018407342578618203,356237.61016735336,False,0.018796817452995107,1.3163626108721385,1.2975657934191434,True,0.0062,registered_coarse_grid,0.014486215302782188,coarse
0.5,0.15,0.35554208975412227,0.025987519528598263,0.03892237287057512,655126.5848959505,514.229761668861,0.005525376688796666,1.1542759292005793,True,199.0,4.853658536585366,41.0,0.0002308780255086988,0.00167473158849521,356237.61016735336,False,0.01879354997830185,1.3169182284367897,1.298124678458488,True,0.0062,registered_coarse_grid,0.014477461441237703,coarse
0.5,0.0,0.3538969366996637,0.025988186332900686,0.03891893295990797,468841.4506841558,266.53444392528326,0.007720778858423971,1.8228194628786627,True,178.0,4.944444444444445,36.0,0.00025811644424848904,0.001994128779350305,356237.61016735336,False,0.01879148182276258,1.3159921434737387,1.2972006616509761,True,0.0062,registered_coarse_grid,0.014486179646906934,coarse
0.5,0.15,0.35517554498966425,0.025988208647099033,0.038922119636888956,606975.5312932351,459.8296010349775,0.00596370195134981,1.2908325924145263,True,194.0,4.9113924050632916,39.5,0.00023682849008366515,0.0017383289905899657,356237.61016735336,False,0.018791412613660574,1.3167109200466673,1.2979195074330068,True,0.0062,registered_coarse_grid,0.014478103230627735,coarse
0.5,0.0,0.3551070480265014,0.02599002384485196,0.03892366938425762,597637.6111806135,408.3101050473303,0.006056883122272406,1.1898901494446972,True,193.0,4.650602409638554,41.5,0.00023805558070586033,0.0017298466519665298,356237.61016735336,False,0.018785782745900592,1.3166685249598413,1.2978827422139407,True,0.0062,registered_coarse_grid,0.014474175620715648,coarse
0.5,0.0,0.35487873045117657,0.02599041424767523,0.03892347463936687,570199.4538487908,379.49923754205366,0.0063483420335842386,1.2802243689902266,True,190.0,4.691358024691358,40.5,0.000241814353032795,0.0017725589149780489,356237.61016735336,False,0.01878457193036631,1.3165394090820086,1.2977548371516423,True,0.0062,registered_coarse_grid,0.014474669169097723,coarse
0.5,0.0,0.3543220703066886,0.025990457771318275,0.03892213838267568,509470.7596325149,313.47046482913544,0.007105061658506291,1.5498881917930254,True,183.0,4.815789473684211,38.0,0.0002510640823837762,0.0018891746330687103,356237.61016735336,False,0.0187844369444492,1.316226393623516,1.2974419566790667,True,0.0062,registered_coarse_grid,0.014478055721683194,coarse
0.5,0.0,0.3553354669977932,0.025990970711914144,0.03892513048979907,625942.1657580995,438.54344933024316,0.005782996191047409,1.1078586914399107,True,196.0,4.6117647058823525,42.5,0.00023441187283791362,0.0016891443778026115,356237.61016735336,False,0.01878284609907621,1.3167947664142974,1.2980119203152212,True,0.0062,registered_coarse_grid,0.014470472732264903,coarse
0.5,0.15,0.3554125373652322,0.02599181198735948,0.03892611747094749,635571.87768921,495.6449753541388,0.005695376537986348,1.197556851148981,True,197.0,4.864197530864198,40.5,0.00023322196485396464,0.0016954072871186083,356237.61016735336,False,0.018780236982684162,1.316836224677703,1.2980559876950188,True,0.0062,registered_coarse_grid,0.014467971459407205,coarse
0.5,0.0,0.35399618653265086,0.02599200671725603,0.038922798713775186,476787.74827783485,277.79500432013543,0.0075921018807003915,1.7489305579975556,True,179.0,4.904109589041096,36.5,0.0002566744529398382,0.001966811946756465,356237.61016735336,False,0.01877963305693653,1.316039735657481,1.2972601026005444,True,0.0062,registered_coarse_grid,0.014476382199136514,coarse
0.5,0.0,0.35465070029202456,0.025992236157416776,0.038924636312128405,543614.2264479337,352.0765702655546,0.0066588050574900755,1.3799389477922337,True,187.0,4.734177215189874,39.5,0.0002456937276803799,0.0018174338242179999,356237.61016735336,False,0.018778921485381517,1.3164073194275818,1.2976283979422003,True,0.0062,registered_coarse_grid,0.014471725121892699,coarse
0.5,0.15,0.3548087700272374,0.025992442392068084,0.03892522257270149,561243.6064420869,409.4080974201435,0.006449643468265634,1.449807758354592,True,189.0,4.973684210526316,38.0,0.00024309379405413242,0.0018069472402185167,356237.61016735336,False,0.01877828188464159,1.3164957146535166,1.297717432768875,True,0.0062,registered_coarse_grid,0.014470239368346394,coarse
0.5,0.0,0.3555638199484883,0.025993167599271304,0.03892777455203916,655126.5848959505,470.23354693965086,0.005525376688796666,1.0331975995257958,True,199.0,4.574712643678161,43.5,0.0002308780255086988,0.00165031347256577,356237.61016735336,False,0.018776032801350206,1.3169182284367897,1.2981421956354395,True,0.0062,registered_coarse_grid,0.014463772046296787,coarse
0.5,0.15,0.3550455660830043,0.025993809680069698,0.038927102800551186,588395.9574286205,442.5878213089645,0.006152015687215494,1.3411192251459598,True,192.0,4.923076923076923,39.0,0.00023929545352203665,0.0017606152597000933,356237.61016735336,False,0.01877404154395701,1.3166258105285231,1.2978517689845661,True,0.0062,registered_coarse_grid,0.014465474403633738,coarse
0.5,0.0,0.35442316450107747,0.025995591548896226,0.038927251820566604,517868.4616633415,326.00782666897436,0.00698984670502728,1.4902837667387354,True,184.0,4.779220779220779,38.5,0.0002496996036751686,0.0018646398975743113,356237.61016735336,False,0.018768515640101402,1.316272152031453,1.2975036363913517,True,0.0062,registered_coarse_grid,0.014465096754796656,coarse
0.5,0.0,0.3540960063371203,0.025996145964605855,0.03892696750124686,484823.3291800769,289.3683382233233,0.00746626851995101,1.678981794959171,True,180.0,4.864864864864865,37.0,0.0002552484837568391,0.001940233406935432,356237.61016735336,False,0.018766796333367308,1.316086952374848,1.2973201560414807,True,0.0062,registered_coarse_grid,0.0144658172818578,coarse
0.5,0.15,0.3552827126151252,0.02599659291293445,0.038930324120395314,616410.2165559197,477.5134537631065,0.005872422395300567,1.243028926819268,True,195.0,4.875,40.0,0.00023561398500631303,0.0017165998782075903,356237.61016735336,False,0.018765410308660968,1.3167529993590734,1.2979875890504124,True,0.0062,registered_coarse_grid,0.014457311045931842,coarse
0.5,0.15,0.3556495750692025,0.025996679107343736,0.038931310883547,665052.5777504478,533.2734085680573,0.005442909751044292,1.1130557542082378,True,200.0,4.819277108433735,41.5,0.0002297236353811553,0.0016545540994771961,356237.61016735336,False,0.01876514301385157,1.3169587806122225,1.298193637598371,True,0.0062,registered_coarse_grid,0.01445481049234432,coarse
0.5,0.0,0.3549812172590422,0.025996997968774804,0.038929963276993815,579250.0712478244,393.7290039817911,0.006249150997249273,1.2339557589133483,True,191.0,4.658536585365853,41.0,0.00024054830929963895,0.0017509423428441703,356237.61016735336,False,0.018764154206408534,1.3165827731288189,1.2978186189224103,True,0.0062,registered_coarse_grid,0.014458225466042834,coarse
0.5,0.0,0.35520986203702765,0.025997132652451797,0.03893065539460163,606975.5312932351,423.24682530727847,0.00596370195134981,1.147897970792394,True,194.0,4.619047619047619,42.0,0.00023682849008366515,0.0017092532394431187,356237.61016735336,False,0.018763736546483445,1.3167109200466673,1.297947183500184,True,0.0062,registered_coarse_grid,0.014456471561410639,coarse
0.5,0.0,0.3536740582479292,0.02599727458202331,0.03892699197055874,445533.26986016444,244.93450538615653,0.008124693272695837,1.9835676935292568,True,175.0,5.0,35.0,0.0002625412975784631,0.0020511038873317422,356237.61016735336,False,0.01876329641789587,1.3158470688265471,1.2970837724086512,True,0.0062,registered_coarse_grid,0.014465755271190319,coarse
0.5,0.0,0.35475275580223936,0.0259982523028409,0.038930586860644587,552382.0302382787,365.6165211595107,0.006553111727464395,1.328835388438545,True,188.0,4.7,40.0,0.00024438684615016515,0.0017947159014152746,356237.61016735336,False,0.01876026450393531,1.3164516860518611,1.2976914215479258,True,0.0062,registered_coarse_grid,0.014456645233546735,coarse
0.5,0.0,0.35543851405958493,0.025998565438880787,0.03893257632940175,635571.87768921,454.2042616848314,0.005695376537986348,1.0696600910620055,True,197.0,4.5813953488372094,43.0,0.00023322196485396464,0.001669503164107232,356237.61016735336,False,0.018759293480582917,1.316836224677703,1.29807693119712,True,0.0062,registered_coarse_grid,0.014451603776120273,coarse
0.5,0.15,0.35467857624025584,0.02599949038335802,0.03893157620348941,543614.2264479337,393.4589615357631,0.0066588050574900755,1.508576736074584,True,187.0,4.986666666666666,37.5,0.0002456937276803799,0.0018310398700880966,356237.61016735336,False,0.01875642529589583,1.3164073194275818,1.297650894131686,True,0.0062,registered_coarse_grid,0.014454138151267995,coarse
0.5,0.15,0.3549153750505173,0.025999947467889997,0.0389325939728876,570199.4538487908,425.7825187242824,0.0063483420335842386,1.394052150734919,True,190.0,4.935064935064935,38.5,0.000241814353032795,0.0017834803929429504,356237.61016735336,False,0.01875500792926932,1.3165394090820086,1.2977844011527393,True,0.0062,registered_coarse_grid,0.014451559066829928,coarse
0.5,0.0,0.3537722366811489,0.02600029083988105,0.038930093013468635,453214.7102647532,255.58237247015938,0.007986989562365428,1.9009298928519522,True,176.0,4.957746478873239,35.5,0.0002610495856604038,0.002022215100186225,356237.61016735336,False,0.01875394318036472,1.315895814660108,1.2971418714797434,True,0.0062,registered_coarse_grid,0.014457896697892221,coarse
0.5,0.0,0.3541963536533158,0.02600059099277765,0.038931426752560803,492948.69218031585,301.25873020345415,0.0073432006572216645,1.6127140003094165,True,181.0,4.826666666666667,37.5,0.000253838271139398,0.001914363628176293,356237.61016735336,False,0.01875301245363481,1.3161337980495866,1.2973807855959518,True,0.0062,registered_coarse_grid,0.014454516871097806,coarse
0.5,0.15,0.35551999525750033,0.026000692045846405,0.038934790800994,645299.8511386822,514.229761668861,0.0056095180465447125,1.1542759292005793,True,198.0,4.829268292682927,41.0,0.00023204407614258105,0.00167473158849521,356237.61016735336,False,0.01875269910523647,1.3168773775637244,1.298124678458488,True,0.0062,registered_coarse_grid,0.014445992296753146,coarse
0.5,0.0,0.3545246734485806,0.026000993936366706,0.0389326200394653,526357.9409498974,338.87510029157835,0.006877109432152781,1.433696873852676,True,185.0,4.743589743589744,39.0,0.0002483498760877355,0.0018407342578618203,356237.61016735336,False,0.018751762997647914,1.3163175564167913,1.2975657934191434,True,0.0062,registered_coarse_grid,0.014451493013110486,coarse
0.5,0.0,0.3556670147881714,0.026001212075868505,0.03893564554282085,665052.5777504478,486.6355896633086,0.005442909751044292,0.9983736952956762,True,200.0,4.545454545454546,44.0,0.0002297236353811553,0.0016315599103775224,356237.61016735336,False,0.018751086590115262,1.3169587806122225,1.2982076940221072,True,0.0062,registered_coarse_grid,0.014443826420424796,coarse
0.5,0.15,0.3551526319240074,0.02600187934856111,0.0389350090147961,597637.6111806135,459.8296010349775,0.006056883122272406,1.2908325924145263,True,193.0,4.886075949367089,39.5,0.00023805558070586033,0.0017383289905899657,356237.61016735336,False,0.018749017526834555,1.3166685249598413,1.2979195074330068,True,0.0062,registered_coarse_grid,0.014445439350792948,coarse
0.5,0.0,0.35387107468510004,0.02600365567072222,0.03893352557505682,460983.93760960625,266.53444392528326,0.007852380235123455,1.8228194628786627,True,177.0,4.916666666666667,36.0,0.00025957472924424327,0.001994128779350305,356237.61016735336,False,0.018743509678766035,1.3159441713297422,1.2972006616509761,True,0.0062,registered_coarse_grid,0.014449198364508042,coarse
0.5,0.0,0.3550839657930031,0.02600379801659544,0.03893665648698698,588395.9574286205,408.3101050473303,0.006152015687215494,1.1898901494446972,True,192.0,4.626506024096385,41.5,0.00023929545352203665,0.0017298466519665298,356237.61016735336,False,0.01874306831458239,1.3166258105285231,1.2978827422139407,True,0.0062,registered_coarse_grid,0.014441264765267072,coarse
0.5,0.0,0.3553128867346142,0.026004439587941106,0.03893782849860925,616410.2165559197,438.54344933024316,0.005872422395300567,1.1078586914399107,True,195.0,4.588235294117647,42.5,0.00023561398500631303,0.0016891443778026115,356237.61016735336,False,0.01874107904385225,1.3167529993590734,1.2980119203152212,True,0.0062,registered_coarse_grid,0.014438295019125089,coarse
0.5,0.0,0.35485512931795243,0.026004504588865524,0.038936761006845726,561243.6064420869,379.49923754205366,0.006449643468265634,1.2802243689902266,True,189.0,4.666666666666667,40.5,0.00024309379405413242,0.0017725589149780489,356237.61016735336,False,0.018740877501874253,1.3164957146535166,1.2977548371516423,True,0.0062,registered_coarse_grid,0.014440999921839927,coarse
0.5,0.15,0.3553901207899411,0.02600518148894981,0.03893872132520051,625942.1657580995,495.6449753541388,0.005782996191047409,1.197556851148981,True,196.0,4.839506172839506,40.5,0.00023441187283791362,0.0016954072871186083,356237.61016735336,False,0.018738778719278537,1.3167947664142974,1.2980559876950188,True,0.0062,registered_coarse_grid,0.014436032726564685,coarse
0.5,0.0,0.3542971881858957,0.026005329321092938,0.03893616447462634,501164.336067983,313.47046482913544,0.007222822734744689,1.5498881917930254,True,182.0,4.7894736842105265,38.0,0.0002524435553639069,0.0018891746330687103,356237.61016735336,False,0.018738320357584826,1.3161802770366515,1.2974419566790667,True,0.0062,registered_coarse_grid,0.014442511482785282,coarse
0.5,0.0,0.35554172545186635,0.026006341547703392,0.03894019317645214,645299.8511386822,470.23354693965086,0.0056095180465447125,1.0331975995257958,True,198.0,4.551724137931035,43.5,0.00023204407614258105,0.00165031347256577,356237.61016735336,False,0.018735181928284828,1.3168773775637244,1.2981421956354395,True,0.0062,registered_coarse_grid,0.014432303326457986,coarse
0.5,0.15,0.3547849920341417,0.026006641064196055,0.03893861124900399,552382.0302382787,409.4080974201435,0.006553111727464395,1.449807758354592,True,188.0,4.947368421052632,38.0,0.00024438684615016515,0.0018069472402185167,356237.61016735336,False,0.01873425328298617,1.3164516860518611,1.297717432768875,True,0.0062,registered_coarse_grid,0.014436311642214613,coarse
0.5,0.0,0.35462656256350616,0.026006654079326525,0.03893823260445357,534939.6962816181,352.0765702655546,0.006766783593658387,1.3799389477922337,True,186.0,4.708860759493671,39.5,0.00024701466170016676,0.0018174338242179999,356237.61016735336,False,0.018734212929938154,1.3163626108721385,1.2976283979422003,True,0.0062,registered_coarse_grid,0.014437271070552376,coarse
0.5,0.15,0.3545482430777938,0.026007129367391683,0.03893848943258705,526357.9409498974,377.92951521035366,0.006877109432152781,1.5705654416605763,True,185.0,5.0,37.0,0.0002483498760877355,0.001855783652116314,356237.61016735336,False,0.018732739319502034,1.3163175564167913,1.2975848170972892,True,0.0062,registered_coarse_grid,0.014436620306183427,coarse
0.5,0.0,0.35397052506946114,0.026007354640925053,0.03893727579378362,468841.4506841558,277.79500432013543,0.007720778858423971,1.7489305579975556,True,178.0,4.876712328767123,36.5,0.00025811644424848904,0.001966811946756465,356237.61016735336,False,0.018732040873194356,1.3159921434737387,1.2972601026005444,True,0.0062,registered_coarse_grid,0.01443969550566096,coarse
0.5,0.15,0.35502231280095253,0.026007689024321014,0.03894018899778589,579250.0712478244,442.5878213089645,0.006249150997249273,1.3411192251459598,True,191.0,4.897435897435898,39.0,0.00024054830929963895,0.0017606152597000933,356237.61016735336,False,0.018731004144252772,1.3165827731288189,1.2978517689845661,True,0.0062,registered_coarse_grid,0.01443231391432924,coarse
0.5,0.15,0.3556276390138271,0.026009757600235422,0.03894363876832444,655126.5848959505,533.2734085680573,0.005525376688796666,1.1130557542082378,True,199.0,4.795180722891566,41.5,0.0002308780255086988,0.0016545540994771961,356237.61016735336,False,0.01872459083841882,1.3169182284367897,1.298193637598371,True,0.0062,registered_coarse_grid,0.014423573106596711,coarse
0.5,0.15,0.3552599668639533,0.026010163964943555,0.03894311816255086,606975.5312932351,477.5134537631065,0.00596370195134981,1.243028926819268,True,194.0,4.85,40.0,0.00023682849008366515,0.0017165998782075903,356237.61016735336,False,0.018723330996254894,1.3167109200466673,1.2979875890504124,True,0.0062,registered_coarse_grid,0.014424892159371564,coarse
0.5,0.0,0.3543984716723514,0.02601034903479544,0.0389411692171346,509470.7596325149,326.00782666897436,0.007105061658506291,1.4902837667387354,True,183.0,4.753246753246753,38.5,0.0002510640823837762,0.0018646398975743113,356237.61016735336,False,0.01872275723216421,1.316226393623516,1.2975036363913517,True,0.0062,registered_coarse_grid,0.014429830257922355,coarse
0.5,0.0,0.3551869489713708,0.026010805700572414,0.038943545910764786,597637.6111806135,423.24682530727847,0.006056883122272406,1.147897970792394,True,193.0,4.595238095238095,42.0,0.00023805558070586033,0.0017092532394431187,356237.61016735336,False,0.018721341459657426,1.3166685249598413,1.297947183500184,True,0.0062,registered_coarse_grid,0.014423808378066236,coarse
0.5,0.0,0.3549577910198704,0.026010983526744334,0.038943149626063114,570199.4538487908,393.7290039817911,0.0063483420335842386,1.2339557589133483,True,190.0,4.634146341463414,41.0,0.000241814353032795,0.0017509423428441703,356237.61016735336,False,0.018720790159598266,1.3165394090820086,1.2978186189224103,True,0.0062,registered_coarse_grid,0.014424812440387314,coarse
0.5,0.0,0.35407054310389663,0.026011373999239685,0.03894133046160578,476787.74827783485,289.3683382233233,0.0075921018807003915,1.678981794959171,True,179.0,4.837837837837838,37.0,0.0002566744529398382,0.001940233406935432,356237.61016735336,False,0.018719579616000237,1.316039735657481,1.2973201560414807,True,0.0062,registered_coarse_grid,0.014429421703521034,coarse
0.5,0.0,0.3554160974842938,0.026011936677033574,0.03894518102579379,625942.1657580995,454.2042616848314,0.005782996191047409,1.0696600910620055,True,196.0,4.558139534883721,43.0,0.00023441187283791362,0.001669503164107232,356237.61016735336,False,0.018717835217177292,1.3167947664142974,1.29807693119712,True,0.0062,registered_coarse_grid,0.014419665558585362,coarse
0.5,0.0,0.354728798954034,0.02601256159676555,0.03894407953528272,543614.2264479337,365.6165211595107,0.0066588050574900755,1.328835388438545,True,187.0,4.675,40.0,0.0002456937276803799,0.0017947159014152746,356237.61016735336,False,0.018715897879655996,1.3164073194275818,1.2976914215479258,True,0.0062,registered_coarse_grid,0.01442245634738889,coarse
0.5,0.0,0.35364758028630344,0.02601312324648291,0.03894194267570462,437939.1176064036,244.93450538615653,0.008265580796206371,1.9835676935292568,True,174.0,4.9714285714285715,35.0,0.0002640501556105232,0.0020511038873317422,356237.61016735336,False,0.018714156707778873,1.3157979291164301,1.2970837724086512,True,0.0062,registered_coarse_grid,0.014427870509109188,coarse
0.5,0.15,0.35465443851173745,0.02601391031681204,0.03894517347195124,534939.6962816181,393.4589615357631,0.006766783593658387,1.508576736074584,True,186.0,4.96,37.5,0.00024701466170016676,0.0018310398700880966,356237.61016735336,False,0.018711716740452466,1.3163626108721385,1.297650894131686,True,0.0062,registered_coarse_grid,0.014419684697226121,coarse
0.5,0.15,0.35549774059590933,0.02601396532299638,0.03894730254055007,635571.87768921,514.229761668861,0.005695376537986348,1.1542759292005793,True,197.0,4.804878048780488,41.0,0.00023322196485396464,0.00167473158849521,356237.61016735336,False,0.018711546219215114,1.316836224677703,1.298124678458488,True,0.0062,registered_coarse_grid,0.014414290498994994,coarse
0.5,0.15,0.35489177391729315,0.026014040392644554,0.03894588159383638,561243.6064420869,425.7825187242824,0.006449643468265634,1.394052150734919,True,189.0,4.909090909090909,38.5,0.00024309379405413242,0.0017834803929429504,356237.61016735336,False,0.01871131350077726,1.3164957146535166,1.2977844011527393,True,0.0062,registered_coarse_grid,0.014417890586569842,coarse
0.5,0.0,0.35564507873279605,0.02601429170879731,0.03894797398032674,655126.5848959505,486.6355896633086,0.005525376688796666,0.9983736952956762,True,199.0,4.5227272727272725,44.0,0.0002308780255086988,0.0016315599103775224,356237.61016735336,False,0.01871053441468251,1.3169182284367897,1.2982076940221072,True,0.0062,registered_coarse_grid,0.014412589372901905,coarse
0.5,0.0,0.3545001677611802,0.026015638752100827,0.03894643004115243,517868.4616633415,338.87510029157835,0.00698984670502728,1.433696873852676,True,184.0,4.717948717948718,39.0,0.0002496996036751686,0.0018407342578618203,356237.61016735336,False,0.018706358612309737,1.316272152031453,1.2975657934191434,True,0.0062,registered_coarse_grid,0.014416501041552315,coarse
0.5,0.15,0.35512954969050914,0.026015656661115435,0.03894799764103547,588395.9574286205,459.8296010349775,0.006152015687215494,1.2908325924145263,True,192.0,4.860759493670886,39.5,0.00023929545352203665,0.0017383289905899657,356237.61016735336,False,0.018706303095516352,1.3166258105285231,1.2979195074330068,True,0.0062,registered_coarse_grid,0.014412529427586166,coarse
0.5,0.0,0.35417108636407735,0.026015700635157266,0.038945676984361535,484823.3291800769,301.25873020345415,0.00746626851995101,1.6127140003094165,True,180.0,4.8,37.5,0.0002552484837568391,0.001914363628176293,356237.61016735336,False,0.01870616677889614,1.316086952374848,1.2973807855959518,True,0.0062,registered_coarse_grid,0.01441840898722996,coarse
0.5,0.0,0.3537459664545129,0.026016013362933518,0.038944923796977234,445533.26986016444,255.58237247015938,0.008124693272695837,1.9009298928519522,True,175.0,4.929577464788732,35.5,0.0002625412975784631,0.002022215100186225,356237.61016735336,False,0.01870519734680376,1.3158470688265471,1.2971418714797434,True,0.0062,registered_coarse_grid,0.014420317282230193,coarse
0.5,0.0,0.3550607125109513,0.02601768002686126,0.03894974397746941,579250.0712478244,408.3101050473303,0.006249150997249273,1.1898901494446972,True,191.0,4.602409638554217,41.5,0.00024054830929963895,0.0017298466519665298,356237.61016735336,False,0.018700030914878152,1.3165827731288189,1.2978827422139407,True,0.0062,registered_coarse_grid,0.014408105067318686,coarse
0.5,0.0,0.3552901409834423,0.026018012687636,0.038950623533854194,606975.5312932351,438.54344933024316,0.00596370195134981,1.1078586914399107,True,194.0,4.564705882352941,42.5,0.00023682849008366515,0.0016891443778026115,356237.61016735336,False,0.018698999731446175,1.3167109200466673,1.2980119203152212,True,0.0062,registered_coarse_grid,0.014405876740257622,coarse
0.5,0.15,0.35536754052676206,0.026018654046106145,0.03895142111922,616410.2165559197,495.6449753541388,0.005872422395300567,1.197556851148981,True,195.0,4.814814814814815,40.5,0.00023561398500631303,0.0016954072871186083,356237.61016735336,False,0.018697011664054575,1.3167529993590734,1.2980559876950188,True,0.0062,registered_coarse_grid,0.014403856105818048,coarse
0.5,0.0,0.35483135132485677,0.026018706554718832,0.03895015128122021,552382.0302382787,379.49923754205366,0.006553111727464395,1.2802243689902266,True,188.0,4.6419753086419755,40.5,0.00024438684615016515,0.0017725589149780489,356237.61016735336,False,0.018696848900218832,1.3164516860518611,1.2977548371516423,True,0.0062,registered_coarse_grid,0.014407073173585952,coarse
0.5,0.15,0.35573544241895677,0.026019000373463348,0.03895265340841822,665052.5777504478,552.7815119125166,0.005442909751044292,1.073775123048714,True,200.0,4.761904761904762,42.0,0.0002297236353811553,0.0016348570268643716,356237.61016735336,False,0.01869593813712145,1.3169587806122225,1.298262842475101,True,0.0062,registered_coarse_grid,0.014400734216099243,coarse
0.5,0.0,0.35384500976165195,0.026019253662747356,0.03894823792701334,453214.7102647532,266.53444392528326,0.007986989562365428,1.8228194628786627,True,176.0,4.888888888888889,36.0,0.0002610495856604038,0.001994128779350305,356237.61016735336,False,0.018695153009131937,1.315895814660108,1.2972006616509761,True,0.0062,registered_coarse_grid,0.014411920654849343,coarse
0.5,0.0,0.3555194707902753,0.02601961626661814,0.03895270561507903,635571.87768921,470.23354693965086,0.005695376537986348,1.0331975995257958,True,197.0,4.528735632183908,43.5,0.00023322196485396464,0.00165031347256577,356237.61016735336,False,0.01869402904226347,1.316836224677703,1.2981421956354395,True,0.0062,registered_coarse_grid,0.01440060195648502,coarse
0.5,0.0,0.35427211458942764,0.026020322040433502,0.03895030334514078,492948.69218031585,313.47046482913544,0.0073432006572216645,1.5498881917930254,True,181.0,4.7631578947368425,38.0,0.000253838271139398,0.0018891746330687103,356237.61016735336,False,0.018691841370519935,1.3161337980495866,1.2974419566790667,True,0.0062,registered_coarse_grid,0.014406687924879187,coarse
0.5,0.15,0.3547610351859363,0.02602095266618084,0.0389521050435117,543614.2264479337,409.4080974201435,0.0066588050574900755,1.449807758354592,True,187.0,4.921052631578948,38.0,0.0002456937276803799,0.0018069472402185167,356237.61016735336,False,0.018689886658706856,1.3164073194275818,1.297717432768875,True,0.0062,registered_coarse_grid,0.014402123441332815,coarse
0.5,0.0,0.3546022418989522,0.026021187593635628,0.03895193648998058,526357.9409498974,352.0765702655546,0.006877109432152781,1.3799389477922337,True,185.0,4.6835443037974684,39.5,0.0002483498760877355,0.0018174338242179999,356237.61016735336,False,0.01868915847459096,1.3163175564167913,1.2976283979422003,True,0.0062,registered_coarse_grid,0.014402550456069339,coarse
0.5,0.15,0.3549988865617807,0.026021677457332238,0.03895337674154002,570199.4538487908,442.5878213089645,0.0063483420335842386,1.3411192251459598,True,190.0,4.871794871794871,39.0,0.000241814353032795,0.0017606152597000933,356237.61016735336,False,0.018687640097442504,1.3165394090820086,1.2978517689845661,True,0.0062,registered_coarse_grid,0.014398901742117774,coarse
0.5,0.15,0.35452373739039345,0.02602177591064263,0.038952300272625466,517868.4616633415,377.92951521035366,0.00698984670502728,1.5705654416605763,True,184.0,4.972972972972973,37.0,0.0002496996036751686,0.001855783652116314,356237.61016735336,False,0.018687334934163857,1.316272152031453,1.2975848170972892,True,0.0062,registered_coarse_grid,0.014401628847636813,coarse
0.5,0.0,0.3557485524844331,0.026022408881950464,0.038955911969396836,665052.5777504478,503.4146744244122,0.005442909751044292,0.9650973573029951,True,200.0,4.49438202247191,44.5,0.0002297236353811553,0.001613227776553056,356237.61016735336,False,0.01868537300681483,1.3169587806122225,1.2982734076054077,True,0.0062,registered_coarse_grid,0.014392479193792433,coarse
0.5,0.0,0.35394466305489747,0.026022829681766172,0.038951871178159424,460983.93760960625,277.79500432013543,0.007852380235123455,1.7489305579975556,True,177.0,4.8493150684931505,36.5,0.00025957472924424327,0.001966811946756465,356237.61016735336,False,0.01868406872919781,1.3159441713297422,1.2972601026005444,True,0.0062,registered_coarse_grid,0.014402715917758444,coarse
0.5,0.15,0.35560554451720516,0.026022935751565706,0.03895605943051833,645299.8511386822,533.2734085680573,0.0056095180465447125,1.1130557542082378,True,198.0,4.771084337349397,41.5,0.00023204407614258105,0.0016545540994771961,356237.61016735336,False,0.01868373996535344,1.3168773775637244,1.298193637598371,True,0.0062,registered_coarse_grid,0.014392105633731144,coarse
0.5,0.15,0.35523705379829645,0.026023840439057793,0.0389560103403104,597637.6111806135,477.5134537631065,0.006056883122272406,1.243028926819268,True,193.0,4.825,40.0,0.00023805558070586033,0.0017165998782075903,356237.61016735336,False,0.018680935909428875,1.3166685249598413,1.2979875890504124,True,0.0062,registered_coarse_grid,0.01439222999281184,coarse
0.5,0.0,0.35516386673787254,0.026024585377461683,0.038956535683742126,588395.9574286205,423.24682530727847,0.006152015687215494,1.147897970792394,True,192.0,4.571428571428571,42.0,0.00023929545352203665,0.0017092532394431187,356237.61016735336,False,0.018678627028339223,1.3166258105285231,1.297947183500184,True,0.0062,registered_coarse_grid,0.01439089915659621,coarse
0.5,0.0,0.35493418988664627,0.02602507944175067,0.038956438697634925,561243.6064420869,393.7290039817911,0.006449643468265634,1.2339557589133483,True,189.0,4.609756097560975,41.0,0.00024309379405413242,0.0017509423428441703,356237.61016735336,False,0.018677095731106208,1.3164957146535166,1.2978186189224103,True,0.0062,registered_coarse_grid,0.01439114484781699,coarse
0.5,0.0,0.3543735895515584,0.026025226273485722,0.03895519807037565,501164.336067983,326.00782666897436,0.007222822734744689,1.4902837667387354,True,182.0,4.7272727272727275,38.5,0.0002524435553639069,0.0018646398975743113,356237.61016735336,False,0.018676640645299836,1.3161802770366515,1.2975036363913517,True,0.0062,registered_coarse_grid,0.01439428770869865,coarse
0.5,0.0,0.3553935172211148,0.026025410983686725,0.03895788166815821,616410.2165559197,454.2042616848314,0.005872422395300567,1.0696600910620055,True,195.0,4.534883720930233,43.0,0.00023561398500631303,0.001669503164107232,356237.61016735336,False,0.01867606816195333,1.3167529993590734,1.29807693119712,True,0.0062,registered_coarse_grid,0.014387489456984478,coarse
0.5,0.0,0.3535230001553812,0.026026710063113915,0.03895450701980784,423010.6823936388,234.58655810466735,0.008557280728496063,2.0710656903784526,True,172.0,4.9855072463768115,34.5,0.0002671205062571573,0.0020808300306264056,356237.61016735336,False,0.0186720419049633,1.3156984488354788,1.2970264069305155,True,0.0062,registered_coarse_grid,0.01439603835757802,coarse
0.5,0.0,0.3540448816407069,0.026026727639057497,0.038955810316893526,468841.4506841558,289.3683382233233,0.007720778858423971,1.678981794959171,True,178.0,4.8108108108108105,37.0,0.00025811644424848904,0.001940233406935432,356237.61016735336,False,0.018671987432258064,1.3159921434737387,1.2973201560414807,True,0.0062,registered_coarse_grid,0.014392736708286403,coarse
0.5,0.0,0.3547046612255156,0.026026985154064042,0.03895767856208639,534939.6962816181,365.6165211595107,0.006766783593658387,1.328835388438545,True,186.0,4.65,40.0,0.00024701466170016676,0.0017947159014152746,356237.61016735336,False,0.018671189324212634,1.3163626108721385,1.2976914215479258,True,0.0062,registered_coarse_grid,0.014388003969342011,coarse
0.5,0.15,0.3554753240206182,0.026027340520186244,0.03895990915663361,625942.1657580995,514.229761668861,0.005782996191047409,1.1542759292005793,True,196.0,4.780487804878049,41.0,0.00023441187283791362,0.00167473158849521,356237.61016735336,False,0.01867008795580949,1.3167947664142974,1.298124678458488,True,0.0062,registered_coarse_grid,0.014382353456202729,coarse
0.5,0.0,0.3556229842361741,0.02602747100856196,0.03896039519927763,645299.8511386822,486.6355896633086,0.0056095180465447125,0.9983736952956762,True,198.0,4.5,44.0,0.00023204407614258105,0.0016315599103775224,356237.61016735336,False,0.018669683541617133,1.3168773775637244,1.2982076940221072,True,0.0062,registered_coarse_grid,0.014381122240752338,coarse
0.5,0.15,0.3548679959241975,0.02602824496182112,0.03895927313116279,552382.0302382787,425.7825187242824,0.006553111727464395,1.394052150734919,True,188.0,4.883116883116883,38.5,0.00024438684615016515,0.0017834803929429504,356237.61016735336,False,0.01866728489912184,1.3164516860518611,1.2977844011527393,True,0.0062,registered_coarse_grid,0.014383964611179544,coarse
0.5,0.15,0.35463011784718346,0.02602844585822827,0.03895887834108381,526357.9409498974,393.4589615357631,0.006877109432152781,1.508576736074584,True,185.0,4.933333333333334,37.5,0.0002483498760877355,0.0018310398700880966,356237.61016735336,False,0.018666662285105273,1.3163175564167913,1.297650894131686,True,0.0062,registered_coarse_grid,0.014384964684662695,coarse
0.5,0.0,0.3536208921196665,0.026029105377742976,0.038957017579792176,430431.75471404043,244.93450538615653,0.008409744682522095,1.9835676935292568,True,173.0,4.942857142857143,35.0,0.00026557645708804066,0.0020511038873317422,356237.61016735336,False,0.01866461833267019,1.3157483907413214,1.2970837724086512,True,0.0062,registered_coarse_grid,0.014389678392175453,coarse
0.5,0.15,0.35510629640845737,0.026029541835940116,0.038961086666423214,579250.0712478244,459.8296010349775,0.006249150997249273,1.2908325924145263,True,191.0,4.8354430379746836,39.5,0.00024054830929963895,0.0017383289905899657,356237.61016735336,False,0.018663265695812115,1.3165827731288189,1.2979195074330068,True,0.0062,registered_coarse_grid,0.014379370668928354,coarse
0.5,0.15,0.35439291310758264,0.026030259413562046,0.03896001211242718,501164.336067983,362.81416258313,0.007222822734744689,1.6359974256432621,True,182.0,4.986301369863014,36.5,0.0002524435553639069,0.001881205345980921,356237.61016735336,False,0.018661041860429606,1.3161802770366515,1.297519235176222,True,0.0062,registered_coarse_grid,0.014382092653828879,coarse
0.5,0.0,0.3544754749324541,0.02603040192641331,0.03896035019841561,509470.7596325149,338.87510029157835,0.007105061658506291,1.433696873852676,True,183.0,4.6923076923076925,39.0,0.0002510640823837762,0.0018407342578618203,356237.61016735336,False,0.018660600204372546,1.316226393623516,1.2975657934191434,True,0.0062,registered_coarse_grid,0.014381236234041772,coarse
0.5,0.0,0.3541456231308537,0.02603093439524817,0.038960042724188085,476787.74827783485,301.25873020345415,0.0075921018807003915,1.6127140003094165,True,179.0,4.773333333333333,37.5,0.0002566744529398382,0.001914363628176293,356237.61016735336,False,0.018658950061529067,1.316039735657481,1.2973807855959518,True,0.0062,registered_coarse_grid,0.014382015109741339,coarse
0.5,0.0,0.3550372862717795,0.02603167114612162,0.038962933024180677,570199.4538487908,408.3101050473303,0.0063483420335842386,1.1898901494446972,True,190.0,4.578313253012048,41.5,0.000241814353032795,0.0017298466519665298,356237.61016735336,False,0.018656666868067884,1.3165394090820086,1.2978827422139407,True,0.0062,registered_coarse_grid,0.014374693692469602,coarse
0.5,0.0,0.3552672279177855,0.026031691224802405,0.03896351671207583,597637.6111806135,438.54344933024316,0.006056883122272406,1.1078586914399107,True,193.0,4.541176470588235,42.5,0.00023805558070586033,0.0016891443778026115,356237.61016735336,False,0.018656604644620156,1.3166685249598413,1.2980119203152212,True,0.0062,registered_coarse_grid,0.014373215185951,coarse
0.5,0.0,0.35371948849288715,0.02603186773733614,0.03895987727507635,437939.1176064036,255.58237247015938,0.008265580796206371,1.9009298928519522,True,174.0,4.901408450704225,35.5,0.0002640501556105232,0.002022215100186225,356237.61016735336,False,0.018656057636686763,1.3157979291164301,1.2971418714797434,True,0.0062,registered_coarse_grid,0.014382434217010088,coarse
0.5,0.15,0.35571350636358134,0.026032084479171637,0.0389649840142194,655126.5848959505,552.7815119125166,0.005525376688796666,1.073775123048714,True,199.0,4.738095238095238,42.0,0.0002308780255086988,0.0016348570268643716,356237.61016735336,False,0.018655385961688697,1.3169182284367897,1.298262842475101,True,0.0062,registered_coarse_grid,0.014369498495483963,coarse
0.5,0.15,0.35534479477559017,0.02603223085445112,0.03896421795287858,606975.5312932351,495.6449753541388,0.00596370195134981,1.197556851148981,True,194.0,4.790123456790123,40.5,0.00023682849008366515,0.0016954072871186083,356237.61016735336,False,0.0186549323516485,1.3167109200466673,1.2980559876950188,True,0.0062,registered_coarse_grid,0.014371438927510667,coarse
0.5,0.0,0.3554970542149842,0.026032992916271473,0.03896531293536601,625942.1657580995,470.23354693965086,0.005782996191047409,1.0331975995257958,True,196.0,4.505747126436781,43.5,0.00023441187283791362,0.00165031347256577,356237.61016735336,False,0.018652570778857847,1.3167947664142974,1.2981421956354395,True,0.0062,registered_coarse_grid,0.014368665344652346,coarse
0.5,0.0,0.3548073944766514,0.026033021475716008,0.03896364668593461,543614.2264479337,379.49923754205366,0.0066588050574900755,1.2802243689902266,True,187.0,4.617283950617284,40.5,0.0002456937276803799,0.0017725589149780489,356237.61016735336,False,0.01865248227593952,1.3164073194275818,1.2977548371516423,True,0.0062,registered_coarse_grid,0.014372885958089464,coarse
0.5,0.0,0.35381873953501597,0.02603498191735163,0.03896307149366403,445533.26986016444,266.53444392528326,0.008124693272695837,1.8228194628786627,True,175.0,4.861111111111111,36.0,0.0002625412975784631,0.001994128779350305,356237.61016735336,False,0.018646407175570978,1.3158470688265471,1.2972006616509761,True,0.0062,registered_coarse_grid,0.01437434294231648,coarse
0.5,0.15,0.35473689745741793,0.026035378549327557,0.038965705198720904,534939.6962816181,409.4080974201435,0.006766783593658387,1.449807758354592,True,186.0,4.894736842105263,38.0,0.00024701466170016676,0.0018069472402185167,356237.61016735336,False,0.018645178103263493,1.3163626108721385,1.297717432768875,True,0.0062,registered_coarse_grid,0.014367671753843366,coarse
