trace_kind,solver,record_kind,step_or_event_id,time_start_s,time_end_s,dt_s,velocity_frozen_at_time_s,flux_donor_density_evaluated_at_time_s,matrix_xB,critical_radius_m,Rmin_m,Rmin_hex,first_cell_center_m,first_interior_face_m,G_Rmin_m_s,G_first_center_m_s,G_first_interior_face_m_s,FV_lower_face_velocity_m_s,FV_first_interior_face_velocity_m_s,beta_n_first_cell_per_m4,cohort_equivalent_first_cell_density_per_m4,J_N_lower_out_m3_s,J_beta_volume_lower_out_s,J_mol_B_lower_out_mol_m3_s,cumulative_number_crossed_Rmin_m3,cumulative_beta_volume_crossed_Rmin,cumulative_mol_B_equivalent_returned_mol_m3,Q_matrix_mol_m3,Q_beta_resolved_mol_m3,Q_total_mol_m3,inventory_relative_residual,boundary_direction,active_cohort_count,cohort_radius_before_event_m,cohort_initial_radius_m
canonical_native_policy,Eulerian_KWNSolver_frozen_78b6745,accepted_state,0,0.0,0.0,0.0,0.0,0.0,0.006220578557312318,8.714603508943103e-09,4.724027182871601e-10,0x1.03b4c5a5fbe5ep-31,4.727981588260222e-10,4.731939303816496e-10,-11767189.594675226,-3.7688642395988286e-06,-1.879363213478065e-06,-3.7688642395988286e-06,-2.5092014586476745e-06,2.7939336866916626e-67,2.7939336866916632e-67,0.0,0.0,0.0,0.0,0.0,0.0,148.05849641561088,0.0,731.5467336438344,0.0,OUTFLOW,,,
canonical_native_policy,Eulerian_KWNSolver_frozen_78b6745,accepted_state,1,0.0,1.9302871112416038,1.9302871112416038,0.0,1.9302871112416038,0.006219086633723261,8.721788889087057e-09,4.724027182871601e-10,0x1.03b4c5a5fbe5ep-31,4.727981588260222e-10,4.731939303816496e-10,-11767207.26031345,-3.7688699232874354e-06,-1.8793660605085582e-06,-3.7688699232874354e-06,-2.5092052512305947e-06,26.718488911010052,2.7939336866916632e-67,0.00010069835739282363,4.446805759614037e-32,1.0843487428647461e-27,0.00019437674139856812,8.583611843977906e-32,2.0931044024428554e-27,148.02276432019823,0.0,731.5467336438344,0.0,OUTFLOW,,,
canonical_native_policy,Eulerian_KWNSolver_frozen_78b6745,accepted_state,2,1.930287111241604,3.8580485922319436,1.9277614809903396,1.930287111241604,3.8580485922319436,0.006217614924924822,8.72889022298004e-09,4.724027182871601e-10,0x1.03b4c5a5fbe5ep-31,4.727981588260222e-10,4.731939303816496e-10,-11767224.686591443,-3.7688755299650116e-06,-1.8793688689632652e-06,-3.7688755299650116e-06,-2.5092089924259848e-06,422.52233110009826,2.7939336866916632e-67,0.0015924317056004557,7.032125114645378e-31,1.7147760527312e-26,0.003264205244562875,1.4414621109915926e-30,3.514989663224152e-26,147.98751648125608,0.0,731.5467336438344,0.0,OUTFLOW,,,
canonical_native_policy,Eulerian_KWNSolver_frozen_78b6745,accepted_state,3,3.8580485922319436,5.767410637185884,1.9093620449539406,3.8580485922319436,5.767410637185884,0.006216175111993444,8.735850482318396e-09,4.724027182871601e-10,0x1.03b4c5a5fbe5ep-31,4.727981588260222e-10,4.731939303816496e-10,-11767241.735195365,-3.7688810151308834e-06,-1.8793716165512447e-06,-3.7688810151308834e-06,-2.5092126525396606e-06,3384.5570568294943,2.7939336866916632e-67,0.01275597427125508,5.632995545064174e-30,1.3735998305406555e-25,0.027619978364506328,1.219689000413176e-29,2.9741983477119074e-25,147.95303265831433,0.0,731.5467336438344,0.0,OUTFLOW,,,
canonical_native_policy,Eulerian_KWNSolver_frozen_78b6745,accepted_state,4,5.767410637185884,7.674379685919986,1.9069690487341011,5.767410637185884,7.674379685919986,0.0062147545472049275,8.742730164261371e-09,4.724027182871601e-10,0x1.03b4c5a5fbe5ep-31,4.727981588260222e-10,4.731939303816496e-10,-11767258.555884985,-3.768886426968302e-06,-1.8793743274080879e-06,-3.768886426968302e-06,-2.509216263723098e-06,19400.00270915952,2.7939336866916632e-67,0.07311630190403902,3.228791420700279e-29,7.873372724768414e-25,0.16705050305340696,7.376894304506814e-29,1.7988476442992546e-24,147.9190099303746,0.0,731.5467336438344,0.0,OUTFLOW,,,
canonical_native_policy,Eulerian_KWNSolver_frozen_78b6745,accepted_state,5,7.674379685919986,9.578993600470724,1.9046139145507384,7.674379685919986,9.578993600470724,0.006213352930412563,8.749530255826289e-09,4.724027182871601e-10,0x1.03b4c5a5fbe5ep-31,4.727981588260222e-10,4.731939303816496e-10,-11767275.152214289,-3.768891766620716e-06,-1.8793770021065622e-06,-3.768891766620716e-06,-2.5092198267392914e-06,88257.28399832844,2.7939336866916632e-67,0.3326316797423867,1.4688903648531114e-28,3.5818731616306455e-24,0.8005854287111417,3.535358458299428e-28,8.620933108096827e-24,147.88544110495707,0.0,731.5467336438344,0.0,OUTFLOW,,,
canonical_native_policy,Eulerian_KWNSolver_frozen_78b6745,accepted_state,6,9.578993600470724,11.481289488890667,1.9022958884199432,9.578993600470724,11.481289488890667,0.006211969967467154,8.756251729363709e-09,4.724027182871601e-10,0x1.03b4c5a5fbe5ep-31,4.727981588260222e-10,4.731939303816496e-10,-11767291.527666254,-3.7688970352087284e-06,-1.8793796412079914e-06,-3.7688970352087284e-06,-2.5092233423359915e-06,337849.0789096677,2.7939336866916632e-67,1.273316611863039,5.622923541201988e-28,1.371143783365112e-23,3.2228103841150135,1.4231822791627677e-27,3.4704144923377005e-23,147.85231913335565,0.0,731.5467336438344,0.0,OUTFLOW,,,
canonical_native_policy,Eulerian_KWNSolver_frozen_78b6745,accepted_state,7,11.481289488890667,13.36566670794599,1.8843772190553236,11.481289488890667,13.36566670794599,0.006210616601709614,8.762840812234955e-09,4.724027182871601e-10,0x1.03b4c5a5fbe5ep-31,4.727981588260222e-10,4.731939303816496e-10,-11767307.552662462,-3.768902191042174e-06,-1.879382223829252e-06,-3.768902191042174e-06,-2.5092267826943955e-06,1111101.184577242,2.7939336866916632e-67,4.187625960370074,1.84924160848427e-27,4.50935552801646e-23,11.113877345761052,4.90785103871975e-27,1.1967741321953108e-22,147.8199061038448,0.0,731.5467336438344,0.0,OUTFLOW,,,
canonical_native_policy,Eulerian_KWNSolver_frozen_78b6745,accepted_state,8,13.36566670794599,15.247845540918814,1.882178832972823,13.36566670794599,15.247845540918814,0.006209281014748887,8.769354476344133e-09,4.724027182871601e-10,0x1.03b4c5a5fbe5ep-31,4.727981588260222e-10,4.731939303816496e-10,-11767323.367142666,-3.768907279144841e-06,-1.8793847725233213e-06,-3.768907279144841e-06,-2.509230177857749e-06,3287753.51511432,2.7939336866916632e-67,12.39122142672097,5.471921909713547e-27,1.3343221999350257e-22,34.436372029814564,1.5206986632862815e-26,3.7082071332787476e-22,147.7879189620112,0.0,731.5467336438344,0.0,OUTFLOW,,,
canonical_native_policy,Eulerian_KWNSolver_frozen_78b6745,accepted_state,9,15.247845540918812,17.127859890432404,1.8800143495135921,15.247845540918812,17.127859890432404,0.006207962936648846,8.775793627426666e-09,4.724027182871601e-10,0x1.03b4c5a5fbe5ep-31,4.727981588260222e-10,4.731939303816496e-10,-11767338.974303138,-3.7689123005450896e-06,-1.8793872878053173e-06,-3.7689123005450896e-06,-2.509233528512251e-06,8904402.279376397,2.7939336866916632e-67,33.55986656717562,1.4819924754148017e-26,3.613822515581462e-22,97.52940274386617,4.3068657829372783e-26,1.0502245319167203e-21,147.7563512395102,0.0,731.5467336438344,0.0,OUTFLOW,,,
canonical_native_policy,Eulerian_KWNSolver_frozen_78b6745,accepted_state,10,17.127859890432404,19.00574300701782,1.877883116585417,17.127859890432404,19.00574300701782,0.006206662102528866,8.782159158974422e-09,4.724027182871601e-10,0x1.03b4c5a5fbe5ep-31,4.727981588260222e-10,4.731939303816496e-10,-11767354.377280287,-3.768917256252018e-06,-1.8793897701807108e-06,-3.768917256252018e-06,-2.509236835331247e-06,22364979.640654717,2.7939336866916632e-67,84.29164686910406,3.7222909140680473e-26,9.076765866195342e-22,255.8192632685367,1.1296893045484964e-25,2.7547350692494245e-21,147.72519658918827,0.0,731.5467336438344,0.0,OUTFLOW,,,
canonical_native_policy,Eulerian_KWNSolver_frozen_78b6745,accepted_state,11,19.00574300701782,20.86615378816881,1.8604107811509907,19.00574300701782,20.86615378816881,0.006205388775936834,8.788400329572808e-09,4.724027182871601e-10,0x1.03b4c5a5fbe5ep-31,4.727981588260222e-10,4.731939303816496e-10,-11767369.454545023,-3.768922107165227e-06,-1.879392200063623e-06,-3.768922107165227e-06,-2.5092400722240217e-06,52109558.65931008,2.7939336866916632e-67,196.39661484675054,8.672808779415793e-26,2.114854978033064e-21,621.1976429109901,2.7431880001571066e-25,6.689234070952978e-21,147.69470081624047,0.0,731.5467336438344,0.0,OUTFLOW,,,
canonical_native_policy,Eulerian_KWNSolver_frozen_78b6745,accepted_state,12,20.86615378816881,22.724541545070384,1.8583877569015743,20.86615378816881,22.724541545070384,0.006204131899073459,8.794570836791191e-09,4.724027182871601e-10,0x1.03b4c5a5fbe5ep-31,4.727981588260222e-10,4.731939303816496e-10,-11767384.337031046,-3.768926895410927e-06,-1.8793945985555984e-06,-3.768926895410927e-06,-2.509243267300338e-06,114908827.07019049,2.7939336866916632e-67,433.08241865326704,1.9124774658858257e-25,4.663555477787378e-21,1426.0327074655436,6.297312708109473e-25,1.5355928474504313e-20,147.6645990857795,0.0,731.5467336438344,0.0,OUTFLOW,,,
canonical_native_policy,Eulerian_KWNSolver_frozen_78b6745,accepted_state,13,22.724541545070384,24.580936722758647,1.8563951776882617,22.724541545070384,24.580936722758647,0.0062028912284244645,8.800671513843159e-09,4.724027182871601e-10,0x1.03b4c5a5fbe5ep-31,4.727981588260222e-10,4.731939303816496e-10,-11767399.027621768,-3.7689316219168177e-06,-1.8793969661213338e-06,-3.7689316219168177e-06,-2.509246421179228e-06,241342640.07353467,2.7939336866916632e-67,909.6027671826238,4.0167753762752202e-25,9.794863020983736e-21,3114.614898075265,1.3754035146483744e-24,3.35390649527756e-20,147.63488556276172,0.0,731.5467336438344,0.0,OUTFLOW,,,
canonical_native_policy,Eulerian_KWNSolver_frozen_78b6745,accepted_state,14,24.580936722758647,26.435369199822574,1.8544324770639269,24.580936722758647,26.435369199822574,0.006201666524916289,8.80670318288457e-09,4.724027182871601e-10,0x1.03b4c5a5fbe5ep-31,4.727981588260222e-10,4.731939303816496e-10,-11767413.529148031,-3.7689362875936846e-06,-1.8793993032170527e-06,-3.7689362875936846e-06,-2.509249534468435e-06,485356894.402133,2.7939336866916632e-67,1829.2769472275406,8.078025774669011e-25,1.9698177899166064e-20,6506.885478558372,2.8734188493589444e-24,7.006800578797202e-20,147.60555451859284,0.0,731.5467336438344,0.0,OUTFLOW,,,
canonical_native_policy,Eulerian_KWNSolver_frozen_78b6745,accepted_state,15,26.435369199822574,28.27274503114896,1.8373758313263877,26.435369199822574,28.27274503114896,0.006200467424316222,8.812617929717923e-09,4.724027182871601e-10,0x1.03b4c5a5fbe5ep-31,4.727981588260222e-10,4.731939303816496e-10,-11767427.727514187,-3.768940855732743e-06,-1.8794015914548672e-06,-3.768940855732743e-06,-2.509252582673108e-06,932190965.4478278,2.7939336866916632e-67,3513.3683566433087,1.5514917073593274e-24,3.783295635980705e-20,12962.263583601696,5.724092214964285e-24,1.3958136543110745e-19,147.57683672146925,0.0,731.5467336438344,0.0,OUTFLOW,,,
canonical_native_policy,Eulerian_KWNSolver_frozen_78b6745,accepted_state,16,28.27274503114896,30.108256274771374,1.835511243622413,28.27274503114896,30.108256274771374,0.006199283568093377,8.818466405024404e-09,4.724027182871601e-10,0x1.03b4c5a5fbe5ep-31,4.727981588260222e-10,4.731939303816496e-10,-11767441.745374013,-3.768945365796245e-06,-1.8794038506019109e-06,-3.768945365796245e-06,-2.5092555921254177e-06,1730235108.43073,2.7939336866916632e-67,6521.153790187751,2.8797196880196967e-24,7.022165105268836e-20,24931.914686882228,1.1009850080805266e-23,2.6847399548404657e-19,147.5484840867456,0.0,731.5467336438344,0.0,OUTFLOW,,,
canonical_native_policy,Eulerian_KWNSolver_frozen_78b6745,accepted_state,17,30.108256274771374,31.941930344349235,1.8336740695778615,30.108256274771374,31.941930344349235,0.006198114735859426,8.824249377428824e-09,4.724027182871601e-10,0x1.03b4c5a5fbe5ep-31,4.727981588260222e-10,4.731939303816496e-10,-11767455.585337091,-3.76894981862379e-06,-1.8794060810787504e-06,-3.76894981862379e-06,-2.5092585633856083e-06,3113254647.8037963,2.7939336866916632e-67,11733.68667738374,5.181556765117102e-24,1.2635169755705094e-19,46447.67168775201,2.0511136361046242e-23,5.001618269415554e-19,147.52049133366472,0.0,731.5467336438344,0.0,OUTFLOW,,,
canonical_native_policy,Eulerian_KWNSolver_frozen_78b6745,accepted_state,18,31.941930344349238,33.773794159347986,1.8318638149987496,31.941930344349238,33.773794159347986,0.006196960711318145,8.829967604664782e-09,4.724027182871601e-10,0x1.03b4c5a5fbe5ep-31,4.727981588260222e-10,4.731939303816496e-10,-11767469.249964554,-3.7689542150393877e-06,-1.879408283298142e-06,-3.7689542150393877e-06,-2.5092614970035205e-06,5445163973.486678,2.7939336866916632e-67,20522.54977024941,9.06268929137612e-24,2.209926916378385e-19,84042.1880033828,3.711274894049482e-23,9.049903421320885e-19,147.492853279555,0.0,731.5467336438344,0.0,OUTFLOW,,,
canonical_native_policy,Eulerian_KWNSolver_frozen_78b6745,accepted_state,19,33.773794159347986,35.588989639483614,1.8151954801356271,33.773794159347986,35.588989639483614,0.006195830549783069,8.835575811362286e-09,4.724027182871601e-10,0x1.03b4c5a5fbe5ep-31,4.727981588260222e-10,4.731939303816496e-10,-11767482.632033823,-3.768958520545573e-06,-1.8794104399798755e-06,-3.768958520545573e-06,-2.5092643699598616e-06,9229576756.51128,2.7939336866916632e-67,34785.85221948275,1.5361315914940883e-23,3.745840160682017e-19,147185.30972485378,6.499654015823099e-23,1.5849335550301394e-18,147.46578678941603,0.0,731.5467336438344,0.0,OUTFLOW,,,
canonical_native_policy,Eulerian_KWNSolver_frozen_78b6745,accepted_state,20,35.588989639483614,37.402464029726104,1.813474390242491,35.588989639483614,37.402464029726104,0.006194714536583933,8.84112181061867e-09,4.724027182871601e-10,0x1.03b4c5a5fbe5ep-31,4.727981588260222e-10,4.731939303816496e-10,-11767495.846574817,-3.7689627721517225e-06,-1.879412569662409e-06,-3.7689627721517225e-06,-2.5092672069500594e-06,15283883558.247952,2.7939336866916632e-67,57604.32316388501,2.5437876312577e-23,6.202998442433856e-19,251649.27454981155,1.1112747739324547e-22,2.709831436836925e-18,147.4390592013326,0.0,731.5467336438344,0.0,OUTFLOW,,,
canonical_native_policy,Eulerian_KWNSolver_frozen_78b6745,accepted_state,21,37.402464029726104,39.214242075860575,1.8117780461344706,37.402464029726104,39.214242075860575,0.0061936124719848586,8.846606311655549e-09,4.724027182871601e-10,0x1.03b4c5a5fbe5ep-31,4.727981588260222e-10,4.731939303816496e-10,-11767508.89595258,-3.7689669706187564e-06,-1.8794146727268968e-06,-3.7689669706187564e-06,-2.5092700084818575e-06,24770558994.63366,2.7939336866916632e-67,93359.31469616226,4.122716090442403e-23,1.0053198299013396e-18,420795.63131847756,1.8582194242433427e-22,4.531247833995813e-18,147.4126657295293,0.0,731.5467336438344,0.0,OUTFLOW,,,
canonical_native_policy,Eulerian_KWNSolver_frozen_78b6745,accepted_state,22,39.214242075860575,41.0243480912442,1.8101060153836261,39.214242075860575,41.0243480912442,0.006192524159630933,8.852030015007023e-09,4.724027182871601e-10,0x1.03b4c5a5fbe5ep-31,4.727981588260222e-10,4.731939303816496e-10,-11767521.78249212,-3.768971116694717e-06,-1.8794167495480426e-06,-3.768971116694717e-06,-2.509272775054406e-06,39352693737.60961,2.7939336866916632e-67,148319.0029019262,6.549717527085498e-23,1.5971414877430559e-18,689268.7506669557,3.0437877337274456e-22,7.422243248378273e-18,147.3866016692723,0.0,731.5467336438344,0.0,OUTFLOW,,,
canonical_native_policy,Eulerian_KWNSolver_frozen_78b6745,accepted_state,23,41.0243480912442,42.81814953249671,1.79380144125251,41.0243480912442,42.81814953249671,0.006191458117264139,8.857350111250158e-09,4.724027182871601e-10,0x1.03b4c5a5fbe5ep-31,4.727981588260222e-10,4.731939303816496e-10,-11767534.405336158,-3.768975177930091e-06,-1.879418783871481e-06,-3.768975177930091e-06,-2.509275485014958e-06,61106915804.42272,2.7939336866916632e-67,230310.20069716516,1.0170421379991701e-22,2.4800461801047822e-18,1102399.5206126855,4.868159386684891e-22,1.1870953660623013e-17,147.36107100966717,0.0,731.5467336438344,0.0,OUTFLOW,,,
canonical_native_policy,Eulerian_KWNSolver_frozen_78b6745,accepted_state,24,42.81814953249671,44.61036014970635,1.792210617209644,42.81814953249671,44.61036014970635,0.006190405224462554,8.862611765944023e-09,4.724027182871601e-10,0x1.03b4c5a5fbe5ep-31,4.727981588260222e-10,4.731939303816496e-10,-11767546.872478213,-3.7689791890703834e-06,-1.8794207931016682e-06,-3.7689791890703834e-06,-2.509278161548318e-06,93300271657.64987,2.7939336866916632e-67,351646.4079718168,1.5528587683080727e-22,3.7866291992198606e-18,1732623.9464834095,7.651209358273709e-22,1.86573907149009e-17,147.33585532289783,0.0,731.5467336438344,0.0,OUTFLOW,,,
canonical_native_policy,Eulerian_KWNSolver_frozen_78b6745,accepted_state,25,44.61036014970635,46.40100233280011,1.790642183093762,44.61036014970635,46.40100233280011,0.00618936529959383,8.867815635556371e-09,4.724027182871601e-10,0x1.03b4c5a5fbe5ep-31,4.727981588260222e-10,4.731939303816496e-10,-11767559.186068965,-3.7689831508075476e-06,-1.8794227775852126e-06,-3.7689831508075476e-06,-2.5092808051162087e-06,140226981325.5708,2.7939336866916632e-67,528512.5743622376,2.3338938395334036e-22,5.691174716607095e-18,2679000.856431911,1.1830378118204886e-21,2.884824823381425e-17,147.3109502570702,0.0,731.5467336438344,0.0,OUTFLOW,,,
canonical_native_policy,Eulerian_KWNSolver_frozen_78b6745,accepted_state,26,46.40100233280011,48.19009809172628,1.7890957589261638,46.40100233280011,48.19009809172628,0.006188338164190158,8.872962367816655e-09,4.724027182871601e-10,0x1.03b4c5a5fbe5ep-31,4.727981588260222e-10,4.731939303816496e-10,-11767571.348221626,-3.7689870638214814e-06,-1.879424737662683e-06,-3.7689870638214814e-06,-2.509283416172309e-06,207668995904.9654,2.7939336866916632e-67,782700.9465109361,3.456381183481183e-22,8.428347883345566e-18,4079327.8003421207,1.8014175034803264e-21,4.392736968666212e-17,147.28635153613834,0.0,731.5467336438344,0.0,OUTFLOW,,,
canonical_native_policy,Eulerian_KWNSolver_frozen_78b6745,accepted_state,27,48.19009809172628,49.96323094844835,1.773132856722071,48.19009809172628,49.96323094844835,0.006187331837247542,8.878011460898877e-09,4.724027182871601e-10,0x1.03b4c5a5fbe5ep-31,4.727981588260222e-10,4.731939303816496e-10,-11767583.263984494,-3.7689908975627142e-06,-1.8794266580314693e-06,-3.7689908975627142e-06,-2.509285974331724e-06,302239047696.1695,2.7939336866916632e-67,1139135.0609485866,5.03038230330206e-22,1.2266532476534566e-17,6099165.605154159,2.6933711178661395e-21,6.567756145885392e-17,147.26225120341815,0.0,731.5467336438344,0.0,OUTFLOW,,,
canonical_native_policy,Eulerian_KWNSolver_frozen_78b6745,accepted_state,28,49.96323094844835,51.73489148851149,1.771660540063135,49.96323094844835,51.73489148851149,0.006186337747608795,8.883005607954688e-09,4.724027182871601e-10,0x1.03b4c5a5fbe5ep-31,4.727981588260222e-10,4.731939303816496e-10,-11767595.034847323,-3.76899468468425e-06,-1.879428555047868e-06,-3.76899468468425e-06,-2.5092885013829838e-06,434311726230.09644,2.7939336866916632e-67,1636916.942865983,7.228570433528246e-22,1.7626790298539946e-17,8999226.760190602,3.974028417681046e-21,9.690625027874483e-17,147.23844398748383,0.0,731.5467336438344,0.0,OUTFLOW,,,
canonical_native_policy,Eulerian_KWNSolver_frozen_78b6745,accepted_state,29,51.73489148851149,53.505100014508166,1.7702085259966798,51.73489148851149,53.505100014508166,0.006185355729922335,8.887945416643032e-09,4.724027182871601e-10,0x1.03b4c5a5fbe5ep-31,4.727981588260222e-10,4.731939303816496e-10,-11767606.66276802,-3.7689984258160196e-06,-1.8794304290274196e-06,-3.7689984258160196e-06,-2.5092909977464255e-06,616656487950.0052,2.7939336866916632e-67,2324175.0253596273,1.0263479123897642e-21,2.502738209636334e-17,13113501.205990765,5.7908782428322996e-21,1.4120993544910388e-16,147.2149259266224,0.0,731.5467336438344,0.0,OUTFLOW,,,
canonical_native_policy,Eulerian_KWNSolver_frozen_78b6745,accepted_state,30,53.505100014508166,55.25962974350252,1.7545297289943578,53.505100014508166,55.25962974350252,0.006184393435486638,8.89279210679391e-09,4.724027182871601e-10,0x1.03b4c5a5fbe5ep-31,4.727981588260222e-10,4.731939303816496e-10,-11767618.057148732,-3.769002091809346e-06,-1.879432265369188e-06,-3.769002091809346e-06,-2.5092934439718673e-06,862995661628.309,2.7939336866916632e-67,3252629.290163151,1.4363502082723739e-21,3.5025243441009875e-17,18820335.99297983,8.310997384493417e-21,2.0266276633162035e-16,147.19188025734252,0.0,731.5467336438344,0.0,OUTFLOW,,,
canonical_native_policy,Eulerian_KWNSolver_frozen_78b6745,accepted_state,31,55.25962974350252,57.01277627773794,1.7531465342354169,55.25962974350252,57.01277627773794,0.006183442698238805,8.897586523767824e-09,4.724027182871601e-10,0x1.03b4c5a5fbe5ep-31,4.727981588260222e-10,4.731939303816496e-10,-11767629.314682554,-3.7690057137739722e-06,-1.8794340796564315e-06,-3.7690057137739722e-06,-2.5092958608180615e-06,1195156781078.6243,2.7939336866916632e-67,4504548.40792546,1.989193500613218e-21,4.8506266931971466e-17,26717469.422630012,1.1798345076017096e-20,2.877013600921041e-16,147.16911141113826,0.0,731.5467336438344,0.0,OUTFLOW,,,
canonical_native_policy,Eulerian_KWNSolver_frozen_78b6745,accepted_state,32,57.01277627773794,58.76455836953129,1.751782091793343,57.01277627773794,58.76455836953129,0.00618250336476826,8.902329238220729e-09,4.724027182871601e-10,0x1.03b4c5a5fbe5ep-31,4.727981588260222e-10,4.731939303816496e-10,-11767640.437186,-3.7690092922943364e-06,-1.8794358721819023e-06,-3.7690092922943364e-06,-2.509298248674989e-06,1638823391483.6465,2.7939336866916632e-67,6176734.726368303,2.7276253821772912e-21,6.651284796452708e-17,37537762.70204006,1.6576550373636248e-20,4.04217376030536e-16,147.1466157124595,0.0,731.5467336438344,0.0,OUTFLOW,,,
canonical_native_policy,Eulerian_KWNSolver_frozen_78b6745,accepted_state,33,58.76455836953129,60.514994469096195,1.75043609956491,58.76455836953129,60.514994469096195,0.00618157528407622,8.907020814198451e-09,4.724027182871601e-10,0x1.03b4c5a5fbe5ep-31,4.727981588260222e-10,4.731939303816496e-10,-11767651.426447025,-3.7690128279456884e-06,-1.8794376432337504e-06,-3.7690128279456884e-06,-2.509300607926499e-06,2226141226662.4175,2.7939336866916632e-67,8390346.969250165,3.705149139868767e-21,9.034965836447529e-17,52224528.924890585,2.3062177182334414e-20,5.623686796150702e-16,147.12438954356173,0.0,731.5467336438344,0.0,OUTFLOW,,,
canonical_native_policy,Eulerian_KWNSolver_frozen_78b6745,accepted_state,34,60.514994469096195,62.2500583201211,1.7350638510249012,60.514994469096195,62.2500583201211,0.006180665670473941,8.911624521936299e-09,4.724027182871601e-10,0x1.03b4c5a5fbe5ep-31,4.727981588260222e-10,4.731939303816496e-10,-11767662.197042074,-3.7690162932441174e-06,-1.879439379044942e-06,-3.7690162932441174e-06,-2.5093029202332672e-06,2988994795898.3613,2.7939336866916632e-67,11265559.728403829,4.97483347122723e-21,1.213107725432766e-16,71770994.37120597,3.1693830903129506e-20,7.728506157948136e-16,147.10260567461023,0.0,731.5467336438344,0.0,OUTFLOW,,,
canonical_native_policy,Eulerian_KWNSolver_frozen_78b6745,accepted_state,35,62.2500583201211,63.98383919344492,1.7337808733238242,62.2500583201211,63.98383919344492,0.0061797668365224795,8.916179015749838e-09,4.724027182871601e-10,0x1.03b4c5a5fbe5ep-31,4.727981588260222e-10,4.731939303816496e-10,-11767672.839996932,-3.7690197174759797e-06,-1.8794410942853785e-06,-3.7690197174759797e-06,-2.5093052051373455e-06,3980003798170.3423,2.7939336866916632e-67,15000699.162477491,6.624258544131543e-21,1.6153182335905639e-16,97778919.66559416,4.3178843666896697e-20,1.052911401567868e-15,147.08108000114953,0.0,731.5467336438344,0.0,OUTFLOW,,,
canonical_native_policy,Eulerian_KWNSolver_frozen_78b6745,accepted_state,36,63.983839193444915,65.7163541558,1.7325149623550875,63.983839193444915,65.7163541558,0.006178878641938473,8.920684825782733e-09,4.724027182871601e-10,0x1.03b4c5a5fbe5ep-31,4.727981588260222e-10,4.731939303816496e-10,-11767683.356972672,-3.7690231011757044e-06,-1.8794427892227623e-06,-3.7690231011757044e-06,-2.509307462995344e-06,5257750572686.554,2.7939336866916632e-67,19816565.578026246,8.750929034957265e-21,2.1339045172906595e-16,132111416.03201543,5.833995915446773e-20,1.422613552012186e-15,147.0598091622196,0.0,731.5467336438344,0.0,OUTFLOW,,,
canonical_native_policy,Eulerian_KWNSolver_frozen_78b6745,accepted_state,37,65.7163541558,67.44762000618573,1.7312658503857217,65.7163541558,67.44762000618573,0.0061780009486125395,8.925142476034116e-09,4.724027182871601e-10,0x1.03b4c5a5fbe5ep-31,4.727981588260222e-10,4.731939303816496e-10,-11767693.74960463,-3.7690264448694395e-06,-1.8794444641206462e-06,-3.7690264448694395e-06,-2.5093096941583486e-06,6893430553201.778,2.7939336866916632e-67,25981499.00136792,1.1473343001215916e-20,2.797762198838283e-16,177092297.99491444,7.820336608223487e-20,1.9069805672470647e-15,147.03878984896414,0.0,731.5467336438344,0.0,OUTFLOW,,,
canonical_native_policy,Eulerian_KWNSolver_frozen_78b6745,accepted_state,38,67.44762000618573,69.1638034966336,1.7161834904478817,67.44762000618573,69.1638034966336,0.006177140563985387,8.929517160237249e-09,4.724027182871601e-10,0x1.03b4c5a5fbe5ep-31,4.727981588260222e-10,4.731939303816496e-10,-11767703.937286936,-3.7690297226232992e-06,-1.8794461059884248e-06,-3.7690297226232992e-06,-2.509311881321328e-06,8952047765350.775,2.7939336866916632e-67,33740504.76334144,1.4899693976994718e-20,3.633274153721066e-16,234997195.22913915,1.0377397489827894e-19,2.530517079135774e-15,147.01818508664462,0.0,731.5467336438344,0.0,OUTFLOW,,,
canonical_native_policy,Eulerian_KWNSolver_frozen_78b6745,accepted_state,39,69.1638034966336,70.87879567077879,1.7149921741451861,69.1638034966336,70.87879567077879,0.006176290244995045,8.933845480224498e-09,4.724027182871601e-10,0x1.03b4c5a5fbe5ep-31,4.727981588260222e-10,4.731939303816496e-10,-11767714.005783588,-3.7690329620307284e-06,-1.8794477286479985e-06,-3.7690329620307284e-06,-2.509314042896695e-06,11547236154000.242,2.7939336866916632e-67,43521876.27857727,1.9219114900734148e-20,4.686560243052537e-16,309636872.45101416,1.3673460654703514e-19,3.3342584931852805e-15,146.99782141442176,0.0,731.5467336438344,0.0,OUTFLOW,,,
canonical_native_policy,Eulerian_KWNSolver_frozen_78b6745,accepted_state,40,70.87879567077879,72.59261208974418,1.7138164189653888,70.87879567077879,72.59261208974418,0.006175449863144914,8.938127929012468e-09,4.724027182871601e-10,0x1.03b4c5a5fbe5ep-31,4.727981588260222e-10,4.731939303816496e-10,-11767723.956616085,-3.7690361635812516e-06,-1.8794493323445755e-06,-3.7690361635812516e-06,-2.5093161792110977e-06,14798914208368.92,2.7939336866916632e-67,55777595.45360734,2.4631199469615092e-20,6.006291172575555e-16,405229431.34981567,1.7894796061687305e-19,4.363626536049967e-15,146.97769575379402,0.0,731.5467336438344,0.0,OUTFLOW,,,
canonical_native_policy,Eulerian_KWNSolver_frozen_78b6745,accepted_state,41,72.59261208974418,74.30526807675035,1.7126559870061713,72.59261208974418,74.30526807675035,0.006174619291902446,8.942364993901527e-09,4.724027182871601e-10,0x1.03b4c5a5fbe5ep-31,4.727981588260222e-10,4.731939303816496e-10,-11767733.791282684,-3.769039327756913e-06,-1.879450917319618e-06,-3.769039327756913e-06,-2.5093182905861925e-06,18849398958384.63,2.7939336866916632e-67,71044066.33592243,3.137282191571239e-20,7.650228465876366e-16,526903476.9012968,2.326788119000963e-19,5.673847494454787e-15,146.95780507333063,0.0,731.5467336438344,0.0,OUTFLOW,,,
canonical_native_policy,Eulerian_KWNSolver_frozen_78b6745,accepted_state,42,74.30526807675035,76.00311643174864,1.6978483549982837,74.30526807675035,76.00311643174864,0.00617380495939075,8.94652367478192e-09,4.724027182871601e-10,0x1.03b4c5a5fbe5ep-31,4.727981588260222e-10,4.731939303816496e-10,-11767743.433668962,-3.7690424300688894e-06,-1.8794524713063697e-06,-3.7690424300688894e-06,-2.509320360681201e-06,23817476980184.12,2.7939336866916632e-67,89769007.4262589,3.9641693230476836e-20,9.666583732955409e-16,679317638.4897993,2.99984395540808e-19,7.315086823399939e-15,146.93830331340462,0.0,731.5467336438344,0.0,OUTFLOW,,,
canonical_native_policy,Eulerian_KWNSolver_frozen_78b6745,accepted_state,43,76.00311643174864,77.6998574469589,1.6967410152102687,76.00311643174864,77.6998574469589,0.006173000035728488,8.950638648836994e-09,4.724027182871601e-10,0x1.03b4c5a5fbe5ep-31,4.727981588260222e-10,4.731939303816496e-10,-11767752.9646465,-3.769045496536558e-06,-1.8794540073382606e-06,-3.769045496536558e-06,-2.509322406858201e-06,29927863651597.87,2.7939336866916632e-67,112799387.94418883,4.98118321865401e-20,1.2146561044292741e-15,870708986.5053191,3.8450217425448156e-19,9.376043655160615e-15,146.91902690945574,0.0,731.5467336438344,0.0,OUTFLOW,,,
canonical_native_policy,Eulerian_KWNSolver_frozen_78b6745,accepted_state,44,77.6998574469589,79.39550533522184,1.6956478882629389,77.6998574469589,79.39550533522184,0.006172204403036878,8.954710374950589e-09,4.724027182871601e-10,0x1.03b4c5a5fbe5ep-31,4.727981588260222e-10,4.731939303816496e-10,-11767762.38561108,-3.769048527608992e-06,-1.8794555256402371e-06,-3.769048527608992e-06,-2.509324429416849e-06,37405382149861.01,2.7939336866916632e-67,140982587.13816258,6.225743862391418e-20,1.518140862345197e-15,1109765812.6679902,4.900688685857812e-19,1.1950276002481927e-14,146.8999730374212,0.0,731.5467336438344,0.0,OUTFLOW,,,
canonical_native_policy,Eulerian_KWNSolver_frozen_78b6745,accepted_state,45,79.39550533522184,81.09007409746665,1.6945687622448082,79.39550533522184,81.09007409746665,0.0061714179452124415,8.958739306699563e-09,4.724027182871601e-10,0x1.03b4c5a5fbe5ep-31,4.727981588260222e-10,4.731939303816496e-10,-11767771.697937466,-3.769051523728505e-06,-1.8794570264338597e-06,-3.769051523728505e-06,-2.509326428652289e-06,46511695036315.125,2.7939336866916632e-67,175304835.693222,7.741402871228634e-20,1.8877326614227693e-15,1406831911.1041827,6.212522634011443e-19,1.5149168801998205e-14,146.88113891578382,0.0,731.5467336438344,0.0,OUTFLOW,,,
canonical_native_policy,Eulerian_KWNSolver_frozen_78b6745,accepted_state,46,81.09007409746665,82.77009612335053,1.6800220258838767,81.09007409746665,82.77009612335053,0.006170646736288336,8.962694141611877e-09,4.724027182871601e-10,0x1.03b4c5a5fbe5ep-31,4.727981588260222e-10,4.731939303816496e-10,-11767780.829703966,-3.76905446175523e-06,-1.8794584981280802e-06,-3.76905446175523e-06,-2.5093283891238678e-06,57444183276005.12,2.7939336866916632e-67,216510086.5057666,9.561012956076179e-20,2.33144259944797e-15,1770573625.2598941,7.818793869608353e-19,1.9066043721154754e-14,146.86267000433372,0.0,731.5467336438344,0.0,OUTFLOW,,,
canonical_native_policy,Eulerian_KWNSolver_frozen_78b6745,accepted_state,47,82.77009612335053,84.4490878666537,1.678991743303174,82.77009612335053,84.4490878666537,0.006169884331122182,8.966607750164179e-09,4.724027182871601e-10,0x1.03b4c5a5fbe5ep-31,4.727981588260222e-10,4.731939303816496e-10,-11767789.857226517,-3.769057366242824e-06,-1.8794599530221324e-06,-3.769057366242824e-06,-2.5093303272156252e-06,70616516683571.39,2.7939336866916632e-67,266157497.2798274,1.1753425999307717e-19,2.866060132972693e-15,2217449865.6109614,9.792184390444605e-19,2.3878135020226302e-14,146.84441195345528,0.0,731.5467336438344,0.0,OUTFLOW,,,
canonical_native_policy,Eulerian_KWNSolver_frozen_78b6745,accepted_state,48,84.4490878666537,86.12706232994158,1.6779744632878828,84.4490878666537,86.12706232994158,0.0061691306214015145,8.970480559913039e-09,4.724027182871601e-10,0x1.03b4c5a5fbe5ep-31,4.727981588260222e-10,4.731939303816496e-10,-11767798.781787632,-3.769060237603921e-06,-1.8794613913227083e-06,-3.769060237603921e-06,-2.5093322432029017e-06,86420696067560.48,2.7939336866916632e-67,325724561.1092711,1.4383887601444481e-19,3.5074953306455856e-15,2764007361.217972,1.2205763998247309e-18,2.9763622615151085e-14,146.826362168321,0.0,731.5467336438344,0.0,OUTFLOW,,,
canonical_native_policy,Eulerian_KWNSolver_frozen_78b6745,accepted_state,49,86.12706232994158,87.80403232655907,1.676969996617484,86.12706232994158,87.80403232655907,0.006168385500415622,8.974312993516086e-09,4.724027182871601e-10,0x1.03b4c5a5fbe5ep-31,4.727981588260222e-10,4.731939303816496e-10,-11767807.604650857,-3.7690630762450487e-06,-1.879462813233444e-06,-3.7690630762450487e-06,-2.509334137356963e-06,105305599981393.05,2.7939336866916632e-67,396903149.68689275,1.7527110250185748e-19,4.2739667512462504e-15,3429602034.805869,1.5145007799944136e-18,3.693093662353175e-14,146.80851809248873,0.0,731.5467336438344,0.0,OUTFLOW,,,
canonical_native_policy,Eulerian_KWNSolver_frozen_78b6745,accepted_state,50,87.80403232655907,89.46670383085672,1.6626715042976459,87.80403232655907,89.46670383085672,0.006167654711354389,8.978075345085827e-09,4.724027182871601e-10,0x1.03b4c5a5fbe5ep-31,4.727981588260222e-10,4.731939303816496e-10,-11767816.257811964,-3.769065860286733e-06,-1.8794642077946379e-06,-3.769065860286733e-06,-2.5093359950781838e-06,127572084738045.58,2.7939336866916632e-67,480827234.1457721,2.1233169731238174e-19,5.177685320597472e-15,4229059775.5102963,1.867538642574864e-18,4.5539726464309386e-14,146.79101726200986,0.0,731.5467336438344,0.0,OUTFLOW,,,
canonical_native_policy,Eulerian_KWNSolver_frozen_78b6745,accepted_state,51,89.46670383085672,91.12841586573292,1.6617120348762018,89.46670383085672,91.12841586573292,0.006166932167744731,8.981798787823975e-09,4.724027182871601e-10,0x1.03b4c5a5fbe5ep-31,4.727981588260222e-10,4.731939303816496e-10,-11767824.813339941,-3.769068612916232e-06,-1.8794655866210768e-06,-3.769068612916232e-06,-2.5093378318388417e-06,153937962068807.78,2.7939336866916632e-67,580202317.4356575,2.5621540149354644e-19,6.247784669061583e-15,5193188949.0561905,2.293294858757328e-18,5.592174544020405e-14,146.7737139177134,0.0,731.5467336438344,0.0,OUTFLOW,,,
canonical_native_policy,Eulerian_KWNSolver_frozen_78b6745,accepted_state,52,91.12841586573292,92.78918034488751,1.6607644791545946,91.12841586573292,92.78918034488751,0.006166217769912812,8.985483720483016e-09,4.724027182871601e-10,0x1.03b4c5a5fbe5ep-31,4.727981588260222e-10,4.731939303816496e-10,-11767833.27241502,-3.769071334513269e-06,-1.879466949902968e-06,-3.769071334513269e-06,-2.5093396478923155e-06,185046445565726.75,2.7939336866916632e-67,697452749.9134927,3.0799280004889085e-19,7.510370895386155e-15,6351493702.001212,2.8047983609138895e-18,6.839470264853786e-14,146.75660567177192,0.0,731.5467336438344,0.0,OUTFLOW,,,
canonical_native_policy,Eulerian_KWNSolver_frozen_78b6745,accepted_state,53,92.78918034488751,94.4490090126714,1.6598286677838898,92.78918034488751,94.4490090126714,0.006165511419624451,8.989130537331517e-09,4.724027182871601e-10,0x1.03b4c5a5fbe5ep-31,4.727981588260222e-10,4.731939303816496e-10,-11767841.636200367,-3.769074025452078e-06,-1.8794682978277708e-06,-3.769074025452078e-06,-2.5093414434883225e-06,221624043598027.84,2.7939336866916632e-67,835316829.7642457,3.688731162920541e-19,8.994930778415815e-15,7737976522.726262,3.4170645341102216e-18,8.332474661928409e-14,146.73969017085813,0.0,731.5467336438344,0.0,OUTFLOW,,,
canonical_native_policy,Eulerian_KWNSolver_frozen_78b6745,accepted_state,54,94.4490090126714,96.09477583316153,1.645766820490132,94.4490090126714,96.09477583316153,0.006164818550634012,8.992711035098753e-09,4.724027182871601e-10,0x1.03b4c5a5fbe5ep-31,4.727981588260222e-10,4.731939303816496e-10,-11767849.840355733,-3.7690766650320246e-06,-1.8794696200262789e-06,-3.7690766650320246e-06,-2.5093432048138478e-06,264092808038749.7,2.7939336866916632e-67,995385343.0875533,4.395588360404149e-19,1.0718594358321706e-14,9376148693.981943,4.140475882118798e-18,1.0096505357650268e-13,146.72309754007256,0.0,731.5467336438344,0.0,OUTFLOW,,,
canonical_native_policy,Eulerian_KWNSolver_frozen_78b6745,accepted_state,55,96.09477583316153,97.73964835069656,1.6448725175350245,96.09477583316153,97.73964835069656,0.006164133411221275,8.996254791263949e-09,4.724027182871601e-10,0x1.03b4c5a5fbe5ep-31,4.727981588260222e-10,4.731939303816496e-10,-11767857.952986358,-3.769079275165079e-06,-1.8794709274744715e-06,-3.769079275165079e-06,-2.5093449464902e-06,313638296571208.2,2.7939336866916632e-67,1182126784.8669345,5.220232317230362e-19,1.2729479668439517e-14,11320596554.651602,4.999137549494838e-18,1.2190342484563969e-13,146.70669003777948,0.0,731.5467336438344,0.0,OUTFLOW,,,
canonical_native_policy,Eulerian_KWNSolver_frozen_78b6745,accepted_state,56,97.73964835069656,99.38363749723585,1.6439891465393044,97.73964835069656,99.38363749723585,0.006163455909530048,8.999762178051887e-09,4.724027182871601e-10,0x1.03b4c5a5fbe5ep-31,4.727981588260222e-10,4.731939303816496e-10,-11767865.975179894,-3.7690818562011804e-06,-1.8794722203476373e-06,-3.7690818562011804e-06,-2.5093466687508855e-06,371262993889724.4,2.7939336866916632e-67,1399319655.9054995,6.17934876648262e-19,1.506827468722139e-14,13621062881.499357,6.015015779972684e-18,1.4667550488850458e-13,146.69046546347454,0.0,731.5467336438344,0.0,OUTFLOW,,,
canonical_native_policy,Eulerian_KWNSolver_frozen_78b6745,accepted_state,57,99.38363749723585,101.02675405284353,1.6431165556076701,99.38363749723585,101.02675405284353,0.006162785954993715,9.003233563613191e-09,4.724027182871601e-10,0x1.03b4c5a5fbe5ep-31,4.727981588260222e-10,4.731939303816496e-10,-11767873.908008726,-3.7690844084853548e-06,-1.8794734988186044e-06,-3.7690844084853548e-06,-2.5093483718261304e-06,438086033702741.75,2.7939336866916632e-67,1651182121.0841427,7.291564983096693e-19,1.7780401821787153e-14,16334147560.9761,7.213104893974217e-18,1.7589077748723983e-13,146.6744216475563,0.0,731.5467336438344,0.0,OUTFLOW,,,
canonical_native_policy,Eulerian_KWNSolver_frozen_78b6745,accepted_state,58,101.02675405284353,102.65603474818606,1.6292806953425236,101.02675405284353,102.65603474818606,0.006162128691668531,9.006642159849584e-09,4.724027182871601e-10,0x1.03b4c5a5fbe5ep-31,4.727981588260222e-10,4.731939303816496e-10,-11767881.690562878,-3.7690869124206103e-06,-1.8794747530709957e-06,-3.7690869124206103e-06,-2.509350042639354e-06,514650409867403.1,2.7939336866916632e-67,1939760835.6518264,8.565918928152249e-19,2.0887900041825572e-14,19494562444.085102,8.608733528724975e-18,2.099230297916305e-13,146.65868177694585,0.0,731.5467336438344,0.0,OUTFLOW,,,
canonical_native_policy,Eulerian_KWNSolver_frozen_78b6745,accepted_state,59,102.65603474818606,104.28448119028425,1.6284464420981934,102.65603474818606,104.28448119028425,0.006161478680610652,9.010016042863556e-09,4.724027182871601e-10,0x1.03b4c5a5fbe5ep-31,4.727981588260222e-10,4.731939303816496e-10,-11767889.387244044,-3.7690893887273536e-06,-1.8794759934839203e-06,-3.7690893887273536e-06,-2.5093516950167643e-06,602834182380659.1,2.7939336866916632e-67,2272134427.1707215,1.0033669584048406e-18,2.446699403557367e-14,23194611667.98008,1.0242662882258223e-17,2.4976621917769816e-13,146.64311560111253,0.0,731.5467336438344,0.0,OUTFLOW,,,
canonical_native_policy,Eulerian_KWNSolver_frozen_78b6745,accepted_state,60,104.28448119028425,105.91210342414345,1.6276222338592012,104.28448119028425,105.91210342414345,0.0061608358370530344,9.013355560410838e-09,4.724027182871601e-10,0x1.03b4c5a5fbe5ep-31,4.727981588260222e-10,4.731939303816496e-10,-11767896.99905594,-3.7690918377285165e-06,-1.8794772202191394e-06,-3.7690918377285165e-06,-2.509353329173845e-06,704132465301297.8,2.7939336866916632e-67,2653938203.225553,1.171970228047053e-18,2.857836640852138e-14,27514220494.83833,1.2150187682848645e-17,2.962810037515825e-13,146.62772108941522,0.0,731.5467336438344,0.0,OUTFLOW,,,
canonical_native_policy,Eulerian_KWNSolver_frozen_78b6745,accepted_state,61,105.91210342414345,107.53891135824647,1.6268079341030086,105.91210342414345,107.53891135824647,0.0061602000773817575,9.01666105656121e-09,4.724027182871601e-10,0x1.03b4c5a5fbe5ep-31,4.727981588260222e-10,4.731939303816496e-10,-11767904.526988626,-3.7690942597426383e-06,-1.8794784334362133e-06,-3.7690942597426383e-06,-2.50935494532315e-06,820197611668617.0,2.7939336866916632e-67,3091400123.4646077,1.3651519478781138e-18,3.32890816132584e-14,32543334743.177574,1.4371027702912937e-17,3.5043594583903383e-13,146.6124962388452,0.0,731.5467336438344,0.0,OUTFLOW,,,
canonical_native_policy,Eulerian_KWNSolver_frozen_78b6745,accepted_state,62,107.53891135824647,109.15209960461763,1.61318824637117,107.53891135824647,109.15209960461763,0.006159576274176105,9.019907076939746e-09,4.724027182871601e-10,0x1.03b4c5a5fbe5ep-31,4.727981588260222e-10,4.731939303816496e-10,-11767911.913346637,-3.7690966362069553e-06,-1.8794796238368216e-06,-3.7690966362069553e-06,-2.5093565310782117e-06,951660728836073.8,2.7939336866916632e-67,3586898990.278541,1.5839625890720935e-18,3.8624755274990695e-14,38329678035.21553,1.6926257534295685e-17,4.1274494706761166e-13,146.59755773459017,0.0,731.5467336438344,0.0,OUTFLOW,,,
canonical_native_policy,Eulerian_KWNSolver_frozen_78b6745,accepted_state,63,109.15209960461763,110.76450900208923,1.6124093974715934,109.15209960461763,110.76450900208923,0.006158959281042412,9.023120284022366e-09,4.724027182871601e-10,0x1.03b4c5a5fbe5ep-31,4.727981588260222e-10,4.731939303816496e-10,-11767919.219067631,-3.769098986727364e-06,-1.879480801241803e-06,-3.769098986727364e-06,-2.509358099521554e-06,1101392677455654.4,2.7939336866916632e-67,4151255435.741079,1.833180506537048e-18,4.4701907057890903e-14,45023201311.10948,1.9882095010297757e-17,4.848227220926567e-13,146.58278233272904,0.0,731.5467336438344,0.0,OUTFLOW,,,
canonical_native_policy,Eulerian_KWNSolver_frozen_78b6745,accepted_state,64,110.76450900208923,112.37614879280454,1.611639790715309,110.76450900208923,112.37614879280454,0.006158349019654461,9.026301002963045e-09,4.724027182871601e-10,0x1.03b4c5a5fbe5ep-31,4.727981588260222e-10,4.731939303816496e-10,-11767926.445079057,-3.7691013116022593e-06,-1.8794819658006268e-06,-3.7691013116022593e-06,-2.5093596508522884e-06,1271540064308197.2,2.7939336866916632e-67,4792560367.967274,2.1163786182170265e-18,5.160766217701057e-14,52747082299.53075,2.32929350036354e-17,5.679956839629204e-13,146.56816815694594,0.0,731.5467336438344,0.0,OUTFLOW,,,
canonical_native_policy,Eulerian_KWNSolver_frozen_78b6745,accepted_state,65,112.37614879280454,113.98702809596007,1.6108793031555215,112.37614879280454,113.98702809596007,0.0061577454127292675,9.029449555521961e-09,4.724027182871601e-10,0x1.03b4c5a5fbe5ep-31,4.727981588260222e-10,4.731939303816496e-10,-11767933.592296012,-3.769103611126062e-06,-1.8794831176607721e-06,-3.769103611126062e-06,-2.509361185266874e-06,1464454585856948.8,2.7939336866916632e-67,5519677700.335369,2.437471198593126e-18,5.943746978939077e-14,61638616867.09006,2.721940690948675e-17,6.637422738785815e-13,146.5537133559235,0.0,731.5467336438344,0.0,OUTFLOW,,,
canonical_native_policy,Eulerian_KWNSolver_frozen_78b6745,accepted_state,66,113.98702809596007,115.59715590980689,1.6101278138468151,113.98702809596007,115.59715590980689,0.006157148384015914,9.032566260075444e-09,4.724027182871601e-10,0x1.03b4c5a5fbe5ep-31,4.727981588260222e-10,4.731939303816496e-10,-11767940.66162137,-3.7691058855892593e-06,-1.8794842569677474e-06,-3.7691058855892593e-06,-2.509362702959146e-06,1682707942038107.5,2.7939336866916632e-67,6342300580.806335,2.800738709362798e-18,6.829570848747344e-14,71850531436.02315,3.172895420474922e-17,7.737070936806366e-13,146.53941610307493,0.0,731.5467336438344,0.0,OUTFLOW,,,
canonical_native_policy,Eulerian_KWNSolver_frozen_78b6745,accepted_state,67,115.59715590980689,117.19388920770174,1.5967332978948583,115.59715590980689,117.19388920770174,0.006156562500084385,9.035627171407357e-09,4.724027182871601e-10,0x1.03b4c5a5fbe5ep-31,4.727981588260222e-10,4.731939303816496e-10,-11767947.598983075,-3.769108117594873e-06,-1.8794853750071908e-06,-3.769108117594873e-06,-2.5093641923205365e-06,1926926510868013.0,2.7939336866916632e-67,7262790053.210604,3.207223779579355e-18,7.820780266720367e-14,83447270149.6041,3.6850035207403775e-17,8.98584096354551e-13,146.5253857548663,0.0,731.5467336438344,0.0,OUTFLOW,,,
canonical_native_policy,Eulerian_KWNSolver_frozen_78b6745,accepted_state,68,117.19388920770174,118.78990341751043,1.5960142098086838,117.19388920770174,118.78990341751043,0.006155982943025745,9.038657357040854e-09,4.724027182871601e-10,0x1.03b4c5a5fbe5ep-31,4.727981588260222e-10,4.731939303816496e-10,-11767954.46142925,-3.7691103254973927e-06,-1.879486480973093e-06,-3.7691103254973927e-06,-2.509365665598537e-06,2201810450822699.5,2.7939336866916632e-67,8298861643.601064,3.664749526255448e-18,8.93645181851654e-14,96692371258.02765,4.269902752669711e-17,1.0412111372307814e-12,146.51150693456327,0.0,731.5467336438344,0.0,OUTFLOW,,,
canonical_native_policy,Eulerian_KWNSolver_frozen_78b6745,accepted_state,69,118.78990341751043,120.3852069415022,1.5953035239917712,118.78990341751043,120.3852069415022,0.006155409641329322,9.04165711807123e-09,4.724027182871601e-10,0x1.03b4c5a5fbe5ep-31,4.727981588260222e-10,4.731939303816496e-10,-11767961.249806643,-3.769112509569248e-06,-1.8794875750019184e-06,-3.769112509569248e-06,-2.5093671229749324e-06,2510603599707747.0,2.7939336866916632e-67,9462741950.889393,4.178715174549125e-18,1.0189751455897791e-13,111788316838.90627,4.936534657041322e-17,1.2037686012927216e-12,146.49777792915188,0.0,731.5467336438344,0.0,OUTFLOW,,,
canonical_native_policy,Eulerian_KWNSolver_frozen_78b6745,accepted_state,70,120.3852069415022,121.97980807279318,1.5946011312909694,120.3852069415022,121.97980807279318,0.006154842524414839,9.044626752501378e-09,4.724027182871601e-10,0x1.03b4c5a5fbe5ep-31,4.727981588260222e-10,4.731939303816496e-10,-11767967.96495098,-3.7691146700793235e-06,-1.8794886572283544e-06,-3.7691146700793235e-06,-2.509368564629143e-06,2856826911776936.5,2.7939336866916632e-67,10767702050.852533,4.754981187106362e-18,1.159496985321847e-13,128958506710.59981,5.69476449506403e-17,1.38866212174499e-12,146.4841970479123,0.0,731.5467336438344,0.0,OUTFLOW,,,
canonical_native_policy,Eulerian_KWNSolver_frozen_78b6745,accepted_state,71,121.97980807279318,123.56121224910042,1.5814041763072442,121.97980807279318,123.56121224910042,0.006154285922612932,9.047543489621128e-09,4.724027182871601e-10,0x1.03b4c5a5fbe5ep-31,4.727981588260222e-10,4.731939303816496e-10,-11767974.555587484,-3.7691167905306278e-06,-1.8794897193888528e-06,-3.7691167905306278e-06,-2.5093699795531393e-06,3240903061361704.5,2.7939336866916632e-67,12215335272.88339,5.3942511728543325e-18,1.3153822753186697e-13,148275888926.1308,6.54781362834424e-17,1.596677224107937e-12,146.47086798960095,0.0,731.5467336438344,0.0,OUTFLOW,,,
canonical_native_policy,Eulerian_KWNSolver_frozen_78b6745,accepted_state,72,123.56121224910042,125.14194406335847,1.5807318142580447,123.56121224910042,125.14194406335847,0.006153735271648426,9.05043115438094e-09,4.724027182871601e-10,0x1.03b4c5a5fbe5ep-31,4.727981588260222e-10,4.731939303816496e-10,-11767981.075761037,-3.769118888311397e-06,-1.8794907701933966e-06,-3.769118888311397e-06,-2.5093713793496566e-06,3669576912238978.5,2.7939336866916632e-67,13831063954.063469,6.107751550761907e-18,1.4893685656226457e-13,170139091743.3566,7.513285347331566e-17,1.832106451591496e-12,146.45768145191323,0.0,731.5467336438344,0.0,OUTFLOW,,,
canonical_native_policy,Eulerian_KWNSolver_frozen_78b6745,accepted_state,73,125.14194406335847,126.72201126640121,1.5800672030427405,125.14194406335847,126.72201126640121,0.0061531905052751934,9.053290028735981e-09,4.724027182871601e-10,0x1.03b4c5a5fbe5ep-31,4.727981588260222e-10,4.731939303816496e-10,-11767987.526256045,-3.7691209636740036e-06,-1.8794918097684044e-06,-3.7691209636740036e-06,-2.5093727641870955e-06,4147198273985257.0,2.7939336866916632e-67,15631283348.050255,6.9027224099707616e-18,1.683221344088069e-13,194837569903.07892,8.60396187650186e-17,2.0980667357170036e-12,146.44463584796995,0.0,731.5467336438344,0.0,OUTFLOW,,,
canonical_native_policy,Eulerian_KWNSolver_frozen_78b6745,accepted_state,74,126.7220112664012,128.30142151037847,1.5794102439772748,126.7220112664012,128.30142151037847,0.006152651558092048,9.05612039178618e-09,4.724027182871601e-10,0x1.03b4c5a5fbe5ep-31,4.727981588260222e-10,4.731939303816496e-10,-11767993.907846916,-3.7691230168676032e-06,-1.8794928382386795e-06,-3.7691230168676032e-06,-2.5093741342317123e-06,4678457684806949.0,2.7939336866916632e-67,17633672937.467617,7.786970950835926e-18,1.898844388021148e-13,222688373579.4601,9.833844045432232e-17,2.3979721635329395e-12,146.43172961113805,0.0,731.5467336438344,0.0,OUTFLOW,,,
canonical_native_policy,Eulerian_KWNSolver_frozen_78b6745,accepted_state,75,128.30142151037847,129.86782469572236,1.5664031853438736,128.30142151037847,129.86782469572236,0.006152122538465717,9.058900581780111e-09,4.724027182871601e-10,0x1.03b4c5a5fbe5ep-31,4.727981588260222e-10,4.731939303816496e-10,-11768000.171887113,-3.7691250322408066e-06,-1.879493847764247e-06,-3.7691250322408066e-06,-2.5093754790397264e-06,5263289527591641.0,2.7939336866916632e-67,19837985702.88387,8.760388090403119e-18,2.1362110976622494e-13,253762657575.26364,1.120607402639783e-16,2.7325889503274476e-12,146.41906112438676,0.0,731.5467336438344,0.0,OUTFLOW,,,
canonical_native_policy,Eulerian_KWNSolver_frozen_78b6745,accepted_state,76,129.86782469572236,131.43359878336702,1.5657740876446569,129.86782469572236,131.43359878336702,0.0061515991200311645,9.061653251498032e-09,4.724027182871601e-10,0x1.03b4c5a5fbe5ep-31,4.727981588260222e-10,4.731939303816496e-10,-11768006.369604459,-3.769127026275498e-06,-1.8794948466010873e-06,-3.769127026275498e-06,-2.5093768096090867e-06,5911153521690886.0,2.7939336866916632e-67,22279876708.023518,9.838718985478727e-18,2.399160912355514e-13,288647911200.6046,1.2746595150705843e-16,3.108243349193065e-12,146.4065267832175,0.0,731.5467336438344,0.0,OUTFLOW,,,
canonical_native_policy,Eulerian_KWNSolver_frozen_78b6745,accepted_state,77,131.43359878336702,132.998750931239,1.5651521478719599,131.43359878336702,132.998750931239,0.0061510812413637745,9.064378665082831e-09,4.724027182871601e-10,0x1.03b4c5a5fbe5ep-31,4.727981588260222e-10,4.731939303816496e-10,-11768012.50172627,-3.7691289992056828e-06,-1.8794958348664172e-06,-3.7691289992056828e-06,-2.5093781260959385e-06,6627738867411540.0,2.7939336866916632e-67,24980789688.257393,1.1031433117832216e-17,2.6900029549201923e-13,327746647836.7184,1.447318227455394e-16,3.5292697394605907e-12,146.3941251162687,0.0,731.5467336438344,0.0,OUTFLOW,,,
canonical_native_policy,Eulerian_KWNSolver_frozen_78b6745,accepted_state,78,132.998750931239,134.56328820791072,1.564537276671736,132.998750931239,134.56328820791072,0.00615056884179529,9.067077084102319e-09,4.724027182871601e-10,0x1.03b4c5a5fbe5ep-31,4.727981588260222e-10,4.731939303816496e-10,-11768018.568970911,-3.7691309512624847e-06,-1.8794968126760092e-06,-3.7691309512624847e-06,-2.5093794286545053e-06,7419144819768210.0,2.7939336866916632e-67,27963713889.49498,1.2348682461514233e-17,3.0112127731752134e-13,371496920611.0165,1.640517967743609e-16,4.000385202622861e-12,146.381854670302,0.0,731.5467336438344,0.0,OUTFLOW,,,
canonical_native_policy,Eulerian_KWNSolver_frozen_78b6745,accepted_state,79,134.56328820791072,136.11500120675774,1.5517129988470322,134.56328820791072,136.11500120675774,0.006150065820980651,9.06972789445241e-09,4.724027182871601e-10,0x1.03b4c5a5fbe5ep-31,4.727981588260222e-10,4.731939303816496e-10,-11768024.525163172,-3.7691328675896306e-06,-1.8794977725881716e-06,-3.7691328675896306e-06,-2.5093807073715684e-06,8284399105628165.0,2.7939336866916632e-67,31224985081.63436,1.3788848904775624e-17,3.3623957923323234e-13,419949135850.99316,1.854481328590389e-16,4.522132528445924e-12,146.36980882990804,0.0,731.5467336438344,0.0,OUTFLOW,,,
canonical_native_policy,Eulerian_KWNSolver_frozen_78b6745,accepted_state,80,136.11500120675774,137.66612520779933,1.5511240010415923,136.11500120675774,137.66612520779933,0.006149568075937786,9.072352642341011e-09,4.724027182871601e-10,0x1.03b4c5a5fbe5ep-31,4.727981588260222e-10,4.731939303816496e-10,-11768030.418885825,-3.7691347638179963e-06,-1.8794987224326039e-06,-3.7691347638179963e-06,-2.5093819726772192e-06,9236501667030164.0,2.7939336866916632e-67,34813602014.7498,1.537357013165469e-17,3.7488283380854666e-13,473949349498.7815,2.0929444647194464e-16,5.103622289544847e-12,146.35788934043308,0.0,731.5467336438344,0.0,OUTFLOW,,,
canonical_native_policy,Eulerian_KWNSolver_frozen_78b6745,accepted_state,81,137.66612520779933,139.2166668285165,1.5505416207171745,137.66612520779933,139.2166668285165,0.006149075549630099,9.074951575500437e-09,4.724027182871601e-10,0x1.03b4c5a5fbe5ep-31,4.727981588260222e-10,4.731939303816496e-10,-11768036.250814237,-3.769136640164872e-06,-1.8794996623181498e-06,-3.769136640164872e-06,-2.5093832247164503e-06,1.0282730474191986e+16,2.7939336866916632e-67,38756996897.24773,1.711496011357052e-17,4.1734643891756734e-13,534043686281.97046,2.358319044649501e-16,5.7507353133446325e-12,146.34609483564543,0.0,731.5467336438344,0.0,OUTFLOW,,,
canonical_native_policy,Eulerian_KWNSolver_frozen_78b6745,accepted_state,82,139.2166668285165,140.76663260532862,1.5499657768121153,139.2166668285165,140.76663260532862,0.006148588185724331,9.077524939204173e-09,4.724027182871601e-10,0x1.03b4c5a5fbe5ep-31,4.727981588260222e-10,4.731939303816496e-10,-11768042.021615438,-3.7691384968448645e-06,-1.8795005923523092e-06,-3.7691384968448645e-06,-2.5093844636324635e-06,1.1430847686764472e+16,2.7939336866916632e-67,43084426844.32784,1.9025938694674318e-17,4.639454435532278e-13,600823073404.2438,2.6532145831342063e-16,6.469834873160053e-12,146.33442396616556,0.0,731.5467336438344,0.0,OUTFLOW,,,
canonical_native_policy,Eulerian_KWNSolver_frozen_78b6745,accepted_state,83,140.76663260532862,142.30395026759183,1.5373176622632148,140.76663260532862,142.30395026759183,0.006148109687480156,9.080053109595998e-09,4.724027182871601e-10,0x1.03b4c5a5fbe5ep-31,4.727981588260222e-10,4.731939303816496e-10,-11768047.687439702,-3.769140319749897e-06,-1.8795015054681697e-06,-3.769140319749897e-06,-2.5093856800112924e-06,1.2678392089000026e+16,2.7939336866916632e-67,47786615700.74338,2.1102409555855583e-17,5.145799594200195e-13,674286281740.7812,2.9776256523994946e-16,7.260907733423137e-12,146.3229654132017,0.0,731.5467336438344,0.0,OUTFLOW,,,
canonical_native_policy,Eulerian_KWNSolver_frozen_78b6745,accepted_state,84,142.30395026759183,143.8407161350175,1.536765867425657,142.30395026759183,143.8407161350175,0.00614763616182016,9.082556587697638e-09,4.724027182871601e-10,0x1.03b4c5a5fbe5ep-31,4.727981588260222e-10,4.731939303816496e-10,-11768053.294384362,-3.769142123711185e-06,-1.8795024090948723e-06,-3.769142123711185e-06,-2.5093868837494353e-06,1.4042906115308308e+16,2.7939336866916632e-67,52929683645.670944,2.3373571146940295e-17,5.699619875378648e-13,755626812941.0864,3.3368227157841247e-16,8.136805861601415e-12,146.3116259491111,0.0,731.5467336438344,0.0,OUTFLOW,,,
canonical_native_policy,Eulerian_KWNSolver_frozen_78b6745,accepted_state,85,143.8407161350175,145.3769363317162,1.5362201966987021,143.8407161350175,145.3769363317162,0.006147167555739529,9.085035605933949e-09,4.724027182871601e-10,0x1.03b4c5a5fbe5ep-31,4.727981588260222e-10,4.731939303816496e-10,-11768058.843077037,-3.769143908930657e-06,-1.8795033033335656e-06,-3.769143908930657e-06,-2.5093880749816347e-06,1.55335177952023e+16,2.7939336866916632e-67,58548036251.31428,2.5854616853461202e-17,6.304620169587457e-13,845569488707.4032,3.734006561666062e-16,9.10533434530484e-12,146.30040430425493,0.0,731.5467336438344,0.0,OUTFLOW,,,
canonical_native_policy,Eulerian_KWNSolver_frozen_78b6745,accepted_state,86,145.3769363317162,146.9126169081595,1.5356805764432924,145.3769363317162,146.9126169081595,0.006146703816872489,9.087490394466534e-09,4.724027182871601e-10,0x1.03b4c5a5fbe5ep-31,4.727981588260222e-10,4.731939303816496e-10,-11768064.334137784,-3.769145675607808e-06,-1.8795041882841788e-06,-3.769145675607808e-06,-2.5093892538410075e-06,1.7159917273318442e+16,2.7939336866916632e-67,64678197668.48218,2.856167561817236e-17,6.964733501956245e-13,944894540586.2511,4.1726226664410745e-16,1.0174894941210648e-11,146.28929922430575,0.0,731.5467336438344,0.0,OUTFLOW,,,
canonical_native_policy,Eulerian_KWNSolver_frozen_78b6745,accepted_state,87,146.9126169081595,148.43581936838092,1.5232024602214282,146.9126169081595,148.43581936838092,0.006146248463525379,9.089902265999223e-09,4.724027182871601e-10,0x1.03b4c5a5fbe5ep-31,4.727981588260222e-10,4.731939303816496e-10,-11768069.725906875,-3.7691474103391637e-06,-1.8795050572327458e-06,-3.7691474103391637e-06,-2.5093904113837526e-06,1.8917377013759052e+16,2.7939336866916632e-67,71302349765.25247,3.148687901365265e-17,7.678041165025396e-13,1053502455168.2524,4.652231582223976e-16,1.1344416060435457e-11,146.27839496113563,0.0,731.5467336438344,0.0,OUTFLOW,,,
canonical_native_policy,Eulerian_KWNSolver_frozen_78b6745,accepted_state,88,148.43581936838092,149.95850458107708,1.5226852126961499,148.43581936838092,149.95850458107708,0.006145797800016067,9.092290733803751e-09,4.724027182871601e-10,0x1.03b4c5a5fbe5ep-31,4.727981588260222e-10,4.731939303816496e-10,-11768075.062144317,-3.7691491272039364e-06,-1.8795059172317177e-06,-3.7691491272039364e-06,-2.5093915570045742e-06,2.0829183397786636e+16,2.7939336866916632e-67,78508262663.24701,3.466898603185142e-17,8.45399449678154e-13,1173045825800.044,5.180131105922671e-16,1.2631693301281845e-11,146.26760301449008,0.0,731.5467336438344,0.0,OUTFLOW,,,
canonical_native_policy,Eulerian_KWNSolver_frozen_78b6745,accepted_state,89,149.95850458107708,151.48067821932284,1.5221736382457665,149.95850458107708,151.48067821932284,0.006145351777043102,9.09465601604779e-09,4.724027182871601e-10,0x1.03b4c5a5fbe5ep-31,4.727981588260222e-10,4.731939303816496e-10,-11768080.34343388,-3.7691508263899464e-06,-1.8795067683751773e-06,-3.7691508263899464e-06,-2.509392690828801e-06,2.2906583385775556e+16,2.7939336866916632e-67,86338328775.72012,3.812671702057811e-17,9.297158433655565e-13,1304467753832.641,5.760485941538473e-16,1.4046882249112325e-11,146.25692220345343,0.0,731.5467336438344,0.0,OUTFLOW,,,
canonical_native_policy,Eulerian_KWNSolver_frozen_78b6745,accepted_state,90,151.48067821932284,153.00234588920412,1.5216676698812717,151.48067821932284,153.00234588920412,0.006144910345885146,9.096998328820498e-09,4.724027182871601e-10,0x1.03b4c5a5fbe5ep-31,4.727981588260222e-10,4.731939303816496e-10,-11768085.570352465,-3.7691525080828033e-06,-1.8795076107560985e-06,-3.7691525080828033e-06,-2.5093938129802853e-06,2.516146668356377e+16,2.7939336866916632e-67,94837362943.53748,4.187986206356766e-17,1.0212358766019084e-12,1448778702920.6182,6.397758262750653e-16,1.560086386586031e-11,146.24635136100915,0.0,731.5467336438344,0.0,OUTFLOW,,,
canonical_native_policy,Eulerian_KWNSolver_frozen_78b6745,accepted_state,91,153.00234588920412,154.5116996882823,1.5093537990781731,153.00234588920412,154.5116996882823,0.006144476850566709,9.09929987096643e-09,4.724027182871601e-10,0x1.03b4c5a5fbe5ep-31,4.727981588260222e-10,4.731939303816496e-10,-11768090.703303993,-3.7691541595429863e-06,-1.879508437993096e-06,-3.7691541595429863e-06,-2.509394914958264e-06,2.758583550261824e+16,2.7939336866916632e-67,103975221072.25317,4.591510962960242e-17,1.119634949147807e-12,1605714097856.0164,7.090779714295966e-16,1.729078912993725e-11,146.235970565284,0.0,731.5467336438344,0.0,OUTFLOW,,,
canonical_native_policy,Eulerian_KWNSolver_frozen_78b6745,accepted_state,92,154.5116996882823,156.02056834946686,1.5088686611845477,154.5116996882823,156.02056834946686,0.006144047781171559,9.101579221822768e-09,4.724027182871601e-10,0x1.03b4c5a5fbe5ep-31,4.727981588260222e-10,4.731939303816496e-10,-11768095.783848843,-3.7691557941420036e-06,-1.8795092567841256e-06,-3.7691557941420036e-06,-2.5093960056852097e-06,3.0210143325773068e+16,2.7939336866916632e-67,113866687376.72734,5.0283148043791935e-17,1.2261490902921781e-12,1777523973991.6584,7.849486376985773e-16,1.9140887066219058e-11,146.22569576487012,0.0,731.5467336438344,0.0,OUTFLOW,,,
canonical_native_policy,Eulerian_KWNSolver_frozen_78b6745,accepted_state,93,156.02056834946686,157.5289571329535,1.5083887834866379,156.02056834946686,157.5289571329535,0.006143623091793528,9.103836586325226e-09,4.724027182871601e-10,0x1.03b4c5a5fbe5ep-31,4.727981588260222e-10,4.731939303816496e-10,-11768100.812530585,-3.7691574120547424e-06,-1.8795100672167898e-06,-3.7691574120547424e-06,-2.50939708527782e-06,3.3048028065318116e+16,2.7939336866916632e-67,124563166467.36133,5.5006677410042764e-17,1.341331839597229e-12,1965413657126.6052,8.6792009292075365e-16,2.1164136968001017e-11,146.21552586019266,0.0,731.5467336438344,0.0,OUTFLOW,,,
canonical_native_policy,Eulerian_KWNSolver_frozen_78b6745,accepted_state,94,157.5289571329535,159.03687123790579,1.5079141049522695,157.5289571329535,159.03687123790579,0.006143202737060844,9.106072167461e-09,4.724027182871601e-10,0x1.03b4c5a5fbe5ep-31,4.727981588260222e-10,4.731939303816496e-10,-11768105.789886454,-3.7691590134540517e-06,-1.879510869377672e-06,-3.7691590134540517e-06,-2.509398153851433e-06,3.6113852599591336e+16,2.7939336866916632e-67,136118795203.60211,6.010960438429537e-17,1.465766158265146e-12,2170669108363.226,9.585602132149335e-16,2.337438643261073e-11,146.20545976448045,0.0,731.5467336438344,0.0,OUTFLOW,,,
canonical_native_policy,Eulerian_KWNSolver_frozen_78b6745,accepted_state,95,159.03687123790579,160.5326303404087,1.495759102502915,159.03687123790579,160.5326303404087,0.006142789896660844,9.108269002928108e-09,4.724027182871601e-10,0x1.03b4c5a5fbe5ep-31,4.727981588260222e-10,4.731939303816496e-10,-11768110.678266264,-3.769160586226475e-06,-1.8795116571989892e-06,-3.769160586226475e-06,-2.509399203323042e-06,3.9395087348310344e+16,2.7939336866916632e-67,148486348564.6936,6.557107455544188e-17,1.5989435137516612e-12,2392768915826.287,1.056638744842133e-15,2.5766020747692774e-11,146.1955736202949,0.0,731.5467336438344,0.0,OUTFLOW,,,
canonical_native_policy,Eulerian_KWNSolver_frozen_78b6745,accepted_state,96,160.5326303404087,162.02793417424215,1.4953038338334508,160.5326303404087,162.02793417424215,0.0061423812356294705,9.110444788541148e-09,4.724027182871601e-10,0x1.03b4c5a5fbe5ep-31,4.727981588260222e-10,4.731939303816496e-10,-11768115.51715881,-3.7691621430770167e-06,-1.8795124370448382e-06,-3.7691621430770167e-06,-2.5094002421703797e-06,4.293102011369281e+16,2.7939336866916632e-67,161813908939.02698,7.14564806105771e-17,1.7424584996117217e-12,2634729874230.391,1.1634878942513744e-15,2.8371525622457863e-11,146.18578756607224,0.0,731.5467336438344,0.0,OUTFLOW,,,
canonical_native_policy,Eulerian_KWNSolver_frozen_78b6745,accepted_state,97,162.02793417424215,163.52278762116168,1.4948534469195218,162.02793417424215,163.52278762116168,0.0061419767111877575,9.112599716889198e-09,4.724027182871601e-10,0x1.03b4c5a5fbe5ep-31,4.727981588260222e-10,4.731939303816496e-10,-11768120.307070635,-3.76916368416865e-06,-1.8795132089968532e-06,-3.76916368416865e-06,-2.509401270502192e-06,4.673795054685828e+16,2.7939336866916632e-67,176162913846.22397,7.779295315274002e-17,1.896972692646493e-12,2898067613212.8057,1.2797769584177967e-15,3.120722179077268e-11,146.17610057715467,0.0,731.5467336438344,0.0,OUTFLOW,,,
canonical_native_policy,Eulerian_KWNSolver_frozen_78b6745,accepted_state,98,163.52278762116168,165.01719550724755,1.4944078860858574,163.52278762116168,165.01719550724755,0.006141576281046403,9.114733978751001e-09,4.724027182871601e-10,0x1.03b4c5a5fbe5ep-31,4.727981588260222e-10,4.731939303816496e-10,-11768125.048502477,-3.769165209662482e-06,-1.8795139731357348e-06,-3.769165209662482e-06,-2.5094022884259825e-06,5.083298596908168e+16,2.7939336866916632e-67,191597844672.5172,8.460896694627749e-17,2.063180446884281e-12,3184392943248.4688,1.4062172658558915e-15,3.429045492101469e-11,146.16651164061614,0.0,731.5467336438344,0.0,OUTFLOW,,,
canonical_native_policy,Eulerian_KWNSolver_frozen_78b6745,accepted_state,99,165.01719550724755,166.49960222558187,1.482406718334323,165.01719550724755,166.49960222558187,0.006141182969828869,9.116831406312166e-09,4.724027182871601e-10,0x1.03b4c5a5fbe5ep-31,4.727981588260222e-10,4.731939303816496e-10,-11768129.705640234,-3.7691667080357916e-06,-1.8795147236896088e-06,-3.7691667080357916e-06,-2.509403288252929e-06,5.519751588450131e+16,2.7939336866916632e-67,208048556531.65457,9.187354624418928e-17,2.2403264221070808e-12,3492805521190.752,1.5424112280454767e-15,3.7611529860408125e-11,146.15709318555173,0.0,731.5467336438344,0.0,OUTFLOW,,,
canonical_native_policy,Eulerian_KWNSolver_frozen_78b6745,accepted_state,100,166.49960222558187,167.98158148292472,1.4819792573428658,166.49960222558187,167.98158148292472,0.006140793607449386,9.118908859166573e-09,4.724027182871601e-10,0x1.03b4c5a5fbe5ep-31,4.727981588260222e-10,4.731939303816496e-10,-11768134.316020409,-3.769168191365459e-06,-1.8795154667079346e-06,-3.769168191365459e-06,-2.5094042780416293e-06,5.988159551234267e+16,2.7939336866916632e-67,225703716229.18747,9.967000567635573e-17,2.4304422364933486e-12,3827293746947.6084,1.6901201090370816e-15,4.121339484106127e-11,146.1477692989614,0.0,731.5467336438344,0.0,OUTFLOW,,,
canonical_native_policy,Eulerian_KWNSolver_frozen_78b6745,accepted_state,101,167.98158148292472,169.46313781372982,1.4815563308050852,167.98158148292472,169.46313781372982,0.006140408154009492,9.120966518391734e-09,4.724027182871601e-10,0x1.03b4c5a5fbe5ep-31,4.727981588260222e-10,4.731939303816496e-10,-11768138.880115427,-3.769169659803481e-06,-1.87951620226685e-06,-3.769169659803481e-06,-2.5094052578935088e-06,6.4904451590882776e+16,2.7939336866916632e-67,244635794414.3746,1.0803034803893663e-16,2.6343082747430232e-12,4189735456903.7563,1.850173155093245e-15,4.511627094279902e-11,146.13853902519338,0.0,731.5467336438344,0.0,OUTFLOW,,,
canonical_native_policy,Eulerian_KWNSolver_frozen_78b6745,accepted_state,102,169.46313781372982,170.94427570159763,1.4811378878678227,169.46313781372982,170.94427570159763,0.006140026570060125,9.123004563380987e-09,4.724027182871601e-10,0x1.03b4c5a5fbe5ep-31,4.727981588260222e-10,4.731939303816496e-10,-11768143.398392402,-3.7691711135001463e-06,-1.8795169304416357e-06,-3.7691711135001463e-06,-2.5094062279088497e-06,7.028620064728225e+16,2.7939336866916632e-67,264920614982.59604,1.169880569103559e-16,2.8527410302703284e-12,4582119417031.724,2.02344859861121e-15,4.934157376700749e-11,146.1294014193627,0.0,731.5467336438344,0.0,OUTFLOW,,,
canonical_native_policy,Eulerian_KWNSolver_frozen_78b6745,accepted_state,103,170.94427570159763,172.42499957994696,1.4807238783493128,170.94427570159763,172.42499957994696,0.006139648816595475,9.125023171861256e-09,4.724027182871601e-10,0x1.03b4c5a5fbe5ep-31,4.727981588260222e-10,4.731939303816496e-10,-11768147.871313196,-3.7691725526040516e-06,-1.879517651306726e-06,-3.7691725526040516e-06,-2.5094071881868083e-06,7.604787785178093e+16,2.7939336866916632e-67,286637464441.9202,1.265781449472116e-16,3.0865942828942815e-12,5006550355060.377,2.2108758803117066e-15,5.391196762446553e-11,146.12035554720364,0.0,731.5467336438344,0.0,OUTFLOW,,,
canonical_native_policy,Eulerian_KWNSolver_frozen_78b6745,accepted_state,104,172.42499957994696,173.89388073863506,1.4688811586881063,172.42499957994696,173.89388073863506,0.006139277742529217,9.127007078452193e-09,4.724027182871601e-10,0x1.03b4c5a5fbe5ep-31,4.727981588260222e-10,4.731939303816496e-10,-11768152.265144259,-3.7691739662618675e-06,-1.879518359425553e-06,-3.7691739662618675e-06,-2.509408131485229e-06,8.216060069155962e+16,2.7939336866916632e-67,309677481032.08795,1.36752539160524e-16,3.3346957780127286e-12,5461429772218.404,2.4117491084873576e-15,5.881023942274521e-11,146.11146962993246,0.0,731.5467336438344,0.0,OUTFLOW,,,
canonical_native_policy,Eulerian_KWNSolver_frozen_78b6745,accepted_state,105,173.89388073863506,175.36236459300488,1.468483854369817,173.89388073863506,175.36236459300488,0.006138910364051209,9.128972195191471e-09,4.724027182871601e-10,0x1.03b4c5a5fbe5ep-31,4.727981588260222e-10,4.731939303816496e-10,-11768156.615216427,-3.7691753658408307e-06,-1.879519060492107e-06,-3.7691753658408307e-06,-2.5094090653891843e-06,8.869129213594213e+16,2.7939336866916632e-67,334292909352.91895,1.47622629921333e-16,3.5997617576954573e-12,5952333512233.479,2.6285305570664456e-15,6.40964314434989e-11,146.10267221552363,0.0,731.5467336438344,0.0,OUTFLOW,,,
canonical_native_policy,Eulerian_KWNSolver_frozen_78b6745,accepted_state,106,175.36236459300488,176.83045531154582,1.4680907185409289,175.36236459300488,176.83045531154582,0.006138546644335181,9.130918690837214e-09,4.724027182871601e-10,0x1.03b4c5a5fbe5ep-31,4.727981588260222e-10,4.731939303816496e-10,-11768160.921965757,-3.7691767514812353e-06,-1.879519754576663e-06,-3.7691767514812353e-06,-2.509409989992289e-06,9.566334210784582e+16,2.7939336866916632e-67,360571912486.8963,1.5922734975178912e-16,3.88274158725619e-12,6481685790322.043,2.8622907513749176e-15,6.979664833024259e-11,146.09396242192304,0.0,731.5467336438344,0.0,OUTFLOW,,,
canonical_native_policy,Eulerian_KWNSolver_frozen_78b6745,accepted_state,107,176.83045531154582,178.2981570168481,1.4677017053022867,176.83045531154582,178.2981570168481,0.006138186546962205,9.132846732596034e-09,4.724027182871601e-10,0x1.03b4c5a5fbe5ep-31,4.727981588260222e-10,4.731939303816496e-10,-11768165.18582348,-3.7691781233218253e-06,-1.87952044174872e-06,-3.7691781233218253e-06,-2.509410905387124e-06,1.0310113864813928e+17,2.7939336866916632e-67,388606414843.81006,1.7160729216359274e-16,4.184625135057981e-12,7052044088079.711,3.1141590667257305e-15,7.5938429777018e-11,146.08533937683546,0.0,731.5467336438344,0.0,OUTFLOW,,,
canonical_native_policy,Eulerian_KWNSolver_frozen_78b6745,accepted_state,108,178.2981570168481,179.75416014020936,1.4560031233612698,178.2981570168481,179.75416014020936,0.00613783278397311,9.134741761901212e-09,4.724027182871601e-10,0x1.03b4c5a5fbe5ep-31,4.727981588260222e-10,4.731939303816496e-10,-11768169.374676736,-3.769179471030707e-06,-1.8795211168329033e-06,-3.769179471030707e-06,-2.509411804679474e-06,1.1096499671032323e+17,2.7939336866916632e-67,418246838055.0286,1.8469640384978171e-16,4.503801698402344e-12,7661012790623.808,3.383077607604607e-15,8.24959791168916e-11,146.07686802368733,0.0,731.5467336438344,0.0,OUTFLOW,,,
canonical_native_policy,Eulerian_KWNSolver_frozen_78b6745,accepted_state,109,179.75416014020936,181.20978985123966,1.455629711030305,179.75416014020936,181.20978985123966,0.006137482516757855,9.13661894776856e-09,4.724027182871601e-10,0x1.03b4c5a5fbe5ep-31,4.727981588260222e-10,4.731939303816496e-10,-11768173.522137068,-3.7691808054219554e-06,-1.879521785246118e-06,-3.7691808054219554e-06,-2.5094126950853014e-06,1.1933812348244803e+17,2.7939336866916632e-67,449806805141.37067,1.98633179686681e-16,4.843648459769343e-12,8315764940411.206,3.672213965552961e-15,8.954653772471804e-11,146.06848038771022,0.0,731.5467336438344,0.0,OUTFLOW,,,
canonical_native_policy,Eulerian_KWNSolver_frozen_78b6745,accepted_state,110,181.20978985123966,182.66505002853745,1.4552601772978015,181.20978985123966,182.66505002853745,0.006137135710910892,9.138478449030974e-09,4.724027182871601e-10,0x1.03b4c5a5fbe5ep-31,4.727981588260222e-10,4.731939303816496e-10,-11768177.628611872,-3.7691821266266443e-06,-1.8795224470540208e-06,-3.7691821266266443e-06,-2.5094135766920685e-06,1.2824742269612539e+17,2.7939336866916632e-67,483387723971.07184,2.1346240104950024e-16,5.205257408117736e-12,9019219845300.93,3.982857297150671e-15,9.712154154333615e-11,146.0601756448392,0.0,731.5467336438344,0.0,OUTFLOW,,,
canonical_native_policy,Eulerian_KWNSolver_frozen_78b6745,accepted_state,111,182.66505002853745,184.11994450866933,1.454894480131892,182.66505002853745,184.11994450866933,0.006136792332402431,9.140320423070505e-09,4.724027182871601e-10,0x1.03b4c5a5fbe5ep-31,4.727981588260222e-10,4.731939303816496e-10,-11768181.694504084,-3.7691834347744144e-06,-1.8795231023215503e-06,-3.7691834347744144e-06,-2.509414449586281e-06,1.3772087424102766e+17,2.7939336866916632e-67,519095057652.6773,2.2923064009399723e-16,5.589764200394967e-12,9774448379343.557,4.3163636901005284e-15,1.0525405862372965e-10,146.0519529800115,0.0,731.5467336438344,0.0,OUTFLOW,,,
canonical_native_policy,Eulerian_KWNSolver_frozen_78b6745,accepted_state,112,184.11994450866933,185.56328041508453,1.4433359064151883,184.11994450866933,185.56328041508453,0.006136454963891663,9.142130981623573e-09,4.724027182871601e-10,0x1.03b4c5a5fbe5ep-31,4.727981588260222e-10,4.731939303816496e-10,-11768185.689232837,-3.76918472002627e-06,-1.87952374612023e-06,-3.76918472002627e-06,-2.5094153072026236e-06,1.4770530550042662e+17,2.7939336866916632e-67,556728390720.5022,2.458493940212985e-16,5.995010705486564e-12,10577994455791.201,4.671206948061884e-15,1.1390687283430185e-10,146.04387423827598,0.0,731.5467336438344,0.0,OUTFLOW,,,
canonical_native_policy,Eulerian_KWNSolver_frozen_78b6745,accepted_state,113,185.56328041508453,187.00626520360947,1.4429847885249527,185.56328041508453,187.00626520360947,0.006136120903879394,9.143924589480196e-09,4.724027182871601e-10,0x1.03b4c5a5fbe5ep-31,4.727981588260222e-10,4.731939303816496e-10,-11768189.64478617,-3.7691859926739446e-06,-1.879524383605319e-06,-3.7691859926739446e-06,-2.509416156408512e-06,1.5830316307541008e+17,2.7939336866916632e-67,596673863395.6626,2.634891810606715e-16,6.425154991847435e-12,11438985764381.559,5.05141782827333e-15,1.2317827375145286e-10,146.03587472838126,0.0,731.5467336438344,0.0,OUTFLOW,,,
canonical_native_policy,Eulerian_KWNSolver_frozen_78b6745,accepted_state,114,187.00626520360947,188.44890248586626,1.4426372822567726,187.00626520360947,188.44890248586626,0.0061357901202002425,9.145701396185277e-09,4.724027182871601e-10,0x1.03b4c5a5fbe5ep-31,4.727981588260222e-10,4.731939303816496e-10,-11768193.561544942,-3.769187252839976e-06,-1.8795250148381972e-06,-3.769187252839976e-06,-2.509416997285713e-06,1.6954508948783296e+17,2.7939336866916632e-67,639046976424.1904,2.8220100595499323e-16,6.881440804579317e-12,12360898757684.56,5.4585315205543685e-15,1.3310569681178202e-10,146.02795367992564,0.0,731.5467336438344,0.0,OUTFLOW,,,
canonical_native_policy,Eulerian_KWNSolver_frozen_78b6745,accepted_state,115,188.44890248586626,189.89119583494625,1.4422933490799783,188.44890248586626,189.89119583494625,0.006135462581033737,9.147461549937369e-09,4.724027182871601e-10,0x1.03b4c5a5fbe5ep-31,4.727981588260222e-10,4.731939303816496e-10,-11768197.43988594,-3.7691885006455895e-06,-1.879525639879588e-06,-3.7691885006455895e-06,-2.5094178299151173e-06,1.814628778836369e+17,2.7939336866916632e-67,683967566182.6614,3.020377880470776e-16,7.365158576094945e-12,13347380629376.232,5.8941586134254965e-15,1.4372841604100313e-10,146.0201103307703,0.0,731.5467336438344,0.0,OUTFLOW,,,
canonical_native_policy,Eulerian_KWNSolver_frozen_78b6745,accepted_state,116,189.89119583494625,191.3220667292415,1.4308708942952615,189.89119583494625,191.3220667292415,0.006135140746671259,9.149191798413295e-09,4.724027182871601e-10,0x1.03b4c5a5fbe5ep-31,4.727981588260222e-10,4.731939303816496e-10,-11768201.250677228,-3.7691897267179655e-06,-1.879526254034529e-06,-3.7691897267179655e-06,-2.5094186480424765e-06,1.9398678890697533e+17,2.7939336866916632e-67,731172774025.3348,3.228834498387304e-16,7.873477769239202e-12,14393594470430.21,6.35616314404938e-15,1.5499434621788828e-10,146.01240359556448,0.0,731.5467336438344,0.0,OUTFLOW,,,
canonical_native_policy,Eulerian_KWNSolver_frozen_78b6745,accepted_state,117,191.3220667292415,192.7526073235904,1.4305405943489242,191.3220667292415,192.7526073235904,0.006134822045162142,9.150905938663886e-09,4.724027182871601e-10,0x1.03b4c5a5fbe5ep-31,4.727981588260222e-10,4.731939303816496e-10,-11768205.024372878,-3.7691909408553042e-06,-1.879526862211061e-06,-3.7691909408553042e-06,-2.509419458205885e-06,2.0724181081305654e+17,2.7939336866916632e-67,781133704263.0009,3.449460294168518e-16,8.411471370110264e-12,15511037943992.582,6.849622441989665e-15,1.6702729747103477e-10,146.00477188545563,0.0,731.5467336438344,0.0,OUTFLOW,,,
canonical_native_policy,Eulerian_KWNSolver_frozen_78b6745,accepted_state,118,192.7526073235904,194.18282098349152,1.4302136599011224,192.7526073235904,194.18282098349152,0.006134506446411489,9.152604111562384e-09,4.724027182871601e-10,0x1.03b4c5a5fbe5ep-31,4.727981588260222e-10,4.731939303816496e-10,-11768208.761329245,-3.769192143172257e-06,-1.8795274644666144e-06,-3.769192143172257e-06,-2.509420260481846e-06,2.212625303561198e+17,2.7939336866916632e-67,833980724969.0085,3.6828309688630243e-16,8.980543219447009e-12,16703808568937.5,7.376345957867143e-15,1.798713930568203e-10,145.99721447963975,0.0,731.5467336438344,0.0,OUTFLOW,,,
canonical_native_policy,Eulerian_KWNSolver_frozen_78b6745,accepted_state,119,194.18282098349152,195.61271103908223,1.4298900555906977,194.18282098349152,195.61271103908223,0.00613419392064157,9.154286456730529e-09,4.724027182871601e-10,0x1.03b4c5a5fbe5ep-31,4.727981588260222e-10,4.731939303816496e-10,-11768212.46189892,-3.7691933337822664e-06,-1.8795280608580138e-06,-3.7691933337822664e-06,-2.5094210549460574e-06,2.3608475509040803e+17,2.7939336866916632e-67,889848804009.5125,3.9295425360505044e-16,9.582146689874184e-12,17976194524769.977,7.93822733739907e-15,1.935728093198827e-10,145.98973066491112,0.0,731.5467336438344,0.0,OUTFLOW,,,
canonical_native_policy,Eulerian_KWNSolver_frozen_78b6745,accepted_state,120,195.61271103908223,197.04228078556838,1.4295697464861417,195.61271103908223,197.04228078556838,0.0061338844383905826,9.15595311253602e-09,4.724027182871601e-10,0x1.03b4c5a5fbe5ep-31,4.727981588260222e-10,4.731939303816496e-10,-11768216.126430748,-3.7691945127975707e-06,-1.8795286514414806e-06,-3.7691945127975707e-06,-2.5094218416734124e-06,2.5174554361094058e+17,2.7939336866916632e-67,948877624787.75,4.190211832964575e-16,1.0217785932269929e-11,19332681270284.17,8.53724734417651e-15,2.081798469647275e-10,145.98231973563236,0.0,731.5467336438344,0.0,OUTFLOW,,,
canonical_native_policy,Eulerian_KWNSolver_frozen_78b6745,accepted_state,121,197.04228078556838,198.46056758695937,1.4182868013909775,197.04228078556838,198.46056758695937,0.006133580321035836,9.157591549999462e-09,4.724027182871601e-10,0x1.03b4c5a5fbe5ep-31,4.727981588260222e-10,4.731939303816496e-10,-11768219.727437668,-3.7691956713745625e-06,-1.8795292317871422e-06,-3.7691956713745625e-06,-2.5094226147627944e-06,2.6814936399639395e+17,2.7939336866916632e-67,1010707111385.3666,4.463248776401206e-16,1.0883583546053807e-11,20766153826434.04,9.170264027265936e-15,2.236158898599316e-10,145.97503727982166,0.0,731.5467336438344,0.0,OUTFLOW,,,
canonical_native_policy,Eulerian_KWNSolver_frozen_78b6745,accepted_state,122,198.46056758695937,199.8785467030336,1.4179791160742232,198.46056758695937,199.8785467030336,0.006133279143287701,9.159214808407297e-09,4.724027182871601e-10,0x1.03b4c5a5fbe5ep-31,4.727981588260222e-10,4.731939303816496e-10,-11768223.293637156,-3.7691968187527183e-06,-1.8795298065231668e-06,-3.7691968187527183e-06,-2.5094233803794735e-06,2.8545510391265258e+17,2.7939336866916632e-67,1075936142039.3461,4.751297992610991e-16,1.158598842354359e-11,22291808806075.3,9.843988160042712e-15,2.4004457948359415e-10,145.967825220819,0.0,731.5467336438344,0.0,OUTFLOW,,,
canonical_native_policy,Eulerian_KWNSolver_frozen_78b6745,accepted_state,123,199.8785467030336,201.29622123942752,1.4176745363939092,199.8785467030336,201.29622123942752,0.006132980877266761,9.160823019327401e-09,4.724027182871601e-10,0x1.03b4c5a5fbe5ep-31,4.727981588260222e-10,4.731939303816496e-10,-11768226.825359328,-3.7691979550382475e-06,-1.879530375702757e-06,-3.7691979550382475e-06,-2.509424138594321e-06,3.037027797123814e+17,2.7939336866916632e-67,1144715551138.2654,5.055025561205591e-16,1.2326624792620135e-11,23914642894338.14,1.0560626261936862e-14,2.5751972157177355e-10,145.96068289089123,0.0,731.5467336438344,0.0,OUTFLOW,,,
canonical_native_policy,Eulerian_KWNSolver_frozen_78b6745,accepted_state,124,201.29622123942752,202.7135942696852,1.4173730302576641,201.29622123942752,202.7135942696852,0.006132685495383371,9.162416313166919e-09,4.724027182871601e-10,0x1.03b4c5a5fbe5ep-31,4.727981588260222e-10,4.731939303816496e-10,-11768230.322930872,-3.769199080336257e-06,-1.8795309393785613e-06,-3.769199080336257e-06,-2.509424889477472e-06,3.229337196975425e+17,2.7939336866916632e-67,1217201115896.8718,5.375119389151606e-16,1.3107170106931664e-11,25639870928409.9,1.1322481187596715e-14,2.7609747098433796e-10,145.953609629247,0.0,731.5467336438344,0.0,OUTFLOW,,,
canonical_native_policy,Eulerian_KWNSolver_frozen_78b6745,accepted_state,125,202.7135942696852,204.11981294476982,1.4062186750846286,202.7135942696852,204.11981294476982,0.006132395210458524,9.163982728806546e-09,4.724027182871601e-10,0x1.03b4c5a5fbe5ep-31,4.727981588260222e-10,4.731939303816496e-10,-11768233.760150112,-3.7692001862167006e-06,-1.8795314933278646e-06,-3.7692001862167006e-06,-2.5094256274037683e-06,3.430272717387543e+17,2.7939336866916632e-67,1292938077167.968,5.709571275275399e-16,1.3922727389781264e-11,27458024598251.504,1.2125371762998618e-14,2.9567587024796064e-10,145.94665842428037,0.0,731.5467336438344,0.0,OUTFLOW,,,
canonical_native_policy,Eulerian_KWNSolver_frozen_78b6745,accepted_state,126,204.11981294476982,205.52574193310983,1.4059289883399955,204.11981294476982,205.52574193310983,0.006132107711904884,9.16553470993818e-09,4.724027182871601e-10,0x1.03b4c5a5fbe5ep-31,4.727981588260222e-10,4.731939303816496e-10,-11768237.164376358,-3.7692012814820788e-06,-1.8795320419599493e-06,-3.7692012814820788e-06,-2.5094263582468976e-06,3.641737891830374e+17,2.7939336866916632e-67,1372643914003.946,6.06154958305894e-16,1.4781022661023045e-11,29387864467618.125,1.2977582590306895e-14,3.164569384844033e-10,145.9397739461656,0.0,731.5467336438344,0.0,OUTFLOW,,,
canonical_native_policy,Eulerian_KWNSolver_frozen_78b6745,accepted_state,127,205.52574193310983,206.93138413295094,1.4056421998411135,205.52574193310983,206.93138413295094,0.0061318229736013335,9.167072380599824e-09,4.724027182871601e-10,0x1.03b4c5a5fbe5ep-31,4.727981588260222e-10,4.731939303816496e-10,-11768240.535918904,-3.769202366231904e-06,-1.8795325853246621e-06,-3.769202366231904e-06,-2.5094270820732614e-06,3.864176491069985e+17,2.7939336866916632e-67,1456485898201.391,6.431792979157513e-16,1.5683857151253414e-11,31435162509603.49,1.3881662553521455e-14,3.3850282995248495e-10,145.93295556928763,0.0,731.5467336438344,0.0,OUTFLOW,,,
canonical_native_policy,Eulerian_KWNSolver_frozen_78b6745,accepted_state,128,206.93138413295094,208.33674241302433,1.4053582800733992,206.93138413295094,208.33674241302433,0.006131540969690668,9.168595863765889e-09,4.724027182871601e-10,0x1.03b4c5a5fbe5ep-31,4.727981588260222e-10,4.731939303816496e-10,-11768243.875083925,-3.7692034405646818e-06,-1.8795331234713465e-06,-3.7692034405646818e-06,-2.5094277989485912e-06,4.098045996254647e+17,2.7939336866916632e-67,1544636466601.0195,6.821062938888408e-16,1.663308770974276e-11,33605930157644.55,1.4840266281528316e-14,3.6187827748855903e-10,145.92620267435382,0.0,731.5467336438344,0.0,OUTFLOW,,,
canonical_native_policy,Eulerian_KWNSolver_frozen_78b6745,accepted_state,129,208.33674241302433,209.7310716778929,1.3943292648685806,208.33674241302433,209.7310716778929,0.006131263810160068,9.17009373770021e-09,4.724027182871601e-10,0x1.03b4c5a5fbe5ep-31,4.727981588260222e-10,4.731939303816496e-10,-11768247.156887386,-3.7692044964421263e-06,-1.8795336523735242e-06,-3.7692044964421263e-06,-2.5094285035091394e-06,4.3418438202996256e+17,2.7939336866916632e-67,1636529266586.7852,7.226858468054493e-16,1.7622615689371828e-11,35887790806860.42,1.5847928307035485e-14,3.8645000626778236e-10,145.91956578718225,0.0,731.5467336438344,0.0,OUTFLOW,,,
canonical_native_policy,Eulerian_KWNSolver_frozen_78b6745,accepted_state,130,209.7310716778929,211.12512809547854,1.3940564175856298,209.7310716778929,211.12512809547854,0.006130989292982172,9.171577880666652e-09,4.724027182871601e-10,0x1.03b4c5a5fbe5ep-31,4.727981588260222e-10,4.731939303816496e-10,-11768250.407403154,-3.7692055422531636e-06,-1.879534176233313e-06,-3.7692055422531636e-06,-2.509429201352627e-06,4.597833557450572e+17,2.7939336866916632e-67,1733017491863.5193,7.652947241500658e-16,1.8661628524227994e-11,38303714963180.914,1.6914792328581307e-14,4.1246536927458145e-10,145.9129921776762,0.0,731.5467336438344,0.0,OUTFLOW,,,
canonical_native_policy,Eulerian_KWNSolver_frozen_78b6745,accepted_state,131,211.12512809547854,212.51891437226314,1.3937862767845943,211.12512809547854,212.51891437226314,0.006130717393667749,9.17304840964955e-09,4.724027182871601e-10,0x1.03b4c5a5fbe5ep-31,4.727981588260222e-10,4.731939303816496e-10,-11768253.626921203,-3.7692065780910893e-06,-1.879534695097446e-06,-3.7692065780910893e-06,-2.5094298925413066e-06,4.866503897338778e+17,2.7939336866916632e-67,1834285346124.5942,8.100142696571701e-16,1.975210977241996e-11,40860316706316.45,1.8043779101629167e-14,4.3999558881292327e-10,145.90648125931034,0.0,731.5467336438344,0.0,OUTFLOW,,,
canonical_native_policy,Eulerian_KWNSolver_frozen_78b6745,accepted_state,132,212.51891437226314,213.9124331875593,1.3935188152961508,212.51891437226314,213.9124331875593,0.006130448087975079,9.174505440620356e-09,4.724027182871601e-10,0x1.03b4c5a5fbe5ep-31,4.727981588260222e-10,4.731939303816496e-10,-11768256.815728575,-3.769207604048256e-06,-1.8795352090121832e-06,-3.769207604048256e-06,-2.5094305771368038e-06,5.148357771825703e+17,2.7939336866916632e-67,1940522397993.1824,8.569281961962857e-16,2.089610076315652e-11,43564471179423.56,1.9237924666386482e-14,4.691146983927062e-10,145.9000324514884,0.0,731.5467336438344,0.0,OUTFLOW,,,
canonical_native_policy,Eulerian_KWNSolver_frozen_78b6745,accepted_state,133,213.9124331875593,215.2950452499056,1.3826120623463156,213.9124331875593,215.2950452499056,0.006130183388431796,9.17593806436368e-09,4.724027182871601e-10,0x1.03b4c5a5fbe5ep-31,4.727981588260222e-10,4.731939303816496e-10,-11768259.949995238,-3.7692086124576605e-06,-1.879535714137028e-06,-3.7692086124576605e-06,-2.509431250023119e-06,5.441547225652487e+17,2.7939336866916632e-67,2051032118071.7043,9.05728918716664e-16,2.208610106846458e-11,46400252926129.21,2.0490196394620028e-14,4.996512081401652e-10,145.89369394615983,0.0,731.5467336438344,0.0,OUTFLOW,,,
canonical_native_policy,Eulerian_KWNSolver_frozen_78b6745,accepted_state,134,215.2950452499056,216.67740022918377,1.3823549792781689,215.2950452499056,216.67740022918377,0.0061299211958095005,9.177357622151697e-09,4.724027182871601e-10,0x1.03b4c5a5fbe5ep-31,4.727981588260222e-10,4.731939303816496e-10,-11768263.054577837,-3.769209611316604e-06,-1.8795362144779274e-06,-3.769209611316604e-06,-2.509431916536651e-06,5.748745213481493e+17,2.7939336866916632e-67,2166821996947.9197,9.568613416898772e-16,2.3332959635442884e-11,49395570102819.63,2.181291843478382e-14,5.319056410735162e-10,145.887415474985,0.0,731.5467336438344,0.0,OUTFLOW,,,
canonical_native_policy,Eulerian_KWNSolver_frozen_78b6745,accepted_state,135,216.67740022918377,218.05950065441343,1.382100425229642,216.67740022918377,218.05950065441343,0.006129661487134664,9.17876422435851e-09,4.724027182871601e-10,0x1.03b4c5a5fbe5ep-31,4.727981588260222e-10,4.731939303816496e-10,-11768266.129748391,-3.769210600712607e-06,-1.8795367100787221e-06,-3.769210600712607e-06,-2.5094325767358002e-06,6.070486398756192e+17,2.7939336866916632e-67,2288093567955.856,1.0104144615617178e-15,2.4638846632732272e-11,52557945196056.63,2.320941269176645e-14,5.659590014817834e-10,145.88119648774466,0.0,731.5467336438344,0.0,OUTFLOW,,,
canonical_native_policy,Eulerian_KWNSolver_frozen_78b6745,accepted_state,136,218.05950065441343,219.44134902958098,1.38184837516756,218.05950065441343,219.44134902958098,0.006129404239662774,9.180157980411563e-09,4.724027182871601e-10,0x1.03b4c5a5fbe5ep-31,4.727981588260222e-10,4.731939303816496e-10,-11768269.17577622,-3.7692115807323188e-06,-1.8795372009828155e-06,-3.7692115807323188e-06,-2.5094332306783854e-06,6.407320157193832e+17,2.7939336866916632e-67,2415053905865.4556,1.0664797218575313e-15,2.6005991900742064e-11,55895183511818.88,2.468312596256443e-14,6.018953391344445e-10,145.87503643970558,0.0,731.5467336438344,0.0,OUTFLOW,,,
canonical_native_policy,Eulerian_KWNSolver_frozen_78b6745,accepted_state,137,219.44134902958098,220.82294783392274,1.3815988043417753,219.44134902958098,220.82294783392274,0.006129149430875724,9.181538998800013e-09,4.724027182871601e-10,0x1.03b4c5a5fbe5ep-31,4.727981588260222e-10,4.731939303816496e-10,-11768272.192927958,-3.7692125514615243e-06,-1.8795376872331786e-06,-3.7692125514615243e-06,-2.5094338784216483e-06,6.759810884282607e+17,2.7939336866916632e-67,2547915746859.838,1.1251510661637741e-15,2.7436686243599554e-11,59415380861244.016,2.6237633330280174e-14,6.398018320437021e-10,145.8689347915581,0.0,731.5467336438344,0.0,OUTFLOW,,,
canonical_native_policy,Eulerian_KWNSolver_frozen_78b6745,accepted_state,138,220.82294783392274,222.1937646218225,1.3708167878997815,220.82294783392274,222.1937646218225,0.006128898962485885,9.182896953998048e-09,4.724027182871601e-10,0x1.03b4c5a5fbe5ep-31,4.727981588260222e-10,4.731939303816496e-10,-11768275.158685718,-3.769213505655388e-06,-1.8795381652007824e-06,-3.769213505655388e-06,-2.5094345151312927e-06,7.125598705432031e+17,2.7939336866916632e-67,2685789607719.2397,1.1860357016676206e-15,2.89213514513307e-11,63097106344272.32,2.7863470981174646e-14,6.794477061419359e-10,145.86293708155915,0.0,731.5467336438344,0.0,OUTFLOW,,,
canonical_native_policy,Eulerian_KWNSolver_frozen_78b6745,accepted_state,139,222.1937646218225,223.56434147542413,1.3705768536016243,222.1937646218225,223.56434147542413,0.006128650851846152,9.184242577097793e-09,4.724027182871601e-10,0x1.03b4c5a5fbe5ep-31,4.727981588260222e-10,4.731939303816496e-10,-11768278.096525721,-3.769214450867078e-06,-1.879538638669104e-06,-3.769214450867078e-06,-2.5094351458473573e-06,7.507953431487255e+17,2.7939336866916632e-67,2829907947379.3477,1.2496778781101384e-15,3.047325899461431e-11,66975712674773.734,2.9576250555370395e-14,7.212136495737619e-10,145.85699583316762,0.0,731.5467336438344,0.0,OUTFLOW,,,
canonical_native_policy,Eulerian_KWNSolver_frozen_78b6745,accepted_state,140,223.56434147542413,224.93468073611135,1.37033926068722,223.56434147542413,224.93468073611135,0.006128405077605845,9.185575971382606e-09,4.724027182871601e-10,0x1.03b4c5a5fbe5ep-31,4.727981588260222e-10,4.731939303816496e-10,-11768281.006700777,-3.7692153871779314e-06,-1.8795391076788855e-06,-3.7692153871779314e-06,-2.509435770624117e-06,7.907471847952614e+17,2.7939336866916632e-67,2980495715912.7593,1.3161769326904985e-15,3.2094831200236496e-11,71060002970599.05,3.1379859480247066e-14,7.65194456832575e-10,145.8511105350367,0.0,731.5467336438344,0.0,OUTFLOW,,,
canonical_native_policy,Eulerian_KWNSolver_frozen_78b6745,accepted_state,141,224.93468073611135,226.30478472244144,1.370103986330104,224.93468073611135,226.30478472244144,0.006128161618624028,9.186897239258136e-09,4.724027182871601e-10,0x1.03b4c5a5fbe5ep-31,4.727981588260222e-10,4.731939303816496e-10,-11768283.889461212,-3.769216314668489e-06,-1.8795395722704705e-06,-3.769216314668489e-06,-2.5094363895153143e-06,8.324766070493404e+17,2.7939336866916632e-67,3137783636756.0503,1.3856347521060822e-15,3.3788552564219616e-11,75359092839559.88,3.3278323177705134e-14,8.114882873931366e-10,145.84528068084387,0.0,731.5467336438344,0.0,OUTFLOW,,,
canonical_native_policy,Eulerian_KWNSolver_frozen_78b6745,accepted_state,142,226.30478472244144,227.66422297347896,1.3594382510375107,226.30478472244144,227.66422297347896,0.00612792228977601,9.188196514353497e-09,4.724027182871601e-10,0x1.03b4c5a5fbe5ep-31,4.727981588260222e-10,4.731939303816496e-10,-11768286.723317366,-3.7692172264247323e-06,-1.8795400289805413e-06,-3.7692172264247323e-06,-2.5094369979073984e-06,8.757001668886904e+17,2.7939336866916632e-67,3300703355794.7705,1.4575795547556347e-15,3.554291874358396e-11,79846195236755.16,3.525981257837017e-14,8.598066906866827e-10,145.83954972937147,0.0,731.5467336438344,0.0,OUTFLOW,,,
canonical_native_policy,Eulerian_KWNSolver_frozen_78b6745,accepted_state,143,227.66422297347896,229.0234349922251,1.3592120187461456,227.66422297347896,229.0234349922251,0.006127685199861223,9.189484047136893e-09,4.724027182871601e-10,0x1.03b4c5a5fbe5ep-31,4.727981588260222e-10,4.731939303816496e-10,-11768289.530662658,-3.769218129651451e-06,-1.8795404814180668e-06,-3.769218129651451e-06,-2.5094376006079444e-06,9.207985630316719e+17,2.7939336866916632e-67,3470689805846.1177,1.5326450021686373e-15,3.7373381505733796e-11,84563598534200.92,3.7343002085788993e-14,9.10605040010461e-10,145.83387239395552,0.0,731.5467336438344,0.0,OUTFLOW,,,
canonical_native_policy,Eulerian_KWNSolver_frozen_78b6745,accepted_state,144,229.0234349922251,230.38242296932597,1.358987977100868,229.0234349922251,230.38242296932597,0.006127450328825787,9.190759935128217e-09,4.724027182871601e-10,0x1.03b4c5a5fbe5ep-31,4.727981588260222e-10,4.731939303816496e-10,-11768292.311734537,-3.7692190244250422e-06,-1.879540929621316e-06,-3.7692190244250422e-06,-2.50943819766793e-06,9.678362533676494e+17,2.7939336866916632e-67,3647985952727.2793,1.6109383872367749e-15,3.928255717615096e-11,89521167584590.16,3.9532247985894033e-14,9.639895629226276e-10,145.82824819431107,0.0,731.5467336438344,0.0,OUTFLOW,,,
canonical_native_policy,Eulerian_KWNSolver_frozen_78b6745,accepted_state,145,230.38242296932597,231.7411890743576,1.358766105031645,230.38242296932597,231.7411890743576,0.006127217656810273,9.192024275025942e-09,4.724027182871601e-10,0x1.03b4c5a5fbe5ep-31,4.727981588260222e-10,4.731939303816496e-10,-11768295.06676816,-3.7692199108211644e-06,-1.879541373628186e-06,-3.7692199108211644e-06,-2.509438789137841e-06,1.0168792617525354e+18,2.7939336866916632e-67,3832840658940.9487,1.6925696068083154e-15,4.127312557751507e-11,94729101557946.28,4.183205419803191e-14,1.0200700870060698e-09,145.82267665481106,0.0,731.5467336438344,0.0,OUTFLOW,,,
canonical_native_policy,Eulerian_KWNSolver_frozen_78b6745,accepted_state,146,231.7411890743576,233.0894031102652,1.3482140359076138,231.7411890743576,233.0894031102652,0.006126988916274352,9.193267637222315e-09,4.724027182871601e-10,0x1.03b4c5a5fbe5ep-31,4.727981588260222e-10,4.731939303816496e-10,-11768297.775249736,-3.7692207822397726e-06,-1.8795418101326325e-06,-3.7692207822397726e-06,-2.5094393706136325e-06,1.0675902824094848e+18,2.7939336866916632e-67,4023982549057.02,1.776977225748506e-15,4.3331396175193395e-11,100154291310832.25,4.422779983527422e-14,1.078490083524939e-09,145.81719926064898,0.0,731.5467336438344,0.0,OUTFLOW,,,
canonical_native_policy,Eulerian_KWNSolver_frozen_78b6745,accepted_state,147,233.0894031102652,234.4374037624985,1.3480006522332868,233.0894031102652,234.4374037624985,0.0061267623027369805,9.194499815245635e-09,4.724027182871601e-10,0x1.03b4c5a5fbe5ep-31,4.727981588260222e-10,4.731939303816496e-10,-11768300.45854585,-3.769221645555287e-06,-1.8795422425781384e-06,-3.769221645555287e-06,-2.5094399466824323e-06,1.1204099691907716e+18,2.7939336866916632e-67,4223072540502.4795,1.8648946996341596e-15,4.547525420356896e-11,105846995849858.08,4.674167910672747e-14,1.1397907558518244e-09,145.81177280183192,0.0,731.5467336438344,0.0,OUTFLOW,,,
canonical_native_policy,Eulerian_KWNSolver_frozen_78b6745,accepted_state,148,234.4374037624985,235.78519308185196,1.3477893193534625,234.4374037624985,235.78519308185196,0.006126537797351826,9.195720901206308e-09,4.724027182871601e-10,0x1.03b4c5a5fbe5ep-31,4.727981588260222e-10,4.731939303816496e-10,-11768303.116879655,-3.769222500839505e-06,-1.8795426710006675e-06,-3.769222500839505e-06,-2.509440517392149e-06,1.175407581710935e+18,2.7939336866916632e-67,4430371699334.651,1.9564373143624256e-15,4.77075108966916e-11,111818203506987.17,4.937854442300972e-14,1.2040904294913242e-09,145.8063968269987,0.0,731.5467336438344,0.0,OUTFLOW,,,
canonical_native_policy,Eulerian_KWNSolver_frozen_78b6745,accepted_state,149,235.78519308185196,237.13277309965562,1.3475800178036692,235.78519308185196,237.13277309965562,0.006126315381452951,9.196930986445737e-09,4.724027182871601e-10,0x1.03b4c5a5fbe5ep-31,4.727981588260222e-10,4.731939303816496e-10,-11768305.750472177,-3.7692233481635373e-06,-1.8795430954358405e-06,-3.7692233481635373e-06,-2.509441082790234e-06,1.2326539720353843e+18,2.7939336866916632e-67,4646147087144.961,2.051723003438245e-15,5.0031042050238854e-11,118079258481400.44,5.2143405344511226e-14,1.2715112620281212e-09,145.80107088910927,0.0,731.5467336438344,0.0,OUTFLOW,,,
canonical_native_policy,Eulerian_KWNSolver_frozen_78b6745,accepted_state,150,237.13277309965562,238.48014582798405,1.3473727283284158,237.13277309965562,238.48014582798405,0.0061260950365504534,9.198130161556067e-09,4.724027182871601e-10,0x1.03b4c5a5fbe5ep-31,4.727981588260222e-10,4.731939303816496e-10,-11768308.359542347,-3.7692241875978223e-06,-1.879543515918941e-06,-3.7692241875978223e-06,-2.5094416429236883e-06,1.2922216168000215e+18,2.7939336866916632e-67,4870671889044.276,2.1508724044922518e-15,5.244878939969889e-11,124641868953334.55,5.504143216443825e-14,1.342179330499116e-09,145.7957945453403,0.0,731.5467336438344,0.0,OUTFLOW,,,
canonical_native_policy,Eulerian_KWNSolver_frozen_78b6745,accepted_state,151,238.48014582798405,239.817082085096,1.3369362571119576,238.48014582798405,239.817082085096,0.006125878401292169,9.199309494773477e-09,4.724027182871601e-10,0x1.03b4c5a5fbe5ep-31,4.727981588260222e-10,4.731939303816496e-10,-11768310.924687188,-3.7692250128997065e-06,-1.8795439293229453e-06,-3.7692250128997065e-06,-2.5094421936269455e-06,1.3536954325339438e+18,2.7939336866916632e-67,5102381566947.637,2.2531946227424976e-15,5.494390555103752e-11,131463427867806.56,5.80538097499124e-14,1.415635829937633e-09,145.7906070343987,0.0,731.5467336438344,0.0,OUTFLOW,,,
canonical_native_policy,Eulerian_KWNSolver_frozen_78b6745,accepted_state,152,239.817082085096,241.15381894864268,1.3367368635467038,239.817082085096,241.15381894864268,0.006125663769663202,9.20047825991826e-09,4.724027182871601e-10,0x1.03b4c5a5fbe5ep-31,4.727981588260222e-10,4.731939303816496e-10,-11768313.466107365,-3.7692258305684897e-06,-1.8795443389034342e-06,-3.7692258305684897e-06,-2.509442739236826e-06,1.4176018656020178e+18,2.7939336866916632e-67,5343260410160.413,2.3595659137049935e-15,5.753775789960724e-11,138605961029597.67,6.120792848873012e-14,1.4925486719678636e-09,145.78546750425312,0.0,731.5467336438344,0.0,OUTFLOW,,,
canonical_native_policy,Eulerian_KWNSolver_frozen_78b6745,accepted_state,153,241.15381894864268,242.49035832143215,1.3365393727894772,241.15381894864268,242.49035832143215,0.006125451124111388,9.201636543294812e-09,4.724027182871601e-10,0x1.03b4c5a5fbe5ep-31,4.727981588260222e-10,4.731939303816496e-10,-11768315.984010704,-3.7692266406710368e-06,-1.8795447446939013e-06,-3.7692266406710368e-06,-2.509443279797947e-06,1.4840166188598433e+18,2.7939336866916632e-67,5593593772799.435,2.470112288802675e-15,6.023341922023641e-11,146082019342334.16,6.450933081792603e-14,1.573053008313444e-09,145.78037553454078,0.0,731.5467336438344,0.0,OUTFLOW,,,
canonical_native_policy,Eulerian_KWNSolver_frozen_78b6745,accepted_state,154,242.49035832143215,243.82670208846886,1.3363437670367155,242.49035832143215,243.82670208846886,0.006125240447250288,9.202784430493314e-09,4.724027182871601e-10,0x1.03b4c5a5fbe5ep-31,4.727981588260222e-10,4.731939303816496e-10,-11768318.478603078,-3.7692274432735857e-06,-1.8795451467275253e-06,-3.7692274432735857e-06,-2.509443815354507e-06,1.5530170243749944e+18,2.7939336866916632e-67,5853673141689.89,2.5849624676419654e-15,6.303402832651285e-11,153904538959501.66,6.796372929958322e-14,1.6572881391787951e-09,145.7753307088684,0.0,731.5467336438344,0.0,OUTFLOW,,,
canonical_native_policy,Eulerian_KWNSolver_frozen_78b6745,accepted_state,155,243.82670208846886,245.15271795632947,1.3260158678606078,243.82670208846886,245.15271795632947,0.006125033304077866,9.203913381920019e-09,4.724027182871601e-10,0x1.03b4c5a5fbe5ep-31,4.727981588260222e-10,4.731939303816496e-10,-11768320.93135359,-3.76922823241406e-06,-1.879545542017829e-06,-3.76922823241406e-06,-2.509444341928162e-06,1.6241178685902154e+18,2.7939336866916632e-67,6121669641401.243,2.7033088249538256e-15,6.59198913641841e-11,162021970041800.25,7.15483596971996e-14,1.7446989611353506e-09,145.77037050227852,0.0,731.5467336438344,0.0,OUTFLOW,,,
canonical_native_policy,Eulerian_KWNSolver_frozen_78b6745,accepted_state,156,245.15271795632947,246.47854563786223,1.3258276815327559,245.15271795632947,246.47854563786223,0.006124828065962037,9.205032261475364e-09,4.724027182871601e-10,0x1.03b4c5a5fbe5ep-31,4.727981588260222e-10,4.731939303816496e-10,-11768323.361546617,-3.769229014296959e-06,-1.8795459336727223e-06,-3.769229014296959e-06,-2.509444863659019e-06,1.6979213262195735e+18,2.7939336866916632e-67,6399852999204.739,2.8261536647046597e-15,6.891544940634152e-11,170507072305886.3,7.529535245813029e-14,1.8360689716435483e-09,145.76545591580998,0.0,731.5467336438344,0.0,OUTFLOW,,,
canonical_native_policy,Eulerian_KWNSolver_frozen_78b6745,accepted_state,157,246.47854563786223,247.8041869164535,1.325641278591255,246.47854563786223,247.8041869164535,0.00612462471638926,9.206141150732248e-09,4.724027182871601e-10,0x1.03b4c5a5fbe5ep-31,4.727981588260222e-10,4.731939303816496e-10,-11768325.769377697,-3.7692297889851924e-06,-1.8795463217237178e-06,-3.7692297889851924e-06,-2.5094453805890563e-06,1.7745079027581025e+18,2.7939336866916632e-67,6688526673175.087,2.9536309929646107e-15,7.202397017641519e-11,179373659356805.84,7.921080762413065e-14,1.9315469195574298e-09,145.76058655397696,0.0,731.5467336438344,0.0,OUTFLOW,,,
canonical_native_policy,Eulerian_KWNSolver_frozen_78b6745,accepted_state,158,247.8041869164535,249.12964355901605,1.3254566425625698,247.8041869164535,249.12964355901605,0.006124423238999983,9.20724013059436e-09,4.724027182871601e-10,0x1.03b4c5a5fbe5ep-31,4.727981588260222e-10,4.731939303816496e-10,-11768328.15504054,-3.7692305565410856e-06,-1.8795467062020353e-06,-3.7692305565410856e-06,-2.5094458927598615e-06,1.8539597453055537e+18,2.7939336866916632e-67,6988000299585.093,3.0858775440754254e-15,7.524878792644116e-11,188635950772120.12,8.330100451306009e-14,2.0312859253593135e-09,145.75576202498212,0.0,731.5467336438344,0.0,OUTFLOW,,,
canonical_native_policy,Eulerian_KWNSolver_frozen_78b6745,accepted_state,159,249.12964355901605,250.45491731616028,1.3252737571442443,249.12964355901605,250.45491731616028,0.00612422361758705,9.208329281301668e-09,4.724027182871601e-10,0x1.03b4c5a5fbe5ep-31,4.727981588260222e-10,4.731939303816496e-10,-11768330.518727051,-3.7692313170263803e-06,-1.879547087138602e-06,-3.7692313170263803e-06,-2.509446400212634e-06,1.9363606766869194e+18,2.7939336866916632e-67,7298589831052.91,3.2230328416558152e-15,7.859330492467056e-11,198308580339374.38,8.757240535652059e-14,2.1354435698632147e-09,145.75098194067846,0.0,731.5467336438344,0.0,OUTFLOW,,,
canonical_native_policy,Eulerian_KWNSolver_frozen_78b6745,accepted_state,160,250.45491731616028,251.76997336740558,1.3150560512453076,250.45491731616028,251.76997336740558,0.006124027333255387,9.209400510531488e-09,4.724027182871601e-10,0x1.03b4c5a5fbe5ep-31,4.727981588260222e-10,4.731939303816496e-10,-11768332.842899693,-3.769232064798604e-06,-1.879547461707033e-06,-3.769232064798604e-06,-2.5094468991822925e-06,2.0211256497933955e+18,2.7939336866916632e-67,7618090094846.559,3.364123088807856e-15,8.203377523977311e-11,208326795817534.28,9.199641578159141e-14,2.2433225823987758e-09,145.7462817671585,0.0,731.5467336438344,0.0,OUTFLOW,,,
canonical_native_policy,Eulerian_KWNSolver_frozen_78b6745,accepted_state,161,251.7699733674056,253.08485344244104,1.3148800750354468,251.7699733674056,253.08485344244104,0.006123832845304486,9.210462215676753e-09,4.724027182871601e-10,0x1.03b4c5a5fbe5ep-31,4.727981588260222e-10,4.731939303816496e-10,-11768335.145801667,-3.7692328057272673e-06,-1.8795478328474387e-06,-3.7692328057272673e-06,-2.5094473935854145e-06,2.1089640212447875e+18,2.7939336866916632e-67,7949174812382.457,3.5103289919603278e-15,8.559899026946104e-11,218779007391309.62,9.661207742993932e-14,2.355874989147243e-09,145.74162461113588,0.0,731.5467336438344,0.0,OUTFLOW,,,
canonical_native_policy,Eulerian_KWNSolver_frozen_78b6745,accepted_state,162,253.08485344244104,254.39955919823518,1.3147057557941235,253.08485344244104,254.39955919823518,0.006123640138334416,9.21151447323125e-09,4.724027182871601e-10,0x1.03b4c5a5fbe5ep-31,4.727981588260222e-10,4.731939303816496e-10,-11768337.427615322,-3.7692335398710383e-06,-1.879548200589208e-06,-3.7692335398710383e-06,-2.5094478834611487e-06,2.199962730546977e+18,2.7939336866916632e-67,8292171695355.002,3.661795267500655e-15,8.929247890708515e-11,229680773247225.97,1.0142626074466211e-13,2.4732683251155133e-09,145.73701010379762,0.0,731.5467336438344,0.0,OUTFLOW,,,
canonical_native_policy,Eulerian_KWNSolver_frozen_78b6745,accepted_state,163,254.39955919823518,255.7140922766598,1.3145330784246434,254.39955919823518,255.7140922766598,0.006123449197086954,9.212557359066609e-09,4.724027182871601e-10,0x1.03b4c5a5fbe5ep-31,4.727981588260222e-10,4.731939303816496e-10,-11768339.688521326,-3.769234267288046e-06,-1.8795485649614573e-06,-3.769234267288046e-06,-2.5094483688482817e-06,2.2942103787138609e+18,2.7939336866916632e-67,8647414706968.521,3.818669392462122e-15,9.311783736404501e-11,241048085922391.84,1.064460279766213e-13,2.595674802521917e-09,145.73243787972524,0.0,731.5467336438344,0.0,OUTFLOW,,,
canonical_native_policy,Eulerian_KWNSolver_frozen_78b6745,accepted_state,164,255.7140922766598,257.01851162477135,1.3044193481115478,255.7140922766598,257.01851162477135,0.006123261436719817,9.213583133542495e-09,4.724027182871601e-10,0x1.03b4c5a5fbe5ep-31,4.727981588260222e-10,4.731939303816496e-10,-11768341.911763012,-3.769234982587052e-06,-1.8795489232636482e-06,-3.769234982587052e-06,-2.5094488461493764e-06,2.3910333103820237e+18,2.7939336866916632e-67,9012364687719.098,3.979830082506144e-15,9.704772324382803e-11,252803988793289.94,1.116373953384387e-13,2.722265730411341e-09,145.72794182580935,0.0,731.5467336438344,0.0,OUTFLOW,,,
canonical_native_policy,Eulerian_KWNSolver_frozen_78b6745,accepted_state,165,257.01851162477135,258.322764793455,1.3042531686836736,257.01851162477135,258.322764793455,0.006123075385718228,9.214599825775413e-09,4.724027182871601e-10,0x1.03b4c5a5fbe5ep-31,4.727981588260222e-10,4.731939303816496e-10,-11768344.114764366,-3.7692356913739937e-06,-1.8795492783038654e-06,-3.7692356913739937e-06,-2.5094493191051337e-06,2.4912343845485737e+18,2.7939336866916632e-67,9390047792064.209,4.146613677312869e-15,1.0111472304403592e-10,265050988380180.8,1.1704562936638107e-13,2.854144928342097e-09,145.72348670552822,0.0,731.5467336438344,0.0,OUTFLOW,,,
canonical_native_policy,Eulerian_KWNSolver_frozen_78b6745,accepted_state,166,258.322764793455,259.6268533373639,1.3040885439089016,258.322764793455,259.6268533373639,0.006122891029578579,9.215607508112276e-09,4.724027182871601e-10,0x1.03b4c5a5fbe5ep-31,4.727981588260222e-10,4.731939303816496e-10,-11768346.29769712,-3.7692363937041254e-06,-1.8795496301097858e-06,-3.7692363937041254e-06,-2.509449787752423e-06,2.594905229761478e+18,2.7939336866916632e-67,9780809407749.996,4.3191726989550116e-15,1.0532255599880543e-10,277806029878984.0,1.2267821300225238e-13,2.991494867035343e-09,145.71907217153705,0.0,731.5467336438344,0.0,OUTFLOW,,,
canonical_native_policy,Eulerian_KWNSolver_frozen_78b6745,accepted_state,167,259.6268533373639,260.93077879716134,1.3039254597974543,259.6268533373639,260.93077879716134,0.006122708353929135,9.216606252316553e-09,4.724027182871601e-10,0x1.03b4c5a5fbe5ep-31,4.727981588260222e-10,4.731939303816496e-10,-11768348.460731445,-3.769237089632198e-06,-1.8795499787088344e-06,-3.769237089632198e-06,-2.5094502521277794e-06,2.702139135166413e+18,2.7939336866916632e-67,10185001169121.434,4.497662427982423e-15,1.0967500860743795e-10,291086512211468.25,1.285428295516731e-13,3.134502903062086e-09,145.71469787964986,0.0,731.5467336438344,0.0,OUTFLOW,,,
canonical_native_policy,Eulerian_KWNSolver_frozen_78b6745,accepted_state,168,260.93077879716134,262.2246924616177,1.2939136644563274,260.93077879716134,262.2246924616177,0.006122528711217927,9.21758865472017e-09,4.724027182871601e-10,0x1.03b4c5a5fbe5ep-31,4.727981588260222e-10,4.731939303816496e-10,-11768350.587853216,-3.769237774005874e-06,-1.8795503215201425e-06,-3.769237774005874e-06,-2.5094507087931767e-06,2.8121651411152184e+18,2.7939336866916632e-67,10599717152062.244,4.680799618031227e-15,1.1414078904706838e-10,304801631073893.7,1.3459938013802565e-13,3.282191229681915e-09,145.7103962150867,0.0,731.5467336438344,0.0,OUTFLOW,,,
canonical_native_policy,Eulerian_KWNSolver_frozen_78b6745,accepted_state,169,262.2246924616177,263.51844915558854,1.2937566939708411,262.2246924616177,263.51844915558854,0.006122350695686953,9.218562393709357e-09,4.724027182871601e-10,0x1.03b4c5a5fbe5ep-31,4.727981588260222e-10,4.731939303816496e-10,-11768352.695707794,-3.769238452180582e-06,-1.8795506612263097e-06,-3.769238452180582e-06,-2.5094511613221576e-06,2.925887912734171e+18,2.7939336866916632e-67,11028367243184.84,4.870090063616875e-15,1.1875661595300727e-10,319069655018332.8,1.4090009175807087e-13,3.4358333965244422e-09,145.70613351597376,0.0,731.5467336438344,0.0,OUTFLOW,,,
canonical_native_policy,Eulerian_KWNSolver_frozen_78b6745,accepted_state,170,263.51844915558854,264.81205033845725,1.293601182868703,263.51844915558854,264.81205033845725,0.006122174293670116,9.219527537731164e-09,4.724027182871601e-10,0x1.03b4c5a5fbe5ep-31,4.727981588260222e-10,4.731939303816496e-10,-11768354.784457,-3.7692391242083865e-06,-1.8795509978534164e-06,-3.7692391242083865e-06,-2.5094516097494645e-06,3.043403666578905e+18,2.7939336866916632e-67,11471314125576.58,5.065693924376876e-15,1.2352639480057733e-10,333908960540237.1,1.474530794106956e-13,3.5956272869539753e-09,145.70190945502566,0.0,731.5467336438344,0.0,OUTFLOW,,,
canonical_native_policy,Eulerian_KWNSolver_frozen_78b6745,accepted_state,171,264.81205033845725,266.1054974566343,1.293447118177016,264.81205033845725,266.1054974566343,0.006121999491624184,9.220484154684926e-09,4.724027182871601e-10,0x1.03b4c5a5fbe5ep-31,4.727981588260222e-10,4.731939303816496e-10,-11768356.854261197,-3.7692397901408806e-06,-1.8795513314273064e-06,-3.7692397901408806e-06,-2.5094520541095233e-06,3.164810273419515e+18,2.7939336866916632e-67,11928926703269.477,5.267774107097078e-15,1.2845409805401444e-10,349338396407525.9,1.5426666664872782e-13,3.7617758698999684e-09,145.69772370789985,0.0,731.5467336438344,0.0,OUTFLOW,,,
canonical_native_policy,Eulerian_KWNSolver_frozen_78b6745,accepted_state,172,266.1054974566343,267.3987919436858,1.2932944870515226,266.1054974566343,267.3987919436858,0.006121826276127558,9.221432311926688e-09,4.724027182871601e-10,0x1.03b4c5a5fbe5ep-31,4.727981588260222e-10,4.731939303816496e-10,-11768358.905279305,-3.769240450029197e-06,-1.8795516619735922e-06,-3.769240450029197e-06,-2.5094524944364533e-06,3.2902072970476933e+18,2.7939336866916632e-67,12401580261844.041,5.4764963366337866e-15,1.335437668958957e-10,365377291790895.75,1.6134938916925415e-13,3.934487287406524e-09,145.6935759531674,0.0,731.5467336438344,0.0,OUTFLOW,,,
canonical_native_policy,Eulerian_KWNSolver_frozen_78b6745,accepted_state,173,267.3987919436858,268.6821778110844,1.2833858673985663,267.3987919436858,268.6821778110844,0.006121655928125511,9.222364989285363e-09,4.724027182871601e-10,0x1.03b4c5a5fbe5ep-31,4.727981588260222e-10,4.731939303816496e-10,-11768360.92234385,-3.7692410989933965e-06,-1.8795519870478516e-06,-3.7692410989933965e-06,-2.509452927473995e-06,3.418687568455603e+18,2.7939336866916632e-67,12885855469034.818,5.69035064730278e-15,1.3875858097741424e-10,381914816589195.56,1.6865230477054482e-13,4.112568089213217e-09,145.68949686381814,0.0,731.5467336438344,0.0,OUTFLOW,,,
canonical_native_policy,Eulerian_KWNSolver_frozen_78b6745,accepted_state,174,268.6821778110844,269.9654167491136,1.2832389380292304,268.6821778110844,269.9654167491136,0.006121487116658532,9.223289465667406e-09,4.724027182871601e-10,0x1.03b4c5a5fbe5ep-31,4.727981588260222e-10,4.731939303816496e-10,-11768362.92121452,-3.7692417421039545e-06,-1.879552309189949e-06,-3.7692417421039545e-06,-2.5094533566055477e-06,3.5512979010379407e+18,2.7939336866916632e-67,13385698003361.19,5.91107943753238e-15,1.4414102849453485e-10,399091865479808.75,1.762376320705703e-13,4.297535469544985e-09,145.68545456914057,0.0,731.5467336438344,0.0,OUTFLOW,,,
canonical_native_policy,Eulerian_KWNSolver_frozen_78b6745,accepted_state,175,269.9654167491136,271.2485101162581,1.2830933671444855,269.9654167491136,271.2485101162581,0.0061213198289591046,9.224205805331966e-09,4.724027182871601e-10,0x1.03b4c5a5fbe5ep-31,4.727981588260222e-10,4.731939303816496e-10,-11768364.902042491,-3.7692423794095103e-06,-1.8795526284242482e-06,-3.7692423794095103e-06,-2.509453781863568e-06,3.688140672555102e+18,2.7939336866916632e-67,13901493773746.043,6.1388531234113306e-15,1.4969526502502695e-10,416928779934302.7,1.841143537950936e-13,4.489608471191533e-09,145.68144876337135,0.0,731.5467336438344,0.0,OUTFLOW,,,
canonical_native_policy,Eulerian_KWNSolver_frozen_78b6745,accepted_state,176,271.2485101162581,272.53145925908325,1.2829491428251247,271.2485101162581,272.53145925908325,0.006121154052373049,9.225114072028345e-09,4.724027182871601e-10,0x1.03b4c5a5fbe5ep-31,4.727981588260222e-10,4.731939303816496e-10,-11768366.864977602,-3.769243010958271e-06,-1.8795529447748972e-06,-3.769243010958271e-06,-2.5094542032802233e-06,3.829319912498809e+18,2.7939336866916632e-67,14433634898507.229,6.373844863076407e-15,1.554255130112026e-10,435446399455193.4,1.9229167259867778e-13,4.689011499882411e-09,145.6774791434617,0.0,731.5467336438344,0.0,OUTFLOW,,,
canonical_native_policy,Eulerian_KWNSolver_frozen_78b6745,accepted_state,177,272.53145925908325,273.80459772926326,1.273138470179991,272.53145925908325,273.80459772926326,0.006120991011551632,9.226007548332997e-09,4.724027182871601e-10,0x1.03b4c5a5fbe5ep-31,4.727981588260222e-10,4.731939303816496e-10,-11768368.795518944,-3.7692436320847585e-06,-1.8795532559048998e-06,-3.7692436320847585e-06,-2.5094546177423573e-06,3.97380988355525e+18,2.7939336866916632e-67,14978255130467.527,6.61434733471414e-15,1.61290139596531e-10,454515792277962.4,2.0071265264563485e-13,4.894356181463455e-09,145.67357503437097,0.0,731.5467336438344,0.0,OUTFLOW,,,
canonical_native_policy,Eulerian_KWNSolver_frozen_78b6745,accepted_state,178,273.80459772926326,275.07759734385564,1.2729996145923692,273.80459772926326,275.07759734385564,0.006120829434485262,9.226893197397001e-09,4.724027182871601e-10,0x1.03b4c5a5fbe5ep-31,4.727981588260222e-10,4.731939303816496e-10,-11768370.708728187,-3.76924424763487e-06,-1.8795535642416258e-06,-3.76924424763487e-06,-2.5094550284835154e-06,4.1227795377195254e+18,2.7939336866916632e-67,15539760519038.666,6.862306234998089e-15,1.6733659038255234e-10,474297901429556.3,2.0944836583800224e-13,5.107375596527645e-09,145.66970597702596,0.0,731.5467336438344,0.0,OUTFLOW,,,
canonical_native_policy,Eulerian_KWNSolver_frozen_78b6745,accepted_state,179,275.07759734385564,276.35045937936303,1.2728620355073708,275.07759734385564,276.35045937936303,0.006120669309132307,9.227771080052784e-09,4.724027182871601e-10,0x1.03b4c5a5fbe5ep-31,4.727981588260222e-10,4.731939303816496e-10,-11768372.604747912,-3.7692448576544785e-06,-1.8795538698080542e-06,-3.7692448576544785e-06,-2.509455435534307e-06,4.276335587155017e+18,2.7939336866916632e-67,16118553312840.334,7.117899195572417e-15,1.7356919689756924e-10,494814596008772.3,2.185084694966148e-13,5.328305237792064e-09,145.66587168304875,0.0,731.5467336438344,0.0,OUTFLOW,,,
canonical_native_policy,Eulerian_KWNSolver_frozen_78b6745,accepted_state,180,276.35045937936303,277.62318510122026,1.2727257218572485,276.35045937936303,277.62318510122026,0.006120510623553657,9.228641256671369e-09,4.724027182871601e-10,0x1.03b4c5a5fbe5ep-31,4.727981588260222e-10,4.731939303816496e-10,-11768374.483719494,-3.769245462189069e-06,-1.8795541726269685e-06,-3.769245462189069e-06,-2.5094558389250836e-06,4.4345863778867763e+18,2.7939336866916632e-67,16715041900674.332,7.381306559565158e-15,1.7999235678912333e-10,516088259777682.2,2.2790284821588703e-13,5.5573861400152885e-09,145.66207186651695,0.0,731.5467336438344,0.0,OUTFLOW,,,
canonical_native_policy,Eulerian_KWNSolver_frozen_78b6745,accepted_state,181,277.62318510122026,278.8957757638983,1.2725906626780488,277.62318510122026,278.8957757638983,0.0061203533659166705,9.229503787138995e-09,4.724027182871601e-10,0x1.03b4c5a5fbe5ep-31,4.727981588260222e-10,4.731939303816496e-10,-11768376.345783036,-3.769246061283719e-06,-1.8795544727209485e-06,-3.769246061283719e-06,-2.509456238685925e-06,4.5976419333621955e+18,2.7939336866916632e-67,17329640994095.633,7.652711462210986e-15,1.866105357899726e-10,538141799094331.0,2.3764161736686603e-13,5.794864965418955e-09,145.6583062440584,0.0,731.5467336438344,0.0,OUTFLOW,,,
canonical_native_policy,Eulerian_KWNSolver_frozen_78b6745,accepted_state,182,278.8957757638983,280.1586547231049,1.2628789592065766,278.8957757638983,280.1586547231049,0.006120198696648514,9.230352299767144e-09,4.724027182871601e-10,0x1.03b4c5a5fbe5ep-31,4.727981588260222e-10,4.731939303816496e-10,-11768378.1771981,-3.7692466505176204e-06,-1.879554767875557e-06,-3.7692466505176204e-06,-2.5094566318669354e-06,4.764312097112391e+18,2.7939336866916632e-67,17957864606767.254,7.930132906957689e-15,1.9337542751487939e-10,560820408458497.9,2.476564153587746e-13,6.0390747240550725e-09,145.65460260270788,0.0,731.5467336438344,0.0,OUTFLOW,,,
canonical_native_policy,Eulerian_KWNSolver_frozen_78b6745,accepted_state,183,280.1586547231049,281.4214036347646,1.2627489116597068,280.1586547231049,281.4214036347646,0.0061200454108426335,9.231193397853344e-09,4.724027182871601e-10,0x1.03b4c5a5fbe5ep-31,4.727981588260222e-10,4.731939303816496e-10,-11768379.9922318,-3.7692472344810316e-06,-1.879555060390111e-06,-3.7692472344810316e-06,-2.50945702153108e-06,4.93593500611257e+18,2.7939336866916632e-67,18604756488962.477,8.215798197044963e-15,2.0034134451083819e-10,584313544466629.1,2.580309055905089e-13,6.292055538796576e-09,145.65093209026566,0.0,731.5467336438344,0.0,OUTFLOW,,,
canonical_native_policy,Eulerian_KWNSolver_frozen_78b6745,accepted_state,184,281.4214036347646,282.6840236885299,1.2626200537653058,281.4214036347646,282.6840236885299,0.006119893497236528,9.232027138549273e-09,4.724027182871601e-10,0x1.03b4c5a5fbe5ep-31,4.727981588260222e-10,4.731939303816496e-10,-11768381.791017491,-3.7692478132168586e-06,-1.8795553502861034e-06,-3.7692478132168586e-06,-2.509457407706989e-06,5.112623222508553e+18,2.7939336866916632e-67,19270740942383.863,8.509894702684555e-15,2.075128557800618e-10,608645168431399.1,2.6877566929754956e-13,6.55406543191859e-09,145.64729443701447,0.0,731.5467336438344,0.0,OUTFLOW,,,
canonical_native_policy,Eulerian_KWNSolver_frozen_78b6745,accepted_state,185,282.6840236885299,283.94651606386833,1.2624923753384096,282.6840236885299,283.94651606386833,0.006119742944665355,9.23285357856057e-09,4.724027182871601e-10,0x1.03b4c5a5fbe5ep-31,4.727981588260222e-10,4.731939303816496e-10,-11768383.573687378,-3.7692483867676353e-06,-1.879555637584839e-06,-3.7692483867676353e-06,-2.5094577904230437e-06,5.294490926372714e+18,2.7939336866916632e-67,19956248346326.855,8.812612477932893e-15,2.1489459577002348e-10,633839779808996.5,2.7990152535775195e-13,6.8253682205796744e-09,145.64368937557606,0.0,731.5467336438344,0.0,OUTFLOW,,,
canonical_native_policy,Eulerian_KWNSolver_frozen_78b6745,accepted_state,186,283.94651606386833,285.19939104089184,1.252874977023482,283.94651606386833,285.19939104089184,0.006119594862943145,9.233666619340298e-09,4.724027182871601e-10,0x1.03b4c5a5fbe5ep-31,4.727981588260222e-10,4.731939303816496e-10,-11768385.327100324,-3.769248950905373e-06,-1.8795559201684657e-06,-3.769248950905373e-06,-2.509458166858013e-06,5.480206472136283e+18,2.7939336866916632e-67,20656259404253.24,9.121735018237846e-15,2.2243251525854925e-10,659719490335491.4,2.9132991890914097e-13,7.104048353023505e-09,145.64014348099647,0.0,731.5467336438344,0.0,OUTFLOW,,,
canonical_native_policy,Eulerian_KWNSolver_frozen_78b6745,accepted_state,187,285.19939104089184,286.45214306183067,1.2527520209388379,285.19939104089184,286.45214306183067,0.006119448100101327,9.234472579538503e-09,4.724027182871601e-10,0x1.03b4c5a5fbe5ep-31,4.727981588260222e-10,4.731939303816496e-10,-11768387.064896606,-3.7692495100186526e-06,-1.8795562002352794e-06,-3.7692495100186526e-06,-2.509458539940288e-06,5.671252015567231e+18,2.7939336866916632e-67,21376360709996.766,9.439729344738558e-15,2.3018677228751147e-10,686498769415257.4,3.0315555892287784e-13,7.392415297200073e-09,145.63662916874284,0.0,731.5467336438344,0.0,OUTFLOW,,,
canonical_native_policy,Eulerian_KWNSolver_frozen_78b6745,accepted_state,188,286.45214306183067,287.7047732455952,1.2526301837645366,286.45214306183067,287.7047732455952,0.0061193026455082225,9.235271513291067e-09,4.724027182871601e-10,0x1.03b4c5a5fbe5ep-31,4.727981588260222e-10,4.731939303816496e-10,-11768388.787202118,-3.76925006414798e-06,-1.8795564778055687e-06,-3.76925006414798e-06,-2.509458909696896e-06,5.867744122190109e+18,2.7939336866916632e-67,22116991657479.895,9.766789492320578e-15,2.3816209837646803e-10,714203180739485.1,3.1538973423943293e-13,7.690744330255135e-09,145.63314618420623,0.0,731.5467336438344,0.0,OUTFLOW,,,
canonical_native_policy,Eulerian_KWNSolver_frozen_78b6745,accepted_state,189,287.7047732455952,288.95728270162647,1.2525094560312549,287.7047732455952,288.95728270162647,0.006119158488623328,9.236063474314748e-09,4.724027182871601e-10,0x1.03b4c5a5fbe5ep-31,4.727981588260222e-10,4.731939303816496e-10,-11768390.494141666,-3.7692506133335077e-06,-1.8795567528994473e-06,-3.7692506133335077e-06,-2.5094592761546313e-06,6.069800947745103e+18,2.7939336866916632e-67,22878597611653.7,1.01031121326557e-14,2.4636328934272233e-10,742858840588815.5,3.280439777209283e-13,7.999316679775859e-09,145.62969427496148,0.0,731.5467336438344,0.0,OUTFLOW,,,
canonical_native_policy,Eulerian_KWNSolver_frozen_78b6745,accepted_state,190,288.95728270162647,290.20967252998463,1.252389828358176,288.95728270162647,290.20967252998463,0.006119015618996518,9.236848515910091e-09,4.724027182871601e-10,0x1.03b4c5a5fbe5ep-31,4.727981588260222e-10,4.731939303816496e-10,-11768392.185838986,-3.769251157615049e-06,-1.8795570255368578e-06,-3.769251157615049e-06,-2.509459639340059e-06,6.27754228773338e+18,2.7939336866916632e-67,23661630118266.074,1.044889666683491e-14,2.5479520756016756e-10,772492425471305.4,3.4113006962403796e-13,8.318419606038622e-09,145.62627319074818,0.0,731.5467336438344,0.0,OUTFLOW,,,
canonical_native_policy,Eulerian_KWNSolver_frozen_78b6745,accepted_state,191,290.20967252998463,291.45254009753626,1.2428675675516305,290.20967252998463,291.45254009753626,0.006118875088662791,9.237620851622747e-09,4.724027182871601e-10,0x1.03b4c5a5fbe5ep-31,4.727981588260222e-10,4.731939303816496e-10,-11768393.849837098,-3.76925169298473e-06,-1.879557293710207e-06,-3.76925169298473e-06,-2.5094599965788255e-06,6.489441866329202e+18,2.7939336866916632e-67,24460336266936.906,1.0801602628888838e-14,2.6339590404274275e-10,802893384108888.1,3.545550312090643e-13,8.645785832599289e-09,145.6229081230298,0.0,731.5467336438344,0.0,OUTFLOW,,,
canonical_native_policy,Eulerian_KWNSolver_frozen_78b6745,accepted_state,192,291.45254009753626,292.69529244941185,1.2427523518755743,291.45254009753626,292.69529244941185,0.006118735805953388,9.238386475520659e-09,4.724027182871601e-10,0x1.03b4c5a5fbe5ep-31,4.727981588260222e-10,4.731939303816496e-10,-11768395.499062283,-3.7692522236014155e-06,-1.8795575595027207e-06,-3.7692522236014155e-06,-2.5094603506460373e-06,6.707179942139194e+18,2.7939336866916632e-67,25281049352061.383,1.1164026780425416e-14,2.7223357751775017e-10,834311467649044.9,3.684291517468399e-13,8.984104751318973e-09,145.61957293122634,0.0,731.5467336438344,0.0,OUTFLOW,,,
canonical_native_policy,Eulerian_KWNSolver_frozen_78b6745,accepted_state,193,292.69529244941185,293.93793062956865,1.2426381801567965,292.69529244941185,293.93793062956865,0.006118597760913793,9.239145438500663e-09,4.724027182871601e-10,0x1.03b4c5a5fbe5ep-31,4.727981588260222e-10,4.731939303816496e-10,-11768397.133632408,-3.7692527495030263e-06,-1.8795578229333948e-06,-3.7692527495030263e-06,-2.509460701566998e-06,6.930878529244421e+18,2.7939336866916632e-67,26124229307865.844,1.153637222685964e-14,2.8131318068862055e-10,866774432414170.1,3.8276468833643617e-13,9.333675250224001e-09,145.616267376947,0.0,731.5467336438344,0.0,OUTFLOW,,,
canonical_native_policy,Eulerian_KWNSolver_frozen_78b6745,accepted_state,194,293.93793062956865,295.1804556732368,1.242525043668155,293.93793062956865,295.1804556732368,0.006118460943673883,9.239897791068573e-09,4.724027182871601e-10,0x1.03b4c5a5fbe5ep-31,4.727981588260222e-10,4.731939303816496e-10,-11768398.753664346,-3.769253270727165e-06,-1.8795580840210652e-06,-3.769253270727165e-06,-2.509461049366799e-06,7.160661204445064e+18,2.7939336866916632e-67,26990341933114.21,1.1918844663366667e-14,2.9063972940980434e-10,900310608203231.2,3.975741513222598e-13,9.694802392700619e-09,145.61299122382252,0.0,731.5467336438344,0.0,OUTFLOW,,,
canonical_native_policy,Eulerian_KWNSolver_frozen_78b6745,accepted_state,195,295.1804556732368,296.4228686069997,1.2424129337629053,295.1804556732368,296.4228686069997,0.006118325344447198,9.240643583341994e-09,4.724027182871601e-10,0x1.03b4c5a5fbe5ep-31,4.727981588260222e-10,4.731939303816496e-10,-11768400.359273974,-3.7692537873111146e-06,-1.8795583427844066e-06,-3.7692537873111146e-06,-2.5094613940703183e-06,7.396653160643045e+18,2.7939336866916632e-67,27879859118188.22,1.2311652475159699e-14,3.002183051320368e-10,934948905763156.0,4.1287030759339227e-13,1.006779749794904e-08,145.60974423748723,0.0,731.5467336438344,0.0,OUTFLOW,,,
canonical_native_policy,Eulerian_KWNSolver_frozen_78b6745,accepted_state,196,296.4228686069997,297.6558525551308,1.232983948131096,296.4228686069997,297.6558525551308,0.006118191960660685,9.241377324348408e-09,4.724027182871601e-10,0x1.03b4c5a5fbe5ep-31,4.727981588260222e-10,4.731939303816496e-10,-11768401.93865092,-3.769254295455039e-06,-1.8795585973200347e-06,-3.769254295455039e-06,-2.50946173314202e-06,7.637115587840135e+18,2.7939336866916632e-67,28786226853599.18,1.271190143358422e-14,3.09978332404697e-10,970441861400904.1,4.285438780112263e-13,1.0449995806072476e-08,145.60655030175815,0.0,731.5467336438344,0.0,OUTFLOW,,,
canonical_native_policy,Eulerian_KWNSolver_frozen_78b6745,accepted_state,197,297.6558525551308,298.88872851706975,1.2328759619389222,297.6558525551308,298.88872851706975,0.0061180597576042575,9.242104700965379e-09,4.724027182871601e-10,0x1.03b4c5a5fbe5ep-31,4.727981588260222e-10,4.731939303816496e-10,-11768403.504047018,-3.7692547991008093e-06,-1.879558849602481e-06,-3.7692547991008093e-06,-2.5094620692122163e-06,7.883944019592258e+18,2.7939336866916632e-67,29716589860975.184,1.3122746623798445e-14,3.199967476358469e-10,1007078730711298.4,4.4472259687832254e-13,1.0844512104131347e-08,145.60338463999653,0.0,731.5467336438344,0.0,OUTFLOW,,,
canonical_native_policy,Eulerian_KWNSolver_frozen_78b6745,accepted_state,198,298.88872851706975,300.121497467387,1.2327689503172083,298.88872851706975,300.121497467387,0.00611792872595248,9.242825761061045e-09,4.724027182871601e-10,0x1.03b4c5a5fbe5ep-31,4.727981588260222e-10,4.731939303816496e-10,-11768405.055572696,-3.7692552982839525e-06,-1.8795590996495414e-06,-3.7692552982839525e-06,-2.5094624023046134e-06,8.137265683759459e+18,2.7939336866916632e-67,30671427730068.67,1.3544399831031902e-14,3.302787151852496e-10,1044889514478825.2,4.614197124407003e-13,1.1251669449162384e-08,145.60024702887813,0.0,731.5467336438344,0.0,OUTFLOW,,,
canonical_native_policy,Eulerian_KWNSolver_frozen_78b6745,accepted_state,199,300.121497467387,301.3541603726038,1.232662905216844,300.121497467387,301.3541603726038,0.0061177988564569555,9.243540552144934e-09,4.724027182871601e-10,0x1.03b4c5a5fbe5ep-31,4.727981588260222e-10,4.731939303816496e-10,-11768406.593337458,-3.769255793039702e-06,-1.8795593474788654e-06,-3.769255793039702e-06,-2.509462732442722e-06,8.397209337573241e+18,2.7939336866916632e-67,31651225786447.418,1.3977075373430984e-14,3.4082946117757036e-10,1083904806410421.8,4.786487347769485e-13,1.167179728296102e-08,145.59713724692392,0.0,731.5467336438344,0.0,OUTFLOW,,,
canonical_native_policy,Eulerian_KWNSolver_frozen_78b6745,accepted_state,200,301.3541603726038,302.57748362975383,1.2233232571499861,301.3541603726038,302.57748362975383,0.006117671103449311,9.244243816937494e-09,4.724027182871601e-10,0x1.03b4c5a5fbe5ep-31,4.727981588260222e-10,4.731939303816496e-10,-11768408.106041213,-3.7692562797323976e-06,-1.8795595912693055e-06,-3.7692562797323976e-06,-2.5094630572005566e-06,8.661856084635191e+18,2.7939336866916632e-67,32648751225487.383,1.4417579268681273e-14,3.515711007018282e-10,1123844783101464.6,4.962860948081299e-13,1.2101882386991386e-08,145.59407814599194,0.0,731.5467336438344,0.0,OUTFLOW,,,
canonical_native_policy,Eulerian_KWNSolver_frozen_78b6745,accepted_state,201,302.57748362975383,303.800704731335,1.223221101581158,302.57748362975383,303.800704731335,0.006117544477216294,9.244940999075909e-09,4.724027182871601e-10,0x1.03b4c5a5fbe5ep-31,4.727981588260222e-10,4.731939303816496e-10,-11768409.605403002,-3.769256762132491e-06,-1.8795598329095268e-06,-3.769256762132491e-06,-2.5094633790940453e-06,8.933282348137772e+18,2.7939336866916632e-67,33671830589340.875,1.4869367691602476e-14,3.625879122046984e-10,1165032876807212.2,5.144746191356672e-13,1.254540757237843e-08,145.59104602694106,0.0,731.5467336438344,0.0,OUTFLOW,,,
canonical_native_policy,Eulerian_KWNSolver_frozen_78b6745,accepted_state,202,303.800704731335,305.0238245951888,1.2231198638538099,303.800704731335,305.0238245951888,0.0061174189689437546,9.245632143940296e-09,4.724027182871601e-10,0x1.03b4c5a5fbe5ep-31,4.727981588260222e-10,4.731939303816496e-10,-11768411.091527192,-3.769257240273559e-06,-1.8795600724163497e-06,-3.769257240273559e-06,-2.509463698145593e-06,9.21161874394479e+18,2.7939336866916632e-67,34720956240800.3,1.5332658067955833e-14,3.7388519758969574e-10,1207500768077334.0,5.332282977842623e-13,1.3002713984351293e-08,145.5880406786921,0.0,731.5467336438344,0.0,OUTFLOW,,,
canonical_native_policy,Eulerian_KWNSolver_frozen_78b6745,accepted_state,203,305.0238245951888,306.24684413166,1.2230195364712355,305.0238245951888,306.24684413166,0.006117294569890625,9.246317296567729e-09,4.724027182871601e-10,0x1.03b4c5a5fbe5ep-31,4.727981588260222e-10,4.731939303816496e-10,-11768412.564517288,-3.7692577141889025e-06,-1.8795603098064549e-06,-3.7692577141889025e-06,-2.5094640143774213e-06,9.496997377436359e+18,2.7939336866916632e-67,35796626125761.0,1.580767028898214e-14,3.8546831888078573e-10,1251280741168896.2,5.525613873737834e-13,1.3474149269033218e-08,145.58506189191633,0.0,731.5467336438344,0.0,OUTFLOW,,,
canonical_native_policy,Eulerian_KWNSolver_frozen_78b6745,accepted_state,204,306.24684413166,307.4697642436639,1.2229201120039193,306.24684413166,307.4697642436639,0.006117171271388354,9.246996501654349e-09,4.724027182871601e-10,0x1.03b4c5a5fbe5ep-31,4.727981588260222e-10,4.731939303816496e-10,-11768414.024475928,-3.769258183911547e-06,-1.8795605450963842e-06,-3.769258183911547e-06,-2.509464327811566e-06,9.78955190480786e+18,2.7939336866916632e-67,36899344035649.695,1.6294626827289295e-14,3.973427010482893e-10,1296405691109844.0,5.724884142384741e-13,1.3960067649503132e-08,145.5821094590218,0.0,731.5467336438344,0.0,OUTFLOW,,,
canonical_native_policy,Eulerian_KWNSolver_frozen_78b6745,accepted_state,205,307.4697642436639,308.6834346323842,1.2136703887202753,307.4697642436639,308.6834346323842,0.006117049978532013,9.247664769122668e-09,4.724027182871601e-10,0x1.03b4c5a5fbe5ep-31,4.727981588260222e-10,4.731939303816496e-10,-11768415.46068602,-3.769258645993406e-06,-1.879560776558949e-06,-3.769258645993406e-06,-2.5094646361472066e-06,1.0087118229820842e+19,2.7939336866916632e-67,38020952939835.56,1.678992556545159e-14,4.094205068509739e-10,1342550595843849.5,5.928658497260801e-13,1.4456969195203006e-08,145.57920505285142,0.0,731.5467336438344,0.0,OUTFLOW,,,
canonical_native_policy,Eulerian_KWNSolver_frozen_78b6745,accepted_state,206,308.6834346323842,309.89700923477744,1.2135746023932297,308.6834346323842,309.89700923477744,0.006116929752913686,9.248327265008425e-09,4.724027182871601e-10,0x1.03b4c5a5fbe5ep-31,4.727981588260222e-10,4.731939303816496e-10,-11768416.884259116,-3.7692591040094744e-06,-1.8795610059849088e-06,-3.7692591040094744e-06,-2.5094649417698467e-06,1.039201932451074e+19,2.7939336866916632e-67,39170208688242.664,1.7297433057490426e-14,4.2179602178766674e-10,1390086566278343.5,6.138575751712476e-13,1.496885013463502e-08,145.57632620282357,0.0,731.5467336438344,0.0,OUTFLOW,,,
canonical_native_policy,Eulerian_KWNSolver_frozen_78b6745,accepted_state,207,309.89700923477744,311.1104889085728,1.2134796737953242,309.89700923477744,311.1104889085728,0.0061168105862680865,9.248984032020056e-09,4.724027182871601e-10,0x1.03b4c5a5fbe5ep-31,4.727981588260222e-10,4.731939303816496e-10,-11768418.295293074,-3.7692595579912405e-06,-1.8795612333900363e-06,-3.7692595579912405e-06,-2.5094652447004984e-06,1.070439051484184e+19,2.7939336866916632e-67,40347621400940.266,1.7817374570721067e-14,4.344747389773237e-10,1439047584734373.8,6.354785970532152e-13,1.549607639916153e-08,145.57347271100423,0.0,731.5467336438344,0.0,OUTFLOW,,,
canonical_native_policy,Eulerian_KWNSolver_frozen_78b6745,accepted_state,208,311.1104889085728,312.3238745045757,1.2133855960029172,311.1104889085728,312.3238745045757,0.006116692470397728,9.249635112545529e-09,4.724027182871601e-10,0x1.03b4c5a5fbe5ep-31,4.727981588260222e-10,4.731939303816496e-10,-11768419.693884967,-3.769260007969934e-06,-1.8795614587899744e-06,-3.769260007969934e-06,-2.5094655449599994e-06,1.1024368574573339e+19,2.7939336866916632e-67,41553706620528.83,1.83499777670304e-14,4.47462209930269e-10,1489468253808254.5,6.577441957627037e-13,1.6039020599446552e-08,145.57064438108318,0.0,731.5467336438344,0.0,OUTFLOW,,,
canonical_native_policy,Eulerian_KWNSolver_frozen_78b6745,accepted_state,209,312.3238745045757,313.5280967629004,1.2042222583247013,312.3238745045757,313.5280967629004,0.006116576271510144,9.250275727965438e-09,4.724027182871601e-10,0x1.03b4c5a5fbe5ep-31,4.727981588260222e-10,4.731939303816496e-10,-11768421.069778157,-3.7692604506456165e-06,-1.8795616805317437e-06,-3.7692604506456165e-06,-2.509465840346385e-06,1.1349583471665553e+19,2.7939336866916632e-67,42779531086865.53,1.88912977486382e-14,4.606622387436465e-10,1540984317343751.5,6.804935170002532e-13,1.659376032091134e-08,145.5678619547076,0.0,731.5467336438344,0.0,OUTFLOW,,,
canonical_native_policy,Eulerian_KWNSolver_frozen_78b6745,accepted_state,210,313.5280967629004,314.7322283770306,1.2041316141301823,313.5280967629004,314.7322283770306,0.0061164610917618,9.2509108243657e-09,4.724027182871601e-10,0x1.03b4c5a5fbe5ep-31,4.727981588260222e-10,4.731939303816496e-10,-11768422.43360388,-3.7692608894387478e-06,-1.8795619003286944e-06,-3.7692608894387478e-06,-2.5094661331420412e-06,1.1682563777741396e+19,2.7939336866916632e-67,44034625609585.69,1.9445543289180627e-14,4.74177455904329e-10,1594007802156640.2,7.039085104286926e-13,1.7164732386273562e-08,145.5651039326492,0.0,731.5467336438344,0.0,OUTFLOW,,,
canonical_native_policy,Eulerian_KWNSolver_frozen_78b6745,accepted_state,211,314.7322283770306,315.9362701554403,1.2040417784096824,314.7322283770306,315.9362701554403,0.006116346923334352,9.25154044225744e-09,4.724027182871601e-10,0x1.03b4c5a5fbe5ep-31,4.727981588260222e-10,4.731939303816496e-10,-11768423.785454707,-3.769261324379113e-06,-1.8795621181957468e-06,-3.769261324379113e-06,-2.509466423366843e-06,1.2023447752561502e+19,2.7939336866916632e-67,45319511369940.28,2.001294454055378e-14,4.880134736412441e-10,1648574387223161.0,7.280049317645154e-13,1.775232099696445e-08,145.56237012767792,0.0,731.5467336438344,0.0,OUTFLOW,,,
canonical_native_policy,Eulerian_KWNSolver_frozen_78b6745,accepted_state,212,315.9362701554403,317.140222900148,1.2039527447077185,315.9362701554403,317.140222900148,0.006116233758472952,9.252164621850054e-09,4.724027182871601e-10,0x1.03b4c5a5fbe5ep-31,4.727981588260222e-10,4.731939303816496e-10,-11768425.125422461,-3.769261755496255e-06,-1.8795623341476985e-06,-3.769261755496255e-06,-2.5094667110405038e-06,1.2372375058181775e+19,2.7939336866916632e-67,46634714797517.34,2.0593733972301807e-14,5.02175960698915e-10,1704720380102293.8,7.527988143042487e-13,1.8356917123174145e-08,145.55966035408449,0.0,731.5467336438344,0.0,OUTFLOW,,,
canonical_native_policy,Eulerian_KWNSolver_frozen_78b6745,accepted_state,213,317.140222900148,318.3440874067732,1.2038645066251952,317.140222900148,318.3440874067732,0.00611612158948569,9.252783403053521e-09,4.724027182871601e-10,0x1.03b4c5a5fbe5ep-31,4.727981588260222e-10,4.731939303816496e-10,-11768426.453598222,-3.7692621828194767e-06,-1.8795625481992286e-06,-3.7692621828194767e-06,-2.509466996182577e-06,1.2729486829117954e+19,2.7939336866916632e-67,47980767872087.59,2.1188146504910976e-14,5.166706455878216e-10,1762482723544122.5,7.783064718426858e-13,1.897891857501245e-08,145.5569744276669,0.0,731.5467336438344,0.0,OUTFLOW,,,
canonical_native_policy,Eulerian_KWNSolver_frozen_78b6745,accepted_state,214,318.3440874067732,319.53887541542633,1.194788008653114,318.3440874067732,319.53887541542633,0.006116011238118196,9.253392249189979e-09,4.724027182871601e-10,0x1.03b4c5a5fbe5ep-31,4.727981588260222e-10,4.731939303816496e-10,-11768427.760251828,-3.769262603218226e-06,-1.879562758782204e-06,-3.769262603218226e-06,-2.509467276704123e-06,1.309213416165696e+19,2.7939336866916632e-67,49347686187932.55,2.179177305823293e-14,5.313900133686003e-10,1821442747256241.2,8.043430209799524e-13,1.961381699090327e-08,145.55433202539473,0.0,731.5467336438344,0.0,OUTFLOW,,,
canonical_native_policy,Eulerian_KWNSolver_frozen_78b6745,accepted_state,215,319.53887541542633,320.7335783999297,1.1947029845033776,319.53887541542633,320.7335783999297,0.0061159018528082094,9.253995855183373e-09,4.724027182871601e-10,0x1.03b4c5a5fbe5ep-31,4.727981588260222e-10,4.731939303816496e-10,-11768429.055466494,-3.769263019936645e-06,-1.8795629675216565e-06,-3.769263019936645e-06,-2.5094675547698773e-06,1.3463124455660698e+19,2.7939336866916632e-67,50746051533194.6,2.2409286514495043e-14,5.464480117655891e-10,1882069206474711.0,8.311154624594109e-13,2.0266660061435557e-08,145.5517127562881,0.0,731.5467336438344,0.0,OUTFLOW,,,
canonical_native_policy,Eulerian_KWNSolver_frozen_78b6745,accepted_state,216,320.7335783999297,321.9281971165586,1.1946187166289122,320.7335783999297,321.9281971165586,0.006115793426217388,9.254594259184464e-09,4.724027182871601e-10,0x1.03b4c5a5fbe5ep-31,4.727981588260222e-10,4.731939303816496e-10,-11768430.339329112,-3.769263433002692e-06,-1.8795631744315898e-06,-3.769263433002692e-06,-2.5094678303984954e-06,1.3842600137408053e+19,2.7939336866916632e-67,52176400797702.09,2.304092396244858e-14,5.618504221621737e-10,1944400111433977.5,8.586405814733756e-13,2.0937857091696345e-08,145.54911644461276,0.0,731.5467336438344,0.0,OUTFLOW,,,
canonical_native_policy,Eulerian_KWNSolver_frozen_78b6745,accepted_state,217,321.9281971165586,323.1227323156187,1.194535199060131,321.9281971165586,323.1227323156187,0.006115685951066324,9.255187499062223e-09,4.724027182871601e-10,0x1.03b4c5a5fbe5ep-31,4.727981588260222e-10,4.731939303816496e-10,-11768431.61192588,-3.7692638424440977e-06,-1.8795633795258948e-06,-3.7692638424440977e-06,-2.509468103608481e-06,1.423070498711488e+19,2.7939336866916632e-67,53639275933781.17,2.36869247264269e-14,5.776030804561657e-10,2008474114588978.0,8.869354468165803e-13,2.1627824302386795e-08,145.54654291604572,0.0,731.5467336438344,0.0,OUTFLOW,,,
canonical_native_policy,Eulerian_KWNSolver_frozen_78b6745,accepted_state,218,323.1227323156187,324.31718474149756,1.1944524258788787,323.1227323156187,324.31718474149756,0.006115579420134094,9.25577561240557e-09,4.724027182871601e-10,0x1.03b4c5a5fbe5ep-31,4.727981588260222e-10,4.731939303816496e-10,-11768432.873342296,-3.7692642482883723e-06,-1.8795635828183524e-06,-3.7692642482883723e-06,-2.509468374418191e-06,1.4627584214371734e+19,2.7939336866916632e-67,55135224281537.43,2.4347530509988738e-14,5.937118805625286e-10,2074330516983436.5,9.160174136983964e-13,2.2336984898397818e-08,145.54399199766488,0.0,731.5467336438344,0.0,OUTFLOW,,,
canonical_native_policy,Eulerian_KWNSolver_frozen_78b6745,accepted_state,219,324.31718474149756,325.5026460051093,1.185461263611709,324.31718474149756,325.5026460051093,0.0061154746130620075,9.256354291969842e-09,4.724027182871601e-10,0x1.03b4c5a5fbe5ep-31,4.727981588260222e-10,4.731939303816496e-10,-11768434.11434675,-3.7692646475653626e-06,-1.8795637828211759e-06,-3.7692646475653626e-06,-2.5094686408457167e-06,1.5030290500523635e+19,2.7939336866916632e-67,56653136625012.08,2.501783552054826e-14,6.100571952631925e-10,2141490615914490.0,9.456750886074154e-13,2.3060184071969936e-08,145.54148235821856,0.0,731.5467336438344,0.0,OUTFLOW,,,
canonical_native_policy,Eulerian_KWNSolver_frozen_78b6745,accepted_state,220,325.5026460051093,326.6880275048464,1.1853814997370906,325.5026460051093,326.6880275048464,0.006115370722093804,9.256927994584692e-09,4.724027182871601e-10,0x1.03b4c5a5fbe5ep-31,4.727981588260222e-10,4.731939303816496e-10,-11768435.344503758,-3.76926504335233e-06,-1.8795639810758025e-06,-3.76926504335233e-06,-2.509468904944438e-06,1.5441928866452365e+19,2.7939336866916632e-67,58204716566537.98,2.570300802972473e-14,6.26765052298879e-10,2210485410129905.0,9.76142958813445e-13,2.380313976964678e-08,145.5389946557002,0.0,731.5467336438344,0.0,OUTFLOW,,,
canonical_native_policy,Eulerian_KWNSolver_frozen_78b6745,accepted_state,221,326.6880275048464,327.87332994850647,1.1853024436600959,326.6880275048464,327.87332994850647,0.006115267740338458,9.257496756189604e-09,4.724027182871601e-10,0x1.03b4c5a5fbe5ep-31,4.727981588260222e-10,4.731939303816496e-10,-11768436.563894918,-3.769265435675525e-06,-1.8795641775953832e-06,-3.769265435675525e-06,-2.509469166731871e-06,1.5862645607529724e+19,2.7939336866916632e-67,59790515583548.17,2.640329156810683e-14,6.438413901364781e-10,2281355254358781.5,1.0074388448297921e-12,2.456628654270506e-08,145.53652872508826,0.0,731.5467336438344,0.0,OUTFLOW,,,
canonical_native_policy,Eulerian_KWNSolver_frozen_78b6745,accepted_state,222,327.87332994850647,329.0585540383634,1.185224089856953,327.87332994850647,329.0585540383634,0.006115165660959722,9.258060612460523e-09,4.724027182871601e-10,0x1.03b4c5a5fbe5ep-31,4.727981588260222e-10,4.731939303816496e-10,-11768437.772601174,-3.7692658245609926e-06,-1.8795643723929626e-06,-3.7692658245609926e-06,-2.509469426225394e-06,1.629258832133741e+19,2.7939336866916632e-67,61411090017307.82,2.7118931814135234e-14,6.612921996180164e-10,2354141157631668.5,1.0395808561070934e-12,2.5350065988126825e-08,145.53408440267322,0.0,731.5467336438344,0.0,OUTFLOW,,,
canonical_native_policy,Eulerian_KWNSolver_frozen_78b6745,accepted_state,223,329.0585540383634,330.23486927921846,1.176315240855025,329.0585540383634,330.23486927921846,0.006115065230310399,9.258615437861192e-09,4.724027182871601e-10,0x1.03b4c5a5fbe5ep-31,4.727981588260222e-10,4.731939303816496e-10,-11768438.961785078,-3.769266207165398e-06,-1.8795645640442799e-06,-3.769266207165398e-06,-2.5094696815277217e-06,1.6728562101890281e+19,2.7939336866916632e-67,63054397424701.24,2.784461086523506e-14,6.789878042682109e-10,2428313006325274.5,1.0723348962435468e-12,2.614876969064221e-08,145.53167956008576,0.0,731.5467336438344,0.0,OUTFLOW,,,
canonical_native_policy,Eulerian_KWNSolver_frozen_78b6745,accepted_state,224,330.23486927921846,331.41110900870274,1.1762397294842846,330.23486927921846,331.41110900870274,0.006114965675304854,9.259165500432138e-09,4.724027182871601e-10,0x1.03b4c5a5fbe5ep-31,4.727981588260222e-10,4.731939303816496e-10,-11768440.140600614,-3.7692665864339165e-06,-1.8795647540246101e-06,-3.7692665864339165e-06,-2.5094699346040965e-06,1.717391750515441e+19,2.7939336866916632e-67,64733066896824.8,2.8585905685765986e-14,6.970641977557606e-10,2504454611420684.0,1.1059587742144355e-12,2.6968684294043626e-08,145.52929568553589,0.0,731.5467336438344,0.0,OUTFLOW,,,
canonical_native_policy,Eulerian_KWNSolver_frozen_78b6745,accepted_state,225,331.41110900870274,332.5872738947592,1.1761648860564695,331.41110900870274,332.5872738947592,0.006114866989417208,9.259710834291765e-09,4.724027182871601e-10,0x1.03b4c5a5fbe5ep-31,4.727981588260222e-10,4.731939303816496e-10,-11768441.309125066,-3.7692669623914125e-06,-1.8795649423464075e-06,-3.7692669623914125e-06,-2.5094701854711083e-06,1.762880302730922e+19,2.7939336866916632e-67,66447658209661.72,2.934306347092871e-14,7.155274079087202e-10,2582608013767570.0,1.1404710551182682e-12,2.7810262506236867e-08,145.5269326227468,0.0,731.5467336438344,0.0,OUTFLOW,,,
canonical_native_policy,Eulerian_KWNSolver_frozen_78b6745,accepted_state,226,332.5872738947592,333.76336460017257,1.1760907054133416,332.5872738947592,333.76336460017257,0.006114769166173205,9.26025147330876e-09,4.724027182871601e-10,0x1.03b4c5a5fbe5ep-31,4.727981588260222e-10,4.731939303816496e-10,-11768442.467435082,-3.7692673350625473e-06,-1.8795651290220258e-06,-3.7692673350625473e-06,-2.509470434145214e-06,1.8093368415266863e+19,2.7939336866916632e-67,68198735806041.66,3.0116333476787644e-14,7.34383512809082e-10,2662815913069995.5,1.1758905950014468e-12,2.867396412986043e-08,145.52459021667823,0.0,731.5467336438344,0.0,OUTFLOW,,,
canonical_native_policy,Eulerian_KWNSolver_frozen_78b6745,accepted_state,227,333.76336460017257,334.93938178261277,1.1760171824402168,333.76336460017257,334.93938178261277,0.006114672199149547,9.260787451105195e-09,4.724027182871601e-10,0x1.03b4c5a5fbe5ep-31,4.727981588260222e-10,4.731939303816496e-10,-11768443.615606725,-3.769267704471793e-06,-1.879565314063723e-06,-3.769267704471793e-06,-2.509470680642743e-06,1.8567764752463856e+19,2.7939336866916632e-67,69986869166587.734,3.090596718407997e-14,7.536386447872411e-10,2745121673755098.0,1.2122365434498584e-12,2.9560256125481185e-08,145.52226831351027,0.0,731.5467336438344,0.0,OUTFLOW,,,
canonical_native_policy,Eulerian_KWNSolver_frozen_78b6745,accepted_state,228,334.93938178261277,336.1065727112351,1.167190928622361,334.93938178261277,336.1065727112351,0.006114576796603515,9.261314850221987e-09,4.724027182871601e-10,0x1.03b4c5a5fbe5ep-31,4.727981588260222e-10,4.731939303816496e-10,-11768444.74525363,-3.7692680679209454e-06,-1.8795654961199354e-06,-3.7692680679209454e-06,-2.5094709231632507e-06,1.9048464175603606e+19,2.7939336866916632e-67,71798760836890.58,3.1706092481443913e-14,7.731496130469876e-10,2828924536090243.0,1.2492436069762612e-12,3.0462669340297515e-08,145.5199838726495,0.0,731.5467336438344,0.0,OUTFLOW,,,
canonical_native_policy,Eulerian_KWNSolver_frozen_78b6745,accepted_state,229,336.1065727112351,337.2736927799956,1.1671200687604701,336.1065727112351,337.2736927799956,0.006114482225051653,9.26183772289663e-09,4.724027182871601e-10,0x1.03b4c5a5fbe5ep-31,4.727981588260222e-10,4.731939303816496e-10,-11768445.865060862,-3.7692684282043114e-06,-1.8795656765903658e-06,-3.7692684282043114e-06,-2.5094711635713084e-06,1.9539148065913057e+19,2.7939336866916632e-67,73648286879225.39,3.252283699153825e-14,7.930658389996892e-10,2914880929736815.5,1.2872016627221109e-12,3.138827239684241e-08,145.51771933061127,0.0,731.5467336438344,0.0,OUTFLOW,,,
canonical_native_policy,Eulerian_KWNSolver_frozen_78b6745,accepted_state,230,337.2736927799956,338.440742614603,1.1670498346073663,337.2736927799956,338.440742614603,0.006114388478360756,9.262356101288724e-09,4.724027182871601e-10,0x1.03b4c5a5fbe5ep-31,4.727981588260222e-10,4.731939303816496e-10,-11768446.975101037,-3.7692687853452555e-06,-1.8795658554867177e-06,-3.7692687853452555e-06,-2.5094714018825073e-06,2.003996821284959e+19,2.7939336866916632e-67,75536019486911.94,3.33564533930179e-14,8.133934841868347e-10,3003035228785915.0,1.3261303061375207e-12,3.233754312803336e-08,145.51547454052297,0.0,731.5467336438344,0.0,OUTFLOW,,,
canonical_native_policy,Eulerian_KWNSolver_frozen_78b6745,accepted_state,231,338.440742614603,339.6077228359876,1.1669802213846434,338.440742614603,339.6077228359876,0.006114295550445432,9.262870017325447e-09,4.724027182871601e-10,0x1.03b4c5a5fbe5ep-31,4.727981588260222e-10,4.731939303816496e-10,-11768448.07544622,-3.769269139366961e-06,-1.8795660328206042e-06,-3.769269139366961e-06,-2.5094716381123162e-06,2.0551077601203626e+19,2.7939336866916632e-67,77462535307424.88,3.420719633147769e-14,8.341387581135285e-10,3093432475387989.5,1.3660494276853765e-12,3.3310966560642196e-08,145.51324935665707,0.0,731.5467336438344,0.0,OUTFLOW,,,
canonical_native_policy,Eulerian_KWNSolver_frozen_78b6745,accepted_state,232,339.6077228359876,340.7746340603412,1.166911224353584,339.6077228359876,340.7746340603412,0.006114203435267638,9.263379502703557e-09,4.724027182871601e-10,0x1.03b4c5a5fbe5ep-31,4.727981588260222e-10,4.731939303816496e-10,-11768449.166167902,-3.7692694902924306e-06,-1.879566208603548e-06,-3.7692694902924306e-06,-2.5094718722760844e-06,2.1072630502764184e+19,2.7939336866916632e-67,79428415839351.92,3.507532259474773e-14,8.553079225230493e-10,3186118385363553.0,1.4069792153190106e-12,3.4309034975712886e-08,145.51104363442005,0.0,731.5467336438344,0.0,OUTFLOW,,,
canonical_native_policy,Eulerian_KWNSolver_frozen_78b6745,accepted_state,233,340.7746340603412,341.9328002880389,1.15816622769767,340.7746340603412,341.9328002880389,0.006114112804970272,9.263880837461125e-09,4.724027182871601e-10,0x1.03b4c5a5fbe5ep-31,4.727981588260222e-10,4.731939303816496e-10,-11768450.239307342,-3.769269835561044e-06,-1.8795663815529013e-06,-3.769269835561044e-06,-2.5094721026651746e-06,2.1600746235894825e+19,2.7939336866916632e-67,81419033754507.42,3.5954372803657616e-14,8.767434661576146e-10,3280415160549800.0,1.4486203556382585e-12,3.532444964857123e-08,145.5088734684357,0.0,731.5467336438344,0.0,OUTFLOW,,,
canonical_native_policy,Eulerian_KWNSolver_frozen_78b6745,accepted_state,234,341.9328002880389,343.09090001452694,1.1580997264880495,341.9328002880389,343.09090001452694,0.006114022963592694,9.264377869090169e-09,4.724027182871601e-10,0x1.03b4c5a5fbe5ep-31,4.727981588260222e-10,4.731939303816496e-10,-11768451.303105304,-3.769270177824158e-06,-1.8795665529967631e-06,-3.769270177824158e-06,-2.5094723310487704e-06,2.2139456164503294e+19,2.7939336866916632e-67,83449584296588.28,3.6851057126966754e-14,8.986090157518289e-10,3377058101299220.5,1.4912975548177942e-12,3.6365128503933116e-08,145.50672219373098,0.0,731.5467336438344,0.0,OUTFLOW,,,
canonical_native_policy,Eulerian_KWNSolver_frozen_78b6745,accepted_state,235,343.09090001452694,344.24893382622304,1.1580338116960827,343.09090001452694,344.24893382622304,0.00611393390536801,9.264870627914572e-09,4.724027182871601e-10,0x1.03b4c5a5fbe5ep-31,4.727981588260222e-10,4.731939303816496e-10,-11768452.357630074,-3.769270517103744e-06,-1.8795667229461379e-06,-3.769270517103744e-06,-2.5094725574415326e-06,2.2688915063450247e+19,2.7939336866916632e-67,85520650915848.33,3.776563321435448e-14,9.209108540650707e-10,3476093906658030.5,1.5350314350001293e-12,3.743157441049838e-08,145.50458967220595,0.0,731.5467336438344,0.0,OUTFLOW,,,
canonical_native_policy,Eulerian_KWNSolver_frozen_78b6745,accepted_state,236,344.24893382622304,345.4069023051155,1.1579684788924853,344.24893382622304,345.4069023051155,0.006113845624573816,9.265359144040784e-09,4.724027182871601e-10,0x1.03b4c5a5fbe5ep-31,4.727981588260222e-10,4.731939303816496e-10,-11768453.402949406,-3.769270853421601e-06,-1.8795668914119463e-06,-3.769270853421601e-06,-2.509472781858007e-06,2.324927884544612e+19,2.7939336866916632e-67,87632821296063.83,3.8698360585009466e-14,9.436553094444992e-10,3577569951435290.5,1.5798429167423857e-12,3.8524297513774644e-08,145.50247576682614,0.0,731.5467336438344,0.0,OUTFLOW,,,
canonical_native_policy,Eulerian_KWNSolver_frozen_78b6745,accepted_state,237,345.4069023051155,346.5648060287998,1.1579037236842986,345.4069023051155,346.5648060287998,0.006113758115531832,9.265843447359357e-09,4.724027182871601e-10,0x1.03b4c5a5fbe5ep-31,4.727981588260222e-10,4.731939303816496e-10,-11768454.439130541,-3.7692711867993614e-06,-1.8795670584050231e-06,-3.7692711867993614e-06,-2.509473004312629e-06,2.38207046589356e+19,2.7939336866916632e-67,89786687778890.1,3.9649500815024186e-14,9.668487603946496e-10,3681534291551747.0,1.6257532213783259e-12,3.9643815293675155e-08,145.5003803416139,0.0,731.5467336438344,0.0,OUTFLOW,,,
canonical_native_policy,Eulerian_KWNSolver_frozen_78b6745,accepted_state,238,346.5648060287998,347.7140447253017,1.1492386965018837,346.5648060287998,347.7140447253017,0.006113672016136943,9.266320005417045e-09,4.724027182871601e-10,0x1.03b4c5a5fbe5ep-31,4.727981588260222e-10,4.731939303816496e-10,-11768455.45862026,-3.769271514806877e-06,-1.8795672227080775e-06,-3.769271514806877e-06,-2.5094732231838212e-06,2.4398939110880838e+19,2.7939336866916632e-67,91966218179115.17,4.0611974145067344e-14,9.903185677550622e-10,3787225428254121.0,1.6724260736071712e-12,4.078192771360359e-08,145.498318671103,0.0,731.5467336438344,0.0,OUTFLOW,,,
canonical_native_policy,Eulerian_KWNSolver_frozen_78b6745,accepted_state,239,347.7140447253017,348.86322100627206,1.1491762809703636,347.7140447253017,348.86322100627206,0.006113586665996666,9.266792471378617e-09,4.724027182871601e-10,0x1.03b4c5a5fbe5ep-31,4.727981588260222e-10,4.731939303816496e-10,-11768456.469238171,-3.769271839960004e-06,-1.879567385581333e-06,-3.769271839960004e-06,-2.5094734401503514e-06,2.498838275466674e+19,2.7939336866916632e-67,94187999318256.75,4.159310526000654e-14,1.0142433431687323e-09,3895464043022714.5,1.7202238836238744e-12,4.1947472106705184e-08,145.49627494202468,0.0,731.5467336438344,0.0,OUTFLOW,,,
canonical_native_policy,Eulerian_KWNSolver_frozen_78b6745,accepted_state,240,348.86322100627206,350.01233542155467,1.1491144152826298,348.86322100627206,350.01233542155467,0.006113502059686238,9.267260873845732e-09,4.724027182871601e-10,0x1.03b4c5a5fbe5ep-31,4.727981588260222e-10,4.731939303816496e-10,-11768457.471048506,-3.7692721622794083e-06,-1.879567547035142e-06,-3.7692721622794083e-06,-2.5094736552260093e-06,2.5589193041628234e+19,2.7939336866916632e-67,96452624739109.78,4.2593156266353474e-14,1.0386294780744099e-09,4006299144502271.5,1.7691682934819269e-12,4.3140976212097964e-08,145.49424902447265,0.0,731.5467336438344,0.0,OUTFLOW,,,
canonical_native_policy,Eulerian_KWNSolver_frozen_78b6745,accepted_state,241,350.01233542155467,351.1613885168854,1.149053095330693,350.01233542155467,351.1613885168854,0.006113418191822332,9.267725241216478e-09,4.724027182871601e-10,0x1.03b4c5a5fbe5ep-31,4.727981588260222e-10,4.731939303816496e-10,-11768458.46411501,-3.769272481785599e-06,-1.8795677070797766e-06,-3.769272481785599e-06,-2.5094738684244803e-06,2.6201528502120567e+19,2.7939336866916632e-67,98760691992213.53,4.3612391040426334e-14,1.0634834070673836e-09,4119780423332925.5,1.8192812464017015e-12,4.436297511282157e-08,145.49224078953273,0.0,731.5467336438344,0.0,OUTFLOW,,,
canonical_native_policy,Eulerian_KWNSolver_frozen_78b6745,accepted_state,242,351.1613885168854,352.3018540849857,1.140465568100317,351.1613885168854,352.3018540849857,0.0061133356731902485,9.26818218967647e-09,4.724027182871601e-10,0x1.03b4c5a5fbe5ep-31,4.727981588260222e-10,4.731939303816496e-10,-11768459.441205468,-3.769272796151705e-06,-1.879567864549679e-06,-3.769272796151705e-06,-2.509474078193102e-06,2.6820830939275944e+19,2.7939336866916632e-67,101095019998036.61,4.464322247500763e-14,1.088620119364228e-09,4235075812747099.0,1.87019530448349e-12,4.560450887569773e-08,145.49026486258424,0.0,731.5467336438344,0.0,OUTFLOW,,,
canonical_native_policy,Eulerian_KWNSolver_frozen_78b6745,accepted_state,243,352.3018540849857,353.442260545129,1.1404064601432886,352.3018540849857,353.442260545129,0.006113253871585553,9.268635218149279e-09,4.724027182871601e-10,0x1.03b4c5a5fbe5ep-31,4.727981588260222e-10,4.731939303816496e-10,-11768460.409805713,-3.769273107786196e-06,-1.879568020651281e-06,-3.769273107786196e-06,-2.5094742861389854e-06,2.745180155492399e+19,2.7939336866916632e-67,103473328806330.08,4.569347568475997e-14,1.1142304295340041e-09,4353077465370368.5,1.922304439340791e-12,4.687518445562654e-08,145.48830610533946,0.0,731.5467336438344,0.0,OUTFLOW,,,
canonical_native_policy,Eulerian_KWNSolver_frozen_78b6745,accepted_state,244,353.442260545129,354.58260841696773,1.1403478718387174,353.442260545129,354.58260841696773,0.006113172781864005,9.269084353813557e-09,4.724027182871601e-10,0x1.03b4c5a5fbe5ep-31,4.727981588260222e-10,4.731939303816496e-10,-11768461.36997666,-3.7692734167086707e-06,-1.8795681753944008e-06,-3.7692734167086707e-06,-2.5094744922752083e-06,2.809459900371335e+19,2.7939336866916632e-67,105896216498733.6,4.676341478053372e-14,1.1403207778910414e-09,4473835990490471.5,1.9756309998656836e-12,4.8175546827908057e-08,145.48636439460995,0.0,731.5467336438344,0.0,OUTFLOW,,,
canonical_native_policy,Eulerian_KWNSolver_frozen_78b6745,accepted_state,245,354.58260841696773,355.72289821631125,1.140289799343503,354.58260841696773,355.72289821631125,0.006113092398920305,9.269529623655885e-09,4.724027182871601e-10,0x1.03b4c5a5fbe5ep-31,4.727981588260222e-10,4.731939303816496e-10,-11768462.321778757,-3.7692737229385767e-06,-1.8795683287887792e-06,-3.7692737229385767e-06,-2.5094746966147477e-06,2.8749382964545618e+19,2.7939336866916632e-67,108364284955038.92,4.7853305550430465e-14,1.1668976456492592e-09,4597402679237855.0,2.0301976360497074e-12,4.950614831011986e-08,145.48443960813995,0.0,731.5467336438344,0.0,OUTFLOW,,,
canonical_native_policy,Eulerian_KWNSolver_frozen_78b6745,accepted_state,246,355.72289821631125,356.8631304551566,1.1402322388453523,355.72289821631125,356.8631304551566,0.006113012717687742,9.269971054472309e-09,4.724027182871601e-10,0x1.03b4c5a5fbe5ep-31,4.727981588260222e-10,4.731939303816496e-10,-11768463.265272003,-3.769274026495218e-06,-1.8795684808440859e-06,-3.769274026495218e-06,-2.509474899170484e-06,2.941631424998185e+19,2.7939336866916632e-67,110878140328160.19,4.896341566954836e-14,1.1939675600367813e-09,4723829509423242.0,2.0860273011201122e-12,5.086754861420932e-08,145.48253162459775,0.0,731.5467336438344,0.0,OUTFLOW,,,
canonical_native_policy,Eulerian_KWNSolver_frozen_78b6745,accepted_state,247,356.8631304551566,357.9948527673157,1.1317223121591105,356.8631304551566,357.9948527673157,0.006112934317887091,9.27040543286081e-09,4.724027182871601e-10,0x1.03b4c5a5fbe5ep-31,4.727981588260222e-10,4.731939303816496e-10,-11768464.19359201,-3.769274325170068e-06,-1.8795686304540422e-06,-3.769274325170068e-06,-2.509475098468724e-06,3.0090427638433485e+19,2.7939336866916632e-67,113419067343681.17,5.008548053534356e-14,1.221328989620414e-09,4852188398560363.0,2.1427101569571713e-12,5.2249753882249486e-08,145.4806543255055,0.0,731.5467336438344,0.0,OUTFLOW,,,
canonical_native_policy,Eulerian_KWNSolver_frozen_78b6745,accepted_state,248,357.9948527673157,359.12651959366696,1.131666826351266,357.9948527673157,359.12651959366696,0.006112856599549173,9.270836081248512e-09,4.724027182871601e-10,0x1.03b4c5a5fbe5ep-31,4.727981588260222e-10,4.731939303816496e-10,-11768465.113842918,-3.7692746212487916e-06,-1.8795687787635667e-06,-3.7692746212487916e-06,-2.509475296034634e-06,3.077682666989742e+19,2.7939336866916632e-67,116006302577053.75,5.12279949551525e-14,1.2491890793521544e-09,4983468882834482.0,2.2006831794284072e-12,5.3663419723192595e-08,145.4787933444686,0.0,731.5467336438344,0.0,OUTFLOW,,,
canonical_native_policy,Eulerian_KWNSolver_frozen_78b6745,accepted_state,249,359.12651959366696,360.0,0.8734804063330444,359.12651959366696,360.0,0.006112797112487907,9.271165738267432e-09,4.724027182871601e-10,0x1.03b4c5a5fbe5ep-31,4.727981588260222e-10,4.731939303816496e-10,-11768465.81822008,-3.769274847872953e-06,-1.8795688922824349e-06,-3.769274847872953e-06,-2.5094754472552553e-06,3.1314053135376523e+19,2.7939336866916632e-67,118031265771610.88,5.2122211924495525e-14,1.270994462788547e-09,5086566880820672.0,2.2462109102791926e-12,5.4773608482996185e-08,145.47736891516865,0.0,731.5467336438344,0.0,OUTFLOW,,,
boundary_local_sampling,CohortSolver_first_canonical_cell_4point,accepted_snapshot,0,,0.0,,,,0.006220578557312318,,4.724027182871601e-10,0x1.03b4c5a5fbe5ep-31,4.727981588260222e-10,4.731939303816496e-10,-11768465.81822008,-3.769274847872953e-06,-1.8795688922824349e-06,,,,2.7939336866916632e-67,,,,0.0,0.0,0.0,151.6881308325567,2.3864180845357037e-102,151.6881308325567,0.0,OUTFLOW,4,,
boundary_local_sampling,CohortSolver_first_canonical_cell_4point,accepted_snapshot,4,,360.0,,,,0.006220578557312318,,4.724027182871601e-10,0x1.03b4c5a5fbe5ep-31,4.727981588260222e-10,4.731939303816496e-10,-11768465.81822008,-3.769274847872953e-06,-1.8795688922824349e-06,,,,2.7939336866916632e-67,,,,2.2105941241121364e-79,9.761909665441419e-107,2.3804310432932816e-102,151.6881308325567,0.0,151.6881308325567,0.0,OUTFLOW,0,,
boundary_local_sampling,CohortSolver_first_canonical_cell_4point,Rmin_event,B0Q0,,1.0103806497988543e-09,,,,,,4.724027182871601e-10,0x1.03b4c5a5fbe5ep-31,4.727981588260222e-10,4.731939303816496e-10,,,,,,,,3.844829383523959e-80,1.6978637874589677e-107,4.140222359625857e-103,,,4.140222359625857e-103,,,151.6881308325567,0.0,OUTFLOW,,4.724027182871602e-10,4.724576536020362e-10
boundary_local_sampling,CohortSolver_first_canonical_cell_4point,Rmin_event,B0Q1,,2.284356980856528e-08,,,,,,4.724027182871601e-10,0x1.03b4c5a5fbe5ep-31,4.727981588260222e-10,4.731939303816496e-10,,,,,,,,7.208141237036722e-80,3.183091045261742e-107,7.761932856840552e-103,,,7.761932856840552e-103,,,151.6881308325567,0.0,OUTFLOW,,4.724027182871602e-10,4.726638257776141e-10
boundary_local_sampling,CohortSolver_first_canonical_cell_4point,Rmin_event,B0Q2,,9.425329569089115e-08,,,,,,4.724027182871601e-10,0x1.03b4c5a5fbe5ep-31,4.727981588260222e-10,4.731939303816496e-10,,,,,,,,7.208141237036722e-80,3.183091045261742e-107,7.761932856840552e-103,,,7.761932856840552e-103,,,151.6881308325567,0.0,OUTFLOW,,4.724027182871602e-10,4.729328228911956e-10
boundary_local_sampling,CohortSolver_first_canonical_cell_4point,Rmin_event,B0Q3,,1.819696393768009e-07,,,,,,4.724027182871601e-10,0x1.03b4c5a5fbe5ep-31,4.727981588260222e-10,4.731939303816496e-10,,,,,,,,3.844829383523959e-80,1.6978637874589677e-107,4.140222359625857e-103,,,4.140222359625857e-103,,,151.6881308325567,0.0,OUTFLOW,,4.724027182871602e-10,4.731389950667735e-10
