policy,step,time_start_s,time_end_s,time_end_h,requested_active_cfl_cap,solver_timestep_limiter,legacy_size_cfl,raw_face_cfl_reported_by_solver,cumulative_number_dissolution_m3,cumulative_beta_volume_dissolution,cumulative_mol_B_returned_mol_m3,dt_s,global_max_cfl,global_face_index,global_face_velocity_m_s,active_M0_cfl,active_M3_cfl,population_active_cfl,lower_tail_active_cfl,boundary_candidate_cfl,boundary_active_cfl,boundary_active,boundary_flux_always_executed,M0_support_low_cell,M0_support_high_cell,M0_support_low_radius_m,M0_support_high_radius_m,M3_support_low_cell,M3_support_high_cell,M3_support_low_radius_m,M3_support_high_radius_m,lower_tail_low_cell,lower_tail_high_cell,lower_tail_low_radius_m,lower_tail_high_radius_m,first_cell_M0_fraction,first_cell_M3_fraction,lower_boundary_radius_m,lower_boundary_velocity_m_s,active_definition,lower_tail_definition,boundary_active_definition,M0_covered_fraction,M3_covered_fraction,lower_tail_M0_fraction
current_implicit_policy,1,0.0,1.9302871112416038,0.0005361908642337788,UNBOUNDED,legacy_active_cell_cfl,0.35,2.870792113559984e+19,0.00019437676253855973,8.583612777512859e-32,2.0931046300843374e-27,1.9302871112416038,2.870792113559984e+19,0,-11767189.594675226,0.7689546465160917,0.5995405566018783,0.7689546465160917,1.1981215483739291,2.870792113559984e+19,0.0,False,True,1369,2187,4.669502577714417e-09,1.838659426680965e-08,1402,2220,4.93462634451897e-09,1.9430543391923912e-08,1309,1381,4.223417126950633e-09,4.772200978069105e-09,3.372835940102855e-101,4.089916355249966e-105,4.724027182871601e-10,-11767189.594675226,solver_active_cfl_diagnostics: smallest_contiguous_99.9999_percent_M0_or_M3_support_plus_reachable_faces,"solver_active_cfl_diagnostics: M0_quantile_band_[1e-8,1e-6]_plus_reachable_faces",solver_active_cfl_diagnostics: quantile_tail_characteristic_reaches_Rmin,0.9999990157283789,0.9999990031039702,1.0233615311671595e-06
current_implicit_policy,2,1.930287111241604,3.8580485922319436,0.0010716801645088733,UNBOUNDED,legacy_active_cell_cfl,0.35,2.8670402099828625e+19,0.0032642055788676535,1.4414622586194637e-30,3.5149900232131086e-26,1.9277614809903396,2.8670402099828625e+19,0,-11767207.26031345,0.7800874468606916,0.6039333705068506,0.7800874468606916,1.20590039639997,2.8670402099828625e+19,0.0,False,True,1367,2186,4.6539001876773724e-09,1.835585064389664e-08,1401,2220,4.92637531720249e-09,1.9430543391923912e-08,1308,1380,4.216355289305708e-09,4.764221536895526e-09,1.0330677535262095e-45,1.2526259944165884e-49,4.724027182871601e-10,-11767207.26031345,solver_active_cfl_diagnostics: smallest_contiguous_99.9999_percent_M0_or_M3_support_plus_reachable_faces,"solver_active_cfl_diagnostics: M0_quantile_band_[1e-8,1e-6]_plus_reachable_faces",solver_active_cfl_diagnostics: quantile_tail_characteristic_reaches_Rmin,0.9999990159466633,0.9999990131032276,1.0070049289934294e-06
current_implicit_policy,3,3.8580485922319436,5.767410637185884,0.0016020585103294124,UNBOUNDED,legacy_active_cell_cfl,0.35,2.839680074091731e+19,0.027619981042408804,1.2196891186684533e-29,2.9741986360761133e-25,1.9093620449539406,2.839680074091731e+19,0,-11767224.686591443,0.773273428393545,0.594172110985521,0.773273428393545,1.2036983501805083,2.839680074091731e+19,0.0,False,True,1367,2187,4.6539001876773724e-09,1.838659426680965e-08,1402,2221,4.93462634451897e-09,1.9463086983099557e-08,1307,1379,4.209305259528542e-09,4.756255437884514e-09,1.633678449717777e-44,1.9807650377099623e-48,4.724027182871601e-10,-11767224.686591443,solver_active_cfl_diagnostics: smallest_contiguous_99.9999_percent_M0_or_M3_support_plus_reachable_faces,"solver_active_cfl_diagnostics: M0_quantile_band_[1e-8,1e-6]_plus_reachable_faces",solver_active_cfl_diagnostics: quantile_tail_characteristic_reaches_Rmin,0.9999990247906074,0.9999990060755312,9.912765379985318e-07
current_implicit_policy,4,5.767410637185884,7.674379685919986,0.002131772134977774,UNBOUNDED,legacy_active_cell_cfl,0.35,2.836125222841491e+19,0.16705051840292373,7.376894982336336e-29,1.7988478095872458e-24,1.9069690487341011,2.836125222841491e+19,0,-11767241.735195365,0.7729213197230491,0.6031197816057351,0.7729213197230491,1.220169656872845,2.836125222841491e+19,0.0,False,True,1367,2187,4.6539001876773724e-09,1.838659426680965e-08,1400,2220,4.918138086158923e-09,1.9430543391923912e-08,1305,1379,4.195240544636299e-09,4.756255437884514e-09,1.3086356681477972e-43,1.5865708549173153e-47,4.724027182871601e-10,-11767241.735195365,solver_active_cfl_diagnostics: smallest_contiguous_99.9999_percent_M0_or_M3_support_plus_reachable_faces,"solver_active_cfl_diagnostics: M0_quantile_band_[1e-8,1e-6]_plus_reachable_faces",solver_active_cfl_diagnostics: quantile_tail_characteristic_reaches_Rmin,0.9999990009628142,0.9999990080563397,1.0354535433865412e-06
current_implicit_policy,5,7.674379685919986,9.578993600470724,0.0026608315556863123,UNBOUNDED,legacy_active_cell_cfl,0.35,2.8326266165224346e+19,0.8005854985413724,3.5353587666673894e-28,8.620933860048744e-24,1.9046139145507384,2.8326266165224346e+19,0,-11767258.555884985,0.7725747821233367,0.5983360360037691,0.7725747821233367,1.2281019674043652,2.8326266165224346e+19,0.0,False,True,1367,2188,4.6539001876773724e-09,1.8417389381226273e-08,1401,2221,4.92637531720249e-09,1.9463086983099557e-08,1304,1378,4.188225820133106e-09,4.7483026587271544e-09,7.5009920388728e-43,9.093563531909895e-47,4.724027182871601e-10,-11767258.555884985,solver_active_cfl_diagnostics: smallest_contiguous_99.9999_percent_M0_or_M3_support_plus_reachable_faces,"solver_active_cfl_diagnostics: M0_quantile_band_[1e-8,1e-6]_plus_reachable_faces",solver_active_cfl_diagnostics: quantile_tail_characteristic_reaches_Rmin,0.9999990064888731,0.9999990012495582,1.0193929702320017e-06
current_implicit_policy,6,9.578993600470724,11.481289488890667,0.0031892470802474073,UNBOUNDED,legacy_active_cell_cfl,0.35,2.829183135074019e+19,3.2228106514252914,1.4231823972060915e-27,3.470414780185061e-23,1.9022958884199432,2.829183135074019e+19,0,-11767275.152214289,0.789559770980534,0.5890745431500022,0.789559770980534,1.2360870106351929,2.829183135074019e+19,0.0,False,True,1364,2186,4.630594297296416e-09,1.835585064389664e-08,1403,2224,4.942891191215297e-09,1.9561045159217028e-08,1303,1377,4.181222824721328e-09,4.740363177151678e-09,3.4124592435443055e-42,4.1367368506346e-46,4.724027182871601e-10,-11767275.152214289,solver_active_cfl_diagnostics: smallest_contiguous_99.9999_percent_M0_or_M3_support_plus_reachable_faces,"solver_active_cfl_diagnostics: M0_quantile_band_[1e-8,1e-6]_plus_reachable_faces",solver_active_cfl_diagnostics: quantile_tail_characteristic_reaches_Rmin,0.9999990050292099,0.9999990184405271,1.003947425291101e-06
current_implicit_policy,7,11.481289488890667,13.36566670794599,0.003712685196651664,UNBOUNDED,legacy_active_cell_cfl,0.35,2.8025375546140262e+19,11.113878224877748,4.90785142693474e-27,1.1967742268611136e-22,1.8843772190553236,2.8025375546140262e+19,0,-11767291.527666254,0.7885129993001603,0.5840447944951334,0.7885129993001603,1.2426572198387003,2.8025375546140262e+19,0.0,False,True,1363,2186,4.622851632022283e-09,1.835585064389664e-08,1403,2224,4.942891191215297e-09,1.9561045159217028e-08,1301,1377,4.167251942757488e-09,4.740363177151678e-09,1.3062901578612413e-41,1.5834539282194568e-45,4.724027182871601e-10,-11767291.527666254,solver_active_cfl_diagnostics: smallest_contiguous_99.9999_percent_M0_or_M3_support_plus_reachable_faces,"solver_active_cfl_diagnostics: M0_quantile_band_[1e-8,1e-6]_plus_reachable_faces",solver_active_cfl_diagnostics: quantile_tail_characteristic_reaches_Rmin,0.9999990086585796,0.9999990004624424,1.0484414113614493e-06
current_implicit_policy,8,13.36566670794599,15.247845540918814,0.004235512650255226,UNBOUNDED,legacy_active_cell_cfl,0.35,2.7992718199021277e+19,34.436374631124906,1.5206987781592755e-26,3.708207413395293e-22,1.882178832972823,2.7992718199021277e+19,0,-11767307.552662462,0.7940057201636085,0.6019488674480917,0.7940057201636085,1.2507450846165598,2.7992718199021277e+19,0.0,False,True,1362,2186,4.6151219130055195e-09,1.835585064389664e-08,1399,2221,4.909914628319974e-09,1.9463086983099557e-08,1300,1376,4.1602840170800886e-09,4.732436970923711e-09,4.2960618683207995e-41,5.2072950764108813e-45,4.724027182871601e-10,-11767307.552662462,solver_active_cfl_diagnostics: smallest_contiguous_99.9999_percent_M0_or_M3_support_plus_reachable_faces,"solver_active_cfl_diagnostics: M0_quantile_band_[1e-8,1e-6]_plus_reachable_faces",solver_active_cfl_diagnostics: quantile_tail_characteristic_reaches_Rmin,0.9999990122600786,0.9999990070443749,1.0326659776253956e-06
current_implicit_policy,9,15.247845540918812,17.127859890432404,0.0047577388584534456,UNBOUNDED,legacy_active_cell_cfl,0.35,2.7960564480334606e+19,97.52940978913693,4.3068660940540767e-26,1.0502246077822131e-21,1.8800143495135921,2.7960564480334606e+19,0,-11767323.367142666,0.8054377347297975,0.5926713590052094,0.8054377347297975,1.2588865396011206,2.7960564480334606e+19,0.0,False,True,1360,2185,4.599701227192242e-09,1.832515842638999e-08,1401,2224,4.92637531720249e-09,1.9561045159217028e-08,1299,1375,4.1533277422433176e-09,4.7245240178458995e-09,1.2712066857472612e-40,1.5407565811778746e-44,4.724027182871601e-10,-11767323.367142666,solver_active_cfl_diagnostics: smallest_contiguous_99.9999_percent_M0_or_M3_support_plus_reachable_faces,"solver_active_cfl_diagnostics: M0_quantile_band_[1e-8,1e-6]_plus_reachable_faces",solver_active_cfl_diagnostics: quantile_tail_characteristic_reaches_Rmin,0.9999990059813952,0.9999990269212967,1.0174931256134422e-06
current_implicit_policy,10,17.127859890432404,19.00574300701782,0.00527937305750495,UNBOUNDED,legacy_active_cell_cfl,0.35,2.7928904703154946e+19,255.81928096397905,1.1296893826909775e-25,2.754735259799014e-21,1.877883116585417,2.7928904703154946e+19,0,-11767338.974303138,0.7875094219376892,0.5924957894095999,0.7875094219376892,1.2760617943603567,2.7928904703154946e+19,0.0,False,True,1363,2188,4.622851632022283e-09,1.8417389381226273e-08,1401,2224,4.92637531720249e-09,1.9561045159217028e-08,1297,1374,4.139450067200278e-09,4.716624295758164e-09,3.4428784543732183e-40,4.172689504161039e-44,4.724027182871601e-10,-11767338.974303138,solver_active_cfl_diagnostics: smallest_contiguous_99.9999_percent_M0_or_M3_support_plus_reachable_faces,"solver_active_cfl_diagnostics: M0_quantile_band_[1e-8,1e-6]_plus_reachable_faces",solver_active_cfl_diagnostics: quantile_tail_characteristic_reaches_Rmin,0.9999990004278185,0.9999990094435716,1.0035199864040716e-06
current_implicit_policy,11,19.00574300701782,20.86615378816881,0.0057961538300468915,UNBOUNDED,legacy_active_cell_cfl,0.35,2.766908279282696e+19,621.1976841407031,2.74318818222614e-25,6.6892345149263326e-21,1.8604107811509907,2.766908279282696e+19,0,-11767354.377280287,0.7923128655312832,0.6102044501192895,0.7923128655312832,1.273836098685166,2.766908279282696e+19,0.0,False,True,1361,2187,4.607405118599112e-09,1.838659426680965e-08,1396,2220,4.8853266639260524e-09,1.9430543391923912e-08,1296,1374,4.132528628129696e-09,4.716624295758164e-09,8.647397583958068e-40,1.0479887719464944e-43,4.724027182871601e-10,-11767354.377280287,solver_active_cfl_diagnostics: smallest_contiguous_99.9999_percent_M0_or_M3_support_plus_reachable_faces,"solver_active_cfl_diagnostics: M0_quantile_band_[1e-8,1e-6]_plus_reachable_faces",solver_active_cfl_diagnostics: quantile_tail_characteristic_reaches_Rmin,0.9999990023563385,0.999999002253127,1.046836589136964e-06
current_implicit_policy,12,20.86615378816881,22.724541545070384,0.00631237265140844,UNBOUNDED,legacy_active_cell_cfl,0.35,2.76390306437027e+19,1426.0327983827974,6.297313109597024e-25,1.5355929453527334e-20,1.8583877569015743,2.76390306437027e+19,0,-11767369.454545023,0.7978365925555572,0.6008449400284234,0.7978365925555572,1.282136195000489,2.76390306437027e+19,0.0,False,True,1360,2187,4.599701227192242e-09,1.838659426680965e-08,1398,2222,4.9017049206559176e-09,1.9495685080487675e-08,1295,1373,4.125618762171008e-09,4.708737782537321e-09,2.014811013780907e-39,2.441646763266489e-43,4.724027182871601e-10,-11767369.454545023,solver_active_cfl_diagnostics: smallest_contiguous_99.9999_percent_M0_or_M3_support_plus_reachable_faces,"solver_active_cfl_diagnostics: M0_quantile_band_[1e-8,1e-6]_plus_reachable_faces",solver_active_cfl_diagnostics: quantile_tail_characteristic_reaches_Rmin,0.9999990061563331,0.9999990030530135,1.0319269178192712e-06
current_implicit_policy,13,22.724541545070384,24.580936722758647,0.006828037978544069,UNBOUNDED,legacy_active_cell_cfl,0.35,2.7609430757454344e+19,3114.6150890284807,1.3754035989726755e-24,3.35390670090145e-20,1.8563951776882617,2.7609430757454344e+19,0,-11767384.337031046,0.8093104737908915,0.6098450803092754,0.8093104737908915,1.2996102748787928,2.7609430757454344e+19,0.0,False,True,1358,2186,4.584332067114457e-09,1.835585064389664e-08,1396,2221,4.8853266639260524e-09,1.9463086983099557e-08,1293,1372,4.111833672217584e-09,4.700864456097333e-09,4.4429386285944453e-39,5.383893268603579e-43,4.724027182871601e-10,-11767384.337031046,solver_active_cfl_diagnostics: smallest_contiguous_99.9999_percent_M0_or_M3_support_plus_reachable_faces,"solver_active_cfl_diagnostics: M0_quantile_band_[1e-8,1e-6]_plus_reachable_faces",solver_active_cfl_diagnostics: quantile_tail_characteristic_reaches_Rmin,0.9999990030923396,0.9999990073293814,1.0181903289295603e-06
current_implicit_policy,14,24.580936722758647,26.435369199822574,0.007343158111061826,UNBOUNDED,legacy_active_cell_cfl,0.35,2.7580274719475147e+19,6506.885862578617,2.8734190189409996e-24,7.006800992321198e-20,1.8544324770639269,2.7580274719475147e+19,0,-11767399.027621768,0.7855747458339456,0.6005041905069048,0.7855747458339456,1.3080726749187301,2.7580274719475147e+19,0.0,False,True,1362,2191,4.6151219130055195e-09,1.851008453663491e-08,1398,2223,4.9017049206559176e-09,1.9528337775378965e-08,1292,1371,4.104958409617818e-09,4.693004294388957e-09,9.331489748170588e-39,1.1307198341190426e-42,4.724027182871601e-10,-11767399.027621768,solver_active_cfl_diagnostics: smallest_contiguous_99.9999_percent_M0_or_M3_support_plus_reachable_faces,"solver_active_cfl_diagnostics: M0_quantile_band_[1e-8,1e-6]_plus_reachable_faces",solver_active_cfl_diagnostics: quantile_tail_characteristic_reaches_Rmin,0.9999990088211382,0.9999990009167494,1.004409989956937e-06
current_implicit_policy,15,26.435369199822574,28.27274503114896,0.007853540286430268,UNBOUNDED,legacy_active_cell_cfl,0.35,2.7326631337238913e+19,12962.264321162462,5.724092540668651e-24,1.3958137337337296e-19,1.8373758313263877,2.7326631337238913e+19,0,-11767413.529148031,0.8020680160190217,0.6091080863313142,0.8020680160190217,1.305842724924996,2.7326631337238913e+19,0.0,False,True,1358,2188,4.584332067114457e-09,1.8417389381226273e-08,1395,2221,4.877158068993073e-09,1.9463086983099557e-08,1291,1370,4.09809464291978e-09,4.685157275399896e-09,1.8766277264585648e-38,2.2738422962871273e-42,4.724027182871601e-10,-11767413.529148031,solver_active_cfl_diagnostics: smallest_contiguous_99.9999_percent_M0_or_M3_support_plus_reachable_faces,"solver_active_cfl_diagnostics: M0_quantile_band_[1e-8,1e-6]_plus_reachable_faces",solver_active_cfl_diagnostics: quantile_tail_characteristic_reaches_Rmin,0.9999990204858907,0.9999990021957292,9.911625665027144e-07
current_implicit_policy,16,28.27274503114896,30.108256274771374,0.008363404520769826,UNBOUNDED,legacy_active_cell_cfl,0.35,2.729893293188598e+19,24931.91605586517,1.1009850685343551e-23,2.684740102256469e-19,1.835511243622413,2.729893293188598e+19,0,-11767427.727514187,0.8195599709670696,0.6182005615060944,0.8195599709670696,1.3236213950072289,2.729893293188598e+19,0.0,False,True,1355,2186,4.5613745612983745e-09,1.835585064389664e-08,1393,2220,4.860861831610548e-09,1.9430543391923912e-08,1289,1370,4.084401520373341e-09,4.685157275399896e-09,3.6043073422904354e-38,4.36699476039936e-42,4.724027182871601e-10,-11767427.727514187,solver_active_cfl_diagnostics: smallest_contiguous_99.9999_percent_M0_or_M3_support_plus_reachable_faces,"solver_active_cfl_diagnostics: M0_quantile_band_[1e-8,1e-6]_plus_reachable_faces",solver_active_cfl_diagnostics: quantile_tail_characteristic_reaches_Rmin,0.9999990115037494,0.9999990010604719,1.0337574387449519e-06
current_implicit_policy,17,30.108256274771374,31.941930344349235,0.008872758428985899,UNBOUNDED,legacy_active_cell_cfl,0.35,2.727164175578233e+19,46447.67415099674,2.0511137448806873e-23,5.001618534664798e-19,1.8336740695778615,2.727164175578233e+19,0,-11767441.745374013,0.807352974022288,0.604193676520967,0.807352974022288,1.3322477956118541,2.727164175578233e+19,0.0,False,True,1357,2188,4.576666755402336e-09,1.8417389381226273e-08,1396,2223,4.8853266639260524e-09,1.9528337775378965e-08,1288,1369,4.077572126177465e-09,4.677323377154638e-09,6.689937317441205e-38,8.105164204366553e-42,4.724027182871601e-10,-11767441.745374013,solver_active_cfl_diagnostics: smallest_contiguous_99.9999_percent_M0_or_M3_support_plus_reachable_faces,"solver_active_cfl_diagnostics: M0_quantile_band_[1e-8,1e-6]_plus_reachable_faces",solver_active_cfl_diagnostics: quantile_tail_characteristic_reaches_Rmin,0.9999990002607351,0.9999990079788971,1.0202115156778404e-06
current_implicit_policy,18,31.941930344349238,33.773794159347986,0.009381609488707775,UNBOUNDED,legacy_active_cell_cfl,0.35,2.724475046768826e+19,84042.1923116624,3.711275084301666e-23,9.049903885248766e-19,1.8318638149987496,2.724475046768826e+19,0,-11767455.585337091,0.8129770574166519,0.6178597585048382,0.8129770574166519,1.3503615799877677,2.724475046768826e+19,0.0,False,True,1356,2188,4.569014260607225e-09,1.8417389381226273e-08,1393,2221,4.860861831610548e-09,1.9463086983099557e-08,1286,1368,4.06394757631204e-09,4.669502577714417e-09,1.2037369036456057e-37,1.458312262935654e-41,4.724027182871601e-10,-11767455.585337091,solver_active_cfl_diagnostics: smallest_contiguous_99.9999_percent_M0_or_M3_support_plus_reachable_faces,"solver_active_cfl_diagnostics: M0_quantile_band_[1e-8,1e-6]_plus_reachable_faces",solver_active_cfl_diagnostics: quantile_tail_characteristic_reaches_Rmin,0.9999990037951367,0.9999990069743002,1.0077610855923213e-06
current_implicit_policy,19,33.773794159347986,35.588989639483614,0.009885830455412114,UNBOUNDED,legacy_active_cell_cfl,0.35,2.6996878768583553e+19,147185.3170274065,6.499654338301382e-23,1.5849336336661178e-18,1.8151954801356271,2.6996878768583553e+19,0,-11767469.249964554,0.8119781712814856,0.6035026342917568,0.8119781712814856,1.3481022998392846,2.6996878768583553e+19,0.0,False,True,1355,2188,4.5613745612983745e-09,1.8417389381226273e-08,1395,2223,4.877158068993073e-09,1.9528337775378965e-08,1285,1367,4.057152382487053e-09,4.661694855177148e-09,2.1053674003702214e-37,2.5505056790795947e-41,4.724027182871601e-10,-11767469.249964554,solver_active_cfl_diagnostics: smallest_contiguous_99.9999_percent_M0_or_M3_support_plus_reachable_faces,"solver_active_cfl_diagnostics: M0_quantile_band_[1e-8,1e-6]_plus_reachable_faces",solver_active_cfl_diagnostics: quantile_tail_characteristic_reaches_Rmin,0.9999990071117034,0.9999990030525309,9.952537964080686e-07
current_implicit_policy,20,35.588989639483614,37.402464029726104,0.010389573341590585,UNBOUNDED,legacy_active_cell_cfl,0.35,2.697131216704285e+19,251649.28664260503,1.111274827333826e-22,2.709831567055588e-18,1.813474390242491,2.697131216704285e+19,0,-11767482.632033823,0.82361704467457,0.6171365449100891,0.82361704467457,1.3664197363999346,2.697131216704285e+19,0.0,False,True,1353,2187,4.546133463595573e-09,1.838659426680965e-08,1392,2221,4.852734143523525e-09,1.9463086983099557e-08,1283,1367,4.043596061903058e-09,4.661694855177148e-09,3.568606967030597e-37,4.322917964921724e-41,4.724027182871601e-10,-11767482.632033823,solver_active_cfl_diagnostics: smallest_contiguous_99.9999_percent_M0_or_M3_support_plus_reachable_faces,"solver_active_cfl_diagnostics: M0_quantile_band_[1e-8,1e-6]_plus_reachable_faces",solver_active_cfl_diagnostics: quantile_tail_characteristic_reaches_Rmin,0.9999990054850733,0.999999001820022,1.0374731663199609e-06
current_implicit_policy,21,37.402464029726104,39.214242075860575,0.010892845021072382,UNBOUNDED,legacy_active_cell_cfl,0.35,2.694611316142517e+19,420795.65091724345,1.8582195107908366e-22,4.531248045040935e-18,1.8117780461344706,2.694611316142517e+19,0,-11767495.846574817,0.8293425529292922,0.6077612985188532,0.8293425529292922,1.3753258601378373,2.694611316142517e+19,0.0,False,True,1352,2187,4.538532022519055e-09,1.838659426680965e-08,1394,2224,4.869003132500516e-09,1.9561045159217028e-08,1282,1366,4.036834897179688e-09,4.6539001876773724e-09,5.909498884271571e-37,7.158286182914906e-41,4.724027182871601e-10,-11767495.846574817,solver_active_cfl_diagnostics: smallest_contiguous_99.9999_percent_M0_or_M3_support_plus_reachable_faces,"solver_active_cfl_diagnostics: M0_quantile_band_[1e-8,1e-6]_plus_reachable_faces",solver_active_cfl_diagnostics: quantile_tail_characteristic_reaches_Rmin,0.9999990081771152,0.9999990276735718,1.0246778764385864e-06
current_implicit_policy,22,39.214242075860575,41.0243480912442,0.011395652247567833,UNBOUNDED,legacy_active_cell_cfl,0.35,2.6921275328060903e+19,689268.7818032829,3.0437878712244246e-22,7.422243583663158e-18,1.8101060153836261,2.6921275328060903e+19,0,-11767508.89595258,0.8411993039895446,0.6076099018961131,0.8411993039895446,1.3842905976484776,2.6921275328060903e+19,0.0,False,True,1350,2186,4.523367249476866e-09,1.835585064389664e-08,1394,2224,4.869003132500516e-09,1.9561045159217028e-08,1281,1365,4.030085037578718e-09,4.646118553386186e-09,9.57751285606324e-37,1.1600895700453658e-40,4.724027182871601e-10,-11767508.89595258,solver_active_cfl_diagnostics: smallest_contiguous_99.9999_percent_M0_or_M3_support_plus_reachable_faces,"solver_active_cfl_diagnostics: M0_quantile_band_[1e-8,1e-6]_plus_reachable_faces",solver_active_cfl_diagnostics: quantile_tail_characteristic_reaches_Rmin,0.9999990018105844,0.999999011094531,1.0123815081835202e-06
current_implicit_policy,23,41.0243480912442,42.81814953249671,0.011893930425693531,UNBOUNDED,legacy_active_cell_cfl,0.35,2.6678810499002393e+19,1102399.5689612161,4.868159600190385e-22,1.1870954181253836e-17,1.79380144125251,2.6678810499002393e+19,0,-11767521.78249212,0.8340866446623783,0.6162778385686157,0.8340866446623783,1.391698632021669,2.6678810499002393e+19,0.0,False,True,1350,2187,4.523367249476866e-09,1.838659426680965e-08,1391,2222,4.844620045477925e-09,1.9495685080487675e-08,1279,1364,4.016619158163884e-09,4.638349930511189e-09,1.521568131102401e-36,1.8429383367283423e-40,4.724027182871601e-10,-11767521.78249212,solver_active_cfl_diagnostics: smallest_contiguous_99.9999_percent_M0_or_M3_support_plus_reachable_faces,"solver_active_cfl_diagnostics: M0_quantile_band_[1e-8,1e-6]_plus_reachable_faces",solver_active_cfl_diagnostics: quantile_tail_characteristic_reaches_Rmin,0.9999990129913384,0.999999014820328,1.0011175556297504e-06
current_implicit_policy,24,42.81814953249671,44.61036014970635,0.012391766708251765,UNBOUNDED,legacy_active_cell_cfl,0.35,2.6655179118855836e+19,1732624.0203037127,7.651209684261697e-22,1.865739150981906e-17,1.792210617209644,2.6655179118855836e+19,0,-11767534.405336158,0.8459973881908311,0.5978783678616786,0.8459973881908311,1.4007760351717775,2.6655179118855836e+19,0.0,False,True,1348,2186,4.508253147078902e-09,1.835585064389664e-08,1395,2226,4.877158068993073e-09,1.9626624360273907e-08,1278,1364,4.009903100638937e-09,4.638349930511189e-09,2.362693050626677e-36,2.861592074714812e-40,4.724027182871601e-10,-11767534.405336158,solver_active_cfl_diagnostics: smallest_contiguous_99.9999_percent_M0_or_M3_support_plus_reachable_faces,"solver_active_cfl_diagnostics: M0_quantile_band_[1e-8,1e-6]_plus_reachable_faces",solver_active_cfl_diagnostics: quantile_tail_characteristic_reaches_Rmin,0.9999990057350129,0.9999990000517192,1.0425119151698393e-06
current_implicit_policy,25,44.61036014970635,46.40100233280011,0.012889167314666697,UNBOUNDED,legacy_active_cell_cfl,0.35,2.6631880336697344e+19,2679000.9673811942,1.1830378608153207e-21,2.88482494285479e-17,1.790642183093762,2.6631880336697344e+19,0,-11767546.872478213,0.8274860170299371,0.6206147336803348,0.8274860170299371,1.4197669241809248,2.6631880336697344e+19,0.0,False,True,1351,2189,4.5309432915635455e-09,1.8448236073387977e-08,1390,2222,4.8365195147502835e-09,1.9495685080487675e-08,1276,1363,3.996504655912615e-09,4.630594297296416e-09,3.607446086287687e-36,4.368994764316998e-40,4.724027182871601e-10,-11767546.872478213,solver_active_cfl_diagnostics: smallest_contiguous_99.9999_percent_M0_or_M3_support_plus_reachable_faces,"solver_active_cfl_diagnostics: M0_quantile_band_[1e-8,1e-6]_plus_reachable_faces",solver_active_cfl_diagnostics: quantile_tail_characteristic_reaches_Rmin,0.999999001042222,0.9999990097605096,1.0309572382870873e-06
current_implicit_policy,26,46.40100233280011,48.19009809172628,0.013386138358812855,UNBOUNDED,legacy_active_cell_cfl,0.35,2.66089085080176e+19,4079327.964652342,1.8014175760391702e-21,4.392737145600162e-17,1.7890957589261638,2.66089085080176e+19,0,-11767559.186068965,0.8393135184544345,0.6112306902859375,0.8393135184544345,1.4290217416264088,2.66089085080176e+19,0.0,False,True,1349,2188,4.515803875042374e-09,1.8417389381226273e-08,1392,2224,4.852734143523525e-09,1.9561045159217028e-08,1275,1362,3.989822231189009e-09,4.622851632022283e-09,5.421862850089695e-36,6.56616344409102e-40,4.724027182871601e-10,-11767559.186068965,solver_active_cfl_diagnostics: smallest_contiguous_99.9999_percent_M0_or_M3_support_plus_reachable_faces,"solver_active_cfl_diagnostics: M0_quantile_band_[1e-8,1e-6]_plus_reachable_faces",solver_active_cfl_diagnostics: quantile_tail_characteristic_reaches_Rmin,0.9999990012557429,0.9999990014057507,1.0193508464958367e-06
current_implicit_policy,27,48.19009809172628,49.96323094844835,0.013878675263457875,UNBOUNDED,legacy_active_cell_cfl,0.35,2.637152230947019e+19,6099165.8442893475,2.6933712234674392e-21,6.567756403393009e-17,1.773132856722071,2.637152230947019e+19,0,-11767571.348221626,0.8383169324372618,0.6107159446699164,0.8383169324372618,1.4366739285591612,2.637152230947019e+19,0.0,False,True,1348,2188,4.508253147078902e-09,1.8417389381226273e-08,1391,2224,4.844620045477925e-09,1.9561045159217028e-08,1273,1361,3.976490883450477e-09,4.6151219130055195e-09,8.029501936347324e-36,9.723743256615027e-40,4.724027182871601e-10,-11767571.348221626,solver_active_cfl_diagnostics: smallest_contiguous_99.9999_percent_M0_or_M3_support_plus_reachable_faces,"solver_active_cfl_diagnostics: M0_quantile_band_[1e-8,1e-6]_plus_reachable_faces",solver_active_cfl_diagnostics: quantile_tail_characteristic_reaches_Rmin,0.9999990036901931,0.9999990129836777,1.0087312986418456e-06
current_implicit_policy,28,49.96323094844835,51.73489148851149,0.01437080319125319,UNBOUNDED,legacy_active_cell_cfl,0.35,2.6349651459966185e+19,8999227.103823291,3.974028569428092e-21,9.690625397908001e-17,1.771660540063135,2.6349651459966185e+19,0,-11767583.263984494,0.8441414205095692,0.6151687257715641,0.8441414205095692,1.44604458253731,2.6349651459966185e+19,0.0,False,True,1347,2188,4.500715044440701e-09,1.8417389381226273e-08,1390,2224,4.8365195147502835e-09,1.9561045159217028e-08,1272,1360,3.969841923101224e-09,4.607405118599112e-09,1.1686044018893018e-35,1.4151239463530247e-39,4.724027182871601e-10,-11767583.263984494,solver_active_cfl_diagnostics: smallest_contiguous_99.9999_percent_M0_or_M3_support_plus_reachable_faces,"solver_active_cfl_diagnostics: M0_quantile_band_[1e-8,1e-6]_plus_reachable_faces",solver_active_cfl_diagnostics: quantile_tail_characteristic_reaches_Rmin,0.999999006124314,0.9999990242608039,9.977150336091008e-07
current_implicit_policy,29,51.73489148851149,53.505100014508166,0.014862527781807824,UNBOUNDED,legacy_active_cell_cfl,0.35,2.63280821997582e+19,13113501.693896832,5.790878458289988e-21,1.4120994070301612e-16,1.7702085259966798,2.63280821997582e+19,0,-11767595.034847323,0.8561729835891153,0.6150306511417577,0.8561729835891153,1.4656140436922958,2.63280821997582e+19,0.0,False,True,1345,2187,4.485676630733833e-09,1.838659426680965e-08,1390,2224,4.8365195147502835e-09,1.9561045159217028e-08,1270,1360,3.9565773363409034e-09,4.607405118599112e-09,1.6792621626755993e-35,2.033423176859213e-39,4.724027182871601e-10,-11767595.034847323,solver_active_cfl_diagnostics: smallest_contiguous_99.9999_percent_M0_or_M3_support_plus_reachable_faces,"solver_active_cfl_diagnostics: M0_quantile_band_[1e-8,1e-6]_plus_reachable_faces",solver_active_cfl_diagnostics: quantile_tail_characteristic_reaches_Rmin,0.9999990014109554,0.9999990081113337,1.0390260692309244e-06
current_implicit_policy,30,53.505100014508166,55.25962974350252,0.015349897150972923,UNBOUNDED,legacy_active_cell_cfl,0.35,2.6094919267202957e+19,18820336.67579243,8.310997686021178e-21,2.0266277368434194e-16,1.7545297289943578,2.6094919267202957e+19,0,-11767606.66276802,0.8551641160617627,0.6191289923863452,0.8551641160617627,1.4632860010113493,2.6094919267202957e+19,0.0,False,True,1344,2187,4.478176277550214e-09,1.838659426680965e-08,1388,2223,4.820359064544933e-09,1.9528337775378965e-08,1269,1359,3.949961672782471e-09,4.599701227192242e-09,2.3842964597423242e-35,2.8870349471463617e-39,4.724027182871601e-10,-11767606.66276802,solver_active_cfl_diagnostics: smallest_contiguous_99.9999_percent_M0_or_M3_support_plus_reachable_faces,"solver_active_cfl_diagnostics: M0_quantile_band_[1e-8,1e-6]_plus_reachable_faces",solver_active_cfl_diagnostics: quantile_tail_characteristic_reaches_Rmin,0.9999990031398384,0.999999015769529,1.0280778022470006e-06
current_implicit_policy,31,55.25962974350252,57.01277627773794,0.01583688229937165,UNBOUNDED,legacy_active_cell_cfl,0.35,2.6074372417685123e+19,26717470.36825251,1.1798345493600826e-20,2.877013702748379e-16,1.7531465342354169,2.6074372417685123e+19,0,-11767618.057148732,0.8548994777263856,0.6189942390714086,0.8548994777263856,1.483077028065447,2.6074372417685123e+19,0.0,False,True,1344,2188,4.478176277550214e-09,1.8417389381226273e-08,1388,2223,4.820359064544933e-09,1.9528337775378965e-08,1267,1358,3.9367635126734565e-09,4.592010217210227e-09,3.3367645493617265e-35,4.040175418074774e-39,4.724027182871601e-10,-11767618.057148732,solver_active_cfl_diagnostics: smallest_contiguous_99.9999_percent_M0_or_M3_support_plus_reachable_faces,"solver_active_cfl_diagnostics: M0_quantile_band_[1e-8,1e-6]_plus_reachable_faces",solver_active_cfl_diagnostics: quantile_tail_characteristic_reaches_Rmin,0.9999990124960658,0.9999990003251037,1.0177488986622323e-06
current_implicit_policy,32,57.01277627773794,58.76455836953129,0.01632348843598091,UNBOUNDED,legacy_active_cell_cfl,0.35,2.605410412693878e+19,37537763.998696946,1.657655094623559e-20,4.0421738999330855e-16,1.751782091793343,2.605410412693878e+19,0,-11767629.314682554,0.8608293986884976,0.6188613126408238,0.8608293986884976,1.5031191662761758,2.605410412693878e+19,0.0,False,True,1343,2188,4.4706884654618436e-09,1.8417389381226273e-08,1388,2224,4.820359064544933e-09,1.9561045159217028e-08,1265,1357,3.923609452088614e-09,4.584332067114457e-09,4.621062386938029e-35,5.5949932809997696e-39,4.724027182871601e-10,-11767629.314682554,solver_active_cfl_diagnostics: smallest_contiguous_99.9999_percent_M0_or_M3_support_plus_reachable_faces,"solver_active_cfl_diagnostics: M0_quantile_band_[1e-8,1e-6]_plus_reachable_faces",solver_active_cfl_diagnostics: quantile_tail_characteristic_reaches_Rmin,0.9999990143828554,0.999999014399221,1.0078475752314454e-06
current_implicit_policy,33,58.76455836953129,60.514994469096195,0.016809720685860053,UNBOUNDED,legacy_active_cell_cfl,0.35,2.603410990733158e+19,52224530.68624044,2.3062177960140617e-20,5.623686985817898e-16,1.75043609956491,2.603410990733158e+19,0,-11767640.437186,0.8543809065600942,0.6327186992163805,0.8543809065600942,1.5129169497863562,2.603410990733158e+19,0.0,False,True,1344,2190,4.478176277550214e-09,1.847913442968066e-08,1385,2222,4.7962195782163475e-09,1.9495685080487675e-08,1264,1356,3.917048913051177e-09,4.576666755402336e-09,6.336495160801603e-35,7.671673779573635e-39,4.724027182871601e-10,-11767640.437186,solver_active_cfl_diagnostics: smallest_contiguous_99.9999_percent_M0_or_M3_support_plus_reachable_faces,"solver_active_cfl_diagnostics: M0_quantile_band_[1e-8,1e-6]_plus_reachable_faces",solver_active_cfl_diagnostics: quantile_tail_characteristic_reaches_Rmin,0.9999990237520937,0.9999990133724674,9.978882163869277e-07
current_implicit_policy,34,60.514994469096195,62.2500583201211,0.017291682866700304,UNBOUNDED,legacy_active_cell_cfl,0.35,2.580550366164846e+19,71770996.7361348,3.1693831947474167e-20,7.728506412610443e-16,1.7350638510249012,2.580550366164846e+19,0,-11767651.426447025,0.8472686741806962,0.622849268411722,0.8472686741806962,1.5210281132895207,2.580550366164846e+19,0.0,False,True,1344,2191,4.478176277550214e-09,1.851008453663491e-08,1386,2223,4.8042526118785235e-09,1.9528337775378965e-08,1262,1356,3.903960725622545e-09,4.576666755402336e-09,8.607354051938381e-35,1.0420634660314765e-38,4.724027182871601e-10,-11767651.426447025,solver_active_cfl_diagnostics: smallest_contiguous_99.9999_percent_M0_or_M3_support_plus_reachable_faces,"solver_active_cfl_diagnostics: M0_quantile_band_[1e-8,1e-6]_plus_reachable_faces",solver_active_cfl_diagnostics: quantile_tail_characteristic_reaches_Rmin,0.9999990257813612,0.9999990056082919,1.0386973045879928e-06
current_implicit_policy,35,62.2500583201211,63.98383919344492,0.017773288664845812,UNBOUNDED,legacy_active_cell_cfl,0.35,2.5786445610555073e+19,97778922.8146213,4.317884505749655e-20,1.0529114354774939e-15,1.7337808733238242,2.5786445610555073e+19,0,-11767662.197042074,0.8470250083742767,0.6273725135933219,0.8470250083742767,1.5309477476222377,2.5786445610555073e+19,0.0,False,True,1344,2191,4.478176277550214e-09,1.851008453663491e-08,1385,2223,4.7962195782163475e-09,1.9528337775378965e-08,1261,1355,3.897433040577991e-09,4.569014260607225e-09,1.1556920220887465e-34,1.3991053918985684e-38,4.724027182871601e-10,-11767662.197042074,solver_active_cfl_diagnostics: smallest_contiguous_99.9999_percent_M0_or_M3_support_plus_reachable_faces,"solver_active_cfl_diagnostics: M0_quantile_band_[1e-8,1e-6]_plus_reachable_faces",solver_active_cfl_diagnostics: quantile_tail_characteristic_reaches_Rmin,0.9999990007344343,0.999999015695107,1.0284877352154298e-06
current_implicit_policy,36,63.983839193444915,65.7163541558,0.018254542821055555,UNBOUNDED,legacy_active_cell_cfl,0.35,2.576764107801985e+19,132111420.19201127,5.833996099150798e-20,1.422613596808212e-15,1.7325149623550875,2.576764107801985e+19,0,-11767672.839996932,0.8529126586040477,0.6272438943400113,0.8529126586040477,1.5516028156345383,2.576764107801985e+19,0.0,False,True,1343,2191,4.4706884654618436e-09,1.851008453663491e-08,1385,2223,4.7962195782163475e-09,1.9528337775378965e-08,1259,1354,3.884410396424719e-09,4.5613745612983745e-09,1.538864724506086e-34,1.8629138185553347e-38,4.724027182871601e-10,-11767672.839996932,solver_active_cfl_diagnostics: smallest_contiguous_99.9999_percent_M0_or_M3_support_plus_reachable_faces,"solver_active_cfl_diagnostics: M0_quantile_band_[1e-8,1e-6]_plus_reachable_faces",solver_active_cfl_diagnostics: quantile_tail_characteristic_reaches_Rmin,0.9999990034096213,0.999999000543959,1.0191735763086878e-06
current_implicit_policy,37,65.7163541558,67.44762000618573,0.018735450001718258,UNBOUNDED,legacy_active_cell_cfl,0.35,2.5749086086991127e+19,177092303.44908005,7.820336849077616e-20,1.9069806259790813e-15,1.7312658503857217,2.5749086086991127e+19,0,-11767683.356972672,0.8526722607991252,0.6271169819008514,0.8526722607991252,1.5725204748315122,2.5749086086991127e+19,0.0,False,True,1343,2192,4.4706884654618436e-09,1.8541086480926247e-08,1385,2224,4.7962195782163475e-09,1.9561045159217028e-08,1257,1353,3.871431265337349e-09,4.55374763608087e-09,2.0329043197775407e-34,2.4608970928362667e-38,4.724027182871601e-10,-11767683.356972672,solver_active_cfl_diagnostics: smallest_contiguous_99.9999_percent_M0_or_M3_support_plus_reachable_faces,"solver_active_cfl_diagnostics: M0_quantile_band_[1e-8,1e-6]_plus_reachable_faces",solver_active_cfl_diagnostics: quantile_tail_characteristic_reaches_Rmin,0.9999990026413307,0.9999990151164234,1.0102610867750737e-06
current_implicit_policy,38,67.44762000618573,69.1638034966336,0.01921216763795378,UNBOUNDED,legacy_active_cell_cfl,0.35,2.5524788959081947e+19,234997202.3121076,1.0377397802609411e-19,2.5305171554072057e-15,1.7161834904478817,2.5524788959081947e+19,0,-11767693.74960463,0.8703037824260614,0.6173650610379541,0.8703037824260614,1.570093876922776,2.5524788959081947e+19,0.0,False,True,1339,2189,4.440862209195327e-09,1.8448236073387977e-08,1386,2225,4.8042526118785235e-09,1.9593807323598622e-08,1256,1352,3.864957971739414e-09,4.546133463595573e-09,2.665338456672669e-34,3.226363250341007e-38,4.724027182871601e-10,-11767693.74960463,solver_active_cfl_diagnostics: smallest_contiguous_99.9999_percent_M0_or_M3_support_plus_reachable_faces,"solver_active_cfl_diagnostics: M0_quantile_band_[1e-8,1e-6]_plus_reachable_faces",solver_active_cfl_diagnostics: quantile_tail_characteristic_reaches_Rmin,0.999999005421077,0.9999990002064014,1.0012894852754601e-06
current_implicit_policy,39,69.1638034966336,70.87879567077879,0.019688554352994107,UNBOUNDED,legacy_active_cell_cfl,0.35,2.5507092599646695e+19,309636881.58732706,1.3673461058160035e-19,3.334258591567713e-15,1.7149921741451861,2.5507092599646695e+19,0,-11767703.937286936,0.8826487721121272,0.6218527848351207,0.8826487721121272,1.5912495791314565,2.5507092599646695e+19,0.0,False,True,1337,2188,4.426023784087839e-09,1.8417389381226273e-08,1385,2225,4.7962195782163475e-09,1.9593807323598622e-08,1254,1351,3.852043837792972e-09,4.538532022519055e-09,3.461300882187289e-34,4.189719426761951e-38,4.724027182871601e-10,-11767703.937286936,solver_active_cfl_diagnostics: smallest_contiguous_99.9999_percent_M0_or_M3_support_plus_reachable_faces,"solver_active_cfl_diagnostics: M0_quantile_band_[1e-8,1e-6]_plus_reachable_faces",solver_active_cfl_diagnostics: quantile_tail_characteristic_reaches_Rmin,0.9999990010722718,0.9999990116879806,9.928480947920406e-07
current_implicit_policy,40,70.87879567077879,72.59261208974418,0.020164614469373385,UNBOUNDED,legacy_active_cell_cfl,0.35,2.548962739227695e+19,405229443.0588956,1.789479657875636e-19,4.363626662136691e-15,1.7138164189653888,2.548962739227695e+19,0,-11767714.005783588,0.8887571744785693,0.6404536091923375,0.8887571744785693,1.6126745421355273,2.548962739227695e+19,0.0,False,True,1336,2188,4.418623174478063e-09,1.8417389381226273e-08,1381,2222,4.764221536895526e-09,1.9495685080487675e-08,1252,1351,3.83917285434307e-09,4.538532022519055e-09,4.464728056232597e-34,5.404126037547896e-38,4.724027182871601e-10,-11767714.005783588,solver_active_cfl_diagnostics: smallest_contiguous_99.9999_percent_M0_or_M3_support_plus_reachable_faces,"solver_active_cfl_diagnostics: M0_quantile_band_[1e-8,1e-6]_plus_reachable_faces",solver_active_cfl_diagnostics: quantile_tail_characteristic_reaches_Rmin,0.9999990022284718,0.9999990066074725,1.032641822146312e-06
current_implicit_policy,41,72.59261208974418,74.30526807675035,0.020640352243541764,UNBOUNDED,legacy_active_cell_cfl,0.35,2.5472389803062403e+19,526903491.8151693,2.326788184860125e-19,5.673847655051634e-15,1.7126559870061713,2.5472389803062403e+19,0,-11767723.956616085,0.8949042256901943,0.6309117205580895,0.8949042256901943,1.6231798607850534,2.5472389803062403e+19,0.0,False,True,1335,2188,4.4112349391855674e-09,1.8417389381226273e-08,1383,2224,4.78019378375169e-09,1.9561045159217028e-08,1251,1350,3.8327534989791e-09,4.5309432915635455e-09,5.721986352701426e-34,6.92567843892907e-38,4.724027182871601e-10,-11767723.956616085,solver_active_cfl_diagnostics: smallest_contiguous_99.9999_percent_M0_or_M3_support_plus_reachable_faces,"solver_active_cfl_diagnostics: M0_quantile_band_[1e-8,1e-6]_plus_reachable_faces",solver_active_cfl_diagnostics: quantile_tail_characteristic_reaches_Rmin,0.9999990032222306,0.9999990049259766,1.0238374193850558e-06
current_implicit_policy,42,74.30526807675035,76.00311643174864,0.021111976786596844,UNBOUNDED,legacy_active_cell_cfl,0.35,2.525217650076211e+19,679317657.334475,2.9998440386255383e-19,7.315087026324801e-15,1.6978483549982837,2.525217650076211e+19,0,-11767733.791282684,0.8686357933873542,0.6350946531332653,0.8686357933873542,1.6318820091945425,2.525217650076211e+19,0.0,False,True,1338,2192,4.433436788740241e-09,1.8541086480926247e-08,1381,2223,4.764221536895526e-09,1.9528337775378965e-08,1249,1349,3.819946971086318e-09,4.523367249476866e-09,7.288102520840139e-34,8.820946776303849e-38,4.724027182871601e-10,-11767733.791282684,solver_active_cfl_diagnostics: smallest_contiguous_99.9999_percent_M0_or_M3_support_plus_reachable_faces,"solver_active_cfl_diagnostics: M0_quantile_band_[1e-8,1e-6]_plus_reachable_faces",solver_active_cfl_diagnostics: quantile_tail_characteristic_reaches_Rmin,0.9999990145660373,0.9999990097116227,1.015859075026876e-06
current_implicit_policy,43,76.00311643174864,77.6998574469589,0.02158329373526636,UNBOUNDED,legacy_active_cell_cfl,0.35,2.5235727663212462e+19,870709010.1846068,3.8450218471117577e-19,9.376043910145962e-15,1.6967410152102687,2.5235727663212462e+19,0,-11767743.433668962,0.9000773126168484,0.6256433691499461,0.9000773126168484,1.6538273194874553,2.5235727663212462e+19,0.0,False,True,1333,2188,4.396495508824251e-09,1.8417389381226273e-08,1383,2225,4.78019378375169e-09,1.9593807323598622e-08,1247,1348,3.807183234141796e-09,4.515803875042374e-09,9.20900528258368e-34,1.1145484772165595e-37,4.724027182871601e-10,-11767743.433668962,solver_active_cfl_diagnostics: smallest_contiguous_99.9999_percent_M0_or_M3_support_plus_reachable_faces,"solver_active_cfl_diagnostics: M0_quantile_band_[1e-8,1e-6]_plus_reachable_faces",solver_active_cfl_diagnostics: quantile_tail_characteristic_reaches_Rmin,0.9999990049107894,0.9999990016609224,1.0079367299755686e-06
current_implicit_policy,44,77.6998574469589,79.39550533522184,0.022054307037561623,UNBOUNDED,legacy_active_cell_cfl,0.35,2.5219489948490777e+19,1109765842.263581,4.90068881655095e-19,1.1950276321175718e-14,1.6956478882629389,2.5219489948490777e+19,0,-11767752.9646465,0.8807264433876913,0.6348602787343811,0.8807264433876913,1.664600168188527,2.5219489948490777e+19,0.0,False,True,1336,2192,4.418623174478063e-09,1.8541086480926247e-08,1381,2224,4.764221536895526e-09,1.9561045159217028e-08,1246,1347,3.800817367575497e-09,4.508253147078902e-09,1.1571580632590746e-33,1.4004403226215217e-37,4.724027182871601e-10,-11767752.9646465,solver_active_cfl_diagnostics: smallest_contiguous_99.9999_percent_M0_or_M3_support_plus_reachable_faces,"solver_active_cfl_diagnostics: M0_quantile_band_[1e-8,1e-6]_plus_reachable_faces",solver_active_cfl_diagnostics: quantile_tail_characteristic_reaches_Rmin,0.9999990184381874,0.9999990100677303,9.999561383786204e-07
current_implicit_policy,45,79.39550533522184,81.09007409746665,0.022525020582629625,UNBOUNDED,legacy_active_cell_cfl,0.35,2.5203460208784916e+19,1406831947.9047985,6.21252279652173e-19,1.5149169198277767e-14,1.6945687622448082,2.5203460208784916e+19,0,-11767762.38561108,0.912555324807326,0.616216940876743,0.912555324807326,1.6869645761079015,2.5203460208784916e+19,0.0,False,True,1331,2188,4.381805327893167e-09,1.8417389381226273e-08,1385,2229,4.7962195782163475e-09,1.9725405623870206e-08,1244,1346,3.788117549116994e-09,4.500715044440701e-09,1.4462756247674314e-33,1.7502852527403713e-37,4.724027182871601e-10,-11767762.38561108,solver_active_cfl_diagnostics: smallest_contiguous_99.9999_percent_M0_or_M3_support_plus_reachable_faces,"solver_active_cfl_diagnostics: M0_quantile_band_[1e-8,1e-6]_plus_reachable_faces",solver_active_cfl_diagnostics: quantile_tail_characteristic_reaches_Rmin,0.9999990061546099,0.9999990073920209,9.92765172857142e-07
current_implicit_policy,46,81.09007409746665,82.77009612335053,0.02299169336759737,UNBOUNDED,legacy_active_cell_cfl,0.35,2.4987125178948743e+19,1770573670.7104268,7.818794070316383e-19,1.9066044210579098e-14,1.6800220258838767,2.4987125178948743e+19,0,-11767771.697937466,0.9115390468145314,0.6295797818686671,0.9115390468145314,1.6960045812275177,2.4987125178948743e+19,0.0,False,True,1330,2188,4.374478654517765e-09,1.8417389381226273e-08,1381,2225,4.764221536895526e-09,1.9593807323598622e-08,1242,1346,3.7754601650543804e-09,4.500715044440701e-09,1.7983703719119344e-33,2.1763208131681997e-37,4.724027182871601e-10,-11767771.697937466,solver_active_cfl_diagnostics: smallest_contiguous_99.9999_percent_M0_or_M3_support_plus_reachable_faces,"solver_active_cfl_diagnostics: M0_quantile_band_[1e-8,1e-6]_plus_reachable_faces",solver_active_cfl_diagnostics: quantile_tail_characteristic_reaches_Rmin,0.9999990065484401,0.9999990074882183,1.032067182416976e-06
current_implicit_policy,47,82.77009612335053,84.4490878666537,0.02345807996295936,UNBOUNDED,legacy_active_cell_cfl,0.35,2.497182106755074e+19,2217449921.4836035,9.792184637176322e-19,2.387813562187891e-14,1.678991743303174,2.497182106755074e+19,0,-11767780.829703966,0.8983927312447891,0.6388372556879482,0.8983927312447891,1.718770445159503,2.497182106755074e+19,0.0,False,True,1332,2191,4.389144272477778e-09,1.851008453663491e-08,1379,2224,4.7483026587271544e-09,1.9561045159217028e-08,1240,1345,3.762845073599964e-09,4.493189546017376e-09,2.2210740219860247e-33,2.687776115948354e-37,4.724027182871601e-10,-11767780.829703966,solver_active_cfl_diagnostics: smallest_contiguous_99.9999_percent_M0_or_M3_support_plus_reachable_faces,"solver_active_cfl_diagnostics: M0_quantile_band_[1e-8,1e-6]_plus_reachable_faces",solver_active_cfl_diagnostics: quantile_tail_characteristic_reaches_Rmin,0.9999990230452019,0.9999990147523755,1.0246535570575922e-06
current_implicit_policy,48,84.4490878666537,86.12706232994158,0.02392418398053933,UNBOUNDED,legacy_active_cell_cfl,0.35,2.495671009996904e+19,2764007429.595072,1.2205764300198294e-18,2.9763623351455275e-14,1.6779744632878828,2.495671009996904e+19,0,-11767789.857226517,0.9241637886384838,0.6293642476487594,0.9241637886384838,1.729960422399745,2.495671009996904e+19,0.0,False,True,1328,2188,4.359862039355745e-09,1.8417389381226273e-08,1381,2226,4.764221536895526e-09,1.9626624360273907e-08,1239,1344,3.756553343421763e-09,4.485676630733833e-09,2.7303810806216233e-33,3.3039978968734175e-37,4.724027182871601e-10,-11767789.857226517,solver_active_cfl_diagnostics: smallest_contiguous_99.9999_percent_M0_or_M3_support_plus_reachable_faces,"solver_active_cfl_diagnostics: M0_quantile_band_[1e-8,1e-6]_plus_reachable_faces",solver_active_cfl_diagnostics: quantile_tail_characteristic_reaches_Rmin,0.9999990072377601,0.9999990022768401,1.017190214778075e-06
current_implicit_policy,49,86.12706232994158,87.80403232655907,0.02439000897959974,UNBOUNDED,legacy_active_cell_cfl,0.35,2.494178946546808e+19,3429602118.1249332,1.5145008167878334e-18,3.693093752073529e-14,1.676969996617484,2.494178946546808e+19,0,-11767798.781787632,0.9043851664766488,0.6480992174351329,0.9043851664766488,1.7531617612939148,2.494178946546808e+19,0.0,False,True,1331,2191,4.381805327893167e-09,1.851008453663491e-08,1377,2223,4.732436970923711e-09,1.9528337775378965e-08,1237,1343,3.744001426063636e-09,4.478176277550214e-09,3.3414482236469264e-33,4.043317316690461e-37,4.724027182871601e-10,-11767798.781787632,solver_active_cfl_diagnostics: smallest_contiguous_99.9999_percent_M0_or_M3_support_plus_reachable_faces,"solver_active_cfl_diagnostics: M0_quantile_band_[1e-8,1e-6]_plus_reachable_faces",solver_active_cfl_diagnostics: quantile_tail_characteristic_reaches_Rmin,0.9999990000348171,0.9999990030837996,1.0104873987767243e-06
current_implicit_policy,50,87.80403232655907,89.46670383085672,0.024851862175237976,UNBOUNDED,legacy_active_cell_cfl,0.35,2.4729144699101016e+19,4229059876.4468727,1.8675386871481177e-18,4.553972755122334e-14,1.6626715042976459,2.4729144699101016e+19,0,-11767807.604650857,0.9034078890717621,0.6523704477602889,0.9034078890717621,1.7625534098060434,2.4729144699101016e+19,0.0,False,True,1330,2191,4.374478654517765e-09,1.851008453663491e-08,1375,2222,4.716624295758164e-09,1.9495685080487675e-08,1235,1342,3.7314914489137174e-09,4.4706884654618436e-09,4.0716312997605334e-33,4.926724537422358e-37,4.724027182871601e-10,-11767807.604650857,solver_active_cfl_diagnostics: smallest_contiguous_99.9999_percent_M0_or_M3_support_plus_reachable_faces,"solver_active_cfl_diagnostics: M0_quantile_band_[1e-8,1e-6]_plus_reachable_faces",solver_active_cfl_diagnostics: quantile_tail_characteristic_reaches_Rmin,0.9999990009467109,0.9999990020012708,1.0041235834929066e-06
current_implicit_policy,51,89.46670383085672,91.12841586573292,0.025313448851592476,UNBOUNDED,legacy_active_cell_cfl,0.35,2.4714892550314762e+19,5193189070.853767,2.2932949125427298e-18,5.592174675175523e-14,1.6617120348762018,2.4714892550314762e+19,0,-11767816.257811964,0.9096546311256415,0.6427354418167383,0.9096546311256415,1.7861719874544002,2.4714892550314762e+19,0.0,False,True,1329,2191,4.367164231833284e-09,1.851008453663491e-08,1377,2224,4.732436970923711e-09,1.9561045159217028e-08,1233,1341,3.719023271835562e-09,4.463213173499166e-09,4.9325628915953076e-33,5.968283849597309e-37,4.724027182871601e-10,-11767816.257811964,solver_active_cfl_diagnostics: smallest_contiguous_99.9999_percent_M0_or_M3_support_plus_reachable_faces,"solver_active_cfl_diagnostics: M0_quantile_band_[1e-8,1e-6]_plus_reachable_faces",solver_active_cfl_diagnostics: quantile_tail_characteristic_reaches_Rmin,0.9999990018813917,0.9999990041936736,9.977881643826442e-07
current_implicit_policy,52,91.12841586573292,92.78918034488751,0.02577477231802431,UNBOUNDED,legacy_active_cell_cfl,0.35,2.47008173699851e+19,6351493848.412197,2.8047984255684898e-18,6.839470422513328e-14,1.6607644791545946,2.47008173699851e+19,0,-11767824.813339941,0.9159410089706799,0.6521502547106616,0.9159410089706799,1.8100924451950864,2.47008173699851e+19,0.0,False,True,1328,2191,4.359862039355745e-09,1.851008453663491e-08,1375,2223,4.716624295758164e-09,1.9528337775378965e-08,1231,1340,3.706596755160969e-09,4.455750380727689e-09,5.9519971245566725e-33,7.201561939647474e-37,4.724027182871601e-10,-11767824.813339941,solver_active_cfl_diagnostics: smallest_contiguous_99.9999_percent_M0_or_M3_support_plus_reachable_faces,"solver_active_cfl_diagnostics: M0_quantile_band_[1e-8,1e-6]_plus_reachable_faces",solver_active_cfl_diagnostics: quantile_tail_characteristic_reaches_Rmin,0.9999990026439428,0.9999990066330481,9.917805826236122e-07
current_implicit_policy,53,92.78918034488751,94.4490090126714,0.026235835836853166,UNBOUNDED,legacy_active_cell_cfl,0.35,2.468691664256945e+19,7737976698.077886,3.417064611544911e-18,8.332474850752059e-14,1.6598286677838898,2.468691664256945e+19,0,-11767833.27241502,0.9157286181144636,0.6425252863920922,0.9157286181144636,1.8343187483467043,2.468691664256945e+19,0.0,False,True,1328,2192,4.359862039355745e-09,1.8541086480926247e-08,1377,2225,4.732436970923711e-09,1.9593807323598622e-08,1229,1340,3.6942117596884166e-09,4.455750380727689e-09,7.154803794435745e-33,8.656633094513787e-37,4.724027182871601e-10,-11767833.27241502,solver_active_cfl_diagnostics: smallest_contiguous_99.9999_percent_M0_or_M3_support_plus_reachable_faces,"solver_active_cfl_diagnostics: M0_quantile_band_[1e-8,1e-6]_plus_reachable_faces",solver_active_cfl_diagnostics: quantile_tail_characteristic_reaches_Rmin,0.9999990037182367,0.9999990025263897,1.0302250004348463e-06
current_implicit_policy,54,94.4490090126714,96.09477583316153,0.026692993286989316,UNBOUNDED,legacy_active_cell_cfl,0.35,2.4477789771573576e+19,9376148902.935368,4.14047597439193e-18,1.0096505582657297e-13,1.645766820490132,2.4477789771573576e+19,0,-11767841.636200367,0.9147527299299387,0.6467725144650147,0.9147527299299387,1.844133803038802,2.4477789771573576e+19,0.0,False,True,1327,2192,4.352572056635419e-09,1.8541086480926247e-08,1375,2224,4.716624295758164e-09,1.9561045159217028e-08,1227,1339,3.6818681466815177e-09,4.448300066247923e-09,8.569073282080675e-33,1.0367464973553572e-36,4.724027182871601e-10,-11767841.636200367,solver_active_cfl_diagnostics: smallest_contiguous_99.9999_percent_M0_or_M3_support_plus_reachable_faces,"solver_active_cfl_diagnostics: M0_quantile_band_[1e-8,1e-6]_plus_reachable_faces",solver_active_cfl_diagnostics: quantile_tail_characteristic_reaches_Rmin,0.9999990043941152,0.9999990083366748,1.024328277443189e-06
current_implicit_policy,55,96.09477583316153,97.73964835069656,0.02714990231963793,UNBOUNDED,legacy_active_cell_cfl,0.35,2.446450569662831e+19,11320596802.806015,4.9991376590789954e-18,1.2190342751783747e-13,1.6448725175350245,2.446450569662831e+19,0,-11767849.840355733,0.927639687874361,0.6562298433776635,0.927639687874361,1.8687966262162783,2.446450569662831e+19,0.0,False,True,1325,2191,4.3380286388383984e-09,1.851008453663491e-08,1373,2223,4.700864456097333e-09,1.9528337775378965e-08,1225,1338,3.6695657778674047e-09,4.440862209195327e-09,1.021112418618259e-32,1.2353782643115195e-36,4.724027182871601e-10,-11767849.840355733,solver_active_cfl_diagnostics: smallest_contiguous_99.9999_percent_M0_or_M3_support_plus_reachable_faces,"solver_active_cfl_diagnostics: M0_quantile_band_[1e-8,1e-6]_plus_reachable_faces",solver_active_cfl_diagnostics: quantile_tail_characteristic_reaches_Rmin,0.9999990041145995,0.9999990098035102,1.0184516341881626e-06
current_implicit_policy,56,97.73964835069656,99.38363749723585,0.027606565971454403,UNBOUNDED,legacy_active_cell_cfl,0.35,2.445138400621613e+19,13621063175.247128,6.015015909690716e-18,1.466755080516647e-13,1.6439891465393044,2.445138400621613e+19,0,-11767857.952986358,0.9340402978206193,0.6465695305794068,0.9340402978206193,1.8937751157817626,2.445138400621613e+19,0.0,False,True,1324,2191,4.330775163032984e-09,1.851008453663491e-08,1375,2225,4.716624295758164e-09,1.9593807323598622e-08,1223,1337,3.657304515435272e-09,4.433436788740241e-09,1.2126795987388823e-32,1.4671019187642211e-36,4.724027182871601e-10,-11767857.952986358,solver_active_cfl_diagnostics: smallest_contiguous_99.9999_percent_M0_or_M3_support_plus_reachable_faces,"solver_active_cfl_diagnostics: M0_quantile_band_[1e-8,1e-6]_plus_reachable_faces",solver_active_cfl_diagnostics: quantile_tail_characteristic_reaches_Rmin,0.9999990044030326,0.999999007405158,1.0128961517455861e-06
current_implicit_policy,57,99.38363749723585,101.02675405284353,0.02806298723690098,UNBOUNDED,legacy_active_cell_cfl,0.35,2.4438422444067434e+19,16334147907.595068,7.213105047039993e-18,1.7589078121973212e-13,1.6431165556076701,2.4438422444067434e+19,0,-11767865.975179894,0.9404815974741522,0.6608460019217732,0.9404815974741522,1.919073421099228,2.4438422444067434e+19,0.0,False,True,1323,2191,4.323533815527228e-09,1.851008453663491e-08,1372,2223,4.693004294388957e-09,1.9528337775378965e-08,1221,1336,3.6450842220347714e-09,4.426023784087839e-09,1.4354849667002114e-32,1.7366040694462237e-36,4.724027182871601e-10,-11767865.975179894,solver_active_cfl_diagnostics: smallest_contiguous_99.9999_percent_M0_or_M3_support_plus_reachable_faces,"solver_active_cfl_diagnostics: M0_quantile_band_[1e-8,1e-6]_plus_reachable_faces",solver_active_cfl_diagnostics: quantile_tail_characteristic_reaches_Rmin,0.9999990045292907,0.9999990043249309,1.007655256581463e-06
current_implicit_policy,58,101.02675405284353,102.65603474818606,0.02851556520782946,UNBOUNDED,legacy_active_cell_cfl,0.35,2.423265508335523e+19,19494562851.28273,8.608733708542085e-18,2.0992303417645117e-13,1.6292806953425236,2.423265508335523e+19,0,-11767873.908008726,0.9328465921474356,0.6412651011072775,0.9328465921474356,1.9293325455925894,2.423265508335523e+19,0.0,False,True,1323,2192,4.323533815527228e-09,1.8541086480926247e-08,1375,2226,4.716624295758164e-09,1.9626624360273907e-08,1219,1335,3.6329047607744886e-09,4.418623174478063e-09,1.693855642995365e-32,2.04911648686815e-36,4.724027182871601e-10,-11767873.908008726,solver_active_cfl_diagnostics: smallest_contiguous_99.9999_percent_M0_or_M3_support_plus_reachable_faces,"solver_active_cfl_diagnostics: M0_quantile_band_[1e-8,1e-6]_plus_reachable_faces",solver_active_cfl_diagnostics: quantile_tail_characteristic_reaches_Rmin,0.9999990061764359,0.9999990036535824,1.0027226679057883e-06
current_implicit_policy,59,102.65603474818606,104.28448119028425,0.028967911441745625,UNBOUNDED,legacy_active_cell_cfl,0.35,2.4220263066622562e+19,23194612144.949776,1.0242663092886445e-17,2.4976622431384444e-13,1.6284464420981934,2.4220263066622562e+19,0,-11767881.690562878,0.9260571242582483,0.641170911495365,0.9260571242582483,1.9550875651043762,2.4220263066622562e+19,0.0,False,True,1324,2194,4.330775163032984e-09,1.8603246228948337e-08,1375,2227,4.716624295758164e-09,1.9659496361146728e-08,1217,1334,3.6207659952204107e-09,4.4112349391855674e-09,1.989891108693616e-32,2.4071761752611624e-36,4.724027182871601e-10,-11767881.690562878,solver_active_cfl_diagnostics: smallest_contiguous_99.9999_percent_M0_or_M3_support_plus_reachable_faces,"solver_active_cfl_diagnostics: M0_quantile_band_[1e-8,1e-6]_plus_reachable_faces",solver_active_cfl_diagnostics: quantile_tail_characteristic_reaches_Rmin,0.999999002748973,0.9999990136221691,9.9779661308128e-07
current_implicit_policy,60,104.28448119028425,105.91210342414345,0.029420028728928738,UNBOUNDED,legacy_active_cell_cfl,0.35,2.420802025862845e+19,27514221051.95645,1.2150187928870144e-17,2.9628100975078996e-13,1.6276222338592012,2.420802025862845e+19,0,-11767889.387244044,0.9524756809202044,0.6601375005007499,0.9524756809202044,1.9811726798895304,2.420802025862845e+19,0.0,False,True,1320,2191,4.301882340184066e-09,1.851008453663491e-08,1371,2224,4.685157275399896e-09,1.9561045159217028e-08,1215,1333,3.608667789394396e-09,4.403859057519662e-09,2.330852865864342e-32,2.8195634130001118e-36,4.724027182871601e-10,-11767889.387244044,solver_active_cfl_diagnostics: smallest_contiguous_99.9999_percent_M0_or_M3_support_plus_reachable_faces,"solver_active_cfl_diagnostics: M0_quantile_band_[1e-8,1e-6]_plus_reachable_faces",solver_active_cfl_diagnostics: quantile_tail_characteristic_reaches_Rmin,0.9999990043312577,0.9999990156615564,9.931697197857156e-07
current_implicit_policy,61,105.91210342414345,107.53891135824647,0.029871919821735128,UNBOUNDED,legacy_active_cell_cfl,0.35,2.4195924631464e+19,32543335392.127846,1.4371027989487205e-17,3.504359528271162e-13,1.6268079341030086,2.4195924631464e+19,0,-11767896.99905594,0.9590342058528952,0.660039118523895,0.9590342058528952,2.0212334328355133,2.4195924631464e+19,0.0,False,True,1319,2191,4.2946893034224134e-09,1.851008453663491e-08,1371,2224,4.685157275399896e-09,1.9561045159217028e-08,1213,1333,3.596610007772652e-09,4.403859057519662e-09,2.7225217597680504e-32,3.293266951270481e-36,4.724027182871601e-10,-11767896.99905594,solver_active_cfl_diagnostics: smallest_contiguous_99.9999_percent_M0_or_M3_support_plus_reachable_faces,"solver_active_cfl_diagnostics: M0_quantile_band_[1e-8,1e-6]_plus_reachable_faces",solver_active_cfl_diagnostics: quantile_tail_characteristic_reaches_Rmin,0.9999990040145749,0.9999990013039565,1.0308363391918298e-06
current_implicit_policy,62,107.53891135824647,109.15209960461763,0.03032002766794934,UNBOUNDED,legacy_active_cell_cfl,0.35,2.3993370929958138e+19,38329678788.181015,1.692625786680272e-17,4.1274495517575956e-13,1.61318824637117,2.3993370929958138e+19,0,-11767904.526988626,0.9512758922454714,0.6595429368961488,0.9512758922454714,2.0320223240413258,2.3993370929958138e+19,0.0,False,True,1319,2192,4.2946893034224134e-09,1.8541086480926247e-08,1370,2224,4.677323377154638e-09,1.9561045159217028e-08,1211,1332,3.584592515284218e-09,4.396495508824251e-09,3.171286598765011e-32,3.836010299763999e-36,4.724027182871601e-10,-11767904.526988626,solver_active_cfl_diagnostics: smallest_contiguous_99.9999_percent_M0_or_M3_support_plus_reachable_faces,"solver_active_cfl_diagnostics: M0_quantile_band_[1e-8,1e-6]_plus_reachable_faces",solver_active_cfl_diagnostics: quantile_tail_characteristic_reaches_Rmin,0.9999990060803123,0.9999990101279336,1.0263435164088862e-06
current_implicit_policy,63,109.15209960461763,110.76450900208923,0.03076791916724701,UNBOUNDED,legacy_active_cell_cfl,0.35,2.3981801959107154e+19,45023202182.54469,1.9882095395120627e-17,4.848227314765206e-13,1.6124093974715934,2.3981801959107154e+19,0,-11767911.913346637,0.9646176636220919,0.6546475755110156,0.9646176636220919,2.0590935692714574,2.3981801959107154e+19,0.0,False,True,1317,2191,4.280339291513283e-09,1.851008453663491e-08,1371,2225,4.685157275399896e-09,1.9593807323598622e-08,1209,1331,3.5726151773094508e-09,4.389144272477778e-09,3.6795875541268333e-32,4.450740999891509e-36,4.724027182871601e-10,-11767911.913346637,solver_active_cfl_diagnostics: smallest_contiguous_99.9999_percent_M0_or_M3_support_plus_reachable_faces,"solver_active_cfl_diagnostics: M0_quantile_band_[1e-8,1e-6]_plus_reachable_faces",solver_active_cfl_diagnostics: quantile_tail_characteristic_reaches_Rmin,0.9999990031060001,0.9999990010665827,1.0218501195155846e-06
current_implicit_policy,64,110.76450900208923,112.37614879280454,0.03121559688689015,UNBOUNDED,legacy_active_cell_cfl,0.35,2.3970370270450962e+19,52747083305.58862,2.3292935447907192e-17,5.679956947964398e-13,1.611639790715309,2.3970370270450962e+19,0,-11767919.219067631,0.9712533739613471,0.6641855254850076,0.9712533739613471,2.0865122781300793,2.3970370270450962e+19,0.0,False,True,1316,2191,4.273182276178716e-09,1.851008453663491e-08,1369,2224,4.669502577714417e-09,1.9561045159217028e-08,1207,1330,3.560677859678516e-09,4.381805327893167e-09,4.2585247828133634e-32,5.15087950182299e-36,4.724027182871601e-10,-11767919.219067631,solver_active_cfl_diagnostics: smallest_contiguous_99.9999_percent_M0_or_M3_support_plus_reachable_faces,"solver_active_cfl_diagnostics: M0_quantile_band_[1e-8,1e-6]_plus_reachable_faces",solver_active_cfl_diagnostics: quantile_tail_characteristic_reaches_Rmin,0.9999990025164888,0.9999990046789238,1.0176512155800666e-06
current_implicit_policy,65,112.37614879280454,113.98702809596007,0.03166306335998891,UNBOUNDED,legacy_active_cell_cfl,0.35,2.395907403774587e+19,61638618025.78423,2.721940742116222e-17,6.637422863557323e-13,1.6108793031555215,2.395907403774587e+19,0,-11767926.445079057,0.9710572125942054,0.6592623311625456,0.9710572125942054,2.1142830275403424,2.395907403774587e+19,0.0,False,True,1316,2192,4.273182276178716e-09,1.8541086480926247e-08,1370,2226,4.677323377154638e-09,1.9626624360273907e-08,1205,1329,3.548780428669887e-09,4.374478654517765e-09,4.916398121041513e-32,5.94645867922848e-36,4.724027182871601e-10,-11767926.445079057,solver_active_cfl_diagnostics: smallest_contiguous_99.9999_percent_M0_or_M3_support_plus_reachable_faces,"solver_active_cfl_diagnostics: M0_quantile_band_[1e-8,1e-6]_plus_reachable_faces",solver_active_cfl_diagnostics: quantile_tail_characteristic_reaches_Rmin,0.9999990049012298,0.9999990233016847,1.0137415083235712e-06
current_implicit_policy,66,113.98702809596007,115.59715590980689,0.03211032108605747,UNBOUNDED,legacy_active_cell_cfl,0.35,2.3947911464476553e+19,71850532767.40202,3.1728954792681675e-17,7.737071080173055e-13,1.6101278138468151,2.3947911464476553e+19,0,-11767933.592296012,0.984651942290572,0.6591710027109251,0.984651942290572,2.1424104562339825,2.3947911464476553e+19,0.0,False,True,1314,2191,4.258904126533715e-09,1.851008453663491e-08,1370,2226,4.677323377154638e-09,1.9626624360273907e-08,1203,1328,3.536922751008846e-09,4.367164231833284e-09,5.662300382426813e-32,6.848469640732829e-36,4.724027182871601e-10,-11767933.592296012,solver_active_cfl_diagnostics: smallest_contiguous_99.9999_percent_M0_or_M3_support_plus_reachable_faces,"solver_active_cfl_diagnostics: M0_quantile_band_[1e-8,1e-6]_plus_reachable_faces",solver_active_cfl_diagnostics: quantile_tail_characteristic_reaches_Rmin,0.9999990008857413,0.9999990081380267,1.010115948947139e-06
current_implicit_policy,67,115.59715590980689,117.19388920770174,0.03255385811325048,UNBOUNDED,legacy_active_cell_cfl,0.35,2.374870509807479e+19,83447271674.21165,3.685003588066537e-17,8.985841127719617e-13,1.5967332978948583,2.374870509807479e+19,0,-11767940.66162137,0.9767166278754348,0.6683590547190242,0.9767166278754348,2.1684100135151874,2.374870509807479e+19,0.0,False,True,1314,2192,4.258904126533715e-09,1.8541086480926247e-08,1367,2224,4.6539001876773724e-09,1.9561045159217028e-08,1200,1327,3.5192104816010957e-09,4.359862039355745e-09,6.506175022100997e-32,7.868931379506763e-36,4.724027182871601e-10,-11767940.66162137,solver_active_cfl_diagnostics: smallest_contiguous_99.9999_percent_M0_or_M3_support_plus_reachable_faces,"solver_active_cfl_diagnostics: M0_quantile_band_[1e-8,1e-6]_plus_reachable_faces",solver_active_cfl_diagnostics: quantile_tail_characteristic_reaches_Rmin,0.9999990033320393,0.999999007580775,1.0070835541710186e-06
current_implicit_policy,68,117.19388920770174,118.78990341751043,0.0329971953937529,UNBOUNDED,legacy_active_cell_cfl,0.35,2.3738023873837224e+19,96692373000.1267,4.269902829600223e-17,1.041211155990203e-12,1.5960142098086838,2.3738023873837224e+19,0,-11767947.598983075,0.9834304331685686,0.6585998496943186,0.9834304331685686,2.1972327469512978,2.3738023873837224e+19,0.0,False,True,1313,2192,4.251782952237442e-09,1.8541086480926247e-08,1369,2226,4.669502577714417e-09,1.9626624360273907e-08,1198,1326,3.50745160715086e-09,4.352572056635419e-09,7.450443925690451e-32,9.010766812864176e-36,4.724027182871601e-10,-11767947.598983075,solver_active_cfl_diagnostics: smallest_contiguous_99.9999_percent_M0_or_M3_support_plus_reachable_faces,"solver_active_cfl_diagnostics: M0_quantile_band_[1e-8,1e-6]_plus_reachable_faces",solver_active_cfl_diagnostics: quantile_tail_characteristic_reaches_Rmin,0.9999990025067956,0.9999990026687684,1.0037201849212216e-06
current_implicit_policy,69,118.78990341751043,120.3852069415022,0.03344033526152839,UNBOUNDED,legacy_active_cell_cfl,0.35,2.372746745561969e+19,111788318825.32619,4.9365347447609616e-17,1.2037686226830603e-12,1.5953035239917712,2.372746745561969e+19,0,-11767954.46142925,0.9901870600457915,0.6730588866583019,0.9901870600457915,2.226426078925202,2.372746745561969e+19,0.0,False,True,1312,2192,4.244673685023801e-09,1.8541086480926247e-08,1366,2224,4.646118553386186e-09,1.9561045159217028e-08,1196,1325,3.4957320230838114e-09,4.345294263256769e-09,8.513280213962219e-32,1.029594528356191e-35,4.724027182871601e-10,-11767954.46142925,solver_active_cfl_diagnostics: smallest_contiguous_99.9999_percent_M0_or_M3_support_plus_reachable_faces,"solver_active_cfl_diagnostics: M0_quantile_band_[1e-8,1e-6]_plus_reachable_faces",solver_active_cfl_diagnostics: quantile_tail_characteristic_reaches_Rmin,0.9999990015285797,0.9999990020021873,1.0006292298281207e-06
current_implicit_policy,70,120.3852069415022,121.97980807279318,0.03388328002022033,UNBOUNDED,legacy_active_cell_cfl,0.35,2.3717034222078013e+19,128958508970.9558,5.694764594880595e-17,1.388662146085151e-12,1.5946011312909694,2.3717034222078013e+19,0,-11767961.249806643,1.0040210866467212,0.6680896567247727,1.0040210866467212,2.255994899579931,2.3717034222078013e+19,0.0,False,True,1311,2192,4.237576304983349e-09,1.8541086480926247e-08,1367,2226,4.6539001876773724e-09,1.9626624360273907e-08,1194,1324,3.4840515981174683e-09,4.3380286388383984e-09,9.70722615744673e-32,1.1739625797229505e-35,4.724027182871601e-10,-11767961.249806643,solver_active_cfl_diagnostics: smallest_contiguous_99.9999_percent_M0_or_M3_support_plus_reachable_faces,"solver_active_cfl_diagnostics: M0_quantile_band_[1e-8,1e-6]_plus_reachable_faces",solver_active_cfl_diagnostics: quantile_tail_characteristic_reaches_Rmin,0.9999990003983238,0.9999990217073369,9.978063516324046e-07
current_implicit_policy,71,121.97980807279318,123.56121224910042,0.03432255895808345,UNBOUNDED,legacy_active_cell_cfl,0.35,2.3520764932733022e+19,148275891490.37247,6.547813741580295e-17,1.596677251720426e-12,1.5814041763072442,2.3520764932733022e+19,0,-11767967.96495098,0.9820473067998434,0.6627620772925132,0.9820473067998434,2.2833245490590777,2.3520764932733022e+19,0.0,False,True,1312,2194,4.244673685023801e-09,1.8603246228948337e-08,1367,2226,4.6539001876773724e-09,1.9626624360273907e-08,1191,1323,3.4666040978805015e-09,4.330775163032984e-09,1.1045895494885932e-31,1.3358261927995776e-35,4.724027182871601e-10,-11767967.96495098,solver_active_cfl_diagnostics: smallest_contiguous_99.9999_percent_M0_or_M3_support_plus_reachable_faces,"solver_active_cfl_diagnostics: M0_quantile_band_[1e-8,1e-6]_plus_reachable_faces",solver_active_cfl_diagnostics: quantile_tail_characteristic_reaches_Rmin,0.9999990003616865,0.9999990067664766,9.95544117437274e-07
current_implicit_policy,72,123.56121224910042,125.14194406335847,0.034761651128710686,UNBOUNDED,legacy_active_cell_cfl,0.35,2.351077782929759e+19,170139094646.7702,7.51328547554534e-17,1.832106482856285e-12,1.5807318142580447,2.351077782929759e+19,0,-11767974.555587484,1.0313346696678556,0.6772875002325132,1.0313346696678556,2.3136256263123407,2.351077782929759e+19,0.0,False,True,1306,2190,4.202267017875585e-09,1.847913442968066e-08,1364,2224,4.630594297296416e-09,1.9561045159217028e-08,1189,1322,3.455020999180164e-09,4.323533815527228e-09,1.2530922493746654e-31,1.5153821750200222e-35,4.724027182871601e-10,-11767974.555587484,solver_active_cfl_diagnostics: smallest_contiguous_99.9999_percent_M0_or_M3_support_plus_reachable_faces,"solver_active_cfl_diagnostics: M0_quantile_band_[1e-8,1e-6]_plus_reachable_faces",solver_active_cfl_diagnostics: quantile_tail_characteristic_reaches_Rmin,0.9999990070017184,0.999999004577891,9.92960237588558e-07
current_implicit_policy,73,125.14194406335847,126.72201126640121,0.03520055868511145,UNBOUNDED,legacy_active_cell_cfl,0.35,2.3500905854876238e+19,194837573184.39233,8.603962021403562e-17,2.098066771051126e-12,1.5800672030427405,2.3500905854876238e+19,0,-11767981.075761037,1.0311417886449192,0.6625949254611749,1.0311417886449192,2.3443168725844297,2.3500905854876238e+19,0.0,False,True,1306,2191,4.202267017875585e-09,1.851008453663491e-08,1367,2227,4.6539001876773724e-09,1.9659496361146728e-08,1187,1321,3.4434766035366834e-09,4.316304576041797e-09,1.418838610976374e-31,1.7157829230348976e-35,4.724027182871601e-10,-11767981.075761037,solver_active_cfl_diagnostics: smallest_contiguous_99.9999_percent_M0_or_M3_support_plus_reachable_faces,"solver_active_cfl_diagnostics: M0_quantile_band_[1e-8,1e-6]_plus_reachable_faces",solver_active_cfl_diagnostics: quantile_tail_characteristic_reaches_Rmin,0.999999012874576,0.9999990025398714,9.90634270316725e-07
current_implicit_policy,74,126.7220112664012,128.30142151037847,0.03563928375288291,UNBOUNDED,legacy_active_cell_cfl,0.35,2.3491147543639806e+19,222688377281.1124,9.833844208895958e-17,2.3979722033933915e-12,1.5794102439772748,2.3491147543639806e+19,0,-11767987.526256045,1.0309511284007702,0.6771139921774137,1.0309511284007702,2.391411254772227,2.3491147543639806e+19,0.0,False,True,1306,2192,4.202267017875585e-09,1.8541086480926247e-08,1364,2225,4.630594297296416e-09,1.9593807323598622e-08,1184,1321,3.4262322955337086e-09,4.316304576041797e-09,1.6035104843883326e-31,1.9390609626007754e-35,4.724027182871601e-10,-11767987.526256045,solver_active_cfl_diagnostics: smallest_contiguous_99.9999_percent_M0_or_M3_support_plus_reachable_faces,"solver_active_cfl_diagnostics: M0_quantile_band_[1e-8,1e-6]_plus_reachable_faces",solver_active_cfl_diagnostics: quantile_tail_characteristic_reaches_Rmin,0.9999990165072635,0.9999990060882402,1.0273209544652774e-06
current_implicit_policy,75,128.30142151037847,129.86782469572236,0.036074395748811765,UNBOUNDED,legacy_active_cell_cfl,0.35,2.3297701426381414e+19,253762661739.64194,1.1206074210295384e-16,2.732588995170666e-12,1.5664031853438736,2.3297701426381414e+19,0,-11767993.907846916,1.0371196849917634,0.6815440125261018,1.0371196849917634,2.4041357345935106,2.3297701426381414e+19,0.0,False,True,1304,2191,4.188225820133106e-09,1.851008453663491e-08,1362,2224,4.6151219130055195e-09,1.9561045159217028e-08,1182,1320,3.4147840927020912e-09,4.3090874243312676e-09,1.808921462114444e-31,2.1874079753579611e-35,4.724027182871601e-10,-11767993.907846916,solver_active_cfl_diagnostics: smallest_contiguous_99.9999_percent_M0_or_M3_support_plus_reachable_faces,"solver_active_cfl_diagnostics: M0_quantile_band_[1e-8,1e-6]_plus_reachable_faces",solver_active_cfl_diagnostics: quantile_tail_characteristic_reaches_Rmin,0.9999990091397101,0.9999990068311005,1.0251669617115262e-06
current_implicit_policy,76,129.86782469572236,131.43359878336702,0.03650933299537973,UNBOUNDED,legacy_active_cell_cfl,0.35,2.3288357016871637e+19,288647915877.58075,1.2746595357239543e-16,3.108243399556084e-12,1.5657740876446569,2.3288357016871637e+19,0,-11768000.171887113,1.0369338906957848,0.6765375112623264,1.0369338906957848,2.4523899696753335,2.3288357016871637e+19,0.0,False,True,1304,2192,4.188225820133106e-09,1.8541086480926247e-08,1363,2225,4.622851632022283e-09,1.9593807323598622e-08,1179,1319,3.397683471603712e-09,4.301882340184066e-09,2.035046173489551e-31,2.4607922152863053e-35,4.724027182871601e-10,-11768000.171887113,solver_active_cfl_diagnostics: smallest_contiguous_99.9999_percent_M0_or_M3_support_plus_reachable_faces,"solver_active_cfl_diagnostics: M0_quantile_band_[1e-8,1e-6]_plus_reachable_faces",solver_active_cfl_diagnostics: quantile_tail_characteristic_reaches_Rmin,0.9999990129423578,0.9999990004213553,1.0232587573388706e-06
current_implicit_policy,77,131.43359878336702,132.998750931239,0.03694409748089972,UNBOUNDED,legacy_active_cell_cfl,0.35,2.327911892883899e+19,327746653080.6655,1.447318250612489e-16,3.5292697959289158e-12,1.5651521478719599,2.327911892883899e+19,0,-11768006.369604459,1.022333405926096,0.6863292155443768,1.022333405926096,2.4848678461921745,2.327911892883899e+19,0.0,False,True,1306,2195,4.202267017875585e-09,1.8634404206756944e-08,1361,2224,4.607405118599112e-09,1.9561045159217028e-08,1177,1318,3.3863306600645592e-09,4.2946893034224134e-09,2.2855422106015456e-31,2.7636345923465106e-35,4.724027182871601e-10,-11768006.369604459,solver_active_cfl_diagnostics: smallest_contiguous_99.9999_percent_M0_or_M3_support_plus_reachable_faces,"solver_active_cfl_diagnostics: M0_quantile_band_[1e-8,1e-6]_plus_reachable_faces",solver_active_cfl_diagnostics: quantile_tail_characteristic_reaches_Rmin,0.9999990149746675,0.999999001145435,1.0213320256300683e-06
current_implicit_policy,78,132.998750931239,134.56328820791072,0.03737869116886409,UNBOUNDED,legacy_active_cell_cfl,0.35,2.3269985835047973e+19,371496926481.13354,1.6405179936658494e-16,4.0003852658339625e-12,1.564537276671736,2.3269985835047973e+19,0,-11768012.50172627,1.0365686176638547,0.6714868642033376,1.0365686176638547,2.534692073195793,2.3269985835047973e+19,0.0,False,True,1304,2194,4.188225820133106e-09,1.8603246228948337e-08,1364,2227,4.630594297296416e-09,1.9659496361146728e-08,1174,1317,3.3693725286104075e-09,4.2875082939022715e-09,2.5626092978367306e-31,3.098593222918057e-35,4.724027182871601e-10,-11768012.50172627,solver_active_cfl_diagnostics: smallest_contiguous_99.9999_percent_M0_or_M3_support_plus_reachable_faces,"solver_active_cfl_diagnostics: M0_quantile_band_[1e-8,1e-6]_plus_reachable_faces",solver_active_cfl_diagnostics: quantile_tail_characteristic_reaches_Rmin,0.9999990140963895,0.9999990013611552,1.0199248206632128e-06
current_implicit_policy,79,134.56328820791072,136.11500120675774,0.03780972255743271,UNBOUNDED,legacy_active_cell_cfl,0.35,2.3079257143973413e+19,419949142405.7099,1.8544813575357987e-16,4.522132599028991e-12,1.5517129988470322,2.3079257143973413e+19,0,-11768018.568970911,1.0574494892464668,0.6758908496551695,1.0574494892464668,2.548168349347032,2.3079257143973413e+19,0.0,False,True,1300,2191,4.1602840170800886e-09,1.851008453663491e-08,1362,2226,4.6151219130055195e-09,1.9626624360273907e-08,1172,1316,3.358114313522921e-09,4.280339291513283e-09,2.8686057068484574e-31,3.468517741698892e-35,4.724027182871601e-10,-11768018.568970911,solver_active_cfl_diagnostics: smallest_contiguous_99.9999_percent_M0_or_M3_support_plus_reachable_faces,"solver_active_cfl_diagnostics: M0_quantile_band_[1e-8,1e-6]_plus_reachable_faces",solver_active_cfl_diagnostics: quantile_tail_characteristic_reaches_Rmin,0.9999990007306682,0.9999990083510554,1.0185013634524152e-06
current_implicit_policy,80,136.11500120675774,137.66612520779933,0.03824059033549981,UNBOUNDED,legacy_active_cell_cfl,0.35,2.307050841734633e+19,473949356806.8133,2.0929444969914702e-16,5.103622368239826e-12,1.5511240010415923,2.307050841734633e+19,0,-11768024.525163172,1.0572683813119887,0.6906411798410979,1.0572683813119887,2.599222514841029,2.307050841734633e+19,0.0,False,True,1300,2192,4.1602840170800886e-09,1.8541086480926247e-08,1359,2224,4.592010217210227e-09,1.9561045159217028e-08,1169,1315,3.3412974844287105e-09,4.273182276178716e-09,3.2031555092750196e-31,3.8729522791291595e-35,4.724027182871601e-10,-11768024.525163172,solver_active_cfl_diagnostics: smallest_contiguous_99.9999_percent_M0_or_M3_support_plus_reachable_faces,"solver_active_cfl_diagnostics: M0_quantile_band_[1e-8,1e-6]_plus_reachable_faces",solver_active_cfl_diagnostics: quantile_tail_characteristic_reaches_Rmin,0.9999990046583751,0.9999990031090861,1.0173010403597291e-06
current_implicit_policy,81,137.66612520779933,139.2166668285165,0.03867129634125459,UNBOUNDED,legacy_active_cell_cfl,0.35,2.306185798400979e+19,534043694417.79114,2.3583190805770127e-16,5.75073540095348e-12,1.5505416207171745,2.306185798400979e+19,0,-11768030.418885825,1.0644934618067727,0.6708580156561871,1.0644934618067727,2.651270166137469,2.306185798400979e+19,0.0,False,True,1299,2192,4.1533277422433176e-09,1.8541086480926247e-08,1363,2228,4.622851632022283e-09,1.9692423418274843e-08,1166,1314,3.324564870972915e-09,4.266037227855409e-09,3.571285121193469e-31,4.3179717882889705e-35,4.724027182871601e-10,-11768030.418885825,solver_active_cfl_diagnostics: smallest_contiguous_99.9999_percent_M0_or_M3_support_plus_reachable_faces,"solver_active_cfl_diagnostics: M0_quantile_band_[1e-8,1e-6]_plus_reachable_faces",solver_active_cfl_diagnostics: quantile_tail_characteristic_reaches_Rmin,0.9999990023715486,0.9999990053995913,1.0163391659074844e-06
current_implicit_policy,82,139.2166668285165,140.76663260532862,0.03910184239036906,UNBOUNDED,legacy_active_cell_cfl,0.35,2.305330463990781e+19,600823082448.4688,2.653214623073201e-16,6.469834970550857e-12,1.5499657768121153,2.305330463990781e+19,0,-11768036.250814237,1.0569122448443722,0.6904797923527481,1.0569122448443722,2.6863122626038667,2.305330463990781e+19,0.0,False,True,1300,2194,4.1602840170800886e-09,1.8603246228948337e-08,1359,2225,4.592010217210227e-09,1.9593807323598622e-08,1164,1313,3.3134563734494453e-09,4.258904126533715e-09,3.975808563541111e-31,4.8069763760162934e-35,4.724027182871601e-10,-11768036.250814237,solver_active_cfl_diagnostics: smallest_contiguous_99.9999_percent_M0_or_M3_support_plus_reachable_faces,"solver_active_cfl_diagnostics: M0_quantile_band_[1e-8,1e-6]_plus_reachable_faces",solver_active_cfl_diagnostics: quantile_tail_characteristic_reaches_Rmin,0.9999990060660318,0.9999990057147331,1.0153679330724123e-06
current_implicit_policy,83,140.76663260532862,142.30395026759183,0.03952887507433107,UNBOUNDED,legacy_active_cell_cfl,0.35,2.2865195029352215e+19,674286291772.0784,2.9776256966973674e-16,7.260907841443018e-12,1.5373176622632148,2.2865195029352215e+19,0,-11768042.021615438,1.0558415303198516,0.6850182552817398,1.0558415303198516,2.7186959094223,2.2865195029352215e+19,0.0,False,True,1299,2194,4.1533277422433176e-09,1.8603246228948337e-08,1359,2226,4.592010217210227e-09,1.9626624360273907e-08,1161,1312,3.2968631832417645e-09,4.251782952237442e-09,4.4197270686348735e-31,5.343592270313827e-35,4.724027182871601e-10,-11768042.021615438,solver_active_cfl_diagnostics: smallest_contiguous_99.9999_percent_M0_or_M3_support_plus_reachable_faces,"solver_active_cfl_diagnostics: M0_quantile_band_[1e-8,1e-6]_plus_reachable_faces",solver_active_cfl_diagnostics: quantile_tail_characteristic_reaches_Rmin,0.9999990037318662,0.9999990199271417,1.0148828527608932e-06
current_implicit_policy,84,142.30395026759183,143.8407161350175,0.0399557544819493,UNBOUNDED,legacy_active_cell_cfl,0.35,2.2856998949141217e+19,755626824052.0034,3.336822764849563e-16,8.136805981246953e-12,1.536765867425657,2.2856998949141217e+19,0,-11768047.687439702,1.0630592223454034,0.6849421255836474,1.0630592223454034,2.773069951881065,2.2856998949141217e+19,0.0,False,True,1298,2194,4.146383098766186e-09,1.8603246228948337e-08,1359,2226,4.592010217210227e-09,1.9626624360273907e-08,1158,1311,3.280353088729405e-09,4.244673685023801e-09,4.9020890098264856e-31,5.926667336349051e-35,4.724027182871601e-10,-11768047.687439702,solver_active_cfl_diagnostics: smallest_contiguous_99.9999_percent_M0_or_M3_support_plus_reachable_faces,"solver_active_cfl_diagnostics: M0_quantile_band_[1e-8,1e-6]_plus_reachable_faces",solver_active_cfl_diagnostics: quantile_tail_characteristic_reaches_Rmin,0.9999990014404327,0.9999990057578534,1.0143507913960996e-06
current_implicit_policy,85,143.8407161350175,145.3769363317162,0.04038248231436561,UNBOUNDED,legacy_active_cell_cfl,0.35,2.2848893833358127e+19,845569500997.7102,3.7340066159396475e-16,9.105334477650387e-12,1.5362201966987021,2.2848893833358127e+19,0,-11768053.294384362,1.0778062001068003,0.6898295586708713,1.0778062001068003,2.8285038163901493,2.2848893833358127e+19,0.0,False,True,1296,2194,4.132528628129696e-09,1.8603246228948337e-08,1358,2226,4.584332067114457e-09,1.9626624360273907e-08,1155,1310,3.263925673784154e-09,4.237576304983349e-09,5.4296771538844005e-31,6.564398699251219e-35,4.724027182871601e-10,-11768053.294384362,solver_active_cfl_diagnostics: smallest_contiguous_99.9999_percent_M0_or_M3_support_plus_reachable_faces,"solver_active_cfl_diagnostics: M0_quantile_band_[1e-8,1e-6]_plus_reachable_faces",solver_active_cfl_diagnostics: quantile_tail_characteristic_reaches_Rmin,0.9999990202404057,0.9999990142572313,1.014049512842649e-06
current_implicit_policy,86,145.3769363317162,146.9126169081595,0.04080906025226653,UNBOUNDED,legacy_active_cell_cfl,0.35,2.2840878588205793e+19,944894554163.385,4.1726227263972446e-16,1.0174895087413116e-11,1.5356805764432924,2.2840878588205793e+19,0,-11768058.843077037,1.1003708714912617,0.6897539236194764,1.1003708714912617,2.885018625464353,2.2840878588205793e+19,0.0,False,True,1293,2192,4.111833672217584e-09,1.8541086480926247e-08,1358,2226,4.584332067114457e-09,1.9626624360273907e-08,1152,1309,3.247580524361694e-09,4.230490792239933e-09,6.006020845630126e-31,7.261050399029192e-35,4.724027182871601e-10,-11768058.843077037,solver_active_cfl_diagnostics: smallest_contiguous_99.9999_percent_M0_or_M3_support_plus_reachable_faces,"solver_active_cfl_diagnostics: M0_quantile_band_[1e-8,1e-6]_plus_reachable_faces",solver_active_cfl_diagnostics: quantile_tail_characteristic_reaches_Rmin,0.9999990090795488,0.9999990000176503,1.0139772697309202e-06
current_implicit_policy,87,146.9126169081595,148.43581936838092,0.04123217204677248,UNBOUNDED,legacy_active_cell_cfl,0.35,2.2655296437762118e+19,1053502470135.9098,4.652231648320651e-16,1.134441622161148e-11,1.5232024602214282,2.2655296437762118e+19,0,-11768064.334137784,1.0992504534044156,0.684312959789842,1.0992504534044156,2.9197402565872466,2.2655296437762118e+19,0.0,False,True,1292,2192,4.104958409617818e-09,1.8541086480926247e-08,1358,2227,4.584332067114457e-09,1.9659496361146728e-08,1149,1308,3.2313172284911666e-09,4.223417126950633e-09,6.634866771144712e-31,8.021148964828773e-35,4.724027182871601e-10,-11768064.334137784,solver_active_cfl_diagnostics: smallest_contiguous_99.9999_percent_M0_or_M3_support_plus_reachable_faces,"solver_active_cfl_diagnostics: M0_quantile_band_[1e-8,1e-6]_plus_reachable_faces",solver_active_cfl_diagnostics: quantile_tail_characteristic_reaches_Rmin,0.9999990060678895,0.9999990122496205,1.0141324210414215e-06
current_implicit_policy,88,148.43581936838092,149.95850458107708,0.0416551401614103,UNBOUNDED,legacy_active_cell_cfl,0.35,2.2647613551934886e+19,1173045842280.3457,5.180131178699133e-16,1.2631693478746455e-11,1.5226852126961499,2.2647613551934886e+19,0,-11768069.725906875,1.1067424055242592,0.6842411749353938,1.1067424055242592,2.9780349340580106,2.2647613551934886e+19,0.0,False,True,1291,2192,4.09809464291978e-09,1.8541086480926247e-08,1358,2228,4.584332067114457e-09,1.9692423418274843e-08,1146,1307,3.2151353762647884e-09,4.216355289305708e-09,7.314387033160103e-31,8.842482737384091e-35,4.724027182871601e-10,-11768069.725906875,solver_active_cfl_diagnostics: smallest_contiguous_99.9999_percent_M0_or_M3_support_plus_reachable_faces,"solver_active_cfl_diagnostics: M0_quantile_band_[1e-8,1e-6]_plus_reachable_faces",solver_active_cfl_diagnostics: quantile_tail_characteristic_reaches_Rmin,0.9999990030973205,0.9999990228388241,1.0142374270573879e-06
current_implicit_policy,89,149.95850458107708,151.48067821932284,0.042077966172034124,UNBOUNDED,legacy_active_cell_cfl,0.35,2.2640014930574045e+19,1304467771956.6067,5.7604860215733e-16,1.404688244427638e-11,1.5221736382457665,2.2640014930574045e+19,0,-11768075.062144317,1.0912952855531732,0.6841701774039114,1.0912952855531732,3.037467944270873,2.2640014930574045e+19,0.0,False,True,1293,2195,4.111833672217584e-09,1.8634404206756944e-08,1358,2228,4.584332067114457e-09,1.9692423418274843e-08,1144,1306,3.2043925197554478e-09,4.209305259528542e-09,8.053585290470715e-31,9.735932139431433e-35,4.724027182871601e-10,-11768075.062144317,solver_active_cfl_diagnostics: smallest_contiguous_99.9999_percent_M0_or_M3_support_plus_reachable_faces,"solver_active_cfl_diagnostics: M0_quantile_band_[1e-8,1e-6]_plus_reachable_faces",solver_active_cfl_diagnostics: quantile_tail_characteristic_reaches_Rmin,0.9999990104353618,0.9999990079307697,1.0143497972854424e-06
current_implicit_policy,90,151.48067821932284,153.00234588920412,0.042500651635890035,UNBOUNDED,legacy_active_cell_cfl,0.35,2.26324995786649e+19,1448778722828.6748,6.397758350663966e-16,1.5600864080235965e-11,1.5216676698812717,2.26324995786649e+19,0,-11768080.34343388,1.10639984171703,0.6990496960098239,1.10639984171703,3.1187559742074384,2.26324995786649e+19,0.0,False,True,1291,2194,4.09809464291978e-09,1.8603246228948337e-08,1355,2226,4.5613745612983745e-09,1.9626624360273907e-08,1140,1305,3.1830143733667876e-09,4.202267017875585e-09,8.856810170763925e-31,1.0706750609217992e-34,4.724027182871601e-10,-11768080.34343388,solver_active_cfl_diagnostics: smallest_contiguous_99.9999_percent_M0_or_M3_support_plus_reachable_faces,"solver_active_cfl_diagnostics: M0_quantile_band_[1e-8,1e-6]_plus_reachable_faces",solver_active_cfl_diagnostics: quantile_tail_characteristic_reaches_Rmin,0.999999005992332,0.9999990109365997,1.0151193428367372e-06
current_implicit_policy,91,153.00234588920412,154.5116996882823,0.04291991658007842,UNBOUNDED,legacy_active_cell_cfl,0.35,2.2449359390731354e+19,1605714119682.263,7.090779810679941e-16,1.7290789364968522e-11,1.5093537990781731,2.2449359390731354e+19,0,-11768085.570352465,1.105288879672312,0.683629442344963,1.105288879672312,3.1562343367418912,2.2449359390731354e+19,0.0,False,True,1290,2194,4.091242352901547e-09,1.8603246228948337e-08,1357,2228,4.576666755402336e-09,1.9692423418274843e-08,1137,1304,3.167074413102252e-09,4.195240544636299e-09,9.728658818609354e-31,1.1760491700102095e-34,4.724027182871601e-10,-11768085.570352465,solver_active_cfl_diagnostics: smallest_contiguous_99.9999_percent_M0_or_M3_support_plus_reachable_faces,"solver_active_cfl_diagnostics: M0_quantile_band_[1e-8,1e-6]_plus_reachable_faces",solver_active_cfl_diagnostics: quantile_tail_characteristic_reaches_Rmin,0.9999990027858738,0.9999990021864426,1.0158934187018633e-06
current_implicit_policy,92,154.5116996882823,156.02056834946686,0.04333904676374079,UNBOUNDED,legacy_active_cell_cfl,0.35,2.2442153485594653e+19,1777523997894.289,7.849486482538991e-16,1.914088732360943e-11,1.5088686611845477,2.2442153485594653e+19,0,-11768090.703303993,1.1051245793739406,0.6984860848277169,1.1051245793739406,3.2191499239815795,2.2442153485594653e+19,0.0,False,True,1290,2195,4.091242352901547e-09,1.8634404206756944e-08,1354,2226,4.55374763608087e-09,1.9626624360273907e-08,1134,1303,3.1512142772756326e-09,4.188225820133106e-09,1.0666038896509518e-30,1.2893415171025273e-34,4.724027182871601e-10,-11768090.703303993,solver_active_cfl_diagnostics: smallest_contiguous_99.9999_percent_M0_or_M3_support_plus_reachable_faces,"solver_active_cfl_diagnostics: M0_quantile_band_[1e-8,1e-6]_plus_reachable_faces",solver_active_cfl_diagnostics: quantile_tail_characteristic_reaches_Rmin,0.9999990012886874,0.9999990051229662,1.0166144202870323e-06
current_implicit_policy,93,156.02056834946686,157.5289571329535,0.043758043648042644,UNBOUNDED,legacy_active_cell_cfl,0.35,2.2435025711793025e+19,1965413683274.6045,8.679201044676227e-16,2.1164137249570163e-11,1.5083887834866379,2.2435025711793025e+19,0,-11768095.783848843,1.143940316303722,0.7034549747519676,1.143940316303722,3.2832966358368814,2.2435025711793025e+19,0.0,False,True,1285,2192,4.057152382487053e-09,1.8541086480926247e-08,1353,2226,4.546133463595573e-09,1.9626624360273907e-08,1131,1302,3.1354335661405835e-09,4.181222824721328e-09,1.1680725216827931e-30,1.4119749369651465e-34,4.724027182871601e-10,-11768095.783848843,solver_active_cfl_diagnostics: smallest_contiguous_99.9999_percent_M0_or_M3_support_plus_reachable_faces,"solver_active_cfl_diagnostics: M0_quantile_band_[1e-8,1e-6]_plus_reachable_faces",solver_active_cfl_diagnostics: quantile_tail_characteristic_reaches_Rmin,0.9999990051927452,0.9999990131213218,1.0175543939352276e-06
current_implicit_policy,94,157.5289571329535,159.03687123790579,0.04417690867719605,UNBOUNDED,legacy_active_cell_cfl,0.35,2.2427975162796487e+19,2170669136936.9429,9.585602258329913e-16,2.33743867403007e-11,1.5079141049522695,2.2427975162796487e+19,0,-11768100.812530585,1.1517172486946305,0.6933412112147357,1.1517172486946305,3.348699177705534,2.2427975162796487e+19,0.0,False,True,1284,2192,4.050368550683413e-09,1.8541086480926247e-08,1355,2228,4.5613745612983745e-09,1.9692423418274843e-08,1128,1301,3.1197318819526136e-09,4.174231538789134e-09,1.2777990866851212e-30,1.544586405124633e-34,4.724027182871601e-10,-11768100.812530585,solver_active_cfl_diagnostics: smallest_contiguous_99.9999_percent_M0_or_M3_support_plus_reachable_faces,"solver_active_cfl_diagnostics: M0_quantile_band_[1e-8,1e-6]_plus_reachable_faces",solver_active_cfl_diagnostics: quantile_tail_characteristic_reaches_Rmin,0.9999990015393003,0.9999990057337248,1.0187121453956605e-06
current_implicit_policy,95,159.03687123790579,160.5326303404087,0.0445923973167802,UNBOUNDED,legacy_active_cell_cfl,0.35,2.2247197024707613e+19,2392768946996.1567,1.056638758606643e-15,2.5766021083338856e-11,1.495759102502915,2.2247197024707613e+19,0,-11768105.789886454,1.134737416037306,0.6731966962926734,1.134737416037306,3.388907285898846,2.2247197024707613e+19,0.0,False,True,1285,2194,4.057152382487053e-09,1.8603246228948337e-08,1358,2232,4.584332067114457e-09,1.982468405589743e-08,1125,1300,3.104108828959067e-09,4.167251942757488e-09,1.3963389241228037e-30,1.6878467450105326e-34,4.724027182871601e-10,-11768105.789886454,solver_active_cfl_diagnostics: smallest_contiguous_99.9999_percent_M0_or_M3_support_plus_reachable_faces,"solver_active_cfl_diagnostics: M0_quantile_band_[1e-8,1e-6]_plus_reachable_faces",solver_active_cfl_diagnostics: quantile_tail_characteristic_reaches_Rmin,0.9999990091067724,0.9999990007658389,1.0200865826715e-06
current_implicit_policy,96,160.5326303404087,162.02793417424215,0.045007759492845044,UNBOUNDED,legacy_active_cell_cfl,0.35,2.224043481734341e+19,2634729908197.9336,1.1634879092513275e-15,2.8371525988230086e-11,1.4953038338334508,2.224043481734341e+19,0,-11768110.678266264,1.1345753112732626,0.70788793255168,1.1345753112732626,3.479409666203456,2.224043481734341e+19,0.0,False,True,1285,2195,4.057152382487053e-09,1.8634404206756944e-08,1351,2226,4.5309432915635455e-09,1.9626624360273907e-08,1121,1299,3.08339972651837e-09,4.1602840170800886e-09,1.5232075789239327e-30,1.8411701402052677e-34,4.724027182871601e-10,-11768110.678266264,solver_active_cfl_diagnostics: smallest_contiguous_99.9999_percent_M0_or_M3_support_plus_reachable_faces,"solver_active_cfl_diagnostics: M0_quantile_band_[1e-8,1e-6]_plus_reachable_faces",solver_active_cfl_diagnostics: quantile_tail_characteristic_reaches_Rmin,0.9999990081846939,0.9999990150181512,1.0215966497040459e-06
current_implicit_policy,97,162.02793417424215,163.52278762116168,0.0454229965614338,UNBOUNDED,legacy_active_cell_cfl,0.35,2.2233745119785927e+19,2898067650192.4375,1.2797769747478785e-15,3.1207222188979945e-11,1.4948534469195218,2.2233745119785927e+19,0,-11768115.51715881,1.1502258907103582,0.7078195695536758,1.1502258907103582,3.5486567041767265,2.2233745119785927e+19,0.0,False,True,1283,2194,4.043596061903058e-09,1.8603246228948337e-08,1351,2226,4.5309432915635455e-09,1.9626624360273907e-08,1118,1297,3.0679586183877785e-09,4.146383098766186e-09,1.659924110515036e-30,2.0063920741446125e-34,4.724027182871601e-10,-11768115.51715881,solver_active_cfl_diagnostics: smallest_contiguous_99.9999_percent_M0_or_M3_support_plus_reachable_faces,"solver_active_cfl_diagnostics: M0_quantile_band_[1e-8,1e-6]_plus_reachable_faces",solver_active_cfl_diagnostics: quantile_tail_characteristic_reaches_Rmin,0.9999990017567596,0.9999990014046208,9.90463377036107e-07
current_implicit_policy,98,163.52278762116168,165.01719550724755,0.04583810986312432,UNBOUNDED,legacy_active_cell_cfl,0.35,2.2227127105077924e+19,3184392983468.142,1.4062172836167646e-15,3.4290455354111655e-11,1.4944078860858574,2.2227127105077924e+19,0,-11768120.307070635,1.1500637386685992,0.7128456565967655,1.1500637386685992,3.6433576532897582,2.2227127105077924e+19,0.0,False,True,1283,2195,4.043596061903058e-09,1.8634404206756944e-08,1350,2226,4.523367249476866e-09,1.9626624360273907e-08,1114,1296,3.047490692547267e-09,4.139450067200278e-09,1.8071187435406896e-30,2.184273786798707e-34,4.724027182871601e-10,-11768120.307070635,solver_active_cfl_diagnostics: smallest_contiguous_99.9999_percent_M0_or_M3_support_plus_reachable_faces,"solver_active_cfl_diagnostics: M0_quantile_band_[1e-8,1e-6]_plus_reachable_faces",solver_active_cfl_diagnostics: quantile_tail_characteristic_reaches_Rmin,0.9999990006973508,0.9999990091419202,9.92567650212355e-07
current_implicit_policy,99,165.01719550724755,166.49960222558187,0.046249889507106075,UNBOUNDED,legacy_active_cell_cfl,0.35,2.204863620715239e+19,3492805564863.694,1.5424112473313018e-15,3.761153033069088e-11,1.482406718334323,2.204863620715239e+19,0,-11768125.048502477,1.1649128411917344,0.7022089373049063,1.1649128411917344,3.6870679721470716,2.204863620715239e+19,0.0,False,True,1280,2194,4.023346464197223e-09,1.8603246228948337e-08,1351,2227,4.5309432915635455e-09,1.9659496361146728e-08,1111,1295,3.032229410363874e-09,4.132528628129696e-09,1.9654529311238754e-30,2.3756142245946547e-34,4.724027182871601e-10,-11768125.048502477,solver_active_cfl_diagnostics: smallest_contiguous_99.9999_percent_M0_or_M3_support_plus_reachable_faces,"solver_active_cfl_diagnostics: M0_quantile_band_[1e-8,1e-6]_plus_reachable_faces",solver_active_cfl_diagnostics: quantile_tail_characteristic_reaches_Rmin,0.9999990128543187,0.9999990005043068,9.94692894478043e-07
current_implicit_policy,100,166.49960222558187,167.98158148292472,0.04666155041192353,UNBOUNDED,legacy_active_cell_cfl,0.35,2.2042287071877214e+19,3827293794326.6504,1.6901201299595083e-15,4.1213395351252373e-11,1.4819792573428658,2.2042287071877214e+19,0,-11768129.705640234,1.164752912820989,0.6822623733653863,1.164752912820989,3.7854115704145226,2.2042287071877214e+19,0.0,False,True,1280,2195,4.023346464197223e-09,1.8634404206756944e-08,1355,2232,4.5613745612983745e-09,1.982468405589743e-08,1107,1294,3.011999852399575e-09,4.125618762171008e-09,2.134207100132755e-30,2.5795434180358707e-34,4.724027182871601e-10,-11768129.705640234,solver_active_cfl_diagnostics: smallest_contiguous_99.9999_percent_M0_or_M3_support_plus_reachable_faces,"solver_active_cfl_diagnostics: M0_quantile_band_[1e-8,1e-6]_plus_reachable_faces",solver_active_cfl_diagnostics: quantile_tail_characteristic_reaches_Rmin,0.9999990124205863,0.9999990006102849,9.969369500024381e-07
current_implicit_policy,101,167.98158148292472,169.46313781372982,0.047073093837147174,UNBOUNDED,legacy_active_cell_cfl,0.35,2.2036005287448945e+19,4189735508256.943,1.8501731777706405e-15,4.511627149578485e-11,1.4815563308050852,2.2036005287448945e+19,0,-11768134.316020409,1.1807866387387214,0.7224857557580461,1.1807866387387214,3.860669460070976,2.2036005287448945e+19,0.0,False,True,1278,2194,4.009903100638937e-09,1.8603246228948337e-08,1347,2225,4.500715044440701e-09,1.9593807323598622e-08,1104,1293,2.9969163019243527e-09,4.1187204499731925e-09,2.3153166312380527e-30,2.7983997665058214e-34,4.724027182871601e-10,-11768134.316020409,solver_active_cfl_diagnostics: smallest_contiguous_99.9999_percent_M0_or_M3_support_plus_reachable_faces,"solver_active_cfl_diagnostics: M0_quantile_band_[1e-8,1e-6]_plus_reachable_faces",solver_active_cfl_diagnostics: quantile_tail_characteristic_reaches_Rmin,0.9999990046685201,0.9999990023489826,9.992075134660281e-07
current_implicit_policy,102,169.46313781372982,170.94427570159763,0.047484521028221566,UNBOUNDED,legacy_active_cell_cfl,0.35,2.2029790098538803e+19,4582119472643.015,2.0234486231689706e-15,4.9341574365845815e-11,1.4811378878678227,2.2029790098538803e+19,0,-11768138.880115427,1.188800063156149,0.7070684899309507,1.188800063156149,3.9635868211461744,2.2029790098538803e+19,0.0,False,True,1277,2194,4.003198272814119e-09,1.8603246228948337e-08,1350,2228,4.523367249476866e-09,1.9692423418274843e-08,1100,1292,2.976922335822475e-09,4.111833672217584e-09,2.5095249246744405e-30,3.033081151932287e-34,4.724027182871601e-10,-11768138.880115427,solver_active_cfl_diagnostics: smallest_contiguous_99.9999_percent_M0_or_M3_support_plus_reachable_faces,"solver_active_cfl_diagnostics: M0_quantile_band_[1e-8,1e-6]_plus_reachable_faces",solver_active_cfl_diagnostics: quantile_tail_characteristic_reaches_Rmin,0.9999990003675624,0.9999990059988976,1.0018521813161307e-06
current_implicit_policy,103,170.94427570159763,172.42499957994696,0.04789583321665193,UNBOUNDED,legacy_active_cell_cfl,0.35,2.2023640759790326e+19,5006550415230.377,2.2108759068825776e-15,5.391196827239333e-11,1.4807238783493128,2.2023640759790326e+19,0,-11768143.398392402,1.1804684003005719,0.7223527590868344,1.1804684003005719,4.0692177401072716,2.2023640759790326e+19,0.0,False,True,1278,2196,4.009903100638937e-09,1.8665614370058834e-08,1347,2226,4.500715044440701e-09,1.9626624360273907e-08,1097,1291,2.9620144472057396e-09,4.104958409617818e-09,2.7176097842622054e-30,3.28452699356237e-34,4.724027182871601e-10,-11768143.398392402,solver_active_cfl_diagnostics: smallest_contiguous_99.9999_percent_M0_or_M3_support_plus_reachable_faces,"solver_active_cfl_diagnostics: M0_quantile_band_[1e-8,1e-6]_plus_reachable_faces",solver_active_cfl_diagnostics: quantile_tail_characteristic_reaches_Rmin,0.999999001522444,0.9999990048094453,1.004528802816235e-06
current_implicit_policy,104,172.42499957994696,173.89388073863506,0.04830385576073196,UNBOUNDED,legacy_active_cell_cfl,0.35,2.184750561981768e+19,5461429837224.864,2.4117491371939933e-15,5.88102401227534e-11,1.4688811586881063,2.184750561981768e+19,0,-11768147.871313196,1.2122612926703134,0.7065249694284405,1.2122612926703134,4.145370119371282,2.184750561981768e+19,0.0,False,True,1273,2193,3.976490883450477e-09,1.857214034937536e-08,1349,2228,4.515803875042374e-09,1.9692423418274843e-08,1093,1290,2.942253329281734e-09,4.09809464291978e-09,2.940384533080575e-30,3.5537195943315855e-34,4.724027182871601e-10,-11768147.871313196,solver_active_cfl_diagnostics: smallest_contiguous_99.9999_percent_M0_or_M3_support_plus_reachable_faces,"solver_active_cfl_diagnostics: M0_quantile_band_[1e-8,1e-6]_plus_reachable_faces",solver_active_cfl_diagnostics: quantile_tail_characteristic_reaches_Rmin,0.9999990032563397,0.9999990000366568,1.0075737929180254e-06
current_implicit_policy,105,173.89388073863506,175.36236459300488,0.04871176794250136,UNBOUNDED,legacy_active_cell_cfl,0.35,2.1841604441448337e+19,5952333582407.101,2.628530588054883e-15,6.409643219914857e-11,1.468483854369817,2.1841604441448337e+19,0,-11768152.265144259,1.2121018298946589,0.7166458841101216,1.2121018298946589,4.255803052538883,2.1841604441448337e+19,0.0,False,True,1273,2194,3.976490883450477e-09,1.8603246228948337e-08,1347,2227,4.500715044440701e-09,1.9659496361146728e-08,1089,1289,2.9226240479130866e-09,4.091242352901547e-09,3.176732431370391e-30,3.83930904557129e-34,4.724027182871601e-10,-11768152.265144259,solver_active_cfl_diagnostics: smallest_contiguous_99.9999_percent_M0_or_M3_support_plus_reachable_faces,"solver_active_cfl_diagnostics: M0_quantile_band_[1e-8,1e-6]_plus_reachable_faces",solver_active_cfl_diagnostics: quantile_tail_characteristic_reaches_Rmin,0.9999990050451821,0.9999990048547596,1.0105541164672345e-06
current_implicit_policy,106,175.36236459300488,176.83045531154582,0.04911957091987384,UNBOUNDED,legacy_active_cell_cfl,0.35,2.1835765177833886e+19,6481685866012.035,2.8622907847993655e-15,6.979664914529411e-11,1.4680907185409289,2.1835765177833886e+19,0,-11768156.615216427,1.220314810357301,0.7268974871371443,1.220314810357301,4.369154316486099,2.1835765177833886e+19,0.0,False,True,1272,2194,3.969841923101224e-09,1.8603246228948337e-08,1345,2226,4.485676630733833e-09,1.9626624360273907e-08,1085,1288,2.9031257235504793e-09,4.084401520373341e-09,3.4292410499011425e-30,4.144421547220133e-34,4.724027182871601e-10,-11768156.615216427,solver_active_cfl_diagnostics: smallest_contiguous_99.9999_percent_M0_or_M3_support_plus_reachable_faces,"solver_active_cfl_diagnostics: M0_quantile_band_[1e-8,1e-6]_plus_reachable_faces",solver_active_cfl_diagnostics: quantile_tail_characteristic_reaches_Rmin,0.9999990003446668,0.9999990061196526,1.0137319016782313e-06
current_implicit_policy,107,176.83045531154582,178.2981570168481,0.04952726583801336,UNBOUNDED,legacy_active_cell_cfl,0.35,2.1829987147232186e+19,7052044169654.578,3.1141591027489194e-15,7.593843065543954e-11,1.4677017053022867,2.1829987147232186e+19,0,-11768160.921965757,1.2201570119868106,0.7165220561061463,1.2201570119868106,4.485503324172991,2.1829987147232186e+19,0.0,False,True,1272,2195,3.969841923101224e-09,1.8634404206756944e-08,1347,2228,4.500715044440701e-09,1.9692423418274843e-08,1081,1287,2.883757482512555e-09,4.077572126177465e-09,3.698814758111801e-30,4.470149313467878e-34,4.724027182871601e-10,-11768160.921965757,solver_active_cfl_diagnostics: smallest_contiguous_99.9999_percent_M0_or_M3_support_plus_reachable_faces,"solver_active_cfl_diagnostics: M0_quantile_band_[1e-8,1e-6]_plus_reachable_faces",solver_active_cfl_diagnostics: quantile_tail_characteristic_reaches_Rmin,0.9999990000328899,0.9999990025497882,1.0171074415898983e-06
current_implicit_policy,108,178.2981570168481,179.75416014020936,0.04993171115005816,UNBOUNDED,legacy_active_cell_cfl,0.35,2.1655995132184252e+19,7661012878420.654,3.3830776463754012e-15,8.24959800623132e-11,1.4560031233612698,2.1655995132184252e+19,0,-11768165.18582348,1.2443496458577807,0.7263331189261613,1.2443496458577807,4.569425745197565,2.1655995132184252e+19,0.0,False,True,1268,2193,3.943357071058699e-09,1.857214034937536e-08,1344,2226,4.478176277550214e-09,1.9626624360273907e-08,1077,1285,2.8645184569467193e-09,4.06394757631204e-09,3.986396517550769e-30,4.817631149120282e-34,4.724027182871601e-10,-11768165.18582348,solver_active_cfl_diagnostics: smallest_contiguous_99.9999_percent_M0_or_M3_support_plus_reachable_faces,"solver_active_cfl_diagnostics: M0_quantile_band_[1e-8,1e-6]_plus_reachable_faces",solver_active_cfl_diagnostics: quantile_tail_characteristic_reaches_Rmin,0.9999990011183268,0.9999990000417028,9.906597293645099e-07
current_implicit_policy,109,179.75416014020936,181.20978985123966,0.050336052736455465,UNBOUNDED,legacy_active_cell_cfl,0.35,2.1650448856281084e+19,8315765034832.972,3.672214007249297e-15,8.954653874147866e-11,1.455629711030305,2.1650448856281084e+19,0,-11768169.374676736,1.2441923764983764,0.7314703444591483,1.2441923764983764,4.691084619878956,2.1650448856281084e+19,0.0,False,True,1268,2194,3.943357071058699e-09,1.8603246228948337e-08,1343,2226,4.4706884654618436e-09,1.9626624360273907e-08,1073,1284,2.84540778479027e-09,4.057152382487053e-09,4.290451909443831e-30,5.185012477201395e-34,4.724027182871601e-10,-11768169.374676736,solver_active_cfl_diagnostics: smallest_contiguous_99.9999_percent_M0_or_M3_support_plus_reachable_faces,"solver_active_cfl_diagnostics: M0_quantile_band_[1e-8,1e-6]_plus_reachable_faces",solver_active_cfl_diagnostics: quantile_tail_characteristic_reaches_Rmin,0.9999990032125079,0.9999990071846454,9.942871227558073e-07
current_implicit_policy,110,181.20978985123966,182.66505002853745,0.050740291674593735,UNBOUNDED,legacy_active_cell_cfl,0.35,2.164496018901962e+19,9019219946771.84,3.982857341959886e-15,9.7121542636004e-11,1.4552601772978015,2.164496018901962e+19,0,-11768173.522137068,1.24403674068089,0.7262112097293074,1.24403674068089,4.81596882454757,2.164496018901962e+19,0.0,False,True,1268,2195,3.943357071058699e-09,1.8634404206756944e-08,1344,2227,4.478176277550214e-09,1.9659496361146728e-08,1069,1283,2.826424609731766e-09,4.050368550683413e-09,4.614198132474433e-30,5.576180002430778e-34,4.724027182871601e-10,-11768173.522137068,solver_active_cfl_diagnostics: smallest_contiguous_99.9999_percent_M0_or_M3_support_plus_reachable_faces,"solver_active_cfl_diagnostics: M0_quantile_band_[1e-8,1e-6]_plus_reachable_faces",solver_active_cfl_diagnostics: quantile_tail_characteristic_reaches_Rmin,0.999999003310799,0.9999990006071088,9.981065413390547e-07
current_implicit_policy,111,182.66505002853745,184.11994450866933,0.05114442903018593,UNBOUNDED,legacy_active_cell_cfl,0.35,2.1639528506102505e+19,9774448488309.977,4.316363738219735e-15,1.0525405979711129e-10,1.454894480131892,2.1639528506102505e+19,0,-11768177.628611872,1.2269052343559692,0.726151202886308,1.2269052343559692,4.944166600707918,2.1639528506102505e+19,0.0,False,True,1270,2198,3.9565773363409034e-09,1.8728191602904058e-08,1344,2228,4.478176277550214e-09,1.9692423418274843e-08,1065,1282,2.8075680811726594e-09,4.043596061903058e-09,4.958675417221608e-30,5.992389945015956e-34,4.724027182871601e-10,-11768177.628611872,solver_active_cfl_diagnostics: smallest_contiguous_99.9999_percent_M0_or_M3_support_plus_reachable_faces,"solver_active_cfl_diagnostics: M0_quantile_band_[1e-8,1e-6]_plus_reachable_faces",solver_active_cfl_diagnostics: quantile_tail_characteristic_reaches_Rmin,0.9999990028219599,0.9999990127167209,1.0021184331731521e-06
current_implicit_policy,112,184.11994450866933,185.56328041508453,0.051545355670856816,UNBOUNDED,legacy_active_cell_cfl,0.35,2.1467618241925984e+19,10577994572657.424,4.671206999669617e-15,1.1390687409275083e-10,1.4433359064151883,2.1467618241925984e+19,0,-11768181.694504084,1.2685060187806103,0.7153802277055925,1.2685060187806103,5.036696578888792,2.1467618241925984e+19,0.0,False,True,1264,2194,3.917048913051177e-09,1.8603246228948337e-08,1345,2229,4.485676630733833e-09,1.9725405623870206e-08,1061,1281,2.7888373541891814e-09,4.036834897179688e-09,5.324965603777691e-30,6.434948755598031e-34,4.724027182871601e-10,-11768181.694504084,solver_active_cfl_diagnostics: smallest_contiguous_99.9999_percent_M0_or_M3_support_plus_reachable_faces,"solver_active_cfl_diagnostics: M0_quantile_band_[1e-8,1e-6]_plus_reachable_faces",solver_active_cfl_diagnostics: quantile_tail_characteristic_reaches_Rmin,0.999999004619298,0.9999990006044003,1.006323289316376e-06
current_implicit_policy,113,185.56328041508453,187.00626520360947,0.05194618477878041,UNBOUNDED,legacy_active_cell_cfl,0.35,2.146240313610999e+19,11438985889632.934,5.051417883583919e-15,1.231782751001956e-10,1.4429847885249527,2.146240313610999e+19,0,-11768185.689232837,1.26835251923475,0.705180781515721,1.26835251923475,5.239612834774679,2.146240313610999e+19,0.0,False,True,1264,2195,3.917048913051177e-09,1.8634404206756944e-08,1347,2232,4.500715044440701e-09,1.982468405589743e-08,1056,1280,2.765599575858176e-09,4.030085037578718e-09,5.711012777646083e-30,6.9013718060994564e-34,4.724027182871601e-10,-11768185.689232837,solver_active_cfl_diagnostics: smallest_contiguous_99.9999_percent_M0_or_M3_support_plus_reachable_faces,"solver_active_cfl_diagnostics: M0_quantile_band_[1e-8,1e-6]_plus_reachable_faces",solver_active_cfl_diagnostics: quantile_tail_characteristic_reaches_Rmin,0.9999990050801658,0.9999990025581892,1.010601708282106e-06
current_implicit_policy,114,187.00626520360947,188.44890248586626,0.05234691735718507,UNBOUNDED,legacy_active_cell_cfl,0.35,2.1457241673220518e+19,12360898891830.684,5.458531579792849e-15,1.3310569825630595e-10,1.4426372822567726,2.1457241673220518e+19,0,-11768189.64478617,1.2682005985954643,0.7412085747155855,1.2682005985954643,5.37908210779134,2.1457241673220518e+19,0.0,False,True,1264,2196,3.917048913051177e-09,1.8665614370058834e-08,1340,2226,4.448300066247923e-09,1.9626624360273907e-08,1052,1279,2.7471488423039658e-09,4.023346464197223e-09,6.1207780277637214e-30,7.39644427801021e-34,4.724027182871601e-10,-11768189.64478617,solver_active_cfl_diagnostics: smallest_contiguous_99.9999_percent_M0_or_M3_support_plus_reachable_faces,"solver_active_cfl_diagnostics: M0_quantile_band_[1e-8,1e-6]_plus_reachable_faces",solver_active_cfl_diagnostics: quantile_tail_characteristic_reaches_Rmin,0.999999003613044,0.9999990019989524,1.0149334484560184e-06
current_implicit_policy,115,188.44890248586626,189.89119583494625,0.05274755439859618,UNBOUNDED,legacy_active_cell_cfl,0.35,2.1452133280966824e+19,13347380772951.854,5.894158676828012e-15,1.4372841758706659e-10,1.4422933490799783,2.1452133280966824e+19,0,-11768193.561544942,1.2680502400181533,0.730673247198459,1.2680502400181533,5.522266523973145,2.1452133280966824e+19,0.0,False,True,1264,2197,3.917048913051177e-09,1.869687680625781e-08,1342,2228,4.463213173499166e-09,1.9692423418274843e-08,1048,1277,2.7288212030587295e-09,4.009903100638937e-09,6.555446144749235e-30,7.921596887829817e-34,4.724027182871601e-10,-11768193.561544942,solver_active_cfl_diagnostics: smallest_contiguous_99.9999_percent_M0_or_M3_support_plus_reachable_faces,"solver_active_cfl_diagnostics: M0_quantile_band_[1e-8,1e-6]_plus_reachable_faces",solver_active_cfl_diagnostics: quantile_tail_characteristic_reaches_Rmin,0.9999990002723899,0.9999990007140731,9.910504771858875e-07
current_implicit_policy,116,189.89119583494625,191.3220667292415,0.053145018535900417,UNBOUNDED,legacy_active_cell_cfl,0.35,2.128224696301814e+19,14393594623914.902,6.356163211827708e-15,1.5499434787065545e-10,1.4308708942952615,2.128224696301814e+19,0,-11768197.43988594,1.2931128761779715,0.7147419705222404,1.2931128761779715,5.663022844580201,2.128224696301814e+19,0.0,False,True,1260,2195,3.890916270262103e-09,1.8634404206756944e-08,1344,2231,4.478176277550214e-09,1.9791535850082924e-08,1043,1276,2.7060835048109727e-09,4.003198272814119e-09,7.016246407944767e-30,8.478314055291724e-34,4.724027182871601e-10,-11768197.43988594,solver_active_cfl_diagnostics: smallest_contiguous_99.9999_percent_M0_or_M3_support_plus_reachable_faces,"solver_active_cfl_diagnostics: M0_quantile_band_[1e-8,1e-6]_plus_reachable_faces",solver_active_cfl_diagnostics: quantile_tail_characteristic_reaches_Rmin,0.9999990054227589,0.9999990101035166,9.959799893490646e-07
current_implicit_policy,117,191.3220667292415,192.7526073235904,0.05354239092321956,UNBOUNDED,legacy_active_cell_cfl,0.35,2.1277341093254164e+19,15511038107964.807,6.849622514399252e-15,1.670272992367347e-10,1.4305405943489242,2.1277341093254164e+19,0,-11768201.250677228,1.292963029559763,0.7458669605889657,1.292963029559763,5.813796809417606,2.1277341093254164e+19,0.0,False,True,1260,2196,3.890916270262103e-09,1.8665614370058834e-08,1338,2226,4.433436788740241e-09,1.9626624360273907e-08,1039,1275,2.6880298334991317e-09,3.996504655912615e-09,7.500482351329855e-30,9.063337324547054e-34,4.724027182871601e-10,-11768201.250677228,solver_active_cfl_diagnostics: smallest_contiguous_99.9999_percent_M0_or_M3_support_plus_reachable_faces,"solver_active_cfl_diagnostics: M0_quantile_band_[1e-8,1e-6]_plus_reachable_faces",solver_active_cfl_diagnostics: quantile_tail_characteristic_reaches_Rmin,0.999999004283404,0.9999990026390706,1.0007153162041003e-06
current_implicit_policy,118,192.7526073235904,194.18282098349152,0.053939672495414315,UNBOUNDED,legacy_active_cell_cfl,0.35,2.127248521047229e+19,16703808744003.086,7.376346035175523e-15,1.7987139494197672e-10,1.4302136599011224,2.127248521047229e+19,0,-11768205.024372878,1.275229599559178,0.7352825188217391,1.275229599559178,6.008204368058685,2.127248521047229e+19,0.0,False,True,1262,2199,3.903960725622545e-09,1.875955884769441e-08,1340,2228,4.448300066247923e-09,1.9692423418274843e-08,1034,1274,2.665632026282388e-09,3.989822231189009e-09,8.012986634970972e-30,9.682504521642013e-34,4.724027182871601e-10,-11768205.024372878,solver_active_cfl_diagnostics: smallest_contiguous_99.9999_percent_M0_or_M3_support_plus_reachable_faces,"solver_active_cfl_diagnostics: M0_quantile_band_[1e-8,1e-6]_plus_reachable_faces",solver_active_cfl_diagnostics: quantile_tail_characteristic_reaches_Rmin,0.9999990018329465,0.9999990024342302,1.005764894987567e-06
current_implicit_policy,119,194.18282098349152,195.61271103908223,0.05433686417752284,UNBOUNDED,legacy_active_cell_cfl,0.35,2.1267678789461303e+19,17976194711563.086,7.938227419886285e-15,1.9357281133132446e-10,1.4298900555906977,2.1267678789461303e+19,0,-11768208.761329245,1.319472097082337,0.7457524266796234,1.319472097082337,6.209139571904246,2.1267678789461303e+19,0.0,False,True,1257,2196,3.871431265337349e-09,1.8665614370058834e-08,1338,2227,4.433436788740241e-09,1.9659496361146728e-08,1030,1273,2.6478482275358743e-09,3.983150979929224e-09,8.555096552937981e-30,1.033743043722662e-33,4.724027182871601e-10,-11768208.761329245,solver_active_cfl_diagnostics: smallest_contiguous_99.9999_percent_M0_or_M3_support_plus_reachable_faces,"solver_active_cfl_diagnostics: M0_quantile_band_[1e-8,1e-6]_plus_reachable_faces",solver_active_cfl_diagnostics: quantile_tail_characteristic_reaches_Rmin,0.999999009640442,0.99999900441823,1.010877033912332e-06
current_implicit_policy,120,195.61271103908223,197.04228078556838,0.05473396688488011,UNBOUNDED,legacy_active_cell_cfl,0.35,2.126292131139147e+19,19332681469468.29,8.537247432135551e-15,2.0817984910959914e-10,1.4295697464861417,2.126292131139147e+19,0,-11768212.46189892,1.3283718709216576,0.7563577110216323,1.3283718709216576,6.416829724804346,2.126292131139147e+19,0.0,False,True,1256,2196,3.864957971739414e-09,1.8665614370058834e-08,1336,2226,4.418623174478063e-09,1.9626624360273907e-08,1025,1272,2.6257852305406576e-09,3.976490883450477e-09,9.128196601355487e-30,1.10297868376085e-33,4.724027182871601e-10,-11768212.46189892,solver_active_cfl_diagnostics: smallest_contiguous_99.9999_percent_M0_or_M3_support_plus_reachable_faces,"solver_active_cfl_diagnostics: M0_quantile_band_[1e-8,1e-6]_plus_reachable_faces",solver_active_cfl_diagnostics: quantile_tail_characteristic_reaches_Rmin,0.999999003557454,0.9999990030678799,1.016301066715965e-06
current_implicit_policy,121,197.04228078556838,198.46056758695937,0.05512793544082205,UNBOUNDED,legacy_active_cell_cfl,0.35,2.1095109294053224e+19,20766154038597.055,9.170264120956417e-15,2.236158921445638e-10,1.4182868013909775,2.1095109294053224e+19,0,-11768216.126430748,1.3090525851839527,0.7399193122104702,1.3090525851839527,6.5806304367484145,2.1095109294053224e+19,0.0,False,True,1257,2198,3.871431265337349e-09,1.8728191602904058e-08,1338,2228,4.433436788740241e-09,1.9692423418274843e-08,1020,1270,2.6039060718150775e-09,3.9632040802611075e-09,9.733719647741886e-30,1.1761303875701087e-33,4.724027182871601e-10,-11768216.126430748,solver_active_cfl_diagnostics: smallest_contiguous_99.9999_percent_M0_or_M3_support_plus_reachable_faces,"solver_active_cfl_diagnostics: M0_quantile_band_[1e-8,1e-6]_plus_reachable_faces",solver_active_cfl_diagnostics: quantile_tail_characteristic_reaches_Rmin,0.9999990023185416,0.9999990038015926,9.947576929519338e-07
current_implicit_policy,122,198.46056758695937,199.8785467030336,0.05552181852862045,UNBOUNDED,legacy_active_cell_cfl,0.35,2.1090539342229856e+19,22291809031930.83,9.84398825977976e-15,2.400445819156712e-10,1.4179791160742232,2.1090539342229856e+19,0,-11768219.727437668,1.3543827471070726,0.7504422910013205,1.3543827471070726,6.800858929411258,2.1090539342229856e+19,0.0,False,True,1252,2195,3.83917285434307e-09,1.8634404206756944e-08,1336,2227,4.418623174478063e-09,1.9659496361146728e-08,1015,1269,2.5822092195405245e-09,3.9565773363409034e-09,1.0367971958772113e-29,1.2527518425830492e-33,4.724027182871601e-10,-11768219.727437668,solver_active_cfl_diagnostics: smallest_contiguous_99.9999_percent_M0_or_M3_support_plus_reachable_faces,"solver_active_cfl_diagnostics: M0_quantile_band_[1e-8,1e-6]_plus_reachable_faces",solver_active_cfl_diagnostics: quantile_tail_characteristic_reaches_Rmin,0.9999990022781884,0.9999990051937305,1.0003621919550512e-06
current_implicit_policy,123,199.8785467030336,201.29622123942752,0.05591561701095209,UNBOUNDED,legacy_active_cell_cfl,0.35,2.1086015517433483e+19,23914643134631.45,1.0560626368049586e-14,2.575197241593208e-10,1.4176745363939092,2.1086015517433483e+19,0,-11768223.293637156,1.3087673480724258,0.7345763279896407,1.3087673480724258,6.982145930880387,2.1086015517433483e+19,0.0,False,True,1257,2201,3.871431265337349e-09,1.8822451033229373e-08,1339,2230,4.440862209195327e-09,1.97584430702992e-08,1011,1268,2.564981977134623e-09,3.949961672782471e-09,1.1037096912344008e-29,1.3335851267405987e-33,4.724027182871601e-10,-11768223.293637156,solver_active_cfl_diagnostics: smallest_contiguous_99.9999_percent_M0_or_M3_support_plus_reachable_faces,"solver_active_cfl_diagnostics: M0_quantile_band_[1e-8,1e-6]_plus_reachable_faces",solver_active_cfl_diagnostics: quantile_tail_characteristic_reaches_Rmin,0.9999990044833212,0.9999990021668503,1.0060357092464345e-06
current_implicit_policy,124,201.29622123942752,202.7135942696852,0.05630933174157922,UNBOUNDED,legacy_active_cell_cfl,0.35,2.1081537343006355e+19,25639871183918.96,1.1322481300428665e-14,2.760974737357328e-10,1.4173730302576641,2.1081537343006355e+19,0,-11768226.825359328,1.3448756861484514,0.7503333925384953,1.3448756861484514,7.263872044954979,2.1081537343006355e+19,0.0,False,True,1253,2198,3.84560296127854e-09,1.8728191602904058e-08,1336,2228,4.418623174478063e-09,1.9692423418274843e-08,1006,1267,2.5436094569630375e-09,3.943357071058699e-09,1.1742641737557157e-29,1.4188170575375801e-33,4.724027182871601e-10,-11768226.825359328,solver_active_cfl_diagnostics: smallest_contiguous_99.9999_percent_M0_or_M3_support_plus_reachable_faces,"solver_active_cfl_diagnostics: M0_quantile_band_[1e-8,1e-6]_plus_reachable_faces",solver_active_cfl_diagnostics: quantile_tail_characteristic_reaches_Rmin,0.9999990010276922,0.9999990050392416,1.0120107661309025e-06
current_implicit_policy,125,202.7135942696852,204.11981294476982,0.05669994804021384,UNBOUNDED,legacy_active_cell_cfl,0.35,2.091563737215067e+19,27458024869658.83,1.2125371882851186e-14,2.956758731705525e-10,1.4062186750846286,2.091563737215067e+19,0,-11768230.322930872,1.3713388738817556,0.728846484990819,1.3713388738817556,7.449677082132122,2.091563737215067e+19,0.0,False,True,1249,2196,3.819946971086318e-09,1.8665614370058834e-08,1339,2232,4.440862209195327e-09,1.982468405589743e-08,1001,1265,2.5224150217146828e-09,3.930180979161539e-09,1.2486204389823742e-29,1.5086405750766471e-33,4.724027182871601e-10,-11768230.322930872,solver_active_cfl_diagnostics: smallest_contiguous_99.9999_percent_M0_or_M3_support_plus_reachable_faces,"solver_active_cfl_diagnostics: M0_quantile_band_[1e-8,1e-6]_plus_reachable_faces",solver_active_cfl_diagnostics: quantile_tail_characteristic_reaches_Rmin,0.9999990047157125,0.9999990157040972,9.91986405765078e-07
current_implicit_policy,126,204.11981294476982,205.52574193310983,0.05709048387030829,UNBOUNDED,legacy_active_cell_cfl,0.35,2.0911334773808345e+19,29387864755756.83,1.2977582717547985e-14,3.164569415871635e-10,1.4059289883399955,2.0911334773808345e+19,0,-11768233.760150112,1.3711931036087275,0.728797088122419,1.3711931036087275,7.6993261771801,2.0911334773808345e+19,0.0,False,True,1249,2197,3.819946971086318e-09,1.869687680625781e-08,1339,2232,4.440862209195327e-09,1.982468405589743e-08,996,1264,2.5013971875102763e-09,3.923609452088614e-09,1.326311986514561e-29,1.6024920492847954e-33,4.724027182871601e-10,-11768233.760150112,solver_active_cfl_diagnostics: smallest_contiguous_99.9999_percent_M0_or_M3_support_plus_reachable_faces,"solver_active_cfl_diagnostics: M0_quantile_band_[1e-8,1e-6]_plus_reachable_faces",solver_active_cfl_diagnostics: quantile_tail_characteristic_reaches_Rmin,0.999999002446887,0.9999990009309466,9.981261394965954e-07
current_implicit_policy,127,205.52574193310983,206.93138413295094,0.057480940036930814,UNBOUNDED,legacy_active_cell_cfl,0.35,2.0907075221920846e+19,31435162815341.805,1.3881662688534475e-14,3.385028332447628e-10,1.4056421998411135,2.0907075221920846e+19,0,-11768237.164376358,1.4089157459515624,0.7550549746605378,1.4089157459515624,7.957445516283202,2.0907075221920846e+19,0.0,False,True,1245,2195,3.794462145166479e-09,1.8634404206756944e-08,1334,2228,4.403859057519662e-09,1.9692423418274843e-08,991,1263,2.480554482834849e-09,3.917048913051177e-09,1.4080748159323e-29,1.701260482234277e-33,4.724027182871601e-10,-11768237.164376358,solver_active_cfl_diagnostics: smallest_contiguous_99.9999_percent_M0_or_M3_support_plus_reachable_faces,"solver_active_cfl_diagnostics: M0_quantile_band_[1e-8,1e-6]_plus_reachable_faces",solver_active_cfl_diagnostics: quantile_tail_characteristic_reaches_Rmin,0.9999990009712416,0.9999990060518614,1.00444819285429e-06
current_implicit_policy,128,206.93138413295094,208.33674241302433,0.0578713173369512,UNBOUNDED,legacy_active_cell_cfl,0.35,2.0902858278120165e+19,33605930481886.906,1.4840266424712657e-14,3.6187828098009367e-10,1.4053582800733992,2.0902858278120165e+19,0,-11768240.535918904,1.4087670414677878,0.7657663453337765,1.4087670414677878,8.27905859087079,2.0902858278120165e+19,0.0,False,True,1245,2196,3.794462145166479e-09,1.8665614370058834e-08,1332,2227,4.389144272477778e-09,1.9659496361146728e-08,986,1262,2.4598854484347212e-09,3.9104993436764915e-09,1.4940805108545646e-29,1.80515304023542e-33,4.724027182871601e-10,-11768240.535918904,solver_active_cfl_diagnostics: smallest_contiguous_99.9999_percent_M0_or_M3_support_plus_reachable_faces,"solver_active_cfl_diagnostics: M0_quantile_band_[1e-8,1e-6]_plus_reachable_faces",solver_active_cfl_diagnostics: quantile_tail_characteristic_reaches_Rmin,0.9999990005668214,0.9999990062180122,1.0109537952083188e-06
current_implicit_policy,129,208.33674241302433,209.7310716778929,0.05825863102163692,UNBOUNDED,legacy_active_cell_cfl,0.35,2.0738822049638543e+19,35887791150392.35,1.584792845873804e-14,3.864500099670327e-10,1.3943292648685806,2.0738822049638543e+19,0,-11768243.875083925,1.3789402191017386,0.7386350469424379,1.3789402191017386,8.491435812575409,2.0738822049638543e+19,0.0,False,True,1247,2199,3.807183234141796e-09,1.875955884769441e-08,1336,2231,4.418623174478063e-09,1.9791535850082924e-08,981,1260,2.4393886372153336e-09,3.897433040577991e-09,1.5845059559963777e-29,1.914383287687925e-33,4.724027182871601e-10,-11768243.875083925,solver_active_cfl_diagnostics: smallest_contiguous_99.9999_percent_M0_or_M3_support_plus_reachable_faces,"solver_active_cfl_diagnostics: M0_quantile_band_[1e-8,1e-6]_plus_reachable_faces",solver_active_cfl_diagnostics: quantile_tail_characteristic_reaches_Rmin,0.9999990028658159,0.9999990059145173,9.923213500258268e-07
current_implicit_policy,130,209.7310716778929,211.12512809547854,0.05864586891541071,UNBOUNDED,legacy_active_cell_cfl,0.35,2.073476958586862e+19,38303715326967.06,1.691479248922806e-14,4.12465373191935e-10,1.3940564175856298,2.073476958586862e+19,0,-11768247.156887386,1.3977024515041891,0.7651965247227436,1.3977024515041891,8.776557855934707,2.073476958586862e+19,0.0,False,True,1245,2199,3.794462145166479e-09,1.875955884769441e-08,1331,2227,4.381805327893167e-09,1.9659496361146728e-08,976,1259,2.4190626141399347e-09,3.890916270262103e-09,1.678770177374843e-29,2.0282493329800566e-33,4.724027182871601e-10,-11768247.156887386,solver_active_cfl_diagnostics: smallest_contiguous_99.9999_percent_M0_or_M3_support_plus_reachable_faces,"solver_active_cfl_diagnostics: M0_quantile_band_[1e-8,1e-6]_plus_reachable_faces",solver_active_cfl_diagnostics: quantile_tail_characteristic_reaches_Rmin,0.9999990127782382,0.9999990000381919,9.989778714187385e-07
current_implicit_policy,131,211.12512809547854,212.51891437226314,0.059033031770073095,UNBOUNDED,legacy_active_cell_cfl,0.35,2.0730757320116388e+19,40860317091360.125,1.804377927166317e-14,4.399955929591839e-10,1.3937862767845943,2.0730757320116388e+19,0,-11768250.407403154,1.4263730741443996,0.7705712046546708,1.4263730741443996,9.131867272426328,2.0730757320116388e+19,0.0,False,True,1242,2197,3.7754601650543804e-09,1.869687680625781e-08,1330,2227,4.374478654517765e-09,1.9659496361146728e-08,970,1258,2.3948948239396025e-09,3.884410396424719e-09,1.7777483917665275e-29,2.1478082966297334e-33,4.724027182871601e-10,-11768250.407403154,solver_active_cfl_diagnostics: smallest_contiguous_99.9999_percent_M0_or_M3_support_plus_reachable_faces,"solver_active_cfl_diagnostics: M0_quantile_band_[1e-8,1e-6]_plus_reachable_faces",solver_active_cfl_diagnostics: quantile_tail_characteristic_reaches_Rmin,0.9999990003313038,0.9999990064840967,1.0059177026195623e-06
current_implicit_policy,132,212.51891437226314,213.9124331875593,0.059420120329877577,UNBOUNDED,legacy_active_cell_cfl,0.35,2.0726784848849514e+19,43564471586767.85,1.9237924846268364e-14,4.691147027791062e-10,1.3935188152961508,2.0726784848849514e+19,0,-11768253.626921203,1.4556019744554323,0.7650945179857668,1.4556019744554323,9.50181479025222,2.0726784848849514e+19,0.0,False,True,1239,2196,3.756553343421763e-09,1.8665614370058834e-08,1331,2228,4.381805327893167e-09,1.9692423418274843e-08,965,1257,2.374939542230117e-09,3.8779154008461946e-09,1.881629550640161e-29,2.2732883048682266e-33,4.724027182871601e-10,-11768253.626921203,solver_active_cfl_diagnostics: smallest_contiguous_99.9999_percent_M0_or_M3_support_plus_reachable_faces,"solver_active_cfl_diagnostics: M0_quantile_band_[1e-8,1e-6]_plus_reachable_faces",solver_active_cfl_diagnostics: quantile_tail_characteristic_reaches_Rmin,0.9999990032912935,0.999999000684146,1.012937133083577e-06
current_implicit_policy,133,213.9124331875593,215.2950452499056,0.05980417923608489,UNBOUNDED,legacy_active_cell_cfl,0.35,2.056456661814981e+19,46400253356671.01,2.049019658474585e-14,4.996512127763626e-10,1.3826120623463156,2.056456661814981e+19,0,-11768256.815728575,1.4056047612216305,0.7645837903149197,1.4056047612216305,9.746469155312893,2.056456661814981e+19,0.0,False,True,1243,2201,3.7817835616590545e-09,1.8822451033229373e-08,1330,2228,4.374478654517765e-09,1.9692423418274843e-08,960,1255,2.3551505364105478e-09,3.864957971739414e-09,1.9906081121967985e-29,2.404924129945795e-33,4.724027182871601e-10,-11768256.815728575,solver_active_cfl_diagnostics: smallest_contiguous_99.9999_percent_M0_or_M3_support_plus_reachable_faces,"solver_active_cfl_diagnostics: M0_quantile_band_[1e-8,1e-6]_plus_reachable_faces",solver_active_cfl_diagnostics: quantile_tail_characteristic_reaches_Rmin,0.9999990078462323,0.9999990074458086,9.955846546731657e-07
current_implicit_policy,134,215.2950452499056,216.67740022918377,0.060188166730328826,UNBOUNDED,legacy_active_cell_cfl,0.35,2.0560748315926122e+19,49395570557667.305,2.1812918635643035e-14,5.319056459714462e-10,1.3823549792781689,2.0560748315926122e+19,0,-11768259.949995238,1.4344202376877022,0.7484920907455205,1.4344202376877022,10.074605819980622,2.0560748315926122e+19,0.0,False,True,1240,2199,3.762845073599964e-09,1.875955884769441e-08,1333,2231,4.396495508824251e-09,1.9791535850082924e-08,955,1254,2.335526420999497e-09,3.858495501923986e-09,2.103969566145289e-29,2.5418526037822885e-33,4.724027182871601e-10,-11768259.949995238,solver_active_cfl_diagnostics: smallest_contiguous_99.9999_percent_M0_or_M3_support_plus_reachable_faces,"solver_active_cfl_diagnostics: M0_quantile_band_[1e-8,1e-6]_plus_reachable_faces",solver_active_cfl_diagnostics: quantile_tail_characteristic_reaches_Rmin,0.999999000371799,0.9999990019595418,1.0027428789702477e-06
current_implicit_policy,135,216.67740022918377,218.05950065441343,0.06057208351511484,UNBOUNDED,legacy_active_cell_cfl,0.35,2.0556967575729795e+19,52557945676360.85,2.3209412903867193e-14,5.659590066538369e-10,1.382100425229642,2.0556967575729795e+19,0,-11768263.054577837,1.4737636879212535,0.7484455347118262,1.4737636879212535,10.483608457538727,2.0556967575729795e+19,0.0,False,True,1236,2197,3.737741203732187e-09,1.869687680625781e-08,1333,2232,4.396495508824251e-09,1.982468405589743e-08,950,1253,2.3160658220599897e-09,3.852043837792972e-09,2.2227474081262113e-29,2.6853219772640252e-33,4.724027182871601e-10,-11768263.054577837,solver_active_cfl_diagnostics: smallest_contiguous_99.9999_percent_M0_or_M3_support_plus_reachable_faces,"solver_active_cfl_diagnostics: M0_quantile_band_[1e-8,1e-6]_plus_reachable_faces",solver_active_cfl_diagnostics: quantile_tail_characteristic_reaches_Rmin,0.9999990021530906,0.999999008623013,1.0100818420829972e-06
current_implicit_policy,136,218.05950065441343,219.44134902958098,0.06095593028599471,UNBOUNDED,legacy_active_cell_cfl,0.35,2.0553224025757925e+19,55895184018773.8,2.4683126186434032e-14,6.018953445934803e-10,1.38184837516756,2.0553224025757925e+19,0,-11768266.129748391,1.4439171287679098,0.7807927889522218,1.4439171287679098,10.90957917438535,2.0553224025757925e+19,0.0,False,True,1239,2201,3.756553343421763e-09,1.8822451033229373e-08,1327,2227,4.352572056635419e-09,1.9659496361146728e-08,944,1251,2.2929270274911753e-09,3.83917285434307e-09,2.3471483653545407e-29,2.835581827897934e-33,4.724027182871601e-10,-11768266.129748391,solver_active_cfl_diagnostics: smallest_contiguous_99.9999_percent_M0_or_M3_support_plus_reachable_faces,"solver_active_cfl_diagnostics: M0_quantile_band_[1e-8,1e-6]_plus_reachable_faces",solver_active_cfl_diagnostics: quantile_tail_characteristic_reaches_Rmin,0.9999990024756921,0.999999000369778,9.938216093414695e-07
current_implicit_policy,137,219.44134902958098,220.82294783392274,0.0613397077316452,UNBOUNDED,legacy_active_cell_cfl,0.35,2.054951729841127e+19,59415381396088.42,2.6237633566465684e-14,6.398018378030599e-10,1.3815988043417753,2.054951729841127e+19,0,-11768269.17577622,1.4936013464274707,0.7590100306802313,1.4936013464274707,11.277768237547264,2.054951729841127e+19,0.0,False,True,1234,2198,3.725252144105903e-09,1.8728191602904058e-08,1331,2231,4.381805327893167e-09,1.9791535850082924e-08,939,1250,2.2738213848067787e-09,3.8327534989791e-09,2.4773848535169735e-29,2.9928885983017934e-33,4.724027182871601e-10,-11768269.17577622,solver_active_cfl_diagnostics: smallest_contiguous_99.9999_percent_M0_or_M3_support_plus_reachable_faces,"solver_active_cfl_diagnostics: M0_quantile_band_[1e-8,1e-6]_plus_reachable_faces",solver_active_cfl_diagnostics: quantile_tail_characteristic_reaches_Rmin,0.9999990065875529,0.9999990037775623,1.0015278846667136e-06
current_implicit_policy,138,220.82294783392274,222.1937646218225,0.06172049017272847,UNBOUNDED,legacy_active_cell_cfl,0.35,2.0389153804642083e+19,63097106908058.3,2.786347123014066e-14,6.794477122129449e-10,1.3708167878997815,2.0389153804642083e+19,0,-11768272.192927958,1.4820683282965081,0.7531752786185878,1.4820683282965081,11.647270422903206,2.0389153804642083e+19,0.0,False,True,1234,2199,3.725252144105903e-09,1.875955884769441e-08,1331,2232,4.381805327893167e-09,1.982468405589743e-08,934,1249,2.254874938458789e-09,3.82634487720928e-09,2.613675095684508e-29,3.157505739696012e-33,4.724027182871601e-10,-11768272.192927958,solver_active_cfl_diagnostics: smallest_contiguous_99.9999_percent_M0_or_M3_support_plus_reachable_faces,"solver_active_cfl_diagnostics: M0_quantile_band_[1e-8,1e-6]_plus_reachable_faces",solver_active_cfl_diagnostics: quantile_tail_characteristic_reaches_Rmin,0.9999990018296805,0.9999990106033056,1.0094159225814159e-06
current_implicit_policy,139,222.1937646218225,223.56434147542413,0.06210120596539559,UNBOUNDED,legacy_active_cell_cfl,0.35,2.0385590224977625e+19,66975713268812.08,2.957625081769575e-14,7.21213655970537e-10,1.3705768536016243,2.0385590224977625e+19,0,-11768275.158685718,1.4619661822097056,0.7856858423040204,1.4619661822097056,12.121811168144164,2.0385590224977625e+19,0.0,False,True,1236,2203,3.737741203732187e-09,1.8885554067379355e-08,1325,2227,4.3380286388383984e-09,1.9659496361146728e-08,928,1247,2.2323474750842894e-09,3.813559762692931e-09,2.755106648393673e-29,3.3283310462752445e-33,4.724027182871601e-10,-11768275.158685718,solver_active_cfl_diagnostics: smallest_contiguous_99.9999_percent_M0_or_M3_support_plus_reachable_faces,"solver_active_cfl_diagnostics: M0_quantile_band_[1e-8,1e-6]_plus_reachable_faces",solver_active_cfl_diagnostics: quantile_tail_characteristic_reaches_Rmin,0.9999990089643032,0.9999990002226461,9.940762489733098e-07
current_implicit_policy,140,223.56434147542413,224.93468073611135,0.06248185576003093,UNBOUNDED,legacy_active_cell_cfl,0.35,2.0382061420281123e+19,71060003596247.78,3.137985975653146e-14,7.651944635697398e-10,1.37033926068722,2.0382061420281123e+19,0,-11768278.096525721,1.4817927665030288,0.7584235468273033,1.4817927665030288,12.616193445218132,2.0382061420281123e+19,0.0,False,True,1234,2202,3.725252144105903e-09,1.8853976150103026e-08,1330,2232,4.374478654517765e-09,1.982468405589743e-08,923,1246,2.2137466069820796e-09,3.807183234141796e-09,2.9029437812356185e-29,3.506891430681903e-33,4.724027182871601e-10,-11768278.096525721,solver_active_cfl_diagnostics: smallest_contiguous_99.9999_percent_M0_or_M3_support_plus_reachable_faces,"solver_active_cfl_diagnostics: M0_quantile_band_[1e-8,1e-6]_plus_reachable_faces",solver_active_cfl_diagnostics: quantile_tail_characteristic_reaches_Rmin,0.999999003182266,0.9999990045232902,1.0020822193413186e-06
current_implicit_policy,141,224.93468073611135,226.30478472244144,0.06286244020067817,UNBOUNDED,legacy_active_cell_cfl,0.35,2.0378567051526738e+19,75359093498225.44,3.327832346856965e-14,8.11488294485836e-10,1.370103986330104,2.0378567051526738e+19,0,-11768281.006700777,1.543107264829342,0.7855898470780488,1.543107264829342,13.043651774890366,2.0378567051526738e+19,0.0,False,True,1228,2198,3.688034789029669e-09,1.8728191602904058e-08,1325,2228,4.3380286388383984e-09,1.9692423418274843e-08,918,1245,2.195300729219867e-09,3.800817367575497e-09,3.057417240885e-29,3.69346545584482e-33,4.724027182871601e-10,-11768281.006700777,solver_active_cfl_diagnostics: smallest_contiguous_99.9999_percent_M0_or_M3_support_plus_reachable_faces,"solver_active_cfl_diagnostics: M0_quantile_band_[1e-8,1e-6]_plus_reachable_faces",solver_active_cfl_diagnostics: quantile_tail_characteristic_reaches_Rmin,0.999999005158075,0.9999990019244228,1.0102683677221413e-06
current_implicit_policy,142,226.30478472244144,227.66422297347896,0.06324006193707749,UNBOUNDED,legacy_active_cell_cfl,0.35,2.02199326575309e+19,79846195929619.72,3.525981288433685e-14,8.598066981476468e-10,1.3594382510375107,2.02199326575309e+19,0,-11768283.889461212,1.4903015028897069,0.7850662130844007,1.4903015028897069,13.563923874005138,2.02199326575309e+19,0.0,False,True,1232,2203,3.71280481465885e-09,1.8885554067379355e-08,1324,2228,4.330775163032984e-09,1.9692423418274843e-08,912,1243,2.173368445557468e-09,3.788117549116994e-09,3.2187637013901413e-29,3.8883388378288565e-33,4.724027182871601e-10,-11768283.889461212,solver_active_cfl_diagnostics: smallest_contiguous_99.9999_percent_M0_or_M3_support_plus_reachable_faces,"solver_active_cfl_diagnostics: M0_quantile_band_[1e-8,1e-6]_plus_reachable_faces",solver_active_cfl_diagnostics: quantile_tail_characteristic_reaches_Rmin,0.9999990013904653,0.9999990082036263,9.960252071305845e-07
current_implicit_policy,143,227.66422297347896,229.0234349922251,0.06361762083117364,UNBOUNDED,legacy_active_cell_cfl,0.35,2.0216572605230236e+19,84563599262747.89,3.73430024075129e-14,9.106050478556634e-10,1.3592120187461456,2.0216572605230236e+19,0,-11768286.723317366,1.5519302946420646,0.7686099887943402,1.5519302946420646,14.024564353594425,2.0216572605230236e+19,0.0,False,True,1226,2199,3.675711815374348e-09,1.875955884769441e-08,1327,2231,4.352572056635419e-09,1.9791535850082924e-08,907,1242,2.1552590158004396e-09,3.7817835616590545e-09,3.38588723275538e-29,4.09018779262581e-33,4.724027182871601e-10,-11768286.723317366,solver_active_cfl_diagnostics: smallest_contiguous_99.9999_percent_M0_or_M3_support_plus_reachable_faces,"solver_active_cfl_diagnostics: M0_quantile_band_[1e-8,1e-6]_plus_reachable_faces",solver_active_cfl_diagnostics: quantile_tail_characteristic_reaches_Rmin,0.9999990075605097,0.9999990067376149,1.0043233123876348e-06
current_implicit_policy,144,229.0234349922251,230.38242296932597,0.06399511749147943,UNBOUNDED,legacy_active_cell_cfl,0.35,2.021324508889242e+19,89521168350353.9,3.9532248324052747e-14,9.63989571168591e-10,1.358987977100868,2.021324508889242e+19,0,-11768289.530662658,1.5517910992520387,0.790515160013882,1.5517910992520387,14.697497088341835,2.021324508889242e+19,0.0,False,True,1226,2200,3.675711815374348e-09,1.879097862847257e-08,1323,2228,4.323533815527228e-09,1.9692423418274843e-08,901,1240,2.1337267712786257e-09,3.769147341594353e-09,3.560259803365093e-29,4.300790021502796e-33,4.724027182871601e-10,-11768289.530662658,solver_active_cfl_diagnostics: smallest_contiguous_99.9999_percent_M0_or_M3_support_plus_reachable_faces,"solver_active_cfl_diagnostics: M0_quantile_band_[1e-8,1e-6]_plus_reachable_faces",solver_active_cfl_diagnostics: quantile_tail_characteristic_reaches_Rmin,0.9999990018884952,0.9999990020108023,9.907231870289057e-07
current_implicit_policy,145,230.38242296932597,231.7411890743576,0.0643725525206549,UNBOUNDED,legacy_active_cell_cfl,0.35,2.020994979558063e+19,94729102362513.45,4.1832054553326085e-14,1.0200700956698795e-09,1.358766105031645,2.020994979558063e+19,0,-11768292.311734537,1.5941706775328832,0.7739558896748867,1.5941706775328832,15.197859355302578,2.020994979558063e+19,0.0,False,True,1222,2198,3.651189256172519e-09,1.8728191602904058e-08,1326,2231,4.345294263256769e-09,1.9791535850082924e-08,896,1239,2.1159476528028118e-09,3.762845073599964e-09,3.742130639185019e-29,4.520446385813416e-33,4.724027182871601e-10,-11768292.311734537,solver_active_cfl_diagnostics: smallest_contiguous_99.9999_percent_M0_or_M3_support_plus_reachable_faces,"solver_active_cfl_diagnostics: M0_quantile_band_[1e-8,1e-6]_plus_reachable_faces",solver_active_cfl_diagnostics: quantile_tail_characteristic_reaches_Rmin,0.99999900142984,0.9999990005547363,9.993600504856762e-07
current_implicit_policy,146,231.7411890743576,233.0894031102652,0.06474705641951811,UNBOUNDED,legacy_active_cell_cfl,0.35,2.005300563302919e+19,100154292155522.6,4.422780020828665e-14,1.0784900926208066e-09,1.3482140359076138,2.005300563302919e+19,0,-11768295.06676816,1.5397167686830602,0.7734527960659241,1.5397167686830602,15.596288568964177,2.005300563302919e+19,0.0,False,True,1226,2203,3.675711815374348e-09,1.8885554067379355e-08,1325,2231,4.3380286388383984e-09,1.9791535850082924e-08,891,1238,2.098316677499794e-09,3.756553343421763e-09,3.9317550209540444e-29,4.749465053576172e-33,4.724027182871601e-10,-11768295.06676816,solver_active_cfl_diagnostics: smallest_contiguous_99.9999_percent_M0_or_M3_support_plus_reachable_faces,"solver_active_cfl_diagnostics: M0_quantile_band_[1e-8,1e-6]_plus_reachable_faces",solver_active_cfl_diagnostics: quantile_tail_characteristic_reaches_Rmin,0.9999990004138147,0.9999990079024942,1.00817585466018e-06
current_implicit_policy,147,233.0894031102652,234.4374037624985,0.06512150104513847,UNBOUNDED,legacy_active_cell_cfl,0.35,2.004983643096006e+19,105846996736340.0,4.674167949819492e-14,1.1397907653977157e-09,1.3480006522332868,2.004983643096006e+19,0,-11768297.775249736,1.6032735379751522,0.7734101585578292,1.6032735379751522,16.347403267805923,2.004983643096006e+19,0.0,False,True,1220,2199,3.638989395924931e-09,1.875955884769441e-08,1325,2232,4.3380286388383984e-09,1.982468405589743e-08,885,1236,2.0773533188255487e-09,3.744001426063636e-09,4.1278287587908373e-29,4.9862707575161056e-33,4.724027182871601e-10,-11768297.775249736,solver_active_cfl_diagnostics: smallest_contiguous_99.9999_percent_M0_or_M3_support_plus_reachable_faces,"solver_active_cfl_diagnostics: M0_quantile_band_[1e-8,1e-6]_plus_reachable_faces",solver_active_cfl_diagnostics: quantile_tail_characteristic_reaches_Rmin,0.9999990032918463,0.9999990155085233,9.953336683119304e-07
current_implicit_policy,148,234.4374037624985,235.78519308185196,0.0654958869671811,UNBOUNDED,legacy_active_cell_cfl,0.35,2.0046697687557464e+19,111818204436983.88,4.937854483369315e-14,1.2040904395057952e-09,1.3477893193534625,2.0046697687557464e+19,0,-11768300.45854585,1.6359158694737974,0.7733679308316325,1.6359158694737974,17.020612599435335,2.0046697687557464e+19,0.0,False,True,1217,2198,3.6207659952204107e-09,1.8728191602904058e-08,1325,2232,4.3380286388383984e-09,1.982468405589743e-08,880,1235,2.060043927919143e-09,3.737741203732187e-09,4.332055637122112e-29,5.232921099493026e-33,4.724027182871601e-10,-11768300.45854585,solver_active_cfl_diagnostics: smallest_contiguous_99.9999_percent_M0_or_M3_support_plus_reachable_faces,"solver_active_cfl_diagnostics: M0_quantile_band_[1e-8,1e-6]_plus_reachable_faces",solver_active_cfl_diagnostics: quantile_tail_characteristic_reaches_Rmin,0.9999990041240472,0.9999990017759657,1.0042472562706636e-06
current_implicit_policy,149,235.78519308185196,237.13277309965562,0.06587021474990434,UNBOUNDED,legacy_active_cell_cfl,0.35,2.0043589113732542e+19,118079259456691.19,5.214340577519635e-14,1.2715112725303314e-09,1.3475800178036692,2.0043589113732542e+19,0,-11768303.116879655,1.6029977448486494,0.7953811905071332,1.6029977448486494,17.6031136994696,2.0043589113732542e+19,0.0,False,True,1220,2202,3.638989395924931e-09,1.8853976150103026e-08,1321,2229,4.3090874243312676e-09,1.9725405623870206e-08,875,1233,2.0428787662157504e-09,3.725252144105903e-09,4.544703447765046e-29,5.4897393429991096e-33,4.724027182871601e-10,-11768303.116879655,solver_active_cfl_diagnostics: smallest_contiguous_99.9999_percent_M0_or_M3_support_plus_reachable_faces,"solver_active_cfl_diagnostics: M0_quantile_band_[1e-8,1e-6]_plus_reachable_faces",solver_active_cfl_diagnostics: quantile_tail_characteristic_reaches_Rmin,0.9999990064424468,0.9999990021948832,9.921146291663143e-07
current_implicit_policy,150,237.13277309965562,238.48014582798405,0.0662444849522178,UNBOUNDED,legacy_active_cell_cfl,0.35,2.0040510423500247e+19,124641869975755.94,5.5041432615936106e-14,1.3421793415088423e-09,1.3473727283284158,2.0040510423500247e+19,0,-11768305.750472177,1.5920782754593004,0.7842393841351863,1.5920782754593004,18.454491506906407,2.0040510423500247e+19,0.0,False,True,1221,2205,3.6450842220347714e-09,1.8948868657022927e-08,1323,2232,4.323533815527228e-09,1.982468405589743e-08,869,1232,2.022469263320692e-09,3.719023271835562e-09,4.766046139707964e-29,5.7570561815611195e-33,4.724027182871601e-10,-11768305.750472177,solver_active_cfl_diagnostics: smallest_contiguous_99.9999_percent_M0_or_M3_support_plus_reachable_faces,"solver_active_cfl_diagnostics: M0_quantile_band_[1e-8,1e-6]_plus_reachable_faces",solver_active_cfl_diagnostics: quantile_tail_characteristic_reaches_Rmin,0.9999990081611329,0.9999990167256438,1.0014379548008583e-06
current_implicit_policy,151,238.48014582798405,239.817082085096,0.06661585613474888,UNBOUNDED,legacy_active_cell_cfl,0.35,1.9885285172361974e+19,131463428938866.78,5.805381022288899e-14,1.415635841471116e-09,1.3369362571119576,1.9885285172361974e+19,0,-11768308.359542347,1.6451094275895946,0.7782415598072362,1.6451094275895946,18.942977397217945,1.9885285172361974e+19,0.0,False,True,1215,2200,3.608667789394396e-09,1.879097862847257e-08,1323,2232,4.323533815527228e-09,1.982468405589743e-08,864,1230,2.0056171896952e-09,3.706596755160969e-09,4.9963639433330284e-29,6.0352098886634086e-33,4.724027182871601e-10,-11768308.359542347,solver_active_cfl_diagnostics: smallest_contiguous_99.9999_percent_M0_or_M3_support_plus_reachable_faces,"solver_active_cfl_diagnostics: M0_quantile_band_[1e-8,1e-6]_plus_reachable_faces",solver_active_cfl_diagnostics: quantile_tail_characteristic_reaches_Rmin,0.9999990003492318,0.9999990030800971,9.900637534448024e-07
current_implicit_policy,152,239.817082085096,241.15381894864268,0.06698717193017852,UNBOUNDED,legacy_active_cell_cfl,0.35,1.9882323771678814e+19,138605962151221.44,6.12079289840354e-14,1.4925486840458294e-09,1.3367368635467038,1.9882323771678814e+19,0,-11768310.924687188,1.6785598944215268,0.7947720162204079,1.6785598944215268,19.72756194625737,1.9882323771678814e+19,0.0,False,True,1212,2199,3.5905962338110593e-09,1.875955884769441e-08,1320,2230,4.301882340184066e-09,1.97584430702992e-08,859,1229,1.988905534710738e-09,3.700399075956361e-09,5.234051941957286e-29,6.322262071309456e-33,4.724027182871601e-10,-11768310.924687188,solver_active_cfl_diagnostics: smallest_contiguous_99.9999_percent_M0_or_M3_support_plus_reachable_faces,"solver_active_cfl_diagnostics: M0_quantile_band_[1e-8,1e-6]_plus_reachable_faces",solver_active_cfl_diagnostics: quantile_tail_characteristic_reaches_Rmin,0.9999990016871542,0.9999990070213393,9.993912719737602e-07
current_implicit_policy,153,241.15381894864268,242.49035832143215,0.06735843286706449,UNBOUNDED,legacy_active_cell_cfl,0.35,1.9879390631571595e+19,146082020516506.06,6.45093313364364e-14,1.5730530209572633e-09,1.3365393727894772,1.9879390631571595e+19,0,-11768313.466107365,1.6559594711910584,0.8116256474861218,1.6559594711910584,20.686176877982167,1.9879390631571595e+19,0.0,False,True,1214,2202,3.6026338540105207e-09,1.8853976150103026e-08,1317,2228,4.280339291513283e-09,1.9692423418274843e-08,853,1228,1.969035254623648e-09,3.6942117596884166e-09,5.481145636077295e-29,6.620670841194434e-33,4.724027182871601e-10,-11768313.466107365,solver_active_cfl_diagnostics: smallest_contiguous_99.9999_percent_M0_or_M3_support_plus_reachable_faces,"solver_active_cfl_diagnostics: M0_quantile_band_[1e-8,1e-6]_plus_reachable_faces",solver_active_cfl_diagnostics: quantile_tail_characteristic_reaches_Rmin,0.9999990003442611,0.9999990013125755,1.0089782367851892e-06
current_implicit_policy,154,242.49035832143215,243.82670208846886,0.06772963946901912,UNBOUNDED,legacy_active_cell_cfl,0.35,1.9876485487621132e+19,153904540188267.53,6.796372984220209e-14,1.6572881524104978e-09,1.3363437670367155,1.9876485487621132e+19,0,-11768315.984010704,1.6782828786614858,0.7946885284874349,1.6782828786614858,21.54596682278685,1.9876485487621132e+19,0.0,False,True,1212,2202,3.5905962338110593e-09,1.8853976150103026e-08,1320,2231,4.301882340184066e-09,1.9791535850082924e-08,848,1226,1.952628415872672e-09,3.6818681466815177e-09,5.737937730282239e-29,6.930789522184487e-33,4.724027182871601e-10,-11768315.984010704,solver_active_cfl_diagnostics: smallest_contiguous_99.9999_percent_M0_or_M3_support_plus_reachable_faces,"solver_active_cfl_diagnostics: M0_quantile_band_[1e-8,1e-6]_plus_reachable_faces",solver_active_cfl_diagnostics: quantile_tail_characteristic_reaches_Rmin,0.9999990056804143,0.9999990035140283,9.982386942291394e-07
current_implicit_policy,155,243.82670208846886,245.15271795632947,0.06809797721009152,UNBOUNDED,legacy_active_cell_cfl,0.35,1.9722874750458696e+19,162021971326822.0,7.154836026466087e-14,1.7446989749728324e-09,1.3260158678606078,1.9722874750458696e+19,0,-11768318.478603078,1.6654182854884216,0.8053843393127601,1.6654182854884216,22.1213063725908,1.9722874750458696e+19,0.0,False,True,1212,2204,3.5905962338110593e-09,1.8917184873492052e-08,1317,2229,4.280339291513283e-09,1.9725405623870206e-08,843,1225,1.9363582858764883e-09,3.675711815374348e-09,6.004727228464329e-29,7.25297903946559e-33,4.724027182871601e-10,-11768318.478603078,solver_active_cfl_diagnostics: smallest_contiguous_99.9999_percent_M0_or_M3_support_plus_reachable_faces,"solver_active_cfl_diagnostics: M0_quantile_band_[1e-8,1e-6]_plus_reachable_faces",solver_active_cfl_diagnostics: quantile_tail_characteristic_reaches_Rmin,0.9999990105026831,0.9999990021621468,1.0080535600365984e-06
current_implicit_policy,156,245.15271795632947,246.47854563786223,0.06846626267718395,UNBOUNDED,legacy_active_cell_cfl,0.35,1.9720079817557193e+19,170507073649302.25,7.529535305137822e-14,1.8360689861098354e-09,1.3258276815327559,1.9720079817557193e+19,0,-11768320.93135359,1.6992572856024077,0.8053430304857832,1.6992572856024077,23.201729457280155,1.9720079817557193e+19,0.0,False,True,1209,2202,3.5726151773094508e-09,1.8853976150103026e-08,1317,2230,4.280339291513283e-09,1.97584430702992e-08,837,1223,1.917012982231929e-09,3.6634300169487616e-09,6.279638056544522e-29,7.584973594551503e-33,4.724027182871601e-10,-11768320.93135359,solver_active_cfl_diagnostics: smallest_contiguous_99.9999_percent_M0_or_M3_support_plus_reachable_faces,"solver_active_cfl_diagnostics: M0_quantile_band_[1e-8,1e-6]_plus_reachable_faces",solver_active_cfl_diagnostics: quantile_tail_characteristic_reaches_Rmin,0.9999990015040425,0.9999990137092966,9.978611583475797e-07
current_implicit_policy,157,246.47854563786223,247.8041869164535,0.06883449636568152,UNBOUNDED,legacy_active_cell_cfl,0.35,1.9717311371410838e+19,179373660760818.0,7.921080824413767e-14,1.931546934676234e-09,1.325641278591255,1.9717311371410838e+19,0,-11768323.361546617,1.6991226347805188,0.8053021131303818,1.6991226347805188,24.17114012815449,1.9717311371410838e+19,0.0,False,True,1209,2204,3.5726151773094508e-09,1.8917184873492052e-08,1317,2230,4.280339291513283e-09,1.97584430702992e-08,832,1222,1.9010396151684644e-09,3.657304515435272e-09,6.564998518092987e-29,7.929584814017618e-33,4.724027182871601e-10,-11768323.361546617,solver_active_cfl_diagnostics: smallest_contiguous_99.9999_percent_M0_or_M3_support_plus_reachable_faces,"solver_active_cfl_diagnostics: M0_quantile_band_[1e-8,1e-6]_plus_reachable_faces",solver_active_cfl_diagnostics: quantile_tail_characteristic_reaches_Rmin,0.9999990065213613,0.9999990010605537,1.007754325205793e-06
current_implicit_policy,158,247.8041869164535,249.12964355901605,0.06920267876639334,UNBOUNDED,legacy_active_cell_cfl,0.35,1.9714569167355605e+19,188635952238995.56,8.330100516082732e-14,2.0312859411550473e-09,1.3254566425625698,1.9714569167355605e+19,0,-11768325.769377697,1.7808535123916502,0.8052615836304458,1.7808535123916502,25.182897403528724,1.9714569167355605e+19,0.0,False,True,1202,2199,3.5310087781571286e-09,1.875955884769441e-08,1317,2231,4.280339291513283e-09,1.9791535850082924e-08,827,1220,1.8851993449894286e-09,3.6450842220347714e-09,6.861119887098226e-29,8.287188426703045e-33,4.724027182871601e-10,-11768325.769377697,solver_active_cfl_diagnostics: smallest_contiguous_99.9999_percent_M0_or_M3_support_plus_reachable_faces,"solver_active_cfl_diagnostics: M0_quantile_band_[1e-8,1e-6]_plus_reachable_faces",solver_active_cfl_diagnostics: quantile_tail_characteristic_reaches_Rmin,0.9999990002211245,0.9999990108979272,9.981431732773705e-07
current_implicit_policy,159,249.12964355901605,250.45491731616028,0.06957081036560007,UNBOUNDED,legacy_active_cell_cfl,0.35,1.9711852963268317e+19,198308581871446.44,8.757240603307841e-14,2.1354435863610045e-09,1.3252737571442443,1.9711852963268317e+19,0,-11768328.15504054,1.7569451496515136,0.805221438407419,1.7569451496515136,26.238976167502564,1.9711852963268317e+19,0.0,False,True,1204,2202,3.542846628983175e-09,1.8853976150103026e-08,1317,2232,4.280339291513283e-09,1.982468405589743e-08,822,1219,1.869491062675002e-09,3.638989395924931e-09,7.168319784764339e-29,8.65816782041717e-33,4.724027182871601e-10,-11768328.15504054,solver_active_cfl_diagnostics: smallest_contiguous_99.9999_percent_M0_or_M3_support_plus_reachable_faces,"solver_active_cfl_diagnostics: M0_quantile_band_[1e-8,1e-6]_plus_reachable_faces",solver_active_cfl_diagnostics: quantile_tail_characteristic_reaches_Rmin,0.9999990011812179,0.9999990192667733,1.0083371544604408e-06
current_implicit_policy,160,250.45491731616028,251.76997336740558,0.06993610371316822,UNBOUNDED,legacy_active_cell_cfl,0.35,1.9559880807549805e+19,208326797416673.4,9.199641648776583e-14,2.243322599618763e-09,1.3150560512453076,1.9559880807549805e+19,0,-11768330.518727051,1.778994003482084,0.7990830434669529,1.778994003482084,26.94817447303647,1.9559880807549805e+19,0.0,False,True,1201,2201,3.5251046938659917e-09,1.8822451033229373e-08,1317,2232,4.280339291513283e-09,1.982468405589743e-08,817,1217,1.8539136684461918e-09,3.6268302995434745e-09,7.486922311482555e-29,9.042914201236732e-33,4.724027182871601e-10,-11768330.518727051,solver_active_cfl_diagnostics: smallest_contiguous_99.9999_percent_M0_or_M3_support_plus_reachable_faces,"solver_active_cfl_diagnostics: M0_quantile_band_[1e-8,1e-6]_plus_reachable_faces",solver_active_cfl_diagnostics: quantile_tail_characteristic_reaches_Rmin,0.9999990028202584,0.9999990060691836,9.993611969663665e-07
current_implicit_policy,161,251.7699733674056,253.08485344244104,0.07030134817845585,UNBOUNDED,legacy_active_cell_cfl,0.35,1.9557267235023327e+19,218779009059947.5,9.661207816680416e-14,2.355875007115613e-09,1.3148800750354468,1.9557267235023327e+19,0,-11768332.842899693,1.8029029422713498,0.8217247330049091,1.8029029422713498,28.47253808762049,1.9557267235023327e+19,0.0,False,True,1199,2201,3.5133261248557495e-09,1.8822451033229373e-08,1313,2229,4.251782952237442e-09,1.9725405623870206e-08,811,1215,1.8353920326990884e-09,3.6147118308222633e-09,7.814665387568111e-29,9.438695710098442e-33,4.724027182871601e-10,-11768332.842899693,solver_active_cfl_diagnostics: smallest_contiguous_99.9999_percent_M0_or_M3_support_plus_reachable_faces,"solver_active_cfl_diagnostics: M0_quantile_band_[1e-8,1e-6]_plus_reachable_faces",solver_active_cfl_diagnostics: quantile_tail_characteristic_reaches_Rmin,0.9999990064872557,0.9999990016346652,9.907353689011766e-07
current_implicit_policy,162,253.08485344244104,254.39955919823518,0.07066654422173199,UNBOUNDED,legacy_active_cell_cfl,0.35,1.9554678271547412e+19,229680774987863.12,1.0142626151332159e-13,2.4732683438591923e-09,1.3147057557941235,1.9554678271547412e+19,0,-11768335.145801667,1.7907048371736032,0.8159598404441101,1.7907048371736032,29.674057673125258,1.9554678271547412e+19,0.0,False,True,1200,2203,3.5192104816010957e-09,1.8885554067379355e-08,1314,2231,4.258904126533715e-09,1.9791535850082924e-08,806,1214,1.8200987660830598e-09,3.608667789394396e-09,8.154291734615386e-29,9.848824305985053e-33,4.724027182871601e-10,-11768335.145801667,solver_active_cfl_diagnostics: smallest_contiguous_99.9999_percent_M0_or_M3_support_plus_reachable_faces,"solver_active_cfl_diagnostics: M0_quantile_band_[1e-8,1e-6]_plus_reachable_faces",solver_active_cfl_diagnostics: quantile_tail_characteristic_reaches_Rmin,0.9999990008327649,0.9999990176196404,1.0011197625017626e-06
current_implicit_policy,163,254.39955919823518,255.7140922766598,0.07103169229907216,UNBOUNDED,legacy_active_cell_cfl,0.35,1.9552113692908204e+19,241048087737598.88,1.0644602877821059e-13,2.5956748220685855e-09,1.3145330784246434,1.9552113692908204e+19,0,-11768337.427615322,1.8026288516104545,0.8159206758830577,1.8026288516104545,30.928860123092463,1.9552113692908204e+19,0.0,False,True,1199,2204,3.5133261248557495e-09,1.8917184873492052e-08,1314,2231,4.258904126533715e-09,1.9791535850082924e-08,801,1212,1.8049329294654377e-09,3.596610007772652e-09,8.506137503716534e-29,1.0273705733435611e-32,4.724027182871601e-10,-11768337.427615322,solver_active_cfl_diagnostics: smallest_contiguous_99.9999_percent_M0_or_M3_support_plus_reachable_faces,"solver_active_cfl_diagnostics: M0_quantile_band_[1e-8,1e-6]_plus_reachable_faces",solver_active_cfl_diagnostics: quantile_tail_characteristic_reaches_Rmin,0.9999990050038351,0.9999990049009405,9.93002643692742e-07
current_implicit_policy,164,255.7140922766598,257.01851162477135,0.07139403100688094,UNBOUNDED,legacy_active_cell_cfl,0.35,1.9401687729205432e+19,252803990685104.44,1.1163739617385758e-13,2.7222657507829408e-09,1.3044193481115478,1.9401687729205432e+19,0,-11768339.688521326,1.8498696951428364,0.815390512084323,1.8498696951428364,31.774240094219433,1.9401687729205432e+19,0.0,False,True,1194,2201,3.4840515981174683e-09,1.8822451033229373e-08,1313,2231,4.251782952237442e-09,1.9791535850082924e-08,796,1211,1.789893461045285e-09,3.5905962338110593e-09,8.87054527013016e-29,1.071375348862904e-32,4.724027182871601e-10,-11768339.688521326,solver_active_cfl_diagnostics: smallest_contiguous_99.9999_percent_M0_or_M3_support_plus_reachable_faces,"solver_active_cfl_diagnostics: M0_quantile_band_[1e-8,1e-6]_plus_reachable_faces",solver_active_cfl_diagnostics: quantile_tail_characteristic_reaches_Rmin,0.9999990032586713,0.9999990113064477,1.0036739315254694e-06
current_implicit_policy,165,257.01851162477135,258.322764793455,0.0717563235537375,UNBOUNDED,legacy_active_cell_cfl,0.35,1.9399219672536363e+19,265050990351275.62,1.1704563023680987e-13,2.8541449495674095e-09,1.3042531686836736,1.9399219672536363e+19,0,-11768341.911763012,1.8872963990675526,0.8096726123360339,1.8872963990675526,33.35438483830767,1.9399219672536363e+19,0.0,False,True,1191,2200,3.4666040978805015e-09,1.879097862847257e-08,1314,2232,4.258904126533715e-09,1.982468405589743e-08,791,1209,1.774979307869092e-09,3.5785988353787655e-09,9.244910351073877e-29,1.1165822072801461e-32,4.724027182871601e-10,-11768341.911763012,solver_active_cfl_diagnostics: smallest_contiguous_99.9999_percent_M0_or_M3_support_plus_reachable_faces,"solver_active_cfl_diagnostics: M0_quantile_band_[1e-8,1e-6]_plus_reachable_faces",solver_active_cfl_diagnostics: quantile_tail_characteristic_reaches_Rmin,0.9999990017641867,0.9999990004938708,9.959033781054955e-07
current_implicit_policy,166,258.322764793455,259.6268533373639,0.07211857037148997,UNBOUNDED,legacy_active_cell_cfl,0.35,1.939677470519915e+19,277806031932104.44,1.2267821390890342e-13,2.991494889143931e-09,1.3040885439089016,1.939677470519915e+19,0,-11768344.114764366,1.8620358938477786,0.8210315152525266,1.8620358938477786,34.773991035782025,1.939677470519915e+19,0.0,False,True,1193,2203,3.478226029391272e-09,1.8885554067379355e-08,1312,2231,4.244673685023801e-09,1.9791535850082924e-08,786,1208,1.7601894257569546e-09,3.5726151773094508e-09,9.632336994393355e-29,1.163365990703776e-32,4.724027182871601e-10,-11768344.114764366,solver_active_cfl_diagnostics: smallest_contiguous_99.9999_percent_M0_or_M3_support_plus_reachable_faces,"solver_active_cfl_diagnostics: M0_quantile_band_[1e-8,1e-6]_plus_reachable_faces",solver_active_cfl_diagnostics: quantile_tail_characteristic_reaches_Rmin,0.9999990015152341,0.999999005088571,1.006635979857854e-06
current_implicit_policy,167,259.6268533373639,260.93077879716134,0.07248077188810037,UNBOUNDED,legacy_active_cell_cfl,0.35,1.939435261942099e+19,291086514349433.5,1.285428304957913e-13,3.134502926084307e-09,1.3039254597974543,1.939435261942099e+19,0,-11768346.29769712,1.899700778528849,0.832537691926224,1.899700778528849,36.25734079834331,1.939435261942099e+19,0.0,False,True,1190,2202,3.4608077025488055e-09,1.8853976150103026e-08,1310,2230,4.230490792239933e-09,1.97584430702992e-08,781,1206,1.7455227792295482e-09,3.560677859678516e-09,1.0033179481376075e-28,1.2117694609765129e-32,4.724027182871601e-10,-11768346.29769712,solver_active_cfl_diagnostics: smallest_contiguous_99.9999_percent_M0_or_M3_support_plus_reachable_faces,"solver_active_cfl_diagnostics: M0_quantile_band_[1e-8,1e-6]_plus_reachable_faces",solver_active_cfl_diagnostics: quantile_tail_characteristic_reaches_Rmin,0.9999990023700749,0.9999990069720862,9.994117140169987e-07
current_implicit_policy,168,260.93077879716134,262.2246924616177,0.07284019235044936,UNBOUNDED,legacy_active_cell_cfl,0.35,1.924544251468808e+19,304801633298912.9,1.345993811205866e-13,3.282191253641557e-09,1.2939136644563274,1.924544251468808e+19,0,-11768348.460731445,1.9234592723396997,0.8147539395372267,1.9234592723396997,37.52186665778879,1.924544251468808e+19,0.0,False,True,1187,2201,3.4434766035366834e-09,1.8822451033229373e-08,1312,2232,4.244673685023801e-09,1.982468405589743e-08,776,1204,1.7309783414355953e-09,3.548780428669887e-09,1.0447798513952126e-28,1.261836154666842e-32,4.724027182871601e-10,-11768348.460731445,solver_active_cfl_diagnostics: smallest_contiguous_99.9999_percent_M0_or_M3_support_plus_reachable_faces,"solver_active_cfl_diagnostics: M0_quantile_band_[1e-8,1e-6]_plus_reachable_faces",solver_active_cfl_diagnostics: quantile_tail_characteristic_reaches_Rmin,0.999999001392942,0.9999990009800943,9.92607302541436e-07
current_implicit_policy,169,262.2246924616177,263.51844915558854,0.07319956920988571,UNBOUNDED,legacy_active_cell_cfl,0.35000000000000003,1.9243111241687994e+19,319069657333330.9,1.4090009278036617e-13,3.4358334214530024e-09,1.2937566939708411,1.9243111241687994e+19,0,-11768350.587853216,1.9362362679516487,0.8261726220885809,1.9362362679516487,39.12990788160345,1.9243111241687994e+19,0.0,False,True,1186,2202,3.4377188789318612e-09,1.8853976150103026e-08,1310,2231,4.230490792239933e-09,1.9791535850082924e-08,771,1203,1.7165550940799794e-09,3.542846628983175e-09,1.0873213183100193e-28,1.3132060998648635e-32,4.724027182871601e-10,-11768350.587853216,solver_active_cfl_diagnostics: smallest_contiguous_99.9999_percent_M0_or_M3_support_plus_reachable_faces,"solver_active_cfl_diagnostics: M0_quantile_band_[1e-8,1e-6]_plus_reachable_faces",solver_active_cfl_diagnostics: quantile_tail_characteristic_reaches_Rmin,0.9999990073877828,0.9999990051364,1.0035049085029083e-06
current_implicit_policy,170,263.51844915558854,264.81205033845725,0.07355890287179369,UNBOUNDED,legacy_active_cell_cfl,0.35,1.92408016429599e+19,333908962948215.06,1.474530804740505e-13,3.5956273128837697e-09,1.293601182868703,1.92408016429599e+19,0,-11768352.695707794,1.923185637938302,0.8319188441481676,1.923185637938302,40.52475793310096,1.92408016429599e+19,0.0,False,True,1187,2204,3.4434766035366834e-09,1.8917184873492052e-08,1309,2231,4.223417126950633e-09,1.9791535850082924e-08,767,1201,1.7051030744353191e-09,3.5310087781571286e-09,1.1312921369334142e-28,1.36630165988483e-32,4.724027182871601e-10,-11768352.695707794,solver_active_cfl_diagnostics: smallest_contiguous_99.9999_percent_M0_or_M3_support_plus_reachable_faces,"solver_active_cfl_diagnostics: M0_quantile_band_[1e-8,1e-6]_plus_reachable_faces",solver_active_cfl_diagnostics: quantile_tail_characteristic_reaches_Rmin,0.9999990011990354,0.9999990113399884,9.969125864784096e-07
current_implicit_policy,171,264.81205033845725,266.1054974566343,0.07391819373795397,UNBOUNDED,legacy_active_cell_cfl,0.35,1.9238513525834674e+19,349338398911562.2,1.5426666775450177e-13,3.7617758968641465e-09,1.293447118177016,1.9238513525834674e+19,0,-11768354.784457,1.9620393564798955,0.8260996620162867,1.9620393564798955,42.568303393963625,1.9238513525834674e+19,0.0,False,True,1184,2203,3.4262322955337086e-09,1.8885554067379355e-08,1310,2232,4.230490792239933e-09,1.982468405589743e-08,762,1199,1.6908954308035652e-09,3.5192104816010957e-09,1.1767295093498936e-28,1.421167736784571e-32,4.724027182871601e-10,-11768354.784457,solver_active_cfl_diagnostics: smallest_contiguous_99.9999_percent_M0_or_M3_support_plus_reachable_faces,"solver_active_cfl_diagnostics: M0_quantile_band_[1e-8,1e-6]_plus_reachable_faces",solver_active_cfl_diagnostics: quantile_tail_characteristic_reaches_Rmin,0.9999990021927323,0.9999990014184088,9.907917016611395e-07
current_implicit_policy,172,266.1054974566343,267.3987919436858,0.07427744220657939,UNBOUNDED,legacy_active_cell_cfl,0.35,1.923624669955372e+19,365377294394147.7,1.613493903188414e-13,3.934487315439084e-09,1.2932944870515226,1.923624669955372e+19,0,-11768356.854261197,2.0150764544808166,0.8435226141268886,2.0150764544808166,44.4059722469329,1.923624669955372e+19,0.0,False,True,1181,2202,3.4090743439062045e-09,1.8853976150103026e-08,1307,2230,4.209305259528542e-09,1.97584430702992e-08,757,1198,1.6768061712980222e-09,3.5133261248557495e-09,1.2236712772397126e-28,1.477850004357725e-32,4.724027182871601e-10,-11768356.854261197,solver_active_cfl_diagnostics: smallest_contiguous_99.9999_percent_M0_or_M3_support_plus_reachable_faces,"solver_active_cfl_diagnostics: M0_quantile_band_[1e-8,1e-6]_plus_reachable_faces",solver_active_cfl_diagnostics: quantile_tail_characteristic_reaches_Rmin,0.9999990014612207,0.9999990003094098,1.0020573897895993e-06
current_implicit_policy,173,267.3987919436858,268.6821778110844,0.07463393828085678,UNBOUNDED,legacy_active_cell_cfl,0.35,1.9088870868757406e+19,381914819294102.6,1.6865230596502266e-13,4.112568118340429e-09,1.2833858673985663,1.9088870868757406e+19,0,-11768358.905279305,2.0266339856763205,0.8429716466355316,2.0266339856763205,46.30538231662801,1.9088870868757406e+19,0.0,False,True,1179,2202,3.397683471603712e-09,1.8853976150103026e-08,1306,2230,4.202267017875585e-09,1.97584430702992e-08,752,1196,1.6628343094918273e-09,3.501586912034891e-09,1.2721559368903848e-28,1.5363949262566904e-32,4.724027182871601e-10,-11768358.905279305,solver_active_cfl_diagnostics: smallest_contiguous_99.9999_percent_M0_or_M3_support_plus_reachable_faces,"solver_active_cfl_diagnostics: M0_quantile_band_[1e-8,1e-6]_plus_reachable_faces",solver_active_cfl_diagnostics: quantile_tail_characteristic_reaches_Rmin,0.9999990031627196,0.9999990060390512,9.964105774069702e-07
current_implicit_policy,174,268.6821778110844,269.9654167491136,0.07499039354142045,UNBOUNDED,legacy_active_cell_cfl,0.35,1.9086688736825483e+19,399091868289638.75,1.7623763331138173e-13,4.2975354998020365e-09,1.2832389380292304,1.9086688736825483e+19,0,-11768360.92234385,2.067504947204935,0.8312729653947344,2.067504947204935,47.97335332826378,1.9086688736825483e+19,0.0,False,True,1176,2201,3.3806684873227747e-09,1.8822451033229373e-08,1308,2232,4.216355289305708e-09,1.982468405589743e-08,748,1194,1.6517406887605208e-09,3.4898869239010542e-09,1.3218327321578037e-28,1.5963789492994876e-32,4.724027182871601e-10,-11768360.92234385,solver_active_cfl_diagnostics: smallest_contiguous_99.9999_percent_M0_or_M3_support_plus_reachable_faces,"solver_active_cfl_diagnostics: M0_quantile_band_[1e-8,1e-6]_plus_reachable_faces",solver_active_cfl_diagnostics: quantile_tail_characteristic_reaches_Rmin,0.9999990004865602,0.999999001620138,9.908340036016347e-07
current_implicit_policy,175,269.9654167491136,271.2485101162581,0.07534680836562725,UNBOUNDED,legacy_active_cell_cfl,0.35,1.908452678052366e+19,416928782852404.3,1.8411435508371742e-13,4.489608502614485e-09,1.2830933671444855,1.908452678052366e+19,0,-11768362.92121452,2.0263571404515197,0.8428995273736358,2.0263571404515197,50.41848606512217,1.908452678052366e+19,0.0,False,True,1179,2205,3.397683471603712e-09,1.8948868657022927e-08,1306,2231,4.202267017875585e-09,1.9791535850082924e-08,743,1193,1.6379776832098158e-09,3.4840515981174683e-09,1.3731064126231748e-28,1.6582907874460426e-32,4.724027182871601e-10,-11768362.92121452,solver_active_cfl_diagnostics: smallest_contiguous_99.9999_percent_M0_or_M3_support_plus_reachable_faces,"solver_active_cfl_diagnostics: M0_quantile_band_[1e-8,1e-6]_plus_reachable_faces",solver_active_cfl_diagnostics: quantile_tail_characteristic_reaches_Rmin,0.9999990005894361,0.9999990048449808,1.0022426506503134e-06
current_implicit_policy,176,271.2485101162581,272.53145925908325,0.07570318312752312,UNBOUNDED,legacy_active_cell_cfl,0.35,1.908238482283297e+19,435446402484997.7,1.9229167393662917e-13,4.689011532508209e-09,1.2829491428251247,1.908238482283297e+19,0,-11768364.902042491,2.067223258226007,0.8546768671926661,2.067223258226007,52.99630947346797,1.908238482283297e+19,0.0,False,True,1176,2204,3.3806684873227747e-09,1.8917184873492052e-08,1304,2230,4.188225820133106e-09,1.97584430702992e-08,738,1191,1.624329356871821e-09,3.472410201408009e-09,1.4260165626057234e-28,1.7221782168918653e-32,4.724027182871601e-10,-11768364.902042491,solver_active_cfl_diagnostics: smallest_contiguous_99.9999_percent_M0_or_M3_support_plus_reachable_faces,"solver_active_cfl_diagnostics: M0_quantile_band_[1e-8,1e-6]_plus_reachable_faces",solver_active_cfl_diagnostics: quantile_tail_characteristic_reaches_Rmin,0.9999990013543322,0.9999990054482801,9.971902531111175e-07
current_implicit_policy,177,272.53145925908325,273.80459772926326,0.07605683270257313,UNBOUNDED,legacy_active_cell_cfl,0.35,1.8936465571423265e+19,454515795422088.94,2.0071265403407054e-13,4.894356215320308e-09,1.273138470179991,1.8936465571423265e+19,0,-11768366.864977602,2.0790761407975924,0.8364768140751944,2.0790761407975924,54.50763157327979,1.8936465571423265e+19,0.0,False,True,1174,2204,3.3693725286104075e-09,1.8917184873492052e-08,1306,2232,4.202267017875585e-09,1.982468405589743e-08,734,1189,1.613492622432916e-09,3.4608077025488055e-09,1.4806034050598098e-28,1.7880897843970023e-32,4.724027182871601e-10,-11768366.864977602,solver_active_cfl_diagnostics: smallest_contiguous_99.9999_percent_M0_or_M3_support_plus_reachable_faces,"solver_active_cfl_diagnostics: M0_quantile_band_[1e-8,1e-6]_plus_reachable_faces",solver_active_cfl_diagnostics: quantile_tail_characteristic_reaches_Rmin,0.9999990028331629,0.9999990016927317,9.92396487138921e-07
current_implicit_policy,178,273.80459772926326,275.07759734385564,0.07641044370662657,UNBOUNDED,legacy_active_cell_cfl,0.35,1.893440336088659e+19,474297904691549.44,2.0944836727848742e-13,5.107375631653719e-09,1.2729996145923692,1.893440336088659e+19,0,-11768368.795518944,2.120967890066349,0.8481648840413368,2.120967890066349,57.31006487591533,1.893440336088659e+19,0.0,False,True,1171,2203,3.3524993204113317e-09,1.8885554067379355e-08,1304,2231,4.188225820133106e-09,1.9791535850082924e-08,729,1188,1.6000483160295726e-09,3.455020999180164e-09,1.5364703394965566e-28,1.8555465920735246e-32,4.724027182871601e-10,-11768368.795518944,solver_active_cfl_diagnostics: smallest_contiguous_99.9999_percent_M0_or_M3_support_plus_reachable_faces,"solver_active_cfl_diagnostics: M0_quantile_band_[1e-8,1e-6]_plus_reachable_faces",solver_active_cfl_diagnostics: quantile_tail_characteristic_reaches_Rmin,0.9999990018014251,0.9999990045208469,1.0039392788108737e-06
current_implicit_policy,179,275.07759734385564,276.35045937936303,0.0767640164942675,UNBOUNDED,legacy_active_cell_cfl,0.35,1.8932360108298998e+19,494814599392260.9,2.1850847099075197e-13,5.328305274226436e-09,1.2728620355073708,1.8932360108298998e+19,0,-11768370.708728187,2.14930353537383,0.8540481753487785,2.14930353537383,60.26637730716616,1.8932360108298998e+19,0.0,False,True,1169,2203,3.3412974844287105e-09,1.8885554067379355e-08,1303,2231,4.181222824721328e-09,1.9791535850082924e-08,724,1186,1.5867160333021693e-09,3.4434766035366834e-09,1.5940693403066698e-28,1.9250943630840434e-32,4.724027182871601e-10,-11768370.708728187,solver_active_cfl_diagnostics: smallest_contiguous_99.9999_percent_M0_or_M3_support_plus_reachable_faces,"solver_active_cfl_diagnostics: M0_quantile_band_[1e-8,1e-6]_plus_reachable_faces",solver_active_cfl_diagnostics: quantile_tail_characteristic_reaches_Rmin,0.9999990028873346,0.9999990103648092,9.99431191969548e-07
current_implicit_policy,180,276.35045937936303,277.62318510122026,0.07711755141700563,UNBOUNDED,legacy_active_cell_cfl,0.35,1.8930335649288094e+19,516088263286380.7,2.279028497653165e-13,5.5573861777979574e-09,1.2727257218572485,1.8930335649288094e+19,0,-11768372.604747912,2.1206904029659035,0.848096065398265,2.1206904029659035,62.92888212868538,1.8930335649288094e+19,0.0,False,True,1171,2207,3.3524993204113317e-09,1.9012395511408505e-08,1304,2232,4.188225820133106e-09,1.982468405589743e-08,720,1184,1.5761302366408552e-09,3.4319707816300353e-09,1.6534416677122693e-28,1.9967828954636382e-32,4.724027182871601e-10,-11768372.604747912,solver_active_cfl_diagnostics: smallest_contiguous_99.9999_percent_M0_or_M3_support_plus_reachable_faces,"solver_active_cfl_diagnostics: M0_quantile_band_[1e-8,1e-6]_plus_reachable_faces",solver_active_cfl_diagnostics: quantile_tail_characteristic_reaches_Rmin,0.9999990087263948,0.9999990017387422,9.951601667831236e-07
current_implicit_policy,181,277.62318510122026,278.8957757638983,0.07747104882330509,UNBOUNDED,legacy_active_cell_cfl,0.35,1.8928329821022982e+19,538141802732041.06,2.3764161897326653e-13,5.794865004590857e-09,1.2725906626780488,1.8928329821022982e+19,0,-11768374.483719494,2.120553571370103,0.8599345836265574,2.120553571370103,66.19572083071402,1.8928329821022982e+19,0.0,False,True,1171,2209,3.3524993204113317e-09,1.9076135342162286e-08,1302,2231,4.174231538789134e-09,1.9791535850082924e-08,715,1182,1.5629972495181607e-09,3.4205034045722973e-09,1.714629213660913e-28,2.0706627494662642e-32,4.724027182871601e-10,-11768374.483719494,solver_active_cfl_diagnostics: smallest_contiguous_99.9999_percent_M0_or_M3_support_plus_reachable_faces,"solver_active_cfl_diagnostics: M0_quantile_band_[1e-8,1e-6]_plus_reachable_faces",solver_active_cfl_diagnostics: quantile_tail_characteristic_reaches_Rmin,0.9999990070790912,0.9999990040879937,9.912757052272939e-07
current_implicit_policy,182,278.8957757638983,280.1586547231049,0.07782184853419581,UNBOUNDED,legacy_active_cell_cfl,0.35,1.878388231755049e+19,560820412228079.4,2.476564170234091e-13,6.039074764647005e-09,1.2628789592065766,1.878388231755049e+19,0,-11768376.345783036,2.234539297449792,0.8653635821889482,2.234539297449792,68.12124142672403,1.878388231755049e+19,0.0,False,True,1162,2202,3.302384993179517e-09,1.8853976150103026e-08,1300,2230,4.1602840170800886e-09,1.97584430702992e-08,711,1181,1.5525696930314722e-09,3.4147840927020912e-09,1.7776745186769628e-28,2.146785267911131e-32,4.724027182871601e-10,-11768376.345783036,solver_active_cfl_diagnostics: smallest_contiguous_99.9999_percent_M0_or_M3_support_plus_reachable_faces,"solver_active_cfl_diagnostics: M0_quantile_band_[1e-8,1e-6]_plus_reachable_faces",solver_active_cfl_diagnostics: quantile_tail_characteristic_reaches_Rmin,0.9999990008814151,0.999999003871289,1.0031540407163772e-06
current_implicit_policy,183,280.1586547231049,281.4214036347646,0.07817261212076794,UNBOUNDED,legacy_active_cell_cfl,0.35,1.8781950931683574e+19,584313548372000.8,2.5803090731510786e-13,6.292055580850735e-09,1.2627489116597068,1.8781950931683574e+19,0,-11768378.1771981,2.1901924155321137,0.8533942508592124,2.1901924155321137,71.15808289999377,1.8781950931683574e+19,0.0,False,True,1165,2206,3.31900597478693e-09,1.8980605506702153e-08,1302,2232,4.174231538789134e-09,1.982468405589743e-08,707,1179,1.5422117041235602e-09,3.403374142194534e-09,1.8421174097276346e-28,2.224594808019114e-32,4.724027182871601e-10,-11768378.1771981,solver_active_cfl_diagnostics: smallest_contiguous_99.9999_percent_M0_or_M3_support_plus_reachable_faces,"solver_active_cfl_diagnostics: M0_quantile_band_[1e-8,1e-6]_plus_reachable_faces",solver_active_cfl_diagnostics: quantile_tail_characteristic_reaches_Rmin,0.9999990002707612,0.9999990015752196,9.993601789262406e-07
current_implicit_policy,184,281.4214036347646,282.6840236885299,0.07852333991348054,UNBOUNDED,legacy_active_cell_cfl,0.35,1.878003721380056e+19,608645172476568.6,2.687756710838828e-13,6.554065475478132e-09,1.2626200537653058,1.878003721380056e+19,0,-11768379.9922318,2.234256252661384,0.8652955781351479,2.234256252661384,75.43683578343676,1.878003721380056e+19,0.0,False,True,1162,2205,3.302384993179517e-09,1.8948868657022927e-08,1300,2231,4.1602840170800886e-09,1.9791535850082924e-08,702,1177,1.5293613406320956e-09,3.392002316197063e-09,1.9084752764708694e-28,2.3047160598729477e-32,4.724027182871601e-10,-11768379.9922318,solver_active_cfl_diagnostics: smallest_contiguous_99.9999_percent_M0_or_M3_support_plus_reachable_faces,"solver_active_cfl_diagnostics: M0_quantile_band_[1e-8,1e-6]_plus_reachable_faces",solver_active_cfl_diagnostics: quantile_tail_characteristic_reaches_Rmin,0.9999990000531026,0.9999990035529783,9.959340732605286e-07
current_implicit_policy,185,282.6840236885299,283.94651606386833,0.07887403223996342,UNBOUNDED,legacy_active_cell_cfl,0.35,1.8778141012640653e+19,633839783998062.0,2.7990152720762916e-13,6.825368265688729e-09,1.2624923753384096,1.8778141012640653e+19,0,-11768381.791017491,2.264063982622267,0.8652620421439027,2.264063982622267,78.82453876205102,1.8778141012640653e+19,0.0,False,True,1160,2205,3.2913506061418103e-09,1.8948868657022927e-08,1300,2232,4.1602840170800886e-09,1.982468405589743e-08,698,1175,1.5191581865491852e-09,3.3806684873227747e-09,1.976791641034458e-28,2.3872015503916275e-32,4.724027182871601e-10,-11768381.791017491,solver_active_cfl_diagnostics: smallest_contiguous_99.9999_percent_M0_or_M3_support_plus_reachable_faces,"solver_active_cfl_diagnostics: M0_quantile_band_[1e-8,1e-6]_plus_reachable_faces",solver_active_cfl_diagnostics: quantile_tail_characteristic_reaches_Rmin,0.9999990005872927,0.9999990134544332,9.927059861474377e-07
current_implicit_policy,186,283.94651606386833,285.19939104089184,0.0792220530669144,UNBOUNDED,legacy_active_cell_cfl,0.35,1.863509595236906e+19,659719494671497.2,2.9132992082390657e-13,7.104048399714855e-09,1.252874977023482,1.863509595236906e+19,0,-11768383.573687378,2.2770109382693344,0.8587237333742253,2.2770109382693344,81.75650670587348,1.863509595236906e+19,0.0,False,True,1158,2205,3.280353088729405e-09,1.8948868657022927e-08,1300,2232,4.1602840170800886e-09,1.982468405589743e-08,694,1174,1.5090231029414948e-09,3.375015782114842e-09,2.0471106511098507e-28,2.4721045612703394e-32,4.724027182871601e-10,-11768383.573687378,solver_active_cfl_diagnostics: smallest_contiguous_99.9999_percent_M0_or_M3_support_plus_reachable_faces,"solver_active_cfl_diagnostics: M0_quantile_band_[1e-8,1e-6]_plus_reachable_faces",solver_active_cfl_diagnostics: quantile_tail_characteristic_reaches_Rmin,0.9999990009454935,0.9999990013055456,1.0047717833158833e-06
current_implicit_policy,187,285.19939104089184,286.45214306183067,0.07957003973939741,UNBOUNDED,legacy_active_cell_cfl,0.35,1.8633269896138043e+19,686498773902420.9,3.031555609043941e-13,7.392415345519131e-09,1.2527520209388379,1.8633269896138043e+19,0,-11768385.327100324,2.3073723485585687,0.8646705477220779,2.3073723485585687,86.72617201104933,1.8633269896138043e+19,0.0,False,True,1156,2205,3.2693923177483916e-09,1.8948868657022927e-08,1299,2232,4.1533277422433176e-09,1.982468405589743e-08,689,1172,1.496449280983091e-09,3.3637387110055866e-09,2.118917427005085e-28,2.558803409742923e-32,4.724027182871601e-10,-11768385.327100324,solver_active_cfl_diagnostics: smallest_contiguous_99.9999_percent_M0_or_M3_support_plus_reachable_faces,"solver_active_cfl_diagnostics: M0_quantile_band_[1e-8,1e-6]_plus_reachable_faces",solver_active_cfl_diagnostics: quantile_tail_characteristic_reaches_Rmin,0.9999990013009332,0.9999990072368863,1.0017646214620033e-06
current_implicit_policy,188,286.45214306183067,287.7047732455952,0.0799179925682209,UNBOUNDED,legacy_active_cell_cfl,0.35,1.8631460457166828e+19,714203185382115.6,3.1538973628960286e-13,7.690744380248307e-09,1.2526301837645366,1.8631460457166828e+19,0,-11768387.064896606,2.33812941366075,0.8828081267625874,2.33812941366075,91.34012046232155,1.8631460457166828e+19,0.0,False,True,1154,2205,3.2584681704164943e-09,1.8948868657022927e-08,1296,2230,4.132528628129696e-09,1.97584430702992e-08,685,1170,1.4864657001343556e-09,3.3524993204113317e-09,2.1927850431609446e-28,2.647990004896458e-32,4.724027182871601e-10,-11768387.064896606,solver_active_cfl_diagnostics: smallest_contiguous_99.9999_percent_M0_or_M3_support_plus_reachable_faces,"solver_active_cfl_diagnostics: M0_quantile_band_[1e-8,1e-6]_plus_reachable_faces",solver_active_cfl_diagnostics: quantile_tail_characteristic_reaches_Rmin,0.9999990014896113,0.9999990020200716,9.9893831052687e-07
current_implicit_policy,189,287.7047732455952,288.95728270162647,0.08026591186156291,UNBOUNDED,legacy_active_cell_cfl,0.35,1.8629667494823776e+19,742858845391315.8,3.280439798416962e-13,7.999316731490555e-09,1.2525094560312549,1.8629667494823776e+19,0,-11768388.787202118,2.30709372427929,0.8706234180806767,2.30709372427929,95.50397053514585,1.8629667494823776e+19,0.0,False,True,1156,2209,3.2693923177483916e-09,1.9076135342162286e-08,1298,2232,4.146383098766186e-09,1.982468405589743e-08,681,1168,1.4765487248751514e-09,3.3412974844287105e-09,2.2687585696222116e-28,2.7397187410286637e-32,4.724027182871601e-10,-11768388.787202118,solver_active_cfl_diagnostics: smallest_contiguous_99.9999_percent_M0_or_M3_support_plus_reachable_faces,"solver_active_cfl_diagnostics: M0_quantile_band_[1e-8,1e-6]_plus_reachable_faces",solver_active_cfl_diagnostics: quantile_tail_characteristic_reaches_Rmin,0.9999990028229017,0.9999990010285316,9.963649773821698e-07
current_implicit_policy,190,288.95728270162647,290.20967252998463,0.08061379792499573,UNBOUNDED,legacy_active_cell_cfl,0.35,1.8627890869791674e+19,772492430438173.1,3.4113007181739e-13,8.318419659523275e-09,1.252389828358176,1.8627890869791674e+19,0,-11768390.494141666,2.400851608627567,0.882742167601777,2.400851608627567,100.6231587046781,1.8627890869791674e+19,0.0,False,True,1150,2205,3.236729257620858e-09,1.8948868657022927e-08,1296,2231,4.132528628129696e-09,1.9791535850082924e-08,677,1166,1.4666979108454209e-09,3.330133077575043e-09,2.3468836912825665e-28,2.834044754280075e-32,4.724027182871601e-10,-11768390.494141666,solver_active_cfl_diagnostics: smallest_contiguous_99.9999_percent_M0_or_M3_support_plus_reachable_faces,"solver_active_cfl_diagnostics: M0_quantile_band_[1e-8,1e-6]_plus_reachable_faces",solver_active_cfl_diagnostics: quantile_tail_characteristic_reaches_Rmin,0.999999001385744,0.9999990022049399,9.940367499398867e-07
current_implicit_policy,191,290.20967252998463,291.45254009753626,0.08095903891598229,UNBOUNDED,legacy_active_cell_cfl,0.35,1.8486260601772257e+19,802893389243413.5,3.5455503347645337e-13,8.645785887889326e-09,1.2428675675516305,1.8486260601772257e+19,0,-11768392.185838986,2.4145585562458662,0.876081076433056,2.4145585562458662,104.45491552678904,1.8486260601772257e+19,0.0,False,True,1148,2205,3.225914248638374e-09,1.8948868657022927e-08,1296,2232,4.132528628129696e-09,1.982468405589743e-08,673,1164,1.456912816649661e-09,3.31900597478693e-09,2.427206727052109e-28,2.931023945777794e-32,4.724027182871601e-10,-11768392.185838986,solver_active_cfl_diagnostics: smallest_contiguous_99.9999_percent_M0_or_M3_support_plus_reachable_faces,"solver_active_cfl_diagnostics: M0_quantile_band_[1e-8,1e-6]_plus_reachable_faces",solver_active_cfl_diagnostics: quantile_tail_characteristic_reaches_Rmin,0.9999990011023341,0.9999990124210817,9.919460569731523e-07
current_implicit_policy,192,291.45254009753626,292.69529244941185,0.08130424790261441,UNBOUNDED,legacy_active_cell_cfl,0.35000000000000003,1.848454951149236e+19,834311472955847.2,3.684291540903059e-13,8.98410480846414e-09,1.2427523518755743,1.848454951149236e+19,0,-11768393.849837098,2.446710337363475,0.8760496665121512,2.446710337363475,110.93166343273505,1.848454951149236e+19,0.0,False,True,1146,2205,3.2151353762647884e-09,1.8948868657022927e-08,1296,2232,4.132528628129696e-09,1.982468405589743e-08,669,1163,1.4471930038371446e-09,3.3134563734494453e-09,2.5091375435836664e-28,3.029943790976697e-32,4.724027182871601e-10,-11768393.849837098,solver_active_cfl_diagnostics: smallest_contiguous_99.9999_percent_M0_or_M3_support_plus_reachable_faces,"solver_active_cfl_diagnostics: M0_quantile_band_[1e-8,1e-6]_plus_reachable_faces",solver_active_cfl_diagnostics: quantile_tail_characteristic_reaches_Rmin,0.9999990008352677,0.9999990005666455,1.0041194953768074e-06
current_implicit_policy,193,292.69529244941185,293.93793062956865,0.08164942517488018,UNBOUNDED,legacy_active_cell_cfl,0.35,1.8482853925223834e+19,866774437897965.5,3.827646907580617e-13,9.333675309275079e-09,1.2426381801567965,1.8482853925223834e+19,0,-11768395.499062283,2.4792816547328185,0.8821059852390916,2.4792816547328185,116.95383035474671,1.8482853925223834e+19,0.0,False,True,1144,2205,3.2043925197554478e-09,1.8948868657022927e-08,1295,2232,4.125618762171008e-09,1.982468405589743e-08,665,1161,1.4375380368822735e-09,3.302384993179517e-09,2.5933258116750064e-28,3.131588659452701e-32,4.724027182871601e-10,-11768395.499062283,solver_active_cfl_diagnostics: smallest_contiguous_99.9999_percent_M0_or_M3_support_plus_reachable_faces,"solver_active_cfl_diagnostics: M0_quantile_band_[1e-8,1e-6]_plus_reachable_faces",solver_active_cfl_diagnostics: quantile_tail_characteristic_reaches_Rmin,0.9999990004232918,0.9999990062594142,1.0021269291687312e-06
current_implicit_policy,194,293.93793062956865,295.1804556732368,0.08199457102034355,UNBOUNDED,legacy_active_cell_cfl,0.35,1.8481173713358205e+19,900310613868833.5,3.975741538241706e-13,9.694802453709444e-09,1.242525043668155,1.8481173713358205e+19,0,-11768397.133632408,2.479137968151093,0.8943678538181873,2.479137968151093,123.33085319067153,1.8481173713358205e+19,0.0,False,True,1144,2207,3.2043925197554478e-09,1.9012395511408505e-08,1293,2231,4.111833672217584e-09,1.9791535850082924e-08,661,1159,1.427947483165065e-09,3.2913506061418103e-09,2.679818708072048e-28,3.236015487090385e-32,4.724027182871601e-10,-11768397.133632408,solver_active_cfl_diagnostics: smallest_contiguous_99.9999_percent_M0_or_M3_support_plus_reachable_faces,"solver_active_cfl_diagnostics: M0_quantile_band_[1e-8,1e-6]_plus_reachable_faces",solver_active_cfl_diagnostics: quantile_tail_characteristic_reaches_Rmin,0.9999990034063674,0.9999990067141405,1.0003577597676437e-06
current_implicit_policy,195,295.1804556732368,296.4228686069997,0.08233968572416658,UNBOUNDED,legacy_active_cell_cfl,0.35,1.8479508747480994e+19,934948911615477.9,4.128703101777579e-13,1.0067797560968516e-08,1.2424129337629053,1.8479508747480994e+19,0,-11768398.753664346,2.478995585359686,0.8881700471041466,2.478995585359686,131.0845729569726,1.8479508747480994e+19,0.0,False,True,1144,2209,3.2043925197554478e-09,1.9076135342162286e-08,1294,2232,4.1187204499731925e-09,1.982468405589743e-08,657,1157,1.4184209129517658e-09,3.280353088729405e-09,2.768664013737692e-28,3.3432819387842674e-32,4.724027182871601e-10,-11768398.753664346,solver_active_cfl_diagnostics: smallest_contiguous_99.9999_percent_M0_or_M3_support_plus_reachable_faces,"solver_active_cfl_diagnostics: M0_quantile_band_[1e-8,1e-6]_plus_reachable_faces",solver_active_cfl_diagnostics: quantile_tail_characteristic_reaches_Rmin,0.9999990031102345,0.9999990000195208,9.988051747130143e-07
current_implicit_policy,196,296.4228686069997,297.6558525551308,0.08268218126531411,UNBOUNDED,legacy_active_cell_cfl,0.35,1.833926558911725e+19,970441867443482.8,4.2854388067960866e-13,1.0449995871140692e-08,1.232983948131096,1.833926558911725e+19,0,-11768400.359273974,2.5432887364776393,0.8693569536451512,2.5432887364776393,137.26431041036767,1.833926558911725e+19,0.0,False,True,1139,2206,3.177692159138233e-09,1.8980605506702153e-08,1296,2235,4.132528628129696e-09,1.9924462158616037e-08,653,1155,1.408957899375597e-09,3.2693923177483916e-09,2.859910134504409e-28,3.453446433376124e-32,4.724027182871601e-10,-11768400.359273974,solver_active_cfl_diagnostics: smallest_contiguous_99.9999_percent_M0_or_M3_support_plus_reachable_faces,"solver_active_cfl_diagnostics: M0_quantile_band_[1e-8,1e-6]_plus_reachable_faces",solver_active_cfl_diagnostics: quantile_tail_characteristic_reaches_Rmin,0.9999990007805264,0.9999990104513828,9.974626076195461e-07
current_implicit_policy,197,297.6558525551308,298.88872851706975,0.08302464681029716,UNBOUNDED,legacy_active_cell_cfl,0.35,1.833766187555455e+19,1007078736949170.6,4.447225996329459e-13,1.084451217130254e-08,1.2328759619389222,1.833766187555455e+19,0,-11768401.93865092,2.5771187846259793,0.8999243025119943,2.5771187846259793,147.1126890060849,1.833766187555455e+19,0.0,False,True,1137,2206,3.167074413102252e-09,1.8980605506702153e-08,1291,2231,4.09809464291978e-09,1.9791535850082924e-08,649,1153,1.3995580184176328e-09,3.2584681704164943e-09,2.9528847608243993e-28,3.5656972505281103e-32,4.724027182871601e-10,-11768401.93865092,solver_active_cfl_diagnostics: smallest_contiguous_99.9999_percent_M0_or_M3_support_plus_reachable_faces,"solver_active_cfl_diagnostics: M0_quantile_band_[1e-8,1e-6]_plus_reachable_faces",solver_active_cfl_diagnostics: quantile_tail_characteristic_reaches_Rmin,0.9999990000834889,0.9999990056925765,9.961278268098486e-07
current_implicit_policy,198,298.88872851706975,300.121497467387,0.08336708262982971,UNBOUNDED,legacy_active_cell_cfl,0.35,1.8336072635433615e+19,1044889520917128.6,4.614197152838334e-13,1.1251669518491877e-08,1.2327689503172083,1.8336072635433615e+19,0,-11768403.504047018,2.5941268037069736,0.887536481984665,2.5941268037069736,156.5113394614117,1.8336072635433615e+19,0.0,False,True,1136,2207,3.161778851559916e-09,1.9012395511408505e-08,1293,2233,4.111833672217584e-09,1.9857887780573993e-08,645,1151,1.3902208488877782e-09,3.247580524361694e-09,3.0483207994530125e-28,3.680919232947739e-32,4.724027182871601e-10,-11768403.504047018,solver_active_cfl_diagnostics: smallest_contiguous_99.9999_percent_M0_or_M3_support_plus_reachable_faces,"solver_active_cfl_diagnostics: M0_quantile_band_[1e-8,1e-6]_plus_reachable_faces",solver_active_cfl_diagnostics: quantile_tail_characteristic_reaches_Rmin,0.9999990009448942,0.999999002739371,9.949917888677212e-07
current_implicit_policy,199,300.121497467387,301.3541603726038,0.08370948899238995,UNBOUNDED,legacy_active_cell_cfl,0.35,1.8334497749216328e+19,1083904813054395.8,4.786487377109051e-13,1.1671797354505232e-08,1.232662905216844,1.8334497749216328e+19,0,-11768405.055572696,2.628621489337381,0.8998628831221637,2.628621489337381,167.87363434444757,1.8334497749216328e+19,0.0,False,True,1134,2207,3.1512142772756326e-09,1.9012395511408505e-08,1291,2232,4.09809464291978e-09,1.982468405589743e-08,641,1149,1.38094597240593e-09,3.236729257620858e-09,3.146267443065266e-28,3.799171748579024e-32,4.724027182871601e-10,-11768405.055572696,solver_active_cfl_diagnostics: smallest_contiguous_99.9999_percent_M0_or_M3_support_plus_reachable_faces,"solver_active_cfl_diagnostics: M0_quantile_band_[1e-8,1e-6]_plus_reachable_faces",solver_active_cfl_diagnostics: quantile_tail_characteristic_reaches_Rmin,0.9999990000819319,0.9999990048665628,9.940485083988165e-07
current_implicit_policy,200,301.3541603726038,302.57748362975383,0.08404930100826495,UNBOUNDED,legacy_active_cell_cfl,0.35,1.819558318874718e+19,1123844789954830.2,4.96286097834553e-13,1.2101882460790389e-08,1.2233232571499861,1.819558318874718e+19,0,-11768406.593337458,2.626140555179348,0.905513721025267,2.626140555179348,177.38904933613145,1.819558318874718e+19,0.0,False,True,1133,2208,3.1459452349476836e-09,1.9044238760169634e-08,1289,2231,4.084401520373341e-09,1.9791535850082924e-08,637,1147,1.3717329733832082e-09,3.225914248638374e-09,3.246774475658998e-28,3.9205148788150174e-32,4.724027182871601e-10,-11768406.593337458,solver_active_cfl_diagnostics: smallest_contiguous_99.9999_percent_M0_or_M3_support_plus_reachable_faces,"solver_active_cfl_diagnostics: M0_quantile_band_[1e-8,1e-6]_plus_reachable_faces",solver_active_cfl_diagnostics: quantile_tail_characteristic_reaches_Rmin,0.9999990000830333,0.9999990046065149,9.93292205257846e-07
current_implicit_policy,201,302.57748362975383,303.800704731335,0.08438908464759305,UNBOUNDED,legacy_active_cell_cfl,0.35,1.8194066076070382e+19,1165032883875333.8,5.144746222569257e-13,1.2545407648489983e-08,1.223221101581158,1.8194066076070382e+19,0,-11768408.106041213,2.732543972517281,0.8930616086457217,2.732543972517281,187.43833124263548,1.8194066076070382e+19,0.0,False,True,1127,2205,3.1145154803082065e-09,1.8948868657022927e-08,1291,2233,4.09809464291978e-09,1.9857887780573993e-08,634,1145,1.3648635827602074e-09,3.2151353762647884e-09,3.349099957387383e-28,4.044052853926954e-32,4.724027182871601e-10,-11768408.106041213,solver_active_cfl_diagnostics: smallest_contiguous_99.9999_percent_M0_or_M3_support_plus_reachable_faces,"solver_active_cfl_diagnostics: M0_quantile_band_[1e-8,1e-6]_plus_reachable_faces",solver_active_cfl_diagnostics: quantile_tail_characteristic_reaches_Rmin,0.9999990031499894,0.9999990023018129,9.924432947657893e-07
current_implicit_policy,202,303.800704731335,305.0238245951888,0.08472884016533022,UNBOUNDED,legacy_active_cell_cfl,0.35,1.8192562594260308e+19,1207500775365678.5,5.332283010027707e-13,1.3002714062834271e-08,1.2231198638538099,1.8192562594260308e+19,0,-11768409.605403002,2.7688454468711723,0.9054540047840457,2.7688454468711723,202.89521901646924,1.8192562594260308e+19,0.0,False,True,1125,2205,3.104108828959067e-09,1.8948868657022927e-08,1289,2232,4.084401520373341e-09,1.982468405589743e-08,630,1143,1.3557578776092588e-09,3.2043925197554478e-09,3.454046735910393e-28,4.1707549396880503e-32,4.724027182871601e-10,-11768409.605403002,solver_active_cfl_diagnostics: smallest_contiguous_99.9999_percent_M0_or_M3_support_plus_reachable_faces,"solver_active_cfl_diagnostics: M0_quantile_band_[1e-8,1e-6]_plus_reachable_faces",solver_active_cfl_diagnostics: quantile_tail_characteristic_reaches_Rmin,0.9999990018565783,0.9999990041079926,9.918534434830377e-07
current_implicit_policy,203,305.0238245951888,306.24684413166,0.08506856781435,UNBOUNDED,legacy_active_cell_cfl,0.35000000000000003,1.819107263198336e+19,1251280748683035.8,5.52561390692002e-13,1.3474149349947622e-08,1.2230195364712355,1.819107263198336e+19,0,-11768411.091527192,2.8056220379130625,0.918007200698757,2.8056220379130625,219.75583942895514,1.819107263198336e+19,0.0,False,True,1123,2205,3.0937369497576303e-09,1.8948868657022927e-08,1287,2231,4.070754151188259e-09,1.9791535850082924e-08,626,1141,1.3467129212887013e-09,3.1936855587691483e-09,3.5616653138955423e-28,4.300682084342758e-32,4.724027182871601e-10,-11768411.091527192,solver_active_cfl_diagnostics: smallest_contiguous_99.9999_percent_M0_or_M3_support_plus_reachable_faces,"solver_active_cfl_diagnostics: M0_quantile_band_[1e-8,1e-6]_plus_reachable_faces",solver_active_cfl_diagnostics: quantile_tail_characteristic_reaches_Rmin,0.9999990004560311,0.9999990035461509,9.914353011608164e-07
current_implicit_policy,204,306.24684413166,307.4697642436639,0.0854082678454622,UNBOUNDED,legacy_active_cell_cfl,0.35,1.8189596078903777e+19,1296405698855456.2,5.724884176589103e-13,1.39600677329101e-08,1.2229201120039193,1.8189596078903777e+19,0,-11768412.564517288,2.824115035187341,0.9053953576709077,2.824115035187341,236.24588250523584,1.8189596078903777e+19,0.0,False,True,1122,2206,3.0885640133891436e-09,1.8980605506702153e-08,1289,2233,4.084401520373341e-09,1.9857887780573993e-08,623,1139,1.3399688265611701e-09,3.1830143733667876e-09,3.672006769923001e-28,4.433895930990046e-32,4.724027182871601e-10,-11768412.564517288,solver_active_cfl_diagnostics: smallest_contiguous_99.9999_percent_M0_or_M3_support_plus_reachable_faces,"solver_active_cfl_diagnostics: M0_quantile_band_[1e-8,1e-6]_plus_reachable_faces",solver_active_cfl_diagnostics: quantile_tail_characteristic_reaches_Rmin,0.999999002186407,0.9999990017922189,9.911012124588239e-07
current_implicit_policy,205,307.4697642436639,308.6834346323842,0.08574539850899561,UNBOUNDED,legacy_active_cell_cfl,0.3499999999999999,1.805201882425981e+19,1342550603824899.8,5.928658532504851e-13,1.4456969281145237e-08,1.2136703887202753,1.805201882425981e+19,0,-11768414.024475928,2.821454927450159,0.9110780224765592,2.821454927450159,252.20071128170704,1.805201882425981e+19,0.0,False,True,1121,2207,3.08339972651837e-09,1.9012395511408505e-08,1287,2232,4.070754151188259e-09,1.982468405589743e-08,619,1137,1.3310292071001148e-09,3.1723788440100194e-09,3.7851227822016392e-28,4.5704588462201115e-32,4.724027182871601e-10,-11768414.024475928,solver_active_cfl_diagnostics: smallest_contiguous_99.9999_percent_M0_or_M3_support_plus_reachable_faces,"solver_active_cfl_diagnostics: M0_quantile_band_[1e-8,1e-6]_plus_reachable_faces",solver_active_cfl_diagnostics: quantile_tail_characteristic_reaches_Rmin,0.9999990030538912,0.9999990032001973,9.910113525999765e-07
current_implicit_policy,206,308.6834346323842,309.89700923477744,0.08608250256521596,UNBOUNDED,legacy_active_cell_cfl,0.3499999999999999,1.8050596310354491e+19,1390086574500635.0,6.138575788021839e-13,1.496885022317501e-08,1.2135746023932297,1.8050596310354491e+19,0,-11768415.46068602,2.8589193959164536,0.9236985550244728,2.8589193959164536,280.46178322463345,1.8050596310354491e+19,0.0,False,True,1119,2207,3.0730970434439765e-09,1.9012395511408505e-08,1285,2231,4.057152382487053e-09,1.9791535850082924e-08,615,1135,1.3221492284266095e-09,3.161778851559916e-09,3.9001766045013764e-28,4.709360623080124e-32,4.724027182871601e-10,-11768415.46068602,solver_active_cfl_diagnostics: smallest_contiguous_99.9999_percent_M0_or_M3_support_plus_reachable_faces,"solver_active_cfl_diagnostics: M0_quantile_band_[1e-8,1e-6]_plus_reachable_faces",solver_active_cfl_diagnostics: quantile_tail_characteristic_reaches_Rmin,0.9999990016467357,0.999999002347257,9.908903955045552e-07
current_implicit_policy,207,309.89700923477744,311.1104889085728,0.08641958025238133,UNBOUNDED,legacy_active_cell_cfl,0.35,1.8049186534505505e+19,1439047593203817.0,6.354786007932931e-13,1.549607649036292e-08,1.2134796737953242,1.8049186534505505e+19,0,-11768416.884259116,2.8968746781806765,0.911020997727328,2.8968746781806765,302.0559969444381,1.8049186534505505e+19,0.0,False,True,1117,2207,3.0628287851240574e-09,1.9012395511408505e-08,1287,2233,4.070754151188259e-09,1.9857887780573993e-08,612,1133,1.3155281442300543e-09,3.1512142772756326e-09,4.0180664125090333e-28,4.851685592719107e-32,4.724027182871601e-10,-11768416.884259116,solver_active_cfl_diagnostics: smallest_contiguous_99.9999_percent_M0_or_M3_support_plus_reachable_faces,"solver_active_cfl_diagnostics: M0_quantile_band_[1e-8,1e-6]_plus_reachable_faces",solver_active_cfl_diagnostics: quantile_tail_characteristic_reaches_Rmin,0.9999990001392678,0.999999001216339,9.90839566164286e-07
current_implicit_policy,208,311.1104889085728,312.3238745045757,0.08675663180682659,UNBOUNDED,legacy_active_cell_cfl,0.35000000000000003,1.8047789393890474e+19,1489468262530868.2,6.577441996145808e-13,1.6039020693374155e-08,1.2133855960029172,1.8047789393890474e+19,0,-11768418.295293074,2.9159635520957212,0.9236406460954314,2.9159635520957212,339.3965582448313,1.8047789393890474e+19,0.0,False,True,1116,2208,3.057707529286758e-09,1.9044238760169634e-08,1285,2232,4.057152382487053e-09,1.982468405589743e-08,608,1131,1.3067515810991748e-09,3.140685002813079e-09,4.138844530084042e-28,4.99749690049032e-32,4.724027182871601e-10,-11768418.295293074,solver_active_cfl_diagnostics: smallest_contiguous_99.9999_percent_M0_or_M3_support_plus_reachable_faces,"solver_active_cfl_diagnostics: M0_quantile_band_[1e-8,1e-6]_plus_reachable_faces",solver_active_cfl_diagnostics: quantile_tail_characteristic_reaches_Rmin,0.9999990002862376,0.9999990023221037,9.910201503975619e-07
current_implicit_policy,209,312.3238745045757,313.5280967629004,0.08709113798969456,UNBOUNDED,legacy_active_cell_cfl,0.35,1.791149685322557e+19,1540984326323679.2,6.804935209657592e-13,1.659376041760977e-08,1.2042222583247013,1.791149685322557e+19,0,-11768419.693884967,2.894017303480072,0.9167075143130603,2.894017303480072,363.3345812626316,1.791149685322557e+19,0.0,False,True,1116,2211,3.057707529286758e-09,1.9140088863296224e-08,1285,2233,4.057152382487053e-09,1.9857887780573993e-08,605,1129,1.3002076055354365e-09,3.1301909102235915e-09,4.2625638408668125e-28,5.14685836713739e-32,4.724027182871601e-10,-11768419.693884967,solver_active_cfl_diagnostics: smallest_contiguous_99.9999_percent_M0_or_M3_support_plus_reachable_faces,"solver_active_cfl_diagnostics: M0_quantile_band_[1e-8,1e-6]_plus_reachable_faces",solver_active_cfl_diagnostics: quantile_tail_characteristic_reaches_Rmin,0.9999990093682809,0.9999990120057342,9.912615069055393e-07
current_implicit_policy,210,313.5280967629004,314.7322283770306,0.08742561899361961,UNBOUNDED,legacy_active_cell_cfl,0.35,1.7910150713328515e+19,1594007811400026.0,7.039085145105409e-13,1.7164732485808986e-08,1.2041316141301823,1.7910150713328515e+19,0,-11768421.069778157,3.0310642390264206,0.9166799136670276,3.0310642390264206,416.3055592627429,1.7910150713328515e+19,0.0,False,True,1110,2207,3.0271593187403135e-09,1.9012395511408505e-08,1285,2233,4.057152382487053e-09,1.9857887780573993e-08,601,1127,1.291533253577797e-09,3.1197318819526136e-09,4.388307973649612e-28,5.298663675533119e-32,4.724027182871601e-10,-11768421.069778157,solver_active_cfl_diagnostics: smallest_contiguous_99.9999_percent_M0_or_M3_support_plus_reachable_faces,"solver_active_cfl_diagnostics: M0_quantile_band_[1e-8,1e-6]_plus_reachable_faces",solver_active_cfl_diagnostics: quantile_tail_characteristic_reaches_Rmin,0.9999990046125194,0.9999990005805044,9.91541233588188e-07
current_implicit_policy,211,314.7322283770306,315.9362701554403,0.08776007504317786,UNBOUNDED,legacy_active_cell_cfl,0.35,1.7908816579927177e+19,1648574396736258.2,7.280049359654673e-13,1.775232109940421e-08,1.2040417784096824,1.7908816579927177e+19,0,-11768422.43360388,3.0712747077597005,0.9166525591967744,3.0712747077597005,469.7420016155871,1.7908816579927177e+19,0.0,False,True,1108,2207,3.017044553921321e-09,1.9012395511408505e-08,1285,2234,4.057152382487053e-09,1.9891147117099363e-08,598,1125,1.2850654886457206e-09,3.109307800838378e-09,4.517054599147886e-28,5.454093109210585e-32,4.724027182871601e-10,-11768422.43360388,solver_active_cfl_diagnostics: smallest_contiguous_99.9999_percent_M0_or_M3_support_plus_reachable_faces,"solver_active_cfl_diagnostics: M0_quantile_band_[1e-8,1e-6]_plus_reachable_faces",solver_active_cfl_diagnostics: quantile_tail_characteristic_reaches_Rmin,0.9999990028371806,0.9999990088855325,9.91873703093327e-07
current_implicit_policy,212,315.9362701554403,317.140222900148,0.08809450636115222,UNBOUNDED,legacy_active_cell_cfl,0.35,1.7907494357152387e+19,1704720389891466.5,7.527988186271147e-13,1.8356917228586763e-08,1.2039527447077185,1.7907494357152387e+19,0,-11768423.785454707,3.112012988736424,0.9357587417280204,3.112012988736424,559.8415537722321,1.7907494357152387e+19,0.0,False,True,1106,2207,3.0069635859582493e-09,1.9012395511408505e-08,1282,2232,4.036834897179688e-09,1.982468405589743e-08,594,1123,1.2764921575179287e-09,3.098918550110595e-09,4.64885717560307e-28,5.613211181959828e-32,4.724027182871601e-10,-11768423.785454707,solver_active_cfl_diagnostics: smallest_contiguous_99.9999_percent_M0_or_M3_support_plus_reachable_faces,"solver_active_cfl_diagnostics: M0_quantile_band_[1e-8,1e-6]_plus_reachable_faces",solver_active_cfl_diagnostics: quantile_tail_characteristic_reaches_Rmin,0.9999990009770957,0.9999990064483939,9.924219673914707e-07
current_implicit_policy,213,317.140222900148,318.3440874067732,0.08842891316854812,UNBOUNDED,legacy_active_cell_cfl,0.35,1.7906183949972371e+19,1762482733615846.5,7.783064762903253e-13,1.897891868346766e-08,1.2038645066251952,1.7906183949972371e+19,0,-11768425.125422461,3.111859198134664,0.9165985809381428,3.111859198134664,657.6802904163193,1.7906183949972371e+19,0.0,False,True,1106,2209,3.0069635859582493e-09,1.9076135342162286e-08,1285,2235,4.057152382487053e-09,1.9924462158616037e-08,591,1121,1.2700997156744114e-09,3.0885640133891436e-09,4.783769703445114e-28,5.776083061735411e-32,4.724027182871601e-10,-11768425.125422461,solver_active_cfl_diagnostics: smallest_contiguous_99.9999_percent_M0_or_M3_support_plus_reachable_faces,"solver_active_cfl_diagnostics: M0_quantile_band_[1e-8,1e-6]_plus_reachable_faces",solver_active_cfl_diagnostics: quantile_tail_characteristic_reaches_Rmin,0.9999990026151395,0.9999990040845534,9.930146697438732e-07
current_implicit_policy,214,318.3440874067732,319.53887541542633,0.08876079872650731,UNBOUNDED,legacy_active_cell_cfl,0.35,1.7771182854007163e+19,1821442757614896.2,8.043430255542998e-13,1.9613817102448235e-08,1.194788008653114,1.7771182854007163e+19,0,-11768426.453598222,3.1295856647207145,0.9351279256541196,3.1295856647207145,741.5176845700531,1.7771182854007163e+19,0.0,False,True,1104,2209,2.9969163019243527e-09,1.9076135342162286e-08,1281,2232,4.030085037578718e-09,1.982468405589743e-08,588,1119,1.2637392860234342e-09,3.078244074682768e-09,4.921846752439278e-28,5.942774603435465e-32,4.724027182871601e-10,-11768426.453598222,solver_active_cfl_diagnostics: smallest_contiguous_99.9999_percent_M0_or_M3_support_plus_reachable_faces,"solver_active_cfl_diagnostics: M0_quantile_band_[1e-8,1e-6]_plus_reachable_faces",solver_active_cfl_diagnostics: quantile_tail_characteristic_reaches_Rmin,0.9999990007052718,0.9999990003329755,9.937314401563627e-07
current_implicit_policy,215,319.53887541542633,320.7335783999297,0.08909266066664713,UNBOUNDED,legacy_active_cell_cfl,0.35,1.7769920184494213e+19,1882069217126898.0,8.311154671633811e-13,2.0266660176141358e-08,1.1947029845033776,1.7769920184494213e+19,0,-11768427.760251828,3.2346029175223525,0.9286893387319384,3.2346029175223525,1000.4301963802159,1.7769920184494213e+19,0.0,False,True,1099,2207,2.971944721349356e-09,1.9012395511408505e-08,1282,2234,4.036834897179688e-09,1.9891147117099363e-08,584,1117,1.255308232933917e-09,3.0679586183877785e-09,5.062064125763103e-28,6.112049342201186e-32,4.724027182871601e-10,-11768427.760251828,solver_active_cfl_diagnostics: smallest_contiguous_99.9999_percent_M0_or_M3_support_plus_reachable_faces,"solver_active_cfl_diagnostics: M0_quantile_band_[1e-8,1e-6]_plus_reachable_faces",solver_active_cfl_diagnostics: quantile_tail_characteristic_reaches_Rmin,0.999999004114166,0.9999990137644937,9.944716502122462e-07
current_implicit_policy,216,320.7335783999297,321.9281971165586,0.08942449919904405,UNBOUNDED,legacy_active_cell_cfl,0.35,1.7768668746210634e+19,1944400122386410.5,8.586405863099333e-13,2.0937857209635277e-08,1.1946187166289122,1.7768668746210634e+19,0,-11768429.055466494,3.108663940651174,0.9286628914510571,3.108663940651174,1353.3903057448495,1.7768668746210634e+19,0.0,False,True,1105,2215,3.0019357404933215e-09,1.926863984472918e-08,1282,2234,4.036834897179688e-09,1.9891147117099363e-08,581,1115,1.2490218763531435e-09,3.057707529286758e-09,5.205507303024033e-28,6.285217687995235e-32,4.724027182871601e-10,-11768429.055466494,solver_active_cfl_diagnostics: smallest_contiguous_99.9999_percent_M0_or_M3_support_plus_reachable_faces,"solver_active_cfl_diagnostics: M0_quantile_band_[1e-8,1e-6]_plus_reachable_faces",solver_active_cfl_diagnostics: quantile_tail_characteristic_reaches_Rmin,0.9999990012894729,0.9999990023049846,9.952450760050647e-07
current_implicit_policy,217,321.9281971165586,323.1227323156187,0.0897563145321163,UNBOUNDED,legacy_active_cell_cfl,0.35,1.776742845050379e+19,2008474125848484.2,8.869354517887405e-13,2.1627824423632382e-08,1.194535199060131,1.776742845050379e+19,0,-11768430.339329112,3.2990598097736386,0.9415002039167204,3.2990598097736386,2153.30380852002,1.776742845050379e+19,0.0,False,True,1096,2208,2.9570617597255925e-09,1.9044238760169634e-08,1280,2233,4.023346464197223e-09,1.9857887780573993e-08,578,1113,1.2427670007091024e-09,3.047490692547267e-09,5.352231353491939e-28,6.462346098173734e-32,4.724027182871601e-10,-11768430.339329112,solver_active_cfl_diagnostics: smallest_contiguous_99.9999_percent_M0_or_M3_support_plus_reachable_faces,"solver_active_cfl_diagnostics: M0_quantile_band_[1e-8,1e-6]_plus_reachable_faces",solver_active_cfl_diagnostics: quantile_tail_characteristic_reaches_Rmin,0.999999002448454,0.9999990043701968,9.96132221775547e-07
current_implicit_policy,218,323.1227323156187,324.31718474149756,0.09008810687263821,UNBOUNDED,legacy_active_cell_cfl,0.35,1.776619920948484e+19,2074330528556958.2,9.160174188092247e-13,2.2336985023024816e-08,1.1944524258788787,1.776619920948484e+19,0,-11768431.61192588,3.342791043027455,0.9545041327277071,3.342791043027455,6163.581603261302,1.776619920948484e+19,0.0,False,True,1094,2208,2.9471812145987817e-09,1.9044238760169634e-08,1278,2232,4.009903100638937e-09,1.982468405589743e-08,575,1111,1.2365434483509563e-09,3.037307993720563e-09,5.502291869927589e-28,6.643501661699336e-32,4.724027182871601e-10,-11768431.61192588,solver_active_cfl_diagnostics: smallest_contiguous_99.9999_percent_M0_or_M3_support_plus_reachable_faces,"solver_active_cfl_diagnostics: M0_quantile_band_[1e-8,1e-6]_plus_reachable_faces",solver_active_cfl_diagnostics: quantile_tail_characteristic_reaches_Rmin,0.9999990002936122,0.9999990042060425,9.971295988723043e-07
current_implicit_policy,219,324.31718474149756,325.5026460051093,0.09041740166808591,UNBOUNDED,legacy_active_cell_cfl,0.35,1.763246720054622e+19,2141490627806638.0,9.45675093858948e-13,2.3060184200027994e-08,1.185461263611709,1.763246720054622e+19,0,-11768432.873342296,3.317700104334457,0.9344247129880633,3.317700104334457,1.763246720054622e+19,1.763246720054622e+19,1.763246720054622e+19,True,True,1094,2210,2.9471812145987817e-09,1.9108085346712577e-08,1280,2234,4.023346464197223e-09,1.9891147117099363e-08,571,1109,1.2282938326463226e-09,3.0271593187403135e-09,5.655744997770039e-28,6.828752134383888e-32,4.724027182871601e-10,-11768432.873342296,solver_active_cfl_diagnostics: smallest_contiguous_99.9999_percent_M0_or_M3_support_plus_reachable_faces,"solver_active_cfl_diagnostics: M0_quantile_band_[1e-8,1e-6]_plus_reachable_faces",solver_active_cfl_diagnostics: quantile_tail_characteristic_reaches_Rmin,0.9999990009553787,0.9999990016735576,9.983189966045553e-07
current_implicit_policy,220,325.5026460051093,326.6880275048464,0.09074667430690178,UNBOUNDED,legacy_active_cell_cfl,0.35,1.7631282657555827e+19,2210485422347746.2,9.761429642088027e-13,2.3803139901211993e-08,1.1853814997370906,1.7631282657555827e+19,0,-11768434.11434675,3.4289667329909586,0.9473313144992603,3.4289667329909586,1.7631282657555827e+19,1.7631282657555827e+19,1.7631282657555827e+19,True,True,1089,2208,2.9226240479130866e-09,1.9044238760169634e-08,1278,2233,4.009903100638937e-09,1.9857887780573993e-08,568,1107,1.2221427592960482e-09,3.017044553921321e-09,5.811451158159463e-28,7.016721785270223e-32,4.724027182871601e-10,-11768434.11434675,solver_active_cfl_diagnostics: smallest_contiguous_99.9999_percent_M0_or_M3_support_plus_reachable_faces,"solver_active_cfl_diagnostics: M0_quantile_band_[1e-8,1e-6]_plus_reachable_faces",solver_active_cfl_diagnostics: quantile_tail_characteristic_reaches_Rmin,0.9999990047834316,0.9999990034610079,9.993487079119352e-07
current_implicit_policy,221,326.6880275048464,327.87332994850647,0.09107592498569624,UNBOUNDED,legacy_active_cell_cfl,0.35,1.7630108625798965e+19,2281355266909499.0,1.0074388503721468e-12,2.456628667785478e-08,1.1853024436600959,1.7630108625798965e+19,0,-11768435.344503758,3.4744075766660045,0.9604054410793148,3.4744075766660045,1.7630108625798965e+19,1.7630108625798965e+19,1.7630108625798965e+19,True,True,1087,2208,2.9128585708481813e-09,1.9044238760169634e-08,1276,2232,3.996504655912615e-09,1.982468405589743e-08,565,1105,1.2160224894085568e-09,3.0069635859582493e-09,5.970610905854686e-28,7.208859919092774e-32,4.724027182871601e-10,-11768435.344503758,solver_active_cfl_diagnostics: smallest_contiguous_99.9999_percent_M0_or_M3_support_plus_reachable_faces,"solver_active_cfl_diagnostics: M0_quantile_band_[1e-8,1e-6]_plus_reachable_faces",solver_active_cfl_diagnostics: quantile_tail_characteristic_reaches_Rmin,0.9999990025458001,0.9999990030350133,1.0004792371637621e-06
current_implicit_policy,222,327.87332994850647,329.0585540383634,0.09140515389954539,UNBOUNDED,legacy_active_cell_cfl,0.35,1.7628945023244206e+19,2354141170522562.0,1.0395808617996686e-12,2.5350066126939656e-08,1.185224089856953,1.7628945023244206e+19,0,-11768436.563894918,3.520447124806455,0.9472797920813468,3.520447124806455,1.7628945023244206e+19,1.7628945023244206e+19,1.7628945023244206e+19,True,True,1085,2208,2.9031257235504793e-09,1.9044238760169634e-08,1278,2234,4.009903100638937e-09,1.9891147117099363e-08,562,1102,1.2099328687256782e-09,2.9919052561944467e-09,6.133280806162828e-28,7.405234798053857e-32,4.724027182871601e-10,-11768436.563894918,solver_active_cfl_diagnostics: smallest_contiguous_99.9999_percent_M0_or_M3_support_plus_reachable_faces,"solver_active_cfl_diagnostics: M0_quantile_band_[1e-8,1e-6]_plus_reachable_faces",solver_active_cfl_diagnostics: quantile_tail_characteristic_reaches_Rmin,0.9999990002476004,0.9999990010867594,9.905755870139584e-07
current_implicit_policy,223,329.0585540383634,330.23486927921846,0.09173190813311624,UNBOUNDED,legacy_active_cell_cfl,0.35000000000000003,1.749643718716953e+19,2428313019561115.5,1.0723349020884498e-12,2.6148769833169536e-08,1.176315240855025,1.749643718716953e+19,0,-11768437.772601174,3.4940556214855154,0.9466753922184423,3.4940556214855154,1.749643718716953e+19,1.749643718716953e+19,1.749643718716953e+19,True,True,1085,2210,2.9031257235504793e-09,1.9108085346712577e-08,1277,2234,4.003198272814119e-09,1.9891147117099363e-08,559,1100,1.203873743761739e-09,2.981908287141722e-09,6.299517927881923e-28,7.60591529183372e-32,4.724027182871601e-10,-11768437.772601174,solver_active_cfl_diagnostics: smallest_contiguous_99.9999_percent_M0_or_M3_support_plus_reachable_faces,"solver_active_cfl_diagnostics: M0_quantile_band_[1e-8,1e-6]_plus_reachable_faces",solver_active_cfl_diagnostics: quantile_tail_characteristic_reaches_Rmin,0.9999990013699533,0.999999006354558,9.919597375107314e-07
current_implicit_policy,224,330.23486927921846,331.41110900870274,0.09205864139130632,UNBOUNDED,legacy_active_cell_cfl,0.35000000000000003,1.7495315803777507e+19,2504454625008895.5,1.1059587802149442e-12,2.696868444036538e-08,1.1762397294842846,1.7495315803777507e+19,0,-11768438.961785078,3.6351160695226548,0.9663418379161927,3.6351160695226548,1.7495315803777507e+19,1.7495315803777507e+19,1.7495315803777507e+19,True,True,1079,2207,2.8741218718097916e-09,1.9012395511408505e-08,1274,2232,3.983150979929224e-09,1.982468405589743e-08,556,1098,1.1978449617996952e-09,2.971944721349356e-09,6.468086962568841e-28,7.809410126049807e-32,4.724027182871601e-10,-11768438.961785078,solver_active_cfl_diagnostics: smallest_contiguous_99.9999_percent_M0_or_M3_support_plus_reachable_faces,"solver_active_cfl_diagnostics: M0_quantile_band_[1e-8,1e-6]_plus_reachable_faces",solver_active_cfl_diagnostics: quantile_tail_characteristic_reaches_Rmin,0.9999990011638371,0.9999990018374774,9.932592278195608e-07
current_implicit_policy,225,331.41110900870274,332.5872738947592,0.09238535385965534,UNBOUNDED,legacy_active_cell_cfl,0.35,1.7494204339687643e+19,2582608027715692.5,1.1404710612777123e-12,2.7810262656434242e-08,1.1761648860564695,1.7494204339687643e+19,0,-11768440.140600614,3.6590352570249314,0.9531469156143951,3.6590352570249314,1.7494204339687643e+19,1.7494204339687643e+19,1.7494204339687643e+19,True,True,1078,2208,2.8693161466303083e-09,1.9044238760169634e-08,1276,2234,3.996504655912615e-09,1.9891147117099363e-08,553,1096,1.1918463708872812e-09,2.9620144472057396e-09,6.640283401140127e-28,8.017283190725537e-32,4.724027182871601e-10,-11768440.140600614,solver_active_cfl_diagnostics: smallest_contiguous_99.9999_percent_M0_or_M3_support_plus_reachable_faces,"solver_active_cfl_diagnostics: M0_quantile_band_[1e-8,1e-6]_plus_reachable_faces",solver_active_cfl_diagnostics: quantile_tail_characteristic_reaches_Rmin,0.9999990018809871,0.9999990004629844,9.946456145279845e-07
current_implicit_policy,226,332.5872738947592,333.76336460017257,0.09271204572227015,UNBOUNDED,legacy_active_cell_cfl,0.35,1.7493102718297414e+19,2662815927385688.0,1.1758906013232086e-12,2.86739642840159e-08,1.1760907054133416,1.7493102718297414e+19,0,-11768441.309125066,3.6831120885496964,0.9662909900036999,3.6831120885496964,1.7493102718297414e+19,1.7493102718297414e+19,1.7493102718297414e+19,True,True,1077,2209,2.8645184569467193e-09,1.9076135342162286e-08,1274,2233,3.983150979929224e-09,1.9857887780573993e-08,550,1094,1.1858778198331809e-09,2.952117353472196e-09,6.816164659892603e-28,8.229603774626497e-32,4.724027182871601e-10,-11768441.309125066,solver_active_cfl_diagnostics: smallest_contiguous_99.9999_percent_M0_or_M3_support_plus_reachable_faces,"solver_active_cfl_diagnostics: M0_quantile_band_[1e-8,1e-6]_plus_reachable_faces",solver_active_cfl_diagnostics: quantile_tail_characteristic_reaches_Rmin,0.9999990018286244,0.9999990016301671,9.96116043307526e-07
current_implicit_policy,227,333.76336460017257,334.93938178261277,0.09303871716183688,UNBOUNDED,legacy_active_cell_cfl,0.35000000000000003,1.7492010863651074e+19,2745121688446138.5,1.2122365499373725e-12,2.956025628367851e-08,1.1760171824402168,1.7492010863651074e+19,0,-11768442.467435082,3.6829509997488725,0.9796056862985856,3.6829509997488725,1.7492010863651074e+19,1.7492010863651074e+19,1.7492010863651074e+19,True,True,1077,2211,2.8645184569467193e-09,1.9140088863296224e-08,1272,2232,3.969841923101224e-09,1.982468405589743e-08,547,1092,1.1799391582032174e-09,2.942253329281734e-09,6.9957886387106925e-28,8.446441749984184e-32,4.724027182871601e-10,-11768442.467435082,solver_active_cfl_diagnostics: smallest_contiguous_99.9999_percent_M0_or_M3_support_plus_reachable_faces,"solver_active_cfl_diagnostics: M0_quantile_band_[1e-8,1e-6]_plus_reachable_faces",solver_active_cfl_diagnostics: quantile_tail_characteristic_reaches_Rmin,0.9999990019541354,0.999999000618459,9.97667725198801e-07
current_implicit_policy,228,334.93938178261277,336.1065727112351,0.09336293686423197,UNBOUNDED,legacy_active_cell_cfl,0.35,1.7360731373807196e+19,2828924551161619.0,1.2492436136317302e-12,3.0462669502590404e-08,1.167190928622361,1.7360731373807196e+19,0,-11768443.615606725,3.778054697738009,0.9524926720310575,3.778054697738009,1.7360731373807196e+19,1.7360731373807196e+19,1.7360731373807196e+19,True,True,1072,2209,2.840650071496556e-09,1.9076135342162286e-08,1275,2235,3.989822231189009e-09,1.9924462158616037e-08,544,1090,1.174030236316561e-09,2.932422264137819e-09,7.1792137542603e-28,8.667867612575286e-32,4.724027182871601e-10,-11768443.615606725,solver_active_cfl_diagnostics: smallest_contiguous_99.9999_percent_M0_or_M3_support_plus_reachable_faces,"solver_active_cfl_diagnostics: M0_quantile_band_[1e-8,1e-6]_plus_reachable_faces",solver_active_cfl_diagnostics: quantile_tail_characteristic_reaches_Rmin,0.9999990054416201,0.9999990021905585,9.992979338972153e-07
current_implicit_policy,229,336.1065727112351,337.2736927799956,0.0936871368833321,UNBOUNDED,legacy_active_cell_cfl,0.35,1.7359679074605128e+19,2914880945196426.5,1.2872016695490231e-12,3.138827256331592e-08,1.1671200687604701,1.7359679074605128e+19,0,-11768444.74525363,3.8534562386009346,0.9722639138488917,3.8534562386009346,1.7359679074605128e+19,1.7359679074605128e+19,1.7359679074605128e+19,True,True,1069,2208,2.826424609731766e-09,1.9044238760169634e-08,1272,2233,3.969841923101224e-09,1.9857887780573993e-08,541,1087,1.168150905241956e-09,2.917737223831264e-09,7.365075960200699e-28,8.892234705675783e-32,4.724027182871601e-10,-11768444.74525363,solver_active_cfl_diagnostics: smallest_contiguous_99.9999_percent_M0_or_M3_support_plus_reachable_faces,"solver_active_cfl_diagnostics: M0_quantile_band_[1e-8,1e-6]_plus_reachable_faces",solver_active_cfl_diagnostics: quantile_tail_characteristic_reaches_Rmin,0.9999990004911635,0.9999990006355977,9.9023601205609e-07
current_implicit_policy,230,337.2736927799956,338.440742614603,0.09401131739294527,UNBOUNDED,legacy_active_cell_cfl,0.35,1.735863606744569e+19,3003035244641781.0,1.3261303131394178e-12,3.2337543298773863e-08,1.1670498346073663,1.735863606744569e+19,0,-11768445.865060862,3.8788122382338748,0.9789234399646976,3.8788122382338748,1.735863606744569e+19,1.735863606744569e+19,1.735863606744569e+19,True,True,1068,2209,2.8216986375841946e-09,1.9076135342162286e-08,1271,2233,3.9632040802611075e-09,1.9857887780573993e-08,538,1085,1.162301016793968e-09,2.9079880753011647e-09,7.55479866109821e-28,9.121261306241911e-32,4.724027182871601e-10,-11768445.865060862,solver_active_cfl_diagnostics: smallest_contiguous_99.9999_percent_M0_or_M3_support_plus_reachable_faces,"solver_active_cfl_diagnostics: M0_quantile_band_[1e-8,1e-6]_plus_reachable_faces",solver_active_cfl_diagnostics: quantile_tail_characteristic_reaches_Rmin,0.9999990006166523,0.9999990055101441,9.918936286577344e-07
current_implicit_policy,231,338.440742614603,339.6077228359876,0.0943354785655521,UNBOUNDED,legacy_active_cell_cfl,0.35,1.73576022813675e+19,3093432491648251.5,1.3660494348658535e-12,3.331096673573735e-08,1.1669802213846434,1.73576022813675e+19,0,-11768446.975101037,3.8786486617257916,0.9655748253378165,3.8786486617257916,1.73576022813675e+19,1.73576022813675e+19,1.73576022813675e+19,True,True,1068,2211,2.8216986375841946e-09,1.9140088863296224e-08,1273,2235,3.976490883450477e-09,1.9924462158616037e-08,535,1083,1.1564804235292481e-09,2.8982715019791022e-09,7.748440546664964e-28,9.355018239329198e-32,4.724027182871601e-10,-11768446.975101037,solver_active_cfl_diagnostics: smallest_contiguous_99.9999_percent_M0_or_M3_support_plus_reachable_faces,"solver_active_cfl_diagnostics: M0_quantile_band_[1e-8,1e-6]_plus_reachable_faces",solver_active_cfl_diagnostics: quantile_tail_characteristic_reaches_Rmin,0.9999990011711075,0.9999990017330607,9.936205920077807e-07
current_implicit_policy,232,339.6077228359876,340.7746340603412,0.094659620572317,UNBOUNDED,legacy_active_cell_cfl,0.3499999999999999,1.7356577645998598e+19,3186118402036474.0,1.4069792226817164e-12,3.430903515525168e-08,1.166911224353584,1.7356577645998598e+19,0,-11768448.07544622,4.061891436357618,0.9788747307591831,4.061891436357618,1.7356577645998598e+19,1.7356577645998598e+19,1.7356577645998598e+19,True,True,1062,2208,2.793508288031815e-09,1.9044238760169634e-08,1271,2234,3.9632040802611075e-09,1.9891147117099363e-08,532,1081,1.150688978742817e-09,2.888587395020282e-09,7.9460607687809965e-28,9.593576887618655e-32,4.724027182871601e-10,-11768448.07544622,solver_active_cfl_diagnostics: smallest_contiguous_99.9999_percent_M0_or_M3_support_plus_reachable_faces,"solver_active_cfl_diagnostics: M0_quantile_band_[1e-8,1e-6]_plus_reachable_faces",solver_active_cfl_diagnostics: quantile_tail_characteristic_reaches_Rmin,0.9999990011544029,0.9999990041110831,9.954144332947804e-07
current_implicit_policy,233,340.7746340603412,341.9328002880389,0.09498133341334414,UNBOUNDED,legacy_active_cell_cfl,0.35,1.7226506611259857e+19,3280415177640572.5,1.448620363185486e-12,3.5324449832609564e-08,1.15816622769767,1.7226506611259857e+19,0,-11768449.166167902,4.058215682277729,0.9849682327805768,4.058215682277729,1.7226506611259857e+19,1.7226506611259857e+19,1.7226506611259857e+19,True,True,1061,2209,2.7888373541891814e-09,1.9076135342162286e-08,1269,2233,3.949961672782471e-09,1.9857887780573993e-08,529,1079,1.144926536464368e-09,2.8789356459435624e-09,8.14771897696117e-28,9.837009234239979e-32,4.724027182871601e-10,-11768449.166167902,solver_active_cfl_diagnostics: smallest_contiguous_99.9999_percent_M0_or_M3_support_plus_reachable_faces,"solver_active_cfl_diagnostics: M0_quantile_band_[1e-8,1e-6]_plus_reachable_faces",solver_active_cfl_diagnostics: quantile_tail_characteristic_reaches_Rmin,0.9999990013316037,0.9999990043865856,9.972727344988649e-07
current_implicit_policy,234,341.9328002880389,343.09090001452694,0.09530302778181304,UNBOUNDED,legacy_active_cell_cfl,0.35,1.7225519046347923e+19,3377058118816226.5,1.4912975625532452e-12,3.636512869256126e-08,1.1580997264880495,1.7225519046347923e+19,0,-11768450.239307342,4.058049474489719,0.971548756795784,4.058049474489719,1.7225519046347923e+19,1.7225519046347923e+19,1.7225519046347923e+19,True,True,1061,2211,2.7888373541891814e-09,1.9140088863296224e-08,1271,2235,3.9632040802611075e-09,1.9924462158616037e-08,526,1077,1.1391929514545865e-09,2.8693161466303083e-09,8.351914707657374e-28,1.0083503973691229e-31,4.724027182871601e-10,-11768450.239307342,solver_active_cfl_diagnostics: smallest_contiguous_99.9999_percent_M0_or_M3_support_plus_reachable_faces,"solver_active_cfl_diagnostics: M0_quantile_band_[1e-8,1e-6]_plus_reachable_faces",solver_active_cfl_diagnostics: quantile_tail_characteristic_reaches_Rmin,0.9999990022772284,0.999999001166153,9.990258774937353e-07
current_implicit_policy,235,343.09090001452694,344.24893382622304,0.09562470384061751,UNBOUNDED,legacy_active_cell_cfl,0.3499999999999999,1.7224540189931696e+19,3476093924609775.0,1.5350314429275595e-12,3.7431574603807917e-08,1.1580338116960827,1.7224540189931696e+19,0,-11768451.303105304,4.057884732346946,0.9849208711146513,4.057884732346946,1.7224540189931696e+19,1.7224540189931696e+19,1.7224540189931696e+19,True,True,1061,2213,2.7888373541891814e-09,1.9204256791216027e-08,1269,2234,3.949961672782471e-09,1.9891147117099363e-08,524,1074,1.135386521870229e-09,2.854947130346131e-09,8.560206686361604e-28,1.0334942708154055e-31,4.724027182871601e-10,-11768451.303105304,solver_active_cfl_diagnostics: smallest_contiguous_99.9999_percent_M0_or_M3_support_plus_reachable_faces,"solver_active_cfl_diagnostics: M0_quantile_band_[1e-8,1e-6]_plus_reachable_faces",solver_active_cfl_diagnostics: quantile_tail_characteristic_reaches_Rmin,0.9999990005875874,0.999999003293172,9.905534224002497e-07
current_implicit_policy,236,344.24893382622304,345.4069023051155,0.09594636175142097,UNBOUNDED,legacy_active_cell_cfl,0.35,1.7223569976234848e+19,3577569969830401.5,1.579842924865605e-12,3.852429771185848e-08,1.1579684788924853,1.7223569976234848e+19,0,-11768452.357630074,4.24958607560705,1.005317282343403,4.24958607560705,1.7223569976234848e+19,1.7223569976234848e+19,1.7223569976234848e+19,True,True,1054,2209,2.7563587707508483e-09,1.9076135342162286e-08,1267,2233,3.9367635126734565e-09,1.9857887780573993e-08,521,1072,1.1297007115280162e-09,2.84540778479027e-09,8.772654757172467e-28,1.0591397655388572e-31,4.724027182871601e-10,-11768452.357630074,solver_active_cfl_diagnostics: smallest_contiguous_99.9999_percent_M0_or_M3_support_plus_reachable_faces,"solver_active_cfl_diagnostics: M0_quantile_band_[1e-8,1e-6]_plus_reachable_faces",solver_active_cfl_diagnostics: quantile_tail_characteristic_reaches_Rmin,0.9999990019197808,0.9999990033315707,9.924642313845097e-07
current_implicit_policy,237,345.4069023051155,346.5648060287998,0.09626800167466662,UNBOUNDED,legacy_active_cell_cfl,0.35,1.7222608340020478e+19,3681534310398977.0,1.6257532297011995e-12,3.964381549662754e-08,1.1579037236842986,1.7222608340020478e+19,0,-11768453.402949406,4.249415053276174,0.9848743421084802,4.249415053276174,1.7222608340020478e+19,1.7222608340020478e+19,1.7222608340020478e+19,True,True,1054,2211,2.7563587707508483e-09,1.9140088863296224e-08,1269,2235,3.949961672782471e-09,1.9924462158616037e-08,518,1070,1.1240433746955949e-09,2.835900313419632e-09,8.989319204131398e-28,1.0852941563968544e-31,4.724027182871601e-10,-11768453.402949406,solver_active_cfl_diagnostics: smallest_contiguous_99.9999_percent_M0_or_M3_support_plus_reachable_faces,"solver_active_cfl_diagnostics: M0_quantile_band_[1e-8,1e-6]_plus_reachable_faces",solver_active_cfl_diagnostics: quantile_tail_characteristic_reaches_Rmin,0.9999990031070312,0.9999990005800801,9.944292130415636e-07
current_implicit_policy,238,346.5648060287998,347.7140447253017,0.09658723464591713,UNBOUNDED,legacy_active_cell_cfl,0.35,1.709372661725324e+19,3787225447558857.5,1.672426082132078e-12,4.078192792148254e-08,1.1492386965018837,1.709372661725324e+19,0,-11768454.439130541,4.27372265592372,0.9642415118435347,4.27372265592372,1.709372661725324e+19,1.709372661725324e+19,1.709372661725324e+19,True,True,1052,2211,2.7471488423039658e-09,1.9140088863296224e-08,1271,2238,3.9632040802611075e-09,2.00247424468804e-08,515,1068,1.118414368782778e-09,2.826424609731766e-09,9.210260789096037e-28,1.1119647759009373e-31,4.724027182871601e-10,-11768454.439130541,solver_active_cfl_diagnostics: smallest_contiguous_99.9999_percent_M0_or_M3_support_plus_reachable_faces,"solver_active_cfl_diagnostics: M0_quantile_band_[1e-8,1e-6]_plus_reachable_faces",solver_active_cfl_diagnostics: quantile_tail_characteristic_reaches_Rmin,0.999999000537832,0.9999990067527423,9.964462041415043e-07
current_implicit_policy,239,347.7140447253017,348.86322100627206,0.09690645027952001,UNBOUNDED,legacy_active_cell_cfl,0.35,1.7092799732072022e+19,3895464062793826.0,1.7202238923547308e-12,4.194747231960619e-08,1.1491762809703636,1.7092799732072022e+19,0,-11768455.45862026,4.41693745218559,1.011509720400185,4.41693745218559,1.7092799732072022e+19,1.7092799732072022e+19,1.7092799732072022e+19,True,True,1047,2209,2.7242584303751935e-09,1.9076135342162286e-08,1265,2233,3.923609452088614e-09,1.9857887780573993e-08,513,1066,1.1146773674824543e-09,2.8169805675800812e-09,9.433834939603393e-28,1.1389531004888882e-31,4.724027182871601e-10,-11768455.45862026,solver_active_cfl_diagnostics: smallest_contiguous_99.9999_percent_M0_or_M3_support_plus_reachable_faces,"solver_active_cfl_diagnostics: M0_quantile_band_[1e-8,1e-6]_plus_reachable_faces",solver_active_cfl_diagnostics: quantile_tail_characteristic_reaches_Rmin,0.9999990021640639,0.9999990021908985,9.982610083797766e-07
current_implicit_policy,240,348.86322100627206,350.01233542155467,0.09722564872820963,UNBOUNDED,legacy_active_cell_cfl,0.35,1.7091881012199102e+19,4006299164748751.5,1.7691683024227044e-12,4.3140976430117866e-08,1.1491144152826298,1.7091881012199102e+19,0,-11768456.469238171,4.446013352558365,0.9842026636172391,4.446013352558365,1.7091881012199102e+19,1.7091881012199102e+19,1.7091881012199102e+19,True,True,1046,2210,2.7197032869546295e-09,1.9108085346712577e-08,1268,2236,3.943357071058699e-09,1.995783299842251e-08,510,1063,1.109095264839715e-09,2.802873638409761e-09,9.661743128451793e-28,1.166464519030312e-31,4.724027182871601e-10,-11768456.469238171,solver_active_cfl_diagnostics: smallest_contiguous_99.9999_percent_M0_or_M3_support_plus_reachable_faces,"solver_active_cfl_diagnostics: M0_quantile_band_[1e-8,1e-6]_plus_reachable_faces",solver_active_cfl_diagnostics: quantile_tail_characteristic_reaches_Rmin,0.9999990020243867,0.9999990017886481,9.903199387105787e-07
current_implicit_policy,241,350.01233542155467,351.1613885168854,0.09754483014357927,UNBOUNDED,legacy_active_cell_cfl,0.35,1.7090970396629883e+19,4119780444063893.0,1.819281255556427e-12,4.436297533605857e-08,1.149053095330693,1.7090970396629883e+19,0,-11768457.471048506,4.358677537841739,1.0114632975352322,4.358677537841739,1.7090970396629883e+19,1.7090970396629883e+19,1.7090970396629883e+19,True,True,1049,2215,2.733391617783244e-09,1.926863984472918e-08,1265,2234,3.923609452088614e-09,1.9891147117099363e-08,507,1061,1.1035411163573707e-09,2.793508288031815e-09,9.894046234690853e-28,1.1945063781641133e-31,4.724027182871601e-10,-11768457.471048506,solver_active_cfl_diagnostics: smallest_contiguous_99.9999_percent_M0_or_M3_support_plus_reachable_faces,"solver_active_cfl_diagnostics: M0_quantile_band_[1e-8,1e-6]_plus_reachable_faces",solver_active_cfl_diagnostics: quantile_tail_characteristic_reaches_Rmin,0.9999990016807814,0.999999001543064,9.923510171449664e-07
current_implicit_policy,242,351.1613885168854,352.3018540849857,0.09786162613471824,UNBOUNDED,legacy_active_cell_cfl,0.35,1.696324128690337e+19,4235075833968066.5,1.8701953138545975e-12,4.560450910421118e-08,1.140465568100317,1.696324128690337e+19,0,-11768458.46411501,4.441900121040109,1.0108144463160376,4.441900121040109,1.696324128690337e+19,1.696324128690337e+19,1.696324128690337e+19,True,True,1045,2213,2.7151557600403963e-09,1.9204256791216027e-08,1264,2234,3.917048913051177e-09,1.9891147117099363e-08,505,1059,1.0998538116321315e-09,2.784174230462256e-09,1.0130805554567691e-27,1.2230860748666225e-31,4.724027182871601e-10,-11768458.46411501,solver_active_cfl_diagnostics: smallest_contiguous_99.9999_percent_M0_or_M3_support_plus_reachable_faces,"solver_active_cfl_diagnostics: M0_quantile_band_[1e-8,1e-6]_plus_reachable_faces",solver_active_cfl_diagnostics: quantile_tail_characteristic_reaches_Rmin,0.9999990001575493,0.9999990063433898,9.943356539785122e-07
current_implicit_policy,243,352.3018540849857,353.442260545129,0.09817840570698028,UNBOUNDED,legacy_active_cell_cfl,0.35,1.69623635257294e+19,4353077487090567.5,1.922304448932357e-12,4.687518468951586e-08,1.1404064601432886,1.69623635257294e+19,0,-11768459.441205468,4.621172655575816,0.9902855699766041,4.621172655575816,1.69623635257294e+19,1.69623635257294e+19,1.69623635257294e+19,True,True,1039,2210,2.6880298334991317e-09,1.9108085346712577e-08,1266,2236,3.930180979161539e-09,1.995783299842251e-08,502,1057,1.0943459426759286e-09,2.7748713611412113e-09,1.037025866312377e-27,1.2519908617552002e-31,4.724027182871601e-10,-11768459.441205468,solver_active_cfl_diagnostics: smallest_contiguous_99.9999_percent_M0_or_M3_support_plus_reachable_faces,"solver_active_cfl_diagnostics: M0_quantile_band_[1e-8,1e-6]_plus_reachable_faces",solver_active_cfl_diagnostics: quantile_tail_characteristic_reaches_Rmin,0.999999002339774,0.9999990013891058,9.962908257045334e-07
current_implicit_policy,244,353.442260545129,354.58260841696773,0.09849516900471326,UNBOUNDED,legacy_active_cell_cfl,0.35,1.6961493481464859e+19,4473836012719259.5,1.9756310096818412e-12,4.8175547067274015e-08,1.1403478718387174,1.6961493481464859e+19,0,-11768460.409805713,4.500587999047181,1.010769825310194,4.500587999047181,1.6961493481464859e+19,1.6961493481464859e+19,1.6961493481464859e+19,True,True,1043,2216,2.7060835048109727e-09,1.930091226886932e-08,1264,2235,3.917048913051177e-09,1.9924462158616037e-08,500,1055,1.090689362141082e-09,2.765599575858176e-09,1.061422327909713e-27,1.2814401576228685e-31,4.724027182871601e-10,-11768460.409805713,solver_active_cfl_diagnostics: smallest_contiguous_99.9999_percent_M0_or_M3_support_plus_reachable_faces,"solver_active_cfl_diagnostics: M0_quantile_band_[1e-8,1e-6]_plus_reachable_faces",solver_active_cfl_diagnostics: quantile_tail_characteristic_reaches_Rmin,0.9999990016896191,0.9999990044337927,9.981955085458611e-07
current_implicit_policy,245,354.58260841696773,355.72289821631125,0.09881191617119757,UNBOUNDED,legacy_active_cell_cfl,0.35,1.6960631097039184e+19,4597402701984716.0,2.0301976460946443e-12,4.9506148555064576e-08,1.140289799343503,1.6960631097039184e+19,0,-11768461.36997666,4.682237142960869,1.024640574768085,4.682237142960869,1.6960631097039184e+19,1.6960631097039184e+19,1.6960631097039184e+19,True,True,1037,2212,2.67904821517995e-09,1.9172145981538812e-08,1262,2234,3.903960725622545e-09,1.9891147117099363e-08,497,1052,1.0852273870903406e-09,2.7517499534010306e-09,1.0862760746879101e-27,1.311441365243493e-31,4.724027182871601e-10,-11768461.36997666,solver_active_cfl_diagnostics: smallest_contiguous_99.9999_percent_M0_or_M3_support_plus_reachable_faces,"solver_active_cfl_diagnostics: M0_quantile_band_[1e-8,1e-6]_plus_reachable_faces",solver_active_cfl_diagnostics: quantile_tail_characteristic_reaches_Rmin,0.9999990004687063,0.9999990054758057,9.906037804865866e-07
current_implicit_policy,246,355.72289821631125,356.8631304551566,0.0991286473486546,UNBOUNDED,legacy_active_cell_cfl,0.35,1.6959776315839304e+19,4723829532697787.0,2.0860273113980724e-12,5.0867548864836294e-08,1.1402322388453523,1.6959776315839304e+19,0,-11768462.321778757,4.839191748846424,1.0107259865305886,4.839191748846424,1.6959776315839304e+19,1.6959776315839304e+19,1.6959776315839304e+19,True,True,1032,2210,2.656725246625003e-09,1.9108085346712577e-08,1264,2236,3.917048913051177e-09,1.995783299842251e-08,495,1050,1.0816012747388718e-09,2.74255542457428e-09,1.1115932806883602e-27,1.3420019351738e-31,4.724027182871601e-10,-11768462.321778757,solver_active_cfl_diagnostics: smallest_contiguous_99.9999_percent_M0_or_M3_support_plus_reachable_faces,"solver_active_cfl_diagnostics: M0_quantile_band_[1e-8,1e-6]_plus_reachable_faces",solver_active_cfl_diagnostics: quantile_tail_characteristic_reaches_Rmin,0.9999990025756271,0.999999000980609,9.926090714402007e-07
current_implicit_policy,247,356.8631304551566,357.9948527673157,0.0994430146575877,UNBOUNDED,legacy_active_cell_cfl,0.35,1.6833201299489997e+19,4852188422368274.0,2.1427101674706644e-12,5.22497541386199e-08,1.1317223121591105,1.6833201299489997e+19,0,-11768463.265272003,4.7089451214098785,1.0170001078560695,4.7089451214098785,1.6833201299489997e+19,1.6833201299489997e+19,1.6833201299489997e+19,True,True,1035,2215,2.670096607490348e-09,1.926863984472918e-08,1262,2235,3.903960725622545e-09,1.9924462158616037e-08,492,1048,1.0761848111860625e-09,2.733391617783244e-09,1.1373801637878951e-27,1.3731293708643164e-31,4.724027182871601e-10,-11768463.265272003,solver_active_cfl_diagnostics: smallest_contiguous_99.9999_percent_M0_or_M3_support_plus_reachable_faces,"solver_active_cfl_diagnostics: M0_quantile_band_[1e-8,1e-6]_plus_reachable_faces",solver_active_cfl_diagnostics: quantile_tail_characteristic_reaches_Rmin,0.9999990037814233,0.9999990037111197,9.947375627335884e-07
current_implicit_policy,248,357.9948527673157,359.12651959366696,0.09975736655379637,UNBOUNDED,legacy_active_cell_cfl,0.35000000000000003,1.6832377333138946e+19,4983468907185480.0,2.200683190181726e-12,5.366341998541113e-08,1.131666826351266,1.6832377333138946e+19,0,-11768464.19359201,4.86680793034352,1.0309465589200755,4.86680793034352,1.6832377333138946e+19,1.6832377333138946e+19,1.6832377333138946e+19,True,True,1030,2212,2.6478482275358743e-09,1.9172145981538812e-08,1260,2234,3.890916270262103e-09,1.9891147117099363e-08,490,1046,1.072588913144116e-09,2.7242584303751935e-09,1.1634447438611472e-27,1.4045919310107282e-31,4.724027182871601e-10,-11768464.19359201,solver_active_cfl_diagnostics: smallest_contiguous_99.9999_percent_M0_or_M3_support_plus_reachable_faces,"solver_active_cfl_diagnostics: M0_quantile_band_[1e-8,1e-6]_plus_reachable_faces",solver_active_cfl_diagnostics: quantile_tail_characteristic_reaches_Rmin,0.999999001005826,0.9999990045328824,9.96650211495556e-07
current_implicit_policy,249,359.12651959366696,360.0,0.1,UNBOUNDED,maximum_dt,0.270161670810539,1.299212153245457e+19,5086566905596730.0,2.2462109212202165e-12,5.477360874979189e-08,0.8734804063330444,1.299212153245457e+19,0,-11768465.113842918,3.857047818004504,0.7796412568084155,3.857047818004504,1.299212153245457e+19,1.299212153245457e+19,1.299212153245457e+19,True,True,1025,2210,2.6257852305406576e-09,1.9108085346712577e-08,1262,2236,3.903960725622545e-09,1.995783299842251e-08,487,1044,1.067217581868092e-09,2.7151557600403963e-09,1.1899843492235615e-27,1.4366278096528562e-31,4.724027182871601e-10,-11768465.113842918,solver_active_cfl_diagnostics: smallest_contiguous_99.9999_percent_M0_or_M3_support_plus_reachable_faces,"solver_active_cfl_diagnostics: M0_quantile_band_[1e-8,1e-6]_plus_reachable_faces",solver_active_cfl_diagnostics: quantile_tail_characteristic_reaches_Rmin,0.9999990027823923,0.999999000567188,9.986833663780758e-07
