step,time_code,dt,phi_rhs_total_explicit_signed_mean,phi_rhs_total_explicit_abs_mean,phi_rhs_total_explicit_abs_max,phi_rhs_total_explicit_rms,phi_rhs_chem_signed_mean,phi_rhs_chem_abs_mean,phi_rhs_chem_abs_max,phi_rhs_chem_rms,phi_rhs_double_well_signed_mean,phi_rhs_double_well_abs_mean,phi_rhs_double_well_abs_max,phi_rhs_double_well_rms,phi_rhs_elastic_signed_mean,phi_rhs_elastic_abs_mean,phi_rhs_elastic_abs_max,phi_rhs_elastic_rms,phi_update_explicit_est_signed_mean,phi_update_explicit_est_abs_mean,phi_update_explicit_est_abs_max,phi_update_explicit_est_rms,dphi_actual_signed_mean,dphi_actual_abs_mean,dphi_actual_abs_max,dphi_actual_rms,eta_rhs_total_explicit_signed_mean,eta_rhs_total_explicit_abs_mean,eta_rhs_total_explicit_abs_max,eta_rhs_total_explicit_rms,eta_rhs_bulk_signed_mean,eta_rhs_bulk_abs_mean,eta_rhs_bulk_abs_max,eta_rhs_bulk_rms,eta_rhs_double_well_signed_mean,eta_rhs_double_well_abs_mean,eta_rhs_double_well_abs_max,eta_rhs_double_well_rms,eta_rhs_elastic_signed_mean,eta_rhs_elastic_abs_mean,eta_rhs_elastic_abs_max,eta_rhs_elastic_rms,eta_update_explicit_est_signed_mean,eta_update_explicit_est_abs_mean,eta_update_explicit_est_abs_max,eta_update_explicit_est_rms,deta_actual_signed_mean,deta_actual_abs_mean,deta_actual_abs_max,deta_actual_rms,phi_grad_denom_min,phi_grad_denom_max,phi_grad_denom_mean,phi_grad_denom_at_kmax,eta_grad_denom_min,eta_grad_denom_max,eta_grad_denom_mean,eta_grad_denom_at_kmax,eta_rhs_total_absmax_over_phi_rhs_total_absmax,eta_rhs_bulk_absmax_over_phi_chem_absmax,eta_rhs_dw_absmax_over_phi_dw_absmax,eta_rhs_elastic_absmax_over_phi_elastic_absmax,eta_Ldt_rhs_absmax_over_phi_Ldt_rhs_absmax,eta_Ldt_bulk_absmax_over_phi_Ldt_chem_absmax,eta_Ldt_dw_absmax_over_phi_Ldt_dw_absmax,eta_Ldt_elastic_absmax_over_phi_Ldt_elastic_absmax,deta_absmax_over_dphi_absmax,deta_absmean_over_dphi_absmean,deta_rms_over_dphi_rms,phi_damping_stronger_than_eta,phi_actual_over_explicit_est_absmax,eta_actual_over_explicit_est_absmax,corr_abs_deta_abs_dxB,corr_abs_deta_abs_dY,corr_abs_deta_local_xB,corr_abs_deta_eta_before,corr_abs_deta_phi_before,max_abs_deta_idx,max_abs_deta_i,max_abs_deta_j,max_abs_deta_k,max_abs_deta_value,max_abs_deta_eta_before,max_abs_deta_phi_before,max_abs_deta_xB_before,max_abs_deta_Y_before,max_abs_deta_eta_rhs_bulk,max_abs_deta_eta_rhs_dw,max_abs_deta_eta_rhs_total,max_abs_deta_dxB,max_abs_dphi_idx,max_abs_dphi_i,max_abs_dphi_j,max_abs_dphi_k,max_abs_dphi_value,max_abs_dphi_eta_before,max_abs_dphi_phi_before,max_abs_dphi_xB_before,max_abs_dphi_Y_before,max_abs_dphi_phi_rhs_chem,max_abs_dphi_phi_rhs_dw,max_abs_dphi_phi_rhs_total,max_abs_dphi_dxB,xB_min_after,xB_max_after,xBtot_rel_delta,eta_far_field_max,xB_clip_low_count,xB_clip_high_count,nan_inf_flag,S_phi_W,S_phi_grad,S_phi_total,S_eta_W,S_eta_grad,S_eta_total,gp_L_eta,L_phi
1,1.0000000000e-04,1.0000000000e-04,-8.2418518091e-02,1.2314003217e-01,1.1595745640e+00,2.3526897221e-01,-1.9916929124e-01,1.9916929124e-01,1.0873940040e+00,3.1256830626e-01,1.1675077315e-01,1.1713389072e-01,1.9245007717e-01,1.2685701286e-01,0.0000000000e+00,0.0000000000e+00,0.0000000000e+00,0.0000000000e+00,1.9746033365e-05,2.9502194895e-05,2.7781375545e-04,5.6366324977e-05,1.9746033365e-05,6.3825695833e-05,1.0863349643e-02,1.4531074500e-04,-9.2228114524e+00,9.2228130403e+00,2.4204402844e+03,1.2318959760e+02,-9.2239172383e+00,9.2239172383e+00,2.4204544344e+03,1.2319422218e+02,1.1057858409e-03,2.8959271828e-03,3.7754949360e-01,2.7228285365e-02,0.0000000000e+00,0.0000000000e+00,0.0000000000e+00,0.0000000000e+00,4.3803799930e-07,4.3803807472e-07,1.1495896073e-04,5.8508975430e-06,1.4061691976e-06,4.6939491192e-06,1.3222959724e-03,3.9420960524e-05,1.0000000000e+00,4.1921888688e+00,2.0679115636e+00,4.1921888688e+00,1.0000000000e+00,1.0000285724e+00,1.0000095586e+00,1.0000285724e+00,2.0873519992e+03,2.2259221823e+03,1.9618048439e+00,nan,4.1379866359e-01,4.4126894967e-01,3.8891007503e-04,nan,1.2172083344e-01,7.3543250221e-02,2.7128730585e-01,4.1920690912e+00,3.9102994109e+01,1.1502330606e+01,3.7361322890e-01,3.7076171288e-01,-3.3579653610e-01,6.1048459845e-01,3.9946049552e-01,446733,48,45,45,-1.3222959724e-03,9.9659254003e-01,5.9479506211e-01,2.8432350797e-02,-3.5313832907e+00,-3.2474468240e-01,-1.3233203847e-02,-3.3797788624e-01,1.3237986646e-05,447024,48,48,48,-1.0863349643e-02,9.9995087118e-01,6.6075636877e-01,2.9675461610e-02,-3.4873100953e+00,-9.4097373541e-01,-1.4413891213e-01,-1.0851126475e+00,1.5203676781e-06,2.0903573330e-02,2.9999996156e-02,7.6526425230e-05,2.5263132936e-04,0,0,0,2.3958248488e-04,3.1921888688e+00,3.1924284512e+00,9.3176175816e-08,2.8572417675e-05,2.8665593851e-05,4.7495061735e-04,2.3958248488e+00
2,2.0000000000e-04,1.0000000000e-04,-8.2494021493e-02,1.2321811529e-01,1.1600986437e+00,2.3549373723e-01,-1.9926462926e-01,1.9926462926e-01,1.0875425531e+00,3.1277613127e-01,1.1677060777e-01,1.1715133341e-01,1.9245007975e-01,1.2686765611e-01,0.0000000000e+00,0.0000000000e+00,0.0000000000e+00,0.0000000000e+00,1.9764122657e-05,2.9520902244e-05,2.7793931578e-04,5.6420174739e-05,1.9764122657e-05,3.1904836725e-05,3.7677623718e-03,6.6284722959e-05,-9.2145425356e+00,9.2145450720e+00,2.4152221286e+03,1.2304769324e+02,-9.2156517962e+00,9.2156517962e+00,2.4152362014e+03,1.2305232858e+02,1.1092606014e-03,2.8986275637e-03,3.7754853696e-01,2.7217290092e-02,0.0000000000e+00,0.0000000000e+00,0.0000000000e+00,0.0000000000e+00,4.3764526659e-07,4.3764538706e-07,1.1471112410e-04,5.8441577866e-06,8.0020710410e-07,1.0224035904e-06,1.4421986475e-04,7.1896886191e-06,1.0000000000e+00,4.1921888688e+00,2.0679115636e+00,4.1921888688e+00,1.0000000000e+00,1.0000285724e+00,1.0000095586e+00,1.0000285724e+00,2.0819110010e+03,2.2208199528e+03,1.9617998467e+00,nan,4.1272003489e-01,4.4025747881e-01,3.8890908439e-04,nan,3.8277324979e-02,3.2045410520e-02,1.0846675219e-01,4.1920690912e+00,1.3556061190e+01,1.2572439323e+00,3.4053160385e-01,3.3313019748e-01,-3.5147740534e-01,5.2855072827e-01,3.9305724990e-01,447024,48,48,48,-1.4421986475e-04,9.9944965518e-01,6.4989301912e-01,2.9676981978e-02,-3.4872572966e+00,-6.3952719071e-03,-2.1557775305e-03,-8.5510494376e-03,8.9935689066e-05,447024,48,48,48,-3.7677623718e-03,9.9944965518e-01,6.4989301912e-01,2.9676981978e-02,-3.4872572966e+00,-9.6954133275e-01,-1.3642188336e-01,-1.1059632161e+00,8.9935689066e-05,2.1086322177e-02,2.9999991413e-02,5.3766482592e-05,2.8163541591e-04,0,0,0,2.3958248488e-04,3.1921888688e+00,3.1924284512e+00,9.3176175816e-08,2.8572417675e-05,2.8665593851e-05,4.7495061735e-04,2.3958248488e+00
3,3.0000000000e-04,1.0000000000e-04,-8.2614100156e-02,1.2334180251e-01,1.1606998377e+00,2.3589451336e-01,-1.9940436637e-01,1.9940436637e-01,1.0874071758e+00,3.1313134022e-01,1.1679026622e-01,1.1716860131e-01,1.9245008790e-01,1.2687843823e-01,0.0000000000e+00,0.0000000000e+00,0.0000000000e+00,0.0000000000e+00,1.9792891402e-05,2.9550535535e-05,2.7808335133e-04,5.6516193681e-05,1.9792891402e-05,2.8574430358e-05,3.2114122465e-03,6.1321968857e-05,-9.1994313908e+00,9.1994345834e+00,2.4072468070e+03,1.2275675038e+02,-9.2005417509e+00,9.2005417509e+00,2.4072606552e+03,1.2276140847e+02,1.1103601720e-03,2.9000255988e-03,3.7754824549e-01,2.7216994126e-02,0.0000000000e+00,0.0000000000e+00,0.0000000000e+00,0.0000000000e+00,4.3692756183e-07,4.3692771347e-07,1.1433233571e-04,5.8303394376e-06,6.3253850008e-07,7.1894598120e-07,1.1405587749e-04,6.1823692133e-06,1.0000000000e+00,4.1921888688e+00,2.0679115636e+00,4.1921888688e+00,1.0000000000e+00,1.0000285724e+00,1.0000095586e+00,1.0000285724e+00,2.0739615263e+03,2.2137619731e+03,1.9617982491e+00,nan,4.1114412340e-01,4.3885829814e-01,3.8890876768e-04,nan,3.5515800757e-02,2.5160465919e-02,1.0081817868e-01,4.1920690912e+00,1.1548380121e+01,9.9758197698e-01,2.5604647078e-01,2.5358055795e-01,-3.2718289991e-01,5.4423496161e-01,3.6170128218e-01,382987,41,53,43,1.1405587749e-04,4.9293973983e-01,5.0058549452e-01,2.2757366556e-02,-3.7598460690e+00,-2.4072606552e+03,1.3848110755e-02,-2.4072468070e+03,-1.6712047581e-04,447024,48,48,48,-3.2114122465e-03,9.9930543531e-01,6.4612525675e-01,2.9766917667e-02,-3.4841387023e+00,-9.8035561534e-01,-1.3364464558e-01,-1.1140002609e+00,1.1223825543e-04,2.1328106787e-02,2.9999982428e-02,3.2870825567e-05,3.0052987390e-04,0,0,0,2.3958248488e-04,3.1921888688e+00,3.1924284512e+00,9.3176175816e-08,2.8572417675e-05,2.8665593851e-05,4.7495061735e-04,2.3958248488e+00
4,4.0000000000e-04,1.0000000000e-04,-8.2776200081e-02,1.2350961555e-01,1.1613579363e+00,2.3646351642e-01,-1.9958603819e-01,1.9958603819e-01,1.0869336330e+00,3.1362721459e-01,1.1680983811e-01,1.1718578269e-01,1.9245008961e-01,1.2688925647e-01,0.0000000000e+00,0.0000000000e+00,0.0000000000e+00,0.0000000000e+00,1.9831727704e-05,2.9590740601e-05,2.7824102022e-04,5.6652516847e-05,1.9831727704e-05,2.6158612334e-05,2.7987918979e-03,5.7687817627e-05,-9.1837733761e+00,9.1837769949e+00,2.3987853912e+03,1.2244636953e+02,-9.1848841816e+00,9.1848841816e+00,2.3987992001e+03,1.2245106035e+02,1.1108054765e-03,2.9007982268e-03,3.7754789931e-01,2.7216973636e-02,0.0000000000e+00,0.0000000000e+00,0.0000000000e+00,0.0000000000e+00,4.3618388346e-07,4.3618405533e-07,1.1393046024e-04,5.8155978800e-06,5.5290815316e-07,5.9787640672e-07,1.1351435577e-04,5.9185459712e-06,1.0000000000e+00,4.1921888688e+00,2.0679115636e+00,4.1921888688e+00,1.0000000000e+00,1.0000285724e+00,1.0000095586e+00,1.0000285724e+00,2.0655004940e+03,2.2069417371e+03,1.9617964329e+00,nan,4.0946680023e-01,4.3750624800e-01,3.8890840763e-04,nan,4.0558340851e-02,2.2855815097e-02,1.0259611500e-01,4.1920690912e+00,1.0058875919e+01,9.9634773284e-01,1.8530093697e-01,1.8772770809e-01,-3.1947966296e-01,5.4946572095e-01,3.4429883445e-01,512011,55,53,43,1.1351435577e-04,4.9305379571e-01,5.0047752888e-01,2.2590246080e-02,-3.7673877405e+00,-2.3987627318e+03,1.3624486754e-02,-2.3987491074e+03,-1.4688843294e-04,447024,48,48,48,-2.7987918979e-03,9.9922375461e-01,6.4291384450e-01,2.9879155923e-02,-3.4802595343e+00,-9.8994148189e-01,-1.3123814529e-01,-1.1211796272e+00,1.2667658866e-04,2.1601111017e-02,3.0005832511e-02,1.4335349925e-05,3.1167622374e-04,0,0,0,2.3958248488e-04,3.1921888688e+00,3.1924284512e+00,9.3176175816e-08,2.8572417675e-05,2.8665593851e-05,4.7495061735e-04,2.3958248488e+00
5,5.0000000000e-04,1.0000000000e-04,-8.2977776617e-02,1.2371915972e-01,1.1619752854e+00,2.3719132378e-01,-1.9980709925e-01,1.9980709925e-01,1.0861280368e+00,3.1425590001e-01,1.1682932264e-01,1.1720287549e-01,1.9245008599e-01,1.2690009229e-01,0.0000000000e+00,0.0000000000e+00,0.0000000000e+00,0.0000000000e+00,1.9880021912e-05,2.9640943714e-05,2.7838892625e-04,5.6826886745e-05,1.9880021912e-05,2.5363686752e-05,2.4848409794e-03,5.4953851078e-05,-9.1720340381e+00,9.1720379410e+00,2.3914642869e+03,1.2218784381e+02,-9.1731449808e+00,9.1731449808e+00,2.3914778073e+03,1.2219257523e+02,1.1109426298e-03,2.9012684870e-03,3.7754751413e-01,2.7217041705e-02,0.0000000000e+00,0.0000000000e+00,0.0000000000e+00,0.0000000000e+00,4.3562632288e-07,4.3562650824e-07,1.1358274395e-04,5.8033191851e-06,5.1037434162e-07,5.3758810359e-07,1.1303028005e-04,5.8337851807e-06,1.0000000000e+00,4.1921888688e+00,2.0679115636e+00,4.1921888688e+00,1.0000000000e+00,1.0000285724e+00,1.0000095586e+00,1.0000285724e+00,2.0581025405e+03,2.2018378371e+03,1.9617944683e+00,nan,4.0800022283e-01,4.3649444597e-01,3.8890801818e-04,nan,4.5487933026e-02,2.1195187784e-02,1.0615789551e-01,4.1920690912e+00,8.9257895880e+00,9.9513602264e-01,1.3135002536e-01,1.3730975096e-01,-3.2019304601e-01,5.4853015671e-01,3.3368878756e-01,493577,53,53,41,1.1303028005e-04,4.9316731006e-01,5.0036644282e-01,2.2443357647e-02,-3.7740615391e+00,-2.3913518784e+03,1.3401920264e-02,-2.3913384765e+03,-1.0686293656e-04,447024,48,48,48,-2.4848409794e-03,9.9917995722e-01,6.4011505261e-01,3.0005832511e-02,-3.4758982788e+00,-9.9860383711e-01,-1.2911196999e-01,-1.1277158071e+00,1.3466841044e-04,2.1864958102e-02,3.0140500922e-02,-1.7276530963e-06,3.1821935752e-04,0,0,0,2.3958248488e-04,3.1921888688e+00,3.1924284512e+00,9.3176175816e-08,2.8572417675e-05,2.8665593851e-05,4.7495061735e-04,2.3958248488e+00
6,6.0000000000e-04,1.0000000000e-04,-8.3216071301e-02,1.2396784492e-01,1.1626750244e+00,2.3806695507e-01,-2.0006478794e-01,2.0006478794e-01,1.0853062279e+00,3.1500835455e-01,1.1684871664e-01,1.1721987653e-01,1.9245007032e-01,1.2691093055e-01,0.0000000000e+00,0.0000000000e+00,0.0000000000e+00,0.0000000000e+00,1.9937113145e-05,2.9700524332e-05,2.7855657145e-04,5.7036672664e-05,1.9937113145e-05,2.4896751527e-05,2.2401504254e-03,5.2838072790e-05,-9.1676724380e+00,9.1676765468e+00,2.3863752114e+03,1.2203467002e+02,-9.1687833545e+00,9.1687833545e+00,2.3863885156e+03,1.2203944773e+02,1.1109165037e-03,2.9015755809e-03,3.7754709498e-01,2.7217152872e-02,0.0000000000e+00,0.0000000000e+00,0.0000000000e+00,0.0000000000e+00,4.3541916841e-07,4.3541936356e-07,1.1334103799e-04,5.7960441862e-06,4.8597419775e-07,5.0446031769e-07,1.1271830272e-04,5.8038170249e-06,1.0000000000e+00,4.1921888688e+00,2.0679115636e+00,4.1921888688e+00,1.0000000000e+00,1.0000285724e+00,1.0000095586e+00,1.0000285724e+00,2.0524868612e+03,2.1988158312e+03,1.9617924501e+00,nan,4.0688696517e-01,4.3589536061e-01,3.8890761808e-04,nan,5.0317291840e-02,2.0262093918e-02,1.0984157291e-01,4.1920690912e+00,8.0419945353e+00,9.9450565057e-01,9.8081761460e-02,1.0645653677e-01,-3.2533157686e-01,5.4657215756e-01,3.2717936452e-01,492631,53,43,55,1.1271830272e-04,4.9328034034e-01,5.0025307954e-01,2.2336494710e-02,-3.7789436718e+00,-2.3862063906e+03,1.3180298779e-02,-2.3861932103e+03,-5.3025855625e-05,447024,48,48,48,-2.2401504254e-03,9.9915622119e-01,6.3763021163e-01,3.0140500922e-02,-3.4712814018e+00,-1.0065294192e+00,-1.2720220438e-01,-1.1337316236e+00,1.3730131165e-04,2.2057021202e-02,3.0277802233e-02,-1.5298567812e-05,3.2197008124e-04,0,0,0,2.3958248488e-04,3.1921888688e+00,3.1924284512e+00,9.3176175816e-08,2.8572417675e-05,2.8665593851e-05,4.7495061735e-04,2.3958248488e+00
7,7.0000000000e-04,1.0000000000e-04,-8.3488176996e-02,1.2425288763e-01,1.1633321056e+00,2.3907802361e-01,-2.0035619284e-01,2.0035619284e-01,1.0842408378e+00,3.1587447135e-01,1.1686801585e-01,1.1723678216e-01,1.9245004284e-01,1.2692175884e-01,0.0000000000e+00,0.0000000000e+00,0.0000000000e+00,0.0000000000e+00,2.0002304903e-05,2.9768815572e-05,2.7871399660e-04,5.7278906976e-05,2.0002304903e-05,2.4662770964e-05,2.0451503759e-03,5.1155027463e-05,-9.1732793858e+00,9.1732836476e+00,2.3844013223e+03,1.2202607646e+02,-9.1743901824e+00,9.1743901824e+00,2.3844379438e+03,1.2203090395e+02,1.1107966331e-03,2.9017872866e-03,3.7754664376e-01,2.7217287480e-02,0.0000000000e+00,0.0000000000e+00,0.0000000000e+00,0.0000000000e+00,4.3568547074e-07,4.3568567316e-07,1.1324728800e-04,5.7956360349e-06,4.7179814262e-07,4.8596536694e-07,1.1259710866e-04,5.7958767761e-06,1.0000000000e+00,4.1921888688e+00,2.0679115636e+00,4.1921888688e+00,1.0000000000e+00,1.0000285724e+00,1.0000095586e+00,1.0000285724e+00,2.0496308069e+03,2.1991773974e+03,1.9617903857e+00,nan,4.0632077823e-01,4.3596703786e-01,3.8890720883e-04,nan,5.5055662404e-02,1.9704410654e-02,1.1330023780e-01,4.1920690912e+00,7.3378100879e+00,9.9425876457e-01,8.9306344620e-02,9.9897789888e-02,-3.3283914882e-01,5.4576658732e-01,3.2353342618e-01,492427,53,41,43,1.1259710866e-04,4.9339305865e-01,5.0013818466e-01,2.2283468855e-02,-3.7813746860e+00,-2.3841756416e+03,1.2959284970e-02,-2.3841626823e+03,1.0228554426e-05,447024,48,48,48,-2.0451503759e-03,9.9914331902e-01,6.3539006120e-01,3.0277802233e-02,-3.4665947920e+00,-1.0138335735e+00,-1.2546300810e-01,-1.1392965816e+00,1.3595519279e-04,2.2195960793e-02,3.0413757426e-02,-2.6431983661e-05,3.2413096288e-04,0,0,0,2.3958248488e-04,3.1921888688e+00,3.1924284512e+00,9.3176175816e-08,2.8572417675e-05,2.8665593851e-05,4.7495061735e-04,2.3958248488e+00
8,8.0000000000e-04,1.0000000000e-04,-8.3791089599e-02,1.2457143607e-01,1.1639268675e+00,2.4021098326e-01,-2.0067830532e-01,2.0067830532e-01,1.0831154027e+00,3.1684326700e-01,1.1688721572e-01,1.1725358906e-01,1.9245000382e-01,1.2693256704e-01,0.0000000000e+00,0.0000000000e+00,0.0000000000e+00,0.0000000000e+00,2.0074877457e-05,2.9845134199e-05,2.7885649113e-04,5.7550344265e-05,2.0074877457e-05,2.4586324988e-05,1.8865633957e-03,4.9781749914e-05,-9.1906732632e+00,9.1906776418e+00,2.3864390952e+03,1.2218914889e+02,-9.1917838840e+00,9.1917838840e+00,2.3864755040e+03,1.2219402744e+02,1.1106208463e-03,2.9019412500e-03,3.7754616146e-01,2.7217435708e-02,0.0000000000e+00,0.0000000000e+00,0.0000000000e+00,0.0000000000e+00,4.3651159402e-07,4.3651180198e-07,1.1334407215e-04,5.8033811700e-06,4.6367505476e-07,4.7566532129e-07,1.1266818073e-04,5.8009744432e-06,1.0000000000e+00,4.1921888688e+00,2.0679115636e+00,4.1921888688e+00,1.0000000000e+00,1.0000285724e+00,1.0000095586e+00,1.0000285724e+00,2.0503342279e+03,2.2033437046e+03,1.9617882773e+00,nan,4.0646022509e-01,4.3679297060e-01,3.8890679086e-04,nan,5.9721385979e-02,1.9346743424e-02,1.1652813437e-01,4.1920690912e+00,6.7653558577e+00,9.9403681720e-01,1.0391664289e-01,1.1735648404e-01,-3.4106105446e-01,5.4546909914e-01,3.2142694106e-01,493577,53,53,41,1.1266818073e-04,4.9350565575e-01,5.0002243181e-01,2.2293697409e-02,-3.7809053097e+00,-2.3858391377e+03,1.2738504848e-02,-2.3858263992e+03,7.9600604292e-05,447024,48,48,48,-1.8865633957e-03,9.9913640121e-01,6.3334491083e-01,3.0413757426e-02,-3.4619743735e+00,-1.0205953720e+00,-1.2386095926e-01,-1.1444563313e+00,1.3231955767e-04,2.2342475735e-02,3.0546076984e-02,-3.5237678260e-05,3.2554617829e-04,0,0,0,2.3958248488e-04,3.1921888688e+00,3.1924284512e+00,9.3176175816e-08,2.8572417675e-05,2.8665593851e-05,4.7495061735e-04,2.3958248488e+00
9,9.0000000000e-04,1.0000000000e-04,-8.4121748518e-02,1.2492054394e-01,1.1644179918e+00,2.4145143360e-01,-2.0102806040e-01,2.0102806040e-01,1.0827836950e+00,3.1790310964e-01,1.1690631188e-01,1.1727030944e-01,1.9244998448e-01,1.2694334700e-01,0.0000000000e+00,0.0000000000e+00,0.0000000000e+00,0.0000000000e+00,2.0154097543e-05,2.9928774329e-05,2.7897415593e-04,5.7847534440e-05,2.0154097543e-05,2.4567305770e-05,1.7552056982e-03,4.8635452959e-05,-9.2209779739e+00,9.2209824441e+00,2.3924989679e+03,1.2254037963e+02,-9.2220883841e+00,9.2220883841e+00,2.3925351640e+03,1.2254530843e+02,1.1104101517e-03,2.9020589705e-03,3.7754564837e-01,2.7217592174e-02,0.0000000000e+00,0.0000000000e+00,0.0000000000e+00,0.0000000000e+00,4.3795091813e-07,4.3795113044e-07,1.1363188618e-04,5.8200628957e-06,4.5903162200e-07,4.6994988027e-07,1.1293027361e-04,5.8166059185e-06,1.0000000000e+00,4.1921888688e+00,2.0679115636e+00,4.1921888688e+00,1.0000000000e+00,1.0000285724e+00,1.0000095586e+00,1.0000285724e+00,2.0546736521e+03,2.2096150646e+03,1.9617858083e+00,nan,4.0732047671e-01,4.3803621101e-01,3.8890630141e-04,nan,6.4340193130e-02,1.9129076858e-02,1.1959600589e-01,4.1920690912e+00,6.2916426521e+00,9.9382556608e-01,1.3855562304e-01,1.5579163105e-01,-3.4898519344e-01,5.4524380553e-01,3.2013087258e-01,492617,53,43,41,1.1293027361e-04,4.9361832394e-01,4.9990643925e-01,2.2373298013e-02,-3.7772597070e+00,-2.3915460948e+03,1.2517581487e-02,-2.3915335772e+03,1.5254214834e-04,447024,48,48,48,-1.7552056982e-03,9.9913275761e-01,6.3145834743e-01,3.0546076984e-02,-3.4574966826e+00,-1.0268809629e+00,-1.2237126439e-01,-1.1492522273e+00,1.2822816595e-04,2.2521105973e-02,3.0674305150e-02,-4.1861771369e-05,3.2647159109e-04,0,0,0,2.3958248488e-04,3.1921888688e+00,3.1924284512e+00,9.3176175816e-08,2.8572417675e-05,2.8665593851e-05,4.7495061735e-04,2.3958248488e+00
10,1.0000000000e-03,1.0000000000e-04,-8.4477067980e-02,1.2529721927e-01,1.1650823212e+00,2.4278444703e-01,-2.0140236839e-01,2.0140236839e-01,1.0825681288e+00,3.1904196153e-01,1.1692530041e-01,1.1728693090e-01,1.9245002751e-01,1.2695409232e-01,0.0000000000e+00,0.0000000000e+00,0.0000000000e+00,0.0000000000e+00,2.0239225862e-05,3.0019019141e-05,2.7913331760e-04,5.8166901110e-05,2.0239225862e-05,2.4557915816e-05,1.6446024516e-03,4.7659270006e-05,-9.2646917385e+00,9.2646962794e+00,2.4028250700e+03,1.2308691116e+02,-9.2658019136e+00,9.2658019136e+00,2.4028620401e+03,1.2309188747e+02,1.1101751816e-03,2.9021523571e-03,3.7754510422e-01,2.7217753827e-02,0.0000000000e+00,0.0000000000e+00,0.0000000000e+00,0.0000000000e+00,4.4002710607e-07,4.4002732175e-07,1.1412232504e-04,5.8460204441e-06,4.5685513885e-07,4.6729883718e-07,1.1339229263e-04,5.8420896452e-06,1.0000000000e+00,4.1921888688e+00,2.0679115636e+00,4.1921888688e+00,1.0000000000e+00,1.0000285724e+00,1.0000095586e+00,1.0000285724e+00,2.0623650590e+03,2.2195942926e+03,1.9617825423e+00,nan,4.0884522859e-01,4.4001450276e-01,3.8890565394e-04,nan,6.8948147634e-02,1.9028440388e-02,1.2258034260e-01,4.1920690912e+00,5.8918170921e+00,9.9360307103e-01,1.8451049864e-01,2.0599242819e-01,-3.5586485906e-01,5.4491379516e-01,3.1929352278e-01,493577,53,53,41,1.1339229263e-04,4.9373125421e-01,4.9979077855e-01,2.2525840162e-02,-3.7703087547e+00,-2.4014451574e+03,1.2296140380e-02,-2.4014328612e+03,2.2699964970e-04,447024,48,48,48,-1.6446024516e-03,9.9913088651e-01,6.2970314173e-01,3.0674305150e-02,-3.4531753315e+00,-1.0327573893e+00,-1.2097520722e-01,-1.1537325965e+00,1.2547231612e-04,2.2745556503e-02,3.0799777466e-02,-4.6469594125e-05,3.2704295172e-04,0,0,0,2.3958248488e-04,3.1921888688e+00,3.1924284512e+00,9.3176175816e-08,2.8572417675e-05,2.8665593851e-05,4.7495061735e-04,2.3958248488e+00
11,1.1000000000e-03,1.0000000000e-04,-8.4853961226e-02,1.2569846894e-01,1.1661544328e+00,2.4419488696e-01,-2.0179813924e-01,2.0179813924e-01,1.0825970422e+00,3.2024761446e-01,1.1694417802e-01,1.1730344837e-01,1.9245005925e-01,1.2696479820e-01,0.0000000000e+00,0.0000000000e+00,0.0000000000e+00,0.0000000000e+00,2.0329522883e-05,3.0115151534e-05,2.7939017676e-04,5.8504817813e-05,2.0329522883e-05,2.4552388646e-05,1.5501020699e-03,4.6813253499e-05,-9.3217518719e+00,9.3217564682e+00,2.4172957151e+03,1.2382762033e+02,-9.3228617943e+00,9.3228617943e+00,2.4173324653e+03,1.2383263974e+02,1.1099224674e-03,2.9022287548e-03,3.7754452836e-01,2.7217919007e-02,0.0000000000e+00,0.0000000000e+00,0.0000000000e+00,0.0000000000e+00,4.4273718063e-07,4.4273739893e-07,1.1480960922e-04,5.8812004721e-06,4.5665647665e-07,4.6688283516e-07,1.1405202354e-04,5.8770154549e-06,1.0000000000e+00,4.1921888688e+00,2.0679115636e+00,4.1921888688e+00,1.0000000000e+00,1.0000285724e+00,1.0000095586e+00,1.0000285724e+00,2.0728778686e+03,2.2329014131e+03,1.9617792264e+00,nan,4.1092929806e-01,4.4265251908e-01,3.8890499660e-04,nan,7.3577105506e-02,1.9015780578e-02,1.2554170060e-01,4.1920690912e+00,5.5481623867e+00,9.9340137396e-01,2.3498125074e-01,2.6040281715e-01,-3.6098749891e-01,5.4445547618e-01,3.1868986022e-01,400457,43,43,41,1.1405202354e-04,4.9384464650e-01,4.9967597746e-01,2.2752839812e-02,-3.7600496343e+00,-2.4155088497e+03,1.2073789527e-02,-2.4154967759e+03,3.0122026810e-04,447024,48,48,48,-1.5501020699e-03,9.9913084667e-01,6.2805853928e-01,3.0799777466e-02,-3.4489637537e+00,-1.0382994334e+00,-1.1965841673e-01,-1.1579578501e+00,1.2565064462e-04,2.3010920531e-02,3.0925428110e-02,-4.9231493123e-05,3.2738552912e-04,0,0,0,2.3958248488e-04,3.1921888688e+00,3.1924284512e+00,9.3176175816e-08,2.8572417675e-05,2.8665593851e-05,4.7495061735e-04,2.3958248488e+00
12,1.2000000000e-03,1.0000000000e-04,-8.5249359647e-02,1.2612136270e-01,1.1679165033e+00,2.4566769456e-01,-2.0221230180e-01,2.0221230180e-01,1.0830136125e+00,3.2150790244e-01,1.1696294216e-01,1.1731986206e-01,1.9245007977e-01,1.2697546128e-01,0.0000000000e+00,0.0000000000e+00,0.0000000000e+00,0.0000000000e+00,2.0424253419e-05,3.0216469473e-05,2.7981233799e-04,5.8857676719e-05,2.0424253419e-05,2.4552132138e-05,1.4683009026e-03,4.6068701638e-05,-9.3915989727e+00,9.3916036134e+00,2.4356929078e+03,1.2475413377e+02,-9.3927086293e+00,9.3927086293e+00,2.4357294366e+03,1.2475919046e+02,1.1096566339e-03,2.9022933528e-03,3.7754391987e-01,2.7218086807e-02,0.0000000000e+00,0.0000000000e+00,0.0000000000e+00,0.0000000000e+00,4.4605457300e-07,4.4605479341e-07,1.1568338502e-04,5.9252052853e-06,4.5799236122e-07,4.6819130484e-07,1.1490101022e-04,5.9208652026e-06,1.0000000000e+00,4.1921888688e+00,2.0679115636e+00,4.1921888688e+00,1.0000000000e+00,1.0000285724e+00,1.0000095586e+00,1.0000285724e+00,2.0855026031e+03,2.2490293829e+03,1.9617758554e+00,nan,4.1343203754e-01,4.4584974330e-01,3.8890432833e-04,nan,7.8254402775e-02,1.9069272771e-02,1.2852251078e-01,4.1920690912e+00,5.2474487477e+00,9.9323693029e-01,2.8504356667e-01,3.1343883955e-01,-3.6370490312e-01,5.4398155520e-01,3.1825247475e-01,382027,41,43,43,1.1490101022e-04,4.9395869852e-01,4.9956251880e-01,2.3054060080e-02,-3.7465894216e+00,-2.4335554172e+03,1.1850141250e-02,-2.4335435670e+03,3.7361038599e-04,447024,48,48,48,-1.4683009026e-03,9.9913254009e-01,6.2650843721e-01,3.0925428110e-02,-3.4447628048e+00,-1.0435916868e+00,-1.1840967843e-01,-1.1620013652e+00,1.3007118788e-04,2.3323949082e-02,3.1055499298e-02,-5.0312378291e-05,3.2758494945e-04,0,0,0,2.3958248488e-04,3.1921888688e+00,3.1924284512e+00,9.3176175816e-08,2.8572417675e-05,2.8665593851e-05,4.7495061735e-04,2.3958248488e+00
13,1.3000000000e-03,1.0000000000e-04,-8.5660228812e-02,1.2656291399e-01,1.1698457689e+00,2.4718813097e-01,-2.0264181989e-01,2.0264181989e-01,1.0839534901e+00,3.2281088244e-01,1.1698159108e-01,1.1733617310e-01,1.9245008910e-01,1.2698607946e-01,0.0000000000e+00,0.0000000000e+00,0.0000000000e+00,0.0000000000e+00,2.0522690474e-05,3.0322257428e-05,2.8027455623e-04,5.9221946652e-05,2.0522690474e-05,2.4557071007e-05,1.3966638545e-03,4.5404559593e-05,-9.4732428707e+00,9.4732475479e+00,2.4576936959e+03,1.2585183249e+02,-9.4743522514e+00,9.4743522514e+00,2.4577300016e+03,1.2585691959e+02,1.1093806953e-03,2.9023497406e-03,3.7754327762e-01,2.7218256649e-02,0.0000000000e+00,0.0000000000e+00,0.0000000000e+00,0.0000000000e+00,4.4993225497e-07,4.4993247712e-07,1.1672831381e-04,5.9773405536e-06,4.6049119589e-07,4.7078420669e-07,1.1592356932e-04,5.9728882600e-06,1.0000000000e+00,4.1921888688e+00,2.0679115636e+00,4.1921888688e+00,1.0000000000e+00,1.0000285724e+00,1.0000095586e+00,1.0000285724e+00,2.1008698423e+03,2.2673758829e+03,1.9617724230e+00,nan,4.1647845377e-01,4.4948677107e-01,3.8890364790e-04,nan,8.3000336084e-02,1.9171024368e-02,1.3154820382e-01,4.1920690912e+00,4.9831988791e+00,9.9310583295e-01,3.3312428263e-01,3.6315411555e-01,-3.6328157569e-01,5.4349839113e-01,3.1788825291e-01,493577,53,53,41,1.1592356932e-04,4.9407359954e-01,4.9945083708e-01,2.3427670466e-02,-3.7301309955e+00,-2.4552698364e+03,1.1624824427e-02,-2.4552582116e+03,4.4264048200e-04,447024,48,48,48,-1.3966638545e-03,9.9913564070e-01,6.2504013631e-01,3.1055499298e-02,-3.4404314317e+00,-1.0487275603e+00,-1.1722010833e-01,-1.1659476687e+00,1.3970384853e-04,2.3688789285e-02,3.1195203147e-02,-4.9865338211e-05,3.2776265304e-04,0,0,0,2.3958248488e-04,3.1921888688e+00,3.1924284512e+00,9.3176175816e-08,2.8572417675e-05,2.8665593851e-05,4.7495061735e-04,2.3958248488e+00
14,1.4000000000e-03,1.0000000000e-04,-8.6083583040e-02,1.2702009019e-01,1.1720364017e+00,2.4874197012e-01,-2.0308370687e-01,2.0308370687e-01,1.0855388161e+00,3.2414498001e-01,1.1700012383e-01,1.1735238352e-01,1.9245008733e-01,1.2699665181e-01,0.0000000000e+00,0.0000000000e+00,0.0000000000e+00,0.0000000000e+00,2.0624118732e-05,3.0431788837e-05,2.8079939350e-04,5.9594219296e-05,2.0624118732e-05,2.4565150675e-05,1.3332704801e-03,4.4805105998e-05,-9.5653318326e+00,9.5653365407e+00,2.4828663669e+03,1.2710088269e+02,-9.5664409290e+00,9.5664409290e+00,2.4829024474e+03,1.2710599267e+02,1.1090964372e-03,2.9024002535e-03,3.7754260022e-01,2.7218428175e-02,0.0000000000e+00,0.0000000000e+00,0.0000000000e+00,0.0000000000e+00,4.5430602591e-07,4.5430624952e-07,1.1792389137e-04,6.0366642701e-06,4.6388496282e-07,4.7433534247e-07,1.1709721508e-04,6.0321157693e-06,1.0000000000e+00,4.1921888688e+00,2.0679115636e+00,4.1921888688e+00,1.0000000000e+00,1.0000285724e+00,1.0000095586e+00,1.0000285724e+00,2.1184208641e+03,2.2872534916e+03,1.9617689212e+00,nan,4.1995778518e-01,4.5342732729e-01,3.8890295369e-04,nan,8.7827051474e-02,1.9309278773e-02,1.3463009706e-01,4.1920690912e+00,4.7481245008e+00,9.9298974718e-01,3.7839455788e-01,4.0851995695e-01,-3.5889939110e-01,5.4304067158e-01,3.1755579940e-01,382987,41,53,43,1.1709721508e-04,4.9418952310e-01,4.9934131399e-01,2.3870310948e-02,-3.7109599887e+00,-2.4802251919e+03,1.1397498668e-02,-2.4802137944e+03,5.0679255029e-04,447024,48,48,48,-1.3332704801e-03,9.9913986054e-01,6.2364347245e-01,3.1195203147e-02,-3.4357988059e+00,-1.0538064904e+00,-1.1608257110e-01,-1.1698890615e+00,1.5517369434e-04,2.4104848865e-02,3.1350376841e-02,-4.8029035637e-05,3.2789713543e-04,0,0,0,2.3958248488e-04,3.1921888688e+00,3.1924284512e+00,9.3176175816e-08,2.8572417675e-05,2.8665593851e-05,4.7495061735e-04,2.3958248488e+00
15,1.5000000000e-03,1.0000000000e-04,-8.6516499766e-02,1.2748991554e-01,1.1745826936e+00,2.5031564432e-01,-2.0353504004e-01,2.0353504004e-01,1.0878734735e+00,3.2549910130e-01,1.1701854028e-01,1.1736849610e-01,1.9245007435e-01,1.2700717837e-01,0.0000000000e+00,0.0000000000e+00,0.0000000000e+00,0.0000000000e+00,2.0727837997e-05,3.0544350763e-05,2.8140944043e-04,5.9971244071e-05,2.0727837997e-05,2.4574747893e-05,1.2766425775e-03,4.4258436605e-05,-9.6662256569e+00,9.6662303921e+00,2.5106930015e+03,1.2847731236e+02,-9.6673344618e+00,9.6673344618e+00,2.5107288545e+03,1.2848243736e+02,1.1088049081e-03,2.9024464424e-03,3.7754188609e-01,2.7218601200e-02,0.0000000000e+00,0.0000000000e+00,0.0000000000e+00,0.0000000000e+00,4.5909798432e-07,4.5909820922e-07,1.1924551910e-04,6.1020378823e-06,4.6796311697e-07,4.7861710053e-07,1.1839862227e-04,6.0974050396e-06,1.0000000000e+00,4.1921888688e+00,2.0679115636e+00,4.1921888688e+00,1.0000000000e+00,1.0000285724e+00,1.0000095586e+00,1.0000285724e+00,2.1375191506e+03,2.3079235919e+03,1.9617653428e+00,nan,4.2374384783e-01,4.5752498781e-01,3.8890224430e-04,nan,9.2742185136e-02,1.9475971945e-02,1.3776819760e-01,4.1920690912e+00,4.5366018124e+00,9.9289787291e-01,4.2002920610e-01,4.4871029242e-01,-3.4958269809e-01,5.4270928088e-01,3.1726878241e-01,493577,53,53,41,1.1839862227e-04,4.9430662032e-01,4.9923427393e-01,2.4377103498e-02,-3.6894318247e+00,-2.5079051353e+03,1.1167867661e-02,-2.5078939674e+03,5.6454734427e-04,447024,48,48,48,-1.2766425775e-03,9.9914501902e-01,6.2231020197e-01,3.1350376841e-02,-3.4306766730e+00,-1.0589302304e+00,-1.1499126443e-01,-1.1739214948e+00,1.7678300238e-04,2.4576547241e-02,3.1527159844e-02,-4.4928135928e-05,3.2797747033e-04,0,0,0,2.3958248488e-04,3.1921888688e+00,3.1924284512e+00,9.3176175816e-08,2.8572417675e-05,2.8665593851e-05,4.7495061735e-04,2.3958248488e+00
16,1.6000000000e-03,1.0000000000e-04,-8.6956134343e-02,1.2796941671e-01,1.1781402522e+00,2.5189634862e-01,-2.0399297539e-01,2.0399297539e-01,1.0913638506e+00,3.2686271568e-01,1.1703684105e-01,1.1738452802e-01,1.9245006788e-01,1.2701766006e-01,0.0000000000e+00,0.0000000000e+00,0.0000000000e+00,0.0000000000e+00,2.0833166742e-05,3.0659230845e-05,2.8226176916e-04,6.0349953136e-05,2.0833166742e-05,2.4584409955e-05,1.2256254573e-03,4.3755445682e-05,-9.7740722930e+00,9.7740770523e+00,2.5405932332e+03,1.2995413464e+02,-9.7751807997e+00,9.7751807997e+00,2.5406288561e+03,1.2995926686e+02,1.1085067130e-03,2.9024895356e-03,3.7754113348e-01,2.7218775669e-02,0.0000000000e+00,0.0000000000e+00,0.0000000000e+00,0.0000000000e+00,4.6422016696e-07,4.6422039300e-07,1.2066563245e-04,6.1721796475e-06,4.7254415208e-07,4.8342547395e-07,1.1980113412e-04,6.1674712819e-06,1.0000000000e+00,4.1921888688e+00,2.0679115636e+00,4.1921888688e+00,1.0000000000e+00,1.0000285724e+00,1.0000095586e+00,1.0000285724e+00,2.1564437922e+03,2.3279393530e+03,1.9617614982e+00,nan,4.2749548694e-01,4.6149293150e-01,3.8890148214e-04,nan,9.7746936806e-02,1.9663903866e-02,1.4095322733e-01,4.1920690912e+00,4.3421589147e+00,9.9283558775e-01,4.5723717936e-01,4.8310818657e-01,-3.3414600050e-01,5.4245021671e-01,3.1701239221e-01,493577,53,53,41,1.1980113412e-04,4.9442501894e-01,4.9912998007e-01,2.4941650842e-02,-3.6659581839e+00,-2.5377276744e+03,1.0935680821e-02,-2.5377167387e+03,6.1440844103e-04,447024,48,48,48,-1.2256254573e-03,9.9915097669e-01,6.2103355940e-01,3.1527159844e-02,-3.4248710477e+00,-1.0641988346e+00,-1.1394141764e-01,-1.1781402522e+00,2.0455034585e-04,2.5087628103e-02,3.1731710189e-02,-4.0675831335e-05,3.2801886541e-04,0,0,0,2.3958248488e-04,3.1921888688e+00,3.1924284512e+00,9.3176175816e-08,2.8572417675e-05,2.8665593851e-05,4.7495061735e-04,2.3958248488e+00
17,1.7000000000e-03,1.0000000000e-04,-8.7399735389e-02,1.2845566230e-01,1.1826358042e+00,2.5347211209e-01,-2.0445476290e-01,2.0445476290e-01,1.1015937250e+00,3.2822591474e-01,1.1705502751e-01,1.1740048108e-01,1.9245008441e-01,1.2702809852e-01,0.0000000000e+00,0.0000000000e+00,0.0000000000e+00,0.0000000000e+00,2.0939445783e-05,3.0775726772e-05,2.8333882469e-04,6.0727478464e-05,2.0939445783e-05,2.4594283766e-05,1.1793050395e-03,4.3289121854e-05,-9.8868866342e+00,9.8868914151e+00,2.5719489653e+03,1.3150250191e+02,-9.8879948363e+00,9.8879948363e+00,2.5719843554e+03,1.3150763388e+02,1.1082021766e-03,2.9025301991e-03,3.7754034049e-01,2.7218951598e-02,0.0000000000e+00,0.0000000000e+00,0.0000000000e+00,0.0000000000e+00,4.6957829106e-07,4.6957851813e-07,1.2215487489e-04,6.2457194467e-06,4.7748623888e-07,4.8859810960e-07,1.2127558302e-04,6.2409370782e-06,1.0000000000e+00,4.1921888688e+00,2.0679115636e+00,4.1921888688e+00,1.0000000000e+00,1.0000285724e+00,1.0000095586e+00,1.0000285724e+00,2.1747599355e+03,2.3347848640e+03,1.9617572092e+00,nan,4.3112649677e-01,4.6284999218e-01,3.8890063188e-04,nan,1.0283648332e-01,1.9866328056e-02,1.4416871516e-01,4.1920690912e+00,4.1621724126e+00,9.9280182748e-01,4.8933502004e-01,5.1132200417e-01,-3.1107265672e-01,5.4227252020e-01,3.1677056589e-01,400457,43,43,41,1.2127558302e-04,4.9454482008e-01,4.9902863170e-01,2.5556059283e-02,-3.6409925486e+00,-2.5690700681e+03,1.0700739825e-02,-2.5690593674e+03,6.5495836163e-04,447024,48,48,48,-1.1793050395e-03,9.9915718011e-01,6.1980793394e-01,3.1731710189e-02,-3.4181927054e+00,-1.0697067344e+00,-1.1292906986e-01,-1.1826358042e+00,2.3825697201e-04,2.5628438130e-02,3.1969967161e-02,-3.5377467438e-05,3.2802974496e-04,0,0,0,2.3958248488e-04,3.1921888688e+00,3.1924284512e+00,9.3176175816e-08,2.8572417675e-05,2.8665593851e-05,4.7495061735e-04,2.3958248488e+00
18,1.8000000000e-03,1.0000000000e-04,-8.7844660284e-02,1.2894575754e-01,1.1874900721e+00,2.5503184400e-01,-2.0491776202e-01,2.0491776202e-01,1.1137693385e+00,3.2957945307e-01,1.1707310173e-01,1.1741634747e-01,1.9245008973e-01,1.2703849597e-01,0.0000000000e+00,0.0000000000e+00,0.0000000000e+00,0.0000000000e+00,2.1046041995e-05,3.0893145007e-05,2.8450182225e-04,6.1101162909e-05,2.1046041995e-05,2.4605541117e-05,1.1369491757e-03,4.2854045970e-05,-1.0002629223e+01,1.0002634024e+01,2.6041293795e+03,1.3309285918e+02,-1.0003737115e+01,1.0003737115e+01,2.6041645338e+03,1.3309798406e+02,1.1078915328e-03,2.9025689073e-03,3.7753950524e-01,2.7219129037e-02,0.0000000000e+00,0.0000000000e+00,0.0000000000e+00,0.0000000000e+00,4.7507549247e-07,4.7507572046e-07,1.2368328565e-04,6.3212535632e-06,4.8267386411e-07,4.9401782608e-07,1.2279192860e-04,6.3163992355e-06,1.0000000000e+00,4.1921888688e+00,2.0679115636e+00,4.1921888688e+00,1.0000000000e+00,1.0000285724e+00,1.0000095586e+00,1.0000285724e+00,2.1929693904e+03,2.3381542693e+03,1.9617528148e+00,nan,4.3473635658e-01,4.6351794632e-01,3.8889976075e-04,nan,1.0800124687e-01,2.0077503020e-02,1.4739329957e-01,4.1920690912e+00,3.9962808207e+00,9.9279322957e-01,5.1581389149e-01,5.3319122875e-01,-2.7853883976e-01,5.4217840692e-01,3.1654073265e-01,493577,53,53,41,1.2279192860e-04,4.9466609566e-01,4.9893036316e-01,2.6211017645e-02,-3.6150147864e+00,-2.6012941702e+03,1.0462903546e-02,-2.6012837073e+03,6.8493907779e-04,447024,48,48,48,-1.1369491757e-03,9.9916358115e-01,6.1862862890e-01,3.1969967161e-02,-3.4104661766e+00,-1.0755391681e+00,-1.1195090399e-01,-1.1874900721e+00,2.7749292997e-04,2.6224877280e-02,3.2247460091e-02,-2.9134399143e-05,3.2801623639e-04,0,0,0,2.3958248488e-04,3.1921888688e+00,3.1924284512e+00,9.3176175816e-08,2.8572417675e-05,2.8665593851e-05,4.7495061735e-04,2.3958248488e+00
19,1.9000000000e-03,1.0000000000e-04,-8.8288390075e-02,1.2943687952e-01,1.1927732411e+00,2.5656536167e-01,-2.0537945648e-01,2.0537945648e-01,1.1259699490e+00,3.3091477557e-01,1.1709106641e-01,1.1743213191e-01,1.9245008373e-01,1.2704885513e-01,0.0000000000e+00,0.0000000000e+00,0.0000000000e+00,0.0000000000e+00,2.1152351881e-05,3.1010809230e-05,2.8576757700e-04,6.1468566883e-05,2.1152351881e-05,2.4618436202e-05,1.0979655518e-03,4.2446021716e-05,-1.0119281946e+01,1.0119286763e+01,2.6366021606e+03,1.3469605357e+02,-1.0120389521e+01,1.0120389521e+01,2.6366361520e+03,1.3470116534e+02,1.1075750399e-03,2.9026060668e-03,3.7753862586e-01,2.7219308046e-02,0.0000000000e+00,0.0000000000e+00,0.0000000000e+00,0.0000000000e+00,4.8061592072e-07,4.8061614954e-07,1.2522558239e-04,6.3973973797e-06,4.8799133065e-07,4.9955533749e-07,1.2432063057e-04,6.3924742545e-06,1.0000000000e+00,4.1921888688e+00,2.0679115636e+00,4.1921888688e+00,1.0000000000e+00,1.0000285724e+00,1.0000095586e+00,1.0000285724e+00,2.2104806427e+03,2.3416576566e+03,1.9617483066e+00,nan,4.3820780406e-01,4.6421246117e-01,3.8889886703e-04,nan,1.1322817037e-01,2.0291919982e-02,1.5060243566e-01,4.1920690912e+00,3.8421627931e+00,9.9277342691e-01,5.3637109560e-01,5.4876316587e-01,-2.3449584052e-01,5.4216576627e-01,3.1632493682e-01,401417,43,53,41,1.2432063057e-04,4.9478888759e-01,4.9883524457e-01,2.6895956723e-02,-3.5885150393e+00,-2.6337712020e+03,1.0222089764e-02,-2.6337609799e+03,7.0334582811e-04,447024,48,48,48,-1.0979655518e-03,9.9917016721e-01,6.1749167972e-01,3.2247460091e-02,-3.4015371307e+00,-1.0817691205e+00,-1.1100412059e-01,-1.1927732411e+00,3.2169803665e-04,2.6869149976e-02,3.2569158128e-02,-2.2047447183e-05,3.2798257744e-04,0,0,0,2.3958248488e-04,3.1921888688e+00,3.1924284512e+00,9.3176175816e-08,2.8572417675e-05,2.8665593851e-05,4.7495061735e-04,2.3958248488e+00
20,2.0000000000e-03,1.0000000000e-04,-8.8728542925e-02,1.2992629519e-01,1.1985412013e+00,2.5806340504e-01,-2.0583746772e-01,2.0583746772e-01,1.1380427204e+00,3.3222403444e-01,1.1710892479e-01,1.1744783938e-01,1.9245006626e-01,1.2705917902e-01,0.0000000000e+00,0.0000000000e+00,0.0000000000e+00,0.0000000000e+00,2.1257804794e-05,3.1128064653e-05,2.8714947925e-04,6.1827471836e-05,2.1257804794e-05,2.4634331295e-05,1.0618710709e-03,4.2061795924e-05,-1.0234917440e+01,1.0234922274e+01,2.6687309903e+03,1.3628435095e+02,-1.0236024693e+01,1.0236024693e+01,2.6687647478e+03,1.3628944454e+02,1.1072529754e-03,2.9026420102e-03,3.7753770056e-01,2.7219488683e-02,0.0000000000e+00,0.0000000000e+00,0.0000000000e+00,0.0000000000e+00,4.8610803566e-07,4.8610826525e-07,1.2675154314e-04,6.4728336617e-06,4.9333334872e-07,5.0508728059e-07,1.2583393094e-04,6.4678460317e-06,1.0000000000e+00,4.1921888688e+00,2.0679115636e+00,4.1921888688e+00,1.0000000000e+00,1.0000285724e+00,1.0000095586e+00,1.0000285724e+00,2.2266493528e+03,2.3450479494e+03,1.9617436767e+00,nan,4.4141310466e-01,4.6488455607e-01,3.8889794919e-04,nan,1.1850208033e-01,2.0503389133e-02,1.5377008731e-01,4.1920690912e+00,3.6979731730e+00,9.9276054417e-01,5.5087319360e-01,5.5822171901e-01,-1.7704700955e-01,5.4222924620e-01,3.1612439960e-01,493577,53,53,41,1.2583393094e-04,4.9491320822e-01,4.9874328447e-01,2.7599302551e-02,-3.5619774572e+00,-2.6659047134e+03,9.9782741948e-03,-2.6658947351e+03,7.0952029944e-04,447024,48,48,48,-1.0618710709e-03,9.9917692508e-01,6.1639371417e-01,3.2569158128e-02,-3.3912781702e+00,-1.0884548610e+00,-1.1008634034e-01,-1.1985412013e+00,3.7019482365e-04,2.7534020142e-02,3.2939352952e-02,-1.4219556723e-05,3.2793253153e-04,0,0,0,2.3958248488e-04,3.1921888688e+00,3.1924284512e+00,9.3176175816e-08,2.8572417675e-05,2.8665593851e-05,4.7495061735e-04,2.3958248488e+00
21,2.1000000000e-03,1.0000000000e-04,-8.9162885267e-02,1.3041133978e-01,1.2048336491e+00,2.5951764077e-01,-2.0628956592e-01,2.0628956592e-01,1.1498348442e+00,3.3350009776e-01,1.1712668065e-01,1.1746347497e-01,1.9245007571e-01,1.2706947094e-01,0.0000000000e+00,0.0000000000e+00,0.0000000000e+00,0.0000000000e+00,2.1361865612e-05,3.1244272842e-05,2.8865703952e-04,6.2175881247e-05,2.1361865612e-05,2.4652383518e-05,1.0282692625e-03,4.1698841573e-05,-1.0347759056e+01,1.0347763906e+01,2.6999464092e+03,1.3783231096e+02,-1.0348865982e+01,1.0348865982e+01,2.6999799299e+03,1.3783738235e+02,1.1069256546e-03,2.9026770189e-03,3.7753672768e-01,2.7219670995e-02,0.0000000000e+00,0.0000000000e+00,0.0000000000e+00,0.0000000000e+00,4.9146745519e-07,4.9146768552e-07,1.2823412139e-04,6.5463541180e-06,4.9860368577e-07,5.1050517368e-07,1.2730631409e-04,6.5413072437e-06,1.0000000000e+00,4.1921888688e+00,2.0679115636e+00,4.1921888688e+00,1.0000000000e+00,1.0000285724e+00,1.0000095586e+00,1.0000285724e+00,2.2409287882e+03,2.3481458607e+03,1.9617385251e+00,nan,4.4424387363e-01,4.6549868898e-01,3.8889692794e-04,nan,1.2380639851e-01,2.0708146671e-02,1.5687023900e-01,4.1920690912e+00,3.5622525065e+00,9.9276473933e-01,5.5928201548e-01,5.6179746173e-01,-1.0533439270e-01,5.4236105474e-01,3.1593996971e-01,400457,43,43,41,1.2730631409e-04,4.9503904215e-01,4.9865443416e-01,2.8308822850e-02,-3.5358645174e+00,-2.6971504585e+03,9.7314869969e-03,-2.6971407270e+03,7.0322801885e-04,447024,48,48,48,-1.0282692625e-03,9.9918384106e-01,6.1533184310e-01,3.2939352952e-02,-3.3795931289e+00,-1.0956381216e+00,-1.0919552749e-01,-1.2048336491e+00,4.2221258460e-04,2.8221391734e-02,3.3361565536e-02,-5.7574690019e-06,3.2786926686e-04,0,0,0,2.3958248488e-04,3.1921888688e+00,3.1924284512e+00,9.3176175816e-08,2.8572417675e-05,2.8665593851e-05,4.7495061735e-04,2.3958248488e+00
22,2.2000000000e-03,1.0000000000e-04,-8.9589340039e-02,1.3088944714e-01,1.2116728505e+00,2.6092065747e-01,-2.0673367822e-01,2.0673367822e-01,1.1612843795e+00,3.3473655066e-01,1.1714433818e-01,1.1747904380e-01,1.9245008796e-01,1.2707973434e-01,0.0000000000e+00,0.0000000000e+00,0.0000000000e+00,0.0000000000e+00,2.1464036705e-05,3.1358818991e-05,2.9029559239e-04,6.2512019473e-05,2.1464036705e-05,2.4672284083e-05,9.9683335659e-04,4.1355186221e-05,-1.0456228710e+01,1.0456233574e+01,2.7297771680e+03,1.3931747970e+02,-1.0457335304e+01,1.0457335304e+01,2.7298104492e+03,1.3932252589e+02,1.1065934308e-03,2.9027113293e-03,3.7753570569e-01,2.7219855006e-02,0.0000000000e+00,0.0000000000e+00,0.0000000000e+00,0.0000000000e+00,4.9661922811e-07,4.9661945913e-07,1.2965093512e-04,6.6168922992e-06,5.0369767574e-07,5.1573088703e-07,1.2871527901e-04,6.6117922912e-06,1.0000000000e+00,4.1921888688e+00,2.0679115636e+00,4.1921888688e+00,1.0000000000e+00,1.0000285724e+00,1.0000095586e+00,1.0000285724e+00,2.2528995073e+03,2.3506821390e+03,1.9617330898e+00,nan,4.4661696049e-01,4.6600148323e-01,3.8889585043e-04,nan,1.2912416921e-01,2.0903248572e-02,1.5987818930e-01,4.1920690912e+00,3.4338563269e+00,9.9278326759e-01,5.6162059980e-01,5.5973036603e-01,-2.0961521452e-02,5.4255130406e-01,3.1577112397e-01,512011,55,53,43,1.2871527901e-04,4.9516634846e-01,4.9856859368e-01,2.9012050869e-02,-3.5106027666e+00,-2.7270320799e+03,9.4818083781e-03,-2.7270225981e+03,6.8470610481e-04,447024,48,48,48,-9.9683335659e-04,9.9919090080e-01,6.1430357384e-01,3.3361565536e-02,-3.3664200162e+00,-1.1033429218e+00,-1.0832992871e-01,-1.2116728505e+00,4.7690326508e-04,2.8278123525e-02,3.3838468801e-02,3.2276168926e-06,3.2779540884e-04,0,0,0,2.3958248488e-04,3.1921888688e+00,3.1924284512e+00,9.3176175816e-08,2.8572417675e-05,2.8665593851e-05,4.7495061735e-04,2.3958248488e+00
23,2.3000000000e-03,1.0000000000e-04,-9.0005991658e-02,1.3135817847e-01,1.2190630544e+00,2.6226595250e-01,-2.0716789360e-01,2.0716789360e-01,1.1721904815e+00,3.3592768929e-01,1.1716190195e-01,1.1749455097e-01,1.9245008855e-01,1.2708997272e-01,0.0000000000e+00,0.0000000000e+00,0.0000000000e+00,0.0000000000e+00,2.1563859136e-05,3.1471118807e-05,2.9206615580e-04,6.2834328599e-05,2.1563859136e-05,2.4693778963e-05,9.6729338014e-04,4.1029274698e-05,-1.0558980885e+01,1.0558985762e+01,2.7578306885e+03,1.4072087296e+02,-1.0560087141e+01,1.0560087141e+01,2.7578637275e+03,1.4072589196e+02,1.1062566150e-03,2.9027450620e-03,3.7753463327e-01,2.7220040715e-02,0.0000000000e+00,0.0000000000e+00,0.0000000000e+00,0.0000000000e+00,5.0149944897e-07,5.0149968064e-07,1.3098333880e-04,6.6835465485e-06,5.0855156872e-07,5.2069017084e-07,1.3004231029e-04,6.6783999647e-06,1.0000000000e+00,4.1921888688e+00,2.0679115636e+00,4.1921888688e+00,1.0000000000e+00,1.0000285724e+00,1.0000095586e+00,1.0000285724e+00,2.2622543424e+03,2.3527436633e+03,1.9617275113e+00,nan,4.4847147197e-01,4.6641016179e-01,3.8889474454e-04,nan,1.3443936758e-01,2.1085884490e-02,1.6277158233e-01,4.1920690912e+00,3.3118982153e+00,9.9281566253e-01,5.5791368994e-01,5.5221487000e-01,7.0779250524e-02,5.4278977201e-01,3.1561760146e-01,492617,53,43,41,1.3004231029e-04,4.9529506374e-01,4.9848561883e-01,2.9696756974e-02,-3.4865707973e+00,-2.7551518506e+03,9.2293626871e-03,-2.7551426212e+03,6.5467158021e-04,447024,48,48,48,-9.6729338014e-04,9.9919808965e-01,6.1330674048e-01,3.3838468801e-02,-3.3517327513e+00,-1.1115750308e+00,-1.0748802355e-01,-1.2190630544e+00,5.3335120583e-04,2.8293566688e-02,3.4371820007e-02,1.2620312620e-05,3.2771314605e-04,0,0,0,2.3958248488e-04,3.1921888688e+00,3.1924284512e+00,9.3176175816e-08,2.8572417675e-05,2.8665593851e-05,4.7495061735e-04,2.3958248488e+00
24,2.4000000000e-03,1.0000000000e-04,-9.0411087753e-02,1.3181516136e-01,1.2269905337e+00,2.6354791058e-01,-2.0759046455e-01,2.0759046455e-01,1.1824808069e+00,3.3706850772e-01,1.1717937680e-01,1.1751000148e-01,1.9245007734e-01,1.2710018961e-01,0.0000000000e+00,0.0000000000e+00,0.0000000000e+00,0.0000000000e+00,2.1660913065e-05,3.1580603904e-05,2.9396544099e-04,6.3141463301e-05,2.1660913065e-05,2.4716359030e-05,9.3942612905e-04,4.0719858603e-05,-1.0654922151e+01,1.0654927042e+01,2.7837983317e+03,1.4202724056e+02,-1.0656028066e+01,1.0656028066e+01,2.7838311260e+03,1.4203223130e+02,1.1059155808e-03,2.9027783388e-03,3.7753350930e-01,2.7220228096e-02,0.0000000000e+00,0.0000000000e+00,0.0000000000e+00,0.0000000000e+00,5.0605618533e-07,5.0605641764e-07,1.3221667362e-04,6.7455925585e-06,5.1312197411e-07,5.2531236054e-07,1.3127246891e-04,6.7404057092e-06,1.0000000000e+00,4.1921888688e+00,2.0679115636e+00,4.1921888688e+00,1.0000000000e+00,1.0000285724e+00,1.0000095586e+00,1.0000285724e+00,2.2688018002e+03,2.3542294384e+03,1.9617217853e+00,nan,4.4976944629e-01,4.6670470326e-01,3.8889360943e-04,nan,1.3973687217e-01,2.1253630436e-02,1.6553116687e-01,4.1920690912e+00,3.1957026170e+00,9.9285865627e-01,5.4808531699e-01,5.3929907632e-01,1.6140192804e-01,5.4306571917e-01,3.1547678846e-01,382987,41,53,43,1.3127246891e-04,4.9542510605e-01,4.9840532908e-01,3.0351428554e-02,-3.4640901226e+00,-2.7811961967e+03,8.9743105999e-03,-2.7811872224e+03,6.1428666331e-04,447024,48,48,48,-9.3942612905e-04,9.9920539270e-01,6.1233944710e-01,3.4371820007e-02,-3.3355418105e+00,-1.1203220499e+00,-1.0666848379e-01,-1.2269905337e+00,5.9057959527e-04,2.8294241519e-02,3.4962399602e-02,2.2302119887e-05,3.2762430544e-04,0,0,0,2.3958248488e-04,3.1921888688e+00,3.1924284512e+00,9.3176175816e-08,2.8572417675e-05,2.8665593851e-05,4.7495061735e-04,2.3958248488e+00
25,2.5000000000e-03,1.0000000000e-04,-9.0803037967e-02,1.3225821566e-01,1.2354242337e+00,2.6476177443e-01,-2.0799980581e-01,2.0799980581e-01,1.1920351602e+00,3.3815467818e-01,1.1719676785e-01,1.1752540839e-01,1.9245006470e-01,1.2711038849e-01,0.0000000000e+00,0.0000000000e+00,0.0000000000e+00,0.0000000000e+00,2.1754817471e-05,3.1686751953e-05,2.9598600780e-04,6.3432283819e-05,2.1754817471e-05,2.4739553408e-05,9.1304720268e-04,4.0425907479e-05,-1.0743216774e+01,1.0743221679e+01,2.8074557467e+03,1.4322512134e+02,-1.0744322345e+01,1.0744322345e+01,2.8074882940e+03,1.4323008356e+02,1.1055707844e-03,2.9028113147e-03,3.7753233293e-01,2.7220417091e-02,0.0000000000e+00,0.0000000000e+00,0.0000000000e+00,0.0000000000e+00,5.1024974392e-07,5.1024997686e-07,1.3334028401e-04,6.8024859800e-06,5.1734229111e-07,5.2957181234e-07,1.3239428578e-04,6.7972655821e-06,1.0000000000e+00,4.1921888688e+00,2.0679115636e+00,4.1921888688e+00,1.0000000000e+00,1.0000285724e+00,1.0000095586e+00,1.0000285724e+00,2.2724629080e+03,2.3552059433e+03,1.9617158015e+00,nan,4.5049522780e-01,4.6689828654e-01,3.8889242319e-04,nan,1.4500267390e-01,2.1405875992e-02,1.6814132337e-01,4.1920690912e+00,3.0847647477e+00,9.9290538313e-01,5.3197708276e-01,5.2090603562e-01,2.4215580288e-01,5.4336838928e-01,3.1535476119e-01,401417,43,53,41,1.3239428578e-04,4.9555637852e-01,4.9832751569e-01,3.0965715217e-02,-3.4434193611e+00,-2.8049362242e+03,8.7168421074e-03,-2.8049275074e+03,5.6508447288e-04,447024,48,48,48,-9.1304720268e-04,9.9921279502e-01,6.1140002097e-01,3.4962399602e-02,-3.3178938778e+00,-1.1295540940e+00,-1.0587013967e-01,-1.2354242337e+00,6.4755684099e-04,2.8265670283e-02,3.5609956443e-02,3.2153154814e-05,3.2753031059e-04,0,0,0,2.3958248488e-04,3.1921888688e+00,3.1924284512e+00,9.3176175816e-08,2.8572417675e-05,2.8665593851e-05,4.7495061735e-04,2.3958248488e+00
26,2.6000000000e-03,1.0000000000e-04,-9.1180410412e-02,1.3268529097e-01,1.2443170026e+00,2.6590360833e-01,-2.0839449077e-01,2.0839449077e-01,1.2008559557e+00,3.3918252539e-01,1.1721408036e-01,1.1754076863e-01,1.9245008328e-01,1.2712057276e-01,0.0000000000e+00,0.0000000000e+00,0.0000000000e+00,0.0000000000e+00,2.1845229299e-05,3.1789071719e-05,2.9811655947e-04,6.3705847223e-05,2.1845229299e-05,2.4763373098e-05,8.8800452817e-04,4.0146538073e-05,-1.0823279994e+01,1.0823284911e+01,2.8286589585e+03,1.4430671414e+02,-1.0824385216e+01,1.0824385216e+01,2.8286912566e+03,1.4431164826e+02,1.1052226128e-03,2.9028440389e-03,3.7753110355e-01,2.7220607618e-02,0.0000000000e+00,0.0000000000e+00,0.0000000000e+00,0.0000000000e+00,5.1405235148e-07,5.1405258505e-07,1.3434733186e-04,6.8538562969e-06,5.2117394213e-07,5.3343421976e-07,1.3340138559e-04,6.8486088715e-06,1.0000000000e+00,4.1921888688e+00,2.0679115636e+00,4.1921888688e+00,1.0000000000e+00,1.0000285724e+00,1.0000095586e+00,1.0000285724e+00,2.2732623218e+03,2.3555624996e+03,1.9617092241e+00,nan,4.5065370437e-01,4.6696897059e-01,3.8889111927e-04,nan,1.5022601952e-01,2.1541258440e-02,1.7059027254e-01,4.1920690912e+00,2.9787158746e+00,9.9295895005e-01,5.0926124538e-01,4.9673927731e-01,3.0742506361e-01,5.4368846721e-01,3.1524891743e-01,401417,43,53,41,1.3340138559e-04,4.9568877281e-01,4.9825194979e-01,3.1530799690e-02,-3.4247518448e+00,-2.8262239174e+03,8.4571697117e-03,-2.8262154602e+03,5.0886480467e-04,447024,48,48,48,-8.8800452817e-04,9.9922028152e-01,6.1048697377e-01,3.5609956443e-02,-3.2988705481e+00,-1.1392250509e+00,-1.0509195169e-01,-1.2443170026e+00,7.0320589021e-04,2.8202462269e-02,3.6313162334e-02,4.2054340266e-05,3.2743247048e-04,0,0,0,2.3958248488e-04,3.1921888688e+00,3.1924284512e+00,9.3176175816e-08,2.8572417675e-05,2.8665593851e-05,4.7495061735e-04,2.3958248488e+00
27,2.7000000000e-03,1.0000000000e-04,-9.1541926480e-02,1.3309449837e-01,1.2536073706e+00,2.6697025591e-01,-2.0877324621e-01,2.0877324621e-01,1.2088143765e+00,3.4014899623e-01,1.1723131973e-01,1.1755608612e-01,1.9245008973e-01,1.2713074570e-01,0.0000000000e+00,0.0000000000e+00,0.0000000000e+00,0.0000000000e+00,2.1931842217e-05,3.1887110643e-05,3.0034236891e-04,6.3961397301e-05,2.1931842217e-05,2.4787239023e-05,8.6417297229e-04,3.9880958936e-05,-1.0894761336e+01,1.0894766266e+01,2.8473371518e+03,1.4526760257e+02,-1.0895866207e+01,1.0895866207e+01,2.8473691989e+03,1.4527250956e+02,1.1048714337e-03,2.9028765171e-03,3.7752982077e-01,2.7220799573e-02,0.0000000000e+00,0.0000000000e+00,0.0000000000e+00,0.0000000000e+00,5.1744736222e-07,5.1744759640e-07,1.3523445380e-04,6.8994937521e-06,5.2459277710e-07,5.3688752116e-07,1.3429008952e-04,6.8942254604e-06,1.0000000000e+00,4.1921888688e+00,2.0679115636e+00,4.1921888688e+00,1.0000000000e+00,1.0000285724e+00,1.0000095586e+00,1.0000285724e+00,2.2713149417e+03,2.3555057370e+03,1.9617024929e+00,nan,4.5026765386e-01,4.6695771793e-01,3.8888978488e-04,nan,1.5539723392e-01,2.1659835557e-02,1.7287010253e-01,4.1920690912e+00,2.8772929221e+00,9.9301683666e-01,4.7938233633e-01,4.6620371244e-01,3.5586480546e-01,5.4401711323e-01,3.1515899139e-01,401621,43,55,53,1.3429008952e-04,4.9582217419e-01,4.9817838991e-01,3.2039664495e-02,-3.4082164600e+00,-2.8449849812e+03,8.1955184357e-03,-2.8449767857e+03,4.4757369096e-04,447024,48,48,48,-8.6417297229e-04,9.9922783837e-01,6.0959896924e-01,3.6313162334e-02,-3.2785861104e+00,-1.1492743837e+00,-1.0433298688e-01,-1.2536073706e+00,7.5641886270e-04,2.8143679550e-02,3.7069581196e-02,5.1889867309e-05,3.2733372634e-04,0,0,0,2.3958248488e-04,3.1921888688e+00,3.1924284512e+00,9.3176175816e-08,2.8572417675e-05,2.8665593851e-05,4.7495061735e-04,2.3958248488e+00
28,2.8000000000e-03,1.0000000000e-04,-9.1886454796e-02,1.3348408677e-01,1.2632218261e+00,2.6795929392e-01,-2.0913494624e-01,2.0913494624e-01,1.2159553640e+00,3.4105162631e-01,1.1724849144e-01,1.1757136524e-01,1.9245008406e-01,1.2714091048e-01,0.0000000000e+00,0.0000000000e+00,0.0000000000e+00,0.0000000000e+00,2.2014385167e-05,3.1980449200e-05,3.0264582406e-04,6.4198353486e-05,2.2014385167e-05,2.4811441548e-05,8.4144976398e-04,3.9628428277e-05,-1.0957520722e+01,1.0957525665e+01,2.8634832445e+03,1.4610637685e+02,-1.0958625240e+01,1.0958625240e+01,2.8635150389e+03,1.4611125810e+02,1.1045175975e-03,2.9029087249e-03,3.7752848447e-01,2.7220992828e-02,0.0000000000e+00,0.0000000000e+00,0.0000000000e+00,0.0000000000e+00,5.2042812316e-07,5.2042835794e-07,1.3600131348e-04,6.9393313886e-06,5.2760717164e-07,5.3990951729e-07,1.3506007663e-04,6.9340478257e-06,1.0000000000e+00,4.1921888688e+00,2.0679115636e+00,4.1921888688e+00,1.0000000000e+00,1.0000285724e+00,1.0000095586e+00,1.0000285724e+00,2.2668095067e+03,2.3549507848e+03,1.9616956070e+00,nan,4.4937449211e-01,4.6684770367e-01,3.8888841981e-04,nan,1.6050878188e-01,2.1760505783e-02,1.7497660460e-01,4.1920690912e+00,2.7803118269e+00,9.9307920767e-01,4.4160696107e-01,4.2843850555e-01,3.8916672525e-01,5.4434693078e-01,3.1507877545e-01,493577,53,53,41,1.3506007663e-04,4.9595646428e-01,4.9810658886e-01,3.2487238186e-02,-3.3938812743e+00,-2.8612094406e+03,7.9321205351e-03,-2.8612015085e+03,3.8318153449e-04,447024,48,48,48,-8.4144976398e-04,9.9923545265e-01,6.0873479627e-01,3.7069581196e-02,-3.2571844351e+00,-1.1596294271e+00,-1.0359239897e-01,-1.2632218261e+00,8.0607831818e-04,2.8095292375e-02,3.7875659515e-02,6.1549729374e-05,3.2723426728e-04,0,0,0,2.3958248488e-04,3.1921888688e+00,3.1924284512e+00,9.3176175816e-08,2.8572417675e-05,2.8665593851e-05,4.7495061735e-04,2.3958248488e+00
29,2.9000000000e-03,1.0000000000e-04,-9.2213004985e-02,1.3385249398e-01,1.2730775086e+00,2.6886898404e-01,-2.0947860597e-01,2.0947860597e-01,1.2224463235e+00,3.4188850508e-01,1.1726560098e-01,1.1758661019e-01,1.9245006598e-01,1.2715107016e-01,0.0000000000e+00,0.0000000000e+00,0.0000000000e+00,0.0000000000e+00,2.2092620873e-05,3.2068713115e-05,3.0500707297e-04,6.4416299304e-05,2.2092620873e-05,2.4835825783e-05,8.1975054331e-04,3.9388223265e-05,-1.1011600176e+01,1.1011605131e+01,2.8771433259e+03,1.4682419641e+02,-1.1012704337e+01,1.1012704337e+01,2.8771748660e+03,1.4682905358e+02,1.1041615153e-03,2.9029406960e-03,3.7752709471e-01,2.7221187240e-02,0.0000000000e+00,0.0000000000e+00,0.0000000000e+00,0.0000000000e+00,5.2299663014e-07,5.2299686551e-07,1.3665009988e-04,6.9734242728e-06,5.3021587391e-07,5.4250227504e-07,1.3571271313e-04,6.9681300653e-06,1.0000000000e+00,4.1921888688e+00,2.0679115636e+00,4.1921888688e+00,1.0000000000e+00,1.0000285724e+00,1.0000095586e+00,1.0000285724e+00,2.2599906969e+03,2.3536206135e+03,1.9616885699e+00,nan,4.4802272470e-01,4.6658400924e-01,3.8888702476e-04,nan,1.6555367269e-01,2.1843536824e-02,1.7690897145e-01,4.1920690912e+00,2.6876443728e+00,9.9314024102e-01,3.9498108745e-01,3.8223440803e-01,4.1023109515e-01,5.4467145279e-01,3.1500502455e-01,492617,53,43,41,1.3571271313e-04,4.9609152436e-01,4.9803629962e-01,3.2870419720e-02,-3.3817593321e+00,-2.8749410871e+03,7.6672089115e-03,-2.8749334199e+03,3.1757298164e-04,447024,48,48,48,-8.1975054331e-04,9.9924311310e-01,6.0789334651e-01,3.7875659515e-02,-3.2348350178e+00,-1.1702080968e+00,-1.0286941184e-01,-1.2730775086e+00,8.5108525379e-04,2.8058203541e-02,3.8726744768e-02,7.0932118932e-05,3.2713404281e-04,0,0,0,2.3958248488e-04,3.1921888688e+00,3.1924284512e+00,9.3176175816e-08,2.8572417675e-05,2.8665593851e-05,4.7495061735e-04,2.3958248488e+00
30,3.0000000000e-03,1.0000000000e-04,-9.2520721853e-02,1.3419835520e-01,1.2830852051e+00,2.6969822447e-01,-2.0980337571e-01,2.0980337571e-01,1.2280311521e+00,3.4265824123e-01,1.1728265386e-01,1.1760182502e-01,1.9245003533e-01,1.2716122765e-01,0.0000000000e+00,0.0000000000e+00,0.0000000000e+00,0.0000000000e+00,2.2166344445e-05,3.2151575407e-05,3.0740474174e-04,6.4614970787e-05,2.2166344445e-05,2.4860226593e-05,7.9900591968e-04,3.9159619208e-05,-1.1057193658e+01,1.1057198626e+01,2.8884058962e+03,1.4742433194e+02,-1.1058297462e+01,1.1058297462e+01,2.8884371808e+03,1.4742916690e+02,1.1038035791e-03,2.9029724504e-03,3.7752565178e-01,2.7221382649e-02,0.0000000000e+00,0.0000000000e+00,0.0000000000e+00,0.0000000000e+00,5.2516209540e-07,5.2516233137e-07,1.3718501636e-04,7.0019277468e-06,5.3241737974e-07,5.4468187665e-07,1.3625255198e-04,6.9966271943e-06,1.0000000000e+00,4.1921888688e+00,2.0679115636e+00,4.1921888688e+00,1.0000000000e+00,1.0000285724e+00,1.0000095586e+00,1.0000285724e+00,2.2511411439e+03,2.3520878733e+03,1.9616813847e+00,nan,4.4626838083e-01,4.6628015735e-01,3.8888560036e-04,nan,1.7052758763e-01,2.1909771200e-02,1.7866943897e-01,4.1920690912e+00,2.5991984221e+00,9.9320287012e-01,3.3848201280e-01,3.2617442390e-01,4.2196729279e-01,5.4498605200e-01,3.1494432190e-01,493577,53,53,41,1.3625255198e-04,4.9622723707e-01,4.9796728025e-01,3.3187992702e-02,-3.3718159235e+00,-2.8862667135e+03,7.4010138026e-03,-2.8862593124e+03,2.5245805712e-04,447024,48,48,48,-7.9900591968e-04,9.9925080929e-01,6.0707359596e-01,3.8726744768e-02,-3.2117282726e+00,-1.1809218993e+00,-1.0216330580e-01,-1.2830852051e+00,8.9039271675e-04,2.8033128129e-02,3.9617137485e-02,7.9945510640e-05,3.2704868515e-04,0,0,0,2.3958248488e-04,3.1921888688e+00,3.1924284512e+00,9.3176175816e-08,2.8572417675e-05,2.8665593851e-05,4.7495061735e-04,2.3958248488e+00
31,3.1000000000e-03,1.0000000000e-04,-9.2808880349e-02,1.3452050045e-01,1.2931525067e+00,2.7044650304e-01,-2.1010853588e-01,2.1010853588e-01,1.2331260947e+00,3.4335992927e-01,1.1729965553e-01,1.1761701360e-01,1.9244999195e-01,1.2717138577e-01,0.0000000000e+00,0.0000000000e+00,0.0000000000e+00,0.0000000000e+00,2.2235382173e-05,3.2228755767e-05,3.0981669089e-04,6.4794245227e-05,2.2235382173e-05,2.4884147230e-05,7.7915846917e-04,3.8941877129e-05,-1.1094617134e+01,1.1094622115e+01,2.8973916324e+03,1.4791171824e+02,-1.1095720578e+01,1.1095720578e+01,2.8974226605e+03,1.4791653296e+02,1.1034441256e-03,2.9030039664e-03,3.7752415615e-01,2.7221578894e-02,0.0000000000e+00,0.0000000000e+00,0.0000000000e+00,0.0000000000e+00,5.2693952572e-07,5.2693976228e-07,1.3761179445e-04,7.0250761892e-06,5.3421371829e-07,5.4647943389e-07,1.3668458337e-04,7.0197731214e-06,1.0000000000e+00,4.1921888688e+00,2.0679115636e+00,4.1921888688e+00,1.0000000000e+00,1.0000285724e+00,1.0000095586e+00,1.0000285724e+00,2.2405645254e+03,2.3496564325e+03,1.9616740553e+00,nan,4.4417166182e-01,4.6579814619e-01,3.8888414738e-04,nan,1.7542590985e-01,2.1960946817e-02,1.8026283371e-01,4.1920690912e+00,2.5149015275e+00,9.9326212492e-01,2.7130625502e-01,2.5897792331e-01,4.2678111636e-01,5.4528624616e-01,3.1489354814e-01,400471,43,43,55,1.3668458337e-04,4.9636348962e-01,4.9789929783e-01,3.3440450759e-02,-3.3639766423e+00,-2.8953058591e+03,7.1337565300e-03,-2.8952987253e+03,1.8930964985e-04,447024,48,48,48,-7.7915846917e-04,9.9925853252e-01,6.0627459004e-01,3.9617137485e-02,-3.1880702307e+00,-1.1916791002e+00,-1.0147340653e-01,-1.2931525067e+00,9.2304290859e-04,2.8020565488e-02,4.0540180394e-02,8.8510275481e-05,3.2709604741e-04,0,0,0,2.3958248488e-04,3.1921888688e+00,3.1924284512e+00,9.3176175816e-08,2.8572417675e-05,2.8665593851e-05,4.7495061735e-04,2.3958248488e+00
32,3.2000000000e-03,1.0000000000e-04,-9.3076881511e-02,1.3481796258e-01,1.3031869629e+00,2.7111385269e-01,-2.1039349287e-01,2.1039349287e-01,1.2394958828e+00,3.4399311857e-01,1.1731661136e-01,1.1763217966e-01,1.9244999955e-01,1.2718154721e-01,0.0000000000e+00,0.0000000000e+00,0.0000000000e+00,0.0000000000e+00,2.2299590558e-05,3.2300022481e-05,3.1222077083e-04,6.4954130514e-05,2.2299590558e-05,2.4907169524e-05,7.6016013087e-04,3.8734238330e-05,-1.1124280395e+01,1.1124285388e+01,2.9042441663e+03,1.4829253995e+02,-1.1125383478e+01,1.1125383478e+01,2.9042749370e+03,1.4829733641e+02,1.1030834223e-03,2.9030351712e-03,3.7752260843e-01,2.7221775810e-02,0.0000000000e+00,0.0000000000e+00,0.0000000000e+00,0.0000000000e+00,5.2834838411e-07,5.2834862126e-07,1.3793725597e-04,7.0431633397e-06,5.3563102019e-07,5.4789786951e-07,1.3701558610e-04,7.0378609828e-06,1.0000000000e+00,4.1921888688e+00,2.0679115636e+00,4.1921888688e+00,1.0000000000e+00,1.0000285724e+00,1.0000095586e+00,1.0000285724e+00,2.2285706112e+03,2.3431097895e+03,1.9616659356e+00,nan,4.4179397676e-01,4.6450033339e-01,3.8888253773e-04,nan,1.8024568842e-01,2.1997596675e-02,1.8169612431e-01,4.1920690912e+00,2.4346878936e+00,9.9331819479e-01,1.9335901473e-01,1.8016729332e-01,4.2651117815e-01,5.4556957360e-01,3.1484618167e-01,492617,53,43,41,1.3701558610e-04,4.9650017421e-01,4.9783213141e-01,3.3629760409e-02,-3.3581356302e+00,-2.9022015454e+03,6.8656486410e-03,-2.9021946798e+03,1.2932815123e-04,447024,48,48,48,-7.6016013087e-04,9.9926627371e-01,6.0549543157e-01,4.0540180394e-02,-3.1640768474e+00,-1.2023878866e+00,-1.0079907622e-01,-1.3031869629e+00,9.4820497675e-04,2.8020776173e-02,4.1488385370e-02,9.6559736738e-05,3.2714245719e-04,0,0,0,2.3958248488e-04,3.1921888688e+00,3.1924284512e+00,9.3176175816e-08,2.8572417675e-05,2.8665593851e-05,4.7495061735e-04,2.3958248488e+00
33,3.3000000000e-03,1.0000000000e-04,-9.3324249403e-02,1.3508999367e-01,1.3130990628e+00,2.7170080994e-01,-2.1065777605e-01,2.1065777605e-01,1.2469629909e+00,3.4455778478e-01,1.1733352664e-01,1.1764732680e-01,1.9245004134e-01,1.2719171457e-01,0.0000000000e+00,0.0000000000e+00,0.0000000000e+00,0.0000000000e+00,2.2358855572e-05,3.2365196367e-05,3.1459553635e-04,6.5094755191e-05,2.2358855572e-05,2.4928967352e-05,7.4196997955e-04,3.8535924584e-05,-1.1146661632e+01,1.1146666637e+01,2.9091221388e+03,1.4857386373e+02,-1.1147764354e+01,1.1147764354e+01,2.9091526515e+03,1.4857864388e+02,1.1027217413e-03,2.9030660178e-03,3.7752100935e-01,2.7221973234e-02,0.0000000000e+00,0.0000000000e+00,0.0000000000e+00,0.0000000000e+00,5.2941138234e-07,5.2941162008e-07,1.3816893558e-04,7.0565248299e-06,5.3670776986e-07,5.4894649495e-07,1.3725283581e-04,7.0512254773e-06,1.0000000000e+00,4.1921888688e+00,2.0679115636e+00,4.1921888688e+00,1.0000000000e+00,1.0000285724e+00,1.0000095586e+00,1.0000285724e+00,2.2154628096e+03,2.3329903716e+03,1.9616572006e+00,nan,4.3919547359e-01,4.6249425029e-01,3.8888080609e-04,nan,1.8498435191e-01,2.2020426566e-02,1.8297797584e-01,4.1920690912e+00,2.3584885792e+00,9.9336971245e-01,1.0572129870e-01,9.0759027081e-02,4.2251535034e-01,5.4583439027e-01,3.1479978004e-01,493577,53,53,41,1.3725283581e-04,4.9663718979e-01,4.9776557416e-01,3.3759088560e-02,-3.3541635221e+00,-2.9071122626e+03,6.5968883978e-03,-2.9071056657e+03,7.3430749313e-05,447024,48,48,48,-7.4196997955e-04,9.9927402548e-01,6.0473527144e-01,4.1488385370e-02,-3.1399681624e+00,-1.2129593560e+00,-1.0013970680e-01,-1.3130990628e+00,9.6521039597e-04,2.8033765853e-02,4.2453595766e-02,1.0404061094e-04,3.2718787096e-04,0,0,0,2.3958248488e-04,3.1921888688e+00,3.1924284512e+00,9.3176175816e-08,2.8572417675e-05,2.8665593851e-05,4.7495061735e-04,2.3958248488e+00
34,3.4000000000e-03,1.0000000000e-04,-9.3550628893e-02,1.3533607139e-01,1.3228048906e+00,2.7220837643e-01,-2.1090103544e-01,2.1090103544e-01,1.2536707352e+00,3.4505430386e-01,1.1735040655e-01,1.1766245849e-01,1.9245007031e-01,1.2720189040e-01,0.0000000000e+00,0.0000000000e+00,0.0000000000e+00,0.0000000000e+00,2.2413092133e-05,3.2424152278e-05,3.1692088272e-04,6.5216359230e-05,2.2413092133e-05,2.4949277115e-05,7.2455235794e-04,3.8346142658e-05,-1.1162285287e+01,1.1162290304e+01,2.9121926142e+03,1.4876332306e+02,-1.1163387646e+01,1.1163387646e+01,2.9122228684e+03,1.4876808880e+02,1.1023593921e-03,2.9030965220e-03,3.7751935975e-01,2.7222171013e-02,0.0000000000e+00,0.0000000000e+00,0.0000000000e+00,0.0000000000e+00,5.3015342879e-07,5.3015366710e-07,1.3831476800e-04,7.0655232125e-06,5.3746099204e-07,5.4967540110e-07,1.3740403345e-04,7.0602286569e-06,1.0000000000e+00,4.1921888688e+00,2.0679115636e+00,4.1921888688e+00,1.0000000000e+00,1.0000285724e+00,1.0000095586e+00,1.0000285724e+00,2.2015284603e+03,2.3229567276e+03,1.9616483337e+00,nan,4.3643311482e-01,4.6050517106e-01,3.8887904831e-04,nan,1.8963989551e-01,2.2031716533e-02,1.8411835370e-01,4.1920690912e+00,2.2862247250e+00,9.9341549308e-01,9.9106174275e-03,-7.6718592161e-03,4.1578452383e-01,5.4607931994e-01,3.1475860826e-01,492617,53,43,41,1.3740403345e-04,4.9677444263e-01,4.9769943476e-01,3.3832519309e-02,-3.3519147449e+00,-2.9102052892e+03,6.3276598020e-03,-2.9101989615e+03,2.2260770835e-05,447024,48,48,48,-7.2455235794e-04,9.9928178147e-01,6.0399330146e-01,4.2453595766e-02,-3.1159625687e+00,-1.2233101758e+00,-9.9494714823e-02,-1.3228048906e+00,9.7358294084e-04,2.8059278093e-02,4.3427178707e-02,1.1091286784e-04,3.2723211064e-04,0,0,0,2.3958248488e-04,3.1921888688e+00,3.1924284512e+00,9.3176175816e-08,2.8572417675e-05,2.8665593851e-05,4.7495061735e-04,2.3958248488e+00
35,3.5000000000e-03,1.0000000000e-04,-9.3755784042e-02,1.3555590898e-01,1.3322283287e+00,2.7263798301e-01,-2.1112304012e-01,2.1112304012e-01,1.2596134598e+00,3.4548342812e-01,1.1736725608e-01,1.1767757905e-01,1.9245008631e-01,1.2721207713e-01,0.0000000000e+00,0.0000000000e+00,0.0000000000e+00,0.0000000000e+00,2.2462243713e-05,3.2476821514e-05,3.1917857341e-04,6.5319285444e-05,2.2462243713e-05,2.4967840122e-05,7.0787535219e-04,3.8164091981e-05,-1.1171703310e+01,1.1171708340e+01,2.9136258065e+03,1.4886885625e+02,-1.1172805307e+01,1.1172805307e+01,2.9136558019e+03,1.4887360936e+02,1.1019966281e-03,2.9031266693e-03,3.7751766053e-01,2.7222368995e-02,0.0000000000e+00,0.0000000000e+00,0.0000000000e+00,0.0000000000e+00,5.3060073841e-07,5.3060097731e-07,1.3838283755e-04,7.0705355182e-06,5.3790885122e-07,5.5010979162e-07,1.3747705144e-04,7.0652472314e-06,1.0000000000e+00,4.1921888688e+00,2.0679115636e+00,4.1921888688e+00,1.0000000000e+00,1.0000285724e+00,1.0000095586e+00,1.0000285724e+00,2.1870318652e+03,2.3131348584e+03,1.9616393412e+00,nan,4.3355929590e-01,4.5855807429e-01,3.8887726562e-04,nan,1.9421081835e-01,2.2032734467e-02,1.8512813654e-01,4.1920690912e+00,2.2178034842e+00,9.9345449092e-01,-2.9566919495e-02,-4.8321454568e-02,4.0703672818e-01,5.4630394656e-01,3.1471953490e-01,401611,43,55,43,1.3747705144e-04,4.9691184666e-01,4.9763353820e-01,3.3854780080e-02,-3.3512339511e+00,-2.9116513040e+03,6.0581317584e-03,-2.9116452458e+03,-2.3788424896e-05,447024,48,48,48,-7.0787535219e-04,9.9928953566e-01,6.0326874910e-01,4.3427178707e-02,-3.0922714365e+00,-1.2333647908e+00,-9.8863537845e-02,-1.3322283287e+00,9.7306069099e-04,2.8096797632e-02,4.4400239398e-02,1.1714904546e-04,3.2727505366e-04,0,0,0,2.3958248488e-04,3.1921888688e+00,3.1924284512e+00,9.3176175816e-08,2.8572417675e-05,2.8665593851e-05,4.7495061735e-04,2.3958248488e+00
36,3.6000000000e-03,1.0000000000e-04,-9.3939596783e-02,1.3574940655e-01,1.3413027231e+00,2.7299145605e-01,-2.1132367689e-01,2.1132367689e-01,1.2657739541e+00,3.4584626379e-01,1.1738408011e-01,1.1769269363e-01,1.9245008942e-01,1.2722227716e-01,0.0000000000e+00,0.0000000000e+00,0.0000000000e+00,0.0000000000e+00,2.2506282026e-05,3.2523180144e-05,3.2135263939e-04,6.5403971392e-05,2.2506282026e-05,2.4984332751e-05,6.9190958885e-04,3.7988974333e-05,-1.1175479720e+01,1.1175484761e+01,2.9135909845e+03,1.4889849447e+02,-1.1176581353e+01,1.1176581353e+01,2.9136207209e+03,1.4890323659e+02,1.1016336451e-03,2.9031564143e-03,3.7751591266e-01,2.7222567047e-02,0.0000000000e+00,0.0000000000e+00,0.0000000000e+00,0.0000000000e+00,5.3078009920e-07,5.3078033866e-07,1.3838118368e-04,7.0719431871e-06,5.3810036117e-07,5.5025565968e-07,1.3748001465e-04,7.0666613933e-06,1.0000000000e+00,4.1921888688e+00,2.0679115636e+00,4.1921888688e+00,1.0000000000e+00,1.0000285724e+00,1.0000095586e+00,1.0000285724e+00,2.1722098481e+03,2.3018491662e+03,1.9616302273e+00,nan,4.3062096500e-01,4.5632078785e-01,3.8887545888e-04,nan,1.9869650148e-01,2.2024028625e-02,1.8601874669e-01,4.1920690912e+00,2.1531162469e+00,9.9348777770e-01,3.1519413788e-02,1.4393787767e-02,3.9679763304e-01,5.4650851826e-01,3.1467742868e-01,493577,53,53,41,1.3748001465e-04,4.9704932371e-01,4.9756772609e-01,3.3830991655e-02,-3.3519614805e+00,-2.9116201711e+03,5.7884577375e-03,-2.9116143827e+03,-6.4540445972e-05,447024,48,48,48,-6.9190958885e-04,9.9929728372e-01,6.0256087375e-01,4.4400239398e-02,-3.0690943037e+00,-1.2430570911e+00,-9.8245632035e-02,-1.3413027231e+00,9.6360821053e-04,2.8145565107e-02,4.5363847609e-02,1.2273315077e-04,3.2731652455e-04,0,0,0,2.3958248488e-04,3.1921888688e+00,3.1924284512e+00,9.3176175816e-08,2.8572417675e-05,2.8665593851e-05,4.7495061735e-04,2.3958248488e+00
37,3.7000000000e-03,1.0000000000e-04,-9.4102065581e-02,1.3591663737e-01,1.3499719773e+00,2.7327098498e-01,-2.1150294889e-01,2.1150294889e-01,1.2713519311e+00,3.4614424932e-01,1.1740088331e-01,1.1770780247e-01,1.9245008006e-01,1.2723249281e-01,0.0000000000e+00,0.0000000000e+00,0.0000000000e+00,0.0000000000e+00,2.2545206705e-05,3.2563245718e-05,3.2342964084e-04,6.5470941628e-05,2.2545206705e-05,2.4998528879e-05,6.7662732563e-04,3.7820004618e-05,-1.1174178164e+01,1.1174183217e+01,2.9122533876e+03,1.4886019452e+02,-1.1175279434e+01,1.1175279434e+01,2.9122828651e+03,1.4886492719e+02,1.1012707007e-03,2.9031857995e-03,3.7751411714e-01,2.7222765046e-02,0.0000000000e+00,0.0000000000e+00,0.0000000000e+00,0.0000000000e+00,5.3071828172e-07,5.3071852174e-07,1.3831765443e-04,7.0701241285e-06,5.3807984710e-07,5.5014253544e-07,1.3742035840e-04,7.0648487275e-06,1.0000000000e+00,4.1921888688e+00,2.0679115636e+00,4.1921888688e+00,1.0000000000e+00,1.0000285724e+00,1.0000095586e+00,1.0000285724e+00,2.1572695112e+03,2.2906976375e+03,1.9616209929e+00,nan,4.2765917828e-01,4.5411009809e-01,3.8887362824e-04,nan,2.0309608140e-01,2.2006996416e-02,1.8680190018e-01,4.1920690912e+00,2.0920387008e+00,9.9351278741e-01,1.1253383855e-01,9.7054318858e-02,3.8545863118e-01,5.4669325406e-01,3.1463272099e-01,493577,53,53,41,1.3742035840e-04,4.9718680373e-01,4.9750185658e-01,3.3766451209e-02,-3.3539378321e+00,-2.9102777433e+03,5.5187752781e-03,-2.9102722245e+03,-9.9998526033e-05,447024,48,48,48,-6.7662732563e-04,9.9930502226e-01,6.0186896416e-01,4.5363847609e-02,-3.0466147960e+00,-1.2523315066e+00,-9.7640470718e-02,-1.3499719773e+00,9.4541791315e-04,2.8204131933e-02,4.6309265522e-02,1.2765924752e-04,3.2735644855e-04,0,0,0,2.3958248488e-04,3.1921888688e+00,3.1924284512e+00,9.3176175816e-08,2.8572417675e-05,2.8665593851e-05,4.7495061735e-04,2.3958248488e+00
38,3.8000000000e-03,1.0000000000e-04,-9.4243303779e-02,1.3605791800e-01,1.3581910789e+00,2.7347909074e-01,-2.1166097395e-01,2.1166097395e-01,1.2763309743e+00,3.4637913389e-01,1.1741767017e-01,1.1772290860e-01,1.9245006328e-01,1.2724272635e-01,0.0000000000e+00,0.0000000000e+00,0.0000000000e+00,0.0000000000e+00,2.2579044903e-05,3.2597094082e-05,3.2539879363e-04,6.5520800123e-05,2.2579044903e-05,2.5010280023e-05,6.6200180188e-04,3.7656421897e-05,-1.1168352147e+01,1.1168357213e+01,2.9098112703e+03,1.4876171026e+02,-1.1169453055e+01,1.1169453055e+01,2.9098412547e+03,1.4876643487e+02,1.1009080963e-03,2.9032149373e-03,3.7751227499e-01,2.7222962879e-02,0.0000000000e+00,0.0000000000e+00,0.0000000000e+00,0.0000000000e+00,5.3044157469e-07,5.3044181529e-07,1.3820166592e-04,7.0654466128e-06,5.3784591104e-07,5.4986532863e-07,1.3730534023e-04,7.0601773916e-06,1.0000000000e+00,4.1921888688e+00,2.0679115636e+00,4.1921888688e+00,1.0000000000e+00,1.0000285724e+00,1.0000095586e+00,1.0000285724e+00,2.1424167155e+03,2.2798484980e+03,1.9616115919e+00,nan,4.2471474580e-01,4.5195935425e-01,3.8887176458e-04,nan,2.0740931496e-01,2.1985572658e-02,1.8748933212e-01,4.1920690912e+00,2.0344322562e+00,9.9351436407e-01,1.9691982367e-01,1.8162288499e-01,3.7331529386e-01,5.4685840136e-01,3.1459534075e-01,401417,43,53,41,1.3730534023e-04,4.9732422409e-01,4.9743580397e-01,3.3666452683e-02,-3.3570071895e+00,-2.9077835176e+03,5.2492073392e-03,-2.9077782684e+03,-1.3030762696e-04,447024,48,48,48,-6.6200180188e-04,9.9931274799e-01,6.0119233684e-01,4.6309265522e-02,-3.0249973809e+00,-1.2611435353e+00,-9.7047543637e-02,-1.3581910789e+00,9.1890054908e-04,2.8268202351e-02,4.7228166071e-02,1.3192987733e-04,3.2739487959e-04,0,0,0,2.3958248488e-04,3.1921888688e+00,3.1924284512e+00,9.3176175816e-08,2.8572417675e-05,2.8665593851e-05,4.7495061735e-04,2.3958248488e+00
39,3.9000000000e-03,1.0000000000e-04,-9.4363537368e-02,1.3617375169e-01,1.3659261106e+00,2.7361859434e-01,-2.1179798233e-01,2.1179798233e-01,1.2813874650e+00,3.4655295552e-01,1.1743444496e-01,1.1773801490e-01,1.9245008318e-01,1.2725297998e-01,0.0000000000e+00,0.0000000000e+00,0.0000000000e+00,0.0000000000e+00,2.2607850765e-05,3.2624845805e-05,3.2725197174e-04,6.5554222742e-05,2.2607850765e-05,2.5019511204e-05,6.4800681022e-04,3.7497500004e-05,-1.1158537514e+01,1.1158542592e+01,2.9064121241e+03,1.4861049632e+02,-1.1159638060e+01,1.1159638060e+01,2.9064418413e+03,1.4861521411e+02,1.1005460010e-03,2.9032438321e-03,3.7751038727e-01,2.7223160447e-02,0.0000000000e+00,0.0000000000e+00,0.0000000000e+00,0.0000000000e+00,5.2997542808e-07,5.2997566927e-07,1.3804022326e-04,7.0582646972e-06,5.3742109801e-07,5.4941092124e-07,1.3714315713e-04,7.0530021101e-06,1.0000000000e+00,4.1921888688e+00,2.0679115636e+00,4.1921888688e+00,1.0000000000e+00,1.0000285724e+00,1.0000095586e+00,1.0000285724e+00,2.1277960072e+03,2.2681990582e+03,1.9616015802e+00,nan,4.2181632255e-01,4.4964995814e-01,3.8886977984e-04,nan,2.1163845034e-01,2.1959298756e-02,1.8809259576e-01,4.1920690912e+00,1.9801463893e+00,9.9350141491e-01,2.7429524220e-01,2.5676518309e-01,3.6057577719e-01,5.4700529934e-01,3.1455440809e-01,493771,53,55,43,1.3714315713e-04,4.9746152943e-01,4.9736945813e-01,3.3536145056e-02,-3.3610200860e+00,-2.9042889872e+03,4.9798626473e-03,-2.9042840073e+03,-1.5571869240e-04,447024,48,48,48,-6.4800681022e-04,9.9932045740e-01,6.0053033504e-01,4.7228166071e-02,-3.0043850028e+00,-1.2694597538e+00,-9.6466356729e-02,-1.3659261106e+00,8.8466563551e-04,2.8326552170e-02,4.8112831707e-02,1.3555444030e-04,3.2743141275e-04,0,0,0,2.3958248488e-04,3.1921888688e+00,3.1924284512e+00,9.3176175816e-08,2.8572417675e-05,2.8665593851e-05,4.7495061735e-04,2.3958248488e+00
40,4.0000000000e-03,1.0000000000e-04,-9.4463102019e-02,1.3626478035e-01,1.3731538205e+00,2.7369258537e-01,-2.1191431376e-01,2.1191431376e-01,1.2861241085e+00,3.4666801827e-01,1.1745121174e-01,1.1775312415e-01,1.9245008973e-01,1.2726325585e-01,0.0000000000e+00,0.0000000000e+00,0.0000000000e+00,0.0000000000e+00,2.2631704712e-05,3.2646654678e-05,3.2898360444e-04,6.5571949698e-05,2.2631704711e-05,2.5026093141e-05,6.3461644848e-04,3.7342557234e-05,-1.1145246828e+01,1.1145251919e+01,2.9021541121e+03,1.4841363819e+02,-1.1146347012e+01,1.1146347012e+01,2.9021835624e+03,1.4841835028e+02,1.1001845495e-03,2.9032724777e-03,3.7750845496e-01,2.7223357663e-02,0.0000000000e+00,0.0000000000e+00,0.0000000000e+00,0.0000000000e+00,5.2934418613e-07,5.2934442793e-07,1.3783798872e-04,7.0489149080e-06,5.3682794717e-07,5.4877501709e-07,1.3694020013e-04,7.0436588225e-06,1.0000000000e+00,4.1921888688e+00,2.0679115636e+00,4.1921888688e+00,1.0000000000e+00,1.0000285724e+00,1.0000095586e+00,1.0000285724e+00,2.1134952755e+03,2.2565346090e+03,1.9615914728e+00,nan,4.1898133177e-01,4.4733758654e-01,3.8886777615e-04,nan,2.1578419604e-01,2.1928113749e-02,1.8862282994e-01,4.1920690912e+00,1.9290215072e+00,9.9348663892e-01,3.3625316075e-01,3.1467290242e-01,3.4740797039e-01,5.4713490548e-01,3.1451466091e-01,511051,55,43,43,1.3694020013e-04,4.9759867258e-01,4.9730272372e-01,3.3380426364e-02,-3.3658353180e+00,-2.8999365476e+03,4.7108338522e-03,-2.8999318367e+03,-1.7655675254e-04,447024,48,48,48,-6.3461644848e-04,9.9932814951e-01,5.9988232823e-01,4.8112831707e-02,-2.9848975941e+00,-1.2772573883e+00,-9.5896432229e-02,-1.3731538205e+00,8.4349340378e-04,2.8373265276e-02,4.8956325110e-02,1.3854763204e-04,3.2746582862e-04,0,0,0,2.3958248488e-04,3.1921888688e+00,3.1924284512e+00,9.3176175816e-08,2.8572417675e-05,2.8665593851e-05,4.7495061735e-04,2.3958248488e+00
41,4.1000000000e-03,1.0000000000e-04,-9.4542439233e-02,1.3633179023e-01,1.3798608484e+00,2.7370439011e-01,-2.1201041355e-01,2.1201041355e-01,1.2904265940e+00,3.4672686858e-01,1.1746797432e-01,1.1776823900e-01,1.9245008409e-01,1.2727355601e-01,0.0000000000e+00,0.0000000000e+00,0.0000000000e+00,0.0000000000e+00,2.2650712518e-05,3.2662709071e-05,3.3059049086e-04,6.5574777906e-05,2.2650712518e-05,2.5030007409e-05,6.2180501115e-04,3.7190964713e-05,-1.1128965313e+01,1.1128970417e+01,2.8971687615e+03,1.4817780387e+02,-1.1130065137e+01,1.1130065137e+01,2.8971979453e+03,1.4818251124e+02,1.0998238485e-03,2.9033008622e-03,3.7750647906e-01,2.7223554459e-02,0.0000000000e+00,0.0000000000e+00,0.0000000000e+00,0.0000000000e+00,5.2857089458e-07,5.2857113702e-07,1.3760120919e-04,7.0377139424e-06,5.3607449378e-07,5.4801915601e-07,1.3670304062e-04,7.0324644053e-06,1.0000000000e+00,4.1921888688e+00,2.0679115636e+00,4.1921888688e+00,1.0000000000e+00,1.0000285724e+00,1.0000095586e+00,1.0000285724e+00,2.0996093662e+03,2.2451474255e+03,1.9615812632e+00,nan,4.1622857580e-01,4.4508018033e-01,3.8886575219e-04,nan,2.1984872777e-01,2.1894486368e-02,1.8909066919e-01,4.1920690912e+00,1.8808920049e+00,9.9347266955e-01,3.8027530890e-01,3.5440378209e-01,3.3392354142e-01,5.4724835525e-01,3.1447155999e-01,492617,53,43,41,1.3670304062e-04,4.9773561278e-01,4.9723551935e-01,3.3203869612e-02,-3.3713212226e+00,-2.8948588356e+03,4.4422010686e-03,-2.8948543934e+03,-1.9319378712e-04,447024,48,48,48,-6.2180501115e-04,9.9933582402e-01,5.9924771178e-01,4.8956325110e-02,-2.9666314104e+00,-1.2845235395e+00,-9.5337308942e-02,-1.3798608484e+00,7.9630038608e-04,2.8401608908e-02,4.9752625496e-02,1.4092803253e-04,3.2749833995e-04,0,0,0,2.3958248488e-04,3.1921888688e+00,3.1924284512e+00,9.3176175816e-08,2.8572417675e-05,2.8665593851e-05,4.7495061735e-04,2.3958248488e+00
42,4.2000000000e-03,1.0000000000e-04,-9.4602091577e-02,1.3637568374e-01,1.3860427083e+00,2.7365753928e-01,-2.1208682786e-01,2.1208682786e-01,1.2949408928e+00,3.4673227040e-01,1.1748473628e-01,1.1778336192e-01,1.9245006519e-01,1.2728388245e-01,0.0000000000e+00,0.0000000000e+00,0.0000000000e+00,0.0000000000e+00,2.2665004175e-05,3.2673225187e-05,3.3207155622e-04,6.5563553269e-05,2.2665004175e-05,2.5031015275e-05,6.0954698230e-04,3.7042153189e-05,-1.1110148064e+01,1.1110153182e+01,2.8915778735e+03,1.4790921258e+02,-1.1111247528e+01,1.1111247528e+01,2.8916067911e+03,1.4791391608e+02,1.0994639259e-03,2.9033289145e-03,3.7750446050e-01,2.7223750776e-02,0.0000000000e+00,0.0000000000e+00,0.0000000000e+00,0.0000000000e+00,5.2767716818e-07,5.2767741128e-07,1.3733566961e-04,7.0249571825e-06,5.3518551235e-07,5.4712371986e-07,1.3643694855e-04,7.0197141365e-06,1.0000000000e+00,4.1921888688e+00,2.0679115636e+00,4.1921888688e+00,1.0000000000e+00,1.0000285724e+00,1.0000095586e+00,1.0000285724e+00,2.0862112373e+03,2.2330029171e+03,1.9615709671e+00,nan,4.1357251785e-01,4.4267264134e-01,3.8886371108e-04,nan,2.2383335905e-01,2.1857831728e-02,1.8950610405e-01,4.1920690912e+00,1.8355892605e+00,9.9345602589e-01,4.0811939175e-01,3.7905254620e-01,3.2021163445e-01,5.4734685963e-01,3.1442641658e-01,401417,43,53,41,1.3643694855e-04,4.9787231583e-01,4.9716777666e-01,3.3010675824e-02,-3.3773564363e+00,-2.8891784011e+03,4.1740315218e-03,-2.8891742271e+03,-2.0602657132e-04,447024,48,48,48,-6.0954698230e-04,9.9934348010e-01,5.9862590677e-01,4.9752625496e-02,-2.9496591089e+00,-1.2912541658e+00,-9.4788542574e-02,-1.3860427083e+00,7.4410107879e-04,2.8398078292e-02,5.0496726575e-02,1.4271689435e-04,3.2752878837e-04,0,0,0,2.3958248488e-04,3.1921888688e+00,3.1924284512e+00,9.3176175816e-08,2.8572417675e-05,2.8665593851e-05,4.7495061735e-04,2.3958248488e+00
43,4.3000000000e-03,1.0000000000e-04,-9.4642697010e-02,1.3639748922e-01,1.3917026261e+00,2.7355573560e-01,-2.1214419796e-01,2.1214419796e-01,1.2991315641e+00,3.4668717933e-01,1.1750150095e-01,1.1779849528e-01,1.9245003293e-01,1.2729423703e-01,0.0000000000e+00,0.0000000000e+00,0.0000000000e+00,0.0000000000e+00,2.2674732526e-05,3.2678449399e-05,3.3342757337e-04,6.5539162890e-05,2.2674732526e-05,2.5029060081e-05,5.9781709580e-04,3.6895618078e-05,-1.1089218285e+01,1.1089223417e+01,2.8854933801e+03,1.4761361701e+02,-1.1090317390e+01,1.1090317390e+01,2.8855220321e+03,1.4761831739e+02,1.0991048040e-03,2.9033565776e-03,3.7750240017e-01,2.7223946571e-02,0.0000000000e+00,0.0000000000e+00,0.0000000000e+00,0.0000000000e+00,5.2668310703e-07,5.2668335080e-07,1.3704668622e-04,7.0109178527e-06,5.3421990640e-07,5.4610120702e-07,1.3614745962e-04,7.0056801714e-06,1.0000000000e+00,4.1921888688e+00,2.0679115636e+00,4.1921888688e+00,1.0000000000e+00,1.0000285724e+00,1.0000095586e+00,1.0000285724e+00,2.0733548432e+03,2.2211160993e+03,1.9615605901e+00,nan,4.1102385396e-01,4.4031618717e-01,3.8886165394e-04,nan,2.2774099399e-01,2.1818686169e-02,1.8987837950e-01,4.1920690912e+00,1.7929443860e+00,9.9343853816e-01,4.2308722919e-01,3.9252434472e-01,3.0632691724e-01,5.4743140937e-01,3.1437370346e-01,400267,43,41,43,1.3614745962e-04,4.9800875277e-01,4.9709943933e-01,3.2804649253e-02,-3.3838302415e+00,-2.8830076287e+03,3.9063820995e-03,-2.8830037224e+03,-2.1545929884e-04,447024,48,48,48,-5.9781709580e-04,9.9935111743e-01,5.9801635978e-01,5.0496726575e-02,-2.9340304639e+00,-1.2974529200e+00,-9.4249706037e-02,-1.3917026261e+00,6.8796818271e-04,2.8338833356e-02,5.1184694758e-02,1.4393715076e-04,3.2755706020e-04,0,0,0,2.3958248488e-04,3.1921888688e+00,3.1924284512e+00,9.3176175816e-08,2.8572417675e-05,2.8665593851e-05,4.7495061735e-04,2.3958248488e+00
44,4.4000000000e-03,1.0000000000e-04,-9.4664982353e-02,1.3639830548e-01,1.3968503195e+00,2.7340282123e-01,-2.1218325372e-01,2.1218325372e-01,1.3032492619e+00,3.4659471590e-01,1.1751827137e-01,1.1781364125e-01,1.9244998725e-01,1.2730462154e-01,0.0000000000e+00,0.0000000000e+00,0.0000000000e+00,0.0000000000e+00,2.2680071703e-05,3.2678644962e-05,3.3466087056e-04,6.5502527283e-05,2.2680071703e-05,2.5024243185e-05,5.8659043448e-04,3.6750922721e-05,-1.1066566358e+01,1.1066571505e+01,2.8790173825e+03,1.4729629638e+02,-1.1067665105e+01,1.1067665105e+01,2.8790457694e+03,1.4730099426e+02,1.0987466408e-03,2.9033839464e-03,3.7750029894e-01,2.7224141810e-02,0.0000000000e+00,0.0000000000e+00,0.0000000000e+00,0.0000000000e+00,5.2560725237e-07,5.2560749682e-07,1.3673910832e-04,6.9958466899e-06,5.3315931815e-07,5.4504452711e-07,1.3583946327e-04,6.9906140081e-06,1.0000000000e+00,4.1921888688e+00,2.0679115636e+00,4.1921888688e+00,1.0000000000e+00,1.0000285724e+00,1.0000095586e+00,1.0000285724e+00,2.0610779425e+03,2.2091290236e+03,1.9615501374e+00,nan,4.0859006937e-01,4.3793985778e-01,3.8885958178e-04,nan,2.3157463077e-01,2.1780659782e-02,1.9021601338e-01,4.1920690912e+00,1.7527906191e+00,9.9342071882e-01,4.2899369311e-01,3.9853819783e-01,2.9231796322e-01,5.4750227330e-01,3.1432797603e-01,492427,53,41,43,1.3583946327e-04,4.9814490023e-01,4.9703046209e-01,3.2589189954e-02,-3.3906425978e+00,-2.8764488435e+03,3.6392988301e-03,-2.8764452042e+03,-2.2189048385e-04,447024,48,48,48,-5.8659043448e-04,9.9935873538e-01,5.9741854269e-01,5.1184694758e-02,-2.9197736024e+00,-1.3031299298e+00,-9.3720389670e-02,-1.3968503195e+00,6.2899376369e-04,2.8264912705e-02,5.1813688522e-02,1.4461265430e-04,3.2758456442e-04,0,0,0,2.3958248488e-04,3.1921888688e+00,3.1924284512e+00,9.3176175816e-08,2.8572417675e-05,2.8665593851e-05,4.7495061735e-04,2.3958248488e+00
45,4.5000000000e-03,1.0000000000e-04,-9.4669756001e-02,1.3637934225e-01,1.4015007930e+00,2.7320274549e-01,-2.1220480635e-01,2.1220480635e-01,1.3083005916e+00,3.4645813832e-01,1.1753505035e-01,1.1782880185e-01,1.9245000818e-01,1.2731503760e-01,0.0000000000e+00,0.0000000000e+00,0.0000000000e+00,0.0000000000e+00,2.2681215386e-05,3.2674101704e-05,3.3577504255e-04,6.5454592642e-05,2.2681215386e-05,2.5016613784e-05,5.7584254543e-04,3.6607699857e-05,-1.1042549589e+01,1.1042554750e+01,2.8722423285e+03,1.4696205808e+02,-1.1043647978e+01,1.1043647978e+01,2.8722704510e+03,1.4696675399e+02,1.0983894350e-03,2.9034109705e-03,3.7749815765e-01,2.7224336455e-02,0.0000000000e+00,0.0000000000e+00,0.0000000000e+00,0.0000000000e+00,5.2446657443e-07,5.2446681956e-07,1.3641732671e-04,6.9799720213e-06,5.3203073387e-07,5.4390912194e-07,1.3551723985e-04,6.9747439693e-06,1.0000000000e+00,4.1921888688e+00,2.0679115636e+00,4.1921888688e+00,1.0000000000e+00,1.0000285724e+00,1.0000095586e+00,1.0000285724e+00,2.0494047116e+03,2.1954208913e+03,1.9615387977e+00,nan,4.0627595689e-01,4.3522234447e-01,3.8885733377e-04,nan,2.3533731734e-01,2.1741916257e-02,1.9052669238e-01,4.1920690912e+00,1.7149652966e+00,9.9340196089e-01,4.2896983381e-01,3.9986095570e-01,2.7819954364e-01,5.4756167784e-01,3.1427644566e-01,492617,53,43,41,1.3551723985e-04,4.9828073970e-01,4.9696080981e-01,3.2367299470e-02,-3.3977039361e+00,-2.8695945513e+03,3.3728181499e-03,-2.8695911785e+03,-2.2570350421e-04,447024,48,48,48,-5.7584254543e-04,9.9936633137e-01,5.9683195225e-01,5.1813688522e-02,-2.9068966425e+00,-1.3083005916e+00,-9.3200201336e-02,-1.4015007930e+00,5.6825333960e-04,2.8197814878e-02,5.2381941861e-02,1.4476763257e-04,3.2761058479e-04,0,0,0,2.3958248488e-04,3.1921888688e+00,3.1924284512e+00,9.3176175816e-08,2.8572417675e-05,2.8665593851e-05,4.7495061735e-04,2.3958248488e+00
46,4.6000000000e-03,1.0000000000e-04,-9.4657899996e-02,1.3634178974e-01,1.4056732004e+00,2.7295953323e-01,-2.1220974040e-01,2.1220974040e-01,1.3129844341e+00,3.4628081488e-01,1.1755184040e-01,1.1784397892e-01,1.9245004838e-01,1.2732548672e-01,0.0000000000e+00,0.0000000000e+00,0.0000000000e+00,0.0000000000e+00,2.2678374895e-05,3.2665104780e-05,3.3677467830e-04,6.5396323243e-05,2.2678374895e-05,2.5006210391e-05,5.6554955499e-04,3.6465651398e-05,-1.1017492486e+01,1.1017497662e+01,2.8652512979e+03,1.4661524592e+02,-1.1018590520e+01,1.1018590520e+01,2.8652791564e+03,1.4661994028e+02,1.0980332106e-03,2.9034376404e-03,3.7749597706e-01,2.7224530491e-02,0.0000000000e+00,0.0000000000e+00,0.0000000000e+00,0.0000000000e+00,5.2327648581e-07,5.2327673162e-07,1.3608528728e-04,6.9635001562e-06,5.3084294493e-07,5.4271523061e-07,1.3518478820e-04,6.9582764242e-06,1.0000000000e+00,4.1921888688e+00,2.0679115636e+00,4.1921888688e+00,1.0000000000e+00,1.0000285724e+00,1.0000095586e+00,1.0000285724e+00,2.0383481004e+03,2.1822643758e+03,1.9615270572e+00,nan,4.0408408366e-01,4.3261418422e-01,3.8885500634e-04,nan,2.3903261352e-01,2.1703217805e-02,1.9081728030e-01,4.1920690912e+00,1.6793113955e+00,9.9338283299e-01,4.2522785986e-01,3.9831332941e-01,2.6398593138e-01,5.4761064688e-01,3.1422268574e-01,401417,43,53,41,1.3518478820e-04,4.9841625694e-01,4.9689045646e-01,3.2141595966e-02,-3.4049347840e+00,-2.8625277755e+03,3.1069680973e-03,-2.8625246685e+03,-2.2726010528e-04,447024,48,48,48,-5.6554955499e-04,9.9937390652e-01,5.9625610971e-01,5.2381941861e-02,-2.8953896179e+00,-1.3129844341e+00,-9.2688766394e-02,-1.4056732004e+00,5.0677445049e-04,2.8138491378e-02,5.2888716312e-02,1.4442632711e-04,3.2763412101e-04,0,0,0,2.3958248488e-04,3.1921888688e+00,3.1924284512e+00,9.3176175816e-08,2.8572417675e-05,2.8665593851e-05,4.7495061735e-04,2.3958248488e+00
47,4.7000000000e-03,1.0000000000e-04,-9.4630361582e-02,1.3628694948e-01,1.4093898147e+00,2.7267725391e-01,-2.1219900536e-01,2.1219900536e-01,1.3172040872e+00,3.4606619641e-01,1.1756864378e-01,1.1785917410e-01,1.9245007507e-01,1.2733597024e-01,0.0000000000e+00,0.0000000000e+00,0.0000000000e+00,0.0000000000e+00,2.2671777173e-05,3.2651966015e-05,3.3766511398e-04,6.5328694062e-05,2.2671777173e-05,2.4993007730e-05,5.5568827192e-04,3.6324546632e-05,-1.0991687502e+01,1.0991692692e+01,2.8581183693e+03,1.4625975406e+02,-1.0992785180e+01,1.0992785180e+01,2.8581459646e+03,1.4626444721e+02,1.0976779539e-03,2.9034639213e-03,3.7749375789e-01,2.7224723911e-02,0.0000000000e+00,0.0000000000e+00,0.0000000000e+00,0.0000000000e+00,5.2205087649e-07,5.2205112298e-07,1.3574650840e-04,6.9466160486e-06,5.2963253079e-07,5.4145994104e-07,1.3484574346e-04,6.9413959690e-06,1.0000000000e+00,4.1921888688e+00,2.0679115636e+00,4.1921888688e+00,1.0000000000e+00,1.0000285724e+00,1.0000095586e+00,1.0000285724e+00,2.0279118945e+03,2.1698581051e+03,1.9615152541e+00,nan,4.0201520019e-01,4.3015475320e-01,3.8885266647e-04,nan,2.4266436827e-01,2.1664456991e-02,1.9109380880e-01,4.1920690912e+00,1.6456786589e+00,9.9336436019e-01,4.1936610246e-01,3.9517652996e-01,2.4967892672e-01,5.4765048868e-01,3.1416515245e-01,400457,43,43,41,1.3484574346e-04,4.9855144172e-01,4.9681938427e-01,3.1914335861e-02,-3.4122652705e+00,-2.8553224631e+03,2.8417688650e-03,-2.8553196214e+03,-2.2689621473e-04,447024,48,48,48,-5.5568827192e-04,9.9938146253e-01,5.9569056015e-01,5.2888716312e-02,-2.8852265842e+00,-1.3172040872e+00,-9.2185727536e-02,-1.4093898147e+00,4.4551075393e-04,2.8087799777e-02,5.3334227066e-02,1.4361280727e-04,3.2765537196e-04,0,0,0,2.3958248488e-04,3.1921888688e+00,3.1924284512e+00,9.3176175816e-08,2.8572417675e-05,2.8665593851e-05,4.7495061735e-04,2.3958248488e+00
48,4.8000000000e-03,1.0000000000e-04,-9.4588144391e-02,1.3621611018e-01,1.4126751238e+00,2.7235999209e-01,-2.1217360684e-01,2.1217360684e-01,1.3209843793e+00,3.4581778915e-01,1.1758546245e-01,1.1787438886e-01,1.9245008822e-01,1.2734648935e-01,0.0000000000e+00,0.0000000000e+00,0.0000000000e+00,0.0000000000e+00,2.2661662674e-05,3.2634994158e-05,3.3845221650e-04,6.5252683687e-05,2.2661662674e-05,2.4977200662e-05,5.4623627242e-04,3.6184219047e-05,-1.0965396128e+01,1.0965401333e+01,2.8509090539e+03,1.4589904535e+02,-1.0966493452e+01,1.0966493452e+01,2.8509363866e+03,1.4590373754e+02,1.0973237296e-03,2.9034898674e-03,3.7749150078e-01,2.7224916715e-02,0.0000000000e+00,0.0000000000e+00,0.0000000000e+00,0.0000000000e+00,5.2080216607e-07,5.2080241325e-07,1.3540410151e-04,6.9294841662e-06,5.2839693968e-07,5.4018028732e-07,1.3450310922e-04,6.9242672033e-06,1.0000000000e+00,4.1921888688e+00,2.0679115636e+00,4.1921888688e+00,1.0000000000e+00,1.0000285724e+00,1.0000095586e+00,1.0000285724e+00,2.0180924869e+03,2.1581908395e+03,1.9615033917e+00,nan,4.0006859141e-01,4.2784182328e-01,3.8885031486e-04,nan,2.4623613629e-01,2.1626934685e-02,1.9136152129e-01,4.1920690912e+00,1.6139243467e+00,9.9334590102e-01,4.1267173219e-01,3.9146652483e-01,2.3527635829e-01,5.4768212490e-01,3.1410495140e-01,512011,55,53,43,1.3450310922e-04,4.9868628747e-01,4.9674758279e-01,3.1687439646e-02,-3.4196345514e+00,-2.8480439434e+03,2.5772335131e-03,-2.8480413662e+03,-2.2491950081e-04,447024,48,48,48,-5.4623627242e-04,9.9938900061e-01,5.9513487188e-01,5.3334227066e-02,-2.8763678145e+00,-1.3209843793e+00,-9.1690744510e-02,-1.4126751238e+00,3.8532218745e-04,2.8046482489e-02,5.3719549253e-02,1.4235091945e-04,3.2767446392e-04,0,0,0,2.3958248488e-04,3.1921888688e+00,3.1924284512e+00,9.3176175816e-08,2.8572417675e-05,2.8665593851e-05,4.7495061735e-04,2.3958248488e+00
49,4.9000000000e-03,1.0000000000e-04,-9.4532299368e-02,1.3613065485e-01,1.4155550621e+00,2.7201181922e-01,-2.1213459750e-01,2.1213459750e-01,1.3243515684e+00,3.4553912824e-01,1.1760229813e-01,1.1788962448e-01,1.9245008785e-01,1.2735704504e-01,0.0000000000e+00,0.0000000000e+00,0.0000000000e+00,0.0000000000e+00,2.2648283184e-05,3.2614520559e-05,3.3914219926e-04,6.5169267566e-05,2.2648283184e-05,2.4958961801e-05,5.3717196386e-04,3.6044561955e-05,-1.0938850302e+01,1.0938855521e+01,2.8436807838e+03,1.4553617322e+02,-1.0939947273e+01,1.0939947273e+01,2.8437078545e+03,1.4554086464e+02,1.0969705343e-03,2.9035154741e-03,3.7748920633e-01,2.7225108904e-02,0.0000000000e+00,0.0000000000e+00,0.0000000000e+00,0.0000000000e+00,5.1954137042e-07,5.1954161829e-07,1.3506079438e-04,6.9122495320e-06,5.2713059821e-07,5.3891224141e-07,1.3415963253e-04,6.9070352292e-06,1.0000000000e+00,4.1921888688e+00,2.0679115636e+00,4.1921888688e+00,1.0000000000e+00,1.0000285724e+00,1.0000095586e+00,1.0000285724e+00,2.0088803749e+03,2.1472454313e+03,1.9614914732e+00,nan,3.9824237347e-01,4.2567199504e-01,3.8884795212e-04,nan,2.4975173977e-01,2.1591933419e-02,1.9162489027e-01,4.1920690912e+00,1.5839136652e+00,9.9332773174e-01,4.0491090263e-01,3.8674530390e-01,2.2077531284e-01,5.4770653146e-01,3.1404383031e-01,492617,53,43,41,1.3415963253e-04,4.9882079058e-01,4.9667504804e-01,3.1462520145e-02,-3.4269901802e+00,-2.8407494261e+03,2.3133692078e-03,-2.8407471127e+03,-2.2160820661e-04,447024,48,48,48,-5.3717196386e-04,9.9939652132e-01,5.9458863561e-01,5.3719549253e-02,-2.8687620037e+00,-1.3243515684e+00,-9.1203493740e-02,-1.4155550621e+00,3.2696127974e-04,2.8015147169e-02,5.4046510533e-02,1.4066434974e-04,3.2769166085e-04,0,0,0,2.3958248488e-04,3.1921888688e+00,3.1924284512e+00,9.3176175816e-08,2.8572417675e-05,2.8665593851e-05,4.7495061735e-04,2.3958248488e+00
50,5.0000000000e-03,1.0000000000e-04,-9.4463915570e-02,1.3603195853e-01,1.4180563742e+00,2.7163676724e-01,-2.1208306782e-01,2.1208306782e-01,1.3273327063e+00,3.4523375210e-01,1.1761915225e-01,1.1790488202e-01,1.9245007396e-01,1.2736763816e-01,0.0000000000e+00,0.0000000000e+00,0.0000000000e+00,0.0000000000e+00,2.2631899624e-05,3.2590874649e-05,3.3974146984e-04,6.5079411681e-05,2.2631899624e-05,2.4938411704e-05,5.2847462735e-04,3.5905523158e-05,-1.0912254052e+01,1.0912259286e+01,2.8364834458e+03,1.4517380650e+02,-1.0913350671e+01,1.0913350671e+01,2.8365102553e+03,1.4517849725e+02,1.0966182918e-03,2.9035406717e-03,3.7748687505e-01,2.7225300487e-02,0.0000000000e+00,0.0000000000e+00,0.0000000000e+00,0.0000000000e+00,5.1827817988e-07,5.1827842846e-07,1.3471895637e-04,6.8950389022e-06,5.2586036973e-07,5.3762132067e-07,1.3381758912e-04,6.8898268381e-06,1.0000000000e+00,4.1921888688e+00,2.0679115636e+00,4.1921888688e+00,1.0000000000e+00,1.0000285724e+00,1.0000095586e+00,1.0000285724e+00,2.0002614123e+03,2.1370001972e+03,1.9614795010e+00,nan,3.9653374207e-01,4.2364097002e-01,3.8884557875e-04,nan,2.5321478496e-01,2.1557961551e-02,1.9188766051e-01,4.1920690912e+00,1.5555199299e+00,9.9330927678e-01,3.9608105698e-01,3.8087423797e-01,2.0616767895e-01,5.4772476692e-01,3.1397673048e-01,400457,43,43,41,1.3381758912e-04,4.9895495021e-01,4.9660178176e-01,3.1240911939e-02,-3.4342874459e+00,-2.8334885339e+03,2.0501777245e-03,-2.8334864838e+03,-2.1721089624e-04,447024,48,48,48,-5.2847462735e-04,9.9940402553e-01,5.9405146365e-01,5.4046510533e-02,-2.8623484204e+00,-1.3273327063e+00,-9.0723667864e-02,-1.4180563742e+00,2.7106531465e-04,2.7994249434e-02,5.4317575847e-02,1.3857677199e-04,3.2770685760e-04,0,0,0,2.3958248488e-04,3.1921888688e+00,3.1924284512e+00,9.3176175816e-08,2.8572417675e-05,2.8665593851e-05,4.7495061735e-04,2.3958248488e+00
51,5.1000000000e-03,1.0000000000e-04,-9.4384110933e-02,1.3592134280e-01,1.4202061024e+00,2.7123880397e-01,-2.1202013690e-01,2.1202013690e-01,1.3299551272e+00,3.4490517807e-01,1.1763602597e-01,1.1792016236e-01,1.9245006947e-01,1.2737826932e-01,0.0000000000e+00,0.0000000000e+00,0.0000000000e+00,0.0000000000e+00,2.2612779831e-05,3.2564373056e-05,3.4025650706e-04,6.4984066652e-05,2.2612779831e-05,2.4915607662e-05,5.2012444074e-04,3.5767098878e-05,-1.0885785344e+01,1.0885790593e+01,2.8293599484e+03,1.4481425654e+02,-1.0886881611e+01,1.0886881611e+01,2.8293864972e+03,1.4481894669e+02,1.0962669860e-03,2.9035654582e-03,3.7748450742e-01,2.7225491480e-02,0.0000000000e+00,0.0000000000e+00,0.0000000000e+00,0.0000000000e+00,5.1702104694e-07,5.1702129623e-07,1.3438062542e-04,6.8779620546e-06,5.2459998468e-07,5.3632299662e-07,1.3347909964e-04,6.8727518251e-06,1.0000000000e+00,4.1921888688e+00,2.0679115636e+00,4.1921888688e+00,1.0000000000e+00,1.0000285724e+00,1.0000095586e+00,1.0000285724e+00,1.9922178504e+03,2.1274300458e+03,1.9614672442e+00,nan,3.9493917863e-01,4.2174377402e-01,3.8884314895e-04,nan,2.5662916253e-01,2.1525583638e-02,1.9215290143e-01,4.1920690912e+00,1.5286245228e+00,9.9329125177e-01,3.8693549491e-01,3.7450247610e-01,1.9145376386e-01,5.4773785235e-01,3.1390618259e-01,382987,41,53,43,1.3347909964e-04,4.9908876780e-01,4.9652779063e-01,3.1023701042e-02,-3.4414886902e+00,-2.8263038642e+03,1.7876563722e-03,-2.8263020766e+03,-2.1194684991e-04,447024,48,48,48,-5.2012444074e-04,9.9941151450e-01,5.9352298902e-01,5.4317575847e-02,-2.8570589538e+00,-1.3299551272e+00,-9.0250975216e-02,-1.4202061024e+00,2.1815376863e-04,2.7984078692e-02,5.4535729616e-02,1.3611205651e-04,3.2771994793e-04,0,0,0,2.3958248488e-04,3.1921888688e+00,3.1924284512e+00,9.3176175816e-08,2.8572417675e-05,2.8665593851e-05,4.7495061735e-04,2.3958248488e+00
52,5.2000000000e-03,1.0000000000e-04,-9.4294023112e-02,1.3580014486e-01,1.4220311830e+00,2.7082181055e-01,-2.1194694333e-01,2.1194694333e-01,1.3322460437e+00,3.4455687931e-01,1.1765292022e-01,1.1793546618e-01,1.9245008608e-01,1.2738893897e-01,0.0000000000e+00,0.0000000000e+00,0.0000000000e+00,0.0000000000e+00,2.2591196367e-05,3.2535336154e-05,3.4069376440e-04,6.4884162332e-05,2.2591196367e-05,2.4890871251e-05,5.1210248499e-04,3.5629327177e-05,-1.0859598078e+01,1.0859603342e+01,2.8223468167e+03,1.4445950613e+02,-1.0860693995e+01,1.0860693995e+01,2.8223731054e+03,1.4446419568e+02,1.0959166159e-03,2.9035898526e-03,3.7748210388e-01,2.7225681899e-02,0.0000000000e+00,0.0000000000e+00,0.0000000000e+00,0.0000000000e+00,5.1577728115e-07,5.1577753114e-07,1.3404753630e-04,6.8611131619e-06,5.2334414123e-07,5.3504643328e-07,1.3314617679e-04,6.8559043866e-06,1.0000000000e+00,4.1921888688e+00,2.0679115636e+00,4.1921888688e+00,1.0000000000e+00,1.0000285724e+00,1.0000095586e+00,1.0000285724e+00,1.9847292032e+03,2.1185074024e+03,1.9614545858e+00,nan,3.9345462203e-01,4.1997494063e-01,3.8884063954e-04,nan,2.5999908357e-01,2.1495689239e-02,1.9242306633e-01,4.1920690912e+00,1.5031166945e+00,9.9327582192e-01,3.7842056400e-01,3.6858593025e-01,1.7663887820e-01,5.4774656517e-01,3.1383487213e-01,400457,43,43,41,1.3314617679e-04,4.9922224690e-01,4.9645308555e-01,3.0811754193e-02,-3.4485626143e+00,-2.8192315762e+03,1.5257982980e-03,-2.8192300504e+03,-2.0600692387e-04,447024,48,48,48,-5.1210248499e-04,9.9941898899e-01,5.9300286458e-01,5.4535729616e-02,-2.8528200221e+00,-1.3322460437e+00,-8.9785139259e-02,-1.4220311830e+00,1.6863025665e-04,2.7984747813e-02,5.4704359873e-02,1.3329449846e-04,3.2773087776e-04,0,0,0,2.3958248488e-04,3.1921888688e+00,3.1924284512e+00,9.3176175816e-08,2.8572417675e-05,2.8665593851e-05,4.7495061735e-04,2.3958248488e+00
53,5.3000000000e-03,1.0000000000e-04,-9.4194800473e-02,1.3566974824e-01,1.4235581364e+00,2.7038956090e-01,-2.1186463614e-01,2.1186463614e-01,1.3342322384e+00,3.4419226324e-01,1.1766983566e-01,1.1795079397e-01,1.9245008949e-01,1.2739964737e-01,0.0000000000e+00,0.0000000000e+00,0.0000000000e+00,0.0000000000e+00,2.2567424360e-05,3.2504095407e-05,3.4105959568e-04,6.4780602888e-05,2.2567424360e-05,2.4864460245e-05,5.0439073714e-04,3.5492281103e-05,-1.0833824201e+01,1.0833829479e+01,2.8154748071e+03,1.4411123961e+02,-1.0834919768e+01,1.0834919768e+01,2.8155008365e+03,1.4411592853e+02,1.0955671261e-03,2.9036138241e-03,3.7747966480e-01,2.7225871767e-02,0.0000000000e+00,0.0000000000e+00,0.0000000000e+00,0.0000000000e+00,5.1455314923e-07,5.1455339992e-07,1.3372114978e-04,6.8445722220e-06,5.2210684025e-07,5.3378776724e-07,1.3281991983e-04,6.8393645387e-06,1.0000000000e+00,4.1921888688e+00,2.0679115636e+00,4.1921888688e+00,1.0000000000e+00,1.0000285724e+00,1.0000095586e+00,1.0000285724e+00,1.9777729727e+03,2.1102029733e+03,1.9614418772e+00,nan,3.9207561221e-01,4.1832866263e-01,3.8883812018e-04,nan,2.6332743655e-01,2.1467900851e-02,1.9270005551e-01,4.1920690912e+00,1.4788932595e+00,9.9326037843e-01,3.7075896875e-01,3.6332729491e-01,1.6173105221e-01,5.4775178833e-01,3.1375959049e-01,512011,55,53,43,1.3281991983e-04,4.9935539308e-01,4.9637768107e-01,3.0605747269e-02,-3.4554835841e+00,-2.8123020002e+03,1.2645926988e-03,-2.8123007356e+03,-1.9955475361e-04,447024,48,48,48,-5.0439073714e-04,9.9942644951e-01,5.9249076209e-01,5.4704359873e-02,-2.8495543138e+00,-1.3342322384e+00,-8.9325898000e-02,-1.4235581364e+00,1.2278812568e-04,2.7996187333e-02,5.4827147998e-02,1.3014905191e-04,3.2773961560e-04,0,0,0,2.3958248488e-04,3.1921888688e+00,3.1924284512e+00,9.3176175816e-08,2.8572417675e-05,2.8665593851e-05,4.7495061735e-04,2.3958248488e+00
54,5.4000000000e-03,1.0000000000e-04,-9.4087593316e-02,1.3553148483e-01,1.4248128345e+00,2.6994570336e-01,-2.1177436604e-01,2.1177436604e-01,1.3359398311e+00,3.4381465160e-01,1.1768677272e-01,1.1796614602e-01,1.9245008027e-01,1.2741039457e-01,0.0000000000e+00,0.0000000000e+00,0.0000000000e+00,0.0000000000e+00,2.2541739403e-05,3.2470969915e-05,3.4136019939e-04,6.4674262394e-05,2.2541739403e-05,2.4836505765e-05,4.9697205331e-04,3.5356061760e-05,-1.0808575875e+01,1.0808581168e+01,2.8087695329e+03,1.4377087372e+02,-1.0809671094e+01,1.0809671094e+01,2.8087953034e+03,1.4377556192e+02,1.0952184874e-03,2.9036373723e-03,3.7747719051e-01,2.7226061106e-02,0.0000000000e+00,0.0000000000e+00,0.0000000000e+00,0.0000000000e+00,5.1335397847e-07,5.1335422986e-07,1.3340268236e-04,6.8284065228e-06,5.2089794385e-07,5.3254892524e-07,1.3250153259e-04,6.8231995151e-06,1.0000000000e+00,4.1921888688e+00,2.0679115636e+00,4.1921888688e+00,1.0000000000e+00,1.0000285724e+00,1.0000095586e+00,1.0000285724e+00,1.9713252610e+03,2.1024863829e+03,1.9614291144e+00,nan,3.9079741165e-01,4.1679891835e-01,3.8883559005e-04,nan,2.6661767339e-01,2.1442183948e-02,1.9298528104e-01,4.1920690912e+00,1.4558582231e+00,9.9324489019e-01,3.6321236705e-01,3.5787908154e-01,1.4674781296e-01,5.4775437777e-01,3.1368258157e-01,493577,53,53,41,1.3250153259e-04,4.9948821300e-01,4.9630159478e-01,3.0406192515e-02,-3.4622309398e+00,-2.8055402633e+03,1.0040266128e-03,-2.8055392592e+03,-1.9272822526e-04,447024,48,48,48,-4.9697205331e-04,9.9943389679e-01,5.9198637136e-01,5.4827147998e-02,-2.8471823502e+00,-1.3359398311e+00,-8.8873003384e-02,-1.4248128345e+00,8.0818813931e-05,2.8018144769e-02,5.4907966812e-02,1.2670152470e-04,3.2774605909e-04,0,0,0,2.3958248488e-04,3.1921888688e+00,3.1924284512e+00,9.3176175816e-08,2.8572417675e-05,2.8665593851e-05,4.7495061735e-04,2.3958248488e+00
55,5.5000000000e-03,1.0000000000e-04,-9.3973545402e-02,1.3538669674e-01,1.4258203306e+00,2.6949374431e-01,-2.1167727700e-01,2.1167727700e-01,1.3373941099e+00,3.4342726222e-01,1.1770373160e-01,1.1798152482e-01,1.9245006405e-01,1.2742118044e-01,0.0000000000e+00,0.0000000000e+00,0.0000000000e+00,0.0000000000e+00,2.2514415521e-05,3.2436281226e-05,3.4160157780e-04,6.4565980921e-05,2.2514415521e-05,2.4807056731e-05,4.8983014464e-04,3.5220791494e-05,-1.0783947693e+01,1.0783953001e+01,2.8022520884e+03,1.4343958862e+02,-1.0785042563e+01,1.0785042563e+01,2.8022776007e+03,1.4344427599e+02,1.0948706852e-03,2.9036605143e-03,3.7747468129e-01,2.7226249945e-02,0.0000000000e+00,0.0000000000e+00,0.0000000000e+00,0.0000000000e+00,5.1218426141e-07,5.1218451351e-07,1.3309313593e-04,6.8126721166e-06,5.1974102629e-07,5.3132579410e-07,1.3219199630e-04,6.8074650144e-06,1.0000000000e+00,4.1921888688e+00,2.0679115636e+00,4.1921888688e+00,1.0000000000e+00,1.0000285724e+00,1.0000095586e+00,1.0000285724e+00,1.9653612929e+03,2.0953267103e+03,1.9614162414e+00,nan,3.8961510889e-01,4.1537957798e-01,3.8883303811e-04,nan,2.6987313408e-01,2.1418332689e-02,1.9327972841e-01,4.1920690912e+00,1.4339223718e+00,9.9322925538e-01,3.5510430453e-01,3.5151751483e-01,1.3171258158e-01,5.4775513458e-01,3.1360247191e-01,401417,43,53,41,1.3219199630e-04,4.9962071453e-01,4.9622484678e-01,3.0213464290e-02,-3.4687883186e+00,-2.7989669235e+03,7.4408471530e-04,-2.7989661794e+03,-1.8564116308e-04,447024,48,48,48,-4.8983014464e-04,9.9944133285e-01,5.9148939930e-01,5.4907966812e-02,-2.8456238594e+00,-1.3373941099e+00,-8.8426220699e-02,-1.4258203306e+00,4.2822137484e-05,2.8050189402e-02,5.4950788950e-02,1.2297871351e-04,3.2775020009e-04,0,0,0,2.3958248488e-04,3.1921888688e+00,3.1924284512e+00,9.3176175816e-08,2.8572417675e-05,2.8665593851e-05,4.7495061735e-04,2.3958248488e+00
56,5.6000000000e-03,1.0000000000e-04,-9.3853785848e-02,1.3523668961e-01,1.4266047371e+00,2.6903703393e-01,-2.1157449812e-01,2.1157449812e-01,1.3386194091e+00,3.4303319245e-01,1.1772071227e-01,1.1799694414e-01,1.9245008349e-01,1.2743200469e-01,0.0000000000e+00,0.0000000000e+00,0.0000000000e+00,0.0000000000e+00,2.2485723229e-05,3.2400342144e-05,3.4178950786e-04,6.4456561114e-05,2.2485723229e-05,2.4776424114e-05,4.8294954889e-04,3.5086607359e-05,-1.0760018862e+01,1.0760024185e+01,2.7959396677e+03,1.4311835866e+02,-1.0761113386e+01,1.0761113386e+01,2.7959649225e+03,1.4312304508e+02,1.0945237772e-03,2.9036833424e-03,3.7747213735e-01,2.7226438310e-02,0.0000000000e+00,0.0000000000e+00,0.0000000000e+00,0.0000000000e+00,5.1104776011e-07,5.1104801295e-07,1.3279332712e-04,6.7974152801e-06,5.1860742171e-07,5.3017450061e-07,1.3189217699e-04,6.7922077657e-06,1.0000000000e+00,4.1921888688e+00,2.0679115636e+00,4.1921888688e+00,1.0000000000e+00,1.0000285724e+00,1.0000095586e+00,1.0000285724e+00,1.9598558696e+03,2.0886929499e+03,1.9614028246e+00,nan,3.8852370851e-01,4.1406449494e-01,3.8883037834e-04,nan,2.7309721542e-01,2.1398346193e-02,1.9358405605e-01,4.1920690912e+00,1.4130028505e+00,9.9321388993e-01,3.4642156847e-01,3.4424381800e-01,1.1666320839e-01,5.4775441637e-01,3.1352685936e-01,493577,53,53,41,1.3189217699e-04,4.9975290652e-01,4.9614745929e-01,3.0027823127e-02,-3.4751429980e+00,-2.7925986046e+03,4.8474975444e-04,-2.7925981198e+03,-1.7838519791e-04,447024,48,48,48,-4.8294954889e-04,9.9944875792e-01,5.9099956916e-01,5.4950788950e-02,-2.8447989630e+00,-1.3386194091e+00,-8.7985327971e-02,-1.4266047371e+00,8.8177369854e-06,2.8048467892e-02,5.4959606687e-02,1.1900846277e-04,3.2775338005e-04,0,0,0,2.3958248488e-04,3.1921888688e+00,3.1924284512e+00,9.3176175816e-08,2.8572417675e-05,2.8665593851e-05,4.7495061735e-04,2.3958248488e+00
57,5.7000000000e-03,1.0000000000e-04,-9.3729421457e-02,1.3508278039e-01,1.4271891419e+00,2.6857875393e-01,-2.1146713599e-01,2.1146713599e-01,1.3396390265e+00,3.4263540454e-01,1.1773771453e-01,1.1801238768e-01,1.9245008973e-01,1.2744286682e-01,0.0000000000e+00,0.0000000000e+00,0.0000000000e+00,0.0000000000e+00,2.2455927699e-05,3.2363468190e-05,3.4192952100e-04,6.4346765254e-05,2.2455927699e-05,2.4744821085e-05,4.7631559954e-04,3.4953655008e-05,-1.0736855358e+01,1.0736860697e+01,2.7898461645e+03,1.4280798234e+02,-1.0737949535e+01,1.0737949535e+01,2.7898711623e+03,1.4281266765e+02,1.0941776921e-03,2.9037058205e-03,3.7746955888e-01,2.7226626225e-02,0.0000000000e+00,0.0000000000e+00,0.0000000000e+00,0.0000000000e+00,5.0994760806e-07,5.0994786163e-07,1.3250391582e-04,6.7826739376e-06,5.1750696456e-07,5.2905507479e-07,1.3160260136e-04,6.7774659825e-06,1.0000000000e+00,4.1921888688e+00,2.0679115636e+00,4.1921888688e+00,1.0000000000e+00,1.0000285724e+00,1.0000095586e+00,1.0000285724e+00,1.9547837653e+03,2.0825544099e+03,1.9613893629e+00,nan,3.8751820968e-01,4.1284758489e-01,3.8882770968e-04,nan,2.7629286440e-01,2.1380436455e-02,1.9389863466e-01,4.1920690912e+00,1.3930227438e+00,9.9319782775e-01,3.3688238028e-01,3.3580707251e-01,1.0163174265e-01,5.4775284544e-01,3.1344787434e-01,493577,53,53,41,1.3160260136e-04,4.9988479870e-01,4.9606945621e-01,2.9849437929e-02,-3.4812852683e+00,-2.7864486201e+03,2.2600277802e-04,-2.7864483941e+03,-1.7103178580e-04,447024,48,48,48,-4.7631559954e-04,9.9945617227e-01,5.9051661961e-01,5.4959606687e-02,-2.8446291793e+00,-1.3396390265e+00,-8.7550115383e-02,-1.4271891419e+00,-2.1242966769e-05,2.7948588200e-02,5.4938363720e-02,1.1481963898e-04,3.2775559656e-04,0,0,0,2.3958248488e-04,3.1921888688e+00,3.1924284512e+00,9.3176175816e-08,2.8572417675e-05,2.8665593851e-05,4.7495061735e-04,2.3958248488e+00
58,5.8000000000e-03,1.0000000000e-04,-9.3601529544e-02,1.3492621123e-01,1.4275955521e+00,2.6812190719e-01,-2.1135626751e-01,2.1135626751e-01,1.3404751674e+00,3.4223671268e-01,1.1775473797e-01,1.1802785504e-01,1.9245008389e-01,1.2745376621e-01,0.0000000000e+00,0.0000000000e+00,0.0000000000e+00,0.0000000000e+00,2.2425287037e-05,3.2325956962e-05,3.4202688978e-04,6.4237312776e-05,2.2425287037e-05,2.4712279680e-05,4.6991439405e-04,3.4822083109e-05,-1.0714511980e+01,1.0714517334e+01,2.7840116806e+03,1.4250911091e+02,-1.0715605812e+01,1.0715605812e+01,2.7840358240e+03,1.4251379494e+02,1.0938323829e-03,2.9037296854e-03,3.7746694604e-01,2.7226813723e-02,0.0000000000e+00,0.0000000000e+00,0.0000000000e+00,0.0000000000e+00,5.0888640794e-07,5.0888666223e-07,1.3222680664e-04,6.7684790206e-06,5.1646078239e-07,5.2795603402e-07,1.3132411644e-04,6.7632687867e-06,1.0000000000e+00,4.1921888688e+00,2.0679115636e+00,4.1921888688e+00,1.0000000000e+00,1.0000285724e+00,1.0000095586e+00,1.0000285724e+00,1.9501403436e+03,2.0769021998e+03,1.9613758456e+00,nan,3.8659769331e-01,4.1172708534e-01,3.8882503000e-04,nan,2.7946391535e-01,2.1364116984e-02,1.9422355537e-01,4.1920690912e+00,1.3739106722e+00,9.9317316795e-01,3.2655238088e-01,3.2634093078e-01,8.6659764055e-02,5.4775119831e-01,3.1335959272e-01,400457,43,43,41,1.3132411644e-04,5.0001640130e-01,4.9599086281e-01,2.9678406143e-02,-3.4872078411e+00,-2.7805275752e+03,-3.2176201053e-05,-2.7805276074e+03,-1.6363434562e-04,447024,48,48,48,-4.6991439405e-04,9.9946357686e-01,5.9004030401e-01,5.4938363720e-02,-2.8450382518e+00,-1.3404751674e+00,-8.7120384704e-02,-1.4275955521e+00,-4.7464849731e-05,2.7854500009e-02,5.4890898870e-02,1.1044200923e-04,3.2775660756e-04,0,0,0,2.3958248488e-04,3.1921888688e+00,3.1924284512e+00,9.3176175816e-08,2.8572417675e-05,2.8665593851e-05,4.7495061735e-04,2.3958248488e+00
59,5.9000000000e-03,1.0000000000e-04,-9.3471151312e-02,1.3476813435e-01,1.4278448604e+00,2.6766930917e-01,-2.1124293330e-01,2.1124293330e-01,1.3411489116e+00,3.4183977188e-01,1.1777178199e-01,1.1804334568e-01,1.9245006498e-01,1.2746470207e-01,0.0000000000e+00,0.0000000000e+00,0.0000000000e+00,0.0000000000e+00,2.2394050696e-05,3.2288084511e-05,3.4208661967e-04,6.4128878219e-05,2.2394050696e-05,2.4678964220e-05,4.6373276211e-04,3.4692038376e-05,-1.0693034297e+01,1.0693039666e+01,2.7784478836e+03,1.4222227541e+02,-1.0694127785e+01,1.0694127785e+01,2.7784717794e+03,1.4222695799e+02,1.0934878744e-03,2.9037654866e-03,3.7746429895e-01,2.7227000834e-02,0.0000000000e+00,0.0000000000e+00,0.0000000000e+00,0.0000000000e+00,5.0786632406e-07,5.0786657909e-07,1.3196255376e-04,6.7548557509e-06,5.1546851603e-07,5.2689670490e-07,1.3105662546e-04,6.7496424003e-06,1.0000000000e+00,4.1921888688e+00,2.0679115636e+00,4.1921888688e+00,1.0000000000e+00,1.0000285724e+00,1.0000095586e+00,1.0000285724e+00,1.9459032005e+03,2.0717101250e+03,1.9613622838e+00,nan,3.8575771799e-01,4.1069780344e-01,3.8882234149e-04,nan,2.8261239267e-01,2.1350033178e-02,1.9455883010e-01,4.1920690912e+00,1.3556004107e+00,9.9313495932e-01,3.1549324108e-01,3.1597708091e-01,7.1794528512e-02,5.4774886642e-01,3.1327119553e-01,400267,43,41,43,1.3105662546e-04,5.0014772542e-01,4.9591170550e-01,2.9514771797e-02,-3.4929053048e+00,-2.7748439364e+03,-2.8980883306e-04,-2.7748442262e+03,-1.5623048008e-04,447024,48,48,48,-4.6373276211e-04,9.9947097227e-01,5.8957038961e-01,5.4890898870e-02,-2.8459528135e+00,-1.3411489116e+00,-8.6695948731e-02,-1.4278448604e+00,-6.9997616169e-05,2.7767305528e-02,5.4820901254e-02,1.0590604586e-04,3.2775515550e-04,0,0,0,2.3958248488e-04,3.1921888688e+00,3.1924284512e+00,9.3176175816e-08,2.8572417675e-05,2.8665593851e-05,4.7495061735e-04,2.3958248488e+00
60,6.0000000000e-03,1.0000000000e-04,-9.3339285839e-02,1.3460972663e-01,1.4279568264e+00,2.6722358116e-01,-2.1112813170e-01,2.1112813170e-01,1.3416801956e+00,3.4144706867e-01,1.1778884586e-01,1.1805885894e-01,1.9245007910e-01,1.2747567347e-01,0.0000000000e+00,0.0000000000e+00,0.0000000000e+00,0.0000000000e+00,2.2362458038e-05,3.2250132795e-05,3.4211344477e-04,6.4022089593e-05,2.2362458038e-05,2.4645074621e-05,4.5775823464e-04,3.4563661274e-05,-1.0672460446e+01,1.0672465831e+01,2.7731335266e+03,1.4194791158e+02,-1.0673553591e+01,1.0673553591e+01,2.7731571752e+03,1.4195259252e+02,1.0931441807e-03,2.9038186993e-03,3.7746161772e-01,2.7227187588e-02,0.0000000000e+00,0.0000000000e+00,0.0000000000e+00,0.0000000000e+00,5.0688916777e-07,5.0688942352e-07,1.3171014804e-04,6.7418248235e-06,5.1451531077e-07,5.2590388015e-07,1.3080031053e-04,6.7366078964e-06,1.0000000000e+00,4.1921888688e+00,2.0679115636e+00,4.1921888688e+00,1.0000000000e+00,1.0000285724e+00,1.0000095586e+00,1.0000285724e+00,1.9420289713e+03,2.0669286050e+03,1.9613482077e+00,nan,3.8498968707e-01,4.0974991033e-01,3.8881955104e-04,nan,2.8574103235e-01,2.1339106829e-02,1.9490434891e-01,4.1920690912e+00,1.3380305324e+00,9.9309212293e-01,3.0389690571e-01,3.0498077842e-01,5.7083806181e-02,5.4774606026e-01,3.1319061756e-01,493577,53,53,41,1.3080031053e-04,5.0027878204e-01,4.9583201159e-01,2.9358541317e-02,-3.4983736307e+00,-2.7694045557e+03,-5.4691657978e-04,-2.7694051026e+03,-1.4884424532e-04,447024,48,48,48,-4.5775823464e-04,9.9947836016e-01,5.8910665685e-01,5.4820901254e-02,-2.8473029010e+00,-1.3416801956e+00,-8.6276630751e-02,-1.4279568264e+00,-8.9025095303e-05,2.7688046748e-02,5.4731876159e-02,1.0124266901e-04,3.2775009961e-04,0,0,0,2.3958248488e-04,3.1921888688e+00,3.1924284512e+00,9.3176175816e-08,2.8572417675e-05,2.8665593851e-05,4.7495061735e-04,2.3958248488e+00
61,6.1000000000e-03,1.0000000000e-04,-9.3206884711e-02,1.3445208903e-01,1.4279500720e+00,2.6678714500e-01,-2.1101281341e-01,2.1101281341e-01,1.3420878079e+00,3.4106091349e-01,1.1780592870e-01,1.1807439401e-01,1.9245008920e-01,1.2748667936e-01,0.0000000000e+00,0.0000000000e+00,0.0000000000e+00,0.0000000000e+00,2.2330737047e-05,3.2212365588e-05,3.4211182653e-04,6.3917527135e-05,2.2330737047e-05,2.4610950680e-05,4.5197901362e-04,3.4437082423e-05,-1.0652822756e+01,1.0652828156e+01,2.7680742255e+03,1.4168638224e+02,-1.0653915557e+01,1.0653915557e+01,2.7680976274e+03,1.4169106136e+02,1.0928012499e-03,2.9038813186e-03,3.7745890238e-01,2.7227374013e-02,0.0000000000e+00,0.0000000000e+00,0.0000000000e+00,0.0000000000e+00,5.0595647445e-07,5.0595673093e-07,1.3146985622e-04,6.7294034713e-06,5.1359650948e-07,5.2495648904e-07,1.3055579862e-04,6.7241837298e-06,1.0000000000e+00,4.1921888688e+00,2.0679115636e+00,4.1921888688e+00,1.0000000000e+00,1.0000285724e+00,1.0000095586e+00,1.0000285724e+00,1.9384951055e+03,2.0625309395e+03,1.9613339955e+00,nan,3.8428913013e-01,4.0887811289e-01,3.8881673359e-04,nan,2.8885367393e-01,2.1330199547e-02,1.9525997142e-01,4.1920690912e+00,1.3211440780e+00,9.9304739789e-01,2.9203160707e-01,2.9368207155e-01,4.2573445495e-02,5.4774457721e-01,3.1310869204e-01,401417,43,53,41,1.3055579862e-04,5.0040958236e-01,4.9575180912e-01,2.9209697072e-02,-3.5036097394e+00,-2.7642151420e+03,-8.0352126144e-04,-2.7642159456e+03,-1.4148842857e-04,447024,48,48,48,-4.5197901362e-04,9.9948574008e-01,5.8864889862e-01,5.4731876159e-02,-2.8490223314e+00,-1.3420878079e+00,-8.5862264025e-02,-1.4279500720e+00,-1.0475551696e-04,2.7617686953e-02,5.4627120642e-02,9.6482938337e-05,3.2774094932e-04,0,0,0,2.3958248488e-04,3.1921888688e+00,3.1924284512e+00,9.3176175816e-08,2.8572417675e-05,2.8665593851e-05,4.7495061735e-04,2.3958248488e+00
62,6.2000000000e-03,1.0000000000e-04,-9.3074847355e-02,1.3429623821e-01,1.4278420859e+00,2.6636221952e-01,-2.1089787683e-01,2.1089787683e-01,1.3423893946e+00,3.4068343484e-01,1.1782302948e-01,1.1808994998e-01,1.9245008747e-01,1.2749771860e-01,0.0000000000e+00,0.0000000000e+00,0.0000000000e+00,0.0000000000e+00,2.2299103209e-05,3.2175026462e-05,3.4208595495e-04,6.3815722432e-05,2.2299103209e-05,2.4576786237e-05,4.4638394293e-04,3.4312419714e-05,-1.0634149172e+01,1.0634154587e+01,2.7632745262e+03,1.4143799701e+02,-1.0635241630e+01,1.0635241630e+01,2.7632976819e+03,1.4144267415e+02,1.0924590052e-03,2.9039435686e-03,3.7745615292e-01,2.7227560142e-02,0.0000000000e+00,0.0000000000e+00,0.0000000000e+00,0.0000000000e+00,5.0506957140e-07,5.0506982859e-07,1.3124189421e-04,6.7176063997e-06,5.1272608249e-07,5.2405632708e-07,1.3032344997e-04,6.7123842298e-06,1.0000000000e+00,4.1921888688e+00,2.0679115636e+00,4.1921888688e+00,1.0000000000e+00,1.0000285724e+00,1.0000095586e+00,1.0000285724e+00,1.9352802061e+03,2.0584918899e+03,1.9613197265e+00,nan,3.8365180538e-01,4.0807740783e-01,3.8881390490e-04,nan,2.9195371392e-01,2.1323224364e-02,1.9562549904e-01,4.1920690912e+00,1.3048882495e+00,9.9300189741e-01,2.8025933457e-01,2.8248856758e-01,2.8307109216e-02,5.4774421665e-01,3.1302528344e-01,493577,53,53,41,1.3032344997e-04,5.0054013815e-01,4.9567112680e-01,2.9068208643e-02,-3.5086111296e+00,-2.7592806698e+03,-1.0596459295e-03,-2.7592817295e+03,-1.3416679511e-04,447024,48,48,48,-4.4638394293e-04,9.9949310958e-01,5.8819691960e-01,5.4627120642e-02,-2.8510489565e+00,-1.3423893946e+00,-8.5452691280e-02,-1.4278420859e+00,-1.1741289319e-04,2.7557093321e-02,5.4509707749e-02,9.1657720055e-05,3.2772774996e-04,0,0,0,2.3958248488e-04,3.1921888688e+00,3.1924284512e+00,9.3176175816e-08,2.8572417675e-05,2.8665593851e-05,4.7495061735e-04,2.3958248488e+00
63,6.3000000000e-03,1.0000000000e-04,-9.2944017085e-02,1.3414314222e-01,1.4276492374e+00,2.6595081823e-01,-2.1078416416e-01,2.1078416416e-01,1.3426014731e+00,3.4031657505e-01,1.1784014707e-01,1.1810552585e-01,1.9245007331e-01,1.2750878993e-01,0.0000000000e+00,0.0000000000e+00,0.0000000000e+00,0.0000000000e+00,2.2267758568e-05,3.2138347344e-05,3.4203975183e-04,6.3717157889e-05,2.2267758568e-05,2.4542719672e-05,4.4096248005e-04,3.4189776117e-05,-1.0616464475e+01,1.0616469905e+01,2.7587382057e+03,1.4120302907e+02,-1.0617556592e+01,1.0617556592e+01,2.7587611156e+03,1.4120770406e+02,1.0921174192e-03,2.9040054659e-03,3.7745336936e-01,2.7227746006e-02,0.0000000000e+00,0.0000000000e+00,0.0000000000e+00,0.0000000000e+00,5.0422963565e-07,5.0422989355e-07,1.3102644139e-04,6.7064465831e-06,5.1190684295e-07,5.2319772443e-07,1.3010346516e-04,6.7012218160e-06,1.0000000000e+00,4.1921888688e+00,2.0679115636e+00,4.1921888688e+00,1.0000000000e+00,1.0000285724e+00,1.0000095586e+00,1.0000285724e+00,1.9323641504e+03,2.0547877913e+03,1.9613054070e+00,nan,3.8307372371e-01,4.0734310377e-01,3.8881106618e-04,nan,2.9504429751e-01,2.1317838097e-02,1.9600075160e-01,4.1920690912e+00,1.2892141270e+00,9.9295580171e-01,2.6911053006e-01,2.7196213078e-01,1.4327379244e-02,5.4774506156e-01,3.1294004771e-01,493577,53,53,41,1.3010346516e-04,5.0067046160e-01,4.9558999391e-01,2.8934041848e-02,-3.5133755735e+00,-2.7546057195e+03,-1.3153143432e-03,-2.7546070348e+03,-1.2687626736e-04,447024,48,48,48,-4.4096248005e-04,9.9950046830e-01,5.8775053566e-01,5.4509707749e-02,-2.8533248111e+00,-1.3426014731e+00,-8.5047764228e-02,-1.4276492374e+00,-1.2722956134e-04,2.7507020958e-02,5.4382478187e-02,8.6797344106e-05,3.2771065339e-04,0,0,0,2.3958248488e-04,3.1921888688e+00,3.1924284512e+00,9.3176175816e-08,2.8572417675e-05,2.8665593851e-05,4.7495061735e-04,2.3958248488e+00
64,6.4000000000e-03,1.0000000000e-04,-9.2815177881e-02,1.3399368099e-01,1.4273867972e+00,2.6555474850e-01,-2.1067245813e-01,2.1067245813e-01,1.3427394541e+00,3.3996208771e-01,1.1785728025e-01,1.1812112630e-01,1.9245007193e-01,1.2751989204e-01,0.0000000000e+00,0.0000000000e+00,0.0000000000e+00,0.0000000000e+00,2.2236890952e-05,3.2102539051e-05,3.4197687576e-04,6.3622266519e-05,2.2236890952e-05,2.4508927739e-05,4.3570466854e-04,3.4069238175e-05,-1.0599791279e+01,1.0599796724e+01,2.7544685253e+03,1.4098172877e+02,-1.0600883055e+01,1.0600883055e+01,2.7544911898e+03,1.4098640143e+02,1.0917764705e-03,2.9040670335e-03,3.7745055166e-01,2.7227931634e-02,0.0000000000e+00,0.0000000000e+00,0.0000000000e+00,0.0000000000e+00,5.0343774117e-07,5.0343799979e-07,1.3082365265e-04,6.6959359116e-06,5.1116139743e-07,5.2237495841e-07,1.2989610052e-04,6.6907082351e-06,1.0000000000e+00,4.1921888688e+00,2.0679115636e+00,4.1921888688e+00,1.0000000000e+00,1.0000285724e+00,1.0000095586e+00,1.0000285724e+00,1.9297281793e+03,2.0513966290e+03,1.9612907798e+00,nan,3.8255116626e-01,4.0667083650e-01,3.8880816648e-04,nan,2.9812877828e-01,2.1313660229e-02,1.9638561334e-01,4.1920690912e+00,1.2740764052e+00,9.9290990495e-01,2.6013525778e-01,2.6369979531e-01,6.7458744183e-04,5.4774734556e-01,3.1284956036e-01,511051,55,43,43,1.2989610052e-04,5.0080056507e-01,4.9550844026e-01,2.8807165581e-02,-3.5179008811e+00,-2.7501947452e+03,-1.5705506562e-03,-2.7501963158e+03,-1.1960900236e-04,447024,48,48,48,-4.3570466854e-04,9.9950781685e-01,5.8730957318e-01,5.4382478187e-02,-2.8557961665e+00,-1.3427394541e+00,-8.4647343097e-02,-1.4273867972e+00,-1.3443989507e-04,2.7468098718e-02,5.4248038292e-02,8.1931267884e-05,3.2768871717e-04,0,0,0,2.3958248488e-04,3.1921888688e+00,3.1924284512e+00,9.3176175816e-08,2.8572417675e-05,2.8665593851e-05,4.7495061735e-04,2.3958248488e+00
65,6.5000000000e-03,1.0000000000e-04,-9.2689051914e-02,1.3384866604e-01,1.4270689651e+00,2.6517561194e-01,-2.1056347962e-01,2.1056347962e-01,1.3428176690e+00,3.3962153662e-01,1.1787442771e-01,1.1813674854e-01,1.9245008678e-01,1.2753102355e-01,0.0000000000e+00,0.0000000000e+00,0.0000000000e+00,0.0000000000e+00,2.2206673379e-05,3.2067796009e-05,3.4190072877e-04,6.3531432038e-05,2.2206673379e-05,2.4475509430e-05,4.3060111089e-04,3.3950875107e-05,-1.0584150787e+01,1.0584156247e+01,2.7504684353e+03,1.4077433400e+02,-1.0585242223e+01,1.0585242223e+01,2.7504908548e+03,1.4077900419e+02,1.0914362221e-03,2.9041283782e-03,3.7744769976e-01,2.7228117055e-02,0.0000000000e+00,0.0000000000e+00,0.0000000000e+00,0.0000000000e+00,5.0269489505e-07,5.0269515438e-07,1.3063366814e-04,6.6860856840e-06,5.1045462555e-07,5.2164350835e-07,1.2970201423e-04,6.6808550105e-06,1.0000000000e+00,4.1921888688e+00,2.0679115636e+00,4.1921888688e+00,1.0000000000e+00,1.0000285724e+00,1.0000095586e+00,1.0000285724e+00,1.9273549510e+03,2.0482980813e+03,1.9612758096e+00,nan,3.8208069520e-01,4.0605657742e-01,3.8880519877e-04,nan,3.0121151792e-01,2.1312876443e-02,1.9678005322e-01,4.1920690912e+00,1.2594331473e+00,9.9286819456e-01,2.5269842088e-01,2.5707406490e-01,-1.2611796511e-02,5.4775066409e-01,3.1276595139e-01,493577,53,53,41,1.2970201423e-04,5.0093046117e-01,4.9542649615e-01,2.8687556579e-02,-3.5221847314e+00,-2.7460522682e+03,-1.8253795259e-03,-2.7460540936e+03,-1.1235433718e-04,447024,48,48,48,-4.3060111089e-04,9.9951515627e-01,5.8687386851e-01,5.4248038292e-02,-2.8584135065e+00,-1.3428176690e+00,-8.4251296182e-02,-1.4270689651e+00,-1.3927514360e-04,2.7440817159e-02,5.4108763149e-02,7.7087755845e-05,3.2766048883e-04,0,0,0,2.3958248488e-04,3.1921888688e+00,3.1924284512e+00,9.3176175816e-08,2.8572417675e-05,2.8665593851e-05,4.7495061735e-04,2.3958248488e+00
66,6.6000000000e-03,1.0000000000e-04,-9.2566297802e-02,1.3370882977e-01,1.4267089036e+00,2.6481480597e-01,-2.1045788586e-01,2.1045788586e-01,1.3428494042e+00,3.3929629616e-01,1.1789158806e-01,1.1815238725e-01,1.9245008936e-01,1.2754218304e-01,0.0000000000e+00,0.0000000000e+00,0.0000000000e+00,0.0000000000e+00,2.2177263644e-05,3.2034293687e-05,3.4181446433e-04,6.3444989248e-05,2.2177263644e-05,2.4442611325e-05,4.2564294195e-04,3.3834738504e-05,-1.0569563324e+01,1.0569568800e+01,2.7467407303e+03,1.4058107734e+02,-1.0570654421e+01,1.0570654421e+01,2.7467629052e+03,1.4058574492e+02,1.0910965952e-03,2.9041894653e-03,3.7744481353e-01,2.7228302300e-02,0.0000000000e+00,0.0000000000e+00,0.0000000000e+00,0.0000000000e+00,5.0200206259e-07,5.0200232267e-07,1.3045662056e-04,6.6769069470e-06,5.0979282785e-07,5.2096049382e-07,1.2952117001e-04,6.6716734928e-06,1.0000000000e+00,4.1921888688e+00,2.0679115636e+00,4.1921888688e+00,1.0000000000e+00,1.0000285724e+00,1.0000095586e+00,1.0000285724e+00,1.9252285616e+03,2.0454735256e+03,1.9612607860e+00,nan,3.8165915773e-01,4.0549663480e-01,3.8880222048e-04,nan,3.0429535473e-01,2.1313618537e-02,1.9718413051e-01,4.1920690912e+00,1.2452455538e+00,9.9282941302e-01,2.4522208411e-01,2.5049606985e-01,-2.5497237648e-02,5.4775503606e-01,3.1268139023e-01,512011,55,53,43,1.2952117001e-04,5.0106016318e-01,4.9534419243e-01,2.8575202241e-02,-3.5262245702e+00,-2.7421829955e+03,-2.0798269015e-03,-2.7421850753e+03,-1.0510057693e-04,447024,48,48,48,-4.2564294195e-04,9.9952248786e-01,5.8644326740e-01,5.4108763149e-02,-2.8611314375e+00,-1.3428494042e+00,-8.3859499411e-02,-1.4267089036e+00,-1.4195933173e-04,2.7425518987e-02,5.3966803817e-02,7.2293583886e-05,3.2762648800e-04,0,0,0,2.3958248488e-04,3.1921888688e+00,3.1924284512e+00,9.3176175816e-08,2.8572417675e-05,2.8665593851e-05,4.7495061735e-04,2.3958248488e+00
67,6.7000000000e-03,1.0000000000e-04,-9.2447509586e-02,1.3357480500e-01,1.4263187764e+00,2.6447352658e-01,-2.1035626946e-01,2.1035626946e-01,1.3428469404e+00,3.3898755313e-01,1.1790875987e-01,1.1816804114e-01,1.9245007989e-01,1.2755336904e-01,0.0000000000e+00,0.0000000000e+00,0.0000000000e+00,0.0000000000e+00,2.2148804068e-05,3.2002183700e-05,3.4172099668e-04,6.3363224684e-05,2.2148804068e-05,2.4410249045e-05,4.2082180251e-04,3.3720862527e-05,-1.0556048634e+01,1.0556054126e+01,2.7432881539e+03,1.4040219004e+02,-1.0557139391e+01,1.0557139391e+01,2.7433100844e+03,1.4040685487e+02,1.0907575312e-03,2.9042502813e-03,3.7744189292e-01,2.7228487398e-02,0.0000000000e+00,0.0000000000e+00,0.0000000000e+00,0.0000000000e+00,5.0136018155e-07,5.0136044238e-07,1.3029264022e-04,6.6684106835e-06,5.0918538995e-07,5.2032263567e-07,1.2935361753e-04,6.6631738684e-06,1.0000000000e+00,4.1921888688e+00,2.0679115636e+00,4.1921888688e+00,1.0000000000e+00,1.0000285724e+00,1.0000095586e+00,1.0000285724e+00,1.9233345303e+03,2.0429060094e+03,1.9612457066e+00,nan,3.8128368315e-01,4.0498764793e-01,3.8879923113e-04,nan,3.0738335505e-01,2.1315744657e-02,1.9759796663e-01,4.1920690912e+00,1.2314777453e+00,9.9279297211e-01,2.3725134176e-01,2.4352893635e-01,-3.7943468486e-02,5.4776062337e-01,3.1259354640e-01,492617,53,43,41,1.2935361753e-04,5.0118968435e-01,4.9526156047e-01,2.8470101665e-02,-3.5300175716e+00,-2.7385918660e+03,-2.3339186618e-03,-2.7385941999e+03,-9.7836603104e-05,447024,48,48,48,-4.2082180251e-04,9.9952981273e-01,5.8601762446e-01,5.3966803817e-02,-2.8639085461e+00,-1.3428469404e+00,-8.3471835933e-02,-1.4263187764e+00,-1.4270613336e-04,2.7422392328e-02,5.3824097684e-02,6.7573775025e-05,3.2758701864e-04,0,0,0,2.3958248488e-04,3.1921888688e+00,3.1924284512e+00,9.3176175816e-08,2.8572417675e-05,2.8665593851e-05,4.7495061735e-04,2.3958248488e+00
68,6.8000000000e-03,1.0000000000e-04,-9.2333216381e-02,1.3344714925e-01,1.4259097919e+00,2.6415277205e-01,-2.1025915806e-01,2.1025915806e-01,1.3428215962e+00,3.3869630981e-01,1.1792594168e-01,1.1818370892e-01,1.9245006186e-01,1.2756458009e-01,0.0000000000e+00,0.0000000000e+00,0.0000000000e+00,0.0000000000e+00,2.2121421418e-05,3.1971599618e-05,3.4162301117e-04,6.3286377515e-05,2.2121421418e-05,2.4378556885e-05,4.1612981319e-04,3.3609264567e-05,-1.0543625963e+01,1.0543631470e+01,2.7401134549e+03,1.4023790291e+02,-1.0544716382e+01,1.0544716382e+01,2.7401351414e+03,1.4024256488e+02,1.0904190045e-03,2.9043108452e-03,3.7743893778e-01,2.7228672379e-02,0.0000000000e+00,0.0000000000e+00,0.0000000000e+00,0.0000000000e+00,5.0077016603e-07,5.0077042760e-07,1.3014185770e-04,6.6606078562e-06,5.0862761555e-07,5.1974613862e-07,1.2919942844e-04,6.6553677342e-06,1.0000000000e+00,4.1921888688e+00,2.0679115636e+00,4.1921888688e+00,1.0000000000e+00,1.0000285724e+00,1.0000095586e+00,1.0000285724e+00,1.9216597504e+03,2.0405801852e+03,1.9612305350e+00,nan,3.8095167318e-01,4.0452657429e-01,3.8879622348e-04,nan,3.1047866397e-01,2.1319807447e-02,1.9802181987e-01,4.1920690912e+00,1.2180965555e+00,9.9275844622e-01,2.2756685574e-01,2.3487111781e-01,-4.9912324068e-02,5.4776753158e-01,3.1250728936e-01,382987,41,53,43,1.2919942844e-04,5.0131903797e-01,4.9517863217e-01,2.8372265061e-02,-3.5335606567e+00,-2.7352840287e+03,-2.5876807836e-03,-2.7352866164e+03,-9.0553286586e-05,447024,48,48,48,-4.1612981319e-04,9.9953713164e-01,5.8559680266e-01,5.3824097684e-02,-2.8667072158e+00,-1.3428215962e+00,-8.3088195720e-02,-1.4259097919e+00,-1.4171662041e-04,2.7431467113e-02,5.3682381063e-02,6.2951370321e-05,3.2754223981e-04,0,0,0,2.3958248488e-04,3.1921888688e+00,3.1924284512e+00,9.3176175816e-08,2.8572417675e-05,2.8665593851e-05,4.7495061735e-04,2.3958248488e+00
69,6.9000000000e-03,1.0000000000e-04,-9.2223882684e-02,1.3332633466e-01,1.4254922505e+00,2.6385334768e-01,-2.1016701465e-01,2.1016701465e-01,1.3427837753e+00,3.3842338824e-01,1.1794313197e-01,1.1819938927e-01,1.9245008190e-01,1.2757581471e-01,0.0000000000e+00,0.0000000000e+00,0.0000000000e+00,0.0000000000e+00,2.2095226979e-05,3.1942654558e-05,3.4152297555e-04,6.3214640683e-05,2.2095226979e-05,2.4347686357e-05,4.1155954865e-04,3.3499946273e-05,-1.0532313937e+01,1.0532319460e+01,2.7372193963e+03,1.4008844442e+02,-1.0533404018e+01,1.0533404018e+01,2.7372408392e+03,1.4009310343e+02,1.0900809673e-03,2.9043711534e-03,3.7743594797e-01,2.7228857270e-02,0.0000000000e+00,0.0000000000e+00,0.0000000000e+00,0.0000000000e+00,5.0023290064e-07,5.0023316295e-07,1.3000440421e-04,6.6535093161e-06,5.0812232553e-07,5.1922797940e-07,1.2905884950e-04,6.6482656132e-06,1.0000000000e+00,4.1921888688e+00,2.0679115636e+00,4.1921888688e+00,1.0000000000e+00,1.0000285724e+00,1.0000095586e+00,1.0000285724e+00,1.9201924075e+03,2.0384822110e+03,1.9612147952e+00,nan,3.8066078571e-01,4.0411066988e-01,3.8879310322e-04,nan,3.1358487471e-01,2.1325557253e-02,1.9845600823e-01,4.1920690912e+00,1.2050713367e+00,9.9272674863e-01,2.1422419571e-01,2.2235531429e-01,-6.1363063223e-02,5.4777565541e-01,3.1242309635e-01,401417,43,53,41,1.2905884950e-04,5.0144823740e-01,4.9509544001e-01,2.8281711775e-02,-3.5368505668e+00,-2.7322647572e+03,-2.8411393845e-03,-2.7322675984e+03,-8.3244690114e-05,447024,48,48,48,-4.1155954865e-04,9.9954444515e-01,5.8518067284e-01,5.3682381063e-02,-2.8694934138e+00,-1.3427837753e+00,-8.2708475189e-02,-1.4254922505e+00,-1.3917778332e-04,2.7452614838e-02,5.3543203280e-02,5.8447246660e-05,3.2749235214e-04,0,0,0,2.3958248488e-04,3.1921888688e+00,3.1924284512e+00,9.3176175816e-08,2.8572417675e-05,2.8665593851e-05,4.7495061735e-04,2.3958248488e+00
70,7.0000000000e-03,1.0000000000e-04,-9.2119909272e-02,1.3321274941e-01,1.4250755935e+00,2.6357587152e-01,-2.1008023850e-01,2.1008023850e-01,1.3427430167e+00,3.3816943560e-01,1.1796032923e-01,1.1821508087e-01,1.9245008963e-01,1.2758707145e-01,0.0000000000e+00,0.0000000000e+00,0.0000000000e+00,0.0000000000e+00,2.2070316771e-05,3.1915441522e-05,3.4142315184e-04,6.3148162253e-05,2.2070316771e-05,2.4317729260e-05,4.0710401219e-04,3.3392894901e-05,-1.0522130252e+01,1.0522135790e+01,2.7346087189e+03,1.3995403617e+02,-1.0523219995e+01,1.0523219995e+01,2.7346299183e+03,1.3995869211e+02,1.0897433787e-03,2.9044312097e-03,3.7743292331e-01,2.7229042100e-02,0.0000000000e+00,0.0000000000e+00,0.0000000000e+00,0.0000000000e+00,4.9974922590e-07,4.9974948895e-07,1.2988040992e-04,6.6471255881e-06,5.0768595747e-07,5.1875416396e-07,1.2893209749e-04,6.6418781721e-06,1.0000000000e+00,4.1921888688e+00,2.0679115636e+00,4.1921888688e+00,1.0000000000e+00,1.0000285724e+00,1.0000095586e+00,1.0000285724e+00,1.9189218673e+03,2.0365996206e+03,1.9611989999e+00,nan,3.8040891259e-01,4.0373746335e-01,3.8878997194e-04,nan,3.1670554362e-01,2.1332343922e-02,1.9890093961e-01,4.1920690912e+00,1.1923737743e+00,9.9269857223e-01,1.9634738490e-01,2.0494737728e-01,-7.2249950010e-02,5.4778482797e-01,3.1233743716e-01,493577,53,53,41,1.2893209749e-04,5.0157729625e-01,4.9501201700e-01,2.8198467085e-02,-3.5398839816e+00,-2.7295393091e+03,-3.0943210666e-03,-2.7295424034e+03,-7.5909050104e-05,447024,48,48,48,-4.0710401219e-04,9.9955175419e-01,5.8476911330e-01,5.3543203280e-02,-2.8722364583e+00,-1.3427430167e+00,-8.2332576847e-02,-1.4250755935e+00,-1.3526171958e-04,2.7485551850e-02,5.3407941560e-02,5.4079972401e-05,3.2743748047e-04,0,0,0,2.3958248488e-04,3.1921888688e+00,3.1924284512e+00,9.3176175816e-08,2.8572417675e-05,2.8665593851e-05,4.7495061735e-04,2.3958248488e+00
71,7.1000000000e-03,1.0000000000e-04,-9.2021634653e-02,1.3310670036e-01,1.4246684551e+00,2.6332078079e-01,-2.0999916660e-01,2.0999916660e-01,1.3427080461e+00,3.3793493057e-01,1.1797753194e-01,1.1823078239e-01,1.9245008517e-01,1.2759834885e-01,0.0000000000e+00,0.0000000000e+00,0.0000000000e+00,0.0000000000e+00,2.2046771893e-05,3.1890034027e-05,3.4132560860e-04,6.3087046982e-05,2.2046771893e-05,2.4288762004e-05,4.0275661091e-04,3.3288084908e-05,-1.0513091210e+01,1.0513096764e+01,2.7322840642e+03,1.3983488616e+02,-1.0514180616e+01,1.0514180616e+01,2.7323050203e+03,1.3983953893e+02,1.0894062587e-03,2.9044910796e-03,3.7742986361e-01,2.7229226895e-02,0.0000000000e+00,0.0000000000e+00,0.0000000000e+00,0.0000000000e+00,4.9931991605e-07,4.9932017984e-07,1.2977000031e-04,6.6414665510e-06,5.0728948794e-07,5.1836764337e-07,1.2881951338e-04,6.6362154262e-06,1.0000000000e+00,4.1921888688e+00,2.0679115636e+00,4.1921888688e+00,1.0000000000e+00,1.0000285724e+00,1.0000095586e+00,1.0000285724e+00,1.9178385360e+03,2.0349211641e+03,1.9611831466e+00,nan,3.8019415196e-01,4.0340472453e-01,3.8878682917e-04,nan,3.1984456590e-01,2.1341871738e-02,1.9935708061e-01,4.1920690912e+00,1.1799777127e+00,9.9267560358e-01,1.7351467813e-01,1.8209507519e-01,-8.2521730771e-02,5.4779421946e-01,3.1225713181e-01,382027,41,43,43,1.2881951338e-04,5.0170622835e-01,4.9492839669e-01,2.8122558035e-02,-3.5426576767e+00,-2.7271127378e+03,-3.3472528573e-03,-2.7271160851e+03,-6.8549530214e-05,447024,48,48,48,-4.0275661091e-04,9.9955905982e-01,5.8436200928e-01,5.3407941560e-02,-2.8749087746e+00,-1.3427080461e+00,-8.1960408944e-02,-1.4246684551e+00,-1.3012538967e-04,2.7529846217e-02,5.3277816171e-02,4.9865714520e-05,3.2737848406e-04,0,0,0,2.3958248488e-04,3.1921888688e+00,3.1924284512e+00,9.3176175816e-08,2.8572417675e-05,2.8665593851e-05,4.7495061735e-04,2.3958248488e+00
72,7.2000000000e-03,1.0000000000e-04,-9.1929336996e-02,1.3300841722e-01,1.4242787133e+00,2.6308833928e-01,-2.0992407560e-01,2.0992407560e-01,1.3426868282e+00,3.3772019057e-01,1.1799473861e-01,1.1824649253e-01,1.9245006852e-01,1.2760964552e-01,0.0000000000e+00,0.0000000000e+00,0.0000000000e+00,0.0000000000e+00,2.2024658991e-05,3.1866487107e-05,3.4123223331e-04,6.3031358067e-05,2.2024658991e-05,2.4260722959e-05,3.9851113166e-04,3.3185479709e-05,-1.0505211124e+01,1.0505216693e+01,2.7302478630e+03,1.3973118026e+02,-1.0506300194e+01,1.0506300194e+01,2.7302685761e+03,1.3973582978e+02,1.0890695097e-03,2.9045507105e-03,3.7742676868e-01,2.7229411674e-02,0.0000000000e+00,0.0000000000e+00,0.0000000000e+00,0.0000000000e+00,4.9894565089e-07,4.9894591540e-07,1.2967329081e-04,6.6365410326e-06,5.0694549259e-07,5.1802208564e-07,1.2872117505e-04,6.6312864053e-06,1.0000000000e+00,4.1921888688e+00,2.0679115636e+00,4.1921888688e+00,1.0000000000e+00,1.0000285724e+00,1.0000095586e+00,1.0000285724e+00,1.9169336995e+03,2.0334366278e+03,1.9611672346e+00,nan,3.8001477630e-01,4.0311042863e-01,3.8878367475e-04,nan,3.2300521824e-01,2.1352293850e-02,1.9982493739e-01,4.1920690912e+00,1.1678589909e+00,9.9265758007e-01,1.4626583994e-01,1.5432312356e-01,-9.2119813408e-02,5.4780458244e-01,3.1217407069e-01,401417,43,53,41,1.2872117505e-04,5.0183504786e-01,4.9484461312e-01,2.8054008504e-02,-3.5451687112e+00,-2.7249896676e+03,-3.5999624532e-03,-2.7249932676e+03,-6.1174741460e-05,447024,48,48,48,-3.9851113166e-04,9.9956636457e-01,5.8395925267e-01,5.3277816171e-02,-2.8774856481e+00,-1.3426868282e+00,-8.1591885157e-02,-1.4242787133e+00,-1.2391084274e-04,2.7584928093e-02,5.3153905328e-02,4.5818193274e-05,3.2731560878e-04,0,0,0,2.3958248488e-04,3.1921888688e+00,3.1924284512e+00,9.3176175816e-08,2.8572417675e-05,2.8665593851e-05,4.7495061735e-04,2.3958248488e+00
73,7.3000000000e-03,1.0000000000e-04,-9.1843236481e-02,1.3291806510e-01,1.4239135415e+00,2.6287864533e-01,-2.0985518422e-01,2.0985518422e-01,1.3426866172e+00,3.3752537981e-01,1.1801194773e-01,1.1826221001e-01,1.9245007486e-01,1.2762096008e-01,0.0000000000e+00,0.0000000000e+00,0.0000000000e+00,0.0000000000e+00,2.2004030816e-05,3.1844840323e-05,3.4114474452e-04,6.2981119070e-05,2.2004030816e-05,2.4233647378e-05,3.9436171805e-04,3.3085033569e-05,-1.0498501621e+01,1.0498507205e+01,2.7285021929e+03,1.3964307219e+02,-1.0499590354e+01,1.0499590354e+01,2.7285226632e+03,1.3964771837e+02,1.0887330805e-03,2.9046100974e-03,3.7742363827e-01,2.7229596465e-02,0.0000000000e+00,0.0000000000e+00,0.0000000000e+00,0.0000000000e+00,4.9862698262e-07,4.9862724784e-07,1.2959038010e-04,6.6323563344e-06,5.0666299508e-07,5.1771377380e-07,1.2863762396e-04,6.6270980600e-06,1.0000000000e+00,4.1921888688e+00,2.0679115636e+00,4.1921888688e+00,1.0000000000e+00,1.0000285724e+00,1.0000095586e+00,1.0000285724e+00,1.9161993432e+03,2.0321366343e+03,1.9611509039e+00,nan,3.7986919681e-01,4.0285271666e-01,3.8878043735e-04,nan,3.2619196559e-01,2.1363427705e-02,2.0030501242e-01,4.1920690912e+00,1.1559952905e+00,9.9264794091e-01,1.1597502836e-01,1.2312147828e-01,-1.0097874739e-01,5.4781608894e-01,3.1208536090e-01,493577,53,53,41,1.2863762396e-04,5.0196376903e-01,4.9476070081e-01,2.7992833763e-02,-3.5474146367e+00,-2.7231740411e+03,-3.8524777033e-03,-2.7231778936e+03,-5.3799027227e-05,447024,48,48,48,-3.9436171805e-04,9.9957366837e-01,5.8356074154e-01,5.3153905328e-02,-2.8799449816e+00,-1.3426866172e+00,-8.1226924280e-02,-1.4239135415e+00,-1.1674582667e-04,2.7650103350e-02,5.3037159501e-02,4.1948680657e-05,3.2724898083e-04,0,0,0,2.3958248488e-04,3.1921888688e+00,3.1924284512e+00,9.3176175816e-08,2.8572417675e-05,2.8665593851e-05,4.7495061735e-04,2.3958248488e+00
74,7.4000000000e-03,1.0000000000e-04,-9.1763498021e-02,1.3283573488e-01,1.4235794565e+00,2.6269164056e-01,-2.0979265588e-01,2.0979265588e-01,1.3427140066e+00,3.3735051792e-01,1.1802915786e-01,1.1827793358e-01,1.9245008784e-01,1.2763229123e-01,0.0000000000e+00,0.0000000000e+00,0.0000000000e+00,0.0000000000e+00,2.1984926877e-05,3.1825115445e-05,3.4106470362e-04,6.2936316003e-05,2.1984926877e-05,2.4207543149e-05,3.9030284858e-04,3.2986693529e-05,-1.0492970887e+01,1.0492976486e+01,2.7270486137e+03,1.3957067277e+02,-1.0494059284e+01,1.0494059284e+01,2.7270688412e+03,1.3957531554e+02,1.0883969525e-03,2.9046692680e-03,3.7742047216e-01,2.7229781293e-02,0.0000000000e+00,0.0000000000e+00,0.0000000000e+00,0.0000000000e+00,4.9836430005e-07,4.9836456599e-07,1.2952134226e-04,6.6289177195e-06,5.0643242007e-07,5.1746161206e-07,1.2856963935e-04,6.6236556507e-06,1.0000000000e+00,4.1921888688e+00,2.0679115636e+00,4.1921888688e+00,1.0000000000e+00,1.0000285724e+00,1.0000095586e+00,1.0000285724e+00,1.9156279625e+03,2.0310124330e+03,1.9611343201e+00,nan,3.7975592574e-01,4.0262985391e-01,3.8877714974e-04,nan,3.2940994363e-01,2.1376048320e-02,2.0079780487e-01,4.1920690912e+00,1.1443659940e+00,9.9265215371e-01,8.4531426089e-02,9.0573709489e-02,-1.0903279223e-01,5.4782862811e-01,3.1199867640e-01,493577,53,53,41,1.2856963935e-04,5.0209240666e-01,4.9467669459e-01,2.7939034736e-02,-3.5493937185e+00,-2.7216688524e+03,-4.1048275189e-03,-2.7216729572e+03,-4.6442513627e-05,447024,48,48,48,-3.9030284858e-04,9.9958097118e-01,5.8316637982e-01,5.3037159501e-02,-2.8822670627e+00,-1.3427140066e+00,-8.0865449946e-02,-1.4235794565e+00,-1.0874469591e-04,2.7724570049e-02,5.2928414805e-02,3.8266046513e-05,3.2717744333e-04,0,0,0,2.3958248488e-04,3.1921888688e+00,3.1924284512e+00,9.3176175816e-08,2.8572417675e-05,2.8665593851e-05,4.7495061735e-04,2.3958248488e+00
75,7.5000000000e-03,1.0000000000e-04,-9.1690234261e-02,1.3276144647e-01,1.4232823653e+00,2.6252711913e-01,-2.0973660184e-01,2.0973660184e-01,1.3427749749e+00,3.3719548923e-01,1.1804636757e-01,1.1829366203e-01,1.9245008889e-01,1.2764363771e-01,0.0000000000e+00,0.0000000000e+00,0.0000000000e+00,0.0000000000e+00,2.1967374164e-05,3.1807317241e-05,3.4099352576e-04,6.2896899551e-05,2.1967374164e-05,2.4182447402e-05,3.8632931638e-04,3.2890401347e-05,-1.0488622886e+01,1.0488628500e+01,2.7258879873e+03,1.3951403867e+02,-1.0489710947e+01,1.0489710947e+01,2.7259079723e+03,1.3951867794e+02,1.0880610678e-03,2.9047282111e-03,3.7741727014e-01,2.7229966182e-02,0.0000000000e+00,0.0000000000e+00,0.0000000000e+00,0.0000000000e+00,4.9815779148e-07,4.9815805815e-07,1.2946621824e-04,6.6262278796e-06,5.0625687655e-07,5.1726505063e-07,1.2851659834e-04,6.6209615278e-06,1.0000000000e+00,4.1921888688e+00,2.0679115636e+00,4.1921888688e+00,1.0000000000e+00,1.0000285724e+00,1.0000095586e+00,1.0000285724e+00,1.9152123667e+03,2.0300556856e+03,1.9611176712e+00,nan,3.7967353765e-01,4.0244018740e-01,3.8877384926e-04,nan,3.3266074536e-01,2.1390103410e-02,2.0130376209e-01,4.1920690912e+00,1.1329520569e+00,9.9266511442e-01,5.3721863900e-02,5.8643631016e-02,-1.1620778132e-01,5.4784197199e-01,3.1191086837e-01,401417,43,53,41,1.2851659834e-04,5.0222097630e-01,4.9459262957e-01,2.7892592222e-02,-3.5511051584e+00,-2.7204758760e+03,-4.3570423394e-03,-2.7204802331e+03,-3.9130930011e-05,447024,48,48,48,-3.8632931638e-04,9.9958827323e-01,5.8277607697e-01,5.2928414805e-02,-2.8844343453e+00,-1.3427749749e+00,-8.0507390347e-02,-1.4232823653e+00,-1.0000954469e-04,2.7807437190e-02,5.2828405261e-02,3.4776837200e-05,3.2710144035e-04,0,0,0,2.3958248488e-04,3.1921888688e+00,3.1924284512e+00,9.3176175816e-08,2.8572417675e-05,2.8665593851e-05,4.7495061735e-04,2.3958248488e+00
76,7.6000000000e-03,1.0000000000e-04,-9.1623508824e-02,1.3269516279e-01,1.4230276063e+00,2.6238473760e-01,-2.0968708432e-01,2.0968708432e-01,1.3428749283e+00,3.3706005245e-01,1.1806357550e-01,1.1830939422e-01,1.9245007846e-01,1.2765499832e-01,0.0000000000e+00,0.0000000000e+00,0.0000000000e+00,0.0000000000e+00,2.1951387918e-05,3.1791436834e-05,3.4093248998e-04,6.2862787430e-05,2.1951387918e-05,2.4158393256e-05,3.8243621059e-04,3.2796095382e-05,-1.0485456590e+01,1.0485462220e+01,2.7250202898e+03,1.3947316135e+02,-1.0486544316e+01,1.0486544316e+01,2.7250400323e+03,1.3947779702e+02,1.0877253798e-03,2.9047869263e-03,3.7741403193e-01,2.7230151158e-02,0.0000000000e+00,0.0000000000e+00,0.0000000000e+00,0.0000000000e+00,4.9800740807e-07,4.9800767545e-07,1.2942500689e-04,6.6242864085e-06,5.0613423167e-07,5.1712927071e-07,1.2847855521e-04,6.6190156287e-06,1.0000000000e+00,4.1921888688e+00,2.0679115636e+00,4.1921888688e+00,1.0000000000e+00,1.0000285724e+00,1.0000095586e+00,1.0000285724e+00,1.9149454850e+03,2.0292582539e+03,1.9611009513e+00,nan,3.7962063076e-01,4.0228210377e-01,3.8877053469e-04,nan,3.3594767350e-01,2.1405780808e-02,2.0182328267e-01,4.1920690912e+00,1.1217358915e+00,9.9268725802e-01,2.4761895237e-02,2.8647450961e-02,-1.2243151835e-01,5.4785626962e-01,3.1182381868e-01,493577,53,53,41,1.2847855521e-04,5.0234949290e-01,4.9450854098e-01,2.7853461292e-02,-3.5525493111e+00,-2.7195954058e+03,-4.6091513820e-03,-2.7196000149e+03,-3.1895212913e-05,447024,48,48,48,-3.8243621059e-04,9.9959557427e-01,5.8238974766e-01,5.2828405261e-02,-2.8864312505e+00,-1.3428749283e+00,-8.0152677989e-02,-1.4230276063e+00,-9.0631497722e-05,2.7791224765e-02,5.2737773763e-02,3.1485389737e-05,3.2702162360e-04,0,0,0,2.3958248488e-04,3.1921888688e+00,3.1924284512e+00,9.3176175816e-08,2.8572417675e-05,2.8665593851e-05,4.7495061735e-04,2.3958248488e+00
77,7.7000000000e-03,1.0000000000e-04,-9.1563339724e-02,1.3263680616e-01,1.4228199871e+00,2.6226402513e-01,-2.0964412004e-01,2.0964412004e-01,1.3430187376e+00,3.3694385069e-01,1.1808078032e-01,1.1832512905e-01,1.9245005615e-01,1.2766637194e-01,0.0000000000e+00,0.0000000000e+00,0.0000000000e+00,0.0000000000e+00,2.1936972455e-05,3.1777455607e-05,3.4088274805e-04,6.2833866836e-05,2.1936972455e-05,2.4135393327e-05,3.7861889951e-04,3.2703712392e-05,-1.0483465253e+01,1.0483470897e+01,2.7244444209e+03,1.3944795654e+02,-1.0484552643e+01,1.0484552643e+01,2.7244639210e+03,1.3945258854e+02,1.0873898336e-03,2.9048454045e-03,3.7741075718e-01,2.7230336245e-02,0.0000000000e+00,0.0000000000e+00,0.0000000000e+00,0.0000000000e+00,4.9791282938e-07,4.9791309745e-07,1.2939765597e-04,6.6230893047e-06,5.0608035453e-07,5.1703526854e-07,1.2845518676e-04,6.6178133687e-06,1.0000000000e+00,4.1921888688e+00,2.0679115636e+00,4.1921888688e+00,1.0000000000e+00,1.0000285724e+00,1.0000095586e+00,1.0000285724e+00,1.9148201780e+03,2.0286119952e+03,1.9610841625e+00,nan,3.7959578977e-01,4.0215398884e-01,3.8876720646e-04,nan,3.3927304455e-01,2.1422284756e-02,2.0235664041e-01,4.1920690912e+00,1.1107012651e+00,9.9271648938e-01,-1.7894658131e-03,1.1747006990e-03,-1.2763141707e-01,5.4787173706e-01,3.1173281981e-01,401417,43,53,41,1.2845518676e-04,5.0247797145e-01,4.9442446396e-01,2.7821566079e-02,-3.5537278834e+00,-2.7190260132e+03,-4.8611839696e-03,-2.7190308744e+03,-2.4770904711e-05,447024,48,48,48,-3.7861889951e-04,9.9960287841e-01,5.8200731145e-01,5.2737773763e-02,-2.8882439884e+00,-1.3430187376e+00,-7.9801249448e-02,-1.4228199871e+00,-8.0692098162e-05,2.7763818176e-02,5.2657081665e-02,2.8393971078e-05,3.2693843835e-04,0,0,0,2.3958248488e-04,3.1921888688e+00,3.1924284512e+00,9.3176175816e-08,2.8572417675e-05,2.8665593851e-05,4.7495061735e-04,2.3958248488e+00
78,7.8000000000e-03,1.0000000000e-04,-9.1509702891e-02,1.3258623341e-01,1.4226638158e+00,2.6216439414e-01,-2.0960768367e-01,2.0960768367e-01,1.3432107706e+00,3.3684642173e-01,1.1809798078e-01,1.1834086548e-01,1.9245002199e-01,1.2767775753e-01,0.0000000000e+00,0.0000000000e+00,0.0000000000e+00,0.0000000000e+00,2.1924122010e-05,3.1765339263e-05,3.4084533214e-04,6.2809996995e-05,2.1924122010e-05,2.4113348648e-05,3.7487301587e-04,3.2613189192e-05,-1.0482635764e+01,1.0482641423e+01,2.7241580220e+03,1.3943825496e+02,-1.0483722818e+01,1.0483722818e+01,2.7241772798e+03,1.3944288318e+02,1.0870544381e-03,2.9049037002e-03,3.7740744553e-01,2.7230521467e-02,0.0000000000e+00,0.0000000000e+00,0.0000000000e+00,0.0000000000e+00,4.9787343275e-07,4.9787370152e-07,1.2938405343e-04,6.6226285273e-06,5.0609027168e-07,5.1700016712e-07,1.2844627541e-04,6.6173471529e-06,1.0000000000e+00,4.1921888688e+00,2.0679115636e+00,4.1921888688e+00,1.0000000000e+00,1.0000285724e+00,1.0000095586e+00,1.0000285724e+00,1.9148290635e+03,2.0281085734e+03,1.9610673027e+00,nan,3.7959755124e-01,4.0205419000e-01,3.8876386416e-04,nan,3.4263942715e-01,2.1440413551e-02,2.0290401879e-01,4.1920690912e+00,1.0998332103e+00,9.9275198146e-01,-2.5922679485e-02,-2.3773749761e-02,-1.3174586749e-01,5.4788779408e-01,3.1164211471e-01,493577,53,53,41,1.2844627541e-04,5.0260642664e-01,4.9434043347e-01,2.7796795174e-02,-3.5546441085e+00,-2.7187643383e+03,-5.1131687907e-03,-2.7187694514e+03,-1.7797369629e-05,447024,48,48,48,-3.7487301587e-04,9.9961018754e-01,5.8162869255e-01,5.2657081665e-02,-2.8898604037e+00,-1.3432107706e+00,-7.9453045145e-02,-1.4226638158e+00,-7.0264739266e-05,2.7743416438e-02,5.2586816925e-02,2.5502929726e-05,3.2685152599e-04,0,0,0,2.3958248488e-04,3.1921888688e+00,3.1924284512e+00,9.3176175816e-08,2.8572417675e-05,2.8665593851e-05,4.7495061735e-04,2.3958248488e+00
79,7.9000000000e-03,1.0000000000e-04,-9.1462535769e-02,1.3254327026e-01,1.4225629273e+00,2.6208515123e-01,-2.0957771145e-01,2.0957771145e-01,1.3434549182e+00,3.3676720843e-01,1.1811517569e-01,1.1835660255e-01,1.9244997602e-01,1.2768915412e-01,0.0000000000e+00,0.0000000000e+00,0.0000000000e+00,0.0000000000e+00,2.1912821593e-05,3.1755046043e-05,3.4082116103e-04,6.2791011783e-05,2.1912821593e-05,2.4092269706e-05,3.7119444402e-04,3.2524464159e-05,-1.0482948115e+01,1.0482953789e+01,2.7241573052e+03,1.3944379440e+02,-1.0484034834e+01,1.0484034834e+01,2.7241763207e+03,1.3944841874e+02,1.0867191855e-03,2.9049618498e-03,3.7740409666e-01,2.7230706845e-02,0.0000000000e+00,0.0000000000e+00,0.0000000000e+00,0.0000000000e+00,4.9788826790e-07,4.9788853736e-07,1.2938401939e-04,6.6228916235e-06,5.0615500777e-07,5.1702427287e-07,1.2845224385e-04,6.6176043480e-06,1.0000000000e+00,4.1921888688e+00,2.0679115636e+00,4.1921888688e+00,1.0000000000e+00,1.0000285724e+00,1.0000095586e+00,1.0000285724e+00,1.9149643597e+03,2.0277392890e+03,1.9610503699e+00,nan,3.7962437249e-01,4.0198098271e-01,3.8876050739e-04,nan,3.4605109511e-01,2.1460172876e-02,2.0346543807e-01,4.1920690912e+00,1.0891179494e+00,9.9279837234e-01,-4.8007153486e-02,-4.6589179471e-02,-1.3472612545e-01,5.4790483470e-01,3.1155641362e-01,492617,53,43,41,1.2845224385e-04,5.0273487291e-01,4.9425648400e-01,2.7778997805e-02,-3.5553028866e+00,-2.7188049211e+03,-5.3651341061e-03,-2.7188102863e+03,-1.1016854096e-05,447024,48,48,48,-3.7119444402e-04,9.9961750179e-01,5.8125381953e-01,5.2586816925e-02,-2.8912698459e+00,-1.3434549182e+00,-7.9108009126e-02,-1.4225629273e+00,-5.9416091713e-05,2.7729859240e-02,5.2527400834e-02,2.2810869785e-05,3.2676081894e-04,0,0,0,2.3958248488e-04,3.1921888688e+00,3.1924284512e+00,9.3176175816e-08,2.8572417675e-05,2.8665593851e-05,4.7495061735e-04,2.3958248488e+00
80,8.0000000000e-03,1.0000000000e-04,-9.1421740925e-02,1.3250772013e-01,1.4225207038e+00,2.6202550832e-01,-2.0955410485e-01,2.0955410485e-01,1.3437546149e+00,3.3670556925e-01,1.1813236392e-01,1.1837234876e-01,1.9245001450e-01,1.2770056081e-01,0.0000000000e+00,0.0000000000e+00,0.0000000000e+00,0.0000000000e+00,2.1903047863e-05,3.1746528854e-05,3.4081104500e-04,6.2776722386e-05,2.1903047863e-05,2.4072136187e-05,3.6757930925e-04,3.2437478536e-05,-1.0484374998e+01,1.0484380686e+01,2.7244369021e+03,1.3946421379e+02,-1.0485461382e+01,1.0485461382e+01,2.7244556753e+03,1.3946883414e+02,1.0863840371e-03,2.9050198584e-03,3.7740071025e-01,2.7230892398e-02,0.0000000000e+00,0.0000000000e+00,0.0000000000e+00,0.0000000000e+00,4.9795603781e-07,4.9795630794e-07,1.2939729886e-04,6.6238614440e-06,5.0626343426e-07,5.1710469047e-07,1.2847188533e-04,6.6185682532e-06,1.0000000000e+00,4.1921888688e+00,2.0679115636e+00,4.1921888688e+00,1.0000000000e+00,1.0000285724e+00,1.0000095586e+00,1.0000285724e+00,1.9152177504e+03,2.0274949348e+03,1.9610323815e+00,nan,3.7967460491e-01,4.0193254169e-01,3.8875694134e-04,nan,3.4950793501e-01,2.1481462487e-02,2.0404077480e-01,4.1920690912e+00,1.0785428308e+00,9.9284827781e-01,-6.8681950695e-02,-6.7930459687e-02,-1.3653348412e-01,5.4792325323e-01,3.1147060950e-01,401417,43,53,41,1.2847188533e-04,5.0286332516e-01,4.9417264943e-01,2.7767980951e-02,-3.5557108862e+00,-2.7191400844e+03,-5.6171090048e-03,-2.7191457015e+03,-4.4734220056e-06,447024,48,48,48,-3.6757930925e-04,9.9962482041e-01,5.8088262509e-01,5.2527400834e-02,-2.8924630634e+00,-1.3437546149e+00,-7.8766088865e-02,-1.4225207038e+00,-4.8207487232e-05,2.7722954874e-02,5.2479193346e-02,2.0314822391e-05,3.2666873657e-04,0,0,0,2.3958248488e-04,3.1921888688e+00,3.1924284512e+00,9.3176175816e-08,2.8572417675e-05,2.8665593851e-05,4.7495061735e-04,2.3958248488e+00
81,8.1000000000e-03,1.0000000000e-04,-9.1387189635e-02,1.3247932847e-01,1.4225400886e+00,2.6198459388e-01,-2.0953673409e-01,2.0953673409e-01,1.3441128535e+00,3.3666078864e-01,1.1814954445e-01,1.1838809487e-01,1.9245005077e-01,1.2771197678e-01,0.0000000000e+00,0.0000000000e+00,0.0000000000e+00,0.0000000000e+00,2.1894769979e-05,3.1739726709e-05,3.4081568926e-04,6.2766920003e-05,2.1894769979e-05,2.4052936941e-05,3.6402396905e-04,3.2352177540e-05,-1.0486881557e+01,1.0486887259e+01,2.7249897373e+03,1.3949904936e+02,-1.0487967606e+01,1.0487967606e+01,2.7250082681e+03,1.3950366559e+02,1.0860489165e-03,2.9050776923e-03,3.7739941885e-01,2.7231078143e-02,0.0000000000e+00,0.0000000000e+00,0.0000000000e+00,0.0000000000e+00,4.9807508696e-07,4.9807535779e-07,1.2942355580e-04,6.6255159612e-06,5.0641875980e-07,5.1723215374e-07,1.2850467979e-04,6.6202167432e-06,1.0000000000e+00,4.1921888688e+00,2.0679115636e+00,4.1921888688e+00,1.0000000000e+00,1.0000285724e+00,1.0000095586e+00,1.0000285724e+00,1.9155802773e+03,2.0273656791e+03,1.9610253016e+00,nan,3.7974647259e-01,4.0190691793e-01,3.8875553782e-04,nan,3.5301158913e-01,2.1503908442e-02,2.0462971110e-01,4.1920690912e+00,1.0680962776e+00,9.9290024138e-01,-8.5002474249e-02,-8.4736725777e-02,-1.3715248320e-01,5.4794318662e-01,3.1138218388e-01,492617,53,43,41,1.2850467979e-04,5.0299179704e-01,4.9408896273e-01,2.7763507529e-02,-3.5558766003e+00,-2.7197598713e+03,-5.8691202078e-03,-2.7197657404e+03,1.7881932941e-06,447024,48,48,48,-3.6402396905e-04,9.9963214323e-01,5.8051504578e-01,5.2479193346e-02,-2.8934321224e+00,-1.3441128535e+00,-7.8427235055e-02,-1.4225400886e+00,-3.6696222468e-05,2.7722477390e-02,5.2442497124e-02,1.8010431273e-05,3.2657450406e-04,0,0,0,2.3958248488e-04,3.1921888688e+00,3.1924284512e+00,9.3176175816e-08,2.8572417675e-05,2.8665593851e-05,4.7495061735e-04,2.3958248488e+00
82,8.2000000000e-03,1.0000000000e-04,-9.1358725415e-02,1.3245782691e-01,1.4226235957e+00,2.6196146425e-01,-2.0952544172e-01,2.0952544172e-01,1.3445321943e+00,3.3663208739e-01,1.1816671630e-01,1.1840383912e-01,1.9245007517e-01,1.2772340131e-01,0.0000000000e+00,0.0000000000e+00,0.0000000000e+00,0.0000000000e+00,2.1887950451e-05,3.1734575314e-05,3.4083569611e-04,6.2761378549e-05,2.1887950451e-05,2.4034649249e-05,3.6052500626e-04,3.2268511232e-05,-1.0490425309e+01,1.0490431026e+01,2.7258069309e+03,1.3954773315e+02,-1.0491511023e+01,1.0491511023e+01,2.7258252193e+03,1.3955234514e+02,1.0857137673e-03,2.9051353365e-03,3.7740301817e-01,2.7231264099e-02,0.0000000000e+00,0.0000000000e+00,0.0000000000e+00,0.0000000000e+00,4.9824339767e-07,4.9824366918e-07,1.2946236846e-04,6.6278282008e-06,5.0661285371e-07,5.1741154567e-07,1.2855033191e-04,6.6225228713e-06,1.0000000000e+00,4.1921888688e+00,2.0679115636e+00,4.1921888688e+00,1.0000000000e+00,1.0000285724e+00,1.0000095586e+00,1.0000285724e+00,1.9160422611e+03,2.0273409822e+03,1.9610437556e+00,nan,3.7983805670e-01,4.0190202199e-01,3.8875919616e-04,nan,3.5656425957e-01,2.1527734410e-02,2.0523174508e-01,4.1920690912e+00,1.0577677467e+00,9.9295519956e-01,-7.2596586609e-02,-7.1808596118e-02,-1.3659550891e-01,5.4796491430e-01,3.1129495301e-01,493577,53,53,41,1.2855033191e-04,5.0312030172e-01,4.9400545579e-01,2.7765295722e-02,-3.5558103551e+00,-2.7206520443e+03,-6.1211934147e-03,-2.7206581655e+03,7.7237826780e-06,447024,48,48,48,-3.6052500626e-04,9.9963947037e-01,5.8015102181e-01,5.2442497124e-02,-2.8941703477e+00,-1.3445321943e+00,-7.8091401425e-02,-1.4226235957e+00,-2.4936753540e-05,2.7728164455e-02,5.2417560370e-02,1.5892134808e-05,3.2647812016e-04,0,0,0,2.3958248488e-04,3.1921888688e+00,3.1924284512e+00,9.3176175816e-08,2.8572417675e-05,2.8665593851e-05,4.7495061735e-04,2.3958248488e+00
83,8.3000000000e-03,1.0000000000e-04,-9.1336167452e-02,1.3244290936e-01,1.4227733138e+00,2.6195511492e-01,-2.0952004605e-01,2.0952004605e-01,1.3450147693e+00,3.3661863277e-01,1.1818387860e-01,1.1841958084e-01,1.9245008778e-01,1.2773483374e-01,0.0000000000e+00,0.0000000000e+00,0.0000000000e+00,0.0000000000e+00,2.1882545958e-05,3.1731001330e-05,3.4087156595e-04,6.2759857359e-05,2.1882545958e-05,2.4017297852e-05,3.5707922392e-04,3.2186435168e-05,-1.0494956243e+01,1.0494961974e+01,2.7268777359e+03,1.3960959409e+02,-1.0496041622e+01,1.0496041622e+01,2.7268957818e+03,1.3961420170e+02,1.0853785111e-03,2.9051927519e-03,3.7740657399e-01,2.7231450285e-02,0.0000000000e+00,0.0000000000e+00,0.0000000000e+00,0.0000000000e+00,4.9845859467e-07,4.9845886684e-07,1.2951322641e-04,6.6307662901e-06,5.0685637568e-07,5.1762826996e-07,1.2860796517e-04,6.6254547148e-06,1.0000000000e+00,4.1921888688e+00,2.0679115636e+00,4.1921888688e+00,1.0000000000e+00,1.0000285724e+00,1.0000095586e+00,1.0000285724e+00,1.9165932544e+03,2.0274095453e+03,1.9610621036e+00,nan,3.7994728615e-01,4.0191561400e-01,3.8876283349e-04,nan,3.6016647442e-01,2.1552310887e-02,2.0584617961e-01,4.1920690912e+00,1.0475476971e+00,9.9301027959e-01,-5.6481207708e-02,-5.5040456535e-02,-1.3489761864e-01,5.4798860835e-01,3.1120657080e-01,492617,53,43,41,1.2860796517e-04,5.0324885205e-01,4.9392215916e-01,2.7773019505e-02,-3.5555242682e+00,-2.7218021455e+03,-6.3733537448e-03,-2.7218085189e+03,1.3290854866e-05,447024,48,48,48,-3.5707922392e-04,9.9964680176e-01,5.7979049680e-01,5.2417560370e-02,-2.8946722839e+00,-1.3450147693e+00,-7.7758544550e-02,-1.4227733138e+00,-1.2981758655e-05,2.7739716034e-02,5.2404578612e-02,1.3953356898e-05,3.2637954309e-04,0,0,0,2.3958248488e-04,3.1921888688e+00,3.1924284512e+00,9.3176175816e-08,2.8572417675e-05,2.8665593851e-05,4.7495061735e-04,2.3958248488e+00
84,8.4000000000e-03,1.0000000000e-04,-9.1319313921e-02,1.3243426518e-01,1.4229909063e+00,2.6196449161e-01,-2.0952034445e-01,2.0952034445e-01,1.3455622827e+00,3.3661954838e-01,1.1820103053e-01,1.1843531944e-01,1.9245008919e-01,1.2774627350e-01,0.0000000000e+00,0.0000000000e+00,0.0000000000e+00,0.0000000000e+00,2.1878508147e-05,3.1728930336e-05,3.4092369731e-04,6.2762103852e-05,2.1878508147e-05,2.4000821197e-05,3.5368364155e-04,3.2105910814e-05,-1.0500417092e+01,1.0500422837e+01,2.7282641391e+03,1.3968386149e+02,-1.0501502135e+01,1.0501502135e+01,2.7282823252e+03,1.3968846457e+02,1.0850431218e-03,2.9052499502e-03,3.7741008668e-01,2.7231636717e-02,0.0000000000e+00,0.0000000000e+00,0.0000000000e+00,0.0000000000e+00,4.9871795804e-07,4.9871823086e-07,1.2957907371e-04,6.6342936249e-06,5.0714118691e-07,5.1789926705e-07,1.2867684380e-04,6.6289757087e-06,1.0000000000e+00,4.1921888688e+00,2.0679115636e+00,4.1921888688e+00,1.0000000000e+00,1.0000285724e+00,1.0000095586e+00,1.0000285724e+00,1.9172744723e+03,2.0276150427e+03,1.9610803418e+00,nan,3.8008233144e-01,4.0195635200e-01,3.8876644904e-04,nan,3.6381904245e-01,2.1578397789e-02,2.0647212743e-01,4.1920690912e+00,1.0374275662e+00,9.9303722517e-01,-3.9417981494e-02,-3.7322051521e-02,-1.3212246127e-01,5.4801423876e-01,3.1111876596e-01,492617,53,43,41,1.2867684380e-04,5.0337746002e-01,4.9383910187e-01,2.7786310360e-02,-3.5550321593e+00,-2.7231936177e+03,-6.6256245970e-03,-2.7232002433e+03,1.8449784766e-05,447024,48,48,48,-3.5368364155e-04,9.9965413784e-01,5.7943341758e-01,5.2404578612e-02,-2.8949336749e+00,-1.3455622827e+00,-7.7428623662e-02,-1.4229909063e+00,-8.8304941936e-07,2.7756793926e-02,5.2403695562e-02,1.2186692948e-05,3.2627900336e-04,0,0,0,2.3958248488e-04,3.1921888688e+00,3.1924284512e+00,9.3176175816e-08,2.8572417675e-05,2.8665593851e-05,4.7495061735e-04,2.3958248488e+00
85,8.5000000000e-03,1.0000000000e-04,-9.1307945170e-02,1.3243157515e-01,1.4232776082e+00,2.6198850131e-01,-2.0952611656e-01,2.0952611656e-01,1.3461760077e+00,3.3663392378e-01,1.1821817140e-01,1.1845105441e-01,1.9245007977e-01,1.2775772007e-01,0.0000000000e+00,0.0000000000e+00,0.0000000000e+00,0.0000000000e+00,2.1875784393e-05,3.1728285852e-05,3.4099238605e-04,6.2767856156e-05,2.1875784393e-05,2.3985232107e-05,3.5033549263e-04,3.2026905726e-05,-1.0506743777e+01,1.0506749536e+01,2.7299175339e+03,1.3976967096e+02,-1.0507828485e+01,1.0507828485e+01,2.7299354690e+03,1.3977426937e+02,1.0847075547e-03,2.9053069215e-03,3.7741355657e-01,2.7231823408e-02,0.0000000000e+00,0.0000000000e+00,0.0000000000e+00,0.0000000000e+00,4.9901844434e-07,4.9901871782e-07,1.2965760181e-04,6.6383691509e-06,5.0745874055e-07,5.1821834208e-07,1.2875615436e-04,6.6330448050e-06,1.0000000000e+00,4.1921888688e+00,2.0679115636e+00,4.1921888688e+00,1.0000000000e+00,1.0000285724e+00,1.0000095586e+00,1.0000285724e+00,1.9180499421e+03,2.0279186773e+03,1.9610984679e+00,nan,3.8023606130e-01,4.0201654482e-01,3.8877004237e-04,nan,3.6752243797e-01,2.1605725547e-02,2.0710851250e-01,4.1920690912e+00,1.0273997513e+00,9.9304747709e-01,-2.1681184075e-02,-1.8940846842e-02,-1.2835640409e-01,5.4804189315e-01,3.1103161998e-01,401417,43,53,41,1.2875615436e-04,5.0350613686e-01,4.9375631117e-01,2.7804760144e-02,-3.5543494141e+00,-2.7248079818e+03,-6.8780279257e-03,-2.7248148598e+03,2.3164874044e-05,447024,48,48,48,-3.5033549263e-04,9.9966147885e-01,5.7907973394e-01,5.2403695562e-02,-2.8949514575e+00,-1.3461760077e+00,-7.7101600475e-02,-1.4232776082e+00,1.1307681632e-05,2.7779022209e-02,5.2415003244e-02,1.0584099772e-05,3.2617646498e-04,0,0,0,2.3958248488e-04,3.1921888688e+00,3.1924284512e+00,9.3176175816e-08,2.8572417675e-05,2.8665593851e-05,4.7495061735e-04,2.3958248488e+00
86,8.6000000000e-03,1.0000000000e-04,-9.1301826733e-02,1.3243449924e-01,1.4236342207e+00,2.6202602285e-01,-2.0953712729e-01,2.0953712729e-01,1.3468567817e+00,3.3666082357e-01,1.1823530056e-01,1.1846678529e-01,1.9245006278e-01,1.2776917304e-01,0.0000000000e+00,0.0000000000e+00,0.0000000000e+00,0.0000000000e+00,2.1874318523e-05,3.1728986413e-05,3.4107782416e-04,6.2776845659e-05,2.1874318523e-05,2.3970489771e-05,3.4703222290e-04,3.1949393529e-05,-1.0513866010e+01,1.0513871782e+01,2.7317754791e+03,1.3986607259e+02,-1.0514950382e+01,1.0514950382e+01,2.7317931629e+03,1.3987066617e+02,1.0843717455e-03,2.9053636338e-03,3.7741698395e-01,2.7232010371e-02,0.0000000000e+00,0.0000000000e+00,0.0000000000e+00,0.0000000000e+00,4.9935671524e-07,4.9935698937e-07,1.2974584502e-04,6.6429477524e-06,5.0780913930e-07,5.1857892350e-07,1.2884492465e-04,6.6376169025e-06,1.0000000000e+00,4.1921888688e+00,2.0679115636e+00,4.1921888688e+00,1.0000000000e+00,1.0000285724e+00,1.0000095586e+00,1.0000285724e+00,1.9188745531e+03,2.0282729389e+03,1.9611164501e+00,nan,3.8039953300e-01,4.0208677398e-01,3.8877360719e-04,nan,3.7127654481e-01,2.1634056227e-02,2.0775408135e-01,4.1920690912e+00,1.0174575957e+00,9.9305626804e-01,-3.4969435197e-03,-1.3107081928e-04,-1.2370543855e-01,5.4807170540e-01,3.1094470014e-01,493577,53,53,41,1.2884492465e-04,5.0363489302e-01,4.9367381241e-01,2.7827925018e-02,-3.5534928071e+00,-2.7266250656e+03,-7.1305840884e-03,-2.7266321962e+03,2.7405284205e-05,447024,48,48,48,-3.4703222290e-04,9.9966882509e-01,5.7872939845e-01,5.2415003244e-02,-2.8947237675e+00,-1.3468567817e+00,-7.6777438998e-02,-1.4236342207e+00,2.3538285796e-05,2.7805783601e-02,5.2438541530e-02,9.1370858048e-06,3.2607175957e-04,0,0,0,2.3958248488e-04,3.1921888688e+00,3.1924284512e+00,9.3176175816e-08,2.8572417675e-05,2.8665593851e-05,4.7495061735e-04,2.3958248488e+00
87,8.7000000000e-03,1.0000000000e-04,-9.1300712194e-02,1.3244270601e-01,1.4240611051e+00,2.6207591726e-01,-2.0955312966e-01,2.0955312966e-01,1.3476049998e+00,3.3669929623e-01,1.1825241747e-01,1.1848252062e-01,1.9245008194e-01,1.2778063204e-01,0.0000000000e+00,0.0000000000e+00,0.0000000000e+00,0.0000000000e+00,2.1874051499e-05,3.1730952611e-05,3.4118009819e-04,6.2788799484e-05,2.1874051499e-05,2.3956591319e-05,3.4377148926e-04,3.1873353677e-05,-1.0521708041e+01,1.0521713826e+01,2.7338173150e+03,1.3997204118e+02,-1.0522792077e+01,1.0522792077e+01,2.7338347474e+03,1.3997662978e+02,1.0840356461e-03,2.9054200684e-03,3.7742036910e-01,2.7232197619e-02,0.0000000000e+00,0.0000000000e+00,0.0000000000e+00,0.0000000000e+00,4.9972917297e-07,4.9972944775e-07,1.2984282215e-04,6.6479807372e-06,5.0819042969e-07,5.1897511370e-07,1.2894216854e-04,6.6426433107e-06,1.0000000000e+00,4.1921888688e+00,2.0679115636e+00,4.1921888688e+00,1.0000000000e+00,1.0000285724e+00,1.0000095586e+00,1.0000285724e+00,1.9197331527e+03,2.0286617724e+03,1.9611338447e+00,nan,3.8056974260e-01,4.0216385671e-01,3.8877705551e-04,nan,3.7508104240e-01,2.1663145094e-02,2.0840741700e-01,4.1920690912e+00,1.0075953758e+00,9.9306350866e-01,1.5162171946e-02,1.9130685120e-02,-1.1828989037e-01,5.4810377597e-01,3.1085740103e-01,512011,55,53,43,1.2894216854e-04,5.0376373794e-01,4.9359162881e-01,2.7855330303e-02,-3.5524802892e+00,-2.7286232746e+03,-7.3833115346e-03,-2.7286306579e+03,3.1145809461e-05,447024,48,48,48,-3.4377148926e-04,9.9967617682e-01,5.7838236622e-01,5.2438541530e-02,-2.8942499523e+00,-1.3476049998e+00,-7.6456105359e-02,-1.4240611051e+00,3.5755757972e-05,2.7836523204e-02,5.2474297288e-02,7.8368957365e-06,3.2596477848e-04,0,0,0,2.3958248488e-04,3.1921888688e+00,3.1924284512e+00,9.3176175816e-08,2.8572417675e-05,2.8665593851e-05,4.7495061735e-04,2.3958248488e+00
88,8.8000000000e-03,1.0000000000e-04,-9.1304345851e-02,1.3245583723e-01,1.4245581767e+00,2.6213703763e-01,-2.0957386752e-01,2.0957386752e-01,1.3484206091e+00,3.3674838237e-01,1.1826952167e-01,1.1849826806e-01,1.9245008957e-01,1.2779209679e-01,0.0000000000e+00,0.0000000000e+00,0.0000000000e+00,0.0000000000e+00,2.1874922060e-05,3.1734098620e-05,3.4129918784e-04,6.2803442855e-05,2.1874922060e-05,2.3943491892e-05,3.4055115876e-04,3.1798771042e-05,-1.0530189526e+01,1.0530195325e+01,2.7360211595e+03,1.4008648820e+02,-1.0531273225e+01,1.0531273225e+01,2.7360383402e+03,1.4009107165e+02,1.0836992177e-03,2.9054762128e-03,3.7742371223e-01,2.7232385160e-02,0.0000000000e+00,0.0000000000e+00,0.0000000000e+00,0.0000000000e+00,5.0013200161e-07,5.0013227703e-07,1.2994749388e-04,6.6534164052e-06,5.0860156522e-07,5.1940231629e-07,1.2904681804e-04,6.6480723386e-06,1.0000000000e+00,4.1921888688e+00,2.0679115636e+00,4.1921888688e+00,1.0000000000e+00,1.0000285724e+00,1.0000095586e+00,1.0000285724e+00,1.9206103367e+03,2.0290689134e+03,1.9611511383e+00,nan,3.8074363640e-01,4.0224456874e-01,3.8878048381e-04,nan,3.7893518996e-01,2.1692839066e-02,2.0906695827e-01,4.1920690912e+00,9.9780828929e-01,9.9306892486e-01,3.3799957170e-02,3.8393265003e-02,-1.1223980361e-01,5.4813817814e-01,3.1076999165e-01,400457,43,43,41,1.2904681804e-04,5.0389268011e-01,4.9350978139e-01,2.7886476112e-02,-3.5513307476e+00,-2.7307798954e+03,-7.6362267779e-03,-2.7307875316e+03,3.4367464758e-05,447024,48,48,48,-3.4055115876e-04,9.9968353433e-01,5.7803859473e-01,5.2474297288e-02,-2.8935305892e+00,-1.3484206091e+00,-7.6137567614e-02,-1.4245581767e+00,4.7906010757e-05,2.7871257954e-02,5.2522203299e-02,6.6746881321e-06,3.2585554812e-04,0,0,0,2.3958248488e-04,3.1921888688e+00,3.1924284512e+00,9.3176175816e-08,2.8572417675e-05,2.8665593851e-05,4.7495061735e-04,2.3958248488e+00
89,8.9000000000e-03,1.0000000000e-04,-9.1312465215e-02,1.3247355642e-01,1.4251248998e+00,2.6220823856e-01,-2.0959907799e-01,2.0959907799e-01,1.3493031042e+00,3.3680712251e-01,1.1828661277e-01,1.1851401041e-01,1.9245008645e-01,1.2780356705e-01,0.0000000000e+00,0.0000000000e+00,0.0000000000e+00,0.0000000000e+00,2.1876867317e-05,3.1738343828e-05,3.4143496476e-04,6.2820501350e-05,2.1876867317e-05,2.3931215206e-05,3.3736930752e-04,3.1725635348e-05,-1.0539226496e+01,1.0539232308e+01,2.7383641898e+03,1.4020827512e+02,-1.0540309858e+01,1.0540309858e+01,2.7383811186e+03,1.4021285328e+02,1.0833624355e-03,2.9055320650e-03,3.7742701353e-01,2.7232573004e-02,0.0000000000e+00,0.0000000000e+00,0.0000000000e+00,0.0000000000e+00,5.0056121307e-07,5.0056148913e-07,1.3005877625e-04,6.6592006826e-06,5.0904169368e-07,5.1985725031e-07,1.2915774742e-04,6.6538499214e-06,1.0000000000e+00,4.1921888688e+00,2.0679115636e+00,4.1921888688e+00,1.0000000000e+00,1.0000285724e+00,1.0000095586e+00,1.0000285724e+00,1.9214906639e+03,2.0294781136e+03,1.9611683241e+00,nan,3.8091815330e-01,4.0232568897e-01,3.8878389074e-04,nan,3.8283787097e-01,2.1722977535e-02,2.0973102188e-01,4.1920690912e+00,9.8809244026e-01,9.9307214128e-01,5.2266753148e-02,5.7515976186e-02,-1.0568729521e-01,5.4817497244e-01,3.1068182393e-01,493577,53,53,41,1.2915774742e-04,5.0402172693e-01,4.9342828887e-01,2.7920843577e-02,-3.5500637463e+00,-2.7330714212e+03,-7.8893442364e-03,-2.7330793105e+03,3.7057873981e-05,447024,48,48,48,-3.3736930752e-04,9.9969089794e-01,5.7769804357e-01,5.2522203299e-02,-2.8925675030e+00,-1.3493031042e+00,-7.5821795577e-02,-1.4251248998e+00,5.9933816856e-05,2.7909487789e-02,5.2582137115e-02,5.6417100984e-06,3.2574417850e-04,0,0,0,2.3958248488e-04,3.1921888688e+00,3.1924284512e+00,9.3176175816e-08,2.8572417675e-05,2.8665593851e-05,4.7495061735e-04,2.3958248488e+00
90,9.0000000000e-03,1.0000000000e-04,-9.1324803305e-02,1.3249551248e-01,1.4257602853e+00,2.6228838497e-01,-2.0962849378e-01,2.0962849378e-01,1.3502515247e+00,3.3687456434e-01,1.1830369048e-01,1.1852974750e-01,1.9245007192e-01,1.2781504266e-01,0.0000000000e+00,0.0000000000e+00,0.0000000000e+00,0.0000000000e+00,2.1879823307e-05,3.1743604116e-05,3.4158719200e-04,6.2839703026e-05,2.1879823307e-05,2.3919737147e-05,3.3422421911e-04,3.1653940461e-05,-1.0548732400e+01,1.0548738225e+01,2.7408229433e+03,1.4033622789e+02,-1.0549815425e+01,1.0549815425e+01,2.7408396200e+03,1.4034080061e+02,1.0830252902e-03,2.9055876350e-03,3.7743027314e-01,2.7232761158e-02,0.0000000000e+00,0.0000000000e+00,0.0000000000e+00,0.0000000000e+00,5.0101269657e-07,5.0101297324e-07,1.3017555490e-04,6.6652778071e-06,5.0951049126e-07,5.2033743395e-07,1.2927379923e-04,6.6599203325e-06,1.0000000000e+00,4.1921888688e+00,2.0679115636e+00,4.1921888688e+00,1.0000000000e+00,1.0000285724e+00,1.0000095586e+00,1.0000285724e+00,1.9223588787e+03,2.0298733754e+03,1.9611854097e+00,nan,3.8109026903e-01,4.0240404605e-01,3.8878727781e-04,nan,3.8678764684e-01,2.1753476251e-02,2.1039782837e-01,4.1920690912e+00,9.7844482153e-01,9.9307277263e-01,7.0425697739e-02,7.6356074725e-02,-9.8763322077e-02,5.4821417247e-01,3.1059446895e-01,401417,43,53,41,1.2927379923e-04,5.0415088468e-01,4.9334716752e-01,2.7957901451e-02,-3.5486992556e+00,-2.7354738880e+03,-8.1426761187e-03,-2.7354820307e+03,3.9211454151e-05,447024,48,48,48,-3.3422421911e-04,9.9969826798e-01,5.7736067427e-01,5.2582137115e-02,-2.8913637814e+00,-1.3502515247e+00,-7.5508760627e-02,-1.4257602853e+00,7.1782910468e-05,2.7950688775e-02,5.2653920026e-02,4.7294456197e-06,3.2563074270e-04,0,0,0,2.3958248488e-04,3.1921888688e+00,3.1924284512e+00,9.3176175816e-08,2.8572417675e-05,2.8665593851e-05,4.7495061735e-04,2.3958248488e+00
91,9.1000000000e-03,1.0000000000e-04,-9.1341090762e-02,1.3252135515e-01,1.4264628918e+00,2.6237636041e-01,-2.0966184532e-01,2.0966184532e-01,1.3512644562e+00,3.3694976938e-01,1.1832075456e-01,1.1854547922e-01,1.9245007137e-01,1.2782652351e-01,0.0000000000e+00,0.0000000000e+00,0.0000000000e+00,0.0000000000e+00,2.1883725497e-05,3.1749795566e-05,3.4175552420e-04,6.2860780401e-05,2.1883725497e-05,2.3909034967e-05,3.3111438213e-04,3.1583683593e-05,-1.0558619191e+01,1.0558625029e+01,2.7433736278e+03,1.4046915194e+02,-1.0559701879e+01,1.0559701879e+01,2.7433900522e+03,1.4047371908e+02,1.0826877904e-03,2.9056429475e-03,3.7743349117e-01,2.7232949627e-02,0.0000000000e+00,0.0000000000e+00,0.0000000000e+00,0.0000000000e+00,5.0148227031e-07,5.0148254758e-07,1.3029669981e-04,6.6715910433e-06,5.1000697207e-07,5.2082867621e-07,1.2939371871e-04,6.6662267987e-06,1.0000000000e+00,4.1921888688e+00,2.0679115636e+00,4.1921888688e+00,1.0000000000e+00,1.0000285724e+00,1.0000095586e+00,1.0000285724e+00,1.9232001362e+03,2.0302391878e+03,1.9612021366e+00,nan,3.8125704073e-01,4.0247656505e-01,3.8879059376e-04,nan,3.9078253827e-01,2.1783759861e-02,2.1106552626e-01,4.1920690912e+00,9.6886329169e-01,9.9306980832e-01,8.8104448173e-02,9.4726975837e-02,-9.1589205906e-02,5.4825583483e-01,3.1050639172e-01,492617,53,43,41,1.2939371871e-04,5.0428015848e-01,4.9326643124e-01,2.7997112905e-02,-3.5472573804e+00,-2.7379632109e+03,-8.3962323619e-03,-2.7379716072e+03,4.0829401804e-05,447024,48,48,48,-3.3111438213e-04,9.9970564462e-01,5.7702645005e-01,5.2653920026e-02,-2.8899237849e+00,-1.3512644562e+00,-7.5198435533e-02,-1.4264628918e+00,8.3396234857e-05,2.7994318488e-02,5.2737316261e-02,3.9297617122e-06,3.2551529334e-04,0,0,0,2.3958248488e-04,3.1921888688e+00,3.1924284512e+00,9.3176175816e-08,2.8572417675e-05,2.8665593851e-05,4.7495061735e-04,2.3958248488e+00
92,9.2000000000e-03,1.0000000000e-04,-9.1361057770e-02,1.3255074695e-01,1.4272308307e+00,2.6247107468e-01,-2.0969886264e-01,2.0969886264e-01,1.3523400364e+00,3.3703181910e-01,1.1833780487e-01,1.1856120554e-01,1.9245008613e-01,1.2783800953e-01,0.0000000000e+00,0.0000000000e+00,0.0000000000e+00,0.0000000000e+00,2.1888509242e-05,3.1756837327e-05,3.4193950891e-04,6.2883472282e-05,2.1888509242e-05,2.3899094800e-05,3.2803848682e-04,3.1514864420e-05,-1.0568798435e+01,1.0568804285e+01,2.7459924341e+03,1.4060584759e+02,-1.0569880784e+01,1.0569880784e+01,2.7460086059e+03,1.4061040901e+02,1.0823499610e-03,2.9056980394e-03,3.7743666768e-01,2.7233138415e-02,0.0000000000e+00,0.0000000000e+00,0.0000000000e+00,0.0000000000e+00,5.0196573411e-07,5.0196601198e-07,1.3042108018e-04,6.6780834117e-06,5.1052168884e-07,5.2134036862e-07,1.2951657527e-04,6.6727124049e-06,1.0000000000e+00,4.1921888688e+00,2.0679115636e+00,4.1921888688e+00,1.0000000000e+00,1.0000285724e+00,1.0000095586e+00,1.0000285724e+00,1.9240002213e+03,2.0305607554e+03,1.9612184919e+00,nan,3.8141565037e-01,4.0254031292e-01,3.8879383605e-04,nan,3.9482128005e-01,2.1814230747e-02,2.1173222629e-01,4.1920690912e+00,9.5934654601e-01,9.9306473380e-01,1.0504918398e-01,1.1234487615e-01,-8.4279894953e-02,5.4829981961e-01,3.1041865182e-01,492617,53,43,41,1.2951657527e-04,5.0440955219e-01,4.9318609147e-01,2.8037942307e-02,-3.5457580931e+00,-2.7405155103e+03,-8.6500204415e-03,-2.7405241603e+03,4.1919497584e-05,447024,48,48,48,-3.2803848682e-04,9.9971302797e-01,5.7669533567e-01,5.2737316261e-02,-2.8882531465e+00,-1.3523400364e+00,-7.4890794271e-02,-1.4272308307e+00,9.4716320142e-05,2.8020711339e-02,5.2832032581e-02,3.2350153245e-06,3.2539801884e-04,0,0,0,2.3958248488e-04,3.1921888688e+00,3.1924284512e+00,9.3176175816e-08,2.8572417675e-05,2.8665593851e-05,4.7495061735e-04,2.3958248488e+00
93,9.3000000000e-03,1.0000000000e-04,-9.1384435795e-02,1.3258335441e-01,1.4280617763e+00,2.6257147079e-01,-2.0973927713e-01,2.0973927713e-01,1.3534759645e+00,3.3711982043e-01,1.1835484133e-01,1.1857692645e-01,1.9245008957e-01,1.2784950070e-01,0.0000000000e+00,0.0000000000e+00,0.0000000000e+00,0.0000000000e+00,2.1894110207e-05,3.1764649503e-05,3.4213858894e-04,6.2907525432e-05,2.1894110207e-05,2.3889913086e-05,3.2499542034e-04,3.1447484169e-05,-1.0579182413e+01,1.0579188275e+01,2.7486558423e+03,1.4074512528e+02,-1.0580264425e+01,1.0580264425e+01,2.7486717613e+03,1.4074968087e+02,1.0820118093e-03,2.9057529269e-03,3.7743980270e-01,2.7233327522e-02,0.0000000000e+00,0.0000000000e+00,0.0000000000e+00,0.0000000000e+00,5.0245892181e-07,5.0245920025e-07,1.3054757892e-04,6.6846984142e-06,5.1104000825e-07,5.2187230286e-07,1.2964146649e-04,6.6793207239e-06,1.0000000000e+00,4.1921888688e+00,2.0679115636e+00,4.1921888688e+00,1.0000000000e+00,1.0000285724e+00,1.0000095586e+00,1.0000285724e+00,1.9247457553e+03,2.0308242137e+03,1.9612347469e+00,nan,3.8156344575e-01,4.0259254114e-01,3.8879705845e-04,nan,3.9890244101e-01,2.1844880765e-02,2.1239602787e-01,4.1920690912e+00,9.4989408048e-01,9.9305914030e-01,1.2095720555e-01,1.2887061481e-01,-7.6937202900e-02,5.4834604476e-01,3.1033292086e-01,400457,43,43,41,1.2964146649e-04,5.0453906877e-01,4.9310615725e-01,2.8079861804e-02,-3.5442209811e+00,-2.7431074188e+03,-8.9040460062e-03,-2.7431163229e+03,4.2495753717e-05,447024,48,48,48,-3.2499542034e-04,9.9972041823e-01,5.7636729718e-01,5.2832032581e-02,-2.8863587610e+00,-1.3534759645e+00,-7.4585811843e-02,-1.4280617763e+00,1.0568577366e-04,2.8041752323e-02,5.2937718355e-02,2.6381450164e-06,3.2527895588e-04,0,0,0,2.3958248488e-04,3.1921888688e+00,3.1924284512e+00,9.3176175816e-08,2.8572417675e-05,2.8665593851e-05,4.7495061735e-04,2.3958248488e+00
94,9.4000000000e-03,1.0000000000e-04,-9.1410959147e-02,1.3261885593e-01,1.4289529815e+00,2.6267653122e-01,-2.0978282306e-01,2.0978282306e-01,1.3546695174e+00,3.3721291071e-01,1.1837186392e-01,1.1859264201e-01,1.9245008186e-01,1.2786099705e-01,0.0000000000e+00,0.0000000000e+00,0.0000000000e+00,0.0000000000e+00,2.1900464738e-05,3.1773155046e-05,3.4235210610e-04,6.2932696071e-05,2.1900464738e-05,2.3881480108e-05,3.2198426072e-04,3.1381544683e-05,-1.0589685196e+01,1.0589691070e+01,2.7513409160e+03,1.4088582041e+02,-1.0590766869e+01,1.0590766869e+01,2.7513565820e+03,1.4089037005e+02,1.0816733053e-03,2.9058075850e-03,3.7744289625e-01,2.7233516950e-02,0.0000000000e+00,0.0000000000e+00,0.0000000000e+00,0.0000000000e+00,5.0295775213e-07,5.0295803113e-07,1.3067510666e-04,6.6913807381e-06,5.1156017983e-07,5.2241122137e-07,1.2976706536e-04,6.6859964864e-06,1.0000000000e+00,4.1921888688e+00,2.0679115636e+00,4.1921888688e+00,1.0000000000e+00,1.0000285724e+00,1.0000095586e+00,1.0000285724e+00,1.9254243853e+03,2.0310168248e+03,1.9612509000e+00,nan,3.8169797800e-01,4.0263072456e-01,3.8880026066e-04,nan,4.0302300824e-01,2.1875160962e-02,2.1305504729e-01,4.1920690912e+00,9.4050614844e-01,9.9305115316e-01,1.3542375173e-01,1.4385152494e-01,-6.9646954380e-02,5.4839445579e-01,3.1024746308e-01,401417,43,53,41,1.2976706536e-04,5.0466871024e-01,4.9302663529e-01,2.8122357558e-02,-3.5426650117e+00,-2.7457163637e+03,-9.1583129346e-03,-2.7457255220e+03,4.2577934154e-05,447024,48,48,48,-3.2198426072e-04,9.9972781580e-01,5.7604230176e-01,5.2937718355e-02,-2.8842487612e+00,-1.3546695174e+00,-7.4283464106e-02,-1.4289529815e+00,1.1624786267e-04,2.8059433889e-02,5.3053966217e-02,2.1327299837e-06,3.2515818215e-04,0,0,0,2.3958248488e-04,3.1921888688e+00,3.1924284512e+00,9.3176175816e-08,2.8572417675e-05,2.8665593851e-05,4.7495061735e-04,2.3958248488e+00
95,9.5000000000e-03,1.0000000000e-04,-9.1440366356e-02,1.3265693253e-01,1.4299012986e+00,2.6278528347e-01,-2.0982923904e-01,2.0982923904e-01,1.3559175710e+00,3.3731026195e-01,1.1838887269e-01,1.1860837553e-01,1.9245006258e-01,1.2787249864e-01,0.0000000000e+00,0.0000000000e+00,0.0000000000e+00,0.0000000000e+00,2.1907510190e-05,3.1782277533e-05,3.4257930627e-04,6.2958751203e-05,2.1907510190e-05,2.3873753142e-05,3.1900426926e-04,3.1317047504e-05,-1.0600223662e+01,1.0600229548e+01,2.7540255776e+03,1.4102680746e+02,-1.0601304996e+01,1.0601304996e+01,2.7540409902e+03,1.4103135106e+02,1.0813344313e-03,2.9058619976e-03,3.7744594827e-01,2.7233706699e-02,0.0000000000e+00,0.0000000000e+00,0.0000000000e+00,0.0000000000e+00,5.0345827722e-07,5.0345855679e-07,1.3080261483e-04,6.6980769267e-06,5.1209144842e-07,5.2294074636e-07,1.2989236296e-04,6.6926861593e-06,1.0000000000e+00,4.1921888688e+00,2.0679115636e+00,4.1921888688e+00,1.0000000000e+00,1.0000285724e+00,1.0000095586e+00,1.0000285724e+00,1.9260249503e+03,2.0311271489e+03,1.9612669552e+00,nan,3.8181703459e-01,4.0265259531e-01,3.8880344346e-04,nan,4.0718064137e-01,2.1904421280e-02,2.1370744348e-01,4.1920690912e+00,9.3118370965e-01,9.9304102693e-01,1.4801207313e-01,1.5680963927e-01,-6.2481448056e-02,5.4844500680e-01,3.1016014775e-01,493577,53,53,41,1.2989236296e-04,5.0479847730e-01,4.9294753003e-01,2.8164935492e-02,-3.5411083214e+00,-2.7483208173e+03,-9.4128225012e-03,-2.7483302302e+03,4.2190979847e-05,447024,48,48,48,-3.1900426926e-04,9.9973522048e-01,5.7572031750e-01,5.3053966217e-02,-2.8819324790e+00,-1.3559175710e+00,-7.3983727600e-02,-1.4299012986e+00,1.2634716738e-04,2.8073400490e-02,5.3180313385e-02,1.7130163342e-06,3.0251897570e-04,0,0,0,2.3958248488e-04,3.1921888688e+00,3.1924284512e+00,9.3176175816e-08,2.8572417675e-05,2.8665593851e-05,4.7495061735e-04,2.3958248488e+00
96,9.6000000000e-03,1.0000000000e-04,-9.1472401401e-02,1.3269727569e-01,1.4309032064e+00,2.6289680482e-01,-2.0987826914e-01,2.0987826914e-01,1.3572166270e+00,3.3741108465e-01,1.1840586774e-01,1.1862411091e-01,1.9245007829e-01,1.2788400557e-01,0.0000000000e+00,0.0000000000e+00,0.0000000000e+00,0.0000000000e+00,2.1915185226e-05,3.1791943048e-05,3.4281934581e-04,6.2985469765e-05,2.1915185226e-05,2.3866751749e-05,3.1605488145e-04,3.1253992998e-05,-1.0610718449e+01,1.0610724347e+01,2.7566888608e+03,1.4116701308e+02,-1.0611799444e+01,1.0611799444e+01,2.7567040199e+03,1.4117155056e+02,1.0809952243e-03,2.9059162000e-03,3.7744895870e-01,2.7233896766e-02,0.0000000000e+00,0.0000000000e+00,0.0000000000e+00,0.0000000000e+00,5.0395672777e-07,5.0395700791e-07,1.3092910763e-04,6.7047360012e-06,5.1262203031e-07,5.2346926441e-07,1.3001650274e-04,6.6993388464e-06,1.0000000000e+00,4.1921888688e+00,2.0679115636e+00,4.1921888688e+00,1.0000000000e+00,1.0000285724e+00,1.0000095586e+00,1.0000285724e+00,1.9265376222e+03,2.0311451871e+03,1.9612824377e+00,nan,3.8191866716e-01,4.0265617123e-01,3.8880651274e-04,nan,4.1137318348e-01,2.1932991549e-02,2.1435145413e-01,4.1920690912e+00,9.2192837222e-01,9.9302977840e-01,1.5814837638e-01,1.6713153740e-01,-5.5503491108e-02,5.4849751276e-01,3.1007350902e-01,401417,43,53,41,1.3001650274e-04,5.0492836966e-01,4.9286884375e-01,2.8207126472e-02,-3.5395680309e+00,-2.7509005141e+03,-9.6675740013e-03,-2.7509101817e+03,4.1364373377e-05,447024,48,48,48,-3.1605488145e-04,9.9974263201e-01,5.7540131323e-01,5.3180313385e-02,-2.8794203915e+00,-1.3572166270e+00,-7.3686579380e-02,-1.4309032064e+00,1.3593028396e-04,2.8084601345e-02,5.3316243669e-02,1.3739171960e-06,3.0239612371e-04,0,0,0,2.3958248488e-04,3.1921888688e+00,3.1924284512e+00,9.3176175816e-08,2.8572417675e-05,2.8665593851e-05,4.7495061735e-04,2.3958248488e+00
97,9.7000000000e-03,1.0000000000e-04,-9.1506814766e-02,1.3273959223e-01,1.4319548422e+00,2.6301022645e-01,-2.0992966400e-01,2.0992966400e-01,1.3585628453e+00,3.3751463086e-01,1.1842284924e-01,1.1863984121e-01,1.9245008876e-01,1.2789551795e-01,0.0000000000e+00,0.0000000000e+00,0.0000000000e+00,0.0000000000e+00,2.1923430065e-05,3.1802081349e-05,3.4307129933e-04,6.3012643601e-05,2.1923430065e-05,2.3860407183e-05,3.1313569634e-04,3.1192379531e-05,-1.0621094817e+01,1.0621100728e+01,2.7593111359e+03,1.4130542797e+02,-1.0622175473e+01,1.0622175473e+01,2.7593260410e+03,1.4130995927e+02,1.0806556933e-03,2.9059701964e-03,3.7745192745e-01,2.7234087147e-02,0.0000000000e+00,0.0000000000e+00,0.0000000000e+00,0.0000000000e+00,5.0444955403e-07,5.0444983476e-07,1.3105365274e-04,6.7113100250e-06,5.1314601674e-07,5.2399576500e-07,1.3013848625e-04,6.7059066502e-06,1.0000000000e+00,4.1921888688e+00,2.0679115636e+00,4.1921888688e+00,1.0000000000e+00,1.0000285724e+00,1.0000095586e+00,1.0000285724e+00,1.9269540174e+03,2.0310624941e+03,1.9612977572e+00,nan,3.8200121373e-01,4.0263977807e-01,3.8880954967e-04,nan,4.1559773532e-01,2.1960889476e-02,2.1498541474e-01,4.1920690912e+00,9.1274232776e-01,9.9301685626e-01,1.6526088088e-01,1.7422916475e-01,-4.8762406998e-02,5.4855170268e-01,3.0998786558e-01,493577,53,53,41,1.3013848625e-04,5.0505838617e-01,4.9279057671e-01,2.8248490845e-02,-3.5380600880e+00,-2.7534366319e+03,-9.9225650501e-03,-2.7534465545e+03,4.0131473693e-05,447024,48,48,48,-3.1313569634e-04,9.9975004996e-01,5.7508525835e-01,5.3316243669e-02,-2.8767240508e+00,-1.3585628453e+00,-7.3391996864e-02,-1.4319548422e+00,1.4494655433e-04,2.8093273059e-02,5.3461190223e-02,1.1109799966e-06,3.0227181696e-04,0,0,0,2.3958248488e-04,3.1921888688e+00,3.1924284512e+00,9.3176175816e-08,2.8572417675e-05,2.8665593851e-05,4.7495061735e-04,2.3958248488e+00
98,9.8000000000e-03,1.0000000000e-04,-9.1543364356e-02,1.3278360540e-01,1.4330520397e+00,2.6312473673e-01,-2.0998318175e-01,2.0998318175e-01,1.3599520820e+00,3.3762019684e-01,1.1843981739e-01,1.1865556664e-01,1.9245008782e-01,1.2790703596e-01,0.0000000000e+00,0.0000000000e+00,0.0000000000e+00,0.0000000000e+00,2.1932186707e-05,3.1812626133e-05,3.4333416863e-04,6.3040078259e-05,2.1932186707e-05,2.3854704349e-05,3.1024646453e-04,3.1132202744e-05,-1.0631283415e+01,1.0631289337e+01,2.7618743042e+03,1.4144111734e+02,-1.0632363730e+01,1.0632363730e+01,2.7618889552e+03,1.4144564242e+02,1.0803158407e-03,2.9060239811e-03,3.7745485438e-01,2.7234277837e-02,0.0000000000e+00,0.0000000000e+00,0.0000000000e+00,0.0000000000e+00,5.0493346210e-07,5.0493374338e-07,1.3117539058e-04,6.7177546001e-06,5.1366846526e-07,5.2450657563e-07,1.3025755105e-04,6.7123451779e-06,1.0000000000e+00,4.1921888688e+00,2.0679115636e+00,4.1921888688e+00,1.0000000000e+00,1.0000285724e+00,1.0000095586e+00,1.0000285724e+00,1.9272672783e+03,2.0308722578e+03,1.9613129755e+00,nan,3.8206331488e-01,4.0260206545e-01,3.8881256657e-04,nan,4.1985184665e-01,2.1987552978e-02,2.1560778186e-01,4.1920690912e+00,9.0362828077e-01,9.9300295942e-01,1.6887865318e-01,1.7764992341e-01,-4.2295529638e-02,5.4860742906e-01,3.0990236266e-01,382027,41,43,43,1.3025755105e-04,5.0518852465e-01,4.9271272730e-01,2.8288622319e-02,-3.5365991382e+00,-2.7559119388e+03,-1.0177791304e-02,-2.7559221166e+03,3.8528846306e-05,447024,48,48,48,-3.1024646453e-04,9.9975747426e-01,5.7477212265e-01,5.3461190223e-02,-2.8738559990e+00,-1.3599520820e+00,-7.3099957684e-02,-1.4330520397e+00,1.5334880165e-04,2.8100803959e-02,5.3614539025e-02,9.2032948675e-07,3.0214603209e-04,0,0,0,2.3958248488e-04,3.1921888688e+00,3.1924284512e+00,9.3176175816e-08,2.8572417675e-05,2.8665593851e-05,4.7495061735e-04,2.3958248488e+00
99,9.9000000000e-03,1.0000000000e-04,-9.1581816276e-02,1.3282904648e-01,1.4341903706e+00,2.6323958383e-01,-2.1003858873e-01,2.1003858873e-01,1.3613799311e+00,3.3772712505e-01,1.1845677246e-01,1.1867128745e-01,1.9245007555e-01,1.2791855975e-01,0.0000000000e+00,0.0000000000e+00,0.0000000000e+00,0.0000000000e+00,2.1941399113e-05,3.1823513020e-05,3.4360689279e-04,6.3067593614e-05,2.1941399113e-05,2.3849641919e-05,3.0738707486e-04,3.1073454905e-05,-1.0641220928e+01,1.0641226862e+01,2.7643619621e+03,1.4157322983e+02,-1.0642300903e+01,1.0642300903e+01,2.7643763589e+03,1.4157774866e+02,1.0799757043e-03,2.9060775814e-03,3.7745773936e-01,2.7234468829e-02,0.0000000000e+00,0.0000000000e+00,0.0000000000e+00,0.0000000000e+00,5.0540544490e-07,5.0540572674e-07,1.3129354205e-04,6.7240292910e-06,5.1417660312e-07,5.2501125972e-07,1.3037305175e-04,6.7186140216e-06,1.0000000000e+00,4.1921888688e+00,2.0679115636e+00,4.1921888688e+00,1.0000000000e+00,1.0000285724e+00,1.0000095586e+00,1.0000285724e+00,1.9274721256e+03,2.0305693479e+03,1.9613280913e+00,nan,3.8210392401e-01,4.0254201630e-01,3.8881556315e-04,nan,4.2413316113e-01,2.2013381228e-02,2.1621715520e-01,4.1920690912e+00,8.9458937323e-01,9.9298906643e-01,1.6967360774e-01,1.7828399196e-01,-3.6133227501e-02,5.4866438673e-01,3.0981865626e-01,401417,43,53,41,1.3037305175e-04,5.0531878220e-01,4.9263529215e-01,2.8327151165e-02,-3.5351984227e+00,-2.7583109052e+03,-1.0433246923e-02,-2.7583213385e+03,3.6595609473e-05,447024,48,48,48,-3.0738707486e-04,9.9976490450e-01,5.7446187619e-01,5.3614539025e-02,-2.8708296683e+00,-1.3613799311e+00,-7.2810439547e-02,-1.4341903706e+00,1.6109405003e-04,2.8104834746e-02,5.3775633075e-02,7.9858951151e-07,3.0201886707e-04,0,0,0,2.3958248488e-04,3.1921888688e+00,3.1924284512e+00,9.3176175816e-08,2.8572417675e-05,2.8665593851e-05,4.7495061735e-04,2.3958248488e+00
100,1.0000000000e-02,1.0000000000e-04,-9.1621945477e-02,1.3287566202e-01,1.4353651909e+00,2.6335407764e-01,-2.1009566020e-01,2.1009566020e-01,1.3628417708e+00,3.3783480565e-01,1.1847371473e-01,1.1868700389e-01,1.9245006626e-01,1.2793008951e-01,0.0000000000e+00,0.0000000000e+00,0.0000000000e+00,0.0000000000e+00,2.1951013367e-05,3.1834681288e-05,3.4388835915e-04,6.3095024326e-05,2.1951013367e-05,2.3845212532e-05,3.0455753998e-04,3.1016124387e-05,-1.0650850621e+01,1.0650856567e+01,2.7667595312e+03,1.4170100480e+02,-1.0651930256e+01,1.0651930256e+01,2.7667736734e+03,1.4170551736e+02,1.0796352861e-03,2.9061309861e-03,3.7746058221e-01,2.7234660117e-02,0.0000000000e+00,0.0000000000e+00,0.0000000000e+00,0.0000000000e+00,5.0586280776e-07,5.0586309016e-07,1.3140741474e-04,6.7300979707e-06,5.1466559054e-07,5.2550502695e-07,1.3048427861e-04,6.7246770274e-06,1.0000000000e+00,4.1921888688e+00,2.0679115636e+00,4.1921888688e+00,1.0000000000e+00,1.0000285724e+00,1.0000095586e+00,1.0000285724e+00,1.9275648795e+03,2.0301503320e+03,1.9613429579e+00,nan,3.8212231163e-01,4.0245895018e-01,3.8881851031e-04,nan,4.2843883826e-01,2.2038177527e-02,2.1681229233e-01,4.1920690912e+00,8.8562910571e-01,9.9297500729e-01,1.6752550120e-01,1.7612894675e-01,-3.0296372534e-02,5.4872235275e-01,3.0973614775e-01,493577,53,53,41,1.3048427861e-04,5.0544915526e-01,4.9255826637e-01,2.8363746775e-02,-3.5338697016e+00,-2.7606197859e+03,-1.0688924802e-02,-2.7606304749e+03,3.4372809314e-05,447024,48,48,48,-3.0455753998e-04,9.9977234019e-01,5.7415448911e-01,5.3775633075e-02,-2.8676592675e+00,-1.3628417708e+00,-7.2523420114e-02,-1.4353651909e+00,1.6814420924e-04,2.8112489336e-02,5.3943777284e-02,7.4278149812e-07,3.0189033236e-04,0,0,0,2.3958248488e-04,3.1921888688e+00,3.1924284512e+00,9.3176175816e-08,2.8572417675e-05,2.8665593851e-05,4.7495061735e-04,2.3958248488e+00
101,1.0100000000e-02,1.0000000000e-04,-9.1663536287e-02,1.3292321127e-01,1.4365716894e+00,2.6346759096e-01,-2.1015418081e-01,2.1015418081e-01,1.3643328125e+00,3.3794267757e-01,1.1849064452e-01,1.1870271625e-01,1.9245008372e-01,1.2794162546e-01,0.0000000000e+00,0.0000000000e+00,0.0000000000e+00,0.0000000000e+00,2.1960977797e-05,3.1846073254e-05,3.4417741506e-04,6.3122220129e-05,2.1960977797e-05,2.3841380687e-05,3.0175798109e-04,3.0960195258e-05,-1.0660122749e+01,1.0660128707e+01,2.7690543551e+03,1.4182377787e+02,-1.0661202044e+01,1.0661202044e+01,2.7690682424e+03,1.4182828419e+02,1.0792945817e-03,2.9061841756e-03,3.7746338275e-01,2.7234851691e-02,0.0000000000e+00,0.0000000000e+00,0.0000000000e+00,0.0000000000e+00,5.0630318807e-07,5.0630347104e-07,1.3151640754e-04,6.7359290856e-06,5.1513880755e-07,5.2597917835e-07,1.3059062147e-04,6.7305026836e-06,1.0000000000e+00,4.1921888688e+00,2.0679115636e+00,4.1921888688e+00,1.0000000000e+00,1.0000285724e+00,1.0000095586e+00,1.0000285724e+00,1.9275434533e+03,2.0296134616e+03,1.9613573320e+00,nan,3.8211806408e-01,4.0235252049e-01,3.8882135985e-04,nan,4.3276608955e-01,2.2061607307e-02,2.1739212649e-01,4.1920690912e+00,8.7675125643e-01,9.9296068002e-01,1.6133013421e-01,1.6999289697e-01,-2.4798785453e-02,5.4878113938e-01,3.0965422868e-01,401417,43,53,41,1.3059062147e-04,5.0557963954e-01,4.9248164363e-01,2.8398119584e-02,-3.5326232014e+00,-2.7628266729e+03,-1.0944816445e-02,-2.7628376177e+03,3.1902830047e-05,447024,48,48,48,-3.0175798109e-04,9.9977978071e-01,5.7384993157e-01,5.3943777284e-02,-2.8643596566e+00,-1.3643328125e+00,-7.2238876883e-02,-1.4365716894e+00,1.7446670597e-04,2.8123285580e-02,5.4118243990e-02,7.5021698489e-07,3.0176030211e-04,0,0,0,2.3958248488e-04,3.1921888688e+00,3.1924284512e+00,9.3176175816e-08,2.8572417675e-05,2.8665593851e-05,4.7495061735e-04,2.3958248488e+00
102,1.0200000000e-02,1.0000000000e-04,-9.1706382832e-02,1.3297146627e-01,1.4378049392e+00,2.6357956010e-01,-2.1021394504e-01,2.1021394504e-01,1.3658481521e+00,3.3805022894e-01,1.1850756221e-01,1.1871842529e-01,1.9245008973e-01,1.2795316781e-01,0.0000000000e+00,0.0000000000e+00,0.0000000000e+00,0.0000000000e+00,2.1971243078e-05,3.1857634306e-05,3.4447288011e-04,6.3149045973e-05,2.1971243078e-05,2.3838123132e-05,2.9898861197e-04,3.0905646995e-05,-1.0668994853e+01,1.0669000823e+01,2.7712357638e+03,1.4194098488e+02,-1.0670073806e+01,1.0670073806e+01,2.7712493961e+03,1.4194548497e+02,1.0789536111e-03,2.9062371529e-03,3.7746614079e-01,2.7235043541e-02,0.0000000000e+00,0.0000000000e+00,0.0000000000e+00,0.0000000000e+00,5.0672456917e-07,5.0672485272e-07,1.3162001369e-04,6.7414958395e-06,5.1559162311e-07,5.2643861208e-07,1.3069164004e-04,6.7360641891e-06,1.0000000000e+00,4.1921888688e+00,2.0679115636e+00,4.1921888688e+00,1.0000000000e+00,1.0000285724e+00,1.0000095586e+00,1.0000285724e+00,1.9274073195e+03,2.0289586305e+03,1.9613716020e+00,nan,3.8209107679e-01,4.0222270613e-01,3.8882418874e-04,nan,4.3711243440e-01,2.2083895161e-02,2.1795577327e-01,4.1920690912e+00,8.6795979956e-01,9.9294656168e-01,1.5079122175e-01,1.5957052316e-01,-1.9650443310e-02,5.4884048110e-01,3.0957537994e-01,400457,43,43,41,1.3069164004e-04,5.0571023016e-01,4.9240541642e-01,2.8430022414e-02,-3.5314675826e+00,-2.7649215232e+03,-1.1200912158e-02,-2.7649327241e+03,2.9228839622e-05,447024,48,48,48,-2.9898861197e-04,9.9978722558e-01,5.7354817359e-01,5.4118243990e-02,-2.8609462114e+00,-1.3658481521e+00,-7.1956787093e-02,-1.4378049392e+00,1.8003504526e-04,2.8132745596e-02,5.4298279035e-02,8.1837945426e-07,3.0162874882e-04,0,0,0,2.3958248488e-04,3.1921888688e+00,3.1924284512e+00,9.3176175816e-08,2.8572417675e-05,2.8665593851e-05,4.7495061735e-04,2.3958248488e+00
103,1.0300000000e-02,1.0000000000e-04,-9.1750289353e-02,1.3302022321e-01,1.4390599496e+00,2.6368948483e-01,-2.1027475751e-01,2.1027475751e-01,1.3673828219e+00,3.3815699729e-01,1.1852446816e-01,1.1873413532e-01,1.9245008497e-01,1.2796471679e-01,0.0000000000e+00,0.0000000000e+00,0.0000000000e+00,0.0000000000e+00,2.1981762312e-05,3.1869315616e-05,3.4477355861e-04,6.3175382013e-05,2.1981762312e-05,2.3835428804e-05,2.9624972265e-04,3.0852454329e-05,-1.0677431924e+01,1.0677437906e+01,2.7732951057e+03,1.4205216397e+02,-1.0678510536e+01,1.0678510536e+01,2.7733084827e+03,1.4205665787e+02,1.0786123856e-03,2.9062899107e-03,3.7746885612e-01,2.7235235659e-02,0.0000000000e+00,0.0000000000e+00,0.0000000000e+00,0.0000000000e+00,5.0712528840e-07,5.0712557252e-07,1.3171782225e-04,6.7467762972e-06,5.1601799803e-07,5.2687826197e-07,1.3078699744e-04,6.7413396473e-06,1.0000000000e+00,4.1921888688e+00,2.0679115636e+00,4.1921888688e+00,1.0000000000e+00,1.0000285724e+00,1.0000095586e+00,1.0000285724e+00,1.9271574520e+03,2.0281873066e+03,1.9613857597e+00,nan,3.8204154282e-01,4.0206979815e-01,3.8882699539e-04,nan,4.4147551015e-01,2.2104836725e-02,2.1850254036e-01,4.1920690912e+00,8.5925882439e-01,9.9293319006e-01,1.3629162858e-01,1.4535308297e-01,-1.4855394438e-02,5.4890010476e-01,3.0949723195e-01,492617,53,43,41,1.3078699744e-04,5.0584092180e-01,4.9232957620e-01,2.8459251254e-02,-3.5304099285e+00,-2.7668961642e+03,-1.1457201383e-02,-2.7669076214e+03,2.6394266678e-05,447024,48,48,48,-2.9624972265e-04,9.9979467435e-01,5.7324918498e-01,5.4298279035e-02,-2.8574346810e+00,-1.3673828219e+00,-7.1677127642e-02,-1.4390599496e+00,1.8482928737e-04,2.8143099815e-02,5.4483108322e-02,9.4480500814e-07,3.0149558113e-04,0,0,0,2.3958248488e-04,3.1921888688e+00,3.1924284512e+00,9.3176175816e-08,2.8572417675e-05,2.8665593851e-05,4.7495061735e-04,2.3958248488e+00
104,1.0400000000e-02,1.0000000000e-04,-9.1795070437e-02,1.3306928117e-01,1.4403317185e+00,2.6379692779e-01,-2.1033643322e-01,2.1033643322e-01,1.3689318435e+00,3.3826256914e-01,1.1854136278e-01,1.1874984218e-01,1.9245006897e-01,1.2797627263e-01,0.0000000000e+00,0.0000000000e+00,0.0000000000e+00,0.0000000000e+00,2.1992491075e-05,3.1881069043e-05,3.4507825218e-04,6.3201123465e-05,2.1992491075e-05,2.3833237625e-05,2.9354166293e-04,3.0800587208e-05,-1.0685406458e+01,1.0685412452e+01,2.7752257480e+03,1.4215695614e+02,-1.0686484729e+01,1.0686484729e+01,2.7752388696e+03,1.4216144391e+02,1.0782709006e-03,2.9063424247e-03,3.7747152854e-01,2.7235428034e-02,0.0000000000e+00,0.0000000000e+00,0.0000000000e+00,0.0000000000e+00,5.0750403940e-07,5.0750432409e-07,1.3180951823e-04,6.7517534078e-06,5.1641660792e-07,5.2729698405e-07,1.3087642140e-04,6.7463119925e-06,1.0000000000e+00,4.1921888688e+00,2.0679115636e+00,4.1921888688e+00,1.0000000000e+00,1.0000285724e+00,1.0000095586e+00,1.0000285724e+00,1.9267962458e+03,2.0273024422e+03,1.9613998091e+00,nan,3.8196993695e-01,4.0189438178e-01,3.8882978055e-04,nan,4.4585296715e-01,2.2124437827e-02,2.1903192777e-01,4.1920690912e+00,8.5065245657e-01,9.9292086911e-01,1.1553872002e-01,1.2443735772e-01,-1.0414471984e-02,5.4895977682e-01,3.0941952764e-01,401417,43,53,41,1.3087642140e-04,5.0597170879e-01,4.9225411355e-01,2.8485645521e-02,-3.5294557498e+00,-2.7687442790e+03,-1.1713672904e-02,-2.7687559927e+03,2.3442302892e-05,447024,48,48,48,-2.9354166293e-04,9.9980212697e-01,5.7295293526e-01,5.4483108322e-02,-2.8538410387e+00,-1.3689318435e+00,-7.1399875012e-02,-1.4403317185e+00,1.8883642838e-04,2.8154190739e-02,5.4671944751e-02,1.1269653080e-06,3.0136081573e-04,0,0,0,2.3958248488e-04,3.1921888688e+00,3.1924284512e+00,9.3176175816e-08,2.8572417675e-05,2.8665593851e-05,4.7495061735e-04,2.3958248488e+00
105,1.0500000000e-02,1.0000000000e-04,-9.1840551158e-02,1.3311845201e-01,1.4416152846e+00,2.6390151338e-01,-2.1039879766e-01,2.1039879766e-01,1.3704902793e+00,3.3836657937e-01,1.1855824650e-01,1.1876554620e-01,1.9245007441e-01,1.2798783557e-01,0.0000000000e+00,0.0000000000e+00,0.0000000000e+00,0.0000000000e+00,2.2003387459e-05,3.1892849517e-05,3.4538577212e-04,6.3226180339e-05,2.2003387459e-05,2.3831538711e-05,2.9086482607e-04,3.0750010893e-05,-1.0692898386e+01,1.0692904391e+01,2.7770230490e+03,1.4225510416e+02,-1.0693976315e+01,1.0693976315e+01,2.7770487401e+03,1.4225958588e+02,1.0779291524e-03,2.9063946702e-03,3.7747415783e-01,2.7235620655e-02,0.0000000000e+00,0.0000000000e+00,0.0000000000e+00,0.0000000000e+00,5.0785986895e-07,5.0786015419e-07,1.3189488115e-04,6.7564149544e-06,5.1678937361e-07,5.2769033432e-07,1.3095955807e-04,6.7509689930e-06,1.0000000000e+00,4.1921888688e+00,2.0679115636e+00,4.1921888688e+00,1.0000000000e+00,1.0000285724e+00,1.0000095586e+00,1.0000285724e+00,1.9263274181e+03,2.0263177214e+03,1.9614134158e+00,nan,3.8187699610e-01,4.0169916979e-01,3.8883247795e-04,nan,4.5024198986e-01,2.2142520494e-02,2.1954362932e-01,4.1920690912e+00,8.4214478287e-01,9.9290857178e-01,8.6598200544e-02,9.3722612712e-02,-6.3254271547e-03,5.4901929789e-01,3.0934185996e-01,492617,53,43,41,1.3095955807e-04,5.0610258522e-01,4.9217901841e-01,2.8509087823e-02,-3.5286090069e+00,-2.7704613734e+03,-1.1970314970e-02,-2.7704733438e+03,2.0415423255e-05,447024,48,48,48,-2.9086482607e-04,9.9980958311e-01,5.7265939359e-01,5.4671944751e-02,-2.8501813308e+00,-1.3704902793e+00,-7.1125005222e-02,-1.4416152846e+00,1.9205067339e-04,2.8165862495e-02,5.4863995424e-02,1.3621624448e-06,3.0122449718e-04,0,0,0,2.3958248488e-04,3.1921888688e+00,3.1924284512e+00,9.3176175816e-08,2.8572417675e-05,2.8665593851e-05,4.7495061735e-04,2.3958248488e+00
106,1.0600000000e-02,1.0000000000e-04,-9.1886567138e-02,1.3316759603e-01,1.4429057763e+00,2.6400292612e-01,-2.1046168687e-01,2.1046168687e-01,1.3720532825e+00,3.3846871013e-01,1.1857511973e-01,1.1878124769e-01,1.9245008741e-01,1.2799940585e-01,0.0000000000e+00,0.0000000000e+00,0.0000000000e+00,0.0000000000e+00,2.2014412082e-05,3.1904623563e-05,3.4569495134e-04,6.3250477055e-05,2.2014412082e-05,2.3830293148e-05,2.8821963285e-04,3.0700686152e-05,-1.0699894895e+01,1.0699900913e+01,2.7787059861e+03,1.4234645001e+02,-1.0700972482e+01,1.0700972482e+01,2.7787431171e+03,1.4235092575e+02,1.0775871493e-03,2.9064466342e-03,3.7747674377e-01,2.7235813511e-02,0.0000000000e+00,0.0000000000e+00,0.0000000000e+00,0.0000000000e+00,5.0819216858e-07,5.0819245440e-07,1.3197481235e-04,6.7607534309e-06,5.1714081347e-07,5.2805465072e-07,1.3103631093e-04,6.7553031163e-06,1.0000000000e+00,4.1921888688e+00,2.0679115636e+00,4.1921888688e+00,1.0000000000e+00,1.0000285724e+00,1.0000095586e+00,1.0000285724e+00,1.9257709212e+03,2.0252443199e+03,1.9614267203e+00,nan,3.8176667562e-01,4.0148637765e-01,3.8883511545e-04,nan,4.5464047552e-01,2.2158965793e-02,2.2003752889e-01,4.1920690912e+00,8.3373978049e-01,9.9288878384e-01,5.3795265561e-02,5.7985610056e-02,-2.5838146479e-03,5.4907846465e-01,3.0926416071e-01,401417,43,53,41,1.3103631093e-04,5.0623354477e-01,4.9210428019e-01,2.8529503247e-02,-3.5278721461e+00,-2.7720447266e+03,-1.2227115136e-02,-2.7720569537e+03,1.7354918563e-05,447024,48,48,48,-2.8821963285e-04,9.9981704231e-01,5.7236852877e-01,5.4863995424e-02,-2.8464715250e+00,-1.3720532825e+00,-7.0852493786e-02,-1.4429057763e+00,1.9447359545e-04,2.8177961287e-02,5.5058469020e-02,1.6474340402e-06,3.0108656968e-04,0,0,0,2.3958248488e-04,3.1921888688e+00,3.1924284512e+00,9.3176175816e-08,2.8572417675e-05,2.8665593851e-05,4.7495061735e-04,2.3958248488e+00
107,1.0700000000e-02,1.0000000000e-04,-9.1932964546e-02,1.3321656076e-01,1.4441984602e+00,2.6410090867e-01,-2.1052494746e-01,2.1052494746e-01,1.3736161445e+00,3.3856868953e-01,1.1859198291e-01,1.1879694700e-01,1.9245008930e-01,1.2801098371e-01,0.0000000000e+00,0.0000000000e+00,0.0000000000e+00,0.0000000000e+00,2.2025528088e-05,3.1916354655e-05,3.4600465576e-04,6.3273951959e-05,2.2025528088e-05,2.3829472709e-05,2.8560651626e-04,3.0652569573e-05,-1.0706390156e+01,1.0706396186e+01,2.7802630432e+03,1.4243093085e+02,-1.0707467401e+01,1.0707467401e+01,2.7802999240e+03,1.4243540071e+02,1.0772449199e-03,2.9064983236e-03,3.7747928615e-01,2.7236006593e-02,0.0000000000e+00,0.0000000000e+00,0.0000000000e+00,0.0000000000e+00,5.0850066143e-07,5.0850094782e-07,1.3204876488e-04,6.7647658536e-06,5.1747091125e-07,5.2838896541e-07,1.3110666093e-04,6.7593113516e-06,1.0000000000e+00,4.1921888688e+00,2.0679115636e+00,4.1921888688e+00,1.0000000000e+00,1.0000285724e+00,1.0000095586e+00,1.0000285724e+00,1.9251253341e+03,2.0240734176e+03,1.9614399116e+00,nan,3.8163869382e-01,4.0125425684e-01,3.8883773050e-04,nan,4.5904646240e-01,2.2173758180e-02,2.2051369414e-01,4.1920690912e+00,8.2544125204e-01,9.9286548457e-01,2.2457327827e-02,2.3770835875e-02,8.1650905169e-04,5.4913708336e-01,3.0918704629e-01,400457,43,43,41,1.3110666093e-04,5.0636458108e-01,4.9202988800e-01,2.8546858165e-02,-3.5272461516e+00,-2.7734933258e+03,-1.2484060770e-02,-2.7735058099e+03,1.4300437973e-05,447024,48,48,48,-2.8560651626e-04,9.9982450415e-01,5.7208030913e-01,5.5058469020e-02,-2.8427273599e+00,-1.3736161445e+00,-7.0582315688e-02,-1.4441984602e+00,1.9611417459e-04,2.8190336050e-02,5.5254583194e-02,1.9794757149e-06,3.0094701302e-04,0,0,0,2.3958248488e-04,3.1921888688e+00,3.1924284512e+00,9.3176175816e-08,2.8572417675e-05,2.8665593851e-05,4.7495061735e-04,2.3958248488e+00
108,1.0800000000e-02,1.0000000000e-04,-9.1979600017e-02,1.3326520151e-01,1.4454887843e+00,2.6419525940e-01,-2.1058843651e-01,2.1058843651e-01,1.3751743390e+00,3.3866628998e-01,1.1860883649e-01,1.1881264444e-01,1.9245008053e-01,1.2802256938e-01,0.0000000000e+00,0.0000000000e+00,0.0000000000e+00,0.0000000000e+00,2.2036701131e-05,3.1928008127e-05,3.4631379482e-04,6.3296556740e-05,2.2036701131e-05,2.3829045835e-05,2.8302590701e-04,3.0605613957e-05,-1.0712384952e+01,1.0712390994e+01,2.7816836931e+03,1.4250857386e+02,-1.0713461854e+01,1.0713461854e+01,2.7817203235e+03,1.4251303795e+02,1.0769024940e-03,2.9065497467e-03,3.7748178476e-01,2.7236199888e-02,0.0000000000e+00,0.0000000000e+00,0.0000000000e+00,0.0000000000e+00,5.0878538460e-07,5.0878567157e-07,1.3211623873e-04,6.7684535132e-06,5.1777189835e-07,5.2870266483e-07,1.3117083224e-04,6.7629949871e-06,1.0000000000e+00,4.1921888688e+00,2.0679115636e+00,4.1921888688e+00,1.0000000000e+00,1.0000285724e+00,1.0000095586e+00,1.0000285724e+00,1.9243896758e+03,2.0228128497e+03,1.9614529842e+00,nan,3.8149285621e-01,4.0100436066e-01,3.8884032202e-04,nan,4.6345874703e-01,2.2187319983e-02,2.2097236790e-01,4.1920690912e+00,8.1725276684e-01,9.9284413105e-01,-4.2487962906e-03,-5.0132769483e-03,3.8824415807e-03,5.4919485485e-01,3.0911057848e-01,492617,53,43,41,1.3117083224e-04,5.0649568775e-01,4.9195583078e-01,2.8561158603e-02,-3.5267306101e+00,-2.7748077863e+03,-1.2741139202e-02,-2.7748205274e+03,1.1289541641e-05,447024,48,48,48,-2.8302590701e-04,9.9983196819e-01,5.7179470262e-01,5.5254583194e-02,-2.8389642003e+00,-1.3751743390e+00,-7.0314445376e-02,-1.4454887843e+00,1.9698871414e-04,2.8202166604e-02,5.5451571908e-02,2.3545807992e-06,3.0080592567e-04,0,0,0,2.3958248488e-04,3.1921888688e+00,3.1924284512e+00,9.3176175816e-08,2.8572417675e-05,2.8665593851e-05,4.7495061735e-04,2.3958248488e+00
109,1.0900000000e-02,1.0000000000e-04,-9.2026340524e-02,1.3331341209e-01,1.4467724189e+00,2.6428582964e-01,-2.1065202142e-01,2.1065202142e-01,1.3767235622e+00,3.3876132631e-01,1.1862568090e-01,1.1882834033e-01,1.9245006084e-01,1.2803416308e-01,0.0000000000e+00,0.0000000000e+00,0.0000000000e+00,0.0000000000e+00,2.2047899337e-05,3.1939558536e-05,3.4662133119e-04,6.3318255784e-05,2.2047899337e-05,2.3828962855e-05,2.8047822011e-04,3.0559768794e-05,-1.0717886222e+01,1.0717892276e+01,2.7829707717e+03,1.4257948986e+02,-1.0718962782e+01,1.0718962782e+01,2.7830071514e+03,1.4258394828e+02,1.0765598707e-03,2.9066008811e-03,3.7748423942e-01,2.7236393387e-02,0.0000000000e+00,0.0000000000e+00,0.0000000000e+00,0.0000000000e+00,5.0904666777e-07,5.0904695531e-07,1.3217736861e-04,6.7718216731e-06,5.1805349706e-07,5.2898558334e-07,1.3122869541e-04,6.7663590349e-06,1.0000000000e+00,4.1921888688e+00,2.0679115636e+00,4.1921888688e+00,1.0000000000e+00,1.0000285724e+00,1.0000095586e+00,1.0000285724e+00,1.9235719006e+03,2.0214712873e+03,1.9614659396e+00,nan,3.8133073967e-01,4.0073840803e-01,3.8884289032e-04,nan,4.6787481521e-01,2.2199270130e-02,2.2141394722e-01,4.1920690912e+00,8.0917760932e-01,9.9282272592e-01,-2.5665779138e-02,-2.7673448024e-02,6.6238305712e-03,5.4925171620e-01,3.0903364864e-01,493577,53,53,41,1.3122869541e-04,5.0662685858e-01,4.9188209745e-01,2.8572448145e-02,-3.5263237906e+00,-2.7759902558e+03,-1.2998338202e-02,-2.7760032542e+03,8.3572692260e-06,447024,48,48,48,-2.8047822011e-04,9.9983943405e-01,5.7151167671e-01,5.5451571908e-02,-2.8351968978e+00,-1.3767235622e+00,-7.0048856762e-02,-1.4467724189e+00,1.9712063434e-04,2.8212911257e-02,5.5648692543e-02,2.7686086726e-06,3.0066327918e-04,0,0,0,2.3958248488e-04,3.1921888688e+00,3.1924284512e+00,9.3176175816e-08,2.8572417675e-05,2.8665593851e-05,4.7495061735e-04,2.3958248488e+00
110,1.1000000000e-02,1.0000000000e-04,-9.2073063184e-02,1.3336106753e-01,1.4480452919e+00,2.6437252069e-01,-2.1071557975e-01,2.1071557975e-01,1.3782597686e+00,3.3885365368e-01,1.1864251657e-01,1.1884403497e-01,1.9245008081e-01,1.2804576506e-01,0.0000000000e+00,0.0000000000e+00,0.0000000000e+00,0.0000000000e+00,2.2059093268e-05,3.1950975946e-05,3.4692628925e-04,6.3339025442e-05,2.2059093268e-05,2.3829219107e-05,2.7796384258e-04,3.0514980798e-05,-1.0722906545e+01,1.0722912611e+01,2.7841286260e+03,1.4264386604e+02,-1.0723982762e+01,1.0723982762e+01,2.7841647550e+03,1.4264831891e+02,1.0762170855e-03,2.9066517413e-03,3.7748664993e-01,2.7236587080e-02,0.0000000000e+00,0.0000000000e+00,0.0000000000e+00,0.0000000000e+00,5.0928510835e-07,5.0928539646e-07,1.3223236097e-04,6.7748792235e-06,5.1833048352e-07,5.2923011723e-07,1.3128059122e-04,6.7694123682e-06,1.0000000000e+00,4.1921888688e+00,2.0679115636e+00,4.1921888688e+00,1.0000000000e+00,1.0000285724e+00,1.0000095586e+00,1.0000285724e+00,1.9226806244e+03,2.0200580605e+03,1.9614782615e+00,nan,3.8115405222e-01,4.0045824860e-01,3.8884533302e-04,nan,4.7229377031e-01,2.2209293341e-02,2.2183898502e-01,4.1920690912e+00,8.0121873493e-01,9.9280229334e-01,-4.2433003022e-02,-4.5086250830e-02,9.0512234460e-03,5.4930765974e-01,3.0895409339e-01,492617,53,43,41,1.3128059122e-04,5.0675808727e-01,4.9180867711e-01,2.8580805414e-02,-3.5260227363e+00,-2.7770443060e+03,-1.3255645288e-02,-2.7770575617e+03,5.5357308169e-06,447024,48,48,48,-2.7796384258e-04,9.9984690140e-01,5.7123119849e-01,5.5648692543e-02,-2.8314396615e+00,-1.3782597686e+00,-6.9785523240e-02,-1.4480452919e+00,1.9654014576e-04,2.8223489483e-02,5.5845232688e-02,3.2169653286e-06,3.0051920111e-04,0,0,0,2.3958248488e-04,3.1921888688e+00,3.1924284512e+00,9.3176175816e-08,2.8572417675e-05,2.8665593851e-05,4.7495061735e-04,2.3958248488e+00
111,1.1100000000e-02,1.0000000000e-04,-9.2119655017e-02,1.3340808781e-01,1.4493036196e+00,2.6445528053e-01,-2.1077899894e-01,2.1077899894e-01,1.3797792019e+00,3.3894316531e-01,1.1865934392e-01,1.1885972866e-01,1.9245008937e-01,1.2805737551e-01,0.0000000000e+00,0.0000000000e+00,0.0000000000e+00,0.0000000000e+00,2.2070255855e-05,3.1962241182e-05,3.4722776253e-04,6.3358853249e-05,2.2070255855e-05,2.3829757918e-05,2.7548312252e-04,3.0471194485e-05,-1.0727463560e+01,1.0727469638e+01,2.7851629371e+03,1.4270195787e+02,-1.0728539434e+01,1.0728539434e+01,2.7851988154e+03,1.4270640532e+02,1.0758742289e-03,2.9067023977e-03,3.7748901611e-01,2.7236780958e-02,0.0000000000e+00,0.0000000000e+00,0.0000000000e+00,0.0000000000e+00,5.0950154403e-07,5.0950183272e-07,1.3228148564e-04,6.7776382988e-06,5.1857390401e-07,5.2947253489e-07,1.3132682072e-04,6.7721672460e-06,1.0000000000e+00,4.1921888688e+00,2.0679115636e+00,4.1921888688e+00,1.0000000000e+00,1.0000285724e+00,1.0000095586e+00,1.0000285724e+00,1.9217249578e+03,2.0185829817e+03,1.9614904692e+00,nan,3.8096459995e-01,4.0016582756e-01,3.8884775310e-04,nan,4.7671457880e-01,2.2218964066e-02,2.2224817111e-01,4.1920690912e+00,7.9337873363e-01,9.9278307980e-01,-5.5529192762e-02,-5.8460842458e-02,1.1173103638e-02,5.4936265111e-01,3.0887963024e-01,492617,53,43,41,1.3132682072e-04,5.0688936786e-01,4.9173555913e-01,2.8586341145e-02,-3.5258233694e+00,-2.7779748088e+03,-1.3513048646e-02,-2.7779883218e+03,2.8537335166e-06,447024,48,48,48,-2.7548312252e-04,9.9985436857e-01,5.7095323465e-01,5.5845232688e-02,-2.8277059385e+00,-1.3797792019e+00,-6.9524417714e-02,-1.4493036196e+00,1.9528380761e-04,2.8233801762e-02,5.6040516496e-02,3.6946177253e-06,3.0037383182e-04,0,0,0,2.3958248488e-04,3.1921888688e+00,3.1924284512e+00,9.3176175816e-08,2.8572417675e-05,2.8665593851e-05,4.7495061735e-04,2.3958248488e+00
112,1.1200000000e-02,1.0000000000e-04,-9.2166012653e-02,1.3345439266e-01,1.4505439328e+00,2.6453410035e-01,-2.1084217603e-01,2.1084217603e-01,1.3812784202e+00,3.3902978999e-01,1.1867616338e-01,1.1887542168e-01,1.9245008740e-01,1.2806899465e-01,0.0000000000e+00,0.0000000000e+00,0.0000000000e+00,0.0000000000e+00,2.2081362333e-05,3.1973335012e-05,3.4752491986e-04,6.3377737099e-05,2.2081362333e-05,2.3830535494e-05,2.7303635951e-04,3.0428352787e-05,-1.0731579338e+01,1.0731585429e+01,2.7860805319e+03,1.4275408049e+02,-1.0732654869e+01,1.0732654869e+01,2.7861161591e+03,1.4275852264e+02,1.0755312736e-03,2.9067528041e-03,3.7749133781e-01,2.7236975016e-02,0.0000000000e+00,0.0000000000e+00,0.0000000000e+00,0.0000000000e+00,5.0969702318e-07,5.0969731244e-07,1.3232506686e-04,6.7801138658e-06,5.1879972239e-07,5.2968038155e-07,1.3136739257e-04,6.7746387070e-06,1.0000000000e+00,4.1921888688e+00,2.0679115636e+00,4.1921888688e+00,1.0000000000e+00,1.0000285724e+00,1.0000095586e+00,1.0000285724e+00,1.9207143395e+03,2.0170561694e+03,1.9615025533e+00,nan,3.8076425401e-01,3.9986315084e-01,3.8885014865e-04,nan,4.8113516018e-01,2.2226960938e-02,2.2264230846e-01,4.1920690912e+00,7.8565980138e-01,9.9276271446e-01,-6.5769011943e-02,-6.8764338018e-02,1.3003702399e-02,5.4941625330e-01,3.0880127145e-01,401621,43,55,53,1.3136739257e-04,5.0702069469e-01,4.9166273327e-01,2.8589194878e-02,-3.5257206081e+00,-2.7787878008e+03,-1.3770537053e-02,-2.7788015713e+03,3.3645558859e-07,447024,48,48,48,-2.7303635951e-04,9.9986183388e-01,5.7067775153e-01,5.6040516496e-02,-2.8240083072e+00,-1.3812784202e+00,-6.9265512638e-02,-1.4505439328e+00,1.9339398044e-04,2.8243753453e-02,5.6233910477e-02,4.1961255526e-06,3.0022686351e-04,0,0,0,2.3958248488e-04,3.1921888688e+00,3.1924284512e+00,9.3176175816e-08,2.8572417675e-05,2.8665593851e-05,4.7495061735e-04,2.3958248488e+00
113,1.1300000000e-02,1.0000000000e-04,-9.2212042001e-02,1.3349992235e-01,1.4517630970e+00,2.6460901099e-01,-2.1090501733e-01,2.1090501733e-01,1.3827543170e+00,3.3911348954e-01,1.1869297533e-01,1.1889111429e-01,1.9245007442e-01,1.2808062267e-01,0.0000000000e+00,0.0000000000e+00,0.0000000000e+00,0.0000000000e+00,2.2092390159e-05,3.1984243127e-05,3.4781701025e-04,6.3395684377e-05,2.2092390159e-05,2.3831530671e-05,2.7062379658e-04,3.0386397662e-05,-1.0735279736e+01,1.0735285839e+01,2.7868891880e+03,1.4280059963e+02,-1.0736354924e+01,1.0736354924e+01,2.7869245642e+03,1.4280503660e+02,1.0751882500e-03,2.9068029727e-03,3.7749361488e-01,2.7237169245e-02,0.0000000000e+00,0.0000000000e+00,0.0000000000e+00,0.0000000000e+00,5.0987277381e-07,5.0987306366e-07,1.3236347403e-04,6.7823232950e-06,5.1899872998e-07,5.2987040521e-07,1.3140275574e-04,6.7768441792e-06,1.0000000000e+00,4.1921888688e+00,2.0679115636e+00,4.1921888688e+00,1.0000000000e+00,1.0000285724e+00,1.0000095586e+00,1.0000285724e+00,1.9196583752e+03,2.0154878781e+03,1.9615145176e+00,nan,3.8055491863e-01,3.9955225125e-01,3.8885252047e-04,nan,4.8555506722e-01,2.2234006389e-02,2.2302229618e-01,4.1920690912e+00,7.7806371915e-01,9.9274181717e-01,-6.0434919039e-02,-6.2834123009e-02,1.4554820485e-02,5.4946827563e-01,3.0872549653e-01,493577,53,53,41,1.3140275574e-04,5.0715206208e-01,4.9159018984e-01,2.8589531334e-02,-3.5257084932e+00,-2.7794903365e+03,-1.4028099304e-02,-2.7795043646e+03,-1.9948185523e-06,447024,48,48,48,-2.7062379658e-04,9.9986929779e-01,5.7040471517e-01,5.6233910477e-02,-2.8203583847e+00,-1.3827543170e+00,-6.9008780061e-02,-1.4517630970e+00,1.9091818009e-04,2.8252972518e-02,5.6424828657e-02,4.7156932020e-06,3.0007833950e-04,0,0,0,2.3958248488e-04,3.1921888688e+00,3.1924284512e+00,9.3176175816e-08,2.8572417675e-05,2.8665593851e-05,4.7495061735e-04,2.3958248488e+00
114,1.1400000000e-02,1.0000000000e-04,-9.2257657870e-02,1.3354460666e-01,1.4529583274e+00,2.6468007915e-01,-2.1096743803e-01,2.1096743803e-01,1.3842041357e+00,3.3919425607e-01,1.1870978016e-01,1.1890680676e-01,1.9245005003e-01,1.2809225975e-01,0.0000000000e+00,0.0000000000e+00,0.0000000000e+00,0.0000000000e+00,2.2103318922e-05,3.1994948706e-05,3.4810336650e-04,6.3412711062e-05,2.2103318922e-05,2.3832708043e-05,2.6824561354e-04,3.0345270711e-05,-1.0738593723e+01,1.0738599838e+01,2.7875974389e+03,1.4284192235e+02,-1.0739668568e+01,1.0739668568e+01,2.7876325640e+03,1.4284635427e+02,1.0748451461e-03,2.9068528751e-03,3.7749584720e-01,2.7237363637e-02,0.0000000000e+00,0.0000000000e+00,0.0000000000e+00,0.0000000000e+00,5.1003017181e-07,5.1003046223e-07,1.3239711245e-04,6.7842859203e-06,5.1919011626e-07,5.3003012233e-07,1.3143318535e-04,6.7788028375e-06,1.0000000000e+00,4.1921888688e+00,2.0679115636e+00,4.1921888688e+00,1.0000000000e+00,1.0000285724e+00,1.0000095586e+00,1.0000285724e+00,1.9185666832e+03,2.0138883364e+03,1.9615263656e+00,nan,3.8033850056e-01,3.9923515657e-01,3.8885486923e-04,nan,4.8997328834e-01,2.2239609589e-02,2.2338910409e-01,4.1920690912e+00,7.7059183953e-01,9.9271942501e-01,-5.0450755452e-02,-5.2202997952e-02,1.5841498230e-02,5.4951866998e-01,3.0865054077e-01,400457,43,43,41,1.3143318535e-04,5.0728346483e-01,4.9151791979e-01,2.8587536515e-02,-3.5257803236e+00,-2.7800903314e+03,-1.4285725076e-02,-2.7801046172e+03,-4.1228893915e-06,447024,48,48,48,-2.6824561354e-04,9.9987676157e-01,5.7013409137e-01,5.6424828657e-02,-2.8167667485e+00,-1.3842041357e+00,-6.8754191683e-02,-1.4529583274e+00,1.8790835172e-04,2.8259911952e-02,5.6612737008e-02,5.2472458759e-06,2.9992809229e-04,0,0,0,2.3958248488e-04,3.1921888688e+00,3.1924284512e+00,9.3176175816e-08,2.8572417675e-05,2.8665593851e-05,4.7495061735e-04,2.3958248488e+00
115,1.1500000000e-02,1.0000000000e-04,-9.2302783563e-02,1.3358841663e-01,1.4541271984e+00,2.6474740360e-01,-2.1102936179e-01,2.1102936179e-01,1.3856254795e+00,3.3927210923e-01,1.1872657823e-01,1.1892249931e-01,1.9245001422e-01,1.2810390606e-01,0.0000000000e+00,0.0000000000e+00,0.0000000000e+00,0.0000000000e+00,2.2114130248e-05,3.2005444809e-05,3.4838340753e-04,6.3428840820e-05,2.2114130248e-05,2.3834055784e-05,2.6590192191e-04,3.0304913768e-05,-1.0741552707e+01,1.0741558834e+01,2.7882143798e+03,1.4287848778e+02,-1.0742627209e+01,1.0742627209e+01,2.7882492537e+03,1.4288291477e+02,1.0745020189e-03,2.9069025525e-03,3.7749803465e-01,2.7237558182e-02,0.0000000000e+00,0.0000000000e+00,0.0000000000e+00,0.0000000000e+00,5.1017070896e-07,5.1017099997e-07,1.3242641410e-04,6.7860225975e-06,5.1936438884e-07,5.3017415439e-07,1.3145939250e-04,6.7805354216e-06,1.0000000000e+00,4.1921888688e+00,2.0679115636e+00,4.1921888688e+00,1.0000000000e+00,1.0000285724e+00,1.0000095586e+00,1.0000285724e+00,1.9174487506e+03,2.0122675968e+03,1.9615380969e+00,nan,3.8011688053e-01,3.9891385960e-01,3.8885719486e-04,nan,4.9439053149e-01,2.2244395130e-02,2.2374376227e-01,4.1920690912e+00,7.6324508047e-01,9.9269766831e-01,-4.0761243948e-02,-4.2007011590e-02,1.6878680454e-02,5.4956752221e-01,3.0857356339e-01,492617,53,43,41,1.3145939250e-04,5.0741489802e-01,4.9144591473e-01,2.8583413626e-02,-3.5259287980e+00,-2.7805963986e+03,-1.4543404584e-02,-2.7806109420e+03,-6.0347510575e-06,447024,48,48,48,-2.6590192191e-04,9.9988422475e-01,5.6986584576e-01,5.6612737008e-02,-2.8132428742e+00,-1.3856254795e+00,-6.8501718917e-02,-1.4541271984e+00,1.8442007227e-04,2.8265615156e-02,5.6797157081e-02,5.7845177830e-06,2.9977632158e-04,0,0,0,2.3958248488e-04,3.1921888688e+00,3.1924284512e+00,9.3176175816e-08,2.8572417675e-05,2.8665593851e-05,4.7495061735e-04,2.3958248488e+00
116,1.1600000000e-02,1.0000000000e-04,-9.2347350424e-02,1.3363132324e-01,1.4552676486e+00,2.6481111131e-01,-2.1109072031e-01,2.1109072031e-01,1.3870163157e+00,3.3934709335e-01,1.1874336988e-01,1.1893819216e-01,1.9244997451e-01,1.2811556174e-01,0.0000000000e+00,0.0000000000e+00,0.0000000000e+00,0.0000000000e+00,2.2124807687e-05,3.2015724481e-05,3.4865663943e-04,6.3444104073e-05,2.2124807687e-05,2.3835509949e-05,2.6359276126e-04,3.0265269455e-05,-1.0744189879e+01,1.0744196019e+01,2.7887494804e+03,1.4291075794e+02,-1.0745264038e+01,1.0745264038e+01,2.7887841030e+03,1.4291518013e+02,1.0741588807e-03,2.9069520030e-03,3.7750017711e-01,2.7237752875e-02,0.0000000000e+00,0.0000000000e+00,0.0000000000e+00,0.0000000000e+00,5.1029596159e-07,5.1029625320e-07,1.3245182873e-04,6.7875552710e-06,5.1951579462e-07,5.3030903140e-07,1.3148115555e-04,6.7820641393e-06,1.0000000000e+00,4.1921888688e+00,2.0679115636e+00,4.1921888688e+00,1.0000000000e+00,1.0000285724e+00,1.0000095586e+00,1.0000285724e+00,1.9163138018e+03,2.0106353988e+03,1.9615496343e+00,nan,3.7989188719e-01,3.9859029110e-01,3.8885948203e-04,nan,4.9880412087e-01,2.2248696694e-02,2.2408735364e-01,4.1920690912e+00,7.5602392569e-01,9.9267150032e-01,-3.2323820103e-02,-3.3201262897e-02,1.7682285168e-02,5.4961477445e-01,3.0849877522e-01,493577,53,53,41,1.3148115555e-04,5.0754635741e-01,4.9137416710e-01,2.8577378875e-02,-3.5261461603e+00,-2.7810176802e+03,-1.4801129439e-02,-2.7810324813e+03,-7.7216089954e-06,447024,48,48,48,-2.6359276126e-04,9.9989168320e-01,5.6959994383e-01,5.6797157081e-02,-2.8097950903e+00,-1.3870163157e+00,-6.8251332954e-02,-1.4552676486e+00,1.8051170461e-04,2.8269149263e-02,5.6977668785e-02,6.3211573710e-06,2.9962279790e-04,0,0,0,2.3958248488e-04,3.1921888688e+00,3.1924284512e+00,9.3176175816e-08,2.8572417675e-05,2.8665593851e-05,4.7495061735e-04,2.3958248488e+00
117,1.1700000000e-02,1.0000000000e-04,-9.2391297370e-02,1.3367328120e-01,1.4563779801e+00,2.6487135362e-01,-2.1115145281e-01,2.1115145281e-01,1.3883749752e+00,3.3941927455e-01,1.1876015544e-01,1.1895388550e-01,1.9245001996e-01,1.2812722694e-01,0.0000000000e+00,0.0000000000e+00,0.0000000000e+00,0.0000000000e+00,2.2135336605e-05,3.2025776873e-05,3.4892265540e-04,6.3458537074e-05,2.2135336605e-05,2.3837036633e-05,2.6131809694e-04,3.0226281690e-05,-1.0746539567e+01,1.0746545719e+01,2.7892124060e+03,1.4293920899e+02,-1.0747613382e+01,1.0747613382e+01,2.7892467773e+03,1.4294362648e+02,1.0738157137e-03,2.9070011965e-03,3.7750227443e-01,2.7237947715e-02,0.0000000000e+00,0.0000000000e+00,0.0000000000e+00,0.0000000000e+00,5.1040756015e-07,5.1040785235e-07,1.3247381542e-04,6.7889065553e-06,5.1964530035e-07,5.3043440884e-07,1.3149912462e-04,6.7834115670e-06,1.0000000000e+00,4.1921888688e+00,2.0679115636e+00,4.1921888688e+00,1.0000000000e+00,1.0000285724e+00,1.0000095586e+00,1.0000285724e+00,1.9151706797e+03,2.0090010458e+03,1.9615600690e+00,nan,3.7966527357e-01,3.9826629540e-01,3.8886155061e-04,nan,5.0321476454e-01,2.2252531512e-02,2.2442097366e-01,4.1920690912e+00,7.4892843128e-01,9.9264238907e-01,-2.5174005719e-02,-2.5793281285e-02,1.8270354012e-02,5.4966031386e-01,3.0842445781e-01,400267,43,41,43,1.3149912462e-04,5.0767783857e-01,4.9130267014e-01,2.8569657266e-02,-3.5264243456e+00,-2.7813636793e+03,-1.5058890819e-02,-2.7813787382e+03,-9.1788067937e-06,447024,48,48,48,-2.6131809694e-04,9.9989913973e-01,5.6933635107e-01,5.6977668785e-02,-2.8064305480e+00,-1.3883749752e+00,-6.8003004837e-02,-1.4563779801e+00,1.7624351851e-04,2.8272422214e-02,5.7153912304e-02,6.8508377061e-06,2.9946732135e-04,0,0,0,2.3958248488e-04,3.1921888688e+00,3.1924284512e+00,9.3176175816e-08,2.8572417675e-05,2.8665593851e-05,4.7495061735e-04,2.3958248488e+00
118,1.1800000000e-02,1.0000000000e-04,-9.2434570387e-02,1.3371428810e-01,1.4574568533e+00,2.6492830231e-01,-2.1121150557e-01,2.1121150557e-01,1.3897001477e+00,3.3948873779e-01,1.1877693518e-01,1.1896959065e-01,1.9245005408e-01,1.2813890177e-01,0.0000000000e+00,0.0000000000e+00,0.0000000000e+00,0.0000000000e+00,2.2145704062e-05,3.2035601408e-05,3.4918113451e-04,6.3472180984e-05,2.2145704062e-05,2.3838601830e-05,2.5907781926e-04,3.0187896136e-05,-1.0748636635e+01,1.0748642800e+01,2.7896128529e+03,1.4296432288e+02,-1.0749710107e+01,1.0749710107e+01,2.7896469728e+03,1.4296873578e+02,1.0734724962e-03,2.9070501002e-03,3.7750432654e-01,2.7238142696e-02,0.0000000000e+00,0.0000000000e+00,0.0000000000e+00,0.0000000000e+00,5.1050716055e-07,5.1050745334e-07,1.3249283467e-04,6.7900993409e-06,5.1976008028e-07,5.3054435511e-07,1.3151392835e-04,6.7846005953e-06,1.0000000000e+00,4.1921888688e+00,2.0679115636e+00,4.1921888688e+00,1.0000000000e+00,1.0000285724e+00,1.0000095586e+00,1.0000285724e+00,1.9140277441e+03,2.0073733009e+03,1.9615703843e+00,nan,3.7943869691e-01,3.9794360968e-01,3.8886359555e-04,nan,5.0762326441e-01,2.2255682565e-02,2.2474572473e-01,4.1920690912e+00,7.4195823786e-01,9.9261162823e-01,-1.9249437274e-02,-1.9692251969e-02,1.8662305814e-02,5.4970413743e-01,3.0834938249e-01,382987,41,53,43,1.3151392835e-04,5.0780933769e-01,4.9123141795e-01,2.8560478459e-02,-3.5267551241e+00,-2.7816440927e+03,-1.5316681176e-02,-2.7816594094e+03,-1.0405661441e-05,447024,48,48,48,-2.5907781926e-04,9.9990659503e-01,5.6907503298e-01,5.7153912304e-02,-2.8031552091e+00,-1.3897001477e+00,-6.7756705528e-02,-1.4574568533e+00,1.7167679823e-04,2.8275111902e-02,5.7325589102e-02,7.3673771670e-06,2.9930979478e-04,0,0,0,2.3958248488e-04,3.1921888688e+00,3.1924284512e+00,9.3176175816e-08,2.8572417675e-05,2.8665593851e-05,4.7495061735e-04,2.3958248488e+00
119,1.1900000000e-02,1.0000000000e-04,-9.2477122014e-02,1.3375434675e-01,1.4585032778e+00,2.6498214587e-01,-2.1127083141e-01,2.1127083141e-01,1.3909908718e+00,3.3955558403e-01,1.1879370939e-01,1.1898530903e-01,1.9245007685e-01,1.2815058632e-01,0.0000000000e+00,0.0000000000e+00,0.0000000000e+00,0.0000000000e+00,2.2155898687e-05,3.2045198758e-05,3.4943183950e-04,6.3485080956e-05,2.2155898687e-05,2.3840172847e-05,2.5687174377e-04,3.0150060590e-05,-1.0750515922e+01,1.0750522100e+01,2.7899603978e+03,1.4298657967e+02,-1.0751589051e+01,1.0751589051e+01,2.7899942662e+03,1.4299098810e+02,1.0731292264e-03,2.9070987029e-03,3.7750633339e-01,2.7238337814e-02,0.0000000000e+00,0.0000000000e+00,0.0000000000e+00,0.0000000000e+00,5.1059641741e-07,5.1059671080e-07,1.3250934133e-04,6.7911564288e-06,5.1986380976e-07,5.3064368960e-07,1.3152605867e-04,6.7856539748e-06,1.0000000000e+00,4.1921888688e+00,2.0679115636e+00,4.1921888688e+00,1.0000000000e+00,1.0000285724e+00,1.0000095586e+00,1.0000285724e+00,1.9128927856e+03,2.0057602985e+03,1.9615805802e+00,nan,3.7921370165e-01,3.9762384653e-01,3.8886561678e-04,nan,5.1203007671e-01,2.2258382647e-02,2.2506269778e-01,4.1920690912e+00,7.3511258774e-01,9.9257952192e-01,-1.4310179647e-02,-1.4634971552e-02,1.8878156073e-02,5.4974627723e-01,3.0827487863e-01,493577,53,53,41,1.3152605867e-04,5.0794085162e-01,4.9116040553e-01,2.8550072798e-02,-3.5271302398e+00,-2.7818686498e+03,-1.5574494194e-02,-2.7818842243e+03,-1.1405214232e-05,447024,48,48,48,-2.5687174377e-04,9.9991404896e-01,5.6881595516e-01,5.7325589102e-02,-2.7999738483e+00,-1.3909908718e+00,-6.7512405985e-02,-1.4585032778e+00,1.6687295681e-04,2.8277355761e-02,5.7492462059e-02,7.8648555861e-06,2.9915032982e-04,0,0,0,2.3958248488e-04,3.1921888688e+00,3.1924284512e+00,9.3176175816e-08,2.8572417675e-05,2.8665593851e-05,4.7495061735e-04,2.3958248488e+00
120,1.2000000000e-02,1.0000000000e-04,-9.2518910801e-02,1.3379344033e-01,1.4595165992e+00,2.6503308566e-01,-2.1132938910e-01,2.1132938910e-01,1.3922465220e+00,3.3961992725e-01,1.1881047830e-01,1.1900102829e-01,1.9245008827e-01,1.2816228068e-01,0.0000000000e+00,0.0000000000e+00,0.0000000000e+00,0.0000000000e+00,2.2165910548e-05,3.2054564895e-05,3.4967461356e-04,6.3497285239e-05,2.2165910548e-05,2.3841734914e-05,2.5469961286e-04,3.0112725296e-05,-1.0752211730e+01,1.0752217920e+01,2.7902643642e+03,1.4300645057e+02,-1.0753284516e+01,1.0753284516e+01,2.7902979811e+03,1.4301085461e+02,1.0727859092e-03,2.9071470015e-03,3.7750829493e-01,2.7238533065e-02,0.0000000000e+00,0.0000000000e+00,0.0000000000e+00,0.0000000000e+00,5.1067695992e-07,5.1067725390e-07,1.3252377823e-04,6.7921001984e-06,5.1995749282e-07,5.3073602662e-07,1.3153596567e-04,6.7865940644e-06,1.0000000000e+00,4.1921888688e+00,2.0679115636e+00,4.1921888688e+00,1.0000000000e+00,1.0000285724e+00,1.0000095586e+00,1.0000285724e+00,1.9117729567e+03,2.0041694751e+03,1.9615906562e+00,nan,3.7899170570e-01,3.9730848018e-01,3.8886761426e-04,nan,5.1643567177e-01,2.2260797234e-02,2.2537296102e-01,4.1920690912e+00,7.2839034628e-01,9.9254614846e-01,-1.0151447876e-02,-1.0401353148e-02,1.8939255034e-02,5.4978679693e-01,3.0820112890e-01,400457,43,43,41,1.3153596567e-04,5.0807237768e-01,4.9108962875e-01,2.8538667584e-02,-3.5275415411e+00,-2.7820469609e+03,-1.5832324525e-02,-2.7820627932e+03,-1.2183907183e-05,447024,48,48,48,-2.5469961286e-04,9.9992150164e-01,5.6855908341e-01,5.7492462059e-02,-2.7968900725e+00,-1.3922465220e+00,-6.7270077232e-02,-1.4595165992e+00,1.6189267585e-04,2.8278307739e-02,5.7654354735e-02,8.3377320633e-06,2.9898905055e-04,0,0,0,2.3958248488e-04,3.1921888688e+00,3.1924284512e+00,9.3176175816e-08,2.8572417675e-05,2.8665593851e-05,4.7495061735e-04,2.3958248488e+00
121,1.2100000000e-02,1.0000000000e-04,-9.2559900765e-02,1.3383156145e-01,1.4604964824e+00,2.6508133236e-01,-2.1138714290e-01,2.1138714290e-01,1.3934667920e+00,3.3968189167e-01,1.1882724213e-01,1.1901674852e-01,1.9245008879e-01,1.2817398490e-01,0.0000000000e+00,0.0000000000e+00,0.0000000000e+00,0.0000000000e+00,2.2175731026e-05,3.2063698047e-05,3.4990937641e-04,6.3508844302e-05,2.2175731026e-05,2.3843267542e-05,2.5256109824e-04,3.0075843187e-05,-1.0753757372e+01,1.0753763574e+01,2.7905337075e+03,1.4302439173e+02,-1.0754829814e+01,1.0754829814e+01,2.7905670728e+03,1.4302879146e+02,1.0724425457e-03,2.9071949906e-03,3.7751021115e-01,2.7238728447e-02,0.0000000000e+00,0.0000000000e+00,0.0000000000e+00,0.0000000000e+00,5.1075037026e-07,5.1075066483e-07,1.3253657071e-04,6.7929523149e-06,5.2004180804e-07,5.3082004388e-07,1.3154409146e-04,6.7874425182e-06,1.0000000000e+00,4.1921888688e+00,2.0679115636e+00,4.1921888688e+00,1.0000000000e+00,1.0000285724e+00,1.0000095586e+00,1.0000285724e+00,1.9106747200e+03,2.0026075174e+03,1.9616006078e+00,nan,3.7877399020e-01,3.9699883619e-01,3.8886958708e-04,nan,5.2084066936e-01,2.2262890057e-02,2.2567754712e-01,4.1920690912e+00,7.2179002697e-01,9.9251165739e-01,-6.6259761472e-03,-6.8347971362e-03,1.8868079765e-02,5.4982577534e-01,3.0812695374e-01,401621,43,55,53,1.3154409146e-04,5.0820391364e-01,4.9101908436e-01,2.8526483676e-02,-3.5279811003e+00,-2.7821883768e+03,-1.6090167701e-02,-2.7822044669e+03,-1.2751197720e-05,447024,48,48,48,-2.5256109824e-04,9.9992895326e-01,5.6830438380e-01,5.7654354735e-02,-2.7939063530e+00,-1.3934667920e+00,-6.7029690436e-02,-1.4604964824e+00,1.5679508907e-04,2.8277648414e-02,5.7811149824e-02,8.7809558522e-06,2.9882588979e-04,0,0,0,2.3958248488e-04,3.1921888688e+00,3.1924284512e+00,9.3176175816e-08,2.8572417675e-05,2.8665593851e-05,4.7495061735e-04,2.3958248488e+00
122,1.2200000000e-02,1.0000000000e-04,-9.2600060832e-02,1.3386872018e-01,1.4614428920e+00,2.6512710236e-01,-2.1144406190e-01,2.1144406190e-01,1.3946516750e+00,3.3974160890e-01,1.1884400106e-01,1.1903246983e-01,1.9245007847e-01,1.2818569902e-01,0.0000000000e+00,0.0000000000e+00,0.0000000000e+00,0.0000000000e+00,2.2185352674e-05,3.2072600629e-05,3.5013611958e-04,6.3519809992e-05,2.2185352674e-05,2.3844726692e-05,2.5045580448e-04,3.0039370057e-05,-1.0755184780e+01,1.0755190995e+01,2.7907769180e+03,1.4304083897e+02,-1.0756256879e+01,1.0756256879e+01,2.7908100318e+03,1.4304523447e+02,1.0720991319e-03,2.9072426612e-03,3.7751208201e-01,2.7238923958e-02,0.0000000000e+00,0.0000000000e+00,0.0000000000e+00,0.0000000000e+00,5.1081816511e-07,5.1081846026e-07,1.3254812201e-04,6.7937334773e-06,5.2012076981e-07,5.3089870084e-07,1.3155088663e-04,6.7882200078e-06,1.0000000000e+00,4.1921888688e+00,2.0679115636e+00,4.1921888688e+00,1.0000000000e+00,1.0000285724e+00,1.0000095586e+00,1.0000285724e+00,1.9096038123e+03,2.0010803283e+03,1.9616104343e+00,nan,3.7856169243e-01,3.9669608476e-01,3.8887153509e-04,nan,5.2524590877e-01,2.2264826420e-02,2.2597744210e-01,4.1920690912e+00,7.1530981944e-01,9.9247642771e-01,-3.6532364063e-03,-3.8451649200e-03,1.8687442812e-02,5.4986327998e-01,3.0805234922e-01,401417,43,53,41,1.3155088663e-04,5.0833545774e-01,4.9094876996e-01,2.8513732479e-02,-3.5284413208e+00,-2.7823018639e+03,-1.6348020121e-02,-2.7823182119e+03,-1.3119126948e-05,447024,48,48,48,-2.5045580448e-04,9.9993640407e-01,5.6805182270e-01,5.7811149824e-02,-2.7910240718e+00,-1.3946516750e+00,-6.6791216971e-02,-1.4614428920e+00,1.5163702642e-04,2.8276662841e-02,5.7962786850e-02,9.1900614713e-06,2.9866081065e-04,0,0,0,2.3958248488e-04,3.1921888688e+00,3.1924284512e+00,9.3176175816e-08,2.8572417675e-05,2.8665593851e-05,4.7495061735e-04,2.3958248488e+00
123,1.2300000000e-02,1.0000000000e-04,-9.2639364283e-02,1.3390495259e-01,1.4623560705e+00,2.6517061442e-01,-2.1150011954e-01,2.1150011954e-01,1.3958014420e+00,3.3979921527e-01,1.1886075526e-01,1.1904819227e-01,1.9245006291e-01,1.2819742307e-01,0.0000000000e+00,0.0000000000e+00,0.0000000000e+00,0.0000000000e+00,2.2194769093e-05,3.2081281279e-05,3.5035490116e-04,6.3530234721e-05,2.2194769093e-05,2.3846074988e-05,2.4838327321e-04,3.0003264654e-05,-1.0756524181e+01,1.0756530408e+01,2.7910019436e+03,1.4305620335e+02,-1.0757595937e+01,1.0757595937e+01,2.7910348057e+03,1.4306059469e+02,1.0717556726e-03,2.9072900142e-03,3.7751390751e-01,2.7239119596e-02,0.0000000000e+00,0.0000000000e+00,0.0000000000e+00,0.0000000000e+00,5.1088178004e-07,5.1088207578e-07,1.3255880961e-04,6.7944632096e-06,5.2020281972e-07,5.3096461056e-07,1.3155679668e-04,6.7889458309e-06,1.0000000000e+00,4.1921888688e+00,2.0679115636e+00,4.1921888688e+00,1.0000000000e+00,1.0000285724e+00,1.0000095586e+00,1.0000285724e+00,1.9085652255e+03,1.9995930092e+03,1.9616200785e+00,nan,3.7835580200e-01,3.9640123719e-01,3.8887344696e-04,nan,5.2965239961e-01,2.2266331496e-02,2.2627357087e-01,4.1920690912e+00,7.0894761966e-01,9.9244099329e-01,-1.1513927245e-03,-1.3449313375e-03,1.8420616514e-02,5.4989947608e-01,3.0797710731e-01,493577,53,53,41,1.3155679668e-04,5.0846700862e-01,4.9087868395e-01,2.8500613352e-02,-3.5289150293e+00,-2.7823958954e+03,-1.6605879070e-02,-2.7824125013e+03,-1.3301858081e-05,447024,48,48,48,-2.4838327321e-04,9.9994385422e-01,5.6780136690e-01,5.7962786850e-02,-2.7882435796e+00,-1.3958014420e+00,-6.6554628486e-02,-1.4623560705e+00,1.4647233280e-04,2.8275355642e-02,5.8109259183e-02,9.5612561776e-06,2.9849379241e-04,0,0,0,2.3958248488e-04,3.1921888688e+00,3.1924284512e+00,9.3176175816e-08,2.8572417675e-05,2.8665593851e-05,4.7495061735e-04,2.3958248488e+00
124,1.2400000000e-02,1.0000000000e-04,-9.2677788205e-02,1.3394025856e-01,1.4632365143e+00,2.6521208644e-01,-2.1155529306e-01,2.1155529306e-01,1.3969166173e+00,3.3985484919e-01,1.1887750485e-01,1.1906391592e-01,1.9245008189e-01,1.2820915703e-01,0.0000000000e+00,0.0000000000e+00,0.0000000000e+00,0.0000000000e+00,2.2203974792e-05,3.2089739971e-05,3.5056584006e-04,6.3540170691e-05,2.2203974791e-05,2.3847310144e-05,2.4634298810e-04,2.9967488717e-05,-1.0757803830e+01,1.0757810070e+01,2.7912161304e+03,1.4307086770e+02,-1.0758875242e+01,1.0758875242e+01,2.7912487409e+03,1.4307525495e+02,1.0714121986e-03,2.9073370781e-03,3.7751568764e-01,2.7239315362e-02,0.0000000000e+00,0.0000000000e+00,0.0000000000e+00,0.0000000000e+00,5.1094255705e-07,5.1094285339e-07,1.3256898243e-04,6.7951596938e-06,5.2028033811e-07,5.3103168152e-07,1.3156219367e-04,6.7896383248e-06,1.0000000000e+00,4.1921888688e+00,2.0679115636e+00,4.1921888688e+00,1.0000000000e+00,1.0000285724e+00,1.0000095586e+00,1.0000285724e+00,1.9075632020e+03,1.9981498583e+03,1.9616291348e+00,nan,3.7815715989e-01,3.9611514557e-01,3.8887524230e-04,nan,5.3406104507e-01,2.2267990743e-02,2.2656681008e-01,4.1920690912e+00,7.0270106197e-01,9.9240554810e-01,9.4993134292e-04,7.3963518317e-04,1.8090340522e-02,5.4993449953e-01,3.0790282174e-01,400457,43,43,41,1.3156219367e-04,5.0859856542e-01,4.9080882550e-01,2.8487311494e-02,-3.5293955521e+00,-2.7824783606e+03,-1.6863742704e-02,-2.7824952243e+03,-1.3315201886e-05,447024,48,48,48,-2.4634298810e-04,9.9995130378e-01,5.6755298362e-01,5.8109259183e-02,-2.7855642640e+00,-1.3969166173e+00,-6.6319896969e-02,-1.4632365143e+00,1.4135127374e-04,2.8273759387e-02,5.8250610457e-02,9.8914900414e-06,2.9832509068e-04,0,0,0,2.3958248488e-04,3.1921888688e+00,3.1924284512e+00,9.3176175816e-08,2.8572417675e-05,2.8665593851e-05,4.7495061735e-04,2.3958248488e+00
125,1.2500000000e-02,1.0000000000e-04,-9.2715312943e-02,1.3397465678e-01,1.4640849480e+00,2.6525173240e-01,-2.1160956289e-01,2.1160956289e-01,1.3979979532e+00,3.3990864868e-01,1.1889424995e-01,1.1907964078e-01,1.9245008955e-01,1.2822090090e-01,0.0000000000e+00,0.0000000000e+00,0.0000000000e+00,0.0000000000e+00,2.2212965062e-05,3.2097981183e-05,3.5076910992e-04,6.3549669168e-05,2.2212965062e-05,2.3848419107e-05,2.4433438023e-04,2.9932006942e-05,-1.0759049812e+01,1.0759056064e+01,2.7914261817e+03,1.4308518395e+02,-1.0760120881e+01,1.0760120881e+01,2.7914585405e+03,1.4308956715e+02,1.0710687047e-03,2.9073838462e-03,3.7751742243e-01,2.7239511257e-02,0.0000000000e+00,0.0000000000e+00,0.0000000000e+00,0.0000000000e+00,5.1100173502e-07,5.1100203195e-07,1.3257895883e-04,6.7958396450e-06,5.2034991408e-07,5.3110262243e-07,1.3156757811e-04,6.7903142696e-06,1.0000000000e+00,4.1921888688e+00,2.0679115636e+00,4.1921888688e+00,1.0000000000e+00,1.0000285724e+00,1.0000095586e+00,1.0000285724e+00,1.9066012430e+03,1.9967543830e+03,1.9616380710e+00,nan,3.7796646021e-01,3.9583850522e-01,3.8887701381e-04,nan,5.3847345587e-01,2.2269929929e-02,2.2685796788e-01,4.1920690912e+00,6.9656755206e-01,9.9237148394e-01,2.7064897483e-03,2.4677541306e-03,1.7718654336e-02,5.4996833808e-01,3.0782892044e-01,401611,43,55,43,1.3156757811e-04,5.0873012761e-01,4.9073919448e-01,2.8473996292e-02,-3.5298767751e+00,-2.7825564933e+03,-1.7121609909e-02,-2.7825736149e+03,-1.3176145917e-05,447024,48,48,48,-2.4433438023e-04,9.9995874968e-01,5.6730664064e-01,5.8250610457e-02,-2.7829846260e+00,-1.3979979532e+00,-6.6086994803e-02,-1.4640849480e+00,1.3632003670e-04,2.8271887552e-02,5.8386930493e-02,1.0178504148e-05,2.9815457643e-04,0,0,0,2.3958248488e-04,3.1921888688e+00,3.1924284512e+00,9.3176175816e-08,2.8572417675e-05,2.8665593851e-05,4.7495061735e-04,2.3958248488e+00
126,1.2600000000e-02,1.0000000000e-04,-9.2751921586e-02,1.3400816224e-01,1.4649022987e+00,2.6528975953e-01,-2.1166291222e-01,2.1166291222e-01,1.3990464039e+00,3.3996074902e-01,1.1891099063e-01,1.1909537237e-01,1.9245008629e-01,1.2823265462e-01,0.0000000000e+00,0.0000000000e+00,0.0000000000e+00,0.0000000000e+00,2.2221735851e-05,3.2106008504e-05,3.5096493283e-04,6.3558779802e-05,2.2221735851e-05,2.3849360866e-05,2.4235683401e-04,2.9896786898e-05,-1.0760285897e+01,1.0760292161e+01,2.7916381315e+03,1.4309947135e+02,-1.0761356622e+01,1.0761356622e+01,2.7916702386e+03,1.4310385054e+02,1.0707251663e-03,2.9074302936e-03,3.7751911189e-01,2.7239707282e-02,0.0000000000e+00,0.0000000000e+00,0.0000000000e+00,0.0000000000e+00,5.1106044297e-07,5.1106074048e-07,1.3258902540e-04,6.7965182258e-06,5.2041731619e-07,5.3117176884e-07,1.3157293452e-04,6.7909888481e-06,1.0000000000e+00,4.1921888688e+00,2.0679115636e+00,4.1921888688e+00,1.0000000000e+00,1.0000285724e+00,1.0000095586e+00,1.0000285724e+00,1.9056821291e+03,1.9954093237e+03,1.9616468829e+00,nan,3.7778425420e-01,3.9557185937e-01,3.8887876070e-04,nan,5.4288931057e-01,2.2271949836e-02,2.2714778251e-01,4.1920690912e+00,6.9054430040e-01,9.9233653863e-01,4.1442467465e-03,3.8687956857e-03,1.7326775632e-02,5.5000109979e-01,3.0775466046e-01,401417,43,53,41,1.3157293452e-04,5.0886169519e-01,4.9066979142e-01,2.8460820146e-02,-3.5303531875e+00,-2.7826368194e+03,-1.7379480553e-02,-2.7826541988e+03,-1.2902401463e-05,447024,48,48,48,-2.4235683401e-04,9.9996619192e-01,5.6706230626e-01,5.8386930493e-02,-2.7805023641e+00,-1.3990464039e+00,-6.5855894820e-02,-1.4649022987e+00,1.3142033460e-04,2.8269922841e-02,5.8518350828e-02,1.0420864721e-05,2.9798212544e-04,0,0,0,2.3958248488e-04,3.1921888688e+00,3.1924284512e+00,9.3176175816e-08,2.8572417675e-05,2.8665593851e-05,4.7495061735e-04,2.3958248488e+00
127,1.2700000000e-02,1.0000000000e-04,-9.2787599451e-02,1.3404080639e-01,1.4656896686e+00,2.6532636569e-01,-2.1171532640e-01,2.1171532640e-01,1.4000630982e+00,3.4001128057e-01,1.1892772695e-01,1.1911110896e-01,1.9245007172e-01,1.2824441814e-01,0.0000000000e+00,0.0000000000e+00,0.0000000000e+00,0.0000000000e+00,2.2230283643e-05,3.2113829470e-05,3.5115357286e-04,6.3567549996e-05,2.2230283643e-05,2.3850129742e-05,2.4040969321e-04,2.9861798900e-05,-1.0761533457e+01,1.0761539733e+01,2.7918573342e+03,1.4311401540e+02,-1.0762603838e+01,1.0762603838e+01,2.7918891895e+03,1.4311839062e+02,1.0703815761e-03,2.9074764137e-03,3.7752075604e-01,2.7239903439e-02,0.0000000000e+00,0.0000000000e+00,0.0000000000e+00,0.0000000000e+00,5.1111969589e-07,5.1111999400e-07,1.3259943644e-04,6.7972089964e-06,5.2048837193e-07,5.3123677865e-07,1.3158007892e-04,6.7916755843e-06,1.0000000000e+00,4.1921888688e+00,2.0679115636e+00,4.1921888688e+00,1.0000000000e+00,1.0000285724e+00,1.0000095586e+00,1.0000285724e+00,1.9048079509e+03,1.9941166888e+03,1.9616555747e+00,nan,3.7761095627e-01,3.9531560618e-01,3.8888048376e-04,nan,5.4731603024e-01,2.2273957601e-02,2.2743692056e-01,4.1920690912e+00,6.8462835577e-01,9.9231250485e-01,5.2786405386e-03,4.9602494517e-03,1.6934415625e-02,5.5003290503e-01,3.0767963003e-01,391337,42,44,41,1.3158007892e-04,4.8397307820e-01,4.8930742785e-01,2.8443410517e-02,-3.5309829993e+00,-2.7915947264e+03,3.1409433145e-02,-2.7915633170e+03,-1.2274592514e-05,447024,48,48,48,-2.4040969321e-04,9.9997363134e-01,5.6681994942e-01,5.8518350828e-02,-2.7781144624e+00,-1.4000630982e+00,-6.5626570345e-02,-1.4656896686e+00,1.2668911341e-04,2.8267624505e-02,5.8645039941e-02,1.0617971750e-05,2.9780757946e-04,0,0,0,2.3958248488e-04,3.1921888688e+00,3.1924284512e+00,9.3176175816e-08,2.8572417675e-05,2.8665593851e-05,4.7495061735e-04,2.3958248488e+00
128,1.2800000000e-02,1.0000000000e-04,-9.2822333615e-02,1.3407261737e-01,1.4664483081e+00,2.6536173698e-01,-2.1176679256e-01,2.1176679256e-01,1.4010493129e+00,3.4006036671e-01,1.1894445894e-01,1.1912684670e-01,1.9245007174e-01,1.2825619137e-01,0.0000000000e+00,0.0000000000e+00,0.0000000000e+00,0.0000000000e+00,2.2238605340e-05,3.2121450825e-05,3.5133532962e-04,6.3576024339e-05,2.2238605340e-05,2.3850709373e-05,2.3849226730e-04,2.9827015838e-05,-1.0762811422e+01,1.0762817712e+01,2.7920884659e+03,1.4312906751e+02,-1.0763881460e+01,1.0763881460e+01,2.7921200695e+03,1.4313343879e+02,1.0700379450e-03,2.9075222190e-03,3.7752235490e-01,2.7240099731e-02,0.0000000000e+00,0.0000000000e+00,0.0000000000e+00,0.0000000000e+00,5.1118039294e-07,5.1118069167e-07,1.3261041406e-04,6.7979238975e-06,5.2056370037e-07,5.3130291697e-07,1.3159274981e-04,6.7923864027e-06,1.0000000000e+00,4.1921888688e+00,2.0679115636e+00,4.1921888688e+00,1.0000000000e+00,1.0000285724e+00,1.0000095586e+00,1.0000285724e+00,1.9039801474e+03,1.9928777979e+03,1.9616638824e+00,nan,3.7744685171e-01,3.9507000726e-01,3.8888213070e-04,nan,5.5176946111e-01,2.2276189301e-02,2.2772597968e-01,4.1920690912e+00,6.7881663810e-01,9.9232591000e-01,6.0875307585e-03,5.7215462007e-03,1.6559063115e-02,5.5006371865e-01,3.0760421930e-01,511158,55,44,54,1.3159274981e-04,4.8410465828e-01,4.8924064462e-01,2.8431135924e-02,-3.5314272706e+00,-2.7918286322e+03,3.1152087485e-02,-2.7917974802e+03,-1.1788573554e-05,447024,48,48,48,-2.3849226730e-04,9.9998106856e-01,5.6657953973e-01,5.8645039941e-02,-2.7758172832e+00,-1.4010493129e+00,-6.5398995243e-02,-1.4664483081e+00,1.2215836413e-04,2.8265196823e-02,5.8767198305e-02,1.0770054036e-05,2.9762952791e-04,0,0,0,2.3958248488e-04,3.1921888688e+00,3.1924284512e+00,9.3176175816e-08,2.8572417675e-05,2.8665593851e-05,4.7495061735e-04,2.3958248488e+00
129,1.2900000000e-02,1.0000000000e-04,-9.2856112460e-02,1.3410360057e-01,1.4671795897e+00,2.6539604564e-01,-2.1181729908e-01,2.1181729908e-01,1.4020064458e+00,3.4010812209e-01,1.1896118662e-01,1.1914258556e-01,1.9245008625e-01,1.2826797423e-01,0.0000000000e+00,0.0000000000e+00,0.0000000000e+00,0.0000000000e+00,2.2246698160e-05,3.2128873857e-05,3.5151053187e-04,6.3584244092e-05,2.2246698160e-05,2.3851089096e-05,2.3660383771e-04,2.9792412992e-05,-1.0764136290e+01,1.0764142593e+01,2.7923355370e+03,1.4314484522e+02,-1.0765205985e+01,1.0765205985e+01,2.7923668887e+03,1.4314921257e+02,1.0696942819e-03,2.9075677205e-03,3.7752390850e-01,2.7240296159e-02,0.0000000000e+00,0.0000000000e+00,0.0000000000e+00,0.0000000000e+00,5.1124331763e-07,5.1124361697e-07,1.3262214871e-04,6.7986732609e-06,5.2063880000e-07,5.3137672738e-07,1.3160615065e-04,6.7931316498e-06,1.0000000000e+00,4.1921888688e+00,2.0679115636e+00,4.1921888688e+00,1.0000000000e+00,1.0000285724e+00,1.0000095586e+00,1.0000285724e+00,1.9031995514e+03,1.9916933315e+03,1.9616718073e+00,nan,3.7729210561e-01,3.9483519750e-01,3.8888370172e-04,nan,5.5622999154e-01,2.2278929287e-02,2.2801549010e-01,4.1920690912e+00,6.7310597053e-01,9.9233915240e-01,6.4198260677e-03,6.0020218681e-03,1.6216988899e-02,5.5009384640e-01,3.0752913519e-01,483210,52,41,42,1.3160615065e-04,4.8423625103e-01,4.8917408226e-01,2.8419347350e-02,-3.5318541261e+00,-2.7920799200e+03,3.0894704084e-02,-2.7920490253e+03,-1.1223861031e-05,447024,48,48,48,-2.3660383771e-04,9.9998850258e-01,5.6634104746e-01,5.8767198305e-02,-2.7736066599e+00,-1.4020064458e+00,-6.5173143949e-02,-1.4671795897e+00,1.1785503540e-04,2.8262558548e-02,5.8885053341e-02,1.0878136058e-05,2.9744854142e-04,0,0,0,2.3958248488e-04,3.1921888688e+00,3.1924284512e+00,9.3176175816e-08,2.8572417675e-05,2.8665593851e-05,4.7495061735e-04,2.3958248488e+00
130,1.3000000000e-02,1.0000000000e-04,-9.2888925271e-02,1.3413378328e-01,1.4678849813e+00,2.6542944810e-01,-2.1186683524e-01,2.1186683524e-01,1.4029359898e+00,3.4015465095e-01,1.1897790997e-01,1.1915832547e-01,1.9245008960e-01,1.2827976660e-01,0.0000000000e+00,0.0000000000e+00,0.0000000000e+00,0.0000000000e+00,2.2254559534e-05,3.2136105105e-05,3.5167953134e-04,6.3592246738e-05,2.2254559534e-05,2.3851250863e-05,2.3474366409e-04,2.9757967817e-05,-1.0765522161e+01,1.0765528477e+01,2.7926084240e+03,1.4316153289e+02,-1.0766591512e+01,1.0766591512e+01,2.7926392601e+03,1.4316589633e+02,1.0693505745e-03,2.9076129090e-03,3.7752541690e-01,2.7240492726e-02,0.0000000000e+00,0.0000000000e+00,0.0000000000e+00,0.0000000000e+00,5.1130913966e-07,5.1130943961e-07,1.3263510950e-04,6.7994658429e-06,5.2071430186e-07,5.3144689330e-07,1.3162055686e-04,6.7939168481e-06,1.0000000000e+00,4.1921888688e+00,2.0679115636e+00,4.1921888688e+00,1.0000000000e+00,1.0000285724e+00,1.0000095586e+00,1.0000285724e+00,1.9024708745e+03,1.9905678381e+03,1.9616796109e+00,nan,3.7714765199e-01,3.9461207860e-01,3.8888524873e-04,nan,5.6069908158e-01,2.2281719997e-02,2.2830580670e-01,4.1920690912e+00,6.6749310998e-01,9.9235079882e-01,5.9731360374e-03,5.5033454990e-03,1.5892288978e-02,5.5011436408e-01,3.0745121033e-01,483305,52,42,41,1.3162055686e-04,4.8436785718e-01,4.8910774321e-01,2.8408123489e-02,-3.5322606935e+00,-2.7923520179e+03,3.0637281618e-02,-2.7923213807e+03,-1.0596916397e-05,447024,48,48,48,-2.3474366409e-04,9.9999593455e-01,5.6610444362e-01,5.8885053341e-02,-2.7714779907e+00,-1.4029359898e+00,-6.4948991502e-02,-1.4678849813e+00,1.1380104162e-04,2.8259848970e-02,5.8998854382e-02,1.0943999032e-05,2.9726481714e-04,0,0,0,2.3958248488e-04,3.1921888688e+00,3.1924284512e+00,9.3176175816e-08,2.8572417675e-05,2.8665593851e-05,4.7495061735e-04,2.3958248488e+00
131,1.3100000000e-02,1.0000000000e-04,-9.2920761855e-02,1.3416317932e-01,1.4685660217e+00,2.6546208346e-01,-2.1191539081e-01,2.1191539081e-01,1.4038395082e+00,3.4020004571e-01,1.1899462896e-01,1.1917406637e-01,1.9245008223e-01,1.2829156835e-01,0.0000000000e+00,0.0000000000e+00,0.0000000000e+00,0.0000000000e+00,2.2262187022e-05,3.2143147881e-05,3.5184269670e-04,6.3600065598e-05,2.2262187022e-05,2.3851191787e-05,2.3291099041e-04,2.9723659729e-05,-1.0766980807e+01,1.0766987135e+01,2.7929034780e+03,1.4317928282e+02,-1.0768049814e+01,1.0768049814e+01,2.7929340579e+03,1.4318364235e+02,1.0690068098e-03,2.9076578044e-03,3.7752688012e-01,2.7240689436e-02,0.0000000000e+00,0.0000000000e+00,0.0000000000e+00,0.0000000000e+00,5.1137841813e-07,5.1137871869e-07,1.3264912311e-04,6.8003088768e-06,5.2079306786e-07,5.3152574617e-07,1.3163611826e-04,6.7947515113e-06,1.0000000000e+00,4.1921888688e+00,2.0679115636e+00,4.1921888688e+00,1.0000000000e+00,1.0000285724e+00,1.0000095586e+00,1.0000285724e+00,1.9017895258e+03,1.9894966922e+03,1.9616872892e+00,nan,3.7701258077e-01,3.9439973362e-01,3.8888677089e-04,nan,5.6517778759e-01,2.2285081220e-02,2.2859740601e-01,4.1920690912e+00,6.6197477620e-01,9.9236327521e-01,4.5488416919e-03,4.0281522082e-03,1.5619375102e-02,5.5013253199e-01,3.0737423829e-01,391337,42,44,41,1.3163611826e-04,4.8449947773e-01,4.8904163023e-01,2.8397526573e-02,-3.5326446940e+00,-2.7926476503e+03,3.0379818223e-02,-2.7926172705e+03,-9.9233141667e-06,447024,48,48,48,-2.3291099041e-04,1.0000000000e+00,5.6586969996e-01,5.8998854382e-02,-2.7694263306e+00,-1.4038395082e+00,-6.4726513565e-02,-1.4685660217e+00,1.1001338928e-04,2.8195008953e-02,5.9108867772e-02,1.0970109934e-05,2.9707576135e-04,0,0,0,2.3958248488e-04,3.1921888688e+00,3.1924284512e+00,9.3176175816e-08,2.8572417675e-05,2.8665593851e-05,4.7495061735e-04,2.3958248488e+00
132,1.3200000000e-02,1.0000000000e-04,-9.2951612220e-02,1.3419178922e-01,1.4692242973e+00,2.6549407209e-01,-2.1196295577e-01,2.1196295577e-01,1.4047186108e+00,3.4024438583e-01,1.1901134355e-01,1.1918980816e-01,1.9245006348e-01,1.2830337935e-01,0.0000000000e+00,0.0000000000e+00,0.0000000000e+00,0.0000000000e+00,2.2269578229e-05,3.2150002311e-05,3.5200040799e-04,6.3607729513e-05,2.2269578229e-05,2.3850911464e-05,2.3110505077e-04,2.9689469887e-05,-1.0768521760e+01,1.0768528101e+01,2.7932227852e+03,1.4319821663e+02,-1.0769590423e+01,1.0769590423e+01,2.7932531088e+03,1.4320257225e+02,1.0686629841e-03,2.9077024354e-03,3.7752829825e-01,2.7240886292e-02,0.0000000000e+00,0.0000000000e+00,0.0000000000e+00,0.0000000000e+00,5.1145160580e-07,5.1145190697e-07,1.3266428862e-04,6.8012081394e-06,5.2087750114e-07,5.3162763584e-07,1.3165302565e-04,6.7956422215e-06,1.0000000000e+00,4.1921888688e+00,2.0679115636e+00,4.1921888688e+00,1.0000000000e+00,1.0000285724e+00,1.0000095586e+00,1.0000285724e+00,1.9011547729e+03,1.9884787510e+03,1.9616948492e+00,nan,3.7688674676e-01,3.9419793598e-01,3.8888826957e-04,nan,5.6966745300e-01,2.2289615080e-02,2.2889065542e-01,4.1920690912e+00,6.5654767872e-01,9.9237727812e-01,1.9768406892e-03,1.4053855058e-03,1.5449219966e-02,5.5016135006e-01,3.0730247449e-01,484457,52,54,41,1.3165302565e-04,4.8463111385e-01,4.8897574627e-01,2.8387603259e-02,-3.5330044112e+00,-2.7929688721e+03,3.0122311742e-02,-2.7929387498e+03,-9.2175991419e-06,447024,48,48,48,-2.3110505077e-04,1.0000000000e+00,5.6563678897e-01,5.9108867772e-02,-2.7674464791e+00,-1.4047186108e+00,-6.4505686445e-02,-1.4692242973e+00,1.0650428584e-04,2.8126987742e-02,5.9215372058e-02,1.0959554049e-05,2.9687870155e-04,0,0,0,2.3958248488e-04,3.1921888688e+00,3.1924284512e+00,9.3176175816e-08,2.8572417675e-05,2.8665593851e-05,4.7495061735e-04,2.3958248488e+00
133,1.3300000000e-02,1.0000000000e-04,-9.2981466286e-02,1.3421961594e-01,1.4698614191e+00,2.6552551462e-01,-2.1200951996e-01,2.1200951996e-01,1.4055749320e+00,3.4028773682e-01,1.1902805368e-01,1.1920555075e-01,1.9245007770e-01,1.2831519944e-01,0.0000000000e+00,0.0000000000e+00,0.0000000000e+00,0.0000000000e+00,2.2276730741e-05,3.2156669108e-05,3.5215305122e-04,6.3615262592e-05,2.2276730741e-05,2.3850383198e-05,2.2932507506e-04,2.9655380987e-05,-1.0770152419e+01,1.0770158773e+01,2.7935679282e+03,1.4321842686e+02,-1.0771220738e+01,1.0771220738e+01,2.7935979954e+03,1.4322277857e+02,1.0683191006e-03,2.9077467938e-03,3.7752967139e-01,2.7241083298e-02,0.0000000000e+00,0.0000000000e+00,0.0000000000e+00,0.0000000000e+00,5.1152905403e-07,5.1152935580e-07,1.3268068121e-04,6.8021680254e-06,5.2097054093e-07,5.3172832218e-07,1.3167119165e-04,6.7965955548e-06,1.0000000000e+00,4.1921888688e+00,2.0679115636e+00,4.1921888688e+00,1.0000000000e+00,1.0000285724e+00,1.0000095586e+00,1.0000285724e+00,1.9005655172e+03,1.9875126767e+03,1.9617018392e+00,nan,3.7676993214e-01,3.9400642048e-01,3.8888965529e-04,nan,5.7416831374e-01,2.2294330358e-02,2.2918591259e-01,4.1920690912e+00,6.5120854203e-01,9.9239158589e-01,-1.8014971248e-03,-2.4191806651e-03,1.5354063008e-02,5.5018958340e-01,3.0722844702e-01,392105,42,52,41,1.3167119165e-04,4.8476276688e-01,4.8891009445e-01,2.8378385660e-02,-3.5333386559e+00,-2.7933171110e+03,2.9864759646e-02,-2.7932872463e+03,-8.4931966032e-06,447024,48,48,48,-2.2932507506e-04,1.0000000000e+00,5.6540568392e-01,5.9215372058e-02,-2.7655330663e+00,-1.4055749320e+00,-6.4286487104e-02,-1.4698614191e+00,1.0328135943e-04,2.8062789511e-02,5.9318653417e-02,1.0915943195e-05,2.9667493382e-04,0,0,0,2.3958248488e-04,3.1921888688e+00,3.1924284512e+00,9.3176175816e-08,2.8572417675e-05,2.8665593851e-05,4.7495061735e-04,2.3958248488e+00
134,1.3400000000e-02,1.0000000000e-04,-9.3010313657e-02,1.3424667587e-01,1.4704790028e+00,2.6555649117e-01,-2.1205507293e-01,2.1205507293e-01,1.4064101096e+00,3.4033014954e-01,1.1904475927e-01,1.1922130029e-01,1.9245008854e-01,1.2832702846e-01,0.0000000000e+00,0.0000000000e+00,0.0000000000e+00,0.0000000000e+00,2.2283642066e-05,3.2163152191e-05,3.5230101345e-04,6.3622684030e-05,2.2283642066e-05,2.3849608747e-05,2.2757029413e-04,2.9621377068e-05,-1.0771878158e+01,1.0771884525e+01,2.7939399455e+03,1.4323997862e+02,-1.0772946133e+01,1.0772946133e+01,2.7939697563e+03,1.4324432640e+02,1.0679751722e-03,2.9077908846e-03,3.7753099952e-01,2.7241280457e-02,0.0000000000e+00,0.0000000000e+00,0.0000000000e+00,0.0000000000e+00,5.1161101810e-07,5.1161132050e-07,1.3269835020e-04,6.8031916273e-06,5.2106540087e-07,5.3183677733e-07,1.3169061408e-04,6.7976136314e-06,1.0000000000e+00,4.1921888688e+00,2.0679115636e+00,4.1921888688e+00,1.0000000000e+00,1.0000285724e+00,1.0000095586e+00,1.0000285724e+00,1.9000202929e+03,1.9865967524e+03,1.9617086300e+00,nan,3.7666184635e-01,3.9382484677e-01,3.8889100149e-04,nan,5.7868103827e-01,2.2299601766e-02,2.2948337668e-01,4.1920690912e+00,6.4595412854e-01,9.9240581280e-01,-6.6070747294e-03,-7.2648267186e-03,1.5339031265e-02,5.5021760975e-01,3.0715582529e-01,483305,52,42,41,1.3169061408e-04,4.8489443807e-01,4.8884467797e-01,2.8369892463e-02,-3.5336467259e+00,-2.7936932134e+03,2.9607159575e-02,-2.7936636062e+03,-7.7623714254e-06,447024,48,48,48,-2.2757029413e-04,1.0000000000e+00,5.6517635884e-01,5.9318653417e-02,-2.7636806328e+00,-1.4064101096e+00,-6.4068893167e-02,-1.4704790028e+00,1.0034804677e-04,2.8002677039e-02,5.9419001464e-02,1.0843318765e-05,2.9646523705e-04,0,0,0,2.3958248488e-04,3.1921888688e+00,3.1924284512e+00,9.3176175816e-08,2.8572417675e-05,2.8665593851e-05,4.7495061735e-04,2.3958248488e+00
135,1.3500000000e-02,1.0000000000e-04,-9.3038143427e-02,1.3427297719e-01,1.4710786496e+00,2.6558706085e-01,-2.1209960367e-01,2.1209960367e-01,1.4072257667e+00,3.4037165966e-01,1.1906146024e-01,1.1923705327e-01,1.9245008816e-01,1.2833886624e-01,0.0000000000e+00,0.0000000000e+00,0.0000000000e+00,0.0000000000e+00,2.2290309591e-05,3.2169453528e-05,3.5244467834e-04,6.3630007990e-05,2.2290309591e-05,2.3848589256e-05,2.2583994458e-04,2.9587443336e-05,-1.0773702448e+01,1.0773708828e+01,2.7943393703e+03,1.4326291135e+02,-1.0774770079e+01,1.0774770079e+01,2.7943689246e+03,1.4326725520e+02,1.0676311838e-03,2.9078346887e-03,3.7753228269e-01,2.7241477774e-02,0.0000000000e+00,0.0000000000e+00,0.0000000000e+00,0.0000000000e+00,5.1169766287e-07,5.1169796591e-07,1.3271732090e-04,6.8042808187e-06,5.2118169396e-07,5.3193225298e-07,1.3171138048e-04,6.7986975999e-06,1.0000000000e+00,4.1921888688e+00,2.0679115636e+00,4.1921888688e+00,1.0000000000e+00,1.0000285724e+00,1.0000095586e+00,1.0000285724e+00,1.8995173175e+03,1.9857289361e+03,1.9617153014e+00,nan,3.7656213602e-01,3.9365281004e-01,3.8889232404e-04,nan,5.8320675169e-01,2.2304558449e-02,2.2978320644e-01,4.1920690912e+00,6.4078125863e-01,9.9242042852e-01,-1.2532015267e-02,-1.3224737767e-02,1.5407287932e-02,5.5024545085e-01,3.0708181810e-01,391337,42,44,41,1.3171138048e-04,4.8502612868e-01,4.8877950010e-01,2.8362130092e-02,-3.5339283654e+00,-2.7940974922e+03,2.9349509173e-02,-2.7940681427e+03,-7.0362302012e-06,447024,48,48,48,-2.2583994458e-04,1.0000000000e+00,5.6494878855e-01,5.9419001464e-02,-2.7618837027e+00,-1.4072257667e+00,-6.3852882924e-02,-1.4710786496e+00,9.7703885414e-05,2.7946884890e-02,5.9516705349e-02,1.0746049208e-05,2.9625040363e-04,0,0,0,2.3958248488e-04,3.1921888688e+00,3.1924284512e+00,9.3176175816e-08,2.8572417675e-05,2.8665593851e-05,4.7495061735e-04,2.3958248488e+00
136,1.3600000000e-02,1.0000000000e-04,-9.3064944051e-02,1.3429852423e-01,1.4716619303e+00,2.6561726157e-01,-2.1214310056e-01,2.1214310056e-01,1.4080234949e+00,3.4041228748e-01,1.1907815651e-01,1.1925280667e-01,1.9245007654e-01,1.2835071262e-01,0.0000000000e+00,0.0000000000e+00,0.0000000000e+00,0.0000000000e+00,2.2296730551e-05,3.2175574151e-05,3.5258442216e-04,6.3637243554e-05,2.2296730551e-05,2.3847305611e-05,2.2413327315e-04,2.9553566018e-05,-1.0775626973e+01,1.0775633368e+01,2.7947662697e+03,1.4328724057e+02,-1.0776694260e+01,1.0776694260e+01,2.7947955675e+03,1.4329158048e+02,1.0672871970e-03,2.9078782655e-03,3.7753352091e-01,2.7241675253e-02,0.0000000000e+00,0.0000000000e+00,0.0000000000e+00,0.0000000000e+00,5.1178906833e-07,5.1178937203e-07,1.3273759652e-04,6.8054363368e-06,5.2131738661e-07,5.3202406067e-07,1.3173334054e-04,6.7998479521e-06,1.0000000000e+00,4.1921888688e+00,2.0679115636e+00,4.1921888688e+00,1.0000000000e+00,1.0000285724e+00,1.0000095586e+00,1.0000285724e+00,1.8990545398e+03,1.9849069121e+03,1.9617218538e+00,nan,3.7647039453e-01,3.9348985121e-01,3.8889362300e-04,nan,5.8774557960e-01,2.2309608865e-02,2.3008553174e-01,4.1920690912e+00,6.3568682865e-01,9.9243427632e-01,-1.9903453405e-02,-2.0631641097e-02,1.5571718728e-02,5.5027727930e-01,3.0700919285e-01,392105,42,52,41,1.3173334054e-04,4.8515784006e-01,4.8871456409e-01,2.8355093862e-02,-3.5341837231e+00,-2.7945297764e+03,2.9091805912e-02,-2.7945006846e+03,-6.3247584036e-06,447024,48,48,48,-2.2413327315e-04,1.0000000000e+00,5.6472294860e-01,5.9516705349e-02,-2.7601368511e+00,-1.4080234949e+00,-6.3638435324e-02,-1.4716619303e+00,9.5344869525e-05,2.7895617807e-02,5.9612050219e-02,1.0628726211e-05,2.9603144278e-04,0,0,0,2.3958248488e-04,3.1921888688e+00,3.1924284512e+00,9.3176175816e-08,2.8572417675e-05,2.8665593851e-05,4.7495061735e-04,2.3958248488e+00
137,1.3700000000e-02,1.0000000000e-04,-9.3090703252e-02,1.3432331257e-01,1.4722303695e+00,2.6564711008e-01,-2.1218555122e-01,2.1218555122e-01,1.4088048395e+00,3.4045203783e-01,1.1909484797e-01,1.1926856037e-01,1.9245006608e-01,1.2836256740e-01,0.0000000000e+00,0.0000000000e+00,0.0000000000e+00,0.0000000000e+00,2.2302902005e-05,3.2181513004e-05,3.5272061024e-04,6.3644394736e-05,2.2302902005e-05,2.3845760739e-05,2.2244954062e-04,2.9519732238e-05,-1.0777651748e+01,1.0777658156e+01,2.7952202816e+03,1.4331295955e+02,-1.0778718691e+01,1.0778718691e+01,2.7952493229e+03,1.4331729549e+02,1.0669432647e-03,2.9079216680e-03,3.7753471422e-01,2.7241872898e-02,0.0000000000e+00,0.0000000000e+00,0.0000000000e+00,0.0000000000e+00,5.1188523512e-07,5.1188553948e-07,1.3275915984e-04,6.8066578613e-06,5.2144670346e-07,5.3213605656e-07,1.3175638281e-04,6.8010643381e-06,1.0000000000e+00,4.1921888688e+00,2.0679115636e+00,4.1921888688e+00,1.0000000000e+00,1.0000285724e+00,1.0000095586e+00,1.0000285724e+00,1.8986296843e+03,1.9841281379e+03,1.9617281610e+00,nan,3.7638617076e-01,3.9333546625e-01,3.8889487334e-04,nan,5.9229784177e-01,2.2315750895e-02,2.3039044810e-01,4.1920690912e+00,6.3066782648e-01,9.9244664528e-01,-2.9207152299e-02,-2.9982415591e-02,1.5821561829e-02,5.5030887331e-01,3.0693879419e-01,484457,52,54,41,1.3175638281e-04,4.8528957340e-01,4.8864987316e-01,2.8348769103e-02,-3.5344133128e+00,-2.7949894576e+03,2.8834047558e-02,-2.7949606235e+03,-5.6368852204e-06,447024,48,48,48,-2.2244954062e-04,1.0000000000e+00,5.6449881533e-01,5.9612050219e-02,-2.7584347641e+00,-1.4088048395e+00,-6.3425529972e-02,-1.4722303695e+00,9.3263828007e-05,2.7849049227e-02,5.9705314047e-02,1.0496058103e-05,2.9580972199e-04,0,0,0,2.3958248488e-04,3.1921888688e+00,3.1924284512e+00,9.3176175816e-08,2.8572417675e-05,2.8665593851e-05,4.7495061735e-04,2.3958248488e+00
138,1.3800000000e-02,1.0000000000e-04,-9.3115407992e-02,1.3434733248e-01,1.4727854337e+00,2.6567660234e-01,-2.1222694251e-01,2.1222694251e-01,1.4095712865e+00,3.4049090031e-01,1.1911153451e-01,1.1928431425e-01,1.9245008363e-01,1.2837443041e-01,0.0000000000e+00,0.0000000000e+00,0.0000000000e+00,0.0000000000e+00,2.2308820828e-05,3.2187267752e-05,3.5285359389e-04,6.3651460564e-05,2.2308820828e-05,2.3843943056e-05,2.2078802530e-04,2.9485929916e-05,-1.0779775223e+01,1.0779781645e+01,2.7957006500e+03,1.4334004085e+02,-1.0780841823e+01,1.0780841823e+01,2.7957294346e+03,1.4334437281e+02,1.0665993391e-03,2.9079648489e-03,3.7753586264e-01,2.7242070710e-02,0.0000000000e+00,0.0000000000e+00,0.0000000000e+00,0.0000000000e+00,5.1198608972e-07,5.1198639474e-07,1.3278197496e-04,6.8079440894e-06,5.2159811823e-07,5.3223521891e-07,1.3178072722e-04,6.8023442081e-06,1.0000000000e+00,4.1921888688e+00,2.0679115636e+00,4.1921888688e+00,1.0000000000e+00,1.0000285724e+00,1.0000095586e+00,1.0000285724e+00,1.8982402909e+03,1.9833898869e+03,1.9617339495e+00,nan,3.7630897704e-01,3.9318911467e-01,3.8889602087e-04,nan,5.9686537365e-01,2.2321610888e-02,2.3069797112e-01,4.1920690912e+00,6.2572134484e-01,9.9245946038e-01,-4.1154707795e-02,-4.2018573153e-02,1.6153619705e-02,5.5033966188e-01,3.0685819608e-01,511158,55,44,54,1.3178072722e-04,4.8542132979e-01,4.8858543043e-01,2.8343132218e-02,-3.5346179744e+00,-2.7954755358e+03,2.8576232095e-02,-2.7954469596e+03,-4.9805677387e-06,447024,48,48,48,-2.2078802530e-04,1.0000000000e+00,5.6427636579e-01,5.9705314047e-02,-2.7567722929e+00,-1.4095712865e+00,-6.3214147116e-02,-1.4727854337e+00,9.1450810776e-05,2.7807319934e-02,5.9796764858e-02,1.0352766995e-05,2.9558517979e-04,0,0,0,2.3958248488e-04,3.1921888688e+00,3.1924284512e+00,9.3176175816e-08,2.8572417675e-05,2.8665593851e-05,4.7495061735e-04,2.3958248488e+00
139,1.3900000000e-02,1.0000000000e-04,-9.3139044473e-02,1.3437056703e-01,1.4733285195e+00,2.6570571401e-01,-2.1226726052e-01,2.1226726052e-01,1.4103242519e+00,3.4052884963e-01,1.1912821605e-01,1.1930006819e-01,1.9245008972e-01,1.2838630146e-01,0.0000000000e+00,0.0000000000e+00,0.0000000000e+00,0.0000000000e+00,2.2314483715e-05,3.2192834345e-05,3.5298370775e-04,6.3658435209e-05,2.2314483715e-05,2.3841854362e-05,2.1914802609e-04,2.9452147707e-05,-1.0781994394e+01,1.0782000830e+01,2.7962062573e+03,1.4336843782e+02,-1.0783060649e+01,1.0783060649e+01,2.7962347853e+03,1.4337276576e+02,1.0662554842e-03,2.9080078741e-03,3.7753696620e-01,2.7242268694e-02,0.0000000000e+00,0.0000000000e+00,0.0000000000e+00,0.0000000000e+00,5.1209148936e-07,5.1209179505e-07,1.3280598882e-04,6.8092928050e-06,5.2175909578e-07,5.3236133447e-07,1.3180657828e-04,6.8036865089e-06,1.0000000000e+00,4.1921888688e+00,2.0679115636e+00,4.1921888688e+00,1.0000000000e+00,1.0000285724e+00,1.0000095586e+00,1.0000285724e+00,1.8978837512e+03,1.9826892869e+03,1.9617396217e+00,nan,3.7623829627e-01,3.9305022707e-01,3.8889714532e-04,nan,6.0144999082e-01,2.2328856069e-02,2.3100816201e-01,4.1920690912e+00,6.2084459220e-01,9.9247465764e-01,-5.6810867994e-02,-5.7880567605e-02,1.6565855323e-02,5.5037003601e-01,3.0678323818e-01,410729,44,54,41,1.3180657828e-04,4.8555311051e-01,4.8852123889e-01,2.8338151650e-02,-3.5347988397e+00,-2.7959866611e+03,2.8318357078e-02,-2.7959583427e+03,-4.3628860343e-06,447024,48,48,48,-2.1914802609e-04,1.0000000000e+00,5.6405557776e-01,5.9796764858e-02,-2.7551444994e+00,-1.4103242519e+00,-6.3004267634e-02,-1.4733285195e+00,8.9893472740e-05,2.7770536910e-02,5.9886658330e-02,1.0203488096e-05,2.9535838618e-04,0,0,0,2.3958248488e-04,3.1921888688e+00,3.1924284512e+00,9.3176175816e-08,2.8572417675e-05,2.8665593851e-05,4.7495061735e-04,2.3958248488e+00
140,1.4000000000e-02,1.0000000000e-04,-9.3161598203e-02,1.3439301924e-01,1.4738609452e+00,2.6573440131e-01,-2.1230649067e-01,2.1230649067e-01,1.4110650721e+00,3.4056584628e-01,1.1914489246e-01,1.1931582205e-01,1.9245008529e-01,1.2839818038e-01,0.0000000000e+00,0.0000000000e+00,0.0000000000e+00,0.0000000000e+00,2.2319887193e-05,3.2198213499e-05,3.5311126761e-04,6.3665308184e-05,2.2319887193e-05,2.3839485240e-05,2.1752886504e-04,2.9418374951e-05,-1.0784304894e+01,1.0784311344e+01,2.7967356543e+03,1.4339808592e+02,-1.0785370806e+01,1.0785370806e+01,2.7967639255e+03,1.4340240984e+02,1.0659117162e-03,2.9080507613e-03,3.7753802496e-01,2.7242466859e-02,0.0000000000e+00,0.0000000000e+00,0.0000000000e+00,0.0000000000e+00,5.1220122672e-07,5.1220153308e-07,1.3283113256e-04,6.8107009436e-06,5.2191371483e-07,5.3251116614e-07,1.3183381332e-04,6.8050883081e-06,1.0000000000e+00,4.1921888688e+00,2.0679115636e+00,4.1921888688e+00,1.0000000000e+00,1.0000285724e+00,1.0000095586e+00,1.0000285724e+00,1.8975573398e+03,1.9820233529e+03,1.9617451684e+00,nan,3.7617358816e-01,3.9291821167e-01,3.8889824490e-04,nan,6.0605204415e-01,2.2337360088e-02,2.3132101347e-01,4.1920690912e+00,6.1603490172e-01,9.9249182614e-01,-7.7680367399e-02,-7.9265896015e-02,1.7055404810e-02,5.5039987696e-01,3.0671503739e-01,392105,42,52,41,1.3183381332e-04,4.8568491709e-01,4.8845730140e-01,2.8333788764e-02,-3.5349572997e+00,-2.7965211716e+03,2.8060419657e-02,-2.7964931112e+03,-3.7901416901e-06,447024,48,48,48,-2.1752886504e-04,1.0000000000e+00,5.6383642974e-01,5.9886658330e-02,-2.7535466963e+00,-1.4110650721e+00,-6.2795873014e-02,-1.4738609452e+00,8.8577447046e-05,2.7738772382e-02,5.9975235777e-02,1.0052682631e-05,2.9512864562e-04,0,0,0,2.3958248488e-04,3.1921888688e+00,3.1924284512e+00,9.3176175816e-08,2.8572417675e-05,2.8665593851e-05,4.7495061735e-04,2.3958248488e+00
141,1.4100000000e-02,1.0000000000e-04,-9.3183054085e-02,1.3441466369e-01,1.4743839427e+00,2.6576260202e-01,-2.1234461775e-01,2.1234461775e-01,1.4117949973e+00,3.4060183723e-01,1.1916156366e-01,1.1933157573e-01,1.9245006965e-01,1.2841006697e-01,0.0000000000e+00,0.0000000000e+00,0.0000000000e+00,0.0000000000e+00,2.2325027647e-05,3.2203399133e-05,3.5323656866e-04,6.3672064580e-05,2.2325027647e-05,2.3836837457e-05,2.1592988951e-04,2.9384601659e-05,-1.0786701089e+01,1.0786707554e+01,2.7972870861e+03,1.4342890406e+02,-1.0787766657e+01,1.0787766657e+01,2.7973151005e+03,1.4343322392e+02,1.0655679893e-03,2.9080934667e-03,3.7753903893e-01,2.7242665208e-02,0.0000000000e+00,0.0000000000e+00,0.0000000000e+00,0.0000000000e+00,5.1231503415e-07,5.1231534118e-07,1.3285732284e-04,6.8121646527e-06,5.2206890183e-07,5.3265757275e-07,1.3186200155e-04,6.8065461686e-06,1.0000000000e+00,4.1921888688e+00,2.0679115636e+00,4.1921888688e+00,1.0000000000e+00,1.0000285724e+00,1.0000095586e+00,1.0000285724e+00,1.8972582413e+03,1.9813890159e+03,1.9617505965e+00,nan,3.7611429459e-01,3.9279246009e-01,3.8889932098e-04,nan,6.1067044422e-01,2.2345983342e-02,2.3163649614e-01,4.1920690912e+00,6.1128973800e-01,9.9250834447e-01,-1.0548128944e-01,-1.0837067173e-01,1.7619352391e-02,5.5042941969e-01,3.0664282743e-01,391351,42,44,55,1.3186200155e-04,4.8581675091e-01,4.8839362062e-01,2.8329998622e-02,-3.5350949768e+00,-2.7970771272e+03,2.7802417226e-02,-2.7970493248e+03,-3.2679543771e-06,447024,48,48,48,-2.1592988951e-04,1.0000000000e+00,5.6361890087e-01,5.9975235777e-02,-2.7519744799e+00,-1.4117949973e+00,-6.2588945338e-02,-1.4743839427e+00,8.7486701141e-05,2.7712063122e-02,6.0062722478e-02,9.9045498973e-06,2.9489574461e-04,0,0,0,2.3958248488e-04,3.1921888688e+00,3.1924284512e+00,9.3176175816e-08,2.8572417675e-05,2.8665593851e-05,4.7495061735e-04,2.3958248488e+00
142,1.4200000000e-02,1.0000000000e-04,-9.3203396564e-02,1.3443548433e-01,1.4748986523e+00,2.6579023668e-01,-2.1238162611e-01,2.1238162611e-01,1.4125151851e+00,3.4063675693e-01,1.1917822955e-01,1.1934733860e-01,1.9245007420e-01,1.2842196107e-01,0.0000000000e+00,0.0000000000e+00,0.0000000000e+00,0.0000000000e+00,2.2329901348e-05,3.2208387393e-05,3.5335988408e-04,6.3678685362e-05,2.2329901348e-05,2.3833922010e-05,2.1435047393e-04,2.9350818517e-05,-1.0789176160e+01,1.0789182639e+01,2.7978585171e+03,1.4346079567e+02,-1.0790241384e+01,1.0790241384e+01,2.7978862747e+03,1.4346511145e+02,1.0652242863e-03,2.9081359760e-03,3.7754000815e-01,2.7242863742e-02,0.0000000000e+00,0.0000000000e+00,0.0000000000e+00,0.0000000000e+00,5.1243258779e-07,5.1243289550e-07,1.3288446300e-04,6.8136793468e-06,5.2222739401e-07,5.3280628299e-07,1.3189109900e-04,6.8080552175e-06,1.0000000000e+00,4.1921888688e+00,2.0679115636e+00,4.1921888688e+00,1.0000000000e+00,1.0000285724e+00,1.0000095586e+00,1.0000285724e+00,1.8969835742e+03,1.9807831478e+03,1.9617555864e+00,nan,3.7605984432e-01,3.9267235222e-01,3.8890031017e-04,nan,6.1530584269e-01,2.2354956216e-02,2.3195452670e-01,4.1920690912e+00,6.0660670209e-01,9.9252460386e-01,-1.4039073506e-01,-1.4632925819e-01,1.8252875869e-02,5.5045895899e-01,3.0656912586e-01,391337,42,44,41,1.3189109900e-04,4.8594861291e-01,4.8833019900e-01,2.8326730668e-02,-3.5352136999e+00,-2.7976523393e+03,2.7544348020e-02,-2.7976247949e+03,-2.8013505052e-06,447024,48,48,48,-2.1435047393e-04,1.0000000000e+00,5.6340297098e-01,6.0062722478e-02,-2.7504237562e+00,-1.4125151851e+00,-6.2383467257e-02,-1.4748986523e+00,8.6603869742e-05,2.7690410008e-02,6.0149326348e-02,9.7629568949e-06,2.9465970246e-04,0,0,0,2.3958248488e-04,3.1921888688e+00,3.1924284512e+00,9.3176175816e-08,2.8572417675e-05,2.8665593851e-05,4.7495061735e-04,2.3958248488e+00
143,1.4300000000e-02,1.0000000000e-04,-9.3222609798e-02,1.3445545262e-01,1.4754061185e+00,2.6581721002e-01,-2.1241749982e-01,2.1241749982e-01,1.4132266965e+00,3.4067052840e-01,1.1919489002e-01,1.1936310495e-01,1.9245008732e-01,1.2843386252e-01,0.0000000000e+00,0.0000000000e+00,0.0000000000e+00,0.0000000000e+00,2.2334504503e-05,3.2213171444e-05,3.5348146408e-04,6.3685147700e-05,2.2334504503e-05,2.3830729740e-05,2.1279002125e-04,2.9317016909e-05,-1.0791722187e+01,1.0791728680e+01,2.7984476538e+03,1.4349364988e+02,-1.0792787068e+01,1.0792787068e+01,2.7984751544e+03,1.4349796156e+02,1.0648806023e-03,2.9081782870e-03,3.7754093264e-01,2.7243062465e-02,0.0000000000e+00,0.0000000000e+00,0.0000000000e+00,0.0000000000e+00,5.1255351151e-07,5.1255381990e-07,1.3291244408e-04,6.8152397596e-06,5.2239749304e-07,5.3294465878e-07,1.3192097932e-04,6.8096100003e-06,1.0000000000e+00,4.1921888688e+00,2.0679115636e+00,4.1921888688e+00,1.0000000000e+00,1.0000285724e+00,1.0000095586e+00,1.0000285724e+00,1.8967304112e+03,1.9802025827e+03,1.9617602563e+00,nan,3.7600965705e-01,3.9255726044e-01,3.8890123596e-04,nan,6.1995848559e-01,2.2363757409e-02,2.3227499651e-01,4.1920690912e+00,6.0198353485e-01,9.9254046703e-01,-1.7545917067e-01,-1.8663187532e-01,1.8949956700e-02,5.5048865113e-01,3.0649490401e-01,483210,52,41,42,1.3192097932e-04,4.8608050401e-01,4.8826703877e-01,2.8323929318e-02,-3.5353154820e+00,-2.7982443968e+03,2.7286210360e-02,-2.7982171106e+03,-2.3948378206e-06,447024,48,48,48,-2.1279002125e-04,1.0000000000e+00,5.6318862051e-01,6.0149326348e-02,-2.7488907620e+00,-1.4132266965e+00,-6.2179421969e-02,-1.4754061185e+00,8.5910561568e-05,2.7673777879e-02,6.0235236910e-02,9.6313728291e-06,2.9442075870e-04,0,0,0,2.3958248488e-04,3.1921888688e+00,3.1924284512e+00,9.3176175816e-08,2.8572417675e-05,2.8665593851e-05,4.7495061735e-04,2.3958248488e+00
144,1.4400000000e-02,1.0000000000e-04,-9.3240677864e-02,1.3447454146e-01,1.4759072865e+00,2.6584341241e-01,-2.1245222288e-01,2.1245222288e-01,1.4139304933e+00,3.4070306441e-01,1.1921154501e-01,1.1937887074e-01,1.9245008945e-01,1.2844577114e-01,0.0000000000e+00,0.0000000000e+00,0.0000000000e+00,0.0000000000e+00,2.2338833295e-05,3.2217744798e-05,3.5360153516e-04,6.3691425336e-05,2.2338833295e-05,2.3827264268e-05,2.1124796391e-04,2.9283188951e-05,-1.0794330232e+01,1.0794336739e+01,2.7990519654e+03,1.4352734257e+02,-1.0795394769e+01,1.0795394769e+01,2.7990792090e+03,1.4353165012e+02,1.0645369667e-03,2.9082204315e-03,3.7754181243e-01,2.7243261378e-02,0.0000000000e+00,0.0000000000e+00,0.0000000000e+00,0.0000000000e+00,5.1267738074e-07,5.1267768983e-07,1.3294114590e-04,6.8168399960e-06,5.2256512011e-07,5.3309198844e-07,1.3195154226e-04,6.8112047416e-06,1.0000000000e+00,4.1921888688e+00,2.0679115636e+00,4.1921888688e+00,1.0000000000e+00,1.0000285724e+00,1.0000095586e+00,1.0000285724e+00,1.8964957968e+03,1.9796441354e+03,1.9617648062e+00,nan,3.7596314686e-01,3.9244655330e-01,3.8890213792e-04,nan,6.2462870560e-01,2.2373193265e-02,2.3259778001e-01,4.1920690912e+00,5.9741811871e-01,9.9255607711e-01,-1.9345341690e-01,-2.0822894159e-01,1.9704717559e-02,5.5051860540e-01,3.0642116171e-01,392105,42,52,41,1.3195154226e-04,4.8621242499e-01,4.8820414189e-01,2.8321534480e-02,-3.5354025020e+00,-2.7988506895e+03,2.7028002813e-02,-2.7988236615e+03,-2.0524641847e-06,447024,48,48,48,-2.1124796391e-04,1.0000000000e+00,5.6297583049e-01,6.0235236910e-02,-2.7473720801e+00,-1.4139304933e+00,-6.1976793193e-02,-1.4759072865e+00,8.5387638340e-05,2.7662095693e-02,6.0320624548e-02,9.5128219109e-06,2.9417882809e-04,0,0,0,2.3958248488e-04,3.1921888688e+00,3.1924284512e+00,9.3176175816e-08,2.8572417675e-05,2.8665593851e-05,4.7495061735e-04,2.3958248488e+00
145,1.4500000000e-02,1.0000000000e-04,-9.3257584998e-02,1.3449273030e-01,1.4764030014e+00,2.6586872166e-01,-2.1248577943e-01,2.1248577943e-01,1.4146274363e+00,3.4073426887e-01,1.1922819444e-01,1.1939463586e-01,1.9245008133e-01,1.2845768678e-01,0.0000000000e+00,0.0000000000e+00,0.0000000000e+00,0.0000000000e+00,2.2342883948e-05,3.2222102524e-05,3.5372029978e-04,6.3697488987e-05,2.2342883948e-05,2.3823518868e-05,2.0972376466e-04,2.9249327546e-05,-1.0796990415e+01,1.0796996938e+01,2.7996687044e+03,1.4356173741e+02,-1.0798054608e+01,1.0798054608e+01,2.7996956909e+03,1.4356604082e+02,1.0641933558e-03,2.9082623881e-03,3.7754264754e-01,2.7243460485e-02,0.0000000000e+00,0.0000000000e+00,0.0000000000e+00,0.0000000000e+00,5.1280372632e-07,5.1280403610e-07,1.3297043795e-04,6.8184735813e-06,5.2273401574e-07,5.3323239688e-07,1.3198258750e-04,6.8128326247e-06,1.0000000000e+00,4.1921888688e+00,2.0679115636e+00,4.1921888688e+00,1.0000000000e+00,1.0000285724e+00,1.0000095586e+00,1.0000285724e+00,1.8962767629e+03,1.9791046172e+03,1.9617692283e+00,nan,3.7591972538e-01,3.9233959871e-01,3.8890301457e-04,nan,6.2931631859e-01,2.2382604343e-02,2.3292270956e-01,4.1920690912e+00,5.9290847823e-01,9.9257090170e-01,-1.8624881785e-01,-1.9900340310e-01,2.0509805712e-02,5.5054904815e-01,3.0634334912e-01,410729,44,54,41,1.3198258750e-04,4.8634437653e-01,4.8814151008e-01,2.8319482016e-02,-3.5354770870e+00,-2.7994684282e+03,2.6769724145e-02,-2.7994416585e+03,-1.7778583443e-06,447024,48,48,48,-2.0972376466e-04,1.0000000000e+00,5.6276458253e-01,6.0320624548e-02,-2.7458646496e+00,-1.4146274363e+00,-6.1775565142e-02,-1.4764030014e+00,8.5015465042e-05,2.7655257013e-02,6.0405640013e-02,9.4098445101e-06,2.9393397495e-04,0,0,0,2.3958248488e-04,3.1921888688e+00,3.1924284512e+00,9.3176175816e-08,2.8572417675e-05,2.8665593851e-05,4.7495061735e-04,2.3958248488e+00
146,1.4600000000e-02,1.0000000000e-04,-9.3273315846e-02,1.3450998713e-01,1.4768940073e+00,2.6589300467e-01,-2.1251815408e-01,2.1251815408e-01,1.4153182848e+00,3.4076403824e-01,1.1924483824e-01,1.1941040024e-01,1.9245006200e-01,1.2846960931e-01,0.0000000000e+00,0.0000000000e+00,0.0000000000e+00,0.0000000000e+00,2.2346652784e-05,3.2226236959e-05,3.5383793617e-04,6.3703306773e-05,2.2346652784e-05,2.3819504799e-05,2.0821691702e-04,2.9215426438e-05,-1.0799692002e+01,1.0799698539e+01,2.8002949270e+03,1.4359668698e+02,-1.0800755852e+01,1.0800755852e+01,2.8003216564e+03,1.4360098620e+02,1.0638497630e-03,2.9083041516e-03,3.7754343799e-01,2.7243659786e-02,0.0000000000e+00,0.0000000000e+00,0.0000000000e+00,0.0000000000e+00,5.1293203835e-07,5.1293234884e-07,1.3300018044e-04,6.8201335131e-06,5.2290135030e-07,5.3337996702e-07,1.3201165463e-04,6.8144868729e-06,1.0000000000e+00,4.1921888688e+00,2.0679115636e+00,4.1921888688e+00,1.0000000000e+00,1.0000285724e+00,1.0000095586e+00,1.0000285724e+00,1.8960703431e+03,1.9785808511e+03,1.9617735326e+00,nan,3.7587880450e-01,3.9223576679e-01,3.8890386786e-04,nan,6.3401022607e-01,2.2392571614e-02,2.3324961172e-01,4.1920690912e+00,5.8845277946e-01,9.9256748523e-01,-1.6615133304e-01,-1.7479258636e-01,2.1356765204e-02,5.5057972814e-01,3.0626822218e-01,392105,42,52,41,1.3201165463e-04,4.8647635911e-01,4.8807914474e-01,2.8317704157e-02,-3.5355416973e+00,-2.8000946636e+03,2.6511373511e-02,-2.8000681522e+03,-1.5742498776e-06,447024,48,48,48,-2.0821691702e-04,1.0000000000e+00,5.6255485876e-01,6.0405640013e-02,-2.7443657719e+00,-1.4153182848e+00,-6.1575722498e-02,-1.4768940073e+00,8.4774131504e-05,2.7653120819e-02,6.0490414145e-02,9.3244698738e-06,2.9371671819e-04,0,0,0,2.3958248488e-04,3.1921888688e+00,3.1924284512e+00,9.3176175816e-08,2.8572417675e-05,2.8665593851e-05,4.7495061735e-04,2.3958248488e+00
147,1.4700000000e-02,1.0000000000e-04,-9.3287855750e-02,1.3452628050e-01,1.4773809475e+00,2.6591611942e-01,-2.1254933211e-01,2.1254933211e-01,1.4160036971e+00,3.4079226303e-01,1.1926147636e-01,1.1942616381e-01,1.9245008053e-01,1.2848153859e-01,0.0000000000e+00,0.0000000000e+00,0.0000000000e+00,0.0000000000e+00,2.2350136290e-05,3.2230140564e-05,3.5395459851e-04,6.3708844662e-05,2.2350136290e-05,2.3815216106e-05,2.0672694549e-04,2.9181480275e-05,-1.0802423485e+01,1.0802430038e+01,2.8009275137e+03,1.4363203383e+02,-1.0803486991e+01,1.0803486991e+01,2.8009539859e+03,1.4363632885e+02,1.0635061726e-03,2.9083457083e-03,3.7754418380e-01,2.7243859284e-02,0.0000000000e+00,0.0000000000e+00,0.0000000000e+00,0.0000000000e+00,5.1306177032e-07,5.1306208153e-07,1.3303022518e-04,6.8218123139e-06,5.2307318867e-07,5.3352834951e-07,1.3204052273e-04,6.8161601004e-06,1.0000000000e+00,4.1921888688e+00,2.0679115636e+00,4.1921888688e+00,1.0000000000e+00,1.0000285724e+00,1.0000095586e+00,1.0000285724e+00,1.8958735853e+03,1.9780696842e+03,1.9617772191e+00,nan,3.7583979906e-01,3.9213443258e-01,3.8890459868e-04,nan,6.3871945874e-01,2.2402834689e-02,2.3357828445e-01,4.1920690912e+00,5.8404932824e-01,9.9256031892e-01,-1.4960440709e-01,-1.5560746688e-01,2.2237132856e-02,5.5061081725e-01,3.0619523416e-01,392105,42,52,41,1.3204052273e-04,4.8660837077e-01,4.8801704699e-01,2.8316129907e-02,-3.5355989114e+00,-2.8007263022e+03,2.6252954883e-02,-2.8007000493e+03,-1.4444794895e-06,447024,48,48,48,-2.0672694549e-04,1.0000000000e+00,5.6234664184e-01,6.0490414145e-02,-2.7428731134e+00,-1.4160036971e+00,-6.1377250382e-02,-1.4773809475e+00,8.4643646729e-05,2.7655512662e-02,6.0575057791e-02,9.2582020516e-06,2.9388350478e-04,0,0,0,2.3958248488e-04,3.1921888688e+00,3.1924284512e+00,9.3176175816e-08,2.8572417675e-05,2.8665593851e-05,4.7495061735e-04,2.3958248488e+00
148,1.4800000000e-02,1.0000000000e-04,-9.3301191031e-02,1.3454157991e-01,1.4778643663e+00,2.6593791682e-01,-2.1257929980e-01,2.1257929980e-01,1.4166842319e+00,3.4081882936e-01,1.1927810877e-01,1.1944192652e-01,1.9245008931e-01,1.2849347451e-01,0.0000000000e+00,0.0000000000e+00,0.0000000000e+00,0.0000000000e+00,2.2353331190e-05,3.2233806036e-05,3.5407041719e-04,6.3714066936e-05,2.2353331190e-05,2.3810654887e-05,2.0525340562e-04,2.9147484674e-05,-1.0805172678e+01,1.0805179246e+01,2.8015631905e+03,1.4366761171e+02,-1.0806235841e+01,1.0806235841e+01,2.8015894053e+03,1.4367190250e+02,1.0631625958e-03,2.9083870699e-03,3.7754488500e-01,2.7244058979e-02,0.0000000000e+00,0.0000000000e+00,0.0000000000e+00,0.0000000000e+00,5.1319234342e-07,5.1319265535e-07,1.3306041669e-04,6.8235020874e-06,5.2324118580e-07,5.3368925124e-07,1.3206984116e-04,6.8178443511e-06,1.0000000000e+00,4.1921888688e+00,2.0679115636e+00,4.1921888688e+00,1.0000000000e+00,1.0000285724e+00,1.0000095586e+00,1.0000285724e+00,1.8956835650e+03,1.9775680015e+03,1.9617807731e+00,nan,3.7580212926e-01,3.9203497853e-01,3.8890530322e-04,nan,6.4344774578e-01,2.2413883774e-02,2.3390849767e-01,4.1920690912e+00,5.7969656783e-01,9.9255544546e-01,-1.4963586753e-01,-1.5525446246e-01,2.3142399300e-02,5.5064245918e-01,3.0612344989e-01,392105,42,52,41,1.3206984116e-04,4.8674041129e-01,4.8795521762e-01,2.8314685428e-02,-3.5356514118e+00,-2.8013601268e+03,2.5994468754e-02,-2.8013341324e+03,-1.3909811083e-06,447024,48,48,48,-2.0525340562e-04,1.0000000000e+00,5.6213991490e-01,6.0575057791e-02,-2.7413847037e+00,-1.4166842319e+00,-6.1180134328e-02,-1.4778643663e+00,8.4604108985e-05,2.7662226154e-02,6.0659661900e-02,9.2120198614e-06,2.9404889707e-04,0,0,0,2.3958248488e-04,3.1921888688e+00,3.1924284512e+00,9.3176175816e-08,2.8572417675e-05,2.8665593851e-05,4.7495061735e-04,2.3958248488e+00
149,1.4900000000e-02,1.0000000000e-04,-9.3313309294e-02,1.3455585116e-01,1.4783447107e+00,2.6595824269e-01,-2.1260804473e-01,2.1260804473e-01,1.4173603504e+00,3.4084362055e-01,1.1929473543e-01,1.1945768832e-01,1.9245008799e-01,1.2850541695e-01,0.0000000000e+00,0.0000000000e+00,0.0000000000e+00,0.0000000000e+00,2.2356234513e-05,3.2237225176e-05,3.5418549930e-04,6.3718936659e-05,2.2356234513e-05,2.3805829129e-05,2.0379588379e-04,2.9113436281e-05,-1.0807926810e+01,1.0807933393e+01,2.8021985516e+03,1.4370324681e+02,-1.0808989629e+01,1.0808989629e+01,2.8022245091e+03,1.4370753335e+02,1.0628190135e-03,2.9084282180e-03,3.7754554159e-01,2.7244258874e-02,0.0000000000e+00,0.0000000000e+00,0.0000000000e+00,0.0000000000e+00,5.1332315109e-07,5.1332346374e-07,1.3309059320e-04,6.8251945788e-06,5.2340919473e-07,5.3384556090e-07,1.3209960800e-04,6.8195314867e-06,1.0000000000e+00,4.1921888688e+00,2.0679115636e+00,4.1921888688e+00,1.0000000000e+00,1.0000285724e+00,1.0000095586e+00,1.0000285724e+00,1.8954973974e+03,1.9770727383e+03,1.9617841983e+00,nan,3.7576522321e-01,3.9193679707e-01,3.8890598224e-04,nan,6.4819566293e-01,2.2424993392e-02,2.3424000592e-01,4.1920690912e+00,5.7539307566e-01,9.9255405524e-01,-1.5330345495e-01,-1.5891375916e-01,2.4061779010e-02,5.5067429584e-01,3.0605065982e-01,483305,52,42,41,1.3209960800e-04,4.8687248113e-01,4.8789365710e-01,2.8313294447e-02,-3.5357019703e+00,-2.8019928133e+03,2.5735914342e-02,-2.8019670774e+03,-1.4157543875e-06,447024,48,48,48,-2.0379588379e-04,1.0000000000e+00,5.6193466149e-01,6.0659661900e-02,-2.7398989324e+00,-1.4173603504e+00,-6.0984360252e-02,-1.4783447107e+00,8.4635853653e-05,2.7673024782e-02,6.0744297754e-02,9.1863829139e-06,2.9421257217e-04,0,0,0,2.3958248488e-04,3.1921888688e+00,3.1924284512e+00,9.3176175816e-08,2.8572417675e-05,2.8665593851e-05,4.7495061735e-04,2.3958248488e+00
150,1.5000000000e-02,1.0000000000e-04,-9.3324199735e-02,1.3456905515e-01,1.4788223331e+00,2.6597693979e-01,-2.1263555609e-01,2.1263555609e-01,1.4180324186e+00,3.4086651872e-01,1.1931135635e-01,1.1947345482e-01,1.9245007620e-01,1.2851736582e-01,0.0000000000e+00,0.0000000000e+00,0.0000000000e+00,0.0000000000e+00,2.2358843672e-05,3.2240388622e-05,3.5429992926e-04,6.3723416157e-05,2.2358843672e-05,2.3800745437e-05,2.0235399694e-04,2.9079332828e-05,-1.0810672630e+01,1.0810679229e+01,2.8028300844e+03,1.4373875913e+02,-1.0811735106e+01,1.0811735106e+01,2.8028557845e+03,1.4374304140e+02,1.0624754246e-03,2.9084691515e-03,3.7754615359e-01,2.7244458970e-02,0.0000000000e+00,0.0000000000e+00,0.0000000000e+00,0.0000000000e+00,5.1345356398e-07,5.1345387736e-07,1.3312058789e-04,6.8268812388e-06,5.2357397329e-07,5.3400216351e-07,1.3212958730e-04,6.8212128138e-06,1.0000000000e+00,4.1921888688e+00,2.0679115636e+00,4.1921888688e+00,1.0000000000e+00,1.0000285724e+00,1.0000095586e+00,1.0000285724e+00,1.8953122506e+03,1.9765808931e+03,1.9617874986e+00,nan,3.7572851953e-01,3.9183929321e-01,3.8890663648e-04,nan,6.5296257695e-01,2.2436362967e-02,2.3457253487e-01,4.1920690912e+00,5.7113755954e-01,9.9255561736e-01,-1.5653669653e-01,-1.6211143991e-01,2.4984680818e-02,5.5070622109e-01,3.0597983308e-01,392105,42,52,41,1.3212958730e-04,4.8700458074e-01,4.8783236556e-01,2.8311878692e-02,-3.5357534318e+00,-2.8026209493e+03,2.5477290870e-02,-2.8025954720e+03,-1.5203269880e-06,447024,48,48,48,-2.0235399694e-04,1.0000000000e+00,5.6173086561e-01,6.0744297754e-02,-2.7384145418e+00,-1.4180324186e+00,-6.0789914427e-02,-1.4788223331e+00,8.4719582032e-05,2.7687644050e-02,6.0829017336e-02,9.1812515919e-06,2.9437426136e-04,0,0,0,2.3958248488e-04,3.1921888688e+00,3.1924284512e+00,9.3176175816e-08,2.8572417675e-05,2.8665593851e-05,4.7495061735e-04,2.3958248488e+00
151,1.5100000000e-02,1.0000000000e-04,-9.3333853442e-02,1.3458116235e-01,1.4792974944e+00,2.6599384979e-01,-2.1266182497e-01,2.1266182497e-01,1.4187007109e+00,3.4088740639e-01,1.1932797153e-01,1.1948922344e-01,1.9245005328e-01,1.2852932104e-01,0.0000000000e+00,0.0000000000e+00,0.0000000000e+00,0.0000000000e+00,2.2361156531e-05,3.2243289295e-05,3.5441376958e-04,6.3727467495e-05,2.2361156531e-05,2.3795413604e-05,2.0092739202e-04,2.9045173190e-05,-1.0813396518e+01,1.0813403131e+01,2.8034541954e+03,1.4377396395e+02,-1.0814458649e+01,1.0814458649e+01,2.8034796380e+03,1.4377824192e+02,1.0621318184e-03,2.9085098592e-03,3.7754672103e-01,2.7244659264e-02,0.0000000000e+00,0.0000000000e+00,0.0000000000e+00,0.0000000000e+00,5.1358293517e-07,5.1358324929e-07,1.3315023008e-04,6.8285532935e-06,5.2374050494e-07,5.3415234743e-07,1.3215941270e-04,6.8228795325e-06,1.0000000000e+00,4.1921888688e+00,2.0679115636e+00,4.1921888688e+00,1.0000000000e+00,1.0000285724e+00,1.0000095586e+00,1.0000285724e+00,1.8951253592e+03,1.9760895419e+03,1.9617906807e+00,nan,3.7569147000e-01,3.9174188728e-01,3.8890726731e-04,nan,6.5774711637e-01,2.2447701743e-02,2.3490579615e-01,4.1920690912e+00,5.6692885341e-01,9.9255865063e-01,-1.5796356410e-01,-1.6338487166e-01,2.5900731351e-02,5.5073846110e-01,3.0590878260e-01,502697,54,52,41,1.3215941270e-04,4.8713671033e-01,4.8777134278e-01,2.8310358365e-02,-3.5358086971e+00,-2.8032410550e+03,2.5218598024e-02,-2.8032158364e+03,-1.7057088672e-06,447024,48,48,48,-2.0092739202e-04,1.0000000000e+00,5.6152851161e-01,6.0829017336e-02,-2.7369306189e+00,-1.4187007109e+00,-6.0596783455e-02,-1.4792974944e+00,8.4836474359e-05,2.7705793920e-02,6.0913853810e-02,9.1961126411e-06,2.9453554911e-04,0,0,0,2.3958248488e-04,3.1921888688e+00,3.1924284512e+00,9.3176175816e-08,2.8572417675e-05,2.8665593851e-05,4.7495061735e-04,2.3958248488e+00
152,1.5200000000e-02,1.0000000000e-04,-9.3342263700e-02,1.3459214791e-01,1.4797703677e+00,2.6600881519e-01,-2.1268684469e-01,2.1268684469e-01,1.4193654135e+00,3.4090616807e-01,1.1934458099e-01,1.1950499107e-01,1.9245001925e-01,1.2854128255e-01,0.0000000000e+00,0.0000000000e+00,0.0000000000e+00,0.0000000000e+00,2.2363171482e-05,3.2245921242e-05,3.5452706175e-04,6.3731052944e-05,2.2363171482e-05,2.3789839741e-05,1.9951574545e-04,2.9010957420e-05,-1.0816084598e+01,1.0816091228e+01,2.8040672391e+03,1.4380867331e+02,-1.0817146387e+01,1.0817146387e+01,2.8040924241e+03,1.4381294697e+02,1.0617882068e-03,2.9085503516e-03,3.7754724390e-01,2.7244859759e-02,0.0000000000e+00,0.0000000000e+00,0.0000000000e+00,0.0000000000e+00,5.1371060574e-07,5.1371092060e-07,1.3317934663e-04,6.8302018170e-06,5.2389852279e-07,5.3430187246e-07,1.3218870599e-04,6.8245227418e-06,1.0000000000e+00,4.1921888688e+00,2.0679115636e+00,4.1921888688e+00,1.0000000000e+00,1.0000285724e+00,1.0000095586e+00,1.0000285724e+00,1.8949340386e+03,1.9755958526e+03,1.9617937445e+00,nan,3.7565354243e-01,3.9164401783e-01,3.8890787468e-04,nan,6.6254773875e-01,2.2459246395e-02,2.3523948704e-01,4.1920690912e+00,5.6276591261e-01,9.9256160459e-01,-1.5712600214e-01,-1.6228242372e-01,2.6799214319e-02,5.5077112562e-01,3.0583922715e-01,392105,42,52,41,1.3218870599e-04,4.8726886974e-01,4.8771058818e-01,2.8308652656e-02,-3.5358707047e+00,-2.8038496052e+03,2.4959836206e-02,-2.8038246454e+03,-1.9723424387e-06,447024,48,48,48,-1.9951574545e-04,1.0000000000e+00,5.6132758422e-01,6.0913853810e-02,-2.7354465841e+00,-1.4193654135e+00,-6.0404954236e-02,-1.4797703677e+00,8.4968290239e-05,2.7727161528e-02,6.0998822101e-02,9.2300165026e-06,2.9470091231e-04,0,0,0,2.3958248488e-04,3.1921888688e+00,3.1924284512e+00,9.3176175816e-08,2.8572417675e-05,2.8665593851e-05,4.7495061735e-04,2.3958248488e+00
153,1.5300000000e-02,1.0000000000e-04,-9.3349426284e-02,1.3460198263e-01,1.4802410423e+00,2.6602168132e-01,-2.1271061105e-01,2.1271061105e-01,1.4200266283e+00,3.4092269180e-01,1.1936118477e-01,1.1952075771e-01,1.9244997414e-01,1.2855325029e-01,0.0000000000e+00,0.0000000000e+00,0.0000000000e+00,0.0000000000e+00,2.2364887512e-05,3.2248277469e-05,3.5463982713e-04,6.3734135443e-05,2.2364887512e-05,2.3784025033e-05,1.9811876232e-04,2.8976686791e-05,-1.0818722870e+01,1.0818729515e+01,2.8046655468e+03,1.4384269776e+02,-1.0819784314e+01,1.0819784314e+01,2.8046904742e+03,1.4384696708e+02,1.0614445645e-03,2.9085906016e-03,3.7754772222e-01,2.7245060454e-02,0.0000000000e+00,0.0000000000e+00,0.0000000000e+00,0.0000000000e+00,5.1383591059e-07,5.1383622620e-07,1.3320776329e-04,6.8318178100e-06,5.2405168766e-07,5.3444126813e-07,1.3221752908e-04,6.8261335980e-06,1.0000000000e+00,4.1921888688e+00,2.0679115636e+00,4.1921888688e+00,1.0000000000e+00,1.0000285724e+00,1.0000095586e+00,1.0000285724e+00,1.8947356996e+03,1.9750970990e+03,1.9617966899e+00,nan,3.7561422350e-01,3.9154514445e-01,3.8890845857e-04,nan,6.6736500639e-01,2.2470598117e-02,2.3557329543e-01,4.1920690912e+00,5.5864780874e-01,9.9256624249e-01,-1.5400938097e-01,-1.5883317127e-01,2.7668329325e-02,5.5080403771e-01,3.0576880848e-01,410729,44,54,41,1.3221752908e-04,4.8740105845e-01,4.8765010084e-01,2.8306680314e-02,-3.5359424097e+00,-2.8044430541e+03,2.4701006561e-02,-2.8044183531e+03,-2.3200528378e-06,447024,48,48,48,-1.9811876232e-04,1.0000000000e+00,5.6112806847e-01,6.0998822101e-02,-2.7339621795e+00,-1.4200266283e+00,-6.0214413946e-02,-1.4802410423e+00,8.5097459097e-05,2.7751414164e-02,6.1083919560e-02,9.2816175890e-06,2.9486867329e-04,0,0,0,2.3958248488e-04,3.1921888688e+00,3.1924284512e+00,9.3176175816e-08,2.8572417675e-05,2.8665593851e-05,4.7495061735e-04,2.3958248488e+00
154,1.5400000000e-02,1.0000000000e-04,-9.3355339742e-02,1.3461063630e-01,1.4807095279e+00,2.6603229814e-01,-2.1273312265e-01,2.1273312265e-01,1.4206843779e+00,3.4093687063e-01,1.1937778291e-01,1.1953652340e-01,1.9245001892e-01,1.2856522423e-01,0.0000000000e+00,0.0000000000e+00,0.0000000000e+00,0.0000000000e+00,2.2366304273e-05,3.2250350736e-05,3.5475206809e-04,6.3736679048e-05,2.2366304273e-05,2.3777978856e-05,1.9673617561e-04,2.8942363820e-05,-1.0821297326e+01,1.0821303987e+01,2.8052454588e+03,1.4387584795e+02,-1.0822358427e+01,1.0822358427e+01,2.8052701284e+03,1.4388011292e+02,1.0611008838e-03,2.9086305991e-03,3.7754815601e-01,2.7245261347e-02,0.0000000000e+00,0.0000000000e+00,0.0000000000e+00,0.0000000000e+00,5.1395818454e-07,5.1395850090e-07,1.3323530625e-04,6.8333922805e-06,5.2419186581e-07,5.3458372370e-07,1.3224566506e-04,6.8277030662e-06,1.0000000000e+00,4.1921888688e+00,2.0679115636e+00,4.1921888688e+00,1.0000000000e+00,1.0000285724e+00,1.0000095586e+00,1.0000285724e+00,1.8945278637e+03,1.9745906775e+03,1.9617984874e+00,nan,3.7557302192e-01,3.9144475097e-01,3.8890881492e-04,nan,6.7219800655e-01,2.2482302930e-02,2.3590689097e-01,4.1920690912e+00,5.5457372431e-01,9.9257223018e-01,-1.4880128264e-01,-1.5327246778e-01,2.8497245755e-02,5.5083730410e-01,3.0569817366e-01,392105,42,52,41,1.3224566506e-04,4.8753327598e-01,4.8758987946e-01,2.8304360261e-02,-3.5360267620e+00,-2.8050178617e+03,2.4442110111e-02,-2.8049934196e+03,-2.7480011055e-06,447024,48,48,48,-1.9673617561e-04,1.0000000000e+00,5.6092994971e-01,6.1083919560e-02,-2.7324774548e+00,-1.4206843779e+00,-6.0025150007e-02,-1.4807095279e+00,8.5207164100e-05,2.7778202460e-02,6.1169126724e-02,9.3492216983e-06,2.9503720063e-04,0,0,0,2.3958248488e-04,3.1921888688e+00,3.1924284512e+00,9.3176175816e-08,2.8572417675e-05,2.8665593851e-05,4.7495061735e-04,2.3958248488e+00
155,1.5500000000e-02,1.0000000000e-04,-9.3360005660e-02,1.3461808745e-01,1.4811757596e+00,2.6604052209e-01,-2.1275438116e-01,2.1275438116e-01,1.4213386096e+00,3.4094860411e-01,1.1939437550e-01,1.1955228817e-01,1.9245005331e-01,1.2857720434e-01,0.0000000000e+00,0.0000000000e+00,0.0000000000e+00,0.0000000000e+00,2.2367422145e-05,3.2252135902e-05,3.5486376904e-04,6.3738649362e-05,2.2367422145e-05,2.3771709140e-05,1.9536774519e-04,2.8907992281e-05,-1.0823794091e+01,1.0823800768e+01,2.8058033563e+03,1.4390793648e+02,-1.0824854848e+01,1.0824854848e+01,2.8058277681e+03,1.4391219708e+02,1.0607571279e-03,2.9086704143e-03,3.7754854527e-01,2.7245462439e-02,0.0000000000e+00,0.0000000000e+00,0.0000000000e+00,0.0000000000e+00,5.1407676856e-07,5.1407708567e-07,1.3326180362e-04,6.8349163272e-06,5.2432628152e-07,5.3471602096e-07,1.3227291427e-04,6.8292221748e-06,1.0000000000e+00,4.1921888688e+00,2.0679115636e+00,4.1921888688e+00,1.0000000000e+00,1.0000285724e+00,1.0000095586e+00,1.0000285724e+00,1.8943081792e+03,1.9740741223e+03,1.9618001594e+00,nan,3.7552947144e-01,3.9134234855e-01,3.8890914638e-04,nan,6.7704581501e-01,2.2493797893e-02,2.3623993352e-01,4.1920690912e+00,5.5054294699e-01,9.9257934886e-01,-1.4172547623e-01,-1.4585767262e-01,2.9274604216e-02,5.5087085788e-01,3.0562666999e-01,502697,54,52,41,1.3227291427e-04,4.8766552164e-01,4.8752992240e-01,2.8301612260e-02,-3.5361266823e+00,-2.8055705227e+03,2.4183148302e-02,-2.8055463396e+03,-3.2546452082e-06,447024,48,48,48,-1.9536774519e-04,1.0000000000e+00,5.6073321354e-01,6.1169126724e-02,-2.7309927524e+00,-1.4213386096e+00,-5.9837150061e-02,-1.4811757596e+00,8.5281420258e-05,2.7807163778e-02,6.1254408144e-02,9.4308357835e-06,2.9520516785e-04,0,0,0,2.3958248488e-04,3.1921888688e+00,3.1924284512e+00,9.3176175816e-08,2.8572417675e-05,2.8665593851e-05,4.7495061735e-04,2.3958248488e+00
156,1.5600000000e-02,1.0000000000e-04,-9.3363428912e-02,1.3462432540e-01,1.4816396025e+00,2.6604621773e-01,-2.1277439153e-01,2.1277439153e-01,1.4219892006e+00,3.4095779957e-01,1.1941096262e-01,1.1956805209e-01,1.9245007637e-01,1.2858919062e-01,0.0000000000e+00,0.0000000000e+00,0.0000000000e+00,0.0000000000e+00,2.2368242296e-05,3.2253630406e-05,3.5497489767e-04,6.3740013937e-05,2.2368242296e-05,2.3765237858e-05,1.9401325681e-04,2.8873577210e-05,-1.0826199553e+01,1.0826206245e+01,2.8063356956e+03,1.4393877965e+02,-1.0827259966e+01,1.0827259966e+01,2.8063598496e+03,1.4394303586e+02,1.0604132919e-03,2.9087238478e-03,3.7754889002e-01,2.7245663728e-02,0.0000000000e+00,0.0000000000e+00,0.0000000000e+00,0.0000000000e+00,5.1419101613e-07,5.1419133399e-07,1.3328708711e-04,6.8363812255e-06,5.2446223151e-07,5.3483845108e-07,1.3229903383e-04,6.8306821429e-06,1.0000000000e+00,4.1921888688e+00,2.0679115636e+00,4.1921888688e+00,1.0000000000e+00,1.0000285724e+00,1.0000095586e+00,1.0000285724e+00,1.8940744367e+03,1.9735451215e+03,1.9618017157e+00,nan,3.7548313411e-01,3.9123747893e-01,3.8890945491e-04,nan,6.8190718515e-01,2.2505074609e-02,2.3657207741e-01,4.1920690912e+00,5.4655486367e-01,9.9258702924e-01,-1.3301703388e-01,-1.3684302071e-01,2.9989672572e-02,5.5090484309e-01,3.0555542068e-01,392105,42,52,41,1.3229903383e-04,4.8779779456e-01,4.8747022764e-01,2.8298357615e-02,-3.5362450369e+00,-2.8060975962e+03,2.3924122975e-02,-2.8060736721e+03,-3.8377108201e-06,447024,48,48,48,-1.9401325681e-04,1.0000000000e+00,5.6053784579e-01,6.1254408144e-02,-2.7295086908e+00,-1.4219892006e+00,-5.9650401950e-02,-1.4816396025e+00,8.5305149280e-05,2.7837925735e-02,6.1339713293e-02,9.5242214966e-06,2.9537181162e-04,0,0,0,2.3958248488e-04,3.1921888688e+00,3.1924284512e+00,9.3176175816e-08,2.8572417675e-05,2.8665593851e-05,4.7495061735e-04,2.3958248488e+00
157,1.5700000000e-02,1.0000000000e-04,-9.3365617884e-02,1.3462932881e-01,1.4821008571e+00,2.6604925939e-01,-2.1279316225e-01,2.1279316225e-01,1.4226359634e+00,3.4096437343e-01,1.1942754436e-01,1.1958381521e-01,1.9245008810e-01,1.2860118305e-01,0.0000000000e+00,0.0000000000e+00,0.0000000000e+00,0.0000000000e+00,2.2368766735e-05,3.2254829135e-05,3.5508540618e-04,6.3740742665e-05,2.2368766735e-05,2.3758556821e-05,1.9267252091e-04,2.8839124901e-05,-1.0828500496e+01,1.0828507204e+01,2.8068390410e+03,1.4396819927e+02,-1.0829560566e+01,1.0829560566e+01,2.8068629371e+03,1.4397245109e+02,1.0600694024e-03,2.9087803544e-03,3.7754919027e-01,2.7245865214e-02,0.0000000000e+00,0.0000000000e+00,0.0000000000e+00,0.0000000000e+00,5.1430029956e-07,5.1430061816e-07,1.3331099353e-04,6.8377785123e-06,5.2459161046e-07,5.3497099316e-07,1.3232387801e-04,6.8320745488e-06,1.0000000000e+00,4.1921888688e+00,2.0679115636e+00,4.1921888688e+00,1.0000000000e+00,1.0000285724e+00,1.0000095586e+00,1.0000285724e+00,1.8938245853e+03,1.9730015334e+03,1.9618031563e+00,nan,3.7543360334e-01,3.9112971750e-01,3.8890974049e-04,nan,6.8678126692e-01,2.2516981869e-02,2.3690297720e-01,4.1920690912e+00,5.4260895423e-01,9.9259539295e-01,-1.2285134603e-01,-1.2640832702e-01,3.0632825941e-02,5.5093946432e-01,3.0548618077e-01,410729,44,54,41,1.3232387801e-04,4.8793009359e-01,4.8741079283e-01,2.8294519904e-02,-3.5363846116e+00,-2.8065957370e+03,2.3665036443e-02,-2.8065720720e+03,-4.4941747138e-06,447024,48,48,48,-1.9267252091e-04,1.0000000000e+00,5.6034383253e-01,6.1339713293e-02,-2.7280261471e+00,-1.4226359634e+00,-5.9464893687e-02,-1.4821008571e+00,8.5264252143e-05,2.7870109839e-02,6.1424977546e-02,9.6269499028e-06,2.9553679285e-04,0,0,0,2.3958248488e-04,3.1921888688e+00,3.1924284512e+00,9.3176175816e-08,2.8572417675e-05,2.8665593851e-05,4.7495061735e-04,2.3958248488e+00
158,1.5800000000e-02,1.0000000000e-04,-9.3366584681e-02,1.3463308328e-01,1.4825592644e+00,2.6604953264e-01,-2.1281070553e-01,2.1281070553e-01,1.4232786510e+00,3.4096825241e-01,1.1944412085e-01,1.1959958619e-01,1.9245008955e-01,1.2861318167e-01,0.0000000000e+00,0.0000000000e+00,0.0000000000e+00,0.0000000000e+00,2.2368998363e-05,3.2255728639e-05,3.5519523256e-04,6.3740808132e-05,2.2368998363e-05,2.3751669956e-05,1.9134537143e-04,2.8804642890e-05,-1.0830684233e+01,1.0830690957e+01,2.8073100989e+03,1.4399602444e+02,-1.0831743958e+01,1.0831743958e+01,2.8073337370e+03,1.4400027186e+02,1.0597254571e-03,2.9088366090e-03,3.7754944604e-01,2.7246066895e-02,0.0000000000e+00,0.0000000000e+00,0.0000000000e+00,0.0000000000e+00,5.1440401626e-07,5.1440433561e-07,1.3333336646e-04,6.8391000706e-06,5.2471395212e-07,5.3508983614e-07,1.3234731638e-04,6.8333913756e-06,1.0000000000e+00,4.1921888688e+00,2.0679115636e+00,4.1921888688e+00,1.0000000000e+00,1.0000285724e+00,1.0000095586e+00,1.0000285724e+00,1.8935567476e+03,1.9724414015e+03,1.9618044705e+00,nan,3.7538050693e-01,3.9101867641e-01,3.8891000102e-04,nan,6.9166719524e-01,2.2528514295e-02,2.3723228931e-01,4.1920690912e+00,5.3870478511e-01,9.9260462626e-01,-1.1135203491e-01,-1.1467186246e-01,3.1192926620e-02,5.5097417491e-01,3.0541666671e-01,501943,54,44,55,1.3234731638e-04,4.8806241747e-01,4.8735161528e-01,2.8290025729e-02,-3.5365480848e+00,-2.8070617277e+03,2.3405891309e-02,-2.8070383219e+03,-5.2202620665e-06,447024,48,48,48,-1.9134537143e-04,1.0000000000e+00,5.6015116001e-01,6.1424977546e-02,-2.7265462387e+00,-1.4232786510e+00,-5.9280613435e-02,-1.4825592644e+00,8.5145679792e-05,2.7903335186e-02,6.1510123225e-02,9.7364541161e-06,2.9569962360e-04,0,0,0,2.3958248488e-04,3.1921888688e+00,3.1924284512e+00,9.3176175816e-08,2.8572417675e-05,2.8665593851e-05,4.7495061735e-04,2.3958248488e+00
159,1.5900000000e-02,1.0000000000e-04,-9.3366345299e-02,1.3463557883e-01,1.4830145122e+00,2.6604693569e-01,-2.1282703751e-01,2.1282703751e-01,1.4239169627e+00,3.4096937454e-01,1.1946069222e-01,1.1961536606e-01,1.9245008211e-01,1.2862518649e-01,0.0000000000e+00,0.0000000000e+00,0.0000000000e+00,0.0000000000e+00,2.2368941011e-05,3.2256326529e-05,3.5530430195e-04,6.3740185948e-05,2.2368941011e-05,2.3744592080e-05,1.9003166441e-04,2.8770139932e-05,-1.0832738730e+01,1.0832745470e+01,2.8077457500e+03,1.4402209327e+02,-1.0833798112e+01,1.0833798112e+01,2.8077691302e+03,1.4402633627e+02,1.0593814550e-03,2.9088925766e-03,3.7754965735e-01,2.7246268768e-02,0.0000000000e+00,0.0000000000e+00,0.0000000000e+00,0.0000000000e+00,5.1450159475e-07,5.1450191486e-07,1.3335405773e-04,6.8403382110e-06,5.2482529184e-07,5.3520705874e-07,1.3236918543e-04,6.8346249141e-06,1.0000000000e+00,4.1921888688e+00,2.0679115636e+00,4.1921888688e+00,1.0000000000e+00,1.0000285724e+00,1.0000095586e+00,1.0000285724e+00,1.8932692343e+03,1.9718629693e+03,1.9618056443e+00,nan,3.7532351002e-01,3.9090400747e-01,3.8891023372e-04,nan,6.9656383761e-01,2.2540166491e-02,2.3755966882e-01,4.1920690912e+00,5.3484200266e-01,9.9261460565e-01,-9.8616063917e-02,-1.0172155806e-01,3.1661076828e-02,5.5100896075e-01,3.0534688277e-01,391337,42,44,41,1.3236918543e-04,4.8819476478e-01,4.8729269195e-01,2.8284805467e-02,-3.5367380006e+00,-2.8074925108e+03,2.3146690429e-02,-2.8074693641e+03,-6.0114588419e-06,447024,48,48,48,-1.9003166441e-04,1.0000000000e+00,5.5995981464e-01,6.1510123225e-02,-2.7250703028e+00,-1.4239169627e+00,-5.9097549487e-02,-1.4830145122e+00,8.4937502198e-05,2.7937222179e-02,6.1595060728e-02,9.8500844890e-06,2.9586000007e-04,0,0,0,2.3958248488e-04,3.1921888688e+00,3.1924284512e+00,9.3176175816e-08,2.8572417675e-05,2.8665593851e-05,4.7495061735e-04,2.3958248488e+00
160,1.6000000000e-02,1.0000000000e-04,-9.3364919777e-02,1.3463681258e-01,1.4834662401e+00,2.6604138058e-01,-2.1284217837e-01,2.1284217837e-01,1.4245505499e+00,3.4096769018e-01,1.1947725860e-01,1.1963114534e-01,1.9245006373e-01,1.2863719757e-01,0.0000000000e+00,0.0000000000e+00,0.0000000000e+00,0.0000000000e+00,2.2368599481e-05,3.2256622114e-05,3.5541252805e-04,6.3738855040e-05,2.2368599481e-05,2.3737344372e-05,1.8873127661e-04,2.8735625969e-05,-1.0834652734e+01,1.0834659490e+01,2.8081430816e+03,1.4404625449e+02,-1.0835711772e+01,1.0835711772e+01,2.8081662036e+03,1.4405049308e+02,1.0590373818e-03,2.9089482378e-03,3.7754982420e-01,2.7246470830e-02,0.0000000000e+00,0.0000000000e+00,0.0000000000e+00,0.0000000000e+00,5.1459250049e-07,5.1459282136e-07,1.3337292902e-04,6.8414857499e-06,5.2492924851e-07,5.3531230685e-07,1.3238934306e-04,6.8357679736e-06,1.0000000000e+00,4.1921888688e+00,2.0679115636e+00,4.1921888688e+00,1.0000000000e+00,1.0000285724e+00,1.0000095586e+00,1.0000285724e+00,1.8929605579e+03,1.9712646938e+03,1.9618066988e+00,nan,3.7526231771e-01,3.9078540477e-01,3.8891044275e-04,nan,7.0147007658e-01,2.2551482527e-02,2.3788477693e-01,4.1920690912e+00,5.3102032628e-01,9.9262529534e-01,-8.4698949971e-02,-8.7601950477e-02,3.2028781710e-02,5.5104372248e-01,3.0527653013e-01,410743,44,54,55,1.3238934306e-04,4.8832713397e-01,4.8723401951e-01,2.8278794008e-02,-3.5369567428e+00,-2.8078852200e+03,2.2887436980e-02,-2.8078623326e+03,-6.8625397646e-06,447024,48,48,48,-1.8873127661e-04,1.0000000000e+00,5.5976978298e-01,6.1595060728e-02,-2.7235998765e+00,-1.4245505499e+00,-5.8915690242e-02,-1.4834662401e+00,8.4628974656e-05,2.7971396212e-02,6.1679689702e-02,9.9651553733e-06,2.9606097248e-04,0,0,0,2.3958248488e-04,3.1921888688e+00,3.1924284512e+00,9.3176175816e-08,2.8572417675e-05,2.8665593851e-05,4.7495061735e-04,2.3958248488e+00
161,1.6100000000e-02,1.0000000000e-04,-9.3362332315e-02,1.3463678551e-01,1.4839140462e+00,2.6603279432e-01,-2.1285615246e-01,2.1285615246e-01,1.4251790220e+00,3.4096316283e-01,1.1949382015e-01,1.1964692414e-01,1.9245007921e-01,1.2864921494e-01,0.0000000000e+00,0.0000000000e+00,0.0000000000e+00,0.0000000000e+00,2.2367979571e-05,3.2256615628e-05,3.5551981454e-04,6.3736797924e-05,2.2367979571e-05,2.3729930822e-05,1.8744410398e-04,2.8701112087e-05,-1.0836415880e+01,1.0836422652e+01,2.8084994167e+03,1.4406836906e+02,-1.0837474574e+01,1.0837474574e+01,2.8085222806e+03,1.4407260323e+02,1.0586932403e-03,2.9090035894e-03,3.7754994663e-01,2.7246673079e-02,0.0000000000e+00,0.0000000000e+00,0.0000000000e+00,0.0000000000e+00,5.1467624122e-07,5.1467656285e-07,1.3338985318e-04,6.8425360824e-06,5.2502249003e-07,5.3540969723e-07,1.3240774457e-04,6.8368139272e-06,1.0000000000e+00,4.1921888688e+00,2.0679115636e+00,4.1921888688e+00,1.0000000000e+00,1.0000285724e+00,1.0000095586e+00,1.0000285724e+00,1.8926294444e+03,1.9706452574e+03,1.9618071771e+00,nan,3.7519667744e-01,3.9066260709e-01,3.8891053757e-04,nan,7.0638521972e-01,2.2562632030e-02,2.3820728293e-01,4.1920690912e+00,5.2723954141e-01,9.9263730650e-01,-6.9653768205e-02,-7.2356153429e-02,3.2288882292e-02,5.5107857590e-01,3.0520659674e-01,409577,44,42,41,1.3240774457e-04,4.8845952331e-01,4.8717559433e-01,2.8271931469e-02,-3.5372065089e+00,-2.8082372107e+03,2.2628134419e-02,-2.8082145825e+03,-7.7676113691e-06,447024,48,48,48,-1.8744410398e-04,1.0000000000e+00,5.5958105170e-01,6.1679689702e-02,-2.7221366744e+00,-1.4251790220e+00,-5.8735024189e-02,-1.4839140462e+00,8.4210601696e-05,2.8005491295e-02,6.1763900304e-02,1.0078994077e-05,2.9629889707e-04,0,0,0,2.3958248488e-04,3.1921888688e+00,3.1924284512e+00,9.3176175816e-08,2.8572417675e-05,2.8665593851e-05,4.7495061735e-04,2.3958248488e+00
162,1.6200000000e-02,1.0000000000e-04,-9.3358611361e-02,1.3463551162e-01,1.4843574925e+00,2.6602111987e-01,-2.1286898840e-01,2.1286898840e-01,1.4258019527e+00,3.4095576990e-01,1.1951037704e-01,1.1966270259e-01,1.9245008894e-01,1.2866123867e-01,0.0000000000e+00,0.0000000000e+00,0.0000000000e+00,0.0000000000e+00,2.2367088095e-05,3.2256310428e-05,3.5562605652e-04,6.3734000930e-05,2.2367088095e-05,2.3722365332e-05,1.8617006004e-04,2.8666610471e-05,-1.0838018799e+01,1.0838025587e+01,2.8088123419e+03,1.4408831147e+02,-1.0839077148e+01,1.0839077148e+01,2.8088349477e+03,1.4409254123e+02,1.0583490223e-03,2.9090586171e-03,3.7755002465e-01,2.7246875511e-02,0.0000000000e+00,0.0000000000e+00,0.0000000000e+00,0.0000000000e+00,5.1475237195e-07,5.1475269432e-07,1.3340471558e-04,6.8434832488e-06,5.2510404757e-07,5.3549908667e-07,1.3242404741e-04,6.8377568349e-06,1.0000000000e+00,4.1921888688e+00,2.0679115636e+00,4.1921888688e+00,1.0000000000e+00,1.0000285724e+00,1.0000095586e+00,1.0000285724e+00,1.8922748435e+03,1.9700035776e+03,1.9618074833e+00,nan,3.7512638103e-01,3.9053539987e-01,3.8891059827e-04,nan,7.1130689533e-01,2.2573595810e-02,2.3852686880e-01,4.1920690912e+00,5.2349949232e-01,9.9264892423e-01,-5.3551799090e-02,-5.6049636975e-02,3.2435315702e-02,5.5111353996e-01,3.0513674021e-01,501943,54,44,55,1.3242404741e-04,4.8859193106e-01,4.8711741253e-01,2.8264163857e-02,-3.5374892866e+00,-2.8085460886e+03,2.2368786291e-02,-2.8085237198e+03,-8.7201688508e-06,447024,48,48,48,-1.8617006004e-04,1.0000000000e+00,5.5939360760e-01,6.1763900304e-02,-2.7206825665e+00,-1.4258019527e+00,-5.8555539888e-02,-1.4843574925e+00,8.3674196272e-05,2.8039153547e-02,6.1847574500e-02,1.0188984220e-05,2.9653569480e-04,0,0,0,2.3958248488e-04,3.1921888688e+00,3.1924284512e+00,9.3176175816e-08,2.8572417675e-05,2.8665593851e-05,4.7495061735e-04,2.3958248488e+00
163,1.6300000000e-02,1.0000000000e-04,-9.3353789664e-02,1.3463299752e-01,1.4847961120e+00,2.6600631691e-01,-2.1288071912e-01,2.1288071912e-01,1.4264188860e+00,3.4094550330e-01,1.1952692945e-01,1.1967848083e-01,1.9245008860e-01,1.2867326883e-01,0.0000000000e+00,0.0000000000e+00,0.0000000000e+00,0.0000000000e+00,2.2365932901e-05,3.2255708094e-05,3.5573114205e-04,6.3730454399e-05,2.2365932901e-05,2.3714652348e-05,1.8490907425e-04,2.8632134354e-05,-1.0839453208e+01,1.0839460012e+01,2.8090797319e+03,1.4410597111e+02,-1.0840511213e+01,1.0840511213e+01,2.8091020794e+03,1.4411019644e+02,1.0580047182e-03,2.9091133046e-03,3.7755005829e-01,2.7247078123e-02,0.0000000000e+00,0.0000000000e+00,0.0000000000e+00,0.0000000000e+00,5.1482049930e-07,5.1482082243e-07,1.3341741528e-04,6.8443219940e-06,5.2517637954e-07,5.3557817275e-07,1.3243824373e-04,6.8385914293e-06,1.0000000000e+00,4.1921888688e+00,2.0679115636e+00,4.1921888688e+00,1.0000000000e+00,1.0000285724e+00,1.0000095586e+00,1.0000285724e+00,1.8918959372e+03,1.9693388155e+03,1.9618076616e+00,nan,3.7505126629e-01,3.9040361680e-01,3.8891063361e-04,nan,7.1623442096e-01,2.2584272579e-02,2.3884322925e-01,4.1920690912e+00,5.1980007482e-01,9.9266084153e-01,-3.6484862291e-02,-3.8774463533e-02,3.2462934447e-02,5.5114857748e-01,3.0506704168e-01,410729,44,54,41,1.3243824373e-04,4.8872435510e-01,4.8705946994e-01,2.8255443688e-02,-3.5378068318e+00,-2.8088097358e+03,2.2109396811e-02,-2.8087876264e+03,-9.7131663357e-06,447024,48,48,48,-1.8490907425e-04,1.0000000000e+00,5.5920743754e-01,6.1847574500e-02,-2.7192395541e+00,-1.4264188860e+00,-5.8377225955e-02,-1.4847961120e+00,8.3012933493e-05,2.8051006899e-02,6.1930587434e-02,1.0292601682e-05,2.9677143634e-04,0,0,0,2.3958248488e-04,3.1921888688e+00,3.1924284512e+00,9.3176175816e-08,2.8572417675e-05,2.8665593851e-05,4.7495061735e-04,2.3958248488e+00
164,1.6400000000e-02,1.0000000000e-04,-9.3347904304e-02,1.3462926412e-01,1.4852294141e+00,2.6598836254e-01,-2.1289138187e-01,2.1289138187e-01,1.4270293430e+00,3.4093236991e-01,1.1954347756e-01,1.1969425899e-01,1.9245007820e-01,1.2868530550e-01,0.0000000000e+00,0.0000000000e+00,0.0000000000e+00,0.0000000000e+00,2.2364522872e-05,3.2254813636e-05,3.5583495365e-04,6.3726152846e-05,2.2364522872e-05,2.3706820508e-05,1.8366109026e-04,2.8597697949e-05,-1.0840711994e+01,1.0840718813e+01,2.8092997706e+03,1.4412125323e+02,-1.0841769655e+01,1.0841769655e+01,2.8093218599e+03,1.4412547416e+02,1.0576603295e-03,2.9091676467e-03,3.7755004757e-01,2.7247280911e-02,0.0000000000e+00,0.0000000000e+00,0.0000000000e+00,0.0000000000e+00,5.1488028542e-07,5.1488060929e-07,1.3342786604e-04,6.8450478195e-06,5.2524204390e-07,5.3564637701e-07,1.3245028818e-04,6.8393131793e-06,1.0000000000e+00,4.1921888688e+00,2.0679115636e+00,4.1921888688e+00,1.0000000000e+00,1.0000285724e+00,1.0000095586e+00,1.0000285724e+00,1.8914921452e+03,1.9686503810e+03,1.9618077118e+00,nan,3.7497121817e-01,3.9026714088e-01,3.8891064358e-04,nan,7.2116684045e-01,2.2594610560e-02,2.3915607444e-01,4.1920690912e+00,5.1614122889e-01,9.9267336058e-01,-1.8602050327e-02,-2.0683845426e-02,3.2367805824e-02,5.5118365754e-01,3.0499670936e-01,502697,54,52,41,1.3245028818e-04,4.8885679335e-01,4.8700176221e-01,2.8245730522e-02,-3.5381606491e+00,-2.8090263346e+03,2.1849970213e-02,-2.8090044846e+03,-1.0739097038e-05,447024,48,48,48,-1.8366109026e-04,1.0000000000e+00,5.5902252846e-01,6.1930587434e-02,-2.7178097465e+00,-1.4270293430e+00,-5.8200071044e-02,-1.4852294141e+00,8.2221397178e-05,2.8036737047e-02,6.2012808831e-02,1.0387449830e-05,2.9700613549e-04,0,0,0,2.3958248488e-04,3.1921888688e+00,3.1924284512e+00,9.3176175816e-08,2.8572417675e-05,2.8665593851e-05,4.7495061735e-04,2.3958248488e+00
165,1.6500000000e-02,1.0000000000e-04,-9.3340996672e-02,1.3462433296e-01,1.4856568917e+00,2.6596725181e-01,-2.1290101825e-01,2.1290101825e-01,1.4276328279e+00,3.4091639196e-01,1.1956002158e-01,1.1971003723e-01,1.9245006604e-01,1.2869734877e-01,0.0000000000e+00,0.0000000000e+00,0.0000000000e+00,0.0000000000e+00,2.2362867924e-05,3.2253632217e-05,3.5593736981e-04,6.3721095085e-05,2.2362867924e-05,2.3698882585e-05,1.8242606408e-04,2.8563316393e-05,-1.0841789279e+01,1.0841796114e+01,2.8094709702e+03,1.4413407996e+02,-1.0842846595e+01,1.0842846595e+01,2.8094928012e+03,1.4413829649e+02,1.0573158697e-03,2.9092216499e-03,3.7754999252e-01,2.7247483873e-02,0.0000000000e+00,0.0000000000e+00,0.0000000000e+00,0.0000000000e+00,5.1493145114e-07,5.1493177575e-07,1.3343599717e-04,6.8456570260e-06,5.2530080143e-07,5.3570487182e-07,1.3246018595e-04,6.8399183890e-06,1.0000000000e+00,4.1921888688e+00,2.0679115636e+00,4.1921888688e+00,1.0000000000e+00,1.0000285724e+00,1.0000095586e+00,1.0000285724e+00,1.8910631289e+03,1.9679379363e+03,1.9618075499e+00,nan,3.7488616957e-01,3.9012590517e-01,3.8891061147e-04,nan,7.2610340314e-01,2.2604646861e-02,2.3946513405e-01,4.1920690912e+00,5.1252293116e-01,9.9268704666e-01,-1.1081643388e-04,-1.9936194727e-03,3.2146981104e-02,5.5121865636e-01,3.0492591971e-01,410743,44,54,55,1.3246018595e-04,4.8898924364e-01,4.8694428479e-01,2.8234991425e-02,-3.5385519751e+00,-2.8091943869e+03,2.1590510818e-02,-2.8091727964e+03,-1.1790082134e-05,447024,48,48,48,-1.8242606408e-04,1.0000000000e+00,5.5883886737e-01,6.2012808831e-02,-2.7163953357e+00,-1.4276328279e+00,-5.8024063839e-02,-1.4856568917e+00,8.1295617731e-05,2.8022077000e-02,6.2094104449e-02,1.0471284282e-05,2.9723978844e-04,0,0,0,2.3958248488e-04,3.1921888688e+00,3.1924284512e+00,9.3176175816e-08,2.8572417675e-05,2.8665593851e-05,4.7495061735e-04,2.3958248488e+00
166,1.6600000000e-02,1.0000000000e-04,-9.3333112436e-02,1.3461823715e-01,1.4860780273e+00,2.6594299807e-01,-2.1290967412e-01,2.1290967412e-01,1.4282288343e+00,3.4089760727e-01,1.1957656168e-01,1.1972581641e-01,1.9245008339e-01,1.2870939872e-01,0.0000000000e+00,0.0000000000e+00,0.0000000000e+00,0.0000000000e+00,2.2360978999e-05,3.2252171768e-05,3.5603826652e-04,6.3715284315e-05,2.2360978999e-05,2.3690848315e-05,1.8120396231e-04,2.8529005672e-05,-1.0842680475e+01,1.0842687325e+01,2.8095921848e+03,1.4414439096e+02,-1.0843737446e+01,1.0843737446e+01,2.8096137575e+03,1.4414860310e+02,1.0569713525e-03,2.9092753203e-03,3.7754989318e-01,2.7247687003e-02,0.0000000000e+00,0.0000000000e+00,0.0000000000e+00,0.0000000000e+00,5.1497377853e-07,5.1497410388e-07,1.3344175427e-04,6.8461467472e-06,5.2534774902e-07,5.3575569723e-07,1.3246784993e-04,6.8404041970e-06,1.0000000000e+00,4.1921888688e+00,2.0679115636e+00,4.1921888688e+00,1.0000000000e+00,1.0000285724e+00,1.0000095586e+00,1.0000285724e+00,1.8906087925e+03,1.9672013966e+03,1.9618068568e+00,nan,3.7479610148e-01,3.8997989282e-01,3.8891047407e-04,nan,7.3104278868e-01,2.2614458128e-02,2.3977015798e-01,4.1920690912e+00,5.0894518751e-01,9.9270165216e-01,1.8732909323e-02,1.7027234914e-02,3.1798761021e-02,5.5125352743e-01,3.0485673493e-01,382122,41,44,42,1.3246784993e-04,4.8912170382e-01,4.8688703297e-01,2.8223201343e-02,-3.5389817647e+00,-2.8093127314e+03,2.1331022938e-02,-2.8092914004e+03,-1.2857965586e-05,447024,48,48,48,-1.8120396231e-04,1.0000000000e+00,5.5865644131e-01,6.2094104449e-02,-2.7149985714e+00,-1.4282288343e+00,-5.7849193037e-02,-1.4860780273e+00,8.0233099626e-05,2.8007032104e-02,6.2174337548e-02,1.0542037334e-05,2.9747246189e-04,0,0,0,2.3958248488e-04,3.1921888688e+00,3.1924284512e+00,9.3176175816e-08,2.8572417675e-05,2.8665593851e-05,4.7495061735e-04,2.3958248488e+00
167,1.6700000000e-02,1.0000000000e-04,-9.3324301457e-02,1.3461101708e-01,1.4864922992e+00,2.6591563322e-01,-2.1291739955e-01,2.1291739955e-01,1.4288168519e+00,3.4087606930e-01,1.1959309810e-01,1.1974159941e-01,1.9245008970e-01,1.2872145545e-01,0.0000000000e+00,0.0000000000e+00,0.0000000000e+00,0.0000000000e+00,2.2358868043e-05,3.2250441966e-05,3.5613751880e-04,6.3708728176e-05,2.2358868043e-05,2.3682727518e-05,1.7999476024e-04,2.8494782548e-05,-1.0843382321e+01,1.0843389187e+01,2.8096626218e+03,1.4415214392e+02,-1.0844438948e+01,1.0844438948e+01,2.8096839361e+03,1.4415635169e+02,1.0566267733e-03,2.9093286460e-03,3.7754974958e-01,2.7247890297e-02,0.0000000000e+00,0.0000000000e+00,0.0000000000e+00,0.0000000000e+00,5.1500711276e-07,5.1500743887e-07,1.3344509968e-04,6.8465149748e-06,5.2538633108e-07,5.3579475074e-07,1.3247309265e-04,6.8407685629e-06,1.0000000000e+00,4.1921888688e+00,2.0679115636e+00,4.1921888688e+00,1.0000000000e+00,1.0000285724e+00,1.0000095586e+00,1.0000285724e+00,1.8901292817e+03,1.9664409280e+03,1.9618060463e+00,nan,3.7470104280e-01,3.8982913680e-01,3.8891031339e-04,nan,7.3598305017e-01,2.2623861645e-02,2.4007091654e-01,4.1920690912e+00,5.0540802565e-01,9.9271605308e-01,3.7630146333e-02,3.6065152286e-02,3.1322756495e-02,5.5128822072e-01,3.0478802161e-01,410826,44,55,42,1.3247309265e-04,4.8925417167e-01,4.8683000192e-01,2.8210343377e-02,-3.5394506813e+00,-2.8093805559e+03,2.1071511057e-02,-2.8093594844e+03,-1.3934412499e-05,447024,48,48,48,-1.7999476024e-04,1.0000000000e+00,5.5847523735e-01,6.2174337548e-02,-2.7136217358e+00,-1.4288168519e+00,-5.7675447343e-02,-1.4864922992e+00,7.9032836924e-05,2.7991635748e-02,6.2253370385e-02,1.0597832941e-05,2.9770420117e-04,0,0,0,2.3958248488e-04,3.1921888688e+00,3.1924284512e+00,9.3176175816e-08,2.8572417675e-05,2.8665593851e-05,4.7495061735e-04,2.3958248488e+00
168,1.6800000000e-02,1.0000000000e-04,-9.3314617680e-02,1.3460271697e-01,1.4868991878e+00,2.6588520774e-01,-2.1292424870e-01,2.1292424870e-01,1.4293963724e+00,3.4085184721e-01,1.1960963102e-01,1.1975738294e-01,1.9245008702e-01,1.2873351907e-01,0.0000000000e+00,0.0000000000e+00,0.0000000000e+00,0.0000000000e+00,2.2356547980e-05,3.2248453405e-05,3.5623500219e-04,6.3701438765e-05,2.2356547980e-05,2.3674534922e-05,1.7879843995e-04,2.8460664482e-05,-1.0843892913e+01,1.0843899795e+01,2.8096818486e+03,1.4415731496e+02,-1.0844949195e+01,1.0844949195e+01,2.8097029045e+03,1.4416151836e+02,1.0562821420e-03,2.9093816292e-03,3.7754956176e-01,2.7248093752e-02,0.0000000000e+00,0.0000000000e+00,0.0000000000e+00,0.0000000000e+00,5.1503136335e-07,5.1503169021e-07,1.3344601285e-04,6.8467605734e-06,5.2543052343e-07,5.3580952601e-07,1.3247589626e-04,6.8410099577e-06,1.0000000000e+00,4.1921888688e+00,2.0679115636e+00,4.1921888688e+00,1.0000000000e+00,1.0000285724e+00,1.0000095586e+00,1.0000285724e+00,1.8896249804e+03,1.9656569436e+03,1.9618050977e+00,nan,3.7460106962e-01,3.8967371899e-01,3.8891012535e-04,nan,7.4092311041e-01,2.2632314754e-02,2.4036719038e-01,4.1920690912e+00,5.0191148779e-01,9.9273026920e-01,5.6236928304e-02,5.4769098921e-02,3.0720101914e-02,5.5132297985e-01,3.0471746841e-01,483210,52,41,42,1.3247589626e-04,4.8938664476e-01,4.8677318672e-01,2.8196408965e-02,-3.5399590890e+00,-2.8093974055e+03,2.0811980026e-02,-2.8093765936e+03,-1.5011008482e-05,447024,48,48,48,-1.7879843995e-04,1.0000000000e+00,5.5829524259e-01,6.2253370385e-02,-2.7122671182e+00,-1.4293963724e+00,-5.7502815461e-02,-1.4868991878e+00,7.7695316300e-05,2.7975894556e-02,6.2331065701e-02,1.0636998303e-05,2.9793485366e-04,0,0,0,2.3958248488e-04,3.1921888688e+00,3.1924284512e+00,9.3176175816e-08,2.8572417675e-05,2.8665593851e-05,4.7495061735e-04,2.3958248488e+00
169,1.6900000000e-02,1.0000000000e-04,-9.3304118995e-02,1.3459338468e-01,1.4872981818e+00,2.6585179067e-01,-2.1293027967e-01,2.1293027967e-01,1.4299668958e+00,3.4082502566e-01,1.1962616067e-01,1.1977316716e-01,1.9245007400e-01,1.2874558968e-01,0.0000000000e+00,0.0000000000e+00,0.0000000000e+00,0.0000000000e+00,2.2354032679e-05,3.2246217552e-05,3.5633059417e-04,6.3693432620e-05,2.2354032679e-05,2.3666284326e-05,1.7761498849e-04,2.8426669545e-05,-1.0844211710e+01,1.0844218608e+01,2.8096497957e+03,1.4415989866e+02,-1.0845267647e+01,1.0845267647e+01,2.8096705933e+03,1.4416409773e+02,1.0559375235e-03,2.9094343272e-03,3.7754970178e-01,2.7248297363e-02,0.0000000000e+00,0.0000000000e+00,0.0000000000e+00,0.0000000000e+00,5.1504650463e-07,5.1504683225e-07,1.3344449050e-04,6.8468832865e-06,5.2546285090e-07,5.3582632968e-07,1.3247610332e-04,6.8411283660e-06,1.0000000000e+00,4.1921888688e+00,2.0679115636e+00,4.1921888688e+00,1.0000000000e+00,1.0000285724e+00,1.0000095586e+00,1.0000285724e+00,1.8890965040e+03,1.9648500966e+03,1.9618059579e+00,nan,3.7449630395e-01,3.8951376885e-01,3.8891029588e-04,nan,7.4586105851e-01,2.2640914911e-02,2.4065880652e-01,4.1920690912e+00,4.9845562351e-01,9.9274314607e-01,7.4223797154e-02,7.2807276373e-02,2.9993049861e-02,5.5135799506e-01,3.0464894950e-01,410838,44,55,54,1.3247610332e-04,4.8951912066e-01,4.8671658240e-01,2.8181397956e-02,-3.5405070503e+00,-2.8093631879e+03,2.0552434733e-02,-2.8093426355e+03,-1.6079357190e-05,447024,48,48,48,-1.7761498849e-04,1.0000000000e+00,5.5811644415e-01,6.2331065701e-02,-2.7109369898e+00,-1.4299668958e+00,-5.7331286085e-02,-1.4872981818e+00,7.6222507312e-05,2.7959820612e-02,6.2407288209e-02,1.0658070695e-05,2.9816105396e-04,0,0,0,2.3958248488e-04,3.1921888688e+00,3.1924284512e+00,9.3176175816e-08,2.8572417675e-05,2.8665593851e-05,4.7495061735e-04,2.3958248488e+00
170,1.7000000000e-02,1.0000000000e-04,-9.3292867059e-02,1.3458307633e-01,1.4876887841e+00,2.6581546935e-01,-2.1293555432e-01,2.1293555432e-01,1.4305279362e+00,3.4079570455e-01,1.1964268726e-01,1.1978895223e-01,1.9245007227e-01,1.2875766739e-01,0.0000000000e+00,0.0000000000e+00,0.0000000000e+00,0.0000000000e+00,2.2351336912e-05,3.2243747851e-05,3.5642417562e-04,6.3684730668e-05,2.2351336912e-05,2.3657993267e-05,1.7644439598e-04,2.8392816341e-05,-1.0844339535e+01,1.0844346449e+01,2.8095667558e+03,1.4415990809e+02,-1.0845395128e+01,1.0845395128e+01,2.8095872950e+03,1.4416410284e+02,1.0555929146e-03,2.9094867289e-03,3.7754985050e-01,2.7248501131e-02,0.0000000000e+00,0.0000000000e+00,0.0000000000e+00,0.0000000000e+00,5.1505257570e-07,5.1505290408e-07,1.3344054652e-04,6.8468837343e-06,5.2548482164e-07,5.3583138788e-07,1.3247410146e-04,6.8411246004e-06,1.0000000000e+00,4.1921888688e+00,2.0679115636e+00,4.1921888688e+00,1.0000000000e+00,1.0000285724e+00,1.0000095586e+00,1.0000285724e+00,1.8885446916e+03,1.9640212708e+03,1.9618067484e+00,nan,3.7438691213e-01,3.8934946162e-01,3.8891045258e-04,nan,7.5079801046e-01,2.2649063335e-02,2.4094561519e-01,4.1920690912e+00,4.9504048280e-01,9.9275748576e-01,9.1294952181e-02,8.9887743055e-02,2.9143736307e-02,5.5139304892e-01,3.0457960504e-01,392105,42,52,41,1.3247410146e-04,4.8965159676e-01,4.8666018395e-01,2.8165318599e-02,-3.5410943250e+00,-2.8092781732e+03,2.0292880374e-02,-2.8092578803e+03,-1.7131174896e-05,447024,48,48,48,-1.7644439598e-04,1.0000000000e+00,5.5793882916e-01,6.2407288209e-02,-2.7096335788e+00,-1.4305279362e+00,-5.7160847898e-02,-1.4876887841e+00,7.4617835803e-05,2.7943415761e-02,6.2481906045e-02,1.0659800324e-05,2.9838379737e-04,0,0,0,2.3958248488e-04,3.1921888688e+00,3.1924284512e+00,9.3176175816e-08,2.8572417675e-05,2.8665593851e-05,4.7495061735e-04,2.3958248488e+00
171,1.7100000000e-02,1.0000000000e-04,-9.3280927092e-02,1.3457185958e-01,1.4880705170e+00,2.6577634911e-01,-2.1294013809e-01,2.1294013809e-01,1.4310790274e+00,3.4076399868e-01,1.1965921100e-01,1.1980473831e-01,1.9245008635e-01,1.2876975229e-01,0.0000000000e+00,0.0000000000e+00,0.0000000000e+00,0.0000000000e+00,2.2348476305e-05,3.2241060512e-05,3.5651563214e-04,6.3675358143e-05,2.2348476305e-05,2.3649677338e-05,1.7528665378e-04,2.8359123909e-05,-1.0844278560e+01,1.0844285490e+01,2.8094333803e+03,1.4415737453e+02,-1.0845333808e+01,1.0845333808e+01,2.8094536611e+03,1.4416156499e+02,1.0552483175e-03,2.9095388291e-03,3.7754995950e-01,2.7248705053e-02,0.0000000000e+00,0.0000000000e+00,0.0000000000e+00,0.0000000000e+00,5.1504967969e-07,5.1505000883e-07,1.3343421184e-04,6.8467634030e-06,5.2549170848e-07,5.3583503930e-07,1.3246967825e-04,6.8410002144e-06,1.0000000000e+00,4.1921888688e+00,2.0679115636e+00,4.1921888688e+00,1.0000000000e+00,1.0000285724e+00,1.0000095586e+00,1.0000285724e+00,1.8879705956e+03,1.9631715701e+03,1.9618071712e+00,nan,3.7427310280e-01,3.8918101614e-01,3.8891053641e-04,nan,7.5573168518e-01,2.2657181814e-02,2.4122748771e-01,4.1920690912e+00,4.9166610935e-01,9.9277146711e-01,1.0722969705e-01,1.0579797577e-01,2.8175474642e-02,5.5142805960e-01,3.0451218114e-01,410729,44,54,41,1.3246967825e-04,4.8978407087e-01,4.8660398639e-01,2.8148187424e-02,-3.5417203740e+00,-2.8091429913e+03,2.0033321386e-02,-2.8091229580e+03,-1.8158378144e-05,447024,48,48,48,-1.7528665378e-04,1.0000000000e+00,5.5776238476e-01,6.2481906045e-02,-2.7083590463e+00,-1.4310790274e+00,-5.6991489570e-02,-1.4880705170e+00,7.2886144900e-05,2.7925137365e-02,6.2554792189e-02,1.0641148448e-05,2.9860416242e-04,0,0,0,2.3958248488e-04,3.1921888688e+00,3.1924284512e+00,9.3176175816e-08,2.8572417675e-05,2.8665593851e-05,4.7495061735e-04,2.3958248488e+00
172,1.7200000000e-02,1.0000000000e-04,-9.3268367645e-02,1.3455980497e-01,1.4884429283e+00,2.6573455274e-01,-2.1294409975e-01,2.1294409975e-01,1.4316197285e+00,3.4073003721e-01,1.1967573210e-01,1.1982052555e-01,1.9245008973e-01,1.2878184451e-01,0.0000000000e+00,0.0000000000e+00,0.0000000000e+00,0.0000000000e+00,2.2345467281e-05,3.2238172440e-05,3.5660485537e-04,6.3665344464e-05,2.2345467281e-05,2.3641349864e-05,1.7414175274e-04,2.8325611633e-05,-1.0844032277e+01,1.0844039223e+01,2.8092506713e+03,1.4415234712e+02,-1.0845087181e+01,1.0845087181e+01,2.8092706937e+03,1.4415653330e+02,1.0549037155e-03,2.9095906039e-03,3.7755002883e-01,2.7248909126e-02,0.0000000000e+00,0.0000000000e+00,0.0000000000e+00,0.0000000000e+00,5.1503798246e-07,5.1503831235e-07,1.3342553406e-04,6.8465246257e-06,5.2548536383e-07,5.3583263284e-07,1.3246296078e-04,6.8407575442e-06,1.0000000000e+00,4.1921888688e+00,2.0679115636e+00,4.1921888688e+00,1.0000000000e+00,1.0000285724e+00,1.0000095586e+00,1.0000285724e+00,1.8873754700e+03,1.9623023054e+03,1.9618074970e+00,nan,3.7415512452e-01,3.8900869228e-01,3.8891060099e-04,nan,7.6066169482e-01,2.2665060833e-02,2.4150431887e-01,4.1920690912e+00,4.8833253422e-01,9.9278568908e-01,1.2188235532e-01,1.2040651996e-01,2.7092389393e-02,5.5146274289e-01,3.0444532519e-01,483305,52,42,41,1.3246296078e-04,4.8991654054e-01,4.8654798481e-01,2.8130029046e-02,-3.5423843657e+00,-2.8089586245e+03,1.9773762624e-02,-2.8089388508e+03,-1.9153165962e-05,447024,48,48,48,-1.7414175274e-04,1.0000000000e+00,5.5758709811e-01,6.2554792189e-02,-2.7071154634e+00,-1.4316197285e+00,-5.6823199753e-02,-1.4884429283e+00,7.1033640213e-05,2.7906467008e-02,6.2625825830e-02,1.0601282976e-05,2.9882282578e-04,0,0,0,2.3958248488e-04,3.1921888688e+00,3.1924284512e+00,9.3176175816e-08,2.8572417675e-05,2.8665593851e-05,4.7495061735e-04,2.3958248488e+00
173,1.7300000000e-02,1.0000000000e-04,-9.3255260337e-02,1.3454697737e-01,1.4888055957e+00,2.6569021991e-01,-2.1294751110e-01,2.1294751110e-01,1.4321496286e+00,3.4069396308e-01,1.1969225077e-01,1.1983631412e-01,1.9245008500e-01,1.2879394414e-01,0.0000000000e+00,0.0000000000e+00,0.0000000000e+00,0.0000000000e+00,2.2342327000e-05,3.2235099172e-05,3.5669174412e-04,6.3654723094e-05,2.2342327000e-05,2.3633023754e-05,1.7300968146e-04,2.8292299145e-05,-1.0843605462e+01,1.0843612423e+01,2.8090199708e+03,1.4414489227e+02,-1.0844660021e+01,1.0844660021e+01,2.8090397348e+03,1.4414907421e+02,1.0545590981e-03,2.9096420357e-03,3.7755005853e-01,2.7249113346e-02,0.0000000000e+00,0.0000000000e+00,0.0000000000e+00,0.0000000000e+00,5.1501771083e-07,5.1501804148e-07,1.3341457693e-04,6.8461705573e-06,5.2546904318e-07,5.3582515472e-07,1.3245405109e-04,6.8403997477e-06,1.0000000000e+00,4.1921888688e+00,2.0679115636e+00,4.1921888688e+00,1.0000000000e+00,1.0000285724e+00,1.0000095586e+00,1.0000285724e+00,1.8867607557e+03,1.9614149798e+03,1.9618076995e+00,nan,3.7403326297e-01,3.8883278800e-01,3.8891064113e-04,nan,7.6558750916e-01,2.2672729495e-02,2.4177602932e-01,4.1920690912e+00,4.8503976982e-01,9.9280044312e-01,1.3521468021e-01,1.3368751301e-01,2.5899512402e-02,5.5149697878e-01,3.0437905366e-01,392105,42,52,41,1.3245405109e-04,4.9004900350e-01,4.8649217435e-01,2.8110875880e-02,-3.5430851847e+00,-2.8087263974e+03,1.9514208694e-02,-2.8087068832e+03,-2.0108092652e-05,447024,48,48,48,-1.7300968146e-04,1.0000000000e+00,5.5741295635e-01,6.2625825830e-02,-2.7059047884e+00,-1.4321496286e+00,-5.6655967086e-02,-1.4888055957e+00,6.9067821017e-05,2.7887447388e-02,6.2694893651e-02,1.0539572632e-05,2.9904021353e-04,0,0,0,2.3958248488e-04,3.1921888688e+00,3.1924284512e+00,9.3176175816e-08,2.8572417675e-05,2.8665593851e-05,4.7495061735e-04,2.3958248488e+00
174,1.7400000000e-02,1.0000000000e-04,-9.3241679565e-02,1.3453345102e-01,1.4891581317e+00,2.6564350641e-01,-2.1295044677e-01,2.1295044677e-01,1.4326683515e+00,3.4065593231e-01,1.1970876720e-01,1.1985210415e-01,1.9245006965e-01,1.2880605129e-01,0.0000000000e+00,0.0000000000e+00,0.0000000000e+00,0.0000000000e+00,2.2339073285e-05,3.2231858496e-05,3.5677620556e-04,6.3643531359e-05,2.2339073285e-05,2.3624711075e-05,1.7189042470e-04,2.8259206224e-05,-1.0843004124e+01,1.0843011102e+01,2.8087429473e+03,1.4413509304e+02,-1.0844058339e+01,1.0844058339e+01,2.8087624529e+03,1.4413927076e+02,1.0542144670e-03,2.9096931192e-03,3.7755004863e-01,2.7249317711e-02,0.0000000000e+00,0.0000000000e+00,0.0000000000e+00,0.0000000000e+00,5.1498915028e-07,5.1498948166e-07,1.3340141968e-04,6.8457051420e-06,5.2544467338e-07,5.3580391156e-07,1.3244301781e-04,6.8399307240e-06,1.0000000000e+00,4.1921888688e+00,2.0679115636e+00,4.1921888688e+00,1.0000000000e+00,1.0000285724e+00,1.0000095586e+00,1.0000285724e+00,1.8861280663e+03,1.9605112726e+03,1.9618078046e+00,nan,3.7390783802e-01,3.8865363622e-01,3.8891066196e-04,nan,7.7050840989e-01,2.2679808014e-02,2.4204256375e-01,4.1920690912e+00,4.8178780428e-01,9.9281565465e-01,1.4728293223e-01,1.4571089110e-01,2.4602726847e-02,5.5153076366e-01,3.0431232195e-01,391337,42,44,41,1.3244301781e-04,4.9018145756e-01,4.8643655030e-01,2.8090767788e-02,-3.5438214437e+00,-2.8084479632e+03,1.9254664001e-02,-2.8084287086e+03,-2.1016131673e-05,447024,48,48,48,-1.7189042470e-04,1.0000000000e+00,5.5723994667e-01,6.2694893651e-02,-2.7047288463e+00,-1.4326683515e+00,-5.6489780196e-02,-1.4891581317e+00,6.6997398072e-05,2.7868122801e-02,6.2761891049e-02,1.0455577074e-05,2.9925841662e-04,0,0,0,2.3958248488e-04,3.1921888688e+00,3.1924284512e+00,9.3176175816e-08,2.8572417675e-05,2.8665593851e-05,4.7495061735e-04,2.3958248488e+00
175,1.7500000000e-02,1.0000000000e-04,-9.3227702192e-02,1.3451931239e-01,1.4895001877e+00,2.6559458334e-01,-2.1295298379e-01,2.1295298379e-01,1.4331755600e+00,3.4061611319e-01,1.1972528160e-01,1.1986789580e-01,1.9245004368e-01,1.2881816605e-01,0.0000000000e+00,0.0000000000e+00,0.0000000000e+00,0.0000000000e+00,2.2335724551e-05,3.2228471126e-05,3.5685815619e-04,6.3631810247e-05,2.2335724551e-05,2.3616424930e-05,1.7078396178e-04,2.8226352695e-05,-1.0842235454e+01,1.0842242447e+01,2.8084215799e+03,1.4412304828e+02,-1.0843289324e+01,1.0843289324e+01,2.8084408271e+03,1.4412722182e+02,1.0538698295e-03,2.9097438551e-03,3.7754999919e-01,2.7249522215e-02,0.0000000000e+00,0.0000000000e+00,0.0000000000e+00,0.0000000000e+00,5.1495264222e-07,5.1495297436e-07,1.3338615631e-04,6.8451330755e-06,5.2540974228e-07,5.3577545448e-07,1.3242992010e-04,6.8393551395e-06,1.0000000000e+00,4.1921888688e+00,2.0679115636e+00,4.1921888688e+00,1.0000000000e+00,1.0000285724e+00,1.0000095586e+00,1.0000285724e+00,1.8854791716e+03,1.9595930224e+03,1.9618078124e+00,nan,3.7377920050e-01,3.8847160142e-01,3.8891066351e-04,nan,7.7542363303e-01,2.2686560564e-02,2.4230389287e-01,4.1920690912e+00,4.7857659637e-01,9.9283106856e-01,1.5828040948e-01,1.5668015910e-01,2.3208249793e-02,5.5156401946e-01,3.0424587402e-01,511158,55,44,54,1.3242992010e-04,4.9031390057e-01,4.8638110807e-01,2.8069751656e-02,-3.5445914979e+00,-2.8081252883e+03,1.8995132819e-02,-2.8081062932e+03,-2.1870729912e-05,447024,48,48,48,-1.7078396178e-04,1.0000000000e+00,5.5706805625e-01,6.2761891049e-02,-2.7035893095e+00,-1.4331755600e+00,-5.6324627702e-02,-1.4895001877e+00,6.4832199070e-05,2.7848538895e-02,6.2826723248e-02,1.0349039134e-05,2.9947698725e-04,0,0,0,2.3958248488e-04,3.1921888688e+00,3.1924284512e+00,9.3176175816e-08,2.8572417675e-05,2.8665593851e-05,4.7495061735e-04,2.3958248488e+00
176,1.7600000000e-02,1.0000000000e-04,-9.3213407213e-02,1.3450464508e-01,1.4898314579e+00,2.6554363607e-01,-2.1295520137e-01,2.1295520137e-01,1.4336709596e+00,3.4057468539e-01,1.1974179415e-01,1.1988368919e-01,1.9245000712e-01,1.2883028853e-01,0.0000000000e+00,0.0000000000e+00,0.0000000000e+00,0.0000000000e+00,2.2332299724e-05,3.2224957097e-05,3.5693752273e-04,6.3619604175e-05,2.2332299724e-05,2.3608184925e-05,1.6969026519e-04,2.8193758325e-05,-1.0841307752e+01,1.0841314761e+01,2.8080581398e+03,1.4410887179e+02,-1.0842361277e+01,1.0842361277e+01,2.8080771287e+03,1.4411304117e+02,1.0535251818e-03,2.9097942330e-03,3.7754991025e-01,2.7249726854e-02,0.0000000000e+00,0.0000000000e+00,0.0000000000e+00,0.0000000000e+00,5.1490858098e-07,5.1490891386e-07,1.3336889470e-04,6.8444597623e-06,5.2536741976e-07,5.3573664065e-07,1.3241484057e-04,6.8386783821e-06,1.0000000000e+00,4.1921888688e+00,2.0679115636e+00,4.1921888688e+00,1.0000000000e+00,1.0000285724e+00,1.0000095586e+00,1.0000285724e+00,1.8848159803e+03,1.9586622089e+03,1.9618077229e+00,nan,3.7364772883e-01,3.8828707607e-01,3.8891064577e-04,nan,7.8033256900e-01,2.2692834809e-02,2.4256001287e-01,4.1920690912e+00,4.7540607075e-01,9.9284650188e-01,1.6864738627e-01,1.6703475511e-01,2.1723270250e-02,5.5159683981e-01,3.0417951252e-01,392105,42,52,41,1.3241484057e-04,4.9044633049e-01,4.8632584328e-01,2.8047880926e-02,-3.5453934602e+00,-2.8077606332e+03,1.8735619303e-02,-2.8077418976e+03,-2.2665852257e-05,447024,48,48,48,-1.6969026519e-04,1.0000000000e+00,5.5689727229e-01,6.2826723248e-02,-2.7024876799e+00,-1.4336709596e+00,-5.6160498221e-02,-1.4898314579e+00,6.2583063237e-05,2.7828742423e-02,6.2889306311e-02,1.0219873639e-05,2.9969560883e-04,0,0,0,2.3958248488e-04,3.1921888688e+00,3.1924284512e+00,9.3176175816e-08,2.8572417675e-05,2.8665593851e-05,4.7495061735e-04,2.3958248488e+00
177,1.7700000000e-02,1.0000000000e-04,-9.3198875395e-02,1.3448955135e-01,1.4901516825e+00,2.6549086327e-01,-2.1295718043e-01,2.1295718043e-01,1.4341543021e+00,3.4053183897e-01,1.1975830504e-01,1.1989948447e-01,1.9245000554e-01,1.2884241881e-01,0.0000000000e+00,0.0000000000e+00,0.0000000000e+00,0.0000000000e+00,2.2328818155e-05,3.2221340902e-05,3.5701424294e-04,6.3606960736e-05,2.2328818155e-05,2.3600003427e-05,1.6860929925e-04,2.8161442716e-05,-1.0840230363e+01,1.0840237387e+01,2.8076551707e+03,1.4409269128e+02,-1.0841283544e+01,1.0841283544e+01,2.8076739013e+03,1.4409685654e+02,1.0531805305e-03,2.9098442538e-03,3.7754978185e-01,2.7249931626e-02,0.0000000000e+00,0.0000000000e+00,0.0000000000e+00,0.0000000000e+00,5.1485741032e-07,5.1485774394e-07,1.3334975566e-04,6.8436912679e-06,5.2531900021e-07,5.3568821143e-07,1.3239791308e-04,6.8379065050e-06,1.0000000000e+00,4.1921888688e+00,2.0679115636e+00,4.1921888688e+00,1.0000000000e+00,1.0000285724e+00,1.0000095586e+00,1.0000285724e+00,1.8841405232e+03,1.9577209350e+03,1.9618070719e+00,nan,3.7351382556e-01,3.8810047702e-01,3.8891051671e-04,nan,7.8523494057e-01,2.2698649731e-02,2.4281094452e-01,4.1920690912e+00,4.7227611386e-01,9.9286205977e-01,1.7962032343e-01,1.7799401664e-01,2.0155496674e-02,5.5162936342e-01,3.0411354607e-01,502697,54,52,41,1.3239791308e-04,4.9057874533e-01,4.8627075174e-01,2.8025215074e-02,-3.5462252194e+00,-2.8073565323e+03,1.8476127451e-02,-2.8073380562e+03,-2.3396016507e-05,447024,48,48,48,-1.6860929925e-04,1.0000000000e+00,5.5672758202e-01,6.2889306311e-02,-2.7014252732e+00,-1.4341543021e+00,-5.5997380374e-02,-1.4901516825e+00,6.0261726171e-05,2.7808760269e-02,6.2949568037e-02,1.0068157278e-05,2.9991414874e-04,0,0,0,2.3958248488e-04,3.1921888688e+00,3.1924284512e+00,9.3176175816e-08,2.8572417675e-05,2.8665593851e-05,4.7495061735e-04,2.3958248488e+00
178,1.7800000000e-02,1.0000000000e-04,-9.3184188907e-02,1.3447411091e-01,1.4904606506e+00,2.6543647568e-01,-2.1295900333e-01,2.1295900333e-01,1.4346253878e+00,3.4048777336e-01,1.1977481443e-01,1.1991528173e-01,1.9245004311e-01,1.2885455698e-01,0.0000000000e+00,0.0000000000e+00,0.0000000000e+00,0.0000000000e+00,2.2325299530e-05,3.2217641643e-05,3.5708826628e-04,6.3593930423e-05,2.2325299530e-05,2.3591896070e-05,1.6754101893e-04,2.8129425197e-05,-1.0839013595e+01,1.0839020635e+01,2.8072154668e+03,1.4407464732e+02,-1.0840066431e+01,1.0840066431e+01,2.8072339391e+03,1.4407880848e+02,1.0528358854e-03,2.9098939215e-03,3.7754961407e-01,2.7250136529e-02,0.0000000000e+00,0.0000000000e+00,0.0000000000e+00,0.0000000000e+00,5.1479961983e-07,5.1479995420e-07,1.3332887190e-04,6.8428342689e-06,5.2527158712e-07,5.3562275568e-07,1.3237924444e-04,6.8370461365e-06,1.0000000000e+00,4.1921888688e+00,2.0679115636e+00,4.1921888688e+00,1.0000000000e+00,1.0000285724e+00,1.0000095586e+00,1.0000285724e+00,1.8834549344e+03,1.9567714074e+03,1.9618058170e+00,nan,3.7337791378e-01,3.8791224176e-01,3.8891026795e-04,nan,7.9013035309e-01,2.2703675622e-02,2.4305673111e-01,4.1920690912e+00,4.6918657023e-01,9.9287755573e-01,1.9426750459e-01,1.9256166838e-01,1.8512820068e-02,5.5166155453e-01,3.0404763150e-01,391337,42,44,41,1.3237924444e-04,4.9071114325e-01,4.8621582949e-01,2.8001819057e-02,-3.5470844586e+00,-2.8069157723e+03,1.8216660995e-02,-2.8068975557e+03,-2.4056319067e-05,447024,48,48,48,-1.6754101893e-04,1.0000000000e+00,5.5655897272e-01,6.2949568037e-02,-2.7004032051e+00,-1.4346253878e+00,-5.5835262796e-02,-1.4904606506e+00,5.7880697145e-05,2.7788616137e-02,6.3007448734e-02,9.8941189276e-06,3.0013243002e-04,0,0,0,2.3958248488e-04,3.1921888688e+00,3.1924284512e+00,9.3176175816e-08,2.8572417675e-05,2.8665593851e-05,4.7495061735e-04,2.3958248488e+00
179,1.7900000000e-02,1.0000000000e-04,-9.3169430927e-02,1.3445841765e-01,1.4907582023e+00,2.6538069493e-01,-2.1296075340e-01,2.1296075340e-01,1.4350840681e+00,3.4044269621e-01,1.1979132248e-01,1.1993108111e-01,1.9245006965e-01,1.2886670311e-01,0.0000000000e+00,0.0000000000e+00,0.0000000000e+00,0.0000000000e+00,2.2321763777e-05,3.2213881815e-05,3.5715955446e-04,6.3580566330e-05,2.2321763777e-05,2.3583873089e-05,1.6648536874e-04,2.8097724719e-05,-1.0837668637e+01,1.0837675693e+01,2.8067420505e+03,1.4405489223e+02,-1.0838721129e+01,1.0838721129e+01,2.8067602645e+03,1.4405904933e+02,1.0524912816e-03,2.9099432661e-03,3.7754940694e-01,2.7250341559e-02,0.0000000000e+00,0.0000000000e+00,0.0000000000e+00,0.0000000000e+00,5.1473574100e-07,5.1473607611e-07,1.3330638696e-04,6.8418959995e-06,5.2521407911e-07,5.3555772777e-07,1.3235882551e-04,6.8361045228e-06,1.0000000000e+00,4.1921888688e+00,2.0679115636e+00,4.1921888688e+00,1.0000000000e+00,1.0000285724e+00,1.0000095586e+00,1.0000285724e+00,1.8827614339e+03,1.9558159183e+03,1.9618044703e+00,nan,3.7324043358e-01,3.8772282467e-01,3.8891000096e-04,nan,7.9501776354e-01,2.2708641865e-02,2.4329744103e-01,4.1920690912e+00,4.6613723938e-01,9.9289185260e-01,2.0894163447e-01,2.0716474053e-01,1.6801813686e-02,5.5169271981e-01,3.0398152400e-01,392105,42,52,41,1.3235882551e-04,4.9084352249e-01,4.8616107286e-01,2.7977762738e-02,-3.5479686753e+00,-2.8064413686e+03,1.7957223461e-02,-2.8064234113e+03,-2.4642452147e-05,447024,48,48,48,-1.6648536874e-04,1.0000000000e+00,5.5639143170e-01,6.3007448734e-02,-2.6994223794e+00,-1.4350840681e+00,-5.5674134143e-02,-1.4907582023e+00,5.5453130198e-05,2.7768403129e-02,6.3062901865e-02,9.6981319727e-06,3.0034980396e-04,0,0,0,2.3958248488e-04,3.1921888688e+00,3.1924284512e+00,9.3176175816e-08,2.8572417675e-05,2.8665593851e-05,4.7495061735e-04,2.3958248488e+00
180,1.8000000000e-02,1.0000000000e-04,-9.3154685239e-02,1.3444256748e-01,1.4910442308e+00,2.6532375217e-01,-2.1296251458e-01,2.1296251458e-01,1.4355302477e+00,3.4039682220e-01,1.1980782934e-01,1.1994688268e-01,1.9245008517e-01,1.2887885727e-01,0.0000000000e+00,0.0000000000e+00,0.0000000000e+00,0.0000000000e+00,2.2318230968e-05,3.2210084391e-05,3.5722808188e-04,6.3566923843e-05,2.2318230968e-05,2.3575953222e-05,1.6544228182e-04,2.8066359742e-05,-1.0836207479e+01,1.0836214550e+01,2.8062381481e+03,1.4403358889e+02,-1.0837259626e+01,1.0837259626e+01,2.8062561039e+03,1.4403774196e+02,1.0521467081e-03,2.9099922720e-03,3.7754916053e-01,2.7250546713e-02,0.0000000000e+00,0.0000000000e+00,0.0000000000e+00,0.0000000000e+00,5.1466634319e-07,5.1466667905e-07,1.3328245409e-04,6.8408841960e-06,5.2514750940e-07,5.3548780302e-07,1.3233699006e-04,6.8350894412e-06,1.0000000000e+00,4.1921888688e+00,2.0679115636e+00,4.1921888688e+00,1.0000000000e+00,1.0000285724e+00,1.0000095586e+00,1.0000285724e+00,1.8820623092e+03,1.9548568262e+03,1.9618030317e+00,nan,3.7310183842e-01,3.8753269334e-01,3.8890971578e-04,nan,7.9989824004e-01,2.2713304441e-02,2.4353316583e-01,4.1920690912e+00,4.6312787324e-01,9.9290631287e-01,2.2297907090e-01,2.2115733420e-01,1.5031982002e-02,5.5172331088e-01,3.0391546963e-01,409577,44,42,41,1.3233699006e-04,4.9097588132e-01,4.8610647843e-01,2.7953120286e-02,-3.5488752019e+00,-2.8059365410e+03,1.7697818390e-02,-2.8059188432e+03,-2.5150713728e-05,447024,48,48,48,-1.6544228182e-04,1.0000000000e+00,5.5622494633e-01,6.3062901865e-02,-2.6984834783e+00,-1.4355302477e+00,-5.5513983105e-02,-1.4910442308e+00,5.2992692188e-05,2.7748170357e-02,6.3115894557e-02,9.4807012820e-06,3.0056635027e-04,0,0,0,2.3958248488e-04,3.1921888688e+00,3.1924284512e+00,9.3176175816e-08,2.8572417675e-05,2.8665593851e-05,4.7495061735e-04,2.3958248488e+00
181,1.8100000000e-02,1.0000000000e-04,-9.3140035821e-02,1.3442666164e-01,1.4913186835e+00,2.6526588676e-01,-2.1296437096e-01,2.1296437096e-01,1.4359638851e+00,3.4035037182e-01,1.1982433514e-01,1.1996268654e-01,1.9245008969e-01,1.2889101951e-01,0.0000000000e+00,0.0000000000e+00,0.0000000000e+00,0.0000000000e+00,2.2314721224e-05,3.2206273629e-05,3.5729383594e-04,6.3553060304e-05,2.2314721224e-05,2.3568145780e-05,1.6441167915e-04,2.8035348135e-05,-1.0834642816e+01,1.0834649903e+01,2.8057071657e+03,1.4401090954e+02,-1.0835694618e+01,1.0835694618e+01,2.8057248633e+03,1.4401505862e+02,1.0518021556e-03,2.9100409253e-03,3.7754887489e-01,2.7250751988e-02,0.0000000000e+00,0.0000000000e+00,0.0000000000e+00,0.0000000000e+00,5.1459202942e-07,5.1459236601e-07,1.3325723505e-04,6.8398070392e-06,5.2507410604e-07,5.3541257976e-07,1.3231391570e-04,6.8340090566e-06,1.0000000000e+00,4.1921888688e+00,2.0679115636e+00,4.1921888688e+00,1.0000000000e+00,1.0000285724e+00,1.0000095586e+00,1.0000285724e+00,1.8813598977e+03,1.9538965377e+03,1.9618015014e+00,nan,3.7296259169e-01,3.8734232483e-01,3.8890941241e-04,nan,8.0477199909e-01,2.2717636965e-02,2.4376401619e-01,4.1920690912e+00,4.6015817406e-01,9.9292106471e-01,2.3619223328e-01,2.3436166476e-01,1.3212522634e-02,5.5175356554e-01,3.0384936684e-01,410743,44,54,55,1.3231391570e-04,4.9110821831e-01,4.8605204310e-01,2.7927969572e-02,-3.5498012268e+00,-2.8054046897e+03,1.7438448672e-02,-2.8053872512e+03,-2.5578009816e-05,447024,48,48,48,-1.6441167915e-04,1.0000000000e+00,5.5605950405e-01,6.3115894557e-02,-2.6975869552e+00,-1.4359638851e+00,-5.5354798416e-02,-1.4913186835e+00,5.0513424933e-05,2.7727966900e-02,6.3166407982e-02,9.2424616926e-06,3.0078221408e-04,0,0,0,2.3958248488e-04,3.1921888688e+00,3.1924284512e+00,9.3176175816e-08,2.8572417675e-05,2.8665593851e-05,4.7495061735e-04,2.3958248488e+00
182,1.8200000000e-02,1.0000000000e-04,-9.3125566419e-02,1.3441080553e-01,1.4915815629e+00,2.6520734477e-01,-2.1296640642e-01,2.1296640642e-01,1.4363849940e+00,3.4030357011e-01,1.1984084000e-01,1.1997849276e-01,1.9245008919e-01,1.2890318989e-01,0.0000000000e+00,0.0000000000e+00,0.0000000000e+00,0.0000000000e+00,2.2311254609e-05,3.2202474783e-05,3.5735681724e-04,6.3539034670e-05,2.2311254609e-05,2.3560467096e-05,1.6339346884e-04,2.8004707066e-05,-1.0832987961e+01,1.0832995063e+01,2.8051526646e+03,1.4398703454e+02,-1.0834039418e+01,1.0834039418e+01,2.8051701040e+03,1.4399117966e+02,1.0514576202e-03,2.9100892186e-03,3.7754855009e-01,2.7250957383e-02,0.0000000000e+00,0.0000000000e+00,0.0000000000e+00,0.0000000000e+00,5.1451343197e-07,5.1451376928e-07,1.3323089898e-04,6.8386730946e-06,5.2499379986e-07,5.3533533272e-07,1.3228977256e-04,6.8328719203e-06,1.0000000000e+00,4.1921888688e+00,2.0679115636e+00,4.1921888688e+00,1.0000000000e+00,1.0000285724e+00,1.0000095586e+00,1.0000285724e+00,1.8806565691e+03,1.9529374894e+03,1.9617998187e+00,nan,3.7282316316e-01,3.8715220217e-01,3.8890907884e-04,nan,8.0963929280e-01,2.2721762286e-02,2.4399012296e-01,4.1920690912e+00,4.5722779295e-01,9.9293612499e-01,2.4840841943e-01,2.4661842129e-01,1.1352226885e-02,5.5178345150e-01,3.0378362097e-01,410826,44,55,42,1.3228977256e-04,4.9124053222e-01,4.8599776409e-01,2.7902391562e-02,-3.5507438154e+00,-2.8048493692e+03,1.7179116847e-02,-2.8048321901e+03,-2.5921851436e-05,447024,48,48,48,-1.6339346884e-04,1.0000000000e+00,5.5589509237e-01,6.3166407982e-02,-2.6967330293e+00,-1.4363849940e+00,-5.5196568866e-02,-1.4915815629e+00,4.8029613046e-05,2.7707841582e-02,6.3214437595e-02,8.9841662918e-06,3.0099742574e-04,0,0,0,2.3958248488e-04,3.1921888688e+00,3.1924284512e+00,9.3176175816e-08,2.8572417675e-05,2.8665593851e-05,4.7495061735e-04,2.3958248488e+00
183,1.8300000000e-02,1.0000000000e-04,-9.3111360123e-02,1.3439509450e-01,1.4918329269e+00,2.6514837756e-01,-2.1296870416e-01,2.1296870416e-01,1.4367936436e+00,3.4025664528e-01,1.1985734404e-01,1.1999430327e-01,1.9245008062e-01,1.2891536845e-01,0.0000000000e+00,0.0000000000e+00,0.0000000000e+00,0.0000000000e+00,2.2307851029e-05,3.2198710697e-05,3.5741703965e-04,6.3524907158e-05,2.2307851029e-05,2.3552924970e-05,1.6238754566e-04,2.7974452900e-05,-1.0831256752e+01,1.0831263869e+01,2.8045783357e+03,1.4396215110e+02,-1.0832307865e+01,1.0832307865e+01,2.8045955170e+03,1.4396629229e+02,1.0511130952e-03,2.9101371422e-03,3.7754818619e-01,2.7251162898e-02,0.0000000000e+00,0.0000000000e+00,0.0000000000e+00,0.0000000000e+00,5.1443120809e-07,5.1443154612e-07,1.3320362119e-04,6.8374912541e-06,5.2491071124e-07,5.3525124802e-07,1.3226472008e-04,6.8316868940e-06,1.0000000000e+00,4.1921888688e+00,2.0679115636e+00,4.1921888688e+00,1.0000000000e+00,1.0000285724e+00,1.0000095586e+00,1.0000285724e+00,1.8799547088e+03,1.9519821302e+03,1.9617980152e+00,nan,3.7268402571e-01,3.8696281084e-01,3.8890872131e-04,nan,8.1450039498e-01,2.2725468225e-02,2.4421163546e-01,4.1920690912e+00,4.5433632885e-01,9.9295138448e-01,2.5948222576e-01,2.5779574871e-01,9.4601574197e-03,5.5181294364e-01,3.0371788098e-01,392105,42,52,41,1.3226472008e-04,4.9137282200e-01,4.8594363893e-01,2.7876469711e-02,-3.5516999317e+00,-2.8042742635e+03,1.6919825125e-02,-2.8042573437e+03,-2.6180346732e-05,447024,48,48,48,-1.6238754566e-04,1.0000000000e+00,5.5573169890e-01,6.3214437595e-02,-2.6959216825e+00,-1.4367936436e+00,-5.5039283315e-02,-1.4918329269e+00,4.5555649669e-05,2.7687842736e-02,6.3259993244e-02,8.7066818591e-06,3.0121198989e-04,0,0,0,2.3958248488e-04,3.1921888688e+00,3.1924284512e+00,9.3176175816e-08,2.8572417675e-05,2.8665593851e-05,4.7495061735e-04,2.3958248488e+00
184,1.8400000000e-02,1.0000000000e-04,-9.3097498939e-02,1.3437963326e-01,1.4920728886e+00,2.6508924021e-01,-2.1297134627e-01,2.1297134627e-01,1.4371899579e+00,3.4020982745e-01,1.1987384733e-01,1.2001012235e-01,1.9245007520e-01,1.2892755521e-01,0.0000000000e+00,0.0000000000e+00,0.0000000000e+00,0.0000000000e+00,2.2304530132e-05,3.2195006455e-05,3.5747453027e-04,6.3510738885e-05,2.2304530132e-05,2.3545532474e-05,1.6139379059e-04,2.7944601104e-05,-1.0829463459e+01,1.0829470591e+01,2.8039879747e+03,1.4393645205e+02,-1.0830514227e+01,1.0830514227e+01,2.8040048979e+03,1.4394058933e+02,1.0507685866e-03,2.9101846995e-03,3.7754778325e-01,2.7251368534e-02,0.0000000000e+00,0.0000000000e+00,0.0000000000e+00,0.0000000000e+00,5.1434603554e-07,5.1434637429e-07,1.3317558196e-04,6.8362706760e-06,5.2482774407e-07,5.3516207805e-07,1.3223894980e-04,6.8304631349e-06,1.0000000000e+00,4.1921888688e+00,2.0679115636e+00,4.1921888688e+00,1.0000000000e+00,1.0000285724e+00,1.0000095586e+00,1.0000285724e+00,1.8792567013e+03,1.9510329046e+03,1.9617959767e+00,nan,3.7254565203e-01,3.8677463545e-01,3.8890831719e-04,nan,8.1935587062e-01,2.2728816120e-02,2.4442872201e-01,4.1920690912e+00,4.5148332798e-01,9.9296693774e-01,2.6933266788e-01,2.6781359696e-01,7.5453950120e-03,5.5184201002e-01,3.0365189462e-01,501929,54,44,41,1.3223894980e-04,4.9150508672e-01,4.8588966553e-01,2.7850289364e-02,-3.5526664595e+00,-2.8036831607e+03,1.6660575399e-02,-2.8036665001e+03,-2.6352189042e-05,447024,48,48,48,-1.6139379059e-04,1.0000000000e+00,5.5556931136e-01,6.3259993244e-02,-2.6951526585e+00,-1.4371899579e+00,-5.4882930703e-02,-1.4920728886e+00,4.3105905006e-05,2.7668017979e-02,6.3303099149e-02,8.4109857854e-06,3.0142582788e-04,0,0,0,2.3958248488e-04,3.1921888688e+00,3.1924284512e+00,9.3176175816e-08,2.8572417675e-05,2.8665593851e-05,4.7495061735e-04,2.3958248488e+00
185,1.8500000000e-02,1.0000000000e-04,-9.3084063353e-02,1.3436451970e-01,1.4923016158e+00,2.6503019001e-01,-2.1297441331e-01,2.1297441331e-01,1.4375741158e+00,3.4016334720e-01,1.1989034996e-01,1.2002594390e-01,1.9245008756e-01,1.2893975020e-01,0.0000000000e+00,0.0000000000e+00,0.0000000000e+00,0.0000000000e+00,2.2301311201e-05,3.2191385510e-05,3.5752932931e-04,6.3496591492e-05,2.2301311201e-05,2.3538295348e-05,1.6041207061e-04,2.7915166147e-05,-1.0827622691e+01,1.0827629839e+01,2.8033854571e+03,1.4391013455e+02,-1.0828673115e+01,1.0828673115e+01,2.8034021222e+03,1.4391426796e+02,1.0504241089e-03,2.9102319031e-03,3.7754734134e-01,2.7251574291e-02,0.0000000000e+00,0.0000000000e+00,0.0000000000e+00,0.0000000000e+00,5.1425860816e-07,5.1425894764e-07,1.3314696535e-04,6.8350207246e-06,5.2474692217e-07,5.3506780550e-07,1.3221260997e-04,6.8292098926e-06,1.0000000000e+00,4.1921888688e+00,2.0679115636e+00,4.1921888688e+00,1.0000000000e+00,1.0000285724e+00,1.0000095586e+00,1.0000285724e+00,1.8785649143e+03,1.9500922363e+03,1.9617935545e+00,nan,3.7240851151e-01,3.8658815646e-01,3.8890783702e-04,nan,8.2420611781e-01,2.2731799291e-02,2.4464156354e-01,4.1920690912e+00,4.4866828385e-01,9.9298252588e-01,2.7787637913e-01,2.7660011978e-01,5.6171984037e-03,5.5187063861e-01,3.0358537220e-01,382890,41,52,42,1.3221260997e-04,4.9163732567e-01,4.8583584213e-01,2.7823937175e-02,-3.5536402230e+00,-2.8030799278e+03,1.6401369190e-02,-2.8030635264e+03,-2.6436641843e-05,447024,48,48,48,-1.6041207061e-04,1.0000000000e+00,5.5540791757e-01,6.3303099149e-02,-2.6944254640e+00,-1.4375741158e+00,-5.4727500068e-02,-1.4923016158e+00,4.0694599592e-05,2.7648413974e-02,6.3343793749e-02,8.0981561620e-06,3.0163897863e-04,0,0,0,2.3958248488e-04,3.1921888688e+00,3.1924284512e+00,9.3176175816e-08,2.8572417675e-05,2.8665593851e-05,4.7495061735e-04,2.3958248488e+00
186,1.8600000000e-02,1.0000000000e-04,-9.3071131917e-02,1.3434984949e-01,1.4925193301e+00,2.6497148491e-01,-2.1297798389e-01,2.1297798389e-01,1.4379463496e+00,3.4011743429e-01,1.1990685197e-01,1.2004176795e-01,1.9245008972e-01,1.2895195340e-01,0.0000000000e+00,0.0000000000e+00,0.0000000000e+00,0.0000000000e+00,2.2298213056e-05,3.2187870784e-05,3.5758148985e-04,6.3482526777e-05,2.2298213056e-05,2.3531222587e-05,1.5944223853e-04,2.7886161412e-05,-1.0825749302e+01,1.0825756465e+01,2.8027747130e+03,1.4388339885e+02,-1.0826799382e+01,1.0826799382e+01,2.8027911202e+03,1.4388752843e+02,1.0500796811e-03,2.9102787705e-03,3.7754686052e-01,2.7251780170e-02,0.0000000000e+00,0.0000000000e+00,0.0000000000e+00,0.0000000000e+00,5.1416963144e-07,5.1416997163e-07,1.3311795802e-04,6.8337509112e-06,5.2466397040e-07,5.3497671712e-07,1.3218595928e-04,6.8279367690e-06,1.0000000000e+00,4.1921888688e+00,2.0679115636e+00,4.1921888688e+00,1.0000000000e+00,1.0000285724e+00,1.0000095586e+00,1.0000285724e+00,1.8778816840e+03,1.9491625129e+03,1.9617910341e+00,nan,3.7227306727e-01,3.8640384721e-01,3.8890733736e-04,nan,8.2905232951e-01,2.2734760812e-02,2.4485036388e-01,4.1920690912e+00,4.4589063768e-01,9.9299870009e-01,2.8509418115e-01,2.8413169549e-01,3.6847998385e-03,5.5189895057e-01,3.0351972869e-01,483305,52,42,41,1.3218595928e-04,4.9176953828e-01,4.8578216736e-01,2.7797500533e-02,-3.5546180078e+00,-2.8024684858e+03,1.6142207727e-02,-2.8024523436e+03,-2.6433521461e-05,447024,48,48,48,-1.5944223853e-04,1.0000000000e+00,5.5524750550e-01,6.3343793749e-02,-2.6937393716e+00,-1.4379463496e+00,-5.4572980557e-02,-1.4925193301e+00,3.8335683863e-05,2.7628798549e-02,6.3382129433e-02,7.7693733465e-06,3.0185280750e-04,0,0,0,2.3958248488e-04,3.1921888688e+00,3.1924284512e+00,9.3176175816e-08,2.8572417675e-05,2.8665593851e-05,4.7495061735e-04,2.3958248488e+00
187,1.8700000000e-02,1.0000000000e-04,-9.3058780821e-02,1.3433572220e-01,1.4927263053e+00,2.6491338191e-01,-2.1298213425e-01,2.1298213425e-01,1.4383069438e+00,3.4007231624e-01,1.1992335343e-01,1.2005759450e-01,1.9245008855e-01,1.2896416483e-01,0.0000000000e+00,0.0000000000e+00,0.0000000000e+00,0.0000000000e+00,2.2295253949e-05,3.2184486133e-05,3.5763107747e-04,6.3468606318e-05,2.2295253949e-05,2.3524327476e-05,1.5848413302e-04,2.7857599116e-05,-1.0823858298e+01,1.0823865476e+01,2.8021597031e+03,1.4385644706e+02,-1.0824908033e+01,1.0824908033e+01,2.8021758523e+03,1.4386057282e+02,1.0497353020e-03,2.9103252998e-03,3.7754634087e-01,2.7251986171e-02,0.0000000000e+00,0.0000000000e+00,0.0000000000e+00,0.0000000000e+00,5.1407981808e-07,5.1408015901e-07,1.3308874809e-04,6.8324708341e-06,5.2457890243e-07,5.3488546319e-07,1.3215913012e-04,6.8266533514e-06,1.0000000000e+00,4.1921888688e+00,2.0679115636e+00,4.1921888688e+00,1.0000000000e+00,1.0000285724e+00,1.0000095586e+00,1.0000285724e+00,1.8772093003e+03,1.9482460711e+03,1.9617883458e+00,nan,3.7213977329e-01,3.8622217090e-01,3.8890680444e-04,nan,8.3389502533e-01,2.2737545366e-02,2.4505533743e-01,4.1920690912e+00,4.4314977922e-01,9.9301505210e-01,2.9100012471e-01,2.9040815505e-01,1.7572472416e-03,5.5192680625e-01,3.0345494438e-01,410838,44,55,54,1.3215913012e-04,4.9190172423e-01,4.8572864019e-01,2.7771067012e-02,-3.5555965807e+00,-2.8018527857e+03,1.5883091733e-02,-2.8018369026e+03,-2.6343177790e-05,447024,48,48,48,-1.5848413302e-04,1.0000000000e+00,5.5508806326e-01,6.3382129433e-02,-2.6930934253e+00,-1.4383069438e+00,-5.4419361442e-02,-1.4927263053e+00,3.6042725141e-05,2.7608170919e-02,6.3418172158e-02,7.4259091351e-06,3.0206760245e-04,0,0,0,2.3958248488e-04,3.1921888688e+00,3.1924284512e+00,9.3176175816e-08,2.8572417675e-05,2.8665593851e-05,4.7495061735e-04,2.3958248488e+00
188,1.8800000000e-02,1.0000000000e-04,-9.3047083487e-02,1.3432223186e-01,1.4929228655e+00,2.6485613558e-01,-2.1298693783e-01,2.1298693783e-01,1.4386562334e+00,3.4002821696e-01,1.1993985434e-01,1.2007342354e-01,1.9245007843e-01,1.2897638446e-01,0.0000000000e+00,0.0000000000e+00,0.0000000000e+00,0.0000000000e+00,2.2292451473e-05,3.2181254085e-05,3.5767816986e-04,6.3454891098e-05,2.2292451473e-05,2.3517647693e-05,1.5753757871e-04,2.7829490227e-05,-1.0821964745e+01,1.0821971939e+01,2.8015443943e+03,1.4382948186e+02,-1.0823014136e+01,1.0823014136e+01,2.8015602856e+03,1.4383360384e+02,1.0493909673e-03,2.9103714864e-03,3.7754578243e-01,2.7252192297e-02,0.0000000000e+00,0.0000000000e+00,0.0000000000e+00,0.0000000000e+00,5.1398988368e-07,5.1399022533e-07,1.3305952396e-04,6.8311901204e-06,5.2449446945e-07,5.3479294303e-07,1.3213226924e-04,6.8253692891e-06,1.0000000000e+00,4.1921888688e+00,2.0679115636e+00,4.1921888688e+00,1.0000000000e+00,1.0000285724e+00,1.0000095586e+00,1.0000285724e+00,1.8765499939e+03,1.9473451826e+03,1.9617855472e+00,nan,3.7200907176e-01,3.8604357791e-01,3.8890624964e-04,nan,8.3873492483e-01,2.2740069500e-02,2.4525671270e-01,4.1920690912e+00,4.4044504805e-01,9.9303127883e-01,2.9555385894e-01,2.9539848110e-01,-1.5714664680e-04,5.5195368745e-01,3.0338933134e-01,501943,54,44,55,1.3213226924e-04,4.9203388337e-01,4.8567525998e-01,2.7744723834e-02,-3.5565727098e+00,-2.8012367840e+03,1.5624021670e-02,-2.8012211599e+03,-2.6166474122e-05,447024,48,48,48,-1.5753757871e-04,1.0000000000e+00,5.5492957913e-01,6.3418172158e-02,-2.6924864468e+00,-1.4386562334e+00,-5.4266632133e-02,-1.4929228655e+00,3.3828801486e-05,2.7587856911e-02,6.3452000959e-02,7.0691282314e-06,3.0228231324e-04,0,0,0,2.3958248488e-04,3.1921888688e+00,3.1924284512e+00,9.3176175816e-08,2.8572417675e-05,2.8665593851e-05,4.7495061735e-04,2.3958248488e+00
189,1.8900000000e-02,1.0000000000e-04,-9.3036110176e-02,1.3430946418e-01,1.4931093836e+00,2.6479999641e-01,-2.1299246490e-01,2.1299246490e-01,1.4389946014e+00,3.3998535546e-01,1.1995635473e-01,1.2008925505e-01,1.9245005800e-01,1.2898861226e-01,0.0000000000e+00,0.0000000000e+00,0.0000000000e+00,0.0000000000e+00,2.2289822460e-05,3.2178195173e-05,3.5772285632e-04,6.3441441138e-05,2.2289822460e-05,2.3511172393e-05,1.5660238641e-04,2.7801844401e-05,-1.0820083680e+01,1.0820090889e+01,2.8009327360e+03,1.4380270535e+02,-1.0821132727e+01,1.0821132727e+01,2.8009483694e+03,1.4380682358e+02,1.0490466799e-03,2.9104173333e-03,3.7754518528e-01,2.7252398546e-02,0.0000000000e+00,0.0000000000e+00,0.0000000000e+00,0.0000000000e+00,5.1390054236e-07,5.1390088474e-07,1.3303047321e-04,6.8299183685e-06,5.2441414572e-07,5.3469689469e-07,1.3210545417e-04,6.8240940031e-06,1.0000000000e+00,4.1921888688e+00,2.0679115636e+00,4.1921888688e+00,1.0000000000e+00,1.0000285724e+00,1.0000095586e+00,1.0000285724e+00,1.8759059227e+03,1.9464620414e+03,1.9617826527e+00,nan,3.7188139047e-01,3.8586850314e-01,3.8890567582e-04,nan,8.4357242054e-01,2.2742247207e-02,2.4545472252e-01,4.1920690912e+00,4.3777573517e-01,9.9304656281e-01,2.9875078972e-01,2.9909091945e-01,-2.0483776183e-03,5.5198000116e-01,3.0332203632e-01,392105,42,52,41,1.3210545417e-04,4.9216601563e-01,4.8562202648e-01,2.7718557360e-02,-3.5575431829e+00,-2.8006244193e+03,1.5364997713e-02,-2.8006090543e+03,-2.5904766015e-05,447024,48,48,48,-1.5660238641e-04,1.0000000000e+00,5.5477204155e-01,6.3452000959e-02,-2.6919170446e+00,-1.4389946014e+00,-5.4114782190e-02,-1.4931093836e+00,3.1706403515e-05,2.7567907472e-02,6.3483707363e-02,6.7004773729e-06,3.0249657919e-04,0,0,0,2.3958248488e-04,3.1921888688e+00,3.1924284512e+00,9.3176175816e-08,2.8572417675e-05,2.8665593851e-05,4.7495061735e-04,2.3958248488e+00
190,1.9000000000e-02,1.0000000000e-04,-9.3025927598e-02,1.3429751294e-01,1.4932862781e+00,2.6474520940e-01,-2.1299878217e-01,2.1299878217e-01,1.4393224767e+00,3.3994394452e-01,1.1997285457e-01,1.2010508898e-01,1.9245002727e-01,1.2900084818e-01,0.0000000000e+00,0.0000000000e+00,0.0000000000e+00,0.0000000000e+00,2.2287382893e-05,3.2175331863e-05,3.5776523714e-04,6.3428315130e-05,2.2287382893e-05,2.3504894346e-05,1.5567835348e-04,2.7774669916e-05,-1.0818230019e+01,1.0818237243e+01,2.8003286373e+03,1.4377631782e+02,-1.0819278721e+01,1.0819278721e+01,2.8003440129e+03,1.4378043231e+02,1.0487024532e-03,2.9104628549e-03,3.7754454948e-01,2.7252604918e-02,0.0000000000e+00,0.0000000000e+00,0.0000000000e+00,0.0000000000e+00,5.1381250261e-07,5.1381284571e-07,1.3300178151e-04,6.8286650910e-06,5.2434523701e-07,5.3459124326e-07,1.3207876387e-04,6.8228368450e-06,1.0000000000e+00,4.1921888688e+00,2.0679115636e+00,4.1921888688e+00,1.0000000000e+00,1.0000285724e+00,1.0000095586e+00,1.0000285724e+00,1.8752791601e+03,1.9455987509e+03,1.9617796622e+00,nan,3.7175714043e-01,3.8569736361e-01,3.8890508299e-04,nan,8.4840802150e-01,2.2743826685e-02,2.4564961044e-01,4.1920690912e+00,4.3514108505e-01,9.9306011072e-01,3.0058328002e-01,3.0146666640e-01,-3.9064962237e-03,5.5200616158e-01,3.0325391372e-01,483305,52,42,41,1.3207876387e-04,4.9229812109e-01,4.8556893977e-01,2.7692652594e-02,-3.5585048268e+00,-2.8000195901e+03,1.5106019885e-02,-2.8000044840e+03,-2.5559879904e-05,447024,48,48,48,-1.5567835348e-04,1.0000000000e+00,5.5461543916e-01,6.3483707363e-02,-2.6913836231e+00,-1.4393224767e+00,-5.3963801342e-02,-1.4932862781e+00,2.9687346957e-05,2.7548371584e-02,6.3513394710e-02,6.3214837660e-06,3.0271029454e-04,0,0,0,2.3958248488e-04,3.1921888688e+00,3.1924284512e+00,9.3176175816e-08,2.8572417675e-05,2.8665593851e-05,4.7495061735e-04,2.3958248488e+00
191,1.9100000000e-02,1.0000000000e-04,-9.3016598558e-02,1.3428645091e-01,1.4934540109e+00,2.6469201249e-01,-2.1300595241e-01,2.1300595241e-01,1.4396403314e+00,3.3990418939e-01,1.1998935385e-01,1.2012092530e-01,1.9244998626e-01,1.2901309216e-01,0.0000000000e+00,0.0000000000e+00,0.0000000000e+00,0.0000000000e+00,2.2285147818e-05,3.2172681596e-05,3.5780542300e-04,6.3415570082e-05,2.2285147818e-05,2.3498818177e-05,1.5476526424e-04,2.7747973621e-05,-1.0816418471e+01,1.0816425711e+01,2.7997359444e+03,1.4375051658e+02,-1.0817466830e+01,1.0817466830e+01,2.7997510623e+03,1.4375462735e+02,1.0483583257e-03,2.9105080910e-03,3.7754475667e-01,2.7252811417e-02,0.0000000000e+00,0.0000000000e+00,0.0000000000e+00,0.0000000000e+00,5.1372646305e-07,5.1372680688e-07,1.3297363152e-04,6.8274396593e-06,5.2426846945e-07,5.3451237055e-07,1.3205238045e-04,6.8216074031e-06,1.0000000000e+00,4.1921888688e+00,2.0679115636e+00,4.1921888688e+00,1.0000000000e+00,1.0000285724e+00,1.0000095586e+00,1.0000285724e+00,1.8746716832e+03,1.9447573127e+03,1.9617811568e+00,nan,3.7163671363e-01,3.8553055610e-01,3.8890537928e-04,nan,8.5324301353e-01,2.2746351179e-02,2.4584164221e-01,4.1920690912e+00,4.3254029788e-01,9.9307192668e-01,3.0102406818e-01,3.0248818291e-01,-5.7240774511e-03,5.5203233530e-01,3.0319169666e-01,484554,52,55,42,1.3205238045e-04,4.9243019985e-01,4.8551600033e-01,2.7667092714e-02,-3.5594545247e+00,-2.7994261317e+03,1.4847088053e-02,-2.7994112846e+03,-2.5134091525e-05,447024,48,48,48,-1.5476526424e-04,1.0000000000e+00,5.5445976081e-01,6.3513394710e-02,-2.6908843949e+00,-1.4396403314e+00,-5.3813679495e-02,-1.4934540109e+00,2.7782692930e-05,2.7529295979e-02,6.3541177403e-02,5.9337459529e-06,3.0292173989e-04,0,0,0,2.3958248488e-04,3.1921888688e+00,3.1924284512e+00,9.3176175816e-08,2.8572417675e-05,2.8665593851e-05,4.7495061735e-04,2.3958248488e+00
192,1.9200000000e-02,1.0000000000e-04,-9.3008181604e-02,1.3427635065e-01,1.4936130843e+00,2.6464063515e-01,-2.1301403413e-01,2.1301403413e-01,1.4399486776e+00,3.3986628658e-01,1.2000585252e-01,1.2013677416e-01,1.9245000947e-01,1.2902534415e-01,0.0000000000e+00,0.0000000000e+00,0.0000000000e+00,0.0000000000e+00,2.2283131263e-05,3.2170261750e-05,3.5784353420e-04,6.3403260971e-05,2.2283131263e-05,2.3492953680e-05,1.5386289053e-04,2.7721760897e-05,-1.0814663456e+01,1.0814670711e+01,2.7991584186e+03,1.4372549482e+02,-1.0815711471e+01,1.0815711471e+01,2.7991732788e+03,1.4372960191e+02,1.0480142572e-03,2.9105530035e-03,3.7754548567e-01,2.7253018049e-02,0.0000000000e+00,0.0000000000e+00,0.0000000000e+00,0.0000000000e+00,5.1364310851e-07,5.1364345307e-07,1.3294620190e-04,6.8262512496e-06,5.2418922298e-07,5.3443210525e-07,1.3202697901e-04,6.8204152009e-06,1.0000000000e+00,4.1921888688e+00,2.0679115636e+00,4.1921888688e+00,1.0000000000e+00,1.0000285724e+00,1.0000095586e+00,1.0000285724e+00,1.8740853625e+03,1.9439396156e+03,1.9617847082e+00,nan,3.7152048086e-01,3.8536845502e-01,3.8890608331e-04,nan,8.5808201414e-01,2.2748612734e-02,2.4603109544e-01,4.1920690912e+00,4.2997253219e-01,9.9308575289e-01,2.9999587983e-01,3.0207218570e-01,-7.4924029877e-03,5.5205786051e-01,3.0312912132e-01,483305,52,42,41,1.3202697901e-04,4.9256225223e-01,4.8546320899e-01,2.7641958623e-02,-3.5603892337e+00,-2.7988477952e+03,1.4588201729e-02,-2.7988332070e+03,-2.4630104068e-05,447024,48,48,48,-1.5386289053e-04,1.0000000000e+00,5.5430499554e-01,6.3541177403e-02,-2.6904173927e+00,-1.4399486776e+00,-5.3664406748e-02,-1.4936130843e+00,2.6002677798e-05,2.7510724866e-02,6.3567180081e-02,5.5389296214e-06,3.0313172824e-04,0,0,0,2.3958248488e-04,3.1921888688e+00,3.1924284512e+00,9.3176175816e-08,2.8572417675e-05,2.8665593851e-05,4.7495061735e-04,2.3958248488e+00
193,1.9300000000e-02,1.0000000000e-04,-9.3000730711e-02,1.3426728343e-01,1.4937640377e+00,2.6459129698e-01,-2.1302308124e-01,2.1302308124e-01,1.4402480643e+00,3.3983042271e-01,1.2002235053e-01,1.2015263064e-01,1.9245004518e-01,1.2903760406e-01,0.0000000000e+00,0.0000000000e+00,0.0000000000e+00,0.0000000000e+00,2.2281346160e-05,3.2168089403e-05,3.5787969998e-04,6.3391440410e-05,2.2281346160e-05,2.3487301709e-05,1.5297099232e-04,2.7696035615e-05,-1.0812979018e+01,1.0812986288e+01,2.7985997156e+03,1.4370144058e+02,-1.0814026688e+01,1.0814026688e+01,2.7986143180e+03,1.4370554400e+02,1.0476702254e-03,2.9105975723e-03,3.7754616086e-01,2.7253224815e-02,0.0000000000e+00,0.0000000000e+00,0.0000000000e+00,0.0000000000e+00,5.1356310600e-07,5.1356345128e-07,1.3291966626e-04,6.8251087918e-06,5.2411220898e-07,5.3435109163e-07,1.3200262384e-04,6.8192690491e-06,1.0000000000e+00,4.1921888688e+00,2.0679115636e+00,4.1921888688e+00,1.0000000000e+00,1.0000285724e+00,1.0000095586e+00,1.0000285724e+00,1.8735219519e+03,1.9431474253e+03,1.9617878525e+00,nan,3.7140878979e-01,3.8521141047e-01,3.8890670665e-04,nan,8.6292585174e-01,2.2750637696e-02,2.4621823657e-01,4.1920690912e+00,4.2743690779e-01,9.9310077697e-01,2.9739501096e-01,3.0010766752e-01,-9.2029877334e-03,5.5208288726e-01,3.0306660252e-01,483305,52,42,41,1.3200262384e-04,4.9269427921e-01,4.8541056695e-01,2.7617328518e-02,-3.5613060013e+00,-2.7982882267e+03,1.4329359099e-02,-2.7982738974e+03,-2.4051025020e-05,447024,48,48,48,-1.5297099232e-04,1.0000000000e+00,5.5415113265e-01,6.3567180081e-02,-2.6899804834e+00,-1.4402480643e+00,-5.3515973404e-02,-1.4937640377e+00,2.4356653552e-05,2.7492699683e-02,6.3591536734e-02,5.1387585863e-06,3.0334048551e-04,0,0,0,2.3958248488e-04,3.1921888688e+00,3.1924284512e+00,9.3176175816e-08,2.8572417675e-05,2.8665593851e-05,4.7495061735e-04,2.3958248488e+00
194,1.9400000000e-02,1.0000000000e-04,-9.2994294985e-02,1.3425932482e-01,1.4939074441e+00,2.6454420640e-01,-2.1303314279e-01,2.1303314279e-01,1.4405390741e+00,3.3979677334e-01,1.2003884781e-01,1.2016848921e-01,1.9245007045e-01,1.2904987179e-01,0.0000000000e+00,0.0000000000e+00,0.0000000000e+00,0.0000000000e+00,2.2279804272e-05,3.2166182659e-05,3.5791405765e-04,6.3380158330e-05,2.2279804272e-05,2.3481871529e-05,1.5208931846e-04,2.7670800123e-05,-1.0811378746e+01,1.0811386031e+01,2.7980633646e+03,1.4367853560e+02,-1.0812426072e+01,1.0812426072e+01,2.7980777094e+03,1.4368263536e+02,1.0473262229e-03,2.9106417935e-03,3.7754678223e-01,2.7253431718e-02,0.0000000000e+00,0.0000000000e+00,0.0000000000e+00,0.0000000000e+00,5.1348710098e-07,5.1348744699e-07,1.3289419224e-04,6.8240209181e-06,5.2404039275e-07,5.3426958537e-07,1.3197942665e-04,6.8181775017e-06,1.0000000000e+00,4.1921888688e+00,2.0679115636e+00,4.1921888688e+00,1.0000000000e+00,1.0000285724e+00,1.0000095586e+00,1.0000285724e+00,1.8729830791e+03,1.9423823759e+03,1.9617908237e+00,nan,3.7130196314e-01,3.8505974634e-01,3.8890729565e-04,nan,8.6777577802e-01,2.2752427748e-02,2.4640333750e-01,4.1920690912e+00,4.2493250882e-01,9.9311658718e-01,2.9308983658e-01,2.9644964730e-01,-1.0847668100e-02,5.5210737836e-01,3.0300308831e-01,410838,44,55,54,1.3197942665e-04,4.9282628184e-01,4.8535807573e-01,2.7593277493e-02,-3.5622019818e+00,-2.7977509469e+03,1.4070558223e-02,-2.7977368763e+03,-2.3400344376e-05,447024,48,48,48,-1.5208931846e-04,1.0000000000e+00,5.5399816166e-01,6.3591536734e-02,-2.6895713824e+00,-1.4405390741e+00,-5.3368369986e-02,-1.4939074441e+00,2.2853036145e-05,2.7475258853e-02,6.3614389770e-02,4.7350024790e-06,3.0354815730e-04,0,0,0,2.3958248488e-04,3.1921888688e+00,3.1924284512e+00,9.3176175816e-08,2.8572417675e-05,2.8665593851e-05,4.7495061735e-04,2.3958248488e+00
195,1.9500000000e-02,1.0000000000e-04,-9.2988918394e-02,1.3425253753e-01,1.4940439069e+00,2.6449955933e-01,-2.1304426265e-01,2.1304426265e-01,1.4408223197e+00,3.3976550195e-01,1.2005534425e-01,1.2018434975e-01,1.9245008529e-01,1.2906214724e-01,0.0000000000e+00,0.0000000000e+00,0.0000000000e+00,0.0000000000e+00,2.2278516135e-05,3.2164556542e-05,3.5794675174e-04,6.3369461675e-05,2.2278516135e-05,2.3476665151e-05,1.5121760743e-04,2.7646055225e-05,-1.0809875700e+01,1.0809883001e+01,2.7975527494e+03,1.4365695434e+02,-1.0810922683e+01,1.0810922683e+01,2.7975668366e+03,1.4366105048e+02,1.0469822514e-03,2.9106856723e-03,3.7754734975e-01,2.7253638761e-02,0.0000000000e+00,0.0000000000e+00,0.0000000000e+00,0.0000000000e+00,5.1341571374e-07,5.1341606046e-07,1.3286994054e-04,6.8229959151e-06,5.2397551818e-07,5.3419347858e-07,1.3195743168e-04,6.8171488261e-06,1.0000000000e+00,4.1921888688e+00,2.0679115636e+00,4.1921888688e+00,1.0000000000e+00,1.0000285724e+00,1.0000095586e+00,1.0000285724e+00,1.8724702376e+03,1.9416459604e+03,1.9617936214e+00,nan,3.7120029695e-01,3.8491375861e-01,3.8890785028e-04,nan,8.7263271730e-01,2.2754231708e-02,2.4658667468e-01,4.1920690912e+00,4.2245838717e-01,9.9313231527e-01,2.8692701801e-01,2.9092326637e-01,-1.2418791343e-02,5.5213144546e-01,3.0293941410e-01,484457,52,54,41,1.3195743168e-04,4.9295826126e-01,4.8530573720e-01,2.7569877149e-02,-3.5630744507e+00,-2.7972393314e+03,1.3811796944e-02,-2.7972255196e+03,-2.2681911986e-05,447024,48,48,48,-1.5121760743e-04,1.0000000000e+00,5.5384607234e-01,6.3614389770e-02,-2.6891876694e+00,-1.4408223197e+00,-5.3221587240e-02,-1.4940439069e+00,2.1499263313e-05,2.7458437578e-02,6.3635889034e-02,4.3294744249e-06,3.0375475023e-04,0,0,0,2.3958248488e-04,3.1921888688e+00,3.1924284512e+00,9.3176175816e-08,2.8572417675e-05,2.8665593851e-05,4.7495061735e-04,2.3958248488e+00
196,1.9600000000e-02,1.0000000000e-04,-9.2984639529e-02,1.3424698602e-01,1.4941740558e+00,2.6445753809e-01,-2.1305647930e-01,2.1305647930e-01,1.4410984397e+00,3.3973675897e-01,1.2007183977e-01,1.2020021214e-01,1.9245008970e-01,1.2907443031e-01,0.0000000000e+00,0.0000000000e+00,0.0000000000e+00,0.0000000000e+00,2.2277490994e-05,3.2163226500e-05,3.5797793314e-04,6.3359394123e-05,2.2277490994e-05,2.3471676434e-05,1.5035558824e-04,2.7621800181e-05,-1.0808482337e+01,1.0808489652e+01,2.7970710890e+03,1.4363686303e+02,-1.0809528975e+01,1.0809528975e+01,2.7970849187e+03,1.4364095554e+02,1.0466383163e-03,2.9107292182e-03,3.7754786343e-01,2.7253845947e-02,0.0000000000e+00,0.0000000000e+00,0.0000000000e+00,0.0000000000e+00,5.1334953584e-07,5.1334988326e-07,1.3284706405e-04,6.8220416771e-06,5.2391229889e-07,5.3412731165e-07,1.3193678263e-04,6.8161909042e-06,1.0000000000e+00,4.1921888688e+00,2.0679115636e+00,4.1921888688e+00,1.0000000000e+00,1.0000285724e+00,1.0000095586e+00,1.0000285724e+00,1.8719847786e+03,1.9409395234e+03,1.9617962455e+00,nan,3.7110405908e-01,3.8477371387e-01,3.8890837049e-04,nan,8.7749836358e-01,2.2756248927e-02,2.4676852557e-01,4.1920690912e+00,4.2001356597e-01,9.9314789963e-01,2.7869815703e-01,2.8330428442e-01,-1.3909019853e-02,5.5215506187e-01,3.0287515646e-01,501929,54,44,41,1.3193678263e-04,4.9309021869e-01,4.8525355355e-01,2.7547195237e-02,-3.5639208204e+00,-2.7967565927e+03,1.3553073015e-02,-2.7967430396e+03,-2.1899914870e-05,447024,48,48,48,-1.5035558824e-04,1.0000000000e+00,5.5369485473e-01,6.3635889034e-02,-2.6888268041e+00,-1.4410984397e+00,-5.3075616154e-02,-1.4941740558e+00,2.0301761179e-05,2.7442267637e-02,6.3656190795e-02,3.9240151038e-06,3.0396033098e-04,0,0,0,2.3958248488e-04,3.1921888688e+00,3.1924284512e+00,9.3176175816e-08,2.8572417675e-05,2.8665593851e-05,4.7495061735e-04,2.3958248488e+00
197,1.9700000000e-02,1.0000000000e-04,-9.2981491400e-02,1.3424270005e-01,1.4942985434e+00,2.6441831023e-01,-2.1306982565e-01,2.1306982565e-01,1.4413680955e+00,3.3971068087e-01,1.2008833425e-01,1.2021607627e-01,1.9245008371e-01,1.2908672085e-01,0.0000000000e+00,0.0000000000e+00,0.0000000000e+00,0.0000000000e+00,2.2276736758e-05,3.2162199656e-05,3.5800775819e-04,6.3349995814e-05,2.2276736758e-05,2.3466905922e-05,1.4950298133e-04,2.7598032716e-05,-1.0807210437e+01,1.0807217766e+01,2.7966214206e+03,1.4361841869e+02,-1.0808256731e+01,1.0808256731e+01,2.7966349927e+03,1.4362250759e+02,1.0462943993e-03,2.9107724177e-03,3.7754832323e-01,2.7254053279e-02,0.0000000000e+00,0.0000000000e+00,0.0000000000e+00,0.0000000000e+00,5.1328912686e-07,5.1328947500e-07,1.3282570702e-04,6.8211656620e-06,5.2385486240e-07,5.3406591276e-07,1.3191769193e-04,6.8153111743e-06,1.0000000000e+00,4.1921888688e+00,2.0679115636e+00,4.1921888688e+00,1.0000000000e+00,1.0000285724e+00,1.0000095586e+00,1.0000285724e+00,1.8715279038e+03,1.9402642542e+03,1.9617986958e+00,nan,3.7101348779e-01,3.8463984785e-01,3.8890885624e-04,nan,8.8237499184e-01,2.2758258568e-02,2.4694916643e-01,4.1920690912e+00,4.1759704340e-01,9.9316386031e-01,2.6819220415e-01,2.7335352890e-01,-1.5311119048e-02,5.5217838511e-01,3.0281067697e-01,483305,52,42,41,1.3191769193e-04,4.9322215548e-01,4.8520152726e-01,2.7525295322e-02,-3.5647386528e+00,-2.7963057623e+03,1.3294383908e-02,-2.7962924679e+03,-2.1058853705e-05,447024,48,48,48,-1.4950298133e-04,1.0000000000e+00,5.5354449915e-01,6.3656190795e-02,-2.6884861432e+00,-1.4413680955e+00,-5.2930447963e-02,-1.4942985434e+00,1.9265919344e-05,2.7426026396e-02,6.3675456714e-02,3.5204823167e-06,3.0416486438e-04,0,0,0,2.3958248488e-04,3.1921888688e+00,3.1924284512e+00,9.3176175816e-08,2.8572417675e-05,2.8665593851e-05,4.7495061735e-04,2.3958248488e+00
198,1.9800000000e-02,1.0000000000e-04,-9.2979501256e-02,1.3423973206e-01,1.4944180409e+00,2.6438202755e-01,-2.1308432880e-01,2.1308432880e-01,1.4416319667e+00,3.3968738936e-01,1.2010482754e-01,1.2023194198e-01,1.9245007120e-01,1.2909901874e-01,0.0000000000e+00,0.0000000000e+00,0.0000000000e+00,0.0000000000e+00,2.2276259954e-05,3.2161488577e-05,3.5803638769e-04,6.3341303119e-05,2.2276259954e-05,2.3462353197e-05,1.4865949960e-04,2.7574749035e-05,-1.0806071042e+01,1.0806078387e+01,2.7962065821e+03,1.4360176829e+02,-1.0807116993e+01,1.0807116993e+01,2.7962198967e+03,1.4360585360e+02,1.0459504961e-03,2.9108152712e-03,3.7754872915e-01,2.7254260761e-02,0.0000000000e+00,0.0000000000e+00,0.0000000000e+00,0.0000000000e+00,5.1323501126e-07,5.1323536010e-07,1.3280600424e-04,6.8203748503e-06,5.2380911296e-07,5.3400267393e-07,1.3190023523e-04,6.8145165787e-06,1.0000000000e+00,4.1921888688e+00,2.0679115636e+00,4.1921888688e+00,1.0000000000e+00,1.0000285724e+00,1.0000095586e+00,1.0000285724e+00,1.8711006597e+03,1.9396211802e+03,1.9618009325e+00,nan,3.7092879051e-01,3.8451236426e-01,3.8890929964e-04,nan,8.8726408730e-01,2.2759979336e-02,2.4712887034e-01,4.1920690912e+00,4.1520779650e-01,9.9317975857e-01,2.5518723187e-01,2.6081864416e-01,-1.6618344968e-02,5.5220147154e-01,3.0274555900e-01,410743,44,54,55,1.3190023523e-04,4.9335407317e-01,4.8514966110e-01,2.7504236469e-02,-3.5655256730e+00,-2.7958896739e+03,1.3035726678e-02,-2.7958766381e+03,-2.0163518705e-05,447024,48,48,48,-1.4865949960e-04,1.0000000000e+00,5.5339499617e-01,6.3675456714e-02,-2.6881629572e+00,-1.4416319667e+00,-5.2786074158e-02,-1.4944180409e+00,1.8396073828e-05,2.7409674317e-02,6.3693852788e-02,3.1207426679e-06,3.0436833424e-04,0,0,0,2.3958248488e-04,3.1921888688e+00,3.1924284512e+00,9.3176175816e-08,2.8572417675e-05,2.8665593851e-05,4.7495061735e-04,2.3958248488e+00
199,1.9900000000e-02,1.0000000000e-04,-9.2978690449e-02,1.3423811186e-01,1.4945332342e+00,2.6434882518e-01,-2.1310000997e-01,2.1310000997e-01,1.4418907477e+00,3.3966699069e-01,1.2012131952e-01,1.2024780912e-01,1.9245008581e-01,1.2911132383e-01,0.0000000000e+00,0.0000000000e+00,0.0000000000e+00,0.0000000000e+00,2.2276065699e-05,3.2161100405e-05,3.5806398599e-04,6.3333348414e-05,2.2276065699e-05,2.3458016884e-05,1.4782484940e-04,2.7551943854e-05,-1.0805074395e+01,1.0805081754e+01,2.7958291970e+03,1.4358704793e+02,-1.0806120001e+01,1.0806120001e+01,2.7958422541e+03,1.4359112965e+02,1.0456066227e-03,2.9108578002e-03,3.7754908116e-01,2.7254468397e-02,0.0000000000e+00,0.0000000000e+00,0.0000000000e+00,0.0000000000e+00,5.1318767542e-07,5.1318802495e-07,1.3278808031e-04,6.8196757059e-06,5.2377120454e-07,5.3395502765e-07,1.3188426818e-04,6.8138135957e-06,1.0000000000e+00,4.1921888688e+00,2.0679115636e+00,4.1921888688e+00,1.0000000000e+00,1.0000285724e+00,1.0000095586e+00,1.0000285724e+00,1.8707039315e+03,1.9390111620e+03,1.9618026127e+00,nan,3.7085014273e-01,3.8439143365e-01,3.8890963272e-04,nan,8.9216575372e-01,2.2762155484e-02,2.4730790799e-01,4.1920690912e+00,4.1284478524e-01,9.9319357485e-01,2.3947714243e-01,2.4546110525e-01,-1.7825339810e-02,5.5222419342e-01,3.0268109457e-01,382890,41,52,42,1.3188426818e-04,4.9348597340e-01,4.8509795811e-01,2.7484072950e-02,-3.5662797814e+00,-2.7955109476e+03,1.2777098232e-02,-2.7954981705e+03,-1.9218964988e-05,447024,48,48,48,-1.4782484940e-04,1.0000000000e+00,5.5324633667e-01,6.3693852788e-02,-2.6878544480e+00,-1.4418907477e+00,-5.2642486496e-02,-1.4945332342e+00,1.7695497511e-05,2.7394120955e-02,6.3711548286e-02,2.7266587570e-06,3.0457079754e-04,0,0,0,2.3958248488e-04,3.1921888688e+00,3.1924284512e+00,9.3176175816e-08,2.8572417675e-05,2.8665593851e-05,4.7495061735e-04,2.3958248488e+00
200,2.0000000000e-02,1.0000000000e-04,-9.2979074324e-02,1.3423785685e-01,1.4946448201e+00,2.6431882080e-01,-2.1311688436e-01,2.1311688436e-01,1.4421451431e+00,3.3964957501e-01,1.2013781003e-01,1.2026367755e-01,1.9245008961e-01,1.2912363596e-01,0.0000000000e+00,0.0000000000e+00,0.0000000000e+00,0.0000000000e+00,2.2276157669e-05,3.2161039309e-05,3.5809072002e-04,6.3326159890e-05,2.2276157669e-05,2.3453894660e-05,1.4699873167e-04,2.7529610437e-05,-1.0804229875e+01,1.0804237249e+01,2.7954916595e+03,1.4357438207e+02,-1.0805275138e+01,1.0805275138e+01,2.7955044592e+03,1.4357846020e+02,1.0452627780e-03,2.9109000094e-03,3.7754937925e-01,2.7254676192e-02,0.0000000000e+00,0.0000000000e+00,0.0000000000e+00,0.0000000000e+00,5.1314756492e-07,5.1314791515e-07,1.3277204895e-04,6.8190741401e-06,5.2374211909e-07,5.3391321731e-07,1.3187021116e-04,6.8132081224e-06,1.0000000000e+00,4.1921888688e+00,2.0679115636e+00,4.1921888688e+00,1.0000000000e+00,1.0000285724e+00,1.0000095586e+00,1.0000285724e+00,1.8703384389e+03,1.9384348881e+03,1.9618041229e+00,nan,3.7077768712e-01,3.8427719258e-01,3.8890993210e-04,nan,8.9708400654e-01,2.2764373468e-02,2.4748654318e-01,4.1920690912e+00,4.1050695662e-01,9.9320762319e-01,2.2091545517e-01,2.2709965170e-01,-1.8926050464e-02,5.5224659120e-01,3.0261551990e-01,410826,44,55,42,1.3187021116e-04,4.9361785767e-01,4.8504642159e-01,2.7464853985e-02,-3.5669990643e+00,-2.7951719758e+03,1.2518495759e-02,-2.7951594573e+03,-1.8230488244e-05,447024,48,48,48,-1.4699873167e-04,1.0000000000e+00,5.5309851182e-01,6.3711548286e-02,-2.6875577660e+00,-1.4421451431e+00,-5.2499677004e-02,-1.4946448201e+00,1.7166397686e-05,2.7379391295e-02,6.3728714683e-02,2.3400736651e-06,3.0477231483e-04,0,0,0,2.3958248488e-04,3.1921888688e+00,3.1924284512e+00,9.3176175816e-08,2.8572417675e-05,2.8665593851e-05,4.7495061735e-04,2.3958248488e+00
201,2.0100000000e-02,1.0000000000e-04,-9.2980662152e-02,1.3423899278e-01,1.4947535019e+00,2.6429211391e-01,-2.1313496106e-01,2.1313496106e-01,1.4423958639e+00,3.3963521586e-01,1.2015429891e-01,1.2027955087e-01,1.9245008972e-01,1.2913595499e-01,0.0000000000e+00,0.0000000000e+00,0.0000000000e+00,0.0000000000e+00,2.2276538084e-05,3.2161311458e-05,3.5811675828e-04,6.3319761386e-05,2.2276538084e-05,2.3449983277e-05,1.4618084305e-04,2.7507740644e-05,-1.0803545955e+01,1.0803553343e+01,2.7951961213e+03,1.4356388285e+02,-1.0804590873e+01,1.0804590873e+01,2.7952086635e+03,1.4356795740e+02,1.0449189624e-03,2.9109419053e-03,3.7754962338e-01,2.7254884148e-02,0.0000000000e+00,0.0000000000e+00,0.0000000000e+00,0.0000000000e+00,5.1311508207e-07,5.1311543299e-07,1.3275801234e-04,6.8185754788e-06,5.2372805291e-07,5.3387062916e-07,1.3185821127e-04,6.8127053758e-06,1.0000000000e+00,4.1921888688e+00,2.0679115636e+00,4.1921888688e+00,1.0000000000e+00,1.0000285724e+00,1.0000095586e+00,1.0000285724e+00,1.8700047317e+03,1.9378928721e+03,1.9618053903e+00,nan,3.7071153269e-01,3.8416974281e-01,3.8891018335e-04,nan,9.0202114394e-01,2.2766354366e-02,2.4766502869e-01,4.1920690912e+00,4.0819324890e-01,9.9322224655e-01,1.9945296785e-01,2.0565464874e-01,-1.9914913607e-02,5.5226884946e-01,3.0254804956e-01,484554,52,55,42,1.3185821127e-04,4.9374972788e-01,4.8499505504e-01,2.7446623497e-02,-3.5676818050e+00,-2.7948749089e+03,1.2259915624e-02,-2.7948626490e+03,-1.7203598062e-05,447024,48,48,48,-1.4618084305e-04,1.0000000000e+00,5.5295151308e-01,6.3728714683e-02,-2.6872700283e+00,-1.4423958639e+00,-5.2357637987e-02,-1.4947535019e+00,1.6809919873e-05,2.7365505765e-02,6.3745524603e-02,1.9628042318e-06,3.0497291697e-04,0,0,0,2.3958248488e-04,3.1921888688e+00,3.1924284512e+00,9.3176175816e-08,2.8572417675e-05,2.8665593851e-05,4.7495061735e-04,2.3958248488e+00
202,2.0200000000e-02,1.0000000000e-04,-9.2983457096e-02,1.3424152219e-01,1.4948599855e+00,2.6426878527e-01,-2.1315424307e-01,2.1315424307e-01,1.4426436234e+00,3.3962396975e-01,1.2017078598e-01,1.2029542516e-01,1.9245008637e-01,1.2914828074e-01,0.0000000000e+00,0.0000000000e+00,0.0000000000e+00,0.0000000000e+00,2.2277207704e-05,3.2161917462e-05,3.5814226987e-04,6.3314172253e-05,2.2277207704e-05,2.3446278578e-05,1.4537087703e-04,2.7486324984e-05,-1.0803030144e+01,1.0803037547e+01,2.7949444793e+03,1.4355564943e+02,-1.0804074719e+01,1.0804074719e+01,2.7949567642e+03,1.4355972040e+02,1.0445751990e-03,2.9109835170e-03,3.7754981354e-01,2.7255092270e-02,0.0000000000e+00,0.0000000000e+00,0.0000000000e+00,0.0000000000e+00,5.1309058360e-07,5.1309093523e-07,1.3274606059e-04,6.8181844322e-06,5.2371627523e-07,5.3384196936e-07,1.3184825523e-04,6.8123101601e-06,1.0000000000e+00,4.1921888688e+00,2.0679115636e+00,4.1921888688e+00,1.0000000000e+00,1.0000285724e+00,1.0000095586e+00,1.0000285724e+00,1.8697031873e+03,1.9373854490e+03,1.9618064126e+00,nan,3.7065175423e-01,3.8406915076e-01,3.8891038601e-04,nan,9.0697846729e-01,2.2768729271e-02,2.4784361547e-01,4.1920690912e+00,4.0590259586e-01,9.9323667043e-01,1.7517609634e-01,1.8119349924e-01,-2.0789655905e-02,5.5229024950e-01,3.0248227997e-01,511914,55,52,42,1.3184825523e-04,4.9388158609e-01,4.8494386217e-01,2.7429419899e-02,-3.5683264925e+00,-2.7946216440e+03,1.2001353902e-02,-2.7946096427e+03,-1.6143991378e-05,447024,48,48,48,-1.4537087703e-04,1.0000000000e+00,5.5280533224e-01,6.3745524603e-02,-2.6869883357e+00,-1.4426436234e+00,-5.2216362030e-02,-1.4948599855e+00,1.6626158557e-05,2.7352480137e-02,6.3762150762e-02,1.5966235186e-06,3.0517151226e-04,0,0,0,2.3958248488e-04,3.1921888688e+00,3.1924284512e+00,9.3176175816e-08,2.8572417675e-05,2.8665593851e-05,4.7495061735e-04,2.3958248488e+00
203,2.0300000000e-02,1.0000000000e-04,-9.2987456214e-02,1.3424545602e-01,1.4949649750e+00,2.6424889643e-01,-2.1317472728e-01,2.1317472728e-01,1.4428891330e+00,3.3961587590e-01,1.2018727106e-01,1.2031130020e-01,1.9245007310e-01,1.2916061303e-01,0.0000000000e+00,0.0000000000e+00,0.0000000000e+00,0.0000000000e+00,2.2278165823e-05,3.2162859938e-05,3.5816742352e-04,6.3309407235e-05,2.2278165823e-05,2.3442775531e-05,1.4456852518e-04,2.7465352686e-05,-1.0802688952e+01,1.0802696370e+01,2.7947383653e+03,1.4354976747e+02,-1.0803733183e+01,1.0803733183e+01,2.7947503927e+03,1.4355383487e+02,1.0442314592e-03,2.9110248224e-03,3.7754994968e-01,2.7255300563e-02,0.0000000000e+00,0.0000000000e+00,0.0000000000e+00,0.0000000000e+00,5.1307437867e-07,5.1307473102e-07,1.3273627119e-04,6.8179050683e-06,5.2370923137e-07,5.3382316139e-07,1.3184060956e-04,6.8120266314e-06,1.0000000000e+00,4.1921888688e+00,2.0679115636e+00,4.1921888688e+00,1.0000000000e+00,1.0000285724e+00,1.0000095586e+00,1.0000285724e+00,1.8694340082e+03,1.9369127737e+03,1.9618072552e+00,nan,3.7059839192e-01,3.8397544716e-01,3.8891055306e-04,nan,9.1195928988e-01,2.2771329303e-02,2.4802254350e-01,4.1920690912e+00,4.0363393118e-01,9.9325232187e-01,1.4833825036e-01,1.5396760742e-01,-2.1544769610e-02,5.5231135448e-01,3.0241635992e-01,502697,54,52,41,1.3184060956e-04,4.9401343435e-01,4.8489284690e-01,2.7413275907e-02,-3.5689318298e+00,-2.7944138134e+03,1.1742806695e-02,-2.7944020706e+03,-1.5057525172e-05,447024,48,48,48,-1.4456852518e-04,1.0000000000e+00,5.5265996136e-01,6.3762150762e-02,-2.6867097906e+00,-1.4428891330e+00,-5.2075842006e-02,-1.4949649750e+00,1.6614172683e-05,2.7340325450e-02,6.3778764934e-02,1.2432547577e-06,3.0536819119e-04,0,0,0,2.3958248488e-04,3.1921888688e+00,3.1924284512e+00,9.3176175816e-08,2.8572417675e-05,2.8665593851e-05,4.7495061735e-04,2.3958248488e+00
204,2.0400000000e-02,1.0000000000e-04,-9.2992650499e-02,1.3425078234e-01,1.4950691691e+00,2.6423248940e-01,-2.1319640447e-01,2.1319640447e-01,1.4431330980e+00,3.3961095597e-01,1.2020375397e-01,1.2032717578e-01,1.9245008156e-01,1.2917295170e-01,0.0000000000e+00,0.0000000000e+00,0.0000000000e+00,0.0000000000e+00,2.2279410282e-05,3.2164136032e-05,3.5819238661e-04,6.3305476397e-05,2.2279410282e-05,2.3439468992e-05,1.4377347833e-04,2.7444811769e-05,-1.0802527849e+01,1.0802535282e+01,2.7945791361e+03,1.4354630862e+02,-1.0803571736e+01,1.0803571736e+01,2.7945909062e+03,1.4355037244e+02,1.0438877223e-03,2.9110658076e-03,3.7755003177e-01,2.7255509028e-02,0.0000000000e+00,0.0000000000e+00,0.0000000000e+00,0.0000000000e+00,5.1306672707e-07,5.1306708013e-07,1.3272870859e-04,6.8177407900e-06,5.2370936052e-07,5.3381143651e-07,1.3183524487e-04,6.8118581534e-06,1.0000000000e+00,4.1921888688e+00,2.0679115636e+00,4.1921888688e+00,1.0000000000e+00,1.0000285724e+00,1.0000095586e+00,1.0000285724e+00,1.8691972210e+03,1.9364748199e+03,1.9618075956e+00,nan,3.7055145099e-01,3.8388862677e-01,3.8891062053e-04,nan,9.1696498133e-01,2.2774041370e-02,2.4820203581e-01,4.1920690912e+00,4.0138619273e-01,9.9326849682e-01,1.1937213819e-01,1.2442884429e-01,-2.2176330849e-02,5.5233253024e-01,3.0235072665e-01,392105,42,52,41,1.3183524487e-04,4.9414527496e-01,4.8484201324e-01,2.7398218382e-02,-3.5694967411e+00,-2.7942527752e+03,1.1484269581e-02,-2.7942412909e+03,-1.3950188539e-05,447024,48,48,48,-1.4377347833e-04,1.0000000000e+00,5.5251539284e-01,6.3778764934e-02,-2.6864315139e+00,-1.4431330980e+00,-5.1936071072e-02,-1.4950691691e+00,1.6772005019e-05,2.7329047949e-02,6.3795536939e-02,9.0435335282e-07,3.0556333069e-04,0,0,0,2.3958248488e-04,3.1921888688e+00,3.1924284512e+00,9.3176175816e-08,2.8572417675e-05,2.8665593851e-05,4.7495061735e-04,2.3958248488e+00
205,2.0500000000e-02,1.0000000000e-04,-9.2999024954e-02,1.3425749818e-01,1.4951732568e+00,2.6421958640e-01,-2.1321925948e-01,2.1321925948e-01,1.4433762142e+00,3.3960921405e-01,1.2022023452e-01,1.2034305174e-01,1.9245008941e-01,1.2918529655e-01,0.0000000000e+00,0.0000000000e+00,0.0000000000e+00,0.0000000000e+00,2.2280937490e-05,3.2165745027e-05,3.5821732420e-04,6.3302385065e-05,2.2280937490e-05,2.3436352516e-05,1.4298542781e-04,2.7424689120e-05,-1.0802551233e+01,1.0802558681e+01,2.7944678659e+03,1.4354533009e+02,-1.0803594777e+01,1.0803594777e+01,2.7944793786e+03,1.4354939032e+02,1.0435439763e-03,2.9111064673e-03,3.7755005976e-01,2.7255717672e-02,0.0000000000e+00,0.0000000000e+00,0.0000000000e+00,0.0000000000e+00,5.1306783769e-07,5.1306819146e-07,1.3272342381e-04,6.8176943144e-06,5.2371879318e-07,5.3380957594e-07,1.3183218336e-04,6.8118074230e-06,1.0000000000e+00,4.1921888688e+00,2.0679115636e+00,4.1921888688e+00,1.0000000000e+00,1.0000285724e+00,1.0000095586e+00,1.0000285724e+00,1.8689926757e+03,1.9360713798e+03,1.9618076610e+00,nan,3.7051090174e-01,3.8380864843e-01,3.8891063349e-04,nan,9.2199733483e-01,2.2776990386e-02,2.4838230228e-01,4.1920690912e+00,3.9915832695e-01,9.9328498001e-01,8.8861662744e-02,9.3202287297e-02,-2.2681801833e-02,5.5235373519e-01,3.0228538566e-01,484457,52,54,41,1.3183218336e-04,4.9427711020e-01,4.8479136539e-01,2.7384268193e-02,-3.5700203779e+00,-2.7941396054e+03,1.1225738196e-02,-2.7941283797e+03,-1.2828074164e-05,447024,48,48,48,-1.4298542781e-04,1.0000000000e+00,5.5237161936e-01,6.3795536939e-02,-2.6861506621e+00,-1.4433762142e+00,-5.1797042676e-02,-1.4951732568e+00,1.7096710035e-05,2.7318649057e-02,6.3812633649e-02,5.8150074963e-07,3.0575706918e-04,0,0,0,2.3958248488e-04,3.1921888688e+00,3.1924284512e+00,9.3176175816e-08,2.8572417675e-05,2.8665593851e-05,4.7495061735e-04,2.3958248488e+00
206,2.0600000000e-02,1.0000000000e-04,-9.3006558706e-02,1.3426557975e-01,1.4952779135e+00,2.6421018982e-01,-2.1324327122e-01,2.1324327122e-01,1.4436191630e+00,3.3961063663e-01,1.2023671251e-01,1.2035892786e-01,1.9245008972e-01,1.2919764741e-01,0.0000000000e+00,0.0000000000e+00,0.0000000000e+00,0.0000000000e+00,2.2282742445e-05,3.2167681231e-05,3.5824239811e-04,6.3300133809e-05,2.2282742445e-05,2.3433417121e-05,1.4220406671e-04,2.7404970587e-05,-1.0802762404e+01,1.0802769868e+01,2.7944053397e+03,1.4354687432e+02,-1.0803805605e+01,1.0803805605e+01,2.7944165951e+03,1.4355093096e+02,1.0432002165e-03,2.9111468037e-03,3.7755003360e-01,2.7255926500e-02,0.0000000000e+00,0.0000000000e+00,0.0000000000e+00,0.0000000000e+00,5.1307786731e-07,5.1307822179e-07,1.3272045412e-04,6.8177676576e-06,5.2373819755e-07,5.3382254934e-07,1.3183125259e-04,6.8118764573e-06,1.0000000000e+00,4.1921888688e+00,2.0679115636e+00,4.1921888688e+00,1.0000000000e+00,1.0000285724e+00,1.0000095586e+00,1.0000285724e+00,1.8688200464e+03,1.9357020652e+03,1.9618075219e+00,nan,3.7047667955e-01,3.8373543513e-01,3.8891060593e-04,nan,9.2705683909e-01,2.2780397182e-02,2.4856353834e-01,4.1920690912e+00,3.9694929316e-01,9.9330019220e-01,5.7495936045e-02,6.1031271930e-02,-2.3059421918e-02,5.5237488825e-01,3.0222068930e-01,392105,42,52,41,1.3183125259e-04,4.9440894239e-01,4.8474090761e-01,2.7371440119e-02,-3.5705021236e+00,-2.7940750914e+03,1.0967208131e-02,-2.7940641242e+03,-1.1697348842e-05,447024,48,48,48,-1.4220406671e-04,1.0000000000e+00,5.5222863393e-01,6.3812633649e-02,-2.6858644438e+00,-1.4436191630e+00,-5.1658750553e-02,-1.4952779135e+00,1.7584382943e-05,2.7309125366e-02,6.3830218032e-02,2.7618996929e-07,3.0594959788e-04,0,0,0,2.3958248488e-04,3.1921888688e+00,3.1924284512e+00,9.3176175816e-08,2.8572417675e-05,2.8665593851e-05,4.7495061735e-04,2.3958248488e+00
207,2.0700000000e-02,1.0000000000e-04,-9.3015225155e-02,1.3427501441e-01,1.4953837970e+00,2.6420428221e-01,-2.1326841289e-01,2.1326841289e-01,1.4438626083e+00,3.3961519279e-01,1.2025318774e-01,1.2037480398e-01,1.9245008571e-01,1.2921000408e-01,0.0000000000e+00,0.0000000000e+00,0.0000000000e+00,0.0000000000e+00,2.2284818775e-05,3.2169941609e-05,3.5826776595e-04,6.3298718449e-05,2.2284818775e-05,2.3430654660e-05,1.4142909107e-04,2.7385641066e-05,-1.0803163548e+01,1.0803171027e+01,2.7943920487e+03,1.4355096873e+02,-1.0804206404e+01,1.0804206404e+01,2.7944030467e+03,1.4355502177e+02,1.0428564399e-03,2.9111868211e-03,3.7754995326e-01,2.7256135516e-02,0.0000000000e+00,0.0000000000e+00,0.0000000000e+00,0.0000000000e+00,5.1309691964e-07,5.1309727485e-07,1.3271982287e-04,6.8179621218e-06,5.2376824380e-07,5.3384615060e-07,1.3183271273e-04,6.8120665082e-06,1.0000000000e+00,4.1921888688e+00,2.0679115636e+00,4.1921888688e+00,1.0000000000e+00,1.0000285724e+00,1.0000095586e+00,1.0000285724e+00,1.8686788330e+03,1.9353663088e+03,1.9618071453e+00,nan,3.7044868526e-01,3.8366887446e-01,3.8891053127e-04,nan,9.3214706915e-01,2.2784090259e-02,2.4874592096e-01,4.1920690912e+00,3.9475806787e-01,9.9331591832e-01,2.5991435496e-02,2.8693022538e-02,-2.3307509883e-02,5.5239604604e-01,3.0215556480e-01,392105,42,52,41,1.3183271273e-04,4.9454077364e-01,4.8469064424e-01,2.7359742770e-02,-3.5709415974e+00,-2.7940597267e+03,1.0708675317e-02,-2.7940490181e+03,-1.0564224235e-05,447024,48,48,48,-1.4142909107e-04,1.0000000000e+00,5.5208642987e-01,6.3830218032e-02,-2.6855701359e+00,-1.4438626083e+00,-5.1521188726e-02,-1.4953837970e+00,1.8230193826e-05,2.7300468651e-02,6.3848448226e-02,-1.0180891240e-08,3.0614106453e-04,0,0,0,2.3958248488e-04,3.1921888688e+00,3.1924284512e+00,9.3176175816e-08,2.8572417675e-05,2.8665593851e-05,4.7495061735e-04,2.3958248488e+00
208,2.0800000000e-02,1.0000000000e-04,-9.3024992150e-02,1.3428575000e-01,1.4954915441e+00,2.6420182647e-01,-2.1329465216e-01,2.1329465216e-01,1.4441071926e+00,3.3962283439e-01,1.2026966001e-01,1.2039067988e-01,1.9245007173e-01,1.2922236638e-01,0.0000000000e+00,0.0000000000e+00,0.0000000000e+00,0.0000000000e+00,2.2287158775e-05,3.2172513671e-05,3.5829358026e-04,6.3298130096e-05,2.2287158775e-05,2.3428056333e-05,1.4066020112e-04,2.7366684603e-05,-1.0803755715e+01,1.0803763210e+01,2.7944281867e+03,1.4355762554e+02,-1.0804798228e+01,1.0804798228e+01,2.7944389272e+03,1.4356167497e+02,1.0425126459e-03,2.9112265261e-03,3.7754981868e-01,2.7256344726e-02,0.0000000000e+00,0.0000000000e+00,0.0000000000e+00,0.0000000000e+00,5.1312504468e-07,5.1312540061e-07,1.3272153924e-04,6.8182782877e-06,5.2381436628e-07,5.3387768270e-07,1.3183657330e-04,6.8123781538e-06,1.0000000000e+00,4.1921888688e+00,2.0679115636e+00,4.1921888688e+00,1.0000000000e+00,1.0000285724e+00,1.0000095586e+00,1.0000285724e+00,1.8685683632e+03,1.9350633676e+03,1.9618065885e+00,nan,3.7042678561e-01,3.8360881910e-01,3.8891042089e-04,nan,9.3726990467e-01,2.2787963078e-02,2.4892961104e-01,4.1920690912e+00,3.9258364892e-01,9.9333216034e-01,-4.9789547250e-03,-3.0858132466e-03,-2.3425211590e-02,5.5241737294e-01,3.0209037663e-01,410743,44,54,55,1.3183657330e-04,4.9467260635e-01,4.8464057967e-01,2.7349178546e-02,-3.5713386563e+00,-2.7940937080e+03,1.0450135172e-02,-2.7940832578e+03,-9.4349259158e-06,447024,48,48,48,-1.4066020112e-04,1.0000000000e+00,5.5194500078e-01,6.3848448226e-02,-2.6852650989e+00,-1.4441071926e+00,-5.1384351503e-02,-1.4954915441e+00,1.9028425093e-05,2.7292665916e-02,6.3867476651e-02,-2.7632275582e-07,3.0633010958e-04,0,0,0,2.3958248488e-04,3.1921888688e+00,3.1924284512e+00,9.3176175816e-08,2.8572417675e-05,2.8665593851e-05,4.7495061735e-04,2.3958248488e+00
209,2.0900000000e-02,1.0000000000e-04,-9.3035822207e-02,1.3429774900e-01,1.4956017666e+00,2.6420276611e-01,-2.1332195133e-01,2.1332195133e-01,1.4443535331e+00,3.3963349647e-01,1.2028612912e-01,1.2040655719e-01,1.9245008373e-01,1.2923473412e-01,0.0000000000e+00,0.0000000000e+00,0.0000000000e+00,0.0000000000e+00,2.2289753467e-05,3.2175388419e-05,3.5831998763e-04,6.3298355218e-05,2.2289753467e-05,2.3425612744e-05,1.3989710255e-04,2.7348084493e-05,-1.0804538820e+01,1.0804546330e+01,2.7945136486e+03,1.4356684169e+02,-1.0805580989e+01,1.0805580989e+01,2.7945241317e+03,1.4357088750e+02,1.0421688549e-03,2.9112659460e-03,3.7754962980e-01,2.7256554135e-02,0.0000000000e+00,0.0000000000e+00,0.0000000000e+00,0.0000000000e+00,5.1316223828e-07,5.1316259495e-07,1.3272559826e-04,6.8187160092e-06,5.2386673772e-07,5.3392494881e-07,1.3184284928e-04,6.8128112582e-06,1.0000000000e+00,4.1921888688e+00,2.0679115636e+00,4.1921888688e+00,1.0000000000e+00,1.0000285724e+00,1.0000095586e+00,1.0000285724e+00,1.8684877961e+03,1.9347923259e+03,1.9618054848e+00,nan,3.7041081391e-01,3.8355508755e-01,3.8891020209e-04,nan,9.4242730465e-01,2.2792357862e-02,2.4911475098e-01,4.1920690912e+00,3.9042505967e-01,9.9334906766e-01,-3.4842740211e-02,-3.3695614444e-02,-2.3412827962e-02,5.5243899459e-01,3.0202729796e-01,484554,52,55,42,1.3184284928e-04,4.9480444293e-01,4.8459071831e-01,2.7339743620e-02,-3.5716933962e+00,-2.7941769331e+03,1.0191583096e-02,-2.7941667415e+03,-8.3156626963e-06,447024,48,48,48,-1.3989710255e-04,1.0000000000e+00,5.5180434057e-01,6.3867476651e-02,-2.6849467920e+00,-1.4443535331e+00,-5.1248233473e-02,-1.4956017666e+00,1.9972512241e-05,2.7285699461e-02,6.3887449163e-02,-5.2105820301e-07,3.0651364983e-04,0,0,0,2.3958248488e-04,3.1921888688e+00,3.1924284512e+00,9.3176175816e-08,2.8572417675e-05,2.8665593851e-05,4.7495061735e-04,2.3958248488e+00
210,2.1000000000e-02,1.0000000000e-04,-9.3047672753e-02,1.3431096432e-01,1.4957150479e+00,2.6420702570e-01,-2.1335026763e-01,2.1335026763e-01,1.4446022184e+00,3.3964709773e-01,1.2030259488e-01,1.2042244084e-01,1.9245008970e-01,1.2924710711e-01,0.0000000000e+00,0.0000000000e+00,0.0000000000e+00,0.0000000000e+00,2.2292592651e-05,3.2178554579e-05,3.5834712786e-04,6.3299375742e-05,2.2292592651e-05,2.3423313968e-05,1.3913950762e-04,2.7329823386e-05,-1.0805511634e+01,1.0805519159e+01,2.7946480304e+03,1.4357859879e+02,-1.0806553459e+01,1.0806553459e+01,2.7946582562e+03,1.4358264097e+02,1.0418250488e-03,2.9113050699e-03,3.7754938657e-01,2.7256763748e-02,0.0000000000e+00,0.0000000000e+00,0.0000000000e+00,0.0000000000e+00,5.1320844214e-07,5.1320879955e-07,1.3273198073e-04,6.8192744134e-06,5.2392527986e-07,5.3397669746e-07,1.3185142592e-04,6.8133650378e-06,1.0000000000e+00,4.1921888688e+00,2.0679115636e+00,4.1921888688e+00,1.0000000000e+00,1.0000285724e+00,1.0000095586e+00,1.0000285724e+00,1.8684361265e+03,1.9345521006e+03,1.9618041600e+00,nan,3.7040057089e-01,3.8350746505e-01,3.8890993946e-04,nan,9.4762032857e-01,2.2796803996e-02,2.4930146608e-01,4.1920690912e+00,3.8828135291e-01,9.9336591826e-01,-6.3172236581e-02,-6.2684775054e-02,-2.3271081348e-02,5.5246070629e-01,3.0196423847e-01,391337,42,44,41,1.3185142592e-04,4.9493628578e-01,4.8454106454e-01,2.7331427958e-02,-3.5720061520e+00,-2.7943090013e+03,9.9330144603e-03,-2.7942990683e+03,-7.2125953075e-06,447024,48,48,48,-1.3913950762e-04,1.0000000000e+00,5.5166444347e-01,6.3887449163e-02,-2.6846127875e+00,-1.4446022184e+00,-5.1112829500e-02,-1.4957150479e+00,2.1055088022e-05,2.7279546975e-02,6.3908504251e-02,-7.4333543310e-07,3.0669282472e-04,0,0,0,2.3958248488e-04,3.1921888688e+00,3.1924284512e+00,9.3176175816e-08,2.8572417675e-05,2.8665593851e-05,4.7495061735e-04,2.3958248488e+00
211,2.1100000000e-02,1.0000000000e-04,-9.3060496402e-02,1.3432534528e-01,1.4958319401e+00,2.6421451137e-01,-2.1337955349e-01,2.1337955349e-01,1.4448538053e+00,3.3966354103e-01,1.2031905708e-01,1.2043832367e-01,1.9245008973e-01,1.2925948517e-01,0.0000000000e+00,0.0000000000e+00,0.0000000000e+00,0.0000000000e+00,2.2295664972e-05,3.2182000005e-05,3.5837513317e-04,6.3301169177e-05,2.2295664972e-05,2.3421149608e-05,1.3838713638e-04,2.7311883395e-05,-1.0806671794e+01,1.0806679335e+01,2.7948306314e+03,1.4359286324e+02,-1.0807713275e+01,1.0807713275e+01,2.7948405997e+03,1.4359690178e+02,1.0414812094e-03,2.9113438866e-03,3.7754908893e-01,2.7256973571e-02,0.0000000000e+00,0.0000000000e+00,0.0000000000e+00,0.0000000000e+00,5.1326354400e-07,5.1326390215e-07,1.3274065338e-04,6.8199519043e-06,5.2399022083e-07,5.3404076707e-07,1.3186221405e-04,6.8140378809e-06,1.0000000000e+00,4.1921888688e+00,2.0679115636e+00,4.1921888688e+00,1.0000000000e+00,1.0000285724e+00,1.0000095586e+00,1.0000285724e+00,1.8684121903e+03,1.9343414464e+03,1.9618026132e+00,nan,3.7039582575e-01,3.8346570476e-01,3.8890963281e-04,nan,9.5285022515e-01,2.2801646205e-02,2.4948985693e-01,4.1920690912e+00,3.8615161480e-01,9.9338228869e-01,-8.9687889543e-02,-8.9766737267e-02,-2.3001546334e-02,5.5248245226e-01,3.0190104550e-01,383084,41,54,44,1.3186221405e-04,4.9506813720e-01,4.8449162272e-01,2.7324215362e-02,-3.5722774959e+00,-2.7944892152e+03,9.6744248593e-03,-2.7944795408e+03,-6.1318048956e-06,447024,48,48,48,-1.3838713638e-04,1.0000000000e+00,5.5152530396e-01,6.3908504251e-02,-2.6842607842e+00,-1.4448538053e+00,-5.0978134719e-02,-1.4958319401e+00,2.2268029213e-05,2.7274181666e-02,6.3930772281e-02,-9.4222995742e-07,3.0686831094e-04,0,0,0,2.3958248488e-04,3.1921888688e+00,3.1924284512e+00,9.3176175816e-08,2.8572417675e-05,2.8665593851e-05,4.7495061735e-04,2.3958248488e+00
212,2.1200000000e-02,1.0000000000e-04,-9.3074241251e-02,1.3434083503e-01,1.4959529601e+00,2.6422511148e-01,-2.1340975679e-01,2.1340975679e-01,1.4451088156e+00,3.3968271410e-01,1.2033551554e-01,1.2045420550e-01,1.9245008527e-01,1.2927186812e-01,0.0000000000e+00,0.0000000000e+00,0.0000000000e+00,0.0000000000e+00,2.2298957998e-05,3.2185711077e-05,3.5840412745e-04,6.3303708776e-05,2.2298957998e-05,2.3419110481e-05,1.3763971778e-04,2.7294246205e-05,-1.0808015811e+01,1.0808023368e+01,2.7950604568e+03,1.4360958636e+02,-1.0809056949e+01,1.0809056949e+01,2.7950701676e+03,1.4361362124e+02,1.0411373200e-03,2.9113823863e-03,3.7754873681e-01,2.7257183607e-02,0.0000000000e+00,0.0000000000e+00,0.0000000000e+00,0.0000000000e+00,5.1332737819e-07,5.1332773708e-07,1.3275156895e-04,6.8207461701e-06,5.2406511131e-07,5.3411008652e-07,1.3187523458e-04,6.8148274487e-06,1.0000000000e+00,4.1921888688e+00,2.0679115636e+00,4.1921888688e+00,1.0000000000e+00,1.0000285724e+00,1.0000095586e+00,1.0000285724e+00,1.8684146703e+03,1.9341589626e+03,1.9618008290e+00,nan,3.7039631740e-01,3.8342952900e-01,3.8890927911e-04,nan,9.5811904223e-01,2.2806591521e-02,2.4968000206e-01,4.1920690912e+00,3.8403496847e-01,9.9339868916e-01,-1.1424950307e-01,-1.1480350152e-01,-2.2606269188e-02,5.5250431370e-01,3.0183774578e-01,392105,42,52,41,1.3187523458e-04,4.9519999942e-01,4.8444239713e-01,2.7318083557e-02,-3.5725082343e+00,-2.7947165836e+03,9.4158100629e-03,-2.7947071678e+03,-5.0792611953e-06,447024,48,48,48,-1.3763971778e-04,1.0000000000e+00,5.5138691683e-01,6.3930772281e-02,-2.6838886202e+00,-1.4451088156e+00,-5.0844144529e-02,-1.4959529601e+00,2.3602505679e-05,2.7269572409e-02,6.3954374786e-02,-1.1169542622e-06,3.0704051198e-04,0,0,0,2.3958248488e-04,3.1921888688e+00,3.1924284512e+00,9.3176175816e-08,2.8572417675e-05,2.8665593851e-05,4.7495061735e-04,2.3958248488e+00
213,2.1300000000e-02,1.0000000000e-04,-9.3088851213e-02,1.3435736717e-01,1.4960785874e+00,2.6423869735e-01,-2.1344082128e-01,2.1344082128e-01,1.4453677329e+00,3.3970449032e-01,1.2035197006e-01,1.2047008616e-01,1.9245008308e-01,1.2928425578e-01,0.0000000000e+00,0.0000000000e+00,0.0000000000e+00,0.0000000000e+00,2.2302458288e-05,3.2189671888e-05,3.5843422556e-04,6.3306963713e-05,2.2302458288e-05,2.3417184987e-05,1.3689699079e-04,2.7276893179e-05,-1.0809539092e+01,1.0809546664e+01,2.7953362234e+03,1.4362870468e+02,-1.0810579885e+01,1.0810579885e+01,2.7953456768e+03,1.4363273588e+02,1.0407933787e-03,2.9114205737e-03,3.7754833015e-01,2.7257393860e-02,0.0000000000e+00,0.0000000000e+00,0.0000000000e+00,0.0000000000e+00,5.1339972650e-07,5.1340008614e-07,1.3276466650e-04,6.8216541959e-06,5.2414738715e-07,5.3418583808e-07,1.3189044068e-04,6.8157307345e-06,1.0000000000e+00,4.1921888688e+00,2.0679115636e+00,4.1921888688e+00,1.0000000000e+00,1.0000285724e+00,1.0000095586e+00,1.0000285724e+00,1.8684421039e+03,1.9340031006e+03,1.9617987381e+00,nan,3.7040175585e-01,3.8339863075e-01,3.8890886462e-04,nan,9.6342834070e-01,2.2811701678e-02,2.4987195902e-01,4.1920690912e+00,3.8193057758e-01,9.9341522228e-01,-1.3682152474e-01,-1.3777219956e-01,-2.2088314085e-02,5.5252631870e-01,3.0177491097e-01,382890,41,52,42,1.3189044068e-04,4.9533187465e-01,4.8439339194e-01,2.7313004296e-02,-3.5726994039e+00,-2.7949898273e+03,9.1571657999e-03,-2.7949806702e+03,-4.0607900334e-06,447024,48,48,48,-1.3689699079e-04,1.0000000000e+00,5.5124927711e-01,6.3954374786e-02,-2.6834942850e+00,-1.4453677329e+00,-5.0710854582e-02,-1.4960785874e+00,2.5049031984e-05,2.7265683931e-02,6.3979423818e-02,-1.2668594966e-06,3.0720966959e-04,0,0,0,2.3958248488e-04,3.1921888688e+00,3.1924284512e+00,9.3176175816e-08,2.8572417675e-05,2.8665593851e-05,4.7495061735e-04,2.3958248488e+00
214,2.1400000000e-02,1.0000000000e-04,-9.3104266361e-02,1.3437488395e-01,1.4962092611e+00,2.6425512418e-01,-2.1347268683e-01,2.1347268683e-01,1.4456310003e+00,3.3972872951e-01,1.2036842047e-01,1.2048596547e-01,1.9245008967e-01,1.2929664798e-01,0.0000000000e+00,0.0000000000e+00,0.0000000000e+00,0.0000000000e+00,2.2306151488e-05,3.2193868602e-05,3.5846553268e-04,6.3310899295e-05,2.2306151488e-05,2.3415361095e-05,1.3615870538e-04,2.7259805472e-05,-1.0811235960e+01,1.0811243548e+01,2.7956563668e+03,1.4365014025e+02,-1.0812276409e+01,1.0812276409e+01,2.7956655626e+03,1.4365416775e+02,1.0404493743e-03,2.9114584441e-03,3.7754786887e-01,2.7257604334e-02,0.0000000000e+00,0.0000000000e+00,0.0000000000e+00,0.0000000000e+00,5.1348031935e-07,5.1348067973e-07,1.3277987173e-04,6.8226722793e-06,5.2424615264e-07,5.3426249109e-07,1.3190775278e-04,6.8167438658e-06,1.0000000000e+00,4.1921888688e+00,2.0679115636e+00,4.1921888688e+00,1.0000000000e+00,1.0000285724e+00,1.0000095586e+00,1.0000285724e+00,1.8684928903e+03,1.9338721721e+03,1.9617962742e+00,nan,3.7041182380e-01,3.8337267536e-01,3.8890837617e-04,nan,9.6877942847e-01,2.2816752170e-02,2.5006575607e-01,4.1920690912e+00,3.7983764956e-01,9.9343184371e-01,-1.5745559796e-01,-1.5873704593e-01,-2.1450760439e-02,5.5254855647e-01,3.0171008757e-01,392105,42,52,41,1.3190775278e-04,4.9546376509e-01,4.8434461122e-01,2.7308943506e-02,-3.5728522658e+00,-2.7953073861e+03,8.8984878903e-03,-2.7952984876e+03,-3.0820409277e-06,447024,48,48,48,-1.3615870538e-04,1.0000000000e+00,5.5111238012e-01,6.3979423818e-02,-2.6830759305e+00,-1.4456310003e+00,-5.0578260776e-02,-1.4962092611e+00,2.6597521129e-05,2.7262477019e-02,6.4006021340e-02,-1.3914425344e-06,3.0737590896e-04,0,0,0,2.3958248488e-04,3.1921888688e+00,3.1924284512e+00,9.3176175816e-08,2.8572417675e-05,2.8665593851e-05,4.7495061735e-04,2.3958248488e+00
215,2.1500000000e-02,1.0000000000e-04,-9.3120423299e-02,1.3439329104e-01,1.4963453772e+00,2.6427423201e-01,-2.1350528989e-01,2.1350528989e-01,1.4458990179e+00,3.3975527889e-01,1.2038486659e-01,1.2050184328e-01,1.9245008899e-01,1.2930904455e-01,0.0000000000e+00,0.0000000000e+00,0.0000000000e+00,0.0000000000e+00,2.2310022407e-05,3.2198278618e-05,3.5849814371e-04,6.3315477195e-05,2.2310022407e-05,2.3413627203e-05,1.3542462355e-04,2.7242964135e-05,-1.0813099688e+01,1.0813107292e+01,2.7960190491e+03,1.4367380106e+02,-1.0814139794e+01,1.0814139794e+01,2.7960279874e+03,1.4367782485e+02,1.0401053329e-03,2.9114960298e-03,3.7754735291e-01,2.7257815033e-02,0.0000000000e+00,0.0000000000e+00,0.0000000000e+00,0.0000000000e+00,5.1356883725e-07,5.1356919840e-07,1.3279709735e-04,6.8237960512e-06,5.2434768173e-07,5.3436468549e-07,1.3192685050e-04,6.8178626169e-06,1.0000000000e+00,4.1921888688e+00,2.0679115636e+00,4.1921888688e+00,1.0000000000e+00,1.0000285724e+00,1.0000095586e+00,1.0000285724e+00,1.8685653003e+03,1.9337643588e+03,1.9617936000e+00,nan,3.7042617844e-01,3.8335130237e-01,3.8890784604e-04,nan,9.7417180890e-01,2.2822806601e-02,2.5026141000e-01,4.1920690912e+00,3.7775543871e-01,9.9344679310e-01,-1.7627231155e-01,-1.7783026711e-01,-2.0698666200e-02,5.5257136287e-01,3.0164876554e-01,410743,44,54,55,1.3192685050e-04,4.9559567284e-01,4.8429605887e-01,2.7305861465e-02,-3.5729682991e+00,-2.7956674269e+03,8.6397723104e-03,-2.7956587871e+03,-2.1484541690e-06,447024,48,48,48,-1.3542462355e-04,1.0000000000e+00,5.5097622141e-01,6.4006021340e-02,-2.6826318810e+00,-1.4458990179e+00,-5.0446359245e-02,-1.4963453772e+00,2.8237340324e-05,2.7259908765e-02,6.4034258680e-02,-1.4903454849e-06,3.0753904433e-04,0,0,0,2.3958248488e-04,3.1921888688e+00,3.1924284512e+00,9.3176175816e-08,2.8572417675e-05,2.8665593851e-05,4.7495061735e-04,2.3958248488e+00
216,2.1600000000e-02,1.0000000000e-04,-9.3137255551e-02,1.3441250699e-01,1.4964872868e+00,2.6429584674e-01,-2.1353856381e-01,2.1353856381e-01,1.4461721404e+00,3.3978397409e-01,1.2040130826e-01,1.2051771943e-01,1.9245008972e-01,1.2932144534e-01,0.0000000000e+00,0.0000000000e+00,0.0000000000e+00,0.0000000000e+00,2.2314055120e-05,3.2202882424e-05,3.5853214276e-04,6.3320655706e-05,2.2314055120e-05,2.3411971589e-05,1.3469452024e-04,2.7226350220e-05,-1.0815122539e+01,1.0815130159e+01,2.7964221704e+03,1.4369958161e+02,-1.0816162300e+01,1.0816162300e+01,2.7964308510e+03,1.4370360166e+02,1.0397612282e-03,2.9115333103e-03,3.7754678218e-01,2.7258025963e-02,0.0000000000e+00,0.0000000000e+00,0.0000000000e+00,0.0000000000e+00,5.1366491266e-07,5.1366527459e-07,1.3281624362e-04,6.8250204997e-06,5.2445295919e-07,5.3447662945e-07,1.3194790461e-04,6.8190820775e-06,1.0000000000e+00,4.1921888688e+00,2.0679115636e+00,4.1921888688e+00,1.0000000000e+00,1.0000285724e+00,1.0000095586e+00,1.0000285724e+00,1.8686574855e+03,1.9336777227e+03,1.9617906270e+00,nan,3.7044445332e-01,3.8333412753e-01,3.8890725666e-04,nan,9.7960855699e-01,2.2829202035e-02,2.5045891287e-01,4.1920690912e+00,3.7568324895e-01,9.9346210235e-01,-1.9339572313e-01,-1.9519234419e-01,-1.9836944123e-02,5.5259431517e-01,3.0158740818e-01,501943,54,44,55,1.3194790461e-04,4.9572759969e-01,4.8424773862e-01,2.7303713011e-02,-3.5730491920e+00,-2.7960678549e+03,8.3810156645e-03,-2.7960594739e+03,-1.2652289084e-06,447024,48,48,48,-1.3469452024e-04,1.0000000000e+00,5.5084079679e-01,6.4034258680e-02,-2.6821606426e+00,-1.4461721404e+00,-5.0315146345e-02,-1.4964872868e+00,2.9957368596e-05,2.7257932828e-02,6.4064216048e-02,-1.5633603608e-06,3.0769915098e-04,0,0,0,2.3958248488e-04,3.1921888688e+00,3.1924284512e+00,9.3176175816e-08,2.8572417675e-05,2.8665593851e-05,4.7495061735e-04,2.3958248488e+00
217,2.1700000000e-02,1.0000000000e-04,-9.3154693955e-02,1.3443245752e-01,1.4966352938e+00,2.6431978136e-01,-2.1357243927e-01,2.1357243927e-01,1.4464506751e+00,3.3981464021e-01,1.2041774532e-01,1.2053359377e-01,1.9245008444e-01,1.2933385018e-01,0.0000000000e+00,0.0000000000e+00,0.0000000000e+00,0.0000000000e+00,2.2318233056e-05,3.2207662222e-05,3.5856760265e-04,6.3326390022e-05,2.2318233056e-05,2.3410382480e-05,1.3396818418e-04,2.7209944885e-05,-1.0817295805e+01,1.0817303442e+01,2.7968633799e+03,1.4372736345e+02,-1.0818335222e+01,1.0818335222e+01,2.7968718029e+03,1.4373137975e+02,1.0394170395e-03,2.9115702706e-03,3.7754615661e-01,2.7258237126e-02,0.0000000000e+00,0.0000000000e+00,0.0000000000e+00,0.0000000000e+00,5.1376813208e-07,5.1376849477e-07,1.3283719889e-04,6.8263400000e-06,5.2456907981e-07,5.3459295999e-07,1.3197078757e-04,6.8203964026e-06,1.0000000000e+00,4.1921888688e+00,2.0679115636e+00,4.1921888688e+00,1.0000000000e+00,1.0000285724e+00,1.0000095586e+00,1.0000285724e+00,1.8687674890e+03,1.9336102164e+03,1.9617874302e+00,nan,3.7046626052e-01,3.8332074502e-01,3.8890662293e-04,nan,9.8509051517e-01,2.2835720879e-02,2.5065822189e-01,4.1920690912e+00,3.7362043641e-01,9.9347764536e-01,-2.0896661645e-01,-2.1097914435e-01,-1.8871178899e-02,5.5261746399e-01,3.0152519451e-01,483305,52,42,41,1.3197078757e-04,4.9585954760e-01,4.8419965400e-01,2.7302447782e-02,-3.5730968329e+00,-2.7965063254e+03,8.1222142219e-03,-2.7964982032e+03,-4.3728987869e-07,447024,48,48,48,-1.3396818418e-04,1.0000000000e+00,5.5070610227e-01,6.4064216048e-02,-2.6816609112e+00,-1.4464506751e+00,-5.0184618645e-02,-1.4966352938e+00,3.1746056143e-05,2.7256499732e-02,6.4095962105e-02,-1.6104266063e-06,3.0785630849e-04,0,0,0,2.3958248488e-04,3.1921888688e+00,3.1924284512e+00,9.3176175816e-08,2.8572417675e-05,2.8665593851e-05,4.7495061735e-04,2.3958248488e+00
218,2.1800000000e-02,1.0000000000e-04,-9.3172667082e-02,1.3445306705e-01,1.4967896535e+00,2.6434583712e-01,-2.1360684470e-01,2.1360684470e-01,1.4467348806e+00,3.3984709296e-01,1.2043417762e-01,1.2054947112e-01,1.9245006925e-01,1.2934625895e-01,0.0000000000e+00,0.0000000000e+00,0.0000000000e+00,0.0000000000e+00,2.2322539103e-05,3.2212599903e-05,3.5860458454e-04,6.3332632525e-05,2.2322539103e-05,2.3408848123e-05,1.3324541867e-04,2.7193729491e-05,-1.0819609864e+01,1.0819617516e+01,2.7973400905e+03,1.4375701593e+02,-1.0820648937e+01,1.0820648937e+01,2.7973482558e+03,1.4376102846e+02,1.0390727757e-03,2.9116069250e-03,3.7754547612e-01,2.7258448525e-02,0.0000000000e+00,0.0000000000e+00,0.0000000000e+00,0.0000000000e+00,5.1387803844e-07,5.1387840189e-07,1.3285984029e-04,6.8277483466e-06,5.2470378786e-07,5.3470339040e-07,1.3199528969e-04,6.8217993546e-06,1.0000000000e+00,4.1921888688e+00,2.0679115636e+00,4.1921888688e+00,1.0000000000e+00,1.0000285724e+00,1.0000095586e+00,1.0000285724e+00,1.8688932569e+03,1.9335596959e+03,1.9617840491e+00,nan,3.7049119286e-01,3.8331072979e-01,3.8890595266e-04,nan,9.9061784649e-01,2.2841935134e-02,2.5085927831e-01,4.1920690912e+00,3.7156641162e-01,9.9349276203e-01,-2.1435511025e-01,-2.1642638433e-01,-1.7807421866e-02,5.5264091900e-01,3.0146050095e-01,484457,52,54,41,1.3199528969e-04,4.9599151839e-01,4.8415180830e-01,2.7302010492e-02,-3.5731132991e+00,-2.7969802574e+03,7.8633645018e-03,-2.7969723940e+03,3.3074481667e-07,447024,48,48,48,-1.3324541867e-04,1.0000000000e+00,5.5057213409e-01,6.4095962105e-02,-2.6811315794e+00,-1.4467348806e+00,-5.0054772912e-02,-1.4967896535e+00,3.3591485550e-05,2.7255557184e-02,6.4129553590e-02,-1.6316344038e-06,3.0801050898e-04,0,0,0,2.3958248488e-04,3.1921888688e+00,3.1924284512e+00,9.3176175816e-08,2.8572417675e-05,2.8665593851e-05,4.7495061735e-04,2.3958248488e+00
219,2.1900000000e-02,1.0000000000e-04,-9.3191101657e-02,1.3447425462e-01,1.4969505712e+00,2.6437380486e-01,-2.1364170668e-01,2.1364170668e-01,1.4470249651e+00,3.3988113981e-01,1.2045060503e-01,1.2056535960e-01,1.9245008161e-01,1.2935867149e-01,0.0000000000e+00,0.0000000000e+00,0.0000000000e+00,0.0000000000e+00,2.2326955704e-05,3.2217676074e-05,3.5864313759e-04,6.3339333107e-05,2.2326955704e-05,2.3407356854e-05,1.3252604226e-04,2.7177685695e-05,-1.0822054233e+01,1.0822061902e+01,2.7978494935e+03,1.4378839697e+02,-1.0823092962e+01,1.0823092962e+01,2.7978574011e+03,1.4379240570e+02,1.0387284785e-03,2.9116433198e-03,3.7754474060e-01,2.7258660165e-02,0.0000000000e+00,0.0000000000e+00,0.0000000000e+00,0.0000000000e+00,5.1399413390e-07,5.1399449812e-07,1.3288403442e-04,6.8292387909e-06,5.2484420995e-07,5.3482060384e-07,1.3202112943e-04,6.8232842407e-06,1.0000000000e+00,4.1921888688e+00,2.0679115636e+00,4.1921888688e+00,1.0000000000e+00,1.0000285724e+00,1.0000095586e+00,1.0000285724e+00,1.8690326504e+03,1.9335239326e+03,1.9617801013e+00,nan,3.7051882635e-01,3.8330364004e-01,3.8890517004e-04,nan,9.9619008601e-01,2.2848397928e-02,2.5106200422e-01,4.1920690912e+00,3.6952064146e-01,9.9350633062e-01,-2.0260920129e-01,-2.0449746530e-01,-1.6654373205e-02,5.5266429598e-01,3.0139898324e-01,410729,44,54,41,1.3202112943e-04,4.9612351368e-01,4.8410420458e-01,2.7302341237e-02,-3.5731008448e+00,-2.7974868495e+03,7.6044634350e-03,-2.7974792450e+03,1.0345954958e-06,447024,48,48,48,-1.3252604226e-04,1.0000000000e+00,5.5043888867e-01,6.4129553590e-02,-2.6805717428e+00,-1.4470249651e+00,-4.9925606095e-02,-1.4969505712e+00,3.5481434274e-05,2.7255050419e-02,6.4165035024e-02,-1.6272197409e-06,3.0816131166e-04,0,0,0,2.3958248488e-04,3.1921888688e+00,3.1924284512e+00,9.3176175816e-08,2.8572417675e-05,2.8665593851e-05,4.7495061735e-04,2.3958248488e+00
220,2.2000000000e-02,1.0000000000e-04,-9.3209922982e-02,1.3449592764e-01,1.4971182008e+00,2.6440346639e-01,-2.1367695041e-01,2.1367695041e-01,1.4473210855e+00,3.3991658128e-01,1.2046702742e-01,1.2058124581e-01,1.9245008938e-01,1.2937108769e-01,0.0000000000e+00,0.0000000000e+00,0.0000000000e+00,0.0000000000e+00,2.2331464964e-05,3.2222868550e-05,3.5868329871e-04,6.3346439489e-05,2.2331464964e-05,2.3405897160e-05,1.3180988940e-04,2.7161795541e-05,-1.0824617635e+01,1.0824625320e+01,2.7983885761e+03,1.4382135388e+02,-1.0825656019e+01,1.0825656019e+01,2.7983962259e+03,1.4382535879e+02,1.0383841415e-03,2.9116794527e-03,3.7754394998e-01,2.7258872046e-02,0.0000000000e+00,0.0000000000e+00,0.0000000000e+00,0.0000000000e+00,5.1411588283e-07,5.1411624782e-07,1.3290963818e-04,6.8308040813e-06,5.2498008816e-07,5.3495292879e-07,1.3204841003e-04,6.8248441020e-06,1.0000000000e+00,4.1921888688e+00,2.0679115636e+00,4.1921888688e+00,1.0000000000e+00,1.0000285724e+00,1.0000095586e+00,1.0000285724e+00,1.8691834583e+03,1.9335006267e+03,1.9617759139e+00,nan,3.7054872267e-01,3.8329901986e-01,3.8890433992e-04,nan,1.0018095807e+00,2.2855476341e-02,2.5126630866e-01,4.1920690912e+00,3.6748265079e-01,9.9352019790e-01,-1.9159485612e-01,-1.9337183322e-01,-1.5420102290e-02,5.5268722680e-01,3.0133811510e-01,483305,52,42,41,1.3204841003e-04,4.9625553481e-01,4.8405684562e-01,2.7303375833e-02,-3.5730618879e+00,-2.7980230963e+03,7.3455085041e-03,-2.7980157508e+03,1.6703515643e-06,447024,48,48,48,-1.3180988940e-04,1.0000000000e+00,5.5030636262e-01,6.4165035024e-02,-2.6799807049e+00,-1.4473210855e+00,-4.9797115316e-02,-1.4971182008e+00,3.7403437383e-05,2.7254922559e-02,6.4202438462e-02,-1.5975638475e-06,3.0830674206e-04,0,0,0,2.3958248488e-04,3.1921888688e+00,3.1924284512e+00,9.3176175816e-08,2.8572417675e-05,2.8665593851e-05,4.7495061735e-04,2.3958248488e+00
221,2.2100000000e-02,1.0000000000e-04,-9.3229055368e-02,1.3451799436e-01,1.4972926445e+00,2.6443459585e-01,-2.1371250007e-01,2.1371250007e-01,1.4476233466e+00,3.3995321215e-01,1.2048344470e-01,1.2059712965e-01,1.9245008973e-01,1.2938350744e-01,0.0000000000e+00,0.0000000000e+00,0.0000000000e+00,0.0000000000e+00,2.2336048748e-05,3.2228155349e-05,3.5872509236e-04,6.3353897563e-05,2.2336048748e-05,2.3404457746e-05,1.3109681096e-04,2.7146041542e-05,-1.0827288065e+01,1.0827295767e+01,2.7989541397e+03,1.4385572435e+02,-1.0828326105e+01,1.0828326105e+01,2.7989615316e+03,1.4385972542e+02,1.0380397202e-03,2.9117152833e-03,3.7754310415e-01,2.7259084169e-02,0.0000000000e+00,0.0000000000e+00,0.0000000000e+00,0.0000000000e+00,5.1424271509e-07,5.1424308086e-07,1.3293649966e-04,6.8324365088e-06,5.2511705272e-07,5.3508715702e-07,1.3207712727e-04,6.8264711843e-06,1.0000000000e+00,4.1921888688e+00,2.0679115636e+00,4.1921888688e+00,1.0000000000e+00,1.0000285724e+00,1.0000095586e+00,1.0000285724e+00,1.8693434113e+03,1.9334874214e+03,1.9617715153e+00,nan,3.7058043190e-01,3.8329640203e-01,3.8890346795e-04,nan,1.0074778044e+00,2.2862617148e-02,2.5147206725e-01,4.1920690912e+00,3.6545202372e-01,9.9353546696e-01,-1.8188912173e-01,-1.8362194202e-01,-1.4110188698e-02,5.5271082744e-01,3.0127631139e-01,483210,52,41,42,1.3207712727e-04,4.9638758322e-01,4.8400973390e-01,2.7305046184e-02,-3.5729989950e+00,-2.7985858076e+03,7.0864969895e-03,-2.7985787211e+03,2.2345019518e-06,447024,48,48,48,-1.3109681096e-04,1.0000000000e+00,5.5017455274e-01,6.4202438462e-02,-2.6793579804e+00,-1.4476233466e+00,-4.9669297851e-02,-1.4972926445e+00,3.9344856064e-05,2.7255114997e-02,6.4241783318e-02,-1.5431881617e-06,3.0844799211e-04,0,0,0,2.3958248488e-04,3.1921888688e+00,3.1924284512e+00,9.3176175816e-08,2.8572417675e-05,2.8665593851e-05,4.7495061735e-04,2.3958248488e+00
222,2.2200000000e-02,1.0000000000e-04,-9.3248422570e-02,1.3454036986e-01,1.4974739520e+00,2.6446696122e-01,-2.1374827932e-01,2.1374827932e-01,1.4479318009e+00,3.3999082277e-01,1.2049985675e-01,1.2061301104e-01,1.9245008466e-01,1.2939593061e-01,0.0000000000e+00,0.0000000000e+00,0.0000000000e+00,0.0000000000e+00,2.2340688791e-05,3.2233516128e-05,3.5876853046e-04,6.3361651738e-05,2.2340688791e-05,2.3403033753e-05,1.3038667463e-04,2.7130406761e-05,-1.0830052869e+01,1.0830060586e+01,2.7995428200e+03,1.4389133741e+02,-1.0831090564e+01,1.0831090564e+01,2.7995499540e+03,1.4389533462e+02,1.0376951953e-03,2.9117507957e-03,3.7754220305e-01,2.7259296537e-02,0.0000000000e+00,0.0000000000e+00,0.0000000000e+00,0.0000000000e+00,5.1437402959e-07,5.1437439614e-07,1.3296445907e-04,6.8341279533e-06,5.2525641937e-07,5.3522384683e-07,1.3210703602e-04,6.8281573154e-06,1.0000000000e+00,4.1921888688e+00,2.0679115636e+00,4.1921888688e+00,1.0000000000e+00,1.0000285724e+00,1.0000095586e+00,1.0000285724e+00,1.8695101950e+03,1.9334819169e+03,1.9617668847e+00,nan,3.7061349526e-01,3.8329531081e-01,3.8890254996e-04,nan,1.0131943038e+00,2.2869848947e-02,2.5167913535e-01,4.1920690912e+00,3.6342840455e-01,9.9355148699e-01,-1.7365162831e-01,-1.7540562101e-01,-1.2734064951e-02,5.5273481144e-01,3.0121450102e-01,511914,55,52,42,1.3210703602e-04,4.9651966034e-01,4.8396287161e-01,2.7307280686e-02,-3.5729148664e+00,-2.7991716276e+03,6.8274261796e-03,-2.7991648002e+03,2.7239639754e-06,447024,48,48,48,-1.3038667463e-04,1.0000000000e+00,5.5004345592e-01,6.4241783318e-02,-2.6787032981e+00,-1.4479318009e+00,-4.9542151113e-02,-1.4974739520e+00,4.1292942753e-05,2.7255567790e-02,6.4283076261e-02,-1.4647510084e-06,3.0858602411e-04,0,0,0,2.3958248488e-04,3.1921888688e+00,3.1924284512e+00,9.3176175816e-08,2.8572417675e-05,2.8665593851e-05,4.7495061735e-04,2.3958248488e+00
223,2.2300000000e-02,1.0000000000e-04,-9.3267948206e-02,1.3456295699e-01,1.4976621207e+00,2.6450032575e-01,-2.1378421171e-01,2.1378421171e-01,1.4482464481e+00,3.4002920032e-01,1.2051626351e-01,1.2062888989e-01,1.9245008773e-01,1.2940835714e-01,0.0000000000e+00,0.0000000000e+00,0.0000000000e+00,0.0000000000e+00,2.2345366791e-05,3.2238927608e-05,3.5881361240e-04,6.3369645296e-05,2.2345366791e-05,2.3401613944e-05,1.2967936529e-04,2.7114874876e-05,-1.0832898817e+01,1.0832906551e+01,2.8001511079e+03,1.4392801455e+02,-1.0833936168e+01,1.0833936168e+01,2.8001579839e+03,1.4393200788e+02,1.0373505553e-03,2.9117859814e-03,3.7754124657e-01,2.7259509150e-02,0.0000000000e+00,0.0000000000e+00,0.0000000000e+00,0.0000000000e+00,5.1450919810e-07,5.1450956542e-07,1.3299334974e-04,6.8358699365e-06,5.2539658346e-07,5.3536463652e-07,1.3213794209e-04,6.8298939847e-06,1.0000000000e+00,4.1921888688e+00,2.0679115636e+00,4.1921888688e+00,1.0000000000e+00,1.0000285724e+00,1.0000095586e+00,1.0000285724e+00,1.8696814650e+03,1.9334816858e+03,1.9617618834e+00,nan,3.7064744799e-01,3.8329526499e-01,3.8890155851e-04,nan,1.0189588898e+00,2.2877252731e-02,2.5188735024e-01,4.1920690912e+00,3.6141149836e-01,9.9356804191e-01,-1.6680040683e-01,-1.6864051797e-01,-1.1300713950e-02,5.5275923417e-01,3.0115358284e-01,483305,52,42,41,1.3213794209e-04,4.9665176738e-01,4.8391626062e-01,2.7310004650e-02,-3.5728123186e+00,-2.7997770563e+03,6.5682938438e-03,-2.7997704880e+03,3.1361100885e-06,447024,48,48,48,-1.2967936529e-04,1.0000000000e+00,5.4991306925e-01,6.4283076261e-02,-2.6780166019e+00,-1.4482464481e+00,-4.9415672641e-02,-1.4976621207e+00,4.3234908815e-05,2.7256220064e-02,6.4326311169e-02,-1.3630442852e-06,3.0872125684e-04,0,0,0,2.3958248488e-04,3.1921888688e+00,3.1924284512e+00,9.3176175816e-08,2.8572417675e-05,2.8665593851e-05,4.7495061735e-04,2.3958248488e+00
224,2.2400000000e-02,1.0000000000e-04,-9.3287556184e-02,1.3458566539e-01,1.4978570958e+00,2.6453444951e-01,-2.1382022108e-01,2.1382022108e-01,1.4485672357e+00,3.4006813020e-01,1.2053266489e-01,1.2064476614e-01,1.9245008890e-01,1.2942078692e-01,0.0000000000e+00,0.0000000000e+00,0.0000000000e+00,0.0000000000e+00,2.2350064519e-05,3.2244368145e-05,3.5886032501e-04,6.3377820751e-05,2.2350064519e-05,2.3400182735e-05,1.2897478523e-04,2.7099430250e-05,-1.0835812198e+01,1.0835819948e+01,2.8007753724e+03,1.4396557086e+02,-1.0836849204e+01,1.0836849204e+01,2.8007819903e+03,1.4396956028e+02,1.0370057853e-03,2.9118208281e-03,3.7754023462e-01,2.7259722012e-02,0.0000000000e+00,0.0000000000e+00,0.0000000000e+00,0.0000000000e+00,5.1464756929e-07,5.1464793738e-07,1.3302299922e-04,6.8376536756e-06,5.2554825179e-07,5.3549738539e-07,1.3216973215e-04,6.8316722973e-06,1.0000000000e+00,4.1921888688e+00,2.0679115636e+00,4.1921888688e+00,1.0000000000e+00,1.0000285724e+00,1.0000095586e+00,1.0000285724e+00,1.8698548615e+03,1.9334842880e+03,1.9617566133e+00,nan,3.7068182228e-01,3.8329578085e-01,3.8890051375e-04,nan,1.0247718724e+00,2.2884324941e-02,2.5209652876e-01,4.1920690912e+00,3.5940107123e-01,9.9358556738e-01,-1.6152712986e-01,-1.6351761235e-01,-9.8186305869e-03,5.5278433987e-01,3.0109004643e-01,502697,54,52,41,1.3216973215e-04,4.9678390532e-01,4.8386990246e-01,2.7313140760e-02,-3.5726942673e+00,-2.8003984720e+03,6.3090981326e-03,-2.8003921629e+03,3.4687925710e-06,447024,48,48,48,-1.2897478523e-04,1.0000000000e+00,5.4978338988e-01,6.4326311169e-02,-2.6772980512e+00,-1.4485672357e+00,-4.9289860077e-02,-1.4978570958e+00,4.5157994294e-05,2.7257010425e-02,6.4371469164e-02,-1.2389805930e-06,3.0885391060e-04,0,0,0,2.3958248488e-04,3.1921888688e+00,3.1924284512e+00,9.3176175816e-08,2.8572417675e-05,2.8665593851e-05,4.7495061735e-04,2.3958248488e+00
225,2.2500000000e-02,1.0000000000e-04,-9.3307171113e-02,1.3460840310e-01,1.4980587707e+00,2.6456909084e-01,-2.1385623197e-01,2.1385623197e-01,1.4488940596e+00,3.4010739725e-01,1.2054906086e-01,1.2066063975e-01,1.9245008842e-01,1.2943321988e-01,0.0000000000e+00,0.0000000000e+00,0.0000000000e+00,0.0000000000e+00,2.2354763913e-05,3.2249815701e-05,3.5890864279e-04,6.3386120207e-05,2.2354763913e-05,2.3398730185e-05,1.2827285430e-04,2.7084057983e-05,-1.0838778899e+01,1.0838786666e+01,2.8014118838e+03,1.4400381620e+02,-1.0839815560e+01,1.0839815560e+01,2.8014182437e+03,1.4400780171e+02,1.0366609156e-03,2.9118553683e-03,3.7753916713e-01,2.7259935125e-02,0.0000000000e+00,0.0000000000e+00,0.0000000000e+00,0.0000000000e+00,5.1478847295e-07,5.1478884181e-07,1.3305323037e-04,6.8394701406e-06,5.2569503060e-07,5.3564484839e-07,1.3220167932e-04,6.8334833356e-06,1.0000000000e+00,4.1921888688e+00,2.0679115636e+00,4.1921888688e+00,1.0000000000e+00,1.0000285724e+00,1.0000095586e+00,1.0000285724e+00,1.8700280247e+03,1.9334872865e+03,1.9617510713e+00,nan,3.7071615031e-01,3.8329637528e-01,3.8889941510e-04,nan,1.0306286552e+00,2.2892047737e-02,2.5230648006e-01,4.1920690912e+00,3.5739695010e-01,9.9359992204e-01,-1.5796134239e-01,-1.6016949211e-01,-8.2983502053e-03,5.5280990663e-01,3.0102847760e-01,483305,52,42,41,1.3220167932e-04,4.9691607505e-01,4.8382379829e-01,2.7316609553e-02,-3.5725637083e+00,-2.8010321543e+03,6.0498374185e-03,-2.8010261045e+03,3.7203662704e-06,447024,48,48,48,-1.2827285430e-04,1.0000000000e+00,5.4965441510e-01,6.4371469164e-02,-2.6765480194e+00,-1.4488940596e+00,-4.9164711154e-02,-1.4980587707e+00,4.7049538073e-05,2.7257877376e-02,6.4418518702e-02,-1.0935942713e-06,3.0898426086e-04,0,0,0,2.3958248488e-04,3.1921888688e+00,3.1924284512e+00,9.3176175816e-08,2.8572417675e-05,2.8665593851e-05,4.7495061735e-04,2.3958248488e+00
226,2.2600000000e-02,1.0000000000e-04,-9.3326718708e-02,1.3463109078e-01,1.4982669883e+00,2.6460400789e-01,-2.1389217006e-01,2.1389217006e-01,1.4492267646e+00,3.4014678709e-01,1.2056545136e-01,1.2067651068e-01,1.9245008973e-01,1.2944565598e-01,0.0000000000e+00,0.0000000000e+00,0.0000000000e+00,0.0000000000e+00,2.2359447174e-05,3.2255251272e-05,3.5895852807e-04,6.3394485721e-05,2.2359447174e-05,2.3397246824e-05,1.2757350992e-04,2.7068743967e-05,-1.0841784505e+01,1.0841792288e+01,2.8020568385e+03,1.4404255649e+02,-1.0842820821e+01,1.0842820821e+01,2.8020629401e+03,1.4404653804e+02,1.0363159156e-03,2.9118895734e-03,3.7753804398e-01,2.7260148494e-02,0.0000000000e+00,0.0000000000e+00,0.0000000000e+00,0.0000000000e+00,5.1493122439e-07,5.1493159402e-07,1.3308386253e-04,6.8413101127e-06,5.2584279983e-07,5.3578938204e-07,1.3223415768e-04,6.8353179142e-06,1.0000000000e+00,4.1921888688e+00,2.0679115636e+00,4.1921888688e+00,1.0000000000e+00,1.0000285724e+00,1.0000095586e+00,1.0000285724e+00,1.8701986097e+03,1.9334882633e+03,1.9617452219e+00,nan,3.7074996726e-01,3.8329656891e-01,3.8889825552e-04,nan,1.0365330371e+00,2.2899676448e-02,2.5251699608e-01,4.1920690912e+00,3.5539902229e-01,9.9361526762e-01,-1.5618391861e-01,-1.5868177805e-01,-6.7498156200e-03,5.5283570405e-01,3.0096727746e-01,392105,42,52,41,1.3223415768e-04,4.9704827673e-01,4.8377794894e-01,2.7320329919e-02,-3.5724236984e+00,-2.8016743090e+03,5.7905115002e-03,-2.8016685185e+03,3.8897062781e-06,447024,48,48,48,-1.2757350992e-04,1.0000000000e+00,5.4952614225e-01,6.4418518702e-02,-2.6757670919e+00,-1.4492267646e+00,-4.9040223679e-02,-1.4982669883e+00,4.8897048584e-05,2.7258759731e-02,6.4467415750e-02,-9.2802712398e-07,3.0911234315e-04,0,0,0,2.3958248488e-04,3.1921888688e+00,3.1924284512e+00,9.3176175816e-08,2.8572417675e-05,2.8665593851e-05,4.7495061735e-04,2.3958248488e+00
227,2.2700000000e-02,1.0000000000e-04,-9.3346126172e-02,1.3465363834e-01,1.4984815417e+00,2.6463896010e-01,-2.1392796254e-01,2.1392796254e-01,1.4495651462e+00,3.4018608738e-01,1.2058183637e-01,1.2069237966e-01,1.9245008462e-01,1.2945809515e-01,0.0000000000e+00,0.0000000000e+00,0.0000000000e+00,0.0000000000e+00,2.2364096862e-05,3.2260653271e-05,3.5900993130e-04,6.3402859656e-05,2.2364096862e-05,2.3395723690e-05,1.2687670703e-04,2.7053474923e-05,-1.0844814390e+01,1.0844822188e+01,2.8027063837e+03,1.4408159495e+02,-1.0845850361e+01,1.0845850361e+01,2.8027122272e+03,1.4408557255e+02,1.0359707805e-03,2.9119234394e-03,3.7753686511e-01,2.7260362118e-02,0.0000000000e+00,0.0000000000e+00,0.0000000000e+00,0.0000000000e+00,5.1507512895e-07,5.1507549934e-07,1.3311471272e-04,6.8431642472e-06,5.2598717685e-07,5.3594204870e-07,1.3226715185e-04,6.8371666848e-06,1.0000000000e+00,4.1921888688e+00,2.0679115636e+00,4.1921888688e+00,1.0000000000e+00,1.0000285724e+00,1.0000095586e+00,1.0000285724e+00,1.8703643027e+03,1.9334848348e+03,1.9617391483e+00,nan,3.7078281438e-01,3.8329588925e-01,3.8889705148e-04,nan,1.0424856930e+00,2.2907692696e-02,2.5272785490e-01,4.1920690912e+00,3.5340723463e-01,9.9363285353e-01,-1.5635451112e-01,-1.5921977417e-01,-5.1823292619e-03,5.5286213381e-01,3.0090632762e-01,484457,52,54,41,1.3226715185e-04,4.9718051089e-01,4.8373235487e-01,2.7324219625e-02,-3.5722773355e+00,-2.8023210925e+03,5.5311194428e-03,-2.8023155614e+03,3.9762249590e-06,447024,48,48,48,-1.2687670703e-04,1.0000000000e+00,5.4939856874e-01,6.4467415750e-02,-2.6749560620e+00,-1.4495651462e+00,-4.8916395512e-02,-1.4984815417e+00,5.0688275090e-05,2.7258227874e-02,6.4518104025e-02,-7.4352347338e-07,3.0952424631e-04,0,0,0,2.3958248488e-04,3.1921888688e+00,3.1924284512e+00,9.3176175816e-08,2.8572417675e-05,2.8665593851e-05,4.7495061735e-04,2.3958248488e+00
228,2.2800000000e-02,1.0000000000e-04,-9.3365322577e-02,1.3467597427e-01,1.4987021762e+00,2.6467370962e-01,-2.1396353847e-01,2.1396353847e-01,1.4499089517e+00,3.4022508906e-01,1.2059821589e-01,1.2070825217e-01,1.9245006977e-01,1.2947053736e-01,0.0000000000e+00,0.0000000000e+00,0.0000000000e+00,0.0000000000e+00,2.2368695985e-05,3.2266004570e-05,3.5906279148e-04,6.3411185034e-05,2.2368695985e-05,2.3394156783e-05,1.2618241789e-04,2.7038238442e-05,-1.0847853816e+01,1.0847861630e+01,2.8033566438e+03,1.4412073350e+02,-1.0848889441e+01,1.0848889441e+01,2.8033622289e+03,1.4412470711e+02,1.0356254919e-03,2.9119569483e-03,3.7753563041e-01,2.7260576000e-02,0.0000000000e+00,0.0000000000e+00,0.0000000000e+00,0.0000000000e+00,5.1521948668e-07,5.1521985783e-07,1.3314559686e-04,6.8450231347e-06,5.2612656090e-07,5.3609744583e-07,1.3230025178e-04,6.8390202680e-06,1.0000000000e+00,4.1921888688e+00,2.0679115636e+00,4.1921888688e+00,1.0000000000e+00,1.0000285724e+00,1.0000095586e+00,1.0000285724e+00,1.8705228352e+03,1.9334746680e+03,1.9617328841e+00,nan,3.7081424203e-01,3.8329387378e-01,3.8889580965e-04,nan,1.0484840439e+00,2.2915869582e-02,2.5293882524e-01,4.1920690912e+00,3.5142159224e-01,9.9365097231e-01,-1.5860144269e-01,-1.6192360302e-01,-3.6065714879e-03,5.5288872277e-01,3.0084579301e-01,483305,52,42,41,1.3230025178e-04,4.9731277804e-01,4.8368701617e-01,2.7328195850e-02,-3.5721277380e+00,-2.8029686378e+03,5.2716603416e-03,-2.8029633662e+03,3.9798838540e-06,447024,48,48,48,-1.2618241789e-04,1.0000000000e+00,5.4927169203e-01,6.4518104025e-02,-2.6741159263e+00,-1.4499089517e+00,-4.8793224553e-02,-1.4987021762e+00,5.2411279540e-05,2.7257348730e-02,6.4570515305e-02,-5.4141943100e-07,3.1002645915e-04,0,0,0,2.3958248488e-04,3.1921888688e+00,3.1924284512e+00,9.3176175816e-08,2.8572417675e-05,2.8665593851e-05,4.7495061735e-04,2.3958248488e+00
229,2.2900000000e-02,1.0000000000e-04,-9.3384239212e-02,1.3469800709e-01,1.4989285911e+00,2.6470802280e-01,-2.1399882914e-01,2.1399882914e-01,1.4502578824e+00,3.4026358755e-01,1.2061458992e-01,1.2072412193e-01,1.9245004518e-01,1.2948298258e-01,0.0000000000e+00,0.0000000000e+00,0.0000000000e+00,0.0000000000e+00,2.2373228079e-05,3.2271283247e-05,3.5911703652e-04,6.3419405872e-05,2.2373228079e-05,2.3392561994e-05,1.2549063184e-04,2.7023023010e-05,-1.0850888033e+01,1.0850895863e+01,2.8040037460e+03,1.4415977398e+02,-1.0851923313e+01,1.0851923313e+01,2.8040090727e+03,1.4416374360e+02,1.0352800283e-03,2.9119900782e-03,3.7753433978e-01,2.7260790137e-02,0.0000000000e+00,0.0000000000e+00,0.0000000000e+00,0.0000000000e+00,5.1536359700e-07,5.1536396891e-07,1.3317633102e-04,6.8468773648e-06,5.2626509085e-07,5.3625227719e-07,1.3233323549e-04,6.8408692655e-06,1.0000000000e+00,4.1921888688e+00,2.0679115636e+00,4.1921888688e+00,1.0000000000e+00,1.0000285724e+00,1.0000095586e+00,1.0000285724e+00,1.8706720004e+03,1.9334554956e+03,1.9617264285e+00,nan,3.7084381268e-01,3.8329007302e-01,3.8889452989e-04,nan,1.0545268085e+00,2.2924050702e-02,2.5314966660e-01,4.1920690912e+00,3.4944215695e-01,9.9366932906e-01,-1.6306862443e-01,-1.6695306348e-01,-2.0322120663e-03,5.5291557503e-01,3.0078525016e-01,483305,52,42,41,1.3233323549e-04,4.9744507829e-01,4.8364193256e-01,2.7332175734e-02,-3.5719780240e+00,-2.8036130803e+03,5.0121340962e-03,-2.8036080682e+03,3.9012006359e-06,447024,48,48,48,-1.2549063184e-04,1.0000000000e+00,5.4914550961e-01,6.4570515305e-02,-2.6732478786e+00,-1.4502578824e+00,-4.8670708725e-02,-1.4989285911e+00,5.4054507824e-05,2.7256285792e-02,6.4624569813e-02,-3.2313579006e-07,3.1052588155e-04,0,0,0,2.3958248488e-04,3.1921888688e+00,3.1924284512e+00,9.3176175816e-08,2.8572417675e-05,2.8665593851e-05,4.7495061735e-04,2.3958248488e+00
230,2.3000000000e-02,1.0000000000e-04,-9.3402809923e-02,1.3471966469e-01,1.4991604416e+00,2.6474167153e-01,-2.1403376841e-01,2.1403376841e-01,1.4506115956e+00,3.4030138391e-01,1.2063095849e-01,1.2073998896e-01,1.9245003767e-01,1.2949543079e-01,0.0000000000e+00,0.0000000000e+00,0.0000000000e+00,0.0000000000e+00,2.2377677296e-05,3.2276472029e-05,3.5917258383e-04,6.3427467517e-05,2.2377677296e-05,2.3390903729e-05,1.2480135484e-04,2.7007818029e-05,-1.0853902377e+01,1.0853910223e+01,2.8046804510e+03,1.4419851959e+02,-1.0854937311e+01,1.0854937311e+01,2.8047098621e+03,1.4420248520e+02,1.0349343879e-03,2.9120228264e-03,3.7753299315e-01,2.7261004530e-02,0.0000000000e+00,0.0000000000e+00,0.0000000000e+00,0.0000000000e+00,5.1550676346e-07,5.1550713611e-07,1.3320847116e-04,6.8487175899e-06,5.2640491672e-07,5.3640383096e-07,1.3236588747e-04,6.8427042936e-06,1.0000000000e+00,4.1921888688e+00,2.0679115636e+00,4.1921888688e+00,1.0000000000e+00,1.0000285724e+00,1.0000095586e+00,1.0000285724e+00,1.8708340836e+03,1.9334671463e+03,1.9617195077e+00,nan,3.7087594422e-01,3.8329238266e-01,3.8889315791e-04,nan,1.0606125842e+00,2.2932155045e-02,2.5336013026e-01,4.1920690912e+00,3.4746904542e-01,9.9367469886e-01,-1.6995305853e-01,-1.7452377247e-01,-4.6924274677e-04,5.5294258990e-01,3.0072488049e-01,409577,44,42,41,1.3236588747e-04,4.9757741153e-01,4.8359710338e-01,2.7336076935e-02,-3.5718312905e+00,-2.8042505838e+03,4.7525410422e-03,-2.8042458313e+03,3.7412519460e-06,447024,48,48,48,-1.2480135484e-04,1.0000000000e+00,5.4902001898e-01,6.4624569813e-02,-2.6723533022e+00,-1.4506115956e+00,-4.8548845956e-02,-1.4991604416e+00,5.5606861419e-05,2.7254995093e-02,6.4680176674e-02,-9.0163331871e-08,3.1102249412e-04,0,0,0,2.3958248488e-04,3.1921888688e+00,3.1924284512e+00,9.3176175816e-08,2.8572417675e-05,2.8665593851e-05,4.7495061735e-04,2.3958248488e+00
231,2.3100000000e-02,1.0000000000e-04,-9.3420971424e-02,1.3474087351e-01,1.4993973415e+00,2.6477443454e-01,-2.1406829304e-01,2.1406829304e-01,1.4509697073e+00,3.4033828595e-01,1.2064732162e-01,1.2075585329e-01,1.9245006583e-01,1.2950788200e-01,0.0000000000e+00,0.0000000000e+00,0.0000000000e+00,0.0000000000e+00,2.2382028474e-05,3.2281553291e-05,3.5922934090e-04,6.3435316961e-05,2.2382028474e-05,2.3389175182e-05,1.2411460908e-04,2.6992613832e-05,-1.0856882371e+01,1.0856890233e+01,2.8053731412e+03,1.4423677617e+02,-1.0857916959e+01,1.0857916959e+01,2.8054022954e+03,1.4424073776e+02,1.0345885804e-03,2.9120552011e-03,3.7753159044e-01,2.7261219175e-02,0.0000000000e+00,0.0000000000e+00,0.0000000000e+00,0.0000000000e+00,5.1564829845e-07,5.1564867187e-07,1.3324137053e-04,6.8505345888e-06,5.2655285056e-07,5.3654573260e-07,1.3239796236e-04,6.8445160721e-06,1.0000000000e+00,4.1921888688e+00,2.0679115636e+00,4.1921888688e+00,1.0000000000e+00,1.0000285724e+00,1.0000095586e+00,1.0000285724e+00,1.8710004770e+03,1.9334671711e+03,1.9617119319e+00,nan,3.7090893020e-01,3.8329238758e-01,3.8889165608e-04,nan,1.0667395509e+00,2.2939916796e-02,2.5356996231e-01,4.1920690912e+00,3.4550242687e-01,9.9367007282e-01,-1.7947903479e-01,-1.8488716217e-01,1.0732500622e-03,5.5297003263e-01,3.0066505572e-01,483305,52,42,41,1.3239796236e-04,4.9770977742e-01,4.8355252762e-01,2.7339818187e-02,-3.5716905921e+00,-2.8048773667e+03,4.4928819378e-03,-2.8048728738e+03,3.5016712534e-06,447024,48,48,48,-1.2411460908e-04,1.0000000000e+00,5.4889521762e-01,6.4680176674e-02,-2.6714337616e+00,-1.4509697073e+00,-4.8427634162e-02,-1.4993973415e+00,5.7057766786e-05,2.7253434960e-02,6.4737234441e-02,1.5594115248e-07,3.1151644130e-04,0,0,0,2.3958248488e-04,3.1921888688e+00,3.1924284512e+00,9.3176175816e-08,2.8572417675e-05,2.8665593851e-05,4.7495061735e-04,2.3958248488e+00
232,2.3200000000e-02,1.0000000000e-04,-9.3438663586e-02,1.3476156486e-01,1.4996388659e+00,2.6480609871e-01,-2.1410234295e-01,2.1410234295e-01,1.4513317947e+00,3.4037410927e-01,1.2066367936e-01,1.2077171496e-01,1.9245008317e-01,1.2952033621e-01,0.0000000000e+00,0.0000000000e+00,0.0000000000e+00,0.0000000000e+00,2.2386267206e-05,3.2286510575e-05,3.5928720593e-04,6.3442903142e-05,2.2386267206e-05,2.3387370172e-05,1.2343043232e-04,2.6977401694e-05,-1.0859813822e+01,1.0859821700e+01,2.8060514151e+03,1.4427435355e+02,-1.0860848064e+01,1.0860848064e+01,2.8060803122e+03,1.4427831110e+02,1.0342426457e-03,2.9120872405e-03,3.7753013155e-01,2.7261434071e-02,0.0000000000e+00,0.0000000000e+00,0.0000000000e+00,0.0000000000e+00,5.1578752789e-07,5.1578790206e-07,1.3327358519e-04,6.8523193287e-06,5.2669178912e-07,5.3670003875e-07,1.3242946709e-04,6.8462956177e-06,1.0000000000e+00,4.1921888688e+00,2.0679115636e+00,4.1921888688e+00,1.0000000000e+00,1.0000285724e+00,1.0000095586e+00,1.0000285724e+00,1.8711514344e+03,1.9334519663e+03,1.9617041746e+00,nan,3.7093885614e-01,3.8328937337e-01,3.8889011825e-04,nan,1.0729077473e+00,2.2948285113e-02,2.5377891078e-01,4.1920690912e+00,3.4354252053e-01,9.9366627602e-01,-1.9192778213e-01,-1.9836505267e-01,2.5864912053e-03,5.5299824822e-01,3.0060609304e-01,410838,44,55,54,1.3242946709e-04,4.9784217538e-01,4.8350820389e-01,2.7343319858e-02,-3.5715589207e+00,-2.8054897275e+03,4.2331580228e-03,-2.8054854943e+03,3.1846412744e-06,447024,48,48,48,-1.2343043232e-04,1.0000000000e+00,5.4877110301e-01,6.4737234441e-02,-2.6704909928e+00,-1.4513317947e+00,-4.8307071235e-02,-1.4996388659e+00,5.8397245079e-05,2.7251566240e-02,6.4795631686e-02,4.1357113474e-07,3.1200868310e-04,0,0,0,2.3958248488e-04,3.1921888688e+00,3.1924284512e+00,9.3176175816e-08,2.8572417675e-05,2.8665593851e-05,4.7495061735e-04,2.3958248488e+00
233,2.3300000000e-02,1.0000000000e-04,-9.3455829706e-02,1.3478167511e-01,1.4998845544e+00,2.6483646022e-01,-2.1413586149e-01,2.1413586149e-01,1.4516973993e+00,3.4040867821e-01,1.2068003178e-01,1.2078757403e-01,1.9245008967e-01,1.2953279342e-01,0.0000000000e+00,0.0000000000e+00,0.0000000000e+00,0.0000000000e+00,2.2390379908e-05,3.2291328641e-05,3.5934606857e-04,6.3450177228e-05,2.2390379908e-05,2.3385483151e-05,1.2274887724e-04,2.6962173828e-05,-1.0862682917e+01,1.0862690811e+01,2.8067116916e+03,1.4431106681e+02,-1.0863716813e+01,1.0863716813e+01,2.8067403316e+03,1.4431502031e+02,1.0338965596e-03,2.9121189181e-03,3.7752861642e-01,2.7261649220e-02,0.0000000000e+00,0.0000000000e+00,0.0000000000e+00,0.0000000000e+00,5.1592379574e-07,5.1592417067e-07,1.3330494507e-04,6.8540630272e-06,5.2683450929e-07,5.3683940690e-07,1.3246004507e-04,6.8480336770e-06,1.0000000000e+00,4.1921888688e+00,2.0679115636e+00,4.1921888688e+00,1.0000000000e+00,1.0000285724e+00,1.0000095586e+00,1.0000285724e+00,1.8712851489e+03,1.9334196871e+03,1.9616962354e+00,nan,3.7096536383e-01,3.8328297431e-01,3.8888854438e-04,nan,1.0791141072e+00,2.2956096456e-02,2.5398670451e-01,4.1920690912e+00,3.4158959280e-01,9.9366190059e-01,-2.0763491631e-01,-2.1534842407e-01,4.0609533564e-03,5.5302658410e-01,3.0054337778e-01,483305,52,42,41,1.3246004507e-04,4.9797460485e-01,4.8346413046e-01,2.7346504499e-02,-3.5714391846e+00,-2.8060840702e+03,3.9733705238e-03,-2.8060800969e+03,2.7928815398e-06,447024,48,48,48,-1.2274887724e-04,1.0000000000e+00,5.4864767258e-01,6.4795631686e-02,-2.6695268923e+00,-1.4516973993e+00,-4.8187155024e-02,-1.4998845544e+00,5.9615978602e-05,2.7249352492e-02,6.4855247665e-02,6.8107810703e-07,3.1249896822e-04,0,0,0,2.3958248488e-04,3.1921888688e+00,3.1924284512e+00,9.3176175816e-08,2.8572417675e-05,2.8665593851e-05,4.7495061735e-04,2.3958248488e+00
234,2.3400000000e-02,1.0000000000e-04,-9.3472416746e-02,1.3480113720e-01,1.5001339137e+00,2.6486532566e-01,-2.1416879570e-01,2.1416879570e-01,1.4520660303e+00,3.4044182679e-01,1.2069637896e-01,1.2080343055e-01,1.9245008535e-01,1.2954525367e-01,0.0000000000e+00,0.0000000000e+00,0.0000000000e+00,0.0000000000e+00,2.2394353872e-05,3.2295991416e-05,3.5940581069e-04,6.3457092881e-05,2.2394353872e-05,2.3383509287e-05,1.2207001068e-04,2.6946923385e-05,-1.0865476318e+01,1.0865484228e+01,2.8073505201e+03,1.4434673757e+02,-1.0866509868e+01,1.0866509868e+01,2.8073789028e+03,1.4435068702e+02,1.0335503511e-03,2.9121502602e-03,3.7752704496e-01,2.7261864618e-02,0.0000000000e+00,0.0000000000e+00,0.0000000000e+00,0.0000000000e+00,5.1605646851e-07,5.1605684420e-07,1.3333528626e-04,6.8557572120e-06,5.2697077525e-07,5.3697987807e-07,1.3248935393e-04,6.8497222244e-06,1.0000000000e+00,4.1921888688e+00,2.0679115636e+00,4.1921888688e+00,1.0000000000e+00,1.0000285724e+00,1.0000095586e+00,1.0000285724e+00,1.8713999427e+03,1.9333686238e+03,1.9616881140e+00,nan,3.7098812066e-01,3.8327285148e-01,3.8888693439e-04,nan,1.0853554709e+00,2.2964041516e-02,2.5419310867e-01,4.1920690912e+00,3.3964395413e-01,9.9365560040e-01,-2.2707070303e-01,-2.3639044292e-01,5.4879351546e-03,5.5305510367e-01,3.0048402980e-01,382890,41,52,42,1.3248935393e-04,4.9810706489e-01,4.8342030524e-01,2.7349297381e-02,-3.5713341890e+00,-2.8066569288e+03,3.7135213668e-03,-2.8066532153e+03,2.3296300541e-06,447024,48,48,48,-1.2207001068e-04,1.0000000000e+00,5.4852492370e-01,6.4855247665e-02,-2.6685435051e+00,-1.4520660303e+00,-4.8067883322e-02,-1.5001339137e+00,6.0705375597e-05,2.7246760156e-02,6.4915953040e-02,9.5678198061e-07,3.1298759724e-04,0,0,0,2.3958248488e-04,3.1921888688e+00,3.1924284512e+00,9.3176175816e-08,2.8572417675e-05,2.8665593851e-05,4.7495061735e-04,2.3958248488e+00
235,2.3500000000e-02,1.0000000000e-04,-9.3488375545e-02,1.3481989605e-01,1.5003864218e+00,2.6489251305e-01,-2.1420109652e-01,2.1420109652e-01,1.4524371679e+00,3.4047339951e-01,1.2071272097e-01,1.2081928461e-01,1.9245008756e-01,1.2955771699e-01,0.0000000000e+00,0.0000000000e+00,0.0000000000e+00,0.0000000000e+00,2.2398177321e-05,3.2300485708e-05,3.5946630722e-04,6.3463606504e-05,2.2398177321e-05,2.3381450140e-05,1.2139391279e-04,2.6931644442e-05,-1.0868181251e+01,1.0868189177e+01,2.8079646036e+03,1.4438119516e+02,-1.0869214455e+01,1.0869214455e+01,2.8079927290e+03,1.4438514055e+02,1.0332040124e-03,2.9121812551e-03,3.7752541710e-01,2.7262080268e-02,0.0000000000e+00,0.0000000000e+00,0.0000000000e+00,0.0000000000e+00,5.1618493948e-07,5.1618531592e-07,1.3336445220e-04,6.8573937775e-06,5.2710620963e-07,5.3711198066e-07,1.3251751223e-04,6.8513531448e-06,1.0000000000e+00,4.1921888688e+00,2.0679115636e+00,4.1921888688e+00,1.0000000000e+00,1.0000285724e+00,1.0000095586e+00,1.0000285724e+00,1.8714942783e+03,1.9332972131e+03,1.9616796329e+00,nan,3.7100682184e-01,3.8325869495e-01,3.8888525308e-04,nan,1.0916322671e+00,2.2971713792e-02,2.5439787606e-01,4.1920690912e+00,3.3770595561e-01,9.9364943239e-01,-2.5086110369e-01,-2.6224434168e-01,6.8593200152e-03,5.5308373316e-01,3.0042497000e-01,391337,42,44,41,1.3251751223e-04,4.9823955424e-01,4.8337672583e-01,2.7351627011e-02,-3.5712466169e+00,-2.8072049904e+03,3.4536131498e-03,-2.8072015368e+03,1.7986190855e-06,447024,48,48,48,-1.2139391279e-04,1.0000000000e+00,5.4840285369e-01,6.4915953040e-02,-2.6675430120e+00,-1.4524371679e+00,-4.7949253854e-02,-1.5003864218e+00,6.1657629675e-05,2.7243758692e-02,6.4977610670e-02,1.2389834070e-06,3.1347457284e-04,0,0,0,2.3958248488e-04,3.1921888688e+00,3.1924284512e+00,9.3176175816e-08,2.8572417675e-05,2.8665593851e-05,4.7495061735e-04,2.3958248488e+00
236,2.3600000000e-02,1.0000000000e-04,-9.3503661008e-02,1.3483789726e-01,1.5006415313e+00,2.6491785277e-01,-2.1423271893e-01,2.1423271893e-01,1.4528102670e+00,3.4050325211e-01,1.2072905793e-01,1.2083513629e-01,1.9245008973e-01,1.2957018343e-01,0.0000000000e+00,0.0000000000e+00,0.0000000000e+00,0.0000000000e+00,2.2401839450e-05,3.2304798482e-05,3.5952742699e-04,6.3469677457e-05,2.2401839450e-05,2.3379295962e-05,1.2072067607e-04,2.6916331989e-05,-1.0870785590e+01,1.0870793532e+01,2.8085508212e+03,1.4441427781e+02,-1.0871818448e+01,1.0871818448e+01,2.8085786892e+03,1.4441821913e+02,1.0328575602e-03,2.9122119157e-03,3.7752373276e-01,2.7262296166e-02,0.0000000000e+00,0.0000000000e+00,0.0000000000e+00,0.0000000000e+00,5.1630863273e-07,5.1630900992e-07,1.3339229464e-04,6.8589650398e-06,5.2724895414e-07,5.3722841505e-07,1.3254449433e-04,6.8529188207e-06,1.0000000000e+00,4.1921888688e+00,2.0679115636e+00,4.1921888688e+00,1.0000000000e+00,1.0000285724e+00,1.0000095586e+00,1.0000285724e+00,1.8715667684e+03,1.9332040480e+03,1.9616708586e+00,nan,3.7102119234e-01,3.8324022581e-01,3.8888351367e-04,nan,1.0979436054e+00,2.2978810651e-02,2.5460076891e-01,4.1920690912e+00,3.3577598540e-01,9.9364430825e-01,-2.7959244215e-01,-2.9369022122e-01,8.1680312734e-03,5.5311264743e-01,3.0036297836e-01,483305,52,42,41,1.3254449433e-04,4.9837207176e-01,4.8333338948e-01,2.7353425630e-02,-3.5711790107e+00,-2.8077251177e+03,3.1936482384e-03,-2.8077219240e+03,1.2040467641e-06,447024,48,48,48,-1.2072067607e-04,1.0000000000e+00,5.4828145978e-01,6.4977610670e-02,-2.6665277155e+00,-1.4528102670e+00,-4.7831264262e-02,-1.5006415313e+00,6.2465779022e-05,2.7240320695e-02,6.5040076449e-02,1.5259742732e-06,3.1395935712e-04,0,0,0,2.3958248488e-04,3.1921888688e+00,3.1924284512e+00,9.3176175816e-08,2.8572417675e-05,2.8665593851e-05,4.7495061735e-04,2.3958248488e+00
237,2.3700000000e-02,1.0000000000e-04,-9.3518232262e-02,1.3485510686e-01,1.5008986731e+00,2.6494118838e-01,-2.1426362219e-01,2.1426362219e-01,1.4531847610e+00,3.4053125220e-01,1.2074538993e-01,1.2085098898e-01,1.9245008585e-01,1.2958265302e-01,0.0000000000e+00,0.0000000000e+00,0.0000000000e+00,0.0000000000e+00,2.2405330467e-05,3.2308921601e-05,3.5958903367e-04,6.3475268261e-05,2.2405330467e-05,2.3377043718e-05,1.2005040441e-04,2.6900981907e-05,-1.0873277938e+01,1.0873285896e+01,2.8091062484e+03,1.4444583366e+02,-1.0874310449e+01,1.0874310449e+01,2.8091338590e+03,1.4444977091e+02,1.0325110460e-03,2.9122422892e-03,3.7752199188e-01,2.7262512309e-02,0.0000000000e+00,0.0000000000e+00,0.0000000000e+00,0.0000000000e+00,5.1642700693e-07,5.1642738488e-07,1.3341867469e-04,6.8604637869e-06,5.2738807270e-07,5.3734096973e-07,1.3257011914e-04,6.8544119454e-06,1.0000000000e+00,4.1921888688e+00,2.0679115636e+00,4.1921888688e+00,1.0000000000e+00,1.0000285724e+00,1.0000095586e+00,1.0000285724e+00,1.8716161848e+03,1.9330878869e+03,1.9616618522e+00,nan,3.7103098870e-01,3.8321719792e-01,3.8888172823e-04,nan,1.1042871516e+00,2.2985839279e-02,2.5480155219e-01,4.1920690912e+00,3.3385446488e-01,9.9363990425e-01,-3.1056823287e-01,-3.2813622500e-01,9.4061333978e-03,5.5314156295e-01,3.0030272189e-01,392105,42,52,41,1.3257011914e-04,4.9850461625e-01,4.8329029318e-01,2.7354629677e-02,-3.5711337556e+00,-2.8082143697e+03,2.9336290487e-03,-2.8082114360e+03,5.5054305946e-07,447024,48,48,48,-1.2005040441e-04,1.0000000000e+00,5.4816073911e-01,6.5040076449e-02,-2.6655000252e+00,-1.4531847610e+00,-4.7713912092e-02,-1.5008986731e+00,6.3123760230e-05,2.7235234466e-02,6.5103200209e-02,1.8160476751e-06,3.1444125990e-04,0,0,0,2.3958248488e-04,3.1921888688e+00,3.1924284512e+00,9.3176175816e-08,2.8572417675e-05,2.8665593851e-05,4.7495061735e-04,2.3958248488e+00
238,2.3800000000e-02,1.0000000000e-04,-9.3532052787e-02,1.3487146662e-01,1.5011572607e+00,2.6496237735e-01,-2.1429376989e-01,2.1429376989e-01,1.4535600659e+00,3.4055727984e-01,1.2076171710e-01,1.2086684120e-01,1.9245008960e-01,1.2959512584e-01,0.0000000000e+00,0.0000000000e+00,0.0000000000e+00,0.0000000000e+00,2.2408641623e-05,3.2312841112e-05,3.5965098671e-04,6.3480344766e-05,2.2408641623e-05,2.3374690993e-05,1.1938321199e-04,2.6885590949e-05,-1.0875647699e+01,1.0875655673e+01,2.8096281762e+03,1.4447572179e+02,-1.0876679864e+01,1.0876679864e+01,2.8096555293e+03,1.4447965499e+02,1.0321644809e-03,2.9122723819e-03,3.7752019437e-01,2.7262728691e-02,0.0000000000e+00,0.0000000000e+00,0.0000000000e+00,0.0000000000e+00,5.1653955887e-07,5.1653993759e-07,1.3344346368e-04,6.8618833258e-06,5.2751808439e-07,5.3744616676e-07,1.3259431638e-04,6.8558259403e-06,1.0000000000e+00,4.1921888688e+00,2.0679115636e+00,4.1921888688e+00,1.0000000000e+00,1.0000285724e+00,1.0000095586e+00,1.0000285724e+00,1.8716414661e+03,1.9329476609e+03,1.9616524739e+00,nan,3.7103600049e-01,3.8318939938e-01,3.8887986906e-04,nan,1.1106613247e+00,2.2992653333e-02,2.5500000923e-01,4.1920690912e+00,3.3194184474e-01,9.9363665124e-01,-3.3095089444e-01,-3.5228833364e-01,1.0567580705e-02,5.5317055440e-01,3.0024444491e-01,484457,52,54,41,1.3259431638e-04,4.9863718637e-01,4.8324743362e-01,2.7355180220e-02,-3.5711130637e+00,-2.8086700209e+03,2.6735583523e-03,-2.8086673473e+03,-1.5686926222e-07,447024,48,48,48,-1.1938321199e-04,1.0000000000e+00,5.4804068870e-01,6.5103200209e-02,-2.6644624423e+00,-1.4535600659e+00,-4.7597194786e-02,-1.5011572607e+00,6.3626452492e-05,2.7229580010e-02,6.5166826662e-02,2.1075071392e-06,3.1492018541e-04,0,0,0,2.3958248488e-04,3.1921888688e+00,3.1924284512e+00,9.3176175816e-08,2.8572417675e-05,2.8665593851e-05,4.7495061735e-04,2.3958248488e+00
239,2.3900000000e-02,1.0000000000e-04,-9.3545090522e-02,1.3488693863e-01,1.5014166936e+00,2.6498129167e-01,-2.1432313009e-01,2.1432313009e-01,1.4539355839e+00,3.4058122802e-01,1.2077803957e-01,1.2088269133e-01,1.9245008605e-01,1.2960760193e-01,0.0000000000e+00,0.0000000000e+00,0.0000000000e+00,0.0000000000e+00,2.2411765236e-05,3.2316547936e-05,3.5971314229e-04,6.3484876305e-05,2.2411765236e-05,2.3372235969e-05,1.1871922217e-04,2.6870156707e-05,-1.0877885146e+01,1.0877893136e+01,2.8101141285e+03,1.4450381309e+02,-1.0878916964e+01,1.0878916964e+01,2.8101412239e+03,1.4450774221e+02,1.0318178569e-03,2.9123021810e-03,3.7751834022e-01,2.7262945308e-02,0.0000000000e+00,0.0000000000e+00,0.0000000000e+00,0.0000000000e+00,5.1664582655e-07,5.1664620602e-07,1.3346654401e-04,6.8632175234e-06,5.2763988560e-07,5.3754207260e-07,1.3261684536e-04,6.8571547021e-06,1.0000000000e+00,4.1921888688e+00,2.0679115636e+00,4.1921888688e+00,1.0000000000e+00,1.0000285724e+00,1.0000095586e+00,1.0000285724e+00,1.8716417238e+03,1.9327824802e+03,1.9616428756e+00,nan,3.7103605157e-01,3.8315665381e-01,3.8887796629e-04,nan,1.1170629569e+00,2.2999171894e-02,2.5519593268e-01,4.1920690912e+00,3.3003860079e-01,9.9363362058e-01,-3.4169491469e-01,-3.6716367135e-01,1.1646554311e-02,5.5319934541e-01,3.0018571092e-01,484554,52,55,42,1.3261684536e-04,4.9876978069e-01,4.8320480720e-01,2.7355023350e-02,-3.5711189595e+00,-2.8090895787e+03,2.4134390587e-03,-2.8090871653e+03,-9.1281776856e-07,447024,48,48,48,-1.1871922217e-04,1.0000000000e+00,5.4792130549e-01,6.5166826662e-02,-2.6634175432e+00,-1.4539355839e+00,-4.7481109670e-02,-1.5014166936e+00,6.3969722265e-05,2.7223513603e-02,6.5230796384e-02,2.3986796470e-06,3.1539263955e-04,0,0,0,2.3958248488e-04,3.1921888688e+00,3.1924284512e+00,9.3176175816e-08,2.8572417675e-05,2.8665593851e-05,4.7495061735e-04,2.3958248488e+00
240,2.4000000000e-02,1.0000000000e-04,-9.3557317934e-02,1.3490149605e-01,1.5016763621e+00,2.6499781835e-01,-2.1435167541e-01,2.1435167541e-01,1.4543107082e+00,3.4060300305e-01,1.2079435748e-01,1.2089853947e-01,1.9245008962e-01,1.2962008138e-01,0.0000000000e+00,0.0000000000e+00,0.0000000000e+00,0.0000000000e+00,2.2414694710e-05,3.2320035638e-05,3.5977535432e-04,6.3488835809e-05,2.2414694710e-05,2.3369677412e-05,1.1805856631e-04,2.6854677585e-05,-1.0879981479e+01,1.0879989484e+01,2.8105618768e+03,1.4452999099e+02,-1.0881012950e+01,1.0881012950e+01,2.8105887146e+03,1.4453391606e+02,1.0314711716e-03,2.9123316786e-03,3.7751642939e-01,2.7263162155e-02,0.0000000000e+00,0.0000000000e+00,0.0000000000e+00,0.0000000000e+00,5.1674539201e-07,5.1674577224e-07,1.3348780985e-04,6.8644608447e-06,5.2775584130e-07,5.3763506880e-07,1.3263750979e-04,6.8583926771e-06,1.0000000000e+00,4.1921888688e+00,2.0679115636e+00,4.1921888688e+00,1.0000000000e+00,1.0000285724e+00,1.0000095586e+00,1.0000285724e+00,1.8716162468e+03,1.9325916387e+03,1.9616329103e+00,nan,3.7103100100e-01,3.8311882120e-01,3.8887599076e-04,nan,1.1234890779e+00,2.3005669240e-02,2.5538912748e-01,4.1920690912e+00,3.2814522976e-01,9.9363012955e-01,-3.4451329233e-01,-3.7478666116e-01,1.2637992170e-02,5.5322788625e-01,3.0012759582e-01,392105,42,52,41,1.3263750979e-04,4.9890239753e-01,4.8316241013e-01,2.7354110533e-02,-3.5711532678e+00,-2.8094707988e+03,2.1532745499e-03,-2.8094686455e+03,-1.7116274472e-06,447024,48,48,48,-1.1805856631e-04,1.0000000000e+00,5.4780258627e-01,6.5230796384e-02,-2.6623679632e+00,-1.4543107082e+00,-4.7365653945e-02,-1.5016763621e+00,6.4150458305e-05,2.7217028188e-02,6.5294946842e-02,2.6879222871e-06,3.1585448376e-04,0,0,0,2.3958248488e-04,3.1921888688e+00,3.1924284512e+00,9.3176175816e-08,2.8572417675e-05,2.8665593851e-05,4.7495061735e-04,2.3958248488e+00
241,2.4100000000e-02,1.0000000000e-04,-9.3568712066e-02,1.3491511453e-01,1.5019356511e+00,2.6501185987e-01,-2.1437938303e-01,2.1437938303e-01,1.4546848264e+00,3.4062252481e-01,1.2081067096e-01,1.2091438575e-01,1.9245008972e-01,1.2963256426e-01,0.0000000000e+00,0.0000000000e+00,0.0000000000e+00,0.0000000000e+00,2.2417424544e-05,3.2323298387e-05,3.5983747542e-04,6.3492199911e-05,2.2417424544e-05,2.3367014653e-05,1.1740138257e-04,2.6839152763e-05,-1.0881928876e+01,1.0881936898e+01,2.8109694536e+03,1.4455415225e+02,-1.0882960001e+01,1.0882960001e+01,2.8109960338e+03,1.4455807326e+02,1.0311244339e-03,2.9123608782e-03,3.7751446184e-01,2.7263379228e-02,0.0000000000e+00,0.0000000000e+00,0.0000000000e+00,0.0000000000e+00,5.1683788377e-07,5.1683826477e-07,1.3350716773e-04,6.8656083850e-06,5.2785707930e-07,5.3773005650e-07,1.3265608757e-04,6.8595350035e-06,1.0000000000e+00,4.1921888688e+00,2.0679115636e+00,4.1921888688e+00,1.0000000000e+00,1.0000285724e+00,1.0000095586e+00,1.0000285724e+00,1.8715645052e+03,1.9323746167e+03,1.9616226856e+00,nan,3.7102074368e-01,3.8307579854e-01,3.8887396380e-04,nan,1.1299363318e+00,2.3012355856e-02,2.5557941654e-01,4.1920690912e+00,3.2626224502e-01,9.9362520998e-01,-3.4165772694e-01,-3.7794650703e-01,1.3538918884e-02,5.5325673960e-01,3.0007086820e-01,391337,42,44,41,1.3265608757e-04,4.9903503504e-01,4.8312023838e-01,2.7352398905e-02,-3.5712176025e+00,-2.8098116981e+03,1.8930685930e-03,-2.8098098050e+03,-2.5473709353e-06,447024,48,48,48,-1.1740138257e-04,1.0000000000e+00,5.4768452770e-01,6.5294946842e-02,-2.6613163788e+00,-1.4546848264e+00,-4.7250824679e-02,-1.5019356511e+00,6.4166600213e-05,2.7210119166e-02,6.5359113442e-02,2.9736330387e-06,3.1630673932e-04,0,0,0,2.3958248488e-04,3.1921888688e+00,3.1924284512e+00,9.3176175816e-08,2.8572417675e-05,2.8665593851e-05,4.7495061735e-04,2.3958248488e+00
242,2.4200000000e-02,1.0000000000e-04,-9.3579254558e-02,1.3492778049e-01,1.5021939441e+00,2.6502333441e-01,-2.1440623474e-01,2.1440623474e-01,1.4550573253e+00,3.4063972701e-01,1.2082698018e-01,1.2093023029e-01,1.9245008551e-01,1.2964505064e-01,0.0000000000e+00,0.0000000000e+00,0.0000000000e+00,0.0000000000e+00,2.2419950340e-05,3.2326332929e-05,3.5989935791e-04,6.3494949010e-05,2.2419950340e-05,2.3364248062e-05,1.1674781468e-04,2.6823582162e-05,-1.0883720538e+01,1.0883728576e+01,2.8113351631e+03,1.4457620740e+02,-1.0884751316e+01,1.0884751316e+01,2.8113614855e+03,1.4458012437e+02,1.0307776197e-03,2.9123897501e-03,3.7751243752e-01,2.7263596526e-02,0.0000000000e+00,0.0000000000e+00,0.0000000000e+00,0.0000000000e+00,5.1692297887e-07,5.1692336064e-07,1.3352453713e-04,6.8666558961e-06,5.2795236829e-07,5.3781454333e-07,1.3267270292e-04,6.8605772275e-06,1.0000000000e+00,4.1921888688e+00,2.0679115636e+00,4.1921888688e+00,1.0000000000e+00,1.0000285724e+00,1.0000095586e+00,1.0000285724e+00,1.8714861513e+03,1.9321310828e+03,1.9616122098e+00,nan,3.7100521074e-01,3.8302752015e-01,3.8887188707e-04,nan,1.1364041655e+00,2.3018696853e-02,2.5576663050e-01,4.1920690912e+00,3.2439017218e-01,9.9362039197e-01,-3.3645074555e-01,-3.8050284020e-01,1.4345902673e-02,5.5328589436e-01,3.0001186897e-01,410838,44,55,54,1.3267270292e-04,4.9916769113e-01,4.8307828772e-01,2.7349851534e-02,-3.5713133574e+00,-2.8101105661e+03,1.6328253911e-03,-2.8101089333e+03,-3.4139217557e-06,447024,48,48,48,-1.1674781468e-04,1.0000000000e+00,5.4756712632e-01,6.5359113442e-02,-2.6602654907e+00,-1.4550573253e+00,-4.7136618803e-02,-1.5021939441e+00,6.4017158154e-05,2.7202784314e-02,6.5423130601e-02,3.2542606711e-06,3.1675032439e-04,0,0,0,2.3958248488e-04,3.1921888688e+00,3.1924284512e+00,9.3176175816e-08,2.8572417675e-05,2.8665593851e-05,4.7495061735e-04,2.3958248488e+00
243,2.4300000000e-02,1.0000000000e-04,-9.3588931639e-02,1.3493948116e-01,1.5024506277e+00,2.6503217606e-01,-2.1443221692e-01,2.1443221692e-01,1.4554275946e+00,3.4065455723e-01,1.2084328529e-01,1.2094607322e-01,1.9245008545e-01,1.2965754061e-01,0.0000000000e+00,0.0000000000e+00,0.0000000000e+00,0.0000000000e+00,2.2422268800e-05,3.2329136206e-05,3.5996085480e-04,6.3497067313e-05,2.2422268800e-05,2.3361377678e-05,1.1609801064e-04,2.6807966407e-05,-1.0885350721e+01,1.0885358775e+01,2.8116575895e+03,1.4459608131e+02,-1.0886381152e+01,1.0886381152e+01,2.8116836541e+03,1.4459999424e+02,1.0304307406e-03,2.9124183000e-03,3.7751035641e-01,2.7263814046e-02,0.0000000000e+00,0.0000000000e+00,0.0000000000e+00,0.0000000000e+00,5.1700040452e-07,5.1700078705e-07,1.3353985079e-04,6.8675998085e-06,5.2804226922e-07,5.3789632127e-07,1.3268713298e-04,6.8615158443e-06,1.0000000000e+00,4.1921888688e+00,2.0679115636e+00,4.1921888688e+00,1.0000000000e+00,1.0000285724e+00,1.0000095586e+00,1.0000285724e+00,1.8713810209e+03,1.9318608941e+03,1.9616013967e+00,nan,3.7098436958e-01,3.8297395768e-01,3.8886974347e-04,nan,1.1428889458e+00,2.3025025693e-02,2.5595062826e-01,4.1920690912e+00,3.2252954478e-01,9.9361450682e-01,-3.2774243990e-01,-3.8191790890e-01,1.5055869458e-02,5.5331550657e-01,2.9995543545e-01,382122,41,44,42,1.3268713298e-04,4.9930036383e-01,4.8303655377e-01,2.7346437613e-02,-3.5714416992e+00,-2.8103659734e+03,1.3725489036e-03,-2.8103646009e+03,-4.3050083868e-06,447024,48,48,48,-1.1609801064e-04,1.0000000000e+00,5.4745037850e-01,6.5423130601e-02,-2.6592180059e+00,-1.4554275946e+00,-4.7023033102e-02,-1.5024506277e+00,6.3702225635e-05,2.7195023700e-02,6.5486832826e-02,3.5283096224e-06,3.1718695083e-04,0,0,0,2.3958248488e-04,3.1921888688e+00,3.1924284512e+00,9.3176175816e-08,2.8572417675e-05,2.8665593851e-05,4.7495061735e-04,2.3958248488e+00
244,2.4400000000e-02,1.0000000000e-04,-9.3597734093e-02,1.3495019472e-01,1.5027050953e+00,2.6503833488e-01,-2.1445732053e-01,2.1445732053e-01,1.4557950310e+00,3.4066697697e-01,1.2085958644e-01,1.2096191468e-01,1.9245008969e-01,1.2967003426e-01,0.0000000000e+00,0.0000000000e+00,0.0000000000e+00,0.0000000000e+00,2.2424377713e-05,3.2331702986e-05,3.6002182077e-04,6.3498542859e-05,2.2424377713e-05,2.3358404178e-05,1.1545212146e-04,2.6792306786e-05,-1.0886814763e+01,1.0886822833e+01,2.8119356037e+03,1.4461371342e+02,-1.0887844846e+01,1.0887844846e+01,2.8119614105e+03,1.4461762232e+02,1.0300838121e-03,2.9124465370e-03,3.7750821847e-01,2.7264031787e-02,0.0000000000e+00,0.0000000000e+00,0.0000000000e+00,0.0000000000e+00,5.1706993925e-07,5.1707032254e-07,1.3355305509e-04,6.8684372464e-06,5.2811461904e-07,5.3798427067e-07,1.3269963301e-04,6.8623481034e-06,1.0000000000e+00,4.1921888688e+00,2.0679115636e+00,4.1921888688e+00,1.0000000000e+00,1.0000285724e+00,1.0000095586e+00,1.0000285724e+00,1.8712491310e+03,1.9315640942e+03,1.9615902445e+00,nan,3.7095822361e-01,3.8291511980e-01,3.8886753264e-04,nan,1.1493910318e+00,2.3031721970e-02,2.5613129015e-01,4.1920690912e+00,3.2068089989e-01,9.9360986481e-01,-3.1367597158e-01,-3.8104821912e-01,1.5667044313e-02,5.5334567485e-01,2.9990046726e-01,392105,42,52,41,1.3269963301e-04,4.9943305097e-01,4.8299503202e-01,2.7342132604e-02,-3.5716035625e+00,-2.8105767780e+03,1.1122435274e-03,-2.8105756658e+03,-5.2142710796e-06,447024,48,48,48,-1.1545212146e-04,1.0000000000e+00,5.4733428049e-01,6.5486832826e-02,-2.6581766200e+00,-1.4557950310e+00,-4.6910064213e-02,-1.5027050953e+00,6.3222983630e-05,2.7186839584e-02,6.5550055810e-02,3.7943522427e-06,3.1761846517e-04,0,0,0,2.3958248488e-04,3.1921888688e+00,3.1924284512e+00,9.3176175816e-08,2.8572417675e-05,2.8665593851e-05,4.7495061735e-04,2.3958248488e+00
245,2.4500000000e-02,1.0000000000e-04,-9.3605657198e-02,1.3495992657e-01,1.5029567511e+00,2.6504177688e-01,-2.1448154101e-01,2.1448154101e-01,1.4561590424e+00,3.4067696156e-01,1.2087588381e-01,1.2097775480e-01,1.9245008618e-01,1.2968253166e-01,0.0000000000e+00,0.0000000000e+00,0.0000000000e+00,0.0000000000e+00,2.2426275951e-05,3.2334034568e-05,3.6008211309e-04,6.3499367502e-05,2.2426275951e-05,2.3355328909e-05,1.1481029993e-04,2.6776605208e-05,-1.0888109096e+01,1.0888117183e+01,2.8121683661e+03,1.4462905798e+02,-1.0889138833e+01,1.0889138833e+01,2.8121939151e+03,1.4463296287e+02,1.0297368026e-03,2.9124744237e-03,3.7750602368e-01,2.7264249749e-02,0.0000000000e+00,0.0000000000e+00,0.0000000000e+00,0.0000000000e+00,5.1713141371e-07,5.1713179777e-07,1.3356411016e-04,6.8691660374e-06,5.2817918358e-07,5.3805444495e-07,1.3270999643e-04,6.8630718763e-06,1.0000000000e+00,4.1921888688e+00,2.0679115636e+00,4.1921888688e+00,1.0000000000e+00,1.0000285724e+00,1.0000095586e+00,1.0000285724e+00,1.8710906779e+03,1.9312409106e+03,1.9615788757e+00,nan,3.7092681170e-01,3.8285105157e-01,3.8886527887e-04,nan,1.1559067131e+00,2.3037759264e-02,2.5630851346e-01,4.1920690912e+00,3.1884477390e-01,9.9360521528e-01,-2.9108820736e-01,-3.7498987389e-01,1.6177055226e-02,5.5337561370e-01,2.9984411136e-01,502697,54,52,41,1.3270999643e-04,4.9956575060e-01,4.8295371784e-01,2.7336918333e-02,-3.5717996461e+00,-2.8107421290e+03,8.5191315860e-04,-2.8107412770e+03,-6.1353175274e-06,447024,48,48,48,-1.1481029993e-04,1.0000000000e+00,5.4721882837e-01,6.5550055810e-02,-2.6571439996e+00,-1.4561590424e+00,-4.6797708619e-02,-1.5029567511e+00,6.2581695585e-05,2.7178236314e-02,6.5612637505e-02,4.0510344396e-06,3.1804453733e-04,0,0,0,2.3958248488e-04,3.1921888688e+00,3.1924284512e+00,9.3176175816e-08,2.8572417675e-05,2.8665593851e-05,4.7495061735e-04,2.3958248488e+00
246,2.4600000000e-02,1.0000000000e-04,-9.3612700647e-02,1.3496867532e-01,1.5032050141e+00,2.6504248386e-01,-2.1450487820e-01,2.1450487820e-01,1.4565190515e+00,3.4068450001e-01,1.2089217755e-01,1.2099359373e-01,1.9245008973e-01,1.2969503292e-01,0.0000000000e+00,0.0000000000e+00,0.0000000000e+00,0.0000000000e+00,2.2427963438e-05,3.2336130614e-05,3.6014159257e-04,6.3499536883e-05,2.2427963438e-05,2.3352153661e-05,1.1417269929e-04,2.6760864161e-05,-1.0889231261e+01,1.0889239364e+01,2.8123553285e+03,1.4464208416e+02,-1.0890260651e+01,1.0890260651e+01,2.8123806196e+03,1.4464598506e+02,1.0293897198e-03,2.9125019612e-03,3.7750377199e-01,2.7264467927e-02,0.0000000000e+00,0.0000000000e+00,0.0000000000e+00,0.0000000000e+00,5.1718471100e-07,5.1718509582e-07,1.3357298995e-04,6.8697847168e-06,5.2823222647e-07,5.3811748953e-07,1.3271820031e-04,6.8636856604e-06,1.0000000000e+00,4.1921888688e+00,2.0679115636e+00,4.1921888688e+00,1.0000000000e+00,1.0000285724e+00,1.0000095586e+00,1.0000285724e+00,1.8709060322e+03,1.9308917496e+03,1.9615671394e+00,nan,3.7089020737e-01,3.8278183355e-01,3.8886295228e-04,nan,1.1624337616e+00,2.3043591497e-02,2.5648221294e-01,4.1920690912e+00,3.1702169825e-01,9.9360058017e-01,-2.5519873498e-01,-3.5681179793e-01,1.6585039174e-02,5.5340536935e-01,2.9978910991e-01,392105,42,52,41,1.3271820031e-04,4.9969846059e-01,4.8291260650e-01,2.7330783016e-02,-3.5720304125e+00,-2.8108614680e+03,5.9156209879e-04,-2.8108608764e+03,-7.0617792960e-06,447024,48,48,48,-1.1417269929e-04,1.0000000000e+00,5.4710401807e-01,6.5612637505e-02,-2.6561227650e+00,-1.4565190515e+00,-4.6685962653e-02,-1.5032050141e+00,6.1781693396e-05,2.7169220221e-02,6.5674419199e-02,4.2970810962e-06,3.1846503138e-04,0,0,0,2.3958248488e-04,3.1921888688e+00,3.1924284512e+00,9.3176175816e-08,2.8572417675e-05,2.8665593851e-05,4.7495061735e-04,2.3958248488e+00
247,2.4700000000e-02,1.0000000000e-04,-9.3618868441e-02,1.3497644780e-01,1.5034493218e+00,2.6504045319e-01,-2.1452733629e-01,2.1452733629e-01,1.4568744993e+00,3.4068959475e-01,1.2090846785e-01,1.2100943159e-01,1.9245008542e-01,1.2970753812e-01,0.0000000000e+00,0.0000000000e+00,0.0000000000e+00,0.0000000000e+00,2.2429441133e-05,3.2337992765e-05,3.6020012442e-04,6.3499050371e-05,2.2429441133e-05,2.3348880635e-05,1.1353947200e-04,2.6745086673e-05,-1.0890179898e+01,1.0890188017e+01,2.8124962325e+03,1.4465277598e+02,-1.0891208941e+01,1.0891208941e+01,2.8125212656e+03,1.4465667290e+02,1.0290425572e-03,2.9125291366e-03,3.7750146339e-01,2.7264686316e-02,0.0000000000e+00,0.0000000000e+00,0.0000000000e+00,0.0000000000e+00,5.1722976658e-07,5.1723015215e-07,1.3357968219e-04,6.8702925252e-06,5.2827459135e-07,5.3817334194e-07,1.3272421043e-04,6.8641886864e-06,1.0000000000e+00,4.1921888688e+00,2.0679115636e+00,4.1921888688e+00,1.0000000000e+00,1.0000285724e+00,1.0000095586e+00,1.0000285724e+00,1.8706957339e+03,1.9305171907e+03,1.9615551875e+00,nan,3.7084851763e-01,3.8270758063e-01,3.8886058291e-04,nan,1.1689697697e+00,2.3049213809e-02,2.5665232535e-01,4.1920690912e+00,3.1521219539e-01,9.9359579434e-01,-2.0003210772e-01,-3.1071179518e-01,1.6891010924e-02,5.5343489978e-01,2.9973428165e-01,484457,52,54,41,1.3272421043e-04,4.9983117880e-01,4.8287169324e-01,2.7323721236e-02,-3.5722960879e+00,-2.8109345283e+03,3.3119469449e-04,-2.8109341971e+03,-7.9873668096e-06,447024,48,48,48,-1.1353947200e-04,1.0000000000e+00,5.4698984537e-01,6.5674419199e-02,-2.6551154731e+00,-1.4568744993e+00,-4.6574822493e-02,-1.5034493218e+00,6.0827354187e-05,2.7159799501e-02,6.5735246553e-02,4.5313028840e-06,3.1887997339e-04,0,0,0,2.3958248488e-04,3.1921888688e+00,3.1924284512e+00,9.3176175816e-08,2.8572417675e-05,2.8665593851e-05,4.7495061735e-04,2.3958248488e+00
248,2.4800000000e-02,1.0000000000e-04,-9.3624168762e-02,1.3498325376e-01,1.5036891334e+00,2.6503569746e-01,-2.1454892362e-01,2.1454892362e-01,1.4572248493e+00,3.4069226129e-01,1.2092475486e-01,1.2102526852e-01,1.9245008676e-01,1.2972004734e-01,0.0000000000e+00,0.0000000000e+00,0.0000000000e+00,0.0000000000e+00,2.2430710997e-05,3.2339623354e-05,3.6025757908e-04,6.3497910980e-05,2.2430710997e-05,2.3345512419e-05,1.1291076853e-04,2.6729276263e-05,-1.0890954740e+01,1.0890962874e+01,2.8125911060e+03,1.4466113212e+02,-1.0891983435e+01,1.0891983435e+01,2.8126158812e+03,1.4466502508e+02,1.0286953118e-03,2.9125559406e-03,3.7749909784e-01,2.7264904912e-02,0.0000000000e+00,0.0000000000e+00,0.0000000000e+00,0.0000000000e+00,5.1726656773e-07,5.1726695405e-07,1.3358418822e-04,6.8706894007e-06,5.2830856985e-07,5.3821628290e-07,1.3272802998e-04,6.8645808710e-06,1.0000000000e+00,4.1921888688e+00,2.0679115636e+00,4.1921888688e+00,1.0000000000e+00,1.0000285724e+00,1.0000095586e+00,1.0000285724e+00,1.8704604851e+03,1.9301179791e+03,1.9615428821e+00,nan,3.7080188169e-01,3.8262844054e-01,3.8885814347e-04,nan,1.1755125902e+00,2.3054378642e-02,2.5681880809e-01,4.1920690912e+00,3.1341677480e-01,9.9359087141e-01,-1.2110006830e-01,-2.0821645297e-01,1.7095663677e-02,5.5346423766e-01,2.9967862208e-01,502697,54,52,41,1.3272802998e-04,4.9996390301e-01,4.8283097326e-01,2.7315733869e-02,-3.5725966659e+00,-2.8109613311e+03,7.0815359484e-05,-2.8109612602e+03,-8.9059227291e-06,447024,48,48,48,-1.1291076853e-04,1.0000000000e+00,5.4687630590e-01,6.5735246553e-02,-2.6541246011e+00,-1.4572248493e+00,-4.6464284161e-02,-1.5036891334e+00,5.9724068022e-05,2.7149984098e-02,6.5794970621e-02,4.7526036623e-06,3.1928947333e-04,0,0,0,2.3958248488e-04,3.1921888688e+00,3.1924284512e+00,9.3176175816e-08,2.8572417675e-05,2.8665593851e-05,4.7495061735e-04,2.3958248488e+00
249,2.4900000000e-02,1.0000000000e-04,-9.3628613824e-02,1.3498910269e-01,1.5039239334e+00,2.6502824402e-01,-2.1456965257e-01,2.1456965257e-01,1.4575695899e+00,3.4069252786e-01,1.2094103875e-01,1.2104110466e-01,1.9245008942e-01,1.2973256068e-01,0.0000000000e+00,0.0000000000e+00,0.0000000000e+00,0.0000000000e+00,2.2431775956e-05,3.2341024656e-05,3.6031383304e-04,6.3496125268e-05,2.2431775956e-05,2.3342051959e-05,1.1228673618e-04,2.6713436905e-05,-1.0891556591e+01,1.0891564741e+01,2.8126402578e+03,1.4466716570e+02,-1.0892584939e+01,1.0892584939e+01,2.8126647750e+03,1.4467105472e+02,1.0283479898e-03,2.9126029425e-03,3.7749667533e-01,2.7265123712e-02,0.0000000000e+00,0.0000000000e+00,0.0000000000e+00,0.0000000000e+00,5.1729515269e-07,5.1729553975e-07,1.3358652268e-04,6.8709759659e-06,5.2833447787e-07,5.3824923913e-07,1.3272967227e-04,6.8648628279e-06,1.0000000000e+00,4.1921888688e+00,2.0679115636e+00,4.1921888688e+00,1.0000000000e+00,1.0000285724e+00,1.0000095586e+00,1.0000285724e+00,1.8702011421e+03,1.9296950174e+03,1.9615302672e+00,nan,3.7075046927e-01,3.8254459221e-01,3.8885564268e-04,nan,1.1820601149e+00,2.3059208337e-02,2.5698164008e-01,4.1920690912e+00,3.1163592925e-01,9.9358580194e-01,-2.3035959877e-02,-4.7500955667e-02,1.7200092176e-02,5.5349332647e-01,2.9962337411e-01,392105,42,52,41,1.3272967227e-04,5.0009663104e-01,4.8279044178e-01,2.7306827947e-02,-3.5729319114e+00,-2.8109421801e+03,-1.8957149866e-04,-2.8109423696e+03,-9.8114727950e-06,447024,48,48,48,-1.1228673618e-04,1.0000000000e+00,5.4676339513e-01,6.5794970621e-02,-2.6531525306e+00,-1.4575695899e+00,-4.6354343532e-02,-1.5039239334e+00,5.8478196585e-05,2.7139785586e-02,6.5853448818e-02,4.9599825705e-06,3.1969367553e-04,0,0,0,2.3958248488e-04,3.1921888688e+00,3.1924284512e+00,9.3176175816e-08,2.8572417675e-05,2.8665593851e-05,4.7495061735e-04,2.3958248488e+00
250,2.5000000000e-02,1.0000000000e-04,-9.3632219709e-02,1.3499401795e-01,1.5041532343e+00,2.6501813454e-01,-2.1458953940e-01,2.1458953940e-01,1.4579082380e+00,3.4069043490e-01,1.2095731969e-01,1.2105694015e-01,1.9245008581e-01,1.2974507823e-01,0.0000000000e+00,0.0000000000e+00,0.0000000000e+00,0.0000000000e+00,2.2432639863e-05,3.2342202265e-05,3.6036876952e-04,6.3493703212e-05,2.2432639863e-05,2.3338502531e-05,1.1166751789e-04,2.6697572979e-05,-1.0891987301e+01,1.0891995467e+01,2.8126442693e+03,1.4467090385e+02,-1.0893015302e+01,1.0893015302e+01,2.8126685285e+03,1.4467478895e+02,1.0280005984e-03,2.9126693261e-03,3.7749419585e-01,2.7265342711e-02,0.0000000000e+00,0.0000000000e+00,0.0000000000e+00,0.0000000000e+00,5.1731560930e-07,5.1731599710e-07,1.3358671321e-04,6.8711535095e-06,5.2835090812e-07,5.3827717354e-07,1.3272915892e-04,6.8650358462e-06,1.0000000000e+00,4.1921888688e+00,2.0679115636e+00,4.1921888688e+00,1.0000000000e+00,1.0000285724e+00,1.0000095586e+00,1.0000285724e+00,1.8699187058e+03,1.9292493555e+03,1.9615174202e+00,nan,3.7069447884e-01,3.8245624377e-01,3.8885309589e-04,nan,1.1886102730e+00,2.3063912212e-02,2.5714082144e-01,4.1920690912e+00,3.0987013118e-01,9.9358054201e-01,7.6410849989e-02,1.0090257667e-01,1.7206080614e-02,5.5352212957e-01,2.9956874665e-01,410838,44,55,54,1.3272915892e-04,5.0022936071e-01,4.8275009401e-01,2.7297016474e-02,-3.5733013676e+00,-2.8108776535e+03,-4.4996149852e-04,-2.8108781034e+03,-1.0698273667e-05,447024,48,48,48,-1.1166751789e-04,1.0000000000e+00,5.4665110840e-01,6.5853448818e-02,-2.6522015323e+00,-1.4579082380e+00,-4.6244996331e-02,-1.5041532343e+00,5.7097023107e-05,2.7129217048e-02,6.5910545841e-02,5.1525404447e-06,3.2009275559e-04,0,0,0,2.3958248488e-04,3.1921888688e+00,3.1924284512e+00,9.3176175816e-08,2.8572417675e-05,2.8665593851e-05,4.7495061735e-04,2.3958248488e+00
251,2.5100000000e-02,1.0000000000e-04,-9.3635006180e-02,1.3499801993e-01,1.5043765799e+00,2.6500542432e-01,-2.1460860402e-01,2.1460860402e-01,1.4582403417e+00,3.4068603454e-01,1.2097359784e-01,1.2107277511e-01,1.9245008969e-01,1.2975760007e-01,0.0000000000e+00,0.0000000000e+00,0.0000000000e+00,0.0000000000e+00,2.2433307453e-05,3.2343161068e-05,3.6042227920e-04,6.3490658067e-05,2.2433307453e-05,2.3334867713e-05,1.1105325117e-04,2.6681689233e-05,-1.0892249730e+01,1.0892257910e+01,2.8126039845e+03,1.4467238723e+02,-1.0893277383e+01,1.0893277383e+01,2.8126279856e+03,1.4467626844e+02,1.0276531389e-03,2.9127513953e-03,3.7749165938e-01,2.7265561906e-02,0.0000000000e+00,0.0000000000e+00,0.0000000000e+00,0.0000000000e+00,5.1732807335e-07,5.1732846189e-07,1.3358479988e-04,6.8712239627e-06,5.2835681181e-07,5.3829682091e-07,1.3272650864e-04,6.8651018453e-06,1.0000000000e+00,4.1921888688e+00,2.0679115636e+00,4.1921888688e+00,1.0000000000e+00,1.0000285724e+00,1.0000095586e+00,1.0000285724e+00,1.8696143121e+03,1.9287821803e+03,1.9615042009e+00,nan,3.7063413553e-01,3.8236363050e-01,3.8885047528e-04,nan,1.1951609452e+00,2.3068346799e-02,2.5729637226e-01,4.1920690912e+00,3.0811982938e-01,9.9357493340e-01,1.5950284385e-01,1.9599051467e-01,1.7116093670e-02,5.5355066591e-01,2.9951400211e-01,484457,52,54,41,1.3272650864e-04,5.0036208987e-01,4.8270992525e-01,2.7286318200e-02,-3.5737043638e+00,-2.8107685939e+03,-7.1035030105e-04,-2.8107693042e+03,-1.1560857208e-05,447024,48,48,48,-1.1105325117e-04,1.0000000000e+00,5.4653944088e-01,6.5910545841e-02,-2.6512737523e+00,-1.4582403417e+00,-4.6136238137e-02,-1.5043765799e+00,5.5588694032e-05,2.7118292956e-02,6.5966134535e-02,5.3294807777e-06,3.2048693039e-04,0,0,0,2.3958248488e-04,3.1921888688e+00,3.1924284512e+00,9.3176175816e-08,2.8572417675e-05,2.8665593851e-05,4.7495061735e-04,2.3958248488e+00
252,2.5200000000e-02,1.0000000000e-04,-9.3636996483e-02,1.3500113031e-01,1.5045935472e+00,2.6499018170e-01,-2.1462686984e-01,2.1462686984e-01,1.4585654828e+00,3.4067938998e-01,1.2098987336e-01,1.2108860966e-01,1.9245008969e-01,1.2977012627e-01,0.0000000000e+00,0.0000000000e+00,0.0000000000e+00,0.0000000000e+00,2.2433784294e-05,3.2343906263e-05,3.6047426078e-04,6.3487006202e-05,2.2433784294e-05,2.3331151359e-05,1.1044406709e-04,2.6665790741e-05,-1.0892347702e+01,1.0892355898e+01,2.8125204981e+03,1.4467166945e+02,-1.0893375008e+01,1.0893375008e+01,2.8125442412e+03,1.4467554679e+02,1.0273056076e-03,2.9128330777e-03,3.7748906593e-01,2.7265781293e-02,0.0000000000e+00,0.0000000000e+00,0.0000000000e+00,0.0000000000e+00,5.1733272656e-07,5.1733311583e-07,1.3358083469e-04,6.8711898717e-06,5.2835623496e-07,5.3830944467e-07,1.3272181309e-04,6.8650633718e-06,1.0000000000e+00,4.1921888688e+00,2.0679115636e+00,4.1921888688e+00,1.0000000000e+00,1.0000285724e+00,1.0000095586e+00,1.0000285724e+00,1.8692892199e+03,1.9282948036e+03,1.9614907249e+00,nan,3.7056968894e-01,3.8226701249e-01,3.8884780379e-04,nan,1.2017106630e+00,2.3072562360e-02,2.5744833290e-01,4.1920690912e+00,3.0638544581e-01,9.9356927515e-01,2.2022966972e-01,2.5107925761e-01,1.6932974424e-02,5.5357887802e-01,2.9945979959e-01,392105,42,52,41,1.3272181309e-04,5.0049481638e-01,4.8266993085e-01,2.7274757343e-02,-3.5741400257e+00,-2.8106160966e+03,-9.7073360390e-04,-2.8106170673e+03,-1.2394070786e-05,447024,48,48,48,-1.1044406709e-04,1.0000000000e+00,5.4642838763e-01,6.5966134535e-02,-2.6503711989e+00,-1.4585654828e+00,-4.6028064392e-02,-1.5045935472e+00,5.3962152818e-05,2.7107029044e-02,6.6020096688e-02,5.4901169120e-06,3.2087635017e-04,0,0,0,2.3958248488e-04,3.1921888688e+00,3.1924284512e+00,9.3176175816e-08,2.8572417675e-05,2.8665593851e-05,4.7495061735e-04,2.3958248488e+00
253,2.5300000000e-02,1.0000000000e-04,-9.3638217135e-02,1.3500338133e-01,1.5048037494e+00,2.6497248726e-01,-2.1464436354e-01,2.1464436354e-01,1.4588832790e+00,3.4067057489e-01,1.2100614641e-01,1.2110444393e-01,1.9245008525e-01,1.2978265693e-01,0.0000000000e+00,0.0000000000e+00,0.0000000000e+00,0.0000000000e+00,2.2434076741e-05,3.2344445567e-05,3.6052462153e-04,6.3482766924e-05,2.2434076741e-05,2.3327357574e-05,1.0984008926e-04,2.6649882861e-05,-1.0892285963e+01,1.0892294174e+01,2.8123951421e+03,1.4466881638e+02,-1.0893312921e+01,1.0893312921e+01,2.8124186272e+03,1.4467268987e+02,1.0269580160e-03,2.9129214435e-03,3.7748641548e-01,2.7266000868e-02,0.0000000000e+00,0.0000000000e+00,0.0000000000e+00,0.0000000000e+00,5.1732979423e-07,5.1733018423e-07,1.3357488090e-04,6.8710543651e-06,5.2834804820e-07,5.3831084777e-07,1.3271514356e-04,6.8649235265e-06,1.0000000000e+00,4.1921888688e+00,2.0679115636e+00,4.1921888688e+00,1.0000000000e+00,1.0000285724e+00,1.0000095586e+00,1.0000285724e+00,1.8689447998e+03,1.9277886502e+03,1.9614769980e+00,nan,3.7050141077e-01,3.8216667216e-01,3.8884508255e-04,nan,1.2082577906e+00,2.3076374856e-02,2.5759676177e-01,4.1920690912e+00,3.0466737276e-01,9.9356363019e-01,2.6226382457e-01,2.8431368692e-01,1.6659751187e-02,5.5360656302e-01,2.9940516752e-01,410838,44,55,54,1.3271514356e-04,5.0062753819e-01,4.8263010629e-01,2.7262363272e-02,-3.5746072859e+00,-2.8104214959e+03,-1.2311072846e-03,-2.8104227270e+03,-1.3193113112e-05,447024,48,48,48,-1.0984008926e-04,1.0000000000e+00,5.4631794356e-01,6.6020096688e-02,-2.6494957303e+00,-1.4588832790e+00,-4.5920470407e-02,-1.5048037494e+00,5.2227067947e-05,2.7095417599e-02,6.6072323756e-02,5.6338676723e-06,3.2126103062e-04,0,0,0,2.3958248488e-04,3.1921888688e+00,3.1924284512e+00,9.3176175816e-08,2.8572417675e-05,2.8665593851e-05,4.7495061735e-04,2.3958248488e+00
254,2.5400000000e-02,1.0000000000e-04,-9.3638697693e-02,1.3500480801e-01,1.5050068371e+00,2.6495243306e-01,-2.1466111482e-01,2.1466111482e-01,1.4591933857e+00,3.4065967264e-01,1.2102241713e-01,1.2112027804e-01,1.9245007001e-01,1.2979519211e-01,0.0000000000e+00,0.0000000000e+00,0.0000000000e+00,0.0000000000e+00,2.2434191874e-05,3.2344787374e-05,3.6057327779e-04,6.3477962288e-05,2.2434191874e-05,2.3323490681e-05,1.0924143294e-04,2.6633971196e-05,-1.0892070117e+01,1.0892078344e+01,2.8122294702e+03,1.4466390541e+02,-1.0893096728e+01,1.0893096728e+01,2.8122526974e+03,1.4466777508e+02,1.0266103700e-03,2.9130435434e-03,3.7748370802e-01,2.7266220626e-02,0.0000000000e+00,0.0000000000e+00,0.0000000000e+00,0.0000000000e+00,5.1731954264e-07,5.1731993337e-07,1.3356701230e-04,6.8708211181e-06,5.2834395583e-07,5.3829572803e-07,1.3270660277e-04,6.8646859068e-06,1.0000000000e+00,4.1921888688e+00,2.0679115636e+00,4.1921888688e+00,1.0000000000e+00,1.0000285724e+00,1.0000095586e+00,1.0000285724e+00,1.8685825213e+03,1.9272652445e+03,1.9614630849e+00,nan,3.7042959234e-01,3.8206291171e-01,3.8884232441e-04,nan,1.2148010073e+00,2.3079552516e-02,2.5774173353e-01,4.1920690912e+00,3.0296597021e-01,9.9355821835e-01,2.9093182189e-01,3.0555961456e-01,1.6300877362e-02,5.5363396778e-01,2.9934857381e-01,484457,52,54,41,1.3270660277e-04,5.0076025333e-01,4.8259044714e-01,2.7249170159e-02,-3.5751048972e+00,-2.8101863497e+03,-1.4914673606e-03,-2.8101878412e+03,-1.3953565407e-05,447024,48,48,48,-1.0924143294e-04,1.0000000000e+00,5.4620810347e-01,6.6072323756e-02,-2.6486490443e+00,-1.4591933857e+00,-4.5813451365e-02,-1.5050068371e+00,5.0393750036e-05,2.7083495898e-02,6.6122717506e-02,5.7602654257e-06,3.2164160314e-04,0,0,0,2.3958248488e-04,3.1921888688e+00,3.1924284512e+00,9.3176175816e-08,2.8572417675e-05,2.8665593851e-05,4.7495061735e-04,2.3958248488e+00
255,2.5500000000e-02,1.0000000000e-04,-9.3638470517e-02,1.3500546066e-01,1.5052025005e+00,2.6493012176e-01,-2.1467715619e-01,2.1467715619e-01,1.4594954982e+00,3.4064677559e-01,1.2103868567e-01,1.2113611209e-01,1.9245007141e-01,1.2980773189e-01,0.0000000000e+00,0.0000000000e+00,0.0000000000e+00,0.0000000000e+00,2.2434137447e-05,3.2344943737e-05,3.6062015533e-04,6.3472616890e-05,2.2434137447e-05,2.3319555204e-05,1.0864820423e-04,2.6618061558e-05,-1.0891706574e+01,1.0891714816e+01,2.8120252418e+03,1.4465702458e+02,-1.0892732837e+01,1.0892732837e+01,2.8120482109e+03,1.4466089046e+02,1.0262627203e-03,2.9131653014e-03,3.7748094355e-01,2.7266440564e-02,0.0000000000e+00,0.0000000000e+00,0.0000000000e+00,0.0000000000e+00,5.1730227613e-07,5.1730266760e-07,1.3355731246e-04,6.8704943127e-06,5.2833040510e-07,5.3827761164e-07,1.3269629413e-04,6.8643547495e-06,1.0000000000e+00,4.1921888688e+00,2.0679115636e+00,4.1921888688e+00,1.0000000000e+00,1.0000285724e+00,1.0000095586e+00,1.0000285724e+00,1.8682039399e+03,1.9267261971e+03,1.9614487060e+00,nan,3.7035454200e-01,3.8195605043e-01,3.8883947392e-04,nan,1.2213390462e+00,2.3082670615e-02,2.5788334490e-01,4.1920690912e+00,3.0128156351e-01,9.9355319211e-01,3.1077090297e-01,3.1999881480e-01,1.5860146389e-02,5.5366095328e-01,2.9929341138e-01,409482,44,41,42,1.3269629413e-04,5.0089295993e-01,4.8255094914e-01,2.7235216594e-02,-3.5756314457e+00,-2.8099124230e+03,-1.7518100509e-03,-2.8099141748e+03,-1.4671417642e-05,447024,48,48,48,-1.0864820423e-04,1.0000000000e+00,5.4609886204e-01,6.6122717506e-02,-2.6478326687e+00,-1.4594954982e+00,-4.5707002333e-02,-1.5052025005e+00,4.8473070184e-05,2.7071286842e-02,6.6171190576e-02,5.8689519595e-06,3.2202054443e-04,0,0,0,2.3958248488e-04,3.1921888688e+00,3.1924284512e+00,9.3176175816e-08,2.8572417675e-05,2.8665593851e-05,4.7495061735e-04,2.3958248488e+00
256,2.5600000000e-02,1.0000000000e-04,-9.3637570524e-02,1.3500538354e-01,1.5053904706e+00,2.6490566572e-01,-2.1469252270e-01,2.1469252270e-01,1.4597893523e+00,3.4063198432e-01,1.2105495217e-01,1.2115194619e-01,1.9245008590e-01,1.2982027633e-01,0.0000000000e+00,0.0000000000e+00,0.0000000000e+00,0.0000000000e+00,2.2433921825e-05,3.2344925262e-05,3.6066518967e-04,6.3466757654e-05,2.2433921825e-05,2.3315555835e-05,1.0806049931e-04,2.6602159927e-05,-1.0891202478e+01,1.0891210735e+01,2.8117844037e+03,1.4464827172e+02,-1.0892228393e+01,1.0892228393e+01,2.8118071147e+03,1.4465213383e+02,1.0259150629e-03,2.9132867070e-03,3.7747812211e-01,2.7266660679e-02,0.0000000000e+00,0.0000000000e+00,0.0000000000e+00,0.0000000000e+00,5.1727833405e-07,5.1727872625e-07,1.3354587384e-04,6.8700785953e-06,5.2830657566e-07,5.3825757889e-07,1.3268423399e-04,6.8639347846e-06,1.0000000000e+00,4.1921888688e+00,2.0679115636e+00,4.1921888688e+00,1.0000000000e+00,1.0000285724e+00,1.0000095586e+00,1.0000285724e+00,1.8678106834e+03,1.9261731908e+03,1.9614338978e+00,nan,3.7027658245e-01,3.8184642194e-01,3.8883653832e-04,nan,1.2278698954e+00,2.3085770835e-02,2.5802170965e-01,4.1920690912e+00,2.9961444134e-01,9.9354798603e-01,3.2487396943e-01,3.3035528877e-01,1.5342384682e-02,5.5368749734e-01,2.9923919116e-01,484457,52,54,41,1.3268423399e-04,5.0102565623e-01,4.8251160821e-01,2.7220545176e-02,-3.5761853658e+00,-2.8096016699e+03,-2.0121317775e-03,-2.8096036820e+03,-1.5343089781e-05,447024,48,48,48,-1.0806049931e-04,1.0000000000e+00,5.4599021383e-01,6.6171190576e-02,-2.6470479533e+00,-1.4597893523e+00,-4.5601118270e-02,-1.5053904706e+00,4.6476369524e-05,2.7058810153e-02,6.6217666945e-02,5.9596806558e-06,3.2239762923e-04,0,0,0,2.3958248488e-04,3.1921888688e+00,3.1924284512e+00,9.3176175816e-08,2.8572417675e-05,2.8665593851e-05,4.7495061735e-04,2.3958248488e+00
257,2.5700000000e-02,1.0000000000e-04,-9.3636034935e-02,1.3500461372e-01,1.5055705200e+00,2.6487918611e-01,-2.1470725170e-01,2.1470725170e-01,1.4600747259e+00,3.4061540679e-01,1.2107121676e-01,1.2116778553e-01,1.9245008960e-01,1.2983282549e-01,0.0000000000e+00,0.0000000000e+00,0.0000000000e+00,0.0000000000e+00,2.2433553924e-05,3.2344740825e-05,3.6070832634e-04,6.3460413602e-05,2.2433553924e-05,2.3311497416e-05,1.0747840378e-04,2.6586272418e-05,-1.0890565640e+01,1.0890573913e+01,2.8115090713e+03,1.4463775351e+02,-1.0891591207e+01,1.0891591207e+01,2.8115315243e+03,1.4464161187e+02,1.0255673887e-03,2.9134077454e-03,3.7747524371e-01,2.7266880970e-02,0.0000000000e+00,0.0000000000e+00,0.0000000000e+00,0.0000000000e+00,5.1724808740e-07,5.1724848033e-07,1.3353279691e-04,6.8695790320e-06,5.2827630722e-07,5.3823346607e-07,1.3267052197e-04,6.8634310234e-06,1.0000000000e+00,4.1921888688e+00,2.0679115636e+00,4.1921888688e+00,1.0000000000e+00,1.0000285724e+00,1.0000095586e+00,1.0000285724e+00,1.8674044384e+03,1.9256079668e+03,1.9614189035e+00,nan,3.7019604804e-01,3.8173437137e-01,3.8883356584e-04,nan,1.2343923738e+00,2.3088755582e-02,2.5815695091e-01,4.1920690912e+00,2.9796485396e-01,9.9354259812e-01,3.3504859572e-01,3.3801281722e-01,1.4752743366e-02,5.5371363300e-01,2.9918488889e-01,391337,42,44,41,1.3267052197e-04,5.0115834046e-01,4.8247242040e-01,2.7205202086e-02,-3.5767649555e+00,-2.8092562148e+03,-2.2724289944e-03,-2.8092584872e+03,-1.5965448030e-05,447024,48,48,48,-1.0747840378e-04,1.0000000000e+00,5.4588215333e-01,6.6217666945e-02,-2.6462960633e+00,-1.4600747259e+00,-4.5495794036e-02,-1.5055705200e+00,4.4415365465e-05,2.7046086225e-02,6.6262082311e-02,6.0323157427e-06,3.2277256884e-04,0,0,0,2.3958248488e-04,3.1921888688e+00,3.1924284512e+00,9.3176175816e-08,2.8572417675e-05,2.8665593851e-05,4.7495061735e-04,2.3958248488e+00
258,2.5800000000e-02,1.0000000000e-04,-9.3633903008e-02,1.3500318435e-01,1.5057424638e+00,2.6485081186e-01,-2.1472138257e-01,2.1472138257e-01,1.4603514394e+00,3.4059715754e-01,1.2108747956e-01,1.2118362623e-01,1.9245008856e-01,1.2984537943e-01,0.0000000000e+00,0.0000000000e+00,0.0000000000e+00,0.0000000000e+00,2.2433043152e-05,3.2344398374e-05,3.6074952107e-04,6.3453615629e-05,2.2433043152e-05,2.3307384908e-05,1.0690199206e-04,2.6570405245e-05,-1.0889804468e+01,1.0889812756e+01,2.8112015095e+03,1.4462558445e+02,-1.0890829687e+01,1.0890829687e+01,2.8112237046e+03,1.4462943910e+02,1.0252197024e-03,2.9135284151e-03,3.7747230836e-01,2.7267101433e-02,0.0000000000e+00,0.0000000000e+00,0.0000000000e+00,0.0000000000e+00,5.1721193547e-07,5.1721232913e-07,1.3351818924e-04,6.8690010619e-06,5.2824402297e-07,5.3819688372e-07,1.3265530504e-04,6.8628488858e-06,1.0000000000e+00,4.1921888688e+00,2.0679115636e+00,4.1921888688e+00,1.0000000000e+00,1.0000285724e+00,1.0000095586e+00,1.0000285724e+00,1.8669869364e+03,1.9250323098e+03,1.9614036616e+00,nan,3.7011328205e-01,3.8162025259e-01,3.8883054426e-04,nan,1.2409058286e+00,2.3091259952e-02,2.5828920645e-01,4.1920690912e+00,2.9633301174e-01,9.9353732845e-01,3.4258815377e-01,3.4387795001e-01,1.4096625769e-02,5.5373941534e-01,2.9912994287e-01,483210,52,41,42,1.3265530504e-04,5.0129101099e-01,4.8243338202e-01,2.7189236638e-02,-3.5773683923e+00,-2.8088783329e+03,-2.5326983514e-03,-2.8088808656e+03,-1.6535815889e-05,447024,48,48,48,-1.0690199206e-04,1.0000000000e+00,5.4577467493e-01,6.6262082311e-02,-2.6455779741e+00,-1.4603514394e+00,-4.5391024404e-02,-1.5057424638e+00,4.2302056274e-05,2.7033136013e-02,6.6304384367e-02,6.0868298651e-06,3.2314518118e-04,0,0,0,2.3958248488e-04,3.1921888688e+00,3.1924284512e+00,9.3176175816e-08,2.8572417675e-05,2.8665593851e-05,4.7495061735e-04,2.3958248488e+00
259,2.5900000000e-02,1.0000000000e-04,-9.3631215776e-02,1.3500114801e-01,1.5059061601e+00,2.6482067873e-01,-2.1473495647e-01,2.1473495647e-01,1.4606193561e+00,3.4057735677e-01,1.2110374069e-01,1.2119946722e-01,1.9245008833e-01,1.2985793819e-01,0.0000000000e+00,0.0000000000e+00,0.0000000000e+00,0.0000000000e+00,2.2432399338e-05,3.2343910501e-05,3.6078873984e-04,6.3446396259e-05,2.2432399338e-05,2.3303223374e-05,1.0633132694e-04,2.6554564692e-05,-1.0888927887e+01,1.0888936191e+01,2.8108641123e+03,1.4461188590e+02,-1.0889952759e+01,1.0889952759e+01,2.8108860494e+03,1.4461573686e+02,1.0248720237e-03,2.9136487306e-03,3.7746931604e-01,2.7267322067e-02,0.0000000000e+00,0.0000000000e+00,0.0000000000e+00,0.0000000000e+00,5.1717030222e-07,5.1717069660e-07,1.3350216454e-04,6.8683504485e-06,5.2820641208e-07,5.3815436950e-07,1.3263868977e-04,6.8621941331e-06,1.0000000000e+00,4.1921888688e+00,2.0679115636e+00,4.1921888688e+00,1.0000000000e+00,1.0000285724e+00,1.0000095586e+00,1.0000285724e+00,1.8665599402e+03,1.9244480348e+03,1.9613881153e+00,nan,3.7002863393e-01,3.8150442535e-01,3.8882746236e-04,nan,1.2474093345e+00,2.3093559241e-02,2.5841862643e-01,4.1920690912e+00,2.9471908404e-01,9.9353212909e-01,3.4832587631e-01,3.4850229729e-01,1.3379359336e-02,5.5376477969e-01,2.9907561428e-01,483305,52,42,41,1.3263868977e-04,5.0142366629e-01,4.8239448956e-01,2.7172700822e-02,-3.5779937502e+00,-2.8084704296e+03,-2.7929367865e-03,-2.8084732225e+03,-1.7051980304e-05,447024,48,48,48,-1.0633132694e-04,1.0000000000e+00,5.4566777294e-01,6.6304384367e-02,-2.6448944676e+00,-1.4606193561e+00,-4.5286804067e-02,-1.5059061601e+00,4.0148623850e-05,2.7019980919e-02,6.6344532991e-02,6.1233022744e-06,3.2351521908e-04,0,0,0,2.3958248488e-04,3.1921888688e+00,3.1924284512e+00,9.3176175816e-08,2.8572417675e-05,2.8665593851e-05,4.7495061735e-04,2.3958248488e+00
260,2.6000000000e-02,1.0000000000e-04,-9.3628015781e-02,1.3499856150e-01,1.5060615100e+00,2.6478892828e-01,-2.1474801603e-01,2.1474801603e-01,1.4608783823e+00,3.4055612957e-01,1.2112000025e-01,1.2121530857e-01,1.9245008931e-01,1.2987050183e-01,0.0000000000e+00,0.0000000000e+00,0.0000000000e+00,0.0000000000e+00,2.2431632676e-05,3.2343290819e-05,3.6082595895e-04,6.3438789407e-05,2.2431632676e-05,2.3299017952e-05,1.0576645914e-04,2.6538757077e-05,-1.0887945268e+01,1.0887953587e+01,2.8104993822e+03,1.4459678501e+02,-1.0888969792e+01,1.0888969792e+01,2.8105210614e+03,1.4460063230e+02,1.0245243575e-03,2.9137686917e-03,3.7746626669e-01,2.7267542870e-02,0.0000000000e+00,0.0000000000e+00,0.0000000000e+00,0.0000000000e+00,5.1712363266e-07,5.1712402777e-07,1.3348484166e-04,6.8676332305e-06,5.2816807261e-07,5.3810728285e-07,1.3262075921e-04,6.8614727387e-06,1.0000000000e+00,4.1921888688e+00,2.0679115636e+00,4.1921888688e+00,1.0000000000e+00,1.0000285724e+00,1.0000095586e+00,1.0000285724e+00,1.8661252304e+03,1.9238569722e+03,1.9613722604e+00,nan,3.6994245662e-01,3.8138725253e-01,3.8882431927e-04,nan,1.2539018541e+00,2.3095706607e-02,2.5854536890e-01,4.1920690912e+00,2.9312319837e-01,9.9352673725e-01,3.5280074444e-01,3.5223741059e-01,1.2606558169e-02,5.5378964635e-01,2.9902170710e-01,410838,44,55,54,1.3262075921e-04,5.0155630498e-01,4.8235573973e-01,2.7155648842e-02,-3.5786390162e+00,-2.8080350201e+03,-3.0531414470e-03,-2.8080380733e+03,-1.7512193172e-05,447024,48,48,48,-1.0576645914e-04,1.0000000000e+00,5.4556144161e-01,6.6344532991e-02,-2.6442461303e+00,-1.4608783823e+00,-4.5183127655e-02,-1.5060615100e+00,3.7967335958e-05,2.7006642682e-02,6.6382500327e-02,6.1419172857e-06,3.2388208692e-04,0,0,0,2.3958248488e-04,3.1921888688e+00,3.1924284512e+00,9.3176175816e-08,2.8572417675e-05,2.8665593851e-05,4.7495061735e-04,2.3958248488e+00
261,2.6100000000e-02,1.0000000000e-04,-9.3624346800e-02,1.3499546610e-01,1.5062084571e+00,2.6475570684e-01,-2.1476060514e-01,2.1476060514e-01,1.4611284674e+00,3.4053360496e-01,1.2113625834e-01,1.2123115037e-01,1.9245008953e-01,1.2988307036e-01,0.0000000000e+00,0.0000000000e+00,0.0000000000e+00,0.0000000000e+00,2.2430753652e-05,3.2342549217e-05,3.6086116491e-04,6.3430830131e-05,2.2430753652e-05,2.3294773832e-05,1.0520742703e-04,2.6522988724e-05,-1.0886866345e+01,1.0886874680e+01,2.8101099099e+03,1.4458041365e+02,-1.0887890522e+01,1.0887890522e+01,2.8101313311e+03,1.4458425730e+02,1.0241767247e-03,2.9138883146e-03,3.7746714280e-01,2.7267763839e-02,0.0000000000e+00,0.0000000000e+00,0.0000000000e+00,0.0000000000e+00,5.1707238917e-07,5.1707278501e-07,1.3346634365e-04,6.8668556719e-06,5.2813923227e-07,5.3804800036e-07,1.3260171472e-04,6.8606908332e-06,1.0000000000e+00,4.1921888688e+00,2.0679115636e+00,4.1921888688e+00,1.0000000000e+00,1.0000285724e+00,1.0000095586e+00,1.0000285724e+00,1.8656845914e+03,1.9232609547e+03,1.9613768106e+00,nan,3.6985510393e-01,3.8126909745e-01,3.8882522131e-04,nan,1.2603835914e+00,2.3097369574e-02,2.5866959808e-01,4.1920690912e+00,2.9154543980e-01,9.9352174559e-01,3.5613847632e-01,3.5516291247e-01,1.1784764885e-02,5.5381438005e-01,2.9896710216e-01,410743,44,54,55,1.3260171472e-04,5.0168892574e-01,4.8231712951e-01,2.7138136649e-02,-3.5793021072e+00,-2.8075747085e+03,-3.3133096433e-03,-2.8075780218e+03,-1.7915168363e-05,447024,48,48,48,-1.0520742703e-04,1.0000000000e+00,5.4545567515e-01,6.6382500327e-02,-2.6436333526e+00,-1.4611284674e+00,-4.5079989741e-02,-1.5062084571e+00,3.5770449601e-05,2.6993143271e-02,6.6418270776e-02,6.1429591047e-06,3.2424721112e-04,0,0,0,2.3958248488e-04,3.1921888688e+00,3.1924284512e+00,9.3176175816e-08,2.8572417675e-05,2.8665593851e-05,4.7495061735e-04,2.3958248488e+00
262,2.6200000000e-02,1.0000000000e-04,-9.3620253579e-02,1.3499193448e-01,1.5063469877e+00,2.6472116450e-01,-2.1477276863e-01,2.1477276863e-01,1.4613696029e+00,3.4050991506e-01,1.2115251505e-01,1.2124699265e-01,1.9245008823e-01,1.2989564383e-01,0.0000000000e+00,0.0000000000e+00,0.0000000000e+00,0.0000000000e+00,2.2429772988e-05,3.2341703101e-05,3.6089435441e-04,6.3422554392e-05,2.2429772988e-05,2.3290496239e-05,1.0465425640e-04,2.6507265937e-05,-1.0885701142e+01,1.0885709492e+01,2.8096983532e+03,1.4456290740e+02,-1.0886724972e+01,1.0886724972e+01,2.8097195165e+03,1.4456674743e+02,1.0238291840e-03,2.9140076540e-03,3.7747020954e-01,2.7267984973e-02,0.0000000000e+00,0.0000000000e+00,0.0000000000e+00,0.0000000000e+00,5.1701704779e-07,5.1701744436e-07,1.3344679674e-04,6.8660242113e-06,5.2810324789e-07,5.3799782246e-07,1.3258182740e-04,6.8598549907e-06,1.0000000000e+00,4.1921888688e+00,2.0679115636e+00,4.1921888688e+00,1.0000000000e+00,1.0000285724e+00,1.0000095586e+00,1.0000285724e+00,1.8652397994e+03,1.9226618037e+03,1.9613927591e+00,nan,3.6976692794e-01,3.8115032118e-01,3.8882838296e-04,nan,1.2668555676e+00,2.3099457261e-02,2.5879149540e-01,4.1920690912e+00,2.8998585077e-01,9.9351824574e-01,3.5861281195e-01,3.5745524630e-01,1.0918023138e-02,5.5383825647e-01,2.9891525570e-01,483305,52,42,41,1.3258182740e-04,5.0182152745e-01,4.8227865609e-01,2.7120221481e-02,-3.5799808873e+00,-2.8070921667e+03,-3.5734390808e-03,-2.8070957401e+03,-1.8260074426e-05,447024,48,48,48,-1.0465425640e-04,1.0000000000e+00,5.4535046772e-01,6.6418270776e-02,-2.6430563296e+00,-1.4613696029e+00,-4.4977384860e-02,-1.5063469877e+00,3.3570115844e-05,2.6979504777e-02,6.6451840892e-02,6.1268103261e-06,3.2462704632e-04,0,0,0,2.3958248488e-04,3.1921888688e+00,3.1924284512e+00,9.3176175816e-08,2.8572417675e-05,2.8665593851e-05,4.7495061735e-04,2.3958248488e+00
263,2.6300000000e-02,1.0000000000e-04,-9.3615781563e-02,1.3498800742e-01,1.5064771293e+00,2.6468545412e-01,-2.1478455202e-01,2.1478455202e-01,1.4616018218e+00,3.4048519422e-01,1.2116877046e-01,1.2126283549e-01,1.9245008910e-01,1.2990822225e-01,0.0000000000e+00,0.0000000000e+00,0.0000000000e+00,0.0000000000e+00,2.2428701571e-05,3.2340762247e-05,3.6092553406e-04,6.3413998812e-05,2.2428701571e-05,2.3286190405e-05,1.0410696034e-04,2.6491594971e-05,-1.0884459893e+01,1.0884468258e+01,2.8092674167e+03,1.4454440446e+02,-1.0885483375e+01,1.0885483375e+01,2.8092883221e+03,1.4454824090e+02,1.0234817266e-03,2.9141266974e-03,3.7747321901e-01,2.7268206271e-02,0.0000000000e+00,0.0000000000e+00,0.0000000000e+00,0.0000000000e+00,5.1695809456e-07,5.1695849187e-07,1.3342632939e-04,6.8651454134e-06,5.2805535983e-07,5.3794373694e-07,1.3256097785e-04,6.8589718807e-06,1.0000000000e+00,4.1921888688e+00,2.0679115636e+00,4.1921888688e+00,1.0000000000e+00,1.0000285724e+00,1.0000095586e+00,1.0000285724e+00,1.8647926092e+03,1.9220613167e+03,1.9614083878e+00,nan,3.6967827653e-01,3.8103128006e-01,3.8883148121e-04,nan,1.2733152271e+00,2.3101405923e-02,2.5891124669e-01,4.1920690912e+00,2.8844443110e-01,9.9351438698e-01,3.6040231969e-01,3.5922833296e-01,1.0013431501e-02,5.5386148064e-01,2.9886335977e-01,392105,42,52,41,1.3256097785e-04,5.0195410928e-01,4.8224031694e-01,2.7101961406e-02,-3.5806731841e+00,-2.8065901140e+03,-3.8335279970e-03,-2.8065939476e+03,-1.8546523149e-05,447024,48,48,48,-1.0410696034e-04,1.0000000000e+00,5.4524581347e-01,6.6451840892e-02,-2.6425150633e+00,-1.4616018218e+00,-4.4875307512e-02,-1.5064771293e+00,3.1378287379e-05,2.6965749314e-02,6.6483219180e-02,6.0939443193e-06,3.2502338931e-04,0,0,0,2.3958248488e-04,3.1921888688e+00,3.1924284512e+00,9.3176175816e-08,2.8572417675e-05,2.8665593851e-05,4.7495061735e-04,2.3958248488e+00
264,2.6400000000e-02,1.0000000000e-04,-9.3610976636e-02,1.3498373074e-01,1.5065989500e+00,2.6464873030e-01,-2.1479600127e-01,2.1479600127e-01,1.4618251978e+00,3.4045957817e-01,1.2118502463e-01,1.2127867890e-01,1.9245008756e-01,1.2992080564e-01,0.0000000000e+00,0.0000000000e+00,0.0000000000e+00,0.0000000000e+00,2.2427550395e-05,3.2339737630e-05,3.6095472015e-04,6.3405200426e-05,2.2427550395e-05,2.3281861554e-05,1.0356553918e-04,2.6475982006e-05,-1.0883152963e+01,1.0883161343e+01,2.8088198314e+03,1.4452504466e+02,-1.0884176097e+01,1.0884176097e+01,2.8088404789e+03,1.4452887753e+02,1.0231343227e-03,2.9142454120e-03,3.7747617118e-01,2.7268427729e-02,0.0000000000e+00,0.0000000000e+00,0.0000000000e+00,0.0000000000e+00,5.1689602184e-07,5.1689641987e-07,1.3340507129e-04,6.8642259185e-06,5.2801050862e-07,5.3787728435e-07,1.3253925437e-04,6.8580474082e-06,1.0000000000e+00,4.1921888688e+00,2.0679115636e+00,4.1921888688e+00,1.0000000000e+00,1.0000285724e+00,1.0000095586e+00,1.0000285724e+00,1.8643447425e+03,1.9214612549e+03,1.9614237436e+00,nan,3.6958949100e-01,3.8091232323e-01,3.8883452534e-04,nan,1.2797621238e+00,2.3102846957e-02,2.5902901002e-01,4.1920690912e+00,2.8692113830e-01,9.9350986502e-01,3.6165952872e-01,3.6057239281e-01,9.0782451634e-03,5.5388454269e-01,2.9880791474e-01,382890,41,52,42,1.3253925437e-04,5.0208667026e-01,4.8220210976e-01,2.7083414883e-02,-3.5813768053e+00,-2.8060712969e+03,-4.0935743952e-03,-2.8060753905e+03,-1.8774555239e-05,447024,48,48,48,-1.0356553918e-04,1.0000000000e+00,5.4514170651e-01,6.6483219180e-02,-2.6420093664e+00,-1.4618251978e+00,-4.4773752185e-02,-1.5065989500e+00,2.9206628937e-05,2.6951898913e-02,6.6512425809e-02,6.0449224542e-06,3.2543152134e-04,0,0,0,2.3958248488e-04,3.1921888688e+00,3.1924284512e+00,9.3176175816e-08,2.8572417675e-05,2.8665593851e-05,4.7495061735e-04,2.3958248488e+00
265,2.6500000000e-02,1.0000000000e-04,-9.3605884862e-02,1.3497915805e-01,1.5067125569e+00,2.6461114838e-01,-2.1480716249e-01,2.1480716249e-01,1.4620398436e+00,3.4043320317e-01,1.2120127763e-01,1.2129452294e-01,1.9245008374e-01,1.2993339402e-01,0.0000000000e+00,0.0000000000e+00,0.0000000000e+00,0.0000000000e+00,2.2426330495e-05,3.2338642093e-05,3.6098193840e-04,6.3396196457e-05,2.2426330495e-05,2.3277514879e-05,1.0302998057e-04,2.6460433128e-05,-1.0881790776e+01,1.0881799172e+01,2.8083583353e+03,1.4450496840e+02,-1.0882813563e+01,1.0882813563e+01,2.8083787250e+03,1.4450879772e+02,1.0227869988e-03,2.9143638219e-03,3.7747906601e-01,2.7268649350e-02,0.0000000000e+00,0.0000000000e+00,0.0000000000e+00,0.0000000000e+00,5.1683132471e-07,5.1683172347e-07,1.3338315251e-04,6.8632723951e-06,5.2797033129e-07,5.3780792325e-07,1.3251649117e-04,6.8570884149e-06,1.0000000000e+00,4.1921888688e+00,2.0679115636e+00,4.1921888688e+00,1.0000000000e+00,1.0000285724e+00,1.0000095586e+00,1.0000285724e+00,1.8638978765e+03,1.9208633317e+03,1.9614388244e+00,nan,3.6950090385e-01,3.8079379037e-01,3.8883751498e-04,nan,1.2861934986e+00,2.3104181269e-02,2.5914498004e-01,4.1920690912e+00,2.8541588819e-01,9.9350246772e-01,3.6242189512e-01,3.6151469647e-01,8.1183004095e-03,5.5390730498e-01,2.9875052133e-01,392105,42,52,41,1.3251649117e-04,5.0221920951e-01,4.8216403252e-01,2.7064640328e-02,-3.5820895550e+00,-2.8055384686e+03,-4.3535764522e-03,-2.8055428222e+03,-1.8944621933e-05,447024,48,48,48,-1.0302998057e-04,1.0000000000e+00,5.4503814097e-01,6.6512425809e-02,-2.6415388674e+00,-1.4620398436e+00,-4.4672713357e-02,-1.5067125569e+00,2.7066434057e-05,2.6937054994e-02,6.6539492243e-02,5.9803894431e-06,3.2584836152e-04,0,0,0,2.3958248488e-04,3.1921888688e+00,3.1924284512e+00,9.3176175816e-08,2.8572417675e-05,2.8665593851e-05,4.7495061735e-04,2.3958248488e+00
266,2.6600000000e-02,1.0000000000e-04,-9.3600552229e-02,1.3497433712e-01,1.5068180952e+00,2.6457286354e-01,-2.1481808173e-01,2.1481808173e-01,1.4622459097e+00,3.4040620520e-01,1.2121752950e-01,1.2131036762e-01,1.9245008965e-01,1.2994598737e-01,0.0000000000e+00,0.0000000000e+00,0.0000000000e+00,0.0000000000e+00,2.2425052889e-05,3.2337487083e-05,3.6100722351e-04,6.3387024079e-05,2.2425052889e-05,2.3273155524e-05,1.0250025959e-04,2.6444954303e-05,-1.0880383744e+01,1.0880392155e+01,2.8078856542e+03,1.4448431568e+02,-1.0881406184e+01,1.0881406184e+01,2.8079057861e+03,1.4448814147e+02,1.0224397856e-03,2.9144819558e-03,3.7748190345e-01,2.7268871137e-02,0.0000000000e+00,0.0000000000e+00,0.0000000000e+00,0.0000000000e+00,5.1676449762e-07,5.1676489712e-07,1.3336070249e-04,6.8622914930e-06,5.2791569184e-07,5.3776388885e-07,1.3249305809e-04,6.8561018312e-06,1.0000000000e+00,4.1921888688e+00,2.0679115636e+00,4.1921888688e+00,1.0000000000e+00,1.0000285724e+00,1.0000095586e+00,1.0000285724e+00,1.8634536333e+03,1.9202692020e+03,1.9614535080e+00,nan,3.6941283666e-01,3.8067600953e-01,3.8884042587e-04,nan,1.2926119273e+00,2.3106616904e-02,2.5925935635e-01,4.1920690912e+00,2.8392855576e-01,9.9349400252e-01,3.6271341870e-01,3.6207642404e-01,7.1393296897e-03,5.5392986424e-01,2.9870263417e-01,410743,44,54,55,1.3249305809e-04,5.0235172600e-01,4.8212608346e-01,2.7045695706e-02,-3.5828092484e+00,-2.8049943707e+03,-4.6135320197e-03,-2.8049989842e+03,-1.9057565227e-05,447024,48,48,48,-1.0250025959e-04,1.0000000000e+00,5.4493511099e-01,6.6539492243e-02,-2.6411030168e+00,-1.4622459097e+00,-4.4572185518e-02,-1.5068180952e+00,2.4968545779e-05,2.6921991115e-02,6.6564460788e-02,5.9010632552e-06,3.2627224290e-04,0,0,0,2.3958248488e-04,3.1921888688e+00,3.1924284512e+00,9.3176175816e-08,2.8572417675e-05,2.8665593851e-05,4.7495061735e-04,2.3958248488e+00
267,2.6700000000e-02,1.0000000000e-04,-9.3595024408e-02,1.3496932048e-01,1.5069157455e+00,2.6453402980e-01,-2.1482880469e-01,2.1482880469e-01,1.4624435823e+00,3.4037871916e-01,1.2123378028e-01,1.2132621907e-01,1.9245008863e-01,1.2995858570e-01,0.0000000000e+00,0.0000000000e+00,0.0000000000e+00,0.0000000000e+00,2.2423728520e-05,3.2336285185e-05,3.6103061882e-04,6.3377720196e-05,2.2423728520e-05,2.3268788563e-05,1.0197633898e-04,2.6429551356e-05,-1.0878942191e+01,1.0878950618e+01,2.8074044834e+03,1.4446322518e+02,-1.0879964284e+01,1.0879964284e+01,2.8074243576e+03,1.4446704746e+02,1.0220926364e-03,2.9145997654e-03,3.7748468351e-01,2.7269093100e-02,0.0000000000e+00,0.0000000000e+00,0.0000000000e+00,0.0000000000e+00,5.1669603099e-07,5.1669643122e-07,1.3333784925e-04,6.8612897986e-06,5.2785632229e-07,5.3771232473e-07,1.3246949010e-04,6.8550950546e-06,1.0000000000e+00,4.1921888688e+00,2.0679115636e+00,4.1921888688e+00,1.0000000000e+00,1.0000285724e+00,1.0000095586e+00,1.0000285724e+00,1.8630135704e+03,1.9196804523e+03,1.9614679640e+00,nan,3.6932559817e-01,3.8055929521e-01,3.8884329163e-04,nan,1.2990218264e+00,2.3108737409e-02,2.5937235795e-01,4.1920690912e+00,2.8245897622e-01,9.9348752694e-01,3.6272381794e-01,3.6235556897e-01,6.1476292695e-03,5.5395226111e-01,2.9865241300e-01,484457,52,54,41,1.3246949010e-04,5.0248421906e-01,4.8208826107e-01,2.7026638141e-02,-3.5835337270e+00,-2.8044417140e+03,-4.8734396749e-03,-2.8044465875e+03,-1.9114594622e-05,447024,48,48,48,-1.0197633898e-04,1.0000000000e+00,5.4483261073e-01,6.6564460788e-02,-2.6407010945e+00,-1.4624435823e+00,-4.4472163176e-02,-1.5069157455e+00,2.2923281065e-05,2.6906897035e-02,6.6587384070e-02,5.8077351640e-06,3.2670150385e-04,0,0,0,2.3958248488e-04,3.1921888688e+00,3.1924284512e+00,9.3176175816e-08,2.8572417675e-05,2.8665593851e-05,4.7495061735e-04,2.3958248488e+00
268,2.6800000000e-02,1.0000000000e-04,-9.3589346514e-02,1.3496416035e-01,1.5070057228e+00,2.6449479920e-01,-2.1483937653e-01,2.1483937653e-01,1.4626330820e+00,3.4035087812e-01,1.2125003001e-01,1.2134207715e-01,1.9245007955e-01,1.2997118900e-01,0.0000000000e+00,0.0000000000e+00,0.0000000000e+00,0.0000000000e+00,2.2422368196e-05,3.2335048907e-05,3.6105217581e-04,6.3368321230e-05,2.2422368196e-05,2.3264418984e-05,1.0145816942e-04,2.6414229954e-05,-1.0877476292e+01,1.0877484734e+01,2.8069174707e+03,1.4444183340e+02,-1.0878498038e+01,1.0878498038e+01,2.8069370872e+03,1.4444565218e+02,1.0217455401e-03,2.9147172385e-03,3.7748740614e-01,2.7269315236e-02,0.0000000000e+00,0.0000000000e+00,0.0000000000e+00,0.0000000000e+00,5.1662640802e-07,5.1662680897e-07,1.3331471856e-04,6.8602737945e-06,5.2780438187e-07,5.3764336333e-07,1.3244580200e-04,6.8540738334e-06,1.0000000000e+00,4.1921888688e+00,2.0679115636e+00,4.1921888688e+00,1.0000000000e+00,1.0000285724e+00,1.0000095586e+00,1.0000285724e+00,1.8625791716e+03,1.9190985913e+03,1.9614822038e+00,nan,3.6923948252e-01,3.8044394653e-01,3.8884611455e-04,nan,1.3054227448e+00,2.3110113504e-02,2.5948414340e-01,4.1920690912e+00,2.8100694641e-01,9.9348221587e-01,3.6229412168e-01,3.6226213579e-01,5.1484943733e-03,5.5397412166e-01,2.9859743259e-01,409482,44,41,42,1.3244580200e-04,5.0261668855e-01,4.8205056409e-01,2.7007523546e-02,-3.5842608728e+00,-2.8038831616e+03,-5.1332990448e-03,-2.8038882949e+03,-1.9117261061e-05,447024,48,48,48,-1.0145816942e-04,1.0000000000e+00,5.4473063439e-01,6.6587384070e-02,-2.6403322183e+00,-1.4626330820e+00,-4.4372640871e-02,-1.5070057228e+00,2.0940368434e-05,2.6891800894e-02,6.6608324438e-02,5.7012570928e-06,3.2713430950e-04,0,0,0,2.3958248488e-04,3.1921888688e+00,3.1924284512e+00,9.3176175816e-08,2.8572417675e-05,2.8665593851e-05,4.7495061735e-04,2.3958248488e+00
269,2.6900000000e-02,1.0000000000e-04,-9.3583562883e-02,1.3495892346e-01,1.5070882738e+00,2.6445532088e-01,-2.1484984159e-01,2.1484984159e-01,1.4628146606e+00,3.4032281261e-01,1.2126627870e-01,1.2135793584e-01,1.9245006129e-01,1.2998379724e-01,0.0000000000e+00,0.0000000000e+00,0.0000000000e+00,0.0000000000e+00,2.2420982540e-05,3.2333794239e-05,3.6107195358e-04,6.3358862917e-05,2.2420982540e-05,2.3260051671e-05,1.0094568992e-04,2.6398995589e-05,-1.0875996006e+01,1.0876004463e+01,2.8064271998e+03,1.4442027376e+02,-1.0877017404e+01,1.0877017404e+01,2.8064465585e+03,1.4442408906e+02,1.0213985312e-03,2.9148344086e-03,3.7749007129e-01,2.7269537541e-02,0.0000000000e+00,0.0000000000e+00,0.0000000000e+00,0.0000000000e+00,5.1655610173e-07,5.1655650340e-07,1.3329143311e-04,6.8592498179e-06,5.2775922358e-07,5.3757135508e-07,1.3242197513e-04,6.8530446371e-06,1.0000000000e+00,4.1921888688e+00,2.0679115636e+00,4.1921888688e+00,1.0000000000e+00,1.0000285724e+00,1.0000095586e+00,1.0000285724e+00,1.8621518384e+03,1.9185250422e+03,1.9614962383e+00,nan,3.6915476759e-01,3.8033024560e-01,3.8884889677e-04,nan,1.3118140580e+00,2.3111356875e-02,2.5959490064e-01,4.1920690912e+00,2.7957222631e-01,9.9347701531e-01,3.6145560959e-01,3.6181048822e-01,4.1487074645e-03,5.5399626538e-01,2.9854260323e-01,484457,52,54,41,1.3242197513e-04,5.0274913435e-01,4.8201299152e-01,2.6988406285e-02,-3.5849886206e+00,-2.8033213119e+03,-5.3931097855e-03,-2.8033267050e+03,-1.9067430796e-05,447024,48,48,48,-1.0094568992e-04,1.0000000000e+00,5.4462917622e-01,6.6608324438e-02,-2.6399953538e+00,-1.4628146606e+00,-4.4273613186e-02,-1.5070882738e+00,1.9028887841e-05,2.6876729952e-02,6.6627353326e-02,5.5825379154e-06,3.2756939424e-04,0,0,0,2.3958248488e-04,3.1921888688e+00,3.1924284512e+00,9.3176175816e-08,2.8572417675e-05,2.8665593851e-05,4.7495061735e-04,2.3958248488e+00
270,2.7000000000e-02,1.0000000000e-04,-9.3577716855e-02,1.3495364606e-01,1.5071636748e+00,2.6441574032e-01,-2.1486024323e-01,2.1486024323e-01,1.4629886001e+00,3.4029464990e-01,1.2128252637e-01,1.2137379515e-01,1.9245003389e-01,1.2999641040e-01,0.0000000000e+00,0.0000000000e+00,0.0000000000e+00,0.0000000000e+00,2.2419581934e-05,3.2332529866e-05,3.6109001834e-04,6.3349380108e-05,2.2419581934e-05,2.3255691385e-05,1.0043882824e-04,2.6383853559e-05,-1.0874511017e+01,1.0874519489e+01,2.8059361747e+03,1.4439867581e+02,-1.0875532068e+01,1.0875532068e+01,2.8059552758e+03,1.4440248765e+02,1.0210516394e-03,2.9149513053e-03,3.7749267890e-01,2.7269760020e-02,0.0000000000e+00,0.0000000000e+00,0.0000000000e+00,0.0000000000e+00,5.1648557207e-07,5.1648597446e-07,1.3326811184e-04,6.8582240219e-06,5.2771886046e-07,5.3750079535e-07,1.3239812919e-04,6.8520133834e-06,1.0000000000e+00,4.1921888688e+00,2.0679115636e+00,4.1921888688e+00,1.0000000000e+00,1.0000285724e+00,1.0000095586e+00,1.0000285724e+00,1.8617328838e+03,1.9179611349e+03,1.9615100672e+00,nan,3.6907171362e-01,3.8021845609e-01,3.8885163821e-04,nan,1.3181966726e+00,2.3112656014e-02,2.5970479893e-01,4.1920690912e+00,2.7815454080e-01,9.9347193682e-01,3.6028105706e-01,3.6103186782e-01,3.1533650452e-03,5.5401854209e-01,2.9848884495e-01,502697,54,52,41,1.3239812919e-04,5.0288155633e-01,4.8197554259e-01,2.6969338854e-02,-3.5857149709e+00,-2.8027586837e+03,-5.6528715165e-03,-2.8027643366e+03,-1.8967257930e-05,447024,48,48,48,-1.0043882824e-04,1.0000000000e+00,5.4452823053e-01,6.6627353326e-02,-2.6396893242e+00,-1.4629886001e+00,-4.4175074762e-02,-1.5071636748e+00,1.7197217137e-05,2.6861710470e-02,6.6644550543e-02,5.4525363737e-06,3.2800455838e-04,0,0,0,2.3958248488e-04,3.1921888688e+00,3.1924284512e+00,9.3176175816e-08,2.8572417675e-05,2.8665593851e-05,4.7495061735e-04,2.3958248488e+00
271,2.7100000000e-02,1.0000000000e-04,-9.3571850571e-02,1.3494837688e-01,1.5072322294e+00,2.6437619856e-01,-2.1487062359e-01,2.1487062359e-01,1.4631552091e+00,3.4026651338e-01,1.2129877302e-01,1.2138965505e-01,1.9245003018e-01,1.3000902846e-01,0.0000000000e+00,0.0000000000e+00,0.0000000000e+00,0.0000000000e+00,2.2418176475e-05,3.2331267464e-05,3.6110644282e-04,6.3339906596e-05,2.2418176475e-05,2.3251342751e-05,9.9937501405e-05,2.6368808951e-05,-1.0873030679e+01,1.0873039166e+01,2.8054468064e+03,1.4437716450e+02,-1.0874051384e+01,1.0874051384e+01,2.8054656498e+03,1.4438097289e+02,1.0207048844e-03,2.9150679481e-03,3.7749522896e-01,2.7269982674e-02,0.0000000000e+00,0.0000000000e+00,0.0000000000e+00,0.0000000000e+00,5.1641526333e-07,5.1641566645e-07,1.3324486926e-04,6.8572023409e-06,5.2767114069e-07,5.3743466001e-07,1.3237422994e-04,6.8509864586e-06,1.0000000000e+00,4.1921888688e+00,2.0679115636e+00,4.1921888688e+00,1.0000000000e+00,1.0000285724e+00,1.0000095586e+00,1.0000285724e+00,1.8613235251e+03,1.9174081002e+03,1.9615233554e+00,nan,3.6899056196e-01,3.8010882195e-01,3.8885427249e-04,nan,1.3245701371e+00,2.3114134343e-02,2.5981402768e-01,4.1920690912e+00,2.7675358164e-01,9.9346586981e-01,3.5867348102e-01,3.5986509684e-01,2.1669162350e-03,5.5404029041e-01,2.9843476788e-01,410838,44,55,54,1.3237422994e-04,5.0301395446e-01,4.8193821680e-01,2.6950371596e-02,-3.5864380008e+00,-2.8021977017e+03,-5.9125840923e-03,-2.8022036143e+03,-1.8819155315e-05,447024,48,48,48,-9.9937501405e-05,1.0000000000e+00,5.4442779170e-01,6.6644550543e-02,-2.6394128221e+00,-1.4631552091e+00,-4.4077020305e-02,-1.5072322294e+00,1.5452988400e-05,2.6846767589e-02,6.6660003531e-02,5.3122519030e-06,3.2843894192e-04,0,0,0,2.3958248488e-04,3.1921888688e+00,3.1924284512e+00,9.3176175816e-08,2.8572417675e-05,2.8665593851e-05,4.7495061735e-04,2.3958248488e+00
272,2.7200000000e-02,1.0000000000e-04,-9.3566004784e-02,1.3494317537e-01,1.5072942658e+00,2.6433683150e-01,-2.1488102341e-01,2.1488102341e-01,1.4633148212e+00,3.4023852192e-01,1.2131501863e-01,1.2140551553e-01,1.9245005948e-01,1.3002165136e-01,0.0000000000e+00,0.0000000000e+00,0.0000000000e+00,0.0000000000e+00,2.2416775927e-05,3.2330021273e-05,3.6112130566e-04,6.3330474936e-05,2.2416775927e-05,2.3247010242e-05,9.9441616264e-05,2.6353866634e-05,-1.0871563966e+01,1.0871572468e+01,2.8049613993e+03,1.4435585951e+02,-1.0872584324e+01,1.0872584324e+01,2.8049799852e+03,1.4435966447e+02,1.0203582363e-03,2.9151843083e-03,3.7749772141e-01,2.7270205503e-02,0.0000000000e+00,0.0000000000e+00,0.0000000000e+00,0.0000000000e+00,5.1634560171e-07,5.1634600555e-07,1.3322181483e-04,6.8561904593e-06,5.2762178586e-07,5.3736854785e-07,1.3235060068e-04,6.8499694383e-06,1.0000000000e+00,4.1921888688e+00,2.0679115636e+00,4.1921888688e+00,1.0000000000e+00,1.0000285724e+00,1.0000095586e+00,1.0000285724e+00,1.8609248791e+03,1.9168670641e+03,1.9615360080e+00,nan,3.6891153399e-01,3.8000156643e-01,3.8885678074e-04,nan,1.3309377467e+00,2.3115598189e-02,2.5992274809e-01,4.1920690912e+00,2.7536900954e-01,9.9346042425e-01,3.5659965682e-01,3.5827944236e-01,1.1947752208e-03,5.5406165884e-01,2.9838039143e-01,391337,42,44,41,1.3235060068e-04,5.0314632869e-01,4.8190101386e-01,2.6931552441e-02,-3.5871558742e+00,-2.8016406835e+03,-6.1722473004e-03,-2.8016468558e+03,-1.8625766040e-05,447024,48,48,48,-9.9441616264e-05,1.0000000000e+00,5.4432785420e-01,6.6660003531e-02,-2.6391644207e+00,-1.4633148212e+00,-4.3979444597e-02,-1.5072942658e+00,1.3803051856e-05,2.6831925228e-02,6.6673806583e-02,5.1627192614e-06,3.2887260396e-04,0,0,0,2.3958248488e-04,3.1921888688e+00,3.1924284512e+00,9.3176175816e-08,2.8572417675e-05,2.8665593851e-05,4.7495061735e-04,2.3958248488e+00
273,2.7300000000e-02,1.0000000000e-04,-9.3560218682e-02,1.3493806970e-01,1.5073501343e+00,2.6429776922e-01,-2.1489148188e-01,2.1489148188e-01,1.4634677918e+00,3.4021078937e-01,1.2133126320e-01,1.2142137655e-01,1.9245007895e-01,1.3003427907e-01,0.0000000000e+00,0.0000000000e+00,0.0000000000e+00,0.0000000000e+00,2.2415389678e-05,3.2328798045e-05,3.6113469076e-04,6.3321116299e-05,2.2415389678e-05,2.3242698162e-05,9.8951070121e-05,2.6339031238e-05,-1.0870119424e+01,1.0870127942e+01,2.8044821401e+03,1.4433487466e+02,-1.0871139436e+01,1.0871139436e+01,2.8045004684e+03,1.4433867619e+02,1.0200116853e-03,2.9153003774e-03,3.7750015621e-01,2.7270428509e-02,0.0000000000e+00,0.0000000000e+00,0.0000000000e+00,0.0000000000e+00,5.1627699311e-07,5.1627739767e-07,1.3319905238e-04,6.8551937823e-06,5.2756603545e-07,5.3731446620e-07,1.3232745985e-04,6.8489677919e-06,1.0000000000e+00,4.1921888688e+00,2.0679115636e+00,4.1921888688e+00,1.0000000000e+00,1.0000285724e+00,1.0000095586e+00,1.0000285724e+00,1.8605379575e+03,1.9163390435e+03,1.9615484611e+00,nan,3.6883483029e-01,3.7989689114e-01,3.8885924947e-04,nan,1.3373019583e+00,2.3117559865e-02,2.6003111998e-01,4.1920690912e+00,2.7400045648e-01,9.9345646602e-01,3.5415994404e-01,3.5630788373e-01,2.4179400020e-04,5.5408274694e-01,2.9832736455e-01,410838,44,55,54,1.3232745985e-04,5.0327867929e-01,4.8186393368e-01,2.6912926675e-02,-3.5878668510e+00,-2.8010898282e+03,-6.4318615626e-03,-2.8010962601e+03,-1.8389933219e-05,447024,48,48,48,-9.8951070121e-05,1.0000000000e+00,5.4422841258e-01,6.6673806583e-02,-2.6389425867e+00,-1.4634677918e+00,-4.3882342508e-02,-1.5073501343e+00,1.2253447247e-05,2.6817205985e-02,6.6686060030e-02,5.0050002235e-06,3.2930528384e-04,0,0,0,2.3958248488e-04,3.1921888688e+00,3.1924284512e+00,9.3176175816e-08,2.8572417675e-05,2.8665593851e-05,4.7495061735e-04,2.3958248488e+00
274,2.7400000000e-02,1.0000000000e-04,-9.3554529724e-02,1.3493310599e-01,1.5074002044e+00,2.6425913544e-01,-2.1490203642e-01,2.1490203642e-01,1.4636144954e+00,3.4018342403e-01,1.2134750670e-01,1.2143723807e-01,1.9245008859e-01,1.3004691155e-01,0.0000000000e+00,0.0000000000e+00,0.0000000000e+00,0.0000000000e+00,2.2414026703e-05,3.2327608826e-05,3.6114668669e-04,6.3311860322e-05,2.2414026703e-05,2.3238410691e-05,9.8465751394e-05,2.6324307149e-05,-1.0868705131e+01,1.0868713664e+01,2.8040110868e+03,1.4431431729e+02,-1.0869724796e+01,1.0869724796e+01,2.8040291576e+03,1.4431811541e+02,1.0196652011e-03,2.9154161268e-03,3.7750253333e-01,2.7270651692e-02,0.0000000000e+00,0.0000000000e+00,0.0000000000e+00,0.0000000000e+00,5.1620982116e-07,5.1621022643e-07,1.3317667968e-04,6.8542174091e-06,5.2750869682e-07,5.3726358040e-07,1.3230480954e-04,6.8479865947e-06,1.0000000000e+00,4.1921888688e+00,2.0679115636e+00,4.1921888688e+00,1.0000000000e+00,1.0000285724e+00,1.0000095586e+00,1.0000285724e+00,1.8601636636e+03,1.9158249432e+03,1.9615607148e+00,nan,3.6876062991e-01,3.7979497540e-01,3.8886167864e-04,nan,1.3436632297e+00,2.3119635311e-02,2.6013929089e-01,4.1920690912e+00,2.7264752806e-01,9.9345328220e-01,3.5122629576e-01,3.5386336627e-01,-6.8737725201e-04,5.5410363093e-01,2.9827522729e-01,392105,42,52,41,1.3230480954e-04,5.0341100675e-01,4.8182697641e-01,2.6894536742e-02,-3.5885692952e+00,-2.8005472054e+03,-6.6914277292e-03,-2.8005538969e+03,-1.8114670504e-05,447024,48,48,48,-9.8465751394e-05,1.0000000000e+00,5.4412946151e-01,6.6686060030e-02,-2.6387456926e+00,-1.4636144954e+00,-4.3785709006e-02,-1.5074002044e+00,1.0809383246e-05,2.6802631051e-02,6.6696869414e-02,4.8401743551e-06,3.2973666081e-04,0,0,0,2.3958248488e-04,3.1921888688e+00,3.1924284512e+00,9.3176175816e-08,2.8572417675e-05,2.8665593851e-05,4.7495061735e-04,2.3958248488e+00
275,2.7500000000e-02,1.0000000000e-04,-9.3548973496e-02,1.3492832399e-01,1.5074448625e+00,2.6422104694e-01,-2.1491272260e-01,2.1491272260e-01,1.4637553233e+00,3.4015652817e-01,1.2136374910e-01,1.2145310005e-01,1.9245008841e-01,1.3005954873e-01,0.0000000000e+00,0.0000000000e+00,0.0000000000e+00,0.0000000000e+00,2.2412695528e-05,3.2326463142e-05,3.6115738597e-04,6.3302734983e-05,2.2412695528e-05,2.3234151879e-05,9.7985540341e-05,2.6309698494e-05,-1.0867328658e+01,1.0867337206e+01,2.8035501605e+03,1.4429428789e+02,-1.0868347977e+01,1.0868347977e+01,2.8035679737e+03,1.4429808260e+02,1.0193187708e-03,2.9155315452e-03,3.7750485274e-01,2.7270875053e-02,0.0000000000e+00,0.0000000000e+00,0.0000000000e+00,0.0000000000e+00,5.1614444550e-07,5.1614485149e-07,1.3315478795e-04,6.8532661113e-06,5.2745108445e-07,5.3721287830e-07,1.3228263621e-04,6.8470305703e-06,1.0000000000e+00,4.1921888688e+00,2.0679115636e+00,4.1921888688e+00,1.0000000000e+00,1.0000285724e+00,1.0000095586e+00,1.0000285724e+00,1.8598027897e+03,1.9153255528e+03,1.9615727686e+00,nan,3.6868908992e-01,3.7969597576e-01,3.8886406820e-04,nan,1.3500220109e+00,2.3121690910e-02,2.6024739781e-01,4.1920690912e+00,2.7130980605e-01,9.9345009106e-01,3.4773736401e-01,3.5088661247e-01,-1.5884575503e-03,5.5412427007e-01,2.9822277970e-01,483305,52,42,41,1.3228263621e-04,5.0354331156e-01,4.8179014238e-01,2.6876422071e-02,-3.5892616819e+00,-2.8000147468e+03,-6.9509466547e-03,-2.8000216977e+03,-1.7803133203e-05,447024,48,48,48,-9.7985540341e-05,1.0000000000e+00,5.4403099576e-01,6.6696869414e-02,-2.6385720304e+00,-1.4637553233e+00,-4.3689539162e-02,-1.5074448625e+00,9.4752246824e-06,2.6788220134e-02,6.6706344638e-02,4.6693360758e-06,3.3016650433e-04,0,0,0,2.3958248488e-04,3.1921888688e+00,3.1924284512e+00,9.3176175816e-08,2.8572417675e-05,2.8665593851e-05,4.7495061735e-04,2.3958248488e+00
276,2.7600000000e-02,1.0000000000e-04,-9.3543583575e-02,1.3492375506e-01,1.5074845084e+00,2.6418361308e-01,-2.1492357394e-01,2.1492357394e-01,1.4638906802e+00,3.4013019766e-01,1.2137999036e-01,1.2146896244e-01,1.9245008967e-01,1.3007219056e-01,0.0000000000e+00,0.0000000000e+00,0.0000000000e+00,0.0000000000e+00,2.2411404198e-05,3.2325368507e-05,3.6116688444e-04,6.3293766488e-05,2.2411404198e-05,2.3229925259e-05,9.7510309803e-05,2.6295209136e-05,-1.0865997042e+01,1.0866005605e+01,2.8031011369e+03,1.4427487958e+02,-1.0867016014e+01,1.0867016014e+01,2.8031186927e+03,1.4427867089e+02,1.0189723844e-03,2.9156466248e-03,3.7750711442e-01,2.7271098593e-02,0.0000000000e+00,0.0000000000e+00,0.0000000000e+00,0.0000000000e+00,5.1608120030e-07,5.1608160701e-07,1.3313346155e-04,6.8523443126e-06,5.2739216841e-07,5.3716827555e-07,1.3226099124e-04,6.8461041114e-06,1.0000000000e+00,4.1921888688e+00,2.0679115636e+00,4.1921888688e+00,1.0000000000e+00,1.0000285724e+00,1.0000095586e+00,1.0000285724e+00,1.8594560152e+03,1.9148415456e+03,1.9615845079e+00,nan,3.6862034500e-01,3.7960002570e-01,3.8886639541e-04,nan,1.3563795614e+00,2.3123977781e-02,2.6035556805e-01,4.1920690912e+00,2.6998685096e-01,9.9344664896e-01,3.4365787669e-01,3.4732521551e-01,-2.4576195980e-03,5.5414465613e-01,2.9817054645e-01,484457,52,54,41,1.3226099124e-04,5.0367559420e-01,4.8175343212e-01,2.6858618938e-02,-3.5899426032e+00,-2.7994942378e+03,-7.2104191672e-03,-2.7995014483e+03,-1.7458589818e-05,447024,48,48,48,-9.7510309803e-05,1.0000000000e+00,5.4393301022e-01,6.6706344638e-02,-2.6384198241e+00,-1.4638906802e+00,-4.3593828160e-02,-1.5074845084e+00,8.2544875379e-06,2.6773991395e-02,6.6714599126e-02,4.4935819447e-06,3.3059449149e-04,0,0,0,2.3958248488e-04,3.1921888688e+00,3.1924284512e+00,9.3176175816e-08,2.8572417675e-05,2.8665593851e-05,4.7495061735e-04,2.3958248488e+00
277,2.7700000000e-02,1.0000000000e-04,-9.3538391417e-02,1.3491943922e-01,1.5075195532e+00,2.6414693545e-01,-2.1493462186e-01,2.1493462186e-01,1.4640209819e+00,3.4010452160e-01,1.2139623045e-01,1.2148482519e-01,1.9245008970e-01,1.3008483697e-01,0.0000000000e+00,0.0000000000e+00,0.0000000000e+00,0.0000000000e+00,2.2410160248e-05,3.2324334507e-05,3.6117528057e-04,6.3284979170e-05,2.2410160248e-05,2.3225734346e-05,9.7039925995e-05,2.6280842660e-05,-1.0864716754e+01,1.0864725332e+01,2.8026656405e+03,1.4425617785e+02,-1.0865735380e+01,1.0865735380e+01,2.8026829388e+03,1.4425996575e+02,1.0186260268e-03,2.9157613527e-03,3.7750931836e-01,2.7271322312e-02,0.0000000000e+00,0.0000000000e+00,0.0000000000e+00,0.0000000000e+00,5.1602039294e-07,5.1602080036e-07,1.3311277762e-04,6.8514560725e-06,5.2733482168e-07,5.3712508106e-07,1.3223992653e-04,6.8452112270e-06,1.0000000000e+00,4.1921888688e+00,2.0679115636e+00,4.1921888688e+00,1.0000000000e+00,1.0000285724e+00,1.0000095586e+00,1.0000285724e+00,1.8591239062e+03,1.9143734779e+03,1.9615959595e+00,nan,3.6855450741e-01,3.7950723552e-01,3.8886866560e-04,nan,1.3627372978e+00,2.3126290565e-02,2.6046391721e-01,4.1920690912e+00,2.6867820478e-01,9.9344277006e-01,3.3887892146e-01,3.4308217049e-01,-3.2911492308e-03,5.5416484902e-01,2.9811816821e-01,410743,44,54,55,1.3223992653e-04,5.0380785519e-01,4.8171684630e-01,2.6841160348e-02,-3.5906107730e+00,-2.7989873119e+03,-7.4698461954e-03,-2.7989947818e+03,-1.7084394225e-05,447024,48,48,48,-9.7039925995e-05,1.0000000000e+00,5.4383549991e-01,6.6714599126e-02,-2.6382872435e+00,-1.4640209819e+00,-4.3498571308e-02,-1.5075195532e+00,7.1498407268e-06,2.6759961391e-02,6.6721748967e-02,4.3140076308e-06,3.3102036680e-04,0,0,0,2.3958248488e-04,3.1921888688e+00,3.1924284512e+00,9.3176175816e-08,2.8572417675e-05,2.8665593851e-05,4.7495061735e-04,2.3958248488e+00
278,2.7800000000e-02,1.0000000000e-04,-9.3533426252e-02,1.3491540564e-01,1.5075504161e+00,2.6411110745e-01,-2.1494589555e-01,2.1494589555e-01,1.4641466521e+00,3.4007958205e-01,1.2141246930e-01,1.2150069402e-01,1.9245008973e-01,1.3009748791e-01,0.0000000000e+00,0.0000000000e+00,0.0000000000e+00,0.0000000000e+00,2.2408970681e-05,3.2323368133e-05,3.6118267479e-04,6.3276395407e-05,2.2408970681e-05,2.3221582426e-05,9.6574249308e-05,2.6266602374e-05,-1.0863493680e+01,1.0863502274e+01,2.8022451393e+03,1.4423826021e+02,-1.0864511960e+01,1.0864511960e+01,2.8022621803e+03,1.4424204472e+02,1.0182796925e-03,2.9158757261e-03,3.7751146454e-01,2.7271546213e-02,0.0000000000e+00,0.0000000000e+00,0.0000000000e+00,0.0000000000e+00,5.1596230301e-07,5.1596271115e-07,1.3309280589e-04,6.8506050731e-06,5.2728477872e-07,5.3708042257e-07,1.3221947370e-04,6.8443555819e-06,1.0000000000e+00,4.1921888688e+00,2.0679115636e+00,4.1921888688e+00,1.0000000000e+00,1.0000285724e+00,1.0000095586e+00,1.0000285724e+00,1.8588069157e+03,1.9139217893e+03,1.9616071111e+00,nan,3.6849166690e-01,3.7941769234e-01,3.8887087629e-04,nan,1.3690965723e+00,2.3128502301e-02,2.6057255082e-01,4.1920690912e+00,2.6738339364e-01,9.9343817136e-01,3.3331543675e-01,3.3806261404e-01,-4.0857809295e-03,5.5418487139e-01,2.9806550542e-01,410838,44,55,54,1.3221947370e-04,5.0394009511e-01,4.8168038577e-01,2.6824075954e-02,-3.5912650309e+00,-2.7984954447e+03,-7.7292287702e-03,-2.7985031740e+03,-1.6683958760e-05,447024,48,48,48,-9.6574249308e-05,1.0000000000e+00,5.4373845999e-01,6.6721748967e-02,-2.6381724178e+00,-1.4641466521e+00,-4.3403764039e-02,-1.5075504161e+00,6.1631148879e-06,2.6746145030e-02,6.6727912082e-02,4.1316986639e-06,3.3144410939e-04,0,0,0,2.3958248488e-04,3.1921888688e+00,3.1924284512e+00,9.3176175816e-08,2.8572417675e-05,2.8665593851e-05,4.7495061735e-04,2.3958248488e+00
279,2.7900000000e-02,1.0000000000e-04,-9.3528715003e-02,1.3491168497e-01,1.5075775218e+00,2.6407621403e-01,-2.1495742187e-01,2.1495742187e-01,1.4642681199e+00,3.4005545373e-01,1.2142870686e-01,1.2151656316e-01,1.9245008474e-01,1.3011014329e-01,0.0000000000e+00,0.0000000000e+00,0.0000000000e+00,0.0000000000e+00,2.2407841948e-05,3.2322476725e-05,3.6118916883e-04,6.3268035555e-05,2.2407841948e-05,2.3217472559e-05,9.6113135146e-05,2.6252491293e-05,-1.0862333107e+01,1.0862341715e+01,2.8018409412e+03,1.4422119603e+02,-1.0863351040e+01,1.0863351040e+01,2.8018577248e+03,1.4422497715e+02,1.0179333972e-03,2.9159897636e-03,3.7751355295e-01,2.7271770298e-02,0.0000000000e+00,0.0000000000e+00,0.0000000000e+00,0.0000000000e+00,5.1590718148e-07,5.1590759035e-07,1.3307360847e-04,6.8497946090e-06,5.2723703796e-07,5.3703845091e-07,1.3219962239e-04,6.8435404528e-06,1.0000000000e+00,4.1921888688e+00,2.0679115636e+00,4.1921888688e+00,1.0000000000e+00,1.0000285724e+00,1.0000095586e+00,1.0000285724e+00,1.8585053841e+03,1.9134868039e+03,1.9616180137e+00,nan,3.6843189098e-01,3.7933146041e-01,3.8887303763e-04,nan,1.3754584343e+00,2.3130788657e-02,2.6068156261e-01,4.1920690912e+00,2.6610193062e-01,9.9343231090e-01,3.2690352585e-01,3.3217045080e-01,-4.8387854221e-03,5.5420468184e-01,2.9801356312e-01,483305,52,42,41,1.3219962239e-04,5.0407231459e-01,4.8164405153e-01,2.6807391995e-02,-3.5919043451e+00,-2.7980199509e+03,-7.9885679843e-03,-2.7980279395e+03,-1.6260728477e-05,447024,48,48,48,-9.6113135146e-05,1.0000000000e+00,5.4364188574e-01,6.6727912082e-02,-2.6380734479e+00,-1.4642681199e+00,-4.3309401918e-02,-1.5075775218e+00,5.2953177953e-06,2.6732393469e-02,6.6733207399e-02,3.9477250729e-06,3.3186585468e-04,0,0,0,2.3958248488e-04,3.1921888688e+00,3.1924284512e+00,9.3176175816e-08,2.8572417675e-05,2.8665593851e-05,4.7495061735e-04,2.3958248488e+00
280,2.8000000000e-02,1.0000000000e-04,-9.3524282218e-02,1.3490830349e-01,1.5076012975e+00,2.6404233148e-01,-2.1496922529e-01,2.1496922529e-01,1.4643858169e+00,3.4003220390e-01,1.2144494308e-01,1.2153243244e-01,1.9245008393e-01,1.3012280305e-01,0.0000000000e+00,0.0000000000e+00,0.0000000000e+00,0.0000000000e+00,2.2406779931e-05,3.2321666581e-05,3.6119486507e-04,6.3259917890e-05,2.2406779931e-05,2.3213407564e-05,9.5656434758e-05,2.6238512145e-05,-1.0861239702e+01,1.0861248326e+01,2.8014541912e+03,1.4420504637e+02,-1.0862257289e+01,1.0862257289e+01,2.8014707174e+03,1.4420882409e+02,1.0175871359e-03,2.9161034634e-03,3.7751558358e-01,2.7271994569e-02,0.0000000000e+00,0.0000000000e+00,0.0000000000e+00,0.0000000000e+00,5.1585525017e-07,5.1585565975e-07,1.3305523976e-04,6.8490275798e-06,5.2719491248e-07,5.3699768057e-07,1.3218059666e-04,6.8427687329e-06,1.0000000000e+00,4.1921888688e+00,2.0679115636e+00,4.1921888688e+00,1.0000000000e+00,1.0000285724e+00,1.0000095586e+00,1.0000285724e+00,1.8582195411e+03,1.9130687317e+03,1.9616285733e+00,nan,3.6837522519e-01,3.7924858139e-01,3.8887513098e-04,nan,1.3818265023e+00,2.3133082856e-02,2.6079103476e-01,4.1920690912e+00,2.6483331855e-01,9.9342646635e-01,3.1945294892e-01,3.2523488430e-01,-5.5474638321e-03,5.5422440698e-01,2.9796252287e-01,501943,54,44,55,1.3218059666e-04,5.0420451421e-01,4.8160784467e-01,2.6791131267e-02,-3.5925278140e+00,-2.7975619811e+03,-8.2478649103e-03,-2.7975702290e+03,-1.5818156903e-05,447024,48,48,48,-9.5656434758e-05,1.0000000000e+00,5.4354577260e-01,6.6733207399e-02,-2.6379884202e+00,-1.4643858169e+00,-4.3215480649e-02,-1.5076012975e+00,4.5466558979e-06,2.6718387097e-02,6.6737754055e-02,3.7631336229e-06,3.3228547884e-04,0,0,0,2.3958248488e-04,3.1921888688e+00,3.1924284512e+00,9.3176175816e-08,2.8572417675e-05,2.8665593851e-05,4.7495061735e-04,2.3958248488e+00
281,2.8100000000e-02,1.0000000000e-04,-9.3520150013e-02,1.3490529149e-01,1.5076221705e+00,2.6400952726e-01,-2.1498132789e-01,2.1498132789e-01,1.4645001745e+00,3.4000989217e-01,1.2146117788e-01,1.2154830179e-01,1.9245008967e-01,1.3013546710e-01,0.0000000000e+00,0.0000000000e+00,0.0000000000e+00,0.0000000000e+00,2.2405789927e-05,3.2320944958e-05,3.6119986588e-04,6.3252058575e-05,2.2405789927e-05,2.3209390019e-05,9.5203996092e-05,2.6224667359e-05,-1.0860217515e+01,1.0860226154e+01,2.8010858701e+03,1.4418986388e+02,-1.0861234756e+01,1.0861234756e+01,2.8011021390e+03,1.4419363821e+02,1.0172409156e-03,2.9162168357e-03,3.7751755641e-01,2.7272219029e-02,0.0000000000e+00,0.0000000000e+00,0.0000000000e+00,0.0000000000e+00,5.1580670132e-07,5.1580711162e-07,1.3303774632e-04,6.8483064865e-06,5.2715820474e-07,5.3695956337e-07,1.3216250357e-04,6.8420429052e-06,1.0000000000e+00,4.1921888688e+00,2.0679115636e+00,4.1921888688e+00,1.0000000000e+00,1.0000285724e+00,1.0000095586e+00,1.0000285724e+00,1.8579495080e+03,1.9126676718e+03,1.9616387660e+00,nan,3.6832169358e-01,3.7916907487e-01,3.8887715159e-04,nan,1.3882033213e+00,2.3135444875e-02,2.6090103686e-01,4.1920690912e+00,2.6357705272e-01,9.9342109456e-01,3.1082672812e-01,3.1709234968e-01,-6.2094885181e-03,5.5424403458e-01,2.9791112574e-01,410743,44,54,55,1.3216250357e-04,5.0433669481e-01,4.8157176642e-01,2.6775313110e-02,-3.5931346669e+00,-2.7971225210e+03,-8.5071210601e-03,-2.7971310281e+03,-1.5359682259e-05,447024,48,48,48,-9.5203996092e-05,1.0000000000e+00,5.4345011617e-01,6.6737754055e-02,-2.6379154189e+00,-1.4645001745e+00,-4.3121996081e-02,-1.5076221705e+00,3.9165605449e-06,2.6704695007e-02,6.6741670616e-02,3.5789444061e-06,3.3270290494e-04,0,0,0,2.3958248488e-04,3.1921888688e+00,3.1924284512e+00,9.3176175816e-08,2.8572417675e-05,2.8665593851e-05,4.7495061735e-04,2.3958248488e+00
282,2.8200000000e-02,1.0000000000e-04,-9.3516338041e-02,1.3490266861e-01,1.5076405657e+00,2.6397785992e-01,-2.1499374923e-01,2.1499374923e-01,1.4646116215e+00,3.3998857044e-01,1.2147741119e-01,1.2156417115e-01,1.9245008972e-01,1.3014813538e-01,0.0000000000e+00,0.0000000000e+00,0.0000000000e+00,0.0000000000e+00,2.2404876645e-05,3.2320316564e-05,3.6120427303e-04,6.3244471633e-05,2.2404876645e-05,2.3205422252e-05,9.4755664640e-05,2.6210959064e-05,-1.0859269968e+01,1.0859278622e+01,2.8007367945e+03,1.4417569279e+02,-1.0860286863e+01,1.0860286863e+01,2.8007528061e+03,1.4417946373e+02,1.0168947413e-03,2.9163298889e-03,3.7751947143e-01,2.7272443680e-02,0.0000000000e+00,0.0000000000e+00,0.0000000000e+00,0.0000000000e+00,5.1576169752e-07,5.1576210854e-07,1.3302116696e-04,6.8476334299e-06,5.2712217519e-07,5.3692672104e-07,1.3214543258e-04,6.8413650577e-06,1.0000000000e+00,4.1921888688e+00,2.0679115636e+00,4.1921888688e+00,1.0000000000e+00,1.0000285724e+00,1.0000095586e+00,1.0000285724e+00,1.8576953011e+03,1.9122836150e+03,1.9616487162e+00,nan,3.6827129935e-01,3.7909293910e-01,3.8887912414e-04,nan,1.3945913744e+00,2.3137985390e-02,2.6101162651e-01,4.1920690912e+00,2.6233262371e-01,9.9341657872e-01,3.0079950133e-01,3.0751741562e-01,-6.8230370017e-03,5.5426356693e-01,2.9785938334e-01,409577,44,42,41,1.3214543258e-04,5.0446885731e-01,4.8153581810e-01,2.6759953427e-02,-3.5937242646e+00,-2.7967023907e+03,-8.7663381558e-03,-2.7967111570e+03,-1.4888705652e-05,447024,48,48,48,-9.4755664640e-05,1.0000000000e+00,5.4335491217e-01,6.6741670616e-02,-2.6378525382e+00,-1.4646116215e+00,-4.3028944204e-02,-1.5076405657e+00,3.4037202309e-06,2.6691326178e-02,6.6745074336e-02,3.3961417938e-06,3.3311793692e-04,0,0,0,2.3958248488e-04,3.1921888688e+00,3.1924284512e+00,9.3176175816e-08,2.8572417675e-05,2.8665593851e-05,4.7495061735e-04,2.3958248488e+00
283,2.8300000000e-02,1.0000000000e-04,-9.3512863467e-02,1.3490045251e-01,1.5076569025e+00,2.6394737900e-01,-2.1500650642e-01,2.1500650642e-01,1.4647205813e+00,3.3996828285e-01,1.2149364295e-01,1.2158004042e-01,1.9245008663e-01,1.3016080779e-01,0.0000000000e+00,0.0000000000e+00,0.0000000000e+00,0.0000000000e+00,2.2404044198e-05,3.2319785623e-05,3.6120818705e-04,6.3237168939e-05,2.2404044198e-05,2.3201506343e-05,9.4311284283e-05,2.6197389093e-05,-1.0858399860e+01,1.0858408529e+01,2.8004076179e+03,1.4416256896e+02,-1.0859416409e+01,1.0859416409e+01,2.8004233722e+03,1.4416633649e+02,1.0165485991e-03,2.9164426124e-03,3.7752132863e-01,2.7272668523e-02,0.0000000000e+00,0.0000000000e+00,0.0000000000e+00,0.0000000000e+00,5.1572037169e-07,5.1572078343e-07,1.3300553270e-04,6.8470101124e-06,5.2709124245e-07,5.3689340844e-07,1.3212939082e-04,6.8407369825e-06,1.0000000000e+00,4.1921888688e+00,2.0679115636e+00,4.1921888688e+00,1.0000000000e+00,1.0000285724e+00,1.0000095586e+00,1.0000285724e+00,1.8574568347e+03,1.9119164487e+03,1.9616583980e+00,nan,3.6822402554e-01,3.7902015169e-01,3.8888104346e-04,nan,1.4009923820e+00,2.3140454783e-02,2.6112285305e-01,4.1920690912e+00,2.6109952007e-01,9.9341274112e-01,2.8912874887e-01,2.9625229300e-01,-7.3865709231e-03,5.5428303673e-01,2.9780777369e-01,392105,42,52,41,1.3212939082e-04,5.0460100274e-01,4.8150000110e-01,2.6745064722e-02,-3.5942960975e+00,-2.7963022460e+03,-9.0255180948e-03,-2.7963112715e+03,-1.4408570774e-05,447024,48,48,48,-9.4311284283e-05,1.0000000000e+00,5.4326015651e-01,6.6745074336e-02,-2.6377978939e+00,-1.4647205813e+00,-4.2936321160e-02,-1.5076569025e+00,3.0061160591e-06,2.6678287391e-02,6.6748080452e-02,3.2156702579e-06,3.3363198421e-04,0,0,0,2.3958248488e-04,3.1921888688e+00,3.1924284512e+00,9.3176175816e-08,2.8572417675e-05,2.8665593851e-05,4.7495061735e-04,2.3958248488e+00
284,2.8400000000e-02,1.0000000000e-04,-9.3509740965e-02,1.3489866043e-01,1.5076715932e+00,2.6391812513e-01,-2.1501961405e-01,2.1501961405e-01,1.4648274700e+00,3.3994906580e-01,1.2150987308e-01,1.2159590954e-01,1.9245008863e-01,1.3017348427e-01,0.0000000000e+00,0.0000000000e+00,0.0000000000e+00,0.0000000000e+00,2.2403296101e-05,3.2319356274e-05,3.6121170669e-04,6.3230160224e-05,2.2403296101e-05,2.3197644119e-05,9.3870698122e-05,2.6183958975e-05,-1.0857609372e+01,1.0857618056e+01,2.8000988321e+03,1.4415051989e+02,-1.0858625574e+01,1.0858625574e+01,2.8001143292e+03,1.4415428402e+02,1.0162024916e-03,2.9165550123e-03,3.7752312798e-01,2.7272893561e-02,0.0000000000e+00,0.0000000000e+00,0.0000000000e+00,0.0000000000e+00,5.1568282741e-07,5.1568323987e-07,1.3299086690e-04,6.8464378414e-06,5.2707020494e-07,5.3685382220e-07,1.3211436571e-04,6.8401598251e-06,1.0000000000e+00,4.1921888688e+00,2.0679115636e+00,4.1921888688e+00,1.0000000000e+00,1.0000285724e+00,1.0000095586e+00,1.0000285724e+00,1.8572339260e+03,1.9115659602e+03,1.9616677273e+00,nan,3.6817983591e-01,3.7895067052e-01,3.8888289292e-04,nan,1.4074079383e+00,2.3142601009e-02,2.6123474421e-01,4.1920690912e+00,2.5987723095e-01,9.9340931294e-01,2.7551958563e-01,2.8298583006e-01,-7.8986577656e-03,5.5430252203e-01,2.9775403609e-01,410729,44,54,41,1.3211436571e-04,5.0473313213e-01,4.8146431690e-01,2.6730656151e-02,-3.5948497846e+00,-2.7959225805e+03,-9.2846627885e-03,-2.7959318652e+03,-1.3922544837e-05,447024,48,48,48,-9.3870698122e-05,1.0000000000e+00,5.4316584522e-01,6.6748080452e-02,-2.6377496350e+00,-1.4648274700e+00,-4.2844123238e-02,-1.5076715932e+00,2.7210622642e-06,2.6665583261e-02,6.6750801514e-02,3.0384330288e-06,3.3417352254e-04,0,0,0,2.3958248488e-04,3.1921888688e+00,3.1924284512e+00,9.3176175816e-08,2.8572417675e-05,2.8665593851e-05,4.7495061735e-04,2.3958248488e+00
285,2.8500000000e-02,1.0000000000e-04,-9.3506982723e-02,1.3489731268e-01,1.5076850402e+00,2.6389013004e-01,-2.1503308422e-01,2.1503308422e-01,1.4649326933e+00,3.3993094804e-01,1.2152610150e-01,1.2161177843e-01,1.9245008840e-01,1.3018616472e-01,0.0000000000e+00,0.0000000000e+00,0.0000000000e+00,0.0000000000e+00,2.2402635275e-05,3.2319033375e-05,3.6121492835e-04,6.3223453091e-05,2.2402635275e-05,2.3193837156e-05,9.3433749291e-05,2.6170669939e-05,-1.0856900074e+01,1.0856908774e+01,2.7998107707e+03,1.4413956496e+02,-1.0857915931e+01,1.0857915931e+01,2.7998260106e+03,1.4414332568e+02,1.0158564397e-03,2.9166671133e-03,3.7752486947e-01,2.7273118795e-02,0.0000000000e+00,0.0000000000e+00,0.0000000000e+00,0.0000000000e+00,5.1564913927e-07,5.1564955245e-07,1.3297718540e-04,6.8459175361e-06,5.2705186086e-07,5.3681378681e-07,1.3210055926e-04,6.8396345654e-06,1.0000000000e+00,4.1921888688e+00,2.0679115636e+00,4.1921888688e+00,1.0000000000e+00,1.0000285724e+00,1.0000095586e+00,1.0000285724e+00,1.8570262993e+03,1.9112318425e+03,1.9616767787e+00,nan,3.6813867580e-01,3.7888443470e-01,3.8888468727e-04,nan,1.4138420031e+00,2.3144673440e-02,2.6134732437e-01,4.1920690912e+00,2.5866524874e-01,9.9340769516e-01,2.5963554820e-01,2.6735932216e-01,-8.3589292932e-03,5.5432194690e-01,2.9770107544e-01,410743,44,54,55,1.3210055926e-04,5.0486524650e-01,4.8142876699e-01,2.6716733606e-02,-3.5953850707e+00,-2.7955637284e+03,-9.5437741236e-03,-2.7955732722e+03,-1.3433801253e-05,447024,48,48,48,-9.3433749291e-05,1.0000000000e+00,5.4307197452e-01,6.6750801514e-02,-2.6377059540e+00,-1.4649326933e+00,-4.2752346879e-02,-1.5076850402e+00,2.5452492298e-06,2.6653216287e-02,6.6753346764e-02,2.8652816469e-06,3.3471440192e-04,0,0,0,2.3958248488e-04,3.1921888688e+00,3.1924284512e+00,9.3176175816e-08,2.8572417675e-05,2.8665593851e-05,4.7495061735e-04,2.3958248488e+00
286,2.8600000000e-02,1.0000000000e-04,-9.3504598471e-02,1.3489641897e-01,1.5076976339e+00,2.6386341674e-01,-2.1504692661e-01,2.1504692661e-01,1.4650366452e+00,3.3991395074e-01,1.2154232813e-01,1.2162764700e-01,1.9245008527e-01,1.3019884906e-01,0.0000000000e+00,0.0000000000e+00,0.0000000000e+00,0.0000000000e+00,2.2402064050e-05,3.2318819259e-05,3.6121794558e-04,6.3217053051e-05,2.2402064050e-05,2.3190086778e-05,9.3000281752e-05,2.6157522916e-05,-1.0856272941e+01,1.0856281656e+01,2.7995436125e+03,1.4412971550e+02,-1.0857288451e+01,1.0857288451e+01,2.7995585952e+03,1.4413347281e+02,1.0155104359e-03,2.9167789117e-03,3.7752655308e-01,2.7273344231e-02,0.0000000000e+00,0.0000000000e+00,0.0000000000e+00,0.0000000000e+00,5.1561935355e-07,5.1561976746e-07,1.3296449671e-04,6.8454497355e-06,5.2704558122e-07,5.3677203338e-07,1.3208783378e-04,6.8391616257e-06,1.0000000000e+00,4.1921888688e+00,2.0679115636e+00,4.1921888688e+00,1.0000000000e+00,1.0000285724e+00,1.0000095586e+00,1.0000285724e+00,1.8568335916e+03,1.9109136992e+03,1.9616855589e+00,nan,3.6810047324e-01,3.7882136567e-01,3.8888642786e-04,nan,1.4202949851e+00,2.3146615988e-02,2.6146059961e-01,4.1920690912e+00,2.5746307151e-01,9.9340678943e-01,2.4108992850e-01,2.4895878900e-01,-8.7661039031e-03,5.5434168241e-01,2.9764708243e-01,483305,52,42,41,1.3208783378e-04,5.0499734706e-01,4.8139335293e-01,2.6703299805e-02,-3.5959018231e+00,-2.7952258682e+03,-9.8028543830e-03,-2.7952356710e+03,-1.2945403085e-05,447024,48,48,48,-9.3000281752e-05,1.0000000000e+00,5.4297854077e-01,6.6753346764e-02,-2.6376650968e+00,-1.4650366452e+00,-4.2660988675e-02,-1.5076976339e+00,2.4747896610e-06,2.6641186917e-02,6.6755821553e-02,2.6970167054e-06,3.3525321932e-04,0,0,0,2.3958248488e-04,3.1921888688e+00,3.1924284512e+00,9.3176175816e-08,2.8572417675e-05,2.8665593851e-05,4.7495061735e-04,2.3958248488e+00
287,2.8700000000e-02,1.0000000000e-04,-9.3502595513e-02,1.3489598335e-01,1.5077097508e+00,2.6383799964e-01,-2.1506114841e-01,2.1506114841e-01,1.4651397054e+00,3.3989808764e-01,1.2155855290e-01,1.2164351517e-01,1.9245008973e-01,1.3021153721e-01,0.0000000000e+00,0.0000000000e+00,0.0000000000e+00,0.0000000000e+00,2.2401584176e-05,3.2318714892e-05,3.6122084858e-04,6.3210963561e-05,2.2401584176e-05,2.3186394059e-05,9.2570141063e-05,2.6144518541e-05,-1.0855728366e+01,1.0855737096e+01,2.7992973867e+03,1.4412097512e+02,-1.0856743531e+01,1.0856743531e+01,2.7993121121e+03,1.4412472900e+02,1.0151645090e-03,2.9168904401e-03,3.7752817879e-01,2.7273569871e-02,0.0000000000e+00,0.0000000000e+00,0.0000000000e+00,0.0000000000e+00,5.1559348894e-07,5.1559390357e-07,1.3295280220e-04,6.8450346105e-06,5.2701010094e-07,5.3672342012e-07,1.3207610743e-04,6.8387322031e-06,1.0000000000e+00,4.1921888688e+00,2.0679115636e+00,4.1921888688e+00,1.0000000000e+00,1.0000285724e+00,1.0000095586e+00,1.0000285724e+00,1.8566553577e+03,1.9106110507e+03,1.9616939609e+00,nan,3.6806513998e-01,3.7876136835e-01,3.8888809348e-04,nan,1.4267679180e+00,2.3148205743e-02,2.6157422606e-01,4.1920690912e+00,2.5627020541e-01,9.9340597003e-01,2.1949670291e-01,2.2737050094e-01,-9.2961394793e-03,5.5430476366e-01,2.9758134324e-01,382122,41,44,42,1.3207610743e-04,5.0512943489e-01,4.8135807629e-01,2.6690354402e-02,-3.5964000278e+00,-2.7949090280e+03,-1.0061905579e-02,-2.7949190899e+03,-1.2460288895e-05,447024,48,48,48,-9.2570141063e-05,1.0000000000e+00,5.4288554049e-01,6.6755821553e-02,-2.6376253721e+00,-1.4651397054e+00,-4.2570045366e-02,-1.5077097508e+00,2.5052666352e-06,2.6629493615e-02,6.6758326820e-02,2.5343833881e-06,3.6848560667e-04,0,0,0,2.3958248488e-04,3.1921888688e+00,3.1924284512e+00,9.3176175816e-08,2.8572417675e-05,2.8665593851e-05,4.7495061735e-04,2.3958248488e+00
288,2.8800000000e-02,1.0000000000e-04,-9.3500978778e-02,1.3489600314e-01,1.5077217518e+00,2.6381388485e-01,-2.1507575450e-01,2.1507575450e-01,1.4652422379e+00,3.3988336528e-01,1.2157477572e-01,1.2165938345e-01,1.9245008957e-01,1.3022422909e-01,0.0000000000e+00,0.0000000000e+00,0.0000000000e+00,0.0000000000e+00,2.2401196835e-05,3.2318719634e-05,3.6122372380e-04,6.3205186080e-05,2.2401196835e-05,2.3182759830e-05,9.2143175108e-05,2.6131657158e-05,-1.0855266183e+01,1.0855274928e+01,2.7990719780e+03,1.4411333993e+02,-1.0856281002e+01,1.0856281002e+01,2.7990864462e+03,1.4411709038e+02,1.0148185261e-03,2.9170017539e-03,3.7752974660e-01,2.7273795713e-02,0.0000000000e+00,0.0000000000e+00,0.0000000000e+00,0.0000000000e+00,5.1557153751e-07,5.1557195287e-07,1.3294209640e-04,6.8446719768e-06,5.2696569625e-07,5.3668486191e-07,1.3206440414e-04,6.8383556376e-06,1.0000000000e+00,4.1921888688e+00,2.0679115636e+00,4.1921888688e+00,1.0000000000e+00,1.0000285724e+00,1.0000095586e+00,1.0000285724e+00,1.8564910765e+03,1.9103233402e+03,1.9617021091e+00,nan,3.6803257271e-01,3.7870433234e-01,3.8888970879e-04,nan,1.4332521534e+00,2.3150171328e-02,2.6168855638e-01,4.1920690912e+00,2.5508616693e-01,9.9339793580e-01,1.9435920451e-01,2.0206616753e-01,-9.6753864533e-03,5.5429425749e-01,2.9752410885e-01,483305,52,42,41,1.3206440414e-04,5.0526151100e-01,4.8132293863e-01,2.6677894113e-02,-3.5968797848e+00,-2.7946130908e+03,-1.0320929565e-02,-2.7946234118e+03,-1.1981259815e-05,447024,48,48,48,-9.2143175108e-05,1.0000000000e+00,5.4279297035e-01,6.6758326820e-02,-2.6375851595e+00,-1.4652422379e+00,-4.2479513845e-02,-1.5077217518e+00,2.6317210911e-06,2.6618132944e-02,6.6760958541e-02,2.3780652952e-06,3.6906842224e-04,0,0,0,2.3958248488e-04,3.1921888688e+00,3.1924284512e+00,9.3176175816e-08,2.8572417675e-05,2.8665593851e-05,4.7495061735e-04,2.3958248488e+00
289,2.8900000000e-02,1.0000000000e-04,-9.3499750880e-02,1.3489647738e-01,1.5077339798e+00,2.6379107039e-01,-2.1509074740e-01,2.1509074740e-01,1.4653445887e+00,3.3986978321e-01,1.2159099652e-01,1.2167525344e-01,1.9245008270e-01,1.3023692461e-01,0.0000000000e+00,0.0000000000e+00,0.0000000000e+00,0.0000000000e+00,2.2400902652e-05,3.2318833253e-05,3.6122665343e-04,6.3199720135e-05,2.2400902652e-05,2.3179184677e-05,9.1719234846e-05,2.6118938823e-05,-1.0854885684e+01,1.0854894444e+01,2.7988671309e+03,1.4410679879e+02,-1.0855900156e+01,1.0855900156e+01,2.7988813419e+03,1.4411054581e+02,1.0144724350e-03,2.9171128051e-03,3.7753125617e-01,2.7274021788e-02,0.0000000000e+00,0.0000000000e+00,0.0000000000e+00,0.0000000000e+00,5.1555346567e-07,5.1555388174e-07,1.3293236717e-04,6.8443613050e-06,5.2693023289e-07,5.3666842458e-07,1.3205362137e-04,6.8380339311e-06,1.0000000000e+00,4.1921888688e+00,2.0679115636e+00,4.1921888688e+00,1.0000000000e+00,1.0000285724e+00,1.0000095586e+00,1.0000285724e+00,1.8563401557e+03,1.9100499388e+03,1.9617100230e+00,nan,3.6800265403e-01,3.7865013297e-01,3.8889127766e-04,nan,1.4397593002e+00,2.3153032864e-02,2.6180366581e-01,4.1920690912e+00,2.5391048522e-01,9.9338952722e-01,1.6526679365e-01,1.7260499910e-01,-9.8639723207e-03,5.5433058736e-01,2.9747821848e-01,382890,41,52,42,1.3205362137e-04,5.0539357540e-01,4.8128794152e-01,2.6665912853e-02,-3.5973413035e+00,-2.7943378011e+03,-1.0579926277e-02,-2.7943483810e+03,-1.1510967557e-05,447024,48,48,48,-9.1719234846e-05,1.0000000000e+00,5.4270082718e-01,6.6760958541e-02,-2.6375429187e+00,-1.4653445887e+00,-4.2389391146e-02,-1.5077339798e+00,2.8489052523e-06,2.6607099654e-02,6.6763807446e-02,2.2286893985e-06,3.6964264971e-04,0,0,0,2.3958248488e-04,3.1921888688e+00,3.1924284512e+00,9.3176175816e-08,2.8572417675e-05,2.8665593851e-05,4.7495061735e-04,2.3958248488e+00
290,2.9000000000e-02,1.0000000000e-04,-9.3498912192e-02,1.3489740505e-01,1.5077467594e+00,2.6376954654e-01,-2.1510612740e-01,2.1510612740e-01,1.4654470849e+00,3.3985733425e-01,1.2160721521e-01,1.2169112279e-01,1.9245008782e-01,1.3024962369e-01,0.0000000000e+00,0.0000000000e+00,0.0000000000e+00,0.0000000000e+00,2.2400701717e-05,3.2319055505e-05,3.6122971519e-04,6.3194563396e-05,2.2400701717e-05,2.3175668953e-05,9.1298174842e-05,2.6106363310e-05,-1.0854585646e+01,1.0854594421e+01,2.7986824613e+03,1.4410133377e+02,-1.0855599772e+01,1.0855599772e+01,2.7986964152e+03,1.4410507735e+02,1.0141262525e-03,2.9172235631e-03,3.7753270757e-01,2.7274248098e-02,0.0000000000e+00,0.0000000000e+00,0.0000000000e+00,0.0000000000e+00,5.1553921537e-07,5.1553963216e-07,1.3292359628e-04,6.8441017436e-06,5.2689646463e-07,5.3665787837e-07,1.3204415476e-04,6.8377659714e-06,1.0000000000e+00,4.1921888688e+00,2.0679115636e+00,4.1921888688e+00,1.0000000000e+00,1.0000285724e+00,1.0000095586e+00,1.0000285724e+00,1.8562019410e+03,1.9097901548e+03,1.9617175125e+00,nan,3.6797525422e-01,3.7859863315e-01,3.8889276238e-04,nan,1.4462956679e+00,2.3156090098e-02,2.6191951327e-01,4.1920690912e+00,2.5274270361e-01,9.9338385706e-01,1.3194993907e-01,1.3870479542e-01,-9.9751510723e-03,5.5437907833e-01,2.9743604113e-01,382122,41,44,42,1.3204415476e-04,5.0552562902e-01,4.8125308651e-01,2.6654401886e-02,-3.5977848964e+00,-2.7940827712e+03,-1.0838897414e-02,-2.7940936101e+03,-1.1051904944e-05,447024,48,48,48,-9.1298174842e-05,1.0000000000e+00,5.4260910794e-01,6.6763807446e-02,-2.6374971937e+00,-1.4654470849e+00,-4.2299674451e-02,-1.5077467594e+00,3.1511363918e-06,2.6596386783e-02,6.6766958583e-02,2.0868205712e-06,3.7020894755e-04,0,0,0,2.3958248488e-04,3.1921888688e+00,3.1924284512e+00,9.3176175816e-08,2.8572417675e-05,2.8665593851e-05,4.7495061735e-04,2.3958248488e+00
291,2.9100000000e-02,1.0000000000e-04,-9.3498460929e-02,1.3489878446e-01,1.5077603945e+00,2.6374929616e-01,-2.1512189264e-01,2.1512189264e-01,1.4655500334e+00,3.3984600479e-01,1.2162343171e-01,1.2170699142e-01,1.9245008912e-01,1.3026232625e-01,0.0000000000e+00,0.0000000000e+00,0.0000000000e+00,0.0000000000e+00,2.2400593602e-05,3.2319385990e-05,3.6123298192e-04,6.3189711760e-05,2.2400593602e-05,2.3172212921e-05,9.0879853968e-05,2.6093930120e-05,-1.0854364362e+01,1.0854373152e+01,2.7985174618e+03,1.4409692048e+02,-1.0855378142e+01,1.0855378142e+01,2.7985311586e+03,1.4410066060e+02,1.0137799672e-03,2.9173339847e-03,3.7753410089e-01,2.7274474640e-02,0.0000000000e+00,0.0000000000e+00,0.0000000000e+00,0.0000000000e+00,5.1552870546e-07,5.1552912295e-07,1.3291575962e-04,6.8438921340e-06,5.2686197498e-07,5.3665316133e-07,1.3203584470e-04,6.8375492516e-06,1.0000000000e+00,4.1921888688e+00,2.0679115636e+00,4.1921888688e+00,1.0000000000e+00,1.0000285724e+00,1.0000095586e+00,1.0000285724e+00,1.8560757214e+03,1.9095432396e+03,1.9617247392e+00,nan,3.6795023232e-01,3.7854968445e-01,3.8889419501e-04,nan,1.4528615412e+00,2.3159340161e-02,2.6203600685e-01,4.1920690912e+00,2.5158238178e-01,9.9337990529e-01,9.4362302119e-02,1.0032418778e-01,-1.0038368558e-02,5.5442630088e-01,2.9739367614e-01,392105,42,52,41,1.3203584470e-04,5.0565767318e-01,4.8121837510e-01,2.6643349981e-02,-3.5982109740e+00,-2.7938474892e+03,-1.1097845451e-02,-2.7938585870e+03,-1.0606396578e-05,447024,48,48,48,-9.0879853968e-05,1.0000000000e+00,5.4251780977e-01,6.6766958583e-02,-2.6374466199e+00,-1.4655500334e+00,-4.2210361079e-02,-1.5077603945e+00,3.5323754955e-06,2.6585985758e-02,6.6770490958e-02,1.9529553366e-06,3.7076859960e-04,0,0,0,2.3958248488e-04,3.1921888688e+00,3.1924284512e+00,9.3176175816e-08,2.8572417675e-05,2.8665593851e-05,4.7495061735e-04,2.3958248488e+00
292,2.9200000000e-02,1.0000000000e-04,-9.3498393237e-02,1.3490060979e-01,1.5077751676e+00,2.6373029512e-01,-2.1513803920e-01,2.1513803920e-01,1.4656537191e+00,3.3983577513e-01,1.2163964596e-01,1.2172285926e-01,1.9245008765e-01,1.3027503222e-01,0.0000000000e+00,0.0000000000e+00,0.0000000000e+00,0.0000000000e+00,2.2400577384e-05,3.2319823306e-05,3.6123652130e-04,6.3185159444e-05,2.2400577384e-05,2.3168816506e-05,9.0464136001e-05,2.6081638484e-05,-1.0854219664e+01,1.0854228469e+01,2.7983715089e+03,1.4409352845e+02,-1.0855233097e+01,1.0855233097e+01,2.7983849486e+03,1.4409726510e+02,1.0134335583e-03,2.9174440295e-03,3.7753543616e-01,2.7274701412e-02,0.0000000000e+00,0.0000000000e+00,0.0000000000e+00,0.0000000000e+00,5.1552183302e-07,5.1552225122e-07,1.3290882757e-04,6.8437310292e-06,5.2682859065e-07,5.3665696646e-07,1.3202849837e-04,6.8373817890e-06,1.0000000000e+00,4.1921888688e+00,2.0679115636e+00,4.1921888688e+00,1.0000000000e+00,1.0000285724e+00,1.0000095586e+00,1.0000285724e+00,1.8559607354e+03,1.9093083940e+03,1.9617316925e+00,nan,3.6792743738e-01,3.7850312842e-01,3.8889557343e-04,nan,1.4594567992e+00,2.3162899422e-02,2.6215307728e-01,4.1920690912e+00,2.5042909746e-01,9.9337644294e-01,5.2743749546e-02,5.7775934056e-02,-1.0072152118e-02,5.5446724921e-01,2.9734954925e-01,391337,42,44,41,1.3202849837e-04,5.0578970902e-01,4.8118380877e-01,2.6632743584e-02,-3.5986200379e+00,-2.7936313266e+03,-1.1356772546e-02,-2.7936426834e+03,-1.0176591462e-05,447024,48,48,48,-9.0464136001e-05,1.0000000000e+00,5.4242692991e-01,6.6770490958e-02,-2.6373899302e+00,-1.4656537191e+00,-4.2121448486e-02,-1.5077751676e+00,3.9863128877e-06,2.6575886508e-02,6.6774477271e-02,1.8275280270e-06,3.7132341797e-04,0,0,0,2.3958248488e-04,3.1921888688e+00,3.1924284512e+00,9.3176175816e-08,2.8572417675e-05,2.8665593851e-05,4.7495061735e-04,2.3958248488e+00
293,2.9300000000e-02,1.0000000000e-04,-9.3498703296e-02,1.3490287642e-01,1.5077913388e+00,2.6371251269e-01,-2.1515456117e-01,2.1515456117e-01,1.4657584046e+00,3.3982661982e-01,1.2165585787e-01,1.2173872624e-01,1.9245008931e-01,1.3028774151e-01,0.0000000000e+00,0.0000000000e+00,0.0000000000e+00,0.0000000000e+00,2.2400651669e-05,3.2320366349e-05,3.6124039564e-04,6.3180899085e-05,2.2400651669e-05,2.3165479262e-05,9.0050890130e-05,2.6069487378e-05,-1.0854148958e+01,1.0854157777e+01,2.7982438713e+03,1.4409112156e+02,-1.0855162045e+01,1.0855162045e+01,2.7982570539e+03,1.4409485474e+02,1.0130870131e-03,2.9175536714e-03,3.7753671339e-01,2.7274928410e-02,0.0000000000e+00,0.0000000000e+00,0.0000000000e+00,0.0000000000e+00,5.1551847483e-07,5.1551889372e-07,1.3290276542e-04,6.8436167139e-06,5.2679906282e-07,5.3666757414e-07,1.3202199389e-04,6.8372615970e-06,1.0000000000e+00,4.1921888688e+00,2.0679115636e+00,4.1921888688e+00,1.0000000000e+00,1.0000285724e+00,1.0000095586e+00,1.0000285724e+00,1.8558561780e+03,1.9090847749e+03,1.9617383122e+00,nan,3.6790670983e-01,3.7845879797e-01,3.8889688573e-04,nan,1.4660820531e+00,2.3166694203e-02,2.6227065756e-01,4.1920690912e+00,2.4928244797e-01,9.9337281260e-01,7.8747002429e-03,1.1912253857e-02,-1.0072681744e-02,5.5450369685e-01,2.9730426698e-01,502697,54,52,41,1.3202199389e-04,5.0592173752e-01,4.8114938893e-01,2.6622566993e-02,-3.5990126742e+00,-2.7934335472e+03,-1.1615680483e-02,-2.7934451629e+03,-9.7644570279e-06,447024,48,48,48,-9.0050890130e-05,1.0000000000e+00,5.4233646578e-01,6.6774477271e-02,-2.6373259587e+00,-1.4657584046e+00,-4.2032934260e-02,-1.5077913388e+00,4.5064222905e-06,2.6566077582e-02,6.6778983693e-02,1.7109055265e-06,3.7187402358e-04,0,0,0,2.3958248488e-04,3.1921888688e+00,3.1924284512e+00,9.3176175816e-08,2.8572417675e-05,2.8665593851e-05,4.7495061735e-04,2.3958248488e+00
294,2.9400000000e-02,1.0000000000e-04,-9.3499383431e-02,1.3490556728e-01,1.5078091446e+00,2.6369591197e-01,-2.1517145082e-01,2.1517145082e-01,1.4658643285e+00,3.3981850806e-01,1.2167206739e-01,1.2175459227e-01,1.9245008844e-01,1.3030045406e-01,0.0000000000e+00,0.0000000000e+00,0.0000000000e+00,0.0000000000e+00,2.2400814617e-05,3.2321011034e-05,3.6124466160e-04,6.3176921844e-05,2.2400814617e-05,2.3162200674e-05,8.9639991417e-05,2.6057475529e-05,-1.0854149255e+01,1.0854158089e+01,2.7981337190e+03,1.4408965849e+02,-1.0855161995e+01,1.0855161995e+01,2.7981466445e+03,1.4409338819e+02,1.0127403300e-03,2.9176629000e-03,3.7753793255e-01,2.7275155633e-02,0.0000000000e+00,0.0000000000e+00,0.0000000000e+00,0.0000000000e+00,5.1551848892e-07,5.1551890851e-07,1.3289753373e-04,6.8435472254e-06,5.2677860964e-07,5.3667929306e-07,1.3201622329e-04,6.8371864121e-06,1.0000000000e+00,4.1921888688e+00,2.0679115636e+00,4.1921888688e+00,1.0000000000e+00,1.0000285724e+00,1.0000095586e+00,1.0000285724e+00,1.8557612075e+03,1.9088715033e+03,1.9617446560e+00,nan,3.6788788279e-01,3.7841651880e-01,3.8889814332e-04,nan,1.4727380180e+00,2.3170479378e-02,2.6238867248e-01,4.1920690912e+00,2.4814205148e-01,9.9336849666e-01,-3.9026565939e-02,-3.5917712177e-02,-1.0038047402e-02,5.5453685589e-01,2.9725695537e-01,383084,41,54,44,1.3201622329e-04,5.0605375952e-01,4.8111511692e-01,2.6612802536e-02,-3.5993895466e+00,-2.7932533159e+03,-1.1874570804e-02,-2.7932651905e+03,-9.3717743397e-06,447024,48,48,48,-8.9639991417e-05,1.0000000000e+00,5.4224641489e-01,6.6778983693e-02,-2.6372536449e+00,-1.4658643285e+00,-4.1944816114e-02,-1.5078091446e+00,5.0860107447e-06,2.6556546271e-02,6.6784069704e-02,1.6033905171e-06,3.7242087722e-04,0,0,0,2.3958248488e-04,3.1921888688e+00,3.1924284512e+00,9.3176175816e-08,2.8572417675e-05,2.8665593851e-05,4.7495061735e-04,2.3958248488e+00
295,2.9500000000e-02,1.0000000000e-04,-9.3500424218e-02,1.3490867096e-01,1.5078287977e+00,2.6368045040e-01,-2.1518869864e-01,2.1518869864e-01,1.4659717058e+00,3.3981140406e-01,1.2168827442e-01,1.2177045731e-01,1.9245008973e-01,1.3031316979e-01,0.0000000000e+00,0.0000000000e+00,0.0000000000e+00,0.0000000000e+00,2.2401063972e-05,3.2321754621e-05,3.6124937013e-04,6.3173217521e-05,2.2401063972e-05,2.3158980028e-05,8.9231321215e-05,2.6045601423e-05,-1.0854217204e+01,1.0854226053e+01,2.7980401322e+03,1.4408909316e+02,-1.0855229598e+01,1.0855229598e+01,2.7980528005e+03,1.4409281937e+02,1.0123935289e-03,2.9177717288e-03,3.7753909361e-01,2.7275383079e-02,0.0000000000e+00,0.0000000000e+00,0.0000000000e+00,0.0000000000e+00,5.1552171620e-07,5.1552213648e-07,1.3289308881e-04,6.8435203752e-06,5.2678061265e-07,5.3667931850e-07,1.3201131173e-04,6.8371538670e-06,1.0000000000e+00,4.1921888688e+00,2.0679115636e+00,4.1921888688e+00,1.0000000000e+00,1.0000285724e+00,1.0000095586e+00,1.0000285724e+00,1.8556749522e+03,1.9086676703e+03,1.9617506759e+00,nan,3.6787078346e-01,3.7837611075e-01,3.8889933672e-04,nan,1.4794279624e+00,2.3173702721e-02,2.6250704509e-01,4.1920690912e+00,2.4700754822e-01,9.9336476341e-01,-8.6250443893e-02,-8.3920501856e-02,-9.9673943790e-03,5.5456756550e-01,2.9720485187e-01,483305,52,42,41,1.3201131173e-04,5.0618577574e-01,4.8108099402e-01,2.6603430761e-02,-3.5997513894e+00,-2.7930897072e+03,-1.2133444843e-02,-2.7931018407e+03,-9.0001347543e-06,447024,48,48,48,-8.9231321215e-05,1.0000000000e+00,5.4215677490e-01,6.6784069704e-02,-2.6371720360e+00,-1.4659717058e+00,-4.1857091882e-02,-1.5078287977e+00,5.7182671152e-06,2.6547278730e-02,6.6789787971e-02,1.5052210280e-06,3.7296403276e-04,0,0,0,2.3958248488e-04,3.1921888688e+00,3.1924284512e+00,9.3176175816e-08,2.8572417675e-05,2.8665593851e-05,4.7495061735e-04,2.3958248488e+00
296,2.9600000000e-02,1.0000000000e-04,-9.3501814616e-02,1.3491217878e-01,1.5078504862e+00,2.6366608019e-01,-2.1520629354e-01,2.1520629354e-01,1.4660807267e+00,3.3980526749e-01,1.2170447892e-01,1.2178632128e-01,1.9245008822e-01,1.3032588863e-01,0.0000000000e+00,0.0000000000e+00,0.0000000000e+00,0.0000000000e+00,2.2401397087e-05,3.2322595032e-05,3.6125456632e-04,6.3169774672e-05,2.2401397087e-05,2.3155816430e-05,8.8824767538e-05,2.6033863319e-05,-1.0854349131e+01,1.0854357994e+01,2.7979621105e+03,1.4408937522e+02,-1.0855361178e+01,1.0855361178e+01,2.7979745217e+03,1.4409309792e+02,1.0120466826e-03,2.9178802263e-03,3.7754019653e-01,2.7275610748e-02,0.0000000000e+00,0.0000000000e+00,0.0000000000e+00,0.0000000000e+00,5.1552798207e-07,5.1552840303e-07,1.3288938317e-04,6.8435337715e-06,5.2678731257e-07,5.3669598627e-07,1.3200713842e-04,6.8371615493e-06,1.0000000000e+00,4.1921888688e+00,2.0679115636e+00,4.1921888688e+00,1.0000000000e+00,1.0000285724e+00,1.0000095586e+00,1.0000285724e+00,1.8555965171e+03,1.9084723445e+03,1.9617564223e+00,nan,3.6785523440e-01,3.7833738918e-01,3.8890047589e-04,nan,1.4861523659e+00,2.3177588572e-02,2.6262569890e-01,4.1920690912e+00,2.4587860146e-01,9.9336105922e-01,-1.3195606614e-01,-1.3019250660e-01,-9.8618081045e-03,5.5459661386e-01,2.9715651514e-01,483210,52,41,42,1.3200713842e-04,5.0631778705e-01,4.8104702141e-01,2.6594430626e-02,-3.6000990000e+00,-2.7929417152e+03,-1.2392304174e-02,-2.7929541076e+03,-8.6509370293e-06,447024,48,48,48,-8.8824767538e-05,1.0000000000e+00,5.4206754357e-01,6.6789787971e-02,-2.6370802889e+00,-1.4660807267e+00,-4.1769759512e-02,-1.5078504862e+00,6.3963093417e-06,2.6538260113e-02,6.6796184280e-02,1.4165694680e-06,3.7350567655e-04,0,0,0,2.3958248488e-04,3.1921888688e+00,3.1924284512e+00,9.3176175816e-08,2.8572417675e-05,2.8665593851e-05,4.7495061735e-04,2.3958248488e+00
297,2.9700000000e-02,1.0000000000e-04,-9.3503542080e-02,1.3491607714e-01,1.5078743736e+00,2.6365274888e-01,-2.1522422290e-01,2.1522422290e-01,1.4661915565e+00,3.3980005388e-01,1.2172068082e-01,1.2180218413e-01,1.9245008891e-01,1.3033861052e-01,0.0000000000e+00,0.0000000000e+00,0.0000000000e+00,0.0000000000e+00,2.2401810957e-05,3.2323529013e-05,3.6126028932e-04,6.3166580724e-05,2.2401810957e-05,2.3152708810e-05,8.8420225371e-05,2.6022259262e-05,-1.0854541068e+01,1.0854549946e+01,2.7978985826e+03,1.4409045049e+02,-1.0855552768e+01,1.0855552768e+01,2.7979107368e+03,1.4409416968e+02,1.0116997956e-03,2.9179883936e-03,3.7754124128e-01,2.7275838646e-02,0.0000000000e+00,0.0000000000e+00,0.0000000000e+00,0.0000000000e+00,5.1553709814e-07,5.1553751978e-07,1.3288636591e-04,6.8435848417e-06,5.2679485000e-07,5.3672226475e-07,1.3200370270e-04,6.8372070988e-06,1.0000000000e+00,4.1921888688e+00,2.0679115636e+00,4.1921888688e+00,1.0000000000e+00,1.0000285724e+00,1.0000095586e+00,1.0000285724e+00,1.8555249904e+03,1.9082845787e+03,1.9617618439e+00,nan,3.6784105489e-01,3.7830016630e-01,3.8890155067e-04,nan,1.4929129862e+00,2.3181834539e-02,2.6274456149e-01,4.1920690912e+00,2.4475489830e-01,9.9335775946e-01,-1.7435222374e-01,-1.7299231085e-01,-9.7225889576e-03,5.5462412320e-01,2.9710967831e-01,501943,54,44,55,1.3200370270e-04,5.0644979419e-01,4.8101320019e-01,2.6585779689e-02,-3.6004332315e+00,-2.7928082627e+03,-1.2651150138e-02,-2.7928209139e+03,-8.3253865164e-06,447024,48,48,48,-8.8420225371e-05,1.0000000000e+00,5.4197871881e-01,6.6796184280e-02,-2.6369776716e+00,-1.4661915565e+00,-4.1682817059e-02,-1.5078743736e+00,7.1132294031e-06,2.6529474698e-02,6.6803297510e-02,1.3375480560e-06,3.7404501713e-04,0,0,0,2.3958248488e-04,3.1921888688e+00,3.1924284512e+00,9.3176175816e-08,2.8572417675e-05,2.8665593851e-05,4.7495061735e-04,2.3958248488e+00
298,2.9800000000e-02,1.0000000000e-04,-9.3505592699e-02,1.3492034842e-01,1.5079005985e+00,2.6364039980e-01,-2.1524247276e-01,2.1524247276e-01,1.4663043358e+00,3.3979571506e-01,1.2173688006e-01,1.2181804579e-01,1.9245008954e-01,1.3035133539e-01,0.0000000000e+00,0.0000000000e+00,0.0000000000e+00,0.0000000000e+00,2.2402302249e-05,3.2324552336e-05,3.6126657234e-04,6.3163622101e-05,2.2402302249e-05,2.3149655935e-05,8.8017596935e-05,2.6010787092e-05,-1.0854788795e+01,1.0854797686e+01,2.7978484157e+03,1.4409226152e+02,-1.0855800147e+01,1.0855800147e+01,2.7978603127e+03,1.4409597719e+02,1.0113528576e-03,2.9180962187e-03,3.7754222780e-01,2.7276066770e-02,0.0000000000e+00,0.0000000000e+00,0.0000000000e+00,0.0000000000e+00,5.1554886392e-07,5.1554928623e-07,1.3288398323e-04,6.8436708563e-06,5.2680537890e-07,5.3674804590e-07,1.3200088554e-04,6.8372877067e-06,1.0000000000e+00,4.1921888688e+00,2.0679115636e+00,4.1921888688e+00,1.0000000000e+00,1.0000285724e+00,1.0000095586e+00,1.0000285724e+00,1.8554594504e+03,1.9081034165e+03,1.9617669636e+00,nan,3.6782806216e-01,3.7826425252e-01,3.8890256561e-04,nan,1.4997101732e+00,2.3186005330e-02,2.6286354514e-01,4.1920690912e+00,2.4363615035e-01,9.9335437075e-01,-2.1207791184e-01,-2.1105329510e-01,-9.5508598429e-03,5.5465042792e-01,2.9706176706e-01,511158,55,44,54,1.3200088554e-04,5.0658179789e-01,4.8097953135e-01,2.6577454303e-02,-3.6007549851e+00,-2.7926882107e+03,-1.2909984074e-02,-2.7927011207e+03,-8.0244947942e-06,447024,48,48,48,-8.8017596935e-05,1.0000000000e+00,5.4189029858e-01,6.6803297510e-02,-2.6368635633e+00,-1.4663043358e+00,-4.1596262681e-02,-1.5079005985e+00,7.8621389323e-06,2.6520906023e-02,6.6811159649e-02,1.2682071189e-06,3.7458190589e-04,0,0,0,2.3958248488e-04,3.1921888688e+00,3.1924284512e+00,9.3176175816e-08,2.8572417675e-05,2.8665593851e-05,4.7495061735e-04,2.3958248488e+00
299,2.9900000000e-02,1.0000000000e-04,-9.3507951322e-02,1.3492497515e-01,1.5079292747e+00,2.6362897262e-01,-2.1526102792e-01,2.1526102792e-01,1.4664191801e+00,3.3979219961e-01,1.2175307659e-01,1.2183390802e-01,1.9245008644e-01,1.3036406318e-01,0.0000000000e+00,0.0000000000e+00,0.0000000000e+00,0.0000000000e+00,2.2402867334e-05,3.2325660819e-05,3.6127344267e-04,6.3160884348e-05,2.2402867334e-05,2.3146656424e-05,8.7616791891e-05,2.5999444456e-05,-1.0855087871e+01,1.0855096776e+01,2.7978104247e+03,1.4409474800e+02,-1.0856098876e+01,1.0856098876e+01,2.7978220647e+03,1.4409846014e+02,1.0110058681e-03,2.9182036996e-03,3.7754315607e-01,2.7276295121e-02,0.0000000000e+00,0.0000000000e+00,0.0000000000e+00,0.0000000000e+00,5.1556306855e-07,5.1556349153e-07,1.3288217884e-04,6.8437889521e-06,5.2682125864e-07,5.3677300527e-07,1.3199864779e-04,6.8374004248e-06,1.0000000000e+00,4.1921888688e+00,2.0679115636e+00,4.1921888688e+00,1.0000000000e+00,1.0000285724e+00,1.0000095586e+00,1.0000285724e+00,1.8553989710e+03,1.9079278985e+03,1.9617718187e+00,nan,3.6781607268e-01,3.7822945768e-01,3.8890352808e-04,nan,1.5065450919e+00,2.3190088254e-02,2.6298255859e-01,4.1920690912e+00,2.4252209419e-01,9.9335101922e-01,-2.4468276589e-01,-2.4386276077e-01,-9.3483018787e-03,5.5467578875e-01,2.9701162117e-01,381932,41,42,44,1.3199864779e-04,5.0671379878e-01,4.8094601580e-01,2.6569429808e-02,-3.6010652029e+00,-2.7925803683e+03,-1.3168807086e-02,-2.7925935371e+03,-7.7490806994e-06,447024,48,48,48,-8.7616791891e-05,1.0000000000e+00,5.4180228098e-01,6.6811159649e-02,-2.6367374544e+00,-1.4664191801e+00,-4.1510094629e-02,-1.5079292747e+00,8.6362111153e-06,2.6512537016e-02,6.6819795860e-02,1.2085373445e-06,3.7511629073e-04,0,0,0,2.3958248488e-04,3.1921888688e+00,3.1924284512e+00,9.3176175816e-08,2.8572417675e-05,2.8665593851e-05,4.7495061735e-04,2.3958248488e+00
300,3.0000000000e-02,1.0000000000e-04,-9.3510601691e-02,1.3492994283e-01,1.5079604916e+00,2.6361840386e-01,-2.1527987205e-01,2.1527987205e-01,1.4665361804e+00,3.3978945330e-01,1.2176927036e-01,1.2184977815e-01,1.9245008949e-01,1.3037679385e-01,0.0000000000e+00,0.0000000000e+00,0.0000000000e+00,0.0000000000e+00,2.2403502316e-05,3.2326850987e-05,3.6128092169e-04,6.3158352258e-05,2.2403502316e-05,2.3143708755e-05,8.7217727494e-05,2.5988228825e-05,-1.0855433675e+01,1.0855442595e+01,2.7977833824e+03,1.4409784733e+02,-1.0856444334e+01,1.0856444334e+01,2.7977947652e+03,1.4410155593e+02,1.0106588366e-03,2.9183108447e-03,3.7754402603e-01,2.7276523698e-02,0.0000000000e+00,0.0000000000e+00,0.0000000000e+00,0.0000000000e+00,5.1557949258e-07,5.1557991622e-07,1.3288089447e-04,6.8439361550e-06,5.2683869076e-07,5.3680334531e-07,1.3199695945e-04,6.8375422470e-06,1.0000000000e+00,4.1921888688e+00,2.0679115636e+00,4.1921888688e+00,1.0000000000e+00,1.0000285724e+00,1.0000095586e+00,1.0000285724e+00,1.8553426286e+03,1.9077570691e+03,1.9617763080e+00,nan,3.6780490330e-01,3.7819559229e-01,3.8890441805e-04,nan,1.5134189257e+00,2.3194352772e-02,2.6310151004e-01,4.1920690912e+00,2.4141249166e-01,9.9334791488e-01,-2.7182958883e-01,-2.7122284202e-01,-9.1173697187e-03,5.5470040536e-01,2.9696220764e-01,392105,42,52,41,1.3199695945e-04,5.0684579743e-01,4.8091265431e-01,2.6561680727e-02,-3.6013648600e+00,-2.7924835020e+03,-1.3427620202e-02,-2.7924969296e+03,-7.4997722757e-06,447024,48,48,48,-8.7217727494e-05,1.0000000000e+00,5.4171466419e-01,6.6819795860e-02,-2.6365989452e+00,-1.4665361804e+00,-4.1424311240e-02,-1.5079604916e+00,9.4287210102e-06,2.6504350129e-02,6.6829224581e-02,1.1584742824e-06,3.7564810758e-04,0,0,0,2.3958248488e-04,3.1921888688e+00,3.1924284512e+00,9.3176175816e-08,2.8572417675e-05,2.8665593851e-05,4.7495061735e-04,2.3958248488e+00
301,3.0100000000e-02,1.0000000000e-04,-9.3513526575e-02,1.3493522698e-01,1.5079943143e+00,2.6360862741e-01,-2.1529898790e-01,2.1529898790e-01,1.4666554033e+00,3.3978741954e-01,1.2178546132e-01,1.2186564690e-01,1.9245008191e-01,1.3038952733e-01,0.0000000000e+00,0.0000000000e+00,0.0000000000e+00,0.0000000000e+00,2.2404203067e-05,3.2328116978e-05,3.6128902500e-04,6.3156009992e-05,2.2404203067e-05,2.3140811278e-05,8.6820328694e-05,2.5977137504e-05,-1.0855821443e+01,1.0855830376e+01,2.7977660283e+03,1.4410149505e+02,-1.0856831755e+01,1.0856831755e+01,2.7977771540e+03,1.4410520010e+02,1.0103117589e-03,2.9184176492e-03,3.7754483765e-01,2.7276752502e-02,0.0000000000e+00,0.0000000000e+00,0.0000000000e+00,0.0000000000e+00,5.1559790962e-07,5.1559833392e-07,1.3288007023e-04,6.8441094035e-06,5.2685683755e-07,5.3683967895e-07,1.3199576167e-04,6.8377101622e-06,1.0000000000e+00,4.1921888688e+00,2.0679115636e+00,4.1921888688e+00,1.0000000000e+00,1.0000285724e+00,1.0000095586e+00,1.0000285724e+00,1.8552895073e+03,1.9075899817e+03,1.9617806025e+00,nan,3.6779437247e-01,3.7816246872e-01,3.8890526940e-04,nan,1.5203324343e+00,2.3198827064e-02,2.6322030906e-01,4.1920690912e+00,2.4030712999e-01,9.9334506250e-01,-2.9357533300e-01,-2.9331008881e-01,-8.8603998671e-03,5.5472439474e-01,2.9691334897e-01,483305,52,42,41,1.3199576167e-04,5.0697779439e-01,4.8087944757e-01,2.6554180955e-02,-3.6016549574e+00,-2.7923963453e+03,-1.3686424393e-02,-2.7924100317e+03,-7.2770097406e-06,447024,48,48,48,-8.6820328694e-05,1.0000000000e+00,5.4162744647e-01,6.6829224581e-02,-2.6364477445e+00,-1.4666554033e+00,-4.1338910932e-02,-1.5079943143e+00,1.0233083519e-05,2.6496327465e-02,6.6839457664e-02,1.1178981472e-06,3.7617699924e-04,0,0,0,2.3958248488e-04,3.1921888688e+00,3.1924284512e+00,9.3176175816e-08,2.8572417675e-05,2.8665593851e-05,4.7495061735e-04,2.3958248488e+00
302,3.0200000000e-02,1.0000000000e-04,-9.3516707905e-02,1.3494080298e-01,1.5080307840e+00,2.6359957505e-01,-2.1531835734e-01,2.1531835734e-01,1.4667768918e+00,3.3978603979e-01,1.2180164944e-01,1.2188151424e-01,1.9245008921e-01,1.3040226358e-01,0.0000000000e+00,0.0000000000e+00,0.0000000000e+00,0.0000000000e+00,2.2404965258e-05,3.2329452890e-05,3.6129776252e-04,6.3153841205e-05,2.2404965258e-05,2.3137962228e-05,8.6424528183e-05,2.5966167648e-05,-1.0856246298e+01,1.0856255245e+01,2.7977570782e+03,1.4410562533e+02,-1.0857256262e+01,1.0857256262e+01,2.7977679468e+03,1.4410932683e+02,1.0099646286e-03,2.9185241062e-03,3.7754559086e-01,2.7276981533e-02,0.0000000000e+00,0.0000000000e+00,0.0000000000e+00,0.0000000000e+00,5.1561808812e-07,5.1561851308e-07,1.3287964515e-04,6.8443055716e-06,5.2687889779e-07,5.3687319306e-07,1.3199485145e-04,6.8379010459e-06,1.0000000000e+00,4.1921888688e+00,2.0679115636e+00,4.1921888688e+00,1.0000000000e+00,1.0000285724e+00,1.0000095586e+00,1.0000285724e+00,1.8552387046e+03,1.9074257049e+03,1.9617844419e+00,nan,3.6778430130e-01,3.7812990233e-01,3.8890603053e-04,nan,1.5272846058e+00,2.3203132054e-02,2.6333886227e-01,4.1920690912e+00,2.3920582176e-01,9.9334139029e-01,-3.1051697931e-01,-3.1066977338e-01,-8.5796132867e-03,5.5474787283e-01,2.9686348368e-01,381932,41,42,44,1.3199485145e-04,5.0710979015e-01,4.8084639612e-01,2.6546903945e-02,-3.6019365143e+00,-2.7923176081e+03,-1.3945220510e-02,-2.7923315533e+03,-7.0810492917e-06,447024,48,48,48,-8.6424528183e-05,1.0000000000e+00,5.4154062614e-01,6.6839457664e-02,-2.6362836674e+00,-1.4667768918e+00,-4.1253892194e-02,-1.5080307840e+00,1.1042889035e-05,2.6488450911e-02,6.6850500553e-02,1.0866391690e-06,3.7670287790e-04,0,0,0,2.3958248488e-04,3.1921888688e+00,3.1924284512e+00,9.3176175816e-08,2.8572417675e-05,2.8665593851e-05,4.7495061735e-04,2.3958248488e+00
303,3.0300000000e-02,1.0000000000e-04,-9.3520126903e-02,1.3494664309e-01,1.5080699193e+00,2.6359117697e-01,-2.1533796157e-01,2.1533796157e-01,1.4669006657e+00,3.3978525404e-01,1.2181783466e-01,1.2189738013e-01,1.9245008941e-01,1.3041500255e-01,0.0000000000e+00,0.0000000000e+00,0.0000000000e+00,0.0000000000e+00,2.2405784390e-05,3.2330852078e-05,3.6130713865e-04,6.3151829173e-05,2.2405784390e-05,2.3135159738e-05,8.6030266396e-05,2.5955316275e-05,-1.0856703291e+01,1.0856712252e+01,2.7977552337e+03,1.4411017148e+02,-1.0857712908e+01,1.0857712908e+01,2.7977658451e+03,1.4411386941e+02,1.0096174530e-03,2.9186302227e-03,3.7754628563e-01,2.7277210792e-02,0.0000000000e+00,0.0000000000e+00,0.0000000000e+00,0.0000000000e+00,5.1563979303e-07,5.1564021864e-07,1.3287955754e-04,6.8445214910e-06,5.2689928693e-07,5.3691101511e-07,1.3199405931e-04,6.8381117213e-06,1.0000000000e+00,4.1921888688e+00,2.0679115636e+00,4.1921888688e+00,1.0000000000e+00,1.0000285724e+00,1.0000095586e+00,1.0000285724e+00,1.8551893369e+03,1.9072633277e+03,1.9617880500e+00,nan,3.6777451461e-01,3.7809771252e-01,3.8890674581e-04,nan,1.5342746784e+00,2.3207577609e-02,2.6345707558e-01,4.1920690912e+00,2.3810840471e-01,9.9333608380e-01,-3.2346485325e-01,-3.2398397666e-01,-8.2779528567e-03,5.5477086192e-01,2.9681470304e-01,501929,54,44,41,1.3199405931e-04,5.0724178500e-01,4.8081350041e-01,2.6539822896e-02,-3.6022105613e+00,-2.7922459860e+03,-1.4204009011e-02,-2.7922601900e+03,-6.9119680606e-06,447024,48,48,48,-8.6030266396e-05,1.0000000000e+00,5.4145420161e-01,6.6850500553e-02,-2.6361066320e+00,-1.4669006657e+00,-4.1169253580e-02,-1.5080699193e+00,1.1851936710e-05,2.6480472933e-02,6.6862352490e-02,1.0644798993e-06,3.7722647572e-04,0,0,0,2.3958248488e-04,3.1921888688e+00,3.1924284512e+00,9.3176175816e-08,2.8572417675e-05,2.8665593851e-05,4.7495061735e-04,2.3958248488e+00
304,3.0400000000e-02,1.0000000000e-04,-9.3523764215e-02,1.3495272757e-01,1.5081117162e+00,2.6358336226e-01,-2.1535778119e-01,2.1535778119e-01,1.4670267225e+00,3.3978500120e-01,1.2183401698e-01,1.2191324453e-01,1.9245008757e-01,1.3042774421e-01,0.0000000000e+00,0.0000000000e+00,0.0000000000e+00,0.0000000000e+00,2.2406655826e-05,3.2332309812e-05,3.6131715245e-04,6.3149956904e-05,2.2406655826e-05,2.3132401846e-05,8.5637491460e-05,2.5944580277e-05,-1.0857187433e+01,1.0857196408e+01,2.7977591902e+03,1.4411506635e+02,-1.0858196703e+01,1.0858196703e+01,2.7977695445e+03,1.4411876071e+02,1.0092702183e-03,2.9187359852e-03,3.7754692192e-01,2.7277440279e-02,0.0000000000e+00,0.0000000000e+00,0.0000000000e+00,0.0000000000e+00,5.1566278741e-07,5.1566321366e-07,1.3287974546e-04,6.8447539733e-06,5.2691921648e-07,5.3694943420e-07,1.3199368862e-04,6.8383390208e-06,1.0000000000e+00,4.1921888688e+00,2.0679115636e+00,4.1921888688e+00,1.0000000000e+00,1.0000285724e+00,1.0000095586e+00,1.0000285724e+00,1.8551405443e+03,1.9071019645e+03,1.9617913751e+00,nan,3.6776484192e-01,3.7806572372e-01,3.8890740496e-04,nan,1.5413072752e+00,2.3212005297e-02,2.6357485640e-01,4.1920690912e+00,2.3701474142e-01,9.9333188939e-01,-3.3259853307e-01,-3.3359981372e-01,-7.9577863365e-03,5.5479354124e-01,2.9676576459e-01,392105,42,52,41,1.3199368862e-04,5.0737377906e-01,4.8078076075e-01,2.6532910928e-02,-3.6024781332e+00,-2.7921801689e+03,-1.4462790018e-02,-2.7921946317e+03,-6.7696702251e-06,447024,48,48,48,-8.5637491460e-05,1.0000000000e+00,5.4136817134e-01,6.6862352490e-02,-2.6359166564e+00,-1.4670267225e+00,-4.1084993699e-02,-1.5081117162e+00,1.2654265018e-05,2.6472374903e-02,6.6875006755e-02,1.0511572550e-06,3.7774784754e-04,0,0,0,2.3958248488e-04,3.1921888688e+00,3.1924284512e+00,9.3176175816e-08,2.8572417675e-05,2.8665593851e-05,4.7495061735e-04,2.3958248488e+00
305,3.0500000000e-02,1.0000000000e-04,-9.3527600037e-02,1.3495903917e-01,1.5081561495e+00,2.6357605939e-01,-2.1537779639e-01,2.1537779639e-01,1.4671550383e+00,3.3978521953e-01,1.2185019635e-01,1.2192910744e-01,1.9245008512e-01,1.3044048850e-01,0.0000000000e+00,0.0000000000e+00,0.0000000000e+00,0.0000000000e+00,2.2407574822e-05,3.2333821961e-05,3.6132779788e-04,6.3148207263e-05,2.2407574822e-05,2.3129686511e-05,8.5246159101e-05,2.5933956439e-05,-1.0857693731e+01,1.0857702719e+01,2.7977676464e+03,1.4412024286e+02,-1.0858702654e+01,1.0858702654e+01,2.7977777436e+03,1.4412393364e+02,1.0089229170e-03,2.9188413856e-03,3.7754749966e-01,2.7277669995e-02,0.0000000000e+00,0.0000000000e+00,0.0000000000e+00,0.0000000000e+00,5.1568683406e-07,5.1568726096e-07,1.3288014709e-04,6.8449998317e-06,5.2694158507e-07,5.3698650104e-07,1.3199361747e-04,6.8385797184e-06,1.0000000000e+00,4.1921888688e+00,2.0679115636e+00,4.1921888688e+00,1.0000000000e+00,1.0000285724e+00,1.0000095586e+00,1.0000285724e+00,1.8550914952e+03,1.9069407599e+03,1.9617944020e+00,nan,3.6775511838e-01,3.7803376637e-01,3.8890800503e-04,nan,1.5483819900e+00,2.3216332862e-02,2.6369211093e-01,4.1920690912e+00,2.3592471877e-01,9.9332835161e-01,-3.3850328899e-01,-3.4005040431e-01,-7.6216911997e-03,5.5481601347e-01,2.9671621023e-01,410729,44,54,41,1.3199361747e-04,5.0750577275e-01,4.8074817735e-01,2.6526141258e-02,-3.6027402623e+00,-2.7921188498e+03,-1.4721564250e-02,-2.7921335714e+03,-6.6538927476e-06,447024,48,48,48,-8.5246159101e-05,1.0000000000e+00,5.4128253385e-01,6.6875006755e-02,-2.6357138548e+00,-1.4671550383e+00,-4.1001111213e-02,-1.5081561495e+00,1.3444179621e-05,2.6464363795e-02,6.6888450935e-02,1.0463667606e-06,3.7827492379e-04,0,0,0,2.3958248488e-04,3.1921888688e+00,3.1924284512e+00,9.3176175816e-08,2.8572417675e-05,2.8665593851e-05,4.7495061735e-04,2.3958248488e+00
306,3.0600000000e-02,1.0000000000e-04,-9.3531614242e-02,1.3496554631e-01,1.5082031735e+00,2.6356919668e-01,-2.1539798700e-01,2.1539798700e-01,1.4672855686e+00,3.3978584704e-01,1.2186637276e-01,1.2194496881e-01,1.9245008973e-01,1.3045323541e-01,0.0000000000e+00,0.0000000000e+00,0.0000000000e+00,0.0000000000e+00,2.2408536555e-05,3.2335380959e-05,3.6133906401e-04,6.3146563080e-05,2.2408536555e-05,2.3127011620e-05,8.4856232502e-05,2.5923441451e-05,-1.0858217217e+01,1.0858226219e+01,2.7977793123e+03,1.4412563435e+02,-1.0859225793e+01,1.0859225793e+01,2.7977891523e+03,1.4412932155e+02,1.0085755538e-03,2.9189464285e-03,3.7754801881e-01,2.7277899939e-02,0.0000000000e+00,0.0000000000e+00,0.0000000000e+00,0.0000000000e+00,5.1571169706e-07,5.1571212460e-07,1.3288070116e-04,6.8452559011e-06,5.2696893065e-07,5.3702232652e-07,1.3199371052e-04,6.8388306391e-06,1.0000000000e+00,4.1921888688e+00,2.0679115636e+00,4.1921888688e+00,1.0000000000e+00,1.0000285724e+00,1.0000095586e+00,1.0000285724e+00,1.8550413907e+03,1.9067788930e+03,1.9617970526e+00,nan,3.6774518560e-01,3.7800167773e-01,3.8890853049e-04,nan,1.5554981246e+00,2.3220567160e-02,2.6380874824e-01,4.1920690912e+00,2.3483824738e-01,9.9332490999e-01,-3.4178019803e-01,-3.4384338752e-01,-7.2727273081e-03,5.5483816861e-01,2.9666574485e-01,382122,41,44,42,1.3199371052e-04,5.0763776636e-01,4.8071575028e-01,2.6519487365e-02,-3.6029979718e+00,-2.7920607334e+03,-1.4980332185e-02,-2.7920757137e+03,-6.5642129868e-06,447024,48,48,48,-8.4856232502e-05,1.0000000000e+00,5.4119728769e-01,6.6888450935e-02,-2.6354984328e+00,-1.4672855686e+00,-4.0917604824e-02,-1.5082031735e+00,1.4216278608e-05,2.6456425303e-02,6.6902667213e-02,1.0497694012e-06,3.7890116197e-04,0,0,0,2.3958248488e-04,3.1921888688e+00,3.1924284512e+00,9.3176175816e-08,2.8572417675e-05,2.8665593851e-05,4.7495061735e-04,2.3958248488e+00
307,3.0700000000e-02,1.0000000000e-04,-9.3535786499e-02,1.3497222876e-01,1.5082527233e+00,2.6356270279e-01,-2.1541833268e-01,2.1541833268e-01,1.4674182500e+00,3.3978682187e-01,1.2188254618e-01,1.2196082863e-01,1.9245008972e-01,1.3046598490e-01,0.0000000000e+00,0.0000000000e+00,0.0000000000e+00,0.0000000000e+00,2.2409536155e-05,3.2336981957e-05,3.6135093527e-04,6.3145007256e-05,2.2409536155e-05,2.3124375003e-05,8.4467682124e-05,2.5913031919e-05,-1.0858752982e+01,1.0858761998e+01,2.7977929170e+03,1.4413117508e+02,-1.0859761210e+01,1.0859761210e+01,2.7978024999e+03,1.4413485869e+02,1.0082281446e-03,2.9190511293e-03,3.7754847933e-01,2.7278130109e-02,0.0000000000e+00,0.0000000000e+00,0.0000000000e+00,0.0000000000e+00,5.1573714326e-07,5.1573757144e-07,1.3288134731e-04,6.8455190582e-06,5.2699562330e-07,5.3705879567e-07,1.3199371660e-04,6.8390886643e-06,1.0000000000e+00,4.1921888688e+00,2.0679115636e+00,4.1921888688e+00,1.0000000000e+00,1.0000285724e+00,1.0000095586e+00,1.0000285724e+00,1.8549894682e+03,1.9066155814e+03,1.9617994456e+00,nan,3.6773489244e-01,3.7796930267e-01,3.8890900488e-04,nan,1.5626534703e+00,2.3224791831e-02,2.6392468028e-01,4.1920690912e+00,2.3375526083e-01,9.9332012559e-01,-3.4299757805e-01,-3.4544248238e-01,-6.9135650443e-03,5.5486016818e-01,2.9661684957e-01,501943,54,44,55,1.3199371660e-04,5.0776976007e-01,4.8068347949e-01,2.6512923152e-02,-3.6032522695e+00,-2.7920045436e+03,-1.5239094037e-02,-2.7920197827e+03,-6.5000569564e-06,447024,48,48,48,-8.4467682124e-05,1.0000000000e+00,5.4111243146e-01,6.6902667213e-02,-2.6352706828e+00,-1.4674182500e+00,-4.0834473267e-02,-1.5082527233e+00,1.4965474973e-05,2.6448545356e-02,6.6917632688e-02,1.0609871512e-06,3.7952391410e-04,0,0,0,2.3958248488e-04,3.1921888688e+00,3.1924284512e+00,9.3176175816e-08,2.8572417675e-05,2.8665593851e-05,4.7495061735e-04,2.3958248488e+00
308,3.0800000000e-02,1.0000000000e-04,-9.3540096390e-02,1.3497907390e-01,1.5083047159e+00,2.6355650707e-01,-2.1543881300e-01,2.1543881300e-01,1.4675530006e+00,3.3978808266e-01,1.2189871661e-01,1.2197668689e-01,1.9245008933e-01,1.3047873693e-01,0.0000000000e+00,0.0000000000e+00,0.0000000000e+00,0.0000000000e+00,2.2410568729e-05,3.2338621932e-05,3.6136339179e-04,6.3143522872e-05,2.2410568729e-05,2.3121774441e-05,8.4080485491e-05,2.5902724380e-05,-1.0859296205e+01,1.0859305234e+01,2.7978072164e+03,1.4413680054e+02,-1.0860304086e+01,1.0860304086e+01,2.7978165421e+03,1.4414048055e+02,1.0078806843e-03,2.9191554825e-03,3.7754888116e-01,2.7278360506e-02,0.0000000000e+00,0.0000000000e+00,0.0000000000e+00,0.0000000000e+00,5.1576294366e-07,5.1576337248e-07,1.3288202646e-04,6.8457862397e-06,5.2702125945e-07,5.3709704277e-07,1.3199381571e-04,6.8393507430e-06,1.0000000000e+00,4.1921888688e+00,2.0679115636e+00,4.1921888688e+00,1.0000000000e+00,1.0000285724e+00,1.0000095586e+00,1.0000285724e+00,1.8549350054e+03,1.9064500846e+03,1.9618015376e+00,nan,3.6772409569e-01,3.7793649442e-01,3.8890941959e-04,nan,1.5698507798e+00,2.3229058139e-02,2.6403982232e-01,4.1920690912e+00,2.3267571481e-01,9.9331579466e-01,-3.4211025327e-01,-3.4494081390e-01,-6.5464973385e-03,5.5488214426e-01,2.9656819269e-01,382890,41,52,42,1.3199381571e-04,5.0790175379e-01,4.8065136483e-01,2.6506423095e-02,-3.6035041423e+00,-2.7919490316e+03,-1.5497849528e-02,-2.7919645294e+03,-6.4607078784e-06,447024,48,48,48,-8.4080485491e-05,1.0000000000e+00,5.4102796378e-01,6.6917632688e-02,-2.6350309789e+00,-1.4675530006e+00,-4.0751715307e-02,-1.5083047159e+00,1.5687016494e-05,2.6440710196e-02,6.6933319705e-02,1.0796161169e-06,3.8014341157e-04,0,0,0,2.3958248488e-04,3.1921888688e+00,3.1924284512e+00,9.3176175816e-08,2.8572417675e-05,2.8665593851e-05,4.7495061735e-04,2.3958248488e+00
309,3.0900000000e-02,1.0000000000e-04,-9.3544523521e-02,1.3498604006e-01,1.5083590516e+00,2.6355054006e-01,-2.1545940756e-01,2.1545940756e-01,1.4676897218e+00,3.3978956890e-01,1.2191488404e-01,1.2199254357e-01,1.9245008902e-01,1.3049149150e-01,0.0000000000e+00,0.0000000000e+00,0.0000000000e+00,0.0000000000e+00,2.2411629392e-05,3.2340290902e-05,3.6137640967e-04,6.3142093281e-05,2.2411629392e-05,2.3119207675e-05,8.3694626932e-05,2.5892515319e-05,-1.0859842180e+01,1.0859851222e+01,2.7978210002e+03,1.4414244787e+02,-1.0860849713e+01,1.0860849713e+01,2.7978300688e+03,1.4414612429e+02,1.0075331673e-03,2.9192594821e-03,3.7754922425e-01,2.7278591128e-02,0.0000000000e+00,0.0000000000e+00,0.0000000000e+00,0.0000000000e+00,5.1578887477e-07,5.1578930423e-07,1.3288268113e-04,6.8460544603e-06,5.2704511042e-07,5.3713708263e-07,1.3199393577e-04,6.8396138849e-06,1.0000000000e+00,4.1921888688e+00,2.0679115636e+00,4.1921888688e+00,1.0000000000e+00,1.0000285724e+00,1.0000095586e+00,1.0000285724e+00,1.8548773234e+03,1.9062817073e+03,1.9618033235e+00,nan,3.6771266075e-01,3.7790311516e-01,3.8890977364e-04,nan,1.5770897202e+00,2.3233368988e-02,2.6415409243e-01,4.1920690912e+00,2.3159958617e-01,9.9331180441e-01,-3.3928508120e-01,-3.4252462228e-01,-6.1742343864e-03,5.5490409085e-01,2.9651962390e-01,381932,41,42,44,1.3199393577e-04,5.0803374761e-01,4.8061940603e-01,2.6499962387e-02,-3.6037545498e+00,-2.7918929824e+03,-1.5756598731e-02,-2.7919087390e+03,-6.4453158253e-06,447024,48,48,48,-8.3694626932e-05,1.0000000000e+00,5.4094388329e-01,6.6933319705e-02,-2.6347797715e+00,-1.4676897218e+00,-4.0669329729e-02,-1.5083590516e+00,1.6376502751e-05,2.6432906458e-02,6.6949696208e-02,1.1052238275e-06,3.8075988445e-04,0,0,0,2.3958248488e-04,3.1921888688e+00,3.1924284512e+00,9.3176175816e-08,2.8572417675e-05,2.8665593851e-05,4.7495061735e-04,2.3958248488e+00
310,3.1000000000e-02,1.0000000000e-04,-9.3549047629e-02,1.3499311530e-01,1.5084156149e+00,2.6354473379e-01,-2.1548009609e-01,2.1548009609e-01,1.4678282996e+00,3.3979122124e-01,1.2193104846e-01,1.2200839868e-01,1.9245008760e-01,1.3050424857e-01,0.0000000000e+00,0.0000000000e+00,0.0000000000e+00,0.0000000000e+00,2.2412713289e-05,3.2341986006e-05,3.6138996126e-04,6.3140702200e-05,2.2412713289e-05,2.3116672420e-05,8.3310097293e-05,2.5882401177e-05,-1.0860386344e+01,1.0860395399e+01,2.7978330990e+03,1.4414805622e+02,-1.0861393529e+01,1.0861393529e+01,2.7978419104e+03,1.4415172904e+02,1.0071855861e-03,2.9193631201e-03,3.7754950854e-01,2.7278821977e-02,0.0000000000e+00,0.0000000000e+00,0.0000000000e+00,0.0000000000e+00,5.1581471987e-07,5.1581514996e-07,1.3288325576e-04,6.8463208293e-06,5.2707398287e-07,5.3717338685e-07,1.3199401684e-04,6.8398751597e-06,1.0000000000e+00,4.1921888688e+00,2.0679115636e+00,4.1921888688e+00,1.0000000000e+00,1.0000285724e+00,1.0000095586e+00,1.0000285724e+00,1.8548157890e+03,1.9061098026e+03,1.9618048152e+00,nan,3.6770046212e-01,3.7786903659e-01,3.8891006935e-04,nan,1.5843699759e+00,2.3237487519e-02,2.6426741140e-01,4.1920690912e+00,2.3052687187e-01,9.9330811908e-01,-3.3476108254e-01,-3.3840483154e-01,-5.7993540749e-03,5.5492603059e-01,2.9647137021e-01,483305,52,42,41,1.3199401684e-04,5.0816574154e-01,4.8058760269e-01,2.6493517071e-02,-3.6040044199e+00,-2.7918352223e+03,-1.6015341580e-02,-2.7918512376e+03,-6.4529077158e-06,447024,48,48,48,-8.3310097293e-05,1.0000000000e+00,5.4086018866e-01,6.6949696208e-02,-2.6345175810e+00,-1.4678282996e+00,-4.0587315332e-02,-1.5084156149e+00,1.7029899522e-05,2.6425121239e-02,6.6966726107e-02,1.1373554842e-06,3.8137352060e-04,0,0,0,2.3958248488e-04,3.1921888688e+00,3.1924284512e+00,9.3176175816e-08,2.8572417675e-05,2.8665593851e-05,4.7495061735e-04,2.3958248488e+00
311,3.1100000000e-02,1.0000000000e-04,-9.3553648680e-02,1.3500026566e-01,1.5084742765e+00,2.6353902217e-01,-2.1550085855e-01,2.1550085855e-01,1.4679686056e+00,3.3979298180e-01,1.2194720987e-01,1.2202426017e-01,1.9245007557e-01,1.3051700813e-01,0.0000000000e+00,0.0000000000e+00,0.0000000000e+00,0.0000000000e+00,2.2413815621e-05,3.2343699106e-05,3.6140401556e-04,6.3139333796e-05,2.2413815621e-05,2.3114166368e-05,8.2926893630e-05,2.5872378362e-05,-1.0860924300e+01,1.0860933369e+01,2.7978423896e+03,1.4415356704e+02,-1.0861931138e+01,1.0861931138e+01,2.7978509438e+03,1.4415723626e+02,1.0068379610e-03,2.9194664159e-03,3.7754973398e-01,2.7279053050e-02,0.0000000000e+00,0.0000000000e+00,0.0000000000e+00,0.0000000000e+00,5.1584027015e-07,5.1584070087e-07,1.3288369702e-04,6.8465825660e-06,5.2709993686e-07,5.3721615521e-07,1.3199404471e-04,6.8401318109e-06,1.0000000000e+00,4.1921888688e+00,2.0679115636e+00,4.1921888688e+00,1.0000000000e+00,1.0000285724e+00,1.0000095586e+00,1.0000285724e+00,1.8547498179e+03,1.9059337735e+03,1.9618061093e+00,nan,3.6768738393e-01,3.7783414041e-01,3.8891032588e-04,nan,1.5916916568e+00,2.3241857251e-02,2.6437970700e-01,4.1920690912e+00,2.2945758780e-01,9.9330503042e-01,-3.2885465466e-01,-3.3282696567e-01,-5.4244276605e-03,5.5494793737e-01,2.9642323955e-01,502697,54,52,41,1.3199404471e-04,5.0829773556e-01,4.8055595433e-01,2.6487064164e-02,-3.6042546436e+00,-2.7917746240e+03,-1.6274077889e-02,-2.7917908981e+03,-6.4823978818e-06,447024,48,48,48,-8.2926893630e-05,1.0000000000e+00,5.4077687857e-01,6.6966726107e-02,-2.6342449928e+00,-1.4679686056e+00,-4.0505670924e-02,-1.5084742765e+00,1.7643550506e-05,2.6417342159e-02,6.6984369658e-02,1.1755386292e-06,3.8198447625e-04,0,0,0,2.3958248488e-04,3.1921888688e+00,3.1924284512e+00,9.3176175816e-08,2.8572417675e-05,2.8665593851e-05,4.7495061735e-04,2.3958248488e+00
312,3.1200000000e-02,1.0000000000e-04,-9.3558306963e-02,1.3500746943e-01,1.5085348942e+00,2.6353334132e-01,-2.1552167525e-01,2.1552167525e-01,1.4681104989e+00,3.3979479448e-01,1.2196336829e-01,1.2204012260e-01,1.9245006502e-01,1.3052977016e-01,0.0000000000e+00,0.0000000000e+00,0.0000000000e+00,0.0000000000e+00,2.2414931664e-05,3.2345425003e-05,3.6141853849e-04,6.3137972762e-05,2.2414931664e-05,2.3111689960e-05,8.2545018855e-05,2.5862443270e-05,-1.0861451843e+01,1.0861460925e+01,2.7978478015e+03,1.4415892440e+02,-1.0862458333e+01,1.0862458333e+01,2.7978560984e+03,1.4416259001e+02,1.0064902822e-03,2.9195693590e-03,3.7754990052e-01,2.7279284348e-02,0.0000000000e+00,0.0000000000e+00,0.0000000000e+00,0.0000000000e+00,5.1586532581e-07,5.1586575716e-07,1.3288395406e-04,6.8468370140e-06,5.2712837647e-07,5.3725544510e-07,1.3199389167e-04,6.8403811874e-06,1.0000000000e+00,4.1921888688e+00,2.0679115636e+00,4.1921888688e+00,1.0000000000e+00,1.0000285724e+00,1.0000095586e+00,1.0000285724e+00,1.8546788756e+03,1.9057530755e+03,1.9618070822e+00,nan,3.6767332028e-01,3.7779831867e-01,3.8891051876e-04,nan,1.5990533832e+00,2.3246047608e-02,2.6449091124e-01,4.1920690912e+00,2.2839176762e-01,9.9330195736e-01,-3.2173025611e-01,-3.2593977408e-01,-5.0517162484e-03,5.5496983990e-01,2.9637473407e-01,392105,42,52,41,1.3199389167e-04,5.0842972960e-01,4.8052446033e-01,2.6480581766e-02,-3.6045060706e+00,-2.7917101133e+03,-1.6532807445e-02,-2.7917266461e+03,-6.5325989842e-06,447024,48,48,48,-8.2545018855e-05,1.0000000000e+00,5.4069395167e-01,6.6984369658e-02,-2.6339626500e+00,-1.4681104989e+00,-4.0424395311e-02,-1.5085348942e+00,1.8214186353e-05,2.6409557420e-02,6.7002583844e-02,1.2192838863e-06,3.8259286522e-04,0,0,0,2.3958248488e-04,3.1921888688e+00,3.1924284512e+00,9.3176175816e-08,2.8572417675e-05,2.8665593851e-05,4.7495061735e-04,2.3958248488e+00
313,3.1300000000e-02,1.0000000000e-04,-9.3563003181e-02,1.3501471298e-01,1.5085973145e+00,2.6352762982e-01,-2.1554252688e-01,2.1554252688e-01,1.4682538272e+00,3.3979660516e-01,1.2197952370e-01,1.2205598340e-01,1.9245008261e-01,1.3054253466e-01,0.0000000000e+00,0.0000000000e+00,0.0000000000e+00,0.0000000000e+00,2.2416056795e-05,3.2347160431e-05,3.6143349330e-04,6.3136604388e-05,2.2416056795e-05,2.3109239085e-05,8.2164481381e-05,2.5852592286e-05,-1.0861964974e+01,1.0861974069e+01,2.7978483211e+03,1.4416407524e+02,-1.0862971117e+01,1.0862971117e+01,2.7978563609e+03,1.4416773725e+02,1.0061425621e-03,2.9196719606e-03,3.7755000811e-01,2.7279515871e-02,0.0000000000e+00,0.0000000000e+00,0.0000000000e+00,0.0000000000e+00,5.1588969702e-07,5.1589012899e-07,1.3288397874e-04,6.8470816536e-06,5.2715441947e-07,5.3729551288e-07,1.3199350064e-04,6.8406207711e-06,1.0000000000e+00,4.1921888688e+00,2.0679115636e+00,4.1921888688e+00,1.0000000000e+00,1.0000285724e+00,1.0000095586e+00,1.0000285724e+00,1.8546024802e+03,1.9055672180e+03,1.9618074619e+00,nan,3.6765817558e-01,3.7776147411e-01,3.8891059404e-04,nan,1.6064544974e+00,2.3250246835e-02,2.6460096131e-01,4.1920690912e+00,2.2732946145e-01,9.9329883029e-01,-3.1341443150e-01,-3.1779968018e-01,-4.6836441605e-03,5.5499172061e-01,2.9632664904e-01,409577,44,42,41,1.3199350064e-04,5.0856172350e-01,4.8049312000e-01,2.6474049167e-02,-3.6047595052e+00,-2.7916406734e+03,-1.6791529787e-02,-2.7916574649e+03,-6.6022335948e-06,447024,48,48,48,-8.2164481381e-05,1.0000000000e+00,5.4061140665e-01,6.7002583844e-02,-2.6336712480e+00,-1.4682538272e+00,-4.0343487300e-02,-1.5085973145e+00,1.8738930970e-05,2.6401755854e-02,6.7021322775e-02,1.2680918279e-06,3.8319882811e-04,0,0,0,2.3958248488e-04,3.1921888688e+00,3.1924284512e+00,9.3176175816e-08,2.8572417675e-05,2.8665593851e-05,4.7495061735e-04,2.3958248488e+00
314,3.1400000000e-02,1.0000000000e-04,-9.3567718526e-02,1.3502196914e-01,1.5086613741e+00,2.6352182905e-01,-2.1556339466e-01,2.1556339466e-01,1.4683984284e+00,3.3979836194e-01,1.2199567614e-01,1.2207184259e-01,1.9245008960e-01,1.3055530161e-01,0.0000000000e+00,0.0000000000e+00,0.0000000000e+00,0.0000000000e+00,2.2417186509e-05,3.2348898880e-05,3.6144884086e-04,6.3135214624e-05,2.2417186509e-05,2.3106810435e-05,8.1785294735e-05,2.5842821801e-05,-1.0862459926e+01,1.0862469034e+01,2.7978429972e+03,1.4416896965e+02,-1.0863465720e+01,1.0863465720e+01,2.7978507797e+03,1.4417262805e+02,1.0057947945e-03,2.9197742135e-03,3.7755005669e-01,2.7279747617e-02,0.0000000000e+00,0.0000000000e+00,0.0000000000e+00,0.0000000000e+00,5.1591320477e-07,5.1591363739e-07,1.3288372588e-04,6.8473141137e-06,5.2718468290e-07,5.3733101646e-07,1.3199283401e-04,6.8408478905e-06,1.0000000000e+00,4.1921888688e+00,2.0679115636e+00,4.1921888688e+00,1.0000000000e+00,1.0000285724e+00,1.0000095586e+00,1.0000285724e+00,1.8545202026e+03,1.9053757655e+03,1.9618076431e+00,nan,3.6764186478e-01,3.7772352039e-01,3.8891062996e-04,nan,1.6138944591e+00,2.3254227059e-02,2.6470978839e-01,4.1920690912e+00,2.2627073458e-01,9.9329570372e-01,-3.0395616605e-01,-3.0847478624e-01,-4.3221170021e-03,5.5501358041e-01,2.9627675303e-01,410743,44,54,55,1.3199283401e-04,5.0869371700e-01,4.8046193255e-01,2.6467446933e-02,-3.6050157032e+00,-2.7915653497e+03,-1.7050244340e-02,-2.7915823999e+03,-6.6899459617e-06,447024,48,48,48,-8.1785294735e-05,1.0000000000e+00,5.4052924217e-01,6.7021322775e-02,-2.6333715275e+00,-1.4683984284e+00,-4.0262945684e-02,-1.5086613741e+00,1.9215305571e-05,2.6393926968e-02,6.7040538081e-02,1.3214549071e-06,3.8380233564e-04,0,0,0,2.3958248488e-04,3.1921888688e+00,3.1924284512e+00,9.3176175816e-08,2.8572417675e-05,2.8665593851e-05,4.7495061735e-04,2.3958248488e+00
315,3.1500000000e-02,1.0000000000e-04,-9.3572434756e-02,1.3502922407e-01,1.5087269014e+00,2.6351588334e-01,-2.1558426036e-01,2.1558426036e-01,1.4685441322e+00,3.3980001540e-01,1.2201182560e-01,1.2208770016e-01,1.9245008598e-01,1.3056807101e-01,0.0000000000e+00,0.0000000000e+00,0.0000000000e+00,0.0000000000e+00,2.2418316435e-05,3.2350637034e-05,3.6146454006e-04,6.3133790136e-05,2.2418316435e-05,2.3104401700e-05,8.1407477153e-05,2.5833128224e-05,-1.0862933173e+01,1.0862942295e+01,2.7978309439e+03,1.4417356102e+02,-1.0863938620e+01,1.0863938620e+01,2.7978384692e+03,1.4417721582e+02,1.0054470003e-03,2.9198761374e-03,3.7755004621e-01,2.7279979585e-02,0.0000000000e+00,0.0000000000e+00,0.0000000000e+00,0.0000000000e+00,5.1593568167e-07,5.1593611493e-07,1.3288315340e-04,6.8475321812e-06,5.2722431985e-07,5.3735768383e-07,1.3199173551e-04,6.8410603966e-06,1.0000000000e+00,4.1921888688e+00,2.0679115636e+00,4.1921888688e+00,1.0000000000e+00,1.0000285724e+00,1.0000095586e+00,1.0000285724e+00,1.8544316677e+03,1.9051783381e+03,1.9618076255e+00,nan,3.6762431353e-01,3.7768438218e-01,3.8891062646e-04,nan,1.6213711581e+00,2.3257805626e-02,2.6481734373e-01,4.1920690912e+00,2.2521566608e-01,9.9329171625e-01,-2.9347193767e-01,-2.9807214343e-01,-3.9687750286e-03,5.5503573030e-01,2.9622501274e-01,392105,42,52,41,1.3199173551e-04,5.0882570983e-01,4.8043089708e-01,2.6460756987e-02,-3.6052753682e+00,-2.7914832539e+03,-1.7308950454e-02,-2.7915005628e+03,-6.7943138613e-06,447024,48,48,48,-8.1407477153e-05,1.0000000000e+00,5.4044745688e-01,6.7040538081e-02,-2.6330642683e+00,-1.4685441322e+00,-4.0182769244e-02,-1.5087269014e+00,1.9641229984e-05,2.6386060980e-02,6.7060179311e-02,1.3788607760e-06,3.8440324690e-04,0,0,0,2.3958248488e-04,3.1921888688e+00,3.1924284512e+00,9.3176175816e-08,2.8572417675e-05,2.8665593851e-05,4.7495061735e-04,2.3958248488e+00
316,3.1600000000e-02,1.0000000000e-04,-9.3577134261e-02,1.3503646051e-01,1.5087937180e+00,2.6350974022e-01,-2.1560510638e-01,2.1560510638e-01,1.4686907612e+00,3.3980151868e-01,1.2202797212e-01,1.2210355614e-01,1.9245007176e-01,1.3058084285e-01,0.0000000000e+00,0.0000000000e+00,0.0000000000e+00,0.0000000000e+00,2.2419442355e-05,3.2352370759e-05,3.6148054812e-04,6.3132318352e-05,2.2419442355e-05,2.3102010590e-05,8.1031051170e-05,2.5823507987e-05,-1.0863381450e+01,1.0863390586e+01,2.7978113447e+03,1.4417780628e+02,-1.0864386549e+01,1.0864386549e+01,2.7978186128e+03,1.4418145748e+02,1.0050992215e-03,2.9199777726e-03,3.7754997661e-01,2.7280211777e-02,0.0000000000e+00,0.0000000000e+00,0.0000000000e+00,0.0000000000e+00,5.1595697262e-07,5.1595740652e-07,1.3288222254e-04,6.8477338101e-06,5.2726150261e-07,5.3739132727e-07,1.3199004584e-04,6.8412562631e-06,1.0000000000e+00,4.1921888688e+00,2.0679115636e+00,4.1921888688e+00,1.0000000000e+00,1.0000285724e+00,1.0000095586e+00,1.0000285724e+00,1.8543365547e+03,1.9049746119e+03,1.9618074088e+00,nan,3.6760545825e-01,3.7764399530e-01,3.8891058351e-04,nan,1.6288823104e+00,2.3261669159e-02,2.6492358307e-01,4.1920690912e+00,2.2416434741e-01,9.9328595895e-01,-2.8207364904e-01,-2.8669768974e-01,-3.6257049149e-03,5.5505841338e-01,2.9617754679e-01,382122,41,44,42,1.3199004584e-04,5.0895770157e-01,4.8040001265e-01,2.6453962673e-02,-3.6055391496e+00,-2.7913935670e+03,-1.7567647175e-02,-2.7914111346e+03,-6.9138609987e-06,447024,48,48,48,-8.1031051170e-05,1.0000000000e+00,5.4036604940e-01,6.7060179311e-02,-2.6327502830e+00,-1.4686907612e+00,-4.0102956740e-02,-1.5087937180e+00,2.0015021461e-05,2.6378148846e-02,6.7080194332e-02,1.4397966490e-06,3.8500133323e-04,0,0,0,2.3958248488e-04,3.1921888688e+00,3.1924284512e+00,9.3176175816e-08,2.8572417675e-05,2.8665593851e-05,4.7495061735e-04,2.3958248488e+00
317,3.1700000000e-02,1.0000000000e-04,-9.3581800125e-02,1.3504365956e-01,1.5088616397e+00,2.6350335058e-01,-2.1562591583e-01,2.1562591583e-01,1.4688381328e+00,3.3980282773e-01,1.2204411571e-01,1.2211941054e-01,1.9245006992e-01,1.3059361712e-01,0.0000000000e+00,0.0000000000e+00,0.0000000000e+00,0.0000000000e+00,2.2420560214e-05,3.2354095525e-05,3.6149682099e-04,6.3130787507e-05,2.2420560214e-05,2.3099634844e-05,8.0656043196e-05,2.5813957557e-05,-1.0863801761e+01,1.0863810910e+01,2.7977834550e+03,1.4418166600e+02,-1.0864806512e+01,1.0864806512e+01,2.7977904658e+03,1.4418531359e+02,1.0047514542e-03,2.9200791139e-03,3.7754984785e-01,2.7280444199e-02,0.0000000000e+00,0.0000000000e+00,0.0000000000e+00,0.0000000000e+00,5.1597693531e-07,5.1597736985e-07,1.3288089792e-04,6.8479171276e-06,5.2729406366e-07,5.3743039569e-07,1.3198810764e-04,6.8414340623e-06,1.0000000000e+00,4.1921888688e+00,2.0679115636e+00,4.1921888688e+00,1.0000000000e+00,1.0000285724e+00,1.0000095586e+00,1.0000285724e+00,1.8542345973e+03,1.9047643190e+03,1.9618067585e+00,nan,3.6758524612e-01,3.7760230664e-01,3.8891045459e-04,nan,1.6364317219e+00,2.3265752871e-02,2.6502848497e-01,4.1920690912e+00,2.2311688101e-01,9.9328127455e-01,-2.6985612931e-01,-2.7444340312e-01,-3.2952019590e-03,5.5508084034e-01,2.9613173690e-01,410729,44,54,41,1.3198810764e-04,5.0908969161e-01,4.8036927820e-01,2.6447048812e-02,-3.6058076399e+00,-2.7912955425e+03,-1.7826333238e-02,-2.7913133688e+03,-7.0470701012e-06,447024,48,48,48,-8.0656043196e-05,1.0000000000e+00,5.4028501835e-01,6.7080194332e-02,-2.6324304100e+00,-1.4688381328e+00,-4.0023506912e-02,-1.5088616397e+00,2.0335391306e-05,2.6370182283e-02,6.7100529723e-02,1.5037531914e-06,3.8559677518e-04,0,0,0,2.3958248488e-04,3.1921888688e+00,3.1924284512e+00,9.3176175816e-08,2.8572417675e-05,2.8665593851e-05,4.7495061735e-04,2.3958248488e+00
318,3.1800000000e-02,1.0000000000e-04,-9.3586416172e-02,1.3505080096e-01,1.5089304789e+00,2.6349666880e-01,-2.1564667257e-01,2.1564667257e-01,1.4689860604e+00,3.3980390135e-01,1.2206025639e-01,1.2213526338e-01,1.9245008400e-01,1.3060639384e-01,0.0000000000e+00,0.0000000000e+00,0.0000000000e+00,0.0000000000e+00,2.2421666138e-05,3.2355806480e-05,3.6151331364e-04,6.3129186670e-05,2.2421666138e-05,2.3097272230e-05,8.0282483080e-05,2.5804473447e-05,-1.0864191388e+01,1.0864200550e+01,2.7977466039e+03,1.4418510454e+02,-1.0865195792e+01,1.0865195792e+01,2.7977533575e+03,1.4418874853e+02,1.0044036867e-03,2.9201801482e-03,3.7754965987e-01,2.7280676847e-02,0.0000000000e+00,0.0000000000e+00,0.0000000000e+00,0.0000000000e+00,5.1599544067e-07,5.1599587583e-07,1.3287914767e-04,6.8480804412e-06,5.2732610662e-07,5.3746810972e-07,1.3198579294e-04,6.8415919289e-06,1.0000000000e+00,4.1921888688e+00,2.0679115636e+00,4.1921888688e+00,1.0000000000e+00,1.0000285724e+00,1.0000095586e+00,1.0000285724e+00,1.8541255831e+03,1.9045472472e+03,1.9618056383e+00,nan,3.6756363503e-01,3.7755927412e-01,3.8891023251e-04,nan,1.6440173233e+00,2.3269765554e-02,2.6513201065e-01,4.1920690912e+00,2.2207337891e-01,9.9327693815e-01,-2.5690799919e-01,-2.6139800631e-01,-2.9784130038e-03,5.5510308130e-01,2.9608473637e-01,392105,42,52,41,1.3198579294e-04,5.0922167972e-01,4.8033869262e-01,2.6440001742e-02,-3.6060813735e+00,-2.7911885077e+03,-1.8085008046e-02,-2.7912065928e+03,-7.1923939586e-06,447024,48,48,48,-8.0282483080e-05,1.0000000000e+00,5.4020436231e-01,6.7100529723e-02,-2.6321055077e+00,-1.4689860604e+00,-3.9944418470e-02,-1.5089304789e+00,2.0601439042e-05,2.6362153783e-02,6.7121131162e-02,1.5702250720e-06,3.8618989290e-04,0,0,0,2.3958248488e-04,3.1921888688e+00,3.1924284512e+00,9.3176175816e-08,2.8572417675e-05,2.8665593851e-05,4.7495061735e-04,2.3958248488e+00
319,3.1900000000e-02,1.0000000000e-04,-9.3590967019e-02,1.3505786134e-01,1.5090000448e+00,2.6348965286e-01,-2.1566736122e-01,2.1566736122e-01,1.4691343547e+00,3.3980470134e-01,1.2207639420e-01,1.2215111468e-01,1.9245008962e-01,1.3061917299e-01,0.0000000000e+00,0.0000000000e+00,0.0000000000e+00,0.0000000000e+00,2.2422756441e-05,3.2357498023e-05,3.6152998042e-04,6.3127505773e-05,2.2422756441e-05,2.3094920556e-05,7.9910403682e-05,2.5795052223e-05,-1.0864547899e+01,1.0864557075e+01,2.7977001963e+03,1.4418809013e+02,-1.0865551955e+01,1.0865551955e+01,2.7977066926e+03,1.4419173053e+02,1.0040559241e-03,2.9202808790e-03,3.7754966891e-01,2.7280909719e-02,0.0000000000e+00,0.0000000000e+00,0.0000000000e+00,0.0000000000e+00,5.1601237321e-07,5.1601280901e-07,1.3287694354e-04,6.8482222422e-06,5.2737039834e-07,5.3748882061e-07,1.3198309850e-04,6.8417282255e-06,1.0000000000e+00,4.1921888688e+00,2.0679115636e+00,4.1921888688e+00,1.0000000000e+00,1.0000285724e+00,1.0000095586e+00,1.0000285724e+00,1.8540093527e+03,1.9043232388e+03,1.9618056280e+00,nan,3.6754059341e-01,3.7751486648e-01,3.8891023047e-04,nan,1.6516384903e+00,2.3273031804e-02,2.6523412964e-01,4.1920690912e+00,2.2103396125e-01,9.9327313664e-01,-2.4331267710e-01,-2.4764741855e-01,-2.6764020832e-03,5.5512520635e-01,2.9603394171e-01,382890,41,52,42,1.3198309850e-04,5.0935366551e-01,4.8030825475e-01,2.6432809348e-02,-3.6063608252e+00,-2.7910718662e+03,-1.8343670753e-02,-2.7910902099e+03,-7.3482682489e-06,447024,48,48,48,-7.9910403682e-05,1.0000000000e+00,5.4012407982e-01,6.7121131162e-02,-2.6317764478e+00,-1.4691343547e+00,-3.9865690094e-02,-1.5090000448e+00,2.0812644194e-05,2.6354056625e-02,6.7141943807e-02,1.6387168675e-06,3.8678147839e-04,0,0,0,2.3958248488e-04,3.1921888688e+00,3.1924284512e+00,9.3176175816e-08,2.8572417675e-05,2.8665593851e-05,4.7495061735e-04,2.3958248488e+00
320,3.2000000000e-02,1.0000000000e-04,-9.3595438112e-02,1.3506482837e-01,1.5090701458e+00,2.6348226442e-01,-2.1568796727e-01,2.1568796727e-01,1.4692828254e+00,3.3980519255e-01,1.2209252916e-01,1.2216696445e-01,1.9245008950e-01,1.3063195458e-01,0.0000000000e+00,0.0000000000e+00,0.0000000000e+00,0.0000000000e+00,2.2423827637e-05,3.2359167200e-05,3.6154677539e-04,6.3125735632e-05,2.2423827637e-05,2.3092584153e-05,7.9539840432e-05,2.5785690511e-05,-1.0864869155e+01,1.0864878344e+01,2.7976437133e+03,1.4419059494e+02,-1.0865872863e+01,1.0865872863e+01,2.7976499524e+03,1.4419423175e+02,1.0037082219e-03,2.9203813601e-03,3.7754985160e-01,2.7281142812e-02,0.0000000000e+00,0.0000000000e+00,0.0000000000e+00,0.0000000000e+00,5.1602763125e-07,5.1602806770e-07,1.3287426088e-04,6.8483412083e-06,5.2740166688e-07,5.3752740984e-07,1.3198003331e-04,6.8418417019e-06,1.0000000000e+00,4.1921888688e+00,2.0679115636e+00,4.1921888688e+00,1.0000000000e+00,1.0000285724e+00,1.0000095586e+00,1.0000285724e+00,1.8538857992e+03,1.9040921898e+03,1.9618065784e+00,nan,3.6751610004e-01,3.7746906310e-01,3.8891041888e-04,nan,1.6592946703e+00,2.3277057530e-02,2.6533482587e-01,4.1920690912e+00,2.1999875492e-01,9.9327012198e-01,-2.2916045952e-01,-2.3328603958e-01,-2.3929039240e-03,5.5514649911e-01,2.9598894065e-01,392105,42,52,41,1.3198003331e-04,5.0948564861e-01,4.8027796334e-01,2.6425461080e-02,-3.6066464096e+00,-2.7909450979e+03,-1.8602320509e-02,-2.7909637002e+03,-7.5131235233e-06,447024,48,48,48,-7.9539840432e-05,1.0000000000e+00,5.4004416942e-01,6.7141943807e-02,-2.6314441096e+00,-1.4692828254e+00,-3.9787320431e-02,-1.5090701458e+00,2.0968856180e-05,2.6345884872e-02,6.7162912663e-02,1.7087424890e-06,3.8737536852e-04,0,0,0,2.3958248488e-04,3.1921888688e+00,3.1924284512e+00,9.3176175816e-08,2.8572417675e-05,2.8665593851e-05,4.7495061735e-04,2.3958248488e+00
321,3.2100000000e-02,1.0000000000e-04,-9.3599815757e-02,1.3507168227e-01,1.5091405902e+00,2.6347446885e-01,-2.1570847705e-01,2.1570847705e-01,1.4694312822e+00,3.3980534294e-01,1.2210866130e-01,1.2218281273e-01,1.9245008269e-01,1.3064473862e-01,0.0000000000e+00,0.0000000000e+00,0.0000000000e+00,0.0000000000e+00,2.2424876444e-05,3.2360809274e-05,3.6156365265e-04,6.3123867951e-05,2.2424876444e-05,2.3090261739e-05,7.9170830899e-05,2.5776385007e-05,-1.0865153307e+01,1.0865162510e+01,2.7975767128e+03,1.4419259509e+02,-1.0866156668e+01,1.0866156668e+01,2.7975826947e+03,1.4419622831e+02,1.0033605370e-03,2.9204815461e-03,3.7754997724e-01,2.7281376120e-02,0.0000000000e+00,0.0000000000e+00,0.0000000000e+00,0.0000000000e+00,5.1604112708e-07,5.1604156416e-07,1.3287107868e-04,6.8484362055e-06,5.2742687699e-07,5.3756032593e-07,1.3197645919e-04,6.8419313759e-06,1.0000000000e+00,4.1921888688e+00,2.0679115636e+00,4.1921888688e+00,1.0000000000e+00,1.0000285724e+00,1.0000095586e+00,1.0000285724e+00,1.8537548661e+03,1.9038540480e+03,1.9618073007e+00,nan,3.6749014375e-01,3.7742185363e-01,3.8891056207e-04,nan,1.6669833787e+00,2.3280824272e-02,2.6543409302e-01,4.1920690912e+00,2.1896789215e-01,9.9326701112e-01,-2.1452088970e-01,-2.1838953880e-01,-2.1263640622e-03,5.5516781308e-01,2.9594253380e-01,484457,52,54,41,1.3197645919e-04,5.0961762864e-01,4.8024781713e-01,2.6417947957e-02,-3.6069384809e+00,-2.7908077600e+03,-1.8860956478e-02,-2.7908266209e+03,-7.6853970084e-06,447024,48,48,48,-7.9170830899e-05,1.0000000000e+00,5.3996462958e-01,6.7162912663e-02,-2.6311093737e+00,-1.4694312822e+00,-3.9709308091e-02,-1.5091405902e+00,2.1070283128e-05,2.6337633372e-02,6.7183982946e-02,1.7798321454e-06,3.8796911037e-04,0,0,0,2.3958248488e-04,3.1921888688e+00,3.1924284512e+00,9.3176175816e-08,2.8572417675e-05,2.8665593851e-05,4.7495061735e-04,2.3958248488e+00
322,3.2200000000e-02,1.0000000000e-04,-9.3604087145e-02,1.3507841526e-01,1.5092111878e+00,2.6346623528e-01,-2.1572887779e-01,2.1572887779e-01,1.4695795362e+00,3.3980512358e-01,1.2212479065e-01,1.2219865954e-01,1.9245008908e-01,1.3065752511e-01,0.0000000000e+00,0.0000000000e+00,0.0000000000e+00,0.0000000000e+00,2.2425899793e-05,3.2362422383e-05,3.6158056659e-04,6.3121895332e-05,2.2425899793e-05,2.3087943697e-05,7.8803414361e-05,2.5767132482e-05,-1.0865398800e+01,1.0865408017e+01,2.7974988294e+03,1.4419407061e+02,-1.0866401813e+01,1.0866401813e+01,2.7975045540e+03,1.4419770025e+02,1.0030128542e-03,2.9205814200e-03,3.7755004578e-01,2.7281609644e-02,0.0000000000e+00,0.0000000000e+00,0.0000000000e+00,0.0000000000e+00,5.1605278680e-07,5.1605322453e-07,1.3286737960e-04,6.8485062854e-06,5.2744567161e-07,5.3759007824e-07,1.3197236263e-04,6.8419962313e-06,1.0000000000e+00,4.1921888688e+00,2.0679115636e+00,4.1921888688e+00,1.0000000000e+00,1.0000285724e+00,1.0000095586e+00,1.0000285724e+00,1.8536165461e+03,1.9036088113e+03,1.9618075917e+00,nan,3.6746272306e-01,3.7737323768e-01,3.8891061976e-04,nan,1.6747036115e+00,2.3284450331e-02,2.6553192274e-01,4.1920690912e+00,2.1794150915e-01,9.9326383212e-01,-1.9946677199e-01,-2.0303745863e-01,-1.8777958969e-03,5.5518910470e-01,2.9589617870e-01,502697,54,52,41,1.3197236263e-04,5.0974960510e-01,4.8021781479e-01,2.6410262560e-02,-3.6072373328e+00,-2.7906594864e+03,-1.9119577555e-02,-2.7906786060e+03,-7.8635442127e-06,447024,48,48,48,-7.8803414361e-05,1.0000000000e+00,5.3988545875e-01,6.7183982946e-02,-2.6307731163e+00,-1.4695795362e+00,-3.9631651649e-02,-1.5092111878e+00,2.1117475752e-05,2.6329297745e-02,6.7205100422e-02,1.8515305356e-06,3.8856145822e-04,0,0,0,2.3958248488e-04,3.1921888688e+00,3.1924284512e+00,9.3176175816e-08,2.8572417675e-05,2.8665593851e-05,4.7495061735e-04,2.3958248488e+00
323,3.2300000000e-02,1.0000000000e-04,-9.3608240375e-02,1.3508501664e-01,1.5092817508e+00,2.6345753656e-01,-2.1574915762e-01,2.1574915762e-01,1.4697274012e+00,3.3980450871e-01,1.2214091725e-01,1.2221450548e-01,1.9245008917e-01,1.3067031405e-01,0.0000000000e+00,0.0000000000e+00,0.0000000000e+00,0.0000000000e+00,2.2426894835e-05,3.2364003957e-05,3.6159747225e-04,6.3119811270e-05,2.2426894835e-05,2.3085628028e-05,7.8437631384e-05,2.5757929789e-05,-1.0865604370e+01,1.0865613600e+01,2.7974097729e+03,1.4419500545e+02,-1.0866607036e+01,1.0866607036e+01,2.7974152403e+03,1.4419863151e+02,1.0026651571e-03,2.9206809636e-03,3.7755005718e-01,2.7281843382e-02,0.0000000000e+00,0.0000000000e+00,0.0000000000e+00,0.0000000000e+00,5.1606255036e-07,5.1606298872e-07,1.3286314986e-04,6.8485506856e-06,5.2745957949e-07,5.3761882692e-07,1.3196777117e-04,6.8420354930e-06,1.0000000000e+00,4.1921888688e+00,2.0679115636e+00,4.1921888688e+00,1.0000000000e+00,1.0000285724e+00,1.0000095586e+00,1.0000285724e+00,1.8534708787e+03,1.9033565259e+03,1.9618076500e+00,nan,3.6743384581e-01,3.7732322438e-01,3.8891063132e-04,nan,1.6824548223e+00,2.3288031249e-02,2.6562831520e-01,4.1920690912e+00,2.1691974476e-01,9.9326089522e-01,-1.8406490360e-01,-1.8730374863e-01,-1.6480589926e-03,5.5521026073e-01,2.9584986974e-01,502697,54,52,41,1.3196777117e-04,5.0988157747e-01,4.8018795498e-01,2.6402399015e-02,-3.6075431998e+00,-2.7904999873e+03,-1.9378182610e-02,-2.7905193654e+03,-8.0460499091e-06,447024,48,48,48,-7.8437631384e-05,1.0000000000e+00,5.3980665533e-01,6.7205100422e-02,-2.6304362039e+00,-1.4697274012e+00,-3.9554349638e-02,-1.5092817508e+00,2.1111312760e-05,2.6320874368e-02,6.7226211734e-02,1.9234013437e-06,3.8915233736e-04,0,0,0,2.3958248488e-04,3.1921888688e+00,3.1924284512e+00,9.3176175816e-08,2.8572417675e-05,2.8665593851e-05,4.7495061735e-04,2.3958248488e+00
324,3.2400000000e-02,1.0000000000e-04,-9.3612264463e-02,1.3509146940e-01,1.5093520952e+00,2.6344834924e-01,-2.1576930559e-01,2.1576930559e-01,1.4698746946e+00,3.3980347565e-01,1.2215704113e-01,1.2223035004e-01,1.9245008973e-01,1.3068310544e-01,0.0000000000e+00,0.0000000000e+00,0.0000000000e+00,0.0000000000e+00,2.2427858936e-05,3.2365549924e-05,3.6161432552e-04,6.3117610148e-05,2.2427858935e-05,2.3083312801e-05,7.8073523413e-05,2.5748773871e-05,-1.0865769039e+01,1.0865778282e+01,2.7973093279e+03,1.4419538740e+02,-1.0866771356e+01,1.0866771356e+01,2.7973145380e+03,1.4419900989e+02,1.0023174356e-03,2.9207801651e-03,3.7755005803e-01,2.7282077332e-02,0.0000000000e+00,0.0000000000e+00,0.0000000000e+00,0.0000000000e+00,5.1607037131e-07,5.1607081029e-07,1.3285837922e-04,6.8485688264e-06,5.2747225443e-07,5.3764357554e-07,1.3196268209e-04,6.8420484583e-06,1.0000000000e+00,4.1921888688e+00,2.0679115636e+00,4.1921888688e+00,1.0000000000e+00,1.0000285724e+00,1.0000095586e+00,1.0000285724e+00,1.8533179481e+03,1.9030972832e+03,1.9618076487e+00,nan,3.6740352869e-01,3.7727183187e-01,3.8891063107e-04,nan,1.6902360278e+00,2.3291439152e-02,2.6572327259e-01,4.1920690912e+00,2.1590273920e-01,9.9325825635e-01,-1.6837606324e-01,-1.7125633011e-01,-1.4375822129e-03,5.5523132546e-01,2.9580272341e-01,502988,54,55,44,1.3196268209e-04,5.1001354524e-01,4.8015823630e-01,2.6394352965e-02,-3.6078562574e+00,-2.7903290471e+03,-1.9636770565e-02,-2.7903486839e+03,-8.2314385398e-06,447024,48,48,48,-7.8073523413e-05,1.0000000000e+00,5.3972821770e-01,6.7226211734e-02,-2.6300994881e+00,-1.4698746946e+00,-3.9477400548e-02,-1.5093520952e+00,2.1052983386e-05,2.6312360355e-02,6.7247264718e-02,1.9950283654e-06,3.8974163186e-04,0,0,0,2.3958248488e-04,3.1921888688e+00,3.1924284512e+00,9.3176175816e-08,2.8572417675e-05,2.8665593851e-05,4.7495061735e-04,2.3958248488e+00
325,3.2500000000e-02,1.0000000000e-04,-9.3616149350e-02,1.3509776248e-01,1.5094220416e+00,2.6343865350e-01,-2.1578931167e-01,2.1578931167e-01,1.4700212388e+00,3.3980200479e-01,1.2217316232e-01,1.2224619320e-01,1.9245008963e-01,1.3069589931e-01,0.0000000000e+00,0.0000000000e+00,0.0000000000e+00,0.0000000000e+00,2.2428789687e-05,3.2367057636e-05,3.6163108347e-04,6.3115287219e-05,2.2428789687e-05,2.3080996152e-05,7.7711132368e-05,2.5739661766e-05,-1.0865892109e+01,1.0865901365e+01,2.7971973513e+03,1.4419520802e+02,-1.0866894078e+01,1.0866894078e+01,2.7972023042e+03,1.4419882695e+02,1.0019696941e-03,2.9208790268e-03,3.7755004919e-01,2.7282311494e-02,0.0000000000e+00,0.0000000000e+00,0.0000000000e+00,0.0000000000e+00,5.1607621651e-07,5.1607665613e-07,1.3285306089e-04,6.8485603066e-06,5.2748309025e-07,5.3766494899e-07,1.3195710426e-04,6.8420347952e-06,1.0000000000e+00,4.1921888688e+00,2.0679115636e+00,4.1921888688e+00,1.0000000000e+00,1.0000285724e+00,1.0000095586e+00,1.0000285724e+00,1.8531578804e+03,1.9028312179e+03,1.9618076038e+00,nan,3.6737179672e-01,3.7721908682e-01,3.8891062216e-04,nan,1.6980463447e+00,2.3294702943e-02,2.6581681055e-01,4.1920690912e+00,2.1489063280e-01,9.9325603327e-01,-1.5245708143e-01,-1.5495869336e-01,-1.2467660098e-03,5.5525235503e-01,2.9575625437e-01,410838,44,55,54,1.3195710426e-04,5.1014550792e-01,4.8012865736e-01,2.6386121527e-02,-3.6081766242e+00,-2.7901465233e+03,-1.9895340338e-02,-2.7901664186e+03,-8.4182840941e-06,447024,48,48,48,-7.7711132368e-05,1.0000000000e+00,5.3965014418e-01,6.7247264718e-02,-2.6297638003e+00,-1.4700212388e+00,-3.9400802831e-02,-1.5094220416e+00,2.0943968253e-05,2.6303753536e-02,6.7268208686e-02,2.0660186786e-06,3.9032890073e-04,0,0,0,2.3958248488e-04,3.1921888688e+00,3.1924284512e+00,9.3176175816e-08,2.8572417675e-05,2.8665593851e-05,4.7495061735e-04,2.3958248488e+00
326,3.2600000000e-02,1.0000000000e-04,-9.3619885907e-02,1.3510389497e-01,1.5094914167e+00,2.6342843308e-01,-2.1580916677e-01,2.1580916677e-01,1.4701668618e+00,3.3980007957e-01,1.2218928086e-01,1.2226203498e-01,1.9245008786e-01,1.3070869564e-01,0.0000000000e+00,0.0000000000e+00,0.0000000000e+00,0.0000000000e+00,2.2429684900e-05,3.2368526874e-05,3.6164770452e-04,6.3112838587e-05,2.2429684900e-05,2.3078676287e-05,7.7350500263e-05,2.5730590611e-05,-1.0865973155e+01,1.0865982424e+01,2.7970737701e+03,1.4419446249e+02,-1.0866974777e+01,1.0866974777e+01,2.7970784658e+03,1.4419807786e+02,1.0016219348e-03,2.9209775489e-03,3.7754999865e-01,2.7282545866e-02,0.0000000000e+00,0.0000000000e+00,0.0000000000e+00,0.0000000000e+00,5.1608006580e-07,5.1608050604e-07,1.3284719139e-04,6.8485248978e-06,5.2748966990e-07,5.3768693476e-07,1.3195101092e-04,6.8419942848e-06,1.0000000000e+00,4.1921888688e+00,2.0679115636e+00,4.1921888688e+00,1.0000000000e+00,1.0000285724e+00,1.0000095586e+00,1.0000285724e+00,1.8529908413e+03,1.9025585044e+03,1.9618073593e+00,nan,3.6733868272e-01,3.7716502383e-01,3.8891057368e-04,nan,1.7058843895e+00,2.3297997167e-02,2.6590894815e-01,4.1920690912e+00,2.1388356485e-01,9.9325405032e-01,-1.3635838621e-01,-1.3846704151e-01,-1.0759480805e-03,5.5527329697e-01,2.9571132139e-01,391337,42,44,41,1.3195101092e-04,5.1027746502e-01,4.8009921675e-01,2.6377703243e-02,-3.6085043636e+00,-2.7899523437e+03,-2.0153890863e-02,-2.7899724976e+03,-8.6052192668e-06,447024,48,48,48,-7.7350500263e-05,1.0000000000e+00,5.3957243305e-01,6.7268208686e-02,-2.6294299474e+00,-1.4701668618e+00,-3.9324554895e-02,-1.5094914167e+00,2.0786018558e-05,2.6295052419e-02,6.7288994705e-02,2.1360001932e-06,3.9091387858e-04,0,0,0,2.3958248488e-04,3.1921888688e+00,3.1924284512e+00,9.3176175816e-08,2.8572417675e-05,2.8665593851e-05,4.7495061735e-04,2.3958248488e+00
327,3.2700000000e-02,1.0000000000e-04,-9.3623465927e-02,1.3510985651e-01,1.5095600535e+00,2.6341767520e-01,-2.1582886272e-01,2.1582886272e-01,1.4703113984e+00,3.3979768635e-01,1.2220539680e-01,1.2227787543e-01,1.9245008916e-01,1.3072149445e-01,0.0000000000e+00,0.0000000000e+00,0.0000000000e+00,0.0000000000e+00,2.2430542610e-05,3.2369955154e-05,3.6166414870e-04,6.3110261186e-05,2.2430542610e-05,2.3076351491e-05,7.6991668836e-05,2.5721557650e-05,-1.0866012014e+01,1.0866021297e+01,2.7969385787e+03,1.4419314952e+02,-1.0867013288e+01,1.0867013288e+01,2.7969430171e+03,1.4419676134e+02,1.0012741506e-03,2.9210757224e-03,3.7755004348e-01,2.7282780448e-02,0.0000000000e+00,0.0000000000e+00,0.0000000000e+00,0.0000000000e+00,5.1608191142e-07,5.1608235229e-07,1.3284077047e-04,6.8484625380e-06,5.2749453990e-07,5.3770459813e-07,1.3194437959e-04,6.8419268963e-06,1.0000000000e+00,4.1921888688e+00,2.0679115636e+00,4.1921888688e+00,1.0000000000e+00,1.0000285724e+00,1.0000095586e+00,1.0000285724e+00,1.8528170325e+03,1.9022793540e+03,1.9618075789e+00,nan,3.6730422671e-01,3.7710968479e-01,3.8891061723e-04,nan,1.7137487937e+00,2.3301109724e-02,2.6599971080e-01,4.1920690912e+00,2.1288167244e-01,9.9325214035e-01,-1.2012262088e-01,-1.2182861657e-01,-9.2506922630e-04,5.5529414077e-01,2.9566646113e-01,382122,41,44,42,1.3194437959e-04,5.1040941603e-01,4.8006991304e-01,2.6369098024e-02,-3.6088394859e+00,-2.7897465037e+03,-2.0412421024e-02,-2.7897669161e+03,-8.7909439106e-06,447024,48,48,48,-7.6991668836e-05,1.0000000000e+00,5.3949508255e-01,6.7288994705e-02,-2.6290987077e+00,-1.4703113984e+00,-3.9248655105e-02,-1.5095600535e+00,2.0581134517e-05,2.6286256168e-02,6.7309575839e-02,2.2046298318e-06,3.9149640332e-04,0,0,0,2.3958248488e-04,3.1921888688e+00,3.1924284512e+00,9.3176175816e-08,2.8572417675e-05,2.8665593851e-05,4.7495061735e-04,2.3958248488e+00
328,3.2800000000e-02,1.0000000000e-04,-9.3626882117e-02,1.3511563734e-01,1.5096277927e+00,2.6340637036e-01,-2.1584839227e-01,2.1584839227e-01,1.4704546909e+00,3.3979481432e-01,1.2222151015e-01,1.2229371455e-01,1.9245008141e-01,1.3073429574e-01,0.0000000000e+00,0.0000000000e+00,0.0000000000e+00,0.0000000000e+00,2.2431361070e-05,3.2371340139e-05,3.6168037783e-04,6.3107552745e-05,2.2431361070e-05,2.3074020126e-05,7.6634679200e-05,2.5712560235e-05,-1.0866008775e+01,1.0866018071e+01,2.7967918357e+03,1.4419127114e+02,-1.0867009701e+01,1.0867009701e+01,2.7967960169e+03,1.4419487942e+02,1.0009263443e-03,2.9211735482e-03,3.7755005844e-01,2.7283015240e-02,0.0000000000e+00,0.0000000000e+00,0.0000000000e+00,0.0000000000e+00,5.1608175759e-07,5.1608219908e-07,1.3283380090e-04,6.8483733245e-06,5.2749697856e-07,5.3771942232e-07,1.3193719058e-04,6.8418327003e-06,1.0000000000e+00,4.1921888688e+00,2.0679115636e+00,4.1921888688e+00,1.0000000000e+00,1.0000285724e+00,1.0000095586e+00,1.0000285724e+00,1.8526366891e+03,1.9019940119e+03,1.9618077356e+00,nan,3.6726847526e-01,3.7705311829e-01,3.8891064829e-04,nan,1.7216381924e+00,2.3304106497e-02,2.6608912678e-01,4.1920690912e+00,2.1188508943e-01,9.9325013428e-01,-1.0379281552e-01,-1.0508745217e-01,-7.9407780219e-04,5.5531487584e-01,2.9562172933e-01,392105,42,52,41,1.3193719058e-04,5.1054136041e-01,4.8004074481e-01,2.6360307080e-02,-3.6091819510e+00,-2.7895290631e+03,-2.0670929659e-02,-2.7895497341e+03,-8.9742326417e-06,447024,48,48,48,-7.6634679200e-05,1.0000000000e+00,5.3941809088e-01,6.7309575839e-02,-2.6287708265e+00,-1.4704546909e+00,-3.9173101785e-02,-1.5096277927e+00,2.0331542727e-05,2.6277364560e-02,6.7329907382e-02,2.2715869118e-06,3.9207638788e-04,0,0,0,2.3958248488e-04,3.1921888688e+00,3.1924284512e+00,9.3176175816e-08,2.8572417675e-05,2.8665593851e-05,4.7495061735e-04,2.3958248488e+00
329,3.2900000000e-02,1.0000000000e-04,-9.3630128091e-02,1.3512123340e-01,1.5096944832e+00,2.6339451230e-01,-2.1586774906e-01,2.1586774906e-01,1.4705965899e+00,3.3979145544e-01,1.2223762097e-01,1.2230955238e-01,1.9245008820e-01,1.3074709953e-01,0.0000000000e+00,0.0000000000e+00,0.0000000000e+00,0.0000000000e+00,2.2432138748e-05,3.2372680857e-05,3.6169635569e-04,6.3104711762e-05,2.2432138748e-05,2.3071680636e-05,7.6279571515e-05,2.5703595834e-05,-1.0865963764e+01,1.0865973073e+01,2.7966336600e+03,1.4418883257e+02,-1.0866964343e+01,1.0866964343e+01,2.7966375840e+03,1.4419243732e+02,1.0005785159e-03,2.9212710244e-03,3.7755005911e-01,2.7283250239e-02,0.0000000000e+00,0.0000000000e+00,0.0000000000e+00,0.0000000000e+00,5.1607961979e-07,5.1608006190e-07,1.3282628833e-04,6.8482575044e-06,5.2750350552e-07,5.3772489264e-07,1.3192946447e-04,6.8417118871e-06,1.0000000000e+00,4.1921888688e+00,2.0679115636e+00,4.1921888688e+00,1.0000000000e+00,1.0000285724e+00,1.0000095586e+00,1.0000285724e+00,1.8524500760e+03,1.9017027532e+03,1.9618076699e+00,nan,3.6723148089e-01,3.7699537890e-01,3.8891063527e-04,nan,1.7295517246e+00,2.3306706656e-02,2.6617722793e-01,4.1920690912e+00,2.1089394547e-01,9.9324814480e-01,-8.7412307919e-02,-8.8283080642e-02,-6.8256627008e-04,5.5533554285e-01,2.9557569415e-01,410838,44,55,54,1.3192946447e-04,5.1067329760e-01,4.8001171064e-01,2.6351332847e-02,-3.6095316711e+00,-2.7893001426e+03,-2.0929415570e-02,-2.7893210720e+03,-9.1539415687e-06,447024,48,48,48,-7.6279571515e-05,1.0000000000e+00,5.3934145620e-01,6.7329907382e-02,-2.6284470129e+00,-1.4705965899e+00,-3.9097893216e-02,-1.5096944832e+00,2.0039672589e-05,2.6268377947e-02,6.7349947054e-02,2.3365795264e-06,3.9265379463e-04,0,0,0,2.3958248488e-04,3.1921888688e+00,3.1924284512e+00,9.3176175816e-08,2.8572417675e-05,2.8665593851e-05,4.7495061735e-04,2.3958248488e+00
330,3.3000000000e-02,1.0000000000e-04,-9.3633198343e-02,1.3512663464e-01,1.5097599826e+00,2.6338209778e-01,-2.1588692762e-01,2.1588692762e-01,1.4707369550e+00,3.3978760430e-01,1.2225372928e-01,1.2232538894e-01,1.9245008943e-01,1.3075990580e-01,0.0000000000e+00,0.0000000000e+00,0.0000000000e+00,0.0000000000e+00,2.2432874327e-05,3.2373974900e-05,3.6171204822e-04,6.3101737460e-05,2.2432874327e-05,2.3069331547e-05,7.5926384674e-05,2.5694662034e-05,-1.0865877531e+01,1.0865886852e+01,2.7964642275e+03,1.4418584199e+02,-1.0866877761e+01,1.0866877761e+01,2.7964678942e+03,1.4418944320e+02,1.0002306909e-03,2.9213681747e-03,3.7755004076e-01,2.7283485445e-02,0.0000000000e+00,0.0000000000e+00,0.0000000000e+00,0.0000000000e+00,5.1607552413e-07,5.1607596686e-07,1.3281824112e-04,6.8481154664e-06,5.2751116734e-07,5.3772963173e-07,1.3192116920e-04,6.8415648094e-06,1.0000000000e+00,4.1921888688e+00,2.0679115636e+00,4.1921888688e+00,1.0000000000e+00,1.0000285724e+00,1.0000095586e+00,1.0000285724e+00,1.8522574844e+03,1.9014058800e+03,1.9618075620e+00,nan,3.6719330135e-01,3.7693652647e-01,3.8891061387e-04,nan,1.7374878281e+00,2.3309285344e-02,2.6626405128e-01,4.1920690912e+00,2.0990836509e-01,9.9324586807e-01,-7.1008822330e-02,-7.1441874008e-02,-5.9091765019e-04,5.5535591157e-01,2.9552926716e-01,484457,52,54,41,1.3192116920e-04,5.1080522707e-01,4.7998280914e-01,2.6342178905e-02,-3.6098885137e+00,-2.7890599196e+03,-2.1187877596e-02,-2.7890811075e+03,-9.3290141011e-06,447024,48,48,48,-7.5926384674e-05,1.0000000000e+00,5.3926517663e-01,6.7349947054e-02,-2.6281279365e+00,-1.4707369550e+00,-3.9023027640e-02,-1.5097599826e+00,1.9708132060e-05,2.6259297217e-02,6.7369655186e-02,2.3993420762e-06,3.9322783963e-04,0,0,0,2.3958248488e-04,3.1921888688e+00,3.1924284512e+00,9.3176175816e-08,2.8572417675e-05,2.8665593851e-05,4.7495061735e-04,2.3958248488e+00
331,3.3100000000e-02,1.0000000000e-04,-9.3636088236e-02,1.3513184202e-01,1.5098241583e+00,2.6336912644e-01,-2.1590592336e-01,2.1590592336e-01,1.4708756551e+00,3.3978325797e-01,1.2226983512e-01,1.2234122426e-01,1.9245008662e-01,1.3077271458e-01,0.0000000000e+00,0.0000000000e+00,0.0000000000e+00,0.0000000000e+00,2.2433566694e-05,3.2375222498e-05,3.6172742358e-04,6.3098629753e-05,2.2433566694e-05,2.3066971476e-05,7.5575156021e-05,2.5685756542e-05,-1.0865750833e+01,1.0865760168e+01,2.7962837661e+03,1.4418231033e+02,-1.0866750716e+01,1.0866750716e+01,2.7962871756e+03,1.4418590802e+02,9.9988288303e-04,2.9214650109e-03,3.7754996893e-01,2.7283720855e-02,0.0000000000e+00,0.0000000000e+00,0.0000000000e+00,0.0000000000e+00,5.1606950662e-07,5.1606994998e-07,1.3280967010e-04,6.8479477300e-06,5.2752505285e-07,5.3772592575e-07,1.3191232167e-04,6.8413918720e-06,1.0000000000e+00,4.1921888688e+00,2.0679115636e+00,4.1921888688e+00,1.0000000000e+00,1.0000285724e+00,1.0000095586e+00,1.0000285724e+00,1.8520592287e+03,1.9011037174e+03,1.9618072175e+00,nan,3.6715399895e-01,3.7687662546e-01,3.8891054558e-04,nan,1.7454455751e+00,2.3311509546e-02,2.6634963470e-01,4.1920690912e+00,2.0892846683e-01,9.9324335018e-01,-5.4569417327e-02,-5.4559730294e-02,-5.1840816772e-04,5.5537598792e-01,2.9548073149e-01,392105,42,52,41,1.3191232167e-04,5.1093714824e-01,4.7995403890e-01,2.6332849891e-02,-3.6102523052e+00,-2.7888086242e+03,-2.1446314518e-02,-2.7888300705e+03,-9.4984858290e-06,447024,48,48,48,-7.5575156021e-05,1.0000000000e+00,5.3918925024e-01,6.7369655186e-02,-2.6278142250e+00,-1.4708756551e+00,-3.8948503259e-02,-1.5098241583e+00,1.9339682483e-05,2.6250123754e-02,6.7388994869e-02,2.4596367273e-06,3.9379914464e-04,0,0,0,2.3958248488e-04,3.1921888688e+00,3.1924284512e+00,9.3176175816e-08,2.8572417675e-05,2.8665593851e-05,4.7495061735e-04,2.3958248488e+00
332,3.3200000000e-02,1.0000000000e-04,-9.3638793970e-02,1.3513685350e-01,1.5098868873e+00,2.6335560060e-01,-2.1592473250e-01,2.1592473250e-01,1.4710125691e+00,3.3977841589e-01,1.2228593853e-01,1.2235705837e-01,1.9245008960e-01,1.3078552586e-01,0.0000000000e+00,0.0000000000e+00,0.0000000000e+00,0.0000000000e+00,2.2434214941e-05,3.2376423161e-05,3.6174245236e-04,6.3095389199e-05,2.2434214941e-05,2.3064599125e-05,7.5225921089e-05,2.5676877193e-05,-1.0865584621e+01,1.0865593969e+01,2.7960925520e+03,1.4417825106e+02,-1.0866584157e+01,1.0866584157e+01,2.7960957043e+03,1.4418184525e+02,9.9953512588e-04,2.9215615649e-03,3.7754984360e-01,2.7283956467e-02,0.0000000000e+00,0.0000000000e+00,0.0000000000e+00,0.0000000000e+00,5.1606161238e-07,5.1606205636e-07,1.3280058837e-04,6.8477549351e-06,5.2753832562e-07,5.3771949899e-07,1.3190278051e-04,6.8411937753e-06,1.0000000000e+00,4.1921888688e+00,2.0679115636e+00,4.1921888688e+00,1.0000000000e+00,1.0000285724e+00,1.0000095586e+00,1.0000285724e+00,1.8518556426e+03,1.9007966098e+03,1.9618065359e+00,nan,3.6711363985e-01,3.7681574416e-01,3.8891041045e-04,nan,1.7534219402e+00,2.3313628651e-02,2.6643402637e-01,4.1920690912e+00,2.0795436255e-01,9.9323942854e-01,-3.8085217142e-02,-3.7631544900e-02,-4.6604544420e-04,5.5539505844e-01,2.9543284848e-01,409577,44,42,41,1.3190278051e-04,5.1106906056e-01,4.7992539856e-01,2.6323351406e-02,-3.6106228342e+00,-2.7885465348e+03,-2.1704725146e-02,-2.7885682395e+03,-9.6614882289e-06,447024,48,48,48,-7.5225921089e-05,1.0000000000e+00,5.3911367509e-01,6.7388994869e-02,-2.6275064611e+00,-1.4710125691e+00,-3.8874318236e-02,-1.5098868873e+00,1.8937213734e-05,2.6240859386e-02,6.7407932083e-02,2.5172549080e-06,3.9436876219e-04,0,0,0,2.3958248488e-04,3.1921888688e+00,3.1924284512e+00,9.3176175816e-08,2.8572417675e-05,2.8665593851e-05,4.7495061735e-04,2.3958248488e+00
333,3.3300000000e-02,1.0000000000e-04,-9.3641312560e-02,1.3514167545e-01,1.5099480571e+00,2.6334152512e-01,-2.1594335210e-01,2.1594335210e-01,1.4711475864e+00,3.3977307971e-01,1.2230203954e-01,1.2237289128e-01,1.9245008355e-01,1.3079833966e-01,0.0000000000e+00,0.0000000000e+00,0.0000000000e+00,0.0000000000e+00,2.2434818351e-05,3.2377578415e-05,3.6175710757e-04,6.3092016961e-05,2.2434818351e-05,2.3062213291e-05,7.4878713362e-05,2.5668021950e-05,-1.0865380020e+01,1.0865389381e+01,2.7958909045e+03,1.4417367999e+02,-1.0866379208e+01,1.0866379208e+01,2.7958937997e+03,1.4417727067e+02,9.9918742588e-04,2.9216578411e-03,3.7754966472e-01,2.7284192274e-02,0.0000000000e+00,0.0000000000e+00,0.0000000000e+00,0.0000000000e+00,5.1605189484e-07,5.1605233944e-07,1.3279101112e-04,6.8475378317e-06,5.2754177470e-07,5.3771914484e-07,1.3189270468e-04,6.8409713402e-06,1.0000000000e+00,4.1921888688e+00,2.0679115636e+00,4.1921888688e+00,1.0000000000e+00,1.0000285724e+00,1.0000095586e+00,1.0000285724e+00,1.8516470758e+03,1.9004849177e+03,1.9618056680e+00,nan,3.6707229336e-01,3.7675395402e-01,3.8891023841e-04,nan,1.7614178818e+00,2.3316025139e-02,2.6651727793e-01,4.1920690912e+00,2.0698615672e-01,9.9323518644e-01,-2.1554875220e-02,-2.0652324370e-02,-4.3270602965e-04,5.5541348038e-01,2.9538736819e-01,484457,52,54,41,1.3189270468e-04,5.1120096334e-01,4.7989688679e-01,2.6313689917e-02,-3.6109998553e+00,-2.7882739732e+03,-2.1963108016e-02,-2.7882959363e+03,-9.8172520129e-06,447024,48,48,48,-7.4878713362e-05,1.0000000000e+00,5.3903844917e-01,6.7407932083e-02,-2.6272051813e+00,-1.4711475864e+00,-3.8800470699e-02,-1.5099480571e+00,1.8503719735e-05,2.6231506350e-02,6.7426435802e-02,2.5720146833e-06,3.9493731440e-04,0,0,0,2.3958248488e-04,3.1921888688e+00,3.1924284512e+00,9.3176175816e-08,2.8572417675e-05,2.8665593851e-05,4.7495061735e-04,2.3958248488e+00
334,3.3400000000e-02,1.0000000000e-04,-9.3643641803e-02,1.3514629747e-01,1.5100075657e+00,2.6332690715e-01,-2.1596177998e-01,2.1596177998e-01,1.4712806070e+00,3.3976725314e-01,1.2231813818e-01,1.2238872303e-01,1.9245007949e-01,1.3081115596e-01,0.0000000000e+00,0.0000000000e+00,0.0000000000e+00,0.0000000000e+00,2.2435376397e-05,3.2378685771e-05,3.6177136479e-04,6.3088514752e-05,2.2435376397e-05,2.3059812860e-05,7.4533564060e-05,2.5659188908e-05,-1.0865138310e+01,1.0865147684e+01,2.7956791816e+03,1.4416861492e+02,-1.0866137150e+01,1.0866137150e+01,2.7956818197e+03,1.4417220211e+02,9.9883975313e-04,2.9217538077e-03,3.7754943224e-01,2.7284428273e-02,0.0000000000e+00,0.0000000000e+00,0.0000000000e+00,0.0000000000e+00,5.1604041479e-07,5.1604086002e-07,1.3278095532e-04,6.8472972661e-06,5.2753748857e-07,5.3772229297e-07,1.3188218049e-04,6.8407255468e-06,1.0000000000e+00,4.1921888688e+00,2.0679115636e+00,4.1921888688e+00,1.0000000000e+00,1.0000285724e+00,1.0000095586e+00,1.0000285724e+00,1.8514338902e+03,1.9001690136e+03,1.9618045014e+00,nan,3.6703003125e-01,3.7669132888e-01,3.8891000715e-04,nan,1.7694334379e+00,2.3318588760e-02,2.6659944597e-01,4.1920690912e+00,2.0602394583e-01,9.9323114652e-01,-4.9744861130e-03,-3.6104991893e-03,-4.1532588136e-04,5.5543238596e-01,2.9534311639e-01,410838,44,55,54,1.3188218049e-04,5.1133285604e-01,4.7986850226e-01,2.6303872665e-02,-3.6113830927e+00,-2.7879912999e+03,-2.2221461973e-02,-2.7880135214e+03,-9.9651087032e-06,447024,48,48,48,-7.4533564060e-05,1.0000000000e+00,5.3896357045e-01,6.7426435802e-02,-2.6269108740e+00,-1.4712806070e+00,-3.8726958744e-02,-1.5100075657e+00,1.8042272333e-05,2.6222067240e-02,6.7444478075e-02,2.6237619163e-06,3.9550442437e-04,0,0,0,2.3958248488e-04,3.1921888688e+00,3.1924284512e+00,9.3176175816e-08,2.8572417675e-05,2.8665593851e-05,4.7495061735e-04,2.3958248488e+00
335,3.3500000000e-02,1.0000000000e-04,-9.3645780246e-02,1.3515071769e-01,1.5100653219e+00,2.6331175598e-01,-2.1598001473e-01,2.1598001473e-01,1.4714115415e+00,3.3976094182e-01,1.2233423448e-01,1.2240455362e-01,1.9245008835e-01,1.3082397477e-01,0.0000000000e+00,0.0000000000e+00,0.0000000000e+00,0.0000000000e+00,2.2435888730e-05,3.2379744778e-05,3.6178520217e-04,6.3084884798e-05,2.2435888730e-05,2.3057396816e-05,7.4190501957e-05,2.5650376294e-05,-1.0864860907e+01,1.0864870294e+01,2.7954577747e+03,1.4416307545e+02,-1.0865859399e+01,1.0865859399e+01,2.7954601556e+03,1.4416665915e+02,9.9849208569e-04,2.9218494414e-03,3.7754914613e-01,2.7284664467e-02,0.0000000000e+00,0.0000000000e+00,0.0000000000e+00,0.0000000000e+00,5.1602723952e-07,5.1602768537e-07,1.3277043959e-04,6.8470341683e-06,5.2752971999e-07,5.3772247654e-07,1.3187122454e-04,6.8404573010e-06,1.0000000000e+00,4.1921888688e+00,2.0679115636e+00,4.1921888688e+00,1.0000000000e+00,1.0000285724e+00,1.0000095586e+00,1.0000285724e+00,1.8512164567e+03,1.8998492786e+03,1.9618029245e+00,nan,3.6698692703e-01,3.7662794430e-01,3.8890969453e-04,nan,1.7774677494e+00,2.3321040134e-02,2.6668058288e-01,4.1920690912e+00,2.0506781790e-01,9.9322729479e-01,1.1664452533e-02,1.3513696309e-02,-4.1360906276e-04,5.5545143844e-01,2.9529891349e-01,391337,42,44,41,1.3187122454e-04,5.1146473823e-01,4.7984024369e-01,2.6293907557e-02,-3.6117722445e+00,-2.7876989090e+03,-2.2479786035e-02,-2.7877213888e+03,-1.0104491506e-05,447024,48,48,48,-7.4190501957e-05,1.0000000000e+00,5.3888903689e-01,6.7444478075e-02,-2.6266239783e+00,-1.4714115415e+00,-3.8653780430e-02,-1.5100653219e+00,1.7555995839e-05,2.6212544965e-02,6.7462034071e-02,2.6723699306e-06,3.9606980930e-04,0,0,0,2.3958248488e-04,3.1921888688e+00,3.1924284512e+00,9.3176175816e-08,2.8572417675e-05,2.8665593851e-05,4.7495061735e-04,2.3958248488e+00
336,3.3600000000e-02,1.0000000000e-04,-9.3647727149e-02,1.3515493591e-01,1.5101212456e+00,2.6329608281e-01,-2.1599805563e-01,2.1599805563e-01,1.4715403118e+00,3.3975415309e-01,1.2235032848e-01,1.2242038309e-01,1.9245008901e-01,1.3083679610e-01,0.0000000000e+00,0.0000000000e+00,0.0000000000e+00,0.0000000000e+00,2.2436355174e-05,3.2380755389e-05,3.6179860049e-04,6.3081129780e-05,2.2436355174e-05,2.3054964238e-05,7.3849553217e-05,2.5641582472e-05,-1.0864549347e+01,1.0864558747e+01,2.7952271039e+03,1.4415708270e+02,-1.0865547491e+01,1.0865547491e+01,2.7952292277e+03,1.4416066292e+02,9.9814441796e-04,2.9219447353e-03,3.7754880635e-01,2.7284900859e-02,0.0000000000e+00,0.0000000000e+00,0.0000000000e+00,0.0000000000e+00,5.1601244195e-07,5.1601288843e-07,1.3275948387e-04,6.8467495425e-06,5.2752076562e-07,5.3771813169e-07,1.3185984973e-04,6.8401674533e-06,1.0000000000e+00,4.1921888688e+00,2.0679115636e+00,4.1921888688e+00,1.0000000000e+00,1.0000285724e+00,1.0000095586e+00,1.0000285724e+00,1.8509951516e+03,1.8995260988e+03,1.9618011521e+00,nan,3.6694305529e-01,3.7656387683e-01,3.8890934317e-04,nan,1.7855199387e+00,2.3323312331e-02,2.6676073759e-01,4.1920690912e+00,2.0411785208e-01,9.9322357914e-01,2.8387371668e-02,3.0754624997e-02,-4.2654549154e-04,5.5547069582e-01,2.9525345763e-01,502697,54,52,41,1.3185984973e-04,5.1159660945e-01,4.7981210986e-01,2.6283803065e-02,-3.6121669858e+00,-2.7873972235e+03,-2.2738079249e-02,-2.7874199616e+03,-1.0234935375e-05,447024,48,48,48,-7.3849553217e-05,1.0000000000e+00,5.3881484639e-01,6.7462034071e-02,-2.6263448834e+00,-1.4715403118e+00,-3.8580933792e-02,-1.5101212456e+00,1.7048042947e-05,2.6202942704e-02,6.7479082114e-02,2.7177381598e-06,3.9663328193e-04,0,0,0,2.3958248488e-04,3.1921888688e+00,3.1924284512e+00,9.3176175816e-08,2.8572417675e-05,2.8665593851e-05,4.7495061735e-04,2.3958248488e+00
337,3.3700000000e-02,1.0000000000e-04,-9.3649482456e-02,1.3515895417e-01,1.5101752674e+00,2.6327990055e-01,-2.1601590266e-01,2.1601590266e-01,1.4716668506e+00,3.3974689592e-01,1.2236642020e-01,1.2243621145e-01,1.9245008945e-01,1.3084961995e-01,0.0000000000e+00,0.0000000000e+00,0.0000000000e+00,0.0000000000e+00,2.2436775715e-05,3.2381718095e-05,3.6181154317e-04,6.3077252795e-05,2.2436775715e-05,2.3052514302e-05,7.3510741262e-05,2.5632805946e-05,-1.0864205266e+01,1.0864214680e+01,2.7949876130e+03,1.4415065913e+02,-1.0865203063e+01,1.0865203063e+01,2.7949894796e+03,1.4415423587e+02,9.9779675297e-04,2.9220396911e-03,3.7754841285e-01,2.7285137447e-02,0.0000000000e+00,0.0000000000e+00,0.0000000000e+00,0.0000000000e+00,5.1599609981e-07,5.1599654692e-07,1.3274810923e-04,6.8464444543e-06,5.2751180272e-07,5.3771355032e-07,1.3184814995e-04,6.8398571571e-06,1.0000000000e+00,4.1921888688e+00,2.0679115636e+00,4.1921888688e+00,1.0000000000e+00,1.0000285724e+00,1.0000095586e+00,1.0000285724e+00,1.8507703532e+03,1.8991998620e+03,1.9617991030e+00,nan,3.6689849103e-01,3.7649920335e-01,3.8890893695e-04,nan,1.7935902657e+00,2.3325592310e-02,2.6683996951e-01,4.1920690912e+00,2.0317411826e-01,9.9322054919e-01,4.5281646017e-02,4.8186416370e-02,-4.5326175958e-04,5.5549018035e-01,2.9520793279e-01,392105,42,52,41,1.3184814995e-04,5.1172846930e-01,4.7978409954e-01,2.6273568130e-02,-3.6125669737e+00,-2.7870866900e+03,-2.2996340690e-02,-2.7871096864e+03,-1.0356076082e-05,447024,48,48,48,-7.3510741262e-05,1.0000000000e+00,5.3874099683e-01,6.7479082114e-02,-2.6260739281e+00,-1.4716668506e+00,-3.8508416834e-02,-1.5101752674e+00,1.6521571076e-05,2.6193263865e-02,6.7495603685e-02,2.7597930089e-06,3.9719476716e-04,0,0,0,2.3958248488e-04,3.1921888688e+00,3.1924284512e+00,9.3176175816e-08,2.8572417675e-05,2.8665593851e-05,4.7495061735e-04,2.3958248488e+00
338,3.3800000000e-02,1.0000000000e-04,-9.3651046750e-02,1.3516276819e-01,1.5102273291e+00,2.6326322364e-01,-2.1603355643e-01,2.1603355643e-01,1.4717911015e+00,3.3973918069e-01,1.2238250968e-01,1.2245203873e-01,1.9245008962e-01,1.3086244631e-01,0.0000000000e+00,0.0000000000e+00,0.0000000000e+00,0.0000000000e+00,2.2437150492e-05,3.2382631867e-05,3.6182401624e-04,6.3073257297e-05,2.2437150492e-05,2.3050046281e-05,7.3174086666e-05,2.5624045356e-05,-1.0863830381e+01,1.0863839809e+01,2.7947397643e+03,1.4414382818e+02,-1.0864827830e+01,1.0864827830e+01,2.7947413738e+03,1.4414740147e+02,9.9744909802e-04,2.9221343150e-03,3.7754796560e-01,2.7285374233e-02,0.0000000000e+00,0.0000000000e+00,0.0000000000e+00,0.0000000000e+00,5.1597829464e-07,5.1597874238e-07,1.3273633764e-04,6.8461200183e-06,5.2750180205e-07,5.3771103808e-07,1.3183610134e-04,6.8395275236e-06,1.0000000000e+00,4.1921888688e+00,2.0679115636e+00,4.1921888688e+00,1.0000000000e+00,1.0000285724e+00,1.0000095586e+00,1.0000285724e+00,1.8505424385e+03,1.8988709545e+03,1.9617967773e+00,nan,3.6685330902e-01,3.7643400040e-01,3.8890847590e-04,nan,1.8016774427e+00,2.3327980843e-02,2.6691833505e-01,4.1920690912e+00,2.0223667690e-01,9.9321786094e-01,6.2405176631e-02,6.5870295575e-02,-4.9324877251e-04,5.5550965694e-01,2.9516378745e-01,410743,44,54,55,1.3183610134e-04,5.1186031745e-01,4.7975621158e-01,2.6263212054e-02,-3.6129718501e+00,-2.7867677740e+03,-2.3254569615e-02,-2.7867910286e+03,-1.0467648230e-05,447024,48,48,48,-7.3174086666e-05,1.0000000000e+00,5.3866748609e-01,6.7495603685e-02,-2.6258114009e+00,-1.4717911015e+00,-3.8436227538e-02,-1.5102273291e+00,1.5979719058e-05,2.6183512038e-02,6.7511583404e-02,2.7984833689e-06,3.9775483070e-04,0,0,0,2.3958248488e-04,3.1921888688e+00,3.1924284512e+00,9.3176175816e-08,2.8572417675e-05,2.8665593851e-05,4.7495061735e-04,2.3958248488e+00
339,3.3900000000e-02,1.0000000000e-04,-9.3652421217e-02,1.3516639864e-01,1.5102773831e+00,2.6324606781e-01,-2.1605101815e-01,2.1605101815e-01,1.4719130192e+00,3.3973101902e-01,1.2239859693e-01,1.2246786493e-01,1.9245008586e-01,1.3087527518e-01,0.0000000000e+00,0.0000000000e+00,0.0000000000e+00,0.0000000000e+00,2.2437479791e-05,3.2383501660e-05,3.6183600830e-04,6.3069147061e-05,2.2437479791e-05,2.3047559550e-05,7.2839607067e-05,2.5615299482e-05,-1.0863426473e+01,1.0863435914e+01,2.7944840342e+03,1.4413661413e+02,-1.0864423574e+01,1.0864423574e+01,2.7944853866e+03,1.4414018395e+02,9.9710145600e-04,2.9222286088e-03,3.7754746456e-01,2.7285611219e-02,0.0000000000e+00,0.0000000000e+00,0.0000000000e+00,0.0000000000e+00,5.1595911098e-07,5.1595955937e-07,1.3272419172e-04,6.8457773862e-06,5.2749475557e-07,5.3770303822e-07,1.3182360453e-04,6.8391796828e-06,1.0000000000e+00,4.1921888688e+00,2.0679115636e+00,4.1921888688e+00,1.0000000000e+00,1.0000285724e+00,1.0000095586e+00,1.0000285724e+00,1.8503117808e+03,1.8985397575e+03,1.9617942121e+00,nan,3.6680758320e-01,3.7636834359e-01,3.8890796738e-04,nan,1.8097791825e+00,2.3330150728e-02,2.6699589000e-01,4.1920690912e+00,2.0130557876e-01,9.9321459656e-01,7.9754905760e-02,8.3834894251e-02,-5.4529755528e-04,5.5552909560e-01,2.9511786795e-01,484554,52,55,42,1.3182360453e-04,5.1199215355e-01,4.7972844487e-01,2.6252744405e-02,-3.6133812464e+00,-2.7864409549e+03,-2.3512765236e-02,-2.7864644676e+03,-1.0569482547e-05,447024,48,48,48,-7.2839607067e-05,1.0000000000e+00,5.3859431201e-01,6.7511583404e-02,-2.6255575404e+00,-1.4719130192e+00,-3.8364363865e-02,-1.5102773831e+00,1.5425584768e-05,2.6173690960e-02,6.7527008988e-02,2.8337839935e-06,3.9831408337e-04,0,0,0,2.3958248488e-04,3.1921888688e+00,3.1924284512e+00,9.3176175816e-08,2.8572417675e-05,2.8665593851e-05,4.7495061735e-04,2.3958248488e+00
340,3.4000000000e-02,1.0000000000e-04,-9.3653607608e-02,1.3516984811e-01,1.5103253926e+00,2.6322844992e-01,-2.1606828959e-01,2.1606828959e-01,1.4720325688e+00,3.3972242367e-01,1.2241468198e-01,1.2248369007e-01,1.9245008965e-01,1.3088810656e-01,0.0000000000e+00,0.0000000000e+00,0.0000000000e+00,0.0000000000e+00,2.2437764029e-05,3.2384328091e-05,3.6184751053e-04,6.3064926124e-05,2.2437764029e-05,2.3045053992e-05,7.2507317116e-05,2.5606567246e-05,-1.0862995365e+01,1.0863004819e+01,2.7942209080e+03,1.4412904175e+02,-1.0863992119e+01,1.0863992119e+01,2.7942220033e+03,1.4413260813e+02,9.9675384500e-04,2.9223225892e-03,3.7754690969e-01,2.7285848403e-02,0.0000000000e+00,0.0000000000e+00,0.0000000000e+00,0.0000000000e+00,5.1593863548e-07,5.1593908451e-07,1.3271169453e-04,6.8454177359e-06,5.2748557761e-07,5.3770007629e-07,1.3181038694e-04,6.8388148601e-06,1.0000000000e+00,4.1921888688e+00,2.0679115636e+00,4.1921888688e+00,1.0000000000e+00,1.0000285724e+00,1.0000095586e+00,1.0000285724e+00,1.8500787458e+03,1.8982066447e+03,1.9617912903e+00,nan,3.6676138612e-01,3.7630230700e-01,3.8890738816e-04,nan,1.8178908307e+00,2.3332558755e-02,2.6707269250e-01,4.1920690912e+00,2.0038086489e-01,9.9320852930e-01,9.7394644133e-02,1.0215050947e-01,-6.0882895405e-04,5.5554840251e-01,2.9507329479e-01,410743,44,54,55,1.3181038694e-04,5.1212397716e-01,4.7970079832e-01,2.6242174923e-02,-3.6137947868e+00,-2.7861067211e+03,-2.3770926571e-02,-2.7861304920e+03,-1.0661502219e-05,447024,48,48,48,-7.2507317116e-05,1.0000000000e+00,5.3852147240e-01,6.7527008988e-02,-2.6253125360e+00,-1.4720325688e+00,-3.8292823756e-02,-1.5103253926e+00,1.4862204101e-05,2.6163804473e-02,6.7541871193e-02,2.8656916739e-06,3.9887248005e-04,0,0,0,2.3958248488e-04,3.1921888688e+00,3.1924284512e+00,9.3176175816e-08,2.8572417675e-05,2.8665593851e-05,4.7495061735e-04,2.3958248488e+00
341,3.4100000000e-02,1.0000000000e-04,-9.3654608199e-02,1.3517311091e-01,1.5103713310e+00,2.6321038777e-01,-2.1608537306e-01,2.1608537306e-01,1.4721497258e+00,3.3971340832e-01,1.2243076486e-01,1.2249951417e-01,1.9245008622e-01,1.3090094044e-01,0.0000000000e+00,0.0000000000e+00,0.0000000000e+00,0.0000000000e+00,2.2438003753e-05,3.2385109801e-05,3.6185851657e-04,6.3060598750e-05,2.2438003753e-05,2.3042530650e-05,7.2177228443e-05,2.5597847710e-05,-1.0862538908e+01,1.0862548376e+01,2.7939508757e+03,1.4412113616e+02,-1.0863535314e+01,1.0863535314e+01,2.7939517140e+03,1.4412469910e+02,9.9640626280e-04,2.9224162531e-03,3.7754630095e-01,2.7286085785e-02,0.0000000000e+00,0.0000000000e+00,0.0000000000e+00,0.0000000000e+00,5.1591695604e-07,5.1591740572e-07,1.3269886933e-04,6.8450422594e-06,5.2747864468e-07,5.3769473960e-07,1.3179680873e-04,6.8384339688e-06,1.0000000000e+00,4.1921888688e+00,2.0679115636e+00,4.1921888688e+00,1.0000000000e+00,1.0000285724e+00,1.0000095586e+00,1.0000285724e+00,1.8498436897e+03,1.8978719793e+03,1.9617881621e+00,nan,3.6671478837e-01,3.7623596260e-01,3.8890676802e-04,nan,1.8260164815e+00,2.3334882256e-02,2.6714878713e-01,4.1920690912e+00,1.9946256655e-01,9.9320219832e-01,1.1530244641e-01,1.2083569084e-01,-6.8266160008e-04,5.5556764184e-01,2.9502848356e-01,392105,42,52,41,1.3179680873e-04,5.1225578754e-01,4.7967327092e-01,2.6231513421e-02,-3.6142120916e+00,-2.7857655662e+03,-2.4029052102e-02,-2.7857895952e+03,-1.0743719492e-05,447024,48,48,48,-7.2177228443e-05,1.0000000000e+00,5.3844896508e-01,6.7541871193e-02,-2.6250765289e+00,-1.4721497258e+00,-3.8221605136e-02,-1.5103713310e+00,1.4292531115e-05,2.6153856485e-02,6.7556163724e-02,2.8942231814e-06,3.9942992877e-04,0,0,0,2.3958248488e-04,3.1921888688e+00,3.1924284512e+00,9.3176175816e-08,2.8572417675e-05,2.8665593851e-05,4.7495061735e-04,2.3958248488e+00
342,3.4200000000e-02,1.0000000000e-04,-9.3655425747e-02,1.3517618718e-01,1.5104151819e+00,2.6319189989e-01,-2.1610227134e-01,2.1610227134e-01,1.4722644760e+00,3.3970398748e-01,1.2244684559e-01,1.2251533723e-01,1.9245008952e-01,1.3091377682e-01,0.0000000000e+00,0.0000000000e+00,0.0000000000e+00,0.0000000000e+00,2.2438199623e-05,3.2385846822e-05,3.6186902249e-04,6.3056169377e-05,2.2438199623e-05,2.3039987270e-05,7.1849349649e-05,2.5589140074e-05,-1.0862058964e+01,1.0862068445e+01,2.7936744273e+03,1.4411292252e+02,-1.0863055022e+01,1.0863055022e+01,2.7936750085e+03,1.4411648202e+02,9.9605872389e-04,2.9225096140e-03,3.7754563829e-01,2.7286323366e-02,0.0000000000e+00,0.0000000000e+00,0.0000000000e+00,0.0000000000e+00,5.1589416105e-07,5.1589461138e-07,1.3268573939e-04,6.8446521520e-06,5.2748763874e-07,5.3767076889e-07,1.3178314297e-04,6.8380380446e-06,1.0000000000e+00,4.1921888688e+00,2.0679115636e+00,4.1921888688e+00,1.0000000000e+00,1.0000285724e+00,1.0000095586e+00,1.0000285724e+00,1.8496069562e+03,1.8975361113e+03,1.9617846852e+00,nan,3.6666785811e-01,3.7616937980e-01,3.8890607876e-04,nan,1.8341591624e+00,2.3336417794e-02,2.6722422187e-01,4.1920690912e+00,1.9855070532e-01,9.9319748734e-01,1.3345709686e-01,1.3990402371e-01,-7.6494770160e-04,5.5558709416e-01,2.9497776250e-01,392105,42,52,41,1.3178314297e-04,5.1238758435e-01,4.7964586167e-01,2.6220769701e-02,-3.6146327816e+00,-2.7854179833e+03,-2.4287141019e-02,-2.7854422704e+03,-1.0816230143e-05,447024,48,48,48,-7.1849349649e-05,1.0000000000e+00,5.3837678785e-01,6.7556163724e-02,-2.6248496134e+00,-1.4722644760e+00,-3.8150705921e-02,-1.5104151819e+00,1.3719419667e-05,2.6143850944e-02,6.7569883143e-02,2.9194167425e-06,3.9998694042e-04,0,0,0,2.3958248488e-04,3.1921888688e+00,3.1924284512e+00,9.3176175816e-08,2.8572417675e-05,2.8665593851e-05,4.7495061735e-04,2.3958248488e+00
343,3.4300000000e-02,1.0000000000e-04,-9.3656063458e-02,1.3517908272e-01,1.5104569385e+00,2.6317300537e-01,-2.1611898765e-01,2.1611898765e-01,1.4723768145e+00,3.3969417629e-01,1.2246292419e-01,1.2253115928e-01,1.9245008737e-01,1.3092661570e-01,0.0000000000e+00,0.0000000000e+00,0.0000000000e+00,0.0000000000e+00,2.2438352408e-05,3.2386540541e-05,3.6187902664e-04,6.3051642581e-05,2.2438352408e-05,2.3037423622e-05,7.1523686320e-05,2.5580443680e-05,-1.0861557385e+01,1.0861566881e+01,2.7933920488e+03,1.4410442586e+02,-1.0862553097e+01,1.0862553097e+01,2.7933923730e+03,1.4410798193e+02,9.9571129611e-04,2.9226027388e-03,3.7754492170e-01,2.7286561149e-02,0.0000000000e+00,0.0000000000e+00,0.0000000000e+00,0.0000000000e+00,5.1587033856e-07,5.1587078954e-07,1.3267232781e-04,6.8442486025e-06,5.2748788354e-07,5.3766537231e-07,1.3176945940e-04,6.8376283666e-06,1.0000000000e+00,4.1921888688e+00,2.0679115636e+00,4.1921888688e+00,1.0000000000e+00,1.0000285724e+00,1.0000095586e+00,1.0000285724e+00,1.8493688747e+03,1.8971993755e+03,1.9617809836e+00,nan,3.6662066060e-01,3.7610262498e-01,3.8890534494e-04,nan,1.8423191838e+00,2.3338780461e-02,2.6729905283e-01,4.1920690912e+00,1.9764529319e-01,9.9319474968e-01,1.5182278747e-01,1.5934953718e-01,-8.5526383378e-04,5.5560696203e-01,2.9493538254e-01,483305,52,42,41,1.3176945940e-04,5.1251936749e-01,4.7961856964e-01,2.6209953471e-02,-3.6150564803e+00,-2.7850644616e+03,-2.4545193046e-02,-2.7850890068e+03,-1.0879207712e-05,447024,48,48,48,-7.1523686320e-05,1.0000000000e+00,5.3830493850e-01,6.7569883143e-02,-2.6246318389e+00,-1.4723768145e+00,-3.8080124013e-02,-1.5104569385e+00,1.3145606381e-05,2.6133791796e-02,6.7583028750e-02,2.9413273210e-06,4.0054553206e-04,0,0,0,2.3958248488e-04,3.1921888688e+00,3.1924284512e+00,9.3176175816e-08,2.8572417675e-05,2.8665593851e-05,4.7495061735e-04,2.3958248488e+00
344,3.4400000000e-02,1.0000000000e-04,-9.3656524940e-02,1.3518179985e-01,1.5104966033e+00,2.6315372370e-01,-2.1613552562e-01,2.1613552562e-01,1.4724867460e+00,3.3968399042e-01,1.2247900068e-01,1.2254698032e-01,1.9245008943e-01,1.3093945706e-01,0.0000000000e+00,0.0000000000e+00,0.0000000000e+00,0.0000000000e+00,2.2438462971e-05,3.2387191519e-05,3.6188852963e-04,6.3047023031e-05,2.2438462971e-05,2.3034839576e-05,7.1200241069e-05,2.5571758006e-05,-1.0861036007e+01,1.0861045516e+01,2.7931042183e+03,1.4409567083e+02,-1.0862031371e+01,1.0862031371e+01,2.7931042856e+03,1.4409922348e+02,9.9536395016e-04,2.9226955971e-03,3.7754415112e-01,2.7286799144e-02,0.0000000000e+00,0.0000000000e+00,0.0000000000e+00,0.0000000000e+00,5.1584557564e-07,5.1584602729e-07,1.3265865728e-04,6.8438327819e-06,5.2748176365e-07,5.3765713288e-07,1.3175554894e-04,6.8372066536e-06,1.0000000000e+00,4.1921888688e+00,2.0679115636e+00,4.1921888688e+00,1.0000000000e+00,1.0000285724e+00,1.0000095586e+00,1.0000285724e+00,1.8491297579e+03,1.8968620894e+03,1.9617769586e+00,nan,3.6657325784e-01,3.7603576106e-01,3.8890454702e-04,nan,1.8504930174e+00,2.3341040909e-02,2.6737335196e-01,4.1920690912e+00,1.9674633275e-01,9.9319223967e-01,1.7065268579e-01,1.7930395025e-01,-9.5306317310e-04,5.5562664765e-01,2.9489246451e-01,501943,54,44,55,1.3175554894e-04,5.1265113695e-01,4.7959139396e-01,2.6199074263e-02,-3.6154828177e+00,-2.7847054822e+03,-2.4803208042e-02,-2.7847302854e+03,-1.0932897319e-05,447024,48,48,48,-7.1200241069e-05,1.0000000000e+00,5.3823341482e-01,6.7583028750e-02,-2.6244232111e+00,-1.4724867460e+00,-3.8009857310e-02,-1.5104966033e+00,1.2573693172e-05,2.6123682965e-02,6.7595602443e-02,2.9600284741e-06,4.0110456626e-04,0,0,0,2.3958248488e-04,3.1921888688e+00,3.1924284512e+00,9.3176175816e-08,2.8572417675e-05,2.8665593851e-05,4.7495061735e-04,2.3958248488e+00
345,3.4500000000e-02,1.0000000000e-04,-9.3656814169e-02,1.3518434255e-01,1.5105341874e+00,2.6313407462e-01,-2.1615188923e-01,2.1615188923e-01,1.4725942837e+00,3.3967344590e-01,1.2249507507e-01,1.2256280035e-01,1.9245008283e-01,1.3095230090e-01,0.0000000000e+00,0.0000000000e+00,0.0000000000e+00,0.0000000000e+00,2.2438532265e-05,3.2387800705e-05,3.6189753412e-04,6.3042315455e-05,2.2438532265e-05,2.3032235095e-05,7.0879013588e-05,2.5563082667e-05,-1.0860496624e+01,1.0860506147e+01,2.7928114025e+03,1.4408668160e+02,-1.0861491641e+01,1.0861491641e+01,2.7928112128e+03,1.4409023083e+02,9.9501666545e-04,2.9227984585e-03,3.7754332653e-01,2.7287037347e-02,0.0000000000e+00,0.0000000000e+00,0.0000000000e+00,0.0000000000e+00,5.1581995764e-07,5.1582040994e-07,1.3264474998e-04,6.8434058379e-06,5.2747231784e-07,5.3764373190e-07,1.3174140174e-04,6.8367739411e-06,1.0000000000e+00,4.1921888688e+00,2.0679115636e+00,4.1921888688e+00,1.0000000000e+00,1.0000285724e+00,1.0000095586e+00,1.0000285724e+00,1.8488898999e+03,1.8965245511e+03,1.9617727411e+00,nan,3.6652570817e-01,3.7596884714e-01,3.8890371095e-04,nan,1.8586799543e+00,2.3343098474e-02,2.6744716317e-01,4.1920690912e+00,1.9585381747e-01,9.9318971735e-01,1.8957502503e-01,1.9950949407e-01,-1.0571939938e-03,5.5564621102e-01,2.9484807864e-01,382890,41,52,42,1.3174140174e-04,5.1278289250e-01,4.7956433376e-01,2.6188141366e-02,-3.6159114327e+00,-2.7843415149e+03,-2.5061185460e-02,-2.7843665761e+03,-1.0977609864e-05,447024,48,48,48,-7.0879013588e-05,1.0000000000e+00,5.3816221458e-01,6.7595602443e-02,-2.6242236952e+00,-1.4725942837e+00,-3.7939903705e-02,-1.5105341874e+00,1.2006137116e-05,2.6113528319e-02,6.7607608580e-02,2.9756077524e-06,4.0166331374e-04,0,0,0,2.3958248488e-04,3.1921888688e+00,3.1924284512e+00,9.3176175816e-08,2.8572417675e-05,2.8665593851e-05,4.7495061735e-04,2.3958248488e+00
346,3.4600000000e-02,1.0000000000e-04,-9.3656935448e-02,1.3518671347e-01,1.5105697102e+00,2.6311407794e-01,-2.1616808282e-01,2.1616808282e-01,1.4726994491e+00,3.3966255906e-01,1.2251114737e-01,1.2257861939e-01,1.9245008829e-01,1.3096514721e-01,0.0000000000e+00,0.0000000000e+00,0.0000000000e+00,0.0000000000e+00,2.2438561321e-05,3.2388368737e-05,3.6190604477e-04,6.3037524601e-05,2.2438561321e-05,2.3029610237e-05,7.0560000731e-05,2.5554417411e-05,-1.0859940985e+01,1.0859950523e+01,2.7925140531e+03,1.4407748163e+02,-1.0860935655e+01,1.0860935655e+01,2.7925136065e+03,1.4408102744e+02,9.9466943292e-04,2.9229046712e-03,3.7754244789e-01,2.7287275753e-02,0.0000000000e+00,0.0000000000e+00,0.0000000000e+00,0.0000000000e+00,5.1579356753e-07,5.1579402051e-07,1.3263062735e-04,6.8429688844e-06,5.2745870565e-07,5.3762777558e-07,1.3172703315e-04,6.8363313020e-06,1.0000000000e+00,4.1921888688e+00,2.0679115636e+00,4.1921888688e+00,1.0000000000e+00,1.0000285724e+00,1.0000095586e+00,1.0000285724e+00,1.8486495752e+03,1.8961870381e+03,1.9617681200e+00,nan,3.6647806597e-01,3.7590193824e-01,3.8890279485e-04,nan,1.8668797022e+00,2.3345066201e-02,2.6752053049e-01,4.1920690912e+00,1.9496773196e-01,9.9318713772e-01,2.0824708490e-01,2.1966226458e-01,-1.1667581742e-03,5.5566565400e-01,2.9480317357e-01,391337,42,44,41,1.3172703315e-04,5.1291463390e-01,4.7953738825e-01,2.6177163756e-02,-3.6163419758e+00,-2.7839730145e+03,-2.5319124732e-02,-2.7839983336e+03,-1.1013715144e-05,447024,48,48,48,-7.0560000731e-05,1.0000000000e+00,5.3809133556e-01,6.7607608580e-02,-2.6240332172e+00,-1.4726994491e+00,-3.7870261092e-02,-1.5105697102e+00,1.1445236693e-05,2.6103331652e-02,6.7619053817e-02,2.9881661782e-06,4.0222132217e-04,0,0,0,2.3958248488e-04,3.1921888688e+00,3.1924284512e+00,9.3176175816e-08,2.8572417675e-05,2.8665593851e-05,4.7495061735e-04,2.3958248488e+00
347,3.4700000000e-02,1.0000000000e-04,-9.3656893369e-02,1.3518892431e-01,1.5106031989e+00,2.6309375342e-01,-2.1618411099e-01,2.1618411099e-01,1.4728022715e+00,3.3965134635e-01,1.2252721762e-01,1.2259443744e-01,1.9245008909e-01,1.3097799597e-01,0.0000000000e+00,0.0000000000e+00,0.0000000000e+00,0.0000000000e+00,2.2438551240e-05,3.2388898415e-05,3.6191406806e-04,6.3032655203e-05,2.2438551240e-05,2.3026965151e-05,7.0243196604e-05,2.5545762116e-05,-1.0859370777e+01,1.0859380328e+01,2.7922126041e+03,1.4406809348e+02,-1.0860365099e+01,1.0860365099e+01,2.7922119006e+03,1.4407163589e+02,9.9432223985e-04,2.9230105718e-03,3.7754151516e-01,2.7287514363e-02,0.0000000000e+00,0.0000000000e+00,0.0000000000e+00,0.0000000000e+00,5.1576648544e-07,5.1576693908e-07,1.3261631001e-04,6.8425229938e-06,5.2744217174e-07,5.3761089727e-07,1.3171246413e-04,6.8358797895e-06,1.0000000000e+00,4.1921888688e+00,2.0679115636e+00,4.1921888688e+00,1.0000000000e+00,1.0000285724e+00,1.0000095586e+00,1.0000285724e+00,1.8484090370e+03,1.8958498059e+03,1.9617632652e+00,nan,3.6643038145e-01,3.7583508500e-01,3.8890183244e-04,nan,1.8750921156e+00,2.3347014847e-02,2.6759349588e-01,4.1920690912e+00,1.9408805239e-01,9.9318450434e-01,2.2665247807e-01,2.3954439626e-01,-1.2808833161e-03,5.5568497509e-01,2.9475843904e-01,392105,42,52,41,1.3171246413e-04,5.1304636094e-01,4.7951055667e-01,2.6166150041e-02,-3.6167741116e+00,-2.7836004181e+03,-2.5577025319e-02,-2.7836259951e+03,-1.1041634785e-05,447024,48,48,48,-7.0243196604e-05,1.0000000000e+00,5.3802077556e-01,6.7619053817e-02,-2.6238516672e+00,-1.4728022715e+00,-3.7800927365e-02,-1.5106031989e+00,1.0893121511e-05,2.6093096661e-02,6.7629946938e-02,2.9978175158e-06,4.0277814408e-04,0,0,0,2.3958248488e-04,3.1921888688e+00,3.1924284512e+00,9.3176175816e-08,2.8572417675e-05,2.8665593851e-05,4.7495061735e-04,2.3958248488e+00
348,3.4800000000e-02,1.0000000000e-04,-9.3656692781e-02,1.3519098533e-01,1.5106346876e+00,2.6307312066e-01,-2.1619997859e-01,2.1619997859e-01,1.4729027871e+00,3.3963982423e-01,1.2254328581e-01,1.2261026213e-01,1.9245008843e-01,1.3099084719e-01,0.0000000000e+00,0.0000000000e+00,0.0000000000e+00,0.0000000000e+00,2.2438503182e-05,3.2389392198e-05,3.6192161219e-04,6.3027711955e-05,2.2438503182e-05,2.3024300077e-05,6.9928592681e-05,2.5537116789e-05,-1.0858787614e+01,1.0858797179e+01,2.7919074692e+03,1.4405853874e+02,-1.0859781589e+01,1.0859781589e+01,2.7919065087e+03,1.4406207774e+02,9.9397507801e-04,2.9231161515e-03,3.7754052830e-01,2.7287753175e-02,0.0000000000e+00,0.0000000000e+00,0.0000000000e+00,0.0000000000e+00,5.1573878808e-07,5.1573924240e-07,1.3260181761e-04,6.8420691909e-06,5.2742811964e-07,5.3758848088e-07,1.3169771579e-04,6.8354203863e-06,1.0000000000e+00,4.1921888688e+00,2.0679115636e+00,4.1921888688e+00,1.0000000000e+00,1.0000285724e+00,1.0000095586e+00,1.0000285724e+00,1.8481685163e+03,1.8955130869e+03,1.9617581441e+00,nan,3.6638270039e-01,3.7576833351e-01,3.8890081722e-04,nan,1.8833171203e+00,2.3348743679e-02,2.6766609727e-01,4.1920690912e+00,1.9321474685e-01,9.9318182942e-01,2.4388785385e-01,2.5835128698e-01,-1.3985425102e-03,5.5570420913e-01,2.9471285434e-01,410743,44,54,55,1.3169771579e-04,5.1317807340e-01,4.7948383831e-01,2.6155108406e-02,-3.6172075205e+00,-2.7832241423e+03,-2.5834886725e-02,-2.7832499772e+03,-1.1061834975e-05,447024,48,48,48,-6.9928592681e-05,1.0000000000e+00,5.3795053236e-01,6.7629946938e-02,-2.6236789015e+00,-1.4729027871e+00,-3.7731900424e-02,-1.5106346876e+00,1.0351743990e-05,2.6082826926e-02,6.7640298682e-02,3.0046839706e-06,4.0333336705e-04,0,0,0,2.3958248488e-04,3.1921888688e+00,3.1924284512e+00,9.3176175816e-08,2.8572417675e-05,2.8665593851e-05,4.7495061735e-04,2.3958248488e+00
349,3.4900000000e-02,1.0000000000e-04,-9.3656338751e-02,1.3519289734e-01,1.5106642168e+00,2.6305219896e-01,-2.1621569071e-01,2.1621569071e-01,1.4730010386e+00,3.3962800914e-01,1.2255935196e-01,1.2262608738e-01,1.9245008443e-01,1.3100370083e-01,0.0000000000e+00,0.0000000000e+00,0.0000000000e+00,0.0000000000e+00,2.2438418363e-05,3.2389850283e-05,3.6192868689e-04,6.3022699480e-05,2.2438418363e-05,2.3021615337e-05,6.9616177928e-05,2.5528481559e-05,-1.0858193032e+01,1.0858202611e+01,2.7915990391e+03,1.4404883786e+02,-1.0859186659e+01,1.0859186659e+01,2.7915978218e+03,1.4405237346e+02,9.9362796005e-04,2.9232214225e-03,3.7753948729e-01,2.7287992188e-02,0.0000000000e+00,0.0000000000e+00,0.0000000000e+00,0.0000000000e+00,5.1571054836e-07,5.1571100335e-07,1.3258716870e-04,6.8416084470e-06,5.2741284991e-07,5.3756086514e-07,1.3168279026e-04,6.8349540744e-06,1.0000000000e+00,4.1921888688e+00,2.0679115636e+00,4.1921888688e+00,1.0000000000e+00,1.0000285724e+00,1.0000095586e+00,1.0000285724e+00,1.8479282212e+03,1.8951770898e+03,1.9617527755e+00,nan,3.6633506407e-01,3.7570172513e-01,3.8889975296e-04,nan,1.8915544371e+00,2.3350267011e-02,2.6773837130e-01,4.1920690912e+00,1.9234777582e-01,9.9317898970e-01,2.5918587849e-01,2.7522596772e-01,-1.5189556360e-03,5.5572337044e-01,2.9466717922e-01,410729,44,54,41,1.3168279026e-04,5.1330977112e-01,4.7945723250e-01,2.6144046571e-02,-3.6176419009e+00,-2.7828445807e+03,-2.6092708496e-02,-2.7828706734e+03,-1.1074819142e-05,447024,48,48,48,-6.9616177928e-05,1.0000000000e+00,5.3788060377e-01,6.7640298682e-02,-2.6235147461e+00,-1.4730010386e+00,-3.7663178176e-02,-1.5106642168e+00,9.8228728775e-06,2.6072525900e-02,6.7650121555e-02,3.0088992633e-06,4.0388681516e-04,0,0,0,2.3958248488e-04,3.1921888688e+00,3.1924284512e+00,9.3176175816e-08,2.8572417675e-05,2.8665593851e-05,4.7495061735e-04,2.3958248488e+00
350,3.5000000000e-02,1.0000000000e-04,-9.3655836530e-02,1.3519467345e-01,1.5106918332e+00,2.6303100720e-01,-2.1623125261e-01,2.1623125261e-01,1.4730970746e+00,3.3961591732e-01,1.2257541608e-01,1.2264191162e-01,1.9245008967e-01,1.3101655690e-01,0.0000000000e+00,0.0000000000e+00,0.0000000000e+00,0.0000000000e+00,2.2438298040e-05,3.2390275807e-05,3.6193530328e-04,6.3017622305e-05,2.2438298040e-05,2.3018911341e-05,6.9305938945e-05,2.5519856676e-05,-1.0857588476e+01,1.0857598070e+01,2.7912876801e+03,1.4403901006e+02,-1.0858581757e+01,1.0858581757e+01,2.7912862060e+03,1.4404254227e+02,9.9328088374e-04,2.9233353343e-03,3.7753839208e-01,2.7288231402e-02,0.0000000000e+00,0.0000000000e+00,0.0000000000e+00,0.0000000000e+00,5.1568183497e-07,5.1568229062e-07,1.3257238069e-04,6.8411416750e-06,5.2739275888e-07,5.3753396622e-07,1.3166771874e-04,6.8344817547e-06,1.0000000000e+00,4.1921888688e+00,2.0679115636e+00,4.1921888688e+00,1.0000000000e+00,1.0000285724e+00,1.0000095586e+00,1.0000285724e+00,1.8476883365e+03,1.8948419993e+03,1.9617470313e+00,nan,3.6628750908e-01,3.7563529645e-01,3.8889861421e-04,nan,1.8998042699e+00,2.3351841374e-02,2.6781035025e-01,4.1920690912e+00,1.9148709263e-01,9.9317609034e-01,2.7167591800e-01,2.8915902712e-01,-1.6414512625e-03,5.5574242286e-01,2.9462215464e-01,483305,52,42,41,1.3166771874e-04,5.1344145391e-01,4.7943073858e-01,2.6132971752e-02,-3.6180769704e+00,-2.7824621024e+03,-2.6350490179e-02,-2.7824884529e+03,-1.1081120680e-05,447024,48,48,48,-6.9305938945e-05,1.0000000000e+00,5.3781098759e-01,6.7650121555e-02,-2.6233589989e+00,-1.4730970746e+00,-3.7594758537e-02,-1.5106918332e+00,9.3080886413e-06,2.6062196891e-02,6.7659429644e-02,3.0106007088e-06,4.0443835012e-04,0,0,0,2.3958248488e-04,3.1921888688e+00,3.1924284512e+00,9.3176175816e-08,2.8572417675e-05,2.8665593851e-05,4.7495061735e-04,2.3958248488e+00
351,3.5100000000e-02,1.0000000000e-04,-9.3655191525e-02,1.3519631067e-01,1.5107175882e+00,2.6300956379e-01,-2.1624666970e-01,2.1624666970e-01,1.4731909488e+00,3.3960356480e-01,1.2259147817e-01,1.2265773484e-01,1.9245008940e-01,1.3102941537e-01,0.0000000000e+00,0.0000000000e+00,0.0000000000e+00,0.0000000000e+00,2.2438143508e-05,3.2390668058e-05,3.6194147374e-04,6.3012484842e-05,2.2438143508e-05,2.3016188575e-05,6.8997860117e-05,2.5511242503e-05,-1.0856975298e+01,1.0856984906e+01,2.7909737325e+03,1.4402907324e+02,-1.0857968232e+01,1.0857968232e+01,2.7909720016e+03,1.4403260206e+02,9.9293383241e-04,2.9234534713e-03,3.7753724264e-01,2.7288470818e-02,0.0000000000e+00,0.0000000000e+00,0.0000000000e+00,0.0000000000e+00,5.1565271206e-07,5.1565316839e-07,1.3255746973e-04,6.8406697252e-06,5.2738267094e-07,5.3750044831e-07,1.3165250353e-04,6.8340040126e-06,1.0000000000e+00,4.1921888688e+00,2.0679115636e+00,4.1921888688e+00,1.0000000000e+00,1.0000285724e+00,1.0000095586e+00,1.0000285724e+00,1.8474490231e+03,1.8945079753e+03,1.9617410614e+00,nan,3.6624006737e-01,3.7556907922e-01,3.8889743073e-04,nan,1.9080664721e+00,2.3353147571e-02,2.6788205285e-01,4.1920690912e+00,1.9063264401e-01,9.9317302755e-01,2.8099289358e-01,2.9940821314e-01,-1.7649399466e-03,5.5576142919e-01,2.9457433169e-01,484457,52,54,41,1.3165250353e-04,5.1357312163e-01,4.7940435597e-01,2.6121890631e-02,-3.6185124671e+00,-2.7820770501e+03,-2.6608231387e-02,-2.7821036584e+03,-1.1081295663e-05,447024,48,48,48,-6.8997860117e-05,1.0000000000e+00,5.3774168166e-01,6.7659429644e-02,-2.6232114332e+00,-1.4731909488e+00,-3.7526639436e-02,-1.5107175882e+00,8.8087804810e-06,2.6051843057e-02,6.7668238424e-02,3.0099337201e-06,4.0498802766e-04,0,0,0,2.3958248488e-04,3.1921888688e+00,3.1924284512e+00,9.3176175816e-08,2.8572417675e-05,2.8665593851e-05,4.7495061735e-04,2.3958248488e+00
352,3.5200000000e-02,1.0000000000e-04,-9.3654409261e-02,1.3519783001e-01,1.5107415381e+00,2.6298788659e-01,-2.1626194752e-01,2.1626194752e-01,1.4732827193e+00,3.3959096730e-01,1.2260753825e-01,1.2267355705e-01,1.9245008809e-01,1.3104227624e-01,0.0000000000e+00,0.0000000000e+00,0.0000000000e+00,0.0000000000e+00,2.2437956091e-05,3.2391032064e-05,3.6194721172e-04,6.3007291363e-05,2.2437956091e-05,2.3013447602e-05,6.8691923770e-05,2.5502639512e-05,-1.0856354749e+01,1.0856364372e+01,2.7906575090e+03,1.4401904393e+02,-1.0857347336e+01,1.0857347336e+01,2.7906555212e+03,1.4402256936e+02,9.9258684722e-04,2.9235713193e-03,3.7753603893e-01,2.7288710434e-02,0.0000000000e+00,0.0000000000e+00,0.0000000000e+00,0.0000000000e+00,5.1562323903e-07,5.1562369604e-07,1.3254245067e-04,6.8401933826e-06,5.2736952491e-07,5.3747517220e-07,1.3163716412e-04,6.8335218484e-06,1.0000000000e+00,4.1921888688e+00,2.0679115636e+00,4.1921888688e+00,1.0000000000e+00,1.0000285724e+00,1.0000095586e+00,1.0000285724e+00,1.8472104186e+03,1.8941751537e+03,1.9617348201e+00,nan,3.6619276618e-01,3.7550310034e-01,3.8889619345e-04,nan,1.9163412072e+00,2.3354830684e-02,2.6795351301e-01,4.1920690912e+00,1.8978437061e-01,9.9316983697e-01,2.8617474981e-01,3.0499612845e-01,-1.8894563560e-03,5.5578030868e-01,2.9452891282e-01,382890,41,52,42,1.3163716412e-04,5.1370477413e-01,4.7937808408e-01,2.6110809336e-02,-3.6189481505e+00,-2.7816897391e+03,-2.6865931733e-02,-2.7817166051e+03,-1.1075915709e-05,447024,48,48,48,-6.8691923770e-05,1.0000000000e+00,5.3767268379e-01,6.7668238424e-02,-2.6230718007e+00,-1.4732827193e+00,-3.7458818816e-02,-1.5107415381e+00,8.3261460918e-06,2.6041467393e-02,6.7676564570e-02,3.0070470235e-06,4.0553585284e-04,0,0,0,2.3958248488e-04,3.1921888688e+00,3.1924284512e+00,9.3176175816e-08,2.8572417675e-05,2.8665593851e-05,4.7495061735e-04,2.3958248488e+00
353,3.5300000000e-02,1.0000000000e-04,-9.3653495360e-02,1.3519922491e-01,1.5107637430e+00,2.6296599279e-01,-2.1627709169e-01,2.1627709169e-01,1.4733724483e+00,3.3957814013e-01,1.2262359633e-01,1.2268937824e-01,1.9245008871e-01,1.3105513949e-01,0.0000000000e+00,0.0000000000e+00,0.0000000000e+00,0.0000000000e+00,2.2437737136e-05,3.2391366257e-05,3.6195253161e-04,6.3002045992e-05,2.2437737136e-05,2.3010690870e-05,6.8388110349e-05,2.5494048279e-05,-1.0855727975e+01,1.0855737611e+01,2.7903392941e+03,1.4400893722e+02,-1.0856720215e+01,1.0856720215e+01,2.7903370496e+03,1.4401245927e+02,9.9223991787e-04,2.9236888682e-03,3.7753478091e-01,2.7288950254e-02,0.0000000000e+00,0.0000000000e+00,0.0000000000e+00,0.0000000000e+00,5.1559347034e-07,5.1559392803e-07,1.3252733704e-04,6.8397133638e-06,5.2735609692e-07,5.3745331547e-07,1.3162163191e-04,6.8330361864e-06,1.0000000000e+00,4.1921888688e+00,2.0679115636e+00,4.1921888688e+00,1.0000000000e+00,1.0000285724e+00,1.0000095586e+00,1.0000285724e+00,1.8469726369e+03,1.8938436461e+03,1.9617282769e+00,nan,3.6614562812e-01,3.7543738196e-01,3.8889489632e-04,nan,1.9246274132e+00,2.3356678793e-02,2.6802476059e-01,4.1920690912e+00,1.8894220754e-01,9.9316589963e-01,2.8680556887e-01,3.0547916468e-01,-2.0141708542e-03,5.5579899140e-01,2.9448459669e-01,382122,41,44,42,1.3162163191e-04,5.1383641129e-01,4.7935192239e-01,2.6099733420e-02,-3.6193838022e+00,-2.7813004562e+03,-2.7123590872e-02,-2.7813275798e+03,-1.1065561312e-05,447024,48,48,48,-6.8388110349e-05,1.0000000000e+00,5.3760399187e-01,6.7676564570e-02,-2.6229398341e+00,-1.4733724483e+00,-3.7391294637e-02,-1.5107637430e+00,7.8611901533e-06,2.6031072731e-02,6.7684425760e-02,3.0020913803e-06,4.0608188152e-04,0,0,0,2.3958248488e-04,3.1921888688e+00,3.1924284512e+00,9.3176175816e-08,2.8572417675e-05,2.8665593851e-05,4.7495061735e-04,2.3958248488e+00
354,3.5400000000e-02,1.0000000000e-04,-9.3652455506e-02,1.3520049777e-01,1.5107842660e+00,2.6294389890e-01,-2.1629210790e-01,2.1629210790e-01,1.4734602012e+00,3.3956509819e-01,1.2263965240e-01,1.2270519842e-01,1.9245007881e-01,1.3106800509e-01,0.0000000000e+00,0.0000000000e+00,0.0000000000e+00,0.0000000000e+00,2.2437488006e-05,3.2391671214e-05,3.6195744858e-04,6.2996752682e-05,2.2437488006e-05,2.3007921706e-05,6.8086398582e-05,2.5485469475e-05,-1.0855096015e+01,1.0855105666e+01,2.7900193438e+03,1.4399876675e+02,-1.0856087908e+01,1.0856087908e+01,2.7900168426e+03,1.4400228541e+02,9.9189304463e-04,2.9238061179e-03,3.7753346855e-01,2.7289190277e-02,0.0000000000e+00,0.0000000000e+00,0.0000000000e+00,0.0000000000e+00,5.1556345536e-07,5.1556391373e-07,1.3251214098e-04,6.8392303164e-06,5.2734274182e-07,5.3743354987e-07,1.3160596363e-04,6.8325475986e-06,1.0000000000e+00,4.1921888688e+00,2.0679115636e+00,4.1921888688e+00,1.0000000000e+00,1.0000285724e+00,1.0000095586e+00,1.0000285724e+00,1.8467357693e+03,1.8935135407e+03,1.9617215585e+00,nan,3.6609867126e-01,3.7537194155e-01,3.8889356446e-04,nan,1.9329259055e+00,2.3358630855e-02,2.6809581065e-01,4.1920690912e+00,1.8810608498e-01,9.9316155228e-01,2.8311365635e-01,3.0107837823e-01,-2.1383703814e-03,5.5581754599e-01,2.9444073694e-01,484457,52,54,41,1.3160596363e-04,5.1396803293e-01,4.7932587037e-01,2.6088667859e-02,-3.6198192264e+00,-2.7809094595e+03,-2.7381208321e-02,-2.7809368407e+03,-1.1050815108e-05,447024,48,48,48,-6.8086398582e-05,1.0000000000e+00,5.3753560376e-01,6.7684425760e-02,-2.6228152507e+00,-1.4734602012e+00,-3.7324064877e-02,-1.5107842660e+00,7.4147284160e-06,2.6020661737e-02,6.7691840489e-02,2.9952197316e-06,4.0662614362e-04,0,0,0,2.3958248488e-04,3.1921888688e+00,3.1924284512e+00,9.3176175816e-08,2.8572417675e-05,2.8665593851e-05,4.7495061735e-04,2.3958248488e+00
355,3.5500000000e-02,1.0000000000e-04,-9.3651295424e-02,1.3520165960e-01,1.5108031732e+00,2.6292162068e-01,-2.1630700189e-01,2.1630700189e-01,1.4735460457e+00,3.3955185591e-01,1.2265570647e-01,1.2272101758e-01,1.9245008563e-01,1.3108087305e-01,0.0000000000e+00,0.0000000000e+00,0.0000000000e+00,0.0000000000e+00,2.2437210070e-05,3.2391949568e-05,3.6196197841e-04,6.2991415212e-05,2.2437210070e-05,2.3005136415e-05,6.7786765670e-05,2.5476903863e-05,-1.0854459800e+01,1.0854469466e+01,2.7896978850e+03,1.4398854467e+02,-1.0855451347e+01,1.0855451347e+01,2.7896951271e+03,1.4399205995e+02,9.9154622896e-04,2.9239230697e-03,3.7753210180e-01,2.7289430502e-02,0.0000000000e+00,0.0000000000e+00,0.0000000000e+00,0.0000000000e+00,5.1553323832e-07,5.1553369737e-07,1.3249687327e-04,6.8387448184e-06,5.2732767502e-07,5.3741459725e-07,1.3159019596e-04,6.8320566273e-06,1.0000000000e+00,4.1921888688e+00,2.0679115636e+00,4.1921888688e+00,1.0000000000e+00,1.0000285724e+00,1.0000095586e+00,1.0000285724e+00,1.8464998846e+03,1.8931849027e+03,1.9617143872e+00,nan,3.6605190925e-01,3.7530679203e-01,3.8889214281e-04,nan,1.9412372704e+00,2.3360635101e-02,2.6816667614e-01,4.1920690912e+00,1.8727592873e-01,9.9315699086e-01,2.7580376644e-01,2.9255939480e-01,-2.2615216278e-03,5.5583599533e-01,2.9439714393e-01,501929,54,44,41,1.3159019596e-04,5.1409963889e-01,4.7929992754e-01,2.6077617044e-02,-3.6202542497e+00,-2.7805169780e+03,-2.7638783713e-02,-2.7805446167e+03,-1.1032255585e-05,447024,48,48,48,-6.7786765670e-05,1.0000000000e+00,5.3746751736e-01,6.7691840489e-02,-2.6226977552e+00,-1.4735460457e+00,-3.7257127532e-02,-1.5108031732e+00,6.9873913964e-06,2.6010236903e-02,6.7698827880e-02,2.9865841484e-06,4.0716865534e-04,0,0,0,2.3958248488e-04,3.1921888688e+00,3.1924284512e+00,9.3176175816e-08,2.8572417675e-05,2.8665593851e-05,4.7495061735e-04,2.3958248488e+00
356,3.5600000000e-02,1.0000000000e-04,-9.3650020853e-02,1.3520271264e-01,1.5108205323e+00,2.6289917313e-01,-2.1632177939e-01,2.1632177939e-01,1.4736300517e+00,3.3953842718e-01,1.2267175854e-01,1.2273683572e-01,1.9245008959e-01,1.3109374333e-01,0.0000000000e+00,0.0000000000e+00,0.0000000000e+00,0.0000000000e+00,2.2436904705e-05,3.2392201858e-05,3.6196613735e-04,6.2986037173e-05,2.2436904705e-05,2.3002335821e-05,6.7489187458e-05,2.5468352290e-05,-1.0853820155e+01,1.0853829834e+01,2.7893751160e+03,1.4397828169e+02,-1.0854811354e+01,1.0854811354e+01,2.7893721014e+03,1.4398179360e+02,9.9119946511e-04,2.9240397177e-03,3.7753068063e-01,2.7289670930e-02,0.0000000000e+00,0.0000000000e+00,0.0000000000e+00,0.0000000000e+00,5.1550285830e-07,5.1550331803e-07,1.3248154334e-04,6.8382573776e-06,5.2731170247e-07,5.3739600509e-07,1.3157436307e-04,6.8315637625e-06,1.0000000000e+00,4.1921888688e+00,2.0679115636e+00,4.1921888688e+00,1.0000000000e+00,1.0000285724e+00,1.0000095586e+00,1.0000285724e+00,1.8462650304e+03,1.8928577754e+03,1.9617069622e+00,nan,3.6600535152e-01,3.7524194200e-01,3.8889067087e-04,nan,1.9495621155e+00,2.3362671046e-02,2.6823736710e-01,4.1920690912e+00,1.8645166079e-01,9.9315240264e-01,2.6551145680e-01,2.8082857693e-01,-2.3831840933e-03,5.5585435721e-01,2.9435385071e-01,410729,44,54,41,1.3157436307e-04,5.1423122909e-01,4.7927409344e-01,2.6066584788e-02,-3.6206887213e+00,-2.7801232115e+03,-2.7896316748e-02,-2.7801511078e+03,-1.1010451238e-05,447024,48,48,48,-6.7489187458e-05,1.0000000000e+00,5.3739973060e-01,6.7698827880e-02,-2.6225870422e+00,-1.4736300517e+00,-3.7190480622e-02,-1.5108205323e+00,6.5796295139e-06,2.5999800559e-02,6.7705407510e-02,2.9763366269e-06,4.0770942166e-04,0,0,0,2.3958248488e-04,3.1921888688e+00,3.1924284512e+00,9.3176175816e-08,2.8572417675e-05,2.8665593851e-05,4.7495061735e-04,2.3958248488e+00
357,3.5700000000e-02,1.0000000000e-04,-9.3648637523e-02,1.3520366649e-01,1.5108364126e+00,2.6287657045e-01,-2.1633644615e-01,2.1633644615e-01,1.4737122904e+00,3.3952482536e-01,1.2268780863e-01,1.2275265284e-01,1.9245008210e-01,1.3110661593e-01,0.0000000000e+00,0.0000000000e+00,0.0000000000e+00,0.0000000000e+00,2.2436573284e-05,3.2392430382e-05,3.6196994197e-04,6.2980621966e-05,2.2436573284e-05,2.2999520802e-05,6.7193638626e-05,2.5459815677e-05,-1.0853177793e+01,1.0853187487e+01,2.7890512067e+03,1.4396798705e+02,-1.0854168646e+01,1.0854168646e+01,2.7890479354e+03,1.4397149557e+02,9.9085275030e-04,2.9241560589e-03,3.7752920500e-01,2.7289911558e-02,0.0000000000e+00,0.0000000000e+00,0.0000000000e+00,0.0000000000e+00,5.1547234930e-07,5.1547280971e-07,1.3246615925e-04,6.8377684327e-06,5.2729600625e-07,5.3737983099e-07,1.3155848514e-04,6.8310694360e-06,1.0000000000e+00,4.1921888688e+00,2.0679115636e+00,4.1921888688e+00,1.0000000000e+00,1.0000285724e+00,1.0000095586e+00,1.0000285724e+00,1.8460312338e+03,1.8925321812e+03,1.9616993709e+00,nan,3.6595900346e-01,3.7517739591e-01,3.8888916598e-04,nan,1.9579008940e+00,2.3364827277e-02,2.6830789046e-01,4.1920690912e+00,1.8563319998e-01,9.9314787931e-01,2.5349582603e-01,2.6715636833e-01,-2.5030478651e-03,5.5587263102e-01,2.9431150888e-01,409482,44,41,42,1.3155848514e-04,5.1436280345e-01,4.7924836762e-01,2.6055574337e-02,-3.6211225128e+00,-2.7797283318e+03,-2.8153807197e-02,-2.7797564856e+03,-1.0985955142e-05,447024,48,48,48,-6.7193638626e-05,1.0000000000e+00,5.3733224141e-01,6.7705407510e-02,-2.6224827998e+00,-1.4737122904e+00,-3.7124122190e-02,-1.5108364126e+00,6.1917196875e-06,2.5989354868e-02,6.7711599229e-02,2.9646251355e-06,4.0824845561e-04,0,0,0,2.3958248488e-04,3.1921888688e+00,3.1924284512e+00,9.3176175816e-08,2.8572417675e-05,2.8665593851e-05,4.7495061735e-04,2.3958248488e+00
358,3.5800000000e-02,1.0000000000e-04,-9.3647151137e-02,1.3520453015e-01,1.5108508840e+00,2.6285382601e-01,-2.1635100786e-01,2.1635100786e-01,1.4737928337e+00,3.3951106323e-01,1.2270385672e-01,1.2276846893e-01,1.9245006316e-01,1.3111949082e-01,0.0000000000e+00,0.0000000000e+00,0.0000000000e+00,0.0000000000e+00,2.2436217172e-05,3.2392637302e-05,3.6197340907e-04,6.2975172795e-05,2.2436217172e-05,2.2996692278e-05,6.6900092865e-05,2.5451295017e-05,-1.0852533326e+01,1.0852543035e+01,2.7887262996e+03,1.4395766855e+02,-1.0853523833e+01,1.0853523833e+01,2.7887227716e+03,1.4396117370e+02,9.9050608625e-04,2.9242720950e-03,3.7752767489e-01,2.7290152388e-02,0.0000000000e+00,0.0000000000e+00,0.0000000000e+00,0.0000000000e+00,5.1544174032e-07,5.1544220141e-07,1.3245072776e-04,6.8372783550e-06,5.2727935073e-07,5.3736012357e-07,1.3154259300e-04,6.8305740096e-06,1.0000000000e+00,4.1921888688e+00,2.0679115636e+00,4.1921888688e+00,1.0000000000e+00,1.0000285724e+00,1.0000095586e+00,1.0000285724e+00,1.8457985028e+03,1.8922081231e+03,1.9616916133e+00,nan,3.6591286664e-01,3.7511315431e-01,3.8888762810e-04,nan,1.9662542661e+00,2.3366844113e-02,2.6837824971e-01,4.1920690912e+00,1.8482046247e-01,9.9314360308e-01,2.4043866557e-01,2.5245158015e-01,-2.6206221807e-03,5.5589088954e-01,2.9426898041e-01,484457,52,54,41,1.3154259300e-04,5.1449436193e-01,4.7922274965e-01,2.6044588382e-02,-3.6215555170e+00,-2.7793324824e+03,-2.8411254867e-02,-2.7793608936e+03,-1.0959300030e-05,447024,48,48,48,-6.6900092865e-05,1.0000000000e+00,5.3726504777e-01,6.7711599229e-02,-2.6223847117e+00,-1.4737928337e+00,-3.7058050300e-02,-1.5108508840e+00,5.8237732441e-06,2.5978901830e-02,6.7717423003e-02,2.9515957955e-06,4.0878585388e-04,0,0,0,2.3958248488e-04,3.1921888688e+00,3.1924284512e+00,9.3176175816e-08,2.8572417675e-05,2.8665593851e-05,4.7495061735e-04,2.3958248488e+00
359,3.5900000000e-02,1.0000000000e-04,-9.3645567350e-02,1.3520530975e-01,1.5108640167e+00,2.6283095235e-01,-2.1636547018e-01,2.1636547018e-01,1.4738717537e+00,3.3949715296e-01,1.2271990283e-01,1.2278428399e-01,1.9245004179e-01,1.3113236799e-01,0.0000000000e+00,0.0000000000e+00,0.0000000000e+00,0.0000000000e+00,2.2435837724e-05,3.2392824080e-05,3.6197655544e-04,6.2969692669e-05,2.2435837724e-05,2.2993851213e-05,6.6608523057e-05,2.5442791360e-05,-1.0851887263e+01,1.0851896986e+01,2.7884005102e+03,1.4394733265e+02,-1.0852877423e+01,1.0852877423e+01,2.7883967257e+03,1.4395083442e+02,9.9015946967e-04,2.9243878227e-03,3.7752609024e-01,2.7290393418e-02,0.0000000000e+00,0.0000000000e+00,0.0000000000e+00,0.0000000000e+00,5.1541105551e-07,5.1541151727e-07,1.3243525437e-04,6.8367874506e-06,5.2726143290e-07,5.3734052957e-07,1.3152667553e-04,6.8300777810e-06,1.0000000000e+00,4.1921888688e+00,2.0679115636e+00,4.1921888688e+00,1.0000000000e+00,1.0000285724e+00,1.0000095586e+00,1.0000285724e+00,1.8455668276e+03,1.8918855855e+03,1.9616835971e+00,nan,3.6586693913e-01,3.7504921415e-01,3.8888603895e-04,nan,1.9746223080e+00,2.3368879123e-02,2.6844844516e-01,4.1920690912e+00,1.8401336235e-01,9.9313944881e-01,2.2692424964e-01,2.3745120530e-01,-2.7357013143e-03,5.5590907370e-01,2.9422624100e-01,391337,42,44,41,1.3152667553e-04,5.1462590453e-01,4.7919723913e-01,2.6033629082e-02,-3.6219876478e+00,-2.7789357803e+03,-2.8668659629e-02,-2.7789644490e+03,-1.0930993840e-05,447024,48,48,48,-6.6608523057e-05,1.0000000000e+00,5.3719814768e-01,6.7717423003e-02,-2.6222924601e+00,-1.4738717537e+00,-3.6992263044e-02,-1.5108640167e+00,5.4757447366e-06,2.5968443292e-02,6.7722898747e-02,2.9373900751e-06,4.0932160379e-04,0,0,0,2.3958248488e-04,3.1921888688e+00,3.1924284512e+00,9.3176175816e-08,2.8572417675e-05,2.8665593851e-05,4.7495061735e-04,2.3958248488e+00
360,3.6000000000e-02,1.0000000000e-04,-9.3643891750e-02,1.3520600767e-01,1.5108758807e+00,2.6280796123e-01,-2.1637983870e-01,2.1637983870e-01,1.4739491222e+00,3.3948310616e-01,1.2273594695e-01,1.2280009802e-01,1.9245006750e-01,1.3114524741e-01,0.0000000000e+00,0.0000000000e+00,0.0000000000e+00,0.0000000000e+00,2.2435436279e-05,3.2392991288e-05,3.6197939786e-04,6.2964184397e-05,2.2435436279e-05,2.2990998605e-05,6.6318901455e-05,2.5434305811e-05,-1.0851240014e+01,1.0851249751e+01,2.7880739291e+03,1.4393698446e+02,-1.0852229827e+01,1.0852229827e+01,2.7880698879e+03,1.4394048286e+02,9.8981289601e-04,2.9245032375e-03,3.7752445103e-01,2.7290634649e-02,0.0000000000e+00,0.0000000000e+00,0.0000000000e+00,0.0000000000e+00,5.1538031436e-07,5.1538077681e-07,1.3241974338e-04,6.8362959626e-06,5.2724122762e-07,5.3732382450e-07,1.3151073804e-04,6.8295809924e-06,1.0000000000e+00,4.1921888688e+00,2.0679115636e+00,4.1921888688e+00,1.0000000000e+00,1.0000285724e+00,1.0000095586e+00,1.0000285724e+00,1.8453361819e+03,1.8915645363e+03,1.9616748175e+00,nan,3.6582121570e-01,3.7498556905e-01,3.8888429848e-04,nan,1.9830053749e+00,2.3371052025e-02,2.6851847434e-01,4.1920690912e+00,1.8321181218e-01,9.9313542441e-01,2.1346997544e-01,2.2272363978e-01,-2.8482168580e-03,5.5592713950e-01,2.9418421797e-01,392105,42,52,41,1.3151073804e-04,5.1475743120e-01,4.7917183565e-01,2.6022698088e-02,-3.6224188388e+00,-2.7785383168e+03,-2.8926021330e-02,-2.7785672428e+03,-1.0901515828e-05,447024,48,48,48,-6.6318901455e-05,1.0000000000e+00,5.3713153915e-01,6.7722898747e-02,-2.6222057282e+00,-1.4739491222e+00,-3.6926758538e-02,-1.5108758807e+00,5.1474420384e-06,2.5957980952e-02,6.7728046189e-02,2.9221447743e-06,4.0985573495e-04,0,0,0,2.3958248488e-04,3.1921888688e+00,3.1924284512e+00,9.3176175816e-08,2.8572417675e-05,2.8665593851e-05,4.7495061735e-04,2.3958248488e+00
361,3.6100000000e-02,1.0000000000e-04,-9.3642129843e-02,1.3520663127e-01,1.5108865452e+00,2.6278486355e-01,-2.1639411892e-01,2.1639411892e-01,1.4740250103e+00,3.3946893382e-01,1.2275198908e-01,1.2281591492e-01,1.9245008344e-01,1.3115812908e-01,0.0000000000e+00,0.0000000000e+00,0.0000000000e+00,0.0000000000e+00,2.2435014158e-05,3.2393140691e-05,3.6198195288e-04,6.2958650599e-05,2.2435014158e-05,2.2988135480e-05,6.6031199847e-05,2.5425839522e-05,-1.0850591895e+01,1.0850601647e+01,2.7877466224e+03,1.4392662785e+02,-1.0851581362e+01,1.0851581362e+01,2.7877423247e+03,1.4393012288e+02,9.8946635656e-04,2.9246183305e-03,3.7752275722e-01,2.7290876080e-02,0.0000000000e+00,0.0000000000e+00,0.0000000000e+00,0.0000000000e+00,5.1534953194e-07,5.1534999507e-07,1.3240419793e-04,6.8358040751e-06,5.2721975571e-07,5.3730592691e-07,1.3149478787e-04,6.8290838109e-06,1.0000000000e+00,4.1921888688e+00,2.0679115636e+00,4.1921888688e+00,1.0000000000e+00,1.0000285724e+00,1.0000095586e+00,1.0000285724e+00,1.8451065245e+03,1.8912449282e+03,1.9616658536e+00,nan,3.6577568821e-01,3.7492220962e-01,3.8888252147e-04,nan,1.9914038845e+00,2.3373184284e-02,2.6858833137e-01,4.1920690912e+00,1.8241572355e-01,9.9313156174e-01,2.0047491242e-01,2.0866324787e-01,-2.9578890762e-03,5.5594511325e-01,2.9414186725e-01,410838,44,55,54,1.3149478787e-04,5.1488894194e-01,4.7914653882e-01,2.6011796572e-02,-3.6228490427e+00,-2.7781401589e+03,-2.9183339827e-02,-2.7781693423e+03,-1.0871313215e-05,447024,48,48,48,-6.6031199847e-05,1.0000000000e+00,5.3706522025e-01,6.7728046189e-02,-2.6221242023e+00,-1.4740250103e+00,-3.6861534925e-02,-1.5108865452e+00,4.8385371655e-06,2.5947516365e-02,6.7732884727e-02,2.9059911049e-06,4.1038827830e-04,0,0,0,2.3958248488e-04,3.1921888688e+00,3.1924284512e+00,9.3176175816e-08,2.8572417675e-05,2.8665593851e-05,4.7495061735e-04,2.3958248488e+00
362,3.6200000000e-02,1.0000000000e-04,-9.3640287041e-02,1.3520718336e-01,1.5108960780e+00,2.6276166945e-01,-2.1640831626e-01,2.1640831626e-01,1.4740994877e+00,3.3945464630e-01,1.2276802922e-01,1.2283173345e-01,1.9245008964e-01,1.3117101298e-01,0.0000000000e+00,0.0000000000e+00,0.0000000000e+00,0.0000000000e+00,2.2434572655e-05,3.2393272963e-05,3.6198423678e-04,6.2953093699e-05,2.2434572655e-05,2.2985262890e-05,6.5745389725e-05,2.5417393679e-05,-1.0849943138e+01,1.0849952903e+01,2.7874186340e+03,1.4391626553e+02,-1.0850932258e+01,1.0850932258e+01,2.7874140798e+03,1.4391975719e+02,9.8911984658e-04,2.9247330970e-03,3.7752100877e-01,2.7291117710e-02,0.0000000000e+00,0.0000000000e+00,0.0000000000e+00,0.0000000000e+00,5.1531871915e-07,5.1531918296e-07,1.3238862010e-04,6.8353119162e-06,5.2719843155e-07,5.3728704494e-07,1.3147882039e-04,6.8285863634e-06,1.0000000000e+00,4.1921888688e+00,2.0679115636e+00,4.1921888688e+00,1.0000000000e+00,1.0000285724e+00,1.0000095586e+00,1.0000285724e+00,1.8448778010e+03,1.8909267001e+03,1.9616567053e+00,nan,3.6573034584e-01,3.7485912378e-01,3.8888070789e-04,nan,1.9998181004e+00,2.3375283873e-02,2.6865800836e-01,4.1920690912e+00,1.8162500752e-01,9.9312781029e-01,1.8819396057e-01,1.9550524524e-01,-3.0647826874e-03,5.5596294244e-01,2.9409931178e-01,502697,54,52,41,1.3147882039e-04,5.1502043673e-01,4.7912134827e-01,2.6000925259e-02,-3.6232782294e+00,-2.7777413510e+03,-2.9440614994e-02,-2.7777707917e+03,-1.0840798405e-05,447024,48,48,48,-6.5745389725e-05,1.0000000000e+00,5.3699918905e-01,6.7732884727e-02,-2.6220475741e+00,-1.4740994877e+00,-3.6796590375e-02,-1.5108960780e+00,4.5485777412e-06,2.5937050953e-02,6.7737433304e-02,2.8890532575e-06,4.1091987263e-04,0,0,0,2.3958248488e-04,3.1921888688e+00,3.1924284512e+00,9.3176175816e-08,2.8572417675e-05,2.8665593851e-05,4.7495061735e-04,2.3958248488e+00
363,3.6300000000e-02,1.0000000000e-04,-9.3638368646e-02,1.3520766860e-01,1.5109045455e+00,2.6273838829e-01,-2.1642243603e-01,2.1642243603e-01,1.4741726224e+00,3.3944025342e-01,1.2278406738e-01,1.2284755090e-01,1.9245008955e-01,1.3118389907e-01,0.0000000000e+00,0.0000000000e+00,0.0000000000e+00,0.0000000000e+00,2.2434113041e-05,3.2393389218e-05,3.6198626543e-04,6.2947515940e-05,2.2434113041e-05,2.2982381903e-05,6.5461442440e-05,2.5408969498e-05,-1.0849293888e+01,1.0849303668e+01,2.7870899870e+03,1.4390589911e+02,-1.0850282662e+01,1.0850282662e+01,2.7870851763e+03,1.4390938740e+02,9.8877336683e-04,2.9248475377e-03,3.7751938145e-01,2.7291359539e-02,0.0000000000e+00,0.0000000000e+00,0.0000000000e+00,0.0000000000e+00,5.1528788301e-07,5.1528834750e-07,1.3237301100e-04,6.8348195624e-06,5.2717500660e-07,5.3726883915e-07,1.3146282929e-04,6.8280887277e-06,1.0000000000e+00,4.1921888688e+00,2.0679115636e+00,4.1921888688e+00,1.0000000000e+00,1.0000285724e+00,1.0000095586e+00,1.0000285724e+00,1.8446499452e+03,1.8906097793e+03,1.9616482504e+00,nan,3.6568517549e-01,3.7479629711e-01,3.8887903179e-04,nan,2.0082482815e+00,2.3377421949e-02,2.6872749516e-01,4.1920690912e+00,1.8083957512e-01,9.9312411418e-01,1.7677267719e-01,1.8336994020e-01,-3.1690725981e-03,5.5598053706e-01,2.9405704903e-01,382890,41,52,42,1.3146282929e-04,5.1515191555e-01,4.7909626361e-01,2.5990084460e-02,-3.6237063854e+00,-2.7773419166e+03,-2.9697846693e-02,-2.7773716145e+03,-1.0810346753e-05,447024,48,48,48,-6.5461442440e-05,1.0000000000e+00,5.3693344366e-01,6.7737433304e-02,-2.6219755427e+00,-1.4741726224e+00,-3.6731923085e-02,-1.5109045455e+00,4.2769989295e-06,2.5926586014e-02,6.7741710303e-02,2.8714504288e-06,4.1145166052e-04,0,0,0,2.3958248488e-04,3.1921888688e+00,3.1924284512e+00,9.3176175816e-08,2.8572417675e-05,2.8665593851e-05,4.7495061735e-04,2.3958248488e+00
364,3.6400000000e-02,1.0000000000e-04,-9.3636379838e-02,1.3520809250e-01,1.5109120118e+00,2.6271502868e-01,-2.1643648339e-01,2.1643648339e-01,1.4742444805e+00,3.3942576438e-01,1.2280010355e-01,1.2286336726e-01,1.9245008695e-01,1.3119678736e-01,0.0000000000e+00,0.0000000000e+00,0.0000000000e+00,0.0000000000e+00,2.2433636557e-05,3.2393490778e-05,3.6198805422e-04,6.2941919387e-05,2.2433636557e-05,2.2979493601e-05,6.5179329348e-05,2.5400568217e-05,-1.0848644220e+01,1.0848654014e+01,2.7867606856e+03,1.4389552921e+02,-1.0849632647e+01,1.0849632647e+01,2.7867556184e+03,1.4389901412e+02,9.8842690920e-04,2.9249616445e-03,3.7751779306e-01,2.7291601566e-02,0.0000000000e+00,0.0000000000e+00,0.0000000000e+00,0.0000000000e+00,5.1525702699e-07,5.1525749216e-07,1.3235737080e-04,6.8343270431e-06,5.2715734847e-07,5.3724344163e-07,1.3144683359e-04,6.8275908617e-06,1.0000000000e+00,4.1921888688e+00,2.0679115636e+00,4.1921888688e+00,1.0000000000e+00,1.0000285724e+00,1.0000095586e+00,1.0000285724e+00,1.8444228809e+03,1.8902940830e+03,1.9616400234e+00,nan,3.6564016205e-01,3.7473371317e-01,3.8887740086e-04,nan,2.0166950920e+00,2.3379255042e-02,2.6879677664e-01,4.1920690912e+00,1.8005933784e-01,9.9312061575e-01,1.6627745868e-01,1.7229777564e-01,-3.2695845977e-03,5.5599833970e-01,2.9401270054e-01,483305,52,42,41,1.3144683359e-04,5.1528337838e-01,4.7907128448e-01,2.5979274114e-02,-3.6241335119e+00,-2.7769418600e+03,-2.9955034777e-02,-2.7769718151e+03,-1.0780294914e-05,447024,48,48,48,-6.5179329348e-05,1.0000000000e+00,5.3686798222e-01,6.7741710303e-02,-2.6219078160e+00,-1.4742444805e+00,-3.6667531280e-02,-1.5109120118e+00,4.0231358729e-06,2.5916122728e-02,6.7745733439e-02,2.8532928902e-06,4.1198223975e-04,0,0,0,2.3958248488e-04,3.1921888688e+00,3.1924284512e+00,9.3176175816e-08,2.8572417675e-05,2.8665593851e-05,4.7495061735e-04,2.3958248488e+00
365,3.6500000000e-02,1.0000000000e-04,-9.3634325670e-02,1.3520846918e-01,1.5109185389e+00,2.6269159852e-01,-2.1645046340e-01,2.1645046340e-01,1.4743151257e+00,3.3941118782e-01,1.2281613773e-01,1.2287918254e-01,1.9245008971e-01,1.3120967781e-01,0.0000000000e+00,0.0000000000e+00,0.0000000000e+00,0.0000000000e+00,2.2433144414e-05,3.2393581024e-05,3.6198961800e-04,6.2936305931e-05,2.2433144414e-05,2.2976599072e-05,6.4899021952e-05,2.5392191086e-05,-1.0847994138e+01,1.0848003946e+01,2.7864307169e+03,1.4388515552e+02,-1.0848982219e+01,1.0848982219e+01,2.7864253933e+03,1.4388863706e+02,9.8808049646e-04,2.9250754404e-03,3.7751616548e-01,2.7291843793e-02,0.0000000000e+00,0.0000000000e+00,0.0000000000e+00,0.0000000000e+00,5.1522615129e-07,5.1522661713e-07,1.3234169892e-04,6.8338343442e-06,5.2713658560e-07,5.3722988549e-07,1.3143092658e-04,6.8270928286e-06,1.0000000000e+00,4.1921888688e+00,2.0679115636e+00,4.1921888688e+00,1.0000000000e+00,1.0000285724e+00,1.0000095586e+00,1.0000285724e+00,1.8441965237e+03,1.8899795198e+03,1.9616315381e+00,nan,3.6559528876e-01,3.7467135386e-01,3.8887571872e-04,nan,2.0251603588e+00,2.3381610298e-02,2.6886584169e-01,4.1920690912e+00,1.7928420796e-01,9.9311802443e-01,1.5681846131e-01,1.6232736035e-01,-3.3663678775e-03,5.5601663328e-01,2.9397105829e-01,391337,42,44,41,1.3143092658e-04,5.1541482521e-01,4.7904641051e-01,2.5968493819e-02,-3.6245596233e+00,-2.7765411684e+03,-3.0212179133e-02,-2.7765713805e+03,-1.0750939758e-05,447024,48,48,48,-6.4899021952e-05,1.0000000000e+00,5.3680280289e-01,6.7745733439e-02,-2.6218441130e+00,-1.4743151257e+00,-3.6603413211e-02,-1.5109185389e+00,3.7862364337e-06,2.5905662172e-02,6.7749519676e-02,2.8346857696e-06,4.1251183167e-04,0,0,0,2.3958248488e-04,3.1921888688e+00,3.1924284512e+00,9.3176175816e-08,2.8572417675e-05,2.8665593851e-05,4.7495061735e-04,2.3958248488e+00
366,3.6600000000e-02,1.0000000000e-04,-9.3632211052e-02,1.3520879885e-01,1.5109241860e+00,2.6266810504e-01,-2.1646438098e-01,2.1646438098e-01,1.4743846188e+00,3.3939653185e-01,1.2283216993e-01,1.2289499673e-01,1.9245008948e-01,1.3122257041e-01,0.0000000000e+00,0.0000000000e+00,0.0000000000e+00,0.0000000000e+00,2.2432637789e-05,3.2393660007e-05,3.6199097094e-04,6.2930677306e-05,2.2432637789e-05,2.2973702926e-05,6.4620492025e-05,2.5383839361e-05,-1.0847343585e+01,1.0847353408e+01,2.7861000531e+03,1.4387477695e+02,-1.0848331319e+01,1.0848331319e+01,2.7860944730e+03,1.4387825512e+02,9.8773411665e-04,2.9251889132e-03,3.7751449875e-01,2.7292086221e-02,0.0000000000e+00,0.0000000000e+00,0.0000000000e+00,0.0000000000e+00,5.1519525325e-07,5.1519571977e-07,1.3232599402e-04,6.8333414134e-06,5.2711224142e-07,5.3721621008e-07,1.3141497201e-04,6.8265946059e-06,1.0000000000e+00,4.1921888688e+00,2.0679115636e+00,4.1921888688e+00,1.0000000000e+00,1.0000285724e+00,1.0000095586e+00,1.0000285724e+00,1.8439707822e+03,1.8896659918e+03,1.9616228799e+00,nan,3.6555053756e-01,3.7460919977e-01,3.8887400231e-04,nan,2.0336423926e+00,2.3383962603e-02,2.6893467568e-01,4.1920690912e+00,1.7851409900e-01,9.9311532086e-01,1.4827102637e-01,1.5337230215e-01,-3.4602413908e-03,5.5603477202e-01,2.9392942319e-01,392105,42,52,41,1.3141497201e-04,5.1554625614e-01,4.7902164132e-01,2.5957742879e-02,-3.6249847459e+00,-2.7761398135e+03,-3.0469279833e-02,-2.7761702828e+03,-1.0722537581e-05,447024,48,48,48,-6.4620492025e-05,1.0000000000e+00,5.3673790387e-01,6.7749519676e-02,-2.6217841642e+00,-1.4743846188e+00,-3.6539567157e-02,-1.5109241860e+00,3.5654740782e-06,2.5895205321e-02,6.7753085150e-02,2.8157247556e-06,4.1303993323e-04,0,0,0,2.3958248488e-04,3.1921888688e+00,3.1924284512e+00,9.3176175816e-08,2.8572417675e-05,2.8665593851e-05,4.7495061735e-04,2.3958248488e+00
367,3.6700000000e-02,1.0000000000e-04,-9.3630040749e-02,1.3520909201e-01,1.5109290095e+00,2.6264455484e-01,-2.1647824088e-01,2.1647824088e-01,1.4744530180e+00,3.3938180402e-01,1.2284820013e-01,1.2291080981e-01,1.9245008973e-01,1.3123546515e-01,0.0000000000e+00,0.0000000000e+00,0.0000000000e+00,0.0000000000e+00,2.2432117822e-05,3.2393730243e-05,3.6199212657e-04,6.2925035090e-05,2.2432117822e-05,2.2970807777e-05,6.4343711734e-05,2.5375514295e-05,-1.0846692452e+01,1.0846702289e+01,2.7857686532e+03,1.4386439172e+02,-1.0847679840e+01,1.0847679840e+01,2.7857628168e+03,1.4386786652e+02,9.8738775584e-04,2.9253020491e-03,3.7751279293e-01,2.7292328852e-02,0.0000000000e+00,0.0000000000e+00,0.0000000000e+00,0.0000000000e+00,5.1516432765e-07,5.1516479484e-07,1.3231025417e-04,6.8328481660e-06,5.2708582376e-07,5.3720100629e-07,1.3139897225e-04,6.8260960955e-06,1.0000000000e+00,4.1921888688e+00,2.0679115636e+00,4.1921888688e+00,1.0000000000e+00,1.0000285724e+00,1.0000095586e+00,1.0000285724e+00,1.8437455604e+03,1.8893533959e+03,1.9616140136e+00,nan,3.6550588937e-01,3.7454723046e-01,3.8887224465e-04,nan,2.0421416283e+00,2.3386247950e-02,2.6900326103e-01,4.1920690912e+00,1.7774892604e-01,9.9311253750e-01,1.4060002559e-01,1.4538201026e-01,-3.5513113907e-03,5.5605274566e-01,2.9388764935e-01,410729,44,54,41,1.3139897225e-04,5.1567767111e-01,4.7899697655e-01,2.5947020341e-02,-3.6254089161e+00,-2.7757377544e+03,-3.0726336682e-02,-2.7757684807e+03,-1.0695304286e-05,447024,48,48,48,-6.4343711734e-05,1.0000000000e+00,5.3667328338e-01,6.7753085150e-02,-2.6217277137e+00,-1.4744530180e+00,-3.6475991424e-02,-1.5109290095e+00,3.3599604585e-06,2.5884753065e-02,6.7756445110e-02,2.7964993191e-06,4.1356627371e-04,0,0,0,2.3958248488e-04,3.1921888688e+00,3.1924284512e+00,9.3176175816e-08,2.8572417675e-05,2.8665593851e-05,4.7495061735e-04,2.3958248488e+00
368,3.6800000000e-02,1.0000000000e-04,-9.3627819376e-02,1.3520934946e-01,1.5109330627e+00,2.6262095391e-01,-2.1649204771e-01,2.1649204771e-01,1.4745203783e+00,3.3936701140e-01,1.2286422834e-01,1.2292662179e-01,1.9245008973e-01,1.3124836199e-01,0.0000000000e+00,0.0000000000e+00,0.0000000000e+00,0.0000000000e+00,2.2431585620e-05,3.2393791923e-05,3.6199309764e-04,6.2919380721e-05,2.2431585620e-05,2.2967909653e-05,6.4068653740e-05,2.5367217133e-05,-1.0846040584e+01,1.0846050435e+01,2.7854364656e+03,1.4385399743e+02,-1.0847027625e+01,1.0847027625e+01,2.7854303728e+03,1.4385746886e+02,9.8704140606e-04,2.9254148402e-03,3.7751104809e-01,2.7292571684e-02,0.0000000000e+00,0.0000000000e+00,0.0000000000e+00,0.0000000000e+00,5.1513336711e-07,5.1513383497e-07,1.3229447689e-04,6.8323544887e-06,5.2706020456e-07,5.3718238241e-07,1.3138292008e-04,6.8255971727e-06,1.0000000000e+00,4.1921888688e+00,2.0679115636e+00,4.1921888688e+00,1.0000000000e+00,1.0000285724e+00,1.0000095586e+00,1.0000285724e+00,1.8435207584e+03,1.8890416258e+03,1.9616049472e+00,nan,3.6546132441e-01,3.7448542485e-01,3.8887044731e-04,nan,2.0506583548e+00,2.3388387995e-02,2.6907157916e-01,4.1920690912e+00,1.7698860602e-01,9.9310963816e-01,1.3376641532e-01,1.3830178177e-01,-3.6395523527e-03,5.5607062480e-01,2.9384546227e-01,382890,41,52,42,1.3138292008e-04,5.1580907008e-01,4.7897241583e-01,2.5936325037e-02,-3.6258321790e+00,-2.7753349386e+03,-3.0983349488e-02,-2.7753659219e+03,-1.0669415720e-05,447024,48,48,48,-6.4068653740e-05,1.0000000000e+00,5.3660893967e-01,6.7756445110e-02,-2.6216745195e+00,-1.4745203783e+00,-3.6412684344e-02,-1.5109330627e+00,3.1687580203e-06,2.5874306215e-02,6.7759613868e-02,2.7770922853e-06,4.1409069545e-04,0,0,0,2.3958248488e-04,3.1921888688e+00,3.1924284512e+00,9.3176175816e-08,2.8572417675e-05,2.8665593851e-05,4.7495061735e-04,2.3958248488e+00
369,3.6900000000e-02,1.0000000000e-04,-9.3625551385e-02,1.3520958506e-01,1.5109363956e+00,2.6259730771e-01,-2.1650580594e-01,2.1650580594e-01,1.4745867513e+00,3.3935216060e-01,1.2288025456e-01,1.2294243266e-01,1.9245008941e-01,1.3126126094e-01,0.0000000000e+00,0.0000000000e+00,0.0000000000e+00,0.0000000000e+00,2.2431042249e-05,3.2393848368e-05,3.6199389615e-04,6.2913715504e-05,2.2431042249e-05,2.2965009617e-05,6.3795291296e-05,2.5358949102e-05,-1.0845387786e+01,1.0845397651e+01,2.7851034292e+03,1.4384359121e+02,-1.0846374481e+01,1.0846374481e+01,2.7850970801e+03,1.4384705928e+02,9.8669507067e-04,2.9255272898e-03,3.7750926430e-01,2.7292814717e-02,0.0000000000e+00,0.0000000000e+00,0.0000000000e+00,0.0000000000e+00,5.1510236243e-07,5.1510283096e-07,1.3227865931e-04,6.8318602449e-06,5.2703353490e-07,5.3716438362e-07,1.3136678624e-04,6.8250977002e-06,1.0000000000e+00,4.1921888688e+00,2.0679115636e+00,4.1921888688e+00,1.0000000000e+00,1.0000285724e+00,1.0000095586e+00,1.0000285724e+00,1.8432962747e+03,1.8887305732e+03,1.9615956816e+00,nan,3.6541682254e-01,3.7442376149e-01,3.8886861050e-04,nan,2.0591925136e+00,2.3390557747e-02,2.6913961113e-01,4.1920690912e+00,1.7623305800e-01,9.9310642339e-01,1.2772639184e-01,1.3207566456e-01,-3.7251303838e-03,5.5608841250e-01,2.9380350898e-01,409577,44,42,41,1.3136678624e-04,5.1594045300e-01,4.7894795878e-01,2.5925655621e-02,-3.6262545867e+00,-2.7749313047e+03,-3.1240318047e-02,-2.7749625450e+03,-1.0645008519e-05,447024,48,48,48,-6.3795291296e-05,1.0000000000e+00,5.3654487101e-01,6.7759613868e-02,-2.6216243547e+00,-1.4745867513e+00,-3.6349644277e-02,-1.5109363956e+00,2.9908924257e-06,2.5863865510e-02,6.7762604761e-02,2.7575762361e-06,4.1461311270e-04,0,0,0,2.3958248488e-04,3.1921888688e+00,3.1924284512e+00,9.3176175816e-08,2.8572417675e-05,2.8665593851e-05,4.7495061735e-04,2.3958248488e+00
370,3.7000000000e-02,1.0000000000e-04,-9.3623241071e-02,1.3520979072e-01,1.5109390549e+00,2.6257362117e-01,-2.1651951985e-01,2.1651951985e-01,1.4746521853e+00,3.3933725774e-01,1.2289627878e-01,1.2295824241e-01,1.9245008912e-01,1.3127416196e-01,0.0000000000e+00,0.0000000000e+00,0.0000000000e+00,0.0000000000e+00,2.2430488739e-05,3.2393897642e-05,3.6199453328e-04,6.2908040625e-05,2.2430488739e-05,2.2962108713e-05,6.3523598330e-05,2.5350711409e-05,-1.0844733834e+01,1.0844743713e+01,2.7847694764e+03,1.4383316980e+02,-1.0845720182e+01,1.0845720182e+01,2.7847628710e+03,1.4383663450e+02,9.8634874580e-04,2.9256393940e-03,3.7750744163e-01,2.7293057950e-02,0.0000000000e+00,0.0000000000e+00,0.0000000000e+00,0.0000000000e+00,5.1507130293e-07,5.1507177213e-07,1.3226279820e-04,6.8313652793e-06,5.2700549958e-07,5.3714594330e-07,1.3135063185e-04,6.8245975218e-06,1.0000000000e+00,4.1921888688e+00,2.0679115636e+00,4.1921888688e+00,1.0000000000e+00,1.0000285724e+00,1.0000095586e+00,1.0000285724e+00,1.8430720070e+03,1.8884201297e+03,1.9615862136e+00,nan,3.6537236350e-01,3.7436221886e-01,3.8886673356e-04,nan,2.0677454568e+00,2.3392709703e-02,2.6920733749e-01,4.1920690912e+00,1.7548220343e-01,9.9310337928e-01,1.2243406724e-01,1.2664836902e-01,-3.8081130544e-03,5.5610613854e-01,2.9376159288e-01,392105,42,52,41,1.3135063185e-04,5.1607181979e-01,4.7892360503e-01,2.5915010613e-02,-3.6266761968e+00,-2.7745267843e+03,-3.1497242098e-02,-2.7745582815e+03,-1.0622181462e-05,447024,48,48,48,-6.3523598330e-05,1.0000000000e+00,5.3648107572e-01,6.7762604761e-02,-2.6215770076e+00,-1.4746521853e+00,-3.6286869607e-02,-1.5109390549e+00,2.8253645227e-06,2.5853431629e-02,6.7765430125e-02,2.7380191860e-06,4.1513351386e-04,0,0,0,2.3958248488e-04,3.1921888688e+00,3.1924284512e+00,9.3176175816e-08,2.8572417675e-05,2.8665593851e-05,4.7495061735e-04,2.3958248488e+00
371,3.7100000000e-02,1.0000000000e-04,-9.3620892561e-02,1.3520996999e-01,1.5109410839e+00,2.6254989879e-01,-2.1653319357e-01,2.1653319357e-01,1.4747167251e+00,3.3932230854e-01,1.2291230101e-01,1.2297405105e-01,1.9245008660e-01,1.3128706504e-01,0.0000000000e+00,0.0000000000e+00,0.0000000000e+00,0.0000000000e+00,2.2429926077e-05,3.2393940590e-05,3.6199501938e-04,6.2902357157e-05,2.2429926077e-05,2.2959207963e-05,6.3253549512e-05,2.5342505229e-05,-1.0844078479e+01,1.0844088372e+01,2.7844345342e+03,1.4382272962e+02,-1.0845064481e+01,1.0845064481e+01,2.7844276725e+03,1.4382619095e+02,9.8600242641e-04,2.9257511476e-03,3.7750558014e-01,2.7293301384e-02,0.0000000000e+00,0.0000000000e+00,0.0000000000e+00,0.0000000000e+00,5.1504017681e-07,5.1504064670e-07,1.3224689010e-04,6.8308694224e-06,5.2697576329e-07,5.3712752699e-07,1.3133446867e-04,6.8240964658e-06,1.0000000000e+00,4.1921888688e+00,2.0679115636e+00,4.1921888688e+00,1.0000000000e+00,1.0000285724e+00,1.0000095586e+00,1.0000285724e+00,1.8428478542e+03,1.8881101876e+03,1.9615765668e+00,nan,3.6532792723e-01,3.7430077564e-01,3.8886482116e-04,nan,2.0763177669e+00,2.3394863092e-02,2.6927473840e-01,4.1920690912e+00,1.7473596631e-01,9.9310062089e-01,1.1784462490e-01,1.2196801379e-01,-3.8886294912e-03,5.5612381477e-01,2.9371976605e-01,484554,52,55,42,1.3133446867e-04,5.1620317042e-01,4.7889935418e-01,2.5904388431e-02,-3.6270970708e+00,-2.7741213035e+03,-3.1754121498e-02,-2.7741530577e+03,-1.0600997036e-05,447024,48,48,48,-6.3253549512e-05,1.0000000000e+00,5.3641755212e-01,6.7765430125e-02,-2.6215322827e+00,-1.4747167251e+00,-3.6224358742e-02,-1.5109410839e+00,2.6711618259e-06,2.5843005196e-02,6.7768101287e-02,2.7184807466e-06,4.1565191131e-04,0,0,0,2.3958248488e-04,3.1921888688e+00,3.1924284512e+00,9.3176175816e-08,2.8572417675e-05,2.8665593851e-05,4.7495061735e-04,2.3958248488e+00
372,3.7200000000e-02,1.0000000000e-04,-9.3618509815e-02,1.3521013824e-01,1.5109425222e+00,2.6252614463e-01,-2.1654683105e-01,2.1654683105e-01,1.4747804121e+00,3.3930731834e-01,1.2292832124e-01,1.2298985855e-01,1.9245008967e-01,1.3129997016e-01,0.0000000000e+00,0.0000000000e+00,0.0000000000e+00,0.0000000000e+00,2.2429355213e-05,3.2393980900e-05,3.6199536399e-04,6.2896666076e-05,2.2429355213e-05,2.2956308363e-05,6.2985120316e-05,2.5334331702e-05,-1.0843421456e+01,1.0843431364e+01,2.7840985266e+03,1.4381226692e+02,-1.0844407112e+01,1.0844407112e+01,2.7840914086e+03,1.4381572488e+02,9.8565610620e-04,2.9258625445e-03,3.7750367989e-01,2.7293545017e-02,0.0000000000e+00,0.0000000000e+00,0.0000000000e+00,0.0000000000e+00,5.1500897149e-07,5.1500944205e-07,1.3223093140e-04,6.8303724956e-06,5.2694501799e-07,5.3710870935e-07,1.3131827922e-04,6.8235943498e-06,1.0000000000e+00,4.1921888688e+00,2.0679115636e+00,4.1921888688e+00,1.0000000000e+00,1.0000285724e+00,1.0000095586e+00,1.0000285724e+00,1.8426237171e+03,1.8878006419e+03,1.9615666615e+00,nan,3.6528349407e-01,3.7423941101e-01,3.8886285752e-04,nan,2.0849095558e+00,2.3396998369e-02,2.6934179397e-01,4.1920690912e+00,1.7399427336e-01,9.9309804321e-01,1.1392512449e-01,1.1799113888e-01,-3.9668153750e-03,5.5614145185e-01,2.9367804952e-01,392105,42,52,41,1.3131827922e-04,5.1633450489e-01,4.7887520586e-01,2.5893787434e-02,-3.6275172730e+00,-2.7737147853e+03,-3.2010956128e-02,-2.7737467963e+03,-1.0581483407e-05,447024,48,48,48,-6.2985120316e-05,1.0000000000e+00,5.3635429857e-01,6.7768101287e-02,-2.6214900004e+00,-1.4747804121e+00,-3.6162110116e-02,-1.5109425222e+00,2.5272693999e-06,2.5832586791e-02,6.7770628556e-02,2.6990148036e-06,4.1616830655e-04,0,0,0,2.3958248488e-04,3.1921888688e+00,3.1924284512e+00,9.3176175816e-08,2.8572417675e-05,2.8665593851e-05,4.7495061735e-04,2.3958248488e+00
373,3.7300000000e-02,1.0000000000e-04,-9.3616096626e-02,1.3521028935e-01,1.5109434062e+00,2.6250236239e-01,-2.1656043610e-01,2.1656043610e-01,1.4748432840e+00,3.3929229210e-01,1.2294433947e-01,1.2300566493e-01,1.9245008941e-01,1.3131287731e-01,0.0000000000e+00,0.0000000000e+00,0.0000000000e+00,0.0000000000e+00,2.2428777055e-05,3.2394017103e-05,3.6199557578e-04,6.2890968268e-05,2.2428777055e-05,2.2953410878e-05,6.2718287069e-05,2.5326191931e-05,-1.0842762491e+01,1.0842772413e+01,2.7837613758e+03,1.4380177781e+02,-1.0843747801e+01,1.0843747801e+01,2.7837722008e+03,1.4380523240e+02,9.8530978166e-04,2.9259735809e-03,3.7750174096e-01,2.7293788850e-02,0.0000000000e+00,0.0000000000e+00,0.0000000000e+00,0.0000000000e+00,5.1497767388e-07,5.1497814511e-07,1.3221491840e-04,6.8298743146e-06,5.2691299708e-07,5.3709019427e-07,1.3130205198e-04,6.8230909887e-06,1.0000000000e+00,4.1921888688e+00,2.0679115636e+00,4.1921888688e+00,1.0000000000e+00,1.0000285724e+00,1.0000095586e+00,1.0000285724e+00,1.8423994998e+03,1.8875037307e+03,1.9615565891e+00,nan,3.6523904502e-01,3.7418055105e-01,3.8886086077e-04,nan,2.0935210146e+00,2.3399145213e-02,2.6940848459e-01,4.1920690912e+00,1.7325705414e-01,9.9309558686e-01,1.1064001864e-01,1.1467612823e-01,-4.0428168835e-03,5.5615905107e-01,2.9363639760e-01,483305,52,42,41,1.3130205198e-04,5.1646582317e-01,4.7885115968e-01,2.5883205951e-02,-3.6279368687e+00,-2.7733071509e+03,-3.2267745835e-02,-2.7733394187e+03,-1.0563636746e-05,447024,48,48,48,-6.2718287069e-05,1.0000000000e+00,5.3629131345e-01,6.7770628556e-02,-2.6214499972e+00,-1.4748432840e+00,-3.6100122186e-02,-1.5109434062e+00,2.3926801073e-06,2.5822176953e-02,6.7773021236e-02,2.6796669148e-06,4.1668269944e-04,0,0,0,2.3958248488e-04,3.1921888688e+00,3.1924284512e+00,9.3176175816e-08,2.8572417675e-05,2.8665593851e-05,4.7495061735e-04,2.3958248488e+00
374,3.7400000000e-02,1.0000000000e-04,-9.3613656614e-02,1.3521042557e-01,1.5109437686e+00,2.6247855544e-01,-2.1657401232e-01,2.1657401232e-01,1.4749053752e+00,3.3927723445e-01,1.2296035570e-01,1.2302147016e-01,1.9245008969e-01,1.3132578647e-01,0.0000000000e+00,0.0000000000e+00,0.0000000000e+00,0.0000000000e+00,2.2428192471e-05,3.2394049740e-05,3.6199566261e-04,6.2885264540e-05,2.2428192471e-05,2.2950516440e-05,6.2453026981e-05,2.5318086970e-05,-1.0842101303e+01,1.0842111239e+01,2.7835273247e+03,1.4379125839e+02,-1.0843086267e+01,1.0843086267e+01,2.7835680129e+03,1.4379470961e+02,9.8496344829e-04,2.9260842523e-03,3.7749976340e-01,2.7294032882e-02,0.0000000000e+00,0.0000000000e+00,0.0000000000e+00,0.0000000000e+00,5.1494627074e-07,5.1494674264e-07,1.3220380213e-04,6.8293746942e-06,5.2688173009e-07,5.3706978296e-07,1.3128578134e-04,6.8225861938e-06,1.0000000000e+00,4.1921888688e+00,2.0679115636e+00,4.1921888688e+00,1.0000000000e+00,1.0000285724e+00,1.0000095586e+00,1.0000285724e+00,1.8422441540e+03,1.8872858284e+03,1.9615463105e+00,nan,3.6520824912e-01,3.7413735389e-01,3.8885882314e-04,nan,2.1021524125e+00,2.3401206869e-02,2.6947479097e-01,4.1920690912e+00,1.7252424112e-01,9.9305601825e-01,1.0793693615e-01,1.1197735220e-01,-4.1167456473e-03,5.5617663166e-01,2.9359462484e-01,392105,42,52,41,1.3128578134e-04,5.1659712522e-01,4.7882721522e-01,2.5872642314e-02,-3.6283559233e+00,-2.7728983217e+03,-3.2524490443e-02,-2.7729308462e+03,-1.0547423766e-05,447024,48,48,48,-6.2453026981e-05,1.0000000000e+00,5.3622859517e-01,6.7773021236e-02,-2.6214121256e+00,-1.4749053752e+00,-3.6038393431e-02,-1.5109437686e+00,2.2664041155e-06,2.5811776189e-02,6.7775287641e-02,2.6604785073e-06,4.1719509584e-04,0,0,0,2.3958248488e-04,3.1921888688e+00,3.1924284512e+00,9.3176175816e-08,2.8572417675e-05,2.8665593851e-05,4.7495061735e-04,2.3958248488e+00
375,3.7500000000e-02,1.0000000000e-04,-9.3611193234e-02,1.3521055289e-01,1.5109436389e+00,2.6245472686e-01,-2.1658756317e-01,2.1658756317e-01,1.4749667165e+00,3.3926214971e-01,1.2297636994e-01,1.2303727426e-01,1.9245008659e-01,1.3133869761e-01,0.0000000000e+00,0.0000000000e+00,0.0000000000e+00,0.0000000000e+00,2.2427602288e-05,3.2394080245e-05,3.6199563152e-04,6.2879555631e-05,2.2427602288e-05,2.2947625944e-05,6.2189318176e-05,2.5310017824e-05,-1.0841437617e+01,1.0841447567e+01,2.7833220887e+03,1.4378070481e+02,-1.0842422234e+01,1.0842422234e+01,2.7833625221e+03,1.4378415267e+02,9.8461710960e-04,2.9261945621e-03,3.7749774728e-01,2.7294277114e-02,0.0000000000e+00,0.0000000000e+00,0.0000000000e+00,0.0000000000e+00,5.1491474891e-07,5.1491522148e-07,1.3219405443e-04,6.8288734515e-06,5.2685103768e-07,5.3705031857e-07,1.3126946233e-04,6.8220797819e-06,1.0000000000e+00,4.1921888688e+00,2.0679115636e+00,4.1921888688e+00,1.0000000000e+00,1.0000285724e+00,1.0000095586e+00,1.0000285724e+00,1.8421084791e+03,1.8870680205e+03,1.9615358661e+00,nan,3.6518135281e-01,3.7409417544e-01,3.8885675262e-04,nan,2.1108040124e+00,2.3403306290e-02,2.6954069449e-01,4.1920690912e+00,1.7179576978e-01,9.9300579665e-01,1.0578407114e-01,1.0986158051e-01,-4.1888239874e-03,5.5619418053e-01,2.9355319897e-01,382890,41,52,42,1.3126946233e-04,5.1672841100e-01,4.7880337210e-01,2.5862094890e-02,-3.6287745010e+00,-2.7724882204e+03,-3.2781189767e-02,-2.7725210016e+03,-1.0532784453e-05,447024,48,48,48,-6.2189318176e-05,1.0000000000e+00,5.3616614214e-01,6.7775287641e-02,-2.6213762539e+00,-1.4749667165e+00,-3.5976922353e-02,-1.5109436389e+00,2.1474776116e-06,2.5801384979e-02,6.7777435118e-02,2.6414852083e-06,4.1770550765e-04,0,0,0,2.3958248488e-04,3.1921888688e+00,3.1924284512e+00,9.3176175816e-08,2.8572417675e-05,2.8665593851e-05,4.7495061735e-04,2.3958248488e+00
376,3.7600000000e-02,1.0000000000e-04,-9.3608709768e-02,1.3521067394e-01,1.5109430431e+00,2.6243087950e-01,-2.1660109194e-01,2.1660109194e-01,1.4750273356e+00,3.3924704192e-01,1.2299238218e-01,1.2305307721e-01,1.9245008969e-01,1.3135161074e-01,0.0000000000e+00,0.0000000000e+00,0.0000000000e+00,0.0000000000e+00,2.2427007293e-05,3.2394109245e-05,3.6199548878e-04,6.2873842220e-05,2.2427007293e-05,2.2944740245e-05,6.1927139701e-05,2.5301985447e-05,-1.0840771162e+01,1.0840781126e+01,2.7831154776e+03,1.4377011335e+02,-1.0841755433e+01,1.0841755433e+01,2.7831556563e+03,1.4377355784e+02,9.8427076850e-04,2.9263045132e-03,3.7749569268e-01,2.7294521546e-02,0.0000000000e+00,0.0000000000e+00,0.0000000000e+00,0.0000000000e+00,5.1488309559e-07,5.1488356883e-07,1.3218424142e-04,6.8283704092e-06,5.2682089382e-07,5.3703096813e-07,1.3125309741e-04,6.8215715749e-06,1.0000000000e+00,4.1921888688e+00,2.0679115636e+00,4.1921888688e+00,1.0000000000e+00,1.0000285724e+00,1.0000095586e+00,1.0000285724e+00,1.8419724624e+03,1.8868502224e+03,1.9615251584e+00,nan,3.6515438872e-01,3.7405099894e-01,3.8885462992e-04,nan,2.1194761787e+00,2.3405406311e-02,2.6960617732e-01,4.1920690912e+00,1.7107157857e-01,9.9295571090e-01,1.0415218545e-01,1.0829930896e-01,-4.2592004970e-03,5.5621169193e-01,2.9351202515e-01,410729,44,54,41,1.3125309741e-04,5.1685968046e-01,4.7877962990e-01,2.5851562106e-02,-3.6291926636e+00,-2.7720767729e+03,-3.3037843609e-02,-2.7721098107e+03,-1.0519634953e-05,447024,48,48,48,-6.1927139701e-05,1.0000000000e+00,5.3610395282e-01,6.7777435118e-02,-2.6213422655e+00,-1.4750273356e+00,-3.5915707474e-02,-1.5109430431e+00,2.0349706784e-06,2.5791003783e-02,6.7779470089e-02,2.6227144464e-06,4.1821438269e-04,0,0,0,2.3958248488e-04,3.1921888688e+00,3.1924284512e+00,9.3176175816e-08,2.8572417675e-05,2.8665593851e-05,4.7495061735e-04,2.3958248488e+00
377,3.7700000000e-02,1.0000000000e-04,-9.3606209331e-02,1.3521079047e-01,1.5109420041e+00,2.6240701597e-01,-2.1661460174e-01,2.1661460174e-01,1.4750872568e+00,3.3923191487e-01,1.2300839241e-01,1.2306887901e-01,1.9245008934e-01,1.3136452582e-01,0.0000000000e+00,0.0000000000e+00,0.0000000000e+00,0.0000000000e+00,2.2426408232e-05,3.2394137165e-05,3.6199523986e-04,6.2868124937e-05,2.2426408232e-05,2.2941860158e-05,6.1666471536e-05,2.5293990733e-05,-1.0840101681e+01,1.0840111659e+01,2.7829074233e+03,1.4375948046e+02,-1.0841085605e+01,1.0841085605e+01,2.7829473472e+03,1.4376292158e+02,9.8392442783e-04,2.9264141081e-03,3.7749359965e-01,2.7294766177e-02,0.0000000000e+00,0.0000000000e+00,0.0000000000e+00,0.0000000000e+00,5.1485129854e-07,5.1485177245e-07,1.3217435987e-04,6.8278653993e-06,5.2679368713e-07,5.3700794681e-07,1.3123668602e-04,6.8210613728e-06,1.0000000000e+00,4.1921888688e+00,2.0679115636e+00,4.1921888688e+00,1.0000000000e+00,1.0000285724e+00,1.0000095586e+00,1.0000285724e+00,1.8418360306e+03,1.8866323564e+03,1.9615142863e+00,nan,3.6512734234e-01,3.7400780897e-01,3.8885247462e-04,nan,2.1281692101e+00,2.3407341127e-02,2.6967122132e-01,4.1920690912e+00,1.7035160893e-01,9.9290578104e-01,1.0301460346e-01,1.0726473066e-01,-4.3279344936e-03,5.5622918747e-01,2.9347057843e-01,392105,42,52,41,1.3123668602e-04,5.1699093356e-01,4.7875598820e-01,2.5841042471e-02,-3.6296104697e+00,-2.7716639091e+03,-3.3294451779e-02,-2.7716972035e+03,-1.0507870565e-05,447024,48,48,48,-6.1666471536e-05,1.0000000000e+00,5.3604202568e-01,6.7779470089e-02,-2.6213100587e+00,-1.4750872568e+00,-3.5854747334e-02,-1.5109420041e+00,1.9279942685e-06,2.5780633042e-02,6.7781398083e-02,2.6041933354e-06,4.1872220050e-04,0,0,0,2.3958248488e-04,3.1921888688e+00,3.1924284512e+00,9.3176175816e-08,2.8572417675e-05,2.8665593851e-05,4.7495061735e-04,2.3958248488e+00
378,3.7800000000e-02,1.0000000000e-04,-9.3603694872e-02,1.3521090713e-01,1.5109405418e+00,2.6238313873e-01,-2.1662809552e-01,2.1662809552e-01,1.4751465014e+00,3.3921677212e-01,1.2302440064e-01,1.2308467965e-01,1.9245008819e-01,1.3137744284e-01,0.0000000000e+00,0.0000000000e+00,0.0000000000e+00,0.0000000000e+00,2.2425805812e-05,3.2394165113e-05,3.6199488953e-04,6.2862404369e-05,2.2425805812e-05,2.2938987722e-05,6.1407294583e-05,2.5286034516e-05,-1.0839428933e+01,1.0839438925e+01,2.7826978627e+03,1.4374880284e+02,-1.0840412511e+01,1.0840412511e+01,2.7827375318e+03,1.4375224060e+02,9.8357809986e-04,2.9265233591e-03,3.7749146825e-01,2.7295011006e-02,0.0000000000e+00,0.0000000000e+00,0.0000000000e+00,0.0000000000e+00,5.1481934633e-07,5.1481982091e-07,1.3216440678e-04,6.8273582652e-06,5.2676842797e-07,5.3698516494e-07,1.3122019179e-04,6.8205490269e-06,1.0000000000e+00,4.1921888688e+00,2.0679115636e+00,4.1921888688e+00,1.0000000000e+00,1.0000285724e+00,1.0000095586e+00,1.0000285724e+00,1.8416991176e+03,1.8864143523e+03,1.9615032229e+00,nan,3.6510020059e-01,3.7396459162e-01,3.8885028141e-04,nan,2.1368828033e+00,2.3409279060e-02,2.6973581099e-01,4.1920690912e+00,1.6963580525e-01,9.9285575437e-01,1.0234799827e-01,1.0673663872e-01,-4.3951596084e-03,5.5624670244e-01,2.9342910800e-01,410838,44,55,54,1.3122019179e-04,5.1712217025e-01,4.7873244659e-01,2.5830534600e-02,-3.6300279739e+00,-2.7712495641e+03,-3.3551014085e-02,-2.7712831151e+03,-1.0497368771e-05,447024,48,48,48,-6.1407294583e-05,1.0000000000e+00,5.3598035921e-01,6.7781398083e-02,-2.6212795458e+00,-1.4751465014e+00,-3.5794040496e-02,-1.5109405418e+00,1.8257063221e-06,2.5770273185e-02,6.7783223789e-02,2.5859410807e-06,4.1923039774e-04,0,0,0,2.3958248488e-04,3.1921888688e+00,3.1924284512e+00,9.3176175816e-08,2.8572417675e-05,2.8665593851e-05,4.7495061735e-04,2.3958248488e+00
379,3.7900000000e-02,1.0000000000e-04,-9.3601169173e-02,1.3521102455e-01,1.5109386733e+00,2.6235925009e-01,-2.1664157605e-01,2.1664157605e-01,1.4752050877e+00,3.3920161700e-01,1.2304040688e-01,1.2310047914e-01,1.9245008884e-01,1.3139036179e-01,0.0000000000e+00,0.0000000000e+00,0.0000000000e+00,0.0000000000e+00,2.2425200698e-05,3.2394193245e-05,3.6199444184e-04,6.2856681068e-05,2.2425200698e-05,2.2936123319e-05,6.1149590657e-05,2.5278117571e-05,-1.0838752697e+01,1.0838762703e+01,2.7824867388e+03,1.4373807749e+02,-1.0839735929e+01,1.0839735929e+01,2.7825261533e+03,1.4374151188e+02,9.8323179307e-04,2.9266322745e-03,3.7748929854e-01,2.7295256035e-02,0.0000000000e+00,0.0000000000e+00,0.0000000000e+00,0.0000000000e+00,5.1478722847e-07,5.1478770372e-07,1.3215437944e-04,6.8268488640e-06,5.2674357648e-07,5.3696420309e-07,1.3120357991e-04,6.8200343873e-06,1.0000000000e+00,4.1921888688e+00,2.0679115636e+00,4.1921888688e+00,1.0000000000e+00,1.0000285724e+00,1.0000095586e+00,1.0000285724e+00,1.8415616650e+03,1.8861961475e+03,1.9614919422e+00,nan,3.6507295185e-01,3.7392133450e-01,3.8884804511e-04,nan,2.1456166510e+00,2.3411288631e-02,2.6979993143e-01,4.1920690912e+00,1.6892411482e-01,9.9280538769e-01,1.0213112255e-01,1.0669724417e-01,-4.4610915747e-03,5.5626425853e-01,2.9338842899e-01,392105,42,52,41,1.3120357991e-04,5.1725339044e-01,4.7870900465e-01,2.5820037232e-02,-3.6304452259e+00,-2.7708336793e+03,-3.3807530263e-02,-2.7708674869e+03,-1.0487992357e-05,447024,48,48,48,-6.1149590657e-05,1.0000000000e+00,5.3591895191e-01,6.7783223789e-02,-2.6212506525e+00,-1.4752050877e+00,-3.5733585539e-02,-1.5109386733e+00,1.7273169329e-06,2.5759924630e-02,6.7784951106e-02,2.5679743207e-06,4.1974155006e-04,0,0,0,2.3958248488e-04,3.1921888688e+00,3.1924284512e+00,9.3176175816e-08,2.8572417675e-05,2.8665593851e-05,4.7495061735e-04,2.3958248488e+00
380,3.8000000000e-02,1.0000000000e-04,-9.3598634855e-02,1.3521114704e-01,1.5109364126e+00,2.6233535223e-01,-2.1665504596e-01,2.1665504596e-01,1.4752630316e+00,3.3918645268e-01,1.2305641111e-01,1.2311627746e-01,1.9245008868e-01,1.3140328265e-01,0.0000000000e+00,0.0000000000e+00,0.0000000000e+00,0.0000000000e+00,2.2424593520e-05,3.2394222591e-05,3.6199390023e-04,6.2850955560e-05,2.2424593520e-05,2.2933266696e-05,6.0893342465e-05,2.5270240603e-05,-1.0838072776e+01,1.0838082796e+01,2.7822740017e+03,1.4372730173e+02,-1.0839055661e+01,1.0839055661e+01,2.7823131614e+03,1.4373073276e+02,9.8288550991e-04,2.9267408565e-03,3.7748709058e-01,2.7295501264e-02,0.0000000000e+00,0.0000000000e+00,0.0000000000e+00,0.0000000000e+00,5.1475493557e-07,5.1475541149e-07,1.3214427547e-04,6.8263370686e-06,5.2671859295e-07,5.3694103270e-07,1.3118687653e-04,6.8195173666e-06,1.0000000000e+00,4.1921888688e+00,2.0679115636e+00,4.1921888688e+00,1.0000000000e+00,1.0000285724e+00,1.0000095586e+00,1.0000285724e+00,1.8414236221e+03,1.8859776880e+03,1.9614804709e+00,nan,3.6504558610e-01,3.7387802687e-01,3.8884577103e-04,nan,2.1543714176e+00,2.3413194458e-02,2.6986357090e-01,4.1920690912e+00,1.6821648770e-01,9.9275489657e-01,1.0234348067e-01,1.0713094557e-01,-4.5258604936e-03,5.5628174927e-01,2.9334799381e-01,382890,41,52,42,1.3118687653e-04,5.1738459402e-01,4.7868566194e-01,2.5809549239e-02,-3.6308622702e+00,-2.7704162030e+03,-3.4063999982e-02,-2.7704502670e+03,-1.0479592526e-05,447024,48,48,48,-6.0893342465e-05,1.0000000000e+00,5.3585780232e-01,6.7784951106e-02,-2.6212233170e+00,-1.4752630316e+00,-3.5673381059e-02,-1.5109364126e+00,1.6320925034e-06,2.5749587790e-02,6.7786583199e-02,2.5503060740e-06,4.2036926861e-04,0,0,0,2.3958248488e-04,3.1921888688e+00,3.1924284512e+00,9.3176175816e-08,2.8572417675e-05,2.8665593851e-05,4.7495061735e-04,2.3958248488e+00
381,3.8100000000e-02,1.0000000000e-04,-9.3596094375e-02,1.3521127285e-01,1.5109337717e+00,2.6231144726e-01,-2.1666850771e-01,2.1666850771e-01,1.4753203460e+00,3.3917128216e-01,1.2307241334e-01,1.2313207461e-01,1.9245008941e-01,1.3141620541e-01,0.0000000000e+00,0.0000000000e+00,0.0000000000e+00,0.0000000000e+00,2.2423984866e-05,3.2394252733e-05,3.6199326751e-04,6.2845228347e-05,2.2423984866e-05,2.2930418484e-05,6.0638533573e-05,2.5262404256e-05,-1.0837388998e+01,1.0837399032e+01,2.7820596086e+03,1.4371647325e+02,-1.0838371537e+01,1.0838371537e+01,2.7820985136e+03,1.4371990092e+02,9.8253925077e-04,2.9268491056e-03,3.7748484445e-01,2.7295746692e-02,0.0000000000e+00,0.0000000000e+00,0.0000000000e+00,0.0000000000e+00,5.1472245948e-07,5.1472293608e-07,1.3213409286e-04,6.8258227694e-06,5.2669144003e-07,5.3692134254e-07,1.3117010765e-04,6.8189978563e-06,1.0000000000e+00,4.1921888688e+00,2.0679115636e+00,4.1921888688e+00,1.0000000000e+00,1.0000285724e+00,1.0000095586e+00,1.0000285724e+00,1.8412849463e+03,1.8857589276e+03,1.9614687922e+00,nan,3.6501809486e-01,3.7383465960e-01,3.8884345583e-04,nan,2.1631477532e+00,2.3415243944e-02,2.6992671748e-01,4.1920690912e+00,1.6751287666e-01,9.9270449293e-01,1.0296628207e-01,1.0802551032e-01,-4.5895542477e-03,5.5629916190e-01,2.9330759284e-01,483305,52,42,41,1.3117010765e-04,5.1751578090e-01,4.7866241805e-01,2.5799069647e-02,-3.6312791453e+00,-2.7699970910e+03,-3.4320422963e-02,-2.7700314114e+03,-1.0472011863e-05,447024,48,48,48,-6.0638533573e-05,1.0000000000e+00,5.3579690898e-01,6.7786583199e-02,-2.6211974890e+00,-1.4753203460e+00,-3.5613425668e-02,-1.5109337717e+00,1.5393591758e-06,2.5739263070e-02,6.7788122558e-02,2.5329456633e-06,4.2119565096e-04,0,0,0,2.3958248488e-04,3.1921888688e+00,3.1924284512e+00,9.3176175816e-08,2.8572417675e-05,2.8665593851e-05,4.7495061735e-04,2.3958248488e+00
382,3.8200000000e-02,1.0000000000e-04,-9.3593550033e-02,1.3521140636e-01,1.5109307599e+00,2.6228753720e-01,-2.1668196360e-01,2.1668196360e-01,1.4753770419e+00,3.3915610827e-01,1.2308841356e-01,1.2314787059e-01,1.9245008959e-01,1.3142913005e-01,0.0000000000e+00,0.0000000000e+00,0.0000000000e+00,0.0000000000e+00,2.2423375286e-05,3.2394284721e-05,3.6199254594e-04,6.2839499916e-05,2.2423375286e-05,2.2927579265e-05,6.0385148377e-05,2.5254609103e-05,-1.0836701219e+01,1.0836711267e+01,2.7818435246e+03,1.4370559014e+02,-1.0837683412e+01,1.0837683412e+01,2.7818821748e+03,1.4370901446e+02,9.8219300809e-04,2.9269570138e-03,3.7748256020e-01,2.7295992319e-02,0.0000000000e+00,0.0000000000e+00,0.0000000000e+00,0.0000000000e+00,5.1468979338e-07,5.1469027065e-07,1.3212382994e-04,6.8253058756e-06,5.2666427824e-07,5.3689943402e-07,1.3115328198e-04,6.8184757535e-06,1.0000000000e+00,4.1921888688e+00,2.0679115636e+00,4.1921888688e+00,1.0000000000e+00,1.0000285724e+00,1.0000095586e+00,1.0000285724e+00,1.8411456027e+03,1.8855398287e+03,1.9614569212e+00,nan,3.6499047127e-01,3.7379122522e-01,3.8884110250e-04,nan,2.1719460083e+00,2.3417187999e-02,2.6998936019e-01,4.1920690912e+00,1.6681323705e-01,9.9265425504e-01,1.0398693568e-01,1.0937331752e-01,-4.6522767007e-03,5.5631647088e-01,2.9326671921e-01,410743,44,54,55,1.3115328198e-04,5.1764695100e-01,4.7863927253e-01,2.5788597635e-02,-3.6316958835e+00,-2.7695763071e+03,-3.4576798976e-02,-2.7696108839e+03,-1.0465087249e-05,447024,48,48,48,-6.0385148377e-05,1.0000000000e+00,5.3573627045e-01,6.7788122558e-02,-2.6211731291e+00,-1.4753770419e+00,-3.5553717996e-02,-1.5109307599e+00,1.4485052103e-06,2.5728950873e-02,6.7789571063e-02,2.5159020203e-06,4.2202333538e-04,0,0,0,2.3958248488e-04,3.1921888688e+00,3.1924284512e+00,9.3176175816e-08,2.8572417675e-05,2.8665593851e-05,4.7495061735e-04,2.3958248488e+00
383,3.8300000000e-02,1.0000000000e-04,-9.3591003973e-02,1.3521154538e-01,1.5109273846e+00,2.6226362405e-01,-2.1669541576e-01,2.1669541576e-01,1.4754331279e+00,3.3914093371e-01,1.2310441179e-01,1.2316366539e-01,1.9245008819e-01,1.3144205655e-01,0.0000000000e+00,0.0000000000e+00,0.0000000000e+00,0.0000000000e+00,2.2422765295e-05,3.2394318027e-05,3.6199173729e-04,6.2833770743e-05,2.2422765295e-05,2.2924749573e-05,6.0133172061e-05,2.5246855651e-05,-1.0836009325e+01,1.0836019388e+01,2.7816257230e+03,1.4369465090e+02,-1.0836991171e+01,1.0836991171e+01,2.7816641184e+03,1.4369807186e+02,9.8184678280e-04,2.9270645819e-03,3.7748023792e-01,2.7296238145e-02,0.0000000000e+00,0.0000000000e+00,0.0000000000e+00,0.0000000000e+00,5.1465693183e-07,5.1465740977e-07,1.3211348544e-04,6.8247863157e-06,5.2664035730e-07,5.3687341576e-07,1.3113639445e-04,6.8179509568e-06,1.0000000000e+00,4.1921888688e+00,2.0679115636e+00,4.1921888688e+00,1.0000000000e+00,1.0000285724e+00,1.0000095586e+00,1.0000285724e+00,1.8410055647e+03,1.8853203617e+03,1.9614448684e+00,nan,3.6496271000e-01,3.7374771788e-01,3.8883871316e-04,nan,2.1807662885e+00,2.3418943533e-02,2.7005148883e-01,4.1920690912e+00,1.6611752663e-01,9.9260415406e-01,1.0539327394e-01,1.1116900609e-01,-4.7139022929e-03,5.5633375622e-01,2.9322430348e-01,501929,54,44,41,1.3113639445e-04,5.1777810429e-01,4.7861622495e-01,2.5778132548e-02,-3.6321125108e+00,-2.7691538233e+03,-3.4833127810e-02,-2.7691886564e+03,-1.0458652662e-05,447024,48,48,48,-6.0133172061e-05,1.0000000000e+00,5.3567588530e-01,6.7789571063e-02,-2.6211502073e+00,-1.4754331279e+00,-3.5494256686e-02,-1.5109273846e+00,1.3589827608e-06,2.5718651599e-02,6.7790930046e-02,2.4991779619e-06,4.2285198583e-04,0,0,0,2.3958248488e-04,3.1921888688e+00,3.1924284512e+00,9.3176175816e-08,2.8572417675e-05,2.8665593851e-05,4.7495061735e-04,2.3958248488e+00
384,3.8400000000e-02,1.0000000000e-04,-9.3588458185e-02,1.3521169447e-01,1.5109236514e+00,2.6223970974e-01,-2.1670886620e-01,2.1670886620e-01,1.4754886110e+00,3.3912576106e-01,1.2312040801e-01,1.2317945902e-01,1.9245008967e-01,1.3145498489e-01,0.0000000000e+00,0.0000000000e+00,0.0000000000e+00,0.0000000000e+00,2.2422155368e-05,3.2394353747e-05,3.6199084286e-04,6.2828041295e-05,2.2422155368e-05,2.2921929891e-05,5.9882590550e-05,2.5239144340e-05,-1.0835313231e+01,1.0835323308e+01,2.7814061852e+03,1.4368365444e+02,-1.0836294732e+01,1.0836294732e+01,2.7814443259e+03,1.4368707204e+02,9.8150058861e-04,2.9271718235e-03,3.7747787766e-01,2.7296484169e-02,0.0000000000e+00,0.0000000000e+00,0.0000000000e+00,0.0000000000e+00,5.1462387083e-07,5.1462434945e-07,1.3210305848e-04,6.8242640381e-06,5.2661430599e-07,5.3685140703e-07,1.3111943866e-04,6.8174234331e-06,1.0000000000e+00,4.1921888688e+00,2.0679115636e+00,4.1921888688e+00,1.0000000000e+00,1.0000285724e+00,1.0000095586e+00,1.0000285724e+00,1.8408648132e+03,1.8851005052e+03,1.9614325891e+00,nan,3.6493480728e-01,3.7370413331e-01,3.8883627890e-04,nan,2.1896086569e+00,2.3420864194e-02,2.7011309659e-01,4.1920690912e+00,1.6542570546e-01,9.9255414809e-01,1.0715380955e-01,1.1340138875e-01,-4.7748333338e-03,5.5635096107e-01,2.9318373056e-01,392105,42,52,41,1.3111943866e-04,5.1790924068e-01,4.7859327488e-01,2.5767673895e-02,-3.6325290465e+00,-2.7687296202e+03,-3.5089409243e-02,-2.7687647097e+03,-1.0452541839e-05,447024,48,48,48,-5.9882590550e-05,1.0000000000e+00,5.3561575213e-01,6.7790930046e-02,-2.6211287026e+00,-1.4754886110e+00,-3.5435040394e-02,-1.5109236514e+00,1.2703083404e-06,2.5708365648e-02,6.7792200354e-02,2.4827786362e-06,4.2368142092e-04,0,0,0,2.3958248488e-04,3.1921888688e+00,3.1924284512e+00,9.3176175816e-08,2.8572417675e-05,2.8665593851e-05,4.7495061735e-04,2.3958248488e+00
385,3.8500000000e-02,1.0000000000e-04,-9.3585914506e-02,1.3521185316e-01,1.5109195639e+00,2.6221579622e-01,-2.1672231674e-01,2.1672231674e-01,1.4755434961e+00,3.3911059279e-01,1.2313640223e-01,1.2319525146e-01,1.9245008477e-01,1.3146791508e-01,0.0000000000e+00,0.0000000000e+00,0.0000000000e+00,0.0000000000e+00,2.2421545947e-05,3.2394391765e-05,3.6198986357e-04,6.2822312033e-05,2.2421545947e-05,2.2919120653e-05,5.9633390466e-05,2.5231475541e-05,-1.0834612885e+01,1.0834622976e+01,2.7811849010e+03,1.4367260010e+02,-1.0835594039e+01,1.0835594039e+01,2.7812227870e+03,1.4367601434e+02,9.8115441819e-04,2.9272787312e-03,3.7747783450e-01,2.7296730392e-02,0.0000000000e+00,0.0000000000e+00,0.0000000000e+00,0.0000000000e+00,5.1459060784e-07,5.1459108714e-07,1.3209254857e-04,6.8237390114e-06,5.2658804624e-07,5.3682918128e-07,1.3110243089e-04,6.8168931917e-06,1.0000000000e+00,4.1921888688e+00,2.0679115636e+00,4.1921888688e+00,1.0000000000e+00,1.0000285724e+00,1.0000095586e+00,1.0000285724e+00,1.8407233367e+03,1.8848802454e+03,1.9614324148e+00,nan,3.6490676084e-01,3.7366046880e-01,3.8883624434e-04,nan,2.1984735375e+00,2.3422765184e-02,2.7017417910e-01,4.1920690912e+00,1.6473773569e-01,9.9250436388e-01,1.0924430982e-01,1.1606309262e-01,-4.8349149231e-03,5.5636814152e-01,2.9314339203e-01,382890,41,52,42,1.3110243089e-04,5.1804036012e-01,4.7857042189e-01,2.5757221353e-02,-3.6329455033e+00,-2.7683036871e+03,-3.5345643041e-02,-2.7683390327e+03,-1.0446590771e-05,447024,48,48,48,-5.9633390466e-05,1.0000000000e+00,5.3555586954e-01,6.7792200354e-02,-2.6211086015e+00,-1.4755434961e+00,-3.5376067792e-02,-1.5109195639e+00,1.1820629541e-06,2.5698093413e-02,6.7793382417e-02,2.4667053840e-06,4.2451148349e-04,0,0,0,2.3958248488e-04,3.1921888688e+00,3.1924284512e+00,9.3176175816e-08,2.8572417675e-05,2.8665593851e-05,4.7495061735e-04,2.3958248488e+00
386,3.8600000000e-02,1.0000000000e-04,-9.3583374626e-02,1.3521202262e-01,1.5109151246e+00,2.6219188538e-01,-2.1673576908e-01,2.1673576908e-01,1.4755977870e+00,3.3909543124e-01,1.2315239445e-01,1.2321104272e-01,1.9245008918e-01,1.3148084708e-01,0.0000000000e+00,0.0000000000e+00,0.0000000000e+00,0.0000000000e+00,2.2420937437e-05,3.2394432366e-05,3.6198879999e-04,6.2816583416e-05,2.2420937437e-05,2.2916322247e-05,5.9385559077e-05,2.5223849557e-05,-1.0833908263e+01,1.0833918368e+01,2.7809618686e+03,1.4366148763e+02,-1.0834889071e+01,1.0834889071e+01,2.7809994998e+03,1.4366489852e+02,9.8080827177e-04,2.9273853049e-03,3.7748067158e-01,2.7296976813e-02,0.0000000000e+00,0.0000000000e+00,0.0000000000e+00,0.0000000000e+00,5.1455714176e-07,5.1455762173e-07,1.3208195563e-04,6.8232112239e-06,5.2655775572e-07,5.3681033055e-07,1.3108536476e-04,6.8163602090e-06,1.0000000000e+00,4.1921888688e+00,2.0679115636e+00,4.1921888688e+00,1.0000000000e+00,1.0000285724e+00,1.0000095586e+00,1.0000285724e+00,1.8405811308e+03,1.8846595761e+03,1.9614471118e+00,nan,3.6487856982e-01,3.7361672312e-01,3.8883915787e-04,nan,2.2073609611e+00,2.3424802844e-02,2.7023473137e-01,4.1920690912e+00,1.6405358144e-01,9.9245475385e-01,1.1163548084e-01,1.1914596724e-01,-4.8942766246e-03,5.5638526928e-01,2.9310411385e-01,409482,44,41,42,1.3108536476e-04,5.1817146255e-01,4.7854766553e-01,2.5746774762e-02,-3.6333618874e+00,-2.7678760213e+03,-3.5601829002e-02,-2.7679116231e+03,-1.0440639999e-05,447024,48,48,48,-5.9385559077e-05,1.0000000000e+00,5.3549623615e-01,6.7793382417e-02,-2.6210898971e+00,-1.4755977870e+00,-3.5317337561e-02,-1.5109151246e+00,1.0938911953e-06,2.5687835290e-02,6.7794476309e-02,2.4509592145e-06,4.2534203419e-04,0,0,0,2.3958248488e-04,3.1921888688e+00,3.1924284512e+00,9.3176175816e-08,2.8572417675e-05,2.8665593851e-05,4.7495061735e-04,2.3958248488e+00
387,3.8700000000e-02,1.0000000000e-04,-9.3580840089e-02,1.3521220969e-01,1.5109103346e+00,2.6216797915e-01,-2.1674922476e-01,2.1674922476e-01,1.4756514862e+00,3.3908027868e-01,1.2316838467e-01,1.2322683278e-01,1.9245008929e-01,1.3149378089e-01,0.0000000000e+00,0.0000000000e+00,0.0000000000e+00,0.0000000000e+00,2.2420330206e-05,3.2394477184e-05,3.6198765239e-04,6.2810855901e-05,2.2420330206e-05,2.2913535010e-05,5.9139084241e-05,2.5216266625e-05,-1.0833199371e+01,1.0833209491e+01,2.7807370939e+03,1.4365031720e+02,-1.0834179833e+01,1.0834179833e+01,2.7807744703e+03,1.4365372474e+02,9.8046213456e-04,2.9274915297e-03,3.7748345246e-01,2.7297223433e-02,0.0000000000e+00,0.0000000000e+00,0.0000000000e+00,0.0000000000e+00,5.1452347292e-07,5.1452395357e-07,1.3207127994e-04,6.8226806837e-06,5.2652809295e-07,5.3678883029e-07,1.3106823868e-04,6.8158244812e-06,1.0000000000e+00,4.1921888688e+00,2.0679115636e+00,4.1921888688e+00,1.0000000000e+00,1.0000285724e+00,1.0000095586e+00,1.0000285724e+00,1.8404381982e+03,1.8844384981e+03,1.9614615605e+00,nan,3.6485023472e-01,3.7357289640e-01,3.8884202221e-04,nan,2.2162710222e+00,2.3426713951e-02,2.7029474991e-01,4.1920690912e+00,1.6337320859e-01,9.9240530370e-01,1.1428913166e-01,1.2263742321e-01,-4.9527591171e-03,5.5640238110e-01,2.9306463368e-01,410838,44,55,54,1.3106823868e-04,5.1830254791e-01,4.7852500537e-01,2.5736334122e-02,-3.6337781987e+00,-2.7674466285e+03,-3.5857966912e-02,-2.7674824865e+03,-1.0434536658e-05,447024,48,48,48,-5.9139084241e-05,1.0000000000e+00,5.3543685059e-01,6.7794476309e-02,-2.6210725881e+00,-1.4756514862e+00,-3.5258848398e-02,-1.5109103346e+00,1.0054998872e-06,2.5677591666e-02,6.7795481808e-02,2.4355404801e-06,4.2617293309e-04,0,0,0,2.3958248488e-04,3.1921888688e+00,3.1924284512e+00,9.3176175816e-08,2.8572417675e-05,2.8665593851e-05,4.7495061735e-04,2.3958248488e+00
388,3.8800000000e-02,1.0000000000e-04,-9.3578312295e-02,1.3521241193e-01,1.5109051941e+00,2.6214407942e-01,-2.1676268519e-01,2.1676268519e-01,1.4757045951e+00,3.3906513726e-01,1.2318437289e-01,1.2324262165e-01,1.9245008962e-01,1.3150671649e-01,0.0000000000e+00,0.0000000000e+00,0.0000000000e+00,0.0000000000e+00,2.2419724591e-05,3.2394525637e-05,3.6198642082e-04,6.2805129945e-05,2.2419724591e-05,2.2910759234e-05,5.8893954354e-05,2.5208726918e-05,-1.0832486247e+01,1.0832496381e+01,2.7805105907e+03,1.4363908938e+02,-1.0833466363e+01,1.0833466363e+01,2.7805477124e+03,1.4364249357e+02,9.8011601007e-04,2.9275974090e-03,3.7748617710e-01,2.7297470251e-02,0.0000000000e+00,0.0000000000e+00,0.0000000000e+00,0.0000000000e+00,5.1448960303e-07,5.1449008435e-07,1.3206052216e-04,6.8221474176e-06,5.2649791013e-07,5.3676830995e-07,1.3105103096e-04,6.8152860319e-06,1.0000000000e+00,4.1921888688e+00,2.0679115636e+00,4.1921888688e+00,1.0000000000e+00,1.0000285724e+00,1.0000095586e+00,1.0000285724e+00,1.8402945477e+03,1.8842170186e+03,1.9614757148e+00,nan,3.6482175730e-01,3.7352899009e-01,3.8884482817e-04,nan,2.2252034593e+00,2.3428656575e-02,2.7035423304e-01,4.1920690912e+00,1.6269658464e-01,9.9235584423e-01,1.1715656080e-01,1.2651962370e-01,-5.0104132601e-03,5.5641945238e-01,2.9302519348e-01,483210,52,41,42,1.3105103096e-04,5.1843361615e-01,4.7850244099e-01,2.5725899586e-02,-3.6341944309e+00,-2.7670155224e+03,-3.6114056553e-02,-2.7670516365e+03,-1.0428136369e-05,447024,48,48,48,-5.8893954354e-05,1.0000000000e+00,5.3537771150e-01,6.7795481808e-02,-2.6210566780e+00,-1.4757045951e+00,-3.5200599009e-02,-1.5109051941e+00,9.1665590077e-07,2.5667362929e-02,6.7796398464e-02,2.4204491393e-06,4.2700381833e-04,0,0,0,2.3958248488e-04,3.1921888688e+00,3.1924284512e+00,9.3176175816e-08,2.8572417675e-05,2.8665593851e-05,4.7495061735e-04,2.3958248488e+00
389,3.8900000000e-02,1.0000000000e-04,-9.3575792502e-02,1.3521263844e-01,1.5108997024e+00,2.6212018810e-01,-2.1677615161e-01,2.1677615161e-01,1.4757571142e+00,3.3905000905e-01,1.2320035911e-01,1.2325841203e-01,1.9245008868e-01,1.3151965386e-01,0.0000000000e+00,0.0000000000e+00,0.0000000000e+00,0.0000000000e+00,2.2419120893e-05,3.2394579904e-05,3.6198510510e-04,6.2799406003e-05,2.2419120893e-05,2.2907995162e-05,5.8650158296e-05,2.5201230543e-05,-1.0831768953e+01,1.0831779101e+01,2.7802823800e+03,1.4362780510e+02,-1.0832748722e+01,1.0832748722e+01,2.7803192470e+03,1.4363120595e+02,9.7976989728e-04,2.9277029414e-03,3.7748884545e-01,2.7297717267e-02,0.0000000000e+00,0.0000000000e+00,0.0000000000e+00,0.0000000000e+00,5.1445553510e-07,5.1445601710e-07,1.3204968328e-04,6.8216114703e-06,5.2647686833e-07,5.3673826553e-07,1.3103373399e-04,6.8147446121e-06,1.0000000000e+00,4.1921888688e+00,2.0679115636e+00,4.1921888688e+00,1.0000000000e+00,1.0000285724e+00,1.0000095586e+00,1.0000285724e+00,1.8401501938e+03,1.8839951508e+03,1.9614895895e+00,nan,3.6479314044e-01,3.7348500681e-01,3.8884757870e-04,nan,2.2341582324e+00,2.3430171944e-02,2.7041316893e-01,4.1920690912e+00,1.6202367851e-01,9.9230631028e-01,1.2017423545e-01,1.3076378057e-01,-5.0668636903e-03,5.5643657559e-01,2.9298270158e-01,484554,52,55,42,1.3103373399e-04,5.1856466718e-01,4.7847997195e-01,2.5715471449e-02,-3.6346105721e+00,-2.7665827241e+03,-3.6370097666e-02,-2.7666190942e+03,-1.0421304863e-05,447024,48,48,48,-5.8650158296e-05,1.0000000000e+00,5.3531881755e-01,6.7796398464e-02,-2.6210421739e+00,-1.4757571142e+00,-3.5142588111e-02,-1.5108997024e+00,8.2718354091e-07,2.5657149455e-02,6.7797225648e-02,2.4056851111e-06,4.2783422243e-04,0,0,0,2.3958248488e-04,3.1921888688e+00,3.1924284512e+00,9.3176175816e-08,2.8572417675e-05,2.8665593851e-05,4.7495061735e-04,2.3958248488e+00
390,3.9000000000e-02,1.0000000000e-04,-9.3573281829e-02,1.3521288405e-01,1.5108938582e+00,2.6209630708e-01,-2.1678962516e-01,2.1678962516e-01,1.4758090438e+00,3.3903489603e-01,1.2321634333e-01,1.2327420450e-01,1.9245008973e-01,1.3153259300e-01,0.0000000000e+00,0.0000000000e+00,0.0000000000e+00,0.0000000000e+00,2.2418519379e-05,3.2394638750e-05,3.6198370494e-04,6.2793684530e-05,2.2418519379e-05,2.2905242994e-05,5.8407685376e-05,2.5193777546e-05,-1.0831047578e+01,1.0831057741e+01,2.7800524897e+03,1.4361646567e+02,-1.0832027002e+01,1.0832027002e+01,2.7800891020e+03,1.4361986317e+02,9.7942383307e-04,2.9278081638e-03,3.7749145747e-01,2.7297964482e-02,0.0000000000e+00,0.0000000000e+00,0.0000000000e+00,0.0000000000e+00,5.1442127339e-07,5.1442175607e-07,1.3203876462e-04,6.8210729034e-06,5.2646571563e-07,5.3670072003e-07,1.3101591906e-04,6.8142004139e-06,1.0000000000e+00,4.1921888688e+00,2.0679115636e+00,4.1921888688e+00,1.0000000000e+00,1.0000285724e+00,1.0000095586e+00,1.0000285724e+00,1.8400051563e+03,1.8837729134e+03,1.9615031513e+00,nan,3.6476438807e-01,3.7344095024e-01,3.8885026720e-04,nan,2.2431280784e+00,2.3431348018e-02,2.7047156391e-01,4.1920690912e+00,1.6135446038e-01,9.9225344489e-01,1.2327334090e-01,1.3533319910e-01,-5.1221426766e-03,5.5645368358e-01,2.9293707864e-01,483305,52,42,41,1.3101591906e-04,5.1869570092e-01,4.7845759783e-01,2.5705050144e-02,-3.6350266048e+00,-2.7661482614e+03,-3.6626089976e-02,-2.7661848875e+03,-1.0413918914e-05,447024,48,48,48,-5.8407685376e-05,1.0000000000e+00,5.3526016739e-01,6.7797225648e-02,-2.6210290856e+00,-1.4758090438e+00,-3.5084814431e-02,-1.5108938582e+00,7.3696135215e-07,2.5646951617e-02,6.7797962609e-02,2.3912478900e-06,4.2866410102e-04,0,0,0,2.3958248488e-04,3.1921888688e+00,3.1924284512e+00,9.3176175816e-08,2.8572417675e-05,2.8665593851e-05,4.7495061735e-04,2.3958248488e+00
391,3.9100000000e-02,1.0000000000e-04,-9.3570781259e-02,1.3521315545e-01,1.5108876598e+00,2.6207243825e-01,-2.1680310680e-01,2.1680310680e-01,1.4758603831e+00,3.3901980005e-01,1.2323232555e-01,1.2328999573e-01,1.9245008973e-01,1.3154553389e-01,0.0000000000e+00,0.0000000000e+00,0.0000000000e+00,0.0000000000e+00,2.2417920287e-05,3.2394703772e-05,3.6198221993e-04,6.2787965976e-05,2.2417920287e-05,2.2902502885e-05,5.8166525279e-05,2.5186367913e-05,-1.0830322238e+01,1.0830332415e+01,2.7798209537e+03,1.4360507270e+02,-1.0831301316e+01,1.0831301316e+01,2.7798573112e+03,1.4360846686e+02,9.7907785725e-04,2.9279131158e-03,3.7749401312e-01,2.7298211896e-02,0.0000000000e+00,0.0000000000e+00,0.0000000000e+00,0.0000000000e+00,5.1438682329e-07,5.1438730666e-07,1.3202776781e-04,6.8205317935e-06,5.2644859721e-07,5.3668145072e-07,1.3099739971e-04,6.8136535983e-06,1.0000000000e+00,4.1921888688e+00,2.0679115636e+00,4.1921888688e+00,1.0000000000e+00,1.0000285724e+00,1.0000095586e+00,1.0000285724e+00,1.8398594598e+03,1.8835503297e+03,1.9615164308e+00,nan,3.6473550506e-01,3.7339682503e-01,3.8885289975e-04,nan,2.2521097673e+00,2.3433310037e-02,2.7052942376e-01,4.1920690912e+00,1.6068890149e-01,9.9219582280e-01,1.2633535565e-01,1.4015860339e-01,-5.1773020118e-03,5.5647057101e-01,2.9289807327e-01,410743,44,54,55,1.3099739971e-04,5.1882671684e-01,4.7843531821e-01,2.5694636226e-02,-3.6354425067e+00,-2.7657121693e+03,-3.6882032371e-02,-2.7657490513e+03,-1.0405868154e-05,447024,48,48,48,-5.8166525279e-05,1.0000000000e+00,5.3520175971e-01,6.7797962609e-02,-2.6210174250e+00,-1.4758603831e+00,-3.5027276708e-02,-1.5108876598e+00,6.4591859215e-07,2.5636769775e-02,6.7798608528e-02,2.3771384231e-06,4.2949360881e-04,0,0,0,2.3958248488e-04,3.1921888688e+00,3.1924284512e+00,9.3176175816e-08,2.8572417675e-05,2.8665593851e-05,4.7495061735e-04,2.3958248488e+00
392,3.9200000000e-02,1.0000000000e-04,-9.3568291639e-02,1.3521344421e-01,1.5108811054e+00,2.6204858347e-01,-2.1681659740e-01,2.1681659740e-01,1.4759111317e+00,3.3900472292e-01,1.2324830576e-01,1.2330578573e-01,1.9245008973e-01,1.3155847651e-01,0.0000000000e+00,0.0000000000e+00,0.0000000000e+00,0.0000000000e+00,2.2417323817e-05,3.2394772953e-05,3.6198064959e-04,6.2782250788e-05,2.2417323817e-05,2.2899774946e-05,5.7926668013e-05,2.5179001570e-05,-1.0829593066e+01,1.0829603258e+01,2.7795878116e+03,1.4359362810e+02,-1.0830571798e+01,1.0830571798e+01,2.7796239144e+03,1.4359701891e+02,9.7873194738e-04,2.9280177751e-03,3.7749651234e-01,2.7298459512e-02,0.0000000000e+00,0.0000000000e+00,0.0000000000e+00,0.0000000000e+00,5.1435219123e-07,5.1435267530e-07,1.3201669471e-04,6.8199882312e-06,5.2642656268e-07,5.3666722813e-07,1.3097934868e-04,6.8131045111e-06,1.0000000000e+00,4.1921888688e+00,2.0679115636e+00,4.1921888688e+00,1.0000000000e+00,1.0000285724e+00,1.0000095586e+00,1.0000285724e+00,1.8397131328e+03,1.8833274272e+03,1.9615294172e+00,nan,3.6470649705e-01,3.7335263663e-01,3.8885547419e-04,nan,2.2611234717e+00,2.3435480453e-02,2.7058676224e-01,4.1920690912e+00,1.6002697403e-01,9.9214231174e-01,1.2922330828e-01,1.4513992309e-01,-5.2316391553e-03,5.5648738195e-01,2.9286065085e-01,392105,42,52,41,1.3097934868e-04,5.1895771424e-01,4.7841313266e-01,2.5684230357e-02,-3.6358582511e+00,-2.7652744884e+03,-3.7137923376e-02,-2.7653116263e+03,-1.0397057192e-05,447024,48,48,48,-5.7926668013e-05,1.0000000000e+00,5.3514359318e-01,6.7798608528e-02,-2.6210072051e+00,-1.4759111317e+00,-3.4969973688e-02,-1.5108811054e+00,5.5403141128e-07,2.5626604279e-02,6.7799162559e-02,2.3633575359e-06,4.3032281037e-04,0,0,0,2.3958248488e-04,3.1921888688e+00,3.1924284512e+00,9.3176175816e-08,2.8572417675e-05,2.8665593851e-05,4.7495061735e-04,2.3958248488e+00
393,3.9300000000e-02,1.0000000000e-04,-9.3565813683e-02,1.3521375433e-01,1.5108741927e+00,2.6202474458e-01,-2.1683009766e-01,2.1683009766e-01,1.4759612886e+00,3.3898966629e-01,1.2326428398e-01,1.2332157449e-01,1.9245008942e-01,1.3157142084e-01,0.0000000000e+00,0.0000000000e+00,0.0000000000e+00,0.0000000000e+00,2.2416730142e-05,3.2394847254e-05,3.6197899344e-04,6.2776539408e-05,2.2416730142e-05,2.2897059250e-05,5.7688103862e-05,2.5171678387e-05,-1.0828860218e+01,1.0828870424e+01,2.7793531080e+03,1.4358213402e+02,-1.0829838604e+01,1.0829838604e+01,2.7793889560e+03,1.4358552150e+02,9.7838608512e-04,2.9281221232e-03,3.7749895511e-01,2.7298707328e-02,0.0000000000e+00,0.0000000000e+00,0.0000000000e+00,0.0000000000e+00,5.1431738456e-07,5.1431786932e-07,1.3200554745e-04,6.8194423195e-06,5.2640220796e-07,5.3665533588e-07,1.3096154348e-04,6.8125531620e-06,1.0000000000e+00,4.1921888688e+00,2.0679115636e+00,4.1921888688e+00,1.0000000000e+00,1.0000285724e+00,1.0000095586e+00,1.0000285724e+00,1.8395662070e+03,1.8831042369e+03,1.9615421134e+00,nan,3.6467737034e-01,3.7330839117e-01,3.8885799108e-04,nan,2.2701655057e+00,2.3437740630e-02,2.7064358035e-01,4.1920690912e+00,1.5936865096e-01,9.9209121139e-01,1.3177095626e-01,1.5013547345e-01,-5.2848876350e-03,5.5650419567e-01,2.9282368323e-01,392105,42,52,41,1.3096154348e-04,5.1908869358e-01,4.7839104079e-01,2.5673833300e-02,-3.6362738073e+00,-2.7648352633e+03,-3.7393763805e-02,-2.7648726571e+03,-1.0387403670e-05,447024,48,48,48,-5.7688103862e-05,1.0000000000e+00,5.3508566651e-01,6.7799162559e-02,-2.6209984391e+00,-1.4759612886e+00,-3.4912904129e-02,-1.5108741927e+00,4.6131841878e-07,2.5616455463e-02,6.7799623878e-02,2.3499062797e-06,4.3115165895e-04,0,0,0,2.3958248488e-04,3.1921888688e+00,3.1924284512e+00,9.3176175816e-08,2.8572417675e-05,2.8665593851e-05,4.7495061735e-04,2.3958248488e+00
394,3.9400000000e-02,1.0000000000e-04,-9.3563347975e-02,1.3521409006e-01,1.5108669199e+00,2.6200092339e-01,-2.1684360817e-01,2.1684360817e-01,1.4760108531e+00,3.3897463174e-01,1.2328026020e-01,1.2333736201e-01,1.9245008108e-01,1.3158436688e-01,0.0000000000e+00,0.0000000000e+00,0.0000000000e+00,0.0000000000e+00,2.2416139402e-05,3.2394927688e-05,3.6197725100e-04,6.2770832267e-05,2.2416139402e-05,2.2894355825e-05,5.7450823334e-05,2.5164398180e-05,-1.0828123865e+01,1.0828134086e+01,2.7791168912e+03,1.4357059288e+02,-1.0829101905e+01,1.0829101905e+01,2.7791524846e+03,1.4357397702e+02,9.7804026225e-04,2.9282261517e-03,3.7750134137e-01,2.7298955344e-02,0.0000000000e+00,0.0000000000e+00,0.0000000000e+00,0.0000000000e+00,5.1428241142e-07,5.1428289687e-07,1.3199432832e-04,6.8188941723e-06,5.2637812606e-07,5.3664416012e-07,1.3094361076e-04,6.8119996565e-06,1.0000000000e+00,4.1921888688e+00,2.0679115636e+00,4.1921888688e+00,1.0000000000e+00,1.0000285724e+00,1.0000095586e+00,1.0000285724e+00,1.8394187169e+03,1.8828807923e+03,1.9615545977e+00,nan,3.6464813176e-01,3.7326409530e-01,3.8886046599e-04,nan,2.2792294899e+00,2.3440020074e-02,2.7069988353e-01,4.1920690912e+00,1.5871390585e-01,9.9203967649e-01,1.3378428006e-01,1.5494934585e-01,-5.3364599822e-03,5.5652139653e-01,2.9278751637e-01,391337,42,44,41,1.3094361076e-04,5.1921965513e-01,4.7836904217e-01,2.5663445897e-02,-3.6366891413e+00,-2.7643945433e+03,-3.7649554041e-02,-2.7644321929e+03,-1.0376839504e-05,447024,48,48,48,-5.7450823334e-05,1.0000000000e+00,5.3502797841e-01,6.7799623878e-02,-2.6209911400e+00,-1.4760108531e+00,-3.4856066797e-02,-1.5108669199e+00,3.6783634684e-07,2.5606323645e-02,6.7799991714e-02,2.3367875349e-06,4.3198005643e-04,0,0,0,2.3958248488e-04,3.1921888688e+00,3.1924284512e+00,9.3176175816e-08,2.8572417675e-05,2.8665593851e-05,4.7495061735e-04,2.3958248488e+00
395,3.9500000000e-02,1.0000000000e-04,-9.3560894967e-02,1.3521444810e-01,1.5108592851e+00,2.6197712164e-01,-2.1685712938e-01,2.1685712938e-01,1.4760598246e+00,3.3895962072e-01,1.2329623441e-01,1.2335314829e-01,1.9245008168e-01,1.3159731462e-01,0.0000000000e+00,0.0000000000e+00,0.0000000000e+00,0.0000000000e+00,2.2415551704e-05,3.2395013468e-05,3.6197542183e-04,6.2765129784e-05,2.2415551704e-05,2.2891664666e-05,5.7214817121e-05,2.5157160715e-05,-1.0827384192e+01,1.0827394428e+01,2.7788792134e+03,1.4355900725e+02,-1.0828361886e+01,1.0828361886e+01,2.7789145521e+03,1.4356238806e+02,9.7769448072e-04,2.9283298623e-03,3.7750367110e-01,2.7299203561e-02,0.0000000000e+00,0.0000000000e+00,0.0000000000e+00,0.0000000000e+00,5.1424728063e-07,5.1424776677e-07,1.3198303980e-04,6.8183439122e-06,5.2635471723e-07,5.3662990465e-07,1.3092528564e-04,6.8114440882e-06,1.0000000000e+00,4.1921888688e+00,2.0679115636e+00,4.1921888688e+00,1.0000000000e+00,1.0000285724e+00,1.0000095586e+00,1.0000285724e+00,1.8392706990e+03,1.8826571292e+03,1.9615666972e+00,nan,3.6461878856e-01,3.7321975612e-01,3.8886286461e-04,nan,2.2883108298e+00,2.3442152962e-02,2.7075567730e-01,4.1920690912e+00,1.5806271274e-01,9.9198568124e-01,1.3504926725e-01,1.5932285575e-01,-5.3868056031e-03,5.5653857577e-01,2.9275156442e-01,382890,41,52,42,1.3092528564e-04,5.1935059874e-01,4.7834713641e-01,2.5653069057e-02,-3.6371042163e+00,-2.7639523814e+03,-3.7905293733e-02,-2.7639902867e+03,-1.0365311639e-05,447024,48,48,48,-5.7214817121e-05,1.0000000000e+00,5.3497052758e-01,6.7799991714e-02,-2.6209853201e+00,-1.4760598246e+00,-3.4799460465e-02,-1.5108592851e+00,2.7367548201e-07,2.5596209124e-02,6.7800265389e-02,2.3240041361e-06,4.3280788584e-04,0,0,0,2.3958248488e-04,3.1921888688e+00,3.1924284512e+00,9.3176175816e-08,2.8572417675e-05,2.8665593851e-05,4.7495061735e-04,2.3958248488e+00
396,3.9600000000e-02,1.0000000000e-04,-9.3558454984e-02,1.3521482584e-01,1.5108512868e+00,2.6195334101e-01,-2.1687066161e-01,2.1687066161e-01,1.4761082028e+00,3.3894463455e-01,1.2331220663e-01,1.2336893332e-01,1.9245008893e-01,1.3161026403e-01,0.0000000000e+00,0.0000000000e+00,0.0000000000e+00,0.0000000000e+00,2.2414967127e-05,3.2395103967e-05,3.6197350557e-04,6.2759432363e-05,2.2414967127e-05,2.2888985728e-05,5.6980076054e-05,2.5149965705e-05,-1.0826641397e+01,1.0826651647e+01,2.7786401292e+03,1.4354737987e+02,-1.0827618746e+01,1.0827618746e+01,2.7786752131e+03,1.4355075734e+02,9.7734874397e-04,2.9284332584e-03,3.7750594426e-01,2.7299451977e-02,0.0000000000e+00,0.0000000000e+00,0.0000000000e+00,0.0000000000e+00,5.1421200153e-07,5.1421248836e-07,1.3197168448e-04,6.8177916688e-06,5.2632940580e-07,5.3661758433e-07,1.3090699997e-04,6.8108865714e-06,1.0000000000e+00,4.1921888688e+00,2.0679115636e+00,4.1921888688e+00,1.0000000000e+00,1.0000285724e+00,1.0000095586e+00,1.0000285724e+00,1.8391221913e+03,1.8824332849e+03,1.9615784350e+00,nan,3.6458934824e-01,3.7317538100e-01,3.8886519153e-04,nan,2.2974170805e+00,2.3444358379e-02,2.7081096854e-01,4.1920690912e+00,1.5741504607e-01,9.9193247774e-01,1.3534929231e-01,1.6293275105e-01,-5.4359803506e-03,5.5655561642e-01,2.9271567051e-01,392105,42,52,41,1.3090699997e-04,5.1948152402e-01,4.7832532311e-01,2.5642703745e-02,-3.6375189935e+00,-2.7635088338e+03,-3.8160982017e-02,-2.7635469947e+03,-1.0352782762e-05,447024,48,48,48,-5.6980076054e-05,1.0000000000e+00,5.3491331277e-01,6.7800265389e-02,-2.6209809900e+00,-1.4761082028e+00,-3.4743083916e-02,-1.5108512868e+00,1.7895486128e-07,2.5586112176e-02,6.7800444344e-02,2.3115604407e-06,4.3363505493e-04,0,0,0,2.3958248488e-04,3.1921888688e+00,3.1924284512e+00,9.3176175816e-08,2.8572417675e-05,2.8665593851e-05,4.7495061735e-04,2.3958248488e+00
397,3.9700000000e-02,1.0000000000e-04,-9.3556028226e-02,1.3521522274e-01,1.5108429238e+00,2.6192958313e-01,-2.1688420507e-01,2.1688420507e-01,1.4761559878e+00,3.3892967443e-01,1.2332817685e-01,1.2338471709e-01,1.9245008936e-01,1.3162321510e-01,0.0000000000e+00,0.0000000000e+00,0.0000000000e+00,0.0000000000e+00,2.2414385718e-05,3.2395199058e-05,3.6197150194e-04,6.2753740390e-05,2.2414385718e-05,2.2886318931e-05,5.6746591068e-05,2.5142812819e-05,-1.0825895685e+01,1.0825905949e+01,2.7783996951e+03,1.4353571357e+02,-1.0826872688e+01,1.0826872688e+01,2.7784345243e+03,1.4353908771e+02,9.7700304529e-04,2.9285363330e-03,3.7750816081e-01,2.7299700591e-02,0.0000000000e+00,0.0000000000e+00,0.0000000000e+00,0.0000000000e+00,5.1417658389e-07,5.1417707141e-07,1.3196026504e-04,6.8172375772e-06,5.2630799679e-07,5.3659915026e-07,1.3088874453e-04,6.8103271939e-06,1.0000000000e+00,4.1921888688e+00,2.0679115636e+00,4.1921888688e+00,1.0000000000e+00,1.0000285724e+00,1.0000095586e+00,1.0000285724e+00,1.8389732324e+03,1.8822092971e+03,1.9615899481e+00,nan,3.6455981848e-01,3.7313097746e-01,3.8886747389e-04,nan,2.3065481480e+00,2.3446284738e-02,2.7086576363e-01,4.1920690912e+00,1.5677088048e-01,9.9187997606e-01,1.3448933103e-01,1.6540357047e-01,-5.4836181955e-03,5.5657261346e-01,2.9267825127e-01,484457,52,54,41,1.3088874453e-04,5.1961243102e-01,4.7830360189e-01,2.5632350963e-02,-3.6379334323e+00,-2.7630639581e+03,-3.8416618871e-02,-2.7631023747e+03,-1.0339230013e-05,447024,48,48,48,-5.6746591068e-05,1.0000000000e+00,5.3485633269e-01,6.7800444344e-02,-2.6209781586e+00,-1.4761559878e+00,-3.4686935944e-02,-1.5108429238e+00,8.3817979210e-08,2.5576033054e-02,6.7800528162e-02,2.2994613180e-06,4.3446148991e-04,0,0,0,2.3958248488e-04,3.1921888688e+00,3.1924284512e+00,9.3176175816e-08,2.8572417675e-05,2.8665593851e-05,4.7495061735e-04,2.3958248488e+00
398,3.9800000000e-02,1.0000000000e-04,-9.3553614765e-02,1.3521563801e-01,1.5108341954e+00,2.6190584949e-01,-2.1689775982e-01,2.1689775982e-01,1.4762031801e+00,3.3891474142e-01,1.2334414506e-01,1.2340049961e-01,1.9245008725e-01,1.3163616782e-01,0.0000000000e+00,0.0000000000e+00,0.0000000000e+00,0.0000000000e+00,2.2413807495e-05,3.2395298550e-05,3.6196941078e-04,6.2748054226e-05,2.2413807495e-05,2.2883664163e-05,5.6514353168e-05,2.5135701680e-05,-1.0825147267e+01,1.0825157546e+01,2.7781579688e+03,1.4352401126e+02,-1.0826123924e+01,1.0826123924e+01,2.7781925433e+03,1.4352738208e+02,9.7665740073e-04,2.9286391020e-03,3.7751032072e-01,2.7299949404e-02,0.0000000000e+00,0.0000000000e+00,0.0000000000e+00,0.0000000000e+00,5.1414103772e-07,5.1414152593e-07,1.3194878424e-04,6.8166817755e-06,5.2629031529e-07,5.3657499197e-07,1.3087049929e-04,6.8097661049e-06,1.0000000000e+00,4.1921888688e+00,2.0679115636e+00,4.1921888688e+00,1.0000000000e+00,1.0000285724e+00,1.0000095586e+00,1.0000285724e+00,1.8388238612e+03,1.8819852042e+03,1.9616011929e+00,nan,3.6453020700e-01,3.7308655306e-01,3.8886970307e-04,nan,2.3157037453e+00,2.3447949076e-02,2.7092007184e-01,4.1920690912e+00,1.5613019079e-01,9.9182800392e-01,1.3232689936e-01,1.6634454095e-01,-5.5296697400e-03,5.5658964192e-01,2.9264055585e-01,382122,41,44,42,1.3087049929e-04,5.1974331977e-01,4.7828197237e-01,2.5622011733e-02,-3.6383474913e+00,-2.7626178133e+03,-3.8672204254e-02,-2.7626564855e+03,-1.0324644958e-05,447024,48,48,48,-5.6514353168e-05,1.0000000000e+00,5.3479958610e-01,6.7800528162e-02,-2.6209768324e+00,-1.4762031801e+00,-3.4631015347e-02,-1.5108341954e+00,-1.1572097267e-08,2.5565971982e-02,6.7800516590e-02,2.2877133387e-06,4.3528709456e-04,0,0,0,2.3958248488e-04,3.1921888688e+00,3.1924284512e+00,9.3176175816e-08,2.8572417675e-05,2.8665593851e-05,4.7495061735e-04,2.3958248488e+00
399,3.9900000000e-02,1.0000000000e-04,-9.3551214551e-02,1.3521608699e-01,1.5108251016e+00,2.6188214150e-01,-2.1691132582e-01,2.1691132582e-01,1.4762497807e+00,3.3889983640e-01,1.2336011127e-01,1.2341628086e-01,1.9245007560e-01,1.3164912217e-01,0.0000000000e+00,0.0000000000e+00,0.0000000000e+00,0.0000000000e+00,2.2413232446e-05,3.2395406117e-05,3.6196723207e-04,6.2742374207e-05,2.2413232446e-05,2.2881021279e-05,5.6283353395e-05,2.5128631868e-05,-1.0824396356e+01,1.0824406650e+01,2.7779150083e+03,1.4351227589e+02,-1.0825372668e+01,1.0825372668e+01,2.7779493281e+03,1.4351564338e+02,9.7631182559e-04,2.9287415804e-03,3.7751242395e-01,2.7300198415e-02,0.0000000000e+00,0.0000000000e+00,0.0000000000e+00,0.0000000000e+00,5.1410537319e-07,5.1410586210e-07,1.3193724481e-04,6.8161244033e-06,5.2626915594e-07,5.3655613926e-07,1.3085224317e-04,6.8092034535e-06,1.0000000000e+00,4.1921888688e+00,2.0679115636e+00,4.1921888688e+00,1.0000000000e+00,1.0000285724e+00,1.0000095586e+00,1.0000285724e+00,1.8386741161e+03,1.8817610437e+03,1.9616122403e+00,nan,3.6450052138e-01,3.7304211526e-01,3.8887189312e-04,nan,2.3248835628e+00,2.3449833498e-02,2.7097390297e-01,4.1920690912e+00,1.5549295187e-01,9.9177638091e-01,1.2880154984e-01,1.6540899859e-01,-5.5742560852e-03,5.5660661506e-01,2.9260398312e-01,501943,54,44,55,1.3085224317e-04,5.1987419027e-01,4.7826043415e-01,2.5611687088e-02,-3.6387611286e+00,-2.7621704591e+03,-3.8927738088e-02,-2.7622093868e+03,-1.0309033200e-05,447024,48,48,48,-5.6283353395e-05,1.0000000000e+00,5.3474307175e-01,6.7800516590e-02,-2.6209770155e+00,-1.4762497807e+00,-3.4575320935e-02,-1.5108251016e+00,-1.0703762381e-07,2.5555929157e-02,6.7800409553e-02,2.2763225489e-06,4.3611186889e-04,0,0,0,2.3958248488e-04,3.1921888688e+00,3.1924284512e+00,9.3176175816e-08,2.8572417675e-05,2.8665593851e-05,4.7495061735e-04,2.3958248488e+00
400,4.0000000000e-02,1.0000000000e-04,-9.3548827410e-02,1.3521655822e-01,1.5108156429e+00,2.6185846044e-01,-2.1692490288e-01,2.1692490288e-01,1.4762957913e+00,3.3888496013e-01,1.2337607548e-01,1.2343206085e-01,1.9245007087e-01,1.3166207814e-01,0.0000000000e+00,0.0000000000e+00,0.0000000000e+00,0.0000000000e+00,2.2412660529e-05,3.2395519015e-05,3.6196496592e-04,6.2736700639e-05,2.2412660529e-05,2.2878391555e-05,5.6053582807e-05,2.5121602924e-05,-1.0823643168e+01,1.0823653477e+01,2.7776708712e+03,1.4350051039e+02,-1.0824619134e+01,1.0824619134e+01,2.7777049363e+03,1.4350387455e+02,9.7596630685e-04,2.9288437552e-03,3.7751447046e-01,2.7300447624e-02,0.0000000000e+00,0.0000000000e+00,0.0000000000e+00,0.0000000000e+00,5.1406960046e-07,5.1407009007e-07,1.3192564951e-04,6.8155656000e-06,5.2624539995e-07,5.3653874617e-07,1.3083400222e-04,6.8086393943e-06,1.0000000000e+00,4.1921888688e+00,2.0679115636e+00,4.1921888688e+00,1.0000000000e+00,1.0000285724e+00,1.0000095586e+00,1.0000285724e+00,1.8385240346e+03,1.8815368523e+03,1.9616229225e+00,nan,3.6447076908e-01,3.7299767134e-01,3.8887401076e-04,nan,2.3340881291e+00,2.3451768664e-02,2.7102726744e-01,4.1920690912e+00,1.5485913855e-01,9.9172528398e-01,1.2393838478e-01,1.6235647763e-01,-5.6171413440e-03,5.5662354953e-01,2.9256747612e-01,483305,52,42,41,1.3083400222e-04,5.2000504251e-01,4.7823898689e-01,2.5601378054e-02,-3.6391743024e+00,-2.7617219547e+03,-3.9183220252e-02,-2.7617611379e+03,-1.0292413796e-05,447024,48,48,48,-5.6053582807e-05,1.0000000000e+00,5.3468678839e-01,6.7800409553e-02,-2.6209787091e+00,-1.4762957913e+00,-3.4519851525e-02,-1.5108156429e+00,-2.0239023020e-07,2.5545904741e-02,6.7800207162e-02,2.2652977767e-06,4.3693578877e-04,0,0,0,2.3958248488e-04,3.1921888688e+00,3.1924284512e+00,9.3176175816e-08,2.8572417675e-05,2.8665593851e-05,4.7495061735e-04,2.3958248488e+00
401,4.0100000000e-02,1.0000000000e-04,-9.3546453047e-02,1.3521705275e-01,1.5108058202e+00,2.6183480743e-01,-2.1693849072e-01,2.1693849072e-01,1.4763412143e+00,3.3887011318e-01,1.2339203768e-01,1.2344783957e-01,1.9245008475e-01,1.3167503572e-01,0.0000000000e+00,0.0000000000e+00,0.0000000000e+00,0.0000000000e+00,2.2412091673e-05,3.2395637497e-05,3.6196261259e-04,6.2731033793e-05,2.2412091673e-05,2.2875777279e-05,5.5825032448e-05,2.5114614353e-05,-1.0822887913e+01,1.0822898237e+01,2.7774256145e+03,1.4348871765e+02,-1.0823863534e+01,1.0823863534e+01,2.7774594249e+03,1.4349207850e+02,9.7562083489e-04,2.9289456166e-03,3.7751646021e-01,2.7300697032e-02,0.0000000000e+00,0.0000000000e+00,0.0000000000e+00,0.0000000000e+00,5.1403372958e-07,5.1403421989e-07,1.3191400102e-04,6.8150055032e-06,5.2622057568e-07,5.3652038695e-07,1.3081576874e-04,6.8080740551e-06,1.0000000000e+00,4.1921888688e+00,2.0679115636e+00,4.1921888688e+00,1.0000000000e+00,1.0000285724e+00,1.0000095586e+00,1.0000285724e+00,1.8383736528e+03,1.8813126654e+03,1.9616331201e+00,nan,3.6444095726e-01,3.7295322831e-01,3.8887603234e-04,nan,2.3433173793e+00,2.3453646204e-02,2.7108017505e-01,4.1920690912e+00,1.5422872558e-01,9.9167463439e-01,1.1786135044e-01,1.5712634468e-01,-5.6581966184e-03,5.5664045431e-01,2.9253084811e-01,392105,42,52,41,1.3081576874e-04,5.2013587651e-01,4.7821763022e-01,2.5591085641e-02,-3.6395869718e+00,-2.7612723583e+03,-3.9438650678e-02,-2.7613117970e+03,-1.0274818517e-05,447024,48,48,48,-5.5825032448e-05,1.0000000000e+00,5.3463073481e-01,6.7800207162e-02,-2.6209819113e+00,-1.4763412143e+00,-3.4464605941e-02,-1.5108058202e+00,-2.9743518098e-07,2.5535898865e-02,6.7799909727e-02,2.2546465914e-06,4.3775883212e-04,0,0,0,2.3958248488e-04,3.1921888688e+00,3.1924284512e+00,9.3176175816e-08,2.8572417675e-05,2.8665593851e-05,4.7495061735e-04,2.3958248488e+00
402,4.0200000000e-02,1.0000000000e-04,-9.3544091047e-02,1.3521757069e-01,1.5107956355e+00,2.6181118345e-01,-2.1695208892e-01,2.1695208892e-01,1.4763860524e+00,3.3885529592e-01,1.2340799787e-01,1.2346361701e-01,1.9245008972e-01,1.3168799489e-01,0.0000000000e+00,0.0000000000e+00,0.0000000000e+00,0.0000000000e+00,2.2411525779e-05,3.2395761587e-05,3.6196017249e-04,6.2725373901e-05,2.2411525779e-05,2.2873175585e-05,5.5597693340e-05,2.5107665620e-05,-1.0822130798e+01,1.0822141136e+01,2.7771792933e+03,1.4347690050e+02,-1.0823106073e+01,1.0823106073e+01,2.7772128489e+03,1.4348025803e+02,9.7527540607e-04,2.9290471610e-03,3.7751839316e-01,2.7300946637e-02,0.0000000000e+00,0.0000000000e+00,0.0000000000e+00,0.0000000000e+00,5.1399777036e-07,5.1399826137e-07,1.3190230198e-04,6.8144442470e-06,5.2620463093e-07,5.3649232033e-07,1.3079753289e-04,6.8075074932e-06,1.0000000000e+00,4.1921888688e+00,2.0679115636e+00,4.1921888688e+00,1.0000000000e+00,1.0000285724e+00,1.0000095586e+00,1.0000285724e+00,1.8382230052e+03,1.8810885163e+03,1.9616431134e+00,nan,3.6441109273e-01,3.7290879279e-01,3.8887801342e-04,nan,2.3525712136e+00,2.3455086869e-02,2.7113263320e-01,4.1920690912e+00,1.5360168760e-01,9.9162433808e-01,1.1076956162e-01,1.4986179263e-01,-5.6971066117e-03,5.5665738857e-01,2.9249303315e-01,484457,52,54,41,1.3079753289e-04,5.2026669228e-01,4.7819636377e-01,2.5580810822e-02,-3.6399990969e+00,-2.7608217269e+03,-3.9694029280e-02,-2.7608614210e+03,-1.0256291003e-05,447024,48,48,48,-5.5597693340e-05,1.0000000000e+00,5.3457490978e-01,6.7799909727e-02,-2.6209866173e+00,-1.4763860524e+00,-3.4409583018e-02,-1.5107956355e+00,-3.9197546220e-07,2.5525911620e-02,6.7799517752e-02,2.2443800155e-06,4.3858098854e-04,0,0,0,2.3958248488e-04,3.1921888688e+00,3.1924284512e+00,9.3176175816e-08,2.8572417675e-05,2.8665593851e-05,4.7495061735e-04,2.3958248488e+00
403,4.0300000000e-02,1.0000000000e-04,-9.3541740877e-02,1.3521810677e-01,1.5107850910e+00,2.6178758929e-01,-2.1696569694e-01,2.1696569694e-01,1.4764303094e+00,3.3884050856e-01,1.2342395606e-01,1.2347939317e-01,1.9245008973e-01,1.3170095563e-01,0.0000000000e+00,0.0000000000e+00,0.0000000000e+00,0.0000000000e+00,2.2410962720e-05,3.2395890020e-05,3.6195764622e-04,6.2719721153e-05,2.2410962720e-05,2.2870584904e-05,5.5371556459e-05,2.5100756162e-05,-1.0821372022e+01,1.0821382375e+01,2.7769319605e+03,1.4346506166e+02,-1.0822346952e+01,1.0822346952e+01,2.7769652616e+03,1.4346841586e+02,9.7493005570e-04,2.9291484235e-03,3.7752026927e-01,2.7301196439e-02,0.0000000000e+00,0.0000000000e+00,0.0000000000e+00,0.0000000000e+00,5.1396173225e-07,5.1396222398e-07,1.3189055490e-04,6.8138819602e-06,5.2618300924e-07,5.3647862995e-07,1.3077921183e-04,6.8069398848e-06,1.0000000000e+00,4.1921888688e+00,2.0679115636e+00,4.1921888688e+00,1.0000000000e+00,1.0000285724e+00,1.0000095586e+00,1.0000285724e+00,1.8380721237e+03,1.8808644363e+03,1.9616528618e+00,nan,3.6438118183e-01,3.7286437095e-01,3.8887994596e-04,nan,2.3618482159e+00,2.3457145159e-02,2.7118465439e-01,4.1920690912e+00,1.5297799905e-01,9.9157374787e-01,1.0290485672e-01,1.4088560716e-01,-5.7343361141e-03,5.5667430779e-01,2.9245739398e-01,502697,54,52,41,1.3077921183e-04,5.2039748982e-01,4.7817518720e-01,2.5570554531e-02,-3.6404106397e+00,-2.7603701150e+03,-3.9949355957e-02,-2.7604100643e+03,-1.0236885796e-05,447024,48,48,48,-5.5371556459e-05,1.0000000000e+00,5.3451931209e-01,6.7799517752e-02,-2.6209928191e+00,-1.4764303094e+00,-3.4354781596e-02,-1.5107850910e+00,-4.8581549307e-07,2.5515943060e-02,6.7799031936e-02,2.2345059437e-06,4.3940220508e-04,0,0,0,2.3958248488e-04,3.1921888688e+00,3.1924284512e+00,9.3176175816e-08,2.8572417675e-05,2.8665593851e-05,4.7495061735e-04,2.3958248488e+00
404,4.0400000000e-02,1.0000000000e-04,-9.3539401885e-02,1.3521866941e-01,1.5107741898e+00,2.6176402555e-01,-2.1697931413e-01,2.1697931413e-01,1.4764739893e+00,3.3882575108e-01,1.2343991224e-01,1.2349516895e-01,1.9245008561e-01,1.3171391793e-01,0.0000000000e+00,0.0000000000e+00,0.0000000000e+00,0.0000000000e+00,2.2410402338e-05,3.2396024821e-05,3.6195503449e-04,6.2714075693e-05,2.2410402338e-05,2.2868004953e-05,5.5146612734e-05,2.5093885382e-05,-1.0820611776e+01,1.0820622143e+01,2.7766836666e+03,1.4345320369e+02,-1.0821586360e+01,1.0821586360e+01,2.7767167129e+03,1.4345655458e+02,9.7458476196e-04,2.9292493824e-03,3.7752208850e-01,2.7301446441e-02,0.0000000000e+00,0.0000000000e+00,0.0000000000e+00,0.0000000000e+00,5.1392562429e-07,5.1392611672e-07,1.3187876216e-04,6.8133187653e-06,5.2615806056e-07,5.3646203666e-07,1.3076088241e-04,6.8063713999e-06,1.0000000000e+00,4.1921888688e+00,2.0679115636e+00,4.1921888688e+00,1.0000000000e+00,1.0000285724e+00,1.0000095586e+00,1.0000285724e+00,1.8379210377e+03,1.8806404536e+03,1.9616623568e+00,nan,3.6435123040e-01,3.7281996841e-01,3.8888182826e-04,nan,2.3711498481e+00,2.3459065964e-02,2.7123625123e-01,4.1920690912e+00,1.5235763418e-01,9.9152342849e-01,9.4519331238e-02,1.3063259727e-01,-5.7694402260e-03,5.5669116462e-01,2.9242120812e-01,410838,44,55,54,1.3076088241e-04,5.2052826903e-01,4.7815410017e-01,2.5560317645e-02,-3.6408215642e+00,-2.7599175743e+03,-4.0204630443e-02,-2.7599577790e+03,-1.0216667515e-05,447024,48,48,48,-5.5146612734e-05,1.0000000000e+00,5.3446394053e-01,6.7799031936e-02,-2.6210005058e+00,-1.4764739893e+00,-3.4300200528e-02,-1.5107741898e+00,-5.7876479757e-07,2.5505993198e-02,6.7798453171e-02,2.2250368111e-06,4.4022245829e-04,0,0,0,2.3958248488e-04,3.1921888688e+00,3.1924284512e+00,9.3176175816e-08,2.8572417675e-05,2.8665593851e-05,4.7495061735e-04,2.3958248488e+00
405,4.0500000000e-02,1.0000000000e-04,-9.3537073304e-02,1.3521925318e-01,1.5107629357e+00,2.6174049262e-01,-2.1699293972e-01,2.1699293972e-01,1.4765170970e+00,3.3881102327e-01,1.2345586641e-01,1.2351094443e-01,1.9245008705e-01,1.3172688178e-01,0.0000000000e+00,0.0000000000e+00,0.0000000000e+00,0.0000000000e+00,2.2409844451e-05,3.2396164681e-05,3.6195233819e-04,6.2708437617e-05,2.2409844451e-05,2.2865435431e-05,5.4922853034e-05,2.5087052654e-05,-1.0819850236e+01,1.0819860619e+01,2.7764344584e+03,1.4344132902e+02,-1.0820824476e+01,1.0820824476e+01,2.7764672501e+03,1.4344467660e+02,9.7423951218e-04,2.9293500248e-03,3.7752385081e-01,2.7301696640e-02,0.0000000000e+00,0.0000000000e+00,0.0000000000e+00,0.0000000000e+00,5.1388945492e-07,5.1388994805e-07,1.3186692600e-04,6.8127547773e-06,5.2613116854e-07,5.3644420595e-07,1.3074255786e-04,6.8058021386e-06,1.0000000000e+00,4.1921888688e+00,2.0679115636e+00,4.1921888688e+00,1.0000000000e+00,1.0000285724e+00,1.0000095586e+00,1.0000285724e+00,1.8377697737e+03,1.8804165937e+03,1.9616714994e+00,nan,3.6432124368e-01,3.7277559020e-01,3.8888364069e-04,nan,2.3804764435e+00,2.3460922385e-02,2.7128743390e-01,4.1920690912e+00,1.5174056702e-01,9.9147346358e-01,8.5846354069e-02,1.1956760512e-01,-5.8023794215e-03,5.5670796317e-01,2.9238481687e-01,382890,41,52,42,1.3074255786e-04,5.2065902991e-01,4.7813310234e-01,2.5550100978e-02,-3.6412318368e+00,-2.7594641534e+03,-4.0459852623e-02,-2.7595046133e+03,-1.0195709686e-05,447024,48,48,48,-5.4922853034e-05,1.0000000000e+00,5.3440879392e-01,6.7798453171e-02,-2.6210096632e+00,-1.4765170970e+00,-3.4245838672e-02,-1.5107629357e+00,-6.7064106046e-07,2.5496062006e-02,6.7797782530e-02,2.2159824376e-06,4.4104174220e-04,0,0,0,2.3958248488e-04,3.1921888688e+00,3.1924284512e+00,9.3176175816e-08,2.8572417675e-05,2.8665593851e-05,4.7495061735e-04,2.3958248488e+00
406,4.0600000000e-02,1.0000000000e-04,-9.3534754253e-02,1.3521985668e-01,1.5107513329e+00,2.6171699069e-01,-2.1700657282e-01,2.1700657282e-01,1.4765596380e+00,3.3879632468e-01,1.2347181857e-01,1.2352671861e-01,1.9245008934e-01,1.3173984716e-01,0.0000000000e+00,0.0000000000e+00,0.0000000000e+00,0.0000000000e+00,2.2409288847e-05,3.2396309269e-05,3.6194955836e-04,6.2702806965e-05,2.2409288847e-05,2.2862876011e-05,5.4700268169e-05,2.5080257326e-05,-1.0819087568e+01,1.0819097966e+01,2.7761843790e+03,1.4342943989e+02,-1.0820061463e+01,1.0820061463e+01,2.7762169160e+03,1.4343278415e+02,9.7389429909e-04,2.9294503436e-03,3.7752555617e-01,2.7301947037e-02,0.0000000000e+00,0.0000000000e+00,0.0000000000e+00,0.0000000000e+00,5.1385323198e-07,5.1385372579e-07,1.3185504847e-04,6.8121901020e-06,5.2610777342e-07,5.3641945270e-07,1.3072422634e-04,6.8052321456e-06,1.0000000000e+00,4.1921888688e+00,2.0679115636e+00,4.1921888688e+00,1.0000000000e+00,1.0000285724e+00,1.0000095586e+00,1.0000285724e+00,1.8376183550e+03,1.8801928785e+03,1.9616803373e+00,nan,3.6429122628e-01,3.7273124070e-01,3.8888539273e-04,nan,2.3898278877e+00,2.3462466071e-02,2.7133821066e-01,4.1920690912e+00,1.5112677141e-01,9.9142374792e-01,7.7083353387e-02,1.0811578206e-01,-5.8329004843e-03,5.5672475493e-01,2.9234684417e-01,484554,52,55,42,1.3072422634e-04,5.2078977247e-01,4.7811219338e-01,2.5539905268e-02,-3.6416414272e+00,-2.7590098969e+03,-4.0715022409e-02,-2.7590506119e+03,-1.0174093678e-05,447024,48,48,48,-5.4700268169e-05,1.0000000000e+00,5.3435387106e-01,6.7797782530e-02,-2.6210202743e+00,-1.4765596380e+00,-3.4191694895e-02,-1.5107513329e+00,-7.6127299971e-07,2.5486149407e-02,6.7797021257e-02,2.2073548589e-06,4.4186005661e-04,0,0,0,2.3958248488e-04,3.1921888688e+00,3.1924284512e+00,9.3176175816e-08,2.8572417675e-05,2.8665593851e-05,4.7495061735e-04,2.3958248488e+00
407,4.0700000000e-02,1.0000000000e-04,-9.3532443738e-02,1.3522047806e-01,1.5107393862e+00,2.6169351968e-01,-2.1702021245e-01,2.1702021245e-01,1.4766016182e+00,3.3878165465e-01,1.2348776871e-01,1.2354249148e-01,1.9245008957e-01,1.3175281406e-01,0.0000000000e+00,0.0000000000e+00,0.0000000000e+00,0.0000000000e+00,2.2408735288e-05,3.2396458142e-05,3.6194669617e-04,6.2697183723e-05,2.2408735288e-05,2.2860326349e-05,5.4478848890e-05,2.5073498720e-05,-1.0818323922e+01,1.0818334334e+01,2.7759334674e+03,1.4341753830e+02,-1.0819297471e+01,1.0819297471e+01,2.7759657497e+03,1.4342087926e+02,9.7354913674e-04,2.9295503527e-03,3.7752720452e-01,2.7302197632e-02,0.0000000000e+00,0.0000000000e+00,0.0000000000e+00,0.0000000000e+00,5.1381696255e-07,5.1381745707e-07,1.3184313141e-04,6.8116248355e-06,5.2608112030e-07,5.3639882173e-07,1.3070585006e-04,6.8046615320e-06,1.0000000000e+00,4.1921888688e+00,2.0679115636e+00,4.1921888688e+00,1.0000000000e+00,1.0000285724e+00,1.0000095586e+00,1.0000285724e+00,1.8374668011e+03,1.8799693266e+03,1.9616889000e+00,nan,3.6426118211e-01,3.7268692354e-01,3.8888709020e-04,nan,2.3992035942e+00,2.3464180412e-02,2.7138859271e-01,4.1920690912e+00,1.5051622094e-01,9.9137398110e-01,6.8382967541e-02,9.6621264407e-02,-5.8622843911e-03,5.5674100761e-01,2.9230980615e-01,410743,44,54,55,1.3070585006e-04,5.2092049669e-01,4.7809137295e-01,2.5529731174e-02,-3.6420503079e+00,-2.7585548452e+03,-4.0970139689e-02,-2.7585958153e+03,-1.0151907662e-05,447024,48,48,48,-5.4478848890e-05,1.0000000000e+00,5.3429917080e-01,6.7797021257e-02,-2.6210323196e+00,-1.4766016182e+00,-3.4137768073e-02,-1.5107393862e+00,-8.5050283531e-07,2.5476255285e-02,6.7796170755e-02,2.1991646034e-06,4.4267956804e-04,0,0,0,2.3958248488e-04,3.1921888688e+00,3.1924284512e+00,9.3176175816e-08,2.8572417675e-05,2.8665593851e-05,4.7495061735e-04,2.3958248488e+00
408,4.0800000000e-02,1.0000000000e-04,-9.3530140654e-02,1.3522111420e-01,1.5107271012e+00,2.6167007929e-01,-2.1703385749e-01,2.1703385749e-01,1.4766430442e+00,3.3876701227e-01,1.2350371684e-01,1.2355826303e-01,1.9245008907e-01,1.3176578246e-01,0.0000000000e+00,0.0000000000e+00,0.0000000000e+00,0.0000000000e+00,2.2408183509e-05,3.2396610550e-05,3.6194375290e-04,6.2691567817e-05,2.2408183509e-05,2.2857786079e-05,5.4258585893e-05,2.5066776136e-05,-1.0817559431e+01,1.0817569858e+01,2.7756817580e+03,1.4340562607e+02,-1.0818532635e+01,1.0818532635e+01,2.7757137857e+03,1.4340896372e+02,9.7320401259e-04,2.9296500395e-03,3.7752879583e-01,2.7302448423e-02,0.0000000000e+00,0.0000000000e+00,0.0000000000e+00,0.0000000000e+00,5.1378065300e-07,5.1378114821e-07,1.3183117645e-04,6.8110590635e-06,5.2605743117e-07,5.3637199870e-07,1.3068749451e-04,6.8040903958e-06,1.0000000000e+00,4.1921888688e+00,2.0679115636e+00,4.1921888688e+00,1.0000000000e+00,1.0000285724e+00,1.0000095586e+00,1.0000285724e+00,1.8373151284e+03,1.8797459526e+03,1.9616971739e+00,nan,3.6423111436e-01,3.7264264167e-01,3.8888873043e-04,nan,2.4086048754e+00,2.3465614598e-02,2.7143859102e-01,4.1920690912e+00,1.4990888904e-01,9.9132464741e-01,5.9856818978e-02,8.5333870780e-02,-5.8883819070e-03,5.5675763270e-01,2.9227097794e-01,382122,41,44,42,1.3068749451e-04,5.2105120254e-01,4.7807064074e-01,2.5519579267e-02,-3.6424584552e+00,-2.7580990342e+03,-4.1225204277e-02,-2.7581402594e+03,-1.0129245607e-05,447024,48,48,48,-5.4258585893e-05,1.0000000000e+00,5.3424469195e-01,6.7796170755e-02,-2.6210457769e+00,-1.4766430442e+00,-3.4084057092e-02,-1.5107271012e+00,-9.3818869637e-07,2.5466379470e-02,6.7795232566e-02,2.1914240079e-06,4.4349921257e-04,0,0,0,2.3958248488e-04,3.1921888688e+00,3.1924284512e+00,9.3176175816e-08,2.8572417675e-05,2.8665593851e-05,4.7495061735e-04,2.3958248488e+00
409,4.0900000000e-02,1.0000000000e-04,-9.3527843788e-02,1.3522176767e-01,1.5107144837e+00,2.6164666896e-01,-2.1704750673e-01,2.1704750673e-01,1.4766839229e+00,3.3875239641e-01,1.2351966294e-01,1.2357403327e-01,1.9245008830e-01,1.3177875234e-01,0.0000000000e+00,0.0000000000e+00,0.0000000000e+00,0.0000000000e+00,2.2407633220e-05,3.2396767109e-05,3.6194072996e-04,6.2685959112e-05,2.2407633220e-05,2.2855254820e-05,5.4039469822e-05,2.5060088852e-05,-1.0816794210e+01,1.0816804651e+01,2.7754292802e+03,1.4339370474e+02,-1.0817767069e+01,1.0817767069e+01,2.7754610532e+03,1.4339703908e+02,9.7285893855e-04,2.9297494161e-03,3.7753033007e-01,2.7302699410e-02,0.0000000000e+00,0.0000000000e+00,0.0000000000e+00,0.0000000000e+00,5.1374430879e-07,5.1374480469e-07,1.3181918500e-04,6.8104928592e-06,5.2603183712e-07,5.3635060861e-07,1.3066920305e-04,6.8035188179e-06,1.0000000000e+00,4.1921888688e+00,2.0679115636e+00,4.1921888688e+00,1.0000000000e+00,1.0000285724e+00,1.0000095586e+00,1.0000285724e+00,1.8371633489e+03,1.8795227673e+03,1.9617051538e+00,nan,3.6420102544e-01,3.7259839721e-01,3.8889031237e-04,nan,2.4180326618e+00,2.3467277562e-02,2.7148821610e-01,4.1920690912e+00,1.4930474895e-01,9.9127606540e-01,5.1577527546e-02,7.4416975113e-02,-5.9114721946e-03,5.5677469974e-01,2.9223442957e-01,392105,42,52,41,1.3066920305e-04,5.2118189004e-01,4.7804999643e-01,2.5509450021e-02,-3.6428658490e+00,-2.7576424948e+03,-4.1480216116e-02,-2.7576839750e+03,-1.0106206124e-05,447024,48,48,48,-5.4039469822e-05,1.0000000000e+00,5.3419043336e-01,6.7795232566e-02,-2.6210606218e+00,-1.4766839229e+00,-3.4030560845e-02,-1.5107144837e+00,-1.0242062203e-06,2.5456521750e-02,6.7794208360e-02,2.1841430171e-06,4.4431933201e-04,0,0,0,2.3958248488e-04,3.1921888688e+00,3.1924284512e+00,9.3176175816e-08,2.8572417675e-05,2.8665593851e-05,4.7495061735e-04,2.3958248488e+00
410,4.1000000000e-02,1.0000000000e-04,-9.3525551822e-02,1.3522243844e-01,1.5107015400e+00,2.6162328786e-01,-2.1706115885e-01,2.1706115885e-01,1.4767242617e+00,3.3873780567e-01,1.2353560703e-01,1.2358980218e-01,1.9245008799e-01,1.3179172370e-01,0.0000000000e+00,0.0000000000e+00,0.0000000000e+00,0.0000000000e+00,2.2407084106e-05,3.2396927813e-05,3.6193762887e-04,6.2680357408e-05,2.2407084106e-05,2.2852732171e-05,5.3821491284e-05,2.5053436126e-05,-1.0816028356e+01,1.0816038811e+01,2.7751760581e+03,1.4338177559e+02,-1.0817000870e+01,1.0817000870e+01,2.7752075765e+03,1.4338510662e+02,9.7251390745e-04,2.9298484754e-03,3.7753180718e-01,2.7302950600e-02,0.0000000000e+00,0.0000000000e+00,0.0000000000e+00,0.0000000000e+00,5.1370793449e-07,5.1370843108e-07,1.3180715821e-04,6.8099262832e-06,5.2600339102e-07,5.3633000531e-07,1.3065087887e-04,6.8029468988e-06,1.0000000000e+00,4.1921888688e+00,2.0679115636e+00,4.1921888688e+00,1.0000000000e+00,1.0000285724e+00,1.0000095586e+00,1.0000285724e+00,1.8370114709e+03,1.8792997775e+03,1.9617128323e+00,nan,3.6417091702e-01,3.7255419149e-01,3.8889183457e-04,nan,2.4274852991e+00,2.3468966480e-02,2.7153747952e-01,4.1920690912e+00,1.4870377378e-01,9.9122749209e-01,4.3588471559e-02,6.3964959755e-02,-5.9321896895e-03,5.5679164131e-01,2.9219734658e-01,511158,55,44,54,1.3065087887e-04,5.2131255924e-01,4.7802943971e-01,2.5499343815e-02,-3.6432724732e+00,-2.7571852529e+03,-4.1735175232e-02,-2.7572269880e+03,-1.0082891307e-05,447024,48,48,48,-5.3821491284e-05,1.0000000000e+00,5.3413639389e-01,6.7794208360e-02,-2.6210768279e+00,-1.4767242617e+00,-3.3977278234e-02,-1.5107015400e+00,-1.1084500214e-06,2.5446681861e-02,6.7793099910e-02,2.1773334743e-06,4.4513883122e-04,0,0,0,2.3958248488e-04,3.1921888688e+00,3.1924284512e+00,9.3176175816e-08,2.8572417675e-05,2.8665593851e-05,4.7495061735e-04,2.3958248488e+00
411,4.1100000000e-02,1.0000000000e-04,-9.3523263334e-02,1.3522312180e-01,1.5106882766e+00,2.6159993487e-01,-2.1707481242e-01,2.1707481242e-01,1.4767640685e+00,3.3872323840e-01,1.2355154909e-01,1.2360556976e-01,1.9245008970e-01,1.3180469651e-01,0.0000000000e+00,0.0000000000e+00,0.0000000000e+00,0.0000000000e+00,2.2406535824e-05,3.2397091535e-05,3.6193445120e-04,6.2674762440e-05,2.2406535824e-05,2.2850219240e-05,5.3604640858e-05,2.5046817197e-05,-1.0815261945e+01,1.0815272415e+01,2.7749221111e+03,1.4336983963e+02,-1.0816234114e+01,1.0816234114e+01,2.7749533748e+03,1.4337316736e+02,9.7216890827e-04,2.9299472063e-03,3.7753322713e-01,2.7303201989e-02,0.0000000000e+00,0.0000000000e+00,0.0000000000e+00,0.0000000000e+00,5.1367153374e-07,5.1367203102e-07,1.3179509697e-04,6.8093593841e-06,5.2597504936e-07,5.3630721436e-07,1.3063251400e-04,6.8023746530e-06,1.0000000000e+00,4.1921888688e+00,2.0679115636e+00,4.1921888688e+00,1.0000000000e+00,1.0000285724e+00,1.0000095586e+00,1.0000285724e+00,1.8368594991e+03,1.8790769860e+03,1.9617201931e+00,nan,3.6414078996e-01,3.7251002509e-01,3.8889329379e-04,nan,2.4369627686e+00,2.3470550051e-02,2.7158638958e-01,4.1920690912e+00,1.4810593653e-01,9.9117886019e-01,3.5910967950e-02,5.4020366009e-02,-5.9505098357e-03,5.5680848813e-01,2.9216006920e-01,409482,44,41,42,1.3063251400e-04,5.2144321012e-01,4.7800897026e-01,2.5489260924e-02,-3.6436783158e+00,-2.7567273288e+03,-4.1990081465e-02,-2.7567693189e+03,-1.0059405944e-05,447024,48,48,48,-5.3604640858e-05,1.0000000000e+00,5.3408257240e-01,6.7793099910e-02,-2.6210943673e+00,-1.4767640685e+00,-3.3924208171e-02,-1.5106882766e+00,-1.1908351000e-06,2.5436859489e-02,6.7791909074e-02,2.1710056642e-06,4.4595727458e-04,0,0,0,2.3958248488e-04,3.1921888688e+00,3.1924284512e+00,9.3176175816e-08,2.8572417675e-05,2.8665593851e-05,4.7495061735e-04,2.3958248488e+00
412,4.1200000000e-02,1.0000000000e-04,-9.3520976800e-02,1.3522382872e-01,1.5106747006e+00,2.6157660860e-01,-2.1708846593e-01,2.1708846593e-01,1.4768033510e+00,3.3870869273e-01,1.2356748912e-01,1.2362133599e-01,1.9245008893e-01,1.3181767077e-01,0.0000000000e+00,0.0000000000e+00,0.0000000000e+00,0.0000000000e+00,2.2405988010e-05,3.2397260900e-05,3.6193119862e-04,6.2669173877e-05,2.2405988010e-05,2.2847717939e-05,5.3388909108e-05,2.5040231290e-05,-1.0814495033e+01,1.0814505518e+01,2.7746674526e+03,1.4335789761e+02,-1.0815466857e+01,1.0815466857e+01,2.7746984618e+03,1.4336122205e+02,9.7182394159e-04,2.9300456095e-03,3.7753458990e-01,2.7303453578e-02,0.0000000000e+00,0.0000000000e+00,0.0000000000e+00,0.0000000000e+00,5.1363510922e-07,5.1363560720e-07,1.3178300196e-04,6.8087921974e-06,5.2594871426e-07,5.3628482203e-07,1.3061410918e-04,6.8018021272e-06,1.0000000000e+00,4.1921888688e+00,2.0679115636e+00,4.1921888688e+00,1.0000000000e+00,1.0000285724e+00,1.0000095586e+00,1.0000285724e+00,1.8367074338e+03,1.8788543917e+03,1.9617272822e+00,nan,3.6411064439e-01,3.7246589778e-01,3.8889469912e-04,nan,2.4464652184e+00,2.3472139470e-02,2.7163495610e-01,4.1920690912e+00,1.4751121017e-01,9.9113017037e-01,2.8550038310e-02,4.4590166992e-02,-5.9664988929e-03,5.5682524170e-01,2.9212322867e-01,410826,44,55,42,1.3061410918e-04,5.2157384263e-01,4.7798858778e-01,2.5479201518e-02,-3.6440833688e+00,-2.7562687376e+03,-4.2244934637e-02,-2.7563109826e+03,-1.0035856475e-05,447024,48,48,48,-5.3388909108e-05,1.0000000000e+00,5.3402896776e-01,6.7791909074e-02,-2.6211132106e+00,-1.4768033510e+00,-3.3871349575e-02,-1.5106747006e+00,-1.2712975904e-06,2.5427054272e-02,6.7790637777e-02,2.1651695396e-06,4.4677452316e-04,0,0,0,2.3958248488e-04,3.1921888688e+00,3.1924284512e+00,9.3176175816e-08,2.8572417675e-05,2.8665593851e-05,4.7495061735e-04,2.3958248488e+00
413,4.1300000000e-02,1.0000000000e-04,-9.3518690602e-02,1.3522454849e-01,1.5106608190e+00,2.6155330740e-01,-2.1710211773e-01,2.1710211773e-01,1.4768421177e+00,3.3869416649e-01,1.2358342713e-01,1.2363710089e-01,1.9245008864e-01,1.3183064645e-01,0.0000000000e+00,0.0000000000e+00,0.0000000000e+00,0.0000000000e+00,2.2405440278e-05,3.2397433345e-05,3.6192787284e-04,6.2663591316e-05,2.2405440277e-05,2.2845224290e-05,5.3174286598e-05,2.5033677613e-05,-1.0813727657e+01,1.0813738156e+01,2.7744120910e+03,1.4334595001e+02,-1.0814699136e+01,1.0814699136e+01,2.7744428455e+03,1.4334927114e+02,9.7147901546e-04,2.9301436930e-03,3.7753589543e-01,2.7303705366e-02,0.0000000000e+00,0.0000000000e+00,0.0000000000e+00,0.0000000000e+00,5.1359866263e-07,5.1359916131e-07,1.3177087354e-04,6.8082247450e-06,5.2592208037e-07,5.3626300124e-07,1.3059570726e-04,6.8012293371e-06,1.0000000000e+00,4.1921888688e+00,2.0679115636e+00,4.1921888688e+00,1.0000000000e+00,1.0000285724e+00,1.0000095586e+00,1.0000285724e+00,1.8365552717e+03,1.8786319894e+03,1.9617340689e+00,nan,3.6408047964e-01,3.7242180853e-01,3.8889604452e-04,nan,2.4559935942e+00,2.3473746392e-02,2.7168318784e-01,4.1920690912e+00,1.4691956765e-01,9.9108174478e-01,2.1500740261e-02,3.5659658812e-02,-5.9801039911e-03,5.5684188578e-01,2.9208576932e-01,392105,42,52,41,1.3059570726e-04,5.2170445674e-01,4.7796829196e-01,2.5469165661e-02,-3.6444876289e+00,-2.7558094888e+03,-4.2499734573e-02,-2.7558519885e+03,-1.0012350124e-05,447024,48,48,48,-5.3174286598e-05,1.0000000000e+00,5.3397557885e-01,6.7790637777e-02,-2.6211333275e+00,-1.4768421177e+00,-3.3818701376e-02,-1.5106608190e+00,-1.3497952851e-06,2.5417265797e-02,6.7789287982e-02,2.1598340584e-06,4.4759143173e-04,0,0,0,2.3958248488e-04,3.1921888688e+00,3.1924284512e+00,9.3176175816e-08,2.8572417675e-05,2.8665593851e-05,4.7495061735e-04,2.3958248488e+00
414,4.1400000000e-02,1.0000000000e-04,-9.3516403027e-02,1.3522527621e-01,1.5106466392e+00,2.6153002929e-01,-2.1711576613e-01,2.1711576613e-01,1.4768803767e+00,3.3867965729e-01,1.2359936310e-01,1.2365286444e-01,1.9245008967e-01,1.3184362354e-01,0.0000000000e+00,0.0000000000e+00,0.0000000000e+00,0.0000000000e+00,2.2404892214e-05,3.2397607692e-05,3.6192447559e-04,6.2658014289e-05,2.2404892214e-05,2.2842737509e-05,5.2960763911e-05,2.5027155361e-05,-1.0812959830e+01,1.0812970344e+01,2.7741560286e+03,1.4333399698e+02,-1.0813930964e+01,1.0813930964e+01,2.7741865285e+03,1.4333731481e+02,9.7113412888e-04,2.9302414558e-03,3.7753714370e-01,2.7303957353e-02,0.0000000000e+00,0.0000000000e+00,0.0000000000e+00,0.0000000000e+00,5.1356219466e-07,5.1356269404e-07,1.3175871184e-04,6.8076570353e-06,5.2589616832e-07,5.3623955718e-07,1.3057728193e-04,6.8006563017e-06,1.0000000000e+00,4.1921888688e+00,2.0679115636e+00,4.1921888688e+00,1.0000000000e+00,1.0000285724e+00,1.0000095586e+00,1.0000285724e+00,1.8364030056e+03,1.8784097699e+03,1.9617405445e+00,nan,3.6405029426e-01,3.7237775553e-01,3.8889732827e-04,nan,2.4655475542e+00,2.3475275543e-02,2.7173109383e-01,4.1920690912e+00,1.4633098197e-01,9.9103338299e-01,1.4751630045e-02,2.7201486347e-02,-5.9912835307e-03,5.5685846697e-01,2.9204825609e-01,483305,52,42,41,1.3057728193e-04,5.2183505245e-01,4.7794808250e-01,2.5459153311e-02,-3.6448910967e+00,-2.7553495860e+03,-4.2754481179e-02,-2.7553923405e+03,-9.9889939547e-06,447024,48,48,48,-5.2960763911e-05,1.0000000000e+00,5.3392240456e-01,6.7789287982e-02,-2.6211546869e+00,-1.4768803767e+00,-3.3766262512e-02,-1.5106466392e+00,-1.4263078675e-06,2.5407493602e-02,6.7787861674e-02,2.1550071150e-06,4.4840811304e-04,0,0,0,2.3958248488e-04,3.1921888688e+00,3.1924284512e+00,9.3176175816e-08,2.8572417675e-05,2.8665593851e-05,4.7495061735e-04,2.3958248488e+00
415,4.1500000000e-02,1.0000000000e-04,-9.3514112271e-02,1.3522601045e-01,1.5106321683e+00,2.6150677202e-01,-2.1712940931e-01,2.1712940931e-01,1.4769181364e+00,3.3866516246e-01,1.2361529704e-01,1.2366862663e-01,1.9245008869e-01,1.3185660203e-01,0.0000000000e+00,0.0000000000e+00,0.0000000000e+00,0.0000000000e+00,2.2404343389e-05,3.2397783604e-05,3.6192100863e-04,6.2652442255e-05,2.2404343389e-05,2.2840257131e-05,5.2748331666e-05,2.5020663719e-05,-1.0812191546e+01,1.0812202075e+01,2.7738992623e+03,1.4332203843e+02,-1.0813162336e+01,1.0813162336e+01,2.7739295077e+03,1.4332535296e+02,9.7078928482e-04,2.9303389008e-03,3.7753833465e-01,2.7304209538e-02,0.0000000000e+00,0.0000000000e+00,0.0000000000e+00,0.0000000000e+00,5.1352570499e-07,5.1352620506e-07,1.3174651671e-04,6.8070890631e-06,5.2586975044e-07,5.3621655801e-07,1.3055882283e-04,6.8000830086e-06,1.0000000000e+00,4.1921888688e+00,2.0679115636e+00,4.1921888688e+00,1.0000000000e+00,1.0000285724e+00,1.0000095586e+00,1.0000285724e+00,1.8362506244e+03,1.8781877203e+03,1.9617467428e+00,nan,3.6402008607e-01,3.7233373620e-01,3.8889855702e-04,nan,2.4751270553e+00,2.3476817925e-02,2.7177868201e-01,4.1920690912e+00,1.4574542623e-01,9.9098500731e-01,8.2882193568e-03,1.9182321560e-02,-5.9998577132e-03,5.5687555735e-01,2.9201178090e-01,501943,54,44,55,1.3055882283e-04,5.2196562973e-01,4.7792795909e-01,2.5449164317e-02,-3.6452937773e+00,-2.7548890275e+03,-4.3009174315e-02,-2.7549320367e+03,-9.9658940793e-06,447024,48,48,48,-5.2748331666e-05,1.0000000000e+00,5.3386944380e-01,6.7787861674e-02,-2.6211772575e+00,-1.4769181364e+00,-3.3714031929e-02,-1.5106321683e+00,-1.5008368534e-06,2.5397737174e-02,6.7786360837e-02,2.1506967164e-06,4.4922439608e-04,0,0,0,2.3958248488e-04,3.1921888688e+00,3.1924284512e+00,9.3176175816e-08,2.8572417675e-05,2.8665593851e-05,4.7495061735e-04,2.3958248488e+00
416,4.1600000000e-02,1.0000000000e-04,-9.3511816445e-02,1.3522675257e-01,1.5106174138e+00,2.6148353306e-01,-2.1714304539e-01,2.1714304539e-01,1.4769554053e+00,3.3865067911e-01,1.2363122894e-01,1.2368438746e-01,1.9245008856e-01,1.3186958190e-01,0.0000000000e+00,0.0000000000e+00,0.0000000000e+00,0.0000000000e+00,2.2403793350e-05,3.2397961404e-05,3.6191747372e-04,6.2646874606e-05,2.2403793350e-05,2.2837782679e-05,5.2536980535e-05,2.5014201860e-05,-1.0811422778e+01,1.0811433322e+01,2.7736417837e+03,1.4331007395e+02,-1.0812393222e+01,1.0812393222e+01,2.7736717745e+03,1.4331338519e+02,9.7044448148e-04,2.9304360264e-03,3.7753946824e-01,2.7304461922e-02,0.0000000000e+00,0.0000000000e+00,0.0000000000e+00,0.0000000000e+00,5.1348919229e-07,5.1348969307e-07,1.3173428775e-04,6.8065208095e-06,5.2584320994e-07,5.3619094359e-07,1.3054035403e-04,6.7995094404e-06,1.0000000000e+00,4.1921888688e+00,2.0679115636e+00,4.1921888688e+00,1.0000000000e+00,1.0000285724e+00,1.0000095586e+00,1.0000285724e+00,1.8360981134e+03,1.8779658239e+03,1.9617526345e+00,nan,3.6398985215e-01,3.7228974724e-01,3.8889972499e-04,nan,2.4847327101e+00,2.3478240034e-02,2.7182596025e-01,4.1920690912e+00,1.4516287372e-01,9.9093680362e-01,2.0939557096e-03,1.1566649854e-02,-6.0059589816e-03,5.5689269624e-01,2.9197512673e-01,392105,42,52,41,1.3054035403e-04,5.2209618856e-01,4.7790792144e-01,2.5439198423e-02,-3.6456956801e+00,-2.7544278057e+03,-4.3263813815e-02,-2.7544710695e+03,-9.9431549598e-06,447024,48,48,48,-5.2536980535e-05,1.0000000000e+00,5.3381669547e-01,6.7786360837e-02,-2.6212010079e+00,-1.4769554053e+00,-3.3662008583e-02,-1.5106174138e+00,-1.5734052864e-06,2.5387995954e-02,6.7784787432e-02,2.1469084790e-06,4.5004016265e-04,0,0,0,2.3958248488e-04,3.1921888688e+00,3.1924284512e+00,9.3176175816e-08,2.8572417675e-05,2.8665593851e-05,4.7495061735e-04,2.3958248488e+00
417,4.1700000000e-02,1.0000000000e-04,-9.3509513581e-02,1.3522750558e-01,1.5106023829e+00,2.6146030956e-01,-2.1715667238e-01,2.1715667238e-01,1.4769921915e+00,3.3863620407e-01,1.2364715880e-01,1.2370014692e-01,1.9245008881e-01,1.3188256313e-01,0.0000000000e+00,0.0000000000e+00,0.0000000000e+00,0.0000000000e+00,2.2403241624e-05,3.2398141812e-05,3.6191387257e-04,6.2641310663e-05,2.2403241624e-05,2.2835313669e-05,5.2326701265e-05,2.5007768948e-05,-1.0810653476e+01,1.0810664035e+01,2.7733835785e+03,1.4329810286e+02,-1.0811623576e+01,1.0811623576e+01,2.7734133147e+03,1.4330141081e+02,9.7009971854e-04,2.9305328320e-03,3.7754054445e-01,2.7304714503e-02,0.0000000000e+00,0.0000000000e+00,0.0000000000e+00,0.0000000000e+00,5.1345265424e-07,5.1345315572e-07,1.3172202428e-04,6.8059522420e-06,5.2581332093e-07,5.3616699395e-07,1.3052187140e-04,6.7989355662e-06,1.0000000000e+00,4.1921888688e+00,2.0679115636e+00,4.1921888688e+00,1.0000000000e+00,1.0000285724e+00,1.0000095586e+00,1.0000285724e+00,1.8359454545e+03,1.8777440603e+03,1.9617582241e+00,nan,3.6395958889e-01,3.7224578462e-01,3.8890083309e-04,nan,2.4943646024e+00,2.3479729761e-02,2.7187293598e-01,4.1920690912e+00,1.4458329794e-01,9.9088874555e-01,-3.8474743176e-03,4.3198216806e-03,-6.0097068197e-03,5.5690976314e-01,2.9193841509e-01,382890,41,52,42,1.3052187140e-04,5.2222672891e-01,4.7788796924e-01,2.5429255268e-02,-3.6460968188e+00,-2.7539659075e+03,-4.3518399565e-02,-2.7540094259e+03,-9.9208786986e-06,447024,48,48,48,-5.2326701265e-05,1.0000000000e+00,5.3376415849e-01,6.7784787432e-02,-2.6212259072e+00,-1.4769921915e+00,-3.3610191439e-02,-1.5106023829e+00,-1.6440572133e-06,2.5378269331e-02,6.7783143374e-02,2.1436473810e-06,4.5085531944e-04,0,0,0,2.3958248488e-04,3.1921888688e+00,3.1924284512e+00,9.3176175816e-08,2.8572417675e-05,2.8665593851e-05,4.7495061735e-04,2.3958248488e+00
418,4.1800000000e-02,1.0000000000e-04,-9.3507201633e-02,1.3522825719e-01,1.5105870827e+00,2.6143709842e-01,-2.1717028825e-01,2.1717028825e-01,1.4770285032e+00,3.3862173395e-01,1.2366308662e-01,1.2371590501e-01,1.9245008969e-01,1.3189554571e-01,0.0000000000e+00,0.0000000000e+00,0.0000000000e+00,0.0000000000e+00,2.2402687722e-05,3.2398321883e-05,3.6191020689e-04,6.2635749681e-05,2.2402687722e-05,2.2832849608e-05,5.2117484696e-05,2.5001364141e-05,-1.0809883571e+01,1.0809894144e+01,2.7731246274e+03,1.4328612421e+02,-1.0810853326e+01,1.0810853326e+01,2.7731541090e+03,1.4328942887e+02,9.6975498303e-04,2.9306293049e-03,3.7754156323e-01,2.7304967282e-02,0.0000000000e+00,0.0000000000e+00,0.0000000000e+00,0.0000000000e+00,5.1341608753e-07,5.1341658972e-07,1.3170972538e-04,6.8053833152e-06,5.2578362584e-07,5.3614172482e-07,1.3050336677e-04,6.7983613354e-06,1.0000000000e+00,4.1921888688e+00,2.0679115636e+00,4.1921888688e+00,1.0000000000e+00,1.0000285724e+00,1.0000095586e+00,1.0000285724e+00,1.8357926261e+03,1.8775224060e+03,1.9617635089e+00,nan,3.6392929204e-01,3.7220184365e-01,3.8890188074e-04,nan,2.5040227388e+00,2.3481156930e-02,2.7191961594e-01,4.1920690912e+00,1.4400667266e-01,9.9084077806e-01,-9.5500903080e-03,-2.5893655855e-03,-6.0108945688e-03,5.5692710345e-01,2.9190123049e-01,484457,52,54,41,1.3050336677e-04,5.2235725078e-01,4.7786810220e-01,2.5419334390e-02,-3.6464972110e+00,-2.7535033147e+03,-4.3772931439e-02,-2.7535470876e+03,-9.8991644508e-06,447024,48,48,48,-5.2117484696e-05,1.0000000000e+00,5.3371183179e-01,6.7783143374e-02,-2.6212519252e+00,-1.4770285032e+00,-3.3558579470e-02,-1.5105870827e+00,-1.7128569382e-06,2.5368556651e-02,6.7781430517e-02,2.1409173255e-06,4.5166979081e-04,0,0,0,2.3958248488e-04,3.1921888688e+00,3.1924284512e+00,9.3176175816e-08,2.8572417675e-05,2.8665593851e-05,4.7495061735e-04,2.3958248488e+00
419,4.1900000000e-02,1.0000000000e-04,-9.3504878484e-02,1.3522900593e-01,1.5105715199e+00,2.6141389625e-01,-2.1718389087e-01,2.1718389087e-01,1.4770643482e+00,3.3860726512e-01,1.2367901239e-01,1.2373166172e-01,1.9245008515e-01,1.3190852963e-01,0.0000000000e+00,0.0000000000e+00,0.0000000000e+00,0.0000000000e+00,2.2402131136e-05,3.2398501269e-05,3.6190647832e-04,6.2630190847e-05,2.2402131136e-05,2.2830389997e-05,5.1909321781e-05,2.4994986592e-05,-1.0809112972e+01,1.0809123560e+01,2.7728649055e+03,1.4327413677e+02,-1.0810082382e+01,1.0810082382e+01,2.7728941326e+03,1.4327743813e+02,9.6941027592e-04,2.9307254460e-03,3.7754252454e-01,2.7305220259e-02,0.0000000000e+00,0.0000000000e+00,0.0000000000e+00,0.0000000000e+00,5.1337948792e-07,5.1337999080e-07,1.3169738987e-04,6.8048139708e-06,5.2575360393e-07,5.3611624733e-07,1.3048487110e-04,6.7977866865e-06,1.0000000000e+00,4.1921888688e+00,2.0679115636e+00,4.1921888688e+00,1.0000000000e+00,1.0000285724e+00,1.0000095586e+00,1.0000285724e+00,1.8356396033e+03,1.8773008339e+03,1.9617685503e+00,nan,3.6389895666e-01,3.7215791899e-01,3.8890288016e-04,nan,2.5137078779e+00,2.3482570705e-02,2.7196600652e-01,4.1920690912e+00,1.4343297203e-01,9.9079314501e-01,-1.5027428259e-02,-9.1897251023e-03,-6.0096910956e-03,5.5694466438e-01,2.9186441035e-01,391337,42,44,41,1.3048487110e-04,5.2248775415e-01,4.7784832001e-01,2.5409435225e-02,-3.6468968786e+00,-2.7530400034e+03,-4.4027409298e-02,-2.7530840308e+03,-9.8781079406e-06,447024,48,48,48,-5.1909321781e-05,1.0000000000e+00,5.3365971430e-01,6.7781430517e-02,-2.6212790325e+00,-1.4770643482e+00,-3.3507171657e-02,-1.5105715199e+00,-1.7798880723e-06,2.5358857211e-02,6.7779650629e-02,2.1387195152e-06,4.5248350992e-04,0,0,0,2.3958248488e-04,3.1921888688e+00,3.1924284512e+00,9.3176175816e-08,2.8572417675e-05,2.8665593851e-05,4.7495061735e-04,2.3958248488e+00
420,4.2000000000e-02,1.0000000000e-04,-9.3502541954e-02,1.3522975105e-01,1.5105557011e+00,2.6139069938e-01,-2.1719747806e-01,2.1719747806e-01,1.4770997341e+00,3.3859279372e-01,1.2369493611e-01,1.2374742002e-01,1.9245008791e-01,1.3192151487e-01,0.0000000000e+00,0.0000000000e+00,0.0000000000e+00,0.0000000000e+00,2.2401571344e-05,3.2398679787e-05,3.6190268842e-04,6.2624633283e-05,2.2401571344e-05,2.2827934332e-05,5.1702203605e-05,2.4988635447e-05,-1.0808341571e+01,1.0808352174e+01,2.7726043832e+03,1.4326213904e+02,-1.0809310637e+01,1.0809310637e+01,2.7726333556e+03,1.4326543711e+02,9.6906559615e-04,2.9308212541e-03,3.7754342836e-01,2.7305473434e-02,0.0000000000e+00,0.0000000000e+00,0.0000000000e+00,0.0000000000e+00,5.1334285019e-07,5.1334335377e-07,1.3168501634e-04,6.8042441378e-06,5.2573374443e-07,5.3608012089e-07,1.3046634196e-04,6.7972114953e-06,1.0000000000e+00,4.1921888688e+00,2.0679115636e+00,4.1921888688e+00,1.0000000000e+00,1.0000285724e+00,1.0000095586e+00,1.0000285724e+00,1.8354863585e+03,1.8770793140e+03,1.9617732185e+00,nan,3.6386857727e-01,3.7211400468e-01,3.8890380558e-04,nan,2.5234193682e+00,2.3483514237e-02,2.7201211165e-01,4.1920690912e+00,1.4286217058e-01,9.9074553491e-01,-2.0290080497e-02,-1.5505332228e-02,-6.0061390302e-03,5.5696225204e-01,2.9182677104e-01,483305,52,42,41,1.3046634196e-04,5.2261823902e-01,4.7782862237e-01,2.5399557117e-02,-3.6472958473e+00,-2.7525759448e+03,-4.4281833062e-02,-2.7526202266e+03,-9.8578007777e-06,447024,48,48,48,-5.1702203605e-05,1.0000000000e+00,5.3360780498e-01,6.7779650629e-02,-2.6213072014e+00,-1.4770997341e+00,-3.3455966992e-02,-1.5105557011e+00,-1.8452524714e-06,2.5349170268e-02,6.7777805377e-02,2.1370560092e-06,4.5329642595e-04,0,0,0,2.3958248488e-04,3.1921888688e+00,3.1924284512e+00,9.3176175816e-08,2.8572417675e-05,2.8665593851e-05,4.7495061735e-04,2.3958248488e+00
421,4.2100000000e-02,1.0000000000e-04,-9.3500189800e-02,1.3523048844e-01,1.5105396326e+00,2.6136750389e-01,-2.1721104758e-01,2.1721104758e-01,1.4771346681e+00,3.3857831567e-01,1.2371085778e-01,1.2376317756e-01,1.9245008869e-01,1.3193450141e-01,0.0000000000e+00,0.0000000000e+00,0.0000000000e+00,0.0000000000e+00,2.2401007809e-05,3.2398856452e-05,3.6189883868e-04,6.2619076049e-05,2.2401007809e-05,2.2825482866e-05,5.1496121407e-05,2.4982309854e-05,-1.0807569240e+01,1.0807579857e+01,2.7723430257e+03,1.4325012927e+02,-1.0808537961e+01,1.0808537961e+01,2.7723717436e+03,1.4325342405e+02,9.6872098382e-04,2.9309167694e-03,3.7754427463e-01,2.7305726805e-02,0.0000000000e+00,0.0000000000e+00,0.0000000000e+00,0.0000000000e+00,5.1330616825e-07,5.1330667254e-07,1.3167260316e-04,6.8036737333e-06,5.2572105232e-07,5.3603479604e-07,1.3044776010e-04,6.7966357051e-06,1.0000000000e+00,4.1921888688e+00,2.0679115636e+00,4.1921888688e+00,1.0000000000e+00,1.0000285724e+00,1.0000095586e+00,1.0000285724e+00,1.8353328611e+03,1.8768578136e+03,1.9617776079e+00,nan,3.6383814779e-01,3.7207009423e-01,3.8890467574e-04,nan,2.5331569938e+00,2.3484050663e-02,2.7205793800e-01,4.1920690912e+00,1.4229424332e-01,9.9069781389e-01,-2.5347413228e-02,-2.1557466385e-02,-6.0004543769e-03,5.5697986810e-01,2.9178961227e-01,409482,44,41,42,1.3044776010e-04,5.2274870536e-01,4.7780900897e-01,2.5389699316e-02,-3.6476941464e+00,-2.7521111052e+03,-4.4536202569e-02,-2.7521556414e+03,-9.8383302348e-06,447024,48,48,48,-5.1496121407e-05,1.0000000000e+00,5.3355610278e-01,6.7777805377e-02,-2.6213364055e+00,-1.4771346681e+00,-3.3404964473e-02,-1.5105396326e+00,-1.9090688959e-06,2.5339495034e-02,6.7775896308e-02,2.1359242403e-06,4.5410844858e-04,0,0,0,2.3958248488e-04,3.1921888688e+00,3.1924284512e+00,9.3176175816e-08,2.8572417675e-05,2.8665593851e-05,4.7495061735e-04,2.3958248488e+00
422,4.2200000000e-02,1.0000000000e-04,-9.3497819729e-02,1.3523121576e-01,1.5105233201e+00,2.6134430559e-01,-2.1722459713e-01,2.1722459713e-01,1.4771691570e+00,3.3856382671e-01,1.2372677740e-01,1.2377893368e-01,1.9245008960e-01,1.3194748924e-01,0.0000000000e+00,0.0000000000e+00,0.0000000000e+00,0.0000000000e+00,2.2400439982e-05,3.2399030706e-05,3.6189493049e-04,6.2613518144e-05,2.2400439982e-05,2.2823036950e-05,5.1291066595e-05,2.4976008954e-05,-1.0806795831e+01,1.0806806464e+01,2.7720807937e+03,1.4323810549e+02,-1.0807764207e+01,1.0807764207e+01,2.7721092571e+03,1.4324139698e+02,9.6837646734e-04,2.9310120202e-03,3.7754506333e-01,2.7305980375e-02,0.0000000000e+00,0.0000000000e+00,0.0000000000e+00,0.0000000000e+00,5.1326943515e-07,5.1326994014e-07,1.3166014843e-04,6.8031026630e-06,5.2570359861e-07,5.3599055290e-07,1.3042913100e-04,6.7960592404e-06,1.0000000000e+00,4.1921888688e+00,2.0679115636e+00,4.1921888688e+00,1.0000000000e+00,1.0000285724e+00,1.0000095586e+00,1.0000285724e+00,1.8351790779e+03,1.8766362973e+03,1.9617816968e+00,nan,3.6380766167e-01,3.7202618061e-01,3.8890548633e-04,nan,2.5429210125e+00,2.3484628889e-02,2.7210349151e-01,4.1920690912e+00,1.4172916577e-01,9.9065003764e-01,-3.0206160268e-02,-2.7363187946e-02,-5.9928361654e-03,5.5699744081e-01,2.9175337043e-01,392105,42,52,41,1.3042913100e-04,5.2287915312e-01,4.7778947951e-01,2.5379860986e-02,-3.6480918091e+00,-2.7516454464e+03,-4.4790517620e-02,-2.7516902369e+03,-9.8197788533e-06,447024,48,48,48,-5.1291066595e-05,1.0000000000e+00,5.3350460665e-01,6.7775896308e-02,-2.6213666203e+00,-1.4771691570e+00,-3.3354163107e-02,-1.5105233201e+00,-1.9714718254e-06,2.5329816935e-02,6.7773924836e-02,2.1353230394e-06,4.5491972554e-04,0,0,0,2.3958248488e-04,3.1921888688e+00,3.1924284512e+00,9.3176175816e-08,2.8572417675e-05,2.8665593851e-05,4.7495061735e-04,2.3958248488e+00
423,4.2300000000e-02,1.0000000000e-04,-9.3495429400e-02,1.3523193079e-01,1.5105067689e+00,2.6132110008e-01,-2.1723812436e-01,2.1723812436e-01,1.4772032070e+00,3.3854932234e-01,1.2374269496e-01,1.2379468840e-01,1.9245008845e-01,1.3196047835e-01,0.0000000000e+00,0.0000000000e+00,0.0000000000e+00,0.0000000000e+00,2.2399867301e-05,3.2399202015e-05,3.6189096512e-04,6.2607958510e-05,2.2399867301e-05,2.2820593547e-05,5.1225467251e-05,2.4969731895e-05,-1.0806021181e+01,1.0806031829e+01,2.7718176436e+03,1.4322606547e+02,-1.0806989213e+01,1.0806989213e+01,2.7718458525e+03,1.4322935367e+02,9.6803202832e-04,2.9311069882e-03,3.7754579441e-01,2.7306234142e-02,0.0000000000e+00,0.0000000000e+00,0.0000000000e+00,0.0000000000e+00,5.1323264311e-07,5.1323314881e-07,1.3164765010e-04,6.8025308214e-06,5.2568032563e-07,5.3595219641e-07,1.3041044636e-04,6.7954820227e-06,1.0000000000e+00,4.1921888688e+00,2.0679115636e+00,4.1921888688e+00,1.0000000000e+00,1.0000285724e+00,1.0000095586e+00,1.0000285724e+00,1.8350249735e+03,1.8764147271e+03,1.9617855073e+00,nan,3.6377711186e-01,3.7198225632e-01,3.8890624174e-04,nan,2.5458127248e+00,2.3485462607e-02,2.7214877802e-01,4.1920690912e+00,1.4154945049e-01,9.9060215857e-01,-3.4869331788e-02,-3.2934322963e-02,-5.9833243557e-03,5.5701494753e-01,2.9171729197e-01,382122,41,44,42,1.3041044636e-04,5.2300958225e-01,4.7777003368e-01,2.5370041207e-02,-3.6484888717e+00,-2.7511789255e+03,-4.5044778026e-02,-2.7512239702e+03,-9.8022241095e-06,446976,48,48,0,5.1225467251e-05,2.0350214101e-04,1.1068629708e-01,2.5474828753e-02,-3.6442594916e+00,-1.6904024378e-01,1.5328812935e-01,-1.5752114428e-02,-9.8164557637e-06,2.5320147849e-02,6.7771892226e-02,2.1352462711e-06,4.5573036127e-04,0,0,0,2.3958248488e-04,3.1921888688e+00,3.1924284512e+00,9.3176175816e-08,2.8572417675e-05,2.8665593851e-05,4.7495061735e-04,2.3958248488e+00
424,4.2400000000e-02,1.0000000000e-04,-9.3493016432e-02,1.3523264400e-01,1.5104899839e+00,2.6129788271e-01,-2.1725162689e-01,2.1725162689e-01,1.4772368240e+00,3.3853479792e-01,1.2375861046e-01,1.2381044169e-01,1.9245008941e-01,1.3197346872e-01,0.0000000000e+00,0.0000000000e+00,0.0000000000e+00,0.0000000000e+00,2.2399289196e-05,3.2399372887e-05,3.6188694373e-04,6.2602396034e-05,2.2399289196e-05,2.2818152031e-05,5.1192028254e-05,2.4963477823e-05,-1.0805245110e+01,1.0805255772e+01,2.7715535275e+03,1.4321400677e+02,-1.0806212798e+01,1.0806212798e+01,2.7715814818e+03,1.4321729170e+02,9.6768764429e-04,2.9312016508e-03,3.7754646783e-01,2.7306488107e-02,0.0000000000e+00,0.0000000000e+00,0.0000000000e+00,0.0000000000e+00,5.1319578357e-07,5.1319628997e-07,1.3163510589e-04,6.8019580931e-06,5.2565515243e-07,5.3591688875e-07,1.3039171814e-04,6.7949039299e-06,1.0000000000e+00,4.1921888688e+00,2.0679115636e+00,4.1921888688e+00,1.0000000000e+00,1.0000285724e+00,1.0000095586e+00,1.0000285724e+00,1.8348705103e+03,1.8761930632e+03,1.9617889968e+00,nan,3.6374649091e-01,3.7193831346e-01,3.8890693348e-04,nan,2.5471098253e+00,2.3486428174e-02,2.7219380161e-01,4.1920690912e+00,1.4145862165e-01,9.9055428461e-01,-3.9337164032e-02,-3.8278512976e-02,-5.9719528159e-03,5.5703240035e-01,2.9168087532e-01,511158,55,44,54,1.3039171814e-04,5.2313999270e-01,4.7775067116e-01,2.5360238983e-02,-3.6488853737e+00,-2.7507114955e+03,-4.5298983581e-02,-2.7507567945e+03,-9.7857381627e-06,4656,0,48,48,5.1192028254e-05,2.0438901027e-04,1.1073752255e-01,2.5465012297e-02,-3.6446549783e+00,-1.6914494739e-01,1.5333005957e-01,-1.5814887817e-02,-9.8209700402e-06,2.5310490191e-02,6.7769799582e-02,2.1356895958e-06,4.5654033933e-04,0,0,0,2.3958248488e-04,3.1921888688e+00,3.1924284512e+00,9.3176175816e-08,2.8572417675e-05,2.8665593851e-05,4.7495061735e-04,2.3958248488e+00
425,4.2500000000e-02,1.0000000000e-04,-9.3490578413e-02,1.3523334619e-01,1.5104729693e+00,2.6127464863e-01,-2.1726510231e-01,2.1726510231e-01,1.4772700132e+00,3.3852024862e-01,1.2377452390e-01,1.2382619355e-01,1.9245008970e-01,1.3198646034e-01,0.0000000000e+00,0.0000000000e+00,0.0000000000e+00,0.0000000000e+00,2.2398705089e-05,3.2399541119e-05,3.6188286733e-04,6.2596829555e-05,2.2398705089e-05,2.2815711888e-05,5.1158728881e-05,2.4957245889e-05,-1.0804467422e+01,1.0804478100e+01,2.7712883937e+03,1.4320192677e+02,-1.0805434766e+01,1.0805434766e+01,2.7713160936e+03,1.4320520841e+02,9.6734330815e-04,2.9312960010e-03,3.7754708357e-01,2.7306742269e-02,0.0000000000e+00,0.0000000000e+00,0.0000000000e+00,0.0000000000e+00,5.1315884725e-07,5.1315935436e-07,1.3162251335e-04,6.8013843526e-06,5.2562750773e-07,5.3588595978e-07,1.3037295082e-04,6.7943248359e-06,1.0000000000e+00,4.1921888688e+00,2.0679115636e+00,4.1921888688e+00,1.0000000000e+00,1.0000285724e+00,1.0000095586e+00,1.0000285724e+00,1.8347156487e+03,1.8759712638e+03,1.9617921933e+00,nan,3.6371579101e-01,3.7189434374e-01,3.8890756716e-04,nan,2.5484009019e+00,2.3487584451e-02,2.7223856614e-01,4.1920690912e+00,1.4136819811e-01,9.9050646812e-01,-4.3608137218e-02,-4.3400323788e-02,-5.9589372107e-03,5.5704979502e-01,2.9164499815e-01,410743,44,54,55,1.3037295082e-04,5.2327038442e-01,4.7773139165e-01,2.5350453245e-02,-3.6492813578e+00,-2.7502431056e+03,-4.5553134105e-02,-2.7502886588e+03,-9.7703876245e-06,442416,48,0,48,5.1158728881e-05,2.0527764778e-04,1.1078871458e-01,2.5455191327e-02,-3.6450507955e+00,-1.6924951488e-01,1.5337193794e-01,-1.5877576940e-02,-9.8261504390e-06,2.5300842960e-02,6.7767647834e-02,2.1366439953e-06,4.5734966098e-04,0,0,0,2.3958248488e-04,3.1921888688e+00,3.1924284512e+00,9.3176175816e-08,2.8572417675e-05,2.8665593851e-05,4.7495061735e-04,2.3958248488e+00
426,4.2600000000e-02,1.0000000000e-04,-9.3488112903e-02,1.3523403001e-01,1.5104557288e+00,2.6125139278e-01,-2.1727854818e-01,2.1727854818e-01,1.4773027792e+00,3.3850566948e-01,1.2379043528e-01,1.2384194399e-01,1.9245008956e-01,1.3199945318e-01,0.0000000000e+00,0.0000000000e+00,0.0000000000e+00,0.0000000000e+00,2.2398114396e-05,3.2399704951e-05,3.6187873681e-04,6.2591257862e-05,2.2398114396e-05,2.2813272604e-05,5.1125567548e-05,2.4951035252e-05,-1.0803687908e+01,1.0803698600e+01,2.7710221871e+03,1.4318982263e+02,-1.0804654907e+01,1.0804654907e+01,2.7710496324e+03,1.4319310098e+02,9.6699901066e-04,2.9313900294e-03,3.7754764157e-01,2.7306996628e-02,0.0000000000e+00,0.0000000000e+00,0.0000000000e+00,0.0000000000e+00,5.1312182417e-07,5.1312233199e-07,1.3160986984e-04,6.8008094657e-06,5.2560185847e-07,5.3585323428e-07,1.3035413562e-04,6.7937445743e-06,1.0000000000e+00,4.1921888688e+00,2.0679115636e+00,4.1921888688e+00,1.0000000000e+00,1.0000285724e+00,1.0000095586e+00,1.0000285724e+00,1.8345603477e+03,1.8757492854e+03,1.9617950942e+00,nan,3.6368500400e-01,3.7185033853e-01,3.8890814224e-04,nan,2.5496858396e+00,2.3488661341e-02,2.7228307386e-01,4.1920690912e+00,1.4127817511e-01,9.9045866221e-01,-4.7676936589e-02,-4.8299273706e-02,-5.9442983056e-03,5.5706716449e-01,2.9160906264e-01,409577,44,42,41,1.3035413562e-04,5.2340075737e-01,4.7771219482e-01,2.5340682857e-02,-3.6496768693e+00,-2.7497737014e+03,-4.5807229424e-02,-2.7498195086e+03,-9.7562333689e-06,4656,0,48,48,5.1125567548e-05,2.0616798150e-04,1.1083987331e-01,2.5445365177e-02,-3.6454469703e+00,-1.6935394424e-01,1.5341376461e-01,-1.5940179628e-02,-9.8319366086e-06,2.5291205115e-02,6.7765437734e-02,2.1380997544e-06,4.5815834211e-04,0,0,0,2.3958248488e-04,3.1921888688e+00,3.1924284512e+00,9.3176175816e-08,2.8572417675e-05,2.8665593851e-05,4.7495061735e-04,2.3958248488e+00
427,4.2700000000e-02,1.0000000000e-04,-9.3485617448e-02,1.3523469776e-01,1.5104382654e+00,2.6122810995e-01,-2.1729196204e-01,2.1729196204e-01,1.4773351260e+00,3.3849105539e-01,1.2380634459e-01,1.2385769299e-01,1.9245008924e-01,1.3201244725e-01,0.0000000000e+00,0.0000000000e+00,0.0000000000e+00,0.0000000000e+00,2.2397516529e-05,3.2399864933e-05,3.6187455288e-04,6.2585679704e-05,2.2397516529e-05,2.2810833669e-05,5.1092542730e-05,2.4944845074e-05,-1.0802906345e+01,1.0802917052e+01,2.7707548489e+03,1.4317769135e+02,-1.0803872999e+01,1.0803872999e+01,2.7707820398e+03,1.4318096642e+02,9.6665476011e-04,2.9314837444e-03,3.7754814179e-01,2.7307251185e-02,0.0000000000e+00,0.0000000000e+00,0.0000000000e+00,0.0000000000e+00,5.1308470376e-07,5.1308521228e-07,1.3159717260e-04,6.8002332898e-06,5.2557797744e-07,5.3582168527e-07,1.3033525706e-04,6.7931630099e-06,1.0000000000e+00,4.1921888688e+00,2.0679115636e+00,4.1921888688e+00,1.0000000000e+00,1.0000285724e+00,1.0000095586e+00,1.0000285724e+00,1.8344045648e+03,1.8755270832e+03,1.9617976966e+00,nan,3.6365412144e-01,3.7180628895e-01,3.8890865815e-04,nan,2.5509643893e+00,2.3489789678e-02,2.7232732814e-01,4.1920690912e+00,1.4118854814e-01,9.9041077012e-01,-5.1536148954e-02,-5.2971525389e-02,-5.9281686563e-03,5.5708452083e-01,2.9157309424e-01,382890,41,52,42,1.3033525706e-04,5.2353111150e-01,4.7769308035e-01,2.5330926624e-02,-3.6500719560e+00,-2.7493032250e+03,-4.6061269350e-02,-2.7493492863e+03,-9.7433304227e-06,4656,0,48,48,5.1092542730e-05,2.0705984142e-04,1.1089099887e-01,2.5435533240e-02,-3.6458435276e+00,-1.6945823364e-01,1.5345553975e-01,-1.6002693897e-02,-9.8382682282e-06,2.5281575584e-02,6.7763169839e-02,2.1400457704e-06,4.5896629833e-04,0,0,0,2.3958248488e-04,3.1921888688e+00,3.1924284512e+00,9.3176175816e-08,2.8572417675e-05,2.8665593851e-05,4.7495061735e-04,2.3958248488e+00
428,4.2800000000e-02,1.0000000000e-04,-9.3483089579e-02,1.3523534857e-01,1.5104205815e+00,2.6120479476e-01,-2.1730534142e-01,2.1730534142e-01,1.4773670569e+00,3.3847640114e-01,1.2382225184e-01,1.2387344055e-01,1.9245008795e-01,1.3202544251e-01,0.0000000000e+00,0.0000000000e+00,0.0000000000e+00,0.0000000000e+00,2.2396910896e-05,3.2400020855e-05,3.6187031613e-04,6.2580093791e-05,2.2396910896e-05,2.2808394579e-05,5.1059652952e-05,2.4938674530e-05,-1.0802122496e+01,1.0802133218e+01,2.7704863177e+03,1.4316552977e+02,-1.0803088807e+01,1.0803088807e+01,2.7705132541e+03,1.4316880156e+02,9.6631056397e-04,2.9315771533e-03,3.7754858421e-01,2.7307505940e-02,0.0000000000e+00,0.0000000000e+00,0.0000000000e+00,0.0000000000e+00,5.1304747483e-07,5.1304798407e-07,1.3158441870e-04,6.7996556749e-06,5.2555393078e-07,5.3579270482e-07,1.3031629734e-04,6.7925799867e-06,1.0000000000e+00,4.1921888688e+00,2.0679115636e+00,4.1921888688e+00,1.0000000000e+00,1.0000285724e+00,1.0000095586e+00,1.0000285724e+00,1.8342482562e+03,1.8753046111e+03,1.9618000087e+00,nan,3.6362313467e-01,3.7176218586e-01,3.8890911650e-04,nan,2.5522362532e+00,2.3491031031e-02,2.7237133147e-01,4.1920690912e+00,1.4109931286e-01,9.9036267843e-01,-5.5176008142e-02,-5.7409599747e-02,-5.9107765106e-03,5.5710186750e-01,2.9153765397e-01,409577,44,42,41,1.3031629734e-04,5.2366144676e-01,4.7767404791e-01,2.5321183294e-02,-3.6504666682e+00,-2.7488316157e+03,-4.6315253663e-02,-2.7488779310e+03,-9.7317278374e-06,446976,48,48,0,5.1059652952e-05,2.0795302845e-04,1.1094209142e-01,2.5425694972e-02,-3.6462404897e+00,-1.6956238146e-01,1.5349726351e-01,-1.6065117950e-02,-9.8450853931e-06,2.5271953261e-02,6.7760844515e-02,2.1424682150e-06,4.5977344404e-04,0,0,0,2.3958248488e-04,3.1921888688e+00,3.1924284512e+00,9.3176175816e-08,2.8572417675e-05,2.8665593851e-05,4.7495061735e-04,2.3958248488e+00
429,4.2900000000e-02,1.0000000000e-04,-9.3480526830e-02,1.3523597361e-01,1.5104026788e+00,2.6118144168e-01,-2.1731868385e-01,2.1731868385e-01,1.4773985747e+00,3.3846170142e-01,1.2383815702e-01,1.2388918667e-01,1.9245008854e-01,1.3203843897e-01,0.0000000000e+00,0.0000000000e+00,0.0000000000e+00,0.0000000000e+00,2.2396296906e-05,3.2400170604e-05,3.6186602696e-04,6.2574498803e-05,2.2396296906e-05,2.2805954832e-05,5.1026896792e-05,2.4932522804e-05,-1.0801336117e+01,1.0801346854e+01,2.7702165293e+03,1.4315333459e+02,-1.0802302084e+01,1.0802302084e+01,2.7702432112e+03,1.4315660310e+02,9.6596642217e-04,2.9316702561e-03,3.7754896879e-01,2.7307760892e-02,0.0000000000e+00,0.0000000000e+00,0.0000000000e+00,0.0000000000e+00,5.1301012571e-07,5.1301063567e-07,1.3157160508e-04,6.7990764639e-06,5.2552902468e-07,5.3576096351e-07,1.3029728392e-04,6.7919953786e-06,1.0000000000e+00,4.1921888688e+00,2.0679115636e+00,4.1921888688e+00,1.0000000000e+00,1.0000285724e+00,1.0000095586e+00,1.0000285724e+00,1.8340913772e+03,1.8750818220e+03,1.9618020010e+00,nan,3.6359203483e-01,3.7171801994e-01,3.8890951146e-04,nan,2.5535020177e+00,2.3492152267e-02,2.7241508740e-01,4.1920690912e+00,1.4101046517e-01,9.9031461873e-01,-5.8582959782e-02,-6.1600882737e-02,-5.8921714064e-03,5.5711916917e-01,2.9150206327e-01,410729,44,54,41,1.3029728392e-04,5.2379176306e-01,4.7765509717e-01,2.5311451566e-02,-3.6508610581e+00,-2.7483588100e+03,-4.6569182108e-02,-2.7484053792e+03,-9.7214686688e-06,442416,48,0,48,5.1026896792e-05,2.0884744313e-04,1.1099315107e-01,2.5415849886e-02,-3.6466378766e+00,-1.6966638624e-01,1.5353893607e-01,-1.6127450176e-02,-9.8523289523e-06,2.5262337016e-02,6.7758461926e-02,2.1453518540e-06,4.6057969931e-04,0,0,0,2.3958248488e-04,3.1921888688e+00,3.1924284512e+00,9.3176175816e-08,2.8572417675e-05,2.8665593851e-05,4.7495061735e-04,2.3958248488e+00
430,4.3000000000e-02,1.0000000000e-04,-9.3477926737e-02,1.3523656879e-01,1.5103845583e+00,2.6115804508e-01,-2.1733198686e-01,2.1733198686e-01,1.4774296811e+00,3.3844695082e-01,1.2385406013e-01,1.2390493134e-01,1.9245008963e-01,1.3205143661e-01,0.0000000000e+00,0.0000000000e+00,0.0000000000e+00,0.0000000000e+00,2.2395673969e-05,3.2400313198e-05,3.6186168561e-04,6.2568893387e-05,2.2395673969e-05,2.2803515971e-05,5.0994272881e-05,2.4926389093e-05,-1.0800546951e+01,1.0800557704e+01,2.7699454168e+03,1.4314110237e+02,-1.0801512574e+01,1.0801512574e+01,2.7699718442e+03,1.4314436760e+02,9.6562233197e-04,2.9317630499e-03,3.7754929547e-01,2.7308016041e-02,0.0000000000e+00,0.0000000000e+00,0.0000000000e+00,0.0000000000e+00,5.1297264423e-07,5.1297315491e-07,1.3155872857e-04,6.7984954940e-06,5.2550521622e-07,5.3572650438e-07,1.3027821284e-04,6.7914090023e-06,1.0000000000e+00,4.1921888688e+00,2.0679115636e+00,4.1921888688e+00,1.0000000000e+00,1.0000285724e+00,1.0000095586e+00,1.0000285724e+00,1.8339338823e+03,1.8748586681e+03,1.9618036874e+00,nan,3.6356081289e-01,3.7167378171e-01,3.8890984577e-04,nan,2.5547616522e+00,2.3493153646e-02,2.7245859707e-01,4.1920690912e+00,1.4092200117e-01,9.9026658475e-01,-6.1740943274e-02,-6.5529218652e-02,-5.8718556258e-03,5.5713670055e-01,2.9146556689e-01,392105,42,52,41,1.3027821284e-04,5.2392206034e-01,4.7763622779e-01,2.5301730097e-02,-3.6512551797e+00,-2.7478847421e+03,-4.6823054485e-02,-2.7479315651e+03,-9.7125898777e-06,4656,0,48,48,5.0994272881e-05,2.0974295943e-04,1.1104417797e-01,2.5405997557e-02,-3.6470357061e+00,-1.6977024672e-01,1.5358055757e-01,-1.6189689148e-02,-9.8599408100e-06,2.5252725694e-02,6.7756022031e-02,2.1486802885e-06,4.6138503266e-04,0,0,0,2.3958248488e-04,3.1921888688e+00,3.1924284512e+00,9.3176175816e-08,2.8572417675e-05,2.8665593851e-05,4.7495061735e-04,2.3958248488e+00
431,4.3100000000e-02,1.0000000000e-04,-9.3475286853e-02,1.3523713625e-01,1.5103662204e+00,2.6113459922e-01,-2.1734524802e-01,2.1734524802e-01,1.4774603776e+00,3.3843214390e-01,1.2386996117e-01,1.2392067456e-01,1.9245008251e-01,1.3206443540e-01,0.0000000000e+00,0.0000000000e+00,0.0000000000e+00,0.0000000000e+00,2.2395041499e-05,3.2400449151e-05,3.6185729216e-04,6.2563276171e-05,2.2395041499e-05,2.2801077146e-05,5.0961779903e-05,2.4920272608e-05,-1.0799754734e+01,1.0799765502e+01,2.7696729116e+03,1.4312882958e+02,-1.0800720013e+01,1.0800720013e+01,2.7696990846e+03,1.4313209153e+02,9.6527829836e-04,2.9318555397e-03,3.7754956423e-01,2.7308271388e-02,0.0000000000e+00,0.0000000000e+00,0.0000000000e+00,0.0000000000e+00,5.1293501783e-07,5.1293552925e-07,1.3154578592e-04,6.7979125970e-06,5.2547791872e-07,5.3569582366e-07,1.3025919444e-04,6.7908207009e-06,1.0000000000e+00,4.1921888688e+00,2.0679115636e+00,4.1921888688e+00,1.0000000000e+00,1.0000285724e+00,1.0000095586e+00,1.0000285724e+00,1.8337757256e+03,1.8746351013e+03,1.9618051564e+00,nan,3.6352945974e-01,3.7162946160e-01,3.8891013699e-04,nan,2.5560173661e+00,2.3494320914e-02,2.7250186255e-01,4.1920690912e+00,1.4083391715e-01,9.9021943975e-01,-6.4632887952e-02,-6.9175286298e-02,-5.8507541590e-03,5.5715415894e-01,2.9143020492e-01,484457,52,54,41,1.3025919444e-04,5.2405233855e-01,4.7761743943e-01,2.5292017507e-02,-3.6516490886e+00,-2.7474093439e+03,-4.7076870586e-02,-2.7474564208e+03,-9.7051224208e-06,446976,48,48,0,5.0961779903e-05,2.1063967554e-04,1.1109517224e-01,2.5396137617e-02,-3.6474339933e+00,-1.6987396181e-01,1.5362212818e-01,-1.6251833626e-02,-9.8678642137e-06,2.5243118127e-02,6.7753524587e-02,2.1524346568e-06,4.6218938766e-04,0,0,0,2.3958248488e-04,3.1921888688e+00,3.1924284512e+00,9.3176175816e-08,2.8572417675e-05,2.8665593851e-05,4.7495061735e-04,2.3958248488e+00
432,4.3200000000e-02,1.0000000000e-04,-9.3472604751e-02,1.3523766997e-01,1.5103476646e+00,2.6111109832e-01,-2.1735846489e-01,2.1735846489e-01,1.4774906646e+00,3.3841727519e-01,1.2388586014e-01,1.2393641633e-01,1.9245008890e-01,1.3207743535e-01,0.0000000000e+00,0.0000000000e+00,0.0000000000e+00,0.0000000000e+00,2.2394398915e-05,3.2400577021e-05,3.6185284651e-04,6.2557645765e-05,2.2394398915e-05,2.2798638368e-05,5.0929416593e-05,2.4914172578e-05,-1.0798959195e+01,1.0798969978e+01,2.7693989434e+03,1.4311651257e+02,-1.0799924129e+01,1.0799924129e+01,2.7694248619e+03,1.4311977125e+02,9.6493430842e-04,2.9319477126e-03,3.7754977503e-01,2.7308526932e-02,0.0000000000e+00,0.0000000000e+00,0.0000000000e+00,0.0000000000e+00,5.1289723362e-07,5.1289774576e-07,1.3153277378e-04,6.7973275998e-06,5.2544641259e-07,5.3566630075e-07,1.3024013482e-04,6.7902303102e-06,1.0000000000e+00,4.1921888688e+00,2.0679115636e+00,4.1921888688e+00,1.0000000000e+00,1.0000285724e+00,1.0000095586e+00,1.0000285724e+00,1.8336168608e+03,1.8744110730e+03,1.9618061867e+00,nan,3.6349796623e-01,3.7158505002e-01,3.8891034124e-04,nan,2.5572673619e+00,2.3495539167e-02,2.7254488540e-01,4.1920690912e+00,1.4074620964e-01,9.9017249519e-01,-6.7237347409e-02,-7.2514093051e-02,-5.8288766239e-03,5.5717158727e-01,2.9139481358e-01,484457,52,54,41,1.3024013482e-04,5.2418259775e-01,4.7759873174e-01,2.5282312385e-02,-3.6520428419e+00,-2.7469325457e+03,-4.7330630417e-02,-2.7469798763e+03,-9.6990909139e-06,442416,48,0,48,5.0929416593e-05,2.1153734967e-04,1.1114613402e-01,2.5386269752e-02,-3.6478327515e+00,-1.6997753061e-01,1.5366364806e-01,-1.6313882548e-02,-9.8760440090e-06,2.5233513129e-02,6.7750969142e-02,2.1565937641e-06,4.6299274182e-04,0,0,0,2.3958248488e-04,3.1921888688e+00,3.1924284512e+00,9.3176175816e-08,2.8572417675e-05,2.8665593851e-05,4.7495061735e-04,2.3958248488e+00
433,4.3300000000e-02,1.0000000000e-04,-9.3469878036e-02,1.3523817035e-01,1.5103288898e+00,2.6108753650e-01,-2.1737163508e-01,2.1737163508e-01,1.4775205418e+00,3.3840233917e-01,1.2390175704e-01,1.2395215664e-01,1.9245008944e-01,1.3209043643e-01,0.0000000000e+00,0.0000000000e+00,0.0000000000e+00,0.0000000000e+00,2.2393745641e-05,3.2400696902e-05,3.6184834842e-04,6.2552000767e-05,2.2393745641e-05,2.2796196995e-05,5.0897181737e-05,2.4908088247e-05,-1.0798160054e+01,1.0798170852e+01,2.7691234402e+03,1.4310414763e+02,-1.0799124644e+01,1.0799124644e+01,2.7691491043e+03,1.4310740303e+02,9.6459034643e-04,2.9320395528e-03,3.7754992783e-01,2.7308782675e-02,0.0000000000e+00,0.0000000000e+00,0.0000000000e+00,0.0000000000e+00,5.1285927839e-07,5.1285979126e-07,1.3151968874e-04,6.7967403261e-06,5.2541379903e-07,5.3563405109e-07,1.3022100772e-04,6.7896376475e-06,1.0000000000e+00,4.1921888688e+00,2.0679115636e+00,4.1921888688e+00,1.0000000000e+00,1.0000285724e+00,1.0000095586e+00,1.0000285724e+00,1.8334572415e+03,1.8741865347e+03,1.9618069751e+00,nan,3.6346632317e-01,3.7154053734e-01,3.8891049753e-04,nan,2.5585111646e+00,2.3496640742e-02,2.7258766631e-01,4.1920690912e+00,1.4065887535e-01,9.9012557712e-01,-6.9530602455e-02,-7.5516566812e-02,-5.8062704157e-03,5.5718901681e-01,2.9135863813e-01,483305,52,42,41,1.3022100772e-04,5.2431283788e-01,4.7758010438e-01,2.5272613294e-02,-3.6524364976e+00,-2.7464542764e+03,-4.7584333803e-02,-2.7465018607e+03,-9.6945139405e-06,446976,48,48,0,5.0897181737e-05,2.1243614392e-04,1.1119706343e-01,2.5376393708e-02,-3.6482319913e+00,-1.7008095238e-01,1.5370511735e-01,-1.6375835028e-02,-9.8844268636e-06,2.5223909511e-02,6.7748355043e-02,2.1611362850e-06,4.6379507594e-04,0,0,0,2.3958248488e-04,3.1921888688e+00,3.1924284512e+00,9.3176175816e-08,2.8572417675e-05,2.8665593851e-05,4.7495061735e-04,2.3958248488e+00
434,4.3400000000e-02,1.0000000000e-04,-9.3467104350e-02,1.3523863551e-01,1.5103098943e+00,2.6106390790e-01,-2.1738475622e-01,2.1738475622e-01,1.4775500086e+00,3.3838733037e-01,1.2391765187e-01,1.2396789549e-01,1.9245008894e-01,1.3210343864e-01,0.0000000000e+00,0.0000000000e+00,0.0000000000e+00,0.0000000000e+00,2.2393081115e-05,3.2400808347e-05,3.6184379743e-04,6.2546339768e-05,2.2393081115e-05,2.2793752576e-05,5.0865074168e-05,2.4902018880e-05,-1.0797357030e+01,1.0797367844e+01,2.7688463290e+03,1.4309173098e+02,-1.0798321276e+01,1.0798321276e+01,2.7688717388e+03,1.4309498311e+02,9.6424640893e-04,2.9321310566e-03,3.7755002258e-01,2.7309038615e-02,0.0000000000e+00,0.0000000000e+00,0.0000000000e+00,0.0000000000e+00,5.1282113871e-07,5.1282165231e-07,1.3150652733e-04,6.7961505968e-06,5.2537976270e-07,5.3560485071e-07,1.3020181498e-04,6.7890425325e-06,1.0000000000e+00,4.1921888688e+00,2.0679115636e+00,4.1921888688e+00,1.0000000000e+00,1.0000285724e+00,1.0000095586e+00,1.0000285724e+00,1.8332968217e+03,1.8739614380e+03,1.9618074727e+00,nan,3.6343452138e-01,3.7149591395e-01,3.8891059616e-04,nan,2.5597488476e+00,2.3497879471e-02,2.7263020581e-01,4.1920690912e+00,1.4057191122e-01,9.9007872556e-01,-7.1488283890e-02,-7.8151053715e-02,-5.7832523126e-03,5.5720641229e-01,2.9132295483e-01,409482,44,41,42,1.3020181498e-04,5.2444305889e-01,4.7756155697e-01,2.5262918780e-02,-3.6528301146e+00,-2.7459744637e+03,-4.7837980517e-02,-2.7460223016e+03,-9.6914040069e-06,4656,0,48,48,5.0865074168e-05,2.1333614405e-04,1.1124796062e-01,2.5366509281e-02,-3.6486317216e+00,-1.7018422657e-01,1.5374653622e-01,-1.6437690352e-02,-9.8929614630e-06,2.5214306078e-02,6.7745681435e-02,2.1660389799e-06,4.6459636342e-04,0,0,0,2.3958248488e-04,3.1921888688e+00,3.1924284512e+00,9.3176175816e-08,2.8572417675e-05,2.8665593851e-05,4.7495061735e-04,2.3958248488e+00
435,4.3500000000e-02,1.0000000000e-04,-9.3464281383e-02,1.3523906217e-01,1.5102906756e+00,2.6104020663e-01,-2.1739782601e-01,2.1739782601e-01,1.4775790631e+00,3.3837224330e-01,1.2393354463e-01,1.2398363288e-01,1.9245008866e-01,1.3211644196e-01,0.0000000000e+00,0.0000000000e+00,0.0000000000e+00,0.0000000000e+00,2.2392404782e-05,3.2400910567e-05,3.6183919295e-04,6.2540661360e-05,2.2392404782e-05,2.2791304671e-05,5.0833092768e-05,2.4895963764e-05,-1.0796549836e+01,1.0796560665e+01,2.7685675362e+03,1.4307925881e+02,-1.0797513739e+01,1.0797513739e+01,2.7685926915e+03,1.4308250767e+02,9.6390249127e-04,2.9322222192e-03,3.7755005926e-01,2.7309294752e-02,0.0000000000e+00,0.0000000000e+00,0.0000000000e+00,0.0000000000e+00,5.1278280100e-07,5.1278331533e-07,1.3149328605e-04,6.7955582303e-06,5.2534391227e-07,5.3557606796e-07,1.3018255782e-04,6.7884447847e-06,1.0000000000e+00,4.1921888688e+00,2.0679115636e+00,4.1921888688e+00,1.0000000000e+00,1.0000285724e+00,1.0000095586e+00,1.0000285724e+00,1.8331355553e+03,1.8737357348e+03,1.9618076660e+00,nan,3.6340255177e-01,3.7145117032e-01,3.8891063450e-04,nan,2.5609804703e+00,2.3499140382e-02,2.7267250422e-01,4.1920690912e+00,1.4048531436e-01,9.9003197604e-01,-7.3083033637e-02,-8.0380825101e-02,-5.7599265176e-03,5.5722378623e-01,2.9128735023e-01,410729,44,54,41,1.3018255782e-04,5.2457326071e-01,4.7754308916e-01,2.5253227376e-02,-3.6532237525e+00,-2.7454930346e+03,-4.8091570336e-02,-2.7455411262e+03,-9.6897675197e-06,4656,0,48,48,5.0833092768e-05,2.1423740817e-04,1.1129882569e-01,2.5356616320e-02,-3.6490319490e+00,-1.7028735278e-01,1.5378790481e-01,-1.6499447972e-02,-9.9015986759e-06,2.5204701638e-02,6.7742947268e-02,2.1712759445e-06,4.6539659307e-04,0,0,0,2.3958248488e-04,3.1921888688e+00,3.1924284512e+00,9.3176175816e-08,2.8572417675e-05,2.8665593851e-05,4.7495061735e-04,2.3958248488e+00
436,4.3600000000e-02,1.0000000000e-04,-9.3461406880e-02,1.3523945001e-01,1.5102712304e+00,2.6101642685e-01,-2.1741084220e-01,2.1741084220e-01,1.4776077033e+00,3.3835707258e-01,1.2394943532e-01,1.2399937031e-01,1.9245008973e-01,1.3212944638e-01,0.0000000000e+00,0.0000000000e+00,0.0000000000e+00,0.0000000000e+00,2.2391716101e-05,3.2401003488e-05,3.6183453423e-04,6.2534964140e-05,2.2391716101e-05,2.2788852860e-05,5.0801236467e-05,2.4889922207e-05,-1.0795738184e+01,1.0795749029e+01,2.7682869873e+03,1.4306672727e+02,-1.0796701743e+01,1.0796701743e+01,2.7683118883e+03,1.4306997285e+02,9.6355858732e-04,2.9323130345e-03,3.7755003783e-01,2.7309551086e-02,0.0000000000e+00,0.0000000000e+00,0.0000000000e+00,0.0000000000e+00,5.1274425154e-07,5.1274476660e-07,1.3147996136e-04,6.7949630440e-06,5.2530821947e-07,5.3554544750e-07,1.3016322824e-04,6.7878442118e-06,1.0000000000e+00,4.1921888688e+00,2.0679115636e+00,4.1921888688e+00,1.0000000000e+00,1.0000285724e+00,1.0000095586e+00,1.0000285724e+00,1.8329733968e+03,1.8735093774e+03,1.9618075438e+00,nan,3.6337040533e-01,3.7140629703e-01,3.8891061026e-04,nan,2.5622059086e+00,2.3500324952e-02,2.7271456115e-01,4.1920690912e+00,1.4039908207e-01,9.8998529427e-01,-7.4286115307e-02,-8.2165574218e-02,-5.7363984870e-03,5.5724115054e-01,2.9125147313e-01,392105,42,52,41,1.3016322824e-04,5.2470344326e-01,4.7752470057e-01,2.5243537608e-02,-3.6536174710e+00,-2.7450099157e+03,-4.8345103039e-02,-2.7450582608e+03,-9.6896048288e-06,4656,0,48,48,5.0801236467e-05,2.1513994120e-04,1.1134965878e-01,2.5346714721e-02,-3.6494326781e+00,-1.7039033077e-01,1.5382922327e-01,-1.6561107499e-02,-9.9102916901e-06,2.5195095005e-02,6.7740151297e-02,2.1768211508e-06,4.6619574280e-04,0,0,0,2.3958248488e-04,3.1921888688e+00,3.1924284512e+00,9.3176175816e-08,2.8572417675e-05,2.8665593851e-05,4.7495061735e-04,2.3958248488e+00
437,4.3700000000e-02,1.0000000000e-04,-9.3458478647e-02,1.3523979369e-01,1.5102515550e+00,2.6099256273e-01,-2.1742380259e-01,2.1742380259e-01,1.4776359260e+00,3.3834181284e-01,1.2396532395e-01,1.2401510819e-01,1.9245008620e-01,1.3214245189e-01,0.0000000000e+00,0.0000000000e+00,0.0000000000e+00,0.0000000000e+00,2.2391014548e-05,3.2401085828e-05,3.6182982033e-04,6.2529246716e-05,2.2391014548e-05,2.2786396736e-05,5.0769504235e-05,2.4883893543e-05,-1.0794921784e+01,1.0794932644e+01,2.7680046081e+03,1.4305413250e+02,-1.0795884999e+01,1.0795884999e+01,2.7680292546e+03,1.4305737481e+02,9.6321469877e-04,2.9324035038e-03,3.7754995824e-01,2.7309807616e-02,0.0000000000e+00,0.0000000000e+00,0.0000000000e+00,0.0000000000e+00,5.1270547657e-07,5.1270599237e-07,1.3146654974e-04,6.7943648546e-06,5.2527028124e-07,5.3551706152e-07,1.3014382118e-04,6.7872406381e-06,1.0000000000e+00,4.1921888688e+00,2.0679115636e+00,4.1921888688e+00,1.0000000000e+00,1.0000285724e+00,1.0000095586e+00,1.0000285724e+00,1.8328103017e+03,1.8732823193e+03,1.9618071661e+00,nan,3.6333807319e-01,3.7136128481e-01,3.8891053540e-04,nan,2.5634250942e+00,2.3501612287e-02,2.7275637658e-01,4.1920690912e+00,1.4031321185e-01,9.8993866829e-01,-7.5068823675e-02,-8.3462729222e-02,-5.7129614022e-03,5.5725847910e-01,2.9121638207e-01,382890,41,52,42,1.3014382118e-04,5.2483360649e-01,4.7750639084e-01,2.5233848004e-02,-3.6540113301e+00,-2.7445250335e+03,-4.8598578389e-02,-2.7445736321e+03,-9.6909102904e-06,446976,48,48,0,5.0769504235e-05,2.1604373543e-04,1.1140046002e-01,2.5336804430e-02,-3.6498339117e+00,-1.7049316047e-01,1.5387049177e-01,-1.6622668701e-02,-9.9189961235e-06,2.5185485004e-02,6.7737292093e-02,2.1826462859e-06,4.6699377806e-04,0,0,0,2.3958248488e-04,3.1921888688e+00,3.1924284512e+00,9.3176175816e-08,2.8572417675e-05,2.8665593851e-05,4.7495061735e-04,2.3958248488e+00
438,4.3800000000e-02,1.0000000000e-04,-9.3455494561e-02,1.3524009058e-01,1.5102316447e+00,2.6096860855e-01,-2.1743670506e-01,2.1743670506e-01,1.4776637278e+00,3.3832645884e-01,1.2398121050e-01,1.2403084458e-01,1.9245008965e-01,1.3215545847e-01,0.0000000000e+00,0.0000000000e+00,0.0000000000e+00,0.0000000000e+00,2.2390299613e-05,3.2401156956e-05,3.6182505020e-04,6.2523507714e-05,2.2390299613e-05,2.2783935911e-05,5.0737895090e-05,2.4877877130e-05,-1.0794100347e+01,1.0794111222e+01,2.7677203242e+03,1.4304147065e+02,-1.0795063218e+01,1.0795063218e+01,2.7677447164e+03,1.4304470969e+02,9.6287081794e-04,2.9324936194e-03,3.7754982046e-01,2.7310064342e-02,0.0000000000e+00,0.0000000000e+00,0.0000000000e+00,0.0000000000e+00,5.1266646235e-07,5.1266697887e-07,1.3145304766e-04,6.7937634791e-06,5.2523151717e-07,5.3548751074e-07,1.3012434035e-04,6.7866338835e-06,1.0000000000e+00,4.1921888688e+00,2.0679115636e+00,4.1921888688e+00,1.0000000000e+00,1.0000285724e+00,1.0000095586e+00,1.0000285724e+00,1.8326462260e+03,1.8730545146e+03,1.9618064151e+00,nan,3.6330554668e-01,3.7131612458e-01,3.8891038650e-04,nan,2.5646381293e+00,2.3502853626e-02,2.7279795008e-01,4.1920690912e+00,1.4022770138e-01,9.8989215285e-01,-7.5400763902e-02,-8.4225721675e-02,-5.6896686021e-03,5.5727577721e-01,2.9118103079e-01,382890,41,52,42,1.3012434035e-04,5.2496375031e-01,4.7748815957e-01,2.5224157093e-02,-3.6544053897e+00,-2.7440383145e+03,-4.8851996141e-02,-2.7440871665e+03,-9.6936723337e-06,442416,48,0,48,5.0737895090e-05,2.1694879186e-04,1.1145122952e-01,2.5326885433e-02,-3.6502356508e+00,-1.7059584192e-01,1.5391171043e-01,-1.6684131486e-02,-9.9276701093e-06,2.5175870478e-02,6.7734368049e-02,2.1887227460e-06,4.6779081345e-04,0,0,0,2.3958248488e-04,3.1921888688e+00,3.1924284512e+00,9.3176175816e-08,2.8572417675e-05,2.8665593851e-05,4.7495061735e-04,2.3958248488e+00
439,4.3900000000e-02,1.0000000000e-04,-9.3452452576e-02,1.3524033832e-01,1.5102114947e+00,2.6094455867e-01,-2.1744954757e-01,2.1744954757e-01,1.4776911044e+00,3.3831100546e-01,1.2399709499e-01,1.2404657948e-01,1.9245008956e-01,1.3216846612e-01,0.0000000000e+00,0.0000000000e+00,0.0000000000e+00,0.0000000000e+00,2.2389570807e-05,3.2401216312e-05,3.6182022259e-04,6.2517745782e-05,2.2389570807e-05,2.2781470623e-05,5.0706408086e-05,2.4871872355e-05,-1.0793273584e+01,1.0793284475e+01,2.7674340620e+03,1.4302873788e+02,-1.0794236111e+01,1.0794236111e+01,2.7674581998e+03,1.4303197365e+02,9.6252694278e-04,2.9325833789e-03,3.7754962445e-01,2.7310321264e-02,0.0000000000e+00,0.0000000000e+00,0.0000000000e+00,0.0000000000e+00,5.1262719520e-07,5.1262771244e-07,1.3143945162e-04,6.7931587357e-06,5.2519210405e-07,5.3545699696e-07,1.3010478501e-04,6.7860237616e-06,1.0000000000e+00,4.1921888688e+00,2.0679115636e+00,4.1921888688e+00,1.0000000000e+00,1.0000285724e+00,1.0000095586e+00,1.0000285724e+00,1.8324811272e+03,1.8728259185e+03,1.9618053975e+00,nan,3.6327281731e-01,3.7127080747e-01,3.8891018478e-04,nan,2.5658450267e+00,2.3504057566e-02,2.7283928064e-01,4.1920690912e+00,1.4014254848e-01,9.8984576856e-01,-7.5252821466e-02,-8.4407080521e-02,-5.6666980301e-03,5.5729305801e-01,2.9114585258e-01,392105,42,52,41,1.3010478501e-04,5.2509387465e-01,4.7747000638e-01,2.5214463421e-02,-3.6547997092e+00,-2.7435496858e+03,-4.9105356056e-02,-2.7435987912e+03,-9.6978735006e-06,442416,48,0,48,5.0706408086e-05,2.1785510022e-04,1.1150196742e-01,2.5316957763e-02,-3.6506378947e+00,-1.7069837533e-01,1.5395287943e-01,-1.6745495907e-02,-9.9362743537e-06,2.5166250292e-02,6.7731377388e-02,2.1950208142e-06,4.6858683222e-04,0,0,0,2.3958248488e-04,3.1921888688e+00,3.1924284512e+00,9.3176175816e-08,2.8572417675e-05,2.8665593851e-05,4.7495061735e-04,2.3958248488e+00
440,4.4000000000e-02,1.0000000000e-04,-9.3449350731e-02,1.3524053389e-01,1.5101910990e+00,2.6092040755e-01,-2.1746232815e-01,2.1746232815e-01,1.4777180509e+00,3.3829544770e-01,1.2401297742e-01,1.2406231291e-01,1.9245008758e-01,1.3218147482e-01,0.0000000000e+00,0.0000000000e+00,0.0000000000e+00,0.0000000000e+00,2.2388827659e-05,3.2401263166e-05,3.6181533615e-04,6.2511959598e-05,2.2388827659e-05,2.2779001814e-05,5.0675042320e-05,2.4865878633e-05,-1.0792441210e+01,1.0792452116e+01,2.7671457485e+03,1.4301593041e+02,-1.0793403393e+01,1.0793403393e+01,2.7671696320e+03,1.4301916291e+02,9.6218307201e-04,2.9326727811e-03,3.7754937018e-01,2.7310578382e-02,0.0000000000e+00,0.0000000000e+00,0.0000000000e+00,0.0000000000e+00,5.1258766155e-07,5.1258817952e-07,1.3142575815e-04,6.7925504440e-06,5.2515374199e-07,5.3542458632e-07,1.3008514290e-04,6.7854100862e-06,1.0000000000e+00,4.1921888688e+00,2.0679115636e+00,4.1921888688e+00,1.0000000000e+00,1.0000285724e+00,1.0000095586e+00,1.0000285724e+00,1.8323149635e+03,1.8725964877e+03,1.9618040965e+00,nan,3.6323987688e-01,3.7122532489e-01,3.8890992686e-04,nan,2.5670455700e+00,2.3505182127e-02,2.7288036697e-01,4.1920690912e+00,1.4005775117e-01,9.8979944818e-01,-7.4596679488e-02,-8.3958123304e-02,-5.6441808964e-03,5.5731032439e-01,2.9111051494e-01,410729,44,54,41,1.3008514290e-04,5.2522397944e-01,4.7745193088e-01,2.5204765547e-02,-3.6551943473e+00,-2.7430590754e+03,-4.9358657895e-02,-2.7431084341e+03,-9.7034905124e-06,4656,0,48,48,5.0675042320e-05,2.1876264620e-04,1.1155267383e-01,2.5307021489e-02,-3.6510406411e+00,-1.7080076103e-01,1.5399399889e-01,-1.6806762144e-02,-9.9447721744e-06,2.5156623334e-02,6.7728318172e-02,2.2015083808e-06,4.6938180149e-04,0,0,0,2.3958248488e-04,3.1921888688e+00,3.1924284512e+00,9.3176175816e-08,2.8572417675e-05,2.8665593851e-05,4.7495061735e-04,2.3958248488e+00
441,4.4100000000e-02,1.0000000000e-04,-9.3446187157e-02,1.3524067269e-01,1.5101704515e+00,2.6089614984e-01,-2.1747504494e-01,2.1747504494e-01,1.4777445621e+00,3.3827978071e-01,1.2402885778e-01,1.2407804484e-01,1.9245008953e-01,1.3219448457e-01,0.0000000000e+00,0.0000000000e+00,0.0000000000e+00,0.0000000000e+00,2.2388069722e-05,3.2401296420e-05,3.6181038938e-04,6.2506147874e-05,2.2388069722e-05,2.2776528846e-05,5.0643796924e-05,2.4859895407e-05,-1.0791602944e+01,1.0791613865e+01,2.7668553120e+03,1.4300304450e+02,-1.0792564783e+01,1.0792564783e+01,2.7668789411e+03,1.4300627373e+02,9.6183921107e-04,2.9327618310e-03,3.7754905761e-01,2.7310835696e-02,0.0000000000e+00,0.0000000000e+00,0.0000000000e+00,0.0000000000e+00,5.1254784804e-07,5.1254836673e-07,1.3141196385e-04,6.7919384267e-06,5.2511884807e-07,5.3538843793e-07,1.3006540253e-04,6.7847926608e-06,1.0000000000e+00,4.1921888688e+00,2.0679115636e+00,4.1921888688e+00,1.0000000000e+00,1.0000285724e+00,1.0000095586e+00,1.0000285724e+00,1.8321476951e+03,1.8723661803e+03,1.9618024524e+00,nan,3.6320671742e-01,3.7117966853e-01,3.8890960095e-04,nan,2.5682395561e+00,2.3506147120e-02,2.7292120701e-01,4.1920690912e+00,1.3997330760e-01,9.8975312989e-01,-7.3406176832e-02,-8.2830782185e-02,-5.6222163418e-03,5.5732758366e-01,2.9107470378e-01,391337,42,44,41,1.3006540253e-04,5.2535406458e-01,4.7743393266e-01,2.5195062057e-02,-3.6555893621e+00,-2.7425664123e+03,-4.9611901394e-02,-2.7426160242e+03,-9.7104943597e-06,446976,48,48,0,5.0643796924e-05,2.1967108360e-04,1.1160334887e-01,2.5297076717e-02,-3.6514438862e+00,-1.7090299947e-01,1.5403506897e-01,-1.6867930502e-02,-9.9531295137e-06,2.5146986524e-02,6.7725188313e-02,2.2081543515e-06,4.7017566099e-04,0,0,0,2.3958248488e-04,3.1921888688e+00,3.1924284512e+00,9.3176175816e-08,2.8572417675e-05,2.8665593851e-05,4.7495061735e-04,2.3958248488e+00
442,4.4200000000e-02,1.0000000000e-04,-9.3442960080e-02,1.3524075574e-01,1.5101495454e+00,2.6087178031e-01,-2.1748769617e-01,2.1748769617e-01,1.4777706319e+00,3.3826399984e-01,1.2404473609e-01,1.2409377530e-01,1.9245008967e-01,1.3220749535e-01,0.0000000000e+00,0.0000000000e+00,0.0000000000e+00,0.0000000000e+00,2.2387296571e-05,3.2401316318e-05,3.6180538064e-04,6.2500309362e-05,2.2387296571e-05,2.2774050258e-05,5.0612671065e-05,2.4853922154e-05,-1.0790758509e+01,1.0790769445e+01,2.7665626821e+03,1.4299007647e+02,-1.0791720004e+01,1.0791720004e+01,2.7665860569e+03,1.4299330244e+02,9.6149537495e-04,2.9328505436e-03,3.7754868670e-01,2.7311093204e-02,0.0000000000e+00,0.0000000000e+00,0.0000000000e+00,0.0000000000e+00,5.1250774153e-07,5.1250826095e-07,1.3139806538e-04,6.7913225096e-06,5.2508687219e-07,5.3535356594e-07,1.3004551447e-04,6.7841712644e-06,1.0000000000e+00,4.1921888688e+00,2.0679115636e+00,4.1921888688e+00,1.0000000000e+00,1.0000285724e+00,1.0000095586e+00,1.0000285724e+00,1.8319792834e+03,1.8721349559e+03,1.9618005237e+00,nan,3.6317333132e-01,3.7113383039e-01,3.8890921859e-04,nan,2.5694260299e+00,2.3507174169e-02,2.7296179743e-01,4.1920690912e+00,1.3988921606e-01,9.8970646258e-01,-7.1658606963e-02,-8.0979398493e-02,-5.6009822803e-03,5.5734482963e-01,2.9103804560e-01,383084,41,54,44,1.3004551447e-04,5.2548412998e-01,4.7741601131e-01,2.5185351563e-02,-3.6559848105e+00,-2.7420716271e+03,-4.9865086267e-02,-2.7421214922e+03,-9.7188503628e-06,446976,48,48,0,5.0612671065e-05,2.2057974000e-04,1.1165399267e-01,2.5287123587e-02,-3.6518476248e+00,-1.7100509121e-01,1.5407608981e-01,-1.6929001403e-02,-9.9613149369e-06,2.5137332808e-02,6.7721985581e-02,2.2149255589e-06,4.7096823631e-04,0,0,0,2.3958248488e-04,3.1921888688e+00,3.1924284512e+00,9.3176175816e-08,2.8572417675e-05,2.8665593851e-05,4.7495061735e-04,2.3958248488e+00
443,4.4300000000e-02,1.0000000000e-04,-9.3439667834e-02,1.3524077932e-01,1.5101283735e+00,2.6084729395e-01,-2.1750028017e-01,2.1750028017e-01,1.4777962541e+00,3.3824810063e-01,1.2406061234e-01,1.2410950427e-01,1.9245008973e-01,1.3222050715e-01,0.0000000000e+00,0.0000000000e+00,0.0000000000e+00,0.0000000000e+00,2.2386507806e-05,3.2401321966e-05,3.6180030821e-04,6.2494442859e-05,2.2386507806e-05,2.2771565292e-05,5.0581663943e-05,2.4847958381e-05,-1.0789907634e+01,1.0789918586e+01,2.7662677901e+03,1.4297702276e+02,-1.0790868786e+01,1.0790868786e+01,2.7662909107e+03,1.4298024546e+02,9.6115157656e-04,2.9329389314e-03,3.7754868741e-01,2.7311350909e-02,0.0000000000e+00,0.0000000000e+00,0.0000000000e+00,0.0000000000e+00,5.1246732920e-07,5.1246784935e-07,1.3138405947e-04,6.7907025225e-06,5.2505256850e-07,5.3532482426e-07,1.3002552533e-04,6.7835457957e-06,1.0000000000e+00,4.1921888688e+00,2.0679115636e+00,4.1921888688e+00,1.0000000000e+00,1.0000285724e+00,1.0000095586e+00,1.0000285724e+00,1.8318096916e+03,1.8719027762e+03,1.9618005268e+00,nan,3.6313971129e-01,3.7108780285e-01,3.8890921922e-04,nan,2.5706059310e+00,2.3508477234e-02,2.7300213932e-01,4.1920690912e+00,1.3980547500e-01,9.8965982526e-01,-6.9337366975e-02,-7.8363631639e-02,-5.5817391804e-03,5.5736162177e-01,2.9100308225e-01,382122,41,44,42,1.3002552533e-04,5.2561417550e-01,4.7739816644e-01,2.5175632712e-02,-3.6563807478e+00,-2.7415746520e+03,-5.0118212132e-02,-2.7416247702e+03,-9.7285184111e-06,442416,48,0,48,5.0581663943e-05,2.2148852187e-04,1.1170460534e-01,2.5277162272e-02,-3.6522518505e+00,-1.7110703693e-01,1.5411706156e-01,-1.6989975373e-02,-9.9692996123e-06,2.5127669306e-02,6.7718707622e-02,2.2217886617e-06,4.7176060514e-04,0,0,0,2.3958248488e-04,3.1921888688e+00,3.1924284512e+00,9.3176175816e-08,2.8572417675e-05,2.8665593851e-05,4.7495061735e-04,2.3958248488e+00
444,4.4400000000e-02,1.0000000000e-04,-9.3436308861e-02,1.3524074235e-01,1.5101069279e+00,2.6082268594e-01,-2.1751279539e-01,2.1751279539e-01,1.4778214217e+00,3.3823207882e-01,1.2407648653e-01,1.2412523176e-01,1.9245008964e-01,1.3223351997e-01,0.0000000000e+00,0.0000000000e+00,0.0000000000e+00,0.0000000000e+00,2.2385703055e-05,3.2401313111e-05,3.6179517022e-04,6.2488547212e-05,2.2385703055e-05,2.2769073687e-05,5.0550774790e-05,2.4842003628e-05,-1.0789050058e+01,1.0789061026e+01,2.7659705696e+03,1.4296387988e+02,-1.0790010866e+01,1.0790010866e+01,2.7659934358e+03,1.4296709932e+02,9.6080780825e-04,2.9330269867e-03,3.7754904357e-01,2.7311608806e-02,0.0000000000e+00,0.0000000000e+00,0.0000000000e+00,0.0000000000e+00,5.1242659859e-07,5.1242711947e-07,1.3136994296e-04,6.7900783007e-06,5.2501571146e-07,5.3529568629e-07,1.3000545963e-04,6.7829161050e-06,1.0000000000e+00,4.1921888688e+00,2.0679115636e+00,4.1921888688e+00,1.0000000000e+00,1.0000285724e+00,1.0000095586e+00,1.0000285724e+00,1.8316388850e+03,1.8716696045e+03,1.9618023783e+00,nan,3.6310585042e-01,3.7104157867e-01,3.8890958626e-04,nan,2.5717797633e+00,2.3509770035e-02,2.7304223148e-01,4.1920690912e+00,1.3972208297e-01,9.8961342829e-01,-6.6428397832e-02,-7.4948023301e-02,-5.5634341618e-03,5.5737845000e-01,2.9096829201e-01,392105,42,52,41,1.3000545963e-04,5.2574420102e-01,4.7738039762e-01,2.5165904194e-02,-3.6567772282e+00,-2.7410754214e+03,-5.0371278698e-02,-2.7411257926e+03,-9.7394529555e-06,4656,0,48,48,5.0550774790e-05,2.2239727287e-04,1.1175518700e-01,2.5267192973e-02,-3.6526565555e+00,-1.7120883739e-01,1.5415798435e-01,-1.7050853039e-02,-9.9770572609e-06,2.5117995215e-02,6.7715351960e-02,2.2287098403e-06,4.7255296370e-04,0,0,0,2.3958248488e-04,3.1921888688e+00,3.1924284512e+00,9.3176175816e-08,2.8572417675e-05,2.8665593851e-05,4.7495061735e-04,2.3958248488e+00
445,4.4500000000e-02,1.0000000000e-04,-9.3432881715e-02,1.3524064917e-01,1.5100852005e+00,2.6079795172e-01,-2.1752524039e-01,2.1752524039e-01,1.4778461275e+00,3.3821593040e-01,1.2409235868e-01,1.2414095776e-01,1.9245008943e-01,1.3224653378e-01,0.0000000000e+00,0.0000000000e+00,0.0000000000e+00,0.0000000000e+00,2.2384881971e-05,3.2401290784e-05,3.6178996472e-04,6.2482621326e-05,2.2384881971e-05,2.2766575204e-05,5.0520002868e-05,2.4836057467e-05,-1.0788185527e+01,1.0788196510e+01,2.7656709562e+03,1.4295064448e+02,-1.0789145991e+01,1.0789145991e+01,2.7656935682e+03,1.4295386066e+02,9.6046406158e-04,2.9331147006e-03,3.7754934637e-01,2.7311866897e-02,0.0000000000e+00,0.0000000000e+00,0.0000000000e+00,0.0000000000e+00,5.1238553763e-07,5.1238605925e-07,1.3135571280e-04,6.7894496845e-06,5.2497574200e-07,5.3526634149e-07,1.2998532223e-04,6.7822820383e-06,1.0000000000e+00,4.1921888688e+00,2.0679115636e+00,4.1921888688e+00,1.0000000000e+00,1.0000285724e+00,1.0000095586e+00,1.0000285724e+00,1.8314668307e+03,1.8714354064e+03,1.9618039539e+00,nan,3.6307174221e-01,3.7099515102e-01,3.8890989860e-04,nan,2.5729476416e+00,2.3511061136e-02,2.7308207219e-01,4.1920690912e+00,1.3963903865e-01,9.8956733177e-01,-6.2925409659e-02,-7.0706430543e-02,-5.5459020876e-03,5.5739546365e-01,2.9093370849e-01,382890,41,52,42,1.2998532223e-04,5.2587420648e-01,4.7736270443e-01,2.5156164741e-02,-3.6571743038e+00,-2.7405738717e+03,-5.0624285723e-02,-2.7406244960e+03,-9.7516031329e-06,446976,48,48,0,5.0520002868e-05,2.2330602113e-04,1.1180573778e-01,2.5257215916e-02,-3.6530617313e+00,-1.7131049346e-01,1.5419885834e-01,-1.7111635121e-02,-9.9845641088e-06,2.5108309778e-02,6.7711916019e-02,2.2356560348e-06,4.7334501568e-04,0,0,0,2.3958248488e-04,3.1921888688e+00,3.1924284512e+00,9.3176175816e-08,2.8572417675e-05,2.8665593851e-05,4.7495061735e-04,2.3958248488e+00
446,4.4600000000e-02,1.0000000000e-04,-9.3429385075e-02,1.3524049435e-01,1.5100631828e+00,2.6077308696e-01,-2.1753761385e-01,2.1753761385e-01,1.4778703637e+00,3.3819965160e-01,1.2410822878e-01,1.2415668228e-01,1.9245008195e-01,1.3225954860e-01,0.0000000000e+00,0.0000000000e+00,0.0000000000e+00,0.0000000000e+00,2.2384044237e-05,3.2401253692e-05,3.6178468968e-04,6.2476664163e-05,2.2384044237e-05,2.2764069629e-05,5.0489347462e-05,2.4830119508e-05,-1.0787313796e+01,1.0787324795e+01,2.7653688883e+03,1.4293731332e+02,-1.0788273916e+01,1.0788273916e+01,2.7653912460e+03,1.4294052625e+02,9.6012032596e-04,2.9332020625e-03,3.7754959580e-01,2.7312125182e-02,0.0000000000e+00,0.0000000000e+00,0.0000000000e+00,0.0000000000e+00,5.1234413470e-07,5.1234465707e-07,1.3134136607e-04,6.7888165206e-06,5.2494456487e-07,5.3522406562e-07,1.2996509258e-04,6.7816432470e-06,1.0000000000e+00,4.1921888688e+00,2.0679115636e+00,4.1921888688e+00,1.0000000000e+00,1.0000285724e+00,1.0000095586e+00,1.0000285724e+00,1.8312934980e+03,1.8712001498e+03,1.9618053262e+00,nan,3.6303738057e-01,3.7094851353e-01,3.8891017065e-04,nan,2.5741091757e+00,2.3511791799e-02,2.7312165150e-01,4.1920690912e+00,1.3955634084e-01,9.8952140109e-01,-5.8827884820e-02,-6.5621480341e-02,-5.5290724838e-03,5.5741264395e-01,2.9089543312e-01,410743,44,54,55,1.2996509258e-04,5.2600419181e-01,4.7734508644e-01,2.5146413138e-02,-3.6575720248e+00,-2.7400699423e+03,-5.0877232973e-02,-2.7401208196e+03,-9.7649129419e-06,4656,0,48,48,5.0489347462e-05,2.2421480513e-04,1.1185625778e-01,2.5247231351e-02,-3.6534673680e+00,-1.7141200608e-01,1.5423968366e-01,-1.7172322419e-02,-9.9917988312e-06,2.5098612289e-02,6.7708397131e-02,2.2425910991e-06,4.7413656378e-04,0,0,0,2.3958248488e-04,3.1921888688e+00,3.1924284512e+00,9.3176175816e-08,2.8572417675e-05,2.8665593851e-05,4.7495061735e-04,2.3958248488e+00
447,4.4700000000e-02,1.0000000000e-04,-9.3425817739e-02,1.3524027223e-01,1.5100408661e+00,2.6074808759e-01,-2.1754991457e-01,2.1754991457e-01,1.4778941226e+00,3.3818323893e-01,1.2412409683e-01,1.2417240532e-01,1.9245006492e-01,1.3227256439e-01,0.0000000000e+00,0.0000000000e+00,0.0000000000e+00,0.0000000000e+00,2.2383189566e-05,3.2401200477e-05,3.6177934297e-04,6.2470674753e-05,2.2383189566e-05,2.2761556774e-05,5.0458807887e-05,2.4824189391e-05,-1.0786434632e+01,1.0786445646e+01,2.7650643072e+03,1.4292388333e+02,-1.0787394408e+01,1.0787394408e+01,2.7650864107e+03,1.4292709300e+02,9.5977663758e-04,2.9332891084e-03,3.7754979181e-01,2.7312383661e-02,0.0000000000e+00,0.0000000000e+00,0.0000000000e+00,0.0000000000e+00,5.1230237873e-07,5.1230290184e-07,1.3132689997e-04,6.7881786623e-06,5.2491266535e-07,5.3519156354e-07,1.2994482574e-04,6.7809997572e-06,1.0000000000e+00,4.1921888688e+00,2.0679115636e+00,4.1921888688e+00,1.0000000000e+00,1.0000285724e+00,1.0000095586e+00,1.0000285724e+00,1.8311188587e+03,1.8709638048e+03,1.9618065183e+00,nan,3.6300275990e-01,3.7090166027e-01,3.8891040697e-04,nan,2.5752654725e+00,2.3512959542e-02,2.7316097418e-01,4.1920690912e+00,1.3947398841e-01,9.8947607660e-01,-5.4148415556e-02,-5.9694753393e-02,-5.5129300977e-03,5.5743034304e-01,2.9085997291e-01,502697,54,52,41,1.2994482574e-04,5.2613415690e-01,4.7732754322e-01,2.5136648225e-02,-3.6579704393e+00,-2.7395635752e+03,-5.1130120174e-02,-2.7396147054e+03,-9.7793215571e-06,446976,48,48,0,5.0458807887e-05,2.2512364805e-04,1.1190674713e-01,2.5237239553e-02,-3.6538734550e+00,-1.7151337627e-01,1.5428046045e-01,-1.7232915813e-02,-9.9987424703e-06,2.5088902098e-02,6.7704792550e-02,2.2494821928e-06,4.7492864615e-04,0,0,0,2.3958248488e-04,3.1921888688e+00,3.1924284512e+00,9.3176175816e-08,2.8572417675e-05,2.8665593851e-05,4.7495061735e-04,2.3958248488e+00
448,4.4800000000e-02,1.0000000000e-04,-9.3422178635e-02,1.3523998553e-01,1.5100182411e+00,2.6072294986e-01,-2.1756214149e-01,2.1756214149e-01,1.4779173957e+00,3.3816668915e-01,1.2413996285e-01,1.2418812687e-01,1.9245008094e-01,1.3228558117e-01,0.0000000000e+00,0.0000000000e+00,0.0000000000e+00,0.0000000000e+00,2.2382317701e-05,3.2401131789e-05,3.6177392242e-04,6.2464652193e-05,2.2382317701e-05,2.2759036557e-05,5.0428383479e-05,2.4818266793e-05,-1.0785547812e+01,1.0785558842e+01,2.7647571571e+03,1.4291035157e+02,-1.0786507245e+01,1.0786507245e+01,2.7647790063e+03,1.4291355797e+02,9.5943299545e-04,2.9333758370e-03,3.7754993437e-01,2.7312642341e-02,0.0000000000e+00,0.0000000000e+00,0.0000000000e+00,0.0000000000e+00,5.1226025919e-07,5.1226078305e-07,1.3131231186e-04,6.7875359702e-06,5.2487682698e-07,5.3516208646e-07,1.2992447949e-04,6.7803514650e-06,1.0000000000e+00,4.1921888688e+00,2.0679115636e+00,4.1921888688e+00,1.0000000000e+00,1.0000285724e+00,1.0000095586e+00,1.0000285724e+00,1.8309428866e+03,1.8707263439e+03,1.9618070957e+00,nan,3.6296787502e-01,3.7085458579e-01,3.8891052144e-04,nan,2.5764157112e+00,2.3514268063e-02,2.7320003937e-01,4.1920690912e+00,1.3939198033e-01,9.8943105675e-01,-4.8905491967e-02,-5.2937885195e-02,-5.4982727269e-03,5.5744813268e-01,2.9082600756e-01,410838,44,55,54,1.2992447949e-04,5.2626410172e-01,4.7731007433e-01,2.5126868903e-02,-3.6583695928e+00,-2.7390547157e+03,-5.1382947160e-02,-2.7391060987e+03,-9.7947632026e-06,442416,48,0,48,5.0428383479e-05,2.2603269489e-04,1.1195720593e-01,2.5227240810e-02,-3.6542799811e+00,-1.7161460511e-01,1.5432118886e-01,-1.7293416249e-02,-1.0005378364e-05,2.5079178610e-02,6.7701099466e-02,2.2562943357e-06,4.7572130979e-04,0,0,0,2.3958248488e-04,3.1921888688e+00,3.1924284512e+00,9.3176175816e-08,2.8572417675e-05,2.8665593851e-05,4.7495061735e-04,2.3958248488e+00
449,4.4900000000e-02,1.0000000000e-04,-9.3418466822e-02,1.3523963664e-01,1.5099952985e+00,2.6069767030e-01,-2.1757429366e-01,2.1757429366e-01,1.4779401746e+00,3.3814999934e-01,1.2415582684e-01,1.2420384695e-01,1.9245008894e-01,1.3229859891e-01,0.0000000000e+00,0.0000000000e+00,0.0000000000e+00,0.0000000000e+00,2.2381428415e-05,3.2401048201e-05,3.6176842578e-04,6.2458595653e-05,2.2381428415e-05,2.2756509783e-05,5.0398073596e-05,2.4812351427e-05,-1.0784653129e+01,1.0784664175e+01,2.7644473858e+03,1.4289671528e+02,-1.0785612219e+01,1.0785612219e+01,2.7644689808e+03,1.4289991843e+02,9.5908938588e-04,2.9334622344e-03,3.7755002346e-01,2.7312901223e-02,0.0000000000e+00,0.0000000000e+00,0.0000000000e+00,0.0000000000e+00,5.1221776618e-07,5.1221829078e-07,1.3129759925e-04,6.7868883139e-06,5.2483845372e-07,5.3512822955e-07,1.2990400592e-04,6.7796982730e-06,1.0000000000e+00,4.1921888688e+00,2.0679115636e+00,4.1921888688e+00,1.0000000000e+00,1.0000285724e+00,1.0000095586e+00,1.0000285724e+00,1.8307655583e+03,1.8704877425e+03,1.9618074772e+00,nan,3.6293272130e-01,3.7080728521e-01,3.8891059706e-04,nan,2.5775589552e+00,2.3515391185e-02,2.7323884611e-01,4.1920690912e+00,1.3931031567e-01,9.8938599536e-01,-4.3126488771e-02,-4.5378601644e-02,-5.4855778001e-03,5.5746572819e-01,2.9079144137e-01,391337,42,44,41,1.2990400592e-04,5.2639402620e-01,4.7729267934e-01,2.5117074140e-02,-3.6587695282e+00,-2.7385433124e+03,-5.1635713684e-02,-2.7385949481e+03,-9.8111675795e-06,446976,48,48,0,5.0398073596e-05,2.2694204001e-04,1.1200763432e-01,2.5217235432e-02,-3.6546869342e+00,-1.7171569375e-01,1.5436186902e-01,-1.7353824733e-02,-1.0011692054e-05,2.5069441291e-02,6.7697315020e-02,2.2629939445e-06,4.7651400126e-04,0,0,0,2.3958248488e-04,3.1921888688e+00,3.1924284512e+00,9.3176175816e-08,2.8572417675e-05,2.8665593851e-05,4.7495061735e-04,2.3958248488e+00
450,4.5000000000e-02,1.0000000000e-04,-9.3414681491e-02,1.3523922285e-01,1.5099720288e+00,2.6067224576e-01,-2.1758637029e-01,2.1758637029e-01,1.4779624507e+00,3.3813316688e-01,1.2417168880e-01,1.2421956556e-01,1.9245008914e-01,1.3231161761e-01,0.0000000000e+00,0.0000000000e+00,0.0000000000e+00,0.0000000000e+00,2.2380521516e-05,3.2400949063e-05,3.6176285076e-04,6.2452504380e-05,2.2380521516e-05,2.2753975302e-05,5.0367877615e-05,2.4806443038e-05,-1.0783750389e+01,1.0783761450e+01,2.7641349449e+03,1.4288297192e+02,-1.0784709135e+01,1.0784709135e+01,2.7641562857e+03,1.4288617182e+02,9.5874580073e-04,2.9335482921e-03,3.7755005904e-01,2.7313160303e-02,0.0000000000e+00,0.0000000000e+00,0.0000000000e+00,0.0000000000e+00,5.1217489046e-07,5.1217541581e-07,1.3128275985e-04,6.7862355723e-06,5.2480618292e-07,5.3508422337e-07,1.2988340071e-04,6.7790395567e-06,1.0000000000e+00,4.1921888688e+00,2.0679115636e+00,4.1921888688e+00,1.0000000000e+00,1.0000285724e+00,1.0000095586e+00,1.0000285724e+00,1.8305868534e+03,1.8702479785e+03,1.9618076600e+00,nan,3.6289729466e-01,3.7075975417e-01,3.8891063329e-04,nan,2.5786951300e+00,2.3516076477e-02,2.7327737178e-01,4.1920690912e+00,1.3922899355e-01,9.8934087659e-01,-3.6847151452e-02,-3.7061293742e-02,-5.4745871249e-03,5.5748324981e-01,2.9075302873e-01,392105,42,52,41,1.2988340071e-04,5.2652393021e-01,4.7727535780e-01,2.5107262972e-02,-3.6591702859e+00,-2.7380293177e+03,-5.1888419404e-02,-2.7380812061e+03,-9.8284601757e-06,4656,0,48,48,5.0367877615e-05,2.2785165853e-04,1.1205803239e-01,2.5207223740e-02,-3.6550943015e+00,-1.7181664340e-01,1.5440250107e-01,-1.7414142327e-02,-1.0017671185e-05,2.5059689668e-02,6.7693436316e-02,2.2695480436e-06,4.7730635713e-04,0,0,0,2.3958248488e-04,3.1921888688e+00,3.1924284512e+00,9.3176175816e-08,2.8572417675e-05,2.8665593851e-05,4.7495061735e-04,2.3958248488e+00
451,4.5100000000e-02,1.0000000000e-04,-9.3410821969e-02,1.3523873933e-01,1.5099484223e+00,2.6064667345e-01,-2.1759837070e-01,2.1759837070e-01,1.4779842151e+00,3.3811618945e-01,1.2418754873e-01,1.2423528268e-01,1.9245008939e-01,1.3232463726e-01,0.0000000000e+00,0.0000000000e+00,0.0000000000e+00,0.0000000000e+00,2.2379596842e-05,3.2400833221e-05,3.6175719505e-04,6.2446377701e-05,2.2379596842e-05,2.2751433538e-05,5.0337794933e-05,2.4800541409e-05,-1.0782839411e+01,1.0782850488e+01,2.7638197901e+03,1.4286911915e+02,-1.0783797813e+01,1.0783797813e+01,2.7638408767e+03,1.4287231579e+02,9.5840226578e-04,2.9336340355e-03,3.7755004108e-01,2.7313419580e-02,0.0000000000e+00,0.0000000000e+00,0.0000000000e+00,0.0000000000e+00,5.1213162350e-07,5.1213214959e-07,1.3126779156e-04,6.7855776339e-06,5.2478033407e-07,5.3503088541e-07,1.2986249376e-04,6.7783755425e-06,1.0000000000e+00,4.1921888688e+00,2.0679115636e+00,4.1921888688e+00,1.0000000000e+00,1.0000285724e+00,1.0000095586e+00,1.0000285724e+00,1.8304067538e+03,1.8700070329e+03,1.9618075641e+00,nan,3.6286159156e-01,3.7071198889e-01,3.8891061428e-04,nan,2.5798208668e+00,2.3516359288e-02,2.7331562769e-01,4.1920690912e+00,1.3914801315e-01,9.8929442034e-01,-3.0112790283e-02,-2.8048553854e-02,-5.4646587830e-03,5.5750137351e-01,2.9071173980e-01,484457,52,54,41,1.2986249376e-04,5.2665381361e-01,4.7725810925e-01,2.5097434512e-02,-3.6595719029e+00,-2.7375126880e+03,-5.2141063971e-02,-2.7375648290e+03,-9.8465624401e-06,4656,0,48,48,5.0337794933e-05,2.2876148346e-04,1.1210840027e-01,2.5197206069e-02,-3.6555020698e+00,-1.7191745529e-01,1.5444308515e-01,-1.7474370139e-02,-1.0023305417e-05,2.5049923334e-02,6.7689460439e-02,2.2759226899e-06,4.7809867690e-04,0,0,0,2.3958248488e-04,3.1921888688e+00,3.1924284512e+00,9.3176175816e-08,2.8572417675e-05,2.8665593851e-05,4.7495061735e-04,2.3958248488e+00
452,4.5200000000e-02,1.0000000000e-04,-9.3406887720e-02,1.3523818510e-01,1.5099244692e+00,2.6062095087e-01,-2.1761029436e-01,2.1761029436e-01,1.4780054588e+00,3.3809906507e-01,1.2420340664e-01,1.2425099834e-01,1.9245008948e-01,1.3233765785e-01,0.0000000000e+00,0.0000000000e+00,0.0000000000e+00,0.0000000000e+00,2.2378654265e-05,3.2400700436e-05,3.6175145631e-04,6.2440215023e-05,2.2378654265e-05,2.2748884452e-05,5.0307824961e-05,2.4794646357e-05,-1.0781920032e+01,1.0781931125e+01,2.7635018811e+03,1.4285515481e+02,-1.0782878091e+01,1.0782878091e+01,2.7635227136e+03,1.4285834820e+02,9.5805880814e-04,2.9337194917e-03,3.7754996954e-01,2.7313679054e-02,0.0000000000e+00,0.0000000000e+00,0.0000000000e+00,0.0000000000e+00,5.1208795754e-07,5.1208848438e-07,1.3125269245e-04,6.7849143969e-06,5.2474711995e-07,5.3498189964e-07,1.2984122763e-04,6.7777062512e-06,1.0000000000e+00,4.1921888688e+00,2.0679115636e+00,4.1921888688e+00,1.0000000000e+00,1.0000285724e+00,1.0000095586e+00,1.0000285724e+00,1.8302252447e+03,1.8697648896e+03,1.9618071915e+00,nan,3.6282560901e-01,3.7066398616e-01,3.8891054043e-04,nan,2.5809350282e+00,2.3516841047e-02,2.7335361649e-01,4.1920690912e+00,1.3906737370e-01,9.8924620298e-01,-2.2979669480e-02,-1.8420007137e-02,-5.4563812499e-03,5.5752004214e-01,2.9067444457e-01,410729,44,54,41,1.2984122763e-04,5.2678367610e-01,4.7724093325e-01,2.5087587950e-02,-3.6599744133e+00,-2.7369933839e+03,-5.2393646705e-02,-2.7370457775e+03,-9.8653920486e-06,442416,48,0,48,5.0307824961e-05,2.2967169119e-04,1.1215873806e-01,2.5187182763e-02,-3.6559102256e+00,-1.7201813071e-01,1.5448362139e-01,-1.7534509318e-02,-1.0028586321e-05,2.5040141944e-02,6.7685384464e-02,2.2820852710e-06,4.7889123942e-04,0,0,0,2.3958248488e-04,3.1921888688e+00,3.1924284512e+00,9.3176175816e-08,2.8572417675e-05,2.8665593851e-05,4.7495061735e-04,2.3958248488e+00
453,4.5300000000e-02,1.0000000000e-04,-9.3402878346e-02,1.3523756266e-01,1.5099001597e+00,2.6059507593e-01,-2.1762214089e-01,2.1762214089e-01,1.4780261730e+00,3.3808179209e-01,1.2421926254e-01,1.2426671252e-01,1.9245008780e-01,1.3235067938e-01,0.0000000000e+00,0.0000000000e+00,0.0000000000e+00,0.0000000000e+00,2.2377693689e-05,3.2400551311e-05,3.6174563218e-04,6.2434015841e-05,2.2377693689e-05,2.2746327461e-05,5.0277967127e-05,2.4788757731e-05,-1.0780992106e+01,1.0781003214e+01,2.7631811820e+03,1.4284107698e+02,-1.0781949821e+01,1.0781949821e+01,2.7632017604e+03,1.4284426713e+02,9.5771540091e-04,2.9338046337e-03,3.7754984440e-01,2.7313938728e-02,0.0000000000e+00,0.0000000000e+00,0.0000000000e+00,0.0000000000e+00,5.1204388562e-07,5.1204441320e-07,1.3123746083e-04,6.7842457697e-06,5.2470665646e-07,5.3493758422e-07,1.2981985659e-04,6.7770318896e-06,1.0000000000e+00,4.1921888688e+00,2.0679115636e+00,4.1921888688e+00,1.0000000000e+00,1.0000285724e+00,1.0000095586e+00,1.0000285724e+00,1.8300423139e+03,1.8695215354e+03,1.9618065583e+00,nan,3.6278934464e-01,3.7061574339e-01,3.8891041491e-04,nan,2.5820426722e+00,2.3517536408e-02,2.7339134793e-01,4.1920690912e+00,1.3898707449e-01,9.8919817388e-01,-1.5508068511e-02,-8.2633838453e-03,-5.4509594617e-03,5.5753803556e-01,2.9063808235e-01,391351,42,44,55,1.2981985659e-04,5.2691351733e-01,4.7722382935e-01,2.5077722558e-02,-3.6603778478e+00,-2.7364713705e+03,-5.2646166815e-02,-2.7365240167e+03,-9.8848632645e-06,442416,48,0,48,5.0277967127e-05,2.3058246877e-04,1.1220904589e-01,2.5177154177e-02,-3.6563187549e+00,-1.7211867098e-01,1.5452410993e-01,-1.7594561048e-02,-1.0033507284e-05,2.5030345226e-02,6.7681205475e-02,2.2880059983e-06,4.7968325632e-04,0,0,0,2.3958248488e-04,3.1921888688e+00,3.1924284512e+00,9.3176175816e-08,2.8572417675e-05,2.8665593851e-05,4.7495061735e-04,2.3958248488e+00
454,4.5400000000e-02,1.0000000000e-04,-9.3398793586e-02,1.3523687689e-01,1.5098754840e+00,2.6056904688e-01,-2.1763391002e-01,2.1763391002e-01,1.4780463487e+00,3.3806436918e-01,1.2423511643e-01,1.2428242524e-01,1.9245008811e-01,1.3236370184e-01,0.0000000000e+00,0.0000000000e+00,0.0000000000e+00,0.0000000000e+00,2.2376715053e-05,3.2400387013e-05,3.6173972031e-04,6.2427779735e-05,2.2376715052e-05,2.2743762556e-05,5.0248220872e-05,2.4782875416e-05,-1.0780055501e+01,1.0780066625e+01,2.7628576615e+03,1.4282688399e+02,-1.0781012873e+01,1.0781012873e+01,2.7628779857e+03,1.4283007089e+02,9.5737201756e-04,2.9338894346e-03,3.7754966563e-01,2.7314198598e-02,0.0000000000e+00,0.0000000000e+00,0.0000000000e+00,0.0000000000e+00,5.1199940155e-07,5.1199992988e-07,1.3122209520e-04,6.7835716727e-06,5.2465977484e-07,5.3489679226e-07,1.2979838385e-04,6.7763521986e-06,1.0000000000e+00,4.1921888688e+00,2.0679115636e+00,4.1921888688e+00,1.0000000000e+00,1.0000285724e+00,1.0000095586e+00,1.0000285724e+00,1.8298579524e+03,1.8692769602e+03,1.9618056262e+00,nan,3.6275279664e-01,3.7056725856e-01,3.8891023013e-04,nan,2.5831438725e+00,2.3518395030e-02,2.7342881263e-01,4.1920690912e+00,1.3890711484e-01,9.8915036870e-01,-7.7620973552e-03,2.3230835973e-03,-5.4481746301e-03,5.5755560777e-01,2.9060253596e-01,483210,52,41,42,1.2979838385e-04,5.2704333719e-01,4.7720679708e-01,2.5067837694e-02,-3.6607822337e+00,-2.7359466172e+03,-5.2898624004e-02,-2.7359995158e+03,-9.9048872910e-06,4656,0,48,48,5.0248220872e-05,2.3149340020e-04,1.1225932386e-01,2.5167120669e-02,-3.6567276432e+00,-1.7221907745e-01,1.5456455091e-01,-1.7654526540e-02,-1.0038063427e-05,2.5020532972e-02,6.7676920579e-02,2.2936529889e-06,4.8047430455e-04,0,0,0,2.3958248488e-04,3.1921888688e+00,3.1924284512e+00,9.3176175816e-08,2.8572417675e-05,2.8665593851e-05,4.7495061735e-04,2.3958248488e+00
455,4.5500000000e-02,1.0000000000e-04,-9.3394633319e-02,1.3523611942e-01,1.5098504323e+00,2.6054286232e-01,-2.1764560164e-01,2.1764560164e-01,1.4780659770e+00,3.3804679537e-01,1.2425096832e-01,1.2429813649e-01,1.9245008880e-01,1.3237672522e-01,0.0000000000e+00,0.0000000000e+00,0.0000000000e+00,0.0000000000e+00,2.2375718325e-05,3.2400205536e-05,3.6173371838e-04,6.2421506373e-05,2.2375718325e-05,2.2741189748e-05,5.0218585647e-05,2.4776999329e-05,-1.0779110108e+01,1.0779121248e+01,2.7625312929e+03,1.4281257440e+02,-1.0780067137e+01,1.0780067137e+01,2.7625513630e+03,1.4281575805e+02,9.5702863489e-04,2.9339738708e-03,3.7754943319e-01,2.7314458662e-02,0.0000000000e+00,0.0000000000e+00,0.0000000000e+00,0.0000000000e+00,5.1195450003e-07,5.1195502911e-07,1.3120659430e-04,6.7828920377e-06,5.2460997600e-07,5.3485442062e-07,1.2977681958e-04,6.7756670449e-06,1.0000000000e+00,4.1921888688e+00,2.0679115636e+00,4.1921888688e+00,1.0000000000e+00,1.0000285724e+00,1.0000095586e+00,1.0000285724e+00,1.8296721541e+03,1.8690311569e+03,1.9618044114e+00,nan,3.6271596380e-01,3.7051853029e-01,3.8890998930e-04,nan,2.5842388413e+00,2.3519192555e-02,2.7346600591e-01,4.1920690912e+00,1.3882749408e-01,9.8910287456e-01,1.9086916754e-04,1.3235253629e-02,-5.4478187793e-03,5.5757291575e-01,2.9056710527e-01,391337,42,44,41,1.2977681958e-04,5.2717313557e-01,4.7718983599e-01,2.5057932807e-02,-3.6611875946e+00,-2.7354190979e+03,-5.3151017981e-02,-2.7354722489e+03,-9.9253726590e-06,442416,48,0,48,5.0218585647e-05,2.3240429268e-04,1.1230957208e-01,2.5157082606e-02,-3.6571368762e+00,-1.7231935149e-01,1.5460494446e-01,-1.7714407028e-02,-1.0042251500e-05,2.5010705045e-02,6.7672526917e-02,2.2989978402e-06,4.8126416455e-04,0,0,0,2.3958248488e-04,3.1921888688e+00,3.1924284512e+00,9.3176175816e-08,2.8572417675e-05,2.8665593851e-05,4.7495061735e-04,2.3958248488e+00
456,4.5600000000e-02,1.0000000000e-04,-9.3390397559e-02,1.3523529140e-01,1.5098249951e+00,2.6051652125e-01,-2.1765721577e-01,2.1765721577e-01,1.4780850491e+00,3.3802907002e-01,1.2426681821e-01,1.2431384628e-01,1.9245008563e-01,1.3238974951e-01,0.0000000000e+00,0.0000000000e+00,0.0000000000e+00,0.0000000000e+00,2.2374703511e-05,3.2400007158e-05,3.6172762406e-04,6.2415195515e-05,2.2374703511e-05,2.2738609075e-05,5.0189060917e-05,2.4771129419e-05,-1.0778155833e+01,1.0778166988e+01,2.7622020543e+03,1.4279814702e+02,-1.0779112518e+01,1.0779112518e+01,2.7622218703e+03,1.4280132742e+02,9.5668524347e-04,2.9340579327e-03,3.7754914705e-01,2.7314718919e-02,0.0000000000e+00,0.0000000000e+00,0.0000000000e+00,0.0000000000e+00,5.1190917666e-07,5.1190970646e-07,1.3119095709e-04,6.7822068081e-06,5.2455996283e-07,5.3480986747e-07,1.2975515646e-04,6.7749763285e-06,1.0000000000e+00,4.1921888688e+00,2.0679115636e+00,4.1921888688e+00,1.0000000000e+00,1.0000285724e+00,1.0000095586e+00,1.0000285724e+00,1.8294849160e+03,1.8687841217e+03,1.9618029569e+00,nan,3.6267884554e-01,3.7046955780e-01,3.8890970096e-04,nan,2.5853274417e+00,2.3519902458e-02,2.7350292407e-01,4.1920690912e+00,1.3874821158e-01,9.8905564328e-01,8.2819485081e-03,2.4366958007e-02,-5.4498030836e-03,5.5759005897e-01,2.9053137029e-01,484554,52,55,42,1.2975515646e-04,5.2730291239e-01,4.7717294562e-01,2.5048007435e-02,-3.6615939506e+00,-2.7348887915e+03,-5.3403348477e-02,-2.7349421948e+03,-9.9462255387e-06,4656,0,48,48,5.0189060917e-05,2.3331518588e-04,1.1235979066e-01,2.5147040355e-02,-3.6575464391e+00,-1.7241949448e-01,1.5464529071e-01,-1.7774203763e-02,-1.0046069789e-05,2.5000861378e-02,6.7668021683e-02,2.3040112503e-06,4.8205273071e-04,0,0,0,2.3958248488e-04,3.1921888688e+00,3.1924284512e+00,9.3176175816e-08,2.8572417675e-05,2.8665593851e-05,4.7495061735e-04,2.3958248488e+00
457,4.5700000000e-02,1.0000000000e-04,-9.3386086456e-02,1.3523439798e-01,1.5097991627e+00,2.6049002305e-01,-2.1766875257e-01,2.1766875257e-01,1.4781035564e+00,3.3801119286e-01,1.2428266611e-01,1.2432955461e-01,1.9245008972e-01,1.3240277470e-01,0.0000000000e+00,0.0000000000e+00,0.0000000000e+00,0.0000000000e+00,2.2373670646e-05,3.2399793111e-05,3.6172143508e-04,6.2408847009e-05,2.2373670647e-05,2.2736020595e-05,5.0159646153e-05,2.4765265665e-05,-1.0777192601e+01,1.0777203772e+01,2.7618699291e+03,1.4278360091e+02,-1.0778148943e+01,1.0778148943e+01,2.7618894910e+03,1.4278677807e+02,9.5634184452e-04,2.9341416209e-03,3.7754880718e-01,2.7314979368e-02,0.0000000000e+00,0.0000000000e+00,0.0000000000e+00,0.0000000000e+00,5.1186342792e-07,5.1186395846e-07,1.3117518279e-04,6.7815159398e-06,5.2450992715e-07,5.3476492135e-07,1.2973338481e-04,6.7742799888e-06,1.0000000000e+00,4.1921888688e+00,2.0679115636e+00,4.1921888688e+00,1.0000000000e+00,1.0000285724e+00,1.0000095586e+00,1.0000285724e+00,1.8292962384e+03,1.8685358540e+03,1.9618011493e+00,nan,3.6264144190e-01,3.7042034096e-01,3.8890934261e-04,nan,2.5864094897e+00,2.3520603314e-02,2.7353956466e-01,4.1920690912e+00,1.3866926670e-01,9.8900860706e-01,1.6442327000e-02,3.5613482425e-02,-5.4541849818e-03,5.5760708938e-01,2.9049594143e-01,410729,44,54,41,1.2973338481e-04,5.2743266755e-01,4.7715612550e-01,2.5038061209e-02,-3.6620013176e+00,-2.7343556819e+03,-5.3655615208e-02,-2.7344093375e+03,-9.9673501363e-06,446976,48,48,0,5.0159646153e-05,2.3422610597e-04,1.1240997972e-01,2.5136994285e-02,-3.6579563172e+00,-1.7251950781e-01,1.5468558981e-01,-1.7833918008e-02,-1.0049518033e-05,2.4991001974e-02,6.7663402133e-02,2.3086674252e-06,4.8283996534e-04,0,0,0,2.3958248488e-04,3.1921888688e+00,3.1924284512e+00,9.3176175816e-08,2.8572417675e-05,2.8665593851e-05,4.7495061735e-04,2.3958248488e+00
458,4.5800000000e-02,1.0000000000e-04,-9.3381700292e-02,1.3523343767e-01,1.5097729260e+00,2.6046336746e-01,-2.1768021232e-01,2.1768021232e-01,1.4781214904e+00,3.3799316392e-01,1.2429851203e-01,1.2434526148e-01,1.9245008897e-01,1.3241580080e-01,0.0000000000e+00,0.0000000000e+00,0.0000000000e+00,0.0000000000e+00,2.2372619799e-05,3.2399563036e-05,3.6171514922e-04,6.2402460796e-05,2.2372619799e-05,2.2733424391e-05,5.0130340835e-05,2.4759408079e-05,-1.0776220360e+01,1.0776231546e+01,2.7615349055e+03,1.4276893541e+02,-1.0777176359e+01,1.0777176359e+01,2.7615542133e+03,1.4277210933e+02,9.5599844000e-04,2.9342249373e-03,3.7754872559e-01,2.7315240009e-02,0.0000000000e+00,0.0000000000e+00,0.0000000000e+00,0.0000000000e+00,5.1181725128e-07,5.1181778255e-07,1.3115927082e-04,6.7808194012e-06,5.2445833424e-07,5.3472139397e-07,1.2971150911e-04,6.7735779889e-06,1.0000000000e+00,4.1921888688e+00,2.0679115636e+00,4.1921888688e+00,1.0000000000e+00,1.0000285724e+00,1.0000095586e+00,1.0000285724e+00,1.8291061244e+03,1.8682863562e+03,1.9618007329e+00,nan,3.6260375354e-01,3.7037088028e-01,3.8890926007e-04,nan,2.5874850828e+00,2.3521374729e-02,2.7357592585e-01,4.1920690912e+00,1.3859065882e-01,9.8896180421e-01,2.4605364478e-02,4.6875213692e-02,-5.4610085469e-03,5.5762402009e-01,2.9046100963e-01,502697,54,52,41,1.2971150911e-04,5.2756240093e-01,4.7713937517e-01,2.5028093859e-02,-3.6624097081e+00,-2.7338197581e+03,-5.3907817870e-02,-2.7338736659e+03,-9.9886491406e-06,446976,48,48,0,5.0130340835e-05,2.3513710073e-04,1.1246013937e-01,2.5126944767e-02,-3.6583664957e+00,-1.7261939290e-01,1.5472584187e-01,-1.7893551033e-02,-1.0052597342e-05,2.4981126903e-02,6.7658665605e-02,2.3129403953e-06,4.8362581326e-04,0,0,0,2.3958248488e-04,3.1921888688e+00,3.1924284512e+00,9.3176175816e-08,2.8572417675e-05,2.8665593851e-05,4.7495061735e-04,2.3958248488e+00
459,4.5900000000e-02,1.0000000000e-04,-9.3377239483e-02,1.3523241302e-01,1.5097462759e+00,2.6043655460e-01,-2.1769159545e-01,2.1769159545e-01,1.4781388430e+00,3.3797498363e-01,1.2431435596e-01,1.2436096690e-01,1.9245008870e-01,1.3242882778e-01,0.0000000000e+00,0.0000000000e+00,0.0000000000e+00,0.0000000000e+00,2.2371551067e-05,3.2399317549e-05,3.6170876431e-04,6.2396036905e-05,2.2371551067e-05,2.2730820567e-05,5.0101144452e-05,2.4753556700e-05,-1.0775239077e+01,1.0775250278e+01,2.7611969771e+03,1.4275415013e+02,-1.0776194732e+01,1.0776194732e+01,2.7612160310e+03,1.4275732081e+02,9.5565502589e-04,2.9343078775e-03,3.7754905363e-01,2.7315500842e-02,0.0000000000e+00,0.0000000000e+00,0.0000000000e+00,0.0000000000e+00,5.1177064515e-07,5.1177117715e-07,1.3114322089e-04,6.7801171733e-06,5.2440633286e-07,5.3467839229e-07,1.2968952947e-04,6.7728703049e-06,1.0000000000e+00,4.1921888688e+00,2.0679115636e+00,4.1921888688e+00,1.0000000000e+00,1.0000285724e+00,1.0000095586e+00,1.0000285724e+00,1.8289145807e+03,1.8680356342e+03,1.9618024402e+00,nan,3.6256578173e-01,3.7032117691e-01,3.8890959853e-04,nan,2.5885542314e+00,2.3522177332e-02,2.7361200603e-01,4.1920690912e+00,1.3851238730e-01,9.8891523775e-01,3.2707912701e-02,5.8060085909e-02,-5.4702490699e-03,5.5764086913e-01,2.9042627978e-01,392105,42,52,41,1.2968952947e-04,5.2769211244e-01,4.7712269417e-01,2.5018105210e-02,-3.6628191302e+00,-2.7332810142e+03,-5.4159956169e-02,-2.7333351741e+03,-1.0010024171e-05,4656,0,48,48,5.0101144452e-05,2.3604817177e-04,1.1251026971e-01,2.5116892169e-02,-3.6587769598e+00,-1.7271915115e-01,1.5476604703e-01,-1.7953104111e-02,-1.0055310116e-05,2.4971236308e-02,6.7653809525e-02,2.3168069234e-06,4.8441025117e-04,0,0,0,2.3958248488e-04,3.1921888688e+00,3.1924284512e+00,9.3176175816e-08,2.8572417675e-05,2.8665593851e-05,4.7495061735e-04,2.3958248488e+00
460,4.6000000000e-02,1.0000000000e-04,-9.3372704570e-02,1.3523131641e-01,1.5097192036e+00,2.6040958498e-01,-2.1770290250e-01,2.1770290250e-01,1.4781556063e+00,3.3795665270e-01,1.2433019793e-01,1.2437667086e-01,1.9245008973e-01,1.3244185565e-01,0.0000000000e+00,0.0000000000e+00,0.0000000000e+00,0.0000000000e+00,2.2370464581e-05,3.2399054819e-05,3.6170227826e-04,6.2389575457e-05,2.2370464581e-05,2.2728210141e-05,5.0072056496e-05,2.4747711593e-05,-1.0774248737e+01,1.0774259953e+01,2.7608561429e+03,1.4273924494e+02,-1.0775204048e+01,1.0775204048e+01,2.7608749427e+03,1.4274241238e+02,9.5531160267e-04,2.9343904415e-03,3.7754933534e-01,2.7315761865e-02,0.0000000000e+00,0.0000000000e+00,0.0000000000e+00,0.0000000000e+00,5.1172360890e-07,5.1172414164e-07,1.3112703295e-04,6.7794092503e-06,5.2435626511e-07,5.3463347004e-07,1.2966744049e-04,6.7721569257e-06,1.0000000000e+00,4.1921888688e+00,2.0679115636e+00,4.1921888688e+00,1.0000000000e+00,1.0000285724e+00,1.0000095586e+00,1.0000285724e+00,1.8287216169e+03,1.8677836968e+03,1.9618038935e+00,nan,3.6252752839e-01,3.7027123261e-01,3.8890988663e-04,nan,2.5896168355e+00,2.3522902451e-02,2.7364780377e-01,4.1920690912e+00,1.3843445150e-01,9.8886886689e-01,4.0691147651e-02,6.9085252339e-02,-5.4818852915e-03,5.5765766130e-01,2.9039182483e-01,409577,44,42,41,1.2966744049e-04,5.2782180197e-01,4.7710608203e-01,2.5008095186e-02,-3.6632295883e+00,-2.7327394497e+03,-5.4412029811e-02,-2.7327938618e+03,-1.0031376249e-05,446976,48,48,0,5.0072056496e-05,2.3695932540e-04,1.1256037085e-01,2.5106836859e-02,-3.6591876948e+00,-1.7281878394e-01,1.5480620543e-01,-1.8012578512e-02,-1.0057659969e-05,2.4961330397e-02,6.7648831428e-02,2.3202445712e-06,4.8519328371e-04,0,0,0,2.3958248488e-04,3.1921888688e+00,3.1924284512e+00,9.3176175816e-08,2.8572417675e-05,2.8665593851e-05,4.7495061735e-04,2.3958248488e+00
461,4.6100000000e-02,1.0000000000e-04,-9.3368096218e-02,1.3523015366e-01,1.5096917007e+00,2.6038245948e-01,-2.1771413414e-01,2.1771413414e-01,1.4781717726e+00,3.3793817223e-01,1.2434603792e-01,1.2439237338e-01,1.9245008934e-01,1.3245488440e-01,0.0000000000e+00,0.0000000000e+00,0.0000000000e+00,0.0000000000e+00,2.2369360501e-05,3.2398776244e-05,3.6169568906e-04,6.2383076662e-05,2.2369360501e-05,2.2725592452e-05,5.0043076466e-05,2.4741872850e-05,-1.0773249349e+01,1.0773260581e+01,2.7605124071e+03,1.4272421999e+02,-1.0774204317e+01,1.0774204317e+01,2.7605309529e+03,1.4272738419e+02,9.5496818002e-04,2.9344726387e-03,3.7754957077e-01,2.7316023079e-02,0.0000000000e+00,0.0000000000e+00,0.0000000000e+00,0.0000000000e+00,5.1167614291e-07,5.1167667637e-07,1.3111070720e-04,6.7786956394e-06,5.2430555475e-07,5.3459073866e-07,1.2964512166e-04,6.7714378585e-06,1.0000000000e+00,4.1921888688e+00,2.0679115636e+00,4.1921888688e+00,1.0000000000e+00,1.0000285724e+00,1.0000095586e+00,1.0000285724e+00,1.8285272456e+03,1.8675305563e+03,1.9618051209e+00,nan,3.6248899603e-01,3.7022104979e-01,3.8891012994e-04,nan,2.5906704946e+00,2.3523731660e-02,2.7368331813e-01,4.1920690912e+00,1.3835685074e-01,9.8882177080e-01,4.8501999700e-02,7.9879133353e-02,-5.4959181273e-03,5.5767439215e-01,2.9035723115e-01,382890,41,52,42,1.2964512166e-04,5.2795146941e-01,4.7708953830e-01,2.4998063809e-02,-3.6636410826e+00,-2.7321950695e+03,-5.4664038493e-02,-2.7322497335e+03,-1.0052606218e-05,446976,48,48,0,5.0043076466e-05,2.3787055990e-04,1.1261044291e-01,2.5096779199e-02,-3.6595986862e+00,-1.7291829270e-01,1.5484631720e-01,-1.8071975500e-02,-1.0059651663e-05,2.4951409446e-02,6.7643728967e-02,2.3232332666e-06,4.8597488878e-04,0,0,0,2.3958248488e-04,3.1921888688e+00,3.1924284512e+00,9.3176175816e-08,2.8572417675e-05,2.8665593851e-05,4.7495061735e-04,2.3958248488e+00
462,4.6200000000e-02,1.0000000000e-04,-9.3363415213e-02,1.3522892278e-01,1.5096637592e+00,2.6035517934e-01,-2.1772529117e-01,2.1772529117e-01,1.4781873350e+00,3.3791954359e-01,1.2436187595e-01,1.2440807446e-01,1.9245008861e-01,1.3246791402e-01,0.0000000000e+00,0.0000000000e+00,0.0000000000e+00,0.0000000000e+00,2.2368239014e-05,3.2398481347e-05,3.6168899477e-04,6.2376540818e-05,2.2368239014e-05,2.2722967561e-05,5.0014203861e-05,2.4736040590e-05,-1.0772240941e+01,1.0772252188e+01,2.7601657792e+03,1.4270907571e+02,-1.0773195565e+01,1.0773195565e+01,2.7601840710e+03,1.4271223668e+02,9.5462475751e-04,2.9345544684e-03,3.7754976000e-01,2.7316284484e-02,0.0000000000e+00,0.0000000000e+00,0.0000000000e+00,0.0000000000e+00,5.1162824850e-07,5.1162878270e-07,1.3109424408e-04,6.7779763609e-06,5.2425515125e-07,5.3454794249e-07,1.2962270937e-04,6.7707131260e-06,1.0000000000e+00,4.1921888688e+00,2.0679115636e+00,4.1921888688e+00,1.0000000000e+00,1.0000285724e+00,1.0000095586e+00,1.0000285724e+00,1.8283314827e+03,1.8672762279e+03,1.9618061115e+00,nan,3.6245018781e-01,3.7017063148e-01,3.8891032633e-04,nan,2.5917179394e+00,2.3524565665e-02,2.7371854850e-01,4.1920690912e+00,1.3827958435e-01,9.8877498611e-01,5.6092886959e-02,9.0380814481e-02,-5.5123494617e-03,5.5769105815e-01,2.9032266308e-01,392105,42,52,41,1.2962270937e-04,5.2808111453e-01,4.7707306250e-01,2.4988011203e-02,-3.6640536092e+00,-2.7316478837e+03,-5.4915981676e-02,-2.7317027997e+03,-1.0073615494e-05,4656,0,48,48,5.0014203861e-05,2.3878182469e-04,1.1266048599e-01,2.5086719548e-02,-3.6600099195e+00,-1.7301767878e-01,1.5488638245e-01,-1.8131296327e-02,-1.0061291033e-05,2.4941473795e-02,6.7638499922e-02,2.3257547186e-06,4.8675510317e-04,0,0,0,2.3958248488e-04,3.1921888688e+00,3.1924284512e+00,9.3176175816e-08,2.8572417675e-05,2.8665593851e-05,4.7495061735e-04,2.3958248488e+00
463,4.6300000000e-02,1.0000000000e-04,-9.3358662456e-02,1.3522762797e-01,1.5096353716e+00,2.6032774616e-01,-2.1773637449e-01,2.1773637449e-01,1.4782022866e+00,3.3790076852e-01,1.2437771203e-01,1.2442377409e-01,1.9245008848e-01,1.3248094450e-01,0.0000000000e+00,0.0000000000e+00,0.0000000000e+00,0.0000000000e+00,2.2367100337e-05,3.2398171134e-05,3.6168219359e-04,6.2369968309e-05,2.2367100337e-05,2.2720335649e-05,4.9985438188e-05,2.4730214952e-05,-1.0771223562e+01,1.0771234825e+01,2.7598162742e+03,1.4269381281e+02,-1.0772177843e+01,1.0772177843e+01,2.7598343121e+03,1.4269697055e+02,9.5428133841e-04,2.9346359335e-03,3.7754990310e-01,2.7316546078e-02,0.0000000000e+00,0.0000000000e+00,0.0000000000e+00,0.0000000000e+00,5.1157992803e-07,5.1158046296e-07,1.3107764432e-04,6.7772514484e-06,5.2420360499e-07,5.3450625799e-07,1.2960021465e-04,6.7699827440e-06,1.0000000000e+00,4.1921888688e+00,2.0679115636e+00,4.1921888688e+00,1.0000000000e+00,1.0000285724e+00,1.0000095586e+00,1.0000285724e+00,1.8281343470e+03,1.8670207299e+03,1.9618068564e+00,nan,3.6241110745e-01,3.7011998132e-01,3.8891047400e-04,nan,2.5927593986e+00,2.3525456061e-02,2.7375349374e-01,4.1920690912e+00,1.3820265159e-01,9.8872859154e-01,6.3422325454e-02,1.0054050375e-01,-5.5312349651e-03,5.5770762540e-01,2.9028808114e-01,383084,41,54,44,1.2960021465e-04,5.2821073724e-01,4.7705665419e-01,2.4977937588e-02,-3.6644671601e+00,-2.7310979077e+03,-5.5167859089e-02,-2.7311530756e+03,-1.0094306306e-05,446976,48,48,0,4.9985438188e-05,2.3969318739e-04,1.1271050019e-01,2.5076658257e-02,-3.6604213805e+00,-1.7311694357e-01,1.5492640134e-01,-1.8190542233e-02,-1.0062584932e-05,2.4931512819e-02,6.7633142220e-02,2.3277924281e-06,4.8753396279e-04,0,0,0,2.3958248488e-04,3.1921888688e+00,3.1924284512e+00,9.3176175816e-08,2.8572417675e-05,2.8665593851e-05,4.7495061735e-04,2.3958248488e+00
464,4.6400000000e-02,1.0000000000e-04,-9.3353838957e-02,1.3522627254e-01,1.5096065306e+00,2.6030016189e-01,-2.1774738512e-01,2.1774738512e-01,1.4782166211e+00,3.3788184903e-01,1.2439354616e-01,1.2443947229e-01,1.9245008850e-01,1.3249397584e-01,0.0000000000e+00,0.0000000000e+00,0.0000000000e+00,0.0000000000e+00,2.2365944711e-05,3.2397846398e-05,3.6167528380e-04,6.2363359601e-05,2.2365944711e-05,2.2717696911e-05,4.9956778950e-05,2.4724396096e-05,-1.0770197282e+01,1.0770208560e+01,2.7594639124e+03,1.4267843226e+02,-1.0771151219e+01,1.0771151219e+01,2.7594816963e+03,1.4268158677e+02,9.5393792032e-04,2.9347170312e-03,3.7755000014e-01,2.7316807863e-02,0.0000000000e+00,0.0000000000e+00,0.0000000000e+00,0.0000000000e+00,5.1153118478e-07,5.1153172045e-07,1.3106090887e-04,6.7765209483e-06,5.2416003372e-07,5.3445715798e-07,1.2957761019e-04,6.7692466504e-06,1.0000000000e+00,4.1921888688e+00,2.0679115636e+00,4.1921888688e+00,1.0000000000e+00,1.0000285724e+00,1.0000095586e+00,1.0000285724e+00,1.8279358604e+03,1.8667640837e+03,1.9618073605e+00,nan,3.6237175926e-01,3.7006910353e-01,3.8891057392e-04,nan,2.5937943341e+00,2.3526027312e-02,2.7378814933e-01,4.1920690912e+00,1.3812605170e-01,9.8868237143e-01,7.0454961313e-02,1.1031836561e-01,-5.5522707289e-03,5.5772417243e-01,2.9025117312e-01,511146,55,44,42,1.2957761019e-04,5.2834033746e-01,4.7704031290e-01,2.4967843281e-02,-3.6648817235e+00,-2.7305451622e+03,-5.5419670478e-02,-2.7306005819e+03,-1.0114582238e-05,442416,48,0,48,4.9956778950e-05,2.4060474628e-04,1.1276048563e-01,2.5066595672e-02,-3.6608330554e+00,-1.7321608841e-01,1.5496637397e-01,-1.8249714440e-02,-1.0063541173e-05,2.4921528346e-02,6.7627653940e-02,2.3293320684e-06,4.8831144249e-04,0,0,0,2.3958248488e-04,3.1921888688e+00,3.1924284512e+00,9.3176175816e-08,2.8572417675e-05,2.8665593851e-05,4.7495061735e-04,2.3958248488e+00
465,4.6500000000e-02,1.0000000000e-04,-9.3348945831e-02,1.3522485050e-01,1.5095772298e+00,2.6027242882e-01,-2.1775832417e-01,2.1775832417e-01,1.4782303329e+00,3.3786278745e-01,1.2440937834e-01,1.2445516905e-01,1.9245008917e-01,1.3250700803e-01,0.0000000000e+00,0.0000000000e+00,0.0000000000e+00,0.0000000000e+00,2.2364772403e-05,3.2397505701e-05,3.6166826383e-04,6.2356715243e-05,2.2364772403e-05,2.2715051558e-05,4.9928225654e-05,2.4718584204e-05,-1.0769162190e+01,1.0769173484e+01,2.7591087191e+03,1.4266293531e+02,-1.0770115785e+01,1.0770115785e+01,2.7591262491e+03,1.4266608659e+02,9.5359453659e-04,2.9347977947e-03,3.7755005118e-01,2.7317069837e-02,0.0000000000e+00,0.0000000000e+00,0.0000000000e+00,0.0000000000e+00,5.1148202305e-07,5.1148255945e-07,1.3104403895e-04,6.7757849199e-06,5.2412081509e-07,5.3441477829e-07,1.2955482901e-04,6.7685049939e-06,1.0000000000e+00,4.1921888688e+00,2.0679115636e+00,4.1921888688e+00,1.0000000000e+00,1.0000285724e+00,1.0000095586e+00,1.0000285724e+00,1.8277360474e+03,1.8665063135e+03,1.9618076189e+00,nan,3.6233214814e-01,3.7001800291e-01,3.8891062515e-04,nan,2.5948214123e+00,2.3526901400e-02,2.7382251904e-01,4.1920690912e+00,1.3804978387e-01,9.8863580554e-01,7.7160855148e-02,1.1968578966e-01,-5.5767909096e-03,5.5774020405e-01,2.9021671807e-01,501943,54,44,55,1.2955482901e-04,5.2846991507e-01,4.7702403819e-01,2.4957728699e-02,-3.6652972835e+00,-2.7299896732e+03,-5.5671415542e-02,-2.7300453446e+03,-1.0134348749e-05,4656,0,48,48,4.9928225654e-05,2.4151638712e-04,1.1281044241e-01,2.5056532131e-02,-3.6612449304e+00,-1.7331511463e-01,1.5500630048e-01,-1.8308814146e-02,-1.0064168471e-05,2.4911528431e-02,6.7622033325e-02,2.3303619277e-06,4.8908836179e-04,0,0,0,2.3958248488e-04,3.1921888688e+00,3.1924284512e+00,9.3176175816e-08,2.8572417675e-05,2.8665593851e-05,4.7495061735e-04,2.3958248488e+00
466,4.6600000000e-02,1.0000000000e-04,-9.3343984290e-02,1.3522337167e-01,1.5095474629e+00,2.6024454957e-01,-2.1776919288e-01,2.1776919288e-01,1.4782434166e+00,3.3784358638e-01,1.2442520859e-01,1.2447086437e-01,1.9245008802e-01,1.3252004107e-01,0.0000000000e+00,0.0000000000e+00,0.0000000000e+00,0.0000000000e+00,2.2363583705e-05,3.2397151399e-05,3.6166113221e-04,6.2350035863e-05,2.2363583705e-05,2.2712399815e-05,4.9899777808e-05,2.4712779474e-05,-1.0768118398e+01,1.0768129708e+01,2.7587507252e+03,1.4264732350e+02,-1.0769071650e+01,1.0769071650e+01,2.7587680013e+03,1.4265047155e+02,9.5325120632e-04,2.9348782426e-03,3.7755005630e-01,2.7317332000e-02,0.0000000000e+00,0.0000000000e+00,0.0000000000e+00,0.0000000000e+00,5.1143244810e-07,5.1143298524e-07,1.3102703600e-04,6.7750434358e-06,5.2408108046e-07,5.3437854832e-07,1.2953191937e-04,6.7677578506e-06,1.0000000000e+00,4.1921888688e+00,2.0679115636e+00,4.1921888688e+00,1.0000000000e+00,1.0000285724e+00,1.0000095586e+00,1.0000285724e+00,1.8275349354e+03,1.8662474463e+03,1.9618076572e+00,nan,3.6229227952e-01,3.6996668483e-01,3.8891063275e-04,nan,2.5958416060e+00,2.3528053076e-02,2.7385660353e-01,4.1920690912e+00,1.3797384724e-01,9.8858925086e-01,8.3516468494e-02,1.2862092821e-01,-5.6037233869e-03,5.5775617862e-01,2.9018390143e-01,392105,42,52,41,1.2953191937e-04,5.2859946990e-01,4.7700782959e-01,2.4947594350e-02,-3.6657138202e+00,-2.7294314717e+03,-5.5923093845e-02,-2.7294873947e+03,-1.0153513859e-05,442416,48,0,48,4.9899777808e-05,2.4242757514e-04,1.1286037063e-01,2.5046467962e-02,-3.6616569923e+00,-1.7341402354e-01,1.5504618101e-01,-1.8367842528e-02,-1.0064476356e-05,2.4901513674e-02,6.7616278795e-02,2.3308702894e-06,4.8986524815e-04,0,0,0,2.3958248488e-04,3.1921888688e+00,3.1924284512e+00,9.3176175816e-08,2.8572417675e-05,2.8665593851e-05,4.7495061735e-04,2.3958248488e+00
467,4.6700000000e-02,1.0000000000e-04,-9.3338955641e-02,1.3522183308e-01,1.5095172246e+00,2.6021652707e-01,-2.1777999254e-01,2.1777999254e-01,1.4782558677e+00,3.3782424871e-01,1.2444103690e-01,1.2448655826e-01,1.9245008949e-01,1.3253307494e-01,0.0000000000e+00,0.0000000000e+00,0.0000000000e+00,0.0000000000e+00,2.2362378929e-05,3.2396782779e-05,3.6165388764e-04,6.2343322162e-05,2.2362378929e-05,2.2709741918e-05,4.9871434917e-05,2.4706982119e-05,-1.0767066036e+01,1.0767077361e+01,2.7583899662e+03,1.4263159859e+02,-1.0768018944e+01,1.0768018944e+01,2.7584069884e+03,1.4263474342e+02,9.5290792950e-04,2.9349583749e-03,3.7755001557e-01,2.7317594353e-02,0.0000000000e+00,0.0000000000e+00,0.0000000000e+00,0.0000000000e+00,5.1138246609e-07,5.1138300397e-07,1.3100990173e-04,6.7742965803e-06,5.2404158821e-07,5.3433424520e-07,1.2951384304e-04,6.7670052415e-06,1.0000000000e+00,4.1921888688e+00,2.0679115636e+00,4.1921888688e+00,1.0000000000e+00,1.0000285724e+00,1.0000095586e+00,1.0000285724e+00,1.8273325546e+03,1.8659875118e+03,1.9618074305e+00,nan,3.6225215934e-01,3.6991515516e-01,3.8891058781e-04,nan,2.5969544139e+00,2.3528855904e-02,2.7389040106e-01,4.1920690912e+00,1.3789824089e-01,9.8858056775e-01,8.9503059038e-02,1.3710926260e-01,-5.6329926997e-03,5.5777207885e-01,2.9014892196e-01,502520,54,50,56,1.2951384304e-04,4.9132057856e-01,4.7559331630e-01,2.4935553453e-02,-3.6662089332e+00,-2.7584069884e+03,1.7022224603e-02,-2.7583899662e+03,-1.0184406499e-05,446976,48,48,0,4.9871434917e-05,2.4333851686e-04,1.1291027041e-01,2.5036403486e-02,-3.6620692282e+00,-1.7351281640e-01,1.5508601567e-01,-1.8426800732e-02,-1.0064475169e-05,2.4891484739e-02,6.7610388950e-02,2.3308518417e-06,4.9064177374e-04,0,0,0,2.3958248488e-04,3.1921888688e+00,3.1924284512e+00,9.3176175816e-08,2.8572417675e-05,2.8665593851e-05,4.7495061735e-04,2.3958248488e+00
468,4.6800000000e-02,1.0000000000e-04,-9.3333861275e-02,1.3522023093e-01,1.5094865099e+00,2.6018836454e-01,-2.1779072456e-01,2.1779072456e-01,1.4782676822e+00,3.3780477757e-01,1.2445686328e-01,1.2450225073e-01,1.9245008967e-01,1.3254610964e-01,0.0000000000e+00,0.0000000000e+00,0.0000000000e+00,0.0000000000e+00,2.2361158408e-05,3.2396398932e-05,3.6164652895e-04,6.2336574914e-05,2.2361158408e-05,2.2707078115e-05,4.9843196485e-05,2.4701192369e-05,-1.0766005252e+01,1.0766016592e+01,2.7580264825e+03,1.4261576261e+02,-1.0766957816e+01,1.0766957816e+01,2.7580432509e+03,1.4261890421e+02,9.5256470907e-04,2.9350381954e-03,3.7754992904e-01,2.7317856897e-02,0.0000000000e+00,0.0000000000e+00,0.0000000000e+00,0.0000000000e+00,5.1133208407e-07,5.1133262269e-07,1.3099263806e-04,6.7735444494e-06,5.2396609215e-07,5.3425518572e-07,1.2949876461e-04,6.7662367074e-06,1.0000000000e+00,4.1921888688e+00,2.0679115636e+00,4.1921888688e+00,1.0000000000e+00,1.0000285724e+00,1.0000095586e+00,1.0000285724e+00,1.8271289372e+03,1.8657265421e+03,1.9618069791e+00,nan,3.6221179403e-01,3.6986342027e-01,3.8891049832e-04,nan,2.5981231893e+00,2.3528134400e-02,2.7392348541e-01,4.1920690912e+00,1.3782296385e-01,9.8859574505e-01,9.5137552319e-02,1.4532179245e-01,-5.8658065142e-03,5.5771454911e-01,2.9009556018e-01,502136,54,46,56,1.2949876461e-04,4.9145009240e-01,4.7557797331e-01,2.4925369047e-02,-3.6666278906e+00,-2.7580432509e+03,1.6768369630e-02,-2.7580264825e+03,-1.0201869818e-05,442416,48,0,48,4.9843196485e-05,2.4424946159e-04,1.1296014185e-01,2.5026339011e-02,-3.6624816256e+00,-1.7361149446e-01,1.5512580459e-01,-1.8485689876e-02,-1.0064175996e-05,2.4881442352e-02,6.7604362587e-02,2.3302991122e-06,4.9141768454e-04,0,0,0,2.3958248488e-04,3.1921888688e+00,3.1924284512e+00,9.3176175816e-08,2.8572417675e-05,2.8665593851e-05,4.7495061735e-04,2.3958248488e+00
469,4.6900000000e-02,1.0000000000e-04,-9.3328702660e-02,1.3521856765e-01,1.5094553147e+00,2.6016006549e-01,-2.1780139040e-01,2.1780139040e-01,1.4782788566e+00,3.3778517633e-01,1.2447268774e-01,1.2451794177e-01,1.9245008916e-01,1.3255914517e-01,0.0000000000e+00,0.0000000000e+00,0.0000000000e+00,0.0000000000e+00,2.2359922494e-05,3.2396000439e-05,3.6163905511e-04,6.2329794957e-05,2.2359922494e-05,2.2704408664e-05,4.9815062013e-05,2.4695410463e-05,-1.0764936212e+01,1.0764947568e+01,2.7576603195e+03,1.4259981782e+02,-1.0765888433e+01,1.0765888433e+01,2.7576768340e+03,1.4260295621e+02,9.5222140576e-04,2.9351178098e-03,3.7754979680e-01,2.7318119632e-02,0.0000000000e+00,0.0000000000e+00,0.0000000000e+00,0.0000000000e+00,5.1128130995e-07,5.1128184933e-07,1.3097524712e-04,6.7727871509e-06,5.2390575067e-07,5.3425653677e-07,1.2948406790e-04,6.7654603061e-06,1.0000000000e+00,4.1921888688e+00,2.0679115636e+00,4.1921888688e+00,1.0000000000e+00,1.0000285724e+00,1.0000095586e+00,1.0000285724e+00,1.8269241180e+03,1.8654645717e+03,1.9618062972e+00,nan,3.6217119049e-01,3.6981148701e-01,3.8891036313e-04,nan,2.5992955276e+00,2.3530960206e-02,2.7395617968e-01,4.1920690912e+00,1.3774801507e-01,9.8861480126e-01,1.0034826681e-01,1.5288167329e-01,-5.8857168717e-03,5.5773645213e-01,2.9007269826e-01,391528,42,46,40,1.2948406790e-04,4.9157959117e-01,4.7556269281e-01,2.4915167177e-02,-3.6670477336e+00,-2.7576768340e+03,1.6514537461e-02,-2.7576603195e+03,-1.0218473092e-05,446976,48,48,0,4.9815062013e-05,2.4516080056e-04,1.1300998504e-01,2.5016274835e-02,-3.6628941723e+00,-1.7371005894e-01,1.5516554789e-01,-1.8544511042e-02,-1.0063590759e-05,2.4871387294e-02,6.7598198821e-02,2.3292002687e-06,4.9219763801e-04,0,0,0,2.3958248488e-04,3.1921888688e+00,3.1924284512e+00,9.3176175816e-08,2.8572417675e-05,2.8665593851e-05,4.7495061735e-04,2.3958248488e+00
470,4.7000000000e-02,1.0000000000e-04,-9.3323481337e-02,1.3521684782e-01,1.5094236357e+00,2.6013163369e-01,-2.1781199162e-01,2.1781199162e-01,1.4782893886e+00,3.3776544859e-01,1.2448851029e-01,1.2453363138e-01,1.9245008956e-01,1.3257218151e-01,0.0000000000e+00,0.0000000000e+00,0.0000000000e+00,0.0000000000e+00,2.2358671557e-05,3.2395588398e-05,3.6163146538e-04,6.2322983196e-05,2.2358671557e-05,2.2701733828e-05,4.9787031001e-05,2.4689636653e-05,-1.0763859104e+01,1.0763870476e+01,2.7572915269e+03,1.4258376662e+02,-1.0764810982e+01,1.0764810982e+01,2.7573077876e+03,1.4258690179e+02,9.5187808455e-04,2.9351971869e-03,3.7754961895e-01,2.7318382638e-02,0.0000000000e+00,0.0000000000e+00,0.0000000000e+00,0.0000000000e+00,5.1123015265e-07,5.1123069278e-07,1.3095773129e-04,6.7720247980e-06,5.2385275616e-07,5.3425537311e-07,1.2946928805e-04,6.7646847792e-06,1.0000000000e+00,4.1921888688e+00,2.0679115636e+00,4.1921888688e+00,1.0000000000e+00,1.0000285724e+00,1.0000095586e+00,1.0000285724e+00,1.8267181338e+03,1.8652016370e+03,1.9618053689e+00,nan,3.6213035597e-01,3.6975936258e-01,3.8891017912e-04,nan,2.6004621173e+00,2.3533681487e-02,2.7398883484e-01,4.1920690912e+00,1.3767339341e-01,9.8863417057e-01,1.0517242751e-01,1.5995988914e-01,-5.8679549224e-03,5.5777739941e-01,2.9005251721e-01,429176,46,54,56,1.2946928805e-04,4.9170907524e-01,4.7554747437e-01,2.4904948704e-02,-3.6674684279e+00,-2.7573077876e+03,1.6260727451e-02,-2.7572915269e+03,-1.0234139874e-05,446976,48,48,0,4.9787031001e-05,2.4611257717e-04,1.1305980011e-01,2.5006211244e-02,-3.6633068567e+00,-1.7380851099e-01,1.5520524571e-01,-1.8603265277e-02,-1.0062733030e-05,2.4861320400e-02,6.7591896839e-02,2.3275669280e-06,4.9297997789e-04,0,0,0,2.3958248488e-04,3.1921888688e+00,3.1924284512e+00,9.3176175816e-08,2.8572417675e-05,2.8665593851e-05,4.7495061735e-04,2.3958248488e+00
471,4.7100000000e-02,1.0000000000e-04,-9.3318198910e-02,1.3521506961e-01,1.5093914701e+00,2.6010307315e-01,-2.1782252983e-01,2.1782252983e-01,1.4782992763e+00,3.3774559814e-01,1.2450433092e-01,1.2454931958e-01,1.9245008835e-01,1.3258521865e-01,0.0000000000e+00,0.0000000000e+00,0.0000000000e+00,0.0000000000e+00,2.2357405980e-05,3.2395162370e-05,3.6162375906e-04,6.2316140592e-05,2.2357405980e-05,2.2699053880e-05,4.9759102942e-05,2.4683871198e-05,-1.0762774129e+01,1.0762785517e+01,2.7569201587e+03,1.4256761177e+02,-1.0763725664e+01,1.0763725664e+01,2.7569361657e+03,1.4257074372e+02,9.5153477493e-04,2.9352762996e-03,3.7754939557e-01,2.7318645888e-02,0.0000000000e+00,0.0000000000e+00,0.0000000000e+00,0.0000000000e+00,5.1117862170e-07,5.1117916257e-07,1.3094009314e-04,6.7712575225e-06,5.2380215083e-07,5.3424296885e-07,1.2945432353e-04,6.7639074241e-06,1.0000000000e+00,4.1921888688e+00,2.0679115636e+00,4.1921888688e+00,1.0000000000e+00,1.0000285724e+00,1.0000095586e+00,1.0000285724e+00,1.8265110234e+03,1.8649377768e+03,1.9618042206e+00,nan,3.6208929822e-01,3.6970705468e-01,3.8890995146e-04,nan,2.6016209272e+00,2.3535913509e-02,2.7402133846e-01,4.1920690912e+00,1.3759909767e-01,9.8865305829e-01,1.0958514396e-01,1.6660397246e-01,-5.8812783122e-03,5.5780709742e-01,2.9002725727e-01,429160,46,54,40,1.2945432353e-04,4.9183854452e-01,4.7553231759e-01,2.4894714564e-02,-3.6678899358e+00,-2.7569361657e+03,1.6006939868e-02,-2.7569201587e+03,-1.0248798312e-05,446976,48,48,0,4.9759102942e-05,2.4709586697e-04,1.1310958714e-01,2.4996148511e-02,-3.6637196678e+00,-1.7390685175e-01,1.5524489817e-01,-1.8661953583e-02,-1.0061614870e-05,2.4851242558e-02,6.7585456022e-02,2.3253979538e-06,4.9376365874e-04,0,0,0,2.3958248488e-04,3.1921888688e+00,3.1924284512e+00,9.3176175816e-08,2.8572417675e-05,2.8665593851e-05,4.7495061735e-04,2.3958248488e+00
472,4.7200000000e-02,1.0000000000e-04,-9.3312857041e-02,1.3521323488e-01,1.5093588155e+00,2.6007438812e-01,-2.1783300668e-01,2.1783300668e-01,1.4783085181e+00,3.3772562899e-01,1.2452014964e-01,1.2456501209e-01,1.9245008928e-01,1.3259825660e-01,0.0000000000e+00,0.0000000000e+00,0.0000000000e+00,0.0000000000e+00,2.2356126161e-05,3.2394722802e-05,3.6161593560e-04,6.2309268160e-05,2.2356126161e-05,2.2696369096e-05,4.9731277326e-05,2.4678114363e-05,-1.0761681503e+01,1.0761692907e+01,2.7565462731e+03,1.4255135624e+02,-1.0762632695e+01,1.0762632695e+01,2.7565620262e+03,1.4255448498e+02,9.5119148729e-04,2.9353551233e-03,3.7754912673e-01,2.7318909367e-02,0.0000000000e+00,0.0000000000e+00,0.0000000000e+00,0.0000000000e+00,5.1112672738e-07,5.1112726900e-07,1.3092233541e-04,6.7704854651e-06,5.2375307005e-07,5.3422141746e-07,1.2943915479e-04,6.7631270160e-06,1.0000000000e+00,4.1921888688e+00,2.0679115636e+00,4.1921888688e+00,1.0000000000e+00,1.0000285724e+00,1.0000095586e+00,1.0000285724e+00,1.8263028279e+03,1.8646730317e+03,1.9618028141e+00,nan,3.6204802534e-01,3.6965457137e-01,3.8890967265e-04,nan,2.6027715705e+00,2.3537748051e-02,2.7405363783e-01,4.1920690912e+00,1.3752512661e-01,9.8867129417e-01,1.1358444645e-01,1.7280914161e-01,-5.9138031256e-03,5.5782977324e-01,2.8999866915e-01,466040,50,54,56,1.2943915479e-04,4.9196799885e-01,4.7551722205e-01,2.4884465766e-02,-3.6683122167e+00,-2.7565620262e+03,1.5753175179e-02,-2.7565462731e+03,-1.0262381643e-05,4656,0,48,48,4.9731277326e-05,2.4810260002e-04,1.1315934624e-01,2.4986086896e-02,-3.6641325950e+00,-1.7400508231e-01,1.5528450538e-01,-1.8720576928e-02,-1.0060248907e-05,2.4841154694e-02,6.7578875974e-02,2.3226956113e-06,4.9454796890e-04,0,0,0,2.3958248488e-04,3.1921888688e+00,3.1924284512e+00,9.3176175816e-08,2.8572417675e-05,2.8665593851e-05,4.7495061735e-04,2.3958248488e+00
473,4.7300000000e-02,1.0000000000e-04,-9.3307457438e-02,1.3521134845e-01,1.5093256705e+00,2.6004558302e-01,-2.1784342389e-01,2.1784342389e-01,1.4783171134e+00,3.3770554528e-01,1.2453596646e-01,1.2458070350e-01,1.9245008342e-01,1.3261129534e-01,0.0000000000e+00,0.0000000000e+00,0.0000000000e+00,0.0000000000e+00,2.2354832511e-05,3.2394270846e-05,3.6160799463e-04,6.2302366963e-05,2.2354832511e-05,2.2693679757e-05,4.9703553642e-05,2.4672366419e-05,-1.0760581459e+01,1.0760592878e+01,2.7561699316e+03,1.4253500318e+02,-1.0761532307e+01,1.0761532307e+01,2.7561854310e+03,1.4253812870e+02,9.5084822887e-04,2.9354336429e-03,3.7754881251e-01,2.7319173061e-02,0.0000000000e+00,0.0000000000e+00,0.0000000000e+00,0.0000000000e+00,5.1107448069e-07,5.1107502305e-07,1.3090446105e-04,6.7697087754e-06,5.2370766358e-07,5.3418962199e-07,1.2942381434e-04,6.7623429830e-06,1.0000000000e+00,4.1921888688e+00,2.0679115636e+00,4.1921888688e+00,1.0000000000e+00,1.0000285724e+00,1.0000095586e+00,1.0000285724e+00,1.8260935896e+03,1.8644074442e+03,1.9618012412e+00,nan,3.6200654575e-01,3.6960192104e-01,3.8890936083e-04,nan,2.6039147075e+00,2.3539136346e-02,2.7408570659e-01,4.1920690912e+00,1.3745147889e-01,9.8868910427e-01,1.1717028433e-01,1.7857469330e-01,-5.9573475190e-03,5.5784840560e-01,2.8996740279e-01,427830,46,40,54,1.2942381434e-04,4.9209743800e-01,4.7550218734e-01,2.4874203384e-02,-3.6687352271e+00,-2.7561854310e+03,1.5499433888e-02,-2.7561699316e+03,-1.0274828692e-05,4656,0,48,48,4.9703553642e-05,2.4912648638e-04,1.1320907752e-01,2.4976026647e-02,-3.6645456281e+00,-1.7410320372e-01,1.5532406748e-01,-1.8779136236e-02,-1.0058648961e-05,2.4831057777e-02,6.7572156524e-02,2.3194660339e-06,4.9533239108e-04,0,0,0,2.3958248488e-04,3.1921888688e+00,3.1924284512e+00,9.3176175816e-08,2.8572417675e-05,2.8665593851e-05,4.7495061735e-04,2.3958248488e+00
474,4.7400000000e-02,1.0000000000e-04,-9.3302001849e-02,1.3520941618e-01,1.5092920343e+00,2.6001666247e-01,-2.1785378322e-01,2.1785378322e-01,1.4783250623e+00,3.3768535132e-01,1.2455178137e-01,1.2459639348e-01,1.9245008902e-01,1.3262433487e-01,0.0000000000e+00,0.0000000000e+00,0.0000000000e+00,0.0000000000e+00,2.2353525448e-05,3.2393807909e-05,3.6159993599e-04,6.2295438107e-05,2.2353525448e-05,2.2690986146e-05,4.9675931369e-05,2.4666627639e-05,-1.0759474240e+01,1.0759485676e+01,2.7557911994e+03,1.4251855591e+02,-1.0760424746e+01,1.0760424746e+01,2.7558064452e+03,1.4252167823e+02,9.5050501546e-04,2.9355118599e-03,3.7754845298e-01,2.7319436965e-02,0.0000000000e+00,0.0000000000e+00,0.0000000000e+00,0.0000000000e+00,5.1102189329e-07,5.1102243641e-07,1.3088647315e-04,6.7689276115e-06,5.2366450801e-07,5.3415271238e-07,1.2940828959e-04,6.7615550866e-06,1.0000000000e+00,4.1921888688e+00,2.0679115636e+00,4.1921888688e+00,1.0000000000e+00,1.0000285724e+00,1.0000095586e+00,1.0000285724e+00,1.8258833525e+03,1.8641410577e+03,1.9617993159e+00,nan,3.6196486813e-01,3.6954911232e-01,3.8890897915e-04,nan,2.6050500921e+00,2.3540304020e-02,2.7411753182e-01,4.1920690912e+00,1.3737815311e-01,9.8870636881e-01,1.2034399519e-01,1.8390365899e-01,-6.0073628377e-03,5.5786468760e-01,2.8993532672e-01,429176,46,54,56,1.2940828959e-04,4.9222686182e-01,4.7548721307e-01,2.4863928555e-02,-3.6691589209e+00,-2.7558064452e+03,1.5245716436e-02,-2.7557911994e+03,-1.0286084161e-05,442416,48,0,48,4.9675931369e-05,2.5016277441e-04,1.1325878107e-01,2.4965967998e-02,-3.6649587576e+00,-1.7420121698e-01,1.5536358459e-01,-1.8837632389e-02,-1.0056829651e-05,2.4820952809e-02,6.7565297738e-02,2.3157162797e-06,4.9611652701e-04,0,0,0,2.3958248488e-04,3.1921888688e+00,3.1924284512e+00,9.3176175816e-08,2.8572417675e-05,2.8665593851e-05,4.7495061735e-04,2.3958248488e+00
475,4.7500000000e-02,1.0000000000e-04,-9.3296492058e-02,1.3520743399e-01,1.5092579069e+00,2.5998763126e-01,-2.1786408645e-01,2.1786408645e-01,1.4783323656e+00,3.3766505152e-01,1.2456759440e-01,1.2461208201e-01,1.9245008950e-01,1.3263737518e-01,0.0000000000e+00,0.0000000000e+00,0.0000000000e+00,0.0000000000e+00,2.2352205398e-05,3.2393333010e-05,3.6159175967e-04,6.2288482736e-05,2.2352205398e-05,2.2688288547e-05,4.9648409985e-05,2.4660898297e-05,-1.0758360107e+01,1.0758371558e+01,2.7554101450e+03,1.4250201793e+02,-1.0759310269e+01,1.0759310269e+01,2.7554251370e+03,1.4250513704e+02,9.5016185731e-04,2.9355897749e-03,3.7754804821e-01,2.7319701071e-02,0.0000000000e+00,0.0000000000e+00,0.0000000000e+00,0.0000000000e+00,5.1096897745e-07,5.1096952132e-07,1.3086837494e-04,6.7681421392e-06,5.2362056524e-07,5.3411414974e-07,1.2939254754e-04,6.7607632680e-06,1.0000000000e+00,4.1921888688e+00,2.0679115636e+00,4.1921888688e+00,1.0000000000e+00,1.0000285724e+00,1.0000095586e+00,1.0000285724e+00,1.8256721614e+03,1.8638739170e+03,1.9617972077e+00,nan,3.6192300140e-01,3.6949615411e-01,3.8890856123e-04,nan,2.6061770676e+00,2.3541403251e-02,2.7414910789e-01,4.1920690912e+00,1.3730514775e-01,9.8872281101e-01,1.2310896648e-01,1.8879956212e-01,-6.0595375022e-03,5.5788068087e-01,2.8990288375e-01,429176,46,54,56,1.2939254754e-04,4.9235627011e-01,4.7547229884e-01,2.4853642471e-02,-3.6695832499e+00,-2.7554251370e+03,1.4992023289e-02,-2.7554101450e+03,-1.0296098911e-05,446976,48,48,0,4.9648409985e-05,2.5120792633e-04,1.1330845700e-01,2.4955911168e-02,-3.6653719746e+00,-1.7429912304e-01,1.5540305682e-01,-1.8896066219e-02,-1.0054806016e-05,2.4810840822e-02,6.7558299914e-02,2.3114560461e-06,4.9690008674e-04,0,0,0,2.3958248488e-04,3.1921888688e+00,3.1924284512e+00,9.3176175816e-08,2.8572417675e-05,2.8665593851e-05,4.7495061735e-04,2.3958248488e+00
476,4.7600000000e-02,1.0000000000e-04,-9.3290929869e-02,1.3520540621e-01,1.5092232892e+00,2.5995849428e-01,-2.1787433539e-01,2.1787433539e-01,1.4783390251e+00,3.3764465041e-01,1.2458340552e-01,1.2462776910e-01,1.9245008843e-01,1.3265041625e-01,0.0000000000e+00,0.0000000000e+00,0.0000000000e+00,0.0000000000e+00,2.2350872795e-05,3.2392847190e-05,3.6158346587e-04,6.2281502026e-05,2.2350872795e-05,2.2685587243e-05,4.9620988956e-05,2.4655178668e-05,-1.0757239328e+01,1.0757250795e+01,2.7550268393e+03,1.4248539288e+02,-1.0758189147e+01,1.0758189147e+01,2.7550415777e+03,1.4248850878e+02,9.4981875277e-04,2.9356673802e-03,3.7754759827e-01,2.7319965377e-02,0.0000000000e+00,0.0000000000e+00,0.0000000000e+00,0.0000000000e+00,5.1091574598e-07,5.1091629060e-07,1.3085016982e-04,6.7673525310e-06,5.2357570996e-07,5.3407196554e-07,1.2937668171e-04,6.7599675648e-06,1.0000000000e+00,4.1921888688e+00,2.0679115636e+00,4.1921888688e+00,1.0000000000e+00,1.0000285724e+00,1.0000095586e+00,1.0000285724e+00,1.8254600622e+03,1.8636060679e+03,1.9617948806e+00,nan,3.6188095465e-01,3.6944305545e-01,3.8890809991e-04,nan,2.6072975254e+00,2.3542346945e-02,2.7418043308e-01,4.1920690912e+00,1.3723246121e-01,9.8873911966e-01,1.2546702772e-01,1.9326727332e-01,-6.1135890202e-03,5.5789606042e-01,2.8987024143e-01,466040,50,54,56,1.2937668171e-04,4.9248566265e-01,4.7545744426e-01,2.4843346372e-02,-3.6700081634e+00,-2.7550415777e+03,1.4738354977e-02,-2.7550268393e+03,-1.0304830372e-05,4656,0,48,48,4.9620988956e-05,2.5225935041e-04,1.1335810541e-01,2.4945856362e-02,-3.6657852706e+00,-1.7439692281e-01,1.5544248430e-01,-1.8954438511e-02,-1.0052593357e-05,2.4800722872e-02,6.7551163583e-02,2.3066966244e-06,4.9768283709e-04,0,0,0,2.3958248488e-04,3.1921888688e+00,3.1924284512e+00,9.3176175816e-08,2.8572417675e-05,2.8665593851e-05,4.7495061735e-04,2.3958248488e+00
477,4.7700000000e-02,1.0000000000e-04,-9.3285317105e-02,1.3520333222e-01,1.5091881828e+00,2.5992925656e-01,-2.1788453187e-01,2.1788453187e-01,1.4783450432e+00,3.3762415262e-01,1.2459921476e-01,1.2464345476e-01,1.9245008027e-01,1.3266345809e-01,0.0000000000e+00,0.0000000000e+00,0.0000000000e+00,0.0000000000e+00,2.2349528075e-05,3.2392350298e-05,3.6157505499e-04,6.2274497180e-05,2.2349528075e-05,2.2682882518e-05,4.9593667743e-05,2.4649469023e-05,-1.0756112183e+01,1.0756123666e+01,2.7546413560e+03,1.4246868451e+02,-1.0757061659e+01,1.0757061659e+01,2.7546558407e+03,1.4247179720e+02,9.4947569969e-04,2.9357446693e-03,3.7754710323e-01,2.7320229880e-02,0.0000000000e+00,0.0000000000e+00,0.0000000000e+00,0.0000000000e+00,5.1086221217e-07,5.1086275754e-07,1.3083186126e-04,6.7665589660e-06,5.2352876151e-07,5.3402883500e-07,1.2936072384e-04,6.7591680717e-06,1.0000000000e+00,4.1921888688e+00,2.0679115636e+00,4.1921888688e+00,1.0000000000e+00,1.0000285724e+00,1.0000095586e+00,1.0000285724e+00,1.8252471014e+03,1.8633375567e+03,1.9617923915e+00,nan,3.6183873710e-01,3.6938982552e-01,3.8890760647e-04,nan,2.6084121165e+00,2.3543252696e-02,2.7421150798e-01,4.1920690912e+00,1.3716009183e-01,9.8875551103e-01,1.2742118410e-01,1.9731060641e-01,-6.1688380019e-03,5.5791092364e-01,2.8983706817e-01,502136,54,46,56,1.2936072384e-04,4.9261503933e-01,4.7544264897e-01,2.4833041542e-02,-3.6704336091e+00,-2.7546558407e+03,1.4484711847e-02,-2.7546413560e+03,-1.0312242556e-05,4656,0,48,48,4.9593667743e-05,2.5331523706e-04,1.1340772640e-01,2.4935803769e-02,-3.6661986381e+00,-1.7449461715e-01,1.5548186715e-01,-1.9012749996e-02,-1.0050207165e-05,2.4790600033e-02,6.7543889507e-02,2.3014521171e-06,4.9846464142e-04,0,0,0,2.3958248488e-04,3.1921888688e+00,3.1924284512e+00,9.3176175816e-08,2.8572417675e-05,2.8665593851e-05,4.7495061735e-04,2.3958248488e+00
478,4.7800000000e-02,1.0000000000e-04,-9.3279655596e-02,1.3520121584e-01,1.5091525900e+00,2.5989992320e-01,-2.1789467771e-01,2.1789467771e-01,1.4783504231e+00,3.3760356281e-01,1.2461502212e-01,1.2465913897e-01,1.9245008666e-01,1.3267650068e-01,0.0000000000e+00,0.0000000000e+00,0.0000000000e+00,0.0000000000e+00,2.2348171677e-05,3.2391843251e-05,3.6156652759e-04,6.2267469420e-05,2.2348171677e-05,2.2680174649e-05,4.9566445802e-05,2.4643769628e-05,-1.0754978961e+01,1.0754990460e+01,2.7542537708e+03,1.4245189671e+02,-1.0755928094e+01,1.0755928094e+01,2.7542680019e+03,1.4245500620e+02,9.4913269125e-04,2.9358216327e-03,3.7754656316e-01,2.7320494576e-02,0.0000000000e+00,0.0000000000e+00,0.0000000000e+00,0.0000000000e+00,5.1080838971e-07,5.1080893584e-07,1.3081345288e-04,6.7657616284e-06,5.2348163669e-07,5.3398366786e-07,1.2934467260e-04,6.7583649165e-06,1.0000000000e+00,4.1921888688e+00,2.0679115636e+00,4.1921888688e+00,1.0000000000e+00,1.0000285724e+00,1.0000095586e+00,1.0000285724e+00,1.8250333260e+03,1.8630684301e+03,1.9617895201e+00,nan,3.6179635806e-01,3.6933647360e-01,3.8890703724e-04,nan,2.6095208263e+00,2.3544072130e-02,2.7424233462e-01,4.1920690912e+00,1.3708803780e-01,9.8877194783e-01,1.2897528564e-01,2.0093259542e-01,-6.2246292607e-03,5.5792552518e-01,2.8980378411e-01,466040,50,54,56,1.2934467260e-04,4.9274440006e-01,4.7542791259e-01,2.4822729299e-02,-3.6708595331e+00,-2.7542680019e+03,1.4231094184e-02,-2.7542537708e+03,-1.0318306261e-05,4656,0,48,48,4.9566445802e-05,2.5437422700e-04,1.1345732007e-01,2.4925753562e-02,-3.6666120697e+00,-1.7459220685e-01,1.5552120549e-01,-1.9071001358e-02,-1.0047663078e-05,2.4780473392e-02,6.7536478675e-02,2.2957389600e-06,4.9924539153e-04,0,0,0,2.3958248488e-04,3.1921888688e+00,3.1924284512e+00,9.3176175816e-08,2.8572417675e-05,2.8665593851e-05,4.7495061735e-04,2.3958248488e+00
479,4.7900000000e-02,1.0000000000e-04,-9.3273947175e-02,1.3519905968e-01,1.5091165142e+00,2.5987049936e-01,-2.1790477476e-01,2.1790477476e-01,1.4783551689e+00,3.3758288569e-01,1.2463082758e-01,1.2467482175e-01,1.9245008971e-01,1.3268954401e-01,0.0000000000e+00,0.0000000000e+00,0.0000000000e+00,0.0000000000e+00,2.2346804039e-05,3.2391326671e-05,3.6155788444e-04,6.2260419985e-05,2.2346804039e-05,2.2677463913e-05,4.9539322578e-05,2.4638080746e-05,-1.0753839957e+01,1.0753851472e+01,2.7538641610e+03,1.4243503344e+02,-1.0754788746e+01,1.0754788746e+01,2.7538781385e+03,1.4243813974e+02,9.4878972813e-04,2.9358982692e-03,3.7754602816e-01,2.7320759464e-02,0.0000000000e+00,0.0000000000e+00,0.0000000000e+00,0.0000000000e+00,5.1075429264e-07,5.1075483953e-07,1.3079494834e-04,6.7649607066e-06,5.2343668207e-07,5.3393478177e-07,1.2932850771e-04,6.7575582322e-06,1.0000000000e+00,4.1921888688e+00,2.0679115636e+00,4.1921888688e+00,1.0000000000e+00,1.0000285724e+00,1.0000095586e+00,1.0000285724e+00,1.8248187832e+03,1.8627987350e+03,1.9617867091e+00,nan,3.6175382689e-01,3.6928300900e-01,3.8890647997e-04,nan,2.6106232580e+00,2.3544730743e-02,2.7427291524e-01,4.1920690912e+00,1.3701629728e-01,9.8878824720e-01,1.3013337272e-01,2.0413475045e-01,-6.2804855897e-03,5.5794003452e-01,2.8977034641e-01,373870,40,54,46,1.2932850771e-04,4.9287374473e-01,4.7541323476e-01,2.4812410993e-02,-3.6712858802e+00,-2.7538781385e+03,1.3977502274e-02,-2.7538641610e+03,-1.0322999224e-05,442416,48,0,48,4.9539322578e-05,2.5543542869e-04,1.1350688651e-01,2.4915705899e-02,-3.6670255591e+00,-1.7468969266e-01,1.5556049944e-01,-1.9129193222e-02,-1.0044976829e-05,2.4770344042e-02,6.7528932301e-02,2.2895738435e-06,5.0002500348e-04,0,0,0,2.3958248488e-04,3.1921888688e+00,3.1924284512e+00,9.3176175816e-08,2.8572417675e-05,2.8665593851e-05,4.7495061735e-04,2.3958248488e+00
480,4.8000000000e-02,1.0000000000e-04,-9.3268193665e-02,1.3519686574e-01,1.5090799591e+00,2.5984099026e-01,-2.1791482484e-01,2.1791482484e-01,1.4783592853e+00,3.3756212600e-01,1.2464663117e-01,1.2469050309e-01,1.9245008956e-01,1.3270258808e-01,0.0000000000e+00,0.0000000000e+00,0.0000000000e+00,0.0000000000e+00,2.2345425599e-05,3.2390801042e-05,3.6154912649e-04,6.2253350122e-05,2.2345425599e-05,2.2674751449e-05,4.9512297511e-05,2.4632402631e-05,-1.0752695472e+01,1.0752707003e+01,2.7534726055e+03,1.4241809876e+02,-1.0753643919e+01,1.0753643919e+01,2.7534863294e+03,1.4242120185e+02,9.4844682013e-04,2.9359745877e-03,3.7754656962e-01,2.7321024542e-02,0.0000000000e+00,0.0000000000e+00,0.0000000000e+00,0.0000000000e+00,5.1069993527e-07,5.1070048293e-07,1.3077635138e-04,6.7641563927e-06,5.2339048441e-07,5.3388807539e-07,1.2931216690e-04,6.7567482022e-06,1.0000000000e+00,4.1921888688e+00,2.0679115636e+00,4.1921888688e+00,1.0000000000e+00,1.0000285724e+00,1.0000095586e+00,1.0000285724e+00,1.8246035201e+03,1.8625285185e+03,1.9617895242e+00,nan,3.6171115294e-01,3.6922944101e-01,3.8890703804e-04,nan,2.6117181670e+00,2.3545487438e-02,2.7430325427e-01,4.1920690912e+00,1.3694486830e-01,9.8880390477e-01,1.3090008561e-01,2.0691778417e-01,-6.3362001950e-03,5.5795453628e-01,2.8973717681e-01,429176,46,54,56,1.2931216690e-04,4.9300307324e-01,4.7539861512e-01,2.4802087994e-02,-3.6717125941e+00,-2.7534863294e+03,1.3723936444e-02,-2.7534726055e+03,-1.0326306200e-05,4656,0,48,48,4.9512297511e-05,2.5649825890e-04,1.1355642584e-01,2.4905660922e-02,-3.6674391005e+00,-1.7478707528e-01,1.5559974912e-01,-1.9187326166e-02,-1.0042164184e-05,2.4760213081e-02,6.7521251819e-02,2.2829762701e-06,5.0080344469e-04,0,0,0,2.3958248488e-04,3.1921888688e+00,3.1924284512e+00,9.3176175816e-08,2.8572417675e-05,2.8665593851e-05,4.7495061735e-04,2.3958248488e+00
481,4.8100000000e-02,1.0000000000e-04,-9.3262396875e-02,1.3519463434e-01,1.5090429295e+00,2.5981140112e-01,-2.1792482975e-01,2.1792482975e-01,1.4783627778e+00,3.3754128847e-01,1.2466243288e-01,1.2470618300e-01,1.9245008960e-01,1.3271563288e-01,0.0000000000e+00,0.0000000000e+00,0.0000000000e+00,0.0000000000e+00,2.2344036789e-05,3.2390266437e-05,3.6154025485e-04,6.2246261081e-05,2.2344036789e-05,2.2672037473e-05,4.9485370031e-05,2.4626735529e-05,-1.0751545813e+01,1.0751557360e+01,2.7530791839e+03,1.4240109675e+02,-1.0752493917e+01,1.0752493917e+01,2.7530926543e+03,1.4240419665e+02,9.4810396364e-04,2.9360505836e-03,3.7754707178e-01,2.7321289811e-02,0.0000000000e+00,0.0000000000e+00,0.0000000000e+00,0.0000000000e+00,5.1064533213e-07,5.1064588056e-07,1.3075766580e-04,6.7633488813e-06,5.2335439167e-07,5.3382989710e-07,1.2929580401e-04,6.7559335039e-06,1.0000000000e+00,4.1921888688e+00,2.0679115636e+00,4.1921888688e+00,1.0000000000e+00,1.0000285724e+00,1.0000095586e+00,1.0000285724e+00,1.8243875837e+03,1.8622578271e+03,1.9617921331e+00,nan,3.6166834549e-01,3.6917577889e-01,3.8890755523e-04,nan,2.6128086731e+00,2.3545739889e-02,2.7433329504e-01,4.1920690912e+00,1.3687374882e-01,9.8882006814e-01,1.3127931566e-01,2.0927842238e-01,-6.3911732713e-03,5.5796929657e-01,2.8970116869e-01,502136,54,46,56,1.2929580401e-04,4.9313238541e-01,4.7538405332e-01,2.4791761688e-02,-3.6721396180e+00,-2.7530926543e+03,1.3470397143e-02,-2.7530791839e+03,-1.0328219235e-05,442416,48,0,48,4.9485370031e-05,2.5756210628e-04,1.1360593813e-01,2.4895618758e-02,-3.6678526885e+00,-1.7488435535e-01,1.5563895464e-01,-1.9245400708e-02,-1.0039240881e-05,2.4750081604e-02,6.7513438879e-02,2.2759681099e-06,5.0158068301e-04,0,0,0,2.3958248488e-04,3.1921888688e+00,3.1924284512e+00,9.3176175816e-08,2.8572417675e-05,2.8665593851e-05,4.7495061735e-04,2.3958248488e+00
482,4.8200000000e-02,1.0000000000e-04,-9.3256558591e-02,1.3519236802e-01,1.5090054309e+00,2.5978173713e-01,-2.1793479130e-01,2.1793479130e-01,1.4783656528e+00,3.3752037779e-01,1.2467823271e-01,1.2472186146e-01,1.9245008885e-01,1.3272867840e-01,0.0000000000e+00,0.0000000000e+00,0.0000000000e+00,0.0000000000e+00,2.2342638039e-05,3.2389723467e-05,3.6153127084e-04,6.2239154110e-05,2.2342638039e-05,2.2669321403e-05,4.9458539563e-05,2.4621079677e-05,-1.0750391287e+01,1.0750402850e+01,2.7526839765e+03,1.4238403155e+02,-1.0751339049e+01,1.0751339049e+01,2.7526971934e+03,1.4238712825e+02,9.4776119950e-04,2.9361262976e-03,3.7754753472e-01,2.7321555268e-02,0.0000000000e+00,0.0000000000e+00,0.0000000000e+00,0.0000000000e+00,5.1059049787e-07,5.1059104705e-07,1.3073889540e-04,6.7625383684e-06,5.2331842968e-07,5.3378015794e-07,1.2927942132e-04,6.7551156452e-06,1.0000000000e+00,4.1921888688e+00,2.0679115636e+00,4.1921888688e+00,1.0000000000e+00,1.0000285724e+00,1.0000095586e+00,1.0000285724e+00,1.8241710203e+03,1.8619867069e+03,1.9617945462e+00,nan,3.6162541376e-01,3.6912203176e-01,3.8890803361e-04,nan,2.6138948393e+00,2.3546366847e-02,2.7436309593e-01,4.1920690912e+00,1.3680293671e-01,9.8883672622e-01,1.3127925573e-01,2.1121496101e-01,-6.4424550731e-03,5.5798605793e-01,2.8966821030e-01,466040,50,54,56,1.2927942132e-04,4.9326168121e-01,4.7536954903e-01,2.4781433469e-02,-3.6725668943e+00,-2.7526971934e+03,1.3216884519e-02,-2.7526839765e+03,-1.0328737331e-05,446976,48,48,0,4.9458539563e-05,2.5862647122e-04,1.1365542350e-01,2.4885579517e-02,-3.6682663186e+00,-1.7498153344e-01,1.5567811613e-01,-1.9303417317e-02,-1.0036221795e-05,2.4739950694e-02,6.7505495340e-02,2.2685705429e-06,5.0235654989e-04,0,0,0,2.3958248488e-04,3.1921888688e+00,3.1924284512e+00,9.3176175816e-08,2.8572417675e-05,2.8665593851e-05,4.7495061735e-04,2.3958248488e+00
483,4.8300000000e-02,1.0000000000e-04,-9.3250680571e-02,1.3519006967e-01,1.5089674694e+00,2.5975200348e-01,-2.1794471123e-01,2.1794471123e-01,1.4783679171e+00,3.3749939863e-01,1.2469403066e-01,1.2473753848e-01,1.9245008865e-01,1.3274172462e-01,0.0000000000e+00,0.0000000000e+00,0.0000000000e+00,0.0000000000e+00,2.2341229768e-05,3.2389172822e-05,3.6152217592e-04,6.2232030448e-05,2.2341229768e-05,2.2666603888e-05,4.9431805522e-05,2.4615435299e-05,-1.0749232204e+01,1.0749243783e+01,2.7522870639e+03,1.4236690724e+02,-1.0750179623e+01,1.0750179623e+01,2.7523000273e+03,1.4237000075e+02,9.4741852964e-04,2.9362017323e-03,3.7754795848e-01,2.7321820929e-02,0.0000000000e+00,0.0000000000e+00,0.0000000000e+00,0.0000000000e+00,5.1053544714e-07,5.1053599709e-07,1.3072004401e-04,6.7617250484e-06,5.2327239846e-07,5.3374298151e-07,1.2926296790e-04,6.7542951535e-06,1.0000000000e+00,4.1921888688e+00,2.0679115636e+00,4.1921888688e+00,1.0000000000e+00,1.0000285724e+00,1.0000095586e+00,1.0000285724e+00,1.8239538756e+03,1.8617152033e+03,1.9617967502e+00,nan,3.6158236678e-01,3.6906820862e-01,3.8890847053e-04,nan,2.6149756525e+00,2.3547549696e-02,2.7439267564e-01,4.1920690912e+00,1.3673242975e-01,9.8885346067e-01,1.3090331484e-01,2.1272268440e-01,-6.4924082705e-03,5.5800344169e-01,2.8963851223e-01,502520,54,50,56,1.2926296790e-04,4.9339096063e-01,4.7535510192e-01,2.4771104731e-02,-3.6729943658e+00,-2.7523000273e+03,1.2963398714e-02,-2.7522870639e+03,-1.0327866588e-05,442416,48,0,48,4.9431805522e-05,2.5968945540e-04,1.1370488204e-01,2.4875543295e-02,-3.6686799869e+00,-1.7507861010e-01,1.5571723369e-01,-1.9361376406e-02,-1.0033123220e-05,2.4729821426e-02,6.7497423268e-02,2.2608085823e-06,5.0313106114e-04,0,0,0,2.3958248488e-04,3.1921888688e+00,3.1924284512e+00,9.3176175816e-08,2.8572417675e-05,2.8665593851e-05,4.7495061735e-04,2.3958248488e+00
484,4.8400000000e-02,1.0000000000e-04,-9.3244764536e-02,1.3518774731e-01,1.5089290518e+00,2.5972220529e-01,-2.1795459127e-01,2.1795459127e-01,1.4783695785e+00,3.3747835559e-01,1.2470982673e-01,1.2475321406e-01,1.9245008967e-01,1.3275477155e-01,0.0000000000e+00,0.0000000000e+00,0.0000000000e+00,0.0000000000e+00,2.2339812390e-05,3.2388616426e-05,3.6151297174e-04,6.2224891323e-05,2.2339812390e-05,2.2663886410e-05,4.9405167315e-05,2.4609802607e-05,-1.0748068873e+01,1.0748080468e+01,2.7518885262e+03,1.4234972795e+02,-1.0749015948e+01,1.0749015948e+01,2.7519012361e+03,1.4235281827e+02,9.4707591569e-04,2.9362768502e-03,3.7754834314e-01,2.7322086799e-02,0.0000000000e+00,0.0000000000e+00,0.0000000000e+00,0.0000000000e+00,5.1048019464e-07,5.1048074535e-07,1.3070111544e-04,6.7609091168e-06,5.2321958522e-07,5.3370119150e-07,1.2924645041e-04,6.7534727393e-06,1.0000000000e+00,4.1921888688e+00,2.0679115636e+00,4.1921888688e+00,1.0000000000e+00,1.0000285724e+00,1.0000095586e+00,1.0000285724e+00,1.8237361941e+03,1.8614433604e+03,1.9617987385e+00,nan,3.6153921340e-01,3.6901431823e-01,3.8890886470e-04,nan,2.6160512641e+00,2.3548529226e-02,2.7442206047e-01,4.1920690912e+00,1.3666222564e-01,9.8887029370e-01,1.3015432514e-01,2.1379241268e-01,-6.5427901972e-03,5.5802017058e-01,2.8960784223e-01,392494,42,56,46,1.2924645041e-04,4.9352022360e-01,4.7534071167e-01,2.4760776865e-02,-3.6734219748e+00,-2.7519012361e+03,1.2709939971e-02,-2.7518885262e+03,-1.0325620190e-05,4656,0,48,48,4.9405167315e-05,2.6075137775e-04,1.1375431385e-01,2.4865510172e-02,-3.6690936901e+00,-1.7517558579e-01,1.5575630745e-01,-1.9419278334e-02,-1.0029961062e-05,2.4719694854e-02,6.7489224925e-02,2.2527075746e-06,5.0390431793e-04,0,0,0,2.3958248488e-04,3.1921888688e+00,3.1924284512e+00,9.3176175816e-08,2.8572417675e-05,2.8665593851e-05,4.7495061735e-04,2.3958248488e+00
485,4.8500000000e-02,1.0000000000e-04,-9.3238812161e-02,1.3518539810e-01,1.5088901858e+00,2.5969234759e-01,-2.1796443309e-01,2.1796443309e-01,1.4783706453e+00,3.3745725317e-01,1.2472562093e-01,1.2476888820e-01,1.9245008655e-01,1.3276781916e-01,0.0000000000e+00,0.0000000000e+00,0.0000000000e+00,0.0000000000e+00,2.2338386305e-05,3.2388053596e-05,3.6150366012e-04,6.2217737940e-05,2.2338386305e-05,2.2661168670e-05,4.9378624341e-05,2.4604181801e-05,-1.0746901601e+01,1.0746913212e+01,2.7514884430e+03,1.4233249779e+02,-1.0747848334e+01,1.0747848334e+01,2.7515008996e+03,1.4233558492e+02,9.4673333197e-04,2.9363516259e-03,3.7754868877e-01,2.7322352871e-02,0.0000000000e+00,0.0000000000e+00,0.0000000000e+00,0.0000000000e+00,5.1042475498e-07,5.1042530645e-07,1.3068211347e-04,6.7600907696e-06,5.2316424274e-07,5.3365571216e-07,1.2922987233e-04,6.7526482723e-06,1.0000000000e+00,4.1921888688e+00,2.0679115636e+00,4.1921888688e+00,1.0000000000e+00,1.0000285724e+00,1.0000095586e+00,1.0000285724e+00,1.8235180194e+03,1.8611712214e+03,1.9618005663e+00,nan,3.6149596223e-01,3.6896036913e-01,3.8890922703e-04,nan,2.6171217617e+00,2.3549346459e-02,2.7445124275e-01,4.1920690912e+00,1.3659232198e-01,9.8888722335e-01,1.2903848861e-01,2.1441456211e-01,-6.5930409423e-03,5.5803654086e-01,2.8957677545e-01,466040,50,54,56,1.2922987233e-04,4.9364947005e-01,4.7532637795e-01,2.4750451244e-02,-3.6738496647e+00,-2.7515008996e+03,1.2456508518e-02,-2.7514884430e+03,-1.0322018146e-05,442416,48,0,48,4.9378624341e-05,2.6181352511e-04,1.1380371902e-01,2.4855480211e-02,-3.6695074256e+00,-1.7527246093e-01,1.5579533752e-01,-1.9477123404e-02,-1.0026749899e-05,2.4709572011e-02,6.7480902754e-02,2.2442938948e-06,5.0467637513e-04,0,0,0,2.3958248488e-04,3.1921888688e+00,3.1924284512e+00,9.3176175816e-08,2.8572417675e-05,2.8665593851e-05,4.7495061735e-04,2.3958248488e+00
486,4.8600000000e-02,1.0000000000e-04,-9.3232825075e-02,1.3518302229e-01,1.5088508794e+00,2.5966243531e-01,-2.1797423833e-01,2.1797423833e-01,1.4783711265e+00,3.3743609578e-01,1.2474141326e-01,1.2478456089e-01,1.9245007451e-01,1.3278086746e-01,0.0000000000e+00,0.0000000000e+00,0.0000000000e+00,0.0000000000e+00,2.2336951904e-05,3.2387484395e-05,3.6149424300e-04,6.2210571483e-05,2.2336951904e-05,2.2658449743e-05,4.9352175991e-05,2.4598573066e-05,-1.0745730693e+01,1.0745742320e+01,2.7510868932e+03,1.4231522085e+02,-1.0746677083e+01,1.0746677083e+01,2.7510990963e+03,1.4231830480e+02,9.4639076941e-04,2.9364260505e-03,3.7754899542e-01,2.7322619141e-02,0.0000000000e+00,0.0000000000e+00,0.0000000000e+00,0.0000000000e+00,5.1036914263e-07,5.1036969486e-07,1.3066304183e-04,6.7592702003e-06,5.2311004131e-07,5.3360511698e-07,1.2921324772e-04,6.7518216676e-06,1.0000000000e+00,4.1921888688e+00,2.0679115636e+00,4.1921888688e+00,1.0000000000e+00,1.0000285724e+00,1.0000095586e+00,1.0000285724e+00,1.8232993935e+03,1.8608988278e+03,1.9618022824e+00,nan,3.6145262161e-01,3.6890636956e-01,3.8890956724e-04,nan,2.6181874482e+00,2.3549939340e-02,2.7448021678e-01,4.1920690912e+00,1.3652271633e-01,9.8890432909e-01,1.2756219617e-01,2.1457715925e-01,-6.6428040254e-03,5.5805271776e-01,2.8954503885e-01,373870,40,54,46,1.2921324772e-04,4.9377869992e-01,4.7531210047e-01,2.4740129226e-02,-3.6742773793e+00,-2.7510990963e+03,1.2203104578e-02,-2.7510868932e+03,-1.0317087128e-05,4656,0,48,48,4.9352175991e-05,2.6287643783e-04,1.1385309764e-01,2.4845453461e-02,-3.6699211912e+00,-1.7536923589e-01,1.5583432402e-01,-1.9534911866e-02,-1.0023503984e-05,2.4699453902e-02,6.7472459365e-02,2.2355952113e-06,5.0544727539e-04,0,0,0,2.3958248488e-04,3.1921888688e+00,3.1924284512e+00,9.3176175816e-08,2.8572417675e-05,2.8665593851e-05,4.7495061735e-04,2.3958248488e+00
487,4.8700000000e-02,1.0000000000e-04,-9.3226804849e-02,1.3518062080e-01,1.5088111414e+00,2.5963247328e-01,-2.1798400855e-01,2.1798400855e-01,1.4783710317e+00,3.3741488770e-01,1.2475720370e-01,1.2480023213e-01,1.9245006731e-01,1.3279391642e-01,0.0000000000e+00,0.0000000000e+00,0.0000000000e+00,0.0000000000e+00,2.2335509563e-05,3.2386909039e-05,3.6148472249e-04,6.2203393105e-05,2.2335509563e-05,2.2655729837e-05,4.9325821649e-05,2.4592976571e-05,-1.0744556449e+01,1.0744568091e+01,2.7506839539e+03,1.4229790113e+02,-1.0745502497e+01,1.0745502497e+01,2.7506959036e+03,1.4230098189e+02,9.4604823331e-04,2.9365001292e-03,3.7754926317e-01,2.7322885605e-02,0.0000000000e+00,0.0000000000e+00,0.0000000000e+00,0.0000000000e+00,5.1031337184e-07,5.1031392482e-07,1.3064390420e-04,6.7584475990e-06,5.2309073365e-07,5.3351983897e-07,1.2919640973e-04,6.7509913642e-06,1.0000000000e+00,4.1921888688e+00,2.0679115636e+00,4.1921888688e+00,1.0000000000e+00,1.0000285724e+00,1.0000095586e+00,1.0000285724e+00,1.8230803567e+03,1.8606262195e+03,1.9618037471e+00,nan,3.6140919955e-01,3.6885232743e-01,3.8890985760e-04,nan,2.6192449596e+00,2.3549002518e-02,2.7450891699e-01,4.1920690912e+00,1.3645340613e-01,9.8892030608e-01,1.2573079634e-01,2.1426125508e-01,-6.6905156223e-03,5.5806933219e-01,2.8949928718e-01,391928,42,50,56,1.2919640973e-04,4.9390791317e-01,4.7529787893e-01,2.4729812139e-02,-3.6747050633e+00,-2.7506959036e+03,1.1949728346e-02,-2.7506839539e+03,-1.0310860159e-05,442416,48,0,48,4.9325821649e-05,2.6394030348e-04,1.1390244982e-01,2.4835429957e-02,-3.6703349856e+00,-1.7546591098e-01,1.5587326706e-01,-1.9592643919e-02,-1.0020237283e-05,2.4689341498e-02,6.7463897535e-02,2.2266402298e-06,5.0621697548e-04,0,0,0,2.3958248488e-04,3.1921888688e+00,3.1924284512e+00,9.3176175816e-08,2.8572417675e-05,2.8665593851e-05,4.7495061735e-04,2.3958248488e+00
488,4.8800000000e-02,1.0000000000e-04,-9.3220752993e-02,1.3517819569e-01,1.5087709813e+00,2.5960246616e-01,-2.1799374527e-01,2.1799374527e-01,1.4783703709e+00,3.3739363307e-01,1.2477299228e-01,1.2481590192e-01,1.9245008336e-01,1.3280696605e-01,0.0000000000e+00,0.0000000000e+00,0.0000000000e+00,0.0000000000e+00,2.2334059645e-05,3.2386328026e-05,3.6147510081e-04,6.2196203923e-05,2.2334059645e-05,2.2653009145e-05,4.9299560692e-05,2.4587392469e-05,-1.0743379162e+01,1.0743390821e+01,2.7502797008e+03,1.4228054253e+02,-1.0744324868e+01,1.0744324868e+01,2.7502913971e+03,1.4228362010e+02,9.4570586137e-04,2.9365740000e-03,3.7754949208e-01,2.7323152263e-02,0.0000000000e+00,0.0000000000e+00,0.0000000000e+00,0.0000000000e+00,5.1025745653e-07,5.1025801028e-07,1.3062470418e-04,6.7576231512e-06,5.2305240479e-07,5.3344893191e-07,1.2917943223e-04,6.7501589691e-06,1.0000000000e+00,4.1921888688e+00,2.0679115636e+00,4.1921888688e+00,1.0000000000e+00,1.0000285724e+00,1.0000095586e+00,1.0000285724e+00,1.8228609477e+03,1.8603534346e+03,1.9618047728e+00,nan,3.6136570370e-01,3.6879825029e-01,3.8891006095e-04,nan,2.6202958082e+00,2.3548700682e-02,2.7453740682e-01,4.1920690912e+00,1.3638438880e-01,9.8893569208e-01,1.2355924030e-01,2.1346416505e-01,-6.7372315325e-03,5.5808786759e-01,2.8946502413e-01,373110,40,46,54,1.2917943223e-04,4.9403710958e-01,4.7528371303e-01,2.4719501279e-02,-3.6751326630e+00,-2.7502913971e+03,1.1696380344e-02,-2.7502797008e+03,-1.0303375988e-05,446976,48,48,0,4.9299560692e-05,2.6500548423e-04,1.1395177564e-01,2.4825409720e-02,-3.6707488078e+00,-1.7556248646e-01,1.5591216675e-01,-1.9650319714e-02,-1.0016963347e-05,2.4679235734e-02,6.7455220191e-02,2.2174564750e-06,5.0698571188e-04,0,0,0,2.3958248488e-04,3.1921888688e+00,3.1924284512e+00,9.3176175816e-08,2.8572417675e-05,2.8665593851e-05,4.7495061735e-04,2.3958248488e+00
489,4.8900000000e-02,1.0000000000e-04,-9.3214670949e-02,1.3517574921e-01,1.5087304087e+00,2.5957241845e-01,-2.1800344993e-01,2.1800344993e-01,1.4783691549e+00,3.3737233588e-01,1.2478877898e-01,1.2483157025e-01,1.9245008963e-01,1.3282001632e-01,0.0000000000e+00,0.0000000000e+00,0.0000000000e+00,0.0000000000e+00,2.2332602494e-05,3.2385741891e-05,3.6146538034e-04,6.2189005020e-05,2.2332602494e-05,2.2650287848e-05,4.9273392490e-05,2.4581820897e-05,-1.0742199119e+01,1.0742210794e+01,2.7498742073e+03,1.4226314878e+02,-1.0743144482e+01,1.0743144482e+01,2.7498856503e+03,1.4226622317e+02,9.4536357992e-04,2.9366475917e-03,3.7754968220e-01,2.7323419139e-02,0.0000000000e+00,0.0000000000e+00,0.0000000000e+00,0.0000000000e+00,5.1020141032e-07,5.1020196483e-07,1.3060544524e-04,6.7567970339e-06,5.2300377200e-07,5.3339004364e-07,1.2916235804e-04,6.7493257786e-06,1.0000000000e+00,4.1921888688e+00,2.0679115636e+00,4.1921888688e+00,1.0000000000e+00,1.0000285724e+00,1.0000095586e+00,1.0000285724e+00,1.8226412031e+03,1.8600805092e+03,1.9618056968e+00,nan,3.6132214132e-01,3.6874414529e-01,3.8891024412e-04,nan,2.6213408801e+00,2.3548930027e-02,2.7456573730e-01,4.1920690912e+00,1.3631566167e-01,9.8895078842e-01,1.2104980962e-01,2.1216159868e-01,-6.7837400785e-03,5.5810545499e-01,2.8943339011e-01,502136,54,46,56,1.2916235804e-04,4.9416628901e-01,4.7526960250e-01,2.4709197903e-02,-3.6755601260e+00,-2.7498856503e+03,1.1443060949e-02,-2.7498742073e+03,-1.0294680581e-05,442416,48,0,48,4.9273392490e-05,2.6607216818e-04,1.1400107520e-01,2.4815392756e-02,-3.6711626576e+00,-1.7565896255e-01,1.5595102320e-01,-1.9707939350e-02,-1.0013695178e-05,2.4669137505e-02,6.7446430402e-02,2.2080750445e-06,5.0775343805e-04,0,0,0,2.3958248488e-04,3.1921888688e+00,3.1924284512e+00,9.3176175816e-08,2.8572417675e-05,2.8665593851e-05,4.7495061735e-04,2.3958248488e+00
490,4.9000000000e-02,1.0000000000e-04,-9.3208560089e-02,1.3517328239e-01,1.5086894342e+00,2.5954233449e-01,-2.1801312389e-01,2.1801312389e-01,1.4783673947e+00,3.3735099996e-01,1.2480456380e-01,1.2484723713e-01,1.9245008967e-01,1.3283306723e-01,0.0000000000e+00,0.0000000000e+00,0.0000000000e+00,0.0000000000e+00,2.2331138438e-05,3.2385150884e-05,3.6145556355e-04,6.2181797429e-05,2.2331138438e-05,2.2647566114e-05,4.9247316408e-05,2.4576261972e-05,-1.0741016597e+01,1.0741028288e+01,2.7494675445e+03,1.4224572359e+02,-1.0741961618e+01,1.0741961618e+01,2.7494787343e+03,1.4224879480e+02,9.4502134912e-04,2.9367208636e-03,3.7754983360e-01,2.7323686225e-02,0.0000000000e+00,0.0000000000e+00,0.0000000000e+00,0.0000000000e+00,5.1014524636e-07,5.1014580164e-07,1.3058613077e-04,6.7559694233e-06,5.2294706726e-07,5.3333476622e-07,1.2914519460e-04,6.7484916020e-06,1.0000000000e+00,4.1921888688e+00,2.0679115636e+00,4.1921888688e+00,1.0000000000e+00,1.0000285724e+00,1.0000095586e+00,1.0000285724e+00,1.8224211572e+03,1.8598074769e+03,1.9618064832e+00,nan,3.6127851922e-01,3.6869001911e-01,3.8891040000e-04,nan,2.6223803451e+00,2.3549319319e-02,2.7459389917e-01,4.1920690912e+00,1.3624722199e-01,9.8896562629e-01,1.1821225000e-01,2.1033444793e-01,-6.8295124589e-03,5.5812245299e-01,2.8940165453e-01,466040,50,54,56,1.2914519460e-04,4.9429545137e-01,4.7525554706e-01,2.4698903222e-02,-3.6759874018e+00,-2.7494787343e+03,1.1189770453e-02,-2.7494675445e+03,-1.0284825132e-05,442416,48,0,48,4.9247316408e-05,2.6714047699e-04,1.1405034859e-01,2.4805379061e-02,-3.6715765350e+00,-1.7575533941e-01,1.5598983653e-01,-1.9765502882e-02,-1.0010445145e-05,2.4659047660e-02,6.7437531366e-02,2.1985266363e-06,5.0852011658e-04,0,0,0,2.3958248488e-04,3.1921888688e+00,3.1924284512e+00,9.3176175816e-08,2.8572417675e-05,2.8665593851e-05,4.7495061735e-04,2.3958248488e+00
491,4.9100000000e-02,1.0000000000e-04,-9.3202421705e-02,1.3517080304e-01,1.5086480684e+00,2.5951221840e-01,-2.1802276845e-01,2.1802276845e-01,1.4783651020e+00,3.3732962892e-01,1.2482034674e-01,1.2486290588e-01,1.9245008724e-01,1.3284611877e-01,0.0000000000e+00,0.0000000000e+00,0.0000000000e+00,0.0000000000e+00,2.2329667789e-05,3.2384556877e-05,3.6144565304e-04,6.2174582142e-05,2.2329667789e-05,2.2644844095e-05,4.9221331800e-05,2.4570715796e-05,-1.0739831863e+01,1.0739843570e+01,2.7490597809e+03,1.4222827052e+02,-1.0740776542e+01,1.0740776542e+01,2.7490707174e+03,1.4223133855e+02,9.4467913786e-04,2.9367937843e-03,3.7754994637e-01,2.7323953515e-02,0.0000000000e+00,0.0000000000e+00,0.0000000000e+00,0.0000000000e+00,5.1008897735e-07,5.1008953340e-07,1.3056676401e-04,6.7551404887e-06,5.2288510052e-07,5.3328061158e-07,1.2912809573e-04,6.7476564325e-06,1.0000000000e+00,4.1921888688e+00,2.0679115636e+00,4.1921888688e+00,1.0000000000e+00,1.0000285724e+00,1.0000095586e+00,1.0000285724e+00,1.8222008423e+03,1.8595343692e+03,1.9618070939e+00,nan,3.6123484377e-01,3.6863587798e-01,3.8891052107e-04,nan,2.6234173479e+00,2.3549758583e-02,2.7462189089e-01,4.1920690912e+00,1.3617906700e-01,9.8898135918e-01,1.1505733282e-01,2.0796354826e-01,-6.8745125793e-03,5.5813890038e-01,2.8936970589e-01,466230,50,56,54,1.2912809573e-04,4.9442459656e-01,4.7524154644e-01,2.4688618397e-02,-3.6764144420e+00,-2.7490707174e+03,1.0936509135e-02,-2.7490597809e+03,-1.0273865955e-05,4656,0,48,48,4.9221331800e-05,2.6821049863e-04,1.1409959591e-01,2.4795368616e-02,-3.6719904409e+00,-1.7585161717e-01,1.5602860685e-01,-1.9823010317e-02,-1.0007224931e-05,2.4648967000e-02,6.7428526396e-02,2.1888412723e-06,5.0928575580e-04,0,0,0,2.3958248488e-04,3.1921888688e+00,3.1924284512e+00,9.3176175816e-08,2.8572417675e-05,2.8665593851e-05,4.7495061735e-04,2.3958248488e+00
492,4.9200000000e-02,1.0000000000e-04,-9.3196257013e-02,1.3516830747e-01,1.5086063226e+00,2.5948207410e-01,-2.1803238482e-01,2.1803238482e-01,1.4783622888e+00,3.3730822620e-01,1.2483612781e-01,1.2487857412e-01,1.9245008931e-01,1.3285917093e-01,0.0000000000e+00,0.0000000000e+00,0.0000000000e+00,0.0000000000e+00,2.2328190837e-05,3.2383958980e-05,3.6143565149e-04,6.2167360095e-05,2.2328190837e-05,2.2642122547e-05,4.9195438020e-05,2.4565182452e-05,-1.0738645173e+01,1.0738656897e+01,2.7486509818e+03,1.4221079298e+02,-1.0739589510e+01,1.0739589510e+01,2.7486616651e+03,1.4221385783e+02,9.4433692598e-04,2.9368663331e-03,3.7755002056e-01,2.7324221004e-02,0.0000000000e+00,0.0000000000e+00,0.0000000000e+00,0.0000000000e+00,5.1003261544e-07,5.1003317226e-07,1.3054734807e-04,6.7543103920e-06,5.2281952981e-07,5.3322900997e-07,1.2911100205e-04,6.7468202957e-06,1.0000000000e+00,4.1921888688e+00,2.0679115636e+00,4.1921888688e+00,1.0000000000e+00,1.0000285724e+00,1.0000095586e+00,1.0000285724e+00,1.8219802878e+03,1.8592612149e+03,1.9618074583e+00,nan,3.6119112084e-01,3.6858172761e-01,3.8891059331e-04,nan,2.6244507061e+00,2.3550310218e-02,2.7464971241e-01,4.1920690912e+00,1.3611119384e-01,9.8899750901e-01,1.1159743364e-01,2.0502982354e-01,-6.9185864984e-03,5.5815499137e-01,2.8933824398e-01,373482,40,50,42,1.2911100205e-04,4.9455372466e-01,4.7522760037e-01,2.4678344531e-02,-3.6768412002e+00,-2.7486616651e+03,1.0683276972e-02,-2.7486509818e+03,-1.0261864101e-05,446976,48,48,0,4.9195438020e-05,2.6928182526e-04,1.1414881724e-01,2.4785361391e-02,-3.6724043765e+00,-1.7594779589e-01,1.5606733427e-01,-1.9880461620e-02,-1.0004045445e-05,2.4638896277e-02,6.7419418905e-02,2.1790499365e-06,5.1005039588e-04,0,0,0,2.3958248488e-04,3.1921888688e+00,3.1924284512e+00,9.3176175816e-08,2.8572417675e-05,2.8665593851e-05,4.7495061735e-04,2.3958248488e+00
493,4.9300000000e-02,1.0000000000e-04,-9.3190067141e-02,1.3516579493e-01,1.5085642085e+00,2.5945190527e-01,-2.1804197413e-01,2.1804197413e-01,1.4783589673e+00,3.3728679503e-01,1.2485190699e-01,1.2489424088e-01,1.9245008972e-01,1.3287222370e-01,0.0000000000e+00,0.0000000000e+00,0.0000000000e+00,0.0000000000e+00,2.2326707852e-05,3.2383357021e-05,3.6142556167e-04,6.2160132172e-05,2.2326707852e-05,2.2639401165e-05,4.9169634413e-05,2.4559662003e-05,-1.0737456771e+01,1.0737468510e+01,2.7482412094e+03,1.4219329421e+02,-1.0738400765e+01,1.0738400765e+01,2.7482516394e+03,1.4219635589e+02,9.4399469977e-04,2.9369384959e-03,3.7755005624e-01,2.7324488688e-02,0.0000000000e+00,0.0000000000e+00,0.0000000000e+00,0.0000000000e+00,5.0997617220e-07,5.0997672978e-07,1.3052788590e-04,6.7534792868e-06,5.2275465939e-07,5.3317829700e-07,1.2909390593e-04,6.7459832742e-06,1.0000000000e+00,4.1921888688e+00,2.0679115636e+00,4.1921888688e+00,1.0000000000e+00,1.0000285724e+00,1.0000095586e+00,1.0000285724e+00,1.8217595207e+03,1.8589880402e+03,1.9618076395e+00,nan,3.6114735576e-01,3.6852757320e-01,3.8891062925e-04,nan,2.6254802882e+00,2.3550901065e-02,2.7467736622e-01,4.1920690912e+00,1.3604359964e-01,9.8901399526e-01,1.0784618854e-01,2.0151441594e-01,-6.9615143629e-03,5.5817086592e-01,2.8930678335e-01,502520,54,50,56,1.2909390593e-04,4.9468283566e-01,4.7521370862e-01,2.4668082667e-02,-3.6772676328e+00,-2.7482516394e+03,1.0430074056e-02,-2.7482412094e+03,-1.0248885116e-05,4656,0,48,48,4.9169634413e-05,2.7035408149e-04,1.1419801268e-01,2.4775357346e-02,-3.6728183434e+00,-1.7604387562e-01,1.5610601890e-01,-1.9937856715e-02,-1.0000916792e-05,2.4628836185e-02,6.7410212391e-02,2.1691821503e-06,5.1081405411e-04,0,0,0,2.3958248488e-04,3.1921888688e+00,3.1924284512e+00,9.3176175816e-08,2.8572417675e-05,2.8665593851e-05,4.7495061735e-04,2.3958248488e+00
494,4.9400000000e-02,1.0000000000e-04,-9.3183853130e-02,1.3516327185e-01,1.5085217378e+00,2.5942171535e-01,-2.1805153742e-01,2.1805153742e-01,1.4783551503e+00,3.3726533839e-01,1.2486768429e-01,1.2490990615e-01,1.9245008968e-01,1.3288527705e-01,0.0000000000e+00,0.0000000000e+00,0.0000000000e+00,0.0000000000e+00,2.2325219084e-05,3.2382752534e-05,3.6141538644e-04,6.2152899197e-05,2.2325219084e-05,2.2636680512e-05,4.9143920320e-05,2.4554154493e-05,-1.0736266886e+01,1.0736278642e+01,2.7478305220e+03,1.4217577726e+02,-1.0737210539e+01,1.0737210539e+01,2.7478406989e+03,1.4217883576e+02,9.4365246240e-04,2.9370102757e-03,3.7755005349e-01,2.7324756565e-02,0.0000000000e+00,0.0000000000e+00,0.0000000000e+00,0.0000000000e+00,5.0991965856e-07,5.0992021689e-07,1.3050838028e-04,6.7526473182e-06,5.2268929230e-07,5.3312723086e-07,1.2907675513e-04,6.7451454726e-06,1.0000000000e+00,4.1921888688e+00,2.0679115636e+00,4.1921888688e+00,1.0000000000e+00,1.0000285724e+00,1.0000095586e+00,1.0000285724e+00,1.8215385653e+03,1.8587148685e+03,1.9618076257e+00,nan,3.6110355335e-01,3.6847341938e-01,3.8891062650e-04,nan,2.6265050548e+00,2.3551475694e-02,2.7470485594e-01,4.1920690912e+00,1.3597628149e-01,9.8903039681e-01,1.0381860558e-01,1.9739984807e-01,-7.0031368452e-03,5.5818659867e-01,2.8927535748e-01,429176,46,54,56,1.2907675513e-04,4.9481192957e-01,4.7519987093e-01,2.4657833782e-02,-3.6776936987e+00,-2.7478406989e+03,1.0176900496e-02,-2.7478305220e+03,-1.0234998580e-05,446976,48,48,0,4.9143920320e-05,2.7142689067e-04,1.1424718231e-01,2.4765356429e-02,-3.6732323437e+00,-1.7613985633e-01,1.5614466085e-01,-1.9995195488e-02,-9.9978482252e-06,2.4618787366e-02,6.7400910424e-02,2.1592707980e-06,5.1157672612e-04,0,0,0,2.3958248488e-04,3.1921888688e+00,3.1924284512e+00,9.3176175816e-08,2.8572417675e-05,2.8665593851e-05,4.7495061735e-04,2.3958248488e+00
495,4.9500000000e-02,1.0000000000e-04,-9.3177615931e-02,1.3516073991e-01,1.5084789227e+00,2.5939150754e-01,-2.1806107564e-01,2.1806107564e-01,1.4783508507e+00,3.3724385905e-01,1.2488345971e-01,1.2492556993e-01,1.9245008868e-01,1.3289833100e-01,0.0000000000e+00,0.0000000000e+00,0.0000000000e+00,0.0000000000e+00,2.2323724760e-05,3.2382145925e-05,3.6140512870e-04,6.2145661935e-05,2.2323724760e-05,2.2633960951e-05,4.9118295080e-05,2.4548659948e-05,-1.0735075735e+01,1.0735087507e+01,2.7474189744e+03,1.4215824499e+02,-1.0736019046e+01,1.0736019046e+01,2.7474288982e+03,1.4216130031e+02,9.4331021227e-04,2.9370816706e-03,3.7755001237e-01,2.7325024633e-02,0.0000000000e+00,0.0000000000e+00,0.0000000000e+00,0.0000000000e+00,5.0986308478e-07,5.0986364387e-07,1.3048883380e-04,6.7518146217e-06,5.2262503552e-07,5.3307737924e-07,1.2905960973e-04,6.7443069997e-06,1.0000000000e+00,4.1921888688e+00,2.0679115636e+00,4.1921888688e+00,1.0000000000e+00,1.0000285724e+00,1.0000095586e+00,1.0000285724e+00,1.8213174430e+03,1.8584417203e+03,1.9618074222e+00,nan,3.6105971786e-01,3.6841927022e-01,3.8891058616e-04,nan,2.6275262510e+00,2.3552102983e-02,2.7473218555e-01,4.1920690912e+00,1.3590923642e-01,9.8904715422e-01,9.9531275001e-02,1.9267130651e-01,-7.0433564497e-03,5.5820223122e-01,2.8924393048e-01,501550,54,40,46,1.2905960973e-04,4.9494100632e-01,4.7518608706e-01,2.4647598784e-02,-3.6781193595e+00,-2.7474288982e+03,9.9237565007e-03,-2.7474189744e+03,-1.0220277781e-05,4656,0,48,48,4.9118295080e-05,2.7250000650e-04,1.1429632623e-01,2.4755358581e-02,-3.6736463799e+00,-1.7623573801e-01,1.5618326022e-01,-2.0052477790e-02,-9.9948481095e-06,2.4608750399e-02,6.7391516629e-02,2.1493431910e-06,5.1233839841e-04,0,0,0,2.3958248488e-04,3.1921888688e+00,3.1924284512e+00,9.3176175816e-08,2.8572417675e-05,2.8665593851e-05,4.7495061735e-04,2.3958248488e+00
496,4.9600000000e-02,1.0000000000e-04,-9.3171356402e-02,1.3515819538e-01,1.5084357757e+00,2.5936128476e-01,-2.1807058964e-01,2.1807058964e-01,1.4783460814e+00,3.3722235954e-01,1.2489923324e-01,1.2494123221e-01,1.9245008805e-01,1.3291138551e-01,0.0000000000e+00,0.0000000000e+00,0.0000000000e+00,0.0000000000e+00,2.2322225087e-05,3.2381536301e-05,3.6139479142e-04,6.2138421086e-05,2.2322225087e-05,2.2631242930e-05,4.9092758027e-05,2.4543178374e-05,-1.0733883519e+01,1.0733895306e+01,2.7470066174e+03,1.4214070004e+02,-1.0734826487e+01,1.0734826487e+01,2.7470162880e+03,1.4214375219e+02,9.4296795406e-04,2.9371526853e-03,3.7754993295e-01,2.7325292891e-02,0.0000000000e+00,0.0000000000e+00,0.0000000000e+00,0.0000000000e+00,5.0980646039e-07,5.0980702023e-07,1.3046924888e-04,6.7509813233e-06,5.2256280155e-07,5.3302637728e-07,1.2904244271e-04,6.7434679667e-06,1.0000000000e+00,4.1921888688e+00,2.0679115636e+00,4.1921888688e+00,1.0000000000e+00,1.0000285724e+00,1.0000095586e+00,1.0000285724e+00,1.8210961724e+03,1.8581686132e+03,1.9618070159e+00,nan,3.6101585296e-01,3.6836512920e-01,3.8891050561e-04,nan,2.6285433514e+00,2.3552677991e-02,2.7475935936e-01,4.1920690912e+00,1.3584246146e-01,9.8906404245e-01,9.5002306945e-02,1.8731739650e-01,-7.0819951476e-03,5.5821780803e-01,2.8921205685e-01,429160,46,54,40,1.2904244271e-04,4.9507006593e-01,4.7517235677e-01,2.4637378506e-02,-3.6785445801e+00,-2.7470162880e+03,9.6706421632e-03,-2.7470066174e+03,-1.0204799109e-05,446976,48,48,0,4.9092758027e-05,2.7357330936e-04,1.1434544453e-01,2.4745363732e-02,-3.6740604548e+00,-1.7633152057e-01,1.5622181713e-01,-2.0109703439e-02,-9.9919238952e-06,2.4598725806e-02,6.7382034668e-02,2.1394319011e-06,5.1309902934e-04,0,0,0,2.3958248488e-04,3.1921888688e+00,3.1924284512e+00,9.3176175816e-08,2.8572417675e-05,2.8665593851e-05,4.7495061735e-04,2.3958248488e+00
497,4.9700000000e-02,1.0000000000e-04,-9.3165075306e-02,1.3515564373e-01,1.5083923091e+00,2.5933104967e-01,-2.1808008018e-01,2.1808008018e-01,1.4783408559e+00,3.3720084214e-01,1.2491500487e-01,1.2495689299e-01,1.9245007945e-01,1.3292444059e-01,0.0000000000e+00,0.0000000000e+00,0.0000000000e+00,0.0000000000e+00,2.2320720246e-05,3.2380924972e-05,3.6138437758e-04,6.2131177287e-05,2.2320720246e-05,2.2628526973e-05,4.9067308491e-05,2.4537709759e-05,-1.0732690422e+01,1.0732702225e+01,2.7465934974e+03,1.4212314485e+02,-1.0733633048e+01,1.0733633048e+01,2.7466029149e+03,1.4212619383e+02,9.4262569599e-04,2.9372233279e-03,3.7754981528e-01,2.7325561336e-02,0.0000000000e+00,0.0000000000e+00,0.0000000000e+00,0.0000000000e+00,5.0974979418e-07,5.0975035477e-07,1.3044962772e-04,6.7501475385e-06,5.2250677070e-07,5.3297047423e-07,1.2902527676e-04,6.7426283512e-06,1.0000000000e+00,4.1921888688e+00,2.0679115636e+00,4.1921888688e+00,1.0000000000e+00,1.0000285724e+00,1.0000095586e+00,1.0000285724e+00,1.8208747690e+03,1.8578955617e+03,1.9618064922e+00,nan,3.6097196174e-01,3.6831099922e-01,3.8891040179e-04,nan,2.6295568419e+00,2.3553034401e-02,2.7478637646e-01,4.1920690912e+00,1.3577595362e-01,9.8908121866e-01,9.0251336526e-02,1.8133173135e-01,-7.1189244294e-03,5.5823337533e-01,2.8917983433e-01,429176,46,54,56,1.2902527676e-04,4.9519910838e-01,4.7515867983e-01,2.4627173707e-02,-3.6789693283e+00,-2.7466029149e+03,9.4175576284e-03,-2.7465934974e+03,-1.0188641652e-05,446976,48,48,0,4.9067308491e-05,2.7464742897e-04,1.1439453729e-01,2.4735371809e-02,-3.6744745715e+00,-1.7642720390e-01,1.5626033167e-01,-2.0166872225e-02,-9.9890820852e-06,2.4588714045e-02,6.7372468230e-02,2.1295638252e-06,5.1385859543e-04,0,0,0,2.3958248488e-04,3.1921888688e+00,3.1924284512e+00,9.3176175816e-08,2.8572417675e-05,2.8665593851e-05,4.7495061735e-04,2.3958248488e+00
498,4.9800000000e-02,1.0000000000e-04,-9.3158773310e-02,1.3515308577e-01,1.5083485356e+00,2.5930080463e-01,-2.1808954793e-01,2.1808954793e-01,1.4783351874e+00,3.3717930887e-01,1.2493077462e-01,1.2497255227e-01,1.9245008820e-01,1.3293749622e-01,0.0000000000e+00,0.0000000000e+00,0.0000000000e+00,0.0000000000e+00,2.2319210398e-05,3.2380312128e-05,3.6137389022e-04,6.2123931106e-05,2.2319210398e-05,2.2625811359e-05,4.9041945805e-05,2.4532254070e-05,-1.0731496613e+01,1.0731508432e+01,2.7461796566e+03,1.4210558163e+02,-1.0732438896e+01,1.0732438896e+01,2.7461888211e+03,1.4210862744e+02,9.4228346263e-04,2.9372936228e-03,3.7754965945e-01,2.7325829969e-02,0.0000000000e+00,0.0000000000e+00,0.0000000000e+00,0.0000000000e+00,5.0969309414e-07,5.0969365547e-07,1.3042997232e-04,6.7493133723e-06,5.2245056505e-07,5.3291747870e-07,1.2900806135e-04,6.7417883298e-06,1.0000000000e+00,4.1921888688e+00,2.0679115636e+00,4.1921888688e+00,1.0000000000e+00,1.0000285724e+00,1.0000095586e+00,1.0000285724e+00,1.8206532455e+03,1.8576225774e+03,1.9618055932e+00,nan,3.6092804670e-01,3.6825688254e-01,3.8891022359e-04,nan,2.6305657173e+00,2.3553519042e-02,2.7481324425e-01,4.1920690912e+00,1.3570970989e-01,9.8909828046e-01,8.5300018762e-02,1.7471510684e-01,-7.1540203796e-03,5.5824915768e-01,2.8914819113e-01,502136,54,46,56,1.2900806135e-04,4.9532813365e-01,4.7514505603e-01,2.4616985065e-02,-3.6793935752e+00,-2.7461888211e+03,9.1645029972e-03,-2.7461796566e+03,-1.0171886640e-05,446976,48,48,0,4.9041945805e-05,2.7572307217e-04,1.1444360459e-01,2.4725382726e-02,-3.6748887334e+00,-1.7652278788e-01,1.5629880397e-01,-2.0223983911e-02,-9.9863282148e-06,2.4578715512e-02,6.7362821010e-02,2.1197691462e-06,5.1461706043e-04,0,0,0,2.3958248488e-04,3.1921888688e+00,3.1924284512e+00,9.3176175816e-08,2.8572417675e-05,2.8665593851e-05,4.7495061735e-04,2.3958248488e+00
499,4.9900000000e-02,1.0000000000e-04,-9.3152450984e-02,1.3515051679e-01,1.5083044678e+00,2.5927055174e-01,-2.1809899345e-01,2.1809899345e-01,1.4783290892e+00,3.3715776150e-01,1.2494654247e-01,1.2498821004e-01,1.9245008919e-01,1.3295055238e-01,0.0000000000e+00,0.0000000000e+00,0.0000000000e+00,0.0000000000e+00,2.2317695680e-05,3.2379696645e-05,3.6136333235e-04,6.2116683043e-05,2.2317695680e-05,2.2623096121e-05,4.9016669296e-05,2.4526811257e-05,-1.0730302242e+01,1.0730314077e+01,2.7457651327e+03,1.4208801235e+02,-1.0731244184e+01,1.0731244184e+01,2.7457740442e+03,1.4209105499e+02,9.4194125355e-04,2.9373635699e-03,3.7754946551e-01,2.7326098791e-02,0.0000000000e+00,0.0000000000e+00,0.0000000000e+00,0.0000000000e+00,5.0963636744e-07,5.0963692951e-07,1.3041028449e-04,6.7484789182e-06,5.2239025502e-07,5.3286962041e-07,1.2899085295e-04,6.7409480560e-06,1.0000000000e+00,4.1921888688e+00,2.0679115636e+00,4.1921888688e+00,1.0000000000e+00,1.0000285724e+00,1.0000095586e+00,1.0000285724e+00,1.8204316113e+03,1.8573496687e+03,1.9618045754e+00,nan,3.6088410974e-01,3.6820278086e-01,3.8891002180e-04,nan,2.6315711533e+00,2.3554230489e-02,2.7483996943e-01,4.1920690912e+00,1.3564372726e-01,9.8911564726e-01,8.0170365648e-02,1.6747503382e-01,-7.1875521157e-03,5.5826483701e-01,2.8911755325e-01,429176,46,54,56,1.2899085295e-04,4.9545714171e-01,4.7513148513e-01,2.4606813178e-02,-3.6798172952e+00,-2.7457740442e+03,8.9114784690e-03,-2.7457651327e+03,-1.0154617089e-05,442416,48,0,48,4.9016669296e-05,2.7677618972e-04,1.1449264654e-01,2.4715396398e-02,-3.6753029441e+00,-1.7661827235e-01,1.5633723412e-01,-2.0281038238e-02,-9.9836668820e-06,2.4568730539e-02,6.7353096696e-02,2.1100751405e-06,5.1537441029e-04,0,0,0,2.3958248488e-04,3.1921888688e+00,3.1924284512e+00,9.3176175816e-08,2.8572417675e-05,2.8665593851e-05,4.7495061735e-04,2.3958248488e+00
500,5.0000000000e-02,1.0000000000e-04,-9.3146108799e-02,1.3514793740e-01,1.5082601184e+00,2.5924029278e-01,-2.1810841722e-01,2.1810841722e-01,1.4783225748e+00,3.3713620153e-01,1.2496230842e-01,1.2500386629e-01,1.9245008950e-01,1.3296360908e-01,0.0000000000e+00,0.0000000000e+00,0.0000000000e+00,0.0000000000e+00,2.2316176203e-05,3.2379078669e-05,3.6135270701e-04,6.2109433527e-05,2.2316176203e-05,2.2620381275e-05,4.8991478295e-05,2.4521381250e-05,-1.0729107444e+01,1.0729119294e+01,2.7453499588e+03,1.4207043874e+02,-1.0730049043e+01,1.0730049043e+01,2.7453586173e+03,1.4207347822e+02,9.4159905281e-04,2.9374331535e-03,3.7754923353e-01,2.7326367803e-02,0.0000000000e+00,0.0000000000e+00,0.0000000000e+00,0.0000000000e+00,5.0957962042e-07,5.0958018324e-07,1.3039056578e-04,6.7476442589e-06,5.2232738453e-07,5.3281978864e-07,1.2897365625e-04,6.7401076210e-06,1.0000000000e+00,4.1921888688e+00,2.0679115636e+00,4.1921888688e+00,1.0000000000e+00,1.0000285724e+00,1.0000095586e+00,1.0000285724e+00,1.8202098732e+03,1.8570768410e+03,1.9618033668e+00,nan,3.6084015215e-01,3.6814869524e-01,3.8890978221e-04,nan,2.6325732707e+00,2.3554854455e-02,2.7486655635e-01,4.1920690912e+00,1.3557800272e-01,9.8913334321e-01,7.4886272138e-02,1.5962790155e-01,-7.2192965740e-03,5.5828043687e-01,2.8908672176e-01,502136,54,46,56,1.2897365625e-04,4.9558613257e-01,4.7511796693e-01,2.4596658561e-02,-3.6802404661e+00,-2.7453586173e+03,8.6584841326e-03,-2.7453499588e+03,-1.0136917201e-05,446976,48,48,0,4.8991478295e-05,2.7781010685e-04,1.1454166321e-01,2.4705412731e-02,-3.6757172076e+00,-1.7671365715e-01,1.5637562222e-01,-2.0338034928e-02,-9.9811017023e-06,2.4558759393e-02,6.7343298952e-02,2.1005086440e-06,5.1613062412e-04,0,0,0,2.3958248488e-04,3.1921888688e+00,3.1924284512e+00,9.3176175816e-08,2.8572417675e-05,2.8665593851e-05,4.7495061735e-04,2.3958248488e+00
