step,time_code,dt,phi_rhs_total_explicit_signed_mean,phi_rhs_total_explicit_abs_mean,phi_rhs_total_explicit_abs_max,phi_rhs_total_explicit_rms,phi_rhs_chem_signed_mean,phi_rhs_chem_abs_mean,phi_rhs_chem_abs_max,phi_rhs_chem_rms,phi_rhs_double_well_signed_mean,phi_rhs_double_well_abs_mean,phi_rhs_double_well_abs_max,phi_rhs_double_well_rms,phi_rhs_elastic_signed_mean,phi_rhs_elastic_abs_mean,phi_rhs_elastic_abs_max,phi_rhs_elastic_rms,phi_update_explicit_est_signed_mean,phi_update_explicit_est_abs_mean,phi_update_explicit_est_abs_max,phi_update_explicit_est_rms,dphi_actual_signed_mean,dphi_actual_abs_mean,dphi_actual_abs_max,dphi_actual_rms,eta_rhs_total_explicit_signed_mean,eta_rhs_total_explicit_abs_mean,eta_rhs_total_explicit_abs_max,eta_rhs_total_explicit_rms,eta_rhs_bulk_signed_mean,eta_rhs_bulk_abs_mean,eta_rhs_bulk_abs_max,eta_rhs_bulk_rms,eta_rhs_double_well_signed_mean,eta_rhs_double_well_abs_mean,eta_rhs_double_well_abs_max,eta_rhs_double_well_rms,eta_rhs_elastic_signed_mean,eta_rhs_elastic_abs_mean,eta_rhs_elastic_abs_max,eta_rhs_elastic_rms,eta_update_explicit_est_signed_mean,eta_update_explicit_est_abs_mean,eta_update_explicit_est_abs_max,eta_update_explicit_est_rms,deta_actual_signed_mean,deta_actual_abs_mean,deta_actual_abs_max,deta_actual_rms,phi_grad_denom_min,phi_grad_denom_max,phi_grad_denom_mean,phi_grad_denom_at_kmax,eta_grad_denom_min,eta_grad_denom_max,eta_grad_denom_mean,eta_grad_denom_at_kmax,eta_rhs_total_absmax_over_phi_rhs_total_absmax,eta_rhs_bulk_absmax_over_phi_chem_absmax,eta_rhs_dw_absmax_over_phi_dw_absmax,eta_rhs_elastic_absmax_over_phi_elastic_absmax,eta_Ldt_rhs_absmax_over_phi_Ldt_rhs_absmax,eta_Ldt_bulk_absmax_over_phi_Ldt_chem_absmax,eta_Ldt_dw_absmax_over_phi_Ldt_dw_absmax,eta_Ldt_elastic_absmax_over_phi_Ldt_elastic_absmax,deta_absmax_over_dphi_absmax,deta_absmean_over_dphi_absmean,deta_rms_over_dphi_rms,phi_damping_stronger_than_eta,phi_actual_over_explicit_est_absmax,eta_actual_over_explicit_est_absmax,corr_abs_deta_abs_dxB,corr_abs_deta_abs_dY,corr_abs_deta_local_xB,corr_abs_deta_eta_before,corr_abs_deta_phi_before,max_abs_deta_idx,max_abs_deta_i,max_abs_deta_j,max_abs_deta_k,max_abs_deta_value,max_abs_deta_eta_before,max_abs_deta_phi_before,max_abs_deta_xB_before,max_abs_deta_Y_before,max_abs_deta_eta_rhs_bulk,max_abs_deta_eta_rhs_dw,max_abs_deta_eta_rhs_total,max_abs_deta_dxB,max_abs_dphi_idx,max_abs_dphi_i,max_abs_dphi_j,max_abs_dphi_k,max_abs_dphi_value,max_abs_dphi_eta_before,max_abs_dphi_phi_before,max_abs_dphi_xB_before,max_abs_dphi_Y_before,max_abs_dphi_phi_rhs_chem,max_abs_dphi_phi_rhs_dw,max_abs_dphi_phi_rhs_total,max_abs_dphi_dxB,xB_min_after,xB_max_after,xBtot_rel_delta,eta_far_field_max,xB_clip_low_count,xB_clip_high_count,nan_inf_flag,S_phi_W,S_phi_grad,S_phi_total,S_eta_W,S_eta_grad,S_eta_total,gp_L_eta,L_phi
1,1.0000000000e-04,1.0000000000e-04,-8.2418518091e-02,1.2314003217e-01,1.1595745640e+00,2.3526897221e-01,-1.9916929124e-01,1.9916929124e-01,1.0873940040e+00,3.1256830626e-01,1.1675077315e-01,1.1713389072e-01,1.9245007717e-01,1.2685701286e-01,0.0000000000e+00,0.0000000000e+00,0.0000000000e+00,0.0000000000e+00,1.9746033365e-05,2.9502194895e-05,2.7781375545e-04,5.6366324977e-05,1.9746033365e-05,6.3825695833e-05,1.0863349643e-02,1.4531074500e-04,-9.2228114524e+00,9.2228130403e+00,2.4204402844e+03,1.2318959760e+02,-9.2239172383e+00,9.2239172383e+00,2.4204544344e+03,1.2319422218e+02,1.1057858409e-03,2.8959271828e-03,3.7754949360e-01,2.7228285365e-02,0.0000000000e+00,0.0000000000e+00,0.0000000000e+00,0.0000000000e+00,4.3803799930e-06,4.3803807472e-06,1.1495896073e-03,5.8508975430e-05,5.3596099165e-06,7.5714430711e-06,1.8019800529e-03,7.0251511423e-05,1.0000000000e+00,4.1921888688e+00,2.0679115636e+00,4.1921888688e+00,1.0000000000e+00,1.0002857242e+00,1.0000955859e+00,1.0002857242e+00,2.0873519992e+03,2.2259221823e+03,1.9618048439e+00,nan,4.1379866359e+00,4.4126894967e+00,3.8891007503e-03,nan,1.6587701879e-01,1.1862687860e-01,4.8345710030e-01,4.1909914012e+00,3.9102994109e+01,1.5674985589e+00,4.0802476931e-01,4.0010523091e-01,-3.3569385014e-01,6.3347456079e-01,3.9415280778e-01,447322,48,51,58,1.8019800529e-03,3.7301804624e-01,4.9266208507e-01,2.2526673551e-02,-3.7702709058e+00,-2.1580948887e+03,2.3304688671e-01,-2.1578618418e+03,-8.5658874925e-05,447024,48,48,48,-1.0863349643e-02,9.9995087118e-01,6.6075636877e-01,2.9675461610e-02,-3.4873100953e+00,-9.4097373541e-01,-1.4413891213e-01,-1.0851126475e+00,1.3173993388e-06,2.0903433041e-02,2.9999996157e-02,8.9909219649e-05,2.5065640032e-04,0,0,0,2.3958248488e-04,3.1921888688e+00,3.1924284512e+00,9.3176175816e-07,2.8572417675e-04,2.8665593851e-04,4.7495061735e-03,2.3958248488e+00
2,2.0000000000e-04,1.0000000000e-04,-8.2493573904e-02,1.2321766770e-01,1.1600974875e+00,2.3549181092e-01,-1.9926418167e-01,1.9926418167e-01,1.0875359046e+00,3.1277467087e-01,1.1677060777e-01,1.1715133341e-01,1.9245007975e-01,1.2686765611e-01,0.0000000000e+00,0.0000000000e+00,0.0000000000e+00,0.0000000000e+00,1.9764015423e-05,2.9520795010e-05,2.7793903877e-04,5.6419713230e-05,1.9764015423e-05,3.1904942906e-05,3.7677629558e-03,6.6284897192e-05,-9.2195436311e+00,9.2195461749e+00,2.4152721039e+03,1.2309538290e+02,-9.2206500089e+00,9.2206500089e+00,2.4152841614e+03,1.2309999606e+02,1.1063777967e-03,2.8987523838e-03,3.7754431154e-01,2.7218719377e-02,0.0000000000e+00,0.0000000000e+00,0.0000000000e+00,0.0000000000e+00,4.3788279393e-06,4.3788291474e-06,1.1471349768e-03,5.8464228103e-05,4.7648963535e-06,4.9702350190e-06,1.1404563902e-03,5.8563796468e-05,1.0000000000e+00,4.1921888688e+00,2.0679115636e+00,4.1921888688e+00,1.0000000000e+00,1.0002857242e+00,1.0000955859e+00,1.0002857242e+00,2.0819561544e+03,2.2208776291e+03,1.9617778908e+00,nan,4.1272898615e+00,4.4026891262e+00,3.8890473183e-03,nan,3.0268793540e-01,1.5578260189e-01,8.8351644113e-01,4.1909914012e+00,1.3556076802e+01,9.9417802891e-01,2.9894615368e-01,2.9209974497e-01,-2.8858053413e-01,5.4646038759e-01,3.2715674573e-01,492617,53,43,41,1.1404563902e-03,4.9385298668e-01,5.0068936781e-01,2.2912660381e-02,-3.7528864309e+00,-2.4152841614e+03,1.2057435124e-02,-2.4152721039e+03,-1.6540889933e-04,447024,48,48,48,-3.7677629558e-03,9.9950807806e-01,6.4989301912e-01,2.9676779010e-02,-3.4872643450e+00,-9.6953845265e-01,-1.3642188336e-01,-1.1059603360e+00,8.9642745551e-05,2.1085544134e-02,2.9999991413e-02,6.7061110074e-05,2.7906678108e-04,0,0,0,2.3958248488e-04,3.1921888688e+00,3.1924284512e+00,9.3176175816e-07,2.8572417675e-04,2.8665593851e-04,4.7495061735e-03,2.3958248488e+00
3,3.0000000000e-04,1.0000000000e-04,-8.2612760371e-02,1.2334046272e-01,1.1606952369e+00,2.3588879674e-01,-1.9940302669e-01,1.9940302669e-01,1.0873854407e+00,3.1312699345e-01,1.1679026632e-01,1.1716860134e-01,1.9245008790e-01,1.2687843823e-01,0.0000000000e+00,0.0000000000e+00,0.0000000000e+00,0.0000000000e+00,1.9792570413e-05,2.9550214546e-05,2.7808224904e-04,5.6514824079e-05,1.9792570413e-05,2.8574744501e-05,3.2114135116e-03,6.1322522791e-05,-9.2089856309e+00,9.2089888440e+00,2.4071572975e+03,1.2284591634e+02,-9.2100902757e+00,9.2100902757e+00,2.4071673333e+03,1.2285053024e+02,1.1046448096e-03,2.9002942284e-03,3.7753660548e-01,2.7219865535e-02,0.0000000000e+00,0.0000000000e+00,0.0000000000e+00,0.0000000000e+00,4.3738134106e-06,4.3738149366e-06,1.1432808445e-03,5.8345743803e-05,4.5964013897e-06,4.7044590517e-06,1.1366173766e-03,5.8334725221e-05,1.0000000000e+00,4.1921888688e+00,2.0679115636e+00,4.1921888688e+00,1.0000000000e+00,1.0002857242e+00,1.0000955859e+00,1.0002857242e+00,2.0738926300e+03,2.2137204005e+03,1.9617377658e+00,nan,4.1113046533e+00,4.3885005674e+00,3.8889677742e-03,nan,3.5393055815e-01,1.6463695945e-01,9.5127732139e-01,4.1909914012e+00,1.1548430447e+01,9.9417162639e-01,2.2696449332e-01,2.2588489204e-01,-2.8954391130e-01,5.4560694573e-01,3.2064116533e-01,400457,43,43,41,1.1366173766e-03,4.9499344307e-01,5.0058547341e-01,2.2747251482e-02,-3.7603009931e+00,-2.4071645350e+03,9.8209169500e-03,-2.4071547141e+03,-1.7494151867e-04,447024,48,48,48,-3.2114135116e-03,9.9942333864e-01,6.4612525617e-01,2.9766421755e-02,-3.4841558733e+00,-9.8034854157e-01,-1.3364464515e-01,-1.1139931867e+00,1.1181591030e-04,2.1325736586e-02,2.9999982429e-02,4.6047147981e-05,2.9801531512e-04,0,0,0,2.3958248488e-04,3.1921888688e+00,3.1924284512e+00,9.3176175816e-07,2.8572417675e-04,2.8665593851e-04,4.7495061735e-03,2.3958248488e+00
4,4.0000000000e-04,1.0000000000e-04,-8.2773529493e-02,1.2350694497e-01,1.1613427397e+00,2.3645222157e-01,-1.9958336802e-01,1.9958336802e-01,1.0868801298e+00,3.1361859701e-01,1.1680983853e-01,1.1718578280e-01,1.9245008961e-01,1.2688925650e-01,0.0000000000e+00,0.0000000000e+00,0.0000000000e+00,0.0000000000e+00,1.9831087879e-05,2.9590100775e-05,2.7823737937e-04,5.6649810799e-05,1.9831087879e-05,2.6159226609e-05,2.7987941261e-03,5.7688965204e-05,-9.1975805329e+00,9.1975841635e+00,2.3986606212e+03,1.2257321608e+02,-9.1986828135e+00,9.1986828135e+00,2.3986920981e+03,1.2257784098e+02,1.1022806416e-03,2.9011956071e-03,3.7752564432e-01,2.7221313973e-02,0.0000000000e+00,0.0000000000e+00,0.0000000000e+00,0.0000000000e+00,4.3683965522e-06,4.3683982766e-06,1.1392453429e-03,5.8216224649e-05,4.5138692967e-06,4.6029543209e-06,1.1325224573e-03,5.8180197272e-05,1.0000000000e+00,4.1921888688e+00,2.0679115636e+00,4.1921888688e+00,1.0000000000e+00,1.0002857242e+00,1.0000955859e+00,1.0002857242e+00,2.0654200860e+03,2.2069518361e+03,1.9616807926e+00,nan,4.0945086007e+00,4.3750825004e+00,3.8888548298e-03,nan,4.0464657502e-01,1.7595911338e-01,1.0085151825e+00,4.1909914012e+00,1.0059015552e+01,9.9409882552e-01,1.6782776405e-01,1.7138135900e-01,-2.9707689733e-01,5.4652194565e-01,3.1881475889e-01,492617,53,43,41,1.1325224573e-03,4.9613006045e-01,5.0047745264e-01,2.2572309963e-02,-3.7682003825e+00,-2.3983738779e+03,7.5916222357e-03,-2.3983662862e+03,-1.5577833648e-04,447024,48,48,48,-2.7987941261e-03,9.9940696773e-01,6.4291384266e-01,2.9878237666e-02,-3.4802912137e+00,-9.8992835036e-01,-1.3123814390e-01,-1.1211664943e+00,1.2603868794e-04,2.1595459459e-02,3.0004276354e-02,2.7371629122e-05,3.0907817093e-04,0,0,0,2.3958248488e-04,3.1921888688e+00,3.1924284512e+00,9.3176175816e-07,2.8572417675e-04,2.8665593851e-04,4.7495061735e-03,2.3958248488e+00
5,5.0000000000e-04,1.0000000000e-04,-8.2973346812e-02,1.2371472991e-01,1.1619376083e+00,2.3717274672e-01,-1.9980267050e-01,1.9980267050e-01,1.0860532137e+00,3.1424167275e-01,1.1682932369e-01,1.1720287580e-01,1.9245008599e-01,1.2690009238e-01,0.0000000000e+00,0.0000000000e+00,0.0000000000e+00,0.0000000000e+00,1.9878960608e-05,2.9639882409e-05,2.7837989947e-04,5.6822436006e-05,1.9878960608e-05,2.5364673217e-05,2.4848448204e-03,5.4955794448e-05,-9.1899219975e+00,9.1899258985e+00,2.3917886764e+03,1.2235052216e+02,-9.1910216239e+00,9.1910216239e+00,2.3918180191e+03,1.2235516621e+02,1.0996264350e-03,2.9017788777e-03,3.7751151381e-01,2.7222880798e-02,0.0000000000e+00,0.0000000000e+00,0.0000000000e+00,0.0000000000e+00,4.3647591261e-06,4.3647609789e-06,1.1359815084e-03,5.8110456033e-05,4.4718198423e-06,4.5569511650e-06,1.1289228363e-03,5.8067487983e-05,1.0000000000e+00,4.1921888688e+00,2.0679115636e+00,4.1921888688e+00,1.0000000000e+00,1.0002857242e+00,1.0000955859e+00,1.0002857242e+00,2.0584484566e+03,2.2023027868e+03,1.9616074052e+00,nan,4.0806879757e+00,4.3658661805e+00,3.8887093459e-03,nan,4.5432327483e-01,1.7965739696e-01,1.0566217551e+00,4.1909914012e+00,8.9260928148e+00,9.9378627898e-01,1.2095348569e-01,1.2771406456e-01,-3.0708563466e-01,5.4719606520e-01,3.1820793331e-01,493577,53,53,41,1.1289228363e-03,4.9726258291e-01,5.0036626891e-01,2.2416531627e-02,-3.7752849721e+00,-2.3905507483e+03,5.3701248473e-03,-2.3905453782e+03,-1.1652358500e-04,447024,48,48,48,-2.4848448204e-03,9.9942643564e-01,6.4011504853e-01,3.0004276354e-02,-3.4759517463e+00,-9.9858156786e-01,-1.2911196687e-01,-1.1276935347e+00,1.3371151682e-04,2.1849691668e-02,3.0137987870e-02,1.1149990060e-05,3.1558519639e-04,0,0,0,2.3958248488e-04,3.1921888688e+00,3.1924284512e+00,9.3176175816e-07,2.8572417675e-04,2.8665593851e-04,4.7495061735e-03,2.3958248488e+00
6,6.0000000000e-04,1.0000000000e-04,-8.3209468574e-02,1.2396124219e-01,1.1626092626e+00,2.3803948162e-01,-2.0005818730e-01,2.0005818730e-01,1.0851775112e+00,3.1498722804e-01,1.1684871873e-01,1.1721987717e-01,1.9245007032e-01,1.2691093076e-01,0.0000000000e+00,0.0000000000e+00,0.0000000000e+00,0.0000000000e+00,1.9935531247e-05,2.9698942432e-05,2.7854081609e-04,5.7030090507e-05,1.9935531247e-05,2.4898153089e-05,2.2401569540e-03,5.2840986929e-05,-9.1895813649e+00,9.1895854695e+00,2.3870304209e+03,1.2223292244e+02,-9.1906781980e+00,9.1906781980e+00,2.3870576348e+03,1.2223759155e+02,1.0968331191e-03,2.9021922080e-03,3.7749429263e-01,2.7224519694e-02,0.0000000000e+00,0.0000000000e+00,0.0000000000e+00,0.0000000000e+00,4.3645973425e-06,4.3645992919e-06,1.1337215721e-03,5.8054601971e-05,4.4521221940e-06,4.5373947687e-06,1.1263863512e-03,5.8009616870e-05,1.0000000000e+00,4.1921888688e+00,2.0679115636e+00,4.1921888688e+00,1.0000000000e+00,1.0002857242e+00,1.0000955859e+00,1.0002857242e+00,2.0531665261e+03,2.1996932392e+03,1.9615180810e+00,nan,4.0702170259e+00,4.3606929883e+00,3.8885322689e-03,nan,5.0281581796e-01,1.8223820668e-01,1.0978147881e+00,4.1909914012e+00,8.0424728609e+00,9.9352996270e-01,9.0780477465e-02,9.9696901284e-02,-3.1809096385e-01,5.4741032769e-01,3.1798998912e-01,400457,43,43,41,1.1263863512e-03,4.9839150574e-01,5.0025275961e-01,2.2300008042e-02,-3.7806158272e+00,-2.3848949407e+03,3.1555236932e-03,-2.3848917852e+03,-6.3283484975e-05,447024,48,48,48,-2.2401569540e-03,9.9946509113e-01,6.3763020371e-01,3.0137987870e-02,-3.4713673743e+00,-1.0064934766e+00,-1.2720219826e-01,-1.1336956749e+00,1.3592332540e-04,2.2020415230e-02,3.0273911196e-02,-2.5957713373e-06,3.1915781924e-04,0,0,0,2.3958248488e-04,3.1921888688e+00,3.1924284512e+00,9.3176175816e-07,2.8572417675e-04,2.8665593851e-04,4.7495061735e-03,2.3958248488e+00
7,7.0000000000e-04,1.0000000000e-04,-8.3479006650e-02,1.2424371727e-01,1.1632526938e+00,2.3904013541e-01,-2.0034702614e-01,2.0034702614e-01,1.0840423736e+00,3.1584521011e-01,1.1686801949e-01,1.1723678334e-01,1.9245004283e-01,1.2692175927e-01,0.0000000000e+00,0.0000000000e+00,0.0000000000e+00,0.0000000000e+00,2.0000107849e-05,2.9766618515e-05,2.7869497092e-04,5.7269829629e-05,2.0000107849e-05,2.4664594271e-05,2.0451610875e-03,5.1159049852e-05,-9.1992470952e+00,9.1992513650e+00,2.3852741962e+03,1.2226093960e+02,-9.2003410668e+00,9.2003410668e+00,2.3852992848e+03,1.2226563744e+02,1.0939716303e-03,2.9025077883e-03,3.7747405257e-01,2.7226208680e-02,0.0000000000e+00,0.0000000000e+00,0.0000000000e+00,0.0000000000e+00,4.3691880870e-06,4.3691901150e-06,1.1328874520e-03,5.8067908741e-05,4.4467869457e-06,4.5323543989e-06,1.1253231535e-03,5.8022268677e-05,1.0000000000e+00,4.1921888688e+00,2.0679115636e+00,4.1921888688e+00,1.0000000000e+00,1.0002857242e+00,1.0000955859e+00,1.0002857242e+00,2.0505211025e+03,2.2003745821e+03,1.9614131907e+00,nan,4.0649727129e+00,4.3620436890e+00,3.8883243333e-03,nan,5.5023692775e-01,1.8375953600e-01,1.1341545405e+00,4.1909914012e+00,7.3383494532e+00,9.9332299208e-01,8.2055549108e-02,9.2953856047e-02,-3.2922484032e-01,5.4733792835e-01,3.1791285792e-01,492617,53,43,41,1.1253231535e-03,4.9951789209e-01,5.0013766649e-01,2.2236724557e-02,-3.7835224097e+00,-2.3822726705e+03,9.4580210140e-04,-2.3822717247e+03,-5.3086093031e-07,447024,48,48,48,-2.0451610875e-03,9.9951398688e-01,6.3539004675e-01,3.0273911196e-02,-3.4667273240e+00,-1.0137779981e+00,-1.2546299683e-01,-1.1392409949e+00,1.3406867210e-04,2.2143598554e-02,3.0407979868e-02,-1.3918244069e-05,3.2104599725e-04,0,0,0,2.3958248488e-04,3.1921888688e+00,3.1924284512e+00,9.3176175816e-07,2.8572417675e-04,2.8665593851e-04,4.7495061735e-03,2.3958248488e+00
8,8.0000000000e-04,1.0000000000e-04,-8.3778979681e-02,1.2455932613e-01,1.1638042593e+00,2.4016126503e-01,-2.0066620118e-01,2.0066620118e-01,1.0828951862e+00,3.1680469614e-01,1.1688722150e-01,1.1725359104e-01,1.9245000382e-01,1.2693256781e-01,0.0000000000e+00,0.0000000000e+00,0.0000000000e+00,0.0000000000e+00,2.0071976133e-05,2.9842232870e-05,2.7882711636e-04,5.7538432648e-05,2.0071976133e-05,2.4588546474e-05,1.8865801619e-03,4.9786974674e-05,-9.2208211414e+00,9.2208255512e+00,2.3871689926e+03,1.2246268987e+02,-9.2219122164e+00,9.2219122164e+00,2.3871925154e+03,1.2246741783e+02,1.0910749926e-03,2.9029242468e-03,3.7745084985e-01,2.7227936219e-02,0.0000000000e+00,0.0000000000e+00,0.0000000000e+00,0.0000000000e+00,4.3794346936e-06,4.3794367880e-06,1.1337873868e-03,5.8163730158e-05,4.4522816673e-06,4.5380589836e-06,1.1259789908e-03,5.8117750051e-05,1.0000000000e+00,4.1921888688e+00,2.0679115636e+00,4.1921888688e+00,1.0000000000e+00,1.0002857242e+00,1.0000955859e+00,1.0002857242e+00,2.0511773982e+03,2.2044538989e+03,1.9612930234e+00,nan,4.0662737598e+00,4.3701305657e+00,3.8880861126e-03,nan,5.9683601764e-01,1.8455987175e-01,1.1673284113e+00,4.1909914012e+00,6.7661287272e+00,9.9311299803e-01,9.6542743574e-02,1.1017325291e-01,-3.3988469367e-01,5.4708826596e-01,3.1789710650e-01,492427,53,41,43,1.1259789908e-03,5.0064321525e-01,5.0002166075e-01,2.2236193696e-02,-3.7835468260e+00,-2.3832771235e+03,-1.2618625110e-03,-2.3832783853e+03,6.8386804291e-05,447024,48,48,48,-1.8865801619e-03,9.9956850664e-01,6.3334488567e-01,3.0407979868e-02,-3.4621703156e+00,-1.0205130023e+00,-1.2386093947e-01,-1.1443739418e+00,1.2985918829e-04,2.2275981214e-02,3.0537839056e-02,-2.2925378955e-05,3.2191962277e-04,0,0,0,2.3958248488e-04,3.1921888688e+00,3.1924284512e+00,9.3176175816e-07,2.8572417675e-04,2.8665593851e-04,4.7495061735e-03,2.3958248488e+00
9,9.0000000000e-04,1.0000000000e-04,-8.4106352809e-02,1.2490514819e-01,1.1642410040e+00,2.4138858183e-01,-2.0101267327e-01,2.0101267327e-01,1.0825022544e+00,3.1785412316e-01,1.1690632046e-01,1.1727031268e-01,1.9244998448e-01,1.2694334827e-01,0.0000000000e+00,0.0000000000e+00,0.0000000000e+00,0.0000000000e+00,2.0150409000e-05,2.9925085779e-05,2.7893175274e-04,5.7832476256e-05,2.0150409000e-05,2.4569859567e-05,1.7552307017e-03,4.8641928756e-05,-9.2554972918e+00,9.2555018325e+00,2.3931525578e+03,1.2285546019e+02,-9.2565854495e+00,9.2565854495e+00,2.3931738850e+03,1.2286021748e+02,1.0881577610e-03,2.9034921097e-03,3.7742472095e-01,2.7229695600e-02,0.0000000000e+00,0.0000000000e+00,0.0000000000e+00,0.0000000000e+00,4.3959041526e-06,4.3959063092e-06,1.1366292847e-03,5.8350276662e-05,4.4664192617e-06,4.5518342845e-06,1.1285187500e-03,5.8303959397e-05,1.0000000000e+00,4.1921888688e+00,2.0679115636e+00,4.1921888688e+00,1.0000000000e+00,1.0002857242e+00,1.0000955859e+00,1.0002857242e+00,2.0555473906e+03,2.2107795852e+03,1.9611574507e+00,nan,4.0749368746e+00,4.3826706669e+00,3.8878173518e-03,nan,6.4294610897e-01,1.8526089952e-01,1.1986358454e+00,4.1909914012e+00,6.2926887474e+00,9.9286439756e-01,1.3105111069e-01,1.4849725037e-01,-3.4951636259e-01,5.4672729315e-01,3.1786758441e-01,401417,43,53,41,1.1285187500e-03,5.0176919424e-01,4.9990535941e-01,2.2304580500e-02,-3.7804061286e+00,-2.3882688375e+03,-3.4707753506e-03,-2.3882723083e+03,1.4089562761e-04,447024,48,48,48,-1.7552307017e-03,9.9962629333e-01,6.3145830551e-01,3.0537839056e-02,-3.4577749050e+00,-1.0267637600e+00,-1.2237123116e-01,-1.1491349912e+00,1.2515264718e-04,2.2442020385e-02,3.0662991703e-02,-2.9761599562e-05,3.2223815612e-04,0,0,0,2.3958248488e-04,3.1921888688e+00,3.1924284512e+00,9.3176175816e-07,2.8572417675e-04,2.8665593851e-04,4.7495061735e-03,2.3958248488e+00
10,1.0000000000e-03,1.0000000000e-04,-8.4458068179e-02,1.2527821942e-01,1.1648325743e+00,2.4270727984e-01,-2.0138338071e-01,2.0138338071e-01,1.0821983280e+00,3.1898153189e-01,1.1692531253e-01,1.1728693562e-01,1.9245002751e-01,1.2695409431e-01,0.0000000000e+00,0.0000000000e+00,0.0000000000e+00,0.0000000000e+00,2.0234673843e-05,3.0014467110e-05,2.7907348261e-04,5.8148413203e-05,2.0234673843e-05,2.4560746128e-05,1.6446381161e-03,4.7667001000e-05,-9.3038303492e+00,9.3038350067e+00,2.4032630541e+03,1.2344697425e+02,-9.3049155722e+00,9.3049155722e+00,2.4032821789e+03,1.2345175809e+02,1.0852230236e-03,2.9040271170e-03,3.7740078133e-01,2.7231482699e-02,0.0000000000e+00,0.0000000000e+00,0.0000000000e+00,0.0000000000e+00,4.4188599681e-06,4.4188621802e-06,1.1414312712e-03,5.8631216629e-05,4.4878747689e-06,4.5739616023e-06,1.1330156879e-03,5.8584456655e-05,1.0000000000e+00,4.1921888688e+00,2.0679115636e+00,4.1921888688e+00,1.0000000000e+00,1.0002857242e+00,1.0000955859e+00,1.0002857242e+00,2.0631832481e+03,2.2207409831e+03,1.9610326183e+00,nan,4.0900742718e+00,4.4024182378e+00,3.8875698829e-03,nan,6.8891489066e-01,1.8623056394e-01,1.2290359248e+00,4.1909914012e+00,5.8932081283e+00,9.9262716603e-01,1.7727622879e-01,1.9912803004e-01,-3.5766342690e-01,5.4631059041e-01,3.1783733415e-01,382987,41,53,43,1.1330156879e-03,5.0289771299e-01,4.9978933378e-01,2.2445476128e-02,-3.7739649841e+00,-2.3974059005e+03,-5.6845645980e-03,-2.3974115851e+03,2.1493301846e-04,447024,48,48,48,-1.6446381161e-03,9.9968584431e-01,6.2970307480e-01,3.0662991703e-02,-3.4535558958e+00,-1.0325967890e+00,-1.2097515380e-01,-1.1535719428e+00,1.2176179435e-04,2.2654189757e-02,3.0784753498e-02,-3.4590606147e-05,3.2209555668e-04,0,0,0,2.3958248488e-04,3.1921888688e+00,3.1924284512e+00,9.3176175816e-07,2.8572417675e-04,2.8665593851e-04,4.7495061735e-03,2.3958248488e+00
11,1.1000000000e-03,1.0000000000e-04,-8.4831068339e-02,1.2567557599e-01,1.1658730952e+00,2.4410235426e-01,-2.0177526282e-01,2.0177526282e-01,1.0821267728e+00,3.2017480281e-01,1.1694419448e-01,1.1730345497e-01,1.9245005925e-01,1.2696480115e-01,0.0000000000e+00,0.0000000000e+00,0.0000000000e+00,0.0000000000e+00,2.0324038148e-05,3.0109666784e-05,2.7932277321e-04,5.8482648600e-05,2.0324038148e-05,2.4555345748e-05,1.5501509968e-03,4.6822202621e-05,-9.3658012297e+00,9.3658059920e+00,2.4180305916e+03,1.2423649462e+02,-9.3668834970e+00,9.3668834970e+00,2.4180718493e+03,1.2424130047e+02,1.0822673202e-03,2.9045320278e-03,3.7743078604e-01,2.7233295493e-02,0.0000000000e+00,0.0000000000e+00,0.0000000000e+00,0.0000000000e+00,4.4482930760e-06,4.4482953379e-06,1.1484451222e-03,5.9006199816e-05,4.5164856802e-06,4.6035987046e-06,1.1398358629e-03,5.8958882954e-05,1.0000000000e+00,4.1921888688e+00,2.0679115636e+00,4.1921888688e+00,1.0000000000e+00,1.0002857242e+00,1.0000955859e+00,1.0002857242e+00,2.0740083990e+03,2.2345550540e+03,1.9611882039e+00,nan,4.1115341547e+00,4.4298033844e+00,3.8878783172e-03,nan,7.3530634454e-01,1.8747847218e-01,1.2592078043e+00,4.1909914012e+00,5.5496763797e+00,9.9250355185e-01,2.2856774565e-01,2.5461328091e-01,-3.6379851641e-01,5.4588118416e-01,3.1777637708e-01,483305,52,42,41,1.1398358629e-03,4.7900627230e-01,4.9804116981e-01,2.2675274111e-02,-3.7635438826e+00,-2.4180004485e+03,4.1113047659e-02,-2.4179593354e+03,3.0062224255e-04,447024,48,48,48,-1.5501509968e-03,9.9974662593e-01,6.2805843669e-01,3.0784753498e-02,-3.4494671687e+00,-1.0380866686e+00,-1.1965833432e-01,-1.1577450030e+00,1.2130132942e-04,2.2907060754e-02,3.0906054827e-02,-3.7581129156e-05,3.0023238959e-04,0,0,0,2.3958248488e-04,3.1921888688e+00,3.1924284512e+00,9.3176175816e-07,2.8572417675e-04,2.8665593851e-04,4.7495061735e-03,2.3958248488e+00
12,1.2000000000e-03,1.0000000000e-04,-8.5222314655e-02,1.2609431763e-01,1.1675599509e+00,2.4555888762e-01,-2.0218527848e-01,2.0218527848e-01,1.0824306420e+00,3.2142186856e-01,1.1696296382e-01,1.1731987095e-01,1.9245007977e-01,1.2697546547e-01,0.0000000000e+00,0.0000000000e+00,0.0000000000e+00,0.0000000000e+00,2.0417773913e-05,3.0209989948e-05,2.7972691429e-04,5.8831608482e-05,2.0417773913e-05,2.4555133499e-05,1.4683658202e-03,4.6078795440e-05,-9.4408815640e+00,9.4408864153e+00,2.4370100306e+03,1.2521585618e+02,-9.4419608506e+00,9.4419608506e+00,2.4370490734e+03,1.2522067803e+02,1.0792865612e-03,2.9050089457e-03,3.7745738347e-01,2.7235133380e-02,0.0000000000e+00,0.0000000000e+00,0.0000000000e+00,0.0000000000e+00,4.4839525272e-06,4.4839548313e-06,1.1574594185e-03,5.9471348197e-05,4.5520853224e-06,4.6402634795e-06,1.1489080740e-03,5.9423351725e-05,1.0000000000e+00,4.1921888688e+00,2.0679115636e+00,4.1921888688e+00,1.0000000000e+00,1.0002857242e+00,1.0000955859e+00,1.0002857242e+00,2.0872675777e+03,2.2514597969e+03,1.9613261991e+00,nan,4.1378192780e+00,4.4633155090e+00,3.8881518803e-03,nan,7.8243994668e-01,1.8897325399e-01,1.2896029759e+00,4.1909914012e+00,5.2492833015e+00,9.9261197036e-01,2.7968472791e-01,3.0897128999e-01,-3.6738637532e-01,5.4546759150e-01,3.1768779768e-01,410743,44,54,55,1.1489080740e-03,4.8014610816e-01,4.9793044479e-01,2.2975896353e-02,-3.7500656411e+00,-2.4369917950e+03,3.8888105020e-02,-2.4369529069e+03,3.7125812442e-04,447024,48,48,48,-1.4683658202e-03,9.9980847723e-01,6.2650828569e-01,3.0906054827e-02,-3.4454094440e+00,-1.0433180504e+00,-1.1840955601e-01,-1.1617276064e+00,1.2508861290e-04,2.3206141127e-02,3.1031143440e-02,-3.8896566940e-05,2.9946585755e-04,0,0,0,2.3958248488e-04,3.1921888688e+00,3.1924284512e+00,9.3176175816e-07,2.8572417675e-04,2.8665593851e-04,4.7495061735e-03,2.3958248488e+00
13,1.3000000000e-03,1.0000000000e-04,-8.5628802723e-02,1.2653148781e-01,1.1694047755e+00,2.4706229041e-01,-2.0261042156e-01,2.0261042156e-01,1.0832452917e+00,3.2271089370e-01,1.1698161884e-01,1.1733618472e-01,1.9245008910e-01,1.2698608523e-01,0.0000000000e+00,0.0000000000e+00,0.0000000000e+00,0.0000000000e+00,2.0515161334e-05,3.0314728267e-05,2.8016890195e-04,5.9191797458e-05,2.0515161334e-05,2.4559976349e-05,1.3967475814e-03,4.5415693961e-05,-9.5281002738e+00,9.5281052031e+00,2.4595511223e+03,1.2637049115e+02,-9.5291765510e+00,9.5291765510e+00,2.4595879313e+03,1.2637532185e+02,1.0762772193e-03,2.9054601899e-03,3.7748062648e-01,2.7236996456e-02,0.0000000000e+00,0.0000000000e+00,0.0000000000e+00,0.0000000000e+00,4.5253771072e-06,4.5253794484e-06,1.1681653239e-03,6.0019742785e-05,4.5944382923e-06,4.6833769083e-06,1.1596586754e-03,5.9970951943e-05,1.0000000000e+00,4.1921888688e+00,2.0679115636e+00,4.1921888688e+00,1.0000000000e+00,1.0002857242e+00,1.0000955859e+00,1.0002857242e+00,2.1032504516e+03,2.2705733873e+03,1.9614468782e+00,nan,4.1695038806e+00,4.5012064741e+00,3.8883911157e-03,nan,8.3025644061e-01,1.9069142583e-01,1.3204896086e+00,4.1909914012e+00,4.9853769340e+00,9.9271794122e-01,3.2875616726e-01,3.5991700294e-01,-3.6781310847e-01,5.4509634154e-01,3.1757506548e-01,484457,52,54,41,1.1596586754e-03,4.8129501624e-01,4.9782162363e-01,2.3347154477e-02,-3.7336561491e+00,-2.4595528530e+03,3.6644224708e-02,-2.4595162088e+03,4.3837010535e-04,447024,48,48,48,-1.3967475814e-03,9.9987132674e-01,6.2503991987e-01,3.1031143440e-02,-3.4412411443e+00,-1.0483845950e+00,-1.1721993250e-01,-1.1656045275e+00,1.3409589734e-04,2.3558454821e-02,3.1165239337e-02,-3.8688640366e-05,2.9841548590e-04,0,0,0,2.3958248488e-04,3.1921888688e+00,3.1924284512e+00,9.3176175816e-07,2.8572417675e-04,2.8665593851e-04,4.7495061735e-03,2.3958248488e+00
14,1.4000000000e-03,1.0000000000e-04,-8.6047576450e-02,1.2698408350e-01,1.1715019557e+00,2.4859849174e-01,-2.0304773507e-01,2.0304773507e-01,1.0846924469e+00,3.2403041864e-01,1.1700015862e-01,1.1735239833e-01,1.9245008733e-01,1.2699665952e-01,0.0000000000e+00,0.0000000000e+00,0.0000000000e+00,0.0000000000e+00,2.0615492184e-05,3.0423162265e-05,2.8067134960e-04,5.9559844390e-05,2.0615492184e-05,2.4567886673e-05,1.3333759004e-03,4.4817152093e-05,-9.6261135230e+00,9.6261185310e+00,2.4852241951e+03,1.2768048001e+02,-9.6271867600e+00,9.6271867600e+00,2.4852587484e+03,1.2768531172e+02,1.0732371049e-03,2.9058888598e-03,3.7750054593e-01,2.7238885418e-02,0.0000000000e+00,0.0000000000e+00,0.0000000000e+00,0.0000000000e+00,4.5719285604e-06,4.5719309390e-06,1.1803587657e-03,6.0641922805e-05,4.6424433146e-06,4.7321641532e-06,1.1718807745e-03,6.0592239119e-05,1.0000000000e+00,4.1921888688e+00,2.0679115636e+00,4.1921888688e+00,1.0000000000e+00,1.0002857242e+00,1.0000955859e+00,1.0002857242e+00,2.1213999541e+03,2.2912105228e+03,1.9615504007e+00,nan,4.2054836285e+00,4.5421177297e+00,3.8885963398e-03,nan,8.7888252227e-01,1.9261584100e-01,1.3519877165e+00,4.1909914012e+00,4.7506662233e+00,9.9281744542e-01,3.7495532036e-01,4.0640507978e-01,-3.6435887458e-01,5.4478253880e-01,3.1744954099e-01,483305,52,42,41,1.1718807745e-03,4.8245467491e-01,4.9771503968e-01,2.3785524583e-02,-3.7146051268e+00,-2.4852539626e+03,3.4378169234e-02,-2.4852195845e+03,5.0048834816e-04,447024,48,48,48,-1.3333759004e-03,9.9993519159e-01,6.2364317229e-01,3.1165239337e-02,-3.4367907218e+00,-1.0533861057e+00,-1.1608232600e-01,-1.1694684317e+00,1.4894413615e-04,2.3962752925e-02,3.1314183473e-02,-3.7094838562e-05,2.9708729572e-04,0,0,0,2.3958248488e-04,3.1921888688e+00,3.1924284512e+00,9.3176175816e-07,2.8572417675e-04,2.8665593851e-04,4.7495061735e-03,2.3958248488e+00
15,1.5000000000e-03,1.0000000000e-04,-8.6475742049e-02,1.2744915772e-01,1.1739459479e+00,2.5015408215e-01,-2.0349432509e-01,2.0349432509e-01,1.0868755325e+00,3.2536946949e-01,1.1701858304e-01,1.1736851457e-01,1.9245007435e-01,1.2700718843e-01,0.0000000000e+00,0.0000000000e+00,0.0000000000e+00,0.0000000000e+00,2.0718073162e-05,3.0534585904e-05,2.8125688731e-04,5.9932536606e-05,2.0718073162e-05,2.4577079415e-05,1.2767726238e-03,4.4271246537e-05,-9.7332787472e+00,9.7332838309e+00,2.5135466629e+03,1.2912164998e+02,-9.7343489101e+00,9.7343489101e+00,2.5135787500e+03,1.2912647446e+02,1.0701628489e-03,2.9062961452e-03,3.7751715024e-01,2.7240801459e-02,0.0000000000e+00,0.0000000000e+00,0.0000000000e+00,0.0000000000e+00,4.6228267498e-06,4.6228291643e-06,1.1938105393e-03,6.1326407372e-05,4.6955267762e-06,4.7852606363e-06,1.1853299669e-03,6.1275685658e-05,1.0000000000e+00,4.1921888688e+00,2.0679115636e+00,4.1921888688e+00,1.0000000000e+00,1.0002857242e+00,1.0000955859e+00,1.0002857242e+00,2.1411093649e+03,2.3126647668e+03,1.9616368116e+00,nan,4.2445557536e+00,4.5846488289e+00,3.8887676415e-03,nan,9.2837984213e-01,1.9470420206e-01,1.3840966869e+00,4.1909914012e+00,4.5395248308e+00,9.9289621586e-01,4.1740432838e-01,4.4754880548e-01,-3.5610993482e-01,5.4452692124e-01,3.1727919966e-01,501943,54,44,55,1.1853299669e-03,4.8362655569e-01,4.9761098183e-01,2.4286012931e-02,-3.6932689124e+00,-2.5135787500e+03,3.2087102611e-02,-2.5135466629e+03,5.5615296309e-04,447024,48,48,48,-1.2767726238e-03,1.0000000000e+00,6.2230979639e-01,3.1314183473e-02,-3.4318691835e+00,-1.0584247539e+00,-1.1499093165e-01,-1.1734156856e+00,1.6992601722e-04,2.4420273835e-02,3.1484109491e-02,-3.4238899083e-05,2.9554317769e-04,0,0,0,2.3958248488e-04,3.1921888688e+00,3.1924284512e+00,9.3176175816e-07,2.8572417675e-04,2.8665593851e-04,4.7495061735e-03,2.3958248488e+00
16,1.6000000000e-03,1.0000000000e-04,-8.6910482584e-02,1.2792376488e-01,1.1775419837e+00,2.5171641503e-01,-2.0394737533e-01,2.0394737533e-01,1.0899367837e+00,3.2671763837e-01,1.1703689275e-01,1.1738455178e-01,1.9245006788e-01,1.2701767289e-01,0.0000000000e+00,0.0000000000e+00,0.0000000000e+00,0.0000000000e+00,2.0822229380e-05,3.0648293466e-05,2.8211843451e-04,6.0306844199e-05,2.0822229380e-05,2.4586462380e-05,1.2257830976e-03,4.3768857547e-05,-9.8477323810e+00,9.8477375430e+00,2.5439180480e+03,1.3066672140e+02,-9.8487994337e+00,9.8487994337e+00,2.5439478166e+03,1.3067153043e+02,1.0670526786e-03,2.9066845575e-03,3.7753042588e-01,2.7242746172e-02,0.0000000000e+00,0.0000000000e+00,0.0000000000e+00,0.0000000000e+00,4.6771865739e-06,4.6771890255e-06,1.2082354474e-03,6.2060239995e-05,4.7522119888e-06,4.8431263578e-06,1.1997465567e-03,6.2008432436e-05,1.0000000000e+00,4.1921888688e+00,2.0679115636e+00,4.1921888688e+00,1.0000000000e+00,1.0002857242e+00,1.0000955859e+00,1.0002857242e+00,2.1603629282e+03,2.3340324453e+03,1.9617058599e+00,nan,4.2827242022e+00,4.6270083197e+00,3.8889045235e-03,nan,9.7875925937e-01,1.9698345712e-01,1.4167249481e+00,4.1909914012e+00,4.3449237895e+00,9.9297414203e-01,4.5536253739e-01,4.8277989403e-01,-3.4200860211e-01,5.4437671173e-01,3.1714129041e-01,483305,52,42,41,1.1997465567e-03,4.8481188566e-01,4.9750968688e-01,2.4842165894e-02,-3.6700568920e+00,-2.5439478166e+03,2.9768665656e-02,-2.5439180480e+03,6.0393949418e-04,447024,48,48,48,-1.2257830976e-03,1.0000000000e+00,6.2103302377e-01,3.1484109491e-02,-3.4262819321e+00,-1.0636010075e+00,-1.1394097617e-01,-1.1775419837e+00,1.9704666967e-04,2.4919179308e-02,3.1681156160e-02,-3.0233397470e-05,2.9372934503e-04,0,0,0,2.3958248488e-04,3.1921888688e+00,3.1924284512e+00,9.3176175816e-07,2.8572417675e-04,2.8665593851e-04,4.7495061735e-03,2.3958248488e+00
17,1.7000000000e-03,1.0000000000e-04,-8.7349073151e-02,1.2840500008e-01,1.1819381672e+00,2.5327367493e-01,-2.0440416227e-01,2.0440416227e-01,1.0991857133e+00,3.2806513986e-01,1.1705508912e-01,1.1740050962e-01,1.9245008441e-01,1.2702811459e-01,0.0000000000e+00,0.0000000000e+00,0.0000000000e+00,0.0000000000e+00,2.0927307998e-05,3.0763588991e-05,2.8317168307e-04,6.0679936394e-05,2.0927307998e-05,2.4595821737e-05,1.1794932609e-03,4.3302963937e-05,-9.9674699905e+00,9.9674752329e+00,2.5757159628e+03,1.3228648633e+02,-9.9685338939e+00,9.9685338939e+00,2.5757433838e+03,1.3229127202e+02,1.0639034114e-03,2.9070535079e-03,3.7754033875e-01,2.7244721514e-02,0.0000000000e+00,0.0000000000e+00,0.0000000000e+00,0.0000000000e+00,4.7340560254e-06,4.7340585153e-06,1.2233378867e-03,6.2829548347e-05,4.8113544210e-06,4.9038968281e-06,1.2148364473e-03,6.2776664816e-05,1.0000000000e+00,4.1921888688e+00,2.0679115636e+00,4.1921888688e+00,1.0000000000e+00,1.0002857242e+00,1.0000955859e+00,1.0002857242e+00,2.1792307198e+03,2.3433195617e+03,1.9617572001e+00,nan,4.3201278933e+00,4.6454191884e+00,3.8890063009e-03,nan,1.0299647210e+00,1.9937926370e-01,1.4497082673e+00,4.1909914012e+00,4.1652938177e+00,9.9305062044e-01,4.8810480992e-01,5.1167484136e-01,-3.2064711107e-01,5.4431369326e-01,3.1700099280e-01,409577,44,42,41,1.2148364473e-03,4.8601163221e-01,4.9741133434e-01,2.5446105388e-02,-3.6454171209e+00,-2.5757433838e+03,2.7421007873e-02,-2.5757159628e+03,6.4251399022e-04,447024,48,48,48,-1.1794932609e-03,1.0000000000e+00,6.1980724067e-01,3.1681156160e-02,-3.4198393559e+00,-1.0690096712e+00,-1.1292849600e-01,-1.1819381672e+00,2.3007040121e-04,2.5445689811e-02,3.1911226562e-02,-2.5183242489e-05,2.9165358784e-04,0,0,0,2.3958248488e-04,3.1921888688e+00,3.1924284512e+00,9.3176175816e-07,2.8572417675e-04,2.8665593851e-04,4.7495061735e-03,2.3958248488e+00
18,1.8000000000e-03,1.0000000000e-04,-8.7788896259e-02,1.2888999367e-01,1.1866864523e+00,2.5481492094e-01,-2.0486207047e-01,2.0486207047e-01,1.1112060445e+00,3.2940284947e-01,1.1707317421e-01,1.1741638128e-01,1.9245008973e-01,1.2703851576e-01,0.0000000000e+00,0.0000000000e+00,0.0000000000e+00,0.0000000000e+00,2.1032681911e-05,3.0879784960e-05,2.8430928902e-04,6.1049191944e-05,2.1032681911e-05,2.4606354012e-05,1.1371709627e-03,4.2868140040e-05,-1.0090426366e+01,1.0090431686e+01,2.6083091491e+03,1.3395098510e+02,-1.0091487078e+01,1.0091487078e+01,2.6083341919e+03,1.3395574016e+02,1.0607120672e-03,2.9074016295e-03,3.7754683465e-01,2.7246729461e-02,0.0000000000e+00,0.0000000000e+00,0.0000000000e+00,0.0000000000e+00,4.7924542319e-06,4.7924567588e-06,1.2388180406e-03,6.3620103068e-05,4.8720659337e-06,4.9659237136e-06,1.2303111362e-03,6.3566160948e-05,1.0000000000e+00,4.1921888688e+00,2.0679115636e+00,4.1921888688e+00,1.0000000000e+00,1.0002857242e+00,1.0000955859e+00,1.0002857242e+00,2.1979766803e+03,2.3473002193e+03,1.9617908996e+00,nan,4.3572900655e+00,4.6533104822e+00,3.8890731070e-03,nan,1.0819051634e+00,2.0181469027e-01,1.4828299266e+00,4.1909914012e+00,3.9997671782e+00,9.9313304773e-01,5.1510303667e-01,5.3406665452e-01,-2.9033017549e-01,5.4433981496e-01,3.1685077679e-01,392105,42,52,41,1.2303111362e-03,4.8722646866e-01,4.9731604381e-01,2.6088619378e-02,-3.6198211344e+00,-2.6083341919e+03,2.5042856645e-02,-2.6083091491e+03,6.7070961006e-04,447024,48,48,48,-1.1371709627e-03,1.0000000000e+00,6.1862774741e-01,3.1911226562e-02,-3.4123659135e+00,-1.0747362810e+00,-1.1195017136e-01,-1.1866864523e+00,2.6856951937e-04,2.6021822369e-02,3.2179796081e-02,-1.9189628826e-05,2.9207885795e-04,0,0,0,2.3958248488e-04,3.1921888688e+00,3.1924284512e+00,9.3176175816e-07,2.8572417675e-04,2.8665593851e-04,4.7495061735e-03,2.3958248488e+00
19,1.9000000000e-03,1.0000000000e-04,-8.8227456667e-02,1.2937594655e-01,1.1918572433e+00,2.5633011215e-01,-2.0531860737e-01,2.0531860737e-01,1.1232039102e+00,3.3072232876e-01,1.1709115070e-01,1.1743217147e-01,1.9245008373e-01,1.2704887912e-01,0.0000000000e+00,0.0000000000e+00,0.0000000000e+00,0.0000000000e+00,2.1137753303e-05,3.0996210758e-05,2.8554811999e-04,6.1412205218e-05,2.1137753303e-05,2.4618513587e-05,1.0982238519e-03,4.2460185476e-05,-1.0214552772e+01,1.0214558172e+01,2.6410770458e+03,1.3563063920e+02,-1.0215610249e+01,1.0215610249e+01,2.6410996793e+03,1.3563535715e+02,1.0574770379e-03,2.9078284631e-03,3.7754984454e-01,2.7248771991e-02,0.0000000000e+00,0.0000000000e+00,0.0000000000e+00,0.0000000000e+00,4.8514081450e-06,4.8514107096e-06,1.2543811734e-03,6.4417855821e-05,4.9337383210e-06,5.0281376680e-06,1.2458828994e-03,6.4362870824e-05,1.0000000000e+00,4.1921888688e+00,2.0679115636e+00,4.1921888688e+00,1.0000000000e+00,1.0002857242e+00,1.0000955859e+00,1.0002857242e+00,2.2159340480e+03,2.3513982237e+03,1.9618066006e+00,nan,4.3928889234e+00,4.6614344055e+00,3.8891042328e-03,nan,1.1344525957e+00,2.0424213064e-01,1.5158405481e+00,4.1909914012e+00,3.8460202503e+00,9.9322512634e-01,5.3605877767e-01,5.5001931626e-01,-2.4913237320e-01,5.4445246157e-01,3.1669765019e-01,392105,42,52,41,1.2458828994e-03,4.8845677980e-01,4.9722387460e-01,2.6759328989e-02,-3.5937482413e+00,-2.6410996793e+03,2.2633508067e-02,-2.6410770458e+03,6.8761388537e-04,447024,48,48,48,-1.0982238519e-03,1.0000000000e+00,6.1749057644e-01,3.2179796081e-02,-3.4037075256e+00,-1.0808540433e+00,-1.1100320007e-01,-1.1918572433e+00,3.1196674144e-04,2.6645090261e-02,3.2491762822e-02,-1.2353382878e-05,2.9395544349e-04,0,0,0,2.3958248488e-04,3.1921888688e+00,3.1924284512e+00,9.3176175816e-07,2.8572417675e-04,2.8665593851e-04,4.7495061735e-03,2.3958248488e+00
20,2.0000000000e-03,1.0000000000e-04,-8.8662394785e-02,1.2986014794e-01,1.1975065905e+00,2.5781012002e-01,-2.0577141662e-01,2.0577141662e-01,1.1350732886e+00,3.3201584038e-01,1.1710902183e-01,1.1744788517e-01,1.9245006626e-01,1.2705920774e-01,0.0000000000e+00,0.0000000000e+00,0.0000000000e+00,0.0000000000e+00,2.1241956858e-05,3.1112216931e-05,2.8690160461e-04,6.1766789183e-05,2.1241956858e-05,2.4633563136e-05,1.0621687433e-03,4.2075844746e-05,-1.0337887904e+01,1.0337893387e+01,2.6737489996e+03,1.3729728817e+02,-1.0338942103e+01,1.0338942103e+01,2.6737936570e+03,1.3730196347e+02,1.0541991491e-03,2.9082970604e-03,3.7754975866e-01,2.7250851009e-02,0.0000000000e+00,0.0000000000e+00,0.0000000000e+00,0.0000000000e+00,4.9099862422e-06,4.9099888460e-06,1.2698987380e-03,6.5209431777e-05,4.9949168821e-06,5.0905378956e-06,1.2612572099e-03,6.5153438304e-05,1.0000000000e+00,4.1921888688e+00,2.0679115636e+00,4.1921888688e+00,1.0000000000e+00,1.0002857242e+00,1.0000955859e+00,1.0002857242e+00,2.2327634945e+03,2.3556132311e+03,1.9618063324e+00,nan,4.4262517798e+00,4.6697902767e+00,3.8891037012e-03,nan,1.1874358174e+00,2.0665049013e-01,1.5484760603e+00,4.1909914012e+00,3.7022056559e+00,9.9319510459e-01,5.5086659755e-01,5.5975516318e-01,-1.9519164847e-01,5.4465165200e-01,3.1656425848e-01,410826,44,55,42,1.2612572099e-03,4.8970266270e-01,4.9713482760e-01,2.7446942874e-02,-3.5676698404e+00,-2.6734522160e+03,2.0192826946e-02,-2.6734320232e+03,6.9265342390e-04,447024,48,48,48,-1.0621687433e-03,1.0000000000e+00,6.1639235259e-01,3.2491762822e-02,-3.3937373332e+00,-1.0874213904e+00,-1.1008520011e-01,-1.1975065905e+00,3.5957004685e-04,2.7302378427e-02,3.2851332869e-02,-4.7775366747e-06,2.9567237276e-04,0,0,0,2.3958248488e-04,3.1921888688e+00,3.1924284512e+00,9.3176175816e-07,2.8572417675e-04,2.8665593851e-04,4.7495061735e-03,2.3958248488e+00
21,2.1000000000e-03,1.0000000000e-04,-8.9091497795e-02,1.3033995399e-01,1.2036743302e+00,2.5924673096e-01,-2.0621828913e-01,2.0621828913e-01,1.1466793581e+00,3.3327635515e-01,1.1712679134e-01,1.1746352745e-01,1.9245007570e-01,1.2706950490e-01,0.0000000000e+00,0.0000000000e+00,0.0000000000e+00,0.0000000000e+00,2.1344762424e-05,3.1227170056e-05,2.8837928702e-04,6.2110976002e-05,2.1344762424e-05,2.4650905584e-05,1.0286090090e-03,4.1712589698e-05,-1.0458619321e+01,1.0458624886e+01,2.7056777708e+03,1.3892508134e+02,-1.0459670199e+01,1.0459670199e+01,2.7057199871e+03,1.3892970951e+02,1.0508781336e-03,2.9087447737e-03,3.7754952487e-01,2.7252968310e-02,0.0000000000e+00,0.0000000000e+00,0.0000000000e+00,0.0000000000e+00,4.9673277031e-06,4.9673303462e-06,1.2850633276e-03,6.5982553149e-05,5.0547927447e-06,5.1515606411e-06,1.2762039984e-03,6.5925599442e-05,1.0000000000e+00,4.1921888688e+00,2.0679115636e+00,4.1921888688e+00,1.0000000000e+00,1.0002857242e+00,1.0000955859e+00,1.0002857242e+00,2.2478486937e+03,2.3596134071e+03,1.9618050213e+00,nan,4.4561568233e+00,4.6777202640e+00,3.8891011021e-03,nan,1.2407085561e+00,2.0898058384e-01,1.5804724645e+00,4.1909914012e+00,3.5668616136e+00,9.9310592015e-01,5.5948496032e-01,5.6351012580e-01,-1.2739992249e-01,5.4492628686e-01,3.1643704596e-01,410743,44,54,55,1.2762039984e-03,4.9096391991e-01,4.9704884921e-01,2.8139596298e-02,-3.5420344712e+00,-2.7048561911e+03,1.7721261418e-02,-2.7048384699e+03,6.8566208547e-04,447024,48,48,48,-1.0286090090e-03,1.0000000000e+00,6.1533018385e-01,3.2851332869e-02,-3.3823599057e+00,-1.0944801971e+00,-1.0919413308e-01,-1.2036743302e+00,4.1059885221e-04,2.7968508376e-02,3.3261931721e-02,3.4311024117e-06,2.9723096137e-04,0,0,0,2.3958248488e-04,3.1921888688e+00,3.1924284512e+00,9.3176175816e-07,2.8572417675e-04,2.8665593851e-04,4.7495061735e-03,2.3958248488e+00
22,2.2000000000e-03,1.0000000000e-04,-8.9512707865e-02,1.3081281801e-01,1.2103829111e+00,2.6063264031e-01,-2.0665717124e-01,2.0665717124e-01,1.1579192582e+00,3.3449755196e-01,1.1714446338e-01,1.1747910344e-01,1.9245008796e-01,1.2707977406e-01,0.0000000000e+00,0.0000000000e+00,0.0000000000e+00,0.0000000000e+00,2.1445676979e-05,3.1340459994e-05,2.8998654551e-04,6.2443015608e-05,2.1445676979e-05,2.4669741379e-05,9.9721763384e-04,4.1368447651e-05,-1.0575132624e+01,1.0575138276e+01,2.7361844661e+03,1.4049118359e+02,-1.0576180138e+01,1.0576180138e+01,2.7362242106e+03,1.4049576120e+02,1.0475148057e-03,2.9091702658e-03,3.7754597072e-01,2.7255125276e-02,0.0000000000e+00,0.0000000000e+00,0.0000000000e+00,0.0000000000e+00,5.0226657682e-06,5.0226684528e-06,1.2995525014e-03,6.6726374380e-05,5.1127586987e-06,5.2103048567e-06,1.2904994746e-03,6.6668505491e-05,1.0000000000e+00,4.1921888688e+00,2.0679115636e+00,4.1921888688e+00,1.0000000000e+00,1.0002857242e+00,1.0000955859e+00,1.0002857242e+00,2.2605940988e+03,2.3630526838e+03,1.9617864285e+00,nan,4.4814234367e+00,4.6845383189e+00,3.8890642434e-03,nan,1.2941001350e+00,2.1120224880e-01,1.6115786131e+00,4.1909914012e+00,3.4388410404e+00,9.9303373524e-01,5.6194911435e-01,5.6154240392e-01,-4.6702312212e-02,5.4526224669e-01,3.1631416179e-01,392105,42,52,41,1.2904994746e-03,4.9224012390e-01,4.9696583674e-01,2.8825258383e-02,-3.5172543826e+00,-2.7348429711e+03,1.5219717603e-02,-2.7348277514e+03,6.6692061395e-04,447024,48,48,48,-9.9721763384e-04,1.0000000000e+00,6.1430157484e-01,3.3261931721e-02,-3.3695140368e+00,-1.1020546680e+00,-1.0832824311e-01,-1.2103829111e+00,4.6420212547e-04,2.8277425332e-02,3.3726133847e-02,1.2161343185e-05,2.9863462846e-04,0,0,0,2.3958248488e-04,3.1921888688e+00,3.1924284512e+00,9.3176175816e-07,2.8572417675e-04,2.8665593851e-04,4.7495061735e-03,2.3958248488e+00
23,2.3000000000e-03,1.0000000000e-04,-8.9924127132e-02,1.3127631922e-01,1.2176368871e+00,2.6196143853e-01,-2.0708616961e-01,2.0708616961e-01,1.1686597165e+00,3.3567381092e-01,1.1716204248e-01,1.1749461823e-01,1.9245008856e-01,1.2709001871e-01,0.0000000000e+00,0.0000000000e+00,0.0000000000e+00,0.0000000000e+00,2.1544245829e-05,3.1451506765e-05,2.9172447111e-04,6.2761372387e-05,2.1544245829e-05,2.4690145048e-05,9.6772429520e-04,4.1041863964e-05,-1.0686046608e+01,1.0686052351e+01,2.7648834552e+03,1.4197626670e+02,-1.0687090719e+01,1.0687090719e+01,2.7649206982e+03,1.4198079133e+02,1.0441113816e-03,2.9095728633e-03,3.7754975136e-01,2.7257322899e-02,0.0000000000e+00,0.0000000000e+00,0.0000000000e+00,0.0000000000e+00,5.0753444335e-06,5.0753471612e-06,1.3131831040e-03,6.7431715519e-05,5.1681235062e-06,5.2662654557e-06,1.3039613741e-03,6.7372993747e-05,1.0000000000e+00,4.1921888688e+00,2.0679115636e+00,4.1921888688e+00,1.0000000000e+00,1.0002857242e+00,1.0000955859e+00,1.0002857242e+00,2.2706962021e+03,2.3658903093e+03,1.9618060672e+00,nan,4.5014499434e+00,4.6901636551e+00,3.8891031754e-03,nan,1.3474513150e+00,2.1329422916e-01,1.6415675908e+00,4.1909914012e+00,3.3172544337e+00,9.9297757503e-01,5.5830220736e-01,5.5406909227e-01,4.2620894405e-02,5.4564923249e-01,3.1620932887e-01,484554,52,55,42,1.3039613741e-03,4.9353062338e-01,4.9688564525e-01,2.9492178997e-02,-3.4936943519e+00,-2.7630210117e+03,1.2689547868e-02,-2.7630083222e+03,6.3715933002e-04,447024,48,48,48,-9.6772429520e-04,1.0000000000e+00,6.1330435721e-01,3.3726133847e-02,-3.3551742775e+00,-1.1101508797e+00,-1.0748600744e-01,-1.2176368871e+00,5.1947028430e-04,2.8292959022e-02,3.4245604131e-02,2.1297945210e-05,2.9987505423e-04,0,0,0,2.3958248488e-04,3.1921888688e+00,3.1924284512e+00,9.3176175816e-07,2.8572417675e-04,2.8665593851e-04,4.7495061735e-03,2.3958248488e+00
24,2.4000000000e-03,1.0000000000e-04,-9.0324019474e-02,1.3172810201e-01,1.2254230506e+00,2.6322758953e-01,-2.0750355292e-01,2.0750355292e-01,1.1787575585e+00,3.3680019982e-01,1.1717953344e-01,1.1751007737e-01,1.9245007735e-01,1.2710024239e-01,0.0000000000e+00,0.0000000000e+00,0.0000000000e+00,0.0000000000e+00,2.1640053030e-05,3.1559746009e-05,2.9358989949e-04,6.3064719989e-05,2.1640053030e-05,2.4711733564e-05,9.3990532369e-04,4.0731591582e-05,-1.0790233723e+01,1.0790239557e+01,2.7914706930e+03,1.4336477794e+02,-1.0791274393e+01,1.0791274393e+01,2.7915054067e+03,1.4336924813e+02,1.0406705935e-03,2.9099518074e-03,3.7754883330e-01,2.7259561783e-02,0.0000000000e+00,0.0000000000e+00,0.0000000000e+00,0.0000000000e+00,5.1248281680e-06,5.1248309388e-06,1.3258107290e-03,6.8091189789e-05,5.2199296786e-06,5.3191024233e-06,1.3164447621e-03,6.8031678429e-05,1.0000000000e+00,4.1921888688e+00,2.0679115636e+00,4.1921888688e+00,1.0000000000e+00,1.0002857242e+00,1.0000955859e+00,1.0002857242e+00,2.2779648968e+03,2.3681760398e+03,1.9618014111e+00,nan,4.5158594736e+00,4.6946949091e+00,3.8890939451e-03,nan,1.4006142203e+00,2.1524602511e-01,1.6702435575e+00,4.1909914012e+00,3.2014225466e+00,9.9293566820e-01,5.4848196945e-01,5.4115568376e-01,1.3293358953e-01,5.4607596029e-01,3.1612840222e-01,483305,52,42,41,1.3164447621e-03,4.9483458475e-01,4.9680809497e-01,3.0129338327e-02,-3.4716633318e+00,-2.7890809612e+03,1.0132469674e-02,-2.7890708287e+03,5.9752154092e-04,447024,48,48,48,-9.3990532369e-04,1.0000000000e+00,6.1233663291e-01,3.4245604131e-02,-3.3393513434e+00,-1.1187569548e+00,-1.0666609577e-01,-1.2254230506e+00,5.7544347459e-04,2.8293884906e-02,3.4821047606e-02,3.0722747139e-05,3.0097458833e-04,0,0,0,2.3958248488e-04,3.1921888688e+00,3.1924284512e+00,9.3176175816e-07,2.8572417675e-04,2.8665593851e-04,4.7495061735e-03,2.3958248488e+00
25,2.5000000000e-03,1.0000000000e-04,-9.0710809394e-02,1.3216600185e-01,1.2337111707e+00,2.6442640162e-01,-2.0790775072e-01,2.0790775072e-01,1.1881679396e+00,3.3787245433e-01,1.1719694133e-01,1.1752549356e-01,1.9245006468e-01,1.2711044855e-01,0.0000000000e+00,0.0000000000e+00,0.0000000000e+00,0.0000000000e+00,2.1732721120e-05,3.1664659141e-05,2.9557558791e-04,6.3351934369e-05,2.1732721120e-05,2.4733862876e-05,9.1357573364e-04,4.0436602405e-05,-1.0886826385e+01,1.0886832314e+01,2.8157238773e+03,1.4464499611e+02,-1.0887863579e+01,1.0887863579e+01,2.8157560356e+03,1.4464941124e+02,1.0371940372e-03,2.9103047537e-03,3.7754228114e-01,2.7261842030e-02,0.0000000000e+00,0.0000000000e+00,0.0000000000e+00,0.0000000000e+00,5.1707049126e-06,5.1707077283e-06,1.3373297938e-03,6.8699230197e-05,5.2680894640e-06,5.3677121857e-06,1.3278503285e-03,6.8638992967e-05,1.0000000000e+00,4.1921888688e+00,2.0679115636e+00,4.1921888688e+00,1.0000000000e+00,1.0002857242e+00,1.0000955859e+00,1.0002857242e+00,2.2823201606e+03,2.3698300062e+03,1.9617674942e+00,nan,4.5244933902e+00,4.6979737480e+00,3.8890267080e-03,nan,1.4534649724e+00,2.1701875735e-01,1.6974470871e+00,4.1909914012e+00,3.0908362226e+00,9.9291164725e-01,5.3232200633e-01,5.2271956134e-01,2.1553509409e-01,5.4653067195e-01,3.1605474390e-01,392105,42,52,41,1.3278503285e-03,4.9615102951e-01,4.9673297920e-01,3.0726859868e-02,-3.4514092642e+00,-2.8127960008e+03,7.5504923171e-03,-2.8127884503e+03,5.4949147665e-04,447024,48,48,48,-9.1357573364e-04,1.0000000000e+00,6.1139672759e-01,3.4821047606e-02,-3.3220915068e+00,-1.1278438340e+00,-1.0586733672e-01,-1.2337111707e+00,6.3111917228e-04,2.8265378236e-02,3.5452166778e-02,4.0316404455e-05,3.0191449048e-04,0,0,0,2.3958248488e-04,3.1921888688e+00,3.1924284512e+00,9.3176175816e-07,2.8572417675e-04,2.8665593851e-04,4.7495061735e-03,2.3958248488e+00
26,2.6000000000e-03,1.0000000000e-04,-9.1083078611e-02,1.3258798305e-01,1.2424552998e+00,2.6555399172e-01,-2.0829734997e-01,2.0829734997e-01,1.1968255198e+00,3.3888695262e-01,1.1721427136e-01,1.1754086289e-01,1.9245008327e-01,1.2712064059e-01,0.0000000000e+00,0.0000000000e+00,0.0000000000e+00,0.0000000000e+00,2.1821910304e-05,3.1765758445e-05,2.9767052809e-04,6.3622085206e-05,2.1821910304e-05,2.4756492762e-05,8.8858275313e-04,4.0156016782e-05,-1.0975210758e+01,1.0975216784e+01,2.8374986209e+03,1.4580890132e+02,-1.0976244443e+01,1.0976244443e+01,2.8375281999e+03,1.4581326148e+02,1.0336849641e-03,2.9106307016e-03,3.7752991520e-01,2.7264163178e-02,0.0000000000e+00,0.0000000000e+00,0.0000000000e+00,0.0000000000e+00,5.2126831252e-06,5.2126859869e-06,1.3476717217e-03,6.9252027698e-05,5.3120407175e-06,5.4122636121e-06,1.3381084017e-03,6.9191123106e-05,1.0000000000e+00,4.1921888688e+00,2.0679115636e+00,4.1921888688e+00,1.0000000000e+00,1.0002857242e+00,1.0000955859e+00,1.0002857242e+00,2.2837832647e+03,2.3708787564e+03,1.9617030494e+00,nan,4.5273938619e+00,4.7000528004e+00,3.8888989519e-03,nan,1.5058905847e+00,2.1861996625e-01,1.7230574308e+00,4.1909914012e+00,2.9851217010e+00,9.9290382082e-01,5.0950769478e-01,4.9847915564e-01,2.8401841258e-01,5.4700449169e-01,3.1600215885e-01,391337,42,44,41,1.3381084017e-03,4.9747887984e-01,4.9666007202e-01,3.1276351345e-02,-3.4331171150e+00,-2.8340180934e+03,4.9458270833e-03,-2.8340131476e+03,4.9479596325e-04,447024,48,48,48,-8.8858275313e-04,1.0000000000e+00,6.1048315185e-01,3.5452166778e-02,-3.3034750517e+00,-1.1373666102e+00,-1.0508868962e-01,-1.2424552998e+00,6.8546187513e-04,2.8202176510e-02,3.6137628653e-02,4.9960559203e-05,3.0531853617e-04,0,0,0,2.3958248488e-04,3.1921888688e+00,3.1924284512e+00,9.3176175816e-07,2.8572417675e-04,2.8665593851e-04,4.7495061735e-03,2.3958248488e+00
27,2.7000000000e-03,1.0000000000e-04,-9.1439561042e-02,1.3299217067e-01,1.2515955988e+00,2.6660724414e-01,-2.0867108991e-01,2.0867108991e-01,1.2046919899e+00,3.3984068568e-01,1.1723152887e-01,1.1755618991e-01,1.9245008973e-01,1.2713082177e-01,0.0000000000e+00,0.0000000000e+00,0.0000000000e+00,0.0000000000e+00,2.1907317251e-05,3.1862594720e-05,2.9986038364e-04,6.3874426039e-05,2.1907317251e-05,2.4779231780e-05,8.6480045184e-04,3.9889048392e-05,-1.1055010383e+01,1.1055016508e+01,2.8567214981e+03,1.4685189606e+02,-1.1056040529e+01,1.1056040529e+01,2.8567484764e+03,1.4685620191e+02,1.0301458222e-03,2.9109276882e-03,3.7751156903e-01,2.7266524472e-02,0.0000000000e+00,0.0000000000e+00,0.0000000000e+00,0.0000000000e+00,5.2505840061e-06,5.2505869151e-06,1.3568016391e-03,6.9747398695e-05,5.3517925376e-06,5.4521937614e-06,1.3471778745e-03,6.9685871456e-05,1.0000000000e+00,4.1921888688e+00,2.0679115636e+00,4.1921888688e+00,1.0000000000e+00,1.0002857242e+00,1.0000955859e+00,1.0002857242e+00,2.2824636814e+03,2.3713517650e+03,1.9616076541e+00,nan,4.5247779072e+00,4.7009904972e+00,3.8887098394e-03,nan,1.5577904378e+00,2.2003078262e-01,1.7469925773e+00,4.1909914012e+00,2.8840103563e+00,9.9290702165e-01,4.7947471004e-01,4.6782957563e-01,3.3603123658e-01,5.4748680376e-01,3.1595309059e-01,392105,42,52,41,1.3471778745e-03,4.9881698824e-01,4.9658913562e-01,3.1771147308e-02,-3.4169099168e+00,-2.8526710750e+03,2.3208285286e-03,-2.8526687542e+03,4.3529230912e-04,447024,48,48,48,-8.6480045184e-04,1.0000000000e+00,6.0959456910e-01,3.6137628653e-02,-3.2836138487e+00,-1.1472663779e+00,-1.0432922096e-01,-1.2515955988e+00,7.3741703738e-04,2.8143254134e-02,3.6875045691e-02,5.9540313493e-05,3.0963714312e-04,0,0,0,2.3958248488e-04,3.1921888688e+00,3.1924284512e+00,9.3176175816e-07,2.8572417675e-04,2.8665593851e-04,4.7495061735e-03,2.3958248488e+00
28,2.8000000000e-03,1.0000000000e-04,-9.1779136959e-02,1.3337682707e-01,1.2610606196e+00,2.6758376570e-01,-2.0902785624e-01,2.0902785624e-01,1.2116408672e+00,3.4073122478e-01,1.1724871928e-01,1.1757147903e-01,1.9245008408e-01,1.2714099525e-01,0.0000000000e+00,0.0000000000e+00,0.0000000000e+00,0.0000000000e+00,2.1988673693e-05,3.1954751656e-05,3.0212803684e-04,6.4108383502e-05,2.1988673693e-05,2.4802048593e-05,8.4212518952e-04,3.9634962331e-05,-1.1126062422e+01,1.1126068650e+01,2.8733810760e+03,1.4777242368e+02,-1.1127089002e+01,1.1127089002e+01,2.8734054344e+03,1.4777667634e+02,1.0265799307e-03,2.9112295233e-03,3.7748708998e-01,2.7268924649e-02,0.0000000000e+00,0.0000000000e+00,0.0000000000e+00,0.0000000000e+00,5.2843302162e-06,5.2843331742e-06,1.3647141159e-03,7.0184603854e-05,5.3877420722e-06,5.4870362489e-06,1.3550510662e-03,7.0122471953e-05,1.0000000000e+00,4.1921888688e+00,2.0679115636e+00,4.1921888688e+00,1.0000000000e+00,1.0002857242e+00,1.0000955859e+00,1.0002857242e+00,2.2785431812e+03,2.3714992720e+03,1.9614805147e+00,nan,4.5170058701e+00,4.7012829164e+00,3.8884577970e-03,nan,1.6090850661e+00,2.2123318678e-01,1.7692074832e+00,4.1909914012e+00,2.7873122876e+00,9.9291935976e-01,4.4149274801e-01,4.2990683133e-01,3.7257179143e-01,5.4797093232e-01,3.1589662720e-01,409577,44,42,41,1.3550510662e-03,5.0016416612e-01,4.9651992683e-01,3.2206439617e-02,-3.4028523798e+00,-2.8687416452e+03,-3.2206231489e-04,-2.8687419672e+03,3.7285569007e-04,447024,48,48,48,-8.4212518952e-04,1.0000000000e+00,6.0872976865e-01,3.6875045691e-02,-3.2626481049e+00,-1.1574725350e+00,-1.0358808463e-01,-1.2610606196e+00,7.8593050743e-04,2.8094721333e-02,3.7660976198e-02,6.8946701370e-05,3.1378629605e-04,0,0,0,2.3958248488e-04,3.1921888688e+00,3.1924284512e+00,9.3176175816e-07,2.8572417675e-04,2.8665593851e-04,4.7495061735e-03,2.3958248488e+00
29,2.9000000000e-03,1.0000000000e-04,-9.2100826978e-02,1.3374040374e-01,1.2707699573e+00,2.6848183891e-01,-2.0936667501e-01,2.0936667501e-01,1.2179821855e+00,3.4155668756e-01,1.1726584803e-01,1.1758673444e-01,1.9245006604e-01,1.2715116406e-01,0.0000000000e+00,0.0000000000e+00,0.0000000000e+00,0.0000000000e+00,2.2065744987e-05,3.2041858257e-05,3.0445422407e-04,6.4323546111e-05,2.2065744987e-05,2.4825274998e-05,8.2047169909e-04,3.9393044578e-05,-1.1188389367e+01,1.1188395705e+01,2.8875178990e+03,1.4857152580e+02,-1.1189412359e+01,1.1189412359e+01,2.8875396207e+03,1.4857572672e+02,1.0229925056e-03,2.9123232004e-03,3.7747314660e-01,2.7271362281e-02,0.0000000000e+00,0.0000000000e+00,0.0000000000e+00,0.0000000000e+00,5.3139324369e-06,5.3139354472e-06,1.3714284087e-03,7.0564137898e-05,5.4191119975e-06,5.5183614597e-06,1.3617364190e-03,7.0501431787e-05,1.0000000000e+00,4.1921888688e+00,2.0679115636e+00,4.1921888688e+00,1.0000000000e+00,1.0002857242e+00,1.0000955859e+00,1.0002857242e+00,2.2722585489e+03,2.3707568593e+03,1.9614082466e+00,nan,4.5045471546e+00,4.6998111505e+00,3.8883145321e-03,nan,1.6596994393e+00,2.2228802944e-01,1.7896923820e+00,4.1909914012e+00,2.6948934658e+00,9.9293292328e-01,3.9466703949e-01,3.8355004516e-01,3.9627807794e-01,5.4845100988e-01,3.1587399459e-01,409482,44,41,42,1.3617364190e-03,5.0151921719e-01,4.9645220290e-01,3.2579295307e-02,-3.3909564892e+00,-2.8822692763e+03,-2.9803843926e-03,-2.8822722567e+03,3.0927770977e-04,447024,48,48,48,-8.2047169909e-04,1.0000000000e+00,6.0788764346e-01,3.7660976198e-02,-3.2407423599e+00,-1.1679054518e+00,-1.0286450542e-01,-1.2707699573e+00,8.2997359791e-04,2.8057480685e-02,3.8490949796e-02,7.8079035734e-05,3.1782225461e-04,0,0,0,2.3958248488e-04,3.1921888688e+00,3.1924284512e+00,9.3176175816e-07,2.8572417675e-04,2.8665593851e-04,4.7495061735e-03,2.3958248488e+00
30,3.0000000000e-03,1.0000000000e-04,-9.2403786444e-02,1.3408154954e-01,1.2806371600e+00,2.6930037504e-01,-2.0968670700e-01,2.0968670700e-01,1.2235250564e+00,3.4231570451e-01,1.1728292056e-01,1.1760196018e-01,1.9245003544e-01,1.2716133109e-01,0.0000000000e+00,0.0000000000e+00,0.0000000000e+00,0.0000000000e+00,2.2138328769e-05,3.2123590816e-05,3.0681823304e-04,6.4519653032e-05,2.2138328769e-05,2.4848516638e-05,7.9976968425e-04,3.9162581250e-05,-1.1242168763e+01,1.1242175210e+01,2.8992142946e+03,1.4925237955e+02,-1.1243188148e+01,1.1243188148e+01,2.8992333652e+03,1.4925653041e+02,1.0193856221e-03,2.9135302260e-03,3.7750116379e-01,2.7273836019e-02,0.0000000000e+00,0.0000000000e+00,0.0000000000e+00,0.0000000000e+00,5.3394749942e-06,5.3394780564e-06,1.3769836190e-03,7.0887509807e-05,5.4461696130e-06,5.5456365084e-06,1.3672814331e-03,7.0824272050e-05,1.0000000000e+00,4.1921888688e+00,2.0679115636e+00,4.1921888688e+00,1.0000000000e+00,1.0002857242e+00,1.0000955859e+00,1.0002857242e+00,2.2638842485e+03,2.3695741661e+03,1.9615541401e+00,nan,4.4879458611e+00,4.6974665681e+00,3.8886037527e-03,nan,1.7095939744e+00,2.2317776909e-01,1.8084679250e+00,4.1909914012e+00,2.6066563135e+00,9.9295402951e-01,3.3800670467e-01,3.2735030250e-01,4.1001877678e-01,5.4891922377e-01,3.1585768386e-01,391337,42,44,41,1.3672814331e-03,5.0288095360e-01,4.9638572618e-01,3.2888573017e-02,-3.3811884456e+00,-2.8933359170e+03,-5.6516892027e-03,-2.8933415687e+03,2.4618447770e-04,447024,48,48,48,-7.9976968425e-04,1.0000000000e+00,6.0706717176e-01,3.8490949796e-02,-3.2180808341e+00,-1.1784793947e+00,-1.0215776537e-01,-1.2806371600e+00,8.6857282074e-04,2.8032244991e-02,3.9359522617e-02,8.6847002798e-05,3.2176383708e-04,0,0,0,2.3958248488e-04,3.1921888688e+00,3.1924284512e+00,9.3176175816e-07,2.8572417675e-04,2.8665593851e-04,4.7495061735e-03,2.3958248488e+00
31,3.1000000000e-03,1.0000000000e-04,-9.2687300565e-02,1.3439910824e-01,1.2905727617e+00,2.7003886857e-01,-2.0998724283e-01,2.0998724283e-01,1.2284638208e+00,3.4300738659e-01,1.1729994226e-01,1.1761716012e-01,1.9244999214e-01,1.2717149912e-01,0.0000000000e+00,0.0000000000e+00,0.0000000000e+00,0.0000000000e+00,2.2206253787e-05,3.2199672318e-05,3.0919862918e-04,6.4696583148e-05,2.2206253787e-05,2.4871154547e-05,7.7996085770e-04,3.8942846130e-05,-1.1287703050e+01,1.1287709606e+01,2.9085846525e+03,1.4981984811e+02,-1.1288718812e+01,1.1288718812e+01,2.9086010600e+03,1.4982395072e+02,1.0157619420e-03,2.9147085027e-03,3.7752298827e-01,2.7276343893e-02,0.0000000000e+00,0.0000000000e+00,0.0000000000e+00,0.0000000000e+00,5.3611015320e-06,5.3611046460e-06,1.3814340763e-03,7.1157029353e-05,5.4693983518e-06,5.5681236956e-06,1.3717361317e-03,7.1093173362e-05,1.0000000000e+00,4.1921888688e+00,2.0679115636e+00,4.1921888688e+00,1.0000000000e+00,1.0002857242e+00,1.0000955859e+00,1.0002857242e+00,2.2537161319e+03,2.3676733582e+03,1.9616679848e+00,nan,4.4677884892e+00,4.6936983883e+00,3.8888294397e-03,nan,1.7587243234e+00,2.2387877833e-01,1.8255772350e+00,4.1909914012e+00,2.5225236599e+00,9.9297979923e-01,2.7073798671e-01,2.6003392883e-01,4.1624344917e-01,5.4930884817e-01,3.1581635259e-01,392105,42,52,41,1.3717361317e-03,5.0424823504e-01,4.9632026796e-01,3.3134757495e-02,-3.3734763227e+00,-2.9020561547e+03,-8.3336183809e-03,-2.9020644883e+03,1.8497881197e-04,447024,48,48,48,-7.7996085770e-04,1.0000000000e+00,6.0626740208e-01,3.9359522617e-02,-3.1948622825e+00,-1.1891055690e+00,-1.0146719269e-01,-1.2905727617e+00,9.0084254502e-04,2.8019508878e-02,4.0260365162e-02,9.5172150672e-05,3.5754675448e-04,0,0,0,2.3958248488e-04,3.1921888688e+00,3.1924284512e+00,9.3176175816e-07,2.8572417675e-04,2.8665593851e-04,4.7495061735e-03,2.3958248488e+00
32,3.2000000000e-03,1.0000000000e-04,-9.2950780485e-02,1.3469212733e-01,1.3004872856e+00,2.7069735385e-01,-2.1026769894e-01,2.1026769894e-01,1.2352694709e+00,3.4363129512e-01,1.1731691845e-01,1.1763233800e-01,1.9244999933e-01,1.2718167084e-01,0.0000000000e+00,0.0000000000e+00,0.0000000000e+00,0.0000000000e+00,2.2269378960e-05,3.2269874561e-05,3.1157397545e-04,6.4854344687e-05,2.2269378960e-05,2.4892886509e-05,7.6099637643e-04,3.8733095090e-05,-1.1325391108e+01,1.1325397781e+01,2.9157666041e+03,1.5028006077e+02,-1.1326403233e+01,1.1326403233e+01,2.9157803386e+03,1.5028411698e+02,1.0121252837e-03,2.9158594916e-03,3.7753848289e-01,2.7278883937e-02,0.0000000000e+00,0.0000000000e+00,0.0000000000e+00,0.0000000000e+00,5.3790014983e-06,5.3790046679e-06,1.3848451487e-03,7.1375607637e-05,5.4889830780e-06,5.5868579486e-06,1.3751530562e-03,7.1311144582e-05,1.0000000000e+00,4.1921888688e+00,2.0679115636e+00,4.1921888688e+00,1.0000000000e+00,1.0002857242e+00,1.0000955859e+00,1.0002857242e+00,2.2420569862e+03,2.3604407033e+03,1.9617484240e+00,nan,4.4446752868e+00,4.6793603038e+00,3.8889889031e-03,nan,1.8070428439e+00,2.2443592255e-01,1.8410907885e+00,4.1909914012e+00,2.4424259932e+00,9.9300131683e-01,1.9307926933e-01,1.8138525813e-01,4.1700157138e-01,5.4972597379e-01,3.1579557543e-01,484457,52,54,41,1.3751530562e-03,5.0561997117e-01,4.9625561132e-01,3.3319736307e-02,-3.3677178898e+00,-2.9085682913e+03,-1.1023909580e-02,-2.9085793152e+03,1.2680716598e-04,447024,48,48,48,-7.6099637643e-04,1.0000000000e+00,6.0548744122e-01,4.0260365162e-02,-3.1712945437e+00,-1.1996951327e+00,-1.0079215291e-01,-1.3004872856e+00,9.2601763484e-04,2.8019525534e-02,4.1186382797e-02,1.0298887765e-04,3.6233954164e-04,0,0,0,2.3958248488e-04,3.1921888688e+00,3.1924284512e+00,9.3176175816e-07,2.8572417675e-04,2.8665593851e-04,4.7495061735e-03,2.3958248488e+00
33,3.3000000000e-03,1.0000000000e-04,-9.3193760271e-02,1.3495987362e-01,1.3102940645e+00,2.7127636449e-01,-2.1052761464e-01,2.1052761464e-01,1.2428257461e+00,3.4418741390e-01,1.1733385436e-01,1.1764749741e-01,1.9245004115e-01,1.2719184883e-01,0.0000000000e+00,0.0000000000e+00,0.0000000000e+00,0.0000000000e+00,2.2327592661e-05,3.2334021881e-05,3.1392350789e-04,6.4993065494e-05,2.2327592661e-05,2.4913385066e-05,7.4283464810e-04,3.8532566036e-05,-1.1355702530e+01,1.1355709328e+01,2.9209133352e+03,1.5064004078e+02,-1.1356711009e+01,1.1356711009e+01,2.9209243891e+03,1.5064405246e+02,1.0084792493e-03,2.9169822784e-03,3.7754752419e-01,2.7281454567e-02,0.0000000000e+00,0.0000000000e+00,0.0000000000e+00,0.0000000000e+00,5.3933979269e-06,5.3934011557e-06,1.3872895918e-03,7.1546580366e-05,5.5048167061e-06,5.6025565373e-06,1.3776220194e-03,7.1481559861e-05,1.0000000000e+00,4.1921888688e+00,2.0679115636e+00,4.1921888688e+00,1.0000000000e+00,1.0002857242e+00,1.0000955859e+00,1.0002857242e+00,2.2292044316e+03,2.3502284195e+03,1.9617949778e+00,nan,4.4191962593e+00,4.6591153744e+00,3.8890811916e-03,nan,1.8545473383e+00,2.2488138494e-01,1.8550947216e+00,4.1909914012e+00,2.3662918814e+00,9.9303132350e-01,1.0632251330e-01,9.2608149661e-02,4.1375017559e-01,5.5015676983e-01,3.1580170607e-01,484457,52,54,41,1.3776220194e-03,5.0699512423e-01,4.9619155319e-01,3.3446543473e-02,-3.3637881594e+00,-2.9130265788e+03,-1.3720402293e-02,-2.9130402992e+03,7.2549146366e-05,447024,48,48,48,-7.4283464810e-04,1.0000000000e+00,6.0472644484e-01,4.1186382797e-02,-3.1475890177e+00,-1.2101620225e+00,-1.0013204198e-01,-1.3102940645e+00,9.4348554428e-04,2.8032290675e-02,4.2129868341e-02,1.1024495510e-04,3.6798530725e-04,0,0,0,2.3958248488e-04,3.1921888688e+00,3.1924284512e+00,9.3176175816e-07,2.8572417675e-04,2.8665593851e-04,4.7495061735e-03,2.3958248488e+00
34,3.4000000000e-03,1.0000000000e-04,-9.3415894685e-02,1.3520183824e-01,1.3199117549e+00,2.7177689550e-01,-2.1076664978e-01,2.1076664978e-01,1.2496503865e+00,3.4467612373e-01,1.1735075509e-01,1.1766264179e-01,1.9245007017e-01,1.2720203558e-01,0.0000000000e+00,0.0000000000e+00,0.0000000000e+00,0.0000000000e+00,2.2380812176e-05,3.2391992367e-05,3.1622773807e-04,6.5112983959e-05,2.2380812176e-05,2.4932396442e-05,7.2543948698e-04,3.8340483125e-05,-1.1379155115e+01,1.1379162045e+01,2.9241872162e+03,1.5090738778e+02,-1.1380159941e+01,1.1380159941e+01,2.9241955838e+03,1.5091135675e+02,1.0048258916e-03,2.9180745602e-03,3.7755000844e-01,2.7284053966e-02,0.0000000000e+00,0.0000000000e+00,0.0000000000e+00,0.0000000000e+00,5.4045367467e-06,5.4045400381e-06,1.3888445236e-03,7.1673556989e-05,5.5171792500e-06,5.6150658617e-06,1.3792117738e-03,7.1608016641e-05,1.0000000000e+00,4.1921888688e+00,2.0679115636e+00,4.1921888688e+00,1.0000000000e+00,1.0002857242e+00,1.0000955859e+00,1.0002857242e+00,2.2154414530e+03,2.3400109466e+03,1.9618075905e+00,nan,4.3919123985e+00,4.6388601581e+00,3.8891061952e-03,nan,1.9012085757e+00,2.2521163879e-01,1.8676868627e+00,4.1909914012e+00,2.2940412862e+00,9.9306419861e-01,1.2151104821e-02,-4.5541599344e-03,4.0753475453e-01,5.5057521199e-01,3.1581712883e-01,410743,44,54,55,1.3792117738e-03,5.0837274624e-01,4.9612790577e-01,3.3519092619e-02,-3.3615463387e+00,-2.9155946832e+03,-1.6421111739e-02,-2.9156111043e+03,2.2825572104e-05,447024,48,48,48,-7.2543948698e-04,1.0000000000e+00,6.0398361019e-01,4.2129868341e-02,-3.1239552559e+00,-1.2204254738e+00,-9.9486281124e-02,-1.3199117549e+00,9.5281074113e-04,2.8057535554e-02,4.3082679082e-02,1.1690124568e-04,3.7342946806e-04,0,0,0,2.3958248488e-04,3.1921888688e+00,3.1924284512e+00,9.3176175816e-07,2.8572417675e-04,2.8665593851e-04,4.7495061735e-03,2.3958248488e+00
35,3.5000000000e-03,1.0000000000e-04,-9.3616957492e-02,1.3541775128e-01,1.3292664080e+00,2.7220036781e-01,-2.1098458310e-01,2.1098458310e-01,1.2557352316e+00,3.4509817870e-01,1.1736762560e-01,1.1767777657e-01,1.9245008624e-01,1.2721223352e-01,0.0000000000e+00,0.0000000000e+00,0.0000000000e+00,0.0000000000e+00,2.2428983303e-05,3.2443721349e-05,3.1846894910e-04,6.5214440506e-05,2.2428983303e-05,2.4949667133e-05,7.0877860609e-04,3.8156064063e-05,-1.1396295778e+01,1.1396302841e+01,2.9257545124e+03,1.5109001274e+02,-1.1397296945e+01,1.1397296945e+01,2.9257601898e+03,1.5109394075e+02,1.0011671377e-03,2.9191344716e-03,3.7755001786e-01,2.7286680143e-02,0.0000000000e+00,0.0000000000e+00,0.0000000000e+00,0.0000000000e+00,5.4126777154e-06,5.4126810700e-06,1.3895889119e-03,7.1760294827e-05,5.5263818704e-06,5.6245812940e-06,1.3799973463e-03,7.1694252009e-05,1.0000000000e+00,4.1921888688e+00,2.0679115636e+00,4.1921888688e+00,1.0000000000e+00,1.0002857242e+00,1.0000955859e+00,1.0002857242e+00,2.2010294511e+03,2.3299180560e+03,1.9618074756e+00,nan,4.3633419076e+00,4.6188519149e+00,3.8891059674e-03,nan,1.9470076191e+00,2.2543712764e-01,1.8789739919e+00,4.1909914012e+00,2.2255815146e+00,9.9309755176e-01,-2.5084716173e-02,-4.3068314369e-02,3.9912847725e-01,5.5097123364e-01,3.1583482896e-01,483305,52,42,41,1.3799973463e-03,5.0975195802e-01,4.9606449722e-01,3.3541918191e-02,-3.3608419807e+00,-2.9164403713e+03,-1.9124188257e-02,-2.9164594955e+03,-2.1979882271e-05,447024,48,48,48,-7.0877860609e-04,1.0000000000e+00,6.0325817071e-01,4.3082679082e-02,-3.1005959548e+00,-1.2304120949e+00,-9.8854313059e-02,-1.3292664080e+00,9.5375393482e-04,2.8094730733e-02,4.4036433017e-02,1.2293099296e-04,3.7923308475e-04,0,0,0,2.3958248488e-04,3.1921888688e+00,3.1924284512e+00,9.3176175816e-07,2.8572417675e-04,2.8665593851e-04,4.7495061735e-03,2.3958248488e+00
36,3.6000000000e-03,1.0000000000e-04,-9.3796839996e-02,1.3560752873e-01,1.3382930417e+00,2.7254859455e-01,-2.1118131069e-01,2.1118131069e-01,1.2620161833e+00,3.4545468376e-01,1.1738447069e-01,1.1769290469e-01,1.9245008945e-01,1.2722244500e-01,0.0000000000e+00,0.0000000000e+00,0.0000000000e+00,0.0000000000e+00,2.2472080000e-05,3.2489188701e-05,3.2063157243e-04,6.5297869534e-05,2.2472080000e-05,2.4964879038e-05,6.9282241934e-04,3.7978529419e-05,-1.1407684810e+01,1.1407692006e+01,2.9257812405e+03,1.5119592303e+02,-1.1408682315e+01,1.1408682315e+01,2.9257842255e+03,1.5119981172e+02,9.9750485734e-04,2.9201605800e-03,3.7755000487e-01,2.7289331183e-02,0.0000000000e+00,0.0000000000e+00,0.0000000000e+00,0.0000000000e+00,5.4180869430e-06,5.4180903608e-06,1.3896016064e-03,7.1810596986e-05,5.5328460861e-06,5.6309146351e-06,1.3800547063e-03,7.1744056904e-05,1.0000000000e+00,4.1921888688e+00,2.0679115636e+00,4.1921888688e+00,1.0000000000e+00,1.0002857242e+00,1.0000955859e+00,1.0002857242e+00,2.1862037307e+03,2.3183412893e+03,1.9618073754e+00,nan,4.3339512572e+00,4.5959020215e+00,3.8891057688e-03,nan,1.9919313633e+00,2.2555345157e-01,1.8890688503e+00,4.1909914012e+00,2.1608053570e+00,9.9312975741e-01,3.1209274171e-02,1.5169997142e-02,3.8909279528e-01,5.5133905164e-01,3.1584416312e-01,410743,44,54,55,1.3800547063e-03,5.1113195536e-01,4.9600117203e-01,3.3519938309e-02,-3.3615202339e+00,-2.9157313011e+03,-2.1827930209e-02,-2.9157531291e+03,-6.1690341224e-05,447024,48,48,48,-6.9282241934e-04,1.0000000000e+00,6.0254939210e-01,4.4036433017e-02,-3.0777024881e+00,-1.2400574422e+00,-9.8235599490e-02,-1.3382930417e+00,9.4628229055e-04,2.8143101529e-02,4.4982715307e-02,1.2831872610e-04,3.8537663321e-04,0,0,0,2.3958248488e-04,3.1921888688e+00,3.1924284512e+00,9.3176175816e-07,2.8572417675e-04,2.8665593851e-04,4.7495061735e-03,2.3958248488e+00
37,3.7000000000e-03,1.0000000000e-04,-9.3955549522e-02,1.3577125913e-01,1.3469366809e+00,2.7282374864e-01,-2.1135684451e-01,2.1135684451e-01,1.2677585732e+00,3.4574707300e-01,1.1740129498e-01,1.1770802744e-01,1.9245008022e-01,1.2723267231e-01,0.0000000000e+00,0.0000000000e+00,0.0000000000e+00,0.0000000000e+00,2.2510104023e-05,3.2528415639e-05,3.2270243700e-04,6.5363791635e-05,2.2510104023e-05,2.4977811623e-05,6.7754312769e-04,3.7807113014e-05,-1.1413883127e+01,1.1413890459e+01,2.9244919763e+03,1.5123305243e+02,-1.1414876968e+01,1.1414876968e+01,2.9245404349e+03,1.5123690333e+02,9.9384127268e-04,2.9211522548e-03,3.7754714420e-01,2.7292005387e-02,0.0000000000e+00,0.0000000000e+00,0.0000000000e+00,0.0000000000e+00,5.4210308374e-06,5.4210343200e-06,1.3889892696e-03,7.1828231614e-05,5.5366262227e-06,5.6350088969e-06,1.3794619782e-03,7.1761193121e-05,1.0000000000e+00,4.1921888688e+00,2.0679115636e+00,4.1921888688e+00,1.0000000000e+00,1.0002857242e+00,1.0000955859e+00,1.0002857242e+00,2.1712171164e+03,2.3068591265e+03,1.9617926050e+00,nan,4.3042416492e+00,4.5731396718e+00,3.8890764878e-03,nan,2.0359766365e+00,2.2560058430e-01,1.8980870899e+00,4.1909914012e+00,2.0995909854e+00,9.9314084593e-01,1.0744099111e-01,9.3621435286e-02,3.7785769589e-01,5.5168091814e-01,3.1585845543e-01,382890,41,52,42,1.3794619782e-03,5.1251201007e-01,4.9593779087e-01,3.3458247968e-02,-3.3634261647e+00,-2.9136317815e+03,-2.4530786329e-02,-2.9136563123e+03,-9.6301067837e-05,447024,48,48,48,-6.7754312769e-04,1.0000000000e+00,6.0185656968e-01,4.4982715307e-02,-3.0554511278e+00,-1.2493070614e+00,-9.7629619501e-02,-1.3469366809e+00,9.3057006898e-04,2.8201575611e-02,4.5913285376e-02,1.3305883995e-04,3.9133977373e-04,0,0,0,2.3958248488e-04,3.1921888688e+00,3.1924284512e+00,9.3176175816e-07,2.8572417675e-04,2.8665593851e-04,4.7495061735e-03,2.3958248488e+00
38,3.8000000000e-03,1.0000000000e-04,-9.4093207541e-02,1.3590926581e-01,1.3551528725e+00,2.7302833091e-01,-2.1151131044e-01,2.1151131044e-01,1.2728767564e+00,3.4597708787e-01,1.1741810290e-01,1.1772314781e-01,1.9245006299e-01,1.2724291771e-01,0.0000000000e+00,0.0000000000e+00,0.0000000000e+00,0.0000000000e+00,2.2543084473e-05,3.2561479620e-05,3.2467089259e-04,6.5412805963e-05,2.2543084473e-05,2.4988314694e-05,6.6291405676e-04,3.7641072600e-05,-1.1415442245e+01,1.1415449713e+01,2.9235393736e+03,1.5120913069e+02,-1.1416432423e+01,1.1416432423e+01,2.9235851597e+03,1.5121294522e+02,9.9017752308e-04,2.9222952857e-03,3.7753998050e-01,2.7294701317e-02,0.0000000000e+00,0.0000000000e+00,0.0000000000e+00,0.0000000000e+00,5.4217713416e-06,5.4217748887e-06,1.3885368303e-03,7.1816869970e-05,5.5379682113e-06,5.6370327482e-06,1.3782906355e-03,7.1749331442e-05,1.0000000000e+00,4.1921888688e+00,2.0679115636e+00,4.1921888688e+00,1.0000000000e+00,1.0002857242e+00,1.0000955859e+00,1.0002857242e+00,2.1573502392e+03,2.2968328592e+03,1.9617555569e+00,nan,4.2767518186e+00,4.5532635032e+00,3.8890030434e-03,nan,2.0791392510e+00,2.2558675194e-01,1.9061447107e+00,4.1909914012e+00,2.0418031671e+00,9.9262086922e-01,1.8782929912e-01,1.7492811432e-01,3.6573106710e-01,5.5199718403e-01,3.1587276934e-01,392105,42,52,41,1.3782906355e-03,5.1389147205e-01,4.9587423027e-01,3.3361946900e-02,-3.3664081905e+00,-2.9103003530e+03,-2.7231360338e-02,-2.9103275843e+03,-1.2594399062e-04,447024,48,48,48,-6.6291405676e-04,1.0000000000e+00,6.0117902655e-01,4.5913285376e-02,-3.0340000462e+00,-1.2581170038e+00,-9.7035868687e-02,-1.3551528725e+00,9.0698972382e-04,2.8265058966e-02,4.6820275100e-02,1.3715403069e-04,3.9711009077e-04,0,0,0,2.3958248488e-04,3.1921888688e+00,3.1924284512e+00,9.3176175816e-07,2.8572417675e-04,2.8665593851e-04,4.7495061735e-03,2.3958248488e+00
39,3.9000000000e-03,1.0000000000e-04,-9.4210047215e-02,1.3602207062e-01,1.3629077196e+00,2.7316513843e-01,-2.1164494588e-01,2.1164494588e-01,1.2781021650e+00,3.4614675502e-01,1.1743489867e-01,1.1773826866e-01,1.9245008301e-01,1.2725318335e-01,0.0000000000e+00,0.0000000000e+00,0.0000000000e+00,0.0000000000e+00,2.2571077213e-05,3.2588505679e-05,3.2652881812e-04,6.5445582650e-05,2.2571077213e-05,2.4996354284e-05,6.4890920951e-04,3.7479700150e-05,-1.1412896567e+01,1.1412904169e+01,2.9215221507e+03,1.5113158689e+02,-1.1413883081e+01,1.1413883081e+01,2.9215652628e+03,1.5113536634e+02,9.8651444131e-04,2.9235017720e-03,3.7752857341e-01,2.7297417575e-02,0.0000000000e+00,0.0000000000e+00,0.0000000000e+00,0.0000000000e+00,5.4205622703e-06,5.4205658809e-06,1.3875787491e-03,7.1780040496e-05,5.5373834082e-06,5.6369359846e-06,1.3766063188e-03,7.1711994229e-05,1.0000000000e+00,4.1921888688e+00,2.0679115636e+00,4.1921888688e+00,1.0000000000e+00,1.0002857242e+00,1.0000955859e+00,1.0002857242e+00,2.1435949835e+03,2.2858620718e+03,1.9616960798e+00,nan,4.2494832679e+00,4.5315149090e+00,3.8888851354e-03,nan,2.1214159063e+00,2.2551032525e-01,1.9133556016e+00,4.1909914012e+00,1.9872953733e+00,9.9209239097e-01,2.6139847188e-01,2.4709300623e-01,3.5294905074e-01,5.5230213803e-01,3.1588399284e-01,392105,42,52,41,1.3766063188e-03,5.1526976268e-01,4.9581038198e-01,3.3236002909e-02,-3.3703206955e+00,-2.9058880518e+03,-2.9928398211e-02,-2.9059179802e+03,-1.5085399894e-04,447024,48,48,48,-6.4890920951e-04,1.0000000000e+00,6.0051611250e-01,4.6820275100e-02,-3.0134871367e+00,-1.2664538608e+00,-9.6453858800e-02,-1.3629077196e+00,8.7609419428e-04,2.8324260720e-02,4.7696369294e-02,1.4061367437e-04,4.0268378215e-04,0,0,0,2.3958248488e-04,3.1921888688e+00,3.1924284512e+00,9.3176175816e-07,2.8572417675e-04,2.8665593851e-04,4.7495061735e-03,2.3958248488e+00
40,4.0000000000e-03,1.0000000000e-04,-9.4306410200e-02,1.3611031921e-01,1.3701775056e+00,2.7323723269e-01,-2.1175809649e-01,2.1175809649e-01,1.2830412271e+00,3.4625836328e-01,1.1745168629e-01,1.1775339274e-01,1.9245008973e-01,1.2726347134e-01,0.0000000000e+00,0.0000000000e+00,0.0000000000e+00,0.0000000000e+00,2.2594164096e-05,3.2609648494e-05,3.2827053153e-04,6.5462855169e-05,2.2594164096e-05,2.5001725019e-05,6.3550299528e-04,3.7322331280e-05,-1.1406757599e+01,1.1406765336e+01,2.9185749758e+03,1.5100747874e+02,-1.1407740453e+01,1.1407740453e+01,2.9186154135e+03,1.5101122428e+02,9.8285364074e-04,2.9246708352e-03,3.7751299066e-01,2.7300152887e-02,0.0000000000e+00,0.0000000000e+00,0.0000000000e+00,0.0000000000e+00,5.4176465638e-06,5.4176502383e-06,1.3861789866e-03,7.1721095252e-05,5.5349879513e-06,5.6353458828e-06,1.3744784530e-03,7.1652533060e-05,1.0000000000e+00,4.1921888688e+00,2.0679115636e+00,4.1921888688e+00,1.0000000000e+00,1.0002857242e+00,1.0000955859e+00,1.0002857242e+00,2.1300707126e+03,2.2747635475e+03,1.9616150410e+00,nan,4.2226726234e+00,4.5095130880e+00,3.8887244833e-03,nan,2.1628197871e+00,2.2539828266e-01,1.9198300482e+00,4.1909914012e+00,1.9359124084e+00,9.9155914661e-01,3.2120249672e-01,3.0354495838e-01,3.3968056320e-01,5.5258706179e-01,3.1589542600e-01,502697,54,52,41,1.3744784530e-03,5.1664636900e-01,4.9574615225e-01,3.3085148910e-02,-3.3750259286e+00,-2.9005372230e+03,-3.2620776986e-02,-2.9005698438e+03,-1.7133867306e-04,447024,48,48,48,-6.3550299528e-04,1.0000000000e+00,5.9986720329e-01,4.7696369294e-02,-2.9940286442e+00,-1.2742943879e+00,-9.5883117740e-02,-1.3701775056e+00,8.3859180102e-04,2.8371362716e-02,4.8534961095e-02,1.4345228828e-04,4.0805020125e-04,0,0,0,2.3958248488e-04,3.1921888688e+00,3.1924284512e+00,9.3176175816e-07,2.8572417675e-04,2.8665593851e-04,4.7495061735e-03,2.3958248488e+00
41,4.1000000000e-03,1.0000000000e-04,-9.4382742587e-02,1.3617481433e-01,1.3769479941e+00,2.7324790741e-01,-2.1185121210e-01,2.1185121210e-01,1.2874835273e+00,3.4631443966e-01,1.1746846952e-01,1.1776852263e-01,1.9245008428e-01,1.2727378372e-01,0.0000000000e+00,0.0000000000e+00,0.0000000000e+00,0.0000000000e+00,2.2612451999e-05,3.2625100396e-05,3.2989262199e-04,6.5465412647e-05,2.2612451999e-05,2.5004416550e-05,6.2267009675e-04,3.7168353389e-05,-1.1397509781e+01,1.1397517650e+01,2.9148240543e+03,1.5084344367e+02,-1.1398488977e+01,1.1398488977e+01,2.9148618179e+03,1.5084715634e+02,9.7919602297e-04,2.9258018548e-03,3.7749330629e-01,2.7302906200e-02,0.0000000000e+00,0.0000000000e+00,0.0000000000e+00,0.0000000000e+00,5.4132543069e-06,5.4132580442e-06,1.3843974840e-03,7.1643186695e-05,5.5312123853e-06,5.6319021801e-06,1.3719688581e-03,7.1574090097e-05,1.0000000000e+00,4.1921888688e+00,2.0679115636e+00,4.1921888688e+00,1.0000000000e+00,1.0002857242e+00,1.0000955859e+00,1.0002857242e+00,2.1168730167e+03,2.2639993104e+03,1.9615128136e+00,nan,4.1965093844e+00,4.4881739609e+00,3.8885218267e-03,nan,2.2033639728e+00,2.2523629651e-01,1.9256728795e+00,4.1909914012e+00,1.8874932485e+00,9.9102235735e-01,3.6464234198e-01,3.4307912679e-01,3.2604584910e-01,5.5285295723e-01,3.1589792311e-01,382890,41,52,42,1.3719688581e-03,5.1802084746e-01,4.9568146098e-01,3.2913810237e-02,-3.3803952888e+00,-2.8943807606e+03,-3.5307512292e-02,-2.8944160681e+03,-1.8775231355e-04,447024,48,48,48,-6.2267009675e-04,1.0000000000e+00,5.9923170029e-01,4.8534961095e-02,-2.9757185573e+00,-1.2816248044e+00,-9.5323189729e-02,-1.3769479941e+00,7.9531558667e-04,2.8400361572e-02,4.9330276682e-02,1.4568815833e-04,4.1484838636e-04,0,0,0,2.3958248488e-04,3.1921888688e+00,3.1924284512e+00,9.3176175816e-07,2.8572417675e-04,2.8665593851e-04,4.7495061735e-03,2.3958248488e+00
42,4.2000000000e-03,1.0000000000e-04,-9.4439589950e-02,1.3621645680e-01,1.3832134963e+00,2.7320065623e-01,-2.1192484184e-01,2.1192484184e-01,1.2921325857e+00,3.4631772433e-01,1.1748525189e-01,1.1778366080e-01,1.9245006563e-01,1.2728412241e-01,0.0000000000e+00,0.0000000000e+00,0.0000000000e+00,0.0000000000e+00,2.2626071632e-05,3.2635077201e-05,3.3139372656e-04,6.5454092092e-05,2.2626071632e-05,2.5004265535e-05,6.1038543870e-04,3.7017212270e-05,-1.1385607610e+01,1.1385615614e+01,2.9103866785e+03,1.5064566813e+02,-1.1386583153e+01,1.1386583153e+01,2.9104217695e+03,1.5064934886e+02,9.7554307493e-04,2.9268950839e-03,3.7751636262e-01,2.7305676541e-02,0.0000000000e+00,0.0000000000e+00,0.0000000000e+00,0.0000000000e+00,5.4076013632e-06,5.4076051647e-06,1.3822899497e-03,7.1549253077e-05,5.5262180206e-06,5.6270088577e-06,1.3691370126e-03,7.1479606942e-05,1.0000000000e+00,4.1921888688e+00,2.0679115636e+00,4.1921888688e+00,1.0000000000e+00,1.0002857242e+00,1.0000955859e+00,1.0002857242e+00,2.1040762589e+03,2.2524172842e+03,1.9616328079e+00,nan,4.1711409688e+00,4.4652136410e+00,3.8887597046e-03,nan,2.2430695849e+00,2.2504195734e-01,1.9309829822e+00,4.1909914012e+00,1.8418738491e+00,9.9048467575e-01,3.9302148173e-01,3.6831577986e-01,3.1213304145e-01,5.5310026183e-01,3.1589125117e-01,392105,42,52,41,1.3691370126e-03,5.1939281631e-01,4.9561624076e-01,3.2726057924e-02,-3.3863101070e+00,-2.8875416959e+03,-3.7987743532e-02,-2.8875796836e+03,-2.0047459690e-04,447024,48,48,48,-6.1038543870e-04,1.0000000000e+00,5.9860903019e-01,4.9330276682e-02,-2.9586286841e+00,-1.2884398607e+00,-9.4773635580e-02,-1.3832134963e+00,7.4718922137e-04,2.8397511296e-02,5.0077465903e-02,1.4734213953e-04,4.2335426990e-04,0,0,0,2.3958248488e-04,3.1921888688e+00,3.1924284512e+00,9.3176175816e-07,2.8572417675e-04,2.8665593851e-04,4.7495061735e-03,2.3958248488e+00
43,4.3000000000e-03,1.0000000000e-04,-9.4477591525e-02,1.3623627965e-01,1.3889757959e+00,2.7309914007e-01,-2.1197962820e-01,2.1197962820e-01,1.2965705193e+00,3.4627114467e-01,1.1750203668e-01,1.1779880955e-01,1.9245003365e-01,1.2729448927e-01,0.0000000000e+00,0.0000000000e+00,0.0000000000e+00,0.0000000000e+00,2.2635176143e-05,3.2639826409e-05,3.3277427262e-04,6.5429770597e-05,2.2635176143e-05,2.5001326488e-05,5.9862422628e-04,3.6868417034e-05,-1.1371473820e+01,1.1371481960e+01,2.9053710031e+03,1.5041986941e+02,-1.1372445716e+01,1.1372445716e+01,2.9054034235e+03,1.5042351903e+02,9.7189588735e-04,2.9279506498e-03,3.7753405608e-01,2.7308463254e-02,0.0000000000e+00,0.0000000000e+00,0.0000000000e+00,0.0000000000e+00,5.4008885109e-06,5.4008923773e-06,1.3799077515e-03,7.1442009840e-05,5.5198382855e-06,5.6213616043e-06,1.3660285884e-03,7.1371799989e-05,1.0000000000e+00,4.1921888688e+00,2.0679115636e+00,4.1921888688e+00,1.0000000000e+00,1.0002857242e+00,1.0000955859e+00,1.0002857242e+00,2.0917362359e+03,2.2408371780e+03,1.9617250718e+00,nan,4.1466779889e+00,4.4422571275e+00,3.8889426093e-03,nan,2.2819467178e+00,2.2484253413e-01,1.9358520309e+00,4.1909914012e+00,1.7988897446e+00,9.8994196304e-01,4.0943234035e-01,3.8298047596e-01,2.9802039928e-01,5.5333190560e-01,3.1589263757e-01,484554,52,55,42,1.3660285884e-03,5.2076195333e-01,4.9555043597e-01,3.2525583327e-02,-3.3926620229e+00,-2.8801330422e+03,-4.0660729289e-02,-2.8801737030e+03,-2.0989367952e-04,447024,48,48,48,-5.9862422628e-04,1.0000000000e+00,5.9799864476e-01,5.0077465903e-02,-2.9428093137e+00,-1.2947417629e+00,-9.4234032943e-02,-1.3889757959e+00,6.9519163269e-04,2.8338737676e-02,5.0772657536e-02,1.4843670941e-04,4.3175193263e-04,0,0,0,2.3958248488e-04,3.1921888688e+00,3.1924284512e+00,9.3176175816e-07,2.8572417675e-04,2.8665593851e-04,4.7495061735e-03,2.3958248488e+00
44,4.4000000000e-03,1.0000000000e-04,-9.4497473567e-02,1.3623537231e-01,1.3942430126e+00,2.7294715469e-01,-2.1201630046e-01,2.1201630046e-01,1.3008621966e+00,3.4617778856e-01,1.1751882689e-01,1.1781397101e-01,1.9244998831e-01,1.2730488603e-01,0.0000000000e+00,0.0000000000e+00,0.0000000000e+00,0.0000000000e+00,2.2639939532e-05,3.2639609027e-05,3.3403620549e-04,6.5393357563e-05,2.2639939532e-05,2.4995612565e-05,5.8736202526e-04,3.6721543265e-05,-1.1355498430e+01,1.1355506703e+01,2.8998760283e+03,1.5017128979e+02,-1.1356466684e+01,1.1356466684e+01,2.8999057809e+03,1.5017490901e+02,9.6825394177e-04,2.9289673135e-03,3.7754525245e-01,2.7311265862e-02,0.0000000000e+00,0.0000000000e+00,0.0000000000e+00,0.0000000000e+00,5.3933009898e-06,5.3933049188e-06,1.3772979099e-03,7.1323946796e-05,5.5125419628e-06,5.6148541297e-06,1.3627031189e-03,7.1253166400e-05,1.0000000000e+00,4.1921888688e+00,2.0679115636e+00,4.1921888688e+00,1.0000000000e+00,1.0002857242e+00,1.0000955859e+00,1.0002857242e+00,2.0798928179e+03,2.2292182742e+03,1.9617837120e+00,nan,4.1231994833e+00,4.4192237011e+00,3.8890588583e-03,nan,2.3200395332e+00,2.2463358780e-01,1.9403641586e+00,4.1909914012e+00,1.7583783303e+00,9.8940331582e-01,4.1699259600e-01,3.9027192554e-01,2.8374137857e-01,5.5354795499e-01,3.1589326338e-01,483305,52,42,41,1.3627031189e-03,5.2212798192e-01,4.9548400177e-01,3.2315689647e-02,-3.3993530485e+00,-2.8722578479e+03,-4.3325820312e-02,-2.8723011738e+03,-2.1639338328e-04,447024,48,48,48,-5.8736202526e-04,1.0000000000e+00,5.9740002053e-01,5.0772657536e-02,-2.9282903577e+00,-1.3005390361e+00,-9.3703976497e-02,-1.3942430126e+00,6.4032238823e-04,2.8264776892e-02,5.1412979924e-02,1.4899524261e-04,4.4002528423e-04,0,0,0,2.3958248488e-04,3.1921888688e+00,3.1924284512e+00,9.3176175816e-07,2.8572417675e-04,2.8665593851e-04,4.7495061735e-03,2.3958248488e+00
45,4.5000000000e-03,1.0000000000e-04,-9.4500042003e-02,1.3621494935e-01,1.3990284691e+00,2.7274859864e-01,-2.1203566730e-01,2.1203566730e-01,1.3058453911e+00,3.4604087719e-01,1.1753562529e-01,1.1782914715e-01,1.9245000715e-01,1.2731531428e-01,0.0000000000e+00,0.0000000000e+00,0.0000000000e+00,0.0000000000e+00,2.2640554885e-05,3.2634716043e-05,3.3518271706e-04,6.5345787011e-05,2.2640554885e-05,2.4987045387e-05,5.7657486241e-04,3.6576234446e-05,-1.1338038476e+01,1.1338046875e+01,2.8939917149e+03,1.4990469963e+02,-1.1339003094e+01,1.1339003094e+01,2.8940188030e+03,1.4990828905e+02,9.6461767657e-04,2.9299449981e-03,3.7754991423e-01,2.7314083793e-02,0.0000000000e+00,0.0000000000e+00,0.0000000000e+00,0.0000000000e+00,5.3850083737e-06,5.3850123628e-06,1.3745031516e-03,7.1197329631e-05,5.5043915024e-06,5.6075725957e-06,1.3592026688e-03,7.1125970635e-05,1.0000000000e+00,4.1921888688e+00,2.0679115636e+00,4.1921888688e+00,1.0000000000e+00,1.0002857242e+00,1.0000955859e+00,1.0002857242e+00,2.0685724263e+03,2.2162032525e+03,1.9618077433e+00,nan,4.1007578304e+00,4.3934225970e+00,3.8891064981e-03,nan,2.3573741371e+00,2.2441919438e-01,1.9445952191e+00,4.1909914012e+00,1.7201807643e+00,9.8886835376e-01,4.1870845055e-01,3.9290963214e-01,2.6931663116e-01,5.5374798119e-01,3.1588978133e-01,381932,41,42,44,1.3592026688e-03,5.2349068503e-01,4.9541690318e-01,3.2099296264e-02,-3.4062953966e+00,-2.8640093696e+03,-4.5982486463e-02,-2.8640553521e+03,-2.2034379835e-04,447024,48,48,48,-5.7657486241e-04,1.0000000000e+00,5.9681265850e-01,5.1412979924e-02,-2.9150828618e+00,-1.3058453911e+00,-9.3183078032e-02,-1.3990284691e+00,5.8356956629e-04,2.8197625577e-02,5.1996549491e-02,1.4904145761e-04,4.4816862263e-04,0,0,0,2.3958248488e-04,3.1921888688e+00,3.1924284512e+00,9.3176175816e-07,2.8572417675e-04,2.8665593851e-04,4.7495061735e-03,2.3958248488e+00
46,4.6000000000e-03,1.0000000000e-04,-9.4486174477e-02,1.3617619567e-01,1.4033496149e+00,2.7250744184e-01,-2.1203860883e-01,2.1203860883e-01,1.3106786485e+00,3.4586373775e-01,1.1755243436e-01,1.1784433977e-01,1.9245004759e-01,1.2732577549e-01,0.0000000000e+00,0.0000000000e+00,0.0000000000e+00,0.0000000000e+00,2.2637232468e-05,3.2625431339e-05,3.3621798790e-04,6.5288010065e-05,2.2637232468e-05,2.4975697546e-05,5.6623932955e-04,3.6432201693e-05,-1.1319418323e+01,1.1319426850e+01,2.8877991913e+03,1.4962440607e+02,-1.1320379310e+01,1.1320379310e+01,2.8878236186e+03,1.4962796623e+02,9.6098697290e-04,2.9308832498e-03,3.7754896279e-01,2.7316916618e-02,0.0000000000e+00,0.0000000000e+00,0.0000000000e+00,0.0000000000e+00,5.3761647205e-06,5.3761687702e-06,1.3715620087e-03,7.1064204033e-05,5.4956624321e-06,5.5995844402e-06,1.3564750119e-03,7.0992255417e-05,1.0000000000e+00,4.1921888688e+00,2.0679115636e+00,4.1921888688e+00,1.0000000000e+00,1.0002857242e+00,1.0000955859e+00,1.0002857242e+00,2.0577902760e+03,2.2033040837e+03,1.9618023873e+00,nan,4.0793831921e+00,4.3678511610e+00,3.8890958804e-03,nan,2.3955860024e+00,2.2420132330e-01,1.9486128238e+00,4.1909914012e+00,1.6841434722e+00,9.8900013507e-01,4.1669908914e-01,3.9267929699e-01,2.5475799262e-01,5.5393363693e-01,3.1587984618e-01,373482,40,50,42,1.3564750119e-03,4.8754086854e-01,4.9310105683e-01,3.1825091082e-02,-3.4151577556e+00,-2.8878236186e+03,2.4427242720e-02,-2.8877991913e+03,-2.1751108483e-04,447024,48,48,48,-5.6623932955e-04,1.0000000000e+00,5.9623608364e-01,5.1996549491e-02,-2.9031807816e+00,-1.3106786485e+00,-9.2670966420e-02,-1.4033496149e+00,5.2588149070e-04,2.8138231288e-02,5.2522430981e-02,1.4859910969e-04,4.5617752263e-04,0,0,0,2.3958248488e-04,3.1921888688e+00,3.1924284512e+00,9.3176175816e-07,2.8572417675e-04,2.8665593851e-04,4.7495061735e-03,2.3958248488e+00
47,4.7000000000e-03,1.0000000000e-04,-9.4456811931e-02,1.3612039135e-01,1.4072270411e+00,2.7222769520e-01,-2.1202606823e-01,2.1202606823e-01,1.3150597536e+00,3.4564977618e-01,1.1756925630e-01,1.1785955048e-01,1.9245007455e-01,1.2733627098e-01,0.0000000000e+00,0.0000000000e+00,0.0000000000e+00,0.0000000000e+00,2.2630197716e-05,3.2612061603e-05,3.3714695130e-04,6.5220987671e-05,2.2630197716e-05,2.4961687210e-05,5.5633267963e-04,3.6289221959e-05,-1.1299930391e+01,1.1299939043e+01,2.8813710602e+03,1.4933426759e+02,-1.1300887753e+01,1.1300887753e+01,2.8813928308e+03,1.4933779891e+02,9.5736206574e-04,2.9317821326e-03,3.7754957779e-01,2.7319764033e-02,0.0000000000e+00,0.0000000000e+00,0.0000000000e+00,0.0000000000e+00,5.3669089154e-06,5.3669130244e-06,1.3685089639e-03,7.0926402583e-05,5.4865293138e-06,5.5909544254e-06,1.3537173670e-03,7.0853763504e-05,1.0000000000e+00,4.1921888688e+00,2.0679115636e+00,4.1921888688e+00,1.0000000000e+00,1.0002857242e+00,1.0000955859e+00,1.0002857242e+00,2.0475523680e+03,2.1910736929e+03,1.9618053080e+00,nan,4.0590874650e+00,4.3436055170e+00,3.8891016704e-03,nan,2.4332875213e+00,2.2398143116e-01,1.9524740317e+00,4.1909914012e+00,1.6501192654e+00,9.8919145051e-01,4.1272724831e-01,3.9104317842e-01,2.4001904500e-01,5.5406549168e-01,3.1585615452e-01,502120,54,46,40,1.3537173670e-03,4.8889734355e-01,4.9303715046e-01,3.1607579997e-02,-3.4222404325e+00,-2.8813928308e+03,2.1770536614e-02,-2.8813710602e+03,-2.1755397623e-04,447024,48,48,48,-5.5633267963e-04,1.0000000000e+00,5.9566984431e-01,5.2522430981e-02,-2.8925629277e+00,-1.3150597536e+00,-9.2167287463e-02,-1.4072270411e+00,4.6814322614e-04,2.8087446771e-02,5.2990574208e-02,1.4769180264e-04,4.6403998669e-04,0,0,0,2.3958248488e-04,3.1921888688e+00,3.1924284512e+00,9.3176175816e-07,2.8572417675e-04,2.8665593851e-04,4.7495061735e-03,2.3958248488e+00
48,4.8000000000e-03,1.0000000000e-04,-9.4412949848e-02,1.3604882684e-01,1.4106836092e+00,2.7191338160e-01,-2.1199904292e-01,2.1199904292e-01,1.3190119055e+00,3.4540245047e-01,1.1758609308e-01,1.1787478070e-01,1.9245008804e-01,1.2734680189e-01,0.0000000000e+00,0.0000000000e+00,0.0000000000e+00,0.0000000000e+00,2.2619689130e-05,3.2594915999e-05,3.3797508447e-04,6.5145683636e-05,2.2619689130e-05,2.4945139197e-05,5.4683290796e-04,3.6147134864e-05,-1.1279836287e+01,1.1279845064e+01,2.8747717772e+03,1.4903771313e+02,-1.1280790030e+01,1.1280790030e+01,2.8747908955e+03,1.4904121597e+02,9.5374322211e-04,2.9326433145e-03,3.7754450509e-01,2.7322625881e-02,0.0000000000e+00,0.0000000000e+00,0.0000000000e+00,0.0000000000e+00,5.3573652082e-06,5.3573693767e-06,1.3653746303e-03,7.0785553858e-05,5.4772457679e-06,5.5823235300e-06,1.3508940474e-03,7.0712184812e-05,1.0000000000e+00,4.1921888688e+00,2.0679115636e+00,4.1921888688e+00,1.0000000000e+00,1.0002857242e+00,1.0000955859e+00,1.0002857242e+00,2.0378572194e+03,2.1795033717e+03,1.9617788120e+00,nan,4.0398677094e+00,4.3206684012e+00,3.8890491445e-03,nan,2.4703964003e+00,2.2378402004e-01,1.9562320797e+00,4.1909914012e+00,1.6179681080e+00,9.8939442510e-01,4.0761619946e-01,3.8859197365e-01,2.2516024173e-01,5.5419387582e-01,3.1583080623e-01,429176,46,54,56,1.3508940474e-03,4.9025106092e-01,4.9297251738e-01,3.1390026021e-02,-3.4293718274e+00,-2.8747908955e+03,1.9118272435e-02,-2.8747717772e+03,-2.1605849447e-04,447024,48,48,48,-5.4683290796e-04,1.0000000000e+00,5.9511351163e-01,5.2990574208e-02,-2.8831949939e+00,-1.3190119055e+00,-9.1671703629e-02,-1.4106836092e+00,4.1115880821e-04,2.8046008677e-02,5.3401733016e-02,1.4634290146e-04,4.7178833385e-04,0,0,0,2.3958248488e-04,3.1921888688e+00,3.1924284512e+00,9.3176175816e-07,2.8572417675e-04,2.8665593851e-04,4.7495061735e-03,2.3958248488e+00
49,4.9000000000e-03,1.0000000000e-04,-9.4355629278e-02,1.3596285269e-01,1.4137437045e+00,2.7156850828e-01,-2.1195857563e-01,2.1195857563e-01,1.3225598108e+00,3.4512524459e-01,1.1760294635e-01,1.1789003165e-01,1.9245008805e-01,1.2735736920e-01,0.0000000000e+00,0.0000000000e+00,0.0000000000e+00,0.0000000000e+00,2.2605956125e-05,3.2574318099e-05,3.3870822971e-04,6.5063058030e-05,2.2605956125e-05,2.4926219539e-05,5.3771881445e-04,3.6005838347e-05,-1.1259368269e+01,1.1259377170e+01,2.8680580926e+03,1.4873776465e+02,-1.1260318400e+01,1.1260318400e+01,2.8680745633e+03,1.4874123930e+02,9.5013114220e-04,2.9334681845e-03,3.7754941340e-01,2.7325502540e-02,0.0000000000e+00,0.0000000000e+00,0.0000000000e+00,0.0000000000e+00,5.3476439104e-06,5.3476481377e-06,1.3621859617e-03,7.0643093143e-05,5.4680831873e-06,5.5736953428e-06,1.3480217880e-03,7.0568982194e-05,1.0000000000e+00,4.1921888688e+00,2.0679115636e+00,4.1921888688e+00,1.0000000000e+00,1.0002857242e+00,1.0000955859e+00,1.0002857242e+00,2.0286973399e+03,2.1685783432e+03,1.9618043162e+00,nan,4.0217090764e+00,4.2990105198e+00,3.8890997043e-03,nan,2.5069269510e+00,2.2360772896e-01,1.9599316509e+00,4.1909914012e+00,1.5875575710e+00,9.8960187957e-01,4.0101622919e-01,3.8474518153e-01,2.1025086519e-01,5.5437157139e-01,3.1582082638e-01,429176,46,54,56,1.3480217880e-03,4.9160195497e-01,4.9290715272e-01,3.1173967527e-02,-3.4365016903e+00,-2.8680745633e+03,1.6470701215e-02,-2.8680580926e+03,-2.1328366350e-04,447024,48,48,48,-5.3771881445e-04,1.0000000000e+00,5.9456667873e-01,5.3401733016e-02,-2.8750315878e+00,-1.3225598108e+00,-9.1183893690e-02,-1.4137437045e+00,3.5563733049e-04,2.8014517908e-02,5.3757370346e-02,1.4457572144e-04,4.7945129631e-04,0,0,0,2.3958248488e-04,3.1921888688e+00,3.1924284512e+00,9.3176175816e-07,2.8572417675e-04,2.8665593851e-04,4.7495061735e-03,2.3958248488e+00
50,5.0000000000e-03,1.0000000000e-04,-9.4285927759e-02,1.3586383628e-01,1.4164326065e+00,2.7119704118e-01,-2.1190574531e-01,2.1190574531e-01,1.3257290542e+00,3.4482164350e-01,1.1761981755e-01,1.1790530438e-01,1.9245007461e-01,1.2736797370e-01,0.0000000000e+00,0.0000000000e+00,0.0000000000e+00,0.0000000000e+00,2.2589256862e-05,3.2550595502e-05,3.3935244354e-04,6.4974061018e-05,2.2589256862e-05,2.4904909713e-05,5.2897004786e-04,3.5865283368e-05,-1.1238730898e+01,1.1238739923e+01,2.8612795306e+03,1.4843706364e+02,-1.1239677425e+01,1.1239677425e+01,2.8612933586e+03,1.4844051031e+02,9.4652706614e-04,2.9342573986e-03,3.7754951460e-01,2.7328394264e-02,0.0000000000e+00,0.0000000000e+00,0.0000000000e+00,0.0000000000e+00,5.3378421781e-06,5.3378464645e-06,1.3589664795e-03,7.0500275013e-05,5.4586845117e-06,5.5650794399e-06,1.3452346092e-03,7.0425457698e-05,1.0000000000e+00,4.1921888688e+00,2.0679115636e+00,4.1921888688e+00,1.0000000000e+00,1.0002857242e+00,1.0000955859e+00,1.0002857242e+00,2.0200604797e+03,2.1582791367e+03,1.9618049791e+00,nan,4.0045872819e+00,4.2785932740e+00,3.8891010184e-03,nan,2.5431205692e+00,2.2345310639e-01,1.9636107981e+00,4.1909914012e+00,1.5587630439e+00,9.8989535765e-01,3.9315023963e-01,3.7958972711e-01,1.9521702037e-01,5.5453913921e-01,3.1581725258e-01,401320,43,52,40,1.3452346092e-03,4.8083600433e-01,4.9210356054e-01,3.0949654108e-02,-3.4439547439e+00,-2.8612795445e+03,3.7540843513e-02,-2.8612420037e+03,-2.0799964179e-04,447024,48,48,48,-5.2897004786e-04,1.0000000000e+00,5.9402895991e-01,5.3757370346e-02,-2.8680182354e+00,-1.3257290542e+00,-9.0703552287e-02,-1.4164326065e+00,3.0218551578e-04,2.7993422365e-02,5.4059555862e-02,1.4241362217e-04,4.8699048733e-04,0,0,0,2.3958248488e-04,3.1921888688e+00,3.1924284512e+00,9.3176175816e-07,2.8572417675e-04,2.8665593851e-04,4.7495061735e-03,2.3958248488e+00
51,5.1000000000e-03,1.0000000000e-04,-9.4204950240e-02,1.3575310343e-01,1.4187759759e+00,2.7080288098e-01,-2.1184165806e-01,2.1184165806e-01,1.3285455865e+00,3.4449510929e-01,1.1763670782e-01,1.1792059971e-01,1.9245006868e-01,1.2737861599e-01,0.0000000000e+00,0.0000000000e+00,0.0000000000e+00,0.0000000000e+00,2.2569856067e-05,3.2524065849e-05,3.3991387380e-04,6.4879627139e-05,2.2569856067e-05,2.4881478613e-05,5.2056713114e-04,3.5725467883e-05,-1.1218102898e+01,1.1218112046e+01,2.8552199514e+03,1.4813789923e+02,-1.1219045828e+01,1.1219045828e+01,2.8552548639e+03,1.4814131808e+02,9.4293036145e-04,2.9350101336e-03,3.7754647496e-01,2.7331300941e-02,0.0000000000e+00,0.0000000000e+00,0.0000000000e+00,0.0000000000e+00,5.3280448967e-06,5.3280492417e-06,1.3560884786e-03,7.0358186691e-05,5.4492966615e-06,5.5564591841e-06,1.3424973119e-03,7.0282686443e-05,1.0000000000e+00,4.1921888688e+00,2.0679115636e+00,4.1921888688e+00,1.0000000000e+00,1.0002857242e+00,1.0000955859e+00,1.0002857242e+00,2.0124529875e+03,2.1491583676e+03,1.9617892451e+00,nan,3.9895061163e+00,4.2605121738e+00,3.8890698272e-03,nan,2.5789129424e+00,2.2331708137e-01,1.9672992576e+00,4.1909914012e+00,1.5314677372e+00,9.8997766967e-01,3.8473431443e-01,3.7374904671e-01,1.8004746633e-01,5.5469361498e-01,3.1580997529e-01,483115,52,40,43,1.3424973119e-03,4.8218123894e-01,4.9203822458e-01,3.0741654466e-02,-3.4509126289e+00,-2.8552548639e+03,3.4912585380e-02,-2.8552199514e+03,-2.0339089030e-04,447024,48,48,48,-5.2056713114e-04,1.0000000000e+00,5.9349998986e-01,5.4059555862e-02,-2.8620932864e+00,-1.3285455865e+00,-9.0230389426e-02,-1.4187759759e+00,2.5130544224e-04,2.7983002836e-02,5.4310861304e-02,1.3988015117e-04,4.9438834514e-04,0,0,0,2.3958248488e-04,3.1921888688e+00,3.1924284512e+00,9.3176175816e-07,2.8572417675e-04,2.8665593851e-04,4.7495061735e-03,2.3958248488e+00
52,5.2000000000e-03,1.0000000000e-04,-9.4113820088e-02,1.3563195383e-01,1.4207994509e+00,2.7038984134e-01,-2.1176743816e-01,2.1176743816e-01,1.3310353210e+00,3.4414905876e-01,1.1765361807e-01,1.1793591830e-01,1.9245008571e-01,1.2738929650e-01,0.0000000000e+00,0.0000000000e+00,0.0000000000e+00,0.0000000000e+00,2.2548022879e-05,3.2495040529e-05,3.4039866297e-04,6.4780670075e-05,2.2548022879e-05,2.4856229100e-05,5.1249146980e-04,3.5586430335e-05,-1.1197639199e+01,1.1197648470e+01,2.8492065469e+03,1.4784223760e+02,-1.1198578540e+01,1.1198578540e+01,2.8492388351e+03,1.4784562874e+02,9.3934097126e-04,2.9357263806e-03,3.7754982777e-01,2.7334222419e-02,0.0000000000e+00,0.0000000000e+00,0.0000000000e+00,0.0000000000e+00,5.3183256505e-06,5.3183300537e-06,1.3532324084e-03,7.0217762019e-05,5.4402729679e-06,5.5478292580e-06,1.3397752460e-03,7.0141576155e-05,1.0000000000e+00,4.1921888688e+00,2.0679115636e+00,4.1921888688e+00,1.0000000000e+00,1.0002857242e+00,1.0000955859e+00,1.0002857242e+00,2.0053544820e+03,2.1406185021e+03,1.9618064932e+00,nan,3.9754339708e+00,4.2435826625e+00,3.8891040200e-03,nan,2.6142391140e+00,2.2319673816e-01,1.9710202876e+00,4.1909914012e+00,1.5055625229e+00,9.9005554231e-01,3.7689224724e-01,3.6831914139e-01,1.6474953050e-01,5.5483492299e-01,3.1579464890e-01,401320,43,52,40,1.3397752460e-03,4.8352373625e-01,4.9197217000e-01,3.0538263576e-02,-3.4577605658e+00,-2.8492388351e+03,3.2288161564e-02,-2.8492065469e+03,-1.9812379897e-04,447024,48,48,48,-5.1249146980e-04,1.0000000000e+00,5.9297942273e-01,5.4310861304e-02,-2.8571896781e+00,-1.3310353210e+00,-8.9764129933e-02,-1.4207994509e+00,2.0339510090e-04,2.7983362804e-02,5.4514256405e-02,1.3699929479e-04,5.0162907072e-04,0,0,0,2.3958248488e-04,3.1921888688e+00,3.1924284512e+00,9.3176175816e-07,2.8572417675e-04,2.8665593851e-04,4.7495061735e-03,2.3958248488e+00
53,5.3000000000e-03,1.0000000000e-04,-9.4013670276e-02,1.3550174382e-01,1.4225283310e+00,2.6996162907e-01,-2.1168421924e-01,2.1168421924e-01,1.3332238181e+00,3.4378684245e-01,1.1767054896e-01,1.1795126060e-01,1.9245008958e-01,1.2740001546e-01,0.0000000000e+00,0.0000000000e+00,0.0000000000e+00,0.0000000000e+00,2.2524028738e-05,3.2463844489e-05,3.4081287235e-04,6.4678077916e-05,2.2524028738e-05,2.4829416211e-05,5.0472534777e-04,3.5448242857e-05,-1.1177473094e+01,1.1177482488e+01,2.8432326324e+03,1.4755175225e+02,-1.1178408853e+01,1.1178408853e+01,2.8432623001e+03,1.4755511573e+02,9.3575988865e-04,2.9364073418e-03,3.7754921313e-01,2.7337158713e-02,0.0000000000e+00,0.0000000000e+00,0.0000000000e+00,0.0000000000e+00,5.3087477462e-06,5.3087522082e-06,1.3503950940e-03,7.0079795824e-05,5.4316690118e-06,5.5392573398e-06,1.3370803478e-03,7.0002914600e-05,1.0000000000e+00,4.1921888688e+00,2.0679115636e+00,4.1921888688e+00,1.0000000000e+00,1.0002857242e+00,1.0000955859e+00,1.0002857242e+00,1.9987177552e+03,2.1326218910e+03,1.9618032601e+00,nan,3.9622772600e+00,4.2277301039e+00,3.8890976105e-03,nan,2.6491246253e+00,2.2309253237e-01,1.9747922311e+00,4.1909914012e+00,1.4809456705e+00,9.9014011061e-01,3.6988244702e-01,3.6356801252e-01,1.4934283037e-01,5.5496713071e-01,3.1577257496e-01,483400,52,43,40,1.3370803478e-03,4.8486351150e-01,4.9190540938e-01,3.0340139777e-02,-3.4644737695e+00,-2.8432623001e+03,2.9667665091e-02,-2.8432326324e+03,-1.9234931780e-04,447024,48,48,48,-5.0472534777e-04,1.0000000000e+00,5.9246693126e-01,5.4514256405e-02,-2.8532365569e+00,-1.3332238181e+00,-8.9304512881e-02,-1.4225283310e+00,1.5875268648e-04,2.7994422861e-02,5.4673009092e-02,1.3379570562e-04,5.0872501911e-04,0,0,0,2.3958248488e-04,3.1921888688e+00,3.1924284512e+00,9.3176175816e-07,2.8572417675e-04,2.8665593851e-04,4.7495061735e-03,2.3958248488e+00
54,5.4000000000e-03,1.0000000000e-04,-9.3905634799e-02,1.3536379931e-01,1.4239873371e+00,2.6952182649e-01,-2.1159313571e-01,2.1159313571e-01,1.3351360461e+00,3.4341172534e-01,1.1768750091e-01,1.1796662689e-01,1.9245008091e-01,1.2741077290e-01,0.0000000000e+00,0.0000000000e+00,0.0000000000e+00,0.0000000000e+00,2.2498145330e-05,3.2430795403e-05,3.4116242467e-04,6.4572708922e-05,2.2498145330e-05,2.4801024230e-05,4.9725191297e-04,3.5311004428e-05,-1.1157718439e+01,1.1157727959e+01,2.8373241621e+03,1.4726785504e+02,-1.1158650627e+01,1.1158650627e+01,2.8373512132e+03,1.4727119086e+02,9.3218803850e-04,2.9370542711e-03,3.7754471404e-01,2.7340110108e-02,0.0000000000e+00,0.0000000000e+00,0.0000000000e+00,0.0000000000e+00,5.2993652610e-06,5.2993697825e-06,1.3475888624e-03,6.9944958666e-05,5.4230624645e-06,5.5311787506e-06,1.3344224920e-03,6.9867382643e-05,1.0000000000e+00,4.1921888688e+00,2.0679115636e+00,4.1921888688e+00,1.0000000000e+00,1.0002857242e+00,1.0000955859e+00,1.0002857242e+00,1.9925206412e+03,2.1251401469e+03,1.9617799705e+00,nan,3.9499920418e+00,4.2128982227e+00,3.8890514411e-03,nan,2.6835944865e+00,2.2302219051e-01,1.9786291490e+00,4.1909914012e+00,1.4575225084e+00,9.9022968301e-01,3.6292826410e-01,3.5860497452e-01,1.3385691302e-01,5.5509168429e-01,3.1575660335e-01,492712,53,44,40,1.3344224920e-03,4.8620059185e-01,4.9183795825e-01,3.0147790459e-02,-3.4710320631e+00,-2.8373512132e+03,2.7051164157e-02,-2.8373241621e+03,-1.8619461064e-04,447024,48,48,48,-4.9725191297e-04,1.0000000000e+00,5.9196220591e-01,5.4673009092e-02,-2.8501607374e+00,-1.3351360461e+00,-8.8851291007e-02,-1.4239873371e+00,1.1758346460e-04,2.8015920296e-02,5.4790592556e-02,1.3029489930e-04,5.1565741184e-04,0,0,0,2.3958248488e-04,3.1921888688e+00,3.1924284512e+00,9.3176175816e-07,2.8572417675e-04,2.8665593851e-04,4.7495061735e-03,2.3958248488e+00
55,5.5000000000e-03,1.0000000000e-04,-9.3790840409e-02,1.3521942637e-01,1.4252004346e+00,2.6907387578e-01,-2.1149531454e-01,2.1149531454e-01,1.3367962045e+00,3.4302686918e-01,1.1770447413e-01,1.1798202661e-01,1.9245006293e-01,1.2742156869e-01,0.0000000000e+00,0.0000000000e+00,0.0000000000e+00,0.0000000000e+00,2.2470642604e-05,3.2396206174e-05,3.4145306158e-04,6.4465387775e-05,2.2470642604e-05,2.4771210299e-05,4.9005515534e-04,3.5174834140e-05,-1.1138471903e+01,1.1138481550e+01,2.8315027994e+03,1.4699172823e+02,-1.1139400527e+01,1.1139400527e+01,2.8315272381e+03,1.4699503638e+02,9.2862444248e-04,2.9376666029e-03,3.7753707998e-01,2.7343076967e-02,0.0000000000e+00,0.0000000000e+00,0.0000000000e+00,0.0000000000e+00,5.2902241065e-06,5.2902286887e-06,1.3448240026e-03,6.9813812067e-05,5.4144252565e-06,5.5235137916e-06,1.3318161508e-03,6.9735550265e-05,1.0000000000e+00,4.1921888688e+00,2.0679115636e+00,4.1921888688e+00,1.0000000000e+00,1.0002857242e+00,1.0000955859e+00,1.0002857242e+00,1.9867400617e+03,2.1181442830e+03,1.9617404860e+00,nan,3.9385325654e+00,4.1990295549e+00,3.8889731667e-03,nan,2.7176862366e+00,2.2298118360e-01,1.9825409833e+00,4.1909914012e+00,1.4352050413e+00,9.9032746908e-01,3.5541137541e-01,3.5275994627e-01,1.1831935835e-01,5.5520832884e-01,3.1574158557e-01,484651,52,56,43,1.3318161508e-03,4.8753501434e-01,4.9176983456e-01,2.9961595848e-02,-3.4774192394e+00,-2.8315272381e+03,2.4438706141e-02,-2.8315027994e+03,-1.7976463086e-04,447024,48,48,48,-4.9005515534e-04,1.0000000000e+00,5.9146495400e-01,5.4790592556e-02,-2.8478879876e+00,-1.3367962045e+00,-8.8404230119e-02,-1.4252004346e+00,8.0008358650e-05,2.8047414235e-02,5.4870600915e-02,1.2652338069e-04,5.2242396357e-04,0,0,0,2.3958248488e-04,3.1921888688e+00,3.1924284512e+00,9.3176175816e-07,2.8572417675e-04,2.8665593851e-04,4.7495061735e-03,2.3958248488e+00
56,5.6000000000e-03,1.0000000000e-04,-9.3670398723e-02,1.3506991596e-01,1.4261907052e+00,2.6862106532e-01,-2.1139186732e-01,2.1139186732e-01,1.3382275967e+00,3.4263531658e-01,1.1772146859e-01,1.1799745965e-01,1.9245008290e-01,1.2743240250e-01,0.0000000000e+00,0.0000000000e+00,0.0000000000e+00,0.0000000000e+00,2.2441786886e-05,3.2360386098e-05,3.4169031308e-04,6.4356902322e-05,2.2441786886e-05,2.4740343715e-05,4.8311987983e-04,3.5039864768e-05,-1.1119815158e+01,1.1119824932e+01,2.8257865175e+03,1.4672435668e+02,-1.1120740226e+01,1.1120740226e+01,2.8258083478e+03,1.4672763711e+02,9.2506780154e-04,2.9384515419e-03,3.7754668783e-01,2.7346059389e-02,0.0000000000e+00,0.0000000000e+00,0.0000000000e+00,0.0000000000e+00,5.2813630741e-06,5.2813677163e-06,1.3421090510e-03,6.9686823784e-05,5.4059767559e-06,5.5160761334e-06,1.3292693983e-03,6.9607877514e-05,1.0000000000e+00,4.1921888688e+00,2.0679115636e+00,4.1921888688e+00,1.0000000000e+00,1.0002857242e+00,1.0000955859e+00,1.0002857242e+00,1.9813524988e+03,2.1116051969e+03,1.9617902063e+00,nan,3.9278522090e+00,4.1860664078e+00,3.8890717326e-03,nan,2.7514276555e+00,2.2295875098e-01,1.9865338515e+00,4.1909914012e+00,1.4139115490e+00,9.9043322694e-01,3.4726957099e-01,3.4597687414e-01,1.0276392666e-01,5.5531866460e-01,3.1572059798e-01,400552,43,44,40,1.3292693983e-03,4.8886683049e-01,4.9170105828e-01,2.9781831217e-02,-3.4836224456e+00,-2.8258083478e+03,2.1830308589e-02,-2.8257865175e+03,-1.7314384638e-04,447024,48,48,48,-4.8311987983e-04,1.0000000000e+00,5.9097489885e-01,5.4870600915e-02,-2.8463441457e+00,-1.3382275967e+00,-8.7963108510e-02,-1.4261907052e+00,4.6073813439e-05,2.8048317036e-02,5.4916674728e-02,1.2250866940e-04,5.2908429733e-04,0,0,0,2.3958248488e-04,3.1921888688e+00,3.1924284512e+00,9.3176175816e-07,2.8572417675e-04,2.8665593851e-04,4.7495061735e-03,2.3958248488e+00
57,5.7000000000e-03,1.0000000000e-04,-9.3545398755e-02,1.3491653891e-01,1.4269802593e+00,2.6816651809e-01,-2.1128388286e-01,2.1128388286e-01,1.3394525429e+00,3.4223997683e-01,1.1773848410e-01,1.1801291657e-01,1.9245008973e-01,1.2744327385e-01,0.0000000000e+00,0.0000000000e+00,0.0000000000e+00,0.0000000000e+00,2.2411839083e-05,3.2323639643e-05,3.4187947640e-04,6.4248000766e-05,2.2411839083e-05,2.4708415375e-05,4.7643167615e-04,3.4906236753e-05,-1.1101817059e+01,1.1101826956e+01,2.8201901828e+03,1.4646655692e+02,-1.1102738577e+01,1.1102738577e+01,2.8202094088e+03,1.4646980957e+02,9.2151750310e-04,2.9393838724e-03,3.7755005525e-01,2.7349057523e-02,0.0000000000e+00,0.0000000000e+00,0.0000000000e+00,0.0000000000e+00,5.2728148660e-06,5.2728195666e-06,1.3394510684e-03,6.9564381629e-05,5.3980464882e-06,5.5085949327e-06,1.3267896624e-03,6.9484741149e-05,1.0000000000e+00,4.1921888688e+00,2.0679115636e+00,4.1921888688e+00,1.0000000000e+00,1.0002857242e+00,1.0000955859e+00,1.0002857242e+00,1.9763344057e+03,2.1054940869e+03,1.9618076343e+00,nan,3.9179042932e+00,4.1739516846e+00,3.8891062821e-03,nan,2.7848477102e+00,2.2294407995e-01,1.9906110659e+00,4.1909914012e+00,1.3935661806e+00,9.9054731728e-01,3.3829844132e-01,3.3808677461e-01,8.7232368325e-02,5.5542555771e-01,3.1568841445e-01,484360,52,53,40,1.3267896624e-03,4.9019609989e-01,4.9163165107e-01,2.9608687371e-02,-3.4896315947e+00,-2.8202094088e+03,1.9225971747e-02,-2.8201901828e+03,-1.6639814743e-04,447024,48,48,48,-4.7643167615e-04,1.0000000000e+00,5.9049177897e-01,5.4916674728e-02,-2.8454560670e+00,-1.3394525429e+00,-8.7527716380e-02,-1.4269802593e+00,1.5762163152e-05,2.7948381793e-02,5.4932436891e-02,1.1827926491e-04,5.3571360191e-04,0,0,0,2.3958248488e-04,3.1921888688e+00,3.1924284512e+00,9.3176175816e-07,2.8572417675e-04,2.8665593851e-04,4.7495061735e-03,2.3958248488e+00
58,5.8000000000e-03,1.0000000000e-04,-9.3416899952e-02,1.3476055333e-01,1.4275901776e+00,2.6771318171e-01,-2.1117242022e-01,2.1117242022e-01,1.3404923223e+00,3.4184361348e-01,1.1775552027e-01,1.1802839697e-01,1.9245008450e-01,1.2745418209e-01,0.0000000000e+00,0.0000000000e+00,0.0000000000e+00,0.0000000000e+00,2.2381053020e-05,3.2286268232e-05,3.4202560214e-04,6.4139389311e-05,2.2381053020e-05,2.4675524005e-05,4.6997688712e-04,3.4774092733e-05,-1.1084535714e+01,1.1084545730e+01,2.8147261190e+03,1.4621900578e+02,-1.1085453688e+01,1.1085453688e+01,2.8147427446e+03,1.4622223055e+02,9.1797408382e-04,2.9403087816e-03,3.7754794955e-01,2.7352071647e-02,0.0000000000e+00,0.0000000000e+00,0.0000000000e+00,0.0000000000e+00,5.2646070804e-06,5.2646118374e-06,1.3368559079e-03,6.9446807063e-05,5.3905731797e-06,5.5014872248e-06,1.3243863051e-03,6.9366459993e-05,1.0000000000e+00,4.1921888688e+00,2.0679115636e+00,4.1921888688e+00,1.0000000000e+00,1.0002857242e+00,1.0000955859e+00,1.0002857242e+00,1.9716625703e+03,2.0997828169e+03,1.9617967461e+00,nan,3.9086428019e+00,4.1626296083e+00,3.8890846972e-03,nan,2.8179817803e+00,2.2295320754e-01,1.9947741132e+00,4.1909914012e+00,1.3740985592e+00,9.9067244067e-01,3.2848599158e-01,3.2914173921e-01,7.1778539517e-02,5.5553120444e-01,3.1565065274e-01,401320,43,52,40,1.3243863051e-03,4.9152288955e-01,4.9156163598e-01,2.9442289224e-02,-3.4954388160e+00,-2.8147427446e+03,1.6625679846e-02,-2.8147261190e+03,-1.5957686491e-04,447024,48,48,48,-4.6997688712e-04,1.0000000000e+00,5.9001534729e-01,5.4932436891e-02,-2.8451524103e+00,-1.3404923223e+00,-8.7097855279e-02,-1.4275901776e+00,-1.0997837719e-05,2.7854222825e-02,5.4921439054e-02,1.1386452778e-04,5.4226952463e-04,0,0,0,2.3958248488e-04,3.1921888688e+00,3.1924284512e+00,9.3176175816e-07,2.8572417675e-04,2.8665593851e-04,4.7495061735e-03,2.3958248488e+00
59,5.9000000000e-03,1.0000000000e-04,-9.3285925764e-02,1.3460310175e-01,1.4280404770e+00,2.6726382045e-01,-2.1105850228e-01,2.1105850228e-01,1.3413671395e+00,3.4144883369e-01,1.1777257651e-01,1.1804390031e-01,1.9245006629e-01,1.2746512644e-01,0.0000000000e+00,0.0000000000e+00,0.0000000000e+00,0.0000000000e+00,2.2349673899e-05,3.2248545590e-05,3.4213348600e-04,6.4031730223e-05,2.2349673899e-05,2.4641924636e-05,4.6374257635e-04,3.4643572688e-05,-1.1068020438e+01,1.1068030574e+01,2.8094046395e+03,1.4598226718e+02,-1.1068934876e+01,1.1068934876e+01,2.8094186689e+03,1.4598546398e+02,9.1443772050e-04,2.9411989448e-03,3.7754999868e-01,2.7355102218e-02,0.0000000000e+00,0.0000000000e+00,0.0000000000e+00,0.0000000000e+00,5.2567631400e-06,5.2567679540e-06,1.3343284679e-03,6.9334367918e-05,5.3834787095e-06,5.4947861340e-06,1.3220556056e-03,6.9253301198e-05,1.0000000000e+00,4.1921888688e+00,2.0679115636e+00,4.1921888688e+00,1.0000000000e+00,1.0002857242e+00,1.0000955859e+00,1.0002857242e+00,1.9673144317e+03,2.0944442324e+03,1.9618075793e+00,nan,3.9000230100e+00,4.1520463471e+00,3.8891061730e-03,nan,2.8508393946e+00,2.2298526658e-01,1.9990230748e+00,4.1909914012e+00,1.3554434024e+00,9.9080221806e-01,3.1797182009e-01,3.1935363849e-01,5.6459140021e-02,5.5564391968e-01,3.1561796082e-01,484360,52,53,40,1.3220556056e-03,4.9284727585e-01,4.9149103718e-01,2.9282712359e-02,-3.5010379500e+00,-2.8094186689e+03,1.4029397358e-02,-2.8094046395e+03,-1.5271487132e-04,447024,48,48,48,-4.6374257635e-04,1.0000000000e+00,5.8954537040e-01,5.4921439054e-02,-2.8453642740e+00,-1.3413671395e+00,-8.6673337552e-02,-1.4280404770e+00,-3.4320841999e-05,2.7766938575e-02,5.4887118212e-02,1.0929448416e-04,5.4873704280e-04,0,0,0,2.3958248488e-04,3.1921888688e+00,3.1924284512e+00,9.3176175816e-07,2.8572417675e-04,2.8665593851e-04,4.7495061735e-03,2.3958248488e+00
60,6.0000000000e-03,1.0000000000e-04,-9.3153457826e-02,1.3444530080e-01,1.4283500942e+00,2.6682100870e-01,-2.1094310995e-01,2.1094310995e-01,1.3420961083e+00,3.4105807922e-01,1.1778965212e-01,1.1805942591e-01,1.9245007818e-01,1.2747610598e-01,0.0000000000e+00,0.0000000000e+00,0.0000000000e+00,0.0000000000e+00,2.2317936901e-05,3.2210739246e-05,3.4220766484e-04,6.3925640282e-05,2.2317936901e-05,2.4607832762e-05,4.5771649629e-04,3.4514809759e-05,-1.1052313537e+01,1.1052323793e+01,2.8042345298e+03,1.4575681693e+02,-1.1053224446e+01,1.1053224446e+01,2.8042459669e+03,1.4575998565e+02,9.1090818384e-04,2.9420546756e-03,3.7754800365e-01,2.7358149819e-02,0.0000000000e+00,0.0000000000e+00,0.0000000000e+00,0.0000000000e+00,5.2493031378e-06,5.2493080088e-06,1.3318729211e-03,6.9227290184e-05,5.3768024762e-06,5.4883848755e-06,1.3198031181e-03,6.9145490705e-05,1.0000000000e+00,4.1921888688e+00,2.0679115636e+00,4.1921888688e+00,1.0000000000e+00,1.0002857242e+00,1.0000955859e+00,1.0002857242e+00,1.9632683481e+03,2.0894524241e+03,1.9617970916e+00,nan,3.8920020151e+00,4.1421505384e+00,3.8890853821e-03,nan,2.8834510637e+00,2.2303406109e-01,2.0033571440e+00,4.1909914012e+00,1.3375401644e+00,9.9093772174e-01,3.0689000236e-01,3.0892009734e-01,4.1313094763e-02,5.5575635693e-01,3.1558342335e-01,410632,44,53,40,1.3198031181e-03,4.9416933146e-01,4.9141987983e-01,2.9129997487e-02,-3.5064240946e+00,-2.8042459669e+03,1.1437094688e-02,-2.8042345298e+03,-1.4583471585e-04,447024,48,48,48,-4.5771649629e-04,1.0000000000e+00,5.8908162783e-01,5.4887118212e-02,-2.8460256920e+00,-1.3420961083e+00,-8.6253985820e-02,-1.4283500942e+00,-5.4355257051e-05,2.7687566524e-02,5.4832762955e-02,1.0459957933e-04,5.5687945855e-04,0,0,0,2.3958248488e-04,3.1921888688e+00,3.1924284512e+00,9.3176175816e-07,2.8572417675e-04,2.8665593851e-04,4.7495061735e-03,2.3958248488e+00
61,6.1000000000e-03,1.0000000000e-04,-9.3020430765e-02,1.3428824285e-01,1.4285368825e+00,2.6638712610e-01,-2.1082717700e-01,2.1082717700e-01,1.3426972501e+00,3.4067361923e-01,1.1780674623e-01,1.1807497297e-01,1.9245008897e-01,1.2748711965e-01,0.0000000000e+00,0.0000000000e+00,0.0000000000e+00,0.0000000000e+00,2.2286065948e-05,3.2173110914e-05,3.4225241606e-04,6.3821689612e-05,2.2286065948e-05,2.4573566381e-05,4.5188705691e-04,3.4387926767e-05,-1.1037451960e+01,1.1037462334e+01,2.7998284695e+03,1.4554306631e+02,-1.1038359345e+01,1.1038359345e+01,2.7998633154e+03,1.4554620683e+02,9.0738530557e-04,2.9428763450e-03,3.7754024148e-01,2.7361214730e-02,0.0000000000e+00,0.0000000000e+00,0.0000000000e+00,0.0000000000e+00,5.2422446225e-06,5.2422495495e-06,1.3297802600e-03,6.9125769193e-05,5.3703735161e-06,5.4825332911e-06,1.3176312680e-03,6.9043238662e-05,1.0000000000e+00,4.1921888688e+00,2.0679115636e+00,4.1921888688e+00,1.0000000000e+00,1.0002857242e+00,1.0000955859e+00,1.0002857242e+00,1.9599273240e+03,2.0852528858e+03,1.9617566482e+00,nan,3.8853787370e+00,4.1338253333e+00,3.8890052068e-03,nan,2.9158420182e+00,2.2310694370e-01,2.0077755525e+00,4.1909914012e+00,1.3203327010e+00,9.9086391010e-01,2.9558250466e-01,2.9823841169e-01,2.6391851952e-02,5.5586908440e-01,3.1555541651e-01,409688,44,43,56,1.3176312680e-03,4.9548913458e-01,4.9134818990e-01,2.8984162771e-02,-3.5115932089e+00,-2.7992323346e+03,8.8487300579e-03,-2.7992234858e+03,-1.3894875076e-04,447024,48,48,48,-4.5188705691e-04,1.0000000000e+00,5.8862391133e-01,5.4832762955e-02,-2.8470740028e+00,-1.3426972501e+00,-8.5839632462e-02,-1.4285368825e+00,-7.1274570800e-05,2.7617064623e-02,5.4761488384e-02,9.9810345673e-05,5.6543712341e-04,0,0,0,2.3958248488e-04,3.1921888688e+00,3.1924284512e+00,9.3176175816e-07,2.8572417675e-04,2.8665593851e-04,4.7495061735e-03,2.3958248488e+00
62,6.2000000000e-03,1.0000000000e-04,-9.2887727701e-02,1.3413293805e-01,1.4286176205e+00,2.6596435411e-01,-2.1071158555e-01,2.1071158555e-01,1.3431875014e+00,3.4029754467e-01,1.1782385785e-01,1.1809054059e-01,1.9245008791e-01,1.2749816632e-01,0.0000000000e+00,0.0000000000e+00,0.0000000000e+00,0.0000000000e+00,2.2254272618e-05,3.2135902604e-05,3.4227175947e-04,6.3720400849e-05,2.2254272618e-05,2.4539265596e-05,4.4624329533e-04,3.4263033448e-05,-1.1023468659e+01,1.1023479148e+01,2.7958081176e+03,1.4534137961e+02,-1.1024372527e+01,1.1024372527e+01,2.7958404416e+03,1.4534449182e+02,9.0386817607e-04,2.9436635791e-03,3.7752667229e-01,2.7364297421e-02,0.0000000000e+00,0.0000000000e+00,0.0000000000e+00,0.0000000000e+00,5.2356032451e-06,5.2356082268e-06,1.3278707914e-03,6.9029977973e-05,5.3642312262e-06,5.4769923519e-06,1.3155436297e-03,6.8946714336e-05,1.0000000000e+00,4.1921888688e+00,2.0679115636e+00,4.1921888688e+00,1.0000000000e+00,1.0002857242e+00,1.0000955859e+00,1.0002857242e+00,1.9570024039e+03,2.0814967670e+03,1.9616861514e+00,nan,3.8795803471e+00,4.1263791674e+00,3.8888654533e-03,nan,2.9480412222e+00,2.2319300186e-01,2.0122770052e+00,4.1909914012e+00,1.3037689584e+00,9.9071659549e-01,2.8437993176e-01,2.8767792425e-01,1.1739043727e-02,5.5598425275e-01,3.1552372949e-01,401320,43,52,40,1.3155436297e-03,4.9680676585e-01,4.9127599409e-01,2.8845214021e-02,-3.5165417771e+00,-2.7943847506e+03,6.2642557069e-03,-2.7943784864e+03,-1.3206122716e-04,447024,48,48,48,-4.4624329533e-04,1.0000000000e+00,5.8817202427e-01,5.4761488384e-02,-2.8484501087e+00,-1.3431875014e+00,-8.5430119132e-02,-1.4286176205e+00,-8.5269310509e-05,2.7556293847e-02,5.4676219073e-02,9.4957113336e-05,5.7393689606e-04,0,0,0,2.3958248488e-04,3.1921888688e+00,3.1924284512e+00,9.3176175816e-07,2.8572417675e-04,2.8665593851e-04,4.7495061735e-03,2.3958248488e+00
63,6.3000000000e-03,1.0000000000e-04,-9.2756176436e-02,1.3398032568e-01,1.4286080286e+00,2.6555467391e-01,-2.1059716231e-01,2.1059716231e-01,1.3435827323e+00,3.3993176425e-01,1.1784098588e-01,1.1810612776e-01,1.9245007458e-01,1.2750924475e-01,0.0000000000e+00,0.0000000000e+00,0.0000000000e+00,0.0000000000e+00,2.2222755239e-05,3.2099339352e-05,3.4226946142e-04,6.3622248649e-05,2.2222755239e-05,2.4505072975e-05,4.4077484619e-04,3.4140224381e-05,-1.1010393800e+01,1.1010404403e+01,2.7919594105e+03,1.4515209152e+02,-1.1011294156e+01,1.1011294156e+01,2.7919892150e+03,1.4515517531e+02,9.0035596849e-04,2.9444160746e-03,3.7753388833e-01,2.7367398132e-02,0.0000000000e+00,0.0000000000e+00,0.0000000000e+00,0.0000000000e+00,5.2293933327e-06,5.2293983685e-06,1.3260428456e-03,6.8940075475e-05,5.3587333455e-06,5.4714500691e-06,1.3135426580e-03,6.8856063269e-05,1.0000000000e+00,4.1921888688e+00,2.0679115636e+00,4.1921888688e+00,1.0000000000e+00,1.0002857242e+00,1.0000955859e+00,1.0002857242e+00,1.9543215176e+03,2.0780180839e+03,1.9617237830e+00,nan,3.8742657324e+00,4.1194829926e+00,3.8889400544e-03,nan,2.9800762664e+00,2.2327826058e-01,2.0168603024e+00,4.1909914012e+00,1.2878006830e+00,9.9057331542e-01,2.7392064831e-01,2.7790810557e-01,-2.6055986427e-03,5.5610103429e-01,3.1547965645e-01,483400,52,43,40,1.3135426580e-03,4.9812230948e-01,4.9120331976e-01,2.8713152794e-02,-3.5212665356e+00,-2.7897097845e+03,3.6836157001e-03,-2.7897061009e+03,-1.2517032486e-04,447024,48,48,48,-4.4077484619e-04,1.0000000000e+00,5.8772578098e-01,5.4676219073e-02,-2.8500986311e+00,-1.3435827323e+00,-8.5025296278e-02,-1.4286080286e+00,-9.6540229913e-05,2.7506002200e-02,5.4579678843e-02,9.0069653272e-05,5.8236993976e-04,0,0,0,2.3958248488e-04,3.1921888688e+00,3.1924284512e+00,9.3176175816e-07,2.8572417675e-04,2.8665593851e-04,4.7495061735e-03,2.3958248488e+00
64,6.4000000000e-03,1.0000000000e-04,-9.2626546378e-02,1.3383127247e-01,1.4285227933e+00,2.6515986559e-01,-2.1048467549e-01,2.1048467549e-01,1.3438977706e+00,3.3957800202e-01,1.1785812911e-01,1.1812174308e-01,1.9245007054e-01,1.2752035364e-01,0.0000000000e+00,0.0000000000e+00,0.0000000000e+00,0.0000000000e+00,2.2191698147e-05,3.2063628813e-05,3.4224904052e-04,6.3527659490e-05,2.2191698147e-05,2.4471196321e-05,4.3547191300e-04,3.4019577582e-05,-1.0998255692e+01,1.0998266409e+01,2.7882883533e+03,1.4497551876e+02,-1.0999152541e+01,1.0999152541e+01,2.7883156405e+03,1.4497857404e+02,8.9684919906e-04,2.9451348740e-03,3.7754340286e-01,2.7370517193e-02,0.0000000000e+00,0.0000000000e+00,0.0000000000e+00,0.0000000000e+00,5.2236283308e-06,5.2236334206e-06,1.3242992747e-03,6.8856212136e-05,5.3535849711e-06,5.4664317477e-06,1.3116337106e-03,6.8771443083e-05,1.0000000000e+00,4.1921888688e+00,2.0679115636e+00,4.1921888688e+00,1.0000000000e+00,1.0002857242e+00,1.0000955859e+00,1.0002857242e+00,1.9518682981e+03,2.0747974300e+03,1.9617732631e+00,nan,3.8694024466e+00,4.1130983374e+00,3.8890381443e-03,nan,3.0119823378e+00,2.2338228487e-01,2.0215254854e+00,4.1909914012e+00,1.2723831522e+00,9.9043602575e-01,2.6594952043e-01,2.7072735936e-01,-1.6600397206e-02,5.5621856258e-01,3.1543934562e-01,492712,53,44,40,1.3116337106e-03,4.9943585213e-01,4.9113019492e-01,2.8587982469e-02,-3.5257642651e+00,-2.7852138332e+03,1.1067481963e-03,-2.7852127264e+03,-1.1827008192e-04,447024,48,48,48,-4.3547191300e-04,1.0000000000e+00,5.8728500613e-01,5.4579678843e-02,-2.8519679818e+00,-1.3438977706e+00,-8.4625022700e-02,-1.4285227933e+00,-1.0529238712e-04,2.7466810538e-02,5.4474386456e-02,8.5176857356e-05,5.9075661261e-04,0,0,0,2.3958248488e-04,3.1921888688e+00,3.1924284512e+00,9.3176175816e-07,2.8572417675e-04,2.8665593851e-04,4.7495061735e-03,2.3958248488e+00
65,6.5000000000e-03,1.0000000000e-04,-9.2499546171e-02,1.3368656849e-01,1.4283755975e+00,2.6478150856e-01,-2.1037483245e-01,2.1037483245e-01,1.3441464324e+00,3.3923779639e-01,1.1787528628e-01,1.1813737603e-01,1.9245008617e-01,1.2753149162e-01,0.0000000000e+00,0.0000000000e+00,0.0000000000e+00,0.0000000000e+00,2.2161271122e-05,3.2028960275e-05,3.4221377499e-04,6.3437011772e-05,2.2161271122e-05,2.4437695376e-05,4.3032524013e-04,3.3901153719e-05,-1.0987081510e+01,1.0987092339e+01,2.7848008404e+03,1.4481196938e+02,-1.0987974857e+01,1.0987974857e+01,2.7848256126e+03,1.4481499603e+02,8.9334717173e-04,2.9459789339e-03,3.7754874355e-01,2.7373655138e-02,0.0000000000e+00,0.0000000000e+00,0.0000000000e+00,0.0000000000e+00,5.2183211459e-06,5.2183262894e-06,1.3226428783e-03,6.8778534255e-05,5.3486683187e-06,5.4620663769e-06,1.3106265814e-03,6.8693004382e-05,1.0000000000e+00,4.1921888688e+00,2.0679115636e+00,4.1921888688e+00,1.0000000000e+00,1.0002857242e+00,1.0000955859e+00,1.0002857242e+00,1.9496278467e+03,2.0718171365e+03,1.9618008547e+00,nan,3.8649609543e+00,4.1071901751e+00,3.8890928422e-03,nan,3.0456651369e+00,2.2350988065e-01,2.0262733520e+00,4.1909914012e+00,1.2574749224e+00,9.9091493468e-01,2.5917964484e-01,2.6485055127e-01,-3.0211425432e-02,5.5633448716e-01,3.1540257342e-01,392298,42,54,42,1.3106265814e-03,4.6376478730e-01,4.8892507166e-01,2.8473039641e-02,-3.5299113577e+00,-2.7731419098e+03,7.0713174033e-02,-2.7730711966e+03,-1.1094821267e-04,447024,48,48,48,-4.3032524013e-04,1.0000000000e+00,5.8684953422e-01,5.4474386456e-02,-2.8540103598e+00,-1.3441464324e+00,-8.4229165102e-02,-1.4283755975e+00,-1.1173025147e-04,2.7439200572e-02,5.4362656205e-02,8.0306451035e-05,5.9902976382e-04,0,0,0,2.3958248488e-04,3.1921888688e+00,3.1924284512e+00,9.3176175816e-07,2.8572417675e-04,2.8665593851e-04,4.7495061735e-03,2.3958248488e+00
66,6.6000000000e-03,1.0000000000e-04,-9.2375822056e-02,1.3354692723e-01,1.4281791562e+00,2.6442098307e-01,-2.1026827808e-01,2.1026827808e-01,1.3443415585e+00,3.3891250058e-01,1.1789245603e-01,1.1815302513e-01,1.9245008955e-01,1.2754265728e-01,0.0000000000e+00,0.0000000000e+00,0.0000000000e+00,0.0000000000e+00,2.2131628991e-05,3.1995504674e-05,3.4216671109e-04,6.3350636179e-05,2.2131628991e-05,2.4404586477e-05,4.2532608555e-04,3.3784995904e-05,-1.0976897768e+01,1.0976908706e+01,2.7815027742e+03,1.4466175018e+02,-1.0977787616e+01,1.0977787616e+01,2.7815250335e+03,1.4466474812e+02,8.8984866819e-04,2.9469811824e-03,3.7754998286e-01,2.7376812258e-02,0.0000000000e+00,0.0000000000e+00,0.0000000000e+00,0.0000000000e+00,5.2134843714e-06,5.2134895663e-06,1.3210764598e-03,6.8707187554e-05,5.3440898625e-06,5.4582273195e-06,1.3099883731e-03,6.8620896509e-05,1.0000000000e+00,4.1921888688e+00,2.0679115636e+00,4.1921888688e+00,1.0000000000e+00,1.0002857242e+00,1.0000955859e+00,1.0002857242e+00,1.9475867311e+03,2.0690612560e+03,1.9618072600e+00,nan,3.8609146271e+00,4.1017268911e+00,3.8891055400e-03,nan,3.0799624514e+00,2.2365580030e-01,2.0311056631e+00,4.1909914012e+00,1.2430375947e+00,9.9160677900e-01,2.5224645265e-01,2.5890288675e-01,-4.3402800831e-02,5.5644951463e-01,3.1536522964e-01,501750,54,42,54,1.3099883731e-03,4.6507541388e-01,4.8885530093e-01,2.8362091428e-02,-3.5339297684e+00,-2.7711645990e+03,6.8181040632e-02,-2.7710964179e+03,-1.0406825211e-04,447024,48,48,48,-4.2532608555e-04,1.0000000000e+00,5.8641920898e-01,5.4362656205e-02,-2.8561816867e+00,-1.3443415585e+00,-8.3837597689e-02,-1.4281791562e+00,-1.1605375611e-04,2.7423505400e-02,5.4246602449e-02,7.5484696721e-05,6.0710523626e-04,0,0,0,2.3958248488e-04,3.1921888688e+00,3.1924284512e+00,9.3176175816e-07,2.8572417675e-04,2.8665593851e-04,4.7495061735e-03,2.3958248488e+00
67,6.7000000000e-03,1.0000000000e-04,-9.2255956919e-02,1.3341297974e-01,1.4279452560e+00,2.6407947281e-01,-2.1016559388e-01,2.1016559388e-01,1.3444950543e+00,3.3860328440e-01,1.1790963696e-01,1.1816868913e-01,1.9245008100e-01,1.2755384918e-01,0.0000000000e+00,0.0000000000e+00,0.0000000000e+00,0.0000000000e+00,2.2102911404e-05,3.1963413203e-05,3.4211067271e-04,6.3268816303e-05,2.2102911404e-05,2.4372066340e-05,4.2046619413e-04,3.3671129983e-05,-1.0967730536e+01,1.0967741576e+01,2.7784001330e+03,1.4452516890e+02,-1.0968616889e+01,1.0968616889e+01,2.7784198815e+03,1.4452813805e+02,8.8635283171e-04,2.9481440925e-03,3.7754719063e-01,2.7379988789e-02,0.0000000000e+00,0.0000000000e+00,0.0000000000e+00,0.0000000000e+00,5.2091303892e-06,5.2091356323e-06,1.3196028584e-03,6.8642318190e-05,5.3399197809e-06,5.4549286538e-06,1.3094465005e-03,6.8555259693e-05,1.0000000000e+00,4.1921888688e+00,2.0679115636e+00,4.1921888688e+00,1.0000000000e+00,1.0002857242e+00,1.0000955859e+00,1.0002857242e+00,1.9457329483e+03,2.0665155091e+03,1.9617928382e+00,nan,3.8572396703e+00,4.0966801779e+00,3.8890769502e-03,nan,3.1142729638e+00,2.2381888256e-01,2.0360249189e+00,4.1909914012e+00,1.2290355948e+00,9.9230347387e-01,2.4480384548e-01,2.5256153143e-01,-5.6139272796e-02,5.5656365992e-01,3.1532927032e-01,502902,54,54,54,1.3094465005e-03,4.6638540225e-01,4.8878515130e-01,2.8258023176e-02,-3.5377128898e+00,-2.7693759561e+03,6.5647317696e-02,-2.7693103088e+03,-9.7130032556e-05,447024,48,48,48,-4.2046619413e-04,1.0000000000e+00,5.8599388289e-01,5.4246602449e-02,-2.8584414932e+00,-1.3444950543e+00,-8.3450201760e-02,-1.4279452560e+00,-1.1845522287e-04,2.7419902916e-02,5.4128147226e-02,7.0736138224e-05,6.1496570539e-04,0,0,0,2.3958248488e-04,3.1921888688e+00,3.1924284512e+00,9.3176175816e-07,2.8572417675e-04,2.8665593851e-04,4.7495061735e-03,2.3958248488e+00
68,6.8000000000e-03,1.0000000000e-04,-9.2140470006e-02,1.3328526562e-01,1.4276847987e+00,2.6375796851e-01,-2.1006729764e-01,2.1006729764e-01,1.3446179334e+00,3.3831113728e-01,1.1792682763e-01,1.1818436676e-01,1.9245005986e-01,1.2756506587e-01,0.0000000000e+00,0.0000000000e+00,0.0000000000e+00,0.0000000000e+00,2.2075242762e-05,3.1932815134e-05,3.4204827171e-04,6.3191789503e-05,2.2075242762e-05,2.4340316657e-05,4.1573777149e-04,3.3559565270e-05,-1.0959605448e+01,1.0959616582e+01,2.7754989178e+03,1.4440253356e+02,-1.0960488307e+01,1.0960488307e+01,2.7755161573e+03,1.4440547384e+02,8.8285902582e-04,2.9492712021e-03,3.7754043411e-01,2.7383185002e-02,0.0000000000e+00,0.0000000000e+00,0.0000000000e+00,0.0000000000e+00,5.2052713734e-06,5.2052766616e-06,1.3182249244e-03,6.8584072460e-05,5.3363088676e-06,5.4521704688e-06,1.3090050691e-03,6.8496235505e-05,1.0000000000e+00,4.1921888688e+00,2.0679115636e+00,4.1921888688e+00,1.0000000000e+00,1.0002857242e+00,1.0000955859e+00,1.0002857242e+00,1.9440558029e+03,2.0641671424e+03,1.9617579459e+00,nan,3.8539148812e+00,4.0920247533e+00,3.8890077792e-03,nan,3.1486315627e+00,2.2399751596e-01,2.0410346485e+00,4.1909914012e+00,1.2154359658e+00,9.9300585571e-01,2.3572596015e-01,2.4462548052e-01,-6.8380942727e-02,5.5667661914e-01,3.1529050994e-01,391146,42,42,42,1.3090050691e-03,4.6769484875e-01,4.8871465310e-01,2.8160893143e-02,-3.5412560153e+00,-2.7677841042e+03,6.3111928493e-02,-2.7677209923e+03,-9.0128549089e-05,447024,48,48,48,-4.1573777149e-04,1.0000000000e+00,5.8557341670e-01,5.4128147226e-02,-2.8607527657e+00,-1.3446179334e+00,-8.3066865334e-02,-1.4276847987e+00,-1.1911708914e-04,2.7428412393e-02,5.4009030137e-02,6.6083391753e-05,6.2261258693e-04,0,0,0,2.3958248488e-04,3.1921888688e+00,3.1924284512e+00,9.3176175816e-07,2.8572417675e-04,2.8665593851e-04,4.7495061735e-03,2.3958248488e+00
69,6.9000000000e-03,1.0000000000e-04,-9.2029817267e-02,1.3316424643e-01,1.4274078469e+00,2.6345727243e-01,-2.0997384385e-01,2.0997384385e-01,1.3447203641e+00,3.3803687243e-01,1.1794402658e-01,1.1820005670e-01,1.9245008079e-01,1.2757630591e-01,0.0000000000e+00,0.0000000000e+00,0.0000000000e+00,0.0000000000e+00,2.2048732304e-05,3.1903821057e-05,3.4198191889e-04,6.3119747990e-05,2.2048732304e-05,2.4309370410e-05,4.1113345858e-04,3.3450295655e-05,-1.0952547491e+01,1.0952558716e+01,2.7728050842e+03,1.4429414924e+02,-1.0953426858e+01,1.0953426858e+01,2.7728369116e+03,1.4429706057e+02,8.7936715100e-04,2.9503629239e-03,3.7753750689e-01,2.7386401208e-02,0.0000000000e+00,0.0000000000e+00,0.0000000000e+00,0.0000000000e+00,5.2019191922e-06,5.2019245239e-06,1.3169454865e-03,6.8532595262e-05,5.3331582923e-06,5.4500433491e-06,1.3086647170e-03,6.8443973162e-05,1.0000000000e+00,4.1921888688e+00,2.0679115636e+00,4.1921888688e+00,1.0000000000e+00,1.0002857242e+00,1.0000955859e+00,1.0002857242e+00,1.9425457765e+03,2.0620174913e+03,1.9617425223e+00,nan,3.8509213902e+00,4.0877632643e+00,3.8889772033e-03,nan,3.1830654735e+00,2.2419516661e-01,2.0461395579e+00,4.1909914012e+00,1.2022081749e+00,9.9371213947e-01,2.2297339710e-01,2.3281310707e-01,-8.0086247938e-02,5.5678906166e-01,3.1525220670e-01,392310,42,54,54,1.3086647170e-03,4.6900385382e-01,4.8864383743e-01,2.8070764594e-02,-3.5445543699e+00,-2.7663971433e+03,6.0574787265e-02,-2.7663365685e+03,-8.3062608146e-05,447024,48,48,48,-4.1113345858e-04,1.0000000000e+00,5.8515767893e-01,5.4009030137e-02,-2.8630817661e+00,-1.3447203641e+00,-8.2687482789e-02,-1.4274078469e+00,-1.1821034288e-04,2.7448894489e-02,5.3890819794e-02,6.1546967276e-05,6.3005525538e-04,0,0,0,2.3958248488e-04,3.1921888688e+00,3.1924284512e+00,9.3176175816e-07,2.8572417675e-04,2.8665593851e-04,4.7495061735e-03,2.3958248488e+00
70,7.0000000000e-03,1.0000000000e-04,-9.1924392277e-02,1.3305030504e-01,1.4271236712e+00,2.6317800385e-01,-2.0988562460e-01,2.0988562460e-01,1.3448117167e+00,3.3778113209e-01,1.1796123232e-01,1.1821575765e-01,1.9245008946e-01,1.2758756784e-01,0.0000000000e+00,0.0000000000e+00,0.0000000000e+00,0.0000000000e+00,2.2023474323e-05,3.1876522696e-05,3.4191383538e-04,6.3052840130e-05,2.2023474323e-05,2.4279315227e-05,4.0664630680e-04,3.3343301010e-05,-1.0946580611e+01,1.0946591926e+01,2.7709277826e+03,1.4420031208e+02,-1.0947456488e+01,1.0947456488e+01,2.7709626327e+03,1.4420319441e+02,8.7587666729e-04,2.9514192299e-03,3.7754668620e-01,2.7389637813e-02,0.0000000000e+00,0.0000000000e+00,0.0000000000e+00,0.0000000000e+00,5.1990852192e-06,5.1990905931e-06,1.3160538610e-03,6.8488027246e-05,5.3305750287e-06,5.4485235234e-06,1.3084305965e-03,6.8398605789e-05,1.0000000000e+00,4.1921888688e+00,2.0679115636e+00,4.1921888688e+00,1.0000000000e+00,1.0002857242e+00,1.0000955859e+00,1.0002857242e+00,1.9416171413e+03,2.0604837082e+03,1.9617901310e+00,nan,3.8490804549e+00,4.0847226779e+00,3.8890715833e-03,nan,3.2176133771e+00,2.2441009858e-01,2.0513447594e+00,4.1909914012e+00,1.1893239311e+00,9.9420748290e-01,2.0561204565e-01,2.1601248180e-01,-9.1209515724e-02,5.5690098081e-01,3.1521296196e-01,502902,54,54,54,1.3084305965e-03,4.7031251854e-01,4.8857273607e-01,2.7987701986e-02,-3.5476032578e+00,-2.7652229613e+03,5.8035806001e-02,-2.7651649255e+03,-7.5935683126e-05,447024,48,48,48,-4.0664630680e-04,1.0000000000e+00,5.8474654547e-01,5.3890819794e-02,-2.8653978307e+00,-1.3448117167e+00,-8.2311954518e-02,-1.4271236712e+00,-1.1589358901e-04,2.7481054827e-02,5.3774926205e-02,5.7145140448e-05,6.3932748739e-04,0,0,0,2.3958248488e-04,3.1921888688e+00,3.1924284512e+00,9.3176175816e-07,2.8572417675e-04,2.8665593851e-04,4.7495061735e-03,2.3958248488e+00
71,7.1000000000e-03,1.0000000000e-04,-9.1824527693e-02,1.3294374318e-01,1.4268407988e+00,2.6292060525e-01,-2.0980297106e-01,2.0980297106e-01,1.3449006122e+00,3.3754439371e-01,1.1797844337e-01,1.1823146832e-01,1.9245008601e-01,1.2759885026e-01,0.0000000000e+00,0.0000000000e+00,0.0000000000e+00,0.0000000000e+00,2.1999548518e-05,3.1850992341e-05,3.4184606412e-04,6.2991171932e-05,2.1999548518e-05,2.4250153067e-05,4.0226975408e-04,3.3238548830e-05,-1.0941727157e+01,1.0941738556e+01,2.7692764853e+03,1.4412130160e+02,-1.0942599544e+01,1.0942599544e+01,2.7693088039e+03,1.4412415485e+02,8.7238740138e-04,2.9524404530e-03,3.7755004395e-01,2.7392895188e-02,0.0000000000e+00,0.0000000000e+00,0.0000000000e+00,0.0000000000e+00,5.1967800681e-06,5.1967854821e-06,1.3152695763e-03,6.8450501169e-05,5.3289768787e-06,5.4472756693e-06,1.3083093827e-03,6.8360253322e-05,1.0000000000e+00,4.1921888688e+00,2.0679115636e+00,4.1921888688e+00,1.0000000000e+00,1.0002857242e+00,1.0000955859e+00,1.0002857242e+00,1.9408447583e+03,2.0591178104e+03,1.9618076135e+00,nan,3.8475492755e+00,4.0820149091e+00,3.8891062409e-03,nan,3.2523185486e+00,2.2462850664e-01,2.0566557726e+00,4.1909914012e+00,1.1767570152e+00,9.9470816194e-01,1.8328093572e-01,1.9371909837e-01,-1.0170075460e-01,5.5701336520e-01,3.1516772931e-01,392298,42,54,42,1.3083093827e-03,4.7162094913e-01,4.8850138156e-01,2.7911766303e-02,-3.5503982445e+00,-2.7642690122e+03,5.5494885743e-02,-2.7642135174e+03,-6.8756529670e-05,447024,48,48,48,-4.0226975408e-04,1.0000000000e+00,5.8433989916e-01,5.3774926205e-02,-2.8676731595e+00,-1.3449006122e+00,-8.1940186607e-02,-1.4268407988e+00,-1.1231264151e-04,2.7524451212e-02,5.3662613563e-02,5.2893852750e-05,6.4911842495e-04,0,0,0,2.3958248488e-04,3.1921888688e+00,3.1924284512e+00,9.3176175816e-07,2.8572417675e-04,2.8665593851e-04,4.7495061735e-03,2.3958248488e+00
72,7.2000000000e-03,1.0000000000e-04,-9.1730497160e-02,1.3284478482e-01,1.4265670610e+00,2.6268534934e-01,-2.0972615541e-01,2.0972615541e-01,1.3449949705e+00,3.3732697699e-01,1.1799565825e-01,1.1824718741e-01,1.9245007042e-01,1.2761015177e-01,0.0000000000e+00,0.0000000000e+00,0.0000000000e+00,0.0000000000e+00,2.1977020449e-05,3.1827283651e-05,3.4178048133e-04,6.2934808736e-05,2.1977020449e-05,2.4221879544e-05,3.9799760186e-04,3.3135996034e-05,-1.0938007185e+01,1.0938018670e+01,2.7678519041e+03,1.4405737050e+02,-1.0938876086e+01,1.0938876086e+01,2.7678816910e+03,1.4406019461e+02,8.6890077110e-04,2.9534285165e-03,3.7754977323e-01,2.7396173793e-02,0.0000000000e+00,0.0000000000e+00,0.0000000000e+00,0.0000000000e+00,5.1950132653e-06,5.1950187197e-06,1.3145929706e-03,6.8420137051e-05,5.3281405462e-06,5.4468269221e-06,1.3082943799e-03,6.8329035374e-05,1.0000000000e+00,4.1921888688e+00,2.0679115636e+00,4.1921888688e+00,1.0000000000e+00,1.0002857242e+00,1.0000955859e+00,1.0002857242e+00,1.9402185707e+03,2.0579122984e+03,1.9618063657e+00,nan,3.8463079152e+00,4.0796250905e+00,3.8891037672e-03,nan,3.2871916156e+00,2.2487218270e-01,2.0620788131e+00,4.1909914012e+00,1.1644831218e+00,9.9520871414e-01,1.5640420188e-01,1.6631357418e-01,-1.1149864741e-01,5.5713116911e-01,3.1513042084e-01,392298,42,54,42,1.3082943799e-03,4.7292925852e-01,4.8842980703e-01,2.7843009773e-02,-3.5529353647e+00,-2.7635420572e+03,5.2951913662e-02,-2.7634891053e+03,-6.1539553346e-05,447024,48,48,48,-3.9799760186e-04,1.0000000000e+00,5.8393762941e-01,5.3662613563e-02,-2.8698826010e+00,-1.3449949705e+00,-8.1572090530e-02,-1.4265670610e+00,-1.0760055229e-04,2.7578504366e-02,5.3555013011e-02,4.8806666748e-05,6.5884025462e-04,0,0,0,2.3958248488e-04,3.1921888688e+00,3.1924284512e+00,9.3176175816e-07,2.8572417675e-04,2.8665593851e-04,4.7495061735e-03,2.3958248488e+00
73,7.3000000000e-03,1.0000000000e-04,-9.1642517650e-02,1.3275358776e-01,1.4263096393e+00,2.6247234680e-01,-2.0965539315e-01,2.0965539315e-01,1.3451020564e+00,3.3712905170e-01,1.1801287550e-01,1.1826291366e-01,1.9245007311e-01,1.2762147103e-01,0.0000000000e+00,0.0000000000e+00,0.0000000000e+00,0.0000000000e+00,2.1955942100e-05,3.1805434434e-05,3.4171880759e-04,6.2883777059e-05,2.1955942100e-05,2.4194529748e-05,3.9382399322e-04,3.3035590880e-05,-1.0935437668e+01,1.0935449239e+01,2.7666593967e+03,1.4400873272e+02,-1.0936303086e+01,1.0936303086e+01,2.7666866518e+03,1.4401152764e+02,8.6541728146e-04,2.9543844383e-03,3.7754880210e-01,2.7399474437e-02,0.0000000000e+00,0.0000000000e+00,0.0000000000e+00,0.0000000000e+00,5.1937928716e-06,5.1937983669e-06,1.3140265885e-03,6.8397036510e-05,5.3279000302e-06,5.4471371461e-06,1.3083961888e-03,6.8305066097e-05,1.0000000000e+00,4.1921888688e+00,2.0679115636e+00,4.1921888688e+00,1.0000000000e+00,1.0002857242e+00,1.0000955859e+00,1.0002857242e+00,1.9397326643e+03,2.0568600268e+03,1.9618012922e+00,nan,3.8453446497e+00,4.0775390572e+00,3.8890937094e-03,nan,3.3222866340e+00,2.2513920307e-01,2.0676205352e+00,4.1909914012e+00,1.1524797128e+00,9.9571515546e-01,1.2637987532e-01,1.3530447402e-01,-1.2054317611e-01,5.5724974276e-01,3.1509365828e-01,502902,54,54,54,1.3083961888e-03,4.7423755290e-01,4.8835804621e-01,2.7781470220e-02,-3.5552113445e+00,-2.7630478658e+03,5.0406789110e-02,-2.7629974590e+03,-5.4304954240e-05,447024,48,48,48,-3.9382399322e-04,1.0000000000e+00,5.8353963181e-01,5.3555013011e-02,-2.8720034402e+00,-1.3451020564e+00,-8.1207582858e-02,-1.4263096393e+00,-1.0187800539e-04,2.7642511942e-02,5.3453135006e-02,4.4894795884e-05,6.6849064927e-04,0,0,0,2.3958248488e-04,3.1921888688e+00,3.1924284512e+00,9.3176175816e-07,2.8572417675e-04,2.8665593851e-04,4.7495061735e-03,2.3958248488e+00
74,7.4000000000e-03,1.0000000000e-04,-9.1560752121e-02,1.3267023455e-01,1.4260751097e+00,2.6228155465e-01,-2.0959084583e-01,2.0959084583e-01,1.3452285247e+00,3.3695064607e-01,1.1803009371e-01,1.1827864585e-01,1.9245008716e-01,1.2763280675e-01,0.0000000000e+00,0.0000000000e+00,0.0000000000e+00,0.0000000000e+00,2.1936352511e-05,3.1785464464e-05,3.4166261841e-04,6.2838066601e-05,2.1936352511e-05,2.4168173680e-05,3.8974339233e-04,3.2937274914e-05,-1.0934031694e+01,1.0934043356e+01,2.7657417859e+03,1.4397555396e+02,-1.0934893631e+01,1.0934893631e+01,2.7657681398e+03,1.4397831961e+02,8.6193673969e-04,2.9553085237e-03,3.7754231550e-01,2.7402797513e-02,0.0000000000e+00,0.0000000000e+00,0.0000000000e+00,0.0000000000e+00,5.1931251034e-06,5.1931306422e-06,1.3135907687e-03,6.8381278236e-05,5.3281130058e-06,5.4483760336e-06,1.3086177886e-03,6.8288434851e-05,1.0000000000e+00,4.1921888688e+00,2.0679115636e+00,4.1921888688e+00,1.0000000000e+00,1.0002857242e+00,1.0000955859e+00,1.0002857242e+00,1.9394082171e+03,2.0559838637e+03,1.9617674435e+00,nan,3.8447014624e+00,4.0758021430e+00,3.8890266074e-03,nan,3.3576394477e+00,2.2543598477e-01,2.0732873327e+00,4.1909914012e+00,1.1407258837e+00,9.9621420900e-01,9.5001950150e-02,1.0267892466e-01,-1.2877193639e-01,5.5737302960e-01,3.1506470931e-01,392298,42,54,42,1.3086177886e-03,4.7554594908e-01,4.8828613327e-01,2.7727165266e-02,-3.5572238311e+00,-2.7627909478e+03,4.7859390078e-02,-2.7627430884e+03,-4.7078616708e-05,447024,48,48,48,-3.8974339233e-04,1.0000000000e+00,5.8314580781e-01,5.3453135006e-02,-2.8740151946e+00,-1.3452285247e+00,-8.0846584985e-02,-1.4260751097e+00,-9.5254090326e-05,2.7639840792e-02,5.3357880915e-02,4.1167115408e-05,6.7805806534e-04,0,0,0,2.3958248488e-04,3.1921888688e+00,3.1924284512e+00,9.3176175816e-07,2.8572417675e-04,2.8665593851e-04,4.7495061735e-03,2.3958248488e+00
75,7.5000000000e-03,1.0000000000e-04,-9.1485312475e-02,1.3259475034e-01,1.4258694833e+00,2.6211278519e-01,-2.0953262395e-01,2.0953262395e-01,1.3453804604e+00,3.3679165582e-01,1.1804731147e-01,1.1829438279e-01,1.9245008925e-01,1.2764415769e-01,0.0000000000e+00,0.0000000000e+00,0.0000000000e+00,0.0000000000e+00,2.1918278493e-05,3.1767379769e-05,3.4161335392e-04,6.2797632395e-05,2.1918278493e-05,2.4142865342e-05,3.8575056557e-04,3.2840984910e-05,-1.0933797608e+01,1.0933809361e+01,2.7650776812e+03,1.4395793846e+02,-1.0934656066e+01,1.0934656066e+01,2.7651015411e+03,1.4396067478e+02,8.5845836166e-04,2.9562156635e-03,3.7753026574e-01,2.7406143350e-02,0.0000000000e+00,0.0000000000e+00,0.0000000000e+00,0.0000000000e+00,5.1930139240e-06,5.1930195061e-06,1.3132753517e-03,6.8372911742e-05,5.3288443413e-06,5.4500493181e-06,1.3089604526e-03,6.8279183527e-05,1.0000000000e+00,4.1921888688e+00,2.0679115636e+00,4.1921888688e+00,1.0000000000e+00,1.0002857242e+00,1.0000955859e+00,1.0002857242e+00,1.9392221473e+03,2.0552562063e+03,1.9617048098e+00,nan,3.8443325960e+00,4.0743596281e+00,3.8889024419e-03,nan,3.3932820051e+00,2.2574161107e-01,2.0790845255e+00,4.1909914012e+00,1.1292022433e+00,9.9671439880e-01,6.4035462649e-02,7.0398534523e-02,-1.3611548137e-01,5.5749533211e-01,3.1502963053e-01,502902,54,54,54,1.3089604526e-03,4.7685456687e-01,4.8821410273e-01,2.7680086649e-02,-3.5589716181e+00,-2.7627742562e+03,4.5309588058e-02,-2.7627289466e+03,-3.9891767345e-05,447024,48,48,48,-3.8575056557e-04,1.0000000000e+00,5.8275606442e-01,5.3357880915e-02,-2.8758994238e+00,-1.3453804604e+00,-8.0489022878e-02,-1.4258694833e+00,-8.7827187210e-05,2.7596729666e-02,5.3270053728e-02,3.7630241878e-05,6.8753631962e-04,0,0,0,2.3958248488e-04,3.1921888688e+00,3.1924284512e+00,9.3176175816e-07,2.8572417675e-04,2.8665593851e-04,4.7495061735e-03,2.3958248488e+00
76,7.6000000000e-03,1.0000000000e-04,-9.1416262732e-02,1.3252710600e-01,1.4256982425e+00,2.6196571550e-01,-2.0948079017e-01,2.0948079017e-01,1.3455634156e+00,3.3665185355e-01,1.1806452744e-01,1.1831012335e-01,1.9245007997e-01,1.2765552268e-01,0.0000000000e+00,0.0000000000e+00,0.0000000000e+00,0.0000000000e+00,2.1901735384e-05,3.1751173371e-05,3.4157232762e-04,6.2762397073e-05,2.1901735384e-05,2.4118560555e-05,3.8184056414e-04,3.2746654760e-05,-1.0934738156e+01,1.0934750002e+01,2.7646468119e+03,1.4395591705e+02,-1.0935593137e+01,1.0935593137e+01,2.7646681773e+03,1.4395862397e+02,8.5498159902e-04,2.9574795282e-03,3.7751260305e-01,2.7409512262e-02,0.0000000000e+00,0.0000000000e+00,0.0000000000e+00,0.0000000000e+00,5.1934606377e-06,5.1934662641e-06,1.3130707100e-03,6.8371951675e-05,5.3304547051e-06,5.4519941209e-06,1.3094155462e-03,6.8277325823e-05,1.0000000000e+00,4.1921888688e+00,2.0679115636e+00,4.1921888688e+00,1.0000000000e+00,1.0002857242e+00,1.0000955859e+00,1.0002857242e+00,1.9391528512e+03,2.0546546860e+03,1.9616131264e+00,nan,3.8441952227e+00,4.0731671685e+00,3.8887206878e-03,nan,3.4292206466e+00,2.2604973081e-01,2.0850168154e+00,4.1909914012e+00,1.1178908045e+00,9.9721632371e-01,3.4714246614e-02,3.9824024013e-02,-1.4250793259e-01,5.5761619084e-01,3.1498868244e-01,502902,54,54,54,1.3094155462e-03,4.7816352733e-01,4.8814198928e-01,2.7640194882e-02,-3.5604548563e+00,-2.7629989172e+03,4.2757251442e-02,-2.7629561599e+03,-3.2780445540e-05,447024,48,48,48,-3.8184056414e-04,1.0000000000e+00,5.8237031385e-01,5.3270053728e-02,-2.8776395554e+00,-1.3455634156e+00,-8.0134826829e-02,-1.4256982425e+00,-7.9686003411e-05,2.7560714277e-02,5.3190367725e-02,3.4288647801e-05,6.9693935763e-04,0,0,0,2.3958248488e-04,3.1921888688e+00,3.1924284512e+00,9.3176175816e-07,2.8572417675e-04,2.8665593851e-04,4.7495061735e-03,2.3958248488e+00
77,7.7000000000e-03,1.0000000000e-04,-9.1353622366e-02,1.3246720488e-01,1.4255663736e+00,2.6183989737e-01,-2.0943536270e-01,2.0943536270e-01,1.3457824424e+00,3.3653089850e-01,1.1808174033e-01,1.1832586644e-01,1.9245005887e-01,1.2766690062e-01,0.0000000000e+00,0.0000000000e+00,0.0000000000e+00,0.0000000000e+00,2.1886727849e-05,3.1736822110e-05,3.4154073416e-04,6.2732253253e-05,2.1886727849e-05,2.4095218505e-05,3.7800870846e-04,3.2654217249e-05,-1.0936849715e+01,1.0936861660e+01,2.7644483741e+03,1.4396943609e+02,-1.0937701222e+01,1.0937701222e+01,2.7644672444e+03,1.4397211352e+02,8.5150731102e-04,2.9587142640e-03,3.7748927513e-01,2.7412904585e-02,0.0000000000e+00,0.0000000000e+00,0.0000000000e+00,0.0000000000e+00,5.1944635241e-06,5.1944691975e-06,1.3129764619e-03,6.8378372549e-05,5.3325719827e-06,5.4548689121e-06,1.3099930984e-03,6.8282839905e-05,1.0000000000e+00,4.1921888688e+00,2.0679115636e+00,4.1921888688e+00,1.0000000000e+00,1.0002857242e+00,1.0000955859e+00,1.0002857242e+00,1.9391930290e+03,2.0541709843e+03,1.9614921261e+00,nan,3.8442748715e+00,4.0722082736e+00,3.8884808156e-03,nan,3.4655103681e+00,2.2638802429e-01,2.0910879408e+00,4.1909914012e+00,1.1067748900e+00,9.9772778600e-01,7.6463508853e-03,1.1615945450e-02,-1.4788691420e-01,5.5773733367e-01,3.1496019714e-01,501750,54,42,54,1.3099930984e-03,4.7947294287e-01,4.8806982758e-01,2.7607414436e-02,-3.5616752419e+00,-2.7634639812e+03,4.0202264951e-02,-2.7634237789e+03,-2.5784744520e-05,447024,48,48,48,-3.7800870846e-04,1.0000000000e+00,5.8198847329e-01,5.3190367725e-02,-2.8792207289e+00,-1.3457824424e+00,-7.9783931227e-02,-1.4255663736e+00,-7.0910798186e-05,2.7530644342e-02,5.3119456927e-02,3.1144781778e-05,7.0631809887e-04,0,0,0,2.3958248488e-04,3.1921888688e+00,3.1924284512e+00,9.3176175816e-07,2.8572417675e-04,2.8665593851e-04,4.7495061735e-03,2.3958248488e+00
78,7.8000000000e-03,1.0000000000e-04,-9.1297369754e-02,1.3241492449e-01,1.4254783938e+00,2.6173476760e-01,-2.0939631866e-01,2.0939631866e-01,1.3460421194e+00,3.3642834654e-01,1.1809894891e-01,1.1834161105e-01,1.9245002597e-01,1.2767829048e-01,0.0000000000e+00,0.0000000000e+00,0.0000000000e+00,0.0000000000e+00,2.1873250709e-05,3.1724296645e-05,3.4151965573e-04,6.2707066001e-05,2.1873250709e-05,2.4072798464e-05,3.7425057460e-04,3.2563605702e-05,-1.0940121619e+01,1.0940133662e+01,2.7644797098e+03,1.4399834751e+02,-1.0940969654e+01,1.0940969654e+01,2.7644960841e+03,1.4400099536e+02,8.4803490800e-04,2.9599178542e-03,3.7746022710e-01,2.7416320811e-02,0.0000000000e+00,0.0000000000e+00,0.0000000000e+00,0.0000000000e+00,5.1960175170e-06,5.1960232365e-06,1.3129913448e-03,6.8392104047e-05,5.3353202299e-06,5.4581192891e-06,1.3107004625e-03,6.8295648462e-05,1.0000000000e+00,4.1921888688e+00,2.0679115636e+00,4.1921888688e+00,1.0000000000e+00,1.0002857242e+00,1.0000955859e+00,1.0002857242e+00,1.9393346976e+03,2.0537961214e+03,1.9613415233e+00,nan,3.8445557167e+00,4.0714651417e+00,3.8881822592e-03,nan,3.5022002675e+00,2.2673389208e-01,2.0972999454e+00,4.1909914012e+00,1.0958390486e+00,9.9825521902e-01,-1.7124027221e-02,-1.4176678060e-02,-1.5218893486e-01,5.5785622459e-01,3.1492422924e-01,501738,54,42,42,1.3107004625e-03,4.8078293597e-01,4.8799765209e-01,2.7581629692e-02,-3.5626361738e+00,-2.7641662430e+03,3.7644493332e-02,-2.7641285985e+03,-1.8947890069e-05,447024,48,48,48,-3.7425057460e-04,1.0000000000e+00,5.8161046458e-01,5.3119456927e-02,-2.8806296612e+00,-1.3460421194e+00,-7.9436274342e-02,-1.4254783938e+00,-6.1574599758e-05,2.7506920581e-02,5.3057882327e-02,2.8199246473e-05,7.1562919944e-04,0,0,0,2.3958248488e-04,3.1921888688e+00,3.1924284512e+00,9.3176175816e-07,2.8572417675e-04,2.8665593851e-04,4.7495061735e-03,2.3958248488e+00
79,7.9000000000e-03,1.0000000000e-04,-9.1247445684e-02,1.3237010780e-01,1.4254383724e+00,2.6164965862e-01,-2.0936359768e-01,2.0936359768e-01,1.3463465743e+00,3.3634366033e-01,1.1811615200e-01,1.1835735982e-01,1.9244998132e-01,1.2768969129e-01,0.0000000000e+00,0.0000000000e+00,0.0000000000e+00,0.0000000000e+00,2.1861289776e-05,3.1713559351e-05,3.4151006730e-04,6.2686675380e-05,2.1861289776e-05,2.4051314156e-05,3.7056198247e-04,3.2474755451e-05,-1.0944535605e+01,1.0944547743e+01,2.7650650052e+03,1.4404240250e+02,-1.0945380169e+01,1.0945380169e+01,2.7651000890e+03,1.4404502067e+02,8.4456430322e-04,2.9610906444e-03,3.7744356941e-01,2.7419761057e-02,0.0000000000e+00,0.0000000000e+00,0.0000000000e+00,0.0000000000e+00,5.1981139422e-06,5.1981197072e-06,1.3132693312e-03,6.8413027994e-05,5.3377251444e-06,5.4608729477e-06,1.3115528970e-03,6.8315263584e-05,1.0000000000e+00,4.1921888688e+00,2.0679115636e+00,4.1921888688e+00,1.0000000000e+00,1.0002857242e+00,1.0000955859e+00,1.0002857242e+00,1.9397997548e+03,2.0537803132e+03,1.9612554224e+00,nan,3.8454776505e+00,4.0714338035e+00,3.8880115719e-03,nan,3.5393617236e+00,2.2705091756e-01,2.1036421255e+00,4.1909914012e+00,1.0850689861e+00,9.9869300667e-01,-3.9968045797e-02,-3.7923535148e-02,-1.5582384017e-01,5.5772760485e-01,3.1481178265e-01,502902,54,54,54,1.3115528970e-03,4.8209363643e-01,4.8792549682e-01,2.7562681801e-02,-3.5633428700e+00,-2.7651000890e+03,3.5083786622e-02,-2.7650650052e+03,-1.2315190249e-05,447024,48,48,48,-3.7056198247e-04,1.0000000000e+00,5.8123621401e-01,5.3057882327e-02,-2.8818545325e+00,-1.3463465743e+00,-7.9091798119e-02,-1.4254383724e+00,-5.1744465073e-05,2.7490018290e-02,5.3006137862e-02,2.5450916746e-05,7.2485430146e-04,0,0,0,2.3958248488e-04,3.1921888688e+00,3.1924284512e+00,9.3176175816e-07,2.8572417675e-04,2.8665593851e-04,4.7495061735e-03,2.3958248488e+00
80,8.0000000000e-03,1.0000000000e-04,-9.1203756872e-02,1.3233253685e-01,1.4254499477e+00,2.6158380932e-01,-2.0933710538e-01,2.0933710538e-01,1.3466994997e+00,3.3627621951e-01,1.1813334850e-01,1.1837311513e-01,1.9245000981e-01,1.2770110219e-01,0.0000000000e+00,0.0000000000e+00,0.0000000000e+00,0.0000000000e+00,2.1850822702e-05,3.1704558008e-05,3.4151284054e-04,6.2670899042e-05,2.1850822702e-05,2.4030735194e-05,3.6693898601e-04,3.2387605117e-05,-1.0950065400e+01,1.0950077639e+01,2.7662248917e+03,1.4410124391e+02,-1.0950906492e+01,1.0950906492e+01,2.7662574117e+03,1.4410383227e+02,8.4109163008e-04,2.9622377463e-03,3.7747460442e-01,2.7423225638e-02,0.0000000000e+00,0.0000000000e+00,0.0000000000e+00,0.0000000000e+00,5.2007403218e-06,5.2007461348e-06,1.3138202201e-03,6.8440974758e-05,5.3411674997e-06,5.4652303892e-06,1.3125773435e-03,6.8341859690e-05,1.0000000000e+00,4.1921888688e+00,2.0679115636e+00,4.1921888688e+00,1.0000000000e+00,1.0002857242e+00,1.0000955859e+00,1.0002857242e+00,1.9405977013e+03,2.0541014624e+03,1.9614163948e+00,nan,3.8470595073e+00,4.0720704526e+00,3.8883306851e-03,nan,3.5770997182e+00,2.2742668275e-01,2.1101239021e+00,4.1909914012e+00,1.0744515065e+00,9.9905399798e-01,-6.1491936688e-02,-6.0280513628e-02,-1.5799096192e-01,5.5775028782e-01,3.1475127286e-01,502902,54,54,54,1.3125773435e-03,4.8340518933e-01,4.8785339513e-01,2.7550366611e-02,-3.5638024407e+00,-2.7662574117e+03,3.2519964748e-02,-2.7662248917e+03,-5.9328956589e-06,447024,48,48,48,-3.6693898601e-04,1.0000000000e+00,5.8086565203e-01,5.3006137862e-02,-2.8828848962e+00,-1.3466994997e+00,-7.8750447976e-02,-1.4254499477e+00,-4.1482954367e-05,2.7479754099e-02,5.2964654907e-02,2.2897004590e-05,7.3383439061e-04,0,0,0,2.3958248488e-04,3.1921888688e+00,3.1924284512e+00,9.3176175816e-07,2.8572417675e-04,2.8665593851e-04,4.7495061735e-03,2.3958248488e+00
81,8.1000000000e-03,1.0000000000e-04,-9.1166179465e-02,1.3230197416e-01,1.4255163359e+00,2.6153637606e-01,-2.0931671686e-01,2.0931671686e-01,1.3471041633e+00,3.3622533091e-01,1.1815053740e-01,1.1838886931e-01,1.9245004729e-01,1.2771252238e-01,0.0000000000e+00,0.0000000000e+00,0.0000000000e+00,0.0000000000e+00,2.1841819813e-05,3.1697235724e-05,3.4152874600e-04,6.2659534864e-05,2.1841819813e-05,2.4011064009e-05,3.6337786540e-04,3.2302097663e-05,-1.0956676714e+01,1.0956689059e+01,2.7675976337e+03,1.4417440546e+02,-1.0957514332e+01,1.0957514332e+01,2.7676275865e+03,1.4417696390e+02,8.3761856686e-04,2.9633592250e-03,3.7750039252e-01,2.7426715716e-02,0.0000000000e+00,0.0000000000e+00,0.0000000000e+00,0.0000000000e+00,5.2038803694e-06,5.2038862329e-06,1.3144722047e-03,6.8475722880e-05,5.3451430960e-06,5.4714226917e-06,1.3136712312e-03,6.8375426852e-05,1.0000000000e+00,4.1921888688e+00,2.0679115636e+00,4.1921888688e+00,1.0000000000e+00,1.0002857242e+00,1.0000955859e+00,1.0002857242e+00,1.9414703038e+03,2.0545015463e+03,1.9615500117e+00,nan,3.8487893629e+00,4.0728635828e+00,3.8885955687e-03,nan,3.6151657993e+00,2.2787089691e-01,2.1167488119e+00,4.1909914012e+00,1.0639744667e+00,9.9939065010e-01,-8.2698889635e-02,-8.2255521252e-02,-1.5872142054e-01,5.5792432911e-01,3.1475590562e-01,391146,42,42,42,1.3136712312e-03,4.8471776667e-01,4.8778137945e-01,2.7544433716e-02,-3.5640239121e+00,-2.7676275865e+03,2.9952794702e-02,-2.7675976337e+03,1.5324635141e-07,447024,48,48,48,-3.6337786540e-04,1.0000000000e+00,5.8049871304e-01,5.2964654907e-02,-2.8837116132e+00,-1.3471041633e+00,-7.8412172615e-02,-1.4255163359e+00,-3.0848255554e-05,2.7475910335e-02,5.2933806652e-02,2.0533612967e-05,7.4267488659e-04,0,0,0,2.3958248488e-04,3.1921888688e+00,3.1924284512e+00,9.3176175816e-07,2.8572417675e-04,2.8665593851e-04,4.7495061735e-03,2.3958248488e+00
82,8.2000000000e-03,1.0000000000e-04,-9.1134562468e-02,1.3227814335e-01,1.4256403424e+00,2.6150644368e-01,-2.0930228020e-01,2.0930228020e-01,1.3475634186e+00,3.3619023860e-01,1.1816771773e-01,1.1840462159e-01,1.9245007295e-01,1.2772395112e-01,0.0000000000e+00,0.0000000000e+00,0.0000000000e+00,0.0000000000e+00,2.1834244935e-05,3.1691526281e-05,3.4155845578e-04,6.2652363589e-05,2.1834244935e-05,2.3992271625e-05,3.5987512002e-04,3.2218181239e-05,-1.0964326713e+01,1.0964339166e+01,2.7691700525e+03,1.4426130597e+02,-1.0965160857e+01,1.0965160857e+01,2.7691974347e+03,1.4426383434e+02,8.3414482144e-04,2.9644533924e-03,3.7752087554e-01,2.7430231879e-02,0.0000000000e+00,0.0000000000e+00,0.0000000000e+00,0.0000000000e+00,5.2075137410e-06,5.2075196556e-06,1.3152190260e-03,6.8516996329e-05,5.3496786212e-06,5.4781167382e-06,1.3148500442e-03,6.8415604466e-05,1.0000000000e+00,4.1921888688e+00,2.0679115636e+00,4.1921888688e+00,1.0000000000e+00,1.0002857242e+00,1.0000955859e+00,1.0002857242e+00,1.9424043850e+03,2.0549663167e+03,1.9616561831e+00,nan,3.8506410944e+00,4.0737849481e+00,3.8888060437e-03,nan,3.6536286369e+00,2.2832838940e-01,2.1235092061e+00,4.1909914012e+00,1.0536267334e+00,9.9971945224e-01,-8.1254468094e-02,-8.0599251694e-02,-1.5824165559e-01,5.5813349411e-01,3.1476606619e-01,502902,54,54,54,1.3148500442e-03,4.8603143790e-01,4.8770948108e-01,2.7544586962e-02,-3.5640181909e+00,-2.7691974347e+03,2.7382244019e-02,-2.7691700525e+03,5.8989161083e-06,447024,48,48,48,-3.5987512002e-04,1.0000000000e+00,5.8013533517e-01,5.2933806652e-02,-2.8843267868e+00,-1.3475634186e+00,-7.8076923840e-02,-1.4256403424e+00,-1.9896523568e-05,2.7478233351e-02,5.2913910128e-02,1.8355554174e-05,7.5138520013e-04,0,0,0,2.3958248488e-04,3.1921888688e+00,3.1924284512e+00,9.3176175816e-07,2.8572417675e-04,2.8665593851e-04,4.7495061735e-03,2.3958248488e+00
83,8.3000000000e-03,1.0000000000e-04,-9.1108731091e-02,1.3226076657e-01,1.4258243599e+00,2.6149303652e-01,-2.0929361972e-01,2.0929361972e-01,1.3480797036e+00,3.3617013378e-01,1.1818488863e-01,1.1842037133e-01,1.9245008690e-01,1.2773538777e-01,0.0000000000e+00,0.0000000000e+00,0.0000000000e+00,0.0000000000e+00,2.1828056189e-05,3.1687363108e-05,3.4160254316e-04,6.2649151468e-05,2.1828056189e-05,2.3974388893e-05,3.5642746463e-04,3.2135809781e-05,-1.0972964407e+01,1.0972976971e+01,2.7709266142e+03,1.4436125620e+02,-1.0973795078e+01,1.0973795078e+01,2.7709514225e+03,1.4436375438e+02,8.3067028694e-04,2.9655192467e-03,3.7753599295e-01,2.7433773962e-02,0.0000000000e+00,0.0000000000e+00,0.0000000000e+00,0.0000000000e+00,5.2116162195e-06,5.2116221868e-06,1.3160533061e-03,6.8564467755e-05,5.3550048270e-06,5.4845799354e-06,1.3161195563e-03,6.8462004852e-05,1.0000000000e+00,4.1921888688e+00,2.0679115636e+00,4.1921888688e+00,1.0000000000e+00,1.0002857242e+00,1.0000955859e+00,1.0002857242e+00,1.9433856596e+03,2.0554804105e+03,1.9617345933e+00,nan,3.8525863826e+00,4.0748040926e+00,3.8889614849e-03,nan,3.6925312634e+00,2.2876828936e-01,2.1303961319e+00,4.1909914012e+00,1.0433981590e+00,1.0000503401e+00,-6.6753299881e-02,-6.5357297337e-02,-1.5667300530e-01,5.5832514380e-01,3.1475120611e-01,392298,42,54,42,1.3161195563e-03,4.8734628795e-01,4.8763772991e-01,2.7550485878e-02,-3.5637979890e+00,-2.7709514225e+03,2.4808250184e-02,-2.7709266142e+03,1.1262549285e-05,447024,48,48,48,-3.5642746463e-04,1.0000000000e+00,5.7977546005e-01,5.2913910128e-02,-2.8847237414e+00,-1.3480797036e+00,-7.7744656365e-02,-1.4258243599e+00,-8.6822908835e-06,2.7486432551e-02,5.2905227837e-02,1.6356587501e-05,7.5996909918e-04,0,0,0,2.3958248488e-04,3.1921888688e+00,3.1924284512e+00,9.3176175816e-07,2.8572417675e-04,2.8665593851e-04,4.7495061735e-03,2.3958248488e+00
84,8.4000000000e-03,1.0000000000e-04,-9.1088489975e-02,1.3224953721e-01,1.4260703674e+00,2.6149512934e-01,-2.0929053928e-01,2.0929053928e-01,1.3486550397e+00,3.3616416445e-01,1.1820204931e-01,1.1843611793e-01,1.9245008952e-01,1.2774683178e-01,0.0000000000e+00,0.0000000000e+00,0.0000000000e+00,0.0000000000e+00,2.1823206772e-05,3.1684672749e-05,3.4166148223e-04,6.2649652871e-05,2.1823206772e-05,2.3957350389e-05,3.5303182573e-04,3.2054943386e-05,-1.0982530979e+01,1.0982543657e+01,2.7728495939e+03,1.4447346092e+02,-1.0983358175e+01,1.0983358175e+01,2.7728718246e+03,1.4447592874e+02,8.2719588165e-04,2.9665921361e-03,3.7754568160e-01,2.7437341989e-02,0.0000000000e+00,0.0000000000e+00,0.0000000000e+00,0.0000000000e+00,5.2161598686e-06,5.2161658901e-06,1.3169666264e-03,6.8617759457e-05,5.3608323535e-06,5.4914778570e-06,1.3174852733e-03,6.8514226343e-05,1.0000000000e+00,4.1921888688e+00,2.0679115636e+00,4.1921888688e+00,1.0000000000e+00,1.0002857242e+00,1.0000955859e+00,1.0002857242e+00,1.9443988581e+03,2.0560274814e+03,1.9617849102e+00,nan,3.8545949571e+00,4.0758886112e+00,3.8890612336e-03,nan,3.7319164372e+00,2.2921891477e-01,2.1373996990e+00,4.1909914012e+00,1.0332795591e+00,1.0003938193e+00,-5.0563869632e-02,-4.8386721610e-02,-1.5407930794e-01,5.5850258638e-01,3.1473433453e-01,502902,54,54,54,1.3174852733e-03,4.8866240751e-01,4.8756615428e-01,2.7561748427e-02,-3.5633776941e+00,-2.7728718246e+03,2.2230739650e-02,-2.7728495939e+03,1.6206478265e-05,447024,48,48,48,-3.5303182573e-04,1.0000000000e+00,5.7941903259e-01,5.2905227837e-02,-2.8848970055e+00,-1.3486550397e+00,-7.7415327648e-02,-1.4260703674e+00,2.7408109444e-06,2.7499721846e-02,5.2907968648e-02,1.4529631571e-05,7.6843192278e-04,0,0,0,2.3958248488e-04,3.1921888688e+00,3.1924284512e+00,9.3176175816e-07,2.8572417675e-04,2.8665593851e-04,4.7495061735e-03,2.3958248488e+00
85,8.5000000000e-03,1.0000000000e-04,-9.1073626283e-02,1.3224415176e-01,1.4263799255e+00,2.6151165807e-01,-2.0929282534e-01,2.0929282534e-01,1.3492910278e+00,3.3617144476e-01,1.1821919906e-01,1.1845186089e-01,1.9245008151e-01,1.2775828264e-01,0.0000000000e+00,0.0000000000e+00,0.0000000000e+00,0.0000000000e+00,2.1819645692e-05,3.1683382490e-05,3.4173564694e-04,6.2653612866e-05,2.1819645692e-05,2.3941172718e-05,3.4968533906e-04,3.1975548456e-05,-1.0992960314e+01,1.0992973108e+01,2.7749193047e+03,1.4459702615e+02,-1.0993784035e+01,1.0993784035e+01,2.7749389543e+03,1.4459946343e+02,8.2372152573e-04,2.9678622714e-03,3.7754987686e-01,2.7440936159e-02,0.0000000000e+00,0.0000000000e+00,0.0000000000e+00,0.0000000000e+00,5.2211132875e-06,5.2211193642e-06,1.3179496369e-03,6.8676446835e-05,5.3669835074e-06,5.4990315769e-06,1.3189094978e-03,6.8571853579e-05,1.0000000000e+00,4.1921888688e+00,2.0679115636e+00,4.1921888688e+00,1.0000000000e+00,1.0002857242e+00,1.0000955859e+00,1.0002857242e+00,1.9454279011e+03,2.0565903850e+03,1.9618067911e+00,nan,3.8566349418e+00,4.0770045166e+00,3.8891046106e-03,nan,3.7717037303e+00,2.2968931563e-01,2.1445090668e+00,4.1909914012e+00,1.0232626950e+00,1.0007282986e+00,-3.3606864746e-02,-3.0646724547e-02,-1.5053566292e-01,5.5867094475e-01,3.1472487544e-01,502902,54,54,54,1.3189094978e-03,4.8997989278e-01,4.8749478069e-01,2.7577954906e-02,-3.5627731947e+00,-2.7749389543e+03,1.9649628416e-02,-2.7749193047e+03,2.0697959607e-05,447024,48,48,48,-3.4968533906e-04,1.0000000000e+00,5.7906600076e-01,5.2907968648e-02,-2.8848423069e+00,-1.3492910278e+00,-7.7088897703e-02,-1.4263799255e+00,1.4319386455e-05,2.7517697812e-02,5.2922288035e-02,1.2866965711e-05,7.7677919646e-04,0,0,0,2.3958248488e-04,3.1921888688e+00,3.1924284512e+00,9.3176175816e-07,2.8572417675e-04,2.8665593851e-04,4.7495061735e-03,2.3958248488e+00
86,8.6000000000e-03,1.0000000000e-04,-9.1063912648e-02,1.3224427970e-01,1.4267541717e+00,2.6154153029e-01,-2.0930024991e-01,2.0930024991e-01,1.3499888427e+00,3.3619106399e-01,1.1823633726e-01,1.1846759978e-01,1.9245006186e-01,1.2776973992e-01,0.0000000000e+00,0.0000000000e+00,0.0000000000e+00,0.0000000000e+00,2.1817318475e-05,3.1683413142e-05,3.4182530977e-04,6.2660769727e-05,2.1817318475e-05,2.3925817229e-05,3.4638534798e-04,3.1897597631e-05,-1.1004179632e+01,1.1004192540e+01,2.7771143629e+03,1.4473096870e+02,-1.1004999879e+01,1.1004999879e+01,2.7771314278e+03,1.4473337528e+02,8.2024659629e-04,2.9692525812e-03,3.7754851281e-01,2.7444556681e-02,0.0000000000e+00,0.0000000000e+00,0.0000000000e+00,0.0000000000e+00,5.2264419099e-06,5.2264480403e-06,1.3189921811e-03,6.8740062933e-05,5.3735044674e-06,5.5068352916e-06,1.3203900861e-03,6.8634413591e-05,1.0000000000e+00,4.1921888688e+00,2.0679115636e+00,4.1921888688e+00,1.0000000000e+00,1.0002857242e+00,1.0000955859e+00,1.0002857242e+00,1.9464561016e+03,2.0571513926e+03,1.9617999036e+00,nan,3.8586732563e+00,4.0781166635e+00,3.8890909566e-03,nan,3.8119109074e+00,2.3016289219e-01,2.1517110594e+00,4.1909914012e+00,1.0133402592e+00,1.0010598281e+00,-1.6027000417e-02,-1.2294335848e-02,-1.4613012763e-01,5.5883193570e-01,3.1471183952e-01,502902,54,54,54,1.3203900861e-03,4.9129880228e-01,4.8742363370e-01,2.7598652865e-02,-3.5620016655e+00,-2.7771314278e+03,1.7064906766e-02,-2.7771143629e+03,2.4709942892e-05,447024,48,48,48,-3.4638534798e-04,1.0000000000e+00,5.7871631542e-01,5.2922288035e-02,-2.8845565770e+00,-1.3499888427e+00,-7.6765328929e-02,-1.4267541717e+00,2.5999747544e-05,2.7540577120e-02,5.2948287782e-02,1.1360407834e-05,7.8498698951e-04,0,0,0,2.3958248488e-04,3.1921888688e+00,3.1924284512e+00,9.3176175816e-07,2.8572417675e-04,2.8665593851e-04,4.7495061735e-03,2.3958248488e+00
87,8.7000000000e-03,1.0000000000e-04,-9.1059109943e-02,1.3224959597e-01,1.4271938130e+00,2.6158363537e-01,-2.0931257330e-01,2.0931257330e-01,1.3507492271e+00,3.3622209516e-01,1.1825346336e-01,1.1848335574e-01,1.9245008008e-01,1.2778120329e-01,0.0000000000e+00,0.0000000000e+00,0.0000000000e+00,0.0000000000e+00,2.1816167831e-05,3.1684686826e-05,3.4193064013e-04,6.2670857368e-05,2.1816167831e-05,2.3911285427e-05,3.4312940233e-04,3.1821069525e-05,-1.1016110361e+01,1.1016123379e+01,2.7794120298e+03,1.4487422848e+02,-1.1016927132e+01,1.1016927132e+01,2.7794265064e+03,1.4487660419e+02,8.1677081194e-04,2.9706134768e-03,3.7754152150e-01,2.7448203525e-02,0.0000000000e+00,0.0000000000e+00,0.0000000000e+00,0.0000000000e+00,5.2321084169e-06,5.2321145996e-06,1.3200834594e-03,6.8808104254e-05,5.3803726504e-06,5.5148679826e-06,1.3219203862e-03,6.8701392775e-05,1.0000000000e+00,4.1921888688e+00,2.0679115636e+00,4.1921888688e+00,1.0000000000e+00,1.0002857242e+00,1.0000955859e+00,1.0002857242e+00,1.9474664229e+03,2.0576924648e+03,1.9617633900e+00,nan,3.8606761269e+00,4.0791892902e+00,3.8890185717e-03,nan,3.8525418610e+00,2.3063870821e-01,2.1589906876e+00,4.1909914012e+00,1.0035058636e+00,1.0013915232e+00,2.1718440276e-03,6.6469076062e-03,-1.4096876530e-01,5.5899146608e-01,3.1469801043e-01,502902,54,54,54,1.3219203862e-03,4.9261919236e-01,4.8735273574e-01,2.7623362808e-02,-3.5610813230e+00,-2.7794265064e+03,1.4476569735e-02,-2.7794120298e+03,2.8221717579e-05,447024,48,48,48,-3.4312940233e-04,1.0000000000e+00,5.7836993008e-01,5.2948287782e-02,-2.8840379630e+00,-1.3507492271e+00,-7.6444585929e-02,-1.4271938130e+00,3.7727618867e-05,2.7567933478e-02,5.2986015401e-02,1.0001465932e-05,7.9304475870e-04,0,0,0,2.3958248488e-04,3.1921888688e+00,3.1924284512e+00,9.3176175816e-07,2.8572417675e-04,2.8665593851e-04,4.7495061735e-03,2.3958248488e+00
88,8.8000000000e-03,1.0000000000e-04,-9.1058969889e-02,1.3225975744e-01,1.4276991208e+00,2.6163685423e-01,-2.0932954680e-01,2.0932954680e-01,1.3515724855e+00,3.3626360311e-01,1.1827057691e-01,1.1849911137e-01,1.9245008921e-01,1.2779267244e-01,0.0000000000e+00,0.0000000000e+00,0.0000000000e+00,0.0000000000e+00,2.1816134277e-05,3.1687121337e-05,3.4205170303e-04,6.2683607674e-05,2.1816134277e-05,2.3897523175e-05,3.3991525739e-04,3.1745948286e-05,-1.1028669050e+01,1.1028682178e+01,2.7817885583e+03,1.4502568020e+02,-1.1029482344e+01,1.1029482344e+01,2.7818004429e+03,1.4502802485e+02,8.1329398653e-04,2.9719446750e-03,3.7752883310e-01,2.7451876853e-02,0.0000000000e+00,0.0000000000e+00,0.0000000000e+00,0.0000000000e+00,5.2380731740e-06,5.2380794089e-06,1.3212121931e-03,6.8880036340e-05,5.3876036220e-06,5.5230520669e-06,1.3234902045e-03,6.8772260660e-05,1.0000000000e+00,4.1921888688e+00,2.0679115636e+00,4.1921888688e+00,1.0000000000e+00,1.0002857242e+00,1.0000955859e+00,1.0002857242e+00,1.9484417394e+03,2.0581955262e+03,1.9616973660e+00,nan,3.8626096037e+00,4.0801865640e+00,3.8888876851e-03,nan,3.8935886981e+00,2.3111399564e-01,2.1663319060e+00,4.1909914012e+00,9.9375402718e-01,1.0017241828e+00,2.0528565115e-02,2.5742985314e-02,-1.3517425078e-01,5.5914728034e-01,3.1468092338e-01,501738,54,42,42,1.3234902045e-03,4.9394111275e-01,4.8728210700e-01,2.7651584526e-02,-3.5600311595e+00,-2.7818004429e+03,1.1884626007e-02,-2.7817885583e+03,3.1219325862e-05,447024,48,48,48,-3.3991525739e-04,1.0000000000e+00,5.7802680067e-01,5.2986015401e-02,-2.8832858420e+00,-1.3515724855e+00,-7.6126635338e-02,-1.4276991208e+00,4.9447921849e-05,2.7599310556e-02,5.3035463323e-02,8.7815456980e-06,8.0092834241e-04,0,0,0,2.3958248488e-04,3.1921888688e+00,3.1924284512e+00,9.3176175816e-07,2.8572417675e-04,2.8665593851e-04,4.7495061735e-03,2.3958248488e+00
89,8.9000000000e-03,1.0000000000e-04,-9.1063237476e-02,1.3227442351e-01,1.4282699258e+00,2.6170006861e-01,-2.0935091499e-01,2.0935091499e-01,1.3524584801e+00,3.3631465219e-01,1.1828767752e-01,1.1851486193e-01,1.9245008750e-01,1.2780414715e-01,0.0000000000e+00,0.0000000000e+00,0.0000000000e+00,0.0000000000e+00,2.1817156716e-05,3.1690635070e-05,3.4218845790e-04,6.2698752732e-05,2.1817156716e-05,2.3884559860e-05,3.3674087281e-04,3.1672223002e-05,-1.1041768445e+01,1.1041781682e+01,2.7842333184e+03,1.4518414896e+02,-1.1042578262e+01,1.1042578262e+01,2.7842683557e+03,1.4518646239e+02,8.0981618153e-04,2.9732461404e-03,3.7751037617e-01,2.7455576668e-02,0.0000000000e+00,0.0000000000e+00,0.0000000000e+00,0.0000000000e+00,5.2442947398e-06,5.2443010265e-06,1.3223733334e-03,6.8955301180e-05,5.3958684333e-06,5.5307493411e-06,1.3250798353e-03,6.8846420292e-05,1.0000000000e+00,4.1921888688e+00,2.0679115636e+00,4.1921888688e+00,1.0000000000e+00,1.0002857242e+00,1.0000955859e+00,1.0002857242e+00,1.9493747422e+03,2.0586719641e+03,1.9616014784e+00,nan,3.8644591975e+00,4.0811310591e+00,3.8886975966e-03,nan,3.9350133657e+00,2.3156170236e-01,2.1737160756e+00,4.1909914012e+00,9.8408016119e-01,1.0020467003e+00,3.8712860134e-02,4.4685833174e-02,-1.2885225900e-01,5.5930481843e-01,3.1463355401e-01,392298,42,54,42,1.3250798353e-03,4.9526460295e-01,4.8721176537e-01,2.7682803851e-02,-3.5588706639e+00,-2.7842288452e+03,9.2891049191e-03,-2.7842195561e+03,3.3695745922e-05,447024,48,48,48,-3.3674087281e-04,1.0000000000e+00,5.7768688542e-01,5.3035463323e-02,-2.8823008353e+00,-1.3524584801e+00,-7.5811445643e-02,-1.4282699258e+00,6.1104756262e-05,2.7634225764e-02,5.3096568079e-02,7.6920944594e-06,8.0858048055e-04,0,0,0,2.3958248488e-04,3.1921888688e+00,3.1924284512e+00,9.3176175816e-07,2.8572417675e-04,2.8665593851e-04,4.7495061735e-03,2.3958248488e+00
90,9.0000000000e-03,1.0000000000e-04,-9.1071653205e-02,1.3229325894e-01,1.4289056161e+00,2.6177216984e-01,-2.0937641809e-01,2.0937641809e-01,1.3534066291e+00,3.3637431336e-01,1.1830476488e-01,1.1853060726e-01,1.9245007456e-01,1.2781562726e-01,0.0000000000e+00,0.0000000000e+00,0.0000000000e+00,0.0000000000e+00,2.1819172977e-05,3.1695147711e-05,3.4234075817e-04,6.2716026923e-05,2.1819172977e-05,2.3872368853e-05,3.3360441098e-04,3.1599886988e-05,-1.1055318605e+01,1.1055331956e+01,2.7874228704e+03,1.4534842528e+02,-1.1056124945e+01,1.1056124945e+01,2.7874553588e+03,1.4535070730e+02,8.0634028972e-04,2.9745206586e-03,3.7752128409e-01,2.7459302970e-02,0.0000000000e+00,0.0000000000e+00,0.0000000000e+00,0.0000000000e+00,5.2507303965e-06,5.2507367373e-06,1.3238882131e-03,6.9033324316e-05,5.4039508494e-06,5.5392731808e-06,1.3265593175e-03,6.8923333046e-05,1.0000000000e+00,4.1921888688e+00,2.0679115636e+00,4.1921888688e+00,1.0000000000e+00,1.0002857242e+00,1.0000955859e+00,1.0002857242e+00,1.9507396702e+03,2.0595845319e+03,1.9616582896e+00,nan,3.8671650439e+00,4.0829401423e+00,3.8888102197e-03,nan,3.9764441771e+00,2.3203701379e-01,2.1811259348e+00,4.1909914012e+00,9.7448055196e-01,1.0020176208e+00,5.6554747867e-02,6.3298979802e-02,-1.2215998621e-01,5.5946337030e-01,3.1461597750e-01,502902,54,54,54,1.3265593175e-03,4.9658968279e-01,4.8714172637e-01,2.7716499597e-02,-3.5576195398e+00,-2.7866870413e+03,6.6900751770e-03,-2.7866803513e+03,3.5650896683e-05,447024,48,48,48,-3.3360441098e-04,1.0000000000e+00,5.7735014454e-01,5.3096568079e-02,-2.8810848205e+00,-1.3534066291e+00,-7.5498987005e-02,-1.4289056161e+00,7.2641494662e-05,2.7672174791e-02,5.3169209574e-02,6.7247415284e-06,8.1595980849e-04,0,0,0,2.3958248488e-04,3.1921888688e+00,3.1924284512e+00,9.3176175816e-07,2.8572417675e-04,2.8665593851e-04,4.7495061735e-03,2.3958248488e+00
91,9.1000000000e-03,1.0000000000e-04,-9.1083955149e-02,1.3231592808e-01,1.4296051385e+00,2.6185206700e-01,-2.0940579393e-01,2.0940579393e-01,1.3544159075e+00,3.3644167077e-01,1.1832183878e-01,1.1854634725e-01,1.9245006834e-01,1.2782711265e-01,0.0000000000e+00,0.0000000000e+00,0.0000000000e+00,0.0000000000e+00,2.1822120308e-05,3.1700578840e-05,3.4250835149e-04,6.2735168883e-05,2.1822120308e-05,2.3860932142e-05,3.3050423475e-04,3.1528936973e-05,-1.1069228094e+01,1.1069241565e+01,2.7906263679e+03,1.4551727985e+02,-1.1070030959e+01,1.1070030959e+01,2.7906563028e+03,1.4551953031e+02,8.0286464090e-04,2.9757664738e-03,3.7753478995e-01,2.7463056143e-02,0.0000000000e+00,0.0000000000e+00,0.0000000000e+00,0.0000000000e+00,5.2573367170e-06,5.2573431150e-06,1.3254097162e-03,6.9113521901e-05,5.4118733958e-06,5.5482154816e-06,1.3280947845e-03,6.9002428896e-05,1.0000000000e+00,4.1921888688e+00,2.0679115636e+00,4.1921888688e+00,1.0000000000e+00,1.0002857242e+00,1.0000955859e+00,1.0002857242e+00,1.9520259774e+03,2.0604131179e+03,1.9617285316e+00,nan,3.8697150316e+00,4.0845827390e+00,3.8889494680e-03,nan,4.0183896147e+00,2.3252299820e-01,2.1885428283e+00,4.1909914012e+00,9.6495233855e-01,1.0020258402e+00,7.3860954572e-02,8.1372469975e-02,-1.1520751187e-01,5.5962017663e-01,3.1460376840e-01,501738,54,42,42,1.3280947845e-03,4.9791624211e-01,4.8707200314e-01,2.7752150494e-02,-3.5562974287e+00,-2.7891504312e+03,4.0878611933e-03,-2.7891463433e+03,3.7091236733e-05,447024,48,48,48,-3.3050423475e-04,1.0000000000e+00,5.7701654013e-01,5.3169209574e-02,-2.8796409362e+00,-1.3544159075e+00,-7.5189231083e-02,-1.4296051385e+00,8.4001029303e-05,2.7712636819e-02,5.3253210603e-02,5.8715020335e-06,8.2308848134e-04,0,0,0,2.3958248488e-04,3.1921888688e+00,3.1924284512e+00,9.3176175816e-07,2.8572417675e-04,2.8665593851e-04,4.7495061735e-03,2.3958248488e+00
92,9.2000000000e-03,1.0000000000e-04,-9.1099880824e-02,1.3234210109e-01,1.4303670036e+00,2.6193869451e-01,-2.0943877987e-01,2.0943877987e-01,1.3554848527e+00,3.3651582779e-01,1.1833889905e-01,1.1856208186e-01,1.9245008468e-01,1.2783860325e-01,0.0000000000e+00,0.0000000000e+00,0.0000000000e+00,0.0000000000e+00,2.1825935820e-05,3.1706849435e-05,3.4269088101e-04,6.2755923318e-05,2.1825935820e-05,2.3850233774e-05,3.2743890410e-04,3.1459372227e-05,-1.1083405073e+01,1.1083418668e+01,2.7938198038e+03,1.4568948215e+02,-1.1084204461e+01,1.1084204461e+01,2.7938471806e+03,1.4569170089e+02,7.9938785608e-04,2.9769820566e-03,3.7754403177e-01,2.7466836048e-02,0.0000000000e+00,0.0000000000e+00,0.0000000000e+00,0.0000000000e+00,5.2640700818e-06,5.2640765385e-06,1.3269264406e-03,6.9195309491e-05,5.4197888183e-06,5.5572573335e-06,1.3296593296e-03,6.9083114528e-05,1.0000000000e+00,4.1921888688e+00,2.0679115636e+00,4.1921888688e+00,1.0000000000e+00,1.0002857242e+00,1.0000955859e+00,1.0002857242e+00,1.9532188570e+03,2.0611423101e+03,1.9617763868e+00,nan,3.8720798075e+00,4.0860282968e+00,3.8890443368e-03,nan,4.0607860365e+00,2.3300640934e-01,2.1959470148e+00,4.1909914012e+00,9.5549348480e-01,1.0020595633e+00,9.0382783033e-02,9.8627291275e-02,-1.0810124441e-01,5.5977515849e-01,3.1458908796e-01,502902,54,54,54,1.3296593296e-03,4.9924433689e-01,4.8700260649e-01,2.7789241731e-02,-3.5549236528e+00,-2.7915948626e+03,1.4824622887e-03,-2.7915933802e+03,3.8029524620e-05,447024,48,48,48,-3.2743890410e-04,1.0000000000e+00,5.7668603590e-01,5.3253210603e-02,-2.8779735798e+00,-1.3554848527e+00,-7.4882150858e-02,-1.4303670036e+00,9.5126132780e-05,2.7755080329e-02,5.3348336736e-02,5.1248146922e-06,8.3004454141e-04,0,0,0,2.3958248488e-04,3.1921888688e+00,3.1924284512e+00,9.3176175816e-07,2.8572417675e-04,2.8665593851e-04,4.7495061735e-03,2.3958248488e+00
93,9.3000000000e-03,1.0000000000e-04,-9.1119168887e-02,1.3237145115e-01,1.4311892954e+00,2.6203101900e-01,-2.0947511450e-01,2.0947511450e-01,1.3566115749e+00,3.3659591241e-01,1.1835594561e-01,1.1857781110e-01,1.9245008973e-01,1.2785009905e-01,0.0000000000e+00,0.0000000000e+00,0.0000000000e+00,0.0000000000e+00,2.1830556902e-05,3.1713881193e-05,3.4288788773e-04,6.2778042649e-05,2.1830556902e-05,2.3840266985e-05,3.2440717181e-04,3.1391193648e-05,-1.1097758517e+01,1.1097772235e+01,2.7969796639e+03,1.4586381527e+02,-1.1098554426e+01,1.1098554426e+01,2.7970044783e+03,1.4586600214e+02,7.9590936274e-04,2.9781870149e-03,3.7754904597e-01,2.7470642454e-02,0.0000000000e+00,0.0000000000e+00,0.0000000000e+00,0.0000000000e+00,5.2708872586e-06,5.2708937742e-06,1.3284272181e-03,6.9278109113e-05,5.4276358122e-06,5.5663394333e-06,1.3312307609e-03,6.9164807387e-05,1.0000000000e+00,4.1921888688e+00,2.0679115636e+00,4.1921888688e+00,1.0000000000e+00,1.0002857242e+00,1.0000955859e+00,1.0002857242e+00,1.9543044885e+03,2.0617577868e+03,1.9618023899e+00,nan,3.8742319738e+00,4.0872484236e+00,3.8890958856e-03,nan,4.1035799346e+00,2.3348477753e-01,2.2033188086e+00,4.1909914012e+00,9.4610274501e-01,1.0021104226e+00,1.0579786457e-01,1.1470425141e-01,-1.0094015496e-01,5.5993013403e-01,3.1457229472e-01,392298,42,54,42,1.3312307609e-03,5.0057399622e-01,4.8693354489e-01,2.7827271255e-02,-3.5535169729e+00,-2.7939968953e+03,-1.1260686961e-03,-2.7939980214e+03,3.8484199223e-05,447024,48,48,48,-3.2440717181e-04,1.0000000000e+00,5.7635859699e-01,5.3348336736e-02,-2.8760883929e+00,-1.3566115749e+00,-7.4577720459e-02,-1.4311892954e+00,1.0595991284e-04,2.7798969372e-02,5.3454296649e-02,4.4776474861e-06,8.3688775484e-04,0,0,0,2.3958248488e-04,3.1921888688e+00,3.1924284512e+00,9.3176175816e-07,2.8572417675e-04,2.8665593851e-04,4.7495061735e-03,2.3958248488e+00
94,9.4000000000e-03,1.0000000000e-04,-9.1141560661e-02,1.3240365530e-01,1.4320696869e+00,2.6212804551e-01,-2.0951453909e-01,2.0951453909e-01,1.3577937719e+00,3.3668108217e-01,1.1837297843e-01,1.1859354432e-01,1.9245008372e-01,1.2786160007e-01,0.0000000000e+00,0.0000000000e+00,0.0000000000e+00,0.0000000000e+00,2.1835921579e-05,3.1721596745e-05,3.4309881412e-04,6.2801288502e-05,2.1835921579e-05,2.3831024047e-05,3.2140797769e-04,3.1324402840e-05,-1.1112199334e+01,1.1112213174e+01,2.8000832148e+03,1.4603909054e+02,-1.1112991763e+01,1.1112991763e+01,2.8001054624e+03,1.4604124540e+02,7.9242855778e-04,2.9793870470e-03,3.7754986849e-01,2.7474475253e-02,0.0000000000e+00,0.0000000000e+00,0.0000000000e+00,0.0000000000e+00,5.2777459339e-06,5.2777525073e-06,1.3299012515e-03,6.9361356210e-05,5.4354385887e-06,5.5754672224e-06,1.3327946589e-03,6.9246940621e-05,1.0000000000e+00,4.1921888688e+00,2.0679115636e+00,4.1921888688e+00,1.0000000000e+00,1.0002857242e+00,1.0000955859e+00,1.0002857242e+00,1.9552702221e+03,2.0622465063e+03,1.9618067251e+00,nan,3.8761464534e+00,4.0882172658e+00,3.8891044796e-03,nan,4.1467379511e+00,2.3395835661e-01,2.2106388101e+00,4.1909914012e+00,9.3677962285e-01,1.0021756558e+00,1.1968494736e-01,1.2913368491e-01,-9.3813106172e-02,5.6008505671e-01,3.1455455519e-01,391146,42,42,42,1.3327946589e-03,5.0190522698e-01,4.8686482462e-01,2.7865755455e-02,-3.5520953747e+00,-2.7963340770e+03,-3.7376346115e-03,-2.7963378146e+03,3.8478710814e-05,447024,48,48,48,-3.2140797769e-04,1.0000000000e+00,5.7603418982e-01,5.3454296649e-02,-2.8739922356e+00,-1.3577937719e+00,-7.4275914991e-02,-1.4320696869e+00,1.1644634292e-04,2.7843770169e-02,5.3570742992e-02,3.9235773739e-06,8.4361232004e-04,0,0,0,2.3958248488e-04,3.1921888688e+00,3.1924284512e+00,9.3176175816e-07,2.8572417675e-04,2.8665593851e-04,4.7495061735e-03,2.3958248488e+00
95,9.5000000000e-03,1.0000000000e-04,-9.1166801488e-02,1.3243840877e-01,1.4330054599e+00,2.6222882300e-01,-2.0955679905e-01,2.0955679905e-01,1.3590287495e+00,3.3677052834e-01,1.1838999756e-01,1.1860929358e-01,1.9245006624e-01,1.2787310637e-01,0.0000000000e+00,0.0000000000e+00,0.0000000000e+00,0.0000000000e+00,2.1841968839e-05,3.1729923068e-05,3.4332300893e-04,6.2825433023e-05,2.1841968839e-05,2.3822463314e-05,3.1844044155e-04,3.1259001217e-05,-1.1126641444e+01,1.1126655402e+01,2.8031087588e+03,1.4621416253e+02,-1.1127430389e+01,1.1127430389e+01,2.8031284354e+03,1.4621628526e+02,7.8894513412e-04,2.9805957675e-03,3.7755005974e-01,2.7478334284e-02,0.0000000000e+00,0.0000000000e+00,0.0000000000e+00,0.0000000000e+00,5.2846052227e-06,5.2846118524e-06,1.3313382355e-03,6.9444506757e-05,5.4431950418e-06,5.5846477514e-06,1.3343199220e-03,6.9328969000e-05,1.0000000000e+00,4.1921888688e+00,2.0679115636e+00,4.1921888688e+00,1.0000000000e+00,1.0002857242e+00,1.0000955859e+00,1.0002857242e+00,1.9561047304e+03,2.0625968630e+03,1.9618078971e+00,nan,3.8778007907e+00,4.0889118162e+00,3.8891068030e-03,nan,4.1901710583e+00,2.3442780362e-01,2.2178881698e+00,4.1909914012e+00,9.2752432337e-01,1.0022396161e+00,1.3155976197e-01,1.4138764608e-01,-8.6797372845e-02,5.6024015704e-01,3.1453845213e-01,502902,54,54,54,1.3343199220e-03,5.0323802164e-01,4.8679644979e-01,2.7904234165e-02,-3.5506758846e+00,-2.7985851791e+03,-6.3521092360e-03,-2.7985915312e+03,3.8040816154e-05,447024,48,48,48,-3.1844044155e-04,1.0000000000e+00,5.7571278184e-01,5.3570742992e-02,-2.8716931468e+00,-1.3590287495e+00,-7.3976710369e-02,-1.4330054599e+00,1.2653085942e-04,2.7888957893e-02,5.3697273851e-02,3.4568071387e-06,8.5022436939e-04,0,0,0,2.3958248488e-04,3.1921888688e+00,3.1924284512e+00,9.3176175816e-07,2.8572417675e-04,2.8665593851e-04,4.7495061735e-03,2.3958248488e+00
96,9.6000000000e-03,1.0000000000e-04,-9.1194641922e-02,1.3247541162e-01,1.4339935303e+00,2.6233244909e-01,-2.0960164502e-01,2.0960164502e-01,1.3603134471e+00,3.3686347971e-01,1.1840700309e-01,1.1862503761e-01,1.9245007563e-01,1.2788461803e-01,0.0000000000e+00,0.0000000000e+00,0.0000000000e+00,0.0000000000e+00,2.1848638920e-05,3.1738788302e-05,3.4355973329e-04,6.2850260019e-05,2.1848638920e-05,2.3814613093e-05,3.1550385475e-04,3.1194989142e-05,-1.1141002755e+01,1.1141016832e+01,2.8060358611e+03,1.4638794221e+02,-1.1141788214e+01,1.1141788214e+01,2.8060529625e+03,1.4639003272e+02,7.8545897146e-04,2.9818660591e-03,3.7754698344e-01,2.7482219369e-02,0.0000000000e+00,0.0000000000e+00,0.0000000000e+00,0.0000000000e+00,5.2914261363e-06,5.2914328221e-06,1.3327284645e-03,6.9527043525e-05,5.4513809698e-06,5.5933223074e-06,1.3358074391e-03,6.9410352088e-05,1.0000000000e+00,4.1921888688e+00,2.0679115636e+00,4.1921888688e+00,1.0000000000e+00,1.0002857242e+00,1.0000955859e+00,1.0002857242e+00,1.9567981318e+03,2.0627988119e+03,1.9617918164e+00,nan,3.8791753962e+00,4.0893121618e+00,3.8890749245e-03,nan,4.2338862711e+00,2.3486933361e-01,2.2250481246e+00,4.1909914012e+00,9.1833769847e-01,1.0023102790e+00,1.4089821994e-01,1.5090744328e-01,-7.9945773715e-02,5.6039795221e-01,3.1450848327e-01,392298,42,54,42,1.3358074391e-03,5.0457234156e-01,4.8672842254e-01,2.7942274982e-02,-3.5492744162e+00,-2.8007303937e+03,-8.9693045670e-03,-2.8007393631e+03,3.7201810706e-05,447024,48,48,48,-3.1550385475e-04,1.0000000000e+00,5.7539434140e-01,5.3697273851e-02,-2.8692002904e+00,-1.3603134471e+00,-7.3680083158e-02,-1.4339935303e+00,1.3616100187e-04,2.7933860115e-02,5.3833434853e-02,3.0721731272e-06,8.5671166903e-04,0,0,0,2.3958248488e-04,3.1921888688e+00,3.1924284512e+00,9.3176175816e-07,2.8572417675e-04,2.8665593851e-04,4.7495061735e-03,2.3958248488e+00
97,9.7000000000e-03,1.0000000000e-04,-9.1224838775e-02,1.3251438102e-01,1.4350304790e+00,2.6243807409e-01,-2.0964883395e-01,2.0964883395e-01,1.3616444686e+00,3.3695920560e-01,1.1842399518e-01,1.1864077659e-01,1.9245008786e-01,1.2789613518e-01,0.0000000000e+00,0.0000000000e+00,0.0000000000e+00,0.0000000000e+00,2.1855873557e-05,3.1748124688e-05,3.4380816805e-04,6.2875565918e-05,2.1855873557e-05,2.3807399414e-05,3.1259767036e-04,3.1132365132e-05,-1.1155206057e+01,1.1155220253e+01,2.8088455416e+03,1.4655940891e+02,-1.1155988029e+01,1.1155988029e+01,2.8088600641e+03,1.4656146712e+02,7.8197200281e-04,2.9831054783e-03,3.7755002399e-01,2.7486130321e-02,0.0000000000e+00,0.0000000000e+00,0.0000000000e+00,0.0000000000e+00,5.2981720036e-06,5.2981787461e-06,1.3340629240e-03,6.9608481742e-05,5.4592968488e-06,5.6025239523e-06,1.3372495268e-03,6.9490624311e-05,1.0000000000e+00,4.1921888688e+00,2.0679115636e+00,4.1921888688e+00,1.0000000000e+00,1.0002857242e+00,1.0000955859e+00,1.0002857242e+00,1.9573420792e+03,2.0628439573e+03,1.9618074909e+00,nan,3.8802537228e+00,4.0894016584e+00,3.8891059979e-03,nan,4.2778614608e+00,2.3532700295e-01,2.2321023159e+00,4.1909914012e+00,9.0922118615e-01,1.0023886450e+00,1.4714711272e-01,1.5712338042e-01,-7.3322685452e-02,5.6056097128e-01,3.1449974316e-01,392310,42,54,54,1.3372495268e-03,5.0590814900e-01,4.8666074312e-01,2.7979476792e-02,-3.5479056489e+00,-2.8027514829e+03,-1.1589033610e-02,-2.8027630720e+03,3.5995835902e-05,447024,48,48,48,-3.1259767036e-04,1.0000000000e+00,5.7507883755e-01,5.3833434853e-02,-2.8665238868e+00,-1.3616444686e+00,-7.3386010418e-02,-1.4350304790e+00,1.4528707137e-04,2.7973762452e-02,5.3978721924e-02,2.7650913168e-06,8.6307926930e-04,0,0,0,2.3958248488e-04,3.1921888688e+00,3.1924284512e+00,9.3176175816e-07,2.8572417675e-04,2.8665593851e-04,4.7495061735e-03,2.3958248488e+00
98,9.8000000000e-03,1.0000000000e-04,-9.1257156012e-02,1.3255504396e-01,1.4361125873e+00,2.6254490431e-01,-2.0969813003e-01,2.0969813003e-01,1.3630181178e+00,3.3705701853e-01,1.1844097401e-01,1.1865651075e-01,1.9245008875e-01,1.2790765798e-01,0.0000000000e+00,0.0000000000e+00,0.0000000000e+00,0.0000000000e+00,2.1863616201e-05,3.1757866815e-05,3.4406742224e-04,6.2901160567e-05,2.1863616201e-05,2.3800809822e-05,3.0972149204e-04,3.1071125150e-05,-1.1169179773e+01,1.1169194086e+01,2.8115204359e+03,1.4672761870e+02,-1.1169958257e+01,1.1169958257e+01,2.8115323757e+03,1.4672964454e+02,7.7848360853e-04,2.9843131302e-03,3.7754995657e-01,2.7490067601e-02,0.0000000000e+00,0.0000000000e+00,0.0000000000e+00,0.0000000000e+00,5.3048088287e-06,5.3048156264e-06,1.3353333667e-03,6.9688373082e-05,5.4668921908e-06,5.6117225588e-06,1.3386348391e-03,6.9569348666e-05,1.0000000000e+00,4.1921888688e+00,2.0679115636e+00,4.1921888688e+00,1.0000000000e+00,1.0002857242e+00,1.0000955859e+00,1.0002857242e+00,1.9577298192e+03,2.0627256080e+03,1.9618071315e+00,nan,3.8810223823e+00,4.0891670417e+00,3.8891052853e-03,nan,4.3220598940e+00,2.3577863950e-01,2.2390353851e+00,4.1909914012e+00,9.0017674451e-01,1.0024723956e+00,1.4983833006e-01,1.5957924959e-01,-6.6969535390e-02,5.6072196342e-01,3.1449283292e-01,502902,54,54,54,1.3386348391e-03,5.0724539853e-01,4.8659341005e-01,2.8015472628e-02,-3.5465829346e+00,-2.8046318919e+03,-1.4211093598e-02,-2.8046461030e+03,3.4459201035e-05,447024,48,48,48,-3.0972149204e-04,1.0000000000e+00,5.7476623988e-01,5.3978721924e-02,-2.8636751310e+00,-1.3630181178e+00,-7.3094469558e-02,-1.4361125873e+00,1.5386276039e-04,2.8004073394e-02,5.4132584685e-02,2.5315913640e-06,8.7814874080e-04,0,0,0,2.3958248488e-04,3.1921888688e+00,3.1924284512e+00,9.3176175816e-07,2.8572417675e-04,2.8665593851e-04,4.7495061735e-03,2.3958248488e+00
99,9.9000000000e-03,1.0000000000e-04,-9.1291365521e-02,1.3259713961e-01,1.4372358758e+00,2.6265220460e-01,-2.0974930536e-01,2.0974930536e-01,1.3644304376e+00,3.3715627613e-01,1.1845793984e-01,1.1867224031e-01,1.9245007842e-01,1.2791918657e-01,0.0000000000e+00,0.0000000000e+00,0.0000000000e+00,0.0000000000e+00,2.1871812200e-05,3.1767952196e-05,3.4433654248e-04,6.2926867839e-05,2.1871812200e-05,2.3794834086e-05,3.0687506179e-04,3.1011261990e-05,-1.1182858714e+01,1.1182873141e+01,2.8145395627e+03,1.4689171807e+02,-1.1183633707e+01,1.1183633707e+01,2.8145726345e+03,1.4689371150e+02,7.7499310954e-04,2.9854879994e-03,3.7754815718e-01,2.7494030726e-02,0.0000000000e+00,0.0000000000e+00,0.0000000000e+00,0.0000000000e+00,5.3113056500e-06,5.3113125021e-06,1.3367673029e-03,6.9766312181e-05,5.4745913213e-06,5.6203718851e-06,1.3399609223e-03,6.9646102161e-05,1.0000000000e+00,4.1921888688e+00,2.0679115636e+00,4.1921888688e+00,1.0000000000e+00,1.0002857242e+00,1.0000955859e+00,1.0002857242e+00,1.9583003807e+03,2.0628187095e+03,1.9617978870e+00,nan,3.8821534690e+00,4.0893516071e+00,3.8890869588e-03,nan,4.3664705582e+00,2.3620134794e-01,2.2458325683e+00,4.1909914012e+00,8.9120678153e-01,1.0023890616e+00,1.4929383092e-01,1.5874253285e-01,-6.0911016645e-02,5.6088155069e-01,3.1447289790e-01,501738,54,42,42,1.3399609223e-03,5.0858403337e-01,4.8652642030e-01,2.8049931829e-02,-3.5453182313e+00,-2.8063568298e+03,-1.6835258864e-02,-2.8063736651e+03,3.2629753603e-05,447024,48,48,48,-3.0687506179e-04,1.0000000000e+00,5.7445651839e-01,5.4132584685e-02,-2.8606660970e+00,-1.3644304376e+00,-7.2805438202e-02,-1.4372358758e+00,1.6184583798e-04,2.8014612674e-02,5.4294430523e-02,2.3681505117e-06,8.9424481716e-04,0,0,0,2.3958248488e-04,3.1921888688e+00,3.1924284512e+00,9.3176175816e-07,2.8572417675e-04,2.8665593851e-04,4.7495061735e-03,2.3958248488e+00
100,1.0000000000e-02,1.0000000000e-04,-9.1327247748e-02,1.3264042576e-01,1.4383961479e+00,2.6275930027e-01,-2.0980214069e-01,2.0980214069e-01,1.3658772538e+00,3.3725638269e-01,1.1847489294e-01,1.1868796555e-01,1.9245006217e-01,1.2793072116e-01,0.0000000000e+00,0.0000000000e+00,0.0000000000e+00,0.0000000000e+00,2.1880408953e-05,3.1778322798e-05,3.4461452335e-04,6.2952526085e-05,2.1880408953e-05,2.3789474787e-05,3.0405824659e-04,3.0952764773e-05,-1.1196184542e+01,1.1196199082e+01,2.8175798271e+03,1.4705094781e+02,-1.1196956043e+01,1.1196956043e+01,2.8176103057e+03,1.4705290880e+02,7.7150163996e-04,2.9866308589e-03,3.7755001987e-01,2.7498019237e-02,0.0000000000e+00,0.0000000000e+00,0.0000000000e+00,0.0000000000e+00,5.3176347600e-06,5.3176416658e-06,1.3382112783e-03,6.9841938443e-05,5.4821337851e-06,5.6289894467e-06,1.3411932439e-03,6.9720532638e-05,1.0000000000e+00,4.1921888688e+00,2.0679115636e+00,4.1921888688e+00,1.0000000000e+00,1.0002857242e+00,1.0000955859e+00,1.0002857242e+00,1.9588343805e+03,2.0628576235e+03,1.9618077314e+00,nan,3.8832120751e+00,4.0894287504e+00,3.8891064746e-03,nan,4.4109747359e+00,2.3661680205e-01,2.2524815844e+00,4.1909914012e+00,8.8231408134e-01,1.0022283220e+00,1.4605395237e-01,1.5535774563e-01,-5.5174394481e-02,5.6104265283e-01,3.1445876841e-01,392310,42,54,54,1.3411932439e-03,5.0992399429e-01,4.8645976942e-01,2.8082561583e-02,-3.5441220615e+00,-2.8079133147e+03,-1.9461298335e-02,-2.8079327760e+03,3.0546360602e-05,447024,48,48,48,-3.0405824659e-04,1.0000000000e+00,5.7414964332e-01,5.4294430523e-02,-2.8575096302e+00,-1.3658772538e+00,-7.2518894063e-02,-1.4383961479e+00,1.6919872333e-04,2.8025173222e-02,5.4463629246e-02,2.2716180820e-06,9.1037436472e-04,0,0,0,2.3958248488e-04,3.1921888688e+00,3.1924284512e+00,9.3176175816e-07,2.8572417675e-04,2.8665593851e-04,4.7495061735e-03,2.3958248488e+00
101,1.0100000000e-02,1.0000000000e-04,-9.1364592223e-02,1.3268466570e-01,1.4395890354e+00,2.6286557822e-01,-2.0985642585e-01,2.0985642585e-01,1.3673542205e+00,3.3735679010e-01,1.1849183362e-01,1.1870368674e-01,1.9245008151e-01,1.2794226194e-01,0.0000000000e+00,0.0000000000e+00,0.0000000000e+00,0.0000000000e+00,2.1889356035e-05,3.1788921915e-05,3.4490031830e-04,6.2977988421e-05,2.1889356035e-05,2.3784682261e-05,3.0127102431e-04,3.0895618559e-05,-1.1209106180e+01,1.1209120831e+01,2.8204465925e+03,1.4720464711e+02,-1.1209874189e+01,1.1209874189e+01,2.8204744732e+03,1.4720657567e+02,7.6800945424e-04,2.9877416021e-03,3.7754657343e-01,2.7502033085e-02,0.0000000000e+00,0.0000000000e+00,0.0000000000e+00,0.0000000000e+00,5.3237719001e-06,5.3237788586e-06,1.3395728503e-03,6.9914938021e-05,5.4895514423e-06,5.6373548907e-06,1.3423563407e-03,6.9792319289e-05,1.0000000000e+00,4.1921888688e+00,2.0679115636e+00,4.1921888688e+00,1.0000000000e+00,1.0002857242e+00,1.0000955859e+00,1.0002857242e+00,1.9592026079e+03,2.0627240775e+03,1.9617896260e+00,nan,3.8839420528e+00,4.0891640076e+00,3.8890705823e-03,nan,4.4556436975e+00,2.3701619508e-01,2.2589714187e+00,4.1909914012e+00,8.7350172882e-01,1.0020778940e+00,1.3910445134e-01,1.4831820525e-01,-4.9776814491e-02,5.6120291437e-01,3.1444666845e-01,502902,54,54,54,1.3423563407e-03,5.1126518753e-01,4.8639345172e-01,2.8113107943e-02,-3.5430034891e+00,-2.8092902119e+03,-2.2088912748e-02,-2.8093123008e+03,2.8248360931e-05,447024,48,48,48,-3.0127102431e-04,1.0000000000e+00,5.7384558508e-01,5.4463629246e-02,-2.8542192290e+00,-1.3673542205e+00,-7.2234814832e-02,-1.4395890354e+00,1.7588903201e-04,2.8034362462e-02,5.4639518278e-02,2.2391580059e-06,9.2652203611e-04,0,0,0,2.3958248488e-04,3.1921888688e+00,3.1924284512e+00,9.3176175816e-07,2.8572417675e-04,2.8665593851e-04,4.7495061735e-03,2.3958248488e+00
102,1.0200000000e-02,1.0000000000e-04,-9.1403197976e-02,1.3272963473e-01,1.4408100463e+00,2.6297048754e-01,-2.0991196021e-01,2.0991196021e-01,1.3688568682e+00,3.3745699842e-01,1.1850876223e-01,1.1871940765e-01,1.9245008950e-01,1.2795380913e-01,0.0000000000e+00,0.0000000000e+00,0.0000000000e+00,0.0000000000e+00,2.1898605297e-05,3.1799695707e-05,3.4519285113e-04,6.3003122855e-05,2.1898605297e-05,2.3780439989e-05,2.9851346902e-04,3.0839804080e-05,-1.1221580133e+01,1.1221594893e+01,2.8231302445e+03,1.4735225918e+02,-1.1222344650e+01,1.1222344650e+01,2.8231555229e+03,1.4735415532e+02,7.6451703925e-04,2.9888203376e-03,3.7754799073e-01,2.7506071952e-02,0.0000000000e+00,0.0000000000e+00,0.0000000000e+00,0.0000000000e+00,5.3296964119e-06,5.3297034219e-06,1.3408474525e-03,6.9985046467e-05,5.4971100506e-06,5.6452046462e-06,1.3434468072e-03,6.9861116735e-05,1.0000000000e+00,4.1921888688e+00,2.0679115636e+00,4.1921888688e+00,1.0000000000e+00,1.0002857242e+00,1.0000955859e+00,1.0002857242e+00,1.9594048860e+03,2.0624183496e+03,1.9617969091e+00,nan,3.8843430508e+00,4.0885579296e+00,3.8890850203e-03,nan,4.5004562494e+00,2.3738857014e-01,2.2652905496e+00,4.1909914012e+00,8.6477303352e-01,1.0019385909e+00,1.2818542596e-01,1.3735237894e-01,-4.4724542259e-02,5.6136440215e-01,3.1442192163e-01,392298,42,54,42,1.3434468072e-03,5.1260754387e-01,4.8632746046e-01,2.8141356304e-02,-3.5419701166e+00,-2.8104782079e+03,-2.4717850493e-02,-2.8105029257e+03,2.5775204924e-05,447024,48,48,48,-2.9851346902e-04,1.0000000000e+00,5.7354431405e-01,5.4639518278e-02,-2.8508089180e+00,-1.3688568682e+00,-7.1953178074e-02,-1.4408100463e+00,1.8189006665e-04,2.8043065010e-02,5.4821408345e-02,2.2680950306e-06,9.4285354341e-04,0,0,0,2.3958248488e-04,3.1921888688e+00,3.1924284512e+00,9.3176175816e-07,2.8572417675e-04,2.8665593851e-04,4.7495061735e-03,2.3958248488e+00
103,1.0300000000e-02,1.0000000000e-04,-9.1442873856e-02,1.3277513525e-01,1.4420546132e+00,2.6307353940e-01,-2.0996855300e-01,2.0996855300e-01,1.3703806520e+00,3.3755655593e-01,1.1852567914e-01,1.1873512663e-01,1.9245008670e-01,1.2796536294e-01,0.0000000000e+00,0.0000000000e+00,0.0000000000e+00,0.0000000000e+00,2.1908110943e-05,3.1810596834e-05,3.4549102756e-04,6.3027812276e-05,2.1908110943e-05,2.3776743921e-05,2.9578573585e-04,3.0785297597e-05,-1.1233570603e+01,1.1233585469e+01,2.8256229693e+03,1.4749333169e+02,-1.1234331629e+01,1.1234331629e+01,2.8256456413e+03,1.4749519545e+02,7.6102602637e-04,2.9899791659e-03,3.7755003568e-01,2.7510135622e-02,0.0000000000e+00,0.0000000000e+00,0.0000000000e+00,0.0000000000e+00,5.3353912928e-06,5.3353983535e-06,1.3420313737e-03,7.0052048943e-05,5.5044884929e-06,5.6532274238e-06,1.3444603623e-03,6.9926783839e-05,1.0000000000e+00,4.1921888688e+00,2.0679115636e+00,4.1921888688e+00,1.0000000000e+00,1.0002857242e+00,1.0000955859e+00,1.0002857242e+00,1.9594424119e+03,2.0619421597e+03,1.9618075634e+00,nan,3.8844174425e+00,4.0876139263e+00,3.8891061416e-03,nan,4.5453860662e+00,2.3776289313e-01,2.2714343956e+00,4.1909914012e+00,8.5613145424e-01,1.0018099343e+00,1.1330825208e-01,1.2251147997e-01,-4.0028296349e-02,5.6152773191e-01,3.1441207194e-01,391146,42,42,42,1.3444603623e-03,5.1395099068e-01,4.8626178798e-01,2.8167131509e-02,-3.5410280948e+00,-2.8114698018e+03,-2.7347852897e-02,-2.8114971496e+03,2.3166079958e-05,447024,48,48,48,-2.9578573585e-04,1.0000000000e+00,5.7324580058e-01,5.4821408345e-02,-2.8472931146e+00,-1.3703806520e+00,-7.1673961143e-02,-1.4420546132e+00,1.8718110504e-04,2.8052138452e-02,5.5008589450e-02,2.3557915285e-06,9.5873350461e-04,0,0,0,2.3958248488e-04,3.1921888688e+00,3.1924284512e+00,9.3176175816e-07,2.8572417675e-04,2.8665593851e-04,4.7495061735e-03,2.3958248488e+00
104,1.0400000000e-02,1.0000000000e-04,-9.1483438756e-02,1.3282096709e-01,1.4433181416e+00,2.6317430646e-01,-2.1002602349e-01,2.1002602349e-01,1.3719210005e+00,3.3765505880e-01,1.1854258473e-01,1.1875084246e-01,1.9245007288e-01,1.2797692361e-01,0.0000000000e+00,0.0000000000e+00,0.0000000000e+00,0.0000000000e+00,2.1917829583e-05,3.1821577339e-05,3.4579374684e-04,6.3051954299e-05,2.1917829583e-05,2.3773543115e-05,2.9308804587e-04,3.0732070876e-05,-1.1245049594e+01,1.1245064564e+01,2.8279187209e+03,1.4762751647e+02,-1.1245807130e+01,1.1245807130e+01,2.8279387825e+03,1.4762934791e+02,7.5753687327e-04,2.9912785812e-03,3.7754700865e-01,2.7514224349e-02,0.0000000000e+00,0.0000000000e+00,0.0000000000e+00,0.0000000000e+00,5.3408432466e-06,5.3408503567e-06,1.3431217423e-03,7.0115780087e-05,5.5115717424e-06,5.6610722537e-06,1.3453910486e-03,6.9989216266e-05,1.0000000000e+00,4.1921888688e+00,2.0679115636e+00,4.1921888688e+00,1.0000000000e+00,1.0002857242e+00,1.0000955859e+00,1.0002857242e+00,1.9593176580e+03,2.0612985598e+03,1.9617919754e+00,nan,3.8841701291e+00,4.0863380477e+00,3.8890752398e-03,nan,4.5903989178e+00,2.3812488641e-01,2.2773999367e+00,4.1909914012e+00,8.4758052609e-01,1.0016895760e+00,9.2379219781e-02,1.0097188780e-01,-3.5695438392e-02,5.6168648997e-01,3.1440322420e-01,502902,54,54,54,1.3453910486e-03,5.1529545104e-01,4.8619642586e-01,2.8190297589e-02,-3.5401821443e+00,-2.8122592737e+03,-2.9978652586e-02,-2.8122892523e+03,2.0459548890e-05,447024,48,48,48,-2.9308804587e-04,1.0000000000e+00,5.7295001485e-01,5.5008589450e-02,-2.8436864932e+00,-1.3719210005e+00,-7.1397141110e-02,-1.4433181416e+00,1.9174819190e-04,2.8061484730e-02,5.5200337642e-02,2.4996375924e-06,9.7424895576e-04,0,0,0,2.3958248488e-04,3.1921888688e+00,3.1924284512e+00,9.3176175816e-07,2.8572417675e-04,2.8665593851e-04,4.7495061735e-03,2.3958248488e+00
105,1.0500000000e-02,1.0000000000e-04,-9.1524721758e-02,1.3286696481e-01,1.4445960601e+00,2.6327242170e-01,-2.1008420117e-01,2.1008420117e-01,1.3734733654e+00,3.3775215038e-01,1.1855947941e-01,1.1876655549e-01,1.9245007068e-01,1.2798849137e-01,0.0000000000e+00,0.0000000000e+00,0.0000000000e+00,0.0000000000e+00,2.1927720267e-05,3.1832597588e-05,3.4609991372e-04,6.3075460992e-05,2.1927720267e-05,2.3770823981e-05,2.9042067065e-04,3.0680091284e-05,-1.1255996725e+01,1.1256011798e+01,2.8300131900e+03,1.4775457021e+02,-1.1256750775e+01,1.1256750775e+01,2.8300306376e+03,1.4775636939e+02,7.5404963409e-04,2.9926048332e-03,3.7754357075e-01,2.7518337620e-02,0.0000000000e+00,0.0000000000e+00,0.0000000000e+00,0.0000000000e+00,5.3460425935e-06,5.3460497525e-06,1.3441165117e-03,7.0176124336e-05,5.5182924742e-06,5.6685516629e-06,1.3462096823e-03,7.0048276821e-05,1.0000000000e+00,4.1921888688e+00,2.0679115636e+00,4.1921888688e+00,1.0000000000e+00,1.0002857242e+00,1.0000955859e+00,1.0002857242e+00,1.9590342714e+03,2.0604918224e+03,1.9617741340e+00,nan,3.8836083408e+00,4.0847387636e+00,3.8890398707e-03,nan,4.6353783265e+00,2.3846677202e-01,2.2831834551e+00,4.1909914012e+00,8.3912378805e-01,1.0015572836e+00,6.5284861420e-02,7.1847003727e-02,-3.1721294840e-02,5.6184125727e-01,3.1439574443e-01,391146,42,42,42,1.3462096823e-03,5.1664084209e-01,4.8613136513e-01,2.8210757138e-02,-3.5394355886e+00,-2.8128426402e+03,-3.2609970290e-02,-2.8128752502e+03,1.7693260837e-05,447024,48,48,48,-2.9042067065e-04,1.0000000000e+00,5.7265692680e-01,5.5200337642e-02,-2.8400038376e+00,-1.3734733654e+00,-7.1122694704e-02,-1.4445960601e+00,1.9558360844e-04,2.8071010109e-02,5.5395921250e-02,2.6968397201e-06,9.8940877423e-04,0,0,0,2.3958248488e-04,3.1921888688e+00,3.1924284512e+00,9.3176175816e-07,2.8572417675e-04,2.8665593851e-04,4.7495061735e-03,2.3958248488e+00
106,1.0600000000e-02,1.0000000000e-04,-9.1566562189e-02,1.3291295402e-01,1.4458838641e+00,2.6336757677e-01,-2.1014292577e-01,2.1014292577e-01,1.3750332658e+00,3.3784752013e-01,1.1857636358e-01,1.1878226602e-01,1.9245008579e-01,1.2800006644e-01,0.0000000000e+00,0.0000000000e+00,0.0000000000e+00,0.0000000000e+00,2.1937744501e-05,3.1843615797e-05,3.4640844901e-04,6.3098258481e-05,2.1937744501e-05,2.3768543484e-05,2.8778391790e-04,3.0629321989e-05,-1.1266399053e+01,1.1266414228e+01,2.8319037429e+03,1.4787434981e+02,-1.1267149617e+01,1.1267149617e+01,2.8319185732e+03,1.4787611683e+02,7.5056414066e-04,2.9939770854e-03,3.7754889379e-01,2.7522474815e-02,0.0000000000e+00,0.0000000000e+00,0.0000000000e+00,0.0000000000e+00,5.3509831855e-06,5.3509903929e-06,1.3450144310e-03,7.0233013731e-05,5.5246252025e-06,5.6758527506e-06,1.3469324488e-03,7.0103889047e-05,1.0000000000e+00,4.1921888688e+00,2.0679115636e+00,4.1921888688e+00,1.0000000000e+00,1.0002857242e+00,1.0000955859e+00,1.0002857242e+00,1.9585969615e+03,2.0595273173e+03,1.9618016393e+00,nan,3.8827414135e+00,4.0828267195e+00,3.8890943976e-03,nan,4.6803603851e+00,2.3879682633e-01,2.2887835738e+00,4.1909914012e+00,8.3076471929e-01,1.0014260203e+00,3.6005464591e-02,3.9679601535e-02,-2.8100463324e-02,5.6199287359e-01,3.1438795219e-01,392298,42,54,42,1.3469324488e-03,5.1798705177e-01,4.8606659639e-01,2.8228450399e-02,-3.5387903968e+00,-2.8132176181e+03,-3.5241469553e-02,-2.8132528595e+03,1.4903581839e-05,447024,48,48,48,-2.8778391790e-04,1.0000000000e+00,5.7236650613e-01,5.5395921250e-02,-2.8362599080e+00,-1.3750332658e+00,-7.0850598263e-02,-1.4458838641e+00,1.9868632758e-04,2.8080623876e-02,5.5594607578e-02,2.9443614304e-06,1.0043416168e-03,0,0,0,2.3958248488e-04,3.1921888688e+00,3.1924284512e+00,9.3176175816e-07,2.8572417675e-04,2.8665593851e-04,4.7495061735e-03,2.3958248488e+00
107,1.0700000000e-02,1.0000000000e-04,-9.1608809622e-02,1.3295880758e-01,1.4471771601e+00,2.6345951998e-01,-2.1020204730e-01,2.1020204730e-01,1.3765963324e+00,3.3794090229e-01,1.1859323768e-01,1.1879797440e-01,1.9245008970e-01,1.2801164907e-01,0.0000000000e+00,0.0000000000e+00,0.0000000000e+00,0.0000000000e+00,2.1947866246e-05,3.1854601506e-05,3.4671830008e-04,6.3120286463e-05,2.1947866246e-05,2.3766682204e-05,2.8517811718e-04,3.0579722260e-05,-1.1276250761e+01,1.1276266037e+01,2.8335893522e+03,1.4798680748e+02,-1.1276997841e+01,1.1276997841e+01,2.8336015621e+03,1.4798854244e+02,7.4708015421e-04,2.9953173634e-03,3.7754991323e-01,2.7526635391e-02,0.0000000000e+00,0.0000000000e+00,0.0000000000e+00,0.0000000000e+00,5.3556622601e-06,5.3556695159e-06,1.3458150122e-03,7.0286425571e-05,5.5304370215e-06,5.6829820860e-06,1.3475748171e-03,7.0156022841e-05,1.0000000000e+00,4.1921888688e+00,2.0679115636e+00,4.1921888688e+00,1.0000000000e+00,1.0002857242e+00,1.0000955859e+00,1.0002857242e+00,1.9580113827e+03,2.0584113843e+03,1.9618068966e+00,nan,3.8815805565e+00,4.0806144831e+00,3.8891048197e-03,nan,4.7253794590e+00,2.3911549948e-01,2.2942007859e+00,4.1909914012e+00,8.2250667794e-01,1.0013076128e+00,8.6881638577e-03,9.6394273935e-03,-2.4826128269e-02,5.6214117294e-01,3.1438360621e-01,502890,54,54,42,1.3475748171e-03,5.1933398422e-01,4.8600210997e-01,2.8243353981e-02,-3.5382472363e+00,-2.8133835229e+03,-3.7872845581e-02,-2.8134213958e+03,1.2125314569e-05,447024,48,48,48,-2.8517811718e-04,1.0000000000e+00,5.7207872221e-01,5.5594607578e-02,-2.8324693045e+00,-1.3765963324e+00,-7.0580827706e-02,-1.4471771601e+00,2.0106207223e-04,2.8090237321e-02,5.5795669650e-02,3.2388557713e-06,1.0196623195e-03,0,0,0,2.3958248488e-04,3.1921888688e+00,3.1924284512e+00,9.3176175816e-07,2.8572417675e-04,2.8665593851e-04,4.7495061735e-03,2.3958248488e+00
108,1.0800000000e-02,1.0000000000e-04,-9.1651323797e-02,1.3300437965e-01,1.4484717064e+00,2.6354805383e-01,-2.1026142590e-01,2.1026142590e-01,1.3781583479e+00,3.3803207420e-01,1.1861010211e-01,1.1881368092e-01,1.9245008326e-01,1.2802323948e-01,0.0000000000e+00,0.0000000000e+00,0.0000000000e+00,0.0000000000e+00,2.1958051898e-05,3.1865519776e-05,3.4702845071e-04,6.3141497622e-05,2.1958051898e-05,2.3765206149e-05,2.8260360630e-04,3.0531247851e-05,-1.1285552773e+01,1.1285568150e+01,2.8350705186e+03,1.4809198516e+02,-1.1286296370e+01,1.1286296370e+01,2.8350801053e+03,1.4809368818e+02,7.4359692479e-04,2.9966245087e-03,3.7754700705e-01,2.7530818828e-02,0.0000000000e+00,0.0000000000e+00,0.0000000000e+00,0.0000000000e+00,5.3600802567e-06,5.3600875601e-06,1.3465184930e-03,7.0336379774e-05,5.5359624731e-06,5.6897590664e-06,1.3481361422e-03,7.0204693480e-05,1.0000000000e+00,4.1921888688e+00,2.0679115636e+00,4.1921888688e+00,1.0000000000e+00,1.0002857242e+00,1.0000955859e+00,1.0002857242e+00,1.9572840159e+03,2.0571512044e+03,1.9617918613e+00,nan,3.8801386176e+00,4.0781162904e+00,3.8890750135e-03,nan,4.7704137955e+00,2.3941551488e-01,2.2994374100e+00,4.1909914012e+00,8.1435284548e-01,1.0012013568e+00,-1.4407007511e-02,-1.5440586691e-02,-2.1886637187e-02,5.6228673653e-01,3.1438144679e-01,502902,54,54,54,1.3481361422e-03,5.2068155904e-01,4.8593789607e-01,2.8255479295e-02,-3.5378055350e+00,-2.8133411857e+03,-4.0503823835e-02,-2.8133816896e+03,9.3913843736e-06,447024,48,48,48,-2.8260360630e-04,1.0000000000e+00,5.7179354410e-01,5.5795669650e-02,-2.8286463328e+00,-1.3781583479e+00,-7.0313358513e-02,-1.4484717064e+00,2.0272323097e-04,2.8099763097e-02,5.5998392881e-02,3.5766158330e-06,1.0351950112e-03,0,0,0,2.3958248488e-04,3.1921888688e+00,3.1924284512e+00,9.3176175816e-07,2.8572417675e-04,2.8665593851e-04,4.7495061735e-03,2.3958248488e+00
109,1.0900000000e-02,1.0000000000e-04,-9.1693974488e-02,1.3304956832e-01,1.4497634508e+00,2.6363303225e-01,-2.1032093179e-01,2.1032093179e-01,1.3797152851e+00,3.3812085445e-01,1.1862695730e-01,1.1882938592e-01,1.9245006559e-01,1.2803483789e-01,0.0000000000e+00,0.0000000000e+00,0.0000000000e+00,0.0000000000e+00,2.1968270257e-05,3.1876346191e-05,3.4733793004e-04,6.3161856964e-05,2.1968270257e-05,2.3764071046e-05,2.8006071866e-04,3.0483851458e-05,-1.1294312252e+01,1.1294327728e+01,2.8363491833e+03,1.4819000759e+02,-1.1295052367e+01,1.1295052367e+01,2.8363561442e+03,1.4819167881e+02,7.4011461761e-04,2.9978982927e-03,3.7754995668e-01,2.7535024591e-02,0.0000000000e+00,0.0000000000e+00,0.0000000000e+00,0.0000000000e+00,5.3642405766e-06,5.3642479270e-06,1.3471257956e-03,7.0382935590e-05,5.5412748693e-06,5.6963650425e-06,1.3486123060e-03,7.0249956989e-05,1.0000000000e+00,4.1921888688e+00,2.0679115636e+00,4.1921888688e+00,1.0000000000e+00,1.0002857242e+00,1.0000955859e+00,1.0002857242e+00,1.9564220505e+03,2.0557546726e+03,1.9618073682e+00,nan,3.8784298491e+00,4.0753477925e+00,3.8891057546e-03,nan,4.8154282844e+00,2.3970493235e-01,2.3044974184e+00,4.1909914012e+00,8.0630617747e-01,1.0011034681e+00,-3.2914897320e-02,-3.5179926498e-02,-1.9269410869e-02,5.6243184660e-01,3.1437842195e-01,502902,54,54,54,1.3486123060e-03,5.2202969518e-01,4.8587394492e-01,2.8264870680e-02,-3.5374635518e+00,-2.8130928738e+03,-4.3134128585e-02,-2.8131360079e+03,6.7325017529e-06,447024,48,48,48,-2.8006071866e-04,1.0000000000e+00,5.7151094049e-01,5.5998392881e-02,-2.8248048768e+00,-1.3797152851e+00,-7.0048165721e-02,-1.4497634508e+00,2.0368860470e-04,2.8109012386e-02,5.6202081486e-02,3.9535250213e-06,1.0508408802e-03,0,0,0,2.3958248488e-04,3.1921888688e+00,3.1924284512e+00,9.3176175816e-07,2.8572417675e-04,2.8665593851e-04,4.7495061735e-03,2.3958248488e+00
110,1.1000000000e-02,1.0000000000e-04,-9.1736641310e-02,1.3309426991e-01,1.4510485632e+00,2.6371435761e-01,-2.1038044498e-01,2.1038044498e-01,1.3812633393e+00,3.3820710071e-01,1.1864380367e-01,1.1884508968e-01,1.9245007757e-01,1.2804644453e-01,0.0000000000e+00,0.0000000000e+00,0.0000000000e+00,0.0000000000e+00,2.1978492480e-05,3.1887055909e-05,3.4764582046e-04,6.3181341097e-05,2.1978492480e-05,2.3763262321e-05,2.7754977168e-04,3.0437483235e-05,-1.1302542041e+01,1.1302557614e+01,2.8374286238e+03,1.4828107420e+02,-1.1303278675e+01,1.1303278675e+01,2.8374329569e+03,1.4828271375e+02,7.3663367092e-04,2.9991387784e-03,3.7754955965e-01,2.7539252281e-02,0.0000000000e+00,0.0000000000e+00,0.0000000000e+00,0.0000000000e+00,5.3681493202e-06,5.3681567166e-06,1.3476384766e-03,7.0426187734e-05,5.5466155750e-06,5.7025542088e-06,1.3489800425e-03,7.0291908842e-05,1.0000000000e+00,4.1921888688e+00,2.0679115636e+00,4.1921888688e+00,1.0000000000e+00,1.0002857242e+00,1.0000955859e+00,1.0002857242e+00,1.9554332610e+03,2.0542302660e+03,1.9618051830e+00,nan,3.8764696632e+00,4.0723257941e+00,3.8891014226e-03,nan,4.8603176082e+00,2.3997354117e-01,2.3093863674e+00,4.1909914012e+00,7.9836936143e-01,1.0009954939e+00,-4.7431667614e-02,-5.0376815530e-02,-1.6963624417e-02,5.6257375320e-01,3.1437616030e-01,502890,54,54,42,1.3489800425e-03,5.2337830749e-01,4.8581024690e-01,2.8271603182e-02,-3.5372184585e+00,-2.8126421923e+03,-4.5763476210e-02,-2.8126879558e+03,4.1768437794e-06,447024,48,48,48,-2.7754977168e-04,1.0000000000e+00,5.7123087977e-01,5.6202081486e-02,-2.8209582805e+00,-1.3812633393e+00,-6.9785223927e-02,-1.4510485632e+00,2.0398311164e-04,2.8116294820e-02,5.6406064597e-02,4.3650597819e-06,1.0665586286e-03,0,0,0,2.3958248488e-04,3.1921888688e+00,3.1924284512e+00,9.3176175816e-07,2.8572417675e-04,2.8665593851e-04,4.7495061735e-03,2.3958248488e+00
111,1.1100000000e-02,1.0000000000e-04,-9.1779213476e-02,1.3313837077e-01,1.4523234647e+00,2.6379197741e-01,-2.1043985511e-01,2.1043985511e-01,1.3827989574e+00,3.3829070752e-01,1.1866064163e-01,1.1886079250e-01,1.9245008850e-01,1.2805805960e-01,0.0000000000e+00,0.0000000000e+00,0.0000000000e+00,0.0000000000e+00,2.1988692025e-05,3.1897621702e-05,3.4795126452e-04,6.3199937441e-05,2.1988692025e-05,2.3762735121e-05,2.7507105641e-04,3.0392091342e-05,-1.1310260076e+01,1.1310275747e+01,2.8383133384e+03,1.4836545112e+02,-1.1310993232e+01,1.1310993232e+01,2.8383150415e+03,1.4836705914e+02,7.3315543578e-04,3.0003469568e-03,3.7754963148e-01,2.7543501485e-02,0.0000000000e+00,0.0000000000e+00,0.0000000000e+00,0.0000000000e+00,5.3718150057e-06,5.3718224482e-06,1.3480586723e-03,7.0466262603e-05,5.5516725097e-06,5.7085972217e-06,1.3492448889e-03,7.0330673851e-05,1.0000000000e+00,4.1921888688e+00,2.0679115636e+00,4.1921888688e+00,1.0000000000e+00,1.0002857242e+00,1.0000955859e+00,1.0002857242e+00,1.9543258836e+03,2.0525869118e+03,1.9618054449e+00,nan,3.8742743877e+00,4.0690679931e+00,3.8891019417e-03,nan,4.9050776425e+00,2.4023317150e-01,2.3141110317e+00,4.1909914012e+00,7.9054478160e-01,1.0008799444e+00,-5.8777673497e-02,-6.2050899411e-02,-1.4957928502e-02,5.6271232901e-01,3.1437722287e-01,502902,54,54,54,1.3492448889e-03,5.2472728753e-01,4.8574679267e-01,2.8275780025e-02,-3.5370664312e+00,-2.8119939937e+03,-4.8391538013e-02,-2.8120423853e+03,1.7497001643e-06,447024,48,48,48,-2.7507105641e-04,1.0000000000e+00,5.7095333000e-01,5.6406064597e-02,-2.8171192394e+00,-1.3827989574e+00,-6.9524507306e-02,-1.4523234647e+00,2.0363737418e-04,2.8123058012e-02,5.6609701971e-02,4.8062864654e-06,1.0823439015e-03,0,0,0,2.3958248488e-04,3.1921888688e+00,3.1924284512e+00,9.3176175816e-07,2.8572417675e-04,2.8665593851e-04,4.7495061735e-03,2.3958248488e+00
112,1.1200000000e-02,1.0000000000e-04,-9.1821589503e-02,1.3318179567e-01,1.4535848510e+00,2.6386588083e-01,-2.1049906107e-01,2.1049906107e-01,1.3843188614e+00,3.3837160379e-01,1.1867747157e-01,1.1887649465e-01,1.9245008873e-01,1.2806968329e-01,0.0000000000e+00,0.0000000000e+00,0.0000000000e+00,0.0000000000e+00,2.1998844579e-05,3.1908025548e-05,3.4825347060e-04,6.3217643405e-05,2.1998844579e-05,2.3762442112e-05,2.7262482835e-04,3.0347622525e-05,-1.1317488720e+01,1.1317504487e+01,2.8391031674e+03,1.4844346183e+02,-1.1318218400e+01,1.1318218400e+01,2.8391063539e+03,1.4844503849e+02,7.2967999679e-04,3.0016233103e-03,3.7754601693e-01,2.7547771842e-02,0.0000000000e+00,0.0000000000e+00,0.0000000000e+00,0.0000000000e+00,5.3752482543e-06,5.3752557428e-06,1.3484338021e-03,7.0503313840e-05,5.5565000477e-06,5.7143992918e-06,1.3494443776e-03,7.0366404859e-05,1.0000000000e+00,4.1921888688e+00,2.0679115636e+00,4.1921888688e+00,1.0000000000e+00,1.0002857242e+00,1.0000955859e+00,1.0002857242e+00,1.9531733324e+03,2.0509049130e+03,1.9617866607e+00,nan,3.8719895591e+00,4.0657335824e+00,3.8890647038e-03,nan,4.9498220164e+00,2.4048030354e-01,2.3186793233e+00,4.1909914012e+00,7.8283449087e-01,1.0007494439e+00,-6.2822850862e-02,-6.5939260845e-02,-1.3235364049e-02,5.6284767088e-01,3.1437923901e-01,392298,42,54,42,1.3494443776e-03,5.2607653242e-01,4.8568357324e-01,2.8277529726e-02,-3.5370027527e+00,-2.8111542243e+03,-5.1017996523e-02,-2.8112052423e+03,-5.2681272876e-07,447024,48,48,48,-2.7262482835e-04,1.0000000000e+00,5.7067825894e-01,5.6609701971e-02,-2.8132997033e+00,-1.3843188614e+00,-6.9265989640e-02,-1.4535848510e+00,2.0268721517e-04,2.8129260267e-02,5.6812389187e-02,5.2719055269e-06,1.0982111565e-03,0,0,0,2.3958248488e-04,3.1921888688e+00,3.1924284512e+00,9.3176175816e-07,2.8572417675e-04,2.8665593851e-04,4.7495061735e-03,2.3958248488e+00
113,1.1300000000e-02,1.0000000000e-04,-9.1863676877e-02,1.3322449346e-01,1.4548297120e+00,2.6393609512e-01,-2.1055797075e-01,2.1055797075e-01,1.3858200676e+00,3.3844975023e-01,1.1869429388e-01,1.1889219640e-01,1.9245007836e-01,1.2808131581e-01,0.0000000000e+00,0.0000000000e+00,0.0000000000e+00,0.0000000000e+00,2.2008927977e-05,3.1918255190e-05,3.4855171748e-04,6.3234465518e-05,2.2008927977e-05,2.3762364375e-05,2.7021129959e-04,3.0304022694e-05,-1.1324254058e+01,1.1324269924e+01,2.8397309932e+03,1.4851547808e+02,-1.1324980266e+01,1.1324980266e+01,2.8397316211e+03,1.4851702352e+02,7.2620759865e-04,3.0030519931e-03,3.7753875992e-01,2.7552062917e-02,0.0000000000e+00,0.0000000000e+00,0.0000000000e+00,0.0000000000e+00,5.3784614561e-06,5.3784689913e-06,1.3487319883e-03,7.0537518002e-05,5.5611602135e-06,5.7199440026e-06,1.3495810264e-03,7.0399260847e-05,1.0000000000e+00,4.1921888688e+00,2.0679115636e+00,4.1921888688e+00,1.0000000000e+00,1.0002857242e+00,1.0000955859e+00,1.0002857242e+00,1.9519335973e+03,2.0491344348e+03,1.9617490579e+00,nan,3.8695318963e+00,4.0622237695e+00,3.8889901597e-03,nan,4.9945395638e+00,2.4071443028e-01,2.3230995289e+00,4.1909914012e+00,7.7524018972e-01,1.0006295083e+00,-5.5570864059e-02,-5.7978038934e-02,-1.1778057854e-02,5.6298045478e-01,3.1437186352e-01,502902,54,54,54,1.3495810264e-03,5.2742597680e-01,4.8562058017e-01,2.8277002913e-02,-3.5370219251e+00,-2.8101297453e+03,-5.3642607748e-02,-2.8101833879e+03,-2.6339388400e-06,447024,48,48,48,-2.7021129959e-04,1.0000000000e+00,5.7040563412e-01,5.6812389187e-02,-2.8095107924e+00,-1.3858200676e+00,-6.9009644349e-02,-1.4548297120e+00,2.0117308105e-04,2.8134854131e-02,5.7013562268e-02,5.7562835381e-06,1.1141147592e-03,0,0,0,2.3958248488e-04,3.1921888688e+00,3.1924284512e+00,9.3176175816e-07,2.8572417675e-04,2.8665593851e-04,4.7495061735e-03,2.3958248488e+00
114,1.1400000000e-02,1.0000000000e-04,-9.1905391675e-02,1.3326641407e-01,1.4560553451e+00,2.6400268191e-01,-2.1061650059e-01,2.1061650059e-01,1.3872999006e+00,3.3852513666e-01,1.1871110892e-01,1.1890789799e-01,1.9245005668e-01,1.2809295731e-01,0.0000000000e+00,0.0000000000e+00,0.0000000000e+00,0.0000000000e+00,2.2018922112e-05,3.1928298635e-05,3.4884535771e-04,6.3250418548e-05,2.2018922112e-05,2.3762464580e-05,2.6783063230e-04,3.0261237502e-05,-1.1330585221e+01,1.1330601187e+01,2.8401889897e+03,1.4858190996e+02,-1.1331307959e+01,1.1331307959e+01,2.8401870579e+03,1.4858342434e+02,7.2273867017e-04,3.0046579181e-03,3.7754671475e-01,2.7556374359e-02,0.0000000000e+00,0.0000000000e+00,0.0000000000e+00,0.0000000000e+00,5.3814684455e-06,5.3814760287e-06,1.3489495140e-03,7.0569069861e-05,5.5656236573e-06,5.7254822341e-06,1.3496574416e-03,7.0429451852e-05,1.0000000000e+00,4.1921888688e+00,2.0679115636e+00,4.1921888688e+00,1.0000000000e+00,1.0002857242e+00,1.0000955859e+00,1.0002857242e+00,1.9506051053e+03,2.0472769130e+03,1.9617906134e+00,nan,3.8668982810e+00,4.0585414005e+00,3.8890725397e-03,nan,5.0392198606e+00,2.4094648157e-01,2.3273817486e+00,4.1909914012e+00,7.6776321194e-01,1.0005247991e+00,-4.7654954565e-02,-4.9439516596e-02,-1.0563757915e-02,5.6311665767e-01,3.1437157173e-01,391146,42,42,42,1.3496574416e-03,5.2877555782e-01,4.8555780553e-01,2.8274368974e-02,-3.5371177877e+00,-2.8089282233e+03,-5.6265132916e-02,-2.8089844885e+03,-4.5564936863e-06,447024,48,48,48,-2.6783063230e-04,1.0000000000e+00,5.7013542282e-01,5.7013562268e-02,-2.8057627264e+00,-1.3872999006e+00,-6.8755444539e-02,-1.4560553451e+00,1.9913942040e-04,2.8139844085e-02,5.7212701688e-02,6.2535323215e-06,1.1300686407e-03,0,0,0,2.3958248488e-04,3.1921888688e+00,3.1924284512e+00,9.3176175816e-07,2.8572417675e-04,2.8665593851e-04,4.7495061735e-03,2.3958248488e+00
115,1.1500000000e-02,1.0000000000e-04,-9.1946658152e-02,1.3330750441e-01,1.4572593650e+00,2.6406573343e-01,-2.1067457519e-01,2.1067457519e-01,1.3887560020e+00,3.3859777926e-01,1.1872791704e-01,1.1892359964e-01,1.9245002369e-01,1.2810460797e-01,0.0000000000e+00,0.0000000000e+00,0.0000000000e+00,0.0000000000e+00,2.2028808837e-05,3.1938143160e-05,3.4913381979e-04,6.3265524588e-05,2.2028808837e-05,2.3762735145e-05,2.6548293353e-04,3.0219212889e-05,-1.1336513694e+01,1.1336529764e+01,2.8404856576e+03,1.4864319655e+02,-1.1337232967e+01,1.1337232967e+01,2.8404811654e+03,1.4864468004e+02,7.1927345586e-04,3.0065359403e-03,3.7755000978e-01,2.7560705870e-02,0.0000000000e+00,0.0000000000e+00,0.0000000000e+00,0.0000000000e+00,5.3842841775e-06,5.3842918102e-06,1.3490904167e-03,7.0598177968e-05,5.5699341149e-06,5.7308875067e-06,1.3496276374e-03,7.0457197459e-05,1.0000000000e+00,4.1921888688e+00,2.0679115636e+00,4.1921888688e+00,1.0000000000e+00,1.0002857242e+00,1.0000955859e+00,1.0002857242e+00,1.9491970515e+03,2.0453421345e+03,1.9618080713e+00,nan,3.8641069418e+00,4.0547058769e+00,3.8891071483e-03,nan,5.0836700480e+00,2.4117120658e-01,2.3315364870e+00,4.1909914012e+00,7.6040451677e-01,1.0003982096e+00,-3.9902014498e-02,-4.1170602685e-02,-9.5795422152e-03,5.6324976493e-01,3.1437363742e-01,502902,54,54,54,1.3496276374e-03,5.3012521527e-01,4.8549524209e-01,2.8269812480e-02,-3.5372836426e+00,-2.8075579769e+03,-5.8885338681e-02,-2.8076168622e+03,-6.2829634406e-06,447024,48,48,48,-2.6548293353e-04,1.0000000000e+00,5.6986759218e-01,5.7212701688e-02,-2.8020647674e+00,-1.3887560020e+00,-6.8503363045e-02,-1.4572593650e+00,1.9663393810e-04,2.8142859422e-02,5.7409335626e-02,6.7575966117e-06,1.1460735114e-03,0,0,0,2.3958248488e-04,3.1921888688e+00,3.1924284512e+00,9.3176175816e-07,2.8572417675e-04,2.8665593851e-04,4.7495061735e-03,2.3958248488e+00
116,1.1600000000e-02,1.0000000000e-04,-9.1987408293e-02,1.3334773702e-01,1.4584397080e+00,2.6412536868e-01,-2.1073212686e-01,2.1073212686e-01,1.3901863355e+00,3.3866771774e-01,1.1874471857e-01,1.1893930157e-01,1.9244997935e-01,1.2811626792e-01,0.0000000000e+00,0.0000000000e+00,0.0000000000e+00,0.0000000000e+00,2.2038571857e-05,3.1947782189e-05,3.4941660928e-04,6.3279812149e-05,2.2038571857e-05,2.3763117449e-05,2.6316825131e-04,3.0177895596e-05,-1.1342072650e+01,1.1342088829e+01,2.8406298528e+03,1.4869979730e+02,-1.1342788462e+01,1.1342788462e+01,2.8406227995e+03,1.4870125005e+02,7.1581229704e-04,3.0084172252e-03,3.7754816605e-01,2.7565057077e-02,0.0000000000e+00,0.0000000000e+00,0.0000000000e+00,0.0000000000e+00,5.3869244071e-06,5.3869320912e-06,1.3491589023e-03,7.0625060529e-05,5.5733916189e-06,5.7356663482e-06,1.3495371079e-03,7.0482472359e-05,1.0000000000e+00,4.1921888688e+00,2.0679115636e+00,4.1921888688e+00,1.0000000000e+00,1.0002857242e+00,1.0000955859e+00,1.0002857242e+00,1.9477183989e+03,2.0433396064e+03,1.9617989429e+00,nan,3.8611756465e+00,4.0507360461e+00,3.8890890522e-03,nan,5.1280391961e+00,2.4136842990e-01,2.3355661807e+00,4.1909914012e+00,7.5316468741e-01,1.0002803270e+00,-3.2908418055e-02,-3.3751477117e-02,-9.0296205472e-03,5.6325318951e-01,3.1434093231e-01,502902,54,54,54,1.3495371079e-03,5.3147484290e-01,4.8543288332e-01,2.8263529517e-02,-3.5375123829e+00,-2.8060278883e+03,-6.1502902954e-02,-2.8060893912e+03,-7.8056435969e-06,447024,48,48,48,-2.6316825131e-04,1.0000000000e+00,5.6960210925e-01,5.7409335626e-02,-2.7984251786e+00,-1.3901863355e+00,-6.8253372492e-02,-1.4584397080e+00,1.9370692794e-04,2.8144754251e-02,5.7603042554e-02,7.2623428415e-06,1.1621101072e-03,0,0,0,2.3958248488e-04,3.1921888688e+00,3.1924284512e+00,9.3176175816e-07,2.8572417675e-04,2.8665593851e-04,4.7495061735e-03,2.3958248488e+00
117,1.1700000000e-02,1.0000000000e-04,-9.2027581342e-02,1.3338708795e-01,1.4595946318e+00,2.6418172964e-01,-2.1078909515e-01,2.1078909515e-01,1.3915891865e+00,3.3873501249e-01,1.1876151381e-01,1.1895500837e-01,1.9245001003e-01,1.2812793729e-01,0.0000000000e+00,0.0000000000e+00,0.0000000000e+00,0.0000000000e+00,2.2048196616e-05,3.1957209982e-05,3.4969330882e-04,6.3293315247e-05,2.2048196616e-05,2.3763576820e-05,2.6088657201e-04,3.0137233634e-05,-1.1347296284e+01,1.1347312567e+01,2.8406982438e+03,1.4875218272e+02,-1.1348008636e+01,1.1348008636e+01,2.8406910549e+03,1.4875360489e+02,7.1235271220e-04,3.0102680173e-03,3.7754539407e-01,2.7569427625e-02,0.0000000000e+00,0.0000000000e+00,0.0000000000e+00,0.0000000000e+00,5.3894053752e-06,5.3894131089e-06,1.3491913846e-03,7.0649941015e-05,5.5769751386e-06,5.7414227629e-06,1.3493839738e-03,7.0505698375e-05,1.0000000000e+00,4.1921888688e+00,2.0679115636e+00,4.1921888688e+00,1.0000000000e+00,1.0002857242e+00,1.0000955859e+00,1.0002857242e+00,1.9462240966e+03,2.0413287790e+03,1.9617842265e+00,nan,3.8582133275e+00,4.0467497625e+00,3.8890598783e-03,nan,5.1723013700e+00,2.4160600092e-01,2.3394880642e+00,4.1909914012e+00,7.4604393459e-01,1.0001427442e+00,-2.6837710378e-02,-2.7367174475e-02,-8.5601852626e-03,5.6329605631e-01,3.1434173845e-01,502902,54,54,54,1.3493839738e-03,5.3282438001e-01,4.8537072344e-01,2.8255723873e-02,-3.5377966274e+00,-2.8043471201e+03,-6.4117592572e-02,-2.8044112377e+03,-9.1204772675e-06,447024,48,48,48,-2.6088657201e-04,1.0000000000e+00,5.6933894100e-01,5.7603042554e-02,-2.7948511959e+00,-1.3915891865e+00,-6.8005445344e-02,-1.4595946318e+00,1.9041041552e-04,2.8145299238e-02,5.7793452970e-02,7.7615071398e-06,1.1781253499e-03,0,0,0,2.3958248488e-04,3.1921888688e+00,3.1924284512e+00,9.3176175816e-07,2.8572417675e-04,2.8665593851e-04,4.7495061735e-03,2.3958248488e+00
118,1.1800000000e-02,1.0000000000e-04,-9.2067123305e-02,1.3342553984e-01,1.4607227119e+00,2.6423497748e-01,-2.1084542635e-01,2.1084542635e-01,1.3929631579e+00,3.3879974170e-01,1.1877830304e-01,1.1897073515e-01,1.9245004673e-01,1.2813961618e-01,0.0000000000e+00,0.0000000000e+00,0.0000000000e+00,0.0000000000e+00,2.2057670178e-05,3.1966422381e-05,3.4996357705e-04,6.3306072498e-05,2.2057670178e-05,2.3764077563e-05,2.5863781899e-04,3.0097176680e-05,-1.1352219485e+01,1.1352235869e+01,2.8406611297e+03,1.4880082636e+02,-1.1352928381e+01,1.1352928381e+01,2.8406514361e+03,1.4880221812e+02,7.0889608461e-04,3.0120879287e-03,3.7754966335e-01,2.7573818829e-02,0.0000000000e+00,0.0000000000e+00,0.0000000000e+00,0.0000000000e+00,5.3917436527e-06,5.3917514345e-06,1.3491737572e-03,7.0673044343e-05,5.5812191995e-06,5.7464239491e-06,1.3491773285e-03,7.0527121905e-05,1.0000000000e+00,4.1921888688e+00,2.0679115636e+00,4.1921888688e+00,1.0000000000e+00,1.0002857242e+00,1.0000955859e+00,1.0002857242e+00,1.9446956678e+03,2.0392868397e+03,1.9618060362e+00,nan,3.8551833554e+00,4.0427018024e+00,3.8891031141e-03,nan,5.2164734988e+00,2.4181136145e-01,2.3433135491e+00,4.1909914012e+00,7.3904210595e-01,1.0000026470e+00,-2.1658827234e-02,-2.1954890234e-02,-8.2471054574e-03,5.6334937338e-01,3.1432260709e-01,392298,42,54,42,1.3491773285e-03,5.3417376398e-01,4.8530875745e-01,2.8246603396e-02,-3.5381288485e+00,-2.8025250188e+03,-6.6729171269e-02,-2.8025917480e+03,-1.0227015240e-05,447024,48,48,48,-2.5863781899e-04,1.0000000000e+00,5.6907805443e-01,5.7793452970e-02,-2.7913490161e+00,-1.3929631579e+00,-6.7759553974e-02,-1.4607227119e+00,1.8679769709e-04,2.8144837159e-02,5.7980250667e-02,8.2493217625e-06,1.1941114980e-03,0,0,0,2.3958248488e-04,3.1921888688e+00,3.1924284512e+00,9.3176175816e-07,2.8572417675e-04,2.8665593851e-04,4.7495061735e-03,2.3958248488e+00
119,1.1900000000e-02,1.0000000000e-04,-9.2105986432e-02,1.3346307566e-01,1.4618228341e+00,2.6428528886e-01,-2.1090107296e-01,2.1090107296e-01,1.3943071634e+00,3.3886199854e-01,1.1879508653e-01,1.1898646261e-01,1.9245007219e-01,1.2815130470e-01,0.0000000000e+00,0.0000000000e+00,0.0000000000e+00,0.0000000000e+00,2.2066981102e-05,3.1975415308e-05,3.5022714706e-04,6.3318126223e-05,2.2066981102e-05,2.3764588433e-05,2.5642185206e-04,3.0057676430e-05,-1.1356876661e+01,1.1356893149e+01,2.8405031022e+03,1.4884619700e+02,-1.1357582107e+01,1.1357582107e+01,2.8404984639e+03,1.4884755849e+02,7.0544569764e-04,3.0138784952e-03,3.7754925626e-01,2.7578230102e-02,0.0000000000e+00,0.0000000000e+00,0.0000000000e+00,0.0000000000e+00,5.3939555815e-06,5.3939634121e-06,1.3490987020e-03,7.0694593156e-05,5.5852483130e-06,5.7517961095e-06,1.3489029397e-03,7.0547046742e-05,1.0000000000e+00,4.1921888688e+00,2.0679115636e+00,4.1921888688e+00,1.0000000000e+00,1.0002857242e+00,1.0000955859e+00,1.0002857242e+00,1.9431240475e+03,2.0372114111e+03,1.9618036614e+00,nan,3.8520677604e+00,4.0385874529e+00,3.8890984061e-03,nan,5.2604835699e+00,2.4203222057e-01,2.3470558979e+00,4.1909914012e+00,7.3215869817e-01,9.9985489403e-01,-1.7292965731e-02,-1.7418998127e-02,-8.0850016294e-03,5.6340745734e-01,3.1432971283e-01,502890,54,54,42,1.3489029397e-03,5.3552294131e-01,4.8524698120e-01,2.8236376381e-02,-3.5385015000e+00,-2.8005709436e+03,-6.9337420950e-02,-2.8006402810e+03,-1.1128156001e-05,447024,48,48,48,-2.5642185206e-04,1.0000000000e+00,5.6881941661e-01,5.7980250667e-02,-2.7879237929e+00,-1.3943071634e+00,-6.7515670720e-02,-1.4618228341e+00,1.8292217825e-04,2.8143740545e-02,5.8163172845e-02,8.7200329519e-06,1.2099083367e-03,0,0,0,2.3958248488e-04,3.1921888688e+00,3.1924284512e+00,9.3176175816e-07,2.8572417675e-04,2.8665593851e-04,4.7495061735e-03,2.3958248488e+00
120,1.2000000000e-02,1.0000000000e-04,-9.2144128678e-02,1.3349970194e-01,1.4628941829e+00,2.6433285223e-01,-2.1095599317e-01,2.1095599317e-01,1.3956204149e+00,3.3892188825e-01,1.1881186450e-01,1.1900219087e-01,1.9245008643e-01,1.2816300291e-01,0.0000000000e+00,0.0000000000e+00,0.0000000000e+00,0.0000000000e+00,2.2076119316e-05,3.1984190321e-05,3.5048382345e-04,6.3329521574e-05,2.2076119316e-05,2.3765084281e-05,2.5423846845e-04,3.0018686866e-05,-1.1361301640e+01,1.1361318231e+01,2.8422574350e+03,1.4888874977e+02,-1.1362003641e+01,1.1362003641e+01,2.8423124343e+03,1.4889008114e+02,7.0200132937e-04,3.0156385278e-03,3.7754421524e-01,2.7582661895e-02,0.0000000000e+00,0.0000000000e+00,0.0000000000e+00,0.0000000000e+00,5.3960572276e-06,5.3960651078e-06,1.3499319234e-03,7.0714803617e-05,5.5889557061e-06,5.7572208653e-06,1.3485580589e-03,7.0565684722e-05,1.0000000000e+00,4.1921888688e+00,2.0679115636e+00,4.1921888688e+00,1.0000000000e+00,1.0002857242e+00,1.0000955859e+00,1.0002857242e+00,1.9429002236e+03,2.0365941942e+03,1.9617773224e+00,nan,3.8516240496e+00,4.0373638761e+00,3.8890461914e-03,nan,5.3043037395e+00,2.4225543647e-01,2.3507252345e+00,4.1909914012e+00,7.2539287534e-01,9.9898227129e-01,-1.3566550397e-02,-1.3572970089e-02,-8.0300685351e-03,5.6347897912e-01,3.1434036114e-01,392298,42,54,42,1.3485580589e-03,5.3687184425e-01,4.8518539129e-01,2.8225248225e-02,-3.5389071363e+00,-2.7984941585e+03,-7.1942096624e-02,-2.7985661006e+03,-1.1829896284e-05,447024,48,48,48,-2.5423846845e-04,1.0000000000e+00,5.6856299476e-01,5.8163172845e-02,-2.7845796545e+00,-1.3956204149e+00,-6.7273767947e-02,-1.4628941829e+00,1.7883719830e-04,2.8140864173e-02,5.8342010043e-02,9.1683729630e-06,1.2256096597e-03,0,0,0,2.3958248488e-04,3.1921888688e+00,3.1924284512e+00,9.3176175816e-07,2.8572417675e-04,2.8665593851e-04,4.7495061735e-03,2.3958248488e+00
121,1.2100000000e-02,1.0000000000e-04,-9.2181513167e-02,1.3353541871e-01,1.4639362285e+00,2.6437786435e-01,-2.1101015032e-01,2.1101015032e-01,1.3969024104e+00,3.3897952544e-01,1.1882863715e-01,1.1901792004e-01,1.9245008961e-01,1.2817471086e-01,0.0000000000e+00,0.0000000000e+00,0.0000000000e+00,0.0000000000e+00,2.2085075985e-05,3.1992747434e-05,3.5073347934e-04,6.3340305689e-05,2.2085075985e-05,2.3765546839e-05,2.5208740419e-04,2.9980164464e-05,-1.1365527055e+01,1.1365543751e+01,2.8439669823e+03,1.4892892569e+02,-1.1366225618e+01,1.1366225618e+01,2.8440194214e+03,1.4893022709e+02,6.9856224435e-04,3.0173666686e-03,3.7753458635e-01,2.7587113251e-02,0.0000000000e+00,0.0000000000e+00,0.0000000000e+00,0.0000000000e+00,5.3980640915e-06,5.3980720213e-06,1.3507438740e-03,7.0733885197e-05,5.5923554584e-06,5.7624137934e-06,1.3481953446e-03,7.0583224998e-05,1.0000000000e+00,4.1921888688e+00,2.0679115636e+00,4.1921888688e+00,1.0000000000e+00,1.0002857242e+00,1.0000955859e+00,1.0002857242e+00,1.9426850206e+03,2.0359471071e+03,1.9617272567e+00,nan,3.8511974292e+00,4.0360810845e+00,3.8889469408e-03,nan,5.3481265710e+00,2.4246922793e-01,2.3543308137e+00,4.1909914012e+00,7.1874348771e-01,9.9811324009e-01,-1.0377056526e-02,-1.0303886881e-02,-8.0622332022e-03,5.6355814685e-01,3.1435435507e-01,502890,54,54,42,1.3481953446e-03,5.3822040231e-01,4.8512398514e-01,2.8213418328e-02,-3.5393385221e+00,-2.7963036838e+03,-7.4542948756e-02,-2.7963782267e+03,-1.2341041067e-05,447024,48,48,48,-2.5208740419e-04,1.0000000000e+00,5.6830875629e-01,5.8342010043e-02,-2.7813197229e+00,-1.3969024104e+00,-6.7033818111e-02,-1.4639362285e+00,1.7459458821e-04,2.8137187142e-02,5.8516604632e-02,9.5894600651e-06,1.2412622112e-03,0,0,0,2.3958248488e-04,3.1921888688e+00,3.1924284512e+00,9.3176175816e-07,2.8572417675e-04,2.8665593851e-04,4.7495061735e-03,2.3958248488e+00
122,1.2200000000e-02,1.0000000000e-04,-9.2218107643e-02,1.3357022559e-01,1.4649487089e+00,2.6442052684e-01,-2.1106351231e-01,2.1106351231e-01,1.3981529151e+00,3.3903503133e-01,1.1884540467e-01,1.1903365020e-01,1.9245008235e-01,1.2818642859e-01,0.0000000000e+00,0.0000000000e+00,0.0000000000e+00,0.0000000000e+00,2.2093843380e-05,3.2001086552e-05,3.5097605190e-04,6.3350526874e-05,2.2093843380e-05,2.3765952793e-05,2.4996833702e-04,2.9942068326e-05,-1.1369584087e+01,1.1369600884e+01,2.8455769116e+03,1.4896714377e+02,-1.1370279215e+01,1.1370279215e+01,2.8456267862e+03,1.4896841533e+02,6.9512769296e-04,3.0190617442e-03,3.7753255200e-01,2.7591583323e-02,0.0000000000e+00,0.0000000000e+00,0.0000000000e+00,0.0000000000e+00,5.3999909812e-06,5.3999989591e-06,1.3515085109e-03,7.0752036901e-05,5.5954644154e-06,5.7673172581e-06,1.3477892624e-03,7.0599849851e-05,1.0000000000e+00,4.1921888688e+00,2.0679115636e+00,4.1921888688e+00,1.0000000000e+00,1.0002857242e+00,1.0000955859e+00,1.0002857242e+00,1.9424413253e+03,2.0352757953e+03,1.9617167599e+00,nan,3.8507143252e+00,4.0347502696e+00,3.8889261318e-03,nan,5.3918399366e+00,2.4267140932e-01,2.3578815292e+00,4.1909914012e+00,7.1220909709e-01,9.9724807621e-01,-7.6660852577e-03,-7.5442073047e-03,-8.1648826686e-03,5.6363863044e-01,3.1436524432e-01,501750,54,42,54,1.3477892624e-03,5.3956859766e-01,4.8506276096e-01,2.8201077287e-02,-3.5397887345e+00,-2.7940080756e+03,-7.7139830011e-02,-2.7940852155e+03,-1.2672697192e-05,447024,48,48,48,-2.4996833702e-04,1.0000000000e+00,5.6805666888e-01,5.8516604632e-02,-2.7781461578e+00,-1.3981529151e+00,-6.6795793819e-02,-1.4649487089e+00,1.7024441618e-04,2.8133050319e-02,5.8686849048e-02,9.9789657867e-06,1.2568668408e-03,0,0,0,2.3958248488e-04,3.1921888688e+00,3.1924284512e+00,9.3176175816e-07,2.8572417675e-04,2.8665593851e-04,4.7495061735e-03,2.3958248488e+00
123,1.2300000000e-02,1.0000000000e-04,-9.2253883927e-02,1.3360412250e-01,1.4659316103e+00,2.6446104296e-01,-2.1111605113e-01,2.1111605113e-01,1.3993719424e+00,3.3908853115e-01,1.1886216720e-01,1.1904938141e-01,1.9245006383e-01,1.2819815610e-01,0.0000000000e+00,0.0000000000e+00,0.0000000000e+00,0.0000000000e+00,2.2102414751e-05,3.2009207660e-05,3.5121153785e-04,6.3360233826e-05,2.2102414751e-05,2.3766258178e-05,2.4788088954e-04,2.9904360243e-05,-1.1373502154e+01,1.1373519049e+01,2.8470941140e+03,1.4900379666e+02,-1.1374193851e+01,1.1374193851e+01,2.8471414202e+03,1.4900503850e+02,6.9169692645e-04,3.0207227069e-03,3.7754412860e-01,2.7596071503e-02,0.0000000000e+00,0.0000000000e+00,0.0000000000e+00,0.0000000000e+00,5.4018518695e-06,5.4018598938e-06,1.3522291071e-03,7.0769445213e-05,5.5985627658e-06,5.7718833994e-06,1.3473621752e-03,7.0615732932e-05,1.0000000000e+00,4.1921888688e+00,2.0679115636e+00,4.1921888688e+00,1.0000000000e+00,1.0002857242e+00,1.0000955859e+00,1.0002857242e+00,1.9421739009e+03,2.0345851835e+03,1.9617771025e+00,nan,3.8501841806e+00,4.0333811941e+00,3.8890457556e-03,nan,5.4355225920e+00,2.4286041817e-01,2.3613858434e+00,4.1909914012e+00,7.0578800189e-01,9.9640080824e-01,-5.3695911616e-03,-5.2237813884e-03,-8.3005470167e-03,5.6373130592e-01,3.1437416184e-01,392310,42,54,54,1.3473621752e-03,5.4091638692e-01,4.8500171767e-01,2.8188404590e-02,-3.5402512452e+00,-2.7916154546e+03,-7.9732544327e-02,-2.7916951872e+03,-1.2837952845e-05,447024,48,48,48,-2.4788088954e-04,1.0000000000e+00,5.6780670055e-01,5.8686849048e-02,-2.7750602044e+00,-1.3993719424e+00,-6.6559667885e-02,-1.4659316103e+00,1.6583452526e-04,2.8128448066e-02,5.8852683573e-02,1.0333209551e-05,1.2724144964e-03,0,0,0,2.3958248488e-04,3.1921888688e+00,3.1924284512e+00,9.3176175816e-07,2.8572417675e-04,2.8665593851e-04,4.7495061735e-03,2.3958248488e+00
124,1.2400000000e-02,1.0000000000e-04,-9.2288817381e-02,1.3363713035e-01,1.4668851475e+00,2.6449961453e-01,-2.1116774226e-01,2.1116774226e-01,1.4005597341e+00,3.3914015164e-01,1.1887892487e-01,1.1906511372e-01,1.9245007777e-01,1.2820989339e-01,0.0000000000e+00,0.0000000000e+00,0.0000000000e+00,0.0000000000e+00,2.2110784195e-05,3.2017115761e-05,3.5143998867e-04,6.3369474900e-05,2.2110784195e-05,2.3766456495e-05,2.4582463292e-04,2.9867004697e-05,-1.1377308652e+01,1.1377325643e+01,2.8485249449e+03,1.4903924752e+02,-1.1377996922e+01,1.1377996922e+01,2.8485696788e+03,1.4904045976e+02,6.8827023318e-04,3.0223496306e-03,3.7754959728e-01,2.7600577351e-02,0.0000000000e+00,0.0000000000e+00,0.0000000000e+00,0.0000000000e+00,5.4036597679e-06,5.4036678382e-06,1.3529086811e-03,7.0786282621e-05,5.6015638195e-06,5.7763490826e-06,1.3469103019e-03,7.0631040706e-05,1.0000000000e+00,4.1921888688e+00,2.0679115636e+00,4.1921888688e+00,1.0000000000e+00,1.0002857242e+00,1.0000955859e+00,1.0002857242e+00,1.9418868272e+03,2.0338794623e+03,1.9618053766e+00,nan,3.8496150830e+00,4.0319821655e+00,3.8891018063e-03,nan,5.4791510758e+00,2.4304629021e-01,2.3648518297e+00,4.1909914012e+00,6.9947826328e-01,9.9556630887e-01,-3.4280737199e-03,-3.2781842643e-03,-8.4702274377e-03,5.6382159845e-01,3.1438113061e-01,501738,54,42,42,1.3469103019e-03,5.4226374909e-01,4.8494085488e-01,2.8175566637e-02,-3.5407199930e+00,-2.7891333350e+03,-8.2320939216e-02,-2.7892156559e+03,-1.2851402657e-05,447024,48,48,48,-2.4582463292e-04,1.0000000000e+00,5.6755881966e-01,5.8852683573e-02,-2.7720622475e+00,-1.4005597341e+00,-6.6325413388e-02,-1.4668851475e+00,1.6140999752e-04,2.8123316119e-02,5.9014093570e-02,1.0649216446e-05,1.2878845222e-03,0,0,0,2.3958248488e-04,3.1921888688e+00,3.1924284512e+00,9.3176175816e-07,2.8572417675e-04,2.8665593851e-04,4.7495061735e-03,2.3958248488e+00
125,1.2500000000e-02,1.0000000000e-04,-9.2322886381e-02,1.3366927812e-01,1.4678097425e+00,2.6453643905e-01,-2.1121856417e-01,2.1121856417e-01,1.4017167388e+00,3.3919001866e-01,1.1889567779e-01,1.1908085037e-01,1.9245008854e-01,1.2822164042e-01,0.0000000000e+00,0.0000000000e+00,0.0000000000e+00,0.0000000000e+00,2.2118946531e-05,3.2024817804e-05,3.5166150545e-04,6.3378297410e-05,2.2118946531e-05,2.3766540120e-05,2.4379909116e-04,2.9829968811e-05,-1.1381028773e+01,1.1381045862e+01,2.8498751785e+03,1.4907382784e+02,-1.1381713621e+01,1.1381713621e+01,2.8499173365e+03,1.4907501059e+02,6.8484750391e-04,3.0239422514e-03,3.7754888954e-01,2.7605100589e-02,0.0000000000e+00,0.0000000000e+00,0.0000000000e+00,0.0000000000e+00,5.4054266420e-06,5.4054347582e-06,1.3535499754e-03,7.0802706564e-05,5.6044508137e-06,5.7808940410e-06,1.3464314540e-03,7.0645927915e-05,1.0000000000e+00,4.1921888688e+00,2.0679115636e+00,4.1921888688e+00,1.0000000000e+00,1.0002857242e+00,1.0000955859e+00,1.0002857242e+00,1.9415835008e+03,2.0331620916e+03,1.9618015892e+00,nan,3.8490137658e+00,4.0305600429e+00,3.8890942982e-03,nan,5.5227090784e+00,2.4323666852e-01,2.3682870191e+00,4.1909914012e+00,6.9327773263e-01,9.9474085073e-01,-1.8217692504e-03,-1.6833515740e-03,-8.6580021778e-03,5.6390779924e-01,3.1438963075e-01,501738,54,42,42,1.3464314540e-03,5.4361065940e-01,4.8488017283e-01,2.8162715235e-02,-3.5411894396e+00,-2.7865686026e+03,-8.4904855378e-02,-2.7866535074e+03,-1.2728733312e-05,447024,48,48,48,-2.4379909116e-04,1.0000000000e+00,5.6731299502e-01,5.9014093570e-02,-2.7691518728e+00,-1.4017167388e+00,-6.6093003720e-02,-1.4678097425e+00,1.5701268579e-04,2.8117877051e-02,5.9171106256e-02,1.0924770049e-05,1.3033431116e-03,0,0,0,2.3958248488e-04,3.1921888688e+00,3.1924284512e+00,9.3176175816e-07,2.8572417675e-04,2.8665593851e-04,4.7495061735e-03,2.3958248488e+00
126,1.2600000000e-02,1.0000000000e-04,-9.2356071813e-02,1.3370057574e-01,1.4687060024e+00,2.6457170701e-01,-2.1126849784e-01,2.1126849784e-01,1.4028435898e+00,3.3923825497e-01,1.1891242603e-01,1.1909659425e-01,1.9245008837e-01,1.2823339716e-01,0.0000000000e+00,0.0000000000e+00,0.0000000000e+00,0.0000000000e+00,2.2126897179e-05,3.2032316165e-05,3.5187623362e-04,6.3386746994e-05,2.2126897179e-05,2.3766471073e-05,2.4180374578e-04,2.9793222241e-05,-1.1384685396e+01,1.1384702575e+01,2.8511499790e+03,1.4910783642e+02,-1.1385366824e+01,1.1385366824e+01,2.8511895576e+03,1.4910898977e+02,6.8142850743e-04,3.0255002285e-03,3.7754761693e-01,2.7609640984e-02,0.0000000000e+00,0.0000000000e+00,0.0000000000e+00,0.0000000000e+00,5.4071633571e-06,5.4071715163e-06,1.3541554427e-03,7.0818858959e-05,5.6075825505e-06,5.7849068958e-06,1.3459910831e-03,7.0660362964e-05,1.0000000000e+00,4.1921888688e+00,2.0679115636e+00,4.1921888688e+00,1.0000000000e+00,1.0002857242e+00,1.0000955859e+00,1.0002857242e+00,1.9412666486e+03,2.0324358171e+03,1.9617949782e+00,nan,3.8483856348e+00,4.0291202695e+00,3.8890811926e-03,nan,5.5664608451e+00,2.4340622039e-01,2.3716925411e+00,4.1909914012e+00,6.8718407975e-01,9.9397088449e-01,-5.3516194480e-04,-4.2091100037e-04,-8.8430544344e-03,5.6399163075e-01,3.1437705075e-01,502902,54,54,54,1.3459910831e-03,5.4495709085e-01,4.8481967236e-01,2.8149986501e-02,-3.5416546104e+00,-2.7839274639e+03,-8.7484129819e-02,-2.7840149480e+03,-1.2486343710e-05,447024,48,48,48,-2.4180374578e-04,1.0000000000e+00,5.6706919593e-01,5.9171106256e-02,-2.7663279358e+00,-1.4028435898e+00,-6.5862412635e-02,-1.4687060024e+00,1.5268085721e-04,2.8112025563e-02,5.9323787113e-02,1.1158442109e-05,1.3188835660e-03,0,0,0,2.3958248488e-04,3.1921888688e+00,3.1924284512e+00,9.3176175816e-07,2.8572417675e-04,2.8665593851e-04,4.7495061735e-03,2.3958248488e+00
127,1.2700000000e-02,1.0000000000e-04,-9.2388356590e-02,1.3373103853e-01,1.4695746960e+00,2.6460559943e-01,-2.1131752623e-01,2.1131752623e-01,1.4039410817e+00,3.3928497815e-01,1.1892916964e-01,1.1911233919e-01,1.9245007720e-01,1.2824516353e-01,0.0000000000e+00,0.0000000000e+00,0.0000000000e+00,0.0000000000e+00,2.2134632046e-05,3.2039614518e-05,3.5208435739e-04,6.3394867024e-05,2.2134632046e-05,2.3766241280e-05,2.3983804086e-04,2.9756737036e-05,-1.1388299008e+01,1.1388316270e+01,2.8523538889e+03,1.4914153891e+02,-1.1388977022e+01,1.1388977022e+01,2.8523908848e+03,1.4914266296e+02,6.7801436790e-04,3.0270245968e-03,3.7755005864e-01,2.7614198284e-02,0.0000000000e+00,0.0000000000e+00,0.0000000000e+00,0.0000000000e+00,5.4088796444e-06,5.4088878431e-06,1.3547272404e-03,7.0834865978e-05,5.6111800728e-06,5.7889391623e-06,1.3455660549e-03,7.0674613452e-05,1.0000000000e+00,4.1921888688e+00,2.0679115636e+00,4.1921888688e+00,1.0000000000e+00,1.0002857242e+00,1.0000955859e+00,1.0002857242e+00,1.9409383522e+03,2.0317026989e+03,1.9618077797e+00,nan,3.8477348170e+00,4.0276669290e+00,3.8891065702e-03,nan,5.6103112337e+00,2.4357823747e-01,2.3750794103e+00,4.1909914012e+00,6.8119482114e-01,9.9323761618e-01,3.7327439874e-04,4.5218753974e-04,-8.9927728764e-03,5.6408327213e-01,3.1436106528e-01,391241,42,43,41,1.3455660549e-03,5.2064351003e-01,4.8349689677e-01,2.8129564124e-02,-3.5424013718e+00,-2.8321268256e+03,-4.0429561427e-02,-2.8321672552e+03,-1.1812189911e-05,447024,48,48,48,-2.3983804086e-04,1.0000000000e+00,5.6682739219e-01,5.9323787113e-02,-2.7635886347e+00,-1.4039410817e+00,-6.5633614291e-02,-1.4695746960e+00,1.4844894115e-04,2.8105130546e-02,5.9472236055e-02,1.1349532498e-05,1.3345879693e-03,0,0,0,2.3958248488e-04,3.1921888688e+00,3.1924284512e+00,9.3176175816e-07,2.8572417675e-04,2.8665593851e-04,4.7495061735e-03,2.3958248488e+00
128,1.2800000000e-02,1.0000000000e-04,-9.2419725193e-02,1.3376068574e-01,1.4704167315e+00,2.6463828566e-01,-2.1136563384e-01,2.1136563384e-01,1.4050101482e+00,3.3933029872e-01,1.1894590865e-01,1.1912808516e-01,1.9245006523e-01,1.2825693946e-01,0.0000000000e+00,0.0000000000e+00,0.0000000000e+00,0.0000000000e+00,2.2142147414e-05,3.2046717469e-05,3.5228609435e-04,6.3402698074e-05,2.2142147414e-05,2.3765832557e-05,2.3790138808e-04,2.9720487461e-05,-1.1391887727e+01,1.1391905077e+01,2.8534908405e+03,1.4917516471e+02,-1.1392562334e+01,1.1392562334e+01,2.8535252504e+03,1.4917625954e+02,6.7460706013e-04,3.0285173856e-03,3.7754988004e-01,2.7618773530e-02,0.0000000000e+00,0.0000000000e+00,0.0000000000e+00,0.0000000000e+00,5.4105841086e-06,5.4105923489e-06,1.3552672363e-03,7.0850836572e-05,5.6141813971e-06,5.7940043189e-06,1.3454888569e-03,7.0688847177e-05,1.0000000000e+00,4.1921888688e+00,2.0679115636e+00,4.1921888688e+00,1.0000000000e+00,1.0002857242e+00,1.0000955859e+00,1.0002857242e+00,1.9406000893e+03,2.0309641564e+03,1.9618069736e+00,nan,3.8470642413e+00,4.0262028352e+00,3.8891049724e-03,nan,5.6556578664e+00,2.4379555418e-01,2.3784551741e+00,4.1909914012e+00,6.7530734792e-01,9.9278490685e-01,6.2857682841e-04,6.6293257346e-04,-9.1011297561e-03,5.6418005040e-01,3.1438494520e-01,511062,55,43,54,1.3454888569e-03,5.2198907609e-01,4.8343874906e-01,2.8117751934e-02,-3.5428335349e+00,-2.8308757632e+03,-4.3054904949e-02,-2.8309188181e+03,-1.1382681022e-05,447024,48,48,48,-2.3790138808e-04,1.0000000000e+00,5.6658755415e-01,5.9472236055e-02,-2.7609315860e+00,-1.4050101482e+00,-6.5406583290e-02,-1.4704167315e+00,1.4434723405e-04,2.8095011695e-02,5.9616583289e-02,1.1498201101e-05,1.3504859657e-03,0,0,0,2.3958248488e-04,3.1921888688e+00,3.1924284512e+00,9.3176175816e-07,2.8572417675e-04,2.8665593851e-04,4.7495061735e-03,2.3958248488e+00
129,1.2900000000e-02,1.0000000000e-04,-9.2450163255e-02,1.3378952949e-01,1.4712331333e+00,2.6466992143e-01,-2.1141280633e-01,2.1141280633e-01,1.4060518386e+00,3.3937431843e-01,1.1896264308e-01,1.1914383211e-01,1.9245008304e-01,1.2826872484e-01,0.0000000000e+00,0.0000000000e+00,0.0000000000e+00,0.0000000000e+00,2.2149439841e-05,3.2053627927e-05,3.5248168993e-04,6.3410277449e-05,2.2149439841e-05,2.3765239968e-05,2.3599317211e-04,2.9684449805e-05,-1.1395467291e+01,1.1395484726e+01,2.8545640966e+03,1.4920891091e+02,-1.1396138496e+01,1.1396138496e+01,2.8545959176e+03,1.4920997660e+02,6.7120434738e-04,3.0299764671e-03,3.7754560684e-01,2.7623367554e-02,0.0000000000e+00,0.0000000000e+00,0.0000000000e+00,0.0000000000e+00,5.4122842249e-06,5.4122925054e-06,1.3557769799e-03,7.0866864348e-05,5.6169031824e-06,5.7989424937e-06,1.3453845876e-03,7.0703218661e-05,1.0000000000e+00,4.1921888688e+00,2.0679115636e+00,4.1921888688e+00,1.0000000000e+00,1.0002857242e+00,1.0000955859e+00,1.0002857242e+00,1.9402527253e+03,2.0302209628e+03,1.9617845879e+00,nan,3.8463756236e+00,4.0247295211e+00,3.8890605946e-03,nan,5.7009470891e+00,2.4400942307e-01,2.3818268193e+00,4.1909914012e+00,6.6951895334e-01,9.9233473317e-01,8.7702433083e-05,7.2236172284e-05,-9.1725000690e-03,5.6426992679e-01,3.1440696077e-01,400361,43,42,41,1.3453845876e-03,5.2333456494e-01,4.8338077798e-01,2.8106369253e-02,-3.5432501506e+00,-2.8295597434e+03,-4.5678223517e-02,-2.8296054216e+03,-1.0885812771e-05,447024,48,48,48,-2.3599317211e-04,1.0000000000e+00,5.6634965276e-01,5.9616583289e-02,-2.7583539038e+00,-1.4060518386e+00,-6.5181294710e-02,-1.4712331333e+00,1.4040194083e-04,2.8085309481e-02,5.9756985229e-02,1.1605441835e-05,1.3664768998e-03,0,0,0,2.3958248488e-04,3.1921888688e+00,3.1924284512e+00,9.3176175816e-07,2.8572417675e-04,2.8665593851e-04,4.7495061735e-03,2.3958248488e+00
130,1.3000000000e-02,1.0000000000e-04,-9.2479657171e-02,1.3381759786e-01,1.4720250203e+00,2.6470064704e-01,-2.1145903007e-01,2.1145903007e-01,1.4070672961e+00,3.3941712876e-01,1.1897937290e-01,1.1915957997e-01,1.9245008968e-01,1.2828051955e-01,0.0000000000e+00,0.0000000000e+00,0.0000000000e+00,0.0000000000e+00,2.2156506066e-05,3.2060352616e-05,3.5267141216e-04,6.3417638769e-05,2.2156506066e-05,2.3764441030e-05,2.3411275568e-04,2.9648602175e-05,-1.1399051056e+01,1.1399068572e+01,2.8555763275e+03,1.4924294730e+02,-1.1399718861e+01,1.1399718861e+01,2.8556055568e+03,1.4924398393e+02,6.6780516513e-04,3.0314007357e-03,3.7753560423e-01,2.7627979434e-02,0.0000000000e+00,0.0000000000e+00,0.0000000000e+00,0.0000000000e+00,5.4139863362e-06,5.4139946555e-06,1.3562577396e-03,7.0883029954e-05,5.6196733696e-06,5.8036198499e-06,1.3452535074e-03,7.0717760188e-05,1.0000000000e+00,4.1921888688e+00,2.0679115636e+00,4.1921888688e+00,1.0000000000e+00,1.0002857242e+00,1.0000955859e+00,1.0002857242e+00,1.9398965970e+03,2.0294733341e+03,1.9617325451e+00,nan,3.8456696315e+00,4.0232474148e+00,3.8889574245e-03,nan,5.7461777487e+00,2.4421444808e-01,2.3851971088e+00,4.1909914012e+00,6.6382685866e-01,9.9188632664e-01,-1.3323148323e-03,-1.3997920786e-03,-9.2004912700e-03,5.6435307668e-01,3.1441907649e-01,502793,54,53,41,1.3452535074e-03,5.2467994953e-01,4.8332298602e-01,2.8095483440e-02,-3.5436487339e+00,-2.8281818698e+03,-4.8299350057e-02,-2.8282301691e+03,-1.0336635259e-05,447024,48,48,48,-2.3411275568e-04,1.0000000000e+00,5.6611365959e-01,5.9756985229e-02,-2.7558522766e+00,-1.4070672961e+00,-6.4957724134e-02,-1.4720250203e+00,1.3663525257e-04,2.8076067911e-02,5.9893620482e-02,1.1672869791e-05,1.3824937976e-03,0,0,0,2.3958248488e-04,3.1921888688e+00,3.1924284512e+00,9.3176175816e-07,2.8572417675e-04,2.8665593851e-04,4.7495061735e-03,2.3958248488e+00
131,1.3100000000e-02,1.0000000000e-04,-9.2508193751e-02,1.3384488899e-01,1.4727935849e+00,2.6473058602e-01,-2.1150429186e-01,2.1150429186e-01,1.4080577373e+00,3.3945880964e-01,1.1899609810e-01,1.1917532866e-01,1.9245008579e-01,1.2829232347e-01,0.0000000000e+00,0.0000000000e+00,0.0000000000e+00,0.0000000000e+00,2.2163342931e-05,3.2066891093e-05,3.5285554680e-04,6.3424811622e-05,2.2163342931e-05,2.3763434515e-05,2.3225948458e-04,2.9612924286e-05,-1.1402650139e+01,1.1402667735e+01,2.8565296431e+03,1.4927741308e+02,-1.1403314549e+01,1.1403314549e+01,2.8565562779e+03,1.4927842071e+02,6.6440970714e-04,3.0327903007e-03,3.7753082952e-01,2.7632608399e-02,0.0000000000e+00,0.0000000000e+00,0.0000000000e+00,0.0000000000e+00,5.4156957232e-06,5.4157040801e-06,1.3567105175e-03,7.0899399498e-05,5.6226523749e-06,5.8081646545e-06,1.3450946126e-03,7.0732514049e-05,1.0000000000e+00,4.1921888688e+00,2.0679115636e+00,4.1921888688e+00,1.0000000000e+00,1.0002857242e+00,1.0000955859e+00,1.0002857242e+00,1.9395315626e+03,2.0287209838e+03,1.9617077746e+00,nan,3.8449459837e+00,4.0217559482e+00,3.8889083193e-03,nan,5.7913441727e+00,2.4441604393e-01,2.3885690372e+00,4.1909914012e+00,6.5822823728e-01,9.9143818469e-01,-3.6882569198e-03,-3.8076144792e-03,-9.1784374738e-03,5.6443066452e-01,3.1442332175e-01,392395,42,55,43,1.3450946126e-03,5.2602520304e-01,4.8326537594e-01,2.8085146805e-02,-3.5440273479e+00,-2.8267445794e+03,-5.0918118215e-02,-2.8267954975e+03,-9.7493444684e-06,447024,48,48,48,-2.3225948458e-04,1.0000000000e+00,5.6587954683e-01,5.9893620482e-02,-2.7534230419e+00,-1.4080577373e+00,-6.4735847674e-02,-1.4727935849e+00,1.3306519375e-04,2.8067089975e-02,6.0026685676e-02,1.1702756209e-05,1.3985101173e-03,0,0,0,2.3958248488e-04,3.1921888688e+00,3.1924284512e+00,9.3176175816e-07,2.8572417675e-04,2.8665593851e-04,4.7495061735e-03,2.3958248488e+00
132,1.3200000000e-02,1.0000000000e-04,-9.2535759919e-02,1.3387142478e-01,1.4735400735e+00,2.6475984384e-01,-2.1154857856e-01,2.1154857856e-01,1.4090244315e+00,3.3949942837e-01,1.1901281864e-01,1.1919107809e-01,1.9245007076e-01,1.2830413646e-01,0.0000000000e+00,0.0000000000e+00,0.0000000000e+00,0.0000000000e+00,2.2169947302e-05,3.2073248604e-05,3.5303439238e-04,6.3431821284e-05,2.2169947302e-05,2.3762215588e-05,2.3043269276e-04,2.9577397255e-05,-1.1406273517e+01,1.1406291191e+01,2.8574256071e+03,1.4931241795e+02,-1.1406934536e+01,1.1406934536e+01,2.8574496449e+03,1.4931339664e+02,6.6101877660e-04,3.0341458844e-03,3.7754156554e-01,2.7637253934e-02,0.0000000000e+00,0.0000000000e+00,0.0000000000e+00,0.0000000000e+00,5.4174166486e-06,5.4174250427e-06,1.3571360561e-03,7.0916025082e-05,5.6256353737e-06,5.8128901454e-06,1.3449099832e-03,7.0747527237e-05,1.0000000000e+00,4.1921888688e+00,2.0679115636e+00,4.1921888688e+00,1.0000000000e+00,1.0002857242e+00,1.0000955859e+00,1.0002857242e+00,1.9391570399e+03,2.0279631645e+03,1.9617637138e+00,nan,3.8442035263e+00,4.0202536400e+00,3.8890192136e-03,nan,5.8364547455e+00,2.4462744746e-01,2.3919456681e+00,4.1909914012e+00,6.5272023840e-01,9.9099126952e-01,-6.9608440179e-03,-7.1302766169e-03,-9.0992118686e-03,5.6450478528e-01,3.1443198980e-01,391241,42,43,41,1.3449099832e-03,5.2737029765e-01,4.8320795067e-01,2.8075397460e-02,-3.5443845744e+00,-2.8252496808e+03,-5.3534359922e-02,-2.8253032151e+03,-9.1371453526e-06,447024,48,48,48,-2.3043269276e-04,1.0000000000e+00,5.6564728735e-01,6.0026685676e-02,-2.7510622612e+00,-1.4090244315e+00,-6.4515641987e-02,-1.4735400735e+00,1.2970576781e-04,2.8057161692e-02,6.0156391444e-02,1.1697954671e-05,1.4145926615e-03,0,0,0,2.3958248488e-04,3.1921888688e+00,3.1924284512e+00,9.3176175816e-07,2.8572417675e-04,2.8665593851e-04,4.7495061735e-03,2.3958248488e+00
133,1.3300000000e-02,1.0000000000e-04,-9.2562342463e-02,1.3389721710e-01,1.4742657667e+00,2.6478850707e-01,-2.1159187691e-01,2.1159187691e-01,1.4099686824e+00,3.3953903876e-01,1.1902953445e-01,1.1920683253e-01,1.9245007172e-01,1.2831595835e-01,0.0000000000e+00,0.0000000000e+00,0.0000000000e+00,0.0000000000e+00,2.2176316014e-05,3.2079427991e-05,3.5320825576e-04,6.3438688493e-05,2.2176316014e-05,2.3760769284e-05,2.2863170698e-04,2.9542003412e-05,-1.1409928119e+01,1.1409945870e+01,2.8582652661e+03,1.4934804346e+02,-1.1410585751e+01,1.1410585751e+01,2.8582867046e+03,1.4934899327e+02,6.5763236141e-04,3.0354674153e-03,3.7754795989e-01,2.7641915853e-02,0.0000000000e+00,0.0000000000e+00,0.0000000000e+00,0.0000000000e+00,5.4191524041e-06,5.4191608349e-06,1.3575348527e-03,7.0932945439e-05,5.6287642166e-06,5.8173873555e-06,1.3447033036e-03,7.0762826000e-05,1.0000000000e+00,4.1921888688e+00,2.0679115636e+00,4.1921888688e+00,1.0000000000e+00,1.0002857242e+00,1.0000955859e+00,1.0002857242e+00,1.9387720523e+03,2.0271987175e+03,1.9617969300e+00,nan,3.8434403233e+00,4.0187381929e+00,3.8890850618e-03,nan,5.8815258889e+00,2.4483160818e-01,2.3953292880e+00,4.1909914012e+00,6.4730000856e-01,9.9054790449e-01,-1.1021125000e-02,-1.1239592848e-02,-8.9429721175e-03,5.6458250310e-01,3.1443345612e-01,392201,42,53,41,1.3447033036e-03,5.2871520763e-01,4.8315071324e-01,2.8066260315e-02,-3.5447194787e+00,-2.8236983936e+03,-5.6147911412e-02,-2.8237545415e+03,-8.5121637519e-06,447024,48,48,48,-2.2863170698e-04,1.0000000000e+00,5.6541685465e-01,6.0156391444e-02,-2.7487657924e+00,-1.4099686824e+00,-6.4297084293e-02,-1.4742657667e+00,1.2656717336e-04,2.7992588297e-02,6.0282958617e-02,1.1661835027e-05,1.4308641872e-03,0,0,0,2.3958248488e-04,3.1921888688e+00,3.1924284512e+00,9.3176175816e-07,2.8572417675e-04,2.8665593851e-04,4.7495061735e-03,2.3958248488e+00
134,1.3400000000e-02,1.0000000000e-04,-9.2587927823e-02,1.3392226457e-01,1.4749719624e+00,2.6481664271e-01,-2.1163417329e-01,2.1163417329e-01,1.4108918100e+00,3.3957768056e-01,1.1904624547e-01,1.1922259232e-01,1.9245008619e-01,1.2832778900e-01,0.0000000000e+00,0.0000000000e+00,0.0000000000e+00,0.0000000000e+00,2.2182445818e-05,3.2085428928e-05,3.5337744788e-04,6.3445429299e-05,2.2182445818e-05,2.3759082009e-05,2.2685585124e-04,2.9506726128e-05,-1.1413618958e+01,1.1413636781e+01,2.8590491907e+03,1.4938434607e+02,-1.1414273209e+01,1.1414273209e+01,2.8590680275e+03,1.4938526706e+02,6.5425098910e-04,3.0367553618e-03,3.7755005964e-01,2.7646593896e-02,0.0000000000e+00,0.0000000000e+00,0.0000000000e+00,0.0000000000e+00,5.4209053702e-06,5.4209138355e-06,1.3579071781e-03,7.0950187389e-05,5.6318564223e-06,5.8221213146e-06,1.3444768518e-03,7.0778444813e-05,1.0000000000e+00,4.1921888688e+00,2.0679115636e+00,4.1921888688e+00,1.0000000000e+00,1.0002857242e+00,1.0000955859e+00,1.0002857242e+00,1.9383752801e+03,2.0264261279e+03,1.9618076932e+00,nan,3.8426537582e+00,4.0172066040e+00,3.8891063988e-03,nan,5.9265689840e+00,2.4504824355e-01,2.3987223966e+00,4.1909914012e+00,6.4196471111e-01,9.9010954021e-01,-1.5994176298e-02,-1.6262394795e-02,-8.7209720964e-03,5.6465880636e-01,3.1444268357e-01,492521,53,42,41,1.3444768518e-03,5.3005991094e-01,4.8309366676e-01,2.8057748151e-02,-3.5450315708e+00,-2.8220913932e+03,-5.8758616341e-02,-2.8221501518e+03,-7.8854057044e-06,447024,48,48,48,-2.2685585124e-04,1.0000000000e+00,5.6518822295e-01,6.0282958617e-02,-2.7465293564e+00,-1.4108918100e+00,-6.4080152382e-02,-1.4749719624e+00,1.2365601393e-04,2.7932014592e-02,6.0406614631e-02,1.1598171181e-05,1.4472531772e-03,0,0,0,2.3958248488e-04,3.1921888688e+00,3.1924284512e+00,9.3176175816e-07,2.8572417675e-04,2.8665593851e-04,4.7495061735e-03,2.3958248488e+00
135,1.3500000000e-02,1.0000000000e-04,-9.2612501933e-02,1.3394655097e-01,1.4756599598e+00,2.6484429781e-01,-2.1167545355e-01,2.1167545355e-01,1.4117951352e+00,3.3961537900e-01,1.1906295161e-01,1.1923835251e-01,1.9245008953e-01,1.2833962823e-01,0.0000000000e+00,0.0000000000e+00,0.0000000000e+00,0.0000000000e+00,2.2188333344e-05,3.2091247524e-05,3.5354228002e-04,6.3452054976e-05,2.2188333344e-05,2.3757167480e-05,2.2510445088e-04,2.9471549658e-05,-1.1417349233e+01,1.1417367127e+01,2.8597775088e+03,1.4942135808e+02,-1.1418000107e+01,1.1418000107e+01,2.8597937418e+03,1.4942225028e+02,6.5087446631e-04,3.0380094700e-03,3.7754975541e-01,2.7651287961e-02,0.0000000000e+00,0.0000000000e+00,0.0000000000e+00,0.0000000000e+00,5.4226770667e-06,5.4226855654e-06,1.3582530933e-03,7.0967766263e-05,5.6346651987e-06,5.8268751838e-06,1.3442326131e-03,7.0794399292e-05,1.0000000000e+00,4.1921888688e+00,2.0679115636e+00,4.1921888688e+00,1.0000000000e+00,1.0002857242e+00,1.0000955859e+00,1.0002857242e+00,1.9379651049e+03,2.0256435729e+03,1.9618060783e+00,nan,3.8418406229e+00,4.0156552593e+00,3.8891031975e-03,nan,5.9715949990e+00,2.4526809388e-01,2.4021268007e+00,4.1909914012e+00,6.3671154371e-01,9.8967756433e-01,-2.2103606515e-02,-2.2428180412e-02,-8.4375839322e-03,5.6473017296e-01,3.1444978857e-01,400361,43,42,41,1.3442326131e-03,5.3140438779e-01,4.8303681438e-01,2.8049862745e-02,-3.5453207653e+00,-2.8204288620e+03,-6.1366323050e-02,-2.8204902283e+03,-7.2667601417e-06,447024,48,48,48,-2.2510445088e-04,1.0000000000e+00,5.6496136709e-01,6.0406614631e-02,-2.7443486002e+00,-1.4117951352e+00,-6.3864824618e-02,-1.4756599598e+00,1.2097553454e-04,2.7875674432e-02,6.0527590165e-02,1.1511066787e-05,1.4636204542e-03,0,0,0,2.3958248488e-04,3.1921888688e+00,3.1924284512e+00,9.3176175816e-07,2.8572417675e-04,2.8665593851e-04,4.7495061735e-03,2.3958248488e+00
136,1.3600000000e-02,1.0000000000e-04,-9.2636050113e-02,1.3397007879e-01,1.4763310453e+00,2.6487149934e-01,-2.1171570292e-01,2.1171570292e-01,1.4126799654e+00,3.3965214467e-01,1.1907965280e-01,1.1925411295e-01,1.9245008182e-01,1.2835147586e-01,0.0000000000e+00,0.0000000000e+00,0.0000000000e+00,0.0000000000e+00,2.2193975076e-05,3.2096884377e-05,3.5370306035e-04,6.3458571987e-05,2.2193975076e-05,2.3755004787e-05,2.2337683634e-04,2.9436459025e-05,-1.1421120483e+01,1.1421138441e+01,2.8604499452e+03,1.4945909068e+02,-1.1421767984e+01,1.1421767984e+01,2.8604635725e+03,1.4945995414e+02,6.4750161492e-04,3.0392285122e-03,3.7754445339e-01,2.7655997677e-02,0.0000000000e+00,0.0000000000e+00,0.0000000000e+00,0.0000000000e+00,5.4244682240e-06,5.4244767532e-06,1.3585724674e-03,7.0985687388e-05,5.6375895202e-06,5.8312886417e-06,1.3439756785e-03,7.0810661660e-05,1.0000000000e+00,4.1921888688e+00,2.0679115636e+00,4.1921888688e+00,1.0000000000e+00,1.0002857242e+00,1.0000955859e+00,1.0002857242e+00,1.9375396557e+03,2.0248489698e+03,1.9617786068e+00,nan,3.8409972083e+00,4.0140800305e+00,3.8890487377e-03,nan,6.0166295687e+00,2.4547621412e-01,2.4055427862e+00,4.1909914012e+00,6.3153775407e-01,9.8925578927e-01,-2.9664572608e-02,-3.0065644218e-02,-8.0845990190e-03,5.6480584799e-01,3.1444762490e-01,502793,54,53,41,1.3439756785e-03,5.3274862040e-01,4.8298015919e-01,2.8042595985e-02,-3.5455873411e+00,-2.8187105386e+03,-6.3970883987e-02,-2.8187745095e+03,-6.6650386364e-06,447024,48,48,48,-2.2337683634e-04,1.0000000000e+00,5.6473626264e-01,6.0527590165e-02,-2.7422191547e+00,-1.4126799654e+00,-6.3651079946e-02,-1.4763310453e+00,1.1852590292e-04,2.7823772348e-02,6.0646116068e-02,1.1404833507e-05,1.4799861770e-03,0,0,0,2.3958248488e-04,3.1921888688e+00,3.1924284512e+00,9.3176175816e-07,2.8572417675e-04,2.8665593851e-04,4.7495061735e-03,2.3958248488e+00
137,1.3700000000e-02,1.0000000000e-04,-9.2658557008e-02,1.3399284322e-01,1.4769864794e+00,2.6489825437e-01,-2.1175490595e-01,2.1175490595e-01,1.4135475815e+00,3.3968797355e-01,1.1909634895e-01,1.1926987354e-01,1.9245006294e-01,1.2836333172e-01,0.0000000000e+00,0.0000000000e+00,0.0000000000e+00,0.0000000000e+00,2.2199367334e-05,3.2102338334e-05,3.5386009087e-04,6.3464982024e-05,2.2199367334e-05,2.3752588971e-05,2.2167234661e-04,2.9401439919e-05,-1.1424932648e+01,1.1424950664e+01,2.8610658501e+03,1.4949753466e+02,-1.1425576780e+01,1.1425576780e+01,2.8610768699e+03,1.4949836943e+02,6.4413281908e-04,3.0404128225e-03,3.7754614962e-01,2.7660722611e-02,0.0000000000e+00,0.0000000000e+00,0.0000000000e+00,0.0000000000e+00,5.4262788141e-06,5.4262873709e-06,1.3588649918e-03,7.1003946381e-05,5.6406074376e-06,5.8355229837e-06,1.3437032145e-03,7.0827242863e-05,1.0000000000e+00,4.1921888688e+00,2.0679115636e+00,4.1921888688e+00,1.0000000000e+00,1.0002857242e+00,1.0000955859e+00,1.0002857242e+00,1.9370968456e+03,2.0240400163e+03,1.9617876131e+00,nan,3.8401193773e+00,4.0124763534e+00,3.8890665919e-03,nan,6.0616636897e+00,2.4567944955e-01,2.4089719095e+00,4.1909914012e+00,6.2644065361e-01,9.8884232251e-01,-3.9131373212e-02,-3.9658386412e-02,-7.6585445717e-03,5.6488647089e-01,3.1443920075e-01,401527,43,54,55,1.3437032145e-03,5.3409259608e-01,4.8292370424e-01,2.8035930947e-02,-3.5458319022e+00,-2.8169357621e+03,-6.6572161715e-02,-2.8170023343e+03,-6.0880324058e-06,447024,48,48,48,-2.2167234661e-04,1.0000000000e+00,5.6451288581e-01,6.0646116068e-02,-2.7401366865e+00,-1.4135475815e+00,-6.3438897880e-02,-1.4769864794e+00,1.1630448309e-04,2.7776482025e-02,6.0762420551e-02,1.1283872231e-05,1.4964397516e-03,0,0,0,2.3958248488e-04,3.1921888688e+00,3.1924284512e+00,9.3176175816e-07,2.8572417675e-04,2.8665593851e-04,4.7495061735e-03,2.3958248488e+00
138,1.3800000000e-02,1.0000000000e-04,-9.2680006575e-02,1.3401483704e-01,1.4776274856e+00,2.6492455040e-01,-2.1179304652e-01,2.1179304652e-01,1.4143992271e+00,3.3972284721e-01,1.1911303995e-01,1.1928563415e-01,1.9245007867e-01,1.2837519562e-01,0.0000000000e+00,0.0000000000e+00,0.0000000000e+00,0.0000000000e+00,2.2204506274e-05,3.2107607668e-05,3.5401366473e-04,6.3471282092e-05,2.2204506274e-05,2.3749911536e-05,2.1999033227e-04,2.9366478630e-05,-1.1428784182e+01,1.1428802251e+01,2.8621923871e+03,1.4953666042e+02,-1.1429424950e+01,1.1429424950e+01,2.8622238214e+03,1.4953746652e+02,6.4076839084e-04,3.0415627027e-03,3.7755001465e-01,2.7665462788e-02,0.0000000000e+00,0.0000000000e+00,0.0000000000e+00,0.0000000000e+00,5.4281081027e-06,5.4281166845e-06,1.3594000412e-03,7.1022529183e-05,5.6434976766e-06,5.8398886505e-06,1.3434074208e-03,7.0844121661e-05,1.0000000000e+00,4.1921888688e+00,2.0679115636e+00,4.1921888688e+00,1.0000000000e+00,1.0002857242e+00,1.0000955859e+00,1.0002857242e+00,1.9370189138e+03,2.0236322013e+03,1.9618075361e+00,nan,3.8399648846e+00,4.0116678970e+00,3.8891060874e-03,nan,6.1066657200e+00,2.4589096434e-01,2.4124145954e+00,4.1909914012e+00,6.2141762928e-01,9.8823553042e-01,-5.1159729031e-02,-5.1924522966e-02,-7.1686993967e-03,5.6496638140e-01,3.1443242849e-01,392201,42,53,41,1.3434074208e-03,5.3543629930e-01,4.8286745247e-01,2.8029842914e-02,-3.5460553404e+00,-2.8151035292e+03,-6.9170013561e-02,-2.8151726992e+03,-5.5426059771e-06,447024,48,48,48,-2.1999033227e-04,1.0000000000e+00,5.6429121346e-01,6.0762420551e-02,-2.7380969456e+00,-1.4143992271e+00,-6.3228258507e-02,-1.4776274856e+00,1.1430615055e-04,2.7733944931e-02,6.0876726702e-02,1.1152623075e-05,1.5130122609e-03,0,0,0,2.3958248488e-04,3.1921888688e+00,3.1924284512e+00,9.3176175816e-07,2.8572417675e-04,2.8665593851e-04,4.7495061735e-03,2.3958248488e+00
139,1.3900000000e-02,1.0000000000e-04,-9.2700382115e-02,1.3403605808e-01,1.4782552410e+00,2.6495035601e-01,-2.1183010782e-01,2.1183010782e-01,1.4152360985e+00,3.3975673334e-01,1.1912972571e-01,1.1930139465e-01,1.9245008883e-01,1.2838706739e-01,0.0000000000e+00,0.0000000000e+00,0.0000000000e+00,0.0000000000e+00,2.2209387897e-05,3.2112691858e-05,3.5416406393e-04,6.3477464663e-05,2.2209387897e-05,2.3746975132e-05,2.1833015818e-04,2.9331562009e-05,-1.1432672148e+01,1.1432690265e+01,2.8634106065e+03,1.4957642062e+02,-1.1433309555e+01,1.1433309555e+01,2.8634394226e+03,1.4957719810e+02,6.3740777887e-04,3.0426775989e-03,3.7754762889e-01,2.7670218197e-02,0.0000000000e+00,0.0000000000e+00,0.0000000000e+00,0.0000000000e+00,5.4299546944e-06,5.4299632994e-06,1.3599786353e-03,7.1041413315e-05,5.6470720147e-06,5.8436708325e-06,1.3430926520e-03,7.0861244179e-05,1.0000000000e+00,4.1921888688e+00,2.0679115636e+00,4.1921888688e+00,1.0000000000e+00,1.0002857242e+00,1.0000955859e+00,1.0002857242e+00,1.9370204327e+03,2.0232945058e+03,1.9617950357e+00,nan,3.8399678956e+00,4.0109984463e+00,3.8890813065e-03,nan,6.1516588598e+00,2.4608063974e-01,2.4158701182e+00,4.1909914012e+00,6.1646615346e-01,9.8758364074e-01,-6.6662897406e-02,-6.7916116716e-02,-6.6189203399e-03,5.6504492236e-01,3.1440376215e-01,512117,55,54,53,1.3430926520e-03,5.3677970672e-01,4.8281140669e-01,2.8024300308e-02,-3.5462588019e+00,-2.8132125464e+03,-7.1764282065e-02,-2.8132843106e+03,-5.0347940335e-06,447024,48,48,48,-2.1833015818e-04,1.0000000000e+00,5.6407122313e-01,6.0876726702e-02,-2.7360958063e+00,-1.4152360985e+00,-6.3019142471e-02,-1.4782552410e+00,1.1252360145e-04,2.7696269136e-02,6.0989250303e-02,1.1015460298e-05,1.5296995920e-03,0,0,0,2.3958248488e-04,3.1921888688e+00,3.1924284512e+00,9.3176175816e-07,2.8572417675e-04,2.8665593851e-04,4.7495061735e-03,2.3958248488e+00
140,1.4000000000e-02,1.0000000000e-04,-9.2719666349e-02,1.3405648007e-01,1.4788708681e+00,2.6497562163e-01,-2.1186607249e-01,2.1186607249e-01,1.4160593371e+00,3.3978958632e-01,1.1914640614e-01,1.1931715492e-01,1.9245008821e-01,1.2839894685e-01,0.0000000000e+00,0.0000000000e+00,0.0000000000e+00,0.0000000000e+00,2.2214008061e-05,3.2117584610e-05,3.5431155739e-04,6.3483517864e-05,2.2214008061e-05,2.3743767609e-05,2.1669120586e-04,2.9296677459e-05,-1.1436592323e+01,1.1436610489e+01,2.8645675768e+03,1.4961675238e+02,-1.1437226377e+01,1.1437226377e+01,2.8645937721e+03,1.4961750126e+02,6.3405361550e-04,3.0437601112e-03,3.7754770160e-01,2.7674988514e-02,0.0000000000e+00,0.0000000000e+00,0.0000000000e+00,0.0000000000e+00,5.4318165841e-06,5.4318252123e-06,1.3605281390e-03,7.1060568907e-05,5.6508160417e-06,5.8479874382e-06,1.3427538397e-03,7.0878592285e-05,1.0000000000e+00,4.1921888688e+00,2.0679115636e+00,4.1921888688e+00,1.0000000000e+00,1.0002857242e+00,1.0000955859e+00,1.0002857242e+00,1.9369964198e+03,2.0229334301e+03,1.9617954199e+00,nan,3.8399202923e+00,4.0102826464e+00,3.8890820681e-03,nan,6.1966235979e+00,2.4629568207e-01,2.4193389296e+00,4.1909914012e+00,6.1158379213e-01,9.8693573561e-01,-8.6852485889e-02,-8.9160020221e-02,-6.0084691634e-03,5.6512635062e-01,3.1439571319e-01,392201,42,53,41,1.3427538397e-03,5.3812279937e-01,4.8275556956e-01,2.8019265514e-02,-3.5464436561e+00,-2.8112612493e+03,-7.4354818526e-02,-2.8113356041e+03,-4.5698917577e-06,447024,48,48,48,-2.1669120586e-04,1.0000000000e+00,5.6385289297e-01,6.0989250303e-02,-2.7341293031e+00,-1.4160593371e+00,-6.2811530967e-02,-1.4788708681e+00,1.1094760064e-04,2.7663528340e-02,6.1100197904e-02,1.0876530978e-05,1.5465328996e-03,0,0,0,2.3958248488e-04,3.1921888688e+00,3.1924284512e+00,9.3176175816e-07,2.8572417675e-04,2.8665593851e-04,4.7495061735e-03,2.3958248488e+00
141,1.4100000000e-02,1.0000000000e-04,-9.2737841540e-02,1.3407607965e-01,1.4794754277e+00,2.6500028065e-01,-2.1190092269e-01,2.1190092269e-01,1.4168700220e+00,3.3982134802e-01,1.1916308115e-01,1.1933292197e-01,1.9245007683e-01,1.2841083382e-01,0.0000000000e+00,0.0000000000e+00,0.0000000000e+00,0.0000000000e+00,2.2218362519e-05,3.2122280327e-05,3.5445639930e-04,6.3489425732e-05,2.2218362519e-05,2.3740288006e-05,2.1507287546e-04,2.9261812938e-05,-1.1440539291e+01,1.1440557509e+01,2.8656612297e+03,1.4965757470e+02,-1.1441169998e+01,1.1441169998e+01,2.8656848016e+03,1.4965829503e+02,6.3070654948e-04,3.0448109125e-03,3.7755002990e-01,2.7679774421e-02,0.0000000000e+00,0.0000000000e+00,0.0000000000e+00,0.0000000000e+00,5.4336911992e-06,5.4336998516e-06,1.3610475702e-03,7.1079957496e-05,5.6543817208e-06,5.8529284673e-06,1.3423924595e-03,7.0896151864e-05,1.0000000000e+00,4.1921888688e+00,2.0679115636e+00,4.1921888688e+00,1.0000000000e+00,1.0002857242e+00,1.0000955859e+00,1.0002857242e+00,1.9369441195e+03,2.0225460043e+03,1.9618076340e+00,nan,3.8398166118e+00,4.0095146097e+00,3.8891062815e-03,nan,6.2415702427e+00,2.4653990996e-01,2.4228215802e+00,4.1909914012e+00,6.0676821151e-01,9.8629356454e-01,-1.1286641523e-01,-1.1747334662e-01,-5.3356189224e-03,5.6521293656e-01,3.1440436879e-01,493770,53,55,42,1.3423924595e-03,5.3946555321e-01,4.8269994355e-01,2.8014695622e-02,-3.5466114692e+00,-2.8092478533e+03,-7.6941464818e-02,-2.8093247948e+03,-4.1525632030e-06,447024,48,48,48,-2.1507287546e-04,1.0000000000e+00,5.6363620176e-01,6.1100197904e-02,-2.7321936613e+00,-1.4168700220e+00,-6.2605405723e-02,-1.4794754277e+00,1.0956733169e-04,2.7635761154e-02,6.1209765236e-02,1.0739824409e-05,1.5634480616e-03,0,0,0,2.3958248488e-04,3.1921888688e+00,3.1924284512e+00,9.3176175816e-07,2.8572417675e-04,2.8665593851e-04,4.7495061735e-03,2.3958248488e+00
142,1.4200000000e-02,1.0000000000e-04,-9.2754889644e-02,1.3409483694e-01,1.4800699143e+00,2.6502425052e-01,-2.1193464028e-01,2.1193464028e-01,1.4176691653e+00,3.3985194880e-01,1.1917975064e-01,1.1934869495e-01,1.9245006616e-01,1.2842272813e-01,0.0000000000e+00,0.0000000000e+00,0.0000000000e+00,0.0000000000e+00,2.2222446946e-05,3.2126774244e-05,3.5459882786e-04,6.3495168494e-05,2.2222446946e-05,2.3736537284e-05,2.1347458743e-04,2.9226957001e-05,-1.1444506454e+01,1.1444524728e+01,2.8666892845e+03,1.4969879378e+02,-1.1445133820e+01,1.1445133820e+01,2.8667102306e+03,1.4969948558e+02,6.2736586514e-04,3.0459420486e-03,3.7754649666e-01,2.7684575886e-02,0.0000000000e+00,0.0000000000e+00,0.0000000000e+00,0.0000000000e+00,5.4355754055e-06,5.4355840848e-06,1.3615358454e-03,7.1099534523e-05,5.6579915666e-06,5.8580316751e-06,1.3420140306e-03,7.0913902461e-05,1.0000000000e+00,4.1921888688e+00,2.0679115636e+00,4.1921888688e+00,1.0000000000e+00,1.0002857242e+00,1.0000955859e+00,1.0002857242e+00,1.9368607232e+03,2.0221292110e+03,1.9617893836e+00,nan,3.8396512860e+00,4.0086883545e+00,3.8890701016e-03,nan,6.2865282782e+00,2.4679386067e-01,2.4263183628e+00,4.1909914012e+00,6.0201718296e-01,9.8566191634e-01,-1.4416429297e-01,-1.5343774893e-01,-4.6165712732e-03,5.6529773370e-01,3.1440908104e-01,382986,41,53,42,1.3420140306e-03,5.4080794567e-01,4.8264453094e-01,2.8010543059e-02,-3.5467639805e+00,-2.8071703726e+03,-7.9524066058e-02,-2.8072498967e+03,-3.7869254508e-06,447024,48,48,48,-2.1347458743e-04,1.0000000000e+00,5.6342112889e-01,6.1209765236e-02,-2.7302853226e+00,-1.4176691653e+00,-6.2400748987e-02,-1.4800699143e+00,1.0837057223e-04,2.7612970643e-02,6.1318135808e-02,1.0608998471e-05,1.5804083951e-03,0,0,0,2.3958248488e-04,3.1921888688e+00,3.1924284512e+00,9.3176175816e-07,2.8572417675e-04,2.8665593851e-04,4.7495061735e-03,2.3958248488e+00
143,1.4300000000e-02,1.0000000000e-04,-9.2770792499e-02,1.3411273406e-01,1.4806552509e+00,2.6504743419e-01,-2.1196720704e-01,2.1196720704e-01,1.4184577074e+00,3.3988130854e-01,1.1919641454e-01,1.1936446731e-01,1.9245008358e-01,1.2843462961e-01,0.0000000000e+00,0.0000000000e+00,0.0000000000e+00,0.0000000000e+00,2.2226256992e-05,3.2131062081e-05,3.5473906426e-04,6.3500722896e-05,2.2226256992e-05,2.3732523382e-05,2.1189578397e-04,2.9192098842e-05,-1.1448486168e+01,1.1448504500e+01,2.8676492795e+03,1.4974030365e+02,-1.1449110200e+01,1.1449110200e+01,2.8676675975e+03,1.4974096697e+02,6.2403172181e-04,3.0472095547e-03,3.7754853035e-01,2.7689392469e-02,0.0000000000e+00,0.0000000000e+00,0.0000000000e+00,0.0000000000e+00,5.4374655732e-06,5.4374742801e-06,1.3619917956e-03,7.1119249663e-05,5.6616178297e-06,5.8635117587e-06,1.3418823711e-03,7.0931795139e-05,1.0000000000e+00,4.1921888688e+00,2.0679115636e+00,4.1921888688e+00,1.0000000000e+00,1.0002857242e+00,1.0000955859e+00,1.0002857242e+00,1.9367433964e+03,2.0216800139e+03,1.9617997734e+00,nan,3.8394186963e+00,4.0077978620e+00,3.8890906985e-03,nan,6.3327469097e+00,2.4706651140e-01,2.4298285479e+00,4.1909914012e+00,5.9732858690e-01,9.8523528221e-01,-1.7453698116e-01,-1.9095140299e-01,-3.8564801878e-03,5.6538161732e-01,3.1441945090e-01,401416,43,53,40,1.3418823711e-03,4.9065939225e-01,4.8014412968e-01,2.8005948847e-02,-3.5469327378e+00,-2.8676675975e+03,1.8318080791e-02,-2.8676492795e+03,-3.4714538522e-06,447024,48,48,48,-2.1189578397e-04,1.0000000000e+00,5.6320765430e-01,6.1318135808e-02,-2.7284009665e+00,-1.4184577074e+00,-6.2197543507e-02,-1.4806552509e+00,1.0734396101e-04,2.7595124169e-02,6.1425479769e-02,1.0487311834e-05,1.5975455801e-03,0,0,0,2.3958248488e-04,3.1921888688e+00,3.1924284512e+00,9.3176175816e-07,2.8572417675e-04,2.8665593851e-04,4.7495061735e-03,2.3958248488e+00
144,1.4400000000e-02,1.0000000000e-04,-9.2785532044e-02,1.3412973824e-01,1.4812322864e+00,2.6506972157e-01,-2.1199860481e-01,2.1199860481e-01,1.4192365138e+00,3.3990933792e-01,1.1921307277e-01,1.1938023895e-01,1.9245008972e-01,1.2844653811e-01,0.0000000000e+00,0.0000000000e+00,0.0000000000e+00,0.0000000000e+00,2.2229788328e-05,3.2135135984e-05,3.5487731185e-04,6.3506062560e-05,2.2229788328e-05,2.3728239413e-05,2.1033593013e-04,2.9157228363e-05,-1.1452469813e+01,1.1452488195e+01,2.8685385757e+03,1.4978198539e+02,-1.1453090517e+01,1.1453090517e+01,2.8685542637e+03,1.4978262024e+02,6.2070419142e-04,3.0486989246e-03,3.7755000541e-01,2.7694223923e-02,0.0000000000e+00,0.0000000000e+00,0.0000000000e+00,0.0000000000e+00,5.4393576080e-06,5.4393663383e-06,1.3624141674e-03,7.1139046429e-05,5.6657359308e-06,5.8685569924e-06,1.3425297891e-03,7.0949655627e-05,1.0000000000e+00,4.1921888688e+00,2.0679115636e+00,4.1921888688e+00,1.0000000000e+00,1.0002857242e+00,1.0000955859e+00,1.0002857242e+00,1.9365892859e+03,2.0211953650e+03,1.9618073754e+00,nan,3.8391131862e+00,4.0068370895e+00,3.8891057689e-03,nan,6.3827886577e+00,2.4732374325e-01,2.4333470501e+00,4.1909914012e+00,5.9270041533e-01,9.8540504145e-01,-1.9066504172e-01,-2.1187033604e-01,-3.0626931580e-03,5.6546263736e-01,3.1440810637e-01,493576,53,53,40,1.3425297891e-03,4.9200127462e-01,4.8009271333e-01,2.8002477393e-02,-3.5470602711e+00,-2.8685542637e+03,1.5687944836e-02,-2.8685385757e+03,-3.2325868323e-06,447024,48,48,48,-2.1033593013e-04,1.0000000000e+00,5.6299575852e-01,6.1425479769e-02,-2.7265375274e+00,-1.4192365138e+00,-6.1995772517e-02,-1.4812322864e+00,1.0647323959e-04,2.7582153541e-02,6.1531953009e-02,1.0377622264e-05,1.6148445377e-03,0,0,0,2.3958248488e-04,3.1921888688e+00,3.1924284512e+00,9.3176175816e-07,2.8572417675e-04,2.8665593851e-04,4.7495061735e-03,2.3958248488e+00
145,1.4500000000e-02,1.0000000000e-04,-9.2799090562e-02,1.3414581878e-01,1.4818017930e+00,2.6509099113e-01,-2.1202881583e-01,2.1202881583e-01,1.4200063733e+00,3.3993593967e-01,1.1922972526e-01,1.1939600979e-01,1.9245008594e-01,1.2845845348e-01,0.0000000000e+00,0.0000000000e+00,0.0000000000e+00,0.0000000000e+00,2.2233036712e-05,3.2138988599e-05,3.5501375567e-04,6.3511158376e-05,2.2233036712e-05,2.3723683424e-05,2.0879451465e-04,2.9122336244e-05,-1.1456447850e+01,1.1456466279e+01,2.8693543693e+03,1.4982370906e+02,-1.1457065235e+01,1.1457065235e+01,2.8693674252e+03,1.4982431548e+02,6.1738522260e-04,3.0501766262e-03,3.7754718033e-01,2.7699069764e-02,0.0000000000e+00,0.0000000000e+00,0.0000000000e+00,0.0000000000e+00,5.4412469790e-06,5.4412557317e-06,1.3628016291e-03,7.1158863112e-05,5.6704029516e-06,5.8733631249e-06,1.3431590523e-03,7.0967495584e-05,1.0000000000e+00,4.1921888688e+00,2.0679115636e+00,4.1921888688e+00,1.0000000000e+00,1.0002857242e+00,1.0000955859e+00,1.0002857242e+00,1.9363955307e+03,2.0206722161e+03,1.9617927344e+00,nan,3.8387290840e+00,4.0057999940e+00,3.8890767445e-03,nan,6.4329230803e+00,2.4757382823e-01,2.4368750841e+00,4.1909914012e+00,5.8813077329e-01,9.8558662071e-01,-1.8554543986e-01,-2.0430001456e-01,-2.2278766853e-03,5.6554902000e-01,3.1439781633e-01,492616,53,43,40,1.3431590523e-03,4.9334380441e-01,4.8004149700e-01,2.7999244806e-02,-3.5471790428e+00,-2.8693674252e+03,1.3055861310e-02,-2.8693543693e+03,-3.0543599054e-06,447024,48,48,48,-2.0879451465e-04,1.0000000000e+00,5.6278542259e-01,6.1531953009e-02,-2.7246922076e+00,-1.4200063733e+00,-6.1795419711e-02,-1.4818017930e+00,1.0574346530e-04,2.7573955492e-02,6.1637696474e-02,1.0282258816e-05,1.6323349131e-03,0,0,0,2.3958248488e-04,3.1921888688e+00,3.1924284512e+00,9.3176175816e-07,2.8572417675e-04,2.8665593851e-04,4.7495061735e-03,2.3958248488e+00
146,1.4600000000e-02,1.0000000000e-04,-9.2811450946e-02,1.3416094529e-01,1.4823644653e+00,2.6511111169e-01,-2.1205782292e-01,2.1205782292e-01,1.4207679961e+00,3.3996100998e-01,1.1924637197e-01,1.1941177977e-01,1.9245007124e-01,1.2847037559e-01,0.0000000000e+00,0.0000000000e+00,0.0000000000e+00,0.0000000000e+00,2.2235998043e-05,3.2142612647e-05,3.5514856210e-04,6.3515978909e-05,2.2235998043e-05,2.3718858789e-05,2.0727105061e-04,2.9087414027e-05,-1.1460409922e+01,1.1460428401e+01,2.8700937212e+03,1.4986533092e+02,-1.1461023999e+01,1.1461023999e+01,2.8701041432e+03,1.4986590894e+02,6.1407704042e-04,3.0516262342e-03,3.7754010810e-01,2.7703930794e-02,0.0000000000e+00,0.0000000000e+00,0.0000000000e+00,0.0000000000e+00,5.4431287674e-06,5.4431375442e-06,1.3631527848e-03,7.1178631440e-05,5.6744142743e-06,5.8787679085e-06,1.3437788608e-03,7.0985268957e-05,1.0000000000e+00,4.1921888688e+00,2.0679115636e+00,4.1921888688e+00,1.0000000000e+00,1.0002857242e+00,1.0000955859e+00,1.0002857242e+00,1.9361592837e+03,2.0201075413e+03,1.9617561358e+00,nan,3.8382607456e+00,4.0046805771e+00,3.8890041910e-03,nan,6.4831960702e+00,2.4785205564e-01,2.4404118184e+00,4.1909914012e+00,5.8361787920e-01,9.8578741562e-01,-1.6765916395e-01,-1.8072532686e-01,-1.3559612798e-03,5.6564237448e-01,3.1441896864e-01,401416,43,53,40,1.3437788608e-03,4.9468696346e-01,4.7999048205e-01,2.7996190446e-02,-3.5472912783e+00,-2.8701041432e+03,1.0421978848e-02,-2.8700937212e+03,-2.9395889189e-06,447024,48,48,48,-2.0727105061e-04,1.0000000000e+00,5.6257662807e-01,6.1637696474e-02,-2.7228624864e+00,-1.4207679961e+00,-6.1596469226e-02,-1.4823644653e+00,1.0513916036e-04,2.7570392485e-02,6.1742835634e-02,1.0203125567e-05,1.6499867859e-03,0,0,0,2.3958248488e-04,3.1921888688e+00,3.1924284512e+00,9.3176175816e-07,2.8572417675e-04,2.8665593851e-04,4.7495061735e-03,2.3958248488e+00
147,1.4700000000e-02,1.0000000000e-04,-9.2822596982e-02,1.3417508062e-01,1.4829209195e+00,2.6512994414e-01,-2.1208560983e-01,2.1208560983e-01,1.4215220138e+00,3.3998444000e-01,1.1926301285e-01,1.1942754880e-01,1.9245007355e-01,1.2848230430e-01,0.0000000000e+00,0.0000000000e+00,0.0000000000e+00,0.0000000000e+00,2.2238668438e-05,3.2145999225e-05,3.5528187877e-04,6.3520490833e-05,2.2238668438e-05,2.3713765288e-05,2.0576507586e-04,2.9052454191e-05,-1.1464344895e+01,1.1464363419e+01,2.8707535697e+03,1.4990669716e+02,-1.1464955672e+01,1.1464955672e+01,2.8707613562e+03,1.4990724681e+02,6.1077717453e-04,3.0530452318e-03,3.7754272560e-01,2.7708807915e-02,0.0000000000e+00,0.0000000000e+00,0.0000000000e+00,0.0000000000e+00,5.4449976852e-06,5.4450064835e-06,1.3634661802e-03,7.1198278359e-05,5.6783670688e-06,5.8837757735e-06,1.3443726697e-03,7.1002970193e-05,1.0000000000e+00,4.1921888688e+00,2.0679115636e+00,4.1921888688e+00,1.0000000000e+00,1.0002857242e+00,1.0000955859e+00,1.0002857242e+00,1.9358777208e+03,2.0194983463e+03,1.9617697132e+00,nan,3.8377025727e+00,4.0034729032e+00,3.8890311070e-03,nan,6.5335318155e+00,2.4811647168e-01,2.4439577368e+00,4.1909914012e+00,5.7916006461e-01,9.8599634460e-01,-1.4785566955e-01,-1.5635552017e-01,-4.7768963541e-04,5.6572766260e-01,3.1442312414e-01,400171,43,40,43,1.3443726697e-03,4.9603074232e-01,4.7993966958e-01,2.7993250858e-02,-3.5473993077e+00,-2.8707613562e+03,7.7864293714e-03,-2.8707535697e+03,-2.8907207621e-06,447024,48,48,48,-2.0576507586e-04,1.0000000000e+00,5.6236935702e-01,6.1742835634e-02,-2.7210461272e+00,-1.4215220138e+00,-6.1398905620e-02,-1.4829209195e+00,1.0464450910e-04,2.7571293867e-02,6.1847480143e-02,1.0141756249e-05,1.6677449627e-03,0,0,0,2.3958248488e-04,3.1921888688e+00,3.1924284512e+00,9.3176175816e-07,2.8572417675e-04,2.8665593851e-04,4.7495061735e-03,2.3958248488e+00
148,1.4800000000e-02,1.0000000000e-04,-9.2832513637e-02,1.3418819649e-01,1.4834716935e+00,2.6514734330e-01,-2.1211216150e-01,2.1211216150e-01,1.4222689796e+00,3.4000611728e-01,1.1927964787e-01,1.1944331684e-01,1.9245008700e-01,1.2849423951e-01,0.0000000000e+00,0.0000000000e+00,0.0000000000e+00,0.0000000000e+00,2.2241044295e-05,3.2149141558e-05,3.5541383457e-04,6.3524659368e-05,2.2241044295e-05,2.3708398708e-05,2.0427615325e-04,2.9017450243e-05,-1.1468240838e+01,1.1468259405e+01,2.8713307420e+03,1.4994765052e+02,-1.1468848323e+01,1.1468848323e+01,2.8713358913e+03,1.4994817184e+02,6.0748546865e-04,3.0544333380e-03,3.7754924323e-01,2.7713699668e-02,0.0000000000e+00,0.0000000000e+00,0.0000000000e+00,0.0000000000e+00,5.4468480657e-06,5.4468568844e-06,1.3637403085e-03,7.1217729183e-05,5.6826703817e-06,5.8882348341e-06,1.3449382802e-03,7.1020481094e-05,1.0000000000e+00,4.1921888688e+00,2.0679115636e+00,4.1921888688e+00,1.0000000000e+00,1.0002857242e+00,1.0000955859e+00,1.0002857242e+00,1.9355480490e+03,2.0188416766e+03,1.9618034427e+00,nan,3.8370490281e+00,4.0021711148e+00,3.8890979726e-03,nan,6.5839221016e+00,2.4836071413e-01,2.4475093607e+00,4.1909914012e+00,5.7475577307e-01,9.8621289685e-01,-1.4175216313e-01,-1.4888117033e-01,4.0137865262e-04,5.6580772815e-01,3.1441801641e-01,492616,53,43,40,1.3449382802e-03,4.9737511499e-01,4.7988906040e-01,2.7990360137e-02,-3.5475055519e+00,-2.8713358913e+03,5.1493775839e-03,-2.8713307420e+03,-2.9098571932e-06,447024,48,48,48,-2.0427615325e-04,1.0000000000e+00,5.6216359195e-01,6.1847480143e-02,-2.7192411803e+00,-1.4222689796e+00,-6.1202713848e-02,-1.4834716935e+00,1.0424361645e-04,2.7576457348e-02,6.1951723760e-02,1.0099033762e-05,1.6856321493e-03,0,0,0,2.3958248488e-04,3.1921888688e+00,3.1924284512e+00,9.3176175816e-07,2.8572417675e-04,2.8665593851e-04,4.7495061735e-03,2.3958248488e+00
149,1.4900000000e-02,1.0000000000e-04,-9.2841187361e-02,1.3420025754e-01,1.4840172484e+00,2.6516315981e-01,-2.1213746437e-01,2.1213746437e-01,1.4230093692e+00,3.4002592732e-01,1.1929627701e-01,1.1945908818e-01,1.9245008964e-01,1.2850618111e-01,0.0000000000e+00,0.0000000000e+00,0.0000000000e+00,0.0000000000e+00,2.2243122367e-05,3.2152031173e-05,3.5554453998e-04,6.3528448728e-05,2.2243122367e-05,2.3702762895e-05,2.0280387063e-04,2.8982396788e-05,-1.1472085256e+01,1.1472103866e+01,2.8718219769e+03,1.4998802494e+02,-1.1472689459e+01,1.1472689459e+01,2.8718244878e+03,1.4998851796e+02,6.0420341030e-04,3.0557918992e-03,3.7754923662e-01,2.7718605217e-02,0.0000000000e+00,0.0000000000e+00,0.0000000000e+00,0.0000000000e+00,5.4486739744e-06,5.4486828135e-06,1.3639736208e-03,7.1236905038e-05,5.6874482583e-06,5.8921420840e-06,1.3454660935e-03,7.1037703696e-05,1.0000000000e+00,4.1921888688e+00,2.0679115636e+00,4.1921888688e+00,1.0000000000e+00,1.0002857242e+00,1.0000955859e+00,1.0002857242e+00,1.9351675191e+03,2.0181346308e+03,1.9618033815e+00,nan,3.8362946620e+00,4.0007694605e+00,3.8890978513e-03,nan,6.6343215707e+00,2.4858461059e-01,2.4510638032e+00,4.1909914012e+00,5.7040355799e-01,9.8643116920e-01,-1.4244918049e-01,-1.4931010100e-01,1.2758868699e-03,5.6588486585e-01,3.1441175297e-01,493576,53,53,40,1.3454660935e-03,4.9872005327e-01,4.7983865501e-01,2.7987450280e-02,-3.5476125102e+00,-2.8718244878e+03,2.5109928330e-03,-2.8718219769e+03,-2.9986960319e-06,447024,48,48,48,-2.0280387063e-04,1.0000000000e+00,5.6195931579e-01,6.1951723760e-02,-2.7174459822e+00,-1.4230093692e+00,-6.1007879242e-02,-1.4840172484e+00,1.0392049309e-04,2.7585650819e-02,6.2055644253e-02,1.0075359455e-05,1.7036542762e-03,0,0,0,2.3958248488e-04,3.1921888688e+00,3.1924284512e+00,9.3176175816e-07,2.8572417675e-04,2.8665593851e-04,4.7495061735e-03,2.3958248488e+00
150,1.5000000000e-02,1.0000000000e-04,-9.2848606388e-02,1.3421122707e-01,1.4845579696e+00,2.6517724202e-01,-2.1216150666e-01,2.1216150666e-01,1.4237435822e+00,3.4004375512e-01,1.1931290027e-01,1.1947486293e-01,1.9245008270e-01,1.2851812901e-01,0.0000000000e+00,0.0000000000e+00,0.0000000000e+00,0.0000000000e+00,2.2244899836e-05,3.2154659282e-05,3.5567408732e-04,6.3531822577e-05,2.2244899836e-05,2.3696868272e-05,2.0134784090e-04,2.8947289605e-05,-1.1475865171e+01,1.1475883836e+01,2.8725850232e+03,1.5002764719e+02,-1.1476466104e+01,1.1476466104e+01,2.8726151498e+03,1.5002811194e+02,6.0093301178e-04,3.0571297804e-03,3.7754979540e-01,2.7723524141e-02,0.0000000000e+00,0.0000000000e+00,0.0000000000e+00,0.0000000000e+00,5.4504692477e-06,5.4504781125e-06,1.3643360302e-03,7.1255723652e-05,5.6917550663e-06,5.8966991361e-06,1.3459321296e-03,7.1054570099e-05,1.0000000000e+00,4.1921888688e+00,2.0679115636e+00,4.1921888688e+00,1.0000000000e+00,1.0002857242e+00,1.0000955859e+00,1.0002857242e+00,1.9349766610e+03,2.0176492353e+03,1.9618063557e+00,nan,3.8359163032e+00,3.9998072078e+00,3.8891037474e-03,nan,6.6846116832e+00,2.4883875238e-01,2.4546191049e+00,4.1909914012e+00,5.6610208073e-01,9.8651072747e-01,-1.4420291400e-01,-1.5097779602e-01,2.1401372372e-03,5.6596036748e-01,3.1442644730e-01,373771,40,53,43,1.3459321296e-03,5.0006551937e-01,4.7978845361e-01,2.7984451584e-02,-3.5477227453e+00,-2.8722238165e+03,-1.2853639551e-04,-2.8722239451e+03,-3.1585249504e-06,447024,48,48,48,-2.0134784090e-04,1.0000000000e+00,5.6175651192e-01,6.2055644253e-02,-2.7156591545e+00,-1.4237435822e+00,-6.0814387489e-02,-1.4845579696e+00,1.0365917954e-04,2.7598614481e-02,6.2159303432e-02,1.0070667966e-05,1.7218249408e-03,0,0,0,2.3958248488e-04,3.1921888688e+00,3.1924284512e+00,9.3176175816e-07,2.8572417675e-04,2.8665593851e-04,4.7495061735e-03,2.3958248488e+00
151,1.5100000000e-02,1.0000000000e-04,-9.2854761040e-02,1.3422108219e-01,1.4850941685e+00,2.6518943783e-01,-2.1218427871e-01,2.1218427871e-01,1.4244719439e+00,3.4005948670e-01,1.1932951767e-01,1.1949063657e-01,1.9245006478e-01,1.2853008314e-01,0.0000000000e+00,0.0000000000e+00,0.0000000000e+00,0.0000000000e+00,2.2246374383e-05,3.2157020394e-05,3.5580255118e-04,6.3534744480e-05,2.2246374383e-05,2.3690720244e-05,1.9990770181e-04,2.8912125710e-05,-1.1479567226e+01,1.1479585950e+01,2.8738160170e+03,1.5006633850e+02,-1.1480164899e+01,1.1480164899e+01,2.8738435959e+03,1.5006677502e+02,5.9767261419e-04,3.0586338385e-03,3.7754550075e-01,2.7728456338e-02,0.0000000000e+00,0.0000000000e+00,0.0000000000e+00,0.0000000000e+00,5.4522275411e-06,5.4522364337e-06,1.3649206914e-03,7.1274100114e-05,5.6957883296e-06,5.9011505859e-06,1.3463658988e-03,7.1071006482e-05,1.0000000000e+00,4.1921888688e+00,2.0679115636e+00,4.1921888688e+00,1.0000000000e+00,1.0002857242e+00,1.0000955859e+00,1.0002857242e+00,1.9351069298e+03,2.0174799568e+03,1.9617842227e+00,nan,3.8361745493e+00,3.9994716285e+00,3.8890598707e-03,nan,6.7349376069e+00,2.4909122750e-01,2.4581729893e+00,4.1909914012e+00,5.6185010801e-01,9.8640595553e-01,-1.4511057776e-01,-1.5175363272e-01,2.9850362768e-03,5.6603261830e-01,3.1443644088e-01,492331,53,40,43,1.3463658988e-03,5.0141145150e-01,4.7973845607e-01,2.7981293059e-02,-3.5478388683e+00,-2.8725305034e+03,-2.7689742909e-03,-2.8725332723e+03,-3.3901867114e-06,447024,48,48,48,-1.9990770181e-04,1.0000000000e+00,5.6155516408e-01,6.2159303432e-02,-2.7138796015e+00,-1.4244719439e+00,-6.0622224602e-02,-1.4850941685e+00,1.0344390199e-04,2.7615063281e-02,6.2262747334e-02,1.0084480396e-05,1.7400180355e-03,0,0,0,2.3958248488e-04,3.1921888688e+00,3.1924284512e+00,9.3176175816e-07,2.8572417675e-04,2.8665593851e-04,4.7495061735e-03,2.3958248488e+00
152,1.5200000000e-02,1.0000000000e-04,-9.2859644021e-02,1.3422979202e-01,1.4856260846e+00,2.6519959663e-01,-2.1220577325e-01,2.1220577325e-01,1.4251947077e+00,3.4007301059e-01,1.1934612923e-01,1.1950640910e-01,1.9245003590e-01,1.2854204343e-01,0.0000000000e+00,0.0000000000e+00,0.0000000000e+00,0.0000000000e+00,2.2247544260e-05,3.2159107118e-05,3.5592998896e-04,6.3537178349e-05,2.2247544260e-05,2.3684326440e-05,1.9848311569e-04,2.8876903405e-05,-1.1483177805e+01,1.1483196583e+01,2.8749570897e+03,1.5010391845e+02,-1.1483772226e+01,1.1483772226e+01,2.8749821187e+03,1.5010432677e+02,5.9442135089e-04,3.0604386230e-03,3.7753599928e-01,2.7733401264e-02,0.0000000000e+00,0.0000000000e+00,0.0000000000e+00,0.0000000000e+00,5.4539423875e-06,5.4539513064e-06,1.3654626446e-03,7.1291948733e-05,5.7000036233e-06,5.9056311178e-06,1.3467695722e-03,7.1086821545e-05,1.0000000000e+00,4.1921888688e+00,2.0679115636e+00,4.1921888688e+00,1.0000000000e+00,1.0002857242e+00,1.0000955859e+00,1.0002857242e+00,1.9351821562e+03,2.0172556797e+03,1.9617351460e+00,nan,3.8363236788e+00,3.9990270194e+00,3.8889625806e-03,nan,6.7853105162e+00,2.4934764908e-01,2.4617189921e+00,4.1909914012e+00,5.5764650872e-01,9.8631008140e-01,-1.4438127236e-01,-1.5078426536e-01,3.8046683214e-03,5.6610400383e-01,3.1443573436e-01,372811,40,43,43,1.3467695722e-03,5.0275781740e-01,4.7968866197e-01,2.7977902872e-02,-3.5479635224e+00,-2.8727411513e+03,-5.4101426933e-03,-2.8727465614e+03,-3.6939845747e-06,447024,48,48,48,-1.9848311569e-04,1.0000000000e+00,5.6135525638e-01,6.2262747334e-02,-2.7121065045e+00,-1.4251947077e+00,-6.0431376908e-02,-1.4856260846e+00,1.0325916257e-04,2.7634689614e-02,6.2366006497e-02,1.0115874625e-05,1.7581799392e-03,0,0,0,2.3958248488e-04,3.1921888688e+00,3.1924284512e+00,9.3176175816e-07,2.8572417675e-04,2.8665593851e-04,4.7495061735e-03,2.3958248488e+00
153,1.5300000000e-02,1.0000000000e-04,-9.2863250703e-02,1.3423731633e-01,1.4861538883e+00,2.6520757103e-01,-2.1222598570e-01,2.1222598570e-01,1.4259120573e+00,3.4008421934e-01,1.1936273500e-01,1.1952218056e-01,1.9244999609e-01,1.2855400984e-01,0.0000000000e+00,0.0000000000e+00,0.0000000000e+00,0.0000000000e+00,2.2248408358e-05,3.2160909811e-05,3.5605644147e-04,6.3539088877e-05,2.2248408358e-05,2.3677688369e-05,1.9707376898e-04,2.8841622329e-05,-1.1486683144e+01,1.1486701978e+01,2.8760046275e+03,1.5014020474e+02,-1.1487274325e+01,1.1487274325e+01,2.8760271045e+03,1.5014058491e+02,5.9118017886e-04,3.0622496074e-03,3.7752135412e-01,2.7738358522e-02,0.0000000000e+00,0.0000000000e+00,0.0000000000e+00,0.0000000000e+00,5.4556072508e-06,5.4556161958e-06,1.3659601733e-03,7.1309182932e-05,5.7045415859e-06,5.9098307755e-06,1.3471222888e-03,7.1101993173e-05,1.0000000000e+00,4.1921888688e+00,2.0679115636e+00,4.1921888688e+00,1.0000000000e+00,1.0002857242e+00,1.0000955859e+00,1.0002857242e+00,1.9351997463e+03,2.0169736905e+03,1.9616594534e+00,nan,3.8363585495e+00,3.9984680013e+00,3.8888125268e-03,nan,6.8356245268e+00,2.4959492174e-01,2.4652563702e+00,4.1909914012e+00,5.5349025049e-01,9.8620905286e-01,-1.4173191142e-01,-1.4779083988e-01,4.5983313280e-03,5.6617908146e-01,3.1442589790e-01,493576,53,53,40,1.3471222888e-03,5.0410458697e-01,4.7963907054e-01,2.7974208887e-02,-3.5480993636e+00,-2.8728523615e+03,-8.0518674906e-03,-2.8728604133e+03,-4.0696399924e-06,447024,48,48,48,-1.9707376898e-04,1.0000000000e+00,5.6115677326e-01,6.2366006497e-02,-2.7103393148e+00,-1.4259120573e+00,-6.0241831017e-02,-1.4861538883e+00,1.0308984165e-04,2.7657166288e-02,6.2469096339e-02,1.0163499753e-05,1.7763425542e-03,0,0,0,2.3958248488e-04,3.1921888688e+00,3.1924284512e+00,9.3176175816e-07,2.8572417675e-04,2.8665593851e-04,4.7495061735e-03,2.3958248488e+00
154,1.5400000000e-02,1.0000000000e-04,-9.2865579401e-02,1.3424362776e-01,1.4866776838e+00,2.6521321869e-01,-2.1224491443e-01,2.1224491443e-01,1.4266241100e+00,3.4009301091e-01,1.1937933503e-01,1.1953795095e-01,1.9244999923e-01,1.2856598234e-01,0.0000000000e+00,0.0000000000e+00,0.0000000000e+00,0.0000000000e+00,2.2248966273e-05,3.2162421919e-05,3.5618193370e-04,6.3540441958e-05,2.2248966273e-05,2.3670811371e-05,1.9567937173e-04,2.8806283483e-05,-1.1490069498e+01,1.1490088392e+01,2.8769550253e+03,1.5017501253e+02,-1.1490657448e+01,1.1490657448e+01,2.8769749483e+03,1.5017536457e+02,5.8795066647e-04,3.0640327247e-03,3.7753661399e-01,2.7743328895e-02,0.0000000000e+00,0.0000000000e+00,0.0000000000e+00,0.0000000000e+00,5.4572156012e-06,5.4572245751e-06,1.3664115653e-03,7.1325714911e-05,5.7083639038e-06,5.9153072627e-06,1.3474404366e-03,7.1116471178e-05,1.0000000000e+00,4.1921888688e+00,2.0679115636e+00,4.1921888688e+00,1.0000000000e+00,1.0002857242e+00,1.0000955859e+00,1.0002857242e+00,1.9351572010e+03,2.0166313804e+03,1.9617387139e+00,nan,3.8362742073e+00,3.9977894026e+00,3.8889696537e-03,nan,6.8859605622e+00,2.4989879603e-01,2.4687832854e+00,4.1909914012e+00,5.4938039585e-01,9.8611609470e-01,-1.3715576505e-01,-1.4279618268e-01,5.3551122247e-03,5.6625727568e-01,3.1445471412e-01,400456,43,43,40,1.3474404366e-03,5.0545170926e-01,4.7958968068e-01,2.7970139247e-02,-3.5482490393e+00,-2.8728607656e+03,-1.0693933474e-02,-2.8728714595e+03,-4.5162631379e-06,447024,48,48,48,-1.9567937173e-04,1.0000000000e+00,5.6095969949e-01,6.2469096339e-02,-2.7085777453e+00,-1.4266241100e+00,-6.0053573804e-02,-1.4866776838e+00,1.0292127644e-04,2.7682149692e-02,6.2572017615e-02,1.0225748030e-05,1.7944539616e-03,0,0,0,2.3958248488e-04,3.1921888688e+00,3.1924284512e+00,9.3176175816e-07,2.8572417675e-04,2.8665593851e-04,4.7495061735e-03,2.3958248488e+00
155,1.5500000000e-02,1.0000000000e-04,-9.2866631628e-02,1.3424870562e-01,1.4871975125e+00,2.6521640398e-01,-2.1226256103e-01,2.1226256103e-01,1.4273309201e+00,3.4009929002e-01,1.1939592940e-01,1.1955372035e-01,1.9245003862e-01,1.2857796090e-01,0.0000000000e+00,0.0000000000e+00,0.0000000000e+00,0.0000000000e+00,2.2249218368e-05,3.2163638484e-05,3.5630647555e-04,6.3541205098e-05,2.2249218368e-05,2.3663704225e-05,1.9429965703e-04,2.8770889252e-05,-1.1493323216e+01,1.1493342171e+01,2.8778047501e+03,1.5020815974e+02,-1.1493907946e+01,1.1493907946e+01,2.8778221174e+03,1.5020848370e+02,5.8473033822e-04,3.0657854440e-03,3.7754619260e-01,2.7748312771e-02,0.0000000000e+00,0.0000000000e+00,0.0000000000e+00,0.0000000000e+00,5.4587609569e-06,5.4587699597e-06,1.3668151427e-03,7.1341458200e-05,5.7117914861e-06,5.9205023801e-06,1.3477283977e-03,7.1130203195e-05,1.0000000000e+00,4.1921888688e+00,2.0679115636e+00,4.1921888688e+00,1.0000000000e+00,1.0002857242e+00,1.0000955859e+00,1.0002857242e+00,1.9350521541e+03,2.0162262842e+03,1.9617880843e+00,nan,3.8360659613e+00,3.9969863359e+00,3.8890675260e-03,nan,6.9363395608e+00,2.5019339001e-01,2.4722976955e+00,4.1909914012e+00,5.4531609826e-01,9.8603560618e-01,-1.3071625461e-01,-1.3589066394e-01,6.0502483287e-03,5.6632883124e-01,3.1447537019e-01,493576,53,53,40,1.3477283977e-03,5.0679914969e-01,4.7954049097e-01,2.7965622984e-02,-3.5484151658e+00,-2.8727630490e+03,-1.3336157441e-02,-2.8727763852e+03,-5.0323300331e-06,447024,48,48,48,-1.9429965703e-04,1.0000000000e+00,5.6076402012e-01,6.2572017615e-02,-2.7068217609e+00,-1.4273309201e+00,-5.9866592386e-02,-1.4871975125e+00,1.0273938337e-04,2.7709283153e-02,6.2674756998e-02,1.0300790126e-05,1.8125359601e-03,0,0,0,2.3958248488e-04,3.1921888688e+00,3.1924284512e+00,9.3176175816e-07,2.8572417675e-04,2.8665593851e-04,4.7495061735e-03,2.3958248488e+00
156,1.5600000000e-02,1.0000000000e-04,-9.2866412331e-02,1.3425252864e-01,1.4877133566e+00,2.6521699957e-01,-2.1227893053e-01,2.1227893053e-01,1.4280324825e+00,3.4010296945e-01,1.1941251820e-01,1.1956948879e-01,1.9245006683e-01,1.2858994552e-01,0.0000000000e+00,0.0000000000e+00,0.0000000000e+00,0.0000000000e+00,2.2249165828e-05,3.2164554413e-05,3.5643006276e-04,6.3541347790e-05,2.2249165828e-05,2.3656383941e-05,1.9293438026e-04,2.8735443416e-05,-1.1496430960e+01,1.1496449977e+01,2.8785503569e+03,1.5023947309e+02,-1.1497012478e+01,1.1497012478e+01,2.8785651669e+03,1.5023976902e+02,5.8151795967e-04,3.0675063805e-03,3.7754999216e-01,2.7753308910e-02,0.0000000000e+00,0.0000000000e+00,0.0000000000e+00,0.0000000000e+00,5.4602369816e-06,5.4602460141e-06,1.3671692691e-03,7.1356330495e-05,5.7149951575e-06,5.9253554272e-06,1.3480016643e-03,7.1142994245e-05,1.0000000000e+00,4.1921888688e+00,2.0679115636e+00,4.1921888688e+00,1.0000000000e+00,1.0002857242e+00,1.0000955859e+00,1.0002857242e+00,1.9348823779e+03,2.0157560856e+03,1.9618075399e+00,nan,3.8357293953e+00,3.9960542097e+00,3.8891060950e-03,nan,6.9868400978e+00,2.5047595787e-01,2.4757924635e+00,4.1909914012e+00,5.4129659763e-01,9.8598007924e-01,-1.2256444442e-01,-1.2725230374e-01,6.6808241337e-03,5.6639819479e-01,3.1448951973e-01,401707,43,56,43,1.3480016643e-03,5.0814687809e-01,4.7949149969e-01,2.7960590654e-02,-3.5486003061e+00,-2.8725559795e+03,-1.5978364660e-02,-2.8725719579e+03,-5.6156624293e-06,447024,48,48,48,-1.9293438026e-04,1.0000000000e+00,5.6056972047e-01,6.2674756998e-02,-2.7050715661e+00,-1.4280324825e+00,-5.9680874103e-02,-1.4877133566e+00,1.0253071317e-04,2.7738200431e-02,6.2777287712e-02,1.0386463835e-05,1.8305806434e-03,0,0,0,2.3958248488e-04,3.1921888688e+00,3.1924284512e+00,9.3176175816e-07,2.8572417675e-04,2.8665593851e-04,4.7495061735e-03,2.3958248488e+00
157,1.5700000000e-02,1.0000000000e-04,-9.2864930103e-02,1.3425508723e-01,1.4882251428e+00,2.6521488793e-01,-2.1229403164e-01,2.1229403164e-01,1.4287287363e+00,3.4010397123e-01,1.1942910153e-01,1.1958526286e-01,1.9245008386e-01,1.2860193620e-01,0.0000000000e+00,0.0000000000e+00,0.0000000000e+00,0.0000000000e+00,2.2248810712e-05,3.2165167408e-05,3.5655267777e-04,6.3540841878e-05,2.2248810712e-05,2.3648854147e-05,1.9158331833e-04,2.8699951145e-05,-1.1499379770e+01,1.1499398840e+01,2.8791885238e+03,1.5026878360e+02,-1.1499958083e+01,1.1499958083e+01,2.8792007751e+03,1.5026905154e+02,5.7831300689e-04,3.0691948411e-03,3.7754794950e-01,2.7758316510e-02,0.0000000000e+00,0.0000000000e+00,0.0000000000e+00,0.0000000000e+00,5.4616375210e-06,5.4616465782e-06,1.3674723669e-03,7.1370251539e-05,5.7190199247e-06,5.9289970627e-06,1.3482209591e-03,7.1154678604e-05,1.0000000000e+00,4.1921888688e+00,2.0679115636e+00,4.1921888688e+00,1.0000000000e+00,1.0002857242e+00,1.0000955859e+00,1.0002857242e+00,1.9346458013e+03,2.0152186360e+03,1.9617967523e+00,nan,3.8352604036e+00,3.9949887644e+00,3.8890847096e-03,nan,7.0372565361e+00,2.5070969721e-01,2.4792613146e+00,4.1909914012e+00,5.3732121582e-01,9.8592190363e-01,-1.1283714144e-01,-1.1703292119e-01,7.2413661896e-03,5.6646686546e-01,3.1446817961e-01,493576,53,53,40,1.3482209591e-03,5.0949487976e-01,4.7944270476e-01,2.7954974992e-02,-3.5488069455e+00,-2.8722364313e+03,-1.8620410668e-02,-2.8722550518e+03,-6.2633755209e-06,447024,48,48,48,-1.9158331833e-04,1.0000000000e+00,5.6037678609e-01,6.2777287712e-02,-2.7033275931e+00,-1.4287287363e+00,-5.9496406496e-02,-1.4882251428e+00,1.0228246418e-04,2.7768529316e-02,6.2879570176e-02,1.0480417589e-05,1.8486264564e-03,0,0,0,2.3958248488e-04,3.1921888688e+00,3.1924284512e+00,9.3176175816e-07,2.8572417675e-04,2.8665593851e-04,4.7495061735e-03,2.3958248488e+00
158,1.5800000000e-02,1.0000000000e-04,-9.2862197379e-02,1.3425636114e-01,1.4887327465e+00,2.6520996275e-01,-2.1230787690e-01,2.1230787690e-01,1.4294195692e+00,3.4010222773e-01,1.1944567952e-01,1.1960104785e-01,1.9245008973e-01,1.2861393296e-01,0.0000000000e+00,0.0000000000e+00,0.0000000000e+00,0.0000000000e+00,2.2248156000e-05,3.2165472613e-05,3.5667429073e-04,6.3539661892e-05,2.2248156000e-05,2.3641112932e-05,1.9024626883e-04,2.8664418986e-05,-1.1502157278e+01,1.1502176402e+01,2.8802099016e+03,1.5029592901e+02,-1.1502732397e+01,1.1502732397e+01,2.8802415474e+03,1.5029616901e+02,5.7511909095e-04,3.0708542637e-03,3.7755004405e-01,2.7763335259e-02,0.0000000000e+00,0.0000000000e+00,0.0000000000e+00,0.0000000000e+00,5.4629566999e-06,5.4629657828e-06,1.3679574709e-03,7.1383144269e-05,5.7231924371e-06,5.9325769530e-06,1.3482878353e-03,7.1165263384e-05,1.0000000000e+00,4.1921888688e+00,2.0679115636e+00,4.1921888688e+00,1.0000000000e+00,1.0002857242e+00,1.0000955859e+00,1.0002857242e+00,1.9346722294e+03,2.0149727970e+03,1.9618075761e+00,nan,3.8353127950e+00,3.9945014109e+00,3.8891061668e-03,nan,7.0870658519e+00,2.5094321786e-01,2.4827038503e+00,4.1909914012e+00,5.3338935208e-01,9.8562116442e-01,-1.0166968366e-01,-1.0537060308e-01,7.7107669891e-03,5.6652690555e-01,3.1447489670e-01,493576,53,53,40,1.3482878353e-03,5.1084310072e-01,4.7939410385e-01,2.7948711616e-02,-3.5490374664e+00,-2.8718014400e+03,-2.1262073943e-02,-2.8718227020e+03,-6.9718645592e-06,447024,48,48,48,-1.9024626883e-04,1.0000000000e+00,5.6018520277e-01,6.2879570176e-02,-2.7015904885e+00,-1.4294195692e+00,-5.9313177286e-02,-1.4887327465e+00,1.0198258845e-04,2.7799895277e-02,6.2981552764e-02,1.0580112784e-05,1.8667276632e-03,0,0,0,2.3958248488e-04,3.1921888688e+00,3.1924284512e+00,9.3176175816e-07,2.8572417675e-04,2.8665593851e-04,4.7495061735e-03,2.3958248488e+00
159,1.5900000000e-02,1.0000000000e-04,-9.2858230597e-02,1.3425634613e-01,1.4892359956e+00,2.6520213024e-01,-2.1232048288e-01,2.1232048288e-01,1.4301048212e+00,3.4009768269e-01,1.1946225228e-01,1.1961683206e-01,1.9245008720e-01,1.2862593583e-01,0.0000000000e+00,0.0000000000e+00,0.0000000000e+00,0.0000000000e+00,2.2247205628e-05,3.2165469016e-05,3.5679486040e-04,6.3537785358e-05,2.2247205628e-05,2.3633165852e-05,1.8892304915e-04,2.8628854841e-05,-1.1504751992e+01,1.1504771172e+01,2.8813095603e+03,1.5032075434e+02,-1.1505323929e+01,1.1505323929e+01,2.8813385817e+03,1.5032096645e+02,5.7193722261e-04,3.0724855079e-03,3.7754843281e-01,2.7768366287e-02,0.0000000000e+00,0.0000000000e+00,0.0000000000e+00,0.0000000000e+00,5.4641890611e-06,5.4641981704e-06,1.3684797545e-03,7.1394935075e-05,5.7272217581e-06,5.9360109041e-06,1.3483294508e-03,7.1174588734e-05,1.0000000000e+00,4.1921888688e+00,2.0679115636e+00,4.1921888688e+00,1.0000000000e+00,1.0002857242e+00,1.0000955859e+00,1.0002857242e+00,1.9347568612e+03,2.0147743990e+03,1.9617992297e+00,nan,3.8354805698e+00,3.9941081048e+00,3.8890896207e-03,nan,7.1369240377e+00,2.5117290427e-01,2.4861137174e+00,4.1909914012e+00,5.2950047807e-01,9.8527540973e-01,-8.9193505469e-02,-9.2385749508e-02,7.9893510064e-03,5.6652799155e-01,3.1445507416e-01,373771,40,53,43,1.3483294508e-03,5.1219138855e-01,4.7934569428e-01,2.7941739752e-02,-3.5492941219e+00,-2.8712482805e+03,-2.3902940191e-02,-2.8712721834e+03,-7.7369689341e-06,447024,48,48,48,-1.8892304915e-04,1.0000000000e+00,5.5999495650e-01,6.2981552764e-02,-2.6998610993e+00,-1.4301048212e+00,-5.9131174359e-02,-1.4892359956e+00,1.0162010224e-04,2.7831925130e-02,6.3083172866e-02,1.0683103068e-05,1.8848287028e-03,0,0,0,2.3958248488e-04,3.1921888688e+00,3.1924284512e+00,9.3176175816e-07,2.8572417675e-04,2.8665593851e-04,4.7495061735e-03,2.3958248488e+00
160,1.6000000000e-02,1.0000000000e-04,-9.2853050335e-02,1.3425504533e-01,1.4897346761e+00,2.6519131022e-01,-2.1233187031e-01,2.1233187031e-01,1.4307842903e+00,3.4009029213e-01,1.1947881997e-01,1.1963261559e-01,1.9245007441e-01,1.2863794486e-01,0.0000000000e+00,0.0000000000e+00,0.0000000000e+00,0.0000000000e+00,2.2245964528e-05,3.2165157368e-05,3.5691433551e-04,6.3535193073e-05,2.2245964528e-05,2.3625037339e-05,1.8761349519e-04,2.8593267931e-05,-1.1507152873e+01,1.1507172108e+01,2.8822896698e+03,1.5034311683e+02,-1.1507721640e+01,1.1507721640e+01,2.8823160637e+03,1.5034330111e+02,5.6876730125e-04,3.0740907205e-03,3.7754964161e-01,2.7773409067e-02,0.0000000000e+00,0.0000000000e+00,0.0000000000e+00,0.0000000000e+00,5.4653293609e-06,5.4653384967e-06,1.3689452581e-03,7.1405556152e-05,5.7292797339e-06,5.9400696885e-06,1.3482935094e-03,7.1182548802e-05,1.0000000000e+00,4.1921888688e+00,2.0679115636e+00,4.1921888688e+00,1.0000000000e+00,1.0002857242e+00,1.0000955859e+00,1.0002857242e+00,1.9347671207e+03,2.0145007764e+03,1.9618056411e+00,nan,3.8355009084e+00,3.9935656727e+00,3.8891023308e-03,nan,7.1865486436e+00,2.5143112382e-01,2.4894863006e+00,4.1909914012e+00,5.2565413189e-01,9.8491411651e-01,-7.5556309463e-02,-7.8203311984e-02,7.8803808361e-03,5.6634851414e-01,3.1442526042e-01,493576,53,53,40,1.3482935094e-03,5.1353971800e-01,4.7929747314e-01,2.7934002783e-02,-3.5495790160e+00,-2.8705743831e+03,-2.6542844417e-02,-2.8706009260e+03,-8.5538482460e-06,447024,48,48,48,-1.8761349519e-04,1.0000000000e+00,5.5980603345e-01,6.3083172866e-02,-2.6981404533e+00,-1.4307842903e+00,-5.8950385745e-02,-1.4897346761e+00,1.0118478696e-04,2.7864250668e-02,6.3184357653e-02,1.0786728177e-05,1.9028593742e-03,0,0,0,2.3958248488e-04,3.1921888688e+00,3.1924284512e+00,9.3176175816e-07,2.8572417675e-04,2.8665593851e-04,4.7495061735e-03,2.3958248488e+00
161,1.6100000000e-02,1.0000000000e-04,-9.2846681415e-02,1.3425246175e-01,1.4902285359e+00,2.6517743725e-01,-2.1234206416e-01,2.1234206416e-01,1.4314577363e+00,3.4008002509e-01,1.1949538274e-01,1.1964839858e-01,1.9245006990e-01,1.2864996010e-01,0.0000000000e+00,0.0000000000e+00,0.0000000000e+00,0.0000000000e+00,2.2244438647e-05,3.2164538387e-05,3.5703265567e-04,6.3531869352e-05,2.2244438647e-05,2.3616736467e-05,1.8631746047e-04,2.8557668758e-05,-1.1509350020e+01,1.1509369312e+01,2.8831475927e+03,1.5036288604e+02,-1.1509915622e+01,1.1509915622e+01,2.8831713563e+03,1.5036304256e+02,5.6560212971e-04,3.0756706087e-03,3.7754911510e-01,2.7778464284e-02,0.0000000000e+00,0.0000000000e+00,0.0000000000e+00,0.0000000000e+00,5.4663728971e-06,5.4663820598e-06,1.3693527291e-03,7.1414945551e-05,5.7315725858e-06,5.9461931838e-06,1.3481872425e-03,7.1189308805e-05,1.0000000000e+00,4.1921888688e+00,2.0679115636e+00,4.1921888688e+00,1.0000000000e+00,1.0002857242e+00,1.0000955859e+00,1.0002857242e+00,1.9347016402e+03,2.0141505287e+03,1.9618029513e+00,nan,3.8353710993e+00,3.9928713383e+00,3.8890969985e-03,nan,7.2359683259e+00,2.5177878375e-01,2.4928263371e+00,4.1909914012e+00,5.2184991347e-01,9.8454343712e-01,-6.0651415666e-02,-6.2826761810e-02,8.3021147721e-03,5.6650303147e-01,3.1451855090e-01,400171,43,40,43,1.3481872425e-03,5.1488801151e-01,4.7924943723e-01,2.7925448934e-02,-3.5498940789e+00,-2.8697774475e+03,-2.9181519358e-02,-2.8698066290e+03,-9.4170737956e-06,447024,48,48,48,-1.8631746047e-04,1.0000000000e+00,5.5961841995e-01,6.3184357653e-02,-2.6964297447e+00,-1.4314577363e+00,-5.8770799600e-02,-1.4902285359e+00,1.0066743409e-04,2.7896512216e-02,6.3285025088e-02,1.0888416228e-05,1.9208581309e-03,0,0,0,2.3958248488e-04,3.1921888688e+00,3.1924284512e+00,9.3176175816e-07,2.8572417675e-04,2.8665593851e-04,4.7495061735e-03,2.3958248488e+00
162,1.6200000000e-02,1.0000000000e-04,-9.2839152980e-02,1.3424860026e-01,1.4907172899e+00,2.6516046146e-01,-2.1235109374e-01,2.1235109374e-01,1.4321248857e+00,3.4006686437e-01,1.1951194076e-01,1.1966418113e-01,1.9245008526e-01,1.2866198160e-01,0.0000000000e+00,0.0000000000e+00,0.0000000000e+00,0.0000000000e+00,2.2242634965e-05,3.2163613242e-05,3.5714975258e-04,6.3527802249e-05,2.2242634965e-05,2.3608272892e-05,1.8503481491e-04,2.8522069053e-05,-1.1511335056e+01,1.1511354404e+01,2.8838809518e+03,1.5037995619e+02,-1.1511897499e+01,1.1511897499e+01,2.8839020824e+03,1.5038008501e+02,5.6244320639e-04,3.0772838098e-03,3.7754976539e-01,2.7783531338e-02,0.0000000000e+00,0.0000000000e+00,0.0000000000e+00,0.0000000000e+00,5.4673156914e-06,5.4673248806e-06,1.3697010384e-03,7.1423053028e-05,5.7336951744e-06,5.9517347596e-06,1.3480921666e-03,7.1195081089e-05,1.0000000000e+00,4.1921888688e+00,2.0679115636e+00,4.1921888688e+00,1.0000000000e+00,1.0002857242e+00,1.0000955859e+00,1.0002857242e+00,1.9345592698e+03,2.0137224841e+03,1.9618061737e+00,nan,3.8350888627e+00,3.9920227786e+00,3.8891033865e-03,nan,7.2856136145e+00,2.5210377679e-01,2.4961401278e+00,4.1909914012e+00,5.1808747891e-01,9.8422365818e-01,-4.4759252695e-02,-4.6452745230e-02,8.5746432843e-03,5.6664053249e-01,3.1459415538e-01,401416,43,53,40,1.3480921666e-03,5.1623619875e-01,4.7920158312e-01,2.7916031861e-02,-3.5502410452e+00,-2.8688554414e+03,-3.1818712179e-02,-2.8688872601e+03,-1.0320658759e-05,447024,48,48,48,-1.8503481491e-04,1.0000000000e+00,5.5943210249e-01,6.3285025088e-02,-2.6947303163e+00,-1.4321248857e+00,-5.8592404193e-02,-1.4907172899e+00,1.0005983891e-04,2.7895031315e-02,6.3385084926e-02,1.0985822101e-05,1.9388621096e-03,0,0,0,2.3958248488e-04,3.1921888688e+00,3.1924284512e+00,9.3176175816e-07,2.8572417675e-04,2.8665593851e-04,4.7495061735e-03,2.3958248488e+00
163,1.6300000000e-02,1.0000000000e-04,-9.2830498529e-02,1.3424347456e-01,1.4912006247e+00,2.6514034929e-01,-2.1235899273e-01,2.1235899273e-01,1.4327854368e+00,3.4005080704e-01,1.1952849420e-01,1.1967996340e-01,1.9245008973e-01,1.2867400944e-01,0.0000000000e+00,0.0000000000e+00,0.0000000000e+00,0.0000000000e+00,2.2240561511e-05,3.2162385215e-05,3.5726555112e-04,6.3522983725e-05,2.2240561511e-05,2.3599656845e-05,1.8376544358e-04,2.8486481722e-05,-1.1513099824e+01,1.1513119217e+01,2.8844876234e+03,1.5039422468e+02,-1.1513659114e+01,1.1513659114e+01,2.8845061185e+03,1.5039432588e+02,5.5929033845e-04,3.0790850844e-03,3.7754442192e-01,2.7788609148e-02,0.0000000000e+00,0.0000000000e+00,0.0000000000e+00,0.0000000000e+00,5.4681538690e-06,5.4681630798e-06,1.3699891775e-03,7.1429829856e-05,5.7369825510e-06,5.9554186024e-06,1.3479852252e-03,7.1199365445e-05,1.0000000000e+00,4.1921888688e+00,2.0679115636e+00,4.1921888688e+00,1.0000000000e+00,1.0002857242e+00,1.0000955859e+00,1.0002857242e+00,1.9343390659e+03,2.0132156878e+03,1.9617783626e+00,nan,3.8346523284e+00,3.9910181007e+00,3.8890482537e-03,nan,7.3353575020e+00,2.5235191518e-01,2.4994088824e+00,4.1909914012e+00,5.1436653494e-01,9.8393859410e-01,-2.8027826144e-02,-2.9239586863e-02,8.7004372132e-03,5.6676321875e-01,3.1459245383e-01,373771,40,53,43,1.3479852252e-03,5.1758429092e-01,4.7915390717e-01,2.7905711202e-02,-3.5506214342e+00,-2.8678065637e+03,-3.4454329691e-02,-2.8678410180e+03,-1.1258138342e-05,447024,48,48,48,-1.8376544358e-04,1.0000000000e+00,5.5924706768e-01,6.3385084926e-02,-2.6930436411e+00,-1.4327854368e+00,-5.8415187889e-02,-1.4912006247e+00,9.9354992339e-05,2.7881227315e-02,6.3484439919e-02,1.1076520960e-05,1.9568643826e-03,0,0,0,2.3958248488e-04,3.1921888688e+00,3.1924284512e+00,9.3176175816e-07,2.8572417675e-04,2.8665593851e-04,4.7495061735e-03,2.3958248488e+00
164,1.6400000000e-02,1.0000000000e-04,-9.2820755932e-02,1.3423710634e-01,1.4916782036e+00,2.6511708414e-01,-2.1236579918e-01,2.1236579918e-01,1.4334390645e+00,3.4003186486e-01,1.1954504325e-01,1.1969574552e-01,1.9245008514e-01,1.2868604371e-01,0.0000000000e+00,0.0000000000e+00,0.0000000000e+00,0.0000000000e+00,2.2238227355e-05,3.2160859501e-05,3.5737997067e-04,6.3517409803e-05,2.2238227355e-05,2.3590902053e-05,1.8250924532e-04,2.8450920785e-05,-1.1514637381e+01,1.1514656823e+01,2.8849658012e+03,1.5040560528e+02,-1.1515193530e+01,1.1515193530e+01,2.8849816586e+03,1.5040567894e+02,5.5614859408e-04,3.0808602653e-03,3.7753231471e-01,2.7793696720e-02,0.0000000000e+00,0.0000000000e+00,0.0000000000e+00,0.0000000000e+00,5.4688841328e-06,5.4688933667e-06,1.3702162883e-03,7.1435235081e-05,5.7402274759e-06,5.9603412853e-06,1.3477285758e-03,7.1202315768e-05,1.0000000000e+00,4.1921888688e+00,2.0679115636e+00,4.1921888688e+00,1.0000000000e+00,1.0002857242e+00,1.0000955859e+00,1.0002857242e+00,1.9340403273e+03,2.0126294379e+03,1.9617154984e+00,nan,3.8340601061e+00,3.9898559132e+00,3.8889236311e-03,nan,7.3844400236e+00,2.5265423390e-01,2.5026366038e+00,4.1909914012e+00,5.1068683277e-01,9.8358820233e-01,-1.0660184294e-02,-1.1402325520e-02,8.6731701525e-03,5.6686738220e-01,3.1463805096e-01,493576,53,53,40,1.3477285758e-03,5.1893227614e-01,4.7910640552e-01,2.7894453064e-02,-3.5510365318e+00,-2.8666293320e+03,-3.7088233670e-02,-2.8666664203e+03,-1.2222585967e-05,447024,48,48,48,-1.8250924532e-04,1.0000000000e+00,5.5906330224e-01,6.3484439919e-02,-2.6913713017e+00,-1.4334390645e+00,-5.8239139136e-02,-1.4916782036e+00,9.8547030735e-05,2.7866800735e-02,6.3582986950e-02,1.1158072204e-05,1.9748659439e-03,0,0,0,2.3958248488e-04,3.1921888688e+00,3.1924284512e+00,9.3176175816e-07,2.8572417675e-04,2.8665593851e-04,4.7495061735e-03,2.3958248488e+00
165,1.6500000000e-02,1.0000000000e-04,-9.2809967404e-02,1.3422952960e-01,1.4921496724e+00,2.6509066684e-01,-2.1237155550e-01,2.1237155550e-01,1.4340854260e+00,3.4001006467e-01,1.1956158810e-01,1.1971152799e-01,1.9245006989e-01,1.2869808447e-01,0.0000000000e+00,0.0000000000e+00,0.0000000000e+00,0.0000000000e+00,2.2235642613e-05,3.2159044245e-05,3.5749292633e-04,6.3511080680e-05,2.2235642613e-05,2.3582028220e-05,1.8126613135e-04,2.8415401303e-05,-1.1515942572e+01,1.1515962063e+01,2.8853140042e+03,1.5041402804e+02,-1.1516495590e+01,1.1516495590e+01,2.8853272221e+03,1.5041407423e+02,5.5301832864e-04,3.0826084276e-03,3.7752523964e-01,2.7798795233e-02,0.0000000000e+00,0.0000000000e+00,0.0000000000e+00,0.0000000000e+00,5.4695040337e-06,5.4695132911e-06,1.3703816676e-03,7.1439235476e-05,5.7431515271e-06,5.9656538398e-06,1.3474511060e-03,7.1204002372e-05,1.0000000000e+00,4.1921888688e+00,2.0679115636e+00,4.1921888688e+00,1.0000000000e+00,1.0002857242e+00,1.0000955859e+00,1.0002857242e+00,1.9336625927e+03,2.0119632833e+03,1.9616788908e+00,nan,3.8333112815e+00,3.9885353219e+00,3.8888510597e-03,nan,7.4335514086e+00,2.5297458658e-01,2.5058242751e+00,4.1909914012e+00,5.0704816236e-01,9.8326702548e-01,7.1223014871e-03,6.8174401804e-03,8.5159470838e-03,5.6696204940e-01,3.1469962530e-01,401416,43,53,40,1.3474511060e-03,5.2028000472e-01,4.7905907419e-01,2.7882230478e-02,-3.5514873737e+00,-2.8653227179e+03,-3.9720016914e-02,-2.8653624379e+03,-1.3206892313e-05,447024,48,48,48,-1.8126613135e-04,1.0000000000e+00,5.5888079299e-01,6.3582986950e-02,-2.6897149703e+00,-1.4340854260e+00,-5.8064246451e-02,-1.4921496724e+00,9.7631291566e-05,2.7851694155e-02,6.3680618241e-02,1.1228459392e-05,1.9928602732e-03,0,0,0,2.3958248488e-04,3.1921888688e+00,3.1924284512e+00,9.3176175816e-07,2.8572417675e-04,2.8665593851e-04,4.7495061735e-03,2.3958248488e+00
166,1.6600000000e-02,1.0000000000e-04,-9.2798179453e-02,1.3422077520e-01,1.4926146637e+00,2.6506111597e-01,-2.1237630840e-01,2.1237630840e-01,1.4347241653e+00,3.3998544850e-01,1.1957812895e-01,1.1972731445e-01,1.9245007518e-01,1.2871013183e-01,0.0000000000e+00,0.0000000000e+00,0.0000000000e+00,0.0000000000e+00,2.2232818426e-05,3.2156946846e-05,3.5760433010e-04,6.3504000809e-05,2.2232818426e-05,2.3573051157e-05,1.8003602391e-04,2.8379939308e-05,-1.1517011067e+01,1.1517030600e+01,2.8855311139e+03,1.5041944220e+02,-1.1517560966e+01,1.1517560966e+01,2.8855416904e+03,1.5041946101e+02,5.4989881996e-04,3.0843280306e-03,3.7753847247e-01,2.7803903629e-02,0.0000000000e+00,0.0000000000e+00,0.0000000000e+00,0.0000000000e+00,5.4700115164e-06,5.4700207937e-06,1.3704847839e-03,7.1441806933e-05,5.7463547733e-06,5.9699983865e-06,1.3474931615e-03,7.1204333068e-05,1.0000000000e+00,4.1921888688e+00,2.0679115636e+00,4.1921888688e+00,1.0000000000e+00,1.0002857242e+00,1.0000955859e+00,1.0002857242e+00,1.9332056586e+03,2.0112170411e+03,1.9617475967e+00,nan,3.8324054509e+00,3.9870559642e+00,3.8889872629e-03,nan,7.4845752104e+00,2.5325522550e-01,2.5089670663e+00,4.1909914012e+00,5.0345034653e-01,9.8322373025e-01,2.5048315621e-02,2.5129089244e-02,8.2300334795e-03,5.6704962726e-01,3.1474041761e-01,503084,54,56,44,1.3474931615e-03,4.9460817501e-01,4.7783619218e-01,2.7866671736e-02,-3.5520615507e+00,-2.8855416904e+03,1.0576493504e-02,-2.8855311139e+03,-1.4281681034e-05,447024,48,48,48,-1.8003602391e-04,1.0000000000e+00,5.5869952686e-01,6.3680618241e-02,-2.6880763881e+00,-1.4347241653e+00,-5.7890498410e-02,-1.4926146637e+00,9.6604335022e-05,2.7835966273e-02,6.3777222576e-02,1.1285704814e-05,2.0108242307e-03,0,0,0,2.3958248488e-04,3.1921888688e+00,3.1924284512e+00,9.3176175816e-07,2.8572417675e-04,2.8665593851e-04,4.7495061735e-03,2.3958248488e+00
167,1.6700000000e-02,1.0000000000e-04,-9.2785442787e-02,1.3421088628e-01,1.4930728024e+00,2.6502846803e-01,-2.1238010878e-01,2.1238010878e-01,1.4353549187e+00,3.3995807367e-01,1.1959466599e-01,1.1974310121e-01,1.9245008753e-01,1.2872218588e-01,0.0000000000e+00,0.0000000000e+00,0.0000000000e+00,0.0000000000e+00,2.2229766944e-05,3.2154577633e-05,3.5771409211e-04,6.3496178936e-05,2.2229766944e-05,2.3563985744e-05,1.7881885476e-04,2.8344551718e-05,-1.1517839838e+01,1.1517859407e+01,2.8856163727e+03,1.5042181496e+02,-1.1518386630e+01,1.1518386630e+01,2.8856243064e+03,1.5042180648e+02,5.4679171531e-04,3.0860200287e-03,3.7754730311e-01,2.7809020745e-02,0.0000000000e+00,0.0000000000e+00,0.0000000000e+00,0.0000000000e+00,5.4704051417e-06,5.4704144360e-06,1.3705252776e-03,7.1442933880e-05,5.7493131765e-06,5.9745431496e-06,1.3479635843e-03,7.1203259656e-05,1.0000000000e+00,4.1921888688e+00,2.0679115636e+00,4.1921888688e+00,1.0000000000e+00,1.0002857242e+00,1.0000955859e+00,1.0002857242e+00,1.9326695712e+03,2.0103907882e+03,1.9617933562e+00,nan,3.8313427061e+00,3.9854179925e+00,3.8890779770e-03,nan,7.5381513101e+00,2.5354552555e-01,2.5120615899e+00,4.1909914012e+00,4.9989323516e-01,9.8353792250e-01,4.2843867127e-02,4.3242202200e-02,7.8298176250e-03,5.6713718429e-01,3.1477598435e-01,373868,40,54,44,1.3479635843e-03,4.9595566817e-01,4.7779073017e-01,2.7852390055e-02,-3.5525888735e+00,-2.8856243064e+03,7.9336820470e-03,-2.8856163727e+03,-1.5279092247e-05,447024,48,48,48,-1.7881885476e-04,1.0000000000e+00,5.5851949083e-01,6.3777222576e-02,-2.6864573445e+00,-1.4353549187e+00,-5.7717883638e-02,-1.4930728024e+00,9.5464026047e-05,2.7819667704e-02,6.3872686602e-02,1.1327980518e-05,2.0288220013e-03,0,0,0,2.3958248488e-04,3.1921888688e+00,3.1924284512e+00,9.3176175816e-07,2.8572417675e-04,2.8665593851e-04,4.7495061735e-03,2.3958248488e+00
168,1.6800000000e-02,1.0000000000e-04,-9.2771812193e-02,1.3419990044e-01,1.4935237109e+00,2.6499277754e-01,-2.1238301164e-01,2.1238301164e-01,1.4359773201e+00,3.3992801277e-01,1.1961119945e-01,1.1975888842e-01,1.9245008962e-01,1.2873424673e-01,0.0000000000e+00,0.0000000000e+00,0.0000000000e+00,0.0000000000e+00,2.2226501292e-05,3.2151945619e-05,3.5782212189e-04,6.3487628119e-05,2.2226501292e-05,2.3554835897e-05,1.7761456370e-04,2.8309256260e-05,-1.1518427243e+01,1.1518446846e+01,2.8855693860e+03,1.5042113051e+02,-1.1518970940e+01,1.1518970940e+01,2.8855746756e+03,1.5042109482e+02,5.4369662562e-04,3.0876837041e-03,3.7755005182e-01,2.7814145964e-02,0.0000000000e+00,0.0000000000e+00,0.0000000000e+00,0.0000000000e+00,5.4706841302e-06,5.4706934406e-06,1.3705029613e-03,7.1442608799e-05,5.7524174824e-06,5.9786215196e-06,1.3483784200e-03,7.1200659153e-05,1.0000000000e+00,4.1921888688e+00,2.0679115636e+00,4.1921888688e+00,1.0000000000e+00,1.0002857242e+00,1.0000955859e+00,1.0002857242e+00,1.9320546202e+03,2.0094848541e+03,1.9618076176e+00,nan,3.8301236214e+00,3.9836220602e+00,3.8891062489e-03,nan,7.5915983007e+00,2.5381715864e-01,2.5151017215e+00,4.1909914012e+00,4.9637669903e-01,9.8385662641e-01,6.0206854912e-02,6.0846181868e-02,7.3116012111e-03,5.6722221820e-01,3.1479411831e-01,483304,52,42,40,1.3483784200e-03,4.9730363175e-01,4.7774541758e-01,2.7837110963e-02,-3.5531533145e+00,-2.8855746756e+03,5.2896020372e-03,-2.8855693860e+03,-1.6273267215e-05,447024,48,48,48,-1.7761456370e-04,1.0000000000e+00,5.5834067198e-01,6.3872686602e-02,-2.6848596555e+00,-1.4359773201e+00,-5.7546390799e-02,-1.4935237109e+00,9.4209476161e-05,2.7802813635e-02,6.3966896078e-02,1.1353684340e-05,2.0468862615e-03,0,0,0,2.3958248488e-04,3.1921888688e+00,3.1924284512e+00,9.3176175816e-07,2.8572417675e-04,2.8665593851e-04,4.7495061735e-03,2.3958248488e+00
169,1.6900000000e-02,1.0000000000e-04,-9.2757346386e-02,1.3418786954e-01,1.4939670139e+00,2.6495411688e-01,-2.1238507590e-01,2.1238507590e-01,1.4365910053e+00,3.3989535346e-01,1.1962772952e-01,1.1977467624e-01,1.9245008283e-01,1.2874631446e-01,0.0000000000e+00,0.0000000000e+00,0.0000000000e+00,0.0000000000e+00,2.2223035538e-05,3.2149063226e-05,3.5792832952e-04,6.3478365701e-05,2.2223035538e-05,2.3545624939e-05,1.7642309706e-04,2.8274071371e-05,-1.1518773082e+01,1.1518792720e+01,2.8853901258e+03,1.5041739249e+02,-1.1519313697e+01,1.1519313697e+01,2.8853927702e+03,1.5041732968e+02,5.4061468972e-04,3.0893198849e-03,3.7754959092e-01,2.7819278525e-02,0.0000000000e+00,0.0000000000e+00,0.0000000000e+00,0.0000000000e+00,5.4708483865e-06,5.4708577134e-06,1.3704178215e-03,7.1440833425e-05,5.7557225627e-06,5.9825884972e-06,1.3487384924e-03,7.1196599113e-05,1.0000000000e+00,4.1921888688e+00,2.0679115636e+00,4.1921888688e+00,1.0000000000e+00,1.0002857242e+00,1.0000955859e+00,1.0002857242e+00,1.9313613346e+03,2.0084998163e+03,1.9618052919e+00,nan,3.8287492453e+00,3.9816693117e+00,3.8891016385e-03,nan,7.6449088296e+00,2.5408493140e-01,2.5180879746e+00,4.1909914012e+00,4.9290062425e-01,9.8418049683e-01,7.6877231549e-02,7.7680594377e-02,6.6672599218e-03,5.6729878565e-01,3.1481167016e-01,521130,56,52,42,1.3487384924e-03,4.9865201017e-01,4.7770025010e-01,2.7820837695e-02,-3.5537548135e+00,-2.8853927702e+03,2.6444775409e-03,-2.8853901258e+03,-1.7256705798e-05,447024,48,48,48,-1.7642309706e-04,1.0000000000e+00,5.5816305742e-01,6.3966896078e-02,-2.6832851425e+00,-1.4365910053e+00,-5.7376008592e-02,-1.4939670139e+00,9.2841052866e-05,2.7784676488e-02,6.4059737131e-02,1.1361349374e-05,2.0650318098e-03,0,0,0,2.3958248488e-04,3.1921888688e+00,3.1924284512e+00,9.3176175816e-07,2.8572417675e-04,2.8665593851e-04,4.7495061735e-03,2.3958248488e+00
170,1.7000000000e-02,1.0000000000e-04,-9.2742107829e-02,1.3417485008e-01,1.4944023431e+00,2.6491257611e-01,-2.1238636423e-01,2.1238636423e-01,1.4371956173e+00,3.3986019822e-01,1.1964425641e-01,1.1979046484e-01,1.9245006547e-01,1.2875838920e-01,0.0000000000e+00,0.0000000000e+00,0.0000000000e+00,0.0000000000e+00,2.2219384647e-05,3.2145943991e-05,3.5803262677e-04,6.3468413261e-05,2.2219384647e-05,2.3536355816e-05,1.7524440623e-04,2.8239016113e-05,-1.1518878717e+01,1.1518898395e+01,2.8858893206e+03,1.5041062163e+02,-1.1519416265e+01,1.1519416265e+01,2.8859180458e+03,1.5041053179e+02,5.3754726971e-04,3.0909297481e-03,3.7754571556e-01,2.7824418774e-02,0.0000000000e+00,0.0000000000e+00,0.0000000000e+00,0.0000000000e+00,5.4708985580e-06,5.4709079040e-06,1.3706549144e-03,7.1437617599e-05,5.7588261757e-06,5.9870428026e-06,1.3490295843e-03,7.1191090799e-05,1.0000000000e+00,4.1921888688e+00,2.0679115636e+00,4.1921888688e+00,1.0000000000e+00,1.0002857242e+00,1.0000955859e+00,1.0002857242e+00,1.9311327595e+03,2.0080203495e+03,1.9617853319e+00,nan,3.8282961159e+00,3.9807188122e+00,3.8890620696e-03,nan,7.6979894159e+00,2.5437424763e-01,2.5210188101e+00,4.1909914012e+00,4.8946490662e-01,9.8422262974e-01,9.2643083480e-02,9.3541082994e-02,5.9009399366e-03,5.6736944375e-01,3.1485699900e-01,484456,52,54,40,1.3490295843e-03,5.0000074867e-01,4.7765522344e-01,2.7803580990e-02,-3.5543930362e+00,-2.8850789299e+03,-1.4687408464e-06,-2.8850789314e+03,-1.8222001698e-05,447024,48,48,48,-1.7524440623e-04,1.0000000000e+00,5.5798663432e-01,6.4059737131e-02,-2.6817356120e+00,-1.4371956173e+00,-5.7206725740e-02,-1.4944023431e+00,9.1360420297e-05,2.7765954264e-02,6.4151097551e-02,1.1349792232e-05,2.0832528360e-03,0,0,0,2.3958248488e-04,3.1921888688e+00,3.1924284512e+00,9.3176175816e-07,2.8572417675e-04,2.8665593851e-04,4.7495061735e-03,2.3958248488e+00
171,1.7100000000e-02,1.0000000000e-04,-9.2726162519e-02,1.3416090153e-01,1.4948293420e+00,2.6486826262e-01,-2.1238694284e-01,2.1238694284e-01,1.4377908110e+00,3.3982266395e-01,1.1966078033e-01,1.1980625437e-01,1.9245007934e-01,1.2877047104e-01,0.0000000000e+00,0.0000000000e+00,0.0000000000e+00,0.0000000000e+00,2.2215564430e-05,3.2142602164e-05,3.5813492823e-04,6.3457796526e-05,2.2215564430e-05,2.3527055803e-05,1.7407844616e-04,2.8204110071e-05,-1.1518746800e+01,1.1518766515e+01,2.8863371743e+03,1.5040085675e+02,-1.1519281294e+01,1.1519281294e+01,2.8863633043e+03,1.5040073998e+02,5.3449414833e-04,3.0927996433e-03,3.7753797072e-01,2.7829566752e-02,0.0000000000e+00,0.0000000000e+00,0.0000000000e+00,0.0000000000e+00,5.4708359039e-06,5.4708452672e-06,1.3708676228e-03,7.1432979765e-05,5.7612569960e-06,5.9915413351e-06,1.3492517858e-03,7.1184201332e-05,1.0000000000e+00,4.1921888688e+00,2.0679115636e+00,4.1921888688e+00,1.0000000000e+00,1.0002857242e+00,1.0000955859e+00,1.0002857242e+00,1.9308807322e+03,2.0074987837e+03,1.9617449472e+00,nan,3.8277964945e+00,3.9796848552e+00,3.8889820105e-03,nan,7.7508262253e+00,2.5466600603e-01,2.5238946081e+00,4.1909914012e+00,4.8606944600e-01,9.8423200263e-01,1.0736916926e-01,1.0830125705e-01,5.0231375678e-03,5.6743683177e-01,3.1489645124e-01,372906,40,44,42,1.3492517858e-03,5.0134977825e-01,4.7761033331e-01,2.7785358988e-02,-3.5550673773e+00,-2.8846338601e+03,-2.6479860123e-03,-2.8846365081e+03,-1.9161949097e-05,447024,48,48,48,-1.7407844616e-04,1.0000000000e+00,5.5781138991e-01,6.4151097551e-02,-2.6802128344e+00,-1.4377908110e+00,-5.7038530992e-02,-1.4948293420e+00,8.9770473787e-05,2.7746680530e-02,6.4240868025e-02,1.1318069973e-05,2.1015441550e-03,0,0,0,2.3958248488e-04,3.1921888688e+00,3.1924284512e+00,9.3176175816e-07,2.8572417675e-04,2.8665593851e-04,4.7495061735e-03,2.3958248488e+00
172,1.7200000000e-02,1.0000000000e-04,-9.2709579739e-02,1.3414609308e-01,1.4952476704e+00,2.6482130061e-01,-2.1238688122e-01,2.1238688122e-01,1.4383762573e+00,3.3978288143e-01,1.1967730148e-01,1.1982204498e-01,1.9245008891e-01,1.2878256009e-01,0.0000000000e+00,0.0000000000e+00,0.0000000000e+00,0.0000000000e+00,2.2211591486e-05,3.2139054318e-05,3.5823515238e-04,6.3446545250e-05,2.2211591486e-05,2.3517730997e-05,1.7292517390e-04,2.8169373250e-05,-1.1518381166e+01,1.1518400912e+01,2.8866578156e+03,1.5038815594e+02,-1.1518912620e+01,1.1518912620e+01,2.8866813483e+03,1.5038801235e+02,5.3145324723e-04,3.0946402777e-03,3.7752800019e-01,2.7834721416e-02,0.0000000000e+00,0.0000000000e+00,0.0000000000e+00,0.0000000000e+00,5.4706622458e-06,5.4706716243e-06,1.3710199116e-03,7.1426947507e-05,5.7638049881e-06,5.9951009589e-06,1.3494255906e-03,7.1175887185e-05,1.0000000000e+00,4.1921888688e+00,2.0679115636e+00,4.1921888688e+00,1.0000000000e+00,1.0002857242e+00,1.0000955859e+00,1.0002857242e+00,1.9305549661e+03,2.0069028071e+03,1.9616930412e+00,nan,3.8271506927e+00,3.9785033854e+00,3.8888791115e-03,nan,7.8035231084e+00,2.5491834054e-01,2.5267117786e+00,4.1909914012e+00,4.8271414112e-01,9.8424944755e-01,1.2096041992e-01,1.2188393227e-01,4.0399510045e-03,5.6750194910e-01,3.1491059698e-01,484650,52,56,42,1.3494255906e-03,5.0269903004e-01,4.7756557549e-01,2.7766197039e-02,-3.5557769666e+00,-2.8840586265e+03,-5.2948235048e-03,-2.8840639214e+03,-2.0069623102e-05,447024,48,48,48,-1.7292517390e-04,1.0000000000e+00,5.5763731147e-01,6.4240868025e-02,-2.6787185240e+00,-1.4383762573e+00,-5.6871413114e-02,-1.4952476704e+00,8.8075262039e-05,2.7726864859e-02,6.4328943287e-02,1.1265386870e-05,2.1198651218e-03,0,0,0,2.3958248488e-04,3.1921888688e+00,3.1924284512e+00,9.3176175816e-07,2.8572417675e-04,2.8665593851e-04,4.7495061735e-03,2.3958248488e+00
173,1.7300000000e-02,1.0000000000e-04,-9.2692431795e-02,1.3413049959e-01,1.4956570082e+00,2.6477183048e-01,-2.1238625187e-01,2.1238625187e-01,1.4389516473e+00,3.3974099478e-01,1.1969382008e-01,1.1983783684e-01,1.9245008915e-01,1.2879465646e-01,0.0000000000e+00,0.0000000000e+00,0.0000000000e+00,0.0000000000e+00,2.2207483139e-05,3.2135318391e-05,3.5833322255e-04,6.3434693073e-05,2.2207483139e-05,2.3508403028e-05,1.7178454724e-04,2.8134825974e-05,-1.1517786955e+01,1.1517806740e+01,2.8868525245e+03,1.5037259417e+02,-1.1518315380e+01,1.1518315380e+01,2.8868734582e+03,1.5037242385e+02,5.2842557342e-04,3.0965470653e-03,3.7753869450e-01,2.7839881803e-02,0.0000000000e+00,0.0000000000e+00,0.0000000000e+00,0.0000000000e+00,5.4703800247e-06,5.4703894218e-06,1.3711123887e-03,7.1419556433e-05,5.7667312255e-06,5.9979717469e-06,1.3495465318e-03,7.1166175722e-05,1.0000000000e+00,4.1921888688e+00,2.0679115636e+00,4.1921888688e+00,1.0000000000e+00,1.0002857242e+00,1.0000955859e+00,1.0002857242e+00,1.9301567864e+03,2.0062338187e+03,1.9617486080e+00,nan,3.8263613374e+00,3.9771771763e+00,3.8889892679e-03,nan,7.8560414977e+00,2.5514160786e-01,2.5294691990e+00,4.1909914012e+00,4.7939888468e-01,9.8427126973e-01,1.3343039680e-01,1.3432305100e-01,2.9587406990e-03,5.6756634891e-01,3.1490460827e-01,372906,40,44,42,1.3495465318e-03,5.0404845563e-01,4.7752094585e-01,2.7746127416e-02,-3.5565206783e+00,-2.8833546407e+03,-7.9417705562e-03,-2.8833625825e+03,-2.0938405921e-05,447024,48,48,48,-1.7178454724e-04,1.0000000000e+00,5.5746438629e-01,6.4328943287e-02,-2.6772543207e+00,-1.4389516473e+00,-5.6705360892e-02,-1.4956570082e+00,8.6279980882e-05,2.7706580477e-02,6.4415223268e-02,1.1191083317e-05,2.1381876797e-03,0,0,0,2.3958248488e-04,3.1921888688e+00,3.1924284512e+00,9.3176175816e-07,2.8572417675e-04,2.8665593851e-04,4.7495061735e-03,2.3958248488e+00
174,1.7400000000e-02,1.0000000000e-04,-9.2674793724e-02,1.3411419815e-01,1.4960570594e+00,2.6472000812e-01,-2.1238513003e-01,2.1238513003e-01,1.4395166963e+00,3.3969716070e-01,1.1971033631e-01,1.1985363009e-01,1.9245008041e-01,1.2880676023e-01,0.0000000000e+00,0.0000000000e+00,0.0000000000e+00,0.0000000000e+00,2.2203257366e-05,3.2131412851e-05,3.5842906782e-04,6.3422277344e-05,2.2203257366e-05,2.3499080597e-05,1.7065652328e-04,2.8100488778e-05,-1.1516970581e+01,1.1516990406e+01,2.8869229063e+03,1.5035426029e+02,-1.1517495994e+01,1.1517495994e+01,2.8869412395e+03,1.5035406335e+02,5.2541317098e-04,3.0984679735e-03,3.7754585070e-01,2.7845047963e-02,0.0000000000e+00,0.0000000000e+00,0.0000000000e+00,0.0000000000e+00,5.4699922875e-06,5.4700017035e-06,1.3711458166e-03,7.1410848748e-05,5.7692379945e-06,6.0006907555e-06,1.3496237211e-03,7.1155067645e-05,1.0000000000e+00,4.1921888688e+00,2.0679115636e+00,4.1921888688e+00,1.0000000000e+00,1.0002857242e+00,1.0000955859e+00,1.0002857242e+00,1.9296877001e+03,2.0054934041e+03,1.9617858818e+00,nan,3.8254314163e+00,3.9757093714e+00,3.8890631597e-03,nan,7.9084215191e+00,2.5535853332e-01,2.5321647679e+00,4.1909914012e+00,4.7612355861e-01,9.8430356915e-01,1.4492654468e-01,1.4578252445e-01,1.7849371597e-03,5.6763088231e-01,3.1491587662e-01,392104,42,52,40,1.3496237211e-03,5.0539800216e-01,4.7747644036e-01,2.7725189010e-02,-3.5572971413e+00,-2.8825236466e+03,-1.0588607688e-02,-2.8825342352e+03,-2.1762062844e-05,447024,48,48,48,-1.7065652328e-04,1.0000000000e+00,5.5729260175e-01,6.4415223268e-02,-2.6758217721e+00,-1.4395166963e+00,-5.6540363127e-02,-1.4960570594e+00,8.4390898969e-05,2.7685872009e-02,6.4499614167e-02,1.1094699383e-05,2.1564964133e-03,0,0,0,2.3958248488e-04,3.1921888688e+00,3.1924284512e+00,9.3176175816e-07,2.8572417675e-04,2.8665593851e-04,4.7495061735e-03,2.3958248488e+00
175,1.7500000000e-02,1.0000000000e-04,-9.2656742972e-02,1.3409727281e-01,1.4964475556e+00,2.6466600408e-01,-2.1238359334e-01,2.1238359334e-01,1.4400711470e+00,3.3965154774e-01,1.1972685036e-01,1.1986942486e-01,1.9245006123e-01,1.2881887152e-01,0.0000000000e+00,0.0000000000e+00,0.0000000000e+00,0.0000000000e+00,2.2198932722e-05,3.2127357836e-05,3.5852262387e-04,6.3409338922e-05,2.2198932722e-05,2.3489807311e-05,1.6954105718e-04,2.8066382292e-05,-1.1515939686e+01,1.1515959545e+01,2.8868708879e+03,1.5033325707e+02,-1.1516462101e+01,1.1516462101e+01,2.8868866193e+03,1.5033303362e+02,5.2241495775e-04,3.1003610326e-03,3.7754951529e-01,2.7850220715e-02,0.0000000000e+00,0.0000000000e+00,0.0000000000e+00,0.0000000000e+00,5.4695026630e-06,5.4695120954e-06,1.3711211104e-03,7.1400873252e-05,5.7723780546e-06,6.0024550135e-06,1.3496696087e-03,7.1142580738e-05,1.0000000000e+00,4.1921888688e+00,2.0679115636e+00,4.1921888688e+00,1.0000000000e+00,1.0002857242e+00,1.0000955859e+00,1.0002857242e+00,1.9291493892e+03,2.0046833279e+03,1.9618051190e+00,nan,3.8243642636e+00,3.9741034685e+00,3.8891012957e-03,nan,7.9607242702e+00,2.5553445092e-01,2.5347969681e+00,4.1909914012e+00,4.7288802964e-01,9.8435477249e-01,1.5572393575e-01,1.5654947346e-01,5.2407100258e-04,5.6769585442e-01,3.1488061661e-01,484650,52,56,42,1.3496696087e-03,5.0674762588e-01,4.7743205516e-01,2.7703426947e-02,-3.5581047522e+00,-2.8815677022e+03,-1.3235133278e-02,-2.8815809374e+03,-2.2534780088e-05,447024,48,48,48,-1.6954105718e-04,1.0000000000e+00,5.5712194522e-01,6.4499614167e-02,-2.6744223163e+00,-1.4400711470e+00,-5.6376408643e-02,-1.4964475556e+00,8.2415313531e-05,2.7664786305e-02,6.4582029481e-02,1.0976090033e-05,2.1747946523e-03,0,0,0,2.3958248488e-04,3.1921888688e+00,3.1924284512e+00,9.3176175816e-07,2.8572417675e-04,2.8665593851e-04,4.7495061735e-03,2.3958248488e+00
176,1.7600000000e-02,1.0000000000e-04,-9.2638359055e-02,1.3407981036e-01,1.4968282591e+00,2.6461000260e-01,-2.1238172149e-01,2.1238172149e-01,1.4406147728e+00,3.3960433533e-01,1.1974336243e-01,1.1988522129e-01,1.9245003164e-01,1.2883099040e-01,0.0000000000e+00,0.0000000000e+00,0.0000000000e+00,0.0000000000e+00,2.2194528258e-05,3.2123174138e-05,3.5861383376e-04,6.3395921949e-05,2.2194528258e-05,2.3480576487e-05,1.6843810089e-04,2.8032527129e-05,-1.1514703046e+01,1.1514722945e+01,2.8866986916e+03,1.5030970699e+02,-1.1515222480e+01,1.1515222480e+01,2.8867118200e+03,1.5030945714e+02,5.1943390583e-04,3.1022290849e-03,3.7754973493e-01,2.7855398933e-02,0.0000000000e+00,0.0000000000e+00,0.0000000000e+00,0.0000000000e+00,5.4689153202e-06,5.4689247713e-06,1.3710393257e-03,7.1389688129e-05,5.7749003819e-06,6.0053188592e-06,1.3496630323e-03,7.1128900298e-05,1.0000000000e+00,4.1921888688e+00,2.0679115636e+00,4.1921888688e+00,1.0000000000e+00,1.0002857242e+00,1.0000955859e+00,1.0002857242e+00,1.9285436883e+03,2.0038055103e+03,1.9618065620e+00,nan,3.8231635163e+00,3.9723632745e+00,3.8891041564e-03,nan,8.0128131649e+00,2.5575687473e-01,2.5373702474e+00,4.1909914012e+00,4.6969214523e-01,9.8440869420e-01,1.6654443695e-01,1.6735937041e-01,-8.3352291664e-04,5.6775523398e-01,3.1489478677e-01,521130,56,52,42,1.3496630323e-03,5.0809729549e-01,4.7738778655e-01,2.7680892167e-02,-3.5589416891e+00,-2.8804891571e+03,-1.5881170134e-02,-2.8805050382e+03,-2.3251200100e-05,447024,48,48,48,-1.6843810089e-04,9.9999825824e-01,5.5695240416e-01,6.4582029481e-02,-2.6730572660e+00,-1.4406147728e+00,-5.6213486282e-02,-1.4968282591e+00,8.0361508345e-05,2.7643372170e-02,6.4662390989e-02,1.0835057535e-05,2.1930810870e-03,0,0,0,2.3958248488e-04,3.1921888688e+00,3.1924284512e+00,9.3176175816e-07,2.8572417675e-04,2.8665593851e-04,4.7495061735e-03,2.3958248488e+00
177,1.7700000000e-02,1.0000000000e-04,-9.2619723206e-02,1.3406190463e-01,1.4971989660e+00,2.6455220062e-01,-2.1237959589e-01,2.1237959589e-01,1.4411473811e+00,3.3955571290e-01,1.1975987268e-01,1.1990101951e-01,1.9244999165e-01,1.2884311698e-01,0.0000000000e+00,0.0000000000e+00,0.0000000000e+00,0.0000000000e+00,2.2190063435e-05,3.2118884240e-05,3.5870264864e-04,6.3382073606e-05,2.2190063435e-05,2.3471400744e-05,1.6734760192e-04,2.7998943775e-05,-1.1513270730e+01,1.1513290670e+01,2.8864088024e+03,1.5028374182e+02,-1.1513787198e+01,1.1513787198e+01,2.8864193272e+03,1.5028346568e+02,5.1646808712e-04,3.1040701022e-03,3.7754655541e-01,2.7860583897e-02,0.0000000000e+00,0.0000000000e+00,0.0000000000e+00,0.0000000000e+00,5.4682350410e-06,5.4682445116e-06,1.3709016426e-03,7.1377355955e-05,5.7766545420e-06,6.0080310414e-06,1.3496154060e-03,7.1114201432e-05,1.0000000000e+00,4.1921888688e+00,2.0679115636e+00,4.1921888688e+00,1.0000000000e+00,1.0002857242e+00,1.0000955859e+00,1.0002857242e+00,1.9278725593e+03,2.0028620008e+03,1.9617904484e+00,nan,3.8218330638e+00,3.9704928523e+00,3.8890722126e-03,nan,8.0647430289e+00,2.5597241114e-01,2.5398887188e+00,4.1909914012e+00,4.6653572968e-01,9.8447281995e-01,1.7943788476e-01,1.8026239487e-01,-2.2686778552e-03,5.6781229881e-01,3.1490475098e-01,502696,54,52,40,1.3496154060e-03,5.0944695852e-01,4.7734363104e-01,2.7657640967e-02,-3.5598059279e+00,-2.8792906435e+03,-1.8526499617e-02,-2.8793091700e+03,-2.3906458883e-05,447024,48,48,48,-1.6734760192e-04,9.9999374654e-01,5.5678396606e-01,6.4662390989e-02,-2.6717277938e+00,-1.4411473811e+00,-5.6051584913e-02,-1.4971989660e+00,7.8238540857e-05,2.7621680124e-02,6.4740629530e-02,1.0671831281e-05,2.2113865410e-03,0,0,0,2.3958248488e-04,3.1921888688e+00,3.1924284512e+00,9.3176175816e-07,2.8572417675e-04,2.8665593851e-04,4.7495061735e-03,2.3958248488e+00
178,1.7800000000e-02,1.0000000000e-04,-9.2600917991e-02,1.3404364102e-01,1.4975595084e+00,2.6449280659e-01,-2.1237729928e-01,2.1237729928e-01,1.4416688150e+00,3.3950587879e-01,1.1977638128e-01,1.1991681964e-01,1.9245002010e-01,1.2885525132e-01,0.0000000000e+00,0.0000000000e+00,0.0000000000e+00,0.0000000000e+00,2.2185558035e-05,3.2114508599e-05,3.5878902828e-04,6.3367843835e-05,2.2185558035e-05,2.3462292248e-05,1.6626950238e-04,2.7965652466e-05,-1.1511653397e+01,1.1511673379e+01,2.8860040094e+03,1.5025551047e+02,-1.1512166912e+01,1.1512166912e+01,2.8860119299e+03,1.5025520816e+02,5.1351494073e-04,3.1058813528e-03,3.7754002164e-01,2.7865773896e-02,0.0000000000e+00,0.0000000000e+00,0.0000000000e+00,0.0000000000e+00,5.4674668876e-06,5.4674763779e-06,1.3707093859e-03,7.1363947460e-05,5.7779497213e-06,6.0103633723e-06,1.3495319439e-03,7.1098478034e-05,1.0000000000e+00,4.1921888688e+00,2.0679115636e+00,4.1921888688e+00,1.0000000000e+00,1.0002857242e+00,1.0000955859e+00,1.0002857242e+00,1.9271381158e+03,2.0018550030e+03,1.9617562079e+00,nan,3.8203770959e+00,3.9684965701e+00,3.8890043339e-03,nan,8.1165332460e+00,2.5617119200e-01,2.5423500532e+00,4.1909914012e+00,4.6341858104e-01,9.8455001310e-01,1.9413906396e-01,1.9496631321e-01,-3.7707953659e-03,5.6786852341e-01,3.1491676404e-01,483114,52,40,42,1.3495319439e-03,5.1079657393e-01,4.7729958534e-01,2.7633734508e-02,-3.5606952587e+00,-2.8779750455e+03,-2.1170925563e-02,-2.8779962164e+03,-2.4496222514e-05,447024,48,48,48,-1.6626950238e-04,9.9998801640e-01,5.5661661846e-01,6.4740629530e-02,-2.6704349200e+00,-1.4416688150e+00,-5.5890693432e-02,-1.4975595084e+00,7.6056228930e-05,2.7599762178e-02,6.4816685759e-02,1.0486616881e-05,2.2297371300e-03,0,0,0,2.3958248488e-04,3.1921888688e+00,3.1924284512e+00,9.3176175816e-07,2.8572417675e-04,2.8665593851e-04,4.7495061735e-03,2.3958248488e+00
179,1.7900000000e-02,1.0000000000e-04,-9.2582026919e-02,1.3402511445e-01,1.4979097565e+00,2.6443203930e-01,-2.1237491531e-01,2.1237491531e-01,1.4421789557e+00,3.3945503916e-01,1.1979288839e-01,1.1993262177e-01,1.9245005352e-01,1.2886739350e-01,0.0000000000e+00,0.0000000000e+00,0.0000000000e+00,0.0000000000e+00,2.2181032065e-05,3.2110069956e-05,3.5887294159e-04,6.3353285058e-05,2.2181032065e-05,2.3453267323e-05,1.6520373796e-04,2.7932673075e-05,-1.1509862624e+01,1.1509882647e+01,2.8854873247e+03,1.5022517199e+02,-1.1510373197e+01,1.1510373197e+01,2.8854926405e+03,1.5022484362e+02,5.1057309780e-04,3.1076613145e-03,3.7753649793e-01,2.7870967778e-02,0.0000000000e+00,0.0000000000e+00,0.0000000000e+00,0.0000000000e+00,5.4666163589e-06,5.4666258686e-06,1.3704639862e-03,7.1349538179e-05,5.7790351280e-06,6.0127122933e-06,1.3494039919e-03,7.1081780528e-05,1.0000000000e+00,4.1921888688e+00,2.0679115636e+00,4.1921888688e+00,1.0000000000e+00,1.0002857242e+00,1.0000955859e+00,1.0002857242e+00,1.9263425665e+03,2.0007868158e+03,1.9617375575e+00,nan,3.8187999913e+00,3.9663789855e+00,3.8889673612e-03,nan,8.1681202166e+00,2.5636992111e-01,2.5447539638e+00,4.1909914012e+00,4.6034046822e-01,9.8463294583e-01,2.0845486626e-01,2.0927770251e-01,-5.3335578244e-03,5.6792295061e-01,3.1492385849e-01,373674,40,52,42,1.3494039919e-03,5.1214610587e-01,4.7725564644e-01,2.7609238285e-02,-3.5616073047e+00,-2.8765454747e+03,-2.3814262141e-02,-2.8765692889e+03,-2.5016685636e-05,447024,48,48,48,-1.6520373796e-04,9.9998105875e-01,5.5645034896e-01,6.4816685759e-02,-2.6691795016e+00,-1.4421789557e+00,-5.5730800771e-02,-1.4979097565e+00,7.3825055229e-05,2.7577206384e-02,6.4890510814e-02,1.0279763991e-05,2.2481148527e-03,0,0,0,2.3958248488e-04,3.1921888688e+00,3.1924284512e+00,9.3176175816e-07,2.8572417675e-04,2.8665593851e-04,4.7495061735e-03,2.3958248488e+00
180,1.8000000000e-02,1.0000000000e-04,-9.2563134044e-02,1.3400643133e-01,1.4982496202e+00,2.6437012661e-01,-2.1237252819e-01,2.1237252819e-01,1.4426777243e+00,3.3940340683e-01,1.1980939415e-01,1.1994842600e-01,1.9245007610e-01,1.2887954359e-01,0.0000000000e+00,0.0000000000e+00,0.0000000000e+00,0.0000000000e+00,2.2176505663e-05,3.2105593808e-05,3.5895436697e-04,6.3338451862e-05,2.2176505663e-05,2.3444335272e-05,1.6415023702e-04,2.7900024996e-05,-1.1507910814e+01,1.1507930882e+01,2.8848619643e+03,1.5019289475e+02,-1.1508418456e+01,1.1508418456e+01,2.8848646752e+03,1.5019254043e+02,5.0764214607e-04,3.1094094432e-03,3.7754646146e-01,2.7876164793e-02,0.0000000000e+00,0.0000000000e+00,0.0000000000e+00,0.0000000000e+00,5.4656893454e-06,5.4656988768e-06,1.3701669709e-03,7.1334208083e-05,5.7798696361e-06,6.0147721989e-06,1.3492359365e-03,7.1064175358e-05,1.0000000000e+00,4.1921888688e+00,2.0679115636e+00,4.1921888688e+00,1.0000000000e+00,1.0002857242e+00,1.0000955859e+00,1.0002857242e+00,1.9254882000e+03,1.9996598178e+03,1.9617890993e+00,nan,3.8171062870e+00,3.9641448139e+00,3.8890695382e-03,nan,8.2195186614e+00,2.5655545910e-01,2.5471007774e+00,4.1909914012e+00,4.5730112829e-01,9.8472373448e-01,2.2221096569e-01,2.2302739644e-01,-6.9484531636e-03,5.6797634509e-01,3.1493268467e-01,484456,52,54,40,1.3492359365e-03,5.1349550986e-01,4.7721181156e-01,2.7584221600e-02,-3.5625395405e+00,-2.8750052540e+03,-2.6456306723e-02,-2.8750317104e+03,-2.5464582071e-05,447024,48,48,48,-1.6415023702e-04,9.9997285913e-01,5.5628514522e-01,6.4890510814e-02,-2.6679622226e+00,-1.4426777243e+00,-5.5571895905e-02,-1.4982496202e+00,7.1556065865e-05,2.7552920382e-02,6.4962066880e-02,1.0051763671e-05,2.2664856627e-03,0,0,0,2.3958248488e-04,3.1921888688e+00,3.1924284512e+00,9.3176175816e-07,2.8572417675e-04,2.8665593851e-04,4.7495061735e-03,2.3958248488e+00
181,1.8100000000e-02,1.0000000000e-04,-9.2544323547e-02,1.3398768798e-01,1.4985790506e+00,2.6430730410e-01,-2.1237022223e-01,2.1237022223e-01,1.4431650827e+00,3.3935120009e-01,1.1982589868e-01,1.1996423242e-01,1.9245008786e-01,1.2889170163e-01,0.0000000000e+00,0.0000000000e+00,0.0000000000e+00,0.0000000000e+00,2.2171998997e-05,3.2101103229e-05,3.5903329273e-04,6.3323400690e-05,2.2171998997e-05,2.3435528419e-05,1.6310891981e-04,2.7867727027e-05,-1.1505811100e+01,1.1505831210e+01,2.8847079671e+03,1.5015885575e+02,-1.1506315822e+01,1.1506315822e+01,2.8847364788e+03,1.5015847561e+02,5.0472148464e-04,3.1111250271e-03,3.7755004865e-01,2.7881364390e-02,0.0000000000e+00,0.0000000000e+00,0.0000000000e+00,0.0000000000e+00,5.4646920852e-06,5.4647016363e-06,1.3700938298e-03,7.1318041241e-05,5.7807504267e-06,6.0162007899e-06,1.3490226743e-03,7.1045730214e-05,1.0000000000e+00,4.1921888688e+00,2.0679115636e+00,4.1921888688e+00,1.0000000000e+00,1.0002857242e+00,1.0000955859e+00,1.0002857242e+00,1.9249621606e+03,1.9988957003e+03,1.9618076190e+00,nan,3.8160634614e+00,3.9626300202e+00,3.8891062518e-03,nan,8.2706860900e+00,2.5671282859e-01,2.5493909189e+00,4.1909914012e+00,4.5430026439e-01,9.8462064779e-01,2.3522344751e-01,2.3604459111e-01,-8.6066905370e-03,5.6802912388e-01,3.1493787357e-01,483304,52,42,40,1.3490226743e-03,5.1484474580e-01,4.7716807823e-01,2.7558757018e-02,-3.5634893110e+00,-2.8733578871e+03,-2.9096865465e-02,-2.8733869840e+03,-2.5837187938e-05,447024,48,48,48,-1.6310891981e-04,9.9996335945e-01,5.5612099498e-01,6.4962066880e-02,-2.6667835856e+00,-1.4431650827e+00,-5.5413967857e-02,-1.4985790506e+00,6.9260745477e-05,2.7527349632e-02,6.5031327625e-02,9.8032377636e-06,2.2848631554e-03,0,0,0,2.3958248488e-04,3.1921888688e+00,3.1924284512e+00,9.3176175816e-07,2.8572417675e-04,2.8665593851e-04,4.7495061735e-03,2.3958248488e+00
182,1.8200000000e-02,1.0000000000e-04,-9.2525679319e-02,1.3396898677e-01,1.4988980410e+00,2.6424381369e-01,-2.1236808143e-01,2.1236808143e-01,1.4436410352e+00,3.3929864139e-01,1.1984240211e-01,1.1998004253e-01,1.9245008935e-01,1.2890386769e-01,0.0000000000e+00,0.0000000000e+00,0.0000000000e+00,0.0000000000e+00,2.2167532167e-05,3.2096622747e-05,3.5910971724e-04,6.3308189499e-05,2.2167532167e-05,2.3426846538e-05,1.6207969780e-04,2.7835797257e-05,-1.1503577246e+01,1.1503597394e+01,2.8847413205e+03,1.5012323990e+02,-1.1504079058e+01,1.1504079058e+01,2.8847672760e+03,1.5012283405e+02,5.0181164719e-04,3.1131164572e-03,3.7754719765e-01,2.7886566035e-02,0.0000000000e+00,0.0000000000e+00,0.0000000000e+00,0.0000000000e+00,5.4636311147e-06,5.4636406839e-06,1.3701096711e-03,7.1301125470e-05,5.7814594818e-06,6.0178854066e-06,1.3487744955e-03,7.1026532483e-05,1.0000000000e+00,4.1921888688e+00,2.0679115636e+00,4.1921888688e+00,1.0000000000e+00,1.0002857242e+00,1.0000955859e+00,1.0002857242e+00,1.9245747487e+03,1.9982580195e+03,1.9617927896e+00,nan,3.8152954523e+00,3.9613658755e+00,3.8890768539e-03,nan,8.3216745457e+00,2.5687987484e-01,2.5516255859e+00,4.1909914012e+00,4.5133754398e-01,9.8442812574e-01,2.4734914918e-01,2.4820180450e-01,-1.0302362599e-02,5.6808332721e-01,3.1495528664e-01,409386,44,40,42,1.3487744955e-03,5.1619376847e-01,4.7712444427e-01,2.7532919830e-02,-3.5644538507e+00,-2.8716070386e+03,-3.1735734765e-02,-2.8716387743e+03,-2.6132326022e-05,447024,48,48,48,-1.6207969780e-04,9.9995253696e-01,5.5595788607e-01,6.5031327625e-02,-2.6656439060e+00,-1.4436410352e+00,-5.5257005705e-02,-1.4988980410e+00,6.6950917152e-05,2.7501475284e-02,6.5098278543e-02,9.5349200203e-06,2.3032517659e-03,0,0,0,2.3958248488e-04,3.1921888688e+00,3.1924284512e+00,9.3176175816e-07,2.8572417675e-04,2.8665593851e-04,4.7495061735e-03,2.3958248488e+00
183,1.8300000000e-02,1.0000000000e-04,-9.2507284536e-02,1.3395042563e-01,1.4992066271e+00,2.6417990219e-01,-2.1236618908e-01,2.1236618908e-01,1.4441056285e+00,3.3924595616e-01,1.1985890454e-01,1.1999586153e-01,1.9245008773e-01,1.2891604178e-01,0.0000000000e+00,0.0000000000e+00,0.0000000000e+00,0.0000000000e+00,2.2163125099e-05,3.2092175824e-05,3.5918364906e-04,6.3292877422e-05,2.2163125099e-05,2.3418295869e-05,1.6106247305e-04,2.7804252956e-05,-1.1501223550e+01,1.1501243733e+01,2.8846791878e+03,1.5008623827e+02,-1.1501722462e+01,1.1501722462e+01,2.8847025856e+03,1.5008580682e+02,4.9891228387e-04,3.1153674085e-03,3.7753784683e-01,2.7891769352e-02,0.0000000000e+00,0.0000000000e+00,0.0000000000e+00,0.0000000000e+00,5.4625132253e-06,5.4625228114e-06,1.3700801611e-03,7.1283551520e-05,5.7822694894e-06,6.0193445439e-06,1.3484651870e-03,7.1006680808e-05,1.0000000000e+00,4.1921888688e+00,2.0679115636e+00,4.1921888688e+00,1.0000000000e+00,1.0002857242e+00,1.0000955859e+00,1.0002857242e+00,1.9241371641e+03,1.9975703500e+03,1.9617442179e+00,nan,3.8144279805e+00,3.9600026328e+00,3.8889805647e-03,nan,8.3723114481e+00,2.5703597638e-01,2.5538064598e+00,4.1909914012e+00,4.4841259750e-01,9.8422356975e-01,2.5845985166e-01,2.5938046826e-01,-1.2027126356e-02,5.6813486533e-01,3.1497049770e-01,391336,42,44,40,1.3484651870e-03,5.1754254297e-01,4.7708090780e-01,2.7506787504e-02,-3.5654303035e+00,-2.8697564984e+03,-3.4372731416e-02,-2.8697908712e+03,-2.6348329241e-05,447024,48,48,48,-1.6106247305e-04,9.9994040750e-01,5.5579580637e-01,6.5098278543e-02,-2.6645433074e+00,-1.4441056285e+00,-5.5100998597e-02,-1.4992066271e+00,6.4638621255e-05,2.7475241387e-02,6.5162917164e-02,9.2476633821e-06,2.3216053758e-03,0,0,0,2.3958248488e-04,3.1921888688e+00,3.1924284512e+00,9.3176175816e-07,2.8572417675e-04,2.8665593851e-04,4.7495061735e-03,2.3958248488e+00
184,1.8400000000e-02,1.0000000000e-04,-9.2489221237e-02,1.3393209949e-01,1.4995048875e+00,2.6411581984e-01,-2.1236462729e-01,2.1236462729e-01,1.4445589517e+00,3.3919337140e-01,1.1987540606e-01,1.2001168286e-01,1.9245007620e-01,1.2892822395e-01,0.0000000000e+00,0.0000000000e+00,0.0000000000e+00,0.0000000000e+00,2.2158797449e-05,3.2087785201e-05,3.5925510703e-04,6.3277524415e-05,2.2158797449e-05,2.3409888403e-05,1.6005713782e-04,2.7773110469e-05,-1.1498764761e+01,1.1498784980e+01,2.8845252529e+03,1.5004804748e+02,-1.1499260785e+01,1.1499260785e+01,2.8845460918e+03,1.5004759056e+02,4.9602408077e-04,3.1176798750e-03,3.7752193468e-01,2.7896973952e-02,0.0000000000e+00,0.0000000000e+00,0.0000000000e+00,0.0000000000e+00,5.4613454220e-06,5.4613550252e-06,1.3700070496e-03,7.1265412785e-05,5.7828299856e-06,6.0209483826e-06,1.3480896736e-03,7.0986267919e-05,1.0000000000e+00,4.1921888688e+00,2.0679115636e+00,4.1921888688e+00,1.0000000000e+00,1.0002857242e+00,1.0000955859e+00,1.0002857242e+00,1.9236517847e+03,1.9968351506e+03,1.9616616534e+00,nan,3.8134657596e+00,3.9585451665e+00,3.8888168881e-03,nan,8.4225526704e+00,2.5719679987e-01,2.5559351013e+00,4.1909914012e+00,4.4552501742e-01,9.8400199760e-01,2.6847958868e-01,2.6951326471e-01,-1.3768451517e-02,5.6818970318e-01,3.1499719966e-01,373674,40,52,42,1.3480896736e-03,5.1889100816e-01,4.7703746728e-01,2.7480439175e-02,-3.5664157404e+00,-2.8678101861e+03,-3.7007621279e-02,-2.8678471938e+03,-2.6484064298e-05,447024,48,48,48,-1.6005713782e-04,9.9992697372e-01,5.5563474389e-01,6.5162917164e-02,-2.6634817192e+00,-1.4445589517e+00,-5.4945935754e-02,-1.4995048875e+00,6.2336021841e-05,2.7448888561e-02,6.5225253186e-02,8.9424272275e-06,2.3399144815e-03,0,0,0,2.3958248488e-04,3.1921888688e+00,3.1924284512e+00,9.3176175816e-07,2.8572417675e-04,2.8665593851e-04,4.7495061735e-03,2.3958248488e+00
185,1.8500000000e-02,1.0000000000e-04,-9.2471569896e-02,1.3391410520e-01,1.4997929434e+00,2.6405181886e-01,-2.1236347663e-01,2.1236347663e-01,1.4450011370e+00,3.3914111441e-01,1.1989190673e-01,1.2002750655e-01,1.9245007995e-01,1.2894041419e-01,0.0000000000e+00,0.0000000000e+00,0.0000000000e+00,0.0000000000e+00,2.2154568497e-05,3.2083474084e-05,3.5932412020e-04,6.3262190901e-05,2.2154568497e-05,2.3401638582e-05,1.5906357411e-04,2.7742385114e-05,-1.1496215989e+01,1.1496236238e+01,2.8842832885e+03,1.5000886844e+02,-1.1496709135e+01,1.1496709135e+01,2.8843015674e+03,1.5000838615e+02,4.9314631351e-04,3.1199594232e-03,3.7749939988e-01,2.7902179461e-02,0.0000000000e+00,0.0000000000e+00,0.0000000000e+00,0.0000000000e+00,5.4601348811e-06,5.4601444984e-06,1.3698921285e-03,7.1246804672e-05,5.7835498369e-06,6.0220051880e-06,1.3476820022e-03,7.0965378912e-05,1.0000000000e+00,4.1921888688e+00,2.0679115636e+00,4.1921888688e+00,1.0000000000e+00,1.0002857242e+00,1.0000955859e+00,1.0002857242e+00,1.9231209889e+03,1.9960548775e+03,1.9615445210e+00,nan,3.8124135050e+00,3.9569983457e+00,3.8885846837e-03,nan,8.4725997752e+00,2.5733262938e-01,2.5580128969e+00,4.1909914012e+00,4.4267435769e-01,9.8378695243e-01,2.7733119080e-01,2.7852834133e-01,-1.5516892332e-02,5.6824482353e-01,3.1501556872e-01,373674,40,52,42,1.3476820022e-03,5.2023909783e-01,4.7699412149e-01,2.7453955110e-02,-3.5674071796e+00,-2.8657721138e+03,-3.9640160733e-02,-2.8658117540e+03,-2.6538934655e-05,447024,48,48,48,-1.5906357411e-04,9.9991222947e-01,5.5547468676e-01,6.5225253186e-02,-2.6624588750e+00,-1.4450011370e+00,-5.4791806483e-02,-1.4997929434e+00,6.0055296190e-05,2.7422496991e-02,6.5285308482e-02,8.6202708142e-06,2.3582272657e-03,0,0,0,2.3958248488e-04,3.1921888688e+00,3.1924284512e+00,9.3176175816e-07,2.8572417675e-04,2.8665593851e-04,4.7495061735e-03,2.3958248488e+00
186,1.8600000000e-02,1.0000000000e-04,-9.2454409005e-02,1.3389654043e-01,1.5000709583e+00,2.6398815189e-01,-2.1236281562e-01,2.1236281562e-01,1.4454323581e+00,3.3908941147e-01,1.1990840662e-01,1.2004333262e-01,1.9245008907e-01,1.2895261252e-01,0.0000000000e+00,0.0000000000e+00,0.0000000000e+00,0.0000000000e+00,2.2150457048e-05,3.2079265874e-05,3.5939072769e-04,6.3246937409e-05,2.2150457048e-05,2.3393557528e-05,1.5808165344e-04,2.7712091088e-05,-1.1493592583e+01,1.1493612858e+01,2.8839571332e+03,1.4996890452e+02,-1.1494082862e+01,1.1494082862e+01,2.8839728510e+03,1.4996839700e+02,4.9027983073e-04,3.1222068181e-03,3.7748493778e-01,2.7907385604e-02,0.0000000000e+00,0.0000000000e+00,0.0000000000e+00,0.0000000000e+00,5.4588888927e-06,5.4588985226e-06,1.3697372208e-03,7.1227823786e-05,5.7845122327e-06,6.0228011111e-06,1.3472386106e-03,7.0944107317e-05,1.0000000000e+00,4.1921888688e+00,2.0679115636e+00,4.1921888688e+00,1.0000000000e+00,1.0002857242e+00,1.0000955859e+00,1.0002857242e+00,1.9225471417e+03,1.9952319697e+03,1.9614692807e+00,nan,3.8112759047e+00,3.9553670054e+00,3.8884355267e-03,nan,8.5224223132e+00,2.5745554535e-01,2.5600416473e+00,4.1909914012e+00,4.3986013344e-01,9.8357450621e-01,2.8495328822e-01,2.8637794056e-01,-1.7262577933e-02,5.6830661632e-01,3.1503115057e-01,373674,40,52,42,1.3472386106e-03,5.2158677983e-01,4.7695086956e-01,2.7427416176e-02,-3.5684016055e+00,-2.8636463232e+03,-4.2270173093e-02,-2.8636885933e+03,-2.6512820048e-05,447024,48,48,48,-1.5808165344e-04,9.9989614380e-01,5.5531562318e-01,6.5285308482e-02,-2.6614743140e+00,-1.4454323581e+00,-5.4638600187e-02,-1.5000709583e+00,5.7808534824e-05,2.7396146892e-02,6.5343117017e-02,8.2823582905e-06,2.3765048161e-03,0,0,0,2.3958248488e-04,3.1921888688e+00,3.1924284512e+00,9.3176175816e-07,2.8572417675e-04,2.8665593851e-04,4.7495061735e-03,2.3958248488e+00
187,1.8700000000e-02,1.0000000000e-04,-9.2437814660e-02,1.3387950811e-01,1.5003391368e+00,2.6392507049e-01,-2.1236272042e-01,2.1236272042e-01,1.4458528304e+00,3.3903848646e-01,1.1992490576e-01,1.2005916107e-01,1.9245008964e-01,1.2896481891e-01,0.0000000000e+00,0.0000000000e+00,0.0000000000e+00,0.0000000000e+00,2.2146481333e-05,3.2075185227e-05,3.5945497856e-04,6.3231824210e-05,2.2146481333e-05,2.3385652091e-05,1.5711123665e-04,2.7682241374e-05,-1.1490910046e+01,1.1490930355e+01,2.8835506579e+03,1.4992836088e+02,-1.1491397472e+01,1.1491397472e+01,2.8835638139e+03,1.4992782823e+02,4.8742576937e-04,3.1244231222e-03,3.7750913608e-01,2.7912592052e-02,0.0000000000e+00,0.0000000000e+00,0.0000000000e+00,0.0000000000e+00,5.4576148203e-06,5.4576244662e-06,1.3695441651e-03,7.1208567557e-05,5.7854583362e-06,6.0239765775e-06,1.3467569151e-03,7.0922553535e-05,1.0000000000e+00,4.1921888688e+00,2.0679115636e+00,4.1921888688e+00,1.0000000000e+00,1.0002857242e+00,1.0000955859e+00,1.0002857242e+00,1.9219325732e+03,1.9943688273e+03,1.9615950130e+00,nan,3.8100575783e+00,3.9536559036e+00,3.8886847796e-03,nan,8.5719961463e+00,2.5759284172e-01,2.5620235217e+00,4.1909914012e+00,4.3708182115e-01,9.8336143470e-01,2.9134201465e-01,2.9305837585e-01,-1.9006366007e-02,5.6836504785e-01,3.1505748149e-01,502696,54,52,40,1.3467569151e-03,5.2293401844e-01,4.7690771094e-01,2.7400903355e-02,-3.5693959871e+00,-2.8614368910e+03,-4.4897475099e-02,-2.8614817885e+03,-2.6406080448e-05,447024,48,48,48,-1.5711123665e-04,9.9987872089e-01,5.5515754153e-01,6.5343117017e-02,-2.6605273823e+00,-1.4458528304e+00,-5.4486306375e-02,-1.5003391368e+00,5.5607640223e-05,2.7369918048e-02,6.5398724657e-02,7.9299391648e-06,2.3947405354e-03,0,0,0,2.3958248488e-04,3.1921888688e+00,3.1924284512e+00,9.3176175816e-07,2.8572417675e-04,2.8665593851e-04,4.7495061735e-03,2.3958248488e+00
188,1.8800000000e-02,1.0000000000e-04,-9.2421860161e-02,1.3386310370e-01,1.5005977239e+00,2.6386282367e-01,-2.1236326434e-01,2.1236326434e-01,1.4462628092e+00,3.3898855962e-01,1.1994140418e-01,1.2007499188e-01,1.9245008698e-01,1.2897703337e-01,0.0000000000e+00,0.0000000000e+00,0.0000000000e+00,0.0000000000e+00,2.2142658915e-05,3.2071255018e-05,3.5951693149e-04,6.3216910963e-05,2.2142658915e-05,2.3377933303e-05,1.5615217383e-04,2.7652847667e-05,-1.1488183955e+01,1.1488204289e+01,2.8830677439e+03,1.4988744284e+02,-1.1488668539e+01,1.1488668539e+01,2.8830783373e+03,1.4988688519e+02,4.8458421710e-04,3.1266083735e-03,3.7752766801e-01,2.7917798579e-02,0.0000000000e+00,0.0000000000e+00,0.0000000000e+00,0.0000000000e+00,5.4563200617e-06,5.4563297194e-06,1.3693148048e-03,7.1189133511e-05,5.7865364796e-06,6.0246649509e-06,1.3462436169e-03,7.0900809288e-05,1.0000000000e+00,4.1921888688e+00,2.0679115636e+00,4.1921888688e+00,1.0000000000e+00,1.0002857242e+00,1.0000955859e+00,1.0002857242e+00,1.9212795662e+03,1.9934677978e+03,1.9616913348e+00,nan,3.8087630509e+00,3.9518696941e+00,3.8888757288e-03,nan,8.6213568720e+00,2.5770733764e-01,2.5639605057e+00,4.1909914012e+00,4.3433885904e-01,9.8315129011e-01,2.9645312003e-01,2.9852490535e-01,-2.0734740726e-02,5.6842118559e-01,3.1506840230e-01,372716,40,42,44,1.3462436169e-03,5.2428077536e-01,4.7686464547e-01,2.7374497275e-02,-3.5703872952e+00,-2.8591479058e+03,-4.7521878884e-02,-2.8591954277e+03,-2.6219535595e-05,447024,48,48,48,-1.5615217383e-04,9.9985997010e-01,5.5500043029e-01,6.5398724657e-02,-2.6596172372e+00,-1.4462628092e+00,-5.4334914672e-02,-1.5005977239e+00,5.3464245512e-05,2.7343889337e-02,6.5452188902e-02,7.5643548990e-06,2.4130115952e-03,0,0,0,2.3958248488e-04,3.1921888688e+00,3.1924284512e+00,9.3176175816e-07,2.8572417675e-04,2.8665593851e-04,4.7495061735e-03,2.3958248488e+00
189,1.8900000000e-02,1.0000000000e-04,-9.2406615620e-02,1.3384741203e-01,1.5008470034e+00,2.6380165639e-01,-2.1236451751e-01,2.1236451751e-01,1.4466625885e+00,3.3893984619e-01,1.1995790190e-01,1.2009082505e-01,1.9245007446e-01,1.2898925583e-01,0.0000000000e+00,0.0000000000e+00,0.0000000000e+00,0.0000000000e+00,2.2139006590e-05,3.2067495569e-05,3.5957665449e-04,6.3202256353e-05,2.2139006590e-05,2.3370408812e-05,1.5520430434e-04,2.7623920291e-05,-1.1485429857e+01,1.1485450210e+01,2.8825122613e+03,1.4984635500e+02,-1.1485911612e+01,1.1485911612e+01,2.8825202916e+03,1.4984577245e+02,4.8175580991e-04,3.1287631598e-03,3.7754060851e-01,2.7923004962e-02,0.0000000000e+00,0.0000000000e+00,0.0000000000e+00,0.0000000000e+00,5.4550120009e-06,5.4550216677e-06,1.3690509780e-03,7.1169618813e-05,5.7876622663e-06,6.0254766862e-06,1.3456694338e-03,7.0878921906e-05,1.0000000000e+00,4.1921888688e+00,2.0679115636e+00,4.1921888688e+00,1.0000000000e+00,1.0002857242e+00,1.0000955859e+00,1.0002857242e+00,1.9205903432e+03,1.9925311641e+03,1.9617587032e+00,nan,3.8073967286e+00,3.9500129024e+00,3.8890092807e-03,nan,8.6703100123e+00,2.5782504426e-01,2.5658531142e+00,4.1909914012e+00,4.3163064786e-01,9.8292134877e-01,3.0029561536e-01,3.0277937572e-01,-2.2439341465e-02,5.6847586459e-01,3.1508584731e-01,392104,42,52,40,1.3456694338e-03,5.2562701898e-01,4.7682167328e-01,2.7348277739e-02,-3.5713725202e+00,-2.8567834340e+03,-5.0143210090e-02,-2.8568335772e+03,-2.5954447156e-05,447024,48,48,48,-1.5520430434e-04,9.9983985116e-01,5.5484427812e-01,6.5452188902e-02,-2.6587428521e+00,-1.4466625885e+00,-5.4184414833e-02,-1.5008470034e+00,5.1389610435e-05,2.7318138303e-02,6.5503578513e-02,7.1870277481e-06,2.4312918259e-03,0,0,0,2.3958248488e-04,3.1921888688e+00,3.1924284512e+00,9.3176175816e-07,2.8572417675e-04,2.8665593851e-04,4.7495061735e-03,2.3958248488e+00
190,1.9000000000e-02,1.0000000000e-04,-9.2392147589e-02,1.3383252134e-01,1.5010872964e+00,2.6374180806e-01,-2.1236654647e-01,2.1236654647e-01,1.4470524997e+00,3.3889255516e-01,1.1997439889e-01,1.2010666051e-01,1.9245005182e-01,1.2900148628e-01,0.0000000000e+00,0.0000000000e+00,0.0000000000e+00,0.0000000000e+00,2.2135540303e-05,3.2063928021e-05,3.5963422450e-04,6.3187917743e-05,2.2135540303e-05,2.3363085171e-05,1.5426745688e-04,2.7595468142e-05,-1.1482663170e+01,1.1482683537e+01,2.8818895420e+03,1.4980529942e+02,-1.1483142111e+01,1.1483142111e+01,2.8818979156e+03,1.4980469209e+02,4.7894081903e-04,3.1308877254e-03,3.7754803181e-01,2.7928211110e-02,0.0000000000e+00,0.0000000000e+00,0.0000000000e+00,0.0000000000e+00,5.4536979616e-06,5.4537076348e-06,1.3687552171e-03,7.1150119443e-05,5.7894586827e-06,6.0259938128e-06,1.3450923502e-03,7.0856983931e-05,1.0000000000e+00,4.1921888688e+00,2.0679115636e+00,4.1921888688e+00,1.0000000000e+00,1.0002857242e+00,1.0000955859e+00,1.0002857242e+00,1.9198680509e+03,1.9915641735e+03,1.9617975066e+00,nan,3.8059648494e+00,3.9480959310e+00,3.8890862048e-03,nan,8.7192229481e+00,2.5792799918e-01,2.5677036376e+00,4.1909914012e+00,4.2895655188e-01,9.8271212659e-01,3.0278666506e-01,3.0574487161e-01,-2.4108499814e-02,5.6853062851e-01,3.1508933350e-01,372716,40,42,44,1.3450923502e-03,5.2697268841e-01,4.7677879489e-01,2.7322323292e-02,-3.5723486887e+00,-2.8543475403e+03,-5.2761237874e-02,-2.8544003015e+03,-2.5612555711e-05,447024,48,48,48,-1.5426745688e-04,9.9981838109e-01,5.5468907381e-01,6.5503578513e-02,-2.6579030226e+00,-1.4470524997e+00,-5.4034796749e-02,-1.5010872964e+00,4.9394551664e-05,2.7292740731e-02,6.5552973064e-02,6.7994370849e-06,2.4495133908e-03,0,0,0,2.3958248488e-04,3.1921888688e+00,3.1924284512e+00,9.3176175816e-07,2.8572417675e-04,2.8665593851e-04,4.7495061735e-03,2.3958248488e+00
191,1.9100000000e-02,1.0000000000e-04,-9.2378518703e-02,1.3381850370e-01,1.5013189596e+00,2.6368351117e-01,-2.1236941384e-01,2.1236941384e-01,1.4474329091e+00,3.3884688807e-01,1.1999089513e-01,1.2012250748e-01,1.9245001910e-01,1.2901372463e-01,0.0000000000e+00,0.0000000000e+00,0.0000000000e+00,0.0000000000e+00,2.2132275061e-05,3.2060569639e-05,3.5968972693e-04,6.3173950829e-05,2.2132275061e-05,2.3355965763e-05,1.5334144974e-04,2.7567498631e-05,-1.1479899081e+01,1.1479919463e+01,2.8812839128e+03,1.4976447379e+02,-1.1480375223e+01,1.1480375223e+01,2.8812898259e+03,1.4976384179e+02,4.7614194593e-04,3.1329847738e-03,3.7755005880e-01,2.7933417383e-02,0.0000000000e+00,0.0000000000e+00,0.0000000000e+00,0.0000000000e+00,5.4523851556e-06,5.4523948359e-06,1.3684675732e-03,7.1130729282e-05,5.7904601838e-06,6.0276329719e-06,1.3445120083e-03,7.0835151157e-05,1.0000000000e+00,4.1921888688e+00,2.0679115636e+00,4.1921888688e+00,1.0000000000e+00,1.0002857242e+00,1.0000955859e+00,1.0002857242e+00,1.9191684049e+03,1.9906206414e+03,1.9618083727e+00,nan,3.8045778644e+00,3.9462254639e+00,3.8891077458e-03,nan,8.7680924542e+00,2.5807680286e-01,2.5695168106e+00,4.1909914012e+00,4.2631590021e-01,9.8249460543e-01,3.0390328110e-01,3.0739862184e-01,-2.5737113993e-02,5.6858852754e-01,3.1513389250e-01,392104,42,52,40,1.3445120083e-03,5.2831778076e-01,4.7673601115e-01,2.7296710737e-02,-3.5733128824e+00,-2.8518441583e+03,-5.5375844739e-02,-2.8518995341e+03,-2.5195987796e-05,447024,48,48,48,-1.5334144974e-04,9.9979555711e-01,5.5453480636e-01,6.5552973064e-02,-2.6570963744e+00,-1.4474329091e+00,-5.3886050462e-02,-1.5013189596e+00,4.7489358630e-05,2.7267770240e-02,6.5600462423e-02,6.4030843063e-06,2.4675962928e-03,0,0,0,2.3958248488e-04,3.1921888688e+00,3.1924284512e+00,9.3176175816e-07,2.8572417675e-04,2.8665593851e-04,4.7495061735e-03,2.3958248488e+00
192,1.9200000000e-02,1.0000000000e-04,-9.2365787348e-02,1.3380543430e-01,1.5015423827e+00,2.6362698987e-01,-2.1237317794e-01,2.1237317794e-01,1.4478042165e+00,3.3880303780e-01,1.2000739059e-01,1.2013836307e-01,1.9244997632e-01,1.2902597082e-01,0.0000000000e+00,0.0000000000e+00,0.0000000000e+00,0.0000000000e+00,2.2129224851e-05,3.2057438441e-05,3.5974325520e-04,6.3160409315e-05,2.2129224851e-05,2.3349071867e-05,1.5242609100e-04,2.7540017634e-05,-1.1477152484e+01,1.1477172878e+01,2.8806232491e+03,1.4972406811e+02,-1.1477625840e+01,1.1477625840e+01,2.8806267022e+03,1.4972341156e+02,4.7335615327e-04,3.1350513507e-03,3.7754661745e-01,2.7938625493e-02,0.0000000000e+00,0.0000000000e+00,0.0000000000e+00,0.0000000000e+00,5.4510806577e-06,5.4510903440e-06,1.3681537905e-03,7.1111538580e-05,5.7914142084e-06,6.0286432728e-06,1.3439128786e-03,7.0813532892e-05,1.0000000000e+00,4.1921888688e+00,2.0679115636e+00,4.1921888688e+00,1.0000000000e+00,1.0002857242e+00,1.0000955859e+00,1.0002857242e+00,1.9184428507e+03,1.9896521017e+03,1.9617909270e+00,nan,3.8031395189e+00,3.9443054214e+00,3.8890731614e-03,nan,8.8168165293e+00,2.5819627038e-01,2.5712958442e+00,4.1909914012e+00,4.2370798839e-01,9.8228202701e-01,3.0347598109e-01,3.0757133396e-01,-2.7320498101e-02,5.6864112759e-01,3.1515045779e-01,372918,40,44,54,1.3439128786e-03,5.2966229277e-01,4.7669332322e-01,2.7271514749e-02,-3.5742622525e+00,-2.8492771322e+03,-5.7986912807e-02,-2.8493351192e+03,-2.4707236490e-05,447024,48,48,48,-1.5242609100e-04,9.9977135475e-01,5.5438146491e-01,6.5600462423e-02,-2.6563213721e+00,-1.4478042165e+00,-5.3738166171e-02,-1.5015423827e+00,4.5683724368e-05,2.7243297844e-02,6.5646146147e-02,5.9997870285e-06,2.4856062558e-03,0,0,0,2.3958248488e-04,3.1921888688e+00,3.1924284512e+00,9.3176175816e-07,2.8572417675e-04,2.8665593851e-04,4.7495061735e-03,2.3958248488e+00
193,1.9300000000e-02,1.0000000000e-04,-9.2354007342e-02,1.3379339522e-01,1.5017579867e+00,2.6357245862e-01,-2.1237789255e-01,2.1237789255e-01,1.4481668524e+00,3.3876118742e-01,1.2002388521e-01,1.2015422069e-01,1.9245001769e-01,1.2903822478e-01,0.0000000000e+00,0.0000000000e+00,0.0000000000e+00,0.0000000000e+00,2.2126402568e-05,3.2054554089e-05,3.5979491014e-04,6.3147344582e-05,2.2126402568e-05,2.3342394279e-05,1.5152117894e-04,2.7513029466e-05,-1.1474437916e+01,1.1474458323e+01,2.8799112041e+03,1.4968427558e+02,-1.1474908499e+01,1.1474908499e+01,2.8799121978e+03,1.4968359460e+02,4.7058319436e-04,3.1373285948e-03,3.7753791743e-01,2.7943833909e-02,0.0000000000e+00,0.0000000000e+00,0.0000000000e+00,0.0000000000e+00,5.4497913721e-06,5.4498010644e-06,1.3678156043e-03,7.1092639094e-05,5.7919543263e-06,6.0304385554e-06,1.3432991139e-03,7.0792219184e-05,1.0000000000e+00,4.1921888688e+00,2.0679115636e+00,4.1921888688e+00,1.0000000000e+00,1.0002857242e+00,1.0000955859e+00,1.0002857242e+00,1.9176932833e+03,1.9886604869e+03,1.9617452986e+00,nan,3.8016535692e+00,3.9423396347e+00,3.8889827073e-03,nan,8.8654214762e+00,2.5834704372e-01,2.5730434110e+00,4.1909914012e+00,4.2113208016e-01,9.8207617287e-01,3.0141525770e-01,3.0616789542e-01,-2.8851474377e-02,5.6869277083e-01,3.1518850780e-01,372906,40,44,42,1.3432991139e-03,5.3100620565e-01,4.7665073262e-01,2.7246807512e-02,-3.5751940350e+00,-2.8466502189e+03,-6.0594294404e-02,-2.8467108132e+03,-2.4149195841e-05,447024,48,48,48,-1.5152117894e-04,9.9974573157e-01,5.5422903882e-01,6.5646146147e-02,-2.6555763290e+00,-1.4481668524e+00,-5.3591134249e-02,-1.5017579867e+00,4.3986698851e-05,2.7219391625e-02,6.5690132846e-02,5.5911611106e-06,2.5035598875e-03,0,0,0,2.3958248488e-04,3.1921888688e+00,3.1924284512e+00,9.3176175816e-07,2.8572417675e-04,2.8665593851e-04,4.7495061735e-03,2.3958248488e+00
194,1.9400000000e-02,1.0000000000e-04,-9.2343227651e-02,1.3378245494e-01,1.5019662211e+00,2.6352012092e-01,-2.1238360657e-01,2.1238360657e-01,1.4485212759e+00,3.3872150912e-01,1.2004037892e-01,1.2017008027e-01,1.9245005097e-01,1.2905048640e-01,0.0000000000e+00,0.0000000000e+00,0.0000000000e+00,0.0000000000e+00,2.2123819943e-05,3.2051932988e-05,3.5984479947e-04,6.3134805387e-05,2.2123819943e-05,2.3335933664e-05,1.5062650242e-04,2.7486536849e-05,-1.1471769387e+01,1.1471789811e+01,2.8791513045e+03,1.4964527850e+02,-1.1472237208e+01,1.1472237208e+01,2.8791498395e+03,1.4964457319e+02,4.6782141220e-04,3.1396897932e-03,3.7754380575e-01,2.7949042584e-02,0.0000000000e+00,0.0000000000e+00,0.0000000000e+00,0.0000000000e+00,5.4485239523e-06,5.4485336526e-06,1.3674546895e-03,7.1074117409e-05,5.7925072056e-06,6.0319944467e-06,1.3426561470e-03,7.0771308238e-05,1.0000000000e+00,4.1921888688e+00,2.0679115636e+00,4.1921888688e+00,1.0000000000e+00,1.0002857242e+00,1.0000955859e+00,1.0002857242e+00,1.9169214753e+03,1.9876476013e+03,1.9617755560e+00,nan,3.8001235297e+00,3.9403316807e+00,3.8890426898e-03,nan,8.9138108202e+00,2.5848524141e-01,2.5747626420e+00,4.1909914012e+00,4.1858740946e-01,9.8186518160e-01,2.9754430558e-01,3.0299624345e-01,-3.0324864594e-02,5.6873947652e-01,3.1522110958e-01,373674,40,52,42,1.3426561470e-03,5.3234950476e-01,4.7660824118e-01,2.7222658316e-02,-3.5761055662e+00,-2.8439670415e+03,-6.3197850347e-02,-2.8440302394e+03,-2.3525097724e-05,447024,48,48,48,-1.5062650242e-04,9.9971871952e-01,5.5407751764e-01,6.5690132846e-02,-2.6548594175e+00,-1.4485212759e+00,-5.3444945245e-02,-1.5019662211e+00,4.2406631313e-05,2.7196116357e-02,6.5732539478e-02,5.1790078781e-06,2.5214586681e-03,0,0,0,2.3958248488e-04,3.1921888688e+00,3.1924284512e+00,9.3176175816e-07,2.8572417675e-04,2.8665593851e-04,4.7495061735e-03,2.3958248488e+00
195,1.9500000000e-02,1.0000000000e-04,-9.2333492128e-02,1.3377267044e-01,1.5021675617e+00,2.6347016811e-01,-2.1239036375e-01,2.1239036375e-01,1.4488679718e+00,3.3868416323e-01,1.2005687162e-01,1.2018594168e-01,1.9245007400e-01,1.2906275559e-01,0.0000000000e+00,0.0000000000e+00,0.0000000000e+00,0.0000000000e+00,2.2121487482e-05,3.2049588794e-05,3.5989303715e-04,6.3122837569e-05,2.2121487482e-05,2.3329692396e-05,1.4974184136e-04,2.7460540904e-05,-1.1469160431e+01,1.1469180874e+01,2.8783469279e+03,1.4960725468e+02,-1.1469625501e+01,1.1469625501e+01,2.8783430050e+03,1.4960652514e+02,4.6507074509e-04,3.1420724581e-03,3.7754888732e-01,2.7954250558e-02,0.0000000000e+00,0.0000000000e+00,0.0000000000e+00,0.0000000000e+00,5.4472848270e-06,5.4472945364e-06,1.3670726503e-03,7.1056057968e-05,5.7928124296e-06,6.0335773724e-06,1.3419908835e-03,7.0750867404e-05,1.0000000000e+00,4.1921888688e+00,2.0679115636e+00,4.1921888688e+00,1.0000000000e+00,1.0002857242e+00,1.0000955859e+00,1.0002857242e+00,1.9161290666e+03,1.9866151099e+03,1.9618017258e+00,nan,3.7985526510e+00,3.9382848597e+00,3.8890945690e-03,nan,8.9620300600e+00,2.5862224285e-01,2.5764557097e+00,4.1909914012e+00,4.1607318258e-01,9.8165293786e-01,2.9166142097e-01,2.9783807460e-01,-3.1732432536e-02,5.6878251727e-01,3.1525107804e-01,410922,44,56,42,1.3419908835e-03,5.3369216091e-01,4.7656585103e-01,2.7199133219e-02,-3.5769942964e+00,-2.8412310993e+03,-6.5797413691e-02,-2.8412968967e+03,-2.2838530428e-05,447024,48,48,48,-1.4974184136e-04,9.9969028953e-01,5.5392689113e-01,6.5732539478e-02,-2.6541686810e+00,-1.4488679718e+00,-5.3299589898e-02,-1.5021675617e+00,4.0951108492e-05,2.7173533193e-02,6.5773490586e-02,4.7650939721e-06,2.5393205648e-03,0,0,0,2.3958248488e-04,3.1921888688e+00,3.1924284512e+00,9.3176175816e-07,2.8572417675e-04,2.8665593851e-04,4.7495061735e-03,2.3958248488e+00
196,1.9600000000e-02,1.0000000000e-04,-9.2324839279e-02,1.3376409394e-01,1.5023625074e+00,2.6342277821e-01,-2.1239820251e-01,2.1239820251e-01,1.4492074483e+00,3.3864929723e-01,1.2007336323e-01,1.2020180481e-01,1.9245008682e-01,1.2907503222e-01,0.0000000000e+00,0.0000000000e+00,0.0000000000e+00,0.0000000000e+00,2.2119414411e-05,3.2047534013e-05,3.5993974273e-04,6.3111483779e-05,2.2119414411e-05,2.3323671174e-05,1.4886696732e-04,2.7435041146e-05,-1.1466623947e+01,1.1466644412e+01,2.8777232569e+03,1.4957037225e+02,-1.1467086277e+01,1.1467086277e+01,2.8777660279e+03,1.4956961860e+02,4.6233009358e-04,3.1444215599e-03,3.7755005430e-01,2.7959457249e-02,0.0000000000e+00,0.0000000000e+00,0.0000000000e+00,0.0000000000e+00,5.4460801227e-06,5.4460898426e-06,1.3667764374e-03,7.1038540639e-05,5.7928973605e-06,6.0351805650e-06,1.3413143427e-03,7.0730969153e-05,1.0000000000e+00,4.1921888688e+00,2.0679115636e+00,4.1921888688e+00,1.0000000000e+00,1.0002857242e+00,1.0000955859e+00,1.0002857242e+00,1.9154653039e+03,1.9857516129e+03,1.9618076590e+00,nan,3.7972368015e+00,3.9365730550e+00,3.8891063311e-03,nan,9.0101542797e+00,2.5875774529e-01,2.5781251348e+00,4.1909914012e+00,4.1358858067e-01,9.8137069529e-01,2.8350014393e-01,2.9041466567e-01,-3.3060123040e-02,5.6882922938e-01,3.1527822065e-01,484456,52,54,40,1.3413143427e-03,5.3503415179e-01,4.7652356459e-01,2.7176294688e-02,-3.5778578045e+00,-2.8384457179e+03,-6.8392831401e-02,-2.8385141108e+03,-2.2093400298e-05,447024,48,48,48,-1.4886696732e-04,9.9966045883e-01,5.5377714929e-01,6.5773490586e-02,-2.6535020457e+00,-1.4492074483e+00,-5.3155059149e-02,-1.5023625074e+00,3.9626924003e-05,2.7151699348e-02,6.5813117510e-02,4.3512243561e-06,2.5571403427e-03,0,0,0,2.3958248488e-04,3.1921888688e+00,3.1924284512e+00,9.3176175816e-07,2.8572417675e-04,2.8665593851e-04,4.7495061735e-03,2.3958248488e+00
197,1.9700000000e-02,1.0000000000e-04,-9.2317302068e-02,1.3375677151e-01,1.5025515778e+00,2.6337811489e-01,-2.1240715569e-01,2.1240715569e-01,1.4495402337e+00,3.3861704493e-01,1.2008985362e-01,1.2021766953e-01,1.9245008943e-01,1.2908731617e-01,0.0000000000e+00,0.0000000000e+00,0.0000000000e+00,0.0000000000e+00,2.2117608627e-05,3.2045779689e-05,3.5998504068e-04,6.3100783229e-05,2.2117608627e-05,2.3317870167e-05,1.4800164412e-04,2.7410035489e-05,-1.1464172138e+01,1.1464192629e+01,2.8782895026e+03,1.4953478959e+02,-1.1464631737e+01,1.1464631737e+01,2.8783298069e+03,1.4953401192e+02,4.5959844239e-04,3.1467360714e-03,3.7754901953e-01,2.7964662216e-02,0.0000000000e+00,0.0000000000e+00,0.0000000000e+00,0.0000000000e+00,5.4449156345e-06,5.4449253667e-06,1.3670453762e-03,7.1021640632e-05,5.7931991214e-06,6.0366011375e-06,1.3406258579e-03,7.0711672655e-05,1.0000000000e+00,4.1921888688e+00,2.0679115636e+00,4.1921888688e+00,1.0000000000e+00,1.0002857242e+00,1.0000955859e+00,1.0002857242e+00,1.9156011315e+03,1.9856846606e+03,1.9618022556e+00,nan,3.7975060674e+00,3.9364403281e+00,3.8890956194e-03,nan,9.0581821968e+00,2.5888304096e-01,2.5797731157e+00,4.1909914012e+00,4.1113276218e-01,9.8067400045e-01,2.7279542316e-01,2.8043246029e-01,-3.4306351574e-02,5.6887341246e-01,3.1529713788e-01,484650,52,56,42,1.3406258579e-03,5.3637546613e-01,4.7648138459e-01,2.7154201288e-02,-3.5786938114e+00,-2.8356140230e+03,-7.0983972246e-02,-2.8356850070e+03,-2.1293898473e-05,447024,48,48,48,-1.4800164412e-04,9.9962925313e-01,5.5362828233e-01,6.5813117510e-02,-2.6528573338e+00,-1.4495402337e+00,-5.3011344140e-02,-1.5025515778e+00,3.8440047145e-05,2.7130664989e-02,6.5851557557e-02,3.9392262225e-06,2.5749118371e-03,0,0,0,2.3958248488e-04,3.1921888688e+00,3.1924284512e+00,9.3176175816e-07,2.8572417675e-04,2.8665593851e-04,4.7495061735e-03,2.3958248488e+00
198,1.9800000000e-02,1.0000000000e-04,-9.2310907743e-02,1.3375073573e-01,1.5027353100e+00,2.6333632648e-01,-2.1241725041e-01,2.1241725041e-01,1.4498668738e+00,3.3858752569e-01,1.2010634267e-01,1.2023353570e-01,1.9245008184e-01,1.2909960730e-01,0.0000000000e+00,0.0000000000e+00,0.0000000000e+00,0.0000000000e+00,2.2116076659e-05,3.2044333621e-05,3.6002905969e-04,6.3090771457e-05,2.2116076659e-05,2.3312296202e-05,1.4714562847e-04,2.7385520271e-05,-1.1461816447e+01,1.1461836960e+01,2.8788183416e+03,1.4950065451e+02,-1.1462273324e+01,1.1462273324e+01,2.8788561777e+03,1.4949985293e+02,4.5687646780e-04,3.1490166666e-03,3.7754981172e-01,2.7969865129e-02,0.0000000000e+00,0.0000000000e+00,0.0000000000e+00,0.0000000000e+00,5.4437967975e-06,5.4438065401e-06,1.3672965486e-03,7.1005428156e-05,5.7939046063e-06,6.0378314034e-06,1.3399205625e-03,7.0693007618e-05,1.0000000000e+00,4.1921888688e+00,2.0679115636e+00,4.1921888688e+00,1.0000000000e+00,1.0002857242e+00,1.0000955859e+00,1.0002857242e+00,1.9157188378e+03,1.9856003539e+03,1.9618064493e+00,nan,3.7977394095e+00,3.9362731978e+00,3.8891039329e-03,nan,9.1060847432e+00,2.5899771310e-01,2.5814009344e+00,4.1909914012e+00,4.0870486565e-01,9.7997801857e-01,2.5927745003e-01,2.6758262192e-01,-3.5464864971e-02,5.6891494497e-01,3.1529973739e-01,410922,44,56,42,1.3399205625e-03,5.3771609199e-01,4.7643931398e-01,2.7132907390e-02,-3.5795001913e+00,-2.8327389410e+03,-7.3570704148e-02,-2.8328125117e+03,-2.0444480963e-05,447024,48,48,48,-1.4714562847e-04,9.9959669606e-01,5.5348028068e-01,6.5851557557e-02,-2.6522322765e+00,-1.4498668738e+00,-5.2868436232e-02,-1.5027353100e+00,3.7395590728e-05,2.7110343684e-02,6.5888953148e-02,3.5309221040e-06,2.5926312605e-03,0,0,0,2.3958248488e-04,3.1921888688e+00,3.1924284512e+00,9.3176175816e-07,2.8572417675e-04,2.8665593851e-04,4.7495061735e-03,2.3958248488e+00
199,1.9900000000e-02,1.0000000000e-04,-9.2305677708e-02,1.3374602366e-01,1.5029142556e+00,2.6329754511e-01,-2.1242850795e-01,2.1242850795e-01,1.4501879286e+00,3.3856084373e-01,1.2012283024e-01,1.2024940316e-01,1.9245007428e-01,1.2911190548e-01,0.0000000000e+00,0.0000000000e+00,0.0000000000e+00,0.0000000000e+00,2.2114823634e-05,3.2043204691e-05,3.6007193193e-04,6.3081480122e-05,2.2114823634e-05,2.3306946272e-05,1.4629867073e-04,2.7361490279e-05,-1.1459567518e+01,1.1459588052e+01,2.8793123094e+03,1.4946810325e+02,-1.1460021683e+01,1.1460021683e+01,2.8793476758e+03,1.4946727785e+02,4.5416556056e-04,3.1512647422e-03,3.7754891553e-01,2.7975065917e-02,0.0000000000e+00,0.0000000000e+00,0.0000000000e+00,0.0000000000e+00,5.4427286671e-06,5.4427384199e-06,1.3675311589e-03,7.0989967914e-05,5.7942953399e-06,6.0390562092e-06,1.3391971883e-03,7.0675063945e-05,1.0000000000e+00,4.1921888688e+00,2.0679115636e+00,4.1921888688e+00,1.0000000000e+00,1.0002857242e+00,1.0000955859e+00,1.0002857242e+00,1.9158194146e+03,1.9854996852e+03,1.9618018696e+00,nan,3.7979387940e+00,3.9360736312e+00,3.8890948540e-03,nan,9.1538575271e+00,2.5910971513e-01,2.5830122272e+00,4.1909914012e+00,4.0630401250e-01,9.7928093233e-01,2.4273958204e-01,2.5161065554e-01,-3.6532532055e-02,5.6895603008e-01,3.1530909656e-01,520362,56,44,42,1.3391971883e-03,5.3905601255e-01,4.7639735598e-01,2.7112462909e-02,-3.5802749837e+00,-2.8298231920e+03,-7.6152886116e-02,-2.8298993449e+03,-1.9549844292e-05,447024,48,48,48,-1.4629867073e-04,9.9956280832e-01,5.5333313505e-01,6.5888953148e-02,-2.6516245281e+00,-1.4501879286e+00,-5.2726327007e-02,-1.5029142556e+00,3.6497785035e-05,2.7090920070e-02,6.5925450933e-02,3.1281313100e-06,2.6102897658e-03,0,0,0,2.3958248488e-04,3.1921888688e+00,3.1924284512e+00,9.3176175816e-07,2.8572417675e-04,2.8665593851e-04,4.7495061735e-03,2.3958248488e+00
200,2.0000000000e-02,1.0000000000e-04,-9.2301627420e-02,1.3374267307e-01,1.5030889779e+00,2.6326188598e-01,-2.1244094360e-01,2.1244094360e-01,1.4505039697e+00,3.3853708755e-01,1.2013931618e-01,1.2026527529e-01,1.9245008708e-01,1.2912421054e-01,0.0000000000e+00,0.0000000000e+00,0.0000000000e+00,0.0000000000e+00,2.2113853256e-05,3.2042401948e-05,3.6011379233e-04,6.3072936817e-05,2.2113853256e-05,2.3301811755e-05,1.4546051566e-04,2.7337938788e-05,-1.1457435110e+01,1.1457455658e+01,2.8797737152e+03,1.4943725891e+02,-1.1457886574e+01,1.1457886574e+01,2.8798066105e+03,1.4943640979e+02,4.5146427651e-04,3.1534788945e-03,3.7755005214e-01,2.7980264913e-02,0.0000000000e+00,0.0000000000e+00,0.0000000000e+00,0.0000000000e+00,5.4417158787e-06,5.4417256378e-06,1.3677503039e-03,7.0975318375e-05,5.7952723551e-06,6.0401362558e-06,1.3384759494e-03,7.0657893247e-05,1.0000000000e+00,4.1921888688e+00,2.0679115636e+00,4.1921888688e+00,1.0000000000e+00,1.0002857242e+00,1.0000955859e+00,1.0002857242e+00,1.9159036873e+03,1.9853834741e+03,1.9618076451e+00,nan,3.7981058570e+00,3.9358432532e+00,3.8891063036e-03,nan,9.2016444694e+00,2.5921315987e-01,2.5846093882e+00,4.1909914012e+00,4.0392931000e-01,9.7859671145e-01,2.2301757630e-01,2.3229653660e-01,-3.7496686993e-02,5.6899572985e-01,3.1530256782e-01,502696,54,52,40,1.3384759494e-03,5.4039520974e-01,4.7635551405e-01,2.7092913064e-02,-3.5810164032e+00,-2.8268692709e+03,-7.8730375233e-02,-2.8269480012e+03,-1.8614943175e-05,447024,48,48,48,-1.4546051566e-04,9.9952758621e-01,5.5318683638e-01,6.5925450933e-02,-2.6510316797e+00,-1.4505039697e+00,-5.2585008275e-02,-1.5030889779e+00,3.5749964891e-05,2.7071747279e-02,6.5961200898e-02,2.7327011636e-06,2.6279044222e-03,0,0,0,2.3958248488e-04,3.1921888688e+00,3.1924284512e+00,9.3176175816e-07,2.8572417675e-04,2.8665593851e-04,4.7495061735e-03,2.3958248488e+00
201,2.0100000000e-02,1.0000000000e-04,-9.2298766323e-02,1.3374069149e-01,1.5032600484e+00,2.6322944661e-01,-2.1245456666e-01,2.1245456666e-01,1.4508155763e+00,3.3851632944e-01,1.2015580034e-01,1.2028114869e-01,1.9245008928e-01,1.2913652233e-01,0.0000000000e+00,0.0000000000e+00,0.0000000000e+00,0.0000000000e+00,2.2113167787e-05,3.2041927196e-05,3.6015477782e-04,6.3065164914e-05,2.2113167787e-05,2.3296889457e-05,1.4463090323e-04,2.7314857612e-05,-1.1455428000e+01,1.1455448560e+01,2.8802046183e+03,1.4940823375e+02,-1.1455876775e+01,1.1455876775e+01,2.8802350412e+03,1.4940736099e+02,4.4877467666e-04,3.1556612126e-03,3.7754784726e-01,2.7985461768e-02,0.0000000000e+00,0.0000000000e+00,0.0000000000e+00,0.0000000000e+00,5.4407626005e-06,5.4407723657e-06,1.3679549616e-03,7.0961532855e-05,5.7961862983e-06,6.0422549060e-06,1.3377653118e-03,7.0641555330e-05,1.0000000000e+00,4.1921888688e+00,2.0679115636e+00,4.1921888688e+00,1.0000000000e+00,1.0002857242e+00,1.0000955859e+00,1.0002857242e+00,1.9159723039e+03,1.9852523561e+03,1.9617961659e+00,nan,3.7982418832e+00,3.9355833236e+00,3.8890835470e-03,nan,9.2495122544e+00,2.5935886922e-01,2.5861952617e+00,4.1909914012e+00,4.0157985439e-01,9.7793081601e-01,2.0010732441e-01,2.0958103575e-01,-3.8346869092e-02,5.6903853492e-01,3.1531595574e-01,410728,44,54,40,1.3377653118e-03,5.4173368569e-01,4.7631379183e-01,2.7074298121e-02,-3.5817228504e+00,-2.8238793926e+03,-8.1303067954e-02,-2.8239606957e+03,-1.7644916713e-05,447024,48,48,48,-1.4463090323e-04,9.9949105323e-01,5.5304137587e-01,6.5961200898e-02,-2.6504512742e+00,-1.4508155763e+00,-5.2444472081e-02,-1.5032600484e+00,3.5154574684e-05,2.7053297766e-02,6.5996355473e-02,2.3463706346e-06,2.6454834567e-03,0,0,0,2.3958248488e-04,3.1921888688e+00,3.1924284512e+00,9.3176175816e-07,2.8572417675e-04,2.8665593851e-04,4.7495061735e-03,2.3958248488e+00
202,2.0200000000e-02,1.0000000000e-04,-9.2297097820e-02,1.3374009394e-01,1.5034280438e+00,2.6320030638e-01,-2.1246938036e-01,2.1246938036e-01,1.4511233330e+00,3.3849862507e-01,1.2017228254e-01,1.2029702288e-01,1.9245008972e-01,1.2914884068e-01,0.0000000000e+00,0.0000000000e+00,0.0000000000e+00,0.0000000000e+00,2.2112768043e-05,3.2041784035e-05,3.6019502657e-04,6.3058183424e-05,2.2112768043e-05,2.3292175258e-05,1.4380956949e-04,2.7292237160e-05,-1.1453554015e+01,1.1453574584e+01,2.8806068154e+03,1.4938112502e+02,-1.1454000111e+01,1.1454000111e+01,2.8806347647e+03,1.4938022873e+02,4.4609628321e-04,3.1578112746e-03,3.7754176252e-01,2.7990656919e-02,0.0000000000e+00,0.0000000000e+00,0.0000000000e+00,0.0000000000e+00,5.4398725501e-06,5.4398823196e-06,1.3681459853e-03,7.0948657548e-05,5.7974433017e-06,6.0442712239e-06,1.3370525009e-03,7.0626089567e-05,1.0000000000e+00,4.1921888688e+00,2.0679115636e+00,4.1921888688e+00,1.0000000000e+00,1.0002857242e+00,1.0000955859e+00,1.0002857242e+00,1.9160257302e+03,1.9851067784e+03,1.9617645441e+00,nan,3.7983477961e+00,3.9352947289e+00,3.8890208597e-03,nan,9.2973819867e+00,2.5949792825e-01,2.5877720889e+00,4.1909914012e+00,3.9925473391e-01,9.7727326997e-01,1.7416208439e-01,1.8357352328e-01,-3.9090359856e-02,5.6907960326e-01,3.1532373601e-01,372906,40,44,42,1.3370525009e-03,5.4307145100e-01,4.7627219316e-01,2.7056653204e-02,-3.5823929207e+00,-2.8208554989e+03,-8.3870877310e-02,-2.8209393698e+03,-1.6645048475e-05,447024,48,48,48,-1.4380956949e-04,9.9945324167e-01,5.5289674496e-01,6.5996355473e-02,-2.6498808199e+00,-1.4511233330e+00,-5.2304710708e-02,-1.5034280438e+00,3.4713141021e-05,2.7035783570e-02,6.6031068614e-02,1.9709337542e-06,2.6630046399e-03,0,0,0,2.3958248488e-04,3.1921888688e+00,3.1924284512e+00,9.3176175816e-07,2.8572417675e-04,2.8665593851e-04,4.7495061735e-03,2.3958248488e+00
203,2.0300000000e-02,1.0000000000e-04,-9.2296619281e-02,1.3374088652e-01,1.5035935427e+00,2.6317452601e-01,-2.1248538189e-01,2.1248538189e-01,1.4514278260e+00,3.3848401320e-01,1.2018876261e-01,1.2031289767e-01,1.9245008554e-01,1.2916116541e-01,0.0000000000e+00,0.0000000000e+00,0.0000000000e+00,0.0000000000e+00,2.2112653394e-05,3.2041973922e-05,3.6023467722e-04,6.3052006899e-05,2.2112653394e-05,2.3287664139e-05,1.4299624741e-04,2.7270066507e-05,-1.1451819971e+01,1.1451840543e+01,2.8809818539e+03,1.4935601828e+02,-1.1452263401e+01,1.1452263401e+01,2.8810073284e+03,1.4935509854e+02,4.4343016006e-04,3.1599302093e-03,3.7753185719e-01,2.7995850100e-02,0.0000000000e+00,0.0000000000e+00,0.0000000000e+00,0.0000000000e+00,5.4390489650e-06,5.4390587356e-06,1.3683241101e-03,7.0936733086e-05,5.7991707933e-06,6.0465542676e-06,1.3363359043e-03,7.0611547879e-05,1.0000000000e+00,4.1921888688e+00,2.0679115636e+00,4.1921888688e+00,1.0000000000e+00,1.0002857242e+00,1.0000955859e+00,1.0002857242e+00,1.9160642634e+03,1.9849470134e+03,1.9617131171e+00,nan,3.7984241846e+00,3.9349780092e+00,3.8889189103e-03,nan,9.3452515606e+00,2.5964623294e-01,2.5893427088e+00,4.1909914012e+00,3.9695303216e-01,9.7662234733e-01,1.4554808962e-01,1.5461668713e-01,-3.9721853287e-02,5.6912140465e-01,3.1533974030e-01,373868,40,54,44,1.3363359043e-03,5.4440850350e-01,4.7623072203e-01,2.7040008156e-02,-3.5830254102e+00,-2.8177992898e+03,-8.6433692111e-02,-2.8178857235e+03,-1.5620797056e-05,447024,48,48,48,-1.4299624741e-04,9.9941413874e-01,5.5275293539e-01,6.6031068614e-02,-2.6493178058e+00,-1.4514278260e+00,-5.2165716687e-02,-1.5035935427e+00,3.4426288218e-05,2.7019314203e-02,6.6065494902e-02,1.6080535785e-06,2.6804639632e-03,0,0,0,2.3958248488e-04,3.1921888688e+00,3.1924284512e+00,9.3176175816e-07,2.8572417675e-04,2.8665593851e-04,4.7495061735e-03,2.3958248488e+00
204,2.0400000000e-02,1.0000000000e-04,-9.2297322082e-02,1.3374306605e-01,1.5037571228e+00,2.6315214728e-01,-2.1250256245e-01,2.1250256245e-01,1.4517296400e+00,3.3847251555e-01,1.2020524037e-01,1.2032877287e-01,1.9245007151e-01,1.2917349636e-01,0.0000000000e+00,0.0000000000e+00,0.0000000000e+00,0.0000000000e+00,2.2112821772e-05,3.2042496099e-05,3.6027386815e-04,6.3046645348e-05,2.2112821772e-05,2.3283350220e-05,1.4219066785e-04,2.7248333467e-05,-1.1450231578e+01,1.1450252157e+01,2.8813310011e+03,1.4933298335e+02,-1.1450672356e+01,1.1450672356e+01,2.8813540000e+03,1.4933204024e+02,4.4077788622e-04,3.1620196774e-03,3.7751818943e-01,2.8001041527e-02,0.0000000000e+00,0.0000000000e+00,0.0000000000e+00,0.0000000000e+00,5.4382945569e-06,5.4383043306e-06,1.3684899378e-03,7.0925792631e-05,5.8014138798e-06,6.0484174462e-06,1.3356121844e-03,7.0597850516e-05,1.0000000000e+00,4.1921888688e+00,2.0679115636e+00,4.1921888688e+00,1.0000000000e+00,1.0002857242e+00,1.0000955859e+00,1.0002857242e+00,1.9160880154e+03,1.9847731427e+03,1.9616422403e+00,nan,3.7984712707e+00,3.9346333263e+00,3.8887784035e-03,nan,9.3931071892e+00,2.5977436190e-01,2.5909052604e+00,4.1909914012e+00,3.9467383127e-01,9.7597515888e-01,1.1481418983e-01,1.2326451728e-01,-4.0233817736e-02,5.6916490386e-01,3.1533072846e-01,392104,42,52,40,1.3356121844e-03,5.4574483941e-01,4.7618938259e-01,2.7024387359e-02,-3.5836193239e+00,-2.8147121950e+03,-8.8991398463e-02,-2.8148011864e+03,-1.4577725067e-05,447024,48,48,48,-1.4219066785e-04,9.9937374675e-01,5.5260993915e-01,6.6065494902e-02,-2.6487597158e+00,-1.4517296400e+00,-5.2027482790e-02,-1.5037571228e+00,3.4293739387e-05,2.7003912970e-02,6.6099788641e-02,1.2593683959e-06,2.6978577682e-03,0,0,0,2.3958248488e-04,3.1921888688e+00,3.1924284512e+00,9.3176175816e-07,2.8572417675e-04,2.8665593851e-04,4.7495061735e-03,2.3958248488e+00
205,2.0500000000e-02,1.0000000000e-04,-9.2299191684e-02,1.3374660957e-01,1.5039193572e+00,2.6313319282e-01,-2.1252090732e-01,2.1252090732e-01,1.4520293552e+00,3.3846413665e-01,1.2022171563e-01,1.2034464829e-01,1.9245008270e-01,1.2918583333e-01,0.0000000000e+00,0.0000000000e+00,0.0000000000e+00,0.0000000000e+00,2.2113269696e-05,3.2043345066e-05,3.6031273667e-04,6.3042104191e-05,2.2113269696e-05,2.3279226798e-05,1.4139256045e-04,2.7227024674e-05,-1.1448793503e+01,1.1448814096e+01,2.8816552496e+03,1.4931207628e+02,-1.1449231644e+01,1.1449231644e+01,2.8816757721e+03,1.4931110990e+02,4.3814119179e-04,3.1640814977e-03,3.7752156658e-01,2.8006231274e-02,0.0000000000e+00,0.0000000000e+00,0.0000000000e+00,0.0000000000e+00,5.4376115420e-06,5.4376213229e-06,1.3686439398e-03,7.0915862806e-05,5.8035132829e-06,6.0512858389e-06,1.3349285219e-03,7.0585162323e-05,1.0000000000e+00,4.1921888688e+00,2.0679115636e+00,4.1921888688e+00,1.0000000000e+00,1.0002857242e+00,1.0000955859e+00,1.0002857242e+00,1.9160969208e+03,1.9845850649e+03,1.9616596744e+00,nan,3.7984889250e+00,3.9342604790e+00,3.8888129650e-03,nan,9.4412925101e+00,2.5994359226e-01,2.5924669760e+00,4.1909914012e+00,3.9241621530e-01,9.7536582243e-01,8.2679145019e-02,9.0275253254e-02,-4.0638732302e-02,5.6920356000e-01,3.1534232467e-01,373674,40,52,42,1.3349285219e-03,5.4708045159e-01,4.7614817908e-01,2.7009809634e-02,-3.5841738805e+00,-2.8115953721e+03,-9.1543876500e-02,-2.8116869160e+03,-1.3521535807e-05,447024,48,48,48,-1.4139256045e-04,9.9933204102e-01,5.5246774848e-01,6.6099788641e-02,-2.6482040431e+00,-1.4520293552e+00,-5.1890002043e-02,-1.5039193572e+00,3.4314329338e-05,2.6989597404e-02,6.6134102971e-02,9.2637821693e-07,2.7151150980e-03,0,0,0,2.3958248488e-04,3.1921888688e+00,3.1924284512e+00,9.3176175816e-07,2.8572417675e-04,2.8665593851e-04,4.7495061735e-03,2.3958248488e+00
206,2.0600000000e-02,1.0000000000e-04,-9.2302207752e-02,1.3375150071e-01,1.5040808116e+00,2.6311766600e-01,-2.1254039596e-01,2.1254039596e-01,1.4523275439e+00,3.3845886392e-01,1.2023818820e-01,1.2036052375e-01,1.9245008958e-01,1.2919817615e-01,0.0000000000e+00,0.0000000000e+00,0.0000000000e+00,0.0000000000e+00,2.2113992293e-05,3.2044516896e-05,3.6035141831e-04,6.3038384237e-05,2.2113992293e-05,2.3275286392e-05,1.4060165459e-04,2.7206125675e-05,-1.1447509402e+01,1.1447530020e+01,2.8819552994e+03,1.4929333571e+02,-1.1447944921e+01,1.1447944921e+01,2.8819733448e+03,1.4929234614e+02,4.3551921850e-04,3.1661149153e-03,3.7753523177e-01,2.8011420743e-02,0.0000000000e+00,0.0000000000e+00,0.0000000000e+00,0.0000000000e+00,5.4370016577e-06,5.4370114499e-06,1.3687864486e-03,7.0906961962e-05,5.8054717009e-06,6.0548425294e-06,1.3342333402e-03,7.0573533190e-05,1.0000000000e+00,4.1921888688e+00,2.0679115636e+00,4.1921888688e+00,1.0000000000e+00,1.0002857242e+00,1.0000955859e+00,1.0002857242e+00,1.9160907294e+03,1.9843824879e+03,1.9617306107e+00,nan,3.7984766511e+00,3.9338588886e+00,3.8889535898e-03,nan,9.4894568918e+00,2.6014040933e-01,2.5940309926e+00,4.1909914012e+00,3.9017927348e-01,9.7475639207e-01,4.9952446862e-02,5.6518277003e-02,-4.0933549385e-02,5.6923971496e-01,3.1538255412e-01,409386,44,40,42,1.3342333402e-03,5.4841538011e-01,4.7610711585e-01,2.6996288098e-02,-3.5846885184e+00,-2.8084495895e+03,-9.4091096756e-02,-2.8085436806e+03,-1.2457916323e-05,447024,48,48,48,-1.4060165459e-04,9.9928900172e-01,5.5232635592e-01,6.6134102971e-02,-2.6476483049e+00,-1.4523275439e+00,-5.1753267722e-02,-1.5040808116e+00,3.4486023837e-05,2.6976379190e-02,6.6168588994e-02,6.1064331755e-07,2.7322149008e-03,0,0,0,2.3958248488e-04,3.1921888688e+00,3.1924284512e+00,9.3176175816e-07,2.8572417675e-04,2.8665593851e-04,4.7495061735e-03,2.3958248488e+00
207,2.0700000000e-02,1.0000000000e-04,-9.2306344290e-02,1.3375771321e-01,1.5042420409e+00,2.6310555100e-01,-2.1256100218e-01,2.1256100218e-01,1.4526247676e+00,3.3845666782e-01,1.2025465789e-01,1.2037639905e-01,1.9245008973e-01,1.2921052463e-01,0.0000000000e+00,0.0000000000e+00,0.0000000000e+00,0.0000000000e+00,2.2114983335e-05,3.2046005302e-05,3.6039004603e-04,6.3035481695e-05,2.2114983335e-05,2.3271520797e-05,1.3981768039e-04,2.7185621022e-05,-1.1446381675e+01,1.1446402320e+01,2.8822315856e+03,1.4927678880e+02,-1.1446814586e+01,1.1446814586e+01,2.8822471533e+03,1.4927577612e+02,4.3291108365e-04,3.1681190990e-03,3.7754444020e-01,2.8016609549e-02,0.0000000000e+00,0.0000000000e+00,0.0000000000e+00,0.0000000000e+00,5.4364660428e-06,5.4364758484e-06,1.3689176709e-03,7.0899102998e-05,5.8067344860e-06,6.0585900850e-06,1.3335155335e-03,7.0562777157e-05,1.0000000000e+00,4.1921888688e+00,2.0679115636e+00,4.1921888688e+00,1.0000000000e+00,1.0002857242e+00,1.0000955859e+00,1.0002857242e+00,1.9160690282e+03,1.9841649527e+03,1.9617784576e+00,nan,3.7984336304e+00,3.9334276447e+00,3.8890484419e-03,nan,9.5375315180e+00,2.6034353912e-01,2.5955918793e+00,4.1909914012e+00,3.8796210363e-01,9.7413859270e-01,1.7406636780e-02,2.2848425936e-02,-4.1236956930e-02,5.6921822339e-01,3.1540924629e-01,373674,40,52,42,1.3335155335e-03,5.4974961345e-01,4.7606619729e-01,2.6983830182e-02,-3.5851628961e+00,-2.8052754354e+03,-9.6632931451e-02,-2.8053720683e+03,-1.1392645205e-05,447024,48,48,48,-1.3981768039e-04,9.9924463290e-01,5.5218575426e-01,6.6168588994e-02,-2.6470900560e+00,-1.4526247676e+00,-5.1617273353e-02,-1.5042420409e+00,3.4805941564e-05,2.6964264118e-02,6.6203394936e-02,3.1355970776e-07,2.7491838233e-03,0,0,0,2.3958248488e-04,3.1921888688e+00,3.1924284512e+00,9.3176175816e-07,2.8572417675e-04,2.8665593851e-04,4.7495061735e-03,2.3958248488e+00
208,2.0800000000e-02,1.0000000000e-04,-9.2311569831e-02,1.3376521762e-01,1.5044035867e+00,2.6309681293e-01,-2.1258269434e-01,2.1258269434e-01,1.4529215740e+00,3.3845750204e-01,1.2027112451e-01,1.2039227509e-01,1.9245008533e-01,1.2922287859e-01,0.0000000000e+00,0.0000000000e+00,0.0000000000e+00,0.0000000000e+00,2.2116235283e-05,3.2047803228e-05,3.6042874956e-04,6.3033388207e-05,2.2116235283e-05,2.3267921134e-05,1.3904036961e-04,2.7165494376e-05,-1.1445411484e+01,1.1445432162e+01,2.8824842449e+03,1.4926244793e+02,-1.1445841798e+01,1.1445841798e+01,2.8824973344e+03,1.4926141222e+02,4.3031372526e-04,3.1700932018e-03,3.7754925444e-01,2.8021796879e-02,0.0000000000e+00,0.0000000000e+00,0.0000000000e+00,0.0000000000e+00,5.4360052501e-06,5.4360150712e-06,1.3690376716e-03,7.0892291793e-05,5.8076537145e-06,6.0626565987e-06,1.3327721884e-03,7.0553043465e-05,1.0000000000e+00,4.1921888688e+00,2.0679115636e+00,4.1921888688e+00,1.0000000000e+00,1.0002857242e+00,1.0000955859e+00,1.0002857242e+00,1.9160312235e+03,1.9839318144e+03,1.9618035180e+00,nan,3.7983586860e+00,3.9329654690e+00,3.8890981219e-03,nan,9.5855052185e+00,2.6055858467e-01,2.5971566168e+00,4.1909914012e+00,3.8576381539e-01,9.7351023723e-01,-1.4272781472e-02,-9.9846717317e-03,-4.1371909018e-02,5.6920508615e-01,3.1544390352e-01,392104,42,52,40,1.3327721884e-03,5.5108312899e-01,4.7602542785e-01,2.6972437536e-02,-3.5855968965e+00,-2.8020732355e+03,-9.9169232189e-02,-2.8021724047e+03,-1.0331511666e-05,447024,48,48,48,-1.3904036961e-04,9.9919895971e-01,5.5204593658e-01,6.6203394936e-02,-2.6465269023e+00,-1.4529215740e+00,-5.1482012717e-02,-1.5044035867e+00,3.5270126055e-05,2.6953252059e-02,6.6238665062e-02,3.6315578689e-08,2.7660081946e-03,0,0,0,2.3958248488e-04,3.1921888688e+00,3.1924284512e+00,9.3176175816e-07,2.8572417675e-04,2.8665593851e-04,4.7495061735e-03,2.3958248488e+00
209,2.0900000000e-02,1.0000000000e-04,-9.2317847642e-02,1.3377397890e-01,1.5045659728e+00,2.6309139814e-01,-2.1260543549e-01,2.1260543549e-01,1.4532184929e+00,3.3846130389e-01,1.2028758784e-01,1.2040815828e-01,1.9245007116e-01,1.2923523783e-01,0.0000000000e+00,0.0000000000e+00,0.0000000000e+00,0.0000000000e+00,2.2117739337e-05,3.2049902276e-05,3.6046765442e-04,6.3032090917e-05,2.2117739337e-05,2.3264477910e-05,1.3826945690e-04,2.7145728608e-05,-1.1444599083e+01,1.1444619796e+01,2.8827131379e+03,1.4925031148e+02,-1.1445026809e+01,1.1445026809e+01,2.8827237485e+03,1.4924925280e+02,4.2772551806e-04,3.1720363422e-03,3.7755005939e-01,2.8026982621e-02,0.0000000000e+00,0.0000000000e+00,0.0000000000e+00,0.0000000000e+00,5.4356193999e-06,5.4356292373e-06,1.3691463845e-03,7.0886527576e-05,5.8089729619e-06,6.0665612189e-06,1.3320130662e-03,7.0544345680e-05,1.0000000000e+00,4.1921888688e+00,2.0679115636e+00,4.1921888688e+00,1.0000000000e+00,1.0002857242e+00,1.0000955859e+00,1.0002857242e+00,1.9159765608e+03,1.9836822629e+03,1.9618078451e+00,nan,3.7982503221e+00,3.9324707557e+00,3.8891067001e-03,nan,9.6334584370e+00,2.6076498439e-01,2.5987272878e+00,4.1909914012e+00,3.8358353435e-01,9.7287848929e-01,-4.4519673911e-02,-4.1366022688e-02,-4.1198818921e-02,5.6926720162e-01,3.1550126876e-01,372906,40,44,42,1.3320130662e-03,5.5241590118e-01,4.7598481198e-01,2.6962106025e-02,-3.5859906273e+00,-2.7988430368e+03,-1.0169984569e-01,-2.7989447366e+03,-9.2803020821e-06,447024,48,48,48,-1.3826945690e-04,9.9914418523e-01,5.5190689621e-01,6.6238665062e-02,-2.6459565187e+00,-1.4532184929e+00,-5.1347479840e-02,-1.5045659728e+00,3.5874126599e-05,2.6943336975e-02,6.6274539189e-02,-2.1990505777e-07,2.7825931655e-03,0,0,0,2.3958248488e-04,3.1921888688e+00,3.1924284512e+00,9.3176175816e-07,2.8572417675e-04,2.8665593851e-04,4.7495061735e-03,2.3958248488e+00
210,2.1000000000e-02,1.0000000000e-04,-9.2325135973e-02,1.3378394713e-01,1.5047297039e+00,2.6308923459e-01,-2.1262918369e-01,2.1262918369e-01,1.4535160349e+00,3.3846799475e-01,1.2030404772e-01,1.2042404071e-01,1.9245008415e-01,1.2924760218e-01,0.0000000000e+00,0.0000000000e+00,0.0000000000e+00,0.0000000000e+00,2.2119485493e-05,3.2052290491e-05,3.6050688154e-04,6.3031572568e-05,2.2119485493e-05,2.3261181081e-05,1.3750468041e-04,2.7126305910e-05,-1.1443943407e+01,1.1443964163e+01,2.8829177894e+03,1.4924036044e+02,-1.1444368555e+01,1.1444368555e+01,2.8829259204e+03,1.4923927888e+02,4.2514773667e-04,3.1739485398e-03,3.7754723357e-01,2.8032166704e-02,0.0000000000e+00,0.0000000000e+00,0.0000000000e+00,0.0000000000e+00,5.4353079860e-06,5.4353178439e-06,1.3692435839e-03,7.0881801323e-05,5.8100495961e-06,6.0706829568e-06,1.3321655343e-03,7.0536770039e-05,1.0000000000e+00,4.1921888688e+00,2.0679115636e+00,4.1921888688e+00,1.0000000000e+00,1.0002857242e+00,1.0000955859e+00,1.0002857242e+00,1.9159040869e+03,1.9834152848e+03,1.9617930293e+00,nan,3.7981066492e+00,3.9319414959e+00,3.8890773291e-03,nan,9.6881468343e+00,2.6097913669e-01,2.6003087289e+00,4.1909914012e+00,3.8142040404e-01,9.7292077901e-01,-7.2985342157e-02,-7.0888276402e-02,-4.0918589605e-02,5.6932936256e-01,3.1555463835e-01,512118,55,54,54,1.3321655343e-03,4.8388662123e-01,4.7317754361e-01,2.6956096839e-02,-3.5862197031e+00,-2.8825545705e+03,3.1578519460e-02,-2.8825229919e+03,-8.1308289752e-06,447024,48,48,48,-1.3750468041e-04,9.9907600241e-01,5.5176862676e-01,6.6274539189e-02,-2.6453766567e+00,-1.4535160349e+00,-5.1213669001e-02,-1.5047297039e+00,3.6612913938e-05,2.6934506946e-02,6.6311152103e-02,-4.5399526506e-07,2.7989009661e-03,0,0,0,2.3958248488e-04,3.1921888688e+00,3.1924284512e+00,9.3176175816e-07,2.8572417675e-04,2.8665593851e-04,4.7495061735e-03,2.3958248488e+00
211,2.1100000000e-02,1.0000000000e-04,-9.2333388319e-02,1.3379507343e-01,1.5048952635e+00,2.6309023237e-01,-2.1265389225e-01,2.1265389225e-01,1.4538146888e+00,3.3847748060e-01,1.2032050393e-01,1.2043992218e-01,1.9245008972e-01,1.2925997144e-01,0.0000000000e+00,0.0000000000e+00,0.0000000000e+00,0.0000000000e+00,2.2121462611e-05,3.2054956158e-05,3.6054654672e-04,6.3031811620e-05,2.2121462611e-05,2.3258020118e-05,1.3674578262e-04,2.7107207902e-05,-1.1443441983e+01,1.1443462787e+01,2.8834371181e+03,1.4923255810e+02,-1.1443864562e+01,1.1443864562e+01,2.8834660907e+03,1.4923145375e+02,4.2257909165e-04,3.1758279252e-03,3.7754253168e-01,2.8037348785e-02,0.0000000000e+00,0.0000000000e+00,0.0000000000e+00,0.0000000000e+00,5.4350698344e-06,5.4350797155e-06,1.3694902393e-03,7.0878095600e-05,5.8108615912e-06,6.0747460464e-06,1.3329905101e-03,7.0530260873e-05,1.0000000000e+00,4.1921888688e+00,2.0679115636e+00,4.1921888688e+00,1.0000000000e+00,1.0002857242e+00,1.0000955859e+00,1.0002857242e+00,1.9160384035e+03,1.9833793900e+03,1.9617685408e+00,nan,3.7983729196e+00,3.9318703376e+00,3.8890287827e-03,nan,9.7479460396e+00,2.6118930225e-01,2.6019006136e+00,4.1909914012e+00,3.7927358856e-01,9.7334794496e-01,-9.9469752403e-02,-9.8324810007e-02,-4.0506528397e-02,5.6940526356e-01,3.1560606144e-01,391145,42,42,41,1.3329905101e-03,4.8521878676e-01,4.7314029197e-01,2.6947966010e-02,-3.5865297369e+00,-2.8834660907e+03,2.8972554984e-02,-2.8834371181e+03,-7.1329667913e-06,447024,48,48,48,-1.3674578262e-04,9.9899726262e-01,5.5163112208e-01,6.6311152103e-02,-2.6447851537e+00,-1.4538146888e+00,-5.1080574720e-02,-1.5048952635e+00,3.7480494285e-05,2.6926744210e-02,6.6348632597e-02,-6.6503599412e-07,2.8149536211e-03,0,0,0,2.3958248488e-04,3.1921888688e+00,3.1924284512e+00,9.3176175816e-07,2.8572417675e-04,2.8665593851e-04,4.7495061735e-03,2.3958248488e+00
212,2.1200000000e-02,1.0000000000e-04,-9.2342553720e-02,1.3380730602e-01,1.5050631103e+00,2.6309428434e-01,-2.1267951002e-01,2.1267951002e-01,1.4541149185e+00,3.3848965267e-01,1.2033695630e-01,1.2045580252e-01,1.9245008973e-01,1.2927234544e-01,0.0000000000e+00,0.0000000000e+00,0.0000000000e+00,0.0000000000e+00,2.2123658481e-05,3.2057886871e-05,3.6058675987e-04,6.3032782401e-05,2.2123658481e-05,2.3254984074e-05,1.3599251155e-04,2.7088415748e-05,-1.1443091275e+01,1.1443112124e+01,2.8843173869e+03,1.4922685411e+02,-1.1443511293e+01,1.1443511293e+01,2.8843437506e+03,1.4922572701e+02,4.2001820605e-04,3.1776727958e-03,3.7754828623e-01,2.8042528361e-02,0.0000000000e+00,0.0000000000e+00,0.0000000000e+00,0.0000000000e+00,5.4349032654e-06,5.4349131676e-06,1.3699083235e-03,7.0875386483e-05,5.8114174467e-06,6.0783733107e-06,1.3338126237e-03,7.0524626741e-05,1.0000000000e+00,4.1921888688e+00,2.0679115636e+00,4.1921888688e+00,1.0000000000e+00,1.0002857242e+00,1.0000955859e+00,1.0002857242e+00,1.9164095958e+03,1.9835734534e+03,1.9617984422e+00,nan,3.7991087748e+00,3.9322550507e+00,3.8890880596e-03,nan,9.8079858114e+00,2.6137937964e-01,2.6034976500e+00,4.1909914012e+00,3.7714227665e-01,9.7365101067e-01,-1.2385429146e-01,-1.2356163402e-01,-3.9983997828e-02,5.6946436953e-01,3.1564609179e-01,502903,54,54,55,1.3338126237e-03,4.8655177727e-01,4.7310319313e-01,2.6940833043e-02,-3.5868017965e+00,-2.8843437506e+03,2.6363740498e-02,-2.8843173869e+03,-6.1625534014e-06,447024,48,48,48,-1.3599251155e-04,9.9890989118e-01,5.5149437629e-01,6.6348632597e-02,-2.6441799486e+00,-1.4541149185e+00,-5.0948191761e-02,-1.5050631103e+00,3.8470138096e-05,2.6920025264e-02,6.6387102735e-02,-8.5225096478e-07,2.8307521435e-03,0,0,0,2.3958248488e-04,3.1921888688e+00,3.1924284512e+00,9.3176175816e-07,2.8572417675e-04,2.8665593851e-04,4.7495061735e-03,2.3958248488e+00
213,2.1300000000e-02,1.0000000000e-04,-9.2352577083e-02,1.3382057305e-01,1.5052336755e+00,2.6310126683e-01,-2.1270598172e-01,2.1270598172e-01,1.4544171604e+00,3.3850438820e-01,1.2035340463e-01,1.2047168155e-01,1.9245008541e-01,1.2928472401e-01,0.0000000000e+00,0.0000000000e+00,0.0000000000e+00,0.0000000000e+00,2.2126059903e-05,3.2061065420e-05,3.6062762431e-04,6.3034455282e-05,2.2126059903e-05,2.3252061651e-05,1.3524462176e-04,2.7069910265e-05,-1.1442886657e+01,1.1442907545e+01,2.8851623280e+03,1.4922318373e+02,-1.1443304121e+01,1.1443304121e+01,2.8851860802e+03,1.4922203397e+02,4.1746374822e-04,3.1794838701e-03,3.7755005427e-01,2.8047704956e-02,0.0000000000e+00,0.0000000000e+00,0.0000000000e+00,0.0000000000e+00,5.4348060820e-06,5.4348160029e-06,1.3703096289e-03,7.0873643236e-05,5.8126372624e-06,6.0808101537e-06,1.3346346765e-03,7.0519730103e-05,1.0000000000e+00,4.1921888688e+00,2.0679115636e+00,4.1921888688e+00,1.0000000000e+00,1.0002857242e+00,1.0000955859e+00,1.0002857242e+00,1.9167537738e+03,1.9837404005e+03,1.9618076732e+00,nan,3.7997910767e+00,3.9325860082e+00,3.8891063592e-03,nan,9.8683012987e+00,2.6151703212e-01,2.6050965597e+00,4.1909914012e+00,3.7502568478e-01,9.7396577272e-01,-1.4617342071e-01,-1.4662176119e-01,-3.9526252962e-02,5.6941938996e-01,3.1563790349e-01,502889,54,54,41,1.3346346765e-03,4.8788558990e-01,4.7306625137e-01,2.6934670489e-02,-3.5870368998e+00,-2.8851860802e+03,2.3752190936e-02,-2.8851623280e+03,-5.2249184815e-06,447024,48,48,48,-1.3524462176e-04,9.9881525149e-01,5.5135838378e-01,6.6387102735e-02,-2.6435590937e+00,-1.4544171604e+00,-5.0816515119e-02,-1.5052336755e+00,3.9574760396e-05,2.6914321034e-02,6.6426677495e-02,-1.0150542941e-06,2.8464357080e-03,0,0,0,2.3958248488e-04,3.1921888688e+00,3.1924284512e+00,9.3176175816e-07,2.8572417675e-04,2.8665593851e-04,4.7495061735e-03,2.3958248488e+00
214,2.1400000000e-02,1.0000000000e-04,-9.2363399525e-02,1.3383480418e-01,1.5054073618e+00,2.6311104050e-01,-2.1273324829e-01,2.1273324829e-01,1.4547218218e+00,3.3852155122e-01,1.2036984876e-01,1.2048755910e-01,1.9245008319e-01,1.2929710697e-01,0.0000000000e+00,0.0000000000e+00,0.0000000000e+00,0.0000000000e+00,2.2128652770e-05,3.2064474949e-05,3.6066923651e-04,6.3036796884e-05,2.2128652770e-05,2.3249241277e-05,1.3450187494e-04,2.7051672037e-05,-1.1442822838e+01,1.1442843769e+01,2.8859701955e+03,1.4922147290e+02,-1.1443237756e+01,1.1443237756e+01,2.8859913335e+03,1.4922030054e+02,4.1491803988e-04,3.1814605135e-03,3.7754788615e-01,2.8052878218e-02,0.0000000000e+00,0.0000000000e+00,0.0000000000e+00,0.0000000000e+00,5.4347757712e-06,5.4347857125e-06,1.3706933260e-03,7.0872830676e-05,5.8146437425e-06,6.0843405654e-06,1.3354476897e-03,7.0515649163e-05,1.0000000000e+00,4.1921888688e+00,2.0679115636e+00,4.1921888688e+00,1.0000000000e+00,1.0002857242e+00,1.0000955859e+00,1.0002857242e+00,1.9170692722e+03,1.9838784916e+03,1.9617964299e+00,nan,3.8004165236e+00,3.9328597613e+00,3.8890840704e-03,nan,9.9288406971e+00,2.6170060747e-01,2.6067020577e+00,4.1909914012e+00,3.7292305892e-01,9.7428627133e-01,-1.6656308511e-01,-1.6766369837e-01,-3.8894177542e-02,5.6942255229e-01,3.1565960186e-01,391145,42,42,41,1.3354476897e-03,4.8922022457e-01,4.7302947081e-01,2.6929445571e-02,-3.5872362730e+00,-2.8859913335e+03,2.1138016163e-02,-2.8859701955e+03,-4.3252007104e-06,447024,48,48,48,-1.3450187494e-04,9.9871476105e-01,5.5122313916e-01,6.6426677495e-02,-2.6429207604e+00,-1.4547218218e+00,-5.0685540025e-02,-1.5054073618e+00,4.0786157322e-05,2.6909596988e-02,6.6467463653e-02,-1.1530986751e-06,2.8620541438e-03,0,0,0,2.3958248488e-04,3.1921888688e+00,3.1924284512e+00,9.3176175816e-07,2.8572417675e-04,2.8665593851e-04,4.7495061735e-03,2.3958248488e+00
215,2.1500000000e-02,1.0000000000e-04,-9.2374958739e-02,1.3384993884e-01,1.5055845393e+00,2.6312345132e-01,-2.1276124725e-01,2.1276124725e-01,1.4550292774e+00,3.3854099349e-01,1.2038628851e-01,1.2050343501e-01,1.9245008966e-01,1.2930949416e-01,0.0000000000e+00,0.0000000000e+00,0.0000000000e+00,0.0000000000e+00,2.2131422156e-05,3.2068100948e-05,3.6071168513e-04,6.3039770298e-05,2.2131422156e-05,2.3246511169e-05,1.3376404130e-04,2.7033681520e-05,-1.1442893768e+01,1.1442914753e+01,2.8867389707e+03,1.4922163216e+02,-1.1443306152e+01,1.1443306152e+01,2.8867574921e+03,1.4922043727e+02,4.1238398600e-04,3.1834831380e-03,3.7755005902e-01,2.8058049631e-02,0.0000000000e+00,0.0000000000e+00,0.0000000000e+00,0.0000000000e+00,5.4348094592e-06,5.4348194263e-06,1.3710584563e-03,7.0872906319e-05,5.8165098865e-06,6.0885234847e-06,1.3362438093e-03,7.0512555113e-05,1.0000000000e+00,4.1921888688e+00,2.0679115636e+00,4.1921888688e+00,1.0000000000e+00,1.0002857242e+00,1.0000955859e+00,1.0002857242e+00,1.9173542869e+03,1.9839858461e+03,1.9618076546e+00,nan,3.8009815395e+00,3.9330725821e+00,3.8891063222e-03,nan,9.9895591994e+00,2.6191127953e-01,2.6083223278e+00,4.1909914012e+00,3.7083367911e-01,9.7460746708e-01,-1.8511714660e-01,-1.8680057840e-01,-3.8173340541e-02,5.6942799684e-01,3.1569169947e-01,502998,54,55,54,1.3362438093e-03,4.9055567226e-01,4.7299285546e-01,2.6925120370e-02,-3.5874013431e+00,-2.8867574921e+03,1.8521344050e-02,-2.8867389707e+03,-3.4682914331e-06,447024,48,48,48,-1.3376404130e-04,9.9860976796e-01,5.5108863729e-01,6.6467463653e-02,-2.6422632570e+00,-1.4550292774e+00,-5.0555261928e-02,-1.5055845393e+00,4.2095657721e-05,2.6905813273e-02,6.6509559310e-02,-1.2657833257e-06,2.8776184085e-03,0,0,0,2.3958248488e-04,3.1921888688e+00,3.1924284512e+00,9.3176175816e-07,2.8572417675e-04,2.8665593851e-04,4.7495061735e-03,2.3958248488e+00
216,2.1600000000e-02,1.0000000000e-04,-9.2387189370e-02,1.3386589352e-01,1.5057655438e+00,2.6313833153e-01,-2.1278991309e-01,2.1278991309e-01,1.4553398673e+00,3.3856255547e-01,1.2040272372e-01,1.2051930913e-01,1.9245008885e-01,1.2932188542e-01,0.0000000000e+00,0.0000000000e+00,0.0000000000e+00,0.0000000000e+00,2.2134352401e-05,3.2071923410e-05,3.6075505064e-04,6.3043335335e-05,2.2134352401e-05,2.3243859412e-05,1.3303090016e-04,2.7015919158e-05,-1.1443091370e+01,1.1443112413e+01,2.8874663794e+03,1.4922355053e+02,-1.1443501231e+01,1.1443501231e+01,2.8874822817e+03,1.4922233318e+02,4.0986072609e-04,3.1854749248e-03,3.7754688781e-01,2.8063219100e-02,0.0000000000e+00,0.0000000000e+00,0.0000000000e+00,0.0000000000e+00,5.4349033107e-06,5.4349133051e-06,1.3714039395e-03,7.0873817447e-05,5.8183759076e-06,6.0924636976e-06,1.3370344515e-03,7.0510387081e-05,1.0000000000e+00,4.1921888688e+00,2.0679115636e+00,4.1921888688e+00,1.0000000000e+00,1.0002857242e+00,1.0000955859e+00,1.0002857242e+00,1.9176068885e+03,1.9840604566e+03,1.9617911848e+00,nan,3.8014822995e+00,3.9332204906e+00,3.8890736724e-03,nan,1.0050555547e+01,2.6211067575e-01,2.6099569913e+00,4.1909914012e+00,3.6875686126e-01,9.7493846488e-01,-2.0197410364e-01,-2.0418731533e-01,-3.7360356582e-02,5.6943374823e-01,3.1571829459e-01,391145,42,42,41,1.3370344515e-03,4.9189191607e-01,4.7295640914e-01,2.6921652079e-02,-3.5875337281e+00,-2.8874822817e+03,1.5902318302e-02,-2.8874663794e+03,-2.6588796043e-06,447024,48,48,48,-1.3303090016e-04,9.9850128658e-01,5.5095487324e-01,6.6509559310e-02,-2.6415850363e+00,-1.4553398673e+00,-5.0425676495e-02,-1.5057655438e+00,4.3494171266e-05,2.6902924909e-02,6.6553053482e-02,-1.3528558352e-06,2.8931084650e-03,0,0,0,2.3958248488e-04,3.1921888688e+00,3.1924284512e+00,9.3176175816e-07,2.8572417675e-04,2.8665593851e-04,4.7495061735e-03,2.3958248488e+00
217,2.1700000000e-02,1.0000000000e-04,-9.2400023405e-02,1.3388257744e-01,1.5059506756e+00,2.6315550075e-01,-2.1281917764e-01,2.1281917764e-01,1.4556538960e+00,3.3858606731e-01,1.2041915424e-01,1.2053518452e-01,1.9245008973e-01,1.2933428059e-01,0.0000000000e+00,0.0000000000e+00,0.0000000000e+00,0.0000000000e+00,2.2137427211e-05,3.2075920586e-05,3.6079940498e-04,6.3047448781e-05,2.2137427211e-05,2.3241274031e-05,1.3230224062e-04,2.6998365486e-05,-1.1443406639e+01,1.1443427738e+01,2.8881499107e+03,1.4922710766e+02,-1.1443813987e+01,1.1443813987e+01,2.8881631918e+03,1.4922586791e+02,4.0734796782e-04,3.1874349681e-03,3.7753752241e-01,2.8068385671e-02,0.0000000000e+00,0.0000000000e+00,0.0000000000e+00,0.0000000000e+00,5.4350530478e-06,5.4350630687e-06,1.3717285831e-03,7.0875506911e-05,5.8206642780e-06,6.0958678152e-06,1.3378227138e-03,7.0509036520e-05,1.0000000000e+00,4.1921888688e+00,2.0679115636e+00,4.1921888688e+00,1.0000000000e+00,1.0002857242e+00,1.0000955859e+00,1.0002857242e+00,1.9178250373e+03,1.9841002038e+03,1.9617425117e+00,nan,3.8019147597e+00,3.9332992858e+00,3.8889771825e-03,nan,1.0111867399e+01,2.6228630182e-01,2.6116038971e+00,4.1909914012e+00,3.6669195901e-01,9.7528237753e-01,-2.1729739982e-01,-2.2000125516e-01,-3.6456059275e-02,5.6944001619e-01,3.1573984968e-01,501737,54,42,41,1.3378227138e-03,4.9322895052e-01,4.7292013545e-01,2.6918993199e-02,-3.5876352291e+00,-2.8881631918e+03,1.3281060675e-02,-2.8881499107e+03,-1.9013923071e-06,447024,48,48,48,-1.3230224062e-04,9.9839000676e-01,5.5082184234e-01,6.6553053482e-02,-2.6408847022e+00,-1.4556538960e+00,-5.0296779599e-02,-1.5059506756e+00,4.4972158756e-05,2.6900882030e-02,6.6598025640e-02,-1.4142714170e-06,2.9085043457e-03,0,0,0,2.3958248488e-04,3.1921888688e+00,3.1924284512e+00,9.3176175816e-07,2.8572417675e-04,2.8665593851e-04,4.7495061735e-03,2.3958248488e+00
218,2.1800000000e-02,1.0000000000e-04,-9.2413390579e-02,1.3389991101e-01,1.5061401979e+00,2.6317476721e-01,-2.1284897050e-01,2.1284897050e-01,1.4559716305e+00,3.3861134998e-01,1.2043557992e-01,1.2055107289e-01,1.9245008516e-01,1.2934667955e-01,0.0000000000e+00,0.0000000000e+00,0.0000000000e+00,0.0000000000e+00,2.2140629751e-05,3.2080073406e-05,3.6084481118e-04,6.3052064686e-05,2.2140629751e-05,2.3238743057e-05,1.3157786229e-04,2.6981001234e-05,-1.1443829754e+01,1.1443850911e+01,2.8887868262e+03,1.4923217170e+02,-1.1444234602e+01,1.1444234602e+01,2.8887974839e+03,1.4923090962e+02,4.0484711047e-04,3.1893643373e-03,3.7752189912e-01,2.8073548733e-02,0.0000000000e+00,0.0000000000e+00,0.0000000000e+00,0.0000000000e+00,5.4352540067e-06,5.4352640550e-06,1.3720310865e-03,7.0877912078e-05,5.8230380975e-06,6.0997154497e-06,1.3385946312e-03,7.0508420553e-05,1.0000000000e+00,4.1921888688e+00,2.0679115636e+00,4.1921888688e+00,1.0000000000e+00,1.0002857242e+00,1.0000955859e+00,1.0002857242e+00,1.9180065908e+03,1.9841028652e+03,1.9616613773e+00,nan,3.8022746731e+00,3.9333045619e+00,3.8888163408e-03,nan,1.0173403093e+01,2.6248043772e-01,2.6132618261e+00,4.1909914012e+00,3.6463836589e-01,9.7562995793e-01,-2.3124586773e-01,-2.3441914380e-01,-3.5476877639e-02,5.6944375162e-01,3.1576985237e-01,502889,54,54,41,1.3385946312e-03,4.9456677324e-01,4.7288403782e-01,2.6917091807e-02,-3.5877078194e+00,-2.8887974839e+03,1.0657687264e-02,-2.8887868262e+03,-1.1999509627e-06,447024,48,48,48,-1.3157786229e-04,9.9827642503e-01,5.5068954010e-01,6.6598025640e-02,-2.6401610167e+00,-1.4559716305e+00,-5.0168567310e-02,-1.5061401979e+00,4.6519665959e-05,2.6899596490e-02,6.6644545306e-02,-1.4501286150e-06,2.9238085145e-03,0,0,0,2.3958248488e-04,3.1921888688e+00,3.1924284512e+00,9.3176175816e-07,2.8572417675e-04,2.8665593851e-04,4.7495061735e-03,2.3958248488e+00
219,2.1900000000e-02,1.0000000000e-04,-9.2427218789e-02,1.3391782546e-01,1.5063343352e+00,2.6319592895e-01,-2.1287921941e-01,2.1287921941e-01,1.4562932994e+00,3.3863821641e-01,1.2045200063e-01,1.2056695897e-01,1.9245007092e-01,1.2935908214e-01,0.0000000000e+00,0.0000000000e+00,0.0000000000e+00,0.0000000000e+00,2.2143942748e-05,3.2084365394e-05,3.6089132310e-04,6.3057134668e-05,2.2143942748e-05,2.3236254602e-05,1.3085757596e-04,2.6963807423e-05,-1.1444350099e+01,1.1444371320e+01,2.8893741722e+03,1.4923859938e+02,-1.1444752458e+01,1.1444752458e+01,2.8893822045e+03,1.4923731502e+02,4.0235826891e-04,3.1912631003e-03,3.7749995414e-01,2.8078708024e-02,0.0000000000e+00,0.0000000000e+00,0.0000000000e+00,0.0000000000e+00,5.4355011449e-06,5.4355112236e-06,1.3723100468e-03,7.0880964907e-05,5.8252466359e-06,6.1032953853e-06,1.3393643731e-03,7.0508450417e-05,1.0000000000e+00,4.1921888688e+00,2.0679115636e+00,4.1921888688e+00,1.0000000000e+00,1.0002857242e+00,1.0000955859e+00,1.0002857242e+00,1.9181493142e+03,1.9840661258e+03,1.9615474930e+00,nan,3.8025576094e+00,3.9332317293e+00,3.8885905755e-03,nan,1.0235283386e+01,2.6266261452e-01,2.6149293129e+00,4.1909914012e+00,3.6259551721e-01,9.7599254356e-01,-2.4398120880e-01,-2.4760029498e-01,-3.4521946362e-02,5.6941322016e-01,3.1578884764e-01,502889,54,54,41,1.3393643731e-03,4.9590536787e-01,4.7284811941e-01,2.6915891856e-02,-3.5877536331e+00,-2.8893822045e+03,8.0323419547e-03,-2.8893741722e+03,-5.5837070992e-07,447024,48,48,48,-1.3085757596e-04,9.9816091608e-01,5.5055796224e-01,6.6644545306e-02,-2.6394129063e+00,-1.4562932994e+00,-5.0041035887e-02,-1.5063343352e+00,4.8126341686e-05,2.6899048475e-02,6.6692671648e-02,-1.4606372710e-06,2.9390090341e-03,0,0,0,2.3958248488e-04,3.1921888688e+00,3.1924284512e+00,9.3176175816e-07,2.8572417675e-04,2.8665593851e-04,4.7495061735e-03,2.3958248488e+00
220,2.2000000000e-02,1.0000000000e-04,-9.2441434514e-02,1.3393622720e-01,1.5065332729e+00,2.6321877517e-01,-2.1290985076e-01,2.1290985076e-01,1.4566190912e+00,3.3866647267e-01,1.2046841624e-01,1.2058284265e-01,1.9245008053e-01,1.2937148825e-01,0.0000000000e+00,0.0000000000e+00,0.0000000000e+00,0.0000000000e+00,2.2147348587e-05,3.2088774128e-05,3.6093898508e-04,6.3062608222e-05,2.2147348587e-05,2.3233796920e-05,1.3014120427e-04,2.6946765458e-05,-1.1444956359e+01,1.1444977647e+01,2.8899088045e+03,1.4924623862e+02,-1.1445356240e+01,1.1445356240e+01,2.8899142097e+03,1.4924493205e+02,3.9988058869e-04,3.1931314674e-03,3.7749581934e-01,2.8083863192e-02,0.0000000000e+00,0.0000000000e+00,0.0000000000e+00,0.0000000000e+00,5.4357890883e-06,5.4357991991e-06,1.3725639708e-03,7.0884593171e-05,5.8274685882e-06,6.1067071066e-06,1.3401252506e-03,7.0509064789e-05,1.0000000000e+00,4.1921888688e+00,2.0679115636e+00,4.1921888688e+00,1.0000000000e+00,1.0002857242e+00,1.0000955859e+00,1.0002857242e+00,1.9182508986e+03,1.9839875965e+03,1.9615259100e+00,nan,3.8027589912e+00,3.9330760520e+00,3.8885477891e-03,nan,1.0297470798e+01,2.6283724213e-01,2.6166058743e+00,4.1909914012e+00,3.6056289192e-01,9.7636633270e-01,-2.5307897734e-01,-2.5707216655e-01,-3.3501049452e-02,5.6937718887e-01,3.1579940370e-01,512118,55,54,54,1.3401252506e-03,4.9724473224e-01,4.7281238314e-01,2.6915333485e-02,-3.5877749521e+00,-2.8899142097e+03,5.4051412509e-03,-2.8899088045e+03,1.9887552119e-08,447024,48,48,48,-1.3014120427e-04,9.9804452829e-01,5.5042710467e-01,6.6692671648e-02,-2.6386394681e+00,-1.4566190912e+00,-4.9914181763e-02,-1.5065332729e+00,4.9781279245e-05,2.6899177120e-02,6.6742452927e-02,-1.4461446428e-06,2.9539180187e-03,0,0,0,2.3958248488e-04,3.1921888688e+00,3.1924284512e+00,9.3176175816e-07,2.8572417675e-04,2.8665593851e-04,4.7495061735e-03,2.3958248488e+00
221,2.2100000000e-02,1.0000000000e-04,-9.2455963238e-02,1.3395502510e-01,1.5067371546e+00,2.6324308757e-01,-2.1294078990e-01,2.1294078990e-01,1.4569491530e+00,3.3869591922e-01,1.2048482666e-01,1.2059872383e-01,1.9245008909e-01,1.2938389777e-01,0.0000000000e+00,0.0000000000e+00,0.0000000000e+00,0.0000000000e+00,2.2150829415e-05,3.2093277776e-05,3.6098783156e-04,6.3068433048e-05,2.2150829415e-05,2.3231364307e-05,1.2942858244e-04,2.6929857216e-05,-1.1445636561e+01,1.1445657918e+01,2.8903874024e+03,1.4925492909e+02,-1.1446033975e+01,1.1446033975e+01,2.8903901786e+03,1.4925360037e+02,3.9741394016e-04,3.1949688785e-03,3.7751976996e-01,2.8089013818e-02,0.0000000000e+00,0.0000000000e+00,0.0000000000e+00,0.0000000000e+00,5.4361121505e-06,5.4361222942e-06,1.3727912812e-03,7.0888720716e-05,5.8298348659e-06,6.1104122374e-06,1.3408708442e-03,7.0510201471e-05,1.0000000000e+00,4.1921888688e+00,2.0679115636e+00,4.1921888688e+00,1.0000000000e+00,1.0002857242e+00,1.0000955859e+00,1.0002857242e+00,1.9183089722e+03,1.9838648264e+03,1.9616502738e+00,nan,3.8028741169e+00,3.9328326714e+00,3.8887943291e-03,nan,1.0359928378e+01,2.6302425276e-01,2.6182909514e+00,4.1909914012e+00,3.5854001473e-01,9.7674778580e-01,-2.4690053864e-01,-2.5087541838e-01,-3.2358507236e-02,5.6935798206e-01,3.1582545131e-01,502998,54,55,54,1.3408708442e-03,4.9858485749e-01,4.7277683163e-01,2.6915353373e-02,-3.5877741928e+00,-2.8903901786e+03,2.7762151705e-03,-2.8903874024e+03,5.3174284080e-07,447024,48,48,48,-1.2942858244e-04,9.9793486490e-01,5.5029696346e-01,6.6742452927e-02,-2.6378399785e+00,-1.4569491530e+00,-4.9788001541e-02,-1.5067371546e+00,5.1474002951e-05,2.6899916300e-02,6.6793926930e-02,-1.4071604265e-06,2.9685781717e-03,0,0,0,2.3958248488e-04,3.1921888688e+00,3.1924284512e+00,9.3176175816e-07,2.8572417675e-04,2.8665593851e-04,4.7495061735e-03,2.3958248488e+00
222,2.2200000000e-02,1.0000000000e-04,-9.2470729867e-02,1.3397412440e-01,1.5069460844e+00,2.6326864177e-01,-2.1297196165e-01,2.1297196165e-01,1.4572835924e+00,3.3872635209e-01,1.2050123178e-01,1.2061460242e-01,1.9245008968e-01,1.2939631058e-01,0.0000000000e+00,0.0000000000e+00,0.0000000000e+00,0.0000000000e+00,2.2154367241e-05,3.2097853633e-05,3.6103788749e-04,6.3074555387e-05,2.2154367240e-05,2.3228946032e-05,1.2871955817e-04,2.6913065128e-05,-1.1446377935e+01,1.1446399370e+01,2.8908064908e+03,1.4926449985e+02,-1.1446772894e+01,1.1446772894e+01,2.8908066365e+03,1.4926314903e+02,3.9495875537e-04,3.1967755162e-03,3.7753682234e-01,2.8094159739e-02,0.0000000000e+00,0.0000000000e+00,0.0000000000e+00,0.0000000000e+00,5.4364642666e-06,5.4364744472e-06,1.3729903274e-03,7.0893266353e-05,5.8321354406e-06,6.1146149037e-06,1.3416057953e-03,7.0511789626e-05,1.0000000000e+00,4.1921888688e+00,2.0679115636e+00,4.1921888688e+00,1.0000000000e+00,1.0002857242e+00,1.0000955859e+00,1.0002857242e+00,1.9183211136e+03,1.9836953161e+03,1.9617388745e+00,nan,3.8028981861e+00,3.9324966325e+00,3.8889699720e-03,nan,1.0422703546e+01,2.6323255886e-01,2.6199836135e+00,4.1909914012e+00,3.5652645506e-01,9.7714147617e-01,-2.3921275812e-01,-2.4319850963e-01,-3.1123263140e-02,5.6934784003e-01,3.1586129923e-01,502889,54,54,41,1.3416057953e-03,4.9992572834e-01,4.7274146723e-01,2.6915885116e-02,-3.5877538904e+00,-2.8908066365e+03,1.4570671610e-04,-2.8908064908e+03,9.7451769785e-07,447024,48,48,48,-1.2871955817e-04,9.9782849579e-01,5.5016753488e-01,6.6793926930e-02,-2.6370138857e+00,-1.4572835924e+00,-4.9662491973e-02,-1.5069460844e+00,5.3193416750e-05,2.6901196659e-02,6.6847120347e-02,-1.3443137088e-06,2.9830186615e-03,0,0,0,2.3958248488e-04,3.1921888688e+00,3.1924284512e+00,9.3176175816e-07,2.8572417675e-04,2.8665593851e-04,4.7495061735e-03,2.3958248488e+00
223,2.2300000000e-02,1.0000000000e-04,-9.2485659157e-02,1.3399344779e-01,1.5071601251e+00,2.6329520871e-01,-2.1300329068e-01,2.1300329068e-01,1.4576224751e+00,3.3875756423e-01,1.2051763153e-01,1.2063047835e-01,1.9245008591e-01,1.2940872660e-01,0.0000000000e+00,0.0000000000e+00,0.0000000000e+00,0.0000000000e+00,2.2157944037e-05,3.2102483179e-05,3.6108916789e-04,6.3080920361e-05,2.2157944037e-05,2.3226525270e-05,1.2801399254e-04,2.6896372253e-05,-1.1447167238e+01,1.1447188753e+01,2.8920138533e+03,1.4927477386e+02,-1.1447559753e+01,1.1447559753e+01,2.8920412080e+03,1.4927340100e+02,3.9251466443e-04,3.1986857103e-03,3.7754693118e-01,2.8099300780e-02,0.0000000000e+00,0.0000000000e+00,0.0000000000e+00,0.0000000000e+00,5.4368391467e-06,5.4368493653e-06,1.3735637650e-03,7.0898145998e-05,5.8344547123e-06,6.1182388347e-06,1.3423111065e-03,7.0513730282e-05,1.0000000000e+00,4.1921888688e+00,2.0679115636e+00,4.1921888688e+00,1.0000000000e+00,1.0002857242e+00,1.0000955859e+00,1.0002857242e+00,1.9188497659e+03,1.9840811028e+03,1.9617914400e+00,nan,3.8039461916e+00,3.9332614199e+00,3.8890741784e-03,nan,1.0485659261e+01,2.6341601956e-01,2.6216818245e+00,4.1909914012e+00,3.5452182986e-01,9.7724702754e-01,-2.3299772340e-01,-2.3710095226e-01,-2.9814907360e-02,5.6934076811e-01,3.1588504274e-01,392297,42,54,41,1.3423111065e-03,5.0126733413e-01,4.7270629200e-01,2.6916859633e-02,-3.5877166835e+00,-2.8911599778e+03,-2.4862498305e-03,-2.8911624641e+03,1.3459742270e-06,447024,48,48,48,-1.2801399254e-04,9.9772351649e-01,5.5003881532e-01,6.6847120347e-02,-2.6361608193e+00,-1.4576224751e+00,-4.9537649957e-02,-1.5071601251e+00,5.4928262474e-05,2.6902946025e-02,6.6902048609e-02,-1.2583523505e-06,2.9972812457e-03,0,0,0,2.3958248488e-04,3.1921888688e+00,3.1924284512e+00,9.3176175816e-07,2.8572417675e-04,2.8665593851e-04,4.7495061735e-03,2.3958248488e+00
224,2.2400000000e-02,1.0000000000e-04,-9.2500676121e-02,1.3401290780e-01,1.5073792977e+00,2.6332255611e-01,-2.1303470194e-01,2.1303470194e-01,1.4579658252e+00,3.3878934671e-01,1.2053402582e-01,1.2064635155e-01,1.9245008703e-01,1.2942114574e-01,0.0000000000e+00,0.0000000000e+00,0.0000000000e+00,0.0000000000e+00,2.2161541838e-05,3.2107145458e-05,3.6114167781e-04,6.3087472319e-05,2.2161541838e-05,2.3224091373e-05,1.2731176039e-04,2.6879762346e-05,-1.1447990827e+01,1.1448012425e+01,2.8932239186e+03,1.4928556900e+02,-1.1448380909e+01,1.1448380909e+01,2.8932487094e+03,1.4928417416e+02,3.9008164628e-04,3.2005945285e-03,3.7755004871e-01,2.8104436718e-02,0.0000000000e+00,0.0000000000e+00,0.0000000000e+00,0.0000000000e+00,5.4372303108e-06,5.4372405685e-06,1.3741384863e-03,7.0903273159e-05,5.8366939590e-06,6.1218867718e-06,1.3429976843e-03,7.0515916804e-05,1.0000000000e+00,4.1921888688e+00,2.0679115636e+00,4.1921888688e+00,1.0000000000e+00,1.0002857242e+00,1.0000955859e+00,1.0002857242e+00,1.9193735266e+03,1.9844420626e+03,1.9618076278e+00,nan,3.8049844997e+00,3.9339769900e+00,3.8891062693e-03,nan,1.0548889436e+01,2.6360070125e-01,2.6233831943e+00,4.1909914012e+00,3.5252580416e-01,9.7733794495e-01,-2.2834977136e-01,-2.3268437050e-01,-2.8448998328e-02,5.6933726280e-01,3.1591535306e-01,502903,54,54,55,1.3429976843e-03,5.0260964524e-01,4.7267130765e-01,2.6918205607e-02,-3.5876652967e+00,-2.8914464915e+03,-5.1194825478e-03,-2.8914516109e+03,1.6442917024e-06,447024,48,48,48,-1.2731176039e-04,9.9761883982e-01,5.4991080133e-01,6.6902048609e-02,-2.6352805921e+00,-1.4579658252e+00,-4.9413472518e-02,-1.5073792977e+00,5.6667207743e-05,2.6905089854e-02,6.6958715817e-02,-1.1501331063e-06,3.0113945101e-03,0,0,0,2.3958248488e-04,3.1921888688e+00,3.1924284512e+00,9.3176175816e-07,2.8572417675e-04,2.8665593851e-04,4.7495061735e-03,2.3958248488e+00
225,2.2500000000e-02,1.0000000000e-04,-9.2515706436e-02,1.3403241868e-01,1.5076035819e+00,2.6335044993e-01,-2.1306612105e-01,2.1306612105e-01,1.4583136251e+00,3.3882149001e-01,1.2055041462e-01,1.2066222198e-01,1.9245008930e-01,1.2943356792e-01,0.0000000000e+00,0.0000000000e+00,0.0000000000e+00,0.0000000000e+00,2.2165142839e-05,3.2111819921e-05,3.6119541237e-04,6.3094155189e-05,2.2165142839e-05,2.3221634124e-05,1.2661275047e-04,2.6863219919e-05,-1.1448834511e+01,1.1448856196e+01,2.8943679889e+03,1.4929669729e+02,-1.1449222170e+01,1.1449222170e+01,2.8943902133e+03,1.4929528053e+02,3.8765933639e-04,3.2027265511e-03,3.7754612514e-01,2.8109567142e-02,0.0000000000e+00,0.0000000000e+00,0.0000000000e+00,0.0000000000e+00,5.4376310189e-06,5.4376413181e-06,1.3746818632e-03,7.0908558548e-05,5.8386284819e-06,6.1258795927e-06,1.3436574478e-03,7.0518262145e-05,1.0000000000e+00,4.1921888688e+00,2.0679115636e+00,4.1921888688e+00,1.0000000000e+00,1.0002857242e+00,1.0000955859e+00,1.0002857242e+00,1.9198468508e+03,1.9847515400e+03,1.9617872172e+00,nan,3.8059228222e+00,3.9345905010e+00,3.8890658070e-03,nan,1.0612339143e+01,2.6380053876e-01,2.6250859858e+00,4.1909914012e+00,3.5053809139e-01,9.7743156710e-01,-2.2534914712e-01,-2.3004133948e-01,-2.7037896219e-02,5.6933588068e-01,3.1594655623e-01,383082,41,54,42,1.3436574478e-03,5.0395264292e-01,4.7263651559e-01,2.6919849899e-02,-3.5876025240e+00,-2.8916623836e+03,-7.7538405574e-03,-2.8916701375e+03,1.8681301008e-06,447024,48,48,48,-1.2661275047e-04,9.9751386384e-01,5.4978348957e-01,6.6958715817e-02,-2.6343732011e+00,-1.4583136251e+00,-4.9289956796e-02,-1.5076035819e+00,5.8398908539e-05,2.6907551690e-02,6.7017114726e-02,-1.0206498934e-06,3.0253904423e-03,0,0,0,2.3958248488e-04,3.1921888688e+00,3.1924284512e+00,9.3176175816e-07,2.8572417675e-04,2.8665593851e-04,4.7495061735e-03,2.3958248488e+00
226,2.2600000000e-02,1.0000000000e-04,-9.2530676838e-02,1.3405190561e-01,1.5078329161e+00,2.6337865577e-01,-2.1309747471e-01,2.1309747471e-01,1.4586658161e+00,3.3885378526e-01,1.2056679787e-01,1.2067808967e-01,1.9245008747e-01,1.2944599310e-01,0.0000000000e+00,0.0000000000e+00,0.0000000000e+00,0.0000000000e+00,2.2168729485e-05,3.2116488648e-05,3.6125035683e-04,6.3100912815e-05,2.2168729485e-05,2.3219143773e-05,1.2591686568e-04,2.6846730300e-05,-1.1449683807e+01,1.1449705581e+01,2.8954421547e+03,1.4930796707e+02,-1.1450069054e+01,1.1450069054e+01,2.8954618101e+03,1.4930652844e+02,3.8524652435e-04,3.2048578276e-03,3.7753510917e-01,2.8114691703e-02,0.0000000000e+00,0.0000000000e+00,0.0000000000e+00,0.0000000000e+00,5.4380343928e-06,5.4380447342e-06,1.3751920389e-03,7.0913911134e-05,5.8408308073e-06,6.1292558932e-06,1.3442939020e-03,7.0520664674e-05,1.0000000000e+00,4.1921888688e+00,2.0679115636e+00,4.1921888688e+00,1.0000000000e+00,1.0002857242e+00,1.0000955859e+00,1.0002857242e+00,1.9202672417e+03,1.9850069689e+03,1.9617299952e+00,nan,3.8067562090e+00,3.9350968656e+00,3.8889523695e-03,nan,1.0676043235e+01,2.6397424268e-01,2.6267878392e+00,4.1909914012e+00,3.4855845345e-01,9.7753176574e-01,-2.2407176766e-01,-2.2926555976e-01,-2.5590934486e-02,5.6933492809e-01,3.1595935282e-01,391145,42,42,41,1.3442939020e-03,5.0529630037e-01,4.7260191689e-01,2.6921718029e-02,-3.5875312106e+00,-2.8918038049e+03,-1.0389156796e-02,-2.8918141941e+03,2.0166307685e-06,447024,48,48,48,-1.2591686568e-04,9.9740823356e-01,5.4965687682e-01,6.7017114726e-02,-2.6334388265e+00,-1.4586658161e+00,-4.9167100034e-02,-1.5078329161e+00,6.0112071169e-05,2.6910253656e-02,6.7077226797e-02,-8.7098932459e-07,3.0392800911e-03,0,0,0,2.3958248488e-04,3.1921888688e+00,3.1924284512e+00,9.3176175816e-07,2.8572417675e-04,2.8665593851e-04,4.7495061735e-03,2.3958248488e+00
227,2.2700000000e-02,1.0000000000e-04,-9.2545515505e-02,1.3407126757e-01,1.5080671985e+00,2.6340694038e-01,-2.1312869106e-01,2.1312869106e-01,1.4590222989e+00,3.3888602549e-01,1.2058317555e-01,1.2069396149e-01,1.9245008964e-01,1.2945842121e-01,0.0000000000e+00,0.0000000000e+00,0.0000000000e+00,0.0000000000e+00,2.2172284569e-05,3.2121127435e-05,3.6130648679e-04,6.3107689311e-05,2.2172284569e-05,2.3216611084e-05,1.2522402313e-04,2.6830279672e-05,-1.1450524041e+01,1.1450545906e+01,2.8964424754e+03,1.4931918493e+02,-1.1450906885e+01,1.1450906885e+01,2.8964595598e+03,1.4931772451e+02,3.8284427154e-04,3.2069569930e-03,3.7751694862e-01,2.8119809922e-02,0.0000000000e+00,0.0000000000e+00,0.0000000000e+00,0.0000000000e+00,5.4384334623e-06,5.4384438473e-06,1.3756671418e-03,7.0919239067e-05,5.8428344408e-06,6.1328665823e-06,1.3449040570e-03,7.0523036206e-05,1.0000000000e+00,4.1921888688e+00,2.0679115636e+00,4.1921888688e+00,1.0000000000e+00,1.0002857242e+00,1.0000955859e+00,1.0002857242e+00,1.9206322359e+03,1.9852058203e+03,1.9616356081e+00,nan,3.8074797771e+00,3.9354910705e+00,3.8887652557e-03,nan,1.0739984417e+01,2.6415856130e-01,2.6284868092e+00,4.1909914012e+00,3.4658670051e-01,9.7763769745e-01,-2.2485257630e-01,-2.3069246782e-01,-2.4121762383e-02,5.6933425698e-01,3.1597976105e-01,381930,41,42,42,1.3449040570e-03,5.0664059427e-01,4.7256751228e-01,2.6923734660e-02,-3.5874542338e+00,-2.8918668747e+03,-1.3025270762e-02,-2.8918798999e+03,2.0894269945e-06,447024,48,48,48,-1.2522402313e-04,9.9730172598e-01,5.4953095995e-01,6.7077226797e-02,-2.6324778305e+00,-1.4590222989e+00,-4.9044899567e-02,-1.5080671985e+00,6.1795537444e-05,2.6913116967e-02,6.7139022334e-02,-7.0235814957e-07,3.0530579867e-03,0,0,0,2.3958248488e-04,3.1921888688e+00,3.1924284512e+00,9.3176175816e-07,2.8572417675e-04,2.8665593851e-04,4.7495061735e-03,2.3958248488e+00
228,2.2800000000e-02,1.0000000000e-04,-9.2560152422e-02,1.3409042609e-01,1.5083062879e+00,2.6343507298e-01,-2.1315970008e-01,2.1315970008e-01,1.4593829351e+00,3.3891800683e-01,1.2059954766e-01,1.2070983042e-01,1.9245008639e-01,1.2947085222e-01,0.0000000000e+00,0.0000000000e+00,0.0000000000e+00,0.0000000000e+00,2.2175791318e-05,3.2125717481e-05,3.6136376842e-04,6.3114429391e-05,2.2175791318e-05,2.3214029840e-05,1.2453415414e-04,2.6813855119e-05,-1.1451340448e+01,1.1451362405e+01,2.8973649997e+03,1.4933015605e+02,-1.1451720900e+01,1.1451720900e+01,2.8973795109e+03,1.4932867389e+02,3.8045184792e-04,3.2090232307e-03,3.7749159068e-01,2.8124921541e-02,0.0000000000e+00,0.0000000000e+00,0.0000000000e+00,0.0000000000e+00,5.4388212155e-06,5.4388316437e-06,1.3761052953e-03,7.0924449806e-05,5.8449419061e-06,6.1361919739e-06,1.3454778886e-03,7.0525236034e-05,1.0000000000e+00,4.1921888688e+00,2.0679115636e+00,4.1921888688e+00,1.0000000000e+00,1.0002857242e+00,1.0000955859e+00,1.0002857242e+00,1.9209394159e+03,1.9853456150e+03,1.9615038775e+00,nan,3.8080887336e+00,3.9357682009e+00,3.8885041116e-03,nan,1.0804087424e+01,2.6433118317e-01,2.6301789027e+00,4.1909914012e+00,3.4462269054e-01,9.7774341343e-01,-2.2778379951e-01,-2.3443621048e-01,-2.2634789608e-02,5.6933578891e-01,3.1599031474e-01,512118,55,54,54,1.3454778886e-03,5.0798549833e-01,4.7253330213e-01,2.6925824087e-02,-3.5873744842e+00,-2.8918477082e+03,-1.5662015800e-02,-2.8918633702e+03,2.0866566116e-06,447024,48,48,48,-1.2453415414e-04,9.9719417673e-01,5.4940573593e-01,6.7139022334e-02,-2.6314907542e+00,-1.4593829351e+00,-4.8923352800e-02,-1.5083062879e+00,6.3438281348e-05,2.6916047315e-02,6.7202460616e-02,-5.1603667858e-07,3.0667281035e-03,0,0,0,2.3958248488e-04,3.1921888688e+00,3.1924284512e+00,9.3176175816e-07,2.8572417675e-04,2.8665593851e-04,4.7495061735e-03,2.3958248488e+00
229,2.2900000000e-02,1.0000000000e-04,-9.2574519731e-02,1.3410929578e-01,1.5085500048e+00,2.6346282673e-01,-2.1319043392e-01,2.1319043392e-01,1.4597475476e+00,3.3894952965e-01,1.2061591418e-01,1.2072569648e-01,1.9245007368e-01,1.2948328610e-01,0.0000000000e+00,0.0000000000e+00,0.0000000000e+00,0.0000000000e+00,2.2179233474e-05,3.2130238328e-05,3.6142215872e-04,6.3121078702e-05,2.2179233474e-05,2.3211401220e-05,1.2384720426e-04,2.6797444658e-05,-1.1452118277e+01,1.1452140324e+01,2.8982057916e+03,1.4934068649e+02,-1.1452496347e+01,1.1452496347e+01,2.8982177277e+03,1.4933918265e+02,3.7806973766e-04,3.2110569563e-03,3.7745898313e-01,2.8130026152e-02,0.0000000000e+00,0.0000000000e+00,0.0000000000e+00,0.0000000000e+00,5.4391906457e-06,5.4392011170e-06,1.3765046299e-03,7.0929451245e-05,5.8467330536e-06,6.1397477015e-06,1.3460107543e-03,7.0527219701e-05,1.0000000000e+00,4.1921888688e+00,2.0679115636e+00,4.1921888688e+00,1.0000000000e+00,1.0002857242e+00,1.0000955859e+00,1.0002857242e+00,1.9211864256e+03,1.9854239403e+03,1.9613345733e+00,nan,3.8085784082e+00,3.9359234736e+00,3.8881684814e-03,nan,1.0868317637e+01,2.6451430672e-01,2.6318636199e+00,4.1909914012e+00,3.4266632876e-01,9.7784687756e-01,-2.3302227036e-01,-2.4068635863e-01,-2.1138889845e-02,5.6933982650e-01,3.1600936638e-01,502903,54,54,55,1.3460107543e-03,5.0933097622e-01,4.7249928649e-01,2.6927910744e-02,-3.5872948463e+00,-2.8917424471e+03,-1.8299205341e-02,-2.8917607463e+03,2.0089591855e-06,447024,48,48,48,-1.2384720426e-04,9.9708549835e-01,5.4928120177e-01,6.7202460616e-02,-2.6304783145e+00,-1.4597475476e+00,-4.8802457204e-02,-1.5085500048e+00,6.5029534646e-05,2.6918949922e-02,6.7267490150e-02,-3.1342399702e-07,3.0802936183e-03,0,0,0,2.3958248488e-04,3.1921888688e+00,3.1924284512e+00,9.3176175816e-07,2.8572417675e-04,2.8665593851e-04,4.7495061735e-03,2.3958248488e+00
230,2.3000000000e-02,1.0000000000e-04,-9.2588552061e-02,1.3412780558e-01,1.5087981328e+00,2.6348997997e-01,-2.1322082721e-01,2.1322082721e-01,1.4601159225e+00,3.3898039975e-01,1.2063227515e-01,1.2074155967e-01,1.9245005147e-01,1.2949572284e-01,0.0000000000e+00,0.0000000000e+00,0.0000000000e+00,0.0000000000e+00,2.2182595374e-05,3.2134672954e-05,3.6148160585e-04,6.3127584143e-05,2.2182595374e-05,2.3208705854e-05,1.2316313308e-04,2.6781037257e-05,-1.1452842923e+01,1.1452865066e+01,2.8989609586e+03,1.4935058304e+02,-1.1453218620e+01,1.1453218620e+01,2.8989703179e+03,1.4934905758e+02,3.7569682159e-04,3.2130570683e-03,3.7744703792e-01,2.8135123857e-02,0.0000000000e+00,0.0000000000e+00,0.0000000000e+00,0.0000000000e+00,5.4395348169e-06,5.4395453336e-06,1.3768632970e-03,7.0934151617e-05,5.8482833508e-06,6.1437123025e-06,1.3465287912e-03,7.0528904193e-05,1.0000000000e+00,4.1921888688e+00,2.0679115636e+00,4.1921888688e+00,1.0000000000e+00,1.0002857242e+00,1.0000955859e+00,1.0002857242e+00,1.9213709876e+03,1.9854384663e+03,1.9612727305e+00,nan,3.8089442856e+00,3.9359522702e+00,3.8880458835e-03,nan,1.0932888418e+01,2.6471585021e-01,2.6335389296e+00,4.1909914012e+00,3.4071756651e-01,9.7796839685e-01,-2.4074279204e-01,-2.4966755271e-01,-1.9614369982e-02,5.6936304424e-01,3.1604846248e-01,391145,42,42,41,1.3465287912e-03,5.1067698697e-01,4.7246546506e-01,2.6929919703e-02,-3.5872181794e+00,-2.8915472859e+03,-2.0936643501e-02,-2.8915682226e+03,1.8574426662e-06,447024,48,48,48,-1.2316313308e-04,9.9697567901e-01,5.4915735457e-01,6.7267490150e-02,-2.6294413995e+00,-1.4601159225e+00,-4.8682210296e-02,-1.5087981328e+00,6.6558848141e-05,2.6921770156e-02,6.7334048999e-02,-9.5937750678e-08,3.0937503789e-03,0,0,0,2.3958248488e-04,3.1921888688e+00,3.1924284512e+00,9.3176175816e-07,2.8572417675e-04,2.8665593851e-04,4.7495061735e-03,2.3958248488e+00
231,2.3100000000e-02,1.0000000000e-04,-9.2602186836e-02,1.3414587943e-01,1.5090504206e+00,2.6351631758e-01,-2.1325081742e-01,2.1325081742e-01,1.4604878110e+00,3.3901042934e-01,1.2064863059e-01,1.2075742002e-01,1.9245003156e-01,1.2950816243e-01,0.0000000000e+00,0.0000000000e+00,0.0000000000e+00,0.0000000000e+00,2.2185862028e-05,3.2139003131e-05,3.6154204959e-04,6.3133894172e-05,2.2185862028e-05,2.3205936770e-05,1.2248191401e-04,2.6764622865e-05,-1.1453499945e+01,1.1453522186e+01,2.8996266800e+03,1.4935965646e+02,-1.1453873277e+01,1.1453873277e+01,2.8996334607e+03,1.4935810944e+02,3.7333230382e-04,3.2150234903e-03,3.7747585815e-01,2.8140214318e-02,0.0000000000e+00,0.0000000000e+00,0.0000000000e+00,0.0000000000e+00,5.4398468695e-06,5.4398574332e-06,1.3771794817e-03,7.0938461043e-05,5.8498829989e-06,6.1477499329e-06,1.3470259807e-03,7.0530216694e-05,1.0000000000e+00,4.1921888688e+00,2.0679115636e+00,4.1921888688e+00,1.0000000000e+00,1.0002857242e+00,1.0000955859e+00,1.0002857242e+00,1.9214909193e+03,1.9853869638e+03,1.9614226877e+00,nan,3.8091820393e+00,3.9358501712e+00,3.8883431602e-03,nan,1.0997754171e+01,2.6492142911e-01,2.6352030832e+00,4.1909914012e+00,3.3877640001e-01,9.7810488650e-01,-2.5116751058e-01,-2.6165735789e-01,-1.8120801800e-02,5.6937408093e-01,3.1608847968e-01,502998,54,55,54,1.3470259807e-03,5.1202351576e-01,4.7243183719e-01,2.6931777145e-02,-3.5871472998e+00,-2.8912584804e+03,-2.3574185407e-02,-2.8912820546e+03,1.6337480144e-06,447024,48,48,48,-1.2248191401e-04,9.9686469340e-01,5.4903419144e-01,6.7334048999e-02,-2.6283810619e+00,-1.4604878110e+00,-4.8562609626e-02,-1.5090504206e+00,6.8016135683e-05,2.6924431040e-02,6.7402065134e-02,1.3491687797e-07,3.1071088101e-03,0,0,0,2.3958248488e-04,3.1921888688e+00,3.1924284512e+00,9.3176175816e-07,2.8572417675e-04,2.8665593851e-04,4.7495061735e-03,2.3958248488e+00
232,2.3200000000e-02,1.0000000000e-04,-9.2615364564e-02,1.3416344707e-01,1.5093065836e+00,2.6354163213e-01,-2.1328034510e-01,2.1328034510e-01,1.4608629308e+00,3.3903943815e-01,1.2066498053e-01,1.2077327757e-01,1.9245006135e-01,1.2952060487e-01,0.0000000000e+00,0.0000000000e+00,0.0000000000e+00,0.0000000000e+00,2.2189019180e-05,3.2143212030e-05,3.6160342174e-04,6.3139959095e-05,2.2189019180e-05,2.3203087631e-05,1.2180353397e-04,2.6748192412e-05,-1.1454075290e+01,1.1454097634e+01,2.9001992284e+03,1.4936772316e+02,-1.1454446267e+01,1.1454446267e+01,2.9002034293e+03,1.4936615466e+02,3.7097656255e-04,3.2169564255e-03,3.7749986412e-01,2.8145297179e-02,0.0000000000e+00,0.0000000000e+00,0.0000000000e+00,0.0000000000e+00,5.4401201302e-06,5.4401307423e-06,1.3774514140e-03,7.0942292329e-05,5.8513172988e-06,6.1518709112e-06,1.3474932366e-03,7.0531060448e-05,1.0000000000e+00,4.1921888688e+00,2.0679115636e+00,4.1921888688e+00,1.0000000000e+00,1.0002857242e+00,1.0000955859e+00,1.0002857242e+00,1.9215441448e+03,1.9852673157e+03,1.9615471228e+00,nan,3.8092875541e+00,3.9356129797e+00,3.8885898416e-03,nan,1.1062841879e+01,2.6513156392e-01,2.6368533380e+00,4.1909914012e+00,3.3684286886e-01,9.7825100978e-01,-2.6459759480e-01,-2.7705022389e-01,-1.6651233113e-02,5.6938465898e-01,3.1613341610e-01,502889,54,54,41,1.3474932366e-03,5.1337054174e-01,4.7239840190e-01,2.6933410893e-02,-3.5870849602e+00,-2.8908723865e+03,-2.6211674179e-02,-2.8908985982e+03,1.3400165741e-06,447024,48,48,48,-1.2180353397e-04,9.9675251526e-01,5.4891170952e-01,6.7402065134e-02,-2.6272985126e+00,-1.4608629308e+00,-4.8443652768e-02,-1.5093065836e+00,6.9391735039e-05,2.6926857339e-02,6.7471456869e-02,3.7758640853e-07,3.1203740435e-03,0,0,0,2.3958248488e-04,3.1921888688e+00,3.1924284512e+00,9.3176175816e-07,2.8572417675e-04,2.8665593851e-04,4.7495061735e-03,2.3958248488e+00
233,2.3300000000e-02,1.0000000000e-04,-9.2628029093e-02,1.3418044844e-01,1.5095663060e+00,2.6356572507e-01,-2.1330935415e-01,2.1330935415e-01,1.4612409687e+00,3.3906725430e-01,1.2068132506e-01,1.2078913238e-01,1.9245008056e-01,1.2953305018e-01,0.0000000000e+00,0.0000000000e+00,0.0000000000e+00,0.0000000000e+00,2.2192053380e-05,3.2147285260e-05,3.6166564669e-04,6.3145731342e-05,2.2192053380e-05,2.3200152749e-05,1.2112799303e-04,2.6731737822e-05,-1.1454555230e+01,1.1454577675e+01,2.9009070197e+03,1.4937460408e+02,-1.1454923859e+01,1.1454923859e+01,2.9009357956e+03,1.4937301416e+02,3.6862915630e-04,3.2188553214e-03,3.7751911843e-01,2.8150372078e-02,0.0000000000e+00,0.0000000000e+00,0.0000000000e+00,0.0000000000e+00,5.4403480778e-06,5.4403587383e-06,1.3777875799e-03,7.0945560425e-05,5.8524301298e-06,6.1559483194e-06,1.3479246746e-03,7.0531348109e-05,1.0000000000e+00,4.1921888688e+00,2.0679115636e+00,4.1921888688e+00,1.0000000000e+00,1.0002857242e+00,1.0000955859e+00,1.0002857242e+00,1.9216824118e+03,1.9852549017e+03,1.9616469753e+00,nan,3.8095616559e+00,3.9355883699e+00,3.8887877902e-03,nan,1.1128102108e+01,2.6534085297e-01,2.6384872012e+00,4.1909914012e+00,3.3491705430e-01,9.7832546486e-01,-2.8140773779e-01,-2.9635368566e-01,-1.5214279165e-02,5.6939381507e-01,3.1617898312e-01,501737,54,42,41,1.3479246746e-03,5.1471803498e-01,4.7236515789e-01,2.6934750910e-02,-3.5870338314e+00,-2.8903854897e+03,-2.8848934964e-02,-2.8904143387e+03,9.7886206513e-07,447024,48,48,48,-1.2112799303e-04,9.9663912299e-01,5.4878990599e-01,6.7471456869e-02,-2.6261951131e+00,-1.4612409687e+00,-4.8325337301e-02,-1.5095663060e+00,7.0676475142e-05,2.6928976061e-02,6.7542133344e-02,6.3047742197e-07,3.1335684554e-03,0,0,0,2.3958248488e-04,3.1921888688e+00,3.1924284512e+00,9.3176175816e-07,2.8572417675e-04,2.8665593851e-04,4.7495061735e-03,2.3958248488e+00
234,2.3400000000e-02,1.0000000000e-04,-9.2640127856e-02,1.3419682165e-01,1.5098292436e+00,2.6358840778e-01,-2.1333779207e-01,2.1333779207e-01,1.4616215828e+00,3.3909371521e-01,1.2069766422e-01,1.2080498451e-01,1.9245008920e-01,1.2954549837e-01,0.0000000000e+00,0.0000000000e+00,0.0000000000e+00,0.0000000000e+00,2.2194952032e-05,3.2151207995e-05,3.6172864192e-04,6.3151165722e-05,2.2194952032e-05,2.3197127090e-05,1.2045530397e-04,2.6715252007e-05,-1.1454926520e+01,1.1454949065e+01,2.9021246335e+03,1.4938012711e+02,-1.1455292809e+01,1.1455292809e+01,2.9021508247e+03,1.4937851584e+02,3.6628905880e-04,3.2208234809e-03,3.7753368301e-01,2.8155438605e-02,0.0000000000e+00,0.0000000000e+00,0.0000000000e+00,0.0000000000e+00,5.4405244223e-06,5.4405351302e-06,1.3783658863e-03,7.0948183592e-05,5.8536444962e-06,6.1595716316e-06,1.3483249718e-03,7.0530988359e-05,1.0000000000e+00,4.1921888688e+00,2.0679115636e+00,4.1921888688e+00,1.0000000000e+00,1.0002857242e+00,1.0000955859e+00,1.0002857242e+00,1.9221542078e+03,1.9855692191e+03,1.9617225670e+00,nan,3.8104969488e+00,3.9362114758e+00,3.8889376439e-03,nan,1.1193570788e+01,2.6553165863e-01,2.6401019291e+00,4.1909914012e+00,3.3299907722e-01,9.7820541350e-01,-3.0056775337e-01,-3.1863838297e-01,-1.3816364136e-02,5.6940169184e-01,3.1621313329e-01,391145,42,42,41,1.3483249718e-03,5.1606595965e-01,4.7233210352e-01,2.6935729772e-02,-3.5869964841e+00,-2.8897944290e+03,-3.1485781265e-02,-2.8898259147e+03,5.5333851043e-07,447024,48,48,48,-1.2045530397e-04,9.9652449786e-01,5.4866877800e-01,6.7542133344e-02,-2.6250723664e+00,-1.4616215828e+00,-4.8207660802e-02,-1.5098292436e+00,7.1861732471e-05,2.6930716950e-02,6.7613995077e-02,8.9195839784e-07,3.1466908203e-03,0,0,0,2.3958248488e-04,3.1921888688e+00,3.1924284512e+00,9.3176175816e-07,2.8572417675e-04,2.8665593851e-04,4.7495061735e-03,2.3958248488e+00
235,2.3500000000e-02,1.0000000000e-04,-9.2651612076e-02,1.3421250857e-01,1.5100950256e+00,2.6360950257e-01,-2.1336561018e-01,2.1336561018e-01,1.4620044048e+00,3.3911866841e-01,1.2071399810e-01,1.2082083403e-01,1.9245008726e-01,1.2955794949e-01,0.0000000000e+00,0.0000000000e+00,0.0000000000e+00,0.0000000000e+00,2.2197703450e-05,3.2154966305e-05,3.6179231864e-04,6.3156219664e-05,2.2197703450e-05,2.3194007803e-05,1.1978549170e-04,2.6698728863e-05,-1.1455176485e+01,1.1455199130e+01,2.9032389706e+03,1.4938412800e+02,-1.1455540442e+01,1.1455540442e+01,2.9032625744e+03,1.4938249545e+02,3.6395693440e-04,3.2231848753e-03,3.7754361904e-01,2.8160496370e-02,0.0000000000e+00,0.0000000000e+00,0.0000000000e+00,0.0000000000e+00,5.4406431436e-06,5.4406538985e-06,1.3788951414e-03,7.0950083816e-05,5.8547213493e-06,6.1631325095e-06,1.3486809632e-03,7.0529902876e-05,1.0000000000e+00,4.1921888688e+00,2.0679115636e+00,4.1921888688e+00,1.0000000000e+00,1.0002857242e+00,1.0000955859e+00,1.0002857242e+00,1.9225538270e+03,1.9858097314e+03,1.9617742159e+00,nan,3.8112891578e+00,3.9366882698e+00,3.8890400332e-03,nan,1.1259134509e+01,2.6572089489e-01,2.6416951622e+00,4.1909914012e+00,3.3108909595e-01,9.7808812487e-01,-3.1657168820e-01,-3.3819903232e-01,-1.2466811020e-02,5.6940789779e-01,3.1624977200e-01,502903,54,54,55,1.3486809632e-03,5.1741428463e-01,4.7229923688e-01,2.6936283111e-02,-3.5869753727e+00,-2.8890960121e+03,-3.4122035638e-02,-2.8891301342e+03,6.6945260439e-08,447024,48,48,48,-1.1978549170e-04,9.9640863268e-01,5.4854832269e-01,6.7613995077e-02,-2.6239319079e+00,-1.4620044048e+00,-4.8090620828e-02,-1.5100950256e+00,7.2939484327e-05,2.6932012961e-02,6.7686934561e-02,1.1603742528e-06,3.1597496260e-03,0,0,0,2.3958248488e-04,3.1921888688e+00,3.1924284512e+00,9.3176175816e-07,2.8572417675e-04,2.8665593851e-04,4.7495061735e-03,2.3958248488e+00
236,2.3600000000e-02,1.0000000000e-04,-9.2662436953e-02,1.3422745393e-01,1.5103632579e+00,2.6362884355e-01,-2.1339276376e-01,2.1339276376e-01,1.4623890430e+00,3.3914197224e-01,1.2073032680e-01,1.2083668385e-01,1.9245008524e-01,1.2957040357e-01,0.0000000000e+00,0.0000000000e+00,0.0000000000e+00,0.0000000000e+00,2.2200296901e-05,3.2158546951e-05,3.6185658240e-04,6.3160853425e-05,2.2200296901e-05,2.3190793699e-05,1.1911859274e-04,2.6682163257e-05,-1.1455293131e+01,1.1455315875e+01,2.9042468080e+03,1.4938645161e+02,-1.1455654764e+01,1.1455654764e+01,2.9042678219e+03,1.4938479786e+02,3.6163253770e-04,3.2255641429e-03,3.7754922338e-01,2.8165545023e-02,0.0000000000e+00,0.0000000000e+00,0.0000000000e+00,0.0000000000e+00,5.4406985446e-06,5.4407093468e-06,1.3793738144e-03,7.0951187417e-05,5.8557541948e-06,6.1665726915e-06,1.3490004226e-03,7.0528015314e-05,1.0000000000e+00,4.1921888688e+00,2.0679115636e+00,4.1921888688e+00,1.0000000000e+00,1.0002857242e+00,1.0000955859e+00,1.0002857242e+00,1.9228796734e+03,1.9859748238e+03,1.9618033575e+00,nan,3.8119351187e+00,3.9370155504e+00,3.8890978037e-03,nan,1.1324851911e+01,2.6590606477e-01,2.6432645148e+00,4.1909914012e+00,3.2918730384e-01,9.7798030419e-01,-3.2810422867e-01,-3.5369132911e-01,-1.1172426564e-02,5.6941272405e-01,3.1628910448e-01,501751,54,42,55,1.3490004226e-03,5.1876296559e-01,4.7226655573e-01,2.6936350056e-02,-3.5869728186e+00,-2.8882872519e+03,-3.6757494843e-02,-2.8883240094e+03,-4.7643284686e-07,447024,48,48,48,-1.1911859274e-04,9.9629154022e-01,5.4842853720e-01,6.7686934561e-02,-2.6227754943e+00,-1.4623890430e+00,-4.7974214910e-02,-1.5103632579e+00,7.3902369490e-05,2.6932800703e-02,6.7760836931e-02,1.4340594534e-06,3.1727455219e-03,0,0,0,2.3958248488e-04,3.1921888688e+00,3.1924284512e+00,9.3176175816e-07,2.8572417675e-04,2.8665593851e-04,4.7495061735e-03,2.3958248488e+00
237,2.3700000000e-02,1.0000000000e-04,-9.2672561822e-02,1.3424161710e-01,1.5106335255e+00,2.6364627747e-01,-2.1341921225e-01,2.1341921225e-01,1.4627750849e+00,3.3916349652e-01,1.2074665042e-01,1.2085253347e-01,1.9245008973e-01,1.2958286067e-01,0.0000000000e+00,0.0000000000e+00,0.0000000000e+00,0.0000000000e+00,2.2202722642e-05,3.2161940200e-05,3.6192133378e-04,6.3165030287e-05,2.2202722642e-05,2.3187477374e-05,1.1845465449e-04,2.6665551005e-05,-1.1455265193e+01,1.1455288037e+01,2.9051451274e+03,1.4938695278e+02,-1.1455624509e+01,1.1455624509e+01,2.9051635491e+03,1.4938527790e+02,3.5931601855e-04,3.2280130244e-03,3.7754984830e-01,2.8170584233e-02,0.0000000000e+00,0.0000000000e+00,0.0000000000e+00,0.0000000000e+00,5.4406852755e-06,5.4406961250e-06,1.3798004717e-03,7.0951425446e-05,5.8565949789e-06,6.1700990400e-06,1.3492897844e-03,7.0525257518e-05,1.0000000000e+00,4.1921888688e+00,2.0679115636e+00,4.1921888688e+00,1.0000000000e+00,1.0002857242e+00,1.0000955859e+00,1.0002857242e+00,1.9231303148e+03,1.9860630517e+03,1.9618065590e+00,nan,3.8124319927e+00,3.9371904543e+00,3.8891041503e-03,nan,1.1390770504e+01,2.6609617512e-01,2.6448078086e+00,4.1909914012e+00,3.2729392669e-01,9.7788760914e-01,-3.3613387325e-01,-3.6623350824e-01,-9.9392633885e-03,5.6941632164e-01,3.1632819384e-01,381930,41,42,42,1.3492897844e-03,5.2011196601e-01,4.7223405759e-01,2.6935873623e-02,-3.5869909958e+00,-2.8873653691e+03,-3.9391970829e-02,-2.8874047611e+03,-1.0725354686e-06,447024,48,48,48,-1.1845465449e-04,9.9617322795e-01,5.4830941861e-01,6.7760836931e-02,-2.6216049928e+00,-1.4627750849e+00,-4.7858440538e-02,-1.5106335255e+00,7.4743734889e-05,2.6933020854e-02,6.7835580666e-02,1.7113427355e-06,3.1856672249e-03,0,0,0,2.3958248488e-04,3.1921888688e+00,3.1924284512e+00,9.3176175816e-07,2.8572417675e-04,2.8665593851e-04,4.7495061735e-03,2.3958248488e+00
238,2.3800000000e-02,1.0000000000e-04,-9.2681950282e-02,1.3425495472e-01,1.5109053956e+00,2.6366166440e-01,-2.1344491936e-01,2.1344491936e-01,1.4631621004e+00,3.3918312307e-01,1.2076296908e-01,1.2086838073e-01,1.9245008750e-01,1.2959532082e-01,0.0000000000e+00,0.0000000000e+00,0.0000000000e+00,0.0000000000e+00,2.2204971952e-05,3.2165135659e-05,3.6198646910e-04,6.3168716725e-05,2.2204971952e-05,2.3184056357e-05,1.1779373455e-04,2.6648888856e-05,-1.1455082229e+01,1.1455105171e+01,2.9059311360e+03,1.4938549718e+02,-1.1455439236e+01,1.1455439236e+01,2.9059469635e+03,1.4938380125e+02,3.5700697484e-04,3.2304266143e-03,3.7754626263e-01,2.8175613763e-02,0.0000000000e+00,0.0000000000e+00,0.0000000000e+00,0.0000000000e+00,5.4405983767e-06,5.4406092728e-06,1.3801737870e-03,7.0950734107e-05,5.8571793358e-06,6.1735103848e-06,1.3495361612e-03,7.0521570244e-05,1.0000000000e+00,4.1921888688e+00,2.0679115636e+00,4.1921888688e+00,1.0000000000e+00,1.0002857242e+00,1.0000955859e+00,1.0002857242e+00,1.9233044931e+03,1.9860731512e+03,1.9617879500e+00,nan,3.8127772855e+00,3.9372104757e+00,3.8890672596e-03,nan,1.1456773710e+01,2.6628258187e-01,2.6463231028e+00,4.1909914012e+00,3.2540921997e-01,9.7780161737e-01,-3.4084613042e-01,-3.7615642713e-01,-8.7656684743e-03,5.6942569884e-01,3.1637058116e-01,502903,54,54,55,1.3495361612e-03,5.2146125580e-01,4.7220173969e-01,2.6934801088e-02,-3.5870319169e+00,-2.8863278100e+03,-4.2025288107e-02,-2.8863698353e+03,-1.7167482170e-06,447024,48,48,48,-1.1779373455e-04,9.9605369746e-01,5.4819096395e-01,6.7835580666e-02,-2.6204223689e+00,-1.4631621004e+00,-4.7743295149e-02,-1.5109053956e+00,7.5457681152e-05,2.6931649315e-02,6.7911038347e-02,1.9905787787e-06,3.1985175555e-03,0,0,0,2.3958248488e-04,3.1921888688e+00,3.1924284512e+00,9.3176175816e-07,2.8572417675e-04,2.8665593851e-04,4.7495061735e-03,2.3958248488e+00
239,2.3900000000e-02,1.0000000000e-04,-9.2690570298e-02,1.3426743182e-01,1.5111784206e+00,2.6367487833e-01,-2.1346985318e-01,2.1346985318e-01,1.4635496445e+00,3.3920074621e-01,1.2077928289e-01,1.2088422573e-01,1.9245008966e-01,1.2960778411e-01,0.0000000000e+00,0.0000000000e+00,0.0000000000e+00,0.0000000000e+00,2.2207037157e-05,3.2168124954e-05,3.6205188112e-04,6.3171882551e-05,2.2207037157e-05,2.3180528802e-05,1.1713589994e-04,2.6632174462e-05,-1.1454734660e+01,1.1454757696e+01,2.9066022866e+03,1.4938196259e+02,-1.1455089365e+01,1.1455089365e+01,2.9066155180e+03,1.4938024570e+02,3.5470476948e-04,3.2328041500e-03,3.7754638189e-01,2.8180633240e-02,0.0000000000e+00,0.0000000000e+00,0.0000000000e+00,0.0000000000e+00,5.4404332985e-06,5.4404442392e-06,1.3804925504e-03,7.0949055351e-05,5.8577129083e-06,6.1767621941e-06,1.3497425164e-03,7.0516882501e-05,1.0000000000e+00,4.1921888688e+00,2.0679115636e+00,4.1921888688e+00,1.0000000000e+00,1.0002857242e+00,1.0000955859e+00,1.0002857242e+00,1.9234011331e+03,1.9860040477e+03,1.9617885477e+00,nan,3.8129688655e+00,3.9370734841e+00,3.8890684446e-03,nan,1.1522876565e+01,2.6646338602e-01,2.6478079212e+00,4.1909914012e+00,3.2353346592e-01,9.7772531696e-01,-3.4264225994e-01,-3.8406668697e-01,-7.6509512806e-03,5.6944818748e-01,3.1641566732e-01,392394,42,55,42,1.3497425164e-03,5.2281079196e-01,4.7216959903e-01,2.6933084339e-02,-3.5870974203e+00,-2.8851722815e+03,-4.4657246069e-02,-2.8852169388e+03,-2.4041701005e-06,447024,48,48,48,-1.1713589994e-04,9.9593296056e-01,5.4807317022e-01,6.7911038347e-02,-2.6192296735e+00,-1.4635496445e+00,-4.7628776123e-02,-1.5111784206e+00,7.6039102363e-05,2.6929239375e-02,6.7987077449e-02,2.2701289649e-06,3.2112963238e-03,0,0,0,2.3958248488e-04,3.1921888688e+00,3.1924284512e+00,9.3176175816e-07,2.8572417675e-04,2.8665593851e-04,4.7495061735e-03,2.3958248488e+00
240,2.4000000000e-02,1.0000000000e-04,-9.2698394275e-02,1.3427901457e-01,1.5114521414e+00,2.6368580768e-01,-2.1349398626e-01,2.1349398626e-01,1.4639372606e+00,3.3921627308e-01,1.2079559198e-01,1.2090006860e-01,1.9245008562e-01,1.2962025059e-01,0.0000000000e+00,0.0000000000e+00,0.0000000000e+00,0.0000000000e+00,2.2208911645e-05,3.2170899979e-05,3.6211745981e-04,6.3174501032e-05,2.2208911645e-05,2.3176893471e-05,1.1648122628e-04,2.6615406348e-05,-1.1454213850e+01,1.1454236979e+01,2.9071562890e+03,1.4937623938e+02,-1.1454566259e+01,1.1454566259e+01,2.9071669225e+03,1.4937450161e+02,3.5240959386e-04,3.2351456958e-03,3.7755005807e-01,2.8185642324e-02,0.0000000000e+00,0.0000000000e+00,0.0000000000e+00,0.0000000000e+00,5.4401859392e-06,5.4401969243e-06,1.3807556742e-03,7.0946337110e-05,5.8585707332e-06,6.1795843307e-06,1.3498908839e-03,7.0511136822e-05,1.0000000000e+00,4.1921888688e+00,2.0679115636e+00,4.1921888688e+00,1.0000000000e+00,1.0002857242e+00,1.0000955859e+00,1.0002857242e+00,1.9234193458e+03,1.9858548592e+03,1.9618076908e+00,nan,3.8130049706e+00,3.9367777315e+00,3.8891063941e-03,nan,1.1588913742e+01,2.6662694629e-01,2.6492602029e+00,4.1909914012e+00,3.2166697055e-01,9.7764645051e-01,-3.4181526493e-01,-3.9049673638e-01,-6.6118981904e-03,5.6946979691e-01,3.1644930371e-01,383094,41,54,54,1.3498908839e-03,5.2416053447e-01,4.7213763240e-01,2.6930680169e-02,-3.5871891596e+00,-2.8838967510e+03,-4.7287649988e-02,-2.8839440387e+03,-3.1296299245e-06,447024,48,48,48,-1.1648122628e-04,9.9581102617e-01,5.4795603432e-01,6.7987077449e-02,-2.6180290304e+00,-1.4639372606e+00,-4.7514880769e-02,-1.5114521414e+00,7.6483724236e-05,2.6926101440e-02,6.8063561173e-02,2.5483755690e-06,3.2240013037e-03,0,0,0,2.3958248488e-04,3.1921888688e+00,3.1924284512e+00,9.3176175816e-07,2.8572417675e-04,2.8665593851e-04,4.7495061735e-03,2.3958248488e+00
241,2.4100000000e-02,1.0000000000e-04,-9.2705399108e-02,1.3428967766e-01,1.5117260900e+00,2.6369435568e-01,-2.1351729561e-01,2.1351729561e-01,1.4643244837e+00,3.3922962400e-01,1.2081189650e-01,1.2091590945e-01,1.9245008955e-01,1.2963272034e-01,0.0000000000e+00,0.0000000000e+00,0.0000000000e+00,0.0000000000e+00,2.2210589880e-05,3.2173454667e-05,3.6218309311e-04,6.3176548983e-05,2.2210589880e-05,2.3173149715e-05,1.1582979692e-04,2.6598583877e-05,-1.1453512144e+01,1.1453535367e+01,2.9075911258e+03,1.4936823071e+02,-1.1453862267e+01,1.1453862267e+01,2.9075991599e+03,1.4936647216e+02,3.5012313526e-04,3.2374528167e-03,3.7754667349e-01,2.8190640807e-02,0.0000000000e+00,0.0000000000e+00,0.0000000000e+00,0.0000000000e+00,5.4398526637e-06,5.4398636932e-06,1.3809622002e-03,7.0942533390e-05,5.8591808470e-06,6.1828701054e-06,1.3500017292e-03,7.0504294613e-05,1.0000000000e+00,4.1921888688e+00,2.0679115636e+00,4.1921888688e+00,1.0000000000e+00,1.0002857242e+00,1.0000955859e+00,1.0002857242e+00,1.9233584345e+03,1.9856249023e+03,1.9617900640e+00,nan,3.8128842193e+00,3.9363218627e+00,3.8890714506e-03,nan,1.1655047019e+01,2.6681181374e-01,2.6506785075e+00,4.1909914012e+00,3.1981006050e-01,9.7758050803e-01,-3.3773530444e-01,-3.9507610212e-01,-5.6565503032e-03,5.6948881905e-01,3.1650012516e-01,392297,42,54,41,1.3500017292e-03,5.2551042536e-01,4.7210583639e-01,2.6927550539e-02,-3.5873085932e+00,-2.8824994829e+03,-4.9916270290e-02,-2.8825493992e+03,-3.8877832715e-06,447024,48,48,48,-1.1582979692e-04,9.9568791562e-01,5.4783955309e-01,6.8063561173e-02,-2.6168226219e+00,-1.4643244837e+00,-4.7401606317e-02,-1.5117260900e+00,7.6788136796e-05,2.6922203216e-02,6.8140349310e-02,2.8237337433e-06,3.2365727188e-03,0,0,0,2.3958248488e-04,3.1921888688e+00,3.1924284512e+00,9.3176175816e-07,2.8572417675e-04,2.8665593851e-04,4.7495061735e-03,2.3958248488e+00
242,2.4200000000e-02,1.0000000000e-04,-9.2711566198e-02,1.3429940473e-01,1.5119997934e+00,2.6370044068e-01,-2.1353976279e-01,2.1353976279e-01,1.4647108435e+00,3.3924073260e-01,1.2082819659e-01,1.2093174841e-01,1.9245008973e-01,1.2964519344e-01,0.0000000000e+00,0.0000000000e+00,0.0000000000e+00,0.0000000000e+00,2.2212067407e-05,3.2175785102e-05,3.6224866764e-04,6.3178006842e-05,2.2212067407e-05,2.3169297452e-05,1.1518170205e-04,2.6581707215e-05,-1.1452622944e+01,1.1452646258e+01,2.9079050573e+03,1.4935785309e+02,-1.1452970789e+01,1.1452970789e+01,2.9079104906e+03,1.4935607383e+02,3.4784485789e-04,3.2397248533e-03,3.7753617640e-01,2.8195628698e-02,0.0000000000e+00,0.0000000000e+00,0.0000000000e+00,0.0000000000e+00,5.4394303377e-06,5.4394414105e-06,1.3811113022e-03,7.0937604531e-05,5.8594550535e-06,6.1862110226e-06,1.3500710895e-03,7.0496328966e-05,1.0000000000e+00,4.1921888688e+00,2.0679115636e+00,4.1921888688e+00,1.0000000000e+00,1.0002857242e+00,1.0000955859e+00,1.0002857242e+00,1.9232178933e+03,1.9853136908e+03,1.9617355177e+00,nan,3.8126056091e+00,3.9357049140e+00,3.8889633174e-03,nan,1.1721228854e+01,2.6700037130e-01,2.6520617504e+00,4.1909914012e+00,3.1796307988e-01,9.7752519104e-01,-3.3003517875e-01,-3.9770425989e-01,-4.7846431966e-03,5.6950678516e-01,3.1654717179e-01,502903,54,54,55,1.3500710895e-03,5.2686042709e-01,4.7207420741e-01,2.6923662756e-02,-3.5874569784e+00,-2.8809790041e+03,-5.2542917485e-02,-2.8810315470e+03,-4.6730981548e-06,447024,48,48,48,-1.1518170205e-04,9.9556366113e-01,5.4772372330e-01,6.8140349310e-02,-2.6156126754e+00,-1.4647108435e+00,-4.7288949913e-02,-1.5119997934e+00,7.6949814400e-05,2.6917517917e-02,6.8217299125e-02,3.0947093394e-06,3.2489818717e-03,0,0,0,2.3958248488e-04,3.1921888688e+00,3.1924284512e+00,9.3176175816e-07,2.8572417675e-04,2.8665593851e-04,4.7495061735e-03,2.3958248488e+00
243,2.4300000000e-02,1.0000000000e-04,-9.2716881451e-02,1.3430817383e-01,1.5122727762e+00,2.6370399629e-01,-2.1356137385e-01,2.1356137385e-01,1.4650958676e+00,3.3924954596e-01,1.2084449240e-01,1.2094758560e-01,1.9245008832e-01,1.2965766996e-01,0.0000000000e+00,0.0000000000e+00,0.0000000000e+00,0.0000000000e+00,2.2213340849e-05,3.2177886026e-05,3.6231406953e-04,6.3178858704e-05,2.2213340849e-05,2.3165337147e-05,1.1453703777e-04,2.6564777289e-05,-1.1451540662e+01,1.1451564066e+01,2.9080966342e+03,1.4934503800e+02,-1.1451886236e+01,1.1451886236e+01,2.9080994655e+03,1.4934323814e+02,3.4557388196e-04,3.2419608151e-03,3.7751851572e-01,2.8200605559e-02,0.0000000000e+00,0.0000000000e+00,0.0000000000e+00,0.0000000000e+00,5.4389163070e-06,5.4389274230e-06,1.3812022917e-03,7.0931517997e-05,5.8593697029e-06,6.1893170432e-06,1.3500979976e-03,7.0487206759e-05,1.0000000000e+00,4.1921888688e+00,2.0679115636e+00,4.1921888688e+00,1.0000000000e+00,1.0002857242e+00,1.0000955859e+00,1.0002857242e+00,1.9229974116e+03,1.9849209393e+03,1.9616437645e+00,nan,3.8121685241e+00,3.9349263196e+00,3.8887814249e-03,nan,1.1787435958e+01,2.6718009775e-01,2.6534085339e+00,4.1909914012e+00,3.1612638704e-01,9.7748027620e-01,-3.1788187591e-01,-3.9782361412e-01,-3.9923576137e-03,5.6952568577e-01,3.1659313713e-01,383082,41,54,42,1.3500979976e-03,5.2821049818e-01,4.7204274172e-01,2.6918989658e-02,-3.5876353642e+00,-2.8793341380e+03,-5.5167394566e-02,-2.8793893054e+03,-5.4799312033e-06,447024,48,48,48,-1.1453703777e-04,9.9543827173e-01,5.4760854159e-01,6.8217299125e-02,-2.6144014484e+00,-1.4650958676e+00,-4.7176908610e-02,-1.5122727762e+00,7.6967137241e-05,2.6912024393e-02,6.8294266262e-02,3.3598282572e-06,3.2612274134e-03,0,0,0,2.3958248488e-04,3.1921888688e+00,3.1924284512e+00,9.3176175816e-07,2.8572417675e-04,2.8665593851e-04,4.7495061735e-03,2.3958248488e+00
244,2.4400000000e-02,1.0000000000e-04,-9.2721335240e-02,1.3431597600e-01,1.5125445640e+00,2.6370497148e-01,-2.1358211931e-01,2.1358211931e-01,1.4654790846e+00,3.3925602461e-01,1.2086078407e-01,1.2096342117e-01,1.9245008140e-01,1.2967014999e-01,0.0000000000e+00,0.0000000000e+00,0.0000000000e+00,0.0000000000e+00,2.2214407898e-05,3.2179755289e-05,3.6237918513e-04,6.3179092342e-05,2.2214407898e-05,2.3161269782e-05,1.1389590519e-04,2.6547795749e-05,-1.1450260793e+01,1.1450284289e+01,2.9082612928e+03,1.4932973116e+02,-1.1450604103e+01,1.1450604103e+01,2.9082677923e+03,1.4932791078e+02,3.4330924744e-04,3.2441596343e-03,3.7752535835e-01,2.8205571011e-02,0.0000000000e+00,0.0000000000e+00,0.0000000000e+00,0.0000000000e+00,5.4383084326e-06,5.4383195917e-06,1.3812804964e-03,7.0924248002e-05,5.8591393062e-06,6.1921377780e-06,1.3500807074e-03,7.0476899239e-05,1.0000000000e+00,4.1921888688e+00,2.0679115636e+00,4.1921888688e+00,1.0000000000e+00,1.0002857242e+00,1.0000955859e+00,1.0002857242e+00,1.9227607318e+03,1.9845167515e+03,1.9616793903e+00,nan,3.8116993279e+00,3.9341250539e+00,3.8888520499e-03,nan,1.1853636925e+01,2.6734880411e-01,2.6547175481e+00,4.1909914012e+00,3.1430035129e-01,9.7741241613e-01,-3.0015741447e-01,-3.9414842839e-01,-3.2818971296e-03,5.6954513220e-01,3.1663529008e-01,502889,54,54,41,1.3500807074e-03,5.2956059617e-01,4.7201143545e-01,2.6913509727e-02,-3.5878445877e+00,-2.8775640067e+03,-5.7789502900e-02,-2.8776217962e+03,-6.3025777200e-06,447024,48,48,48,-1.1389590519e-04,9.9531174666e-01,5.4749400456e-01,6.8294266262e-02,-2.6131912148e+00,-1.4654790846e+00,-4.7065479362e-02,-1.5125445640e+00,7.6839395770e-05,2.6905707196e-02,6.8371105658e-02,3.6176819920e-06,3.2733057337e-03,0,0,0,2.3958248488e-04,3.1921888688e+00,3.1924284512e+00,9.3176175816e-07,2.8572417675e-04,2.8665593851e-04,4.7495061735e-03,2.3958248488e+00
245,2.4500000000e-02,1.0000000000e-04,-9.2724922354e-02,1.3432280532e-01,1.5128146865e+00,2.6370333054e-01,-2.1360199413e-01,2.1360199413e-01,1.4658600274e+00,3.3926014246e-01,1.2087707178e-01,1.2097925523e-01,1.9245008932e-01,1.2968263361e-01,0.0000000000e+00,0.0000000000e+00,0.0000000000e+00,0.0000000000e+00,2.2215267308e-05,3.2181391474e-05,3.6244390175e-04,6.3178699203e-05,2.2215267308e-05,2.3157101282e-05,1.1325840938e-04,2.6530764921e-05,-1.1448779934e+01,1.1448803515e+01,2.9083929161e+03,1.4931189274e+02,-1.1449120985e+01,1.1449120985e+01,2.9083969452e+03,1.4931005195e+02,3.4105084481e-04,3.2464499586e-03,3.7753787427e-01,2.8210524707e-02,0.0000000000e+00,0.0000000000e+00,0.0000000000e+00,0.0000000000e+00,5.4376050974e-06,5.4376162975e-06,1.3813430110e-03,7.0915775635e-05,5.8587852722e-06,6.1947639932e-06,1.3500170537e-03,7.0465384937e-05,1.0000000000e+00,4.1921888688e+00,2.0679115636e+00,4.1921888688e+00,1.0000000000e+00,1.0002857242e+00,1.0000955859e+00,1.0002857242e+00,1.9225044165e+03,1.9840891291e+03,1.9617443442e+00,nan,3.8111912060e+00,3.9332773312e+00,3.8889808151e-03,nan,1.1919795281e+01,2.6751033809e-01,2.6559876863e+00,4.1909914012e+00,3.1248534970e-01,9.7732210100e-01,-2.7535543285e-01,-3.8399789602e-01,-2.6675090774e-03,5.6956007393e-01,3.1667688575e-01,391145,42,42,41,1.3500170537e-03,5.3091067688e-01,4.7198028464e-01,2.6907207149e-02,-3.5880852709e+00,-2.8756680342e+03,-6.0409040756e-02,-2.8757284433e+03,-7.1353189053e-06,447024,48,48,48,-1.1325840938e-04,9.9518411106e-01,5.4738010865e-01,6.8371105658e-02,-2.6119842499e+00,-1.4658600274e+00,-4.6954659023e-02,-1.5128146865e+00,7.6566801233e-05,2.6898556593e-02,6.8447672459e-02,3.8669214127e-06,3.2852077488e-03,0,0,0,2.3958248488e-04,3.1921888688e+00,3.1924284512e+00,9.3176175816e-07,2.8572417675e-04,2.8665593851e-04,4.7495061735e-03,2.3958248488e+00
246,2.4600000000e-02,1.0000000000e-04,-9.2727641914e-02,1.3432866170e-01,1.5130826803e+00,2.6369905297e-01,-2.1362099759e-01,2.1362099759e-01,1.4662382360e+00,3.3926188665e-01,1.2089335567e-01,1.2099508794e-01,1.9245008713e-01,1.2969512091e-01,0.0000000000e+00,0.0000000000e+00,0.0000000000e+00,0.0000000000e+00,2.2215918867e-05,3.2182794561e-05,3.6250810838e-04,6.3177674372e-05,2.2215918867e-05,2.3152829027e-05,1.1262465852e-04,2.6513687764e-05,-1.1447095845e+01,1.1447119509e+01,2.9084077465e+03,1.4929149783e+02,-1.1447434643e+01,1.1447434643e+01,2.9084093048e+03,1.4928963673e+02,3.3879865340e-04,3.2487152208e-03,3.7754598552e-01,2.8215466419e-02,0.0000000000e+00,0.0000000000e+00,0.0000000000e+00,0.0000000000e+00,5.4368052382e-06,5.4368164775e-06,1.3813500547e-03,7.0906089060e-05,5.8585587007e-06,6.1971894640e-06,1.3499037817e-03,7.0452642180e-05,1.0000000000e+00,4.1921888688e+00,2.0679115636e+00,4.1921888688e+00,1.0000000000e+00,1.0002857242e+00,1.0000955859e+00,1.0002857242e+00,1.9221737082e+03,1.9835857731e+03,1.9617865138e+00,nan,3.8105356067e+00,3.9322794734e+00,3.8890644127e-03,nan,1.1985863482e+01,2.6766445935e-01,2.6572177665e+00,4.1909914012e+00,3.1068176383e-01,9.7723511654e-01,-2.4170281604e-01,-3.6183213281e-01,-2.1411678874e-03,5.6957477644e-01,3.1670812751e-01,502903,54,54,55,1.3499037817e-03,5.3226069394e-01,4.7194928525e-01,2.6900071830e-02,-3.5883578211e+00,-2.8736459479e+03,-6.3025802549e-02,-2.8737089737e+03,-7.9724711765e-06,447024,48,48,48,-1.1262465852e-04,9.9505550283e-01,5.4726685024e-01,6.8447672459e-02,-2.6107828164e+00,-1.4662382360e+00,-4.6844444337e-02,-1.5130826803e+00,7.6150528528e-05,2.6890521909e-02,6.8523822987e-02,4.1062968775e-06,3.2969461325e-03,0,0,0,2.3958248488e-04,3.1921888688e+00,3.1924284512e+00,9.3176175816e-07,2.8572417675e-04,2.8665593851e-04,4.7495061735e-03,2.3958248488e+00
247,2.4700000000e-02,1.0000000000e-04,-9.2729497273e-02,1.3433354998e-01,1.5133480923e+00,2.6369213321e-01,-2.1363913319e-01,2.1363913319e-01,1.4666132604e+00,3.3926125731e-01,1.2090963592e-01,1.2101091941e-01,1.9245008929e-01,1.2970761199e-01,0.0000000000e+00,0.0000000000e+00,0.0000000000e+00,0.0000000000e+00,2.2216363379e-05,3.2183965707e-05,3.6257169645e-04,6.3176016518e-05,2.2216363379e-05,2.3148454848e-05,1.1199476280e-04,2.6496567822e-05,-1.1445207265e+01,1.1445231010e+01,2.9083055882e+03,1.4926853501e+02,-1.1445543818e+01,1.1445543818e+01,2.9083046754e+03,1.4926665371e+02,3.3655364812e-04,3.2509934245e-03,3.7754975376e-01,2.8220395816e-02,0.0000000000e+00,0.0000000000e+00,0.0000000000e+00,0.0000000000e+00,5.4359082560e-06,5.4359195339e-06,1.3813015346e-03,7.0895182856e-05,5.8581136589e-06,6.1997095850e-06,1.3497344285e-03,7.0438673391e-05,1.0000000000e+00,4.1921888688e+00,2.0679115636e+00,4.1921888688e+00,1.0000000000e+00,1.0002857242e+00,1.0000955859e+00,1.0002857242e+00,1.9217690913e+03,1.9830072140e+03,1.9618060722e+00,nan,3.8097334902e+00,3.9311325323e+00,3.8891031853e-03,nan,1.2051763804e+01,2.6782390556e-01,2.6584074536e+00,4.1909914012e+00,3.0888997650e-01,9.7714683922e-01,-1.9771256930e-01,-3.1866242612e-01,-1.7069848465e-03,5.6958747905e-01,3.1674780297e-01,512118,55,54,54,1.3497344285e-03,5.3361059772e-01,4.7191843317e-01,2.6892099359e-02,-3.5886624315e+00,-2.8714977782e+03,-6.5639576793e-02,-2.8715634178e+03,-8.8084301946e-06,447024,48,48,48,-1.1199476280e-04,9.9492582866e-01,5.4715422558e-01,6.8523822987e-02,-2.6095891492e+00,-1.4666132604e+00,-4.6734831941e-02,-1.5133480923e+00,7.5592587136e-05,2.6881386600e-02,6.8599415574e-02,4.3346210031e-06,3.3085271395e-03,0,0,0,2.3958248488e-04,3.1921888688e+00,3.1924284512e+00,9.3176175816e-07,2.8572417675e-04,2.8665593851e-04,4.7495061735e-03,2.3958248488e+00
248,2.4800000000e-02,1.0000000000e-04,-9.2730495889e-02,1.3433748095e-01,1.5136104819e+00,2.6368258035e-01,-2.1365640856e-01,2.1365640856e-01,1.4669846636e+00,3.3925826723e-01,1.2092591267e-01,1.2102674979e-01,1.9245008861e-01,1.2972010691e-01,0.0000000000e+00,0.0000000000e+00,0.0000000000e+00,0.0000000000e+00,2.2216602630e-05,3.2184907498e-05,3.6263456040e-04,6.3173727821e-05,2.2216602630e-05,2.3143981542e-05,1.1136883360e-04,2.6479409180e-05,-1.1443114062e+01,1.1443137885e+01,2.9080865253e+03,1.4924300715e+02,-1.1443448377e+01,1.1443448377e+01,2.9080831414e+03,1.4924110575e+02,3.3431544692e-04,3.2533191289e-03,3.7754924055e-01,2.8225312707e-02,0.0000000000e+00,0.0000000000e+00,0.0000000000e+00,0.0000000000e+00,5.4349140880e-06,5.4349254030e-06,1.3811974905e-03,7.0883058381e-05,5.8575792761e-06,6.2020857677e-06,1.3495218763e-03,7.0423477156e-05,1.0000000000e+00,4.1921888688e+00,2.0679115636e+00,4.1921888688e+00,1.0000000000e+00,1.0002857242e+00,1.0000955859e+00,1.0002857242e+00,1.9212912173e+03,1.9823541538e+03,1.9618034124e+00,nan,3.8087861482e+00,3.9298378996e+00,3.8890979126e-03,nan,1.2117590108e+01,2.6797834057e-01,2.6595562113e+00,4.1909914012e+00,3.0711036883e-01,9.7706655678e-01,-1.4313897629e-01,-2.4392086033e-01,-1.3638353471e-03,5.6959838594e-01,3.1678749116e-01,392297,42,54,41,1.3495218763e-03,5.3496033215e-01,4.7188772429e-01,2.6883290929e-02,-3.5889990841e+00,-2.8692238607e+03,-6.8250139976e-02,-2.8692921108e+03,-9.6377401400e-06,447024,48,48,48,-1.1136883360e-04,9.9479507204e-01,5.4704223082e-01,6.8599415574e-02,-2.6084054426e+00,-1.4669846636e+00,-4.6625818359e-02,-1.5136104819e+00,7.4895887400e-05,2.6871453336e-02,6.8674311462e-02,4.5508055871e-06,3.3199586948e-03,0,0,0,2.3958248488e-04,3.1921888688e+00,3.1924284512e+00,9.3176175816e-07,2.8572417675e-04,2.8665593851e-04,4.7495061735e-03,2.3958248488e+00
249,2.4900000000e-02,1.0000000000e-04,-9.2730649182e-02,1.3434047008e-01,1.5138694239e+00,2.6367041773e-01,-2.1367283527e-01,2.1367283527e-01,1.4673520239e+00,3.3925294152e-01,1.2094218609e-01,1.2104257922e-01,1.9245008250e-01,1.2973260578e-01,0.0000000000e+00,0.0000000000e+00,0.0000000000e+00,0.0000000000e+00,2.2216639356e-05,3.2185623642e-05,3.6269659836e-04,6.3170813869e-05,2.2216639356e-05,2.3139412291e-05,1.1074698249e-04,2.6462216414e-05,-1.1440817146e+01,1.1440841045e+01,2.9077509203e+03,1.4921493112e+02,-1.1441149230e+01,1.1441149230e+01,2.9077450653e+03,1.4921300973e+02,3.3208417389e-04,3.2556078156e-03,3.7755005872e-01,2.8230216815e-02,0.0000000000e+00,0.0000000000e+00,0.0000000000e+00,0.0000000000e+00,5.4338231666e-06,5.4338345175e-06,1.3810380947e-03,7.0869723651e-05,5.8569964217e-06,6.2046952530e-06,1.3492610708e-03,7.0407067272e-05,1.0000000000e+00,4.1921888688e+00,2.0679115636e+00,4.1921888688e+00,1.0000000000e+00,1.0002857242e+00,1.0000955859e+00,1.0002857242e+00,1.9207409004e+03,1.9816274609e+03,1.9618077260e+00,nan,3.8076951946e+00,3.9283972965e+00,3.8891064638e-03,nan,1.2183276153e+01,2.6814402955e-01,2.6606640264e+00,4.1909914012e+00,3.0534331723e-01,9.7699047981e-01,-8.0091323237e-02,-1.3751415146e-01,-1.1119500068e-03,5.6960682019e-01,3.1683158645e-01,512118,55,54,54,1.3492610708e-03,5.3630985402e-01,4.7185715447e-01,2.6873653189e-02,-3.5893675553e+00,-2.8668247973e+03,-7.0857294022e-02,-2.8668956546e+03,-1.0455105348e-05,447024,48,48,48,-1.1074698249e-04,9.9466324356e-01,5.4693086199e-01,6.8674311462e-02,-2.6072338368e+00,-1.4673520239e+00,-4.6517400002e-02,-1.5138694239e+00,7.4064221742e-05,2.6860735779e-02,6.8748375684e-02,4.7538427990e-06,3.3312684532e-03,0,0,0,2.3958248488e-04,3.1921888688e+00,3.1924284512e+00,9.3176175816e-07,2.8572417675e-04,2.8665593851e-04,4.7495061735e-03,2.3958248488e+00
250,2.5000000000e-02,1.0000000000e-04,-9.2729972372e-02,1.3434253335e-01,1.5141245108e+00,2.6365568241e-01,-2.1368842872e-01,2.1368842872e-01,1.4677149376e+00,3.3924531711e-01,1.2095845634e-01,1.2105840781e-01,1.9245008953e-01,1.2974510867e-01,0.0000000000e+00,0.0000000000e+00,0.0000000000e+00,0.0000000000e+00,2.2216477204e-05,3.2186117966e-05,3.6275771272e-04,6.3167283545e-05,2.2216477204e-05,2.3134750633e-05,1.1012932032e-04,2.6444994548e-05,-1.1438318470e+01,1.1438342448e+01,2.9072994075e+03,1.4918433712e+02,-1.1438648330e+01,1.1438648330e+01,2.9072910816e+03,1.4918239585e+02,3.2986011522e-04,3.2578596659e-03,3.7754684771e-01,2.8235107955e-02,0.0000000000e+00,0.0000000000e+00,0.0000000000e+00,0.0000000000e+00,5.4326364187e-06,5.4326478071e-06,1.3808236484e-03,7.0855193012e-05,5.8562832850e-06,6.2071156735e-06,1.3489501863e-03,7.0389459725e-05,1.0000000000e+00,4.1921888688e+00,2.0679115636e+00,4.1921888688e+00,1.0000000000e+00,1.0002857242e+00,1.0000955859e+00,1.0002857242e+00,1.9201191096e+03,1.9808281615e+03,1.9617909694e+00,nan,3.8064625505e+00,3.9268127578e+00,3.8890732454e-03,nan,1.2248783361e+01,2.6830268336e-01,2.6617309222e+00,4.1909914012e+00,3.0358919040e-01,9.7691706530e-01,-1.3084599816e-02,-2.0477219107e-02,-9.4983163922e-04,5.6961270772e-01,3.1687519762e-01,501642,54,41,42,1.3489501863e-03,5.3765911509e-01,4.7182671963e-01,2.6863198083e-02,-3.5897674215e+00,-2.8643014755e+03,-7.3460831603e-02,-2.8643749363e+03,-1.1255446411e-05,447024,48,48,48,-1.1012932032e-04,9.9453034976e-01,5.4682011500e-01,6.8748375684e-02,-2.6060764041e+00,-1.4677149376e+00,-4.6409573168e-02,-1.5141245108e+00,7.3102219867e-05,2.6849252337e-02,6.8821477903e-02,4.9428424402e-06,3.3424354844e-03,0,0,0,2.3958248488e-04,3.1921888688e+00,3.1924284512e+00,9.3176175816e-07,2.8572417675e-04,2.8665593851e-04,4.7495061735e-03,2.3958248488e+00
251,2.5100000000e-02,1.0000000000e-04,-9.2728484295e-02,1.3434369492e-01,1.5143753556e+00,2.6363842463e-01,-2.1370320788e-01,2.1370320788e-01,1.4680730215e+00,3.3923544225e-01,1.2097472358e-01,1.2107423571e-01,1.9245008648e-01,1.2975761568e-01,0.0000000000e+00,0.0000000000e+00,0.0000000000e+00,0.0000000000e+00,2.2216120687e-05,3.2186396257e-05,3.6281781073e-04,6.3163148882e-05,2.2216120687e-05,2.3130000431e-05,1.0951595628e-04,2.6427748999e-05,-1.1435620987e+01,1.1435645042e+01,2.9079900052e+03,1.4915126875e+02,-1.1435948630e+01,1.1435948630e+01,2.9080293619e+03,1.4914930772e+02,3.2764322121e-04,3.2600745422e-03,3.7753740036e-01,2.8239985819e-02,0.0000000000e+00,0.0000000000e+00,0.0000000000e+00,0.0000000000e+00,5.4313552474e-06,5.4313666724e-06,1.3811516482e-03,7.0839487172e-05,5.8555252574e-06,6.2092013120e-06,1.3485949386e-03,7.0370667267e-05,1.0000000000e+00,4.1921888688e+00,2.0679115636e+00,4.1921888688e+00,1.0000000000e+00,1.0002857242e+00,1.0000955859e+00,1.0002857242e+00,1.9202570846e+03,1.9808479001e+03,1.9617419107e+00,nan,3.8067360735e+00,3.9268518878e+00,3.8889759909e-03,nan,1.2314141102e+01,2.6844795488e-01,2.6627567588e+00,4.1909914012e+00,3.0184834659e-01,9.7642785301e-01,5.2118483290e-02,8.0354053767e-02,-8.7518682643e-04,5.6961638799e-01,3.1691975827e-01,502903,54,54,55,1.3485949386e-03,5.3900806528e-01,4.7179641570e-01,2.6851942637e-02,-3.5901980666e+00,-2.8616550528e+03,-7.6060542452e-02,-2.8617311133e+03,-1.2033942959e-05,447024,48,48,48,-1.0951595628e-04,9.9439641439e-01,5.4670998568e-01,6.8821477903e-02,-2.6049351369e+00,-1.4680730215e+00,-4.6302334044e-02,-1.5143753556e+00,7.2015308905e-05,2.6837025908e-02,6.8893493212e-02,5.1170025384e-06,3.3534620018e-03,0,0,0,2.3958248488e-04,3.1921888688e+00,3.1924284512e+00,9.3176175816e-07,2.8572417675e-04,2.8665593851e-04,4.7495061735e-03,2.3958248488e+00
252,2.5200000000e-02,1.0000000000e-04,-9.2726207212e-02,1.3434397819e-01,1.5146215933e+00,2.6361870715e-01,-2.1371719517e-01,2.1371719517e-01,1.4684259146e+00,3.3922337592e-01,1.2099098796e-01,1.2109006303e-01,1.9245008888e-01,1.2977012687e-01,0.0000000000e+00,0.0000000000e+00,0.0000000000e+00,0.0000000000e+00,2.2215575138e-05,3.2186464123e-05,3.6287680497e-04,6.3158424920e-05,2.2215575138e-05,2.3125165847e-05,1.0890699710e-04,2.6410485538e-05,-1.1432728583e+01,1.1432752712e+01,2.9087997735e+03,1.4911578184e+02,-1.1433054017e+01,1.1433054017e+01,2.9088366740e+03,1.4911380116e+02,3.2543377180e-04,3.2622526382e-03,3.7752165476e-01,2.8244850093e-02,0.0000000000e+00,0.0000000000e+00,0.0000000000e+00,0.0000000000e+00,5.4299814986e-06,5.4299929587e-06,1.3815362482e-03,7.0822632642e-05,5.8552283229e-06,6.2106949538e-06,1.3481744917e-03,7.0350546240e-05,1.0000000000e+00,4.1921888688e+00,2.0679115636e+00,4.1921888688e+00,1.0000000000e+00,1.0002857242e+00,1.0000955859e+00,1.0002857242e+00,1.9204795353e+03,1.9809216421e+03,1.9616600697e+00,nan,3.8071770619e+00,3.9269980745e+00,3.8888137485e-03,nan,1.2379135663e+01,2.6856866649e-01,2.6637354371e+00,4.1909914012e+00,3.0012113094e-01,9.7585169663e-01,1.1068477179e-01,1.5496068057e-01,-8.8518010774e-04,5.6961964737e-01,3.1693838052e-01,502889,54,54,41,1.3481744917e-03,5.4035666022e-01,4.7176623868e-01,2.6839908694e-02,-3.5906586921e+00,-2.8588869302e+03,-7.8656227937e-02,-2.8589655865e+03,-1.2786037663e-05,447024,48,48,48,-1.0890699710e-04,9.9426145342e-01,5.4660046973e-01,6.8893493212e-02,-2.6038119357e+00,-1.4684259146e+00,-4.6195678703e-02,-1.5146215933e+00,7.0809653922e-05,2.6824083587e-02,6.8964302866e-02,5.2756097561e-06,3.3643528688e-03,0,0,0,2.3958248488e-04,3.1921888688e+00,3.1924284512e+00,9.3176175816e-07,2.8572417675e-04,2.8665593851e-04,4.7495061735e-03,2.3958248488e+00
253,2.5300000000e-02,1.0000000000e-04,-9.2723166594e-02,1.3434341851e-01,1.5148628832e+00,2.6359660456e-01,-2.1373041623e-01,2.1373041623e-01,1.4687732801e+00,3.3920918722e-01,1.2100724963e-01,1.2110588990e-01,1.9245008942e-01,1.2978264232e-01,0.0000000000e+00,0.0000000000e+00,0.0000000000e+00,0.0000000000e+00,2.2214846659e-05,3.2186330034e-05,3.6293461382e-04,6.3153129528e-05,2.2214846659e-05,2.3120251307e-05,1.0830254617e-04,2.6393210241e-05,-1.1429646065e+01,1.1429670269e+01,2.9094972090e+03,1.4907794348e+02,-1.1429969299e+01,1.1429969299e+01,2.9095316517e+03,1.4907594327e+02,3.2323402961e-04,3.2643961252e-03,3.7751341673e-01,2.8249700650e-02,0.0000000000e+00,0.0000000000e+00,0.0000000000e+00,0.0000000000e+00,5.4285174546e-06,5.4285289505e-06,1.3818674956e-03,7.0804661289e-05,5.8547324041e-06,6.2123359559e-06,1.3476806021e-03,7.0329248537e-05,1.0000000000e+00,4.1921888688e+00,2.0679115636e+00,4.1921888688e+00,1.0000000000e+00,1.0002857242e+00,1.0000955859e+00,1.0002857242e+00,1.9206340331e+03,1.9809263220e+03,1.9616172581e+00,nan,3.8074833399e+00,3.9270073521e+00,3.8887288785e-03,nan,1.2443664989e+01,2.6869673143e-01,2.6646720082e+00,4.1909914012e+00,2.9840787307e-01,9.7526036784e-01,1.6041969432e-01,2.0750344587e-01,-9.8009267419e-04,5.6961766171e-01,3.1697628518e-01,502903,54,54,55,1.3476806021e-03,5.4170483471e-01,4.7173618469e-01,2.6827122656e-02,-3.5911483258e+00,-2.8559987883e+03,-8.1247650024e-02,-2.8560800359e+03,-1.3507482925e-05,447024,48,48,48,-1.0830254617e-04,9.9412569823e-01,5.4649156273e-01,6.8964302866e-02,-2.6027085984e+00,-1.4687732801e+00,-4.6089603112e-02,-1.5148628832e+00,6.9492147706e-05,2.6810456368e-02,6.9033795014e-02,5.4179925475e-06,3.3751551804e-03,0,0,0,2.3958248488e-04,3.1921888688e+00,3.1924284512e+00,9.3176175816e-07,2.8572417675e-04,2.8665593851e-04,4.7495061735e-03,2.3958248488e+00
254,2.5400000000e-02,1.0000000000e-04,-9.2719390904e-02,1.3434204571e-01,1.5150989108e+00,2.6357220252e-01,-2.1374289964e-01,2.1374289964e-01,1.4691148076e+00,3.3919295470e-01,1.2102350874e-01,1.2112171642e-01,1.9245008864e-01,1.2979516212e-01,0.0000000000e+00,0.0000000000e+00,0.0000000000e+00,0.0000000000e+00,2.2213942070e-05,3.2186001136e-05,3.6299116189e-04,6.3147283226e-05,2.2213942070e-05,2.3115261476e-05,1.0770270279e-04,2.6375929443e-05,-1.1426379198e+01,1.1426403471e+01,2.9100836341e+03,1.4903782850e+02,-1.1426700242e+01,1.1426700242e+01,2.9101156178e+03,1.4903580888e+02,3.2104367994e-04,3.2665046431e-03,3.7753250179e-01,2.8254538919e-02,0.0000000000e+00,0.0000000000e+00,0.0000000000e+00,0.0000000000e+00,5.4269658541e-06,5.4269773826e-06,1.3821460185e-03,7.0785608653e-05,5.8546783621e-06,6.2137390657e-06,1.3471700822e-03,7.0306767696e-05,1.0000000000e+00,4.1921888688e+00,2.0679115636e+00,4.1921888688e+00,1.0000000000e+00,1.0002857242e+00,1.0000955859e+00,1.0002857242e+00,1.9207218838e+03,1.9808633081e+03,1.9617164349e+00,nan,3.8076574960e+00,3.9268824327e+00,3.8889254876e-03,nan,1.2508229109e+01,2.6881543487e-01,2.6655655054e+00,4.1909914012e+00,2.9670888468e-01,9.7469447085e-01,2.0096824586e-01,2.4432098346e-01,-1.1497938390e-03,5.6961638072e-01,3.1699062406e-01,381930,41,42,42,1.3471700822e-03,5.4305251531e-01,4.7170624993e-01,2.6813615173e-02,-3.5916658333e+00,-2.8529925528e+03,-8.3834555747e-02,-2.8530763873e+03,-1.4194470352e-05,447024,48,48,48,-1.0770270279e-04,9.9398911781e-01,5.4638326018e-01,6.9033795014e-02,-2.6016268094e+00,-1.4691148076e+00,-4.5984103134e-02,-1.5150989108e+00,6.8070344087e-05,2.6796178802e-02,6.9101865358e-02,5.5437686778e-06,3.3858429790e-03,0,0,0,2.3958248488e-04,3.1921888688e+00,3.1924284512e+00,9.3176175816e-07,2.8572417675e-04,2.8665593851e-04,4.7495061735e-03,2.3958248488e+00
255,2.5500000000e-02,1.0000000000e-04,-9.2714911363e-02,1.3433991041e-01,1.5153293887e+00,2.6354559691e-01,-2.1375467678e-01,2.1375467678e-01,1.4694502142e+00,3.3917476560e-01,1.2103976542e-01,1.2113754272e-01,1.9245007858e-01,1.2980768632e-01,0.0000000000e+00,0.0000000000e+00,0.0000000000e+00,0.0000000000e+00,2.2212868850e-05,3.2185489556e-05,3.6304638037e-04,6.3140908987e-05,2.2212868850e-05,2.3110201228e-05,1.0710756140e-04,2.6358649692e-05,-1.1422934300e+01,1.1422958643e+01,2.9105607437e+03,1.4899552488e+02,-1.1423253164e+01,1.1423253164e+01,2.9105902675e+03,1.4899348597e+02,3.1886488817e-04,3.2685803024e-03,3.7754466420e-01,2.8259364388e-02,0.0000000000e+00,0.0000000000e+00,0.0000000000e+00,0.0000000000e+00,5.4253296975e-06,5.4253412595e-06,1.3823726221e-03,7.0765516525e-05,5.8539428911e-06,6.2152794396e-06,1.3467714200e-03,7.0283263040e-05,1.0000000000e+00,4.1921888688e+00,2.0679115636e+00,4.1921888688e+00,1.0000000000e+00,1.0002857242e+00,1.0000955859e+00,1.0002857242e+00,1.9207446020e+03,1.9807341816e+03,1.9617797352e+00,nan,3.8077025328e+00,3.9266264511e+00,3.8890509746e-03,nan,1.2574008804e+01,2.6894094856e-01,2.6664212265e+00,4.1909914012e+00,2.9502445745e-01,9.7424630562e-01,2.3344957582e-01,2.7079581836e-01,-1.3954157886e-03,5.6961646285e-01,3.1702666189e-01,502903,54,54,55,1.3467714200e-03,5.4439968539e-01,4.7167643073e-01,2.6799420703e-02,-3.5922099344e+00,-2.8498702428e+03,-8.6416801991e-02,-2.8499566596e+03,-1.4843560403e-05,447024,48,48,48,-1.0710756140e-04,9.9385163299e-01,5.4627555748e-01,6.9101865358e-02,-2.6005681308e+00,-1.4694502142e+00,-4.5879174528e-02,-1.5153293887e+00,6.6552319298e-05,2.6781288628e-02,6.9168417677e-02,5.6524742202e-06,3.3964124086e-03,0,0,0,2.3958248488e-04,3.1921888688e+00,3.1924284512e+00,9.3176175816e-07,2.8572417675e-04,2.8665593851e-04,4.7495061735e-03,2.3958248488e+00
256,2.5600000000e-02,1.0000000000e-04,-9.2709761703e-02,1.3433703798e-01,1.5155540586e+00,2.6351689300e-01,-2.1376578152e-01,2.1376578152e-01,1.4697792456e+00,3.3915471516e-01,1.2105601981e-01,1.2115337310e-01,1.9245006046e-01,1.2982021499e-01,0.0000000000e+00,0.0000000000e+00,0.0000000000e+00,0.0000000000e+00,2.2211635082e-05,3.2184801371e-05,3.6310020733e-04,6.3134032033e-05,2.2211635082e-05,2.3105075616e-05,1.0651721095e-04,2.6341377710e-05,-1.1419318599e+01,1.1419343009e+01,2.9109303217e+03,1.4895112738e+02,-1.1419635295e+01,1.1419635295e+01,2.9109573846e+03,1.4894906930e+02,3.1669541458e-04,3.2706207986e-03,3.7754985611e-01,2.8264178020e-02,0.0000000000e+00,0.0000000000e+00,0.0000000000e+00,0.0000000000e+00,5.4236124185e-06,5.4236240121e-06,1.3825481533e-03,7.0744429902e-05,5.8528423776e-06,6.2168075023e-06,1.3462723980e-03,7.0258881548e-05,1.0000000000e+00,4.1921888688e+00,2.0679115636e+00,4.1921888688e+00,1.0000000000e+00,1.0002857242e+00,1.0000955859e+00,1.0002857242e+00,1.9207037223e+03,1.9805405426e+03,1.9618068979e+00,nan,3.8076214925e+00,3.9262425793e+00,3.8891048223e-03,nan,1.2639012851e+01,2.6906674558e-01,2.6672439962e+00,4.1909914012e+00,2.9335486127e-01,9.7376166954e-01,2.5948223899e-01,2.9058667954e-01,-1.7107075335e-03,5.6961278833e-01,3.1706808899e-01,502903,54,54,55,1.3462723980e-03,5.4574645681e-01,4.7164672357e-01,2.6784577143e-02,-3.5927792162e+00,-2.8466337843e+03,-8.8994491821e-02,-2.8467227788e+03,-1.5451445769e-05,447024,48,48,48,-1.0651721095e-04,9.9371315630e-01,5.4616844992e-01,6.9168417677e-02,-2.5995339947e+00,-1.4697792456e+00,-4.5774812957e-02,-1.5155540586e+00,6.4946658778e-05,2.6765826401e-02,6.9233364336e-02,5.7439453845e-06,3.4068567081e-03,0,0,0,2.3958248488e-04,3.1921888688e+00,3.1924284512e+00,9.3176175816e-07,2.8572417675e-04,2.8665593851e-04,4.7495061735e-03,2.3958248488e+00
257,2.5700000000e-02,1.0000000000e-04,-9.2703977922e-02,1.3433347237e-01,1.5157726913e+00,2.6348620454e-01,-2.1377624996e-01,2.1377624996e-01,1.4701016773e+00,3.3913290575e-01,1.2107227204e-01,1.2116920546e-01,1.9245008000e-01,1.2983274819e-01,0.0000000000e+00,0.0000000000e+00,0.0000000000e+00,0.0000000000e+00,2.2210249389e-05,3.2183947113e-05,3.6315258790e-04,6.3126679617e-05,2.2210249389e-05,2.3099889847e-05,1.0593173426e-04,2.6324120350e-05,-1.1415539839e+01,1.1415564308e+01,2.9111943600e+03,1.4890474317e+02,-1.1415854374e+01,1.1415854374e+01,2.9112189613e+03,1.4890266606e+02,3.1453420708e-04,3.2726250299e-03,3.7754803084e-01,2.8268978910e-02,0.0000000000e+00,0.0000000000e+00,0.0000000000e+00,0.0000000000e+00,5.4218176941e-06,5.4218293156e-06,1.3826735585e-03,7.0722399695e-05,5.8515074783e-06,6.2184696689e-06,1.3457028839e-03,7.0233621956e-05,1.0000000000e+00,4.1921888688e+00,2.0679115636e+00,4.1921888688e+00,1.0000000000e+00,1.0002857242e+00,1.0000955859e+00,1.0002857242e+00,1.9206008769e+03,1.9802840894e+03,1.9617972143e+00,nan,3.8074176106e+00,3.9257341840e+00,3.8890856253e-03,nan,1.2703491482e+01,2.6919910484e-01,2.6680330063e+00,4.1909914012e+00,2.9170034248e-01,9.7326145827e-01,2.8015246344e-01,3.0557090913e-01,-2.0915760200e-03,5.6960863489e-01,3.1711844675e-01,512118,55,54,54,1.3457028839e-03,5.4709272921e-01,4.7161712511e-01,2.6769125697e-02,-3.5933721377e+00,-2.8432857013e+03,-9.1567321993e-02,-2.8433772686e+03,-1.6015392265e-05,447024,48,48,48,-1.0593173426e-04,9.9357368995e-01,5.4606193271e-01,6.9233364336e-02,-2.5985256960e+00,-1.4701016773e+00,-4.5671013995e-02,-1.5157726913e+00,6.3262412930e-05,2.6749835102e-02,6.9296626749e-02,5.8179963355e-06,3.4171796079e-03,0,0,0,2.3958248488e-04,3.1921888688e+00,3.1924284512e+00,9.3176175816e-07,2.8572417675e-04,2.8665593851e-04,4.7495061735e-03,2.3958248488e+00
258,2.5800000000e-02,1.0000000000e-04,-9.2697598021e-02,1.3432925430e-01,1.5159850884e+00,2.6345365284e-01,-2.1378612025e-01,2.1378612025e-01,1.4704173153e+00,3.3910944617e-01,1.2108852222e-01,1.2118503785e-01,1.9245008905e-01,1.2984528598e-01,0.0000000000e+00,0.0000000000e+00,0.0000000000e+00,0.0000000000e+00,2.2208720877e-05,3.2182936538e-05,3.6320347453e-04,6.3118880800e-05,2.2208720877e-05,2.3094649255e-05,1.0535120744e-04,2.6306884556e-05,-1.1411606370e+01,1.1411630899e+01,2.9113549973e+03,1.4885648582e+02,-1.1411918751e+01,1.1411918751e+01,2.9113771365e+03,1.4885438979e+02,3.1238071476e-04,3.2745924090e-03,3.7754928012e-01,2.8273766567e-02,0.0000000000e+00,0.0000000000e+00,0.0000000000e+00,0.0000000000e+00,5.4199494905e-06,5.4199611403e-06,1.3827498533e-03,7.0699479835e-05,5.8499800836e-06,6.2203700451e-06,1.3450788656e-03,7.0207505929e-05,1.0000000000e+00,4.1921888688e+00,2.0679115636e+00,4.1921888688e+00,1.0000000000e+00,1.0002857242e+00,1.0000955859e+00,1.0002857242e+00,1.9204377533e+03,1.9799665756e+03,1.9618036136e+00,nan,3.8070942330e+00,3.9251047416e+00,3.8890983113e-03,nan,1.2767569525e+01,2.6934247741e-01,2.6687883082e+00,4.1909914012e+00,2.9006112229e-01,9.7275646958e-01,2.9669244981e-01,3.1723735501e-01,-2.5355307643e-03,5.6960162222e-01,3.1718202453e-01,502903,54,54,55,1.3450788656e-03,5.4843843210e-01,4.7158763215e-01,2.6753110304e-02,-3.5939870510e+00,-2.8398286138e+03,-9.4135047629e-02,-2.8399227489e+03,-1.6533099845e-05,447024,48,48,48,-1.0535120744e-04,9.9343324384e-01,5.4595600097e-01,6.9296626749e-02,-2.5975443867e+00,-1.4704173153e+00,-4.5567773130e-02,-1.5159850884e+00,6.1509008146e-05,2.6733359772e-02,6.9358135757e-02,5.8745702246e-06,3.4274336625e-03,0,0,0,2.3958248488e-04,3.1921888688e+00,3.1924284512e+00,9.3176175816e-07,2.8572417675e-04,2.8665593851e-04,4.7495061735e-03,2.3958248488e+00
259,2.5900000000e-02,1.0000000000e-04,-9.2690661746e-02,1.3432443575e-01,1.5161910826e+00,2.6341936580e-01,-2.1379543222e-01,2.1379543222e-01,1.4707259968e+00,3.3908445072e-01,1.2110477048e-01,1.2120087035e-01,1.9245008759e-01,1.2985782839e-01,0.0000000000e+00,0.0000000000e+00,0.0000000000e+00,0.0000000000e+00,2.2207059067e-05,3.2181782098e-05,3.6325282713e-04,6.3110666225e-05,2.2207059067e-05,2.3089359267e-05,1.0477569936e-04,2.6289677322e-05,-1.1407527037e+01,1.1407551621e+01,2.9114145051e+03,1.4880647512e+02,-1.1407837272e+01,1.1407837272e+01,2.9114341816e+03,1.4880436031e+02,3.1023453135e-04,3.2765225001e-03,3.7754912123e-01,2.8278540484e-02,0.0000000000e+00,0.0000000000e+00,0.0000000000e+00,0.0000000000e+00,5.4180120088e-06,5.4180236848e-06,1.3827781165e-03,7.0675727223e-05,5.8484461995e-06,6.2221031293e-06,1.3444033649e-03,7.0180582064e-05,1.0000000000e+00,4.1921888688e+00,2.0679115636e+00,4.1921888688e+00,1.0000000000e+00,1.0002857242e+00,1.0000955859e+00,1.0002857242e+00,1.9202160852e+03,1.9795897998e+03,1.9618028028e+00,nan,3.8066547960e+00,3.9243578175e+00,3.8890967041e-03,nan,1.2831251647e+01,2.6947924614e-01,2.6695109721e+00,4.1909914012e+00,2.8843739548e-01,9.7224807715e-01,3.1005743454e-01,3.2653578785e-01,-3.0350498312e-03,5.6959314797e-01,3.1724207695e-01,383082,41,54,42,1.3444033649e-03,5.4978351096e-01,4.7155824170e-01,2.6736577205e-02,-3.5946222175e+00,-2.8362652385e+03,-9.6697455412e-02,-2.8363619359e+03,-1.7002665021e-05,447024,48,48,48,-1.0477569936e-04,9.9329182254e-01,5.4585064977e-01,6.9358135757e-02,-2.5965910704e+00,-1.4707259968e+00,-4.5465085769e-02,-1.5161910826e+00,5.9696165895e-05,2.6716447145e-02,6.9417831923e-02,5.9137154885e-06,3.4375990924e-03,0,0,0,2.3958248488e-04,3.1921888688e+00,3.1924284512e+00,9.3176175816e-07,2.8572417675e-04,2.8665593851e-04,4.7495061735e-03,2.3958248488e+00
260,2.6000000000e-02,1.0000000000e-04,-9.2683210328e-02,1.3431905786e-01,1.5163905378e+00,2.6338347696e-01,-2.1380422723e-01,2.1380422723e-01,1.4710275905e+00,3.3905803845e-01,1.2112101690e-01,1.2121670303e-01,1.9245008972e-01,1.2987037547e-01,0.0000000000e+00,0.0000000000e+00,0.0000000000e+00,0.0000000000e+00,2.2205273837e-05,3.2180493649e-05,3.6330061309e-04,6.3102067888e-05,2.2205273837e-05,2.3084025388e-05,1.0420527118e-04,2.6272505658e-05,-1.1403311098e+01,1.1403335734e+01,2.9113752651e+03,1.4875483611e+02,-1.1403619194e+01,1.1403619194e+01,2.9113924786e+03,1.4875270264e+02,3.0809596042e-04,3.2784155925e-03,3.7754611019e-01,2.8283300126e-02,0.0000000000e+00,0.0000000000e+00,0.0000000000e+00,0.0000000000e+00,5.4160096457e-06,5.4160213469e-06,1.3827594795e-03,7.0651201246e-05,5.8468008553e-06,6.2237048578e-06,1.3436619921e-03,7.0152899864e-05,1.0000000000e+00,4.1921888688e+00,2.0679115636e+00,4.1921888688e+00,1.0000000000e+00,1.0002857242e+00,1.0000955859e+00,1.0002857242e+00,1.9199376365e+03,1.9791555899e+03,1.9617871353e+00,nan,3.8061027966e+00,3.9234970357e+00,3.8890656446e-03,nan,1.2894376425e+01,2.6961089989e-01,2.6702021032e+00,4.1909914012e+00,2.8682932928e-01,9.7172502666e-01,3.2074262442e-01,3.3391312309e-01,-3.5864156364e-03,5.6958238071e-01,3.1729826188e-01,502903,54,54,55,1.3436619921e-03,5.5112791433e-01,4.7152895098e-01,2.6719574540e-02,-3.5952758221e+00,-2.8325983947e+03,-9.9254338755e-02,-2.8326976491e+03,-1.7422566148e-05,447024,48,48,48,-1.0420527118e-04,9.9314942263e-01,5.4574587407e-01,6.9417831923e-02,-2.5956665988e+00,-1.4710275905e+00,-4.5362947251e-02,-1.5163905378e+00,5.7833823620e-05,2.6699145242e-02,6.9475665747e-02,5.9355749117e-06,3.4476810586e-03,0,0,0,2.3958248488e-04,3.1921888688e+00,3.1924284512e+00,9.3176175816e-07,2.8572417675e-04,2.8665593851e-04,4.7495061735e-03,2.3958248488e+00
261,2.6100000000e-02,1.0000000000e-04,-9.2675286213e-02,1.3431316505e-01,1.5165833495e+00,2.6334612454e-01,-2.1381254781e-01,2.1381254781e-01,1.4713219966e+00,3.3903033226e-01,1.2113726159e-01,1.2123253597e-01,1.9245008955e-01,1.2988292726e-01,0.0000000000e+00,0.0000000000e+00,0.0000000000e+00,0.0000000000e+00,2.2203375358e-05,3.2179081834e-05,3.6334680740e-04,6.3093118902e-05,2.2203375358e-05,2.3078653163e-05,1.0363997601e-04,2.6255376555e-05,-1.1398968177e+01,1.1398992862e+01,2.9112397462e+03,1.4870169808e+02,-1.1399274142e+01,1.1399274142e+01,2.9112544965e+03,1.4869954608e+02,3.0596487091e-04,3.2802715461e-03,3.7755001650e-01,2.8288045021e-02,0.0000000000e+00,0.0000000000e+00,0.0000000000e+00,0.0000000000e+00,5.4139469727e-06,5.4139586970e-06,1.3826951147e-03,7.0625963306e-05,5.8453669355e-06,6.2248562917e-06,1.3428675336e-03,7.0124461144e-05,1.0000000000e+00,4.1921888688e+00,2.0679115636e+00,4.1921888688e+00,1.0000000000e+00,1.0002857242e+00,1.0000955859e+00,1.0002857242e+00,1.9196041861e+03,1.9786657871e+03,1.9618074347e+00,nan,3.8054417613e+00,3.9225260460e+00,3.8891058864e-03,nan,1.2957042112e+01,2.6972355135e-01,2.6708609948e+00,4.1909914012e+00,2.8523706248e-01,9.7119568827e-01,3.2943286315e-01,3.3990996107e-01,-4.1829077265e-03,5.6956964428e-01,3.1733384625e-01,502903,54,54,55,1.3428675336e-03,5.5247157632e-01,4.7149975739e-01,2.6702151973e-02,-3.5959459880e+00,-2.8288310264e+03,-1.0180546476e-01,-2.8289328319e+03,-1.7791706631e-05,447024,48,48,48,-1.0363997601e-04,9.9300607072e-01,5.4564166880e-01,6.9475665747e-02,-2.5947716694e+00,-1.4713219966e+00,-4.5261352849e-02,-1.5165833495e+00,5.5932067942e-05,2.6681502986e-02,6.9531597815e-02,5.9403947641e-06,3.4576871557e-03,0,0,0,2.3958248488e-04,3.1921888688e+00,3.1924284512e+00,9.3176175816e-07,2.8572417675e-04,2.8665593851e-04,4.7495061735e-03,2.3958248488e+00
262,2.6200000000e-02,1.0000000000e-04,-9.2666932805e-02,1.3430680969e-01,1.5167694446e+00,2.6330745044e-01,-2.1382043744e-01,2.1382043744e-01,1.4716091469e+00,3.3900145812e-01,1.2115350464e-01,1.2124836922e-01,1.9245008971e-01,1.2989548378e-01,0.0000000000e+00,0.0000000000e+00,0.0000000000e+00,0.0000000000e+00,2.2201374028e-05,3.2177559203e-05,3.6339139254e-04,6.3083853265e-05,2.2201374028e-05,2.3073249494e-05,1.0307985852e-04,2.6238296948e-05,-1.1394508169e+01,1.1394532896e+01,2.9110104882e+03,1.4864719350e+02,-1.1394812012e+01,1.1394812012e+01,2.9110227753e+03,1.4864502308e+02,3.0384237598e-04,3.2820914720e-03,3.7754757463e-01,2.8292774701e-02,0.0000000000e+00,0.0000000000e+00,0.0000000000e+00,0.0000000000e+00,5.4118286895e-06,5.4118404332e-06,1.3825862285e-03,7.0600076320e-05,5.8444595635e-06,6.2257999416e-06,1.3420420182e-03,7.0095207518e-05,1.0000000000e+00,4.1921888688e+00,2.0679115636e+00,4.1921888688e+00,1.0000000000e+00,1.0002857242e+00,1.0000955859e+00,1.0002857242e+00,1.9192175175e+03,1.9781222355e+03,1.9617947448e+00,nan,3.8046752258e+00,3.9214485040e+00,3.8890807297e-03,nan,1.3019439855e+01,2.6982761762e-01,2.6714846492e+00,4.1909914012e+00,2.8366070478e-01,9.7067509467e-01,3.3653764306e-01,3.4482772535e-01,-4.8214879214e-03,5.6955742919e-01,3.1736191737e-01,391050,42,41,42,1.3420420182e-03,5.5381444385e-01,4.7147065856e-01,2.6684360267e-02,-3.5966307921e+00,-2.8249661180e+03,-1.0435062598e-01,-2.8250704686e+03,-1.8109397512e-05,447024,48,48,48,-1.0307985852e-04,9.9286177660e-01,5.4553802882e-01,6.9531597815e-02,-2.5939068236e+00,-1.4716091469e+00,-4.5160297781e-02,-1.5167694446e+00,5.4001046254e-05,2.6663570018e-02,6.9585598861e-02,5.9284407888e-06,3.4675522603e-03,0,0,0,2.3958248488e-04,3.1921888688e+00,3.1924284512e+00,9.3176175816e-07,2.8572417675e-04,2.8665593851e-04,4.7495061735e-03,2.3958248488e+00
263,2.6300000000e-02,1.0000000000e-04,-9.2658194202e-02,1.3430004961e-01,1.5169487814e+00,2.6326759933e-01,-2.1382794032e-01,2.1382794032e-01,1.4718890042e+00,3.3897154420e-01,1.2116974612e-01,1.2126420282e-01,1.9245008972e-01,1.2990804505e-01,0.0000000000e+00,0.0000000000e+00,0.0000000000e+00,0.0000000000e+00,2.2199280412e-05,3.2175939605e-05,3.6343435848e-04,6.3074305636e-05,2.2199280412e-05,2.3067821386e-05,1.0252495474e-04,2.6221273688e-05,-1.1389941250e+01,1.1389966017e+01,2.9106900850e+03,1.4859145545e+02,-1.1390242981e+01,1.1390242981e+01,2.9106999090e+03,1.4858926675e+02,3.0173083788e-04,3.2838777716e-03,3.7754517912e-01,2.8297489696e-02,0.0000000000e+00,0.0000000000e+00,0.0000000000e+00,0.0000000000e+00,5.4096596283e-06,5.4096713916e-06,1.3824340528e-03,7.0573603498e-05,5.8436874566e-06,6.2270409837e-06,1.3411749284e-03,7.0065332356e-05,1.0000000000e+00,4.1921888688e+00,2.0679115636e+00,4.1921888688e+00,1.0000000000e+00,1.0002857242e+00,1.0000955859e+00,1.0002857242e+00,1.9187794082e+03,1.9775267706e+03,1.9617822973e+00,nan,3.8038067137e+00,3.9202680487e+00,3.8890560537e-03,nan,1.3081448627e+01,2.6994491068e-01,2.6720796705e+00,4.1909914012e+00,2.8210033627e-01,9.7015472510e-01,3.4246969134e-01,3.4895999339e-01,-5.4828921721e-03,5.6955642849e-01,3.1741977924e-01,502889,54,54,41,1.3411749284e-03,5.5515648587e-01,4.7144165235e-01,2.6666250869e-02,-3.5973282803e+00,-2.8210066470e+03,-1.0688965770e-01,-2.8211135367e+03,-1.8375301271e-05,447024,48,48,48,-1.0252495474e-04,9.9271668300e-01,5.4543494896e-01,6.9585598861e-02,-2.5930724465e+00,-1.4718890042e+00,-4.5059777216e-02,-1.5169487814e+00,5.2050910554e-05,2.6645395985e-02,6.9637649771e-02,5.9000864716e-06,3.4772234044e-03,0,0,0,2.3958248488e-04,3.1921888688e+00,3.1924284512e+00,9.3176175816e-07,2.8572417675e-04,2.8665593851e-04,4.7495061735e-03,2.3958248488e+00
264,2.6400000000e-02,1.0000000000e-04,-9.2649114945e-02,1.3429293425e-01,1.5171213484e+00,2.6322671765e-01,-2.1383510104e-01,2.1383510104e-01,1.4721615621e+00,3.3894072007e-01,1.2118598610e-01,1.2128003683e-01,1.9245008634e-01,1.2992061109e-01,0.0000000000e+00,0.0000000000e+00,0.0000000000e+00,0.0000000000e+00,2.2197105181e-05,3.2174234891e-05,3.6347570253e-04,6.3064511101e-05,2.2197105181e-05,2.3062371778e-05,1.0197529179e-04,2.6204313509e-05,-1.1385277682e+01,1.1385302487e+01,2.9102811712e+03,1.4853461542e+02,-1.1385577313e+01,1.1385577313e+01,2.9102885325e+03,1.4853240857e+02,2.9963109961e-04,3.2856314018e-03,3.7754958461e-01,2.8302191406e-02,0.0000000000e+00,0.0000000000e+00,0.0000000000e+00,0.0000000000e+00,5.4074446637e-06,5.4074564448e-06,1.3822398389e-03,7.0546607293e-05,5.8426383273e-06,6.2289421743e-06,1.3402936210e-03,7.0034932496e-05,1.0000000000e+00,4.1921888688e+00,2.0679115636e+00,4.1921888688e+00,1.0000000000e+00,1.0002857242e+00,1.0000955859e+00,1.0002857242e+00,1.9182916213e+03,1.9768812115e+03,1.9618052233e+00,nan,3.8028397203e+00,3.9189882862e+00,3.8891015024e-03,nan,1.3143317342e+01,2.7009113521e-01,2.6726490077e+00,4.1909914012e+00,2.8055600713e-01,9.6965344455e-01,3.4732837450e-01,3.5236355970e-01,-6.1760811353e-03,5.6955164143e-01,3.1749217341e-01,392297,42,54,41,1.3402936210e-03,5.5649766080e-01,4.7141273683e-01,2.6647875568e-02,-3.5980364809e+00,-2.8169556437e+03,-1.0942237619e-01,-2.8170650660e+03,-1.8589473619e-05,447024,48,48,48,-1.0197529179e-04,9.9257130172e-01,5.4533242401e-01,6.9637649771e-02,-2.5922687681e+00,-1.4721615621e+00,-4.4959786284e-02,-1.5171213484e+00,5.0091778333e-05,2.6627030336e-02,6.9687741550e-02,5.8559657754e-06,3.4866822488e-03,0,0,0,2.3958248488e-04,3.1921888688e+00,3.1924284512e+00,9.3176175816e-07,2.8572417675e-04,2.8665593851e-04,4.7495061735e-03,2.3958248488e+00
265,2.6500000000e-02,1.0000000000e-04,-9.2639739756e-02,1.3428552570e-01,1.5172871647e+00,2.6318495269e-01,-2.1384196440e-01,2.1384196440e-01,1.4724268447e+00,3.3890911591e-01,1.2120222464e-01,1.2129587127e-01,1.9245008973e-01,1.2993318191e-01,0.0000000000e+00,0.0000000000e+00,0.0000000000e+00,0.0000000000e+00,2.2194859050e-05,3.2172459931e-05,3.6351542921e-04,6.3054504949e-05,2.2194859050e-05,2.3056906113e-05,1.0143088775e-04,2.6187423004e-05,-1.1380527756e+01,1.1380552593e+01,2.9097864031e+03,1.4847680972e+02,-1.1380825298e+01,1.1380825298e+01,2.9097913021e+03,1.4847458484e+02,2.9754229780e-04,3.2873515656e-03,3.7754938233e-01,2.8306879419e-02,0.0000000000e+00,0.0000000000e+00,0.0000000000e+00,0.0000000000e+00,5.4051886834e-06,5.4052004798e-06,1.3820048485e-03,7.0519152441e-05,5.8419023995e-06,6.2298161747e-06,1.3393801645e-03,7.0004015000e-05,1.0000000000e+00,4.1921888688e+00,2.0679115636e+00,4.1921888688e+00,1.0000000000e+00,1.0002857242e+00,1.0000955859e+00,1.0002857242e+00,1.9177558940e+03,1.9761873486e+03,1.9618041377e+00,nan,3.8017776894e+00,3.9176127657e+00,3.8890993504e-03,nan,1.3204854992e+01,2.7019306684e-01,2.6731922033e+00,4.1909914012e+00,2.7902773749e-01,9.6915735565e-01,3.5115722047e-01,3.5504285534e-01,-6.8899415100e-03,5.6954424345e-01,3.1752808930e-01,502903,54,54,55,1.3393801645e-03,5.5783795442e-01,4.7138391031e-01,2.6629286094e-02,-3.5987534194e+00,-2.8128160744e+03,-1.1194865028e-01,-2.8129280230e+03,-1.8752293560e-05,447024,48,48,48,-1.0143088775e-04,9.9242550000e-01,5.4523044872e-01,6.9687741550e-02,-2.5914958637e+00,-1.4724268447e+00,-4.4860320085e-02,-1.5172871647e+00,4.8133561374e-05,2.6608522036e-02,6.9735875111e-02,5.7967051457e-06,3.4958609461e-03,0,0,0,2.3958248488e-04,3.1921888688e+00,3.1924284512e+00,9.3176175816e-07,2.8572417675e-04,2.8665593851e-04,4.7495061735e-03,2.3958248488e+00
266,2.6600000000e-02,1.0000000000e-04,-9.2630113295e-02,1.3427787628e-01,1.5174462784e+00,2.6314245168e-01,-2.1384857509e-01,2.1384857509e-01,1.4726849047e+00,3.3887686168e-01,1.2121846179e-01,1.2131170959e-01,1.9245008471e-01,1.2994575751e-01,0.0000000000e+00,0.0000000000e+00,0.0000000000e+00,0.0000000000e+00,2.2192552718e-05,3.2170627264e-05,3.6355355005e-04,6.3044322453e-05,2.2192552718e-05,2.3051429763e-05,1.0089175164e-04,2.6170608596e-05,-1.1375701701e+01,1.1375726577e+01,2.9092084260e+03,1.4841817481e+02,-1.1375997167e+01,1.1375997167e+01,2.9092108632e+03,1.4841593203e+02,2.9546584494e-04,3.2890397716e-03,3.7755002755e-01,2.8311552876e-02,0.0000000000e+00,0.0000000000e+00,0.0000000000e+00,0.0000000000e+00,5.4028965458e-06,5.4029083606e-06,1.3817303379e-03,7.0491303751e-05,5.8416692173e-06,6.2299271566e-06,1.3383993893e-03,6.9972625242e-05,1.0000000000e+00,4.1921888688e+00,2.0679115636e+00,4.1921888688e+00,1.0000000000e+00,1.0002857242e+00,1.0000955859e+00,1.0002857242e+00,1.9171739174e+03,1.9754469228e+03,1.9618075415e+00,nan,3.8006239734e+00,3.9161449385e+00,3.8891060982e-03,nan,1.3265696823e+01,2.7026207141e-01,2.6737102801e+00,4.1909914012e+00,2.7751551767e-01,9.6864008302e-01,3.5422686542e-01,3.5717415310e-01,-7.6212639088e-03,5.6953594116e-01,3.1753912041e-01,512118,55,54,54,1.3383993893e-03,5.5917733458e-01,4.7135517132e-01,2.6610533801e-02,-3.5994771307e+00,-2.8085909393e+03,-1.1446831572e-01,-2.8087054076e+03,-1.8864454206e-05,447024,48,48,48,-1.0089175164e-04,9.9227900364e-01,5.4512901783e-01,6.9735875111e-02,-2.5907536583e+00,-1.4726849047e+00,-4.4761373697e-02,-1.5174462784e+00,4.6185862215e-05,2.6589919236e-02,6.9782060973e-02,5.7229107297e-06,3.5046690117e-03,0,0,0,2.3958248488e-04,3.1921888688e+00,3.1924284512e+00,9.3176175816e-07,2.8572417675e-04,2.8665593851e-04,4.7495061735e-03,2.3958248488e+00
267,2.6700000000e-02,1.0000000000e-04,-9.2620279923e-02,1.3427001900e-01,1.5175987653e+00,2.6309936092e-01,-2.1385497752e-01,2.1385497752e-01,1.4729358231e+00,3.3884408641e-01,1.2123469760e-01,1.2132755703e-01,1.9245008611e-01,1.2995833788e-01,0.0000000000e+00,0.0000000000e+00,0.0000000000e+00,0.0000000000e+00,2.2190196815e-05,3.2168744797e-05,3.6359008324e-04,6.3033998659e-05,2.2190196815e-05,2.3045948005e-05,1.0035788341e-04,2.6153876518e-05,-1.1370809777e+01,1.1370834691e+01,2.9085498605e+03,1.4835884439e+02,-1.1371103181e+01,1.1371103181e+01,2.9085498366e+03,1.4835658383e+02,2.9340389052e-04,3.2908555359e-03,3.7754990536e-01,2.8316211797e-02,0.0000000000e+00,0.0000000000e+00,0.0000000000e+00,0.0000000000e+00,5.4005731233e-06,5.4005849564e-06,1.3814175518e-03,7.0463124732e-05,5.8416878534e-06,6.2293968339e-06,1.3374130505e-03,6.9940711954e-05,1.0000000000e+00,4.1921888688e+00,2.0679115636e+00,4.1921888688e+00,1.0000000000e+00,1.0002857242e+00,1.0000955859e+00,1.0002857242e+00,1.9165473292e+03,1.9746616186e+03,1.9618068923e+00,nan,3.7993818190e+00,3.9145881440e+00,3.8891048111e-03,nan,1.3326437396e+01,2.7030334497e-01,2.6742005877e+00,4.1909914012e+00,2.7601930867e-01,9.6814540160e-01,3.5665485863e-01,3.5883668996e-01,-8.3731713522e-03,5.6952594752e-01,3.1754812736e-01,392297,42,54,41,1.3374130505e-03,5.6051573397e-01,4.7132651861e-01,2.6591669347e-02,-3.6002056714e+00,-2.8042833094e+03,-1.1698114323e-01,-2.8044002905e+03,-1.8927061652e-05,447024,48,48,48,-1.0035788341e-04,9.9213202347e-01,5.4502812608e-01,6.9782060973e-02,-2.5900419311e+00,-1.4729358231e+00,-4.4662942185e-02,-1.5175987653e+00,4.4257988790e-05,2.6571104577e-02,6.9826318962e-02,5.6352823019e-06,3.5133970094e-03,0,0,0,2.3958248488e-04,3.1921888688e+00,3.1924284512e+00,9.3176175816e-07,2.8572417675e-04,2.8665593851e-04,4.7495061735e-03,2.3958248488e+00
268,2.6800000000e-02,1.0000000000e-04,-9.2610283472e-02,1.3426200569e-01,1.5177447280e+00,2.6305582488e-01,-2.1386121555e-01,2.1386121555e-01,1.4731797074e+00,3.3881091745e-01,1.2125093208e-01,1.2134340491e-01,1.9245008968e-01,1.2997092300e-01,0.0000000000e+00,0.0000000000e+00,0.0000000000e+00,0.0000000000e+00,2.2187801840e-05,3.2166824948e-05,3.6362505336e-04,6.3023568189e-05,2.2187801840e-05,2.3040466007e-05,9.9829273992e-05,2.6137232785e-05,-1.1365862268e+01,1.1365887215e+01,2.9084406981e+03,1.4829895032e+02,-1.1366153626e+01,1.1366153626e+01,2.9084675461e+03,1.4829667211e+02,2.9135757405e-04,3.2929019794e-03,3.7754783057e-01,2.8320856756e-02,0.0000000000e+00,0.0000000000e+00,0.0000000000e+00,0.0000000000e+00,5.3982233010e-06,5.3982351496e-06,1.3813657051e-03,7.0434678008e-05,5.8424436293e-06,6.2282897431e-06,1.3363762796e-03,6.9908560102e-05,1.0000000000e+00,4.1921888688e+00,2.0679115636e+00,4.1921888688e+00,1.0000000000e+00,1.0002857242e+00,1.0000955859e+00,1.0002857242e+00,1.9162910892e+03,1.9742788550e+03,1.9617960750e+00,nan,3.7988738463e+00,3.9138293498e+00,3.8890833669e-03,nan,1.3386617233e+01,2.7031960817e-01,2.6746733550e+00,4.1909914012e+00,2.7453904254e-01,9.6743119844e-01,3.5840346520e-01,3.5998050800e-01,-9.1245795223e-03,5.6952156433e-01,3.1752023105e-01,502889,54,54,41,1.3363762796e-03,5.6185314702e-01,4.7129795119e-01,2.6572742285e-02,-3.6009371353e+00,-2.7998960428e+03,-1.1948702060e-01,-2.8000155298e+03,-1.8941445202e-05,447024,48,48,48,-9.9829273992e-05,9.9198470591e-01,5.4492776819e-01,6.9826318962e-02,-2.5893603213e+00,-1.4731797074e+00,-4.4565020610e-02,-1.5177447280e+00,4.2359075721e-05,2.6552168784e-02,6.9868678038e-02,5.5346655958e-06,3.5220043998e-03,0,0,0,2.3958248488e-04,3.1921888688e+00,3.1924284512e+00,9.3176175816e-07,2.8572417675e-04,2.8665593851e-04,4.7495061735e-03,2.3958248488e+00
269,2.6900000000e-02,1.0000000000e-04,-9.2600167023e-02,1.3425388366e-01,1.5178842952e+00,2.6301198549e-01,-2.1386733230e-01,2.1386733230e-01,1.4734166911e+00,3.3877747980e-01,1.2126716527e-01,1.2135925321e-01,1.9245008751e-01,1.2998351287e-01,0.0000000000e+00,0.0000000000e+00,0.0000000000e+00,0.0000000000e+00,2.2185378116e-05,3.2164879052e-05,3.6365849120e-04,6.3013065037e-05,2.2185378116e-05,2.3034988800e-05,9.9305905201e-05,2.6120683178e-05,-1.1360869020e+01,1.1360894008e+01,2.9084972647e+03,1.4823862084e+02,-1.1361158350e+01,1.1361158350e+01,2.9085216603e+03,1.4823632510e+02,2.8932992299e-04,3.2951025740e-03,3.7753861283e-01,2.8325487642e-02,0.0000000000e+00,0.0000000000e+00,0.0000000000e+00,0.0000000000e+00,5.3958517547e-06,5.3958636228e-06,1.3813925714e-03,7.0406024481e-05,5.8423676867e-06,6.2287587168e-06,1.3353413244e-03,6.9876256964e-05,1.0000000000e+00,4.1921888688e+00,2.0679115636e+00,4.1921888688e+00,1.0000000000e+00,1.0002857242e+00,1.0000955859e+00,1.0002857242e+00,1.9161521560e+03,1.9739980399e+03,1.9617482004e+00,nan,3.7985984237e+00,3.9132726592e+00,3.8889884597e-03,nan,1.3446746412e+01,2.7040424334e-01,2.6751312930e+00,4.1909914012e+00,2.7307462249e-01,9.6666317169e-01,3.5960769638e-01,3.6072462074e-01,-9.8802309701e-03,5.6951971422e-01,3.1755815814e-01,391145,42,42,41,1.3353413244e-03,5.6318952330e-01,4.7126946824e-01,2.6553800840e-02,-3.6016696627e+00,-2.7954320616e+03,-1.2198575242e-01,-2.7955540473e+03,-1.8909283089e-05,447024,48,48,48,-9.9305905201e-05,9.9183716642e-01,5.4482793892e-01,6.9868678038e-02,-2.5887083305e+00,-1.4734166911e+00,-4.4467604037e-02,-1.5178842952e+00,4.0497783451e-05,2.6533265832e-02,6.9909175821e-02,5.4218619049e-06,3.5304978432e-03,0,0,0,2.3958248488e-04,3.1921888688e+00,3.1924284512e+00,9.3176175816e-07,2.8572417675e-04,2.8665593851e-04,4.7495061735e-03,2.3958248488e+00
270,2.7000000000e-02,1.0000000000e-04,-9.2589972702e-02,1.3424570293e-01,1.5180176194e+00,2.6296798127e-01,-2.1387336989e-01,2.1387336989e-01,1.4736469319e+00,3.3874389542e-01,1.2128339719e-01,1.2137510194e-01,1.9245007679e-01,1.2999610745e-01,0.0000000000e+00,0.0000000000e+00,0.0000000000e+00,0.0000000000e+00,2.2182935735e-05,3.2162919093e-05,3.6369043336e-04,6.3002522398e-05,2.2182935735e-05,2.3029521268e-05,9.8787750053e-05,2.6104233227e-05,-1.1355839700e+01,1.1355864732e+01,2.9084804109e+03,1.4817797890e+02,-1.1356127017e+01,1.1356127017e+01,2.9085023536e+03,1.4817566577e+02,2.8731780498e-04,3.2974746413e-03,3.7752220382e-01,2.8330105165e-02,0.0000000000e+00,0.0000000000e+00,0.0000000000e+00,0.0000000000e+00,5.3934630759e-06,5.3934749649e-06,1.3813845667e-03,7.0377222557e-05,5.8419354590e-06,6.2295830413e-06,1.3342793974e-03,6.9843968292e-05,1.0000000000e+00,4.1921888688e+00,2.0679115636e+00,4.1921888688e+00,1.0000000000e+00,1.0002857242e+00,1.0000955859e+00,1.0002857242e+00,1.9159727619e+03,1.9736765236e+03,1.9616630459e+00,nan,3.7982427911e+00,3.9126352822e+00,3.8888196486e-03,nan,1.3506526838e+01,2.7050423535e-01,2.6755801515e+00,4.1909914012e+00,2.7162592412e-01,9.6590003214e-01,3.6031645529e-01,3.6107247590e-01,-1.0646086056e-02,5.6950818739e-01,3.1761538813e-01,502998,54,55,54,1.3342793974e-03,5.6452486463e-01,4.7124106920e-01,2.6534891557e-02,-3.6024014533e+00,-2.7908940627e+03,-1.2447724192e-01,-2.7910185399e+03,-1.8832383895e-05,447024,48,48,48,-9.8787750053e-05,9.9168945720e-01,5.4472863301e-01,6.9909175821e-02,-2.5880853305e+00,-1.4736469319e+00,-4.4370687546e-02,-1.5180176194e+00,3.8682275755e-05,2.6514440182e-02,6.9947858097e-02,5.2978986841e-06,3.5388680263e-03,0,0,0,2.3958248488e-04,3.1921888688e+00,3.1924284512e+00,9.3176175816e-07,2.8572417675e-04,2.8665593851e-04,4.7495061735e-03,2.3958248488e+00
271,2.7100000000e-02,1.0000000000e-04,-9.2579741477e-02,1.3423751386e-01,1.5181448762e+00,2.6292394669e-01,-2.1387936930e-01,2.1387936930e-01,1.4738706100e+00,3.3871028265e-01,1.2129962783e-01,1.2139095108e-01,1.9245005722e-01,1.3000870672e-01,0.0000000000e+00,0.0000000000e+00,0.0000000000e+00,0.0000000000e+00,2.2180484513e-05,3.2160957135e-05,3.6372092186e-04,6.2991972482e-05,2.2180484513e-05,2.3024068128e-05,9.8274772969e-05,2.6087888191e-05,-1.1350783535e+01,1.1350808612e+01,2.9083924404e+03,1.4811714745e+02,-1.1351068855e+01,1.1351068855e+01,2.9084119298e+03,1.4811481704e+02,2.8531987797e-04,3.2998325009e-03,3.7753602009e-01,2.8334708000e-02,0.0000000000e+00,0.0000000000e+00,0.0000000000e+00,0.0000000000e+00,5.3910616475e-06,5.3910735578e-06,1.3813427851e-03,7.0348330621e-05,5.8412886169e-06,6.2302182484e-06,1.3331982828e-03,6.9811619797e-05,1.0000000000e+00,4.1921888688e+00,2.0679115636e+00,4.1921888688e+00,1.0000000000e+00,1.0002857242e+00,1.0000955859e+00,1.0002857242e+00,1.9157542116e+03,1.9733156426e+03,1.9617350368e+00,nan,3.7978095348e+00,3.9119198681e+00,3.8889623642e-03,nan,1.3566027604e+01,2.7059589181e-01,2.6760165210e+00,4.1909914012e+00,2.7019279635e-01,9.6514659304e-01,3.6063694456e-01,3.6106463599e-01,-1.1412703638e-02,5.6949057889e-01,3.1766981673e-01,383082,41,54,42,1.3331982828e-03,5.6585914403e-01,4.7121275370e-01,2.6516059173e-02,-3.6031307724e+00,-2.7862847377e+03,-1.2696133930e-01,-2.7864116990e+03,-1.8712845815e-05,447024,48,48,48,-9.8274772969e-05,9.9154149371e-01,5.4462984526e-01,6.9947858097e-02,-2.5874905710e+00,-1.4738706100e+00,-4.4274266239e-02,-1.5181448762e+00,3.6920230252e-05,2.6495734225e-02,6.9984778327e-02,5.1636865673e-06,3.5470318710e-03,0,0,0,2.3958248488e-04,3.1921888688e+00,3.1924284512e+00,9.3176175816e-07,2.8572417675e-04,2.8665593851e-04,4.7495061735e-03,2.3958248488e+00
272,2.7200000000e-02,1.0000000000e-04,-9.2569512976e-02,1.3422937159e-01,1.5182662620e+00,2.6288001142e-01,-2.1388537016e-01,2.1388537016e-01,1.4740879268e+00,3.3867675560e-01,1.2131585719e-01,1.2140680061e-01,1.9245002882e-01,1.3002131064e-01,0.0000000000e+00,0.0000000000e+00,0.0000000000e+00,0.0000000000e+00,2.2178033943e-05,3.2159006391e-05,3.6375000376e-04,6.2981446363e-05,2.2178033943e-05,2.3018633914e-05,9.7766929989e-05,2.6071653045e-05,-1.1345709408e+01,1.1345734526e+01,2.9082355595e+03,1.4805624317e+02,-1.1345992743e+01,1.1345992743e+01,2.9082525954e+03,1.4805389560e+02,2.8333535022e-04,3.3021595044e-03,3.7754608256e-01,2.8339295295e-02,0.0000000000e+00,0.0000000000e+00,0.0000000000e+00,0.0000000000e+00,5.3886516875e-06,5.3886636174e-06,1.3812682744e-03,7.0319404095e-05,5.8409368110e-06,6.2305074498e-06,1.3322028037e-03,6.9779151629e-05,1.0000000000e+00,4.1921888688e+00,2.0679115636e+00,4.1921888688e+00,1.0000000000e+00,1.0002857242e+00,1.0000955859e+00,1.0002857242e+00,1.9154977176e+03,1.9729166372e+03,1.9617876125e+00,nan,3.7973010587e+00,3.9111288761e+00,3.8890665906e-03,nan,1.3626313150e+01,2.7067233759e-01,2.6764375664e+00,4.1909914012e+00,2.6877506248e-01,9.6447795727e-01,3.6043639585e-01,3.6060461704e-01,-1.2169960622e-02,5.6947122796e-01,3.1771470799e-01,502903,54,54,55,1.3322028037e-03,5.6719234231e-01,4.7118452157e-01,2.6497346327e-02,-3.6038559613e+00,-2.7816066550e+03,-1.2943791017e-01,-2.7817360929e+03,-1.8553041597e-05,447024,48,48,48,-9.7766929989e-05,9.9139331473e-01,5.4453157049e-01,6.9984778327e-02,-2.5869231875e+00,-1.4740879268e+00,-4.4178335249e-02,-1.5182662620e+00,3.5218786628e-05,2.6477188102e-02,7.0019997114e-02,5.0201628126e-06,3.5552102192e-03,0,0,0,2.3958248488e-04,3.1921888688e+00,3.1924284512e+00,9.3176175816e-07,2.8572417675e-04,2.8665593851e-04,4.7495061735e-03,2.3958248488e+00
273,2.7300000000e-02,1.0000000000e-04,-9.2559325318e-02,1.3422132238e-01,1.5183819924e+00,2.6283629981e-01,-2.1389141058e-01,2.1389141058e-01,1.4742991027e+00,3.3864342364e-01,1.2133208526e-01,1.2142265049e-01,1.9245003694e-01,1.3003391916e-01,0.0000000000e+00,0.0000000000e+00,0.0000000000e+00,0.0000000000e+00,2.2175593159e-05,3.2157077939e-05,3.6377773075e-04,6.2970973826e-05,2.2175593159e-05,2.3013222962e-05,9.7264169078e-05,2.6055532468e-05,-1.1340625771e+01,1.1340650935e+01,2.9080118717e+03,1.4799537536e+02,-1.1340907137e+01,1.1340907137e+01,2.9080264538e+03,1.4799301075e+02,2.8136543456e-04,3.3044568927e-03,3.7754999770e-01,2.8343866766e-02,0.0000000000e+00,0.0000000000e+00,0.0000000000e+00,0.0000000000e+00,5.3862372113e-06,5.3862491627e-06,1.3811620337e-03,7.0290494892e-05,5.8402059013e-06,6.2315208115e-06,1.3311681991e-03,6.9746672478e-05,1.0000000000e+00,4.1921888688e+00,2.0679115636e+00,4.1921888688e+00,1.0000000000e+00,1.0002857242e+00,1.0000955859e+00,1.0002857242e+00,1.9152043993e+03,1.9724806510e+03,1.9618078733e+00,nan,3.7967195817e+00,3.9102645728e+00,3.8891067559e-03,nan,1.3686110844e+01,2.7078001294e-01,2.6768469447e+00,4.1909914012e+00,2.6737252134e-01,9.6380306337e-01,3.5966754209e-01,3.5965968628e-01,-1.2903838562e-02,5.6945988905e-01,3.1778306893e-01,512106,55,54,42,1.3311681991e-03,5.6852454511e-01,4.7115637285e-01,2.6478793285e-02,-3.6045754493e+00,-2.7768619427e+03,-1.3190701503e-01,-2.7769938497e+03,-1.8355344080e-05,447024,48,48,48,-9.7264169078e-05,9.9124491355e-01,5.4443380356e-01,7.0019997114e-02,-2.5863822093e+00,-1.4742991027e+00,-4.4082889748e-02,-1.5183819924e+00,3.3584494722e-05,2.6458839562e-02,7.0053581609e-02,4.8682519539e-06,3.5633788556e-03,0,0,0,2.3958248488e-04,3.1921888688e+00,3.1924284512e+00,9.3176175816e-07,2.8572417675e-04,2.8665593851e-04,4.7495061735e-03,2.3958248488e+00
274,2.7400000000e-02,1.0000000000e-04,-9.2549214957e-02,1.3421339607e-01,1.5184923008e+00,2.6279293025e-01,-2.1389752698e-01,2.1389752698e-01,1.4745043758e+00,3.3861039094e-01,1.2134831202e-01,1.2143850070e-01,1.9245006389e-01,1.3004653223e-01,0.0000000000e+00,0.0000000000e+00,0.0000000000e+00,0.0000000000e+00,2.2173170893e-05,3.2155178935e-05,3.6380415870e-04,6.2960583240e-05,2.2173170893e-05,2.3007839396e-05,9.6766430467e-05,2.6039530828e-05,-1.1335540678e+01,1.1335565890e+01,2.9077233648e+03,1.4793464498e+02,-1.1335820087e+01,1.1335820087e+01,2.9077354931e+03,1.4793226345e+02,2.7940872973e-04,3.3067233705e-03,3.7754784276e-01,2.8348423124e-02,0.0000000000e+00,0.0000000000e+00,0.0000000000e+00,0.0000000000e+00,5.3838220430e-06,5.3838340176e-06,1.3810250072e-03,7.0261650961e-05,5.8389432809e-06,6.2333092120e-06,1.3301103679e-03,6.9714296626e-05,1.0000000000e+00,4.1921888688e+00,2.0679115636e+00,4.1921888688e+00,1.0000000000e+00,1.0002857242e+00,1.0000955859e+00,1.0002857242e+00,1.9148752768e+03,1.9720087242e+03,1.9617964013e+00,nan,3.7960671261e+00,3.9093290206e+00,3.8890840137e-03,nan,1.3745576452e+01,2.7092110235e-01,2.6772485682e+00,4.1909914012e+00,2.6598494864e-01,9.6313271738e-01,3.5829053927e-01,3.5818355512e-01,-1.3626047770e-02,5.6944361802e-01,3.1786153489e-01,502998,54,55,54,1.3301103679e-03,5.6985571331e-01,4.7112830774e-01,2.6460437941e-02,-3.6052877534e+00,-2.7720529835e+03,-1.3436848301e-01,-2.7721873520e+03,-1.8122381887e-05,447024,48,48,48,-9.6766430467e-05,9.9109673116e-01,5.4433653939e-01,7.0053581609e-02,-2.5858665691e+00,-1.4745043758e+00,-4.3987924955e-02,-1.5184923008e+00,3.2023348577e-05,2.6440723791e-02,7.0085604957e-02,4.7090660705e-06,3.5715183056e-03,0,0,0,2.3958248488e-04,3.1921888688e+00,3.1924284512e+00,9.3176175816e-07,2.8572417675e-04,2.8665593851e-04,4.7495061735e-03,2.3958248488e+00
275,2.7500000000e-02,1.0000000000e-04,-9.2539216541e-02,1.3420564583e-01,1.5185974361e+00,2.6275001472e-01,-2.1390375400e-01,2.1390375400e-01,1.4747040000e+00,3.3857775603e-01,1.2136453746e-01,1.2145435118e-01,1.9245008130e-01,1.3005914981e-01,0.0000000000e+00,0.0000000000e+00,0.0000000000e+00,0.0000000000e+00,2.2170775448e-05,3.2153322113e-05,3.6382934728e-04,6.2950301430e-05,2.2170775448e-05,2.3002487119e-05,9.6273647005e-05,2.6023652179e-05,-1.1330461655e+01,1.1330486913e+01,2.9073719123e+03,1.4787414929e+02,-1.1330739119e+01,1.1330739119e+01,2.9073815868e+03,1.4787175095e+02,2.7746316813e-04,3.3089569715e-03,3.7753969226e-01,2.8352963912e-02,0.0000000000e+00,0.0000000000e+00,0.0000000000e+00,0.0000000000e+00,5.3814097581e-06,5.3814217542e-06,1.3808580846e-03,7.0232918495e-05,5.8382236852e-06,6.2339799813e-06,1.3296506710e-03,6.9681997880e-05,1.0000000000e+00,4.1921888688e+00,2.0679115636e+00,4.1921888688e+00,1.0000000000e+00,1.0002857242e+00,1.0000955859e+00,1.0002857242e+00,1.9145112741e+03,1.9715017975e+03,1.9617538725e+00,nan,3.7953455238e+00,3.9083240843e+00,3.8889997042e-03,nan,1.3811159257e+01,2.7101330169e-01,2.6776409937e+00,4.1909914012e+00,2.6461209829e-01,9.6291623727e-01,3.5638885088e-01,3.5617924618e-01,-1.4335617239e-02,5.6941812285e-01,3.1790892126e-01,493866,53,56,42,1.3296506710e-03,5.1137095108e-01,4.6904029138e-01,2.6442278910e-02,-3.6059929124e+00,-2.8997977619e+03,-2.2296081545e-02,-2.8998200580e+03,-1.7747689940e-05,447024,48,48,48,-9.6273647005e-05,9.9094858233e-01,5.4423977296e-01,7.0085604957e-02,-2.5853751107e+00,-1.4747040000e+00,-4.3893436145e-02,-1.5185974361e+00,3.0540641746e-05,2.6422873264e-02,7.0116145599e-02,4.5436618643e-06,3.5795469987e-03,0,0,0,2.3958248488e-04,3.1921888688e+00,3.1924284512e+00,9.3176175816e-07,2.8572417675e-04,2.8665593851e-04,4.7495061735e-03,2.3958248488e+00
276,2.7600000000e-02,1.0000000000e-04,-9.2529362781e-02,1.3419808959e-01,1.5186976612e+00,2.6270765830e-01,-2.1391012430e-01,2.1391012430e-01,1.4748982425e+00,3.3854561137e-01,1.2138076152e-01,1.2147020189e-01,1.9245008921e-01,1.3007177183e-01,0.0000000000e+00,0.0000000000e+00,0.0000000000e+00,0.0000000000e+00,2.2168414660e-05,3.2151511771e-05,3.6385335945e-04,6.2940153574e-05,2.2168414660e-05,2.2997169797e-05,9.5785744623e-05,2.6007900244e-05,-1.1325395895e+01,1.1325421208e+01,2.9069592501e+03,1.4781398103e+02,-1.1325671426e+01,1.1325671426e+01,2.9069664710e+03,1.4781156601e+02,2.7553084016e-04,3.3111598269e-03,3.7754182234e-01,2.8357488450e-02,0.0000000000e+00,0.0000000000e+00,0.0000000000e+00,0.0000000000e+00,5.3790037723e-06,5.3790157945e-06,1.3806620905e-03,7.0204341545e-05,5.8371451739e-06,6.2352370564e-06,1.3295305937e-03,6.9649837957e-05,1.0000000000e+00,4.1921888688e+00,2.0679115636e+00,4.1921888688e+00,1.0000000000e+00,1.0002857242e+00,1.0000955859e+00,1.0002857242e+00,1.9141132067e+03,1.9709606990e+03,1.9617648601e+00,nan,3.7945563910e+00,3.9072514053e+00,3.8890214861e-03,nan,1.3880255344e+01,2.7113062657e-01,2.6780261884e+00,4.1909914012e+00,2.6325370410e-01,9.6296595879e-01,3.5377522391e-01,3.5352854257e-01,-1.5019201440e-02,5.6939275289e-01,3.1796711660e-01,373867,40,54,43,1.3295305937e-03,5.1270060176e-01,4.6901415609e-01,2.6424531220e-02,-3.6066825534e+00,-2.8983937200e+03,-2.4900061364e-02,-2.8984186201e+03,-1.7453167220e-05,447024,48,48,48,-9.5785744623e-05,9.9080064215e-01,5.4414349931e-01,7.0116145599e-02,-2.5849066007e+00,-1.4748982425e+00,-4.3799418654e-02,-1.5186976612e+00,2.9141124871e-05,2.6405317651e-02,7.0145286724e-02,4.3730227519e-06,3.5874148042e-03,0,0,0,2.3958248488e-04,3.1921888688e+00,3.1924284512e+00,9.3176175816e-07,2.8572417675e-04,2.8665593851e-04,4.7495061735e-03,2.3958248488e+00
277,2.7700000000e-02,1.0000000000e-04,-9.2519684343e-02,1.3419076238e-01,1.5187932508e+00,2.6266595881e-01,-2.1391666853e-01,2.1391666853e-01,1.4750873829e+00,3.3851404310e-01,1.2139698418e-01,1.2148605651e-01,1.9245008761e-01,1.3008439824e-01,0.0000000000e+00,0.0000000000e+00,0.0000000000e+00,0.0000000000e+00,2.2166095875e-05,3.2149756300e-05,3.6387626105e-04,6.2930163106e-05,2.2166095875e-05,2.2991890854e-05,9.5302642698e-05,2.5992278417e-05,-1.1320349947e+01,1.1320375314e+01,2.9064869839e+03,1.4775422243e+02,-1.1320623557e+01,1.1320623557e+01,2.9064917514e+03,1.4775179083e+02,2.7361033421e-04,3.3133305856e-03,3.7754885514e-01,2.8361996784e-02,0.0000000000e+00,0.0000000000e+00,0.0000000000e+00,0.0000000000e+00,5.3766071960e-06,5.3766192442e-06,1.3804377873e-03,7.0175959160e-05,5.8353643665e-06,6.2370278829e-06,1.3293922480e-03,6.9617875787e-05,1.0000000000e+00,4.1921888688e+00,2.0679115636e+00,4.1921888688e+00,1.0000000000e+00,1.0002857242e+00,1.0000955859e+00,1.0002857242e+00,1.9136817881e+03,1.9703861514e+03,1.9618014200e+00,nan,3.7937011427e+00,3.9061124167e+00,3.8890939627e-03,nan,1.3949164581e+01,2.7127076770e-01,2.6784060509e+00,4.1909914012e+00,2.6190948105e-01,9.6302220944e-01,3.5039953064e-01,3.5016772358e-01,-1.5671714348e-02,5.6936918826e-01,3.1804218065e-01,401706,43,56,42,1.3293922480e-03,5.1403013235e-01,4.6898809892e-01,2.6407078053e-02,-3.6073611894e+00,-2.8969215478e+03,-2.7502748946e-02,-2.8969490505e+03,-1.7132558691e-05,447024,48,48,48,-9.5302642698e-05,9.9065290387e-01,5.4404771357e-01,7.0145286724e-02,-2.5844597359e+00,-1.4750873829e+00,-4.3705867885e-02,-1.5187932508e+00,2.7828804218e-05,2.6388083728e-02,7.0173115528e-02,4.1982058722e-06,3.5949980046e-03,0,0,0,2.3958248488e-04,3.1921888688e+00,3.1924284512e+00,9.3176175816e-07,2.8572417675e-04,2.8665593851e-04,4.7495061735e-03,2.3958248488e+00
278,2.7800000000e-02,1.0000000000e-04,-9.2510209754e-02,1.3418370038e-01,1.5188844899e+00,2.6262500647e-01,-2.1392341515e-01,2.1392341515e-01,1.4752717106e+00,3.3848313067e-01,1.2141320540e-01,1.2150191337e-01,1.9245008921e-01,1.3009702897e-01,0.0000000000e+00,0.0000000000e+00,0.0000000000e+00,0.0000000000e+00,2.2163825930e-05,3.2148064369e-05,3.6389812034e-04,6.2920351643e-05,2.2163825930e-05,2.2986653608e-05,9.4824254610e-05,2.5976789755e-05,-1.1315329757e+01,1.1315355170e+01,2.9059565811e+03,1.4769494813e+02,-1.1315601456e+01,1.1315601456e+01,2.9059588955e+03,1.4769250005e+02,2.7169887448e-04,3.3154665621e-03,3.7754959753e-01,2.8366488848e-02,0.0000000000e+00,0.0000000000e+00,0.0000000000e+00,0.0000000000e+00,5.3742228537e-06,5.3742349234e-06,1.3801858722e-03,7.0147806792e-05,5.8334028587e-06,6.2386957992e-06,1.3292405751e-03,6.9586147356e-05,1.0000000000e+00,4.1921888688e+00,2.0679115636e+00,4.1921888688e+00,1.0000000000e+00,1.0002857242e+00,1.0000955859e+00,1.0002857242e+00,1.9132176281e+03,1.9697787700e+03,1.9618052612e+00,nan,3.7927809874e+00,3.9049083381e+00,3.8891015776e-03,nan,1.4017938559e+01,2.7140513385e-01,2.6787816360e+00,4.1909914012e+00,2.6057912726e-01,9.6308808971e-01,3.4618933975e-01,3.4600098423e-01,-1.6297930537e-02,5.6933987794e-01,3.1810693402e-01,373770,40,53,42,1.3292405751e-03,5.1535952460e-01,4.6896212078e-01,2.6389945494e-02,-3.6080277836e+00,-2.8953827400e+03,-3.0103998203e-02,-2.8954128440e+03,-1.6788793456e-05,447024,48,48,48,-9.4824254610e-05,9.9050543975e-01,5.4395241093e-01,7.0173115528e-02,-2.5840331551e+00,-1.4752717106e+00,-4.3612779321e-02,-1.5188844899e+00,2.6607015934e-05,2.6371195331e-02,7.0199722544e-02,4.0202879616e-06,3.6023739405e-03,0,0,0,2.3958248488e-04,3.1921888688e+00,3.1924284512e+00,9.3176175816e-07,2.8572417675e-04,2.8665593851e-04,4.7495061735e-03,2.3958248488e+00
279,2.7900000000e-02,1.0000000000e-04,-9.2500965318e-02,1.3417693642e-01,1.5189716712e+00,2.6258488363e-01,-2.1393039043e-01,2.1393039043e-01,1.4754515227e+00,3.3845294670e-01,1.2142942511e-01,1.2151777026e-01,1.9245008967e-01,1.3010966395e-01,0.0000000000e+00,0.0000000000e+00,0.0000000000e+00,0.0000000000e+00,2.2161611125e-05,3.2146443841e-05,3.6391900746e-04,6.2910738912e-05,2.2161611125e-05,2.2981462188e-05,9.4350488240e-05,2.5961436974e-05,-1.1310340700e+01,1.1310366146e+01,2.9053693642e+03,1.4763622657e+02,-1.1310610496e+01,1.1310610496e+01,2.9053692261e+03,1.4763376214e+02,2.6979569011e-04,3.3175820332e-03,3.7755005193e-01,2.8370964070e-02,0.0000000000e+00,0.0000000000e+00,0.0000000000e+00,0.0000000000e+00,5.3718532979e-06,5.3718653833e-06,1.3799069732e-03,7.0119916951e-05,5.8318464223e-06,6.2399985691e-06,1.3290758766e-03,6.9554664498e-05,1.0000000000e+00,4.1921888688e+00,2.0679115636e+00,4.1921888688e+00,1.0000000000e+00,1.0002857242e+00,1.0000955859e+00,1.0002857242e+00,1.9127212306e+03,1.9691390611e+03,1.9618076177e+00,nan,3.7917969242e+00,3.9036401729e+00,3.8891062491e-03,nan,1.4086581865e+01,2.7152313103e-01,2.6791531057e+00,4.1909914012e+00,2.5926232570e-01,9.6316338887e-01,3.4100682759e-01,3.4089648885e-01,-1.6889050700e-02,5.6930902178e-01,3.1816136721e-01,492330,53,40,42,1.3290758766e-03,5.1668876517e-01,4.6893622267e-01,2.6373156701e-02,-3.6086814112e+00,-2.8937786441e+03,-3.2703672841e-02,-2.8938113478e+03,-1.6424829085e-05,447024,48,48,48,-9.4350488240e-05,9.9035801944e-01,5.4385758667e-01,7.0199722544e-02,-2.5836254490e+00,-1.4754515227e+00,-4.3520148521e-02,-1.5189716712e+00,2.5478422209e-05,2.6354673311e-02,7.0225200966e-02,3.8402676896e-06,3.6094719203e-03,0,0,0,2.3958248488e-04,3.1921888688e+00,3.1924284512e+00,9.3176175816e-07,2.8572417675e-04,2.8665593851e-04,4.7495061735e-03,2.3958248488e+00
280,2.8000000000e-02,1.0000000000e-04,-9.2491975051e-02,1.3417048897e-01,1.5190550937e+00,2.6254566455e-01,-2.1393761832e-01,2.1393761832e-01,1.4756271226e+00,3.3842355672e-01,1.2144564326e-01,1.2153362713e-01,1.9245008966e-01,1.3012230310e-01,0.0000000000e+00,0.0000000000e+00,0.0000000000e+00,0.0000000000e+00,2.2159457214e-05,3.2144899146e-05,3.6393899403e-04,6.2901342709e-05,2.2159457214e-05,2.2976317695e-05,9.3881246479e-05,2.5946222449e-05,-1.1305387580e+01,1.1305413053e+01,2.9047760971e+03,1.4757811780e+02,-1.1305655482e+01,1.1305655482e+01,2.9047775234e+03,1.4757563711e+02,2.6790230731e-04,3.3199146756e-03,3.7754972210e-01,2.8375422141e-02,0.0000000000e+00,0.0000000000e+00,0.0000000000e+00,0.0000000000e+00,5.3695008106e-06,5.3695129090e-06,1.3796252006e-03,7.0092318155e-05,5.8302680184e-06,6.2416065387e-06,1.3288909882e-03,6.9523447529e-05,1.0000000000e+00,4.1921888688e+00,2.0679115636e+00,4.1921888688e+00,1.0000000000e+00,1.0002857242e+00,1.0000955859e+00,1.0002857242e+00,1.9122256389e+03,1.9685037493e+03,1.9618059039e+00,nan,3.7908144585e+00,3.9023807247e+00,3.8891028517e-03,nan,1.4155020710e+01,2.7165390998e-01,2.6795209848e+00,4.1909914012e+00,2.5795874588e-01,9.6322609039e-01,3.3476884726e-01,3.3474275928e-01,-1.7441254218e-02,5.6927881247e-01,3.1821079342e-01,502792,54,53,40,1.3288909882e-03,5.1801784105e-01,4.6891040573e-01,2.6356731872e-02,-3.6093212607e+00,-2.8921104598e+03,-3.5301637279e-02,-2.8921457615e+03,-1.6043623643e-05,447024,48,48,48,-9.3881246479e-05,9.9021056781e-01,5.4376323618e-01,7.0225200966e-02,-2.5832351705e+00,-1.4756271226e+00,-4.3427971136e-02,-1.5190550937e+00,2.4445042201e-05,2.6338535548e-02,7.0249646008e-02,3.6591066923e-06,3.6160533914e-03,0,0,0,2.3958248488e-04,3.1921888688e+00,3.1924284512e+00,9.3176175816e-07,2.8572417675e-04,2.8665593851e-04,4.7495061735e-03,2.3958248488e+00
281,2.8100000000e-02,1.0000000000e-04,-9.2483260637e-02,1.3416438356e-01,1.5191350605e+00,2.6250741528e-01,-2.1394512045e-01,2.1394512045e-01,1.4757988176e+00,3.3839501908e-01,1.2146185981e-01,1.2154948389e-01,1.9245008356e-01,1.3013494636e-01,0.0000000000e+00,0.0000000000e+00,0.0000000000e+00,0.0000000000e+00,2.2157369393e-05,3.2143436396e-05,3.6395815268e-04,6.2892178853e-05,2.2157369393e-05,2.2971222502e-05,9.3416427746e-05,2.5931148213e-05,-1.1300474654e+01,1.1300500155e+01,2.9041957290e+03,1.4752067322e+02,-1.1300740673e+01,1.1300740673e+01,2.9041947141e+03,1.4751817640e+02,2.6601858728e-04,3.3225628627e-03,3.7754953477e-01,2.8379863177e-02,0.0000000000e+00,0.0000000000e+00,0.0000000000e+00,0.0000000000e+00,5.3671674132e-06,5.3671795250e-06,1.3793495544e-03,7.0065034820e-05,5.8299600755e-06,6.2422702455e-06,1.3287077036e-03,6.9492409237e-05,1.0000000000e+00,4.1921888688e+00,2.0679115636e+00,4.1921888688e+00,1.0000000000e+00,1.0002857242e+00,1.0000955859e+00,1.0002857242e+00,1.9117429413e+03,1.9678798217e+03,1.9618049927e+00,nan,3.7898575543e+00,3.9011438447e+00,3.8891010453e-03,nan,1.4223490832e+01,2.7174305786e-01,2.6798816877e+00,4.1909914012e+00,2.5666804565e-01,9.6328570185e-01,3.2723693053e-01,3.2731881679e-01,-1.7956489656e-02,5.6924435715e-01,3.1822271920e-01,493672,53,54,40,1.3287077036e-03,5.1934673204e-01,4.6888467116e-01,2.6340688248e-02,-3.6099466345e+00,-2.8903792452e+03,-3.7897742086e-02,-2.8904171429e+03,-1.5648128356e-05,447024,48,48,48,-9.3416427746e-05,9.9006310566e-01,5.4366935494e-01,7.0249646008e-02,-2.5828608444e+00,-1.4757988176e+00,-4.3336242904e-02,-1.5191350605e+00,2.3508260015e-05,2.6322796988e-02,7.0273154268e-02,3.4778048283e-06,3.6222714463e-03,0,0,0,2.3958248488e-04,3.1921888688e+00,3.1924284512e+00,9.3176175816e-07,2.8572417675e-04,2.8665593851e-04,4.7495061735e-03,2.3958248488e+00
282,2.8200000000e-02,1.0000000000e-04,-9.2474841389e-02,1.3415864238e-01,1.5192118772e+00,2.6247019352e-01,-2.1395291607e-01,2.1395291607e-01,1.4759669175e+00,3.3836738488e-01,1.2147807468e-01,1.2156534048e-01,1.9245008407e-01,1.3014759364e-01,0.0000000000e+00,0.0000000000e+00,0.0000000000e+00,0.0000000000e+00,2.2155352289e-05,3.2142060909e-05,3.6397655660e-04,6.2883261172e-05,2.2155352289e-05,2.2966178717e-05,9.2955926534e-05,2.5916215958e-05,-1.1295605630e+01,1.1295631171e+01,2.9035621911e+03,1.4746393748e+02,-1.1295869779e+01,1.1295869779e+01,2.9035587355e+03,1.4746142461e+02,2.6414942845e-04,3.3253689536e-03,3.7754937777e-01,2.8384287098e-02,0.0000000000e+00,0.0000000000e+00,0.0000000000e+00,0.0000000000e+00,5.3648548672e-06,5.3648669981e-06,1.3790486552e-03,7.0038088143e-05,5.8296884011e-06,6.2435692808e-06,1.3285183371e-03,6.9461691855e-05,1.0000000000e+00,4.1921888688e+00,2.0679115636e+00,4.1921888688e+00,1.0000000000e+00,1.0002857242e+00,1.0000955859e+00,1.0002857242e+00,1.9112292596e+03,1.9672248077e+03,1.9618041717e+00,nan,3.7888392266e+00,3.8998453386e+00,3.8890994178e-03,nan,1.4291916466e+01,2.7185930048e-01,2.6802405092e+00,4.1909914012e+00,2.5538987292e-01,9.6335856756e-01,3.1819332928e-01,3.1843731570e-01,-1.8434771285e-02,5.6920761555e-01,3.1825629643e-01,392200,42,53,40,1.3285183371e-03,5.2067543974e-01,4.6885902029e-01,2.6325040120e-02,-3.6105569491e+00,-2.8885858902e+03,-4.0491880547e-02,-2.8886263820e+03,-1.5241223968e-05,447024,48,48,48,-9.2955926534e-05,9.8991545751e-01,5.4357593851e-01,7.0273154268e-02,-2.5825009767e+00,-1.4759669175e+00,-4.3244959662e-02,-1.5192118772e+00,2.2668807156e-05,2.6307469618e-02,7.0295823076e-02,3.2972008667e-06,3.6289836648e-03,0,0,0,2.3958248488e-04,3.1921888688e+00,3.1924284512e+00,9.3176175816e-07,2.8572417675e-04,2.8665593851e-04,4.7495061735e-03,2.3958248488e+00
283,2.8300000000e-02,1.0000000000e-04,-9.2466734240e-02,1.3415328283e-01,1.5192858497e+00,2.6243404864e-01,-2.1396102204e-01,2.1396102204e-01,1.4761317324e+00,3.3834069793e-01,1.2149428780e-01,1.2158119682e-01,1.9245008966e-01,1.3016024488e-01,0.0000000000e+00,0.0000000000e+00,0.0000000000e+00,0.0000000000e+00,2.2153409958e-05,3.2140776855e-05,3.6399427913e-04,6.2874601491e-05,2.2153409958e-05,2.2961188178e-05,9.2499633971e-05,2.5901427037e-05,-1.1290783847e+01,1.1290809439e+01,2.9028761885e+03,1.4740794533e+02,-1.1291046142e+01,1.1291046142e+01,2.9028702925e+03,1.4740541652e+02,2.6229491109e-04,3.3281459519e-03,3.7754822881e-01,2.8388695327e-02,0.0000000000e+00,0.0000000000e+00,0.0000000000e+00,0.0000000000e+00,5.3625647585e-06,5.3625769134e-06,1.3787228378e-03,7.0011494638e-05,5.8289099926e-06,6.2451381499e-06,1.3283102604e-03,6.9431335957e-05,1.0000000000e+00,4.1921888688e+00,2.0679115636e+00,4.1921888688e+00,1.0000000000e+00,1.0002857242e+00,1.0000955859e+00,1.0002857242e+00,1.9106846740e+03,1.9665387775e+03,1.9617981445e+00,nan,3.7877596350e+00,3.8984853458e+00,3.8890874694e-03,nan,1.4360167748e+01,2.7198671521e-01,2.6805988665e+00,4.1909914012e+00,2.5412386753e-01,9.6343530691e-01,3.0736746915e-01,3.0783602986e-01,-1.8877390162e-02,5.6916626013e-01,3.1830394623e-01,392200,42,53,40,1.3283102604e-03,5.2200395808e-01,4.6883345449e-01,2.6309798896e-02,-3.6111517330e+00,-2.8867311434e+03,-4.3083931039e-02,-2.8867742273e+03,-1.4825732838e-05,447024,48,48,48,-9.2499633971e-05,9.8976775193e-01,5.4348298258e-01,7.0295823076e-02,-2.5821540649e+00,-1.4761317324e+00,-4.3154117346e-02,-1.5192858497e+00,2.1926847436e-05,2.6292562506e-02,7.0317749923e-02,3.1182964346e-06,3.6361585950e-03,0,0,0,2.3958248488e-04,3.1921888688e+00,3.1924284512e+00,9.3176175816e-07,2.8572417675e-04,2.8665593851e-04,4.7495061735e-03,2.3958248488e+00
284,2.8400000000e-02,1.0000000000e-04,-9.2458953727e-02,1.3414832024e-01,1.5193572833e+00,2.6239902164e-01,-2.1396945284e-01,2.1396945284e-01,1.4762935713e+00,3.3831499473e-01,1.2151049912e-01,1.2159705285e-01,1.9245008973e-01,1.3017289998e-01,0.0000000000e+00,0.0000000000e+00,0.0000000000e+00,0.0000000000e+00,2.2151545884e-05,3.2139587905e-05,3.6401139335e-04,6.2866209635e-05,2.2151545884e-05,2.2956252453e-05,9.2047438358e-05,2.5886782470e-05,-1.1286011849e+01,1.1286037492e+01,2.9021382824e+03,1.4735272547e+02,-1.1286272302e+01,1.1286272302e+01,2.9021299463e+03,1.4735018082e+02,2.6045295098e-04,3.3308917957e-03,3.7754979474e-01,2.8393087952e-02,0.0000000000e+00,0.0000000000e+00,0.0000000000e+00,0.0000000000e+00,5.3602982949e-06,5.3603104743e-06,1.3783723689e-03,6.9985267929e-05,5.8283284911e-06,6.2463558980e-06,1.3280844247e-03,6.9401355801e-05,1.0000000000e+00,4.1921888688e+00,2.0679115636e+00,4.1921888688e+00,1.0000000000e+00,1.0002857242e+00,1.0000955859e+00,1.0002857242e+00,1.9101091720e+03,1.9658217057e+03,1.9618062806e+00,nan,3.7866187543e+00,3.8970638156e+00,3.8891035986e-03,nan,1.4428260562e+01,2.7209824037e-01,2.6809571982e+00,4.1909914012e+00,2.5286966298e-01,9.6351643047e-01,2.9443851628e-01,2.9520082861e-01,-1.9279842325e-02,5.6912195997e-01,3.1834703991e-01,373867,40,54,43,1.3280844247e-03,5.2333226834e-01,4.6880797519e-01,2.6294973163e-02,-3.6117306242e+00,-2.8848156219e+03,-4.5673747455e-02,-2.8848612957e+03,-1.4404494756e-05,447024,48,48,48,-9.2047438358e-05,9.8961987056e-01,5.4339048295e-01,7.0317749923e-02,-2.5818186060e+00,-1.4762935713e+00,-4.3063711997e-02,-1.5193572833e+00,2.1281925680e-05,2.6278081836e-02,7.0339031849e-02,2.9420195467e-06,3.6435533621e-03,0,0,0,2.3958248488e-04,3.1921888688e+00,3.1924284512e+00,9.3176175816e-07,2.8572417675e-04,2.8665593851e-04,4.7495061735e-03,2.3958248488e+00
285,2.8500000000e-02,1.0000000000e-04,-9.2451512007e-02,1.3414377672e-01,1.5194264801e+00,2.6236514523e-01,-2.1397822055e-01,2.1397822055e-01,1.4764527403e+00,3.3829030460e-01,1.2152670855e-01,1.2161290847e-01,1.9245008717e-01,1.3018555886e-01,0.0000000000e+00,0.0000000000e+00,0.0000000000e+00,0.0000000000e+00,2.2149762978e-05,3.2138499359e-05,3.6402797169e-04,6.2858093442e-05,2.2149762978e-05,2.2951372846e-05,9.1599225750e-05,2.5872282947e-05,-1.1281291470e+01,1.1281317162e+01,2.9013488960e+03,1.4729830063e+02,-1.1281550094e+01,1.1281550094e+01,2.9013381206e+03,1.4729574025e+02,2.5862420498e-04,3.3336071507e-03,3.7754979706e-01,2.8397464052e-02,0.0000000000e+00,0.0000000000e+00,0.0000000000e+00,0.0000000000e+00,5.3580563481e-06,5.3580685508e-06,1.3779974493e-03,6.9959418819e-05,5.8274986098e-06,6.2482625398e-06,1.3278542128e-03,6.9371773957e-05,1.0000000000e+00,4.1921888688e+00,2.0679115636e+00,4.1921888688e+00,1.0000000000e+00,1.0002857242e+00,1.0000955859e+00,1.0002857242e+00,1.9095026538e+03,1.9650734774e+03,1.9618063187e+00,nan,3.7854163868e+00,3.8955805208e+00,3.8891036741e-03,nan,1.4496347561e+01,2.7223916328e-01,2.6813162990e+00,4.1909914012e+00,2.5162688824e-01,9.6361151717e-01,2.7902626482e-01,2.8018003492e-01,-1.9631924580e-02,5.6908068182e-01,3.1839195914e-01,392200,42,53,40,1.3278542128e-03,5.2466035276e-01,4.6878258387e-01,2.6280568668e-02,-3.6122933718e+00,-2.8828397986e+03,-4.8261185747e-02,-2.8828880597e+03,-1.3980258869e-05,447024,48,48,48,-9.1599225750e-05,9.8947187284e-01,5.4329843551e-01,7.0339031849e-02,-2.5814931062e+00,-1.4764527403e+00,-4.2973739760e-02,-1.5194264801e+00,2.0733033562e-05,2.6264031053e-02,7.0359764882e-02,2.7691389113e-06,3.6511720042e-03,0,0,0,2.3958248488e-04,3.1921888688e+00,3.1924284512e+00,9.3176175816e-07,2.8572417675e-04,2.8665593851e-04,4.7495061735e-03,2.3958248488e+00
286,2.8600000000e-02,1.0000000000e-04,-9.2444418879e-02,1.3413964999e-01,1.5194937380e+00,2.6233244398e-01,-2.1398733490e-01,2.1398733490e-01,1.4766095411e+00,3.3826664969e-01,1.2154291602e-01,1.2162876362e-01,1.9245008859e-01,1.3019822146e-01,0.0000000000e+00,0.0000000000e+00,0.0000000000e+00,0.0000000000e+00,2.2148063589e-05,3.2137510666e-05,3.6404408552e-04,6.2850258793e-05,2.2148063589e-05,2.2946550399e-05,9.1154880516e-05,2.5857928837e-05,-1.1276624096e+01,1.1276649832e+01,2.9005083298e+03,1.4724468543e+02,-1.1276880904e+01,1.1276880904e+01,2.9004951159e+03,1.4724210941e+02,2.5680760029e-04,3.3362909526e-03,3.7755004646e-01,2.8401823370e-02,0.0000000000e+00,0.0000000000e+00,0.0000000000e+00,0.0000000000e+00,5.3558395762e-06,5.3558517995e-06,1.3775982219e-03,6.9933954245e-05,5.8272722562e-06,6.2498824705e-06,1.3276214343e-03,6.9342456868e-05,1.0000000000e+00,4.1921888688e+00,2.0679115636e+00,4.1921888688e+00,1.0000000000e+00,1.0002857242e+00,1.0000955859e+00,1.0002857242e+00,1.9088649444e+03,1.9642939010e+03,1.9618076002e+00,nan,3.7841521856e+00,3.8940350811e+00,3.8891062145e-03,nan,1.4564458061e+01,2.7236697290e-01,2.6816709608e+00,4.1909914012e+00,2.5039516955e-01,9.6372179729e-01,2.6068108632e-01,2.6235520355e-01,-1.9936877727e-02,5.6903918237e-01,3.1841149705e-01,372810,40,43,42,1.3276214343e-03,5.2598820698e-01,4.6875728204e-01,2.6266588410e-02,-3.6128398326e+00,-2.8808039908e+03,-5.0846128122e-02,-2.8808548369e+03,-1.3555650255e-05,447024,48,48,48,-9.1154880516e-05,9.8932386445e-01,5.4320683628e-01,7.0359764882e-02,-2.5811760891e+00,-1.4766095411e+00,-4.2884196891e-02,-1.5194937380e+00,2.0278608753e-05,2.6250410938e-02,7.0380043491e-02,2.6004553912e-06,3.6588713059e-03,0,0,0,2.3958248488e-04,3.1921888688e+00,3.1924284512e+00,9.3176175816e-07,2.8572417675e-04,2.8665593851e-04,4.7495061735e-03,2.3958248488e+00
287,2.8700000000e-02,1.0000000000e-04,-9.2437681818e-02,1.3413594870e-01,1.5195593491e+00,2.6230093440e-01,-2.1399680329e-01,2.1399680329e-01,1.4767642693e+00,3.3824404519e-01,1.2155912148e-01,1.2164461821e-01,1.9245008852e-01,1.3021088768e-01,0.0000000000e+00,0.0000000000e+00,0.0000000000e+00,0.0000000000e+00,2.2146449507e-05,3.2136623902e-05,3.6405980479e-04,6.2842709652e-05,2.2146449507e-05,2.2941785893e-05,9.0714285909e-05,2.5843720194e-05,-1.1272010569e+01,1.1272036352e+01,2.8996167618e+03,1.4719188798e+02,-1.1272265574e+01,1.1272265574e+01,2.8996589828e+03,1.4718929643e+02,2.5500538224e-04,3.3389454557e-03,3.7754608839e-01,2.8406165438e-02,0.0000000000e+00,0.0000000000e+00,0.0000000000e+00,0.0000000000e+00,5.3536483785e-06,5.3536606240e-06,1.3771747711e-03,6.9908878064e-05,5.8268139999e-06,6.2511311900e-06,1.3274092171e-03,6.9313535627e-05,1.0000000000e+00,4.1921888688e+00,2.0679115636e+00,4.1921888688e+00,1.0000000000e+00,1.0002857242e+00,1.0000955859e+00,1.0002857242e+00,1.9081957961e+03,1.9635218992e+03,1.9617870342e+00,nan,3.7828256594e+00,3.8925046572e+00,3.8890654443e-03,nan,1.4632857479e+01,2.7247796746e-01,2.6820262372e+00,4.1909914012e+00,2.4917413215e-01,9.6386402432e-01,2.3894505334e-01,2.4131015636e-01,-2.0199422035e-02,5.6899652139e-01,3.1844932799e-01,391240,42,43,40,1.3274092171e-03,5.2731582841e-01,4.6873207123e-01,2.6253032759e-02,-3.6133699666e+00,-2.8787083775e+03,-5.3428460449e-02,-2.8787618059e+03,-1.3133115009e-05,447024,48,48,48,-9.0714285909e-05,9.8917575946e-01,5.4311568140e-01,7.0380043491e-02,-2.5808661039e+00,-1.4767642693e+00,-4.2795079754e-02,-1.5195593491e+00,1.9916562166e-05,2.6237219728e-02,7.0399960053e-02,2.4365978667e-06,3.6664444699e-03,0,0,0,2.3958248488e-04,3.1921888688e+00,3.1924284512e+00,9.3176175816e-07,2.8572417675e-04,2.8665593851e-04,4.7495061735e-03,2.3958248488e+00
288,2.8800000000e-02,1.0000000000e-04,-9.2431306029e-02,1.3413267682e-01,1.5196235978e+00,2.6227062527e-01,-2.1400663085e-01,2.1400663085e-01,1.4769172130e+00,3.3822249948e-01,1.2157532483e-01,1.2166047425e-01,1.9245008418e-01,1.3022355744e-01,0.0000000000e+00,0.0000000000e+00,0.0000000000e+00,0.0000000000e+00,2.2144921979e-05,3.2135840017e-05,3.6407519765e-04,6.2835448114e-05,2.2144921979e-05,2.2937079858e-05,9.0277324614e-05,2.5829656767e-05,-1.1267451293e+01,1.1267477117e+01,2.9004184288e+03,1.4713990589e+02,-1.1267704510e+01,1.1267704510e+01,2.9004584787e+03,1.4713729890e+02,2.5321654832e-04,3.3415696784e-03,3.7753505179e-01,2.8410491375e-02,0.0000000000e+00,0.0000000000e+00,0.0000000000e+00,0.0000000000e+00,5.3514829477e-06,5.3514952125e-06,1.3775555233e-03,6.9884189139e-05,5.8269920923e-06,6.2516927427e-06,1.3271569504e-03,6.9285046750e-05,1.0000000000e+00,4.1921888688e+00,2.0679115636e+00,4.1921888688e+00,1.0000000000e+00,1.0002857242e+00,1.0000955859e+00,1.0002857242e+00,1.9086426619e+03,1.9638598922e+03,1.9617297306e+00,nan,3.7837115305e+00,3.8931746978e+00,3.8889518450e-03,nan,1.4700889245e+01,2.7255835448e-01,2.6823835630e+00,4.1909914012e+00,2.4796340205e-01,9.6341448890e-01,2.1329378226e-01,2.1657109635e-01,-2.0416183074e-02,5.6895234748e-01,3.1846918057e-01,493672,53,54,40,1.3271569504e-03,5.2864323763e-01,4.6870695299e-01,2.6239899644e-02,-3.6138838302e+00,-2.8765529793e+03,-5.6008113656e-02,-2.8766089874e+03,-1.2715075631e-05,447024,48,48,48,-9.0277324614e-05,9.8902760450e-01,5.4302496712e-01,7.0399960053e-02,-2.5805617333e+00,-1.4769172130e+00,-4.2706384826e-02,-1.5196235978e+00,1.9644326406e-05,2.6224453242e-02,7.0419604380e-02,2.2783376642e-06,3.6735976067e-03,0,0,0,2.3958248488e-04,3.1921888688e+00,3.1924284512e+00,9.3176175816e-07,2.8572417675e-04,2.8665593851e-04,4.7495061735e-03,2.3958248488e+00
289,2.8900000000e-02,1.0000000000e-04,-9.2425294502e-02,1.3412983877e-01,1.5196867600e+00,2.6224151778e-01,-2.1401682050e-01,2.1401682050e-01,1.4770686513e+00,3.3820201438e-01,1.2159152600e-01,1.2167633033e-01,1.9245008965e-01,1.3023623066e-01,0.0000000000e+00,0.0000000000e+00,0.0000000000e+00,0.0000000000e+00,2.2143481723e-05,3.2135160068e-05,3.6409033019e-04,6.2828474469e-05,2.2143481723e-05,2.2932432581e-05,8.9843879286e-05,2.5815738007e-05,-1.1262946047e+01,1.1262971917e+01,2.9011647298e+03,1.4708873408e+02,-1.1263197490e+01,1.1263197490e+01,2.9012022794e+03,1.4708611175e+02,2.5144347141e-04,3.3441659977e-03,3.7751689557e-01,2.8414800542e-02,0.0000000000e+00,0.0000000000e+00,0.0000000000e+00,0.0000000000e+00,5.3493431781e-06,5.3493554653e-06,1.3779099795e-03,6.9859885056e-05,5.8268457377e-06,6.2531219098e-06,1.3268021517e-03,6.9256987474e-05,1.0000000000e+00,4.1921888688e+00,2.0679115636e+00,4.1921888688e+00,1.0000000000e+00,1.0002857242e+00,1.0000955859e+00,1.0002857242e+00,1.9090544224e+03,1.9641621105e+03,1.9616353323e+00,nan,3.7845278086e+00,3.8937738183e+00,3.8887647089e-03,nan,1.4767863568e+01,2.7267590945e-01,2.6827428856e+00,4.1909914012e+00,2.4676260762e-01,9.6290916787e-01,1.8329111983e-01,1.8775412086e-01,-2.0585928057e-02,5.6891384630e-01,3.1852253251e-01,492520,53,42,40,1.3268021517e-03,5.2997039458e-01,4.6868192884e-01,2.6227184569e-02,-3.6143815756e+00,-2.8743377688e+03,-5.8584901008e-02,-2.8743963537e+03,-1.2303795076e-05,447024,48,48,48,-8.9843879286e-05,9.8887951796e-01,5.4293468979e-01,7.0419604380e-02,-2.5802616011e+00,-1.4770686513e+00,-4.2618108697e-02,-1.5196867600e+00,1.9458910270e-05,2.6212074789e-02,7.0439063290e-02,2.1262705312e-06,3.6808674570e-03,0,0,0,2.3958248488e-04,3.1921888688e+00,3.1924284512e+00,9.3176175816e-07,2.8572417675e-04,2.8665593851e-04,4.7495061735e-03,2.3958248488e+00
290,2.9000000000e-02,1.0000000000e-04,-9.2419648086e-02,1.3412743163e-01,1.5197491013e+00,2.6221360587e-01,-2.1402737301e-01,2.1402737301e-01,1.4772188532e+00,3.3818258535e-01,1.2160772493e-01,1.2169218561e-01,1.9245008962e-01,1.3024890727e-01,0.0000000000e+00,0.0000000000e+00,0.0000000000e+00,0.0000000000e+00,2.2142128941e-05,3.2134583362e-05,3.6410526608e-04,6.2821787264e-05,2.2142128941e-05,2.2927844108e-05,8.9413833052e-05,2.5801963082e-05,-1.1258494149e+01,1.1258520067e+01,2.9018549141e+03,1.4703836101e+02,-1.1258743834e+01,1.1258743834e+01,2.9018899610e+03,1.4703572344e+02,2.4968476452e-04,3.3467330227e-03,3.7749611653e-01,2.8419092424e-02,0.0000000000e+00,0.0000000000e+00,0.0000000000e+00,0.0000000000e+00,5.3472287467e-06,5.3472410561e-06,1.3782377829e-03,6.9835960337e-05,5.8265342731e-06,6.2543683838e-06,1.3264414093e-03,6.9229360228e-05,1.0000000000e+00,4.1921888688e+00,2.0679115636e+00,4.1921888688e+00,1.0000000000e+00,1.0002857242e+00,1.0000955859e+00,1.0002857242e+00,1.9094302551e+03,1.9644279213e+03,1.9615273616e+00,nan,3.7852728629e+00,3.8943007641e+00,3.8885506668e-03,nan,1.4834856800e+01,2.7278484425e-01,2.6831043827e+00,4.1909914012e+00,2.4557138109e-01,9.6241840539e-01,1.4857302093e-01,1.5453945102e-01,-2.0713744201e-02,5.6887390574e-01,3.1857980491e-01,373867,40,54,43,1.3264414093e-03,5.3129719673e-01,4.6865700031e-01,2.6214880774e-02,-3.6148634445e+00,-2.8720626999e+03,-6.1158515046e-02,-2.8721238584e+03,-1.1901479809e-05,447024,48,48,48,-8.9413833052e-05,9.8873164958e-01,5.4284484591e-01,7.0439063290e-02,-2.5799643780e+00,-1.4772188532e+00,-4.2530248067e-02,-1.5197491013e+00,1.9356901169e-05,2.6200073753e-02,7.0458420191e-02,1.9809685638e-06,3.6882882974e-03,0,0,0,2.3958248488e-04,3.1921888688e+00,3.1924284512e+00,9.3176175816e-07,2.8572417675e-04,2.8665593851e-04,4.7495061735e-03,2.3958248488e+00
291,2.9100000000e-02,1.0000000000e-04,-9.2414365565e-02,1.3412545363e-01,1.5198108763e+00,2.6218687654e-01,-2.1403828710e-01,2.1403828710e-01,1.4773680766e+00,3.3816420179e-01,1.2162392153e-01,1.2170804002e-01,1.9245008329e-01,1.3026158719e-01,0.0000000000e+00,0.0000000000e+00,0.0000000000e+00,0.0000000000e+00,2.2140863341e-05,3.2134109466e-05,3.6412006630e-04,6.2815383385e-05,2.2140863341e-05,2.2923314259e-05,8.8987070028e-05,2.5788330886e-05,-1.1254094398e+01,1.1254120369e+01,2.9024884876e+03,1.4698876860e+02,-1.1254342338e+01,1.1254342338e+01,2.9025210295e+03,1.4698611587e+02,2.4793966103e-04,3.3492699970e-03,3.7751336709e-01,2.8423366490e-02,0.0000000000e+00,0.0000000000e+00,0.0000000000e+00,0.0000000000e+00,5.3451390823e-06,5.3451514169e-06,1.3785386990e-03,6.9812406389e-05,5.8259297331e-06,6.2559496798e-06,1.3260822330e-03,6.9202131897e-05,1.0000000000e+00,4.1921888688e+00,2.0679115636e+00,4.1921888688e+00,1.0000000000e+00,1.0002857242e+00,1.0000955859e+00,1.0002857242e+00,1.9097695199e+03,1.9646566591e+03,1.9616170627e+00,nan,3.7859454247e+00,3.8947542161e+00,3.8887284911e-03,nan,1.4901965337e+01,2.7290773094e-01,2.6834668829e+00,4.1909914012e+00,2.4438936017e-01,9.6194777404e-01,1.0906382656e-01,1.1685724976e-01,-2.0799504125e-02,5.6883658900e-01,3.1864646902e-01,493866,53,56,42,1.3260822330e-03,5.3262363814e-01,4.6863216888e-01,2.6202979294e-02,-3.6153297665e+00,-2.8697274901e+03,-6.3728836324e-02,-2.8697912189e+03,-1.1510172762e-05,447024,48,48,48,-8.8987070028e-05,9.8858397050e-01,5.4275543208e-01,7.0458420191e-02,-2.5796687884e+00,-1.4773680766e+00,-4.2442799749e-02,-1.5198108763e+00,1.9334516993e-05,2.6188477424e-02,7.0477754708e-02,1.8429174678e-06,3.6958162061e-03,0,0,0,2.3958248488e-04,3.1921888688e+00,3.1924284512e+00,9.3176175816e-07,2.8572417675e-04,2.8665593851e-04,4.7495061735e-03,2.3958248488e+00
292,2.9200000000e-02,1.0000000000e-04,-9.2409443748e-02,1.3412390313e-01,1.5198723275e+00,2.6216131021e-01,-2.1404955950e-01,2.1404955950e-01,1.4775165668e+00,3.3814684736e-01,1.2164011575e-01,1.2172389349e-01,1.9245008689e-01,1.3027427033e-01,0.0000000000e+00,0.0000000000e+00,0.0000000000e+00,0.0000000000e+00,2.2139684160e-05,3.2133737993e-05,3.6413478892e-04,6.2809258141e-05,2.2139684160e-05,2.2918842636e-05,8.8563475795e-05,2.5774840052e-05,-1.1249745142e+01,1.1249771172e+01,2.9030648275e+03,1.4693993276e+02,-1.1249991349e+01,1.1249991349e+01,2.9030948621e+03,1.4693726497e+02,2.4620690231e-04,3.3517756763e-03,3.7752881129e-01,2.8427622301e-02,0.0000000000e+00,0.0000000000e+00,0.0000000000e+00,0.0000000000e+00,5.3430734001e-06,5.3430857632e-06,1.3788124320e-03,6.9789211777e-05,5.8253583936e-06,6.2576572436e-06,1.3257212007e-03,6.9175266077e-05,1.0000000000e+00,4.1921888688e+00,2.0679115636e+00,4.1921888688e+00,1.0000000000e+00,1.0002857242e+00,1.0000955859e+00,1.0002857242e+00,1.9100715074e+03,1.9648475878e+03,1.9616972764e+00,nan,3.7865440875e+00,3.8951327150e+00,3.8888875074e-03,nan,1.4969164081e+01,2.7303548190e-01,2.6838291116e+00,4.1909914012e+00,2.4321618942e-01,9.6149495749e-01,6.5107505574e-02,7.4993134710e-02,-2.0843450318e-02,5.6880230347e-01,3.1871226453e-01,493672,53,54,40,1.3257212007e-03,5.3394972037e-01,4.6860743602e-01,2.6191469121e-02,-3.6157809524e+00,-2.8673317401e+03,-6.6295760148e-02,-2.8673980358e+03,-1.1131723527e-05,447024,48,48,48,-8.8563475795e-05,9.8843643923e-01,5.4266644501e-01,7.0477754708e-02,-2.5793736154e+00,-1.4775165668e+00,-4.2355760668e-02,-1.5198723275e+00,1.9387638966e-05,2.6177273300e-02,7.0497142347e-02,1.7125533504e-06,3.7034114022e-03,0,0,0,2.3958248488e-04,3.1921888688e+00,3.1924284512e+00,9.3176175816e-07,2.8572417675e-04,2.8665593851e-04,4.7495061735e-03,2.3958248488e+00
293,2.9300000000e-02,1.0000000000e-04,-9.2404877571e-02,1.3412276995e-01,1.5199336839e+00,2.6213688111e-01,-2.1406118508e-01,2.1406118508e-01,1.4776645561e+00,3.3813050027e-01,1.2165630751e-01,1.2173974594e-01,1.9245008954e-01,1.3028695663e-01,0.0000000000e+00,0.0000000000e+00,0.0000000000e+00,0.0000000000e+00,2.2138590184e-05,3.2133466503e-05,3.6414948885e-04,6.2803405355e-05,2.2138590184e-05,2.2914428633e-05,8.8142937855e-05,2.5761488966e-05,-1.1245444306e+01,1.1245470399e+01,2.9035832145e+03,1.4689182405e+02,-1.1245688792e+01,1.1245688792e+01,2.9036107398e+03,1.4688914130e+02,2.4448651312e-04,3.3542501003e-03,3.7754001924e-01,2.8431859418e-02,0.0000000000e+00,0.0000000000e+00,0.0000000000e+00,0.0000000000e+00,5.3410307154e-06,5.3410431082e-06,1.3790586403e-03,6.9766362517e-05,5.8245498245e-06,6.2594290268e-06,1.3253519879e-03,6.9148754582e-05,1.0000000000e+00,4.1921888688e+00,2.0679115636e+00,4.1921888688e+00,1.0000000000e+00,1.0002857242e+00,1.0000955859e+00,1.0002857242e+00,1.9103354609e+03,1.9649999236e+03,1.9617554876e+00,nan,3.7870673515e+00,3.8954347070e+00,3.8890029060e-03,nan,1.5036394522e+01,2.7316539841e-01,2.6841909127e+00,4.1909914012e+00,2.4205152157e-01,9.6105557023e-01,1.7576597554e-02,2.9675603673e-02,-2.0836530288e-02,5.6877164453e-01,3.1877741092e-01,373867,40,54,43,1.3253519879e-03,5.3527544157e-01,4.6858280313e-01,2.6180337397e-02,-3.6162174872e+00,-2.8648749588e+03,-6.8859175375e-02,-2.8649438180e+03,-1.0767816165e-05,447024,48,48,48,-8.8142937855e-05,9.8828903856e-01,5.4257788154e-01,7.0497142347e-02,-2.5790777066e+00,-1.4776645561e+00,-4.2269127858e-02,-1.5199336839e+00,1.9511874083e-05,2.6166447106e-02,7.0516654221e-02,1.5902413606e-06,3.7110771192e-03,0,0,0,2.3958248488e-04,3.1921888688e+00,3.1924284512e+00,9.3176175816e-07,2.8572417675e-04,2.8665593851e-04,4.7495061735e-03,2.3958248488e+00
294,2.9400000000e-02,1.0000000000e-04,-9.2400660193e-02,1.3412203877e-01,1.5199951609e+00,2.6211355765e-01,-2.1407315693e-01,2.1407315693e-01,1.4778122624e+00,3.3811513369e-01,1.2167249673e-01,1.2175559731e-01,1.9245008591e-01,1.3029964601e-01,0.0000000000e+00,0.0000000000e+00,0.0000000000e+00,0.0000000000e+00,2.2137579774e-05,3.2133291325e-05,3.6416421765e-04,6.2797817463e-05,2.2137579774e-05,2.2910071868e-05,8.7725346053e-05,2.5748275782e-05,-1.1241189457e+01,1.1241215607e+01,2.9040428311e+03,1.4684440807e+02,-1.1241432235e+01,1.1241432235e+01,2.9040678449e+03,1.4684171044e+02,2.4277746574e-04,3.3566924394e-03,3.7754732697e-01,2.8436077521e-02,0.0000000000e+00,0.0000000000e+00,0.0000000000e+00,0.0000000000e+00,5.3390098725e-06,5.3390222925e-06,1.3792769354e-03,6.9743842265e-05,5.8234008802e-06,6.2613885814e-06,1.3249666421e-03,6.9122575159e-05,1.0000000000e+00,4.1921888688e+00,2.0679115636e+00,4.1921888688e+00,1.0000000000e+00,1.0002857242e+00,1.0000955859e+00,1.0002857242e+00,1.9105605767e+03,1.9651128352e+03,1.9617934966e+00,nan,3.7875136232e+00,3.8956585441e+00,3.8890782555e-03,nan,1.5103578404e+01,2.7330287820e-01,2.6845516082e+00,4.1909914012e+00,2.4089501879e-01,9.6062408360e-01,-3.2040327473e-02,-1.7853238402e-02,-2.0786060199e-02,5.6874023522e-01,3.1884225203e-01,492520,53,42,40,1.3249666421e-03,5.3660079356e-01,4.6855827157e-01,2.6169569581e-02,-3.6166399230e+00,-2.8623565790e+03,-7.1418958853e-02,-2.8624279979e+03,-1.0419982199e-05,447024,48,48,48,-8.7725346053e-05,9.8814180706e-01,5.4248973860e-01,7.0516654221e-02,-2.5787799776e+00,-1.4778122624e+00,-4.2182898460e-02,-1.5199951609e+00,1.9702554009e-05,2.6155982931e-02,7.0536356775e-02,1.4763027266e-06,3.7187902207e-03,0,0,0,2.3958248488e-04,3.1921888688e+00,3.1924284512e+00,9.3176175816e-07,2.8572417675e-04,2.8665593851e-04,4.7495061735e-03,2.3958248488e+00
295,2.9500000000e-02,1.0000000000e-04,-9.2396783115e-02,1.3412170271e-01,1.5200569589e+00,2.6209130291e-01,-2.1408546649e-01,2.1408546649e-01,1.4779598891e+00,3.3810071607e-01,1.2168868337e-01,1.2177144753e-01,1.9245008972e-01,1.3031233841e-01,0.0000000000e+00,0.0000000000e+00,0.0000000000e+00,0.0000000000e+00,2.2136650894e-05,3.2133210811e-05,3.6417902337e-04,6.2792485617e-05,2.2136650894e-05,2.2905772247e-05,8.7310592998e-05,2.5735198432e-05,-1.1236977861e+01,1.1237004063e+01,2.9044427835e+03,1.4679764678e+02,-1.1237218939e+01,1.1237218939e+01,2.9044652840e+03,1.4679493436e+02,2.4107832426e-04,3.3591015072e-03,3.7755003180e-01,2.8440276208e-02,0.0000000000e+00,0.0000000000e+00,0.0000000000e+00,0.0000000000e+00,5.3370095722e-06,5.3370220171e-06,1.3794668931e-03,6.9721632961e-05,5.8226129665e-06,6.2629381854e-06,1.3245705661e-03,6.9096692685e-05,1.0000000000e+00,4.1921888688e+00,2.0679115636e+00,4.1921888688e+00,1.0000000000e+00,1.0002857242e+00,1.0000955859e+00,1.0002857242e+00,1.9107460194e+03,1.9651854596e+03,1.9618075125e+00,nan,3.7878812467e+00,3.8958025154e+00,3.8891060407e-03,nan,1.5170788796e+01,2.7342183088e-01,2.6849100412e+00,4.1909914012e+00,2.3974635384e-01,9.6020467959e-01,-8.1820148652e-02,-6.5954617346e-02,-2.0707981575e-02,5.6870016220e-01,3.1889344801e-01,492330,53,40,42,1.3245705661e-03,5.3792576020e-01,4.6853384264e-01,2.6159149599e-02,-3.6170488740e+00,-2.8597759696e+03,-7.3974972347e-02,-2.8598499446e+03,-1.0089611860e-05,447024,48,48,48,-8.7310592998e-05,9.8799473456e-01,5.4240201325e-01,7.0536356775e-02,-2.5784794162e+00,-1.4779598891e+00,-4.2097069722e-02,-1.5200569589e+00,1.9954810925e-05,2.6145863400e-02,7.0556311586e-02,1.3709927214e-06,3.7265009519e-03,0,0,0,2.3958248488e-04,3.1921888688e+00,3.1924284512e+00,9.3176175816e-07,2.8572417675e-04,2.8665593851e-04,4.7495061735e-03,2.3958248488e+00
296,2.9600000000e-02,1.0000000000e-04,-9.2393236288e-02,1.3412175006e-01,1.5201192631e+00,2.6207007502e-01,-2.1409810365e-01,2.1409810365e-01,1.4781076241e+00,3.3808721156e-01,1.2170486736e-01,1.2178729654e-01,1.9245008741e-01,1.3032503375e-01,0.0000000000e+00,0.0000000000e+00,0.0000000000e+00,0.0000000000e+00,2.2135801136e-05,3.2133222155e-05,3.6419395037e-04,6.2787399788e-05,2.2135801136e-05,2.2901527464e-05,8.6898574424e-05,2.5722254647e-05,-1.1232806479e+01,1.1232832734e+01,2.9047821010e+03,1.4675149835e+02,-1.1233045869e+01,1.1233045869e+01,2.9048020865e+03,1.4674877124e+02,2.3939040808e-04,3.3614786465e-03,3.7754914560e-01,2.8444455083e-02,0.0000000000e+00,0.0000000000e+00,0.0000000000e+00,0.0000000000e+00,5.3350283718e-06,5.3350408418e-06,1.3796280521e-03,6.9699714737e-05,5.8217778029e-06,6.2635876733e-06,1.3241576483e-03,6.9071066818e-05,1.0000000000e+00,4.1921888688e+00,2.0679115636e+00,4.1921888688e+00,1.0000000000e+00,1.0002857242e+00,1.0000955859e+00,1.0002857242e+00,1.9108909225e+03,1.9652169024e+03,1.9618029312e+00,nan,3.7881685040e+00,3.8958648479e+00,3.8890969587e-03,nan,1.5237967447e+01,2.7350086946e-01,2.6852648715e+00,4.1909914012e+00,2.3860521114e-01,9.5979321835e-01,-1.2988885245e-01,-1.1291892931e-01,-2.0592470537e-02,5.6865860448e-01,3.1892931762e-01,392200,42,53,40,1.3241576483e-03,5.3925033077e-01,4.6850951756e-01,2.6149059987e-02,-3.6174450100e+00,-2.8571324227e+03,-7.6527088366e-02,-2.8572089498e+03,-9.7779098622e-06,447024,48,48,48,-8.6898574424e-05,9.8784776044e-01,5.4231470266e-01,7.0556311586e-02,-2.5781750858e+00,-1.4781076241e+00,-4.2011638993e-02,-1.5201192631e+00,2.0263604583e-05,2.6136069832e-02,7.0576575191e-02,1.2744685046e-06,3.7341614399e-03,0,0,0,2.3958248488e-04,3.1921888688e+00,3.1924284512e+00,9.3176175816e-07,2.8572417675e-04,2.8665593851e-04,4.7495061735e-03,2.3958248488e+00
297,2.9700000000e-02,1.0000000000e-04,-9.2390008238e-02,1.3412217404e-01,1.5201822431e+00,2.6204982770e-01,-2.1411105687e-01,2.1411105687e-01,1.4782556394e+00,3.3807458037e-01,1.2172104863e-01,1.2180314429e-01,1.9245008968e-01,1.3033773197e-01,0.0000000000e+00,0.0000000000e+00,0.0000000000e+00,0.0000000000e+00,2.2135027752e-05,3.2133323734e-05,3.6420903928e-04,6.2782548884e-05,2.2135027752e-05,2.2897336193e-05,8.6489189535e-05,2.5709441966e-05,-1.1228672018e+01,1.1228698331e+01,2.9050597515e+03,1.4670591656e+02,-1.1228909731e+01,1.1228909731e+01,2.9050772204e+03,1.4670317484e+02,2.3771345581e-04,3.3638236116e-03,3.7754384942e-01,2.8448614121e-02,0.0000000000e+00,0.0000000000e+00,0.0000000000e+00,0.0000000000e+00,5.3330647069e-06,5.3330772043e-06,1.3797599224e-03,6.9678065638e-05,5.8209881875e-06,6.2644721641e-06,1.3237456599e-03,6.9045703711e-05,1.0000000000e+00,4.1921888688e+00,2.0679115636e+00,4.1921888688e+00,1.0000000000e+00,1.0002857242e+00,1.0000955859e+00,1.0002857242e+00,1.9109943987e+03,1.9652062492e+03,1.9617753883e+00,nan,3.7883736361e+00,3.8958437289e+00,3.8890423573e-03,nan,1.5305330840e+01,2.7358956130e-01,2.6856165841e+00,4.1909914012e+00,2.3747128766e-01,9.5940289208e-01,-1.7436960532e-01,-1.5705394410e-01,-2.0444210626e-02,5.6861388956e-01,3.1896180029e-01,521226,56,53,42,1.3237456599e-03,5.4057448842e-01,4.6848529748e-01,2.6139282077e-02,-3.6178290500e+00,-2.8544251825e+03,-7.9075167965e-02,-2.8545042576e+03,-9.4859464011e-06,447024,48,48,48,-8.6489189535e-05,9.8770083501e-01,5.4222780408e-01,7.0576575191e-02,-2.5778661273e+00,-1.4782556394e+00,-4.1926603725e-02,-1.5201822431e+00,2.0623762524e-05,2.6126582442e-02,7.0597198953e-02,1.1868652260e-06,3.7417369247e-03,0,0,0,2.3958248488e-04,3.1921888688e+00,3.1924284512e+00,9.3176175816e-07,2.8572417675e-04,2.8665593851e-04,4.7495061735e-03,2.3958248488e+00
298,2.9800000000e-02,1.0000000000e-04,-9.2387086185e-02,1.3412295922e-01,1.5202460522e+00,2.6203051065e-01,-2.1412431333e-01,2.1412431333e-01,1.4784040908e+00,3.3806277922e-01,1.2173722714e-01,1.2181899071e-01,1.9245008646e-01,1.3035043301e-01,0.0000000000e+00,0.0000000000e+00,0.0000000000e+00,0.0000000000e+00,2.2134327679e-05,3.2133511851e-05,3.6422432683e-04,6.2777920857e-05,2.2134327679e-05,2.2893196961e-05,8.6082341315e-05,2.5696757757e-05,-1.1224570883e+01,1.1224597241e+01,2.9052746606e+03,1.4666085125e+02,-1.1224806931e+01,1.1224806931e+01,2.9052896113e+03,1.4665809501e+02,2.3604758465e-04,3.3661365525e-03,3.7754924745e-01,2.8452753414e-02,0.0000000000e+00,0.0000000000e+00,0.0000000000e+00,0.0000000000e+00,5.3311168705e-06,5.3311293893e-06,1.3798619936e-03,6.9656661841e-05,5.8206593489e-06,6.2656365759e-06,1.3233195983e-03,6.9020546114e-05,1.0000000000e+00,4.1921888688e+00,2.0679115636e+00,4.1921888688e+00,1.0000000000e+00,1.0002857242e+00,1.0000955859e+00,1.0002857242e+00,1.9110555533e+03,1.9651525787e+03,1.9618034702e+00,nan,3.7884948697e+00,3.8957373319e+00,3.8890980271e-03,nan,1.5372718471e+01,2.7368989079e-01,2.6859632163e+00,4.1909914012e+00,2.3634429382e-01,9.5902315193e-01,-2.1401487174e-01,-1.9710074628e-01,-2.0263428590e-02,5.6856825895e-01,3.1899185535e-01,373770,40,53,42,1.3233195983e-03,5.4189823408e-01,4.6846118346e-01,2.6129796131e-02,-3.6182017565e+00,-2.8516534093e+03,-8.1619106692e-02,-2.8517350284e+03,-9.2146106102e-06,447024,48,48,48,-8.6082341315e-05,9.8755390800e-01,5.4214131489e-01,7.0597198953e-02,-2.5775517616e+00,-1.4784040908e+00,-4.1841961465e-02,-1.5202460522e+00,2.1030006711e-05,2.6117380462e-02,7.0618228960e-02,1.1082752333e-06,3.7492072933e-03,0,0,0,2.3958248488e-04,3.1921888688e+00,3.1924284512e+00,9.3176175816e-07,2.8572417675e-04,2.8665593851e-04,4.7495061735e-03,2.3958248488e+00
299,2.9900000000e-02,1.0000000000e-04,-9.2384456173e-02,1.3412407568e-01,1.5203108276e+00,2.6201207009e-01,-2.1413785901e-01,2.1413785901e-01,1.4785531177e+00,3.3805176169e-01,1.2175340283e-01,1.2183484165e-01,1.9245008965e-01,1.3036313682e-01,0.0000000000e+00,0.0000000000e+00,0.0000000000e+00,0.0000000000e+00,2.2133697574e-05,3.2133779334e-05,3.6423984586e-04,6.2773502821e-05,2.2133697574e-05,2.2889108158e-05,8.5677936820e-05,2.5684199230e-05,-1.1220499239e+01,1.1220525633e+01,2.9054256985e+03,1.4661625021e+02,-1.1220733634e+01,1.1220733634e+01,2.9054381298e+03,1.4661347954e+02,2.3439454472e-04,3.3684192486e-03,3.7754929679e-01,2.8456872773e-02,0.0000000000e+00,0.0000000000e+00,0.0000000000e+00,0.0000000000e+00,5.3291830407e-06,5.3291955765e-06,1.3799337292e-03,6.9635478548e-05,5.8209739871e-06,6.2664602115e-06,1.3228689341e-03,6.8995433315e-05,1.0000000000e+00,4.1921888688e+00,2.0679115636e+00,4.1921888688e+00,1.0000000000e+00,1.0002857242e+00,1.0000955859e+00,1.0002857242e+00,1.9110734765e+03,1.9650549547e+03,1.9618036941e+00,nan,3.7885304006e+00,3.8955438013e+00,3.8890984709e-03,nan,1.5440018553e+01,2.7377476520e-01,2.6862987901e+00,4.1909914012e+00,2.3522395420e-01,9.5864671334e-01,-2.4804052107e-01,-2.3222450980e-01,-2.0049664963e-02,5.6852443837e-01,3.1900608669e-01,392200,42,53,40,1.3228689341e-03,5.4322155368e-01,4.6843717649e-01,2.6120581520e-02,-3.6185639281e+00,-2.8488162492e+03,-8.4158771520e-02,-2.8489004080e+03,-8.9645870018e-06,447024,48,48,48,-8.5677936820e-05,9.8740694898e-01,5.4205523255e-01,7.0618228960e-02,-2.5772312910e+00,-1.4785531177e+00,-4.1757709853e-02,-1.5203108276e+00,2.1476989625e-05,2.6108442291e-02,7.0639705950e-02,1.0387000404e-06,3.7565850790e-03,0,0,0,2.3958248488e-04,3.1921888688e+00,3.1924284512e+00,9.3176175816e-07,2.8572417675e-04,2.8665593851e-04,4.7495061735e-03,2.3958248488e+00
300,3.0000000000e-02,1.0000000000e-04,-9.2382103190e-02,1.3412551260e-01,1.5203766896e+00,2.6199444919e-01,-2.1415167885e-01,2.1415167885e-01,1.4787028430e+00,3.3804147872e-01,1.2176957566e-01,1.2185069620e-01,1.9245008964e-01,1.3037584333e-01,0.0000000000e+00,0.0000000000e+00,0.0000000000e+00,0.0000000000e+00,2.2133133841e-05,3.2134123595e-05,3.6425562524e-04,6.2769281163e-05,2.2133133841e-05,2.2885068056e-05,8.5275887424e-05,2.5671763453e-05,-1.1216453098e+01,1.1216479528e+01,2.9055116989e+03,1.4657205866e+02,-1.1216685855e+01,1.1216685855e+01,2.9055216095e+03,1.4656927365e+02,2.3275681956e-04,3.3706742160e-03,3.7754479083e-01,2.8460972224e-02,0.0000000000e+00,0.0000000000e+00,0.0000000000e+00,0.0000000000e+00,5.3272613234e-06,5.3272738765e-06,1.3799745751e-03,6.9614489748e-05,5.8216461070e-06,6.2671880040e-06,1.3224027150e-03,6.8970438632e-05,1.0000000000e+00,4.1921888688e+00,2.0679115636e+00,4.1921888688e+00,1.0000000000e+00,1.0002857242e+00,1.0000955859e+00,1.0002857242e+00,1.9110472548e+03,1.9649124388e+03,1.9617802805e+00,nan,3.7884784187e+00,3.8952612764e+00,3.8890520556e-03,nan,1.5507346273e+01,2.7385489913e-01,2.6866264470e+00,4.1909914012e+00,2.3411000823e-01,9.5828049216e-01,-2.7627371750e-01,-2.6211630628e-01,-1.9805678241e-02,5.6848624526e-01,3.1903175322e-01,401528,43,54,56,1.3224027150e-03,5.4454442261e-01,4.6841327745e-01,2.6111616933e-02,-3.6189163921e+00,-2.8459128401e+03,-8.6694009612e-02,-2.8459995341e+03,-8.7364604667e-06,447024,48,48,48,-8.5275887424e-05,9.8725997549e-01,5.4196955462e-01,7.0639705950e-02,-2.5769041000e+00,-1.4787028430e+00,-4.1673846618e-02,-1.5203766896e+00,2.1959323480e-05,2.6099745690e-02,7.0661665273e-02,9.7804198529e-07,3.7638735582e-03,0,0,0,2.3958248488e-04,3.1921888688e+00,3.1924284512e+00,9.3176175816e-07,2.8572417675e-04,2.8665593851e-04,4.7495061735e-03,2.3958248488e+00
301,3.0100000000e-02,1.0000000000e-04,-9.2380011301e-02,1.3412724185e-01,1.5204437422e+00,2.6197758862e-01,-2.1416575688e-01,2.1416575688e-01,1.4788533726e+00,3.3803187894e-01,1.2178574558e-01,1.2186654923e-01,1.9245008667e-01,1.3038855251e-01,0.0000000000e+00,0.0000000000e+00,0.0000000000e+00,0.0000000000e+00,2.2132632661e-05,3.2134537893e-05,3.6427168988e-04,6.2765241666e-05,2.2132632661e-05,2.2881074821e-05,8.4876109051e-05,2.5659447367e-05,-1.1212428392e+01,1.1212454864e+01,2.9055314718e+03,1.4652821715e+02,-1.1212659527e+01,1.1212659527e+01,2.9055388605e+03,1.4652541789e+02,2.3113580756e-04,3.3729028878e-03,3.7754957800e-01,2.8465053069e-02,0.0000000000e+00,0.0000000000e+00,0.0000000000e+00,0.0000000000e+00,5.3253497866e-06,5.3253623598e-06,1.3799839663e-03,6.9593667195e-05,5.8222506557e-06,6.2683227496e-06,1.3219148724e-03,6.8945583562e-05,1.0000000000e+00,4.1921888688e+00,2.0679115636e+00,4.1921888688e+00,1.0000000000e+00,1.0002857242e+00,1.0000955859e+00,1.0002857242e+00,1.9109759810e+03,1.9647240993e+03,1.9618051856e+00,nan,3.7883371247e+00,3.8948879102e+00,3.8891014277e-03,nan,1.5574640345e+01,2.7395228583e-01,2.6869473288e+00,4.1909914012e+00,2.3300221073e-01,9.5792045754e-01,-2.9950222526e-01,-2.8714692833e-01,-1.9531231991e-02,5.6845511358e-01,3.1908425641e-01,372810,40,43,42,1.3219148724e-03,5.4586682532e-01,4.6838948713e-01,2.6102880473e-02,-3.6192600001e+00,-2.8429422796e+03,-8.9224685921e-02,-2.8430315043e+03,-8.5306633561e-06,447024,48,48,48,-8.4876109051e-05,9.8711299834e-01,5.4188427873e-01,7.0661665273e-02,-2.5765696558e+00,-1.4788533726e+00,-4.1590369574e-02,-1.5204437422e+00,2.2471640685e-05,2.6091267966e-02,7.0684136914e-02,9.2621002057e-07,3.7710480919e-03,0,0,0,2.3958248488e-04,3.1921888688e+00,3.1924284512e+00,9.3176175816e-07,2.8572417675e-04,2.8665593851e-04,4.7495061735e-03,2.3958248488e+00
302,3.0200000000e-02,1.0000000000e-04,-9.2378163776e-02,1.3412924515e-01,1.5205120729e+00,2.6196142697e-01,-2.1418007633e-01,2.1418007633e-01,1.4790047963e+00,3.3802290914e-01,1.2180191256e-01,1.2188240072e-01,1.9245008972e-01,1.3040126429e-01,0.0000000000e+00,0.0000000000e+00,0.0000000000e+00,0.0000000000e+00,2.2132190026e-05,3.2135017848e-05,3.6428806073e-04,6.2761369618e-05,2.2132190026e-05,2.2877126522e-05,8.4478522324e-05,2.5647247805e-05,-1.1208420957e+01,1.1208447481e+01,2.9054838051e+03,1.4648466583e+02,-1.1208650488e+01,1.1208650488e+01,2.9054886711e+03,1.4648185240e+02,2.2953126226e-04,3.3751050338e-03,3.7754999805e-01,2.8469116475e-02,0.0000000000e+00,0.0000000000e+00,0.0000000000e+00,0.0000000000e+00,5.3234464531e-06,5.3234590508e-06,1.3799613269e-03,6.9572982467e-05,5.8219189798e-06,6.2701176123e-06,1.3213854321e-03,6.8920894933e-05,1.0000000000e+00,4.1921888688e+00,2.0679115636e+00,4.1921888688e+00,1.0000000000e+00,1.0002857242e+00,1.0000955859e+00,1.0002857242e+00,1.9108587540e+03,1.9644890120e+03,1.9618073372e+00,nan,3.7881047327e+00,3.8944218709e+00,3.8891056930e-03,nan,1.5641673123e+01,2.7407802315e-01,2.6872627993e+00,4.1909914012e+00,2.3190033227e-01,9.5755250988e-01,-3.1784881207e-01,-3.0745548924e-01,-1.9232338444e-02,5.6842543270e-01,3.1915153870e-01,373867,40,54,43,1.3213854321e-03,5.4718874020e-01,4.6836580623e-01,2.6094349810e-02,-3.6195956221e+00,-2.8399036635e+03,-9.1750654213e-02,-2.8399954142e+03,-8.3474587279e-06,447024,48,48,48,-8.4478522324e-05,9.8696616001e-01,5.4179940262e-01,7.0684136914e-02,-2.5762275084e+00,-1.4790047963e+00,-4.1507276617e-02,-1.5205120729e+00,2.3008607953e-05,2.6082986116e-02,7.0707145522e-02,8.8314346370e-07,3.7780704213e-03,0,0,0,2.3958248488e-04,3.1921888688e+00,3.1924284512e+00,9.3176175816e-07,2.8572417675e-04,2.8665593851e-04,4.7495061735e-03,2.3958248488e+00
303,3.0300000000e-02,1.0000000000e-04,-9.2376543208e-02,1.3413150964e-01,1.5205817529e+00,2.6194590124e-01,-2.1419461976e-01,2.1419461976e-01,1.4791571872e+00,3.3801451464e-01,1.2181807655e-01,1.2189825062e-01,1.9245008416e-01,1.3041397863e-01,0.0000000000e+00,0.0000000000e+00,0.0000000000e+00,0.0000000000e+00,2.2131801767e-05,3.2135560381e-05,3.6430475483e-04,6.2757649925e-05,2.2131801767e-05,2.2873221146e-05,8.4083052734e-05,2.5635161504e-05,-1.1204426496e+01,1.1204453070e+01,2.9054586051e+03,1.4644134674e+02,-1.1204654435e+01,1.1204654435e+01,2.9054870711e+03,1.4643851924e+02,2.2793950748e-04,3.3772770005e-03,3.7754970803e-01,2.8473162408e-02,0.0000000000e+00,0.0000000000e+00,0.0000000000e+00,0.0000000000e+00,5.3215492811e-06,5.3215619026e-06,1.3799493582e-03,6.9552408040e-05,5.8213691578e-06,6.2713841999e-06,1.3208344291e-03,6.8896361413e-05,1.0000000000e+00,4.1921888688e+00,2.0679115636e+00,4.1921888688e+00,1.0000000000e+00,1.0002857242e+00,1.0000955859e+00,1.0002857242e+00,1.9107546171e+03,1.9642855379e+03,1.9618058869e+00,nan,3.7878982909e+00,3.8940185020e+00,3.8891028180e-03,nan,1.5708687853e+01,2.7418019351e-01,2.6875727466e+00,4.1909914012e+00,2.3080415948e-01,9.5716152283e-01,-3.3172141265e-01,-3.2339563739e-01,-1.8917865680e-02,5.6838908476e-01,3.1920610017e-01,392200,42,53,40,1.3208344291e-03,5.4851012563e-01,4.6834223534e-01,2.6086002351e-02,-3.6199241396e+00,-2.8367961274e+03,-9.4271730663e-02,-2.8368903992e+03,-8.1869626003e-06,447024,48,48,48,-8.4083052734e-05,9.8681953160e-01,5.4171492410e-01,7.0707145522e-02,-2.5758772894e+00,-1.4791571872e+00,-4.1424565718e-02,-1.5205817529e+00,2.3564989416e-05,2.6074874650e-02,7.0730710511e-02,8.4877229746e-07,3.7849347989e-03,0,0,0,2.3958248488e-04,3.1921888688e+00,3.1924284512e+00,9.3176175816e-07,2.8572417675e-04,2.8665593851e-04,4.7495061735e-03,2.3958248488e+00
304,3.0400000000e-02,1.0000000000e-04,-9.2375131638e-02,1.3413401281e-01,1.5206528372e+00,2.6193094729e-01,-2.1420936916e-01,2.1420936916e-01,1.4793106023e+00,3.3800663969e-01,1.2183423753e-01,1.2191409890e-01,1.9245008726e-01,1.3042669550e-01,0.0000000000e+00,0.0000000000e+00,0.0000000000e+00,0.0000000000e+00,2.2131463579e-05,3.2136160097e-05,3.6432178539e-04,6.2754067218e-05,2.2131463579e-05,2.2869356615e-05,8.3689630723e-05,2.5623185121e-05,-1.1200440583e+01,1.1200467211e+01,2.9060326646e+03,1.4639820425e+02,-1.1200666943e+01,1.1200666943e+01,2.9060587161e+03,1.4639536277e+02,2.2635963142e-04,3.3794228403e-03,3.7754841907e-01,2.8477189516e-02,0.0000000000e+00,0.0000000000e+00,0.0000000000e+00,0.0000000000e+00,5.3196561695e-06,5.3196688164e-06,1.3802220081e-03,6.9531917488e-05,5.8203694415e-06,6.2721575630e-06,1.3202516196e-03,6.8871913789e-05,1.0000000000e+00,4.1921888688e+00,2.0679115636e+00,4.1921888688e+00,1.0000000000e+00,1.0002857242e+00,1.0000955859e+00,1.0002857242e+00,1.9110428057e+03,1.9644682540e+03,1.9617991576e+00,nan,3.7884695987e+00,3.8943807201e+00,3.8890894779e-03,nan,1.5775569902e+01,2.7426034184e-01,2.6878748080e+00,4.1909914012e+00,2.2971349527e-01,9.5655018672e-01,-3.4178535324e-01,-3.3550438067e-01,-1.8582658146e-02,5.6835099376e-01,3.1924387505e-01,501848,54,43,56,1.3202516196e-03,5.4983096006e-01,4.6831877496e-01,2.6077815388e-02,-3.6202464401e+00,-2.8336187698e+03,-9.6787770324e-02,-2.8337155576e+03,-8.0491132397e-06,447024,48,48,48,-8.3689630723e-05,9.8667290574e-01,5.4163084105e-01,7.0730710511e-02,-2.5755187107e+00,-1.4793106023e+00,-4.1342234919e-02,-1.5206528372e+00,2.4135598345e-05,2.6066887822e-02,7.0754846109e-02,8.2283150709e-07,3.7916392800e-03,0,0,0,2.3958248488e-04,3.1921888688e+00,3.1924284512e+00,9.3176175816e-07,2.8572417675e-04,2.8665593851e-04,4.7495061735e-03,2.3958248488e+00
305,3.0500000000e-02,1.0000000000e-04,-9.2373910675e-02,1.3413672489e-01,1.5207253654e+00,2.6191650026e-01,-2.1422430614e-01,2.1422430614e-01,1.4794650831e+00,3.3799922783e-01,1.2185039546e-01,1.2192994553e-01,1.9245008965e-01,1.3043941485e-01,0.0000000000e+00,0.0000000000e+00,0.0000000000e+00,0.0000000000e+00,2.2131171058e-05,3.2136809864e-05,3.6433916187e-04,6.2750605963e-05,2.2131171058e-05,2.2865530792e-05,8.3298191811e-05,2.5611315252e-05,-1.1196458861e+01,1.1196485547e+01,2.9065417992e+03,1.4635518163e+02,-1.1196683651e+01,1.1196683651e+01,2.9065654350e+03,1.4635232626e+02,2.2478984130e-04,3.3815994078e-03,3.7754304725e-01,2.8481197112e-02,0.0000000000e+00,0.0000000000e+00,0.0000000000e+00,0.0000000000e+00,5.3177650482e-06,5.3177777228e-06,1.3804638219e-03,6.9511483868e-05,5.8185125806e-06,6.2731471156e-06,1.3196491610e-03,6.8847530514e-05,1.0000000000e+00,4.1921888688e+00,2.0679115636e+00,4.1921888688e+00,1.0000000000e+00,1.0002857242e+00,1.0000955859e+00,1.0002857242e+00,1.9112864592e+03,1.9646056323e+03,1.9617712204e+00,nan,3.7889526198e+00,3.8946530601e+00,3.8890340948e-03,nan,1.5842470675e+01,2.7434950767e-01,2.6881684848e+00,4.1909914012e+00,2.2862815895e-01,9.5594621180e-01,-3.4868578925e-01,-3.4433714422e-01,-1.8230241237e-02,5.6831215963e-01,3.1929843337e-01,492330,53,40,42,1.3196491610e-03,5.5115121168e-01,4.6829542546e-01,2.6069766275e-02,-3.6205634098e+00,-2.8303707262e+03,-9.9298609317e-02,-2.8304700248e+03,-7.9337478616e-06,447024,48,48,48,-8.3298191811e-05,9.8652618350e-01,5.4154715141e-01,7.0754846109e-02,-2.5751515637e+00,-1.4794650831e+00,-4.1260282329e-02,-1.5207253654e+00,2.4715351525e-05,2.6059030610e-02,7.0779561461e-02,8.0505986760e-07,3.7994899646e-03,0,0,0,2.3958248488e-04,3.1921888688e+00,3.1924284512e+00,9.3176175816e-07,2.8572417675e-04,2.8665593851e-04,4.7495061735e-03,2.3958248488e+00
306,3.0600000000e-02,1.0000000000e-04,-9.2372861613e-02,1.3413962360e-01,1.5207993615e+00,2.6190249505e-01,-2.1423941195e-01,2.1423941195e-01,1.4796206554e+00,3.3799222230e-01,1.2186655034e-01,1.2194579049e-01,1.9245008950e-01,1.3045213666e-01,0.0000000000e+00,0.0000000000e+00,0.0000000000e+00,0.0000000000e+00,2.2130919721e-05,3.2137504345e-05,3.6435689003e-04,6.2747250561e-05,2.2130919721e-05,2.2861741497e-05,8.2908676638e-05,2.5599548440e-05,-1.1192476828e+01,1.1192503571e+01,2.9069848314e+03,1.4631222061e+02,-1.1192700055e+01,1.1192700055e+01,2.9070060506e+03,1.4630935144e+02,2.2322677673e-04,3.3837398418e-03,3.7754871955e-01,2.8485184620e-02,0.0000000000e+00,0.0000000000e+00,0.0000000000e+00,0.0000000000e+00,5.3158737793e-06,5.3158864808e-06,1.3806742403e-03,6.9491079506e-05,5.8166447214e-06,6.2738621461e-06,1.3190368102e-03,6.8823192929e-05,1.0000000000e+00,4.1921888688e+00,2.0679115636e+00,4.1921888688e+00,1.0000000000e+00,1.0002857242e+00,1.0000955859e+00,1.0002857242e+00,1.9114847790e+03,1.9646968566e+03,1.9618006961e+00,nan,3.7893457708e+00,3.8948339041e+00,3.8890925277e-03,nan,1.5909514706e+01,2.7442625694e-01,2.6884533956e+00,4.1909914012e+00,2.2754798635e-01,9.5535700727e-01,-3.5331574839e-01,-3.5057802004e-01,-1.7861676544e-02,5.6827183639e-01,3.1934660088e-01,373877,40,54,53,1.3190368102e-03,5.5247086084e-01,4.6827218715e-01,2.6061832527e-02,-3.6208759298e+00,-2.8270511240e+03,-1.0180410750e-01,-2.8271529281e+03,-7.8405559147e-06,447024,48,48,48,-8.2908676638e-05,9.8637932714e-01,5.4146385322e-01,7.0779561461e-02,-2.5747757174e+00,-1.4796206554e+00,-4.1178706118e-02,-1.5207993615e+00,2.5299356745e-05,2.6051280123e-02,7.0804860818e-02,7.9516752322e-07,3.8125910798e-03,0,0,0,2.3958248488e-04,3.1921888688e+00,3.1924284512e+00,9.3176175816e-07,2.8572417675e-04,2.8665593851e-04,4.7495061735e-03,2.3958248488e+00
307,3.0700000000e-02,1.0000000000e-04,-9.2371965545e-02,1.3414269553e-01,1.5208748347e+00,2.6188886672e-01,-2.1425466768e-01,2.1425466768e-01,1.4797773302e+00,3.3798556638e-01,1.2188270214e-01,1.2196163377e-01,1.9245008345e-01,1.3046486089e-01,0.0000000000e+00,0.0000000000e+00,0.0000000000e+00,0.0000000000e+00,2.2130705039e-05,3.2138240324e-05,3.6437497210e-04,6.2743985451e-05,2.2130705039e-05,2.2857986513e-05,8.2521030957e-05,2.5587881193e-05,-1.1188490063e+01,1.1188516862e+01,2.9073605847e+03,1.4626926421e+02,-1.1188711733e+01,1.1188711733e+01,2.9073793865e+03,1.4626638133e+02,2.2167039930e-04,3.3858441449e-03,3.7754995426e-01,2.8489151423e-02,0.0000000000e+00,0.0000000000e+00,0.0000000000e+00,0.0000000000e+00,5.3139802625e-06,5.3139929907e-06,1.3808527046e-03,6.9470677338e-05,5.8149453668e-06,6.2740368839e-06,1.3184131476e-03,6.8798860901e-05,1.0000000000e+00,4.1921888688e+00,2.0679115636e+00,4.1921888688e+00,1.0000000000e+00,1.0002857242e+00,1.0000955859e+00,1.0002857242e+00,1.9116369857e+03,1.9647411317e+03,1.9618071735e+00,nan,3.7896475069e+00,3.8949216756e+00,3.8891053686e-03,nan,1.5976692636e+01,2.7447898266e-01,2.6887283235e+00,4.1909914012e+00,2.2647282957e-01,9.5478188456e-01,-3.5557486543e-01,-3.5430315811e-01,-1.7479698052e-02,5.6822954383e-01,3.1938292426e-01,392491,42,56,43,1.3184131476e-03,5.5378989765e-01,4.6824906019e-01,2.6053991971e-02,-3.6211848698e+00,-2.8236590933e+03,-1.0430414376e-01,-2.8237633974e+03,-7.7690858988e-06,447024,48,48,48,-8.2521030957e-05,9.8623236872e-01,5.4138094455e-01,7.0804860818e-02,-2.5743911157e+00,-1.4797773302e+00,-4.1097504513e-02,-1.5208748347e+00,2.5882878913e-05,2.6043613863e-02,7.0830743697e-02,7.9280735803e-07,3.8255906405e-03,0,0,0,2.3958248488e-04,3.1921888688e+00,3.1924284512e+00,9.3176175816e-07,2.8572417675e-04,2.8665593851e-04,4.7495061735e-03,2.3958248488e+00
308,3.0800000000e-02,1.0000000000e-04,-9.2371203473e-02,1.3414591082e-01,1.5209517803e+00,2.6187555086e-01,-2.1427005431e-01,2.1427005431e-01,1.4799351045e+00,3.3797920373e-01,1.2189885084e-01,1.2197747535e-01,1.9245008888e-01,1.3047758752e-01,0.0000000000e+00,0.0000000000e+00,0.0000000000e+00,0.0000000000e+00,2.2130522460e-05,3.2139010651e-05,3.6439340690e-04,6.2740795204e-05,2.2130522460e-05,2.2854267729e-05,8.2135205635e-05,2.5576309996e-05,-1.1184494299e+01,1.1184521153e+01,2.9076679078e+03,1.4622625657e+02,-1.1184714420e+01,1.1184714420e+01,2.9076842914e+03,1.4622336006e+02,2.2012138733e-04,3.3879130268e-03,3.7754682198e-01,2.8493097214e-02,0.0000000000e+00,0.0000000000e+00,0.0000000000e+00,0.0000000000e+00,5.3120824720e-06,5.3120952263e-06,1.3809986679e-03,6.9450250829e-05,5.8126457531e-06,6.2743886538e-06,1.3177656044e-03,6.8774382545e-05,1.0000000000e+00,4.1921888688e+00,2.0679115636e+00,4.1921888688e+00,1.0000000000e+00,1.0002857242e+00,1.0000955859e+00,1.0002857242e+00,1.9117423350e+03,1.9647376987e+03,1.9617908424e+00,nan,3.7898563523e+00,3.8949148699e+00,3.8890729936e-03,nan,1.6043858346e+01,2.7453903700e-01,2.6889876825e+00,4.1909914012e+00,2.2540255691e-01,9.5421207496e-01,-3.5578305228e-01,-3.5579170182e-01,-1.7236749836e-02,5.6814676420e-01,3.1941335039e-01,373867,40,54,43,1.3177656044e-03,5.5510831080e-01,4.6822604468e-01,2.6046222885e-02,-3.6214910829e+00,-2.8201937988e+03,-1.0679859473e-01,-2.8203005974e+03,-7.7187585082e-06,447024,48,48,48,-8.2135205635e-05,9.8608537144e-01,5.4129842352e-01,7.0830743697e-02,-2.5739977747e+00,-1.4799351045e+00,-4.1016675794e-02,-1.5209517803e+00,2.6461399623e-05,2.6036009846e-02,7.0857205096e-02,7.9762081017e-07,3.8384774116e-03,0,0,0,2.3958248488e-04,3.1921888688e+00,3.1924284512e+00,9.3176175816e-07,2.8572417675e-04,2.8665593851e-04,4.7495061735e-03,2.3958248488e+00
309,3.0900000000e-02,1.0000000000e-04,-9.2370556414e-02,1.3414924762e-01,1.5210301797e+00,2.6186248400e-01,-2.1428555285e-01,2.1428555285e-01,1.4800939615e+00,3.3797307871e-01,1.2191499643e-01,1.2199331521e-01,1.9245008886e-01,1.3049031651e-01,0.0000000000e+00,0.0000000000e+00,0.0000000000e+00,0.0000000000e+00,2.2130367436e-05,3.2139810090e-05,3.6441219004e-04,6.2737664614e-05,2.2130367436e-05,2.2850580320e-05,8.1751156596e-05,2.5564831325e-05,-1.1180485339e+01,1.1180512248e+01,2.9079056897e+03,1.4618314294e+02,-1.1180703916e+01,1.1180703916e+01,2.9079196545e+03,1.4618023291e+02,2.1857741705e-04,3.3899457538e-03,3.7754988470e-01,2.8497021663e-02,0.0000000000e+00,0.0000000000e+00,0.0000000000e+00,0.0000000000e+00,5.3101784139e-06,5.3101911946e-06,1.3811116025e-03,6.9429773986e-05,5.8098611668e-06,6.2747843500e-06,1.3170959164e-03,6.8749785999e-05,1.0000000000e+00,4.1921888688e+00,2.0679115636e+00,4.1921888688e+00,1.0000000000e+00,1.0002857242e+00,1.0000955859e+00,1.0002857242e+00,1.9118001262e+03,1.9646858444e+03,1.9618067569e+00,nan,3.7899709182e+00,3.8948120734e+00,3.8891045428e-03,nan,1.6111037094e+01,2.7460065618e-01,2.6892329202e+00,4.1909914012e+00,2.2433705246e-01,9.5364915771e-01,-3.5414760794e-01,-3.5526377433e-01,-1.7166295108e-02,5.6801495572e-01,3.1943610905e-01,373770,40,53,42,1.3170959164e-03,5.5642607640e-01,4.6820314060e-01,2.6038504127e-02,-3.6217954004e+00,-2.8166544765e+03,-1.0928731375e-01,-2.8167637638e+03,-7.6888908816e-06,447024,48,48,48,-8.1751156596e-05,9.8593835775e-01,5.4121628831e-01,7.0857205096e-02,-2.5735957791e+00,-1.4800939615e+00,-4.0936218285e-02,-1.5210301797e+00,2.7030429804e-05,2.6028446734e-02,7.0884235526e-02,8.0918623468e-07,3.8512143740e-03,0,0,0,2.3958248488e-04,3.1921888688e+00,3.1924284512e+00,9.3176175816e-07,2.8572417675e-04,2.8665593851e-04,4.7495061735e-03,2.3958248488e+00
310,3.1000000000e-02,1.0000000000e-04,-9.2370005496e-02,1.3415268823e-01,1.5211100015e+00,2.6184960395e-01,-2.1430114442e-01,2.1430114442e-01,1.4802538712e+00,3.3796713667e-01,1.2193113892e-01,1.2200915335e-01,1.9245008968e-01,1.3050304785e-01,0.0000000000e+00,0.0000000000e+00,0.0000000000e+00,0.0000000000e+00,2.2130235445e-05,3.2140634399e-05,3.6443131394e-04,6.2734578780e-05,2.2130235445e-05,2.2846920498e-05,8.1368844914e-05,2.5553441656e-05,-1.1176459065e+01,1.1176486026e+01,2.9080728649e+03,1.4613987000e+02,-1.1176676102e+01,1.1176676102e+01,2.9080844105e+03,1.4613694652e+02,2.1703667583e-04,3.3919427064e-03,3.7755001212e-01,2.8500924614e-02,0.0000000000e+00,0.0000000000e+00,0.0000000000e+00,0.0000000000e+00,5.3082661326e-06,5.3082789380e-06,1.3811910025e-03,6.9409221474e-05,5.8069891817e-06,6.2754935845e-06,1.3164001221e-03,6.8725009853e-05,1.0000000000e+00,4.1921888688e+00,2.0679115636e+00,4.1921888688e+00,1.0000000000e+00,1.0002857242e+00,1.0000955859e+00,1.0002857242e+00,1.9118097061e+03,1.9645849048e+03,1.9618074107e+00,nan,3.7899899093e+00,3.8946119697e+00,3.8891058388e-03,nan,1.6178183720e+01,2.7467568704e-01,2.6894619824e+00,4.1909914012e+00,2.2327621640e-01,9.5309057162e-01,-3.5080074119e-01,-3.5298122547e-01,-1.6854307932e-02,5.6794790595e-01,3.1947095896e-01,400170,43,40,42,1.3164001221e-03,5.5774317232e-01,4.6818034783e-01,2.6030815236e-02,-3.6220986277e+00,-2.8130404047e+03,-1.1177015812e-01,-2.8131521749e+03,-7.6786866674e-06,447024,48,48,48,-8.1368844914e-05,9.8578742806e-01,5.4113453715e-01,7.0884235526e-02,-2.5731852822e+00,-1.4802538712e+00,-4.0856130354e-02,-1.5211100015e+00,2.7585801028e-05,2.6020903945e-02,7.0911821327e-02,8.2707590981e-07,3.8637473594e-03,0,0,0,2.3958248488e-04,3.1921888688e+00,3.1924284512e+00,9.3176175816e-07,2.8572417675e-04,2.8665593851e-04,4.7495061735e-03,2.3958248488e+00
311,3.1100000000e-02,1.0000000000e-04,-9.2369532057e-02,1.3415621177e-01,1.5211912016e+00,2.6183685014e-01,-2.1431681036e-01,2.1431681036e-01,1.4804147912e+00,3.3796132429e-01,1.2194727830e-01,1.2202499999e-01,1.9245008969e-01,1.3051578153e-01,0.0000000000e+00,0.0000000000e+00,0.0000000000e+00,0.0000000000e+00,2.2130122018e-05,3.2141478578e-05,3.6445076806e-04,6.2731523190e-05,2.2130122018e-05,2.2843285991e-05,8.0988236577e-05,2.5542137475e-05,-1.1172411497e+01,1.1172438506e+01,2.9081684131e+03,1.4609638619e+02,-1.1172626996e+01,1.1172626996e+01,2.9081775392e+03,1.4609344937e+02,2.1549894519e-04,3.3939031357e-03,3.7754587190e-01,2.8504806052e-02,0.0000000000e+00,0.0000000000e+00,0.0000000000e+00,0.0000000000e+00,5.3063437380e-06,5.3063565659e-06,1.3812363832e-03,6.9388568812e-05,5.8045461405e-06,6.2757560724e-06,1.3156748731e-03,6.8700163268e-05,1.0000000000e+00,4.1921888688e+00,2.0679115636e+00,4.1921888688e+00,1.0000000000e+00,1.0002857242e+00,1.0000955859e+00,1.0002857242e+00,1.9117704665e+03,1.9644342629e+03,1.9617858974e+00,nan,3.7899121204e+00,3.8943133359e+00,3.8890631906e-03,nan,1.6245258925e+01,2.7473088044e-01,2.6896794889e+00,4.1909914012e+00,2.2221996405e-01,9.5253418540e-01,-3.4621180440e-01,-3.4926232871e-01,-1.6494362894e-02,5.6789188196e-01,3.1949364711e-01,493672,53,54,40,1.3156748731e-03,5.5905957244e-01,4.6815766618e-01,2.6023136549e-02,-3.6224015396e+00,-2.8093509253e+03,-1.1424697828e-01,-2.8094651723e+03,-7.6872548832e-06,447024,48,48,48,-8.0988236577e-05,9.8562698872e-01,5.4105316831e-01,7.0911821327e-02,-2.5727665001e+00,-1.4804147912e+00,-4.0776410405e-02,-1.5211912016e+00,2.8123937817e-05,2.6013361754e-02,7.0939945265e-02,8.5092471145e-07,3.8760755510e-03,0,0,0,2.3958248488e-04,3.1921888688e+00,3.1924284512e+00,9.3176175816e-07,2.8572417675e-04,2.8665593851e-04,4.7495061735e-03,2.3958248488e+00
312,3.1200000000e-02,1.0000000000e-04,-9.2369117727e-02,1.3415980720e-01,1.5212737256e+00,2.6182416388e-01,-2.1433253229e-01,2.1433253229e-01,1.4805766688e+00,3.3795558976e-01,1.2196341456e-01,1.2204084513e-01,1.9245008927e-01,1.3052851752e-01,0.0000000000e+00,0.0000000000e+00,0.0000000000e+00,0.0000000000e+00,2.2130022751e-05,3.2142339980e-05,3.6447053937e-04,6.2728483785e-05,2.2130022751e-05,2.2839674539e-05,8.0609302059e-05,2.5530915295e-05,-1.1168338898e+01,1.1168365962e+01,2.9081913612e+03,1.4605264257e+02,-1.1168552864e+01,1.1168552864e+01,2.9081980675e+03,1.4604969250e+02,2.1396596371e-04,3.3958284152e-03,3.7753509065e-01,2.8508665872e-02,0.0000000000e+00,0.0000000000e+00,0.0000000000e+00,0.0000000000e+00,5.3044094546e-06,5.3044223084e-06,1.3812472824e-03,6.9367792756e-05,5.8020106013e-06,6.2764249713e-06,1.3149298331e-03,6.8675205408e-05,1.0000000000e+00,4.1921888688e+00,2.0679115636e+00,4.1921888688e+00,1.0000000000e+00,1.0002857242e+00,1.0000955859e+00,1.0002857242e+00,1.9116818441e+03,1.9642333483e+03,1.9617298806e+00,nan,3.7897364345e+00,3.8939150408e+00,3.8889521425e-03,nan,1.6312383304e+01,2.7480360810e-01,2.6898841900e+00,4.1909914012e+00,2.2116822445e-01,9.5198727254e-01,-3.4038382382e-01,-3.4416911429e-01,-1.6122722530e-02,5.6784091342e-01,3.1953619320e-01,372810,40,43,42,1.3149298331e-03,5.6037524731e-01,4.6813509534e-01,2.6015449294e-02,-3.6227048766e+00,-2.8055854475e+03,-1.1671761914e-01,-2.8057021651e+03,-7.7136394572e-06,447024,48,48,48,-8.0609302059e-05,9.8545822093e-01,5.4097218007e-01,7.0939945265e-02,-2.5723397034e+00,-1.4805766688e+00,-4.0697056874e-02,-1.5212737256e+00,2.8641298411e-05,2.6005801377e-02,7.0968586563e-02,8.8023094269e-07,3.8882057020e-03,0,0,0,2.3958248488e-04,3.1921888688e+00,3.1924284512e+00,9.3176175816e-07,2.8572417675e-04,2.8665593851e-04,4.7495061735e-03,2.3958248488e+00
313,3.1300000000e-02,1.0000000000e-04,-9.2368744510e-02,1.3416344248e-01,1.5213575089e+00,2.6181148869e-01,-2.1434829224e-01,2.1434829224e-01,1.4807394407e+00,3.3794988306e-01,1.2197954773e-01,1.2205668850e-01,1.9245008107e-01,1.3054125582e-01,0.0000000000e+00,0.0000000000e+00,0.0000000000e+00,0.0000000000e+00,2.2129933335e-05,3.2143210930e-05,3.6449061238e-04,6.2725447031e-05,2.2129933335e-05,2.2836083904e-05,8.0232016488e-05,2.5519771660e-05,-1.1164237800e+01,1.1164264920e+01,2.9081407961e+03,1.4600859165e+02,-1.1164450238e+01,1.1164450238e+01,2.9081450826e+03,1.4600562841e+02,2.1243746761e-04,3.3977179506e-03,3.7751773078e-01,2.8512504710e-02,0.0000000000e+00,0.0000000000e+00,0.0000000000e+00,0.0000000000e+00,5.3024616355e-06,5.3024745161e-06,1.3812232665e-03,6.9346870742e-05,5.7997004131e-06,6.2771185653e-06,1.3141569608e-03,6.8650145925e-05,1.0000000000e+00,4.1921888688e+00,2.0679115636e+00,4.1921888688e+00,1.0000000000e+00,1.0002857242e+00,1.0000955859e+00,1.0002857242e+00,1.9115433283e+03,1.9639816450e+03,1.9616397597e+00,nan,3.7894618395e+00,3.8934160618e+00,3.8887734858e-03,nan,1.6379458205e+01,2.7487718961e-01,2.6900768095e+00,4.1909914012e+00,2.2012094074e-01,9.5144426879e-01,-3.3354225717e-01,-3.3790829166e-01,-1.5701153276e-02,5.6780072945e-01,3.1959003635e-01,492330,53,40,42,1.3141569608e-03,5.6169017715e-01,4.6811263492e-01,2.6007735655e-02,-3.6230093425e+00,-2.8017434160e+03,-1.1918194447e-01,-2.8018625979e+03,-7.7567924427e-06,447024,48,48,48,-8.0232016488e-05,9.8528224300e-01,5.4089157077e-01,7.0968586563e-02,-2.5719052161e+00,-1.4807394407e+00,-4.0618068224e-02,-1.5213575089e+00,2.9134569604e-05,2.5998191929e-02,7.0997721133e-02,9.1465111017e-07,3.9000993733e-03,0,0,0,2.3958248488e-04,3.1921888688e+00,3.1924284512e+00,9.3176175816e-07,2.8572417675e-04,2.8665593851e-04,4.7495061735e-03,2.3958248488e+00
314,3.1400000000e-02,1.0000000000e-04,-9.2368394859e-02,1.3416709824e-01,1.5214424773e+00,2.6179877048e-01,-2.1436407265e-01,2.1436407265e-01,1.4809030343e+00,3.3794415618e-01,1.2199567779e-01,1.2207253011e-01,1.9245006263e-01,1.3055399640e-01,0.0000000000e+00,0.0000000000e+00,0.0000000000e+00,0.0000000000e+00,2.2129849565e-05,3.2144086786e-05,3.6451096931e-04,6.2722399971e-05,2.2129849565e-05,2.2832511874e-05,7.9856359528e-05,2.5508703156e-05,-1.1160104883e+01,1.1160132050e+01,2.9080158672e+03,1.4596419156e+02,-1.1160315797e+01,1.1160315797e+01,2.9080177338e+03,1.4596121526e+02,2.1091437866e-04,3.3995723861e-03,3.7749385661e-01,2.8516321966e-02,0.0000000000e+00,0.0000000000e+00,0.0000000000e+00,0.0000000000e+00,5.3004987037e-06,5.3005116071e-06,1.3811639314e-03,6.9325782894e-05,5.7973270061e-06,6.2775745519e-06,1.3133496857e-03,6.8624795216e-05,1.0000000000e+00,4.1921888688e+00,2.0679115636e+00,4.1921888688e+00,1.0000000000e+00,1.0002857242e+00,1.0000955859e+00,1.0002857242e+00,1.9113544617e+03,1.9636786923e+03,1.9615158938e+00,nan,3.7890874286e+00,3.8928154854e+00,3.8885279330e-03,nan,1.6446400681e+01,2.7494016368e-01,2.6902502568e+00,4.1909914012e+00,2.1907806967e-01,9.5090065407e-01,-3.2565296071e-01,-3.3048157793e-01,-1.5289059436e-02,5.6774453637e-01,3.1963155902e-01,373782,40,53,54,1.3133496857e-03,5.6300433411e-01,4.6809028448e-01,2.5999978862e-02,-3.6233156003e+00,-2.7978243636e+03,-1.2163980365e-01,-2.7979460034e+03,-7.8155918702e-06,447024,48,48,48,-7.9856359528e-05,9.8509973248e-01,5.4081133875e-01,7.0997721133e-02,-2.5714634120e+00,-1.4809030343e+00,-4.0539442943e-02,-1.5214424773e+00,2.9600667495e-05,2.5990475605e-02,7.1027321800e-02,9.5370720815e-07,4.6700488188e-03,0,0,0,2.3958248488e-04,3.1921888688e+00,3.1924284512e+00,9.3176175816e-07,2.8572417675e-04,2.8665593851e-04,4.7495061735e-03,2.3958248488e+00
315,3.1500000000e-02,1.0000000000e-04,-9.2368051744e-02,1.3417075904e-01,1.5215285477e+00,2.6178595781e-01,-2.1437985651e-01,2.1437985651e-01,1.4810673681e+00,3.3793836324e-01,1.2201180477e-01,1.2208836996e-01,1.9245007702e-01,1.3056673927e-01,0.0000000000e+00,0.0000000000e+00,0.0000000000e+00,0.0000000000e+00,2.2129767361e-05,3.2144963850e-05,3.6453159027e-04,6.2719330280e-05,2.2129767361e-05,2.2828956272e-05,7.9482315205e-05,2.5497706421e-05,-1.1155937099e+01,1.1155964308e+01,2.9078157882e+03,1.4591940366e+02,-1.1156146495e+01,1.1156146495e+01,2.9078152352e+03,1.4591641439e+02,2.0939649872e-04,3.4014521771e-03,3.7746353417e-01,2.8520117178e-02,0.0000000000e+00,0.0000000000e+00,0.0000000000e+00,0.0000000000e+00,5.2985192121e-06,5.2985321352e-06,1.3810689037e-03,6.9304510850e-05,5.7954947140e-06,6.2770932353e-06,1.3124991542e-03,6.8598897271e-05,1.0000000000e+00,4.1921888688e+00,2.0679115636e+00,4.1921888688e+00,1.0000000000e+00,1.0002857242e+00,1.0000955859e+00,1.0002857242e+00,1.9111148408e+03,1.9633240849e+03,1.9613581871e+00,nan,3.7886124017e+00,3.8921125082e+00,3.8882152937e-03,nan,1.6513096666e+01,2.7496190191e-01,2.6903948198e+00,4.1909914012e+00,2.1803958100e-01,9.5035023280e-01,-3.1679767356e-01,-3.2194549244e-01,-1.5037112089e-02,5.6760827383e-01,3.1961304555e-01,392200,42,53,40,1.3124991542e-03,5.6431768379e-01,4.6806804345e-01,2.5992163271e-02,-3.6236242696e+00,-2.7938279127e+03,-1.2409103463e-01,-2.7939520038e+03,-7.8888505728e-06,447024,48,48,48,-7.9482315205e-05,9.8491160298e-01,5.4073148239e-01,7.1027321800e-02,-2.5710147114e+00,-1.4810673681e+00,-4.0461179534e-02,-1.5215285477e+00,3.0036596434e-05,2.5982687126e-02,7.1057358397e-02,9.9685371395e-07,4.6774792075e-03,0,0,0,2.3958248488e-04,3.1921888688e+00,3.1924284512e+00,9.3176175816e-07,2.8572417675e-04,2.8665593851e-04,4.7495061735e-03,2.3958248488e+00
316,3.1600000000e-02,1.0000000000e-04,-9.2367698711e-02,1.3417439862e-01,1.5216156288e+00,2.6177300206e-01,-2.1439562739e-01,2.1439562739e-01,1.4812323523e+00,3.3793246075e-01,1.2202792868e-01,1.2210420806e-01,1.9245008803e-01,1.3057948442e-01,0.0000000000e+00,0.0000000000e+00,0.0000000000e+00,0.0000000000e+00,2.2129682780e-05,3.2145835829e-05,3.6455245338e-04,6.2716226308e-05,2.2129682780e-05,2.2825414960e-05,7.9109871836e-05,2.5486778149e-05,-1.1151731625e+01,1.1151758889e+01,2.9075398372e+03,1.4587419061e+02,-1.1151939511e+01,1.1151939511e+01,2.9075368648e+03,1.4587118847e+02,2.0788608721e-04,3.4036791912e-03,3.7743079644e-01,2.8523890619e-02,0.0000000000e+00,0.0000000000e+00,0.0000000000e+00,0.0000000000e+00,5.2965218198e-06,5.2965347691e-06,1.3809378406e-03,6.9283036885e-05,5.7934613095e-06,6.2788329749e-06,1.3115744470e-03,6.8572732462e-05,1.0000000000e+00,4.1921888688e+00,2.0679115636e+00,4.1921888688e+00,1.0000000000e+00,1.0002857242e+00,1.0000955859e+00,1.0002857242e+00,1.9108241150e+03,1.9629174723e+03,1.9611879646e+00,nan,3.7880360640e+00,3.8913064355e+00,3.8878778430e-03,nan,1.6579150194e+01,2.7508078104e-01,2.6905218094e+00,4.1909914012e+00,2.1700545724e-01,9.4977080677e-01,-3.0730791945e-01,-3.1265427039e-01,-1.4690413167e-02,5.6755357538e-01,3.1969027248e-01,372810,40,43,42,1.3115744470e-03,5.6563018295e-01,4.6804591123e-01,2.5984274420e-02,-3.6239359238e+00,-2.7897537874e+03,-1.2653545982e-01,-2.7898803229e+03,-7.9752964232e-06,447024,48,48,48,-7.9109871836e-05,9.8472082961e-01,5.4065200008e-01,7.1057358397e-02,-2.5705595792e+00,-1.4812323523e+00,-4.0383276518e-02,-1.5216156288e+00,3.0439058233e-05,2.5974812827e-02,7.1087797455e-02,1.0433614582e-06,4.6836366589e-03,0,0,0,2.3958248488e-04,3.1921888688e+00,3.1924284512e+00,9.3176175816e-07,2.8572417675e-04,2.8665593851e-04,4.7495061735e-03,2.3958248488e+00
317,3.1700000000e-02,1.0000000000e-04,-9.2367319951e-02,1.3417800134e-01,1.5217036199e+00,2.6175985762e-01,-2.1441136949e-01,2.1441136949e-01,1.4813978875e+00,3.3792640770e-01,1.2204404954e-01,1.2212004443e-01,1.9245008881e-01,1.3059223185e-01,0.0000000000e+00,0.0000000000e+00,0.0000000000e+00,0.0000000000e+00,2.2129592036e-05,3.2146698979e-05,3.6457353451e-04,6.2713077130e-05,2.2129592036e-05,2.2821885843e-05,7.8739022162e-05,2.5475915099e-05,-1.1147486421e+01,1.1147513739e+01,2.9073595820e+03,1.4582851794e+02,-1.1147692804e+01,1.1147692804e+01,2.9073870034e+03,1.4582550303e+02,2.0638268054e-04,3.4060549745e-03,3.7739360624e-01,2.8527645100e-02,0.0000000000e+00,0.0000000000e+00,0.0000000000e+00,0.0000000000e+00,5.2945055576e-06,5.2945185323e-06,1.3808522283e-03,6.9261344621e-05,5.7910739735e-06,6.2804063731e-06,1.3106421704e-03,6.8546613079e-05,1.0000000000e+00,4.1921888688e+00,2.0679115636e+00,4.1921888688e+00,1.0000000000e+00,1.0002857242e+00,1.0000955859e+00,1.0002857242e+00,1.9105951671e+03,1.9625969687e+03,1.9609947108e+00,nan,3.7875821956e+00,3.8906710662e+00,3.8874947346e-03,nan,1.6645395566e+01,2.7519226133e-01,2.6906438027e+00,4.1909914012e+00,2.1597569409e-01,9.4915454639e-01,-2.9715405009e-01,-3.0258004865e-01,-1.4316716608e-02,5.6751499970e-01,3.1976247099e-01,373877,40,54,53,1.3106421704e-03,5.6694175739e-01,4.6802388714e-01,2.5976299124e-02,-3.6242510868e+00,-2.7856018869e+03,-1.2897284530e-01,-2.7857308597e+03,-8.0737324054e-06,447024,48,48,48,-7.8739022162e-05,9.8453753955e-01,5.4057289021e-01,7.1087797455e-02,-2.5700985299e+00,-1.4813978875e+00,-4.0305732425e-02,-1.5217036199e+00,3.0807184113e-05,2.5966840312e-02,7.1118604639e-02,1.0932170589e-06,4.6888611092e-03,0,0,0,2.3958248488e-04,3.1921888688e+00,3.1924284512e+00,9.3176175816e-07,2.8572417675e-04,2.8665593851e-04,4.7495061735e-03,2.3958248488e+00
318,3.1800000000e-02,1.0000000000e-04,-9.2366900329e-02,1.3418155651e-01,1.5217924183e+00,2.6174648197e-01,-2.1442706769e-01,2.1442706769e-01,1.4815638725e+00,3.3792016566e-01,1.2206016736e-01,1.2213587909e-01,1.9245007936e-01,1.3060498155e-01,0.0000000000e+00,0.0000000000e+00,0.0000000000e+00,0.0000000000e+00,2.2129491502e-05,3.2147550735e-05,3.6459480906e-04,6.2709872561e-05,2.2129491502e-05,2.2818372129e-05,7.8369761243e-05,2.5465114102e-05,-1.1143198796e+01,1.1143226163e+01,2.9078724984e+03,1.4578235479e+02,-1.1143403681e+01,1.1143403681e+01,2.9078975559e+03,1.4577932722e+02,2.0488488243e-04,3.4085832285e-03,3.7740332833e-01,2.8531379256e-02,0.0000000000e+00,0.0000000000e+00,0.0000000000e+00,0.0000000000e+00,5.2924691475e-06,5.2924821453e-06,1.3810958383e-03,6.9239419407e-05,5.7900465948e-06,6.2800853504e-06,1.3097157729e-03,6.8520142674e-05,1.0000000000e+00,4.1921888688e+00,2.0679115636e+00,4.1921888688e+00,1.0000000000e+00,1.0002857242e+00,1.0000955859e+00,1.0002857242e+00,1.9108207291e+03,1.9627216955e+03,1.9610453245e+00,nan,3.7880293519e+00,3.8909183258e+00,3.8875950718e-03,nan,1.6712004122e+01,2.7522056853e-01,2.6907455588e+00,4.1909914012e+00,2.1495029357e-01,9.4831635623e-01,-2.8639672364e-01,-2.9178273030e-01,-1.3925860969e-02,5.6748898432e-01,3.1977640451e-01,503093,54,56,53,1.3097157729e-03,5.6825239956e-01,4.6800197043e-01,2.5968225391e-02,-3.6245702356e+00,-2.7813719886e+03,-1.3140308219e-01,-2.7815033916e+03,-8.1828917349e-06,447024,48,48,48,-7.8369761243e-05,9.8436063896e-01,5.4049415118e-01,7.1118604639e-02,-2.5696320903e+00,-1.4815638725e+00,-4.0228545790e-02,-1.5217924183e+00,3.1139196361e-05,2.5958758446e-02,7.1149743835e-02,1.1459373842e-06,4.6931783934e-03,0,0,0,2.3958248488e-04,3.1921888688e+00,3.1924284512e+00,9.3176175816e-07,2.8572417675e-04,2.8665593851e-04,4.7495061735e-03,2.3958248488e+00
319,3.1900000000e-02,1.0000000000e-04,-9.2366425429e-02,1.3418505674e-01,1.5218819166e+00,2.6173283581e-01,-2.1444270761e-01,2.1444270761e-01,1.4817302014e+00,3.3791369887e-01,1.2207628218e-01,1.2215171204e-01,1.9245005967e-01,1.3061773351e-01,0.0000000000e+00,0.0000000000e+00,0.0000000000e+00,0.0000000000e+00,2.2129377724e-05,3.2148389328e-05,3.6461625128e-04,6.2706603178e-05,2.2129377724e-05,2.2814874981e-05,7.8002087804e-05,2.5454372065e-05,-1.1138866374e+01,1.1138893791e+01,2.9083104407e+03,1.4573567448e+02,-1.1139069772e+01,1.1139069772e+01,2.9083331337e+03,1.4573263434e+02,2.0339805600e-04,3.4110815702e-03,3.7744191288e-01,2.8535091814e-02,0.0000000000e+00,0.0000000000e+00,0.0000000000e+00,0.0000000000e+00,5.2904114609e-06,5.2904244826e-06,1.3813038392e-03,6.9217248565e-05,5.7889145374e-06,6.2806420622e-06,1.3087302751e-03,6.8493480995e-05,1.0000000000e+00,4.1921888688e+00,2.0679115636e+00,4.1921888688e+00,1.0000000000e+00,1.0002857242e+00,1.0000955859e+00,1.0002857242e+00,1.9109961220e+03,1.9627953395e+03,1.9612460164e+00,nan,3.7883770523e+00,3.8910643183e+00,3.8879929253e-03,nan,1.6778144174e+01,2.7528715662e-01,2.6908336540e+00,4.1909914012e+00,2.1392926819e-01,9.4746010102e-01,-2.7520766423e-01,-2.8044289197e-01,-1.3541462331e-02,5.6746466691e-01,3.1984113466e-01,373770,40,53,42,1.3087302751e-03,5.6956211534e-01,4.6798016029e-01,2.5960042499e-02,-3.6248937980e+00,-2.7770638996e+03,-1.3382608701e-01,-2.7771977257e+03,-8.3014424385e-06,447024,48,48,48,-7.8002087804e-05,9.8418907424e-01,5.4041578142e-01,7.1149743835e-02,-2.5691608134e+00,-1.4817302014e+00,-4.0151715152e-02,-1.5218819166e+00,3.1433471674e-05,2.5950557392e-02,7.1181177307e-02,1.2008408780e-06,4.6969982332e-03,0,0,0,2.3958248488e-04,3.1921888688e+00,3.1924284512e+00,9.3176175816e-07,2.8572417675e-04,2.8665593851e-04,4.7495061735e-03,2.3958248488e+00
320,3.2000000000e-02,1.0000000000e-04,-9.2365881596e-02,1.3418847263e-01,1.5219720031e+00,2.6171888308e-01,-2.1445827560e-01,2.1445827560e-01,1.4818967640e+00,3.3790697436e-01,1.2209239401e-01,1.2216754332e-01,1.9245007404e-01,1.3063048775e-01,0.0000000000e+00,0.0000000000e+00,0.0000000000e+00,0.0000000000e+00,2.2129247431e-05,3.2149207714e-05,3.6463783442e-04,6.2703260350e-05,2.2129247431e-05,2.2811383799e-05,7.7636003976e-05,2.5443685980e-05,-1.1134487414e+01,1.1134514882e+01,2.9086728940e+03,1.4568844870e+02,-1.1134689336e+01,1.1134689336e+01,2.9086932221e+03,1.4568539610e+02,2.0192191927e-04,3.4135492153e-03,3.7747447830e-01,2.8538784828e-02,0.0000000000e+00,0.0000000000e+00,0.0000000000e+00,0.0000000000e+00,5.2883316712e-06,5.2883447171e-06,1.3814759867e-03,6.9194818652e-05,5.7870119655e-06,6.2818652466e-06,1.3077390414e-03,6.8466648798e-05,1.0000000000e+00,4.1921888688e+00,2.0679115636e+00,4.1921888688e+00,1.0000000000e+00,1.0002857242e+00,1.0000955859e+00,1.0002857242e+00,1.9111211560e+03,1.9628177163e+03,1.9614150848e+00,nan,3.7886249211e+00,3.8911086782e+00,3.8883280882e-03,nan,1.6844491917e+01,2.7538290978e-01,2.6909092044e+00,4.1909914012e+00,2.1291264001e-01,9.4662451903e-01,-2.6364254134e-01,-2.6862257891e-01,-1.3170009504e-02,5.6743677359e-01,3.1993105310e-01,401706,43,56,42,1.3077390414e-03,5.7087084561e-01,4.6795845589e-01,2.5951741057e-02,-3.6252221495e+00,-2.7726777082e+03,-1.3624165683e-01,-2.7728139499e+03,-8.4281022568e-06,447024,48,48,48,-7.7636003976e-05,9.8402208231e-01,5.4033777934e-01,7.1181177307e-02,-2.5686852760e+00,-1.4818967640e+00,-4.0075239052e-02,-1.5219720031e+00,3.1688684278e-05,2.5942228637e-02,7.1212865991e-02,1.2576332496e-06,4.7005003247e-03,0,0,0,2.3958248488e-04,3.1921888688e+00,3.1924284512e+00,9.3176175816e-07,2.8572417675e-04,2.8665593851e-04,4.7495061735e-03,2.3958248488e+00
321,3.2100000000e-02,1.0000000000e-04,-9.2365255956e-02,1.3419180212e-01,1.5220625629e+00,2.6170459108e-01,-2.1447375883e-01,2.1447375883e-01,1.4820634469e+00,3.3789996190e-01,1.2210850287e-01,1.2218337294e-01,1.9245008593e-01,1.3064324426e-01,0.0000000000e+00,0.0000000000e+00,0.0000000000e+00,0.0000000000e+00,2.2129097539e-05,3.2150005402e-05,3.6465953098e-04,6.2699836237e-05,2.2129097539e-05,2.2807896694e-05,7.7271514904e-05,2.5433052925e-05,-1.1130060209e+01,1.1130087721e+01,2.9089594512e+03,1.4564065752e+02,-1.1130260662e+01,1.1130260662e+01,2.9089774141e+03,1.4563759256e+02,2.0045354011e-04,3.4159829162e-03,3.7750110957e-01,2.8542457729e-02,0.0000000000e+00,0.0000000000e+00,0.0000000000e+00,0.0000000000e+00,5.2862289673e-06,5.2862420343e-06,1.3816120872e-03,6.9172120201e-05,5.7847772456e-06,6.2825289686e-06,1.3067437153e-03,6.8439627600e-05,1.0000000000e+00,4.1921888688e+00,2.0679115636e+00,4.1921888688e+00,1.0000000000e+00,1.0002857242e+00,1.0000955859e+00,1.0002857242e+00,1.9111957170e+03,1.9627887188e+03,1.9615533438e+00,nan,3.7887727314e+00,3.8910511933e+00,3.8886021742e-03,nan,1.6911066347e+01,2.7545411368e-01,2.6909717761e+00,4.1909914012e+00,2.1190043956e-01,9.4581085919e-01,-2.5173752837e-01,-2.5636414684e-01,-1.2816553887e-02,5.6740036322e-01,3.1999628838e-01,373770,40,53,42,1.3067437153e-03,5.7217858465e-01,4.6793685631e-01,2.5943312955e-02,-3.6255556154e+00,-2.7682134122e+03,-1.3864968836e-01,-2.7683520619e+03,-8.5615789186e-06,447024,48,48,48,-7.7271514904e-05,9.8385897565e-01,5.4026014333e-01,7.1212865991e-02,-2.5682060738e+00,-1.4820634469e+00,-3.9999116025e-02,-1.5220625629e+00,3.1903798744e-05,2.5933764979e-02,7.1244769790e-02,1.3159388338e-06,4.7035590670e-03,0,0,0,2.3958248488e-04,3.1921888688e+00,3.1924284512e+00,9.3176175816e-07,2.8572417675e-04,2.8665593851e-04,4.7495061735e-03,2.3958248488e+00
322,3.2200000000e-02,1.0000000000e-04,-9.2364536442e-02,1.3419502754e-01,1.5221534788e+00,2.6168993042e-01,-2.1448914525e-01,2.1448914525e-01,1.4822301342e+00,3.3789263411e-01,1.2212460880e-01,1.2219920092e-01,1.9245008973e-01,1.3065600305e-01,0.0000000000e+00,0.0000000000e+00,0.0000000000e+00,0.0000000000e+00,2.2128925156e-05,3.2150778157e-05,3.6468131283e-04,6.2696323800e-05,2.2128925156e-05,2.2804411843e-05,7.6908628434e-05,2.5422470068e-05,-1.1125583324e+01,1.1125610871e+01,2.9091697721e+03,1.4559228725e+02,-1.1125782315e+01,1.1125782315e+01,2.9091853694e+03,1.4558921004e+02,1.9899167537e-04,3.4183812141e-03,3.7752189128e-01,2.8546109034e-02,0.0000000000e+00,0.0000000000e+00,0.0000000000e+00,0.0000000000e+00,5.2841026679e-06,5.2841157518e-06,1.3817119792e-03,6.9149146710e-05,5.7831689464e-06,6.2821484068e-06,1.3057308000e-03,6.8412278318e-05,1.0000000000e+00,4.1921888688e+00,2.0679115636e+00,4.1921888688e+00,1.0000000000e+00,1.0002857242e+00,1.0000955859e+00,1.0002857242e+00,1.9112197374e+03,1.9627082882e+03,1.9616612901e+00,nan,3.7888203497e+00,3.8908917469e+00,3.8888161678e-03,nan,1.6977689325e+01,2.7547951906e-01,2.6910161812e+00,4.1909914012e+00,2.1089270475e-01,9.4500939387e-01,-2.3954925630e-01,-2.4373467424e-01,-1.2473750684e-02,5.6736052674e-01,3.2001964251e-01,492330,53,40,42,1.3057308000e-03,5.7348532837e-01,4.6791536064e-01,2.5934751376e-02,-3.6258944704e+00,-2.7636710763e+03,-1.4105008189e-01,-2.7638121264e+03,-8.7005872751e-06,447024,48,48,48,-7.6908628434e-05,9.8369913075e-01,5.4018287182e-01,7.1244769790e-02,-2.5677238175e+00,-1.4822301342e+00,-3.9923344601e-02,-1.5221534788e+00,3.2078073728e-05,2.5925160518e-02,7.1276847864e-02,1.3753010810e-06,4.7061167729e-03,0,0,0,2.3958248488e-04,3.1921888688e+00,3.1924284512e+00,9.3176175816e-07,2.8572417675e-04,2.8665593851e-04,4.7495061735e-03,2.3958248488e+00
323,3.2300000000e-02,1.0000000000e-04,-9.2363711807e-02,1.3419813905e-01,1.5222446320e+00,2.6167487504e-01,-2.1450442364e-01,2.1450442364e-01,1.4823967087e+00,3.3788496638e-01,1.2214071183e-01,1.2221502790e-01,1.9245008832e-01,1.3066876411e-01,0.0000000000e+00,0.0000000000e+00,0.0000000000e+00,0.0000000000e+00,2.2128727588e-05,3.2151523620e-05,3.6470315152e-04,6.2692716793e-05,2.2128727588e-05,2.2800927494e-05,7.6547354812e-05,2.5411934672e-05,-1.1121055524e+01,1.1121083106e+01,2.9093035956e+03,1.4554332569e+02,-1.1121253063e+01,1.1121253063e+01,2.9093168273e+03,1.4554023632e+02,1.9753887369e-04,3.4207465218e-03,3.7753690711e-01,2.8549737762e-02,0.0000000000e+00,0.0000000000e+00,0.0000000000e+00,0.0000000000e+00,5.2819521867e-06,5.2819652870e-06,1.3817755388e-03,6.9125892386e-05,5.7810603727e-06,6.2829881289e-06,1.3047103399e-03,6.8384668852e-05,1.0000000000e+00,4.1921888688e+00,2.0679115636e+00,4.1921888688e+00,1.0000000000e+00,1.0002857242e+00,1.0000955859e+00,1.0002857242e+00,1.9111932041e+03,1.9625764212e+03,1.9617393290e+00,nan,3.7887677500e+00,3.8906303326e+00,3.8889708729e-03,nan,1.7044486294e+01,2.7555844518e-01,2.6910453586e+00,4.1909914012e+00,2.0988947996e-01,9.4422741126e-01,-2.2721039659e-01,-2.3087453295e-01,-1.2156060482e-02,5.6731259176e-01,3.2008949502e-01,401512,43,54,40,1.3047103399e-03,5.7479105917e-01,4.6789396791e-01,2.5926050789e-02,-3.6262389388e+00,-2.7590508820e+03,-1.4344271354e-01,-2.7591943247e+03,-8.8438805534e-06,447024,48,48,48,-7.6547354812e-05,9.8354196146e-01,5.4010596319e-01,7.1276847864e-02,-2.5672391278e+00,-1.4823967087e+00,-3.9847923300e-02,-1.5222446320e+00,3.2211069090e-05,2.5916410767e-02,7.1309058933e-02,1.4351780726e-06,4.7220483901e-03,0,0,0,2.3958248488e-04,3.1921888688e+00,3.1924284512e+00,9.3176175816e-07,2.8572417675e-04,2.8665593851e-04,4.7495061735e-03,2.3958248488e+00
324,3.2400000000e-02,1.0000000000e-04,-9.2362771643e-02,1.3420112557e-01,1.5223359029e+00,2.6165940218e-01,-2.1451958363e-01,2.1451958363e-01,1.4825630523e+00,3.3787693694e-01,1.2215681199e-01,1.2223085330e-01,1.9245008488e-01,1.3068152746e-01,0.0000000000e+00,0.0000000000e+00,0.0000000000e+00,0.0000000000e+00,2.2128502341e-05,3.2152239138e-05,3.6472501844e-04,6.2689009767e-05,2.2128502341e-05,2.2797441966e-05,7.6187706388e-05,2.5401444098e-05,-1.1116476163e+01,1.1116503789e+01,2.9093607242e+03,1.4549376189e+02,-1.1116672256e+01,1.1116672256e+01,2.9093715901e+03,1.4549066048e+02,1.9609330921e-04,3.4230768798e-03,3.7754624307e-01,2.8553344942e-02,0.0000000000e+00,0.0000000000e+00,0.0000000000e+00,0.0000000000e+00,5.2797772164e-06,5.2797903372e-06,1.3818026721e-03,6.9102352028e-05,5.7789190542e-06,6.2838302524e-06,1.3036690439e-03,6.8356820850e-05,1.0000000000e+00,4.1921888688e+00,2.0679115636e+00,4.1921888688e+00,1.0000000000e+00,1.0002857242e+00,1.0000955859e+00,1.0002857242e+00,1.9111161464e+03,1.9623931580e+03,1.9617878750e+00,nan,3.7886149899e+00,3.8902670299e+00,3.8890671111e-03,nan,1.7111278259e+01,2.7563751502e-01,2.6910604211e+00,4.1909914012e+00,2.0889081509e-01,9.4345529230e-01,-2.1474133251e-01,-2.1781421154e-01,-1.1858069516e-02,5.6725935537e-01,3.2016867525e-01,373770,40,53,42,1.3036690439e-03,5.7609576951e-01,4.6787267712e-01,2.5917206908e-02,-3.6265891957e+00,-2.7543530478e+03,-1.4582747858e-01,-2.7544988753e+03,-8.9902297579e-06,447024,48,48,48,-7.6187706388e-05,9.8338715451e-01,5.4002941583e-01,7.1309058933e-02,-2.5667526312e+00,-1.4825630523e+00,-3.9772850634e-02,-1.5223359029e+00,3.2302647429e-05,2.5907512345e-02,7.1341361580e-02,1.4952908928e-06,4.7440424883e-03,0,0,0,2.3958248488e-04,3.1921888688e+00,3.1924284512e+00,9.3176175816e-07,2.8572417675e-04,2.8665593851e-04,4.7495061735e-03,2.3958248488e+00
325,3.2500000000e-02,1.0000000000e-04,-9.2361706379e-02,1.3420396925e-01,1.5224271725e+00,2.6164349234e-01,-2.1453461567e-01,2.1453461567e-01,1.4827290474e+00,3.3786852677e-01,1.2217290929e-01,1.2224667713e-01,1.9245008973e-01,1.3069429309e-01,0.0000000000e+00,0.0000000000e+00,0.0000000000e+00,0.0000000000e+00,2.2128247122e-05,3.2152920433e-05,3.6474688505e-04,6.2685198049e-05,2.2128247122e-05,2.2793953649e-05,7.5829697330e-05,2.5390995806e-05,-1.1111844612e+01,1.1111872284e+01,2.9093410323e+03,1.4544359031e+02,-1.1112039267e+01,1.1112039267e+01,2.9093495324e+03,1.4544047696e+02,1.9465495569e-04,3.4253721983e-03,3.7754997667e-01,2.8556929994e-02,0.0000000000e+00,0.0000000000e+00,0.0000000000e+00,0.0000000000e+00,5.2775774585e-06,5.2775906010e-06,1.3817933194e-03,6.9078523006e-05,5.7764578983e-06,6.2843508754e-06,1.3025910966e-03,6.8328734201e-05,1.0000000000e+00,4.1921888688e+00,2.0679115636e+00,4.1921888688e+00,1.0000000000e+00,1.0002857242e+00,1.0000955859e+00,1.0002857242e+00,1.9109886402e+03,1.9621585868e+03,1.9618072260e+00,nan,3.7883622205e+00,3.8898020138e+00,3.8891054726e-03,nan,1.7177849081e+01,2.7570253815e-01,2.6910616159e+00,4.1909914012e+00,2.0789676468e-01,9.4268157064e-01,-2.0218179374e-01,-2.0460197346e-01,-1.1578442419e-02,5.6720014463e-01,3.2023258123e-01,492330,53,40,42,1.3025910966e-03,5.7739943855e-01,4.6785148725e-01,2.5908216678e-02,-3.6269453679e+00,-2.7495779072e+03,-1.4820424868e-01,-2.7497261114e+03,-9.1384293559e-06,447024,48,48,48,-7.5829697330e-05,9.8323438358e-01,5.3995322813e-01,7.1341361580e-02,-2.5662649552e+00,-1.4827290474e+00,-3.9698125097e-02,-1.5224271725e+00,3.2352938472e-05,2.5898463035e-02,7.1373714519e-02,1.5552786443e-06,4.7660965570e-03,0,0,0,2.3958248488e-04,3.1921888688e+00,3.1924284512e+00,9.3176175816e-07,2.8572417675e-04,2.8665593851e-04,4.7495061735e-03,2.3958248488e+00
326,3.2600000000e-02,1.0000000000e-04,-9.2360507285e-02,1.3420666485e-01,1.5225183227e+00,2.6162712920e-01,-2.1454951107e-01,2.1454951107e-01,1.4828945776e+00,3.3785971955e-01,1.2218900379e-01,1.2226249941e-01,1.9245008942e-01,1.3070706101e-01,0.0000000000e+00,0.0000000000e+00,0.0000000000e+00,0.0000000000e+00,2.2127959840e-05,3.2153566252e-05,3.6476872304e-04,6.2681277727e-05,2.2127959840e-05,2.2790461008e-05,7.5473343367e-05,2.5380587357e-05,-1.1107160562e+01,1.1107188278e+01,2.9092444649e+03,1.4539280984e+02,-1.1107353784e+01,1.1107353784e+01,2.9092505993e+03,1.4538968465e+02,1.9322264752e-04,3.4276312605e-03,3.7755005964e-01,2.8560492155e-02,0.0000000000e+00,0.0000000000e+00,0.0000000000e+00,0.0000000000e+00,5.2753527658e-06,5.2753659297e-06,1.3817474546e-03,6.9054404791e-05,5.7738589898e-06,6.2845870002e-06,1.3014745244e-03,6.8300382215e-05,1.0000000000e+00,4.1921888688e+00,2.0679115636e+00,4.1921888688e+00,1.0000000000e+00,1.0002857242e+00,1.0000955859e+00,1.0002857242e+00,1.9108108070e+03,1.9618728421e+03,1.9618076602e+00,nan,3.7880096821e+00,3.8892355506e+00,3.8891063335e-03,nan,1.7244161533e+01,2.7575515028e-01,2.6910481327e+00,4.1909914012e+00,2.0690738707e-01,9.4190477435e-01,-1.8957924452e-01,-1.9129461270e-01,-1.1314504163e-02,5.6713822402e-01,3.2028703206e-01,501557,54,40,53,1.3014745244e-03,5.7870202965e-01,4.6783039728e-01,2.5899078249e-02,-3.6273075348e+00,-2.7447259191e+03,-1.5057286769e-01,-2.7448764920e+03,-9.2873408042e-06,447024,48,48,48,-7.5473343367e-05,9.8308332846e-01,5.3987739843e-01,7.1373714519e-02,-2.5657767242e+00,-1.4828945776e+00,-3.9623745172e-02,-1.5225183227e+00,3.2362316515e-05,2.5889163222e-02,7.1406076835e-02,1.6147877304e-06,4.7881827695e-03,0,0,0,2.3958248488e-04,3.1921888688e+00,3.1924284512e+00,9.3176175816e-07,2.8572417675e-04,2.8665593851e-04,4.7495061735e-03,2.3958248488e+00
327,3.2700000000e-02,1.0000000000e-04,-9.2359166467e-02,1.3420920857e-01,1.5226092372e+00,2.6161029951e-01,-2.1456426197e-01,2.1456426197e-01,1.4830595278e+00,3.3785050160e-01,1.2220509550e-01,1.2227832017e-01,1.9245008967e-01,1.3071983122e-01,0.0000000000e+00,0.0000000000e+00,0.0000000000e+00,0.0000000000e+00,2.2127638604e-05,3.2154175682e-05,3.6479050454e-04,6.2677245627e-05,2.2127638604e-05,2.2786962585e-05,7.5118661531e-05,2.5370216420e-05,-1.1102423845e+01,1.1102451608e+01,2.9090710290e+03,1.4534142132e+02,-1.1102615641e+01,1.1102615641e+01,2.9090747980e+03,1.4533828440e+02,1.9179594995e-04,3.4298536030e-03,3.7754651789e-01,2.8564030748e-02,0.0000000000e+00,0.0000000000e+00,0.0000000000e+00,0.0000000000e+00,5.2731030591e-06,5.2731162455e-06,1.3816650811e-03,6.9029997783e-05,5.7706375750e-06,6.2847849534e-06,1.3003294265e-03,6.8271758283e-05,1.0000000000e+00,4.1921888688e+00,2.0679115636e+00,4.1921888688e+00,1.0000000000e+00,1.0002857242e+00,1.0000955859e+00,1.0002857242e+00,1.9105828061e+03,1.9615360971e+03,1.9617892542e+00,nan,3.7875576911e+00,3.8885679841e+00,3.8890698453e-03,nan,1.7310338071e+01,2.7580617337e-01,2.6910199406e+00,4.1909914012e+00,2.0592274359e-01,9.4113214867e-01,-1.7697716321e-01,-1.7794411400e-01,-1.1064358150e-02,5.6707522232e-01,3.2034148169e-01,373770,40,53,42,1.3003294265e-03,5.8000350417e-01,4.6780940617e-01,2.5889790908e-02,-3.6276757307e+00,-2.7397976190e+03,-1.5293317706e-01,-2.7399505522e+03,-9.4358933560e-06,447024,48,48,48,-7.5118661531e-05,9.8293382724e-01,5.3980192509e-01,7.1406076835e-02,-2.5652885560e+00,-1.4830595278e+00,-3.9549709323e-02,-1.5226092372e+00,3.2331411798e-05,2.5879694054e-02,7.1438408247e-02,1.6734666883e-06,4.8103426199e-03,0,0,0,2.3958248488e-04,3.1921888688e+00,3.1924284512e+00,9.3176175816e-07,2.8572417675e-04,2.8665593851e-04,4.7495061735e-03,2.3958248488e+00
328,3.2800000000e-02,1.0000000000e-04,-9.2357676856e-02,1.3421159165e-01,1.5226998020e+00,2.6159299299e-01,-2.1457886132e-01,2.1457886132e-01,1.4832237860e+00,3.3784086179e-01,1.2222118446e-01,1.2229413943e-01,1.9245008926e-01,1.3073260373e-01,0.0000000000e+00,0.0000000000e+00,0.0000000000e+00,0.0000000000e+00,2.2127281719e-05,3.2154746628e-05,3.6481220229e-04,6.2673099289e-05,2.2127281719e-05,2.2783457001e-05,7.4765669895e-05,2.5359880765e-05,-1.1097634574e+01,1.1097662380e+01,2.9088207947e+03,1.4528942816e+02,-1.1097824946e+01,1.1097824946e+01,2.9088221986e+03,1.4528627962e+02,1.9037253850e-04,3.4320368803e-03,3.7754902653e-01,2.8567545425e-02,0.0000000000e+00,0.0000000000e+00,0.0000000000e+00,0.0000000000e+00,5.2708283919e-06,5.2708415984e-06,1.3815462322e-03,6.9005303599e-05,5.7669455093e-06,6.2849060266e-06,1.2991637636e-03,6.8242733534e-05,1.0000000000e+00,4.1921888688e+00,2.0679115636e+00,4.1921888688e+00,1.0000000000e+00,1.0002857242e+00,1.0000955859e+00,1.0002857242e+00,1.9103048355e+03,1.9611485645e+03,1.9618022937e+00,nan,3.7870066394e+00,3.8877997357e+00,3.8890956948e-03,nan,1.7376474597e+01,2.7585392447e-01,2.6909721763e+00,4.1909914012e+00,2.0494289781e-01,9.4036937262e-01,-1.6439346275e-01,-1.6456805224e-01,-1.0879365993e-02,5.6698269640e-01,3.2038733156e-01,400170,43,40,42,1.2991637636e-03,5.8130383360e-01,4.6778851288e-01,2.5880355015e-02,-3.6280499476e+00,-2.7347935711e+03,-1.5528503777e-01,-2.7349488561e+03,-9.5830758848e-06,447024,48,48,48,-7.4765669895e-05,9.8278580820e-01,5.3972680642e-01,7.1438408247e-02,-2.5648010579e+00,-1.4832237860e+00,-3.9476015998e-02,-1.5226998020e+00,3.2261086744e-05,2.5870079532e-02,7.1470669334e-02,1.7310371019e-06,4.8324977209e-03,0,0,0,2.3958248488e-04,3.1921888688e+00,3.1924284512e+00,9.3176175816e-07,2.8572417675e-04,2.8665593851e-04,4.7495061735e-03,2.3958248488e+00
329,3.2900000000e-02,1.0000000000e-04,-9.2356032200e-02,1.3421381052e-01,1.5227899064e+00,2.6157520223e-01,-2.1459330290e-01,2.1459330290e-01,1.4833872428e+00,3.3783079146e-01,1.2223727070e-01,1.2230995722e-01,1.9245008866e-01,1.3074537854e-01,0.0000000000e+00,0.0000000000e+00,0.0000000000e+00,0.0000000000e+00,2.2126887688e-05,3.2155278230e-05,3.6483378974e-04,6.2668836934e-05,2.2126887688e-05,2.2779942951e-05,7.4414387322e-05,2.5349578274e-05,-1.1092793015e+01,1.1092820857e+01,2.9085554929e+03,1.4523683655e+02,-1.1092981965e+01,1.1092981965e+01,2.9085588958e+03,1.4523367649e+02,1.8895066957e-04,3.4342325144e-03,3.7754933991e-01,2.8571035625e-02,0.0000000000e+00,0.0000000000e+00,0.0000000000e+00,0.0000000000e+00,5.2685288904e-06,5.2685421141e-06,1.3814202269e-03,6.8980325182e-05,5.7614469107e-06,6.2826868065e-06,1.2979750814e-03,6.8212543740e-05,1.0000000000e+00,4.1921888688e+00,2.0679115636e+00,4.1921888688e+00,1.0000000000e+00,1.0002857242e+00,1.0000955859e+00,1.0002857242e+00,1.9100175806e+03,1.9607549612e+03,1.9618039282e+00,nan,3.7864371826e+00,3.8870194529e+00,3.8890989350e-03,nan,1.7442528631e+01,2.7579905797e-01,2.6908748935e+00,4.1909914012e+00,2.0396791475e-01,9.3959466938e-01,-1.5165280407e-01,-1.5092833548e-01,-1.1328567305e-02,5.6653071462e-01,3.2031357061e-01,373770,40,53,42,1.2979750814e-03,5.8260299736e-01,4.6776771635e-01,2.5870771939e-02,-3.6284301376e+00,-2.7297143703e+03,-1.5762832622e-01,-2.7298719987e+03,-9.7279300839e-06,447024,48,48,48,-7.4414387322e-05,9.8263907102e-01,5.3965204075e-01,7.1470669334e-02,-2.5643148232e+00,-1.4833872428e+00,-3.9402663624e-02,-1.5227899064e+00,3.2152442977e-05,2.5860321995e-02,7.1502821777e-02,1.7871796826e-06,4.8546575113e-03,0,0,0,2.3958248488e-04,3.1921888688e+00,3.1924284512e+00,9.3176175816e-07,2.8572417675e-04,2.8665593851e-04,4.7495061735e-03,2.3958248488e+00
330,3.3000000000e-02,1.0000000000e-04,-9.2354227042e-02,1.3421585841e-01,1.5228794436e+00,2.6155692252e-01,-2.1460758130e-01,2.1460758130e-01,1.4835497930e+00,3.3782028431e-01,1.2225335425e-01,1.2232577356e-01,1.9245008864e-01,1.3075815566e-01,0.0000000000e+00,0.0000000000e+00,0.0000000000e+00,0.0000000000e+00,2.2126455204e-05,3.2155768869e-05,3.6485524128e-04,6.2664457435e-05,2.2126455204e-05,2.2776420960e-05,7.4064833208e-05,2.5339306934e-05,-1.1087899876e+01,1.1087927739e+01,2.9086345173e+03,1.4518365742e+02,-1.1088087399e+01,1.1088087399e+01,2.9086610925e+03,1.4518048594e+02,1.8752338067e-04,3.4364716625e-03,3.7754991107e-01,2.8574501024e-02,0.0000000000e+00,0.0000000000e+00,0.0000000000e+00,0.0000000000e+00,5.2662048912e-06,5.2662181247e-06,1.3814577597e-03,6.8955067722e-05,5.7576560343e-06,6.2817245507e-06,1.2967713465e-03,6.8181967909e-05,1.0000000000e+00,4.1921888688e+00,2.0679115636e+00,4.1921888688e+00,1.0000000000e+00,1.0002857242e+00,1.0000955859e+00,1.0002857242e+00,1.9099571732e+03,1.9606090110e+03,1.9618068962e+00,nan,3.7863174304e+00,3.8867301198e+00,3.8891048189e-03,nan,1.7508597405e+01,2.7579945777e-01,2.6907589891e+00,4.1909914012e+00,2.0299786005e-01,9.3869779039e-01,-1.3898677311e-01,-1.3743830162e-01,-1.1310659649e-02,5.6623904332e-01,3.2032171672e-01,372715,40,42,43,1.2967713465e-03,5.8390097244e-01,4.6774701555e-01,2.5861044009e-02,-3.6288162147e+00,-2.7245606761e+03,-1.5996291535e-01,-2.7247206390e+03,-9.8695155672e-06,447024,48,48,48,-7.4064833208e-05,9.8249355940e-01,5.3957762637e-01,7.1502821777e-02,-2.5638304274e+00,-1.4835497930e+00,-3.9329650611e-02,-1.5228794436e+00,3.2007218844e-05,2.5850424443e-02,7.1534828996e-02,1.8412823927e-06,4.8769849592e-03,0,0,0,2.3958248488e-04,3.1921888688e+00,3.1924284512e+00,9.3176175816e-07,2.8572417675e-04,2.8665593851e-04,4.7495061735e-03,2.3958248488e+00
331,3.3100000000e-02,1.0000000000e-04,-9.2352256720e-02,1.3421773801e-01,1.5229683122e+00,2.6153815177e-01,-2.1462169187e-01,2.1462169187e-01,1.4837113369e+00,3.3780933629e-01,1.2226943515e-01,1.2234158847e-01,1.9245007994e-01,1.3077093508e-01,0.0000000000e+00,0.0000000000e+00,0.0000000000e+00,0.0000000000e+00,2.2125983149e-05,3.2156219187e-05,3.6487653264e-04,6.2659960292e-05,2.2125983149e-05,2.2772888463e-05,7.3717026985e-05,2.5329064840e-05,-1.1082958662e+01,1.1082986535e+01,2.9090321432e+03,1.4512993095e+02,-1.1083144760e+01,1.1083144760e+01,2.9090562685e+03,1.4512674818e+02,1.8609778229e-04,3.4387585178e-03,3.7754531116e-01,2.8577943199e-02,0.0000000000e+00,0.0000000000e+00,0.0000000000e+00,0.0000000000e+00,5.2638580585e-06,5.2638712971e-06,1.3816466123e-03,6.8929550303e-05,5.7553423273e-06,6.2805132605e-06,1.2955155803e-03,6.8151574507e-05,1.0000000000e+00,4.1921888688e+00,2.0679115636e+00,4.1921888688e+00,1.0000000000e+00,1.0002857242e+00,1.0000955859e+00,1.0002857242e+00,1.9101068091e+03,1.9606618863e+03,1.9617830831e+00,nan,3.7866140700e+00,3.8868349403e+00,3.8890576115e-03,nan,1.7574170219e+01,2.7578904937e-01,2.6906470862e+00,4.1909914012e+00,2.0203279847e-01,9.3766059189e-01,-1.2653681853e-01,-1.2414435318e-01,-1.1152825620e-02,5.6609311767e-01,3.2032892105e-01,400170,43,40,42,1.2955155803e-03,5.8519774379e-01,4.6772640945e-01,2.5851174493e-02,-3.6292080554e+00,-2.7193331719e+03,-1.6228869338e-01,-2.7194954606e+03,-1.0007050290e-05,447024,48,48,48,-7.3717026985e-05,9.8235009534e-01,5.3950356153e-01,7.1534828996e-02,-2.5633484191e+00,-1.4837113369e+00,-3.9256975345e-02,-1.5229683122e+00,3.1826128217e-05,2.5840391157e-02,7.1566655124e-02,1.8935621130e-06,4.8994389853e-03,0,0,0,2.3958248488e-04,3.1921888688e+00,3.1924284512e+00,9.3176175816e-07,2.8572417675e-04,2.8665593851e-04,4.7495061735e-03,2.3958248488e+00
332,3.3200000000e-02,1.0000000000e-04,-9.2350117320e-02,1.3421944102e-01,1.5230564134e+00,2.6151889028e-01,-2.1463563074e-01,2.1463563074e-01,1.4838717772e+00,3.3779794546e-01,1.2228551342e-01,1.2235740198e-01,1.9245008815e-01,1.3078371682e-01,0.0000000000e+00,0.0000000000e+00,0.0000000000e+00,0.0000000000e+00,2.2125470587e-05,3.2156627200e-05,3.6489764015e-04,6.2655345576e-05,2.2125470587e-05,2.2769344005e-05,7.3370988815e-05,2.5318850198e-05,-1.1077969290e+01,1.1077997175e+01,2.9093484959e+03,1.4507565840e+02,-1.1078153969e+01,1.1078153969e+01,2.9093701699e+03,1.4507246444e+02,1.8467970511e-04,3.4410686484e-03,3.7753706394e-01,2.8581361894e-02,0.0000000000e+00,0.0000000000e+00,0.0000000000e+00,0.0000000000e+00,5.2614883531e-06,5.2615015971e-06,1.3817968642e-03,6.8903773518e-05,5.7524973472e-06,6.2807075668e-06,1.2942302124e-03,6.8121197872e-05,1.0000000000e+00,4.1921888688e+00,2.0679115636e+00,4.1921888688e+00,1.0000000000e+00,1.0002857242e+00,1.0000955859e+00,1.0002857242e+00,1.9102040280e+03,1.9606614362e+03,1.9617401455e+00,nan,3.7868067977e+00,3.8868340480e+00,3.8889724917e-03,nan,1.7639536189e+01,2.7584051458e-01,2.6905328377e+00,4.1909914012e+00,2.0107279616e-01,9.3662841908e-01,-1.1425709977e-01,-1.1100468501e-01,-1.0945308814e-02,5.6601325248e-01,3.2040232040e-01,502792,54,53,40,1.2942302124e-03,5.8649325937e-01,4.6770589702e-01,2.5841167443e-02,-3.6296055052e+00,-2.7140327289e+03,-1.6460548338e-01,-2.7141973344e+03,-1.0139813629e-05,447024,48,48,48,-7.3370988815e-05,9.8220958617e-01,5.3942984451e-01,7.1566655124e-02,-2.5628693353e+00,-1.4838717772e+00,-3.9184636197e-02,-1.5230564134e+00,3.1610808844e-05,2.5830227002e-02,7.1598265933e-02,1.9436122158e-06,4.9219846095e-03,0,0,0,2.3958248488e-04,3.1921888688e+00,3.1924284512e+00,9.3176175816e-07,2.8572417675e-04,2.8665593851e-04,4.7495061735e-03,2.3958248488e+00
333,3.3300000000e-02,1.0000000000e-04,-9.2347805666e-02,1.3422095967e-01,1.5231436538e+00,2.6149914061e-01,-2.1464939476e-01,2.1464939476e-01,1.4840310223e+00,3.3778611189e-01,1.2230158909e-01,1.2237321411e-01,1.9245008952e-01,1.3079650086e-01,0.0000000000e+00,0.0000000000e+00,0.0000000000e+00,0.0000000000e+00,2.2124916755e-05,3.2156991041e-05,3.6491854142e-04,6.2650613901e-05,2.2124916755e-05,2.2765786604e-05,7.3026738558e-05,2.5308661328e-05,-1.1072932320e+01,1.1072960215e+01,2.9095837664e+03,1.4502084249e+02,-1.1073115587e+01,1.1073115587e+01,2.9096029883e+03,1.4501763746e+02,1.8326722487e-04,3.4433456508e-03,3.7754707914e-01,2.8584759215e-02,0.0000000000e+00,0.0000000000e+00,0.0000000000e+00,0.0000000000e+00,5.2590960411e-06,5.2591092899e-06,1.3819086061e-03,6.8877738670e-05,5.7492130361e-06,6.2813801536e-06,1.2929189521e-03,6.8090715143e-05,1.0000000000e+00,4.1921888688e+00,2.0679115636e+00,4.1921888688e+00,1.0000000000e+00,1.0002857242e+00,1.0000955859e+00,1.0002857242e+00,1.9102490820e+03,1.9606079284e+03,1.9617921722e+00,nan,3.7868961131e+00,3.8867279735e+00,3.8890756298e-03,nan,1.7704733603e+01,2.7591316140e-01,2.6904115654e+00,4.1909914012e+00,2.0011791748e-01,9.3560380648e-01,-1.0212538927e-01,-9.8001386873e-02,-1.0680076054e-02,5.6598680347e-01,3.2049821501e-01,391240,42,43,40,1.2929189521e-03,5.8778748958e-01,4.6768547728e-01,2.5831027629e-02,-3.6300083809e+00,-2.7086601788e+03,-1.6691314999e-01,-2.7088270919e+03,-1.0267191672e-05,447024,48,48,48,-7.3026738558e-05,9.8207209036e-01,5.3935647352e-01,7.1598265933e-02,-2.5623936873e+00,-1.4840310223e+00,-3.9112631512e-02,-1.5231436538e+00,3.1363063045e-05,2.5819937404e-02,7.1629628996e-02,1.9915033300e-06,4.9445533619e-03,0,0,0,2.3958248488e-04,3.1921888688e+00,3.1924284512e+00,9.3176175816e-07,2.8572417675e-04,2.8665593851e-04,4.7495061735e-03,2.3958248488e+00
334,3.3400000000e-02,1.0000000000e-04,-9.2345319279e-02,1.3422229360e-01,1.5232299455e+00,2.6147890735e-01,-2.1466298147e-01,2.1466298147e-01,1.4841889859e+00,3.3777383745e-01,1.2231766220e-01,1.2238902487e-01,1.9245008701e-01,1.3080928722e-01,0.0000000000e+00,0.0000000000e+00,0.0000000000e+00,0.0000000000e+00,2.2124321060e-05,3.2157310627e-05,3.6493921540e-04,6.2645766368e-05,2.2124321060e-05,2.2762215362e-05,7.2684295648e-05,2.5298496661e-05,-1.1067848340e+01,1.1067876225e+01,2.9097382080e+03,1.4496549608e+02,-1.1068030199e+01,1.1068030199e+01,2.9097549766e+03,1.4496228009e+02,1.8185865512e-04,3.4455866444e-03,3.7755003553e-01,2.8588133866e-02,0.0000000000e+00,0.0000000000e+00,0.0000000000e+00,0.0000000000e+00,5.2566814020e-06,5.2566946456e-06,1.3819819582e-03,6.8851451856e-05,5.7467108819e-06,6.2807750766e-06,1.2915751321e-03,6.8059689667e-05,1.0000000000e+00,4.1921888688e+00,2.0679115636e+00,4.1921888688e+00,1.0000000000e+00,1.0002857242e+00,1.0000955859e+00,1.0002857242e+00,1.9102422563e+03,1.9605016640e+03,1.9618075596e+00,nan,3.7868825818e+00,3.8865173140e+00,3.8891061339e-03,nan,1.7769658776e+01,2.7592986784e-01,2.6902661680e+00,4.1909914012e+00,1.9916822468e-01,9.3458176092e-01,-9.0069149667e-02,-8.5060121887e-02,-1.0439630770e-02,5.6595536935e-01,3.2053130568e-01,373770,40,53,42,1.2915751321e-03,5.8908040854e-01,4.6766514923e-01,2.5820760438e-02,-3.6304164744e+00,-2.7032163770e+03,-1.6921156566e-01,-2.7033855886e+03,-1.0388628245e-05,447024,48,48,48,-7.2684295648e-05,9.8193759650e-01,5.3928344678e-01,7.1629628996e-02,-2.5619219587e+00,-1.4841889859e+00,-3.9040959618e-02,-1.5232299455e+00,3.1084825047e-05,2.5809528431e-02,7.1660713821e-02,2.0370813751e-06,4.9670808967e-03,0,0,0,2.3958248488e-04,3.1921888688e+00,3.1924284512e+00,9.3176175816e-07,2.8572417675e-04,2.8665593851e-04,4.7495061735e-03,2.3958248488e+00
335,3.3500000000e-02,1.0000000000e-04,-9.2342656347e-02,1.3422344283e-01,1.5233152067e+00,2.6145819700e-01,-2.1467638911e-01,2.1467638911e-01,1.4843455879e+00,3.3776112570e-01,1.2233373276e-01,1.2240483429e-01,1.9245008955e-01,1.3082207589e-01,0.0000000000e+00,0.0000000000e+00,0.0000000000e+00,0.0000000000e+00,2.2123683068e-05,3.2157585964e-05,3.6495964249e-04,6.2640804530e-05,2.2123683068e-05,2.2758629467e-05,7.2343678975e-05,2.5288354741e-05,-1.1062718275e+01,1.1062746149e+01,2.9098121201e+03,1.4490963648e+02,-1.1062898732e+01,1.1062898732e+01,2.9098264347e+03,1.4490640965e+02,1.8045709234e-04,3.4477942408e-03,3.7754708853e-01,2.8591484358e-02,0.0000000000e+00,0.0000000000e+00,0.0000000000e+00,0.0000000000e+00,5.2542448742e-06,5.2542581130e-06,1.3820170628e-03,6.8824921306e-05,5.7448014628e-06,6.2796349775e-06,1.2901683025e-03,6.8028449680e-05,1.0000000000e+00,4.1921888688e+00,2.0679115636e+00,4.1921888688e+00,1.0000000000e+00,1.0002857242e+00,1.0000955859e+00,1.0002857242e+00,1.9101838590e+03,1.9603429676e+03,1.9617922207e+00,nan,3.7867668145e+00,3.8862027127e+00,3.8890757259e-03,nan,1.7833877414e+01,2.7592324866e-01,2.6901097512e+00,4.1909914012e+00,1.9822377752e-01,9.3354006780e-01,-7.8094012926e-02,-7.2180603377e-02,-1.0256216945e-02,5.6590148852e-01,3.2053380820e-01,493866,53,56,42,1.2901683025e-03,5.9037198367e-01,4.6764491193e-01,2.5810371809e-02,-3.6308295556e+00,-2.6977022401e+03,-1.7150059218e-01,-2.6978737407e+03,-1.0503456762e-05,447024,48,48,48,-7.2343678975e-05,9.8180564525e-01,5.3921076248e-01,7.1660713821e-02,-2.5614546030e+00,-1.4843455879e+00,-3.8969618821e-02,-1.5233152067e+00,3.0778132920e-05,2.5799006447e-02,7.1691491954e-02,2.0800244577e-06,4.9895581953e-03,0,0,0,2.3958248488e-04,3.1921888688e+00,3.1924284512e+00,9.3176175816e-07,2.8572417675e-04,2.8665593851e-04,4.7495061735e-03,2.3958248488e+00
336,3.3600000000e-02,1.0000000000e-04,-9.2339815702e-02,1.3422440401e-01,1.5233993617e+00,2.6143701772e-01,-2.1468961651e-01,2.1468961651e-01,1.4845007543e+00,3.3774798178e-01,1.2234980081e-01,1.2242064239e-01,1.9245008343e-01,1.3083486687e-01,0.0000000000e+00,0.0000000000e+00,0.0000000000e+00,0.0000000000e+00,2.2123002499e-05,3.2157816245e-05,3.6497980455e-04,6.2635730346e-05,2.2123002499e-05,2.2755028188e-05,7.2004906740e-05,2.5278234228e-05,-1.1057543785e+01,1.1057571658e+01,2.9098057636e+03,1.4485328231e+02,-1.1057722850e+01,1.1057722850e+01,2.9098176240e+03,1.4485004474e+02,1.7906493868e-04,3.4499701196e-03,3.7755003524e-01,2.8594811680e-02,0.0000000000e+00,0.0000000000e+00,0.0000000000e+00,0.0000000000e+00,5.2517872469e-06,5.2518004853e-06,1.3820140438e-03,6.8798155857e-05,5.7424622559e-06,6.2791591618e-06,1.2887242367e-03,6.7997081237e-05,1.0000000000e+00,4.1921888688e+00,2.0679115636e+00,4.1921888688e+00,1.0000000000e+00,1.0002857242e+00,1.0000955859e+00,1.0002857242e+00,1.9100741648e+03,1.9601321289e+03,1.9618075945e+00,nan,3.7865493557e+00,3.8857847442e+00,3.8891062032e-03,nan,1.7897728017e+01,2.7594600675e-01,2.6899458492e+00,4.1909914012e+00,1.9728463285e-01,9.3249720763e-01,-6.6198942821e-02,-5.9366089783e-02,-1.0115440809e-02,5.6583373433e-01,3.2056563937e-01,520266,56,43,42,1.2887242367e-03,5.9166215197e-01,4.6762476444e-01,2.5799868353e-02,-3.6312473672e+00,-2.6921188496e+03,-1.7378003897e-01,-2.6922926296e+03,-1.0611326148e-05,447024,48,48,48,-7.2004906740e-05,9.8167443722e-01,5.3913841880e-01,7.1691491954e-02,-2.5609920427e+00,-1.4845007543e+00,-3.8898607408e-02,-1.5233993617e+00,3.0445117654e-05,2.5788378207e-02,7.1721937072e-02,2.1202723923e-06,5.0119965299e-03,0,0,0,2.3958248488e-04,3.1921888688e+00,3.1924284512e+00,9.3176175816e-07,2.8572417675e-04,2.8665593851e-04,4.7495061735e-03,2.3958248488e+00
337,3.3700000000e-02,1.0000000000e-04,-9.2336796784e-02,1.3422517839e-01,1.5234823414e+00,2.6141537924e-01,-2.1470266316e-01,2.1470266316e-01,1.4846544177e+00,3.3773441221e-01,1.2236586638e-01,1.2243644918e-01,1.9245007745e-01,1.3084766015e-01,0.0000000000e+00,0.0000000000e+00,0.0000000000e+00,0.0000000000e+00,2.2122279220e-05,3.2158001771e-05,3.6499968502e-04,6.2630546146e-05,2.2122279220e-05,2.2751410875e-05,7.1667996293e-05,2.5268133892e-05,-1.1052326520e+01,1.1052354390e+01,2.9097195210e+03,1.4479645427e+02,-1.1052504201e+01,1.1052504201e+01,2.9097289272e+03,1.4479320608e+02,1.7768057178e-04,3.4521121999e-03,3.7754593742e-01,2.8598116062e-02,0.0000000000e+00,0.0000000000e+00,0.0000000000e+00,0.0000000000e+00,5.2493093040e-06,5.2493225407e-06,1.3819730828e-03,6.8771165346e-05,5.7396624637e-06,6.2792855327e-06,1.2877697770e-03,6.7965670367e-05,1.0000000000e+00,4.1921888688e+00,2.0679115636e+00,4.1921888688e+00,1.0000000000e+00,1.0002857242e+00,1.0000955859e+00,1.0002857242e+00,1.9099135198e+03,1.9598695107e+03,1.9617863625e+00,nan,3.7862308915e+00,3.8852641272e+00,3.8890641127e-03,nan,1.7968547241e+01,2.7599543463e-01,2.6897779891e+00,4.1909914012e+00,1.9635084422e-01,9.3183419638e-01,-5.4390991722e-02,-4.6619294845e-02,-9.9994805658e-03,5.6575939150e-01,3.2062260364e-01,521129,56,52,41,1.2877697770e-03,5.2791901498e-01,4.6565435493e-01,2.5790705058e-02,-3.6316120045e+00,-2.8828799158e+03,-5.4600965370e-02,-2.8829345167e+03,-1.0735693900e-05,447024,48,48,48,-7.1667996293e-05,9.8154356333e-01,5.3906641390e-01,7.1721937072e-02,-2.5605346675e+00,-1.4846544177e+00,-3.8827923646e-02,-1.5234823414e+00,3.0087917907e-05,2.5777650787e-02,7.1752024989e-02,2.1578298474e-06,5.0344550198e-03,0,0,0,2.3958248488e-04,3.1921888688e+00,3.1924284512e+00,9.3176175816e-07,2.8572417675e-04,2.8665593851e-04,4.7495061735e-03,2.3958248488e+00
338,3.3800000000e-02,1.0000000000e-04,-9.2333599606e-02,1.3422576915e-01,1.5235640828e+00,2.6139329261e-01,-2.1471552909e-01,2.1471552909e-01,1.4848065171e+00,3.3772042479e-01,1.2238192948e-01,1.2245225468e-01,1.9245008740e-01,1.3086045575e-01,0.0000000000e+00,0.0000000000e+00,0.0000000000e+00,0.0000000000e+00,2.2121513232e-05,3.2158143307e-05,3.6501926885e-04,6.2625254576e-05,2.2121513232e-05,2.2747776962e-05,7.1332964031e-05,2.5258052618e-05,-1.1047067876e+01,1.1047095737e+01,2.9095538395e+03,1.4473917420e+02,-1.1047244178e+01,1.1047244178e+01,2.9095607915e+03,1.4473591549e+02,1.7630225035e-04,3.4542184799e-03,3.7754810384e-01,2.8601396477e-02,0.0000000000e+00,0.0000000000e+00,0.0000000000e+00,0.0000000000e+00,5.2468117077e-06,5.2468249403e-06,1.3818943923e-03,6.8743960139e-05,5.7365310321e-06,6.2797990925e-06,1.2872692799e-03,6.7934089965e-05,1.0000000000e+00,4.1921888688e+00,2.0679115636e+00,4.1921888688e+00,1.0000000000e+00,1.0002857242e+00,1.0000955859e+00,1.0002857242e+00,1.9097023041e+03,1.9595555098e+03,1.9617975182e+00,nan,3.7858121755e+00,3.8846416489e+00,3.8890862279e-03,nan,1.8045924454e+01,2.7606210061e-01,2.6896012528e+00,4.1909914012e+00,1.9542246155e-01,9.3152507684e-01,-4.2611057610e-02,-3.3899993787e-02,-9.9013406405e-03,5.6568123405e-01,3.2068422367e-01,382888,41,52,40,1.2872692799e-03,5.2920678476e-01,4.6563573222e-01,2.5779969364e-02,-3.6320393731e+00,-2.8807786306e+03,-5.7102584579e-02,-2.8808357332e+03,-1.0826812264e-05,447024,48,48,48,-7.1332964031e-05,9.8141298118e-01,5.3899474590e-01,7.1752024989e-02,-2.5600828345e+00,-1.4848065171e+00,-3.8757565787e-02,-1.5235640828e+00,2.9708740356e-05,2.5766831506e-02,7.1781733730e-02,2.1926320302e-06,5.0568844274e-03,0,0,0,2.3958248488e-04,3.1921888688e+00,3.1924284512e+00,9.3176175816e-07,2.8572417675e-04,2.8665593851e-04,4.7495061735e-03,2.3958248488e+00
339,3.3900000000e-02,1.0000000000e-04,-9.2330224718e-02,1.3422617455e-01,1.5236445299e+00,2.6137077004e-01,-2.1472821486e-01,2.1472821486e-01,1.4849569978e+00,3.3770602842e-01,1.2239799014e-01,1.2246805891e-01,1.9245008953e-01,1.3087325364e-01,0.0000000000e+00,0.0000000000e+00,0.0000000000e+00,0.0000000000e+00,2.2120704668e-05,3.2158240434e-05,3.6503854255e-04,6.2619858562e-05,2.2120704668e-05,2.2744125967e-05,7.0999825259e-05,2.5247989405e-05,-1.1041769315e+01,1.1041797168e+01,2.9093091660e+03,1.4468146455e+02,-1.1041944244e+01,1.1041944244e+01,2.9093136639e+03,1.4467819544e+02,1.7492873591e-04,3.4562875556e-03,3.7754994023e-01,2.8604651982e-02,0.0000000000e+00,0.0000000000e+00,0.0000000000e+00,0.0000000000e+00,5.2442951529e-06,5.2443083818e-06,1.3817781844e-03,6.8716550908e-05,5.7333863669e-06,6.2806318839e-06,1.2867928286e-03,6.7902355753e-05,1.0000000000e+00,4.1921888688e+00,2.0679115636e+00,4.1921888688e+00,1.0000000000e+00,1.0002857242e+00,1.0000955859e+00,1.0002857242e+00,1.9094408892e+03,1.9591905141e+03,1.9618070387e+00,nan,3.7852939440e+00,3.8839180778e+00,3.8891051013e-03,nan,1.8123887262e+01,2.7614303109e-01,2.6894163596e+00,4.1909914012e+00,1.9449953083e-01,9.3125860802e-01,-3.0831576363e-02,-2.1190045465e-02,-9.8113384726e-03,5.6560740004e-01,3.2074879289e-01,373673,40,52,41,1.2867928286e-03,5.3049405403e-01,4.6561719143e-01,2.5769142552e-02,-3.6324705445e+00,-2.8785962939e+03,-5.9600952379e-02,-2.8786558949e+03,-1.0910650608e-05,447024,48,48,48,-7.0999825259e-05,9.8128259078e-01,5.3892341294e-01,7.1781733730e-02,-2.5596368670e+00,-1.4849569978e+00,-3.8687532062e-02,-1.5236445299e+00,2.9309664519e-05,2.5755927764e-02,7.1811043394e-02,2.2245952390e-06,5.0792419803e-03,0,0,0,2.3958248488e-04,3.1921888688e+00,3.1924284512e+00,9.3176175816e-07,2.8572417675e-04,2.8665593851e-04,4.7495061735e-03,2.3958248488e+00
340,3.4000000000e-02,1.0000000000e-04,-9.2326673174e-02,1.3422640055e-01,1.5237236324e+00,2.6134782473e-01,-2.1474072157e-01,2.1474072157e-01,1.4851058117e+00,3.3769123300e-01,1.2241404839e-01,1.2248386188e-01,1.9245008958e-01,1.3088605384e-01,0.0000000000e+00,0.0000000000e+00,0.0000000000e+00,0.0000000000e+00,2.2119853780e-05,3.2158294582e-05,3.6505749412e-04,6.2614361267e-05,2.2119853780e-05,2.2740457485e-05,7.0668594207e-05,2.5237943362e-05,-1.1036432413e+01,1.1036460258e+01,2.9089859515e+03,1.4462334732e+02,-1.1036605973e+01,1.1036605973e+01,2.9089879955e+03,1.4462006791e+02,1.7356005620e-04,3.4583193575e-03,3.7755004858e-01,2.8607882273e-02,0.0000000000e+00,0.0000000000e+00,0.0000000000e+00,0.0000000000e+00,5.2417603878e-06,5.2417736130e-06,1.3816246735e-03,6.8688948091e-05,5.7300628883e-06,6.2815252031e-06,1.2863279774e-03,6.7870464312e-05,1.0000000000e+00,4.1921888688e+00,2.0679115636e+00,4.1921888688e+00,1.0000000000e+00,1.0002857242e+00,1.0000955859e+00,1.0002857242e+00,1.9091296411e+03,1.9587749052e+03,1.9618076011e+00,nan,3.7846769229e+00,3.8830941708e+00,3.8891062163e-03,nan,1.8202257902e+01,2.7622686163e-01,2.6892232595e+00,4.1909914012e+00,1.9358209418e-01,9.3102562658e-01,-1.9017374532e-02,-8.4559333503e-03,-9.7356479624e-03,5.6552994500e-01,3.2081336769e-01,484649,52,56,41,1.2863279774e-03,5.3178084686e-01,4.6559873179e-01,2.5758231901e-02,-3.6329052332e+00,-2.8763334610e+03,-6.2096017652e-02,-2.8763955570e+03,-1.0987112155e-05,447024,48,48,48,-7.0668594207e-05,9.8115184012e-01,5.3885241311e-01,7.1811043394e-02,-2.5591970571e+00,-1.4851058117e+00,-3.8617820687e-02,-1.5237236324e+00,2.8892895290e-05,2.5744947016e-02,7.1839936290e-02,2.2536658200e-06,5.1015112659e-03,0,0,0,2.3958248488e-04,3.1921888688e+00,3.1924284512e+00,9.3176175816e-07,2.8572417675e-04,2.8665593851e-04,4.7495061735e-03,2.3958248488e+00
341,3.4100000000e-02,1.0000000000e-04,-9.2322946498e-02,1.3422644899e-01,1.5238013466e+00,2.6132447070e-01,-2.1475305074e-01,2.1475305074e-01,1.4852529167e+00,3.3767604923e-01,1.2243010425e-01,1.2249966359e-01,1.9245008973e-01,1.3089885633e-01,0.0000000000e+00,0.0000000000e+00,0.0000000000e+00,0.0000000000e+00,2.2118960934e-05,3.2158306187e-05,3.6507611309e-04,6.2608766052e-05,2.2118960934e-05,2.2736771196e-05,7.0339283762e-05,2.5227913714e-05,-1.1031058917e+01,1.1031086765e+01,2.9089268467e+03,1.4456484483e+02,-1.1031231113e+01,1.1031231113e+01,2.9089531785e+03,1.4456155524e+02,1.7219559246e-04,3.4603354458e-03,3.7754759887e-01,2.8611087523e-02,0.0000000000e+00,0.0000000000e+00,0.0000000000e+00,0.0000000000e+00,5.2392082428e-06,5.2392214689e-06,1.3815966017e-03,6.8661162299e-05,5.7266632365e-06,6.2827067806e-06,1.2858638970e-03,6.7838444858e-05,1.0000000000e+00,4.1921888688e+00,2.0679115636e+00,4.1921888688e+00,1.0000000000e+00,1.0002857242e+00,1.0000955859e+00,1.0002857242e+00,1.9089934874e+03,1.9585574589e+03,1.9617948705e+00,nan,3.7844070103e+00,3.8826631032e+00,3.8890809791e-03,nan,1.8280878454e+01,2.7632361369e-01,2.6890231839e+00,4.1909914012e+00,1.9267018915e-01,9.3070864205e-01,-7.1040897069e-03,4.3354419269e-03,-9.6725533827e-03,5.6544826937e-01,3.2088353147e-01,483113,52,40,41,1.2858638970e-03,5.3306717484e-01,4.6558035255e-01,2.5747244789e-02,-3.6333431493e+00,-2.8739907090e+03,-6.4587705233e-02,-2.8740552967e+03,-1.1056176703e-05,447024,48,48,48,-7.0339283762e-05,9.8102033478e-01,5.3878174452e-01,7.1839936290e-02,-2.5587636632e+00,-1.4852529167e+00,-3.8548429866e-02,-1.5238013466e+00,2.8460827281e-05,2.5733896689e-02,7.1868397117e-02,2.2799117142e-06,5.1236671037e-03,0,0,0,2.3958248488e-04,3.1921888688e+00,3.1924284512e+00,9.3176175816e-07,2.8572417675e-04,2.8665593851e-04,4.7495061735e-03,2.3958248488e+00
342,3.4200000000e-02,1.0000000000e-04,-9.2319046648e-02,1.3422632170e-01,1.5238776358e+00,2.6130072266e-01,-2.1476520437e-01,2.1476520437e-01,1.4853982780e+00,3.3766048857e-01,1.2244615772e-01,1.2251546407e-01,1.9245008469e-01,1.3091166110e-01,0.0000000000e+00,0.0000000000e+00,0.0000000000e+00,0.0000000000e+00,2.2118026598e-05,3.2158275689e-05,3.6509439064e-04,6.2603076435e-05,2.2118026598e-05,2.2733066858e-05,7.0011905249e-05,2.5217899793e-05,-1.1025650415e+01,1.1025678259e+01,2.9092172634e+03,1.4450598053e+02,-1.1025821250e+01,1.1025821250e+01,2.9092412194e+03,1.4450268086e+02,1.7083510363e-04,3.4625186139e-03,3.7754995885e-01,2.8614266861e-02,0.0000000000e+00,0.0000000000e+00,0.0000000000e+00,0.0000000000e+00,5.2366394711e-06,5.2366526959e-06,1.3817345353e-03,6.8633204663e-05,5.7234326608e-06,6.2835808573e-06,1.2853689696e-03,6.7806233521e-05,1.0000000000e+00,4.1921888688e+00,2.0679115636e+00,4.1921888688e+00,1.0000000000e+00,1.0002857242e+00,1.0000955859e+00,1.0002857242e+00,1.9090884957e+03,1.9585597092e+03,1.9618071848e+00,nan,3.7845953558e+00,3.8826675642e+00,3.8891053909e-03,nan,1.8359291395e+01,2.7640709002e-01,2.6888136632e+00,4.1909914012e+00,1.9176384804e-01,9.3025753993e-01,4.9564877536e-03,1.7203895023e-02,-9.6211915378e-03,5.6536263523e-01,3.2094164079e-01,521129,56,52,41,1.2853689696e-03,5.3435303874e-01,4.6556205302e-01,2.5736188612e-02,-3.6337840019e+00,-2.8715686338e+03,-6.7075919138e-02,-2.8716357097e+03,-1.1117872803e-05,447024,48,48,48,-7.0011905249e-05,9.8088829386e-01,5.3871140523e-01,7.1868397117e-02,-2.5583369075e+00,-1.4853982780e+00,-3.8479357784e-02,-1.5238776358e+00,2.8015749099e-05,2.5722784143e-02,7.1896412866e-02,2.3033336090e-06,5.1457042268e-03,0,0,0,2.3958248488e-04,3.1921888688e+00,3.1924284512e+00,9.3176175816e-07,2.8572417675e-04,2.8665593851e-04,4.7495061735e-03,2.3958248488e+00
343,3.4300000000e-02,1.0000000000e-04,-9.2314975977e-02,1.3422602535e-01,1.5239524697e+00,2.6127659577e-01,-2.1477718482e-01,2.1477718482e-01,1.4855418671e+00,3.3764456302e-01,1.2246220885e-01,1.2253126332e-01,1.9245008953e-01,1.3092446815e-01,0.0000000000e+00,0.0000000000e+00,0.0000000000e+00,0.0000000000e+00,2.2117051337e-05,3.2158204690e-05,3.6511231954e-04,6.2597296056e-05,2.2117051337e-05,2.2729344307e-05,6.9686468536e-05,2.5207901044e-05,-1.1020208579e+01,1.1020236410e+01,2.9094344398e+03,1.4444677798e+02,-1.1020378058e+01,1.1020378058e+01,2.9094560195e+03,1.4444346833e+02,1.6947930739e-04,3.4648271351e-03,3.7754910950e-01,2.8617419687e-02,0.0000000000e+00,0.0000000000e+00,0.0000000000e+00,0.0000000000e+00,5.2340548677e-06,5.2340680861e-06,1.3818376833e-03,6.8605086374e-05,5.7215051602e-06,6.2830010574e-06,1.2848682191e-03,6.7773703513e-05,1.0000000000e+00,4.1921888688e+00,2.0679115636e+00,4.1921888688e+00,1.0000000000e+00,1.0002857242e+00,1.0000955859e+00,1.0002857242e+00,1.9091372583e+03,1.9585149931e+03,1.9618027221e+00,nan,3.7846920232e+00,3.8825789185e+00,3.8890965441e-03,nan,1.8437843760e+01,2.7642685036e-01,2.6885897161e+00,4.1909914012e+00,1.9086309830e-01,9.2982572018e-01,1.7207492716e-02,3.0150626504e-02,-9.5736485895e-03,5.6527689485e-01,3.2096059146e-01,484649,52,56,41,1.2848682191e-03,5.3563840771e-01,4.6554383253e-01,2.5725070740e-02,-3.6342275005e+00,-2.8690678847e+03,-6.9560502512e-02,-2.8691374452e+03,-1.1172343327e-05,447024,48,48,48,-6.9686468536e-05,9.8075582518e-01,5.3864139333e-01,7.1896412866e-02,-2.5579169777e+00,-1.4855418671e+00,-3.8410602619e-02,-1.5239524697e+00,2.7559881628e-05,2.5711616637e-02,7.1923972748e-02,2.3239431995e-06,5.1676054106e-03,0,0,0,2.3958248488e-04,3.1921888688e+00,3.1924284512e+00,9.3176175816e-07,2.8572417675e-04,2.8665593851e-04,4.7495061735e-03,2.3958248488e+00
344,3.4400000000e-02,1.0000000000e-04,-9.2310737208e-02,1.3422556404e-01,1.5240258245e+00,2.6125210560e-01,-2.1478899484e-01,2.1478899484e-01,1.4856836620e+00,3.3762828506e-01,1.2247825763e-01,1.2254706135e-01,1.9245008696e-01,1.3093727747e-01,0.0000000000e+00,0.0000000000e+00,0.0000000000e+00,0.0000000000e+00,2.2116035802e-05,3.2158094169e-05,3.6512989406e-04,6.2591428639e-05,2.2116035802e-05,2.2725603458e-05,6.9362981997e-05,2.5197917018e-05,-1.1014735023e+01,1.1014762839e+01,2.9095787898e+03,1.4438725918e+02,-1.1014903156e+01,1.1014903156e+01,2.9095979927e+03,1.4438393967e+02,1.6813338566e-04,3.4671596710e-03,3.7754980596e-01,2.8620545700e-02,0.0000000000e+00,0.0000000000e+00,0.0000000000e+00,0.0000000000e+00,5.2314551991e-06,5.2314684104e-06,1.3819062424e-03,6.8576817885e-05,5.7199214317e-06,6.2836711050e-06,1.2844110773e-03,6.7740866503e-05,1.0000000000e+00,4.1921888688e+00,2.0679115636e+00,4.1921888688e+00,1.0000000000e+00,1.0002857242e+00,1.0000955859e+00,1.0002857242e+00,1.9091400835e+03,1.9584236316e+03,1.9618063671e+00,nan,3.7846976239e+00,3.8823978027e+00,3.8891037700e-03,nan,1.8517241334e+01,2.7650183709e-01,2.6883518369e+00,4.1909914012e+00,1.8996796243e-01,9.2944878445e-01,2.9658687142e-02,4.3137426286e-02,-9.5355791180e-03,5.6519035871e-01,3.2099397611e-01,372919,40,44,55,1.2844110773e-03,5.3692327593e-01,4.6552569042e-01,2.5713898396e-02,-3.6346733600e+00,-2.8664890710e+03,-7.2041347272e-02,-2.8665611123e+03,-1.1219799254e-05,447024,48,48,48,-6.9362981997e-05,9.8062305097e-01,5.3857170686e-01,7.1923972748e-02,-2.5575040283e+00,-1.4856836620e+00,-3.8342162534e-02,-1.5240258245e+00,2.7095362202e-05,2.5700401312e-02,7.1951068110e-02,2.3417119216e-06,5.1893285520e-03,0,0,0,2.3958248488e-04,3.1921888688e+00,3.1924284512e+00,9.3176175816e-07,2.8572417675e-04,2.8665593851e-04,4.7495061735e-03,2.3958248488e+00
345,3.4500000000e-02,1.0000000000e-04,-9.2306333394e-02,1.3422494136e-01,1.5240976822e+00,2.6122726791e-01,-2.1480063748e-01,2.1480063748e-01,1.4858236465e+00,3.3761166750e-01,1.2249430408e-01,1.2256285818e-01,1.9245008944e-01,1.3095008904e-01,0.0000000000e+00,0.0000000000e+00,0.0000000000e+00,0.0000000000e+00,2.2114980725e-05,3.2157944983e-05,3.6514710991e-04,6.2585477966e-05,2.2114980725e-05,2.2721844383e-05,6.9041452479e-05,2.5187947375e-05,-1.1009231340e+01,1.1009259143e+01,2.9096507235e+03,1.4432744246e+02,-1.1009398139e+01,1.1009398139e+01,2.9096675492e+03,1.4432411319e+02,1.6679880118e-04,3.4696682348e-03,3.7754904805e-01,2.8623645769e-02,0.0000000000e+00,0.0000000000e+00,0.0000000000e+00,0.0000000000e+00,5.2288412215e-06,5.2288544267e-06,1.3819404074e-03,6.8548407898e-05,5.7180024758e-06,6.2851762344e-06,1.2838898758e-03,6.7707989770e-05,1.0000000000e+00,4.1921888688e+00,2.0679115636e+00,4.1921888688e+00,1.0000000000e+00,1.0002857242e+00,1.0000955859e+00,1.0002857242e+00,1.9090972694e+03,1.9582859352e+03,1.9618024037e+00,nan,3.7846127489e+00,3.8821248320e+00,3.8890959128e-03,nan,1.8595927949e+01,2.7661382274e-01,2.6881106571e+00,4.1909914012e+00,1.8907845798e-01,9.2904865431e-01,4.2328136722e-02,5.6112397256e-02,-9.5010377922e-03,5.6510859748e-01,3.2105934232e-01,373673,40,52,41,1.2838898758e-03,5.3820768700e-01,4.6550762610e-01,2.5702678597e-02,-3.6351213031e+00,-2.8638327078e+03,-7.4518440898e-02,-2.8639072263e+03,-1.1260386189e-05,447024,48,48,48,-6.9041452479e-05,9.8049013554e-01,5.3850234388e-01,7.1951068110e-02,-2.5570981813e+00,-1.4858236465e+00,-3.8274035686e-02,-1.5240976822e+00,2.6624246199e-05,2.5689145024e-02,7.1977692356e-02,2.3566787772e-06,5.2109237148e-03,0,0,0,2.3958248488e-04,3.1921888688e+00,3.1924284512e+00,9.3176175816e-07,2.8572417675e-04,2.8665593851e-04,4.7495061735e-03,2.3958248488e+00
346,3.4600000000e-02,1.0000000000e-04,-9.2301767890e-02,1.3422416604e-01,1.5241680309e+00,2.6120209861e-01,-2.1481211612e-01,2.1481211612e-01,1.4859618106e+00,3.3759472343e-01,1.2251034823e-01,1.2257865379e-01,1.9245008705e-01,1.3096290287e-01,0.0000000000e+00,0.0000000000e+00,0.0000000000e+00,0.0000000000e+00,2.2113886910e-05,3.2157759231e-05,3.6516396421e-04,6.2579447841e-05,2.2113886910e-05,2.2718067234e-05,6.8721885294e-05,2.5177991878e-05,-1.1003699279e+01,1.1003727065e+01,2.9096506533e+03,1.4426734802e+02,-1.1003864754e+01,1.1003864754e+01,2.9096651017e+03,1.4426400908e+02,1.6547435505e-04,3.4721447188e-03,3.7754155581e-01,2.8626720631e-02,0.0000000000e+00,0.0000000000e+00,0.0000000000e+00,0.0000000000e+00,5.2262137658e-06,5.2262269624e-06,1.3819403741e-03,6.8519866003e-05,5.7164908408e-06,6.2860382940e-06,1.2833627326e-03,6.7674998248e-05,1.0000000000e+00,4.1921888688e+00,2.0679115636e+00,4.1921888688e+00,1.0000000000e+00,1.0002857242e+00,1.0000955859e+00,1.0002857242e+00,1.9090091082e+03,1.9581022075e+03,1.9617634972e+00,nan,3.7844379772e+00,3.8817606084e+00,3.8890187843e-03,nan,1.8674731159e+01,2.7669775906e-01,2.6878632170e+00,4.1909914012e+00,1.8819459758e-01,9.2866722523e-01,5.5267242142e-02,6.9024026773e-02,-9.4737233420e-03,5.6502440343e-01,3.2111553047e-01,511160,55,44,56,1.2833627326e-03,5.3949157688e-01,4.6548963899e-01,2.5691418211e-02,-3.6355710582e+00,-2.8610994911e+03,-7.6991563419e-02,-2.8611764827e+03,-1.1294453768e-05,447024,48,48,48,-6.8721885294e-05,9.8035693506e-01,5.3843330243e-01,7.1977692356e-02,-2.5566995283e+00,-1.4859618106e+00,-3.8206220222e-02,-1.5241680309e+00,2.6148485934e-05,2.5677854340e-02,7.2003840842e-02,2.3690384978e-06,5.2323755091e-03,0,0,0,2.3958248488e-04,3.1921888688e+00,3.1924284512e+00,9.3176175816e-07,2.8572417675e-04,2.8665593851e-04,4.7495061735e-03,2.3958248488e+00
347,3.4700000000e-02,1.0000000000e-04,-9.2297044320e-02,1.3422323468e-01,1.5242368637e+00,2.6117661354e-01,-2.1482343441e-01,2.1482343441e-01,1.4860981494e+00,3.3757746607e-01,1.2252639009e-01,1.2259444821e-01,1.9245008973e-01,1.3097571893e-01,0.0000000000e+00,0.0000000000e+00,0.0000000000e+00,0.0000000000e+00,2.2112755225e-05,3.2157536093e-05,3.6518045536e-04,6.2573342065e-05,2.2112755225e-05,2.2714271978e-05,6.8404284198e-05,2.5168050393e-05,-1.0998140417e+01,1.0998168184e+01,2.9095789629e+03,1.4420699778e+02,-1.0998304579e+01,1.0998304579e+01,2.9095910336e+03,1.4420364930e+02,1.6416168871e-04,3.4745907516e-03,3.7752671697e-01,2.8629769711e-02,0.0000000000e+00,0.0000000000e+00,0.0000000000e+00,0.0000000000e+00,5.2235735808e-06,5.2235867686e-06,1.3819063247e-03,6.8491202623e-05,5.7146675898e-06,6.2872258458e-06,1.2827490184e-03,6.7641897007e-05,1.0000000000e+00,4.1921888688e+00,2.0679115636e+00,4.1921888688e+00,1.0000000000e+00,1.0002857242e+00,1.0000955859e+00,1.0002857242e+00,1.9088758658e+03,1.9578727251e+03,1.9616863650e+00,nan,3.7841738362e+00,3.8813056803e+00,3.8888658767e-03,nan,1.8752466069e+01,2.7679627381e-01,2.6876097255e+00,4.1909914012e+00,1.8731638891e-01,9.2824600009e-01,6.8360054935e-02,8.1666410349e-02,-9.4584871093e-03,5.6493324884e-01,3.2116892203e-01,373673,40,52,41,1.2827490184e-03,5.4077493961e-01,4.6547172855e-01,2.5680123757e-02,-3.6360223668e+00,-2.8582900065e+03,-7.9460607439e-02,-2.8583694672e+03,-1.1322235900e-05,447024,48,48,48,-6.8404284198e-05,9.8022333133e-01,5.3836458054e-01,7.2003840842e-02,-2.5563081313e+00,-1.4860981494e+00,-3.8138714285e-02,-1.5242368637e+00,2.5669984528e-05,2.5666535447e-02,7.2029510826e-02,2.3788744096e-06,5.2535905563e-03,0,0,0,2.3958248488e-04,3.1921888688e+00,3.1924284512e+00,9.3176175816e-07,2.8572417675e-04,2.8665593851e-04,4.7495061735e-03,2.3958248488e+00
348,3.4800000000e-02,1.0000000000e-04,-9.2292166539e-02,1.3422215854e-01,1.5243041794e+00,2.6115082843e-01,-2.1483459619e-01,2.1483459619e-01,1.4862326634e+00,3.3755990867e-01,1.2254242965e-01,1.2261024527e-01,1.9245008573e-01,1.3098853722e-01,0.0000000000e+00,0.0000000000e+00,0.0000000000e+00,0.0000000000e+00,2.2111586595e-05,3.2157278269e-05,3.6519658302e-04,6.2567164406e-05,2.2111586595e-05,2.2710458824e-05,6.8088651351e-05,2.5158122886e-05,-1.0992556259e+01,1.0992584006e+01,2.9094360275e+03,1.4414641218e+02,-1.0992719118e+01,1.0992719118e+01,2.9094457206e+03,1.4414305426e+02,1.6285961774e-04,3.4770051772e-03,3.7752790142e-01,2.8632792498e-02,0.0000000000e+00,0.0000000000e+00,0.0000000000e+00,0.0000000000e+00,5.2209213813e-06,5.2209345601e-06,1.3818384374e-03,6.8462427455e-05,5.7130545860e-06,6.2885035669e-06,1.2821223690e-03,6.7608673596e-05,1.0000000000e+00,4.1921888688e+00,2.0679115636e+00,4.1921888688e+00,1.0000000000e+00,1.0002857242e+00,1.0000955859e+00,1.0002857242e+00,1.9086977959e+03,1.9575977518e+03,1.9616925604e+00,nan,3.7838208286e+00,3.8807605706e+00,3.8888781585e-03,nan,1.8830191868e+01,2.7689901009e-01,2.6873496843e+00,4.1909914012e+00,1.8644383468e-01,9.2783811356e-01,8.1675652262e-02,9.3925588103e-02,-9.4498626041e-03,5.6483982329e-01,3.2123248527e-01,372905,40,44,41,1.2821223690e-03,5.4205768863e-01,4.6545389427e-01,2.5668801521e-02,-3.6364749795e+00,-2.8554049873e+03,-8.1925311040e-02,-2.8554869126e+03,-1.1344178072e-05,447024,48,48,48,-6.8088651351e-05,9.8008933761e-01,5.3829617626e-01,7.2029510826e-02,-2.5559240242e+00,-1.4862326634e+00,-3.8071516010e-02,-1.5243041794e+00,2.5190555905e-05,2.5655194301e-02,7.2054701382e-02,2.3862796273e-06,5.2745404614e-03,0,0,0,2.3958248488e-04,3.1921888688e+00,3.1924284512e+00,9.3176175816e-07,2.8572417675e-04,2.8665593851e-04,4.7495061735e-03,2.3958248488e+00
349,3.4900000000e-02,1.0000000000e-04,-9.2287138612e-02,1.3422094111e-01,1.5243699816e+00,2.6112475879e-01,-2.1484560556e-01,2.1484560556e-01,1.4863653581e+00,3.3754206445e-01,1.2255846695e-01,1.2262604639e-01,1.9245008814e-01,1.3100135772e-01,0.0000000000e+00,0.0000000000e+00,0.0000000000e+00,0.0000000000e+00,2.2110381991e-05,3.2156986594e-05,3.6521234807e-04,6.2560918576e-05,2.2110381991e-05,2.2706628051e-05,6.7774987344e-05,2.5148209422e-05,-1.0986948152e+01,1.0986975886e+01,2.9092222074e+03,1.4408560994e+02,-1.0987109721e+01,1.0987109721e+01,2.9092295230e+03,1.4408224267e+02,1.6156901830e-04,3.4793888946e-03,3.7754203782e-01,2.8635788515e-02,0.0000000000e+00,0.0000000000e+00,0.0000000000e+00,0.0000000000e+00,5.2182578075e-06,5.2182709801e-06,1.3817368834e-03,6.8433549392e-05,5.7114424674e-06,6.2896949725e-06,1.2814916328e-03,6.7575343676e-05,1.0000000000e+00,4.1921888688e+00,2.0679115636e+00,4.1921888688e+00,1.0000000000e+00,1.0002857242e+00,1.0000955859e+00,1.0002857242e+00,1.9084751357e+03,1.9572775342e+03,1.9617659907e+00,nan,3.7833794250e+00,3.8801257682e+00,3.8890237273e-03,nan,1.8908032049e+01,2.7699819446e-01,2.6870837021e+00,4.1909914012e+00,1.8557693271e-01,9.2744982648e-01,9.4949599108e-02,1.0544108836e-01,-9.4475290300e-03,5.6474427248e-01,3.2128921687e-01,373673,40,52,41,1.2814916328e-03,5.4333981100e-01,4.6543613565e-01,2.5657457343e-02,-3.6369286643e+00,-2.8524450185e+03,-8.4385554646e-02,-2.8525294041e+03,-1.1360704160e-05,447024,48,48,48,-6.7774987344e-05,9.7995496662e-01,5.3822808761e-01,7.2054701382e-02,-2.5555472136e+00,-1.4863653581e+00,-3.8004623533e-02,-1.5243699816e+00,2.4711919485e-05,2.5643836411e-02,7.2079413302e-02,2.3913087894e-06,5.2952314946e-03,0,0,0,2.3958248488e-04,3.1921888688e+00,3.1924284512e+00,9.3176175816e-07,2.8572417675e-04,2.8665593851e-04,4.7495061735e-03,2.3958248488e+00
350,3.5000000000e-02,1.0000000000e-04,-9.2281964782e-02,1.3421958678e-01,1.5244342785e+00,2.6109841980e-01,-2.1485646677e-01,2.1485646677e-01,1.4864962435e+00,3.3752394655e-01,1.2257450198e-01,1.2264184629e-01,1.9245008971e-01,1.3101418042e-01,0.0000000000e+00,0.0000000000e+00,0.0000000000e+00,0.0000000000e+00,2.2109142432e-05,3.2156662122e-05,3.6522775249e-04,6.2554608214e-05,2.2109142432e-05,2.2702780005e-05,6.7463291213e-05,2.5138310158e-05,-1.0981317570e+01,1.0981345283e+01,2.9089378613e+03,1.4402460900e+02,-1.0981477860e+01,1.0981477860e+01,2.9089427995e+03,1.4402123249e+02,1.6028995535e-04,3.4817419688e-03,3.7754912935e-01,2.8638757925e-02,0.0000000000e+00,0.0000000000e+00,0.0000000000e+00,0.0000000000e+00,5.2155835592e-06,5.2155967217e-06,1.3816018330e-03,6.8404576957e-05,5.7093246193e-06,6.2912845075e-06,1.2808682030e-03,6.7541935797e-05,1.0000000000e+00,4.1921888688e+00,2.0679115636e+00,4.1921888688e+00,1.0000000000e+00,1.0002857242e+00,1.0000955859e+00,1.0002857242e+00,1.9082081151e+03,1.9569123112e+03,1.9618028233e+00,nan,3.7828500809e+00,3.8794017466e+00,3.8890967447e-03,nan,1.8986150542e+01,2.7711515974e-01,2.6868128913e+00,4.1909914012e+00,1.8471567605e-01,9.2708924698e-01,1.0785335549e-01,1.1583024479e-01,-9.4502367776e-03,5.6465391955e-01,3.2137001841e-01,382888,41,52,40,1.2808682030e-03,5.4462130263e-01,4.6541845226e-01,2.5646096639e-02,-3.6373832059e+00,-2.8494106499e+03,-8.6841236044e-02,-2.8494974911e+03,-1.1372248066e-05,447024,48,48,48,-6.7463291213e-05,9.7982017715e-01,5.3816031262e-01,7.2079413302e-02,-2.5551776807e+00,-1.4864962435e+00,-3.7938034985e-02,-1.5244342785e+00,2.4235682857e-05,2.5632466752e-02,7.2103648985e-02,2.3940589030e-06,5.3158014156e-03,0,0,0,2.3958248488e-04,3.1921888688e+00,3.1924284512e+00,9.3176175816e-07,2.8572417675e-04,2.8665593851e-04,4.7495061735e-03,2.3958248488e+00
351,3.5100000000e-02,1.0000000000e-04,-9.2276649442e-02,1.3421809686e-01,1.5244970828e+00,2.6107182626e-01,-2.1486718421e-01,2.1486718421e-01,1.4866253343e+00,3.3750556788e-01,1.2259053476e-01,1.2265764496e-01,1.9245008950e-01,1.3102700531e-01,0.0000000000e+00,0.0000000000e+00,0.0000000000e+00,0.0000000000e+00,2.2107868970e-05,3.2156305161e-05,3.6524279930e-04,6.2548236868e-05,2.2107868970e-05,2.2698915093e-05,6.7153560483e-05,2.5128425343e-05,-1.0975666003e+01,1.0975693681e+01,2.9085833291e+03,1.4396342678e+02,-1.0975825024e+01,1.0975825024e+01,2.9085858903e+03,1.4396004114e+02,1.5902050575e-04,3.4840624695e-03,3.7754925699e-01,2.8641701042e-02,0.0000000000e+00,0.0000000000e+00,0.0000000000e+00,0.0000000000e+00,5.2128993440e-06,5.2129124896e-06,1.3814334478e-03,6.8375518423e-05,5.7077927083e-06,6.2917699552e-06,1.2802205466e-03,6.7508334584e-05,1.0000000000e+00,4.1921888688e+00,2.0679115636e+00,4.1921888688e+00,1.0000000000e+00,1.0002857242e+00,1.0000955859e+00,1.0002857242e+00,1.9078969464e+03,1.9565023030e+03,1.9618034887e+00,nan,3.7822332169e+00,3.8785889424e+00,3.8890980638e-03,nan,1.9064075492e+01,2.7718373012e-01,2.6865326284e+00,4.1909914012e+00,1.8386005312e-01,9.2673342224e-01,1.1991506488e-01,1.2467344371e-01,-9.4535185047e-03,5.6456147892e-01,3.2141291992e-01,484649,52,56,41,1.2802205466e-03,5.4590217084e-01,4.6540084364e-01,2.5634724391e-02,-3.6378384057e+00,-2.8463023871e+03,-8.9292275138e-02,-2.8463916794e+03,-1.1379199948e-05,447024,48,48,48,-6.7153560483e-05,9.7968497796e-01,5.3809284933e-01,7.2103648985e-02,-2.5548153828e+00,-1.4866253343e+00,-3.7871748499e-02,-1.5244970828e+00,2.3763343615e-05,2.5621089851e-02,7.2127412328e-02,2.3947546090e-06,5.3362117749e-03,0,0,0,2.3958248488e-04,3.1921888688e+00,3.1924284512e+00,9.3176175816e-07,2.8572417675e-04,2.8665593851e-04,4.7495061735e-03,2.3958248488e+00
352,3.5200000000e-02,1.0000000000e-04,-9.2271197113e-02,1.3421647479e-01,1.5245584112e+00,2.6104499252e-01,-2.1487776241e-01,2.1487776241e-01,1.4867526490e+00,3.3748694118e-01,1.2260656530e-01,1.2267344240e-01,1.9245008330e-01,1.3103983236e-01,0.0000000000e+00,0.0000000000e+00,0.0000000000e+00,0.0000000000e+00,2.2106562687e-05,3.2155916542e-05,3.6525749251e-04,6.2541807973e-05,2.2106562687e-05,2.2695033787e-05,6.6845791208e-05,2.5118555312e-05,-1.0969994473e+01,1.0970022118e+01,2.9081589304e+03,1.4390207884e+02,-1.0970152236e+01,1.0970152236e+01,2.9081591151e+03,1.4389868417e+02,1.5776299025e-04,3.4863527948e-03,3.7755002112e-01,2.8644616985e-02,0.0000000000e+00,0.0000000000e+00,0.0000000000e+00,0.0000000000e+00,5.2102056471e-06,5.2102187771e-06,1.3812318794e-03,6.8346381181e-05,5.7070889685e-06,6.2918938544e-06,1.2794909458e-03,6.7474594003e-05,1.0000000000e+00,4.1921888688e+00,2.0679115636e+00,4.1921888688e+00,1.0000000000e+00,1.0002857242e+00,1.0000955859e+00,1.0002857242e+00,1.9075418226e+03,1.9560477104e+03,1.9618075225e+00,nan,3.7815292162e+00,3.8776877537e+00,3.8891060605e-03,nan,1.9140935020e+01,2.7723659341e-01,2.6862450155e+00,4.1909914012e+00,1.8301004792e-01,9.2634043926e-01,1.3028843244e-01,1.3147728236e-01,-9.4504619091e-03,5.6447468706e-01,3.2145152590e-01,373673,40,52,41,1.2794909458e-03,5.4718239138e-01,4.6538330940e-01,2.5623345191e-02,-3.6382940807e+00,-2.8431207840e+03,-9.1738531834e-02,-2.8432125225e+03,-1.1381876248e-05,447024,48,48,48,-6.6845791208e-05,9.7954936906e-01,5.3802569577e-01,7.2127412328e-02,-2.5544602548e+00,-1.4867526490e+00,-3.7805762209e-02,-1.5245584112e+00,2.3296274728e-05,2.5609709811e-02,7.2150708603e-02,2.3933923625e-06,5.3562639169e-03,0,0,0,2.3958248488e-04,3.1921888688e+00,3.1924284512e+00,9.3176175816e-07,2.8572417675e-04,2.8665593851e-04,4.7495061735e-03,2.3958248488e+00
353,3.5300000000e-02,1.0000000000e-04,-9.2265612418e-02,1.3421472618e-01,1.5246182840e+00,2.6101793242e-01,-2.1488820601e-01,2.1488820601e-01,1.4868782098e+00,3.3746807884e-01,1.2262259359e-01,1.2268923861e-01,1.9245008833e-01,1.3105266157e-01,0.0000000000e+00,0.0000000000e+00,0.0000000000e+00,0.0000000000e+00,2.2105224692e-05,3.2155497607e-05,3.6527183698e-04,6.2535324848e-05,2.2105224692e-05,2.2691136612e-05,6.6539978029e-05,2.5108700483e-05,-1.0964304194e+01,1.0964331815e+01,2.9076649678e+03,1.4384057899e+02,-1.0964460715e+01,1.0964460715e+01,2.9076627764e+03,1.4383717540e+02,1.5652073159e-04,3.4887351508e-03,3.7755000956e-01,2.8647506158e-02,0.0000000000e+00,0.0000000000e+00,0.0000000000e+00,0.0000000000e+00,5.2075030458e-06,5.2075161645e-06,1.3809972715e-03,6.8317171789e-05,5.7060948459e-06,6.2928250487e-06,1.2786004125e-03,6.7440751023e-05,1.0000000000e+00,4.1921888688e+00,2.0679115636e+00,4.1921888688e+00,1.0000000000e+00,1.0002857242e+00,1.0000955859e+00,1.0002857242e+00,1.9071429211e+03,1.9555487176e+03,1.9618074111e+00,nan,3.7807384300e+00,3.8766985456e+00,3.8891058396e-03,nan,1.9215522013e+01,2.7732524625e-01,2.6859514721e+00,4.1909914012e+00,1.8216564019e-01,9.2585296070e-01,1.3816501520e-01,1.3594549027e-01,-9.4572137685e-03,5.6438347525e-01,3.2152305507e-01,521129,56,52,41,1.2786004125e-03,5.4846188233e-01,4.6536584914e-01,2.5611963315e-02,-3.6387500600e+00,-2.8398665135e+03,-9.4179756563e-02,-2.8399606932e+03,-1.1380575070e-05,447024,48,48,48,-6.6539978029e-05,9.7941332948e-01,5.3795884998e-01,7.2150708603e-02,-2.5541122117e+00,-1.4868782098e+00,-3.7740074251e-02,-1.5246182840e+00,2.2835719171e-05,2.5598330340e-02,7.2173544322e-02,2.3901145522e-06,5.3762081291e-03,0,0,0,2.3958248488e-04,3.1921888688e+00,3.1924284512e+00,9.3176175816e-07,2.8572417675e-04,2.8665593851e-04,4.7495061735e-03,2.3958248488e+00
354,3.5400000000e-02,1.0000000000e-04,-9.2259900060e-02,1.3421285530e-01,1.5246767248e+00,2.6099065928e-01,-2.1489851972e-01,2.1489851972e-01,1.4870020421e+00,3.3744899298e-01,1.2263861966e-01,1.2270503360e-01,1.9245008944e-01,1.3106549292e-01,0.0000000000e+00,0.0000000000e+00,0.0000000000e+00,0.0000000000e+00,2.2103856111e-05,3.2155049376e-05,3.6528583838e-04,6.2528790681e-05,2.2103856111e-05,2.2687224151e-05,6.6236114244e-05,2.5098861352e-05,-1.0958596484e+01,1.0958624087e+01,2.9071017221e+03,1.4377894210e+02,-1.0958751776e+01,1.0958751776e+01,2.9071057565e+03,1.4377552969e+02,1.5529261120e-04,3.4910994935e-03,3.7754735031e-01,2.8650368852e-02,0.0000000000e+00,0.0000000000e+00,0.0000000000e+00,0.0000000000e+00,5.2047921652e-06,5.2048052752e-06,1.3807297576e-03,6.8287897312e-05,5.7049727680e-06,6.2939039372e-06,1.2777537286e-03,6.7406931133e-05,1.0000000000e+00,4.1921888688e+00,2.0679115636e+00,4.1921888688e+00,1.0000000000e+00,1.0002857242e+00,1.0000955859e+00,1.0002857242e+00,1.9067004006e+03,1.9550112739e+03,1.9617935819e+00,nan,3.7798611732e+00,3.8756331119e+00,3.8890784245e-03,nan,1.9290892033e+01,2.7742062649e-01,2.6856569383e+00,4.1909914012e+00,1.8132680571e-01,9.2541912819e-01,1.4289731219e-01,1.3796114456e-01,-9.4675638366e-03,5.6428793845e-01,3.2160086214e-01,484649,52,56,41,1.2777537286e-03,5.4974048274e-01,4.6534846250e-01,2.5600582740e-02,-3.6392061844e+00,-2.8365404335e+03,-9.6615550661e-02,-2.8366370490e+03,-1.1376085925e-05,447024,48,48,48,-6.6236114244e-05,9.7927692719e-01,5.3789231000e-01,7.2173544322e-02,-2.5537711497e+00,-1.4870020421e+00,-3.7674682766e-02,-1.5246767248e+00,2.2382803298e-05,2.5586954738e-02,7.2195927126e-02,2.3851188045e-06,5.3961721559e-03,0,0,0,2.3958248488e-04,3.1921888688e+00,3.1924284512e+00,9.3176175816e-07,2.8572417675e-04,2.8665593851e-04,4.7495061735e-03,2.3958248488e+00
355,3.5500000000e-02,1.0000000000e-04,-9.2254064799e-02,1.3421088193e-01,1.5247337602e+00,2.6096318580e-01,-2.1490870829e-01,2.1490870829e-01,1.4871241743e+00,3.3742969531e-01,1.2265464349e-01,1.2272082736e-01,1.9245008721e-01,1.3107832639e-01,0.0000000000e+00,0.0000000000e+00,0.0000000000e+00,0.0000000000e+00,2.2102458085e-05,3.2154576590e-05,3.6529950305e-04,6.2522208517e-05,2.2102458085e-05,2.2683297035e-05,6.5934191862e-05,2.5089038489e-05,-1.0952872152e+01,1.0952899741e+01,2.9067266008e+03,1.4371717958e+02,-1.0953026230e+01,1.0953026230e+01,2.9067284299e+03,1.4371375845e+02,1.5407816276e-04,3.4934353982e-03,3.7754738535e-01,2.8653204529e-02,0.0000000000e+00,0.0000000000e+00,0.0000000000e+00,0.0000000000e+00,5.2020733901e-06,5.2020864940e-06,1.3805515935e-03,6.8258563164e-05,5.7036537270e-06,6.2952011056e-06,1.2769135731e-03,6.7373084591e-05,1.0000000000e+00,4.1921888688e+00,2.0679115636e+00,4.1921888688e+00,1.0000000000e+00,1.0002857242e+00,1.0000955859e+00,1.0002857242e+00,1.9063830530e+03,1.9545969867e+03,1.9617937867e+00,nan,3.7792320602e+00,3.8748118250e+00,3.8890788305e-03,nan,1.9366485538e+01,2.7752584185e-01,2.6853593700e+00,4.1909914012e+00,1.8049351645e-01,9.2492999113e-01,1.4422256355e-01,1.3764552310e-01,-9.4773824433e-03,5.6419112056e-01,3.2167359603e-01,484552,52,55,40,1.2769135731e-03,5.5101823647e-01,4.6533114913e-01,2.5589206654e-02,-3.6396623263e+00,-2.8331429201e+03,-9.9045906945e-02,-2.8332419660e+03,-1.1368877382e-05,447024,48,48,48,-6.5934191862e-05,9.7914007629e-01,5.3782607388e-01,7.2195927126e-02,-2.5534369488e+00,-1.4871241743e+00,-3.7609585902e-02,-1.5247337602e+00,2.1938500419e-05,2.5575585897e-02,7.2217865626e-02,2.3785035804e-06,5.4160545392e-03,0,0,0,2.3958248488e-04,3.1921888688e+00,3.1924284512e+00,9.3176175816e-07,2.8572417675e-04,2.8665593851e-04,4.7495061735e-03,2.3958248488e+00
356,3.5600000000e-02,1.0000000000e-04,-9.2248111435e-02,1.3420881114e-01,1.5247894192e+00,2.6093552411e-01,-2.1491877654e-01,2.1491877654e-01,1.4872446374e+00,3.3741019719e-01,1.2267066511e-01,1.2273661988e-01,1.9245008930e-01,1.3109116197e-01,0.0000000000e+00,0.0000000000e+00,0.0000000000e+00,0.0000000000e+00,2.2101031763e-05,3.2154080467e-05,3.6531283797e-04,6.2515581260e-05,2.2101031763e-05,2.2679355944e-05,6.5634201703e-05,2.5079232533e-05,-1.0947131970e+01,1.0947159546e+01,2.9062775633e+03,1.4365530151e+02,-1.0947284846e+01,1.0947284846e+01,2.9062769278e+03,1.4365187177e+02,1.5287665834e-04,3.4957766803e-03,3.7755005940e-01,2.8656012891e-02,0.0000000000e+00,0.0000000000e+00,0.0000000000e+00,0.0000000000e+00,5.1993470871e-06,5.1993601844e-06,1.3803383229e-03,6.8229174137e-05,5.7029195376e-06,6.2961425584e-06,1.2760822992e-03,6.7339178714e-05,1.0000000000e+00,4.1921888688e+00,2.0679115636e+00,4.1921888688e+00,1.0000000000e+00,1.0002857242e+00,1.0000955859e+00,1.0002857242e+00,1.9060189734e+03,1.9541350863e+03,1.9618076603e+00,nan,3.7785103052e+00,3.8738961493e+00,3.8891063335e-03,nan,1.9442337471e+01,2.7761558017e-01,2.6850573927e+00,4.1909914012e+00,1.7966574092e-01,9.2447067359e-01,1.4235851843e-01,1.3532430123e-01,-9.4905439073e-03,5.6408813650e-01,3.2172413984e-01,373673,40,52,41,1.2760822992e-03,5.5229515004e-01,4.6531390869e-01,2.5577837776e-02,-3.6401183765e+00,-2.8296744056e+03,-1.0147074728e-01,-2.8297758764e+03,-1.1359351058e-05,447024,48,48,48,-6.5634201703e-05,9.7900277657e-01,5.3776013969e-01,7.2217865626e-02,-2.5531094746e+00,-1.4872446374e+00,-3.7544781811e-02,-1.5247894192e+00,2.1503664143e-05,2.5564226305e-02,7.2239369290e-02,2.3704002432e-06,5.4357221157e-03,0,0,0,2.3958248488e-04,3.1921888688e+00,3.1924284512e+00,9.3176175816e-07,2.8572417675e-04,2.8665593851e-04,4.7495061735e-03,2.3958248488e+00
357,3.5700000000e-02,1.0000000000e-04,-9.2242044787e-02,1.3420663841e-01,1.5248437330e+00,2.6090768568e-01,-2.1492872929e-01,2.1492872929e-01,1.4873634644e+00,3.3739050953e-01,1.2268668451e-01,1.2275241117e-01,1.9245008129e-01,1.3110399963e-01,0.0000000000e+00,0.0000000000e+00,0.0000000000e+00,0.0000000000e+00,2.2099578301e-05,3.2153559917e-05,3.6532585061e-04,6.2508911660e-05,2.2099578301e-05,2.2675401602e-05,6.5336133456e-05,2.5069444184e-05,-1.0941376688e+01,1.0941404260e+01,2.9057545183e+03,1.4359331754e+02,-1.0941528378e+01,1.0941528378e+01,2.9057514181e+03,1.4358987929e+02,1.5169041391e-04,3.4981904786e-03,3.7754729089e-01,2.8658793640e-02,0.0000000000e+00,0.0000000000e+00,0.0000000000e+00,0.0000000000e+00,5.1966136126e-06,5.1966267081e-06,1.3800899023e-03,6.8199734814e-05,5.7016189580e-06,6.2965775259e-06,1.2752164095e-03,6.7305073412e-05,1.0000000000e+00,4.1921888688e+00,2.0679115636e+00,4.1921888688e+00,1.0000000000e+00,1.0002857242e+00,1.0000955859e+00,1.0002857242e+00,1.9056080668e+03,1.9536256522e+03,1.9617933563e+00,nan,3.7776957201e+00,3.8728862421e+00,3.8890779771e-03,nan,1.9517782000e+01,2.7768317565e-01,2.6847453385e+00,4.1909914012e+00,1.7884344441e-01,9.2400966586e-01,1.3824192394e-01,1.3172591116e-01,-9.7573319177e-03,5.6386662670e-01,3.2176128035e-01,372905,40,44,41,1.2752164095e-03,5.5357123234e-01,4.6529674086e-01,2.5566478425e-02,-3.6405742417e+00,-2.8261352956e+03,-1.0388999829e-01,-2.8262391856e+03,-1.1347846508e-05,447024,48,48,48,-6.5336133456e-05,9.7886510641e-01,5.3769450549e-01,7.2239369290e-02,-2.5527885802e+00,-1.4873634644e+00,-3.7480268655e-02,-1.5248437330e+00,2.1079027381e-05,2.5552878045e-02,7.2260448317e-02,2.3609093478e-06,5.4551623823e-03,0,0,0,2.3958248488e-04,3.1921888688e+00,3.1924284512e+00,9.3176175816e-07,2.8572417675e-04,2.8665593851e-04,4.7495061735e-03,2.3958248488e+00
358,3.5800000000e-02,1.0000000000e-04,-9.2235869677e-02,1.3420438255e-01,1.5248967348e+00,2.6087968139e-01,-2.1493857137e-01,2.1493857137e-01,1.4874806901e+00,3.3737064282e-01,1.2270270169e-01,1.2276820122e-01,1.9245008503e-01,1.3111683938e-01,0.0000000000e+00,0.0000000000e+00,0.0000000000e+00,0.0000000000e+00,2.2098098853e-05,3.2153019453e-05,3.6533854890e-04,6.2502202322e-05,2.2098098853e-05,2.2671434769e-05,6.5039975765e-05,2.5059674203e-05,-1.0935606994e+01,1.0935634569e+01,2.9059727087e+03,1.4353123595e+02,-1.0935757511e+01,1.0935757511e+01,2.9059983622e+03,1.4352778928e+02,1.5051724147e-04,3.5005800762e-03,3.7753917640e-01,2.8661546655e-02,0.0000000000e+00,0.0000000000e+00,0.0000000000e+00,0.0000000000e+00,5.1938732930e-06,5.1938863896e-06,1.3801935320e-03,6.8170249124e-05,5.6999898308e-06,6.2978856442e-06,1.2742977118e-03,6.7270952778e-05,1.0000000000e+00,4.1921888688e+00,2.0679115636e+00,4.1921888688e+00,1.0000000000e+00,1.0002857242e+00,1.0000955859e+00,1.0002857242e+00,1.9056849179e+03,1.9536377053e+03,1.9617511540e+00,nan,3.7778480704e+00,3.8729101365e+00,3.8889943150e-03,nan,1.9592530544e+01,2.7778946098e-01,2.6844304612e+00,4.1909914012e+00,1.7802658920e-01,9.2327465838e-01,1.3242216946e-01,1.2697029855e-01,-9.8333008025e-03,5.6370597410e-01,3.2181964367e-01,409385,44,40,41,1.2742977118e-03,5.5484644875e-01,4.6527964534e-01,2.5555130579e-02,-3.6410298422e+00,-2.8225260865e+03,-1.0630350460e-01,-2.8226323900e+03,-1.1334720299e-05,447024,48,48,48,-6.5039975765e-05,9.7872709674e-01,5.3762916936e-01,7.2260448317e-02,-2.5524741080e+00,-1.4874806901e+00,-3.7416044606e-02,-1.5248967348e+00,2.0665176575e-05,2.5541542824e-02,7.2281113494e-02,2.3501103597e-06,5.4742982054e-03,0,0,0,2.3958248488e-04,3.1921888688e+00,3.1924284512e+00,9.3176175816e-07,2.8572417675e-04,2.8665593851e-04,4.7495061735e-03,2.3958248488e+00
359,3.5900000000e-02,1.0000000000e-04,-9.2229590919e-02,1.3420203254e-01,1.5249484589e+00,2.6085152147e-01,-2.1494830758e-01,2.1494830758e-01,1.4875963510e+00,3.3735060714e-01,1.2271871666e-01,1.2278399004e-01,1.9245008970e-01,1.3112968117e-01,0.0000000000e+00,0.0000000000e+00,0.0000000000e+00,0.0000000000e+00,2.2096594572e-05,3.2152456431e-05,3.6535094109e-04,6.2495455699e-05,2.2096594572e-05,2.2667456245e-05,6.4745716333e-05,2.5049923400e-05,-1.0929823830e+01,1.0929851418e+01,2.9062214380e+03,1.4346906796e+02,-1.0929973186e+01,1.0929973186e+01,2.9062446584e+03,1.4346561298e+02,1.4935595858e-04,3.5029441994e-03,3.7752581262e-01,2.8664272246e-02,0.0000000000e+00,0.0000000000e+00,0.0000000000e+00,0.0000000000e+00,5.1911265755e-06,5.1911396787e-06,1.3803116661e-03,6.8140722400e-05,5.6986584254e-06,6.2990072241e-06,1.2733657316e-03,6.7236846179e-05,1.0000000000e+00,4.1921888688e+00,2.0679115636e+00,4.1921888688e+00,1.0000000000e+00,1.0002857242e+00,1.0000955859e+00,1.0002857242e+00,1.9057833864e+03,1.9536513762e+03,1.9616816662e+00,nan,3.7780432754e+00,3.8729372378e+00,3.8888565617e-03,nan,1.9667181146e+01,2.7788769751e-01,2.6841138436e+00,4.1909914012e+00,1.7721513496e-01,9.2252044435e-01,1.2573297271e-01,1.2153055214e-01,-9.7686210477e-03,5.6360780067e-01,3.2189083495e-01,373673,40,52,41,1.2733657316e-03,5.5612074646e-01,4.6526262182e-01,2.5543795858e-02,-3.6414851124e+00,-2.8188473122e+03,-1.0871107736e-01,-2.8189560232e+03,-1.1320360743e-05,447024,48,48,48,-6.4745716333e-05,9.7859208474e-01,5.3756412938e-01,7.2281113494e-02,-2.5521658920e+00,-1.4875963510e+00,-3.7352107845e-02,-1.5249484589e+00,2.0262549609e-05,2.5530221922e-02,7.2301376044e-02,2.3381870030e-06,5.4931229295e-03,0,0,0,2.3958248488e-04,3.1921888688e+00,3.1924284512e+00,9.3176175816e-07,2.8572417675e-04,2.8665593851e-04,4.7495061735e-03,2.3958248488e+00
360,3.6000000000e-02,1.0000000000e-04,-9.2223213299e-02,1.3419959423e-01,1.5249989408e+00,2.6082321555e-01,-2.1495794272e-01,2.1495794272e-01,1.4877104842e+00,3.3733041211e-01,1.2273472942e-01,1.2279977761e-01,1.9245008335e-01,1.3114252501e-01,0.0000000000e+00,0.0000000000e+00,0.0000000000e+00,0.0000000000e+00,2.2095066606e-05,3.2151872257e-05,3.6536303568e-04,6.2488674097e-05,2.2095066606e-05,2.2663466855e-05,6.4453342013e-05,2.5040192635e-05,-1.0924027625e+01,1.0924055239e+01,2.9063979999e+03,1.4340681954e+02,-1.0924175833e+01,1.0924175833e+01,2.9064187859e+03,1.4340335635e+02,1.4820775432e-04,3.5052823636e-03,3.7752827808e-01,2.8666970047e-02,0.0000000000e+00,0.0000000000e+00,0.0000000000e+00,0.0000000000e+00,5.1883736644e-06,5.1883867798e-06,1.3803955243e-03,6.8111157474e-05,5.6973925430e-06,6.3002283035e-06,1.2724366871e-03,6.7202782087e-05,1.0000000000e+00,4.1921888688e+00,2.0679115636e+00,4.1921888688e+00,1.0000000000e+00,1.0002857242e+00,1.0000955859e+00,1.0002857242e+00,1.9058360778e+03,1.9536185412e+03,1.9616945418e+00,nan,3.7781477312e+00,3.8728721452e+00,3.8888820864e-03,nan,1.9741981522e+01,2.7799049208e-01,2.6837965293e+00,4.1909914012e+00,1.7640903901e-01,9.2179137403e-01,1.1850553251e-01,1.1576720529e-01,-9.7328014166e-03,5.6350534109e-01,3.2196803056e-01,382888,41,52,40,1.2724366871e-03,5.5739411219e-01,4.6524567001e-01,2.5532475498e-02,-3.6419400023e+00,-2.8150993961e+03,-1.1111260328e-01,-2.8152105088e+03,-1.1305120221e-05,447024,48,48,48,-6.4453342013e-05,9.7846037920e-01,5.3749938366e-01,7.2301376044e-02,-2.5518637600e+00,-1.4877104842e+00,-3.7288456564e-02,-1.5249989408e+00,1.9871551985e-05,2.5518916263e-02,7.2321247596e-02,2.3252488863e-06,5.5116631844e-03,0,0,0,2.3958248488e-04,3.1921888688e+00,3.1924284512e+00,9.3176175816e-07,2.8572417675e-04,2.8665593851e-04,4.7495061735e-03,2.3958248488e+00
361,3.6100000000e-02,1.0000000000e-04,-9.2216741566e-02,1.3419707221e-01,1.5250482170e+00,2.6079477265e-01,-2.1496748155e-01,2.1496748155e-01,1.4878231280e+00,3.3731006691e-01,1.2275073998e-01,1.2281556393e-01,1.9245006601e-01,1.3115537086e-01,0.0000000000e+00,0.0000000000e+00,0.0000000000e+00,0.0000000000e+00,2.2093516092e-05,3.2151268024e-05,3.6537484140e-04,6.2481859675e-05,2.2093516092e-05,2.2659467457e-05,6.4162838822e-05,2.5030482805e-05,-1.0918218644e+01,1.0918246292e+01,2.9065024023e+03,1.4334449407e+02,-1.0918365717e+01,1.0918365717e+01,2.9065207526e+03,1.4334102276e+02,1.4707288293e-04,3.5075939178e-03,3.7754256694e-01,2.8669639679e-02,0.0000000000e+00,0.0000000000e+00,0.0000000000e+00,0.0000000000e+00,5.1856146854e-06,5.1856278167e-06,1.3804451103e-03,6.8081555954e-05,5.6954909609e-06,6.3018025945e-06,1.2715097481e-03,6.7168727862e-05,1.0000000000e+00,4.1921888688e+00,2.0679115636e+00,4.1921888688e+00,1.0000000000e+00,1.0002857242e+00,1.0000955859e+00,1.0002857242e+00,1.9058429563e+03,1.9535391659e+03,1.9617689657e+00,nan,3.7781613672e+00,3.8727147910e+00,3.8890296251e-03,nan,1.9816918507e+01,2.7810903352e-01,2.6834771181e+00,4.1909914012e+00,1.7560825638e-01,9.2108678470e-01,1.1116494540e-01,1.0994044264e-01,-9.7158317425e-03,5.6339854033e-01,3.2205257112e-01,410840,44,55,56,1.2715097481e-03,5.5866654888e-01,4.6522878963e-01,2.5521170377e-02,-3.6423944758e+00,-2.8112827046e+03,-1.1350800018e-01,-2.8113962126e+03,-1.1289302809e-05,447024,48,48,48,-6.4162838822e-05,9.7833085061e-01,5.3743493032e-01,7.2321247596e-02,-2.5515675339e+00,-1.4878231280e+00,-3.7225088968e-02,-1.5250482170e+00,1.9492496462e-05,2.5507626466e-02,7.2340740092e-02,2.3113944032e-06,5.5299473680e-03,0,0,0,2.3958248488e-04,3.1921888688e+00,3.1924284512e+00,9.3176175816e-07,2.8572417675e-04,2.8665593851e-04,4.7495061735e-03,2.3958248488e+00
362,3.6200000000e-02,1.0000000000e-04,-9.2210180417e-02,1.3419447075e-01,1.5250963245e+00,2.6076620119e-01,-2.1497692875e-01,2.1497692875e-01,1.4879343212e+00,3.3728958030e-01,1.2276674833e-01,1.2283135428e-01,1.9245003765e-01,1.3116821872e-01,0.0000000000e+00,0.0000000000e+00,0.0000000000e+00,0.0000000000e+00,2.2091944156e-05,3.2150644760e-05,3.6538636712e-04,6.2475014455e-05,2.2091944156e-05,2.2655458927e-05,6.3874192048e-05,2.5020794842e-05,-1.0912397215e+01,1.0912424892e+01,2.9065346407e+03,1.4328209532e+02,-1.0912543164e+01,1.0912543164e+01,2.9065505542e+03,1.4327861600e+02,1.4594884895e-04,3.5098758264e-03,3.7754939781e-01,2.8672280886e-02,0.0000000000e+00,0.0000000000e+00,0.0000000000e+00,0.0000000000e+00,5.1828497942e-06,5.1828629391e-06,1.3804604220e-03,6.8051919628e-05,5.6933763980e-06,6.3031836117e-06,1.2705726516e-03,6.7134666968e-05,1.0000000000e+00,4.1921888688e+00,2.0679115636e+00,4.1921888688e+00,1.0000000000e+00,1.0002857242e+00,1.0000955859e+00,1.0002857242e+00,1.9058039771e+03,1.9534132069e+03,1.9618047490e+00,nan,3.7780840945e+00,3.8724650887e+00,3.8891005622e-03,nan,1.9891799972e+01,2.7821919794e-01,2.6831548474e+00,4.1909914012e+00,1.7481274015e-01,9.2039773930e-01,1.0402974747e-01,1.0424356630e-01,-9.7096630143e-03,5.6328766480e-01,3.2213322164e-01,484649,52,56,41,1.2705726516e-03,5.5993805863e-01,4.6521198039e-01,2.5509881075e-02,-3.6428485090e+00,-2.8073975910e+03,-1.1589718471e-01,-2.8075134882e+03,-1.1273181894e-05,447024,48,48,48,-6.3874192048e-05,9.7820272513e-01,5.3737076748e-01,7.2340740092e-02,-2.5512770313e+00,-1.4879343212e+00,-3.7162003275e-02,-1.5250963245e+00,1.9125557505e-05,2.5496352847e-02,7.2359865650e-02,2.2967386877e-06,5.5480171276e-03,0,0,0,2.3958248488e-04,3.1921888688e+00,3.1924284512e+00,9.3176175816e-07,2.8572417675e-04,2.8665593851e-04,4.7495061735e-03,2.3958248488e+00
363,3.6300000000e-02,1.0000000000e-04,-9.2203534492e-02,1.3419179393e-01,1.5251433007e+00,2.6073750906e-01,-2.1498628898e-01,2.1498628898e-01,1.4880441030e+00,3.3726896062e-01,1.2278275448e-01,1.2284714459e-01,1.9245005801e-01,1.3118106857e-01,0.0000000000e+00,0.0000000000e+00,0.0000000000e+00,0.0000000000e+00,2.2090351909e-05,3.2150003440e-05,3.6539762179e-04,6.2468140322e-05,2.2090351909e-05,2.2651442162e-05,6.3587386379e-05,2.5011129710e-05,-1.0906563602e+01,1.0906591310e+01,2.9064947071e+03,1.4321962693e+02,-1.0906708436e+01,1.0906708436e+01,2.9065081827e+03,1.4321613968e+02,1.4483481054e-04,3.5121269154e-03,3.7754884112e-01,2.8674893225e-02,0.0000000000e+00,0.0000000000e+00,0.0000000000e+00,0.0000000000e+00,5.1800791157e-06,5.1800922761e-06,1.3804414554e-03,6.8022250227e-05,5.6915337690e-06,6.3037121036e-06,1.2696128051e-03,6.7100563461e-05,1.0000000000e+00,4.1921888688e+00,2.0679115636e+00,4.1921888688e+00,1.0000000000e+00,1.0002857242e+00,1.0000955859e+00,1.0002857242e+00,1.9057190926e+03,1.9532406176e+03,1.9618016488e+00,nan,3.7779158187e+00,3.8721229460e+00,3.8890944163e-03,nan,1.9966425378e+01,2.7829186586e-01,2.6828281744e+00,4.1909914012e+00,1.7402244182e-01,9.1971506658e-01,9.7282081940e-02,9.8795248823e-02,-9.7030455638e-03,5.6317722849e-01,3.2219815846e-01,373673,40,52,41,1.2696128051e-03,5.6120863128e-01,4.6519524203e-01,2.5498607893e-02,-3.6433020893e+00,-2.8034444300e+03,-1.1828005092e-01,-2.8035627100e+03,-1.1257001231e-05,447024,48,48,48,-6.3587386379e-05,9.7807550206e-01,5.3730689329e-01,7.2359865650e-02,-2.5509920675e+00,-1.4880441030e+00,-3.7099197715e-02,-1.5251433007e+00,1.8770796356e-05,2.5485095477e-02,7.2378636446e-02,2.2813635262e-06,5.5659135678e-03,0,0,0,2.3958248488e-04,3.1921888688e+00,3.1924284512e+00,9.3176175816e-07,2.8572417675e-04,2.8665593851e-04,4.7495061735e-03,2.3958248488e+00
364,3.6400000000e-02,1.0000000000e-04,-9.2196808359e-02,1.3418904781e-01,1.5251891829e+00,2.6070870359e-01,-2.1499556679e-01,2.1499556679e-01,1.4881525124e+00,3.3724821580e-01,1.2279875843e-01,1.2286293362e-01,1.9245007767e-01,1.3119392038e-01,0.0000000000e+00,0.0000000000e+00,0.0000000000e+00,0.0000000000e+00,2.2088740445e-05,3.2149345519e-05,3.6540861435e-04,6.2461239036e-05,2.2088740445e-05,2.2647418071e-05,6.3302405999e-05,2.5001488391e-05,-1.0900718052e+01,1.0900745789e+01,2.9063825846e+03,1.4315709202e+02,-1.0900861784e+01,1.0900861784e+01,2.9063936216e+03,1.4315359694e+02,1.4373183609e-04,3.5143481591e-03,3.7754560680e-01,2.8677476388e-02,0.0000000000e+00,0.0000000000e+00,0.0000000000e+00,0.0000000000e+00,5.1773027683e-06,5.1773159421e-06,1.3803882028e-03,6.7992549231e-05,5.6901155105e-06,6.3041289606e-06,1.2686505060e-03,6.7066396153e-05,1.0000000000e+00,4.1921888688e+00,2.0679115636e+00,4.1921888688e+00,1.0000000000e+00,1.0002857242e+00,1.0000955859e+00,1.0002857242e+00,1.9055882491e+03,1.9530213452e+03,1.9617846424e+00,nan,3.7776564333e+00,3.8716882583e+00,3.8890607027e-03,nan,2.0041110381e+01,2.7835972033e-01,2.6824961420e+00,4.1909914012e+00,1.7323731164e-01,9.1905342528e-01,9.1037457888e-02,9.3690728610e-02,-9.7013987778e-03,5.6306532743e-01,3.2227430090e-01,484649,52,56,41,1.2686505060e-03,5.6247824409e-01,4.6517857426e-01,2.5487350891e-02,-3.6437552133e+00,-2.7994236232e+03,-1.2065646987e-01,-2.7995442797e+03,-1.1240998841e-05,447024,48,48,48,-6.3302405999e-05,9.7794884435e-01,5.3724330590e-01,7.2378636446e-02,-2.5507124570e+00,-1.4881525124e+00,-3.7036670534e-02,-1.5251891829e+00,1.8428168569e-05,2.5473854202e-02,7.2397064615e-02,2.2653329092e-06,5.5836699751e-03,0,0,0,2.3958248488e-04,3.1921888688e+00,3.1924284512e+00,9.3176175816e-07,2.8572417675e-04,2.8665593851e-04,4.7495061735e-03,2.3958248488e+00
365,3.6500000000e-02,1.0000000000e-04,-9.2190006511e-02,1.3418624547e-01,1.5252340081e+00,2.6067979163e-01,-2.1500476670e-01,2.1500476670e-01,1.4882595881e+00,3.3722735337e-01,1.2281476019e-01,1.2287872135e-01,1.9245008800e-01,1.3120677415e-01,0.0000000000e+00,0.0000000000e+00,0.0000000000e+00,0.0000000000e+00,2.2087110841e-05,3.2148674126e-05,3.6541935369e-04,6.2454312237e-05,2.2087110841e-05,2.2643387575e-05,6.3019234675e-05,2.4991871886e-05,-1.0894860919e+01,1.0894888684e+01,2.9061982479e+03,1.4309449389e+02,-1.0895003560e+01,1.0895003560e+01,2.9062068456e+03,1.4309099109e+02,1.4264159722e-04,3.5165412987e-03,3.7755001198e-01,2.8680030381e-02,0.0000000000e+00,0.0000000000e+00,0.0000000000e+00,0.0000000000e+00,5.1745209193e-06,5.1745341063e-06,1.3803006520e-03,6.7962818212e-05,5.6890725941e-06,6.3044694687e-06,1.2676775563e-03,6.7032148293e-05,1.0000000000e+00,4.1921888688e+00,2.0679115636e+00,4.1921888688e+00,1.0000000000e+00,1.0002857242e+00,1.0000955859e+00,1.0002857242e+00,1.9054113877e+03,1.9527553317e+03,1.9618074270e+00,nan,3.7773058216e+00,3.8711609105e+00,3.8891058712e-03,nan,2.0115724395e+01,2.7842430590e-01,2.6821579671e+00,4.1909914012e+00,1.7245729882e-01,9.1840683730e-01,8.5389839580e-02,8.9000974267e-02,-9.7064871204e-03,5.6294816226e-01,3.2235454106e-01,409385,44,40,41,1.2676775563e-03,5.6374689459e-01,4.6516197681e-01,2.5476109893e-02,-3.6442078878e+00,-2.7953355078e+03,-1.2302635128e-01,-2.7954585341e+03,-1.1225364691e-05,447024,48,48,48,-6.3019234675e-05,9.7782252251e-01,5.3718000350e-01,7.2397064615e-02,-2.5504380153e+00,-1.4882595881e+00,-3.6974419992e-02,-1.5252340081e+00,1.8097543615e-05,2.5462628638e-02,7.2415162158e-02,2.2487133054e-06,5.6012830399e-03,0,0,0,2.3958248488e-04,3.1921888688e+00,3.1924284512e+00,9.3176175816e-07,2.8572417675e-04,2.8665593851e-04,4.7495061735e-03,2.3958248488e+00
366,3.6600000000e-02,1.0000000000e-04,-9.2183133361e-02,1.3418339323e-01,1.5252778128e+00,2.6065077956e-01,-2.1501389310e-01,2.1501389310e-01,1.4883653684e+00,3.3720638053e-01,1.2283075974e-01,1.2289450779e-01,1.9245008902e-01,1.3121962985e-01,0.0000000000e+00,0.0000000000e+00,0.0000000000e+00,0.0000000000e+00,2.2085464155e-05,3.2147990780e-05,3.6542984853e-04,6.2447361455e-05,2.2085464155e-05,2.2639351597e-05,6.2737855826e-05,2.4982281204e-05,-1.0888992369e+01,1.0889020166e+01,2.9059416738e+03,1.4303183357e+02,-1.0889133934e+01,1.0889133934e+01,2.9059478316e+03,1.4302832314e+02,1.4156560944e-04,3.5187077915e-03,3.7754725105e-01,2.8682555283e-02,0.0000000000e+00,0.0000000000e+00,0.0000000000e+00,0.0000000000e+00,5.1717336478e-06,5.1717468503e-06,1.3801787919e-03,6.7933057657e-05,5.6874815005e-06,6.3053506328e-06,1.2666921405e-03,6.6997860784e-05,1.0000000000e+00,4.1921888688e+00,2.0679115636e+00,4.1921888688e+00,1.0000000000e+00,1.0002857242e+00,1.0000955859e+00,1.0002857242e+00,1.9051884512e+03,1.9524425207e+03,1.9617930705e+00,nan,3.7768638700e+00,3.8705407909e+00,3.8890774107e-03,nan,2.0190236403e+01,2.7851286313e-01,2.6818151728e+00,4.1909914012e+00,1.7168235183e-01,9.1777394924e-01,8.0319266016e-02,8.4735707607e-02,-9.7120135010e-03,5.6282903850e-01,3.2243344689e-01,410935,44,56,55,1.2666921405e-03,5.6501457215e-01,4.6514544942e-01,2.5464884528e-02,-3.6446601269e+00,-2.7911804375e+03,-1.2538959007e-01,-2.7913058271e+03,-1.1210246022e-05,447024,48,48,48,-6.2737855826e-05,9.7769637222e-01,5.3711698426e-01,7.2415162158e-02,-2.5501685601e+00,-1.4883653684e+00,-3.6912444364e-02,-1.5252778128e+00,1.7778713752e-05,2.5451418245e-02,7.2432940872e-02,2.2315886835e-06,5.6187517129e-03,0,0,0,2.3958248488e-04,3.1921888688e+00,3.1924284512e+00,9.3176175816e-07,2.8572417675e-04,2.8665593851e-04,4.7495061735e-03,2.3958248488e+00
367,3.6700000000e-02,1.0000000000e-04,-9.2176193229e-02,1.3418049178e-01,1.5253206328e+00,2.6062167337e-01,-2.1502295032e-01,2.1502295032e-01,1.4884698908e+00,3.3718530409e-01,1.2284675709e-01,1.2291029293e-01,1.9245008968e-01,1.3123248747e-01,0.0000000000e+00,0.0000000000e+00,0.0000000000e+00,0.0000000000e+00,2.2083801421e-05,3.2147295644e-05,3.6544010745e-04,6.2440388120e-05,2.2083801421e-05,2.2635311064e-05,6.2458252601e-05,2.4972717361e-05,-1.0883112491e+01,1.0883140315e+01,2.9056128451e+03,1.4296911130e+02,-1.0883252993e+01,1.0883252993e+01,2.9056165628e+03,1.4296559333e+02,1.4050175937e-04,3.5208455129e-03,3.7754782321e-01,2.8685051106e-02,0.0000000000e+00,0.0000000000e+00,0.0000000000e+00,0.0000000000e+00,5.1689409963e-06,5.1689542112e-06,1.3800226146e-03,6.7903267676e-05,5.6858070666e-06,6.3059761931e-06,1.2657119337e-03,6.6963515304e-05,1.0000000000e+00,4.1921888688e+00,2.0679115636e+00,4.1921888688e+00,1.0000000000e+00,1.0002857242e+00,1.0000955859e+00,1.0002857242e+00,1.9049193872e+03,1.9520828608e+03,1.9617960368e+00,nan,3.7763304751e+00,3.8698277978e+00,3.8890832910e-03,nan,2.0264927067e+01,2.7859021576e-01,2.6814669119e+00,4.1909914012e+00,1.7091241856e-01,9.1716753068e-01,7.5775354586e-02,8.0877668325e-02,-9.7153773067e-03,5.6270923361e-01,3.2249920405e-01,373673,40,52,41,1.2657119337e-03,5.6628126429e-01,4.6512899180e-01,2.5453674282e-02,-3.6451119506e+00,-2.7869587680e+03,-1.2774607836e-01,-2.7870865141e+03,-1.1195793605e-05,447024,48,48,48,-6.2458252601e-05,9.7757028003e-01,5.3705424641e-01,7.2432940872e-02,-2.5499039125e+00,-1.4884698908e+00,-3.6850741941e-02,-1.5253206328e+00,1.7471391268e-05,2.5440222353e-02,7.2450412263e-02,2.2140617726e-06,5.6360559235e-03,0,0,0,2.3958248488e-04,3.1921888688e+00,3.1924284512e+00,9.3176175816e-07,2.8572417675e-04,2.8665593851e-04,4.7495061735e-03,2.3958248488e+00
368,3.6800000000e-02,1.0000000000e-04,-9.2169190343e-02,1.3417754134e-01,1.5253625028e+00,2.6059247863e-01,-2.1503194260e-01,2.1503194260e-01,1.4885731918e+00,3.3716413058e-01,1.2286275225e-01,1.2292607677e-01,1.9245008915e-01,1.3124534699e-01,0.0000000000e+00,0.0000000000e+00,0.0000000000e+00,0.0000000000e+00,2.2082123652e-05,3.2146588769e-05,3.6545013878e-04,6.2433393571e-05,2.2082123652e-05,2.2631266898e-05,6.2180407957e-05,2.4963181370e-05,-1.0877221312e+01,1.0877249162e+01,2.9058436111e+03,1.4290632756e+02,-1.0877360762e+01,1.0877360762e+01,2.9058685901e+03,1.4290280214e+02,1.3944973865e-04,3.5229541729e-03,3.7754999679e-01,2.8687517584e-02,0.0000000000e+00,0.0000000000e+00,0.0000000000e+00,0.0000000000e+00,5.1661429774e-06,5.1661562046e-06,1.3801322170e-03,6.7873448498e-05,5.6841333634e-06,6.3062906909e-06,1.2647169086e-03,6.6929136498e-05,1.0000000000e+00,4.1921888688e+00,2.0679115636e+00,4.1921888688e+00,1.0000000000e+00,1.0002857242e+00,1.0000955859e+00,1.0002857242e+00,1.9050183846e+03,1.9521167021e+03,1.9618073364e+00,nan,3.7765267284e+00,3.8698948851e+00,3.8891056915e-03,nan,2.0339475892e+01,2.7865389593e-01,2.6811140578e+00,4.1909914012e+00,1.7014744656e-01,9.1637373071e-01,7.1736520350e-02,7.7422097504e-02,-9.7164002648e-03,5.6258887015e-01,3.2255391785e-01,372905,40,44,41,1.2647169086e-03,5.6754697622e-01,4.6511260368e-01,2.5442478488e-02,-3.6455633853e+00,-2.7826707977e+03,-1.3009574169e-01,-2.7828008935e+03,-1.1182101258e-05,447024,48,48,48,-6.2180407957e-05,9.7744409937e-01,5.3699178816e-01,7.2450412263e-02,-2.5496438979e+00,-1.4885731918e+00,-3.6789311030e-02,-1.5253625028e+00,1.7175224964e-05,2.5429040294e-02,7.2467587488e-02,2.1961822636e-06,5.6531757442e-03,0,0,0,2.3958248488e-04,3.1921888688e+00,3.1924284512e+00,9.3176175816e-07,2.8572417675e-04,2.8665593851e-04,4.7495061735e-03,2.3958248488e+00
369,3.6900000000e-02,1.0000000000e-04,-9.2162128833e-02,1.3417454160e-01,1.5254034566e+00,2.6056320057e-01,-2.1504087405e-01,2.1504087405e-01,1.4886753067e+00,3.3714286621e-01,1.2287874522e-01,1.2294185930e-01,1.9245008893e-01,1.3125820839e-01,0.0000000000e+00,0.0000000000e+00,0.0000000000e+00,0.0000000000e+00,2.2080431838e-05,3.2145870084e-05,3.6545995059e-04,6.2426379061e-05,2.2080431838e-05,2.2627220017e-05,6.1904304724e-05,2.4953674238e-05,-1.0871318849e+01,1.0871346721e+01,2.9060399377e+03,1.4284348247e+02,-1.0871457259e+01,1.0871457259e+01,2.9060625757e+03,1.4283994970e+02,1.3840957642e-04,3.5251600358e-03,3.7754610202e-01,2.8689954559e-02,0.0000000000e+00,0.0000000000e+00,0.0000000000e+00,0.0000000000e+00,5.1633395988e-06,5.1633528366e-06,1.3802254625e-03,6.7843600183e-05,5.6821472677e-06,6.3064486747e-06,1.2637012877e-03,6.6894705069e-05,1.0000000000e+00,4.1921888688e+00,2.0679115636e+00,4.1921888688e+00,1.0000000000e+00,1.0002857242e+00,1.0000955859e+00,1.0002857242e+00,1.9050959437e+03,1.9521131053e+03,1.9617871008e+00,nan,3.7766804823e+00,3.8698877547e+00,3.8890655763e-03,nan,2.0413786946e+01,2.7871071524e-01,2.6807557249e+00,4.1909914012e+00,1.6938738328e-01,9.1557598524e-01,6.8174135771e-02,7.4356448022e-02,-9.7172219726e-03,5.6246742594e-01,3.2261214938e-01,521129,56,52,41,1.2637012877e-03,5.6881169313e-01,4.6509628479e-01,2.5431296387e-02,-3.6460144611e+00,-2.7783168831e+03,-1.3243846890e-01,-2.7784493216e+03,-1.1169229857e-05,447024,48,48,48,-6.1904304724e-05,9.7731778726e-01,5.3692960775e-01,7.2467587488e-02,-2.5493883472e+00,-1.4886753067e+00,-3.6728149953e-02,-1.5254034566e+00,1.6889822958e-05,2.5417871314e-02,7.2484477311e-02,2.1780068188e-06,5.6701133780e-03,0,0,0,2.3958248488e-04,3.1921888688e+00,3.1924284512e+00,9.3176175816e-07,2.8572417675e-04,2.8665593851e-04,4.7495061735e-03,2.3958248488e+00
370,3.7000000000e-02,1.0000000000e-04,-9.2155012722e-02,1.3417149681e-01,1.5254435267e+00,2.6053384412e-01,-2.1504974871e-01,2.1504974871e-01,1.4887762696e+00,3.3712151690e-01,1.2289473599e-01,1.2295764052e-01,1.9245008868e-01,1.3127107166e-01,0.0000000000e+00,0.0000000000e+00,0.0000000000e+00,0.0000000000e+00,2.2078726942e-05,3.2145140605e-05,3.6546955067e-04,6.2419345771e-05,2.2078726942e-05,2.2623171328e-05,6.1629925661e-05,2.4944196960e-05,-1.0865405125e+01,1.0865433014e+01,2.9061691625e+03,1.4278057607e+02,-1.0865542505e+01,1.0865542505e+01,2.9061894589e+03,1.4277703603e+02,1.3738007120e-04,3.5274742984e-03,3.7753622244e-01,2.8692361920e-02,0.0000000000e+00,0.0000000000e+00,0.0000000000e+00,0.0000000000e+00,5.1605308718e-06,5.1605441177e-06,1.3802868378e-03,6.7813722748e-05,5.6800052286e-06,6.3063172710e-06,1.2626753639e-03,6.6860229970e-05,1.0000000000e+00,4.1921888688e+00,2.0679115636e+00,4.1921888688e+00,1.0000000000e+00,1.0002857242e+00,1.0000955859e+00,1.0002857242e+00,1.9051306139e+03,1.9520659472e+03,1.9617357676e+00,nan,3.7767492129e+00,3.8697942681e+00,3.8889638129e-03,nan,2.0488023478e+01,2.7875478551e-01,2.6803921601e+00,4.1909914012e+00,1.6863217619e-01,9.1479200501e-01,6.5101992738e-02,7.1684156403e-02,-9.7192485583e-03,5.6234378018e-01,3.2265280234e-01,521129,56,52,41,1.2626753639e-03,5.7007539442e-01,4.6508003484e-01,2.5420127157e-02,-3.6464652105e+00,-2.7738974010e+03,-1.3477413884e-01,-2.7740321752e+03,-1.1157233696e-05,447024,48,48,48,-6.1629925661e-05,9.7719132903e-01,5.3686770344e-01,7.2484477311e-02,-2.5491370975e+00,-1.4887762696e+00,-3.6667257049e-02,-1.5254435267e+00,1.6614759167e-05,2.5406714522e-02,7.2501092070e-02,2.1595946505e-06,5.6869043094e-03,0,0,0,2.3958248488e-04,3.1921888688e+00,3.1924284512e+00,9.3176175816e-07,2.8572417675e-04,2.8665593851e-04,4.7495061735e-03,2.3958248488e+00
371,3.7100000000e-02,1.0000000000e-04,-9.2147845932e-02,1.3416841881e-01,1.5254827441e+00,2.6050441395e-01,-2.1505857050e-01,2.1505857050e-01,1.4888761134e+00,3.3710008833e-01,1.2291072457e-01,1.2297342042e-01,1.9245008937e-01,1.3128393678e-01,0.0000000000e+00,0.0000000000e+00,0.0000000000e+00,0.0000000000e+00,2.2077009905e-05,3.2144403172e-05,3.6547894647e-04,6.2412294817e-05,2.2077009905e-05,2.2619121724e-05,6.1357253511e-05,2.4934750515e-05,-1.0859480225e+01,1.0859508125e+01,2.9062312734e+03,1.4271760896e+02,-1.0859616586e+01,1.0859616586e+01,2.9062492282e+03,1.4271406176e+02,1.3636062525e-04,3.5297578010e-03,3.7752044148e-01,2.8694739574e-02,0.0000000000e+00,0.0000000000e+00,0.0000000000e+00,0.0000000000e+00,5.1577168370e-06,5.1577300882e-06,1.3803163375e-03,6.7783816482e-05,5.6779090609e-06,6.3061423320e-06,1.2616229107e-03,6.6825718653e-05,1.0000000000e+00,4.1921888688e+00,2.0679115636e+00,4.1921888688e+00,1.0000000000e+00,1.0002857242e+00,1.0000955859e+00,1.0002857242e+00,1.9051223521e+03,1.9519751859e+03,1.9616537603e+00,nan,3.7767328346e+00,3.8696143419e+00,3.8888012408e-03,nan,2.0561919553e+01,2.7879695812e-01,2.6800235524e+00,4.1909914012e+00,1.6788177296e-01,9.1400998194e-01,6.2433890627e-02,6.9362955720e-02,-9.7205156622e-03,5.6221908694e-01,3.2270184390e-01,483113,52,40,41,1.2616229107e-03,5.7133806978e-01,4.6506385356e-01,2.5408969923e-02,-3.6469156684e+00,-2.7694126987e+03,-1.3710265011e-01,-2.7695498014e+03,-1.1146100037e-05,447024,48,48,48,-6.1357253511e-05,9.7706474051e-01,5.3680607352e-01,7.2501092070e-02,-2.5488899923e+00,-1.4888761134e+00,-3.6606630673e-02,-1.5254827441e+00,1.6349574588e-05,2.5395568972e-02,7.2517441645e-02,2.1409933316e-06,5.7035665630e-03,0,0,0,2.3958248488e-04,3.1921888688e+00,3.1924284512e+00,9.3176175816e-07,2.8572417675e-04,2.8665593851e-04,4.7495061735e-03,2.3958248488e+00
372,3.7200000000e-02,1.0000000000e-04,-9.2140632274e-02,1.3416530986e-01,1.5255211386e+00,2.6047491447e-01,-2.1506734323e-01,2.1506734323e-01,1.4889748694e+00,3.3707858597e-01,1.2292671096e-01,1.2298919900e-01,1.9245008973e-01,1.3129680374e-01,0.0000000000e+00,0.0000000000e+00,0.0000000000e+00,0.0000000000e+00,2.2075281639e-05,3.2143658322e-05,3.6548814513e-04,6.2405227259e-05,2.2075281639e-05,2.2615072083e-05,6.1086271058e-05,2.4925335859e-05,-1.0853544140e+01,1.0853572045e+01,2.9062262562e+03,1.4265458051e+02,-1.0853679491e+01,1.0853679491e+01,2.9062418691e+03,1.4265102624e+02,1.3535144134e-04,3.5320108146e-03,3.7750294440e-01,2.8697087501e-02,0.0000000000e+00,0.0000000000e+00,0.0000000000e+00,0.0000000000e+00,5.1548974895e-06,5.1549107431e-06,1.3803139545e-03,6.7753881081e-05,5.6763136481e-06,6.3051075559e-06,1.2605540172e-03,6.6791089063e-05,1.0000000000e+00,4.1921888688e+00,2.0679115636e+00,4.1921888688e+00,1.0000000000e+00,1.0002857242e+00,1.0000955859e+00,1.0002857242e+00,1.9050711148e+03,1.9518407791e+03,1.9615628391e+00,nan,3.7766312614e+00,3.8693478926e+00,3.8886209978e-03,nan,2.0635635395e+01,2.7880112576e-01,2.6796465027e+00,4.1909914012e+00,1.6713612157e-01,9.1323717553e-01,6.0153291905e-02,6.7372152176e-02,-9.7176097823e-03,5.6209397850e-01,3.2272920810e-01,520361,56,44,41,1.2605540172e-03,5.7259969269e-01,4.6504774066e-01,2.5397823823e-02,-3.6473658692e+00,-2.7648631814e+03,-1.3942387209e-01,-2.7650026053e+03,-1.1135832113e-05,447024,48,48,48,-6.1086271058e-05,9.7693805588e-01,5.3674471626e-01,7.2517441645e-02,-2.5486468820e+00,-1.4889748694e+00,-3.6546269196e-02,-1.5255211386e+00,1.6093763982e-05,2.5384433741e-02,7.2533535409e-02,2.1222495169e-06,5.7201039881e-03,0,0,0,2.3958248488e-04,3.1921888688e+00,3.1924284512e+00,9.3176175816e-07,2.8572417675e-04,2.8665593851e-04,4.7495061735e-03,2.3958248488e+00
373,3.7300000000e-02,1.0000000000e-04,-9.2133375446e-02,1.3416216988e-01,1.5255587386e+00,2.6044534993e-01,-2.1507607060e-01,2.1507607060e-01,1.4890725676e+00,3.3705701505e-01,1.2294269516e-01,1.2300497626e-01,1.9245008973e-01,1.3130967252e-01,0.0000000000e+00,0.0000000000e+00,0.0000000000e+00,0.0000000000e+00,2.2073543030e-05,3.2142906038e-05,3.6549715342e-04,6.2398144112e-05,2.2073543030e-05,2.2611023261e-05,6.0816961195e-05,2.4915953924e-05,-1.0847596902e+01,1.0847624811e+01,2.9061541126e+03,1.4259149076e+02,-1.0847731256e+01,1.0847731256e+01,2.9061673838e+03,1.4258792951e+02,1.3435449658e-04,3.5342353692e-03,3.7752599315e-01,2.8699405620e-02,0.0000000000e+00,0.0000000000e+00,0.0000000000e+00,0.0000000000e+00,5.1520728452e-06,5.1520861007e-06,1.3802796899e-03,6.7723916565e-05,5.6753804602e-06,6.3034465667e-06,1.2594747465e-03,6.6756362986e-05,1.0000000000e+00,4.1921888688e+00,2.0679115636e+00,4.1921888688e+00,1.0000000000e+00,1.0002857242e+00,1.0000955859e+00,1.0002857242e+00,1.9049768712e+03,1.9516626974e+03,1.9616826040e+00,nan,3.7764444318e+00,3.8689948618e+00,3.8888584208e-03,nan,2.0709267971e+01,2.7877758976e-01,2.6792617770e+00,4.1909914012e+00,1.6639517059e-01,9.1247792442e-01,5.8231343795e-02,6.5687752891e-02,-9.7079184168e-03,5.6197109042e-01,3.2274152207e-01,373673,40,52,41,1.2594747465e-03,5.7386024671e-01,4.6503169585e-01,2.5386687991e-02,-3.6478158475e+00,-2.7602492282e+03,-1.4173769361e-01,-2.7603909659e+03,-1.1126419037e-05,447024,48,48,48,-6.0816961195e-05,9.7681121732e-01,5.3668362999e-01,7.2533535409e-02,-2.5484076248e+00,-1.4890725676e+00,-3.6486171006e-02,-1.5255587386e+00,1.5846622584e-05,2.5373307964e-02,7.2549382031e-02,2.1033438169e-06,5.7364336857e-03,0,0,0,2.3958248488e-04,3.1921888688e+00,3.1924284512e+00,9.3176175816e-07,2.8572417675e-04,2.8665593851e-04,4.7495061735e-03,2.3958248488e+00
374,3.7400000000e-02,1.0000000000e-04,-9.2126079039e-02,1.3415899889e-01,1.5255955702e+00,2.6041572438e-01,-2.1508475620e-01,2.1508475620e-01,1.4891692357e+00,3.3703538065e-01,1.2295867716e-01,1.2302075220e-01,1.9245008457e-01,1.3132254310e-01,0.0000000000e+00,0.0000000000e+00,0.0000000000e+00,0.0000000000e+00,2.2071794939e-05,3.2142146324e-05,3.6550597763e-04,6.2391046350e-05,2.2071794939e-05,2.2606976093e-05,6.0549307115e-05,2.4906605610e-05,-1.0841638631e+01,1.0841666544e+01,2.9060148805e+03,1.4252833864e+02,-1.0841772003e+01,1.0841772003e+01,2.9060258103e+03,1.4252477050e+02,1.3337242950e-04,3.5364341274e-03,3.7754134033e-01,2.8701694647e-02,0.0000000000e+00,0.0000000000e+00,0.0000000000e+00,0.0000000000e+00,5.1492429607e-06,5.1492562183e-06,1.3802135615e-03,6.7693922426e-05,5.6742457759e-06,6.3024550468e-06,1.2583764583e-03,6.6721575253e-05,1.0000000000e+00,4.1921888688e+00,2.0679115636e+00,4.1921888688e+00,1.0000000000e+00,1.0002857242e+00,1.0000955859e+00,1.0002857242e+00,1.9048396163e+03,1.9514409381e+03,1.9617624028e+00,nan,3.7761723364e+00,3.8685552441e+00,3.8890166147e-03,nan,2.0782673134e+01,2.7878363833e-01,2.6788706698e+00,4.1909914012e+00,1.6565886968e-01,9.1172590485e-01,5.6614960853e-02,6.4284369974e-02,-9.6935375639e-03,5.6185094725e-01,3.2279036298e-01,372919,40,44,55,1.2583764583e-03,5.7511972146e-01,4.6501571884e-01,2.5375561572e-02,-3.6482656374e+00,-2.7555712037e+03,-1.4404401530e-01,-2.7557152477e+03,-1.1117791295e-05,447024,48,48,48,-6.0549307115e-05,9.7668361190e-01,5.3662281303e-01,7.2549382031e-02,-2.5481720895e+00,-1.4891692357e+00,-3.6426334506e-02,-1.5255955702e+00,1.5607567002e-05,2.5362190838e-02,7.2564989598e-02,2.0842976411e-06,5.7524863437e-03,0,0,0,2.3958248488e-04,3.1921888688e+00,3.1924284512e+00,9.3176175816e-07,2.8572417675e-04,2.8665593851e-04,4.7495061735e-03,2.3958248488e+00
375,3.7500000000e-02,1.0000000000e-04,-9.2118746529e-02,1.3415580003e-01,1.5256316580e+00,2.6038604179e-01,-2.1509340351e-01,2.1509340351e-01,1.4892648999e+00,3.3701368766e-01,1.2297465698e-01,1.2303652681e-01,1.9245008898e-01,1.3133541546e-01,0.0000000000e+00,0.0000000000e+00,0.0000000000e+00,0.0000000000e+00,2.2070038198e-05,3.2141379933e-05,3.6551462364e-04,6.2383934921e-05,2.2070038198e-05,2.2602931387e-05,6.0283292148e-05,2.4897291784e-05,-1.0835669361e+01,1.0835697282e+01,2.9058085990e+03,1.4246512182e+02,-1.0835801766e+01,1.0835801766e+01,2.9058171878e+03,1.4246154688e+02,1.3240451077e-04,3.5386064194e-03,3.7754904894e-01,2.8703955438e-02,0.0000000000e+00,0.0000000000e+00,0.0000000000e+00,0.0000000000e+00,5.1464078526e-06,5.1464211136e-06,1.3801155880e-03,6.7663897559e-05,5.6725685475e-06,6.3020595801e-06,1.2572591142e-03,6.6686801731e-05,1.0000000000e+00,4.1921888688e+00,2.0679115636e+00,4.1921888688e+00,1.0000000000e+00,1.0002857242e+00,1.0000955859e+00,1.0002857242e+00,1.9046593480e+03,1.9511755014e+03,1.9618024130e+00,nan,3.7758149708e+00,3.8680290398e+00,3.8890959313e-03,nan,2.0855846942e+01,2.7881602932e-01,2.6784761294e+00,4.1909914012e+00,1.6492716912e-01,9.1098102589e-01,5.5282540657e-02,6.3147611827e-02,-9.6851491690e-03,5.6172512744e-01,3.2285125787e-01,373673,40,52,41,1.2572591142e-03,5.7637809792e-01,4.6499980934e-01,2.5364443781e-02,-3.6487152705e+00,-2.7508295097e+03,-1.4634272271e-01,-2.7509758524e+03,-1.1109875029e-05,447024,48,48,48,-6.0283292148e-05,9.7655488569e-01,5.3656226372e-01,7.2564989598e-02,-2.5479401538e+00,-1.4892648999e+00,-3.6366758115e-02,-1.5256316580e+00,1.5376357266e-05,2.5351081740e-02,7.2580365956e-02,2.0652393526e-06,5.7682823663e-03,0,0,0,2.3958248488e-04,3.1921888688e+00,3.1924284512e+00,9.3176175816e-07,2.8572417675e-04,2.8665593851e-04,4.7495061735e-03,2.3958248488e+00
376,3.7600000000e-02,1.0000000000e-04,-9.2111381276e-02,1.3415257647e-01,1.5256670258e+00,2.6035630599e-01,-2.1510201589e-01,2.1510201589e-01,1.4893595855e+00,3.3699194085e-01,1.2299063462e-01,1.2305230008e-01,1.9245008970e-01,1.3134828960e-01,0.0000000000e+00,0.0000000000e+00,0.0000000000e+00,0.0000000000e+00,2.2068273612e-05,3.2140607623e-05,3.6552309714e-04,6.2376810744e-05,2.2068273612e-05,2.2598889924e-05,6.0018899533e-05,2.4888013275e-05,-1.0829689092e+01,1.0829717022e+01,2.9055353151e+03,1.4240184206e+02,-1.0829820541e+01,1.0829820541e+01,2.9055415632e+03,1.4239826042e+02,1.3144861869e-04,3.5407501627e-03,3.7754918230e-01,2.8706187226e-02,0.0000000000e+00,0.0000000000e+00,0.0000000000e+00,0.0000000000e+00,5.1435675199e-06,5.1435807851e-06,1.3799857916e-03,6.7633842797e-05,5.6704569774e-06,6.3017701052e-06,1.2561274259e-03,6.6652017157e-05,1.0000000000e+00,4.1921888688e+00,2.0679115636e+00,4.1921888688e+00,1.0000000000e+00,1.0002857242e+00,1.0000955859e+00,1.0002857242e+00,1.9044360702e+03,1.9508663935e+03,1.9618030986e+00,nan,3.7753723429e+00,3.8674162612e+00,3.8890972905e-03,nan,2.0928864669e+01,2.7885308201e-01,2.6780770493e+00,4.1909914012e+00,1.6420001910e-01,9.1024663699e-01,5.4203415150e-02,6.2247879463e-02,-9.6760519084e-03,5.6160068335e-01,3.2290379142e-01,372905,40,44,41,1.2561274259e-03,5.7763535703e-01,4.6498396705e-01,2.5353333906e-02,-3.6491647751e+00,-2.7460245581e+03,-1.4863370212e-01,-2.7461731918e+03,-1.1102592832e-05,447024,48,48,48,-6.0018899533e-05,9.7642555663e-01,5.3650198043e-01,7.2580365956e-02,-2.5477116989e+00,-1.4893595855e+00,-3.6307440269e-02,-1.5256670258e+00,1.5152569405e-05,2.5339980023e-02,7.2595518525e-02,2.0461913759e-06,5.7838278298e-03,0,0,0,2.3958248488e-04,3.1921888688e+00,3.1924284512e+00,9.3176175816e-07,2.8572417675e-04,2.8665593851e-04,4.7495061735e-03,2.3958248488e+00
377,3.7700000000e-02,1.0000000000e-04,-9.2103986523e-02,1.3414933487e-01,1.5257016961e+00,2.6032652074e-01,-2.1511059659e-01,2.1511059659e-01,1.4894533167e+00,3.3697014485e-01,1.2300661007e-01,1.2306807202e-01,1.9245008959e-01,1.3136116549e-01,0.0000000000e+00,0.0000000000e+00,0.0000000000e+00,0.0000000000e+00,2.2066501959e-05,3.2139830994e-05,3.6553140354e-04,6.2369674720e-05,2.2066501959e-05,2.2594852456e-05,5.9756112769e-05,2.4878770873e-05,-1.0823697826e+01,1.0823725765e+01,2.9051950882e+03,1.4233850062e+02,-1.0823828329e+01,1.0823828329e+01,2.9051989962e+03,1.4233491236e+02,1.3050305697e-04,3.5428637293e-03,3.7755004744e-01,2.8708389466e-02,0.0000000000e+00,0.0000000000e+00,0.0000000000e+00,0.0000000000e+00,5.1407219643e-06,5.1407352343e-06,1.3798242007e-03,6.7603758740e-05,5.6684691573e-06,6.3010061178e-06,1.2557778715e-03,6.6617205871e-05,1.0000000000e+00,4.1921888688e+00,2.0679115636e+00,4.1921888688e+00,1.0000000000e+00,1.0002857242e+00,1.0000955859e+00,1.0002857242e+00,1.9041697965e+03,1.9505136305e+03,1.9618075952e+00,nan,3.7748444793e+00,3.8667169406e+00,3.8891062045e-03,nan,2.1015052909e+01,2.7886909773e-01,2.6776727118e+00,4.1909914012e+00,1.6347737073e-01,9.1009990321e-01,5.3347202505e-02,6.1554358721e-02,-9.6621755434e-03,5.6148455029e-01,3.2294868526e-01,502985,54,55,41,1.2557778715e-03,4.9172979035e-01,4.6260962353e-01,2.5345866695e-02,-3.6494670058e+00,-2.9038216758e+03,1.6220121813e-02,-2.9038054557e+03,-1.1102160656e-05,447024,48,48,48,-5.9756112769e-05,9.7629587276e-01,5.3644196153e-01,7.2595518525e-02,-2.5474866126e+00,-1.4894533167e+00,-3.6248379419e-02,-1.5257016961e+00,1.4935708633e-05,2.5328885153e-02,7.2610454234e-02,2.0271657194e-06,5.7991184069e-03,0,0,0,2.3958248488e-04,3.1921888688e+00,3.1924284512e+00,9.3176175816e-07,2.8572417675e-04,2.8665593851e-04,4.7495061735e-03,2.3958248488e+00
378,3.7800000000e-02,1.0000000000e-04,-9.2096565393e-02,1.3414607820e-01,1.5257356900e+00,2.6029668975e-01,-2.1511914873e-01,2.1511914873e-01,1.4895461159e+00,3.3694830415e-01,1.2302258333e-01,1.2308384261e-01,1.9245008945e-01,1.3137404313e-01,0.0000000000e+00,0.0000000000e+00,0.0000000000e+00,0.0000000000e+00,2.2064723986e-05,3.2139050752e-05,3.6553954787e-04,6.2362527738e-05,2.2064723986e-05,2.2590819704e-05,5.9494915677e-05,2.4869565324e-05,-1.0817695589e+01,1.0817723525e+01,2.9047879909e+03,1.4227509863e+02,-1.0817825158e+01,1.0817825158e+01,2.9047895594e+03,1.4227150385e+02,1.2956832314e-04,3.5449476725e-03,3.7754763421e-01,2.8710561809e-02,0.0000000000e+00,0.0000000000e+00,0.0000000000e+00,0.0000000000e+00,5.1378711985e-06,5.1378844663e-06,1.3796308495e-03,6.7573645927e-05,5.6671855410e-06,6.2993144880e-06,1.2560124008e-03,6.6582103943e-05,1.0000000000e+00,4.1921888688e+00,2.0679115636e+00,4.1921888688e+00,1.0000000000e+00,1.0002857242e+00,1.0000955859e+00,1.0002857242e+00,1.9038605507e+03,1.9501172393e+03,1.9617950570e+00,nan,3.7742314273e+00,3.8659311309e+00,3.8890813487e-03,nan,2.1111256087e+01,2.7884399816e-01,2.6772524198e+00,4.1909914012e+00,1.6275917619e-01,9.1039744522e-01,5.2695192849e-02,6.1046623723e-02,-9.6485355928e-03,5.6136798387e-01,3.2296284184e-01,391049,42,41,41,1.2560124008e-03,4.9298556822e-01,4.6259534256e-01,2.5334764534e-02,-3.6499165190e+00,-2.9037820933e+03,1.3758257690e-02,-2.9037683351e+03,-1.1096384790e-05,447024,48,48,48,-5.9494915677e-05,9.7616597224e-01,5.3638220542e-01,7.2610454234e-02,-2.5472647901e+00,-1.4895461159e+00,-3.6189574031e-02,-1.5257356900e+00,1.4725234083e-05,2.5317796730e-02,7.2625179468e-02,2.0081617913e-06,5.8141279450e-03,0,0,0,2.3958248488e-04,3.1921888688e+00,3.1924284512e+00,9.3176175816e-07,2.8572417675e-04,2.8665593851e-04,4.7495061735e-03,2.3958248488e+00
379,3.7900000000e-02,1.0000000000e-04,-9.2089120894e-02,1.3414281064e-01,1.5257690270e+00,2.6026681669e-01,-2.1512767531e-01,2.1512767531e-01,1.4896380044e+00,3.3692642318e-01,1.2303855442e-01,1.2309961187e-01,1.9245008792e-01,1.3138692249e-01,0.0000000000e+00,0.0000000000e+00,0.0000000000e+00,0.0000000000e+00,2.2062940414e-05,3.2138267903e-05,3.6554753484e-04,6.2355370676e-05,2.2062940414e-05,2.2586792354e-05,5.9235292421e-05,2.4860397328e-05,-1.0811682515e+01,1.0811710438e+01,2.9043141006e+03,1.4221163776e+02,-1.0811811162e+01,1.0811811162e+01,2.9043133304e+03,1.4220803655e+02,1.2864719464e-04,3.5470883812e-03,3.7753970811e-01,2.8712704154e-02,0.0000000000e+00,0.0000000000e+00,0.0000000000e+00,0.0000000000e+00,5.1350152849e-06,5.1350285473e-06,1.3794057751e-03,6.7543505148e-05,5.6666043984e-06,6.2966753877e-06,1.2562792022e-03,6.6546896918e-05,1.0000000000e+00,4.1921888688e+00,2.0679115636e+00,4.1921888688e+00,1.0000000000e+00,1.0002857242e+00,1.0000955859e+00,1.0002857242e+00,1.9035083615e+03,1.9496772517e+03,1.9617538875e+00,nan,3.7735332443e+00,3.8650588952e+00,3.8889997338e-03,nan,2.1208289025e+01,2.7877687495e-01,2.6768235455e+00,4.1909914012e+00,1.6204538884e-01,9.1073941031e-01,5.2197784799e-02,6.0687091911e-02,-9.6301059200e-03,5.6125158885e-01,3.2294284882e-01,512119,55,54,55,1.2562792022e-03,4.9424158063e-01,4.6258112274e-01,2.5323668150e-02,-3.6503659901e+00,-2.9036684907e+03,1.1295412831e-02,-2.9036571953e+03,-1.1090922872e-05,447024,48,48,48,-5.9235292421e-05,9.7603593837e-01,5.3632271050e-01,7.2625179468e-02,-2.5470461347e+00,-1.4896380044e+00,-3.6131022587e-02,-1.5257690270e+00,1.4520602539e-05,2.5306714390e-02,7.2639700070e-02,1.9891122220e-06,5.8288538498e-03,0,0,0,2.3958248488e-04,3.1921888688e+00,3.1924284512e+00,9.3176175816e-07,2.8572417675e-04,2.8665593851e-04,4.7495061735e-03,2.3958248488e+00
380,3.8000000000e-02,1.0000000000e-04,-9.2081655914e-02,1.3413953135e-01,1.5258017251e+00,2.6023690522e-01,-2.1513617923e-01,2.1513617923e-01,1.4897290015e+00,3.3690450626e-01,1.2305452332e-01,1.2311537978e-01,1.9245008973e-01,1.3139980357e-01,0.0000000000e+00,0.0000000000e+00,0.0000000000e+00,0.0000000000e+00,2.2061151936e-05,3.2137482242e-05,3.6555536874e-04,6.2348204411e-05,2.2061151936e-05,2.2582771057e-05,5.8977227504e-05,2.4851267537e-05,-1.0805658699e+01,1.0805686621e+01,2.9037735114e+03,1.4214811598e+02,-1.0805786442e+01,1.0805786442e+01,2.9037704033e+03,1.4214450842e+02,1.2774249613e-04,3.5493752537e-03,3.7753226535e-01,2.8714817607e-02,0.0000000000e+00,0.0000000000e+00,0.0000000000e+00,0.0000000000e+00,5.1321542700e-06,5.1321675316e-06,1.3791490219e-03,6.7513335438e-05,5.6656772196e-06,6.2951248662e-06,1.2565624394e-03,6.6511632616e-05,1.0000000000e+00,4.1921888688e+00,2.0679115636e+00,4.1921888688e+00,1.0000000000e+00,1.0002857242e+00,1.0000955859e+00,1.0002857242e+00,1.9031132706e+03,1.9491937126e+03,1.9617151952e+00,nan,3.7727500121e+00,3.8641003226e+00,3.8889230300e-03,nan,2.1305891995e+01,2.7875785705e-01,2.6763879354e+00,4.1909914012e+00,1.6133596316e-01,9.1111433169e-01,5.1845991286e-02,6.0474151386e-02,-9.6183666470e-03,5.6113241859e-01,3.2297441418e-01,502999,54,55,55,1.2565624394e-03,4.9549785983e-01,4.6256696381e-01,2.5312577227e-02,-3.6508154318e+00,-2.9034808418e+03,8.8316169675e-03,-2.9034720102e+03,-1.1085621847e-05,447024,48,48,48,-5.8977227504e-05,9.7590574898e-01,5.3626347521e-01,7.2639700070e-02,-2.5468305578e+00,-1.4897290015e+00,-3.6072723583e-02,-1.5258017251e+00,1.4321292842e-05,2.5295637922e-02,7.2654021363e-02,1.9700344728e-06,5.8432987439e-03,0,0,0,2.3958248488e-04,3.1921888688e+00,3.1924284512e+00,9.3176175816e-07,2.8572417675e-04,2.8665593851e-04,4.7495061735e-03,2.3958248488e+00
381,3.8100000000e-02,1.0000000000e-04,-9.2074173227e-02,1.3413624127e-01,1.5258338009e+00,2.6020695900e-01,-2.1514466327e-01,2.1514466327e-01,1.4898191254e+00,3.3688255764e-01,1.2307049004e-01,1.2313114634e-01,1.9245008881e-01,1.3141268634e-01,0.0000000000e+00,0.0000000000e+00,0.0000000000e+00,0.0000000000e+00,2.2059359215e-05,3.2136693996e-05,3.6556305354e-04,6.2341029822e-05,2.2059359215e-05,2.2578757800e-05,5.8720705754e-05,2.4842176556e-05,-1.0799624272e+01,1.0799652195e+01,2.9032127549e+03,1.4208453148e+02,-1.0799751125e+01,1.0799751125e+01,2.9032191219e+03,1.4208091767e+02,1.2685293548e-04,3.5516368235e-03,3.7754498425e-01,2.8716903341e-02,0.0000000000e+00,0.0000000000e+00,0.0000000000e+00,0.0000000000e+00,5.1292882153e-06,5.1293014769e-06,1.3788826903e-03,6.7483135941e-05,5.6644067807e-06,6.2945558654e-06,1.2567966279e-03,6.6476487373e-05,1.0000000000e+00,4.1921888688e+00,2.0679115636e+00,4.1921888688e+00,1.0000000000e+00,1.0002857242e+00,1.0000955859e+00,1.0002857242e+00,1.9027057555e+03,1.9487057673e+03,1.9617812939e+00,nan,3.7719421504e+00,3.8631330152e+00,3.8890540647e-03,nan,2.1402955086e+01,2.7878220410e-01,2.6759526173e+00,4.1909914012e+00,1.6063085475e-01,9.1146015303e-01,5.1612531912e-02,6.0379110558e-02,-9.6067633437e-03,5.6101191537e-01,3.2302454359e-01,510953,55,42,41,1.2567966279e-03,4.9675442227e-01,4.6255286548e-01,2.5301491605e-02,-3.6512648503e+00,-2.9032191219e+03,6.3669309686e-03,-2.9032127549e+03,-1.1080201692e-05,447024,48,48,48,-5.8720705754e-05,9.7577537057e-01,5.3620449798e-01,7.2654021363e-02,-2.5466179789e+00,-1.4898191254e+00,-3.6014675531e-02,-1.5258338009e+00,1.4126824190e-05,2.5284567350e-02,7.2668148187e-02,1.9510891730e-06,5.8574761646e-03,0,0,0,2.3958248488e-04,3.1921888688e+00,3.1924284512e+00,9.3176175816e-07,2.8572417675e-04,2.8665593851e-04,4.7495061735e-03,2.3958248488e+00
382,3.8200000000e-02,1.0000000000e-04,-9.2066675484e-02,1.3413294897e-01,1.5258652694e+00,2.6017698171e-01,-2.1515313007e-01,2.1515313007e-01,1.4899083925e+00,3.3686058149e-01,1.2308645458e-01,1.2314691155e-01,1.9245008902e-01,1.3142557080e-01,0.0000000000e+00,0.0000000000e+00,0.0000000000e+00,0.0000000000e+00,2.2057562887e-05,3.2135905218e-05,3.6557059285e-04,6.2333847787e-05,2.2057562887e-05,2.2574751847e-05,5.8465712312e-05,2.4833124936e-05,-1.0793579316e+01,1.0793607227e+01,2.9028794133e+03,1.4202088843e+02,-1.0793705293e+01,1.0793705293e+01,2.9028833148e+03,1.4201726846e+02,1.2597715842e-04,3.5540251914e-03,3.7754997389e-01,2.8718960272e-02,0.0000000000e+00,0.0000000000e+00,0.0000000000e+00,0.0000000000e+00,5.1264171596e-06,5.1264304158e-06,1.3787243694e-03,6.7452908635e-05,5.6631785946e-06,6.2940041949e-06,1.2569932839e-03,6.6441345654e-05,1.0000000000e+00,4.1921888688e+00,2.0679115636e+00,4.1921888688e+00,1.0000000000e+00,1.0002857242e+00,1.0000955859e+00,1.0002857242e+00,1.9024480545e+03,1.9483636239e+03,1.9618072187e+00,nan,3.7714312814e+00,3.8624547468e+00,3.8891054582e-03,nan,2.1499665945e+01,2.7880723729e-01,2.6755128815e+00,4.1909914012e+00,1.5993002024e-01,9.1170745351e-01,5.1475315457e-02,6.0372355839e-02,-9.5950197716e-03,5.6088915210e-01,3.2307153402e-01,381929,41,42,41,1.2569932839e-03,4.9801121889e-01,4.6253882748e-01,2.5290411403e-02,-3.6517142408e+00,-2.9028833148e+03,3.9015442751e-03,-2.9028794133e+03,-1.1074541942e-05,447024,48,48,48,-5.8465712312e-05,9.7564484866e-01,5.3614577728e-01,7.2668148187e-02,-2.5464083244e+00,-1.4899083925e+00,-3.5956876957e-02,-1.5258652694e+00,1.3936758320e-05,2.5273502814e-02,7.2682084946e-02,1.9322602649e-06,5.8713999197e-03,0,0,0,2.3958248488e-04,3.1921888688e+00,3.1924284512e+00,9.3176175816e-07,2.8572417675e-04,2.8665593851e-04,4.7495061735e-03,2.3958248488e+00
383,3.8300000000e-02,1.0000000000e-04,-9.2059165212e-02,1.3412965315e-01,1.5258961446e+00,2.6014697700e-01,-2.1516158216e-01,2.1516158216e-01,1.4899968182e+00,3.3683858190e-01,1.2310241695e-01,1.2316267540e-01,1.9245008729e-01,1.3143845692e-01,0.0000000000e+00,0.0000000000e+00,0.0000000000e+00,0.0000000000e+00,2.2055763558e-05,3.2135115598e-05,3.6557799000e-04,6.2326659183e-05,2.2055763558e-05,2.2570753674e-05,5.8212232620e-05,2.4824113177e-05,-1.0787524003e+01,1.0787551895e+01,2.9024719905e+03,1.4195719079e+02,-1.0787649118e+01,1.0787649118e+01,2.9024734261e+03,1.4195356476e+02,1.2511532970e-04,3.5564863358e-03,3.7754841474e-01,2.8720987754e-02,0.0000000000e+00,0.0000000000e+00,0.0000000000e+00,0.0000000000e+00,5.1235411848e-06,5.1235544322e-06,1.3785308637e-03,6.7422655404e-05,5.6623457738e-06,6.2932601396e-06,1.2571481527e-03,6.6406119246e-05,1.0000000000e+00,4.1921888688e+00,2.0679115636e+00,4.1921888688e+00,1.0000000000e+00,1.0002857242e+00,1.0000955859e+00,1.0002857242e+00,1.9021425546e+03,1.9479729021e+03,1.9617991348e+00,nan,3.7708256554e+00,3.8616801762e+00,3.8890894325e-03,nan,2.1595944635e+01,2.7882365961e-01,2.6750651180e+00,4.1909914012e+00,1.5923341725e-01,9.1194777411e-01,5.1381128864e-02,6.0413170004e-02,-9.5852739127e-03,5.6076236293e-01,3.2310812971e-01,392393,42,55,41,1.2571481527e-03,4.9926821218e-01,4.6252484953e-01,2.5279336861e-02,-3.6521635934e+00,-2.9024734261e+03,1.4356238770e-03,-2.9024719905e+03,-1.1068557756e-05,447024,48,48,48,-5.8212232620e-05,9.7551422066e-01,5.3608731157e-01,7.2682084946e-02,-2.5462015274e+00,-1.4899968182e+00,-3.5899326401e-02,-1.5258961446e+00,1.3750698759e-05,2.5262444528e-02,7.2695835644e-02,1.9135080077e-06,5.8850765052e-03,0,0,0,2.3958248488e-04,3.1921888688e+00,3.1924284512e+00,9.3176175816e-07,2.8572417675e-04,2.8665593851e-04,4.7495061735e-03,2.3958248488e+00
384,3.8400000000e-02,1.0000000000e-04,-9.2051644820e-02,1.3412636146e-01,1.5259264392e+00,2.6011694855e-01,-2.1517002196e-01,2.1517002196e-01,1.4900844167e+00,3.3681656290e-01,1.2311837714e-01,1.2317843790e-01,1.9245008961e-01,1.3145134470e-01,0.0000000000e+00,0.0000000000e+00,0.0000000000e+00,0.0000000000e+00,2.2053961803e-05,3.2134326967e-05,3.6558524804e-04,6.2319464895e-05,2.2053961803e-05,2.2566763784e-05,5.7960252409e-05,2.4815141729e-05,-1.0781458693e+01,1.0781486574e+01,2.9019905084e+03,1.4189344262e+02,-1.0781582962e+01,1.0781582962e+01,2.9019894777e+03,1.4188981060e+02,1.2426900755e-04,3.5589785684e-03,3.7754790798e-01,2.8722985826e-02,0.0000000000e+00,0.0000000000e+00,0.0000000000e+00,0.0000000000e+00,5.1206604623e-06,5.1206737041e-06,1.3783021835e-03,6.7392378170e-05,5.6616959842e-06,6.2927261341e-06,1.2572803855e-03,6.6370808710e-05,1.0000000000e+00,4.1921888688e+00,2.0679115636e+00,4.1921888688e+00,1.0000000000e+00,1.0002857242e+00,1.0000955859e+00,1.0002857242e+00,1.9017892566e+03,1.9475336062e+03,1.9617964780e+00,nan,3.7701252741e+00,3.8608093118e+00,3.8890841657e-03,nan,2.1692113703e+01,2.7884929333e-01,2.6746092944e+00,4.1909914012e+00,1.5854100437e-01,9.1219501834e-01,5.1290724404e-02,6.0467346876e-02,-9.5734699375e-03,5.6063458497e-01,3.2312997770e-01,502985,54,55,41,1.2572803855e-03,5.0052536033e-01,4.6251093136e-01,2.5268268303e-02,-3.6526128949e+00,-2.9019894777e+03,-1.0306547828e-03,-2.9019905084e+03,-1.1062176179e-05,447024,48,48,48,-5.7960252409e-05,9.7538352571e-01,5.3602909933e-01,7.2695835644e-02,-2.5459975271e+00,-1.4900844167e+00,-3.5842022415e-02,-1.5259264392e+00,1.3568284975e-05,2.5251392871e-02,7.2709403929e-02,1.8948150369e-06,5.8985012817e-03,0,0,0,2.3958248488e-04,3.1921888688e+00,3.1924284512e+00,9.3176175816e-07,2.8572417675e-04,2.8665593851e-04,4.7495061735e-03,2.3958248488e+00
385,3.8500000000e-02,1.0000000000e-04,-9.2044116592e-02,1.3412307216e-01,1.5259561648e+00,2.6008690008e-01,-2.1517845175e-01,2.1517845175e-01,1.4901712013e+00,3.3679452845e-01,1.2313433516e-01,1.2319419903e-01,1.9245008931e-01,1.3146423412e-01,0.0000000000e+00,0.0000000000e+00,0.0000000000e+00,0.0000000000e+00,2.2052158172e-05,3.2133538907e-05,3.6559236979e-04,6.2312265807e-05,2.2052158172e-05,2.2562782641e-05,5.7709757699e-05,2.4806210986e-05,-1.0775383597e+01,1.0775411464e+01,2.9014537621e+03,1.4182964582e+02,-1.0775507036e+01,1.0775507036e+01,2.9014522503e+03,1.4182600791e+02,1.2343895845e-04,3.5616887224e-03,3.7754988189e-01,2.8724954762e-02,0.0000000000e+00,0.0000000000e+00,0.0000000000e+00,0.0000000000e+00,5.1177750916e-06,5.1177883269e-06,1.3780472555e-03,6.7362077842e-05,5.6604476936e-06,6.2926471846e-06,1.2574100692e-03,6.6335467224e-05,1.0000000000e+00,4.1921888688e+00,2.0679115636e+00,4.1921888688e+00,1.0000000000e+00,1.0002857242e+00,1.0000955859e+00,1.0002857242e+00,1.9014004655e+03,1.9470596720e+03,1.9618067377e+00,nan,3.7693545309e+00,3.8598697800e+00,3.8891045047e-03,nan,2.1788517563e+01,2.7889499645e-01,2.6741475053e+00,4.1909914012e+00,1.5785274111e-01,9.1245787410e-01,5.1158160341e-02,6.0497477623e-02,-9.5606842800e-03,5.6050835926e-01,3.2318509706e-01,392393,42,55,41,1.2574100692e-03,5.0178264072e-01,4.6249707270e-01,2.5257206127e-02,-3.6530621289e+00,-2.9014315068e+03,-3.4971537553e-03,-2.9014350040e+03,-1.1055333017e-05,447024,48,48,48,-5.7709757699e-05,9.7525278805e-01,5.3597113908e-01,7.2709403929e-02,-2.5457962678e+00,-1.4901712013e+00,-3.5784963566e-02,-1.5259561648e+00,1.3389134963e-05,2.5240348460e-02,7.2722793064e-02,1.8761874633e-06,5.9116638214e-03,0,0,0,2.3958248488e-04,3.1921888688e+00,3.1924284512e+00,9.3176175816e-07,2.8572417675e-04,2.8665593851e-04,4.7495061735e-03,2.3958248488e+00
386,3.8600000000e-02,1.0000000000e-04,-9.2036582694e-02,1.3411978401e-01,1.5259853322e+00,2.6005683530e-01,-2.1518687369e-01,2.1518687369e-01,1.4902571838e+00,3.3677248244e-01,1.2315029100e-01,1.2320995881e-01,1.9245008967e-01,1.3147712516e-01,0.0000000000e+00,0.0000000000e+00,0.0000000000e+00,0.0000000000e+00,2.2050353182e-05,3.2132751124e-05,3.6559935779e-04,6.2305062812e-05,2.2050353182e-05,2.2558810667e-05,5.7460734833e-05,2.4797321288e-05,-1.0769298923e+01,1.0769326775e+01,2.9008870376e+03,1.4176580163e+02,-1.0769421546e+01,1.0769421546e+01,2.9008831441e+03,1.4176215791e+02,1.2262287942e-04,3.5644669912e-03,3.7755001668e-01,2.8726895184e-02,0.0000000000e+00,0.0000000000e+00,0.0000000000e+00,0.0000000000e+00,5.1148851717e-06,5.1148984003e-06,1.3777780894e-03,6.7331755003e-05,5.6592555093e-06,6.2905223426e-06,1.2575187715e-03,6.6299615776e-05,1.0000000000e+00,4.1921888688e+00,2.0679115636e+00,4.1921888688e+00,1.0000000000e+00,1.0002857242e+00,1.0000955859e+00,1.0002857242e+00,1.9009927398e+03,1.9465654490e+03,1.9618074345e+00,nan,3.7685462516e+00,3.8588900277e+00,3.8891058859e-03,nan,2.1884836230e+01,2.7884991081e-01,2.6736603929e+00,4.1909914012e+00,1.5716858799e-01,9.1271503096e-01,5.1013176840e-02,6.0688650761e-02,-1.0146119022e-02,5.6021320380e-01,3.2312960250e-01,510953,55,42,41,1.2575187715e-03,5.0304005079e-01,4.6248327328e-01,2.5246150794e-02,-3.6535112765e+00,-2.9007995596e+03,-5.9637744368e-03,-2.9008055233e+03,-1.1047899233e-05,447024,48,48,48,-5.7460734833e-05,9.7512190147e-01,5.3591342932e-01,7.2722793064e-02,-2.5455976999e+00,-1.4902571838e+00,-3.5728148436e-02,-1.5259853322e+00,1.3212942981e-05,2.5229311897e-02,7.2736006007e-02,1.8577134649e-06,5.9245861367e-03,0,0,0,2.3958248488e-04,3.1921888688e+00,3.1924284512e+00,9.3176175816e-07,2.8572417675e-04,2.8665593851e-04,4.7495061735e-03,2.3958248488e+00
387,3.8700000000e-02,1.0000000000e-04,-9.2029045165e-02,1.3411649855e-01,1.5260139511e+00,2.6002675793e-01,-2.1519528984e-01,2.1519528984e-01,1.4903423755e+00,3.3675042868e-01,1.2316624467e-01,1.2322571721e-01,1.9245008957e-01,1.3149001782e-01,0.0000000000e+00,0.0000000000e+00,0.0000000000e+00,0.0000000000e+00,2.2048547322e-05,3.2131963985e-05,3.6560621438e-04,6.2297856801e-05,2.2048547322e-05,2.2554848249e-05,5.7213170416e-05,2.4788472923e-05,-1.0763204993e+01,1.0763232841e+01,2.9002513875e+03,1.4170191565e+02,-1.0763326814e+01,1.0763326814e+01,2.9002451126e+03,1.4169826622e+02,1.2182097932e-04,3.5672258342e-03,3.7754544709e-01,2.8728806537e-02,0.0000000000e+00,0.0000000000e+00,0.0000000000e+00,0.0000000000e+00,5.1119908560e-06,5.1120040827e-06,1.3774761870e-03,6.7301412320e-05,5.6570421615e-06,6.2901007648e-06,1.2576171515e-03,6.6263702882e-05,1.0000000000e+00,4.1921888688e+00,2.0679115636e+00,4.1921888688e+00,1.0000000000e+00,1.0002857242e+00,1.0000955859e+00,1.0002857242e+00,1.9005405457e+03,1.9460260678e+03,1.9617836912e+00,nan,3.7676498177e+00,3.8578207531e+00,3.8890588170e-03,nan,2.1981252610e+01,2.7888020772e-01,2.6731659948e+00,4.1909914012e+00,1.5648850639e-01,9.1298649186e-01,5.0617131869e-02,6.0548107104e-02,-1.0247530176e-02,5.6008055378e-01,3.2317274859e-01,512105,55,54,41,1.2576171515e-03,5.0429756956e-01,4.6246953283e-01,2.5235102895e-02,-3.6539603135e+00,-2.9000936966e+03,-8.4303820149e-03,-2.9001021270e+03,-1.1039774839e-05,447024,48,48,48,-5.7213170416e-05,9.7499074143e-01,5.3585596859e-01,7.2736006007e-02,-2.5454017779e+00,-1.4903423755e+00,-3.5671575615e-02,-1.5260139511e+00,1.3039245251e-05,2.5218284385e-02,7.2749045253e-02,1.8390698206e-06,5.9372507833e-03,0,0,0,2.3958248488e-04,3.1921888688e+00,3.1924284512e+00,9.3176175816e-07,2.8572417675e-04,2.8665593851e-04,4.7495061735e-03,2.3958248488e+00
388,3.8800000000e-02,1.0000000000e-04,-9.2021505928e-02,1.3411321911e-01,1.5260420300e+00,2.5999667173e-01,-2.1520370210e-01,2.1520370210e-01,1.4904267863e+00,3.3672837094e-01,1.2318219617e-01,1.2324147424e-01,1.9245008942e-01,1.3150291207e-01,0.0000000000e+00,0.0000000000e+00,0.0000000000e+00,0.0000000000e+00,2.2046741053e-05,3.2131178290e-05,3.6561294159e-04,6.2290648673e-05,2.2046741053e-05,2.2550895729e-05,5.6967051469e-05,2.4779666126e-05,-1.0757102243e+01,1.0757130092e+01,2.8995469337e+03,1.4163799072e+02,-1.0757223272e+01,1.0757223272e+01,2.8995382781e+03,1.4163433566e+02,1.2102957748e-04,3.5699618285e-03,3.7753331643e-01,2.8730690654e-02,0.0000000000e+00,0.0000000000e+00,0.0000000000e+00,0.0000000000e+00,5.1090923511e-06,5.1091055782e-06,1.3771416062e-03,6.7271051133e-05,5.6544912021e-06,6.2902185934e-06,1.2576949741e-03,6.6227895173e-05,1.0000000000e+00,4.1921888688e+00,2.0679115636e+00,4.1921888688e+00,1.0000000000e+00,1.0002857242e+00,1.0000955859e+00,1.0002857242e+00,1.9000439547e+03,1.9454416042e+03,1.9617206599e+00,nan,3.7666653708e+00,3.8566621070e+00,3.8889338632e-03,nan,2.2077585932e+01,2.7893431236e-01,2.6726710052e+00,4.1909914012e+00,1.5581245899e-01,9.1326481489e-01,4.9933425888e-02,6.0122524221e-02,-1.0106999416e-02,5.6001635850e-01,3.2324594264e-01,383081,41,54,41,1.2576949741e-03,5.0555518671e-01,4.6245585109e-01,2.5224063120e-02,-3.6544092116e+00,-2.8993139891e+03,-1.0896862547e-02,-2.8993248860e+03,-1.1030851890e-05,447024,48,48,48,-5.6967051469e-05,9.7486711414e-01,5.3579875542e-01,7.2749045253e-02,-2.5452084637e+00,-1.4904267863e+00,-3.5615243711e-02,-1.5260420300e+00,1.2867975002e-05,2.5207266764e-02,7.2761913228e-02,1.8205713804e-06,5.9496611217e-03,0,0,0,2.3958248488e-04,3.1921888688e+00,3.1924284512e+00,9.3176175816e-07,2.8572417675e-04,2.8665593851e-04,4.7495061735e-03,2.3958248488e+00
389,3.8900000000e-02,1.0000000000e-04,-9.2013966781e-02,1.3410995101e-01,1.5260695771e+00,2.5996658043e-01,-2.1521211228e-01,2.1521211228e-01,1.4905104258e+00,3.3670631287e-01,1.2319814550e-01,1.2325722991e-01,1.9245008784e-01,1.3151580790e-01,0.0000000000e+00,0.0000000000e+00,0.0000000000e+00,0.0000000000e+00,2.2044934805e-05,3.2130395311e-05,3.6561954139e-04,6.2283439325e-05,2.2044934805e-05,2.2546953415e-05,5.6722365067e-05,2.4770901076e-05,-1.0750990920e+01,1.0751018781e+01,2.8987737981e+03,1.4157403146e+02,-1.0751111168e+01,1.0751111168e+01,2.8987627624e+03,1.4157037087e+02,1.2024738929e-04,3.5726715385e-03,3.7751357787e-01,2.8732547150e-02,0.0000000000e+00,0.0000000000e+00,0.0000000000e+00,0.0000000000e+00,5.1061897748e-06,5.1062030074e-06,1.3767744050e-03,6.7240673641e-05,5.6525029123e-06,6.2901743157e-06,1.2577383202e-03,6.6192236935e-05,1.0000000000e+00,4.1921888688e+00,2.0679115636e+00,4.1921888688e+00,1.0000000000e+00,1.0002857242e+00,1.0000955859e+00,1.0002857242e+00,1.8995030381e+03,1.9448121343e+03,1.9616181115e+00,nan,3.7655930526e+00,3.8554142398e+00,3.8887305703e-03,nan,2.2173587415e+01,2.7898111997e-01,2.6721771942e+00,4.1909914012e+00,1.5514040867e-01,9.1353987672e-01,4.8947477209e-02,5.9494058352e-02,-1.0023333303e-02,5.5992502359e-01,3.2331314605e-01,512119,55,54,55,1.2577383202e-03,5.0681288168e-01,4.6244222781e-01,2.5213032268e-02,-3.6548579381e+00,-2.8984605231e+03,-1.3363081987e-02,-2.8984738862e+03,-1.1020999779e-05,447024,48,48,48,-5.6722365067e-05,9.7475358577e-01,5.3574178837e-01,7.2761913228e-02,-2.5450177200e+00,-1.4905104258e+00,-3.5559151340e-02,-1.5260695771e+00,1.2699129841e-05,2.5196259639e-02,7.2774612357e-02,1.8023379381e-06,5.9618279526e-03,0,0,0,2.3958248488e-04,3.1921888688e+00,3.1924284512e+00,9.3176175816e-07,2.8572417675e-04,2.8665593851e-04,4.7495061735e-03,2.3958248488e+00
390,3.9000000000e-02,1.0000000000e-04,-9.2006429390e-02,1.3410669355e-01,1.5260966006e+00,2.5993648773e-01,-2.1522052205e-01,2.1522052205e-01,1.4905933035e+00,3.3668425805e-01,1.2321409266e-01,1.2327298419e-01,1.9245008950e-01,1.3152870531e-01,0.0000000000e+00,0.0000000000e+00,0.0000000000e+00,0.0000000000e+00,2.2043128979e-05,3.2129614880e-05,3.6562601575e-04,6.2276229643e-05,2.2043128978e-05,2.2543021576e-05,5.6479098366e-05,2.4762177903e-05,-1.0744871289e+01,1.0744899170e+01,2.8979321022e+03,1.4151004330e+02,-1.0744990765e+01,1.0744990765e+01,2.8979186871e+03,1.4150637726e+02,1.1947653003e-04,3.5753557868e-03,3.7748618463e-01,2.8734375067e-02,0.0000000000e+00,0.0000000000e+00,0.0000000000e+00,0.0000000000e+00,5.1032832518e-06,5.1032964943e-06,1.3763746410e-03,6.7210282425e-05,5.6504512198e-06,6.2902282396e-06,1.2577347254e-03,6.6156674477e-05,1.0000000000e+00,4.1921888688e+00,2.0679115636e+00,4.1921888688e+00,1.0000000000e+00,1.0002857242e+00,1.0000955859e+00,1.0002857242e+00,1.8989178673e+03,1.9441377338e+03,1.9614757551e+00,nan,3.7644330044e+00,3.8540773017e+00,3.8884483616e-03,nan,2.2269029815e+01,2.7903217048e-01,2.6716823833e+00,4.1909914012e+00,1.5447231852e-01,9.1380259998e-01,4.7566091485e-02,5.8586775422e-02,-9.9578393289e-03,5.5982056462e-01,3.2337056194e-01,381929,41,42,41,1.2577347254e-03,5.0807062000e-01,4.6242866273e-01,2.5202011268e-02,-3.6553064549e+00,-2.8975334048e+03,-1.5828879000e-02,-2.8975492336e+03,-1.1010108681e-05,447024,48,48,48,-5.6479098366e-05,9.7464938498e-01,5.3568506600e-01,7.2774612357e-02,-2.5448295096e+00,-1.4905933035e+00,-3.5503297133e-02,-1.5260966006e+00,1.2532619930e-05,2.5185263689e-02,7.2787144977e-02,1.7843138281e-06,5.9737537817e-03,0,0,0,2.3958248488e-04,3.1921888688e+00,3.1924284512e+00,9.3176175816e-07,2.8572417675e-04,2.8665593851e-04,4.7495061735e-03,2.3958248488e+00
391,3.9100000000e-02,1.0000000000e-04,-9.1998895292e-02,1.3410344515e-01,1.5261231085e+00,2.5990639730e-01,-2.1522893294e-01,2.1522893294e-01,1.4906754288e+00,3.3666220992e-01,1.2323003765e-01,1.2328874236e-01,1.9245008973e-01,1.3154160427e-01,0.0000000000e+00,0.0000000000e+00,0.0000000000e+00,0.0000000000e+00,2.2041323941e-05,3.2128836621e-05,3.6563236657e-04,6.2269020502e-05,2.2041323941e-05,2.2539100443e-05,5.6237238751e-05,2.4753496686e-05,-1.0738743932e+01,1.0738771834e+01,2.8983957601e+03,1.4144603392e+02,-1.0738862648e+01,1.0738862648e+01,2.8984338568e+03,1.4144236252e+02,1.1871667194e-04,3.5780132728e-03,3.7745109067e-01,2.8736174032e-02,0.0000000000e+00,0.0000000000e+00,0.0000000000e+00,0.0000000000e+00,5.1003730599e-06,5.1003863123e-06,1.3765948556e-03,6.7179881130e-05,5.6485235992e-06,6.2899909609e-06,1.2577143908e-03,6.6121165473e-05,1.0000000000e+00,4.1921888688e+00,2.0679115636e+00,4.1921888688e+00,1.0000000000e+00,1.0002857242e+00,1.0000955859e+00,1.0002857242e+00,1.8991886984e+03,1.9443762209e+03,1.9612933993e+00,nan,3.7649699026e+00,3.8545500808e+00,3.8880868576e-03,nan,2.2364440693e+01,2.7907018636e-01,2.6711848557e+00,4.1909914012e+00,1.5380815238e-01,9.1364164677e-01,4.5685409944e-02,5.7330494318e-02,-9.9045099508e-03,5.5970750753e-01,3.2342872743e-01,502999,54,55,55,1.2577143908e-03,5.0932835473e-01,4.6241515560e-01,2.5191001160e-02,-3.6557547193e+00,-2.8965327628e+03,-1.8294067856e-02,-2.8965510568e+03,-1.0998174120e-05,447024,48,48,48,-5.6237238751e-05,9.7455374761e-01,5.3562858690e-01,7.2787144977e-02,-2.5446437966e+00,-1.4906754288e+00,-3.5447679731e-02,-1.5261231085e+00,1.2368325172e-05,2.5174279703e-02,7.2799513303e-02,1.7665263622e-06,5.9854356560e-03,0,0,0,2.3958248488e-04,3.1921888688e+00,3.1924284512e+00,9.3176175816e-07,2.8572417675e-04,2.8665593851e-04,4.7495061735e-03,2.3958248488e+00
392,3.9200000000e-02,1.0000000000e-04,-9.1991365892e-02,1.3410021096e-01,1.5261491083e+00,2.5987631271e-01,-2.1523734636e-01,2.1523734636e-01,1.4907568105e+00,3.3664017179e-01,1.2324598047e-01,1.2330449976e-01,1.9245008967e-01,1.3155450477e-01,0.0000000000e+00,0.0000000000e+00,0.0000000000e+00,0.0000000000e+00,2.2039520028e-05,3.2128061764e-05,3.6563859566e-04,6.2261812762e-05,2.2039520028e-05,2.2535190210e-05,5.5996773859e-05,2.4744857452e-05,-1.0732609187e+01,1.0732637112e+01,2.8989459814e+03,1.4138200896e+02,-1.0732727156e+01,1.0732727156e+01,2.8989817386e+03,1.4137833230e+02,1.1796825524e-04,3.5806438322e-03,3.7740825002e-01,2.8737943475e-02,0.0000000000e+00,0.0000000000e+00,0.0000000000e+00,0.0000000000e+00,5.0974593593e-06,5.0974726220e-06,1.3768561835e-03,6.7149472437e-05,5.6464570356e-06,6.2897892996e-06,1.2576945961e-03,6.6085640861e-05,1.0000000000e+00,4.1921888688e+00,2.0679115636e+00,4.1921888688e+00,1.0000000000e+00,1.0002857242e+00,1.0000955859e+00,1.0002857242e+00,1.8995168727e+03,1.9446375949e+03,1.9610707933e+00,nan,3.7656204784e+00,3.8550682313e+00,3.8876455614e-03,nan,2.2460125994e+01,2.7910966098e-01,2.6706818170e+00,4.1909914012e+00,1.5314787477e-01,9.1345386046e-01,4.3217730789e-02,5.5672890267e-02,-9.8767540056e-03,5.5958256282e-01,3.2347589483e-01,383081,41,54,41,1.2576945961e-03,5.1058606912e-01,4.6240170619e-01,2.5180002986e-02,-3.6562026883e+00,-2.8954587250e+03,-2.0758522087e-02,-2.8954794836e+03,-1.0985204189e-05,447024,48,48,48,-5.5996773859e-05,9.7446602002e-01,5.3557234966e-01,7.2799513303e-02,-2.5444605472e+00,-1.4907568105e+00,-3.5392297789e-02,-1.5261491083e+00,1.2206143089e-05,2.5163308614e-02,7.2811719446e-02,1.7489720282e-06,5.9968710920e-03,0,0,0,2.3958248488e-04,3.1921888688e+00,3.1924284512e+00,9.3176175816e-07,2.8572417675e-04,2.8665593851e-04,4.7495061735e-03,2.3958248488e+00
393,3.9300000000e-02,1.0000000000e-04,-9.1983842463e-02,1.3409699742e-01,1.5261746072e+00,2.5984623748e-01,-2.1524576359e-01,2.1524576359e-01,1.4908374572e+00,3.3661814685e-01,1.2326192113e-01,1.2332025575e-01,1.9245008968e-01,1.3156740680e-01,0.0000000000e+00,0.0000000000e+00,0.0000000000e+00,0.0000000000e+00,2.2037717546e-05,3.2127291857e-05,3.6564470476e-04,6.2254607264e-05,2.2037717546e-05,2.2531291037e-05,5.5757691550e-05,2.4736260181e-05,-1.0726467397e+01,1.0726495342e+01,2.8994292618e+03,1.4131797391e+02,-1.0726584627e+01,1.0726584627e+01,2.8994626781e+03,1.4131429207e+02,1.1723070530e-04,3.5832464871e-03,3.7742392400e-01,2.8739682930e-02,0.0000000000e+00,0.0000000000e+00,0.0000000000e+00,0.0000000000e+00,5.0945423120e-06,5.0945555849e-06,1.3770857179e-03,6.7119058950e-05,5.6441641492e-06,6.2895165632e-06,1.2576651885e-03,6.6050113651e-05,1.0000000000e+00,4.1921888688e+00,2.0679115636e+00,4.1921888688e+00,1.0000000000e+00,1.0002857242e+00,1.0000955859e+00,1.0002857242e+00,1.8998017974e+03,1.9448549968e+03,1.9611522376e+00,nan,3.7661853158e+00,3.8554992108e+00,3.8878070173e-03,nan,2.2555904908e+01,2.7914585777e-01,2.6701737922e+00,4.1909914012e+00,1.5249145092e-01,9.1328024987e-01,4.0030047422e-02,5.3530873234e-02,-9.8583209614e-03,5.5945272396e-01,3.2352118231e-01,381929,41,42,41,1.2576651885e-03,5.1184376372e-01,4.6238831426e-01,2.5169017782e-02,-3.6566503194e+00,-2.8943114164e+03,-2.3222149115e-02,-2.8943346385e+03,-1.0971171076e-05,447024,48,48,48,-5.5757691550e-05,9.7438561629e-01,5.3551635289e-01,7.2811719446e-02,-2.5442797287e+00,-1.4908374572e+00,-3.5337149972e-02,-1.5261746072e+00,1.2045900285e-05,2.5152351434e-02,7.2823765346e-02,1.7316050810e-06,6.0080518218e-03,0,0,0,2.3958248488e-04,3.1921888688e+00,3.1924284512e+00,9.3176175816e-07,2.8572417675e-04,2.8665593851e-04,4.7495061735e-03,2.3958248488e+00
394,3.9400000000e-02,1.0000000000e-04,-9.1976326145e-02,1.3409380191e-01,1.5261996120e+00,2.5981617503e-01,-2.1525418575e-01,2.1525418575e-01,1.4909173771e+00,3.3659613814e-01,1.2327785961e-01,1.2333601032e-01,1.9245008970e-01,1.3158031034e-01,0.0000000000e+00,0.0000000000e+00,0.0000000000e+00,0.0000000000e+00,2.2035916768e-05,3.2126526269e-05,3.6565069548e-04,6.2247404827e-05,2.2035916768e-05,2.2527403044e-05,5.5519979965e-05,2.4727704803e-05,-1.0720318912e+01,1.0720346882e+01,2.8998456442e+03,1.4125393206e+02,-1.0720435415e+01,1.0720435415e+01,2.8998767184e+03,1.4125024512e+02,1.1650314527e-04,3.5858201180e-03,3.7746181885e-01,2.8741392851e-02,0.0000000000e+00,0.0000000000e+00,0.0000000000e+00,0.0000000000e+00,5.0916220855e-06,5.0916353700e-06,1.3772834789e-03,6.7088642234e-05,5.6414650524e-06,6.2896111110e-06,1.2576225182e-03,6.6014586628e-05,1.0000000000e+00,4.1921888688e+00,2.0679115636e+00,4.1921888688e+00,1.0000000000e+00,1.0002857242e+00,1.0000955859e+00,1.0002857242e+00,1.9000434945e+03,1.9450284522e+03,1.9613491449e+00,nan,3.7666644586e+00,3.8558430705e+00,3.8881973682e-03,nan,2.2651710592e+01,2.7919823242e-01,2.6696608988e+00,4.1909914012e+00,1.5183884689e-01,9.1311813250e-01,3.6046935729e-02,5.0857595337e-02,-9.8506645725e-03,5.5931762649e-01,3.2357559096e-01,392393,42,55,41,1.2576225182e-03,5.1310142890e-01,4.6237497957e-01,2.5158046610e-02,-3.6570975686e+00,-2.8930909720e+03,-2.5684836489e-02,-2.8931166568e+03,-1.0956048794e-05,447024,48,48,48,-5.5519979965e-05,9.7431180826e-01,5.3546059520e-01,7.2823765346e-02,-2.5441013114e+00,-1.4909173771e+00,-3.5282234957e-02,-1.5261996120e+00,1.1887574137e-05,2.5141409222e-02,7.2835652920e-02,1.7144624934e-06,6.0189778710e-03,0,0,0,2.3958248488e-04,3.1921888688e+00,3.1924284512e+00,9.3176175816e-07,2.8572417675e-04,2.8665593851e-04,4.7495061735e-03,2.3958248488e+00
395,3.9500000000e-02,1.0000000000e-04,-9.1968817947e-02,1.3409062410e-01,1.5262241295e+00,2.5978612867e-01,-2.1526261387e-01,2.1526261387e-01,1.4909965780e+00,3.3657414852e-01,1.2329379592e-01,1.2335176347e-01,1.9245008947e-01,1.3159321537e-01,0.0000000000e+00,0.0000000000e+00,0.0000000000e+00,0.0000000000e+00,2.2034117936e-05,3.2125764922e-05,3.6565656942e-04,6.2240206244e-05,2.2034117936e-05,2.2523526319e-05,5.5283627333e-05,2.4719191201e-05,-1.0714164126e+01,1.0714192119e+01,2.9001951688e+03,1.4118988842e+02,-1.0714279910e+01,1.0714279910e+01,2.9002238997e+03,1.4118619647e+02,1.1578397819e-04,3.5883629667e-03,3.7749302705e-01,2.8743073205e-02,0.0000000000e+00,0.0000000000e+00,0.0000000000e+00,0.0000000000e+00,5.0886988661e-06,5.0887121615e-06,1.3774494858e-03,6.7058224667e-05,5.6384947556e-06,6.2898864171e-06,1.2575638133e-03,6.5979080857e-05,1.0000000000e+00,4.1921888688e+00,2.0679115636e+00,4.1921888688e+00,1.0000000000e+00,1.0002857242e+00,1.0000955859e+00,1.0002857242e+00,1.9002419846e+03,1.9451579852e+03,1.9615113097e+00,nan,3.7670579473e+00,3.8560998580e+00,3.8885188453e-03,nan,2.2747490966e+01,2.7925851076e-01,2.6691439991e+00,4.1909914012e+00,1.5119002899e-01,9.1296546716e-01,3.1209828999e-02,4.7611827847e-02,-9.8512037885e-03,5.5917733166e-01,3.2363099276e-01,512105,55,54,41,1.2575638133e-03,5.1435905142e-01,4.6236170191e-01,2.5147090562e-02,-3.6575443911e+00,-2.8917975360e+03,-2.8146464660e-02,-2.8918256825e+03,-1.0939819266e-05,447024,48,48,48,-5.5283627333e-05,9.7424413261e-01,5.3540507522e-01,7.2835652920e-02,-2.5439252658e+00,-1.4909965780e+00,-3.5227551432e-02,-1.5262241295e+00,1.1731210356e-05,2.5130483070e-02,7.2847384130e-02,1.6975871333e-06,6.0296658367e-03,0,0,0,2.3958248488e-04,3.1921888688e+00,3.1924284512e+00,9.3176175816e-07,2.8572417675e-04,2.8665593851e-04,4.7495061735e-03,2.3958248488e+00
396,3.9600000000e-02,1.0000000000e-04,-9.1961318742e-02,1.3408746441e-01,1.5262481662e+00,2.5975610156e-01,-2.1527104881e-01,2.1527104881e-01,1.4910750681e+00,3.3655218071e-01,1.2330973007e-01,1.2336751520e-01,1.9245008941e-01,1.3160612189e-01,0.0000000000e+00,0.0000000000e+00,0.0000000000e+00,0.0000000000e+00,2.2032321257e-05,3.2125007915e-05,3.6566232820e-04,6.2233012275e-05,2.2032321257e-05,2.2519661679e-05,5.5048621952e-05,2.4710719214e-05,-1.0708003388e+01,1.0708031399e+01,2.9004778855e+03,1.4112584893e+02,-1.0708118460e+01,1.0708118460e+01,2.9005042723e+03,1.4112215206e+02,1.1507212549e-04,3.5908738535e-03,3.7751750065e-01,2.8744723460e-02,0.0000000000e+00,0.0000000000e+00,0.0000000000e+00,0.0000000000e+00,5.0857728198e-06,5.0857861233e-06,1.3775837623e-03,6.7027809075e-05,5.6361123135e-06,6.2894065635e-06,1.2574922952e-03,6.5943513485e-05,1.0000000000e+00,4.1921888688e+00,2.0679115636e+00,4.1921888688e+00,1.0000000000e+00,1.0002857242e+00,1.0000955859e+00,1.0002857242e+00,1.9003972943e+03,1.9452436261e+03,1.9616384789e+00,nan,3.7673658348e+00,3.8562696333e+00,3.8887709467e-03,nan,2.2843301986e+01,2.7928512662e-01,2.6686197562e+00,4.1909914012e+00,1.5054496377e-01,9.1282456250e-01,2.5397143153e-02,4.3727891048e-02,-9.8559358905e-03,5.5903303180e-01,3.2366830035e-01,383081,41,54,41,1.2574922952e-03,5.1561661524e-01,4.6234848106e-01,2.5136150742e-02,-3.6579907409e+00,-2.8904312616e+03,-3.0606908713e-02,-2.8904618685e+03,-1.0922482295e-05,447024,48,48,48,-5.5048621952e-05,9.7418228437e-01,5.3534979159e-01,7.2847384130e-02,-2.5437515618e+00,-1.4910750681e+00,-3.5173098096e-02,-1.5262481662e+00,1.1576833991e-05,2.5119574097e-02,7.2858960964e-02,1.6809956199e-06,6.0401559665e-03,0,0,0,2.3958248488e-04,3.1921888688e+00,3.1924284512e+00,9.3176175816e-07,2.8572417675e-04,2.8665593851e-04,4.7495061735e-03,2.3958248488e+00
397,3.9700000000e-02,1.0000000000e-04,-9.1953829264e-02,1.3408432841e-01,1.5262717290e+00,2.5972609673e-01,-2.1527949131e-01,2.1527949131e-01,1.4911528554e+00,3.3653023721e-01,1.2332566204e-01,1.2338326550e-01,1.9245008931e-01,1.3161902988e-01,0.0000000000e+00,0.0000000000e+00,0.0000000000e+00,0.0000000000e+00,2.2030526910e-05,3.2124256584e-05,3.6566797345e-04,6.2225823644e-05,2.2030526910e-05,2.2515811604e-05,5.4814952245e-05,2.4702288636e-05,-1.0701837077e+01,1.0701865109e+01,2.9006938537e+03,1.4106181975e+02,-1.0701951446e+01,1.0701951446e+01,2.9007178954e+03,1.4105811804e+02,1.1436987225e-04,3.5933549906e-03,3.7753519205e-01,2.8746343184e-02,0.0000000000e+00,0.0000000000e+00,0.0000000000e+00,0.0000000000e+00,5.0828441263e-06,5.0828574402e-06,1.3776863365e-03,6.6997398373e-05,5.6335852685e-06,6.2897419310e-06,1.2573931467e-03,6.5907948496e-05,1.0000000000e+00,4.1921888688e+00,2.0679115636e+00,4.1921888688e+00,1.0000000000e+00,1.0002857242e+00,1.0000955859e+00,1.0002857242e+00,1.9005094561e+03,1.9452854112e+03,1.9617304071e+00,nan,3.7675881854e+00,3.8563524684e+00,3.8889531862e-03,nan,2.2938871516e+01,2.7934777754e-01,2.6680907777e+00,4.1909914012e+00,1.4990361810e-01,9.1268463171e-01,1.8605735102e-02,3.9196016307e-02,-9.8673246103e-03,5.5888299184e-01,3.2371758112e-01,502999,54,55,55,1.2573931467e-03,5.1687410753e-01,4.6233531680e-01,2.5125228260e-02,-3.6584365722e+00,-2.8889923057e+03,-3.3066050116e-02,-2.8890253718e+03,-1.0904039223e-05,447024,48,48,48,-5.4814952245e-05,9.7412589764e-01,5.3529474297e-01,7.2858960964e-02,-2.5435801689e+00,-1.4911528554e+00,-3.5118873659e-02,-1.5262717290e+00,1.1424466959e-05,2.5108675557e-02,7.2870385431e-02,1.6646490923e-06,6.0510864642e-03,0,0,0,2.3958248488e-04,3.1921888688e+00,3.1924284512e+00,9.3176175816e-07,2.8572417675e-04,2.8665593851e-04,4.7495061735e-03,2.3958248488e+00
398,3.9800000000e-02,1.0000000000e-04,-9.1946350116e-02,1.3408121484e-01,1.5262948248e+00,2.5969611703e-01,-2.1528794196e-01,2.1528794196e-01,1.4912299480e+00,3.3650832034e-01,1.2334159184e-01,1.2339901437e-01,1.9245008289e-01,1.3163193932e-01,0.0000000000e+00,0.0000000000e+00,0.0000000000e+00,0.0000000000e+00,2.2028735037e-05,3.2123510628e-05,3.6567350679e-04,6.2218641032e-05,2.2028735037e-05,2.2511974691e-05,5.4582606744e-05,2.4693899215e-05,-1.0695665632e+01,1.0695693690e+01,2.9008431413e+03,1.4099780574e+02,-1.0695779309e+01,1.0695779309e+01,2.9008648373e+03,1.4099409928e+02,1.1367666545e-04,3.5958057534e-03,3.7754605407e-01,2.8747932545e-02,0.0000000000e+00,0.0000000000e+00,0.0000000000e+00,0.0000000000e+00,5.0799129948e-06,5.0799263209e-06,1.3777572408e-03,6.6966994882e-05,5.6308697534e-06,6.2900583339e-06,1.2572816407e-03,6.5872407879e-05,1.0000000000e+00,4.1921888688e+00,2.0679115636e+00,4.1921888688e+00,1.0000000000e+00,1.0002857242e+00,1.0000955859e+00,1.0002857242e+00,1.9005785082e+03,1.9452833825e+03,1.9617869133e+00,nan,3.7677250749e+00,3.8563484468e+00,3.8890652045e-03,nan,2.3034474088e+01,2.7940944410e-01,2.6675579788e+00,4.1909914012e+00,1.4926595920e-01,9.1255672877e-01,1.0890271067e-02,3.4015720250e-02,-9.8795567936e-03,5.5873024539e-01,3.2376898126e-01,381929,41,42,41,1.2572816407e-03,5.1813150068e-01,4.6232220892e-01,2.5114324221e-02,-3.6588818391e+00,-2.8874808436e+03,-3.5523741458e-02,-2.8875163673e+03,-1.0884533689e-05,447024,48,48,48,-5.4582606744e-05,9.7407449286e-01,5.3523992802e-01,7.2870385431e-02,-2.5434110564e+00,-1.4912299480e+00,-3.5064876843e-02,-1.5262948248e+00,1.1274116740e-05,2.5097793387e-02,7.2881659548e-02,1.6485997943e-06,6.0625231393e-03,0,0,0,2.3958248488e-04,3.1921888688e+00,3.1924284512e+00,9.3176175816e-07,2.8572417675e-04,2.8665593851e-04,4.7495061735e-03,2.3958248488e+00
399,3.9900000000e-02,1.0000000000e-04,-9.1938881759e-02,1.3407811792e-01,1.5263174603e+00,2.5966616512e-01,-2.1529640123e-01,2.1529640123e-01,1.4913063539e+00,3.3648643219e-01,1.2335751947e-01,1.2341476179e-01,1.9245007076e-01,1.3164485020e-01,0.0000000000e+00,0.0000000000e+00,0.0000000000e+00,0.0000000000e+00,2.2026945749e-05,3.2122768660e-05,3.6567892986e-04,6.2211465079e-05,2.2026945749e-05,2.2508149056e-05,5.4351574094e-05,2.4685550662e-05,-1.0689489405e+01,1.0689517489e+01,2.9009258282e+03,1.4093381201e+02,-1.0689602397e+01,1.0689602397e+01,2.9009451781e+03,1.4093010087e+02,1.1299176367e-04,3.5982253846e-03,3.7755003939e-01,2.8749491349e-02,0.0000000000e+00,0.0000000000e+00,0.0000000000e+00,0.0000000000e+00,5.0769795920e-06,5.0769929306e-06,1.3777965130e-03,6.6936601017e-05,5.6281117820e-06,6.2899067035e-06,1.2571599715e-03,6.5836901203e-05,1.0000000000e+00,4.1921888688e+00,2.0679115636e+00,4.1921888688e+00,1.0000000000e+00,1.0002857242e+00,1.0000955859e+00,1.0002857242e+00,1.9006044966e+03,1.9452375901e+03,1.9618077452e+00,nan,3.7677765944e+00,3.8562576675e+00,3.8891065020e-03,nan,2.3130148344e+01,2.7945019770e-01,2.6670217774e+00,4.1909914012e+00,1.4863195458e-01,9.1244241050e-01,2.3840724641e-03,2.8220149619e-02,-9.8900119163e-03,5.5857588359e-01,3.2381301011e-01,512119,55,54,55,1.2571599715e-03,5.1938878232e-01,4.6230915724e-01,2.5103439687e-02,-3.6593264973e+00,-2.8858970433e+03,-3.7979865315e-02,-2.8859350232e+03,-1.0864012222e-05,447024,48,48,48,-5.4351574094e-05,9.7402775307e-01,5.3518534541e-01,7.2881659548e-02,-2.5432441934e+00,-1.4913063539e+00,-3.5011106380e-02,-1.5263174603e+00,1.1125808800e-05,2.5086932110e-02,7.2892785357e-02,1.6328758453e-06,6.0743330904e-03,0,0,0,2.3958248488e-04,3.1921888688e+00,3.1924284512e+00,9.3176175816e-07,2.8572417675e-04,2.8665593851e-04,4.7495061735e-03,2.3958248488e+00
400,4.0000000000e-02,1.0000000000e-04,-9.1931424517e-02,1.3407504114e-01,1.5263396424e+00,2.5963624345e-01,-2.1530486945e-01,2.1530486945e-01,1.4913820814e+00,3.3646457463e-01,1.2337344493e-01,1.2343050777e-01,1.9245008361e-01,1.3165776251e-01,0.0000000000e+00,0.0000000000e+00,0.0000000000e+00,0.0000000000e+00,2.2025159125e-05,3.2122031516e-05,3.6568424430e-04,6.2204296371e-05,2.2025159125e-05,2.2504334622e-05,5.4121843025e-05,2.4677242644e-05,-1.0683308709e+01,1.0683336834e+01,2.9009419986e+03,1.4086984349e+02,-1.0683421024e+01,1.0683421024e+01,2.9009590017e+03,1.4086612777e+02,1.1231499474e-04,3.6006137174e-03,3.7754710090e-01,2.8751019327e-02,0.0000000000e+00,0.0000000000e+00,0.0000000000e+00,0.0000000000e+00,5.0740440666e-06,5.0740574248e-06,1.3778041931e-03,6.6906219133e-05,5.6251446900e-06,6.2901271535e-06,1.2570260237e-03,6.5801420851e-05,1.0000000000e+00,4.1921888688e+00,2.0679115636e+00,4.1921888688e+00,1.0000000000e+00,1.0002857242e+00,1.0000955859e+00,1.0002857242e+00,1.9005874695e+03,1.9451480864e+03,1.9617923454e+00,nan,3.7677428399e+00,3.8560802344e+00,3.8890759732e-03,nan,2.3225853990e+01,2.7950735976e-01,2.6664818999e+00,4.1909914012e+00,1.4800157203e-01,9.1234010610e-01,-6.7170843775e-03,2.1874278197e-02,-9.8998001449e-03,5.5841962174e-01,3.2386249246e-01,502999,54,55,55,1.2570260237e-03,5.2064594229e-01,4.6229616156e-01,2.5092575675e-02,-3.6597705045e+00,-2.8842410738e+03,-4.0434308644e-02,-2.8842815081e+03,-1.0842523990e-05,447024,48,48,48,-5.4121843025e-05,9.7398540929e-01,5.3513099384e-01,7.2892785357e-02,-2.5430795487e+00,-1.4913820814e+00,-3.4957561011e-02,-1.5263396424e+00,1.0979582938e-05,2.5076092670e-02,7.2903764940e-02,1.6174885184e-06,6.0864236645e-03,0,0,0,2.3958248488e-04,3.1921888688e+00,3.1924284512e+00,9.3176175816e-07,2.8572417675e-04,2.8665593851e-04,4.7495061735e-03,2.3958248488e+00
401,4.0100000000e-02,1.0000000000e-04,-9.1923978577e-02,1.3407198571e-01,1.5263613780e+00,2.5960635424e-01,-2.1531334679e-01,2.1531334679e-01,1.4914571385e+00,3.3644274929e-01,1.2338936821e-01,1.2344625231e-01,1.9245008938e-01,1.3167067622e-01,0.0000000000e+00,0.0000000000e+00,0.0000000000e+00,0.0000000000e+00,2.2023375208e-05,3.2121299489e-05,3.6568945177e-04,6.2197135440e-05,2.2023375208e-05,2.2500531285e-05,5.3893402334e-05,2.4668974791e-05,-1.0677123865e+01,1.0677152030e+01,2.9008917389e+03,1.4080590481e+02,-1.0677235510e+01,1.0677235510e+01,2.9009063949e+03,1.4080218458e+02,1.1164553580e-04,3.6029699485e-03,3.7755005517e-01,2.8752516326e-02,0.0000000000e+00,0.0000000000e+00,0.0000000000e+00,0.0000000000e+00,5.0711065712e-06,5.0711199482e-06,1.3777803223e-03,6.6875851414e-05,5.6219984229e-06,6.2902711982e-06,1.2568670750e-03,6.5765965955e-05,1.0000000000e+00,4.1921888688e+00,2.0679115636e+00,4.1921888688e+00,1.0000000000e+00,1.0002857242e+00,1.0000955859e+00,1.0002857242e+00,1.9005274771e+03,1.9450149253e+03,1.9618076374e+00,nan,3.7676239104e+00,3.8558162547e+00,3.8891062883e-03,nan,2.3321353275e+01,2.7956100762e-01,2.6659383502e+00,4.1909914012e+00,1.4737477954e-01,9.1224054713e-01,-1.6181666993e-02,1.5061745977e-02,-9.9085327563e-03,5.5826071628e-01,3.2390898975e-01,391049,42,41,41,1.2568670750e-03,5.2190296831e-01,4.6228322169e-01,2.5081733151e-02,-3.6602138203e+00,-2.8825131084e+03,-4.2886954380e-02,-2.8825559954e+03,-1.0820114171e-05,447024,48,48,48,-5.3893402334e-05,9.7394722027e-01,5.3507687199e-01,7.2903764940e-02,-2.5429170907e+00,-1.4914571385e+00,-3.4904239492e-02,-1.5263613780e+00,1.0835495593e-05,2.5065275969e-02,7.2914600435e-02,1.6024580535e-06,6.0987354080e-03,0,0,0,2.3958248488e-04,3.1921888688e+00,3.1924284512e+00,9.3176175816e-07,2.8572417675e-04,2.8665593851e-04,4.7495061735e-03,2.3958248488e+00
402,4.0200000000e-02,1.0000000000e-04,-9.1916543986e-02,1.3406894775e-01,1.5263826742e+00,2.5957649947e-01,-2.1532183330e-01,2.1532183330e-01,1.4915315336e+00,3.3642095754e-01,1.2340528931e-01,1.2346199539e-01,1.9245008899e-01,1.3168359133e-01,0.0000000000e+00,0.0000000000e+00,0.0000000000e+00,0.0000000000e+00,2.2021594010e-05,3.2120571648e-05,3.6569455396e-04,6.2189982761e-05,2.2021594010e-05,2.2496738909e-05,5.3666240876e-05,2.4660746695e-05,-1.0670935218e+01,1.0670963422e+01,2.9007751350e+03,1.4074200067e+02,-1.0671046201e+01,1.0671046201e+01,2.9007874437e+03,1.4073827603e+02,1.1098267531e-04,3.6052933883e-03,3.7754627286e-01,2.8753982230e-02,0.0000000000e+00,0.0000000000e+00,0.0000000000e+00,0.0000000000e+00,5.0681672696e-06,5.0681806650e-06,1.3777249412e-03,6.6845500108e-05,5.6190230033e-06,6.2899888740e-06,1.2566902015e-03,6.5730506663e-05,1.0000000000e+00,4.1921888688e+00,2.0679115636e+00,4.1921888688e+00,1.0000000000e+00,1.0002857242e+00,1.0000955859e+00,1.0002857242e+00,1.9004245686e+03,1.9448381602e+03,1.9617879879e+00,nan,3.7674199035e+00,3.8554658339e+00,3.8890673349e-03,nan,2.3416773393e+01,2.7959558492e-01,2.6653899606e+00,4.1909914012e+00,1.4675154523e-01,9.1214883605e-01,-2.5773356342e-02,7.8814004258e-03,-9.9142123466e-03,5.5810013301e-01,3.2394639136e-01,391049,42,41,41,1.2566902015e-03,5.2315983539e-01,4.6227033744e-01,2.5070913037e-02,-3.6606564060e+00,-2.8807133371e+03,-4.5337660778e-02,-2.8807586748e+03,-1.0796858910e-05,447024,48,48,48,-5.3666240876e-05,9.7391293007e-01,5.3502297859e-01,7.2914600435e-02,-2.5427567867e+00,-1.4915315336e+00,-3.4851140584e-02,-1.5263826742e+00,1.0693605610e-05,2.5054482842e-02,7.2925294041e-02,1.5878017497e-06,6.1112183803e-03,0,0,0,2.3958248488e-04,3.1921888688e+00,3.1924284512e+00,9.3176175816e-07,2.8572417675e-04,2.8665593851e-04,4.7495061735e-03,2.3958248488e+00
403,4.0300000000e-02,1.0000000000e-04,-9.1909120650e-02,1.3406592867e-01,1.5264035380e+00,2.5954668085e-01,-2.1533032889e-01,2.1533032889e-01,1.4916052750e+00,3.3639920049e-01,1.2342120823e-01,1.2347773701e-01,1.9245008081e-01,1.3169650782e-01,0.0000000000e+00,0.0000000000e+00,0.0000000000e+00,0.0000000000e+00,2.2019815509e-05,3.2119848329e-05,3.6569955258e-04,6.2182838742e-05,2.2019815509e-05,2.2492957330e-05,5.3440347553e-05,2.4652557912e-05,-1.0664743096e+01,1.0664771337e+01,2.9005922762e+03,1.4067813550e+02,-1.0664853424e+01,1.0664853424e+01,2.9006022375e+03,1.4067440651e+02,1.1032707776e-04,3.6075847299e-03,3.7753549342e-01,2.8755416963e-02,0.0000000000e+00,0.0000000000e+00,0.0000000000e+00,0.0000000000e+00,5.0652263175e-06,5.0652397303e-06,1.3776380923e-03,6.6815167303e-05,5.6163246847e-06,6.2893887261e-06,1.2564984689e-03,6.5695025912e-05,1.0000000000e+00,4.1921888688e+00,2.0679115636e+00,4.1921888688e+00,1.0000000000e+00,1.0002857242e+00,1.0000955859e+00,1.0002857242e+00,1.9002787952e+03,1.9446178464e+03,1.9617320597e+00,nan,3.7671309209e+00,3.8550290816e+00,3.8889564622e-03,nan,2.3512168734e+01,2.7961590972e-01,2.6648360850e+00,4.1909914012e+00,1.4613183740e-01,9.1206716476e-01,-3.5282820478e-02,4.3854040308e-04,-9.9148908153e-03,5.5793922387e-01,3.2397121828e-01,381929,41,42,41,1.2564984689e-03,5.2441652559e-01,4.6225750865e-01,2.5060116178e-02,-3.6610982260e+00,-2.8788419457e+03,-4.7786300077e-02,-2.8788897320e+03,-1.0772840514e-05,447024,48,48,48,-5.3440347553e-05,9.7388230683e-01,5.3496931235e-01,7.2925294041e-02,-2.5425986034e+00,-1.4916052750e+00,-3.4798263064e-02,-1.5264035380e+00,1.0553943173e-05,2.5043714046e-02,7.2935847984e-02,1.5735237636e-06,6.1238117810e-03,0,0,0,2.3958248488e-04,3.1921888688e+00,3.1924284512e+00,9.3176175816e-07,2.8572417675e-04,2.8665593851e-04,4.7495061735e-03,2.3958248488e+00
404,4.0400000000e-02,1.0000000000e-04,-9.1901708341e-02,1.3406293525e-01,1.5264239769e+00,2.5951689983e-01,-2.1533883332e-01,2.1533883332e-01,1.4916783712e+00,3.3637747897e-01,1.2343712498e-01,1.2349347716e-01,1.9245006429e-01,1.3170942567e-01,0.0000000000e+00,0.0000000000e+00,0.0000000000e+00,0.0000000000e+00,2.2018039649e-05,3.2119131158e-05,3.6570444937e-04,6.2175703730e-05,2.2018039649e-05,2.2489186358e-05,5.3215711340e-05,2.4644407965e-05,-1.0658547808e+01,1.0658576086e+01,2.9003432540e+03,1.4061431295e+02,-1.0658657487e+01,1.0658657487e+01,2.9003508678e+03,1.4061057970e+02,1.0967983611e-04,3.6098450996e-03,3.7753392264e-01,2.8756820617e-02,0.0000000000e+00,0.0000000000e+00,0.0000000000e+00,0.0000000000e+00,5.0622838613e-06,5.0622972921e-06,1.3775198190e-03,6.6784854743e-05,5.6139076815e-06,6.2885814380e-06,1.2562936201e-03,6.5658878243e-05,1.0000000000e+00,4.1921888688e+00,2.0679115636e+00,4.1921888688e+00,1.0000000000e+00,1.0002857242e+00,1.0000955859e+00,1.0002857242e+00,1.9000902095e+03,1.9443540403e+03,1.9617240661e+00,nan,3.7667570668e+00,3.8545061099e+00,3.8889406157e-03,nan,2.3607569804e+01,2.7962689880e-01,2.6642505812e+00,4.1909914012e+00,1.4551562452e-01,9.1199676608e-01,-4.4553836028e-02,-7.1682880248e-03,-9.9075440662e-03,5.5778585458e-01,3.2398835151e-01,391049,42,41,41,1.2562936201e-03,5.2567302406e-01,4.6224473513e-01,2.5049343337e-02,-3.6615392481e+00,-2.8768991187e+03,-5.0232750660e-02,-2.8769493515e+03,-1.0748144914e-05,447024,48,48,48,-5.3215711340e-05,9.7385503062e-01,5.3491587200e-01,7.2935847984e-02,-2.5424425070e+00,-1.4916783712e+00,-3.4745605714e-02,-1.5264239769e+00,1.0416454098e-05,2.5032970265e-02,7.2946264438e-02,1.5596146935e-06,6.1364210546e-03,0,0,0,2.3958248488e-04,3.1921888688e+00,3.1924284512e+00,9.3176175816e-07,2.8572417675e-04,2.8665593851e-04,4.7495061735e-03,2.3958248488e+00
405,4.0500000000e-02,1.0000000000e-04,-9.1894306690e-02,1.3405996136e-01,1.5264439977e+00,2.5948715755e-01,-2.1534734622e-01,2.1534734622e-01,1.4917508304e+00,3.3635579353e-01,1.2345303953e-01,1.2350921584e-01,1.9245007827e-01,1.3172234486e-01,0.0000000000e+00,0.0000000000e+00,0.0000000000e+00,0.0000000000e+00,2.2016266343e-05,3.2118418666e-05,3.6570924602e-04,6.2168578000e-05,2.2016266343e-05,2.2485425776e-05,5.2992321340e-05,2.4636296342e-05,-1.0652349698e+01,1.0652378013e+01,2.9000281631e+03,1.4055053581e+02,-1.0652458740e+01,1.0652458740e+01,2.9000334297e+03,1.4054679838e+02,1.0904207556e-04,3.6120756575e-03,3.7754557260e-01,2.8758193726e-02,0.0000000000e+00,0.0000000000e+00,0.0000000000e+00,0.0000000000e+00,5.0593400653e-06,5.0593535135e-06,1.3773701664e-03,6.6754563751e-05,5.6129211817e-06,6.2865416828e-06,1.2560627428e-03,6.5622370711e-05,1.0000000000e+00,4.1921888688e+00,2.0679115636e+00,4.1921888688e+00,1.0000000000e+00,1.0002857242e+00,1.0000955859e+00,1.0002857242e+00,1.8998588664e+03,1.9440468009e+03,1.9617844586e+00,nan,3.7662984500e+00,3.8538970356e+00,3.8890603383e-03,nan,2.3702731095e+01,2.7958295055e-01,2.6636459394e+00,4.1909914012e+00,1.4490287549e-01,9.1192823357e-01,-5.3482343840e-02,-1.4857369814e-02,-9.8813831870e-03,5.5764470926e-01,3.2396173112e-01,502999,54,55,55,1.2560627428e-03,5.2692931768e-01,4.6223201673e-01,2.5038595192e-02,-3.6619794433e+00,-2.8748850396e+03,-5.2676894469e-02,-2.8749377165e+03,-1.0722852414e-05,447024,48,48,48,-5.2992321340e-05,9.7383044791e-01,5.3486265629e-01,7.2946264438e-02,-2.5422884645e+00,-1.4917508304e+00,-3.4693167332e-02,-1.5264439977e+00,1.0280300737e-05,2.5022252138e-02,7.2956544739e-02,1.5459687808e-06,6.1490412555e-03,0,0,0,2.3958248488e-04,3.1921888688e+00,3.1924284512e+00,9.3176175816e-07,2.8572417675e-04,2.8665593851e-04,4.7495061735e-03,2.3958248488e+00
406,4.0600000000e-02,1.0000000000e-04,-9.1886915200e-02,1.3405700792e-01,1.5264636054e+00,2.5945745488e-01,-2.1535586710e-01,2.1535586710e-01,1.4918226587e+00,3.3633414446e-01,1.2346895190e-01,1.2352495390e-01,1.9245008796e-01,1.3173526539e-01,0.0000000000e+00,0.0000000000e+00,0.0000000000e+00,0.0000000000e+00,2.2014495472e-05,3.2117711074e-05,3.6571394367e-04,6.2161461761e-05,2.2014495472e-05,2.2481675338e-05,5.2770167369e-05,2.4628222499e-05,-1.0646149568e+01,1.0646177924e+01,2.8996471011e+03,1.4048680507e+02,-1.0646257988e+01,1.0646257988e+01,2.8996500208e+03,1.4048306354e+02,1.0841942134e-04,3.6142820190e-03,3.7755000860e-01,2.8759539373e-02,0.0000000000e+00,0.0000000000e+00,0.0000000000e+00,0.0000000000e+00,5.0563953100e-06,5.0564087774e-06,1.3771891808e-03,6.6724294797e-05,5.6115775276e-06,6.2856081793e-06,1.2557942144e-03,6.5585754916e-05,1.0000000000e+00,4.1921888688e+00,2.0679115636e+00,4.1921888688e+00,1.0000000000e+00,1.0002857242e+00,1.0000955859e+00,1.0002857242e+00,1.8995848252e+03,1.9436961920e+03,1.9618074099e+00,nan,3.7657551882e+00,3.8532019850e+00,3.8891058372e-03,nan,2.3797427165e+01,2.7958806827e-01,2.6630324181e+00,4.1909914012e+00,1.4429356135e-01,9.1185309321e-01,-6.2052966316e-02,-2.2569339197e-02,-9.8389273227e-03,5.5751215513e-01,3.2398569009e-01,501641,54,41,41,1.2557942144e-03,5.2818538042e-01,4.6221935327e-01,2.5027872340e-02,-3.6624187861e+00,-2.8727999093e+03,-5.5118588530e-02,-2.8728550279e+03,-1.0697046322e-05,447024,48,48,48,-5.2770167369e-05,9.7380679890e-01,5.3480966397e-01,7.2956544739e-02,-2.5421364554e+00,-1.4918226587e+00,-3.4640946722e-02,-1.5264636054e+00,1.0144599866e-05,2.5011560252e-02,7.2966689339e-02,1.5324312488e-06,6.1616585665e-03,0,0,0,2.3958248488e-04,3.1921888688e+00,3.1924284512e+00,9.3176175816e-07,2.8572417675e-04,2.8665593851e-04,4.7495061735e-03,2.3958248488e+00
407,4.0700000000e-02,1.0000000000e-04,-9.1879533246e-02,1.3405407518e-01,1.5264828023e+00,2.5942779243e-01,-2.1536439533e-01,2.1536439533e-01,1.4918938596e+00,3.3631253176e-01,1.2348486208e-01,1.2354069148e-01,1.9245008925e-01,1.3174818724e-01,0.0000000000e+00,0.0000000000e+00,0.0000000000e+00,0.0000000000e+00,2.2012726885e-05,3.2117008441e-05,3.6571854291e-04,6.2154355157e-05,2.2012726885e-05,2.2477934776e-05,5.2549239602e-05,2.4620185863e-05,-1.0639948640e+01,1.0639977040e+01,2.8992001824e+03,1.4042311881e+02,-1.0640056451e+01,1.0640056451e+01,2.8992007558e+03,1.4041937327e+02,1.0781053756e-04,3.6164627878e-03,3.7754730704e-01,2.8760863239e-02,0.0000000000e+00,0.0000000000e+00,0.0000000000e+00,0.0000000000e+00,5.0534501752e-06,5.0534636635e-06,1.3769769164e-03,6.6694046967e-05,5.6100937145e-06,6.2838876028e-06,1.2555270678e-03,6.5549623641e-05,1.0000000000e+00,4.1921888688e+00,2.0679115636e+00,4.1921888688e+00,1.0000000000e+00,1.0002857242e+00,1.0000955859e+00,1.0002857242e+00,1.8992681595e+03,1.9433022914e+03,1.9617933591e+00,nan,3.7651274269e+00,3.8524211126e+00,3.8890779827e-03,nan,2.3892392683e+01,2.7955804950e-01,2.6624341508e+00,4.1909914012e+00,1.4368765440e-01,9.1179964805e-01,-7.0181343609e-02,-3.0186145127e-02,-9.8011133342e-03,5.5736920583e-01,3.2399843781e-01,381929,41,42,41,1.2555270678e-03,5.2944117464e-01,4.6220674461e-01,2.5017175294e-02,-3.6628572544e+00,-2.8706439488e+03,-5.7557667569e-02,-2.8707015065e+03,-1.0670853537e-05,447024,48,48,48,-5.2549239602e-05,9.7378157099e-01,5.3475689380e-01,7.2966689339e-02,-2.5419864722e+00,-1.4918938596e+00,-3.4588942699e-02,-1.5264828023e+00,1.0011067594e-05,2.5000895111e-02,7.2976700407e-02,1.5194723433e-06,6.1742499050e-03,0,0,0,2.3958248488e-04,3.1921888688e+00,3.1924284512e+00,9.3176175816e-07,2.8572417675e-04,2.8665593851e-04,4.7495061735e-03,2.3958248488e+00
408,4.0800000000e-02,1.0000000000e-04,-9.1872160068e-02,1.3405116132e-01,1.5265015954e+00,2.5939817045e-01,-2.1537293014e-01,2.1537293014e-01,1.4919644413e+00,3.3629095514e-01,1.2350077007e-01,1.2355642756e-01,1.9245008962e-01,1.3176111039e-01,0.0000000000e+00,0.0000000000e+00,0.0000000000e+00,0.0000000000e+00,2.2010960401e-05,3.2116310331e-05,3.6572304539e-04,6.2147258249e-05,2.2010960401e-05,2.2474203798e-05,5.2329526293e-05,2.4612185832e-05,-1.0633746843e+01,1.0633775295e+01,2.8986875332e+03,1.4035948214e+02,-1.0633854057e+01,1.0633854057e+01,2.8986857612e+03,1.4035573269e+02,1.0721486089e-04,3.6187136128e-03,3.7754941890e-01,2.8762163231e-02,0.0000000000e+00,0.0000000000e+00,0.0000000000e+00,0.0000000000e+00,5.0505046277e-06,5.0505181409e-06,1.3767334334e-03,6.6663822695e-05,5.6086119484e-06,6.2824611620e-06,1.2552340717e-03,6.5513790950e-05,1.0000000000e+00,4.1921888688e+00,2.0679115636e+00,4.1921888688e+00,1.0000000000e+00,1.0002857242e+00,1.0000955859e+00,1.0002857242e+00,1.8989089445e+03,1.9428651790e+03,1.9618043288e+00,nan,3.7644153157e+00,3.8515545769e+00,3.8890997291e-03,nan,2.3987109393e+01,2.7954098923e-01,2.6618436654e+00,4.1909914012e+00,1.4308512125e-01,9.1174808517e-01,-7.7871845179e-02,-3.7650351071e-02,-9.7685468694e-03,5.5721783735e-01,3.2402104813e-01,512119,55,54,55,1.2552340717e-03,5.3069670170e-01,4.6219419057e-01,2.5006504440e-02,-3.6632948311e+00,-2.8684173275e+03,-5.9994042397e-02,-2.8684773216e+03,-1.0644312839e-05,447024,48,48,48,-5.2329526293e-05,9.7375595000e-01,5.3470434456e-01,7.2976700407e-02,-2.5418384820e+00,-1.4919644413e+00,-3.4537154089e-02,-1.5265015954e+00,9.8806669765e-06,2.4990257122e-02,7.2986581073e-02,1.5070993905e-06,6.1867962031e-03,0,0,0,2.3958248488e-04,3.1921888688e+00,3.1924284512e+00,9.3176175816e-07,2.8572417675e-04,2.8665593851e-04,4.7495061735e-03,2.3958248488e+00
409,4.0900000000e-02,1.0000000000e-04,-9.1864794769e-02,1.3404827073e-01,1.5265199941e+00,2.5936858885e-01,-2.1538147063e-01,2.1538147063e-01,1.4920344144e+00,3.3626941396e-01,1.2351667587e-01,1.2357216214e-01,1.9245008453e-01,1.3177403482e-01,0.0000000000e+00,0.0000000000e+00,0.0000000000e+00,0.0000000000e+00,2.2009195804e-05,3.2115617795e-05,3.6572745341e-04,6.2140171018e-05,2.2009195804e-05,2.2470482093e-05,5.2111015564e-05,2.4604221778e-05,-1.0627544172e+01,1.0627572681e+01,2.8984460159e+03,1.4029590017e+02,-1.0627650805e+01,1.0627650805e+01,2.8984714673e+03,1.4029214688e+02,1.0663237957e-04,3.6209694868e-03,3.7754876075e-01,2.8763437542e-02,0.0000000000e+00,0.0000000000e+00,0.0000000000e+00,0.0000000000e+00,5.0475586656e-06,5.0475722057e-06,1.3766187246e-03,6.6633624400e-05,5.6066589843e-06,6.2817409791e-06,1.2551249141e-03,6.5478122396e-05,1.0000000000e+00,4.1921888688e+00,2.0679115636e+00,4.1921888688e+00,1.0000000000e+00,1.0002857242e+00,1.0000955859e+00,1.0002857242e+00,1.8987278431e+03,1.9426304376e+03,1.9618009608e+00,nan,3.7640562987e+00,3.8510892233e+00,3.8890930525e-03,nan,2.4085596884e+01,2.7955523843e-01,2.6612555758e+00,4.1909914012e+00,1.4248592792e-01,9.1174476391e-01,-8.5181207577e-02,-4.4929733454e-02,-9.7399434957e-03,5.5706036640e-01,3.2406205160e-01,391144,42,42,40,1.2551249141e-03,4.9609742222e-01,4.6126021478e-01,2.4998116476e-02,-3.6636389217e+00,-2.8980909930e+03,7.6556405603e-03,-2.8980833374e+03,-1.0614677340e-05,447024,48,48,48,-5.2111015564e-05,9.7373066125e-01,5.3465201504e-01,7.2986581073e-02,-2.5416924378e+00,-1.4920344144e+00,-3.4485579725e-02,-1.5265199941e+00,9.7539235422e-06,2.4979646532e-02,7.2996334997e-02,1.4952889000e-06,6.1992791823e-03,0,0,0,2.3958248488e-04,3.1921888688e+00,3.1924284512e+00,9.3176175816e-07,2.8572417675e-04,2.8665593851e-04,4.7495061735e-03,2.3958248488e+00
410,4.1000000000e-02,1.0000000000e-04,-9.1857436320e-02,1.3404540074e-01,1.5265380095e+00,2.5933904722e-01,-2.1539001578e-01,2.1539001578e-01,1.4921037910e+00,3.3624790730e-01,1.2353257946e-01,1.2358789521e-01,1.9245008970e-01,1.3178696052e-01,0.0000000000e+00,0.0000000000e+00,0.0000000000e+00,0.0000000000e+00,2.2007432849e-05,3.2114930197e-05,3.6573176958e-04,6.2133093360e-05,2.2007432849e-05,2.2466769327e-05,5.1893695780e-05,2.4596293049e-05,-1.0621340646e+01,1.0621369208e+01,2.8986221356e+03,1.4023237643e+02,-1.0621446707e+01,1.0621446707e+01,2.8986452967e+03,1.4022861937e+02,1.0606124262e-04,3.6231975097e-03,3.7754681771e-01,2.8764684988e-02,0.0000000000e+00,0.0000000000e+00,0.0000000000e+00,0.0000000000e+00,5.0446122967e-06,5.0446258624e-06,1.3767023728e-03,6.6603453756e-05,5.6041252766e-06,6.2814809031e-06,1.2553295680e-03,6.5442577366e-05,1.0000000000e+00,4.1921888688e+00,2.0679115636e+00,4.1921888688e+00,1.0000000000e+00,1.0002857242e+00,1.0000955859e+00,1.0002857242e+00,1.8988208073e+03,1.9426566129e+03,1.9617908118e+00,nan,3.7642405918e+00,3.8511411134e+00,3.8890729331e-03,nan,2.4190405966e+01,2.7958986055e-01,2.6606683063e+00,4.1909914012e+00,1.4189004100e-01,9.1183802166e-01,-9.2130913524e-02,-5.2000090879e-02,-9.7109100876e-03,5.5689934063e-01,3.2410701238e-01,392490,42,56,42,1.2553295680e-03,4.9735254713e-01,4.6124827316e-01,2.4987501799e-02,-3.6640745178e+00,-2.8977859323e+03,5.1936476927e-03,-2.8977807387e+03,-1.0587849084e-05,447024,48,48,48,-5.1893695780e-05,9.7370614827e-01,5.3459990402e-01,7.2996334997e-02,-2.5415482848e+00,-1.4921037910e+00,-3.4434218456e-02,-1.5265380095e+00,9.6309027561e-06,2.4969063423e-02,7.3005965900e-02,1.4840871014e-06,6.2116807739e-03,0,0,0,2.3958248488e-04,3.1921888688e+00,3.1924284512e+00,9.3176175816e-07,2.8572417675e-04,2.8665593851e-04,4.7495061735e-03,2.3958248488e+00
411,4.1100000000e-02,1.0000000000e-04,-9.1850083562e-02,1.3404254487e-01,1.5265556525e+00,2.5930954475e-01,-2.1539856441e-01,2.1539856441e-01,1.4921725834e+00,3.3622643389e-01,1.2354848085e-01,1.2360362676e-01,1.9245008957e-01,1.3179988747e-01,0.0000000000e+00,0.0000000000e+00,0.0000000000e+00,0.0000000000e+00,2.2005671256e-05,3.2114245981e-05,3.6573599654e-04,6.2126025086e-05,2.2005671256e-05,2.2463065149e-05,5.1677555713e-05,2.4588398966e-05,-1.0615136207e+01,1.0615164821e+01,2.8987351851e+03,1.4016891386e+02,-1.0615241706e+01,1.0615241706e+01,2.8987560557e+03,1.4016515313e+02,1.0549915291e-04,3.6253954638e-03,3.7755002804e-01,2.8765904330e-02,0.0000000000e+00,0.0000000000e+00,0.0000000000e+00,0.0000000000e+00,5.0416654947e-06,5.0416790849e-06,1.3767560657e-03,6.6573312172e-05,5.6017415774e-06,6.2811090794e-06,1.2555375989e-03,6.5407029606e-05,1.0000000000e+00,4.1921888688e+00,2.0679115636e+00,4.1921888688e+00,1.0000000000e+00,1.0002857242e+00,1.0000955859e+00,1.0002857242e+00,1.8988729172e+03,1.9426412789e+03,1.9618074945e+00,nan,3.7643438949e+00,3.8511107152e+00,3.8891060050e-03,nan,2.4295607283e+01,2.7961941248e-01,2.6600767986e+00,4.1909914012e+00,1.4129742821e-01,9.1195356259e-01,-9.8742913251e-02,-5.8855216860e-02,-9.6679683258e-03,5.5674388690e-01,3.2414016769e-01,391144,42,42,40,1.2555375989e-03,4.9860787670e-01,4.6123638399e-01,2.4976913950e-02,-3.6645091925e+00,-2.8974084310e+03,2.7310569751e-03,-2.8974057000e+03,-1.0561057329e-05,447024,48,48,48,-5.1677555713e-05,9.7368269236e-01,5.3454801033e-01,7.3005965900e-02,-2.5414059674e+00,-1.4921725834e+00,-3.4383069140e-02,-1.5265556525e+00,9.5114192885e-06,2.4958507727e-02,7.3015477319e-02,1.4734896760e-06,6.2239893867e-03,0,0,0,2.3958248488e-04,3.1921888688e+00,3.1924284512e+00,9.3176175816e-07,2.8572417675e-04,2.8665593851e-04,4.7495061735e-03,2.3958248488e+00
412,4.1200000000e-02,1.0000000000e-04,-9.1842735210e-02,1.3403970653e-01,1.5265729337e+00,2.5928008031e-01,-2.1540711525e-01,2.1540711525e-01,1.4922408030e+00,3.3620499213e-01,1.2356438004e-01,1.2361935679e-01,1.9245008972e-01,1.3181281567e-01,0.0000000000e+00,0.0000000000e+00,0.0000000000e+00,0.0000000000e+00,2.2003910720e-05,3.2113565964e-05,3.6574013681e-04,6.2118965922e-05,2.2003910720e-05,2.2459369187e-05,5.1462584532e-05,2.4580538834e-05,-1.0608930868e+01,1.0608959533e+01,2.8987852107e+03,1.4010551522e+02,-1.0609035815e+01,1.0609035815e+01,2.8988037905e+03,1.4010175089e+02,1.0494667755e-04,3.6275639847e-03,3.7754994203e-01,2.8767094681e-02,0.0000000000e+00,0.0000000000e+00,0.0000000000e+00,0.0000000000e+00,5.0387182654e-06,5.0387318798e-06,1.3767798254e-03,6.6543200946e-05,5.5997336191e-06,6.2801805696e-06,1.2557337993e-03,6.5371523869e-05,1.0000000000e+00,4.1921888688e+00,2.0679115636e+00,4.1921888688e+00,1.0000000000e+00,1.0002857242e+00,1.0000955859e+00,1.0002857242e+00,1.8988841913e+03,1.9425844573e+03,1.9618070460e+00,nan,3.7643662449e+00,3.8509980714e+00,3.8891051159e-03,nan,2.4400908168e+01,2.7962408548e-01,2.6594829475e+00,4.1909914012e+00,1.4070805841e-01,9.1208033131e-01,-1.0506770049e-01,-6.5491251742e-02,-9.6117060406e-03,5.5659320187e-01,3.2417027173e-01,502888,54,54,40,1.2557337993e-03,4.9986341430e-01,4.6122454716e-01,2.4966352892e-02,-3.6649429462e+00,-2.8969584886e+03,2.6795485032e-04,-2.8969582206e+03,-1.0534403560e-05,447024,48,48,48,-5.1462584532e-05,9.7366044415e-01,5.3449633277e-01,7.3015477319e-02,-2.5412654325e+00,-1.4922408030e+00,-3.4332130644e-02,-1.5265729337e+00,9.3952023567e-06,2.4947979245e-02,7.3024872521e-02,1.4634214323e-06,6.2362889594e-03,0,0,0,2.3958248488e-04,3.1921888688e+00,3.1924284512e+00,9.3176175816e-07,2.8572417675e-04,2.8665593851e-04,4.7495061735e-03,2.3958248488e+00
413,4.1300000000e-02,1.0000000000e-04,-9.1835389859e-02,1.3403688301e-01,1.5265898628e+00,2.5925065242e-01,-2.1541566687e-01,2.1541566687e-01,1.4923084610e+00,3.3618358014e-01,1.2358027701e-01,1.2363508528e-01,1.9245008911e-01,1.3182574508e-01,0.0000000000e+00,0.0000000000e+00,0.0000000000e+00,0.0000000000e+00,2.2002150902e-05,3.2112889498e-05,3.6574419273e-04,6.2111915513e-05,2.2002150902e-05,2.2455681053e-05,5.1248771722e-05,2.4572711932e-05,-1.0602724780e+01,1.0602753504e+01,2.8987722547e+03,1.4004218081e+02,-1.0602829186e+01,1.0602829186e+01,2.8987885436e+03,1.4003841296e+02,1.0440530756e-04,3.6298237572e-03,3.7754556289e-01,2.8768256582e-02,0.0000000000e+00,0.0000000000e+00,0.0000000000e+00,0.0000000000e+00,5.0357706800e-06,5.0357843222e-06,1.3767736719e-03,6.6513120232e-05,5.5976897758e-06,6.2796455619e-06,1.2559114163e-03,6.5336029996e-05,1.0000000000e+00,4.1921888688e+00,2.0679115636e+00,4.1921888688e+00,1.0000000000e+00,1.0002857242e+00,1.0000955859e+00,1.0002857242e+00,1.8988546468e+03,1.9424861678e+03,1.9617842976e+00,nan,3.7643076754e+00,3.8508032215e+00,3.8890600192e-03,nan,2.4506175936e+01,2.7964618606e-01,2.6588856035e+00,4.1909914012e+00,1.4012190143e-01,9.1221341746e-01,-1.1114579557e-01,-7.1906357271e-02,-9.5528559177e-03,5.5644189064e-01,3.2420679423e-01,501546,54,40,42,1.2559114163e-03,5.0111914810e-01,4.6121276250e-01,2.4955818489e-02,-3.6653757834e+00,-2.8964361013e+03,-2.1955423135e-03,-2.8964382969e+03,-1.0507987980e-05,447024,48,48,48,-5.1248771722e-05,9.7363958754e-01,5.3444487019e-01,7.3024872521e-02,-2.5411266314e+00,-1.4923084610e+00,-3.4281401847e-02,-1.5265898628e+00,9.2820219965e-06,2.4937477683e-02,7.3034154543e-02,1.4539133132e-06,6.2496921881e-03,0,0,0,2.3958248488e-04,3.1921888688e+00,3.1924284512e+00,9.3176175816e-07,2.8572417675e-04,2.8665593851e-04,4.7495061735e-03,2.3958248488e+00
414,4.1400000000e-02,1.0000000000e-04,-9.1828045987e-02,1.3403407010e-01,1.5266064490e+00,2.5922125923e-01,-2.1542421777e-01,2.1542421777e-01,1.4923755674e+00,3.3616219572e-01,1.2359617178e-01,1.2365081224e-01,1.9245008838e-01,1.3183867570e-01,0.0000000000e+00,0.0000000000e+00,0.0000000000e+00,0.0000000000e+00,2.2000391440e-05,3.2112215573e-05,3.6574816649e-04,6.2104873421e-05,2.2000391440e-05,2.2452000340e-05,5.1178870647e-05,2.4564917523e-05,-1.0596518058e+01,1.0596546828e+01,2.8986963576e+03,1.3997891139e+02,-1.0596621932e+01,1.0596621932e+01,2.8987103556e+03,1.3997514010e+02,1.0387491203e-04,3.6320701661e-03,3.7754965539e-01,2.8769390215e-02,0.0000000000e+00,0.0000000000e+00,0.0000000000e+00,0.0000000000e+00,5.0328227932e-06,5.0328364579e-06,1.3767376246e-03,6.6483070379e-05,5.5955655588e-06,6.2785801276e-06,1.2560849944e-03,6.5300577184e-05,1.0000000000e+00,4.1921888688e+00,2.0679115636e+00,4.1921888688e+00,1.0000000000e+00,1.0002857242e+00,1.0000955859e+00,1.0002857242e+00,1.8987843000e+03,1.9423464301e+03,1.9618055704e+00,nan,3.7641682193e+00,3.8505262040e+00,3.8891021905e-03,nan,2.4543038533e+01,2.7964457654e-01,2.6582860343e+00,4.1909914012e+00,1.3992926099e-01,9.1236338135e-01,-1.1698534650e-01,-7.8090538041e-02,-9.4959605839e-03,5.5628670687e-01,3.2423992554e-01,372714,40,42,42,1.2560849944e-03,5.0237505952e-01,4.6120102989e-01,2.4945310501e-02,-3.6658077126e+00,-2.8958412660e+03,-4.6593048140e-03,-2.8958459253e+03,-1.0481891571e-05,4656,0,48,48,5.1178870647e-05,7.9087570495e-04,1.1016875691e-01,2.5204588708e-02,-3.6552015449e+00,-1.6677063465e-01,1.5286312494e-01,-1.3907509712e-02,-1.0583777554e-05,2.4927002655e-02,7.3043326194e-02,1.4450522063e-06,6.2827151271e-03,0,0,0,2.3958248488e-04,3.1921888688e+00,3.1924284512e+00,9.3176175816e-07,2.8572417675e-04,2.8665593851e-04,4.7495061735e-03,2.3958248488e+00
415,4.1500000000e-02,1.0000000000e-04,-9.1820701961e-02,1.3403127171e-01,1.5266227007e+00,2.5919189858e-01,-2.1543276629e-01,2.1543276629e-01,1.4924421318e+00,3.3614083634e-01,1.2361206433e-01,1.2366653765e-01,1.9245008971e-01,1.3185160751e-01,0.0000000000e+00,0.0000000000e+00,0.0000000000e+00,0.0000000000e+00,2.1998631940e-05,3.2111545128e-05,3.6575206012e-04,6.2097839123e-05,2.1998631939e-05,2.2448326624e-05,5.1142697444e-05,2.4557154850e-05,-1.0590310682e+01,1.0590339491e+01,2.8985575619e+03,1.3991570910e+02,-1.0590414037e+01,1.0590414037e+01,2.8985692691e+03,1.3991193444e+02,1.0335514652e-04,3.6342883921e-03,3.7754973673e-01,2.8770494672e-02,0.0000000000e+00,0.0000000000e+00,0.0000000000e+00,0.0000000000e+00,5.0298745962e-06,5.0298882793e-06,1.3766717035e-03,6.6453052413e-05,5.5944815700e-06,6.2767774425e-06,1.2562436553e-03,6.5264892382e-05,1.0000000000e+00,4.1921888688e+00,2.0679115636e+00,4.1921888688e+00,1.0000000000e+00,1.0002857242e+00,1.0000955859e+00,1.0002857242e+00,1.8986731696e+03,1.9421652654e+03,1.9618059794e+00,nan,3.7639479133e+00,3.8501670615e+00,3.8891030014e-03,nan,2.4563500129e+01,2.7961003720e-01,2.6576732028e+00,4.1909914012e+00,1.3982887048e-01,9.1252231893e-01,-1.2260291891e-01,-8.4044831233e-02,-9.4351131237e-03,5.5613142581e-01,3.2422198752e-01,503082,54,56,42,1.2562436553e-03,5.0363114451e-01,4.6118934919e-01,2.4934828609e-02,-3.6662387457e+00,-2.8951739791e+03,-7.1232314029e-03,-2.8951811024e+03,-1.0456232281e-05,4656,0,48,48,5.1142697444e-05,7.8189766427e-04,1.1021993578e-01,2.5194004930e-02,-3.6556324052e+00,-1.6687136722e-01,1.5290526467e-01,-1.3966102559e-02,-1.0578043924e-05,2.4916553665e-02,7.3052390088e-02,1.4368053650e-06,6.3156084177e-03,0,0,0,2.3958248488e-04,3.1921888688e+00,3.1924284512e+00,9.3176175816e-07,2.8572417675e-04,2.8665593851e-04,4.7495061735e-03,2.3958248488e+00
416,4.1600000000e-02,1.0000000000e-04,-9.1813356036e-02,1.3402848955e-01,1.5266386260e+00,2.5916256793e-01,-2.1544131069e-01,2.1544131069e-01,1.4925081634e+00,3.3611949919e-01,1.2362795465e-01,1.2368226151e-01,1.9245008972e-01,1.3186454049e-01,0.0000000000e+00,0.0000000000e+00,0.0000000000e+00,0.0000000000e+00,2.1996871985e-05,3.2110878572e-05,3.6575587553e-04,6.2090812014e-05,2.1996871985e-05,2.2444659468e-05,5.1106678511e-05,2.4549423143e-05,-1.0584102674e+01,1.0584131527e+01,2.8983559061e+03,1.3985257543e+02,-1.0584205524e+01,1.0584205524e+01,2.8983653225e+03,1.3984879749e+02,1.0285008034e-04,3.6364824962e-03,3.7754451336e-01,2.8771569608e-02,0.0000000000e+00,0.0000000000e+00,0.0000000000e+00,0.0000000000e+00,5.0269260991e-06,5.0269398030e-06,1.3765759269e-03,6.6423067038e-05,5.5931303647e-06,6.2756424481e-06,1.2562240544e-03,6.5229194287e-05,1.0000000000e+00,4.1921888688e+00,2.0679115636e+00,4.1921888688e+00,1.0000000000e+00,1.0002857242e+00,1.0000955859e+00,1.0002857242e+00,1.8985212720e+03,1.9419426933e+03,1.9617788379e+00,nan,3.7636467900e+00,3.8497258323e+00,3.8890491959e-03,nan,2.4580428449e+01,2.7960515316e-01,2.6570560908e+00,4.1909914012e+00,1.3972893378e-01,9.1257156970e-01,-1.2806233377e-01,-8.9801036168e-02,-9.3780796283e-03,5.5597204368e-01,3.2424258012e-01,501546,54,40,42,1.2562240544e-03,5.0488738817e-01,4.6117772026e-01,2.4924372377e-02,-3.6666688997e+00,-2.8944342367e+03,-9.5871994223e-03,-2.8944438239e+03,-1.0431011408e-05,4656,0,48,48,5.1106678511e-05,7.7278087924e-04,1.1027107847e-01,2.5183426886e-02,-3.6560632082e+00,-1.6697198328e-01,1.5294735013e-01,-1.4024633143e-02,-1.0573266571e-05,2.4906130121e-02,7.3061348695e-02,1.4289950295e-06,6.3483922297e-03,0,0,0,2.3958248488e-04,3.1921888688e+00,3.1924284512e+00,9.3176175816e-07,2.8572417675e-04,2.8665593851e-04,4.7495061735e-03,2.3958248488e+00
417,4.1700000000e-02,1.0000000000e-04,-9.1806006373e-02,1.3402571714e-01,1.5266542323e+00,2.5913326446e-01,-2.1544984913e-01,2.1544984913e-01,1.4925736707e+00,3.3609818117e-01,1.2364384276e-01,1.2369798382e-01,1.9245008771e-01,1.3187747464e-01,0.0000000000e+00,0.0000000000e+00,0.0000000000e+00,0.0000000000e+00,2.1995111134e-05,3.2110214350e-05,3.6575961453e-04,6.2083791416e-05,2.1995111134e-05,2.2440998419e-05,5.1070812004e-05,2.4541721613e-05,-1.0577894481e+01,1.0577923387e+01,2.8980914392e+03,1.3978950919e+02,-1.0577996840e+01,1.0577996840e+01,2.8980985652e+03,1.3978572804e+02,1.0235870178e-04,3.6386514184e-03,3.7753287560e-01,2.8772617290e-02,0.0000000000e+00,0.0000000000e+00,0.0000000000e+00,0.0000000000e+00,5.0239775140e-06,5.0239912431e-06,1.3764503182e-03,6.6393113690e-05,5.5909787662e-06,6.2754221218e-06,1.2561858722e-03,6.5193535926e-05,1.0000000000e+00,4.1921888688e+00,2.0679115636e+00,4.1921888688e+00,1.0000000000e+00,1.0002857242e+00,1.0000955859e+00,1.0002857242e+00,1.8983286313e+03,1.9416787406e+03,1.9617183868e+00,nan,3.7632648972e+00,3.8492025700e+00,3.8889293570e-03,nan,2.4596943400e+01,2.7964095022e-01,2.6564369426e+00,4.1909914012e+00,1.3962944507e-01,9.1262710732e-01,-1.3338124737e-01,-9.5365824602e-02,-9.3231711648e-03,5.5580943275e-01,3.2429434642e-01,503082,54,56,42,1.2561858722e-03,5.0614361222e-01,4.6116614295e-01,2.4913941365e-02,-3.6670981914e+00,-2.8936220870e+03,-1.2050765851e-02,-2.8936341378e+03,-1.0406349500e-05,446976,48,48,0,5.1070812004e-05,7.6352225736e-04,1.1032218515e-01,2.5172853620e-02,-3.6564939929e+00,-1.6707247999e-01,1.5298938152e-01,-1.4083098463e-02,-1.0569405965e-05,2.4895731353e-02,7.3070204340e-02,1.4217896993e-06,6.3810851813e-03,0,0,0,2.3958248488e-04,3.1921888688e+00,3.1924284512e+00,9.3176175816e-07,2.8572417675e-04,2.8665593851e-04,4.7495061735e-03,2.3958248488e+00
418,4.1800000000e-02,1.0000000000e-04,-9.1798651035e-02,1.3402294990e-01,1.5266695268e+00,2.5910398501e-01,-2.1545837967e-01,2.1545837967e-01,1.4926386619e+00,3.3607687893e-01,1.2365972864e-01,1.2371370456e-01,1.9245008952e-01,1.3189040992e-01,0.0000000000e+00,0.0000000000e+00,0.0000000000e+00,0.0000000000e+00,2.1993348924e-05,3.2109551369e-05,3.6576327881e-04,6.2076776573e-05,2.1993348924e-05,2.2437343013e-05,5.1035096112e-05,2.4534049461e-05,-1.0571686042e+01,1.0571715005e+01,2.8977641878e+03,1.3972650895e+02,-1.0571787920e+01,1.0571787920e+01,2.8977690236e+03,1.3972272467e+02,1.0187788509e-04,3.6407920921e-03,3.7751478664e-01,2.8773637871e-02,0.0000000000e+00,0.0000000000e+00,0.0000000000e+00,0.0000000000e+00,5.0210288122e-06,5.0210425682e-06,1.3762948899e-03,6.6363191686e-05,5.5879804961e-06,6.2749962246e-06,1.2561971900e-03,6.5157956774e-05,1.0000000000e+00,4.1921888688e+00,2.0679115636e+00,4.1921888688e+00,1.0000000000e+00,1.0002857242e+00,1.0000955859e+00,1.0002857242e+00,1.8980952571e+03,1.9413734198e+03,1.9616243753e+00,nan,3.7628022540e+00,3.8485972991e+00,3.8887429878e-03,nan,2.4614378844e+01,2.7966752663e-01,2.6558174539e+00,4.1909914012e+00,1.3953039867e-01,9.1273839581e-01,-1.3854895899e-01,-1.0072695267e-01,-9.2659140863e-03,5.5564507031e-01,3.2433695460e-01,520170,56,42,42,1.2561971900e-03,5.0739979809e-01,4.6115461712e-01,2.4903535016e-02,-3.6675266426e+00,-2.8927375611e+03,-1.4513800938e-02,-2.8927520749e+03,-1.0382371951e-05,442416,48,0,48,5.1035096112e-05,7.5411903172e-04,1.1037325596e-01,2.5162284214e-02,-3.6569247966e+00,-1.6717285464e-01,1.5303135901e-01,-1.4141495632e-02,-1.0566420927e-05,2.4885356625e-02,7.3078959228e-02,1.4153151452e-06,6.4136979259e-03,0,0,0,2.3958248488e-04,3.1921888688e+00,3.1924284512e+00,9.3176175816e-07,2.8572417675e-04,2.8665593851e-04,4.7495061735e-03,2.3958248488e+00
419,4.1900000000e-02,1.0000000000e-04,-9.1791287994e-02,1.3402018814e-01,1.5266845162e+00,2.5907472611e-01,-2.1546690028e-01,2.1546690028e-01,1.4927031450e+00,3.3605558879e-01,1.2367561229e-01,1.2372942372e-01,1.9245008943e-01,1.3190334633e-01,0.0000000000e+00,0.0000000000e+00,0.0000000000e+00,0.0000000000e+00,2.1991584868e-05,3.2108889699e-05,3.6576687002e-04,6.2069766651e-05,2.1991584868e-05,2.2433692774e-05,5.0999529058e-05,2.4526405877e-05,-1.0565477036e+01,1.0565506047e+01,2.8973741788e+03,1.3966357459e+02,-1.0565578441e+01,1.0565578441e+01,2.8973767249e+03,1.3965978726e+02,1.0140428521e-04,3.6429012726e-03,3.7749020532e-01,2.8774629924e-02,0.0000000000e+00,0.0000000000e+00,0.0000000000e+00,0.0000000000e+00,5.0180798411e-06,5.0180936197e-06,1.3761096549e-03,6.6333300975e-05,5.5854296346e-06,6.2734340214e-06,1.2562336451e-03,6.5122350306e-05,1.0000000000e+00,4.1921888688e+00,2.0679115636e+00,4.1921888688e+00,1.0000000000e+00,1.0002857242e+00,1.0000955859e+00,1.0002857242e+00,1.8978211596e+03,1.9410267437e+03,1.9614966480e+00,nan,3.7622588805e+00,3.8479100452e+00,3.8884897799e-03,nan,2.4632259715e+01,2.7964339552e-01,2.6551933713e+00,4.1909914012e+00,1.3943178904e-01,9.1288774888e-01,-1.4355893492e-01,-1.0587613997e-01,-9.2020148399e-03,5.5548158559e-01,3.2434214685e-01,521322,56,54,42,1.2562336451e-03,5.0865599528e-01,4.6114314263e-01,2.4893152644e-02,-3.6679542806e+00,-2.8917806621e+03,-1.6976308421e-02,-2.8917976384e+03,-1.0359185859e-05,446976,48,48,0,5.0999529058e-05,7.4451502817e-04,1.1042429106e-01,2.5151717793e-02,-3.6573556548e+00,-1.6727310466e-01,1.5307328278e-01,-1.4199821878e-02,-1.0564270342e-05,2.4875005122e-02,7.3087615438e-02,1.4095343845e-06,6.4462243890e-03,0,0,0,2.3958248488e-04,3.1921888688e+00,3.1924284512e+00,9.3176175816e-07,2.8572417675e-04,2.8665593851e-04,4.7495061735e-03,2.3958248488e+00
420,4.2000000000e-02,1.0000000000e-04,-9.1783915133e-02,1.3401742585e-01,1.5266992070e+00,2.5904548394e-01,-2.1547540883e-01,2.1547540883e-01,1.4927671273e+00,3.3603430684e-01,1.2369149370e-01,1.2374514132e-01,1.9245008972e-01,1.3191628385e-01,0.0000000000e+00,0.0000000000e+00,0.0000000000e+00,0.0000000000e+00,2.1989818460e-05,3.2108227903e-05,3.6577038968e-04,6.2062760740e-05,2.1989818460e-05,2.2430047218e-05,5.0964109102e-05,2.4518790040e-05,-1.0559267246e+01,1.0559296307e+01,2.8969214456e+03,1.3960070572e+02,-1.0559368185e+01,1.0559368185e+01,2.8969217024e+03,1.3959691540e+02,1.0093964077e-04,3.6449807827e-03,3.7750837484e-01,2.8775592578e-02,0.0000000000e+00,0.0000000000e+00,0.0000000000e+00,0.0000000000e+00,5.0151304970e-06,5.0151443000e-06,1.3758946290e-03,6.6303441364e-05,5.5825543906e-06,6.2728197370e-06,1.2562814928e-03,6.5086770690e-05,1.0000000000e+00,4.1921888688e+00,2.0679115636e+00,4.1921888688e+00,1.0000000000e+00,1.0002857242e+00,1.0000955859e+00,1.0002857242e+00,1.8975063538e+03,1.9406387303e+03,1.9615910566e+00,nan,3.7616348065e+00,3.8471408436e+00,3.8886769364e-03,nan,2.4650317938e+01,2.7966145930e-01,2.6545669906e+00,4.1909914012e+00,1.3933361075e-01,9.1306519139e-01,-1.4846306423e-01,-1.1085006616e-01,-9.1353750766e-03,5.5532767603e-01,3.2438416656e-01,503082,54,56,42,1.2562814928e-03,5.0991222893e-01,4.6113171933e-01,2.4882793458e-02,-3.6683811368e+00,-2.8907513895e+03,-1.9438244205e-02,-2.8907708278e+03,-1.0336887651e-05,446976,48,48,0,5.0964109102e-05,7.3473827855e-04,1.1047529059e-01,2.5141153523e-02,-3.6577866016e+00,-1.6737322756e-01,1.5311515301e-01,-1.4258074550e-02,-1.0562912678e-05,2.4864675981e-02,7.3096174893e-02,1.4043430268e-06,6.4786383603e-03,0,0,0,2.3958248488e-04,3.1921888688e+00,3.1924284512e+00,9.3176175816e-07,2.8572417675e-04,2.8665593851e-04,4.7495061735e-03,2.3958248488e+00
421,4.2100000000e-02,1.0000000000e-04,-9.1776530261e-02,1.3401466092e-01,1.5267136052e+00,2.5901625444e-01,-2.1548390314e-01,2.1548390314e-01,1.4928306159e+00,3.3601302890e-01,1.2370737288e-01,1.2376085732e-01,1.9245008797e-01,1.3192922247e-01,0.0000000000e+00,0.0000000000e+00,0.0000000000e+00,0.0000000000e+00,2.1988049174e-05,3.2107565473e-05,3.6577383925e-04,6.2055757863e-05,2.1988049174e-05,2.2426405851e-05,5.0928834534e-05,2.4511201124e-05,-1.0553056682e+01,1.0553085798e+01,2.8965152948e+03,1.3953790081e+02,-1.0553157164e+01,1.0553157164e+01,2.8965186627e+03,1.3953410758e+02,1.0048270205e-04,3.6471396348e-03,3.7752934657e-01,2.8776526228e-02,0.0000000000e+00,0.0000000000e+00,0.0000000000e+00,0.0000000000e+00,5.0121807859e-06,5.0121946148e-06,1.3757017274e-03,6.6273612134e-05,5.5794880081e-06,6.2724993129e-06,1.2562906854e-03,6.5051282786e-05,1.0000000000e+00,4.1921888688e+00,2.0679115636e+00,4.1921888688e+00,1.0000000000e+00,1.0002857242e+00,1.0000955859e+00,1.0002857242e+00,1.8972224292e+03,1.9402862133e+03,1.9617000467e+00,nan,3.7610719516e+00,3.8464420105e+00,3.8888929994e-03,nan,2.4667571855e+01,2.7969258001e-01,2.6539410474e+00,4.1909914012e+00,1.3923585853e-01,9.1319990397e-01,-1.5325116318e-01,-1.1564066540e-01,-9.0618580351e-03,5.5517819021e-01,3.2443140293e-01,502904,54,54,56,1.2562906854e-03,5.1116851042e-01,4.6112034707e-01,2.4872456571e-02,-3.6688072468e+00,-2.8896497412e+03,-2.1899537205e-02,-2.8896716407e+03,-1.0315554872e-05,446976,48,48,0,5.0928834534e-05,7.2495330621e-04,1.1052625470e-01,2.5130590610e-02,-3.6582176695e+00,-1.6747322098e-01,1.5315696986e-01,-1.4316251115e-02,-1.0562290674e-05,2.4854368290e-02,7.3104639457e-02,1.3997986332e-06,6.5108207820e-03,0,0,0,2.3958248488e-04,3.1921888688e+00,3.1924284512e+00,9.3176175816e-07,2.8572417675e-04,2.8665593851e-04,4.7495061735e-03,2.3958248488e+00
422,4.2200000000e-02,1.0000000000e-04,-9.1769131116e-02,1.3401189320e-01,1.5267277167e+00,2.5898703324e-01,-2.1549238093e-01,2.1549238093e-01,1.4928936177e+00,3.3599175059e-01,1.2372324982e-01,1.2377657211e-01,1.9245008930e-01,1.3194216217e-01,0.0000000000e+00,0.0000000000e+00,0.0000000000e+00,0.0000000000e+00,2.1986276468e-05,3.2106902377e-05,3.6577722010e-04,6.2048756977e-05,2.1986276468e-05,2.2422768174e-05,5.0893703710e-05,2.4503638295e-05,-1.0546845290e+01,1.0546874468e+01,2.8960860635e+03,1.3947515977e+02,-1.0546945322e+01,1.0546945322e+01,2.8960871018e+03,1.3947136371e+02,1.0003270420e-04,3.6492808308e-03,3.7754308066e-01,2.8777430598e-02,0.0000000000e+00,0.0000000000e+00,0.0000000000e+00,0.0000000000e+00,5.0092306814e-06,5.0092445395e-06,1.3754978638e-03,6.6243813239e-05,5.5768043756e-06,6.2722257850e-06,1.2562613856e-03,6.5015871816e-05,1.0000000000e+00,4.1921888688e+00,2.0679115636e+00,4.1921888688e+00,1.0000000000e+00,1.0002857242e+00,1.0000955859e+00,1.0002857242e+00,1.8969237487e+03,1.9399152542e+03,1.9617713976e+00,nan,3.7604798445e+00,3.8457066176e+00,3.8890344461e-03,nan,2.4684023641e+01,2.7972575626e-01,2.6533150316e+00,4.1909914012e+00,1.3913852726e-01,9.1331394883e-01,-1.5794215188e-01,-1.2026641425e-01,-8.9606323178e-03,5.5504129435e-01,3.2449376846e-01,373866,40,54,42,1.2562613856e-03,5.1242480111e-01,4.6110902570e-01,2.4862141016e-02,-3.6692326495e+00,-2.8884757392e+03,-2.4360018284e-02,-2.8885000993e+03,-1.0295265837e-05,4656,0,48,48,5.0893703710e-05,7.1504333404e-04,1.1057718353e-01,2.5120028319e-02,-3.6586488885e+00,-1.6757308274e-01,1.5319873352e-01,-1.4374349218e-02,-1.0562366344e-05,2.4844081053e-02,7.3113010869e-02,1.3959085093e-06,6.5427151568e-03,0,0,0,2.3958248488e-04,3.1921888688e+00,3.1924284512e+00,9.3176175816e-07,2.8572417675e-04,2.8665593851e-04,4.7495061735e-03,2.3958248488e+00
423,4.2300000000e-02,1.0000000000e-04,-9.1761715374e-02,1.3400912505e-01,1.5267415468e+00,2.5895781574e-01,-2.1550083989e-01,2.1550083989e-01,1.4929561392e+00,3.3597046727e-01,1.2373912451e-01,1.2379228846e-01,1.9245008949e-01,1.3195510293e-01,0.0000000000e+00,0.0000000000e+00,0.0000000000e+00,0.0000000000e+00,2.1984499786e-05,3.2106239176e-05,3.6578053356e-04,6.2041756975e-05,2.1984499786e-05,2.2419133680e-05,5.0858715005e-05,2.4496100716e-05,-1.0540632947e+01,1.0540662194e+01,2.8955917917e+03,1.3941248140e+02,-1.0540732538e+01,1.0540732538e+01,2.8955905005e+03,1.3940868257e+02,9.9591135594e-05,3.6515325699e-03,3.7754952932e-01,2.8778305477e-02,0.0000000000e+00,0.0000000000e+00,0.0000000000e+00,0.0000000000e+00,5.0062801253e-06,5.0062940164e-06,1.3752631091e-03,6.6214044108e-05,5.5737539080e-06,6.2723016023e-06,1.2561895369e-03,6.4980533912e-05,1.0000000000e+00,4.1921888688e+00,2.0679115636e+00,4.1921888688e+00,1.0000000000e+00,1.0002857242e+00,1.0000955859e+00,1.0002857242e+00,1.8965828222e+03,1.9395013856e+03,1.9618049039e+00,nan,3.7598039886e+00,3.8448861606e+00,3.8891008694e-03,nan,2.4699592524e+01,2.7977448602e-01,2.6526888776e+00,4.1909914012e+00,1.3904161195e-01,9.1341760618e-01,-1.6251558963e-01,-1.2469001606e-01,-8.8730836040e-03,5.5488956695e-01,3.2455721542e-01,502904,54,54,56,1.2561895369e-03,5.1368106249e-01,4.6109775505e-01,2.4851845750e-02,-3.6696573871e+00,-2.8872294127e+03,-2.6819518723e-02,-2.8872562322e+03,-1.0276081265e-05,4656,0,48,48,5.0858715005e-05,7.0500845780e-04,1.1062807724e-01,2.5109465953e-02,-3.6590802873e+00,-1.6767281077e-01,1.5324044416e-01,-1.4432366612e-02,-1.0563092648e-05,2.4833813223e-02,7.3121290738e-02,1.3926182890e-06,6.5742683353e-03,0,0,0,2.3958248488e-04,3.1921888688e+00,3.1924284512e+00,9.3176175816e-07,2.8572417675e-04,2.8665593851e-04,4.7495061735e-03,2.3958248488e+00
424,4.2400000000e-02,1.0000000000e-04,-9.1754280655e-02,1.3400635486e-01,1.5267551008e+00,2.5892859707e-01,-2.1550927762e-01,2.1550927762e-01,1.4930181864e+00,3.3594917412e-01,1.2375499696e-01,1.2380800319e-01,1.9245008826e-01,1.3196804474e-01,0.0000000000e+00,0.0000000000e+00,0.0000000000e+00,0.0000000000e+00,2.1982718558e-05,3.2105575487e-05,3.6578378086e-04,6.2034756693e-05,2.1982718558e-05,2.2415501862e-05,5.0823866837e-05,2.4488587546e-05,-1.0534419876e+01,1.0534449203e+01,2.8951412279e+03,1.3934986633e+02,-1.0534519032e+01,1.0534519032e+01,2.8951461902e+03,1.3934606480e+02,9.9156543898e-05,3.6538659184e-03,3.7754975349e-01,2.8779151370e-02,0.0000000000e+00,0.0000000000e+00,0.0000000000e+00,0.0000000000e+00,5.0033292235e-06,5.0033431523e-06,1.3750491135e-03,6.6184305040e-05,5.5705320246e-06,6.2720483038e-06,1.2561090969e-03,6.4945253693e-05,1.0000000000e+00,4.1921888688e+00,2.0679115636e+00,4.1921888688e+00,1.0000000000e+00,1.0002857242e+00,1.0000955859e+00,1.0002857242e+00,1.8962708730e+03,1.9391231912e+03,1.9618060813e+00,nan,3.7591855776e+00,3.8441364244e+00,3.8891032034e-03,nan,2.4714945460e+01,2.7980851566e-01,2.6520620501e+00,4.1909914012e+00,1.3894510773e-01,9.1350125942e-01,-1.6701256593e-01,-1.2892852273e-01,-8.7808281149e-03,5.5473749663e-01,3.2460888784e-01,391144,42,42,40,1.2561090969e-03,5.1493725203e-01,4.6108653496e-01,2.4841569669e-02,-3.6700815042e+00,-2.8859108016e+03,-2.9277861992e-02,-2.8859400795e+03,-1.0258072199e-05,442416,48,0,48,5.0823866837e-05,6.9487143191e-04,1.1067893595e-01,2.5098902860e-02,-3.6595118926e+00,-1.6777240313e-01,1.5328210193e-01,-1.4490301196e-02,-1.0564419262e-05,2.4823563683e-02,7.3129480542e-02,1.3899749854e-06,6.6054998732e-03,0,0,0,2.3958248488e-04,3.1921888688e+00,3.1924284512e+00,9.3176175816e-07,2.8572417675e-04,2.8665593851e-04,4.7495061735e-03,2.3958248488e+00
425,4.2500000000e-02,1.0000000000e-04,-9.1746824535e-02,1.3400357851e-01,1.5267683833e+00,2.5889937215e-01,-2.1551769170e-01,2.1551769170e-01,1.4930797653e+00,3.3592786615e-01,1.2377086717e-01,1.2382371631e-01,1.9245008970e-01,1.3198098759e-01,0.0000000000e+00,0.0000000000e+00,0.0000000000e+00,0.0000000000e+00,2.1980932202e-05,3.2104910322e-05,3.6578696311e-04,6.2027754914e-05,2.1980932202e-05,2.2411873026e-05,5.0789157674e-05,2.4481097947e-05,-1.0528206009e+01,1.0528235402e+01,2.8953042698e+03,1.3928731410e+02,-1.0528304737e+01,1.0528304737e+01,2.8953279992e+03,1.3928350995e+02,9.8728227666e-05,3.6561675703e-03,3.7754846971e-01,2.8779968005e-02,0.0000000000e+00,0.0000000000e+00,0.0000000000e+00,0.0000000000e+00,5.0003779434e-06,5.0003919037e-06,1.3751265504e-03,6.6154595822e-05,5.5689586393e-06,6.2698892537e-06,1.2560053858e-03,6.4909539062e-05,1.0000000000e+00,4.1921888688e+00,2.0679115636e+00,4.1921888688e+00,1.0000000000e+00,1.0002857242e+00,1.0000955859e+00,1.0002857242e+00,1.8963611649e+03,1.9391649840e+03,1.9617993959e+00,nan,3.7593645729e+00,3.8442192748e+00,3.8890899502e-03,nan,2.4729793588e+01,2.7975748597e-01,2.6514145405e+00,4.1909914012e+00,1.3884900993e-01,9.1337439848e-01,-1.7134714316e-01,-1.3293512637e-01,-8.6790503082e-03,5.5458861380e-01,3.2457030632e-01,502904,54,54,56,1.2560053858e-03,5.1619336113e-01,4.6107536528e-01,2.4831311596e-02,-3.6705050486e+00,-2.8845199289e+03,-3.1734938140e-02,-2.8845516638e+03,-1.0241287711e-05,446976,48,48,0,5.0789157674e-05,6.8464234608e-04,1.1072975982e-01,2.5088338441e-02,-3.6599437291e+00,-1.6787185805e-01,1.5332370703e-01,-1.4548151020e-02,-1.0566299581e-05,2.4813331254e-02,7.3137581612e-02,1.3879592761e-06,6.6365421711e-03,0,0,0,2.3958248488e-04,3.1921888688e+00,3.1924284512e+00,9.3176175816e-07,2.8572417675e-04,2.8665593851e-04,4.7495061735e-03,2.3958248488e+00
426,4.2600000000e-02,1.0000000000e-04,-9.1739344548e-02,1.3400079119e-01,1.5267813987e+00,2.5887013569e-01,-2.1552607966e-01,2.1552607966e-01,1.4931408811e+00,3.3590653817e-01,1.2378673512e-01,1.2383942780e-01,1.9245008519e-01,1.3199393146e-01,0.0000000000e+00,0.0000000000e+00,0.0000000000e+00,0.0000000000e+00,2.1979140128e-05,3.2104242529e-05,3.6579008138e-04,6.2020750371e-05,2.1979140128e-05,2.2408245918e-05,5.0754586025e-05,2.4473631079e-05,-1.0521991213e+01,1.0522020675e+01,2.8954338781e+03,1.3922482338e+02,-1.0522089526e+01,1.0522089526e+01,2.8954553253e+03,1.3922101668e+02,9.8312637645e-05,3.6584440296e-03,3.7754951250e-01,2.8780755189e-02,0.0000000000e+00,0.0000000000e+00,0.0000000000e+00,0.0000000000e+00,4.9974262226e-06,4.9974402152e-06,1.3751881079e-03,6.6124915816e-05,5.5663410675e-06,6.2700913769e-06,1.2558776539e-03,6.4873774326e-05,1.0000000000e+00,4.1921888688e+00,2.0679115636e+00,4.1921888688e+00,1.0000000000e+00,1.0002857242e+00,1.0000955859e+00,1.0002857242e+00,1.8964298887e+03,1.9391708860e+03,1.9618048604e+00,nan,3.7595008118e+00,3.8442309750e+00,3.8891007830e-03,nan,2.4744121709e+01,2.7981178892e-01,2.6507621250e+00,4.1909914012e+00,1.3875331401e-01,9.1324062991e-01,-1.7563809393e-01,-1.3680290064e-01,-8.5825801580e-03,5.5445049952e-01,3.2464567007e-01,390954,42,40,42,1.2558776539e-03,5.1744936651e-01,4.6106424581e-01,2.4821070309e-02,-3.6709280701e+00,-2.8830568311e+03,-3.4190608587e-02,-2.8830910217e+03,-1.0225741221e-05,4656,0,48,48,5.0754586025e-05,6.7433288343e-04,1.1078054898e-01,2.5077772141e-02,-3.6603758198e+00,-1.6797117388e-01,1.5336525960e-01,-1.4605914279e-02,-1.0568687581e-05,2.4803115057e-02,7.3145595124e-02,1.3860644453e-06,6.6674499002e-03,0,0,0,2.3958248488e-04,3.1921888688e+00,3.1924284512e+00,9.3176175816e-07,2.8572417675e-04,2.8665593851e-04,4.7495061735e-03,2.3958248488e+00
427,4.2700000000e-02,1.0000000000e-04,-9.1731838217e-02,1.3399798642e-01,1.5267941510e+00,2.5884088229e-01,-2.1553443903e-01,2.1553443903e-01,1.4932015386e+00,3.3588518493e-01,1.2380260081e-01,1.2385513766e-01,1.9245008932e-01,1.3200687633e-01,0.0000000000e+00,0.0000000000e+00,0.0000000000e+00,0.0000000000e+00,2.1977341743e-05,3.2103570555e-05,3.6579313659e-04,6.2013741768e-05,2.1977341743e-05,2.2404620648e-05,5.0720150438e-05,2.4466186107e-05,-1.0515776051e+01,1.0515805573e+01,2.8955004652e+03,1.3916238648e+02,-1.0515873957e+01,1.0515873957e+01,2.8955196298e+03,1.3915857731e+02,9.7905927695e-05,3.6608106976e-03,3.7754912597e-01,2.8781518159e-02,0.0000000000e+00,0.0000000000e+00,0.0000000000e+00,0.0000000000e+00,4.9944743273e-06,4.9944883489e-06,1.3752197335e-03,6.6095261373e-05,5.5632095665e-06,6.2694866509e-06,1.2557416067e-03,6.4838218852e-05,1.0000000000e+00,4.1921888688e+00,2.0679115636e+00,4.1921888688e+00,1.0000000000e+00,1.0002857242e+00,1.0000955859e+00,1.0002857242e+00,1.8964576616e+03,1.9391351769e+03,1.9618028098e+00,nan,3.7595558690e+00,3.8441601849e+00,3.8890967179e-03,nan,2.4758239001e+01,2.7983007387e-01,2.6501154927e+00,4.1909914012e+00,1.3865801560e-01,9.1312070074e-01,-1.7978074733e-01,-1.4044570680e-01,-8.4850435725e-03,5.5430577169e-01,3.2469294877e-01,503082,54,56,42,1.2557416067e-03,5.1870524417e-01,4.6105317640e-01,2.4810844567e-02,-3.6713506192e+00,-2.8815215528e+03,-3.6644733426e-02,-2.8815581975e+03,-1.0211485659e-05,442416,48,0,48,5.0720150438e-05,6.6389736046e-04,1.1083130356e-01,2.5067203454e-02,-3.6608081856e+00,-1.6807034912e-01,1.5340675981e-01,-1.4663589312e-02,-1.0571534856e-05,2.4792913745e-02,7.3153522070e-02,1.3850003288e-06,6.6982463721e-03,0,0,0,2.3958248488e-04,3.1921888688e+00,3.1924284512e+00,9.3176175816e-07,2.8572417675e-04,2.8665593851e-04,4.7495061735e-03,2.3958248488e+00
428,4.2800000000e-02,1.0000000000e-04,-9.1724303035e-02,1.3399516590e-01,1.5268066434e+00,2.5881160633e-01,-2.1554276729e-01,2.1554276729e-01,1.4932617424e+00,3.3586380101e-01,1.2381846426e-01,1.2387084588e-01,1.9245008816e-01,1.3201982219e-01,0.0000000000e+00,0.0000000000e+00,0.0000000000e+00,0.0000000000e+00,2.1975536445e-05,3.2102894809e-05,3.6579612957e-04,6.2006727762e-05,2.1975536445e-05,2.2400995987e-05,5.0685849509e-05,2.4458762202e-05,-1.0509559836e+01,1.0509589417e+01,2.8955039745e+03,1.3910000302e+02,-1.0509657342e+01,1.0509657342e+01,2.8955208559e+03,1.3909619144e+02,9.7505981916e-05,3.6631562648e-03,3.7754921600e-01,2.8782254061e-02,0.0000000000e+00,0.0000000000e+00,0.0000000000e+00,0.0000000000e+00,4.9915219321e-06,4.9915359819e-06,1.3752214002e-03,6.6065632309e-05,5.5596655152e-06,6.2687040967e-06,1.2555940033e-03,6.4802764892e-05,1.0000000000e+00,4.1921888688e+00,2.0679115636e+00,4.1921888688e+00,1.0000000000e+00,1.0002857242e+00,1.0000955859e+00,1.0002857242e+00,1.8964444430e+03,1.9390578179e+03,1.9618032895e+00,nan,3.7595296643e+00,3.8440068278e+00,3.8890976688e-03,nan,2.4772081665e+01,2.7984041872e-01,2.6494703353e+00,4.1909914012e+00,1.3856311047e-01,9.1301226340e-01,-1.8377023462e-01,-1.4385661405e-01,-8.3862971637e-03,5.5415908675e-01,3.2473128432e-01,501558,54,40,54,1.2555940033e-03,5.1996098577e-01,4.6104215684e-01,2.4800633082e-02,-3.6717727487e+00,-2.8799141291e+03,-3.9097203566e-02,-2.8799532263e+03,-1.0198561294e-05,4656,0,48,48,5.0685849509e-05,6.5328398229e-04,1.1088202371e-01,2.5056631919e-02,-3.6612408455e+00,-1.6816938244e-01,1.5344820783e-01,-1.4721174608e-02,-1.0574795339e-05,2.4782725830e-02,7.3161363259e-02,1.3846451939e-06,6.7289393513e-03,0,0,0,2.3958248488e-04,3.1921888688e+00,3.1924284512e+00,9.3176175816e-07,2.8572417675e-04,2.8665593851e-04,4.7495061735e-03,2.3958248488e+00
429,4.2900000000e-02,1.0000000000e-04,-9.1716736478e-02,1.3399232713e-01,1.5268188790e+00,2.5878230207e-01,-2.1555106192e-01,2.1555106192e-01,1.4933214963e+00,3.3584238088e-01,1.2383432544e-01,1.2388655246e-01,1.9245008954e-01,1.3203276904e-01,0.0000000000e+00,0.0000000000e+00,0.0000000000e+00,0.0000000000e+00,2.1973723631e-05,3.2102214689e-05,3.6579906101e-04,6.1999706974e-05,2.1973723631e-05,2.2397371426e-05,5.0651681876e-05,2.4451358543e-05,-1.0503342110e+01,1.0503371752e+01,2.8954443514e+03,1.3903767155e+02,-1.0503439222e+01,1.0503439222e+01,2.8954589494e+03,1.3903385763e+02,9.7111123558e-05,3.6654690662e-03,3.7754224224e-01,2.8782961329e-02,0.0000000000e+00,0.0000000000e+00,0.0000000000e+00,0.0000000000e+00,4.9885688196e-06,4.9885828980e-06,1.3751930822e-03,6.6036027936e-05,5.5555877859e-06,6.2680238367e-06,1.2554415535e-03,6.4767378628e-05,1.0000000000e+00,4.1921888688e+00,2.0679115636e+00,4.1921888688e+00,1.0000000000e+00,1.0002857242e+00,1.0000955859e+00,1.0002857242e+00,1.8963901948e+03,1.9389387727e+03,1.9617670386e+00,nan,3.7594221222e+00,3.8437708314e+00,3.8890258047e-03,nan,2.4785782170e+01,2.7985533291e-01,2.6488253613e+00,4.1909914012e+00,1.3846859458e-01,9.1292020718e-01,-1.8760229061e-01,-1.4703101202e-01,-8.2863523463e-03,5.5402067212e-01,3.2477355528e-01,373866,40,54,42,1.2554415535e-03,5.2121657978e-01,4.6103118697e-01,2.4790434520e-02,-3.6721945129e+00,-2.8782346007e+03,-4.1547903695e-02,-2.8782761486e+03,-1.0187001060e-05,446976,48,48,0,5.0651681876e-05,6.4240230133e-04,1.1093270956e-01,2.5046057124e-02,-3.6616738169e+00,-1.6826827263e-01,1.5348960382e-01,-1.4778668801e-02,-1.0578423563e-05,2.4772549807e-02,7.3169119302e-02,1.3849090900e-06,6.7595416569e-03,0,0,0,2.3958248488e-04,3.1921888688e+00,3.1924284512e+00,9.3176175816e-07,2.8572417675e-04,2.8665593851e-04,4.7495061735e-03,2.3958248488e+00
430,4.3000000000e-02,1.0000000000e-04,-9.1709136019e-02,1.3398946904e-01,1.5268308602e+00,2.5875296362e-01,-2.1555932039e-01,2.1555932039e-01,1.4933808037e+00,3.3582091892e-01,1.2385018437e-01,1.2390225740e-01,1.9245008973e-01,1.3204571684e-01,0.0000000000e+00,0.0000000000e+00,0.0000000000e+00,0.0000000000e+00,2.1971902694e-05,3.2101529941e-05,3.6580193147e-04,6.1992677996e-05,2.1971902694e-05,2.2393746462e-05,5.0617646218e-05,2.4443974319e-05,-1.0497122606e+01,1.0497152305e+01,2.8953215524e+03,1.3897539023e+02,-1.0497219325e+01,1.0497219325e+01,2.8953338666e+03,1.3897157404e+02,9.6719222035e-05,3.6677470471e-03,3.7752828994e-01,2.8783639329e-02,0.0000000000e+00,0.0000000000e+00,0.0000000000e+00,0.0000000000e+00,4.9856148620e-06,4.9856289676e-06,1.3751347587e-03,6.6006447386e-05,5.5516207704e-06,6.2669726908e-06,1.2552783669e-03,6.4732022343e-05,1.0000000000e+00,4.1921888688e+00,2.0679115636e+00,4.1921888688e+00,1.0000000000e+00,1.0002857242e+00,1.0000955859e+00,1.0002857242e+00,1.8962948863e+03,1.9387780126e+03,1.9616945384e+00,nan,3.7592331817e+00,3.8434521391e+00,3.8888820797e-03,nan,2.4799224395e+01,2.7985369494e-01,2.6481791176e+00,4.1909914012e+00,1.3837446405e-01,9.1284025724e-01,-1.9125552642e-01,-1.4994895383e-01,-8.1853071293e-03,5.5388035658e-01,3.2480754494e-01,521322,56,54,42,1.2552783669e-03,5.2247202133e-01,4.6102026657e-01,2.4780247519e-02,-3.6726159679e+00,-2.8764830046e+03,-4.3996731701e-02,-2.8765270013e+03,-1.0176830445e-05,4656,0,48,48,5.0617646218e-05,6.3125683716e-04,1.1098336124e-01,2.5035478700e-02,-3.6621071151e+00,-1.6836701862e-01,1.5353094795e-01,-1.4836070671e-02,-1.0582372906e-05,2.4762384203e-02,7.3176790614e-02,1.3857531536e-06,6.7900630776e-03,0,0,0,2.3958248488e-04,3.1921888688e+00,3.1924284512e+00,9.3176175816e-07,2.8572417675e-04,2.8665593851e-04,4.7495061735e-03,2.3958248488e+00
431,4.3100000000e-02,1.0000000000e-04,-9.1701499134e-02,1.3398658595e-01,1.5268425887e+00,2.5872358501e-01,-2.1556754018e-01,2.1556754018e-01,1.4934396673e+00,3.3579940944e-01,1.2386604104e-01,1.2391796069e-01,1.9245008917e-01,1.3205866560e-01,0.0000000000e+00,0.0000000000e+00,0.0000000000e+00,0.0000000000e+00,2.1970073030e-05,3.2100839203e-05,3.6580474142e-04,6.1985639394e-05,2.1970073030e-05,2.2390120598e-05,5.0583741262e-05,2.4436608731e-05,-1.0490901063e+01,1.0490930812e+01,2.8951355323e+03,1.3891315674e+02,-1.0490997393e+01,1.0490997393e+01,2.8951455628e+03,1.3890933835e+02,9.6330688974e-05,3.6699906892e-03,3.7750744561e-01,2.8784287633e-02,0.0000000000e+00,0.0000000000e+00,0.0000000000e+00,0.0000000000e+00,4.9826599363e-06,4.9826740659e-06,1.3750464084e-03,6.5976889554e-05,5.5485587809e-06,6.2651506489e-06,1.2550939123e-03,6.4696407672e-05,1.0000000000e+00,4.1921888688e+00,2.0679115636e+00,4.1921888688e+00,1.0000000000e+00,1.0002857242e+00,1.0000955859e+00,1.0002857242e+00,1.8961584867e+03,1.9385755088e+03,1.9615862338e+00,nan,3.7589627818e+00,3.8430506935e+00,3.8886673755e-03,nan,2.4812200146e+01,2.7981763749e-01,2.6475198905e+00,4.1909914012e+00,1.3828071519e-01,9.1276476536e-01,-1.9470090225e-01,-1.5258715061e-01,-8.0808518243e-03,5.5374019198e-01,3.2479984523e-01,392296,42,54,40,1.2550939123e-03,5.2372729970e-01,4.6100939544e-01,2.4770070689e-02,-3.6730371708e+00,-2.8746593868e+03,-4.6443574087e-02,-2.8747058303e+03,-1.0168064883e-05,4656,0,48,48,5.0583741262e-05,6.1985388010e-04,1.1103397889e-01,2.5024896327e-02,-3.6625407536e+00,-1.6846561950e-01,1.5357224036e-01,-1.4893379144e-02,-1.0586599539e-05,2.4752227571e-02,7.3184377413e-02,1.3871286110e-06,6.8205007201e-03,0,0,0,2.3958248488e-04,3.1921888688e+00,3.1924284512e+00,9.3176175816e-07,2.8572417675e-04,2.8665593851e-04,4.7495061735e-03,2.3958248488e+00
432,4.3200000000e-02,1.0000000000e-04,-9.1693823313e-02,1.3398367413e-01,1.5268540658e+00,2.5869416018e-01,-2.1557571876e-01,2.1557571876e-01,1.4934980894e+00,3.3577784673e-01,1.2388189545e-01,1.2393366233e-01,1.9245008928e-01,1.3207161529e-01,0.0000000000e+00,0.0000000000e+00,0.0000000000e+00,0.0000000000e+00,2.1968234038e-05,3.2100141582e-05,3.6580749115e-04,6.1978589720e-05,2.1968234038e-05,2.2386493346e-05,5.0549965777e-05,2.4429260994e-05,-1.0484677302e+01,1.0484707107e+01,2.8948862521e+03,1.3885096867e+02,-1.0484773251e+01,1.0484773251e+01,2.8948939987e+03,1.3884714814e+02,9.5949062760e-05,3.6722035810e-03,3.7747979649e-01,2.8784906143e-02,0.0000000000e+00,0.0000000000e+00,0.0000000000e+00,0.0000000000e+00,4.9797039572e-06,4.9797181133e-06,1.3749280126e-03,6.5947353289e-05,5.5455330165e-06,6.2647580633e-06,1.2548862888e-03,6.4660733671e-05,1.0000000000e+00,4.1921888688e+00,2.0679115636e+00,4.1921888688e+00,1.0000000000e+00,1.0002857242e+00,1.0000955859e+00,1.0002857242e+00,1.8959809695e+03,1.9383312368e+03,1.9614425636e+00,nan,3.7586108701e+00,3.8425664463e+00,3.8883825625e-03,nan,2.4824671382e+01,2.7984543923e-01,2.6468559031e+00,4.1909914012e+00,1.3818734444e-01,9.1269235720e-01,-1.9797632202e-01,-1.5496680980e-01,-7.9963340940e-03,5.5358781113e-01,3.2482816795e-01,502904,54,54,56,1.2548862888e-03,5.2498239361e-01,4.6099857339e-01,2.4759902624e-02,-3.6734581794e+00,-2.8727638094e+03,-4.8888296980e-02,-2.8728126977e+03,-1.0160687318e-05,4656,0,48,48,5.0549965777e-05,6.0819412128e-04,1.1108456263e-01,2.5014309728e-02,-3.6629747440e+00,-1.6856407450e-01,1.5361348121e-01,-1.4950593289e-02,-1.0591066342e-05,2.4742078510e-02,7.3191879747e-02,1.3887553453e-06,6.8507319740e-03,0,0,0,2.3958248488e-04,3.1921888688e+00,3.1924284512e+00,9.3176175816e-07,2.8572417675e-04,2.8665593851e-04,4.7495061735e-03,2.3958248488e+00
433,4.3300000000e-02,1.0000000000e-04,-9.1686106079e-02,1.3398073218e-01,1.5268652926e+00,2.5866468307e-01,-2.1558385368e-01,2.1558385368e-01,1.4935560718e+00,3.3575622507e-01,1.2389774760e-01,1.2394936231e-01,1.9245008959e-01,1.3208456590e-01,0.0000000000e+00,0.0000000000e+00,0.0000000000e+00,0.0000000000e+00,2.1966385124e-05,3.2099436741e-05,3.6581018087e-04,6.1971527522e-05,2.1966385124e-05,2.2382864224e-05,5.0516318564e-05,2.4421930338e-05,-1.0478451434e+01,1.0478481296e+01,2.8945736791e+03,1.3878881949e+02,-1.0478547008e+01,1.0478547008e+01,2.8945791423e+03,1.3878499689e+02,9.5574620798e-05,3.6743859368e-03,3.7747246717e-01,2.8785497568e-02,0.0000000000e+00,0.0000000000e+00,0.0000000000e+00,0.0000000000e+00,4.9767469774e-06,4.9767611603e-06,1.3747795559e-03,6.5917835500e-05,5.5426746434e-06,6.2642058160e-06,1.2546355756e-03,6.4625103620e-05,1.0000000000e+00,4.1921888688e+00,2.0679115636e+00,4.1921888688e+00,1.0000000000e+00,1.0002857242e+00,1.0000955859e+00,1.0002857242e+00,1.8957623133e+03,1.9380451775e+03,1.9614044762e+00,nan,3.7581774039e+00,3.8419993597e+00,3.8883070575e-03,nan,2.4836243244e+01,2.7986614015e-01,2.6461914650e+00,4.1909914012e+00,1.3809434839e-01,9.1260854896e-01,-2.0104639484e-01,-1.5706749304e-01,-7.9103545619e-03,5.5343658199e-01,3.2485781319e-01,373866,40,54,42,1.2546355756e-03,5.2623727990e-01,4.6098780020e-01,2.4749741937e-02,-3.6738790508e+00,-2.8707963458e+03,-5.1330763012e-02,-2.8708476766e+03,-1.0154712852e-05,442416,48,0,48,5.0516318564e-05,5.9630098303e-04,1.1113511260e-01,2.5003718661e-02,-3.6634090967e+00,-1.6866238297e-01,1.5365467068e-01,-1.5007712295e-02,-1.0595725341e-05,2.4731935655e-02,7.3199297415e-02,1.3908703844e-06,6.8807584987e-03,0,0,0,2.3958248488e-04,3.1921888688e+00,3.1924284512e+00,9.3176175816e-07,2.8572417675e-04,2.8665593851e-04,4.7495061735e-03,2.3958248488e+00
434,4.3400000000e-02,1.0000000000e-04,-9.1678344988e-02,1.3397775751e-01,1.5268762690e+00,2.5863514761e-01,-2.1559194247e-01,2.1559194247e-01,1.4936136157e+00,3.3573453876e-01,1.2391359749e-01,1.2396506063e-01,1.9245008779e-01,1.3209751743e-01,0.0000000000e+00,0.0000000000e+00,0.0000000000e+00,0.0000000000e+00,2.1964525702e-05,3.2098724063e-05,3.6581281064e-04,6.1964451343e-05,2.1964525702e-05,2.2379232763e-05,5.0482798476e-05,2.4414616009e-05,-1.0472223177e+01,1.0472253098e+01,2.8941978148e+03,1.3872670608e+02,-1.0472318385e+01,1.0472318385e+01,2.8942009949e+03,1.3872288147e+02,9.5208024584e-05,3.6765385231e-03,3.7750399045e-01,2.8786061685e-02,0.0000000000e+00,0.0000000000e+00,0.0000000000e+00,0.0000000000e+00,4.9737888628e-06,4.9738030737e-06,1.3746010389e-03,6.5888334694e-05,5.5413211955e-06,6.2626897969e-06,1.2543579498e-03,6.4589313000e-05,1.0000000000e+00,4.1921888688e+00,2.0679115636e+00,4.1921888688e+00,1.0000000000e+00,1.0002857242e+00,1.0000955859e+00,1.0002857242e+00,1.8955025195e+03,1.9377173350e+03,1.9615682943e+00,nan,3.7576623861e+00,3.8413494416e+00,3.8886318122e-03,nan,2.4847234854e+01,2.7984381159e-01,2.6455182820e+00,4.1909914012e+00,1.3800172385e-01,9.1252509952e-01,-2.0387634011e-01,-1.5886225573e-01,-7.8181022679e-03,5.5328918749e-01,3.2486272011e-01,373878,40,54,54,1.2543579498e-03,5.2749191547e-01,4.6097707565e-01,2.4739587224e-02,-3.6742998431e+00,-2.8687571013e+03,-5.3770796315e-02,-2.8688108721e+03,-1.0150169496e-05,4656,0,48,48,5.0482798476e-05,5.8416860823e-04,1.1118562892e-01,2.4993122936e-02,-3.6638438199e+00,-1.6876054440e-01,1.5369580890e-01,-1.5064735504e-02,-1.0600536835e-05,2.4721797701e-02,7.3206630027e-02,1.3934586945e-06,6.9104328880e-03,0,0,0,2.3958248488e-04,3.1921888688e+00,3.1924284512e+00,9.3176175816e-07,2.8572417675e-04,2.8665593851e-04,4.7495061735e-03,2.3958248488e+00
435,4.3500000000e-02,1.0000000000e-04,-9.1670537634e-02,1.3397474420e-01,1.5268869948e+00,2.5860554772e-01,-2.1559998275e-01,2.1559998275e-01,1.4936707216e+00,3.3571278212e-01,1.2392944511e-01,1.2398075729e-01,1.9245008910e-01,1.3211046985e-01,0.0000000000e+00,0.0000000000e+00,0.0000000000e+00,0.0000000000e+00,2.1962655197e-05,3.2098002127e-05,3.6581538036e-04,6.1957359727e-05,2.1962655197e-05,2.2375598506e-05,5.0449404402e-05,2.4407317275e-05,-1.0465992371e+01,1.0466022375e+01,2.8937586505e+03,1.3866462651e+02,-1.0466087226e+01,1.0466087226e+01,2.8937595480e+03,1.3866079996e+02,9.4855154811e-05,3.6786673296e-03,3.7752727782e-01,2.8786598275e-02,0.0000000000e+00,0.0000000000e+00,0.0000000000e+00,0.0000000000e+00,4.9708295379e-06,4.9708437880e-06,1.3743924575e-03,6.5858849964e-05,5.5386870001e-06,6.2629558578e-06,1.2540675226e-03,6.4553588522e-05,1.0000000000e+00,4.1921888688e+00,2.0679115636e+00,4.1921888688e+00,1.0000000000e+00,1.0002857242e+00,1.0000955859e+00,1.0002857242e+00,1.8952015835e+03,1.9373477073e+03,1.9616892857e+00,nan,3.7570658078e+00,3.8406166881e+00,3.8888716666e-03,nan,2.4857925231e+01,2.7990115465e-01,2.6448457155e+00,4.1909914012e+00,1.3790946776e-01,9.1245227355e-01,-2.0652021379e-01,-1.6039143460e-01,-7.7292259410e-03,5.5314561553e-01,3.2492879161e-01,502888,54,54,40,1.2540675226e-03,5.2874627342e-01,4.6096639951e-01,2.4729437054e-02,-3.6747206154e+00,-2.8666461711e+03,-5.6208252822e-02,-2.8667023793e+03,-1.0147061273e-05,446976,48,48,0,5.0449404402e-05,5.7184438737e-04,1.1123611171e-01,2.4982522399e-02,-3.6642789202e+00,-1.6885855842e-01,1.5373689603e-01,-1.5121662392e-02,-1.0605463082e-05,2.4711663527e-02,7.3213877046e-02,1.3962248854e-06,6.9397561958e-03,0,0,0,2.3958248488e-04,3.1921888688e+00,3.1924284512e+00,9.3176175816e-07,2.8572417675e-04,2.8665593851e-04,4.7495061735e-03,2.3958248488e+00
436,4.3600000000e-02,1.0000000000e-04,-9.1662681672e-02,1.3397168942e-01,1.5268974693e+00,2.5857587738e-01,-2.1560797215e-01,2.1560797215e-01,1.4937273898e+00,3.3569094957e-01,1.2394529048e-01,1.2399645229e-01,1.9245008859e-01,1.3212342316e-01,0.0000000000e+00,0.0000000000e+00,0.0000000000e+00,0.0000000000e+00,2.1960773046e-05,3.2097270256e-05,3.6581788987e-04,6.1950251233e-05,2.1960773046e-05,2.2371961010e-05,5.0416135271e-05,2.4400033424e-05,-1.0459759454e+01,1.0459789540e+01,2.8932561687e+03,1.3860257860e+02,-1.0459853965e+01,1.0459853965e+01,2.8932547838e+03,1.3859875018e+02,9.4511092858e-05,3.6809176039e-03,3.7754241133e-01,2.8787109707e-02,0.0000000000e+00,0.0000000000e+00,0.0000000000e+00,0.0000000000e+00,4.9678692098e-06,4.9678834995e-06,1.3741538035e-03,6.5829380272e-05,5.5351459725e-06,6.2630972795e-06,1.2537910725e-03,6.4518025723e-05,1.0000000000e+00,4.1921888688e+00,2.0679115636e+00,4.1921888688e+00,1.0000000000e+00,1.0002857242e+00,1.0000955859e+00,1.0002857242e+00,1.8948594956e+03,1.9369362868e+03,1.9617679269e+00,nan,3.7563876495e+00,3.8398010841e+00,3.8890275658e-03,nan,2.4868845375e+01,2.7995298564e-01,2.6441777601e+00,4.1909914012e+00,1.3781757718e-01,9.1240956383e-01,-2.0890362596e-01,-1.6160091975e-01,-7.6289082065e-03,5.5300383801e-01,3.2498472649e-01,392490,42,56,42,1.2537910725e-03,5.3000034094e-01,4.6095577154e-01,2.4719289993e-02,-3.6751414270e+00,-2.8644636393e+03,-5.8643016149e-02,-2.8645222824e+03,-1.0145390728e-05,442416,48,0,48,5.0416135271e-05,5.5926492352e-04,1.1128656112e-01,2.4971916936e-02,-3.6647144028e+00,-1.6895642479e-01,1.5377793223e-01,-1.5178492557e-02,-1.0610470040e-05,2.4701531669e-02,7.3221037769e-02,1.3995601415e-06,6.9687784551e-03,0,0,0,2.3958248488e-04,3.1921888688e+00,3.1924284512e+00,9.3176175816e-07,2.8572417675e-04,2.8665593851e-04,4.7495061735e-03,2.3958248488e+00
437,4.3700000000e-02,1.0000000000e-04,-9.1654774806e-02,1.3396859360e-01,1.5269076914e+00,2.5854613061e-01,-2.1561590839e-01,2.1561590839e-01,1.4937836200e+00,3.3566903555e-01,1.2396113359e-01,1.2401214562e-01,1.9245008247e-01,1.3213637735e-01,0.0000000000e+00,0.0000000000e+00,0.0000000000e+00,0.0000000000e+00,2.1958878699e-05,3.2096528551e-05,3.6582033888e-04,6.1943124427e-05,2.1958878699e-05,2.2368320143e-05,5.0382990041e-05,2.4392763765e-05,-1.0453523825e+01,1.0453553989e+01,2.8926903460e+03,1.3854056041e+02,-1.0453617997e+01,1.0453617997e+01,2.8926866792e+03,1.3853673018e+02,9.4172202497e-05,3.6832329628e-03,3.7754947441e-01,2.8787594082e-02,0.0000000000e+00,0.0000000000e+00,0.0000000000e+00,0.0000000000e+00,4.9649075940e-06,4.9649219207e-06,1.3738850656e-03,6.5799924694e-05,5.5320179489e-06,6.2621677189e-06,1.2535196033e-03,6.4482353963e-05,1.0000000000e+00,4.1921888688e+00,2.0679115636e+00,4.1921888688e+00,1.0000000000e+00,1.0002857242e+00,1.0000955859e+00,1.0002857242e+00,1.8944762427e+03,1.9364830626e+03,1.9618046901e+00,nan,3.7556278851e+00,3.8389026080e+00,3.8891004455e-03,nan,2.4879817620e+01,2.7995699627e-01,2.6435034006e+00,4.1909914012e+00,1.3772604934e-01,9.1239044276e-01,-2.1096902170e-01,-1.6244678133e-01,-7.5194652536e-03,5.5286381480e-01,3.2498822301e-01,502904,54,54,56,1.2535196033e-03,5.3125413202e-01,4.6094519152e-01,2.4709144602e-02,-3.6755623378e+00,-2.8622095573e+03,-6.1075022046e-02,-2.8622706323e+03,-1.0145129181e-05,442416,48,0,48,5.0382990041e-05,5.4642964981e-04,1.1133697725e-01,2.4961306466e-02,-3.6651502714e+00,-1.6905414336e-01,1.5381891765e-01,-1.5235225710e-02,-1.0615525657e-05,2.4691400569e-02,7.3228111314e-02,1.4033808181e-06,6.9975321780e-03,0,0,0,2.3958248488e-04,3.1921888688e+00,3.1924284512e+00,9.3176175816e-07,2.8572417675e-04,2.8665593851e-04,4.7495061735e-03,2.3958248488e+00
438,4.3800000000e-02,1.0000000000e-04,-9.1646814806e-02,1.3396545650e-01,1.5269176593e+00,2.5851630148e-01,-2.1562378924e-01,2.1562378924e-01,1.4938394114e+00,3.3564703461e-01,1.2397697443e-01,1.2402783729e-01,1.9245008920e-01,1.3214933239e-01,0.0000000000e+00,0.0000000000e+00,0.0000000000e+00,0.0000000000e+00,2.1956971623e-05,3.2095776957e-05,3.6582272702e-04,6.1935977892e-05,2.1956971623e-05,2.2364676526e-05,5.0349967704e-05,2.4385507636e-05,-1.0447285023e+01,1.0447315261e+01,2.8922000894e+03,1.3847856972e+02,-1.0447378863e+01,1.0447378863e+01,2.8922086737e+03,1.3847473775e+02,9.3840045815e-05,3.6855177105e-03,3.7754855080e-01,2.8788050137e-02,0.0000000000e+00,0.0000000000e+00,0.0000000000e+00,0.0000000000e+00,4.9619444713e-06,4.9619588330e-06,1.3736522180e-03,6.5770482178e-05,5.5292827415e-06,6.2607881374e-06,1.2532594399e-03,6.4446594094e-05,1.0000000000e+00,4.1921888688e+00,2.0679115636e+00,4.1921888688e+00,1.0000000000e+00,1.0002857242e+00,1.0000955859e+00,1.0002857242e+00,1.8941427993e+03,1.9360907548e+03,1.9617998223e+00,nan,3.7549668638e+00,3.8381248934e+00,3.8890907955e-03,nan,2.4890968100e+01,2.7994092068e-01,2.6428235596e+00,4.1909914012e+00,1.3763488156e-01,9.1235570659e-01,-2.1272598887e-01,-1.6293596754e-01,-7.4157366067e-03,5.5272194173e-01,3.2498603203e-01,501736,54,42,40,1.2532594399e-03,5.3250765162e-01,4.6093465919e-01,2.4698999473e-02,-3.6759834062e+00,-2.8598839908e+03,-6.3504188861e-02,-2.8599474950e+03,-1.0146265051e-05,442416,48,0,48,5.0349967704e-05,5.3340755940e-04,1.1138736024e-01,2.4950690940e-02,-3.6655865283e+00,-1.6915171411e-01,1.5385985244e-01,-1.5291861669e-02,-1.0620602687e-05,2.4681268713e-02,7.3235096604e-02,1.4073813976e-06,7.0260302699e-03,0,0,0,2.3958248488e-04,3.1921888688e+00,3.1924284512e+00,9.3176175816e-07,2.8572417675e-04,2.8665593851e-04,4.7495061735e-03,2.3958248488e+00
439,4.3900000000e-02,1.0000000000e-04,-9.1638799520e-02,1.3396227530e-01,1.5269273708e+00,2.5848638421e-01,-2.1563161254e-01,2.1563161254e-01,1.4938947629e+00,3.3562494144e-01,1.2399281302e-01,1.2404352728e-01,1.9245008931e-01,1.3216228829e-01,0.0000000000e+00,0.0000000000e+00,0.0000000000e+00,0.0000000000e+00,2.1955051301e-05,3.2095014797e-05,3.6582505374e-04,6.1928810237e-05,2.1955051301e-05,2.2361029602e-05,5.0317067277e-05,2.4378264400e-05,-1.0441042894e+01,1.0441073213e+01,2.8919152162e+03,1.3841659960e+02,-1.0441136410e+01,1.0441136410e+01,2.8919214048e+03,1.3841276595e+02,9.3516268888e-05,3.6877734811e-03,3.7755002938e-01,2.8788479662e-02,0.0000000000e+00,0.0000000000e+00,0.0000000000e+00,0.0000000000e+00,4.9589797683e-06,4.9589941684e-06,1.3735169173e-03,6.5741049432e-05,5.5264484584e-06,6.2596792235e-06,1.2529962476e-03,6.4410717715e-05,1.0000000000e+00,4.1921888688e+00,2.0679115636e+00,4.1921888688e+00,1.0000000000e+00,1.0002857242e+00,1.0000955859e+00,1.0002857242e+00,1.8939441858e+03,1.9358267239e+03,1.9618075042e+00,nan,3.7545731306e+00,3.8376014760e+00,3.8891060241e-03,nan,2.4902012686e+01,2.7993698568e-01,2.6421371374e+00,4.1909914012e+00,1.3754407131e-01,9.1225396054e-01,-2.1417600880e-01,-1.6307226124e-01,-7.3154615381e-03,5.5257804250e-01,3.2500422324e-01,372714,40,42,42,1.2529962476e-03,5.3376091106e-01,4.6092417430e-01,2.4688853208e-02,-3.6764046903e+00,-2.8574869981e+03,-6.5930447264e-02,-2.8575529286e+03,-1.0148744369e-05,446976,48,48,0,5.0317067277e-05,5.2031733143e-04,1.1143771021e-01,2.4940070338e-02,-3.6660231749e+00,-1.6924913709e-01,1.5390073674e-01,-1.5348400342e-02,-1.0625666842e-05,2.4671134670e-02,7.3241992387e-02,1.4116656286e-06,7.0543246313e-03,0,0,0,2.3958248488e-04,3.1921888688e+00,3.1924284512e+00,9.3176175816e-07,2.8572417675e-04,2.8665593851e-04,4.7495061735e-03,2.3958248488e+00
440,4.4000000000e-02,1.0000000000e-04,-9.1630726877e-02,1.3395904593e-01,1.5269368235e+00,2.5845637312e-01,-2.1563937623e-01,2.1563937623e-01,1.4939496727e+00,3.3560275086e-01,1.2400864935e-01,1.2405921869e-01,1.9245008901e-01,1.3217524503e-01,0.0000000000e+00,0.0000000000e+00,0.0000000000e+00,0.0000000000e+00,2.1953117237e-05,3.2094241096e-05,3.6582731843e-04,6.1921620106e-05,2.1953117237e-05,2.2357379763e-05,5.0284287822e-05,2.4371033445e-05,-1.0434797222e+01,1.0434827621e+01,2.8915603256e+03,1.3835464593e+02,-1.0434890423e+01,1.0434890423e+01,2.8915641181e+03,1.3835081066e+02,9.3200497057e-05,3.6899999812e-03,3.7754716923e-01,2.8788882976e-02,0.0000000000e+00,0.0000000000e+00,0.0000000000e+00,0.0000000000e+00,4.9560133826e-06,4.9560278206e-06,1.3733483618e-03,6.5711624496e-05,5.5237808428e-06,6.2580803491e-06,1.2527066689e-03,6.4374855242e-05,1.0000000000e+00,4.1921888688e+00,2.0679115636e+00,4.1921888688e+00,1.0000000000e+00,1.0002857242e+00,1.0000955859e+00,1.0002857242e+00,1.8937000413e+03,1.9355164173e+03,1.9617926455e+00,nan,3.7540891360e+00,3.8369863211e+00,3.8890765681e-03,nan,2.4912487045e+01,2.7991117097e-01,2.6414495465e+00,4.1909914012e+00,1.3745361620e-01,9.1215506843e-01,-2.1528140897e-01,-1.6283695313e-01,-7.2063367080e-03,5.5243915475e-01,3.2501147601e-01,501558,54,40,54,1.2527066689e-03,5.3501390731e-01,4.6091373659e-01,2.4678704464e-02,-3.6768262463e+00,-2.8550186640e+03,-6.8353700245e-02,-2.8550870177e+03,-1.0152521200e-05,446976,48,48,0,5.0284287822e-05,5.0717018521e-04,1.1148802728e-01,2.4929444671e-02,-3.6664602111e+00,-1.6934641247e-01,1.5394157072e-01,-1.5404841753e-02,-1.0630687352e-05,2.4660997118e-02,7.3248797195e-02,1.4162599029e-06,7.0823801411e-03,0,0,0,2.3958248488e-04,3.1921888688e+00,3.1924284512e+00,9.3176175816e-07,2.8572417675e-04,2.8665593851e-04,4.7495061735e-03,2.3958248488e+00
441,4.4100000000e-02,1.0000000000e-04,-9.1622594895e-02,1.3395576719e-01,1.5269460140e+00,2.5842626270e-01,-2.1564707833e-01,2.1564707833e-01,1.4940041385e+00,3.3558045785e-01,1.2402448343e-01,1.2407490866e-01,1.9245008871e-01,1.3218820260e-01,0.0000000000e+00,0.0000000000e+00,0.0000000000e+00,0.0000000000e+00,2.1951168956e-05,3.2093455568e-05,3.6582952031e-04,6.1914406175e-05,2.1951168956e-05,2.2353724693e-05,5.0251628432e-05,2.4363814191e-05,-1.0428547744e+01,1.0428578224e+01,2.8912259514e+03,1.3829270729e+02,-1.0428640637e+01,1.0428640637e+01,2.8912509994e+03,1.3828887047e+02,9.2893373843e-05,3.6921979506e-03,3.7754803983e-01,2.8789259312e-02,0.0000000000e+00,0.0000000000e+00,0.0000000000e+00,0.0000000000e+00,4.9530451889e-06,4.9530596655e-06,1.3731895505e-03,6.5682206705e-05,5.5206222174e-06,6.2574915390e-06,1.2523891939e-03,6.4339029317e-05,1.0000000000e+00,4.1921888688e+00,2.0679115636e+00,4.1921888688e+00,1.0000000000e+00,1.0002857242e+00,1.0000955859e+00,1.0002857242e+00,1.8934696610e+03,1.9352362721e+03,1.9617971722e+00,nan,3.7536324279e+00,3.8364309586e+00,3.8890855420e-03,nan,2.4922360388e+01,2.7993059881e-01,2.6407617794e+00,4.1909914012e+00,1.3736351399e-01,9.1202936508e-01,-2.1604278809e-01,-1.6223131451e-01,-7.1023325143e-03,5.5229765242e-01,3.2504476044e-01,502904,54,54,56,1.2523891939e-03,5.3626661398e-01,4.6090334581e-01,2.4668551943e-02,-3.6772481282e+00,-2.8524791180e+03,-7.0773805835e-02,-2.8525498918e+03,-1.0157547938e-05,4656,0,48,48,5.0251628432e-05,4.9406966632e-04,1.1153831157e-01,2.4918813983e-02,-3.6668976354e+00,-1.6944354053e-01,1.5398235450e-01,-1.5461186032e-02,-1.0635640393e-05,2.4650854775e-02,7.3255509441e-02,1.4210377033e-06,7.1100522191e-03,0,0,0,2.3958248488e-04,3.1921888688e+00,3.1924284512e+00,9.3176175816e-07,2.8572417675e-04,2.8665593851e-04,4.7495061735e-03,2.3958248488e+00
442,4.4200000000e-02,1.0000000000e-04,-9.1614401690e-02,1.3395243601e-01,1.5269549388e+00,2.5839604758e-01,-2.1565471695e-01,2.1565471695e-01,1.4940581576e+00,3.3555805756e-01,1.2404031526e-01,1.2409059695e-01,1.9245008966e-01,1.3220116098e-01,0.0000000000e+00,0.0000000000e+00,0.0000000000e+00,0.0000000000e+00,2.1949206008e-05,3.2092657476e-05,3.6583165854e-04,6.1907167164e-05,2.1949206008e-05,2.2350064062e-05,5.0219088227e-05,2.4356606088e-05,-1.0422294314e+01,1.0422324875e+01,2.8913658195e+03,1.3823078101e+02,-1.0422386907e+01,1.0422386907e+01,2.8913886366e+03,1.3822694270e+02,9.2593014951e-05,3.6944740985e-03,3.7754973637e-01,2.8789608911e-02,0.0000000000e+00,0.0000000000e+00,0.0000000000e+00,0.0000000000e+00,4.9500751188e-06,4.9500896337e-06,1.3732559809e-03,6.5652794779e-05,5.5170018333e-06,6.2574054782e-06,1.2520477416e-03,6.4303284901e-05,1.0000000000e+00,4.1921888688e+00,2.0679115636e+00,4.1921888688e+00,1.0000000000e+00,1.0002857242e+00,1.0000955859e+00,1.0002857242e+00,1.8935501933e+03,1.9352584248e+03,1.9618059781e+00,nan,3.7537920759e+00,3.8364748744e+00,3.8891029988e-03,nan,2.4931709950e+01,2.7997259699e-01,2.6400757425e+00,4.1909914012e+00,1.3727376255e-01,9.1173660191e-01,-2.1642315520e-01,-1.6123349853e-01,-7.0065308383e-03,5.5214939667e-01,3.2508842386e-01,392490,42,56,42,1.2520477416e-03,5.3751900317e-01,4.6089300167e-01,2.4658394395e-02,-3.6776703884e+00,-2.8498685039e+03,-7.3190619500e-02,-2.8499416945e+03,-1.0163797033e-05,4656,0,48,48,5.0219088227e-05,4.8100639593e-04,1.1158856320e-01,2.4908178343e-02,-3.6673354456e+00,-1.6954052164e-01,1.5402308825e-01,-1.5517433388e-02,-1.0640501942e-05,2.4640706400e-02,7.3262127401e-02,1.4260326297e-06,7.1373053075e-03,0,0,0,2.3958248488e-04,3.1921888688e+00,3.1924284512e+00,9.3176175816e-07,2.8572417675e-04,2.8665593851e-04,4.7495061735e-03,2.3958248488e+00
443,4.4300000000e-02,1.0000000000e-04,-9.1606145478e-02,1.3394904751e-01,1.5269635940e+00,2.5836572264e-01,-2.1566229032e-01,2.1566229032e-01,1.4941117270e+00,3.3553554537e-01,1.2405614484e-01,1.2410628355e-01,1.9245008933e-01,1.3221412018e-01,0.0000000000e+00,0.0000000000e+00,0.0000000000e+00,0.0000000000e+00,2.1947227964e-05,3.2091845650e-05,3.6583373218e-04,6.1899901838e-05,2.1947227964e-05,2.2346397561e-05,5.0186666350e-05,2.4349408615e-05,-1.0416036726e+01,1.0416067369e+01,2.8914442272e+03,1.3816886484e+02,-1.0416129023e+01,1.0416129023e+01,2.8914648131e+03,1.3816502510e+02,9.2297599492e-05,3.6968695884e-03,3.7754354343e-01,2.8789931583e-02,0.0000000000e+00,0.0000000000e+00,0.0000000000e+00,0.0000000000e+00,4.9471030732e-06,4.9471176275e-06,1.3732932207e-03,6.5623387656e-05,5.5132125399e-06,6.2569794888e-06,1.2516957259e-03,6.4267645419e-05,1.0000000000e+00,4.1921888688e+00,2.0679115636e+00,4.1921888688e+00,1.0000000000e+00,1.0002857242e+00,1.0000955859e+00,1.0002857242e+00,1.8935908089e+03,1.9352400231e+03,1.9617738019e+00,nan,3.7538725927e+00,3.8364383947e+00,3.8890392124e-03,nan,2.4940802347e+01,2.7999947069e-01,2.6393924565e+00,4.1909914012e+00,1.3718435982e-01,9.1145554861e-01,-2.1643399945e-01,-1.5983764241e-01,-6.9089343610e-03,5.5199995546e-01,3.2511419095e-01,502904,54,54,56,1.2516957259e-03,5.3877105091e-01,4.6088270390e-01,2.4648230598e-02,-3.6780930782e+00,-2.8471869690e+03,-7.5604004633e-02,-2.8472625730e+03,-1.0171256101e-05,4656,0,48,48,5.0186666350e-05,4.6790149401e-04,1.1163878228e-01,2.4897537841e-02,-3.6677736382e+00,-1.6963735622e-01,1.5406377210e-01,-1.5573584114e-02,-1.0645249223e-05,2.4630550789e-02,7.3268649204e-02,1.4312760012e-06,7.1642585316e-03,0,0,0,2.3958248488e-04,3.1921888688e+00,3.1924284512e+00,9.3176175816e-07,2.8572417675e-04,2.8665593851e-04,4.7495061735e-03,2.3958248488e+00
444,4.4400000000e-02,1.0000000000e-04,-9.1597824582e-02,1.3394560299e-01,1.5269719754e+00,2.5833528290e-01,-2.1566979675e-01,2.1566979675e-01,1.4941648433e+00,3.3551291684e-01,1.2407197217e-01,1.2412196846e-01,1.9245008961e-01,1.3222708017e-01,0.0000000000e+00,0.0000000000e+00,0.0000000000e+00,0.0000000000e+00,2.1945234423e-05,3.2091020403e-05,3.6583574022e-04,6.1892609011e-05,2.1945234423e-05,2.2342724904e-05,5.0154361974e-05,2.4342221287e-05,-1.0409774707e+01,1.0409805425e+01,2.8914611290e+03,1.3810695745e+02,-1.0409866714e+01,1.0409866714e+01,2.8914794834e+03,1.3810311632e+02,9.2006412281e-05,3.6992323423e-03,3.7753209983e-01,2.8790226550e-02,0.0000000000e+00,0.0000000000e+00,0.0000000000e+00,0.0000000000e+00,4.9441289238e-06,4.9441435131e-06,1.3733012483e-03,6.5593984700e-05,5.5094779995e-06,6.2565515447e-06,1.2513384276e-03,6.4232007843e-05,1.0000000000e+00,4.1921888688e+00,2.0679115636e+00,4.1921888688e+00,1.0000000000e+00,1.0002857242e+00,1.0000955859e+00,1.0002857242e+00,1.8935914840e+03,1.9351810453e+03,1.9617143364e+00,nan,3.7538739311e+00,3.8363214765e+00,3.8889213275e-03,nan,2.4949742721e+01,2.8002634287e-01,2.6387077451e+00,4.1909914012e+00,1.3709530388e-01,9.1119004600e-01,-2.1608124103e-01,-1.5804671305e-01,-6.8128883027e-03,5.5184892263e-01,3.2513893787e-01,501558,54,40,54,1.2513384276e-03,5.4002274664e-01,4.6087245222e-01,2.4638059342e-02,-3.6785162482e+00,-2.8444346449e+03,-7.8013850800e-02,-2.8445126588e+03,-1.0179889299e-05,446976,48,48,0,5.0154361974e-05,4.5472980841e-04,1.1168896895e-01,2.4886892592e-02,-3.6682122089e+00,-1.6973404479e-01,1.5410440621e-01,-1.5629638582e-02,-1.0649863434e-05,2.4620386734e-02,7.3275072855e-02,1.4367059762e-06,7.1909859013e-03,0,0,0,2.3958248488e-04,3.1921888688e+00,3.1924284512e+00,9.3176175816e-07,2.8572417675e-04,2.8665593851e-04,4.7495061735e-03,2.3958248488e+00
445,4.4500000000e-02,1.0000000000e-04,-9.1589437434e-02,1.3394210350e-01,1.5269800783e+00,2.5830472366e-01,-2.1567723469e-01,2.1567723469e-01,1.4942175029e+00,3.3549016777e-01,1.2408779726e-01,1.2413765169e-01,1.9245008891e-01,1.3224004095e-01,0.0000000000e+00,0.0000000000e+00,0.0000000000e+00,0.0000000000e+00,2.1943225010e-05,3.2090181987e-05,3.6583768153e-04,6.1885287551e-05,2.1943225010e-05,2.2339045832e-05,5.0122174289e-05,2.4335043651e-05,-1.0403508018e+01,1.0403538803e+01,2.8914165113e+03,1.3804505738e+02,-1.0403599738e+01,1.0403599738e+01,2.8914326340e+03,1.3804121493e+02,9.1719632509e-05,3.7015626144e-03,3.7754459622e-01,2.8790493228e-02,0.0000000000e+00,0.0000000000e+00,0.0000000000e+00,0.0000000000e+00,4.9411525559e-06,4.9411671770e-06,1.3732800570e-03,6.5564585222e-05,5.5072020857e-06,6.2542615425e-06,1.2509638267e-03,6.4196189022e-05,1.0000000000e+00,4.1921888688e+00,2.0679115636e+00,4.1921888688e+00,1.0000000000e+00,1.0002857242e+00,1.0000955859e+00,1.0002857242e+00,1.8935522161e+03,1.9350814914e+03,1.9617792767e+00,nan,3.7537960860e+00,3.8361241199e+00,3.8890500657e-03,nan,2.4958291305e+01,2.7996994991e-01,2.6380141307e+00,4.1909914012e+00,1.3700659287e-01,9.1093132846e-01,-2.1525590416e-01,-1.5582947873e-01,-6.7079635561e-03,5.5170060006e-01,3.2510795073e-01,372714,40,42,42,1.2509638267e-03,5.4127408507e-01,4.6086224635e-01,2.4627879452e-02,-3.6789399480e+00,-2.8416116605e+03,-8.0420057967e-02,-2.8416920806e+03,-1.0189631815e-05,442416,48,0,48,5.0122174289e-05,4.4145511245e-04,1.1173912331e-01,2.4876242728e-02,-3.6686511527e+00,-1.6983058793e-01,1.5414499070e-01,-1.5685597229e-02,-1.0654327223e-05,2.4610213073e-02,7.3281396234e-02,1.4422449729e-06,7.2174898272e-03,0,0,0,2.3958248488e-04,3.1921888688e+00,3.1924284512e+00,9.3176175816e-07,2.8572417675e-04,2.8665593851e-04,4.7495061735e-03,2.3958248488e+00
446,4.4600000000e-02,1.0000000000e-04,-9.1580982588e-02,1.3393854177e-01,1.5269878978e+00,2.5827404043e-01,-2.1568460270e-01,2.1568460270e-01,1.4942697016e+00,3.3546729422e-01,1.2410362011e-01,1.2415333324e-01,1.9245008633e-01,1.3225300252e-01,0.0000000000e+00,0.0000000000e+00,0.0000000000e+00,0.0000000000e+00,2.1941199376e-05,3.2089328659e-05,3.6583955493e-04,6.1877936387e-05,2.1941199377e-05,2.2335360107e-05,5.0090102508e-05,2.4327875285e-05,-1.0397236502e+01,1.0397267366e+01,2.8913103559e+03,1.3798316222e+02,-1.0397327945e+01,1.0397327945e+01,2.8913242467e+03,1.3797931852e+02,9.1442970631e-05,3.7038662022e-03,3.7754986423e-01,2.8790731644e-02,0.0000000000e+00,0.0000000000e+00,0.0000000000e+00,0.0000000000e+00,4.9381738952e-06,4.9381885540e-06,1.3732296385e-03,6.5535188082e-05,5.5028264874e-06,6.2519761263e-06,1.2505686273e-03,6.4159056239e-05,1.0000000000e+00,4.1921888688e+00,2.0679115636e+00,4.1921888688e+00,1.0000000000e+00,1.0002857242e+00,1.0000955859e+00,1.0002857242e+00,1.8934730001e+03,1.9349413588e+03,1.9618066764e+00,nan,3.7536390473e+00,3.8358463197e+00,3.8891043831e-03,nan,2.4966381874e+01,2.7991382706e-01,2.6372650914e+00,4.1909914012e+00,1.3691822503e-01,9.1067698533e-01,-2.1390204768e-01,-1.5286295923e-01,-7.0107887852e-03,5.5125544328e-01,3.2505239161e-01,390954,42,40,42,1.2505686273e-03,5.4252504889e-01,4.6085208598e-01,2.4617689820e-02,-3.6793642242e+00,-2.8387181758e+03,-8.2822503238e-02,-2.8388009983e+03,-1.0200427069e-05,4656,0,48,48,5.0090102508e-05,4.2813830780e-04,1.1178924549e-01,2.4865588401e-02,-3.6690904638e+00,-1.6992698629e-01,1.5418552574e-01,-1.5741460555e-02,-1.0658625185e-05,2.4600028771e-02,7.3287617114e-02,1.4476165161e-06,7.2437262118e-03,0,0,0,2.3958248488e-04,3.1921888688e+00,3.1924284512e+00,9.3176175816e-07,2.8572417675e-04,2.8665593851e-04,4.7495061735e-03,2.3958248488e+00
447,4.4700000000e-02,1.0000000000e-04,-9.1572458725e-02,1.3393491555e-01,1.5269954286e+00,2.5824322904e-01,-2.1569189945e-01,2.1569189945e-01,1.4943214350e+00,3.3544429252e-01,1.2411944072e-01,1.2416901311e-01,1.9245008973e-01,1.3226596485e-01,0.0000000000e+00,0.0000000000e+00,0.0000000000e+00,0.0000000000e+00,2.1939157208e-05,3.2088459880e-05,3.6584135918e-04,6.1870554519e-05,2.1939157208e-05,2.2331667517e-05,5.0058145866e-05,2.4320715806e-05,-1.0390960275e+01,1.0390991221e+01,2.8911426261e+03,1.3792126713e+02,-1.0391051443e+01,1.0391051443e+01,2.8911542852e+03,1.3791742222e+02,9.1168337963e-05,3.7061473598e-03,3.7754796396e-01,2.8790943881e-02,0.0000000000e+00,0.0000000000e+00,0.0000000000e+00,0.0000000000e+00,4.9351929975e-06,4.9352076955e-06,1.3731499751e-03,6.5505790968e-05,5.4991321060e-06,6.2505804789e-06,1.2501200212e-03,6.4121734722e-05,1.0000000000e+00,4.1921888688e+00,2.0679115636e+00,4.1921888688e+00,1.0000000000e+00,1.0002857242e+00,1.0000955859e+00,1.0002857242e+00,1.8933538189e+03,1.9347606328e+03,1.9617967676e+00,nan,3.7534027814e+00,3.8354880468e+00,3.8890847399e-03,nan,2.4973358473e+01,2.7989761509e-01,2.6365068872e+00,4.1909914012e+00,1.3683019869e-01,9.1040311971e-01,-2.1206973391e-01,-1.4948327273e-01,-7.3559134451e-03,5.5076308984e-01,3.2501232288e-01,391144,42,42,40,1.2501200212e-03,5.4377561752e-01,4.6084197083e-01,2.4607489393e-02,-3.6797891215e+00,-2.8357543669e+03,-8.5221057732e-02,-2.8358395880e+03,-1.0212145382e-05,442416,48,0,48,5.0058145866e-05,4.1471481605e-04,1.1183933559e-01,2.4854929776e-02,-3.6695301357e+00,-1.7002324057e-01,1.5422601145e-01,-1.5797229114e-02,-1.0662731603e-05,2.4589832901e-02,7.3293732804e-02,1.4525848418e-06,7.2698299168e-03,0,0,0,2.3958248488e-04,3.1921888688e+00,3.1924284512e+00,9.3176175816e-07,2.8572417675e-04,2.8665593851e-04,4.7495061735e-03,2.3958248488e+00
448,4.4800000000e-02,1.0000000000e-04,-9.1563864667e-02,1.3393122937e-01,1.5270026642e+00,2.5821228567e-01,-2.1569912377e-01,2.1569912377e-01,1.4943726975e+00,3.3542115933e-01,1.2413525910e-01,1.2418469129e-01,1.9245008967e-01,1.3227892794e-01,0.0000000000e+00,0.0000000000e+00,0.0000000000e+00,0.0000000000e+00,2.1937098222e-05,3.2087576736e-05,3.6584309272e-04,6.1863141029e-05,2.1937098222e-05,2.2327967871e-05,5.0026303631e-05,2.4313564858e-05,-1.0384681568e+01,1.0384712596e+01,2.8909132851e+03,1.3785939449e+02,-1.0384772467e+01,1.0384772467e+01,2.8909227130e+03,1.3785554845e+02,9.0898894242e-05,3.7084088462e-03,3.7754848996e-01,2.8791132775e-02,0.0000000000e+00,0.0000000000e+00,0.0000000000e+00,0.0000000000e+00,4.9322109217e-06,4.9322256585e-06,1.3730410495e-03,6.5476404522e-05,5.4963721899e-06,6.2506141574e-06,1.2496387138e-03,6.4084757796e-05,1.0000000000e+00,4.1921888688e+00,2.0679115636e+00,4.1921888688e+00,1.0000000000e+00,1.0002857242e+00,1.0000955859e+00,1.0002857242e+00,1.8931946570e+03,1.9345393005e+03,1.9617995014e+00,nan,3.7530872573e+00,3.8350492754e+00,3.8890901593e-03,nan,2.4979633175e+01,2.7994550124e-01,2.6357614842e+00,4.1909914012e+00,1.3674251237e-01,9.1012480238e-01,-2.0985116063e-01,-1.4589820988e-01,-7.5576271768e-03,5.5041686912e-01,3.2503682107e-01,501558,54,40,54,1.2496387138e-03,5.4502573754e-01,4.6083190058e-01,2.4597277248e-02,-3.6802146789e+00,-2.8327204927e+03,-8.7615530152e-02,-2.8328081082e+03,-1.0224714229e-05,442416,48,0,48,5.0026303631e-05,4.0111786998e-04,1.1188939373e-01,2.4844267044e-02,-3.6699701609e+00,-1.7011935153e-01,1.5426644798e-01,-1.5852903550e-02,-1.0666641109e-05,2.4579624656e-02,7.3299740777e-02,1.4574235030e-06,7.2952153905e-03,0,0,0,2.3958248488e-04,3.1921888688e+00,3.1924284512e+00,9.3176175816e-07,2.8572417675e-04,2.8665593851e-04,4.7495061735e-03,2.3958248488e+00
449,4.4900000000e-02,1.0000000000e-04,-9.1555199371e-02,1.3392748399e-01,1.5270095987e+00,2.5818120679e-01,-2.1570627463e-01,2.1570627463e-01,1.4944234841e+00,3.3539789160e-01,1.2415107526e-01,1.2420036780e-01,1.9245008886e-01,1.3229189179e-01,0.0000000000e+00,0.0000000000e+00,0.0000000000e+00,0.0000000000e+00,2.1935022169e-05,3.2086679409e-05,3.6584475411e-04,6.1855695074e-05,2.1935022169e-05,2.2324261005e-05,4.9994575074e-05,2.4306422125e-05,-1.0378400717e+01,1.0378431837e+01,2.8906223861e+03,1.3779754584e+02,-1.0378491356e+01,1.0378491356e+01,2.8906295834e+03,1.3779369872e+02,9.0638377673e-05,3.7106494588e-03,3.7754976290e-01,2.8791299218e-02,0.0000000000e+00,0.0000000000e+00,0.0000000000e+00,0.0000000000e+00,4.9292278277e-06,4.9292426083e-06,1.3729028868e-03,6.5447029466e-05,5.4939251464e-06,6.2502653450e-06,1.2491440606e-03,6.4048341277e-05,1.0000000000e+00,4.1921888688e+00,2.0679115636e+00,4.1921888688e+00,1.0000000000e+00,1.0002857242e+00,1.0000955859e+00,1.0002857242e+00,1.8929955571e+03,1.9342774080e+03,1.9618061241e+00,nan,3.7526925599e+00,3.8345300973e+00,3.8891032883e-03,nan,2.4985592113e+01,2.7997636041e-01,2.6350378080e+00,4.1909914012e+00,1.3665516456e-01,9.0985609591e-01,-2.0735511027e-01,-1.4204820895e-01,-7.6733038792e-03,5.5013462372e-01,3.2506380260e-01,502904,54,54,56,1.2491440606e-03,5.4627537626e-01,4.6082187493e-01,2.4587052534e-02,-3.6806409326e+00,-2.8296167867e+03,-9.0005769524e-02,-2.8297067924e+03,-1.0238109402e-05,4656,0,48,48,4.9994575074e-05,3.8742525991e-04,1.1193942004e-01,2.4833600403e-02,-3.6704105315e+00,-1.7021532001e-01,1.5430683548e-01,-1.5908484531e-02,-1.0670343851e-05,2.4569403300e-02,7.3305638550e-02,1.4624232930e-06,7.3200866184e-03,0,0,0,2.3958248488e-04,3.1921888688e+00,3.1924284512e+00,9.3176175816e-07,2.8572417675e-04,2.8665593851e-04,4.7495061735e-03,2.3958248488e+00
450,4.5000000000e-02,1.0000000000e-04,-9.1546461919e-02,1.3392367012e-01,1.5270162262e+00,2.5814998918e-01,-2.1571335111e-01,2.1571335111e-01,1.4944737896e+00,3.3537448659e-01,1.2416688919e-01,1.2421604263e-01,1.9245008973e-01,1.3230485638e-01,0.0000000000e+00,0.0000000000e+00,0.0000000000e+00,0.0000000000e+00,2.1932928829e-05,3.2085765673e-05,3.6584634192e-04,6.1848215880e-05,2.1932928829e-05,2.2320546821e-05,4.9962959482e-05,2.4299287325e-05,-1.0372116795e+01,1.0372148001e+01,2.8902699913e+03,1.3773571272e+02,-1.0372207183e+01,1.0372207183e+01,2.8902749586e+03,1.3773186460e+02,9.0387790026e-05,3.7128676642e-03,3.7755005947e-01,2.8791441639e-02,0.0000000000e+00,0.0000000000e+00,0.0000000000e+00,0.0000000000e+00,4.9262432749e-06,4.9262580964e-06,1.3727355167e-03,6.5417661787e-05,5.4925813370e-06,6.2488534542e-06,1.2486451263e-03,6.4012046339e-05,1.0000000000e+00,4.1921888688e+00,2.0679115636e+00,4.1921888688e+00,1.0000000000e+00,1.0002857242e+00,1.0000955859e+00,1.0002857242e+00,1.8927565679e+03,1.9339750076e+03,1.9618076563e+00,nan,3.7522187854e+00,3.8339306158e+00,3.8891063256e-03,nan,2.4991416425e+01,2.7995969383e-01,2.6343178498e+00,4.1909914012e+00,1.3656815378e-01,9.0960356971e-01,-2.0436987173e-01,-1.3787622394e-01,-7.7196666607e-03,5.4990228299e-01,3.2506634688e-01,390954,42,40,42,1.2486451263e-03,5.4752452032e-01,4.6081189358e-01,2.4576814424e-02,-3.6810679179e+00,-2.8264434519e+03,-9.2391662373e-02,-2.8265358435e+03,-1.0252275124e-05,4656,0,48,48,4.9962959482e-05,3.7377860953e-04,1.1198941461e-01,2.4822930059e-02,-3.6708512395e+00,-1.7031114683e-01,1.5434717407e-01,-1.5963972759e-02,-1.0673826533e-05,2.4559168074e-02,7.3311423545e-02,1.4674925380e-06,7.3447281765e-03,0,0,0,2.3958248488e-04,3.1921888688e+00,3.1924284512e+00,9.3176175816e-07,2.8572417675e-04,2.8665593851e-04,4.7495061735e-03,2.3958248488e+00
451,4.5100000000e-02,1.0000000000e-04,-9.1537651523e-02,1.3391978850e-01,1.5270225403e+00,2.5811862991e-01,-2.1572035242e-01,2.1572035242e-01,1.4945236087e+00,3.3535094183e-01,1.2418270090e-01,1.2423171578e-01,1.9245008969e-01,1.3231782171e-01,0.0000000000e+00,0.0000000000e+00,0.0000000000e+00,0.0000000000e+00,2.1930818012e-05,3.2084835705e-05,3.6584785468e-04,6.1840702747e-05,2.1930818012e-05,2.2316825867e-05,4.9931456167e-05,2.4292160212e-05,-1.0365829125e+01,1.0365860418e+01,2.8898561580e+03,1.3767388907e+02,-1.0365919276e+01,1.0365919276e+01,2.8898588959e+03,1.3767004000e+02,9.0151309936e-05,3.7150660547e-03,3.7754596483e-01,2.8791558879e-02,0.0000000000e+00,0.0000000000e+00,0.0000000000e+00,0.0000000000e+00,4.9232569423e-06,4.9232718050e-06,1.3725389663e-03,6.5388298607e-05,5.4920250780e-06,6.2479126800e-06,1.2481357866e-03,6.3974810388e-05,1.0000000000e+00,4.1921888688e+00,2.0679115636e+00,4.1921888688e+00,1.0000000000e+00,1.0002857242e+00,1.0000955859e+00,1.0002857242e+00,1.8924777347e+03,1.9336321481e+03,1.9617863803e+00,nan,3.7516660238e+00,3.8332509277e+00,3.8890641479e-03,nan,2.4996983514e+01,2.7996421701e-01,2.6335578981e+00,4.1909914012e+00,1.3648147865e-01,9.0936273382e-01,-2.0090015777e-01,-1.3343073960e-01,-7.6738437315e-03,5.4975076499e-01,3.2506152421e-01,502904,54,54,56,1.2481357866e-03,5.4877316544e-01,4.6080195619e-01,2.4566562149e-02,-3.6814956678e+00,-2.8232006800e+03,-9.4773112863e-02,-2.8232954531e+03,-1.0267125147e-05,4656,0,48,48,4.9931456167e-05,3.6026345859e-04,1.1203937757e-01,2.4812256233e-02,-3.6712922761e+00,-1.7040683288e-01,1.5438746390e-01,-1.6019368988e-02,-1.0677080302e-05,2.4548918266e-02,7.3317093116e-02,1.4724122055e-06,7.3707761782e-03,0,0,0,2.3958248488e-04,3.1921888688e+00,3.1924284512e+00,9.3176175816e-07,2.8572417675e-04,2.8665593851e-04,4.7495061735e-03,2.3958248488e+00
452,4.5200000000e-02,1.0000000000e-04,-9.1528767533e-02,1.3391583764e-01,1.5270285348e+00,2.5808712639e-01,-2.1572727793e-01,2.1572727793e-01,1.4945729360e+00,3.3532725518e-01,1.2419851039e-01,1.2424738725e-01,1.9245008580e-01,1.3233078777e-01,0.0000000000e+00,0.0000000000e+00,0.0000000000e+00,0.0000000000e+00,2.1928689564e-05,3.2083889147e-05,3.6584929087e-04,6.1833155056e-05,2.1928689564e-05,2.2313098094e-05,4.9900064457e-05,2.4285040575e-05,-1.0359537447e+01,1.0359568821e+01,2.8893809415e+03,1.3761206984e+02,-1.0359627379e+01,1.0359627379e+01,2.8893814508e+03,1.3760821988e+02,8.9932017669e-05,3.7172467087e-03,3.7754603283e-01,2.8791651265e-02,0.0000000000e+00,0.0000000000e+00,0.0000000000e+00,0.0000000000e+00,4.9202687060e-06,4.9202836070e-06,1.3723132619e-03,6.5358937525e-05,5.4916709557e-06,6.2471531363e-06,1.2476208080e-03,6.3937531244e-05,1.0000000000e+00,4.1921888688e+00,2.0679115636e+00,4.1921888688e+00,1.0000000000e+00,1.0002857242e+00,1.0000955859e+00,1.0002857242e+00,1.8921591022e+03,1.9332488774e+03,1.9617867733e+00,nan,3.7510343635e+00,3.8324911284e+00,3.8890649269e-03,nan,2.5002388707e+01,2.7997694942e-01,2.6327949112e+00,4.1909914012e+00,1.3639513784e-01,9.0913703356e-01,-1.9697215139e-01,-1.2869549974e-01,-7.6088030666e-03,5.4961343811e-01,3.2505356236e-01,373866,40,54,42,1.2476208080e-03,5.5002130123e-01,4.6079206247e-01,2.4556295024e-02,-3.6819242117e+00,-2.8198886850e+03,-9.7150013770e-02,-2.8199858350e+03,-1.0282611434e-05,442416,48,0,48,4.9900064457e-05,3.4689729152e-04,1.1208930903e-01,2.4801579153e-02,-3.6717336322e+00,-1.7050237910e-01,1.5442770510e-01,-1.6074674004e-02,-1.0680202162e-05,2.4538653193e-02,7.3322642984e-02,1.4767426504e-06,7.3976215144e-03,0,0,0,2.3958248488e-04,3.1921888688e+00,3.1924284512e+00,9.3176175816e-07,2.8572417675e-04,2.8665593851e-04,4.7495061735e-03,2.3958248488e+00
453,4.5300000000e-02,1.0000000000e-04,-9.1519809450e-02,1.3391181814e-01,1.5270341991e+00,2.5805547644e-01,-2.1573412713e-01,2.1573412713e-01,1.4946217616e+00,3.3530342486e-01,1.2421431768e-01,1.2426305706e-01,1.9245007561e-01,1.3234375455e-01,0.0000000000e+00,0.0000000000e+00,0.0000000000e+00,0.0000000000e+00,2.1926543364e-05,3.2082926144e-05,3.6585064792e-04,6.1825572283e-05,2.1926543364e-05,2.2309364268e-05,4.9868783496e-05,2.4277928236e-05,-1.0353242851e+01,1.0353274305e+01,2.8888443917e+03,1.3755024376e+02,-1.0353332582e+01,1.0353332582e+01,2.8888426729e+03,1.3754639298e+02,8.9730754324e-05,3.7195031689e-03,3.7755005400e-01,2.8791726741e-02,0.0000000000e+00,0.0000000000e+00,0.0000000000e+00,0.0000000000e+00,4.9172790837e-06,4.9172940226e-06,1.3720584272e-03,6.5329573191e-05,5.4905903519e-06,6.2474479334e-06,1.2471083043e-03,6.3900174519e-05,1.0000000000e+00,4.1921888688e+00,2.0679115636e+00,4.1921888688e+00,1.0000000000e+00,1.0002857242e+00,1.0000955859e+00,1.0002857242e+00,1.8918007163e+03,1.9328252453e+03,1.9618077717e+00,nan,3.7503238959e+00,3.8316513160e+00,3.8891065545e-03,nan,2.5007794795e+01,2.8003702204e-01,2.6320274900e+00,4.1909914012e+00,1.3630912991e-01,9.0893236000e-01,-1.9263911992e-01,-1.2372163445e-01,-7.5328087497e-03,5.4948802493e-01,3.2511986882e-01,502904,54,54,56,1.2471083043e-03,5.5126892204e-01,4.6078221208e-01,2.4546012413e-02,-3.6823535771e+00,-2.8165076775e+03,-9.9522267266e-02,-2.8166071998e+03,-1.0298694270e-05,446976,48,48,0,4.9868783496e-05,3.3416441460e-04,1.1213920909e-01,2.4790898950e-02,-3.6721753026e+00,-1.7059778607e-01,1.5446789781e-01,-1.6129888259e-02,-1.0683073558e-05,2.4528372384e-02,7.3328068442e-02,1.4805790502e-06,7.4244867433e-03,0,0,0,2.3958248488e-04,3.1921888688e+00,3.1924284512e+00,9.3176175816e-07,2.8572417675e-04,2.8665593851e-04,4.7495061735e-03,2.3958248488e+00
454,4.5400000000e-02,1.0000000000e-04,-9.1510776923e-02,1.3390773149e-01,1.5270395213e+00,2.5802367827e-01,-2.1574089969e-01,2.1574089969e-01,1.4946700745e+00,3.3527944948e-01,1.2423012277e-01,1.2427872520e-01,1.9245008301e-01,1.3235672204e-01,0.0000000000e+00,0.0000000000e+00,0.0000000000e+00,0.0000000000e+00,2.1924379329e-05,3.2081947055e-05,3.6585192303e-04,6.1817953998e-05,2.1924379329e-05,2.2305625161e-05,4.9837612693e-05,2.4270823054e-05,-1.0346946198e+01,1.0346977735e+01,2.8882465613e+03,1.3748840271e+02,-1.0347035742e+01,1.0347035742e+01,2.8882426152e+03,1.3748455119e+02,8.9544696913e-05,3.7217667013e-03,3.7754663831e-01,2.8791791333e-02,0.0000000000e+00,0.0000000000e+00,0.0000000000e+00,0.0000000000e+00,4.9142884842e-06,4.9143034628e-06,1.3717744873e-03,6.5300201748e-05,5.4927388232e-06,6.2434212094e-06,1.2465871013e-03,6.3858629929e-05,1.0000000000e+00,4.1921888688e+00,2.0679115636e+00,4.1921888688e+00,1.0000000000e+00,1.0002857242e+00,1.0000955859e+00,1.0002857242e+00,1.8914026264e+03,1.9323613047e+03,1.9617899479e+00,nan,3.7495347188e+00,3.8307315956e+00,3.8890712203e-03,nan,2.5012977828e+01,2.7990343980e-01,2.6310862960e+00,4.1909914012e+00,1.3622345423e-01,9.0874054943e-01,-1.8772389272e-01,-1.1841327526e-01,-7.4400490141e-03,5.4939841222e-01,3.2499252407e-01,373866,40,54,42,1.2465871013e-03,5.5251603034e-01,4.6077240470e-01,2.4535713718e-02,-3.6827837898e+00,-2.8130578549e+03,-1.0188979121e-01,-2.8131597447e+03,-1.0315270527e-05,442416,48,0,48,4.9837612693e-05,3.2232599771e-04,1.1218907788e-01,2.4780215877e-02,-3.6726172773e+00,-1.7069305480e-01,1.5450804217e-01,-1.6185012620e-02,-1.0685477707e-05,2.4518075549e-02,7.3333367070e-02,1.4846161127e-06,7.4513872579e-03,0,0,0,2.3958248488e-04,3.1921888688e+00,3.1924284512e+00,9.3176175816e-07,2.8572417675e-04,2.8665593851e-04,4.7495061735e-03,2.3958248488e+00
455,4.5500000000e-02,1.0000000000e-04,-9.1501669724e-02,1.3390357793e-01,1.5270444957e+00,2.5799173038e-01,-2.1574759538e-01,2.1574759538e-01,1.4947178699e+00,3.3525532791e-01,1.2424592566e-01,1.2429439167e-01,1.9245008956e-01,1.3236969023e-01,0.0000000000e+00,0.0000000000e+00,0.0000000000e+00,0.0000000000e+00,2.1922197403e-05,3.2080951936e-05,3.6585311480e-04,6.1810299845e-05,2.1922197403e-05,2.2301878413e-05,4.9806551842e-05,2.4263724919e-05,-1.0340646309e+01,1.0340677928e+01,2.8877549375e+03,1.3742655166e+02,-1.0340735696e+01,1.0340735696e+01,2.8877624075e+03,1.3742269944e+02,8.9386417197e-05,3.7240222084e-03,3.7753584674e-01,2.8791838522e-02,0.0000000000e+00,0.0000000000e+00,0.0000000000e+00,0.0000000000e+00,4.9112963483e-06,4.9113113659e-06,1.3715409903e-03,6.5270825552e-05,5.4936471422e-06,6.2436633505e-06,1.2460737591e-03,6.3817750484e-05,1.0000000000e+00,4.1921888688e+00,2.0679115636e+00,4.1921888688e+00,1.0000000000e+00,1.0002857242e+00,1.0000955859e+00,1.0002857242e+00,1.8910745205e+03,1.9319782453e+03,1.9617338065e+00,nan,3.7488842785e+00,3.8299722149e+00,3.8889599250e-03,nan,2.5018269947e+01,2.7996132142e-01,2.6301711999e+00,4.1909914012e+00,1.3613811070e-01,9.0852097600e-01,-1.8267152013e-01,-1.1309638005e-01,-7.2791616375e-03,5.4936220850e-01,3.2510434016e-01,372714,40,42,42,1.2460737591e-03,5.5376261744e-01,4.6076264000e-01,2.4525398448e-02,-3.6832148715e+00,-2.8095394496e+03,-1.0425248248e-01,-2.8096437021e+03,-1.0332278951e-05,442416,48,0,48,4.9806551842e-05,3.1094498733e-04,1.1223891549e-01,2.4769530399e-02,-3.6730595373e+00,-1.7078818704e-01,1.5454813832e-01,-1.6240048717e-02,-1.0687507222e-05,2.4507762468e-02,7.3338538107e-02,1.4866703469e-06,7.4776051294e-03,0,0,0,2.3958248488e-04,3.1921888688e+00,3.1924284512e+00,9.3176175816e-07,2.8572417675e-04,2.8665593851e-04,4.7495061735e-03,2.3958248488e+00
456,4.5600000000e-02,1.0000000000e-04,-9.1492487821e-02,1.3389935412e-01,1.5270491208e+00,2.5795963188e-01,-2.1575421417e-01,2.1575421417e-01,1.4947651473e+00,3.3523105955e-01,1.2426172635e-01,1.2431005647e-01,1.9245008838e-01,1.3238265913e-01,0.0000000000e+00,0.0000000000e+00,0.0000000000e+00,0.0000000000e+00,2.1919997580e-05,3.2079939985e-05,3.6585422290e-04,6.1802609605e-05,2.1919997580e-05,2.2298123951e-05,4.9775600386e-05,2.4256633752e-05,-1.0334346644e+01,1.0334378365e+01,2.8874224928e+03,1.3736464041e+02,-1.0334435896e+01,1.0334435896e+01,2.8874488314e+03,1.3736078759e+02,8.9251538016e-05,3.7262654008e-03,3.7751774713e-01,2.8791901400e-02,0.0000000000e+00,0.0000000000e+00,0.0000000000e+00,0.0000000000e+00,4.9083043185e-06,4.9083193844e-06,1.3713830955e-03,6.5241420766e-05,5.4926924047e-06,6.2455618421e-06,1.2455403958e-03,6.3779504366e-05,1.0000000000e+00,4.1921888688e+00,2.0679115636e+00,4.1921888688e+00,1.0000000000e+00,1.0002857242e+00,1.0000955859e+00,1.0002857242e+00,1.8908510888e+03,1.9317073566e+03,1.9616397701e+00,nan,3.7484413453e+00,3.8294352027e+00,3.8887735066e-03,nan,2.5023111447e+01,2.8009360140e-01,2.6293633741e+00,4.1909914012e+00,1.3605309785e-01,9.0823665532e-01,-1.7720030066e-01,-1.0757189963e-01,-7.1230283381e-03,5.4929076334e-01,3.2523194884e-01,373866,40,54,42,1.2455403958e-03,5.5500869120e-01,4.6075291767e-01,2.4515066169e-02,-3.6836468412e+00,-2.8059526608e+03,-1.0661026962e-01,-2.8060592711e+03,-1.0349590094e-05,446976,48,48,0,4.9775600386e-05,2.9877158915e-04,1.1228872204e-01,2.4758842892e-02,-3.6735020673e+00,-1.7088318425e-01,1.5458818638e-01,-1.6294997865e-02,-1.0689431252e-05,2.4497433529e-02,7.3343579834e-02,1.4890902523e-06,7.5031818319e-03,0,0,0,2.3958248488e-04,3.1921888688e+00,3.1924284512e+00,9.3176175816e-07,2.8572417675e-04,2.8665593851e-04,4.7495061735e-03,2.3958248488e+00
457,4.5700000000e-02,1.0000000000e-04,-9.1483231292e-02,1.3389506009e-01,1.5270533928e+00,2.5792738212e-01,-2.1576075615e-01,2.1576075615e-01,1.4948119035e+00,3.3520664407e-01,1.2427752486e-01,1.2432571962e-01,1.9245008718e-01,1.3239562871e-01,0.0000000000e+00,0.0000000000e+00,0.0000000000e+00,0.0000000000e+00,2.1917779878e-05,3.2078911209e-05,3.6585524639e-04,6.1794883128e-05,2.1917779878e-05,2.2294361821e-05,4.9744757375e-05,2.4249549509e-05,-1.0328045647e+01,1.0328077479e+01,2.8875842762e+03,1.3730268468e+02,-1.0328134779e+01,1.0328134779e+01,2.8876083366e+03,1.3729883132e+02,8.9132654811e-05,3.7284891414e-03,3.7749240424e-01,2.8791967440e-02,0.0000000000e+00,0.0000000000e+00,0.0000000000e+00,0.0000000000e+00,4.9053116559e-06,4.9053267746e-06,1.3714599346e-03,6.5211994852e-05,5.5011390550e-06,6.2364184583e-06,1.2449926467e-03,6.3730899308e-05,1.0000000000e+00,4.1921888688e+00,2.0679115636e+00,4.1921888688e+00,1.0000000000e+00,1.0002857242e+00,1.0000955859e+00,1.0002857242e+00,1.8909517440e+03,1.9317536406e+03,1.9615080969e+00,nan,3.7486408851e+00,3.8295269566e+00,3.8885124762e-03,nan,2.5027615219e+01,2.7973074575e-01,2.6281271445e+00,4.1909914012e+00,1.3596841337e-01,9.0778637808e-01,-1.7105819269e-01,-1.0173347755e-01,-6.9350343452e-03,5.4930036650e-01,3.2483198528e-01,373878,40,54,54,1.2449926467e-03,5.5625423160e-01,4.6074323735e-01,2.4504716579e-02,-3.6840797126e+00,-2.8022977669e+03,-1.0896302864e-01,-2.8024067299e+03,-1.0367106612e-05,4656,0,48,48,4.9744757375e-05,2.8618006578e-04,1.1233849764e-01,2.4748153461e-02,-3.6739448632e+00,-1.7097804693e-01,1.5462818649e-01,-1.6349860438e-02,-1.0691142144e-05,2.4487088934e-02,7.3348489780e-02,1.4918695367e-06,7.5281828413e-03,0,0,0,2.3958248488e-04,3.1921888688e+00,3.1924284512e+00,9.3176175816e-07,2.8572417675e-04,2.8665593851e-04,4.7495061735e-03,2.3958248488e+00
458,4.5800000000e-02,1.0000000000e-04,-9.1473900329e-02,1.3389069597e-01,1.5270573056e+00,2.5789498075e-01,-2.1576722151e-01,2.1576722151e-01,1.4948581334e+00,3.3518208138e-01,1.2429332118e-01,1.2434138110e-01,1.9245008967e-01,1.3240859898e-01,0.0000000000e+00,0.0000000000e+00,0.0000000000e+00,0.0000000000e+00,2.1915544343e-05,3.2077865642e-05,3.6585618384e-04,6.1787120328e-05,2.1915544343e-05,2.2290592097e-05,4.9714022171e-05,2.4242472180e-05,-1.0321741957e+01,1.0321773860e+01,2.8876813801e+03,1.3724070073e+02,-1.0321831023e+01,1.0321831023e+01,2.8877031619e+03,1.3723684690e+02,8.9066470071e-05,3.7307302448e-03,3.7745987985e-01,2.8792025076e-02,0.0000000000e+00,0.0000000000e+00,0.0000000000e+00,0.0000000000e+00,4.9023177144e-06,4.9023328670e-06,1.3715060542e-03,6.5182555538e-05,5.5139431832e-06,6.2302409011e-06,1.2445220202e-03,6.3678311204e-05,1.0000000000e+00,4.1921888688e+00,2.0679115636e+00,4.1921888688e+00,1.0000000000e+00,1.0002857242e+00,1.0000955859e+00,1.0002857242e+00,1.8910104876e+03,1.9317573336e+03,1.9613390698e+00,nan,3.7487573389e+00,3.8295342777e+00,3.8881773953e-03,nan,2.5033621619e+01,2.7950091563e-01,2.6267251430e+00,4.1909914012e+00,1.3588405599e-01,9.0741270618e-01,-1.6506512681e-01,-9.6057464667e-02,-6.7971665273e-03,5.4929485154e-01,3.2457584511e-01,372714,40,42,42,1.2445220202e-03,5.5749922424e-01,4.6073359873e-01,2.4494349472e-02,-3.6845134953e+00,-2.7985750441e+03,-1.1131064671e-01,-2.7986863548e+03,-1.0384656169e-05,446976,48,48,0,4.9714022171e-05,2.7342608264e-04,1.1238824240e-01,2.4737462319e-02,-3.6743879165e+00,-1.7107277598e-01,1.5466813879e-01,-1.6404637193e-02,-1.0692610394e-05,2.4476733833e-02,7.3353265314e-02,1.4898964738e-06,7.5527303815e-03,0,0,0,2.3958248488e-04,3.1921888688e+00,3.1924284512e+00,9.3176175816e-07,2.8572417675e-04,2.8665593851e-04,4.7495061735e-03,2.3958248488e+00
459,4.5900000000e-02,1.0000000000e-04,-9.1464495398e-02,1.3388626013e-01,1.5270608531e+00,2.5786242835e-01,-2.1577361073e-01,2.1577361073e-01,1.4949038316e+00,3.3515737221e-01,1.2430911533e-01,1.2435704093e-01,1.9245008972e-01,1.3242156992e-01,0.0000000000e+00,0.0000000000e+00,0.0000000000e+00,0.0000000000e+00,2.1913291086e-05,3.2076802895e-05,3.6585703375e-04,6.1779321342e-05,2.1913291086e-05,2.2286814841e-05,4.9683394195e-05,2.4235401769e-05,-1.0315453422e+01,1.0315485413e+01,2.8877139458e+03,1.3717869746e+02,-1.0315542492e+01,1.0315542492e+01,2.8877334489e+03,1.3717484332e+02,8.9070401207e-05,3.7331842069e-03,3.7742024071e-01,2.8792138984e-02,0.0000000000e+00,0.0000000000e+00,0.0000000000e+00,0.0000000000e+00,4.8993309708e-06,4.8993461651e-06,1.3715215213e-03,6.5153107047e-05,5.5247603746e-06,6.2343386566e-06,1.2438909958e-03,6.3628944386e-05,1.0000000000e+00,4.1921888688e+00,2.0679115636e+00,4.1921888688e+00,1.0000000000e+00,1.0002857242e+00,1.0000955859e+00,1.0002857242e+00,1.8910274204e+03,1.9317185413e+03,1.9611330983e+00,nan,3.7487909068e+00,3.8294573753e+00,3.8877690754e-03,nan,2.5036353010e+01,2.7973215111e-01,2.6254544897e+00,4.1909914012e+00,1.3580002463e-01,9.0694238224e-01,-1.5924961392e-01,-9.0486880094e-02,-6.8335935935e-03,5.4915533047e-01,3.2469573614e-01,372714,40,42,42,1.2438909958e-03,5.5874374626e-01,4.6072400147e-01,2.4483964816e-02,-3.6849481919e+00,-2.7947845405e+03,-1.1365318345e-01,-2.7948981936e+03,-1.0401774096e-05,446976,48,48,0,4.9683394195e-05,2.6053752485e-04,1.1243795642e-01,2.4726769708e-02,-3.6748312173e+00,-1.7116737240e-01,1.5470804340e-01,-1.6459328991e-02,-1.0693817554e-05,2.4466370356e-02,7.3357903897e-02,1.4858410804e-06,7.5765818122e-03,0,0,0,2.3958248488e-04,3.1921888688e+00,3.1924284512e+00,9.3176175816e-07,2.8572417675e-04,2.8665593851e-04,4.7495061735e-03,2.3958248488e+00
460,4.6000000000e-02,1.0000000000e-04,-9.1455017148e-02,1.3388175438e-01,1.5270640290e+00,2.5782972605e-01,-2.1577992446e-01,2.1577992446e-01,1.4949489928e+00,3.3513251777e-01,1.2432490731e-01,1.2437269911e-01,1.9245008945e-01,1.3243454154e-01,0.0000000000e+00,0.0000000000e+00,0.0000000000e+00,0.0000000000e+00,2.1911020263e-05,3.2075723395e-05,3.6585779463e-04,6.1771486444e-05,2.1911020263e-05,2.2283030136e-05,4.9652872894e-05,2.4228338311e-05,-1.0309185624e+01,1.0309217726e+01,2.8876821385e+03,1.3711666916e+02,-1.0309274761e+01,1.0309274761e+01,2.8876993623e+03,1.3711281491e+02,8.9137074637e-05,3.7357303491e-03,3.7740400825e-01,2.8792332974e-02,0.0000000000e+00,0.0000000000e+00,0.0000000000e+00,0.0000000000e+00,4.8963540767e-06,4.8963693232e-06,1.3715064144e-03,6.5123646666e-05,5.5319634411e-06,6.2428766026e-06,1.2431741758e-03,6.3585205053e-05,1.0000000000e+00,4.1921888688e+00,2.0679115636e+00,4.1921888688e+00,1.0000000000e+00,1.0002857242e+00,1.0000955859e+00,1.0002857242e+00,1.8910026585e+03,1.9316373845e+03,1.9610487547e+00,nan,3.7487418185e+00,3.8292964893e+00,3.8876018718e-03,nan,2.5037306069e+01,2.8016282187e-01,2.6244146106e+00,4.1909914012e+00,1.3571631826e-01,9.0642972050e-01,-1.5317976954e-01,-8.4863198175e-02,-6.9076968996e-03,5.4896249898e-01,3.2491490672e-01,373866,40,54,42,1.2431741758e-03,5.5998763726e-01,4.6071444524e-01,2.4473563042e-02,-3.6853837852e+00,-2.7909269616e+03,-1.1599025186e-01,-2.7910429518e+03,-1.0418530161e-05,4656,0,48,48,4.9652872894e-05,2.4774919559e-04,1.1248763982e-01,2.4716075891e-02,-3.6752747551e+00,-1.7126183723e-01,1.5474790047e-01,-1.6513936765e-02,-1.0694698048e-05,2.4455996964e-02,7.3362402342e-02,1.4832639792e-06,7.5998442504e-03,0,0,0,2.3958248488e-04,3.1921888688e+00,3.1924284512e+00,9.3176175816e-07,2.8572417675e-04,2.8665593851e-04,4.7495061735e-03,2.3958248488e+00
461,4.6100000000e-02,1.0000000000e-04,-9.1445466290e-02,1.3387718344e-01,1.5270668255e+00,2.5779687511e-01,-2.1578616342e-01,2.1578616342e-01,1.4949936099e+00,3.3510751940e-01,1.2434069713e-01,1.2438835563e-01,1.9245008703e-01,1.3244751381e-01,0.0000000000e+00,0.0000000000e+00,0.0000000000e+00,0.0000000000e+00,2.1908732045e-05,3.2074628277e-05,3.6585846463e-04,6.1763615933e-05,2.1908732045e-05,2.2279238119e-05,4.9622457773e-05,2.4221281875e-05,-1.0302932676e+01,1.0302964885e+01,2.8875860493e+03,1.3705463195e+02,-1.0303021928e+01,1.0303021928e+01,2.8876009936e+03,1.3705077775e+02,8.9252153151e-05,3.7382885114e-03,3.7744870838e-01,2.8792578622e-02,0.0000000000e+00,0.0000000000e+00,0.0000000000e+00,0.0000000000e+00,4.8933842349e-06,4.8933995325e-06,1.3714607768e-03,6.5094182057e-05,5.5363430573e-06,6.2520570340e-06,1.2424582827e-03,6.3545282621e-05,1.0000000000e+00,4.1921888688e+00,2.0679115636e+00,4.1921888688e+00,1.0000000000e+00,1.0002857242e+00,1.0000955859e+00,1.0002857242e+00,1.8909362715e+03,1.9315139372e+03,1.9612810480e+00,nan,3.7486102123e+00,3.8290517663e+00,3.8880623723e-03,nan,2.5038225401e+01,2.8062256890e-01,2.6235309489e+00,4.1909914012e+00,1.3563293615e-01,9.0593789026e-01,-1.4670411984e-01,-7.9103502264e-02,-6.9752691199e-03,5.4875419388e-01,3.2515121455e-01,372714,40,42,42,1.2424582827e-03,5.6123081144e-01,4.6070492971e-01,2.4463144512e-02,-3.6858202612e+00,-2.7870028395e+03,-1.1832160714e-01,-2.7871211611e+03,-1.0434965634e-05,446976,48,48,0,4.9622457773e-05,2.3514825881e-04,1.1253729269e-01,2.4705381193e-02,-3.6757185165e+00,-1.7135617179e-01,1.5478771011e-01,-1.6568461679e-02,-1.0695262641e-05,2.4445611170e-02,7.3366757829e-02,1.4820621017e-06,7.6229522545e-03,0,0,0,2.3958248488e-04,3.1921888688e+00,3.1924284512e+00,9.3176175816e-07,2.8572417675e-04,2.8665593851e-04,4.7495061735e-03,2.3958248488e+00
462,4.6200000000e-02,1.0000000000e-04,-9.1435843595e-02,1.3387254586e-01,1.5270692358e+00,2.5776387686e-01,-2.1579232838e-01,2.1579232838e-01,1.4950376771e+00,3.3508237855e-01,1.2435648478e-01,1.2440401051e-01,1.9245007835e-01,1.3246048675e-01,0.0000000000e+00,0.0000000000e+00,0.0000000000e+00,0.0000000000e+00,2.1906426616e-05,3.2073517194e-05,3.6585904209e-04,6.1755710131e-05,2.1906426616e-05,2.2275438967e-05,4.9592148282e-05,2.4214232568e-05,-1.0296689281e+01,1.0296721587e+01,2.8874257367e+03,1.3699260136e+02,-1.0296778686e+01,1.0296778686e+01,2.8874384013e+03,1.3698874732e+02,8.9404300753e-05,3.7408482849e-03,3.7748515487e-01,2.8792849723e-02,0.0000000000e+00,0.0000000000e+00,0.0000000000e+00,0.0000000000e+00,4.8904189308e-06,4.8904342746e-06,1.3713846362e-03,6.5064720588e-05,5.5408359685e-06,6.2577968209e-06,1.2417415569e-03,6.3506995561e-05,1.0000000000e+00,4.1921888688e+00,2.0679115636e+00,4.1921888688e+00,1.0000000000e+00,1.0002857242e+00,1.0000955859e+00,1.0002857242e+00,1.8908283063e+03,1.9313482500e+03,1.9614705180e+00,nan,3.7483961811e+00,3.8287233063e+00,3.8884379795e-03,nan,2.5039075739e+01,2.8092810338e-01,2.6227135377e+00,4.1909914012e+00,1.3554987735e-01,9.0546555949e-01,-1.3976464933e-01,-7.3187329728e-02,-7.0156128937e-03,5.4854826643e-01,3.2526312904e-01,373866,40,54,42,1.2417415569e-03,5.6247326972e-01,4.6069545455e-01,2.4452709546e-02,-3.6862576074e+00,-2.7830124795e+03,-1.2064716821e-01,-2.7831331267e+03,-1.0450893563e-05,442416,48,0,48,4.9592148282e-05,2.2275134999e-04,1.1258691515e-01,2.4694685930e-02,-3.6761624887e+00,-1.7145037733e-01,1.5482747246e-01,-1.6622904870e-02,-1.0695534021e-05,2.4435210732e-02,7.3370968127e-02,1.4816959871e-06,7.6456898360e-03,0,0,0,2.3958248488e-04,3.1921888688e+00,3.1924284512e+00,9.3176175816e-07,2.8572417675e-04,2.8665593851e-04,4.7495061735e-03,2.3958248488e+00
463,4.6300000000e-02,1.0000000000e-04,-9.1426149908e-02,1.3386783958e-01,1.5270712545e+00,2.5773073282e-01,-2.1579842019e-01,2.1579842019e-01,1.4950811897e+00,3.3505709685e-01,1.2437227029e-01,1.2441966375e-01,1.9245008738e-01,1.3247346032e-01,0.0000000000e+00,0.0000000000e+00,0.0000000000e+00,0.0000000000e+00,2.1904104178e-05,3.2072389653e-05,3.6585952574e-04,6.1747769400e-05,2.1904104178e-05,2.2271632883e-05,4.9561943846e-05,2.4207190528e-05,-1.0290452068e+01,1.0290484472e+01,2.8872012322e+03,1.3693058938e+02,-1.0290541662e+01,1.0290541662e+01,2.8872116169e+03,1.3692673562e+02,8.9593682736e-05,3.7434102071e-03,3.7751343840e-01,2.8793128860e-02,0.0000000000e+00,0.0000000000e+00,0.0000000000e+00,0.0000000000e+00,4.8874565627e-06,4.8874719528e-06,1.3712780076e-03,6.5035267961e-05,5.5445221161e-06,6.2625932752e-06,1.2410243304e-03,6.3469702980e-05,1.0000000000e+00,4.1921888688e+00,2.0679115636e+00,4.1921888688e+00,1.0000000000e+00,1.0002857242e+00,1.0000955859e+00,1.0002857242e+00,1.8906787904e+03,1.9311403533e+03,1.9616173915e+00,nan,3.7480997792e+00,3.8283111699e+00,3.8887291429e-03,nan,2.5039863938e+01,2.8119147383e-01,2.6219359453e+00,4.1909914012e+00,1.3546714069e-01,9.0501293207e-01,-1.3248186450e-01,-6.7186515475e-02,-7.0253871677e-03,5.4835399415e-01,3.2539858741e-01,390954,42,40,42,1.2410243304e-03,5.6371501128e-01,4.6068601944e-01,2.4442258653e-02,-3.6866958036e+00,-2.7789562045e+03,-1.2296685096e-01,-2.7790791714e+03,-1.0466192494e-05,442416,48,0,48,4.9561943846e-05,2.1053347095e-04,1.1263650729e-01,2.4683990396e-02,-3.6766066595e+00,-1.7154445504e-01,1.5486718765e-01,-1.6677267396e-02,-1.0695528529e-05,2.4424794124e-02,7.3375031340e-02,1.4814903523e-06,7.6680352091e-03,0,0,0,2.3958248488e-04,3.1921888688e+00,3.1924284512e+00,9.3176175816e-07,2.8572417675e-04,2.8665593851e-04,4.7495061735e-03,2.3958248488e+00
464,4.6400000000e-02,1.0000000000e-04,-9.1416386163e-02,1.3386306687e-01,1.5270728772e+00,2.5769744475e-01,-2.1580443980e-01,2.1580443980e-01,1.4951241443e+00,3.3503167617e-01,1.2438805364e-01,1.2443531534e-01,1.9245008964e-01,1.3248643455e-01,0.0000000000e+00,0.0000000000e+00,0.0000000000e+00,0.0000000000e+00,2.1901764956e-05,3.2071246195e-05,3.6585991452e-04,6.1739794161e-05,2.1901764956e-05,2.2267820090e-05,4.9531843890e-05,2.4200155918e-05,-1.0284219041e+01,1.0284251547e+01,2.8869125581e+03,1.3686859553e+02,-1.0284308858e+01,1.0284308858e+01,2.8869206629e+03,1.3686474214e+02,8.9817071211e-05,3.7459711879e-03,3.7753363760e-01,2.8793408454e-02,0.0000000000e+00,0.0000000000e+00,0.0000000000e+00,0.0000000000e+00,4.8844961823e-06,4.8845116212e-06,1.3711409017e-03,6.5005823941e-05,5.5466459682e-06,6.2666140061e-06,1.2403131794e-03,6.3433009919e-05,1.0000000000e+00,4.1921888688e+00,2.0679115636e+00,4.1921888688e+00,1.0000000000e+00,1.0002857242e+00,1.0000955859e+00,1.0002857242e+00,1.8904877437e+03,1.9308902702e+03,1.9617223267e+00,nan,3.7477210465e+00,3.8278154027e+00,3.8889371674e-03,nan,2.5040722938e+01,2.8142018306e-01,2.6211818690e+00,4.1909914012e+00,1.3538472493e-01,9.0458477163e-01,-1.2487712193e-01,-6.1105524043e-02,-7.0277488694e-03,5.4815952788e-01,3.2552617031e-01,373866,40,54,42,1.2403131794e-03,5.6495603561e-01,4.6067662405e-01,2.4431792460e-02,-3.6871348244e+00,-2.7748343457e+03,-1.2528057226e-01,-2.7749596262e+03,-1.0480893692e-05,4656,0,48,48,4.9531843890e-05,1.9841050642e-04,1.1268606924e-01,2.4673294867e-02,-3.6770510178e+00,-1.7163840607e-01,1.5490685581e-01,-1.6731550263e-02,-1.0695261823e-05,2.4414360494e-02,7.3378945665e-02,1.4815043184e-06,7.6900273788e-03,0,0,0,2.3958248488e-04,3.1921888688e+00,3.1924284512e+00,9.3176175816e-07,2.8572417675e-04,2.8665593851e-04,4.7495061735e-03,2.3958248488e+00
465,4.6500000000e-02,1.0000000000e-04,-9.1406553375e-02,1.3385823876e-01,1.5270740997e+00,2.5766401461e-01,-2.1581038822e-01,2.1581038822e-01,1.4951665373e+00,3.3500611855e-01,1.2440383485e-01,1.2445096529e-01,1.9245008931e-01,1.3249940940e-01,0.0000000000e+00,0.0000000000e+00,0.0000000000e+00,0.0000000000e+00,2.1899409192e-05,3.2070089463e-05,3.6586020741e-04,6.1731784886e-05,2.1899409192e-05,2.2264000822e-05,4.9501847848e-05,2.4193128925e-05,-1.0277988868e+01,1.0278021463e+01,2.8865597474e+03,1.3680662810e+02,-1.0278078936e+01,1.0278078936e+01,2.8865655722e+03,1.3680277516e+02,9.0068120681e-05,3.7485248918e-03,3.7754582111e-01,2.8793680278e-02,0.0000000000e+00,0.0000000000e+00,0.0000000000e+00,0.0000000000e+00,4.8815371581e-06,4.8815526389e-06,1.3709733341e-03,6.4976392472e-05,5.5491158683e-06,6.2680514137e-06,1.2395777252e-03,6.3396352919e-05,1.0000000000e+00,4.1921888688e+00,2.0679115636e+00,4.1921888688e+00,1.0000000000e+00,1.0002857242e+00,1.0000955859e+00,1.0002857242e+00,1.8902551933e+03,1.9305980306e+03,1.9617856373e+00,nan,3.7472600362e+00,3.8272360641e+00,3.8890626750e-03,nan,2.5041039458e+01,2.8153302112e-01,2.6204280197e+00,4.1909914012e+00,1.3530262884e-01,9.0415888799e-01,-1.1699701069e-01,-5.4982681978e-02,-7.0192747239e-03,5.4797015305e-01,3.2556207377e-01,502904,54,54,56,1.2395777252e-03,5.6619634879e-01,4.6066726807e-01,2.4421311566e-02,-3.6875746456e+00,-2.7706472147e+03,-1.2758826148e-01,-2.7707748029e+03,-1.0495059308e-05,446976,48,48,0,4.9501847848e-05,1.8638382518e-04,1.1273560108e-01,2.4662599606e-02,-3.6774955527e+00,-1.7173223149e-01,1.5494647706e-01,-1.6785754429e-02,-1.0694735391e-05,2.4403909492e-02,7.3382709291e-02,1.4816130120e-06,7.7116781050e-03,0,0,0,2.3958248488e-04,3.1921888688e+00,3.1924284512e+00,9.3176175816e-07,2.8572417675e-04,2.8665593851e-04,4.7495061735e-03,2.3958248488e+00
466,4.6600000000e-02,1.0000000000e-04,-9.1396652639e-02,1.3385334964e-01,1.5270749177e+00,2.5763044461e-01,-2.1581626656e-01,2.1581626656e-01,1.4952083654e+00,3.3498042628e-01,1.2441961392e-01,1.2446661360e-01,1.9245008921e-01,1.3251238488e-01,0.0000000000e+00,0.0000000000e+00,0.0000000000e+00,0.0000000000e+00,2.1897037149e-05,3.2068918116e-05,3.6586040339e-04,6.1723742102e-05,2.1897037149e-05,2.2260175326e-05,4.9471955180e-05,2.4186109758e-05,-1.0271760368e+01,1.0271793038e+01,2.8861428375e+03,1.3674469384e+02,-1.0271850716e+01,1.0271850716e+01,2.8861463825e+03,1.3674084142e+02,9.0348014615e-05,3.7510724561e-03,3.7755005479e-01,2.8793937243e-02,0.0000000000e+00,0.0000000000e+00,0.0000000000e+00,0.0000000000e+00,4.8785789279e-06,4.8785944448e-06,1.3707753224e-03,6.4946976760e-05,5.5514521506e-06,6.2678898606e-06,1.2386815809e-03,6.3359851675e-05,1.0000000000e+00,4.1921888688e+00,2.0679115636e+00,4.1921888688e+00,1.0000000000e+00,1.0002857242e+00,1.0000955859e+00,1.0002857242e+00,1.8899811686e+03,1.9302636671e+03,1.9618076372e+00,nan,3.7467168071e+00,3.8265732189e+00,3.8891062879e-03,nan,2.5038055932e+01,2.8157414615e-01,2.6196793246e+00,4.1909914012e+00,1.3522085124e-01,9.0363574584e-01,-1.0895107162e-01,-4.8882163471e-02,-7.0018859997e-03,5.4778453362e-01,3.2555694070e-01,520170,56,42,42,1.2386815809e-03,5.6743592651e-01,4.6065795118e-01,2.4410816507e-02,-3.6880152457e+00,-2.7663952129e+03,-1.2988979190e-01,-2.7665251026e+03,-1.0508383502e-05,442416,48,0,48,4.9471955180e-05,1.7444067663e-04,1.1278510293e-01,2.4651904870e-02,-3.6779402537e+00,-1.7182593238e-01,1.5498605154e-01,-1.6839880847e-02,-1.0693947134e-05,2.4393441159e-02,7.3386320416e-02,1.4814729727e-06,7.7330161190e-03,0,0,0,2.3958248488e-04,3.1921888688e+00,3.1924284512e+00,9.3176175816e-07,2.8572417675e-04,2.8665593851e-04,4.7495061735e-03,2.3958248488e+00
467,4.6700000000e-02,1.0000000000e-04,-9.1386685133e-02,1.3384839753e-01,1.5270753270e+00,2.5759673720e-01,-2.1582207599e-01,2.1582207599e-01,1.4952496252e+00,3.3495460184e-01,1.2443539086e-01,1.2448226028e-01,1.9245008922e-01,1.3252536098e-01,0.0000000000e+00,0.0000000000e+00,0.0000000000e+00,0.0000000000e+00,2.1894649109e-05,3.2067731677e-05,3.6586050146e-04,6.1715666397e-05,2.1894649109e-05,2.2256344195e-05,4.9442165366e-05,2.4179098639e-05,-1.0265532860e+01,1.0265565602e+01,2.8856618898e+03,1.3668279381e+02,-1.0265623516e+01,1.0265623516e+01,2.8856631554e+03,1.3667894199e+02,9.0656193272e-05,3.7536131823e-03,3.7755001857e-01,2.8794176384e-02,0.0000000000e+00,0.0000000000e+00,0.0000000000e+00,0.0000000000e+00,4.8756211691e-06,4.8756367200e-06,1.3705468960e-03,6.4917577303e-05,5.5540614832e-06,6.2665754468e-06,1.2377278302e-03,6.3323368575e-05,1.0000000000e+00,4.1921888688e+00,2.0679115636e+00,4.1921888688e+00,1.0000000000e+00,1.0002857242e+00,1.0000955859e+00,1.0002857242e+00,1.8896657150e+03,1.9298872287e+03,1.9618074488e+00,nan,3.7460914490e+00,3.8258269637e+00,3.8891059144e-03,nan,2.5033851593e+01,2.8156355742e-01,2.6189300734e+00,4.1909914012e+00,1.3513939102e-01,9.0309046252e-01,-1.0099060271e-01,-4.2864766359e-02,-6.9787383251e-03,5.4760159862e-01,3.2552588650e-01,521322,56,54,42,1.2377278302e-03,5.6867460809e-01,4.6064867308e-01,2.4400308124e-02,-3.6884565903e+00,-2.7620791879e+03,-1.3218478501e-01,-2.7622113727e+03,-1.0521040851e-05,4656,0,48,48,4.9442165366e-05,1.6256116481e-04,1.1283457489e-01,2.4641210923e-02,-3.6783851100e+00,-1.7191950985e-01,1.5502557936e-01,-1.6893930484e-02,-1.0692896652e-05,2.4382955801e-02,7.3389777294e-02,1.4810830628e-06,7.7540681019e-03,0,0,0,2.3958248488e-04,3.1921888688e+00,3.1924284512e+00,9.3176175816e-07,2.8572417675e-04,2.8665593851e-04,4.7495061735e-03,2.3958248488e+00
468,4.6800000000e-02,1.0000000000e-04,-9.1376652113e-02,1.3384338347e-01,1.5270753236e+00,2.5756289507e-01,-2.1582781779e-01,2.1582781779e-01,1.4952903134e+00,3.3492864796e-01,1.2445116567e-01,1.2449790533e-01,1.9245008963e-01,1.3253833770e-01,0.0000000000e+00,0.0000000000e+00,0.0000000000e+00,0.0000000000e+00,2.1892245373e-05,3.2066530397e-05,3.6586050062e-04,6.1707558415e-05,2.1892245373e-05,2.2252508152e-05,4.9412477891e-05,2.4172095808e-05,-1.0259305844e+01,1.0259338663e+01,2.8851169930e+03,1.3662093043e+02,-1.0259396837e+01,1.0259396837e+01,2.8851159797e+03,1.3661707926e+02,9.0993662333e-05,3.7562579090e-03,3.7754731550e-01,2.8794394969e-02,0.0000000000e+00,0.0000000000e+00,0.0000000000e+00,0.0000000000e+00,4.8726636440e-06,4.8726792314e-06,1.3702880969e-03,6.4888195253e-05,5.5552803575e-06,6.2658617421e-06,1.2367726558e-03,6.3287070924e-05,1.0000000000e+00,4.1921888688e+00,2.0679115636e+00,4.1921888688e+00,1.0000000000e+00,1.0002857242e+00,1.0000955859e+00,1.0002857242e+00,1.8893088955e+03,1.9294687820e+03,1.9617933991e+00,nan,3.7453840866e+00,3.8249974309e+00,3.8890780621e-03,nan,2.5029561531e+01,2.8158002232e-01,2.6181871620e+00,4.1909914012e+00,1.3505824708e-01,9.0256396341e-01,-9.3139760704e-02,-3.6969305895e-02,-6.9562686922e-03,5.4741951879e-01,3.2554528419e-01,503082,54,56,42,1.2367726558e-03,5.6991233592e-01,4.6063943344e-01,2.4389787083e-02,-3.6888986521e+00,-2.7576996891e+03,-1.3447305564e-01,-2.7578341622e+03,-1.0533289324e-05,4656,0,48,48,4.9412477891e-05,1.5072888710e-04,1.1288401705e-01,2.4630518026e-02,-3.6788301108e+00,-1.7201296498e-01,1.5506506067e-01,-1.6947904313e-02,-1.0691585699e-05,2.4372453951e-02,7.3393078251e-02,1.4803062485e-06,7.7748739041e-03,0,0,0,2.3958248488e-04,3.1921888688e+00,3.1924284512e+00,9.3176175816e-07,2.8572417675e-04,2.8665593851e-04,4.7495061735e-03,2.3958248488e+00
469,4.6900000000e-02,1.0000000000e-04,-9.1366554908e-02,1.3383831133e-01,1.5270749034e+00,2.5752892116e-01,-2.1583349327e-01,2.1583349327e-01,1.4953304270e+00,3.3490256755e-01,1.2446693836e-01,1.2451354874e-01,1.9245008822e-01,1.3255131502e-01,0.0000000000e+00,0.0000000000e+00,0.0000000000e+00,0.0000000000e+00,2.1889826260e-05,3.2065315201e-05,3.6586039995e-04,6.1699418860e-05,2.1889826260e-05,2.2248666644e-05,4.9382892247e-05,2.4165101514e-05,-1.0253079099e+01,1.0253111995e+01,2.8850396912e+03,1.3655910480e+02,-1.0253170454e+01,1.0253170454e+01,2.8850644260e+03,1.3655525434e+02,9.1354956960e-05,3.7590283776e-03,3.7753767566e-01,2.8794591883e-02,0.0000000000e+00,0.0000000000e+00,0.0000000000e+00,0.0000000000e+00,4.8697062480e-06,4.8697218715e-06,1.3702513824e-03,6.4858831129e-05,5.5551335276e-06,6.2657901125e-06,1.2358408766e-03,6.3251002671e-05,1.0000000000e+00,4.1921888688e+00,2.0679115636e+00,4.1921888688e+00,1.0000000000e+00,1.0002857242e+00,1.0000955859e+00,1.0002857242e+00,1.8892587946e+03,1.9293825458e+03,1.9617433235e+00,nan,3.7452847660e+00,3.8248264754e+00,3.8889787917e-03,nan,2.5025688460e+01,2.8162542110e-01,2.6174523882e+00,4.1909914012e+00,1.3497741831e-01,9.0190814072e-01,-8.5332491074e-02,-3.1209636756e-02,-6.9422908309e-03,5.4723374111e-01,3.2559233381e-01,373866,40,54,42,1.2358408766e-03,5.7114910858e-01,4.6063023197e-01,2.4379253793e-02,-3.6893414149e+00,-2.7532570853e+03,-1.3675452344e-01,-2.7533938398e+03,-1.0545171164e-05,446976,48,48,0,4.9382892247e-05,1.3896182983e-04,1.1293342953e-01,2.4619826441e-02,-3.6792752454e+00,-1.7210629888e-01,1.5510449557e-01,-1.7001803305e-02,-1.0690017861e-05,2.4361936361e-02,7.3396221694e-02,1.4792202101e-06,7.7955142398e-03,0,0,0,2.3958248488e-04,3.1921888688e+00,3.1924284512e+00,9.3176175816e-07,2.8572417675e-04,2.8665593851e-04,4.7495061735e-03,2.3958248488e+00
470,4.7000000000e-02,1.0000000000e-04,-9.1356394916e-02,1.3383318127e-01,1.5270740627e+00,2.5749481862e-01,-2.1583910385e-01,2.1583910385e-01,1.4953699630e+00,3.3487636372e-01,1.2448270894e-01,1.2452919053e-01,1.9245008028e-01,1.3256429294e-01,0.0000000000e+00,0.0000000000e+00,0.0000000000e+00,0.0000000000e+00,2.1887392104e-05,3.2064086129e-05,3.6586019855e-04,6.1691248489e-05,2.1887392104e-05,2.2244819943e-05,4.9353407921e-05,2.4158116015e-05,-1.0246852440e+01,1.0246885404e+01,2.8851265063e+03,1.3649732051e+02,-1.0246944174e+01,1.0246944174e+01,2.8851489855e+03,1.3649347083e+02,9.1734664047e-05,3.7617818054e-03,3.7752333982e-01,2.8794765155e-02,0.0000000000e+00,0.0000000000e+00,0.0000000000e+00,0.0000000000e+00,4.8667488921e-06,4.8667645486e-06,1.3702926153e-03,6.4829486645e-05,5.5536718266e-06,6.2663433469e-06,1.2349256468e-03,6.3215119831e-05,1.0000000000e+00,4.1921888688e+00,2.0679115636e+00,4.1921888688e+00,1.0000000000e+00,1.0002857242e+00,1.0000955859e+00,1.0002857242e+00,1.8893166852e+03,1.9293880825e+03,1.9616689132e+00,nan,3.7453995289e+00,3.8248374514e+00,3.8888312800e-03,nan,2.5022094700e+01,2.8169899162e-01,2.6167239114e+00,4.1909914012e+00,1.3489690356e-01,9.0121309346e-01,-7.7628371238e-02,-2.5628047099e-02,-6.9232439602e-03,5.4705395417e-01,3.2563819603e-01,502904,54,54,56,1.2349256468e-03,5.7238494945e-01,4.6062106836e-01,2.4368708622e-02,-3.6897848640e+00,-2.7487516641e+03,-1.3902915410e-01,-2.7488906933e+03,-1.0556629391e-05,4656,0,48,48,4.9353407921e-05,1.2738115291e-04,1.1298281242e-01,2.4609136423e-02,-3.6797205031e+00,-1.7219951263e-01,1.5514388421e-01,-1.7055628421e-02,-1.0688196652e-05,2.4351403941e-02,7.3399206127e-02,1.4778256423e-06,7.8159219135e-03,0,0,0,2.3958248488e-04,3.1921888688e+00,3.1924284512e+00,9.3176175816e-07,2.8572417675e-04,2.8665593851e-04,4.7495061735e-03,2.3958248488e+00
471,4.7100000000e-02,1.0000000000e-04,-9.1346173588e-02,1.3382799423e-01,1.5270727982e+00,2.5746059081e-01,-2.1584465098e-01,2.1584465098e-01,1.4954089188e+00,3.3485003977e-01,1.2449847739e-01,1.2454483068e-01,1.9245008794e-01,1.3257727145e-01,0.0000000000e+00,0.0000000000e+00,0.0000000000e+00,0.0000000000e+00,2.1884943253e-05,3.2062843405e-05,3.6585989558e-04,6.1683048106e-05,2.1884943253e-05,2.2240968328e-05,4.9324024405e-05,2.4151139576e-05,-1.0240625730e+01,1.0240658759e+01,2.8851502120e+03,1.3643558165e+02,-1.0240717857e+01,1.0240717857e+01,2.8851704358e+03,1.3643173280e+02,9.2127549288e-05,3.7645129521e-03,3.7754042551e-01,2.8794912886e-02,0.0000000000e+00,0.0000000000e+00,0.0000000000e+00,0.0000000000e+00,4.8637915124e-06,4.8638071998e-06,1.3703038743e-03,6.4800163734e-05,5.5513980385e-06,6.2672065528e-06,1.2340407505e-03,6.3179354074e-05,1.0000000000e+00,4.1921888688e+00,2.0679115636e+00,4.1921888688e+00,1.0000000000e+00,1.0002857242e+00,1.0000955859e+00,1.0002857242e+00,1.8893337734e+03,1.9293521655e+03,1.9617576150e+00,nan,3.7454334047e+00,3.8247662492e+00,3.8890071233e-03,nan,2.5019060496e+01,2.8178658683e-01,2.6159988797e+00,4.1909914012e+00,1.3481670170e-01,9.0055992224e-01,-7.0103259372e-02,-2.0257279812e-02,-6.8995062010e-03,5.4687548968e-01,3.2570046614e-01,503082,54,56,42,1.2340407505e-03,5.7361987510e-01,4.6061194232e-01,2.4358151993e-02,-3.6902289825e+00,-2.7441837357e+03,-1.4129690079e-01,-2.7443250326e+03,-1.0567592230e-05,442416,48,0,48,4.9324024405e-05,1.1597534873e-04,1.1303216583e-01,2.4598448226e-02,-3.6801658735e+00,-1.7229260731e-01,1.5518322669e-01,-1.7109380616e-02,-1.0686127262e-05,2.4340857710e-02,7.3402030169e-02,1.4760970684e-06,7.8360467018e-03,0,0,0,2.3958248488e-04,3.1921888688e+00,3.1924284512e+00,9.3176175816e-07,2.8572417675e-04,2.8665593851e-04,4.7495061735e-03,2.3958248488e+00
472,4.7200000000e-02,1.0000000000e-04,-9.1335892430e-02,1.3382275446e-01,1.5270711065e+00,2.5742624128e-01,-2.1585013617e-01,2.1585013617e-01,1.4954472921e+00,3.3482359914e-01,1.2451424374e-01,1.2456046921e-01,1.9245008967e-01,1.3259025054e-01,0.0000000000e+00,0.0000000000e+00,0.0000000000e+00,0.0000000000e+00,2.1882480067e-05,3.2061588047e-05,3.6585949029e-04,6.1674818561e-05,2.1882480067e-05,2.2237112078e-05,4.9294741190e-05,2.4144172466e-05,-1.0234398872e+01,1.0234431964e+01,2.8851109339e+03,1.3637389171e+02,-1.0234491402e+01,1.0234491402e+01,2.8851289023e+03,1.3637004374e+02,9.2530356348e-05,3.7672186216e-03,3.7754896648e-01,2.8795033576e-02,0.0000000000e+00,0.0000000000e+00,0.0000000000e+00,0.0000000000e+00,4.8608340624e-06,4.8608497795e-06,1.3702852192e-03,6.4770864058e-05,5.5491184526e-06,6.2674193618e-06,1.2331746593e-03,6.3143643685e-05,1.0000000000e+00,4.1921888688e+00,2.0679115636e+00,4.1921888688e+00,1.0000000000e+00,1.0002857242e+00,1.0000955859e+00,1.0002857242e+00,1.8893101452e+03,1.9292748849e+03,1.9618019775e+00,nan,3.7453865638e+00,3.8246130475e+00,3.8890950680e-03,nan,2.5016353257e+01,2.8184502286e-01,2.6152747118e+00,4.1909914012e+00,1.3473681153e-01,8.9994013078e-01,-6.2900776840e-02,-1.5134985248e-02,-6.8636639756e-03,5.4669989816e-01,3.2575368930e-01,390954,42,40,42,1.2331746593e-03,5.7485391585e-01,4.6060285355e-01,2.4347584401e-02,-3.6906737501e+00,-2.7395535662e+03,-1.4355774201e-01,-2.7396971240e+03,-1.0577968563e-05,4656,0,48,48,4.9294741190e-05,1.0463678720e-04,1.1308148985e-01,2.4587762099e-02,-3.6806113462e+00,-1.7238558399e-01,1.5522252316e-01,-1.7163060830e-02,-1.0683816011e-05,2.4330298765e-02,7.3404692566e-02,1.4739778208e-06,7.8558773826e-03,0,0,0,2.3958248488e-04,3.1921888688e+00,3.1924284512e+00,9.3176175816e-07,2.8572417675e-04,2.8665593851e-04,4.7495061735e-03,2.3958248488e+00
473,4.7300000000e-02,1.0000000000e-04,-9.1325552992e-02,1.3381746079e-01,1.5270689849e+00,2.5739177376e-01,-2.1585556098e-01,2.1585556098e-01,1.4954850807e+00,3.3479704542e-01,1.2453000799e-01,1.2457610612e-01,1.9245008972e-01,1.3260323021e-01,0.0000000000e+00,0.0000000000e+00,0.0000000000e+00,0.0000000000e+00,2.1880002919e-05,3.2060319776e-05,3.6585898199e-04,6.1666560746e-05,2.1880002919e-05,2.2233251475e-05,4.9265557766e-05,2.4137214956e-05,-1.0228171905e+01,1.0228205061e+01,2.8850088032e+03,1.3631225422e+02,-1.0228264848e+01,1.0228264848e+01,2.8850245164e+03,1.3630840718e+02,9.2943017551e-05,3.7698988353e-03,3.7754904864e-01,2.8795126296e-02,0.0000000000e+00,0.0000000000e+00,0.0000000000e+00,0.0000000000e+00,4.8578765608e-06,4.8578923081e-06,1.3702367121e-03,6.4741589295e-05,5.5464379842e-06,6.2676595350e-06,1.2323068775e-03,6.3107972032e-05,1.0000000000e+00,4.1921888688e+00,2.0679115636e+00,4.1921888688e+00,1.0000000000e+00,1.0002857242e+00,1.0000955859e+00,1.0002857242e+00,1.8892458898e+03,1.9291563344e+03,1.9618024039e+00,nan,3.7452591834e+00,3.8243780317e+00,3.8890959132e-03,nan,2.5013557816e+01,2.8190476512e-01,2.6145506906e+00,4.1909914012e+00,1.3465723186e-01,8.9933868114e-01,-5.6049987605e-02,-1.0274046707e-02,-6.8324127843e-03,5.4652269122e-01,3.2580402979e-01,392490,42,56,42,1.2323068775e-03,5.7608709051e-01,4.6059380175e-01,2.4337006432e-02,-3.6911191430e+00,-2.7348614616e+03,-1.4581163504e-01,-2.7350072733e+03,-1.0587654700e-05,4656,0,48,48,4.9265557766e-05,9.3365590605e-05,1.1313078459e-01,2.4577078283e-02,-3.6810569114e+00,-1.7247844370e-01,1.5526177372e-01,-1.7216669985e-02,-1.0681270470e-05,2.4319728265e-02,7.3407192197e-02,1.4714259372e-06,7.8754182687e-03,0,0,0,2.3958248488e-04,3.1921888688e+00,3.1924284512e+00,9.3176175816e-07,2.8572417675e-04,2.8665593851e-04,4.7495061735e-03,2.3958248488e+00
474,4.7400000000e-02,1.0000000000e-04,-9.1315156866e-02,1.3381211690e-01,1.5270664308e+00,2.5735719214e-01,-2.1586092699e-01,2.1586092699e-01,1.4955222831e+00,3.3477038235e-01,1.2454577013e-01,1.2459174140e-01,1.9245008408e-01,1.3261621044e-01,0.0000000000e+00,0.0000000000e+00,0.0000000000e+00,0.0000000000e+00,2.1877512189e-05,3.2059039474e-05,3.6585837007e-04,6.1658275595e-05,2.1877512189e-05,2.2229386802e-05,4.9236473619e-05,2.4130267320e-05,-1.0221945012e+01,1.0221978228e+01,2.8848439587e+03,1.3625067282e+02,-1.0222038375e+01,1.0222038375e+01,2.8848574171e+03,1.3624682676e+02,9.3363933318e-05,3.7725519420e-03,3.7754076102e-01,2.8795190623e-02,0.0000000000e+00,0.0000000000e+00,0.0000000000e+00,0.0000000000e+00,4.8549190938e-06,4.8549348698e-06,1.3701584191e-03,6.4712341172e-05,5.5444773690e-06,6.2677986107e-06,1.2314287093e-03,6.3072376313e-05,1.0000000000e+00,4.1921888688e+00,2.0679115636e+00,4.1921888688e+00,1.0000000000e+00,1.0002857242e+00,1.0000955859e+00,1.0002857242e+00,1.8891411012e+03,1.9289966119e+03,1.9617593976e+00,nan,3.7450514495e+00,3.8240613965e+00,3.8890106571e-03,nan,2.5010497681e+01,2.8196003184e-01,2.6138283293e+00,4.1909914012e+00,1.3457796144e-01,8.9874914615e-01,-4.9517406378e-02,-5.7007950604e-03,-6.8033629073e-03,5.4634399038e-01,3.2585631954e-01,372714,40,42,42,1.2314287093e-03,5.7731939739e-01,4.6058478663e-01,2.4326418777e-02,-3.6915651327e+00,-2.7301078023e+03,-1.4805849990e-01,-2.7302558608e+03,-1.0596570840e-05,4656,0,48,48,4.9236473619e-05,8.2080526982e-05,1.1318005015e-01,2.4566397012e-02,-3.6815025591e+00,-1.7257118748e-01,1.5530097850e-01,-1.7270208979e-02,-1.0678498689e-05,2.4309147393e-02,7.3409528074e-02,1.4684608142e-06,7.8946920109e-03,0,0,0,2.3958248488e-04,3.1921888688e+00,3.1924284512e+00,9.3176175816e-07,2.8572417675e-04,2.8665593851e-04,4.7495061735e-03,2.3958248488e+00
475,4.7500000000e-02,1.0000000000e-04,-9.1304705673e-02,1.3380672503e-01,1.5270634420e+00,2.5732250046e-01,-2.1586623585e-01,2.1586623585e-01,1.4955588977e+00,3.3474361377e-01,1.2456153017e-01,1.2460737507e-01,1.9245008876e-01,1.3262919124e-01,0.0000000000e+00,0.0000000000e+00,0.0000000000e+00,0.0000000000e+00,2.1875008267e-05,3.2057747677e-05,3.6585765400e-04,6.1649964077e-05,2.1875008267e-05,2.2225518342e-05,4.9207488236e-05,2.4123329825e-05,-1.0215718319e+01,1.0215751595e+01,2.8846165482e+03,1.3618915108e+02,-1.0215812115e+01,1.0215812115e+01,2.8846277522e+03,1.3618530605e+02,9.3795882249e-05,3.7751807129e-03,3.7752419486e-01,2.8795226014e-02,0.0000000000e+00,0.0000000000e+00,0.0000000000e+00,0.0000000000e+00,4.8519617224e-06,4.8519775266e-06,1.3700504104e-03,6.4683121383e-05,5.5421669213e-06,6.2681752227e-06,1.2305487696e-03,6.3036884853e-05,1.0000000000e+00,4.1921888688e+00,2.0679115636e+00,4.1921888688e+00,1.0000000000e+00,1.0002857242e+00,1.0000955859e+00,1.0002857242e+00,1.8889958785e+03,1.9287958211e+03,1.9616732697e+00,nan,3.7447635587e+00,3.8236633468e+00,3.8888399163e-03,nan,2.5007347736e+01,2.8202605340e-01,2.6131087752e+00,4.1909914012e+00,1.3449899899e-01,8.9817773144e-01,-4.3356991928e-02,-1.4360317571e-03,-6.7802628318e-03,5.4616089417e-01,3.2592034593e-01,502904,54,54,56,1.2305487696e-03,5.7855082610e-01,4.6057580790e-01,2.4315822206e-02,-3.6920116877e+00,-2.7252930056e+03,-1.5029824119e-01,-2.7254433038e+03,-1.0604646021e-05,4656,0,48,48,4.9207488236e-05,7.0796638855e-05,1.1322928663e-01,2.4555718514e-02,-3.6819482801e+00,-1.7266381631e-01,1.5534013762e-01,-1.7323678685e-02,-1.0675509106e-05,2.4298557374e-02,7.3411699359e-02,1.4650416305e-06,7.9140003410e-03,0,0,0,2.3958248488e-04,3.1921888688e+00,3.1924284512e+00,9.3176175816e-07,2.8572417675e-04,2.8665593851e-04,4.7495061735e-03,2.3958248488e+00
476,4.7600000000e-02,1.0000000000e-04,-9.1294201063e-02,1.3380128429e-01,1.5270600167e+00,2.5728770290e-01,-2.1587148919e-01,2.1587148919e-01,1.4955949237e+00,3.3471674363e-01,1.2457728812e-01,1.2462300710e-01,1.9245008952e-01,1.3264217258e-01,0.0000000000e+00,0.0000000000e+00,0.0000000000e+00,0.0000000000e+00,2.1872491546e-05,3.2056444171e-05,3.6585683336e-04,6.1641627192e-05,2.1872491546e-05,2.2221646373e-05,4.9178601101e-05,2.4116402739e-05,-1.0209492246e+01,1.0209525577e+01,2.8843267219e+03,1.3612769407e+02,-1.0209586484e+01,1.0209586484e+01,2.8843356721e+03,1.3612385011e+02,9.4237443841e-05,3.7777836858e-03,3.7749944343e-01,2.8795232522e-02,0.0000000000e+00,0.0000000000e+00,0.0000000000e+00,0.0000000000e+00,4.8490046452e-06,4.8490204758e-06,1.3699127572e-03,6.4653932335e-05,5.5403966222e-06,6.2673641869e-06,1.2296709772e-03,6.3001364070e-05,1.0000000000e+00,4.1921888688e+00,2.0679115636e+00,4.1921888688e+00,1.0000000000e+00,1.0002857242e+00,1.0000955859e+00,1.0002857242e+00,1.8888103221e+03,1.9285540665e+03,1.9615446497e+00,nan,3.7443957098e+00,3.8231840902e+00,3.8885849389e-03,nan,2.5004187791e+01,2.8203869694e-01,2.6123864637e+00,4.1909914012e+00,1.3442034320e-01,8.9762721803e-01,-3.7626687190e-02,2.4900753404e-03,-6.7568222467e-03,5.4597580978e-01,3.2594438957e-01,521322,56,54,42,1.2296709772e-03,5.7978137487e-01,4.6056686529e-01,2.4305217560e-02,-3.6924587729e+00,-2.7204174658e+03,-1.5253077970e-01,-2.7205699965e+03,-1.0611809919e-05,446976,48,48,0,4.9178601101e-05,5.9525643152e-05,1.1327849411e-01,2.4545043005e-02,-3.6823940651e+00,-1.7275633116e-01,1.5537925121e-01,-1.7377079952e-02,-1.0672311045e-05,2.4287959456e-02,7.3413705357e-02,1.4611950101e-06,7.9332574937e-03,0,0,0,2.3958248488e-04,3.1921888688e+00,3.1924284512e+00,9.3176175816e-07,2.8572417675e-04,2.8665593851e-04,4.7495061735e-03,2.3958248488e+00
477,4.7700000000e-02,1.0000000000e-04,-9.1283644704e-02,1.3379579677e-01,1.5270561534e+00,2.5725280376e-01,-2.1587668869e-01,2.1587668869e-01,1.4956303605e+00,3.3468977597e-01,1.2459304399e-01,1.2463864206e-01,1.9245008971e-01,1.3265515447e-01,0.0000000000e+00,0.0000000000e+00,0.0000000000e+00,0.0000000000e+00,2.1869962427e-05,3.2055129457e-05,3.6585590779e-04,6.1633265969e-05,2.1869962427e-05,2.2217771174e-05,4.9149811696e-05,2.4109486324e-05,-1.0203267125e+01,1.0203300513e+01,2.8839746396e+03,1.3606630644e+02,-1.0203361816e+01,1.0203361816e+01,2.8839813364e+03,1.3606246361e+02,9.4690688340e-05,3.7803629296e-03,3.7746660129e-01,2.8795210022e-02,0.0000000000e+00,0.0000000000e+00,0.0000000000e+00,0.0000000000e+00,4.8460480200e-06,4.8460638774e-06,1.3697455355e-03,6.4624776246e-05,5.5387081308e-06,6.2660468382e-06,1.2287995835e-03,6.2965859917e-05,1.0000000000e+00,4.1921888688e+00,2.0679115636e+00,4.1921888688e+00,1.0000000000e+00,1.0002857242e+00,1.0000955859e+00,1.0002857242e+00,1.8885845377e+03,1.9282714584e+03,1.9613739950e+00,nan,3.7439481127e+00,3.8226238452e+00,3.8882466314e-03,nan,2.5001104604e+01,2.8202859725e-01,2.6116632711e+00,4.1909914012e+00,1.3434199270e-01,8.9710063048e-01,-3.2380064018e-02,6.0628718321e-03,-6.7360962851e-03,5.4578992774e-01,3.2597767091e-01,501546,54,40,42,1.2287995835e-03,5.8101104584e-01,4.6055795851e-01,2.4294605751e-02,-3.6929063506e+00,-2.7154815687e+03,-1.5475604366e-01,-2.7156363248e+03,-1.0617960227e-05,442416,48,0,48,4.9149811696e-05,4.8292533065e-05,1.1332767272e-01,2.4534370694e-02,-3.6828399056e+00,-1.7284873298e-01,1.5541831938e-01,-1.7430413596e-02,-1.0668914935e-05,2.4277354897e-02,7.3415545526e-02,1.4569116054e-06,7.9524584114e-03,0,0,0,2.3958248488e-04,3.1921888688e+00,3.1924284512e+00,9.3176175816e-07,2.8572417675e-04,2.8665593851e-04,4.7495061735e-03,2.3958248488e+00
478,4.7800000000e-02,1.0000000000e-04,-9.1273038275e-02,1.3379026444e-01,1.5270518511e+00,2.5721780743e-01,-2.1588183603e-01,2.1588183603e-01,1.4956652076e+00,3.3466271490e-01,1.2460879776e-01,1.2465427672e-01,1.9245008700e-01,1.3266813689e-01,0.0000000000e+00,0.0000000000e+00,0.0000000000e+00,0.0000000000e+00,2.1867421313e-05,3.2053804007e-05,3.6585487704e-04,6.1624881460e-05,2.1867421313e-05,2.2213893017e-05,4.9121119498e-05,2.4102580835e-05,-1.0197043194e+01,1.0197076635e+01,2.8835604626e+03,1.3600499180e+02,-1.0197138350e+01,1.0197138350e+01,2.8835649070e+03,1.3600115013e+02,9.5155912161e-05,3.7829187670e-03,3.7746706884e-01,2.8795158377e-02,0.0000000000e+00,0.0000000000e+00,0.0000000000e+00,0.0000000000e+00,4.8430919601e-06,4.8431078432e-06,1.3695488219e-03,6.4595654819e-05,5.5366299256e-06,6.2652787597e-06,1.2279342266e-03,6.2930409259e-05,1.0000000000e+00,4.1921888688e+00,2.0679115636e+00,4.1921888688e+00,1.0000000000e+00,1.0002857242e+00,1.0000955859e+00,1.0002857242e+00,1.8883186321e+03,1.9279481079e+03,1.9613764520e+00,nan,3.7434209787e+00,3.8219828319e+00,3.8882515022e-03,nan,2.4998091230e+01,2.8204325801e-01,2.6109406993e+00,4.1909914012e+00,1.3426394612e-01,8.9659762904e-01,-2.7643020528e-02,9.2720826889e-03,-6.7263614038e-03,5.4559732842e-01,3.2603614944e-01,392490,42,56,42,1.2279342266e-03,5.8223984543e-01,4.6054908729e-01,2.4283987790e-02,-3.6933543785e+00,-2.7104856915e+03,-1.5697396934e-01,-2.7106426654e+03,-1.0623065954e-05,442416,48,0,48,4.9121119498e-05,3.7190330100e-05,1.1337682253e-01,2.4523701779e-02,-3.6832857933e+00,-1.7294102266e-01,1.5545734226e-01,-1.7483680400e-02,-1.0665332004e-05,2.4266726664e-02,7.3417219495e-02,1.4521565028e-06,7.9716613984e-03,0,0,0,2.3958248488e-04,3.1921888688e+00,3.1924284512e+00,9.3176175816e-07,2.8572417675e-04,2.8665593851e-04,4.7495061735e-03,2.3958248488e+00
479,4.7900000000e-02,1.0000000000e-04,-9.1262383461e-02,1.3378469830e-01,1.5270471092e+00,2.5718271838e-01,-2.1588693291e-01,2.1588693291e-01,1.4956994654e+00,3.3463556459e-01,1.2462454945e-01,1.2466990973e-01,1.9245008966e-01,1.3268111984e-01,0.0000000000e+00,0.0000000000e+00,0.0000000000e+00,0.0000000000e+00,2.1864868606e-05,3.2052470458e-05,3.6585374096e-04,6.1616474739e-05,2.1864868606e-05,2.2210012172e-05,4.9092523984e-05,2.4095686519e-05,-1.0190820833e+01,1.0190854330e+01,2.8830843740e+03,1.3594375379e+02,-1.0190916465e+01,1.0190916465e+01,2.8830865668e+03,1.3593991334e+02,9.5631586885e-05,3.7854496858e-03,3.7750064027e-01,2.8795077955e-02,0.0000000000e+00,0.0000000000e+00,0.0000000000e+00,0.0000000000e+00,4.8401366459e-06,4.8401525554e-06,1.3693227033e-03,6.4566569790e-05,5.5343408742e-06,6.2637357673e-06,1.2270507756e-03,6.2894993047e-05,1.0000000000e+00,4.1921888688e+00,2.0679115636e+00,4.1921888688e+00,1.0000000000e+00,1.0002857242e+00,1.0000955859e+00,1.0002857242e+00,1.8880127250e+03,1.9275841394e+03,1.9615508673e+00,nan,3.7428145457e+00,3.8212612973e+00,3.8885972647e-03,nan,2.4994656538e+01,2.8202306774e-01,2.6102179325e+00,4.1909914012e+00,1.3418620199e-01,8.9610051205e-01,-2.3471409903e-02,1.2091128024e-02,-6.7168069056e-03,5.4540347867e-01,3.2609156567e-01,373866,40,54,42,1.2270507756e-03,5.8346777965e-01,4.6054025136e-01,2.4273364724e-02,-3.6938028131e+00,-2.7054302141e+03,-1.5918449257e-01,-2.7055893986e+03,-1.0627091543e-05,4656,0,48,48,4.9092523984e-05,2.6495757655e-05,1.1342594365e-01,2.4513036447e-02,-3.6837317202e+00,-1.7303320107e-01,1.5549631996e-01,-1.7536881109e-02,-1.0661571736e-05,2.4256089922e-02,7.3418727048e-02,1.4469892591e-06,7.9908424705e-03,0,0,0,2.3958248488e-04,3.1921888688e+00,3.1924284512e+00,9.3176175816e-07,2.8572417675e-04,2.8665593851e-04,4.7495061735e-03,2.3958248488e+00
480,4.8000000000e-02,1.0000000000e-04,-9.1251681945e-02,1.3377909611e-01,1.5270419274e+00,2.5714754115e-01,-2.1589198100e-01,2.1589198100e-01,1.4957331345e+00,3.3460832923e-01,1.2464029905e-01,1.2468554110e-01,1.9245008748e-01,1.3269410331e-01,0.0000000000e+00,0.0000000000e+00,0.0000000000e+00,0.0000000000e+00,2.1862304710e-05,3.2051128272e-05,3.6585249949e-04,6.1608046890e-05,2.1862304710e-05,2.2206128901e-05,4.9064024627e-05,2.4088803615e-05,-1.0184600411e+01,1.0184633972e+01,2.8825465641e+03,1.3588259681e+02,-1.0184696528e+01,1.0184696528e+01,2.8825465065e+03,1.3587875761e+02,9.6116846516e-05,3.7879611143e-03,3.7752550043e-01,2.8794968845e-02,0.0000000000e+00,0.0000000000e+00,0.0000000000e+00,0.0000000000e+00,4.8371822527e-06,4.8371981926e-06,1.3690672702e-03,6.4537523242e-05,5.5315282800e-06,6.2622146502e-06,1.2261716521e-03,6.2859653669e-05,1.0000000000e+00,4.1921888688e+00,2.0679115636e+00,4.1921888688e+00,1.0000000000e+00,1.0002857242e+00,1.0000955859e+00,1.0002857242e+00,1.8876669411e+03,1.9271796820e+03,1.9616800667e+00,nan,3.7421290604e+00,3.8204594972e+00,3.8888533907e-03,nan,2.4991257065e+01,2.8200388631e-01,2.6094967053e+00,4.1909914012e+00,1.3410875884e-01,8.9562556843e-01,-1.9906546121e-02,1.4501957154e-02,-6.6989890585e-03,5.4521808039e-01,3.2614587640e-01,373878,40,54,54,1.2261716521e-03,5.8469483043e-01,4.6053145046e-01,2.4262737633e-02,-3.6942516091e+00,-2.7003156099e+03,-1.6138750617e-01,-2.7004769974e+03,-1.0630004834e-05,4656,0,48,48,4.9064024627e-05,1.6049062572e-05,1.1347503617e-01,2.4502374875e-02,-3.6841776790e+00,-1.7312526904e-01,1.5553525260e-01,-1.7590016439e-02,-1.0657645350e-05,2.4245450654e-02,7.3420068146e-02,1.4414342072e-06,8.0099803107e-03,0,0,0,2.3958248488e-04,3.1921888688e+00,3.1924284512e+00,9.3176175816e-07,2.8572417675e-04,2.8665593851e-04,4.7495061735e-03,2.3958248488e+00
481,4.8100000000e-02,1.0000000000e-04,-9.1240935402e-02,1.3377346277e-01,1.5270363059e+00,2.5711228030e-01,-2.1589698198e-01,2.1589698198e-01,1.4957662157e+00,3.3458101303e-01,1.2465604658e-01,1.2470117082e-01,1.9245008720e-01,1.3270708729e-01,0.0000000000e+00,0.0000000000e+00,0.0000000000e+00,0.0000000000e+00,2.1859730027e-05,3.2049778621e-05,3.6585115268e-04,6.1599599009e-05,2.1859730027e-05,2.2202243462e-05,4.9035620895e-05,2.4081932354e-05,-1.0178382177e+01,1.0178415801e+01,2.8819472265e+03,1.3582152456e+02,-1.0178478786e+01,1.0178478786e+01,2.8819449193e+03,1.3581768666e+02,9.6609607715e-05,3.7906825892e-03,3.7754172253e-01,2.8794830918e-02,0.0000000000e+00,0.0000000000e+00,0.0000000000e+00,0.0000000000e+00,4.8342288985e-06,4.8342448683e-06,1.3687826144e-03,6.4508516941e-05,5.5278485832e-06,6.2613775350e-06,1.2252809090e-03,6.2824390646e-05,1.0000000000e+00,4.1921888688e+00,2.0679115636e+00,4.1921888688e+00,1.0000000000e+00,1.0002857242e+00,1.0000955859e+00,1.0002857242e+00,1.8872814060e+03,1.9267348661e+03,1.9617643620e+00,nan,3.7413647718e+00,3.8195776897e+00,3.8890204987e-03,nan,2.4987567949e+01,2.8201553350e-01,2.6087769753e+00,4.1909914012e+00,1.3403161514e-01,8.9516106951e-01,-1.6954271998e-02,1.6501107207e-02,-6.6791956795e-03,5.4503450894e-01,3.2619665601e-01,502904,54,54,56,1.2252809090e-03,5.8592100208e-01,4.6052268433e-01,2.4252107628e-02,-3.6947007199e+00,-2.6951422728e+03,-1.6358294376e-01,-2.6953058557e+03,-1.0631767940e-05,442416,48,0,48,4.9035620895e-05,5.7554538872e-06,1.1352410019e-01,2.4491717230e-02,-3.6846236627e+00,-1.7321722737e-01,1.5557414031e-01,-1.7643087066e-02,-1.0653564149e-05,2.4234810098e-02,7.3421242931e-02,1.4354941972e-06,8.0290702765e-03,0,0,0,2.3958248488e-04,3.1921888688e+00,3.1924284512e+00,9.3176175816e-07,2.8572417675e-04,2.8665593851e-04,4.7495061735e-03,2.3958248488e+00
482,4.8200000000e-02,1.0000000000e-04,-9.1230145487e-02,1.3376779545e-01,1.5270302455e+00,2.5707694043e-01,-2.1590193751e-01,2.1590193751e-01,1.4957987107e+00,3.3455362020e-01,1.2467179202e-01,1.2471679891e-01,1.9245008968e-01,1.3272007176e-01,0.0000000000e+00,0.0000000000e+00,0.0000000000e+00,0.0000000000e+00,2.1857144952e-05,3.2048420832e-05,3.6584970070e-04,6.1591132195e-05,2.1857144952e-05,2.2198356105e-05,4.9007312255e-05,2.4075072953e-05,-1.0172166409e+01,1.0172200085e+01,2.8812865575e+03,1.3576054075e+02,-1.0172263516e+01,1.0172263516e+01,2.8812820020e+03,1.3575670418e+02,9.7106445504e-05,3.7935615817e-03,3.7754937912e-01,2.8794664158e-02,0.0000000000e+00,0.0000000000e+00,0.0000000000e+00,0.0000000000e+00,4.8312767158e-06,4.8312927103e-06,1.3684688293e-03,6.4479552641e-05,5.5243407954e-06,6.2602947354e-06,1.2243670406e-03,6.2789206419e-05,1.0000000000e+00,4.1921888688e+00,2.0679115636e+00,4.1921888688e+00,1.0000000000e+00,1.0002857242e+00,1.0000955859e+00,1.0002857242e+00,1.8868562467e+03,1.9262498232e+03,1.9618041215e+00,nan,3.7405219319e+00,3.8186161361e+00,3.8890993183e-03,nan,2.4983354202e+01,2.8201614146e-01,2.6080588225e+00,4.1909914012e+00,1.3395476930e-01,8.9469852319e-01,-1.4655643886e-02,1.8080316059e-02,-6.6597764318e-03,5.4484994684e-01,3.2624803903e-01,392490,42,56,42,1.2243670406e-03,5.8714628299e-01,4.6051395273e-01,2.4241475860e-02,-3.6951500973e+00,-2.6899106614e+03,-1.6577071081e-01,-2.6900764321e+03,-1.0632353093e-05,4656,0,48,48,4.9007312255e-05,0.0000000000e+00,1.1357313582e-01,2.4481063665e-02,-3.6850696647e+00,-1.7330907682e-01,1.5561298319e-01,-1.7696093628e-02,-1.0649340582e-05,2.4224169489e-02,7.3422251729e-02,1.4292130725e-06,8.0480867602e-03,0,0,0,2.3958248488e-04,3.1921888688e+00,3.1924284512e+00,9.3176175816e-07,2.8572417675e-04,2.8665593851e-04,4.7495061735e-03,2.3958248488e+00
483,4.8300000000e-02,1.0000000000e-04,-9.1219313836e-02,1.3376209694e-01,1.5270237471e+00,2.5704152612e-01,-2.1590684923e-01,2.1590684923e-01,1.4958306214e+00,3.3452615493e-01,1.2468753539e-01,1.2473242534e-01,1.9245008937e-01,1.3273305673e-01,0.0000000000e+00,0.0000000000e+00,0.0000000000e+00,0.0000000000e+00,2.1854549878e-05,3.2047055568e-05,3.6584814381e-04,6.1582647547e-05,2.1854549878e-05,2.2194467070e-05,4.8979098166e-05,2.4068225620e-05,-1.0165953337e+01,1.0165987061e+01,2.8805647553e+03,1.3569964913e+02,-1.0166050945e+01,1.0166050945e+01,2.8805579527e+03,1.3569581395e+02,9.7607992072e-05,3.7964596917e-03,3.7754854326e-01,2.8794468360e-02,0.0000000000e+00,0.0000000000e+00,0.0000000000e+00,0.0000000000e+00,4.8283258132e-06,4.8283418305e-06,1.3681260089e-03,6.4450632128e-05,5.5207548057e-06,6.2590254342e-06,1.2233870547e-03,6.2754090771e-05,1.0000000000e+00,4.1921888688e+00,2.0679115636e+00,4.1921888688e+00,1.0000000000e+00,1.0002857242e+00,1.0000955859e+00,1.0002857242e+00,1.8863915907e+03,1.9257246854e+03,1.9617997815e+00,nan,3.7396007934e+00,3.8175750978e+00,3.8890907145e-03,nan,2.4977737454e+01,2.8200836787e-01,2.6073418024e+00,4.1909914012e+00,1.3387821968e-01,8.9420641579e-01,-1.3054481782e-02,1.9239992232e-02,-6.6416852610e-03,5.4466307604e-01,3.2629448592e-01,373878,40,54,54,1.2233870547e-03,5.8837065003e-01,4.6050525541e-01,2.4230843507e-02,-3.6955996917e+00,-2.6846212840e+03,-1.6795069295e-01,-2.6847892347e+03,-1.0631721526e-05,446976,48,48,0,4.8979098166e-05,0.0000000000e+00,1.1362214313e-01,2.4470414325e-02,-3.6855156791e+00,-1.7340081809e-01,1.5565178137e-01,-1.7749036722e-02,-1.0644985744e-05,2.4213530059e-02,7.3423095047e-02,1.4225826693e-06,8.0669942985e-03,0,0,0,2.3958248488e-04,3.1921888688e+00,3.1924284512e+00,9.3176175816e-07,2.8572417675e-04,2.8665593851e-04,4.7495061735e-03,2.3958248488e+00
484,4.8400000000e-02,1.0000000000e-04,-9.1208442054e-02,1.3375637101e-01,1.5270168125e+00,2.5700604193e-01,-2.1591171874e-01,2.1591171874e-01,1.4958619501e+00,3.3449862137e-01,1.2470327668e-01,1.2474805014e-01,1.9245008364e-01,1.3274604218e-01,0.0000000000e+00,0.0000000000e+00,0.0000000000e+00,0.0000000000e+00,2.1851945190e-05,3.2045683735e-05,3.6584648240e-04,6.1574146157e-05,2.1851945190e-05,2.2190576591e-05,4.8950978083e-05,2.4061390551e-05,-1.0159743331e+01,1.0159777102e+01,2.8798281215e+03,1.3563885401e+02,-1.0159841445e+01,1.0159841445e+01,2.8798219858e+03,1.3563502025e+02,9.8113900725e-05,3.7993268843e-03,3.7754389139e-01,2.8794243656e-02,0.0000000000e+00,0.0000000000e+00,0.0000000000e+00,0.0000000000e+00,4.8253763672e-06,4.8253924067e-06,1.3677761442e-03,6.4421757451e-05,5.5175930746e-06,6.2573698158e-06,1.2223977680e-03,6.2718992017e-05,1.0000000000e+00,4.1921888688e+00,2.0679115636e+00,4.1921888688e+00,1.0000000000e+00,1.0002857242e+00,1.0000955859e+00,1.0002857242e+00,1.8859177567e+03,1.9251923519e+03,1.9617756681e+00,nan,3.7386614604e+00,3.8165197948e+00,3.8890429119e-03,nan,2.4971876270e+01,2.8198320085e-01,2.6066237479e+00,4.1909914012e+00,1.3380196459e-01,8.9371186445e-01,-1.2166929946e-02,1.9962988784e-02,-6.6234807260e-03,5.4447486050e-01,3.2633181600e-01,502904,54,54,56,1.2223977680e-03,5.8959403709e-01,4.6049659213e-01,2.4220211785e-02,-3.6960494518e+00,-2.6792748276e+03,-1.7012270039e-01,-2.6794449503e+03,-1.0629899764e-05,4656,0,48,48,4.8950978083e-05,0.0000000000e+00,1.1367112223e-01,2.4459769339e-02,-3.6859617002e+00,-1.7349245186e-01,1.5569053496e-01,-1.7801916903e-02,-1.0640510154e-05,2.4202893012e-02,7.3423773579e-02,1.4156304295e-06,8.0858083757e-03,0,0,0,2.3958248488e-04,3.1921888688e+00,3.1924284512e+00,9.3176175816e-07,2.8572417675e-04,2.8665593851e-04,4.7495061735e-03,2.3958248488e+00
485,4.8500000000e-02,1.0000000000e-04,-9.1197531712e-02,1.3375061471e-01,1.5270094437e+00,2.5697049239e-01,-2.1591654762e-01,2.1591654762e-01,1.4958926998e+00,3.3447102362e-01,1.2471901590e-01,1.2476367328e-01,1.9245008793e-01,1.3275902810e-01,0.0000000000e+00,0.0000000000e+00,0.0000000000e+00,0.0000000000e+00,2.1849331263e-05,3.2044304627e-05,3.6584471697e-04,6.1565629107e-05,2.1849331263e-05,2.2186684890e-05,4.8922951460e-05,2.4054567926e-05,-1.0153536724e+01,1.0153570533e+01,2.8790670366e+03,1.3557815945e+02,-1.0153635350e+01,1.0153635350e+01,2.8790587034e+03,1.3557432715e+02,9.8625794495e-05,3.8021648249e-03,3.7754976558e-01,2.8793990107e-02,0.0000000000e+00,0.0000000000e+00,0.0000000000e+00,0.0000000000e+00,4.8224285354e-06,4.8224445929e-06,1.3674146664e-03,6.4392930532e-05,5.5151568119e-06,6.2553217290e-06,1.2213874560e-03,6.2683897628e-05,1.0000000000e+00,4.1921888688e+00,2.0679115636e+00,4.1921888688e+00,1.0000000000e+00,1.0002857242e+00,1.0000955859e+00,1.0002857242e+00,1.8854284421e+03,1.9246425253e+03,1.9618061474e+00,nan,3.7376914384e+00,3.8154298134e+00,3.8891033345e-03,nan,2.4965530891e+01,2.8194035117e-01,2.6059041185e+00,4.1909914012e+00,1.3372600229e-01,8.9320927000e-01,-1.2032736798e-02,2.0240693155e-02,-6.6059027830e-03,5.4428868244e-01,3.2636512728e-01,390954,42,40,42,1.2213874560e-03,5.9081643485e-01,4.6048796267e-01,2.4209581886e-02,-3.6964993273e+00,-2.6738717635e+03,-1.7228664557e-01,-2.6740440502e+03,-1.0626889021e-05,442416,48,0,48,4.8922951460e-05,0.0000000000e+00,1.1372007320e-01,2.4449128829e-02,-3.6864077230e+00,-1.7358397877e-01,1.5572924407e-01,-1.7854734694e-02,-1.0635925603e-05,2.4192259558e-02,7.3424288208e-02,1.4083427120e-06,8.1045184371e-03,0,0,0,2.3958248488e-04,3.1921888688e+00,3.1924284512e+00,9.3176175816e-07,2.8572417675e-04,2.8665593851e-04,4.7495061735e-03,2.3958248488e+00
486,4.8600000000e-02,1.0000000000e-04,-9.1186584340e-02,1.3374482932e-01,1.5270016433e+00,2.5693488194e-01,-2.1592133739e-01,2.1592133739e-01,1.4959228738e+00,3.3444336569e-01,1.2473475305e-01,1.2477929478e-01,1.9245008922e-01,1.3277201448e-01,0.0000000000e+00,0.0000000000e+00,0.0000000000e+00,0.0000000000e+00,2.1846708464e-05,3.2042918549e-05,3.6584284813e-04,6.1557097467e-05,2.1846708464e-05,2.2182792179e-05,4.8895017746e-05,2.4047757915e-05,-1.0147333992e+01,1.0147367830e+01,2.8782477552e+03,1.3551756962e+02,-1.0147433139e+01,1.0147433139e+01,2.8782372249e+03,1.3551373882e+02,9.9146482411e-05,3.8049763467e-03,3.7754811710e-01,2.8793708260e-02,0.0000000000e+00,0.0000000000e+00,0.0000000000e+00,0.0000000000e+00,4.8194825441e-06,4.8194986152e-06,1.3670255482e-03,6.4364153353e-05,5.5136810115e-06,6.2531145773e-06,1.2203653840e-03,6.2648634080e-05,1.0000000000e+00,4.1921888688e+00,2.0679115636e+00,4.1921888688e+00,1.0000000000e+00,1.0002857242e+00,1.0000955859e+00,1.0002857242e+00,1.8849015440e+03,1.9240545588e+03,1.9617975686e+00,nan,3.7366469105e+00,3.8142642229e+00,3.8890863276e-03,nan,2.4958890297e+01,2.8189032864e-01,2.6051756800e+00,4.1909914012e+00,1.3365033100e-01,8.9271585716e-01,-1.2694200589e-02,2.0071156628e-02,-6.5890122609e-03,5.4410162261e-01,3.2637033062e-01,502904,54,54,56,1.2203653840e-03,5.9203782231e-01,4.6047936680e-01,2.4198954997e-02,-3.6969492680e+00,-2.6684126135e+03,-1.7444242083e-01,-2.6685870559e+03,-1.0622703937e-05,446976,48,48,0,4.8895017746e-05,0.0000000000e+00,1.1376899616e-01,2.4438492903e-02,-3.6868537427e+00,-1.7367539941e-01,1.5576790883e-01,-1.7907490574e-02,-1.0631244668e-05,2.4181630872e-02,7.3424640005e-02,1.4007341704e-06,8.1230986360e-03,0,0,0,2.3958248488e-04,3.1921888688e+00,3.1924284512e+00,9.3176175816e-07,2.8572417675e-04,2.8665593851e-04,4.7495061735e-03,2.3958248488e+00
487,4.8700000000e-02,1.0000000000e-04,-9.1175601426e-02,1.3373901631e-01,1.5269934143e+00,2.5689921497e-01,-2.1592608955e-01,2.1592608955e-01,1.4959524759e+00,3.3441565153e-01,1.2475048812e-01,1.2479491462e-01,1.9245008888e-01,1.3278500131e-01,0.0000000000e+00,0.0000000000e+00,0.0000000000e+00,0.0000000000e+00,2.1844077150e-05,3.2041525854e-05,3.6584087661e-04,6.1548552287e-05,2.1844077150e-05,2.2178898658e-05,4.8867176380e-05,2.4040960671e-05,-1.0141135546e+01,1.0141169413e+01,2.8773704073e+03,1.3545708826e+02,-1.0141235226e+01,1.0141235226e+01,2.8773576805e+03,1.3545325900e+02,9.9679713513e-05,3.8077652225e-03,3.7754272191e-01,2.8793398554e-02,0.0000000000e+00,0.0000000000e+00,0.0000000000e+00,0.0000000000e+00,4.8165385881e-06,4.8165546734e-06,1.3666088513e-03,6.4335427693e-05,5.5128153957e-06,6.2517570955e-06,1.2192485638e-03,6.2613359002e-05,1.0000000000e+00,4.1921888688e+00,2.0679115636e+00,4.1921888688e+00,1.0000000000e+00,1.0002857242e+00,1.0000955859e+00,1.0002857242e+00,1.8843371427e+03,1.9234285358e+03,1.9617695378e+00,nan,3.7355280359e+00,3.8130231890e+00,3.8890307592e-03,nan,2.4950256064e+01,2.8187860867e-01,2.6044449662e+00,4.1909914012e+00,1.3357494885e-01,8.9217083782e-01,-1.4180693597e-02,1.9449587266e-02,-6.5749146586e-03,5.4391304388e-01,3.2638341950e-01,521334,56,54,54,1.2192485638e-03,5.9325818769e-01,4.6047080429e-01,2.4188332293e-02,-3.6973992241e+00,-2.6628978653e+03,-1.7658993566e-01,-2.6630744552e+03,-1.0617220195e-05,4656,0,48,48,4.8867176380e-05,0.0000000000e+00,1.1381789117e-01,2.4427861659e-02,-3.6872997553e+00,-1.7376671433e-01,1.5580652935e-01,-1.7960184979e-02,-1.0626483780e-05,2.4171008090e-02,7.3424830228e-02,1.3928052803e-06,8.1415493161e-03,0,0,0,2.3958248488e-04,3.1921888688e+00,3.1924284512e+00,9.3176175816e-07,2.8572417675e-04,2.8665593851e-04,4.7495061735e-03,2.3958248488e+00
488,4.8800000000e-02,1.0000000000e-04,-9.1164584406e-02,1.3373318359e-01,1.5269847603e+00,2.5686349578e-01,-2.1593080553e-01,2.1593080553e-01,1.4959815105e+00,3.3438788499e-01,1.2476622112e-01,1.2481053281e-01,1.9245008953e-01,1.3279798858e-01,0.0000000000e+00,0.0000000000e+00,0.0000000000e+00,0.0000000000e+00,2.1841437665e-05,3.2040128437e-05,3.6583880325e-04,6.1539994595e-05,2.1841437665e-05,2.2175004517e-05,4.8839426791e-05,2.4034176333e-05,-1.0134941749e+01,1.0134975649e+01,2.8764351262e+03,1.3539671783e+02,-1.0135041977e+01,1.0135041977e+01,2.8764202035e+03,1.3539289014e+02,1.0022787752e-04,3.8105338722e-03,3.7754933829e-01,2.8793061852e-02,0.0000000000e+00,0.0000000000e+00,0.0000000000e+00,0.0000000000e+00,4.8135968405e-06,4.8136129413e-06,1.3661646389e-03,6.4306754719e-05,5.5114118949e-06,6.2519872746e-06,1.2180863560e-03,6.2578171792e-05,1.0000000000e+00,4.1921888688e+00,2.0679115636e+00,4.1921888688e+00,1.0000000000e+00,1.0002857242e+00,1.0000955859e+00,1.0002857242e+00,1.8837353201e+03,1.9227645417e+03,1.9618039109e+00,nan,3.7343349771e+00,3.8117068805e+00,3.8890989007e-03,nan,2.4940635795e+01,2.8193848934e-01,2.6037160969e+00,4.1909914012e+00,1.3349985392e-01,8.9161022127e-01,-1.6517400698e-02,1.8385436365e-02,-6.5689710850e-03,5.4372074333e-01,3.2644841784e-01,373878,40,54,54,1.2180863560e-03,5.9447743626e-01,4.6046227495e-01,2.4177715073e-02,-3.6978491406e+00,-2.6573283623e+03,-1.7872895484e-01,-2.6575070912e+03,-1.0610481842e-05,4656,0,48,48,4.8839426791e-05,0.0000000000e+00,1.1386675835e-01,2.4417235175e-02,-3.6877457574e+00,-1.7385792402e-01,1.5584510573e-01,-1.8012818284e-02,-1.0621642437e-05,2.4160392281e-02,7.3424860417e-02,1.3846101883e-06,8.1598977517e-03,0,0,0,2.3958248488e-04,3.1921888688e+00,3.1924284512e+00,9.3176175816e-07,2.8572417675e-04,2.8665593851e-04,4.7495061735e-03,2.3958248488e+00
489,4.8900000000e-02,1.0000000000e-04,-9.1153534662e-02,1.3372732663e-01,1.5269756854e+00,2.5682772854e-01,-2.1593548671e-01,2.1593548671e-01,1.4960099826e+00,3.3436006979e-01,1.2478195205e-01,1.2482614934e-01,1.9245008972e-01,1.3281097629e-01,0.0000000000e+00,0.0000000000e+00,0.0000000000e+00,0.0000000000e+00,2.1838790340e-05,3.2038725211e-05,3.6583662906e-04,6.1531425391e-05,2.1838790340e-05,2.2171109932e-05,4.8811768425e-05,2.4027405024e-05,-1.0128753168e+01,1.0128787109e+01,2.8754420411e+03,1.3533646302e+02,-1.0128853957e+01,1.0128853957e+01,2.8754249231e+03,1.3533263694e+02,1.0078880686e-04,3.8132801728e-03,3.7754903193e-01,2.8792699001e-02,0.0000000000e+00,0.0000000000e+00,0.0000000000e+00,0.0000000000e+00,4.8106575701e-06,4.8106736906e-06,1.3656929726e-03,6.4278136659e-05,5.5097595425e-06,6.2522016297e-06,1.2169310388e-03,6.2543198667e-05,1.0000000000e+00,4.1921888688e+00,2.0679115636e+00,4.1921888688e+00,1.0000000000e+00,1.0002857242e+00,1.0000955859e+00,1.0002857242e+00,1.8830961544e+03,1.9220626576e+03,1.9618023170e+00,nan,3.7330678890e+00,3.8103154589e+00,3.8890957410e-03,nan,2.4931099161e+01,2.8199768297e-01,2.6029943144e+00,4.1909914012e+00,1.3342504426e-01,8.9107219796e-01,-1.9741393970e-02,1.6861795124e-02,-6.5593349009e-03,5.4353131897e-01,3.2651849700e-01,372714,40,42,42,1.2169310388e-03,5.9569552261e-01,4.6045377856e-01,2.4167104591e-02,-3.6982989640e+00,-2.6517047568e+03,-1.8085933182e-01,-2.6518856161e+03,-1.0602676113e-05,446976,48,48,0,4.8811768425e-05,0.0000000000e+00,1.1391559778e-01,2.4406613532e-02,-3.6881917454e+00,-1.7394902897e-01,1.5588363810e-01,-1.8065390871e-02,-1.0616758150e-05,2.4149784495e-02,7.3424731958e-02,1.3761845284e-06,8.1781378343e-03,0,0,0,2.3958248488e-04,3.1921888688e+00,3.1924284512e+00,9.3176175816e-07,2.8572417675e-04,2.8665593851e-04,4.7495061735e-03,2.3958248488e+00
490,4.9000000000e-02,1.0000000000e-04,-9.1142453516e-02,1.3372144833e-01,1.5269661935e+00,2.5679191730e-01,-2.1594013442e-01,2.1594013442e-01,1.4960378968e+00,3.3433220953e-01,1.2479768090e-01,1.2484176422e-01,1.9245008625e-01,1.3282396442e-01,0.0000000000e+00,0.0000000000e+00,0.0000000000e+00,0.0000000000e+00,2.1836135492e-05,3.2037316872e-05,3.6583435497e-04,6.1522845644e-05,2.1836135492e-05,2.2167215067e-05,4.8784200674e-05,2.4020646853e-05,-1.0122570158e+01,1.0122604139e+01,2.8743912878e+03,1.3527632673e+02,-1.0122671519e+01,1.0122671519e+01,2.8743719752e+03,1.3527250231e+02,1.0136149214e-04,3.8160032038e-03,3.7754176113e-01,2.8792310433e-02,0.0000000000e+00,0.0000000000e+00,0.0000000000e+00,0.0000000000e+00,4.8077209455e-06,4.8077370848e-06,1.3651939166e-03,6.4249574894e-05,5.5081890709e-06,6.2524168586e-06,1.2157816147e-03,6.2508362046e-05,1.0000000000e+00,4.1921888688e+00,2.0679115636e+00,4.1921888688e+00,1.0000000000e+00,1.0002857242e+00,1.0000955859e+00,1.0002857242e+00,1.8824197287e+03,1.9213229701e+03,1.9617645723e+00,nan,3.7317269362e+00,3.8088490951e+00,3.8890209155e-03,nan,2.4921626222e+01,2.8205694038e-01,2.6022763845e+00,4.1909914012e+00,1.3335051783e-01,8.9055598617e-01,-2.3866153577e-02,1.4883765593e-02,-6.5463224588e-03,5.4334409473e-01,3.2657650981e-01,392490,42,56,42,1.2157816147e-03,5.9691245365e-01,4.6044531494e-01,2.4156501915e-02,-3.6987486490e+00,-2.6460274771e+03,-1.8298101253e-01,-2.6462104581e+03,-1.0593890944e-05,4656,0,48,48,4.8784200674e-05,0.0000000000e+00,1.1396440955e-01,2.4395996774e-02,-3.6886377175e+00,-1.7404002954e-01,1.5592212656e-01,-1.8117902980e-02,-1.0611821477e-05,2.4139185749e-02,7.3424446404e-02,1.3675725895e-06,8.1962627975e-03,0,0,0,2.3958248488e-04,3.1921888688e+00,3.1924284512e+00,9.3176175816e-07,2.8572417675e-04,2.8665593851e-04,4.7495061735e-03,2.3958248488e+00
491,4.9100000000e-02,1.0000000000e-04,-9.1131342223e-02,1.3371555182e-01,1.5269562889e+00,2.5675606593e-01,-2.1594474990e-01,2.1594474990e-01,1.4960652581e+00,3.3430430765e-01,1.2481340768e-01,1.2485737743e-01,1.9245008973e-01,1.3283695296e-01,0.0000000000e+00,0.0000000000e+00,0.0000000000e+00,0.0000000000e+00,2.1833473420e-05,3.2035904173e-05,3.6583198199e-04,6.1514256285e-05,2.1833473420e-05,2.2163320073e-05,4.8756722972e-05,2.4013901911e-05,-1.0116392968e+01,1.0116426988e+01,2.8736592317e+03,1.3521631182e+02,-1.0116494915e+01,1.0116494915e+01,2.8736928123e+03,1.3521248909e+02,1.0194622545e-04,3.8187033335e-03,3.7753682501e-01,2.8791896201e-02,0.0000000000e+00,0.0000000000e+00,0.0000000000e+00,0.0000000000e+00,4.8047870857e-06,4.8048032436e-06,1.3648462261e-03,6.4221070776e-05,5.5112390898e-06,6.2483158268e-06,1.2146553965e-03,6.2469916123e-05,1.0000000000e+00,4.1921888688e+00,2.0679115636e+00,4.1921888688e+00,1.0000000000e+00,1.0002857242e+00,1.0000955859e+00,1.0002857242e+00,1.8819525173e+03,1.9208338652e+03,1.9617388879e+00,nan,3.7308007318e+00,3.8078794889e+00,3.8889699986e-03,nan,2.4912572511e+01,2.8192147234e-01,2.6014063168e+00,4.1909914012e+00,1.3327627264e-01,8.8995769135e-01,-2.8917683127e-02,1.2420822486e-02,-6.5120866344e-03,5.4319114935e-01,3.2643338524e-01,373878,40,54,54,1.2146553965e-03,5.9812823527e-01,4.6043688388e-01,2.4145908024e-02,-3.6991981536e+00,-2.6402969501e+03,-1.8509394146e-01,-2.6404820440e+03,-1.0584184935e-05,442416,48,0,48,4.8756722972e-05,0.0000000000e+00,1.1401319375e-01,2.4385384953e-02,-3.6890836713e+00,-1.7413092612e-01,1.5596057123e-01,-1.8170354890e-02,-1.0606831697e-05,2.4128597010e-02,7.3424005592e-02,1.3588241337e-06,8.2142713286e-03,0,0,0,2.3958248488e-04,3.1921888688e+00,3.1924284512e+00,9.3176175816e-07,2.8572417675e-04,2.8665593851e-04,4.7495061735e-03,2.3958248488e+00
492,4.9200000000e-02,1.0000000000e-04,-9.1120201970e-02,1.3370963722e-01,1.5269459764e+00,2.5672017818e-01,-2.1594933435e-01,2.1594933435e-01,1.4960920723e+00,3.3427636744e-01,1.2482913238e-01,1.2487298898e-01,1.9245008917e-01,1.3284994190e-01,0.0000000000e+00,0.0000000000e+00,0.0000000000e+00,0.0000000000e+00,2.1830804411e-05,3.2034487139e-05,3.6582951132e-04,6.1505658207e-05,2.1830804411e-05,2.2159425087e-05,4.8729334767e-05,2.4007170273e-05,-1.0110221736e+01,1.0110255783e+01,2.8739695492e+03,1.3515642132e+02,-1.0110324297e+01,1.0110324297e+01,2.8740008626e+03,1.3515260032e+02,1.0256110680e-04,3.8213987340e-03,3.7754740066e-01,2.8791455906e-02,0.0000000000e+00,0.0000000000e+00,0.0000000000e+00,0.0000000000e+00,4.8018560549e-06,4.8018722257e-06,1.3649936116e-03,6.4192625745e-05,5.5140655650e-06,6.2445079877e-06,1.2135214187e-03,6.2430893020e-05,1.0000000000e+00,4.1921888688e+00,2.0679115636e+00,4.1921888688e+00,1.0000000000e+00,1.0002857242e+00,1.0000955859e+00,1.0002857242e+00,1.8821684549e+03,1.9210053417e+03,1.9617938463e+00,nan,3.7312288085e+00,3.8082194257e+00,3.8890789486e-03,nan,2.4903303616e+01,2.8179918763e-01,2.6005102771e+00,4.1909914012e+00,1.3320230670e-01,8.8903084113e-01,-3.5333076732e-02,9.1986370723e-03,-6.3225817162e-03,5.4311832222e-01,3.2640691656e-01,390954,42,40,42,1.2135214187e-03,5.9934289066e-01,4.6042848521e-01,2.4135323839e-02,-3.6996474385e+00,-2.6345135234e+03,-1.8719809338e-01,-2.6347007214e+03,-1.0573573120e-05,442416,48,0,48,4.8729334767e-05,0.0000000000e+00,1.1406195047e-01,2.4374778121e-02,-3.6895296046e+00,-1.7422171910e-01,1.5599897222e-01,-1.8222746882e-02,-1.0601772832e-05,2.4118019399e-02,7.3423412135e-02,1.3476107325e-06,8.2318671407e-03,0,0,0,2.3958248488e-04,3.1921888688e+00,3.1924284512e+00,9.3176175816e-07,2.8572417675e-04,2.8665593851e-04,4.7495061735e-03,2.3958248488e+00
493,4.9300000000e-02,1.0000000000e-04,-9.1109033948e-02,1.3370370609e-01,1.5269352633e+00,2.5668425785e-01,-2.1595388896e-01,2.1595388896e-01,1.4961183472e+00,3.3424839224e-01,1.2484485501e-01,1.2488859886e-01,1.9245008348e-01,1.3286293123e-01,0.0000000000e+00,0.0000000000e+00,0.0000000000e+00,0.0000000000e+00,2.1828128748e-05,3.2033066142e-05,3.6582694462e-04,6.1497052326e-05,2.1828128748e-05,2.2155530217e-05,4.8702035498e-05,2.4000451995e-05,-1.0104061856e+01,1.0104095921e+01,2.8742177387e+03,1.3509659444e+02,-1.0104165062e+01,1.0104165062e+01,2.8742467839e+03,1.3509277523e+02,1.0320585559e-04,3.8240892821e-03,3.7755003876e-01,2.8791033093e-02,0.0000000000e+00,0.0000000000e+00,0.0000000000e+00,0.0000000000e+00,4.7989304164e-06,4.7989465954e-06,1.3651114894e-03,6.4164210933e-05,5.5183789411e-06,6.2398282370e-06,1.2123636897e-03,6.2391322902e-05,1.0000000000e+00,4.1921888688e+00,2.0679115636e+00,4.1921888688e+00,1.0000000000e+00,1.0002857242e+00,1.0000955859e+00,1.0002857242e+00,1.8823442014e+03,1.9211359779e+03,1.9618076122e+00,nan,3.7315772100e+00,3.8084784000e+00,3.8891062383e-03,nan,2.4893491152e+01,2.8163750430e-01,2.5995894959e+00,4.1909914012e+00,1.3312861782e-01,8.8810598928e-01,-4.2867099559e-02,5.4558977713e-03,-6.1610583129e-03,5.4302874391e-01,3.2627912854e-01,372714,40,42,42,1.2123636897e-03,6.0055641208e-01,4.6042011875e-01,2.4124750266e-02,-3.7000964649e+00,-2.6286776763e+03,-1.8929338962e-01,-2.6288669697e+03,-1.0562082677e-05,446976,48,48,0,4.8702035498e-05,0.0000000000e+00,1.1411067980e-01,2.4364176348e-02,-3.6899755143e+00,-1.7431240893e-01,1.5603732964e-01,-1.8275079294e-02,-1.0596785582e-05,2.4107454727e-02,7.3422667870e-02,1.3363345740e-06,8.2491859627e-03,0,0,0,2.3958248488e-04,3.1921888688e+00,3.1924284512e+00,9.3176175816e-07,2.8572417675e-04,2.8665593851e-04,4.7495061735e-03,2.3958248488e+00
494,4.9400000000e-02,1.0000000000e-04,-9.1097839268e-02,1.3369775756e-01,1.5269241543e+00,2.5664830858e-01,-2.1595841483e-01,2.1595841483e-01,1.4961440884e+00,3.3422038521e-01,1.2486057556e-01,1.2490420707e-01,1.9245007348e-01,1.3287592094e-01,0.0000000000e+00,0.0000000000e+00,0.0000000000e+00,0.0000000000e+00,2.1825446699e-05,3.2031640980e-05,3.6582428311e-04,6.1488439511e-05,2.1825446699e-05,2.2151635568e-05,4.8674824416e-05,2.3993747113e-05,-1.0097913405e+01,1.0097947494e+01,2.8744039082e+03,1.3503684301e+02,-1.0098017292e+01,1.0098017292e+01,2.8744306841e+03,1.3503302565e+02,1.0388639490e-04,3.8267809692e-03,3.7754563792e-01,2.8790623903e-02,0.0000000000e+00,0.0000000000e+00,0.0000000000e+00,0.0000000000e+00,4.7960102058e-06,4.7960263962e-06,1.3651999107e-03,6.4135831953e-05,5.5197859705e-06,6.2397163135e-06,1.2112258751e-03,6.2352182202e-05,1.0000000000e+00,4.1921888688e+00,2.0679115636e+00,4.1921888688e+00,1.0000000000e+00,1.0002857242e+00,1.0000955859e+00,1.0002857242e+00,1.8824798207e+03,1.9212258408e+03,1.9617848468e+00,nan,3.7318460632e+00,3.8086565451e+00,3.8890611080e-03,nan,2.4884031728e+01,2.8168196855e-01,2.5986846452e+00,4.1909914012e+00,1.3305520345e-01,8.8721502661e-01,-5.1552492033e-02,1.2720837523e-03,-6.1237711392e-03,5.4287178919e-01,3.2635886287e-01,390966,42,40,54,1.2112258751e-03,6.0176877577e-01,4.6041178431e-01,2.4114188183e-02,-3.7005451949e+00,-2.6227899598e+03,-1.9137972465e-01,-2.6229813396e+03,-1.0549708207e-05,442416,48,0,48,4.8674824416e-05,0.0000000000e+00,1.1415938184e-01,2.4353579563e-02,-3.6904214033e+00,-1.7440299554e-01,1.5607564359e-01,-1.8327351950e-02,-1.0591818566e-05,2.4096906706e-02,7.3421774649e-02,1.3239172912e-06,8.2662967727e-03,0,0,0,2.3958248488e-04,3.1921888688e+00,3.1924284512e+00,9.3176175816e-07,2.8572417675e-04,2.8665593851e-04,4.7495061735e-03,2.3958248488e+00
495,4.9500000000e-02,1.0000000000e-04,-9.1086618999e-02,1.3369179574e-01,1.5269126545e+00,2.5661233392e-01,-2.1596291304e-01,2.1596291304e-01,1.4961693018e+00,3.3419234943e-01,1.2487629404e-01,1.2491981360e-01,1.9245008616e-01,1.3288891102e-01,0.0000000000e+00,0.0000000000e+00,0.0000000000e+00,0.0000000000e+00,2.1822758519e-05,3.2030212632e-05,3.6582152795e-04,6.1479820613e-05,2.1822758519e-05,2.2147741226e-05,4.8647700956e-05,2.3987055649e-05,-1.0091780615e+01,1.0091814724e+01,2.8745281315e+03,1.3497717510e+02,-1.0091885206e+01,1.0091885206e+01,2.8745526370e+03,1.3497335967e+02,1.0459145984e-04,3.8294621142e-03,3.7753702435e-01,2.8790241495e-02,0.0000000000e+00,0.0000000000e+00,0.0000000000e+00,0.0000000000e+00,4.7930974332e-06,4.7931136334e-06,1.3652589106e-03,6.4107492642e-05,5.5201197827e-06,6.2383932198e-06,1.2101837758e-03,6.2314309028e-05,1.0000000000e+00,4.1921888688e+00,2.0679115636e+00,4.1921888688e+00,1.0000000000e+00,1.0002857242e+00,1.0000955859e+00,1.0002857242e+00,1.8825753543e+03,1.9212749744e+03,1.9617399602e+00,nan,3.7320354498e+00,3.8087539481e+00,3.8889721242e-03,nan,2.4876484438e+01,2.8167175859e-01,2.5978306775e+00,4.1909914012e+00,1.3298206158e-01,8.8641338749e-01,-6.1088979231e-02,-3.3316045107e-03,-6.0704805585e-03,5.4272040829e-01,3.2638799902e-01,372726,40,42,54,1.2101837758e-03,6.0298000165e-01,4.6040348173e-01,2.4103638475e-02,-3.7009935907e+00,-2.6168507338e+03,-1.9345706874e-01,-2.6170441909e+03,-1.0536610538e-05,446976,48,48,0,4.8647700956e-05,0.0000000000e+00,1.1420805666e-01,2.4342987744e-02,-3.6908672724e+00,-1.7449347905e-01,1.5611391419e-01,-1.8379564858e-02,-1.0586796693e-05,2.4086375863e-02,7.3420734120e-02,1.3126563571e-06,8.2833030042e-03,0,0,0,2.3958248488e-04,3.1921888688e+00,3.1924284512e+00,9.3176175816e-07,2.8572417675e-04,2.8665593851e-04,4.7495061735e-03,2.3958248488e+00
496,4.9600000000e-02,1.0000000000e-04,-9.1075374087e-02,1.3368582361e-01,1.5269007683e+00,2.5657633703e-01,-2.1596738452e-01,2.1596738452e-01,1.4961939926e+00,3.3416428762e-01,1.2489201043e-01,1.2493541846e-01,1.9245008967e-01,1.3290190145e-01,0.0000000000e+00,0.0000000000e+00,0.0000000000e+00,0.0000000000e+00,2.1820064435e-05,3.2028781814e-05,3.6581868023e-04,6.1471196387e-05,2.1820064435e-05,2.2143847278e-05,4.8620664660e-05,2.3980377610e-05,-1.0085660272e+01,1.0085694410e+01,2.8745904325e+03,1.3491760792e+02,-1.0085765589e+01,1.0085765589e+01,2.8746126668e+03,1.3491379449e+02,1.0531659616e-04,3.8321288295e-03,3.7754769118e-01,2.8789867050e-02,0.0000000000e+00,0.0000000000e+00,0.0000000000e+00,0.0000000000e+00,4.7901905727e-06,4.7902067863e-06,1.3652885005e-03,6.4079201172e-05,5.5184270506e-06,6.2379841211e-06,1.2091236504e-03,6.2277228694e-05,1.0000000000e+00,4.1921888688e+00,2.0679115636e+00,4.1921888688e+00,1.0000000000e+00,1.0002857242e+00,1.0000955859e+00,1.0002857242e+00,1.8826308115e+03,1.9212833904e+03,1.9617953509e+00,nan,3.7321453887e+00,3.8087706321e+00,3.8890819313e-03,nan,2.4868513395e+01,2.8170281536e-01,2.5970078414e+00,4.1909914012e+00,1.3290919050e-01,8.8561769172e-01,-7.1316184761e-02,-8.2659762619e-03,-6.0103129385e-03,5.4256971708e-01,3.2644776445e-01,373866,40,54,42,1.2091236504e-03,6.0419018542e-01,4.6039521085e-01,2.4093101864e-02,-3.7014416208e+00,-2.6108600009e+03,-1.9552552144e-01,-2.6110555264e+03,-1.0522756164e-05,442416,48,0,48,4.8620664660e-05,0.0000000000e+00,1.1425670436e-01,2.4332400947e-02,-3.6913131191e+00,-1.7458385985e-01,1.5615214155e-01,-1.8431718304e-02,-1.0581750504e-05,2.4075861802e-02,7.3419548661e-02,1.3020024455e-06,8.3001908221e-03,0,0,0,2.3958248488e-04,3.1921888688e+00,3.1924284512e+00,9.3176175816e-07,2.8572417675e-04,2.8665593851e-04,4.7495061735e-03,2.3958248488e+00
497,4.9700000000e-02,1.0000000000e-04,-9.1064105374e-02,1.3367983777e-01,1.5268885021e+00,2.5654032075e-01,-2.1597183012e-01,2.1597183012e-01,1.4962181678e+00,3.3413620224e-01,1.2490772474e-01,1.2495102339e-01,1.9245008819e-01,1.3291489223e-01,0.0000000000e+00,0.0000000000e+00,0.0000000000e+00,0.0000000000e+00,2.1817364649e-05,3.2027347713e-05,3.6581574147e-04,6.1462567517e-05,2.1817364649e-05,2.2139953806e-05,4.8593714963e-05,2.3973712993e-05,-1.0079550595e+01,1.0079584756e+01,2.8745908523e+03,1.3485814956e+02,-1.0079656649e+01,1.0079656649e+01,2.8746108146e+03,1.3485433817e+02,1.0605373613e-04,3.8347732581e-03,3.7754978164e-01,2.8789490608e-02,0.0000000000e+00,0.0000000000e+00,0.0000000000e+00,0.0000000000e+00,4.7872887778e-06,4.7873050024e-06,1.3652886999e-03,6.4050961386e-05,5.5151733000e-06,6.2373523770e-06,1.2079776819e-03,6.2240794951e-05,1.0000000000e+00,4.1921888688e+00,2.0679115636e+00,4.1921888688e+00,1.0000000000e+00,1.0002857242e+00,1.0000955859e+00,1.0002857242e+00,1.8826462105e+03,1.9212511092e+03,1.9618062282e+00,nan,3.7321759158e+00,3.8087066375e+00,3.8891034947e-03,nan,2.4858722632e+01,2.8172382073e-01,2.5962100643e+00,4.1909914012e+00,1.3283658808e-01,8.8477820259e-01,-8.2088973325e-02,-1.3468475902e-02,-5.9565371719e-03,5.4240931143e-01,3.2650995514e-01,373878,40,54,54,1.2079776819e-03,6.0539930907e-01,4.6038697150e-01,2.4082579108e-02,-3.7018892526e+00,-2.6048182708e+03,-1.9758498713e-01,-2.6050158558e+03,-1.0508152301e-05,4656,0,48,48,4.8593714963e-05,0.0000000000e+00,1.1430532503e-01,2.4321819197e-02,-3.6917589424e+00,-1.7467413823e-01,1.5619032577e-01,-1.8483812461e-02,-1.0576734893e-05,2.4065364101e-02,7.3418221299e-02,1.2918022357e-06,8.3170030644e-03,0,0,0,2.3958248488e-04,3.1921888688e+00,3.1924284512e+00,9.3176175816e-07,2.8572417675e-04,2.8665593851e-04,4.7495061735e-03,2.3958248488e+00
498,4.9800000000e-02,1.0000000000e-04,-9.1052813601e-02,1.3367384551e-01,1.5268758639e+00,2.5650428761e-01,-2.1597625057e-01,2.1597625057e-01,1.4962418363e+00,3.3410809548e-01,1.2492343697e-01,1.2496662900e-01,1.9245008917e-01,1.3292788335e-01,0.0000000000e+00,0.0000000000e+00,0.0000000000e+00,0.0000000000e+00,2.1814659338e-05,3.2025912072e-05,3.6581271358e-04,6.1453934609e-05,2.1814659338e-05,2.2136060877e-05,4.8566851201e-05,2.3967061777e-05,-1.0073450587e+01,1.0073484767e+01,2.8745294644e+03,1.3479880767e+02,-1.0073557384e+01,1.0073557384e+01,2.8745471540e+03,1.3479499838e+02,1.0679660987e-04,3.8373892022e-03,3.7754712627e-01,2.8789105429e-02,0.0000000000e+00,0.0000000000e+00,0.0000000000e+00,0.0000000000e+00,4.7843915751e-06,4.7844078089e-06,1.3652595437e-03,6.4022776919e-05,5.5108339378e-06,6.2366930553e-06,1.2068342374e-03,6.2204877773e-05,1.0000000000e+00,4.1921888688e+00,2.0679115636e+00,4.1921888688e+00,1.0000000000e+00,1.0002857242e+00,1.0000955859e+00,1.0002857242e+00,1.8826215885e+03,1.9211781707e+03,1.9617924206e+00,nan,3.7321271050e+00,3.8085620434e+00,3.8890761223e-03,nan,2.4848929003e+01,2.8174358075e-01,2.5954319454e+00,4.1909914012e+00,1.3276425176e-01,8.8395956867e-01,-9.3282865441e-02,-1.8904360015e-02,-5.9073101522e-03,5.4224462768e-01,3.2656214854e-01,521322,56,54,42,1.2068342374e-03,6.0660728676e-01,4.6037876354e-01,2.4072070956e-02,-3.7023364535e+00,-2.5987263719e+03,-1.9963525611e-01,-2.5989260072e+03,-1.0492934012e-05,442416,48,0,48,4.8566851201e-05,0.0000000000e+00,1.1435391874e-01,2.4311242462e-02,-3.6922047435e+00,-1.7476431426e-01,1.5622846696e-01,-1.8535847298e-02,-1.0571774925e-05,2.4054882502e-02,7.3416755320e-02,1.2819693243e-06,8.3337571694e-03,0,0,0,2.3958248488e-04,3.1921888688e+00,3.1924284512e+00,9.3176175816e-07,2.8572417675e-04,2.8665593851e-04,4.7495061735e-03,2.3958248488e+00
499,4.9900000000e-02,1.0000000000e-04,-9.1041499410e-02,1.3366784386e-01,1.5268628625e+00,2.5646823987e-01,-2.1598064652e-01,2.1598064652e-01,1.4962650076e+00,3.3407996926e-01,1.2493914711e-01,1.2498223290e-01,1.9245008874e-01,1.3294087479e-01,0.0000000000e+00,0.0000000000e+00,0.0000000000e+00,0.0000000000e+00,2.1811948656e-05,3.2024474182e-05,3.6580959866e-04,6.1445298201e-05,2.1811948656e-05,2.2132168545e-05,4.8540072692e-05,2.3960423927e-05,-1.0067359404e+01,1.0067393603e+01,2.8744063387e+03,1.3473958708e+02,-1.0067466945e+01,1.0067466945e+01,2.8744217549e+03,1.3473577993e+02,1.0754086172e-04,3.8399723574e-03,3.7755003227e-01,2.8788706348e-02,0.0000000000e+00,0.0000000000e+00,0.0000000000e+00,0.0000000000e+00,4.7814985641e-06,4.7815148069e-06,1.3652010651e-03,6.3994650064e-05,5.5059833816e-06,6.2352193156e-06,1.2057015738e-03,6.2169128108e-05,1.0000000000e+00,4.1921888688e+00,2.0679115636e+00,4.1921888688e+00,1.0000000000e+00,1.0002857242e+00,1.0000955859e+00,1.0002857242e+00,1.8825569796e+03,1.9210646111e+03,1.9618075250e+00,nan,3.7319990237e+00,3.8083369219e+00,3.8891060653e-03,nan,2.4839303012e+01,2.8172654220e-01,2.5946589383e+00,4.1909914012e+00,1.3269217885e-01,8.8316776531e-01,-1.0454387186e-01,-2.4342641975e-02,-6.0811341808e-03,5.4201541348e-01,3.2656223402e-01,373866,40,54,42,1.2057015738e-03,6.0781412099e-01,4.6037058680e-01,2.4061578022e-02,-3.7027831969e+00,-2.5925847272e+03,-2.0167627036e-01,-2.5927864035e+03,-1.0477177853e-05,446976,48,48,0,4.8540072692e-05,0.0000000000e+00,1.1440248560e-01,2.4300670687e-02,-3.6926505245e+00,-1.7485438792e-01,1.5626656523e-01,-1.8587822692e-02,-1.0566885582e-05,2.4044416874e-02,7.3415154064e-02,1.2724218940e-06,8.3504430332e-03,0,0,0,2.3958248488e-04,3.1921888688e+00,3.1924284512e+00,9.3176175816e-07,2.8572417675e-04,2.8665593851e-04,4.7495061735e-03,2.3958248488e+00
500,5.0000000000e-02,1.0000000000e-04,-9.1030163349e-02,1.3366182960e-01,1.5268495066e+00,2.5643217946e-01,-2.1598501851e-01,2.1598501851e-01,1.4962876911e+00,3.3405182524e-01,1.2495485516e-01,1.2499783509e-01,1.9245008955e-01,1.3295386654e-01,0.0000000000e+00,0.0000000000e+00,0.0000000000e+00,0.0000000000e+00,2.1809232735e-05,3.2023033271e-05,3.6580639883e-04,6.1436658760e-05,2.1809232735e-05,2.2128276846e-05,4.8513378761e-05,2.3953799392e-05,-1.0061276580e+01,1.0061310808e+01,2.8742215191e+03,1.3468049170e+02,-1.0061384864e+01,1.0061384864e+01,2.8742346613e+03,1.3467668673e+02,1.0828439437e-04,3.8425231849e-03,3.7754586715e-01,2.8788290024e-02,0.0000000000e+00,0.0000000000e+00,0.0000000000e+00,0.0000000000e+00,4.7786095229e-06,4.7786257798e-06,1.3651132849e-03,6.3966582680e-05,5.5005075738e-06,6.2344001992e-06,1.2045572685e-03,6.2133615985e-05,1.0000000000e+00,4.1921888688e+00,2.0679115636e+00,4.1921888688e+00,1.0000000000e+00,1.0002857242e+00,1.0000955859e+00,1.0002857242e+00,1.8824524006e+03,1.9209104495e+03,1.9617858741e+00,nan,3.7317917053e+00,3.8080313104e+00,3.8890631445e-03,nan,2.4829383137e+01,2.8173907271e-01,2.5938939776e+00,4.1909914012e+00,1.3262036672e-01,8.8238630584e-01,-1.1596331999e-01,-2.9940613756e-02,-6.3004256303e-03,5.4178293977e-01,3.2656849571e-01,373878,40,54,54,1.2045572685e-03,6.0901982257e-01,4.6036244115e-01,2.4051100844e-02,-3.7032294590e+00,-2.5863937162e+03,-2.0370798616e-01,-2.5865974242e+03,-1.0460901705e-05,442416,48,0,48,4.8513378761e-05,0.0000000000e+00,1.1445102567e-01,2.4290103802e-02,-3.6930962883e+00,-1.7494435914e-01,1.5630462068e-01,-1.8639738459e-02,-1.0562075696e-05,2.4033967177e-02,7.3413420890e-02,1.2629405268e-06,8.3670473252e-03,0,0,0,2.3958248488e-04,3.1921888688e+00,3.1924284512e+00,9.3176175816e-07,2.8572417675e-04,2.8665593851e-04,4.7495061735e-03,2.3958248488e+00
