case,gp_L_eta,step,eta_max,eta_integral,V_h_nm3,R_eff_h_nm,xB_min,xB_max,max_abs_delta_eta_vs_prev_sample,eta_rhs_chem_interface_mean,eta_rhs_elastic_interface_mean,eta_rhs_grad_interface_mean,eta_rhs_net_interface_mean,eta_evolution_drive_interface_mean,gp_minus_delta_mu_r_mean,gp_minus_delta_mu_r_min,gp_minus_delta_mu_r_max,xB_clip_count_high,xB_clip_count_low,gp_closure_error,dt_divJ_min,dt_divJ_max
step35_Leta1e-1_xB05_eta1_R1_dep2_N96,nan,0,0.99995,4.500456730000002,4.188790960736316,1.0000000601565802,0.03336,0.05,nan,nan,nan,nan,nan,nan,,,,,,,,
step35_Leta1e-1_xB05_eta1_R1_dep2_N96,nan,250,1.36705,18.029699480000005,13.652673356794683,1.482664981185864,0.03695,0.04392,9.86648,0.2388443488869863,0.0,0.0,0.23884286376284242,-0.23884286376284242,-0.015558500042,-2.2102465474,173.66916689,0,0,-2.6125468647e-07,-0.00027317431601,0.00023180890878
step35_Leta1e-1_xB05_eta1_R1_dep2_N96,nan,250,0.0,0.0,0.0,0.0,0.03695,0.04392,8.86653,nan,nan,nan,nan,nan,-0.015558500042,-2.2102465474,173.66916689,0,0,-2.6125468647e-07,-0.00027317431601,0.00023180890878
step35_Leta1e-1_xB05_eta1_R1_dep2_N96,nan,250,-0.0,0.0,0.0,0.0,0.03695,0.04392,0.0,nan,nan,nan,nan,nan,-0.015558500042,-2.2102465474,173.66916689,0,0,-2.6125468647e-07,-0.00027317431601,0.00023180890878
step35_Leta1e-1_xB05_eta1_R1_dep2_N96,nan,250,0.0,0.0,0.0,0.0,0.03695,0.04392,0.0,nan,nan,nan,nan,nan,-0.015558500042,-2.2102465474,173.66916689,0,0,-2.6125468647e-07,-0.00027317431601,0.00023180890878
step35_Leta1e-1_xB05_eta1_R1_dep2_N96,nan,250,1.36705,18.029699480000005,13.652673356794683,1.482664981185864,0.03695,0.04392,8.86653,0.2388443488869863,0.0,0.0,0.23884286376284242,-0.23884286376284242,-0.015558500042,-2.2102465474,173.66916689,0,0,-2.6125468647e-07,-0.00027317431601,0.00023180890878
step35_Leta1e-1_xB05_eta1_R1_dep2_N96,nan,250,1.0,73.54510449,34.82704573849444,2.025859593305636,0.03695,0.04392,9.82278,0.06140994952410894,0.0,0.0,0.06140787921227884,-0.06140787921227884,-0.015558500042,-2.2102465474,173.66916689,0,0,-2.6125468647e-07,-0.00027317431601,0.00023180890878
step35_Leta1e-1_xB05_eta1_R1_dep2_N96,nan,250,1.36705,18.03013646000001,13.65280892643622,1.4826698887398513,0.03695,0.04392,9.82278,0.2388443488869863,0.0,0.0,0.23884286376284242,-0.23884286376284242,-0.015558500042,-2.2102465474,173.66916689,0,0,-2.6125468647e-07,-0.00027317431601,0.00023180890878
step35_Leta1e-1_xB05_eta1_R1_dep2_N96,nan,500,-0.0,0.0,0.0,0.0,0.03701,0.0437,8.86653,nan,nan,nan,nan,nan,0.10343698613,-0.43560670296,168.92875364,0,0,-2.4249318998e-08,-8.963833386e-05,7.2981393522e-05
step35_Leta1e-1_xB05_eta1_R1_dep2_N96,nan,500,0.53923,4.322975640000001,0.1919001045677741,0.3578180138181608,0.03701,0.0437,5.53413,0.1323377084745763,0.0,0.0,0.13233535254237289,-0.13233535254237289,0.10343698613,-0.43560670296,168.92875364,0,0,-2.4249318998e-08,-8.963833386e-05,7.2981393522e-05
step35_Leta1e-1_xB05_eta1_R1_dep2_N96,nan,500,0.0,0.0,0.0,0.0,0.03701,0.0437,5.53413,nan,nan,nan,nan,nan,0.10343698613,-0.43560670296,168.92875364,0,0,-2.4249318998e-08,-8.963833386e-05,7.2981393522e-05
step35_Leta1e-1_xB05_eta1_R1_dep2_N96,nan,500,1.0,72.98139363000003,35.104771825168584,2.031230372178639,0.03701,0.0437,1.0,0.011089439857004718,0.0,0.0,0.011087421689571306,-0.011087421689571306,0.10343698613,-0.43560670296,168.92875364,0,0,-2.4249318998e-08,-8.963833386e-05,7.2981393522e-05
step35_Leta1e-1_xB05_eta1_R1_dep2_N96,nan,500,0.53923,4.323399210000001,0.1919157171313484,0.3578277173129516,0.03701,0.0437,6.49951,0.1323377084745763,0.0,0.0,0.13233535254237289,-0.13233535254237289,0.10343698613,-0.43560670296,168.92875364,0,0,-2.4249318998e-08,-8.963833386e-05,7.2981393522e-05
step35_Leta1e-1_xB05_eta1_R1_dep2_N96,nan,500,0.53923,4.322975640000001,0.1919001045677741,0.3578180138181608,0.03701,0.0437,1.0000000000010001e-05,0.1323377084745763,0.0,0.0,0.13233535254237289,-0.13233535254237289,0.10343698613,-0.43560670296,168.92875364,0,0,-2.4249318998e-08,-8.963833386e-05,7.2981393522e-05
step35_Leta1e-1_xB05_eta1_R1_dep2_N96,nan,500,0.0,0.0,0.0,0.0,0.03701,0.0437,5.53413,nan,nan,nan,nan,nan,0.10343698613,-0.43560670296,168.92875364,0,0,-2.4249318998e-08,-8.963833386e-05,7.2981393522e-05
step35_Leta1e-1_xB05_eta1_R1_dep2_N96,nan,750,0.0,0.0,0.0,0.0,0.03701,0.04358,0.0,nan,nan,nan,nan,nan,0.094178515482,-0.4096064734,166.22363369,0,0,-1.9688676558e-10,-7.6935248031e-05,6.4244480729e-05
step35_Leta1e-1_xB05_eta1_R1_dep2_N96,nan,750,1.0,71.92648932000002,35.10395764602866,2.0312146687277317,0.03701,0.04358,1.0,0.010652897615248819,0.0,0.0,0.010650805937915179,-0.010650805937915179,0.094178515482,-0.4096064734,166.22363369,0,0,-1.9688676558e-10,-7.6935248031e-05,6.4244480729e-05
step35_Leta1e-1_xB05_eta1_R1_dep2_N96,nan,750,-0.0,0.0,0.0,0.0,0.03701,0.04358,1.0,nan,nan,nan,nan,nan,0.094178515482,-0.4096064734,166.22363369,0,0,-1.9688676558e-10,-7.6935248031e-05,6.4244480729e-05
step35_Leta1e-1_xB05_eta1_R1_dep2_N96,nan,750,0.48901,4.24727779,0.18535153982419414,0.353700654139027,0.03701,0.04358,4.73633,0.12650505874880913,0.0,0.0,0.12650291203556685,-0.12650291203556685,0.094178515482,-0.4096064734,166.22363369,0,0,-1.9688676558e-10,-7.6935248031e-05,6.4244480729e-05
step35_Leta1e-1_xB05_eta1_R1_dep2_N96,nan,750,0.48901,4.24727779,0.18535153982419414,0.353700654139027,0.03701,0.04358,0.0,0.12650505874880913,0.0,0.0,0.12650291203556685,-0.12650291203556685,0.094178515482,-0.4096064734,166.22363369,0,0,-1.9688676558e-10,-7.6935248031e-05,6.4244480729e-05
step35_Leta1e-1_xB05_eta1_R1_dep2_N96,nan,750,0.0,0.0,0.0,0.0,0.03701,0.04358,4.73633,nan,nan,nan,nan,nan,0.094178515482,-0.4096064734,166.22363369,0,0,-1.9688676558e-10,-7.6935248031e-05,6.4244480729e-05
step35_Leta1e-1_xB05_eta1_R1_dep2_N96,nan,750,0.48901,4.247695210000002,0.1853671345894161,0.35371057353143787,0.03701,0.04358,4.73633,0.12650505874880913,0.0,0.0,0.12650291203556685,-0.12650291203556685,0.094178515482,-0.4096064734,166.22363369,0,0,-1.9688676558e-10,-7.6935248031e-05,6.4244480729e-05
step35_Leta1e-1_xB05_eta1_R1_dep2_N96,nan,1000,-0.0,0.0,0.0,0.0,0.03701,0.04355,4.73633,nan,nan,nan,nan,nan,0.086955132587,-0.37854761869,165.49408233,0,0,1.5285917329e-10,-5.6105328406e-05,6.6978791583e-05
step35_Leta1e-1_xB05_eta1_R1_dep2_N96,nan,1000,0.44423,4.244172490000003,0.18585081124794425,0.35401795085864574,0.03701,0.04355,4.55128,0.1246841190990435,0.0,0.0,0.1246816599814872,-0.1246816599814872,0.086955132587,-0.37854761869,165.49408233,0,0,1.5285917329e-10,-5.6105328406e-05,6.6978791583e-05
step35_Leta1e-1_xB05_eta1_R1_dep2_N96,nan,1000,0.0,0.0,0.0,0.0,0.03701,0.04355,4.55128,nan,nan,nan,nan,nan,0.086955132587,-0.37854761869,165.49408233,0,0,1.5285917329e-10,-5.6105328406e-05,6.6978791583e-05
step35_Leta1e-1_xB05_eta1_R1_dep2_N96,nan,1000,1.0,70.94265886000002,35.10427562594618,2.031220801782862,0.03701,0.04355,1.0,0.010564517991281126,0.0,0.0,0.01056253322742255,-0.01056253322742255,0.086955132587,-0.37854761869,165.49408233,0,0,1.5285917329e-10,-5.6105328406e-05,6.6978791583e-05
step35_Leta1e-1_xB05_eta1_R1_dep2_N96,nan,1000,0.44423,4.24378248,0.1858354271722706,0.35400818246934884,0.03701,0.04355,5.52003,0.1246841190990435,0.0,0.0,0.1246816599814872,-0.1246816599814872,0.086955132587,-0.37854761869,165.49408233,0,0,1.5285917329e-10,-5.6105328406e-05,6.6978791583e-05
step35_Leta1e-1_xB05_eta1_R1_dep2_N96,nan,1000,0.0,0.0,0.0,0.0,0.03701,0.04355,4.55128,nan,nan,nan,nan,nan,0.086955132587,-0.37854761869,165.49408233,0,0,1.5285917329e-10,-5.6105328406e-05,6.6978791583e-05
step35_Leta1e-1_xB05_eta1_R1_dep2_N96,nan,1000,0.44423,4.24378248,0.1858354271722706,0.35400818246934884,0.03701,0.04355,4.55128,0.1246841190990435,0.0,0.0,0.1246816599814872,-0.1246816599814872,0.086955132587,-0.37854761869,165.49408233,0,0,1.5285917329e-10,-5.6105328406e-05,6.6978791583e-05
step35_Leta1e-1_xB05_eta1_R1_dep2_N96,nan,1250,0.0,0.0,0.0,0.0,0.03701,0.04358,4.55128,nan,nan,nan,nan,nan,0.08080959562,-0.38624108236,166.20374826,0,0,1.5311964487e-11,-4.4396277294e-05,6.2012566585e-05
step35_Leta1e-1_xB05_eta1_R1_dep2_N96,nan,1250,1.0,70.03509034000002,35.10460638643661,2.031227181304696,0.03701,0.04358,1.0,0.010629235525866127,0.0,0.0,0.010627162947248962,-0.010627162947248962,0.08080959562,-0.38624108236,166.20374826,0,0,1.5311964487e-11,-4.4396277294e-05,6.2012566585e-05
step35_Leta1e-1_xB05_eta1_R1_dep2_N96,nan,1250,0.42149,4.246855860000002,0.1904561094598699,0.35691825943062605,0.03701,0.04358,5.25125,0.12335691456145331,0.0,0.0,0.12335430598921374,-0.12335430598921374,0.08080959562,-0.38624108236,166.20374826,0,0,1.5311964487e-11,-4.4396277294e-05,6.2012566585e-05
step35_Leta1e-1_xB05_eta1_R1_dep2_N96,nan,1250,0.42149,4.246460340000001,0.19043961987763977,0.3569079585396655,0.03701,0.04358,1.0000000000065512e-05,0.12335691456145331,0.0,0.0,0.12335430598921374,-0.12335430598921374,0.08080959562,-0.38624108236,166.20374826,0,0,1.5311964487e-11,-4.4396277294e-05,6.2012566585e-05
step35_Leta1e-1_xB05_eta1_R1_dep2_N96,nan,1250,-0.0,0.0,0.0,0.0,0.03701,0.04358,4.28147,nan,nan,nan,nan,nan,0.08080959562,-0.38624108236,166.20374826,0,0,1.5311964487e-11,-4.4396277294e-05,6.2012566585e-05
step35_Leta1e-1_xB05_eta1_R1_dep2_N96,nan,1250,0.42149,4.246460340000001,0.19043961987763977,0.3569079585396655,0.03701,0.04358,4.28147,0.12335691456145331,0.0,0.0,0.12335430598921374,-0.12335430598921374,0.08080959562,-0.38624108236,166.20374826,0,0,1.5311964487e-11,-4.4396277294e-05,6.2012566585e-05
step35_Leta1e-1_xB05_eta1_R1_dep2_N96,nan,1250,0.0,0.0,0.0,0.0,0.03701,0.04358,4.28147,nan,nan,nan,nan,nan,0.08080959562,-0.38624108236,166.20374826,0,0,1.5311964487e-11,-4.4396277294e-05,6.2012566585e-05
step35_Leta1e-1_xB05_eta1_R1_dep2_N96,nan,1500,0.39911,4.208458600000001,0.1946232898356744,0.3595026257165646,0.03701,0.04361,3.7581,0.12295459962756052,0.0,0.0,0.12295137270550678,-0.12295137270550678,0.075670213652,-0.39980518699,166.82297228,0,0,1.9563261638e-10,-4.1092512677e-05,6.1967274921e-05
step35_Leta1e-1_xB05_eta1_R1_dep2_N96,nan,1500,0.39911,4.2080681900000005,0.194606089394902,0.359492034682298,0.03701,0.04361,1.0000000000010001e-05,0.12300355638496402,0.0,0.0,0.12300034390829112,-0.12300034390829112,0.075670213652,-0.39980518699,166.82297228,0,0,1.9563261638e-10,-4.1092512677e-05,6.1967274921e-05
step35_Leta1e-1_xB05_eta1_R1_dep2_N96,nan,1500,0.0,0.0,0.0,0.0,0.03701,0.04361,3.7581,nan,nan,nan,nan,nan,0.075670213652,-0.39980518699,166.82297228,0,0,1.9563261638e-10,-4.1092512677e-05,6.1967274921e-05
step35_Leta1e-1_xB05_eta1_R1_dep2_N96,nan,1500,0.0,0.0,0.0,0.0,0.03701,0.04361,0.0,nan,nan,nan,nan,nan,0.075670213652,-0.39980518699,166.82297228,0,0,1.9563261638e-10,-4.1092512677e-05,6.1967274921e-05
step35_Leta1e-1_xB05_eta1_R1_dep2_N96,nan,1500,1.0,69.18472092,35.10489271049143,2.031232703729258,0.03701,0.04361,1.0,0.01063234126327631,0.0,0.0,0.010630217450286207,-0.010630217450286207,0.075670213652,-0.39980518699,166.82297228,0,0,1.9563261638e-10,-4.1092512677e-05,6.1967274921e-05
step35_Leta1e-1_xB05_eta1_R1_dep2_N96,nan,1500,0.39911,4.2080681900000005,0.194606089394902,0.359492034682298,0.03701,0.04361,4.729900000000001,0.12300355638496402,0.0,0.0,0.12300034390829112,-0.12300034390829112,0.075670213652,-0.39980518699,166.82297228,0,0,1.9563261638e-10,-4.1092512677e-05,6.1967274921e-05
step35_Leta1e-1_xB05_eta1_R1_dep2_N96,nan,1500,-0.0,0.0,0.0,0.0,0.03701,0.04361,3.7581,nan,nan,nan,nan,nan,0.075670213652,-0.39980518699,166.82297228,0,0,1.9563261638e-10,-4.1092512677e-05,6.1967274921e-05
step35_Leta1e-1_xB05_eta1_R1_dep2_N96,nan,1750,0.38287,4.15546972,0.19927303684263187,0.3623430842254121,0.03701,0.04363,3.16387,0.12303503394518481,0.0,0.0,0.12303177017852654,-0.12303177017852654,0.071025749269,-0.41260179476,167.32719896,0,0,-5.3881908821e-11,-4.437621814e-05,6.3088983658e-05
step35_Leta1e-1_xB05_eta1_R1_dep2_N96,nan,1750,1.0,68.38303307000004,35.105178020518885,2.0312382065660777,0.03701,0.04363,4.1381000000000006,0.01062733918861268,0.0,0.0,0.010625281805069308,-0.010625281805069308,0.071025749269,-0.41260179476,167.32719896,0,0,-5.3881908821e-11,-4.437621814e-05,6.3088983658e-05
step35_Leta1e-1_xB05_eta1_R1_dep2_N96,nan,1750,0.38287,4.15546972,0.19927303684263187,0.3623430842254121,0.03701,0.04363,4.1381000000000006,0.12303503394518481,0.0,0.0,0.12303177017852654,-0.12303177017852654,0.071025749269,-0.41260179476,167.32719896,0,0,-5.3881908821e-11,-4.437621814e-05,6.3088983658e-05
step35_Leta1e-1_xB05_eta1_R1_dep2_N96,nan,1750,0.0,0.0,0.0,0.0,0.03701,0.04363,3.16387,nan,nan,nan,nan,nan,0.071025749269,-0.41260179476,167.32719896,0,0,-5.3881908821e-11,-4.437621814e-05,6.3088983658e-05
step35_Leta1e-1_xB05_eta1_R1_dep2_N96,nan,1750,0.0,0.0,0.0,0.0,0.03701,0.04363,0.0,nan,nan,nan,nan,nan,0.071025749269,-0.41260179476,167.32719896,0,0,-5.3881908821e-11,-4.437621814e-05,6.3088983658e-05
step35_Leta1e-1_xB05_eta1_R1_dep2_N96,nan,1750,-0.0,0.0,0.0,0.0,0.03701,0.04363,0.0,nan,nan,nan,nan,nan,0.071025749269,-0.41260179476,167.32719896,0,0,-5.3881908821e-11,-4.437621814e-05,6.3088983658e-05
step35_Leta1e-1_xB05_eta1_R1_dep2_N96,nan,1750,0.38287,4.155845039999999,0.19929079131751432,0.3623538450392195,0.03701,0.04363,3.16387,0.12303503394518481,0.0,0.0,0.12303177017852654,-0.12303177017852654,0.071025749269,-0.41260179476,167.32719896,0,0,-5.3881908821e-11,-4.437621814e-05,6.3088983658e-05
step35_Leta1e-1_xB05_eta1_R1_dep2_N96,nan,2000,1.0,67.61773931000002,35.105444228819,2.0312433409568214,0.03701,0.04365,4.13998,0.010516726674045764,0.0,0.0,0.01051467994904246,-0.01051467994904246,0.066571593847,-0.42268537064,167.67221437,0,0,1.1456389333e-10,-4.6507218505e-05,6.292437415e-05
step35_Leta1e-1_xB05_eta1_R1_dep2_N96,nan,2000,0.0,0.0,0.0,0.0,0.03701,0.04365,1.0,nan,nan,nan,nan,nan,0.066571593847,-0.42268537064,167.67221437,0,0,1.1456389333e-10,-4.6507218505e-05,6.292437415e-05
step35_Leta1e-1_xB05_eta1_R1_dep2_N96,nan,2000,-0.0,0.0,0.0,0.0,0.03701,0.04365,0.0,nan,nan,nan,nan,nan,0.066571593847,-0.42268537064,167.67221437,0,0,1.1456389333e-10,-4.6507218505e-05,6.292437415e-05
step35_Leta1e-1_xB05_eta1_R1_dep2_N96,nan,2000,0.36421,4.08925814,0.2034109892810954,0.3648339687354431,0.03701,0.04365,2.73563,0.12314476121562952,0.0,0.0,0.12314143511818619,-0.12314143511818619,0.066571593847,-0.42268537064,167.67221437,0,0,1.1456389333e-10,-4.6507218505e-05,6.292437415e-05
step35_Leta1e-1_xB05_eta1_R1_dep2_N96,nan,2000,0.36421,4.089616770000001,0.20342842523965893,0.36484439270226926,0.03701,0.04365,1.0000000000010001e-05,0.12305578567996156,0.0,0.0,0.12305243392599712,-0.12305243392599712,0.066571593847,-0.42268537064,167.67221437,0,0,1.1456389333e-10,-4.6507218505e-05,6.292437415e-05
step35_Leta1e-1_xB05_eta1_R1_dep2_N96,nan,2000,0.36421,4.08925814,0.2034109892810954,0.3648339687354431,0.03701,0.04365,1.0000000000010001e-05,0.12314476121562952,0.0,0.0,0.12314143511818619,-0.12314143511818619,0.066571593847,-0.42268537064,167.67221437,0,0,1.1456389333e-10,-4.6507218505e-05,6.292437415e-05
step35_Leta1e-1_xB05_eta1_R1_dep2_N96,nan,2000,0.0,0.0,0.0,0.0,0.03701,0.04365,2.73563,nan,nan,nan,nan,nan,0.066571593847,-0.42268537064,167.67221437,0,0,1.1456389333e-10,-4.6507218505e-05,6.292437415e-05
step35_Leta1e-1_xB05_eta1_R1_dep2_N96,nan,2250,0.0,0.0,0.0,0.0,0.03701,0.04366,0.0,nan,nan,nan,nan,nan,0.062276798397,-0.43252979682,167.88213176,0,0,-2.7124534141e-10,-4.7031372761e-05,6.0863685306e-05
step35_Leta1e-1_xB05_eta1_R1_dep2_N96,nan,2250,0.3598,4.028613980000002,0.20684517455937196,0.3668756838971482,0.03701,0.04366,2.68944,0.12282360762436076,0.0,0.0,0.12282066248256626,-0.12282066248256626,0.062276798397,-0.43252979682,167.88213176,0,0,-2.7124534141e-10,-4.7031372761e-05,6.0863685306e-05
step35_Leta1e-1_xB05_eta1_R1_dep2_N96,nan,2250,1.0,66.88930855999999,35.105718468586566,2.0312486302242787,0.03701,0.04366,3.6657699999999998,0.010521904027971032,0.0,0.0,0.010519859859431305,-0.010519859859431305,0.062276798397,-0.43252979682,167.88213176,0,0,-2.7124534141e-10,-4.7031372761e-05,6.0863685306e-05
step35_Leta1e-1_xB05_eta1_R1_dep2_N96,nan,2250,0.3598,4.028969369999999,0.20686256623625987,0.36688596599106454,0.03701,0.04366,3.6657699999999998,0.12282360762436076,0.0,0.0,0.12282066248256626,-0.12282066248256626,0.062276798397,-0.43252979682,167.88213176,0,0,-2.7124534141e-10,-4.7031372761e-05,6.0863685306e-05
step35_Leta1e-1_xB05_eta1_R1_dep2_N96,nan,2250,-0.0,0.0,0.0,0.0,0.03701,0.04366,2.68944,nan,nan,nan,nan,nan,0.062276798397,-0.43252979682,167.88213176,0,0,-2.7124534141e-10,-4.7031372761e-05,6.0863685306e-05
step35_Leta1e-1_xB05_eta1_R1_dep2_N96,nan,2250,0.3598,4.028613980000002,0.20684517455937196,0.3668756838971482,0.03701,0.04366,2.68944,0.12282360762436076,0.0,0.0,0.12282066248256626,-0.12282066248256626,0.062276798397,-0.43252979682,167.88213176,0,0,-2.7124534141e-10,-4.7031372761e-05,6.0863685306e-05
step35_Leta1e-1_xB05_eta1_R1_dep2_N96,nan,2250,0.0,0.0,0.0,0.0,0.03701,0.04366,2.68944,nan,nan,nan,nan,nan,0.062276798397,-0.43252979682,167.88213176,0,0,-2.7124534141e-10,-4.7031372761e-05,6.0863685306e-05
step35_Leta1e-1_xB05_eta1_R1_dep2_N96,nan,2500,0.33946,3.9714854800000006,0.21029187242266587,0.3689022404937266,0.03701,0.04366,2.63492,0.1222765842894969,0.0,0.0,0.1222736451897617,-0.1222736451897617,0.058196142617,-0.43940462871,167.93542268,0,0,1.6593074266e-11,-4.7505234455e-05,5.6799298995e-05
step35_Leta1e-1_xB05_eta1_R1_dep2_N96,nan,2500,0.33946,3.9714854800000006,0.21029187242266587,0.3689022404937266,0.03701,0.04366,0.0,0.1222765842894969,0.0,0.0,0.1222736451897617,-0.1222736451897617,0.058196142617,-0.43940462871,167.93542268,0,0,1.6593074266e-11,-4.7505234455e-05,5.6799298995e-05
step35_Leta1e-1_xB05_eta1_R1_dep2_N96,nan,2500,1.0,66.19989358000005,35.105954139884695,2.0312531755989465,0.03701,0.04366,3.6115000000000004,0.010556229321330452,0.0,0.0,0.010554201131115916,-0.010554201131115916,0.058196142617,-0.43940462871,167.93542268,0,0,1.6593074266e-11,-4.7505234455e-05,5.6799298995e-05
step35_Leta1e-1_xB05_eta1_R1_dep2_N96,nan,2500,0.0,0.0,0.0,0.0,0.03701,0.04366,1.0,nan,nan,nan,nan,nan,0.058196142617,-0.43940462871,167.93542268,0,0,1.6593074266e-11,-4.7505234455e-05,5.6799298995e-05
step35_Leta1e-1_xB05_eta1_R1_dep2_N96,nan,2500,0.0,0.0,0.0,0.0,0.03701,0.04366,0.0,nan,nan,nan,nan,nan,0.058196142617,-0.43940462871,167.93542268,0,0,1.6593074266e-11,-4.7505234455e-05,5.6799298995e-05
step35_Leta1e-1_xB05_eta1_R1_dep2_N96,nan,2500,0.33946,3.971826520000001,0.21030876580861166,0.3689121185756861,0.03701,0.04366,2.63492,0.1222765842894969,0.0,0.0,0.1222736451897617,-0.1222736451897617,0.058196142617,-0.43940462871,167.93542268,0,0,1.6593074266e-11,-4.7505234455e-05,5.6799298995e-05
step35_Leta1e-1_xB05_eta1_R1_dep2_N96,nan,2500,-0.0,0.0,0.0,0.0,0.03701,0.04366,2.63492,nan,nan,nan,nan,nan,0.058196142617,-0.43940462871,167.93542268,0,0,1.6593074266e-11,-4.7505234455e-05,5.6799298995e-05
step35_Leta1e-1_xB05_eta1_R1_dep2_N96,nan,2750,-0.0,0.0,0.0,0.0,0.03701,0.04366,0.0,nan,nan,nan,nan,nan,0.054245299103,-0.44222264719,167.83608086,0,0,-3.5980923005e-12,-4.6876708284e-05,5.3985437092e-05
step35_Leta1e-1_xB05_eta1_R1_dep2_N96,nan,2750,0.0,0.0,0.0,0.0,0.03701,0.04366,0.0,nan,nan,nan,nan,nan,0.054245299103,-0.44222264719,167.83608086,0,0,-3.5980923005e-12,-4.6876708284e-05,5.3985437092e-05
step35_Leta1e-1_xB05_eta1_R1_dep2_N96,nan,2750,1.0,65.54662899000003,35.106168104975765,2.0312573023100073,0.03701,0.04366,1.0,0.010591498428614187,0.0,0.0,0.010589482116132894,-0.010589482116132894,0.054245299103,-0.44222264719,167.83608086,0,0,-3.5980923005e-12,-4.6876708284e-05,5.3985437092e-05
step35_Leta1e-1_xB05_eta1_R1_dep2_N96,nan,2750,0.33216,3.904027970000003,0.21287271516518216,0.3704052470061967,0.03701,0.04366,3.5260800000000003,0.12155928932939689,0.0,0.0,0.12155635807676086,-0.12155635807676086,0.054245299103,-0.44222264719,167.83608086,0,0,-3.5980923005e-12,-4.6876708284e-05,5.3985437092e-05
step35_Leta1e-1_xB05_eta1_R1_dep2_N96,nan,2750,0.0,0.0,0.0,0.0,0.03701,0.04366,2.54911,nan,nan,nan,nan,nan,0.054245299103,-0.44222264719,167.83608086,0,0,-3.5980923005e-12,-4.6876708284e-05,5.3985437092e-05
step35_Leta1e-1_xB05_eta1_R1_dep2_N96,nan,2750,0.33216,3.904027970000003,0.21287271516518216,0.3704052470061967,0.03701,0.04366,2.54911,0.12155928932939689,0.0,0.0,0.12155635807676086,-0.12155635807676086,0.054245299103,-0.44222264719,167.83608086,0,0,-3.5980923005e-12,-4.6876708284e-05,5.3985437092e-05
step35_Leta1e-1_xB05_eta1_R1_dep2_N96,nan,2750,0.33216,3.9043658200000007,0.21289021469492375,0.37041539663954426,0.03701,0.04366,1.0000000000010001e-05,0.12155928932939689,0.0,0.0,0.12155635807676086,-0.12155635807676086,0.054245299103,-0.44222264719,167.83608086,0,0,-3.5980923005e-12,-4.6876708284e-05,5.3985437092e-05
step35_Leta1e-1_xB05_eta1_R1_dep2_N96,nan,3000,0.3091,3.84405833,0.21531843310570906,0.37181839097395897,0.03701,0.04364,0.17811999999999983,0.12032236291913216,0.0,0.0,0.1203189980276134,-0.1203189980276134,0.050186668105,-0.4401176683,167.57437578,0,0,1.806410321e-10,-4.7181475174e-05,5.6264211072e-05
step35_Leta1e-1_xB05_eta1_R1_dep2_N96,nan,3000,1.0,64.92454590999999,35.10638929522021,2.0312615683538384,0.03701,0.04364,3.5439,0.010719664755922795,0.0,0.0,0.01071759513065219,-0.01071759513065219,0.050186668105,-0.4401176683,167.57437578,0,0,1.806410321e-10,-4.7181475174e-05,5.6264211072e-05
step35_Leta1e-1_xB05_eta1_R1_dep2_N96,nan,3000,0.3091,3.8443875399999996,0.215337023179579,0.37182909130019776,0.03701,0.04364,3.5439,0.12032236291913216,0.0,0.0,0.1203189980276134,-0.1203189980276134,0.050186668105,-0.4401176683,167.57437578,0,0,1.806410321e-10,-4.7181475174e-05,5.6264211072e-05
step35_Leta1e-1_xB05_eta1_R1_dep2_N96,nan,3000,-0.0,0.0,0.0,0.0,0.03701,0.04364,2.56703,nan,nan,nan,nan,nan,0.050186668105,-0.4401176683,167.57437578,0,0,1.806410321e-10,-4.7181475174e-05,5.6264211072e-05
step35_Leta1e-1_xB05_eta1_R1_dep2_N96,nan,3000,0.0,0.0,0.0,0.0,0.03701,0.04364,0.0,nan,nan,nan,nan,nan,0.050186668105,-0.4401176683,167.57437578,0,0,1.806410321e-10,-4.7181475174e-05,5.6264211072e-05
step35_Leta1e-1_xB05_eta1_R1_dep2_N96,nan,3000,0.0,0.0,0.0,0.0,0.03701,0.04364,0.0,nan,nan,nan,nan,nan,0.050186668105,-0.4401176683,167.57437578,0,0,1.806410321e-10,-4.7181475174e-05,5.6264211072e-05
step35_Leta1e-1_xB05_eta1_R1_dep2_N96,nan,3000,0.3091,3.84405833,0.21531843310570906,0.37181839097395897,0.03701,0.04364,2.56703,0.12032236291913216,0.0,0.0,0.1203189980276134,-0.1203189980276134,0.050186668105,-0.4401176683,167.57437578,0,0,1.806410321e-10,-4.7181475174e-05,5.6264211072e-05
step35_Leta1e-1_xB05_eta1_R1_dep2_N96,nan,3250,1.0,64.33520836000001,35.106603147752985,2.0312656928599258,0.03701,0.04362,3.54404,0.010666793833188207,0.0,0.0,0.01066469655740764,-0.01066469655740764,0.046148779678,-0.43358109877,167.153984,0,0,-6.9879587088e-11,-4.7913629824e-05,6.0963538894e-05
step35_Leta1e-1_xB05_eta1_R1_dep2_N96,nan,3250,-0.0,0.0,0.0,0.0,0.03701,0.04362,1.0,nan,nan,nan,nan,nan,0.046148779678,-0.43358109877,167.153984,0,0,-6.9879587088e-11,-4.7913629824e-05,6.0963538894e-05
step35_Leta1e-1_xB05_eta1_R1_dep2_N96,nan,3250,0.27873,3.774317230000001,0.2171362628822834,0.3728618212366018,0.03701,0.04362,2.52905,0.11997150192307693,0.0,0.0,0.11996859038461537,-0.11996859038461537,0.046148779678,-0.43358109877,167.153984,0,0,-6.9879587088e-11,-4.7913629824e-05,6.0963538894e-05
step35_Leta1e-1_xB05_eta1_R1_dep2_N96,nan,3250,0.27873,3.774317230000001,0.2171362628822834,0.3728618212366018,0.03701,0.04362,0.0,0.11997150192307693,0.0,0.0,0.11996859038461537,-0.11996859038461537,0.046148779678,-0.43358109877,167.153984,0,0,-6.9879587088e-11,-4.7913629824e-05,6.0963538894e-05
step35_Leta1e-1_xB05_eta1_R1_dep2_N96,nan,3250,-0.0,0.0,0.0,0.0,0.03701,0.04362,2.52905,nan,nan,nan,nan,nan,0.046148779678,-0.43358109877,167.153984,0,0,-6.9879587088e-11,-4.7913629824e-05,6.0963538894e-05
step35_Leta1e-1_xB05_eta1_R1_dep2_N96,nan,3250,0.0,0.0,0.0,0.0,0.03701,0.04362,0.0,nan,nan,nan,nan,nan,0.046148779678,-0.43358109877,167.153984,0,0,-6.9879587088e-11,-4.7913629824e-05,6.0963538894e-05
step35_Leta1e-1_xB05_eta1_R1_dep2_N96,nan,3250,0.27873,3.7746473500000013,0.2171544901704925,0.3728722541165947,0.03701,0.04362,2.52905,0.11997150192307693,0.0,0.0,0.11996859038461537,-0.11996859038461537,0.046148779678,-0.43358109877,167.153984,0,0,-6.9879587088e-11,-4.7913629824e-05,6.0963538894e-05
step35_Leta1e-1_xB05_eta1_R1_dep2_N96,nan,3500,0.0,0.0,0.0,0.0,0.03701,0.0436,2.52905,nan,nan,nan,nan,nan,0.042268842299,-0.39849389048,166.59616769,0,0,-6.7841530745e-11,-4.7945428732e-05,6.3629410205e-05
step35_Leta1e-1_xB05_eta1_R1_dep2_N96,nan,3500,-0.0,0.0,0.0,0.0,0.03701,0.0436,0.0,nan,nan,nan,nan,nan,0.042268842299,-0.39849389048,166.59616769,0,0,-6.7841530745e-11,-4.7945428732e-05,6.3629410205e-05
step35_Leta1e-1_xB05_eta1_R1_dep2_N96,nan,3500,-0.0,0.0,0.0,0.0,0.03701,0.0436,0.0,nan,nan,nan,nan,nan,0.042268842299,-0.39849389048,166.59616769,0,0,-6.7841530745e-11,-4.7945428732e-05,6.3629410205e-05
step35_Leta1e-1_xB05_eta1_R1_dep2_N96,nan,3500,0.23925,3.7079035100000017,0.2186986087567829,0.37375396074789086,0.03701,0.0436,2.52399,0.11964021837349399,0.0,0.0,0.11963760730421685,-0.11963760730421685,0.042268842299,-0.39849389048,166.59616769,0,0,-6.7841530745e-11,-4.7945428732e-05,6.3629410205e-05
step35_Leta1e-1_xB05_eta1_R1_dep2_N96,nan,3500,1.0,63.775305750000015,35.10679242390349,2.031269343355137,0.03701,0.0436,3.50099,0.01067323254600645,0.0,0.0,0.010671208183140456,-0.010671208183140456,0.042268842299,-0.39849389048,166.59616769,0,0,-6.7841530745e-11,-4.7945428732e-05,6.3629410205e-05
step35_Leta1e-1_xB05_eta1_R1_dep2_N96,nan,3500,0.23925,3.7075907700000017,0.21868100200661378,0.3737439305526809,0.03701,0.0436,3.50099,0.11964021837349399,0.0,0.0,0.11963760730421685,-0.11963760730421685,0.042268842299,-0.39849389048,166.59616769,0,0,-6.7841530745e-11,-4.7945428732e-05,6.3629410205e-05
step35_Leta1e-1_xB05_eta1_R1_dep2_N96,nan,3500,0.23925,3.7075907700000017,0.21868100200661378,0.3737439305526809,0.03701,0.0436,0.0,0.11964021837349399,0.0,0.0,0.11963760730421685,-0.11963760730421685,0.042268842299,-0.39849389048,166.59616769,0,0,-6.7841530745e-11,-4.7945428732e-05,6.3629410205e-05
step35_Leta1e-1_xB05_eta1_R1_dep2_N96,nan,3750,1.0,63.242075670000034,35.10697083375033,2.0312727842641802,0.03701,0.04357,3.50119,0.010750251661611926,0.0,0.0,0.010748229415370717,-0.010748229415370717,0.038374799406,-0.397530763,165.92662207,0,0,5.397587041e-11,-4.7320085357e-05,6.5123902908e-05
step35_Leta1e-1_xB05_eta1_R1_dep2_N96,nan,3750,0.0,0.0,0.0,0.0,0.03701,0.04357,1.0,nan,nan,nan,nan,nan,0.038374799406,-0.397530763,165.92662207,0,0,5.397587041e-11,-4.7320085357e-05,6.5123902908e-05
step35_Leta1e-1_xB05_eta1_R1_dep2_N96,nan,3750,0.23654,3.6554563000000018,0.22082623310284674,0.3749620817222069,0.03701,0.04357,2.47131,0.11885119424460432,0.0,0.0,0.11884844244604316,-0.11884844244604316,0.038374799406,-0.397530763,165.92662207,0,0,5.397587041e-11,-4.7320085357e-05,6.5123902908e-05
step35_Leta1e-1_xB05_eta1_R1_dep2_N96,nan,3750,-0.0,0.0,0.0,0.0,0.03701,0.04357,2.47131,nan,nan,nan,nan,nan,0.038374799406,-0.397530763,165.92662207,0,0,5.397587041e-11,-4.7320085357e-05,6.5123902908e-05
step35_Leta1e-1_xB05_eta1_R1_dep2_N96,nan,3750,-0.0,0.0,0.0,0.0,0.03701,0.04357,0.0,nan,nan,nan,nan,nan,0.038374799406,-0.397530763,165.92662207,0,0,5.397587041e-11,-4.7320085357e-05,6.5123902908e-05
step35_Leta1e-1_xB05_eta1_R1_dep2_N96,nan,3750,0.23654,3.6554563000000018,0.22082623310284674,0.3749620817222069,0.03701,0.04357,2.47131,0.11885119424460432,0.0,0.0,0.11884844244604316,-0.11884844244604316,0.038374799406,-0.397530763,165.92662207,0,0,5.397587041e-11,-4.7320085357e-05,6.5123902908e-05
step35_Leta1e-1_xB05_eta1_R1_dep2_N96,nan,3750,0.23654,3.655765510000001,0.2208439260722681,0.37497209565243594,0.03701,0.04357,1.0000000000010001e-05,0.11885119424460432,0.0,0.0,0.11884844244604316,-0.11884844244604316,0.038374799406,-0.397530763,165.92662207,0,0,5.397587041e-11,-4.7320085357e-05,6.5123902908e-05
step35_Leta1e-1_xB05_eta1_R1_dep2_N96,nan,4000,0.23436,3.5783170299999996,0.22181708928082505,0.37552206830205836,0.03701,0.04353,0.17006,0.11892743447037701,0.0,0.0,0.11892447755834828,-0.11892447755834828,0.034606626449,-0.39842084181,165.13870325,0,0,1.2317169563e-10,-4.4206180101e-05,6.4683073812e-05
step35_Leta1e-1_xB05_eta1_R1_dep2_N96,nan,4000,-0.0,0.0,0.0,0.0,0.03701,0.04353,2.35781,nan,nan,nan,nan,nan,0.034606626449,-0.39842084181,165.13870325,0,0,1.2317169563e-10,-4.4206180101e-05,6.4683073812e-05
step35_Leta1e-1_xB05_eta1_R1_dep2_N96,nan,4000,0.23436,3.5786274500000013,0.22183518694849094,0.37553228075352335,0.03701,0.04353,2.35781,0.11892743447037701,0.0,0.0,0.11892447755834828,-0.11892447755834828,0.034606626449,-0.39842084181,165.13870325,0,0,1.2317169563e-10,-4.4206180101e-05,6.4683073812e-05
step35_Leta1e-1_xB05_eta1_R1_dep2_N96,nan,4000,1.0,62.73459259999999,35.107114003541874,2.0312755455059777,0.03701,0.04353,3.3355,0.010655493672959579,0.0,0.0,0.010653421761742906,-0.010653421761742906,0.034606626449,-0.39842084181,165.13870325,0,0,1.2317169563e-10,-4.4206180101e-05,6.4683073812e-05
step35_Leta1e-1_xB05_eta1_R1_dep2_N96,nan,4000,-0.0,0.0,0.0,0.0,0.03701,0.04353,1.0,nan,nan,nan,nan,nan,0.034606626449,-0.39842084181,165.13870325,0,0,1.2317169563e-10,-4.4206180101e-05,6.4683073812e-05
step35_Leta1e-1_xB05_eta1_R1_dep2_N96,nan,4000,0.0,0.0,0.0,0.0,0.03701,0.04353,0.0,nan,nan,nan,nan,nan,0.034606626449,-0.39842084181,165.13870325,0,0,1.2317169563e-10,-4.4206180101e-05,6.4683073812e-05
step35_Leta1e-1_xB05_eta1_R1_dep2_N96,nan,4000,0.23436,3.5783170299999996,0.22181708928082505,0.37552206830205836,0.03701,0.04353,2.35781,0.11892743447037701,0.0,0.0,0.11892447755834828,-0.11892447755834828,0.034606626449,-0.39842084181,165.13870325,0,0,1.2317169563e-10,-4.4206180101e-05,6.4683073812e-05
step35_Leta1e-1_xB05_eta1_R1_dep2_N96,nan,4250,0.22756,3.5045017699999987,0.22217262341877642,0.3757225933489813,0.03701,0.04349,0.17208,0.11864860193826274,0.0,0.0,0.11864627243359656,-0.11864627243359656,0.030800273451,-0.36177017589,164.23055171,0,0,1.3135715133e-10,-4.3955910523e-05,6.2055796212e-05
step35_Leta1e-1_xB05_eta1_R1_dep2_N96,nan,4250,1.0,62.250219060000006,35.10726860809952,2.031278527275771,0.03701,0.04349,3.2825599999999997,0.010613587812279172,0.0,0.0,0.010611624059525294,-0.010611624059525294,0.030800273451,-0.36177017589,164.23055171,0,0,1.3135715133e-10,-4.3955910523e-05,6.2055796212e-05
step35_Leta1e-1_xB05_eta1_R1_dep2_N96,nan,4250,0.22756,3.504204760000001,0.22215606007397737,0.37571325619870044,0.03701,0.04349,3.2825599999999997,0.11864860193826274,0.0,0.0,0.11864627243359656,-0.11864627243359656,0.030800273451,-0.36177017589,164.23055171,0,0,1.3135715133e-10,-4.3955910523e-05,6.2055796212e-05
step35_Leta1e-1_xB05_eta1_R1_dep2_N96,nan,4250,0.0,0.0,0.0,0.0,0.03701,0.04349,2.30468,nan,nan,nan,nan,nan,0.030800273451,-0.36177017589,164.23055171,0,0,1.3135715133e-10,-4.3955910523e-05,6.2055796212e-05
step35_Leta1e-1_xB05_eta1_R1_dep2_N96,nan,4250,-0.0,0.0,0.0,0.0,0.03701,0.04349,0.0,nan,nan,nan,nan,nan,0.030800273451,-0.36177017589,164.23055171,0,0,1.3135715133e-10,-4.3955910523e-05,6.2055796212e-05
step35_Leta1e-1_xB05_eta1_R1_dep2_N96,nan,4250,0.22756,3.504204760000001,0.22215606007397737,0.37571325619870044,0.03701,0.04349,2.30468,0.11864860193826274,0.0,0.0,0.11864627243359656,-0.11864627243359656,0.030800273451,-0.36177017589,164.23055171,0,0,1.3135715133e-10,-4.3955910523e-05,6.2055796212e-05
step35_Leta1e-1_xB05_eta1_R1_dep2_N96,nan,4250,-0.0,0.0,0.0,0.0,0.03701,0.04349,2.30468,nan,nan,nan,nan,nan,0.030800273451,-0.36177017589,164.23055171,0,0,1.3135715133e-10,-4.3955910523e-05,6.2055796212e-05
step35_Leta1e-1_xB05_eta1_R1_dep2_N96,nan,4500,-0.0,0.0,0.0,0.0,0.03701,0.04344,0.0,nan,nan,nan,nan,nan,0.026784086957,-0.35605868863,163.1933251,0,0,1.0045918511e-10,-4.3136277163e-05,6.0196333335e-05
step35_Leta1e-1_xB05_eta1_R1_dep2_N96,nan,4500,1.0,61.78733620000003,35.10743248751808,2.031281687914951,0.03701,0.04344,1.0,0.010764093656480506,0.0,0.0,0.01076197622760801,-0.01076197622760801,0.026784086957,-0.35605868863,163.1933251,0,0,1.0045918511e-10,-4.3136277163e-05,6.0196333335e-05
step35_Leta1e-1_xB05_eta1_R1_dep2_N96,nan,4500,-0.0,0.0,0.0,0.0,0.03701,0.04344,1.0,nan,nan,nan,nan,nan,0.026784086957,-0.35605868863,163.1933251,0,0,1.0045918511e-10,-4.3136277163e-05,6.0196333335e-05
step35_Leta1e-1_xB05_eta1_R1_dep2_N96,nan,4500,0.22215,3.4605215499999984,0.22445226732769102,0.3770032804421975,0.03701,0.04344,2.34869,0.11831257633587787,0.0,0.0,0.11830969639139487,-0.11830969639139487,0.026784086957,-0.35605868863,163.1933251,0,0,1.0045918511e-10,-4.3136277163e-05,6.0196333335e-05
step35_Leta1e-1_xB05_eta1_R1_dep2_N96,nan,4500,0.22214,3.460218680000001,0.22443328917964275,0.3769926545367137,0.03701,0.04344,1.0000000000010001e-05,0.11831257633587787,0.0,0.0,0.11830969639139487,-0.11830969639139487,0.026784086957,-0.35605868863,163.1933251,0,0,1.0045918511e-10,-4.3136277163e-05,6.0196333335e-05
step35_Leta1e-1_xB05_eta1_R1_dep2_N96,nan,4500,0.22214,3.460218680000001,0.22443328917964275,0.3769926545367137,0.03701,0.04344,0.0,0.11831257633587787,0.0,0.0,0.11830969639139487,-0.11830969639139487,0.026784086957,-0.35605868863,163.1933251,0,0,1.0045918511e-10,-4.3136277163e-05,6.0196333335e-05
step35_Leta1e-1_xB05_eta1_R1_dep2_N96,nan,4500,0.0,0.0,0.0,0.0,0.03701,0.04344,2.34869,nan,nan,nan,nan,nan,0.026784086957,-0.35605868863,163.1933251,0,0,1.0045918511e-10,-4.3136277163e-05,6.0196333335e-05
step35_Leta1e-1_xB05_eta1_R1_dep2_N96,nan,4750,-0.0,0.0,0.0,0.0,0.03702,0.04339,0.0,nan,nan,nan,nan,nan,0.022633669057,-0.3525661568,162.05082863,0,0,-1.0854506936e-11,-4.2181039578e-05,6.0832003749e-05
step35_Leta1e-1_xB05_eta1_R1_dep2_N96,nan,4750,0.0,0.0,0.0,0.0,0.03702,0.04339,0.0,nan,nan,nan,nan,nan,0.022633669057,-0.3525661568,162.05082863,0,0,-1.0854506936e-11,-4.2181039578e-05,6.0832003749e-05
step35_Leta1e-1_xB05_eta1_R1_dep2_N96,nan,4750,0.21897,3.417993529999999,0.22744568733008136,0.37867185957314,0.03702,0.04339,2.42435,0.11922861966927761,0.0,0.0,0.11922604351610096,-0.11922604351610096,0.022633669057,-0.3525661568,162.05082863,0,0,-1.0854506936e-11,-4.2181039578e-05,6.0832003749e-05
step35_Leta1e-1_xB05_eta1_R1_dep2_N96,nan,4750,0.21897,3.417993529999999,0.22744568733008136,0.37867185957314,0.03702,0.04339,0.0,0.11922861966927761,0.0,0.0,0.11922604351610096,-0.11922604351610096,0.022633669057,-0.3525661568,162.05082863,0,0,-1.0854506936e-11,-4.2181039578e-05,6.0832003749e-05
step35_Leta1e-1_xB05_eta1_R1_dep2_N96,nan,4750,1.0,61.344238540000006,35.10757554556005,2.031284446977308,0.03702,0.04339,3.4015,0.010813695736184466,0.0,0.0,0.010811641032246981,-0.010811641032246981,0.022633669057,-0.3525661568,162.05082863,0,0,-1.0854506936e-11,-4.2181039578e-05,6.0832003749e-05
step35_Leta1e-1_xB05_eta1_R1_dep2_N96,nan,4750,-0.0,0.0,0.0,0.0,0.03702,0.04339,1.0,nan,nan,nan,nan,nan,0.022633669057,-0.3525661568,162.05082863,0,0,-1.0854506936e-11,-4.2181039578e-05,6.0832003749e-05
step35_Leta1e-1_xB05_eta1_R1_dep2_N96,nan,4750,0.21898,3.4182862899999997,0.22746385531005278,0.3786819418623371,0.03702,0.04339,2.42435,0.11922861966927761,0.0,0.0,0.11922604351610096,-0.11922604351610096,0.022633669057,-0.3525661568,162.05082863,0,0,-1.0854506936e-11,-4.2181039578e-05,6.0832003749e-05
step35_Leta1e-1_xB05_eta1_R1_dep2_N96,nan,5000,0.0,0.0,0.0,0.0,0.03702,0.04333,2.42435,nan,nan,nan,nan,nan,0.018356719574,-0.35001389612,160.75964495,0,0,-2.1437223738e-10,-4.0399773744e-05,5.8653145749e-05
step35_Leta1e-1_xB05_eta1_R1_dep2_N96,nan,5000,1.0,60.92321846000002,35.10771568411188,2.031287149726193,0.03702,0.04333,1.0,0.01097624444502422,0.0,0.0,0.010974244653743467,-0.010974244653743467,0.018356719574,-0.35001389612,160.75964495,0,0,-2.1437223738e-10,-4.0399773744e-05,5.8653145749e-05
step35_Leta1e-1_xB05_eta1_R1_dep2_N96,nan,5000,-0.0,0.0,0.0,0.0,0.03702,0.04333,1.0,nan,nan,nan,nan,nan,0.018356719574,-0.35001389612,160.75964495,0,0,-2.1437223738e-10,-4.0399773744e-05,5.8653145749e-05
step35_Leta1e-1_xB05_eta1_R1_dep2_N96,nan,5000,0.21641,3.3808228700000003,0.2288251720991756,0.37943588010397894,0.03702,0.04333,2.54306,0.1194212975508077,0.0,0.0,0.1194182490880667,-0.1194182490880667,0.018356719574,-0.35001389612,160.75964495,0,0,-2.1437223738e-10,-4.0399773744e-05,5.8653145749e-05
step35_Leta1e-1_xB05_eta1_R1_dep2_N96,nan,5000,0.21641,3.3808228700000003,0.2288251720991756,0.37943588010397894,0.03702,0.04333,0.0,0.1194212975508077,0.0,0.0,0.1194182490880667,-0.1194182490880667,0.018356719574,-0.35001389612,160.75964495,0,0,-2.1437223738e-10,-4.0399773744e-05,5.8653145749e-05
step35_Leta1e-1_xB05_eta1_R1_dep2_N96,nan,5000,-0.0,0.0,0.0,0.0,0.03702,0.04333,2.54306,nan,nan,nan,nan,nan,0.018356719574,-0.35001389612,160.75964495,0,0,-2.1437223738e-10,-4.0399773744e-05,5.8653145749e-05
step35_Leta1e-1_xB05_eta1_R1_dep2_N96,nan,5000,0.21642,3.3811030200000003,0.2288439577673147,0.37944626322952985,0.03702,0.04333,2.54306,0.1194212975508077,0.0,0.0,0.1194182490880667,-0.1194182490880667,0.018356719574,-0.35001389612,160.75964495,0,0,-2.1437223738e-10,-4.0399773744e-05,5.8653145749e-05
step35_Leta1e-2_xB05_eta1_R1_dep2_N96,nan,0,0.99995,4.500456730000002,4.188790960736316,1.0000000601565802,0.03336,0.05,nan,nan,nan,nan,nan,nan,,,,,,,,
step35_Leta1e-2_xB05_eta1_R1_dep2_N96,nan,250,3.56305,-1184.9553236899997,1.523958034887245,0.7138847964339824,0.03675,0.04571,163.76222,0.40167037344398343,0.0,0.0,0.4016699308437068,-0.4016699308437068,179.84940001,-8.200009715,211.00326718,0,0,5.7355895733e-06,-0.0011146235391,0.0066567736255
step35_Leta1e-2_xB05_eta1_R1_dep2_N96,nan,250,-0.0,0.0,0.0,0.0,0.03675,0.04571,163.76222,nan,nan,nan,nan,nan,179.84940001,-8.200009715,211.00326718,0,0,5.7355895733e-06,-0.0011146235391,0.0066567736255
step35_Leta1e-2_xB05_eta1_R1_dep2_N96,nan,250,-0.0,-8.800000000000004e-07,0.0,0.0,0.03675,0.04571,1e-05,nan,nan,nan,nan,nan,179.84940001,-8.200009715,211.00326718,0,0,5.7355895733e-06,-0.0011146235391,0.0066567736255
step35_Leta1e-2_xB05_eta1_R1_dep2_N96,nan,250,0.0,0.0,0.0,0.0,0.03675,0.04571,1e-05,nan,nan,nan,nan,nan,179.84940001,-8.200009715,211.00326718,0,0,5.7355895733e-06,-0.0011146235391,0.0066567736255
step35_Leta1e-2_xB05_eta1_R1_dep2_N96,nan,250,3.56305,-1184.9553236899997,1.523958034887245,0.7138847964339824,0.03675,0.04571,163.76222,0.40167037344398343,0.0,0.0,0.4016699308437068,-0.4016699308437068,179.84940001,-8.200009715,211.00326718,0,0,5.7355895733e-06,-0.0011146235391,0.0066567736255
step35_Leta1e-2_xB05_eta1_R1_dep2_N96,nan,250,1.0,20.170064160000006,18.008400493740428,1.6260310847813984,0.03675,0.04571,164.10496,-39.52477701583068,-3.78559752215435e-08,0.0,-39.52477939602512,39.52477939602512,179.84940001,-8.200009715,211.00326718,0,0,5.7355895733e-06,-0.0011146235391,0.0066567736255
step35_Leta1e-2_xB05_eta1_R1_dep2_N96,nan,250,3.56305,-1184.9552615200002,1.5239591131350225,0.7138849647991858,0.03675,0.04571,164.10495,0.40167037344398343,0.0,0.0,0.4016699308437068,-0.4016699308437068,179.84940001,-8.200009715,211.00326718,0,0,5.7355895733e-06,-0.0011146235391,0.0066567736255
step35_Leta1e-2_xB05_eta1_R1_dep2_N96,nan,500,-0.0,0.0,0.0,0.0,0.03699,0.0404,163.76221,nan,nan,nan,nan,nan,18.75038089,-1.1932328237,91.802285839,0,0,-2.4961091522e-06,-0.00013677513412,0.00044135024818
step35_Leta1e-2_xB05_eta1_R1_dep2_N96,nan,500,0.31167,-154.6952047200001,0.07727491291437055,0.26423071807028464,0.03699,0.0404,11.2874,0.17564639231824417,0.0,0.0,0.17564556927297667,-0.17564556927297667,18.75038089,-1.1932328237,91.802285839,0,0,-2.4961091522e-06,-0.00013677513412,0.00044135024818
step35_Leta1e-2_xB05_eta1_R1_dep2_N96,nan,500,-0.0,0.0,0.0,0.0,0.03699,0.0404,11.2874,nan,nan,nan,nan,nan,18.75038089,-1.1932328237,91.802285839,0,0,-2.4961091522e-06,-0.00013677513412,0.00044135024818
step35_Leta1e-2_xB05_eta1_R1_dep2_N96,nan,500,1.0,39.30692824,35.456404123257755,2.0379898957825753,0.03699,0.0404,1.0,-2.572290531284783,0.0,0.0,-2.5722927090952457,2.5722927090952457,18.75038089,-1.1932328237,91.802285839,0,0,-2.4961091522e-06,-0.00013677513412,0.00044135024818
step35_Leta1e-2_xB05_eta1_R1_dep2_N96,nan,500,0.31167,-154.69508542000003,0.07727569575292635,0.2642316103361246,0.03699,0.0404,11.75535,0.17564639231824417,0.0,0.0,0.17564556927297667,-0.17564556927297667,18.75038089,-1.1932328237,91.802285839,0,0,-2.4961091522e-06,-0.00013677513412,0.00044135024818
step35_Leta1e-2_xB05_eta1_R1_dep2_N96,nan,500,0.31167,-154.6952047200001,0.07727491291437055,0.26423071807028464,0.03699,0.0404,1.000000000139778e-05,0.17564639231824417,0.0,0.0,0.17564556927297667,-0.17564556927297667,18.75038089,-1.1932328237,91.802285839,0,0,-2.4961091522e-06,-0.00013677513412,0.00044135024818
step35_Leta1e-2_xB05_eta1_R1_dep2_N96,nan,500,0.0,0.0,0.0,0.0,0.03699,0.0404,11.2874,nan,nan,nan,nan,nan,18.75038089,-1.1932328237,91.802285839,0,0,-2.4961091522e-06,-0.00013677513412,0.00044135024818
step35_Leta1e-2_xB05_eta1_R1_dep2_N96,nan,750,-0.0,0.0,0.0,0.0,0.03701,0.0396,0.0,nan,nan,nan,nan,nan,0.4752527396,-0.5789083839,71.006277492,0,0,-1.186393381e-07,-1.2843081288e-05,2.2087810463e-05
step35_Leta1e-2_xB05_eta1_R1_dep2_N96,nan,750,1.0,40.527631780000014,36.632292595993384,2.0602748608297303,0.03701,0.0396,1.0,-0.08560421283139333,0.0,0.0,-0.08560641881107175,0.08560641881107175,0.4752527396,-0.5789083839,71.006277492,0,0,-1.186393381e-07,-1.2843081288e-05,2.2087810463e-05
step35_Leta1e-2_xB05_eta1_R1_dep2_N96,nan,750,-0.0,0.0,0.0,0.0,0.03701,0.0396,1.0,nan,nan,nan,nan,nan,0.4752527396,-0.5789083839,71.006277492,0,0,-1.186393381e-07,-1.2843081288e-05,2.2087810463e-05
step35_Leta1e-2_xB05_eta1_R1_dep2_N96,nan,750,0.20072,-5.461456650000002,0.0556720817473183,0.23687339463001608,0.03701,0.0396,3.66416,0.1191446590909091,0.0,0.0,0.1191414152892562,-0.1191414152892562,0.4752527396,-0.5789083839,71.006277492,0,0,-1.186393381e-07,-1.2843081288e-05,2.2087810463e-05
step35_Leta1e-2_xB05_eta1_R1_dep2_N96,nan,750,0.20072,-5.461456650000002,0.0556720817473183,0.23687339463001608,0.03701,0.0396,0.0,0.1191446590909091,0.0,0.0,0.1191414152892562,-0.1191414152892562,0.4752527396,-0.5789083839,71.006277492,0,0,-1.186393381e-07,-1.2843081288e-05,2.2087810463e-05
step35_Leta1e-2_xB05_eta1_R1_dep2_N96,nan,750,0.0,0.0,0.0,0.0,0.03701,0.0396,3.66416,nan,nan,nan,nan,nan,0.4752527396,-0.5789083839,71.006277492,0,0,-1.186393381e-07,-1.2843081288e-05,2.2087810463e-05
step35_Leta1e-2_xB05_eta1_R1_dep2_N96,nan,750,0.20072,-5.461332439999999,0.0556762998967493,0.23687937693514755,0.03701,0.0396,3.66416,0.1191446590909091,0.0,0.0,0.1191414152892562,-0.1191414152892562,0.4752527396,-0.5789083839,71.006277492,0,0,-1.186393381e-07,-1.2843081288e-05,2.2087810463e-05
step35_Leta1e-2_xB05_eta1_R1_dep2_N96,nan,1000,-0.0,0.0,0.0,0.0,0.03702,0.0393,3.66416,nan,nan,nan,nan,nan,-0.13680328942,-0.2713528077,63.208193609,0,0,-3.2335709508e-09,-1.0055283564e-05,1.1384528058e-05
step35_Leta1e-2_xB05_eta1_R1_dep2_N96,nan,1000,0.20161,-0.15546829000000012,0.22368015113255837,0.3765704864751459,0.03702,0.0393,2.44226,0.12713633488470485,0.0,0.0,0.12713342394753543,-0.12713342394753543,-0.13680328942,-0.2713528077,63.208193609,0,0,-3.2335709508e-09,-1.0055283564e-05,1.1384528058e-05
step35_Leta1e-2_xB05_eta1_R1_dep2_N96,nan,1000,-0.0,0.0,0.0,0.0,0.03702,0.0393,2.44226,nan,nan,nan,nan,nan,-0.13680328942,-0.2713528077,63.208193609,0,0,-3.2335709508e-09,-1.0055283564e-05,1.1384528058e-05
step35_Leta1e-2_xB05_eta1_R1_dep2_N96,nan,1000,1.0,40.56304344,36.6668696380856,2.060922884776946,0.03702,0.0393,1.0,-0.003150610271666797,0.0,0.0,-0.0031528773584905663,0.0031528773584905663,-0.13680328942,-0.2713528077,63.208193609,0,0,-3.2335709508e-09,-1.0055283564e-05,1.1384528058e-05
step35_Leta1e-2_xB05_eta1_R1_dep2_N96,nan,1000,0.20161,-0.15559611999999998,0.22366487348267908,0.37656191285934554,0.03702,0.0393,3.35197,0.12713633488470485,0.0,0.0,0.12713342394753543,-0.12713342394753543,-0.13680328942,-0.2713528077,63.208193609,0,0,-3.2335709508e-09,-1.0055283564e-05,1.1384528058e-05
step35_Leta1e-2_xB05_eta1_R1_dep2_N96,nan,1000,0.0,0.0,0.0,0.0,0.03702,0.0393,2.44226,nan,nan,nan,nan,nan,-0.13680328942,-0.2713528077,63.208193609,0,0,-3.2335709508e-09,-1.0055283564e-05,1.1384528058e-05
step35_Leta1e-2_xB05_eta1_R1_dep2_N96,nan,1000,0.20161,-0.15559611999999998,0.22366487348267908,0.37656191285934554,0.03702,0.0393,2.44226,0.12713633488470485,0.0,0.0,0.12713342394753543,-0.12713342394753543,-0.13680328942,-0.2713528077,63.208193609,0,0,-3.2335709508e-09,-1.0055283564e-05,1.1384528058e-05
step35_Leta1e-2_xB05_eta1_R1_dep2_N96,nan,1250,0.0,0.0,0.0,0.0,0.03702,0.03913,2.44226,nan,nan,nan,nan,nan,-0.1570716887,-0.27725190937,58.648420579,0,0,-1.0624229277e-10,-9.8715873663e-06,1.1609856931e-05
step35_Leta1e-2_xB05_eta1_R1_dep2_N96,nan,1250,1.0,40.566916269999986,36.66775533954778,2.0609394787552273,0.03702,0.03913,1.0,-0.00028331386430678504,0.0,0.0,-0.0002857301868239922,0.0002857301868239922,-0.1570716887,-0.27725190937,58.648420579,0,0,-1.0624229277e-10,-9.8715873663e-06,1.1609856931e-05
step35_Leta1e-2_xB05_eta1_R1_dep2_N96,nan,1250,0.20868,0.13508838000000004,0.23683058177050562,0.3838100927426849,0.03702,0.03913,2.7526800000000002,0.1279448296473401,0.0,0.0,0.12794151823072325,-0.12794151823072325,-0.1570716887,-0.27725190937,58.648420579,0,0,-1.0624229277e-10,-9.8715873663e-06,1.1609856931e-05
step35_Leta1e-2_xB05_eta1_R1_dep2_N96,nan,1250,0.20867,0.13495433,0.2368131064965448,0.38380065230718263,0.03702,0.03913,1.0000000000065512e-05,0.1279448296473401,0.0,0.0,0.12794151823072325,-0.12794151823072325,-0.1570716887,-0.27725190937,58.648420579,0,0,-1.0624229277e-10,-9.8715873663e-06,1.1609856931e-05
step35_Leta1e-2_xB05_eta1_R1_dep2_N96,nan,1250,-0.0,0.0,0.0,0.0,0.03702,0.03913,1.84014,nan,nan,nan,nan,nan,-0.1570716887,-0.27725190937,58.648420579,0,0,-1.0624229277e-10,-9.8715873663e-06,1.1609856931e-05
step35_Leta1e-2_xB05_eta1_R1_dep2_N96,nan,1250,0.20867,0.13495433,0.2368131064965448,0.38380065230718263,0.03702,0.03913,1.84014,0.1279448296473401,0.0,0.0,0.12794151823072325,-0.12794151823072325,-0.1570716887,-0.27725190937,58.648420579,0,0,-1.0624229277e-10,-9.8715873663e-06,1.1609856931e-05
step35_Leta1e-2_xB05_eta1_R1_dep2_N96,nan,1250,-0.0,0.0,0.0,0.0,0.03702,0.03913,1.84014,nan,nan,nan,nan,nan,-0.1570716887,-0.27725190937,58.648420579,0,0,-1.0624229277e-10,-9.8715873663e-06,1.1609856931e-05
step35_Leta1e-2_xB05_eta1_R1_dep2_N96,nan,1500,0.20929,0.23300900000000022,0.23705053381413746,0.38392887483107463,0.03702,0.03901,1.47148,0.12819071915064098,0.0,0.0,0.1281877684294872,-0.1281877684294872,-0.16082102734,-0.27864384264,55.504006547,0,0,-3.2257601546e-11,-9.8561682432e-06,1.1647756355e-05
step35_Leta1e-2_xB05_eta1_R1_dep2_N96,nan,1500,0.20929,0.23288503000000005,0.237034670774863,0.38392031067307614,0.03702,0.03901,1.0000000000010001e-05,0.12819071915064098,0.0,0.0,0.1281877684294872,-0.1281877684294872,-0.16082102734,-0.27864384264,55.504006547,0,0,-3.2257601546e-11,-9.8561682432e-06,1.1647756355e-05
step35_Leta1e-2_xB05_eta1_R1_dep2_N96,nan,1500,0.0,0.0,0.0,0.0,0.03702,0.03901,1.47148,nan,nan,nan,nan,nan,-0.16082102734,-0.27864384264,55.504006547,0,0,-3.2257601546e-11,-9.8561682432e-06,1.1647756355e-05
step35_Leta1e-2_xB05_eta1_R1_dep2_N96,nan,1500,-0.0,0.0,0.0,0.0,0.03702,0.03901,0.0,nan,nan,nan,nan,nan,-0.16082102734,-0.27864384264,55.504006547,0,0,-3.2257601546e-11,-9.8561682432e-06,1.1647756355e-05
step35_Leta1e-2_xB05_eta1_R1_dep2_N96,nan,1500,1.0,40.57063167000002,36.66780170783613,2.060940347476668,0.03702,0.03901,1.0,0.0002062779906006876,0.0,0.0,0.00020400438371312335,-0.00020400438371312335,-0.16082102734,-0.27864384264,55.504006547,0,0,-3.2257601546e-11,-9.8561682432e-06,1.1647756355e-05
step35_Leta1e-2_xB05_eta1_R1_dep2_N96,nan,1500,0.20929,0.23288503000000005,0.237034670774863,0.38392031067307614,0.03702,0.03901,2.3861299999999996,0.12819071915064098,0.0,0.0,0.1281877684294872,-0.1281877684294872,-0.16082102734,-0.27864384264,55.504006547,0,0,-3.2257601546e-11,-9.8561682432e-06,1.1647756355e-05
step35_Leta1e-2_xB05_eta1_R1_dep2_N96,nan,1500,-0.0,0.0,0.0,0.0,0.03702,0.03901,1.47148,nan,nan,nan,nan,nan,-0.16082102734,-0.27864384264,55.504006547,0,0,-3.2257601546e-11,-9.8561682432e-06,1.1647756355e-05
step35_Leta1e-2_xB05_eta1_R1_dep2_N96,nan,1750,0.20935,0.29099595000000006,0.23650802831840886,0.38363576909021946,0.03702,0.03892,1.2216,0.12828949617860017,0.0,0.0,0.12828673773129526,-0.12828673773129526,-0.16321940722,-0.27971588555,53.171822535,0,0,-9.7081735022e-12,-9.8484269583e-06,1.1623424965e-05
step35_Leta1e-2_xB05_eta1_R1_dep2_N96,nan,1750,1.0,40.57441344,36.66783174209856,2.060940910175671,0.03702,0.03892,2.13765,0.00035451098596018095,0.0,0.0,0.0003523044737050844,-0.0003523044737050844,-0.16321940722,-0.27971588555,53.171822535,0,0,-9.7081735022e-12,-9.8484269583e-06,1.1623424965e-05
step35_Leta1e-2_xB05_eta1_R1_dep2_N96,nan,1750,0.20935,0.29099595000000006,0.23650802831840886,0.38363576909021946,0.03702,0.03892,2.13765,0.12828949617860017,0.0,0.0,0.12828673773129526,-0.12828673773129526,-0.16321940722,-0.27971588555,53.171822535,0,0,-9.7081735022e-12,-9.8484269583e-06,1.1623424965e-05
step35_Leta1e-2_xB05_eta1_R1_dep2_N96,nan,1750,-0.0,0.0,0.0,0.0,0.03702,0.03892,1.2216,nan,nan,nan,nan,nan,-0.16321940722,-0.27971588555,53.171822535,0,0,-9.7081735022e-12,-9.8484269583e-06,1.1623424965e-05
step35_Leta1e-2_xB05_eta1_R1_dep2_N96,nan,1750,0.0,0.0,0.0,0.0,0.03702,0.03892,0.0,nan,nan,nan,nan,nan,-0.16321940722,-0.27971588555,53.171822535,0,0,-9.7081735022e-12,-9.8484269583e-06,1.1623424965e-05
step35_Leta1e-2_xB05_eta1_R1_dep2_N96,nan,1750,-0.0,0.0,0.0,0.0,0.03702,0.03892,0.0,nan,nan,nan,nan,nan,-0.16321940722,-0.27971588555,53.171822535,0,0,-9.7081735022e-12,-9.8484269583e-06,1.1623424965e-05
step35_Leta1e-2_xB05_eta1_R1_dep2_N96,nan,1750,0.20935,0.29111692000000033,0.23652310129523785,0.38364391879273463,0.03702,0.03892,1.2216,0.12828949617860017,0.0,0.0,0.12828673773129526,-0.12828673773129526,-0.16321940722,-0.27971588555,53.171822535,0,0,-9.7081735022e-12,-9.8484269583e-06,1.1623424965e-05
step35_Leta1e-2_xB05_eta1_R1_dep2_N96,nan,2000,1.0,40.578307420000016,36.66785188662924,2.06094128758804,0.03702,0.03886,2.13769,0.0005905221828038431,0.0,0.0,0.0005882433132698208,-0.0005882433132698208,-0.16509039992,-0.28077133663,51.452138769,0,0,-9.2016609993e-12,-9.6843088577e-06,1.1652174214e-05
step35_Leta1e-2_xB05_eta1_R1_dep2_N96,nan,2000,-0.0,0.0,0.0,0.0,0.03702,0.03886,1.0,nan,nan,nan,nan,nan,-0.16509039992,-0.28077133663,51.452138769,0,0,-9.2016609993e-12,-9.6843088577e-06,1.1652174214e-05
step35_Leta1e-2_xB05_eta1_R1_dep2_N96,nan,2000,-0.0,0.0,0.0,0.0,0.03702,0.03886,0.0,nan,nan,nan,nan,nan,-0.16509039992,-0.28077133663,51.452138769,0,0,-9.2016609993e-12,-9.6843088577e-06,1.1652174214e-05
step35_Leta1e-2_xB05_eta1_R1_dep2_N96,nan,2000,0.20948,0.33198329000000004,0.23577198245946054,0.3832373795764017,0.03702,0.03886,1.06235,0.12803135456178877,0.0,0.0,0.12802875324416052,-0.12802875324416052,-0.16509039992,-0.28077133663,51.452138769,0,0,-9.2016609993e-12,-9.6843088577e-06,1.1652174214e-05
step35_Leta1e-2_xB05_eta1_R1_dep2_N96,nan,2000,0.20948,0.3321071900000001,0.2357861424860287,0.38324505159745853,0.03702,0.03886,1.0000000000010001e-05,0.12803135456178877,0.0,0.0,0.12802875324416052,-0.12802875324416052,-0.16509039992,-0.28077133663,51.452138769,0,0,-9.2016609993e-12,-9.6843088577e-06,1.1652174214e-05
step35_Leta1e-2_xB05_eta1_R1_dep2_N96,nan,2000,0.20948,0.33198329000000004,0.23577198245946054,0.3832373795764017,0.03702,0.03886,1.0000000000010001e-05,0.12803135456178877,0.0,0.0,0.12802875324416052,-0.12802875324416052,-0.16509039992,-0.28077133663,51.452138769,0,0,-9.2016609993e-12,-9.6843088577e-06,1.1652174214e-05
step35_Leta1e-2_xB05_eta1_R1_dep2_N96,nan,2000,0.0,0.0,0.0,0.0,0.03702,0.03886,1.06235,nan,nan,nan,nan,nan,-0.16509039992,-0.28077133663,51.452138769,0,0,-9.2016609993e-12,-9.6843088577e-06,1.1652174214e-05
step35_Leta1e-2_xB05_eta1_R1_dep2_N96,nan,2250,-0.0,0.0,0.0,0.0,0.03702,0.03881,0.0,nan,nan,nan,nan,nan,-0.16664149351,-0.28171962203,50.065414789,0,0,-2.4246242133e-11,-9.6595112656e-06,1.1565536114e-05
step35_Leta1e-2_xB05_eta1_R1_dep2_N96,nan,2250,0.20961,0.3607108600000001,0.23511094141699715,0.3828788795752063,0.03702,0.03881,0.93282,0.12810493786329927,0.0,0.0,0.12810149027861292,-0.12810149027861292,-0.16664149351,-0.28171962203,50.065414789,0,0,-2.4246242133e-11,-9.6595112656e-06,1.1565536114e-05
step35_Leta1e-2_xB05_eta1_R1_dep2_N96,nan,2250,1.0,40.58229428000002,36.66787508381787,2.0609417221924806,0.03702,0.03881,1.88663,0.0007690645652260983,0.0,0.0,0.0007666583890735774,-0.0007666583890735774,-0.16664149351,-0.28171962203,50.065414789,0,0,-2.4246242133e-11,-9.6595112656e-06,1.1565536114e-05
step35_Leta1e-2_xB05_eta1_R1_dep2_N96,nan,2250,0.20961,0.3608415500000001,0.23512833315101336,0.3828883201729204,0.03702,0.03881,1.88663,0.12810493786329927,0.0,0.0,0.12810149027861292,-0.12810149027861292,-0.16664149351,-0.28171962203,50.065414789,0,0,-2.4246242133e-11,-9.6595112656e-06,1.1565536114e-05
step35_Leta1e-2_xB05_eta1_R1_dep2_N96,nan,2250,-0.0,0.0,0.0,0.0,0.03702,0.03881,0.93282,nan,nan,nan,nan,nan,-0.16664149351,-0.28171962203,50.065414789,0,0,-2.4246242133e-11,-9.6595112656e-06,1.1565536114e-05
step35_Leta1e-2_xB05_eta1_R1_dep2_N96,nan,2250,0.20961,0.3607108600000001,0.23511094141699715,0.3828788795752063,0.03702,0.03881,0.93282,0.12810493786329927,0.0,0.0,0.12810149027861292,-0.12810149027861292,-0.16664149351,-0.28171962203,50.065414789,0,0,-2.4246242133e-11,-9.6595112656e-06,1.1565536114e-05
step35_Leta1e-2_xB05_eta1_R1_dep2_N96,nan,2250,0.0,0.0,0.0,0.0,0.03702,0.03881,0.93282,nan,nan,nan,nan,nan,-0.16664149351,-0.28171962203,50.065414789,0,0,-2.4246242133e-11,-9.6595112656e-06,1.1565536114e-05
step35_Leta1e-2_xB05_eta1_R1_dep2_N96,nan,2500,0.21005,0.37986187000000005,0.23444250732626778,0.3825156861842803,0.03702,0.03876,0.87172,0.12823597034496673,0.0,0.0,0.1282333326608836,-0.1282333326608836,-0.1679808764,-0.2825932448,48.865409594,0,0,4.8308176221e-12,-9.636539858e-06,1.1339875868e-05
step35_Leta1e-2_xB05_eta1_R1_dep2_N96,nan,2500,0.21005,0.37986187000000005,0.23444250732626778,0.3825156861842803,0.03702,0.03876,0.0,0.12823597034496673,0.0,0.0,0.1282333326608836,-0.1282333326608836,-0.1679808764,-0.2825932448,48.865409594,0,0,4.8308176221e-12,-9.636539858e-06,1.1339875868e-05
step35_Leta1e-2_xB05_eta1_R1_dep2_N96,nan,2500,1.0,40.58647172000004,36.667901833002105,2.0609422233441133,0.03702,0.03876,1.82862,0.000872595685595847,0.0,0.0,0.0008705950416549274,-0.0008705950416549274,-0.1679808764,-0.2825932448,48.865409594,0,0,4.8308176221e-12,-9.636539858e-06,1.1339875868e-05
step35_Leta1e-2_xB05_eta1_R1_dep2_N96,nan,2500,-0.0,0.0,0.0,0.0,0.03702,0.03876,1.0,nan,nan,nan,nan,nan,-0.1679808764,-0.2825932448,48.865409594,0,0,4.8308176221e-12,-9.636539858e-06,1.1339875868e-05
step35_Leta1e-2_xB05_eta1_R1_dep2_N96,nan,2500,0.0,0.0,0.0,0.0,0.03702,0.03876,0.0,nan,nan,nan,nan,nan,-0.1679808764,-0.2825932448,48.865409594,0,0,4.8308176221e-12,-9.636539858e-06,1.1339875868e-05
step35_Leta1e-2_xB05_eta1_R1_dep2_N96,nan,2500,0.21005,0.37997008000000027,0.23445616450486945,0.3825231137104941,0.03702,0.03876,0.87172,0.12823597034496673,0.0,0.0,0.1282333326608836,-0.1282333326608836,-0.1679808764,-0.2825932448,48.865409594,0,0,4.8308176221e-12,-9.636539858e-06,1.1339875868e-05
step35_Leta1e-2_xB05_eta1_R1_dep2_N96,nan,2500,-0.0,0.0,0.0,0.0,0.03702,0.03876,0.87172,nan,nan,nan,nan,nan,-0.1679808764,-0.2825932448,48.865409594,0,0,4.8308176221e-12,-9.636539858e-06,1.1339875868e-05
step35_Leta1e-2_xB05_eta1_R1_dep2_N96,nan,2750,-0.0,0.0,0.0,0.0,0.03702,0.03872,0.0,nan,nan,nan,nan,nan,-0.16920744656,-0.28352468574,47.777287743,0,0,-6.76488523e-12,-9.6335993244e-06,1.1181712092e-05
step35_Leta1e-2_xB05_eta1_R1_dep2_N96,nan,2750,0.0,0.0,0.0,0.0,0.03702,0.03872,0.0,nan,nan,nan,nan,nan,-0.16920744656,-0.28352468574,47.777287743,0,0,-6.76488523e-12,-9.6335993244e-06,1.1181712092e-05
step35_Leta1e-2_xB05_eta1_R1_dep2_N96,nan,2750,1.0,40.59110929000001,36.66792312878252,2.0609426223248963,0.03702,0.03872,1.0,0.0008710296197518893,0.0,0.0,0.0008688378389299712,-0.0008688378389299712,-0.16920744656,-0.28352468574,47.777287743,0,0,-6.76488523e-12,-9.6335993244e-06,1.1181712092e-05
step35_Leta1e-2_xB05_eta1_R1_dep2_N96,nan,2750,0.21063,0.3964446400000002,0.23382418442613367,0.3821791055178047,0.03702,0.03872,1.78285,0.1284205897905227,0.0,0.0,0.12841754423428922,-0.12841754423428922,-0.16920744656,-0.28352468574,47.777287743,0,0,-6.76488523e-12,-9.6335993244e-06,1.1181712092e-05
step35_Leta1e-2_xB05_eta1_R1_dep2_N96,nan,2750,-0.0,0.0,0.0,0.0,0.03702,0.03872,0.82596,nan,nan,nan,nan,nan,-0.16920744656,-0.28352468574,47.777287743,0,0,-6.76488523e-12,-9.6335993244e-06,1.1181712092e-05
step35_Leta1e-2_xB05_eta1_R1_dep2_N96,nan,2750,0.21063,0.3964446400000002,0.23382418442613367,0.3821791055178047,0.03702,0.03872,0.82596,0.1284205897905227,0.0,0.0,0.12841754423428922,-0.12841754423428922,-0.16920744656,-0.28352468574,47.777287743,0,0,-6.76488523e-12,-9.6335993244e-06,1.1181712092e-05
step35_Leta1e-2_xB05_eta1_R1_dep2_N96,nan,2750,0.21064,0.3965626400000001,0.23383995691207884,0.3821876985539978,0.03702,0.03872,1.0000000000010001e-05,0.1284205897905227,0.0,0.0,0.12841754423428922,-0.12841754423428922,-0.16920744656,-0.28352468574,47.777287743,0,0,-6.76488523e-12,-9.6335993244e-06,1.1181712092e-05
step35_Leta1e-2_xB05_eta1_R1_dep2_N96,nan,3000,0.211,0.40913835000000004,0.2329094780506055,0.38168010024146715,0.03702,0.03869,0.08426999999999996,0.12849877482088023,0.0,0.0,0.1284954616171955,-0.1284954616171955,-0.17027042348,-0.28440339197,46.770746888,0,0,-2.3207249644e-12,-9.6296927432e-06,1.0991225175e-05
step35_Leta1e-2_xB05_eta1_R1_dep2_N96,nan,3000,1.0,40.59590017000001,36.667948000073416,2.0609430882934006,0.03702,0.03869,1.74393,0.0009123851052610235,0.0,0.0,0.0009102287754025881,-0.0009102287754025881,-0.17027042348,-0.28440339197,46.770746888,0,0,-2.3207249644e-12,-9.6296927432e-06,1.0991225175e-05
step35_Leta1e-2_xB05_eta1_R1_dep2_N96,nan,3000,0.211,0.4092542000000004,0.2329253533232983,0.3816887719051832,0.03702,0.03869,1.74393,0.12849877482088023,0.0,0.0,0.1284954616171955,-0.1284954616171955,-0.17027042348,-0.28440339197,46.770746888,0,0,-2.3207249644e-12,-9.6296927432e-06,1.0991225175e-05
step35_Leta1e-2_xB05_eta1_R1_dep2_N96,nan,3000,-0.0,0.0,0.0,0.0,0.03702,0.03869,0.78716,nan,nan,nan,nan,nan,-0.17027042348,-0.28440339197,46.770746888,0,0,-2.3207249644e-12,-9.6296927432e-06,1.0991225175e-05
step35_Leta1e-2_xB05_eta1_R1_dep2_N96,nan,3000,-0.0,0.0,0.0,0.0,0.03702,0.03869,0.0,nan,nan,nan,nan,nan,-0.17027042348,-0.28440339197,46.770746888,0,0,-2.3207249644e-12,-9.6296927432e-06,1.0991225175e-05
step35_Leta1e-2_xB05_eta1_R1_dep2_N96,nan,3000,0.0,0.0,0.0,0.0,0.03702,0.03869,0.0,nan,nan,nan,nan,nan,-0.17027042348,-0.28440339197,46.770746888,0,0,-2.3207249644e-12,-9.6296927432e-06,1.0991225175e-05
step35_Leta1e-2_xB05_eta1_R1_dep2_N96,nan,3000,0.211,0.40913835000000004,0.2329094780506055,0.38168010024146715,0.03702,0.03869,0.78716,0.12849877482088023,0.0,0.0,0.1284954616171955,-0.1284954616171955,-0.17027042348,-0.28440339197,46.770746888,0,0,-2.3207249644e-12,-9.6296927432e-06,1.0991225175e-05
step35_Leta1e-2_xB05_eta1_R1_dep2_N96,nan,3250,1.0,40.600894350000004,36.66797400368969,2.0609435754760175,0.03702,0.03865,1.74371,0.0009303761647068393,0.0,0.0,0.0009281763437360131,-0.0009281763437360131,-0.17126078987,-0.28526378158,45.829135306,0,0,-8.6256343935e-13,-9.629797571e-06,1.0823395367e-05
step35_Leta1e-2_xB05_eta1_R1_dep2_N96,nan,3250,0.0,0.0,0.0,0.0,0.03702,0.03865,1.0,nan,nan,nan,nan,nan,-0.17126078987,-0.28526378158,45.829135306,0,0,-8.6256343935e-13,-9.629797571e-06,1.0823395367e-05
step35_Leta1e-2_xB05_eta1_R1_dep2_N96,nan,3250,0.21129,0.4188789500000002,0.23224012295117136,0.3813141144878373,0.03702,0.03865,0.75407,0.1285526690647482,0.0,0.0,0.12854987975334017,-0.12854987975334017,-0.17126078987,-0.28526378158,45.829135306,0,0,-8.6256343935e-13,-9.629797571e-06,1.0823395367e-05
step35_Leta1e-2_xB05_eta1_R1_dep2_N96,nan,3250,0.21129,0.4188789500000002,0.23224012295117136,0.3813141144878373,0.03702,0.03865,0.0,0.1285526690647482,0.0,0.0,0.12854987975334017,-0.12854987975334017,-0.17126078987,-0.28526378158,45.829135306,0,0,-8.6256343935e-13,-9.629797571e-06,1.0823395367e-05
step35_Leta1e-2_xB05_eta1_R1_dep2_N96,nan,3250,-0.0,0.0,0.0,0.0,0.03702,0.03865,0.75407,nan,nan,nan,nan,nan,-0.17126078987,-0.28526378158,45.829135306,0,0,-8.6256343935e-13,-9.629797571e-06,1.0823395367e-05
step35_Leta1e-2_xB05_eta1_R1_dep2_N96,nan,3250,-0.0,0.0,0.0,0.0,0.03702,0.03865,0.0,nan,nan,nan,nan,nan,-0.17126078987,-0.28526378158,45.829135306,0,0,-8.6256343935e-13,-9.629797571e-06,1.0823395367e-05
step35_Leta1e-2_xB05_eta1_R1_dep2_N96,nan,3250,0.2113,0.4189964299999999,0.23225482877968037,0.381322162797993,0.03702,0.03865,0.75407,0.1285526690647482,0.0,0.0,0.12854987975334017,-0.12854987975334017,-0.17126078987,-0.28526378158,45.829135306,0,0,-8.6256343935e-13,-9.629797571e-06,1.0823395367e-05
step35_Leta1e-2_xB05_eta1_R1_dep2_N96,nan,3500,-0.0,0.0,0.0,0.0,0.03702,0.03862,0.75407,nan,nan,nan,nan,nan,-0.17216358661,-0.28605243957,44.93635629,0,0,2.872359732e-15,-9.6171708288e-06,1.0606060493e-05
step35_Leta1e-2_xB05_eta1_R1_dep2_N96,nan,3500,0.0,0.0,0.0,0.0,0.03702,0.03862,0.0,nan,nan,nan,nan,nan,-0.17216358661,-0.28605243957,44.93635629,0,0,2.872359732e-15,-9.6171708288e-06,1.0606060493e-05
step35_Leta1e-2_xB05_eta1_R1_dep2_N96,nan,3500,-0.0,0.0,0.0,0.0,0.03702,0.03862,0.0,nan,nan,nan,nan,nan,-0.17216358661,-0.28605243957,44.93635629,0,0,2.872359732e-15,-9.6171708288e-06,1.0606060493e-05
step35_Leta1e-2_xB05_eta1_R1_dep2_N96,nan,3500,0.21145,0.4256204000000002,0.23114738199047571,0.3807151183854725,0.03702,0.03862,0.72951,0.12864266321243525,0.0,0.0,0.12863986735751295,-0.12863986735751295,-0.17216358661,-0.28605243957,44.93635629,0,0,2.872359732e-15,-9.6171708288e-06,1.0606060493e-05
step35_Leta1e-2_xB05_eta1_R1_dep2_N96,nan,3500,1.0,40.605933629999996,36.66800357984703,2.0609441295905793,0.03702,0.03862,1.6856,0.0009404355279807339,0.0,0.0,0.0009382638066859875,-0.0009382638066859875,-0.17216358661,-0.28605243957,44.93635629,0,0,2.872359732e-15,-9.6171708288e-06,1.0606060493e-05
step35_Leta1e-2_xB05_eta1_R1_dep2_N96,nan,3500,0.21145,0.42550391,0.2311330871140677,0.38070727001947896,0.03702,0.03862,1.6856,0.12864266321243525,0.0,0.0,0.12863986735751295,-0.12863986735751295,-0.17216358661,-0.28605243957,44.93635629,0,0,2.872359732e-15,-9.6171708288e-06,1.0606060493e-05
step35_Leta1e-2_xB05_eta1_R1_dep2_N96,nan,3500,0.21145,0.42550391,0.2311330871140677,0.38070727001947896,0.03702,0.03862,0.0,0.12864266321243525,0.0,0.0,0.12863986735751295,-0.12863986735751295,-0.17216358661,-0.28605243957,44.93635629,0,0,2.872359732e-15,-9.6171708288e-06,1.0606060493e-05
step35_Leta1e-2_xB05_eta1_R1_dep2_N96,nan,3750,1.0,40.61113444000001,36.66803131080806,2.06094464913479,0.03702,0.03859,1.6850800000000001,0.0009432330335241208,0.0,0.0,0.0009411555600981187,-0.0009411555600981187,-0.17298518628,-0.28696519937,44.086977285,0,0,-2.8588030677e-13,-9.5969120161e-06,1.0398591823e-05
step35_Leta1e-2_xB05_eta1_R1_dep2_N96,nan,3750,-0.0,0.0,0.0,0.0,0.03702,0.03859,1.0,nan,nan,nan,nan,nan,-0.17298518628,-0.28696519937,44.086977285,0,0,-2.8588030677e-13,-9.5969120161e-06,1.0398591823e-05
step35_Leta1e-2_xB05_eta1_R1_dep2_N96,nan,3750,0.21152,0.43111967000000007,0.23027154158082516,0.380233653956273,0.03702,0.03859,0.70688,0.1287285364072606,0.0,0.0,0.12872579490924266,-0.12872579490924266,-0.17298518628,-0.28696519937,44.086977285,0,0,-2.8588030677e-13,-9.5969120161e-06,1.0398591823e-05
step35_Leta1e-2_xB05_eta1_R1_dep2_N96,nan,3750,0.0,0.0,0.0,0.0,0.03702,0.03859,0.70688,nan,nan,nan,nan,nan,-0.17298518628,-0.28696519937,44.086977285,0,0,-2.8588030677e-13,-9.5969120161e-06,1.0398591823e-05
step35_Leta1e-2_xB05_eta1_R1_dep2_N96,nan,3750,-0.0,0.0,0.0,0.0,0.03702,0.03859,0.0,nan,nan,nan,nan,nan,-0.17298518628,-0.28696519937,44.086977285,0,0,-2.8588030677e-13,-9.5969120161e-06,1.0398591823e-05
step35_Leta1e-2_xB05_eta1_R1_dep2_N96,nan,3750,0.21152,0.43111967000000007,0.23027154158082516,0.380233653956273,0.03702,0.03859,0.70688,0.1287285364072606,0.0,0.0,0.12872579490924266,-0.12872579490924266,-0.17298518628,-0.28696519937,44.086977285,0,0,-2.8588030677e-13,-9.5969120161e-06,1.0398591823e-05
step35_Leta1e-2_xB05_eta1_R1_dep2_N96,nan,3750,0.21152,0.4312315300000002,0.23028564142497113,0.3802414145415969,0.03702,0.03859,1.0000000000010001e-05,0.1287285364072606,0.0,0.0,0.12872579490924266,-0.12872579490924266,-0.17298518628,-0.28696519937,44.086977285,0,0,-2.8588030677e-13,-9.5969120161e-06,1.0398591823e-05
step35_Leta1e-2_xB05_eta1_R1_dep2_N96,nan,4000,0.21162,0.43646848,0.22938453366519812,0.37974480465598187,0.03702,0.03856,0.04820000000000002,0.12873532991202344,0.0,0.0,0.12873217218265606,-0.12873217218265606,-0.17373917264,-0.28779395352,43.274437507,0,0,-1.4401955112e-12,-9.583292529e-06,1.0197065311e-05
step35_Leta1e-2_xB05_eta1_R1_dep2_N96,nan,4000,-0.0,0.0,0.0,0.0,0.03702,0.03856,0.68639,nan,nan,nan,nan,nan,-0.17373917264,-0.28779395352,43.274437507,0,0,-1.4401955112e-12,-9.583292529e-06,1.0197065311e-05
step35_Leta1e-2_xB05_eta1_R1_dep2_N96,nan,4000,0.21162,0.4365881500000002,0.22940080103589888,0.37975378129066945,0.03702,0.03856,0.68639,0.12873532991202344,0.0,0.0,0.12873217218265606,-0.12873217218265606,-0.17373917264,-0.28779395352,43.274437507,0,0,-1.4401955112e-12,-9.583292529e-06,1.0197065311e-05
step35_Leta1e-2_xB05_eta1_R1_dep2_N96,nan,4000,1.0,40.61649475000004,36.668051239993076,2.0609450225112553,0.03702,0.03856,1.64137,0.0010792834042901583,0.0,0.0,0.0010770267725560834,-0.0010770267725560834,-0.17373917264,-0.28779395352,43.274437507,0,0,-1.4401955112e-12,-9.583292529e-06,1.0197065311e-05
step35_Leta1e-2_xB05_eta1_R1_dep2_N96,nan,4000,0.0,0.0,0.0,0.0,0.03702,0.03856,1.0,nan,nan,nan,nan,nan,-0.17373917264,-0.28779395352,43.274437507,0,0,-1.4401955112e-12,-9.583292529e-06,1.0197065311e-05
step35_Leta1e-2_xB05_eta1_R1_dep2_N96,nan,4000,-0.0,0.0,0.0,0.0,0.03702,0.03856,0.0,nan,nan,nan,nan,nan,-0.17373917264,-0.28779395352,43.274437507,0,0,-1.4401955112e-12,-9.583292529e-06,1.0197065311e-05
step35_Leta1e-2_xB05_eta1_R1_dep2_N96,nan,4000,0.21162,0.43646848,0.22938453366519812,0.37974480465598187,0.03702,0.03856,0.68639,0.12873532991202344,0.0,0.0,0.12873217218265606,-0.12873217218265606,-0.17373917264,-0.28779395352,43.274437507,0,0,-1.4401955112e-12,-9.583292529e-06,1.0197065311e-05
step35_Leta1e-2_xB05_eta1_R1_dep2_N96,nan,4250,0.21192,0.4363472600000002,0.2281300541159134,0.3790512775618949,0.03702,0.03853,0.04111999999999999,0.128822878435518,0.0,0.0,0.12882007082452432,-0.12882007082452432,-0.1744290719,-0.28880886623,42.49547002,0,0,4.7409200076e-13,-9.6479873962e-06,1.0083312371e-05
step35_Leta1e-2_xB05_eta1_R1_dep2_N96,nan,4250,1.0,40.62183636000001,36.668071630855415,2.0609454045371796,0.03702,0.03853,1.6188600000000002,0.0009527320900427208,0.0,0.0,0.0009505812520538937,-0.0009505812520538937,-0.1744290719,-0.28880886623,42.49547002,0,0,4.7409200076e-13,-9.6479873962e-06,1.0083312371e-05
step35_Leta1e-2_xB05_eta1_R1_dep2_N96,nan,4250,0.21192,0.4362341800000001,0.22811593367332628,0.3790434567565537,0.03702,0.03853,1.6188600000000002,0.128822878435518,0.0,0.0,0.12882007082452432,-0.12882007082452432,-0.1744290719,-0.28880886623,42.49547002,0,0,4.7409200076e-13,-9.6479873962e-06,1.0083312371e-05
step35_Leta1e-2_xB05_eta1_R1_dep2_N96,nan,4250,-0.0,0.0,0.0,0.0,0.03702,0.03853,0.66444,nan,nan,nan,nan,nan,-0.1744290719,-0.28880886623,42.49547002,0,0,4.7409200076e-13,-9.6479873962e-06,1.0083312371e-05
step35_Leta1e-2_xB05_eta1_R1_dep2_N96,nan,4250,-0.0,0.0,0.0,0.0,0.03702,0.03853,0.0,nan,nan,nan,nan,nan,-0.1744290719,-0.28880886623,42.49547002,0,0,4.7409200076e-13,-9.6479873962e-06,1.0083312371e-05
step35_Leta1e-2_xB05_eta1_R1_dep2_N96,nan,4250,0.21192,0.4362341800000001,0.22811593367332628,0.3790434567565537,0.03702,0.03853,0.66444,0.128822878435518,0.0,0.0,0.12882007082452432,-0.12882007082452432,-0.1744290719,-0.28880886623,42.49547002,0,0,4.7409200076e-13,-9.6479873962e-06,1.0083312371e-05
step35_Leta1e-2_xB05_eta1_R1_dep2_N96,nan,4250,0.0,0.0,0.0,0.0,0.03702,0.03853,0.66444,nan,nan,nan,nan,nan,-0.1744290719,-0.28880886623,42.49547002,0,0,4.7409200076e-13,-9.6479873962e-06,1.0083312371e-05
step35_Leta1e-2_xB05_eta1_R1_dep2_N96,nan,4500,-0.0,0.0,0.0,0.0,0.03702,0.0385,0.0,nan,nan,nan,nan,nan,-0.17512684725,-0.28981723741,41.746216422,0,0,-1.0630640742e-12,-9.6094801785e-06,9.9454765987e-06
step35_Leta1e-2_xB05_eta1_R1_dep2_N96,nan,4500,1.0,40.62736237000003,36.668098299237165,2.0609459041731757,0.03702,0.0385,1.0,0.0008245897743242123,0.0,0.0,0.000822496280069438,-0.000822496280069438,-0.17512684725,-0.28981723741,41.746216422,0,0,-1.0630640742e-12,-9.6094801785e-06,9.9454765987e-06
step35_Leta1e-2_xB05_eta1_R1_dep2_N96,nan,4500,0.0,0.0,0.0,0.0,0.03702,0.0385,1.0,nan,nan,nan,nan,nan,-0.17512684725,-0.28981723741,41.746216422,0,0,-1.0630640742e-12,-9.6094801785e-06,9.9454765987e-06
step35_Leta1e-2_xB05_eta1_R1_dep2_N96,nan,4500,0.21202,0.44112113000000003,0.2273326095634963,0.3786090951879474,0.03702,0.0385,0.64394,0.1287925720338983,0.0,0.0,0.12878965148305085,-0.12878965148305085,-0.17512684725,-0.28981723741,41.746216422,0,0,-1.0630640742e-12,-9.6094801785e-06,9.9454765987e-06
step35_Leta1e-2_xB05_eta1_R1_dep2_N96,nan,4500,0.21201,0.4410085100000001,0.22731818728340505,0.37860108853211644,0.03702,0.0385,1.0000000000010001e-05,0.1287925720338983,0.0,0.0,0.12878965148305085,-0.12878965148305085,-0.17512684725,-0.28981723741,41.746216422,0,0,-1.0630640742e-12,-9.6094801785e-06,9.9454765987e-06
step35_Leta1e-2_xB05_eta1_R1_dep2_N96,nan,4500,0.21201,0.4410085100000001,0.22731818728340505,0.37860108853211644,0.03702,0.0385,0.0,0.1287925720338983,0.0,0.0,0.12878965148305085,-0.12878965148305085,-0.17512684725,-0.28981723741,41.746216422,0,0,-1.0630640742e-12,-9.6094801785e-06,9.9454765987e-06
step35_Leta1e-2_xB05_eta1_R1_dep2_N96,nan,4500,-0.0,0.0,0.0,0.0,0.03702,0.0385,0.64394,nan,nan,nan,nan,nan,-0.17512684725,-0.28981723741,41.746216422,0,0,-1.0630640742e-12,-9.6094801785e-06,9.9454765987e-06
step35_Leta1e-2_xB05_eta1_R1_dep2_N96,nan,4750,0.0,0.0,0.0,0.0,0.03702,0.03848,0.0,nan,nan,nan,nan,nan,-0.17576978383,-0.29217183581,41.024545239,0,0,-3.9197192971e-12,-9.6745565383e-06,9.8183243729e-06
step35_Leta1e-2_xB05_eta1_R1_dep2_N96,nan,4750,-0.0,0.0,0.0,0.0,0.03702,0.03848,0.0,nan,nan,nan,nan,nan,-0.17576978383,-0.29217183581,41.024545239,0,0,-3.9197192971e-12,-9.6745565383e-06,9.8183243729e-06
step35_Leta1e-2_xB05_eta1_R1_dep2_N96,nan,4750,0.21145,0.4417773600000003,0.22620826636966757,0.3779838875056567,0.03702,0.03848,0.62503,0.12871131897283533,0.0,0.0,0.12870850063667233,-0.12870850063667233,-0.17576978383,-0.29217183581,41.024545239,0,0,-3.9197192971e-12,-9.6745565383e-06,9.8183243729e-06
step35_Leta1e-2_xB05_eta1_R1_dep2_N96,nan,4750,0.21145,0.4417773600000003,0.22620826636966757,0.3779838875056567,0.03702,0.03848,0.0,0.12871131897283533,0.0,0.0,0.12870850063667233,-0.12870850063667233,-0.17576978383,-0.29217183581,41.024545239,0,0,-3.9197192971e-12,-9.6745565383e-06,9.8183243729e-06
step35_Leta1e-2_xB05_eta1_R1_dep2_N96,nan,4750,1.0,40.633153240000034,36.668116671264855,2.0609462483756356,0.03702,0.03848,1.57816,0.0006833210224914927,0.0,0.0,0.0006811627520956097,-0.0006811627520956097,-0.17576978383,-0.29217183581,41.024545239,0,0,-3.9197192971e-12,-9.6745565383e-06,9.8183243729e-06
step35_Leta1e-2_xB05_eta1_R1_dep2_N96,nan,4750,-0.0,0.0,0.0,0.0,0.03702,0.03848,1.0,nan,nan,nan,nan,nan,-0.17576978383,-0.29217183581,41.024545239,0,0,-3.9197192971e-12,-9.6745565383e-06,9.8183243729e-06
step35_Leta1e-2_xB05_eta1_R1_dep2_N96,nan,4750,0.21145,0.44189325000000024,0.22622261375550576,0.37799187861655015,0.03702,0.03848,0.62503,0.12868696670907548,0.0,0.0,0.12868414228159458,-0.12868414228159458,-0.17576978383,-0.29217183581,41.024545239,0,0,-3.9197192971e-12,-9.6745565383e-06,9.8183243729e-06
step35_Leta1e-2_xB05_eta1_R1_dep2_N96,nan,5000,-0.0,0.0,0.0,0.0,0.03702,0.03845,0.62503,nan,nan,nan,nan,nan,-0.17636951202,-0.29272632604,40.325865053,0,0,2.9907729417e-13,-9.6125354566e-06,9.7051122242e-06
step35_Leta1e-2_xB05_eta1_R1_dep2_N96,nan,5000,1.0,40.63942052000004,36.668145213647286,2.0609467831208588,0.03702,0.03845,1.0,0.00046859292920870585,0.0,0.0,0.0004665017093304434,-0.0004665017093304434,-0.17636951202,-0.29272632604,40.325865053,0,0,2.9907729417e-13,-9.6125354566e-06,9.7051122242e-06
step35_Leta1e-2_xB05_eta1_R1_dep2_N96,nan,5000,0.0,0.0,0.0,0.0,0.03702,0.03845,1.0,nan,nan,nan,nan,nan,-0.17636951202,-0.29272632604,40.325865053,0,0,2.9907729417e-13,-9.6125354566e-06,9.7051122242e-06
step35_Leta1e-2_xB05_eta1_R1_dep2_N96,nan,5000,0.21104,0.4412811300000001,0.22494257334722031,0.377277596441787,0.03702,0.03845,0.60841,0.12871571093082834,0.0,0.0,0.12871276579846283,-0.12871276579846283,-0.17636951202,-0.29272632604,40.325865053,0,0,2.9907729417e-13,-9.6125354566e-06,9.7051122242e-06
step35_Leta1e-2_xB05_eta1_R1_dep2_N96,nan,5000,0.21104,0.4412811300000001,0.22494257334722031,0.377277596441787,0.03702,0.03845,0.0,0.12871571093082834,0.0,0.0,0.12871276579846283,-0.12871276579846283,-0.17636951202,-0.29272632604,40.325865053,0,0,2.9907729417e-13,-9.6125354566e-06,9.7051122242e-06
step35_Leta1e-2_xB05_eta1_R1_dep2_N96,nan,5000,-0.0,0.0,0.0,0.0,0.03702,0.03845,0.60841,nan,nan,nan,nan,nan,-0.17636951202,-0.29272632604,40.325865053,0,0,2.9907729417e-13,-9.6125354566e-06,9.7051122242e-06
step35_Leta1e-2_xB05_eta1_R1_dep2_N96,nan,5000,0.21104,0.44139005000000026,0.2249572212921792,0.3772857855267212,0.03702,0.03845,0.60841,0.12871571093082834,0.0,0.0,0.12871276579846283,-0.12871276579846283,-0.17636951202,-0.29272632604,40.325865053,0,0,2.9907729417e-13,-9.6125354566e-06,9.7051122242e-06
step35_Leta1e-3_xB05_eta1_R1_dep2_N96,nan,0,0.99995,4.500456730000002,4.188790960736316,1.0000000601565802,0.03336,0.05,nan,nan,nan,nan,nan,nan,,,,,,,,
step35_Leta1e-3_xB05_eta1_R1_dep2_N96,nan,250,-0.0,-1126.78670755,0.0,0.0,0.0445,0.05203,396.44069,nan,nan,nan,nan,nan,244.13009083,185.98183795,321.40653284,0,0,-1.7135586719e-07,-0.00035416346334,0.0013779908976
step35_Leta1e-3_xB05_eta1_R1_dep2_N96,nan,250,-0.0,0.0,0.0,0.0,0.0445,0.05203,396.34836,nan,nan,nan,nan,nan,244.13009083,185.98183795,321.40653284,0,0,-1.7135586719e-07,-0.00035416346334,0.0013779908976
step35_Leta1e-3_xB05_eta1_R1_dep2_N96,nan,250,-0.0,-1.168e-05,0.0,0.0,0.0445,0.05203,1e-05,nan,nan,nan,nan,nan,244.13009083,185.98183795,321.40653284,0,0,-1.7135586719e-07,-0.00035416346334,0.0013779908976
step35_Leta1e-3_xB05_eta1_R1_dep2_N96,nan,250,0.0,0.0,0.0,0.0,0.0445,0.05203,1e-05,nan,nan,nan,nan,nan,244.13009083,185.98183795,321.40653284,0,0,-1.7135586719e-07,-0.00035416346334,0.0013779908976
step35_Leta1e-3_xB05_eta1_R1_dep2_N96,nan,250,-0.0,-1126.78670755,0.0,0.0,0.0445,0.05203,396.34836,nan,nan,nan,nan,nan,244.13009083,185.98183795,321.40653284,0,0,-1.7135586719e-07,-0.00035416346334,0.0013779908976
step35_Leta1e-3_xB05_eta1_R1_dep2_N96,nan,250,1.0,7.721320790000003,7.688803015927419,1.2244001527266652,0.0445,0.05203,396.85982,-178.0396171502591,-2.017271157167531e-06,0.0,-178.03961969775474,178.03961969775474,244.13009083,185.98183795,321.40653284,0,0,-1.7135586719e-07,-0.00035416346334,0.0013779908976
step35_Leta1e-3_xB05_eta1_R1_dep2_N96,nan,250,-0.0,-1126.78669192,0.0,0.0,0.0445,0.05203,396.85981,nan,nan,nan,nan,nan,244.13009083,185.98183795,321.40653284,0,0,-1.7135586719e-07,-0.00035416346334,0.0013779908976
step35_Leta1e-3_xB05_eta1_R1_dep2_N96,nan,500,-0.0,-1.0860000000000001e-05,0.0,0.0,0.04412,0.05134,396.34835,nan,nan,nan,nan,nan,226.77470021,177.95929284,310.81701478,0,0,-2.2047742751e-08,-0.00027400297665,0.0010206254942
step35_Leta1e-3_xB05_eta1_R1_dep2_N96,nan,500,-0.0,-1050.4524202999999,0.0,0.0,0.04412,0.05134,381.86965000000004,nan,nan,nan,nan,nan,226.77470021,177.95929284,310.81701478,0,0,-2.2047742751e-08,-0.00027400297665,0.0010206254942
step35_Leta1e-3_xB05_eta1_R1_dep2_N96,nan,500,0.0,0.0,0.0,0.0,0.04412,0.05134,381.86966,nan,nan,nan,nan,nan,226.77470021,177.95929284,310.81701478,0,0,-2.2047742751e-08,-0.00027400297665,0.0010206254942
step35_Leta1e-3_xB05_eta1_R1_dep2_N96,nan,500,1.0,10.91999828,10.288811387157097,1.3492492920355748,0.04412,0.05134,1.0,-228.42879693006608,-2.9900881057268728e-06,0.0,-228.42880071585904,228.42880071585904,226.77470021,177.95929284,310.81701478,0,0,-2.2047742751e-08,-0.00027400297665,0.0010206254942
step35_Leta1e-3_xB05_eta1_R1_dep2_N96,nan,500,-0.0,-1050.4524025199999,0.0,0.0,0.04412,0.05134,382.38201000000004,nan,nan,nan,nan,nan,226.77470021,177.95929284,310.81701478,0,0,-2.2047742751e-08,-0.00027400297665,0.0010206254942
step35_Leta1e-3_xB05_eta1_R1_dep2_N96,nan,500,-0.0,-1050.4524202999999,0.0,0.0,0.04412,0.05134,1.0000000031595846e-05,nan,nan,nan,nan,nan,226.77470021,177.95929284,310.81701478,0,0,-2.2047742751e-08,-0.00027400297665,0.0010206254942
step35_Leta1e-3_xB05_eta1_R1_dep2_N96,nan,500,0.0,0.0,0.0,0.0,0.04412,0.05134,381.86966,nan,nan,nan,nan,nan,226.77470021,177.95929284,310.81701478,0,0,-2.2047742751e-08,-0.00027400297665,0.0010206254942
step35_Leta1e-3_xB05_eta1_R1_dep2_N96,nan,750,-0.0,0.0,0.0,0.0,0.0434,0.0502,0.0,nan,nan,nan,nan,nan,210.25312491,162.34170988,292.45230993,0,0,6.8096607491e-08,-0.00022153563112,0.00098661932296
step35_Leta1e-3_xB05_eta1_R1_dep2_N96,nan,750,1.0,13.93272029,12.710866403385179,1.4477564715871476,0.0434,0.0502,1.0,-174.21066967042972,-2.1959213401311e-06,0.0,-174.21067254552077,174.21067254552077,210.25312491,162.34170988,292.45230993,0,0,6.8096607491e-08,-0.00022153563112,0.00098661932296
step35_Leta1e-3_xB05_eta1_R1_dep2_N96,nan,750,-0.0,-1.2060000000000003e-05,0.0,0.0,0.0434,0.0502,1.0,nan,nan,nan,nan,nan,210.25312491,162.34170988,292.45230993,0,0,6.8096607491e-08,-0.00022153563112,0.00098661932296
step35_Leta1e-3_xB05_eta1_R1_dep2_N96,nan,750,-0.0,-1229.2947219000005,0.0,0.0,0.0434,0.0502,353.81484,nan,nan,nan,nan,nan,210.25312491,162.34170988,292.45230993,0,0,6.8096607491e-08,-0.00022153563112,0.00098661932296
step35_Leta1e-3_xB05_eta1_R1_dep2_N96,nan,750,-0.0,-1229.2947219000005,0.0,0.0,0.0434,0.0502,0.0,nan,nan,nan,nan,nan,210.25312491,162.34170988,292.45230993,0,0,6.8096607491e-08,-0.00022153563112,0.00098661932296
step35_Leta1e-3_xB05_eta1_R1_dep2_N96,nan,750,0.0,0.0,0.0,0.0,0.0434,0.0502,353.81485,nan,nan,nan,nan,nan,210.25312491,162.34170988,292.45230993,0,0,6.8096607491e-08,-0.00022153563112,0.00098661932296
step35_Leta1e-3_xB05_eta1_R1_dep2_N96,nan,750,-0.0,-1229.2947011500003,0.0,0.0,0.0434,0.0502,353.81485,nan,nan,nan,nan,nan,210.25312491,162.34170988,292.45230993,0,0,6.8096607491e-08,-0.00022153563112,0.00098661932296
step35_Leta1e-3_xB05_eta1_R1_dep2_N96,nan,1000,-0.0,-1.960000000000001e-05,0.0,0.0,0.04173,0.04817,353.81485,nan,nan,nan,nan,nan,185.91335193,124.29784035,257.65555244,0,0,1.1899747405e-07,-0.0001768283707,0.0018965234803
step35_Leta1e-3_xB05_eta1_R1_dep2_N96,nan,1000,-0.0,-1661.9862593900002,0.0,0.0,0.04173,0.04817,288.80152000000004,nan,nan,nan,nan,nan,185.91335193,124.29784035,257.65555244,0,0,1.1899747405e-07,-0.0001768283707,0.0018965234803
step35_Leta1e-3_xB05_eta1_R1_dep2_N96,nan,1000,0.0,0.0,0.0,0.0,0.04173,0.04817,288.80153,nan,nan,nan,nan,nan,185.91335193,124.29784035,257.65555244,0,0,1.1899747405e-07,-0.0001768283707,0.0018965234803
step35_Leta1e-3_xB05_eta1_R1_dep2_N96,nan,1000,1.0,17.743047490000006,16.25193346815612,1.5713471498740248,0.04173,0.04817,1.0,-170.04850583517836,-2.4108241082410826e-06,0.0,-170.0485089803198,170.0485089803198,185.91335193,124.29784035,257.65555244,0,0,1.1899747405e-07,-0.0001768283707,0.0018965234803
step35_Leta1e-3_xB05_eta1_R1_dep2_N96,nan,1000,-0.0,-1661.98629121,0.0,0.0,0.04173,0.04817,289.29149,nan,nan,nan,nan,nan,185.91335193,124.29784035,257.65555244,0,0,1.1899747405e-07,-0.0001768283707,0.0018965234803
step35_Leta1e-3_xB05_eta1_R1_dep2_N96,nan,1000,0.0,0.0,0.0,0.0,0.04173,0.04817,288.80153,nan,nan,nan,nan,nan,185.91335193,124.29784035,257.65555244,0,0,1.1899747405e-07,-0.0001768283707,0.0018965234803
step35_Leta1e-3_xB05_eta1_R1_dep2_N96,nan,1000,-0.0,-1661.98629121,0.0,0.0,0.04173,0.04817,288.80153,nan,nan,nan,nan,nan,185.91335193,124.29784035,257.65555244,0,0,1.1899747405e-07,-0.0001768283707,0.0018965234803
step35_Leta1e-3_xB05_eta1_R1_dep2_N96,nan,1250,0.0,0.0,0.0,0.0,0.04053,0.04623,288.80153,nan,nan,nan,nan,nan,155.09298691,94.833046271,221.18564912,0,0,2.3005811357e-08,-0.0002221648265,0.00093106336147
step35_Leta1e-3_xB05_eta1_R1_dep2_N96,nan,1250,1.0,21.938823290000006,20.178867862920175,1.688895307560415,0.04053,0.04623,1.0,-115.8190764989388,-9.250088432967812e-07,0.0,-115.81907891669614,115.81907891669614,155.09298691,94.833046271,221.18564912,0,0,2.3005811357e-08,-0.0002221648265,0.00093106336147
step35_Leta1e-3_xB05_eta1_R1_dep2_N96,nan,1250,-0.0,-1632.1455971199994,0.0,0.0,0.04053,0.04623,245.70877000000002,nan,nan,nan,nan,nan,155.09298691,94.833046271,221.18564912,0,0,2.3005811357e-08,-0.0002221648265,0.00093106336147
step35_Leta1e-3_xB05_eta1_R1_dep2_N96,nan,1250,-0.0,-1632.1456301400005,0.0,0.0,0.04053,0.04623,1.0000000003174137e-05,nan,nan,nan,nan,nan,155.09298691,94.833046271,221.18564912,0,0,2.3005811357e-08,-0.0002221648265,0.00093106336147
step35_Leta1e-3_xB05_eta1_R1_dep2_N96,nan,1250,-0.0,-1.0460000000000008e-05,0.0,0.0,0.04053,0.04623,245.21798,nan,nan,nan,nan,nan,155.09298691,94.833046271,221.18564912,0,0,2.3005811357e-08,-0.0002221648265,0.00093106336147
step35_Leta1e-3_xB05_eta1_R1_dep2_N96,nan,1250,-0.0,-1632.1456301400005,0.0,0.0,0.04053,0.04623,245.21798,nan,nan,nan,nan,nan,155.09298691,94.833046271,221.18564912,0,0,2.3005811357e-08,-0.0002221648265,0.00093106336147
step35_Leta1e-3_xB05_eta1_R1_dep2_N96,nan,1250,-0.0,0.0,0.0,0.0,0.04053,0.04623,245.21798,nan,nan,nan,nan,nan,155.09298691,94.833046271,221.18564912,0,0,2.3005811357e-08,-0.0002221648265,0.00093106336147
step35_Leta1e-3_xB05_eta1_R1_dep2_N96,nan,1500,-0.0,-1725.7681963900015,0.0,0.0,0.03968,0.04498,193.21847,nan,nan,nan,nan,nan,124.35240802,73.216648046,196.11164133,0,0,2.3626242052e-08,-0.00018299018567,0.0012538123208
step35_Leta1e-3_xB05_eta1_R1_dep2_N96,nan,1500,-0.0,-1725.7682411400008,0.0,0.0,0.03968,0.04498,1.0000000003174137e-05,nan,nan,nan,nan,nan,124.35240802,73.216648046,196.11164133,0,0,2.3626242052e-08,-0.00018299018567,0.0012538123208
step35_Leta1e-3_xB05_eta1_R1_dep2_N96,nan,1500,0.0,0.0,0.0,0.0,0.03968,0.04498,193.21848,nan,nan,nan,nan,nan,124.35240802,73.216648046,196.11164133,0,0,2.3626242052e-08,-0.00018299018567,0.0012538123208
step35_Leta1e-3_xB05_eta1_R1_dep2_N96,nan,1500,-0.0,0.0,0.0,0.0,0.03968,0.04498,0.0,nan,nan,nan,nan,nan,124.35240802,73.216648046,196.11164133,0,0,2.3626242052e-08,-0.00018299018567,0.0012538123208
step35_Leta1e-3_xB05_eta1_R1_dep2_N96,nan,1500,1.0,26.335729900000015,23.98307592142447,1.7889797485017025,0.03968,0.04498,1.0,-92.63145274085285,-2.000526454330087e-07,0.0,-92.63145501974202,92.63145501974202,124.35240802,73.216648046,196.11164133,0,0,2.3626242052e-08,-0.00018299018567,0.0012538123208
step35_Leta1e-3_xB05_eta1_R1_dep2_N96,nan,1500,-0.0,-1725.7682411400008,0.0,0.0,0.03968,0.04498,193.68457,nan,nan,nan,nan,nan,124.35240802,73.216648046,196.11164133,0,0,2.3626242052e-08,-0.00018299018567,0.0012538123208
step35_Leta1e-3_xB05_eta1_R1_dep2_N96,nan,1500,-0.0,-3.0400000000000027e-06,0.0,0.0,0.03968,0.04498,193.21848,nan,nan,nan,nan,nan,124.35240802,73.216648046,196.11164133,0,0,2.3626242052e-08,-0.00018299018567,0.0012538123208
step35_Leta1e-3_xB05_eta1_R1_dep2_N96,nan,1750,-0.0,-1537.4659445800003,0.0,0.0,0.03846,0.04329,136.10007,nan,nan,nan,nan,nan,90.225330221,40.613628365,159.95903834,0,0,-7.2993421751e-08,-0.0001380963553,0.00079470275127
step35_Leta1e-3_xB05_eta1_R1_dep2_N96,nan,1750,1.0,30.55371034000001,27.86146198452111,1.880637524741296,0.03846,0.04329,136.63018,-63.856341289507576,0.0,0.0,-63.85634350936293,63.85634350936293,90.225330221,40.613628365,159.95903834,0,0,-7.2993421751e-08,-0.0001380963553,0.00079470275127
step35_Leta1e-3_xB05_eta1_R1_dep2_N96,nan,1750,-0.0,-1537.4659445800003,0.0,0.0,0.03846,0.04329,136.63018,nan,nan,nan,nan,nan,90.225330221,40.613628365,159.95903834,0,0,-7.2993421751e-08,-0.0001380963553,0.00079470275127
step35_Leta1e-3_xB05_eta1_R1_dep2_N96,nan,1750,-0.0,0.0,0.0,0.0,0.03846,0.04329,136.10007,nan,nan,nan,nan,nan,90.225330221,40.613628365,159.95903834,0,0,-7.2993421751e-08,-0.0001380963553,0.00079470275127
step35_Leta1e-3_xB05_eta1_R1_dep2_N96,nan,1750,0.0,0.0,0.0,0.0,0.03846,0.04329,0.0,nan,nan,nan,nan,nan,90.225330221,40.613628365,159.95903834,0,0,-7.2993421751e-08,-0.0001380963553,0.00079470275127
step35_Leta1e-3_xB05_eta1_R1_dep2_N96,nan,1750,-0.0,0.0,0.0,0.0,0.03846,0.04329,0.0,nan,nan,nan,nan,nan,90.225330221,40.613628365,159.95903834,0,0,-7.2993421751e-08,-0.0001380963553,0.00079470275127
step35_Leta1e-3_xB05_eta1_R1_dep2_N96,nan,1750,-0.0,-1537.4658921000002,0.0,0.0,0.03846,0.04329,136.10007,nan,nan,nan,nan,nan,90.225330221,40.613628365,159.95903834,0,0,-7.2993421751e-08,-0.0001380963553,0.00079470275127
step35_Leta1e-3_xB05_eta1_R1_dep2_N96,nan,2000,1.0,34.067038030000006,31.106753737504054,1.9509914249592297,0.03771,0.04172,136.93478,-40.89808088597409,0.0,0.0,-40.89808309366702,40.89808309366702,59.234735633,19.730279676,123.88266506,0,0,-1.1373657345e-07,-9.9326852648e-05,0.00061376986194
step35_Leta1e-3_xB05_eta1_R1_dep2_N96,nan,2000,-0.0,0.0,0.0,0.0,0.03771,0.04172,1.0,nan,nan,nan,nan,nan,59.234735633,19.730279676,123.88266506,0,0,-1.1373657345e-07,-9.9326852648e-05,0.00061376986194
step35_Leta1e-3_xB05_eta1_R1_dep2_N96,nan,2000,-0.0,0.0,0.0,0.0,0.03771,0.04172,0.0,nan,nan,nan,nan,nan,59.234735633,19.730279676,123.88266506,0,0,-1.1373657345e-07,-9.9326852648e-05,0.00061376986194
step35_Leta1e-3_xB05_eta1_R1_dep2_N96,nan,2000,-0.0,-1186.8075984100012,0.0,0.0,0.03771,0.04172,96.09471,nan,nan,nan,nan,nan,59.234735633,19.730279676,123.88266506,0,0,-1.1373657345e-07,-9.9326852648e-05,0.00061376986194
step35_Leta1e-3_xB05_eta1_R1_dep2_N96,nan,2000,-0.0,-1186.8075356000002,0.0,0.0,0.03771,0.04172,1.0000000003174137e-05,nan,nan,nan,nan,nan,59.234735633,19.730279676,123.88266506,0,0,-1.1373657345e-07,-9.9326852648e-05,0.00061376986194
step35_Leta1e-3_xB05_eta1_R1_dep2_N96,nan,2000,-0.0,-1186.8075984100012,0.0,0.0,0.03771,0.04172,1.0000000003174137e-05,nan,nan,nan,nan,nan,59.234735633,19.730279676,123.88266506,0,0,-1.1373657345e-07,-9.9326852648e-05,0.00061376986194
step35_Leta1e-3_xB05_eta1_R1_dep2_N96,nan,2000,0.0,0.0,0.0,0.0,0.03771,0.04172,96.09471,nan,nan,nan,nan,nan,59.234735633,19.730279676,123.88266506,0,0,-1.1373657345e-07,-9.9326852648e-05,0.00061376986194
step35_Leta1e-3_xB05_eta1_R1_dep2_N96,nan,2250,-0.0,0.0,0.0,0.0,0.03729,0.04051,0.0,nan,nan,nan,nan,nan,35.206234312,7.5547471185,94.372211022,0,0,-1.2791835421e-07,-5.7668954326e-05,0.00037151118762
step35_Leta1e-3_xB05_eta1_R1_dep2_N96,nan,2250,-0.0,-780.7160177400003,0.0,0.0,0.03729,0.04051,58.2527,nan,nan,nan,nan,nan,35.206234312,7.5547471185,94.372211022,0,0,-1.2791835421e-07,-5.7668954326e-05,0.00037151118762
step35_Leta1e-3_xB05_eta1_R1_dep2_N96,nan,2250,1.0,36.647324270000006,33.46493149496761,1.9990965837713048,0.03729,0.04051,58.7258,-24.192397707488798,0.0,0.0,-24.19239993848233,24.19239993848233,35.206234312,7.5547471185,94.372211022,0,0,-1.2791835421e-07,-5.7668954326e-05,0.00037151118762
step35_Leta1e-3_xB05_eta1_R1_dep2_N96,nan,2250,-0.0,-780.71594751,0.0,0.0,0.03729,0.04051,58.7258,nan,nan,nan,nan,nan,35.206234312,7.5547471185,94.372211022,0,0,-1.2791835421e-07,-5.7668954326e-05,0.00037151118762
step35_Leta1e-3_xB05_eta1_R1_dep2_N96,nan,2250,-0.0,0.0,0.0,0.0,0.03729,0.04051,58.2527,nan,nan,nan,nan,nan,35.206234312,7.5547471185,94.372211022,0,0,-1.2791835421e-07,-5.7668954326e-05,0.00037151118762
step35_Leta1e-3_xB05_eta1_R1_dep2_N96,nan,2250,-0.0,-780.7160177400003,0.0,0.0,0.03729,0.04051,58.2527,nan,nan,nan,nan,nan,35.206234312,7.5547471185,94.372211022,0,0,-1.2791835421e-07,-5.7668954326e-05,0.00037151118762
step35_Leta1e-3_xB05_eta1_R1_dep2_N96,nan,2250,0.0,0.0,0.0,0.0,0.03729,0.04051,58.2527,nan,nan,nan,nan,nan,35.206234312,7.5547471185,94.372211022,0,0,-1.2791835421e-07,-5.7668954326e-05,0.00037151118762
step35_Leta1e-3_xB05_eta1_R1_dep2_N96,nan,2500,0.02336,-447.8874241400003,8.306589939339449e-07,0.0058314701128836105,0.03699,0.03969,30.86584,nan,nan,nan,nan,nan,19.130929451,-1.112491552,73.470611766,0,0,-1.0394693934e-07,-2.9377475322e-05,0.00020358547024
step35_Leta1e-3_xB05_eta1_R1_dep2_N96,nan,2500,0.02336,-447.8874241400003,8.306589939339449e-07,0.0058314701128836105,0.03699,0.03969,0.0,nan,nan,nan,nan,nan,19.130929451,-1.112491552,73.470611766,0,0,-1.0394693934e-07,-2.9377475322e-05,0.00020358547024
step35_Leta1e-3_xB05_eta1_R1_dep2_N96,nan,2500,1.0,38.25621577000002,34.961408761334845,2.0284615109692283,0.03699,0.03969,31.28567,-13.264869105320084,0.0,0.0,-13.264871304671129,13.264871304671129,19.130929451,-1.112491552,73.470611766,0,0,-1.0394693934e-07,-2.9377475322e-05,0.00020358547024
step35_Leta1e-3_xB05_eta1_R1_dep2_N96,nan,2500,-0.0,0.0,0.0,0.0,0.03699,0.03969,1.0,nan,nan,nan,nan,nan,19.130929451,-1.112491552,73.470611766,0,0,-1.0394693934e-07,-2.9377475322e-05,0.00020358547024
step35_Leta1e-3_xB05_eta1_R1_dep2_N96,nan,2500,0.0,0.0,0.0,0.0,0.03699,0.03969,0.0,nan,nan,nan,nan,nan,19.130929451,-1.112491552,73.470611766,0,0,-1.0394693934e-07,-2.9377475322e-05,0.00020358547024
step35_Leta1e-3_xB05_eta1_R1_dep2_N96,nan,2500,0.02336,-447.88735031000016,8.306589939339449e-07,0.0058314701128836105,0.03699,0.03969,30.86584,nan,nan,nan,nan,nan,19.130929451,-1.112491552,73.470611766,0,0,-1.0394693934e-07,-2.9377475322e-05,0.00020358547024
step35_Leta1e-3_xB05_eta1_R1_dep2_N96,nan,2500,-0.0,0.0,0.0,0.0,0.03699,0.03969,30.86584,nan,nan,nan,nan,nan,19.130929451,-1.112491552,73.470611766,0,0,-1.0394693934e-07,-2.9377475322e-05,0.00020358547024
step35_Leta1e-3_xB05_eta1_R1_dep2_N96,nan,2750,-0.0,0.0,0.0,0.0,0.03684,0.03919,0.0,nan,nan,nan,nan,nan,9.7775200109,-5.3943246315,60.349222214,0,0,-6.4946730591e-08,-1.467964761e-05,0.00010289356484
step35_Leta1e-3_xB05_eta1_R1_dep2_N96,nan,2750,0.0,0.0,0.0,0.0,0.03684,0.03919,0.0,nan,nan,nan,nan,nan,9.7775200109,-5.3943246315,60.349222214,0,0,-6.4946730591e-08,-1.467964761e-05,0.00010289356484
step35_Leta1e-3_xB05_eta1_R1_dep2_N96,nan,2750,1.0,39.143720529999996,35.802916230918704,2.0446074128673217,0.03684,0.03919,1.0,-6.816095527621784,0.0,0.0,-6.8160978157241745,6.8160978157241745,9.7775200109,-5.3943246315,60.349222214,0,0,-6.4946730591e-08,-1.467964761e-05,0.00010289356484
step35_Leta1e-3_xB05_eta1_R1_dep2_N96,nan,2750,0.31192,-236.17846716000008,0.017489067878988483,0.1610247689541278,0.03684,0.03919,16.83878,0.1901659090909091,0.0,0.0,0.19016560606060606,-0.19016560606060606,9.7775200109,-5.3943246315,60.349222214,0,0,-6.4946730591e-08,-1.467964761e-05,0.00010289356484
step35_Leta1e-3_xB05_eta1_R1_dep2_N96,nan,2750,-0.0,0.0,0.0,0.0,0.03684,0.03919,16.37378,nan,nan,nan,nan,nan,9.7775200109,-5.3943246315,60.349222214,0,0,-6.4946730591e-08,-1.467964761e-05,0.00010289356484
step35_Leta1e-3_xB05_eta1_R1_dep2_N96,nan,2750,0.31192,-236.17846716000008,0.017489067878988483,0.1610247689541278,0.03684,0.03919,16.37378,0.1901659090909091,0.0,0.0,0.19016560606060606,-0.19016560606060606,9.7775200109,-5.3943246315,60.349222214,0,0,-6.4946730591e-08,-1.467964761e-05,0.00010289356484
step35_Leta1e-3_xB05_eta1_R1_dep2_N96,nan,2750,0.31192,-236.1783869300001,0.017489127422518774,0.1610249516963298,0.03684,0.03919,1.000000000139778e-05,0.1901659090909091,0.0,0.0,0.19016560606060606,-0.19016560606060606,9.7775200109,-5.3943246315,60.349222214,0,0,-6.4946730591e-08,-1.467964761e-05,0.00010289356484
step35_Leta1e-3_xB05_eta1_R1_dep2_N96,nan,3000,0.85969,-118.75690557,0.13890951143505512,0.32127810153459585,0.03681,0.03889,8.1451,0.2035404709141274,0.0,0.0,0.2035404155124654,-0.2035404155124654,4.7977460812,-6.4874858485,52.401425673,0,0,-3.5625863526e-08,-7.326830126e-06,5.3574129231e-05
step35_Leta1e-3_xB05_eta1_R1_dep2_N96,nan,3000,1.0,39.60173871000001,36.242936038042394,2.0529494434334343,0.03681,0.03889,8.71848,-3.383816275174221,0.0,0.0,-3.383818334185793,3.383818334185793,4.7977460812,-6.4874858485,52.401425673,0,0,-3.5625863526e-08,-7.326830126e-06,5.3574129231e-05
step35_Leta1e-3_xB05_eta1_R1_dep2_N96,nan,3000,0.85969,-118.75683178000008,0.13890955068311844,0.3212781317930041,0.03681,0.03889,8.71847,0.2035404709141274,0.0,0.0,0.2035404155124654,-0.2035404155124654,4.7977460812,-6.4874858485,52.401425673,0,0,-3.5625863526e-08,-7.326830126e-06,5.3574129231e-05
step35_Leta1e-3_xB05_eta1_R1_dep2_N96,nan,3000,-0.0,0.0,0.0,0.0,0.03681,0.03889,8.22868,nan,nan,nan,nan,nan,4.7977460812,-6.4874858485,52.401425673,0,0,-3.5625863526e-08,-7.326830126e-06,5.3574129231e-05
step35_Leta1e-3_xB05_eta1_R1_dep2_N96,nan,3000,-0.0,0.0,0.0,0.0,0.03681,0.03889,0.0,nan,nan,nan,nan,nan,4.7977460812,-6.4874858485,52.401425673,0,0,-3.5625863526e-08,-7.326830126e-06,5.3574129231e-05
step35_Leta1e-3_xB05_eta1_R1_dep2_N96,nan,3000,0.0,0.0,0.0,0.0,0.03681,0.03889,0.0,nan,nan,nan,nan,nan,4.7977460812,-6.4874858485,52.401425673,0,0,-3.5625863526e-08,-7.326830126e-06,5.3574129231e-05
step35_Leta1e-3_xB05_eta1_R1_dep2_N96,nan,3000,0.85969,-118.75690557,0.13890951143505512,0.32127810153459585,0.03681,0.03889,8.22869,0.2035404709141274,0.0,0.0,0.2035404155124654,-0.2035404155124654,4.7977460812,-6.4874858485,52.401425673,0,0,-3.5625863526e-08,-7.326830126e-06,5.3574129231e-05
step35_Leta1e-3_xB05_eta1_R1_dep2_N96,nan,3250,1.0,39.82939314000001,36.464208345737575,2.057118895232425,0.03682,0.03871,8.73117,-1.6573992838145897,0.0,0.0,-1.6574013842451873,1.6574013842451873,2.2732414179,-6.1566994647,47.403664524,0,0,-1.8287988726e-08,-3.5945446668e-06,2.6876154825e-05
step35_Leta1e-3_xB05_eta1_R1_dep2_N96,nan,3250,0.0,0.0,0.0,0.0,0.03682,0.03871,1.0,nan,nan,nan,nan,nan,2.2732414179,-6.1566994647,47.403664524,0,0,-1.8287988726e-08,-3.5945446668e-06,2.6876154825e-05
step35_Leta1e-3_xB05_eta1_R1_dep2_N96,nan,3250,0.99082,-58.20535048000002,0.20757299646393115,0.3673054861783584,0.03682,0.03871,4.07896,0.2011590009891197,0.0,0.0,0.2011590009891197,-0.2011590009891197,2.2732414179,-6.1566994647,47.403664524,0,0,-1.8287988726e-08,-3.5945446668e-06,2.6876154825e-05
step35_Leta1e-3_xB05_eta1_R1_dep2_N96,nan,3250,0.99082,-58.20535048000002,0.20757299646393115,0.3673054861783584,0.03682,0.03871,0.0,0.2011590009891197,0.0,0.0,0.2011590009891197,-0.2011590009891197,2.2732414179,-6.1566994647,47.403664524,0,0,-1.8287988726e-08,-3.5945446668e-06,2.6876154825e-05
step35_Leta1e-3_xB05_eta1_R1_dep2_N96,nan,3250,-0.0,0.0,0.0,0.0,0.03682,0.03871,4.07896,nan,nan,nan,nan,nan,2.2732414179,-6.1566994647,47.403664524,0,0,-1.8287988726e-08,-3.5945446668e-06,2.6876154825e-05
step35_Leta1e-3_xB05_eta1_R1_dep2_N96,nan,3250,-0.0,0.0,0.0,0.0,0.03682,0.03871,0.0,nan,nan,nan,nan,nan,2.2732414179,-6.1566994647,47.403664524,0,0,-1.8287988726e-08,-3.5945446668e-06,2.6876154825e-05
step35_Leta1e-3_xB05_eta1_R1_dep2_N96,nan,3250,0.99082,-58.205274180000025,0.20757302517753115,0.36730550311482973,0.03682,0.03871,4.07896,0.2011590009891197,0.0,0.0,0.2011590009891197,-0.2011590009891197,2.2732414179,-6.1566994647,47.403664524,0,0,-1.8287988726e-08,-3.5945446668e-06,2.6876154825e-05
step35_Leta1e-3_xB05_eta1_R1_dep2_N96,nan,3500,-0.0,0.0,0.0,0.0,0.03685,0.03858,4.07896,nan,nan,nan,nan,nan,1.0259688192,-5.3414692399,44.005445235,0,0,-9.0930949597e-09,-1.8281155483e-06,1.3433487388e-05
step35_Leta1e-3_xB05_eta1_R1_dep2_N96,nan,3500,0.0,0.0,0.0,0.0,0.03685,0.03858,0.0,nan,nan,nan,nan,nan,1.0259688192,-5.3414692399,44.005445235,0,0,-9.0930949597e-09,-1.8281155483e-06,1.3433487388e-05
step35_Leta1e-3_xB05_eta1_R1_dep2_N96,nan,3500,-0.0,0.0,0.0,0.0,0.03685,0.03858,0.0,nan,nan,nan,nan,nan,1.0259688192,-5.3414692399,44.005445235,0,0,-9.0930949597e-09,-1.8281155483e-06,1.3433487388e-05
step35_Leta1e-3_xB05_eta1_R1_dep2_N96,nan,3500,0.93513,-28.069153959999998,0.19456015159912302,0.35946374579143775,0.03685,0.03858,2.03343,0.1932366281310212,0.0,0.0,0.19323644990366087,-0.19323644990366087,1.0259688192,-5.3414692399,44.005445235,0,0,-9.0930949597e-09,-1.8281155483e-06,1.3433487388e-05
step35_Leta1e-3_xB05_eta1_R1_dep2_N96,nan,3500,1.0,39.940114769999994,36.57331631175263,2.059168618107472,0.03685,0.03858,2.54217,-0.805652691919192,0.0,0.0,-0.8056548787878788,0.8056548787878788,1.0259688192,-5.3414692399,44.005445235,0,0,-9.0930949597e-09,-1.8281155483e-06,1.3433487388e-05
step35_Leta1e-3_xB05_eta1_R1_dep2_N96,nan,3500,0.93513,-28.06923248000001,0.1945599526933402,0.3594636232938596,0.03685,0.03858,2.54217,0.1932366281310212,0.0,0.0,0.19323644990366087,-0.19323644990366087,1.0259688192,-5.3414692399,44.005445235,0,0,-9.0930949597e-09,-1.8281155483e-06,1.3433487388e-05
step35_Leta1e-3_xB05_eta1_R1_dep2_N96,nan,3500,0.93513,-28.06923248000001,0.1945599526933402,0.3594636232938596,0.03685,0.03858,0.0,0.1932366281310212,0.0,0.0,0.19323644990366087,-0.19323644990366087,1.0259688192,-5.3414692399,44.005445235,0,0,-9.0930949597e-09,-1.8281155483e-06,1.3433487388e-05
step35_Leta1e-3_xB05_eta1_R1_dep2_N96,nan,3750,1.0,39.993334360000006,36.626627084939074,2.060168642054109,0.03687,0.03849,2.54518,-0.3891538550870992,0.0,0.0,-0.3891559988008079,0.3891559988008079,0.41697149934,-4.4784887826,41.453904201,0,0,-4.4525209867e-09,-1.408746815e-06,6.8210811504e-06
step35_Leta1e-3_xB05_eta1_R1_dep2_N96,nan,3750,-0.0,0.0,0.0,0.0,0.03687,0.03849,1.0,nan,nan,nan,nan,nan,0.41697149934,-4.4784887826,41.453904201,0,0,-4.4525209867e-09,-1.408746815e-06,6.8210811504e-06
step35_Leta1e-3_xB05_eta1_R1_dep2_N96,nan,3750,0.81975,-13.332771310000005,0.14663870630109635,0.327129721355735,0.03687,0.03849,1.20875,0.1929013876146789,0.0,0.0,0.19290129587155963,-0.19290129587155963,0.41697149934,-4.4784887826,41.453904201,0,0,-4.4525209867e-09,-1.408746815e-06,6.8210811504e-06
step35_Leta1e-3_xB05_eta1_R1_dep2_N96,nan,3750,0.0,0.0,0.0,0.0,0.03687,0.03849,1.20875,nan,nan,nan,nan,nan,0.41697149934,-4.4784887826,41.453904201,0,0,-4.4525209867e-09,-1.408746815e-06,6.8210811504e-06
step35_Leta1e-3_xB05_eta1_R1_dep2_N96,nan,3750,-0.0,0.0,0.0,0.0,0.03687,0.03849,0.0,nan,nan,nan,nan,nan,0.41697149934,-4.4784887826,41.453904201,0,0,-4.4525209867e-09,-1.408746815e-06,6.8210811504e-06
step35_Leta1e-3_xB05_eta1_R1_dep2_N96,nan,3750,0.81975,-13.332771310000005,0.14663870630109635,0.327129721355735,0.03687,0.03849,1.20875,0.1929013876146789,0.0,0.0,0.19290129587155963,-0.19290129587155963,0.41697149934,-4.4784887826,41.453904201,0,0,-4.4525209867e-09,-1.408746815e-06,6.8210811504e-06
step35_Leta1e-3_xB05_eta1_R1_dep2_N96,nan,3750,0.81975,-13.332695630000003,0.14663893678274656,0.3271298927460416,0.03687,0.03849,1.0000000000065512e-05,0.1929013876146789,0.0,0.0,0.19290129587155963,-0.19290129587155963,0.41697149934,-4.4784887826,41.453904201,0,0,-4.4525209867e-09,-1.408746815e-06,6.8210811504e-06
step35_Leta1e-3_xB05_eta1_R1_dep2_N96,nan,4000,0.69593,-6.193367339999999,0.09958204733484566,0.28753947834364507,0.0369,0.03842,0.48632,0.20477587686567164,0.0,0.0,0.2047756529850746,-0.2047756529850746,0.12143941516,-3.7083792849,39.402274807,0,0,-2.1629043958e-09,-1.093813287e-06,3.6005730772e-06
step35_Leta1e-3_xB05_eta1_R1_dep2_N96,nan,4000,-0.0,0.0,0.0,0.0,0.0369,0.03842,1.06649,nan,nan,nan,nan,nan,0.12143941516,-3.7083792849,39.402274807,0,0,-2.1629043958e-09,-1.093813287e-06,3.6005730772e-06
step35_Leta1e-3_xB05_eta1_R1_dep2_N96,nan,4000,0.69593,-6.193298000000004,0.0995823621513121,0.28753978135029323,0.0369,0.03842,1.06649,0.20477587686567164,0.0,0.0,0.2047756529850746,-0.2047756529850746,0.12143941516,-3.7083792849,39.402274807,0,0,-2.1629043958e-09,-1.093813287e-06,3.6005730772e-06
step35_Leta1e-3_xB05_eta1_R1_dep2_N96,nan,4000,1.0,40.018495410000014,36.6525728504223,2.0606549916488257,0.0369,0.03842,2.00849,-0.18619594152157457,0.0,0.0,-0.18619790909664394,0.18619790909664394,0.12143941516,-3.7083792849,39.402274807,0,0,-2.1629043958e-09,-1.093813287e-06,3.6005730772e-06
step35_Leta1e-3_xB05_eta1_R1_dep2_N96,nan,4000,0.0,0.0,0.0,0.0,0.0369,0.03842,1.0,nan,nan,nan,nan,nan,0.12143941516,-3.7083792849,39.402274807,0,0,-2.1629043958e-09,-1.093813287e-06,3.6005730772e-06
step35_Leta1e-3_xB05_eta1_R1_dep2_N96,nan,4000,-0.0,0.0,0.0,0.0,0.0369,0.03842,0.0,nan,nan,nan,nan,nan,0.12143941516,-3.7083792849,39.402274807,0,0,-2.1629043958e-09,-1.093813287e-06,3.6005730772e-06
step35_Leta1e-3_xB05_eta1_R1_dep2_N96,nan,4000,0.69593,-6.193367339999999,0.09958204733484566,0.28753947834364507,0.0369,0.03842,1.06649,0.20477587686567164,0.0,0.0,0.2047756529850746,-0.2047756529850746,0.12143941516,-3.7083792849,39.402274807,0,0,-2.1629043958e-09,-1.093813287e-06,3.6005730772e-06
step35_Leta1e-3_xB05_eta1_R1_dep2_N96,nan,4250,0.58263,-2.75324614,0.06719231156184023,0.25219917268213404,0.03692,0.03835,0.23648,0.1881164351851852,0.0,0.0,0.18811608796296297,-0.18811608796296297,-0.021572011312,-3.062115907,37.681157058,0,0,-1.0467642218e-09,-9.7659462525e-07,2.0724963307e-06
step35_Leta1e-3_xB05_eta1_R1_dep2_N96,nan,4250,1.0,40.03017655000001,36.665184817121194,2.0608913182310777,0.03692,0.03835,1.8925299999999998,-0.08769386512742873,0.0,0.0,-0.08769596675498362,0.08769596675498362,-0.021572011312,-3.062115907,37.681157058,0,0,-1.0467642218e-09,-9.7659462525e-07,2.0724963307e-06
step35_Leta1e-3_xB05_eta1_R1_dep2_N96,nan,4250,0.58263,-2.7533211600000005,0.06719159610792973,0.2521982775523166,0.03692,0.03835,1.8925299999999998,0.1881164351851852,0.0,0.0,0.18811608796296297,-0.18811608796296297,-0.021572011312,-3.062115907,37.681157058,0,0,-1.0467642218e-09,-9.7659462525e-07,2.0724963307e-06
step35_Leta1e-3_xB05_eta1_R1_dep2_N96,nan,4250,-0.0,0.0,0.0,0.0,0.03692,0.03835,0.94936,nan,nan,nan,nan,nan,-0.021572011312,-3.062115907,37.681157058,0,0,-1.0467642218e-09,-9.7659462525e-07,2.0724963307e-06
step35_Leta1e-3_xB05_eta1_R1_dep2_N96,nan,4250,-0.0,0.0,0.0,0.0,0.03692,0.03835,0.0,nan,nan,nan,nan,nan,-0.021572011312,-3.062115907,37.681157058,0,0,-1.0467642218e-09,-9.7659462525e-07,2.0724963307e-06
step35_Leta1e-3_xB05_eta1_R1_dep2_N96,nan,4250,0.58263,-2.7533211600000005,0.06719159610792973,0.2521982775523166,0.03692,0.03835,0.94936,0.1881164351851852,0.0,0.0,0.18811608796296297,-0.18811608796296297,-0.021572011312,-3.062115907,37.681157058,0,0,-1.0467642218e-09,-9.7659462525e-07,2.0724963307e-06
step35_Leta1e-3_xB05_eta1_R1_dep2_N96,nan,4250,0.0,0.0,0.0,0.0,0.03692,0.03835,0.94936,nan,nan,nan,nan,nan,-0.021572011312,-3.062115907,37.681157058,0,0,-1.0467642218e-09,-9.7659462525e-07,2.0724963307e-06
step35_Leta1e-3_xB05_eta1_R1_dep2_N96,nan,4500,-0.0,0.0,0.0,0.0,0.03694,0.0383,0.0,nan,nan,nan,nan,nan,-0.09071095541,-2.5324191469,36.199657778,0,0,-5.0561162713e-10,-8.8914774046e-07,1.5761216331e-06
step35_Leta1e-3_xB05_eta1_R1_dep2_N96,nan,4500,1.0,40.03538667,36.671305211481986,2.0610059843727164,0.03694,0.0383,1.0,-0.03975717072094782,0.0,0.0,-0.03975936570456264,0.03975936570456264,-0.09071095541,-2.5324191469,36.199657778,0,0,-5.0561162713e-10,-8.8914774046e-07,1.5761216331e-06
step35_Leta1e-3_xB05_eta1_R1_dep2_N96,nan,4500,0.0,0.0,0.0,0.0,0.03694,0.0383,1.0,nan,nan,nan,nan,nan,-0.09071095541,-2.5324191469,36.199657778,0,0,-5.0561162713e-10,-8.8914774046e-07,1.5761216331e-06
step35_Leta1e-3_xB05_eta1_R1_dep2_N96,nan,4500,0.48527,-1.10187915,0.0702473940312444,0.2559649711954182,0.03694,0.0383,0.8505,0.14829015260323158,0.0,0.0,0.14828860861759427,-0.14828860861759427,-0.09071095541,-2.5324191469,36.199657778,0,0,-5.0561162713e-10,-8.8914774046e-07,1.5761216331e-06
step35_Leta1e-3_xB05_eta1_R1_dep2_N96,nan,4500,0.48527,-1.1019598200000003,0.07024418597757627,0.2559610746719174,0.03694,0.0383,1.0000000000010001e-05,0.14829015260323158,0.0,0.0,0.14828860861759427,-0.14828860861759427,-0.09071095541,-2.5324191469,36.199657778,0,0,-5.0561162713e-10,-8.8914774046e-07,1.5761216331e-06
step35_Leta1e-3_xB05_eta1_R1_dep2_N96,nan,4500,0.48527,-1.1019598200000003,0.07024418597757627,0.2559610746719174,0.03694,0.0383,0.0,0.14829015260323158,0.0,0.0,0.14828860861759427,-0.14828860861759427,-0.09071095541,-2.5324191469,36.199657778,0,0,-5.0561162713e-10,-8.8914774046e-07,1.5761216331e-06
step35_Leta1e-3_xB05_eta1_R1_dep2_N96,nan,4500,-0.0,0.0,0.0,0.0,0.03694,0.0383,0.8505,nan,nan,nan,nan,nan,-0.09071095541,-2.5324191469,36.199657778,0,0,-5.0561162713e-10,-8.8914774046e-07,1.5761216331e-06
step35_Leta1e-3_xB05_eta1_R1_dep2_N96,nan,4750,0.0,0.0,0.0,0.0,0.03696,0.03825,0.0,nan,nan,nan,nan,nan,-0.12415084702,-2.1006236628,34.904653075,0,0,-2.4414404807e-10,-8.0271091652e-07,1.3355238239e-06
step35_Leta1e-3_xB05_eta1_R1_dep2_N96,nan,4750,-0.0,0.0,0.0,0.0,0.03696,0.03825,0.0,nan,nan,nan,nan,nan,-0.12415084702,-2.1006236628,34.904653075,0,0,-2.4414404807e-10,-8.0271091652e-07,1.3355238239e-06
step35_Leta1e-3_xB05_eta1_R1_dep2_N96,nan,4750,0.40363,-0.31248889999999996,0.09471505084421525,0.28277659615660544,0.03696,0.03825,0.76592,0.12247279255319149,0.0,0.0,0.12247062167553192,-0.12247062167553192,-0.12415084702,-2.1006236628,34.904653075,0,0,-2.4414404807e-10,-8.0271091652e-07,1.3355238239e-06
step35_Leta1e-3_xB05_eta1_R1_dep2_N96,nan,4750,0.40363,-0.31248889999999996,0.09471505084421525,0.28277659615660544,0.03696,0.03825,0.0,0.12247279255319149,0.0,0.0,0.12247062167553192,-0.12247062167553192,-0.12415084702,-2.1006236628,34.904653075,0,0,-2.4414404807e-10,-8.0271091652e-07,1.3355238239e-06
step35_Leta1e-3_xB05_eta1_R1_dep2_N96,nan,4750,1.0,40.03751609000002,36.6742844867577,2.0610617967475373,0.03696,0.03825,1.71109,-0.016589714375788146,0.0,0.0,-0.016591773013871377,0.016591773013871377,-0.12415084702,-2.1006236628,34.904653075,0,0,-2.4414404807e-10,-8.0271091652e-07,1.3355238239e-06
step35_Leta1e-3_xB05_eta1_R1_dep2_N96,nan,4750,-0.0,0.0,0.0,0.0,0.03696,0.03825,1.0,nan,nan,nan,nan,nan,-0.12415084702,-2.1006236628,34.904653075,0,0,-2.4414404807e-10,-8.0271091652e-07,1.3355238239e-06
step35_Leta1e-3_xB05_eta1_R1_dep2_N96,nan,4750,0.40363,-0.31241409,0.09472008244943132,0.2827816034389369,0.03696,0.03825,0.76592,0.12247279255319149,0.0,0.0,0.12247062167553192,-0.12247062167553192,-0.12415084702,-2.1006236628,34.904653075,0,0,-2.4414404807e-10,-8.0271091652e-07,1.3355238239e-06
step35_Leta1e-3_xB05_eta1_R1_dep2_N96,nan,5000,-0.0,0.0,0.0,0.0,0.03697,0.03821,0.76592,nan,nan,nan,nan,nan,-0.1403554617,-1.7473672633,33.762460152,0,0,-1.1740863794e-10,-8.4265600651e-07,1.2434099104e-06
step35_Leta1e-3_xB05_eta1_R1_dep2_N96,nan,5000,1.0,40.03817828000001,36.67573566842618,2.061088981423752,0.03697,0.03821,1.0,-0.005372191361916772,0.0,0.0,-0.005374361286254729,0.005374361286254729,-0.1403554617,-1.7473672633,33.762460152,0,0,-1.1740863794e-10,-8.4265600651e-07,1.2434099104e-06
step35_Leta1e-3_xB05_eta1_R1_dep2_N96,nan,5000,0.0,0.0,0.0,0.0,0.03697,0.03821,1.0,nan,nan,nan,nan,nan,-0.1403554617,-1.7473672633,33.762460152,0,0,-1.1740863794e-10,-8.4265600651e-07,1.2434099104e-06
step35_Leta1e-3_xB05_eta1_R1_dep2_N96,nan,5000,0.33539,0.06197704,0.11519748941354617,0.3018455667288968,0.03697,0.03821,0.69283,0.1220959289248763,0.0,0.0,0.12209288798920374,-0.12209288798920374,-0.1403554617,-1.7473672633,33.762460152,0,0,-1.1740863794e-10,-8.4265600651e-07,1.2434099104e-06
step35_Leta1e-3_xB05_eta1_R1_dep2_N96,nan,5000,0.33539,0.06197704,0.11519748941354617,0.3018455667288968,0.03697,0.03821,0.0,0.1220959289248763,0.0,0.0,0.12209288798920374,-0.12209288798920374,-0.1403554617,-1.7473672633,33.762460152,0,0,-1.1740863794e-10,-8.4265600651e-07,1.2434099104e-06
step35_Leta1e-3_xB05_eta1_R1_dep2_N96,nan,5000,-0.0,0.0,0.0,0.0,0.03697,0.03821,0.69283,nan,nan,nan,nan,nan,-0.1403554617,-1.7473672633,33.762460152,0,0,-1.1740863794e-10,-8.4265600651e-07,1.2434099104e-06
step35_Leta1e-3_xB05_eta1_R1_dep2_N96,nan,5000,0.33539,0.06205453000000001,0.11520573971030822,0.3018527724879395,0.03697,0.03821,0.69283,0.1220959289248763,0.0,0.0,0.12209288798920374,-0.12209288798920374,-0.1403554617,-1.7473672633,33.762460152,0,0,-1.1740863794e-10,-8.4265600651e-07,1.2434099104e-06
step35_Leta1e-4_xB05_eta1_R1_dep2_N96,nan,0,0.99995,4.500456730000002,4.188790960736316,1.0000000601565802,0.03336,0.05,nan,nan,nan,nan,nan,nan,,,,,,,,
step35_Leta1e-4_xB05_eta1_R1_dep2_N96,nan,250,-0.0,-1652.1702682400007,0.0,0.0,0.04794,0.05514,478.87117,nan,nan,nan,nan,nan,261.92450378,253.2509818,366.03515817,0,0,-7.5973621785e-10,-8.1823659437e-05,0.00025737726451
step35_Leta1e-4_xB05_eta1_R1_dep2_N96,nan,250,0.0,0.0,0.0,0.0,0.04794,0.05514,478.47539,nan,nan,nan,nan,nan,261.92450378,253.2509818,366.03515817,0,0,-7.5973621785e-10,-8.1823659437e-05,0.00025737726451
step35_Leta1e-4_xB05_eta1_R1_dep2_N96,nan,250,-0.0,-2.0800000000000008e-05,0.0,0.0,0.04794,0.05514,1e-05,nan,nan,nan,nan,nan,261.92450378,253.2509818,366.03515817,0,0,-7.5973621785e-10,-8.1823659437e-05,0.00025737726451
step35_Leta1e-4_xB05_eta1_R1_dep2_N96,nan,250,0.0,0.0,0.0,0.0,0.04794,0.05514,1e-05,nan,nan,nan,nan,nan,261.92450378,253.2509818,366.03515817,0,0,-7.5973621785e-10,-8.1823659437e-05,0.00025737726451
step35_Leta1e-4_xB05_eta1_R1_dep2_N96,nan,250,-0.0,-1652.1702682400007,0.0,0.0,0.04794,0.05514,478.47539,nan,nan,nan,nan,nan,261.92450378,253.2509818,366.03515817,0,0,-7.5973621785e-10,-8.1823659437e-05,0.00025737726451
step35_Leta1e-4_xB05_eta1_R1_dep2_N96,nan,250,1.0,4.886932920000001,4.670192022195336,1.0369282569576694,0.04794,0.05514,478.97664000000003,-273.338201233789,-3.6452856642131103e-06,0.0,-273.338205275149,273.338205275149,261.92450378,253.2509818,366.03515817,0,0,-7.5973621785e-10,-8.1823659437e-05,0.00025737726451
step35_Leta1e-4_xB05_eta1_R1_dep2_N96,nan,250,-0.0,-1652.170243900001,0.0,0.0,0.04794,0.05514,478.97663,nan,nan,nan,nan,nan,261.92450378,253.2509818,366.03515817,0,0,-7.5973621785e-10,-8.1823659437e-05,0.00025737726451
step35_Leta1e-4_xB05_eta1_R1_dep2_N96,nan,500,-0.0,-1.8500000000000006e-05,0.0,0.0,0.04777,0.05452,478.47537,nan,nan,nan,nan,nan,258.67903862,250.22448612,357.60190791,0,0,-2.2481442674e-09,-3.7199907831e-05,0.00024705790873
step35_Leta1e-4_xB05_eta1_R1_dep2_N96,nan,500,-0.0,-1640.2200539000003,0.0,0.0,0.04777,0.05452,473.19622000000004,nan,nan,nan,nan,nan,258.67903862,250.22448612,357.60190791,0,0,-2.2481442674e-09,-3.7199907831e-05,0.00024705790873
step35_Leta1e-4_xB05_eta1_R1_dep2_N96,nan,500,0.0,0.0,0.0,0.0,0.04777,0.05452,473.19623,nan,nan,nan,nan,nan,258.67903862,250.22448612,357.60190791,0,0,-2.2481442674e-09,-3.7199907831e-05,0.00024705790873
step35_Leta1e-4_xB05_eta1_R1_dep2_N96,nan,500,1.0,5.316146110000002,5.196388866623151,1.0744948660574933,0.04777,0.05452,1.0,-266.6828702439863,-3.178694158075602e-06,0.0,-266.68287404295535,266.68287404295535,258.67903862,250.22448612,357.60190791,0,0,-2.2481442674e-09,-3.7199907831e-05,0.00024705790873
step35_Leta1e-4_xB05_eta1_R1_dep2_N96,nan,500,-0.0,-1640.2200308300005,0.0,0.0,0.04777,0.05452,473.69624,nan,nan,nan,nan,nan,258.67903862,250.22448612,357.60190791,0,0,-2.2481442674e-09,-3.7199907831e-05,0.00024705790873
step35_Leta1e-4_xB05_eta1_R1_dep2_N96,nan,500,-0.0,-1640.2200539000003,0.0,0.0,0.04777,0.05452,1.0000000031595846e-05,nan,nan,nan,nan,nan,258.67903862,250.22448612,357.60190791,0,0,-2.2481442674e-09,-3.7199907831e-05,0.00024705790873
step35_Leta1e-4_xB05_eta1_R1_dep2_N96,nan,500,0.0,0.0,0.0,0.0,0.04777,0.05452,473.19623,nan,nan,nan,nan,nan,258.67903862,250.22448612,357.60190791,0,0,-2.2481442674e-09,-3.7199907831e-05,0.00024705790873
step35_Leta1e-4_xB05_eta1_R1_dep2_N96,nan,750,-0.0,0.0,0.0,0.0,0.04762,0.05414,0.0,nan,nan,nan,nan,nan,255.53469681,247.40774523,352.3204364,0,0,-3.6669968069e-09,-2.5710878451e-05,0.00023460014137
step35_Leta1e-4_xB05_eta1_R1_dep2_N96,nan,750,1.0,5.750530680000001,5.701567234338449,1.1082435530367363,0.04762,0.05414,1.0,-257.48367970910334,-2.960301163586585e-06,0.0,-257.4836832409309,257.4836832409309,255.53469681,247.40774523,352.3204364,0,0,-3.6669968069e-09,-2.5710878451e-05,0.00023460014137
step35_Leta1e-4_xB05_eta1_R1_dep2_N96,nan,750,-0.0,-1.7300000000000007e-05,0.0,0.0,0.04762,0.05414,1.0,nan,nan,nan,nan,nan,255.53469681,247.40774523,352.3204364,0,0,-3.6669968069e-09,-2.5710878451e-05,0.00023460014137
step35_Leta1e-4_xB05_eta1_R1_dep2_N96,nan,750,-0.0,-1590.7727173,0.0,0.0,0.04762,0.05414,467.98421,nan,nan,nan,nan,nan,255.53469681,247.40774523,352.3204364,0,0,-3.6669968069e-09,-2.5710878451e-05,0.00023460014137
step35_Leta1e-4_xB05_eta1_R1_dep2_N96,nan,750,-0.0,-1590.7727173,0.0,0.0,0.04762,0.05414,0.0,nan,nan,nan,nan,nan,255.53469681,247.40774523,352.3204364,0,0,-3.6669968069e-09,-2.5710878451e-05,0.00023460014137
step35_Leta1e-4_xB05_eta1_R1_dep2_N96,nan,750,0.0,0.0,0.0,0.0,0.04762,0.05414,467.98422,nan,nan,nan,nan,nan,255.53469681,247.40774523,352.3204364,0,0,-3.6669968069e-09,-2.5710878451e-05,0.00023460014137
step35_Leta1e-4_xB05_eta1_R1_dep2_N96,nan,750,-0.0,-1590.7726952500007,0.0,0.0,0.04762,0.05414,467.98421,nan,nan,nan,nan,nan,255.53469681,247.40774523,352.3204364,0,0,-3.6669968069e-09,-2.5710878451e-05,0.00023460014137
step35_Leta1e-4_xB05_eta1_R1_dep2_N96,nan,1000,-0.0,-1.4660000000000007e-05,0.0,0.0,0.04748,0.05385,467.98421,nan,nan,nan,nan,nan,252.57400371,244.89161613,348.21562021,0,0,-4.3337991762e-09,-2.7350513969e-05,0.00021502916032
step35_Leta1e-4_xB05_eta1_R1_dep2_N96,nan,1000,-0.0,-1520.29382706,0.0,0.0,0.04748,0.05385,464.01815000000005,nan,nan,nan,nan,nan,252.57400371,244.89161613,348.21562021,0,0,-4.3337991762e-09,-2.7350513969e-05,0.00021502916032
step35_Leta1e-4_xB05_eta1_R1_dep2_N96,nan,1000,-0.0,0.0,0.0,0.0,0.04748,0.05385,464.01816,nan,nan,nan,nan,nan,252.57400371,244.89161613,348.21562021,0,0,-4.3337991762e-09,-2.7350513969e-05,0.00021502916032
step35_Leta1e-4_xB05_eta1_R1_dep2_N96,nan,1000,1.0,6.177460100000003,6.172973490461232,1.1379816721095726,0.04748,0.05385,1.0,-244.51639853712535,-2.4965940054495917e-06,0.0,-244.5164020793597,244.5164020793597,252.57400371,244.89161613,348.21562021,0,0,-4.3337991762e-09,-2.7350513969e-05,0.00021502916032
step35_Leta1e-4_xB05_eta1_R1_dep2_N96,nan,1000,-0.0,-1520.2938484999997,0.0,0.0,0.04748,0.05385,464.52219,nan,nan,nan,nan,nan,252.57400371,244.89161613,348.21562021,0,0,-4.3337991762e-09,-2.7350513969e-05,0.00021502916032
step35_Leta1e-4_xB05_eta1_R1_dep2_N96,nan,1000,0.0,0.0,0.0,0.0,0.04748,0.05385,464.01817,nan,nan,nan,nan,nan,252.57400371,244.89161613,348.21562021,0,0,-4.3337991762e-09,-2.7350513969e-05,0.00021502916032
step35_Leta1e-4_xB05_eta1_R1_dep2_N96,nan,1000,-0.0,-1520.2938484999997,0.0,0.0,0.04748,0.05385,464.01817,nan,nan,nan,nan,nan,252.57400371,244.89161613,348.21562021,0,0,-4.3337991762e-09,-2.7350513969e-05,0.00021502916032
step35_Leta1e-4_xB05_eta1_R1_dep2_N96,nan,1250,0.0,0.0,0.0,0.0,0.04736,0.0536,464.01817,nan,nan,nan,nan,nan,249.83130528,242.61853523,344.70281547,0,0,-4.087393857e-09,-2.7260631103e-05,0.00019567450396
step35_Leta1e-4_xB05_eta1_R1_dep2_N96,nan,1250,1.0,6.58842755,6.606181898723597,1.164002660030582,0.04736,0.0536,1.0,-231.0439212542488,-2.4711080897348743e-06,0.0,-231.0439242726037,231.0439242726037,249.83130528,242.61853523,344.70281547,0,0,-4.087393857e-09,-2.7260631103e-05,0.00019567450396
step35_Leta1e-4_xB05_eta1_R1_dep2_N96,nan,1250,-0.0,-1443.2366437099997,0.0,0.0,0.04736,0.0536,460.49841,nan,nan,nan,nan,nan,249.83130528,242.61853523,344.70281547,0,0,-4.087393857e-09,-2.7260631103e-05,0.00019567450396
step35_Leta1e-4_xB05_eta1_R1_dep2_N96,nan,1250,-0.0,-1443.23666217,0.0,0.0,0.04736,0.0536,1.0000000031595846e-05,nan,nan,nan,nan,nan,249.83130528,242.61853523,344.70281547,0,0,-4.087393857e-09,-2.7260631103e-05,0.00019567450396
step35_Leta1e-4_xB05_eta1_R1_dep2_N96,nan,1250,-0.0,-1.4540000000000003e-05,0.0,0.0,0.04736,0.0536,459.99726000000004,nan,nan,nan,nan,nan,249.83130528,242.61853523,344.70281547,0,0,-4.087393857e-09,-2.7260631103e-05,0.00019567450396
step35_Leta1e-4_xB05_eta1_R1_dep2_N96,nan,1250,-0.0,-1443.23666217,0.0,0.0,0.04736,0.0536,459.99726000000004,nan,nan,nan,nan,nan,249.83130528,242.61853523,344.70281547,0,0,-4.087393857e-09,-2.7260631103e-05,0.00019567450396
step35_Leta1e-4_xB05_eta1_R1_dep2_N96,nan,1250,0.0,0.0,0.0,0.0,0.04736,0.0536,459.99727,nan,nan,nan,nan,nan,249.83130528,242.61853523,344.70281547,0,0,-4.087393857e-09,-2.7260631103e-05,0.00019567450396
step35_Leta1e-4_xB05_eta1_R1_dep2_N96,nan,1500,-0.0,-1370.5790950900005,0.0,0.0,0.04725,0.05337,455.42221,nan,nan,nan,nan,nan,247.30449188,240.46708865,341.41313659,0,0,-3.6066421221e-09,-2.8056925311e-05,0.00018403142816
step35_Leta1e-4_xB05_eta1_R1_dep2_N96,nan,1500,-0.0,-1370.5791157100011,0.0,0.0,0.04725,0.05337,1.0000000031595846e-05,nan,nan,nan,nan,nan,247.30449188,240.46708865,341.41313659,0,0,-3.6066421221e-09,-2.8056925311e-05,0.00018403142816
step35_Leta1e-4_xB05_eta1_R1_dep2_N96,nan,1500,0.0,0.0,0.0,0.0,0.04725,0.05337,455.42222,nan,nan,nan,nan,nan,247.30449188,240.46708865,341.41313659,0,0,-3.6066421221e-09,-2.8056925311e-05,0.00018403142816
step35_Leta1e-4_xB05_eta1_R1_dep2_N96,nan,1500,0.0,0.0,0.0,0.0,0.04725,0.05337,0.0,nan,nan,nan,nan,nan,247.30449188,240.46708865,341.41313659,0,0,-3.6066421221e-09,-2.8056925311e-05,0.00018403142816
step35_Leta1e-4_xB05_eta1_R1_dep2_N96,nan,1500,1.0,6.989052180000001,7.002519957214471,1.186830181323344,0.04725,0.05337,1.0,-218.44748848448688,-2.3423116263211733e-06,0.0,-218.44749168939654,218.44749168939654,247.30449188,240.46708865,341.41313659,0,0,-3.6066421221e-09,-2.8056925311e-05,0.00018403142816
step35_Leta1e-4_xB05_eta1_R1_dep2_N96,nan,1500,-0.0,-1370.5791157100011,0.0,0.0,0.04725,0.05337,455.90742,nan,nan,nan,nan,nan,247.30449188,240.46708865,341.41313659,0,0,-3.6066421221e-09,-2.8056925311e-05,0.00018403142816
step35_Leta1e-4_xB05_eta1_R1_dep2_N96,nan,1500,-0.0,-1.3740000000000004e-05,0.0,0.0,0.04725,0.05337,455.42221,nan,nan,nan,nan,nan,247.30449188,240.46708865,341.41313659,0,0,-3.6066421221e-09,-2.8056925311e-05,0.00018403142816
step35_Leta1e-4_xB05_eta1_R1_dep2_N96,nan,1750,-0.0,-1309.3318751000006,0.0,0.0,0.04714,0.05314,452.5434,nan,nan,nan,nan,nan,244.96907972,238.54447462,338.04836606,0,0,-2.7153530642e-09,-4.0948402518e-05,0.00016466567224
step35_Leta1e-4_xB05_eta1_R1_dep2_N96,nan,1750,1.0,7.3847914,7.366755010332609,1.2070609660994691,0.04714,0.05314,453.03881,-207.884570703259,-2.2744425385934827e-06,0.0,-207.88457335849057,207.88457335849057,244.96907972,238.54447462,338.04836606,0,0,-2.7153530642e-09,-4.0948402518e-05,0.00016466567224
step35_Leta1e-4_xB05_eta1_R1_dep2_N96,nan,1750,-0.0,-1309.3318751000006,0.0,0.0,0.04714,0.05314,453.03881,nan,nan,nan,nan,nan,244.96907972,238.54447462,338.04836606,0,0,-2.7153530642e-09,-4.0948402518e-05,0.00016466567224
step35_Leta1e-4_xB05_eta1_R1_dep2_N96,nan,1750,-0.0,0.0,0.0,0.0,0.04714,0.05314,452.54341,nan,nan,nan,nan,nan,244.96907972,238.54447462,338.04836606,0,0,-2.7153530642e-09,-4.0948402518e-05,0.00016466567224
step35_Leta1e-4_xB05_eta1_R1_dep2_N96,nan,1750,0.0,0.0,0.0,0.0,0.04714,0.05314,0.0,nan,nan,nan,nan,nan,244.96907972,238.54447462,338.04836606,0,0,-2.7153530642e-09,-4.0948402518e-05,0.00016466567224
step35_Leta1e-4_xB05_eta1_R1_dep2_N96,nan,1750,-0.0,-1.326e-05,0.0,0.0,0.04714,0.05314,1e-05,nan,nan,nan,nan,nan,244.96907972,238.54447462,338.04836606,0,0,-2.7153530642e-09,-4.0948402518e-05,0.00016466567224
step35_Leta1e-4_xB05_eta1_R1_dep2_N96,nan,1750,-0.0,-1309.3318581800004,0.0,0.0,0.04714,0.05314,452.5434,nan,nan,nan,nan,nan,244.96907972,238.54447462,338.04836606,0,0,-2.7153530642e-09,-4.0948402518e-05,0.00016466567224
step35_Leta1e-4_xB05_eta1_R1_dep2_N96,nan,2000,1.0,7.775624280000002,7.706271969802044,1.2253267300527784,0.04705,0.05289,453.12849,-218.32300157288,-2.672919109026964e-06,0.0,-218.32300468347012,218.32300468347012,242.78176254,236.73357015,334.39823813,0,0,-1.969897062e-09,-3.9115324668e-05,0.00015243997099
step35_Leta1e-4_xB05_eta1_R1_dep2_N96,nan,2000,-0.0,0.0,0.0,0.0,0.04705,0.05289,1.0,nan,nan,nan,nan,nan,242.78176254,236.73357015,334.39823813,0,0,-1.969897062e-09,-3.9115324668e-05,0.00015243997099
step35_Leta1e-4_xB05_eta1_R1_dep2_N96,nan,2000,-0.0,-1.3680000000000003e-05,0.0,0.0,0.04705,0.05289,1e-05,nan,nan,nan,nan,nan,242.78176254,236.73357015,334.39823813,0,0,-1.969897062e-09,-3.9115324668e-05,0.00015243997099
step35_Leta1e-4_xB05_eta1_R1_dep2_N96,nan,2000,-0.0,-1260.9263543800007,0.0,0.0,0.04705,0.05289,448.9698,nan,nan,nan,nan,nan,242.78176254,236.73357015,334.39823813,0,0,-1.969897062e-09,-3.9115324668e-05,0.00015243997099
step35_Leta1e-4_xB05_eta1_R1_dep2_N96,nan,2000,-0.0,-1260.9263357800007,0.0,0.0,0.04705,0.05289,1.0000000031595846e-05,nan,nan,nan,nan,nan,242.78176254,236.73357015,334.39823813,0,0,-1.969897062e-09,-3.9115324668e-05,0.00015243997099
step35_Leta1e-4_xB05_eta1_R1_dep2_N96,nan,2000,-0.0,-1260.9263543800007,0.0,0.0,0.04705,0.05289,1.0000000031595846e-05,nan,nan,nan,nan,nan,242.78176254,236.73357015,334.39823813,0,0,-1.969897062e-09,-3.9115324668e-05,0.00015243997099
step35_Leta1e-4_xB05_eta1_R1_dep2_N96,nan,2000,0.0,0.0,0.0,0.0,0.04705,0.05289,448.96981,nan,nan,nan,nan,nan,242.78176254,236.73357015,334.39823813,0,0,-1.969897062e-09,-3.9115324668e-05,0.00015243997099
step35_Leta1e-4_xB05_eta1_R1_dep2_N96,nan,2250,-0.0,0.0,0.0,0.0,0.04695,0.05262,0.0,nan,nan,nan,nan,nan,240.7035543,234.86741135,330.37449506,0,0,-1.7680001803e-09,-2.8645037387e-05,0.00014479476588
step35_Leta1e-4_xB05_eta1_R1_dep2_N96,nan,2250,-0.0,-1222.8251797900002,0.0,0.0,0.04695,0.05262,445.53471,nan,nan,nan,nan,nan,240.7035543,234.86741135,330.37449506,0,0,-1.7680001803e-09,-2.8645037387e-05,0.00014479476588
step35_Leta1e-4_xB05_eta1_R1_dep2_N96,nan,2250,1.0,8.157967900000003,8.027290936105326,1.2421102093482423,0.04695,0.05262,446.03483,-225.59486308497014,-2.4466268146883007e-06,0.0,-225.59486628949617,225.59486628949617,240.7035543,234.86741135,330.37449506,0,0,-1.7680001803e-09,-2.8645037387e-05,0.00014479476588
step35_Leta1e-4_xB05_eta1_R1_dep2_N96,nan,2250,-0.0,-1222.8251634000007,0.0,0.0,0.04695,0.05262,446.03483,nan,nan,nan,nan,nan,240.7035543,234.86741135,330.37449506,0,0,-1.7680001803e-09,-2.8645037387e-05,0.00014479476588
step35_Leta1e-4_xB05_eta1_R1_dep2_N96,nan,2250,-0.0,-1.146e-05,0.0,0.0,0.04695,0.05262,445.53470000000004,nan,nan,nan,nan,nan,240.7035543,234.86741135,330.37449506,0,0,-1.7680001803e-09,-2.8645037387e-05,0.00014479476588
step35_Leta1e-4_xB05_eta1_R1_dep2_N96,nan,2250,-0.0,-1222.8251797900002,0.0,0.0,0.04695,0.05262,445.53470000000004,nan,nan,nan,nan,nan,240.7035543,234.86741135,330.37449506,0,0,-1.7680001803e-09,-2.8645037387e-05,0.00014479476588
step35_Leta1e-4_xB05_eta1_R1_dep2_N96,nan,2250,0.0,0.0,0.0,0.0,0.04695,0.05262,445.53471,nan,nan,nan,nan,nan,240.7035543,234.86741135,330.37449506,0,0,-1.7680001803e-09,-2.8645037387e-05,0.00014479476588
step35_Leta1e-4_xB05_eta1_R1_dep2_N96,nan,2500,-0.0,-1194.2423983100007,0.0,0.0,0.04685,0.05234,442.13623,nan,nan,nan,nan,nan,238.71305589,232.97400091,326.23745728,0,0,-1.2490759232e-09,-3.2227761468e-05,0.00013430767686
step35_Leta1e-4_xB05_eta1_R1_dep2_N96,nan,2500,-0.0,-1194.2423983100007,0.0,0.0,0.04685,0.05234,0.0,nan,nan,nan,nan,nan,238.71305589,232.97400091,326.23745728,0,0,-1.2490759232e-09,-3.2227761468e-05,0.00013430767686
step35_Leta1e-4_xB05_eta1_R1_dep2_N96,nan,2500,1.0,8.535584030000004,8.333324005508706,1.2576985286370872,0.04685,0.05234,442.63008,-244.0002396142578,-2.9736328125000004e-06,0.0,-244.00024330322265,244.00024330322265,238.71305589,232.97400091,326.23745728,0,0,-1.2490759232e-09,-3.2227761468e-05,0.00013430767686
step35_Leta1e-4_xB05_eta1_R1_dep2_N96,nan,2500,-0.0,0.0,0.0,0.0,0.04685,0.05234,1.0,nan,nan,nan,nan,nan,238.71305589,232.97400091,326.23745728,0,0,-1.2490759232e-09,-3.2227761468e-05,0.00013430767686
step35_Leta1e-4_xB05_eta1_R1_dep2_N96,nan,2500,0.0,0.0,0.0,0.0,0.04685,0.05234,0.0,nan,nan,nan,nan,nan,238.71305589,232.97400091,326.23745728,0,0,-1.2490759232e-09,-3.2227761468e-05,0.00013430767686
step35_Leta1e-4_xB05_eta1_R1_dep2_N96,nan,2500,-0.0,-1194.2423812200002,0.0,0.0,0.04685,0.05234,442.13623,nan,nan,nan,nan,nan,238.71305589,232.97400091,326.23745728,0,0,-1.2490759232e-09,-3.2227761468e-05,0.00013430767686
step35_Leta1e-4_xB05_eta1_R1_dep2_N96,nan,2500,-0.0,-1.218e-05,0.0,0.0,0.04685,0.05234,442.13622000000004,nan,nan,nan,nan,nan,238.71305589,232.97400091,326.23745728,0,0,-1.2490759232e-09,-3.2227761468e-05,0.00013430767686
step35_Leta1e-4_xB05_eta1_R1_dep2_N96,nan,2750,-0.0,-1.1779999999999997e-05,0.0,0.0,0.04675,0.05207,1e-05,nan,nan,nan,nan,nan,236.78807747,231.16542594,322.1126603,0,0,-7.5376477261e-10,-3.4824478112e-05,0.00012684581574
step35_Leta1e-4_xB05_eta1_R1_dep2_N96,nan,2750,0.0,0.0,0.0,0.0,0.04675,0.05207,1e-05,nan,nan,nan,nan,nan,236.78807747,231.16542594,322.1126603,0,0,-7.5376477261e-10,-3.4824478112e-05,0.00012684581574
step35_Leta1e-4_xB05_eta1_R1_dep2_N96,nan,2750,1.0,8.903067020000003,8.628030390392324,1.272353197679402,0.04675,0.05207,1.0,-247.6768879175153,-2.9989816700611e-06,0.0,-247.67689167515275,247.67689167515275,236.78807747,231.16542594,322.1126603,0,0,-7.5376477261e-10,-3.4824478112e-05,0.00012684581574
step35_Leta1e-4_xB05_eta1_R1_dep2_N96,nan,2750,-0.0,-1174.9438851900009,0.0,0.0,0.04675,0.05207,439.34664,nan,nan,nan,nan,nan,236.78807747,231.16542594,322.1126603,0,0,-7.5376477261e-10,-3.4824478112e-05,0.00012684581574
step35_Leta1e-4_xB05_eta1_R1_dep2_N96,nan,2750,-0.0,0.0,0.0,0.0,0.04675,0.05207,438.84186,nan,nan,nan,nan,nan,236.78807747,231.16542594,322.1126603,0,0,-7.5376477261e-10,-3.4824478112e-05,0.00012684581574
step35_Leta1e-4_xB05_eta1_R1_dep2_N96,nan,2750,-0.0,-1174.9438851900009,0.0,0.0,0.04675,0.05207,438.84186,nan,nan,nan,nan,nan,236.78807747,231.16542594,322.1126603,0,0,-7.5376477261e-10,-3.4824478112e-05,0.00012684581574
step35_Leta1e-4_xB05_eta1_R1_dep2_N96,nan,2750,-0.0,-1174.943867750001,0.0,0.0,0.04675,0.05207,1.0000000031595846e-05,nan,nan,nan,nan,nan,236.78807747,231.16542594,322.1126603,0,0,-7.5376477261e-10,-3.4824478112e-05,0.00012684581574
step35_Leta1e-4_xB05_eta1_R1_dep2_N96,nan,3000,-0.0,-1161.78708733,0.0,0.0,0.04666,0.0518,92.81053000000003,nan,nan,nan,nan,nan,234.90012479,229.25849664,317.95506474,0,0,-9.186483886e-10,-3.1406803747e-05,0.00012428166927
step35_Leta1e-4_xB05_eta1_R1_dep2_N96,nan,3000,1.0,9.260591300000003,8.915951604910338,1.286351619829227,0.04666,0.0518,435.86948,-254.4562793067452,-3.559957173447538e-06,0.0,-254.4562833592077,254.4562833592077,234.90012479,229.25849664,317.95506474,0,0,-9.186483886e-10,-3.1406803747e-05,0.00012428166927
step35_Leta1e-4_xB05_eta1_R1_dep2_N96,nan,3000,-0.0,-1161.7870692000006,0.0,0.0,0.04666,0.0518,435.86947000000004,nan,nan,nan,nan,nan,234.90012479,229.25849664,317.95506474,0,0,-9.186483886e-10,-3.1406803747e-05,0.00012428166927
step35_Leta1e-4_xB05_eta1_R1_dep2_N96,nan,3000,-0.0,-1.3300000000000003e-05,0.0,0.0,0.04666,0.0518,435.37537000000003,nan,nan,nan,nan,nan,234.90012479,229.25849664,317.95506474,0,0,-9.186483886e-10,-3.1406803747e-05,0.00012428166927
step35_Leta1e-4_xB05_eta1_R1_dep2_N96,nan,3000,-0.0,0.0,0.0,0.0,0.04666,0.0518,1e-05,nan,nan,nan,nan,nan,234.90012479,229.25849664,317.95506474,0,0,-9.186483886e-10,-3.1406803747e-05,0.00012428166927
step35_Leta1e-4_xB05_eta1_R1_dep2_N96,nan,3000,0.0,0.0,0.0,0.0,0.04666,0.0518,0.0,nan,nan,nan,nan,nan,234.90012479,229.25849664,317.95506474,0,0,-9.186483886e-10,-3.1406803747e-05,0.00012428166927
step35_Leta1e-4_xB05_eta1_R1_dep2_N96,nan,3000,-0.0,-1161.78708733,0.0,0.0,0.04666,0.0518,435.37539,nan,nan,nan,nan,nan,234.90012479,229.25849664,317.95506474,0,0,-9.186483886e-10,-3.1406803747e-05,0.00012428166927
step35_Leta1e-4_xB05_eta1_R1_dep2_N96,nan,3250,1.0,9.611487170000007,9.198665920897177,1.2998066234539145,0.04656,0.05154,435.94781,-245.44316825883575,-3.27962577962578e-06,0.0,-245.4431720997921,245.4431720997921,233.0378075,227.43704851,313.957262,0,0,-5.688871617e-10,-2.5804568104e-05,0.00012427224176
step35_Leta1e-4_xB05_eta1_R1_dep2_N96,nan,3250,0.0,0.0,0.0,0.0,0.04656,0.05154,1.0,nan,nan,nan,nan,nan,233.0378075,227.43704851,313.957262,0,0,-5.688871617e-10,-2.5804568104e-05,0.00012427224176
step35_Leta1e-4_xB05_eta1_R1_dep2_N96,nan,3250,-0.0,-1152.83270145,0.0,0.0,0.04656,0.05154,432.26978,nan,nan,nan,nan,nan,233.0378075,227.43704851,313.957262,0,0,-5.688871617e-10,-2.5804568104e-05,0.00012427224176
step35_Leta1e-4_xB05_eta1_R1_dep2_N96,nan,3250,-0.0,-1152.83270145,0.0,0.0,0.04656,0.05154,0.0,nan,nan,nan,nan,nan,233.0378075,227.43704851,313.957262,0,0,-5.688871617e-10,-2.5804568104e-05,0.00012427224176
step35_Leta1e-4_xB05_eta1_R1_dep2_N96,nan,3250,-0.0,-1.2620000000000001e-05,0.0,0.0,0.04656,0.05154,432.26977000000005,nan,nan,nan,nan,nan,233.0378075,227.43704851,313.957262,0,0,-5.688871617e-10,-2.5804568104e-05,0.00012427224176
step35_Leta1e-4_xB05_eta1_R1_dep2_N96,nan,3250,0.0,0.0,0.0,0.0,0.04656,0.05154,1e-05,nan,nan,nan,nan,nan,233.0378075,227.43704851,313.957262,0,0,-5.688871617e-10,-2.5804568104e-05,0.00012427224176
step35_Leta1e-4_xB05_eta1_R1_dep2_N96,nan,3250,-0.0,-1152.83268318,0.0,0.0,0.04656,0.05154,432.26978,nan,nan,nan,nan,nan,233.0378075,227.43704851,313.957262,0,0,-5.688871617e-10,-2.5804568104e-05,0.00012427224176
step35_Leta1e-4_xB05_eta1_R1_dep2_N96,nan,3500,0.0,0.0,0.0,0.0,0.04647,0.05129,432.26978,nan,nan,nan,nan,nan,231.20137589,225.78155545,310.05397791,0,0,-6.2013826622e-10,-2.5400342864e-05,0.00012293990572
step35_Leta1e-4_xB05_eta1_R1_dep2_N96,nan,3500,0.0,0.0,0.0,0.0,0.04647,0.05129,0.0,nan,nan,nan,nan,nan,231.20137589,225.78155545,310.05397791,0,0,-6.2013826622e-10,-2.5400342864e-05,0.00012293990572
step35_Leta1e-4_xB05_eta1_R1_dep2_N96,nan,3500,-0.0,-1.1520000000000003e-05,0.0,0.0,0.04647,0.05129,1e-05,nan,nan,nan,nan,nan,231.20137589,225.78155545,310.05397791,0,0,-6.2013826622e-10,-2.5400342864e-05,0.00012293990572
step35_Leta1e-4_xB05_eta1_R1_dep2_N96,nan,3500,-0.0,-1147.5014329200003,0.0,0.0,0.04647,0.05129,428.44453000000004,nan,nan,nan,nan,nan,231.20137589,225.78155545,310.05397791,0,0,-6.2013826622e-10,-2.5400342864e-05,0.00012293990572
step35_Leta1e-4_xB05_eta1_R1_dep2_N96,nan,3500,1.0,9.954679130000008,9.476264492926552,1.3127525024859978,0.04647,0.05129,428.93491,-253.8273878892544,-3.157894736842106e-06,0.0,-253.82739158442985,253.82739158442985,231.20137589,225.78155545,310.05397791,0,0,-6.2013826622e-10,-2.5400342864e-05,0.00012293990572
step35_Leta1e-4_xB05_eta1_R1_dep2_N96,nan,3500,-0.0,-1147.5014488800005,0.0,0.0,0.04647,0.05129,428.93491,nan,nan,nan,nan,nan,231.20137589,225.78155545,310.05397791,0,0,-6.2013826622e-10,-2.5400342864e-05,0.00012293990572
step35_Leta1e-4_xB05_eta1_R1_dep2_N96,nan,3500,-0.0,-1147.5014488800005,0.0,0.0,0.04647,0.05129,0.0,nan,nan,nan,nan,nan,231.20137589,225.78155545,310.05397791,0,0,-6.2013826622e-10,-2.5400342864e-05,0.00012293990572
step35_Leta1e-4_xB05_eta1_R1_dep2_N96,nan,3750,1.0,10.289780070000008,9.749047601107272,1.3252298021698923,0.04639,0.05103,429.01145,-257.86972225506753,-3.1531531531531537e-06,0.0,-257.8697258220721,257.8697258220721,229.38868156,224.20326591,305.80439824,0,0,-6.746756906e-10,-2.8827285455e-05,0.00011819223332
step35_Leta1e-4_xB05_eta1_R1_dep2_N96,nan,3750,0.0,0.0,0.0,0.0,0.04639,0.05103,1.0,nan,nan,nan,nan,nan,229.38868156,224.20326591,305.80439824,0,0,-6.746756906e-10,-2.8827285455e-05,0.00011819223332
step35_Leta1e-4_xB05_eta1_R1_dep2_N96,nan,3750,-0.0,-1144.3361422300004,0.0,0.0,0.04639,0.05103,425.50284,nan,nan,nan,nan,nan,229.38868156,224.20326591,305.80439824,0,0,-6.746756906e-10,-2.8827285455e-05,0.00011819223332
step35_Leta1e-4_xB05_eta1_R1_dep2_N96,nan,3750,0.0,0.0,0.0,0.0,0.04639,0.05103,425.50284,nan,nan,nan,nan,nan,229.38868156,224.20326591,305.80439824,0,0,-6.746756906e-10,-2.8827285455e-05,0.00011819223332
step35_Leta1e-4_xB05_eta1_R1_dep2_N96,nan,3750,-0.0,-1.1200000000000001e-05,0.0,0.0,0.04639,0.05103,1e-05,nan,nan,nan,nan,nan,229.38868156,224.20326591,305.80439824,0,0,-6.746756906e-10,-2.8827285455e-05,0.00011819223332
step35_Leta1e-4_xB05_eta1_R1_dep2_N96,nan,3750,-0.0,-1144.3361422300004,0.0,0.0,0.04639,0.05103,425.50283,nan,nan,nan,nan,nan,229.38868156,224.20326591,305.80439824,0,0,-6.746756906e-10,-2.8827285455e-05,0.00011819223332
step35_Leta1e-4_xB05_eta1_R1_dep2_N96,nan,3750,-0.0,-1144.33612614,0.0,0.0,0.04639,0.05103,1.0000000031595846e-05,nan,nan,nan,nan,nan,229.38868156,224.20326591,305.80439824,0,0,-6.746756906e-10,-2.8827285455e-05,0.00011819223332
step35_Leta1e-4_xB05_eta1_R1_dep2_N96,nan,4000,-0.0,-1143.98990471,0.0,0.0,0.04631,0.05073,84.55606,nan,nan,nan,nan,nan,227.59963417,222.66402337,301.07213505,0,0,-3.1146822526e-10,-3.0473667418e-05,0.00011620735693
step35_Leta1e-4_xB05_eta1_R1_dep2_N96,nan,4000,-0.0,-1.094e-05,0.0,0.0,0.04631,0.05073,422.18495,nan,nan,nan,nan,nan,227.59963417,222.66402337,301.07213505,0,0,-3.1146822526e-10,-3.0473667418e-05,0.00011620735693
step35_Leta1e-4_xB05_eta1_R1_dep2_N96,nan,4000,-0.0,-1143.9898848400005,0.0,0.0,0.04631,0.05073,422.18494000000004,nan,nan,nan,nan,nan,227.59963417,222.66402337,301.07213505,0,0,-3.1146822526e-10,-3.0473667418e-05,0.00011620735693
step35_Leta1e-4_xB05_eta1_R1_dep2_N96,nan,4000,1.0,10.617543770000003,10.017045244582182,1.3372635547958756,0.04631,0.05073,422.67814000000004,-258.4812513095238,-3.1009070294784586e-06,0.0,-258.4812556235828,258.4812556235828,227.59963417,222.66402337,301.07213505,0,0,-3.1146822526e-10,-3.0473667418e-05,0.00011620735693
step35_Leta1e-4_xB05_eta1_R1_dep2_N96,nan,4000,0.0,0.0,0.0,0.0,0.04631,0.05073,1.0,nan,nan,nan,nan,nan,227.59963417,222.66402337,301.07213505,0,0,-3.1146822526e-10,-3.0473667418e-05,0.00011620735693
step35_Leta1e-4_xB05_eta1_R1_dep2_N96,nan,4000,0.0,0.0,0.0,0.0,0.04631,0.05073,0.0,nan,nan,nan,nan,nan,227.59963417,222.66402337,301.07213505,0,0,-3.1146822526e-10,-3.0473667418e-05,0.00011620735693
step35_Leta1e-4_xB05_eta1_R1_dep2_N96,nan,4000,-0.0,-1143.98990471,0.0,0.0,0.04631,0.05073,422.18496,nan,nan,nan,nan,nan,227.59963417,222.66402337,301.07213505,0,0,-3.1146822526e-10,-3.0473667418e-05,0.00011620735693
step35_Leta1e-4_xB05_eta1_R1_dep2_N96,nan,4250,-0.0,-1145.3423585100002,0.0,0.0,0.04623,0.05042,82.63086999999999,nan,nan,nan,nan,nan,225.82458166,221.09391514,295.94749856,0,0,-5.6530950233e-10,-2.871532217e-05,0.00011251599107
step35_Leta1e-4_xB05_eta1_R1_dep2_N96,nan,4250,1.0,10.938983440000001,10.281733883174898,1.3489398456113266,0.04623,0.05042,419.59209,-253.35363800502233,-3.0970982142857144e-06,0.0,-253.3536420424107,253.3536420424107,225.82458166,221.09391514,295.94749856,0,0,-5.6530950233e-10,-2.871532217e-05,0.00011251599107
step35_Leta1e-4_xB05_eta1_R1_dep2_N96,nan,4250,-0.0,-1145.34237678,0.0,0.0,0.04623,0.05042,419.59209999999996,nan,nan,nan,nan,nan,225.82458166,221.09391514,295.94749856,0,0,-5.6530950233e-10,-2.871532217e-05,0.00011251599107
step35_Leta1e-4_xB05_eta1_R1_dep2_N96,nan,4250,0.0,0.0,0.0,0.0,0.04623,0.05042,419.08574,nan,nan,nan,nan,nan,225.82458166,221.09391514,295.94749856,0,0,-5.6530950233e-10,-2.871532217e-05,0.00011251599107
step35_Leta1e-4_xB05_eta1_R1_dep2_N96,nan,4250,-0.0,-1.1100000000000002e-05,0.0,0.0,0.04623,0.05042,1e-05,nan,nan,nan,nan,nan,225.82458166,221.09391514,295.94749856,0,0,-5.6530950233e-10,-2.871532217e-05,0.00011251599107
step35_Leta1e-4_xB05_eta1_R1_dep2_N96,nan,4250,-0.0,-1145.34237678,0.0,0.0,0.04623,0.05042,419.08573,nan,nan,nan,nan,nan,225.82458166,221.09391514,295.94749856,0,0,-5.6530950233e-10,-2.871532217e-05,0.00011251599107
step35_Leta1e-4_xB05_eta1_R1_dep2_N96,nan,4250,0.0,0.0,0.0,0.0,0.04623,0.05042,419.08574,nan,nan,nan,nan,nan,225.82458166,221.09391514,295.94749856,0,0,-5.6530950233e-10,-2.871532217e-05,0.00011251599107
step35_Leta1e-4_xB05_eta1_R1_dep2_N96,nan,4500,-0.0,-1.3180000000000001e-05,0.0,0.0,0.04616,0.0501,1e-05,nan,nan,nan,nan,nan,224.05850236,219.56645684,290.75469831,0,0,1.6315087575e-10,-2.6590003851e-05,0.00011187992965
step35_Leta1e-4_xB05_eta1_R1_dep2_N96,nan,4500,1.0,11.259196680000006,10.544097953081652,1.3603174656294454,0.04616,0.0501,1.0,-249.586814655837,-3.628854625550661e-06,0.0,-249.58681823237887,249.58681823237887,224.05850236,219.56645684,290.75469831,0,0,1.6315087575e-10,-2.6590003851e-05,0.00011187992965
step35_Leta1e-4_xB05_eta1_R1_dep2_N96,nan,4500,0.0,0.0,0.0,0.0,0.04616,0.0501,1.0,nan,nan,nan,nan,nan,224.05850236,219.56645684,290.75469831,0,0,1.6315087575e-10,-2.6590003851e-05,0.00011187992965
step35_Leta1e-4_xB05_eta1_R1_dep2_N96,nan,4500,-0.0,-1150.59087225,0.0,0.0,0.04616,0.0501,415.65396,nan,nan,nan,nan,nan,224.05850236,219.56645684,290.75469831,0,0,1.6315087575e-10,-2.6590003851e-05,0.00011187992965
step35_Leta1e-4_xB05_eta1_R1_dep2_N96,nan,4500,-0.0,-1150.5908886500001,0.0,0.0,0.04616,0.0501,1.0000000031595846e-05,nan,nan,nan,nan,nan,224.05850236,219.56645684,290.75469831,0,0,1.6315087575e-10,-2.6590003851e-05,0.00011187992965
step35_Leta1e-4_xB05_eta1_R1_dep2_N96,nan,4500,-0.0,-1150.5908886500001,0.0,0.0,0.04616,0.0501,0.0,nan,nan,nan,nan,nan,224.05850236,219.56645684,290.75469831,0,0,1.6315087575e-10,-2.6590003851e-05,0.00011187992965
step35_Leta1e-4_xB05_eta1_R1_dep2_N96,nan,4500,0.0,0.0,0.0,0.0,0.04616,0.0501,415.65396,nan,nan,nan,nan,nan,224.05850236,219.56645684,290.75469831,0,0,1.6315087575e-10,-2.6590003851e-05,0.00011187992965
step35_Leta1e-4_xB05_eta1_R1_dep2_N96,nan,4750,0.0,0.0,0.0,0.0,0.04607,0.0498,0.0,nan,nan,nan,nan,nan,222.28559509,217.92184047,285.67306437,0,0,1.6597166393e-10,-2.392608037e-05,0.00011783019337
step35_Leta1e-4_xB05_eta1_R1_dep2_N96,nan,4750,0.0,0.0,0.0,0.0,0.04607,0.0498,0.0,nan,nan,nan,nan,nan,222.28559509,217.92184047,285.67306437,0,0,1.6597166393e-10,-2.392608037e-05,0.00011783019337
step35_Leta1e-4_xB05_eta1_R1_dep2_N96,nan,4750,-0.0,-1159.4413632499995,0.0,0.0,0.04607,0.0498,412.51984,nan,nan,nan,nan,nan,222.28559509,217.92184047,285.67306437,0,0,1.6597166393e-10,-2.392608037e-05,0.00011783019337
step35_Leta1e-4_xB05_eta1_R1_dep2_N96,nan,4750,-0.0,-1159.4413632499995,0.0,0.0,0.04607,0.0498,0.0,nan,nan,nan,nan,nan,222.28559509,217.92184047,285.67306437,0,0,1.6597166393e-10,-2.392608037e-05,0.00011783019337
step35_Leta1e-4_xB05_eta1_R1_dep2_N96,nan,4750,1.0,11.578101670000004,10.806422120031506,1.3715061926369936,0.04607,0.0498,413.02306999999996,-246.4131307119565,-3.255434782608696e-06,0.0,-246.41313425543478,246.41313425543478,222.28559509,217.92184047,285.67306437,0,0,1.6597166393e-10,-2.392608037e-05,0.00011783019337
step35_Leta1e-4_xB05_eta1_R1_dep2_N96,nan,4750,-0.0,-1.1980000000000002e-05,0.0,0.0,0.04607,0.0498,1.0,nan,nan,nan,nan,nan,222.28559509,217.92184047,285.67306437,0,0,1.6597166393e-10,-2.392608037e-05,0.00011783019337
step35_Leta1e-4_xB05_eta1_R1_dep2_N96,nan,4750,-0.0,-1159.4413464399993,0.0,0.0,0.04607,0.0498,412.51982000000004,nan,nan,nan,nan,nan,222.28559509,217.92184047,285.67306437,0,0,1.6597166393e-10,-2.392608037e-05,0.00011783019337
step35_Leta1e-4_xB05_eta1_R1_dep2_N96,nan,5000,-0.0,0.0,0.0,0.0,0.04598,0.0495,412.51983,nan,nan,nan,nan,nan,220.49650049,216.17545962,280.70917218,0,0,1.7125372146e-10,-2.4008895834e-05,0.00012296959605
step35_Leta1e-4_xB05_eta1_R1_dep2_N96,nan,5000,1.0,11.897770060000008,11.069943608611487,1.382565131611619,0.04598,0.0495,1.0,-236.18969746406574,-3.0954825462012324e-06,0.0,-236.18970101386037,236.18970101386037,220.49650049,216.17545962,280.70917218,0,0,1.7125372146e-10,-2.4008895834e-05,0.00012296959605
step35_Leta1e-4_xB05_eta1_R1_dep2_N96,nan,5000,0.0,0.0,0.0,0.0,0.04598,0.0495,1.0,nan,nan,nan,nan,nan,220.49650049,216.17545962,280.70917218,0,0,1.7125372146e-10,-2.4008895834e-05,0.00012296959605
step35_Leta1e-4_xB05_eta1_R1_dep2_N96,nan,5000,-0.0,-1170.9421028199993,0.0,0.0,0.04598,0.0495,409.37592,nan,nan,nan,nan,nan,220.49650049,216.17545962,280.70917218,0,0,1.7125372146e-10,-2.4008895834e-05,0.00012296959605
step35_Leta1e-4_xB05_eta1_R1_dep2_N96,nan,5000,-0.0,-1170.9421028199993,0.0,0.0,0.04598,0.0495,0.0,nan,nan,nan,nan,nan,220.49650049,216.17545962,280.70917218,0,0,1.7125372146e-10,-2.4008895834e-05,0.00012296959605
step35_Leta1e-4_xB05_eta1_R1_dep2_N96,nan,5000,-0.0,-1.2060000000000005e-05,0.0,0.0,0.04598,0.0495,409.37591000000003,nan,nan,nan,nan,nan,220.49650049,216.17545962,280.70917218,0,0,1.7125372146e-10,-2.4008895834e-05,0.00012296959605
step35_Leta1e-4_xB05_eta1_R1_dep2_N96,nan,5000,-0.0,-1170.9420860199991,0.0,0.0,0.04598,0.0495,409.3759,nan,nan,nan,nan,nan,220.49650049,216.17545962,280.70917218,0,0,1.7125372146e-10,-2.4008895834e-05,0.00012296959605
