host_id,host_family,host_status,host_direction,TA1_m_s,TA2_m_s,LA_m_s,case_id,source_status,total_Nv_m-3,morphology,background_model,parameter,parameter_unit,chi2,AICc,degrees_of_freedom,chi2_survival_probability,RMSE_W_mK,MAPE_percent,max_abs_residual_W_mK,parameter_physicality,fit_data_identity
H-P0_YU_SCALAR,H-P0,AVAILABLE_CONTROL,scalar,1770.0,1770.0,1770.0,lower_1sigma__zero_particle_scattering_limit,SOURCE_LITERAL_BOUND,2.1e+21,zero_particle_scattering_limit,B0_none,0.0,none,19497.626472400367,19497.626472400367,7,0.0,0.7916498104131362,72.2906520521575,1.067974775907171,PASS_ZERO_BACKGROUND_CONTROL,AQ_MEASURED_TOTAL_ONLY_NO_6H_NO_48H
H-P0_YU_SCALAR,H-P0,AVAILABLE_CONTROL,scalar,1770.0,1770.0,1770.0,lower_1sigma__zero_particle_scattering_limit,SOURCE_LITERAL_BOUND,2.1e+21,zero_particle_scattering_limit,B1_constant,129331421567.89671,s^-1,94.50709456792322,97.30709456792322,6,3.501548445273655e-18,0.05511558799181268,4.701344457811398,0.10706570767325296,PASS_NONNEGATIVE_ONE_PARAMETER,AQ_MEASURED_TOTAL_ONLY_NO_6H_NO_48H
H-P0_YU_SCALAR,H-P0,AVAILABLE_CONTROL,scalar,1770.0,1770.0,1770.0,lower_1sigma__zero_particle_scattering_limit,SOURCE_LITERAL_BOUND,2.1e+21,zero_particle_scattering_limit,B2_omega2,2.8228972475676483e-15,s,73.27849703700187,76.07849703700187,6,8.676306435108506e-14,0.048532260012322026,4.0463988070932775,0.07523407398273929,PASS_NONNEGATIVE_ONE_PARAMETER,AQ_MEASURED_TOTAL_ONLY_NO_6H_NO_48H
H-P0_YU_SCALAR,H-P0,AVAILABLE_CONTROL,scalar,1770.0,1770.0,1770.0,lower_1sigma__zero_particle_scattering_limit,SOURCE_LITERAL_BOUND,2.1e+21,zero_particle_scattering_limit,B4_omega4,4.811540534859455e-41,s^3,99.91467565905864,102.71467565905864,6,2.6142946614973647e-19,0.05667047861262535,4.8274863229628835,0.11206000613650291,PASS_NONNEGATIVE_ONE_PARAMETER,AQ_MEASURED_TOTAL_ONLY_NO_6H_NO_48H
H-P0_YU_SCALAR,H-P0,AVAILABLE_CONTROL,scalar,1770.0,1770.0,1770.0,lower_1sigma__zero_particle_scattering_limit,SOURCE_LITERAL_BOUND,2.1e+21,zero_particle_scattering_limit,BU_host_scale,1.8665164096406606,dimensionless,359.5129612029473,362.3129612029473,6,1.3993406118715698e-74,0.10749778487462834,9.468830800961385,0.20108900611454694,PASS_NONNEGATIVE_ONE_PARAMETER,AQ_MEASURED_TOTAL_ONLY_NO_6H_NO_48H
H-P0_YU_SCALAR,H-P0,AVAILABLE_CONTROL,scalar,1770.0,1770.0,1770.0,lower_1sigma__all_small_at_reported_max,SOURCE_LITERAL_BOUND,2.1e+21,all_small_at_reported_max,B0_none,0.0,none,19383.359635432036,19383.359635432036,7,0.0,0.7893266495629774,72.0848136856052,1.0643992940980462,PASS_ZERO_BACKGROUND_CONTROL,AQ_MEASURED_TOTAL_ONLY_NO_6H_NO_48H
H-P0_YU_SCALAR,H-P0,AVAILABLE_CONTROL,scalar,1770.0,1770.0,1770.0,lower_1sigma__all_small_at_reported_max,SOURCE_LITERAL_BOUND,2.1e+21,all_small_at_reported_max,B1_constant,128959192449.72313,s^-1,94.45679974127177,97.25679974127176,6,3.586979809851618e-18,0.05510092032130827,4.699970425103655,0.10702020367028453,PASS_NONNEGATIVE_ONE_PARAMETER,AQ_MEASURED_TOTAL_ONLY_NO_6H_NO_48H
H-P0_YU_SCALAR,H-P0,AVAILABLE_CONTROL,scalar,1770.0,1770.0,1770.0,lower_1sigma__all_small_at_reported_max,SOURCE_LITERAL_BOUND,2.1e+21,all_small_at_reported_max,B2_omega2,2.818424153902592e-15,s,73.278283634471,76.07828363447099,6,8.677183095009664e-14,0.048532189344151454,4.046366752120529,0.0752309345526948,PASS_NONNEGATIVE_ONE_PARAMETER,AQ_MEASURED_TOTAL_ONLY_NO_6H_NO_48H
H-P0_YU_SCALAR,H-P0,AVAILABLE_CONTROL,scalar,1770.0,1770.0,1770.0,lower_1sigma__all_small_at_reported_max,SOURCE_LITERAL_BOUND,2.1e+21,all_small_at_reported_max,B4_omega4,4.799067811274695e-41,s^3,99.76938564960994,102.56938564960994,6,2.803271687355441e-19,0.05662926019440862,4.824307676271557,0.11195407755624032,PASS_NONNEGATIVE_ONE_PARAMETER,AQ_MEASURED_TOTAL_ONLY_NO_6H_NO_48H
H-P0_YU_SCALAR,H-P0,AVAILABLE_CONTROL,scalar,1770.0,1770.0,1770.0,lower_1sigma__all_small_at_reported_max,SOURCE_LITERAL_BOUND,2.1e+21,all_small_at_reported_max,BU_host_scale,1.8650599271173776,dimensionless,358.66143071646235,361.46143071646236,6,2.131977683170411e-74,0.10737040155541938,9.458930574973321,0.20088435364456803,PASS_NONNEGATIVE_ONE_PARAMETER,AQ_MEASURED_TOTAL_ONLY_NO_6H_NO_48H
H-P0_YU_SCALAR,H-P0,AVAILABLE_CONTROL,scalar,1770.0,1770.0,1770.0,lower_1sigma__single_APT_37to6_prolate_AR10,SINGLE_APT_COUNT_FRACTION_DIAGNOSTIC,2.1e+21,single_APT_37to6_prolate_AR10,B0_none,0.0,none,19186.705640512424,19186.705640512424,7,0.0,0.7853123827147018,71.73116577453777,1.0581371672365671,PASS_ZERO_BACKGROUND_CONTROL,AQ_MEASURED_TOTAL_ONLY_NO_6H_NO_48H
H-P0_YU_SCALAR,H-P0,AVAILABLE_CONTROL,scalar,1770.0,1770.0,1770.0,lower_1sigma__single_APT_37to6_prolate_AR10,SINGLE_APT_COUNT_FRACTION_DIAGNOSTIC,2.1e+21,single_APT_37to6_prolate_AR10,B1_constant,128668087443.30762,s^-1,94.44603001271278,97.24603001271278,6,3.605542377400017e-18,0.05509777899705781,4.699677992569972,0.10701046599956143,PASS_NONNEGATIVE_ONE_PARAMETER,AQ_MEASURED_TOTAL_ONLY_NO_6H_NO_48H
H-P0_YU_SCALAR,H-P0,AVAILABLE_CONTROL,scalar,1770.0,1770.0,1770.0,lower_1sigma__single_APT_37to6_prolate_AR10,SINGLE_APT_COUNT_FRACTION_DIAGNOSTIC,2.1e+21,single_APT_37to6_prolate_AR10,B2_omega2,2.810991953986547e-15,s,73.27770965598526,76.07770965598526,6,8.679541443681327e-14,0.04853199927087383,4.046233454351942,0.07521702065691449,PASS_NONNEGATIVE_ONE_PARAMETER,AQ_MEASURED_TOTAL_ONLY_NO_6H_NO_48H
H-P0_YU_SCALAR,H-P0,AVAILABLE_CONTROL,scalar,1770.0,1770.0,1770.0,lower_1sigma__single_APT_37to6_prolate_AR10,SINGLE_APT_COUNT_FRACTION_DIAGNOSTIC,2.1e+21,single_APT_37to6_prolate_AR10,B4_omega4,4.763446877118661e-41,s^3,99.13078536822007,101.93078536822007,6,3.809518248324748e-19,0.05644773398950512,4.810423355839206,0.1114846827577114,PASS_NONNEGATIVE_ONE_PARAMETER,AQ_MEASURED_TOTAL_ONLY_NO_6H_NO_48H
H-P0_YU_SCALAR,H-P0,AVAILABLE_CONTROL,scalar,1770.0,1770.0,1770.0,lower_1sigma__single_APT_37to6_prolate_AR10,SINGLE_APT_COUNT_FRACTION_DIAGNOSTIC,2.1e+21,single_APT_37to6_prolate_AR10,BU_host_scale,1.8626267421295513,dimensionless,357.18900576260637,359.9890057626064,6,4.415322680110651e-74,0.10714977921221598,9.441827967715657,0.2005295613810706,PASS_NONNEGATIVE_ONE_PARAMETER,AQ_MEASURED_TOTAL_ONLY_NO_6H_NO_48H
H-P0_YU_SCALAR,H-P0,AVAILABLE_CONTROL,scalar,1770.0,1770.0,1770.0,lower_1sigma__single_APT_37to6_prolate_AR5,SINGLE_APT_COUNT_FRACTION_DIAGNOSTIC,2.1e+21,single_APT_37to6_prolate_AR5,B0_none,0.0,none,18509.36920175511,18509.36920175511,7,0.0,0.7713261372833246,70.49764519338308,1.0363651807722825,PASS_ZERO_BACKGROUND_CONTROL,AQ_MEASURED_TOTAL_ONLY_NO_6H_NO_48H
H-P0_YU_SCALAR,H-P0,AVAILABLE_CONTROL,scalar,1770.0,1770.0,1770.0,lower_1sigma__single_APT_37to6_prolate_AR5,SINGLE_APT_COUNT_FRACTION_DIAGNOSTIC,2.1e+21,single_APT_37to6_prolate_AR5,B1_constant,128089227598.8766,s^-1,94.44359240298317,97.24359240298317,6,3.6097571121338444e-18,0.05509706796797191,4.699613535665505,0.10700832441732933,PASS_NONNEGATIVE_ONE_PARAMETER,AQ_MEASURED_TOTAL_ONLY_NO_6H_NO_48H
H-P0_YU_SCALAR,H-P0,AVAILABLE_CONTROL,scalar,1770.0,1770.0,1770.0,lower_1sigma__single_APT_37to6_prolate_AR5,SINGLE_APT_COUNT_FRACTION_DIAGNOSTIC,2.1e+21,single_APT_37to6_prolate_AR5,B2_omega2,2.7847674296129984e-15,s,73.27601371230814,76.07601371230814,6,8.686513434969311e-14,0.0485314376538833,4.0457644996132585,0.07516714661274393,PASS_NONNEGATIVE_ONE_PARAMETER,AQ_MEASURED_TOTAL_ONLY_NO_6H_NO_48H
H-P0_YU_SCALAR,H-P0,AVAILABLE_CONTROL,scalar,1770.0,1770.0,1770.0,lower_1sigma__single_APT_37to6_prolate_AR5,SINGLE_APT_COUNT_FRACTION_DIAGNOSTIC,2.1e+21,single_APT_37to6_prolate_AR5,B4_omega4,4.614482605151736e-41,s^3,96.25644253181859,99.05644253181859,6,1.5135301126378241e-18,0.05562335014523921,4.745745559104134,0.10929226391696856,PASS_NONNEGATIVE_ONE_PARAMETER,AQ_MEASURED_TOTAL_ONLY_NO_6H_NO_48H
H-P0_YU_SCALAR,H-P0,AVAILABLE_CONTROL,scalar,1770.0,1770.0,1770.0,lower_1sigma__single_APT_37to6_prolate_AR5,SINGLE_APT_COUNT_FRACTION_DIAGNOSTIC,2.1e+21,single_APT_37to6_prolate_AR5,BU_host_scale,1.8540475735202218,dimensionless,352.02012220299997,354.820122203,6,5.685667692159055e-73,0.10637167150788852,9.381329630592669,0.19927697494915808,PASS_NONNEGATIVE_ONE_PARAMETER,AQ_MEASURED_TOTAL_ONLY_NO_6H_NO_48H
H-P0_YU_SCALAR,H-P0,AVAILABLE_CONTROL,scalar,1770.0,1770.0,1770.0,lower_1sigma__single_APT_37to6_prolate_AR2,SINGLE_APT_COUNT_FRACTION_DIAGNOSTIC,2.1e+21,single_APT_37to6_prolate_AR2,B0_none,0.0,none,15034.18095786609,15034.18095786609,7,0.0,0.6951557600916164,63.66593283823549,0.9221309711468635,PASS_ZERO_BACKGROUND_CONTROL,AQ_MEASURED_TOTAL_ONLY_NO_6H_NO_48H
H-P0_YU_SCALAR,H-P0,AVAILABLE_CONTROL,scalar,1770.0,1770.0,1770.0,lower_1sigma__single_APT_37to6_prolate_AR2,SINGLE_APT_COUNT_FRACTION_DIAGNOSTIC,2.1e+21,single_APT_37to6_prolate_AR2,B1_constant,125800060388.64857,s^-1,94.44624973498138,97.24624973498138,6,3.605162709548415e-18,0.055097843087639244,4.699686613204534,0.10701068343375608,PASS_NONNEGATIVE_ONE_PARAMETER,AQ_MEASURED_TOTAL_ONLY_NO_6H_NO_48H
H-P0_YU_SCALAR,H-P0,AVAILABLE_CONTROL,scalar,1770.0,1770.0,1770.0,lower_1sigma__single_APT_37to6_prolate_AR2,SINGLE_APT_COUNT_FRACTION_DIAGNOSTIC,2.1e+21,single_APT_37to6_prolate_AR2,B2_omega2,2.6188428458061173e-15,s,73.29929754351502,76.09929754351502,6,8.591280736262901e-14,0.048539147598747376,4.0473671209729645,0.07528681258045022,PASS_NONNEGATIVE_ONE_PARAMETER,AQ_MEASURED_TOTAL_ONLY_NO_6H_NO_48H
H-P0_YU_SCALAR,H-P0,AVAILABLE_CONTROL,scalar,1770.0,1770.0,1770.0,lower_1sigma__single_APT_37to6_prolate_AR2,SINGLE_APT_COUNT_FRACTION_DIAGNOSTIC,2.1e+21,single_APT_37to6_prolate_AR2,B4_omega4,3.7906613953883217e-41,s^3,84.38679156071193,87.18679156071192,6,4.422608145556044e-16,0.05208101943971552,4.41350339808269,0.09830031940527972,PASS_NONNEGATIVE_ONE_PARAMETER,AQ_MEASURED_TOTAL_ONLY_NO_6H_NO_48H
H-P0_YU_SCALAR,H-P0,AVAILABLE_CONTROL,scalar,1770.0,1770.0,1770.0,lower_1sigma__single_APT_37to6_prolate_AR2,SINGLE_APT_COUNT_FRACTION_DIAGNOSTIC,2.1e+21,single_APT_37to6_prolate_AR2,BU_host_scale,1.8006174604400995,dimensionless,323.193997845667,325.993997845667,6,8.720202249600494e-67,0.10192339526419904,9.027670904364356,0.19208667000043222,PASS_NONNEGATIVE_ONE_PARAMETER,AQ_MEASURED_TOTAL_ONLY_NO_6H_NO_48H
H-P0_YU_SCALAR,H-P0,AVAILABLE_CONTROL,scalar,1770.0,1770.0,1770.0,lower_1sigma__single_APT_37to6_large_Lover2_sphere_bound,SINGLE_APT_COUNT_FRACTION_DIAGNOSTIC,2.1e+21,single_APT_37to6_large_Lover2_sphere_bound,B0_none,0.0,none,10337.148187456693,10337.148187456693,7,0.0,0.5764247370246743,52.689335807451535,0.7554823754271349,PASS_ZERO_BACKGROUND_CONTROL,AQ_MEASURED_TOTAL_ONLY_NO_6H_NO_48H
H-P0_YU_SCALAR,H-P0,AVAILABLE_CONTROL,scalar,1770.0,1770.0,1770.0,lower_1sigma__single_APT_37to6_large_Lover2_sphere_bound,SINGLE_APT_COUNT_FRACTION_DIAGNOSTIC,2.1e+21,single_APT_37to6_large_Lover2_sphere_bound,B1_constant,120879974351.45549,s^-1,94.45010557036504,97.25010557036504,6,3.598506537505414e-18,0.05509896778049493,4.699791473096131,0.10701416302868227,PASS_NONNEGATIVE_ONE_PARAMETER,AQ_MEASURED_TOTAL_ONLY_NO_6H_NO_48H
H-P0_YU_SCALAR,H-P0,AVAILABLE_CONTROL,scalar,1770.0,1770.0,1770.0,lower_1sigma__single_APT_37to6_large_Lover2_sphere_bound,SINGLE_APT_COUNT_FRACTION_DIAGNOSTIC,2.1e+21,single_APT_37to6_large_Lover2_sphere_bound,B2_omega2,2.275017424977184e-15,s,73.95902158031008,76.75902158031008,6,6.285969009871855e-14,0.04875709451024942,4.0855670439295615,0.07837794946385201,PASS_NONNEGATIVE_ONE_PARAMETER,AQ_MEASURED_TOTAL_ONLY_NO_6H_NO_48H
H-P0_YU_SCALAR,H-P0,AVAILABLE_CONTROL,scalar,1770.0,1770.0,1770.0,lower_1sigma__single_APT_37to6_large_Lover2_sphere_bound,SINGLE_APT_COUNT_FRACTION_DIAGNOSTIC,2.1e+21,single_APT_37to6_large_Lover2_sphere_bound,B4_omega4,2.7392942014428676e-41,s^3,79.16489928830114,81.96489928830114,6,5.314601173732378e-15,0.050443890101305004,4.217376003514746,0.09169401291585311,PASS_NONNEGATIVE_ONE_PARAMETER,AQ_MEASURED_TOTAL_ONLY_NO_6H_NO_48H
H-P0_YU_SCALAR,H-P0,AVAILABLE_CONTROL,scalar,1770.0,1770.0,1770.0,lower_1sigma__single_APT_37to6_large_Lover2_sphere_bound,SINGLE_APT_COUNT_FRACTION_DIAGNOSTIC,2.1e+21,single_APT_37to6_large_Lover2_sphere_bound,BU_host_scale,1.6930472503857454,dimensionless,283.07756382463316,285.87756382463317,6,3.446239896448353e-58,0.09538826811701326,8.486130270594268,0.18140679468729026,PASS_NONNEGATIVE_ONE_PARAMETER,AQ_MEASURED_TOTAL_ONLY_NO_6H_NO_48H
H-P0_YU_SCALAR,H-P0,AVAILABLE_CONTROL,scalar,1770.0,1770.0,1770.0,central__zero_particle_scattering_limit,SOURCE_LITERAL_BOUND,3.61e+21,zero_particle_scattering_limit,B0_none,0.0,none,19497.626472400367,19497.626472400367,7,0.0,0.7916498104131362,72.2906520521575,1.067974775907171,PASS_ZERO_BACKGROUND_CONTROL,AQ_MEASURED_TOTAL_ONLY_NO_6H_NO_48H
H-P0_YU_SCALAR,H-P0,AVAILABLE_CONTROL,scalar,1770.0,1770.0,1770.0,central__zero_particle_scattering_limit,SOURCE_LITERAL_BOUND,3.61e+21,zero_particle_scattering_limit,B1_constant,129331421567.89671,s^-1,94.50709456792322,97.30709456792322,6,3.501548445273655e-18,0.05511558799181268,4.701344457811398,0.10706570767325296,PASS_NONNEGATIVE_ONE_PARAMETER,AQ_MEASURED_TOTAL_ONLY_NO_6H_NO_48H
H-P0_YU_SCALAR,H-P0,AVAILABLE_CONTROL,scalar,1770.0,1770.0,1770.0,central__zero_particle_scattering_limit,SOURCE_LITERAL_BOUND,3.61e+21,zero_particle_scattering_limit,B2_omega2,2.8228972475676483e-15,s,73.27849703700187,76.07849703700187,6,8.676306435108506e-14,0.048532260012322026,4.0463988070932775,0.07523407398273929,PASS_NONNEGATIVE_ONE_PARAMETER,AQ_MEASURED_TOTAL_ONLY_NO_6H_NO_48H
H-P0_YU_SCALAR,H-P0,AVAILABLE_CONTROL,scalar,1770.0,1770.0,1770.0,central__zero_particle_scattering_limit,SOURCE_LITERAL_BOUND,3.61e+21,zero_particle_scattering_limit,B4_omega4,4.811540534859455e-41,s^3,99.91467565905864,102.71467565905864,6,2.6142946614973647e-19,0.05667047861262535,4.8274863229628835,0.11206000613650291,PASS_NONNEGATIVE_ONE_PARAMETER,AQ_MEASURED_TOTAL_ONLY_NO_6H_NO_48H
H-P0_YU_SCALAR,H-P0,AVAILABLE_CONTROL,scalar,1770.0,1770.0,1770.0,central__zero_particle_scattering_limit,SOURCE_LITERAL_BOUND,3.61e+21,zero_particle_scattering_limit,BU_host_scale,1.8665164096406606,dimensionless,359.5129612029473,362.3129612029473,6,1.3993406118715698e-74,0.10749778487462834,9.468830800961385,0.20108900611454694,PASS_NONNEGATIVE_ONE_PARAMETER,AQ_MEASURED_TOTAL_ONLY_NO_6H_NO_48H
H-P0_YU_SCALAR,H-P0,AVAILABLE_CONTROL,scalar,1770.0,1770.0,1770.0,central__all_small_at_reported_max,SOURCE_LITERAL_BOUND,3.61e+21,all_small_at_reported_max,B0_none,0.0,none,19301.658337421253,19301.658337421253,7,0.0,0.7876613781060798,71.93723029956499,1.061837564601288,PASS_ZERO_BACKGROUND_CONTROL,AQ_MEASURED_TOTAL_ONLY_NO_6H_NO_48H
H-P0_YU_SCALAR,H-P0,AVAILABLE_CONTROL,scalar,1770.0,1770.0,1770.0,central__all_small_at_reported_max,SOURCE_LITERAL_BOUND,3.61e+21,all_small_at_reported_max,B1_constant,128691733728.51137,s^-1,94.42063461131136,97.22063461131135,6,3.64969442373952e-18,0.05509037093403251,4.698981393456401,0.10698745226098794,PASS_NONNEGATIVE_ONE_PARAMETER,AQ_MEASURED_TOTAL_ONLY_NO_6H_NO_48H
H-P0_YU_SCALAR,H-P0,AVAILABLE_CONTROL,scalar,1770.0,1770.0,1770.0,central__all_small_at_reported_max,SOURCE_LITERAL_BOUND,3.61e+21,all_small_at_reported_max,B2_omega2,2.8152089018871593e-15,s,73.2781317811278,76.0781317811278,6,8.677806964039054e-14,0.04853213905790935,4.0463439483053865,0.07522870184786157,PASS_NONNEGATIVE_ONE_PARAMETER,AQ_MEASURED_TOTAL_ONLY_NO_6H_NO_48H
H-P0_YU_SCALAR,H-P0,AVAILABLE_CONTROL,scalar,1770.0,1770.0,1770.0,central__all_small_at_reported_max,SOURCE_LITERAL_BOUND,3.61e+21,all_small_at_reported_max,B4_omega4,4.790110502096237e-41,s^3,99.66530979513999,102.46530979513999,6,2.9469759385354163e-19,0.0565997156781179,4.822023497947503,0.11187782233016696,PASS_NONNEGATIVE_ONE_PARAMETER,AQ_MEASURED_TOTAL_ONLY_NO_6H_NO_48H
H-P0_YU_SCALAR,H-P0,AVAILABLE_CONTROL,scalar,1770.0,1770.0,1770.0,central__all_small_at_reported_max,SOURCE_LITERAL_BOUND,3.61e+21,all_small_at_reported_max,BU_host_scale,1.864013202767816,dimensionless,358.0502457166026,360.8502457166026,6,2.8842085309921268e-74,0.10727887908639637,9.45181288991826,0.20073728017344983,PASS_NONNEGATIVE_ONE_PARAMETER,AQ_MEASURED_TOTAL_ONLY_NO_6H_NO_48H
H-P0_YU_SCALAR,H-P0,AVAILABLE_CONTROL,scalar,1770.0,1770.0,1770.0,central__single_APT_37to6_prolate_AR10,SINGLE_APT_COUNT_FRACTION_DIAGNOSTIC,3.61e+21,single_APT_37to6_prolate_AR10,B0_none,0.0,none,18966.830533371758,18966.830533371758,7,0.0,0.7807996697533557,71.33246091489808,1.0511428509525862,PASS_ZERO_BACKGROUND_CONTROL,AQ_MEASURED_TOTAL_ONLY_NO_6H_NO_48H
H-P0_YU_SCALAR,H-P0,AVAILABLE_CONTROL,scalar,1770.0,1770.0,1770.0,central__single_APT_37to6_prolate_AR10,SINGLE_APT_COUNT_FRACTION_DIAGNOSTIC,3.61e+21,single_APT_37to6_prolate_AR10,B1_constant,128191417668.97343,s^-1,94.40207031733102,97.20207031733102,6,3.682311394092347e-18,0.05508495493508119,4.698476863925942,0.10697065218711055,PASS_NONNEGATIVE_ONE_PARAMETER,AQ_MEASURED_TOTAL_ONLY_NO_6H_NO_48H
H-P0_YU_SCALAR,H-P0,AVAILABLE_CONTROL,scalar,1770.0,1770.0,1770.0,central__single_APT_37to6_prolate_AR10,SINGLE_APT_COUNT_FRACTION_DIAGNOSTIC,3.61e+21,single_APT_37to6_prolate_AR10,B2_omega2,2.8024439548714318e-15,s,73.27716515976957,76.07716515976956,6,8.681779247823935e-14,0.048531818959977394,4.04611729279115,0.07520503488444141,PASS_NONNEGATIVE_ONE_PARAMETER,AQ_MEASURED_TOTAL_ONLY_NO_6H_NO_48H
H-P0_YU_SCALAR,H-P0,AVAILABLE_CONTROL,scalar,1770.0,1770.0,1770.0,central__single_APT_37to6_prolate_AR10,SINGLE_APT_COUNT_FRACTION_DIAGNOSTIC,3.61e+21,single_APT_37to6_prolate_AR10,B4_omega4,4.729243822213755e-41,s^3,98.58123063378473,101.38123063378472,6,4.959904827924513e-19,0.05629105091600968,4.79828897457361,0.11107570752906581,PASS_NONNEGATIVE_ONE_PARAMETER,AQ_MEASURED_TOTAL_ONLY_NO_6H_NO_48H
H-P0_YU_SCALAR,H-P0,AVAILABLE_CONTROL,scalar,1770.0,1770.0,1770.0,central__single_APT_37to6_prolate_AR10,SINGLE_APT_COUNT_FRACTION_DIAGNOSTIC,3.61e+21,single_APT_37to6_prolate_AR10,BU_host_scale,1.859835577576899,dimensionless,355.5277839386263,358.32778393862634,6,1.0038430882407493e-73,0.10690032165272396,9.42243627231996,0.20012828193062093,PASS_NONNEGATIVE_ONE_PARAMETER,AQ_MEASURED_TOTAL_ONLY_NO_6H_NO_48H
H-P0_YU_SCALAR,H-P0,AVAILABLE_CONTROL,scalar,1770.0,1770.0,1770.0,central__single_APT_37to6_prolate_AR5,SINGLE_APT_COUNT_FRACTION_DIAGNOSTIC,3.61e+21,single_APT_37to6_prolate_AR5,B0_none,0.0,none,17845.868959144056,17845.868959144056,7,0.0,0.7573752151634723,69.26258246681499,1.0148240149209053,PASS_ZERO_BACKGROUND_CONTROL,AQ_MEASURED_TOTAL_ONLY_NO_6H_NO_48H
H-P0_YU_SCALAR,H-P0,AVAILABLE_CONTROL,scalar,1770.0,1770.0,1770.0,central__single_APT_37to6_prolate_AR5,SINGLE_APT_COUNT_FRACTION_DIAGNOSTIC,3.61e+21,single_APT_37to6_prolate_AR5,B1_constant,127196357697.40195,s^-1,94.39780772572752,97.19780772572751,6,3.689841670898723e-18,0.05508371127953304,4.698363576776187,0.1069668460370341,PASS_NONNEGATIVE_ONE_PARAMETER,AQ_MEASURED_TOTAL_ONLY_NO_6H_NO_48H
H-P0_YU_SCALAR,H-P0,AVAILABLE_CONTROL,scalar,1770.0,1770.0,1770.0,central__single_APT_37to6_prolate_AR5,SINGLE_APT_COUNT_FRACTION_DIAGNOSTIC,3.61e+21,single_APT_37to6_prolate_AR5,B2_omega2,2.7576985616050062e-15,s,73.2747050054951,76.07470500549509,6,8.691897325080339e-14,0.048531004267134505,4.045385709128337,0.07512695132215208,PASS_NONNEGATIVE_ONE_PARAMETER,AQ_MEASURED_TOTAL_ONLY_NO_6H_NO_48H
H-P0_YU_SCALAR,H-P0,AVAILABLE_CONTROL,scalar,1770.0,1770.0,1770.0,central__single_APT_37to6_prolate_AR5,SINGLE_APT_COUNT_FRACTION_DIAGNOSTIC,3.61e+21,single_APT_37to6_prolate_AR5,B4_omega4,4.482264827599636e-41,s^3,93.9949898038319,96.7949898038319,6,4.475514021743121e-18,0.05496605797588983,4.69142500706951,0.10746503830877097,PASS_NONNEGATIVE_ONE_PARAMETER,AQ_MEASURED_TOTAL_ONLY_NO_6H_NO_48H
H-P0_YU_SCALAR,H-P0,AVAILABLE_CONTROL,scalar,1770.0,1770.0,1770.0,central__single_APT_37to6_prolate_AR5,SINGLE_APT_COUNT_FRACTION_DIAGNOSTIC,3.61e+21,single_APT_37to6_prolate_AR5,BU_host_scale,1.8452202837818412,dimensionless,346.8096907835044,349.6096907835044,6,7.470228499357783e-72,0.10558150570347366,9.31953135445228,0.19800302106989043,PASS_NONNEGATIVE_ONE_PARAMETER,AQ_MEASURED_TOTAL_ONLY_NO_6H_NO_48H
H-P0_YU_SCALAR,H-P0,AVAILABLE_CONTROL,scalar,1770.0,1770.0,1770.0,central__single_APT_37to6_prolate_AR2,SINGLE_APT_COUNT_FRACTION_DIAGNOSTIC,3.61e+21,single_APT_37to6_prolate_AR2,B0_none,0.0,none,12944.504837354792,12944.504837354792,7,0.0,0.6450374948575612,59.11001033614094,0.8491190407460398,PASS_ZERO_BACKGROUND_CONTROL,AQ_MEASURED_TOTAL_ONLY_NO_6H_NO_48H
H-P0_YU_SCALAR,H-P0,AVAILABLE_CONTROL,scalar,1770.0,1770.0,1770.0,central__single_APT_37to6_prolate_AR2,SINGLE_APT_COUNT_FRACTION_DIAGNOSTIC,3.61e+21,single_APT_37to6_prolate_AR2,B1_constant,123261295069.55193,s^-1,94.40223701660301,97.20223701660301,6,3.682017216007338e-18,0.05508500357076153,4.698485814282181,0.10697080847212737,PASS_NONNEGATIVE_ONE_PARAMETER,AQ_MEASURED_TOTAL_ONLY_NO_6H_NO_48H
H-P0_YU_SCALAR,H-P0,AVAILABLE_CONTROL,scalar,1770.0,1770.0,1770.0,central__single_APT_37to6_prolate_AR2,SINGLE_APT_COUNT_FRACTION_DIAGNOSTIC,3.61e+21,single_APT_37to6_prolate_AR2,B2_omega2,2.4936855220959886e-15,s,73.35626993236936,76.15626993236936,6,8.362632031700673e-14,0.04855800762973101,4.052063937545536,0.07568407652864872,PASS_NONNEGATIVE_ONE_PARAMETER,AQ_MEASURED_TOTAL_ONLY_NO_6H_NO_48H
H-P0_YU_SCALAR,H-P0,AVAILABLE_CONTROL,scalar,1770.0,1770.0,1770.0,central__single_APT_37to6_prolate_AR2,SINGLE_APT_COUNT_FRACTION_DIAGNOSTIC,3.61e+21,single_APT_37to6_prolate_AR2,B4_omega4,3.340852798755594e-41,s^3,80.55403918937108,83.35403918937108,6,2.7450744897850853e-15,0.050884545531468296,4.267884871324416,0.09358313958172837,PASS_NONNEGATIVE_ONE_PARAMETER,AQ_MEASURED_TOTAL_ONLY_NO_6H_NO_48H
H-P0_YU_SCALAR,H-P0,AVAILABLE_CONTROL,scalar,1770.0,1770.0,1770.0,central__single_APT_37to6_prolate_AR2,SINGLE_APT_COUNT_FRACTION_DIAGNOSTIC,3.61e+21,single_APT_37to6_prolate_AR2,BU_host_scale,1.760841592886344,dimensionless,304.1925535541164,306.9925535541164,6,1.0335799327491653e-62,0.09888183752747966,8.779587718696574,0.18713014851960408,PASS_NONNEGATIVE_ONE_PARAMETER,AQ_MEASURED_TOTAL_ONLY_NO_6H_NO_48H
H-P0_YU_SCALAR,H-P0,AVAILABLE_CONTROL,scalar,1770.0,1770.0,1770.0,central__single_APT_37to6_large_Lover2_sphere_bound,SINGLE_APT_COUNT_FRACTION_DIAGNOSTIC,3.61e+21,single_APT_37to6_large_Lover2_sphere_bound,B0_none,0.0,none,7762.484494715409,7762.484494715409,7,0.0,0.4995081883085411,45.55685692344982,0.6492601582079349,PASS_ZERO_BACKGROUND_CONTROL,AQ_MEASURED_TOTAL_ONLY_NO_6H_NO_48H
H-P0_YU_SCALAR,H-P0,AVAILABLE_CONTROL,scalar,1770.0,1770.0,1770.0,central__single_APT_37to6_large_Lover2_sphere_bound,SINGLE_APT_COUNT_FRACTION_DIAGNOSTIC,3.61e+21,single_APT_37to6_large_Lover2_sphere_bound,B1_constant,114803580596.64757,s^-1,94.40869102735202,97.20869102735202,6,3.670645707157585e-18,0.05508688654059435,4.698661475288285,0.10697662963237542,PASS_NONNEGATIVE_ONE_PARAMETER,AQ_MEASURED_TOTAL_ONLY_NO_6H_NO_48H
H-P0_YU_SCALAR,H-P0,AVAILABLE_CONTROL,scalar,1770.0,1770.0,1770.0,central__single_APT_37to6_large_Lover2_sphere_bound,SINGLE_APT_COUNT_FRACTION_DIAGNOSTIC,3.61e+21,single_APT_37to6_large_Lover2_sphere_bound,B2_omega2,2.0347933453962013e-15,s,74.77347134685587,77.57347134685587,6,4.273404448994153e-14,0.049024820321725913,4.117860420805462,0.08091841772211439,PASS_NONNEGATIVE_ONE_PARAMETER,AQ_MEASURED_TOTAL_ONLY_NO_6H_NO_48H
H-P0_YU_SCALAR,H-P0,AVAILABLE_CONTROL,scalar,1770.0,1770.0,1770.0,central__single_APT_37to6_large_Lover2_sphere_bound,SINGLE_APT_COUNT_FRACTION_DIAGNOSTIC,3.61e+21,single_APT_37to6_large_Lover2_sphere_bound,B4_omega4,2.218946443323865e-41,s^3,78.12667829983477,80.92667829983476,6,8.704466256397904e-15,0.05011202110908665,4.2015931779505955,0.0897502630874617,PASS_NONNEGATIVE_ONE_PARAMETER,AQ_MEASURED_TOTAL_ONLY_NO_6H_NO_48H
H-P0_YU_SCALAR,H-P0,AVAILABLE_CONTROL,scalar,1770.0,1770.0,1770.0,central__single_APT_37to6_large_Lover2_sphere_bound,SINGLE_APT_COUNT_FRACTION_DIAGNOSTIC,3.61e+21,single_APT_37to6_large_Lover2_sphere_bound,BU_host_scale,1.617996503553125,dimensionless,257.5585408482753,260.3585408482753,6,9.937563504554623e-53,0.09098718252813882,8.111995091574986,0.17408316832461024,PASS_NONNEGATIVE_ONE_PARAMETER,AQ_MEASURED_TOTAL_ONLY_NO_6H_NO_48H
H-P0_YU_SCALAR,H-P0,AVAILABLE_CONTROL,scalar,1770.0,1770.0,1770.0,upper_1sigma__zero_particle_scattering_limit,SOURCE_LITERAL_BOUND,5.12e+21,zero_particle_scattering_limit,B0_none,0.0,none,19497.626472400367,19497.626472400367,7,0.0,0.7916498104131362,72.2906520521575,1.067974775907171,PASS_ZERO_BACKGROUND_CONTROL,AQ_MEASURED_TOTAL_ONLY_NO_6H_NO_48H
H-P0_YU_SCALAR,H-P0,AVAILABLE_CONTROL,scalar,1770.0,1770.0,1770.0,upper_1sigma__zero_particle_scattering_limit,SOURCE_LITERAL_BOUND,5.12e+21,zero_particle_scattering_limit,B1_constant,129331421567.89671,s^-1,94.50709456792322,97.30709456792322,6,3.501548445273655e-18,0.05511558799181268,4.701344457811398,0.10706570767325296,PASS_NONNEGATIVE_ONE_PARAMETER,AQ_MEASURED_TOTAL_ONLY_NO_6H_NO_48H
H-P0_YU_SCALAR,H-P0,AVAILABLE_CONTROL,scalar,1770.0,1770.0,1770.0,upper_1sigma__zero_particle_scattering_limit,SOURCE_LITERAL_BOUND,5.12e+21,zero_particle_scattering_limit,B2_omega2,2.8228972475676483e-15,s,73.27849703700187,76.07849703700187,6,8.676306435108506e-14,0.048532260012322026,4.0463988070932775,0.07523407398273929,PASS_NONNEGATIVE_ONE_PARAMETER,AQ_MEASURED_TOTAL_ONLY_NO_6H_NO_48H
H-P0_YU_SCALAR,H-P0,AVAILABLE_CONTROL,scalar,1770.0,1770.0,1770.0,upper_1sigma__zero_particle_scattering_limit,SOURCE_LITERAL_BOUND,5.12e+21,zero_particle_scattering_limit,B4_omega4,4.811540534859455e-41,s^3,99.91467565905864,102.71467565905864,6,2.6142946614973647e-19,0.05667047861262535,4.8274863229628835,0.11206000613650291,PASS_NONNEGATIVE_ONE_PARAMETER,AQ_MEASURED_TOTAL_ONLY_NO_6H_NO_48H
H-P0_YU_SCALAR,H-P0,AVAILABLE_CONTROL,scalar,1770.0,1770.0,1770.0,upper_1sigma__zero_particle_scattering_limit,SOURCE_LITERAL_BOUND,5.12e+21,zero_particle_scattering_limit,BU_host_scale,1.8665164096406606,dimensionless,359.5129612029473,362.3129612029473,6,1.3993406118715698e-74,0.10749778487462834,9.468830800961385,0.20108900611454694,PASS_NONNEGATIVE_ONE_PARAMETER,AQ_MEASURED_TOTAL_ONLY_NO_6H_NO_48H
H-P0_YU_SCALAR,H-P0,AVAILABLE_CONTROL,scalar,1770.0,1770.0,1770.0,upper_1sigma__all_small_at_reported_max,SOURCE_LITERAL_BOUND,5.12e+21,all_small_at_reported_max,B0_none,0.0,none,19220.340900708834,19220.340900708834,7,0.0,0.7860004273589793,71.7900000723377,1.059283496954731,PASS_ZERO_BACKGROUND_CONTROL,AQ_MEASURED_TOTAL_ONLY_NO_6H_NO_48H
H-P0_YU_SCALAR,H-P0,AVAILABLE_CONTROL,scalar,1770.0,1770.0,1770.0,upper_1sigma__all_small_at_reported_max,SOURCE_LITERAL_BOUND,5.12e+21,all_small_at_reported_max,B1_constant,128424435802.67455,s^-1,94.38446890467662,97.18446890467662,6,3.713505520291122e-18,0.05507981935797777,4.697991493615015,0.10695467417150939,PASS_NONNEGATIVE_ONE_PARAMETER,AQ_MEASURED_TOTAL_ONLY_NO_6H_NO_48H
H-P0_YU_SCALAR,H-P0,AVAILABLE_CONTROL,scalar,1770.0,1770.0,1770.0,upper_1sigma__all_small_at_reported_max,SOURCE_LITERAL_BOUND,5.12e+21,all_small_at_reported_max,B2_omega2,2.8119945828408046e-15,s,73.27798125560275,76.07798125560275,6,8.678425422104749e-14,0.048532089211322876,4.046321349657106,0.07522648979819702,PASS_NONNEGATIVE_ONE_PARAMETER,AQ_MEASURED_TOTAL_ONLY_NO_6H_NO_48H
H-P0_YU_SCALAR,H-P0,AVAILABLE_CONTROL,scalar,1770.0,1770.0,1770.0,upper_1sigma__all_small_at_reported_max,SOURCE_LITERAL_BOUND,5.12e+21,all_small_at_reported_max,B4_omega4,4.781170981329328e-41,s^3,99.56156328468758,102.36156328468758,6,3.097550384907807e-19,0.056570249297481834,4.819744306215376,0.11180190841130089,PASS_NONNEGATIVE_ONE_PARAMETER,AQ_MEASURED_TOTAL_ONLY_NO_6H_NO_48H
H-P0_YU_SCALAR,H-P0,AVAILABLE_CONTROL,scalar,1770.0,1770.0,1770.0,upper_1sigma__all_small_at_reported_max,SOURCE_LITERAL_BOUND,5.12e+21,all_small_at_reported_max,BU_host_scale,1.8629669431703622,dimensionless,357.43998481705705,360.23998481705706,6,3.900045954850083e-74,0.10718741702793146,9.444696087080954,0.20059027477866886,PASS_NONNEGATIVE_ONE_PARAMETER,AQ_MEASURED_TOTAL_ONLY_NO_6H_NO_48H
H-P0_YU_SCALAR,H-P0,AVAILABLE_CONTROL,scalar,1770.0,1770.0,1770.0,upper_1sigma__single_APT_37to6_prolate_AR10,SINGLE_APT_COUNT_FRACTION_DIAGNOSTIC,5.12e+21,single_APT_37to6_prolate_AR10,B0_none,0.0,none,18749.978066464435,18749.978066464435,7,0.0,0.776323300192691,70.93671362854141,1.0442136836846339,PASS_ZERO_BACKGROUND_CONTROL,AQ_MEASURED_TOTAL_ONLY_NO_6H_NO_48H
H-P0_YU_SCALAR,H-P0,AVAILABLE_CONTROL,scalar,1770.0,1770.0,1770.0,upper_1sigma__single_APT_37to6_prolate_AR10,SINGLE_APT_COUNT_FRACTION_DIAGNOSTIC,5.12e+21,single_APT_37to6_prolate_AR10,B1_constant,127715047774.06561,s^-1,94.3580674522969,97.15806745229689,6,3.760791217531696e-18,0.05507211528891238,4.697273888842991,0.10693083270591153,PASS_NONNEGATIVE_ONE_PARAMETER,AQ_MEASURED_TOTAL_ONLY_NO_6H_NO_48H
H-P0_YU_SCALAR,H-P0,AVAILABLE_CONTROL,scalar,1770.0,1770.0,1770.0,upper_1sigma__single_APT_37to6_prolate_AR10,SINGLE_APT_COUNT_FRACTION_DIAGNOSTIC,5.12e+21,single_APT_37to6_prolate_AR10,B2_omega2,2.793906368906707e-15,s,73.27663853179322,76.07663853179322,6,8.683944163982171e-14,0.04853164456554311,4.046003414187047,0.07519327939067322,PASS_NONNEGATIVE_ONE_PARAMETER,AQ_MEASURED_TOTAL_ONLY_NO_6H_NO_48H
H-P0_YU_SCALAR,H-P0,AVAILABLE_CONTROL,scalar,1770.0,1770.0,1770.0,upper_1sigma__single_APT_37to6_prolate_AR10,SINGLE_APT_COUNT_FRACTION_DIAGNOSTIC,5.12e+21,single_APT_37to6_prolate_AR10,B4_omega4,4.695367429065473e-41,s^3,98.04318925783528,100.84318925783528,6,6.421708101986298e-19,0.056137226740770735,4.786272905267994,0.11067134964015335,PASS_NONNEGATIVE_ONE_PARAMETER,AQ_MEASURED_TOTAL_ONLY_NO_6H_NO_48H
H-P0_YU_SCALAR,H-P0,AVAILABLE_CONTROL,scalar,1770.0,1770.0,1770.0,upper_1sigma__single_APT_37to6_prolate_AR10,SINGLE_APT_COUNT_FRACTION_DIAGNOSTIC,5.12e+21,single_APT_37to6_prolate_AR10,BU_host_scale,1.857049156285333,dimensionless,353.8747236763356,356.6747236763356,6,2.2729931480865544e-73,0.10665151048905261,9.403065206810348,0.1997278257583719,PASS_NONNEGATIVE_ONE_PARAMETER,AQ_MEASURED_TOTAL_ONLY_NO_6H_NO_48H
H-P0_YU_SCALAR,H-P0,AVAILABLE_CONTROL,scalar,1770.0,1770.0,1770.0,upper_1sigma__single_APT_37to6_prolate_AR5,SINGLE_APT_COUNT_FRACTION_DIAGNOSTIC,5.12e+21,single_APT_37to6_prolate_AR5,B0_none,0.0,none,17217.927303525823,17217.927303525823,7,0.0,0.7439310301454901,68.06919901044705,0.994181319327907,PASS_ZERO_BACKGROUND_CONTROL,AQ_MEASURED_TOTAL_ONLY_NO_6H_NO_48H
H-P0_YU_SCALAR,H-P0,AVAILABLE_CONTROL,scalar,1770.0,1770.0,1770.0,upper_1sigma__single_APT_37to6_prolate_AR5,SINGLE_APT_COUNT_FRACTION_DIAGNOSTIC,5.12e+21,single_APT_37to6_prolate_AR5,B1_constant,126303793758.56358,s^-1,94.35191825357509,97.15191825357509,6,3.771890684073717e-18,0.05507032076880612,4.697109437956909,0.10692522845696928,PASS_NONNEGATIVE_ONE_PARAMETER,AQ_MEASURED_TOTAL_ONLY_NO_6H_NO_48H
H-P0_YU_SCALAR,H-P0,AVAILABLE_CONTROL,scalar,1770.0,1770.0,1770.0,upper_1sigma__single_APT_37to6_prolate_AR5,SINGLE_APT_COUNT_FRACTION_DIAGNOSTIC,5.12e+21,single_APT_37to6_prolate_AR5,B2_omega2,2.730913373820225e-15,s,73.27378044924212,76.07378044924212,6,8.695702866012023e-14,0.04853069809200222,4.045069858042679,0.07509306747165001,PASS_NONNEGATIVE_ONE_PARAMETER,AQ_MEASURED_TOTAL_ONLY_NO_6H_NO_48H
H-P0_YU_SCALAR,H-P0,AVAILABLE_CONTROL,scalar,1770.0,1770.0,1770.0,upper_1sigma__single_APT_37to6_prolate_AR5,SINGLE_APT_COUNT_FRACTION_DIAGNOSTIC,5.12e+21,single_APT_37to6_prolate_AR5,B4_omega4,4.357177120950209e-41,s^3,91.99457755517136,94.79457755517136,6,1.166657817710932e-17,0.05437801544993495,4.640509150104181,0.105760612076914,PASS_NONNEGATIVE_ONE_PARAMETER,AQ_MEASURED_TOTAL_ONLY_NO_6H_NO_48H
H-P0_YU_SCALAR,H-P0,AVAILABLE_CONTROL,scalar,1770.0,1770.0,1770.0,upper_1sigma__single_APT_37to6_prolate_AR5,SINGLE_APT_COUNT_FRACTION_DIAGNOSTIC,5.12e+21,single_APT_37to6_prolate_AR5,BU_host_scale,1.8365048395762889,dimensionless,341.7404254801204,344.5404254801204,6,9.149459113650602e-71,0.10480703066181546,9.258639843430691,0.19675230974718105,PASS_NONNEGATIVE_ONE_PARAMETER,AQ_MEASURED_TOTAL_ONLY_NO_6H_NO_48H
H-P0_YU_SCALAR,H-P0,AVAILABLE_CONTROL,scalar,1770.0,1770.0,1770.0,upper_1sigma__single_APT_37to6_prolate_AR2,SINGLE_APT_COUNT_FRACTION_DIAGNOSTIC,5.12e+21,single_APT_37to6_prolate_AR2,B0_none,0.0,none,11338.113029938337,11338.113029938337,7,0.0,0.6036881209622028,55.323274861402616,0.7898107354046777,PASS_ZERO_BACKGROUND_CONTROL,AQ_MEASURED_TOTAL_ONLY_NO_6H_NO_48H
H-P0_YU_SCALAR,H-P0,AVAILABLE_CONTROL,scalar,1770.0,1770.0,1770.0,upper_1sigma__single_APT_37to6_prolate_AR2,SINGLE_APT_COUNT_FRACTION_DIAGNOSTIC,5.12e+21,single_APT_37to6_prolate_AR2,B1_constant,120722930001.50099,s^-1,94.35799545081105,97.15799545081104,6,3.760920993126636e-18,0.05507209427706362,4.697277563940412,0.10693068145623286,PASS_NONNEGATIVE_ONE_PARAMETER,AQ_MEASURED_TOTAL_ONLY_NO_6H_NO_48H
H-P0_YU_SCALAR,H-P0,AVAILABLE_CONTROL,scalar,1770.0,1770.0,1770.0,upper_1sigma__single_APT_37to6_prolate_AR2,SINGLE_APT_COUNT_FRACTION_DIAGNOSTIC,5.12e+21,single_APT_37to6_prolate_AR2,B2_omega2,2.3815441219221366e-15,s,73.44709616461915,76.24709616461915,6,8.010614977732779e-14,0.04858805943415567,4.058604684953672,0.0762328533622435,PASS_NONNEGATIVE_ONE_PARAMETER,AQ_MEASURED_TOTAL_ONLY_NO_6H_NO_48H
H-P0_YU_SCALAR,H-P0,AVAILABLE_CONTROL,scalar,1770.0,1770.0,1770.0,upper_1sigma__single_APT_37to6_prolate_AR2,SINGLE_APT_COUNT_FRACTION_DIAGNOSTIC,5.12e+21,single_APT_37to6_prolate_AR2,B4_omega4,3.004389799476768e-41,s^3,78.57138110733544,81.37138110733544,6,7.046614603615629e-15,0.05025443939046646,4.209552199540199,0.09068761980058604,PASS_NONNEGATIVE_ONE_PARAMETER,AQ_MEASURED_TOTAL_ONLY_NO_6H_NO_48H
H-P0_YU_SCALAR,H-P0,AVAILABLE_CONTROL,scalar,1770.0,1770.0,1770.0,upper_1sigma__single_APT_37to6_prolate_AR2,SINGLE_APT_COUNT_FRACTION_DIAGNOSTIC,5.12e+21,single_APT_37to6_prolate_AR2,BU_host_scale,1.72546276532703,dimensionless,288.73530312457524,291.53530312457525,6,2.117637726895788e-59,0.0963367925583615,8.568347360684918,0.18295310996481173,PASS_NONNEGATIVE_ONE_PARAMETER,AQ_MEASURED_TOTAL_ONLY_NO_6H_NO_48H
H-P0_YU_SCALAR,H-P0,AVAILABLE_CONTROL,scalar,1770.0,1770.0,1770.0,upper_1sigma__single_APT_37to6_large_Lover2_sphere_bound,SINGLE_APT_COUNT_FRACTION_DIAGNOSTIC,5.12e+21,single_APT_37to6_large_Lover2_sphere_bound,B0_none,0.0,none,6053.732586733441,6053.732586733441,7,0.0,0.4411170612393404,40.118009266045185,0.5740724337619323,PASS_ZERO_BACKGROUND_CONTROL,AQ_MEASURED_TOTAL_ONLY_NO_6H_NO_48H
H-P0_YU_SCALAR,H-P0,AVAILABLE_CONTROL,scalar,1770.0,1770.0,1770.0,upper_1sigma__single_APT_37to6_large_Lover2_sphere_bound,SINGLE_APT_COUNT_FRACTION_DIAGNOSTIC,5.12e+21,single_APT_37to6_large_Lover2_sphere_bound,B1_constant,108727736637.14272,s^-1,94.36687002411816,97.16687002411815,6,3.7449591086193925e-18,0.05507468404088941,4.697519231657304,0.10693867068565466,PASS_NONNEGATIVE_ONE_PARAMETER,AQ_MEASURED_TOTAL_ONLY_NO_6H_NO_48H
H-P0_YU_SCALAR,H-P0,AVAILABLE_CONTROL,scalar,1770.0,1770.0,1770.0,upper_1sigma__single_APT_37to6_large_Lover2_sphere_bound,SINGLE_APT_COUNT_FRACTION_DIAGNOSTIC,5.12e+21,single_APT_37to6_large_Lover2_sphere_bound,B2_omega2,1.8410661899130005e-15,s,75.63986151684097,78.43986151684096,6,2.8338729418265608e-14,0.049308024327094226,4.145704882276659,0.0831223374432809,PASS_NONNEGATIVE_ONE_PARAMETER,AQ_MEASURED_TOTAL_ONLY_NO_6H_NO_48H
H-P0_YU_SCALAR,H-P0,AVAILABLE_CONTROL,scalar,1770.0,1770.0,1770.0,upper_1sigma__single_APT_37to6_large_Lover2_sphere_bound,SINGLE_APT_COUNT_FRACTION_DIAGNOSTIC,5.12e+21,single_APT_37to6_large_Lover2_sphere_bound,B4_omega4,1.8720621932044975e-41,s^3,77.98547527733257,80.78547527733257,6,9.308354819118001e-15,0.0500667154011237,4.200588882842369,0.08919130113264495,PASS_NONNEGATIVE_ONE_PARAMETER,AQ_MEASURED_TOTAL_ONLY_NO_6H_NO_48H
H-P0_YU_SCALAR,H-P0,AVAILABLE_CONTROL,scalar,1770.0,1770.0,1770.0,upper_1sigma__single_APT_37to6_large_Lover2_sphere_bound,SINGLE_APT_COUNT_FRACTION_DIAGNOSTIC,5.12e+21,single_APT_37to6_large_Lover2_sphere_bound,BU_host_scale,1.5575861779538769,dimensionless,237.99559761513262,240.79559761513264,6,1.504039846493439e-48,0.08746346948739296,7.805160922438402,0.16813041319473365,PASS_NONNEGATIVE_ONE_PARAMETER,AQ_MEASURED_TOTAL_ONLY_NO_6H_NO_48H
H-P2_PBTE_303K_100,H-P2,PROVISIONAL_HOST_ENVELOPE,[100],1266.1929796897386,1266.1929796897386,3588.4887599907215,lower_1sigma__zero_particle_scattering_limit,SOURCE_LITERAL_BOUND,2.1e+21,zero_particle_scattering_limit,B0_none,0.0,none,115191.17044782726,115191.17044782726,7,0.0,1.9242071966976473,181.0765644194058,2.492213280593963,PASS_ZERO_BACKGROUND_CONTROL,AQ_MEASURED_TOTAL_ONLY_NO_6H_NO_48H
H-P2_PBTE_303K_100,H-P2,PROVISIONAL_HOST_ENVELOPE,[100],1266.1929796897386,1266.1929796897386,3588.4887599907215,lower_1sigma__zero_particle_scattering_limit,SOURCE_LITERAL_BOUND,2.1e+21,zero_particle_scattering_limit,B1_constant,118152207334.91052,s^-1,66.6735813391972,69.4735813391972,6,1.9627878969225173e-12,0.046293405579936345,3.7808457682197503,0.07487320697681943,PASS_NONNEGATIVE_ONE_PARAMETER,AQ_MEASURED_TOTAL_ONLY_NO_6H_NO_48H
H-P2_PBTE_303K_100,H-P2,PROVISIONAL_HOST_ENVELOPE,[100],1266.1929796897386,1266.1929796897386,3588.4887599907215,lower_1sigma__zero_particle_scattering_limit,SOURCE_LITERAL_BOUND,2.1e+21,zero_particle_scattering_limit,B2_omega2,1.7487849708970718e-15,s,62.7590723794159,65.5590723794159,6,1.2358503177789836e-11,0.04491387199863531,3.6571713951438345,0.07359267906836586,PASS_NONNEGATIVE_ONE_PARAMETER,AQ_MEASURED_TOTAL_ONLY_NO_6H_NO_48H
H-P2_PBTE_303K_100,H-P2,PROVISIONAL_HOST_ENVELOPE,[100],1266.1929796897386,1266.1929796897386,3588.4887599907215,lower_1sigma__zero_particle_scattering_limit,SOURCE_LITERAL_BOUND,2.1e+21,zero_particle_scattering_limit,B4_omega4,3.9714854985342265e-41,s^3,70.88598081850206,73.68598081850206,6,2.690479853240685e-13,0.04773340502080722,4.015519707361286,0.08394751697157254,PASS_NONNEGATIVE_ONE_PARAMETER,AQ_MEASURED_TOTAL_ONLY_NO_6H_NO_48H
H-P2_PBTE_303K_100,H-P2,PROVISIONAL_HOST_ENVELOPE,[100],1266.1929796897386,1266.1929796897386,3588.4887599907215,lower_1sigma__zero_particle_scattering_limit,SOURCE_LITERAL_BOUND,2.1e+21,zero_particle_scattering_limit,BU_host_scale,3.2067495265845976,dimensionless,372.30738505465206,375.10738505465207,6,2.499526542617868e-77,0.10939388964216597,9.614999659457247,0.2041340218156209,PASS_NONNEGATIVE_ONE_PARAMETER,AQ_MEASURED_TOTAL_ONLY_NO_6H_NO_48H
H-P2_PBTE_303K_100,H-P2,PROVISIONAL_HOST_ENVELOPE,[100],1266.1929796897386,1266.1929796897386,3588.4887599907215,lower_1sigma__all_small_at_reported_max,SOURCE_LITERAL_BOUND,2.1e+21,all_small_at_reported_max,B0_none,0.0,none,113568.04079064538,113568.04079064538,7,0.0,1.9106023424898984,179.85273842513882,2.47166217158624,PASS_ZERO_BACKGROUND_CONTROL,AQ_MEASURED_TOTAL_ONLY_NO_6H_NO_48H
H-P2_PBTE_303K_100,H-P2,PROVISIONAL_HOST_ENVELOPE,[100],1266.1929796897386,1266.1929796897386,3588.4887599907215,lower_1sigma__all_small_at_reported_max,SOURCE_LITERAL_BOUND,2.1e+21,all_small_at_reported_max,B1_constant,117665531122.2444,s^-1,66.66558585849785,69.46558585849785,6,1.9701918592958274e-12,0.04629062974938421,3.7806709077202223,0.07488074338108852,PASS_NONNEGATIVE_ONE_PARAMETER,AQ_MEASURED_TOTAL_ONLY_NO_6H_NO_48H
H-P2_PBTE_303K_100,H-P2,PROVISIONAL_HOST_ENVELOPE,[100],1266.1929796897386,1266.1929796897386,3588.4887599907215,lower_1sigma__all_small_at_reported_max,SOURCE_LITERAL_BOUND,2.1e+21,all_small_at_reported_max,B2_omega2,1.745737944344617e-15,s,62.76744894817448,65.56744894817449,6,1.2310031443124211e-11,0.04491686926715564,3.657438954813487,0.07360334913069533,PASS_NONNEGATIVE_ONE_PARAMETER,AQ_MEASURED_TOTAL_ONLY_NO_6H_NO_48H
H-P2_PBTE_303K_100,H-P2,PROVISIONAL_HOST_ENVELOPE,[100],1266.1929796897386,1266.1929796897386,3588.4887599907215,lower_1sigma__all_small_at_reported_max,SOURCE_LITERAL_BOUND,2.1e+21,all_small_at_reported_max,B4_omega4,3.96540319854571e-41,s^3,70.85750401823414,73.65750401823414,6,2.7269315173490756e-13,0.04772381616297596,4.014941548528548,0.08389100529343319,PASS_NONNEGATIVE_ONE_PARAMETER,AQ_MEASURED_TOTAL_ONLY_NO_6H_NO_48H
H-P2_PBTE_303K_100,H-P2,PROVISIONAL_HOST_ENVELOPE,[100],1266.1929796897386,1266.1929796897386,3588.4887599907215,lower_1sigma__all_small_at_reported_max,SOURCE_LITERAL_BOUND,2.1e+21,all_small_at_reported_max,BU_host_scale,3.201038069116999,dimensionless,370.36064128965086,373.16064128965087,6,6.5472461340335346e-77,0.10910751204344367,9.592906110807933,0.20367586645060476,PASS_NONNEGATIVE_ONE_PARAMETER,AQ_MEASURED_TOTAL_ONLY_NO_6H_NO_48H
H-P2_PBTE_303K_100,H-P2,PROVISIONAL_HOST_ENVELOPE,[100],1266.1929796897386,1266.1929796897386,3588.4887599907215,lower_1sigma__single_APT_37to6_prolate_AR10,SINGLE_APT_COUNT_FRACTION_DIAGNOSTIC,2.1e+21,single_APT_37to6_prolate_AR10,B0_none,0.0,none,109603.11465770799,109603.11465770799,7,0.0,1.8769542500697505,176.83898366313292,2.4201244741639707,PASS_ZERO_BACKGROUND_CONTROL,AQ_MEASURED_TOTAL_ONLY_NO_6H_NO_48H
H-P2_PBTE_303K_100,H-P2,PROVISIONAL_HOST_ENVELOPE,[100],1266.1929796897386,1266.1929796897386,3588.4887599907215,lower_1sigma__single_APT_37to6_prolate_AR10,SINGLE_APT_COUNT_FRACTION_DIAGNOSTIC,2.1e+21,single_APT_37to6_prolate_AR10,B1_constant,117145025012.48344,s^-1,66.65681434698132,69.45681434698132,6,1.9783465095142685e-12,0.04628758430889401,3.780367519058303,0.0748735042631612,PASS_NONNEGATIVE_ONE_PARAMETER,AQ_MEASURED_TOTAL_ONLY_NO_6H_NO_48H
H-P2_PBTE_303K_100,H-P2,PROVISIONAL_HOST_ENVELOPE,[100],1266.1929796897386,1266.1929796897386,3588.4887599907215,lower_1sigma__single_APT_37to6_prolate_AR10,SINGLE_APT_COUNT_FRACTION_DIAGNOSTIC,2.1e+21,single_APT_37to6_prolate_AR10,B2_omega2,1.7393049077372347e-15,s,62.77787825956326,65.57787825956326,6,1.2249946384689486e-11,0.044920600759883196,3.6577698094392943,0.07361526994003942,PASS_NONNEGATIVE_ONE_PARAMETER,AQ_MEASURED_TOTAL_ONLY_NO_6H_NO_48H
H-P2_PBTE_303K_100,H-P2,PROVISIONAL_HOST_ENVELOPE,[100],1266.1929796897386,1266.1929796897386,3588.4887599907215,lower_1sigma__single_APT_37to6_prolate_AR10,SINGLE_APT_COUNT_FRACTION_DIAGNOSTIC,2.1e+21,single_APT_37to6_prolate_AR10,B4_omega4,3.9326347580740265e-41,s^3,70.71195695173657,73.51195695173656,6,2.921082174998668e-13,0.04767477667059943,4.011731374217682,0.0836420160164234,PASS_NONNEGATIVE_ONE_PARAMETER,AQ_MEASURED_TOTAL_ONLY_NO_6H_NO_48H
H-P2_PBTE_303K_100,H-P2,PROVISIONAL_HOST_ENVELOPE,[100],1266.1929796897386,1266.1929796897386,3588.4887599907215,lower_1sigma__single_APT_37to6_prolate_AR10,SINGLE_APT_COUNT_FRACTION_DIAGNOSTIC,2.1e+21,single_APT_37to6_prolate_AR10,BU_host_scale,3.1875557552632854,dimensionless,365.65507235268717,368.4550723526872,6,6.711411804238407e-76,0.1084121706921945,9.539271492379124,0.20256211890006637,PASS_NONNEGATIVE_ONE_PARAMETER,AQ_MEASURED_TOTAL_ONLY_NO_6H_NO_48H
H-P2_PBTE_303K_100,H-P2,PROVISIONAL_HOST_ENVELOPE,[100],1266.1929796897386,1266.1929796897386,3588.4887599907215,lower_1sigma__single_APT_37to6_prolate_AR5,SINGLE_APT_COUNT_FRACTION_DIAGNOSTIC,2.1e+21,single_APT_37to6_prolate_AR5,B0_none,0.0,none,96607.5312847208,96607.5312847208,7,0.0,1.762169707210087,166.49324149271584,2.247058796882214,PASS_ZERO_BACKGROUND_CONTROL,AQ_MEASURED_TOTAL_ONLY_NO_6H_NO_48H
H-P2_PBTE_303K_100,H-P2,PROVISIONAL_HOST_ENVELOPE,[100],1266.1929796897386,1266.1929796897386,3588.4887599907215,lower_1sigma__single_APT_37to6_prolate_AR5,SINGLE_APT_COUNT_FRACTION_DIAGNOSTIC,2.1e+21,single_APT_37to6_prolate_AR5,B1_constant,116097660334.77634,s^-1,66.64349634795803,69.44349634795803,6,1.990792363251557e-12,0.04628295995950277,3.779825606366055,0.07485115973234824,PASS_NONNEGATIVE_ONE_PARAMETER,AQ_MEASURED_TOTAL_ONLY_NO_6H_NO_48H
H-P2_PBTE_303K_100,H-P2,PROVISIONAL_HOST_ENVELOPE,[100],1266.1929796897386,1266.1929796897386,3588.4887599907215,lower_1sigma__single_APT_37to6_prolate_AR5,SINGLE_APT_COUNT_FRACTION_DIAGNOSTIC,2.1e+21,single_APT_37to6_prolate_AR5,B2_omega2,1.7154533792228561e-15,s,62.81171556924477,65.61171556924477,6,1.2057011482997503e-11,0.044932705242840765,3.658834541563844,0.07365174857483536,PASS_NONNEGATIVE_ONE_PARAMETER,AQ_MEASURED_TOTAL_ONLY_NO_6H_NO_48H
H-P2_PBTE_303K_100,H-P2,PROVISIONAL_HOST_ENVELOPE,[100],1266.1929796897386,1266.1929796897386,3588.4887599907215,lower_1sigma__single_APT_37to6_prolate_AR5,SINGLE_APT_COUNT_FRACTION_DIAGNOSTIC,2.1e+21,single_APT_37to6_prolate_AR5,B4_omega4,3.7008178368270656e-41,s^3,69.34893545808177,72.14893545808177,6,5.560273114578838e-13,0.04721305884433186,3.9783606448704636,0.08132356116959805,PASS_NONNEGATIVE_ONE_PARAMETER,AQ_MEASURED_TOTAL_ONLY_NO_6H_NO_48H
H-P2_PBTE_303K_100,H-P2,PROVISIONAL_HOST_ENVELOPE,[100],1266.1929796897386,1266.1929796897386,3588.4887599907215,lower_1sigma__single_APT_37to6_prolate_AR5,SINGLE_APT_COUNT_FRACTION_DIAGNOSTIC,2.1e+21,single_APT_37to6_prolate_AR5,BU_host_scale,3.1374808587358856,dimensionless,348.6235510950354,351.4235510950354,6,3.0476427736395645e-72,0.10585724821420252,9.340179476832313,0.19845726773118333,PASS_NONNEGATIVE_ONE_PARAMETER,AQ_MEASURED_TOTAL_ONLY_NO_6H_NO_48H
H-P2_PBTE_303K_100,H-P2,PROVISIONAL_HOST_ENVELOPE,[100],1266.1929796897386,1266.1929796897386,3588.4887599907215,lower_1sigma__single_APT_37to6_prolate_AR2,SINGLE_APT_COUNT_FRACTION_DIAGNOSTIC,2.1e+21,single_APT_37to6_prolate_AR2,B0_none,0.0,none,56614.282406999686,56614.282406999686,7,0.0,1.3489791665009365,128.246153633683,1.6696135711819426,PASS_ZERO_BACKGROUND_CONTROL,AQ_MEASURED_TOTAL_ONLY_NO_6H_NO_48H
H-P2_PBTE_303K_100,H-P2,PROVISIONAL_HOST_ENVELOPE,[100],1266.1929796897386,1266.1929796897386,3588.4887599907215,lower_1sigma__single_APT_37to6_prolate_AR2,SINGLE_APT_COUNT_FRACTION_DIAGNOSTIC,2.1e+21,single_APT_37to6_prolate_AR2,B1_constant,111977774128.69652,s^-1,66.59743812938618,69.39743812938617,6,2.034439957575666e-12,0.046266963806512386,3.7777979797257424,0.07475905302260966,PASS_NONNEGATIVE_ONE_PARAMETER,AQ_MEASURED_TOTAL_ONLY_NO_6H_NO_48H
H-P2_PBTE_303K_100,H-P2,PROVISIONAL_HOST_ENVELOPE,[100],1266.1929796897386,1266.1929796897386,3588.4887599907215,lower_1sigma__single_APT_37to6_prolate_AR2,SINGLE_APT_COUNT_FRACTION_DIAGNOSTIC,2.1e+21,single_APT_37to6_prolate_AR2,B2_omega2,1.5632268285620523e-15,s,62.97412354190793,65.77412354190793,6,1.117236185557686e-11,0.044990757458662364,3.663972793668907,0.07377884580516847,PASS_NONNEGATIVE_ONE_PARAMETER,AQ_MEASURED_TOTAL_ONLY_NO_6H_NO_48H
H-P2_PBTE_303K_100,H-P2,PROVISIONAL_HOST_ENVELOPE,[100],1266.1929796897386,1266.1929796897386,3588.4887599907215,lower_1sigma__single_APT_37to6_prolate_AR2,SINGLE_APT_COUNT_FRACTION_DIAGNOSTIC,2.1e+21,single_APT_37to6_prolate_AR2,B4_omega4,2.3001436569054264e-41,s^3,63.60503001421288,66.40503001421287,6,8.308659127777158e-12,0.04521556582985538,3.751381726778227,0.07197278048735223,PASS_NONNEGATIVE_ONE_PARAMETER,AQ_MEASURED_TOTAL_ONLY_NO_6H_NO_48H
H-P2_PBTE_303K_100,H-P2,PROVISIONAL_HOST_ENVELOPE,[100],1266.1929796897386,1266.1929796897386,3588.4887599907215,lower_1sigma__single_APT_37to6_prolate_AR2,SINGLE_APT_COUNT_FRACTION_DIAGNOSTIC,2.1e+21,single_APT_37to6_prolate_AR2,BU_host_scale,2.8588757806813354,dimensionless,274.2043862781909,277.0043862781909,6,2.733178454794445e-56,0.09388137417019793,8.358621798656605,0.17892709353870162,PASS_NONNEGATIVE_ONE_PARAMETER,AQ_MEASURED_TOTAL_ONLY_NO_6H_NO_48H
H-P2_PBTE_303K_100,H-P2,PROVISIONAL_HOST_ENVELOPE,[100],1266.1929796897386,1266.1929796897386,3588.4887599907215,lower_1sigma__single_APT_37to6_large_Lover2_sphere_bound,SINGLE_APT_COUNT_FRACTION_DIAGNOSTIC,2.1e+21,single_APT_37to6_large_Lover2_sphere_bound,B0_none,0.0,none,27766.579833689546,27766.579833689546,7,0.0,0.9447207041978181,90.0668696450707,1.1378803715670682,PASS_ZERO_BACKGROUND_CONTROL,AQ_MEASURED_TOTAL_ONLY_NO_6H_NO_48H
H-P2_PBTE_303K_100,H-P2,PROVISIONAL_HOST_ENVELOPE,[100],1266.1929796897386,1266.1929796897386,3588.4887599907215,lower_1sigma__single_APT_37to6_large_Lover2_sphere_bound,SINGLE_APT_COUNT_FRACTION_DIAGNOSTIC,2.1e+21,single_APT_37to6_large_Lover2_sphere_bound,B1_constant,103167600208.79501,s^-1,66.50667202895501,69.306672028955,6,2.123270917006139e-12,0.046235424276993,3.7733481703510576,0.0745571411987056,PASS_NONNEGATIVE_ONE_PARAMETER,AQ_MEASURED_TOTAL_ONLY_NO_6H_NO_48H
H-P2_PBTE_303K_100,H-P2,PROVISIONAL_HOST_ENVELOPE,[100],1266.1929796897386,1266.1929796897386,3588.4887599907215,lower_1sigma__single_APT_37to6_large_Lover2_sphere_bound,SINGLE_APT_COUNT_FRACTION_DIAGNOSTIC,2.1e+21,single_APT_37to6_large_Lover2_sphere_bound,B2_omega2,1.2639624692610123e-15,s,63.15254266574268,65.95254266574268,6,1.0274989890876664e-11,0.04505444658536111,3.669947178835488,0.07356806759154777,PASS_NONNEGATIVE_ONE_PARAMETER,AQ_MEASURED_TOTAL_ONLY_NO_6H_NO_48H
H-P2_PBTE_303K_100,H-P2,PROVISIONAL_HOST_ENVELOPE,[100],1266.1929796897386,1266.1929796897386,3588.4887599907215,lower_1sigma__single_APT_37to6_large_Lover2_sphere_bound,SINGLE_APT_COUNT_FRACTION_DIAGNOSTIC,2.1e+21,single_APT_37to6_large_Lover2_sphere_bound,B4_omega4,1.2896321526571353e-41,s^3,62.73554795433364,65.53554795433364,6,1.2495650133536216e-11,0.04490545351819765,3.712207485164261,0.07190209540132031,PASS_NONNEGATIVE_ONE_PARAMETER,AQ_MEASURED_TOTAL_ONLY_NO_6H_NO_48H
H-P2_PBTE_303K_100,H-P2,PROVISIONAL_HOST_ENVELOPE,[100],1266.1929796897386,1266.1929796897386,3588.4887599907215,lower_1sigma__single_APT_37to6_large_Lover2_sphere_bound,SINGLE_APT_COUNT_FRACTION_DIAGNOSTIC,2.1e+21,single_APT_37to6_large_Lover2_sphere_bound,BU_host_scale,2.432176104156447,dimensionless,205.44327599043618,208.2432759904362,6,1.3161595856401698e-41,0.081262130609043,7.243582663094093,0.157519592524889,PASS_NONNEGATIVE_ONE_PARAMETER,AQ_MEASURED_TOTAL_ONLY_NO_6H_NO_48H
H-P2_PBTE_303K_100,H-P2,PROVISIONAL_HOST_ENVELOPE,[100],1266.1929796897386,1266.1929796897386,3588.4887599907215,central__zero_particle_scattering_limit,SOURCE_LITERAL_BOUND,3.61e+21,zero_particle_scattering_limit,B0_none,0.0,none,115191.17044782726,115191.17044782726,7,0.0,1.9242071966976473,181.0765644194058,2.492213280593963,PASS_ZERO_BACKGROUND_CONTROL,AQ_MEASURED_TOTAL_ONLY_NO_6H_NO_48H
H-P2_PBTE_303K_100,H-P2,PROVISIONAL_HOST_ENVELOPE,[100],1266.1929796897386,1266.1929796897386,3588.4887599907215,central__zero_particle_scattering_limit,SOURCE_LITERAL_BOUND,3.61e+21,zero_particle_scattering_limit,B1_constant,118152207334.91052,s^-1,66.6735813391972,69.4735813391972,6,1.9627878969225173e-12,0.046293405579936345,3.7808457682197503,0.07487320697681943,PASS_NONNEGATIVE_ONE_PARAMETER,AQ_MEASURED_TOTAL_ONLY_NO_6H_NO_48H
H-P2_PBTE_303K_100,H-P2,PROVISIONAL_HOST_ENVELOPE,[100],1266.1929796897386,1266.1929796897386,3588.4887599907215,central__zero_particle_scattering_limit,SOURCE_LITERAL_BOUND,3.61e+21,zero_particle_scattering_limit,B2_omega2,1.7487849708970718e-15,s,62.7590723794159,65.5590723794159,6,1.2358503177789836e-11,0.04491387199863531,3.6571713951438345,0.07359267906836586,PASS_NONNEGATIVE_ONE_PARAMETER,AQ_MEASURED_TOTAL_ONLY_NO_6H_NO_48H
H-P2_PBTE_303K_100,H-P2,PROVISIONAL_HOST_ENVELOPE,[100],1266.1929796897386,1266.1929796897386,3588.4887599907215,central__zero_particle_scattering_limit,SOURCE_LITERAL_BOUND,3.61e+21,zero_particle_scattering_limit,B4_omega4,3.9714854985342265e-41,s^3,70.88598081850206,73.68598081850206,6,2.690479853240685e-13,0.04773340502080722,4.015519707361286,0.08394751697157254,PASS_NONNEGATIVE_ONE_PARAMETER,AQ_MEASURED_TOTAL_ONLY_NO_6H_NO_48H
H-P2_PBTE_303K_100,H-P2,PROVISIONAL_HOST_ENVELOPE,[100],1266.1929796897386,1266.1929796897386,3588.4887599907215,central__zero_particle_scattering_limit,SOURCE_LITERAL_BOUND,3.61e+21,zero_particle_scattering_limit,BU_host_scale,3.2067495265845976,dimensionless,372.30738505465206,375.10738505465207,6,2.499526542617868e-77,0.10939388964216597,9.614999659457247,0.2041340218156209,PASS_NONNEGATIVE_ONE_PARAMETER,AQ_MEASURED_TOTAL_ONLY_NO_6H_NO_48H
H-P2_PBTE_303K_100,H-P2,PROVISIONAL_HOST_ENVELOPE,[100],1266.1929796897386,1266.1929796897386,3588.4887599907215,central__all_small_at_reported_max,SOURCE_LITERAL_BOUND,3.61e+21,all_small_at_reported_max,B0_none,0.0,none,112422.5187132497,112422.5187132497,7,0.0,1.9009421239585829,178.9830893599955,2.4570965232346493,PASS_ZERO_BACKGROUND_CONTROL,AQ_MEASURED_TOTAL_ONLY_NO_6H_NO_48H
H-P2_PBTE_303K_100,H-P2,PROVISIONAL_HOST_ENVELOPE,[100],1266.1929796897386,1266.1929796897386,3588.4887599907215,central__all_small_at_reported_max,SOURCE_LITERAL_BOUND,3.61e+21,all_small_at_reported_max,B1_constant,117316210732.88867,s^-1,66.6598760925003,69.4598760925003,6,1.975496262816766e-12,0.04628864735982025,3.780545075748936,0.0748861460509882,PASS_NONNEGATIVE_ONE_PARAMETER,AQ_MEASURED_TOTAL_ONLY_NO_6H_NO_48H
H-P2_PBTE_303K_100,H-P2,PROVISIONAL_HOST_ENVELOPE,[100],1266.1929796897386,1266.1929796897386,3588.4887599907215,central__all_small_at_reported_max,SOURCE_LITERAL_BOUND,3.61e+21,all_small_at_reported_max,B2_omega2,1.743548283362463e-15,s,62.77348819335359,65.57348819335358,6,1.2275202563783596e-11,0.04491903008033226,3.6576309790837134,0.07361100695369727,PASS_NONNEGATIVE_ONE_PARAMETER,AQ_MEASURED_TOTAL_ONLY_NO_6H_NO_48H
H-P2_PBTE_303K_100,H-P2,PROVISIONAL_HOST_ENVELOPE,[100],1266.1929796897386,1266.1929796897386,3588.4887599907215,central__all_small_at_reported_max,SOURCE_LITERAL_BOUND,3.61e+21,all_small_at_reported_max,B4_omega4,3.9610328965528944e-41,s^3,70.83712890338279,73.63712890338279,6,2.753314826297916e-13,0.047716954164652936,4.014526141193577,0.08385044821145682,PASS_NONNEGATIVE_ONE_PARAMETER,AQ_MEASURED_TOTAL_ONLY_NO_6H_NO_48H
H-P2_PBTE_303K_100,H-P2,PROVISIONAL_HOST_ENVELOPE,[100],1266.1929796897386,1266.1929796897386,3588.4887599907215,central__all_small_at_reported_max,SOURCE_LITERAL_BOUND,3.61e+21,all_small_at_reported_max,BU_host_scale,3.196939390807198,dimensionless,368.96819158889764,371.76819158889765,6,1.3036805298438207e-76,0.10890221243161353,9.577044977052719,0.2033472621246344,PASS_NONNEGATIVE_ONE_PARAMETER,AQ_MEASURED_TOTAL_ONLY_NO_6H_NO_48H
H-P2_PBTE_303K_100,H-P2,PROVISIONAL_HOST_ENVELOPE,[100],1266.1929796897386,1266.1929796897386,3588.4887599907215,central__single_APT_37to6_prolate_AR10,SINGLE_APT_COUNT_FRACTION_DIAGNOSTIC,3.61e+21,single_APT_37to6_prolate_AR10,B0_none,0.0,none,105830.87162029301,105830.87162029301,7,0.0,1.8443715969931689,173.90891442350747,2.3707449836929597,PASS_ZERO_BACKGROUND_CONTROL,AQ_MEASURED_TOTAL_ONLY_NO_6H_NO_48H
H-P2_PBTE_303K_100,H-P2,PROVISIONAL_HOST_ENVELOPE,[100],1266.1929796897386,1266.1929796897386,3588.4887599907215,central__single_APT_37to6_prolate_AR10,SINGLE_APT_COUNT_FRACTION_DIAGNOSTIC,3.61e+21,single_APT_37to6_prolate_AR10,B1_constant,116422121296.53308,s^-1,66.64474461513377,69.44474461513377,6,1.989622528906702e-12,0.04628339340936922,3.78002252099643,0.07487368812653883,PASS_NONNEGATIVE_ONE_PARAMETER,AQ_MEASURED_TOTAL_ONLY_NO_6H_NO_48H
H-P2_PBTE_303K_100,H-P2,PROVISIONAL_HOST_ENVELOPE,[100],1266.1929796897386,1266.1929796897386,3588.4887599907215,central__single_APT_37to6_prolate_AR10,SINGLE_APT_COUNT_FRACTION_DIAGNOSTIC,3.61e+21,single_APT_37to6_prolate_AR10,B2_omega2,1.732496757503953e-15,s,62.791402829852586,65.59140282985258,6,1.2172464607713814e-11,0.04492543924058559,3.6581964982703754,0.0736313871455494,PASS_NONNEGATIVE_ONE_PARAMETER,AQ_MEASURED_TOTAL_ONLY_NO_6H_NO_48H
H-P2_PBTE_303K_100,H-P2,PROVISIONAL_HOST_ENVELOPE,[100],1266.1929796897386,1266.1929796897386,3588.4887599907215,central__single_APT_37to6_prolate_AR10,SINGLE_APT_COUNT_FRACTION_DIAGNOSTIC,3.61e+21,single_APT_37to6_prolate_AR10,B4_omega4,3.904869022012852e-41,s^3,70.5892331526091,73.3892331526091,6,3.09547121895933e-13,0.047633387839289255,4.009012573533282,0.08342384624916743,PASS_NONNEGATIVE_ONE_PARAMETER,AQ_MEASURED_TOTAL_ONLY_NO_6H_NO_48H
H-P2_PBTE_303K_100,H-P2,PROVISIONAL_HOST_ENVELOPE,[100],1266.1929796897386,1266.1929796897386,3588.4887599907215,central__single_APT_37to6_prolate_AR10,SINGLE_APT_COUNT_FRACTION_DIAGNOSTIC,3.61e+21,single_APT_37to6_prolate_AR10,BU_host_scale,3.1738285254142036,dimensionless,360.94697923152296,363.74697923152297,6,6.886029875011868e-75,0.10771196400393351,9.484992169667015,0.2014390251159447,PASS_NONNEGATIVE_ONE_PARAMETER,AQ_MEASURED_TOTAL_ONLY_NO_6H_NO_48H
H-P2_PBTE_303K_100,H-P2,PROVISIONAL_HOST_ENVELOPE,[100],1266.1929796897386,1266.1929796897386,3588.4887599907215,central__single_APT_37to6_prolate_AR5,SINGLE_APT_COUNT_FRACTION_DIAGNOSTIC,3.61e+21,single_APT_37to6_prolate_AR5,B0_none,0.0,none,86182.62992356112,86182.62992356112,7,0.0,1.6643785512402969,157.60186353182218,2.10295807997635,PASS_ZERO_BACKGROUND_CONTROL,AQ_MEASURED_TOTAL_ONLY_NO_6H_NO_48H
H-P2_PBTE_303K_100,H-P2,PROVISIONAL_HOST_ENVELOPE,[100],1266.1929796897386,1266.1929796897386,3588.4887599907215,central__single_APT_37to6_prolate_AR5,SINGLE_APT_COUNT_FRACTION_DIAGNOSTIC,3.61e+21,single_APT_37to6_prolate_AR5,B1_constant,114622920656.19856,s^-1,66.62175592708353,69.42175592708352,6,2.0112772132018885e-12,0.046275410137248285,3.7790868051864246,0.07483508685583073,PASS_NONNEGATIVE_ONE_PARAMETER,AQ_MEASURED_TOTAL_ONLY_NO_6H_NO_48H
H-P2_PBTE_303K_100,H-P2,PROVISIONAL_HOST_ENVELOPE,[100],1266.1929796897386,1266.1929796897386,3588.4887599907215,central__single_APT_37to6_prolate_AR5,SINGLE_APT_COUNT_FRACTION_DIAGNOSTIC,3.61e+21,single_APT_37to6_prolate_AR5,B2_omega2,1.6917676002885327e-15,s,62.84828779034325,65.64828779034325,6,1.1851890884253469e-11,0.0449457844087538,3.6599692085935054,0.07369176401512467,PASS_NONNEGATIVE_ONE_PARAMETER,AQ_MEASURED_TOTAL_ONLY_NO_6H_NO_48H
H-P2_PBTE_303K_100,H-P2,PROVISIONAL_HOST_ENVELOPE,[100],1266.1929796897386,1266.1929796897386,3588.4887599907215,central__single_APT_37to6_prolate_AR5,SINGLE_APT_COUNT_FRACTION_DIAGNOSTIC,3.61e+21,single_APT_37to6_prolate_AR5,B4_omega4,3.522075345830456e-41,s^3,68.4465165084855,71.2465165084855,6,8.511512687984796e-13,0.04690486757318969,3.953492390488621,0.07963051223467399,PASS_NONNEGATIVE_ONE_PARAMETER,AQ_MEASURED_TOTAL_ONLY_NO_6H_NO_48H
H-P2_PBTE_303K_100,H-P2,PROVISIONAL_HOST_ENVELOPE,[100],1266.1929796897386,1266.1929796897386,3588.4887599907215,central__single_APT_37to6_prolate_AR5,SINGLE_APT_COUNT_FRACTION_DIAGNOSTIC,3.61e+21,single_APT_37to6_prolate_AR5,BU_host_scale,3.0893468999842435,dimensionless,332.9331900816017,335.7331900816017,6,7.100978909087312e-69,0.10344768710275075,9.14945263773975,0.19456528802597384,PASS_NONNEGATIVE_ONE_PARAMETER,AQ_MEASURED_TOTAL_ONLY_NO_6H_NO_48H
H-P2_PBTE_303K_100,H-P2,PROVISIONAL_HOST_ENVELOPE,[100],1266.1929796897386,1266.1929796897386,3588.4887599907215,central__single_APT_37to6_prolate_AR2,SINGLE_APT_COUNT_FRACTION_DIAGNOSTIC,3.61e+21,single_APT_37to6_prolate_AR2,B0_none,0.0,none,40619.84594579785,40619.84594579785,7,0.0,1.142645135376966,108.90892304120496,1.3913272725430677,PASS_ZERO_BACKGROUND_CONTROL,AQ_MEASURED_TOTAL_ONLY_NO_6H_NO_48H
H-P2_PBTE_303K_100,H-P2,PROVISIONAL_HOST_ENVELOPE,[100],1266.1929796897386,1266.1929796897386,3588.4887599907215,central__single_APT_37to6_prolate_AR2,SINGLE_APT_COUNT_FRACTION_DIAGNOSTIC,3.61e+21,single_APT_37to6_prolate_AR2,B1_constant,107552164365.76079,s^-1,66.54396907773761,69.34396907773761,6,2.0863098777733497e-12,0.046248386910079604,3.7755527397973214,0.07467489163763807,PASS_NONNEGATIVE_ONE_PARAMETER,AQ_MEASURED_TOTAL_ONLY_NO_6H_NO_48H
H-P2_PBTE_303K_100,H-P2,PROVISIONAL_HOST_ENVELOPE,[100],1266.1929796897386,1266.1929796897386,3588.4887599907215,central__single_APT_37to6_prolate_AR2,SINGLE_APT_COUNT_FRACTION_DIAGNOSTIC,3.61e+21,single_APT_37to6_prolate_AR2,B2_omega2,1.4508692431737856e-15,s,63.069624759225874,65.86962475922587,6,1.0682716582044757e-11,0.04502485911904004,3.6670964484655144,0.07382196685653364,PASS_NONNEGATIVE_ONE_PARAMETER,AQ_MEASURED_TOTAL_ONLY_NO_6H_NO_48H
H-P2_PBTE_303K_100,H-P2,PROVISIONAL_HOST_ENVELOPE,[100],1266.1929796897386,1266.1929796897386,3588.4887599907215,central__single_APT_37to6_prolate_AR2,SINGLE_APT_COUNT_FRACTION_DIAGNOSTIC,3.61e+21,single_APT_37to6_prolate_AR2,B4_omega4,1.8195630002650115e-41,s^3,62.867346798386684,65.66734679838667,6,1.1746379640368027e-11,0.04495259889139893,3.7049565194127436,0.07226007027272807,PASS_NONNEGATIVE_ONE_PARAMETER,AQ_MEASURED_TOTAL_ONLY_NO_6H_NO_48H
H-P2_PBTE_303K_100,H-P2,PROVISIONAL_HOST_ENVELOPE,[100],1266.1929796897386,1266.1929796897386,3588.4887599907215,central__single_APT_37to6_prolate_AR2,SINGLE_APT_COUNT_FRACTION_DIAGNOSTIC,3.61e+21,single_APT_37to6_prolate_AR2,BU_host_scale,2.67517325078171,dimensionless,235.17624228982748,237.9762422898275,6,6.014660398368254e-48,0.08694386901510584,7.757381147509856,0.16728838686307457,PASS_NONNEGATIVE_ONE_PARAMETER,AQ_MEASURED_TOTAL_ONLY_NO_6H_NO_48H
H-P2_PBTE_303K_100,H-P2,PROVISIONAL_HOST_ENVELOPE,[100],1266.1929796897386,1266.1929796897386,3588.4887599907215,central__single_APT_37to6_large_Lover2_sphere_bound,SINGLE_APT_COUNT_FRACTION_DIAGNOSTIC,3.61e+21,single_APT_37to6_large_Lover2_sphere_bound,B0_none,0.0,none,15476.82869635992,15476.82869635992,7,0.0,0.705315173388159,67.36758797512185,0.8401845826010559,PASS_ZERO_BACKGROUND_CONTROL,AQ_MEASURED_TOTAL_ONLY_NO_6H_NO_48H
H-P2_PBTE_303K_100,H-P2,PROVISIONAL_HOST_ENVELOPE,[100],1266.1929796897386,1266.1929796897386,3588.4887599907215,central__single_APT_37to6_large_Lover2_sphere_bound,SINGLE_APT_COUNT_FRACTION_DIAGNOSTIC,3.61e+21,single_APT_37to6_large_Lover2_sphere_bound,B1_constant,92474499822.0742,s^-1,66.40193981568638,69.20193981568637,6,2.230591026836367e-12,0.04619900502721032,3.780674831718008,0.07431538045962593,PASS_NONNEGATIVE_ONE_PARAMETER,AQ_MEASURED_TOTAL_ONLY_NO_6H_NO_48H
H-P2_PBTE_303K_100,H-P2,PROVISIONAL_HOST_ENVELOPE,[100],1266.1929796897386,1266.1929796897386,3588.4887599907215,central__single_APT_37to6_large_Lover2_sphere_bound,SINGLE_APT_COUNT_FRACTION_DIAGNOSTIC,3.61e+21,single_APT_37to6_large_Lover2_sphere_bound,B2_omega2,1.0567495831245628e-15,s,63.34681248117157,66.14681248117157,6,9.37950456818456e-12,0.045123691604717554,3.674633446991802,0.07336351159372745,PASS_NONNEGATIVE_ONE_PARAMETER,AQ_MEASURED_TOTAL_ONLY_NO_6H_NO_48H
H-P2_PBTE_303K_100,H-P2,PROVISIONAL_HOST_ENVELOPE,[100],1266.1929796897386,1266.1929796897386,3588.4887599907215,central__single_APT_37to6_large_Lover2_sphere_bound,SINGLE_APT_COUNT_FRACTION_DIAGNOSTIC,3.61e+21,single_APT_37to6_large_Lover2_sphere_bound,B4_omega4,9.185833952747399e-42,s^3,62.746511071313435,65.54651107131343,6,1.2431547426604482e-11,0.04490937698942095,3.709641453670308,0.07195488971756281,PASS_NONNEGATIVE_ONE_PARAMETER,AQ_MEASURED_TOTAL_ONLY_NO_6H_NO_48H
H-P2_PBTE_303K_100,H-P2,PROVISIONAL_HOST_ENVELOPE,[100],1266.1929796897386,1266.1929796897386,3588.4887599907215,central__single_APT_37to6_large_Lover2_sphere_bound,SINGLE_APT_COUNT_FRACTION_DIAGNOSTIC,3.61e+21,single_APT_37to6_large_Lover2_sphere_bound,BU_host_scale,2.1441225498977157,dimensionless,161.16753206990313,163.96753206990314,6,3.350871912849158e-32,0.07197489117317055,6.350687923249514,0.14076909915212,PASS_NONNEGATIVE_ONE_PARAMETER,AQ_MEASURED_TOTAL_ONLY_NO_6H_NO_48H
H-P2_PBTE_303K_100,H-P2,PROVISIONAL_HOST_ENVELOPE,[100],1266.1929796897386,1266.1929796897386,3588.4887599907215,upper_1sigma__zero_particle_scattering_limit,SOURCE_LITERAL_BOUND,5.12e+21,zero_particle_scattering_limit,B0_none,0.0,none,115191.17044782726,115191.17044782726,7,0.0,1.9242071966976473,181.0765644194058,2.492213280593963,PASS_ZERO_BACKGROUND_CONTROL,AQ_MEASURED_TOTAL_ONLY_NO_6H_NO_48H
H-P2_PBTE_303K_100,H-P2,PROVISIONAL_HOST_ENVELOPE,[100],1266.1929796897386,1266.1929796897386,3588.4887599907215,upper_1sigma__zero_particle_scattering_limit,SOURCE_LITERAL_BOUND,5.12e+21,zero_particle_scattering_limit,B1_constant,118152207334.91052,s^-1,66.6735813391972,69.4735813391972,6,1.9627878969225173e-12,0.046293405579936345,3.7808457682197503,0.07487320697681943,PASS_NONNEGATIVE_ONE_PARAMETER,AQ_MEASURED_TOTAL_ONLY_NO_6H_NO_48H
H-P2_PBTE_303K_100,H-P2,PROVISIONAL_HOST_ENVELOPE,[100],1266.1929796897386,1266.1929796897386,3588.4887599907215,upper_1sigma__zero_particle_scattering_limit,SOURCE_LITERAL_BOUND,5.12e+21,zero_particle_scattering_limit,B2_omega2,1.7487849708970718e-15,s,62.7590723794159,65.5590723794159,6,1.2358503177789836e-11,0.04491387199863531,3.6571713951438345,0.07359267906836586,PASS_NONNEGATIVE_ONE_PARAMETER,AQ_MEASURED_TOTAL_ONLY_NO_6H_NO_48H
H-P2_PBTE_303K_100,H-P2,PROVISIONAL_HOST_ENVELOPE,[100],1266.1929796897386,1266.1929796897386,3588.4887599907215,upper_1sigma__zero_particle_scattering_limit,SOURCE_LITERAL_BOUND,5.12e+21,zero_particle_scattering_limit,B4_omega4,3.9714854985342265e-41,s^3,70.88598081850206,73.68598081850206,6,2.690479853240685e-13,0.04773340502080722,4.015519707361286,0.08394751697157254,PASS_NONNEGATIVE_ONE_PARAMETER,AQ_MEASURED_TOTAL_ONLY_NO_6H_NO_48H
H-P2_PBTE_303K_100,H-P2,PROVISIONAL_HOST_ENVELOPE,[100],1266.1929796897386,1266.1929796897386,3588.4887599907215,upper_1sigma__zero_particle_scattering_limit,SOURCE_LITERAL_BOUND,5.12e+21,zero_particle_scattering_limit,BU_host_scale,3.2067495265845976,dimensionless,372.30738505465206,375.10738505465207,6,2.499526542617868e-77,0.10939388964216597,9.614999659457247,0.2041340218156209,PASS_NONNEGATIVE_ONE_PARAMETER,AQ_MEASURED_TOTAL_ONLY_NO_6H_NO_48H
H-P2_PBTE_303K_100,H-P2,PROVISIONAL_HOST_ENVELOPE,[100],1266.1929796897386,1266.1929796897386,3588.4887599907215,upper_1sigma__all_small_at_reported_max,SOURCE_LITERAL_BOUND,5.12e+21,all_small_at_reported_max,B0_none,0.0,none,111294.60733602282,111294.60733602282,7,0.0,1.891382210017891,178.12192991389364,2.4427039859013617,PASS_ZERO_BACKGROUND_CONTROL,AQ_MEASURED_TOTAL_ONLY_NO_6H_NO_48H
H-P2_PBTE_303K_100,H-P2,PROVISIONAL_HOST_ENVELOPE,[100],1266.1929796897386,1266.1929796897386,3588.4887599907215,upper_1sigma__all_small_at_reported_max,SOURCE_LITERAL_BOUND,5.12e+21,all_small_at_reported_max,B1_constant,116967412314.1313,s^-1,66.65419923780237,69.45419923780237,6,1.9807842223553416e-12,0.046286676312651986,3.780419163976105,0.07489153511093782,PASS_NONNEGATIVE_ONE_PARAMETER,AQ_MEASURED_TOTAL_ONLY_NO_6H_NO_48H
H-P2_PBTE_303K_100,H-P2,PROVISIONAL_HOST_ENVELOPE,[100],1266.1929796897386,1266.1929796897386,3588.4887599907215,upper_1sigma__all_small_at_reported_max,SOURCE_LITERAL_BOUND,5.12e+21,all_small_at_reported_max,B2_omega2,1.741359707365517e-15,s,62.779540823238804,65.5795408232388,6,1.2240395149990681e-11,0.0449211955782071,3.6578226999401657,0.07361865270611312,PASS_NONNEGATIVE_ONE_PARAMETER,AQ_MEASURED_TOTAL_ONLY_NO_6H_NO_48H
H-P2_PBTE_303K_100,H-P2,PROVISIONAL_HOST_ENVELOPE,[100],1266.1929796897386,1266.1929796897386,3588.4887599907215,upper_1sigma__all_small_at_reported_max,SOURCE_LITERAL_BOUND,5.12e+21,all_small_at_reported_max,B4_omega4,3.9566652559801733e-41,s^3,70.81683792868343,73.61683792868342,6,2.7798424310756376e-13,0.04771011952249269,4.014110960396837,0.0838099573979817,PASS_NONNEGATIVE_ONE_PARAMETER,AQ_MEASURED_TOTAL_ONLY_NO_6H_NO_48H
H-P2_PBTE_303K_100,H-P2,PROVISIONAL_HOST_ENVELOPE,[100],1266.1929796897386,1266.1929796897386,3588.4887599907215,upper_1sigma__all_small_at_reported_max,SOURCE_LITERAL_BOUND,5.12e+21,all_small_at_reported_max,BU_host_scale,3.192847505882888,dimensionless,367.58186743550965,370.38186743550966,6,2.5879489464949367e-76,0.10869743075751256,9.56120500575788,0.20301935291837636,PASS_NONNEGATIVE_ONE_PARAMETER,AQ_MEASURED_TOTAL_ONLY_NO_6H_NO_48H
H-P2_PBTE_303K_100,H-P2,PROVISIONAL_HOST_ENVELOPE,[100],1266.1929796897386,1266.1929796897386,3588.4887599907215,upper_1sigma__single_APT_37to6_prolate_AR10,SINGLE_APT_COUNT_FRACTION_DIAGNOSTIC,5.12e+21,single_APT_37to6_prolate_AR10,B0_none,0.0,none,102247.62414601295,102247.62414601295,7,0.0,1.8128791399654431,171.07069183452813,2.323270084203677,PASS_ZERO_BACKGROUND_CONTROL,AQ_MEASURED_TOTAL_ONLY_NO_6H_NO_48H
H-P2_PBTE_303K_100,H-P2,PROVISIONAL_HOST_ENVELOPE,[100],1266.1929796897386,1266.1929796897386,3588.4887599907215,upper_1sigma__single_APT_37to6_prolate_AR10,SINGLE_APT_COUNT_FRACTION_DIAGNOSTIC,5.12e+21,single_APT_37to6_prolate_AR10,B1_constant,115700320790.87375,s^-1,66.6326636469089,69.43266364690889,6,2.0009732822182527e-12,0.04627919822826065,3.779676683271873,0.07487383902063716,PASS_NONNEGATIVE_ONE_PARAMETER,AQ_MEASURED_TOTAL_ONLY_NO_6H_NO_48H
H-P2_PBTE_303K_100,H-P2,PROVISIONAL_HOST_ENVELOPE,[100],1266.1929796897386,1266.1929796897386,3588.4887599907215,upper_1sigma__single_APT_37to6_prolate_AR10,SINGLE_APT_COUNT_FRACTION_DIAGNOSTIC,5.12e+21,single_APT_37to6_prolate_AR10,B2_omega2,1.7256956865853781e-15,s,62.80492830043285,65.60492830043285,6,1.209546674843252e-11,0.04493027752226998,3.6586202056359873,0.07364739918803265,PASS_NONNEGATIVE_ONE_PARAMETER,AQ_MEASURED_TOTAL_ONLY_NO_6H_NO_48H
H-P2_PBTE_303K_100,H-P2,PROVISIONAL_HOST_ENVELOPE,[100],1266.1929796897386,1266.1929796897386,3588.4887599907215,upper_1sigma__single_APT_37to6_prolate_AR10,SINGLE_APT_COUNT_FRACTION_DIAGNOSTIC,5.12e+21,single_APT_37to6_prolate_AR10,B4_omega4,3.87724483821886e-41,s^3,70.4684945139123,73.2684945139123,6,3.2771777141062156e-13,0.04759263338199406,4.006298766502776,0.08320690774596173,PASS_NONNEGATIVE_ONE_PARAMETER,AQ_MEASURED_TOTAL_ONLY_NO_6H_NO_48H
H-P2_PBTE_303K_100,H-P2,PROVISIONAL_HOST_ENVELOPE,[100],1266.1929796897386,1266.1929796897386,3588.4887599907215,upper_1sigma__single_APT_37to6_prolate_AR10,SINGLE_APT_COUNT_FRACTION_DIAGNOSTIC,5.12e+21,single_APT_37to6_prolate_AR10,BU_host_scale,3.160163027026253,dimensionless,356.30113265839714,359.10113265839715,6,6.848760854681113e-74,0.10701652398988228,9.430860515271238,0.20032195295193655,PASS_NONNEGATIVE_ONE_PARAMETER,AQ_MEASURED_TOTAL_ONLY_NO_6H_NO_48H
H-P2_PBTE_303K_100,H-P2,PROVISIONAL_HOST_ENVELOPE,[100],1266.1929796897386,1266.1929796897386,3588.4887599907215,upper_1sigma__single_APT_37to6_prolate_AR5,SINGLE_APT_COUNT_FRACTION_DIAGNOSTIC,5.12e+21,single_APT_37to6_prolate_AR5,B0_none,0.0,none,77490.3036074999,77490.3036074999,7,0.0,1.5782141042369686,149.71697528503844,1.978171154591534,PASS_ZERO_BACKGROUND_CONTROL,AQ_MEASURED_TOTAL_ONLY_NO_6H_NO_48H
H-P2_PBTE_303K_100,H-P2,PROVISIONAL_HOST_ENVELOPE,[100],1266.1929796897386,1266.1929796897386,3588.4887599907215,upper_1sigma__single_APT_37to6_prolate_AR5,SINGLE_APT_COUNT_FRACTION_DIAGNOSTIC,5.12e+21,single_APT_37to6_prolate_AR5,B1_constant,113150316085.43146,s^-1,66.59992591023286,69.39992591023285,6,2.0320581680582913e-12,0.04626782796131113,3.778341714347661,0.07481900871114422,PASS_NONNEGATIVE_ONE_PARAMETER,AQ_MEASURED_TOTAL_ONLY_NO_6H_NO_48H
H-P2_PBTE_303K_100,H-P2,PROVISIONAL_HOST_ENVELOPE,[100],1266.1929796897386,1266.1929796897386,3588.4887599907215,upper_1sigma__single_APT_37to6_prolate_AR5,SINGLE_APT_COUNT_FRACTION_DIAGNOSTIC,5.12e+21,single_APT_37to6_prolate_AR5,B2_omega2,1.6683123878102865e-15,s,62.8837994157202,65.6837994157202,6,1.1656051561179503e-11,0.044958480637356704,3.66105650874864,0.07372978458695045,PASS_NONNEGATIVE_ONE_PARAMETER,AQ_MEASURED_TOTAL_ONLY_NO_6H_NO_48H
H-P2_PBTE_303K_100,H-P2,PROVISIONAL_HOST_ENVELOPE,[100],1266.1929796897386,1266.1929796897386,3588.4887599907215,upper_1sigma__single_APT_37to6_prolate_AR5,SINGLE_APT_COUNT_FRACTION_DIAGNOSTIC,5.12e+21,single_APT_37to6_prolate_AR5,B4_omega4,3.3554774244427036e-41,s^3,67.68245849831393,70.48245849831393,6,1.2202686002524161e-12,0.04664233693318402,3.930169266713033,0.07808351740175967,PASS_NONNEGATIVE_ONE_PARAMETER,AQ_MEASURED_TOTAL_ONLY_NO_6H_NO_48H
H-P2_PBTE_303K_100,H-P2,PROVISIONAL_HOST_ENVELOPE,[100],1266.1929796897386,1266.1929796897386,3588.4887599907215,upper_1sigma__single_APT_37to6_prolate_AR5,SINGLE_APT_COUNT_FRACTION_DIAGNOSTIC,5.12e+21,single_APT_37to6_prolate_AR5,BU_host_scale,3.0425300401123447,dimensionless,318.2584276027533,321.0584276027533,6,9.976739220616278e-66,0.1011421532939933,8.964271874518857,0.19082114366341763,PASS_NONNEGATIVE_ONE_PARAMETER,AQ_MEASURED_TOTAL_ONLY_NO_6H_NO_48H
H-P2_PBTE_303K_100,H-P2,PROVISIONAL_HOST_ENVELOPE,[100],1266.1929796897386,1266.1929796897386,3588.4887599907215,upper_1sigma__single_APT_37to6_prolate_AR2,SINGLE_APT_COUNT_FRACTION_DIAGNOSTIC,5.12e+21,single_APT_37to6_prolate_AR2,B0_none,0.0,none,30705.33729342031,30705.33729342031,7,0.0,0.9934572311607847,94.84583389231447,1.1936520157479382,PASS_ZERO_BACKGROUND_CONTROL,AQ_MEASURED_TOTAL_ONLY_NO_6H_NO_48H
H-P2_PBTE_303K_100,H-P2,PROVISIONAL_HOST_ENVELOPE,[100],1266.1929796897386,1266.1929796897386,3588.4887599907215,upper_1sigma__single_APT_37to6_prolate_AR2,SINGLE_APT_COUNT_FRACTION_DIAGNOSTIC,5.12e+21,single_APT_37to6_prolate_AR2,B1_constant,103138873913.61348,s^-1,66.49170583508521,69.29170583508521,6,2.1382853719822645e-12,0.046230221736890086,3.773262751924056,0.074588793390024,PASS_NONNEGATIVE_ONE_PARAMETER,AQ_MEASURED_TOTAL_ONLY_NO_6H_NO_48H
H-P2_PBTE_303K_100,H-P2,PROVISIONAL_HOST_ENVELOPE,[100],1266.1929796897386,1266.1929796897386,3588.4887599907215,upper_1sigma__single_APT_37to6_prolate_AR2,SINGLE_APT_COUNT_FRACTION_DIAGNOSTIC,5.12e+21,single_APT_37to6_prolate_AR2,B2_omega2,1.3510224827991563e-15,s,63.13989324972562,65.93989324972561,6,1.0336171206189823e-11,0.045049934170220275,3.669506180169798,0.07382546001586698,PASS_NONNEGATIVE_ONE_PARAMETER,AQ_MEASURED_TOTAL_ONLY_NO_6H_NO_48H
H-P2_PBTE_303K_100,H-P2,PROVISIONAL_HOST_ENVELOPE,[100],1266.1929796897386,1266.1929796897386,3588.4887599907215,upper_1sigma__single_APT_37to6_prolate_AR2,SINGLE_APT_COUNT_FRACTION_DIAGNOSTIC,5.12e+21,single_APT_37to6_prolate_AR2,B4_omega4,1.5142575449457284e-41,s^3,62.578773735649435,65.37877373564943,6,1.3449244546372994e-11,0.044849309742293245,3.684961997474699,0.07235921886244712,PASS_NONNEGATIVE_ONE_PARAMETER,AQ_MEASURED_TOTAL_ONLY_NO_6H_NO_48H
H-P2_PBTE_303K_100,H-P2,PROVISIONAL_HOST_ENVELOPE,[100],1266.1929796897386,1266.1929796897386,3588.4887599907215,upper_1sigma__single_APT_37to6_prolate_AR2,SINGLE_APT_COUNT_FRACTION_DIAGNOSTIC,5.12e+21,single_APT_37to6_prolate_AR2,BU_host_scale,2.5220689549354236,dimensionless,206.96031182147152,209.76031182147153,6,6.254847315349401e-42,0.08156160700426843,7.271649390909038,0.15802354345612668,PASS_NONNEGATIVE_ONE_PARAMETER,AQ_MEASURED_TOTAL_ONLY_NO_6H_NO_48H
H-P2_PBTE_303K_100,H-P2,PROVISIONAL_HOST_ENVELOPE,[100],1266.1929796897386,1266.1929796897386,3588.4887599907215,upper_1sigma__single_APT_37to6_large_Lover2_sphere_bound,SINGLE_APT_COUNT_FRACTION_DIAGNOSTIC,5.12e+21,single_APT_37to6_large_Lover2_sphere_bound,B0_none,0.0,none,9233.622391277235,9233.622391277235,7,0.0,0.5447889549485296,52.04976384973604,0.6454528116683225,PASS_ZERO_BACKGROUND_CONTROL,AQ_MEASURED_TOTAL_ONLY_NO_6H_NO_48H
H-P2_PBTE_303K_100,H-P2,PROVISIONAL_HOST_ENVELOPE,[100],1266.1929796897386,1266.1929796897386,3588.4887599907215,upper_1sigma__single_APT_37to6_large_Lover2_sphere_bound,SINGLE_APT_COUNT_FRACTION_DIAGNOSTIC,5.12e+21,single_APT_37to6_large_Lover2_sphere_bound,B1_constant,81856379496.73582,s^-1,66.31283740167348,69.11283740167347,6,2.3261465641842308e-12,0.0461679982167248,3.7896809973750396,0.07406022291416692,PASS_NONNEGATIVE_ONE_PARAMETER,AQ_MEASURED_TOTAL_ONLY_NO_6H_NO_48H
H-P2_PBTE_303K_100,H-P2,PROVISIONAL_HOST_ENVELOPE,[100],1266.1929796897386,1266.1929796897386,3588.4887599907215,upper_1sigma__single_APT_37to6_large_Lover2_sphere_bound,SINGLE_APT_COUNT_FRACTION_DIAGNOSTIC,5.12e+21,single_APT_37to6_large_Lover2_sphere_bound,B2_omega2,8.89802719582212e-16,s,63.56690250790082,66.36690250790082,6,8.458741468590921e-12,0.04520201175086551,3.6902868572928407,0.07315909736883186,PASS_NONNEGATIVE_ONE_PARAMETER,AQ_MEASURED_TOTAL_ONLY_NO_6H_NO_48H
H-P2_PBTE_303K_100,H-P2,PROVISIONAL_HOST_ENVELOPE,[100],1266.1929796897386,1266.1929796897386,3588.4887599907215,upper_1sigma__single_APT_37to6_large_Lover2_sphere_bound,SINGLE_APT_COUNT_FRACTION_DIAGNOSTIC,5.12e+21,single_APT_37to6_large_Lover2_sphere_bound,B4_omega4,6.946888916340136e-42,s^3,62.927219664619244,65.72721966461924,6,1.1420980418046523e-11,0.04497399951168504,3.715605896065303,0.07199325808814816,PASS_NONNEGATIVE_ONE_PARAMETER,AQ_MEASURED_TOTAL_ONLY_NO_6H_NO_48H
H-P2_PBTE_303K_100,H-P2,PROVISIONAL_HOST_ENVELOPE,[100],1266.1929796897386,1266.1929796897386,3588.4887599907215,upper_1sigma__single_APT_37to6_large_Lover2_sphere_bound,SINGLE_APT_COUNT_FRACTION_DIAGNOSTIC,5.12e+21,single_APT_37to6_large_Lover2_sphere_bound,BU_host_scale,1.9230078726666369,dimensionless,131.8120732415365,134.6120732415365,6,5.337889646611561e-26,0.06509083376257005,5.623533348151529,0.1274096195321538,PASS_NONNEGATIVE_ONE_PARAMETER,AQ_MEASURED_TOTAL_ONLY_NO_6H_NO_48H
H-P2_PBTE_303K_110,H-P2,PROVISIONAL_HOST_ENVELOPE,[110],1266.1929796897386,2446.1271661235087,2914.95422426286,lower_1sigma__zero_particle_scattering_limit,SOURCE_LITERAL_BOUND,2.1e+21,zero_particle_scattering_limit,B0_none,0.0,none,124173.8295828081,124173.8295828081,7,0.0,1.997824232799695,187.82620393900825,2.597743329508752,PASS_ZERO_BACKGROUND_CONTROL,AQ_MEASURED_TOTAL_ONLY_NO_6H_NO_48H
H-P2_PBTE_303K_110,H-P2,PROVISIONAL_HOST_ENVELOPE,[110],1266.1929796897386,2446.1271661235087,2914.95422426286,lower_1sigma__zero_particle_scattering_limit,SOURCE_LITERAL_BOUND,2.1e+21,zero_particle_scattering_limit,B1_constant,185685195331.20874,s^-1,72.37934395442258,75.17934395442258,6,1.3278644746512938e-13,0.04823358697858501,3.8707026553617627,0.07941688547350423,PASS_NONNEGATIVE_ONE_PARAMETER,AQ_MEASURED_TOTAL_ONLY_NO_6H_NO_48H
H-P2_PBTE_303K_110,H-P2,PROVISIONAL_HOST_ENVELOPE,[110],1266.1929796897386,2446.1271661235087,2914.95422426286,lower_1sigma__zero_particle_scattering_limit,SOURCE_LITERAL_BOUND,2.1e+21,zero_particle_scattering_limit,B2_omega2,2.678285034657301e-15,s,87.90723865008626,90.70723865008625,6,8.239480969236301e-17,0.053156277275151355,4.358220113596907,0.09375006542655528,PASS_NONNEGATIVE_ONE_PARAMETER,AQ_MEASURED_TOTAL_ONLY_NO_6H_NO_48H
H-P2_PBTE_303K_110,H-P2,PROVISIONAL_HOST_ENVELOPE,[110],1266.1929796897386,2446.1271661235087,2914.95422426286,lower_1sigma__zero_particle_scattering_limit,SOURCE_LITERAL_BOUND,2.1e+21,zero_particle_scattering_limit,B4_omega4,6.329458992247544e-41,s^3,66.45403743742435,69.25403743742434,6,2.1765459061938724e-12,0.04621712487722717,3.879938695160915,0.07451033316751332,PASS_NONNEGATIVE_ONE_PARAMETER,AQ_MEASURED_TOTAL_ONLY_NO_6H_NO_48H
H-P2_PBTE_303K_110,H-P2,PROVISIONAL_HOST_ENVELOPE,[110],1266.1929796897386,2446.1271661235087,2914.95422426286,lower_1sigma__zero_particle_scattering_limit,SOURCE_LITERAL_BOUND,2.1e+21,zero_particle_scattering_limit,BU_host_scale,3.2520290553794085,dimensionless,381.83962091147566,384.6396209114757,6,2.2376967966120358e-79,0.11078545205233532,9.723408557249776,0.20635053283893934,PASS_NONNEGATIVE_ONE_PARAMETER,AQ_MEASURED_TOTAL_ONLY_NO_6H_NO_48H
H-P2_PBTE_303K_110,H-P2,PROVISIONAL_HOST_ENVELOPE,[110],1266.1929796897386,2446.1271661235087,2914.95422426286,lower_1sigma__all_small_at_reported_max,SOURCE_LITERAL_BOUND,2.1e+21,all_small_at_reported_max,B0_none,0.0,none,123012.21306913567,123012.21306913567,7,0.0,1.9884576916565089,186.9869640277666,2.583451520117452,PASS_ZERO_BACKGROUND_CONTROL,AQ_MEASURED_TOTAL_ONLY_NO_6H_NO_48H
H-P2_PBTE_303K_110,H-P2,PROVISIONAL_HOST_ENVELOPE,[110],1266.1929796897386,2446.1271661235087,2914.95422426286,lower_1sigma__all_small_at_reported_max,SOURCE_LITERAL_BOUND,2.1e+21,all_small_at_reported_max,B1_constant,185169440121.5026,s^-1,72.39633727925523,75.19633727925523,6,1.3172311049157187e-13,0.04823924882119542,3.8706840046935698,0.07942455801706871,PASS_NONNEGATIVE_ONE_PARAMETER,AQ_MEASURED_TOTAL_ONLY_NO_6H_NO_48H
H-P2_PBTE_303K_110,H-P2,PROVISIONAL_HOST_ENVELOPE,[110],1266.1929796897386,2446.1271661235087,2914.95422426286,lower_1sigma__all_small_at_reported_max,SOURCE_LITERAL_BOUND,2.1e+21,all_small_at_reported_max,B2_omega2,2.67469794895272e-15,s,87.92238558136572,90.72238558136571,6,8.180069426225203e-17,0.05316085664660644,4.358563825751331,0.09376254498355907,PASS_NONNEGATIVE_ONE_PARAMETER,AQ_MEASURED_TOTAL_ONLY_NO_6H_NO_48H
H-P2_PBTE_303K_110,H-P2,PROVISIONAL_HOST_ENVELOPE,[110],1266.1929796897386,2446.1271661235087,2914.95422426286,lower_1sigma__all_small_at_reported_max,SOURCE_LITERAL_BOUND,2.1e+21,all_small_at_reported_max,B4_omega4,6.319995411782396e-41,s^3,66.44038499747009,69.24038499747009,6,2.1905810209394232e-12,0.04621237716770378,3.8792850784674884,0.07446005938725253,PASS_NONNEGATIVE_ONE_PARAMETER,AQ_MEASURED_TOTAL_ONLY_NO_6H_NO_48H
H-P2_PBTE_303K_110,H-P2,PROVISIONAL_HOST_ENVELOPE,[110],1266.1929796897386,2446.1271661235087,2914.95422426286,lower_1sigma__all_small_at_reported_max,SOURCE_LITERAL_BOUND,2.1e+21,all_small_at_reported_max,BU_host_scale,3.2483289615512287,dimensionless,380.5604241181534,383.3604241181534,6,4.2138187428013825e-79,0.11059972579828094,9.709192093610659,0.2060542336267236,PASS_NONNEGATIVE_ONE_PARAMETER,AQ_MEASURED_TOTAL_ONLY_NO_6H_NO_48H
H-P2_PBTE_303K_110,H-P2,PROVISIONAL_HOST_ENVELOPE,[110],1266.1929796897386,2446.1271661235087,2914.95422426286,lower_1sigma__single_APT_37to6_prolate_AR10,SINGLE_APT_COUNT_FRACTION_DIAGNOSTIC,2.1e+21,single_APT_37to6_prolate_AR10,B0_none,0.0,none,120603.67373960516,120603.67373960516,7,0.0,1.9688947803059158,185.24315705424075,2.553128043341853,PASS_ZERO_BACKGROUND_CONTROL,AQ_MEASURED_TOTAL_ONLY_NO_6H_NO_48H
H-P2_PBTE_303K_110,H-P2,PROVISIONAL_HOST_ENVELOPE,[110],1266.1929796897386,2446.1271661235087,2914.95422426286,lower_1sigma__single_APT_37to6_prolate_AR10,SINGLE_APT_COUNT_FRACTION_DIAGNOSTIC,2.1e+21,single_APT_37to6_prolate_AR10,B1_constant,184737680850.48566,s^-1,72.39366070106928,75.19366070106928,6,1.318900283575748e-13,0.04823835708192124,3.870609833303819,0.07942326863541105,PASS_NONNEGATIVE_ONE_PARAMETER,AQ_MEASURED_TOTAL_ONLY_NO_6H_NO_48H
H-P2_PBTE_303K_110,H-P2,PROVISIONAL_HOST_ENVELOPE,[110],1266.1929796897386,2446.1271661235087,2914.95422426286,lower_1sigma__single_APT_37to6_prolate_AR10,SINGLE_APT_COUNT_FRACTION_DIAGNOSTIC,2.1e+21,single_APT_37to6_prolate_AR10,B2_omega2,2.6679572354701234e-15,s,87.94521023964398,90.74521023964398,6,8.091350453263908e-17,0.05316775648013948,4.359076868406448,0.09378163418625007,PASS_NONNEGATIVE_ONE_PARAMETER,AQ_MEASURED_TOTAL_ONLY_NO_6H_NO_48H
H-P2_PBTE_303K_110,H-P2,PROVISIONAL_HOST_ENVELOPE,[110],1266.1929796897386,2446.1271661235087,2914.95422426286,lower_1sigma__single_APT_37to6_prolate_AR10,SINGLE_APT_COUNT_FRACTION_DIAGNOSTIC,2.1e+21,single_APT_37to6_prolate_AR10,B4_omega4,6.269013660635904e-41,s^3,66.31309245158491,69.1130924515849,6,2.325867293908517e-12,0.04616808700143825,3.873100943418599,0.07400014128050336,PASS_NONNEGATIVE_ONE_PARAMETER,AQ_MEASURED_TOTAL_ONLY_NO_6H_NO_48H
H-P2_PBTE_303K_110,H-P2,PROVISIONAL_HOST_ENVELOPE,[110],1266.1929796897386,2446.1271661235087,2914.95422426286,lower_1sigma__single_APT_37to6_prolate_AR10,SINGLE_APT_COUNT_FRACTION_DIAGNOSTIC,2.1e+21,single_APT_37to6_prolate_AR10,BU_host_scale,3.241035602891219,dimensionless,377.97288279102634,380.77288279102635,6,1.5158582783912063e-78,0.11022308458497178,9.680405679654005,0.20545290257285764,PASS_NONNEGATIVE_ONE_PARAMETER,AQ_MEASURED_TOTAL_ONLY_NO_6H_NO_48H
H-P2_PBTE_303K_110,H-P2,PROVISIONAL_HOST_ENVELOPE,[110],1266.1929796897386,2446.1271661235087,2914.95422426286,lower_1sigma__single_APT_37to6_prolate_AR5,SINGLE_APT_COUNT_FRACTION_DIAGNOSTIC,2.1e+21,single_APT_37to6_prolate_AR5,B0_none,0.0,none,112448.89590483984,112448.89590483984,7,0.0,1.9011651156438991,179.1838071544269,2.4490568245611106,PASS_ZERO_BACKGROUND_CONTROL,AQ_MEASURED_TOTAL_ONLY_NO_6H_NO_48H
H-P2_PBTE_303K_110,H-P2,PROVISIONAL_HOST_ENVELOPE,[110],1266.1929796897386,2446.1271661235087,2914.95422426286,lower_1sigma__single_APT_37to6_prolate_AR5,SINGLE_APT_COUNT_FRACTION_DIAGNOSTIC,2.1e+21,single_APT_37to6_prolate_AR5,B1_constant,183890312822.1059,s^-1,72.3824468547299,75.1824468547299,6,1.3259164966566837e-13,0.04823462085371909,3.8704882544760073,0.07941813389929964,PASS_NONNEGATIVE_ONE_PARAMETER,AQ_MEASURED_TOTAL_ONLY_NO_6H_NO_48H
H-P2_PBTE_303K_110,H-P2,PROVISIONAL_HOST_ENVELOPE,[110],1266.1929796897386,2446.1271661235087,2914.95422426286,lower_1sigma__single_APT_37to6_prolate_AR5,SINGLE_APT_COUNT_FRACTION_DIAGNOSTIC,2.1e+21,single_APT_37to6_prolate_AR5,B2_omega2,2.64354868591067e-15,s,88.01997335089816,90.81997335089815,6,7.807423358179863e-17,0.05319035090254634,4.360758240101941,0.09384386653135879,PASS_NONNEGATIVE_ONE_PARAMETER,AQ_MEASURED_TOTAL_ONLY_NO_6H_NO_48H
H-P2_PBTE_303K_110,H-P2,PROVISIONAL_HOST_ENVELOPE,[110],1266.1929796897386,2446.1271661235087,2914.95422426286,lower_1sigma__single_APT_37to6_prolate_AR5,SINGLE_APT_COUNT_FRACTION_DIAGNOSTIC,2.1e+21,single_APT_37to6_prolate_AR5,B4_omega4,5.954421691092361e-41,s^3,65.60180721231478,68.40180721231478,6,3.2505372525568165e-12,0.04591981617492267,3.8239087575940154,0.07235439488329476,PASS_NONNEGATIVE_ONE_PARAMETER,AQ_MEASURED_TOTAL_ONLY_NO_6H_NO_48H
H-P2_PBTE_303K_110,H-P2,PROVISIONAL_HOST_ENVELOPE,[110],1266.1929796897386,2446.1271661235087,2914.95422426286,lower_1sigma__single_APT_37to6_prolate_AR5,SINGLE_APT_COUNT_FRACTION_DIAGNOSTIC,2.1e+21,single_APT_37to6_prolate_AR5,BU_host_scale,3.214571429901913,dimensionless,368.6967699171664,371.49676991716643,6,1.490987226732229e-76,0.10886214954923656,9.575835120002838,0.2032767856790686,PASS_NONNEGATIVE_ONE_PARAMETER,AQ_MEASURED_TOTAL_ONLY_NO_6H_NO_48H
H-P2_PBTE_303K_110,H-P2,PROVISIONAL_HOST_ENVELOPE,[110],1266.1929796897386,2446.1271661235087,2914.95422426286,lower_1sigma__single_APT_37to6_prolate_AR2,SINGLE_APT_COUNT_FRACTION_DIAGNOSTIC,2.1e+21,single_APT_37to6_prolate_AR2,B0_none,0.0,none,80480.53384939353,80480.53384939353,7,0.0,1.6083762937515385,152.38964664125044,2.0263719079121234,PASS_ZERO_BACKGROUND_CONTROL,AQ_MEASURED_TOTAL_ONLY_NO_6H_NO_48H
H-P2_PBTE_303K_110,H-P2,PROVISIONAL_HOST_ENVELOPE,[110],1266.1929796897386,2446.1271661235087,2914.95422426286,lower_1sigma__single_APT_37to6_prolate_AR2,SINGLE_APT_COUNT_FRACTION_DIAGNOSTIC,2.1e+21,single_APT_37to6_prolate_AR2,B1_constant,180551077966.87738,s^-1,72.33770626217421,75.1377062621742,6,1.3542824166037088e-13,0.04821971130592787,3.8700525664550187,0.0793973103972152,PASS_NONNEGATIVE_ONE_PARAMETER,AQ_MEASURED_TOTAL_ONLY_NO_6H_NO_48H
H-P2_PBTE_303K_110,H-P2,PROVISIONAL_HOST_ENVELOPE,[110],1266.1929796897386,2446.1271661235087,2914.95422426286,lower_1sigma__single_APT_37to6_prolate_AR2,SINGLE_APT_COUNT_FRACTION_DIAGNOSTIC,2.1e+21,single_APT_37to6_prolate_AR2,B2_omega2,2.486797067866216e-15,s,88.05898333763498,90.85898333763498,6,7.66324927784671e-17,0.05320213643799315,4.362105676084026,0.09384039938877375,PASS_NONNEGATIVE_ONE_PARAMETER,AQ_MEASURED_TOTAL_ONLY_NO_6H_NO_48H
H-P2_PBTE_303K_110,H-P2,PROVISIONAL_HOST_ENVELOPE,[110],1266.1929796897386,2446.1271661235087,2914.95422426286,lower_1sigma__single_APT_37to6_prolate_AR2,SINGLE_APT_COUNT_FRACTION_DIAGNOSTIC,2.1e+21,single_APT_37to6_prolate_AR2,B4_omega4,4.1329424357203533e-41,s^3,69.64948299691989,72.44948299691988,6,4.824822350126651e-13,0.04731525527822769,3.789763850316837,0.07803110768477706,PASS_NONNEGATIVE_ONE_PARAMETER,AQ_MEASURED_TOTAL_ONLY_NO_6H_NO_48H
H-P2_PBTE_303K_110,H-P2,PROVISIONAL_HOST_ENVELOPE,[110],1266.1929796897386,2446.1271661235087,2914.95422426286,lower_1sigma__single_APT_37to6_prolate_AR2,SINGLE_APT_COUNT_FRACTION_DIAGNOSTIC,2.1e+21,single_APT_37to6_prolate_AR2,BU_host_scale,3.0543649526046317,dimensionless,320.59649129030265,323.39649129030266,6,3.1448681476246214e-66,0.10151299040046767,8.992296514367263,0.191439345352037,PASS_NONNEGATIVE_ONE_PARAMETER,AQ_MEASURED_TOTAL_ONLY_NO_6H_NO_48H
H-P2_PBTE_303K_110,H-P2,PROVISIONAL_HOST_ENVELOPE,[110],1266.1929796897386,2446.1271661235087,2914.95422426286,lower_1sigma__single_APT_37to6_large_Lover2_sphere_bound,SINGLE_APT_COUNT_FRACTION_DIAGNOSTIC,2.1e+21,single_APT_37to6_large_Lover2_sphere_bound,B0_none,0.0,none,49994.23146297008,49994.23146297008,7,0.0,1.2676582504291842,120.49398553137924,1.565760061117639,PASS_ZERO_BACKGROUND_CONTROL,AQ_MEASURED_TOTAL_ONLY_NO_6H_NO_48H
H-P2_PBTE_303K_110,H-P2,PROVISIONAL_HOST_ENVELOPE,[110],1266.1929796897386,2446.1271661235087,2914.95422426286,lower_1sigma__single_APT_37to6_large_Lover2_sphere_bound,SINGLE_APT_COUNT_FRACTION_DIAGNOSTIC,2.1e+21,single_APT_37to6_large_Lover2_sphere_bound,B1_constant,173381213837.1579,s^-1,72.24294133452028,75.04294133452028,6,1.4163807328196906e-13,0.04818811619990238,3.8691094325285995,0.07935310318814559,PASS_NONNEGATIVE_ONE_PARAMETER,AQ_MEASURED_TOTAL_ONLY_NO_6H_NO_48H
H-P2_PBTE_303K_110,H-P2,PROVISIONAL_HOST_ENVELOPE,[110],1266.1929796897386,2446.1271661235087,2914.95422426286,lower_1sigma__single_APT_37to6_large_Lover2_sphere_bound,SINGLE_APT_COUNT_FRACTION_DIAGNOSTIC,2.1e+21,single_APT_37to6_large_Lover2_sphere_bound,B2_omega2,2.1621991580458642e-15,s,85.705425848264,88.505425848264,6,2.3577185205844896e-16,0.05248635307780953,4.310806311258992,0.09154812912191712,PASS_NONNEGATIVE_ONE_PARAMETER,AQ_MEASURED_TOTAL_ONLY_NO_6H_NO_48H
H-P2_PBTE_303K_110,H-P2,PROVISIONAL_HOST_ENVELOPE,[110],1266.1929796897386,2446.1271661235087,2914.95422426286,lower_1sigma__single_APT_37to6_large_Lover2_sphere_bound,SINGLE_APT_COUNT_FRACTION_DIAGNOSTIC,2.1e+21,single_APT_37to6_large_Lover2_sphere_bound,B4_omega4,2.5999908857051245e-41,s^3,74.20302463616012,77.00302463616012,6,5.5997858233821056e-14,0.0488374571455968,3.979257236935333,0.0796981309684468,PASS_NONNEGATIVE_ONE_PARAMETER,AQ_MEASURED_TOTAL_ONLY_NO_6H_NO_48H
H-P2_PBTE_303K_110,H-P2,PROVISIONAL_HOST_ENVELOPE,[110],1266.1929796897386,2446.1271661235087,2914.95422426286,lower_1sigma__single_APT_37to6_large_Lover2_sphere_bound,SINGLE_APT_COUNT_FRACTION_DIAGNOSTIC,2.1e+21,single_APT_37to6_large_Lover2_sphere_bound,BU_host_scale,2.760295895865309,dimensionless,263.32903296502127,266.1290329650213,6,5.798708345595602e-54,0.09200080156260268,8.195575536416431,0.17582065008768033,PASS_NONNEGATIVE_ONE_PARAMETER,AQ_MEASURED_TOTAL_ONLY_NO_6H_NO_48H
H-P2_PBTE_303K_110,H-P2,PROVISIONAL_HOST_ENVELOPE,[110],1266.1929796897386,2446.1271661235087,2914.95422426286,central__zero_particle_scattering_limit,SOURCE_LITERAL_BOUND,3.61e+21,zero_particle_scattering_limit,B0_none,0.0,none,124173.8295828081,124173.8295828081,7,0.0,1.997824232799695,187.82620393900825,2.597743329508752,PASS_ZERO_BACKGROUND_CONTROL,AQ_MEASURED_TOTAL_ONLY_NO_6H_NO_48H
H-P2_PBTE_303K_110,H-P2,PROVISIONAL_HOST_ENVELOPE,[110],1266.1929796897386,2446.1271661235087,2914.95422426286,central__zero_particle_scattering_limit,SOURCE_LITERAL_BOUND,3.61e+21,zero_particle_scattering_limit,B1_constant,185685195331.20874,s^-1,72.37934395442258,75.17934395442258,6,1.3278644746512938e-13,0.04823358697858501,3.8707026553617627,0.07941688547350423,PASS_NONNEGATIVE_ONE_PARAMETER,AQ_MEASURED_TOTAL_ONLY_NO_6H_NO_48H
H-P2_PBTE_303K_110,H-P2,PROVISIONAL_HOST_ENVELOPE,[110],1266.1929796897386,2446.1271661235087,2914.95422426286,central__zero_particle_scattering_limit,SOURCE_LITERAL_BOUND,3.61e+21,zero_particle_scattering_limit,B2_omega2,2.678285034657301e-15,s,87.90723865008626,90.70723865008625,6,8.239480969236301e-17,0.053156277275151355,4.358220113596907,0.09375006542655528,PASS_NONNEGATIVE_ONE_PARAMETER,AQ_MEASURED_TOTAL_ONLY_NO_6H_NO_48H
H-P2_PBTE_303K_110,H-P2,PROVISIONAL_HOST_ENVELOPE,[110],1266.1929796897386,2446.1271661235087,2914.95422426286,central__zero_particle_scattering_limit,SOURCE_LITERAL_BOUND,3.61e+21,zero_particle_scattering_limit,B4_omega4,6.329458992247544e-41,s^3,66.45403743742435,69.25403743742434,6,2.1765459061938724e-12,0.04621712487722717,3.879938695160915,0.07451033316751332,PASS_NONNEGATIVE_ONE_PARAMETER,AQ_MEASURED_TOTAL_ONLY_NO_6H_NO_48H
H-P2_PBTE_303K_110,H-P2,PROVISIONAL_HOST_ENVELOPE,[110],1266.1929796897386,2446.1271661235087,2914.95422426286,central__zero_particle_scattering_limit,SOURCE_LITERAL_BOUND,3.61e+21,zero_particle_scattering_limit,BU_host_scale,3.2520290553794085,dimensionless,381.83962091147566,384.6396209114757,6,2.2376967966120358e-79,0.11078545205233532,9.723408557249776,0.20635053283893934,PASS_NONNEGATIVE_ONE_PARAMETER,AQ_MEASURED_TOTAL_ONLY_NO_6H_NO_48H
H-P2_PBTE_303K_110,H-P2,PROVISIONAL_HOST_ENVELOPE,[110],1266.1929796897386,2446.1271661235087,2914.95422426286,central__all_small_at_reported_max,SOURCE_LITERAL_BOUND,3.61e+21,all_small_at_reported_max,B0_none,0.0,none,122186.68631799932,122186.68631799932,7,0.0,1.9817742563366163,186.38782896574278,2.573265560754204,PASS_ZERO_BACKGROUND_CONTROL,AQ_MEASURED_TOTAL_ONLY_NO_6H_NO_48H
H-P2_PBTE_303K_110,H-P2,PROVISIONAL_HOST_ENVELOPE,[110],1266.1929796897386,2446.1271661235087,2914.95422426286,central__all_small_at_reported_max,SOURCE_LITERAL_BOUND,3.61e+21,all_small_at_reported_max,B1_constant,184798887415.3292,s^-1,72.40859497822414,75.20859497822414,6,1.3096138141308044e-13,0.04824333243361264,3.870670536710694,0.07943007279744996,PASS_NONNEGATIVE_ONE_PARAMETER,AQ_MEASURED_TOTAL_ONLY_NO_6H_NO_48H
H-P2_PBTE_303K_110,H-P2,PROVISIONAL_HOST_ENVELOPE,[110],1266.1929796897386,2446.1271661235087,2914.95422426286,central__all_small_at_reported_max,SOURCE_LITERAL_BOUND,3.61e+21,all_small_at_reported_max,B2_omega2,2.6721196201661623e-15,s,87.93324807624384,90.73324807624384,6,8.137726600134629e-17,0.053164140461613066,4.35881027826656,0.09377149103200333,PASS_NONNEGATIVE_ONE_PARAMETER,AQ_MEASURED_TOTAL_ONLY_NO_6H_NO_48H
H-P2_PBTE_303K_110,H-P2,PROVISIONAL_HOST_ENVELOPE,[110],1266.1929796897386,2446.1271661235087,2914.95422426286,central__all_small_at_reported_max,SOURCE_LITERAL_BOUND,3.61e+21,all_small_at_reported_max,B4_omega4,6.31319484752197e-41,s^3,66.4306194895548,69.2306194895548,6,2.200675633747478e-12,0.046208980860480586,3.878815127129045,0.0744239389692577,PASS_NONNEGATIVE_ONE_PARAMETER,AQ_MEASURED_TOTAL_ONLY_NO_6H_NO_48H
H-P2_PBTE_303K_110,H-P2,PROVISIONAL_HOST_ENVELOPE,[110],1266.1929796897386,2446.1271661235087,2914.95422426286,central__all_small_at_reported_max,SOURCE_LITERAL_BOUND,3.61e+21,all_small_at_reported_max,BU_host_scale,3.2456709265278274,dimensionless,379.64321039175394,382.44321039175395,6,6.633784178013128e-79,0.11046636355415075,9.698974608956089,0.20584140885941793,PASS_NONNEGATIVE_ONE_PARAMETER,AQ_MEASURED_TOTAL_ONLY_NO_6H_NO_48H
H-P2_PBTE_303K_110,H-P2,PROVISIONAL_HOST_ENVELOPE,[110],1266.1929796897386,2446.1271661235087,2914.95422426286,central__single_APT_37to6_prolate_AR10,SINGLE_APT_COUNT_FRACTION_DIAGNOSTIC,3.61e+21,single_APT_37to6_prolate_AR10,B0_none,0.0,none,118130.31057770035,118130.31057770035,7,0.0,1.9486009589293465,183.4280467844463,2.521955283987933,PASS_ZERO_BACKGROUND_CONTROL,AQ_MEASURED_TOTAL_ONLY_NO_6H_NO_48H
H-P2_PBTE_303K_110,H-P2,PROVISIONAL_HOST_ENVELOPE,[110],1266.1929796897386,2446.1271661235087,2914.95422426286,central__single_APT_37to6_prolate_AR10,SINGLE_APT_COUNT_FRACTION_DIAGNOSTIC,3.61e+21,single_APT_37to6_prolate_AR10,B1_constant,184056856882.56735,s^-1,72.40399903898235,75.20399903898235,6,1.312464697385696e-13,0.04824180135195591,3.8705426254834148,0.0794278805326083,PASS_NONNEGATIVE_ONE_PARAMETER,AQ_MEASURED_TOTAL_ONLY_NO_6H_NO_48H
H-P2_PBTE_303K_110,H-P2,PROVISIONAL_HOST_ENVELOPE,[110],1266.1929796897386,2446.1271661235087,2914.95422426286,central__single_APT_37to6_prolate_AR10,SINGLE_APT_COUNT_FRACTION_DIAGNOSTIC,3.61e+21,single_APT_37to6_prolate_AR10,B2_omega2,2.6605394152928695e-15,s,87.97223618151392,90.77223618151392,6,7.987543215909894e-17,0.05317592519289241,4.359686438639061,0.09380407977460492,PASS_NONNEGATIVE_ONE_PARAMETER,AQ_MEASURED_TOTAL_ONLY_NO_6H_NO_48H
H-P2_PBTE_303K_110,H-P2,PROVISIONAL_HOST_ENVELOPE,[110],1266.1929796897386,2446.1271661235087,2914.95422426286,central__single_APT_37to6_prolate_AR10,SINGLE_APT_COUNT_FRACTION_DIAGNOSTIC,3.61e+21,single_APT_37to6_prolate_AR10,B4_omega4,6.22590592992559e-41,s^3,66.21730455226495,69.01730455226495,6,2.4331409837753544e-12,0.0461347305249366,3.868196365701245,0.07363594022428488,PASS_NONNEGATIVE_ONE_PARAMETER,AQ_MEASURED_TOTAL_ONLY_NO_6H_NO_48H
H-P2_PBTE_303K_110,H-P2,PROVISIONAL_HOST_ENVELOPE,[110],1266.1929796897386,2446.1271661235087,2914.95422426286,central__single_APT_37to6_prolate_AR10,SINGLE_APT_COUNT_FRACTION_DIAGNOSTIC,3.61e+21,single_APT_37to6_prolate_AR10,BU_host_scale,3.233153572451344,dimensionless,375.2163974990765,378.0163974990765,6,5.927859081170519e-78,0.10982043098836533,9.649529524611573,0.20480959246844688,PASS_NONNEGATIVE_ONE_PARAMETER,AQ_MEASURED_TOTAL_ONLY_NO_6H_NO_48H
H-P2_PBTE_303K_110,H-P2,PROVISIONAL_HOST_ENVELOPE,[110],1266.1929796897386,2446.1271661235087,2914.95422426286,central__single_APT_37to6_prolate_AR5,SINGLE_APT_COUNT_FRACTION_DIAGNOSTIC,3.61e+21,single_APT_37to6_prolate_AR5,B0_none,0.0,none,105198.74864141311,105198.74864141311,7,0.0,1.8388551735219059,173.57425555477408,2.354833795201087,PASS_ZERO_BACKGROUND_CONTROL,AQ_MEASURED_TOTAL_ONLY_NO_6H_NO_48H
H-P2_PBTE_303K_110,H-P2,PROVISIONAL_HOST_ENVELOPE,[110],1266.1929796897386,2446.1271661235087,2914.95422426286,central__single_APT_37to6_prolate_AR5,SINGLE_APT_COUNT_FRACTION_DIAGNOSTIC,3.61e+21,single_APT_37to6_prolate_AR5,B1_constant,182600530599.5273,s^-1,72.38466307965732,75.18466307965731,6,1.3245269138285503e-13,0.04823535927826464,3.870334942639068,0.0794188532890554,PASS_NONNEGATIVE_ONE_PARAMETER,AQ_MEASURED_TOTAL_ONLY_NO_6H_NO_48H
H-P2_PBTE_303K_110,H-P2,PROVISIONAL_HOST_ENVELOPE,[110],1266.1929796897386,2446.1271661235087,2914.95422426286,central__single_APT_37to6_prolate_AR5,SINGLE_APT_COUNT_FRACTION_DIAGNOSTIC,3.61e+21,single_APT_37to6_prolate_AR5,B2_omega2,2.6188503509873512e-15,s,88.09324883058254,90.89324883058254,6,7.538805683939276e-17,0.05321248643327599,4.362411621028652,0.09390426314550426,PASS_NONNEGATIVE_ONE_PARAMETER,AQ_MEASURED_TOTAL_ONLY_NO_6H_NO_48H
H-P2_PBTE_303K_110,H-P2,PROVISIONAL_HOST_ENVELOPE,[110],1266.1929796897386,2446.1271661235087,2914.95422426286,central__single_APT_37to6_prolate_AR5,SINGLE_APT_COUNT_FRACTION_DIAGNOSTIC,3.61e+21,single_APT_37to6_prolate_AR5,B4_omega4,5.707746946572281e-41,s^3,65.33710995168965,68.13710995168965,6,3.681533466026947e-12,0.0458270814181343,3.7858423859263204,0.07314740824139854,PASS_NONNEGATIVE_ONE_PARAMETER,AQ_MEASURED_TOTAL_ONLY_NO_6H_NO_48H
H-P2_PBTE_303K_110,H-P2,PROVISIONAL_HOST_ENVELOPE,[110],1266.1929796897386,2446.1271661235087,2914.95422426286,central__single_APT_37to6_prolate_AR5,SINGLE_APT_COUNT_FRACTION_DIAGNOSTIC,3.61e+21,single_APT_37to6_prolate_AR5,BU_host_scale,3.188188699828572,dimensionless,359.68222983130585,362.48222983130586,6,1.2869859579391185e-74,0.10752308835916113,9.472031946799424,0.20112999668524145,PASS_NONNEGATIVE_ONE_PARAMETER,AQ_MEASURED_TOTAL_ONLY_NO_6H_NO_48H
H-P2_PBTE_303K_110,H-P2,PROVISIONAL_HOST_ENVELOPE,[110],1266.1929796897386,2446.1271661235087,2914.95422426286,central__single_APT_37to6_prolate_AR2,SINGLE_APT_COUNT_FRACTION_DIAGNOSTIC,3.61e+21,single_APT_37to6_prolate_AR2,B0_none,0.0,none,64905.67461261644,64905.67461261644,7,0.0,1.4443870072920553,137.19116538902577,1.7976809596430439,PASS_ZERO_BACKGROUND_CONTROL,AQ_MEASURED_TOTAL_ONLY_NO_6H_NO_48H
H-P2_PBTE_303K_110,H-P2,PROVISIONAL_HOST_ENVELOPE,[110],1266.1929796897386,2446.1271661235087,2914.95422426286,central__single_APT_37to6_prolate_AR2,SINGLE_APT_COUNT_FRACTION_DIAGNOSTIC,3.61e+21,single_APT_37to6_prolate_AR2,B1_constant,176862416038.01712,s^-1,72.3073136816079,75.10731368160789,6,1.3738963545903382e-13,0.048209580521424183,3.869578518244209,0.07938304042381916,PASS_NONNEGATIVE_ONE_PARAMETER,AQ_MEASURED_TOTAL_ONLY_NO_6H_NO_48H
H-P2_PBTE_303K_110,H-P2,PROVISIONAL_HOST_ENVELOPE,[110],1266.1929796897386,2446.1271661235087,2914.95422426286,central__single_APT_37to6_prolate_AR2,SINGLE_APT_COUNT_FRACTION_DIAGNOSTIC,3.61e+21,single_APT_37to6_prolate_AR2,B2_omega2,2.368909956992612e-15,s,87.8147783726623,90.6147783726623,6,8.61160454420236e-17,0.05312831520257484,4.3572306252255935,0.09358751103601981,PASS_NONNEGATIVE_ONE_PARAMETER,AQ_MEASURED_TOTAL_ONLY_NO_6H_NO_48H
H-P2_PBTE_303K_110,H-P2,PROVISIONAL_HOST_ENVELOPE,[110],1266.1929796897386,2446.1271661235087,2914.95422426286,central__single_APT_37to6_prolate_AR2,SINGLE_APT_COUNT_FRACTION_DIAGNOSTIC,3.61e+21,single_APT_37to6_prolate_AR2,B4_omega4,3.425535309164034e-41,s^3,73.0099044217051,75.8099044217051,6,9.852729739222112e-14,0.048443234077015555,3.9307915094216677,0.07931158331821786,PASS_NONNEGATIVE_ONE_PARAMETER,AQ_MEASURED_TOTAL_ONLY_NO_6H_NO_48H
H-P2_PBTE_303K_110,H-P2,PROVISIONAL_HOST_ENVELOPE,[110],1266.1929796897386,2446.1271661235087,2914.95422426286,central__single_APT_37to6_prolate_AR2,SINGLE_APT_COUNT_FRACTION_DIAGNOSTIC,3.61e+21,single_APT_37to6_prolate_AR2,BU_host_scale,2.939904579275308,dimensionless,291.2818056174181,294.0818056174181,6,6.031981800387459e-60,0.0967606814066238,8.601034212172928,0.18367787515287215,PASS_NONNEGATIVE_ONE_PARAMETER,AQ_MEASURED_TOTAL_ONLY_NO_6H_NO_48H
H-P2_PBTE_303K_110,H-P2,PROVISIONAL_HOST_ENVELOPE,[110],1266.1929796897386,2446.1271661235087,2914.95422426286,central__single_APT_37to6_large_Lover2_sphere_bound,SINGLE_APT_COUNT_FRACTION_DIAGNOSTIC,3.61e+21,single_APT_37to6_large_Lover2_sphere_bound,B0_none,0.0,none,34593.27160513716,34593.27160513716,7,0.0,1.0544792967659347,100.50576843791418,1.278231516592332,PASS_ZERO_BACKGROUND_CONTROL,AQ_MEASURED_TOTAL_ONLY_NO_6H_NO_48H
H-P2_PBTE_303K_110,H-P2,PROVISIONAL_HOST_ENVELOPE,[110],1266.1929796897386,2446.1271661235087,2914.95422426286,central__single_APT_37to6_large_Lover2_sphere_bound,SINGLE_APT_COUNT_FRACTION_DIAGNOSTIC,3.61e+21,single_APT_37to6_large_Lover2_sphere_bound,B1_constant,164549519509.63873,s^-1,72.14254652729261,74.9425465272926,6,1.4852719435689119e-13,0.048154621449542,3.8679274198945977,0.0793058318856148,PASS_NONNEGATIVE_ONE_PARAMETER,AQ_MEASURED_TOTAL_ONLY_NO_6H_NO_48H
H-P2_PBTE_303K_110,H-P2,PROVISIONAL_HOST_ENVELOPE,[110],1266.1929796897386,2446.1271661235087,2914.95422426286,central__single_APT_37to6_large_Lover2_sphere_bound,SINGLE_APT_COUNT_FRACTION_DIAGNOSTIC,3.61e+21,single_APT_37to6_large_Lover2_sphere_bound,B2_omega2,1.93599899476332e-15,s,83.88344581714091,86.6834458171409,6,5.62219065466198e-16,0.0519254621120598,4.26800338850638,0.08968070475872403,PASS_NONNEGATIVE_ONE_PARAMETER,AQ_MEASURED_TOTAL_ONLY_NO_6H_NO_48H
H-P2_PBTE_303K_110,H-P2,PROVISIONAL_HOST_ENVELOPE,[110],1266.1929796897386,2446.1271661235087,2914.95422426286,central__single_APT_37to6_large_Lover2_sphere_bound,SINGLE_APT_COUNT_FRACTION_DIAGNOSTIC,3.61e+21,single_APT_37to6_large_Lover2_sphere_bound,B4_omega4,2.0109404739063765e-41,s^3,75.9029740159652,78.7029740159652,6,2.5013982988825036e-14,0.04939370861266814,4.037883493333654,0.08158563581636491,PASS_NONNEGATIVE_ONE_PARAMETER,AQ_MEASURED_TOTAL_ONLY_NO_6H_NO_48H
H-P2_PBTE_303K_110,H-P2,PROVISIONAL_HOST_ENVELOPE,[110],1266.1929796897386,2446.1271661235087,2914.95422426286,central__single_APT_37to6_large_Lover2_sphere_bound,SINGLE_APT_COUNT_FRACTION_DIAGNOSTIC,3.61e+21,single_APT_37to6_large_Lover2_sphere_bound,BU_host_scale,2.5576029736979997,dimensionless,226.2387022914278,229.03870229142782,6,4.859727739247971e-46,0.08527577785009499,7.608220615799997,0.16445001039626939,PASS_NONNEGATIVE_ONE_PARAMETER,AQ_MEASURED_TOTAL_ONLY_NO_6H_NO_48H
H-P2_PBTE_303K_110,H-P2,PROVISIONAL_HOST_ENVELOPE,[110],1266.1929796897386,2446.1271661235087,2914.95422426286,upper_1sigma__zero_particle_scattering_limit,SOURCE_LITERAL_BOUND,5.12e+21,zero_particle_scattering_limit,B0_none,0.0,none,124173.8295828081,124173.8295828081,7,0.0,1.997824232799695,187.82620393900825,2.597743329508752,PASS_ZERO_BACKGROUND_CONTROL,AQ_MEASURED_TOTAL_ONLY_NO_6H_NO_48H
H-P2_PBTE_303K_110,H-P2,PROVISIONAL_HOST_ENVELOPE,[110],1266.1929796897386,2446.1271661235087,2914.95422426286,upper_1sigma__zero_particle_scattering_limit,SOURCE_LITERAL_BOUND,5.12e+21,zero_particle_scattering_limit,B1_constant,185685195331.20874,s^-1,72.37934395442258,75.17934395442258,6,1.3278644746512938e-13,0.04823358697858501,3.8707026553617627,0.07941688547350423,PASS_NONNEGATIVE_ONE_PARAMETER,AQ_MEASURED_TOTAL_ONLY_NO_6H_NO_48H
H-P2_PBTE_303K_110,H-P2,PROVISIONAL_HOST_ENVELOPE,[110],1266.1929796897386,2446.1271661235087,2914.95422426286,upper_1sigma__zero_particle_scattering_limit,SOURCE_LITERAL_BOUND,5.12e+21,zero_particle_scattering_limit,B2_omega2,2.678285034657301e-15,s,87.90723865008626,90.70723865008625,6,8.239480969236301e-17,0.053156277275151355,4.358220113596907,0.09375006542655528,PASS_NONNEGATIVE_ONE_PARAMETER,AQ_MEASURED_TOTAL_ONLY_NO_6H_NO_48H
H-P2_PBTE_303K_110,H-P2,PROVISIONAL_HOST_ENVELOPE,[110],1266.1929796897386,2446.1271661235087,2914.95422426286,upper_1sigma__zero_particle_scattering_limit,SOURCE_LITERAL_BOUND,5.12e+21,zero_particle_scattering_limit,B4_omega4,6.329458992247544e-41,s^3,66.45403743742435,69.25403743742434,6,2.1765459061938724e-12,0.04621712487722717,3.879938695160915,0.07451033316751332,PASS_NONNEGATIVE_ONE_PARAMETER,AQ_MEASURED_TOTAL_ONLY_NO_6H_NO_48H
H-P2_PBTE_303K_110,H-P2,PROVISIONAL_HOST_ENVELOPE,[110],1266.1929796897386,2446.1271661235087,2914.95422426286,upper_1sigma__zero_particle_scattering_limit,SOURCE_LITERAL_BOUND,5.12e+21,zero_particle_scattering_limit,BU_host_scale,3.2520290553794085,dimensionless,381.83962091147566,384.6396209114757,6,2.2376967966120358e-79,0.11078545205233532,9.723408557249776,0.20635053283893934,PASS_NONNEGATIVE_ONE_PARAMETER,AQ_MEASURED_TOTAL_ONLY_NO_6H_NO_48H
H-P2_PBTE_303K_110,H-P2,PROVISIONAL_HOST_ENVELOPE,[110],1266.1929796897386,2446.1271661235087,2914.95422426286,upper_1sigma__all_small_at_reported_max,SOURCE_LITERAL_BOUND,5.12e+21,all_small_at_reported_max,B0_none,0.0,none,121369.17287888742,121369.17287888742,7,0.0,1.9751334095176483,185.7922642807945,2.563154282191624,PASS_ZERO_BACKGROUND_CONTROL,AQ_MEASURED_TOTAL_ONLY_NO_6H_NO_48H
H-P2_PBTE_303K_110,H-P2,PROVISIONAL_HOST_ENVELOPE,[110],1266.1929796897386,2446.1271661235087,2914.95422426286,upper_1sigma__all_small_at_reported_max,SOURCE_LITERAL_BOUND,5.12e+21,all_small_at_reported_max,B1_constant,184428566164.91187,s^-1,72.42088510025849,75.22088510025849,6,1.302020527925093e-13,0.048247426500663014,3.8706564992496904,0.07943563587782787,PASS_NONNEGATIVE_ONE_PARAMETER,AQ_MEASURED_TOTAL_ONLY_NO_6H_NO_48H
H-P2_PBTE_303K_110,H-P2,PROVISIONAL_HOST_ENVELOPE,[110],1266.1929796897386,2446.1271661235087,2914.95422426286,upper_1sigma__all_small_at_reported_max,SOURCE_LITERAL_BOUND,5.12e+21,all_small_at_reported_max,B2_omega2,2.6695420920439824e-15,s,87.94408640951234,90.74408640951233,6,8.09569617373234e-17,0.053167416770236633,4.3590561513872705,0.09378041420430594,PASS_NONNEGATIVE_ONE_PARAMETER,AQ_MEASURED_TOTAL_ONLY_NO_6H_NO_48H
H-P2_PBTE_303K_110,H-P2,PROVISIONAL_HOST_ENVELOPE,[110],1266.1929796897386,2446.1271661235087,2914.95422426286,upper_1sigma__all_small_at_reported_max,SOURCE_LITERAL_BOUND,5.12e+21,all_small_at_reported_max,B4_omega4,6.306397796453742e-41,s^3,66.42089675992273,69.22089675992272,6,2.210772149751663e-12,0.04620559918294166,3.8783452014070234,0.07438784262001652,PASS_NONNEGATIVE_ONE_PARAMETER,AQ_MEASURED_TOTAL_ONLY_NO_6H_NO_48H
H-P2_PBTE_303K_110,H-P2,PROVISIONAL_HOST_ENVELOPE,[110],1266.1929796897386,2446.1271661235087,2914.95422426286,upper_1sigma__all_small_at_reported_max,SOURCE_LITERAL_BOUND,5.12e+21,all_small_at_reported_max,BU_host_scale,3.2430149847340553,dimensionless,378.7281587587227,381.5281587587227,6,1.0432232299147736e-78,0.11033315504851181,9.688761209027739,0.20562877442283856,PASS_NONNEGATIVE_ONE_PARAMETER,AQ_MEASURED_TOTAL_ONLY_NO_6H_NO_48H
H-P2_PBTE_303K_110,H-P2,PROVISIONAL_HOST_ENVELOPE,[110],1266.1929796897386,2446.1271661235087,2914.95422426286,upper_1sigma__single_APT_37to6_prolate_AR10,SINGLE_APT_COUNT_FRACTION_DIAGNOSTIC,5.12e+21,single_APT_37to6_prolate_AR10,B0_none,0.0,none,115731.43936842456,115731.43936842456,7,0.0,1.9287143703919727,181.64689304531643,2.491506779999771,PASS_ZERO_BACKGROUND_CONTROL,AQ_MEASURED_TOTAL_ONLY_NO_6H_NO_48H
H-P2_PBTE_303K_110,H-P2,PROVISIONAL_HOST_ENVELOPE,[110],1266.1929796897386,2446.1271661235087,2914.95422426286,upper_1sigma__single_APT_37to6_prolate_AR10,SINGLE_APT_COUNT_FRACTION_DIAGNOSTIC,5.12e+21,single_APT_37to6_prolate_AR10,B1_constant,183376442715.76782,s^-1,72.4143743726436,75.2143743726436,6,1.3060376019353822e-13,0.04824525770010207,3.8704751103418804,0.07943250317528938,PASS_NONNEGATIVE_ONE_PARAMETER,AQ_MEASURED_TOTAL_ONLY_NO_6H_NO_48H
H-P2_PBTE_303K_110,H-P2,PROVISIONAL_HOST_ENVELOPE,[110],1266.1929796897386,2446.1271661235087,2914.95422426286,upper_1sigma__single_APT_37to6_prolate_AR10,SINGLE_APT_COUNT_FRACTION_DIAGNOSTIC,5.12e+21,single_APT_37to6_prolate_AR10,B2_omega2,2.6531285804054055e-15,s,87.9990306782229,90.79903067822289,6,7.885938336553943e-17,0.05318402271171316,4.360290615064027,0.0938263138265576,PASS_NONNEGATIVE_ONE_PARAMETER,AQ_MEASURED_TOTAL_ONLY_NO_6H_NO_48H
H-P2_PBTE_303K_110,H-P2,PROVISIONAL_HOST_ENVELOPE,[110],1266.1929796897386,2446.1271661235087,2914.95422426286,upper_1sigma__single_APT_37to6_prolate_AR10,SINGLE_APT_COUNT_FRACTION_DIAGNOSTIC,5.12e+21,single_APT_37to6_prolate_AR10,B4_omega4,6.183093729330273e-41,s^3,66.12608369901918,68.92608369901917,6,2.5398868357434923e-12,0.046102942007578945,3.863302303154035,0.07327395131735415,PASS_NONNEGATIVE_ONE_PARAMETER,AQ_MEASURED_TOTAL_ONLY_NO_6H_NO_48H
H-P2_PBTE_303K_110,H-P2,PROVISIONAL_HOST_ENVELOPE,[110],1266.1929796897386,2446.1271661235087,2914.95422426286,upper_1sigma__single_APT_37to6_prolate_AR10,SINGLE_APT_COUNT_FRACTION_DIAGNOSTIC,5.12e+21,single_APT_37to6_prolate_AR10,BU_host_scale,3.2252904591670317,dimensionless,372.47974507444985,375.27974507444986,6,2.295250613323416e-77,0.10941920870914706,9.618691695758821,0.2041680438190766,PASS_NONNEGATIVE_ONE_PARAMETER,AQ_MEASURED_TOTAL_ONLY_NO_6H_NO_48H
H-P2_PBTE_303K_110,H-P2,PROVISIONAL_HOST_ENVELOPE,[110],1266.1929796897386,2446.1271661235087,2914.95422426286,upper_1sigma__single_APT_37to6_prolate_AR5,SINGLE_APT_COUNT_FRACTION_DIAGNOSTIC,5.12e+21,single_APT_37to6_prolate_AR5,B0_none,0.0,none,98735.39810700326,98735.39810700326,7,0.0,1.7814706835355256,168.38359230343818,2.269099254550426,PASS_ZERO_BACKGROUND_CONTROL,AQ_MEASURED_TOTAL_ONLY_NO_6H_NO_48H
H-P2_PBTE_303K_110,H-P2,PROVISIONAL_HOST_ENVELOPE,[110],1266.1929796897386,2446.1271661235087,2914.95422426286,upper_1sigma__single_APT_37to6_prolate_AR5,SINGLE_APT_COUNT_FRACTION_DIAGNOSTIC,5.12e+21,single_APT_37to6_prolate_AR5,B1_constant,181311326569.4675,s^-1,72.38686711279297,75.18686711279297,6,1.3231464172970437e-13,0.048236093629412904,3.8701793164729033,0.07941971390947833,PASS_NONNEGATIVE_ONE_PARAMETER,AQ_MEASURED_TOTAL_ONLY_NO_6H_NO_48H
H-P2_PBTE_303K_110,H-P2,PROVISIONAL_HOST_ENVELOPE,[110],1266.1929796897386,2446.1271661235087,2914.95422426286,upper_1sigma__single_APT_37to6_prolate_AR5,SINGLE_APT_COUNT_FRACTION_DIAGNOSTIC,5.12e+21,single_APT_37to6_prolate_AR5,B2_omega2,2.5943801843500403e-15,s,88.16027953217669,90.96027953217668,6,7.301174059629493e-17,0.053232727439772504,4.36392795205367,0.09395902390632282,PASS_NONNEGATIVE_ONE_PARAMETER,AQ_MEASURED_TOTAL_ONLY_NO_6H_NO_48H
H-P2_PBTE_303K_110,H-P2,PROVISIONAL_HOST_ENVELOPE,[110],1266.1929796897386,2446.1271661235087,2914.95422426286,upper_1sigma__single_APT_37to6_prolate_AR5,SINGLE_APT_COUNT_FRACTION_DIAGNOSTIC,5.12e+21,single_APT_37to6_prolate_AR5,B4_omega4,5.478311471708953e-41,s^3,65.29620228267596,68.09620228267596,6,3.753050192940969e-12,0.04581273296740935,3.749675944369714,0.07385577807735233,PASS_NONNEGATIVE_ONE_PARAMETER,AQ_MEASURED_TOTAL_ONLY_NO_6H_NO_48H
H-P2_PBTE_303K_110,H-P2,PROVISIONAL_HOST_ENVELOPE,[110],1266.1929796897386,2446.1271661235087,2914.95422426286,upper_1sigma__single_APT_37to6_prolate_AR5,SINGLE_APT_COUNT_FRACTION_DIAGNOSTIC,5.12e+21,single_APT_37to6_prolate_AR5,BU_host_scale,3.1622465452584154,dimensionless,351.00907109682976,353.80907109682977,6,9.372260391449577e-73,0.10621880449389547,9.370089189089093,0.19903336178115338,PASS_NONNEGATIVE_ONE_PARAMETER,AQ_MEASURED_TOTAL_ONLY_NO_6H_NO_48H
H-P2_PBTE_303K_110,H-P2,PROVISIONAL_HOST_ENVELOPE,[110],1266.1929796897386,2446.1271661235087,2914.95422426286,upper_1sigma__single_APT_37to6_prolate_AR2,SINGLE_APT_COUNT_FRACTION_DIAGNOSTIC,5.12e+21,single_APT_37to6_prolate_AR2,B0_none,0.0,none,54131.2309216824,54131.2309216824,7,0.0,1.3190649803867314,125.50890525736924,1.6257562449262437,PASS_ZERO_BACKGROUND_CONTROL,AQ_MEASURED_TOTAL_ONLY_NO_6H_NO_48H
H-P2_PBTE_303K_110,H-P2,PROVISIONAL_HOST_ENVELOPE,[110],1266.1929796897386,2446.1271661235087,2914.95422426286,upper_1sigma__single_APT_37to6_prolate_AR2,SINGLE_APT_COUNT_FRACTION_DIAGNOSTIC,5.12e+21,single_APT_37to6_prolate_AR2,B1_constant,173176318066.6826,s^-1,72.27654014584262,75.07654014584261,6,1.394045116325393e-13,0.04819932058325924,3.869098986878526,0.07936859330304458,PASS_NONNEGATIVE_ONE_PARAMETER,AQ_MEASURED_TOTAL_ONLY_NO_6H_NO_48H
H-P2_PBTE_303K_110,H-P2,PROVISIONAL_HOST_ENVELOPE,[110],1266.1929796897386,2446.1271661235087,2914.95422426286,upper_1sigma__single_APT_37to6_prolate_AR2,SINGLE_APT_COUNT_FRACTION_DIAGNOSTIC,5.12e+21,single_APT_37to6_prolate_AR2,B2_omega2,2.2631203670563966e-15,s,87.42538795511491,90.22538795511491,6,1.0372109007021335e-16,0.05301039290271411,4.349095136207441,0.09320227155936078,PASS_NONNEGATIVE_ONE_PARAMETER,AQ_MEASURED_TOTAL_ONLY_NO_6H_NO_48H
H-P2_PBTE_303K_110,H-P2,PROVISIONAL_HOST_ENVELOPE,[110],1266.1929796897386,2446.1271661235087,2914.95422426286,upper_1sigma__single_APT_37to6_prolate_AR2,SINGLE_APT_COUNT_FRACTION_DIAGNOSTIC,5.12e+21,single_APT_37to6_prolate_AR2,B4_omega4,2.9605216685458827e-41,s^3,75.18329978444227,77.98329978444227,6,3.518860836750581e-14,0.049158987626881916,4.01234719476058,0.08068374340477624,PASS_NONNEGATIVE_ONE_PARAMETER,AQ_MEASURED_TOTAL_ONLY_NO_6H_NO_48H
H-P2_PBTE_303K_110,H-P2,PROVISIONAL_HOST_ENVELOPE,[110],1266.1929796897386,2446.1271661235087,2914.95422426286,upper_1sigma__single_APT_37to6_prolate_AR2,SINGLE_APT_COUNT_FRACTION_DIAGNOSTIC,5.12e+21,single_APT_37to6_prolate_AR2,BU_host_scale,2.840170738742235,dimensionless,268.38269743046106,271.1826974304611,6,4.812040802471681e-55,0.09287942023463519,8.273498985942352,0.17726139007333963,PASS_NONNEGATIVE_ONE_PARAMETER,AQ_MEASURED_TOTAL_ONLY_NO_6H_NO_48H
H-P2_PBTE_303K_110,H-P2,PROVISIONAL_HOST_ENVELOPE,[110],1266.1929796897386,2446.1271661235087,2914.95422426286,upper_1sigma__single_APT_37to6_large_Lover2_sphere_bound,SINGLE_APT_COUNT_FRACTION_DIAGNOSTIC,5.12e+21,single_APT_37to6_large_Lover2_sphere_bound,B0_none,0.0,none,25305.31511627121,25305.31511627121,7,0.0,0.901878666305667,86.1315043225067,1.0772532865217785,PASS_ZERO_BACKGROUND_CONTROL,AQ_MEASURED_TOTAL_ONLY_NO_6H_NO_48H
H-P2_PBTE_303K_110,H-P2,PROVISIONAL_HOST_ENVELOPE,[110],1266.1929796897386,2446.1271661235087,2914.95422426286,upper_1sigma__single_APT_37to6_large_Lover2_sphere_bound,SINGLE_APT_COUNT_FRACTION_DIAGNOSTIC,5.12e+21,single_APT_37to6_large_Lover2_sphere_bound,B1_constant,155731172852.02414,s^-1,72.04019225851985,74.84019225851985,6,1.5589524792174335e-13,0.0481204489620532,3.866713954064336,0.07925731303614292,PASS_NONNEGATIVE_ONE_PARAMETER,AQ_MEASURED_TOTAL_ONLY_NO_6H_NO_48H
H-P2_PBTE_303K_110,H-P2,PROVISIONAL_HOST_ENVELOPE,[110],1266.1929796897386,2446.1271661235087,2914.95422426286,upper_1sigma__single_APT_37to6_large_Lover2_sphere_bound,SINGLE_APT_COUNT_FRACTION_DIAGNOSTIC,5.12e+21,single_APT_37to6_large_Lover2_sphere_bound,B2_omega2,1.753371153192372e-15,s,82.35592263141179,85.15592263141178,6,1.164189972131832e-15,0.0514505068586274,4.229716552515185,0.08803448607664976,PASS_NONNEGATIVE_ONE_PARAMETER,AQ_MEASURED_TOTAL_ONLY_NO_6H_NO_48H
H-P2_PBTE_303K_110,H-P2,PROVISIONAL_HOST_ENVELOPE,[110],1266.1929796897386,2446.1271661235087,2914.95422426286,upper_1sigma__single_APT_37to6_large_Lover2_sphere_bound,SINGLE_APT_COUNT_FRACTION_DIAGNOSTIC,5.12e+21,single_APT_37to6_large_Lover2_sphere_bound,B4_omega4,1.6507811208386496e-41,s^3,76.61833300346586,79.41833300346586,6,1.7814720969822414e-14,0.049625921978883776,4.0610445614478685,0.08235626441275179,PASS_NONNEGATIVE_ONE_PARAMETER,AQ_MEASURED_TOTAL_ONLY_NO_6H_NO_48H
H-P2_PBTE_303K_110,H-P2,PROVISIONAL_HOST_ENVELOPE,[110],1266.1929796897386,2446.1271661235087,2914.95422426286,upper_1sigma__single_APT_37to6_large_Lover2_sphere_bound,SINGLE_APT_COUNT_FRACTION_DIAGNOSTIC,5.12e+21,single_APT_37to6_large_Lover2_sphere_bound,BU_host_scale,2.395986493722019,dimensionless,198.40082168030688,201.2008216803069,6,4.154906280246506e-40,0.0798571804429356,7.113825490279075,0.15502150444710916,PASS_NONNEGATIVE_ONE_PARAMETER,AQ_MEASURED_TOTAL_ONLY_NO_6H_NO_48H
H-P2_PBTE_303K_111,H-P2,PROVISIONAL_HOST_ENVELOPE,[111],2126.838098172217,2126.8380981722175,2652.708109185268,lower_1sigma__zero_particle_scattering_limit,SOURCE_LITERAL_BOUND,2.1e+21,zero_particle_scattering_limit,B0_none,0.0,none,127332.73412507985,127332.73412507985,7,0.0,2.023076341266402,190.13761607526482,2.6341037803422767,PASS_ZERO_BACKGROUND_CONTROL,AQ_MEASURED_TOTAL_ONLY_NO_6H_NO_48H
H-P2_PBTE_303K_111,H-P2,PROVISIONAL_HOST_ENVELOPE,[111],2126.838098172217,2126.8380981722175,2652.708109185268,lower_1sigma__zero_particle_scattering_limit,SOURCE_LITERAL_BOUND,2.1e+21,zero_particle_scattering_limit,B1_constant,230012106444.62628,s^-1,77.22918136978168,80.02918136978168,6,1.3330712064706498e-14,0.04982335340007431,4.057237182063627,0.08149849378855789,PASS_NONNEGATIVE_ONE_PARAMETER,AQ_MEASURED_TOTAL_ONLY_NO_6H_NO_48H
H-P2_PBTE_303K_111,H-P2,PROVISIONAL_HOST_ENVELOPE,[111],2126.838098172217,2126.8380981722175,2652.708109185268,lower_1sigma__zero_particle_scattering_limit,SOURCE_LITERAL_BOUND,2.1e+21,zero_particle_scattering_limit,B2_omega2,3.2843877595403336e-15,s,115.53020820048725,118.33020820048725,6,1.4134121141840602e-22,0.06093825545478641,4.880798389208361,0.11193130942726315,PASS_NONNEGATIVE_ONE_PARAMETER,AQ_MEASURED_TOTAL_ONLY_NO_6H_NO_48H
H-P2_PBTE_303K_111,H-P2,PROVISIONAL_HOST_ENVELOPE,[111],2126.838098172217,2126.8380981722175,2652.708109185268,lower_1sigma__zero_particle_scattering_limit,SOURCE_LITERAL_BOUND,2.1e+21,zero_particle_scattering_limit,B4_omega4,7.833466654959864e-41,s^3,65.29791831462171,68.09791831462171,6,3.750022469727481e-12,0.04581333495951632,3.824297821376204,0.07183034787947129,PASS_NONNEGATIVE_ONE_PARAMETER,AQ_MEASURED_TOTAL_ONLY_NO_6H_NO_48H
H-P2_PBTE_303K_111,H-P2,PROVISIONAL_HOST_ENVELOPE,[111],2126.838098172217,2126.8380981722175,2652.708109185268,lower_1sigma__zero_particle_scattering_limit,SOURCE_LITERAL_BOUND,2.1e+21,zero_particle_scattering_limit,BU_host_scale,3.2671638532474967,dimensionless,385.0391263426086,387.8391263426086,6,4.594596815317807e-80,0.11124862980028559,9.759340285775888,0.20708701871389024,PASS_NONNEGATIVE_ONE_PARAMETER,AQ_MEASURED_TOTAL_ONLY_NO_6H_NO_48H
H-P2_PBTE_303K_111,H-P2,PROVISIONAL_HOST_ENVELOPE,[111],2126.838098172217,2126.8380981722175,2652.708109185268,lower_1sigma__all_small_at_reported_max,SOURCE_LITERAL_BOUND,2.1e+21,all_small_at_reported_max,B0_none,0.0,none,126372.3600197992,126372.3600197992,7,0.0,2.0154326371581157,189.45391029185538,2.6223892244723683,PASS_ZERO_BACKGROUND_CONTROL,AQ_MEASURED_TOTAL_ONLY_NO_6H_NO_48H
H-P2_PBTE_303K_111,H-P2,PROVISIONAL_HOST_ENVELOPE,[111],2126.838098172217,2126.8380981722175,2652.708109185268,lower_1sigma__all_small_at_reported_max,SOURCE_LITERAL_BOUND,2.1e+21,all_small_at_reported_max,B1_constant,229499999030.42065,s^-1,77.25387530077938,80.05387530077938,6,1.317533401139305e-14,0.04983131823988857,4.058204989949723,0.08150584190308452,PASS_NONNEGATIVE_ONE_PARAMETER,AQ_MEASURED_TOTAL_ONLY_NO_6H_NO_48H
H-P2_PBTE_303K_111,H-P2,PROVISIONAL_HOST_ENVELOPE,[111],2126.838098172217,2126.8380981722175,2652.708109185268,lower_1sigma__all_small_at_reported_max,SOURCE_LITERAL_BOUND,2.1e+21,all_small_at_reported_max,B2_omega2,3.2805715030272156e-15,s,115.53538623583455,118.33538623583455,6,1.409881684528775e-22,0.060939621058251195,4.880872349001065,0.11193455960795107,PASS_NONNEGATIVE_ONE_PARAMETER,AQ_MEASURED_TOTAL_ONLY_NO_6H_NO_48H
H-P2_PBTE_303K_111,H-P2,PROVISIONAL_HOST_ENVELOPE,[111],2126.838098172217,2126.8380981722175,2652.708109185268,lower_1sigma__all_small_at_reported_max,SOURCE_LITERAL_BOUND,2.1e+21,all_small_at_reported_max,B4_omega4,7.821619099129648e-41,s^3,65.2856941275672,68.0856941275672,6,3.7716437988157585e-12,0.045809046484451735,3.823487082446327,0.07184523079833616,PASS_NONNEGATIVE_ONE_PARAMETER,AQ_MEASURED_TOTAL_ONLY_NO_6H_NO_48H
H-P2_PBTE_303K_111,H-P2,PROVISIONAL_HOST_ENVELOPE,[111],2126.838098172217,2126.8380981722175,2652.708109185268,lower_1sigma__all_small_at_reported_max,SOURCE_LITERAL_BOUND,2.1e+21,all_small_at_reported_max,BU_host_scale,3.2642177765356544,dimensionless,384.0142284199668,386.8142284199668,6,7.629535702205898e-80,0.11110047022820158,9.74803090555957,0.2068508651484492,PASS_NONNEGATIVE_ONE_PARAMETER,AQ_MEASURED_TOTAL_ONLY_NO_6H_NO_48H
H-P2_PBTE_303K_111,H-P2,PROVISIONAL_HOST_ENVELOPE,[111],2126.838098172217,2126.8380981722175,2652.708109185268,lower_1sigma__single_APT_37to6_prolate_AR10,SINGLE_APT_COUNT_FRACTION_DIAGNOSTIC,2.1e+21,single_APT_37to6_prolate_AR10,B0_none,0.0,none,124500.41199105339,124500.41199105339,7,0.0,2.000449688658849,188.12072129663062,2.599062916790684,PASS_ZERO_BACKGROUND_CONTROL,AQ_MEASURED_TOTAL_ONLY_NO_6H_NO_48H
H-P2_PBTE_303K_111,H-P2,PROVISIONAL_HOST_ENVELOPE,[111],2126.838098172217,2126.8380981722175,2652.708109185268,lower_1sigma__single_APT_37to6_prolate_AR10,SINGLE_APT_COUNT_FRACTION_DIAGNOSTIC,2.1e+21,single_APT_37to6_prolate_AR10,B1_constant,229106069857.16565,s^-1,77.25482956245236,80.05482956245235,6,1.3169366078470889e-14,0.049831626004192185,4.058250274710316,0.08150595572321517,PASS_NONNEGATIVE_ONE_PARAMETER,AQ_MEASURED_TOTAL_ONLY_NO_6H_NO_48H
H-P2_PBTE_303K_111,H-P2,PROVISIONAL_HOST_ENVELOPE,[111],2126.838098172217,2126.8380981722175,2652.708109185268,lower_1sigma__single_APT_37to6_prolate_AR10,SINGLE_APT_COUNT_FRACTION_DIAGNOSTIC,2.1e+21,single_APT_37to6_prolate_AR10,B2_omega2,3.2737068743222607e-15,s,115.5518397484258,118.3518397484258,6,1.3987219233107887e-22,0.06094396014067327,4.881114424395376,0.11194490938318546,PASS_NONNEGATIVE_ONE_PARAMETER,AQ_MEASURED_TOTAL_ONLY_NO_6H_NO_48H
H-P2_PBTE_303K_111,H-P2,PROVISIONAL_HOST_ENVELOPE,[111],2126.838098172217,2126.8380981722175,2652.708109185268,lower_1sigma__single_APT_37to6_prolate_AR10,SINGLE_APT_COUNT_FRACTION_DIAGNOSTIC,2.1e+21,single_APT_37to6_prolate_AR10,B4_omega4,7.761052074542548e-41,s^3,65.20015990507164,68.00015990507164,6,3.926452123346161e-12,0.04577902822821996,3.81604742036628,0.0720144103903253,PASS_NONNEGATIVE_ONE_PARAMETER,AQ_MEASURED_TOTAL_ONLY_NO_6H_NO_48H
H-P2_PBTE_303K_111,H-P2,PROVISIONAL_HOST_ENVELOPE,[111],2126.838098172217,2126.8380981722175,2652.708109185268,lower_1sigma__single_APT_37to6_prolate_AR10,SINGLE_APT_COUNT_FRACTION_DIAGNOSTIC,2.1e+21,single_APT_37to6_prolate_AR10,BU_host_scale,3.2587743445080686,dimensionless,382.07177973212765,384.87177973212766,6,1.9948661952166287e-79,0.11081912576016362,9.726594277164367,0.20640214533822843,PASS_NONNEGATIVE_ONE_PARAMETER,AQ_MEASURED_TOTAL_ONLY_NO_6H_NO_48H
H-P2_PBTE_303K_111,H-P2,PROVISIONAL_HOST_ENVELOPE,[111],2126.838098172217,2126.8380981722175,2652.708109185268,lower_1sigma__single_APT_37to6_prolate_AR5,SINGLE_APT_COUNT_FRACTION_DIAGNOSTIC,2.1e+21,single_APT_37to6_prolate_AR5,B0_none,0.0,none,118103.99683976796,118103.99683976796,7,0.0,1.94838391966807,183.47534659174173,2.5185160732433287,PASS_ZERO_BACKGROUND_CONTROL,AQ_MEASURED_TOTAL_ONLY_NO_6H_NO_48H
H-P2_PBTE_303K_111,H-P2,PROVISIONAL_HOST_ENVELOPE,[111],2126.838098172217,2126.8380981722175,2652.708109185268,lower_1sigma__single_APT_37to6_prolate_AR5,SINGLE_APT_COUNT_FRACTION_DIAGNOSTIC,2.1e+21,single_APT_37to6_prolate_AR5,B1_constant,228337832864.4681,s^-1,77.2508716834083,80.0508716834083,6,1.3194136206873429e-14,0.0498303495139356,4.05810319530945,0.08150463733645319,PASS_NONNEGATIVE_ONE_PARAMETER,AQ_MEASURED_TOTAL_ONLY_NO_6H_NO_48H
H-P2_PBTE_303K_111,H-P2,PROVISIONAL_HOST_ENVELOPE,[111],2126.838098172217,2126.8380981722175,2652.708109185268,lower_1sigma__single_APT_37to6_prolate_AR5,SINGLE_APT_COUNT_FRACTION_DIAGNOSTIC,2.1e+21,single_APT_37to6_prolate_AR5,B2_omega2,3.249055862485283e-15,s,115.60975811781739,118.40975811781739,6,1.3601358782694078e-22,0.06095923178240743,4.881976366902762,0.11198115831000965,PASS_NONNEGATIVE_ONE_PARAMETER,AQ_MEASURED_TOTAL_ONLY_NO_6H_NO_48H
H-P2_PBTE_303K_111,H-P2,PROVISIONAL_HOST_ENVELOPE,[111],2126.838098172217,2126.8380981722175,2652.708109185268,lower_1sigma__single_APT_37to6_prolate_AR5,SINGLE_APT_COUNT_FRACTION_DIAGNOSTIC,2.1e+21,single_APT_37to6_prolate_AR5,B4_omega4,7.413525815755968e-41,s^3,65.02826819072406,67.82826819072406,6,4.256998292845641e-12,0.04571864318526792,3.7642817235542756,0.07329889717730653,PASS_NONNEGATIVE_ONE_PARAMETER,AQ_MEASURED_TOTAL_ONLY_NO_6H_NO_48H
H-P2_PBTE_303K_111,H-P2,PROVISIONAL_HOST_ENVELOPE,[111],2126.838098172217,2126.8380981722175,2652.708109185268,lower_1sigma__single_APT_37to6_prolate_AR5,SINGLE_APT_COUNT_FRACTION_DIAGNOSTIC,2.1e+21,single_APT_37to6_prolate_AR5,BU_host_scale,3.239199572680392,dimensionless,375.14269983276677,377.9426998327668,6,6.14796527314579e-78,0.10980964533642006,9.649379414777652,0.2047903553970375,PASS_NONNEGATIVE_ONE_PARAMETER,AQ_MEASURED_TOTAL_ONLY_NO_6H_NO_48H
H-P2_PBTE_303K_111,H-P2,PROVISIONAL_HOST_ENVELOPE,[111],2126.838098172217,2126.8380981722175,2652.708109185268,lower_1sigma__single_APT_37to6_prolate_AR2,SINGLE_APT_COUNT_FRACTION_DIAGNOSTIC,2.1e+21,single_APT_37to6_prolate_AR2,B0_none,0.0,none,90508.76986215891,90508.76986215891,7,0.0,1.7056407769091084,161.37041140333963,2.163315574269811,PASS_ZERO_BACKGROUND_CONTROL,AQ_MEASURED_TOTAL_ONLY_NO_6H_NO_48H
H-P2_PBTE_303K_111,H-P2,PROVISIONAL_HOST_ENVELOPE,[111],2126.838098172217,2126.8380981722175,2652.708109185268,lower_1sigma__single_APT_37to6_prolate_AR2,SINGLE_APT_COUNT_FRACTION_DIAGNOSTIC,2.1e+21,single_APT_37to6_prolate_AR2,B1_constant,225307832511.63583,s^-1,77.23515204406286,80.03515204406285,6,1.3292976742158757e-14,0.0498252793124049,4.057509367071892,0.08149956100749467,PASS_NONNEGATIVE_ONE_PARAMETER,AQ_MEASURED_TOTAL_ONLY_NO_6H_NO_48H
H-P2_PBTE_303K_111,H-P2,PROVISIONAL_HOST_ENVELOPE,[111],2126.838098172217,2126.8380981722175,2652.708109185268,lower_1sigma__single_APT_37to6_prolate_AR2,SINGLE_APT_COUNT_FRACTION_DIAGNOSTIC,2.1e+21,single_APT_37to6_prolate_AR2,B2_omega2,3.0899960856541562e-15,s,115.38967757562416,118.18967757562416,6,1.512675442881357e-22,0.06090118161475715,4.879151632899461,0.11183366265752581,PASS_NONNEGATIVE_ONE_PARAMETER,AQ_MEASURED_TOTAL_ONLY_NO_6H_NO_48H
H-P2_PBTE_303K_111,H-P2,PROVISIONAL_HOST_ENVELOPE,[111],2126.838098172217,2126.8380981722175,2652.708109185268,lower_1sigma__single_APT_37to6_prolate_AR2,SINGLE_APT_COUNT_FRACTION_DIAGNOSTIC,2.1e+21,single_APT_37to6_prolate_AR2,B4_omega4,5.406060131461734e-41,s^3,74.93168941702125,77.73168941702124,6,3.964645435253058e-14,0.04907666032244099,3.990478619029551,0.08014934968168674,PASS_NONNEGATIVE_ONE_PARAMETER,AQ_MEASURED_TOTAL_ONLY_NO_6H_NO_48H
H-P2_PBTE_303K_111,H-P2,PROVISIONAL_HOST_ENVELOPE,[111],2126.838098172217,2126.8380981722175,2652.708109185268,lower_1sigma__single_APT_37to6_prolate_AR2,SINGLE_APT_COUNT_FRACTION_DIAGNOSTIC,2.1e+21,single_APT_37to6_prolate_AR2,BU_host_scale,3.11701428116077,dimensionless,336.9415382686147,339.7415382686147,6,9.800524744152423e-70,0.10406855303146391,9.198430563622127,0.1955756994190344,PASS_NONNEGATIVE_ONE_PARAMETER,AQ_MEASURED_TOTAL_ONLY_NO_6H_NO_48H
H-P2_PBTE_303K_111,H-P2,PROVISIONAL_HOST_ENVELOPE,[111],2126.838098172217,2126.8380981722175,2652.708109185268,lower_1sigma__single_APT_37to6_large_Lover2_sphere_bound,SINGLE_APT_COUNT_FRACTION_DIAGNOSTIC,2.1e+21,single_APT_37to6_large_Lover2_sphere_bound,B0_none,0.0,none,60884.39856063502,60884.39856063502,7,0.0,1.3989276339980092,132.76409950797793,1.7441623889638276,PASS_ZERO_BACKGROUND_CONTROL,AQ_MEASURED_TOTAL_ONLY_NO_6H_NO_48H
H-P2_PBTE_303K_111,H-P2,PROVISIONAL_HOST_ENVELOPE,[111],2126.838098172217,2126.8380981722175,2652.708109185268,lower_1sigma__single_APT_37to6_large_Lover2_sphere_bound,SINGLE_APT_COUNT_FRACTION_DIAGNOSTIC,2.1e+21,single_APT_37to6_large_Lover2_sphere_bound,B1_constant,218795398332.15594,s^-1,77.20349025959838,80.00349025959838,6,1.3494306930221099e-14,0.049815065576030645,4.056313642435881,0.08148925479063163,PASS_NONNEGATIVE_ONE_PARAMETER,AQ_MEASURED_TOTAL_ONLY_NO_6H_NO_48H
H-P2_PBTE_303K_111,H-P2,PROVISIONAL_HOST_ENVELOPE,[111],2126.838098172217,2126.8380981722175,2652.708109185268,lower_1sigma__single_APT_37to6_large_Lover2_sphere_bound,SINGLE_APT_COUNT_FRACTION_DIAGNOSTIC,2.1e+21,single_APT_37to6_large_Lover2_sphere_bound,B2_omega2,2.751716339534344e-15,s,111.28806831403824,114.08806831403824,6,1.095258684671491e-21,0.05980900000436938,4.82044122474639,0.10917957113976628,PASS_NONNEGATIVE_ONE_PARAMETER,AQ_MEASURED_TOTAL_ONLY_NO_6H_NO_48H
H-P2_PBTE_303K_111,H-P2,PROVISIONAL_HOST_ENVELOPE,[111],2126.838098172217,2126.8380981722175,2652.708109185268,lower_1sigma__single_APT_37to6_large_Lover2_sphere_bound,SINGLE_APT_COUNT_FRACTION_DIAGNOSTIC,2.1e+21,single_APT_37to6_large_Lover2_sphere_bound,B4_omega4,3.5547712083820567e-41,s^3,86.27702312529583,89.07702312529582,6,1.794777868302267e-16,0.05266108647784781,4.3305094859248925,0.09135218098710651,PASS_NONNEGATIVE_ONE_PARAMETER,AQ_MEASURED_TOTAL_ONLY_NO_6H_NO_48H
H-P2_PBTE_303K_111,H-P2,PROVISIONAL_HOST_ENVELOPE,[111],2126.838098172217,2126.8380981722175,2652.708109185268,lower_1sigma__single_APT_37to6_large_Lover2_sphere_bound,SINGLE_APT_COUNT_FRACTION_DIAGNOSTIC,2.1e+21,single_APT_37to6_large_Lover2_sphere_bound,BU_host_scale,2.8738181287288738,dimensionless,285.6104779371653,288.4104779371653,6,9.885830272442335e-59,0.09581407407493668,8.518351264443568,0.18214133304777191,PASS_NONNEGATIVE_ONE_PARAMETER,AQ_MEASURED_TOTAL_ONLY_NO_6H_NO_48H
H-P2_PBTE_303K_111,H-P2,PROVISIONAL_HOST_ENVELOPE,[111],2126.838098172217,2126.8380981722175,2652.708109185268,central__zero_particle_scattering_limit,SOURCE_LITERAL_BOUND,3.61e+21,zero_particle_scattering_limit,B0_none,0.0,none,127332.73412507985,127332.73412507985,7,0.0,2.023076341266402,190.13761607526482,2.6341037803422767,PASS_ZERO_BACKGROUND_CONTROL,AQ_MEASURED_TOTAL_ONLY_NO_6H_NO_48H
H-P2_PBTE_303K_111,H-P2,PROVISIONAL_HOST_ENVELOPE,[111],2126.838098172217,2126.8380981722175,2652.708109185268,central__zero_particle_scattering_limit,SOURCE_LITERAL_BOUND,3.61e+21,zero_particle_scattering_limit,B1_constant,230012106444.62628,s^-1,77.22918136978168,80.02918136978168,6,1.3330712064706498e-14,0.04982335340007431,4.057237182063627,0.08149849378855789,PASS_NONNEGATIVE_ONE_PARAMETER,AQ_MEASURED_TOTAL_ONLY_NO_6H_NO_48H
H-P2_PBTE_303K_111,H-P2,PROVISIONAL_HOST_ENVELOPE,[111],2126.838098172217,2126.8380981722175,2652.708109185268,central__zero_particle_scattering_limit,SOURCE_LITERAL_BOUND,3.61e+21,zero_particle_scattering_limit,B2_omega2,3.2843877595403336e-15,s,115.53020820048725,118.33020820048725,6,1.4134121141840602e-22,0.06093825545478641,4.880798389208361,0.11193130942726315,PASS_NONNEGATIVE_ONE_PARAMETER,AQ_MEASURED_TOTAL_ONLY_NO_6H_NO_48H
H-P2_PBTE_303K_111,H-P2,PROVISIONAL_HOST_ENVELOPE,[111],2126.838098172217,2126.8380981722175,2652.708109185268,central__zero_particle_scattering_limit,SOURCE_LITERAL_BOUND,3.61e+21,zero_particle_scattering_limit,B4_omega4,7.833466654959864e-41,s^3,65.29791831462171,68.09791831462171,6,3.750022469727481e-12,0.04581333495951632,3.824297821376204,0.07183034787947129,PASS_NONNEGATIVE_ONE_PARAMETER,AQ_MEASURED_TOTAL_ONLY_NO_6H_NO_48H
H-P2_PBTE_303K_111,H-P2,PROVISIONAL_HOST_ENVELOPE,[111],2126.838098172217,2126.8380981722175,2652.708109185268,central__zero_particle_scattering_limit,SOURCE_LITERAL_BOUND,3.61e+21,zero_particle_scattering_limit,BU_host_scale,3.2671638532474967,dimensionless,385.0391263426086,387.8391263426086,6,4.594596815317807e-80,0.11124862980028559,9.759340285775888,0.20708701871389024,PASS_NONNEGATIVE_ONE_PARAMETER,AQ_MEASURED_TOTAL_ONLY_NO_6H_NO_48H
H-P2_PBTE_303K_111,H-P2,PROVISIONAL_HOST_ENVELOPE,[111],2126.838098172217,2126.8380981722175,2652.708109185268,central__all_small_at_reported_max,SOURCE_LITERAL_BOUND,3.61e+21,all_small_at_reported_max,B0_none,0.0,none,125688.16382845673,125688.16382845673,7,0.0,2.009969326752552,188.96503614724733,2.614024013833402,PASS_ZERO_BACKGROUND_CONTROL,AQ_MEASURED_TOTAL_ONLY_NO_6H_NO_48H
H-P2_PBTE_303K_111,H-P2,PROVISIONAL_HOST_ENVELOPE,[111],2126.838098172217,2126.8380981722175,2652.708109185268,central__all_small_at_reported_max,SOURCE_LITERAL_BOUND,3.61e+21,all_small_at_reported_max,B1_constant,229131963744.22623,s^-1,77.27167160757246,80.07167160757245,6,1.3064479418542729e-14,0.04983705751418287,4.058901320403286,0.08151112575521591,PASS_NONNEGATIVE_ONE_PARAMETER,AQ_MEASURED_TOTAL_ONLY_NO_6H_NO_48H
H-P2_PBTE_303K_111,H-P2,PROVISIONAL_HOST_ENVELOPE,[111],2126.838098172217,2126.8380981722175,2652.708109185268,central__all_small_at_reported_max,SOURCE_LITERAL_BOUND,3.61e+21,all_small_at_reported_max,B2_omega2,3.277828274482858e-15,s,115.53907961349117,118.33907961349117,6,1.4073688935751895e-22,0.06094059509418697,4.880925148262561,0.11193687386928497,PASS_NONNEGATIVE_ONE_PARAMETER,AQ_MEASURED_TOTAL_ONLY_NO_6H_NO_48H
H-P2_PBTE_303K_111,H-P2,PROVISIONAL_HOST_ENVELOPE,[111],2126.838098172217,2126.8380981722175,2652.708109185268,central__all_small_at_reported_max,SOURCE_LITERAL_BOUND,3.61e+21,all_small_at_reported_max,B4_omega4,7.813105864480683e-41,s^3,65.27696359822289,68.07696359822289,6,3.787161894354927e-12,0.04580598340454185,3.8229040339818665,0.07185592260033857,PASS_NONNEGATIVE_ONE_PARAMETER,AQ_MEASURED_TOTAL_ONLY_NO_6H_NO_48H
H-P2_PBTE_303K_111,H-P2,PROVISIONAL_HOST_ENVELOPE,[111],2126.838098172217,2126.8380981722175,2652.708109185268,central__all_small_at_reported_max,SOURCE_LITERAL_BOUND,3.61e+21,all_small_at_reported_max,BU_host_scale,3.2621007880458905,dimensionless,383.2788076820515,386.0788076820515,6,1.0978331862036736e-79,0.11099403570106277,9.739900704818353,0.20668117616582948,PASS_NONNEGATIVE_ONE_PARAMETER,AQ_MEASURED_TOTAL_ONLY_NO_6H_NO_48H
H-P2_PBTE_303K_111,H-P2,PROVISIONAL_HOST_ENVELOPE,[111],2126.838098172217,2126.8380981722175,2652.708109185268,central__single_APT_37to6_prolate_AR10,SINGLE_APT_COUNT_FRACTION_DIAGNOSTIC,3.61e+21,single_APT_37to6_prolate_AR10,B0_none,0.0,none,122521.59865291802,122521.59865291802,7,0.0,1.9844884082340268,186.69603270361588,2.574421129887452,PASS_ZERO_BACKGROUND_CONTROL,AQ_MEASURED_TOTAL_ONLY_NO_6H_NO_48H
H-P2_PBTE_303K_111,H-P2,PROVISIONAL_HOST_ENVELOPE,[111],2126.838098172217,2126.8380981722175,2652.708109185268,central__single_APT_37to6_prolate_AR10,SINGLE_APT_COUNT_FRACTION_DIAGNOSTIC,3.61e+21,single_APT_37to6_prolate_AR10,B1_constant,228454876856.18878,s^-1,77.2733314200958,80.0733314200958,6,1.3054187922678461e-14,0.04983759276679396,4.058979747947798,0.08151132354931301,PASS_NONNEGATIVE_ONE_PARAMETER,AQ_MEASURED_TOTAL_ONLY_NO_6H_NO_48H
H-P2_PBTE_303K_111,H-P2,PROVISIONAL_HOST_ENVELOPE,[111],2126.838098172217,2126.8380981722175,2652.708109185268,central__single_APT_37to6_prolate_AR10,SINGLE_APT_COUNT_FRACTION_DIAGNOSTIC,3.61e+21,single_APT_37to6_prolate_AR10,B2_omega2,3.2660352871096544e-15,s,115.56708720901291,118.36708720901291,6,1.3884590045829734e-22,0.06094798089006242,4.881337283716889,0.11195448670002861,PASS_NONNEGATIVE_ONE_PARAMETER,AQ_MEASURED_TOTAL_ONLY_NO_6H_NO_48H
H-P2_PBTE_303K_111,H-P2,PROVISIONAL_HOST_ENVELOPE,[111],2126.838098172217,2126.8380981722175,2652.708109185268,central__single_APT_37to6_prolate_AR10,SINGLE_APT_COUNT_FRACTION_DIAGNOSTIC,3.61e+21,single_APT_37to6_prolate_AR10,B4_omega4,7.709448104887476e-41,s^3,65.13775768920635,67.93775768920635,6,4.0433798434655704e-12,0.045757115730891564,3.810127945944618,0.07214501014568953,PASS_NONNEGATIVE_ONE_PARAMETER,AQ_MEASURED_TOTAL_ONLY_NO_6H_NO_48H
H-P2_PBTE_303K_111,H-P2,PROVISIONAL_HOST_ENVELOPE,[111],2126.838098172217,2126.8380981722175,2652.708109185268,central__single_APT_37to6_prolate_AR10,SINGLE_APT_COUNT_FRACTION_DIAGNOSTIC,3.61e+21,single_APT_37to6_prolate_AR10,BU_host_scale,3.252754962054947,dimensionless,379.95193416770155,382.75193416770156,6,5.694100773322356e-79,0.11051126974704749,9.703072821004852,0.20591089674125185,PASS_NONNEGATIVE_ONE_PARAMETER,AQ_MEASURED_TOTAL_ONLY_NO_6H_NO_48H
H-P2_PBTE_303K_111,H-P2,PROVISIONAL_HOST_ENVELOPE,[111],2126.838098172217,2126.8380981722175,2652.708109185268,central__single_APT_37to6_prolate_AR5,SINGLE_APT_COUNT_FRACTION_DIAGNOSTIC,3.61e+21,single_APT_37to6_prolate_AR5,B0_none,0.0,none,112208.07655327348,112208.07655327348,7,0.0,1.899128267107477,179.0573796477093,2.4433322677241014,PASS_ZERO_BACKGROUND_CONTROL,AQ_MEASURED_TOTAL_ONLY_NO_6H_NO_48H
H-P2_PBTE_303K_111,H-P2,PROVISIONAL_HOST_ENVELOPE,[111],2126.838098172217,2126.8380981722175,2652.708109185268,central__single_APT_37to6_prolate_AR5,SINGLE_APT_COUNT_FRACTION_DIAGNOSTIC,3.61e+21,single_APT_37to6_prolate_AR5,B1_constant,227134338866.4028,s^-1,77.26652422597692,80.06652422597692,6,1.309644677700995e-14,0.04983539756157952,4.058727033989587,0.08150905415249454,PASS_NONNEGATIVE_ONE_PARAMETER,AQ_MEASURED_TOTAL_ONLY_NO_6H_NO_48H
H-P2_PBTE_303K_111,H-P2,PROVISIONAL_HOST_ENVELOPE,[111],2126.838098172217,2126.8380981722175,2652.708109185268,central__single_APT_37to6_prolate_AR5,SINGLE_APT_COUNT_FRACTION_DIAGNOSTIC,3.61e+21,single_APT_37to6_prolate_AR5,B2_omega2,3.2239230658076752e-15,s,115.65717403240058,118.45717403240057,6,1.3293400003026324e-22,0.060971731338957544,4.88268323629823,0.11201069559866328,PASS_NONNEGATIVE_ONE_PARAMETER,AQ_MEASURED_TOTAL_ONLY_NO_6H_NO_48H
H-P2_PBTE_303K_111,H-P2,PROVISIONAL_HOST_ENVELOPE,[111],2126.838098172217,2126.8380981722175,2652.708109185268,central__single_APT_37to6_prolate_AR5,SINGLE_APT_COUNT_FRACTION_DIAGNOSTIC,3.61e+21,single_APT_37to6_prolate_AR5,B4_omega4,7.136470662956902e-41,s^3,65.24035888070425,68.04035888070425,6,3.852921695442496e-12,0.04579313851933723,3.7348657545735504,0.07423089152284712,PASS_NONNEGATIVE_ONE_PARAMETER,AQ_MEASURED_TOTAL_ONLY_NO_6H_NO_48H
H-P2_PBTE_303K_111,H-P2,PROVISIONAL_HOST_ENVELOPE,[111],2126.838098172217,2126.8380981722175,2652.708109185268,central__single_APT_37to6_prolate_AR5,SINGLE_APT_COUNT_FRACTION_DIAGNOSTIC,3.61e+21,single_APT_37to6_prolate_AR5,BU_host_scale,3.219416893344169,dimensionless,368.2817413462715,371.0817413462715,6,1.830725587567243e-76,0.10880086121173799,9.57169280248833,0.20317659143196287,PASS_NONNEGATIVE_ONE_PARAMETER,AQ_MEASURED_TOTAL_ONLY_NO_6H_NO_48H
H-P2_PBTE_303K_111,H-P2,PROVISIONAL_HOST_ENVELOPE,[111],2126.838098172217,2126.8380981722175,2652.708109185268,central__single_APT_37to6_prolate_AR2,SINGLE_APT_COUNT_FRACTION_DIAGNOSTIC,3.61e+21,single_APT_37to6_prolate_AR2,B0_none,0.0,none,75984.14291503644,75984.14291503644,7,0.0,1.5628011552467118,148.1974922111394,1.9613094419263457,PASS_ZERO_BACKGROUND_CONTROL,AQ_MEASURED_TOTAL_ONLY_NO_6H_NO_48H
H-P2_PBTE_303K_111,H-P2,PROVISIONAL_HOST_ENVELOPE,[111],2126.838098172217,2126.8380981722175,2652.708109185268,central__single_APT_37to6_prolate_AR2,SINGLE_APT_COUNT_FRACTION_DIAGNOSTIC,3.61e+21,single_APT_37to6_prolate_AR2,B1_constant,221926345406.8746,s^-1,77.23942658968758,80.03942658968758,6,1.3266026676854003e-14,0.049826658072446815,4.057704815340483,0.08150034882603752,PASS_NONNEGATIVE_ONE_PARAMETER,AQ_MEASURED_TOTAL_ONLY_NO_6H_NO_48H
H-P2_PBTE_303K_111,H-P2,PROVISIONAL_HOST_ENVELOPE,[111],2126.838098172217,2126.8380981722175,2652.708109185268,central__single_APT_37to6_prolate_AR2,SINGLE_APT_COUNT_FRACTION_DIAGNOSTIC,3.61e+21,single_APT_37to6_prolate_AR2,B2_omega2,2.9692685839759127e-15,s,114.82370471588601,117.623704715886,6,1.9881472871259633e-22,0.06075164143705366,4.871317347195907,0.1114671814395749,PASS_NONNEGATIVE_ONE_PARAMETER,AQ_MEASURED_TOTAL_ONLY_NO_6H_NO_48H
H-P2_PBTE_303K_111,H-P2,PROVISIONAL_HOST_ENVELOPE,[111],2126.838098172217,2126.8380981722175,2652.708109185268,central__single_APT_37to6_prolate_AR2,SINGLE_APT_COUNT_FRACTION_DIAGNOSTIC,3.61e+21,single_APT_37to6_prolate_AR2,B4_omega4,4.5686023387109135e-41,s^3,81.96631109560556,84.76631109560556,6,1.401548662832311e-15,0.051328660883302187,4.216859434388213,0.08721513408456327,PASS_NONNEGATIVE_ONE_PARAMETER,AQ_MEASURED_TOTAL_ONLY_NO_6H_NO_48H
H-P2_PBTE_303K_111,H-P2,PROVISIONAL_HOST_ENVELOPE,[111],2126.838098172217,2126.8380981722175,2652.708109185268,central__single_APT_37to6_prolate_AR2,SINGLE_APT_COUNT_FRACTION_DIAGNOSTIC,3.61e+21,single_APT_37to6_prolate_AR2,BU_host_scale,3.026924745984565,dimensionless,312.26243936853416,315.06243936853417,6,1.9256856549416984e-64,0.10018486402497576,8.884101630570603,0.18927936339461615,PASS_NONNEGATIVE_ONE_PARAMETER,AQ_MEASURED_TOTAL_ONLY_NO_6H_NO_48H
H-P2_PBTE_303K_111,H-P2,PROVISIONAL_HOST_ENVELOPE,[111],2126.838098172217,2126.8380981722175,2652.708109185268,central__single_APT_37to6_large_Lover2_sphere_bound,SINGLE_APT_COUNT_FRACTION_DIAGNOSTIC,3.61e+21,single_APT_37to6_large_Lover2_sphere_bound,B0_none,0.0,none,45135.2243173479,45135.2243173479,7,0.0,1.204481244081171,114.60849649183913,1.4785571810559306,PASS_ZERO_BACKGROUND_CONTROL,AQ_MEASURED_TOTAL_ONLY_NO_6H_NO_48H
H-P2_PBTE_303K_111,H-P2,PROVISIONAL_HOST_ENVELOPE,[111],2126.838098172217,2126.8380981722175,2652.708109185268,central__single_APT_37to6_large_Lover2_sphere_bound,SINGLE_APT_COUNT_FRACTION_DIAGNOSTIC,3.61e+21,single_APT_37to6_large_Lover2_sphere_bound,B1_constant,210735127224.01123,s^-1,77.18466874893649,79.98466874893649,6,1.3615428791950858e-14,0.0498089929753234,4.0556349091624355,0.08148242771144609,PASS_NONNEGATIVE_ONE_PARAMETER,AQ_MEASURED_TOTAL_ONLY_NO_6H_NO_48H
H-P2_PBTE_303K_111,H-P2,PROVISIONAL_HOST_ENVELOPE,[111],2126.838098172217,2126.8380981722175,2652.708109185268,central__single_APT_37to6_large_Lover2_sphere_bound,SINGLE_APT_COUNT_FRACTION_DIAGNOSTIC,3.61e+21,single_APT_37to6_large_Lover2_sphere_bound,B2_omega2,2.5150964329230614e-15,s,108.09712090673774,110.89712090673774,6,5.1005107720387315e-21,0.058945316309775,4.772328075514648,0.10704783143933616,PASS_NONNEGATIVE_ONE_PARAMETER,AQ_MEASURED_TOTAL_ONLY_NO_6H_NO_48H
H-P2_PBTE_303K_111,H-P2,PROVISIONAL_HOST_ENVELOPE,[111],2126.838098172217,2126.8380981722175,2652.708109185268,central__single_APT_37to6_large_Lover2_sphere_bound,SINGLE_APT_COUNT_FRACTION_DIAGNOSTIC,3.61e+21,single_APT_37to6_large_Lover2_sphere_bound,B4_omega4,2.824351965510258e-41,s^3,90.91853538360783,93.71853538360783,6,1.9525707232110977e-17,0.05405905561950846,4.439214223950564,0.09522695703580286,PASS_NONNEGATIVE_ONE_PARAMETER,AQ_MEASURED_TOTAL_ONLY_NO_6H_NO_48H
H-P2_PBTE_303K_111,H-P2,PROVISIONAL_HOST_ENVELOPE,[111],2126.838098172217,2126.8380981722175,2652.708109185268,central__single_APT_37to6_large_Lover2_sphere_bound,SINGLE_APT_COUNT_FRACTION_DIAGNOSTIC,3.61e+21,single_APT_37to6_large_Lover2_sphere_bound,BU_host_scale,2.7046869410628953,dimensionless,253.02039296318003,255.82039296318004,6,9.276973333794469e-52,0.09018202894837236,8.039444191735516,0.17277253859026975,PASS_NONNEGATIVE_ONE_PARAMETER,AQ_MEASURED_TOTAL_ONLY_NO_6H_NO_48H
H-P2_PBTE_303K_111,H-P2,PROVISIONAL_HOST_ENVELOPE,[111],2126.838098172217,2126.8380981722175,2652.708109185268,upper_1sigma__zero_particle_scattering_limit,SOURCE_LITERAL_BOUND,5.12e+21,zero_particle_scattering_limit,B0_none,0.0,none,127332.73412507985,127332.73412507985,7,0.0,2.023076341266402,190.13761607526482,2.6341037803422767,PASS_ZERO_BACKGROUND_CONTROL,AQ_MEASURED_TOTAL_ONLY_NO_6H_NO_48H
H-P2_PBTE_303K_111,H-P2,PROVISIONAL_HOST_ENVELOPE,[111],2126.838098172217,2126.8380981722175,2652.708109185268,upper_1sigma__zero_particle_scattering_limit,SOURCE_LITERAL_BOUND,5.12e+21,zero_particle_scattering_limit,B1_constant,230012106444.62628,s^-1,77.22918136978168,80.02918136978168,6,1.3330712064706498e-14,0.04982335340007431,4.057237182063627,0.08149849378855789,PASS_NONNEGATIVE_ONE_PARAMETER,AQ_MEASURED_TOTAL_ONLY_NO_6H_NO_48H
H-P2_PBTE_303K_111,H-P2,PROVISIONAL_HOST_ENVELOPE,[111],2126.838098172217,2126.8380981722175,2652.708109185268,upper_1sigma__zero_particle_scattering_limit,SOURCE_LITERAL_BOUND,5.12e+21,zero_particle_scattering_limit,B2_omega2,3.2843877595403336e-15,s,115.53020820048725,118.33020820048725,6,1.4134121141840602e-22,0.06093825545478641,4.880798389208361,0.11193130942726315,PASS_NONNEGATIVE_ONE_PARAMETER,AQ_MEASURED_TOTAL_ONLY_NO_6H_NO_48H
H-P2_PBTE_303K_111,H-P2,PROVISIONAL_HOST_ENVELOPE,[111],2126.838098172217,2126.8380981722175,2652.708109185268,upper_1sigma__zero_particle_scattering_limit,SOURCE_LITERAL_BOUND,5.12e+21,zero_particle_scattering_limit,B4_omega4,7.833466654959864e-41,s^3,65.29791831462171,68.09791831462171,6,3.750022469727481e-12,0.04581333495951632,3.824297821376204,0.07183034787947129,PASS_NONNEGATIVE_ONE_PARAMETER,AQ_MEASURED_TOTAL_ONLY_NO_6H_NO_48H
H-P2_PBTE_303K_111,H-P2,PROVISIONAL_HOST_ENVELOPE,[111],2126.838098172217,2126.8380981722175,2652.708109185268,upper_1sigma__zero_particle_scattering_limit,SOURCE_LITERAL_BOUND,5.12e+21,zero_particle_scattering_limit,BU_host_scale,3.2671638532474967,dimensionless,385.0391263426086,387.8391263426086,6,4.594596815317807e-80,0.11124862980028559,9.759340285775888,0.20708701871389024,PASS_NONNEGATIVE_ONE_PARAMETER,AQ_MEASURED_TOTAL_ONLY_NO_6H_NO_48H
H-P2_PBTE_303K_111,H-P2,PROVISIONAL_HOST_ENVELOPE,[111],2126.838098172217,2126.8380981722175,2652.708109185268,upper_1sigma__all_small_at_reported_max,SOURCE_LITERAL_BOUND,5.12e+21,all_small_at_reported_max,B0_none,0.0,none,125009.2209051418,125009.2209051418,7,0.0,2.004533244696591,188.4784351568371,2.605706876025052,PASS_ZERO_BACKGROUND_CONTROL,AQ_MEASURED_TOTAL_ONLY_NO_6H_NO_48H
H-P2_PBTE_303K_111,H-P2,PROVISIONAL_HOST_ENVELOPE,[111],2126.838098172217,2126.8380981722175,2652.708109185268,upper_1sigma__all_small_at_reported_max,SOURCE_LITERAL_BOUND,5.12e+21,all_small_at_reported_max,B1_constant,228764091341.70847,s^-1,77.28950160507586,80.08950160507585,6,1.2954349010021915e-14,0.04984280699092478,4.059598011730261,0.08151640979597197,PASS_NONNEGATIVE_ONE_PARAMETER,AQ_MEASURED_TOTAL_ONLY_NO_6H_NO_48H
H-P2_PBTE_303K_111,H-P2,PROVISIONAL_HOST_ENVELOPE,[111],2126.838098172217,2126.8380981722175,2652.708109185268,upper_1sigma__all_small_at_reported_max,SOURCE_LITERAL_BOUND,5.12e+21,all_small_at_reported_max,B2_omega2,3.2750857624771243e-15,s,115.54274798660028,118.34274798660027,6,1.4048775448464373e-22,0.06094156252038865,4.8809775879407304,0.111939171983646,PASS_NONNEGATIVE_ONE_PARAMETER,AQ_MEASURED_TOTAL_ONLY_NO_6H_NO_48H
H-P2_PBTE_303K_111,H-P2,PROVISIONAL_HOST_ENVELOPE,[111],2126.838098172217,2126.8380981722175,2652.708109185268,upper_1sigma__all_small_at_reported_max,SOURCE_LITERAL_BOUND,5.12e+21,all_small_at_reported_max,B4_omega4,7.80459741783932e-41,s^3,65.26828260385302,68.06828260385302,6,3.802655122194703e-12,0.045802937500724505,3.822320911922098,0.07186660627242292,PASS_NONNEGATIVE_ONE_PARAMETER,AQ_MEASURED_TOTAL_ONLY_NO_6H_NO_48H
H-P2_PBTE_303K_111,H-P2,PROVISIONAL_HOST_ENVELOPE,[111],2126.838098172217,2126.8380981722175,2652.708109185268,upper_1sigma__all_small_at_reported_max,SOURCE_LITERAL_BOUND,5.12e+21,all_small_at_reported_max,BU_host_scale,3.259984953827409,dimensionless,382.5446646718891,385.3446646718891,6,1.5786900310470915e-79,0.11088768420032372,9.73177200160804,0.20651158474896547,PASS_NONNEGATIVE_ONE_PARAMETER,AQ_MEASURED_TOTAL_ONLY_NO_6H_NO_48H
H-P2_PBTE_303K_111,H-P2,PROVISIONAL_HOST_ENVELOPE,[111],2126.838098172217,2126.8380981722175,2652.708109185268,upper_1sigma__single_APT_37to6_prolate_AR10,SINGLE_APT_COUNT_FRACTION_DIAGNOSTIC,5.12e+21,single_APT_37to6_prolate_AR10,B0_none,0.0,none,120589.18776230139,120589.18776230139,7,0.0,1.9687765325746927,185.29206053771736,2.5502258236945123,PASS_ZERO_BACKGROUND_CONTROL,AQ_MEASURED_TOTAL_ONLY_NO_6H_NO_48H
H-P2_PBTE_303K_111,H-P2,PROVISIONAL_HOST_ENVELOPE,[111],2126.838098172217,2126.8380981722175,2652.708109185268,upper_1sigma__single_APT_37to6_prolate_AR10,SINGLE_APT_COUNT_FRACTION_DIAGNOSTIC,5.12e+21,single_APT_37to6_prolate_AR10,B1_constant,227803927610.49835,s^-1,77.29188336950945,80.09188336950945,6,1.293970794673041e-14,0.04984357496657436,4.059710074765487,0.08151669353827784,PASS_NONNEGATIVE_ONE_PARAMETER,AQ_MEASURED_TOTAL_ONLY_NO_6H_NO_48H
H-P2_PBTE_303K_111,H-P2,PROVISIONAL_HOST_ENVELOPE,[111],2126.838098172217,2126.8380981722175,2652.708109185268,upper_1sigma__single_APT_37to6_prolate_AR10,SINGLE_APT_COUNT_FRACTION_DIAGNOSTIC,5.12e+21,single_APT_37to6_prolate_AR10,B2_omega2,3.2583707952772767e-15,s,115.58207885378448,118.38207885378448,6,1.3784416490366894e-22,0.060951933922326396,4.881556446893369,0.11196389875215362,PASS_NONNEGATIVE_ONE_PARAMETER,AQ_MEASURED_TOTAL_ONLY_NO_6H_NO_48H
H-P2_PBTE_303K_111,H-P2,PROVISIONAL_HOST_ENVELOPE,[111],2126.838098172217,2126.8380981722175,2652.708109185268,upper_1sigma__single_APT_37to6_prolate_AR10,SINGLE_APT_COUNT_FRACTION_DIAGNOSTIC,5.12e+21,single_APT_37to6_prolate_AR10,B4_omega4,7.658229365833916e-41,s^3,65.0818301297486,67.8818301297486,6,4.1511252734881546e-12,0.0457374678841779,3.8042211547696394,0.07227423361459429,PASS_NONNEGATIVE_ONE_PARAMETER,AQ_MEASURED_TOTAL_ONLY_NO_6H_NO_48H
H-P2_PBTE_303K_111,H-P2,PROVISIONAL_HOST_ENVELOPE,[111],2126.838098172217,2126.8380981722175,2652.708109185268,upper_1sigma__single_APT_37to6_prolate_AR10,SINGLE_APT_COUNT_FRACTION_DIAGNOSTIC,5.12e+21,single_APT_37to6_prolate_AR10,BU_host_scale,3.2467464732004614,dimensionless,377.84357614076333,380.64357614076334,6,1.6160007387018335e-78,0.11020422900342264,9.679571868197137,0.20542065500690343,PASS_NONNEGATIVE_ONE_PARAMETER,AQ_MEASURED_TOTAL_ONLY_NO_6H_NO_48H
H-P2_PBTE_303K_111,H-P2,PROVISIONAL_HOST_ENVELOPE,[111],2126.838098172217,2126.8380981722175,2652.708109185268,upper_1sigma__single_APT_37to6_prolate_AR5,SINGLE_APT_COUNT_FRACTION_DIAGNOSTIC,5.12e+21,single_APT_37to6_prolate_AR5,B0_none,0.0,none,106827.2680289441,106827.2680289441,7,0.0,1.8530336249555917,174.9064486430789,2.3736707307985245,PASS_ZERO_BACKGROUND_CONTROL,AQ_MEASURED_TOTAL_ONLY_NO_6H_NO_48H
H-P2_PBTE_303K_111,H-P2,PROVISIONAL_HOST_ENVELOPE,[111],2126.838098172217,2126.8380981722175,2652.708109185268,upper_1sigma__single_APT_37to6_prolate_AR5,SINGLE_APT_COUNT_FRACTION_DIAGNOSTIC,5.12e+21,single_APT_37to6_prolate_AR5,B1_constant,225931170527.0922,s^-1,77.28222424928278,80.08222424928277,6,1.2999186579459123e-14,0.049840460408456765,4.059351865966858,0.08151347242382134,PASS_NONNEGATIVE_ONE_PARAMETER,AQ_MEASURED_TOTAL_ONLY_NO_6H_NO_48H
H-P2_PBTE_303K_111,H-P2,PROVISIONAL_HOST_ENVELOPE,[111],2126.838098172217,2126.8380981722175,2652.708109185268,upper_1sigma__single_APT_37to6_prolate_AR5,SINGLE_APT_COUNT_FRACTION_DIAGNOSTIC,5.12e+21,single_APT_37to6_prolate_AR5,B2_omega2,3.1990134224965255e-15,s,115.69675515836754,118.49675515836753,6,1.3041670088778392e-22,0.06098216356400884,4.883278107991541,0.11203519655592342,PASS_NONNEGATIVE_ONE_PARAMETER,AQ_MEASURED_TOTAL_ONLY_NO_6H_NO_48H
H-P2_PBTE_303K_111,H-P2,PROVISIONAL_HOST_ENVELOPE,[111],2126.838098172217,2126.8380981722175,2652.708109185268,upper_1sigma__single_APT_37to6_prolate_AR5,SINGLE_APT_COUNT_FRACTION_DIAGNOSTIC,5.12e+21,single_APT_37to6_prolate_AR5,B4_omega4,6.878061211578815e-41,s^3,65.71443780329344,68.51443780329343,6,3.082779092979684e-12,0.04595921873285524,3.751379245127753,0.07507368346597176,PASS_NONNEGATIVE_ONE_PARAMETER,AQ_MEASURED_TOTAL_ONLY_NO_6H_NO_48H
H-P2_PBTE_303K_111,H-P2,PROVISIONAL_HOST_ENVELOPE,[111],2126.838098172217,2126.8380981722175,2652.708109185268,upper_1sigma__single_APT_37to6_prolate_AR5,SINGLE_APT_COUNT_FRACTION_DIAGNOSTIC,5.12e+21,single_APT_37to6_prolate_AR5,BU_host_scale,3.199895863803502,dimensionless,361.62289825320346,364.42289825320347,6,4.929592027971268e-75,0.10781276899393077,9.495120926732028,0.20159286753522088,PASS_NONNEGATIVE_ONE_PARAMETER,AQ_MEASURED_TOTAL_ONLY_NO_6H_NO_48H
H-P2_PBTE_303K_111,H-P2,PROVISIONAL_HOST_ENVELOPE,[111],2126.838098172217,2126.8380981722175,2652.708109185268,upper_1sigma__single_APT_37to6_prolate_AR2,SINGLE_APT_COUNT_FRACTION_DIAGNOSTIC,5.12e+21,single_APT_37to6_prolate_AR2,B0_none,0.0,none,65512.110837735214,65512.110837735214,7,0.0,1.4511190233004136,137.8365418400485,1.8059436396163968,PASS_ZERO_BACKGROUND_CONTROL,AQ_MEASURED_TOTAL_ONLY_NO_6H_NO_48H
H-P2_PBTE_303K_111,H-P2,PROVISIONAL_HOST_ENVELOPE,[111],2126.838098172217,2126.8380981722175,2652.708109185268,upper_1sigma__single_APT_37to6_prolate_AR2,SINGLE_APT_COUNT_FRACTION_DIAGNOSTIC,5.12e+21,single_APT_37to6_prolate_AR2,B1_constant,218545847697.69238,s^-1,77.24368734645975,80.04368734645975,6,1.3239217845034147e-14,0.04982803234691068,4.057898248270164,0.08150103631400363,PASS_NONNEGATIVE_ONE_PARAMETER,AQ_MEASURED_TOTAL_ONLY_NO_6H_NO_48H
H-P2_PBTE_303K_111,H-P2,PROVISIONAL_HOST_ENVELOPE,[111],2126.838098172217,2126.8380981722175,2652.708109185268,upper_1sigma__single_APT_37to6_prolate_AR2,SINGLE_APT_COUNT_FRACTION_DIAGNOSTIC,5.12e+21,single_APT_37to6_prolate_AR2,B2_omega2,2.8603760424568198e-15,s,114.06841364648055,116.86841364648055,6,2.8630289328841537e-22,0.06055150472408725,4.860693423892297,0.1109789981239524,PASS_NONNEGATIVE_ONE_PARAMETER,AQ_MEASURED_TOTAL_ONLY_NO_6H_NO_48H
H-P2_PBTE_303K_111,H-P2,PROVISIONAL_HOST_ENVELOPE,[111],2126.838098172217,2126.8380981722175,2652.708109185268,upper_1sigma__single_APT_37to6_prolate_AR2,SINGLE_APT_COUNT_FRACTION_DIAGNOSTIC,5.12e+21,single_APT_37to6_prolate_AR2,B4_omega4,4.005854320093726e-41,s^3,86.85567002797731,89.65567002797731,6,1.3615423923303953e-16,0.052837386325937936,4.343317853271881,0.0919369697093555,PASS_NONNEGATIVE_ONE_PARAMETER,AQ_MEASURED_TOTAL_ONLY_NO_6H_NO_48H
H-P2_PBTE_303K_111,H-P2,PROVISIONAL_HOST_ENVELOPE,[111],2126.838098172217,2126.8380981722175,2652.708109185268,upper_1sigma__single_APT_37to6_prolate_AR2,SINGLE_APT_COUNT_FRACTION_DIAGNOSTIC,5.12e+21,single_APT_37to6_prolate_AR2,BU_host_scale,2.946982493635099,dimensionless,292.3652695573767,295.1652695573767,6,3.535017464296226e-60,0.09694047190371871,8.616055893385356,0.18397299798502365,PASS_NONNEGATIVE_ONE_PARAMETER,AQ_MEASURED_TOTAL_ONLY_NO_6H_NO_48H
H-P2_PBTE_303K_111,H-P2,PROVISIONAL_HOST_ENVELOPE,[111],2126.838098172217,2126.8380981722175,2652.708109185268,upper_1sigma__single_APT_37to6_large_Lover2_sphere_bound,SINGLE_APT_COUNT_FRACTION_DIAGNOSTIC,5.12e+21,single_APT_37to6_large_Lover2_sphere_bound,B0_none,0.0,none,35104.884936141476,35104.884936141476,7,0.0,1.0622482297084959,101.2753344350259,1.286397949186561,PASS_ZERO_BACKGROUND_CONTROL,AQ_MEASURED_TOTAL_ONLY_NO_6H_NO_48H
H-P2_PBTE_303K_111,H-P2,PROVISIONAL_HOST_ENVELOPE,[111],2126.838098172217,2126.8380981722175,2652.708109185268,upper_1sigma__single_APT_37to6_large_Lover2_sphere_bound,SINGLE_APT_COUNT_FRACTION_DIAGNOSTIC,5.12e+21,single_APT_37to6_large_Lover2_sphere_bound,B1_constant,202679040167.7465,s^-1,77.165566651024,79.96556665102399,6,1.3739466373050489e-14,0.049802829088431165,4.054946831272508,0.0814756100978824,PASS_NONNEGATIVE_ONE_PARAMETER,AQ_MEASURED_TOTAL_ONLY_NO_6H_NO_48H
H-P2_PBTE_303K_111,H-P2,PROVISIONAL_HOST_ENVELOPE,[111],2126.838098172217,2126.8380981722175,2652.708109185268,upper_1sigma__single_APT_37to6_large_Lover2_sphere_bound,SINGLE_APT_COUNT_FRACTION_DIAGNOSTIC,5.12e+21,single_APT_37to6_large_Lover2_sphere_bound,B2_omega2,2.3238429058450994e-15,s,105.4209512479635,108.2209512479635,6,1.850844009679912e-20,0.05821108636529126,4.730029539629397,0.1051994233685436,PASS_NONNEGATIVE_ONE_PARAMETER,AQ_MEASURED_TOTAL_ONLY_NO_6H_NO_48H
H-P2_PBTE_303K_111,H-P2,PROVISIONAL_HOST_ENVELOPE,[111],2126.838098172217,2126.8380981722175,2652.708109185268,upper_1sigma__single_APT_37to6_large_Lover2_sphere_bound,SINGLE_APT_COUNT_FRACTION_DIAGNOSTIC,5.12e+21,single_APT_37to6_large_Lover2_sphere_bound,B4_omega4,2.3745788567566283e-41,s^3,93.23036011672764,96.03036011672764,6,6.4556043676123636e-18,0.05474203272266295,4.490725288806881,0.09695495207255411,PASS_NONNEGATIVE_ONE_PARAMETER,AQ_MEASURED_TOTAL_ONLY_NO_6H_NO_48H
H-P2_PBTE_303K_111,H-P2,PROVISIONAL_HOST_ENVELOPE,[111],2126.838098172217,2126.8380981722175,2652.708109185268,upper_1sigma__single_APT_37to6_large_Lover2_sphere_bound,SINGLE_APT_COUNT_FRACTION_DIAGNOSTIC,5.12e+21,single_APT_37to6_large_Lover2_sphere_bound,BU_host_scale,2.568776243582791,dimensionless,228.19765533765644,230.99765533765645,6,1.8563221114972063e-46,0.08564417455877102,7.641429541387831,0.16507422772437785,PASS_NONNEGATIVE_ONE_PARAMETER,AQ_MEASURED_TOTAL_ONLY_NO_6H_NO_48H
H-P2_PBTE_303K_ANGULAR_MEAN,H-P2,PROVISIONAL_HOST_ENVELOPE,angular_mean,1478.5134464914709,1969.7777045797184,3131.5709393794345,lower_1sigma__zero_particle_scattering_limit,SOURCE_LITERAL_BOUND,2.1e+21,zero_particle_scattering_limit,B0_none,0.0,none,118311.17486694077,118311.17486694077,7,0.0,1.9500920983768093,183.30033036716026,2.5357647597362387,PASS_ZERO_BACKGROUND_CONTROL,AQ_MEASURED_TOTAL_ONLY_NO_6H_NO_48H
H-P2_PBTE_303K_ANGULAR_MEAN,H-P2,PROVISIONAL_HOST_ENVELOPE,angular_mean,1478.5134464914709,1969.7777045797184,3131.5709393794345,lower_1sigma__zero_particle_scattering_limit,SOURCE_LITERAL_BOUND,2.1e+21,zero_particle_scattering_limit,B1_constant,183488809471.1184,s^-1,69.96037376755295,72.76037376755295,6,4.166103333688527e-13,0.047420737021595785,3.8563403922810067,0.07795090609718969,PASS_NONNEGATIVE_ONE_PARAMETER,AQ_MEASURED_TOTAL_ONLY_NO_6H_NO_48H
H-P2_PBTE_303K_ANGULAR_MEAN,H-P2,PROVISIONAL_HOST_ENVELOPE,angular_mean,1478.5134464914709,1969.7777045797184,3131.5709393794345,lower_1sigma__zero_particle_scattering_limit,SOURCE_LITERAL_BOUND,2.1e+21,zero_particle_scattering_limit,B2_omega2,2.7744788481367104e-15,s,79.26169668857044,82.06169668857044,6,5.075584082663746e-15,0.050474720341584775,4.142106128593891,0.08428335869378079,PASS_NONNEGATIVE_ONE_PARAMETER,AQ_MEASURED_TOTAL_ONLY_NO_6H_NO_48H
H-P2_PBTE_303K_ANGULAR_MEAN,H-P2,PROVISIONAL_HOST_ENVELOPE,angular_mean,1478.5134464914709,1969.7777045797184,3131.5709393794345,lower_1sigma__zero_particle_scattering_limit,SOURCE_LITERAL_BOUND,2.1e+21,zero_particle_scattering_limit,B4_omega4,6.311095260251676e-41,s^3,67.3292931801196,70.1292931801196,6,1.4412342600052085e-12,0.04652048852084563,3.9145699582053335,0.07700840106060136,PASS_NONNEGATIVE_ONE_PARAMETER,AQ_MEASURED_TOTAL_ONLY_NO_6H_NO_48H
H-P2_PBTE_303K_ANGULAR_MEAN,H-P2,PROVISIONAL_HOST_ENVELOPE,angular_mean,1478.5134464914709,1969.7777045797184,3131.5709393794345,lower_1sigma__zero_particle_scattering_limit,SOURCE_LITERAL_BOUND,2.1e+21,zero_particle_scattering_limit,BU_host_scale,3.2019633477493694,dimensionless,380.0582871561357,382.8582871561357,6,5.402225465237119e-79,0.11052673536307243,9.70336255755914,0.20593858615297922,PASS_NONNEGATIVE_ONE_PARAMETER,AQ_MEASURED_TOTAL_ONLY_NO_6H_NO_48H
H-P2_PBTE_303K_ANGULAR_MEAN,H-P2,PROVISIONAL_HOST_ENVELOPE,angular_mean,1478.5134464914709,1969.7777045797184,3131.5709393794345,lower_1sigma__all_small_at_reported_max,SOURCE_LITERAL_BOUND,2.1e+21,all_small_at_reported_max,B0_none,0.0,none,117143.10624249339,117143.10624249339,7,0.0,1.940441735590894,182.43497336234057,2.5210772705279867,PASS_ZERO_BACKGROUND_CONTROL,AQ_MEASURED_TOTAL_ONLY_NO_6H_NO_48H
H-P2_PBTE_303K_ANGULAR_MEAN,H-P2,PROVISIONAL_HOST_ENVELOPE,angular_mean,1478.5134464914709,1969.7777045797184,3131.5709393794345,lower_1sigma__all_small_at_reported_max,SOURCE_LITERAL_BOUND,2.1e+21,all_small_at_reported_max,B1_constant,182988912749.42133,s^-1,69.96716723631297,72.76716723631297,6,4.1527595661598497e-13,0.047423039349742256,3.8563092436519444,0.07795712934103038,PASS_NONNEGATIVE_ONE_PARAMETER,AQ_MEASURED_TOTAL_ONLY_NO_6H_NO_48H
H-P2_PBTE_303K_ANGULAR_MEAN,H-P2,PROVISIONAL_HOST_ENVELOPE,angular_mean,1478.5134464914709,1969.7777045797184,3131.5709393794345,lower_1sigma__all_small_at_reported_max,SOURCE_LITERAL_BOUND,2.1e+21,all_small_at_reported_max,B2_omega2,2.770781976197777e-15,s,79.27856433449529,82.07856433449528,6,5.035045863322606e-15,0.050480090807114165,4.142608635104854,0.08430237407540031,PASS_NONNEGATIVE_ONE_PARAMETER,AQ_MEASURED_TOTAL_ONLY_NO_6H_NO_48H
H-P2_PBTE_303K_ANGULAR_MEAN,H-P2,PROVISIONAL_HOST_ENVELOPE,angular_mean,1478.5134464914709,1969.7777045797184,3131.5709393794345,lower_1sigma__all_small_at_reported_max,SOURCE_LITERAL_BOUND,2.1e+21,all_small_at_reported_max,B4_omega4,6.30115857092216e-41,s^3,67.3063268381508,70.10632683815079,6,1.4569146622366906e-12,0.04651255366424351,3.9137133331978657,0.07693916357679143,PASS_NONNEGATIVE_ONE_PARAMETER,AQ_MEASURED_TOTAL_ONLY_NO_6H_NO_48H
H-P2_PBTE_303K_ANGULAR_MEAN,H-P2,PROVISIONAL_HOST_ENVELOPE,angular_mean,1478.5134464914709,1969.7777045797184,3131.5709393794345,lower_1sigma__all_small_at_reported_max,SOURCE_LITERAL_BOUND,2.1e+21,all_small_at_reported_max,BU_host_scale,3.198054326544338,dimensionless,378.6952686872379,381.4952686872379,6,1.0603376958326182e-78,0.11032836408689195,9.688153091193822,0.20562196024709511,PASS_NONNEGATIVE_ONE_PARAMETER,AQ_MEASURED_TOTAL_ONLY_NO_6H_NO_48H
H-P2_PBTE_303K_ANGULAR_MEAN,H-P2,PROVISIONAL_HOST_ENVELOPE,angular_mean,1478.5134464914709,1969.7777045797184,3131.5709393794345,lower_1sigma__single_APT_37to6_prolate_AR10,SINGLE_APT_COUNT_FRACTION_DIAGNOSTIC,2.1e+21,single_APT_37to6_prolate_AR10,B0_none,0.0,none,114615.43746435491,114615.43746435491,7,0.0,1.919392516600718,180.55661833656714,2.4885612982780394,PASS_ZERO_BACKGROUND_CONTROL,AQ_MEASURED_TOTAL_ONLY_NO_6H_NO_48H
H-P2_PBTE_303K_ANGULAR_MEAN,H-P2,PROVISIONAL_HOST_ENVELOPE,angular_mean,1478.5134464914709,1969.7777045797184,3131.5709393794345,lower_1sigma__single_APT_37to6_prolate_AR10,SINGLE_APT_COUNT_FRACTION_DIAGNOSTIC,2.1e+21,single_APT_37to6_prolate_AR10,B1_constant,182558048225.93997,s^-1,69.9616528274551,72.7616528274551,6,4.1635877308358237e-13,0.047421170507601945,3.856203350606765,0.07795380340775582,PASS_NONNEGATIVE_ONE_PARAMETER,AQ_MEASURED_TOTAL_ONLY_NO_6H_NO_48H
H-P2_PBTE_303K_ANGULAR_MEAN,H-P2,PROVISIONAL_HOST_ENVELOPE,angular_mean,1478.5134464914709,1969.7777045797184,3131.5709393794345,lower_1sigma__single_APT_37to6_prolate_AR10,SINGLE_APT_COUNT_FRACTION_DIAGNOSTIC,2.1e+21,single_APT_37to6_prolate_AR10,B2_omega2,2.7639465937031143e-15,s,79.30152367342423,82.10152367342423,6,4.980386499704846e-15,0.05048739988002728,4.143285645900468,0.08432754185877389,PASS_NONNEGATIVE_ONE_PARAMETER,AQ_MEASURED_TOTAL_ONLY_NO_6H_NO_48H
H-P2_PBTE_303K_ANGULAR_MEAN,H-P2,PROVISIONAL_HOST_ENVELOPE,angular_mean,1478.5134464914709,1969.7777045797184,3131.5709393794345,lower_1sigma__single_APT_37to6_prolate_AR10,SINGLE_APT_COUNT_FRACTION_DIAGNOSTIC,2.1e+21,single_APT_37to6_prolate_AR10,B4_omega4,6.254507519381948e-41,s^3,67.17139128857448,69.97139128857448,6,1.5525430981939813e-12,0.046465906149300566,3.908510096467109,0.07651202459716389,PASS_NONNEGATIVE_ONE_PARAMETER,AQ_MEASURED_TOTAL_ONLY_NO_6H_NO_48H
H-P2_PBTE_303K_ANGULAR_MEAN,H-P2,PROVISIONAL_HOST_ENVELOPE,angular_mean,1478.5134464914709,1969.7777045797184,3131.5709393794345,lower_1sigma__single_APT_37to6_prolate_AR10,SINGLE_APT_COUNT_FRACTION_DIAGNOSTIC,2.1e+21,single_APT_37to6_prolate_AR10,BU_host_scale,3.1899727876529402,dimensionless,375.8055120301791,378.6055120301791,6,4.429234674749403e-78,0.10990660984073854,9.655857720592508,0.20494824626634622,PASS_NONNEGATIVE_ONE_PARAMETER,AQ_MEASURED_TOTAL_ONLY_NO_6H_NO_48H
H-P2_PBTE_303K_ANGULAR_MEAN,H-P2,PROVISIONAL_HOST_ENVELOPE,angular_mean,1478.5134464914709,1969.7777045797184,3131.5709393794345,lower_1sigma__single_APT_37to6_prolate_AR5,SINGLE_APT_COUNT_FRACTION_DIAGNOSTIC,2.1e+21,single_APT_37to6_prolate_AR5,B0_none,0.0,none,106111.0626587373,106111.0626587373,7,0.0,1.846811503190446,174.05168813817525,2.3776286974374594,PASS_ZERO_BACKGROUND_CONTROL,AQ_MEASURED_TOTAL_ONLY_NO_6H_NO_48H
H-P2_PBTE_303K_ANGULAR_MEAN,H-P2,PROVISIONAL_HOST_ENVELOPE,angular_mean,1478.5134464914709,1969.7777045797184,3131.5709393794345,lower_1sigma__single_APT_37to6_prolate_AR5,SINGLE_APT_COUNT_FRACTION_DIAGNOSTIC,2.1e+21,single_APT_37to6_prolate_AR5,B1_constant,181710804214.2817,s^-1,69.94795805962224,72.74795805962223,6,4.1906010255655016e-13,0.047416529009882205,3.8560220713973195,0.07794438945261506,PASS_NONNEGATIVE_ONE_PARAMETER,AQ_MEASURED_TOTAL_ONLY_NO_6H_NO_48H
H-P2_PBTE_303K_ANGULAR_MEAN,H-P2,PROVISIONAL_HOST_ENVELOPE,angular_mean,1478.5134464914709,1969.7777045797184,3131.5709393794345,lower_1sigma__single_APT_37to6_prolate_AR5,SINGLE_APT_COUNT_FRACTION_DIAGNOSTIC,2.1e+21,single_APT_37to6_prolate_AR5,B2_omega2,2.7392506484839355e-15,s,79.37415943237275,82.17415943237275,6,4.811334873426024e-15,0.0505105164046966,4.145418098838605,0.08440615346948332,PASS_NONNEGATIVE_ONE_PARAMETER,AQ_MEASURED_TOTAL_ONLY_NO_6H_NO_48H
H-P2_PBTE_303K_ANGULAR_MEAN,H-P2,PROVISIONAL_HOST_ENVELOPE,angular_mean,1478.5134464914709,1969.7777045797184,3131.5709393794345,lower_1sigma__single_APT_37to6_prolate_AR5,SINGLE_APT_COUNT_FRACTION_DIAGNOSTIC,2.1e+21,single_APT_37to6_prolate_AR5,B4_omega4,5.969781222991132e-41,s^3,66.3608389425358,69.1608389425358,6,2.274171799161946e-12,0.046184704892529946,3.870277339589224,0.0734835935985948,PASS_NONNEGATIVE_ONE_PARAMETER,AQ_MEASURED_TOTAL_ONLY_NO_6H_NO_48H
H-P2_PBTE_303K_ANGULAR_MEAN,H-P2,PROVISIONAL_HOST_ENVELOPE,angular_mean,1478.5134464914709,1969.7777045797184,3131.5709393794345,lower_1sigma__single_APT_37to6_prolate_AR5,SINGLE_APT_COUNT_FRACTION_DIAGNOSTIC,2.1e+21,single_APT_37to6_prolate_AR5,BU_host_scale,3.160499295850368,dimensionless,365.43229947644136,368.23229947644137,6,7.493107369252113e-76,0.10837914097028561,9.53816691896876,0.2025041809461171,PASS_NONNEGATIVE_ONE_PARAMETER,AQ_MEASURED_TOTAL_ONLY_NO_6H_NO_48H
H-P2_PBTE_303K_ANGULAR_MEAN,H-P2,PROVISIONAL_HOST_ENVELOPE,angular_mean,1478.5134464914709,1969.7777045797184,3131.5709393794345,lower_1sigma__single_APT_37to6_prolate_AR2,SINGLE_APT_COUNT_FRACTION_DIAGNOSTIC,2.1e+21,single_APT_37to6_prolate_AR2,B0_none,0.0,none,74488.97713175179,74488.97713175179,7,0.0,1.5473488781342914,146.57881687125865,1.948551523674804,PASS_ZERO_BACKGROUND_CONTROL,AQ_MEASURED_TOTAL_ONLY_NO_6H_NO_48H
H-P2_PBTE_303K_ANGULAR_MEAN,H-P2,PROVISIONAL_HOST_ENVELOPE,angular_mean,1478.5134464914709,1969.7777045797184,3131.5709393794345,lower_1sigma__single_APT_37to6_prolate_AR2,SINGLE_APT_COUNT_FRACTION_DIAGNOSTIC,2.1e+21,single_APT_37to6_prolate_AR2,B1_constant,178374649504.29587,s^-1,69.89463799842578,72.69463799842578,6,4.2974533762485656e-13,0.04739845318399235,3.855352077248613,0.0779068029059724,PASS_NONNEGATIVE_ONE_PARAMETER,AQ_MEASURED_TOTAL_ONLY_NO_6H_NO_48H
H-P2_PBTE_303K_ANGULAR_MEAN,H-P2,PROVISIONAL_HOST_ENVELOPE,angular_mean,1478.5134464914709,1969.7777045797184,3131.5709393794345,lower_1sigma__single_APT_37to6_prolate_AR2,SINGLE_APT_COUNT_FRACTION_DIAGNOSTIC,2.1e+21,single_APT_37to6_prolate_AR2,B2_omega2,2.580084793156478e-15,s,79.43583736640291,82.2358373664029,6,4.672293293033944e-15,0.0505301372696683,4.147194299917695,0.08445350928469209,PASS_NONNEGATIVE_ONE_PARAMETER,AQ_MEASURED_TOTAL_ONLY_NO_6H_NO_48H
H-P2_PBTE_303K_ANGULAR_MEAN,H-P2,PROVISIONAL_HOST_ENVELOPE,angular_mean,1478.5134464914709,1969.7777045797184,3131.5709393794345,lower_1sigma__single_APT_37to6_prolate_AR2,SINGLE_APT_COUNT_FRACTION_DIAGNOSTIC,2.1e+21,single_APT_37to6_prolate_AR2,B4_omega4,4.234310448934048e-41,s^3,66.76289110614395,69.56289110614395,6,1.8819492582705884e-12,0.046324400387580976,3.769278859068872,0.07628327176361793,PASS_NONNEGATIVE_ONE_PARAMETER,AQ_MEASURED_TOTAL_ONLY_NO_6H_NO_48H
H-P2_PBTE_303K_ANGULAR_MEAN,H-P2,PROVISIONAL_HOST_ENVELOPE,angular_mean,1478.5134464914709,1969.7777045797184,3131.5709393794345,lower_1sigma__single_APT_37to6_prolate_AR2,SINGLE_APT_COUNT_FRACTION_DIAGNOSTIC,2.1e+21,single_APT_37to6_prolate_AR2,BU_host_scale,2.987327469009841,dimensionless,314.40151744633147,317.2015174463315,6,6.69857487643523e-65,0.10052742442127391,8.911461409443781,0.18984018664059477,PASS_NONNEGATIVE_ONE_PARAMETER,AQ_MEASURED_TOTAL_ONLY_NO_6H_NO_48H
H-P2_PBTE_303K_ANGULAR_MEAN,H-P2,PROVISIONAL_HOST_ENVELOPE,angular_mean,1478.5134464914709,1969.7777045797184,3131.5709393794345,lower_1sigma__single_APT_37to6_large_Lover2_sphere_bound,SINGLE_APT_COUNT_FRACTION_DIAGNOSTIC,2.1e+21,single_APT_37to6_large_Lover2_sphere_bound,B0_none,0.0,none,45523.43639916847,45523.43639916847,7,0.0,1.2096500786716853,114.92270506238687,1.4940971354601755,PASS_ZERO_BACKGROUND_CONTROL,AQ_MEASURED_TOTAL_ONLY_NO_6H_NO_48H
H-P2_PBTE_303K_ANGULAR_MEAN,H-P2,PROVISIONAL_HOST_ENVELOPE,angular_mean,1478.5134464914709,1969.7777045797184,3131.5709393794345,lower_1sigma__single_APT_37to6_large_Lover2_sphere_bound,SINGLE_APT_COUNT_FRACTION_DIAGNOSTIC,2.1e+21,single_APT_37to6_large_Lover2_sphere_bound,B1_constant,171221268196.82162,s^-1,69.78227406014905,72.58227406014905,6,4.531616690748914e-13,0.047360338535731315,3.8539092455490023,0.0778261108840248,PASS_NONNEGATIVE_ONE_PARAMETER,AQ_MEASURED_TOTAL_ONLY_NO_6H_NO_48H
H-P2_PBTE_303K_ANGULAR_MEAN,H-P2,PROVISIONAL_HOST_ENVELOPE,angular_mean,1478.5134464914709,1969.7777045797184,3131.5709393794345,lower_1sigma__single_APT_37to6_large_Lover2_sphere_bound,SINGLE_APT_COUNT_FRACTION_DIAGNOSTIC,2.1e+21,single_APT_37to6_large_Lover2_sphere_bound,B2_omega2,2.2457235557201482e-15,s,77.48167914870368,80.28167914870367,6,1.1824590987068922e-14,0.049904734685853956,4.086124898734522,0.0820542401455795,PASS_NONNEGATIVE_ONE_PARAMETER,AQ_MEASURED_TOTAL_ONLY_NO_6H_NO_48H
H-P2_PBTE_303K_ANGULAR_MEAN,H-P2,PROVISIONAL_HOST_ENVELOPE,angular_mean,1478.5134464914709,1969.7777045797184,3131.5709393794345,lower_1sigma__single_APT_37to6_large_Lover2_sphere_bound,SINGLE_APT_COUNT_FRACTION_DIAGNOSTIC,2.1e+21,single_APT_37to6_large_Lover2_sphere_bound,B4_omega4,2.7083418197137857e-41,s^3,68.609370511733,71.409370511733,6,7.882200466826689e-13,0.04696063452531268,3.778400492848958,0.07763152910684834,PASS_NONNEGATIVE_ONE_PARAMETER,AQ_MEASURED_TOTAL_ONLY_NO_6H_NO_48H
H-P2_PBTE_303K_ANGULAR_MEAN,H-P2,PROVISIONAL_HOST_ENVELOPE,angular_mean,1478.5134464914709,1969.7777045797184,3131.5709393794345,lower_1sigma__single_APT_37to6_large_Lover2_sphere_bound,SINGLE_APT_COUNT_FRACTION_DIAGNOSTIC,2.1e+21,single_APT_37to6_large_Lover2_sphere_bound,BU_host_scale,2.6853042296887497,dimensionless,257.2397295719029,260.0397295719029,6,1.1626297745403918e-52,0.09093085218503608,8.103376833336442,0.17403635783819815,PASS_NONNEGATIVE_ONE_PARAMETER,AQ_MEASURED_TOTAL_ONLY_NO_6H_NO_48H
H-P2_PBTE_303K_ANGULAR_MEAN,H-P2,PROVISIONAL_HOST_ENVELOPE,angular_mean,1478.5134464914709,1969.7777045797184,3131.5709393794345,central__zero_particle_scattering_limit,SOURCE_LITERAL_BOUND,3.61e+21,zero_particle_scattering_limit,B0_none,0.0,none,118311.17486694077,118311.17486694077,7,0.0,1.9500920983768093,183.30033036716026,2.5357647597362387,PASS_ZERO_BACKGROUND_CONTROL,AQ_MEASURED_TOTAL_ONLY_NO_6H_NO_48H
H-P2_PBTE_303K_ANGULAR_MEAN,H-P2,PROVISIONAL_HOST_ENVELOPE,angular_mean,1478.5134464914709,1969.7777045797184,3131.5709393794345,central__zero_particle_scattering_limit,SOURCE_LITERAL_BOUND,3.61e+21,zero_particle_scattering_limit,B1_constant,183488809471.1184,s^-1,69.96037376755295,72.76037376755295,6,4.166103333688527e-13,0.047420737021595785,3.8563403922810067,0.07795090609718969,PASS_NONNEGATIVE_ONE_PARAMETER,AQ_MEASURED_TOTAL_ONLY_NO_6H_NO_48H
H-P2_PBTE_303K_ANGULAR_MEAN,H-P2,PROVISIONAL_HOST_ENVELOPE,angular_mean,1478.5134464914709,1969.7777045797184,3131.5709393794345,central__zero_particle_scattering_limit,SOURCE_LITERAL_BOUND,3.61e+21,zero_particle_scattering_limit,B2_omega2,2.7744788481367104e-15,s,79.26169668857044,82.06169668857044,6,5.075584082663746e-15,0.050474720341584775,4.142106128593891,0.08428335869378079,PASS_NONNEGATIVE_ONE_PARAMETER,AQ_MEASURED_TOTAL_ONLY_NO_6H_NO_48H
H-P2_PBTE_303K_ANGULAR_MEAN,H-P2,PROVISIONAL_HOST_ENVELOPE,angular_mean,1478.5134464914709,1969.7777045797184,3131.5709393794345,central__zero_particle_scattering_limit,SOURCE_LITERAL_BOUND,3.61e+21,zero_particle_scattering_limit,B4_omega4,6.311095260251676e-41,s^3,67.3292931801196,70.1292931801196,6,1.4412342600052085e-12,0.04652048852084563,3.9145699582053335,0.07700840106060136,PASS_NONNEGATIVE_ONE_PARAMETER,AQ_MEASURED_TOTAL_ONLY_NO_6H_NO_48H
H-P2_PBTE_303K_ANGULAR_MEAN,H-P2,PROVISIONAL_HOST_ENVELOPE,angular_mean,1478.5134464914709,1969.7777045797184,3131.5709393794345,central__zero_particle_scattering_limit,SOURCE_LITERAL_BOUND,3.61e+21,zero_particle_scattering_limit,BU_host_scale,3.2019633477493694,dimensionless,380.0582871561357,382.8582871561357,6,5.402225465237119e-79,0.11052673536307243,9.70336255755914,0.20593858615297922,PASS_NONNEGATIVE_ONE_PARAMETER,AQ_MEASURED_TOTAL_ONLY_NO_6H_NO_48H
H-P2_PBTE_303K_ANGULAR_MEAN,H-P2,PROVISIONAL_HOST_ENVELOPE,angular_mean,1478.5134464914709,1969.7777045797184,3131.5709393794345,central__all_small_at_reported_max,SOURCE_LITERAL_BOUND,3.61e+21,all_small_at_reported_max,B0_none,0.0,none,116314.18770346901,116314.18770346901,7,0.0,1.9335641491918687,181.8179084933878,2.510623701213004,PASS_ZERO_BACKGROUND_CONTROL,AQ_MEASURED_TOTAL_ONLY_NO_6H_NO_48H
H-P2_PBTE_303K_ANGULAR_MEAN,H-P2,PROVISIONAL_HOST_ENVELOPE,angular_mean,1478.5134464914709,1969.7777045797184,3131.5709393794345,central__all_small_at_reported_max,SOURCE_LITERAL_BOUND,3.61e+21,all_small_at_reported_max,B1_constant,182629728149.40775,s^-1,69.97207890504579,72.77207890504579,6,4.1431386229564604e-13,0.047424703860262686,3.856285609961213,0.07796172694318515,PASS_NONNEGATIVE_ONE_PARAMETER,AQ_MEASURED_TOTAL_ONLY_NO_6H_NO_48H
H-P2_PBTE_303K_ANGULAR_MEAN,H-P2,PROVISIONAL_HOST_ENVELOPE,angular_mean,1478.5134464914709,1969.7777045797184,3131.5709393794345,central__all_small_at_reported_max,SOURCE_LITERAL_BOUND,3.61e+21,all_small_at_reported_max,B2_omega2,2.7681248290237188e-15,s,79.2906713839615,82.09067138396149,6,5.006148329030347e-15,0.0504839452009835,4.142969133955273,0.08431601673425915,PASS_NONNEGATIVE_ONE_PARAMETER,AQ_MEASURED_TOTAL_ONLY_NO_6H_NO_48H
H-P2_PBTE_303K_ANGULAR_MEAN,H-P2,PROVISIONAL_HOST_ENVELOPE,angular_mean,1478.5134464914709,1969.7777045797184,3131.5709393794345,central__all_small_at_reported_max,SOURCE_LITERAL_BOUND,3.61e+21,all_small_at_reported_max,B4_omega4,6.294020491203399e-41,s^3,67.2899275407708,70.0899275407708,6,1.4682154742247032e-12,0.046506886888892096,3.9130977764579424,0.07688945296371152,PASS_NONNEGATIVE_ONE_PARAMETER,AQ_MEASURED_TOTAL_ONLY_NO_6H_NO_48H
H-P2_PBTE_303K_ANGULAR_MEAN,H-P2,PROVISIONAL_HOST_ENVELOPE,angular_mean,1478.5134464914709,1969.7777045797184,3131.5709393794345,central__all_small_at_reported_max,SOURCE_LITERAL_BOUND,3.61e+21,all_small_at_reported_max,BU_host_scale,3.195247393835717,dimensionless,377.7187226892478,380.5187226892478,6,1.7189672236270736e-78,0.11018601972838007,9.677228545495284,0.20539468620317092,PASS_NONNEGATIVE_ONE_PARAMETER,AQ_MEASURED_TOTAL_ONLY_NO_6H_NO_48H
H-P2_PBTE_303K_ANGULAR_MEAN,H-P2,PROVISIONAL_HOST_ENVELOPE,angular_mean,1478.5134464914709,1969.7777045797184,3131.5709393794345,central__single_APT_37to6_prolate_AR10,SINGLE_APT_COUNT_FRACTION_DIAGNOSTIC,3.61e+21,single_APT_37to6_prolate_AR10,B0_none,0.0,none,112069.1871776315,112069.1871776315,7,0.0,1.8979525477647552,178.63669509660377,2.4557487913916245,PASS_ZERO_BACKGROUND_CONTROL,AQ_MEASURED_TOTAL_ONLY_NO_6H_NO_48H
H-P2_PBTE_303K_ANGULAR_MEAN,H-P2,PROVISIONAL_HOST_ENVELOPE,angular_mean,1478.5134464914709,1969.7777045797184,3131.5709393794345,central__single_APT_37to6_prolate_AR10,SINGLE_APT_COUNT_FRACTION_DIAGNOSTIC,3.61e+21,single_APT_37to6_prolate_AR10,B1_constant,181889319130.7136,s^-1,69.96258945244963,72.76258945244963,6,4.1617465768031064e-13,0.04742148793652992,3.856103525464654,0.07795600727477292,PASS_NONNEGATIVE_ONE_PARAMETER,AQ_MEASURED_TOTAL_ONLY_NO_6H_NO_48H
H-P2_PBTE_303K_ANGULAR_MEAN,H-P2,PROVISIONAL_HOST_ENVELOPE,angular_mean,1478.5134464914709,1969.7777045797184,3131.5709393794345,central__single_APT_37to6_prolate_AR10,SINGLE_APT_COUNT_FRACTION_DIAGNOSTIC,3.61e+21,single_APT_37to6_prolate_AR10,B2_omega2,2.7563826401328986e-15,s,79.32989314067824,82.12989314067823,6,4.9136650235299854e-15,0.0504964297983426,4.1441249111138045,0.0843589849335078,PASS_NONNEGATIVE_ONE_PARAMETER,AQ_MEASURED_TOTAL_ONLY_NO_6H_NO_48H
H-P2_PBTE_303K_ANGULAR_MEAN,H-P2,PROVISIONAL_HOST_ENVELOPE,angular_mean,1478.5134464914709,1969.7777045797184,3131.5709393794345,central__single_APT_37to6_prolate_AR10,SINGLE_APT_COUNT_FRACTION_DIAGNOSTIC,3.61e+21,single_APT_37to6_prolate_AR10,B4_omega4,6.214141034496194e-41,s^3,67.06353292507038,69.86353292507037,6,1.6334675243148332e-12,0.04642858557296176,3.904166528789349,0.07615814110983288,PASS_NONNEGATIVE_ONE_PARAMETER,AQ_MEASURED_TOTAL_ONLY_NO_6H_NO_48H
H-P2_PBTE_303K_ANGULAR_MEAN,H-P2,PROVISIONAL_HOST_ENVELOPE,angular_mean,1478.5134464914709,1969.7777045797184,3131.5709393794345,central__single_APT_37to6_prolate_AR10,SINGLE_APT_COUNT_FRACTION_DIAGNOSTIC,3.61e+21,single_APT_37to6_prolate_AR10,BU_host_scale,3.181386741968147,dimensionless,372.78141341025986,375.58141341025987,6,1.9770746601764446e-77,0.10946350860792993,9.621806908826361,0.20423987953048917,PASS_NONNEGATIVE_ONE_PARAMETER,AQ_MEASURED_TOTAL_ONLY_NO_6H_NO_48H
H-P2_PBTE_303K_ANGULAR_MEAN,H-P2,PROVISIONAL_HOST_ENVELOPE,angular_mean,1478.5134464914709,1969.7777045797184,3131.5709393794345,central__single_APT_37to6_prolate_AR5,SINGLE_APT_COUNT_FRACTION_DIAGNOSTIC,3.61e+21,single_APT_37to6_prolate_AR5,B0_none,0.0,none,98725.01110108334,98725.01110108334,7,0.0,1.7813769753337183,168.14714962522342,2.2793646783800097,PASS_ZERO_BACKGROUND_CONTROL,AQ_MEASURED_TOTAL_ONLY_NO_6H_NO_48H
H-P2_PBTE_303K_ANGULAR_MEAN,H-P2,PROVISIONAL_HOST_ENVELOPE,angular_mean,1478.5134464914709,1969.7777045797184,3131.5709393794345,central__single_APT_37to6_prolate_AR5,SINGLE_APT_COUNT_FRACTION_DIAGNOSTIC,3.61e+21,single_APT_37to6_prolate_AR5,B1_constant,180433418404.4711,s^-1,69.93900083833142,72.73900083833142,6,4.2083639523022157e-13,0.047413492938831805,3.8557915572217105,0.07793978649,PASS_NONNEGATIVE_ONE_PARAMETER,AQ_MEASURED_TOTAL_ONLY_NO_6H_NO_48H
H-P2_PBTE_303K_ANGULAR_MEAN,H-P2,PROVISIONAL_HOST_ENVELOPE,angular_mean,1478.5134464914709,1969.7777045797184,3131.5709393794345,central__single_APT_37to6_prolate_AR5,SINGLE_APT_COUNT_FRACTION_DIAGNOSTIC,3.61e+21,single_APT_37to6_prolate_AR5,B2_omega2,2.714200149557079e-15,s,79.44754620534732,82.24754620534732,6,4.646354653793282e-15,0.050533861202455344,4.1475738933710335,0.08448596309467216,PASS_NONNEGATIVE_ONE_PARAMETER,AQ_MEASURED_TOTAL_ONLY_NO_6H_NO_48H
H-P2_PBTE_303K_ANGULAR_MEAN,H-P2,PROVISIONAL_HOST_ENVELOPE,angular_mean,1478.5134464914709,1969.7777045797184,3131.5709393794345,central__single_APT_37to6_prolate_AR5,SINGLE_APT_COUNT_FRACTION_DIAGNOSTIC,3.61e+21,single_APT_37to6_prolate_AR5,B4_omega4,5.743490482978755e-41,s^3,65.93624053356582,68.73624053356582,6,2.7772600849077212e-12,0.04603671534772515,3.8402780593747465,0.07221928145908896,PASS_NONNEGATIVE_ONE_PARAMETER,AQ_MEASURED_TOTAL_ONLY_NO_6H_NO_48H
H-P2_PBTE_303K_ANGULAR_MEAN,H-P2,PROVISIONAL_HOST_ENVELOPE,angular_mean,1478.5134464914709,1969.7777045797184,3131.5709393794345,central__single_APT_37to6_prolate_AR5,SINGLE_APT_COUNT_FRACTION_DIAGNOSTIC,3.61e+21,single_APT_37to6_prolate_AR5,BU_host_scale,3.131470545368326,dimensionless,355.51576508380583,358.31576508380584,6,1.009825877729555e-73,0.10689851471897227,9.422948461195165,0.20012811431521005,PASS_NONNEGATIVE_ONE_PARAMETER,AQ_MEASURED_TOTAL_ONLY_NO_6H_NO_48H
H-P2_PBTE_303K_ANGULAR_MEAN,H-P2,PROVISIONAL_HOST_ENVELOPE,angular_mean,1478.5134464914709,1969.7777045797184,3131.5709393794345,central__single_APT_37to6_prolate_AR2,SINGLE_APT_COUNT_FRACTION_DIAGNOSTIC,3.61e+21,single_APT_37to6_prolate_AR2,B0_none,0.0,none,59554.57082621338,59554.57082621338,7,0.0,1.3835657058019124,131.3695986880697,1.7215970891188466,PASS_ZERO_BACKGROUND_CONTROL,AQ_MEASURED_TOTAL_ONLY_NO_6H_NO_48H
H-P2_PBTE_303K_ANGULAR_MEAN,H-P2,PROVISIONAL_HOST_ENVELOPE,angular_mean,1478.5134464914709,1969.7777045797184,3131.5709393794345,central__single_APT_37to6_prolate_AR2,SINGLE_APT_COUNT_FRACTION_DIAGNOSTIC,3.61e+21,single_APT_37to6_prolate_AR2,B1_constant,174703728833.16763,s^-1,69.84734669946668,72.64734669946668,6,4.394497858585797e-13,0.047382415374995095,3.8546346885017466,0.07787487337386656,PASS_NONNEGATIVE_ONE_PARAMETER,AQ_MEASURED_TOTAL_ONLY_NO_6H_NO_48H
H-P2_PBTE_303K_ANGULAR_MEAN,H-P2,PROVISIONAL_HOST_ENVELOPE,angular_mean,1478.5134464914709,1969.7777045797184,3131.5709393794345,central__single_APT_37to6_prolate_AR2,SINGLE_APT_COUNT_FRACTION_DIAGNOSTIC,3.61e+21,single_APT_37to6_prolate_AR2,B2_omega2,2.4598524414881252e-15,s,79.24343827059448,82.04343827059448,6,5.1198322038244906e-15,0.05046890642604153,4.141459016445762,0.08421744791871522,PASS_NONNEGATIVE_ONE_PARAMETER,AQ_MEASURED_TOTAL_ONLY_NO_6H_NO_48H
H-P2_PBTE_303K_ANGULAR_MEAN,H-P2,PROVISIONAL_HOST_ENVELOPE,angular_mean,1478.5134464914709,1969.7777045797184,3131.5709393794345,central__single_APT_37to6_prolate_AR2,SINGLE_APT_COUNT_FRACTION_DIAGNOSTIC,3.61e+21,single_APT_37to6_prolate_AR2,B4_omega4,3.545051068632793e-41,s^3,68.40723621521747,71.20723621521746,6,8.670662795519073e-13,0.04689140668825599,3.781553571863437,0.07746587797745796,PASS_NONNEGATIVE_ONE_PARAMETER,AQ_MEASURED_TOTAL_ONLY_NO_6H_NO_48H
H-P2_PBTE_303K_ANGULAR_MEAN,H-P2,PROVISIONAL_HOST_ENVELOPE,angular_mean,1478.5134464914709,1969.7777045797184,3131.5709393794345,central__single_APT_37to6_prolate_AR2,SINGLE_APT_COUNT_FRACTION_DIAGNOSTIC,3.61e+21,single_APT_37to6_prolate_AR2,BU_host_scale,2.866895825178576,dimensionless,284.5323510840427,287.3323510840427,6,1.682145270382763e-58,0.09563306286748145,8.505943328394986,0.18182605662491735,PASS_NONNEGATIVE_ONE_PARAMETER,AQ_MEASURED_TOTAL_ONLY_NO_6H_NO_48H
H-P2_PBTE_303K_ANGULAR_MEAN,H-P2,PROVISIONAL_HOST_ENVELOPE,angular_mean,1478.5134464914709,1969.7777045797184,3131.5709393794345,central__single_APT_37to6_large_Lover2_sphere_bound,SINGLE_APT_COUNT_FRACTION_DIAGNOSTIC,3.61e+21,single_APT_37to6_large_Lover2_sphere_bound,B0_none,0.0,none,31152.608399999357,31152.608399999357,7,0.0,1.0006666984708499,95.29153573824442,1.2140766272266688,PASS_ZERO_BACKGROUND_CONTROL,AQ_MEASURED_TOTAL_ONLY_NO_6H_NO_48H
H-P2_PBTE_303K_ANGULAR_MEAN,H-P2,PROVISIONAL_HOST_ENVELOPE,angular_mean,1478.5134464914709,1969.7777045797184,3131.5709393794345,central__single_APT_37to6_large_Lover2_sphere_bound,SINGLE_APT_COUNT_FRACTION_DIAGNOSTIC,3.61e+21,single_APT_37to6_large_Lover2_sphere_bound,B1_constant,162436377999.80963,s^-1,69.65541344139228,72.45541344139228,6,4.811332621340469e-13,0.047317269611351444,3.8521264931591186,0.07773437439010511,PASS_NONNEGATIVE_ONE_PARAMETER,AQ_MEASURED_TOTAL_ONLY_NO_6H_NO_48H
H-P2_PBTE_303K_ANGULAR_MEAN,H-P2,PROVISIONAL_HOST_ENVELOPE,angular_mean,1478.5134464914709,1969.7777045797184,3131.5709393794345,central__single_APT_37to6_large_Lover2_sphere_bound,SINGLE_APT_COUNT_FRACTION_DIAGNOSTIC,3.61e+21,single_APT_37to6_large_Lover2_sphere_bound,B2_omega2,2.0124398674935874e-15,s,76.03740716951576,78.83740716951576,6,2.3468626028465646e-14,0.04943743031512668,4.036354278056079,0.08077291410335219,PASS_NONNEGATIVE_ONE_PARAMETER,AQ_MEASURED_TOTAL_ONLY_NO_6H_NO_48H
H-P2_PBTE_303K_ANGULAR_MEAN,H-P2,PROVISIONAL_HOST_ENVELOPE,angular_mean,1478.5134464914709,1969.7777045797184,3131.5709393794345,central__single_APT_37to6_large_Lover2_sphere_bound,SINGLE_APT_COUNT_FRACTION_DIAGNOSTIC,3.61e+21,single_APT_37to6_large_Lover2_sphere_bound,B4_omega4,2.1133914254733336e-41,s^3,69.42859118942188,72.22859118942188,6,5.355099138400488e-13,0.04724016604788151,3.7878712203052536,0.07805977389175389,PASS_NONNEGATIVE_ONE_PARAMETER,AQ_MEASURED_TOTAL_ONLY_NO_6H_NO_48H
H-P2_PBTE_303K_ANGULAR_MEAN,H-P2,PROVISIONAL_HOST_ENVELOPE,angular_mean,1478.5134464914709,1969.7777045797184,3131.5709393794345,central__single_APT_37to6_large_Lover2_sphere_bound,SINGLE_APT_COUNT_FRACTION_DIAGNOSTIC,3.61e+21,single_APT_37to6_large_Lover2_sphere_bound,BU_host_scale,2.478692849377518,dimensionless,220.12227945916163,222.92227945916164,6,9.799046257799658e-45,0.08411515310938875,7.503604520720507,0.1624659355912318,PASS_NONNEGATIVE_ONE_PARAMETER,AQ_MEASURED_TOTAL_ONLY_NO_6H_NO_48H
H-P2_PBTE_303K_ANGULAR_MEAN,H-P2,PROVISIONAL_HOST_ENVELOPE,angular_mean,1478.5134464914709,1969.7777045797184,3131.5709393794345,upper_1sigma__zero_particle_scattering_limit,SOURCE_LITERAL_BOUND,5.12e+21,zero_particle_scattering_limit,B0_none,0.0,none,118311.17486694077,118311.17486694077,7,0.0,1.9500920983768093,183.30033036716026,2.5357647597362387,PASS_ZERO_BACKGROUND_CONTROL,AQ_MEASURED_TOTAL_ONLY_NO_6H_NO_48H
H-P2_PBTE_303K_ANGULAR_MEAN,H-P2,PROVISIONAL_HOST_ENVELOPE,angular_mean,1478.5134464914709,1969.7777045797184,3131.5709393794345,upper_1sigma__zero_particle_scattering_limit,SOURCE_LITERAL_BOUND,5.12e+21,zero_particle_scattering_limit,B1_constant,183488809471.1184,s^-1,69.96037376755295,72.76037376755295,6,4.166103333688527e-13,0.047420737021595785,3.8563403922810067,0.07795090609718969,PASS_NONNEGATIVE_ONE_PARAMETER,AQ_MEASURED_TOTAL_ONLY_NO_6H_NO_48H
H-P2_PBTE_303K_ANGULAR_MEAN,H-P2,PROVISIONAL_HOST_ENVELOPE,angular_mean,1478.5134464914709,1969.7777045797184,3131.5709393794345,upper_1sigma__zero_particle_scattering_limit,SOURCE_LITERAL_BOUND,5.12e+21,zero_particle_scattering_limit,B2_omega2,2.7744788481367104e-15,s,79.26169668857044,82.06169668857044,6,5.075584082663746e-15,0.050474720341584775,4.142106128593891,0.08428335869378079,PASS_NONNEGATIVE_ONE_PARAMETER,AQ_MEASURED_TOTAL_ONLY_NO_6H_NO_48H
H-P2_PBTE_303K_ANGULAR_MEAN,H-P2,PROVISIONAL_HOST_ENVELOPE,angular_mean,1478.5134464914709,1969.7777045797184,3131.5709393794345,upper_1sigma__zero_particle_scattering_limit,SOURCE_LITERAL_BOUND,5.12e+21,zero_particle_scattering_limit,B4_omega4,6.311095260251676e-41,s^3,67.3292931801196,70.1292931801196,6,1.4412342600052085e-12,0.04652048852084563,3.9145699582053335,0.07700840106060136,PASS_NONNEGATIVE_ONE_PARAMETER,AQ_MEASURED_TOTAL_ONLY_NO_6H_NO_48H
H-P2_PBTE_303K_ANGULAR_MEAN,H-P2,PROVISIONAL_HOST_ENVELOPE,angular_mean,1478.5134464914709,1969.7777045797184,3131.5709393794345,upper_1sigma__zero_particle_scattering_limit,SOURCE_LITERAL_BOUND,5.12e+21,zero_particle_scattering_limit,BU_host_scale,3.2019633477493694,dimensionless,380.0582871561357,382.8582871561357,6,5.402225465237119e-79,0.11052673536307243,9.70336255755914,0.20593858615297922,PASS_NONNEGATIVE_ONE_PARAMETER,AQ_MEASURED_TOTAL_ONLY_NO_6H_NO_48H
H-P2_PBTE_303K_ANGULAR_MEAN,H-P2,PROVISIONAL_HOST_ENVELOPE,angular_mean,1478.5134464914709,1969.7777045797184,3131.5709393794345,upper_1sigma__all_small_at_reported_max,SOURCE_LITERAL_BOUND,5.12e+21,all_small_at_reported_max,B0_none,0.0,none,115494.28708051004,115494.28708051004,7,0.0,1.9267372344056066,181.20510682169555,2.500258522205746,PASS_ZERO_BACKGROUND_CONTROL,AQ_MEASURED_TOTAL_ONLY_NO_6H_NO_48H
H-P2_PBTE_303K_ANGULAR_MEAN,H-P2,PROVISIONAL_HOST_ENVELOPE,angular_mean,1478.5134464914709,1969.7777045797184,3131.5709393794345,upper_1sigma__all_small_at_reported_max,SOURCE_LITERAL_BOUND,5.12e+21,all_small_at_reported_max,B1_constant,182270808018.71948,s^-1,69.97701309175096,72.77701309175096,6,4.133495975868815e-13,0.0474263759430551,3.856262023670879,0.07796632431184558,PASS_NONNEGATIVE_ONE_PARAMETER,AQ_MEASURED_TOTAL_ONLY_NO_6H_NO_48H
H-P2_PBTE_303K_ANGULAR_MEAN,H-P2,PROVISIONAL_HOST_ENVELOPE,angular_mean,1478.5134464914709,1969.7777045797184,3131.5709393794345,upper_1sigma__all_small_at_reported_max,SOURCE_LITERAL_BOUND,5.12e+21,all_small_at_reported_max,B2_omega2,2.765468585311303e-15,s,79.30276036313325,82.10276036313324,6,4.9774591860006176e-15,0.050487793548405595,4.1433289415022765,0.08432963405969662,PASS_NONNEGATIVE_ONE_PARAMETER,AQ_MEASURED_TOTAL_ONLY_NO_6H_NO_48H
H-P2_PBTE_303K_ANGULAR_MEAN,H-P2,PROVISIONAL_HOST_ENVELOPE,angular_mean,1478.5134464914709,1969.7777045797184,3131.5709393794345,upper_1sigma__all_small_at_reported_max,SOURCE_LITERAL_BOUND,5.12e+21,all_small_at_reported_max,B4_omega4,6.286888153191253e-41,s^3,67.273623744146,70.07362374414599,6,1.4795372036112664e-12,0.04650125242926697,3.912482552839547,0.07683980449619932,PASS_NONNEGATIVE_ONE_PARAMETER,AQ_MEASURED_TOTAL_ONLY_NO_6H_NO_48H
H-P2_PBTE_303K_ANGULAR_MEAN,H-P2,PROVISIONAL_HOST_ENVELOPE,angular_mean,1478.5134464914709,1969.7777045797184,3131.5709393794345,upper_1sigma__all_small_at_reported_max,SOURCE_LITERAL_BOUND,5.12e+21,all_small_at_reported_max,BU_host_scale,3.1924436943983707,dimensionless,376.74511938181683,379.54511938181685,6,2.782614202615668e-78,0.110043921011378,9.66631369333402,0.2051677479638001,PASS_NONNEGATIVE_ONE_PARAMETER,AQ_MEASURED_TOTAL_ONLY_NO_6H_NO_48H
H-P2_PBTE_303K_ANGULAR_MEAN,H-P2,PROVISIONAL_HOST_ENVELOPE,angular_mean,1478.5134464914709,1969.7777045797184,3131.5709393794345,upper_1sigma__single_APT_37to6_prolate_AR10,SINGLE_APT_COUNT_FRACTION_DIAGNOSTIC,5.12e+21,single_APT_37to6_prolate_AR10,B0_none,0.0,none,109610.4681032607,109610.4681032607,7,0.0,1.8770172129218232,176.75901417032642,2.423828779213048,PASS_ZERO_BACKGROUND_CONTROL,AQ_MEASURED_TOTAL_ONLY_NO_6H_NO_48H
H-P2_PBTE_303K_ANGULAR_MEAN,H-P2,PROVISIONAL_HOST_ENVELOPE,angular_mean,1478.5134464914709,1969.7777045797184,3131.5709393794345,upper_1sigma__single_APT_37to6_prolate_AR10,SINGLE_APT_COUNT_FRACTION_DIAGNOSTIC,5.12e+21,single_APT_37to6_prolate_AR10,B1_constant,181221079079.08856,s^-1,69.96354043639917,72.76354043639917,6,4.159878028451047e-13,0.04742181022963681,3.856003696786048,0.07795821015588844,PASS_NONNEGATIVE_ONE_PARAMETER,AQ_MEASURED_TOTAL_ONLY_NO_6H_NO_48H
H-P2_PBTE_303K_ANGULAR_MEAN,H-P2,PROVISIONAL_HOST_ENVELOPE,angular_mean,1478.5134464914709,1969.7777045797184,3131.5709393794345,upper_1sigma__single_APT_37to6_prolate_AR10,SINGLE_APT_COUNT_FRACTION_DIAGNOSTIC,5.12e+21,single_APT_37to6_prolate_AR10,B2_omega2,2.748826401494598e-15,s,79.35803904728968,82.15803904728968,6,4.848351521016461e-15,0.05050538696252422,4.144956803991517,0.08439015609183942,PASS_NONNEGATIVE_ONE_PARAMETER,AQ_MEASURED_TOTAL_ONLY_NO_6H_NO_48H
H-P2_PBTE_303K_ANGULAR_MEAN,H-P2,PROVISIONAL_HOST_ENVELOPE,angular_mean,1478.5134464914709,1969.7777045797184,3131.5709393794345,upper_1sigma__single_APT_37to6_prolate_AR10,SINGLE_APT_COUNT_FRACTION_DIAGNOSTIC,5.12e+21,single_APT_37to6_prolate_AR10,B4_omega4,6.174042651310889e-41,s^3,66.96032490883607,69.76032490883607,6,1.7148413494522089e-12,0.0463928459763358,3.8998348168823616,0.07580677798444058,PASS_NONNEGATIVE_ONE_PARAMETER,AQ_MEASURED_TOTAL_ONLY_NO_6H_NO_48H
H-P2_PBTE_303K_ANGULAR_MEAN,H-P2,PROVISIONAL_HOST_ENVELOPE,angular_mean,1478.5134464914709,1969.7777045797184,3131.5709393794345,upper_1sigma__single_APT_37to6_prolate_AR10,SINGLE_APT_COUNT_FRACTION_DIAGNOSTIC,5.12e+21,single_APT_37to6_prolate_AR10,BU_host_scale,3.172830412085226,dimensionless,369.78532486657855,372.58532486657856,6,8.702499921022242e-77,0.10902273556791468,9.587846239498196,0.20353461942686524,PASS_NONNEGATIVE_ONE_PARAMETER,AQ_MEASURED_TOTAL_ONLY_NO_6H_NO_48H
H-P2_PBTE_303K_ANGULAR_MEAN,H-P2,PROVISIONAL_HOST_ENVELOPE,angular_mean,1478.5134464914709,1969.7777045797184,3131.5709393794345,upper_1sigma__single_APT_37to6_prolate_AR5,SINGLE_APT_COUNT_FRACTION_DIAGNOSTIC,5.12e+21,single_APT_37to6_prolate_AR5,B0_none,0.0,none,92231.42975760304,92231.42975760304,7,0.0,1.721796059578514,162.74333139231516,2.191066340792233,PASS_ZERO_BACKGROUND_CONTROL,AQ_MEASURED_TOTAL_ONLY_NO_6H_NO_48H
H-P2_PBTE_303K_ANGULAR_MEAN,H-P2,PROVISIONAL_HOST_ENVELOPE,angular_mean,1478.5134464914709,1969.7777045797184,3131.5709393794345,upper_1sigma__single_APT_37to6_prolate_AR5,SINGLE_APT_COUNT_FRACTION_DIAGNOSTIC,5.12e+21,single_APT_37to6_prolate_AR5,B1_constant,179156982805.59244,s^-1,69.93001924383684,72.73001924383684,6,4.226250682451217e-13,0.04741044841120887,3.855560664843521,0.07793515993451616,PASS_NONNEGATIVE_ONE_PARAMETER,AQ_MEASURED_TOTAL_ONLY_NO_6H_NO_48H
H-P2_PBTE_303K_ANGULAR_MEAN,H-P2,PROVISIONAL_HOST_ENVELOPE,angular_mean,1478.5134464914709,1969.7777045797184,3131.5709393794345,upper_1sigma__single_APT_37to6_prolate_AR5,SINGLE_APT_COUNT_FRACTION_DIAGNOSTIC,5.12e+21,single_APT_37to6_prolate_AR5,B2_omega2,2.6893788727634982e-15,s,79.51495475006891,82.3149547500689,6,4.499796962313723e-15,0.0505552947894898,4.149550437399335,0.08455901947282962,PASS_NONNEGATIVE_ONE_PARAMETER,AQ_MEASURED_TOTAL_ONLY_NO_6H_NO_48H
H-P2_PBTE_303K_ANGULAR_MEAN,H-P2,PROVISIONAL_HOST_ENVELOPE,angular_mean,1478.5134464914709,1969.7777045797184,3131.5709393794345,upper_1sigma__single_APT_37to6_prolate_AR5,SINGLE_APT_COUNT_FRACTION_DIAGNOSTIC,5.12e+21,single_APT_37to6_prolate_AR5,B4_omega4,5.531683857517389e-41,s^3,65.6904246748779,68.4904246748779,6,3.1178052322313447e-12,0.045950820841179955,3.8118325253454115,0.07286050549206191,PASS_NONNEGATIVE_ONE_PARAMETER,AQ_MEASURED_TOTAL_ONLY_NO_6H_NO_48H
H-P2_PBTE_303K_ANGULAR_MEAN,H-P2,PROVISIONAL_HOST_ENVELOPE,angular_mean,1478.5134464914709,1969.7777045797184,3131.5709393794345,upper_1sigma__single_APT_37to6_prolate_AR5,SINGLE_APT_COUNT_FRACTION_DIAGNOSTIC,5.12e+21,single_APT_37to6_prolate_AR5,BU_host_scale,3.1030626736264746,dimensionless,346.0611631574301,348.8611631574301,6,1.081455631445515e-71,0.10546750461663656,9.310564929957376,0.1978248803956918,PASS_NONNEGATIVE_ONE_PARAMETER,AQ_MEASURED_TOTAL_ONLY_NO_6H_NO_48H
H-P2_PBTE_303K_ANGULAR_MEAN,H-P2,PROVISIONAL_HOST_ENVELOPE,angular_mean,1478.5134464914709,1969.7777045797184,3131.5709393794345,upper_1sigma__single_APT_37to6_prolate_AR2,SINGLE_APT_COUNT_FRACTION_DIAGNOSTIC,5.12e+21,single_APT_37to6_prolate_AR2,B0_none,0.0,none,49363.27582015299,49363.27582015299,7,0.0,1.2596335668719818,119.79607451846483,1.552622547911148,PASS_ZERO_BACKGROUND_CONTROL,AQ_MEASURED_TOTAL_ONLY_NO_6H_NO_48H
H-P2_PBTE_303K_ANGULAR_MEAN,H-P2,PROVISIONAL_HOST_ENVELOPE,angular_mean,1478.5134464914709,1969.7777045797184,3131.5709393794345,upper_1sigma__single_APT_37to6_prolate_AR2,SINGLE_APT_COUNT_FRACTION_DIAGNOSTIC,5.12e+21,single_APT_37to6_prolate_AR2,B1_constant,171038279906.1578,s^-1,69.8000490525169,72.6000490525169,6,4.493743369965584e-13,0.047366369981870805,3.853913425435196,0.07784259744570976,PASS_NONNEGATIVE_ONE_PARAMETER,AQ_MEASURED_TOTAL_ONLY_NO_6H_NO_48H
H-P2_PBTE_303K_ANGULAR_MEAN,H-P2,PROVISIONAL_HOST_ENVELOPE,angular_mean,1478.5134464914709,1969.7777045797184,3131.5709393794345,upper_1sigma__single_APT_37to6_prolate_AR2,SINGLE_APT_COUNT_FRACTION_DIAGNOSTIC,5.12e+21,single_APT_37to6_prolate_AR2,B2_omega2,2.3516682473158216e-15,s,78.92466319798771,81.72466319798771,6,5.9575012654129096e-15,0.050367292702914186,4.131830203434132,0.08383334642282492,PASS_NONNEGATIVE_ONE_PARAMETER,AQ_MEASURED_TOTAL_ONLY_NO_6H_NO_48H
H-P2_PBTE_303K_ANGULAR_MEAN,H-P2,PROVISIONAL_HOST_ENVELOPE,angular_mean,1478.5134464914709,1969.7777045797184,3131.5709393794345,upper_1sigma__single_APT_37to6_prolate_AR2,SINGLE_APT_COUNT_FRACTION_DIAGNOSTIC,5.12e+21,single_APT_37to6_prolate_AR2,B4_omega4,3.0847654060397e-41,s^3,69.54423456774207,72.34423456774206,6,5.070606281882691e-13,0.04727949234943498,3.7873071340470355,0.07807694830350576,PASS_NONNEGATIVE_ONE_PARAMETER,AQ_MEASURED_TOTAL_ONLY_NO_6H_NO_48H
H-P2_PBTE_303K_ANGULAR_MEAN,H-P2,PROVISIONAL_HOST_ENVELOPE,angular_mean,1478.5134464914709,1969.7777045797184,3131.5709393794345,upper_1sigma__single_APT_37to6_prolate_AR2,SINGLE_APT_COUNT_FRACTION_DIAGNOSTIC,5.12e+21,single_APT_37to6_prolate_AR2,BU_host_scale,2.7634068368597733,dimensionless,261.58623362803223,264.38623362803224,6,1.3678912184139493e-53,0.09169585016806317,8.171459197395581,0.17529512055340868,PASS_NONNEGATIVE_ONE_PARAMETER,AQ_MEASURED_TOTAL_ONLY_NO_6H_NO_48H
H-P2_PBTE_303K_ANGULAR_MEAN,H-P2,PROVISIONAL_HOST_ENVELOPE,angular_mean,1478.5134464914709,1969.7777045797184,3131.5709393794345,upper_1sigma__single_APT_37to6_large_Lover2_sphere_bound,SINGLE_APT_COUNT_FRACTION_DIAGNOSTIC,5.12e+21,single_APT_37to6_large_Lover2_sphere_bound,B0_none,0.0,none,22627.878426207426,22627.878426207426,7,0.0,0.85283331530817,81.33969791074537,1.0219920622915186,PASS_ZERO_BACKGROUND_CONTROL,AQ_MEASURED_TOTAL_ONLY_NO_6H_NO_48H
H-P2_PBTE_303K_ANGULAR_MEAN,H-P2,PROVISIONAL_HOST_ENVELOPE,angular_mean,1478.5134464914709,1969.7777045797184,3131.5709393794345,upper_1sigma__single_APT_37to6_large_Lover2_sphere_bound,SINGLE_APT_COUNT_FRACTION_DIAGNOSTIC,5.12e+21,single_APT_37to6_large_Lover2_sphere_bound,B1_constant,153682141801.02228,s^-1,69.52977928181681,72.32977928181681,6,5.105325531561684e-13,0.04727457839716633,3.8503154683759186,0.07764091048842192,PASS_NONNEGATIVE_ONE_PARAMETER,AQ_MEASURED_TOTAL_ONLY_NO_6H_NO_48H
H-P2_PBTE_303K_ANGULAR_MEAN,H-P2,PROVISIONAL_HOST_ENVELOPE,angular_mean,1478.5134464914709,1969.7777045797184,3131.5709393794345,upper_1sigma__single_APT_37to6_large_Lover2_sphere_bound,SINGLE_APT_COUNT_FRACTION_DIAGNOSTIC,5.12e+21,single_APT_37to6_large_Lover2_sphere_bound,B2_omega2,1.8240373784639963e-15,s,74.87068630431537,77.67068630431537,6,4.0809610971621403e-14,0.04905667919934328,3.9925336735518,0.08042972361889933,PASS_NONNEGATIVE_ONE_PARAMETER,AQ_MEASURED_TOTAL_ONLY_NO_6H_NO_48H
H-P2_PBTE_303K_ANGULAR_MEAN,H-P2,PROVISIONAL_HOST_ENVELOPE,angular_mean,1478.5134464914709,1969.7777045797184,3131.5709393794345,upper_1sigma__single_APT_37to6_large_Lover2_sphere_bound,SINGLE_APT_COUNT_FRACTION_DIAGNOSTIC,5.12e+21,single_APT_37to6_large_Lover2_sphere_bound,B4_omega4,1.744643708402716e-41,s^3,69.76899822052714,72.56899822052713,6,4.560111349322649e-13,0.04735583325000899,3.7943003572256906,0.07823371446620087,PASS_NONNEGATIVE_ONE_PARAMETER,AQ_MEASURED_TOTAL_ONLY_NO_6H_NO_48H
H-P2_PBTE_303K_ANGULAR_MEAN,H-P2,PROVISIONAL_HOST_ENVELOPE,angular_mean,1478.5134464914709,1969.7777045797184,3131.5709393794345,upper_1sigma__single_APT_37to6_large_Lover2_sphere_bound,SINGLE_APT_COUNT_FRACTION_DIAGNOSTIC,5.12e+21,single_APT_37to6_large_Lover2_sphere_bound,BU_host_scale,2.315744987065258,dimensionless,192.84532700799505,195.64532700799506,6,6.316915495702795e-39,0.07873118693812227,7.008071425872527,0.15304949571287707,PASS_NONNEGATIVE_ONE_PARAMETER,AQ_MEASURED_TOTAL_ONLY_NO_6H_NO_48H
