background_case_id,background_A2_s,interface_alpha_frozen_from_6h,replicate,age_h,temperature_K,model,predicted_kappa_W_mK,experimental_measured_total_kappa_W_mK,prediction_identity
lower_1sigma__zero_particle_scattering_limit,2.822897247567544e-15,2.7348442909230477,A,6.0,303.15,M0,1.178386625571235,1.2625169478550462,FROZEN_AFTER_AQ_AND_6H_BEFORE_48H_COMPARISON
lower_1sigma__zero_particle_scattering_limit,2.822897247567544e-15,2.7348442909230477,B,6.0,303.15,M0,1.1783840658971834,1.2625169478550462,FROZEN_AFTER_AQ_AND_6H_BEFORE_48H_COMPARISON
lower_1sigma__zero_particle_scattering_limit,2.822897247567544e-15,2.7348442909230477,C,6.0,303.15,M0,1.1783875720541406,1.2625169478550462,FROZEN_AFTER_AQ_AND_6H_BEFORE_48H_COMPARISON
lower_1sigma__zero_particle_scattering_limit,2.822897247567544e-15,2.7348442909230477,A,6.0,303.15,MI,1.119564626381622,1.2625169478550462,FROZEN_AFTER_AQ_AND_6H_BEFORE_48H_COMPARISON
lower_1sigma__zero_particle_scattering_limit,2.822897247567544e-15,2.7348442909230477,B,6.0,303.15,MI,1.1195621528099546,1.2625169478550462,FROZEN_AFTER_AQ_AND_6H_BEFORE_48H_COMPARISON
lower_1sigma__zero_particle_scattering_limit,2.822897247567544e-15,2.7348442909230477,C,6.0,303.15,MI,1.1195655418563104,1.2625169478550462,FROZEN_AFTER_AQ_AND_6H_BEFORE_48H_COMPARISON
lower_1sigma__zero_particle_scattering_limit,2.822897247567544e-15,2.7348442909230477,A,6.0,303.15,MS,1.1780599027804923,1.2625169478550462,FROZEN_AFTER_AQ_AND_6H_BEFORE_48H_COMPARISON
lower_1sigma__zero_particle_scattering_limit,2.822897247567544e-15,2.7348442909230477,B,6.0,303.15,MS,1.178055613051983,1.2625169478550462,FROZEN_AFTER_AQ_AND_6H_BEFORE_48H_COMPARISON
lower_1sigma__zero_particle_scattering_limit,2.822897247567544e-15,2.7348442909230477,C,6.0,303.15,MS,1.1780592337142561,1.2625169478550462,FROZEN_AFTER_AQ_AND_6H_BEFORE_48H_COMPARISON
lower_1sigma__zero_particle_scattering_limit,2.822897247567544e-15,2.7348442909230477,A,6.0,303.15,MIS,1.119377367460957,1.2625169478550462,FROZEN_AFTER_AQ_AND_6H_BEFORE_48H_COMPARISON
lower_1sigma__zero_particle_scattering_limit,2.822897247567544e-15,2.7348442909230477,B,6.0,303.15,MIS,1.119374012675001,1.2625169478550462,FROZEN_AFTER_AQ_AND_6H_BEFORE_48H_COMPARISON
lower_1sigma__zero_particle_scattering_limit,2.822897247567544e-15,2.7348442909230477,C,6.0,303.15,MIS,1.1193773981472588,1.2625169478550462,FROZEN_AFTER_AQ_AND_6H_BEFORE_48H_COMPARISON
lower_1sigma__zero_particle_scattering_limit,2.822897247567544e-15,2.7348442909230477,A,6.0,323.15,M0,1.1460098215649082,1.0882440401175293,FROZEN_AFTER_AQ_AND_6H_BEFORE_48H_COMPARISON
lower_1sigma__zero_particle_scattering_limit,2.822897247567544e-15,2.7348442909230477,B,6.0,323.15,M0,1.1460073976795504,1.0882440401175293,FROZEN_AFTER_AQ_AND_6H_BEFORE_48H_COMPARISON
lower_1sigma__zero_particle_scattering_limit,2.822897247567544e-15,2.7348442909230477,C,6.0,323.15,M0,1.1460107178366192,1.0882440401175293,FROZEN_AFTER_AQ_AND_6H_BEFORE_48H_COMPARISON
lower_1sigma__zero_particle_scattering_limit,2.822897247567544e-15,2.7348442909230477,A,6.0,323.15,MI,1.0902004563401546,1.0882440401175293,FROZEN_AFTER_AQ_AND_6H_BEFORE_48H_COMPARISON
lower_1sigma__zero_particle_scattering_limit,2.822897247567544e-15,2.7348442909230477,B,6.0,323.15,MI,1.0901981113951866,1.0882440401175293,FROZEN_AFTER_AQ_AND_6H_BEFORE_48H_COMPARISON
lower_1sigma__zero_particle_scattering_limit,2.822897247567544e-15,2.7348442909230477,C,6.0,323.15,MI,1.0902013242112696,1.0882440401175293,FROZEN_AFTER_AQ_AND_6H_BEFORE_48H_COMPARISON
lower_1sigma__zero_particle_scattering_limit,2.822897247567544e-15,2.7348442909230477,A,6.0,323.15,MS,1.1457003412120028,1.0882440401175293,FROZEN_AFTER_AQ_AND_6H_BEFORE_48H_COMPARISON
lower_1sigma__zero_particle_scattering_limit,2.822897247567544e-15,2.7348442909230477,B,6.0,323.15,MS,1.1456962743202794,1.0882440401175293,FROZEN_AFTER_AQ_AND_6H_BEFORE_48H_COMPARISON
lower_1sigma__zero_particle_scattering_limit,2.822897247567544e-15,2.7348442909230477,C,6.0,323.15,MS,1.1456997048146784,1.0882440401175293,FROZEN_AFTER_AQ_AND_6H_BEFORE_48H_COMPARISON
lower_1sigma__zero_particle_scattering_limit,2.822897247567544e-15,2.7348442909230477,A,6.0,323.15,MIS,1.0900213257329958,1.0882440401175293,FROZEN_AFTER_AQ_AND_6H_BEFORE_48H_COMPARISON
lower_1sigma__zero_particle_scattering_limit,2.822897247567544e-15,2.7348442909230477,B,6.0,323.15,MIS,1.0900181345899618,1.0882440401175293,FROZEN_AFTER_AQ_AND_6H_BEFORE_48H_COMPARISON
lower_1sigma__zero_particle_scattering_limit,2.822897247567544e-15,2.7348442909230477,C,6.0,323.15,MIS,1.090021345700938,1.0882440401175293,FROZEN_AFTER_AQ_AND_6H_BEFORE_48H_COMPARISON
lower_1sigma__zero_particle_scattering_limit,2.822897247567544e-15,2.7348442909230477,A,6.0,373.15,M0,1.0720662367528015,0.9630520737428236,FROZEN_AFTER_AQ_AND_6H_BEFORE_48H_COMPARISON
lower_1sigma__zero_particle_scattering_limit,2.822897247567544e-15,2.7348442909230477,B,6.0,373.15,M0,1.0720641095966505,0.9630520737428236,FROZEN_AFTER_AQ_AND_6H_BEFORE_48H_COMPARISON
lower_1sigma__zero_particle_scattering_limit,2.822897247567544e-15,2.7348442909230477,C,6.0,373.15,M0,1.0720670233020293,0.9630520737428236,FROZEN_AFTER_AQ_AND_6H_BEFORE_48H_COMPARISON
lower_1sigma__zero_particle_scattering_limit,2.822897247567544e-15,2.7348442909230477,A,6.0,373.15,MI,1.0228350031405196,0.9630520737428236,FROZEN_AFTER_AQ_AND_6H_BEFORE_48H_COMPARISON
lower_1sigma__zero_particle_scattering_limit,2.822897247567544e-15,2.7348442909230477,B,6.0,373.15,MI,1.0228329400862366,0.9630520737428236,FROZEN_AFTER_AQ_AND_6H_BEFORE_48H_COMPARISON
lower_1sigma__zero_particle_scattering_limit,2.822897247567544e-15,2.7348442909230477,C,6.0,373.15,MI,1.022835766686691,0.9630520737428236,FROZEN_AFTER_AQ_AND_6H_BEFORE_48H_COMPARISON
lower_1sigma__zero_particle_scattering_limit,2.822897247567544e-15,2.7348442909230477,A,6.0,373.15,MS,1.071794259143547,0.9630520737428236,FROZEN_AFTER_AQ_AND_6H_BEFORE_48H_COMPARISON
lower_1sigma__zero_particle_scattering_limit,2.822897247567544e-15,2.7348442909230477,B,6.0,373.15,MS,1.0717906794168732,0.9630520737428236,FROZEN_AFTER_AQ_AND_6H_BEFORE_48H_COMPARISON
lower_1sigma__zero_particle_scattering_limit,2.822897247567544e-15,2.7348442909230477,C,6.0,373.15,MS,1.071793693694312,0.9630520737428236,FROZEN_AFTER_AQ_AND_6H_BEFORE_48H_COMPARISON
lower_1sigma__zero_particle_scattering_limit,2.822897247567544e-15,2.7348442909230477,A,6.0,373.15,MIS,1.0226739346067377,0.9630520737428236,FROZEN_AFTER_AQ_AND_6H_BEFORE_48H_COMPARISON
lower_1sigma__zero_particle_scattering_limit,2.822897247567544e-15,2.7348442909230477,B,6.0,373.15,MIS,1.0226711037601182,0.9630520737428236,FROZEN_AFTER_AQ_AND_6H_BEFORE_48H_COMPARISON
lower_1sigma__zero_particle_scattering_limit,2.822897247567544e-15,2.7348442909230477,C,6.0,373.15,MIS,1.0226739324461813,0.9630520737428236,FROZEN_AFTER_AQ_AND_6H_BEFORE_48H_COMPARISON
lower_1sigma__zero_particle_scattering_limit,2.822897247567544e-15,2.7348442909230477,A,6.0,423.15,M0,1.006854645681513,0.8755599608786824,FROZEN_AFTER_AQ_AND_6H_BEFORE_48H_COMPARISON
lower_1sigma__zero_particle_scattering_limit,2.822897247567544e-15,2.7348442909230477,B,6.0,423.15,M0,1.0068527647123668,0.8755599608786824,FROZEN_AFTER_AQ_AND_6H_BEFORE_48H_COMPARISON
lower_1sigma__zero_particle_scattering_limit,2.822897247567544e-15,2.7348442909230477,C,6.0,423.15,M0,1.0068553411978025,0.8755599608786824,FROZEN_AFTER_AQ_AND_6H_BEFORE_48H_COMPARISON
lower_1sigma__zero_particle_scattering_limit,2.822897247567544e-15,2.7348442909230477,A,6.0,423.15,MI,0.9630864374270973,0.8755599608786824,FROZEN_AFTER_AQ_AND_6H_BEFORE_48H_COMPARISON
lower_1sigma__zero_particle_scattering_limit,2.822897247567544e-15,2.7348442909230477,B,6.0,423.15,MI,0.9630846091199822,0.8755599608786824,FROZEN_AFTER_AQ_AND_6H_BEFORE_48H_COMPARISON
lower_1sigma__zero_particle_scattering_limit,2.822897247567544e-15,2.7348442909230477,C,6.0,423.15,MI,0.9630871140957348,0.8755599608786824,FROZEN_AFTER_AQ_AND_6H_BEFORE_48H_COMPARISON
lower_1sigma__zero_particle_scattering_limit,2.822897247567544e-15,2.7348442909230477,A,6.0,423.15,MS,1.0066136656867355,0.8755599608786824,FROZEN_AFTER_AQ_AND_6H_BEFORE_48H_COMPARISON
lower_1sigma__zero_particle_scattering_limit,2.822897247567544e-15,2.7348442909230477,B,6.0,423.15,MS,1.006610490783509,0.8755599608786824,FROZEN_AFTER_AQ_AND_6H_BEFORE_48H_COMPARISON
lower_1sigma__zero_particle_scattering_limit,2.822897247567544e-15,2.7348442909230477,C,6.0,423.15,MS,1.0066131589913834,0.8755599608786824,FROZEN_AFTER_AQ_AND_6H_BEFORE_48H_COMPARISON
lower_1sigma__zero_particle_scattering_limit,2.822897247567544e-15,2.7348442909230477,A,6.0,423.15,MIS,0.9629407334957754,0.8755599608786824,FROZEN_AFTER_AQ_AND_6H_BEFORE_48H_COMPARISON
lower_1sigma__zero_particle_scattering_limit,2.822897247567544e-15,2.7348442909230477,B,6.0,423.15,MIS,0.9629382047998256,0.8755599608786824,FROZEN_AFTER_AQ_AND_6H_BEFORE_48H_COMPARISON
lower_1sigma__zero_particle_scattering_limit,2.822897247567544e-15,2.7348442909230477,C,6.0,423.15,MIS,0.9629407146560844,0.8755599608786824,FROZEN_AFTER_AQ_AND_6H_BEFORE_48H_COMPARISON
lower_1sigma__zero_particle_scattering_limit,2.822897247567544e-15,2.7348442909230477,A,6.0,473.15,M0,0.9489981559816918,0.8549317391464868,FROZEN_AFTER_AQ_AND_6H_BEFORE_48H_COMPARISON
lower_1sigma__zero_particle_scattering_limit,2.822897247567544e-15,2.7348442909230477,B,6.0,473.15,M0,0.9489964812106996,0.8549317391464868,FROZEN_AFTER_AQ_AND_6H_BEFORE_48H_COMPARISON
lower_1sigma__zero_particle_scattering_limit,2.822897247567544e-15,2.7348442909230477,C,6.0,473.15,M0,0.9489987752520455,0.8549317391464868,FROZEN_AFTER_AQ_AND_6H_BEFORE_48H_COMPARISON
lower_1sigma__zero_particle_scattering_limit,2.822897247567544e-15,2.7348442909230477,A,6.0,473.15,MI,0.9098171320246847,0.8549317391464868,FROZEN_AFTER_AQ_AND_6H_BEFORE_48H_COMPARISON
lower_1sigma__zero_particle_scattering_limit,2.822897247567544e-15,2.7348442909230477,B,6.0,473.15,MI,0.9098155009699411,0.8549317391464868,FROZEN_AFTER_AQ_AND_6H_BEFORE_48H_COMPARISON
lower_1sigma__zero_particle_scattering_limit,2.822897247567544e-15,2.7348442909230477,C,6.0,473.15,MI,0.9098177356921384,0.8549317391464868,FROZEN_AFTER_AQ_AND_6H_BEFORE_48H_COMPARISON
lower_1sigma__zero_particle_scattering_limit,2.822897247567544e-15,2.7348442909230477,A,6.0,473.15,MS,0.9487831012887674,0.8549317391464868,FROZEN_AFTER_AQ_AND_6H_BEFORE_48H_COMPARISON
lower_1sigma__zero_particle_scattering_limit,2.822897247567544e-15,2.7348442909230477,B,6.0,473.15,MS,0.9487802661992789,0.8549317391464868,FROZEN_AFTER_AQ_AND_6H_BEFORE_48H_COMPARISON
lower_1sigma__zero_particle_scattering_limit,2.822897247567544e-15,2.7348442909230477,C,6.0,473.15,MS,0.948782643975076,0.8549317391464868,FROZEN_AFTER_AQ_AND_6H_BEFORE_48H_COMPARISON
lower_1sigma__zero_particle_scattering_limit,2.822897247567544e-15,2.7348442909230477,A,6.0,473.15,MIS,0.9096846184764587,0.8549317391464868,FROZEN_AFTER_AQ_AND_6H_BEFORE_48H_COMPARISON
lower_1sigma__zero_particle_scattering_limit,2.822897247567544e-15,2.7348442909230477,B,6.0,473.15,MIS,0.9096823454746706,0.8549317391464868,FROZEN_AFTER_AQ_AND_6H_BEFORE_48H_COMPARISON
lower_1sigma__zero_particle_scattering_limit,2.822897247567544e-15,2.7348442909230477,C,6.0,473.15,MIS,0.9096845871273633,0.8549317391464868,FROZEN_AFTER_AQ_AND_6H_BEFORE_48H_COMPARISON
lower_1sigma__zero_particle_scattering_limit,2.822897247567544e-15,2.7348442909230477,A,6.0,523.15,M0,0.8973601252937589,0.8542204211557212,FROZEN_AFTER_AQ_AND_6H_BEFORE_48H_COMPARISON
lower_1sigma__zero_particle_scattering_limit,2.822897247567544e-15,2.7348442909230477,B,6.0,523.15,M0,0.8973586248022085,0.8542204211557212,FROZEN_AFTER_AQ_AND_6H_BEFORE_48H_COMPARISON
lower_1sigma__zero_particle_scattering_limit,2.822897247567544e-15,2.7348442909230477,C,6.0,523.15,M0,0.8973606801209517,0.8542204211557212,FROZEN_AFTER_AQ_AND_6H_BEFORE_48H_COMPARISON
lower_1sigma__zero_particle_scattering_limit,2.822897247567544e-15,2.7348442909230477,A,6.0,523.15,MI,0.8620691190783418,0.8542204211557212,FROZEN_AFTER_AQ_AND_6H_BEFORE_48H_COMPARISON
lower_1sigma__zero_particle_scattering_limit,2.822897247567544e-15,2.7348442909230477,B,6.0,523.15,MI,0.8620676552162371,0.8542204211557212,FROZEN_AFTER_AQ_AND_6H_BEFORE_48H_COMPARISON
lower_1sigma__zero_particle_scattering_limit,2.822897247567544e-15,2.7348442909230477,C,6.0,523.15,MI,0.8620696608692799,0.8542204211557212,FROZEN_AFTER_AQ_AND_6H_BEFORE_48H_COMPARISON
lower_1sigma__zero_particle_scattering_limit,2.822897247567544e-15,2.7348442909230477,A,6.0,523.15,MS,0.8971669808785941,0.8542204211557212,FROZEN_AFTER_AQ_AND_6H_BEFORE_48H_COMPARISON
lower_1sigma__zero_particle_scattering_limit,2.822897247567544e-15,2.7348442909230477,B,6.0,523.15,MS,0.8971644337136708,0.8542204211557212,FROZEN_AFTER_AQ_AND_6H_BEFORE_48H_COMPARISON
lower_1sigma__zero_particle_scattering_limit,2.822897247567544e-15,2.7348442909230477,C,6.0,523.15,MS,0.8971665655700902,0.8542204211557212,FROZEN_AFTER_AQ_AND_6H_BEFORE_48H_COMPARISON
lower_1sigma__zero_particle_scattering_limit,2.822897247567544e-15,2.7348442909230477,A,6.0,523.15,MIS,0.8619480224276722,0.8542204211557212,FROZEN_AFTER_AQ_AND_6H_BEFORE_48H_COMPARISON
lower_1sigma__zero_particle_scattering_limit,2.822897247567544e-15,2.7348442909230477,B,6.0,523.15,MIS,0.8619459676763579,0.8542204211557212,FROZEN_AFTER_AQ_AND_6H_BEFORE_48H_COMPARISON
lower_1sigma__zero_particle_scattering_limit,2.822897247567544e-15,2.7348442909230477,C,6.0,523.15,MIS,0.8619479817479326,0.8542204211557212,FROZEN_AFTER_AQ_AND_6H_BEFORE_48H_COMPARISON
lower_1sigma__zero_particle_scattering_limit,2.822897247567544e-15,2.7348442909230477,A,6.0,573.15,M0,0.8510110073179888,0.85,FROZEN_AFTER_AQ_AND_6H_BEFORE_48H_COMPARISON
lower_1sigma__zero_particle_scattering_limit,2.822897247567544e-15,2.7348442909230477,B,6.0,573.15,M0,0.8510096553777318,0.85,FROZEN_AFTER_AQ_AND_6H_BEFORE_48H_COMPARISON
lower_1sigma__zero_particle_scattering_limit,2.822897247567544e-15,2.7348442909230477,C,6.0,573.15,M0,0.8510115072156312,0.85,FROZEN_AFTER_AQ_AND_6H_BEFORE_48H_COMPARISON
lower_1sigma__zero_particle_scattering_limit,2.822897247567544e-15,2.7348442909230477,A,6.0,573.15,MI,0.8190482205715938,0.85,FROZEN_AFTER_AQ_AND_6H_BEFORE_48H_COMPARISON
lower_1sigma__zero_particle_scattering_limit,2.822897247567544e-15,2.7348442909230477,B,6.0,573.15,MI,0.8190468995802108,0.85,FROZEN_AFTER_AQ_AND_6H_BEFORE_48H_COMPARISON
lower_1sigma__zero_particle_scattering_limit,2.822897247567544e-15,2.7348442909230477,C,6.0,573.15,MI,0.819048709487183,0.85,FROZEN_AFTER_AQ_AND_6H_BEFORE_48H_COMPARISON
lower_1sigma__zero_particle_scattering_limit,2.822897247567544e-15,2.7348442909230477,A,6.0,573.15,MS,0.8508365523651965,0.85,FROZEN_AFTER_AQ_AND_6H_BEFORE_48H_COMPARISON
lower_1sigma__zero_particle_scattering_limit,2.822897247567544e-15,2.7348442909230477,B,6.0,573.15,MS,0.8508342512542134,0.85,FROZEN_AFTER_AQ_AND_6H_BEFORE_48H_COMPARISON
lower_1sigma__zero_particle_scattering_limit,2.822897247567544e-15,2.7348442909230477,C,6.0,573.15,MS,0.8508361731493778,0.85,FROZEN_AFTER_AQ_AND_6H_BEFORE_48H_COMPARISON
lower_1sigma__zero_particle_scattering_limit,2.822897247567544e-15,2.7348442909230477,A,6.0,573.15,MIS,0.8189370785680751,0.85,FROZEN_AFTER_AQ_AND_6H_BEFORE_48H_COMPARISON
lower_1sigma__zero_particle_scattering_limit,2.822897247567544e-15,2.7348442909230477,B,6.0,573.15,MIS,0.8189352115982815,0.85,FROZEN_AFTER_AQ_AND_6H_BEFORE_48H_COMPARISON
lower_1sigma__zero_particle_scattering_limit,2.822897247567544e-15,2.7348442909230477,C,6.0,573.15,MIS,0.8189370309848962,0.85,FROZEN_AFTER_AQ_AND_6H_BEFORE_48H_COMPARISON
lower_1sigma__zero_particle_scattering_limit,2.822897247567544e-15,2.7348442909230477,A,48.0,303.15,M0,1.1758162209851786,1.5171687885490504,FROZEN_AFTER_AQ_AND_6H_BEFORE_48H_COMPARISON
lower_1sigma__zero_particle_scattering_limit,2.822897247567544e-15,2.7348442909230477,B,48.0,303.15,M0,1.17409019317877,1.5171687885490504,FROZEN_AFTER_AQ_AND_6H_BEFORE_48H_COMPARISON
lower_1sigma__zero_particle_scattering_limit,2.822897247567544e-15,2.7348442909230477,C,48.0,303.15,M0,1.1769322144202088,1.5171687885490504,FROZEN_AFTER_AQ_AND_6H_BEFORE_48H_COMPARISON
lower_1sigma__zero_particle_scattering_limit,2.822897247567544e-15,2.7348442909230477,A,48.0,303.15,MI,1.1517430058152003,1.5171687885490504,FROZEN_AFTER_AQ_AND_6H_BEFORE_48H_COMPARISON
lower_1sigma__zero_particle_scattering_limit,2.822897247567544e-15,2.7348442909230477,B,48.0,303.15,MI,1.1475725425435217,1.5171687885490504,FROZEN_AFTER_AQ_AND_6H_BEFORE_48H_COMPARISON
lower_1sigma__zero_particle_scattering_limit,2.822897247567544e-15,2.7348442909230477,C,48.0,303.15,MI,1.1554360614344115,1.5171687885490504,FROZEN_AFTER_AQ_AND_6H_BEFORE_48H_COMPARISON
lower_1sigma__zero_particle_scattering_limit,2.822897247567544e-15,2.7348442909230477,A,48.0,303.15,MS,1.1755559753954492,1.5171687885490504,FROZEN_AFTER_AQ_AND_6H_BEFORE_48H_COMPARISON
lower_1sigma__zero_particle_scattering_limit,2.822897247567544e-15,2.7348442909230477,B,48.0,303.15,MS,1.17382854457648,1.5171687885490504,FROZEN_AFTER_AQ_AND_6H_BEFORE_48H_COMPARISON
lower_1sigma__zero_particle_scattering_limit,2.822897247567544e-15,2.7348442909230477,C,48.0,303.15,MS,1.1766866966514316,1.5171687885490504,FROZEN_AFTER_AQ_AND_6H_BEFORE_48H_COMPARISON
lower_1sigma__zero_particle_scattering_limit,2.822897247567544e-15,2.7348442909230477,A,48.0,303.15,MIS,1.1515492540598198,1.5171687885490504,FROZEN_AFTER_AQ_AND_6H_BEFORE_48H_COMPARISON
lower_1sigma__zero_particle_scattering_limit,2.822897247567544e-15,2.7348442909230477,B,48.0,303.15,MIS,1.1473821187063629,1.5171687885490504,FROZEN_AFTER_AQ_AND_6H_BEFORE_48H_COMPARISON
lower_1sigma__zero_particle_scattering_limit,2.822897247567544e-15,2.7348442909230477,C,48.0,303.15,MIS,1.1552480646563617,1.5171687885490504,FROZEN_AFTER_AQ_AND_6H_BEFORE_48H_COMPARISON
lower_1sigma__zero_particle_scattering_limit,2.822897247567544e-15,2.7348442909230477,A,48.0,323.15,M0,1.1435573202219644,1.3578335586176062,FROZEN_AFTER_AQ_AND_6H_BEFORE_48H_COMPARISON
lower_1sigma__zero_particle_scattering_limit,2.822897247567544e-15,2.7348442909230477,B,48.0,323.15,M0,1.1419296281016127,1.3578335586176062,FROZEN_AFTER_AQ_AND_6H_BEFORE_48H_COMPARISON
lower_1sigma__zero_particle_scattering_limit,2.822897247567544e-15,2.7348442909230477,C,48.0,323.15,M0,1.144601518479315,1.3578335586176062,FROZEN_AFTER_AQ_AND_6H_BEFORE_48H_COMPARISON
lower_1sigma__zero_particle_scattering_limit,2.822897247567544e-15,2.7348442909230477,A,48.0,323.15,MI,1.1207177916355622,1.3578335586176062,FROZEN_AFTER_AQ_AND_6H_BEFORE_48H_COMPARISON
lower_1sigma__zero_particle_scattering_limit,2.822897247567544e-15,2.7348442909230477,B,48.0,323.15,MI,1.1167710418878283,1.3578335586176062,FROZEN_AFTER_AQ_AND_6H_BEFORE_48H_COMPARISON
lower_1sigma__zero_particle_scattering_limit,2.822897247567544e-15,2.7348442909230477,C,48.0,323.15,MI,1.1242061123889235,1.3578335586176062,FROZEN_AFTER_AQ_AND_6H_BEFORE_48H_COMPARISON
lower_1sigma__zero_particle_scattering_limit,2.822897247567544e-15,2.7348442909230477,A,48.0,323.15,MS,1.1433090982433487,1.3578335586176062,FROZEN_AFTER_AQ_AND_6H_BEFORE_48H_COMPARISON
lower_1sigma__zero_particle_scattering_limit,2.822897247567544e-15,2.7348442909230477,B,48.0,323.15,MS,1.141680297689917,1.3578335586176062,FROZEN_AFTER_AQ_AND_6H_BEFORE_48H_COMPARISON
lower_1sigma__zero_particle_scattering_limit,2.822897247567544e-15,2.7348442909230477,C,48.0,323.15,MS,1.1443670801672485,1.3578335586176062,FROZEN_AFTER_AQ_AND_6H_BEFORE_48H_COMPARISON
lower_1sigma__zero_particle_scattering_limit,2.822897247567544e-15,2.7348442909230477,A,48.0,323.15,MIS,1.120532179974852,1.3578335586176062,FROZEN_AFTER_AQ_AND_6H_BEFORE_48H_COMPARISON
lower_1sigma__zero_particle_scattering_limit,2.822897247567544e-15,2.7348442909230477,B,48.0,323.15,MIS,1.1165886970645829,1.3578335586176062,FROZEN_AFTER_AQ_AND_6H_BEFORE_48H_COMPARISON
lower_1sigma__zero_particle_scattering_limit,2.822897247567544e-15,2.7348442909230477,C,48.0,323.15,MIS,1.1240259203948815,1.3578335586176062,FROZEN_AFTER_AQ_AND_6H_BEFORE_48H_COMPARISON
lower_1sigma__zero_particle_scattering_limit,2.822897247567544e-15,2.7348442909230477,A,48.0,373.15,M0,1.0698753222301371,1.1846276278662375,FROZEN_AFTER_AQ_AND_6H_BEFORE_48H_COMPARISON
lower_1sigma__zero_particle_scattering_limit,2.822897247567544e-15,2.7348442909230477,B,48.0,373.15,M0,1.0684605150389275,1.1846276278662375,FROZEN_AFTER_AQ_AND_6H_BEFORE_48H_COMPARISON
lower_1sigma__zero_particle_scattering_limit,2.822897247567544e-15,2.7348442909230477,C,48.0,373.15,M0,1.0707664443612692,1.1846276278662375,FROZEN_AFTER_AQ_AND_6H_BEFORE_48H_COMPARISON
lower_1sigma__zero_particle_scattering_limit,2.822897247567544e-15,2.7348442909230477,A,48.0,373.15,MI,1.0497294902106853,1.1846276278662375,FROZEN_AFTER_AQ_AND_6H_BEFORE_48H_COMPARISON
lower_1sigma__zero_particle_scattering_limit,2.822897247567544e-15,2.7348442909230477,B,48.0,373.15,MI,1.0462695399734807,1.1846276278662375,FROZEN_AFTER_AQ_AND_6H_BEFORE_48H_COMPARISON
lower_1sigma__zero_particle_scattering_limit,2.822897247567544e-15,2.7348442909230477,C,48.0,373.15,MI,1.052774347282266,1.1846276278662375,FROZEN_AFTER_AQ_AND_6H_BEFORE_48H_COMPARISON
lower_1sigma__zero_particle_scattering_limit,2.822897247567544e-15,2.7348442909230477,A,48.0,373.15,MS,1.0696536198202413,1.1846276278662375,FROZEN_AFTER_AQ_AND_6H_BEFORE_48H_COMPARISON
lower_1sigma__zero_particle_scattering_limit,2.822897247567544e-15,2.7348442909230477,B,48.0,373.15,MS,1.0682383042167716,1.1846276278662375,FROZEN_AFTER_AQ_AND_6H_BEFORE_48H_COMPARISON
lower_1sigma__zero_particle_scattering_limit,2.822897247567544e-15,2.7348442909230477,C,48.0,373.15,MS,1.070556501378035,1.1846276278662375,FROZEN_AFTER_AQ_AND_6H_BEFORE_48H_COMPARISON
lower_1sigma__zero_particle_scattering_limit,2.822897247567544e-15,2.7348442909230477,A,48.0,373.15,MIS,1.0495620001317778,1.1846276278662375,FROZEN_AFTER_AQ_AND_6H_BEFORE_48H_COMPARISON
lower_1sigma__zero_particle_scattering_limit,2.822897247567544e-15,2.7348442909230477,B,48.0,373.15,MIS,1.0461051682629638,1.1846276278662375,FROZEN_AFTER_AQ_AND_6H_BEFORE_48H_COMPARISON
lower_1sigma__zero_particle_scattering_limit,2.822897247567544e-15,2.7348442909230477,C,48.0,373.15,MIS,1.0526115456441536,1.1846276278662375,FROZEN_AFTER_AQ_AND_6H_BEFORE_48H_COMPARISON
lower_1sigma__zero_particle_scattering_limit,2.822897247567544e-15,2.7348442909230477,A,48.0,423.15,M0,1.0048858760173986,1.0846874501637025,FROZEN_AFTER_AQ_AND_6H_BEFORE_48H_COMPARISON
lower_1sigma__zero_particle_scattering_limit,2.822897247567544e-15,2.7348442909230477,B,48.0,423.15,M0,1.0036454928769496,1.0846874501637025,FROZEN_AFTER_AQ_AND_6H_BEFORE_48H_COMPARISON
lower_1sigma__zero_particle_scattering_limit,2.822897247567544e-15,2.7348442909230477,C,48.0,423.15,M0,1.005654114515272,1.0846874501637025,FROZEN_AFTER_AQ_AND_6H_BEFORE_48H_COMPARISON
lower_1sigma__zero_particle_scattering_limit,2.822897247567544e-15,2.7348442909230477,A,48.0,423.15,MI,0.9869771013662904,1.0846874501637025,FROZEN_AFTER_AQ_AND_6H_BEFORE_48H_COMPARISON
lower_1sigma__zero_particle_scattering_limit,2.822897247567544e-15,2.7348442909230477,B,48.0,423.15,MI,0.9839191854886561,1.0846874501637025,FROZEN_AFTER_AQ_AND_6H_BEFORE_48H_COMPARISON
lower_1sigma__zero_particle_scattering_limit,2.822897247567544e-15,2.7348442909230477,C,48.0,423.15,MI,0.9896578586410498,1.0846874501637025,FROZEN_AFTER_AQ_AND_6H_BEFORE_48H_COMPARISON
lower_1sigma__zero_particle_scattering_limit,2.822897247567544e-15,2.7348442909230477,A,48.0,423.15,MS,1.0046865103971412,1.0846874501637025,FROZEN_AFTER_AQ_AND_6H_BEFORE_48H_COMPARISON
lower_1sigma__zero_particle_scattering_limit,2.822897247567544e-15,2.7348442909230477,B,48.0,423.15,MS,1.0034460675245773,1.0846874501637025,FROZEN_AFTER_AQ_AND_6H_BEFORE_48H_COMPARISON
lower_1sigma__zero_particle_scattering_limit,2.822897247567544e-15,2.7348442909230477,C,48.0,423.15,MS,1.005464869774596,1.0846874501637025,FROZEN_AFTER_AQ_AND_6H_BEFORE_48H_COMPARISON
lower_1sigma__zero_particle_scattering_limit,2.822897247567544e-15,2.7348442909230477,A,48.0,423.15,MIS,0.9868250679022571,1.0846874501637025,FROZEN_AFTER_AQ_AND_6H_BEFORE_48H_COMPARISON
lower_1sigma__zero_particle_scattering_limit,2.822897247567544e-15,2.7348442909230477,B,48.0,423.15,MIS,0.9837701287455686,1.0846874501637025,FROZEN_AFTER_AQ_AND_6H_BEFORE_48H_COMPARISON
lower_1sigma__zero_particle_scattering_limit,2.822897247567544e-15,2.7348442909230477,C,48.0,423.15,MIS,0.9895099083699503,1.0846874501637025,FROZEN_AFTER_AQ_AND_6H_BEFORE_48H_COMPARISON
lower_1sigma__zero_particle_scattering_limit,2.822897247567544e-15,2.7348442909230477,A,48.0,473.15,M0,0.9472197242701699,1.08433179116832,FROZEN_AFTER_AQ_AND_6H_BEFORE_48H_COMPARISON
lower_1sigma__zero_particle_scattering_limit,2.822897247567544e-15,2.7348442909230477,B,48.0,473.15,M0,0.9461237935810205,1.08433179116832,FROZEN_AFTER_AQ_AND_6H_BEFORE_48H_COMPARISON
lower_1sigma__zero_particle_scattering_limit,2.822897247567544e-15,2.7348442909230477,C,48.0,473.15,M0,0.9478880701104067,1.08433179116832,FROZEN_AFTER_AQ_AND_6H_BEFORE_48H_COMPARISON
lower_1sigma__zero_particle_scattering_limit,2.822897247567544e-15,2.7348442909230477,A,48.0,473.15,MI,0.9311894001494622,1.08433179116832,FROZEN_AFTER_AQ_AND_6H_BEFORE_48H_COMPARISON
lower_1sigma__zero_particle_scattering_limit,2.822897247567544e-15,2.7348442909230477,B,48.0,473.15,MI,0.9284671184029785,1.08433179116832,FROZEN_AFTER_AQ_AND_6H_BEFORE_48H_COMPARISON
lower_1sigma__zero_particle_scattering_limit,2.822897247567544e-15,2.7348442909230477,C,48.0,473.15,MI,0.9335677437651254,1.08433179116832,FROZEN_AFTER_AQ_AND_6H_BEFORE_48H_COMPARISON
lower_1sigma__zero_particle_scattering_limit,2.822897247567544e-15,2.7348442909230477,A,48.0,473.15,MS,0.9470393648019171,1.08433179116832,FROZEN_AFTER_AQ_AND_6H_BEFORE_48H_COMPARISON
lower_1sigma__zero_particle_scattering_limit,2.822897247567544e-15,2.7348442909230477,B,48.0,473.15,MS,0.9459437118889388,1.08433179116832,FROZEN_AFTER_AQ_AND_6H_BEFORE_48H_COMPARISON
lower_1sigma__zero_particle_scattering_limit,2.822897247567544e-15,2.7348442909230477,C,48.0,473.15,MS,0.9477164891146461,1.08433179116832,FROZEN_AFTER_AQ_AND_6H_BEFORE_48H_COMPARISON
lower_1sigma__zero_particle_scattering_limit,2.822897247567544e-15,2.7348442909230477,A,48.0,473.15,MIS,0.9310506713411983,1.08433179116832,FROZEN_AFTER_AQ_AND_6H_BEFORE_48H_COMPARISON
lower_1sigma__zero_particle_scattering_limit,2.822897247567544e-15,2.7348442909230477,B,48.0,473.15,MIS,0.9283312319934438,1.08433179116832,FROZEN_AFTER_AQ_AND_6H_BEFORE_48H_COMPARISON
lower_1sigma__zero_particle_scattering_limit,2.822897247567544e-15,2.7348442909230477,C,48.0,473.15,MIS,0.9334325924686246,1.08433179116832,FROZEN_AFTER_AQ_AND_6H_BEFORE_48H_COMPARISON
lower_1sigma__zero_particle_scattering_limit,2.822897247567544e-15,2.7348442909230477,A,48.0,523.15,M0,0.8957460119900708,1.0405857347362493,FROZEN_AFTER_AQ_AND_6H_BEFORE_48H_COMPARISON
lower_1sigma__zero_particle_scattering_limit,2.822897247567544e-15,2.7348442909230477,B,48.0,523.15,M0,0.89477093386059,1.0405857347362493,FROZEN_AFTER_AQ_AND_6H_BEFORE_48H_COMPARISON
lower_1sigma__zero_particle_scattering_limit,2.822897247567544e-15,2.7348442909230477,C,48.0,523.15,M0,0.8963322049458656,1.0405857347362493,FROZEN_AFTER_AQ_AND_6H_BEFORE_48H_COMPARISON
lower_1sigma__zero_particle_scattering_limit,2.822897247567544e-15,2.7348442909230477,A,48.0,523.15,MI,0.8813087040236002,1.0405857347362493,FROZEN_AFTER_AQ_AND_6H_BEFORE_48H_COMPARISON
lower_1sigma__zero_particle_scattering_limit,2.822897247567544e-15,2.7348442909230477,B,48.0,523.15,MI,0.8788694229649111,1.0405857347362493,FROZEN_AFTER_AQ_AND_6H_BEFORE_48H_COMPARISON
lower_1sigma__zero_particle_scattering_limit,2.822897247567544e-15,2.7348442909230477,C,48.0,523.15,MI,0.8834332164272892,1.0405857347362493,FROZEN_AFTER_AQ_AND_6H_BEFORE_48H_COMPARISON
lower_1sigma__zero_particle_scattering_limit,2.822897247567544e-15,2.7348442909230477,A,48.0,523.15,MS,0.8955819714318025,1.0405857347362493,FROZEN_AFTER_AQ_AND_6H_BEFORE_48H_COMPARISON
lower_1sigma__zero_particle_scattering_limit,2.822897247567544e-15,2.7348442909230477,B,48.0,523.15,MS,0.8946074257944766,1.0405857347362493,FROZEN_AFTER_AQ_AND_6H_BEFORE_48H_COMPARISON
lower_1sigma__zero_particle_scattering_limit,2.822897247567544e-15,2.7348442909230477,C,48.0,523.15,MS,0.8961758312244904,1.0405857347362493,FROZEN_AFTER_AQ_AND_6H_BEFORE_48H_COMPARISON
lower_1sigma__zero_particle_scattering_limit,2.822897247567544e-15,2.7348442909230477,A,48.0,523.15,MIS,0.8811815211109494,1.0405857347362493,FROZEN_AFTER_AQ_AND_6H_BEFORE_48H_COMPARISON
lower_1sigma__zero_particle_scattering_limit,2.822897247567544e-15,2.7348442909230477,B,48.0,523.15,MIS,0.878744955579397,1.0405857347362493,FROZEN_AFTER_AQ_AND_6H_BEFORE_48H_COMPARISON
lower_1sigma__zero_particle_scattering_limit,2.822897247567544e-15,2.7348442909230477,C,48.0,523.15,MIS,0.8833091849303517,1.0405857347362493,FROZEN_AFTER_AQ_AND_6H_BEFORE_48H_COMPARISON
lower_1sigma__zero_particle_scattering_limit,2.822897247567544e-15,2.7348442909230477,A,48.0,573.15,M0,0.849539697048469,1.03,FROZEN_AFTER_AQ_AND_6H_BEFORE_48H_COMPARISON
lower_1sigma__zero_particle_scattering_limit,2.822897247567544e-15,2.7348442909230477,B,48.0,573.15,M0,0.8486666809827658,1.03,FROZEN_AFTER_AQ_AND_6H_BEFORE_48H_COMPARISON
lower_1sigma__zero_particle_scattering_limit,2.822897247567544e-15,2.7348442909230477,C,48.0,573.15,M0,0.8500576050168103,1.03,FROZEN_AFTER_AQ_AND_6H_BEFORE_48H_COMPARISON
lower_1sigma__zero_particle_scattering_limit,2.822897247567544e-15,2.7348442909230477,A,48.0,573.15,MI,0.8364653920387519,1.03,FROZEN_AFTER_AQ_AND_6H_BEFORE_48H_COMPARISON
lower_1sigma__zero_particle_scattering_limit,2.822897247567544e-15,2.7348442909230477,B,48.0,573.15,MI,0.8342669030773683,1.03,FROZEN_AFTER_AQ_AND_6H_BEFORE_48H_COMPARISON
lower_1sigma__zero_particle_scattering_limit,2.822897247567544e-15,2.7348442909230477,C,48.0,573.15,MI,0.8383748169309307,1.03,FROZEN_AFTER_AQ_AND_6H_BEFORE_48H_COMPARISON
lower_1sigma__zero_particle_scattering_limit,2.822897247567544e-15,2.7348442909230477,A,48.0,573.15,MS,0.8493897816246326,1.03,FROZEN_AFTER_AQ_AND_6H_BEFORE_48H_COMPARISON
lower_1sigma__zero_particle_scattering_limit,2.822897247567544e-15,2.7348442909230477,B,48.0,573.15,MS,0.8485174903732713,1.03,FROZEN_AFTER_AQ_AND_6H_BEFORE_48H_COMPARISON
lower_1sigma__zero_particle_scattering_limit,2.822897247567544e-15,2.7348442909230477,C,48.0,573.15,MS,0.8499144270250862,1.03,FROZEN_AFTER_AQ_AND_6H_BEFORE_48H_COMPARISON
lower_1sigma__zero_particle_scattering_limit,2.822897247567544e-15,2.7348442909230477,A,48.0,573.15,MIS,0.8363483020096282,1.03,FROZEN_AFTER_AQ_AND_6H_BEFORE_48H_COMPARISON
lower_1sigma__zero_particle_scattering_limit,2.822897247567544e-15,2.7348442909230477,B,48.0,573.15,MIS,0.8341524090408836,1.03,FROZEN_AFTER_AQ_AND_6H_BEFORE_48H_COMPARISON
lower_1sigma__zero_particle_scattering_limit,2.822897247567544e-15,2.7348442909230477,C,48.0,573.15,MIS,0.8382605164988101,1.03,FROZEN_AFTER_AQ_AND_6H_BEFORE_48H_COMPARISON
lower_1sigma__all_small_at_reported_max,2.8184241539027996e-15,2.777998376103452,A,6.0,303.15,M0,1.1792819719134384,1.2625169478550462,FROZEN_AFTER_AQ_AND_6H_BEFORE_48H_COMPARISON
lower_1sigma__all_small_at_reported_max,2.8184241539027996e-15,2.777998376103452,B,6.0,303.15,M0,1.1792794084424363,1.2625169478550462,FROZEN_AFTER_AQ_AND_6H_BEFORE_48H_COMPARISON
lower_1sigma__all_small_at_reported_max,2.8184241539027996e-15,2.777998376103452,C,6.0,303.15,M0,1.179282919800354,1.2625169478550462,FROZEN_AFTER_AQ_AND_6H_BEFORE_48H_COMPARISON
lower_1sigma__all_small_at_reported_max,2.8184241539027996e-15,2.777998376103452,A,6.0,303.15,MI,1.1195749364115801,1.2625169478550462,FROZEN_AFTER_AQ_AND_6H_BEFORE_48H_COMPARISON
lower_1sigma__all_small_at_reported_max,2.8184241539027996e-15,2.777998376103452,B,6.0,303.15,MI,1.1195724605879322,1.2625169478550462,FROZEN_AFTER_AQ_AND_6H_BEFORE_48H_COMPARISON
lower_1sigma__all_small_at_reported_max,2.8184241539027996e-15,2.777998376103452,C,6.0,303.15,MI,1.1195758527300572,1.2625169478550462,FROZEN_AFTER_AQ_AND_6H_BEFORE_48H_COMPARISON
lower_1sigma__all_small_at_reported_max,2.8184241539027996e-15,2.777998376103452,A,6.0,303.15,MS,1.178954776660758,1.2625169478550462,FROZEN_AFTER_AQ_AND_6H_BEFORE_48H_COMPARISON
lower_1sigma__all_small_at_reported_max,2.8184241539027996e-15,2.777998376103452,B,6.0,303.15,MS,1.1789504807549498,1.2625169478550462,FROZEN_AFTER_AQ_AND_6H_BEFORE_48H_COMPARISON
lower_1sigma__all_small_at_reported_max,2.8184241539027996e-15,2.777998376103452,C,6.0,303.15,MS,1.178954106729314,1.2625169478550462,FROZEN_AFTER_AQ_AND_6H_BEFORE_48H_COMPARISON
lower_1sigma__all_small_at_reported_max,2.8184241539027996e-15,2.777998376103452,A,6.0,303.15,MIS,1.119388716503825,1.2625169478550462,FROZEN_AFTER_AQ_AND_6H_BEFORE_48H_COMPARISON
lower_1sigma__all_small_at_reported_max,2.8184241539027996e-15,2.777998376103452,B,6.0,303.15,MIS,1.1193853656065358,1.2625169478550462,FROZEN_AFTER_AQ_AND_6H_BEFORE_48H_COMPARISON
lower_1sigma__all_small_at_reported_max,2.8184241539027996e-15,2.777998376103452,C,6.0,303.15,MIS,1.1193887534401734,1.2625169478550462,FROZEN_AFTER_AQ_AND_6H_BEFORE_48H_COMPARISON
lower_1sigma__all_small_at_reported_max,2.8184241539027996e-15,2.777998376103452,A,6.0,323.15,M0,1.1468559300770245,1.0882440401175293,FROZEN_AFTER_AQ_AND_6H_BEFORE_48H_COMPARISON
lower_1sigma__all_small_at_reported_max,2.8184241539027996e-15,2.777998376103452,B,6.0,323.15,M0,1.1468535026954285,1.0882440401175293,FROZEN_AFTER_AQ_AND_6H_BEFORE_48H_COMPARISON
lower_1sigma__all_small_at_reported_max,2.8184241539027996e-15,2.777998376103452,C,6.0,323.15,M0,1.1468568276415478,1.0882440401175293,FROZEN_AFTER_AQ_AND_6H_BEFORE_48H_COMPARISON
lower_1sigma__all_small_at_reported_max,2.8184241539027996e-15,2.777998376103452,A,6.0,323.15,MI,1.0902073170400286,1.0882440401175293,FROZEN_AFTER_AQ_AND_6H_BEFORE_48H_COMPARISON
lower_1sigma__all_small_at_reported_max,2.8184241539027996e-15,2.777998376103452,B,6.0,323.15,MI,1.0902049700125647,1.0882440401175293,FROZEN_AFTER_AQ_AND_6H_BEFORE_48H_COMPARISON
lower_1sigma__all_small_at_reported_max,2.8184241539027996e-15,2.777998376103452,C,6.0,323.15,MI,1.0902081856917305,1.0882440401175293,FROZEN_AFTER_AQ_AND_6H_BEFORE_48H_COMPARISON
lower_1sigma__all_small_at_reported_max,2.8184241539027996e-15,2.777998376103452,A,6.0,323.15,MS,1.1465460147801487,1.0882440401175293,FROZEN_AFTER_AQ_AND_6H_BEFORE_48H_COMPARISON
lower_1sigma__all_small_at_reported_max,2.8184241539027996e-15,2.777998376103452,B,6.0,323.15,MS,1.1465419421930316,1.0882440401175293,FROZEN_AFTER_AQ_AND_6H_BEFORE_48H_COMPARISON
lower_1sigma__all_small_at_reported_max,2.8184241539027996e-15,2.777998376103452,C,6.0,323.15,MS,1.146545377583755,1.0882440401175293,FROZEN_AFTER_AQ_AND_6H_BEFORE_48H_COMPARISON
lower_1sigma__all_small_at_reported_max,2.8184241539027996e-15,2.777998376103452,A,6.0,323.15,MIS,1.0900291686270076,1.0882440401175293,FROZEN_AFTER_AQ_AND_6H_BEFORE_48H_COMPARISON
lower_1sigma__all_small_at_reported_max,2.8184241539027996e-15,2.777998376103452,B,6.0,323.15,MIS,1.0900259812354418,1.0882440401175293,FROZEN_AFTER_AQ_AND_6H_BEFORE_48H_COMPARISON
lower_1sigma__all_small_at_reported_max,2.8184241539027996e-15,2.777998376103452,C,6.0,323.15,MIS,1.090029194500636,1.0882440401175293,FROZEN_AFTER_AQ_AND_6H_BEFORE_48H_COMPARISON
lower_1sigma__all_small_at_reported_max,2.8184241539027996e-15,2.777998376103452,A,6.0,373.15,M0,1.0728054816298145,0.9630520737428236,FROZEN_AFTER_AQ_AND_6H_BEFORE_48H_COMPARISON
lower_1sigma__all_small_at_reported_max,2.8184241539027996e-15,2.777998376103452,B,6.0,373.15,M0,1.0728033516034636,0.9630520737428236,FROZEN_AFTER_AQ_AND_6H_BEFORE_48H_COMPARISON
lower_1sigma__all_small_at_reported_max,2.8184241539027996e-15,2.777998376103452,C,6.0,373.15,M0,1.0728062692403595,0.9630520737428236,FROZEN_AFTER_AQ_AND_6H_BEFORE_48H_COMPARISON
lower_1sigma__all_small_at_reported_max,2.8184241539027996e-15,2.777998376103452,A,6.0,373.15,MI,1.0228347754162987,0.9630520737428236,FROZEN_AFTER_AQ_AND_6H_BEFORE_48H_COMPARISON
lower_1sigma__all_small_at_reported_max,2.8184241539027996e-15,2.777998376103452,B,6.0,373.15,MI,1.0228327106349813,0.9630520737428236,FROZEN_AFTER_AQ_AND_6H_BEFORE_48H_COMPARISON
lower_1sigma__all_small_at_reported_max,2.8184241539027996e-15,2.777998376103452,C,6.0,373.15,MI,1.0228355396104503,0.9630520737428236,FROZEN_AFTER_AQ_AND_6H_BEFORE_48H_COMPARISON
lower_1sigma__all_small_at_reported_max,2.8184241539027996e-15,2.777998376103452,A,6.0,373.15,MS,1.0725331468421802,0.9630520737428236,FROZEN_AFTER_AQ_AND_6H_BEFORE_48H_COMPARISON
lower_1sigma__all_small_at_reported_max,2.8184241539027996e-15,2.777998376103452,B,6.0,373.15,MS,1.0725295624243645,0.9630520737428236,FROZEN_AFTER_AQ_AND_6H_BEFORE_48H_COMPARISON
lower_1sigma__all_small_at_reported_max,2.8184241539027996e-15,2.777998376103452,C,6.0,373.15,MS,1.0725325807308965,0.9630520737428236,FROZEN_AFTER_AQ_AND_6H_BEFORE_48H_COMPARISON
lower_1sigma__all_small_at_reported_max,2.8184241539027996e-15,2.777998376103452,A,6.0,373.15,MIS,1.0226745649418203,0.9630520737428236,FROZEN_AFTER_AQ_AND_6H_BEFORE_48H_COMPARISON
lower_1sigma__all_small_at_reported_max,2.8184241539027996e-15,2.777998376103452,B,6.0,373.15,MIS,1.0226717375248187,0.9630520737428236,FROZEN_AFTER_AQ_AND_6H_BEFORE_48H_COMPARISON
lower_1sigma__all_small_at_reported_max,2.8184241539027996e-15,2.777998376103452,C,6.0,373.15,MIS,1.0226745679373122,0.9630520737428236,FROZEN_AFTER_AQ_AND_6H_BEFORE_48H_COMPARISON
lower_1sigma__all_small_at_reported_max,2.8184241539027996e-15,2.777998376103452,A,6.0,423.15,M0,1.0075059338805359,0.8755599608786824,FROZEN_AFTER_AQ_AND_6H_BEFORE_48H_COMPARISON
lower_1sigma__all_small_at_reported_max,2.8184241539027996e-15,2.777998376103452,B,6.0,423.15,M0,1.0075040505271597,0.8755599608786824,FROZEN_AFTER_AQ_AND_6H_BEFORE_48H_COMPARISON
lower_1sigma__all_small_at_reported_max,2.8184241539027996e-15,2.777998376103452,C,6.0,423.15,M0,1.0075066302784421,0.8755599608786824,FROZEN_AFTER_AQ_AND_6H_BEFORE_48H_COMPARISON
lower_1sigma__all_small_at_reported_max,2.8184241539027996e-15,2.777998376103452,A,6.0,423.15,MI,0.963080898547975,0.8755599608786824,FROZEN_AFTER_AQ_AND_6H_BEFORE_48H_COMPARISON
lower_1sigma__all_small_at_reported_max,2.8184241539027996e-15,2.777998376103452,B,6.0,423.15,MI,0.9630790687924969,0.8755599608786824,FROZEN_AFTER_AQ_AND_6H_BEFORE_48H_COMPARISON
lower_1sigma__all_small_at_reported_max,2.8184241539027996e-15,2.777998376103452,C,6.0,423.15,MI,0.9630815757605694,0.8755599608786824,FROZEN_AFTER_AQ_AND_6H_BEFORE_48H_COMPARISON
lower_1sigma__all_small_at_reported_max,2.8184241539027996e-15,2.777998376103452,A,6.0,423.15,MS,1.0072646568384445,0.8755599608786824,FROZEN_AFTER_AQ_AND_6H_BEFORE_48H_COMPARISON
lower_1sigma__all_small_at_reported_max,2.8184241539027996e-15,2.777998376103452,B,6.0,423.15,MS,1.0072614780253086,0.8755599608786824,FROZEN_AFTER_AQ_AND_6H_BEFORE_48H_COMPARISON
lower_1sigma__all_small_at_reported_max,2.8184241539027996e-15,2.777998376103452,C,6.0,423.15,MS,1.0072641495872767,0.8755599608786824,FROZEN_AFTER_AQ_AND_6H_BEFORE_48H_COMPARISON
lower_1sigma__all_small_at_reported_max,2.8184241539027996e-15,2.777998376103452,A,6.0,423.15,MIS,0.9629359495793952,0.8755599608786824,FROZEN_AFTER_AQ_AND_6H_BEFORE_48H_COMPARISON
lower_1sigma__all_small_at_reported_max,2.8184241539027996e-15,2.777998376103452,B,6.0,423.15,MIS,0.9629334240208511,0.8755599608786824,FROZEN_AFTER_AQ_AND_6H_BEFORE_48H_COMPARISON
lower_1sigma__all_small_at_reported_max,2.8184241539027996e-15,2.777998376103452,C,6.0,423.15,MIS,0.9629359352760877,0.8755599608786824,FROZEN_AFTER_AQ_AND_6H_BEFORE_48H_COMPARISON
lower_1sigma__all_small_at_reported_max,2.8184241539027996e-15,2.777998376103452,A,6.0,473.15,M0,0.94957623750555,0.8549317391464868,FROZEN_AFTER_AQ_AND_6H_BEFORE_48H_COMPARISON
lower_1sigma__all_small_at_reported_max,2.8184241539027996e-15,2.777998376103452,B,6.0,473.15,M0,0.9495745607329218,0.8549317391464868,FROZEN_AFTER_AQ_AND_6H_BEFORE_48H_COMPARISON
lower_1sigma__all_small_at_reported_max,2.8184241539027996e-15,2.777998376103452,C,6.0,473.15,M0,0.9495768575160467,0.8549317391464868,FROZEN_AFTER_AQ_AND_6H_BEFORE_48H_COMPARISON
lower_1sigma__all_small_at_reported_max,2.8184241539027996e-15,2.777998376103452,A,6.0,473.15,MI,0.9098076300920356,0.8549317391464868,FROZEN_AFTER_AQ_AND_6H_BEFORE_48H_COMPARISON
lower_1sigma__all_small_at_reported_max,2.8184241539027996e-15,2.777998376103452,B,6.0,473.15,MI,0.9098059978102919,0.8549317391464868,FROZEN_AFTER_AQ_AND_6H_BEFORE_48H_COMPARISON
lower_1sigma__all_small_at_reported_max,2.8184241539027996e-15,2.777998376103452,C,6.0,473.15,MI,0.9098082342207641,0.8549317391464868,FROZEN_AFTER_AQ_AND_6H_BEFORE_48H_COMPARISON
lower_1sigma__all_small_at_reported_max,2.8184241539027996e-15,2.777998376103452,A,6.0,473.15,MS,0.9493609330168954,0.8549317391464868,FROZEN_AFTER_AQ_AND_6H_BEFORE_48H_COMPARISON
lower_1sigma__all_small_at_reported_max,2.8184241539027996e-15,2.777998376103452,B,6.0,473.15,MS,0.9493580946341468,0.8549317391464868,FROZEN_AFTER_AQ_AND_6H_BEFORE_48H_COMPARISON
lower_1sigma__all_small_at_reported_max,2.8184241539027996e-15,2.777998376103452,C,6.0,473.15,MS,0.9493604752313008,0.8549317391464868,FROZEN_AFTER_AQ_AND_6H_BEFORE_48H_COMPARISON
lower_1sigma__all_small_at_reported_max,2.8184241539027996e-15,2.777998376103452,A,6.0,473.15,MIS,0.9096757850250747,0.8549317391464868,FROZEN_AFTER_AQ_AND_6H_BEFORE_48H_COMPARISON
lower_1sigma__all_small_at_reported_max,2.8184241539027996e-15,2.777998376103452,B,6.0,473.15,MIS,0.9096735148966126,0.8549317391464868,FROZEN_AFTER_AQ_AND_6H_BEFORE_48H_COMPARISON
lower_1sigma__all_small_at_reported_max,2.8184241539027996e-15,2.777998376103452,C,6.0,473.15,MIS,0.9096757576946262,0.8549317391464868,FROZEN_AFTER_AQ_AND_6H_BEFORE_48H_COMPARISON
lower_1sigma__all_small_at_reported_max,2.8184241539027996e-15,2.777998376103452,A,6.0,523.15,M0,0.8978766521947272,0.8542204211557212,FROZEN_AFTER_AQ_AND_6H_BEFORE_48H_COMPARISON
lower_1sigma__all_small_at_reported_max,2.8184241539027996e-15,2.777998376103452,B,6.0,523.15,M0,0.8978751500066754,0.8542204211557212,FROZEN_AFTER_AQ_AND_6H_BEFORE_48H_COMPARISON
lower_1sigma__all_small_at_reported_max,2.8184241539027996e-15,2.777998376103452,C,6.0,523.15,M0,0.8978772076492322,0.8542204211557212,FROZEN_AFTER_AQ_AND_6H_BEFORE_48H_COMPARISON
lower_1sigma__all_small_at_reported_max,2.8184241539027996e-15,2.777998376103452,A,6.0,523.15,MI,0.8620566743772299,0.8542204211557212,FROZEN_AFTER_AQ_AND_6H_BEFORE_48H_COMPARISON
lower_1sigma__all_small_at_reported_max,2.8184241539027996e-15,2.777998376103452,B,6.0,523.15,MI,0.8620552094661306,0.8542204211557212,FROZEN_AFTER_AQ_AND_6H_BEFORE_48H_COMPARISON
lower_1sigma__all_small_at_reported_max,2.8184241539027996e-15,2.777998376103452,C,6.0,523.15,MI,0.862057216562913,0.8542204211557212,FROZEN_AFTER_AQ_AND_6H_BEFORE_48H_COMPARISON
lower_1sigma__all_small_at_reported_max,2.8184241539027996e-15,2.777998376103452,A,6.0,523.15,MS,0.8976832956461216,0.8542204211557212,FROZEN_AFTER_AQ_AND_6H_BEFORE_48H_COMPARISON
lower_1sigma__all_small_at_reported_max,2.8184241539027996e-15,2.777998376103452,B,6.0,523.15,MS,0.897680745681123,0.8542204211557212,FROZEN_AFTER_AQ_AND_6H_BEFORE_48H_COMPARISON
lower_1sigma__all_small_at_reported_max,2.8184241539027996e-15,2.777998376103452,C,6.0,523.15,MS,0.8976828799330305,0.8542204211557212,FROZEN_AFTER_AQ_AND_6H_BEFORE_48H_COMPARISON
lower_1sigma__all_small_at_reported_max,2.8184241539027996e-15,2.777998376103452,A,6.0,523.15,MIS,0.8619361730162025,0.8542204211557212,FROZEN_AFTER_AQ_AND_6H_BEFORE_48H_COMPARISON
lower_1sigma__all_small_at_reported_max,2.8184241539027996e-15,2.777998376103452,B,6.0,523.15,MIS,0.8619341209001761,0.8542204211557212,FROZEN_AFTER_AQ_AND_6H_BEFORE_48H_COMPARISON
lower_1sigma__all_small_at_reported_max,2.8184241539027996e-15,2.777998376103452,C,6.0,523.15,MIS,0.8619361359183765,0.8542204211557212,FROZEN_AFTER_AQ_AND_6H_BEFORE_48H_COMPARISON
lower_1sigma__all_small_at_reported_max,2.8184241539027996e-15,2.777998376103452,A,6.0,573.15,M0,0.8514752960816698,0.85,FROZEN_AFTER_AQ_AND_6H_BEFORE_48H_COMPARISON
lower_1sigma__all_small_at_reported_max,2.8184241539027996e-15,2.777998376103452,B,6.0,573.15,M0,0.8514739426911575,0.85,FROZEN_AFTER_AQ_AND_6H_BEFORE_48H_COMPARISON
lower_1sigma__all_small_at_reported_max,2.8184241539027996e-15,2.777998376103452,C,6.0,573.15,M0,0.8514757965155694,0.85,FROZEN_AFTER_AQ_AND_6H_BEFORE_48H_COMPARISON
lower_1sigma__all_small_at_reported_max,2.8184241539027996e-15,2.777998376103452,A,6.0,573.15,MI,0.8190336073195222,0.85,FROZEN_AFTER_AQ_AND_6H_BEFORE_48H_COMPARISON
lower_1sigma__all_small_at_reported_max,2.8184241539027996e-15,2.777998376103452,B,6.0,573.15,MI,0.8190322854239032,0.85,FROZEN_AFTER_AQ_AND_6H_BEFORE_48H_COMPARISON
lower_1sigma__all_small_at_reported_max,2.8184241539027996e-15,2.777998376103452,C,6.0,573.15,MI,0.8190340965757188,0.85,FROZEN_AFTER_AQ_AND_6H_BEFORE_48H_COMPARISON
lower_1sigma__all_small_at_reported_max,2.8184241539027996e-15,2.777998376103452,A,6.0,573.15,MS,0.8513006593955988,0.85,FROZEN_AFTER_AQ_AND_6H_BEFORE_48H_COMPARISON
lower_1sigma__all_small_at_reported_max,2.8184241539027996e-15,2.777998376103452,B,6.0,573.15,MS,0.8512983558836905,0.85,FROZEN_AFTER_AQ_AND_6H_BEFORE_48H_COMPARISON
lower_1sigma__all_small_at_reported_max,2.8184241539027996e-15,2.777998376103452,C,6.0,573.15,MS,0.8513002798299166,0.85,FROZEN_AFTER_AQ_AND_6H_BEFORE_48H_COMPARISON
lower_1sigma__all_small_at_reported_max,2.8184241539027996e-15,2.777998376103452,A,6.0,573.15,MIS,0.8189229981654921,0.85,FROZEN_AFTER_AQ_AND_6H_BEFORE_48H_COMPARISON
lower_1sigma__all_small_at_reported_max,2.8184241539027996e-15,2.777998376103452,B,6.0,573.15,MIS,0.8189211336166577,0.85,FROZEN_AFTER_AQ_AND_6H_BEFORE_48H_COMPARISON
lower_1sigma__all_small_at_reported_max,2.8184241539027996e-15,2.777998376103452,C,6.0,573.15,MIS,0.8189229537926468,0.85,FROZEN_AFTER_AQ_AND_6H_BEFORE_48H_COMPARISON
lower_1sigma__all_small_at_reported_max,2.8184241539027996e-15,2.777998376103452,A,48.0,303.15,M0,1.1767084381901545,1.5171687885490504,FROZEN_AFTER_AQ_AND_6H_BEFORE_48H_COMPARISON
lower_1sigma__all_small_at_reported_max,2.8184241539027996e-15,2.777998376103452,B,48.0,303.15,M0,1.1749796459870117,1.5171687885490504,FROZEN_AFTER_AQ_AND_6H_BEFORE_48H_COMPARISON
lower_1sigma__all_small_at_reported_max,2.8184241539027996e-15,2.777998376103452,C,48.0,303.15,M0,1.1778264506459117,1.5171687885490504,FROZEN_AFTER_AQ_AND_6H_BEFORE_48H_COMPARISON
lower_1sigma__all_small_at_reported_max,2.8184241539027996e-15,2.777998376103452,A,48.0,303.15,MI,1.1522455494422335,1.5171687885490504,FROZEN_AFTER_AQ_AND_6H_BEFORE_48H_COMPARISON
lower_1sigma__all_small_at_reported_max,2.8184241539027996e-15,2.777998376103452,B,48.0,303.15,MI,1.1480353854904821,1.5171687885490504,FROZEN_AFTER_AQ_AND_6H_BEFORE_48H_COMPARISON
lower_1sigma__all_small_at_reported_max,2.8184241539027996e-15,2.777998376103452,C,48.0,303.15,MI,1.1559799148723444,1.5171687885490504,FROZEN_AFTER_AQ_AND_6H_BEFORE_48H_COMPARISON
lower_1sigma__all_small_at_reported_max,2.8184241539027996e-15,2.777998376103452,A,48.0,303.15,MS,1.1764478645655907,1.5171687885490504,FROZEN_AFTER_AQ_AND_6H_BEFORE_48H_COMPARISON
lower_1sigma__all_small_at_reported_max,2.8184241539027996e-15,2.777998376103452,B,48.0,303.15,MS,1.1747176611253187,1.5171687885490504,FROZEN_AFTER_AQ_AND_6H_BEFORE_48H_COMPARISON
lower_1sigma__all_small_at_reported_max,2.8184241539027996e-15,2.777998376103452,C,48.0,303.15,MS,1.17758063081545,1.5171687885490504,FROZEN_AFTER_AQ_AND_6H_BEFORE_48H_COMPARISON
lower_1sigma__all_small_at_reported_max,2.8184241539027996e-15,2.777998376103452,A,48.0,303.15,MIS,1.1520523585820426,1.5171687885490504,FROZEN_AFTER_AQ_AND_6H_BEFORE_48H_COMPARISON
lower_1sigma__all_small_at_reported_max,2.8184241539027996e-15,2.777998376103452,B,48.0,303.15,MIS,1.1478455607412537,1.5171687885490504,FROZEN_AFTER_AQ_AND_6H_BEFORE_48H_COMPARISON
lower_1sigma__all_small_at_reported_max,2.8184241539027996e-15,2.777998376103452,C,48.0,303.15,MIS,1.1557924009945169,1.5171687885490504,FROZEN_AFTER_AQ_AND_6H_BEFORE_48H_COMPARISON
lower_1sigma__all_small_at_reported_max,2.8184241539027996e-15,2.777998376103452,A,48.0,323.15,M0,1.14440050144183,1.3578335586176062,FROZEN_AFTER_AQ_AND_6H_BEFORE_48H_COMPARISON
lower_1sigma__all_small_at_reported_max,2.8184241539027996e-15,2.777998376103452,B,48.0,323.15,M0,1.1427702789478913,1.3578335586176062,FROZEN_AFTER_AQ_AND_6H_BEFORE_48H_COMPARISON
lower_1sigma__all_small_at_reported_max,2.8184241539027996e-15,2.777998376103452,C,48.0,323.15,M0,1.145446532058833,1.3578335586176062,FROZEN_AFTER_AQ_AND_6H_BEFORE_48H_COMPARISON
lower_1sigma__all_small_at_reported_max,2.8184241539027996e-15,2.777998376103452,A,48.0,323.15,MI,1.1211918493804163,1.3578335586176062,FROZEN_AFTER_AQ_AND_6H_BEFORE_48H_COMPARISON
lower_1sigma__all_small_at_reported_max,2.8184241539027996e-15,2.777998376103452,B,48.0,323.15,MI,1.1172075417022729,1.3578335586176062,FROZEN_AFTER_AQ_AND_6H_BEFORE_48H_COMPARISON
lower_1sigma__all_small_at_reported_max,2.8184241539027996e-15,2.777998376103452,C,48.0,323.15,MI,1.1247192491153293,1.3578335586176062,FROZEN_AFTER_AQ_AND_6H_BEFORE_48H_COMPARISON
lower_1sigma__all_small_at_reported_max,2.8184241539027996e-15,2.777998376103452,A,48.0,323.15,MS,1.1441519749112574,1.3578335586176062,FROZEN_AFTER_AQ_AND_6H_BEFORE_48H_COMPARISON
lower_1sigma__all_small_at_reported_max,2.8184241539027996e-15,2.777998376103452,B,48.0,323.15,MS,1.1425206366926586,1.3578335586176062,FROZEN_AFTER_AQ_AND_6H_BEFORE_48H_COMPARISON
lower_1sigma__all_small_at_reported_max,2.8184241539027996e-15,2.777998376103452,C,48.0,323.15,MS,1.1452118129065723,1.3578335586176062,FROZEN_AFTER_AQ_AND_6H_BEFORE_48H_COMPARISON
lower_1sigma__all_small_at_reported_max,2.8184241539027996e-15,2.777998376103452,A,48.0,323.15,MIS,1.1210067707452562,1.3578335586176062,FROZEN_AFTER_AQ_AND_6H_BEFORE_48H_COMPARISON
lower_1sigma__all_small_at_reported_max,2.8184241539027996e-15,2.777998376103452,B,48.0,323.15,MIS,1.117025765492638,1.3578335586176062,FROZEN_AFTER_AQ_AND_6H_BEFORE_48H_COMPARISON
lower_1sigma__all_small_at_reported_max,2.8184241539027996e-15,2.777998376103452,C,48.0,323.15,MIS,1.1245395168815742,1.3578335586176062,FROZEN_AFTER_AQ_AND_6H_BEFORE_48H_COMPARISON
lower_1sigma__all_small_at_reported_max,2.8184241539027996e-15,2.777998376103452,A,48.0,373.15,M0,1.070612076328675,1.1846276278662375,FROZEN_AFTER_AQ_AND_6H_BEFORE_48H_COMPARISON
lower_1sigma__all_small_at_reported_max,2.8184241539027996e-15,2.777998376103452,B,48.0,373.15,M0,1.0691952200588364,1.1846276278662375,FROZEN_AFTER_AQ_AND_6H_BEFORE_48H_COMPARISON
lower_1sigma__all_small_at_reported_max,2.8184241539027996e-15,2.777998376103452,C,48.0,373.15,M0,1.0715046526791394,1.1846276278662375,FROZEN_AFTER_AQ_AND_6H_BEFORE_48H_COMPARISON
lower_1sigma__all_small_at_reported_max,2.8184241539027996e-15,2.777998376103452,A,48.0,373.15,MI,1.050141798470883,1.1846276278662375,FROZEN_AFTER_AQ_AND_6H_BEFORE_48H_COMPARISON
lower_1sigma__all_small_at_reported_max,2.8184241539027996e-15,2.777998376103452,B,48.0,373.15,MI,1.0466489350956476,1.1846276278662375,FROZEN_AFTER_AQ_AND_6H_BEFORE_48H_COMPARISON
lower_1sigma__all_small_at_reported_max,2.8184241539027996e-15,2.777998376103452,C,48.0,373.15,MI,1.0532208984612148,1.1846276278662375,FROZEN_AFTER_AQ_AND_6H_BEFORE_48H_COMPARISON
lower_1sigma__all_small_at_reported_max,2.8184241539027996e-15,2.777998376103452,A,48.0,373.15,MS,1.0703901188355303,1.1846276278662375,FROZEN_AFTER_AQ_AND_6H_BEFORE_48H_COMPARISON
lower_1sigma__all_small_at_reported_max,2.8184241539027996e-15,2.777998376103452,B,48.0,373.15,MS,1.0689727487215643,1.1846276278662375,FROZEN_AFTER_AQ_AND_6H_BEFORE_48H_COMPARISON
lower_1sigma__all_small_at_reported_max,2.8184241539027996e-15,2.777998376103452,C,48.0,373.15,MS,1.0712944736830117,1.1846276278662375,FROZEN_AFTER_AQ_AND_6H_BEFORE_48H_COMPARISON
lower_1sigma__all_small_at_reported_max,2.8184241539027996e-15,2.777998376103452,A,48.0,373.15,MIS,1.0499747798460157,1.1846276278662375,FROZEN_AFTER_AQ_AND_6H_BEFORE_48H_COMPARISON
lower_1sigma__all_small_at_reported_max,2.8184241539027996e-15,2.777998376103452,B,48.0,373.15,MIS,1.0464850648639472,1.1846276278662375,FROZEN_AFTER_AQ_AND_6H_BEFORE_48H_COMPARISON
lower_1sigma__all_small_at_reported_max,2.8184241539027996e-15,2.777998376103452,C,48.0,373.15,MIS,1.0530585052087698,1.1846276278662375,FROZEN_AFTER_AQ_AND_6H_BEFORE_48H_COMPARISON
lower_1sigma__all_small_at_reported_max,2.8184241539027996e-15,2.777998376103452,A,48.0,423.15,M0,1.0055350299498385,1.0846874501637025,FROZEN_AFTER_AQ_AND_6H_BEFORE_48H_COMPARISON
lower_1sigma__all_small_at_reported_max,2.8184241539027996e-15,2.777998376103452,B,48.0,423.15,M0,1.0042929652981292,1.0846874501637025,FROZEN_AFTER_AQ_AND_6H_BEFORE_48H_COMPARISON
lower_1sigma__all_small_at_reported_max,2.8184241539027996e-15,2.777998376103452,C,48.0,423.15,M0,1.0063044397777472,1.0846874501637025,FROZEN_AFTER_AQ_AND_6H_BEFORE_48H_COMPARISON
lower_1sigma__all_small_at_reported_max,2.8184241539027996e-15,2.777998376103452,A,48.0,423.15,MI,0.9873387067251491,1.0846874501637025,FROZEN_AFTER_AQ_AND_6H_BEFORE_48H_COMPARISON
lower_1sigma__all_small_at_reported_max,2.8184241539027996e-15,2.777998376103452,B,48.0,423.15,MI,0.9842516980190928,1.0846874501637025,FROZEN_AFTER_AQ_AND_6H_BEFORE_48H_COMPARISON
lower_1sigma__all_small_at_reported_max,2.8184241539027996e-15,2.777998376103452,C,48.0,423.15,MI,0.9900497287308951,1.0846874501637025,FROZEN_AFTER_AQ_AND_6H_BEFORE_48H_COMPARISON
lower_1sigma__all_small_at_reported_max,2.8184241539027996e-15,2.777998376103452,A,48.0,423.15,MS,1.00533544834498,1.0846874501637025,FROZEN_AFTER_AQ_AND_6H_BEFORE_48H_COMPARISON
lower_1sigma__all_small_at_reported_max,2.8184241539027996e-15,2.777998376103452,B,48.0,423.15,MS,1.0040933198853066,1.0846874501637025,FROZEN_AFTER_AQ_AND_6H_BEFORE_48H_COMPARISON
lower_1sigma__all_small_at_reported_max,2.8184241539027996e-15,2.777998376103452,C,48.0,423.15,MS,1.0061149945873076,1.0846874501637025,FROZEN_AFTER_AQ_AND_6H_BEFORE_48H_COMPARISON
lower_1sigma__all_small_at_reported_max,2.8184241539027996e-15,2.777998376103452,A,48.0,423.15,MIS,0.9871870928190384,1.0846874501637025,FROZEN_AFTER_AQ_AND_6H_BEFORE_48H_COMPARISON
lower_1sigma__all_small_at_reported_max,2.8184241539027996e-15,2.777998376103452,B,48.0,423.15,MIS,0.9841030863811163,1.0846874501637025,FROZEN_AFTER_AQ_AND_6H_BEFORE_48H_COMPARISON
lower_1sigma__all_small_at_reported_max,2.8184241539027996e-15,2.777998376103452,C,48.0,423.15,MIS,0.9899021432673182,1.0846874501637025,FROZEN_AFTER_AQ_AND_6H_BEFORE_48H_COMPARISON
lower_1sigma__all_small_at_reported_max,2.8184241539027996e-15,2.777998376103452,A,48.0,473.15,M0,0.9477959649746728,1.08433179116832,FROZEN_AFTER_AQ_AND_6H_BEFORE_48H_COMPARISON
lower_1sigma__all_small_at_reported_max,2.8184241539027996e-15,2.777998376103452,B,48.0,473.15,M0,0.9466986379658252,1.08433179116832,FROZEN_AFTER_AQ_AND_6H_BEFORE_48H_COMPARISON
lower_1sigma__all_small_at_reported_max,2.8184241539027996e-15,2.777998376103452,C,48.0,473.15,M0,0.9484652667885717,1.08433179116832,FROZEN_AFTER_AQ_AND_6H_BEFORE_48H_COMPARISON
lower_1sigma__all_small_at_reported_max,2.8184241539027996e-15,2.777998376103452,A,48.0,473.15,MI,0.9315089250667308,1.08433179116832,FROZEN_AFTER_AQ_AND_6H_BEFORE_48H_COMPARISON
lower_1sigma__all_small_at_reported_max,2.8184241539027996e-15,2.777998376103452,B,48.0,473.15,MI,0.9287607309214091,1.08433179116832,FROZEN_AFTER_AQ_AND_6H_BEFORE_48H_COMPARISON
lower_1sigma__all_small_at_reported_max,2.8184241539027996e-15,2.777998376103452,C,48.0,473.15,MI,0.9339142210789692,1.08433179116832,FROZEN_AFTER_AQ_AND_6H_BEFORE_48H_COMPARISON
lower_1sigma__all_small_at_reported_max,2.8184241539027996e-15,2.777998376103452,A,48.0,473.15,MS,0.947615420863876,1.08433179116832,FROZEN_AFTER_AQ_AND_6H_BEFORE_48H_COMPARISON
lower_1sigma__all_small_at_reported_max,2.8184241539027996e-15,2.777998376103452,B,48.0,473.15,MS,0.9465183685587788,1.08433179116832,FROZEN_AFTER_AQ_AND_6H_BEFORE_48H_COMPARISON
lower_1sigma__all_small_at_reported_max,2.8184241539027996e-15,2.777998376103452,C,48.0,473.15,MS,0.9482935139493229,1.08433179116832,FROZEN_AFTER_AQ_AND_6H_BEFORE_48H_COMPARISON
lower_1sigma__all_small_at_reported_max,2.8184241539027996e-15,2.777998376103452,A,48.0,473.15,MIS,0.9313705717060509,1.08433179116832,FROZEN_AFTER_AQ_AND_6H_BEFORE_48H_COMPARISON
lower_1sigma__all_small_at_reported_max,2.8184241539027996e-15,2.777998376103452,B,48.0,473.15,MIS,0.9286252418602867,1.08433179116832,FROZEN_AFTER_AQ_AND_6H_BEFORE_48H_COMPARISON
lower_1sigma__all_small_at_reported_max,2.8184241539027996e-15,2.777998376103452,C,48.0,473.15,MIS,0.9337793973438384,1.08433179116832,FROZEN_AFTER_AQ_AND_6H_BEFORE_48H_COMPARISON
lower_1sigma__all_small_at_reported_max,2.8184241539027996e-15,2.777998376103452,A,48.0,523.15,M0,0.8962609413730938,1.0405857347362493,FROZEN_AFTER_AQ_AND_6H_BEFORE_48H_COMPARISON
lower_1sigma__all_small_at_reported_max,2.8184241539027996e-15,2.777998376103452,B,48.0,523.15,M0,0.8952846914130926,1.0405857347362493,FROZEN_AFTER_AQ_AND_6H_BEFORE_48H_COMPARISON
lower_1sigma__all_small_at_reported_max,2.8184241539027996e-15,2.777998376103452,C,48.0,523.15,M0,0.8968479237568683,1.0405857347362493,FROZEN_AFTER_AQ_AND_6H_BEFORE_48H_COMPARISON
lower_1sigma__all_small_at_reported_max,2.8184241539027996e-15,2.777998376103452,A,48.0,523.15,MI,0.8815929548259424,1.0405857347362493,FROZEN_AFTER_AQ_AND_6H_BEFORE_48H_COMPARISON
lower_1sigma__all_small_at_reported_max,2.8184241539027996e-15,2.777998376103452,B,48.0,523.15,MI,0.8791304379291631,1.0405857347362493,FROZEN_AFTER_AQ_AND_6H_BEFORE_48H_COMPARISON
lower_1sigma__all_small_at_reported_max,2.8184241539027996e-15,2.777998376103452,C,48.0,523.15,MI,0.8837416317274845,1.0405857347362493,FROZEN_AFTER_AQ_AND_6H_BEFORE_48H_COMPARISON
lower_1sigma__all_small_at_reported_max,2.8184241539027996e-15,2.777998376103452,A,48.0,523.15,MS,0.8960967416129841,1.0405857347362493,FROZEN_AFTER_AQ_AND_6H_BEFORE_48H_COMPARISON
lower_1sigma__all_small_at_reported_max,2.8184241539027996e-15,2.777998376103452,B,48.0,523.15,MS,0.895121021824762,1.0405857347362493,FROZEN_AFTER_AQ_AND_6H_BEFORE_48H_COMPARISON
lower_1sigma__all_small_at_reported_max,2.8184241539027996e-15,2.777998376103452,C,48.0,523.15,MS,0.896691401485912,1.0405857347362493,FROZEN_AFTER_AQ_AND_6H_BEFORE_48H_COMPARISON
lower_1sigma__all_small_at_reported_max,2.8184241539027996e-15,2.777998376103452,A,48.0,523.15,MIS,0.8814661095808154,1.0405857347362493,FROZEN_AFTER_AQ_AND_6H_BEFORE_48H_COMPARISON
lower_1sigma__all_small_at_reported_max,2.8184241539027996e-15,2.777998376103452,B,48.0,523.15,MIS,0.879006327111535,1.0405857347362493,FROZEN_AFTER_AQ_AND_6H_BEFORE_48H_COMPARISON
lower_1sigma__all_small_at_reported_max,2.8184241539027996e-15,2.777998376103452,C,48.0,523.15,MIS,0.8836178957349081,1.0405857347362493,FROZEN_AFTER_AQ_AND_6H_BEFORE_48H_COMPARISON
lower_1sigma__all_small_at_reported_max,2.8184241539027996e-15,2.777998376103452,A,48.0,573.15,M0,0.850002591422403,1.03,FROZEN_AFTER_AQ_AND_6H_BEFORE_48H_COMPARISON
lower_1sigma__all_small_at_reported_max,2.8184241539027996e-15,2.777998376103452,B,48.0,573.15,M0,0.8491285825523479,1.03,FROZEN_AFTER_AQ_AND_6H_BEFORE_48H_COMPARISON
lower_1sigma__all_small_at_reported_max,2.8184241539027996e-15,2.777998376103452,C,48.0,573.15,M0,0.8505211581826271,1.03,FROZEN_AFTER_AQ_AND_6H_BEFORE_48H_COMPARISON
lower_1sigma__all_small_at_reported_max,2.8184241539027996e-15,2.777998376103452,A,48.0,573.15,MI,0.8367198027515476,1.03,FROZEN_AFTER_AQ_AND_6H_BEFORE_48H_COMPARISON
lower_1sigma__all_small_at_reported_max,2.8184241539027996e-15,2.777998376103452,B,48.0,573.15,MI,0.8345003524144309,1.03,FROZEN_AFTER_AQ_AND_6H_BEFORE_48H_COMPARISON
lower_1sigma__all_small_at_reported_max,2.8184241539027996e-15,2.777998376103452,C,48.0,573.15,MI,0.8386510228627859,1.03,FROZEN_AFTER_AQ_AND_6H_BEFORE_48H_COMPARISON
lower_1sigma__all_small_at_reported_max,2.8184241539027996e-15,2.777998376103452,A,48.0,573.15,MS,0.849852537679071,1.03,FROZEN_AFTER_AQ_AND_6H_BEFORE_48H_COMPARISON
lower_1sigma__all_small_at_reported_max,2.8184241539027996e-15,2.777998376103452,B,48.0,573.15,MS,0.8489792518728663,1.03,FROZEN_AFTER_AQ_AND_6H_BEFORE_48H_COMPARISON
lower_1sigma__all_small_at_reported_max,2.8184241539027996e-15,2.777998376103452,C,48.0,573.15,MS,0.850377850817782,1.03,FROZEN_AFTER_AQ_AND_6H_BEFORE_48H_COMPARISON
lower_1sigma__all_small_at_reported_max,2.8184241539027996e-15,2.777998376103452,A,48.0,573.15,MIS,0.8366030178056122,1.03,FROZEN_AFTER_AQ_AND_6H_BEFORE_48H_COMPARISON
lower_1sigma__all_small_at_reported_max,2.8184241539027996e-15,2.777998376103452,B,48.0,573.15,MIS,0.8343861798695522,1.03,FROZEN_AFTER_AQ_AND_6H_BEFORE_48H_COMPARISON
lower_1sigma__all_small_at_reported_max,2.8184241539027996e-15,2.777998376103452,C,48.0,573.15,MIS,0.8385369901664513,1.03,FROZEN_AFTER_AQ_AND_6H_BEFORE_48H_COMPARISON
lower_1sigma__single_APT_37to6_prolate_AR10,2.810991953986593e-15,2.8499224882370107,A,6.0,303.15,M0,1.1807726411723558,1.2625169478550462,FROZEN_AFTER_AQ_AND_6H_BEFORE_48H_COMPARISON
lower_1sigma__single_APT_37to6_prolate_AR10,2.810991953986593e-15,2.8499224882370107,B,6.0,303.15,M0,1.1807700713738547,1.2625169478550462,FROZEN_AFTER_AQ_AND_6H_BEFORE_48H_COMPARISON
lower_1sigma__single_APT_37to6_prolate_AR10,2.810991953986593e-15,2.8499224882370107,C,6.0,303.15,M0,1.1807735913990094,1.2625169478550462,FROZEN_AFTER_AQ_AND_6H_BEFORE_48H_COMPARISON
lower_1sigma__single_APT_37to6_prolate_AR10,2.810991953986593e-15,2.8499224882370107,A,6.0,303.15,MI,1.1195923405156294,1.2625169478550462,FROZEN_AFTER_AQ_AND_6H_BEFORE_48H_COMPARISON
lower_1sigma__single_APT_37to6_prolate_AR10,2.810991953986593e-15,2.8499224882370107,B,6.0,303.15,MI,1.1195898609514396,1.2625169478550462,FROZEN_AFTER_AQ_AND_6H_BEFORE_48H_COMPARISON
lower_1sigma__single_APT_37to6_prolate_AR10,2.810991953986593e-15,2.8499224882370107,C,6.0,303.15,MI,1.1195932582356132,1.2625169478550462,FROZEN_AFTER_AQ_AND_6H_BEFORE_48H_COMPARISON
lower_1sigma__single_APT_37to6_prolate_AR10,2.810991953986593e-15,2.8499224882370107,A,6.0,303.15,MS,1.1804446586000223,1.2625169478550462,FROZEN_AFTER_AQ_AND_6H_BEFORE_48H_COMPARISON
lower_1sigma__single_APT_37to6_prolate_AR10,2.810991953986593e-15,2.8499224882370107,B,6.0,303.15,MS,1.1804403524005644,1.2625169478550462,FROZEN_AFTER_AQ_AND_6H_BEFORE_48H_COMPARISON
lower_1sigma__single_APT_37to6_prolate_AR10,2.810991953986593e-15,2.8499224882370107,C,6.0,303.15,MS,1.1804439872270345,1.2625169478550462,FROZEN_AFTER_AQ_AND_6H_BEFORE_48H_COMPARISON
lower_1sigma__single_APT_37to6_prolate_AR10,2.810991953986593e-15,2.8499224882370107,A,6.0,303.15,MIS,1.1194078244547165,1.2625169478550462,FROZEN_AFTER_AQ_AND_6H_BEFORE_48H_COMPARISON
lower_1sigma__single_APT_37to6_prolate_AR10,2.810991953986593e-15,2.8499224882370107,B,6.0,303.15,MIS,1.119404479863925,1.2625169478550462,FROZEN_AFTER_AQ_AND_6H_BEFORE_48H_COMPARISON
lower_1sigma__single_APT_37to6_prolate_AR10,2.810991953986593e-15,2.8499224882370107,C,6.0,303.15,MIS,1.1194078716497913,1.2625169478550462,FROZEN_AFTER_AQ_AND_6H_BEFORE_48H_COMPARISON
lower_1sigma__single_APT_37to6_prolate_AR10,2.810991953986593e-15,2.8499224882370107,A,6.0,323.15,M0,1.1482645417966648,1.0882440401175293,FROZEN_AFTER_AQ_AND_6H_BEFORE_48H_COMPARISON
lower_1sigma__single_APT_37to6_prolate_AR10,2.810991953986593e-15,2.8499224882370107,B,6.0,323.15,M0,1.1482621085891762,1.0882440401175293,FROZEN_AFTER_AQ_AND_6H_BEFORE_48H_COMPARISON
lower_1sigma__single_APT_37to6_prolate_AR10,2.810991953986593e-15,2.8499224882370107,C,6.0,323.15,M0,1.1482654415154423,1.0882440401175293,FROZEN_AFTER_AQ_AND_6H_BEFORE_48H_COMPARISON
lower_1sigma__single_APT_37to6_prolate_AR10,2.810991953986593e-15,2.8499224882370107,A,6.0,323.15,MI,1.0902189374614764,1.0882440401175293,FROZEN_AFTER_AQ_AND_6H_BEFORE_48H_COMPARISON
lower_1sigma__single_APT_37to6_prolate_AR10,2.810991953986593e-15,2.8499224882370107,B,6.0,323.15,MI,1.090216586975148,1.0882440401175293,FROZEN_AFTER_AQ_AND_6H_BEFORE_48H_COMPARISON
lower_1sigma__single_APT_37to6_prolate_AR10,2.810991953986593e-15,2.8499224882370107,C,6.0,323.15,MI,1.0902198074096483,1.0882440401175293,FROZEN_AFTER_AQ_AND_6H_BEFORE_48H_COMPARISON
lower_1sigma__single_APT_37to6_prolate_AR10,2.810991953986593e-15,2.8499224882370107,A,6.0,323.15,MS,1.147953901761477,1.0882440401175293,FROZEN_AFTER_AQ_AND_6H_BEFORE_48H_COMPARISON
lower_1sigma__single_APT_37to6_prolate_AR10,2.810991953986593e-15,2.8499224882370107,B,6.0,323.15,MS,1.1479498196845073,1.0882440401175293,FROZEN_AFTER_AQ_AND_6H_BEFORE_48H_COMPARISON
lower_1sigma__single_APT_37to6_prolate_AR10,2.810991953986593e-15,2.8499224882370107,C,6.0,323.15,MS,1.1479532632338418,1.0882440401175293,FROZEN_AFTER_AQ_AND_6H_BEFORE_48H_COMPARISON
lower_1sigma__single_APT_37to6_prolate_AR10,2.810991953986593e-15,2.8499224882370107,A,6.0,323.15,MIS,1.0900424000339781,1.0882440401175293,FROZEN_AFTER_AQ_AND_6H_BEFORE_48H_COMPARISON
lower_1sigma__single_APT_37to6_prolate_AR10,2.810991953986593e-15,2.8499224882370107,B,6.0,323.15,MIS,1.0900392187308687,1.0882440401175293,FROZEN_AFTER_AQ_AND_6H_BEFORE_48H_COMPARISON
lower_1sigma__single_APT_37to6_prolate_AR10,2.810991953986593e-15,2.8499224882370107,C,6.0,323.15,MIS,1.090042435602321,1.0882440401175293,FROZEN_AFTER_AQ_AND_6H_BEFORE_48H_COMPARISON
lower_1sigma__single_APT_37to6_prolate_AR10,2.810991953986593e-15,2.8499224882370107,A,6.0,373.15,M0,1.0740360248797907,0.9630520737428236,FROZEN_AFTER_AQ_AND_6H_BEFORE_48H_COMPARISON
lower_1sigma__single_APT_37to6_prolate_AR10,2.810991953986593e-15,2.8499224882370107,B,6.0,373.15,M0,1.0740338900716258,0.9630520737428236,FROZEN_AFTER_AQ_AND_6H_BEFORE_48H_COMPARISON
lower_1sigma__single_APT_37to6_prolate_AR10,2.810991953986593e-15,2.8499224882370107,C,6.0,373.15,M0,1.074036814258512,0.9630520737428236,FROZEN_AFTER_AQ_AND_6H_BEFORE_48H_COMPARISON
lower_1sigma__single_APT_37to6_prolate_AR10,2.810991953986593e-15,2.8499224882370107,A,6.0,373.15,MI,1.0228345118742401,0.9630520737428236,FROZEN_AFTER_AQ_AND_6H_BEFORE_48H_COMPARISON
lower_1sigma__single_APT_37to6_prolate_AR10,2.810991953986593e-15,2.8499224882370107,B,6.0,373.15,MI,1.02283244422476,0.9630520737428236,FROZEN_AFTER_AQ_AND_6H_BEFORE_48H_COMPARISON
lower_1sigma__single_APT_37to6_prolate_AR10,2.810991953986593e-15,2.8499224882370107,C,6.0,373.15,MI,1.0228352771445015,0.9630520737428236,FROZEN_AFTER_AQ_AND_6H_BEFORE_48H_COMPARISON
lower_1sigma__single_APT_37to6_prolate_AR10,2.810991953986593e-15,2.8499224882370107,A,6.0,373.15,MS,1.0737630950458472,0.9630520737428236,FROZEN_AFTER_AQ_AND_6H_BEFORE_48H_COMPARISON
lower_1sigma__single_APT_37to6_prolate_AR10,2.810991953986593e-15,2.8499224882370107,B,6.0,373.15,MS,1.0737595028129279,0.9630520737428236,FROZEN_AFTER_AQ_AND_6H_BEFORE_48H_COMPARISON
lower_1sigma__single_APT_37to6_prolate_AR10,2.810991953986593e-15,2.8499224882370107,C,6.0,373.15,MS,1.0737625278317986,0.9630520737428236,FROZEN_AFTER_AQ_AND_6H_BEFORE_48H_COMPARISON
lower_1sigma__single_APT_37to6_prolate_AR10,2.810991953986593e-15,2.8499224882370107,A,6.0,373.15,MIS,1.0226757094311076,0.9630520737428236,FROZEN_AFTER_AQ_AND_6H_BEFORE_48H_COMPARISON
lower_1sigma__single_APT_37to6_prolate_AR10,2.810991953986593e-15,2.8499224882370107,B,6.0,373.15,MIS,1.0226728875891922,0.9630520737428236,FROZEN_AFTER_AQ_AND_6H_BEFORE_48H_COMPARISON
lower_1sigma__single_APT_37to6_prolate_AR10,2.810991953986593e-15,2.8499224882370107,C,6.0,373.15,MIS,1.02267572089331,0.9630520737428236,FROZEN_AFTER_AQ_AND_6H_BEFORE_48H_COMPARISON
lower_1sigma__single_APT_37to6_prolate_AR10,2.810991953986593e-15,2.8499224882370107,A,6.0,423.15,M0,1.0085899410612946,0.8755599608786824,FROZEN_AFTER_AQ_AND_6H_BEFORE_48H_COMPARISON
lower_1sigma__single_APT_37to6_prolate_AR10,2.810991953986593e-15,2.8499224882370107,B,6.0,423.15,M0,1.0085880537363918,0.8755599608786824,FROZEN_AFTER_AQ_AND_6H_BEFORE_48H_COMPARISON
lower_1sigma__single_APT_37to6_prolate_AR10,2.810991953986593e-15,2.8499224882370107,C,6.0,423.15,M0,1.008590638927752,0.8755599608786824,FROZEN_AFTER_AQ_AND_6H_BEFORE_48H_COMPARISON
lower_1sigma__single_APT_37to6_prolate_AR10,2.810991953986593e-15,2.8499224882370107,A,6.0,423.15,MI,0.9630717314551549,0.8755599608786824,FROZEN_AFTER_AQ_AND_6H_BEFORE_48H_COMPARISON
lower_1sigma__single_APT_37to6_prolate_AR10,2.810991953986593e-15,2.8499224882370107,B,6.0,423.15,MI,0.9630698992945432,0.8755599608786824,FROZEN_AFTER_AQ_AND_6H_BEFORE_48H_COMPARISON
lower_1sigma__single_APT_37to6_prolate_AR10,2.810991953986593e-15,2.8499224882370107,C,6.0,423.15,MI,0.963072409571022,0.8755599608786824,FROZEN_AFTER_AQ_AND_6H_BEFORE_48H_COMPARISON
lower_1sigma__single_APT_37to6_prolate_AR10,2.810991953986593e-15,2.8499224882370107,A,6.0,423.15,MS,1.0083481692310008,0.8755599608786824,FROZEN_AFTER_AQ_AND_6H_BEFORE_48H_COMPARISON
lower_1sigma__single_APT_37to6_prolate_AR10,2.810991953986593e-15,2.8499224882370107,B,6.0,423.15,MS,1.0083449839052838,0.8755599608786824,FROZEN_AFTER_AQ_AND_6H_BEFORE_48H_COMPARISON
lower_1sigma__single_APT_37to6_prolate_AR10,2.810991953986593e-15,2.8499224882370107,C,6.0,423.15,MS,1.0083476610541655,0.8755599608786824,FROZEN_AFTER_AQ_AND_6H_BEFORE_48H_COMPARISON
lower_1sigma__single_APT_37to6_prolate_AR10,2.810991953986593e-15,2.8499224882370107,A,6.0,423.15,MIS,0.9629280218741357,0.8755599608786824,FROZEN_AFTER_AQ_AND_6H_BEFORE_48H_COMPARISON
lower_1sigma__single_APT_37to6_prolate_AR10,2.810991953986593e-15,2.8499224882370107,B,6.0,423.15,MIS,0.962925501422605,0.8755599608786824,FROZEN_AFTER_AQ_AND_6H_BEFORE_48H_COMPARISON
lower_1sigma__single_APT_37to6_prolate_AR10,2.810991953986593e-15,2.8499224882370107,C,6.0,423.15,MIS,0.9629280150221892,0.8755599608786824,FROZEN_AFTER_AQ_AND_6H_BEFORE_48H_COMPARISON
lower_1sigma__single_APT_37to6_prolate_AR10,2.810991953986593e-15,2.8499224882370107,A,6.0,473.15,M0,0.9505383021326068,0.8549317391464868,FROZEN_AFTER_AQ_AND_6H_BEFORE_48H_COMPARISON
lower_1sigma__single_APT_37to6_prolate_AR10,2.810991953986593e-15,2.8499224882370107,B,6.0,473.15,M0,0.9505366220262397,0.8549317391464868,FROZEN_AFTER_AQ_AND_6H_BEFORE_48H_COMPARISON
lower_1sigma__single_APT_37to6_prolate_AR10,2.810991953986593e-15,2.8499224882370107,C,6.0,473.15,M0,0.9505389233758168,0.8549317391464868,FROZEN_AFTER_AQ_AND_6H_BEFORE_48H_COMPARISON
lower_1sigma__single_APT_37to6_prolate_AR10,2.810991953986593e-15,2.8499224882370107,A,6.0,473.15,MI,0.9097918192911586,0.8549317391464868,FROZEN_AFTER_AQ_AND_6H_BEFORE_48H_COMPARISON
lower_1sigma__single_APT_37to6_prolate_AR10,2.810991953986593e-15,2.8499224882370107,B,6.0,473.15,MI,0.9097901849720426,0.8549317391464868,FROZEN_AFTER_AQ_AND_6H_BEFORE_48H_COMPARISON
lower_1sigma__single_APT_37to6_prolate_AR10,2.810991953986593e-15,2.8499224882370107,C,6.0,473.15,MI,0.9097924241857979,0.8549317391464868,FROZEN_AFTER_AQ_AND_6H_BEFORE_48H_COMPARISON
lower_1sigma__single_APT_37to6_prolate_AR10,2.810991953986593e-15,2.8499224882370107,A,6.0,473.15,MS,0.9503225816228513,0.8549317391464868,FROZEN_AFTER_AQ_AND_6H_BEFORE_48H_COMPARISON
lower_1sigma__single_APT_37to6_prolate_AR10,2.810991953986593e-15,2.8499224882370107,B,6.0,473.15,MS,0.9503197377554267,0.8549317391464868,FROZEN_AFTER_AQ_AND_6H_BEFORE_48H_COMPARISON
lower_1sigma__single_APT_37to6_prolate_AR10,2.810991953986593e-15,2.8499224882370107,C,6.0,473.15,MS,0.9503221230514464,0.8549317391464868,FROZEN_AFTER_AQ_AND_6H_BEFORE_48H_COMPARISON
lower_1sigma__single_APT_37to6_prolate_AR10,2.810991953986593e-15,2.8499224882370107,A,6.0,473.15,MIS,0.9096610720792705,0.8549317391464868,FROZEN_AFTER_AQ_AND_6H_BEFORE_48H_COMPARISON
lower_1sigma__single_APT_37to6_prolate_AR10,2.810991953986593e-15,2.8499224882370107,B,6.0,473.15,MIS,0.9096588066334206,0.8549317391464868,FROZEN_AFTER_AQ_AND_6H_BEFORE_48H_COMPARISON
lower_1sigma__single_APT_37to6_prolate_AR10,2.810991953986593e-15,2.8499224882370107,C,6.0,473.15,MIS,0.9096610513516341,0.8549317391464868,FROZEN_AFTER_AQ_AND_6H_BEFORE_48H_COMPARISON
lower_1sigma__single_APT_37to6_prolate_AR10,2.810991953986593e-15,2.8499224882370107,A,6.0,523.15,M0,0.8987361982624077,0.8542204211557212,FROZEN_AFTER_AQ_AND_6H_BEFORE_48H_COMPARISON
lower_1sigma__single_APT_37to6_prolate_AR10,2.810991953986593e-15,2.8499224882370107,B,6.0,523.15,M0,0.8987346932491861,0.8542204211557212,FROZEN_AFTER_AQ_AND_6H_BEFORE_48H_COMPARISON
lower_1sigma__single_APT_37to6_prolate_AR10,2.810991953986593e-15,2.8499224882370107,C,6.0,523.15,M0,0.8987367547615704,0.8542204211557212,FROZEN_AFTER_AQ_AND_6H_BEFORE_48H_COMPARISON
lower_1sigma__single_APT_37to6_prolate_AR10,2.810991953986593e-15,2.8499224882370107,A,6.0,523.15,MI,0.8620359298069037,0.8542204211557212,FROZEN_AFTER_AQ_AND_6H_BEFORE_48H_COMPARISON
lower_1sigma__single_APT_37to6_prolate_AR10,2.810991953986593e-15,2.8499224882370107,B,6.0,523.15,MI,0.8620344631541301,0.8542204211557212,FROZEN_AFTER_AQ_AND_6H_BEFORE_48H_COMPARISON
lower_1sigma__single_APT_37to6_prolate_AR10,2.810991953986593e-15,2.8499224882370107,C,6.0,523.15,MI,0.862036472647983,0.8542204211557212,FROZEN_AFTER_AQ_AND_6H_BEFORE_48H_COMPARISON
lower_1sigma__single_APT_37to6_prolate_AR10,2.810991953986593e-15,2.8499224882370107,A,6.0,523.15,MS,0.8985424884629465,0.8542204211557212,FROZEN_AFTER_AQ_AND_6H_BEFORE_48H_COMPARISON
lower_1sigma__single_APT_37to6_prolate_AR10,2.810991953986593e-15,2.8499224882370107,B,6.0,523.15,MS,0.8985399338352237,0.8542204211557212,FROZEN_AFTER_AQ_AND_6H_BEFORE_48H_COMPARISON
lower_1sigma__single_APT_37to6_prolate_AR10,2.810991953986593e-15,2.8499224882370107,C,6.0,523.15,MS,0.8985420720762228,0.8542204211557212,FROZEN_AFTER_AQ_AND_6H_BEFORE_48H_COMPARISON
lower_1sigma__single_APT_37to6_prolate_AR10,2.810991953986593e-15,2.8499224882370107,A,6.0,523.15,MIS,0.8619164064647271,0.8542204211557212,FROZEN_AFTER_AQ_AND_6H_BEFORE_48H_COMPARISON
lower_1sigma__single_APT_37to6_prolate_AR10,2.810991953986593e-15,2.8499224882370107,B,6.0,523.15,MIS,0.8619143586477577,0.8542204211557212,FROZEN_AFTER_AQ_AND_6H_BEFORE_48H_COMPARISON
lower_1sigma__single_APT_37to6_prolate_AR10,2.810991953986593e-15,2.8499224882370107,C,6.0,523.15,MIS,0.8619163752537421,0.8542204211557212,FROZEN_AFTER_AQ_AND_6H_BEFORE_48H_COMPARISON
lower_1sigma__single_APT_37to6_prolate_AR10,2.810991953986593e-15,2.8499224882370107,A,6.0,573.15,M0,0.8522478512896601,0.85,FROZEN_AFTER_AQ_AND_6H_BEFORE_48H_COMPARISON
lower_1sigma__single_APT_37to6_prolate_AR10,2.810991953986593e-15,2.8499224882370107,B,6.0,573.15,M0,0.8522464954843295,0.85,FROZEN_AFTER_AQ_AND_6H_BEFORE_48H_COMPARISON
lower_1sigma__single_APT_37to6_prolate_AR10,2.810991953986593e-15,2.8499224882370107,C,6.0,573.15,M0,0.8522483526164807,0.85,FROZEN_AFTER_AQ_AND_6H_BEFORE_48H_COMPARISON
lower_1sigma__single_APT_37to6_prolate_AR10,2.810991953986593e-15,2.8499224882370107,A,6.0,573.15,MI,0.8190092263533785,0.85,FROZEN_AFTER_AQ_AND_6H_BEFORE_48H_COMPARISON
lower_1sigma__single_APT_37to6_prolate_AR10,2.810991953986593e-15,2.8499224882370107,B,6.0,573.15,MI,0.8190079029565303,0.85,FROZEN_AFTER_AQ_AND_6H_BEFORE_48H_COMPARISON
lower_1sigma__single_APT_37to6_prolate_AR10,2.810991953986593e-15,2.8499224882370107,C,6.0,573.15,MI,0.8190097161750494,0.85,FROZEN_AFTER_AQ_AND_6H_BEFORE_48H_COMPARISON
lower_1sigma__single_APT_37to6_prolate_AR10,2.810991953986593e-15,2.8499224882370107,A,6.0,573.15,MS,0.8520729120110302,0.85,FROZEN_AFTER_AQ_AND_6H_BEFORE_48H_COMPARISON
lower_1sigma__single_APT_37to6_prolate_AR10,2.810991953986593e-15,2.8499224882370107,B,6.0,573.15,MS,0.85207060450152,0.85,FROZEN_AFTER_AQ_AND_6H_BEFORE_48H_COMPARISON
lower_1sigma__single_APT_37to6_prolate_AR10,2.810991953986593e-15,2.8499224882370107,C,6.0,573.15,MS,0.8520725318628929,0.85,FROZEN_AFTER_AQ_AND_6H_BEFORE_48H_COMPARISON
lower_1sigma__single_APT_37to6_prolate_AR10,2.810991953986593e-15,2.8499224882370107,A,6.0,573.15,MIS,0.8188994929424467,0.85,FROZEN_AFTER_AQ_AND_6H_BEFORE_48H_COMPARISON
lower_1sigma__single_APT_37to6_prolate_AR10,2.810991953986593e-15,2.8499224882370107,B,6.0,573.15,MIS,0.8188976323465739,0.85,FROZEN_AFTER_AQ_AND_6H_BEFORE_48H_COMPARISON
lower_1sigma__single_APT_37to6_prolate_AR10,2.810991953986593e-15,2.8499224882370107,C,6.0,573.15,MIS,0.818899453847128,0.85,FROZEN_AFTER_AQ_AND_6H_BEFORE_48H_COMPARISON
lower_1sigma__single_APT_37to6_prolate_AR10,2.810991953986593e-15,2.8499224882370107,A,48.0,303.15,M0,1.1781938963126284,1.5171687885490504,FROZEN_AFTER_AQ_AND_6H_BEFORE_48H_COMPARISON
lower_1sigma__single_APT_37to6_prolate_AR10,2.810991953986593e-15,2.8499224882370107,B,48.0,303.15,M0,1.1764604963248684,1.5171687885490504,FROZEN_AFTER_AQ_AND_6H_BEFORE_48H_COMPARISON
lower_1sigma__single_APT_37to6_prolate_AR10,2.810991953986593e-15,2.8499224882370107,C,48.0,303.15,M0,1.1793152751340203,1.5171687885490504,FROZEN_AFTER_AQ_AND_6H_BEFORE_48H_COMPARISON
lower_1sigma__single_APT_37to6_prolate_AR10,2.810991953986593e-15,2.8499224882370107,A,48.0,303.15,MI,1.153080848126686,1.5171687885490504,FROZEN_AFTER_AQ_AND_6H_BEFORE_48H_COMPARISON
lower_1sigma__single_APT_37to6_prolate_AR10,2.810991953986593e-15,2.8499224882370107,B,48.0,303.15,MI,1.1488046010554989,1.5171687885490504,FROZEN_AFTER_AQ_AND_6H_BEFORE_48H_COMPARISON
lower_1sigma__single_APT_37to6_prolate_AR10,2.810991953986593e-15,2.8499224882370107,C,48.0,303.15,MI,1.1568839916822733,1.5171687885490504,FROZEN_AFTER_AQ_AND_6H_BEFORE_48H_COMPARISON
lower_1sigma__single_APT_37to6_prolate_AR10,2.810991953986593e-15,2.8499224882370107,A,48.0,303.15,MS,1.1779327762096266,1.5171687885490504,FROZEN_AFTER_AQ_AND_6H_BEFORE_48H_COMPARISON
lower_1sigma__single_APT_37to6_prolate_AR10,2.810991953986593e-15,2.8499224882370107,B,48.0,303.15,MS,1.1761979512612917,1.5171687885490504,FROZEN_AFTER_AQ_AND_6H_BEFORE_48H_COMPARISON
lower_1sigma__single_APT_37to6_prolate_AR10,2.810991953986593e-15,2.8499224882370107,C,48.0,303.15,MS,1.1790689521198725,1.5171687885490504,FROZEN_AFTER_AQ_AND_6H_BEFORE_48H_COMPARISON
lower_1sigma__single_APT_37to6_prolate_AR10,2.810991953986593e-15,2.8499224882370107,A,48.0,303.15,MIS,1.1528885837057106,1.5171687885490504,FROZEN_AFTER_AQ_AND_6H_BEFORE_48H_COMPARISON
lower_1sigma__single_APT_37to6_prolate_AR10,2.810991953986593e-15,2.8499224882370107,B,48.0,303.15,MIS,1.148615765117162,1.5171687885490504,FROZEN_AFTER_AQ_AND_6H_BEFORE_48H_COMPARISON
lower_1sigma__single_APT_37to6_prolate_AR10,2.810991953986593e-15,2.8499224882370107,C,48.0,303.15,MIS,1.1566972760967211,1.5171687885490504,FROZEN_AFTER_AQ_AND_6H_BEFORE_48H_COMPARISON
lower_1sigma__single_APT_37to6_prolate_AR10,2.810991953986593e-15,2.8499224882370107,A,48.0,323.15,M0,1.1458042383309557,1.3578335586176062,FROZEN_AFTER_AQ_AND_6H_BEFORE_48H_COMPARISON
lower_1sigma__single_APT_37to6_prolate_AR10,2.810991953986593e-15,2.8499224882370107,B,48.0,323.15,M0,1.144169798521767,1.3578335586176062,FROZEN_AFTER_AQ_AND_6H_BEFORE_48H_COMPARISON
lower_1sigma__single_APT_37to6_prolate_AR10,2.810991953986593e-15,2.8499224882370107,C,48.0,323.15,M0,1.146853323777371,1.3578335586176062,FROZEN_AFTER_AQ_AND_6H_BEFORE_48H_COMPARISON
lower_1sigma__single_APT_37to6_prolate_AR10,2.810991953986593e-15,2.8499224882370107,A,48.0,323.15,MI,1.12197975501546,1.3578335586176062,FROZEN_AFTER_AQ_AND_6H_BEFORE_48H_COMPARISON
lower_1sigma__single_APT_37to6_prolate_AR10,2.810991953986593e-15,2.8499224882370107,B,48.0,323.15,MI,1.117932932983921,1.3578335586176062,FROZEN_AFTER_AQ_AND_6H_BEFORE_48H_COMPARISON
lower_1sigma__single_APT_37to6_prolate_AR10,2.810991953986593e-15,2.8499224882370107,C,48.0,323.15,MI,1.12557221655653,1.3578335586176062,FROZEN_AFTER_AQ_AND_6H_BEFORE_48H_COMPARISON
lower_1sigma__single_APT_37to6_prolate_AR10,2.810991953986593e-15,2.8499224882370107,A,48.0,323.15,MS,1.1455552044787067,1.3578335586176062,FROZEN_AFTER_AQ_AND_6H_BEFORE_48H_COMPARISON
lower_1sigma__single_APT_37to6_prolate_AR10,2.810991953986593e-15,2.8499224882370107,B,48.0,323.15,MS,1.1439196367789064,1.3578335586176062,FROZEN_AFTER_AQ_AND_6H_BEFORE_48H_COMPARISON
lower_1sigma__single_APT_37to6_prolate_AR10,2.810991953986593e-15,2.8499224882370107,C,48.0,323.15,MS,1.146618136825375,1.3578335586176062,FROZEN_AFTER_AQ_AND_6H_BEFORE_48H_COMPARISON
lower_1sigma__single_APT_37to6_prolate_AR10,2.810991953986593e-15,2.8499224882370107,A,48.0,323.15,MIS,1.1217955568901126,1.3578335586176062,FROZEN_AFTER_AQ_AND_6H_BEFORE_48H_COMPARISON
lower_1sigma__single_APT_37to6_prolate_AR10,2.810991953986593e-15,2.8499224882370107,B,48.0,323.15,MIS,1.1177520954044298,1.3578335586176062,FROZEN_AFTER_AQ_AND_6H_BEFORE_48H_COMPARISON
lower_1sigma__single_APT_37to6_prolate_AR10,2.810991953986593e-15,2.8499224882370107,C,48.0,323.15,MIS,1.125393244444267,1.3578335586176062,FROZEN_AFTER_AQ_AND_6H_BEFORE_48H_COMPARISON
lower_1sigma__single_APT_37to6_prolate_AR10,2.810991953986593e-15,2.8499224882370107,A,48.0,373.15,M0,1.0718384720303586,1.1846276278662375,FROZEN_AFTER_AQ_AND_6H_BEFORE_48H_COMPARISON
lower_1sigma__single_APT_37to6_prolate_AR10,2.810991953986593e-15,2.8499224882370107,B,48.0,373.15,M0,1.07041820132647,1.1846276278662375,FROZEN_AFTER_AQ_AND_6H_BEFORE_48H_COMPARISON
lower_1sigma__single_APT_37to6_prolate_AR10,2.810991953986593e-15,2.8499224882370107,C,48.0,373.15,M0,1.072733472231748,1.1846276278662375,FROZEN_AFTER_AQ_AND_6H_BEFORE_48H_COMPARISON
lower_1sigma__single_APT_37to6_prolate_AR10,2.810991953986593e-15,2.8499224882370107,A,48.0,373.15,MI,1.0508269817366869,1.1846276278662375,FROZEN_AFTER_AQ_AND_6H_BEFORE_48H_COMPARISON
lower_1sigma__single_APT_37to6_prolate_AR10,2.810991953986593e-15,2.8499224882370107,B,48.0,373.15,MI,1.0472793391112736,1.1846276278662375,FROZEN_AFTER_AQ_AND_6H_BEFORE_48H_COMPARISON
lower_1sigma__single_APT_37to6_prolate_AR10,2.810991953986593e-15,2.8499224882370107,C,48.0,373.15,MI,1.0539630880268203,1.1846276278662375,FROZEN_AFTER_AQ_AND_6H_BEFORE_48H_COMPARISON
lower_1sigma__single_APT_37to6_prolate_AR10,2.810991953986593e-15,2.8499224882370107,A,48.0,373.15,MS,1.0716160896894094,1.1846276278662375,FROZEN_AFTER_AQ_AND_6H_BEFORE_48H_COMPARISON
lower_1sigma__single_APT_37to6_prolate_AR10,2.810991953986593e-15,2.8499224882370107,B,48.0,373.15,MS,1.070195296079451,1.1846276278662375,FROZEN_AFTER_AQ_AND_6H_BEFORE_48H_COMPARISON
lower_1sigma__single_APT_37to6_prolate_AR10,2.810991953986593e-15,2.8499224882370107,C,48.0,373.15,MS,1.0725229001675674,1.1846276278662375,FROZEN_AFTER_AQ_AND_6H_BEFORE_48H_COMPARISON
lower_1sigma__single_APT_37to6_prolate_AR10,2.810991953986593e-15,2.8499224882370107,A,48.0,373.15,MIS,1.050660742124338,1.1846276278662375,FROZEN_AFTER_AQ_AND_6H_BEFORE_48H_COMPARISON
lower_1sigma__single_APT_37to6_prolate_AR10,2.810991953986593e-15,2.8499224882370107,B,48.0,373.15,MIS,1.0471162969313619,1.1846276278662375,FROZEN_AFTER_AQ_AND_6H_BEFORE_48H_COMPARISON
lower_1sigma__single_APT_37to6_prolate_AR10,2.810991953986593e-15,2.8499224882370107,C,48.0,373.15,MIS,1.0538013701283597,1.1846276278662375,FROZEN_AFTER_AQ_AND_6H_BEFORE_48H_COMPARISON
lower_1sigma__single_APT_37to6_prolate_AR10,2.810991953986593e-15,2.8499224882370107,A,48.0,423.15,M0,1.0066154835366024,1.0846874501637025,FROZEN_AFTER_AQ_AND_6H_BEFORE_48H_COMPARISON
lower_1sigma__single_APT_37to6_prolate_AR10,2.810991953986593e-15,2.8499224882370107,B,48.0,423.15,M0,1.0053706174521675,1.0846874501637025,FROZEN_AFTER_AQ_AND_6H_BEFORE_48H_COMPARISON
lower_1sigma__single_APT_37to6_prolate_AR10,2.810991953986593e-15,2.8499224882370107,C,48.0,423.15,M0,1.0073868453097041,1.0846874501637025,FROZEN_AFTER_AQ_AND_6H_BEFORE_48H_COMPARISON
lower_1sigma__single_APT_37to6_prolate_AR10,2.810991953986593e-15,2.8499224882370107,A,48.0,423.15,MI,0.9879395577579022,1.0846874501637025,FROZEN_AFTER_AQ_AND_6H_BEFORE_48H_COMPARISON
lower_1sigma__single_APT_37to6_prolate_AR10,2.810991953986593e-15,2.8499224882370107,B,48.0,423.15,MI,0.9848041309924762,1.0846874501637025,FROZEN_AFTER_AQ_AND_6H_BEFORE_48H_COMPARISON
lower_1sigma__single_APT_37to6_prolate_AR10,2.810991953986593e-15,2.8499224882370107,C,48.0,423.15,MI,0.9907009604244041,1.0846874501637025,FROZEN_AFTER_AQ_AND_6H_BEFORE_48H_COMPARISON
lower_1sigma__single_APT_37to6_prolate_AR10,2.810991953986593e-15,2.8499224882370107,A,48.0,423.15,MS,1.006415542255135,1.0846874501637025,FROZEN_AFTER_AQ_AND_6H_BEFORE_48H_COMPARISON
lower_1sigma__single_APT_37to6_prolate_AR10,2.810991953986593e-15,2.8499224882370107,B,48.0,423.15,MS,1.005170605563591,1.0846874501637025,FROZEN_AFTER_AQ_AND_6H_BEFORE_48H_COMPARISON
lower_1sigma__single_APT_37to6_prolate_AR10,2.810991953986593e-15,2.8499224882370107,C,48.0,423.15,MS,1.007197066326294,1.0846874501637025,FROZEN_AFTER_AQ_AND_6H_BEFORE_48H_COMPARISON
lower_1sigma__single_APT_37to6_prolate_AR10,2.810991953986593e-15,2.8499224882370107,A,48.0,423.15,MIS,0.9877886372861693,1.0846874501637025,FROZEN_AFTER_AQ_AND_6H_BEFORE_48H_COMPARISON
lower_1sigma__single_APT_37to6_prolate_AR10,2.810991953986593e-15,2.8499224882370107,B,48.0,423.15,MIS,0.9846562545184402,1.0846874501637025,FROZEN_AFTER_AQ_AND_6H_BEFORE_48H_COMPARISON
lower_1sigma__single_APT_37to6_prolate_AR10,2.810991953986593e-15,2.8499224882370107,C,48.0,423.15,MIS,0.9905539783869682,1.0846874501637025,FROZEN_AFTER_AQ_AND_6H_BEFORE_48H_COMPARISON
lower_1sigma__single_APT_37to6_prolate_AR10,2.810991953986593e-15,2.8499224882370107,A,48.0,473.15,M0,0.9487549648585301,1.08433179116832,FROZEN_AFTER_AQ_AND_6H_BEFORE_48H_COMPARISON
lower_1sigma__single_APT_37to6_prolate_AR10,2.810991953986593e-15,2.8499224882370107,B,48.0,473.15,M0,0.9476553119278068,1.08433179116832,FROZEN_AFTER_AQ_AND_6H_BEFORE_48H_COMPARISON
lower_1sigma__single_APT_37to6_prolate_AR10,2.810991953986593e-15,2.8499224882370107,C,48.0,473.15,M0,0.9494258594567317,1.08433179116832,FROZEN_AFTER_AQ_AND_6H_BEFORE_48H_COMPARISON
lower_1sigma__single_APT_37to6_prolate_AR10,2.810991953986593e-15,2.8499224882370107,A,48.0,473.15,MI,0.9320397955329969,1.08433179116832,FROZEN_AFTER_AQ_AND_6H_BEFORE_48H_COMPARISON
lower_1sigma__single_APT_37to6_prolate_AR10,2.810991953986593e-15,2.8499224882370107,B,48.0,473.15,MI,0.9292484784364772,1.08433179116832,FROZEN_AFTER_AQ_AND_6H_BEFORE_48H_COMPARISON
lower_1sigma__single_APT_37to6_prolate_AR10,2.810991953986593e-15,2.8499224882370107,C,48.0,473.15,MI,0.9344899561675135,1.08433179116832,FROZEN_AFTER_AQ_AND_6H_BEFORE_48H_COMPARISON
lower_1sigma__single_APT_37to6_prolate_AR10,2.810991953986593e-15,2.8499224882370107,A,48.0,473.15,MS,0.9485741133035852,1.08433179116832,FROZEN_AFTER_AQ_AND_6H_BEFORE_48H_COMPARISON
lower_1sigma__single_APT_37to6_prolate_AR10,2.810991953986593e-15,2.8499224882370107,B,48.0,473.15,MS,0.9474747299515769,1.08433179116832,FROZEN_AFTER_AQ_AND_6H_BEFORE_48H_COMPARISON
lower_1sigma__single_APT_37to6_prolate_AR10,2.810991953986593e-15,2.8499224882370107,C,48.0,473.15,MS,0.9492538204955144,1.08433179116832,FROZEN_AFTER_AQ_AND_6H_BEFORE_48H_COMPARISON
lower_1sigma__single_APT_37to6_prolate_AR10,2.810991953986593e-15,2.8499224882370107,A,48.0,473.15,MIS,0.9319020628443877,1.08433179116832,FROZEN_AFTER_AQ_AND_6H_BEFORE_48H_COMPARISON
lower_1sigma__single_APT_37to6_prolate_AR10,2.810991953986593e-15,2.8499224882370107,B,48.0,473.15,MIS,0.9291136458235667,1.08433179116832,FROZEN_AFTER_AQ_AND_6H_BEFORE_48H_COMPARISON
lower_1sigma__single_APT_37to6_prolate_AR10,2.810991953986593e-15,2.8499224882370107,C,48.0,473.15,MIS,0.9343556743632974,1.08433179116832,FROZEN_AFTER_AQ_AND_6H_BEFORE_48H_COMPARISON
lower_1sigma__single_APT_37to6_prolate_AR10,2.810991953986593e-15,2.8499224882370107,A,48.0,523.15,M0,0.897117827977609,1.0405857347362493,FROZEN_AFTER_AQ_AND_6H_BEFORE_48H_COMPARISON
lower_1sigma__single_APT_37to6_prolate_AR10,2.810991953986593e-15,2.8499224882370107,B,48.0,523.15,M0,0.896139626318719,1.0405857347362493,FROZEN_AFTER_AQ_AND_6H_BEFORE_48H_COMPARISON
lower_1sigma__single_APT_37to6_prolate_AR10,2.810991953986593e-15,2.8499224882370107,C,48.0,523.15,M0,0.897706125449566,1.0405857347362493,FROZEN_AFTER_AQ_AND_6H_BEFORE_48H_COMPARISON
lower_1sigma__single_APT_37to6_prolate_AR10,2.810991953986593e-15,2.8499224882370107,A,48.0,523.15,MI,0.8820651715544402,1.0405857347362493,FROZEN_AFTER_AQ_AND_6H_BEFORE_48H_COMPARISON
lower_1sigma__single_APT_37to6_prolate_AR10,2.810991953986593e-15,2.8499224882370107,B,48.0,523.15,MI,0.8795639874783255,1.0405857347362493,FROZEN_AFTER_AQ_AND_6H_BEFORE_48H_COMPARISON
lower_1sigma__single_APT_37to6_prolate_AR10,2.810991953986593e-15,2.8499224882370107,C,48.0,523.15,MI,0.8842540708319365,1.0405857347362493,FROZEN_AFTER_AQ_AND_6H_BEFORE_48H_COMPARISON
lower_1sigma__single_APT_37to6_prolate_AR10,2.810991953986593e-15,2.8499224882370107,A,48.0,523.15,MS,0.8969533631640141,1.0405857347362493,FROZEN_AFTER_AQ_AND_6H_BEFORE_48H_COMPARISON
lower_1sigma__single_APT_37to6_prolate_AR10,2.810991953986593e-15,2.8499224882370107,B,48.0,523.15,MS,0.895975687806363,1.0405857347362493,FROZEN_AFTER_AQ_AND_6H_BEFORE_48H_COMPARISON
lower_1sigma__single_APT_37to6_prolate_AR10,2.810991953986593e-15,2.8499224882370107,C,48.0,523.15,MS,0.8975493558685428,1.0405857347362493,FROZEN_AFTER_AQ_AND_6H_BEFORE_48H_COMPARISON
lower_1sigma__single_APT_37to6_prolate_AR10,2.810991953986593e-15,2.8499224882370107,A,48.0,523.15,MIS,0.881938884643192,1.0405857347362493,FROZEN_AFTER_AQ_AND_6H_BEFORE_48H_COMPARISON
lower_1sigma__single_APT_37to6_prolate_AR10,2.810991953986593e-15,2.8499224882370107,B,48.0,523.15,MIS,0.8794404658712752,1.0405857347362493,FROZEN_AFTER_AQ_AND_6H_BEFORE_48H_COMPARISON
lower_1sigma__single_APT_37to6_prolate_AR10,2.810991953986593e-15,2.8499224882370107,C,48.0,523.15,MIS,0.884130823828098,1.0405857347362493,FROZEN_AFTER_AQ_AND_6H_BEFORE_48H_COMPARISON
lower_1sigma__single_APT_37to6_prolate_AR10,2.810991953986593e-15,2.8499224882370107,A,48.0,573.15,M0,0.8507728255000616,1.03,FROZEN_AFTER_AQ_AND_6H_BEFORE_48H_COMPARISON
lower_1sigma__single_APT_37to6_prolate_AR10,2.810991953986593e-15,2.8499224882370107,B,48.0,573.15,M0,0.8498971633132184,1.03,FROZEN_AFTER_AQ_AND_6H_BEFORE_48H_COMPARISON
lower_1sigma__single_APT_37to6_prolate_AR10,2.810991953986593e-15,2.8499224882370107,C,48.0,573.15,M0,0.8512924895698835,1.03,FROZEN_AFTER_AQ_AND_6H_BEFORE_48H_COMPARISON
lower_1sigma__single_APT_37to6_prolate_AR10,2.810991953986593e-15,2.8499224882370107,A,48.0,573.15,MI,0.8371424074307833,1.03,FROZEN_AFTER_AQ_AND_6H_BEFORE_48H_COMPARISON
lower_1sigma__single_APT_37to6_prolate_AR10,2.810991953986593e-15,2.8499224882370107,B,48.0,573.15,MI,0.8348880759762531,1.03,FROZEN_AFTER_AQ_AND_6H_BEFORE_48H_COMPARISON
lower_1sigma__single_APT_37to6_prolate_AR10,2.810991953986593e-15,2.8499224882370107,C,48.0,573.15,MI,0.8391099050578444,1.03,FROZEN_AFTER_AQ_AND_6H_BEFORE_48H_COMPARISON
lower_1sigma__single_APT_37to6_prolate_AR10,2.810991953986593e-15,2.8499224882370107,A,48.0,573.15,MS,0.8506225414933815,1.03,FROZEN_AFTER_AQ_AND_6H_BEFORE_48H_COMPARISON
lower_1sigma__single_APT_37to6_prolate_AR10,2.810991953986593e-15,2.8499224882370107,B,48.0,573.15,MS,0.8497475994503422,1.03,FROZEN_AFTER_AQ_AND_6H_BEFORE_48H_COMPARISON
lower_1sigma__single_APT_37to6_prolate_AR10,2.810991953986593e-15,2.8499224882370107,C,48.0,573.15,MS,0.8511489668418283,1.03,FROZEN_AFTER_AQ_AND_6H_BEFORE_48H_COMPARISON
lower_1sigma__single_APT_37to6_prolate_AR10,2.810991953986593e-15,2.8499224882370107,A,48.0,573.15,MIS,0.8370261270394052,1.03,FROZEN_AFTER_AQ_AND_6H_BEFORE_48H_COMPARISON
lower_1sigma__single_APT_37to6_prolate_AR10,2.810991953986593e-15,2.8499224882370107,B,48.0,573.15,MIS,0.834774434793085,1.03,FROZEN_AFTER_AQ_AND_6H_BEFORE_48H_COMPARISON
lower_1sigma__single_APT_37to6_prolate_AR10,2.810991953986593e-15,2.8499224882370107,C,48.0,573.15,MIS,0.8389963154790047,1.03,FROZEN_AFTER_AQ_AND_6H_BEFORE_48H_COMPARISON
lower_1sigma__single_APT_37to6_prolate_AR5,2.7847674296132603e-15,3.105903443833732,A,6.0,303.15,M0,1.1860627946048417,1.2625169478550462,FROZEN_AFTER_AQ_AND_6H_BEFORE_48H_COMPARISON
lower_1sigma__single_APT_37to6_prolate_AR5,2.7847674296132603e-15,3.105903443833732,B,6.0,303.15,M0,1.1860602022912907,1.2625169478550462,FROZEN_AFTER_AQ_AND_6H_BEFORE_48H_COMPARISON
lower_1sigma__single_APT_37to6_prolate_AR5,2.7847674296132603e-15,3.105903443833732,C,6.0,303.15,M0,1.1860637531569536,1.2625169478550462,FROZEN_AFTER_AQ_AND_6H_BEFORE_48H_COMPARISON
lower_1sigma__single_APT_37to6_prolate_AR5,2.7847674296132603e-15,3.105903443833732,A,6.0,303.15,MI,1.1196563818748497,1.2625169478550462,FROZEN_AFTER_AQ_AND_6H_BEFORE_48H_COMPARISON
lower_1sigma__single_APT_37to6_prolate_AR5,2.7847674296132603e-15,3.105903443833732,B,6.0,303.15,MI,1.119653889123643,1.2625169478550462,FROZEN_AFTER_AQ_AND_6H_BEFORE_48H_COMPARISON
lower_1sigma__single_APT_37to6_prolate_AR5,2.7847674296132603e-15,3.105903443833732,C,6.0,303.15,MI,1.1196573045354943,1.2625169478550462,FROZEN_AFTER_AQ_AND_6H_BEFORE_48H_COMPARISON
lower_1sigma__single_APT_37to6_prolate_AR5,2.7847674296132603e-15,3.105903443833732,A,6.0,303.15,MS,1.185732010757609,1.2625169478550462,FROZEN_AFTER_AQ_AND_6H_BEFORE_48H_COMPARISON
lower_1sigma__single_APT_37to6_prolate_AR5,2.7847674296132603e-15,3.105903443833732,B,6.0,303.15,MS,1.1857276679367084,1.2625169478550462,FROZEN_AFTER_AQ_AND_6H_BEFORE_48H_COMPARISON
lower_1sigma__single_APT_37to6_prolate_AR5,2.7847674296132603e-15,3.105903443833732,C,6.0,303.15,MS,1.185731334258193,1.2625169478550462,FROZEN_AFTER_AQ_AND_6H_BEFORE_48H_COMPARISON
lower_1sigma__single_APT_37to6_prolate_AR5,2.7847674296132603e-15,3.105903443833732,A,6.0,303.15,MIS,1.1194776617560434,1.2625169478550462,FROZEN_AFTER_AQ_AND_6H_BEFORE_48H_COMPARISON
lower_1sigma__single_APT_37to6_prolate_AR5,2.7847674296132603e-15,3.105903443833732,B,6.0,303.15,MIS,1.1194743379402061,1.2625169478550462,FROZEN_AFTER_AQ_AND_6H_BEFORE_48H_COMPARISON
lower_1sigma__single_APT_37to6_prolate_AR5,2.7847674296132603e-15,3.105903443833732,C,6.0,303.15,MIS,1.119477743942317,1.2625169478550462,FROZEN_AFTER_AQ_AND_6H_BEFORE_48H_COMPARISON
lower_1sigma__single_APT_37to6_prolate_AR5,2.7847674296132603e-15,3.105903443833732,A,6.0,323.15,M0,1.1532626681338596,1.0882440401175293,FROZEN_AFTER_AQ_AND_6H_BEFORE_48H_COMPARISON
lower_1sigma__single_APT_37to6_prolate_AR5,2.7847674296132603e-15,3.105903443833732,B,6.0,323.15,M0,1.1532602142010167,1.0882440401175293,FROZEN_AFTER_AQ_AND_6H_BEFORE_48H_COMPARISON
lower_1sigma__single_APT_37to6_prolate_AR5,2.7847674296132603e-15,3.105903443833732,C,6.0,323.15,M0,1.153263575516302,1.0882440401175293,FROZEN_AFTER_AQ_AND_6H_BEFORE_48H_COMPARISON
lower_1sigma__single_APT_37to6_prolate_AR5,2.7847674296132603e-15,3.105903443833732,A,6.0,323.15,MI,1.090262065071303,1.0882440401175293,FROZEN_AFTER_AQ_AND_6H_BEFORE_48H_COMPARISON
lower_1sigma__single_APT_37to6_prolate_AR5,2.7847674296132603e-15,3.105903443833732,B,6.0,323.15,MI,1.0902597023926142,1.0882440401175293,FROZEN_AFTER_AQ_AND_6H_BEFORE_48H_COMPARISON
lower_1sigma__single_APT_37to6_prolate_AR5,2.7847674296132603e-15,3.105903443833732,C,6.0,323.15,MI,1.090262939589251,1.0882440401175293,FROZEN_AFTER_AQ_AND_6H_BEFORE_48H_COMPARISON
lower_1sigma__single_APT_37to6_prolate_AR5,2.7847674296132603e-15,3.105903443833732,A,6.0,323.15,MS,1.1529494501012492,1.0882440401175293,FROZEN_AFTER_AQ_AND_6H_BEFORE_48H_COMPARISON
lower_1sigma__single_APT_37to6_prolate_AR5,2.7847674296132603e-15,3.105903443833732,B,6.0,323.15,MS,1.1529453342702252,1.0882440401175293,FROZEN_AFTER_AQ_AND_6H_BEFORE_48H_COMPARISON
lower_1sigma__single_APT_37to6_prolate_AR5,2.7847674296132603e-15,3.105903443833732,C,6.0,323.15,MS,1.1529488068405298,1.0882440401175293,FROZEN_AFTER_AQ_AND_6H_BEFORE_48H_COMPARISON
lower_1sigma__single_APT_37to6_prolate_AR5,2.7847674296132603e-15,3.105903443833732,A,6.0,323.15,MIS,1.09009101062794,1.0882440401175293,FROZEN_AFTER_AQ_AND_6H_BEFORE_48H_COMPARISON
lower_1sigma__single_APT_37to6_prolate_AR5,2.7847674296132603e-15,3.105903443833732,B,6.0,323.15,MIS,1.0900878494242652,1.0882440401175293,FROZEN_AFTER_AQ_AND_6H_BEFORE_48H_COMPARISON
lower_1sigma__single_APT_37to6_prolate_AR5,2.7847674296132603e-15,3.105903443833732,C,6.0,323.15,MIS,1.0900910792747467,1.0882440401175293,FROZEN_AFTER_AQ_AND_6H_BEFORE_48H_COMPARISON
lower_1sigma__single_APT_37to6_prolate_AR5,2.7847674296132603e-15,3.105903443833732,A,6.0,373.15,M0,1.0784006987410275,0.9630520737428236,FROZEN_AFTER_AQ_AND_6H_BEFORE_48H_COMPARISON
lower_1sigma__single_APT_37to6_prolate_AR5,2.7847674296132603e-15,3.105903443833732,B,6.0,373.15,M0,1.0783985469307873,0.9630520737428236,FROZEN_AFTER_AQ_AND_6H_BEFORE_48H_COMPARISON
lower_1sigma__single_APT_37to6_prolate_AR5,2.7847674296132603e-15,3.105903443833732,C,6.0,373.15,M0,1.0784014944066258,0.9630520737428236,FROZEN_AFTER_AQ_AND_6H_BEFORE_48H_COMPARISON
lower_1sigma__single_APT_37to6_prolate_AR5,2.7847674296132603e-15,3.105903443833732,A,6.0,373.15,MI,1.022834682251524,0.9630520737428236,FROZEN_AFTER_AQ_AND_6H_BEFORE_48H_COMPARISON
lower_1sigma__single_APT_37to6_prolate_AR5,2.7847674296132603e-15,3.105903443833732,B,6.0,373.15,MI,1.02283260449495,0.9630520737428236,FROZEN_AFTER_AQ_AND_6H_BEFORE_48H_COMPARISON
lower_1sigma__single_APT_37to6_prolate_AR5,2.7847674296132603e-15,3.105903443833732,C,6.0,373.15,MI,1.0228354513136961,0.9630520737428236,FROZEN_AFTER_AQ_AND_6H_BEFORE_48H_COMPARISON
lower_1sigma__single_APT_37to6_prolate_AR5,2.7847674296132603e-15,3.105903443833732,A,6.0,373.15,MS,1.0781256533824437,0.9630520737428236,FROZEN_AFTER_AQ_AND_6H_BEFORE_48H_COMPARISON
lower_1sigma__single_APT_37to6_prolate_AR5,2.7847674296132603e-15,3.105903443833732,B,6.0,373.15,MS,1.0781220333667731,0.9630520737428236,FROZEN_AFTER_AQ_AND_6H_BEFORE_48H_COMPARISON
lower_1sigma__single_APT_37to6_prolate_AR5,2.7847674296132603e-15,3.105903443833732,C,6.0,373.15,MS,1.0781250822496604,0.9630520737428236,FROZEN_AFTER_AQ_AND_6H_BEFORE_48H_COMPARISON
lower_1sigma__single_APT_37to6_prolate_AR5,2.7847674296132603e-15,3.105903443833732,A,6.0,373.15,MIS,1.022680678110109,0.9630520737428236,FROZEN_AFTER_AQ_AND_6H_BEFORE_48H_COMPARISON
lower_1sigma__single_APT_37to6_prolate_AR5,2.7847674296132603e-15,3.105903443833732,B,6.0,373.15,MIS,1.0226778747588425,0.9630520737428236,FROZEN_AFTER_AQ_AND_6H_BEFORE_48H_COMPARISON
lower_1sigma__single_APT_37to6_prolate_AR5,2.7847674296132603e-15,3.105903443833732,C,6.0,373.15,MIS,1.022680718484423,0.9630520737428236,FROZEN_AFTER_AQ_AND_6H_BEFORE_48H_COMPARISON
lower_1sigma__single_APT_37to6_prolate_AR5,2.7847674296132603e-15,3.105903443833732,A,6.0,423.15,M0,1.0124336117874744,0.8755599608786824,FROZEN_AFTER_AQ_AND_6H_BEFORE_48H_COMPARISON
lower_1sigma__single_APT_37to6_prolate_AR5,2.7847674296132603e-15,3.105903443833732,B,6.0,423.15,M0,1.0124317103480958,0.8755599608786824,FROZEN_AFTER_AQ_AND_6H_BEFORE_48H_COMPARISON
lower_1sigma__single_APT_37to6_prolate_AR5,2.7847674296132603e-15,3.105903443833732,C,6.0,423.15,M0,1.0124343148730417,0.8755599608786824,FROZEN_AFTER_AQ_AND_6H_BEFORE_48H_COMPARISON
lower_1sigma__single_APT_37to6_prolate_AR5,2.7847674296132603e-15,3.105903443833732,A,6.0,423.15,MI,0.9630397251415568,0.8755599608786824,FROZEN_AFTER_AQ_AND_6H_BEFORE_48H_COMPARISON
lower_1sigma__single_APT_37to6_prolate_AR5,2.7847674296132603e-15,3.105903443833732,B,6.0,423.15,MI,0.9630378845077741,0.8755599608786824,FROZEN_AFTER_AQ_AND_6H_BEFORE_48H_COMPARISON
lower_1sigma__single_APT_37to6_prolate_AR5,2.7847674296132603e-15,3.105903443833732,C,6.0,423.15,MI,0.9630404064394626,0.8755599608786824,FROZEN_AFTER_AQ_AND_6H_BEFORE_48H_COMPARISON
lower_1sigma__single_APT_37to6_prolate_AR5,2.7847674296132603e-15,3.105903443833732,A,6.0,423.15,MS,1.0121900817001057,0.8755599608786824,FROZEN_AFTER_AQ_AND_6H_BEFORE_48H_COMPARISON
lower_1sigma__single_APT_37to6_prolate_AR5,2.7847674296132603e-15,3.105903443833732,B,6.0,423.15,MS,1.0121868732326684,0.8755599608786824,FROZEN_AFTER_AQ_AND_6H_BEFORE_48H_COMPARISON
lower_1sigma__single_APT_37to6_prolate_AR5,2.7847674296132603e-15,3.105903443833732,C,6.0,423.15,MS,1.0121895702353387,0.8755599608786824,FROZEN_AFTER_AQ_AND_6H_BEFORE_48H_COMPARISON
lower_1sigma__single_APT_37to6_prolate_AR5,2.7847674296132603e-15,3.105903443833732,A,6.0,423.15,MIS,0.9629002441350237,0.8755599608786824,FROZEN_AFTER_AQ_AND_6H_BEFORE_48H_COMPARISON
lower_1sigma__single_APT_37to6_prolate_AR5,2.7847674296132603e-15,3.105903443833732,B,6.0,423.15,MIS,0.9628977406880599,0.8755599608786824,FROZEN_AFTER_AQ_AND_6H_BEFORE_48H_COMPARISON
lower_1sigma__single_APT_37to6_prolate_AR5,2.7847674296132603e-15,3.105903443833732,C,6.0,423.15,MIS,0.9629002627481066,0.8755599608786824,FROZEN_AFTER_AQ_AND_6H_BEFORE_48H_COMPARISON
lower_1sigma__single_APT_37to6_prolate_AR5,2.7847674296132603e-15,3.105903443833732,A,6.0,473.15,M0,0.9539486126267438,0.8549317391464868,FROZEN_AFTER_AQ_AND_6H_BEFORE_48H_COMPARISON
lower_1sigma__single_APT_37to6_prolate_AR5,2.7847674296132603e-15,3.105903443833732,B,6.0,473.15,M0,0.9539469206774212,0.8549317391464868,FROZEN_AFTER_AQ_AND_6H_BEFORE_48H_COMPARISON
lower_1sigma__single_APT_37to6_prolate_AR5,2.7847674296132603e-15,3.105903443833732,C,6.0,473.15,M0,0.9539492382491123,0.8549317391464868,FROZEN_AFTER_AQ_AND_6H_BEFORE_48H_COMPARISON
lower_1sigma__single_APT_37to6_prolate_AR5,2.7847674296132603e-15,3.105903443833732,A,6.0,473.15,MI,0.9097358021128431,0.8549317391464868,FROZEN_AFTER_AQ_AND_6H_BEFORE_48H_COMPARISON
lower_1sigma__single_APT_37to6_prolate_AR5,2.7847674296132603e-15,3.105903443833732,B,6.0,473.15,MI,0.909734160617852,0.8549317391464868,FROZEN_AFTER_AQ_AND_6H_BEFORE_48H_COMPARISON
lower_1sigma__single_APT_37to6_prolate_AR5,2.7847674296132603e-15,3.105903443833732,C,6.0,473.15,MI,0.9097364097049964,0.8549317391464868,FROZEN_AFTER_AQ_AND_6H_BEFORE_48H_COMPARISON
lower_1sigma__single_APT_37to6_prolate_AR5,2.7847674296132603e-15,3.105903443833732,A,6.0,473.15,MS,0.9537314143756159,0.8549317391464868,FROZEN_AFTER_AQ_AND_6H_BEFORE_48H_COMPARISON
lower_1sigma__single_APT_37to6_prolate_AR5,2.7847674296132603e-15,3.105903443833732,B,6.0,473.15,MS,0.9537285510268674,0.8549317391464868,FROZEN_AFTER_AQ_AND_6H_BEFORE_48H_COMPARISON
lower_1sigma__single_APT_37to6_prolate_AR5,2.7847674296132603e-15,3.105903443833732,C,6.0,473.15,MS,0.9537309530141491,0.8549317391464868,FROZEN_AFTER_AQ_AND_6H_BEFORE_48H_COMPARISON
lower_1sigma__single_APT_37to6_prolate_AR5,2.7847674296132603e-15,3.105903443833732,A,6.0,473.15,MIS,0.9096088047154505,0.8549317391464868,FROZEN_AFTER_AQ_AND_6H_BEFORE_48H_COMPARISON
lower_1sigma__single_APT_37to6_prolate_AR5,2.7847674296132603e-15,3.105903443833732,B,6.0,473.15,MIS,0.9096065549132418,0.8549317391464868,FROZEN_AFTER_AQ_AND_6H_BEFORE_48H_COMPARISON
lower_1sigma__single_APT_37to6_prolate_AR5,2.7847674296132603e-15,3.105903443833732,C,6.0,473.15,MIS,0.9096088065701504,0.8549317391464868,FROZEN_AFTER_AQ_AND_6H_BEFORE_48H_COMPARISON
lower_1sigma__single_APT_37to6_prolate_AR5,2.7847674296132603e-15,3.105903443833732,A,6.0,523.15,M0,0.9017823271912854,0.8542204211557212,FROZEN_AFTER_AQ_AND_6H_BEFORE_48H_COMPARISON
lower_1sigma__single_APT_37to6_prolate_AR5,2.7847674296132603e-15,3.105903443833732,B,6.0,523.15,M0,0.9017808121454574,0.8542204211557212,FROZEN_AFTER_AQ_AND_6H_BEFORE_48H_COMPARISON
lower_1sigma__single_APT_37to6_prolate_AR5,2.7847674296132603e-15,3.105903443833732,C,6.0,523.15,M0,0.9017828874001873,0.8542204211557212,FROZEN_AFTER_AQ_AND_6H_BEFORE_48H_COMPARISON
lower_1sigma__single_APT_37to6_prolate_AR5,2.7847674296132603e-15,3.105903443833732,A,6.0,523.15,MI,0.861962076915118,0.8542204211557212,FROZEN_AFTER_AQ_AND_6H_BEFORE_48H_COMPARISON
lower_1sigma__single_APT_37to6_prolate_AR5,2.7847674296132603e-15,3.105903443833732,B,6.0,523.15,MI,0.8619606041292338,0.8542204211557212,FROZEN_AFTER_AQ_AND_6H_BEFORE_48H_COMPARISON
lower_1sigma__single_APT_37to6_prolate_AR5,2.7847674296132603e-15,3.105903443833732,C,6.0,523.15,MI,0.8619626220640054,0.8542204211557212,FROZEN_AFTER_AQ_AND_6H_BEFORE_48H_COMPARISON
lower_1sigma__single_APT_37to6_prolate_AR5,2.7847674296132603e-15,3.105903443833732,A,6.0,523.15,MS,0.9015873630770775,0.8542204211557212,FROZEN_AFTER_AQ_AND_6H_BEFORE_48H_COMPARISON
lower_1sigma__single_APT_37to6_prolate_AR5,2.7847674296132603e-15,3.105903443833732,B,6.0,523.15,MS,0.9015847918935047,0.8542204211557212,FROZEN_AFTER_AQ_AND_6H_BEFORE_48H_COMPARISON
lower_1sigma__single_APT_37to6_prolate_AR5,2.7847674296132603e-15,3.105903443833732,C,6.0,523.15,MS,0.9015869442994184,0.8542204211557212,FROZEN_AFTER_AQ_AND_6H_BEFORE_48H_COMPARISON
lower_1sigma__single_APT_37to6_prolate_AR5,2.7847674296132603e-15,3.105903443833732,A,6.0,523.15,MIS,0.8618458975245818,0.8542204211557212,FROZEN_AFTER_AQ_AND_6H_BEFORE_48H_COMPARISON
lower_1sigma__single_APT_37to6_prolate_AR5,2.7847674296132603e-15,3.105903443833732,B,6.0,523.15,MIS,0.8618438641115971,0.8542204211557212,FROZEN_AFTER_AQ_AND_6H_BEFORE_48H_COMPARISON
lower_1sigma__single_APT_37to6_prolate_AR5,2.7847674296132603e-15,3.105903443833732,C,6.0,523.15,MIS,0.8618458864620185,0.8542204211557212,FROZEN_AFTER_AQ_AND_6H_BEFORE_48H_COMPARISON
lower_1sigma__single_APT_37to6_prolate_AR5,2.7847674296132603e-15,3.105903443833732,A,6.0,573.15,M0,0.8549850713142353,0.85,FROZEN_AFTER_AQ_AND_6H_BEFORE_48H_COMPARISON
lower_1sigma__single_APT_37to6_prolate_AR5,2.7847674296132603e-15,3.105903443833732,B,6.0,573.15,M0,0.8549837069363383,0.85,FROZEN_AFTER_AQ_AND_6H_BEFORE_48H_COMPARISON
lower_1sigma__single_APT_37to6_prolate_AR5,2.7847674296132603e-15,3.105903443833732,C,6.0,573.15,M0,0.8549855758109123,0.85,FROZEN_AFTER_AQ_AND_6H_BEFORE_48H_COMPARISON
lower_1sigma__single_APT_37to6_prolate_AR5,2.7847674296132603e-15,3.105903443833732,A,6.0,573.15,MI,0.8189222213802632,0.85,FROZEN_AFTER_AQ_AND_6H_BEFORE_48H_COMPARISON
lower_1sigma__single_APT_37to6_prolate_AR5,2.7847674296132603e-15,3.105903443833732,B,6.0,573.15,MI,0.8189208926979866,0.85,FROZEN_AFTER_AQ_AND_6H_BEFORE_48H_COMPARISON
lower_1sigma__single_APT_37to6_prolate_AR5,2.7847674296132603e-15,3.105903443833732,C,6.0,573.15,MI,0.8189227131927421,0.85,FROZEN_AFTER_AQ_AND_6H_BEFORE_48H_COMPARISON
lower_1sigma__single_APT_37to6_prolate_AR5,2.7847674296132603e-15,3.105903443833732,A,6.0,573.15,MS,0.8548090579503835,0.85,FROZEN_AFTER_AQ_AND_6H_BEFORE_48H_COMPARISON
lower_1sigma__single_APT_37to6_prolate_AR5,2.7847674296132603e-15,3.105903443833732,B,6.0,573.15,MS,0.8548067362512234,0.85,FROZEN_AFTER_AQ_AND_6H_BEFORE_48H_COMPARISON
lower_1sigma__single_APT_37to6_prolate_AR5,2.7847674296132603e-15,3.105903443833732,C,6.0,573.15,MS,0.8548086757355751,0.85,FROZEN_AFTER_AQ_AND_6H_BEFORE_48H_COMPARISON
lower_1sigma__single_APT_37to6_prolate_AR5,2.7847674296132603e-15,3.105903443833732,A,6.0,573.15,MIS,0.8188154851348228,0.85,FROZEN_AFTER_AQ_AND_6H_BEFORE_48H_COMPARISON
lower_1sigma__single_APT_37to6_prolate_AR5,2.7847674296132603e-15,3.105903443833732,B,6.0,573.15,MIS,0.8188136378171884,0.85,FROZEN_AFTER_AQ_AND_6H_BEFORE_48H_COMPARISON
lower_1sigma__single_APT_37to6_prolate_AR5,2.7847674296132603e-15,3.105903443833732,C,6.0,573.15,MIS,0.8188154641152054,0.85,FROZEN_AFTER_AQ_AND_6H_BEFORE_48H_COMPARISON
lower_1sigma__single_APT_37to6_prolate_AR5,2.7847674296132603e-15,3.105903443833732,A,48.0,303.15,M0,1.1834655421650746,1.5171687885490504,FROZEN_AFTER_AQ_AND_6H_BEFORE_48H_COMPARISON
lower_1sigma__single_APT_37to6_prolate_AR5,2.7847674296132603e-15,3.105903443833732,B,48.0,303.15,M0,1.1817157362013553,1.5171687885490504,FROZEN_AFTER_AQ_AND_6H_BEFORE_48H_COMPARISON
lower_1sigma__single_APT_37to6_prolate_AR5,2.7847674296132603e-15,3.105903443833732,C,48.0,303.15,M0,1.1845989169850837,1.5171687885490504,FROZEN_AFTER_AQ_AND_6H_BEFORE_48H_COMPARISON
lower_1sigma__single_APT_37to6_prolate_AR5,2.7847674296132603e-15,3.105903443833732,A,48.0,303.15,MI,1.1560314270222745,1.5171687885490504,FROZEN_AFTER_AQ_AND_6H_BEFORE_48H_COMPARISON
lower_1sigma__single_APT_37to6_prolate_AR5,2.7847674296132603e-15,3.105903443833732,B,48.0,303.15,MI,1.1515208200475537,1.5171687885490504,FROZEN_AFTER_AQ_AND_6H_BEFORE_48H_COMPARISON
lower_1sigma__single_APT_37to6_prolate_AR5,2.7847674296132603e-15,3.105903443833732,C,48.0,303.15,MI,1.1600786493756359,1.5171687885490504,FROZEN_AFTER_AQ_AND_6H_BEFORE_48H_COMPARISON
lower_1sigma__single_APT_37to6_prolate_AR5,2.7847674296132603e-15,3.105903443833732,A,48.0,303.15,MS,1.183202479364781,1.5171687885490504,FROZEN_AFTER_AQ_AND_6H_BEFORE_48H_COMPARISON
lower_1sigma__single_APT_37to6_prolate_AR5,2.7847674296132603e-15,3.105903443833732,B,48.0,303.15,MS,1.1814511994324068,1.5171687885490504,FROZEN_AFTER_AQ_AND_6H_BEFORE_48H_COMPARISON
lower_1sigma__single_APT_37to6_prolate_AR5,2.7847674296132603e-15,3.105903443833732,C,48.0,303.15,MS,1.1843508054428433,1.5171687885490504,FROZEN_AFTER_AQ_AND_6H_BEFORE_48H_COMPARISON
lower_1sigma__single_APT_37to6_prolate_AR5,2.7847674296132603e-15,3.105903443833732,A,48.0,303.15,MIS,1.1558423769552801,1.5171687885490504,FROZEN_AFTER_AQ_AND_6H_BEFORE_48H_COMPARISON
lower_1sigma__single_APT_37to6_prolate_AR5,2.7847674296132603e-15,3.105903443833732,B,48.0,303.15,MIS,1.1513354080370213,1.5171687885490504,FROZEN_AFTER_AQ_AND_6H_BEFORE_48H_COMPARISON
lower_1sigma__single_APT_37to6_prolate_AR5,2.7847674296132603e-15,3.105903443833732,C,48.0,303.15,MIS,1.159894710076109,1.5171687885490504,FROZEN_AFTER_AQ_AND_6H_BEFORE_48H_COMPARISON
lower_1sigma__single_APT_37to6_prolate_AR5,2.7847674296132603e-15,3.105903443833732,A,48.0,323.15,M0,1.1507850531128911,1.3578335586176062,FROZEN_AFTER_AQ_AND_6H_BEFORE_48H_COMPARISON
lower_1sigma__single_APT_37to6_prolate_AR5,2.7847674296132603e-15,3.105903443833732,B,48.0,323.15,M0,1.1491356015595975,1.3578335586176062,FROZEN_AFTER_AQ_AND_6H_BEFORE_48H_COMPARISON
lower_1sigma__single_APT_37to6_prolate_AR5,2.7847674296132603e-15,3.105903443833732,C,48.0,323.15,M0,1.151845021248314,1.3578335586176062,FROZEN_AFTER_AQ_AND_6H_BEFORE_48H_COMPARISON
lower_1sigma__single_APT_37to6_prolate_AR5,2.7847674296132603e-15,3.105903443833732,A,48.0,323.15,MI,1.1247624714710633,1.3578335586176062,FROZEN_AFTER_AQ_AND_6H_BEFORE_48H_COMPARISON
lower_1sigma__single_APT_37to6_prolate_AR5,2.7847674296132603e-15,3.105903443833732,B,48.0,323.15,MI,1.1204939675615553,1.3578335586176062,FROZEN_AFTER_AQ_AND_6H_BEFORE_48H_COMPARISON
lower_1sigma__single_APT_37to6_prolate_AR5,2.7847674296132603e-15,3.105903443833732,C,48.0,323.15,MI,1.1285858013103096,1.3578335586176062,FROZEN_AFTER_AQ_AND_6H_BEFORE_48H_COMPARISON
lower_1sigma__single_APT_37to6_prolate_AR5,2.7847674296132603e-15,3.105903443833732,A,48.0,323.15,MS,1.1505342161295815,1.3578335586176062,FROZEN_AFTER_AQ_AND_6H_BEFORE_48H_COMPARISON
lower_1sigma__single_APT_37to6_prolate_AR5,2.7847674296132603e-15,3.105903443833732,B,48.0,323.15,MS,1.1488835932469172,1.3578335586176062,FROZEN_AFTER_AQ_AND_6H_BEFORE_48H_COMPARISON
lower_1sigma__single_APT_37to6_prolate_AR5,2.7847674296132603e-15,3.105903443833732,C,48.0,323.15,MS,1.1516081718664148,1.3578335586176062,FROZEN_AFTER_AQ_AND_6H_BEFORE_48H_COMPARISON
lower_1sigma__single_APT_37to6_prolate_AR5,2.7847674296132603e-15,3.105903443833732,A,48.0,323.15,MIS,1.1245813293470517,1.3578335586176062,FROZEN_AFTER_AQ_AND_6H_BEFORE_48H_COMPARISON
lower_1sigma__single_APT_37to6_prolate_AR5,2.7847674296132603e-15,3.105903443833732,B,48.0,323.15,MIS,1.1203163812904233,1.3578335586176062,FROZEN_AFTER_AQ_AND_6H_BEFORE_48H_COMPARISON
lower_1sigma__single_APT_37to6_prolate_AR5,2.7847674296132603e-15,3.105903443833732,C,48.0,323.15,MIS,1.128409473537859,1.3578335586176062,FROZEN_AFTER_AQ_AND_6H_BEFORE_48H_COMPARISON
lower_1sigma__single_APT_37to6_prolate_AR5,2.7847674296132603e-15,3.105903443833732,A,48.0,373.15,M0,1.076188420624552,1.1846276278662375,FROZEN_AFTER_AQ_AND_6H_BEFORE_48H_COMPARISON
lower_1sigma__single_APT_37to6_prolate_AR5,2.7847674296132603e-15,3.105903443833732,B,48.0,373.15,M0,1.074756003334497,1.1846276278662375,FROZEN_AFTER_AQ_AND_6H_BEFORE_48H_COMPARISON
lower_1sigma__single_APT_37to6_prolate_AR5,2.7847674296132603e-15,3.105903443833732,C,48.0,373.15,M0,1.0770920500186985,1.1846276278662375,FROZEN_AFTER_AQ_AND_6H_BEFORE_48H_COMPARISON
lower_1sigma__single_APT_37to6_prolate_AR5,2.7847674296132603e-15,3.105903443833732,A,48.0,373.15,MI,1.0532459896212347,1.1846276278662375,FROZEN_AFTER_AQ_AND_6H_BEFORE_48H_COMPARISON
lower_1sigma__single_APT_37to6_prolate_AR5,2.7847674296132603e-15,3.105903443833732,B,48.0,373.15,MI,1.0495041354745076,1.1846276278662375,FROZEN_AFTER_AQ_AND_6H_BEFORE_48H_COMPARISON
lower_1sigma__single_APT_37to6_prolate_AR5,2.7847674296132603e-15,3.105903443833732,C,48.0,373.15,MI,1.0565843378089974,1.1846276278662375,FROZEN_AFTER_AQ_AND_6H_BEFORE_48H_COMPARISON
lower_1sigma__single_APT_37to6_prolate_AR5,2.7847674296132603e-15,3.105903443833732,A,48.0,373.15,MS,1.0759645289797464,1.1846276278662375,FROZEN_AFTER_AQ_AND_6H_BEFORE_48H_COMPARISON
lower_1sigma__single_APT_37to6_prolate_AR5,2.7847674296132603e-15,3.105903443833732,B,48.0,373.15,MS,1.0745315564389115,1.1846276278662375,FROZEN_AFTER_AQ_AND_6H_BEFORE_48H_COMPARISON
lower_1sigma__single_APT_37to6_prolate_AR5,2.7847674296132603e-15,3.105903443833732,C,48.0,373.15,MS,1.0768800817278021,1.1846276278662375,FROZEN_AFTER_AQ_AND_6H_BEFORE_48H_COMPARISON
lower_1sigma__single_APT_37to6_prolate_AR5,2.7847674296132603e-15,3.105903443833732,A,48.0,373.15,MIS,1.053082455813728,1.1846276278662375,FROZEN_AFTER_AQ_AND_6H_BEFORE_48H_COMPARISON
lower_1sigma__single_APT_37to6_prolate_AR5,2.7847674296132603e-15,3.105903443833732,B,48.0,373.15,MIS,1.0493439639264301,1.1846276278662375,FROZEN_AFTER_AQ_AND_6H_BEFORE_48H_COMPARISON
lower_1sigma__single_APT_37to6_prolate_AR5,2.7847674296132603e-15,3.105903443833732,C,48.0,373.15,MIS,1.0564249710193192,1.1846276278662375,FROZEN_AFTER_AQ_AND_6H_BEFORE_48H_COMPARISON
lower_1sigma__single_APT_37to6_prolate_AR5,2.7847674296132603e-15,3.105903443833732,A,48.0,423.15,M0,1.010446540802886,1.0846874501637025,FROZEN_AFTER_AQ_AND_6H_BEFORE_48H_COMPARISON
lower_1sigma__single_APT_37to6_prolate_AR5,2.7847674296132603e-15,3.105903443833732,B,48.0,423.15,M0,1.0091917140321436,1.0846874501637025,FROZEN_AFTER_AQ_AND_6H_BEFORE_48H_COMPARISON
lower_1sigma__single_APT_37to6_prolate_AR5,2.7847674296132603e-15,3.105903443833732,C,48.0,423.15,M0,1.011224847744628,1.0846874501637025,FROZEN_AFTER_AQ_AND_6H_BEFORE_48H_COMPARISON
lower_1sigma__single_APT_37to6_prolate_AR5,2.7847674296132603e-15,3.105903443833732,A,48.0,423.15,MI,0.9900601084022255,1.0846874501637025,FROZEN_AFTER_AQ_AND_6H_BEFORE_48H_COMPARISON
lower_1sigma__single_APT_37to6_prolate_AR5,2.7847674296132603e-15,3.105903443833732,B,48.0,423.15,MI,0.9867530521571997,1.0846874501637025,FROZEN_AFTER_AQ_AND_6H_BEFORE_48H_COMPARISON
lower_1sigma__single_APT_37to6_prolate_AR5,2.7847674296132603e-15,3.105903443833732,C,48.0,423.15,MI,0.9930002169672207,1.0846874501637025,FROZEN_AFTER_AQ_AND_6H_BEFORE_48H_COMPARISON
lower_1sigma__single_APT_37to6_prolate_AR5,2.7847674296132603e-15,3.105903443833732,A,48.0,423.15,MS,1.0102453222614642,1.0846874501637025,FROZEN_AFTER_AQ_AND_6H_BEFORE_48H_COMPARISON
lower_1sigma__single_APT_37to6_prolate_AR5,2.7847674296132603e-15,3.105903443833732,B,48.0,423.15,MS,1.008990400621268,1.0846874501637025,FROZEN_AFTER_AQ_AND_6H_BEFORE_48H_COMPARISON
lower_1sigma__single_APT_37to6_prolate_AR5,2.7847674296132603e-15,3.105903443833732,C,48.0,423.15,MS,1.0110338835551362,1.0846874501637025,FROZEN_AFTER_AQ_AND_6H_BEFORE_48H_COMPARISON
lower_1sigma__single_APT_37to6_prolate_AR5,2.7847674296132603e-15,3.105903443833732,A,48.0,423.15,MIS,0.9899115981726253,1.0846874501637025,FROZEN_AFTER_AQ_AND_6H_BEFORE_48H_COMPARISON
lower_1sigma__single_APT_37to6_prolate_AR5,2.7847674296132603e-15,3.105903443833732,B,48.0,423.15,MIS,0.9866077262108784,1.0846874501637025,FROZEN_AFTER_AQ_AND_6H_BEFORE_48H_COMPARISON
lower_1sigma__single_APT_37to6_prolate_AR5,2.7847674296132603e-15,3.105903443833732,C,48.0,423.15,MIS,0.9928553369852882,1.0846874501637025,FROZEN_AFTER_AQ_AND_6H_BEFORE_48H_COMPARISON
lower_1sigma__single_APT_37to6_prolate_AR5,2.7847674296132603e-15,3.105903443833732,A,48.0,473.15,M0,0.9521543996353684,1.08433179116832,FROZEN_AFTER_AQ_AND_6H_BEFORE_48H_COMPARISON
lower_1sigma__single_APT_37to6_prolate_AR5,2.7847674296132603e-15,3.105903443833732,B,48.0,473.15,M0,0.9510464805241358,1.08433179116832,FROZEN_AFTER_AQ_AND_6H_BEFORE_48H_COMPARISON
lower_1sigma__single_APT_37to6_prolate_AR5,2.7847674296132603e-15,3.105903443833732,C,48.0,473.15,M0,0.9528309586156983,1.08433179116832,FROZEN_AFTER_AQ_AND_6H_BEFORE_48H_COMPARISON
lower_1sigma__single_APT_37to6_prolate_AR5,2.7847674296132603e-15,3.105903443833732,A,48.0,473.15,MI,0.9339127826905008,1.08433179116832,FROZEN_AFTER_AQ_AND_6H_BEFORE_48H_COMPARISON
lower_1sigma__single_APT_37to6_prolate_AR5,2.7847674296132603e-15,3.105903443833732,B,48.0,473.15,MI,0.930968627225493,1.08433179116832,FROZEN_AFTER_AQ_AND_6H_BEFORE_48H_COMPARISON
lower_1sigma__single_APT_37to6_prolate_AR5,2.7847674296132603e-15,3.105903443833732,C,48.0,473.15,MI,0.9365220612676837,1.08433179116832,FROZEN_AFTER_AQ_AND_6H_BEFORE_48H_COMPARISON
lower_1sigma__single_APT_37to6_prolate_AR5,2.7847674296132603e-15,3.105903443833732,A,48.0,473.15,MS,0.9519724566971718,1.08433179116832,FROZEN_AFTER_AQ_AND_6H_BEFORE_48H_COMPARISON
lower_1sigma__single_APT_37to6_prolate_AR5,2.7847674296132603e-15,3.105903443833732,B,48.0,473.15,MS,0.9508647888787054,1.08433179116832,FROZEN_AFTER_AQ_AND_6H_BEFORE_48H_COMPARISON
lower_1sigma__single_APT_37to6_prolate_AR5,2.7847674296132603e-15,3.105903443833732,C,48.0,473.15,MS,0.9526579040702806,1.08433179116832,FROZEN_AFTER_AQ_AND_6H_BEFORE_48H_COMPARISON
lower_1sigma__single_APT_37to6_prolate_AR5,2.7847674296132603e-15,3.105903443833732,A,48.0,473.15,MIS,0.9337772087196997,1.08433179116832,FROZEN_AFTER_AQ_AND_6H_BEFORE_48H_COMPARISON
lower_1sigma__single_APT_37to6_prolate_AR5,2.7847674296132603e-15,3.105903443833732,B,48.0,473.15,MIS,0.9308360736223846,1.08433179116832,FROZEN_AFTER_AQ_AND_6H_BEFORE_48H_COMPARISON
lower_1sigma__single_APT_37to6_prolate_AR5,2.7847674296132603e-15,3.105903443833732,C,48.0,473.15,MIS,0.9363896684075744,1.08433179116832,FROZEN_AFTER_AQ_AND_6H_BEFORE_48H_COMPARISON
lower_1sigma__single_APT_37to6_prolate_AR5,2.7847674296132603e-15,3.105903443833732,A,48.0,523.15,M0,0.9001545215237124,1.0405857347362493,FROZEN_AFTER_AQ_AND_6H_BEFORE_48H_COMPARISON
lower_1sigma__single_APT_37to6_prolate_AR5,2.7847674296132603e-15,3.105903443833732,B,48.0,523.15,M0,0.8991693864722102,1.0405857347362493,FROZEN_AFTER_AQ_AND_6H_BEFORE_48H_COMPARISON
lower_1sigma__single_APT_37to6_prolate_AR5,2.7847674296132603e-15,3.105903443833732,C,48.0,523.15,M0,0.9007474937134311,1.0405857347362493,FROZEN_AFTER_AQ_AND_6H_BEFORE_48H_COMPARISON
lower_1sigma__single_APT_37to6_prolate_AR5,2.7847674296132603e-15,3.105903443833732,A,48.0,523.15,MI,0.8837307425954736,1.0405857347362493,FROZEN_AFTER_AQ_AND_6H_BEFORE_48H_COMPARISON
lower_1sigma__single_APT_37to6_prolate_AR5,2.7847674296132603e-15,3.105903443833732,B,48.0,523.15,MI,0.8810925280896238,1.0405857347362493,FROZEN_AFTER_AQ_AND_6H_BEFORE_48H_COMPARISON
lower_1sigma__single_APT_37to6_prolate_AR5,2.7847674296132603e-15,3.105903443833732,C,48.0,523.15,MI,0.8860622793890846,1.0405857347362493,FROZEN_AFTER_AQ_AND_6H_BEFORE_48H_COMPARISON
lower_1sigma__single_APT_37to6_prolate_AR5,2.7847674296132603e-15,3.105903443833732,A,48.0,523.15,MS,0.8999891161092162,1.0405857347362493,FROZEN_AFTER_AQ_AND_6H_BEFORE_48H_COMPARISON
lower_1sigma__single_APT_37to6_prolate_AR5,2.7847674296132603e-15,3.105903443833732,B,48.0,523.15,MS,0.8990044935493093,1.0405857347362493,FROZEN_AFTER_AQ_AND_6H_BEFORE_48H_COMPARISON
lower_1sigma__single_APT_37to6_prolate_AR5,2.7847674296132603e-15,3.105903443833732,C,48.0,523.15,MS,0.9005898465843092,1.0405857347362493,FROZEN_AFTER_AQ_AND_6H_BEFORE_48H_COMPARISON
lower_1sigma__single_APT_37to6_prolate_AR5,2.7847674296132603e-15,3.105903443833732,A,48.0,523.15,MIS,0.8836063987373163,1.0405857347362493,FROZEN_AFTER_AQ_AND_6H_BEFORE_48H_COMPARISON
lower_1sigma__single_APT_37to6_prolate_AR5,2.7847674296132603e-15,3.105903443833732,B,48.0,523.15,MIS,0.8809710533689288,1.0405857347362493,FROZEN_AFTER_AQ_AND_6H_BEFORE_48H_COMPARISON
lower_1sigma__single_APT_37to6_prolate_AR5,2.7847674296132603e-15,3.105903443833732,C,48.0,523.15,MIS,0.8859407377174746,1.0405857347362493,FROZEN_AFTER_AQ_AND_6H_BEFORE_48H_COMPARISON
lower_1sigma__single_APT_37to6_prolate_AR5,2.7847674296132603e-15,3.105903443833732,A,48.0,573.15,M0,0.8535018122640149,1.03,FROZEN_AFTER_AQ_AND_6H_BEFORE_48H_COMPARISON
lower_1sigma__single_APT_37to6_prolate_AR5,2.7847674296132603e-15,3.105903443833732,B,48.0,573.15,M0,0.8526202788190405,1.03,FROZEN_AFTER_AQ_AND_6H_BEFORE_48H_COMPARISON
lower_1sigma__single_APT_37to6_prolate_AR5,2.7847674296132603e-15,3.105903443833732,C,48.0,573.15,M0,0.8540253753523438,1.03,FROZEN_AFTER_AQ_AND_6H_BEFORE_48H_COMPARISON
lower_1sigma__single_APT_37to6_prolate_AR5,2.7847674296132603e-15,3.105903443833732,A,48.0,573.15,MI,0.8386325960816489,1.03,FROZEN_AFTER_AQ_AND_6H_BEFORE_48H_COMPARISON
lower_1sigma__single_APT_37to6_prolate_AR5,2.7847674296132603e-15,3.105903443833732,B,48.0,573.15,MI,0.8362546628632733,1.03,FROZEN_AFTER_AQ_AND_6H_BEFORE_48H_COMPARISON
lower_1sigma__single_APT_37to6_prolate_AR5,2.7847674296132603e-15,3.105903443833732,C,48.0,573.15,MI,0.8407287299334378,1.03,FROZEN_AFTER_AQ_AND_6H_BEFORE_48H_COMPARISON
lower_1sigma__single_APT_37to6_prolate_AR5,2.7847674296132603e-15,3.105903443833732,A,48.0,573.15,MS,0.8533507113519456,1.03,FROZEN_AFTER_AQ_AND_6H_BEFORE_48H_COMPARISON
lower_1sigma__single_APT_37to6_prolate_AR5,2.7847674296132603e-15,3.105903443833732,B,48.0,573.15,MS,0.8524698876313138,1.03,FROZEN_AFTER_AQ_AND_6H_BEFORE_48H_COMPARISON
lower_1sigma__single_APT_37to6_prolate_AR5,2.7847674296132603e-15,3.105903443833732,C,48.0,573.15,MS,0.853881088649756,1.03,FROZEN_AFTER_AQ_AND_6H_BEFORE_48H_COMPARISON
lower_1sigma__single_APT_37to6_prolate_AR5,2.7847674296132603e-15,3.105903443833732,A,48.0,573.15,MIS,0.8385180725509903,1.03,FROZEN_AFTER_AQ_AND_6H_BEFORE_48H_COMPARISON
lower_1sigma__single_APT_37to6_prolate_AR5,2.7847674296132603e-15,3.105903443833732,B,48.0,573.15,MIS,0.8361428686993267,1.03,FROZEN_AFTER_AQ_AND_6H_BEFORE_48H_COMPARISON
lower_1sigma__single_APT_37to6_prolate_AR5,2.7847674296132603e-15,3.105903443833732,C,48.0,573.15,MIS,0.8406166864868043,1.03,FROZEN_AFTER_AQ_AND_6H_BEFORE_48H_COMPARISON
lower_1sigma__single_APT_37to6_prolate_AR2,2.6188428458058605e-15,4.801565393362353,A,6.0,303.15,M0,1.2206680391876201,1.2625169478550462,FROZEN_AFTER_AQ_AND_6H_BEFORE_48H_COMPARISON
lower_1sigma__single_APT_37to6_prolate_AR2,2.6188428458058605e-15,4.801565393362353,B,6.0,303.15,M0,1.220665297297921,1.2625169478550462,FROZEN_AFTER_AQ_AND_6H_BEFORE_48H_COMPARISON
lower_1sigma__single_APT_37to6_prolate_AR2,2.6188428458058605e-15,4.801565393362353,C,6.0,303.15,M0,1.220669053049003,1.2625169478550462,FROZEN_AFTER_AQ_AND_6H_BEFORE_48H_COMPARISON
lower_1sigma__single_APT_37to6_prolate_AR2,2.6188428458058605e-15,4.801565393362353,A,6.0,303.15,MI,1.1201404344997563,1.2625169478550462,FROZEN_AFTER_AQ_AND_6H_BEFORE_48H_COMPARISON
lower_1sigma__single_APT_37to6_prolate_AR2,2.6188428458058605e-15,4.801565393362353,B,6.0,303.15,MI,1.1201378586441633,1.2625169478550462,FROZEN_AFTER_AQ_AND_6H_BEFORE_48H_COMPARISON
lower_1sigma__single_APT_37to6_prolate_AR2,2.6188428458058605e-15,4.801565393362353,C,6.0,303.15,MI,1.1201413882893796,1.2625169478550462,FROZEN_AFTER_AQ_AND_6H_BEFORE_48H_COMPARISON
lower_1sigma__single_APT_37to6_prolate_AR2,2.6188428458058605e-15,4.801565393362353,A,6.0,303.15,MS,1.2203186541080875,1.2625169478550462,FROZEN_AFTER_AQ_AND_6H_BEFORE_48H_COMPARISON
lower_1sigma__single_APT_37to6_prolate_AR2,2.6188428458058605e-15,4.801565393362353,B,6.0,303.15,MS,1.2203140682404292,1.2625169478550462,FROZEN_AFTER_AQ_AND_6H_BEFORE_48H_COMPARISON
lower_1sigma__single_APT_37to6_prolate_AR2,2.6188428458058605e-15,4.801565393362353,C,6.0,303.15,MS,1.2203179436666671,1.2625169478550462,FROZEN_AFTER_AQ_AND_6H_BEFORE_48H_COMPARISON
lower_1sigma__single_APT_37to6_prolate_AR2,2.6188428458058605e-15,4.801565393362353,A,6.0,303.15,MIS,1.1199919128273153,1.2625169478550462,FROZEN_AFTER_AQ_AND_6H_BEFORE_48H_COMPARISON
lower_1sigma__single_APT_37to6_prolate_AR2,2.6188428458058605e-15,4.801565393362353,B,6.0,303.15,MIS,1.1199886771947525,1.2625169478550462,FROZEN_AFTER_AQ_AND_6H_BEFORE_48H_COMPARISON
lower_1sigma__single_APT_37to6_prolate_AR2,2.6188428458058605e-15,4.801565393362353,C,6.0,303.15,MIS,1.1199921805956785,1.2625169478550462,FROZEN_AFTER_AQ_AND_6H_BEFORE_48H_COMPARISON
lower_1sigma__single_APT_37to6_prolate_AR2,2.6188428458058605e-15,4.801565393362353,A,6.0,323.15,M0,1.1859261898167057,1.0882440401175293,FROZEN_AFTER_AQ_AND_6H_BEFORE_48H_COMPARISON
lower_1sigma__single_APT_37to6_prolate_AR2,2.6188428458058605e-15,4.801565393362353,B,6.0,323.15,M0,1.1859235983867478,1.0882440401175293,FROZEN_AFTER_AQ_AND_6H_BEFORE_48H_COMPARISON
lower_1sigma__single_APT_37to6_prolate_AR2,2.6188428458058605e-15,4.801565393362353,C,6.0,323.15,M0,1.185927148041831,1.0882440401175293,FROZEN_AFTER_AQ_AND_6H_BEFORE_48H_COMPARISON
lower_1sigma__single_APT_37to6_prolate_AR2,2.6188428458058605e-15,4.801565393362353,A,6.0,323.15,MI,1.0905983170573326,1.0882440401175293,FROZEN_AFTER_AQ_AND_6H_BEFORE_48H_COMPARISON
lower_1sigma__single_APT_37to6_prolate_AR2,2.6188428458058605e-15,4.801565393362353,B,6.0,323.15,MI,1.090595877601006,1.0882440401175293,FROZEN_AFTER_AQ_AND_6H_BEFORE_48H_COMPARISON
lower_1sigma__single_APT_37to6_prolate_AR2,2.6188428458058605e-15,4.801565393362353,C,6.0,323.15,MI,1.0905992203456814,1.0882440401175293,FROZEN_AFTER_AQ_AND_6H_BEFORE_48H_COMPARISON
lower_1sigma__single_APT_37to6_prolate_AR2,2.6188428458058605e-15,4.801565393362353,A,6.0,323.15,MS,1.185595877213346,1.0882440401175293,FROZEN_AFTER_AQ_AND_6H_BEFORE_48H_COMPARISON
lower_1sigma__single_APT_37to6_prolate_AR2,2.6188428458058605e-15,4.801565393362353,B,6.0,323.15,MS,1.1855915376685275,1.0882440401175293,FROZEN_AFTER_AQ_AND_6H_BEFORE_48H_COMPARISON
lower_1sigma__single_APT_37to6_prolate_AR2,2.6188428458058605e-15,4.801565393362353,C,6.0,323.15,MS,1.1855952026574248,1.0882440401175293,FROZEN_AFTER_AQ_AND_6H_BEFORE_48H_COMPARISON
lower_1sigma__single_APT_37to6_prolate_AR2,2.6188428458058605e-15,4.801565393362353,A,6.0,323.15,MIS,1.0904559042546946,1.0882440401175293,FROZEN_AFTER_AQ_AND_6H_BEFORE_48H_COMPARISON
lower_1sigma__single_APT_37to6_prolate_AR2,2.6188428458058605e-15,4.801565393362353,B,6.0,323.15,MIS,1.0904528295925981,1.0882440401175293,FROZEN_AFTER_AQ_AND_6H_BEFORE_48H_COMPARISON
lower_1sigma__single_APT_37to6_prolate_AR2,2.6188428458058605e-15,4.801565393362353,C,6.0,323.15,MIS,1.0904561485772795,1.0882440401175293,FROZEN_AFTER_AQ_AND_6H_BEFORE_48H_COMPARISON
lower_1sigma__single_APT_37to6_prolate_AR2,2.6188428458058605e-15,4.801565393362353,A,6.0,373.15,M0,1.1068624621466985,0.9630520737428236,FROZEN_AFTER_AQ_AND_6H_BEFORE_48H_COMPARISON
lower_1sigma__single_APT_37to6_prolate_AR2,2.6188428458058605e-15,4.801565393362353,B,6.0,373.15,M0,1.1068601978920594,0.9630520737428236,FROZEN_AFTER_AQ_AND_6H_BEFORE_48H_COMPARISON
lower_1sigma__single_APT_37to6_prolate_AR2,2.6188428458058605e-15,4.801565393362353,C,6.0,373.15,M0,1.106863299391017,0.9630520737428236,FROZEN_AFTER_AQ_AND_6H_BEFORE_48H_COMPARISON
lower_1sigma__single_APT_37to6_prolate_AR2,2.6188428458058605e-15,4.801565393362353,A,6.0,373.15,MI,1.0228678078494546,0.9630520737428236,FROZEN_AFTER_AQ_AND_6H_BEFORE_48H_COMPARISON
lower_1sigma__single_APT_37to6_prolate_AR2,2.6188428458058605e-15,4.801565393362353,B,6.0,373.15,MI,1.0228656665568154,0.9630520737428236,FROZEN_AFTER_AQ_AND_6H_BEFORE_48H_COMPARISON
lower_1sigma__single_APT_37to6_prolate_AR2,2.6188428458058605e-15,4.801565393362353,C,6.0,373.15,MI,1.0228686007436327,0.9630520737428236,FROZEN_AFTER_AQ_AND_6H_BEFORE_48H_COMPARISON
lower_1sigma__single_APT_37to6_prolate_AR2,2.6188428458058605e-15,4.801565393362353,A,6.0,373.15,MS,1.1065734333132047,0.9630520737428236,FROZEN_AFTER_AQ_AND_6H_BEFORE_48H_COMPARISON
lower_1sigma__single_APT_37to6_prolate_AR2,2.6188428458058605e-15,4.801565393362353,B,6.0,373.15,MS,1.1065696297235406,0.9630520737428236,FROZEN_AFTER_AQ_AND_6H_BEFORE_48H_COMPARISON
lower_1sigma__single_APT_37to6_prolate_AR2,2.6188428458058605e-15,4.801565393362353,C,6.0,373.15,MS,1.1065728363485832,0.9630520737428236,FROZEN_AFTER_AQ_AND_6H_BEFORE_48H_COMPARISON
lower_1sigma__single_APT_37to6_prolate_AR2,2.6188428458058605e-15,4.801565393362353,A,6.0,373.15,MIS,1.0227390230109417,0.9630520737428236,FROZEN_AFTER_AQ_AND_6H_BEFORE_48H_COMPARISON
lower_1sigma__single_APT_37to6_prolate_AR2,2.6188428458058605e-15,4.801565393362353,B,6.0,373.15,MIS,1.0227363017308901,0.9630520737428236,FROZEN_AFTER_AQ_AND_6H_BEFORE_48H_COMPARISON
lower_1sigma__single_APT_37to6_prolate_AR2,2.6188428458058605e-15,4.801565393362353,C,6.0,373.15,MIS,1.0227392174557666,0.9630520737428236,FROZEN_AFTER_AQ_AND_6H_BEFORE_48H_COMPARISON
lower_1sigma__single_APT_37to6_prolate_AR2,2.6188428458058605e-15,4.801565393362353,A,6.0,423.15,M0,1.03745031815358,0.8755599608786824,FROZEN_AFTER_AQ_AND_6H_BEFORE_48H_COMPARISON
lower_1sigma__single_APT_37to6_prolate_AR2,2.6188428458058605e-15,4.801565393362353,B,6.0,423.15,M0,1.0374483236219927,0.8755599608786824,FROZEN_AFTER_AQ_AND_6H_BEFORE_48H_COMPARISON
lower_1sigma__single_APT_37to6_prolate_AR2,2.6188428458058605e-15,4.801565393362353,C,6.0,423.15,M0,1.037451055661876,0.8755599608786824,FROZEN_AFTER_AQ_AND_6H_BEFORE_48H_COMPARISON
lower_1sigma__single_APT_37to6_prolate_AR2,2.6188428458058605e-15,4.801565393362353,A,6.0,423.15,MI,0.9628460156953071,0.8755599608786824,FROZEN_AFTER_AQ_AND_6H_BEFORE_48H_COMPARISON
lower_1sigma__single_APT_37to6_prolate_AR2,2.6188428458058605e-15,4.801565393362353,B,6.0,423.15,MI,0.9628441218778431,0.8755599608786824,FROZEN_AFTER_AQ_AND_6H_BEFORE_48H_COMPARISON
lower_1sigma__single_APT_37to6_prolate_AR2,2.6188428458058605e-15,4.801565393362353,C,6.0,423.15,MI,0.9628467169619802,0.8755599608786824,FROZEN_AFTER_AQ_AND_6H_BEFORE_48H_COMPARISON
lower_1sigma__single_APT_37to6_prolate_AR2,2.6188428458058605e-15,4.801565393362353,A,6.0,423.15,MS,1.0371951982108336,0.8755599608786824,FROZEN_AFTER_AQ_AND_6H_BEFORE_48H_COMPARISON
lower_1sigma__single_APT_37to6_prolate_AR2,2.6188428458058605e-15,4.801565393362353,B,6.0,423.15,MS,1.0371918372441327,0.8755599608786824,FROZEN_AFTER_AQ_AND_6H_BEFORE_48H_COMPARISON
lower_1sigma__single_APT_37to6_prolate_AR2,2.6188428458058605e-15,4.801565393362353,C,6.0,423.15,MS,1.0371946651295896,0.8755599608786824,FROZEN_AFTER_AQ_AND_6H_BEFORE_48H_COMPARISON
lower_1sigma__single_APT_37to6_prolate_AR2,2.6188428458058605e-15,4.801565393362353,A,6.0,423.15,MIS,0.9627288873253393,0.8755599608786824,FROZEN_AFTER_AQ_AND_6H_BEFORE_48H_COMPARISON
lower_1sigma__single_APT_37to6_prolate_AR2,2.6188428458058605e-15,4.801565393362353,B,6.0,423.15,MIS,0.9627264612385782,0.8755599608786824,FROZEN_AFTER_AQ_AND_6H_BEFORE_48H_COMPARISON
lower_1sigma__single_APT_37to6_prolate_AR2,2.6188428458058605e-15,4.801565393362353,C,6.0,423.15,MIS,0.9627290420976179,0.8755599608786824,FROZEN_AFTER_AQ_AND_6H_BEFORE_48H_COMPARISON
lower_1sigma__single_APT_37to6_prolate_AR2,2.6188428458058605e-15,4.801565393362353,A,6.0,473.15,M0,0.976107608755733,0.8549317391464868,FROZEN_AFTER_AQ_AND_6H_BEFORE_48H_COMPARISON
lower_1sigma__single_APT_37to6_prolate_AR2,2.6188428458058605e-15,4.801565393362353,B,6.0,473.15,M0,0.9761058388844123,0.8549317391464868,FROZEN_AFTER_AQ_AND_6H_BEFORE_48H_COMPARISON
lower_1sigma__single_APT_37to6_prolate_AR2,2.6188428458058605e-15,4.801565393362353,C,6.0,473.15,M0,0.9761082631912606,0.8549317391464868,FROZEN_AFTER_AQ_AND_6H_BEFORE_48H_COMPARISON
lower_1sigma__single_APT_37to6_prolate_AR2,2.6188428458058605e-15,4.801565393362353,A,6.0,473.15,MI,0.9093727919385783,0.8549317391464868,FROZEN_AFTER_AQ_AND_6H_BEFORE_48H_COMPARISON
lower_1sigma__single_APT_37to6_prolate_AR2,2.6188428458058605e-15,4.801565393362353,B,6.0,473.15,MI,0.9093711054632156,0.8549317391464868,FROZEN_AFTER_AQ_AND_6H_BEFORE_48H_COMPARISON
lower_1sigma__single_APT_37to6_prolate_AR2,2.6188428458058605e-15,4.801565393362353,C,6.0,473.15,MI,0.9093734164363343,0.8549317391464868,FROZEN_AFTER_AQ_AND_6H_BEFORE_48H_COMPARISON
lower_1sigma__single_APT_37to6_prolate_AR2,2.6188428458058605e-15,4.801565393362353,A,6.0,473.15,MS,0.9758806933816623,0.8549317391464868,FROZEN_AFTER_AQ_AND_6H_BEFORE_48H_COMPARISON
lower_1sigma__single_APT_37to6_prolate_AR2,2.6188428458058605e-15,4.801565393362353,B,6.0,473.15,MS,0.9758777019580138,0.8549317391464868,FROZEN_AFTER_AQ_AND_6H_BEFORE_48H_COMPARISON
lower_1sigma__single_APT_37to6_prolate_AR2,2.6188428458058605e-15,4.801565393362353,C,6.0,473.15,MS,0.9758802137193571,0.8549317391464868,FROZEN_AFTER_AQ_AND_6H_BEFORE_48H_COMPARISON
lower_1sigma__single_APT_37to6_prolate_AR2,2.6188428458058605e-15,4.801565393362353,A,6.0,473.15,MIS,0.9092657232339773,0.8549317391464868,FROZEN_AFTER_AQ_AND_6H_BEFORE_48H_COMPARISON
lower_1sigma__single_APT_37to6_prolate_AR2,2.6188428458058605e-15,4.801565393362353,B,6.0,473.15,MIS,0.9092635460765359,0.8549317391464868,FROZEN_AFTER_AQ_AND_6H_BEFORE_48H_COMPARISON
lower_1sigma__single_APT_37to6_prolate_AR2,2.6188428458058605e-15,4.801565393362353,C,6.0,473.15,MIS,0.9092658462360147,0.8549317391464868,FROZEN_AFTER_AQ_AND_6H_BEFORE_48H_COMPARISON
lower_1sigma__single_APT_37to6_prolate_AR2,2.6188428458058605e-15,4.801565393362353,A,6.0,523.15,M0,0.9215455744858715,0.8542204211557212,FROZEN_AFTER_AQ_AND_6H_BEFORE_48H_COMPARISON
lower_1sigma__single_APT_37to6_prolate_AR2,2.6188428458058605e-15,4.801565393362353,B,6.0,523.15,M0,0.9215439935710832,0.8542204211557212,FROZEN_AFTER_AQ_AND_6H_BEFORE_48H_COMPARISON
lower_1sigma__single_APT_37to6_prolate_AR2,2.6188428458058605e-15,4.801565393362353,C,6.0,523.15,M0,0.9215461590510329,0.8542204211557212,FROZEN_AFTER_AQ_AND_6H_BEFORE_48H_COMPARISON
lower_1sigma__single_APT_37to6_prolate_AR2,2.6188428458058605e-15,4.801565393362353,A,6.0,523.15,MI,0.861473164045874,0.8542204211557212,FROZEN_AFTER_AQ_AND_6H_BEFORE_48H_COMPARISON
lower_1sigma__single_APT_37to6_prolate_AR2,2.6188428458058605e-15,4.801565393362353,B,6.0,523.15,MI,0.8614716528618109,0.8542204211557212,FROZEN_AFTER_AQ_AND_6H_BEFORE_48H_COMPARISON
lower_1sigma__single_APT_37to6_prolate_AR2,2.6188428458058605e-15,4.801565393362353,C,6.0,523.15,MI,0.8614737236409844,0.8542204211557212,FROZEN_AFTER_AQ_AND_6H_BEFORE_48H_COMPARISON
lower_1sigma__single_APT_37to6_prolate_AR2,2.6188428458058605e-15,4.801565393362353,A,6.0,523.15,MS,0.9213423801882851,0.8542204211557212,FROZEN_AFTER_AQ_AND_6H_BEFORE_48H_COMPARISON
lower_1sigma__single_APT_37to6_prolate_AR2,2.6188428458058605e-15,4.801565393362353,B,6.0,523.15,MS,0.9213397003910101,0.8542204211557212,FROZEN_AFTER_AQ_AND_6H_BEFORE_48H_COMPARISON
lower_1sigma__single_APT_37to6_prolate_AR2,2.6188428458058605e-15,4.801565393362353,C,6.0,523.15,MS,0.9213419457598323,0.8542204211557212,FROZEN_AFTER_AQ_AND_6H_BEFORE_48H_COMPARISON
lower_1sigma__single_APT_37to6_prolate_AR2,2.6188428458058605e-15,4.801565393362353,A,6.0,523.15,MIS,0.8613748464551215,0.8542204211557212,FROZEN_AFTER_AQ_AND_6H_BEFORE_48H_COMPARISON
lower_1sigma__single_APT_37to6_prolate_AR2,2.6188428458058605e-15,4.801565393362353,B,6.0,523.15,MIS,0.8613728811067117,0.8542204211557212,FROZEN_AFTER_AQ_AND_6H_BEFORE_48H_COMPARISON
lower_1sigma__single_APT_37to6_prolate_AR2,2.6188428458058605e-15,4.801565393362353,C,6.0,523.15,MIS,0.8613749438349283,0.8542204211557212,FROZEN_AFTER_AQ_AND_6H_BEFORE_48H_COMPARISON
lower_1sigma__single_APT_37to6_prolate_AR2,2.6188428458058605e-15,4.801565393362353,A,6.0,573.15,M0,0.8727205211374636,0.85,FROZEN_AFTER_AQ_AND_6H_BEFORE_48H_COMPARISON
lower_1sigma__single_APT_37to6_prolate_AR2,2.6188428458058605e-15,4.801565393362353,B,6.0,573.15,M0,0.8727191005846615,0.85,FROZEN_AFTER_AQ_AND_6H_BEFORE_48H_COMPARISON
lower_1sigma__single_APT_37to6_prolate_AR2,2.6188428458058605e-15,4.801565393362353,C,6.0,573.15,M0,0.8727210464058017,0.85,FROZEN_AFTER_AQ_AND_6H_BEFORE_48H_COMPARISON
lower_1sigma__single_APT_37to6_prolate_AR2,2.6188428458058605e-15,4.801565393362353,A,6.0,573.15,MI,0.818340272729449,0.85,FROZEN_AFTER_AQ_AND_6H_BEFORE_48H_COMPARISON
lower_1sigma__single_APT_37to6_prolate_AR2,2.6188428458058605e-15,4.801565393362353,B,6.0,573.15,MI,0.8183389109913236,0.85,FROZEN_AFTER_AQ_AND_6H_BEFORE_48H_COMPARISON
lower_1sigma__single_APT_37to6_prolate_AR2,2.6188428458058605e-15,4.801565393362353,C,6.0,573.15,MI,0.8183407769907621,0.85,FROZEN_AFTER_AQ_AND_6H_BEFORE_48H_COMPARISON
lower_1sigma__single_APT_37to6_prolate_AR2,2.6188428458058605e-15,4.801565393362353,A,6.0,573.15,MS,0.8725374737139809,0.85,FROZEN_AFTER_AQ_AND_6H_BEFORE_48H_COMPARISON
lower_1sigma__single_APT_37to6_prolate_AR2,2.6188428458058605e-15,4.801565393362353,B,6.0,573.15,MS,0.8725350590992772,0.85,FROZEN_AFTER_AQ_AND_6H_BEFORE_48H_COMPARISON
lower_1sigma__single_APT_37to6_prolate_AR2,2.6188428458058605e-15,4.801565393362353,C,6.0,573.15,MS,0.8725370779956195,0.85,FROZEN_AFTER_AQ_AND_6H_BEFORE_48H_COMPARISON
lower_1sigma__single_APT_37to6_prolate_AR2,2.6188428458058605e-15,4.801565393362353,A,6.0,573.15,MIS,0.8182496224938239,0.85,FROZEN_AFTER_AQ_AND_6H_BEFORE_48H_COMPARISON
lower_1sigma__single_APT_37to6_prolate_AR2,2.6188428458058605e-15,4.801565393362353,B,6.0,573.15,MIS,0.8182478388736046,0.85,FROZEN_AFTER_AQ_AND_6H_BEFORE_48H_COMPARISON
lower_1sigma__single_APT_37to6_prolate_AR2,2.6188428458058605e-15,4.801565393362353,C,6.0,573.15,MIS,0.8182496990699365,0.85,FROZEN_AFTER_AQ_AND_6H_BEFORE_48H_COMPARISON
lower_1sigma__single_APT_37to6_prolate_AR2,2.6188428458058605e-15,4.801565393362353,A,48.0,303.15,M0,1.2179492128375375,1.5171687885490504,FROZEN_AFTER_AQ_AND_6H_BEFORE_48H_COMPARISON
lower_1sigma__single_APT_37to6_prolate_AR2,2.6188428458058605e-15,4.801565393362353,B,48.0,303.15,M0,1.2160900174155154,1.5171687885490504,FROZEN_AFTER_AQ_AND_6H_BEFORE_48H_COMPARISON
lower_1sigma__single_APT_37to6_prolate_AR2,2.6188428458058605e-15,4.801565393362353,C,48.0,303.15,M0,1.2191629669588957,1.5171687885490504,FROZEN_AFTER_AQ_AND_6H_BEFORE_48H_COMPARISON
lower_1sigma__single_APT_37to6_prolate_AR2,2.6188428458058605e-15,4.801565393362353,A,48.0,303.15,MI,1.1748480808740587,1.5171687885490504,FROZEN_AFTER_AQ_AND_6H_BEFORE_48H_COMPARISON
lower_1sigma__single_APT_37to6_prolate_AR2,2.6188428458058605e-15,4.801565393362353,B,48.0,303.15,MI,1.1688117937155087,1.5171687885490504,FROZEN_AFTER_AQ_AND_6H_BEFORE_48H_COMPARISON
lower_1sigma__single_APT_37to6_prolate_AR2,2.6188428458058605e-15,4.801565393362353,C,48.0,303.15,MI,1.1804894491417426,1.5171687885490504,FROZEN_AFTER_AQ_AND_6H_BEFORE_48H_COMPARISON
lower_1sigma__single_APT_37to6_prolate_AR2,2.6188428458058605e-15,4.801565393362353,A,48.0,303.15,MS,1.217673314693256,1.5171687885490504,FROZEN_AFTER_AQ_AND_6H_BEFORE_48H_COMPARISON
lower_1sigma__single_APT_37to6_prolate_AR2,2.6188428458058605e-15,4.801565393362353,B,48.0,303.15,MS,1.215812312923189,1.5171687885490504,FROZEN_AFTER_AQ_AND_6H_BEFORE_48H_COMPARISON
lower_1sigma__single_APT_37to6_prolate_AR2,2.6188428458058605e-15,4.801565393362353,C,48.0,303.15,MS,1.2189030486700339,1.5171687885490504,FROZEN_AFTER_AQ_AND_6H_BEFORE_48H_COMPARISON
lower_1sigma__single_APT_37to6_prolate_AR2,2.6188428458058605e-15,4.801565393362353,A,48.0,303.15,MIS,1.1746774797003745,1.5171687885490504,FROZEN_AFTER_AQ_AND_6H_BEFORE_48H_COMPARISON
lower_1sigma__single_APT_37to6_prolate_AR2,2.6188428458058605e-15,4.801565393362353,B,48.0,303.15,MIS,1.1686458351037816,1.5171687885490504,FROZEN_AFTER_AQ_AND_6H_BEFORE_48H_COMPARISON
lower_1sigma__single_APT_37to6_prolate_AR2,2.6188428458058605e-15,4.801565393362353,C,48.0,303.15,MIS,1.1803216400615055,1.5171687885490504,FROZEN_AFTER_AQ_AND_6H_BEFORE_48H_COMPARISON
lower_1sigma__single_APT_37to6_prolate_AR2,2.6188428458058605e-15,4.801565393362353,A,48.0,323.15,M0,1.1833349175552728,1.3578335586176062,FROZEN_AFTER_AQ_AND_6H_BEFORE_48H_COMPARISON
lower_1sigma__single_APT_37to6_prolate_AR2,2.6188428458058605e-15,4.801565393362353,B,48.0,323.15,M0,1.1815855290129873,1.3578335586176062,FROZEN_AFTER_AQ_AND_6H_BEFORE_48H_COMPARISON
lower_1sigma__single_APT_37to6_prolate_AR2,2.6188428458058605e-15,4.801565393362353,C,48.0,323.15,M0,1.1844676804427827,1.3578335586176062,FROZEN_AFTER_AQ_AND_6H_BEFORE_48H_COMPARISON
lower_1sigma__single_APT_37to6_prolate_AR2,2.6188428458058605e-15,4.801565393362353,A,48.0,323.15,MI,1.142492332917787,1.3578335586176062,FROZEN_AFTER_AQ_AND_6H_BEFORE_48H_COMPARISON
lower_1sigma__single_APT_37to6_prolate_AR2,2.6188428458058605e-15,4.801565393362353,B,48.0,323.15,MI,1.136781609523343,1.3578335586176062,FROZEN_AFTER_AQ_AND_6H_BEFORE_48H_COMPARISON
lower_1sigma__single_APT_37to6_prolate_AR2,2.6188428458058605e-15,4.801565393362353,C,48.0,323.15,MI,1.1478225793558197,1.3578335586176062,FROZEN_AFTER_AQ_AND_6H_BEFORE_48H_COMPARISON
lower_1sigma__single_APT_37to6_prolate_AR2,2.6188428458058605e-15,4.801565393362353,A,48.0,323.15,MS,1.1830721815857737,1.3578335586176062,FROZEN_AFTER_AQ_AND_6H_BEFORE_48H_COMPARISON
lower_1sigma__single_APT_37to6_prolate_AR2,2.6188428458058605e-15,4.801565393362353,B,48.0,323.15,MS,1.1813213274063585,1.3578335586176062,FROZEN_AFTER_AQ_AND_6H_BEFORE_48H_COMPARISON
lower_1sigma__single_APT_37to6_prolate_AR2,2.6188428458058605e-15,4.801565393362353,C,48.0,323.15,MS,1.1842198695039874,1.3578335586176062,FROZEN_AFTER_AQ_AND_6H_BEFORE_48H_COMPARISON
lower_1sigma__single_APT_37to6_prolate_AR2,2.6188428458058605e-15,4.801565393362353,A,48.0,323.15,MIS,1.142328761762112,1.3578335586176062,FROZEN_AFTER_AQ_AND_6H_BEFORE_48H_COMPARISON
lower_1sigma__single_APT_37to6_prolate_AR2,2.6188428458058605e-15,4.801565393362353,B,48.0,323.15,MIS,1.1366225302725979,1.3578335586176062,FROZEN_AFTER_AQ_AND_6H_BEFORE_48H_COMPARISON
lower_1sigma__single_APT_37to6_prolate_AR2,2.6188428458058605e-15,4.801565393362353,C,48.0,323.15,MIS,1.147661640657195,1.3578335586176062,FROZEN_AFTER_AQ_AND_6H_BEFORE_48H_COMPARISON
lower_1sigma__single_APT_37to6_prolate_AR2,2.6188428458058605e-15,4.801565393362353,A,48.0,373.15,M0,1.1045536399572116,1.1846276278662375,FROZEN_AFTER_AQ_AND_6H_BEFORE_48H_COMPARISON
lower_1sigma__single_APT_37to6_prolate_AR2,2.6188428458058605e-15,4.801565393362353,B,48.0,373.15,M0,1.1030406443199379,1.1846276278662375,FROZEN_AFTER_AQ_AND_6H_BEFORE_48H_COMPARISON
lower_1sigma__single_APT_37to6_prolate_AR2,2.6188428458058605e-15,4.801565393362353,C,48.0,373.15,M0,1.1055147672923364,1.1846276278662375,FROZEN_AFTER_AQ_AND_6H_BEFORE_48H_COMPARISON
lower_1sigma__single_APT_37to6_prolate_AR2,2.6188428458058605e-15,4.801565393362353,A,48.0,373.15,MI,1.0686257123117302,1.1846276278662375,FROZEN_AFTER_AQ_AND_6H_BEFORE_48H_COMPARISON
lower_1sigma__single_APT_37to6_prolate_AR2,2.6188428458058605e-15,4.801565393362353,B,48.0,373.15,MI,1.0636221234481291,1.1846276278662375,FROZEN_AFTER_AQ_AND_6H_BEFORE_48H_COMPARISON
lower_1sigma__single_APT_37to6_prolate_AR2,2.6188428458058605e-15,4.801565393362353,C,48.0,373.15,MI,1.073282321092119,1.1846276278662375,FROZEN_AFTER_AQ_AND_6H_BEFORE_48H_COMPARISON
lower_1sigma__single_APT_37to6_prolate_AR2,2.6188428458058605e-15,4.801565393362353,A,48.0,373.15,MS,1.1043198153310627,1.1846276278662375,FROZEN_AFTER_AQ_AND_6H_BEFORE_48H_COMPARISON
lower_1sigma__single_APT_37to6_prolate_AR2,2.6188428458058605e-15,4.801565393362353,B,48.0,373.15,MS,1.1028060457576716,1.1846276278662375,FROZEN_AFTER_AQ_AND_6H_BEFORE_48H_COMPARISON
lower_1sigma__single_APT_37to6_prolate_AR2,2.6188428458058605e-15,4.801565393362353,C,48.0,373.15,MS,1.1052936170057377,1.1846276278662375,FROZEN_AFTER_AQ_AND_6H_BEFORE_48H_COMPARISON
lower_1sigma__single_APT_37to6_prolate_AR2,2.6188428458058605e-15,4.801565393362353,A,48.0,373.15,MIS,1.0684778001124742,1.1846276278662375,FROZEN_AFTER_AQ_AND_6H_BEFORE_48H_COMPARISON
lower_1sigma__single_APT_37to6_prolate_AR2,2.6188428458058605e-15,4.801565393362353,B,48.0,373.15,MIS,1.0634783633307532,1.1846276278662375,FROZEN_AFTER_AQ_AND_6H_BEFORE_48H_COMPARISON
lower_1sigma__single_APT_37to6_prolate_AR2,2.6188428458058605e-15,4.801565393362353,C,48.0,373.15,MIS,1.0731366896813543,1.1846276278662375,FROZEN_AFTER_AQ_AND_6H_BEFORE_48H_COMPARISON
lower_1sigma__single_APT_37to6_prolate_AR2,2.6188428458058605e-15,4.801565393362353,A,48.0,423.15,M0,1.0353806641531986,1.0846874501637025,FROZEN_AFTER_AQ_AND_6H_BEFORE_48H_COMPARISON
lower_1sigma__single_APT_37to6_prolate_AR2,2.6188428458058605e-15,4.801565393362353,B,48.0,423.15,M0,1.0340599623681406,1.0846874501637025,FROZEN_AFTER_AQ_AND_6H_BEFORE_48H_COMPARISON
lower_1sigma__single_APT_37to6_prolate_AR2,2.6188428458058605e-15,4.801565393362353,C,48.0,423.15,M0,1.0362050920404913,1.0846874501637025,FROZEN_AFTER_AQ_AND_6H_BEFORE_48H_COMPARISON
lower_1sigma__single_APT_37to6_prolate_AR2,2.6188428458058605e-15,4.801565393362353,A,48.0,423.15,MI,1.0035163406790042,1.0846874501637025,FROZEN_AFTER_AQ_AND_6H_BEFORE_48H_COMPARISON
lower_1sigma__single_APT_37to6_prolate_AR2,2.6188428458058605e-15,4.801565393362353,B,48.0,423.15,MI,0.9990955427913863,1.0846874501637025,FROZEN_AFTER_AQ_AND_6H_BEFORE_48H_COMPARISON
lower_1sigma__single_APT_37to6_prolate_AR2,2.6188428458058605e-15,4.801565393362353,C,48.0,423.15,MI,1.0076199845934595,1.0846874501637025,FROZEN_AFTER_AQ_AND_6H_BEFORE_48H_COMPARISON
lower_1sigma__single_APT_37to6_prolate_AR2,2.6188428458058605e-15,4.801565393362353,A,48.0,423.15,MS,1.0351710597473456,1.0846874501637025,FROZEN_AFTER_AQ_AND_6H_BEFORE_48H_COMPARISON
lower_1sigma__single_APT_37to6_prolate_AR2,2.6188428458058605e-15,4.801565393362353,B,48.0,423.15,MS,1.033850099294619,1.0846874501637025,FROZEN_AFTER_AQ_AND_6H_BEFORE_48H_COMPARISON
lower_1sigma__single_APT_37to6_prolate_AR2,2.6188428458058605e-15,4.801565393362353,C,48.0,423.15,MS,1.0360063516341929,1.0846874501637025,FROZEN_AFTER_AQ_AND_6H_BEFORE_48H_COMPARISON
lower_1sigma__single_APT_37to6_prolate_AR2,2.6188428458058605e-15,4.801565393362353,A,48.0,423.15,MIS,1.0033817980023145,1.0846874501637025,FROZEN_AFTER_AQ_AND_6H_BEFORE_48H_COMPARISON
lower_1sigma__single_APT_37to6_prolate_AR2,2.6188428458058605e-15,4.801565393362353,B,48.0,423.15,MIS,0.9989648564767647,1.0846874501637025,FROZEN_AFTER_AQ_AND_6H_BEFORE_48H_COMPARISON
lower_1sigma__single_APT_37to6_prolate_AR2,2.6188428458058605e-15,4.801565393362353,C,48.0,423.15,MIS,1.0074874280348682,1.0846874501637025,FROZEN_AFTER_AQ_AND_6H_BEFORE_48H_COMPARISON
lower_1sigma__single_APT_37to6_prolate_AR2,2.6188428458058605e-15,4.801565393362353,A,48.0,473.15,M0,0.974242287236666,1.08433179116832,FROZEN_AFTER_AQ_AND_6H_BEFORE_48H_COMPARISON
lower_1sigma__single_APT_37to6_prolate_AR2,2.6188428458058605e-15,4.801565393362353,B,48.0,473.15,M0,0.9730798468999369,1.08433179116832,FROZEN_AFTER_AQ_AND_6H_BEFORE_48H_COMPARISON
lower_1sigma__single_APT_37to6_prolate_AR2,2.6188428458058605e-15,4.801565393362353,C,48.0,473.15,M0,0.9749563501929727,1.08433179116832,FROZEN_AFTER_AQ_AND_6H_BEFORE_48H_COMPARISON
lower_1sigma__single_APT_37to6_prolate_AR2,2.6188428458058605e-15,4.801565393362353,A,48.0,473.15,MI,0.9457772396315459,1.08433179116832,FROZEN_AFTER_AQ_AND_6H_BEFORE_48H_COMPARISON
lower_1sigma__single_APT_37to6_prolate_AR2,2.6188428458058605e-15,4.801565393362353,B,48.0,473.15,MI,0.9418422261161282,1.08433179116832,FROZEN_AFTER_AQ_AND_6H_BEFORE_48H_COMPARISON
lower_1sigma__single_APT_37to6_prolate_AR2,2.6188428458058605e-15,4.801565393362353,C,48.0,473.15,MI,0.9494215533738884,1.08433179116832,FROZEN_AFTER_AQ_AND_6H_BEFORE_48H_COMPARISON
lower_1sigma__single_APT_37to6_prolate_AR2,2.6188428458058605e-15,4.801565393362353,A,48.0,473.15,MS,0.9740531938826608,1.08433179116832,FROZEN_AFTER_AQ_AND_6H_BEFORE_48H_COMPARISON
lower_1sigma__single_APT_37to6_prolate_AR2,2.6188428458058605e-15,4.801565393362353,B,48.0,473.15,MS,0.9728908814949584,1.08433179116832,FROZEN_AFTER_AQ_AND_6H_BEFORE_48H_COMPARISON
lower_1sigma__single_APT_37to6_prolate_AR2,2.6188428458058605e-15,4.801565393362353,C,48.0,473.15,MS,0.9747766459779625,1.08433179116832,FROZEN_AFTER_AQ_AND_6H_BEFORE_48H_COMPARISON
lower_1sigma__single_APT_37to6_prolate_AR2,2.6188428458058605e-15,4.801565393362353,A,48.0,473.15,MIS,0.9456542188344963,1.08433179116832,FROZEN_AFTER_AQ_AND_6H_BEFORE_48H_COMPARISON
lower_1sigma__single_APT_37to6_prolate_AR2,2.6188428458058605e-15,4.801565393362353,B,48.0,473.15,MIS,0.9417228018186864,1.08433179116832,FROZEN_AFTER_AQ_AND_6H_BEFORE_48H_COMPARISON
lower_1sigma__single_APT_37to6_prolate_AR2,2.6188428458058605e-15,4.801565393362353,C,48.0,473.15,MIS,0.9493002700833715,1.08433179116832,FROZEN_AFTER_AQ_AND_6H_BEFORE_48H_COMPARISON
lower_1sigma__single_APT_37to6_prolate_AR2,2.6188428458058605e-15,4.801565393362353,A,48.0,523.15,M0,0.9198561583695243,1.0405857347362493,FROZEN_AFTER_AQ_AND_6H_BEFORE_48H_COMPARISON
lower_1sigma__single_APT_37to6_prolate_AR2,2.6188428458058605e-15,4.801565393362353,B,48.0,523.15,M0,0.9188254017922773,1.0405857347362493,FROZEN_AFTER_AQ_AND_6H_BEFORE_48H_COMPARISON
lower_1sigma__single_APT_37to6_prolate_AR2,2.6188428458058605e-15,4.801565393362353,C,48.0,523.15,M0,0.9204800004917817,1.0405857347362493,FROZEN_AFTER_AQ_AND_6H_BEFORE_48H_COMPARISON
lower_1sigma__single_APT_37to6_prolate_AR2,2.6188428458058605e-15,4.801565393362353,A,48.0,523.15,MI,0.894264367556369,1.0405857347362493,FROZEN_AFTER_AQ_AND_6H_BEFORE_48H_COMPARISON
lower_1sigma__single_APT_37to6_prolate_AR2,2.6188428458058605e-15,4.801565393362353,B,48.0,523.15,MI,0.8907384794186153,1.0405857347362493,FROZEN_AFTER_AQ_AND_6H_BEFORE_48H_COMPARISON
lower_1sigma__single_APT_37to6_prolate_AR2,2.6188428458058605e-15,4.801565393362353,C,48.0,523.15,MI,0.8975230193604404,1.0405857347362493,FROZEN_AFTER_AQ_AND_6H_BEFORE_48H_COMPARISON
lower_1sigma__single_APT_37to6_prolate_AR2,2.6188428458058605e-15,4.801565393362353,A,48.0,523.15,MS,0.9196846019663442,1.0405857347362493,FROZEN_AFTER_AQ_AND_6H_BEFORE_48H_COMPARISON
lower_1sigma__single_APT_37to6_prolate_AR2,2.6188428458058605e-15,4.801565393362353,B,48.0,523.15,MS,0.9186542647526885,1.0405857347362493,FROZEN_AFTER_AQ_AND_6H_BEFORE_48H_COMPARISON
lower_1sigma__single_APT_37to6_prolate_AR2,2.6188428458058605e-15,4.801565393362353,C,48.0,523.15,MS,0.9203166179887978,1.0405857347362493,FROZEN_AFTER_AQ_AND_6H_BEFORE_48H_COMPARISON
lower_1sigma__single_APT_37to6_prolate_AR2,2.6188428458058605e-15,4.801565393362353,A,48.0,523.15,MIS,0.894151358842781,1.0405857347362493,FROZEN_AFTER_AQ_AND_6H_BEFORE_48H_COMPARISON
lower_1sigma__single_APT_37to6_prolate_AR2,2.6188428458058605e-15,4.801565393362353,B,48.0,523.15,MIS,0.890628836962002,1.0405857347362493,FROZEN_AFTER_AQ_AND_6H_BEFORE_48H_COMPARISON
lower_1sigma__single_APT_37to6_prolate_AR2,2.6188428458058605e-15,4.801565393362353,C,48.0,523.15,MIS,0.8974115370195825,1.0405857347362493,FROZEN_AFTER_AQ_AND_6H_BEFORE_48H_COMPARISON
lower_1sigma__single_APT_37to6_prolate_AR2,2.6188428458058605e-15,4.801565393362353,A,48.0,573.15,M0,0.8711835679911568,1.03,FROZEN_AFTER_AQ_AND_6H_BEFORE_48H_COMPARISON
lower_1sigma__single_APT_37to6_prolate_AR2,2.6188428458058605e-15,4.801565393362353,B,48.0,573.15,M0,0.8702634839850605,1.03,FROZEN_AFTER_AQ_AND_6H_BEFORE_48H_COMPARISON
lower_1sigma__single_APT_37to6_prolate_AR2,2.6188428458058605e-15,4.801565393362353,C,48.0,573.15,M0,0.8717328181049673,1.03,FROZEN_AFTER_AQ_AND_6H_BEFORE_48H_COMPARISON
lower_1sigma__single_APT_37to6_prolate_AR2,2.6188428458058605e-15,4.801565393362353,A,48.0,573.15,MI,0.8480430791659743,1.03,FROZEN_AFTER_AQ_AND_6H_BEFORE_48H_COMPARISON
lower_1sigma__single_APT_37to6_prolate_AR2,2.6188428458058605e-15,4.801565393362353,B,48.0,573.15,MI,0.8448649870292244,1.03,FROZEN_AFTER_AQ_AND_6H_BEFORE_48H_COMPARISON
lower_1sigma__single_APT_37to6_prolate_AR2,2.6188428458058605e-15,4.801565393362353,C,48.0,573.15,MI,0.8509747835375888,1.03,FROZEN_AFTER_AQ_AND_6H_BEFORE_48H_COMPARISON
lower_1sigma__single_APT_37to6_prolate_AR2,2.6188428458058605e-15,4.801565393362353,A,48.0,573.15,MS,0.8710271339607456,1.03,FROZEN_AFTER_AQ_AND_6H_BEFORE_48H_COMPARISON
lower_1sigma__single_APT_37to6_prolate_AR2,2.6188428458058605e-15,4.801565393362353,B,48.0,573.15,MS,0.8701076893800956,1.03,FROZEN_AFTER_AQ_AND_6H_BEFORE_48H_COMPARISON
lower_1sigma__single_APT_37to6_prolate_AR2,2.6188428458058605e-15,4.801565393362353,C,48.0,573.15,MS,0.8715835464823751,1.03,FROZEN_AFTER_AQ_AND_6H_BEFORE_48H_COMPARISON
lower_1sigma__single_APT_37to6_prolate_AR2,2.6188428458058605e-15,4.801565393362353,A,48.0,573.15,MIS,0.8479388350026873,1.03,FROZEN_AFTER_AQ_AND_6H_BEFORE_48H_COMPARISON
lower_1sigma__single_APT_37to6_prolate_AR2,2.6188428458058605e-15,4.801565393362353,B,48.0,573.15,MIS,0.8447639036750545,1.03,FROZEN_AFTER_AQ_AND_6H_BEFORE_48H_COMPARISON
lower_1sigma__single_APT_37to6_prolate_AR2,2.6188428458058605e-15,4.801565393362353,C,48.0,573.15,MIS,0.8508718853274322,1.03,FROZEN_AFTER_AQ_AND_6H_BEFORE_48H_COMPARISON
lower_1sigma__single_APT_37to6_large_Lover2_sphere_bound,2.2750174249778726e-15,8.692098817135088,A,6.0,303.15,M0,1.2992389485265459,1.2625169478550462,FROZEN_AFTER_AQ_AND_6H_BEFORE_48H_COMPARISON
lower_1sigma__single_APT_37to6_large_Lover2_sphere_bound,2.2750174249778726e-15,8.692098817135088,B,6.0,303.15,M0,1.299235852316517,1.2625169478550462,FROZEN_AFTER_AQ_AND_6H_BEFORE_48H_COMPARISON
lower_1sigma__single_APT_37to6_large_Lover2_sphere_bound,2.2750174249778726e-15,8.692098817135088,C,6.0,303.15,M0,1.2992400934064388,1.2625169478550462,FROZEN_AFTER_AQ_AND_6H_BEFORE_48H_COMPARISON
lower_1sigma__single_APT_37to6_large_Lover2_sphere_bound,2.2750174249778726e-15,8.692098817135088,A,6.0,303.15,MI,1.121426143176558,1.2625169478550462,FROZEN_AFTER_AQ_AND_6H_BEFORE_48H_COMPARISON
lower_1sigma__single_APT_37to6_large_Lover2_sphere_bound,2.2750174249778726e-15,8.692098817135088,B,6.0,303.15,MI,1.1214233959834963,1.2625169478550462,FROZEN_AFTER_AQ_AND_6H_BEFORE_48H_COMPARISON
lower_1sigma__single_APT_37to6_large_Lover2_sphere_bound,2.2750174249778726e-15,8.692098817135088,C,6.0,303.15,MI,1.1214271611257933,1.2625169478550462,FROZEN_AFTER_AQ_AND_6H_BEFORE_48H_COMPARISON
lower_1sigma__single_APT_37to6_large_Lover2_sphere_bound,2.2750174249778726e-15,8.692098817135088,A,6.0,303.15,MS,1.2988455506750662,1.2625169478550462,FROZEN_AFTER_AQ_AND_6H_BEFORE_48H_COMPARISON
lower_1sigma__single_APT_37to6_large_Lover2_sphere_bound,2.2750174249778726e-15,8.692098817135088,B,6.0,303.15,MS,1.2988403906413664,1.2625169478550462,FROZEN_AFTER_AQ_AND_6H_BEFORE_48H_COMPARISON
lower_1sigma__single_APT_37to6_large_Lover2_sphere_bound,2.2750174249778726e-15,8.692098817135088,C,6.0,303.15,MS,1.2988447605539823,1.2625169478550462,FROZEN_AFTER_AQ_AND_6H_BEFORE_48H_COMPARISON
lower_1sigma__single_APT_37to6_large_Lover2_sphere_bound,2.2750174249778726e-15,8.692098817135088,A,6.0,303.15,MIS,1.12131739615108,1.2625169478550462,FROZEN_AFTER_AQ_AND_6H_BEFORE_48H_COMPARISON
lower_1sigma__single_APT_37to6_large_Lover2_sphere_bound,2.2750174249778726e-15,8.692098817135088,B,6.0,303.15,MIS,1.1213141986224253,1.2625169478550462,FROZEN_AFTER_AQ_AND_6H_BEFORE_48H_COMPARISON
lower_1sigma__single_APT_37to6_large_Lover2_sphere_bound,2.2750174249778726e-15,8.692098817135088,C,6.0,303.15,MIS,1.1213179252835048,1.2625169478550462,FROZEN_AFTER_AQ_AND_6H_BEFORE_48H_COMPARISON
lower_1sigma__single_APT_37to6_large_Lover2_sphere_bound,2.2750174249778726e-15,8.692098817135088,A,6.0,323.15,M0,1.2598863610669846,1.0882440401175293,FROZEN_AFTER_AQ_AND_6H_BEFORE_48H_COMPARISON
lower_1sigma__single_APT_37to6_large_Lover2_sphere_bound,2.2750174249778726e-15,8.692098817135088,B,6.0,323.15,M0,1.2598834451987024,1.0882440401175293,FROZEN_AFTER_AQ_AND_6H_BEFORE_48H_COMPARISON
lower_1sigma__single_APT_37to6_large_Lover2_sphere_bound,2.2750174249778726e-15,8.692098817135088,C,6.0,323.15,M0,1.2598874392608126,1.0882440401175293,FROZEN_AFTER_AQ_AND_6H_BEFORE_48H_COMPARISON
lower_1sigma__single_APT_37to6_large_Lover2_sphere_bound,2.2750174249778726e-15,8.692098817135088,A,6.0,323.15,MI,1.0915190583337826,1.0882440401175293,FROZEN_AFTER_AQ_AND_6H_BEFORE_48H_COMPARISON
lower_1sigma__single_APT_37to6_large_Lover2_sphere_bound,2.2750174249778726e-15,8.692098817135088,B,6.0,323.15,MI,1.091516460904339,1.0882440401175293,FROZEN_AFTER_AQ_AND_6H_BEFORE_48H_COMPARISON
lower_1sigma__single_APT_37to6_large_Lover2_sphere_bound,2.2750174249778726e-15,8.692098817135088,C,6.0,323.15,MI,1.0915200208010152,1.0882440401175293,FROZEN_AFTER_AQ_AND_6H_BEFORE_48H_COMPARISON
lower_1sigma__single_APT_37to6_large_Lover2_sphere_bound,2.2750174249778726e-15,8.692098817135088,A,6.0,323.15,MS,1.2595157619372261,1.0882440401175293,FROZEN_AFTER_AQ_AND_6H_BEFORE_48H_COMPARISON
lower_1sigma__single_APT_37to6_large_Lover2_sphere_bound,2.2750174249778726e-15,8.692098817135088,B,6.0,323.15,MS,1.25951089592345,1.0882440401175293,FROZEN_AFTER_AQ_AND_6H_BEFORE_48H_COMPARISON
lower_1sigma__single_APT_37to6_large_Lover2_sphere_bound,2.2750174249778726e-15,8.692098817135088,C,6.0,323.15,MS,1.2595150141987346,1.0882440401175293,FROZEN_AFTER_AQ_AND_6H_BEFORE_48H_COMPARISON
lower_1sigma__single_APT_37to6_large_Lover2_sphere_bound,2.2750174249778726e-15,8.692098817135088,A,6.0,323.15,MIS,1.091414562978626,1.0882440401175293,FROZEN_AFTER_AQ_AND_6H_BEFORE_48H_COMPARISON
lower_1sigma__single_APT_37to6_large_Lover2_sphere_bound,2.2750174249778726e-15,8.692098817135088,B,6.0,323.15,MIS,1.091411531110725,1.0882440401175293,FROZEN_AFTER_AQ_AND_6H_BEFORE_48H_COMPARISON
lower_1sigma__single_APT_37to6_large_Lover2_sphere_bound,2.2750174249778726e-15,8.692098817135088,C,6.0,323.15,MIS,1.0914150549843875,1.0882440401175293,FROZEN_AFTER_AQ_AND_6H_BEFORE_48H_COMPARISON
lower_1sigma__single_APT_37to6_large_Lover2_sphere_bound,2.2750174249778726e-15,8.692098817135088,A,6.0,373.15,M0,1.170913151869303,0.9630520737428236,FROZEN_AFTER_AQ_AND_6H_BEFORE_48H_COMPARISON
lower_1sigma__single_APT_37to6_large_Lover2_sphere_bound,2.2750174249778726e-15,8.692098817135088,B,6.0,373.15,M0,1.1709106246213081,0.9630520737428236,FROZEN_AFTER_AQ_AND_6H_BEFORE_48H_COMPARISON
lower_1sigma__single_APT_37to6_large_Lover2_sphere_bound,2.2750174249778726e-15,8.692098817135088,C,6.0,373.15,M0,1.1709140863612206,0.9630520737428236,FROZEN_AFTER_AQ_AND_6H_BEFORE_48H_COMPARISON
lower_1sigma__single_APT_37to6_large_Lover2_sphere_bound,2.2750174249778726e-15,8.692098817135088,A,6.0,373.15,MI,1.0230420189672573,0.9630520737428236,FROZEN_AFTER_AQ_AND_6H_BEFORE_48H_COMPARISON
lower_1sigma__single_APT_37to6_large_Lover2_sphere_bound,2.2750174249778726e-15,8.692098817135088,B,6.0,373.15,MI,1.0230397475483115,0.9630520737428236,FROZEN_AFTER_AQ_AND_6H_BEFORE_48H_COMPARISON
lower_1sigma__single_APT_37to6_large_Lover2_sphere_bound,2.2750174249778726e-15,8.692098817135088,C,6.0,373.15,MI,1.0230428606579165,0.9630520737428236,FROZEN_AFTER_AQ_AND_6H_BEFORE_48H_COMPARISON
lower_1sigma__single_APT_37to6_large_Lover2_sphere_bound,2.2750174249778726e-15,8.692098817135088,A,6.0,373.15,MS,1.1705914634742947,0.9630520737428236,FROZEN_AFTER_AQ_AND_6H_BEFORE_48H_COMPARISON
lower_1sigma__single_APT_37to6_large_Lover2_sphere_bound,2.2750174249778726e-15,8.692098817135088,B,6.0,373.15,MS,1.1705872316057608,0.9630520737428236,FROZEN_AFTER_AQ_AND_6H_BEFORE_48H_COMPARISON
lower_1sigma__single_APT_37to6_large_Lover2_sphere_bound,2.2750174249778726e-15,8.692098817135088,C,6.0,373.15,MS,1.1705908066237694,0.9630520737428236,FROZEN_AFTER_AQ_AND_6H_BEFORE_48H_COMPARISON
lower_1sigma__single_APT_37to6_large_Lover2_sphere_bound,2.2750174249778726e-15,8.692098817135088,A,6.0,373.15,MIS,1.0229470304564316,0.9630520737428236,FROZEN_AFTER_AQ_AND_6H_BEFORE_48H_COMPARISON
lower_1sigma__single_APT_37to6_large_Lover2_sphere_bound,2.2750174249778726e-15,8.692098817135088,B,6.0,373.15,MIS,1.022944360361308,0.9630520737428236,FROZEN_AFTER_AQ_AND_6H_BEFORE_48H_COMPARISON
lower_1sigma__single_APT_37to6_large_Lover2_sphere_bound,2.2750174249778726e-15,8.692098817135088,C,6.0,373.15,MIS,1.022947442816258,0.9630520737428236,FROZEN_AFTER_AQ_AND_6H_BEFORE_48H_COMPARISON
lower_1sigma__single_APT_37to6_large_Lover2_sphere_bound,2.2750174249778726e-15,8.692098817135088,A,6.0,423.15,M0,1.0934476958581998,0.8755599608786824,FROZEN_AFTER_AQ_AND_6H_BEFORE_48H_COMPARISON
lower_1sigma__single_APT_37to6_large_Lover2_sphere_bound,2.2750174249778726e-15,8.692098817135088,B,6.0,423.15,M0,1.0934454852642699,0.8755599608786824,FROZEN_AFTER_AQ_AND_6H_BEFORE_48H_COMPARISON
lower_1sigma__single_APT_37to6_large_Lover2_sphere_bound,2.2750174249778726e-15,8.692098817135088,C,6.0,423.15,M0,1.0934485132600515,0.8755599608786824,FROZEN_AFTER_AQ_AND_6H_BEFORE_48H_COMPARISON
lower_1sigma__single_APT_37to6_large_Lover2_sphere_bound,2.2750174249778726e-15,8.692098817135088,A,6.0,423.15,MI,0.9624627303503597,0.8755599608786824,FROZEN_AFTER_AQ_AND_6H_BEFORE_48H_COMPARISON
lower_1sigma__single_APT_37to6_large_Lover2_sphere_bound,2.2750174249778726e-15,8.692098817135088,B,6.0,423.15,MI,0.9624607280494463,0.8755599608786824,FROZEN_AFTER_AQ_AND_6H_BEFORE_48H_COMPARISON
lower_1sigma__single_APT_37to6_large_Lover2_sphere_bound,2.2750174249778726e-15,8.692098817135088,C,6.0,423.15,MI,0.9624634723392429,0.8755599608786824,FROZEN_AFTER_AQ_AND_6H_BEFORE_48H_COMPARISON
lower_1sigma__single_APT_37to6_large_Lover2_sphere_bound,2.2750174249778726e-15,8.692098817135088,A,6.0,423.15,MS,1.0931657172060032,0.8755599608786824,FROZEN_AFTER_AQ_AND_6H_BEFORE_48H_COMPARISON
lower_1sigma__single_APT_37to6_large_Lover2_sphere_bound,2.2750174249778726e-15,8.692098817135088,B,6.0,423.15,MS,1.093162003132538,0.8755599608786824,FROZEN_AFTER_AQ_AND_6H_BEFORE_48H_COMPARISON
lower_1sigma__single_APT_37to6_large_Lover2_sphere_bound,2.2750174249778726e-15,8.692098817135088,C,6.0,423.15,MS,1.093165134383914,0.8755599608786824,FROZEN_AFTER_AQ_AND_6H_BEFORE_48H_COMPARISON
lower_1sigma__single_APT_37to6_large_Lover2_sphere_bound,2.2750174249778726e-15,8.692098817135088,A,6.0,423.15,MIS,0.9623759014019915,0.8755599608786824,FROZEN_AFTER_AQ_AND_6H_BEFORE_48H_COMPARISON
lower_1sigma__single_APT_37to6_large_Lover2_sphere_bound,2.2750174249778726e-15,8.692098817135088,B,6.0,423.15,MIS,0.9623735313847674,0.8755599608786824,FROZEN_AFTER_AQ_AND_6H_BEFORE_48H_COMPARISON
lower_1sigma__single_APT_37to6_large_Lover2_sphere_bound,2.2750174249778726e-15,8.692098817135088,C,6.0,423.15,MIS,0.9623762494694478,0.8755599608786824,FROZEN_AFTER_AQ_AND_6H_BEFORE_48H_COMPARISON
lower_1sigma__single_APT_37to6_large_Lover2_sphere_bound,2.2750174249778726e-15,8.692098817135088,A,6.0,473.15,M0,1.0254758207187515,0.8549317391464868,FROZEN_AFTER_AQ_AND_6H_BEFORE_48H_COMPARISON
lower_1sigma__single_APT_37to6_large_Lover2_sphere_bound,2.2750174249778726e-15,8.692098817135088,B,6.0,473.15,M0,1.0254738712144953,0.8549317391464868,FROZEN_AFTER_AQ_AND_6H_BEFORE_48H_COMPARISON
lower_1sigma__single_APT_37to6_large_Lover2_sphere_bound,2.2750174249778726e-15,8.692098817135088,C,6.0,473.15,M0,1.0254765415771128,0.8549317391464868,FROZEN_AFTER_AQ_AND_6H_BEFORE_48H_COMPARISON
lower_1sigma__single_APT_37to6_large_Lover2_sphere_bound,2.2750174249778726e-15,8.692098817135088,A,6.0,473.15,MI,0.9085735577161992,0.8549317391464868,FROZEN_AFTER_AQ_AND_6H_BEFORE_48H_COMPARISON
lower_1sigma__single_APT_37to6_large_Lover2_sphere_bound,2.2750174249778726e-15,8.692098817135088,B,6.0,473.15,MI,0.9085717798181093,0.8549317391464868,FROZEN_AFTER_AQ_AND_6H_BEFORE_48H_COMPARISON
lower_1sigma__single_APT_37to6_large_Lover2_sphere_bound,2.2750174249778726e-15,8.692098817135088,C,6.0,473.15,MI,0.9085742165673593,0.8549317391464868,FROZEN_AFTER_AQ_AND_6H_BEFORE_48H_COMPARISON
lower_1sigma__single_APT_37to6_large_Lover2_sphere_bound,2.2750174249778726e-15,8.692098817135088,A,6.0,473.15,MS,1.0252265398939342,0.8549317391464868,FROZEN_AFTER_AQ_AND_6H_BEFORE_48H_COMPARISON
lower_1sigma__single_APT_37to6_large_Lover2_sphere_bound,2.2750174249778726e-15,8.692098817135088,B,6.0,473.15,MS,1.0252232538770323,0.8549317391464868,FROZEN_AFTER_AQ_AND_6H_BEFORE_48H_COMPARISON
lower_1sigma__single_APT_37to6_large_Lover2_sphere_bound,2.2750174249778726e-15,8.692098817135088,C,6.0,473.15,MS,1.025226018393389,0.8549317391464868,FROZEN_AFTER_AQ_AND_6H_BEFORE_48H_COMPARISON
lower_1sigma__single_APT_37to6_large_Lover2_sphere_bound,2.2750174249778726e-15,8.692098817135088,A,6.0,473.15,MIS,0.9084937954675518,0.8549317391464868,FROZEN_AFTER_AQ_AND_6H_BEFORE_48H_COMPARISON
lower_1sigma__single_APT_37to6_large_Lover2_sphere_bound,2.2750174249778726e-15,8.692098817135088,B,6.0,473.15,MIS,0.90849167689225,0.8549317391464868,FROZEN_AFTER_AQ_AND_6H_BEFORE_48H_COMPARISON
lower_1sigma__single_APT_37to6_large_Lover2_sphere_bound,2.2750174249778726e-15,8.692098817135088,C,6.0,473.15,MIS,0.908494091155466,0.8549317391464868,FROZEN_AFTER_AQ_AND_6H_BEFORE_48H_COMPARISON
lower_1sigma__single_APT_37to6_large_Lover2_sphere_bound,2.2750174249778726e-15,8.692098817135088,A,6.0,523.15,M0,0.9653936254931734,0.8542204211557212,FROZEN_AFTER_AQ_AND_6H_BEFORE_48H_COMPARISON
lower_1sigma__single_APT_37to6_large_Lover2_sphere_bound,2.2750174249778726e-15,8.692098817135088,B,6.0,523.15,M0,0.9653918936400323,0.8542204211557212,FROZEN_AFTER_AQ_AND_6H_BEFORE_48H_COMPARISON
lower_1sigma__single_APT_37to6_large_Lover2_sphere_bound,2.2750174249778726e-15,8.692098817135088,C,6.0,523.15,M0,0.9653942658706389,0.8542204211557212,FROZEN_AFTER_AQ_AND_6H_BEFORE_48H_COMPARISON
lower_1sigma__single_APT_37to6_large_Lover2_sphere_bound,2.2750174249778726e-15,8.692098817135088,A,6.0,523.15,MI,0.8603642850612937,0.8542204211557212,FROZEN_AFTER_AQ_AND_6H_BEFORE_48H_COMPARISON
lower_1sigma__single_APT_37to6_large_Lover2_sphere_bound,2.2750174249778726e-15,8.692098817135088,B,6.0,523.15,MI,0.8603626960802745,0.8542204211557212,FROZEN_AFTER_AQ_AND_6H_BEFORE_48H_COMPARISON
lower_1sigma__single_APT_37to6_large_Lover2_sphere_bound,2.2750174249778726e-15,8.692098817135088,C,6.0,523.15,MI,0.8603648739200414,0.8542204211557212,FROZEN_AFTER_AQ_AND_6H_BEFORE_48H_COMPARISON
lower_1sigma__single_APT_37to6_large_Lover2_sphere_bound,2.2750174249778726e-15,8.692098817135088,A,6.0,523.15,MS,0.9651716021228752,0.8542204211557212,FROZEN_AFTER_AQ_AND_6H_BEFORE_48H_COMPARISON
lower_1sigma__single_APT_37to6_large_Lover2_sphere_bound,2.2750174249778726e-15,8.692098817135088,B,6.0,523.15,MS,0.9651686739592669,0.8542204211557212,FROZEN_AFTER_AQ_AND_6H_BEFORE_48H_COMPARISON
lower_1sigma__single_APT_37to6_large_Lover2_sphere_bound,2.2750174249778726e-15,8.692098817135088,C,6.0,523.15,MS,0.9651711321189705,0.8542204211557212,FROZEN_AFTER_AQ_AND_6H_BEFORE_48H_COMPARISON
lower_1sigma__single_APT_37to6_large_Lover2_sphere_bound,2.2750174249778726e-15,8.692098817135088,A,6.0,523.15,MIS,0.8602906924399567,0.8542204211557212,FROZEN_AFTER_AQ_AND_6H_BEFORE_48H_COMPARISON
lower_1sigma__single_APT_37to6_large_Lover2_sphere_bound,2.2750174249778726e-15,8.692098817135088,B,6.0,523.15,MIS,0.8602887865816007,0.8542204211557212,FROZEN_AFTER_AQ_AND_6H_BEFORE_48H_COMPARISON
lower_1sigma__single_APT_37to6_large_Lover2_sphere_bound,2.2750174249778726e-15,8.692098817135088,C,6.0,523.15,MIS,0.8602909450671562,0.8542204211557212,FROZEN_AFTER_AQ_AND_6H_BEFORE_48H_COMPARISON
lower_1sigma__single_APT_37to6_large_Lover2_sphere_bound,2.2750174249778726e-15,8.692098817135088,A,6.0,573.15,M0,0.9119240634901316,0.85,FROZEN_AFTER_AQ_AND_6H_BEFORE_48H_COMPARISON
lower_1sigma__single_APT_37to6_large_Lover2_sphere_bound,2.2750174249778726e-15,8.692098817135088,B,6.0,573.15,M0,0.9119225149010289,0.85,FROZEN_AFTER_AQ_AND_6H_BEFORE_48H_COMPARISON
lower_1sigma__single_APT_37to6_large_Lover2_sphere_bound,2.2750174249778726e-15,8.692098817135088,C,6.0,573.15,M0,0.9119246361022036,0.85,FROZEN_AFTER_AQ_AND_6H_BEFORE_48H_COMPARISON
lower_1sigma__single_APT_37to6_large_Lover2_sphere_bound,2.2750174249778726e-15,8.692098817135088,A,6.0,573.15,MI,0.8170020363284572,0.85,FROZEN_AFTER_AQ_AND_6H_BEFORE_48H_COMPARISON
lower_1sigma__single_APT_37to6_large_Lover2_sphere_bound,2.2750174249778726e-15,8.692098817135088,B,6.0,573.15,MI,0.817000607806586,0.85,FROZEN_AFTER_AQ_AND_6H_BEFORE_48H_COMPARISON
lower_1sigma__single_APT_37to6_large_Lover2_sphere_bound,2.2750174249778726e-15,8.692098817135088,C,6.0,573.15,MI,0.8170025657368862,0.85,FROZEN_AFTER_AQ_AND_6H_BEFORE_48H_COMPARISON
lower_1sigma__single_APT_37to6_large_Lover2_sphere_bound,2.2750174249778726e-15,8.692098817135088,A,6.0,573.15,MS,0.9117250096613675,0.85,FROZEN_AFTER_AQ_AND_6H_BEFORE_48H_COMPARISON
lower_1sigma__single_APT_37to6_large_Lover2_sphere_bound,2.2750174249778726e-15,8.692098817135088,B,6.0,573.15,MS,0.9117223836875699,0.85,FROZEN_AFTER_AQ_AND_6H_BEFORE_48H_COMPARISON
lower_1sigma__single_APT_37to6_large_Lover2_sphere_bound,2.2750174249778726e-15,8.692098817135088,C,6.0,573.15,MS,0.9117245834041954,0.85,FROZEN_AFTER_AQ_AND_6H_BEFORE_48H_COMPARISON
lower_1sigma__single_APT_37to6_large_Lover2_sphere_bound,2.2750174249778726e-15,8.692098817135088,A,6.0,573.15,MIS,0.8169338689827396,0.85,FROZEN_AFTER_AQ_AND_6H_BEFORE_48H_COMPARISON
lower_1sigma__single_APT_37to6_large_Lover2_sphere_bound,2.2750174249778726e-15,8.692098817135088,B,6.0,573.15,MIS,0.8169321446782768,0.85,FROZEN_AFTER_AQ_AND_6H_BEFORE_48H_COMPARISON
lower_1sigma__single_APT_37to6_large_Lover2_sphere_bound,2.2750174249778726e-15,8.692098817135088,C,6.0,573.15,MIS,0.8169340859091995,0.85,FROZEN_AFTER_AQ_AND_6H_BEFORE_48H_COMPARISON
lower_1sigma__single_APT_37to6_large_Lover2_sphere_bound,2.2750174249778726e-15,8.692098817135088,A,48.0,303.15,M0,1.2962414418544548,1.5171687885490504,FROZEN_AFTER_AQ_AND_6H_BEFORE_48H_COMPARISON
lower_1sigma__single_APT_37to6_large_Lover2_sphere_bound,2.2750174249778726e-15,8.692098817135088,B,48.0,303.15,M0,1.2941204446719121,1.5171687885490504,FROZEN_AFTER_AQ_AND_6H_BEFORE_48H_COMPARISON
lower_1sigma__single_APT_37to6_large_Lover2_sphere_bound,2.2750174249778726e-15,8.692098817135088,C,48.0,303.15,M0,1.2976501891962562,1.5171687885490504,FROZEN_AFTER_AQ_AND_6H_BEFORE_48H_COMPARISON
lower_1sigma__single_APT_37to6_large_Lover2_sphere_bound,2.2750174249778726e-15,8.692098817135088,A,48.0,303.15,MI,1.2150379655509982,1.5171687885490504,FROZEN_AFTER_AQ_AND_6H_BEFORE_48H_COMPARISON
lower_1sigma__single_APT_37to6_large_Lover2_sphere_bound,2.2750174249778726e-15,8.692098817135088,B,48.0,303.15,MI,1.2055930711208125,1.5171687885490504,FROZEN_AFTER_AQ_AND_6H_BEFORE_48H_COMPARISON
lower_1sigma__single_APT_37to6_large_Lover2_sphere_bound,2.2750174249778726e-15,8.692098817135088,C,48.0,303.15,MI,1.2242628916467713,1.5171687885490504,FROZEN_AFTER_AQ_AND_6H_BEFORE_48H_COMPARISON
lower_1sigma__single_APT_37to6_large_Lover2_sphere_bound,2.2750174249778726e-15,8.692098817135088,A,48.0,303.15,MS,1.2959355968872506,1.5171687885490504,FROZEN_AFTER_AQ_AND_6H_BEFORE_48H_COMPARISON
lower_1sigma__single_APT_37to6_large_Lover2_sphere_bound,2.2750174249778726e-15,8.692098817135088,B,48.0,303.15,MS,1.2938119622004247,1.5171687885490504,FROZEN_AFTER_AQ_AND_6H_BEFORE_48H_COMPARISON
lower_1sigma__single_APT_37to6_large_Lover2_sphere_bound,2.2750174249778726e-15,8.692098817135088,C,48.0,303.15,MS,1.2973627886990011,1.5171687885490504,FROZEN_AFTER_AQ_AND_6H_BEFORE_48H_COMPARISON
lower_1sigma__single_APT_37to6_large_Lover2_sphere_bound,2.2750174249778726e-15,8.692098817135088,A,48.0,303.15,MIS,1.2148967079120083,1.5171687885490504,FROZEN_AFTER_AQ_AND_6H_BEFORE_48H_COMPARISON
lower_1sigma__single_APT_37to6_large_Lover2_sphere_bound,2.2750174249778726e-15,8.692098817135088,B,48.0,303.15,MIS,1.2054574138470342,1.5171687885490504,FROZEN_AFTER_AQ_AND_6H_BEFORE_48H_COMPARISON
lower_1sigma__single_APT_37to6_large_Lover2_sphere_bound,2.2750174249778726e-15,8.692098817135088,C,48.0,303.15,MIS,1.2241214130056253,1.5171687885490504,FROZEN_AFTER_AQ_AND_6H_BEFORE_48H_COMPARISON
lower_1sigma__single_APT_37to6_large_Lover2_sphere_bound,2.2750174249778726e-15,8.692098817135088,A,48.0,323.15,M0,1.257034897700891,1.3578335586176062,FROZEN_AFTER_AQ_AND_6H_BEFORE_48H_COMPARISON
lower_1sigma__single_APT_37to6_large_Lover2_sphere_bound,2.2750174249778726e-15,8.692098817135088,B,48.0,323.15,M0,1.2550473900574783,1.3578335586176062,FROZEN_AFTER_AQ_AND_6H_BEFORE_48H_COMPARISON
lower_1sigma__single_APT_37to6_large_Lover2_sphere_bound,2.2750174249778726e-15,8.692098817135088,C,48.0,323.15,M0,1.2583433969039706,1.3578335586176062,FROZEN_AFTER_AQ_AND_6H_BEFORE_48H_COMPARISON
lower_1sigma__single_APT_37to6_large_Lover2_sphere_bound,2.2750174249778726e-15,8.692098817135088,A,48.0,323.15,MI,1.1802713519419206,1.3578335586176062,FROZEN_AFTER_AQ_AND_6H_BEFORE_48H_COMPARISON
lower_1sigma__single_APT_37to6_large_Lover2_sphere_bound,2.2750174249778726e-15,8.692098817135088,B,48.0,323.15,MI,1.1713454919895745,1.3578335586176062,FROZEN_AFTER_AQ_AND_6H_BEFORE_48H_COMPARISON
lower_1sigma__single_APT_37to6_large_Lover2_sphere_bound,2.2750174249778726e-15,8.692098817135088,C,48.0,323.15,MI,1.1889817915846357,1.3578335586176062,FROZEN_AFTER_AQ_AND_6H_BEFORE_48H_COMPARISON
lower_1sigma__single_APT_37to6_large_Lover2_sphere_bound,2.2750174249778726e-15,8.692098817135088,A,48.0,323.15,MS,1.2567444935389807,1.3578335586176062,FROZEN_AFTER_AQ_AND_6H_BEFORE_48H_COMPARISON
lower_1sigma__single_APT_37to6_large_Lover2_sphere_bound,2.2750174249778726e-15,8.692098817135088,B,48.0,323.15,MS,1.2547547865315287,1.3578335586176062,FROZEN_AFTER_AQ_AND_6H_BEFORE_48H_COMPARISON
lower_1sigma__single_APT_37to6_large_Lover2_sphere_bound,2.2750174249778726e-15,8.692098817135088,C,48.0,323.15,MS,1.2580701550879,1.3578335586176062,FROZEN_AFTER_AQ_AND_6H_BEFORE_48H_COMPARISON
lower_1sigma__single_APT_37to6_large_Lover2_sphere_bound,2.2750174249778726e-15,8.692098817135088,A,48.0,323.15,MIS,1.1801358455558744,1.3578335586176062,FROZEN_AFTER_AQ_AND_6H_BEFORE_48H_COMPARISON
lower_1sigma__single_APT_37to6_large_Lover2_sphere_bound,2.2750174249778726e-15,8.692098817135088,B,48.0,323.15,MIS,1.1712153647293022,1.3578335586176062,FROZEN_AFTER_AQ_AND_6H_BEFORE_48H_COMPARISON
lower_1sigma__single_APT_37to6_large_Lover2_sphere_bound,2.2750174249778726e-15,8.692098817135088,C,48.0,323.15,MIS,1.188846075766299,1.3578335586176062,FROZEN_AFTER_AQ_AND_6H_BEFORE_48H_COMPARISON
lower_1sigma__single_APT_37to6_large_Lover2_sphere_bound,2.2750174249778726e-15,8.692098817135088,A,48.0,373.15,M0,1.1683840980890323,1.1846276278662375,FROZEN_AFTER_AQ_AND_6H_BEFORE_48H_COMPARISON
lower_1sigma__single_APT_37to6_large_Lover2_sphere_bound,2.2750174249778726e-15,8.692098817135088,B,48.0,373.15,M0,1.1666810176423672,1.1846276278662375,FROZEN_AFTER_AQ_AND_6H_BEFORE_48H_COMPARISON
lower_1sigma__single_APT_37to6_large_Lover2_sphere_bound,2.2750174249778726e-15,8.692098817135088,C,48.0,373.15,M0,1.1694825194104854,1.1846276278662375,FROZEN_AFTER_AQ_AND_6H_BEFORE_48H_COMPARISON
lower_1sigma__single_APT_37to6_large_Lover2_sphere_bound,2.2750174249778726e-15,8.692098817135088,A,48.0,373.15,MI,1.1012180684524817,1.1846276278662375,FROZEN_AFTER_AQ_AND_6H_BEFORE_48H_COMPARISON
lower_1sigma__single_APT_37to6_large_Lover2_sphere_bound,2.2750174249778726e-15,8.692098817135088,B,48.0,373.15,MI,1.0934151676667043,1.1846276278662375,FROZEN_AFTER_AQ_AND_6H_BEFORE_48H_COMPARISON
lower_1sigma__single_APT_37to6_large_Lover2_sphere_bound,2.2750174249778726e-15,8.692098817135088,C,48.0,373.15,MI,1.1088177350639385,1.1846276278662375,FROZEN_AFTER_AQ_AND_6H_BEFORE_48H_COMPARISON
lower_1sigma__single_APT_37to6_large_Lover2_sphere_bound,2.2750174249778726e-15,8.692098817135088,A,48.0,373.15,MS,1.1681273532253174,1.1846276278662375,FROZEN_AFTER_AQ_AND_6H_BEFORE_48H_COMPARISON
lower_1sigma__single_APT_37to6_large_Lover2_sphere_bound,2.2750174249778726e-15,8.692098817135088,B,48.0,373.15,MS,1.1664229570758708,1.1846276278662375,FROZEN_AFTER_AQ_AND_6H_BEFORE_48H_COMPARISON
lower_1sigma__single_APT_37to6_large_Lover2_sphere_bound,2.2750174249778726e-15,8.692098817135088,C,48.0,373.15,MS,1.1692402252021934,1.1846276278662375,FROZEN_AFTER_AQ_AND_6H_BEFORE_48H_COMPARISON
lower_1sigma__single_APT_37to6_large_Lover2_sphere_bound,2.2750174249778726e-15,8.692098817135088,A,48.0,373.15,MIS,1.1010953525675857,1.1846276278662375,FROZEN_AFTER_AQ_AND_6H_BEFORE_48H_COMPARISON
lower_1sigma__single_APT_37to6_large_Lover2_sphere_bound,2.2750174249778726e-15,8.692098817135088,B,48.0,373.15,MIS,1.0932973417397174,1.1846276278662375,FROZEN_AFTER_AQ_AND_6H_BEFORE_48H_COMPARISON
lower_1sigma__single_APT_37to6_large_Lover2_sphere_bound,2.2750174249778726e-15,8.692098817135088,C,48.0,373.15,MIS,1.1086948289206497,1.1846276278662375,FROZEN_AFTER_AQ_AND_6H_BEFORE_48H_COMPARISON
lower_1sigma__single_APT_37to6_large_Lover2_sphere_bound,2.2750174249778726e-15,8.692098817135088,A,48.0,423.15,M0,1.0911903522079562,1.0846874501637025,FROZEN_AFTER_AQ_AND_6H_BEFORE_48H_COMPARISON
lower_1sigma__single_APT_37to6_large_Lover2_sphere_bound,2.2750174249778726e-15,8.692098817135088,B,48.0,423.15,M0,1.0897155903427511,1.0846874501637025,FROZEN_AFTER_AQ_AND_6H_BEFORE_48H_COMPARISON
lower_1sigma__single_APT_37to6_large_Lover2_sphere_bound,2.2750174249778726e-15,8.692098817135088,C,48.0,423.15,M0,1.0921238643821058,1.0846874501637025,FROZEN_AFTER_AQ_AND_6H_BEFORE_48H_COMPARISON
lower_1sigma__single_APT_37to6_large_Lover2_sphere_bound,2.2750174249778726e-15,8.692098817135088,A,48.0,423.15,MI,1.0318923299519338,1.0846874501637025,FROZEN_AFTER_AQ_AND_6H_BEFORE_48H_COMPARISON
lower_1sigma__single_APT_37to6_large_Lover2_sphere_bound,2.2750174249778726e-15,8.692098817135088,B,48.0,423.15,MI,1.0250104905130695,1.0846874501637025,FROZEN_AFTER_AQ_AND_6H_BEFORE_48H_COMPARISON
lower_1sigma__single_APT_37to6_large_Lover2_sphere_bound,2.2750174249778726e-15,8.692098817135088,C,48.0,423.15,MI,1.0385833449177124,1.0846874501637025,FROZEN_AFTER_AQ_AND_6H_BEFORE_48H_COMPARISON
lower_1sigma__single_APT_37to6_large_Lover2_sphere_bound,2.2750174249778726e-15,8.692098817135088,A,48.0,423.15,MS,1.0909615266783796,1.0846874501637025,FROZEN_AFTER_AQ_AND_6H_BEFORE_48H_COMPARISON
lower_1sigma__single_APT_37to6_large_Lover2_sphere_bound,2.2750174249778726e-15,8.692098817135088,B,48.0,423.15,MS,1.0894861022260298,1.0846874501637025,FROZEN_AFTER_AQ_AND_6H_BEFORE_48H_COMPARISON
lower_1sigma__single_APT_37to6_large_Lover2_sphere_bound,2.2750174249778726e-15,8.692098817135088,C,48.0,423.15,MS,1.0919073335300715,1.0846874501637025,FROZEN_AFTER_AQ_AND_6H_BEFORE_48H_COMPARISON
lower_1sigma__single_APT_37to6_large_Lover2_sphere_bound,2.2750174249778726e-15,8.692098817135088,A,48.0,423.15,MIS,1.031780517015638,1.0846874501637025,FROZEN_AFTER_AQ_AND_6H_BEFORE_48H_COMPARISON
lower_1sigma__single_APT_37to6_large_Lover2_sphere_bound,2.2750174249778726e-15,8.692098817135088,B,48.0,423.15,MIS,1.0249031530590134,1.0846874501637025,FROZEN_AFTER_AQ_AND_6H_BEFORE_48H_COMPARISON
lower_1sigma__single_APT_37to6_large_Lover2_sphere_bound,2.2750174249778726e-15,8.692098817135088,C,48.0,423.15,MIS,1.038471351744442,1.0846874501637025,FROZEN_AFTER_AQ_AND_6H_BEFORE_48H_COMPARISON
lower_1sigma__single_APT_37to6_large_Lover2_sphere_bound,2.2750174249778726e-15,8.692098817135088,A,48.0,473.15,M0,1.023449479355287,1.08433179116832,FROZEN_AFTER_AQ_AND_6H_BEFORE_48H_COMPARISON
lower_1sigma__single_APT_37to6_large_Lover2_sphere_bound,2.2750174249778726e-15,8.692098817135088,B,48.0,473.15,M0,1.0221604939403968,1.08433179116832,FROZEN_AFTER_AQ_AND_6H_BEFORE_48H_COMPARISON
lower_1sigma__single_APT_37to6_large_Lover2_sphere_bound,2.2750174249778726e-15,8.692098817135088,C,48.0,473.15,M0,1.0242515086244672,1.08433179116832,FROZEN_AFTER_AQ_AND_6H_BEFORE_48H_COMPARISON
lower_1sigma__single_APT_37to6_large_Lover2_sphere_bound,2.2750174249778726e-15,8.692098817135088,A,48.0,473.15,MI,0.970684966993401,1.08433179116832,FROZEN_AFTER_AQ_AND_6H_BEFORE_48H_COMPARISON
lower_1sigma__single_APT_37to6_large_Lover2_sphere_bound,2.2750174249778726e-15,8.692098817135088,B,48.0,473.15,MI,0.9645678763160155,1.08433179116832,FROZEN_AFTER_AQ_AND_6H_BEFORE_48H_COMPARISON
lower_1sigma__single_APT_37to6_large_Lover2_sphere_bound,2.2750174249778726e-15,8.692098817135088,C,48.0,473.15,MI,0.9766232494199589,1.08433179116832,FROZEN_AFTER_AQ_AND_6H_BEFORE_48H_COMPARISON
lower_1sigma__single_APT_37to6_large_Lover2_sphere_bound,2.2750174249778726e-15,8.692098817135088,A,48.0,473.15,MS,1.0232440930329043,1.08433179116832,FROZEN_AFTER_AQ_AND_6H_BEFORE_48H_COMPARISON
lower_1sigma__single_APT_37to6_large_Lover2_sphere_bound,2.2750174249778726e-15,8.692098817135088,B,48.0,473.15,MS,1.0219549323184136,1.08433179116832,FROZEN_AFTER_AQ_AND_6H_BEFORE_48H_COMPARISON
lower_1sigma__single_APT_37to6_large_Lover2_sphere_bound,2.2750174249778726e-15,8.692098817135088,C,48.0,473.15,MS,1.0240566783841871,1.08433179116832,FROZEN_AFTER_AQ_AND_6H_BEFORE_48H_COMPARISON
lower_1sigma__single_APT_37to6_large_Lover2_sphere_bound,2.2750174249778726e-15,8.692098817135088,A,48.0,473.15,MIS,0.9705825416841874,1.08433179116832,FROZEN_AFTER_AQ_AND_6H_BEFORE_48H_COMPARISON
lower_1sigma__single_APT_37to6_large_Lover2_sphere_bound,2.2750174249778726e-15,8.692098817135088,B,48.0,473.15,MIS,0.9644695709158895,1.08433179116832,FROZEN_AFTER_AQ_AND_6H_BEFORE_48H_COMPARISON
lower_1sigma__single_APT_37to6_large_Lover2_sphere_bound,2.2750174249778726e-15,8.692098817135088,C,48.0,473.15,MIS,0.9765206485838182,1.08433179116832,FROZEN_AFTER_AQ_AND_6H_BEFORE_48H_COMPARISON
lower_1sigma__single_APT_37to6_large_Lover2_sphere_bound,2.2750174249778726e-15,8.692098817135088,A,48.0,523.15,M0,0.9635651909794406,1.0405857347362493,FROZEN_AFTER_AQ_AND_6H_BEFORE_48H_COMPARISON
lower_1sigma__single_APT_37to6_large_Lover2_sphere_bound,2.2750174249778726e-15,8.692098817135088,B,48.0,523.15,M0,0.9624292511822536,1.0405857347362493,FROZEN_AFTER_AQ_AND_6H_BEFORE_48H_COMPARISON
lower_1sigma__single_APT_37to6_large_Lover2_sphere_bound,2.2750174249778726e-15,8.692098817135088,C,48.0,523.15,M0,0.9642609069904319,1.0405857347362493,FROZEN_AFTER_AQ_AND_6H_BEFORE_48H_COMPARISON
lower_1sigma__single_APT_37to6_large_Lover2_sphere_bound,2.2750174249778726e-15,8.692098817135088,A,48.0,523.15,MI,0.916288046007942,1.0405857347362493,FROZEN_AFTER_AQ_AND_6H_BEFORE_48H_COMPARISON
lower_1sigma__single_APT_37to6_large_Lover2_sphere_bound,2.2750174249778726e-15,8.692098817135088,B,48.0,523.15,MI,0.9108129433971619,1.0405857347362493,FROZEN_AFTER_AQ_AND_6H_BEFORE_48H_COMPARISON
lower_1sigma__single_APT_37to6_large_Lover2_sphere_bound,2.2750174249778726e-15,8.692098817135088,C,48.0,523.15,MI,0.9215956911518359,1.0405857347362493,FROZEN_AFTER_AQ_AND_6H_BEFORE_48H_COMPARISON
lower_1sigma__single_APT_37to6_large_Lover2_sphere_bound,2.2750174249778726e-15,8.692098817135088,A,48.0,523.15,MS,0.9633796921127027,1.0405857347362493,FROZEN_AFTER_AQ_AND_6H_BEFORE_48H_COMPARISON
lower_1sigma__single_APT_37to6_large_Lover2_sphere_bound,2.2750174249778726e-15,8.692098817135088,B,48.0,523.15,MS,0.9622439430281811,1.0405857347362493,FROZEN_AFTER_AQ_AND_6H_BEFORE_48H_COMPARISON
lower_1sigma__single_APT_37to6_large_Lover2_sphere_bound,2.2750174249778726e-15,8.692098817135088,C,48.0,523.15,MS,0.9640845445741543,1.0405857347362493,FROZEN_AFTER_AQ_AND_6H_BEFORE_48H_COMPARISON
lower_1sigma__single_APT_37to6_large_Lover2_sphere_bound,2.2750174249778726e-15,8.692098817135088,A,48.0,523.15,MIS,0.9161937751744152,1.0405857347362493,FROZEN_AFTER_AQ_AND_6H_BEFORE_48H_COMPARISON
lower_1sigma__single_APT_37to6_large_Lover2_sphere_bound,2.2750174249778726e-15,8.692098817135088,B,48.0,523.15,MIS,0.9107224841852959,1.0405857347362493,FROZEN_AFTER_AQ_AND_6H_BEFORE_48H_COMPARISON
lower_1sigma__single_APT_37to6_large_Lover2_sphere_bound,2.2750174249778726e-15,8.692098817135088,C,48.0,523.15,MIS,0.9215012464769133,1.0405857347362493,FROZEN_AFTER_AQ_AND_6H_BEFORE_48H_COMPARISON
lower_1sigma__single_APT_37to6_large_Lover2_sphere_bound,2.2750174249778726e-15,8.692098817135088,A,48.0,573.15,M0,0.9102663634261314,1.03,FROZEN_AFTER_AQ_AND_6H_BEFORE_48H_COMPARISON
lower_1sigma__single_APT_37to6_large_Lover2_sphere_bound,2.2750174249778726e-15,8.692098817135088,B,48.0,573.15,M0,0.9092579253375966,1.03,FROZEN_AFTER_AQ_AND_6H_BEFORE_48H_COMPARISON
lower_1sigma__single_APT_37to6_large_Lover2_sphere_bound,2.2750174249778726e-15,8.692098817135088,C,48.0,573.15,M0,0.9108750287597289,1.03,FROZEN_AFTER_AQ_AND_6H_BEFORE_48H_COMPARISON
lower_1sigma__single_APT_37to6_large_Lover2_sphere_bound,2.2750174249778726e-15,8.692098817135088,A,48.0,573.15,MI,0.8676446938070234,1.03,FROZEN_AFTER_AQ_AND_6H_BEFORE_48H_COMPARISON
lower_1sigma__single_APT_37to6_large_Lover2_sphere_bound,2.2750174249778726e-15,8.692098817135088,B,48.0,573.15,MI,0.8627138728686979,1.03,FROZEN_AFTER_AQ_AND_6H_BEFORE_48H_COMPARISON
lower_1sigma__single_APT_37to6_large_Lover2_sphere_bound,2.2750174249778726e-15,8.692098817135088,C,48.0,573.15,MI,0.8724186394660105,1.03,FROZEN_AFTER_AQ_AND_6H_BEFORE_48H_COMPARISON
lower_1sigma__single_APT_37to6_large_Lover2_sphere_bound,2.2750174249778726e-15,8.692098817135088,A,48.0,573.15,MS,0.9100978972520835,1.03,FROZEN_AFTER_AQ_AND_6H_BEFORE_48H_COMPARISON
lower_1sigma__single_APT_37to6_large_Lover2_sphere_bound,2.2750174249778726e-15,8.692098817135088,B,48.0,573.15,MS,0.9090899259146652,1.03,FROZEN_AFTER_AQ_AND_6H_BEFORE_48H_COMPARISON
lower_1sigma__single_APT_37to6_large_Lover2_sphere_bound,2.2750174249778726e-15,8.692098817135088,C,48.0,573.15,MS,0.9107145269306551,1.03,FROZEN_AFTER_AQ_AND_6H_BEFORE_48H_COMPARISON
lower_1sigma__single_APT_37to6_large_Lover2_sphere_bound,2.2750174249778726e-15,8.692098817135088,A,48.0,573.15,MIS,0.8675575617423239,1.03,FROZEN_AFTER_AQ_AND_6H_BEFORE_48H_COMPARISON
lower_1sigma__single_APT_37to6_large_Lover2_sphere_bound,2.2750174249778726e-15,8.692098817135088,B,48.0,573.15,MIS,0.8626302826829193,1.03,FROZEN_AFTER_AQ_AND_6H_BEFORE_48H_COMPARISON
lower_1sigma__single_APT_37to6_large_Lover2_sphere_bound,2.2750174249778726e-15,8.692098817135088,C,48.0,573.15,MIS,0.8723313335959004,1.03,FROZEN_AFTER_AQ_AND_6H_BEFORE_48H_COMPARISON
central__zero_particle_scattering_limit,2.822897247567544e-15,2.7348442909230477,A,6.0,303.15,M0,1.178386625571235,1.2625169478550462,FROZEN_AFTER_AQ_AND_6H_BEFORE_48H_COMPARISON
central__zero_particle_scattering_limit,2.822897247567544e-15,2.7348442909230477,B,6.0,303.15,M0,1.1783840658971834,1.2625169478550462,FROZEN_AFTER_AQ_AND_6H_BEFORE_48H_COMPARISON
central__zero_particle_scattering_limit,2.822897247567544e-15,2.7348442909230477,C,6.0,303.15,M0,1.1783875720541406,1.2625169478550462,FROZEN_AFTER_AQ_AND_6H_BEFORE_48H_COMPARISON
central__zero_particle_scattering_limit,2.822897247567544e-15,2.7348442909230477,A,6.0,303.15,MI,1.119564626381622,1.2625169478550462,FROZEN_AFTER_AQ_AND_6H_BEFORE_48H_COMPARISON
central__zero_particle_scattering_limit,2.822897247567544e-15,2.7348442909230477,B,6.0,303.15,MI,1.1195621528099546,1.2625169478550462,FROZEN_AFTER_AQ_AND_6H_BEFORE_48H_COMPARISON
central__zero_particle_scattering_limit,2.822897247567544e-15,2.7348442909230477,C,6.0,303.15,MI,1.1195655418563104,1.2625169478550462,FROZEN_AFTER_AQ_AND_6H_BEFORE_48H_COMPARISON
central__zero_particle_scattering_limit,2.822897247567544e-15,2.7348442909230477,A,6.0,303.15,MS,1.1780599027804923,1.2625169478550462,FROZEN_AFTER_AQ_AND_6H_BEFORE_48H_COMPARISON
central__zero_particle_scattering_limit,2.822897247567544e-15,2.7348442909230477,B,6.0,303.15,MS,1.178055613051983,1.2625169478550462,FROZEN_AFTER_AQ_AND_6H_BEFORE_48H_COMPARISON
central__zero_particle_scattering_limit,2.822897247567544e-15,2.7348442909230477,C,6.0,303.15,MS,1.1780592337142561,1.2625169478550462,FROZEN_AFTER_AQ_AND_6H_BEFORE_48H_COMPARISON
central__zero_particle_scattering_limit,2.822897247567544e-15,2.7348442909230477,A,6.0,303.15,MIS,1.119377367460957,1.2625169478550462,FROZEN_AFTER_AQ_AND_6H_BEFORE_48H_COMPARISON
central__zero_particle_scattering_limit,2.822897247567544e-15,2.7348442909230477,B,6.0,303.15,MIS,1.119374012675001,1.2625169478550462,FROZEN_AFTER_AQ_AND_6H_BEFORE_48H_COMPARISON
central__zero_particle_scattering_limit,2.822897247567544e-15,2.7348442909230477,C,6.0,303.15,MIS,1.1193773981472588,1.2625169478550462,FROZEN_AFTER_AQ_AND_6H_BEFORE_48H_COMPARISON
central__zero_particle_scattering_limit,2.822897247567544e-15,2.7348442909230477,A,6.0,323.15,M0,1.1460098215649082,1.0882440401175293,FROZEN_AFTER_AQ_AND_6H_BEFORE_48H_COMPARISON
central__zero_particle_scattering_limit,2.822897247567544e-15,2.7348442909230477,B,6.0,323.15,M0,1.1460073976795504,1.0882440401175293,FROZEN_AFTER_AQ_AND_6H_BEFORE_48H_COMPARISON
central__zero_particle_scattering_limit,2.822897247567544e-15,2.7348442909230477,C,6.0,323.15,M0,1.1460107178366192,1.0882440401175293,FROZEN_AFTER_AQ_AND_6H_BEFORE_48H_COMPARISON
central__zero_particle_scattering_limit,2.822897247567544e-15,2.7348442909230477,A,6.0,323.15,MI,1.0902004563401546,1.0882440401175293,FROZEN_AFTER_AQ_AND_6H_BEFORE_48H_COMPARISON
central__zero_particle_scattering_limit,2.822897247567544e-15,2.7348442909230477,B,6.0,323.15,MI,1.0901981113951866,1.0882440401175293,FROZEN_AFTER_AQ_AND_6H_BEFORE_48H_COMPARISON
central__zero_particle_scattering_limit,2.822897247567544e-15,2.7348442909230477,C,6.0,323.15,MI,1.0902013242112696,1.0882440401175293,FROZEN_AFTER_AQ_AND_6H_BEFORE_48H_COMPARISON
central__zero_particle_scattering_limit,2.822897247567544e-15,2.7348442909230477,A,6.0,323.15,MS,1.1457003412120028,1.0882440401175293,FROZEN_AFTER_AQ_AND_6H_BEFORE_48H_COMPARISON
central__zero_particle_scattering_limit,2.822897247567544e-15,2.7348442909230477,B,6.0,323.15,MS,1.1456962743202794,1.0882440401175293,FROZEN_AFTER_AQ_AND_6H_BEFORE_48H_COMPARISON
central__zero_particle_scattering_limit,2.822897247567544e-15,2.7348442909230477,C,6.0,323.15,MS,1.1456997048146784,1.0882440401175293,FROZEN_AFTER_AQ_AND_6H_BEFORE_48H_COMPARISON
central__zero_particle_scattering_limit,2.822897247567544e-15,2.7348442909230477,A,6.0,323.15,MIS,1.0900213257329958,1.0882440401175293,FROZEN_AFTER_AQ_AND_6H_BEFORE_48H_COMPARISON
central__zero_particle_scattering_limit,2.822897247567544e-15,2.7348442909230477,B,6.0,323.15,MIS,1.0900181345899618,1.0882440401175293,FROZEN_AFTER_AQ_AND_6H_BEFORE_48H_COMPARISON
central__zero_particle_scattering_limit,2.822897247567544e-15,2.7348442909230477,C,6.0,323.15,MIS,1.090021345700938,1.0882440401175293,FROZEN_AFTER_AQ_AND_6H_BEFORE_48H_COMPARISON
central__zero_particle_scattering_limit,2.822897247567544e-15,2.7348442909230477,A,6.0,373.15,M0,1.0720662367528015,0.9630520737428236,FROZEN_AFTER_AQ_AND_6H_BEFORE_48H_COMPARISON
central__zero_particle_scattering_limit,2.822897247567544e-15,2.7348442909230477,B,6.0,373.15,M0,1.0720641095966505,0.9630520737428236,FROZEN_AFTER_AQ_AND_6H_BEFORE_48H_COMPARISON
central__zero_particle_scattering_limit,2.822897247567544e-15,2.7348442909230477,C,6.0,373.15,M0,1.0720670233020293,0.9630520737428236,FROZEN_AFTER_AQ_AND_6H_BEFORE_48H_COMPARISON
central__zero_particle_scattering_limit,2.822897247567544e-15,2.7348442909230477,A,6.0,373.15,MI,1.0228350031405196,0.9630520737428236,FROZEN_AFTER_AQ_AND_6H_BEFORE_48H_COMPARISON
central__zero_particle_scattering_limit,2.822897247567544e-15,2.7348442909230477,B,6.0,373.15,MI,1.0228329400862366,0.9630520737428236,FROZEN_AFTER_AQ_AND_6H_BEFORE_48H_COMPARISON
central__zero_particle_scattering_limit,2.822897247567544e-15,2.7348442909230477,C,6.0,373.15,MI,1.022835766686691,0.9630520737428236,FROZEN_AFTER_AQ_AND_6H_BEFORE_48H_COMPARISON
central__zero_particle_scattering_limit,2.822897247567544e-15,2.7348442909230477,A,6.0,373.15,MS,1.071794259143547,0.9630520737428236,FROZEN_AFTER_AQ_AND_6H_BEFORE_48H_COMPARISON
central__zero_particle_scattering_limit,2.822897247567544e-15,2.7348442909230477,B,6.0,373.15,MS,1.0717906794168732,0.9630520737428236,FROZEN_AFTER_AQ_AND_6H_BEFORE_48H_COMPARISON
central__zero_particle_scattering_limit,2.822897247567544e-15,2.7348442909230477,C,6.0,373.15,MS,1.071793693694312,0.9630520737428236,FROZEN_AFTER_AQ_AND_6H_BEFORE_48H_COMPARISON
central__zero_particle_scattering_limit,2.822897247567544e-15,2.7348442909230477,A,6.0,373.15,MIS,1.0226739346067377,0.9630520737428236,FROZEN_AFTER_AQ_AND_6H_BEFORE_48H_COMPARISON
central__zero_particle_scattering_limit,2.822897247567544e-15,2.7348442909230477,B,6.0,373.15,MIS,1.0226711037601182,0.9630520737428236,FROZEN_AFTER_AQ_AND_6H_BEFORE_48H_COMPARISON
central__zero_particle_scattering_limit,2.822897247567544e-15,2.7348442909230477,C,6.0,373.15,MIS,1.0226739324461813,0.9630520737428236,FROZEN_AFTER_AQ_AND_6H_BEFORE_48H_COMPARISON
central__zero_particle_scattering_limit,2.822897247567544e-15,2.7348442909230477,A,6.0,423.15,M0,1.006854645681513,0.8755599608786824,FROZEN_AFTER_AQ_AND_6H_BEFORE_48H_COMPARISON
central__zero_particle_scattering_limit,2.822897247567544e-15,2.7348442909230477,B,6.0,423.15,M0,1.0068527647123668,0.8755599608786824,FROZEN_AFTER_AQ_AND_6H_BEFORE_48H_COMPARISON
central__zero_particle_scattering_limit,2.822897247567544e-15,2.7348442909230477,C,6.0,423.15,M0,1.0068553411978025,0.8755599608786824,FROZEN_AFTER_AQ_AND_6H_BEFORE_48H_COMPARISON
central__zero_particle_scattering_limit,2.822897247567544e-15,2.7348442909230477,A,6.0,423.15,MI,0.9630864374270973,0.8755599608786824,FROZEN_AFTER_AQ_AND_6H_BEFORE_48H_COMPARISON
central__zero_particle_scattering_limit,2.822897247567544e-15,2.7348442909230477,B,6.0,423.15,MI,0.9630846091199822,0.8755599608786824,FROZEN_AFTER_AQ_AND_6H_BEFORE_48H_COMPARISON
central__zero_particle_scattering_limit,2.822897247567544e-15,2.7348442909230477,C,6.0,423.15,MI,0.9630871140957348,0.8755599608786824,FROZEN_AFTER_AQ_AND_6H_BEFORE_48H_COMPARISON
central__zero_particle_scattering_limit,2.822897247567544e-15,2.7348442909230477,A,6.0,423.15,MS,1.0066136656867355,0.8755599608786824,FROZEN_AFTER_AQ_AND_6H_BEFORE_48H_COMPARISON
central__zero_particle_scattering_limit,2.822897247567544e-15,2.7348442909230477,B,6.0,423.15,MS,1.006610490783509,0.8755599608786824,FROZEN_AFTER_AQ_AND_6H_BEFORE_48H_COMPARISON
central__zero_particle_scattering_limit,2.822897247567544e-15,2.7348442909230477,C,6.0,423.15,MS,1.0066131589913834,0.8755599608786824,FROZEN_AFTER_AQ_AND_6H_BEFORE_48H_COMPARISON
central__zero_particle_scattering_limit,2.822897247567544e-15,2.7348442909230477,A,6.0,423.15,MIS,0.9629407334957754,0.8755599608786824,FROZEN_AFTER_AQ_AND_6H_BEFORE_48H_COMPARISON
central__zero_particle_scattering_limit,2.822897247567544e-15,2.7348442909230477,B,6.0,423.15,MIS,0.9629382047998256,0.8755599608786824,FROZEN_AFTER_AQ_AND_6H_BEFORE_48H_COMPARISON
central__zero_particle_scattering_limit,2.822897247567544e-15,2.7348442909230477,C,6.0,423.15,MIS,0.9629407146560844,0.8755599608786824,FROZEN_AFTER_AQ_AND_6H_BEFORE_48H_COMPARISON
central__zero_particle_scattering_limit,2.822897247567544e-15,2.7348442909230477,A,6.0,473.15,M0,0.9489981559816918,0.8549317391464868,FROZEN_AFTER_AQ_AND_6H_BEFORE_48H_COMPARISON
central__zero_particle_scattering_limit,2.822897247567544e-15,2.7348442909230477,B,6.0,473.15,M0,0.9489964812106996,0.8549317391464868,FROZEN_AFTER_AQ_AND_6H_BEFORE_48H_COMPARISON
central__zero_particle_scattering_limit,2.822897247567544e-15,2.7348442909230477,C,6.0,473.15,M0,0.9489987752520455,0.8549317391464868,FROZEN_AFTER_AQ_AND_6H_BEFORE_48H_COMPARISON
central__zero_particle_scattering_limit,2.822897247567544e-15,2.7348442909230477,A,6.0,473.15,MI,0.9098171320246847,0.8549317391464868,FROZEN_AFTER_AQ_AND_6H_BEFORE_48H_COMPARISON
central__zero_particle_scattering_limit,2.822897247567544e-15,2.7348442909230477,B,6.0,473.15,MI,0.9098155009699411,0.8549317391464868,FROZEN_AFTER_AQ_AND_6H_BEFORE_48H_COMPARISON
central__zero_particle_scattering_limit,2.822897247567544e-15,2.7348442909230477,C,6.0,473.15,MI,0.9098177356921384,0.8549317391464868,FROZEN_AFTER_AQ_AND_6H_BEFORE_48H_COMPARISON
central__zero_particle_scattering_limit,2.822897247567544e-15,2.7348442909230477,A,6.0,473.15,MS,0.9487831012887674,0.8549317391464868,FROZEN_AFTER_AQ_AND_6H_BEFORE_48H_COMPARISON
central__zero_particle_scattering_limit,2.822897247567544e-15,2.7348442909230477,B,6.0,473.15,MS,0.9487802661992789,0.8549317391464868,FROZEN_AFTER_AQ_AND_6H_BEFORE_48H_COMPARISON
central__zero_particle_scattering_limit,2.822897247567544e-15,2.7348442909230477,C,6.0,473.15,MS,0.948782643975076,0.8549317391464868,FROZEN_AFTER_AQ_AND_6H_BEFORE_48H_COMPARISON
central__zero_particle_scattering_limit,2.822897247567544e-15,2.7348442909230477,A,6.0,473.15,MIS,0.9096846184764587,0.8549317391464868,FROZEN_AFTER_AQ_AND_6H_BEFORE_48H_COMPARISON
central__zero_particle_scattering_limit,2.822897247567544e-15,2.7348442909230477,B,6.0,473.15,MIS,0.9096823454746706,0.8549317391464868,FROZEN_AFTER_AQ_AND_6H_BEFORE_48H_COMPARISON
central__zero_particle_scattering_limit,2.822897247567544e-15,2.7348442909230477,C,6.0,473.15,MIS,0.9096845871273633,0.8549317391464868,FROZEN_AFTER_AQ_AND_6H_BEFORE_48H_COMPARISON
central__zero_particle_scattering_limit,2.822897247567544e-15,2.7348442909230477,A,6.0,523.15,M0,0.8973601252937589,0.8542204211557212,FROZEN_AFTER_AQ_AND_6H_BEFORE_48H_COMPARISON
central__zero_particle_scattering_limit,2.822897247567544e-15,2.7348442909230477,B,6.0,523.15,M0,0.8973586248022085,0.8542204211557212,FROZEN_AFTER_AQ_AND_6H_BEFORE_48H_COMPARISON
central__zero_particle_scattering_limit,2.822897247567544e-15,2.7348442909230477,C,6.0,523.15,M0,0.8973606801209517,0.8542204211557212,FROZEN_AFTER_AQ_AND_6H_BEFORE_48H_COMPARISON
central__zero_particle_scattering_limit,2.822897247567544e-15,2.7348442909230477,A,6.0,523.15,MI,0.8620691190783418,0.8542204211557212,FROZEN_AFTER_AQ_AND_6H_BEFORE_48H_COMPARISON
central__zero_particle_scattering_limit,2.822897247567544e-15,2.7348442909230477,B,6.0,523.15,MI,0.8620676552162371,0.8542204211557212,FROZEN_AFTER_AQ_AND_6H_BEFORE_48H_COMPARISON
central__zero_particle_scattering_limit,2.822897247567544e-15,2.7348442909230477,C,6.0,523.15,MI,0.8620696608692799,0.8542204211557212,FROZEN_AFTER_AQ_AND_6H_BEFORE_48H_COMPARISON
central__zero_particle_scattering_limit,2.822897247567544e-15,2.7348442909230477,A,6.0,523.15,MS,0.8971669808785941,0.8542204211557212,FROZEN_AFTER_AQ_AND_6H_BEFORE_48H_COMPARISON
central__zero_particle_scattering_limit,2.822897247567544e-15,2.7348442909230477,B,6.0,523.15,MS,0.8971644337136708,0.8542204211557212,FROZEN_AFTER_AQ_AND_6H_BEFORE_48H_COMPARISON
central__zero_particle_scattering_limit,2.822897247567544e-15,2.7348442909230477,C,6.0,523.15,MS,0.8971665655700902,0.8542204211557212,FROZEN_AFTER_AQ_AND_6H_BEFORE_48H_COMPARISON
central__zero_particle_scattering_limit,2.822897247567544e-15,2.7348442909230477,A,6.0,523.15,MIS,0.8619480224276722,0.8542204211557212,FROZEN_AFTER_AQ_AND_6H_BEFORE_48H_COMPARISON
central__zero_particle_scattering_limit,2.822897247567544e-15,2.7348442909230477,B,6.0,523.15,MIS,0.8619459676763579,0.8542204211557212,FROZEN_AFTER_AQ_AND_6H_BEFORE_48H_COMPARISON
central__zero_particle_scattering_limit,2.822897247567544e-15,2.7348442909230477,C,6.0,523.15,MIS,0.8619479817479326,0.8542204211557212,FROZEN_AFTER_AQ_AND_6H_BEFORE_48H_COMPARISON
central__zero_particle_scattering_limit,2.822897247567544e-15,2.7348442909230477,A,6.0,573.15,M0,0.8510110073179888,0.85,FROZEN_AFTER_AQ_AND_6H_BEFORE_48H_COMPARISON
central__zero_particle_scattering_limit,2.822897247567544e-15,2.7348442909230477,B,6.0,573.15,M0,0.8510096553777318,0.85,FROZEN_AFTER_AQ_AND_6H_BEFORE_48H_COMPARISON
central__zero_particle_scattering_limit,2.822897247567544e-15,2.7348442909230477,C,6.0,573.15,M0,0.8510115072156312,0.85,FROZEN_AFTER_AQ_AND_6H_BEFORE_48H_COMPARISON
central__zero_particle_scattering_limit,2.822897247567544e-15,2.7348442909230477,A,6.0,573.15,MI,0.8190482205715938,0.85,FROZEN_AFTER_AQ_AND_6H_BEFORE_48H_COMPARISON
central__zero_particle_scattering_limit,2.822897247567544e-15,2.7348442909230477,B,6.0,573.15,MI,0.8190468995802108,0.85,FROZEN_AFTER_AQ_AND_6H_BEFORE_48H_COMPARISON
central__zero_particle_scattering_limit,2.822897247567544e-15,2.7348442909230477,C,6.0,573.15,MI,0.819048709487183,0.85,FROZEN_AFTER_AQ_AND_6H_BEFORE_48H_COMPARISON
central__zero_particle_scattering_limit,2.822897247567544e-15,2.7348442909230477,A,6.0,573.15,MS,0.8508365523651965,0.85,FROZEN_AFTER_AQ_AND_6H_BEFORE_48H_COMPARISON
central__zero_particle_scattering_limit,2.822897247567544e-15,2.7348442909230477,B,6.0,573.15,MS,0.8508342512542134,0.85,FROZEN_AFTER_AQ_AND_6H_BEFORE_48H_COMPARISON
central__zero_particle_scattering_limit,2.822897247567544e-15,2.7348442909230477,C,6.0,573.15,MS,0.8508361731493778,0.85,FROZEN_AFTER_AQ_AND_6H_BEFORE_48H_COMPARISON
central__zero_particle_scattering_limit,2.822897247567544e-15,2.7348442909230477,A,6.0,573.15,MIS,0.8189370785680751,0.85,FROZEN_AFTER_AQ_AND_6H_BEFORE_48H_COMPARISON
central__zero_particle_scattering_limit,2.822897247567544e-15,2.7348442909230477,B,6.0,573.15,MIS,0.8189352115982815,0.85,FROZEN_AFTER_AQ_AND_6H_BEFORE_48H_COMPARISON
central__zero_particle_scattering_limit,2.822897247567544e-15,2.7348442909230477,C,6.0,573.15,MIS,0.8189370309848962,0.85,FROZEN_AFTER_AQ_AND_6H_BEFORE_48H_COMPARISON
central__zero_particle_scattering_limit,2.822897247567544e-15,2.7348442909230477,A,48.0,303.15,M0,1.1758162209851786,1.5171687885490504,FROZEN_AFTER_AQ_AND_6H_BEFORE_48H_COMPARISON
central__zero_particle_scattering_limit,2.822897247567544e-15,2.7348442909230477,B,48.0,303.15,M0,1.17409019317877,1.5171687885490504,FROZEN_AFTER_AQ_AND_6H_BEFORE_48H_COMPARISON
central__zero_particle_scattering_limit,2.822897247567544e-15,2.7348442909230477,C,48.0,303.15,M0,1.1769322144202088,1.5171687885490504,FROZEN_AFTER_AQ_AND_6H_BEFORE_48H_COMPARISON
central__zero_particle_scattering_limit,2.822897247567544e-15,2.7348442909230477,A,48.0,303.15,MI,1.1517430058152003,1.5171687885490504,FROZEN_AFTER_AQ_AND_6H_BEFORE_48H_COMPARISON
central__zero_particle_scattering_limit,2.822897247567544e-15,2.7348442909230477,B,48.0,303.15,MI,1.1475725425435217,1.5171687885490504,FROZEN_AFTER_AQ_AND_6H_BEFORE_48H_COMPARISON
central__zero_particle_scattering_limit,2.822897247567544e-15,2.7348442909230477,C,48.0,303.15,MI,1.1554360614344115,1.5171687885490504,FROZEN_AFTER_AQ_AND_6H_BEFORE_48H_COMPARISON
central__zero_particle_scattering_limit,2.822897247567544e-15,2.7348442909230477,A,48.0,303.15,MS,1.1755559753954492,1.5171687885490504,FROZEN_AFTER_AQ_AND_6H_BEFORE_48H_COMPARISON
central__zero_particle_scattering_limit,2.822897247567544e-15,2.7348442909230477,B,48.0,303.15,MS,1.17382854457648,1.5171687885490504,FROZEN_AFTER_AQ_AND_6H_BEFORE_48H_COMPARISON
central__zero_particle_scattering_limit,2.822897247567544e-15,2.7348442909230477,C,48.0,303.15,MS,1.1766866966514316,1.5171687885490504,FROZEN_AFTER_AQ_AND_6H_BEFORE_48H_COMPARISON
central__zero_particle_scattering_limit,2.822897247567544e-15,2.7348442909230477,A,48.0,303.15,MIS,1.1515492540598198,1.5171687885490504,FROZEN_AFTER_AQ_AND_6H_BEFORE_48H_COMPARISON
central__zero_particle_scattering_limit,2.822897247567544e-15,2.7348442909230477,B,48.0,303.15,MIS,1.1473821187063629,1.5171687885490504,FROZEN_AFTER_AQ_AND_6H_BEFORE_48H_COMPARISON
central__zero_particle_scattering_limit,2.822897247567544e-15,2.7348442909230477,C,48.0,303.15,MIS,1.1552480646563617,1.5171687885490504,FROZEN_AFTER_AQ_AND_6H_BEFORE_48H_COMPARISON
central__zero_particle_scattering_limit,2.822897247567544e-15,2.7348442909230477,A,48.0,323.15,M0,1.1435573202219644,1.3578335586176062,FROZEN_AFTER_AQ_AND_6H_BEFORE_48H_COMPARISON
central__zero_particle_scattering_limit,2.822897247567544e-15,2.7348442909230477,B,48.0,323.15,M0,1.1419296281016127,1.3578335586176062,FROZEN_AFTER_AQ_AND_6H_BEFORE_48H_COMPARISON
central__zero_particle_scattering_limit,2.822897247567544e-15,2.7348442909230477,C,48.0,323.15,M0,1.144601518479315,1.3578335586176062,FROZEN_AFTER_AQ_AND_6H_BEFORE_48H_COMPARISON
central__zero_particle_scattering_limit,2.822897247567544e-15,2.7348442909230477,A,48.0,323.15,MI,1.1207177916355622,1.3578335586176062,FROZEN_AFTER_AQ_AND_6H_BEFORE_48H_COMPARISON
central__zero_particle_scattering_limit,2.822897247567544e-15,2.7348442909230477,B,48.0,323.15,MI,1.1167710418878283,1.3578335586176062,FROZEN_AFTER_AQ_AND_6H_BEFORE_48H_COMPARISON
central__zero_particle_scattering_limit,2.822897247567544e-15,2.7348442909230477,C,48.0,323.15,MI,1.1242061123889235,1.3578335586176062,FROZEN_AFTER_AQ_AND_6H_BEFORE_48H_COMPARISON
central__zero_particle_scattering_limit,2.822897247567544e-15,2.7348442909230477,A,48.0,323.15,MS,1.1433090982433487,1.3578335586176062,FROZEN_AFTER_AQ_AND_6H_BEFORE_48H_COMPARISON
central__zero_particle_scattering_limit,2.822897247567544e-15,2.7348442909230477,B,48.0,323.15,MS,1.141680297689917,1.3578335586176062,FROZEN_AFTER_AQ_AND_6H_BEFORE_48H_COMPARISON
central__zero_particle_scattering_limit,2.822897247567544e-15,2.7348442909230477,C,48.0,323.15,MS,1.1443670801672485,1.3578335586176062,FROZEN_AFTER_AQ_AND_6H_BEFORE_48H_COMPARISON
central__zero_particle_scattering_limit,2.822897247567544e-15,2.7348442909230477,A,48.0,323.15,MIS,1.120532179974852,1.3578335586176062,FROZEN_AFTER_AQ_AND_6H_BEFORE_48H_COMPARISON
central__zero_particle_scattering_limit,2.822897247567544e-15,2.7348442909230477,B,48.0,323.15,MIS,1.1165886970645829,1.3578335586176062,FROZEN_AFTER_AQ_AND_6H_BEFORE_48H_COMPARISON
central__zero_particle_scattering_limit,2.822897247567544e-15,2.7348442909230477,C,48.0,323.15,MIS,1.1240259203948815,1.3578335586176062,FROZEN_AFTER_AQ_AND_6H_BEFORE_48H_COMPARISON
central__zero_particle_scattering_limit,2.822897247567544e-15,2.7348442909230477,A,48.0,373.15,M0,1.0698753222301371,1.1846276278662375,FROZEN_AFTER_AQ_AND_6H_BEFORE_48H_COMPARISON
central__zero_particle_scattering_limit,2.822897247567544e-15,2.7348442909230477,B,48.0,373.15,M0,1.0684605150389275,1.1846276278662375,FROZEN_AFTER_AQ_AND_6H_BEFORE_48H_COMPARISON
central__zero_particle_scattering_limit,2.822897247567544e-15,2.7348442909230477,C,48.0,373.15,M0,1.0707664443612692,1.1846276278662375,FROZEN_AFTER_AQ_AND_6H_BEFORE_48H_COMPARISON
central__zero_particle_scattering_limit,2.822897247567544e-15,2.7348442909230477,A,48.0,373.15,MI,1.0497294902106853,1.1846276278662375,FROZEN_AFTER_AQ_AND_6H_BEFORE_48H_COMPARISON
central__zero_particle_scattering_limit,2.822897247567544e-15,2.7348442909230477,B,48.0,373.15,MI,1.0462695399734807,1.1846276278662375,FROZEN_AFTER_AQ_AND_6H_BEFORE_48H_COMPARISON
central__zero_particle_scattering_limit,2.822897247567544e-15,2.7348442909230477,C,48.0,373.15,MI,1.052774347282266,1.1846276278662375,FROZEN_AFTER_AQ_AND_6H_BEFORE_48H_COMPARISON
central__zero_particle_scattering_limit,2.822897247567544e-15,2.7348442909230477,A,48.0,373.15,MS,1.0696536198202413,1.1846276278662375,FROZEN_AFTER_AQ_AND_6H_BEFORE_48H_COMPARISON
central__zero_particle_scattering_limit,2.822897247567544e-15,2.7348442909230477,B,48.0,373.15,MS,1.0682383042167716,1.1846276278662375,FROZEN_AFTER_AQ_AND_6H_BEFORE_48H_COMPARISON
central__zero_particle_scattering_limit,2.822897247567544e-15,2.7348442909230477,C,48.0,373.15,MS,1.070556501378035,1.1846276278662375,FROZEN_AFTER_AQ_AND_6H_BEFORE_48H_COMPARISON
central__zero_particle_scattering_limit,2.822897247567544e-15,2.7348442909230477,A,48.0,373.15,MIS,1.0495620001317778,1.1846276278662375,FROZEN_AFTER_AQ_AND_6H_BEFORE_48H_COMPARISON
central__zero_particle_scattering_limit,2.822897247567544e-15,2.7348442909230477,B,48.0,373.15,MIS,1.0461051682629638,1.1846276278662375,FROZEN_AFTER_AQ_AND_6H_BEFORE_48H_COMPARISON
central__zero_particle_scattering_limit,2.822897247567544e-15,2.7348442909230477,C,48.0,373.15,MIS,1.0526115456441536,1.1846276278662375,FROZEN_AFTER_AQ_AND_6H_BEFORE_48H_COMPARISON
central__zero_particle_scattering_limit,2.822897247567544e-15,2.7348442909230477,A,48.0,423.15,M0,1.0048858760173986,1.0846874501637025,FROZEN_AFTER_AQ_AND_6H_BEFORE_48H_COMPARISON
central__zero_particle_scattering_limit,2.822897247567544e-15,2.7348442909230477,B,48.0,423.15,M0,1.0036454928769496,1.0846874501637025,FROZEN_AFTER_AQ_AND_6H_BEFORE_48H_COMPARISON
central__zero_particle_scattering_limit,2.822897247567544e-15,2.7348442909230477,C,48.0,423.15,M0,1.005654114515272,1.0846874501637025,FROZEN_AFTER_AQ_AND_6H_BEFORE_48H_COMPARISON
central__zero_particle_scattering_limit,2.822897247567544e-15,2.7348442909230477,A,48.0,423.15,MI,0.9869771013662904,1.0846874501637025,FROZEN_AFTER_AQ_AND_6H_BEFORE_48H_COMPARISON
central__zero_particle_scattering_limit,2.822897247567544e-15,2.7348442909230477,B,48.0,423.15,MI,0.9839191854886561,1.0846874501637025,FROZEN_AFTER_AQ_AND_6H_BEFORE_48H_COMPARISON
central__zero_particle_scattering_limit,2.822897247567544e-15,2.7348442909230477,C,48.0,423.15,MI,0.9896578586410498,1.0846874501637025,FROZEN_AFTER_AQ_AND_6H_BEFORE_48H_COMPARISON
central__zero_particle_scattering_limit,2.822897247567544e-15,2.7348442909230477,A,48.0,423.15,MS,1.0046865103971412,1.0846874501637025,FROZEN_AFTER_AQ_AND_6H_BEFORE_48H_COMPARISON
central__zero_particle_scattering_limit,2.822897247567544e-15,2.7348442909230477,B,48.0,423.15,MS,1.0034460675245773,1.0846874501637025,FROZEN_AFTER_AQ_AND_6H_BEFORE_48H_COMPARISON
central__zero_particle_scattering_limit,2.822897247567544e-15,2.7348442909230477,C,48.0,423.15,MS,1.005464869774596,1.0846874501637025,FROZEN_AFTER_AQ_AND_6H_BEFORE_48H_COMPARISON
central__zero_particle_scattering_limit,2.822897247567544e-15,2.7348442909230477,A,48.0,423.15,MIS,0.9868250679022571,1.0846874501637025,FROZEN_AFTER_AQ_AND_6H_BEFORE_48H_COMPARISON
central__zero_particle_scattering_limit,2.822897247567544e-15,2.7348442909230477,B,48.0,423.15,MIS,0.9837701287455686,1.0846874501637025,FROZEN_AFTER_AQ_AND_6H_BEFORE_48H_COMPARISON
central__zero_particle_scattering_limit,2.822897247567544e-15,2.7348442909230477,C,48.0,423.15,MIS,0.9895099083699503,1.0846874501637025,FROZEN_AFTER_AQ_AND_6H_BEFORE_48H_COMPARISON
central__zero_particle_scattering_limit,2.822897247567544e-15,2.7348442909230477,A,48.0,473.15,M0,0.9472197242701699,1.08433179116832,FROZEN_AFTER_AQ_AND_6H_BEFORE_48H_COMPARISON
central__zero_particle_scattering_limit,2.822897247567544e-15,2.7348442909230477,B,48.0,473.15,M0,0.9461237935810205,1.08433179116832,FROZEN_AFTER_AQ_AND_6H_BEFORE_48H_COMPARISON
central__zero_particle_scattering_limit,2.822897247567544e-15,2.7348442909230477,C,48.0,473.15,M0,0.9478880701104067,1.08433179116832,FROZEN_AFTER_AQ_AND_6H_BEFORE_48H_COMPARISON
central__zero_particle_scattering_limit,2.822897247567544e-15,2.7348442909230477,A,48.0,473.15,MI,0.9311894001494622,1.08433179116832,FROZEN_AFTER_AQ_AND_6H_BEFORE_48H_COMPARISON
central__zero_particle_scattering_limit,2.822897247567544e-15,2.7348442909230477,B,48.0,473.15,MI,0.9284671184029785,1.08433179116832,FROZEN_AFTER_AQ_AND_6H_BEFORE_48H_COMPARISON
central__zero_particle_scattering_limit,2.822897247567544e-15,2.7348442909230477,C,48.0,473.15,MI,0.9335677437651254,1.08433179116832,FROZEN_AFTER_AQ_AND_6H_BEFORE_48H_COMPARISON
central__zero_particle_scattering_limit,2.822897247567544e-15,2.7348442909230477,A,48.0,473.15,MS,0.9470393648019171,1.08433179116832,FROZEN_AFTER_AQ_AND_6H_BEFORE_48H_COMPARISON
central__zero_particle_scattering_limit,2.822897247567544e-15,2.7348442909230477,B,48.0,473.15,MS,0.9459437118889388,1.08433179116832,FROZEN_AFTER_AQ_AND_6H_BEFORE_48H_COMPARISON
central__zero_particle_scattering_limit,2.822897247567544e-15,2.7348442909230477,C,48.0,473.15,MS,0.9477164891146461,1.08433179116832,FROZEN_AFTER_AQ_AND_6H_BEFORE_48H_COMPARISON
central__zero_particle_scattering_limit,2.822897247567544e-15,2.7348442909230477,A,48.0,473.15,MIS,0.9310506713411983,1.08433179116832,FROZEN_AFTER_AQ_AND_6H_BEFORE_48H_COMPARISON
central__zero_particle_scattering_limit,2.822897247567544e-15,2.7348442909230477,B,48.0,473.15,MIS,0.9283312319934438,1.08433179116832,FROZEN_AFTER_AQ_AND_6H_BEFORE_48H_COMPARISON
central__zero_particle_scattering_limit,2.822897247567544e-15,2.7348442909230477,C,48.0,473.15,MIS,0.9334325924686246,1.08433179116832,FROZEN_AFTER_AQ_AND_6H_BEFORE_48H_COMPARISON
central__zero_particle_scattering_limit,2.822897247567544e-15,2.7348442909230477,A,48.0,523.15,M0,0.8957460119900708,1.0405857347362493,FROZEN_AFTER_AQ_AND_6H_BEFORE_48H_COMPARISON
central__zero_particle_scattering_limit,2.822897247567544e-15,2.7348442909230477,B,48.0,523.15,M0,0.89477093386059,1.0405857347362493,FROZEN_AFTER_AQ_AND_6H_BEFORE_48H_COMPARISON
central__zero_particle_scattering_limit,2.822897247567544e-15,2.7348442909230477,C,48.0,523.15,M0,0.8963322049458656,1.0405857347362493,FROZEN_AFTER_AQ_AND_6H_BEFORE_48H_COMPARISON
central__zero_particle_scattering_limit,2.822897247567544e-15,2.7348442909230477,A,48.0,523.15,MI,0.8813087040236002,1.0405857347362493,FROZEN_AFTER_AQ_AND_6H_BEFORE_48H_COMPARISON
central__zero_particle_scattering_limit,2.822897247567544e-15,2.7348442909230477,B,48.0,523.15,MI,0.8788694229649111,1.0405857347362493,FROZEN_AFTER_AQ_AND_6H_BEFORE_48H_COMPARISON
central__zero_particle_scattering_limit,2.822897247567544e-15,2.7348442909230477,C,48.0,523.15,MI,0.8834332164272892,1.0405857347362493,FROZEN_AFTER_AQ_AND_6H_BEFORE_48H_COMPARISON
central__zero_particle_scattering_limit,2.822897247567544e-15,2.7348442909230477,A,48.0,523.15,MS,0.8955819714318025,1.0405857347362493,FROZEN_AFTER_AQ_AND_6H_BEFORE_48H_COMPARISON
central__zero_particle_scattering_limit,2.822897247567544e-15,2.7348442909230477,B,48.0,523.15,MS,0.8946074257944766,1.0405857347362493,FROZEN_AFTER_AQ_AND_6H_BEFORE_48H_COMPARISON
central__zero_particle_scattering_limit,2.822897247567544e-15,2.7348442909230477,C,48.0,523.15,MS,0.8961758312244904,1.0405857347362493,FROZEN_AFTER_AQ_AND_6H_BEFORE_48H_COMPARISON
central__zero_particle_scattering_limit,2.822897247567544e-15,2.7348442909230477,A,48.0,523.15,MIS,0.8811815211109494,1.0405857347362493,FROZEN_AFTER_AQ_AND_6H_BEFORE_48H_COMPARISON
central__zero_particle_scattering_limit,2.822897247567544e-15,2.7348442909230477,B,48.0,523.15,MIS,0.878744955579397,1.0405857347362493,FROZEN_AFTER_AQ_AND_6H_BEFORE_48H_COMPARISON
central__zero_particle_scattering_limit,2.822897247567544e-15,2.7348442909230477,C,48.0,523.15,MIS,0.8833091849303517,1.0405857347362493,FROZEN_AFTER_AQ_AND_6H_BEFORE_48H_COMPARISON
central__zero_particle_scattering_limit,2.822897247567544e-15,2.7348442909230477,A,48.0,573.15,M0,0.849539697048469,1.03,FROZEN_AFTER_AQ_AND_6H_BEFORE_48H_COMPARISON
central__zero_particle_scattering_limit,2.822897247567544e-15,2.7348442909230477,B,48.0,573.15,M0,0.8486666809827658,1.03,FROZEN_AFTER_AQ_AND_6H_BEFORE_48H_COMPARISON
central__zero_particle_scattering_limit,2.822897247567544e-15,2.7348442909230477,C,48.0,573.15,M0,0.8500576050168103,1.03,FROZEN_AFTER_AQ_AND_6H_BEFORE_48H_COMPARISON
central__zero_particle_scattering_limit,2.822897247567544e-15,2.7348442909230477,A,48.0,573.15,MI,0.8364653920387519,1.03,FROZEN_AFTER_AQ_AND_6H_BEFORE_48H_COMPARISON
central__zero_particle_scattering_limit,2.822897247567544e-15,2.7348442909230477,B,48.0,573.15,MI,0.8342669030773683,1.03,FROZEN_AFTER_AQ_AND_6H_BEFORE_48H_COMPARISON
central__zero_particle_scattering_limit,2.822897247567544e-15,2.7348442909230477,C,48.0,573.15,MI,0.8383748169309307,1.03,FROZEN_AFTER_AQ_AND_6H_BEFORE_48H_COMPARISON
central__zero_particle_scattering_limit,2.822897247567544e-15,2.7348442909230477,A,48.0,573.15,MS,0.8493897816246326,1.03,FROZEN_AFTER_AQ_AND_6H_BEFORE_48H_COMPARISON
central__zero_particle_scattering_limit,2.822897247567544e-15,2.7348442909230477,B,48.0,573.15,MS,0.8485174903732713,1.03,FROZEN_AFTER_AQ_AND_6H_BEFORE_48H_COMPARISON
central__zero_particle_scattering_limit,2.822897247567544e-15,2.7348442909230477,C,48.0,573.15,MS,0.8499144270250862,1.03,FROZEN_AFTER_AQ_AND_6H_BEFORE_48H_COMPARISON
central__zero_particle_scattering_limit,2.822897247567544e-15,2.7348442909230477,A,48.0,573.15,MIS,0.8363483020096282,1.03,FROZEN_AFTER_AQ_AND_6H_BEFORE_48H_COMPARISON
central__zero_particle_scattering_limit,2.822897247567544e-15,2.7348442909230477,B,48.0,573.15,MIS,0.8341524090408836,1.03,FROZEN_AFTER_AQ_AND_6H_BEFORE_48H_COMPARISON
central__zero_particle_scattering_limit,2.822897247567544e-15,2.7348442909230477,C,48.0,573.15,MIS,0.8382605164988101,1.03,FROZEN_AFTER_AQ_AND_6H_BEFORE_48H_COMPARISON
central__all_small_at_reported_max,2.815208901887217e-15,2.8090797036792714,A,6.0,303.15,M0,1.1799263885230002,1.2625169478550462,FROZEN_AFTER_AQ_AND_6H_BEFORE_48H_COMPARISON
central__all_small_at_reported_max,2.815208901887217e-15,2.8090797036792714,B,6.0,303.15,M0,1.1799238223175277,1.2625169478550462,FROZEN_AFTER_AQ_AND_6H_BEFORE_48H_COMPARISON
central__all_small_at_reported_max,2.815208901887217e-15,2.8090797036792714,C,6.0,303.15,M0,1.179927337421049,1.2625169478550462,FROZEN_AFTER_AQ_AND_6H_BEFORE_48H_COMPARISON
central__all_small_at_reported_max,2.815208901887217e-15,2.8090797036792714,A,6.0,303.15,MI,1.1195824215028285,1.2625169478550462,FROZEN_AFTER_AQ_AND_6H_BEFORE_48H_COMPARISON
central__all_small_at_reported_max,2.815208901887217e-15,2.8090797036792714,B,6.0,303.15,MI,1.1195799440608023,1.2625169478550462,FROZEN_AFTER_AQ_AND_6H_BEFORE_48H_COMPARISON
central__all_small_at_reported_max,2.815208901887217e-15,2.8090797036792714,C,6.0,303.15,MI,1.1195833384276839,1.2625169478550462,FROZEN_AFTER_AQ_AND_6H_BEFORE_48H_COMPARISON
central__all_small_at_reported_max,2.815208901887217e-15,2.8090797036792714,A,6.0,303.15,MS,1.1795988530213524,1.2625169478550462,FROZEN_AFTER_AQ_AND_6H_BEFORE_48H_COMPARISON
central__all_small_at_reported_max,2.815208901887217e-15,2.8090797036792714,B,6.0,303.15,MS,1.1795945526669798,1.2625169478550462,FROZEN_AFTER_AQ_AND_6H_BEFORE_48H_COMPARISON
central__all_small_at_reported_max,2.815208901887217e-15,2.8090797036792714,C,6.0,303.15,MS,1.1795981824668904,1.2625169478550462,FROZEN_AFTER_AQ_AND_6H_BEFORE_48H_COMPARISON
central__all_small_at_reported_max,2.815208901887217e-15,2.8090797036792714,A,6.0,303.15,MIS,1.1193969421241954,1.2625169478550462,FROZEN_AFTER_AQ_AND_6H_BEFORE_48H_COMPARISON
central__all_small_at_reported_max,2.815208901887217e-15,2.8090797036792714,B,6.0,303.15,MIS,1.1193935939786834,1.2625169478550462,FROZEN_AFTER_AQ_AND_6H_BEFORE_48H_COMPARISON
central__all_small_at_reported_max,2.815208901887217e-15,2.8090797036792714,C,6.0,303.15,MIS,1.1193969835177413,1.2625169478550462,FROZEN_AFTER_AQ_AND_6H_BEFORE_48H_COMPARISON
central__all_small_at_reported_max,2.815208901887217e-15,2.8090797036792714,A,6.0,323.15,M0,1.1474648856282148,1.0882440401175293,FROZEN_AFTER_AQ_AND_6H_BEFORE_48H_COMPARISON
central__all_small_at_reported_max,2.815208901887217e-15,2.8090797036792714,B,6.0,323.15,M0,1.1474624557288475,1.0882440401175293,FROZEN_AFTER_AQ_AND_6H_BEFORE_48H_COMPARISON
central__all_small_at_reported_max,2.815208901887217e-15,2.8090797036792714,C,6.0,323.15,M0,1.1474657841237408,1.0882440401175293,FROZEN_AFTER_AQ_AND_6H_BEFORE_48H_COMPARISON
central__all_small_at_reported_max,2.815208901887217e-15,2.8090797036792714,A,6.0,323.15,MI,1.0902123081572557,1.0882440401175293,FROZEN_AFTER_AQ_AND_6H_BEFORE_48H_COMPARISON
central__all_small_at_reported_max,2.815208901887217e-15,2.8090797036792714,B,6.0,323.15,MI,1.0902099596332584,1.0882440401175293,FROZEN_AFTER_AQ_AND_6H_BEFORE_48H_COMPARISON
central__all_small_at_reported_max,2.815208901887217e-15,2.8090797036792714,C,6.0,323.15,MI,1.0902131773698998,1.0882440401175293,FROZEN_AFTER_AQ_AND_6H_BEFORE_48H_COMPARISON
central__all_small_at_reported_max,2.815208901887217e-15,2.8090797036792714,A,6.0,323.15,MS,1.1471546571182942,1.0882440401175293,FROZEN_AFTER_AQ_AND_6H_BEFORE_48H_COMPARISON
central__all_small_at_reported_max,2.815208901887217e-15,2.8090797036792714,B,6.0,323.15,MS,1.1471505804298683,1.0882440401175293,FROZEN_AFTER_AQ_AND_6H_BEFORE_48H_COMPARISON
central__all_small_at_reported_max,2.815208901887217e-15,2.8090797036792714,C,6.0,323.15,MS,1.147154019346537,1.0882440401175293,FROZEN_AFTER_AQ_AND_6H_BEFORE_48H_COMPARISON
central__all_small_at_reported_max,2.815208901887217e-15,2.8090797036792714,A,6.0,323.15,MIS,1.0900348598658218,1.0882440401175293,FROZEN_AFTER_AQ_AND_6H_BEFORE_48H_COMPARISON
central__all_small_at_reported_max,2.815208901887217e-15,2.8090797036792714,B,6.0,323.15,MIS,1.0900316751302013,1.0882440401175293,FROZEN_AFTER_AQ_AND_6H_BEFORE_48H_COMPARISON
central__all_small_at_reported_max,2.815208901887217e-15,2.8090797036792714,C,6.0,323.15,MIS,1.090034889951412,1.0882440401175293,FROZEN_AFTER_AQ_AND_6H_BEFORE_48H_COMPARISON
central__all_small_at_reported_max,2.815208901887217e-15,2.8090797036792714,A,6.0,373.15,M0,1.073337481196066,0.9630520737428236,FROZEN_AFTER_AQ_AND_6H_BEFORE_48H_COMPARISON
central__all_small_at_reported_max,2.815208901887217e-15,2.8090797036792714,B,6.0,373.15,M0,1.0733353491030255,0.9630520737428236,FROZEN_AFTER_AQ_AND_6H_BEFORE_48H_COMPARISON
central__all_small_at_reported_max,2.815208901887217e-15,2.8090797036792714,C,6.0,373.15,M0,1.0733382695708127,0.9630520737428236,FROZEN_AFTER_AQ_AND_6H_BEFORE_48H_COMPARISON
central__all_small_at_reported_max,2.815208901887217e-15,2.8090797036792714,A,6.0,373.15,MI,1.0228346418434997,0.9630520737428236,FROZEN_AFTER_AQ_AND_6H_BEFORE_48H_COMPARISON
central__all_small_at_reported_max,2.815208901887217e-15,2.8090797036792714,B,6.0,373.15,MI,1.0228325758211785,0.9630520737428236,FROZEN_AFTER_AQ_AND_6H_BEFORE_48H_COMPARISON
central__all_small_at_reported_max,2.815208901887217e-15,2.8090797036792714,C,6.0,373.15,MI,1.0228354065032679,0.9630520737428236,FROZEN_AFTER_AQ_AND_6H_BEFORE_48H_COMPARISON
central__all_small_at_reported_max,2.815208901887217e-15,2.8090797036792714,A,6.0,373.15,MS,1.0730648892276085,0.9630520737428236,FROZEN_AFTER_AQ_AND_6H_BEFORE_48H_COMPARISON
central__all_small_at_reported_max,2.815208901887217e-15,2.8090797036792714,B,6.0,373.15,MS,1.0730613014320556,0.9630520737428236,FROZEN_AFTER_AQ_AND_6H_BEFORE_48H_COMPARISON
central__all_small_at_reported_max,2.815208901887217e-15,2.8090797036792714,C,6.0,373.15,MS,1.0730643226396783,0.9630520737428236,FROZEN_AFTER_AQ_AND_6H_BEFORE_48H_COMPARISON
central__all_small_at_reported_max,2.815208901887217e-15,2.8090797036792714,A,6.0,373.15,MIS,1.0226750431889458,0.9630520737428236,FROZEN_AFTER_AQ_AND_6H_BEFORE_48H_COMPARISON
central__all_small_at_reported_max,2.815208901887217e-15,2.8090797036792714,B,6.0,373.15,MIS,1.0226722182025525,0.9630520737428236,FROZEN_AFTER_AQ_AND_6H_BEFORE_48H_COMPARISON
central__all_small_at_reported_max,2.815208901887217e-15,2.8090797036792714,C,6.0,373.15,MIS,1.0226750498624877,0.9630520737428236,FROZEN_AFTER_AQ_AND_6H_BEFORE_48H_COMPARISON
central__all_small_at_reported_max,2.815208901887217e-15,2.8090797036792714,A,6.0,423.15,M0,1.0079746006346866,0.8755599608786824,FROZEN_AFTER_AQ_AND_6H_BEFORE_48H_COMPARISON
central__all_small_at_reported_max,2.815208901887217e-15,2.8090797036792714,B,6.0,423.15,M0,1.0079727155647256,0.8755599608786824,FROZEN_AFTER_AQ_AND_6H_BEFORE_48H_COMPARISON
central__all_small_at_reported_max,2.815208901887217e-15,2.8090797036792714,C,6.0,423.15,M0,1.0079752976673342,0.8755599608786824,FROZEN_AFTER_AQ_AND_6H_BEFORE_48H_COMPARISON
central__all_small_at_reported_max,2.815208901887217e-15,2.8090797036792714,A,6.0,423.15,MI,0.963076925429116,0.8755599608786824,FROZEN_AFTER_AQ_AND_6H_BEFORE_48H_COMPARISON
central__all_small_at_reported_max,2.815208901887217e-15,2.8090797036792714,B,6.0,423.15,MI,0.9630750946329442,0.8755599608786824,FROZEN_AFTER_AQ_AND_6H_BEFORE_48H_COMPARISON
central__all_small_at_reported_max,2.815208901887217e-15,2.8090797036792714,C,6.0,423.15,MI,0.9630776030325562,0.8755599608786824,FROZEN_AFTER_AQ_AND_6H_BEFORE_48H_COMPARISON
central__all_small_at_reported_max,2.815208901887217e-15,2.8090797036792714,A,6.0,423.15,MS,1.0077331097310736,0.8755599608786824,FROZEN_AFTER_AQ_AND_6H_BEFORE_48H_COMPARISON
central__all_small_at_reported_max,2.815208901887217e-15,2.8090797036792714,B,6.0,423.15,MS,1.0077299281029983,0.8755599608786824,FROZEN_AFTER_AQ_AND_6H_BEFORE_48H_COMPARISON
central__all_small_at_reported_max,2.815208901887217e-15,2.8090797036792714,C,6.0,423.15,MS,1.0077326020797834,0.8755599608786824,FROZEN_AFTER_AQ_AND_6H_BEFORE_48H_COMPARISON
central__all_small_at_reported_max,2.815208901887217e-15,2.8090797036792714,A,6.0,423.15,MIS,0.9629325149197792,0.8755599608786824,FROZEN_AFTER_AQ_AND_6H_BEFORE_48H_COMPARISON
central__all_small_at_reported_max,2.815208901887217e-15,2.8090797036792714,B,6.0,423.15,MIS,0.9629299915867011,0.8755599608786824,FROZEN_AFTER_AQ_AND_6H_BEFORE_48H_COMPARISON
central__all_small_at_reported_max,2.815208901887217e-15,2.8090797036792714,C,6.0,423.15,MIS,0.9629325038531061,0.8755599608786824,FROZEN_AFTER_AQ_AND_6H_BEFORE_48H_COMPARISON
central__all_small_at_reported_max,2.815208901887217e-15,2.8090797036792714,A,6.0,473.15,M0,0.9499921976910799,0.8549317391464868,FROZEN_AFTER_AQ_AND_6H_BEFORE_48H_COMPARISON
central__all_small_at_reported_max,2.815208901887217e-15,2.8090797036792714,B,6.0,473.15,M0,0.9499905194774593,0.8549317391464868,FROZEN_AFTER_AQ_AND_6H_BEFORE_48H_COMPARISON
central__all_small_at_reported_max,2.815208901887217e-15,2.8090797036792714,C,6.0,473.15,M0,0.949992818234411,0.8549317391464868,FROZEN_AFTER_AQ_AND_6H_BEFORE_48H_COMPARISON
central__all_small_at_reported_max,2.815208901887217e-15,2.8090797036792714,A,6.0,473.15,MI,0.9098007919936136,0.8549317391464868,FROZEN_AFTER_AQ_AND_6H_BEFORE_48H_COMPARISON
central__all_small_at_reported_max,2.815208901887217e-15,2.8090797036792714,B,6.0,473.15,MI,0.9097991588302792,0.8549317391464868,FROZEN_AFTER_AQ_AND_6H_BEFORE_48H_COMPARISON
central__all_small_at_reported_max,2.815208901887217e-15,2.8090797036792714,C,6.0,473.15,MI,0.909801396453761,0.8549317391464868,FROZEN_AFTER_AQ_AND_6H_BEFORE_48H_COMPARISON
central__all_small_at_reported_max,2.815208901887217e-15,2.8090797036792714,A,6.0,473.15,MS,0.9497767133769797,0.8549317391464868,FROZEN_AFTER_AQ_AND_6H_BEFORE_48H_COMPARISON
central__all_small_at_reported_max,2.815208901887217e-15,2.8090797036792714,B,6.0,473.15,MS,0.9497738726234649,0.8549317391464868,FROZEN_AFTER_AQ_AND_6H_BEFORE_48H_COMPARISON
central__all_small_at_reported_max,2.815208901887217e-15,2.8090797036792714,C,6.0,473.15,MS,0.9497762552516996,0.8549317391464868,FROZEN_AFTER_AQ_AND_6H_BEFORE_48H_COMPARISON
central__all_small_at_reported_max,2.815208901887217e-15,2.8090797036792714,A,6.0,473.15,MIS,0.9096694238290265,0.8549317391464868,FROZEN_AFTER_AQ_AND_6H_BEFORE_48H_COMPARISON
central__all_small_at_reported_max,2.815208901887217e-15,2.8090797036792714,B,6.0,473.15,MIS,0.9096671557402466,0.8549317391464868,FROZEN_AFTER_AQ_AND_6H_BEFORE_48H_COMPARISON
central__all_small_at_reported_max,2.815208901887217e-15,2.8090797036792714,C,6.0,473.15,MIS,0.9096693993663453,0.8549317391464868,FROZEN_AFTER_AQ_AND_6H_BEFORE_48H_COMPARISON
central__all_small_at_reported_max,2.815208901887217e-15,2.8090797036792714,A,6.0,523.15,M0,0.8982482990675366,0.8542204211557212,FROZEN_AFTER_AQ_AND_6H_BEFORE_48H_COMPARISON
central__all_small_at_reported_max,2.815208901887217e-15,2.8090797036792714,B,6.0,523.15,M0,0.8982467956582632,0.8542204211557212,FROZEN_AFTER_AQ_AND_6H_BEFORE_48H_COMPARISON
central__all_small_at_reported_max,2.815208901887217e-15,2.8090797036792714,C,6.0,523.15,M0,0.8982488549736106,0.8542204211557212,FROZEN_AFTER_AQ_AND_6H_BEFORE_48H_COMPARISON
central__all_small_at_reported_max,2.815208901887217e-15,2.8090797036792714,A,6.0,523.15,MI,0.8620477087731034,0.8542204211557212,FROZEN_AFTER_AQ_AND_6H_BEFORE_48H_COMPARISON
central__all_small_at_reported_max,2.815208901887217e-15,2.8090797036792714,B,6.0,523.15,MI,0.8620462431083451,0.8542204211557212,FROZEN_AFTER_AQ_AND_6H_BEFORE_48H_COMPARISON
central__all_small_at_reported_max,2.815208901887217e-15,2.8090797036792714,C,6.0,523.15,MI,0.8620482512423917,0.8542204211557212,FROZEN_AFTER_AQ_AND_6H_BEFORE_48H_COMPARISON
central__all_small_at_reported_max,2.815208901887217e-15,2.8090797036792714,A,6.0,523.15,MS,0.8980547898189579,0.8542204211557212,FROZEN_AFTER_AQ_AND_6H_BEFORE_48H_COMPARISON
central__all_small_at_reported_max,2.815208901887217e-15,2.8090797036792714,B,6.0,523.15,MS,0.8980522378383938,0.8542204211557212,FROZEN_AFTER_AQ_AND_6H_BEFORE_48H_COMPARISON
central__all_small_at_reported_max,2.815208901887217e-15,2.8090797036792714,C,6.0,523.15,MS,0.8980543738146602,0.8542204211557212,FROZEN_AFTER_AQ_AND_6H_BEFORE_48H_COMPARISON
central__all_small_at_reported_max,2.815208901887217e-15,2.8090797036792714,A,6.0,523.15,MIS,0.8619276322021227,0.8542204211557212,FROZEN_AFTER_AQ_AND_6H_BEFORE_48H_COMPARISON
central__all_small_at_reported_max,2.815208901887217e-15,2.8090797036792714,B,6.0,523.15,MIS,0.8619255819580323,0.8542204211557212,FROZEN_AFTER_AQ_AND_6H_BEFORE_48H_COMPARISON
central__all_small_at_reported_max,2.815208901887217e-15,2.8090797036792714,C,6.0,523.15,MIS,0.8619275976608558,0.8542204211557212,FROZEN_AFTER_AQ_AND_6H_BEFORE_48H_COMPARISON
central__all_small_at_reported_max,2.815208901887217e-15,2.8090797036792714,A,6.0,573.15,M0,0.8518093397235574,0.85,FROZEN_AFTER_AQ_AND_6H_BEFORE_48H_COMPARISON
central__all_small_at_reported_max,2.815208901887217e-15,2.8090797036792714,B,6.0,573.15,M0,0.8518079852891609,0.85,FROZEN_AFTER_AQ_AND_6H_BEFORE_48H_COMPARISON
central__all_small_at_reported_max,2.815208901887217e-15,2.8090797036792714,C,6.0,573.15,M0,0.8518098405434512,0.85,FROZEN_AFTER_AQ_AND_6H_BEFORE_48H_COMPARISON
central__all_small_at_reported_max,2.815208901887217e-15,2.8090797036792714,A,6.0,573.15,MI,0.8190230737738664,0.85,FROZEN_AFTER_AQ_AND_6H_BEFORE_48H_COMPARISON
central__all_small_at_reported_max,2.815208901887217e-15,2.8090797036792714,B,6.0,573.15,MI,0.8190217512286188,0.85,FROZEN_AFTER_AQ_AND_6H_BEFORE_48H_COMPARISON
central__all_small_at_reported_max,2.815208901887217e-15,2.8090797036792714,C,6.0,573.15,MI,0.8190235632747627,0.85,FROZEN_AFTER_AQ_AND_6H_BEFORE_48H_COMPARISON
central__all_small_at_reported_max,2.815208901887217e-15,2.8090797036792714,A,6.0,573.15,MS,0.851634572230235,0.85,FROZEN_AFTER_AQ_AND_6H_BEFORE_48H_COMPARISON
central__all_small_at_reported_max,2.815208901887217e-15,2.8090797036792714,B,6.0,573.15,MS,0.8516322669902056,0.85,FROZEN_AFTER_AQ_AND_6H_BEFORE_48H_COMPARISON
central__all_small_at_reported_max,2.815208901887217e-15,2.8090797036792714,C,6.0,573.15,MS,0.8516341924127517,0.85,FROZEN_AFTER_AQ_AND_6H_BEFORE_48H_COMPARISON
central__all_small_at_reported_max,2.815208901887217e-15,2.8090797036792714,A,6.0,573.15,MIS,0.8189128449404985,0.85,FROZEN_AFTER_AQ_AND_6H_BEFORE_48H_COMPARISON
central__all_small_at_reported_max,2.815208901887217e-15,2.8090797036792714,B,6.0,573.15,MIS,0.8189109821123531,0.85,FROZEN_AFTER_AQ_AND_6H_BEFORE_48H_COMPARISON
central__all_small_at_reported_max,2.815208901887217e-15,2.8090797036792714,C,6.0,573.15,MIS,0.8189128028593881,0.85,FROZEN_AFTER_AQ_AND_6H_BEFORE_48H_COMPARISON
central__all_small_at_reported_max,2.815208901887217e-15,2.8090797036792714,A,48.0,303.15,M0,1.177350602240257,1.5171687885490504,FROZEN_AFTER_AQ_AND_6H_BEFORE_48H_COMPARISON
central__all_small_at_reported_max,2.815208901887217e-15,2.8090797036792714,B,48.0,303.15,M0,1.1756198189064617,1.5171687885490504,FROZEN_AFTER_AQ_AND_6H_BEFORE_48H_COMPARISON
central__all_small_at_reported_max,2.815208901887217e-15,2.8090797036792714,C,48.0,303.15,M0,1.1784700692278447,1.5171687885490504,FROZEN_AFTER_AQ_AND_6H_BEFORE_48H_COMPARISON
central__all_small_at_reported_max,2.815208901887217e-15,2.8090797036792714,A,48.0,303.15,MI,1.1526068604725608,1.5171687885490504,FROZEN_AFTER_AQ_AND_6H_BEFORE_48H_COMPARISON
central__all_small_at_reported_max,2.815208901887217e-15,2.8090797036792714,B,48.0,303.15,MI,1.148368126363945,1.5171687885490504,FROZEN_AFTER_AQ_AND_6H_BEFORE_48H_COMPARISON
central__all_small_at_reported_max,2.815208901887217e-15,2.8090797036792714,C,48.0,303.15,MI,1.156370958691375,1.5171687885490504,FROZEN_AFTER_AQ_AND_6H_BEFORE_48H_COMPARISON
central__all_small_at_reported_max,2.815208901887217e-15,2.8090797036792714,A,48.0,303.15,MS,1.177089792423639,1.5171687885490504,FROZEN_AFTER_AQ_AND_6H_BEFORE_48H_COMPARISON
central__all_small_at_reported_max,2.815208901887217e-15,2.8090797036792714,B,48.0,303.15,MS,1.175357591924712,1.5171687885490504,FROZEN_AFTER_AQ_AND_6H_BEFORE_48H_COMPARISON
central__all_small_at_reported_max,2.815208901887217e-15,2.8090797036792714,C,48.0,303.15,MS,1.1782240319137085,1.5171687885490504,FROZEN_AFTER_AQ_AND_6H_BEFORE_48H_COMPARISON
central__all_small_at_reported_max,2.815208901887217e-15,2.8090797036792714,A,48.0,303.15,MIS,1.152414071245573,1.5171687885490504,FROZEN_AFTER_AQ_AND_6H_BEFORE_48H_COMPARISON
central__all_small_at_reported_max,2.815208901887217e-15,2.8090797036792714,B,48.0,303.15,MIS,1.1481787303961997,1.5171687885490504,FROZEN_AFTER_AQ_AND_6H_BEFORE_48H_COMPARISON
central__all_small_at_reported_max,2.815208901887217e-15,2.8090797036792714,C,48.0,303.15,MIS,1.1561837907883274,1.5171687885490504,FROZEN_AFTER_AQ_AND_6H_BEFORE_48H_COMPARISON
central__all_small_at_reported_max,2.815208901887217e-15,2.8090797036792714,A,48.0,323.15,M0,1.1450073497800084,1.3578335586176062,FROZEN_AFTER_AQ_AND_6H_BEFORE_48H_COMPARISON
central__all_small_at_reported_max,2.815208901887217e-15,2.8090797036792714,B,48.0,323.15,M0,1.1433753048261808,1.3578335586176062,FROZEN_AFTER_AQ_AND_6H_BEFORE_48H_COMPARISON
central__all_small_at_reported_max,2.815208901887217e-15,2.8090797036792714,C,48.0,323.15,M0,1.1460547003686876,1.3578335586176062,FROZEN_AFTER_AQ_AND_6H_BEFORE_48H_COMPARISON
central__all_small_at_reported_max,2.815208901887217e-15,2.8090797036792714,A,48.0,323.15,MI,1.1215326673580137,1.3578335586176062,FROZEN_AFTER_AQ_AND_6H_BEFORE_48H_COMPARISON
central__all_small_at_reported_max,2.815208901887217e-15,2.8090797036792714,B,48.0,323.15,MI,1.1175213321091673,1.3578335586176062,FROZEN_AFTER_AQ_AND_6H_BEFORE_48H_COMPARISON
central__all_small_at_reported_max,2.815208901887217e-15,2.8090797036792714,C,48.0,323.15,MI,1.125088193646057,1.3578335586176062,FROZEN_AFTER_AQ_AND_6H_BEFORE_48H_COMPARISON
central__all_small_at_reported_max,2.815208901887217e-15,2.8090797036792714,A,48.0,323.15,MS,1.144758603975667,1.3578335586176062,FROZEN_AFTER_AQ_AND_6H_BEFORE_48H_COMPARISON
central__all_small_at_reported_max,2.815208901887217e-15,2.8090797036792714,B,48.0,323.15,MS,1.143125438041844,1.3578335586176062,FROZEN_AFTER_AQ_AND_6H_BEFORE_48H_COMPARISON
central__all_small_at_reported_max,2.815208901887217e-15,2.8090797036792714,C,48.0,323.15,MS,1.145819779021249,1.3578335586176062,FROZEN_AFTER_AQ_AND_6H_BEFORE_48H_COMPARISON
central__all_small_at_reported_max,2.815208901887217e-15,2.8090797036792714,A,48.0,323.15,MIS,1.1213479704287492,1.3578335586176062,FROZEN_AFTER_AQ_AND_6H_BEFORE_48H_COMPARISON
central__all_small_at_reported_max,2.815208901887217e-15,2.8090797036792714,B,48.0,323.15,MIS,1.1173399629028993,1.3578335586176062,FROZEN_AFTER_AQ_AND_6H_BEFORE_48H_COMPARISON
central__all_small_at_reported_max,2.815208901887217e-15,2.8090797036792714,C,48.0,323.15,MIS,1.124908790831486,1.3578335586176062,FROZEN_AFTER_AQ_AND_6H_BEFORE_48H_COMPARISON
central__all_small_at_reported_max,2.815208901887217e-15,2.8090797036792714,A,48.0,373.15,M0,1.07114228300548,1.1846276278662375,FROZEN_AFTER_AQ_AND_6H_BEFORE_48H_COMPARISON
central__all_small_at_reported_max,2.815208901887217e-15,2.8090797036792714,B,48.0,373.15,M0,1.0697239511207346,1.1846276278662375,FROZEN_AFTER_AQ_AND_6H_BEFORE_48H_COMPARISON
central__all_small_at_reported_max,2.815208901887217e-15,2.8090797036792714,C,48.0,373.15,M0,1.0720359067717387,1.1846276278662375,FROZEN_AFTER_AQ_AND_6H_BEFORE_48H_COMPARISON
central__all_small_at_reported_max,2.815208901887217e-15,2.8090797036792714,A,48.0,373.15,MI,1.0504381967207754,1.1846276278662375,FROZEN_AFTER_AQ_AND_6H_BEFORE_48H_COMPARISON
central__all_small_at_reported_max,2.815208901887217e-15,2.8090797036792714,B,48.0,373.15,MI,1.0469216493736022,1.1846276278662375,FROZEN_AFTER_AQ_AND_6H_BEFORE_48H_COMPARISON
central__all_small_at_reported_max,2.815208901887217e-15,2.8090797036792714,C,48.0,373.15,MI,1.0535419414518128,1.1846276278662375,FROZEN_AFTER_AQ_AND_6H_BEFORE_48H_COMPARISON
central__all_small_at_reported_max,2.815208901887217e-15,2.8090797036792714,A,48.0,373.15,MS,1.070920141874706,1.1846276278662375,FROZEN_AFTER_AQ_AND_6H_BEFORE_48H_COMPARISON
central__all_small_at_reported_max,2.815208901887217e-15,2.8090797036792714,B,48.0,373.15,MS,1.0695012922311722,1.1846276278662375,FROZEN_AFTER_AQ_AND_6H_BEFORE_48H_COMPARISON
central__all_small_at_reported_max,2.815208901887217e-15,2.8090797036792714,C,48.0,373.15,MS,1.0718255578718734,1.1846276278662375,FROZEN_AFTER_AQ_AND_6H_BEFORE_48H_COMPARISON
central__all_small_at_reported_max,2.815208901887217e-15,2.8090797036792714,A,48.0,373.15,MIS,1.0502715157694835,1.1846276278662375,FROZEN_AFTER_AQ_AND_6H_BEFORE_48H_COMPARISON
central__all_small_at_reported_max,2.815208901887217e-15,2.8090797036792714,B,48.0,373.15,MIS,1.0467581381596445,1.1846276278662375,FROZEN_AFTER_AQ_AND_6H_BEFORE_48H_COMPARISON
central__all_small_at_reported_max,2.815208901887217e-15,2.8090797036792714,C,48.0,373.15,MIS,1.053379840856176,1.1846276278662375,FROZEN_AFTER_AQ_AND_6H_BEFORE_48H_COMPARISON
central__all_small_at_reported_max,2.815208901887217e-15,2.8090797036792714,A,48.0,423.15,M0,1.0060021605206464,1.0846874501637025,FROZEN_AFTER_AQ_AND_6H_BEFORE_48H_COMPARISON
central__all_small_at_reported_max,2.815208901887217e-15,2.8090797036792714,B,48.0,423.15,M0,1.0047588850958256,1.0846874501637025,FROZEN_AFTER_AQ_AND_6H_BEFORE_48H_COMPARISON
central__all_small_at_reported_max,2.815208901887217e-15,2.8090797036792714,C,48.0,423.15,M0,1.0067724139006797,1.0846874501637025,FROZEN_AFTER_AQ_AND_6H_BEFORE_48H_COMPARISON
central__all_small_at_reported_max,2.815208901887217e-15,2.8090797036792714,A,48.0,423.15,MI,0.9875986354965235,1.0846874501637025,FROZEN_AFTER_AQ_AND_6H_BEFORE_48H_COMPARISON
central__all_small_at_reported_max,2.815208901887217e-15,2.8090797036792714,B,48.0,423.15,MI,0.9844906926611046,1.0846874501637025,FROZEN_AFTER_AQ_AND_6H_BEFORE_48H_COMPARISON
central__all_small_at_reported_max,2.815208901887217e-15,2.8090797036792714,C,48.0,423.15,MI,0.990331438321396,1.0846874501637025,FROZEN_AFTER_AQ_AND_6H_BEFORE_48H_COMPARISON
central__all_small_at_reported_max,2.815208901887217e-15,2.8090797036792714,A,48.0,423.15,MS,1.0058024234400977,1.0846874501637025,FROZEN_AFTER_AQ_AND_6H_BEFORE_48H_COMPARISON
central__all_small_at_reported_max,2.815208901887217e-15,2.8090797036792714,B,48.0,423.15,MS,1.004559081270069,1.0846874501637025,FROZEN_AFTER_AQ_AND_6H_BEFORE_48H_COMPARISON
central__all_small_at_reported_max,2.815208901887217e-15,2.8090797036792714,C,48.0,423.15,MS,1.0065828244210533,1.0846874501637025,FROZEN_AFTER_AQ_AND_6H_BEFORE_48H_COMPARISON
central__all_small_at_reported_max,2.815208901887217e-15,2.8090797036792714,A,48.0,423.15,MIS,0.9874473221424677,1.0846874501637025,FROZEN_AFTER_AQ_AND_6H_BEFORE_48H_COMPARISON
central__all_small_at_reported_max,2.815208901887217e-15,2.8090797036792714,B,48.0,423.15,MIS,0.9843423997373055,1.0846874501637025,FROZEN_AFTER_AQ_AND_6H_BEFORE_48H_COMPARISON
central__all_small_at_reported_max,2.815208901887217e-15,2.8090797036792714,C,48.0,423.15,MIS,0.9901841143243674,1.0846874501637025,FROZEN_AFTER_AQ_AND_6H_BEFORE_48H_COMPARISON
central__all_small_at_reported_max,2.815208901887217e-15,2.8090797036792714,A,48.0,473.15,M0,0.9482106002630288,1.08433179116832,FROZEN_AFTER_AQ_AND_6H_BEFORE_48H_COMPARISON
central__all_small_at_reported_max,2.815208901887217e-15,2.8090797036792714,B,48.0,473.15,M0,0.9471122679382226,1.08433179116832,FROZEN_AFTER_AQ_AND_6H_BEFORE_48H_COMPARISON
central__all_small_at_reported_max,2.815208901887217e-15,2.8090797036792714,C,48.0,473.15,M0,0.948880590457632,1.08433179116832,FROZEN_AFTER_AQ_AND_6H_BEFORE_48H_COMPARISON
central__all_small_at_reported_max,2.815208901887217e-15,2.8090797036792714,A,48.0,473.15,MI,0.9317385891699881,1.08433179116832,FROZEN_AFTER_AQ_AND_6H_BEFORE_48H_COMPARISON
central__all_small_at_reported_max,2.815208901887217e-15,2.8090797036792714,B,48.0,473.15,MI,0.928971749982632,1.08433179116832,FROZEN_AFTER_AQ_AND_6H_BEFORE_48H_COMPARISON
central__all_small_at_reported_max,2.815208901887217e-15,2.8090797036792714,C,48.0,473.15,MI,0.9341632816061255,1.08433179116832,FROZEN_AFTER_AQ_AND_6H_BEFORE_48H_COMPARISON
central__all_small_at_reported_max,2.815208901887217e-15,2.8090797036792714,A,48.0,473.15,MS,0.9480299232488552,1.08433179116832,FROZEN_AFTER_AQ_AND_6H_BEFORE_48H_COMPARISON
central__all_small_at_reported_max,2.815208901887217e-15,2.8090797036792714,B,48.0,473.15,MS,0.9469318634137379,1.08433179116832,FROZEN_AFTER_AQ_AND_6H_BEFORE_48H_COMPARISON
central__all_small_at_reported_max,2.815208901887217e-15,2.8090797036792714,C,48.0,473.15,MS,0.9487087139306074,1.08433179116832,FROZEN_AFTER_AQ_AND_6H_BEFORE_48H_COMPARISON
central__all_small_at_reported_max,2.815208901887217e-15,2.8090797036792714,A,48.0,473.15,MIS,0.9316005048025575,1.08433179116832,FROZEN_AFTER_AQ_AND_6H_BEFORE_48H_COMPARISON
central__all_small_at_reported_max,2.815208901887217e-15,2.8090797036792714,B,48.0,473.15,MIS,0.9288365454853567,1.08433179116832,FROZEN_AFTER_AQ_AND_6H_BEFORE_48H_COMPARISON
central__all_small_at_reported_max,2.815208901887217e-15,2.8090797036792714,C,48.0,473.15,MIS,0.9340286926740673,1.08433179116832,FROZEN_AFTER_AQ_AND_6H_BEFORE_48H_COMPARISON
central__all_small_at_reported_max,2.815208901887217e-15,2.8090797036792714,A,48.0,523.15,M0,0.8966314385198914,1.0405857347362493,FROZEN_AFTER_AQ_AND_6H_BEFORE_48H_COMPARISON
central__all_small_at_reported_max,2.815208901887217e-15,2.8090797036792714,B,48.0,523.15,M0,0.8956543449486759,1.0405857347362493,FROZEN_AFTER_AQ_AND_6H_BEFORE_48H_COMPARISON
central__all_small_at_reported_max,2.815208901887217e-15,2.8090797036792714,C,48.0,523.15,M0,0.8972189892995885,1.0405857347362493,FROZEN_AFTER_AQ_AND_6H_BEFORE_48H_COMPARISON
central__all_small_at_reported_max,2.815208901887217e-15,2.8090797036792714,A,48.0,523.15,MI,0.8817972516126202,1.0405857347362493,FROZEN_AFTER_AQ_AND_6H_BEFORE_48H_COMPARISON
central__all_small_at_reported_max,2.815208901887217e-15,2.8090797036792714,B,48.0,523.15,MI,0.8793180159824914,1.0405857347362493,FROZEN_AFTER_AQ_AND_6H_BEFORE_48H_COMPARISON
central__all_small_at_reported_max,2.815208901887217e-15,2.8090797036792714,C,48.0,523.15,MI,0.8839633181842843,1.0405857347362493,FROZEN_AFTER_AQ_AND_6H_BEFORE_48H_COMPARISON
central__all_small_at_reported_max,2.815208901887217e-15,2.8090797036792714,A,48.0,523.15,MS,0.8964671241766496,1.0405857347362493,FROZEN_AFTER_AQ_AND_6H_BEFORE_48H_COMPARISON
central__all_small_at_reported_max,2.815208901887217e-15,2.8090797036792714,B,48.0,523.15,MS,0.8954905591051012,1.0405857347362493,FROZEN_AFTER_AQ_AND_6H_BEFORE_48H_COMPARISON
central__all_small_at_reported_max,2.815208901887217e-15,2.8090797036792714,C,48.0,523.15,MS,0.8970623601146992,1.0405857347362493,FROZEN_AFTER_AQ_AND_6H_BEFORE_48H_COMPARISON
central__all_small_at_reported_max,2.815208901887217e-15,2.8090797036792714,A,48.0,523.15,MIS,0.8816706483258949,1.0405857347362493,FROZEN_AFTER_AQ_AND_6H_BEFORE_48H_COMPARISON
central__all_small_at_reported_max,2.815208901887217e-15,2.8090797036792714,B,48.0,523.15,MIS,0.879194160561221,1.0405857347362493,FROZEN_AFTER_AQ_AND_6H_BEFORE_48H_COMPARISON
central__all_small_at_reported_max,2.815208901887217e-15,2.8090797036792714,C,48.0,523.15,MIS,0.8838397940420103,1.0405857347362493,FROZEN_AFTER_AQ_AND_6H_BEFORE_48H_COMPARISON
central__all_small_at_reported_max,2.815208901887217e-15,2.8090797036792714,A,48.0,573.15,M0,0.8503356315777258,1.03,FROZEN_AFTER_AQ_AND_6H_BEFORE_48H_COMPARISON
central__all_small_at_reported_max,2.815208901887217e-15,2.8090797036792714,B,48.0,573.15,M0,0.8494609080380457,1.03,FROZEN_AFTER_AQ_AND_6H_BEFORE_48H_COMPARISON
central__all_small_at_reported_max,2.815208901887217e-15,2.8090797036792714,C,48.0,573.15,M0,0.8508546726313034,1.03,FROZEN_AFTER_AQ_AND_6H_BEFORE_48H_COMPARISON
central__all_small_at_reported_max,2.815208901887217e-15,2.8090797036792714,A,48.0,573.15,MI,0.8369026417686094,1.03,FROZEN_AFTER_AQ_AND_6H_BEFORE_48H_COMPARISON
central__all_small_at_reported_max,2.815208901887217e-15,2.8090797036792714,B,48.0,573.15,MI,0.8346681095290179,1.03,FROZEN_AFTER_AQ_AND_6H_BEFORE_48H_COMPARISON
central__all_small_at_reported_max,2.815208901887217e-15,2.8090797036792714,C,48.0,573.15,MI,0.8388495462127524,1.03,FROZEN_AFTER_AQ_AND_6H_BEFORE_48H_COMPARISON
central__all_small_at_reported_max,2.815208901887217e-15,2.8090797036792714,A,48.0,573.15,MS,0.8501854782875281,1.03,FROZEN_AFTER_AQ_AND_6H_BEFORE_48H_COMPARISON
central__all_small_at_reported_max,2.815208901887217e-15,2.8090797036792714,B,48.0,573.15,MS,0.8493114765502257,1.03,FROZEN_AFTER_AQ_AND_6H_BEFORE_48H_COMPARISON
central__all_small_at_reported_max,2.815208901887217e-15,2.8090797036792714,C,48.0,573.15,MS,0.8507112721601218,1.03,FROZEN_AFTER_AQ_AND_6H_BEFORE_48H_COMPARISON
central__all_small_at_reported_max,2.815208901887217e-15,2.8090797036792714,A,48.0,573.15,MIS,0.836786075460222,1.03,FROZEN_AFTER_AQ_AND_6H_BEFORE_48H_COMPARISON
central__all_small_at_reported_max,2.815208901887217e-15,2.8090797036792714,B,48.0,573.15,MIS,0.8345541672883116,1.03,FROZEN_AFTER_AQ_AND_6H_BEFORE_48H_COMPARISON
central__all_small_at_reported_max,2.815208901887217e-15,2.8090797036792714,C,48.0,573.15,MIS,0.8387357054812636,1.03,FROZEN_AFTER_AQ_AND_6H_BEFORE_48H_COMPARISON
central__single_APT_37to6_prolate_AR10,2.802443954871466e-15,2.9329861534056336,A,6.0,303.15,M0,1.1824917842934375,1.2625169478550462,FROZEN_AFTER_AQ_AND_6H_BEFORE_48H_COMPARISON
central__single_APT_37to6_prolate_AR10,2.802443954871466e-15,2.9329861534056336,B,6.0,303.15,M0,1.182489207188435,1.2625169478550462,FROZEN_AFTER_AQ_AND_6H_BEFORE_48H_COMPARISON
central__single_APT_37to6_prolate_AR10,2.802443954871466e-15,2.9329861534056336,C,6.0,303.15,M0,1.182492737221838,1.2625169478550462,FROZEN_AFTER_AQ_AND_6H_BEFORE_48H_COMPARISON
central__single_APT_37to6_prolate_AR10,2.802443954871466e-15,2.9329861534056336,A,6.0,303.15,MI,1.1196127670308729,1.2625169478550462,FROZEN_AFTER_AQ_AND_6H_BEFORE_48H_COMPARISON
central__single_APT_37to6_prolate_AR10,2.802443954871466e-15,2.9329861534056336,B,6.0,303.15,MI,1.1196102831663943,1.2625169478550462,FROZEN_AFTER_AQ_AND_6H_BEFORE_48H_COMPARISON
central__single_APT_37to6_prolate_AR10,2.802443954871466e-15,2.9329861534056336,C,6.0,303.15,MI,1.1196136863620494,1.2625169478550462,FROZEN_AFTER_AQ_AND_6H_BEFORE_48H_COMPARISON
central__single_APT_37to6_prolate_AR10,2.802443954871466e-15,2.9329861534056336,A,6.0,303.15,MS,1.1821628926218601,1.2625169478550462,FROZEN_AFTER_AQ_AND_6H_BEFORE_48H_COMPARISON
central__single_APT_37to6_prolate_AR10,2.802443954871466e-15,2.9329861534056336,B,6.0,303.15,MS,1.1821585745370689,1.2625169478550462,FROZEN_AFTER_AQ_AND_6H_BEFORE_48H_COMPARISON
central__single_APT_37to6_prolate_AR10,2.802443954871466e-15,2.9329861534056336,C,6.0,303.15,MS,1.1821622195847512,1.2625169478550462,FROZEN_AFTER_AQ_AND_6H_BEFORE_48H_COMPARISON
central__single_APT_37to6_prolate_AR10,2.802443954871466e-15,2.9329861534056336,A,6.0,303.15,MIS,1.1194301765868857,1.2625169478550462,FROZEN_AFTER_AQ_AND_6H_BEFORE_48H_COMPARISON
central__single_APT_37to6_prolate_AR10,2.802443954871466e-15,2.9329861534056336,B,6.0,303.15,MIS,1.1194268390161906,1.2625169478550462,FROZEN_AFTER_AQ_AND_6H_BEFORE_48H_COMPARISON
central__single_APT_37to6_prolate_AR10,2.802443954871466e-15,2.9329861534056336,C,6.0,303.15,MIS,1.1194302353906238,1.2625169478550462,FROZEN_AFTER_AQ_AND_6H_BEFORE_48H_COMPARISON
central__single_APT_37to6_prolate_AR10,2.802443954871466e-15,2.9329861534056336,A,6.0,323.15,M0,1.1498889246881419,1.0882440401175293,FROZEN_AFTER_AQ_AND_6H_BEFORE_48H_COMPARISON
central__single_APT_37to6_prolate_AR10,2.802443954871466e-15,2.9329861534056336,B,6.0,323.15,M0,1.1498864847541104,1.0882440401175293,FROZEN_AFTER_AQ_AND_6H_BEFORE_48H_COMPARISON
central__single_APT_37to6_prolate_AR10,2.802443954871466e-15,2.9329861534056336,C,6.0,323.15,M0,1.1498898268942097,1.0882440401175293,FROZEN_AFTER_AQ_AND_6H_BEFORE_48H_COMPARISON
central__single_APT_37to6_prolate_AR10,2.802443954871466e-15,2.9329861534056336,A,6.0,323.15,MI,1.0902326326554335,1.0882440401175293,FROZEN_AFTER_AQ_AND_6H_BEFORE_48H_COMPARISON
central__single_APT_37to6_prolate_AR10,2.802443954871466e-15,2.9329861534056336,B,6.0,323.15,MI,1.0902302781928959,1.0882440401175293,FROZEN_AFTER_AQ_AND_6H_BEFORE_48H_COMPARISON
central__single_APT_37to6_prolate_AR10,2.802443954871466e-15,2.9329861534056336,C,6.0,323.15,MI,1.0902335040939533,1.0882440401175293,FROZEN_AFTER_AQ_AND_6H_BEFORE_48H_COMPARISON
central__single_APT_37to6_prolate_AR10,2.802443954871466e-15,2.9329861534056336,A,6.0,323.15,MS,1.1495774479091396,1.0882440401175293,FROZEN_AFTER_AQ_AND_6H_BEFORE_48H_COMPARISON
central__single_APT_37to6_prolate_AR10,2.802443954871466e-15,2.9329861534056336,B,6.0,323.15,MS,1.1495733548761118,1.0882440401175293,FROZEN_AFTER_AQ_AND_6H_BEFORE_48H_COMPARISON
central__single_APT_37to6_prolate_AR10,2.802443954871466e-15,2.9329861534056336,C,6.0,323.15,MS,1.1495768078448831,1.0882440401175293,FROZEN_AFTER_AQ_AND_6H_BEFORE_48H_COMPARISON
central__single_APT_37to6_prolate_AR10,2.802443954871466e-15,2.9329861534056336,A,6.0,323.15,MIS,1.0900579163670179,1.0882440401175293,FROZEN_AFTER_AQ_AND_6H_BEFORE_48H_COMPARISON
central__single_APT_37to6_prolate_AR10,2.802443954871466e-15,2.9329861534056336,B,6.0,323.15,MIS,1.090054741848105,1.0882440401175293,FROZEN_AFTER_AQ_AND_6H_BEFORE_48H_COMPARISON
central__single_APT_37to6_prolate_AR10,2.802443954871466e-15,2.9329861534056336,C,6.0,323.15,MIS,1.0900579629075893,1.0882440401175293,FROZEN_AFTER_AQ_AND_6H_BEFORE_48H_COMPARISON
central__single_APT_37to6_prolate_AR10,2.802443954871466e-15,2.9329861534056336,A,6.0,373.15,M0,1.0754548137045394,0.9630520737428236,FROZEN_AFTER_AQ_AND_6H_BEFORE_48H_COMPARISON
central__single_APT_37to6_prolate_AR10,2.802443954871466e-15,2.9329861534056336,B,6.0,373.15,M0,1.075452673376704,0.9630520737428236,FROZEN_AFTER_AQ_AND_6H_BEFORE_48H_COMPARISON
central__single_APT_37to6_prolate_AR10,2.802443954871466e-15,2.9329861534056336,C,6.0,373.15,M0,1.0754556051242754,0.9630520737428236,FROZEN_AFTER_AQ_AND_6H_BEFORE_48H_COMPARISON
central__single_APT_37to6_prolate_AR10,2.802443954871466e-15,2.9329861534056336,A,6.0,373.15,MI,1.0228343783625826,0.9630520737428236,FROZEN_AFTER_AQ_AND_6H_BEFORE_48H_COMPARISON
central__single_APT_37to6_prolate_AR10,2.802443954871466e-15,2.9329861534056336,B,6.0,373.15,MI,1.0228323074164216,0.9630520737428236,FROZEN_AFTER_AQ_AND_6H_BEFORE_48H_COMPARISON
central__single_APT_37to6_prolate_AR10,2.802443954871466e-15,2.9329861534056336,C,6.0,373.15,MI,1.0228351448697013,0.9630520737428236,FROZEN_AFTER_AQ_AND_6H_BEFORE_48H_COMPARISON
central__single_APT_37to6_prolate_AR10,2.802443954871466e-15,2.9329861534056336,A,6.0,373.15,MS,1.0751811970372835,0.9630520737428236,FROZEN_AFTER_AQ_AND_6H_BEFORE_48H_COMPARISON
central__single_APT_37to6_prolate_AR10,2.802443954871466e-15,2.9329861534056336,B,6.0,373.15,MS,1.0751775957840293,0.9630520737428236,FROZEN_AFTER_AQ_AND_6H_BEFORE_48H_COMPARISON
central__single_APT_37to6_prolate_AR10,2.802443954871466e-15,2.9329861534056336,C,6.0,373.15,MS,1.07518062855065,0.9630520737428236,FROZEN_AFTER_AQ_AND_6H_BEFORE_48H_COMPARISON
central__single_APT_37to6_prolate_AR10,2.802443954871466e-15,2.9329861534056336,A,6.0,373.15,MIS,1.0226771686035168,0.9630520737428236,FROZEN_AFTER_AQ_AND_6H_BEFORE_48H_COMPARISON
central__single_APT_37to6_prolate_AR10,2.802443954871466e-15,2.9329861534056336,B,6.0,373.15,MIS,1.0226743529874645,0.9630520737428236,FROZEN_AFTER_AQ_AND_6H_BEFORE_48H_COMPARISON
central__single_APT_37to6_prolate_AR10,2.802443954871466e-15,2.9329861534056336,C,6.0,373.15,MIS,1.0226771896519558,0.9630520737428236,FROZEN_AFTER_AQ_AND_6H_BEFORE_48H_COMPARISON
central__single_APT_37to6_prolate_AR10,2.802443954871466e-15,2.9329861534056336,A,6.0,423.15,M0,1.0098395850823023,0.8755599608786824,FROZEN_AFTER_AQ_AND_6H_BEFORE_48H_COMPARISON
central__single_APT_37to6_prolate_AR10,2.802443954871466e-15,2.9329861534056336,B,6.0,423.15,M0,1.0098376931740565,0.8755599608786824,FROZEN_AFTER_AQ_AND_6H_BEFORE_48H_COMPARISON
central__single_APT_37to6_prolate_AR10,2.802443954871466e-15,2.9329861534056336,C,6.0,423.15,M0,1.0098402846435426,0.8755599608786824,FROZEN_AFTER_AQ_AND_6H_BEFORE_48H_COMPARISON
central__single_APT_37to6_prolate_AR10,2.802443954871466e-15,2.9329861534056336,A,6.0,423.15,MI,0.9630612385580817,0.8755599608786824,FROZEN_AFTER_AQ_AND_6H_BEFORE_48H_COMPARISON
central__single_APT_37to6_prolate_AR10,2.802443954871466e-15,2.9329861534056336,B,6.0,423.15,MI,0.9630594036333466,0.8755599608786824,FROZEN_AFTER_AQ_AND_6H_BEFORE_48H_COMPARISON
central__single_APT_37to6_prolate_AR10,2.802443954871466e-15,2.9329861534056336,C,6.0,423.15,MI,0.9630619177120203,0.8755599608786824,FROZEN_AFTER_AQ_AND_6H_BEFORE_48H_COMPARISON
central__single_APT_37to6_prolate_AR10,2.802443954871466e-15,2.9329861534056336,A,6.0,423.15,MS,1.0095972422689452,0.8755599608786824,FROZEN_AFTER_AQ_AND_6H_BEFORE_48H_COMPARISON
central__single_APT_37to6_prolate_AR10,2.802443954871466e-15,2.9329861534056336,B,6.0,423.15,MS,1.0095940494279105,0.8755599608786824,FROZEN_AFTER_AQ_AND_6H_BEFORE_48H_COMPARISON
central__single_APT_37to6_prolate_AR10,2.802443954871466e-15,2.9329861534056336,C,6.0,423.15,MS,1.0095967330241218,0.8755599608786824,FROZEN_AFTER_AQ_AND_6H_BEFORE_48H_COMPARISON
central__single_APT_37to6_prolate_AR10,2.802443954871466e-15,2.9329861534056336,A,6.0,423.15,MIS,0.9629189316992238,0.8755599608786824,FROZEN_AFTER_AQ_AND_6H_BEFORE_48H_COMPARISON
central__single_APT_37to6_prolate_AR10,2.802443954871466e-15,2.9329861534056336,B,6.0,423.15,MIS,0.96291641696142,0.8755599608786824,FROZEN_AFTER_AQ_AND_6H_BEFORE_48H_COMPARISON
central__single_APT_37to6_prolate_AR10,2.802443954871466e-15,2.9329861534056336,C,6.0,423.15,MIS,0.9629189332871676,0.8755599608786824,FROZEN_AFTER_AQ_AND_6H_BEFORE_48H_COMPARISON
central__single_APT_37to6_prolate_AR10,2.802443954871466e-15,2.9329861534056336,A,6.0,473.15,M0,0.9516472203382289,0.8549317391464868,FROZEN_AFTER_AQ_AND_6H_BEFORE_48H_COMPARISON
central__single_APT_37to6_prolate_AR10,2.802443954871466e-15,2.9329861534056336,B,6.0,473.15,M0,0.9516455363853079,0.8549317391464868,FROZEN_AFTER_AQ_AND_6H_BEFORE_48H_COMPARISON
central__single_APT_37to6_prolate_AR10,2.802443954871466e-15,2.9329861534056336,C,6.0,473.15,M0,0.9516478430037754,0.8549317391464868,FROZEN_AFTER_AQ_AND_6H_BEFORE_48H_COMPARISON
central__single_APT_37to6_prolate_AR10,2.802443954871466e-15,2.9329861534056336,A,6.0,473.15,MI,0.9097735962453839,0.8549317391464868,FROZEN_AFTER_AQ_AND_6H_BEFORE_48H_COMPARISON
central__single_APT_37to6_prolate_AR10,2.802443954871466e-15,2.9329861534056336,B,6.0,473.15,MI,0.9097719595850596,0.8549317391464868,FROZEN_AFTER_AQ_AND_6H_BEFORE_48H_COMPARISON
central__single_APT_37to6_prolate_AR10,2.802443954871466e-15,2.9329861534056336,C,6.0,473.15,MI,0.9097742020201368,0.8549317391464868,FROZEN_AFTER_AQ_AND_6H_BEFORE_48H_COMPARISON
central__single_APT_37to6_prolate_AR10,2.802443954871466e-15,2.9329861534056336,A,6.0,473.15,MS,0.9514310198364169,0.8549317391464868,FROZEN_AFTER_AQ_AND_6H_BEFORE_48H_COMPARISON
central__single_APT_37to6_prolate_AR10,2.802443954871466e-15,2.9329861534056336,B,6.0,473.15,MS,0.9514281696410531,0.8549317391464868,FROZEN_AFTER_AQ_AND_6H_BEFORE_48H_COMPARISON
central__single_APT_37to6_prolate_AR10,2.802443954871466e-15,2.9329861534056336,C,6.0,473.15,MS,0.9514305603585541,0.8549317391464868,FROZEN_AFTER_AQ_AND_6H_BEFORE_48H_COMPARISON
central__single_APT_37to6_prolate_AR10,2.802443954871466e-15,2.9329861534056336,A,6.0,473.15,MIS,0.9096440922316421,0.8549317391464868,FROZEN_AFTER_AQ_AND_6H_BEFORE_48H_COMPARISON
central__single_APT_37to6_prolate_AR10,2.802443954871466e-15,2.9329861534056336,B,6.0,473.15,MIS,0.909641832033014,0.8549317391464868,FROZEN_AFTER_AQ_AND_6H_BEFORE_48H_COMPARISON
central__single_APT_37to6_prolate_AR10,2.802443954871466e-15,2.9329861534056336,C,6.0,473.15,MIS,0.909644078985557,0.8549317391464868,FROZEN_AFTER_AQ_AND_6H_BEFORE_48H_COMPARISON
central__single_APT_37to6_prolate_AR10,2.802443954871466e-15,2.9329861534056336,A,6.0,523.15,M0,0.899726829591742,0.8542204211557212,FROZEN_AFTER_AQ_AND_6H_BEFORE_48H_COMPARISON
central__single_APT_37to6_prolate_AR10,2.802443954871466e-15,2.9329861534056336,B,6.0,523.15,M0,0.8997253213193328,0.8542204211557212,FROZEN_AFTER_AQ_AND_6H_BEFORE_48H_COMPARISON
central__single_APT_37to6_prolate_AR10,2.802443954871466e-15,2.9329861534056336,C,6.0,523.15,M0,0.8997273872960488,0.8542204211557212,FROZEN_AFTER_AQ_AND_6H_BEFORE_48H_COMPARISON
central__single_APT_37to6_prolate_AR10,2.802443954871466e-15,2.9329861534056336,A,6.0,523.15,MI,0.8620119654842544,0.8542204211557212,FROZEN_AFTER_AQ_AND_6H_BEFORE_48H_COMPARISON
central__single_APT_37to6_prolate_AR10,2.802443954871466e-15,2.9329861534056336,B,6.0,523.15,MI,0.8620104968302664,0.8542204211557212,FROZEN_AFTER_AQ_AND_6H_BEFORE_48H_COMPARISON
central__single_APT_37to6_prolate_AR10,2.802443954871466e-15,2.9329861534056336,C,6.0,523.15,MI,0.8620125090783799,0.8542204211557212,FROZEN_AFTER_AQ_AND_6H_BEFORE_48H_COMPARISON
central__single_APT_37to6_prolate_AR10,2.802443954871466e-15,2.9329861534056336,A,6.0,523.15,MS,0.8995327122935477,0.8542204211557212,FROZEN_AFTER_AQ_AND_6H_BEFORE_48H_COMPARISON
central__single_APT_37to6_prolate_AR10,2.802443954871466e-15,2.9329861534056336,B,6.0,523.15,MS,0.8995301522871249,0.8542204211557212,FROZEN_AFTER_AQ_AND_6H_BEFORE_48H_COMPARISON
central__single_APT_37to6_prolate_AR10,2.802443954871466e-15,2.9329861534056336,C,6.0,523.15,MS,0.8995322951298947,0.8542204211557212,FROZEN_AFTER_AQ_AND_6H_BEFORE_48H_COMPARISON
central__single_APT_37to6_prolate_AR10,2.802443954871466e-15,2.9329861534056336,A,6.0,523.15,MIS,0.8618935501907267,0.8542204211557212,FROZEN_AFTER_AQ_AND_6H_BEFORE_48H_COMPARISON
central__single_APT_37to6_prolate_AR10,2.802443954871466e-15,2.9329861534056336,B,6.0,523.15,MIS,0.8618915071978235,0.8542204211557212,FROZEN_AFTER_AQ_AND_6H_BEFORE_48H_COMPARISON
central__single_APT_37to6_prolate_AR10,2.802443954871466e-15,2.9329861534056336,C,6.0,523.15,MIS,0.8618935256524201,0.8542204211557212,FROZEN_AFTER_AQ_AND_6H_BEFORE_48H_COMPARISON
central__single_APT_37to6_prolate_AR10,2.802443954871466e-15,2.9329861534056336,A,6.0,573.15,M0,0.8531381291102582,0.85,FROZEN_AFTER_AQ_AND_6H_BEFORE_48H_COMPARISON
central__single_APT_37to6_prolate_AR10,2.802443954871466e-15,2.9329861534056336,B,6.0,573.15,M0,0.8531367705195656,0.85,FROZEN_AFTER_AQ_AND_6H_BEFORE_48H_COMPARISON
central__single_APT_37to6_prolate_AR10,2.802443954871466e-15,2.9329861534056336,C,6.0,573.15,M0,0.8531386314670152,0.85,FROZEN_AFTER_AQ_AND_6H_BEFORE_48H_COMPARISON
central__single_APT_37to6_prolate_AR10,2.802443954871466e-15,2.9329861534056336,A,6.0,573.15,MI,0.8189810295043236,0.85,FROZEN_AFTER_AQ_AND_6H_BEFORE_48H_COMPARISON
central__single_APT_37to6_prolate_AR10,2.802443954871466e-15,2.9329861534056336,B,6.0,573.15,MI,0.8189797043826886,0.85,FROZEN_AFTER_AQ_AND_6H_BEFORE_48H_COMPARISON
central__single_APT_37to6_prolate_AR10,2.802443954871466e-15,2.9329861534056336,C,6.0,573.15,MI,0.818981519975665,0.85,FROZEN_AFTER_AQ_AND_6H_BEFORE_48H_COMPARISON
central__single_APT_37to6_prolate_AR10,2.802443954871466e-15,2.9329861534056336,A,6.0,573.15,MS,0.8529628408250167,0.85,FROZEN_AFTER_AQ_AND_6H_BEFORE_48H_COMPARISON
central__single_APT_37to6_prolate_AR10,2.802443954871466e-15,2.9329861534056336,B,6.0,573.15,MS,0.8529605287047626,0.85,FROZEN_AFTER_AQ_AND_6H_BEFORE_48H_COMPARISON
central__single_APT_37to6_prolate_AR10,2.802443954871466e-15,2.9329861534056336,C,6.0,573.15,MS,0.8529624600052089,0.85,FROZEN_AFTER_AQ_AND_6H_BEFORE_48H_COMPARISON
central__single_APT_37to6_prolate_AR10,2.802443954871466e-15,2.9329861534056336,A,6.0,573.15,MIS,0.8188722887329623,0.85,FROZEN_AFTER_AQ_AND_6H_BEFORE_48H_COMPARISON
central__single_APT_37to6_prolate_AR10,2.802443954871466e-15,2.9329861534056336,B,6.0,573.15,MIS,0.8188704325781857,0.85,FROZEN_AFTER_AQ_AND_6H_BEFORE_48H_COMPARISON
central__single_APT_37to6_prolate_AR10,2.802443954871466e-15,2.9329861534056336,C,6.0,573.15,MIS,0.8188722556217187,0.85,FROZEN_AFTER_AQ_AND_6H_BEFORE_48H_COMPARISON
central__single_APT_37to6_prolate_AR10,2.802443954871466e-15,2.9329861534056336,A,48.0,303.15,M0,1.1799070274143397,1.5171687885490504,FROZEN_AFTER_AQ_AND_6H_BEFORE_48H_COMPARISON
central__single_APT_37to6_prolate_AR10,2.802443954871466e-15,2.9329861534056336,B,48.0,303.15,M0,1.178168305156528,1.5171687885490504,FROZEN_AFTER_AQ_AND_6H_BEFORE_48H_COMPARISON
central__single_APT_37to6_prolate_AR10,2.802443954871466e-15,2.9329861534056336,C,48.0,303.15,M0,1.1810322961404291,1.5171687885490504,FROZEN_AFTER_AQ_AND_6H_BEFORE_48H_COMPARISON
central__single_APT_37to6_prolate_AR10,2.802443954871466e-15,2.9329861534056336,A,48.0,303.15,MI,1.1540420348092335,1.5171687885490504,FROZEN_AFTER_AQ_AND_6H_BEFORE_48H_COMPARISON
central__single_APT_37to6_prolate_AR10,2.802443954871466e-15,2.9329861534056336,B,48.0,303.15,MI,1.1496895997259866,1.5171687885490504,FROZEN_AFTER_AQ_AND_6H_BEFORE_48H_COMPARISON
central__single_APT_37to6_prolate_AR10,2.802443954871466e-15,2.9329861534056336,C,48.0,303.15,MI,1.1579244986919621,1.5171687885490504,FROZEN_AFTER_AQ_AND_6H_BEFORE_48H_COMPARISON
central__single_APT_37to6_prolate_AR10,2.802443954871466e-15,2.9329861534056336,A,48.0,303.15,MS,1.17964527656192,1.5171687885490504,FROZEN_AFTER_AQ_AND_6H_BEFORE_48H_COMPARISON
central__single_APT_37to6_prolate_AR10,2.802443954871466e-15,2.9329861534056336,B,48.0,303.15,MS,1.177905113469688,1.5171687885490504,FROZEN_AFTER_AQ_AND_6H_BEFORE_48H_COMPARISON
central__single_APT_37to6_prolate_AR10,2.802443954871466e-15,2.9329861534056336,C,48.0,303.15,MS,1.1807853923878087,1.5171687885490504,FROZEN_AFTER_AQ_AND_6H_BEFORE_48H_COMPARISON
central__single_APT_37to6_prolate_AR10,2.802443954871466e-15,2.9329861534056336,A,48.0,303.15,MIS,1.1538508274444168,1.5171687885490504,FROZEN_AFTER_AQ_AND_6H_BEFORE_48H_COMPARISON
central__single_APT_37to6_prolate_AR10,2.802443954871466e-15,2.9329861534056336,B,48.0,303.15,MIS,1.149501890929851,1.5171687885490504,FROZEN_AFTER_AQ_AND_6H_BEFORE_48H_COMPARISON
central__single_APT_37to6_prolate_AR10,2.802443954871466e-15,2.9329861534056336,C,48.0,303.15,MIS,1.1577386949804913,1.5171687885490504,FROZEN_AFTER_AQ_AND_6H_BEFORE_48H_COMPARISON
central__single_APT_37to6_prolate_AR10,2.802443954871466e-15,2.9329861534056336,A,48.0,323.15,M0,1.147422997444618,1.3578335586176062,FROZEN_AFTER_AQ_AND_6H_BEFORE_48H_COMPARISON
central__single_APT_37to6_prolate_AR10,2.802443954871466e-15,2.9329861534056336,B,48.0,323.15,M0,1.1457836869903415,1.3578335586176062,FROZEN_AFTER_AQ_AND_6H_BEFORE_48H_COMPARISON
central__single_APT_37to6_prolate_AR10,2.802443954871466e-15,2.9329861534056336,C,48.0,323.15,M0,1.1484756123253084,1.3578335586176062,FROZEN_AFTER_AQ_AND_6H_BEFORE_48H_COMPARISON
central__single_APT_37to6_prolate_AR10,2.802443954871466e-15,2.9329861534056336,A,48.0,323.15,MI,1.1228863358850183,1.3578335586176062,FROZEN_AFTER_AQ_AND_6H_BEFORE_48H_COMPARISON
central__single_APT_37to6_prolate_AR10,2.802443954871466e-15,2.9329861534056336,B,48.0,323.15,MI,1.118767443598012,1.3578335586176062,FROZEN_AFTER_AQ_AND_6H_BEFORE_48H_COMPARISON
central__single_APT_37to6_prolate_AR10,2.802443954871466e-15,2.9329861534056336,C,48.0,323.15,MI,1.1265538284455419,1.3578335586176062,FROZEN_AFTER_AQ_AND_6H_BEFORE_48H_COMPARISON
central__single_APT_37to6_prolate_AR10,2.802443954871466e-15,2.9329861534056336,A,48.0,323.15,MS,1.147173378094268,1.3578335586176062,FROZEN_AFTER_AQ_AND_6H_BEFORE_48H_COMPARISON
central__single_APT_37to6_prolate_AR10,2.802443954871466e-15,2.9329861534056336,B,48.0,323.15,MS,1.1455329256782003,1.3578335586176062,FROZEN_AFTER_AQ_AND_6H_BEFORE_48H_COMPARISON
central__single_APT_37to6_prolate_AR10,2.802443954871466e-15,2.9329861534056336,C,48.0,323.15,MS,1.1482398855229587,1.3578335586176062,FROZEN_AFTER_AQ_AND_6H_BEFORE_48H_COMPARISON
central__single_APT_37to6_prolate_AR10,2.802443954871466e-15,2.9329861534056336,A,48.0,323.15,MIS,1.122703142568533,1.3578335586176062,FROZEN_AFTER_AQ_AND_6H_BEFORE_48H_COMPARISON
central__single_APT_37to6_prolate_AR10,2.802443954871466e-15,2.9329861534056336,B,48.0,323.15,MIS,1.1185876761394205,1.3578335586176062,FROZEN_AFTER_AQ_AND_6H_BEFORE_48H_COMPARISON
central__single_APT_37to6_prolate_AR10,2.802443954871466e-15,2.9329861534056336,C,48.0,323.15,MIS,1.126375724731486,1.3578335586176062,FROZEN_AFTER_AQ_AND_6H_BEFORE_48H_COMPARISON
central__single_APT_37to6_prolate_AR10,2.802443954871466e-15,2.9329861534056336,A,48.0,373.15,M0,1.073252476643996,1.1846276278662375,FROZEN_AFTER_AQ_AND_6H_BEFORE_48H_COMPARISON
central__single_APT_37to6_prolate_AR10,2.802443954871466e-15,2.9329861534056336,B,48.0,373.15,M0,1.0718282636705168,1.1846276278662375,FROZEN_AFTER_AQ_AND_6H_BEFORE_48H_COMPARISON
central__single_APT_37to6_prolate_AR10,2.802443954871466e-15,2.9329861534056336,C,48.0,373.15,M0,1.0741502764016724,1.1846276278662375,FROZEN_AFTER_AQ_AND_6H_BEFORE_48H_COMPARISON
central__single_APT_37to6_prolate_AR10,2.802443954871466e-15,2.9329861534056336,A,48.0,373.15,MI,1.051615226353184,1.1846276278662375,FROZEN_AFTER_AQ_AND_6H_BEFORE_48H_COMPARISON
central__single_APT_37to6_prolate_AR10,2.802443954871466e-15,2.9329861534056336,B,48.0,373.15,MI,1.0480044371759358,1.1846276278662375,FROZEN_AFTER_AQ_AND_6H_BEFORE_48H_COMPARISON
central__single_APT_37to6_prolate_AR10,2.802443954871466e-15,2.9329861534056336,C,48.0,373.15,MI,1.0548170674746913,1.1846276278662375,FROZEN_AFTER_AQ_AND_6H_BEFORE_48H_COMPARISON
central__single_APT_37to6_prolate_AR10,2.802443954871466e-15,2.9329861534056336,A,48.0,373.15,MS,1.0730296040949139,1.1846276278662375,FROZEN_AFTER_AQ_AND_6H_BEFORE_48H_COMPARISON
central__single_APT_37to6_prolate_AR10,2.802443954871466e-15,2.9329861534056336,B,48.0,373.15,MS,1.0716048577359927,1.1846276278662375,FROZEN_AFTER_AQ_AND_6H_BEFORE_48H_COMPARISON
central__single_APT_37to6_prolate_AR10,2.802443954871466e-15,2.9329861534056336,C,48.0,373.15,MS,1.0739392508254944,1.1846276278662375,FROZEN_AFTER_AQ_AND_6H_BEFORE_48H_COMPARISON
central__single_APT_37to6_prolate_AR10,2.802443954871466e-15,2.9329861534056336,A,48.0,373.15,MIS,1.0514498760497697,1.1846276278662375,FROZEN_AFTER_AQ_AND_6H_BEFORE_48H_COMPARISON
central__single_APT_37to6_prolate_AR10,2.802443954871466e-15,2.9329861534056336,B,48.0,373.15,MIS,1.0478423394185437,1.1846276278662375,FROZEN_AFTER_AQ_AND_6H_BEFORE_48H_COMPARISON
central__single_APT_37to6_prolate_AR10,2.802443954871466e-15,2.9329861534056336,C,48.0,373.15,MIS,1.0546561213923333,1.1846276278662375,FROZEN_AFTER_AQ_AND_6H_BEFORE_48H_COMPARISON
central__single_APT_37to6_prolate_AR10,2.802443954871466e-15,2.9329861534056336,A,48.0,423.15,M0,1.0078610289461434,1.0846874501637025,FROZEN_AFTER_AQ_AND_6H_BEFORE_48H_COMPARISON
central__single_APT_37to6_prolate_AR10,2.802443954871466e-15,2.9329861534056336,B,48.0,423.15,M0,1.00661292915507,1.0846874501637025,FROZEN_AFTER_AQ_AND_6H_BEFORE_48H_COMPARISON
central__single_APT_37to6_prolate_AR10,2.802443954871466e-15,2.9329861534056336,C,48.0,423.15,M0,1.0086346446109198,1.0846874501637025,FROZEN_AFTER_AQ_AND_6H_BEFORE_48H_COMPARISON
central__single_APT_37to6_prolate_AR10,2.802443954871466e-15,2.9329861534056336,A,48.0,423.15,MI,0.9886306728296612,1.0846874501637025,FROZEN_AFTER_AQ_AND_6H_BEFORE_48H_COMPARISON
central__single_APT_37to6_prolate_AR10,2.802443954871466e-15,2.9329861534056336,B,48.0,423.15,MI,0.9854394368084655,1.0846874501637025,FROZEN_AFTER_AQ_AND_6H_BEFORE_48H_COMPARISON
central__single_APT_37to6_prolate_AR10,2.802443954871466e-15,2.9329861534056336,C,48.0,423.15,MI,0.9914501656266788,1.0846874501637025,FROZEN_AFTER_AQ_AND_6H_BEFORE_48H_COMPARISON
central__single_APT_37to6_prolate_AR10,2.802443954871466e-15,2.9329861534056336,A,48.0,423.15,MS,1.00766067273365,1.0846874501637025,FROZEN_AFTER_AQ_AND_6H_BEFORE_48H_COMPARISON
central__single_APT_37to6_prolate_AR10,2.802443954871466e-15,2.9329861534056336,B,48.0,423.15,MS,1.006412494473713,1.0846874501637025,FROZEN_AFTER_AQ_AND_6H_BEFORE_48H_COMPARISON
central__single_APT_37to6_prolate_AR10,2.802443954871466e-15,2.9329861534056336,C,48.0,423.15,MS,1.0084444805776058,1.0846874501637025,FROZEN_AFTER_AQ_AND_6H_BEFORE_48H_COMPARISON
central__single_APT_37to6_prolate_AR10,2.802443954871466e-15,2.9329861534056336,A,48.0,423.15,MIS,0.9884805442362814,1.0846874501637025,FROZEN_AFTER_AQ_AND_6H_BEFORE_48H_COMPARISON
central__single_APT_37to6_prolate_AR10,2.802443954871466e-15,2.9329861534056336,B,48.0,423.15,MIS,0.9852923991160455,1.0846874501637025,FROZEN_AFTER_AQ_AND_6H_BEFORE_48H_COMPARISON
central__single_APT_37to6_prolate_AR10,2.802443954871466e-15,2.9329861534056336,C,48.0,423.15,MIS,0.9913038734151243,1.0846874501637025,FROZEN_AFTER_AQ_AND_6H_BEFORE_48H_COMPARISON
central__single_APT_37to6_prolate_AR10,2.802443954871466e-15,2.9329861534056336,A,48.0,473.15,M0,0.9498603486748086,1.08433179116832,FROZEN_AFTER_AQ_AND_6H_BEFORE_48H_COMPARISON
central__single_APT_37to6_prolate_AR10,2.802443954871466e-15,2.9329861534056336,B,48.0,473.15,M0,0.948758011504986,1.08433179116832,FROZEN_AFTER_AQ_AND_6H_BEFORE_48H_COMPARISON
central__single_APT_37to6_prolate_AR10,2.802443954871466e-15,2.9329861534056336,C,48.0,473.15,M0,0.9505330820050502,1.08433179116832,FROZEN_AFTER_AQ_AND_6H_BEFORE_48H_COMPARISON
central__single_APT_37to6_prolate_AR10,2.802443954871466e-15,2.9329861534056336,A,48.0,473.15,MI,0.9326503263965762,1.08433179116832,FROZEN_AFTER_AQ_AND_6H_BEFORE_48H_COMPARISON
central__single_APT_37to6_prolate_AR10,2.802443954871466e-15,2.9329861534056336,B,48.0,473.15,MI,0.9298093066996486,1.08433179116832,FROZEN_AFTER_AQ_AND_6H_BEFORE_48H_COMPARISON
central__single_APT_37to6_prolate_AR10,2.802443954871466e-15,2.9329861534056336,C,48.0,473.15,MI,0.9351522137076581,1.08433179116832,FROZEN_AFTER_AQ_AND_6H_BEFORE_48H_COMPARISON
central__single_APT_37to6_prolate_AR10,2.802443954871466e-15,2.9329861534056336,A,48.0,473.15,MS,0.9496791425057179,1.08433179116832,FROZEN_AFTER_AQ_AND_6H_BEFORE_48H_COMPARISON
central__single_APT_37to6_prolate_AR10,2.802443954871466e-15,2.9329861534056336,B,48.0,473.15,MS,0.9485770689889742,1.08433179116832,FROZEN_AFTER_AQ_AND_6H_BEFORE_48H_COMPARISON
central__single_APT_37to6_prolate_AR10,2.802443954871466e-15,2.9329861534056336,C,48.0,473.15,MS,0.9503607130399239,1.08433179116832,FROZEN_AFTER_AQ_AND_6H_BEFORE_48H_COMPARISON
central__single_APT_37to6_prolate_AR10,2.802443954871466e-15,2.9329861534056336,A,48.0,473.15,MIS,0.9325133027112876,1.08433179116832,FROZEN_AFTER_AQ_AND_6H_BEFORE_48H_COMPARISON
central__single_APT_37to6_prolate_AR10,2.802443954871466e-15,2.9329861534056336,B,48.0,473.15,MIS,0.9296752233054071,1.08433179116832,FROZEN_AFTER_AQ_AND_6H_BEFORE_48H_COMPARISON
central__single_APT_37to6_prolate_AR10,2.802443954871466e-15,2.9329861534056336,C,48.0,473.15,MIS,0.9350185516027015,1.08433179116832,FROZEN_AFTER_AQ_AND_6H_BEFORE_48H_COMPARISON
central__single_APT_37to6_prolate_AR10,2.802443954871466e-15,2.9329861534056336,A,48.0,523.15,M0,0.8981053926323657,1.0405857347362493,FROZEN_AFTER_AQ_AND_6H_BEFORE_48H_COMPARISON
central__single_APT_37to6_prolate_AR10,2.802443954871466e-15,2.9329861534056336,B,48.0,523.15,M0,0.8971249390419009,1.0405857347362493,FROZEN_AFTER_AQ_AND_6H_BEFORE_48H_COMPARISON
central__single_APT_37to6_prolate_AR10,2.802443954871466e-15,2.9329861534056336,C,48.0,523.15,M0,0.8986952079373862,1.0405857347362493,FROZEN_AFTER_AQ_AND_6H_BEFORE_48H_COMPARISON
central__single_APT_37to6_prolate_AR10,2.802443954871466e-15,2.9329861534056336,A,48.0,523.15,MI,0.8826081733112302,1.0405857347362493,FROZEN_AFTER_AQ_AND_6H_BEFORE_48H_COMPARISON
central__single_APT_37to6_prolate_AR10,2.802443954871466e-15,2.9329861534056336,B,48.0,523.15,MI,0.8800624246187926,1.0405857347362493,FROZEN_AFTER_AQ_AND_6H_BEFORE_48H_COMPARISON
central__single_APT_37to6_prolate_AR10,2.802443954871466e-15,2.9329861534056336,C,48.0,523.15,MI,0.8848434445448927,1.0405857347362493,FROZEN_AFTER_AQ_AND_6H_BEFORE_48H_COMPARISON
central__single_APT_37to6_prolate_AR10,2.802443954871466e-15,2.9329861534056336,A,48.0,523.15,MS,0.8979406221455241,1.0405857347362493,FROZEN_AFTER_AQ_AND_6H_BEFORE_48H_COMPARISON
central__single_APT_37to6_prolate_AR10,2.802443954871466e-15,2.9329861534056336,B,48.0,523.15,MS,0.8969606903811711,1.0405857347362493,FROZEN_AFTER_AQ_AND_6H_BEFORE_48H_COMPARISON
central__single_APT_37to6_prolate_AR10,2.802443954871466e-15,2.9329861534056336,C,48.0,523.15,MS,0.8985381531590324,1.0405857347362493,FROZEN_AFTER_AQ_AND_6H_BEFORE_48H_COMPARISON
central__single_APT_37to6_prolate_AR10,2.802443954871466e-15,2.9329861534056336,A,48.0,523.15,MIS,0.8824825243737064,1.0405857347362493,FROZEN_AFTER_AQ_AND_6H_BEFORE_48H_COMPARISON
central__single_APT_37to6_prolate_AR10,2.802443954871466e-15,2.9329861534056336,B,48.0,523.15,MIS,0.8799395756961026,1.0405857347362493,FROZEN_AFTER_AQ_AND_6H_BEFORE_48H_COMPARISON
central__single_APT_37to6_prolate_AR10,2.802443954871466e-15,2.9329861534056336,C,48.0,523.15,MIS,0.8847207568451059,1.0405857347362493,FROZEN_AFTER_AQ_AND_6H_BEFORE_48H_COMPARISON
central__single_APT_37to6_prolate_AR10,2.802443954871466e-15,2.9329861534056336,A,48.0,573.15,M0,0.8516604270559917,1.03,FROZEN_AFTER_AQ_AND_6H_BEFORE_48H_COMPARISON
central__single_APT_37to6_prolate_AR10,2.802443954871466e-15,2.9329861534056336,B,48.0,573.15,M0,0.8507828575485891,1.03,FROZEN_AFTER_AQ_AND_6H_BEFORE_48H_COMPARISON
central__single_APT_37to6_prolate_AR10,2.802443954871466e-15,2.9329861534056336,C,48.0,573.15,M0,0.8521813573649548,1.03,FROZEN_AFTER_AQ_AND_6H_BEFORE_48H_COMPARISON
central__single_APT_37to6_prolate_AR10,2.802443954871466e-15,2.9329861534056336,A,48.0,573.15,MI,0.8376282991944366,1.03,FROZEN_AFTER_AQ_AND_6H_BEFORE_48H_COMPARISON
central__single_APT_37to6_prolate_AR10,2.802443954871466e-15,2.9329861534056336,B,48.0,573.15,MI,0.8353337683554461,1.03,FROZEN_AFTER_AQ_AND_6H_BEFORE_48H_COMPARISON
central__single_APT_37to6_prolate_AR10,2.802443954871466e-15,2.9329861534056336,C,48.0,573.15,MI,0.8396376189851671,1.03,FROZEN_AFTER_AQ_AND_6H_BEFORE_48H_COMPARISON
central__single_APT_37to6_prolate_AR10,2.802443954871466e-15,2.9329861534056336,A,48.0,573.15,MS,0.8515098775340091,1.03,FROZEN_AFTER_AQ_AND_6H_BEFORE_48H_COMPARISON
central__single_APT_37to6_prolate_AR10,2.802443954871466e-15,2.9329861534056336,B,48.0,573.15,MS,0.850633024794079,1.03,FROZEN_AFTER_AQ_AND_6H_BEFORE_48H_COMPARISON
central__single_APT_37to6_prolate_AR10,2.802443954871466e-15,2.9329861534056336,C,48.0,573.15,MS,0.8520375863135826,1.03,FROZEN_AFTER_AQ_AND_6H_BEFORE_48H_COMPARISON
central__single_APT_37to6_prolate_AR10,2.802443954871466e-15,2.9329861534056336,A,48.0,573.15,MIS,0.837512595477674,1.03,FROZEN_AFTER_AQ_AND_6H_BEFORE_48H_COMPARISON
central__single_APT_37to6_prolate_AR10,2.802443954871466e-15,2.9329861534056336,B,48.0,573.15,MIS,0.8352207339845745,1.03,FROZEN_AFTER_AQ_AND_6H_BEFORE_48H_COMPARISON
central__single_APT_37to6_prolate_AR10,2.802443954871466e-15,2.9329861534056336,C,48.0,573.15,MIS,0.8395245363640734,1.03,FROZEN_AFTER_AQ_AND_6H_BEFORE_48H_COMPARISON
central__single_APT_37to6_prolate_AR5,2.7576985616049723e-15,3.373668958402298,A,6.0,303.15,M0,1.191573357322556,1.2625169478550462,FROZEN_AFTER_AQ_AND_6H_BEFORE_48H_COMPARISON
central__single_APT_37to6_prolate_AR5,2.7576985616049723e-15,3.373668958402298,B,6.0,303.15,M0,1.1915707414568155,1.2625169478550462,FROZEN_AFTER_AQ_AND_6H_BEFORE_48H_COMPARISON
central__single_APT_37to6_prolate_AR5,2.7576985616049723e-15,3.373668958402298,C,6.0,303.15,M0,1.1915743245836339,1.2625169478550462,FROZEN_AFTER_AQ_AND_6H_BEFORE_48H_COMPARISON
central__single_APT_37to6_prolate_AR5,2.7576985616049723e-15,3.373668958402298,A,6.0,303.15,MI,1.119726532498706,1.2625169478550462,FROZEN_AFTER_AQ_AND_6H_BEFORE_48H_COMPARISON
central__single_APT_37to6_prolate_AR5,2.7576985616049723e-15,3.373668958402298,B,6.0,303.15,MI,1.1197240261534256,1.2625169478550462,FROZEN_AFTER_AQ_AND_6H_BEFORE_48H_COMPARISON
central__single_APT_37to6_prolate_AR5,2.7576985616049723e-15,3.373668958402298,C,6.0,303.15,MI,1.11972746025214,1.2625169478550462,FROZEN_AFTER_AQ_AND_6H_BEFORE_48H_COMPARISON
central__single_APT_37to6_prolate_AR5,2.7576985616049723e-15,3.373668958402298,A,6.0,303.15,MS,1.1912396435452373,1.2625169478550462,FROZEN_AFTER_AQ_AND_6H_BEFORE_48H_COMPARISON
central__single_APT_37to6_prolate_AR5,2.7576985616049723e-15,3.373668958402298,B,6.0,303.15,MS,1.1912352624264095,1.2625169478550462,FROZEN_AFTER_AQ_AND_6H_BEFORE_48H_COMPARISON
central__single_APT_37to6_prolate_AR5,2.7576985616049723e-15,3.373668958402298,C,6.0,303.15,MS,1.1912389616882044,1.2625169478550462,FROZEN_AFTER_AQ_AND_6H_BEFORE_48H_COMPARISON
central__single_APT_37to6_prolate_AR5,2.7576985616049723e-15,3.373668958402298,A,6.0,303.15,MIS,1.119553462458314,1.2625169478550462,FROZEN_AFTER_AQ_AND_6H_BEFORE_48H_COMPARISON
central__single_APT_37to6_prolate_AR5,2.7576985616049723e-15,3.373668958402298,B,6.0,303.15,MIS,1.1195501578301799,1.2625169478550462,FROZEN_AFTER_AQ_AND_6H_BEFORE_48H_COMPARISON
central__single_APT_37to6_prolate_AR5,2.7576985616049723e-15,3.373668958402298,C,6.0,303.15,MIS,1.1195535789113082,1.2625169478550462,FROZEN_AFTER_AQ_AND_6H_BEFORE_48H_COMPARISON
central__single_APT_37to6_prolate_AR5,2.7576985616049723e-15,3.373668958402298,A,6.0,323.15,M0,1.1584676804034157,1.0882440401175293,FROZEN_AFTER_AQ_AND_6H_BEFORE_48H_COMPARISON
central__single_APT_37to6_prolate_AR5,2.7576985616049723e-15,3.373668958402298,B,6.0,323.15,M0,1.1584652047985735,1.0882440401175293,FROZEN_AFTER_AQ_AND_6H_BEFORE_48H_COMPARISON
central__single_APT_37to6_prolate_AR5,2.7576985616049723e-15,3.373668958402298,C,6.0,323.15,M0,1.158468595799568,1.0882440401175293,FROZEN_AFTER_AQ_AND_6H_BEFORE_48H_COMPARISON
central__single_APT_37to6_prolate_AR5,2.7576985616049723e-15,3.373668958402298,A,6.0,323.15,MI,1.0903098452914235,1.0882440401175293,FROZEN_AFTER_AQ_AND_6H_BEFORE_48H_COMPARISON
central__single_APT_37to6_prolate_AR5,2.7576985616049723e-15,3.373668958402298,B,6.0,323.15,MI,1.090307470046672,1.0882440401175293,FROZEN_AFTER_AQ_AND_6H_BEFORE_48H_COMPARISON
central__single_APT_37to6_prolate_AR5,2.7576985616049723e-15,3.373668958402298,C,6.0,323.15,MI,1.0903107245188677,1.0882440401175293,FROZEN_AFTER_AQ_AND_6H_BEFORE_48H_COMPARISON
central__single_APT_37to6_prolate_AR5,2.7576985616049723e-15,3.373668958402298,A,6.0,323.15,MS,1.1581517669945551,1.0882440401175293,FROZEN_AFTER_AQ_AND_6H_BEFORE_48H_COMPARISON
central__single_APT_37to6_prolate_AR5,2.7576985616049723e-15,3.373668958402298,B,6.0,323.15,MS,1.1581476158771455,1.0882440401175293,FROZEN_AFTER_AQ_AND_6H_BEFORE_48H_COMPARISON
central__single_APT_37to6_prolate_AR5,2.7576985616049723e-15,3.373668958402298,C,6.0,323.15,MS,1.1581511187891116,1.0882440401175293,FROZEN_AFTER_AQ_AND_6H_BEFORE_48H_COMPARISON
central__single_APT_37to6_prolate_AR5,2.7576985616049723e-15,3.373668958402298,A,6.0,323.15,MIS,1.090144140210177,1.0882440401175293,FROZEN_AFTER_AQ_AND_6H_BEFORE_48H_COMPARISON
central__single_APT_37to6_prolate_AR5,2.7576985616049723e-15,3.373668958402298,B,6.0,323.15,MIS,1.0901409976380896,1.0882440401175293,FROZEN_AFTER_AQ_AND_6H_BEFORE_48H_COMPARISON
central__single_APT_37to6_prolate_AR5,2.7576985616049723e-15,3.373668958402298,C,6.0,323.15,MIS,1.0901442412662787,1.0882440401175293,FROZEN_AFTER_AQ_AND_6H_BEFORE_48H_COMPARISON
central__single_APT_37to6_prolate_AR5,2.7576985616049723e-15,3.373668958402298,A,6.0,373.15,M0,1.0829433555854446,0.9630520737428236,FROZEN_AFTER_AQ_AND_6H_BEFORE_48H_COMPARISON
central__single_APT_37to6_prolate_AR5,2.7576985616049723e-15,3.373668958402298,B,6.0,373.15,M0,1.0829411860115388,0.9630520737428236,FROZEN_AFTER_AQ_AND_6H_BEFORE_48H_COMPARISON
central__single_APT_37to6_prolate_AR5,2.7576985616049723e-15,3.373668958402298,C,6.0,373.15,M0,1.0829441578195345,0.9630520737428236,FROZEN_AFTER_AQ_AND_6H_BEFORE_48H_COMPARISON
central__single_APT_37to6_prolate_AR5,2.7576985616049723e-15,3.373668958402298,A,6.0,373.15,MI,1.022836535986991,0.9630520737428236,FROZEN_AFTER_AQ_AND_6H_BEFORE_48H_COMPARISON
central__single_APT_37to6_prolate_AR5,2.7576985616049723e-15,3.373668958402298,B,6.0,373.15,MI,1.0228344478185445,0.9630520737428236,FROZEN_AFTER_AQ_AND_6H_BEFORE_48H_COMPARISON
central__single_APT_37to6_prolate_AR5,2.7576985616049723e-15,3.373668958402298,C,6.0,373.15,MI,1.0228373089551444,0.9630520737428236,FROZEN_AFTER_AQ_AND_6H_BEFORE_48H_COMPARISON
central__single_APT_37to6_prolate_AR5,2.7576985616049723e-15,3.373668958402298,A,6.0,373.15,MS,1.0826661002760194,0.9630520737428236,FROZEN_AFTER_AQ_AND_6H_BEFORE_48H_COMPARISON
central__single_APT_37to6_prolate_AR5,2.7576985616049723e-15,3.373668958402298,B,6.0,373.15,MS,1.0826624512403888,0.9630520737428236,FROZEN_AFTER_AQ_AND_6H_BEFORE_48H_COMPARISON
central__single_APT_37to6_prolate_AR5,2.7576985616049723e-15,3.373668958402298,C,6.0,373.15,MS,1.0826655250526454,0.9630520737428236,FROZEN_AFTER_AQ_AND_6H_BEFORE_48H_COMPARISON
central__single_APT_37to6_prolate_AR5,2.7576985616049723e-15,3.373668958402298,A,6.0,373.15,MIS,1.0226872222891576,0.9630520737428236,FROZEN_AFTER_AQ_AND_6H_BEFORE_48H_COMPARISON
central__single_APT_37to6_prolate_AR5,2.7576985616049723e-15,3.373668958402298,B,6.0,373.15,MIS,1.0226844362141942,0.9630520737428236,FROZEN_AFTER_AQ_AND_6H_BEFORE_48H_COMPARISON
central__single_APT_37to6_prolate_AR5,2.7576985616049723e-15,3.373668958402298,C,6.0,373.15,MIS,1.0226872910245297,0.9630520737428236,FROZEN_AFTER_AQ_AND_6H_BEFORE_48H_COMPARISON
central__single_APT_37to6_prolate_AR5,2.7576985616049723e-15,3.373668958402298,A,6.0,423.15,M0,1.0164319546528142,0.8755599608786824,FROZEN_AFTER_AQ_AND_6H_BEFORE_48H_COMPARISON
central__single_APT_37to6_prolate_AR5,2.7576985616049723e-15,3.373668958402298,B,6.0,423.15,M0,1.0164300384776266,0.8755599608786824,FROZEN_AFTER_AQ_AND_6H_BEFORE_48H_COMPARISON
central__single_APT_37to6_prolate_AR5,2.7576985616049723e-15,3.373668958402298,C,6.0,423.15,M0,1.0164326631872431,0.8755599608786824,FROZEN_AFTER_AQ_AND_6H_BEFORE_48H_COMPARISON
central__single_APT_37to6_prolate_AR5,2.7576985616049723e-15,3.373668958402298,A,6.0,423.15,MI,0.9630071888242397,0.8755599608786824,FROZEN_AFTER_AQ_AND_6H_BEFORE_48H_COMPARISON
central__single_APT_37to6_prolate_AR5,2.7576985616049723e-15,3.373668958402298,B,6.0,423.15,MI,0.9630053394654661,0.8755599608786824,FROZEN_AFTER_AQ_AND_6H_BEFORE_48H_COMPARISON
central__single_APT_37to6_prolate_AR5,2.7576985616049723e-15,3.373668958402298,C,6.0,423.15,MI,0.9630078733985337,0.8755599608786824,FROZEN_AFTER_AQ_AND_6H_BEFORE_48H_COMPARISON
central__single_APT_37to6_prolate_AR5,2.7576985616049723e-15,3.373668958402298,A,6.0,423.15,MS,1.0161865892030721,0.8755599608786824,FROZEN_AFTER_AQ_AND_6H_BEFORE_48H_COMPARISON
central__single_APT_37to6_prolate_AR5,2.7576985616049723e-15,3.373668958402298,B,6.0,423.15,MS,1.0161833565809062,0.8755599608786824,FROZEN_AFTER_AQ_AND_6H_BEFORE_48H_COMPARISON
central__single_APT_37to6_prolate_AR5,2.7576985616049723e-15,3.373668958402298,C,6.0,423.15,MS,1.0161860743086342,0.8755599608786824,FROZEN_AFTER_AQ_AND_6H_BEFORE_48H_COMPARISON
central__single_APT_37to6_prolate_AR5,2.7576985616049723e-15,3.373668958402298,A,6.0,423.15,MIS,0.9628718488040178,0.8755599608786824,FROZEN_AFTER_AQ_AND_6H_BEFORE_48H_COMPARISON
central__single_APT_37to6_prolate_AR5,2.7576985616049723e-15,3.373668958402298,B,6.0,423.15,MIS,0.9628693613493604,0.8755599608786824,FROZEN_AFTER_AQ_AND_6H_BEFORE_48H_COMPARISON
central__single_APT_37to6_prolate_AR5,2.7576985616049723e-15,3.373668958402298,C,6.0,423.15,MIS,0.9628718924258594,0.8755599608786824,FROZEN_AFTER_AQ_AND_6H_BEFORE_48H_COMPARISON
central__single_APT_37to6_prolate_AR5,2.7576985616049723e-15,3.373668958402298,A,6.0,473.15,M0,0.9574945406690124,0.8549317391464868,FROZEN_AFTER_AQ_AND_6H_BEFORE_48H_COMPARISON
central__single_APT_37to6_prolate_AR5,2.7576985616049723e-15,3.373668958402298,B,6.0,473.15,M0,0.9574928363634859,0.8549317391464868,FROZEN_AFTER_AQ_AND_6H_BEFORE_48H_COMPARISON
central__single_APT_37to6_prolate_AR5,2.7576985616049723e-15,3.373668958402298,C,6.0,473.15,M0,0.9574951708603234,0.8549317391464868,FROZEN_AFTER_AQ_AND_6H_BEFORE_48H_COMPARISON
central__single_APT_37to6_prolate_AR5,2.7576985616049723e-15,3.373668958402298,A,6.0,473.15,MI,0.9096776015336364,0.8549317391464868,FROZEN_AFTER_AQ_AND_6H_BEFORE_48H_COMPARISON
central__single_APT_37to6_prolate_AR5,2.7576985616049723e-15,3.373668958402298,B,6.0,473.15,MI,0.909675952652263,0.8549317391464868,FROZEN_AFTER_AQ_AND_6H_BEFORE_48H_COMPARISON
central__single_APT_37to6_prolate_AR5,2.7576985616049723e-15,3.373668958402298,C,6.0,473.15,MI,0.90967821190226,0.8549317391464868,FROZEN_AFTER_AQ_AND_6H_BEFORE_48H_COMPARISON
central__single_APT_37to6_prolate_AR5,2.7576985616049723e-15,3.373668958402298,A,6.0,473.15,MS,0.9572758008892431,0.8549317391464868,FROZEN_AFTER_AQ_AND_6H_BEFORE_48H_COMPARISON
central__single_APT_37to6_prolate_AR5,2.7576985616049723e-15,3.373668958402298,B,6.0,473.15,MS,0.9572729172194193,0.8549317391464868,FROZEN_AFTER_AQ_AND_6H_BEFORE_48H_COMPARISON
central__single_APT_37to6_prolate_AR5,2.7576985616049723e-15,3.373668958402298,C,6.0,473.15,MS,0.9572753366192626,0.8549317391464868,FROZEN_AFTER_AQ_AND_6H_BEFORE_48H_COMPARISON
central__single_APT_37to6_prolate_AR5,2.7576985616049723e-15,3.373668958402298,A,6.0,473.15,MIS,0.9095542824772993,0.8549317391464868,FROZEN_AFTER_AQ_AND_6H_BEFORE_48H_COMPARISON
central__single_APT_37to6_prolate_AR5,2.7576985616049723e-15,3.373668958402298,B,6.0,473.15,MIS,0.9095520474693551,0.8549317391464868,FROZEN_AFTER_AQ_AND_6H_BEFORE_48H_COMPARISON
central__single_APT_37to6_prolate_AR5,2.7576985616049723e-15,3.373668958402298,C,6.0,473.15,MIS,0.9095543065347779,0.8549317391464868,FROZEN_AFTER_AQ_AND_6H_BEFORE_48H_COMPARISON
central__single_APT_37to6_prolate_AR5,2.7576985616049723e-15,3.373668958402298,A,6.0,523.15,M0,0.9049483089848829,0.8542204211557212,FROZEN_AFTER_AQ_AND_6H_BEFORE_48H_COMPARISON
central__single_APT_37to6_prolate_AR5,2.7576985616049723e-15,3.373668958402298,B,6.0,523.15,M0,0.9049467834777584,0.8542204211557212,FROZEN_AFTER_AQ_AND_6H_BEFORE_48H_COMPARISON
central__single_APT_37to6_prolate_AR5,2.7576985616049723e-15,3.373668958402298,C,6.0,523.15,M0,0.9049488730620402,0.8542204211557212,FROZEN_AFTER_AQ_AND_6H_BEFORE_48H_COMPARISON
central__single_APT_37to6_prolate_AR5,2.7576985616049723e-15,3.373668958402298,A,6.0,523.15,MI,0.8618848052009982,0.8542204211557212,FROZEN_AFTER_AQ_AND_6H_BEFORE_48H_COMPARISON
central__single_APT_37to6_prolate_AR5,2.7576985616049723e-15,3.373668958402298,B,6.0,523.15,MI,0.8618833261041763,0.8542204211557212,FROZEN_AFTER_AQ_AND_6H_BEFORE_48H_COMPARISON
central__single_APT_37to6_prolate_AR5,2.7576985616049723e-15,3.373668958402298,C,6.0,523.15,MI,0.8618853527244669,0.8542204211557212,FROZEN_AFTER_AQ_AND_6H_BEFORE_48H_COMPARISON
central__single_APT_37to6_prolate_AR5,2.7576985616049723e-15,3.373668958402298,A,6.0,523.15,MS,0.904752037178247,0.8542204211557212,FROZEN_AFTER_AQ_AND_6H_BEFORE_48H_COMPARISON
central__single_APT_37to6_prolate_AR5,2.7576985616049723e-15,3.373668958402298,B,6.0,523.15,MS,0.904749448735024,0.8542204211557212,FROZEN_AFTER_AQ_AND_6H_BEFORE_48H_COMPARISON
central__single_APT_37to6_prolate_AR5,2.7576985616049723e-15,3.373668958402298,C,6.0,523.15,MS,0.9047516159095303,0.8542204211557212,FROZEN_AFTER_AQ_AND_6H_BEFORE_48H_COMPARISON
central__single_APT_37to6_prolate_AR5,2.7576985616049723e-15,3.373668958402298,A,6.0,523.15,MIS,0.8617719112180153,0.8542204211557212,FROZEN_AFTER_AQ_AND_6H_BEFORE_48H_COMPARISON
central__single_APT_37to6_prolate_AR5,2.7576985616049723e-15,3.373668958402298,B,6.0,523.15,MIS,0.8617698914922151,0.8542204211557212,FROZEN_AFTER_AQ_AND_6H_BEFORE_48H_COMPARISON
central__single_APT_37to6_prolate_AR5,2.7576985616049723e-15,3.373668958402298,C,6.0,523.15,MIS,0.8617719199868712,0.8542204211557212,FROZEN_AFTER_AQ_AND_6H_BEFORE_48H_COMPARISON
central__single_APT_37to6_prolate_AR5,2.7576985616049723e-15,3.373668958402298,A,6.0,573.15,M0,0.8578289593068075,0.85,FROZEN_AFTER_AQ_AND_6H_BEFORE_48H_COMPARISON
central__single_APT_37to6_prolate_AR5,2.7576985616049723e-15,3.373668958402298,B,6.0,573.15,M0,0.8578275859947136,0.85,FROZEN_AFTER_AQ_AND_6H_BEFORE_48H_COMPARISON
central__single_APT_37to6_prolate_AR5,2.7576985616049723e-15,3.373668958402298,C,6.0,573.15,M0,0.8578294671070602,0.85,FROZEN_AFTER_AQ_AND_6H_BEFORE_48H_COMPARISON
central__single_APT_37to6_prolate_AR5,2.7576985616049723e-15,3.373668958402298,A,6.0,573.15,MI,0.8188308767573365,0.85,FROZEN_AFTER_AQ_AND_6H_BEFORE_48H_COMPARISON
central__single_APT_37to6_prolate_AR5,2.7576985616049723e-15,3.373668958402298,B,6.0,573.15,MI,0.8188295426379862,0.85,FROZEN_AFTER_AQ_AND_6H_BEFORE_48H_COMPARISON
central__single_APT_37to6_prolate_AR5,2.7576985616049723e-15,3.373668958402298,C,6.0,573.15,MI,0.8188313706176296,0.85,FROZEN_AFTER_AQ_AND_6H_BEFORE_48H_COMPARISON
central__single_APT_37to6_prolate_AR5,2.7576985616049723e-15,3.373668958402298,A,6.0,573.15,MS,0.8576518267350676,0.85,FROZEN_AFTER_AQ_AND_6H_BEFORE_48H_COMPARISON
central__single_APT_37to6_prolate_AR5,2.7576985616049723e-15,3.373668958402298,B,6.0,573.15,MS,0.857649490250602,0.85,FROZEN_AFTER_AQ_AND_6H_BEFORE_48H_COMPARISON
central__single_APT_37to6_prolate_AR5,2.7576985616049723e-15,3.373668958402298,C,6.0,573.15,MS,0.8576514423681112,0.85,FROZEN_AFTER_AQ_AND_6H_BEFORE_48H_COMPARISON
central__single_APT_37to6_prolate_AR5,2.7576985616049723e-15,3.373668958402298,A,6.0,573.15,MIS,0.8187270895913473,0.85,FROZEN_AFTER_AQ_AND_6H_BEFORE_48H_COMPARISON
central__single_APT_37to6_prolate_AR5,2.7576985616049723e-15,3.373668958402298,B,6.0,573.15,MIS,0.8187252549440004,0.85,FROZEN_AFTER_AQ_AND_6H_BEFORE_48H_COMPARISON
central__single_APT_37to6_prolate_AR5,2.7576985616049723e-15,3.373668958402298,C,6.0,573.15,MIS,0.8187270863817827,0.85,FROZEN_AFTER_AQ_AND_6H_BEFORE_48H_COMPARISON
central__single_APT_37to6_prolate_AR5,2.7576985616049723e-15,3.373668958402298,A,48.0,303.15,M0,1.1889568032947244,1.5171687885490504,FROZEN_AFTER_AQ_AND_6H_BEFORE_48H_COMPARISON
central__single_APT_37to6_prolate_AR5,2.7576985616049723e-15,3.373668958402298,B,48.0,303.15,M0,1.1871898187072814,1.5171687885490504,FROZEN_AFTER_AQ_AND_6H_BEFORE_48H_COMPARISON
central__single_APT_37to6_prolate_AR5,2.7576985616049723e-15,3.373668958402298,C,48.0,303.15,M0,1.1901027558403945,1.5171687885490504,FROZEN_AFTER_AQ_AND_6H_BEFORE_48H_COMPARISON
central__single_APT_37to6_prolate_AR5,2.7576985616049723e-15,3.373668958402298,A,48.0,303.15,MI,1.1590827380720696,1.5171687885490504,FROZEN_AFTER_AQ_AND_6H_BEFORE_48H_COMPARISON
central__single_APT_37to6_prolate_AR5,2.7576985616049723e-15,3.373668958402298,B,48.0,303.15,MI,1.154328290927904,1.5171687885490504,FROZEN_AFTER_AQ_AND_6H_BEFORE_48H_COMPARISON
central__single_APT_37to6_prolate_AR5,2.7576985616049723e-15,3.373668958402298,C,48.0,303.15,MI,1.1633841657699406,1.5171687885490504,FROZEN_AFTER_AQ_AND_6H_BEFORE_48H_COMPARISON
central__single_APT_37to6_prolate_AR5,2.7576985616049723e-15,3.373668958402298,A,48.0,303.15,MS,1.1886917113421733,1.5171687885490504,FROZEN_AFTER_AQ_AND_6H_BEFORE_48H_COMPARISON
central__single_APT_37to6_prolate_AR5,2.7576985616049723e-15,3.373668958402298,B,48.0,303.15,MS,1.186923201228506,1.5171687885490504,FROZEN_AFTER_AQ_AND_6H_BEFORE_48H_COMPARISON
central__single_APT_37to6_prolate_AR5,2.7576985616049723e-15,3.373668958402298,C,48.0,303.15,MS,1.1898527766057463,1.5171687885490504,FROZEN_AFTER_AQ_AND_6H_BEFORE_48H_COMPARISON
central__single_APT_37to6_prolate_AR5,2.7576985616049723e-15,3.373668958402298,A,48.0,303.15,MIS,1.1588969176428066,1.5171687885490504,FROZEN_AFTER_AQ_AND_6H_BEFORE_48H_COMPARISON
central__single_APT_37to6_prolate_AR5,2.7576985616049723e-15,3.373668958402298,B,48.0,303.15,MIS,1.1541463085602774,1.5171687885490504,FROZEN_AFTER_AQ_AND_6H_BEFORE_48H_COMPARISON
central__single_APT_37to6_prolate_AR5,2.7576985616049723e-15,3.373668958402298,C,48.0,303.15,MIS,1.1632030261801025,1.5171687885490504,FROZEN_AFTER_AQ_AND_6H_BEFORE_48H_COMPARISON
central__single_APT_37to6_prolate_AR5,2.7576985616049723e-15,3.373668958402298,A,48.0,323.15,M0,1.1559720137890512,1.3578335586176062,FROZEN_AFTER_AQ_AND_6H_BEFORE_48H_COMPARISON
central__single_APT_37to6_prolate_AR5,2.7576985616049723e-15,3.373668958402298,B,48.0,323.15,M0,1.1543068501204656,1.3578335586176062,FROZEN_AFTER_AQ_AND_6H_BEFORE_48H_COMPARISON
central__single_APT_37to6_prolate_AR5,2.7576985616049723e-15,3.373668958402298,C,48.0,323.15,M0,1.1570433870901853,1.3578335586176062,FROZEN_AFTER_AQ_AND_6H_BEFORE_48H_COMPARISON
central__single_APT_37to6_prolate_AR5,2.7576985616049723e-15,3.373668958402298,A,48.0,323.15,MI,1.1276394510430272,1.3578335586176062,FROZEN_AFTER_AQ_AND_6H_BEFORE_48H_COMPARISON
central__single_APT_37to6_prolate_AR5,2.7576985616049723e-15,3.373668958402298,B,48.0,323.15,MI,1.1231403350936422,1.3578335586176062,FROZEN_AFTER_AQ_AND_6H_BEFORE_48H_COMPARISON
central__single_APT_37to6_prolate_AR5,2.7576985616049723e-15,3.373668958402298,C,48.0,323.15,MI,1.1317031896074738,1.3578335586176062,FROZEN_AFTER_AQ_AND_6H_BEFORE_48H_COMPARISON
central__single_APT_37to6_prolate_AR5,2.7576985616049723e-15,3.373668958402298,A,48.0,323.15,MS,1.15571929403979,1.3578335586176062,FROZEN_AFTER_AQ_AND_6H_BEFORE_48H_COMPARISON
central__single_APT_37to6_prolate_AR5,2.7576985616049723e-15,3.373668958402298,B,48.0,323.15,MS,1.1540529133556345,1.3578335586176062,FROZEN_AFTER_AQ_AND_6H_BEFORE_48H_COMPARISON
central__single_APT_37to6_prolate_AR5,2.7576985616049723e-15,3.373668958402298,C,48.0,323.15,MS,1.1568048022416753,1.3578335586176062,FROZEN_AFTER_AQ_AND_6H_BEFORE_48H_COMPARISON
central__single_APT_37to6_prolate_AR5,2.7576985616049723e-15,3.373668958402298,A,48.0,323.15,MIS,1.1274613810325633,1.3578335586176062,FROZEN_AFTER_AQ_AND_6H_BEFORE_48H_COMPARISON
central__single_APT_37to6_prolate_AR5,2.7576985616049723e-15,3.373668958402298,B,48.0,323.15,MIS,1.1229660073442,1.3578335586176062,FROZEN_AFTER_AQ_AND_6H_BEFORE_48H_COMPARISON
central__single_APT_37to6_prolate_AR5,2.7576985616049723e-15,3.373668958402298,C,48.0,323.15,MIS,1.1315295297610015,1.3578335586176062,FROZEN_AFTER_AQ_AND_6H_BEFORE_48H_COMPARISON
central__single_APT_37to6_prolate_AR5,2.7576985616049723e-15,3.373668958402298,A,48.0,373.15,M0,1.0807157285729267,1.1846276278662375,FROZEN_AFTER_AQ_AND_6H_BEFORE_48H_COMPARISON
central__single_APT_37to6_prolate_AR5,2.7576985616049723e-15,3.373668958402298,B,48.0,373.15,M0,1.0792706100880514,1.1846276278662375,FROZEN_AFTER_AQ_AND_6H_BEFORE_48H_COMPARISON
central__single_APT_37to6_prolate_AR5,2.7576985616049723e-15,3.373668958402298,C,48.0,373.15,M0,1.081628392008248,1.1846276278662375,FROZEN_AFTER_AQ_AND_6H_BEFORE_48H_COMPARISON
central__single_APT_37to6_prolate_AR5,2.7576985616049723e-15,3.373668958402298,A,48.0,373.15,MI,1.0557454502503856,1.1846276278662375,FROZEN_AFTER_AQ_AND_6H_BEFORE_48H_COMPARISON
central__single_APT_37to6_prolate_AR5,2.7576985616049723e-15,3.373668958402298,B,48.0,373.15,MI,1.0518016317944485,1.1846276278662375,FROZEN_AFTER_AQ_AND_6H_BEFORE_48H_COMPARISON
central__single_APT_37to6_prolate_AR5,2.7576985616049723e-15,3.373668958402298,C,48.0,373.15,MI,1.0592943255471141,1.1846276278662375,FROZEN_AFTER_AQ_AND_6H_BEFORE_48H_COMPARISON
central__single_APT_37to6_prolate_AR5,2.7576985616049723e-15,3.373668958402298,A,48.0,373.15,MS,1.0804902621241796,1.1846276278662375,FROZEN_AFTER_AQ_AND_6H_BEFORE_48H_COMPARISON
central__single_APT_37to6_prolate_AR5,2.7576985616049723e-15,3.373668958402298,B,48.0,373.15,MS,1.0790445543891194,1.1846276278662375,FROZEN_AFTER_AQ_AND_6H_BEFORE_48H_COMPARISON
central__single_APT_37to6_prolate_AR5,2.7576985616049723e-15,3.373668958402298,C,48.0,373.15,MS,1.0814149671914213,1.1846276278662375,FROZEN_AFTER_AQ_AND_6H_BEFORE_48H_COMPARISON
central__single_APT_37to6_prolate_AR5,2.7576985616049723e-15,3.373668958402298,A,48.0,373.15,MIS,1.055584639783461,1.1846276278662375,FROZEN_AFTER_AQ_AND_6H_BEFORE_48H_COMPARISON
central__single_APT_37to6_prolate_AR5,2.7576985616049723e-15,3.373668958402298,B,48.0,373.15,MIS,1.0516443409403562,1.1846276278662375,FROZEN_AFTER_AQ_AND_6H_BEFORE_48H_COMPARISON
central__single_APT_37to6_prolate_AR5,2.7576985616049723e-15,3.373668958402298,C,48.0,373.15,MIS,1.0591373334769947,1.1846276278662375,FROZEN_AFTER_AQ_AND_6H_BEFORE_48H_COMPARISON
central__single_APT_37to6_prolate_AR5,2.7576985616049723e-15,3.373668958402298,A,48.0,423.15,M0,1.0144317410594894,1.0846874501637025,FROZEN_AFTER_AQ_AND_6H_BEFORE_48H_COMPARISON
central__single_APT_37to6_prolate_AR5,2.7576985616049723e-15,3.373668958402298,B,48.0,423.15,M0,1.0131665074384089,1.0846874501637025,FROZEN_AFTER_AQ_AND_6H_BEFORE_48H_COMPARISON
central__single_APT_37to6_prolate_AR5,2.7576985616049723e-15,3.373668958402298,C,48.0,423.15,M0,1.0152173123795667,1.0846874501637025,FROZEN_AFTER_AQ_AND_6H_BEFORE_48H_COMPARISON
central__single_APT_37to6_prolate_AR5,2.7576985616049723e-15,3.373668958402298,A,48.0,423.15,MI,0.9922500038002122,1.0846874501637025,FROZEN_AFTER_AQ_AND_6H_BEFORE_48H_COMPARISON
central__single_APT_37to6_prolate_AR5,2.7576985616049723e-15,3.373668958402298,B,48.0,423.15,MI,0.98876451778867,1.0846874501637025,FROZEN_AFTER_AQ_AND_6H_BEFORE_48H_COMPARISON
central__single_APT_37to6_prolate_AR5,2.7576985616049723e-15,3.373668958402298,C,48.0,423.15,MI,0.9953760870940374,1.0846874501637025,FROZEN_AFTER_AQ_AND_6H_BEFORE_48H_COMPARISON
central__single_APT_37to6_prolate_AR5,2.7576985616049723e-15,3.373668958402298,A,48.0,423.15,MS,1.0142291906881757,1.0846874501637025,FROZEN_AFTER_AQ_AND_6H_BEFORE_48H_COMPARISON
central__single_APT_37to6_prolate_AR5,2.7576985616049723e-15,3.373668958402298,B,48.0,423.15,MS,1.0129638367038778,1.0846874501637025,FROZEN_AFTER_AQ_AND_6H_BEFORE_48H_COMPARISON
central__single_APT_37to6_prolate_AR5,2.7576985616049723e-15,3.373668958402298,C,48.0,423.15,MS,1.0150251125748182,1.0846874501637025,FROZEN_AFTER_AQ_AND_6H_BEFORE_48H_COMPARISON
central__single_APT_37to6_prolate_AR5,2.7576985616049723e-15,3.373668958402298,A,48.0,423.15,MIS,0.992103922090999,1.0846874501637025,FROZEN_AFTER_AQ_AND_6H_BEFORE_48H_COMPARISON
central__single_APT_37to6_prolate_AR5,2.7576985616049723e-15,3.373668958402298,B,48.0,423.15,MIS,0.9886217543149142,1.0846874501637025,FROZEN_AFTER_AQ_AND_6H_BEFORE_48H_COMPARISON
central__single_APT_37to6_prolate_AR5,2.7576985616049723e-15,3.373668958402298,C,48.0,423.15,MIS,0.9952333324226345,1.0846874501637025,FROZEN_AFTER_AQ_AND_6H_BEFORE_48H_COMPARISON
central__single_APT_37to6_prolate_AR5,2.7576985616049723e-15,3.373668958402298,A,48.0,473.15,M0,0.9556889999523016,1.08433179116832,FROZEN_AFTER_AQ_AND_6H_BEFORE_48H_COMPARISON
central__single_APT_37to6_prolate_AR5,2.7576985616049723e-15,3.373668958402298,B,48.0,473.15,M0,0.9545724506997595,1.08433179116832,FROZEN_AFTER_AQ_AND_6H_BEFORE_48H_COMPARISON
central__single_APT_37to6_prolate_AR5,2.7576985616049723e-15,3.373668958402298,C,48.0,473.15,M0,0.9563714788953097,1.08433179116832,FROZEN_AFTER_AQ_AND_6H_BEFORE_48H_COMPARISON
central__single_APT_37to6_prolate_AR5,2.7576985616049723e-15,3.373668958402298,A,48.0,473.15,MI,0.9358460677657645,1.08433179116832,FROZEN_AFTER_AQ_AND_6H_BEFORE_48H_COMPARISON
central__single_APT_37to6_prolate_AR5,2.7576985616049723e-15,3.373668958402298,B,48.0,473.15,MI,0.9327430553837042,1.08433179116832,FROZEN_AFTER_AQ_AND_6H_BEFORE_48H_COMPARISON
central__single_APT_37to6_prolate_AR5,2.7576985616049723e-15,3.373668958402298,C,48.0,473.15,MI,0.938620898246908,1.08433179116832,FROZEN_AFTER_AQ_AND_6H_BEFORE_48H_COMPARISON
central__single_APT_37to6_prolate_AR5,2.7576985616049723e-15,3.373668958402298,A,48.0,473.15,MS,0.955505919652562,1.08433179116832,FROZEN_AFTER_AQ_AND_6H_BEFORE_48H_COMPARISON
central__single_APT_37to6_prolate_AR5,2.7576985616049723e-15,3.373668958402298,B,48.0,473.15,MS,0.954389602482946,1.08433179116832,FROZEN_AFTER_AQ_AND_6H_BEFORE_48H_COMPARISON
central__single_APT_37to6_prolate_AR5,2.7576985616049723e-15,3.373668958402298,C,48.0,473.15,MS,0.9561973661599483,1.08433179116832,FROZEN_AFTER_AQ_AND_6H_BEFORE_48H_COMPARISON
central__single_APT_37to6_prolate_AR5,2.7576985616049723e-15,3.373668958402298,A,48.0,473.15,MIS,0.9357126710710223,1.08433179116832,FROZEN_AFTER_AQ_AND_6H_BEFORE_48H_COMPARISON
central__single_APT_37to6_prolate_AR5,2.7576985616049723e-15,3.373668958402298,B,48.0,473.15,MIS,0.9326127939375763,1.08433179116832,FROZEN_AFTER_AQ_AND_6H_BEFORE_48H_COMPARISON
central__single_APT_37to6_prolate_AR5,2.7576985616049723e-15,3.373668958402298,C,48.0,473.15,MIS,0.938490416993907,1.08433179116832,FROZEN_AFTER_AQ_AND_6H_BEFORE_48H_COMPARISON
central__single_APT_37to6_prolate_AR5,2.7576985616049723e-15,3.373668958402298,A,48.0,523.15,M0,0.9033106793136122,1.0405857347362493,FROZEN_AFTER_AQ_AND_6H_BEFORE_48H_COMPARISON
central__single_APT_37to6_prolate_AR5,2.7576985616049723e-15,3.373668958402298,B,48.0,523.15,M0,0.9023183102757049,1.0405857347362493,FROZEN_AFTER_AQ_AND_6H_BEFORE_48H_COMPARISON
central__single_APT_37to6_prolate_AR5,2.7576985616049723e-15,3.373668958402298,C,48.0,523.15,M0,0.90390853365976,1.0405857347362493,FROZEN_AFTER_AQ_AND_6H_BEFORE_48H_COMPARISON
central__single_APT_37to6_prolate_AR5,2.7576985616049723e-15,3.373668958402298,A,48.0,523.15,MI,0.8854491583222988,1.0405857347362493,FROZEN_AFTER_AQ_AND_6H_BEFORE_48H_COMPARISON
central__single_APT_37to6_prolate_AR5,2.7576985616049723e-15,3.373668958402298,B,48.0,523.15,MI,0.8826685446761939,1.0405857347362493,FROZEN_AFTER_AQ_AND_6H_BEFORE_48H_COMPARISON
central__single_APT_37to6_prolate_AR5,2.7576985616049723e-15,3.373668958402298,C,48.0,523.15,MI,0.8879290720615934,1.0405857347362493,FROZEN_AFTER_AQ_AND_6H_BEFORE_48H_COMPARISON
central__single_APT_37to6_prolate_AR5,2.7576985616049723e-15,3.373668958402298,A,48.0,523.15,MS,0.9031442941715674,1.0405857347362493,FROZEN_AFTER_AQ_AND_6H_BEFORE_48H_COMPARISON
central__single_APT_37to6_prolate_AR5,2.7576985616049723e-15,3.373668958402298,B,48.0,523.15,MS,0.9021524231185246,1.0405857347362493,FROZEN_AFTER_AQ_AND_6H_BEFORE_48H_COMPARISON
central__single_APT_37to6_prolate_AR5,2.7576985616049723e-15,3.373668958402298,C,48.0,523.15,MS,0.9037499726215363,1.0405857347362493,FROZEN_AFTER_AQ_AND_6H_BEFORE_48H_COMPARISON
central__single_APT_37to6_prolate_AR5,2.7576985616049723e-15,3.373668958402298,A,48.0,523.15,MIS,0.8853267760412499,1.0405857347362493,FROZEN_AFTER_AQ_AND_6H_BEFORE_48H_COMPARISON
central__single_APT_37to6_prolate_AR5,2.7576985616049723e-15,3.373668958402298,B,48.0,523.15,MIS,0.8825491307084353,1.0405857347362493,FROZEN_AFTER_AQ_AND_6H_BEFORE_48H_COMPARISON
central__single_APT_37to6_prolate_AR5,2.7576985616049723e-15,3.373668958402298,C,48.0,523.15,MIS,0.887809257651595,1.0405857347362493,FROZEN_AFTER_AQ_AND_6H_BEFORE_48H_COMPARISON
central__single_APT_37to6_prolate_AR5,2.7576985616049723e-15,3.373668958402298,A,48.0,573.15,M0,0.856337130805125,1.03,FROZEN_AFTER_AQ_AND_6H_BEFORE_48H_COMPARISON
central__single_APT_37to6_prolate_AR5,2.7576985616049723e-15,3.373668958402298,B,48.0,573.15,M0,0.855449475096029,1.03,FROZEN_AFTER_AQ_AND_6H_BEFORE_48H_COMPARISON
central__single_APT_37to6_prolate_AR5,2.7576985616049723e-15,3.373668958402298,C,48.0,573.15,M0,0.8568647633307628,1.03,FROZEN_AFTER_AQ_AND_6H_BEFORE_48H_COMPARISON
central__single_APT_37to6_prolate_AR5,2.7576985616049723e-15,3.373668958402298,A,48.0,573.15,MI,0.8401694246838899,1.03,FROZEN_AFTER_AQ_AND_6H_BEFORE_48H_COMPARISON
central__single_APT_37to6_prolate_AR5,2.7576985616049723e-15,3.373668958402298,B,48.0,573.15,MI,0.8376630673483861,1.03,FROZEN_AFTER_AQ_AND_6H_BEFORE_48H_COMPARISON
central__single_APT_37to6_prolate_AR5,2.7576985616049723e-15,3.373668958402298,C,48.0,573.15,MI,0.8423993498673044,1.03,FROZEN_AFTER_AQ_AND_6H_BEFORE_48H_COMPARISON
central__single_APT_37to6_prolate_AR5,2.7576985616049723e-15,3.373668958402298,A,48.0,573.15,MS,0.8561851793954768,1.03,FROZEN_AFTER_AQ_AND_6H_BEFORE_48H_COMPARISON
central__single_APT_37to6_prolate_AR5,2.7576985616049723e-15,3.373668958402298,B,48.0,573.15,MS,0.8552982224636395,1.03,FROZEN_AFTER_AQ_AND_6H_BEFORE_48H_COMPARISON
central__single_APT_37to6_prolate_AR5,2.7576985616049723e-15,3.373668958402298,C,48.0,573.15,MS,0.8567196813531116,1.03,FROZEN_AFTER_AQ_AND_6H_BEFORE_48H_COMPARISON
central__single_APT_37to6_prolate_AR5,2.7576985616049723e-15,3.373668958402298,A,48.0,573.15,MIS,0.8400566762914546,1.03,FROZEN_AFTER_AQ_AND_6H_BEFORE_48H_COMPARISON
central__single_APT_37to6_prolate_AR5,2.7576985616049723e-15,3.373668958402298,B,48.0,573.15,MIS,0.8375531344451518,1.03,FROZEN_AFTER_AQ_AND_6H_BEFORE_48H_COMPARISON
central__single_APT_37to6_prolate_AR5,2.7576985616049723e-15,3.373668958402298,C,48.0,573.15,MIS,0.8422888736697508,1.03,FROZEN_AFTER_AQ_AND_6H_BEFORE_48H_COMPARISON
central__single_APT_37to6_prolate_AR2,2.4936855220958868e-15,6.1621025512884975,A,6.0,303.15,M0,1.248140983370245,1.2625169478550462,FROZEN_AFTER_AQ_AND_6H_BEFORE_48H_COMPARISON
central__single_APT_37to6_prolate_AR2,2.4936855220958868e-15,6.1621025512884975,B,6.0,303.15,M0,1.2481381199055568,1.2625169478550462,FROZEN_AFTER_AQ_AND_6H_BEFORE_48H_COMPARISON
central__single_APT_37to6_prolate_AR2,2.4936855220958868e-15,6.1621025512884975,C,6.0,303.15,M0,1.2481420421868732,1.2625169478550462,FROZEN_AFTER_AQ_AND_6H_BEFORE_48H_COMPARISON
central__single_APT_37to6_prolate_AR2,2.4936855220958868e-15,6.1621025512884975,A,6.0,303.15,MI,1.1205738061590116,1.2625169478550462,FROZEN_AFTER_AQ_AND_6H_BEFORE_48H_COMPARISON
central__single_APT_37to6_prolate_AR2,2.4936855220958868e-15,6.1621025512884975,B,6.0,303.15,MI,1.1205711678673076,1.2625169478550462,FROZEN_AFTER_AQ_AND_6H_BEFORE_48H_COMPARISON
central__single_APT_37to6_prolate_AR2,2.4936855220958868e-15,6.1621025512884975,C,6.0,303.15,MI,1.1205747833305442,1.2625169478550462,FROZEN_AFTER_AQ_AND_6H_BEFORE_48H_COMPARISON
central__single_APT_37to6_prolate_AR2,2.4936855220958868e-15,6.1621025512884975,A,6.0,303.15,MS,1.2477764893498244,1.2625169478550462,FROZEN_AFTER_AQ_AND_6H_BEFORE_48H_COMPARISON
central__single_APT_37to6_prolate_AR2,2.4936855220958868e-15,6.1621025512884975,B,6.0,303.15,MS,1.247771706233768,1.2625169478550462,FROZEN_AFTER_AQ_AND_6H_BEFORE_48H_COMPARISON
central__single_APT_37to6_prolate_AR2,2.4936855220958868e-15,6.1621025512884975,C,6.0,303.15,MS,1.2477757514596413,1.2625169478550462,FROZEN_AFTER_AQ_AND_6H_BEFORE_48H_COMPARISON
central__single_APT_37to6_prolate_AR2,2.4936855220958868e-15,6.1621025512884975,A,6.0,303.15,MIS,1.1204424998754519,1.2625169478550462,FROZEN_AFTER_AQ_AND_6H_BEFORE_48H_COMPARISON
central__single_APT_37to6_prolate_AR2,2.4936855220958868e-15,6.1621025512884975,B,6.0,303.15,MIS,1.1204392948691293,1.2625169478550462,FROZEN_AFTER_AQ_AND_6H_BEFORE_48H_COMPARISON
central__single_APT_37to6_prolate_AR2,2.4936855220958868e-15,6.1621025512884975,C,6.0,303.15,MIS,1.1204428773232076,1.2625169478550462,FROZEN_AFTER_AQ_AND_6H_BEFORE_48H_COMPARISON
central__single_APT_37to6_prolate_AR2,2.4936855220958868e-15,6.1621025512884975,A,6.0,323.15,M0,1.2118188157535517,1.0882440401175293,FROZEN_AFTER_AQ_AND_6H_BEFORE_48H_COMPARISON
central__single_APT_37to6_prolate_AR2,2.4936855220958868e-15,6.1621025512884975,B,6.0,323.15,M0,1.2118161128041907,1.0882440401175293,FROZEN_AFTER_AQ_AND_6H_BEFORE_48H_COMPARISON
central__single_APT_37to6_prolate_AR2,2.4936855220958868e-15,6.1621025512884975,C,6.0,323.15,M0,1.211819815215559,1.0882440401175293,FROZEN_AFTER_AQ_AND_6H_BEFORE_48H_COMPARISON
central__single_APT_37to6_prolate_AR2,2.4936855220958868e-15,6.1621025512884975,A,6.0,323.15,MI,1.0909063203932496,1.0882440401175293,FROZEN_AFTER_AQ_AND_6H_BEFORE_48H_COMPARISON
central__single_APT_37to6_prolate_AR2,2.4936855220958868e-15,6.1621025512884975,B,6.0,323.15,MI,1.09090382332074,1.0882440401175293,FROZEN_AFTER_AQ_AND_6H_BEFORE_48H_COMPARISON
central__single_APT_37to6_prolate_AR2,2.4936855220958868e-15,6.1621025512884975,C,6.0,323.15,MI,1.0909072452670485,1.0882440401175293,FROZEN_AFTER_AQ_AND_6H_BEFORE_48H_COMPARISON
central__single_APT_37to6_prolate_AR2,2.4936855220958868e-15,6.1621025512884975,A,6.0,323.15,MS,1.211474648214245,1.0882440401175293,FROZEN_AFTER_AQ_AND_6H_BEFORE_48H_COMPARISON
central__single_APT_37to6_prolate_AR2,2.4936855220958868e-15,6.1621025512884975,B,6.0,323.15,MS,1.2114701274910225,1.0882440401175293,FROZEN_AFTER_AQ_AND_6H_BEFORE_48H_COMPARISON
central__single_APT_37to6_prolate_AR2,2.4936855220958868e-15,6.1621025512884975,C,6.0,323.15,MS,1.2114739484033163,1.0882440401175293,FROZEN_AFTER_AQ_AND_6H_BEFORE_48H_COMPARISON
central__single_APT_37to6_prolate_AR2,2.4936855220958868e-15,6.1621025512884975,A,6.0,323.15,MIS,1.0907802916938436,1.0882440401175293,FROZEN_AFTER_AQ_AND_6H_BEFORE_48H_COMPARISON
central__single_APT_37to6_prolate_AR2,2.4936855220958868e-15,6.1621025512884975,B,6.0,323.15,MIS,1.0907772484750289,1.0882440401175293,FROZEN_AFTER_AQ_AND_6H_BEFORE_48H_COMPARISON
central__single_APT_37to6_prolate_AR2,2.4936855220958868e-15,6.1621025512884975,C,6.0,323.15,MIS,1.0907806399607456,1.0882440401175293,FROZEN_AFTER_AQ_AND_6H_BEFORE_48H_COMPARISON
central__single_APT_37to6_prolate_AR2,2.4936855220958868e-15,6.1621025512884975,A,6.0,373.15,M0,1.1293481036245265,0.9630520737428236,FROZEN_AFTER_AQ_AND_6H_BEFORE_48H_COMPARISON
central__single_APT_37to6_prolate_AR2,2.4936855220958868e-15,6.1621025512884975,B,6.0,373.15,M0,1.1293457486089382,0.9630520737428236,FROZEN_AFTER_AQ_AND_6H_BEFORE_48H_COMPARISON
central__single_APT_37to6_prolate_AR2,2.4936855220958868e-15,6.1621025512884975,C,6.0,373.15,M0,1.1293489744296816,0.9630520737428236,FROZEN_AFTER_AQ_AND_6H_BEFORE_48H_COMPARISON
central__single_APT_37to6_prolate_AR2,2.4936855220958868e-15,6.1621025512884975,A,6.0,373.15,MI,1.0229191074134798,0.9630520737428236,FROZEN_AFTER_AQ_AND_6H_BEFORE_48H_COMPARISON
central__single_APT_37to6_prolate_AR2,2.4936855220958868e-15,6.1621025512884975,B,6.0,373.15,MI,1.02291691856699,0.9630520737428236,FROZEN_AFTER_AQ_AND_6H_BEFORE_48H_COMPARISON
central__single_APT_37to6_prolate_AR2,2.4936855220958868e-15,6.1621025512884975,C,6.0,373.15,MI,1.0229199181411968,0.9630520737428236,FROZEN_AFTER_AQ_AND_6H_BEFORE_48H_COMPARISON
central__single_APT_37to6_prolate_AR2,2.4936855220958868e-15,6.1621025512884975,A,6.0,373.15,MS,1.129047796927068,0.9630520737428236,FROZEN_AFTER_AQ_AND_6H_BEFORE_48H_COMPARISON
central__single_APT_37to6_prolate_AR2,2.4936855220958868e-15,6.1621025512884975,B,6.0,373.15,MS,1.1290438453700509,0.9630520737428236,FROZEN_AFTER_AQ_AND_6H_BEFORE_48H_COMPARISON
central__single_APT_37to6_prolate_AR2,2.4936855220958868e-15,6.1621025512884975,C,6.0,373.15,MS,1.1290471792147294,0.9630520737428236,FROZEN_AFTER_AQ_AND_6H_BEFORE_48H_COMPARISON
central__single_APT_37to6_prolate_AR2,2.4936855220958868e-15,6.1621025512884975,A,6.0,373.15,MIS,1.0228048675159986,0.9630520737428236,FROZEN_AFTER_AQ_AND_6H_BEFORE_48H_COMPARISON
central__single_APT_37to6_prolate_AR2,2.4936855220958868e-15,6.1621025512884975,B,6.0,373.15,MIS,1.0228021787867938,0.9630520737428236,FROZEN_AFTER_AQ_AND_6H_BEFORE_48H_COMPARISON
central__single_APT_37to6_prolate_AR2,2.4936855220958868e-15,6.1621025512884975,C,6.0,373.15,MIS,1.0228051534014118,0.9630520737428236,FROZEN_AFTER_AQ_AND_6H_BEFORE_48H_COMPARISON
central__single_APT_37to6_prolate_AR2,2.4936855220958868e-15,6.1621025512884975,A,6.0,423.15,M0,1.0571560343967825,0.8755599608786824,FROZEN_AFTER_AQ_AND_6H_BEFORE_48H_COMPARISON
central__single_APT_37to6_prolate_AR2,2.4936855220958868e-15,6.1621025512884975,B,6.0,423.15,M0,1.0571539650410522,0.8755599608786824,FROZEN_AFTER_AQ_AND_6H_BEFORE_48H_COMPARISON
central__single_APT_37to6_prolate_AR2,2.4936855220958868e-15,6.1621025512884975,C,6.0,423.15,M0,1.0571567995728453,0.8755599608786824,FROZEN_AFTER_AQ_AND_6H_BEFORE_48H_COMPARISON
central__single_APT_37to6_prolate_AR2,2.4936855220958868e-15,6.1621025512884975,A,6.0,423.15,MI,0.9627054378071885,0.8755599608786824,FROZEN_AFTER_AQ_AND_6H_BEFORE_48H_COMPARISON
central__single_APT_37to6_prolate_AR2,2.4936855220958868e-15,6.1621025512884975,B,6.0,423.15,MI,0.962703504276263,0.8755599608786824,FROZEN_AFTER_AQ_AND_6H_BEFORE_48H_COMPARISON
central__single_APT_37to6_prolate_AR2,2.4936855220958868e-15,6.1621025512884975,C,6.0,423.15,MI,0.9627061539821926,0.8755599608786824,FROZEN_AFTER_AQ_AND_6H_BEFORE_48H_COMPARISON
central__single_APT_37to6_prolate_AR2,2.4936855220958868e-15,6.1621025512884975,A,6.0,423.15,MS,1.0568916069633094,0.8755599608786824,FROZEN_AFTER_AQ_AND_6H_BEFORE_48H_COMPARISON
central__single_APT_37to6_prolate_AR2,2.4936855220958868e-15,6.1621025512884975,B,6.0,423.15,MS,1.0568881235843957,0.8755599608786824,FROZEN_AFTER_AQ_AND_6H_BEFORE_48H_COMPARISON
central__single_APT_37to6_prolate_AR2,2.4936855220958868e-15,6.1621025512884975,C,6.0,423.15,MS,1.0568910565909502,0.8755599608786824,FROZEN_AFTER_AQ_AND_6H_BEFORE_48H_COMPARISON
central__single_APT_37to6_prolate_AR2,2.4936855220958868e-15,6.1621025512884975,A,6.0,423.15,MIS,0.9626013001736766,0.8755599608786824,FROZEN_AFTER_AQ_AND_6H_BEFORE_48H_COMPARISON
central__single_APT_37to6_prolate_AR2,2.4936855220958868e-15,6.1621025512884975,B,6.0,423.15,MIS,0.9625989067937684,0.8755599608786824,FROZEN_AFTER_AQ_AND_6H_BEFORE_48H_COMPARISON
central__single_APT_37to6_prolate_AR2,2.4936855220958868e-15,6.1621025512884975,C,6.0,423.15,MIS,0.9626015360204055,0.8755599608786824,FROZEN_AFTER_AQ_AND_6H_BEFORE_48H_COMPARISON
central__single_APT_37to6_prolate_AR2,2.4936855220958868e-15,6.1621025512884975,A,6.0,473.15,M0,0.9935170525631378,0.8549317391464868,FROZEN_AFTER_AQ_AND_6H_BEFORE_48H_COMPARISON
central__single_APT_37to6_prolate_AR2,2.4936855220958868e-15,6.1621025512884975,B,6.0,473.15,M0,0.9935152202936623,0.8549317391464868,FROZEN_AFTER_AQ_AND_6H_BEFORE_48H_COMPARISON
central__single_APT_37to6_prolate_AR2,2.4936855220958868e-15,6.1621025512884975,C,6.0,473.15,M0,0.993517730071603,0.8549317391464868,FROZEN_AFTER_AQ_AND_6H_BEFORE_48H_COMPARISON
central__single_APT_37to6_prolate_AR2,2.4936855220958868e-15,6.1621025512884975,A,6.0,473.15,MI,0.9090890039140376,0.8549317391464868,FROZEN_AFTER_AQ_AND_6H_BEFORE_48H_COMPARISON
central__single_APT_37to6_prolate_AR2,2.4936855220958868e-15,6.1621025512884975,B,6.0,473.15,MI,0.9090872839194984,0.8549317391464868,FROZEN_AFTER_AQ_AND_6H_BEFORE_48H_COMPARISON
central__single_APT_37to6_prolate_AR2,2.4936855220958868e-15,6.1621025512884975,C,6.0,473.15,MI,0.909089641007628,0.8549317391464868,FROZEN_AFTER_AQ_AND_6H_BEFORE_48H_COMPARISON
central__single_APT_37to6_prolate_AR2,2.4936855220958868e-15,6.1621025512884975,A,6.0,473.15,MS,0.9932823628855899,0.8549317391464868,FROZEN_AFTER_AQ_AND_6H_BEFORE_48H_COMPARISON
central__single_APT_37to6_prolate_AR2,2.4936855220958868e-15,6.1621025512884975,B,6.0,473.15,MS,0.9932792690295452,0.8549317391464868,FROZEN_AFTER_AQ_AND_6H_BEFORE_48H_COMPARISON
central__single_APT_37to6_prolate_AR2,2.4936855220958868e-15,6.1621025512884975,C,6.0,473.15,MS,0.9932818686366444,0.8549317391464868,FROZEN_AFTER_AQ_AND_6H_BEFORE_48H_COMPARISON
central__single_APT_37to6_prolate_AR2,2.4936855220958868e-15,6.1621025512884975,A,6.0,473.15,MIS,0.9089936008509213,0.8549317391464868,FROZEN_AFTER_AQ_AND_6H_BEFORE_48H_COMPARISON
central__single_APT_37to6_prolate_AR2,2.4936855220958868e-15,6.1621025512884975,B,6.0,473.15,MIS,0.908991455947583,0.8549317391464868,FROZEN_AFTER_AQ_AND_6H_BEFORE_48H_COMPARISON
central__single_APT_37to6_prolate_AR2,2.4936855220958868e-15,6.1621025512884975,C,6.0,473.15,MIS,0.9089937962339367,0.8549317391464868,FROZEN_AFTER_AQ_AND_6H_BEFORE_48H_COMPARISON
central__single_APT_37to6_prolate_AR2,2.4936855220958868e-15,6.1621025512884975,A,6.0,523.15,M0,0.9370370804684313,0.8542204211557212,FROZEN_AFTER_AQ_AND_6H_BEFORE_48H_COMPARISON
central__single_APT_37to6_prolate_AR2,2.4936855220958868e-15,6.1621025512884975,B,6.0,523.15,M0,0.9370354469815214,0.8542204211557212,FROZEN_AFTER_AQ_AND_6H_BEFORE_48H_COMPARISON
central__single_APT_37to6_prolate_AR2,2.4936855220958868e-15,6.1621025512884975,C,6.0,523.15,M0,0.9370376844731151,0.8542204211557212,FROZEN_AFTER_AQ_AND_6H_BEFORE_48H_COMPARISON
central__single_APT_37to6_prolate_AR2,2.4936855220958868e-15,6.1621025512884975,A,6.0,523.15,MI,0.8610827765523292,0.8542204211557212,FROZEN_AFTER_AQ_AND_6H_BEFORE_48H_COMPARISON
central__single_APT_37to6_prolate_AR2,2.4936855220958868e-15,6.1621025512884975,B,6.0,523.15,MI,0.8610812368060766,0.8542204211557212,FROZEN_AFTER_AQ_AND_6H_BEFORE_48H_COMPARISON
central__single_APT_37to6_prolate_AR2,2.4936855220958868e-15,6.1621025512884975,C,6.0,523.15,MI,0.8610833468915225,0.8542204211557212,FROZEN_AFTER_AQ_AND_6H_BEFORE_48H_COMPARISON
central__single_APT_37to6_prolate_AR2,2.4936855220958868e-15,6.1621025512884975,A,6.0,523.15,MS,0.9368273233642058,0.8542204211557212,FROZEN_AFTER_AQ_AND_6H_BEFORE_48H_COMPARISON
central__single_APT_37to6_prolate_AR2,2.4936855220958868e-15,6.1621025512884975,B,6.0,523.15,MS,0.9368245569800893,0.8542204211557212,FROZEN_AFTER_AQ_AND_6H_BEFORE_48H_COMPARISON
central__single_APT_37to6_prolate_AR2,2.4936855220958868e-15,6.1621025512884975,C,6.0,523.15,MS,0.9368268765006624,0.8542204211557212,FROZEN_AFTER_AQ_AND_6H_BEFORE_48H_COMPARISON
central__single_APT_37to6_prolate_AR2,2.4936855220958868e-15,6.1621025512884975,A,6.0,523.15,MIS,0.860994985862543,0.8542204211557212,FROZEN_AFTER_AQ_AND_6H_BEFORE_48H_COMPARISON
central__single_APT_37to6_prolate_AR2,2.4936855220958868e-15,6.1621025512884975,B,6.0,523.15,MIS,0.8609930519345672,0.8542204211557212,FROZEN_AFTER_AQ_AND_6H_BEFORE_48H_COMPARISON
central__single_APT_37to6_prolate_AR2,2.4936855220958868e-15,6.1621025512884975,C,6.0,523.15,MIS,0.860995148257485,0.8542204211557212,FROZEN_AFTER_AQ_AND_6H_BEFORE_48H_COMPARISON
central__single_APT_37to6_prolate_AR2,2.4936855220958868e-15,6.1621025512884975,A,6.0,573.15,M0,0.8865939955564095,0.85,FROZEN_AFTER_AQ_AND_6H_BEFORE_48H_COMPARISON
central__single_APT_37to6_prolate_AR2,2.4936855220958868e-15,6.1621025512884975,B,6.0,573.15,M0,0.8865925303011574,0.85,FROZEN_AFTER_AQ_AND_6H_BEFORE_48H_COMPARISON
central__single_APT_37to6_prolate_AR2,2.4936855220958868e-15,6.1621025512884975,C,6.0,573.15,M0,0.8865945373542772,0.85,FROZEN_AFTER_AQ_AND_6H_BEFORE_48H_COMPARISON
central__single_APT_37to6_prolate_AR2,2.4936855220958868e-15,6.1621025512884975,A,6.0,573.15,MI,0.8178709670578829,0.85,FROZEN_AFTER_AQ_AND_6H_BEFORE_48H_COMPARISON
central__single_APT_37to6_prolate_AR2,2.4936855220958868e-15,6.1621025512884975,B,6.0,573.15,MI,0.8178695807712455,0.85,FROZEN_AFTER_AQ_AND_6H_BEFORE_48H_COMPARISON
central__single_APT_37to6_prolate_AR2,2.4936855220958868e-15,6.1621025512884975,C,6.0,573.15,MI,0.817871480562954,0.85,FROZEN_AFTER_AQ_AND_6H_BEFORE_48H_COMPARISON
central__single_APT_37to6_prolate_AR2,2.4936855220958868e-15,6.1621025512884975,A,6.0,573.15,MS,0.8864053557240733,0.85,FROZEN_AFTER_AQ_AND_6H_BEFORE_48H_COMPARISON
central__single_APT_37to6_prolate_AR2,2.4936855220958868e-15,6.1621025512884975,B,6.0,573.15,MS,0.8864028672511632,0.85,FROZEN_AFTER_AQ_AND_6H_BEFORE_48H_COMPARISON
central__single_APT_37to6_prolate_AR2,2.4936855220958868e-15,6.1621025512884975,C,6.0,573.15,MS,0.8864049493067978,0.85,FROZEN_AFTER_AQ_AND_6H_BEFORE_48H_COMPARISON
central__single_APT_37to6_prolate_AR2,2.4936855220958868e-15,6.1621025512884975,A,6.0,573.15,MIS,0.8177898581393355,0.85,FROZEN_AFTER_AQ_AND_6H_BEFORE_48H_COMPARISON
central__single_APT_37to6_prolate_AR2,2.4936855220958868e-15,6.1621025512884975,B,6.0,573.15,MIS,0.8177881048764699,0.85,FROZEN_AFTER_AQ_AND_6H_BEFORE_48H_COMPARISON
central__single_APT_37to6_prolate_AR2,2.4936855220958868e-15,6.1621025512884975,C,6.0,573.15,MIS,0.8177899934323988,0.85,FROZEN_AFTER_AQ_AND_6H_BEFORE_48H_COMPARISON
central__single_APT_37to6_prolate_AR2,2.4936855220958868e-15,6.1621025512884975,A,48.0,303.15,M0,1.2453250808650884,1.5171687885490504,FROZEN_AFTER_AQ_AND_6H_BEFORE_48H_COMPARISON
central__single_APT_37to6_prolate_AR2,2.4936855220958868e-15,6.1621025512884975,B,48.0,303.15,M0,1.2433764731242398,1.5171687885490504,FROZEN_AFTER_AQ_AND_6H_BEFORE_48H_COMPARISON
central__single_APT_37to6_prolate_AR2,2.4936855220958868e-15,6.1621025512884975,C,48.0,303.15,M0,1.2466050270931024,1.5171687885490504,FROZEN_AFTER_AQ_AND_6H_BEFORE_48H_COMPARISON
central__single_APT_37to6_prolate_AR2,2.4936855220958868e-15,6.1621025512884975,A,48.0,303.15,MI,1.1892614253335712,1.5171687885490504,FROZEN_AFTER_AQ_AND_6H_BEFORE_48H_COMPARISON
central__single_APT_37to6_prolate_AR2,2.4936855220958868e-15,6.1621025512884975,B,48.0,303.15,MI,1.1820243351433264,1.5171687885490504,FROZEN_AFTER_AQ_AND_6H_BEFORE_48H_COMPARISON
central__single_APT_37to6_prolate_AR2,2.4936855220958868e-15,6.1621025512884975,C,48.0,303.15,MI,1.196162401541746,1.5171687885490504,FROZEN_AFTER_AQ_AND_6H_BEFORE_48H_COMPARISON
central__single_APT_37to6_prolate_AR2,2.4936855220958868e-15,6.1621025512884975,A,48.0,303.15,MS,1.245038837274837,1.5171687885490504,FROZEN_AFTER_AQ_AND_6H_BEFORE_48H_COMPARISON
central__single_APT_37to6_prolate_AR2,2.4936855220958868e-15,6.1621025512884975,B,48.0,303.15,MS,1.2430881446818633,1.5171687885490504,FROZEN_AFTER_AQ_AND_6H_BEFORE_48H_COMPARISON
central__single_APT_37to6_prolate_AR2,2.4936855220958868e-15,6.1621025512884975,C,48.0,303.15,MS,1.2463356047638552,1.5171687885490504,FROZEN_AFTER_AQ_AND_6H_BEFORE_48H_COMPARISON
central__single_APT_37to6_prolate_AR2,2.4936855220958868e-15,6.1621025512884975,A,48.0,303.15,MIS,1.1891027609783116,1.5171687885490504,FROZEN_AFTER_AQ_AND_6H_BEFORE_48H_COMPARISON
central__single_APT_37to6_prolate_AR2,2.4936855220958868e-15,6.1621025512884975,B,48.0,303.15,MIS,1.1818707925668523,1.5171687885490504,FROZEN_AFTER_AQ_AND_6H_BEFORE_48H_COMPARISON
central__single_APT_37to6_prolate_AR2,2.4936855220958868e-15,6.1621025512884975,C,48.0,303.15,MIS,1.1960052049388468,1.5171687885490504,FROZEN_AFTER_AQ_AND_6H_BEFORE_48H_COMPARISON
central__single_APT_37to6_prolate_AR2,2.4936855220958868e-15,6.1621025512884975,A,48.0,323.15,M0,1.2091368581791302,1.3578335586176062,FROZEN_AFTER_AQ_AND_6H_BEFORE_48H_COMPARISON
central__single_APT_37to6_prolate_AR2,2.4936855220958868e-15,6.1621025512884975,B,48.0,323.15,M0,1.2073059807941842,1.3578335586176062,FROZEN_AFTER_AQ_AND_6H_BEFORE_48H_COMPARISON
central__single_APT_37to6_prolate_AR2,2.4936855220958868e-15,6.1621025512884975,C,48.0,323.15,M0,1.2103294089280823,1.3578335586176062,FROZEN_AFTER_AQ_AND_6H_BEFORE_48H_COMPARISON
central__single_APT_37to6_prolate_AR2,2.4936855220958868e-15,6.1621025512884975,A,48.0,323.15,MI,1.1560547421475056,1.3578335586176062,FROZEN_AFTER_AQ_AND_6H_BEFORE_48H_COMPARISON
central__single_APT_37to6_prolate_AR2,2.4936855220958868e-15,6.1621025512884975,B,48.0,323.15,MI,1.1492101927921485,1.3578335586176062,FROZEN_AFTER_AQ_AND_6H_BEFORE_48H_COMPARISON
central__single_APT_37to6_prolate_AR2,2.4936855220958868e-15,6.1621025512884975,C,48.0,323.15,MI,1.162574346897565,1.3578335586176062,FROZEN_AFTER_AQ_AND_6H_BEFORE_48H_COMPARISON
central__single_APT_37to6_prolate_AR2,2.4936855220958868e-15,6.1621025512884975,A,48.0,323.15,MS,1.2088645492484298,1.3578335586176062,FROZEN_AFTER_AQ_AND_6H_BEFORE_48H_COMPARISON
central__single_APT_37to6_prolate_AR2,2.4936855220958868e-15,6.1621025512884975,B,48.0,323.15,MS,1.207031960019741,1.3578335586176062,FROZEN_AFTER_AQ_AND_6H_BEFORE_48H_COMPARISON
central__single_APT_37to6_prolate_AR2,2.4936855220958868e-15,6.1621025512884975,C,48.0,323.15,MS,1.210072790206278,1.3578335586176062,FROZEN_AFTER_AQ_AND_6H_BEFORE_48H_COMPARISON
central__single_APT_37to6_prolate_AR2,2.4936855220958868e-15,6.1621025512884975,A,48.0,323.15,MIS,1.1559025692069742,1.3578335586176062,FROZEN_AFTER_AQ_AND_6H_BEFORE_48H_COMPARISON
central__single_APT_37to6_prolate_AR2,2.4936855220958868e-15,6.1621025512884975,B,48.0,323.15,MIS,1.1490629573910052,1.3578335586176062,FROZEN_AFTER_AQ_AND_6H_BEFORE_48H_COMPARISON
central__single_APT_37to6_prolate_AR2,2.4936855220958868e-15,6.1621025512884975,C,48.0,323.15,MIS,1.1624235580487503,1.3578335586176062,FROZEN_AFTER_AQ_AND_6H_BEFORE_48H_COMPARISON
central__single_APT_37to6_prolate_AR2,2.4936855220958868e-15,6.1621025512884975,A,48.0,373.15,M0,1.1269624068235549,1.1846276278662375,FROZEN_AFTER_AQ_AND_6H_BEFORE_48H_COMPARISON
central__single_APT_37to6_prolate_AR2,2.4936855220958868e-15,6.1621025512884975,B,48.0,373.15,M0,1.1253840646180817,1.1846276278662375,FROZEN_AFTER_AQ_AND_6H_BEFORE_48H_COMPARISON
central__single_APT_37to6_prolate_AR2,2.4936855220958868e-15,6.1621025512884975,C,48.0,373.15,M0,1.1279704770855135,1.1846276278662375,FROZEN_AFTER_AQ_AND_6H_BEFORE_48H_COMPARISON
central__single_APT_37to6_prolate_AR2,2.4936855220958868e-15,6.1621025512884975,A,48.0,373.15,MI,1.0803533728434973,1.1846276278662375,FROZEN_AFTER_AQ_AND_6H_BEFORE_48H_COMPARISON
central__single_APT_37to6_prolate_AR2,2.4936855220958868e-15,6.1621025512884975,B,48.0,373.15,MI,1.0743603227386347,1.1846276278662375,FROZEN_AFTER_AQ_AND_6H_BEFORE_48H_COMPARISON
central__single_APT_37to6_prolate_AR2,2.4936855220958868e-15,6.1621025512884975,C,48.0,373.15,MI,1.0860479002604055,1.1846276278662375,FROZEN_AFTER_AQ_AND_6H_BEFORE_48H_COMPARISON
central__single_APT_37to6_prolate_AR2,2.4936855220958868e-15,6.1621025512884975,A,48.0,373.15,MS,1.1267206244545285,1.1846276278662375,FROZEN_AFTER_AQ_AND_6H_BEFORE_48H_COMPARISON
central__single_APT_37to6_prolate_AR2,2.4936855220958868e-15,6.1621025512884975,B,48.0,373.15,MS,1.125141325978899,1.1846276278662375,FROZEN_AFTER_AQ_AND_6H_BEFORE_48H_COMPARISON
central__single_APT_37to6_prolate_AR2,2.4936855220958868e-15,6.1621025512884975,C,48.0,373.15,MS,1.1277419790464256,1.1846276278662375,FROZEN_AFTER_AQ_AND_6H_BEFORE_48H_COMPARISON
central__single_APT_37to6_prolate_AR2,2.4936855220958868e-15,6.1621025512884975,A,48.0,373.15,MIS,1.0802156555378217,1.1846276278662375,FROZEN_AFTER_AQ_AND_6H_BEFORE_48H_COMPARISON
central__single_APT_37to6_prolate_AR2,2.4936855220958868e-15,6.1621025512884975,B,48.0,373.15,MIS,1.0742271316654697,1.1846276278662375,FROZEN_AFTER_AQ_AND_6H_BEFORE_48H_COMPARISON
central__single_APT_37to6_prolate_AR2,2.4936855220958868e-15,6.1621025512884975,C,48.0,373.15,MIS,1.0859113799469338,1.1846276278662375,FROZEN_AFTER_AQ_AND_6H_BEFORE_48H_COMPARISON
central__single_APT_37to6_prolate_AR2,2.4936855220958868e-15,6.1621025512884975,A,48.0,423.15,M0,1.055020759673414,1.0846874501637025,FROZEN_AFTER_AQ_AND_6H_BEFORE_48H_COMPARISON
central__single_APT_37to6_prolate_AR2,2.4936855220958868e-15,6.1621025512884975,B,48.0,423.15,M0,1.0536468878210037,1.0846874501637025,FROZEN_AFTER_AQ_AND_6H_BEFORE_48H_COMPARISON
central__single_APT_37to6_prolate_AR2,2.4936855220958868e-15,6.1621025512884975,C,48.0,423.15,M0,1.0558826464926812,1.0846874501637025,FROZEN_AFTER_AQ_AND_6H_BEFORE_48H_COMPARISON
central__single_APT_37to6_prolate_AR2,2.4936855220958868e-15,6.1621025512884975,A,48.0,423.15,MI,1.013748124233582,1.0846874501637025,FROZEN_AFTER_AQ_AND_6H_BEFORE_48H_COMPARISON
central__single_APT_37to6_prolate_AR2,2.4936855220958868e-15,6.1621025512884975,B,48.0,423.15,MI,1.0084557400922876,1.0846874501637025,FROZEN_AFTER_AQ_AND_6H_BEFORE_48H_COMPARISON
central__single_APT_37to6_prolate_AR2,2.4936855220958868e-15,6.1621025512884975,C,48.0,423.15,MI,1.018766003378272,1.0846874501637025,FROZEN_AFTER_AQ_AND_6H_BEFORE_48H_COMPARISON
central__single_APT_37to6_prolate_AR2,2.4936855220958868e-15,6.1621025512884975,A,48.0,423.15,MS,1.0548044616733336,1.0846874501637025,FROZEN_AFTER_AQ_AND_6H_BEFORE_48H_COMPARISON
central__single_APT_37to6_prolate_AR2,2.4936855220958868e-15,6.1621025512884975,B,48.0,423.15,MS,1.0534301949117368,1.0846874501637025,FROZEN_AFTER_AQ_AND_6H_BEFORE_48H_COMPARISON
central__single_APT_37to6_prolate_AR2,2.4936855220958868e-15,6.1621025512884975,C,48.0,423.15,MS,1.0556777055434303,1.0846874501637025,FROZEN_AFTER_AQ_AND_6H_BEFORE_48H_COMPARISON
central__single_APT_37to6_prolate_AR2,2.4936855220958868e-15,6.1621025512884975,A,48.0,423.15,MIS,1.013622747102335,1.0846874501637025,FROZEN_AFTER_AQ_AND_6H_BEFORE_48H_COMPARISON
central__single_APT_37to6_prolate_AR2,2.4936855220958868e-15,6.1621025512884975,B,48.0,423.15,MIS,1.0083345361728897,1.0846874501637025,FROZEN_AFTER_AQ_AND_6H_BEFORE_48H_COMPARISON
central__single_APT_37to6_prolate_AR2,2.4936855220958868e-15,6.1621025512884975,C,48.0,423.15,MIS,1.0186416637452147,1.0846874501637025,FROZEN_AFTER_AQ_AND_6H_BEFORE_48H_COMPARISON
central__single_APT_37to6_prolate_AR2,2.4936855220958868e-15,6.1621025512884975,A,48.0,473.15,M0,0.9915953442389971,1.08433179116832,FROZEN_AFTER_AQ_AND_6H_BEFORE_48H_COMPARISON
central__single_APT_37to6_prolate_AR2,2.4936855220958868e-15,6.1621025512884975,B,48.0,473.15,M0,0.9903890804708749,1.08433179116832,FROZEN_AFTER_AQ_AND_6H_BEFORE_48H_COMPARISON
central__single_APT_37to6_prolate_AR2,2.4936855220958868e-15,6.1621025512884975,C,48.0,473.15,M0,0.9923397284537754,1.08433179116832,FROZEN_AFTER_AQ_AND_6H_BEFORE_48H_COMPARISON
central__single_APT_37to6_prolate_AR2,2.4936855220958868e-15,6.1621025512884975,A,48.0,473.15,MI,0.9547753741421303,1.08433179116832,FROZEN_AFTER_AQ_AND_6H_BEFORE_48H_COMPARISON
central__single_APT_37to6_prolate_AR2,2.4936855220958868e-15,6.1621025512884975,B,48.0,473.15,MI,0.9500662941646646,1.08433179116832,FROZEN_AFTER_AQ_AND_6H_BEFORE_48H_COMPARISON
central__single_APT_37to6_prolate_AR2,2.4936855220958868e-15,6.1621025512884975,C,48.0,473.15,MI,0.9592315706702362,1.08433179116832,FROZEN_AFTER_AQ_AND_6H_BEFORE_48H_COMPARISON
central__single_APT_37to6_prolate_AR2,2.4936855220958868e-15,6.1621025512884975,A,48.0,473.15,MS,0.9914005619472281,1.08433179116832,FROZEN_AFTER_AQ_AND_6H_BEFORE_48H_COMPARISON
central__single_APT_37to6_prolate_AR2,2.4936855220958868e-15,6.1621025512884975,B,48.0,473.15,MS,0.9901943236904349,1.08433179116832,FROZEN_AFTER_AQ_AND_6H_BEFORE_48H_COMPARISON
central__single_APT_37to6_prolate_AR2,2.4936855220958868e-15,6.1621025512884975,C,48.0,473.15,MS,0.9921547387281892,1.08433179116832,FROZEN_AFTER_AQ_AND_6H_BEFORE_48H_COMPARISON
central__single_APT_37to6_prolate_AR2,2.4936855220958868e-15,6.1621025512884975,A,48.0,473.15,MIS,0.9546606323098572,1.08433179116832,FROZEN_AFTER_AQ_AND_6H_BEFORE_48H_COMPARISON
central__single_APT_37to6_prolate_AR2,2.4936855220958868e-15,6.1621025512884975,B,48.0,473.15,MIS,0.9499554191640597,1.08433179116832,FROZEN_AFTER_AQ_AND_6H_BEFORE_48H_COMPARISON
central__single_APT_37to6_prolate_AR2,2.4936855220958868e-15,6.1621025512884975,C,48.0,473.15,MIS,0.9591177300491828,1.08433179116832,FROZEN_AFTER_AQ_AND_6H_BEFORE_48H_COMPARISON
central__single_APT_37to6_prolate_AR2,2.4936855220958868e-15,6.1621025512884975,A,48.0,523.15,M0,0.9352989061559926,1.0405857347362493,FROZEN_AFTER_AQ_AND_6H_BEFORE_48H_COMPARISON
central__single_APT_37to6_prolate_AR2,2.4936855220958868e-15,6.1621025512884975,B,48.0,523.15,M0,0.9342316142288934,1.0405857347362493,FROZEN_AFTER_AQ_AND_6H_BEFORE_48H_COMPARISON
central__single_APT_37to6_prolate_AR2,2.4936855220958868e-15,6.1621025512884975,C,48.0,523.15,M0,0.9359476050622831,1.0405857347362493,FROZEN_AFTER_AQ_AND_6H_BEFORE_48H_COMPARISON
central__single_APT_37to6_prolate_AR2,2.4936855220958868e-15,6.1621025512884975,A,48.0,523.15,MI,0.9022342830964402,1.0405857347362493,FROZEN_AFTER_AQ_AND_6H_BEFORE_48H_COMPARISON
central__single_APT_37to6_prolate_AR2,2.4936855220958868e-15,6.1621025512884975,B,48.0,523.15,MI,0.8980159580231729,1.0405857347362493,FROZEN_AFTER_AQ_AND_6H_BEFORE_48H_COMPARISON
central__single_APT_37to6_prolate_AR2,2.4936855220958868e-15,6.1621025512884975,C,48.0,523.15,MI,0.9062191220090827,1.0405857347362493,FROZEN_AFTER_AQ_AND_6H_BEFORE_48H_COMPARISON
central__single_APT_37to6_prolate_AR2,2.4936855220958868e-15,6.1621025512884975,A,48.0,523.15,MS,0.9351224700989985,1.0405857347362493,FROZEN_AFTER_AQ_AND_6H_BEFORE_48H_COMPARISON
central__single_APT_37to6_prolate_AR2,2.4936855220958868e-15,6.1621025512884975,B,48.0,523.15,MS,0.934055520237729,1.0405857347362493,FROZEN_AFTER_AQ_AND_6H_BEFORE_48H_COMPARISON
central__single_APT_37to6_prolate_AR2,2.4936855220958868e-15,6.1621025512884975,C,48.0,523.15,MS,0.9357796766021212,1.0405857347362493,FROZEN_AFTER_AQ_AND_6H_BEFORE_48H_COMPARISON
central__single_APT_37to6_prolate_AR2,2.4936855220958868e-15,6.1621025512884975,A,48.0,523.15,MIS,0.9021287848510368,1.0405857347362493,FROZEN_AFTER_AQ_AND_6H_BEFORE_48H_COMPARISON
central__single_APT_37to6_prolate_AR2,2.4936855220958868e-15,6.1621025512884975,B,48.0,523.15,MIS,0.8979140581823791,1.0405857347362493,FROZEN_AFTER_AQ_AND_6H_BEFORE_48H_COMPARISON
central__single_APT_37to6_prolate_AR2,2.4936855220958868e-15,6.1621025512884975,C,48.0,523.15,MIS,0.9061144081363276,1.0405857347362493,FROZEN_AFTER_AQ_AND_6H_BEFORE_48H_COMPARISON
central__single_APT_37to6_prolate_AR2,2.4936855220958868e-15,6.1621025512884975,A,48.0,573.15,M0,0.8850146294548286,1.03,FROZEN_AFTER_AQ_AND_6H_BEFORE_48H_COMPARISON
central__single_APT_37to6_prolate_AR2,2.4936855220958868e-15,6.1621025512884975,B,48.0,573.15,M0,0.8840637737748062,1.03,FROZEN_AFTER_AQ_AND_6H_BEFORE_48H_COMPARISON
central__single_APT_37to6_prolate_AR2,2.4936855220958868e-15,6.1621025512884975,C,48.0,573.15,M0,0.8855844883572925,1.03,FROZEN_AFTER_AQ_AND_6H_BEFORE_48H_COMPARISON
central__single_APT_37to6_prolate_AR2,2.4936855220958868e-15,6.1621025512884975,A,48.0,573.15,MI,0.8551476812608815,1.03,FROZEN_AFTER_AQ_AND_6H_BEFORE_48H_COMPARISON
central__single_APT_37to6_prolate_AR2,2.4936855220958868e-15,6.1621025512884975,B,48.0,573.15,MI,0.851346196665163,1.03,FROZEN_AFTER_AQ_AND_6H_BEFORE_48H_COMPARISON
central__single_APT_37to6_prolate_AR2,2.4936855220958868e-15,6.1621025512884975,C,48.0,573.15,MI,0.8587330738400255,1.03,FROZEN_AFTER_AQ_AND_6H_BEFORE_48H_COMPARISON
central__single_APT_37to6_prolate_AR2,2.4936855220958868e-15,6.1621025512884975,A,48.0,573.15,MS,0.8848539755380692,1.03,FROZEN_AFTER_AQ_AND_6H_BEFORE_48H_COMPARISON
central__single_APT_37to6_prolate_AR2,2.4936855220958868e-15,6.1621025512884975,B,48.0,573.15,MS,0.8839037009093967,1.03,FROZEN_AFTER_AQ_AND_6H_BEFORE_48H_COMPARISON
central__single_APT_37to6_prolate_AR2,2.4936855220958868e-15,6.1621025512884975,C,48.0,573.15,MS,0.8854312755586405,1.03,FROZEN_AFTER_AQ_AND_6H_BEFORE_48H_COMPARISON
central__single_APT_37to6_prolate_AR2,2.4936855220958868e-15,6.1621025512884975,A,48.0,573.15,MIS,0.8550502774730633,1.03,FROZEN_AFTER_AQ_AND_6H_BEFORE_48H_COMPARISON
central__single_APT_37to6_prolate_AR2,2.4936855220958868e-15,6.1621025512884975,B,48.0,573.15,MIS,0.8512521541828877,1.03,FROZEN_AFTER_AQ_AND_6H_BEFORE_48H_COMPARISON
central__single_APT_37to6_prolate_AR2,2.4936855220958868e-15,6.1621025512884975,C,48.0,573.15,MIS,0.8586363538895015,1.03,FROZEN_AFTER_AQ_AND_6H_BEFORE_48H_COMPARISON
central__single_APT_37to6_large_Lover2_sphere_bound,2.034793345394537e-15,9.999999703462143,A,6.0,303.15,M0,1.3604405364541172,1.2625169478550462,FROZEN_AFTER_AQ_AND_6H_BEFORE_48H_COMPARISON
central__single_APT_37to6_large_Lover2_sphere_bound,2.034793345394537e-15,9.999999703462143,B,6.0,303.15,M0,1.3604371502063173,1.2625169478550462,FROZEN_AFTER_AQ_AND_6H_BEFORE_48H_COMPARISON
central__single_APT_37to6_large_Lover2_sphere_bound,2.034793345394537e-15,9.999999703462143,C,6.0,303.15,M0,1.3604417885827922,1.2625169478550462,FROZEN_AFTER_AQ_AND_6H_BEFORE_48H_COMPARISON
central__single_APT_37to6_large_Lover2_sphere_bound,2.034793345394537e-15,9.999999703462143,A,6.0,303.15,MI,1.1471536142864835,1.2625169478550462,FROZEN_AFTER_AQ_AND_6H_BEFORE_48H_COMPARISON
central__single_APT_37to6_large_Lover2_sphere_bound,2.034793345394537e-15,9.999999703462143,B,6.0,303.15,MI,1.1471506811484302,1.2625169478550462,FROZEN_AFTER_AQ_AND_6H_BEFORE_48H_COMPARISON
central__single_APT_37to6_large_Lover2_sphere_bound,2.034793345394537e-15,9.999999703462143,C,6.0,303.15,MI,1.1471547013394485,1.2625169478550462,FROZEN_AFTER_AQ_AND_6H_BEFORE_48H_COMPARISON
central__single_APT_37to6_large_Lover2_sphere_bound,2.034793345394537e-15,9.999999703462143,A,6.0,303.15,MS,1.3600111498279452,1.2625169478550462,FROZEN_AFTER_AQ_AND_6H_BEFORE_48H_COMPARISON
central__single_APT_37to6_large_Lover2_sphere_bound,2.034793345394537e-15,9.999999703462143,B,6.0,303.15,MS,1.3600055212744402,1.2625169478550462,FROZEN_AFTER_AQ_AND_6H_BEFORE_48H_COMPARISON
central__single_APT_37to6_large_Lover2_sphere_bound,2.034793345394537e-15,9.999999703462143,C,6.0,303.15,MS,1.3600102951398325,1.2625169478550462,FROZEN_AFTER_AQ_AND_6H_BEFORE_48H_COMPARISON
central__single_APT_37to6_large_Lover2_sphere_bound,2.034793345394537e-15,9.999999703462143,A,6.0,303.15,MIS,1.1470502343924853,1.2625169478550462,FROZEN_AFTER_AQ_AND_6H_BEFORE_48H_COMPARISON
central__single_APT_37to6_large_Lover2_sphere_bound,2.034793345394537e-15,9.999999703462143,B,6.0,303.15,MIS,1.1470468816212755,1.2625169478550462,FROZEN_AFTER_AQ_AND_6H_BEFORE_48H_COMPARISON
central__single_APT_37to6_large_Lover2_sphere_bound,2.034793345394537e-15,9.999999703462143,C,6.0,303.15,MIS,1.1470508603293053,1.2625169478550462,FROZEN_AFTER_AQ_AND_6H_BEFORE_48H_COMPARISON
central__single_APT_37to6_large_Lover2_sphere_bound,2.034793345394537e-15,9.999999703462143,A,6.0,323.15,M0,1.317302737273469,1.0882440401175293,FROZEN_AFTER_AQ_AND_6H_BEFORE_48H_COMPARISON
central__single_APT_37to6_large_Lover2_sphere_bound,2.034793345394537e-15,9.999999703462143,B,6.0,323.15,M0,1.3172995570926198,1.0882440401175293,FROZEN_AFTER_AQ_AND_6H_BEFORE_48H_COMPARISON
central__single_APT_37to6_large_Lover2_sphere_bound,2.034793345394537e-15,9.999999703462143,C,6.0,323.15,M0,1.3173039132033444,1.0882440401175293,FROZEN_AFTER_AQ_AND_6H_BEFORE_48H_COMPARISON
central__single_APT_37to6_large_Lover2_sphere_bound,2.034793345394537e-15,9.999999703462143,A,6.0,323.15,MI,1.1157362818600336,1.0882440401175293,FROZEN_AFTER_AQ_AND_6H_BEFORE_48H_COMPARISON
central__single_APT_37to6_large_Lover2_sphere_bound,2.034793345394537e-15,9.999999703462143,B,6.0,323.15,MI,1.1157335137308817,1.0882440401175293,FROZEN_AFTER_AQ_AND_6H_BEFORE_48H_COMPARISON
central__single_APT_37to6_large_Lover2_sphere_bound,2.034793345394537e-15,9.999999703462143,C,6.0,323.15,MI,1.1157373077739312,1.0882440401175293,FROZEN_AFTER_AQ_AND_6H_BEFORE_48H_COMPARISON
central__single_APT_37to6_large_Lover2_sphere_bound,2.034793345394537e-15,9.999999703462143,A,6.0,323.15,MS,1.31689935754903,1.0882440401175293,FROZEN_AFTER_AQ_AND_6H_BEFORE_48H_COMPARISON
central__single_APT_37to6_large_Lover2_sphere_bound,2.034793345394537e-15,9.999999703462143,B,6.0,323.15,MS,1.3168940639528195,1.0882440401175293,FROZEN_AFTER_AQ_AND_6H_BEFORE_48H_COMPARISON
central__single_APT_37to6_large_Lover2_sphere_bound,2.034793345394537e-15,9.999999703462143,C,6.0,323.15,MS,1.3168985507912836,1.0882440401175293,FROZEN_AFTER_AQ_AND_6H_BEFORE_48H_COMPARISON
central__single_APT_37to6_large_Lover2_sphere_bound,2.034793345394537e-15,9.999999703462143,A,6.0,323.15,MIS,1.1156369917544358,1.0882440401175293,FROZEN_AFTER_AQ_AND_6H_BEFORE_48H_COMPARISON
central__single_APT_37to6_large_Lover2_sphere_bound,2.034793345394537e-15,9.999999703462143,B,6.0,323.15,MIS,1.1156338190086301,1.0882440401175293,FROZEN_AFTER_AQ_AND_6H_BEFORE_48H_COMPARISON
central__single_APT_37to6_large_Lover2_sphere_bound,2.034793345394537e-15,9.999999703462143,C,6.0,323.15,MIS,1.1156375740965316,1.0882440401175293,FROZEN_AFTER_AQ_AND_6H_BEFORE_48H_COMPARISON
central__single_APT_37to6_large_Lover2_sphere_bound,2.034793345394537e-15,9.999999703462143,A,6.0,373.15,M0,1.2202616807333084,0.9630520737428236,FROZEN_AFTER_AQ_AND_6H_BEFORE_48H_COMPARISON
central__single_APT_37to6_large_Lover2_sphere_bound,2.034793345394537e-15,9.999999703462143,B,6.0,373.15,M0,1.2202589415219411,0.9630520737428236,FROZEN_AFTER_AQ_AND_6H_BEFORE_48H_COMPARISON
central__single_APT_37to6_large_Lover2_sphere_bound,2.034793345394537e-15,9.999999703462143,C,6.0,373.15,M0,1.220262693603541,0.9630520737428236,FROZEN_AFTER_AQ_AND_6H_BEFORE_48H_COMPARISON
central__single_APT_37to6_large_Lover2_sphere_bound,2.034793345394537e-15,9.999999703462143,A,6.0,373.15,MI,1.0439973071176918,0.9630520737428236,FROZEN_AFTER_AQ_AND_6H_BEFORE_48H_COMPARISON
central__single_APT_37to6_large_Lover2_sphere_bound,2.034793345394537e-15,9.999999703462143,B,6.0,373.15,MI,1.0439948965107861,0.9630520737428236,FROZEN_AFTER_AQ_AND_6H_BEFORE_48H_COMPARISON
central__single_APT_37to6_large_Lover2_sphere_bound,2.034793345394537e-15,9.999999703462143,C,6.0,373.15,MI,1.0439982005603803,0.9630520737428236,FROZEN_AFTER_AQ_AND_6H_BEFORE_48H_COMPARISON
central__single_APT_37to6_large_Lover2_sphere_bound,2.034793345394537e-15,9.999999703462143,A,6.0,373.15,MS,1.2199137085710163,0.9630520737428236,FROZEN_AFTER_AQ_AND_6H_BEFORE_48H_COMPARISON
central__single_APT_37to6_large_Lover2_sphere_bound,2.034793345394537e-15,9.999999703462143,B,6.0,373.15,MS,1.2199091325288738,0.9630520737428236,FROZEN_AFTER_AQ_AND_6H_BEFORE_48H_COMPARISON
central__single_APT_37to6_large_Lover2_sphere_bound,2.034793345394537e-15,9.999999703462143,C,6.0,373.15,MS,1.219913003936414,0.9630520737428236,FROZEN_AFTER_AQ_AND_6H_BEFORE_48H_COMPARISON
central__single_APT_37to6_large_Lover2_sphere_bound,2.034793345394537e-15,9.999999703462143,A,6.0,373.15,MIS,1.0439071399749311,0.9630520737428236,FROZEN_AFTER_AQ_AND_6H_BEFORE_48H_COMPARISON
central__single_APT_37to6_large_Lover2_sphere_bound,2.034793345394537e-15,9.999999703462143,B,6.0,373.15,MIS,1.0439043584384833,0.9630520737428236,FROZEN_AFTER_AQ_AND_6H_BEFORE_48H_COMPARISON
central__single_APT_37to6_large_Lover2_sphere_bound,2.034793345394537e-15,9.999999703462143,C,6.0,373.15,MIS,1.0439076290594955,0.9630520737428236,FROZEN_AFTER_AQ_AND_6H_BEFORE_48H_COMPARISON
central__single_APT_37to6_large_Lover2_sphere_bound,2.034793345394537e-15,9.999999703462143,A,6.0,423.15,M0,1.1363097861377862,0.8755599608786824,FROZEN_AFTER_AQ_AND_6H_BEFORE_48H_COMPARISON
central__single_APT_37to6_large_Lover2_sphere_bound,2.034793345394537e-15,9.999999703462143,B,6.0,423.15,M0,1.1363074030233784,0.8755599608786824,FROZEN_AFTER_AQ_AND_6H_BEFORE_48H_COMPARISON
central__single_APT_37to6_large_Lover2_sphere_bound,2.034793345394537e-15,9.999999703462143,C,6.0,423.15,M0,1.1363106673328085,0.8755599608786824,FROZEN_AFTER_AQ_AND_6H_BEFORE_48H_COMPARISON
central__single_APT_37to6_large_Lover2_sphere_bound,2.034793345394537e-15,9.999999703462143,A,6.0,423.15,MI,0.9807529197178501,0.8755599608786824,FROZEN_AFTER_AQ_AND_6H_BEFORE_48H_COMPARISON
central__single_APT_37to6_large_Lover2_sphere_bound,2.034793345394537e-15,9.999999703462143,B,6.0,423.15,MI,0.9807508024600707,0.8755599608786824,FROZEN_AFTER_AQ_AND_6H_BEFORE_48H_COMPARISON
central__single_APT_37to6_large_Lover2_sphere_bound,2.034793345394537e-15,9.999999703462143,C,6.0,423.15,MI,0.9807537044642939,0.8755599608786824,FROZEN_AFTER_AQ_AND_6H_BEFORE_48H_COMPARISON
central__single_APT_37to6_large_Lover2_sphere_bound,2.034793345394537e-15,9.999999703462143,A,6.0,423.15,MS,1.1360063964983567,0.8755599608786824,FROZEN_AFTER_AQ_AND_6H_BEFORE_48H_COMPARISON
central__single_APT_37to6_large_Lover2_sphere_bound,2.034793345394537e-15,9.999999703462143,B,6.0,423.15,MS,1.1360024012516072,0.8755599608786824,FROZEN_AFTER_AQ_AND_6H_BEFORE_48H_COMPARISON
central__single_APT_37to6_large_Lover2_sphere_bound,2.034793345394537e-15,9.999999703462143,C,6.0,423.15,MS,1.1360057743477285,0.8755599608786824,FROZEN_AFTER_AQ_AND_6H_BEFORE_48H_COMPARISON
central__single_APT_37to6_large_Lover2_sphere_bound,2.034793345394537e-15,9.999999703462143,A,6.0,423.15,MIS,0.9806705590700888,0.8755599608786824,FROZEN_AFTER_AQ_AND_6H_BEFORE_48H_COMPARISON
central__single_APT_37to6_large_Lover2_sphere_bound,2.034793345394537e-15,9.999999703462143,B,6.0,423.15,MIS,0.9806680999432336,0.8755599608786824,FROZEN_AFTER_AQ_AND_6H_BEFORE_48H_COMPARISON
central__single_APT_37to6_large_Lover2_sphere_bound,2.034793345394537e-15,9.999999703462143,C,6.0,423.15,MIS,0.980670973109423,0.8755599608786824,FROZEN_AFTER_AQ_AND_6H_BEFORE_48H_COMPARISON
central__single_APT_37to6_large_Lover2_sphere_bound,2.034793345394537e-15,9.999999703462143,A,6.0,473.15,M0,1.06304804203405,0.8549317391464868,FROZEN_AFTER_AQ_AND_6H_BEFORE_48H_COMPARISON
central__single_APT_37to6_large_Lover2_sphere_bound,2.034793345394537e-15,9.999999703462143,B,6.0,473.15,M0,1.0630459502663285,0.8549317391464868,FROZEN_AFTER_AQ_AND_6H_BEFORE_48H_COMPARISON
central__single_APT_37to6_large_Lover2_sphere_bound,2.034793345394537e-15,9.999999703462143,C,6.0,473.15,M0,1.0630488154972355,0.8549317391464868,FROZEN_AFTER_AQ_AND_6H_BEFORE_48H_COMPARISON
central__single_APT_37to6_large_Lover2_sphere_bound,2.034793345394537e-15,9.999999703462143,A,6.0,473.15,MI,0.9246620195517474,0.8549317391464868,FROZEN_AFTER_AQ_AND_6H_BEFORE_48H_COMPARISON
central__single_APT_37to6_large_Lover2_sphere_bound,2.034793345394537e-15,9.999999703462143,B,6.0,473.15,MI,0.9246601456161473,0.8549317391464868,FROZEN_AFTER_AQ_AND_6H_BEFORE_48H_COMPARISON
central__single_APT_37to6_large_Lover2_sphere_bound,2.034793345394537e-15,9.999999703462143,C,6.0,473.15,MI,0.9246627141362269,0.8549317391464868,FROZEN_AFTER_AQ_AND_6H_BEFORE_48H_COMPARISON
central__single_APT_37to6_large_Lover2_sphere_bound,2.034793345394537e-15,9.999999703462143,A,6.0,473.15,MS,1.0627810792218375,0.8549317391464868,FROZEN_AFTER_AQ_AND_6H_BEFORE_48H_COMPARISON
central__single_APT_37to6_large_Lover2_sphere_bound,2.034793345394537e-15,9.999999703462143,B,6.0,473.15,MS,1.0627775605002792,0.8549317391464868,FROZEN_AFTER_AQ_AND_6H_BEFORE_48H_COMPARISON
central__single_APT_37to6_large_Lover2_sphere_bound,2.034793345394537e-15,9.999999703462143,C,6.0,473.15,MS,1.0627805249019562,0.8549317391464868,FROZEN_AFTER_AQ_AND_6H_BEFORE_48H_COMPARISON
central__single_APT_37to6_large_Lover2_sphere_bound,2.034793345394537e-15,9.999999703462143,A,6.0,473.15,MIS,0.9245864028325443,0.8549317391464868,FROZEN_AFTER_AQ_AND_6H_BEFORE_48H_COMPARISON
central__single_APT_37to6_large_Lover2_sphere_bound,2.034793345394537e-15,9.999999703462143,B,6.0,473.15,MIS,0.9245842123326067,0.8549317391464868,FROZEN_AFTER_AQ_AND_6H_BEFORE_48H_COMPARISON
central__single_APT_37to6_large_Lover2_sphere_bound,2.034793345394537e-15,9.999999703462143,C,6.0,473.15,MIS,0.9245867558621356,0.8549317391464868,FROZEN_AFTER_AQ_AND_6H_BEFORE_48H_COMPARISON
central__single_APT_37to6_large_Lover2_sphere_bound,2.034793345394537e-15,9.999999703462143,A,6.0,523.15,M0,0.9985966877430568,0.8542204211557212,FROZEN_AFTER_AQ_AND_6H_BEFORE_48H_COMPARISON
central__single_APT_37to6_large_Lover2_sphere_bound,2.034793345394537e-15,9.999999703462143,B,6.0,523.15,M0,0.9985948372132164,0.8542204211557212,FROZEN_AFTER_AQ_AND_6H_BEFORE_48H_COMPARISON
central__single_APT_37to6_large_Lover2_sphere_bound,2.034793345394537e-15,9.999999703462143,C,6.0,523.15,M0,0.9985973720035396,0.8542204211557212,FROZEN_AFTER_AQ_AND_6H_BEFORE_48H_COMPARISON
central__single_APT_37to6_large_Lover2_sphere_bound,2.034793345394537e-15,9.999999703462143,A,6.0,523.15,MI,0.8746149948667442,0.8542204211557212,FROZEN_AFTER_AQ_AND_6H_BEFORE_48H_COMPARISON
central__single_APT_37to6_large_Lover2_sphere_bound,2.034793345394537e-15,9.999999703462143,B,6.0,523.15,MI,0.8746133248279171,0.8542204211557212,FROZEN_AFTER_AQ_AND_6H_BEFORE_48H_COMPARISON
central__single_APT_37to6_large_Lover2_sphere_bound,2.034793345394537e-15,9.999999703462143,C,6.0,523.15,MI,0.8746156138960723,0.8542204211557212,FROZEN_AFTER_AQ_AND_6H_BEFORE_48H_COMPARISON
central__single_APT_37to6_large_Lover2_sphere_bound,2.034793345394537e-15,9.999999703462143,A,6.0,523.15,MS,0.9983598863587744,0.8542204211557212,FROZEN_AFTER_AQ_AND_6H_BEFORE_48H_COMPARISON
central__single_APT_37to6_large_Lover2_sphere_bound,2.034793345394537e-15,9.999999703462143,B,6.0,523.15,MS,0.9983567633910903,0.8542204211557212,FROZEN_AFTER_AQ_AND_6H_BEFORE_48H_COMPARISON
central__single_APT_37to6_large_Lover2_sphere_bound,2.034793345394537e-15,9.999999703462143,C,6.0,523.15,MS,0.9983593886412958,0.8542204211557212,FROZEN_AFTER_AQ_AND_6H_BEFORE_48H_COMPARISON
central__single_APT_37to6_large_Lover2_sphere_bound,2.034793345394537e-15,9.999999703462143,A,6.0,523.15,MIS,0.8745452535992262,0.8542204211557212,FROZEN_AFTER_AQ_AND_6H_BEFORE_48H_COMPARISON
central__single_APT_37to6_large_Lover2_sphere_bound,2.034793345394537e-15,9.999999703462143,B,6.0,523.15,MIS,0.8745432892133654,0.8542204211557212,FROZEN_AFTER_AQ_AND_6H_BEFORE_48H_COMPARISON
central__single_APT_37to6_large_Lover2_sphere_bound,2.034793345394537e-15,9.999999703462143,C,6.0,523.15,MIS,0.8745455565414576,0.8542204211557212,FROZEN_AFTER_AQ_AND_6H_BEFORE_48H_COMPARISON
central__single_APT_37to6_large_Lover2_sphere_bound,2.034793345394537e-15,9.999999703462143,A,6.0,573.15,M0,0.941477399385511,0.85,FROZEN_AFTER_AQ_AND_6H_BEFORE_48H_COMPARISON
central__single_APT_37to6_large_Lover2_sphere_bound,2.034793345394537e-15,9.999999703462143,B,6.0,573.15,M0,0.9414757507729721,0.85,FROZEN_AFTER_AQ_AND_6H_BEFORE_48H_COMPARISON
central__single_APT_37to6_large_Lover2_sphere_bound,2.034793345394537e-15,9.999999703462143,C,6.0,573.15,M0,0.9414780089831061,0.85,FROZEN_AFTER_AQ_AND_6H_BEFORE_48H_COMPARISON
central__single_APT_37to6_large_Lover2_sphere_bound,2.034793345394537e-15,9.999999703462143,A,6.0,573.15,MI,0.829704273784491,0.85,FROZEN_AFTER_AQ_AND_6H_BEFORE_48H_COMPARISON
central__single_APT_37to6_large_Lover2_sphere_bound,2.034793345394537e-15,9.999999703462143,B,6.0,573.15,MI,0.8297027762163278,0.85,FROZEN_AFTER_AQ_AND_6H_BEFORE_48H_COMPARISON
central__single_APT_37to6_large_Lover2_sphere_bound,2.034793345394537e-15,9.999999703462143,C,6.0,573.15,MI,0.8297048289020389,0.85,FROZEN_AFTER_AQ_AND_6H_BEFORE_48H_COMPARISON
central__single_APT_37to6_large_Lover2_sphere_bound,2.034793345394537e-15,9.999999703462143,A,6.0,573.15,MS,0.941265863886823,0.85,FROZEN_AFTER_AQ_AND_6H_BEFORE_48H_COMPARISON
central__single_APT_37to6_large_Lover2_sphere_bound,2.034793345394537e-15,9.999999703462143,B,6.0,573.15,MS,0.941263073176634,0.85,FROZEN_AFTER_AQ_AND_6H_BEFORE_48H_COMPARISON
central__single_APT_37to6_large_Lover2_sphere_bound,2.034793345394537e-15,9.999999703462143,C,6.0,573.15,MS,0.9412654139853041,0.85,FROZEN_AFTER_AQ_AND_6H_BEFORE_48H_COMPARISON
central__single_APT_37to6_large_Lover2_sphere_bound,2.034793345394537e-15,9.999999703462143,A,6.0,573.15,MIS,0.8296396900018388,0.85,FROZEN_AFTER_AQ_AND_6H_BEFORE_48H_COMPARISON
central__single_APT_37to6_large_Lover2_sphere_bound,2.034793345394537e-15,9.999999703462143,B,6.0,573.15,MIS,0.829637917736794,0.85,FROZEN_AFTER_AQ_AND_6H_BEFORE_48H_COMPARISON
central__single_APT_37to6_large_Lover2_sphere_bound,2.034793345394537e-15,9.999999703462143,C,6.0,573.15,MIS,0.8296399514480518,0.85,FROZEN_AFTER_AQ_AND_6H_BEFORE_48H_COMPARISON
central__single_APT_37to6_large_Lover2_sphere_bound,2.034793345394537e-15,9.999999703462143,A,48.0,303.15,M0,1.357224286333428,1.5171687885490504,FROZEN_AFTER_AQ_AND_6H_BEFORE_48H_COMPARISON
central__single_APT_37to6_large_Lover2_sphere_bound,2.034793345394537e-15,9.999999703462143,B,48.0,303.15,M0,1.3548863038830061,1.5171687885490504,FROZEN_AFTER_AQ_AND_6H_BEFORE_48H_COMPARISON
central__single_APT_37to6_large_Lover2_sphere_bound,2.034793345394537e-15,9.999999703462143,C,48.0,303.15,M0,1.3587972201677119,1.5171687885490504,FROZEN_AFTER_AQ_AND_6H_BEFORE_48H_COMPARISON
central__single_APT_37to6_large_Lover2_sphere_bound,2.034793345394537e-15,9.999999703462143,A,48.0,303.15,MI,1.2579820445413215,1.5171687885490504,FROZEN_AFTER_AQ_AND_6H_BEFORE_48H_COMPARISON
central__single_APT_37to6_large_Lover2_sphere_bound,2.034793345394537e-15,9.999999703462143,B,48.0,303.15,MI,1.2468993027945041,1.5171687885490504,FROZEN_AFTER_AQ_AND_6H_BEFORE_48H_COMPARISON
central__single_APT_37to6_large_Lover2_sphere_bound,2.034793345394537e-15,9.999999703462143,C,48.0,303.15,MI,1.268906859340108,1.5171687885490504,FROZEN_AFTER_AQ_AND_6H_BEFORE_48H_COMPARISON
central__single_APT_37to6_large_Lover2_sphere_bound,2.034793345394537e-15,9.999999703462143,A,48.0,303.15,MS,1.3568943622007066,1.5171687885490504,FROZEN_AFTER_AQ_AND_6H_BEFORE_48H_COMPARISON
central__single_APT_37to6_large_Lover2_sphere_bound,2.034793345394537e-15,9.999999703462143,B,48.0,303.15,MS,1.3545530205985479,1.5171687885490504,FROZEN_AFTER_AQ_AND_6H_BEFORE_48H_COMPARISON
central__single_APT_37to6_large_Lover2_sphere_bound,2.034793345394537e-15,9.999999703462143,C,48.0,303.15,MS,1.3584877840076164,1.5171687885490504,FROZEN_AFTER_AQ_AND_6H_BEFORE_48H_COMPARISON
central__single_APT_37to6_large_Lover2_sphere_bound,2.034793345394537e-15,9.999999703462143,A,48.0,303.15,MIS,1.2578434298171892,1.5171687885490504,FROZEN_AFTER_AQ_AND_6H_BEFORE_48H_COMPARISON
central__single_APT_37to6_large_Lover2_sphere_bound,2.034793345394537e-15,9.999999703462143,B,48.0,303.15,MIS,1.2467666107611923,1.5171687885490504,FROZEN_AFTER_AQ_AND_6H_BEFORE_48H_COMPARISON
central__single_APT_37to6_large_Lover2_sphere_bound,2.034793345394537e-15,9.999999703462143,C,48.0,303.15,MIS,1.2687673677368136,1.5171687885490504,FROZEN_AFTER_AQ_AND_6H_BEFORE_48H_COMPARISON
central__single_APT_37to6_large_Lover2_sphere_bound,2.034793345394537e-15,9.999999703462143,A,48.0,323.15,M0,1.3142472990577936,1.3578335586176062,FROZEN_AFTER_AQ_AND_6H_BEFORE_48H_COMPARISON
central__single_APT_37to6_large_Lover2_sphere_bound,2.034793345394537e-15,9.999999703462143,B,48.0,323.15,M0,1.312063505763456,1.3578335586176062,FROZEN_AFTER_AQ_AND_6H_BEFORE_48H_COMPARISON
central__single_APT_37to6_large_Lover2_sphere_bound,2.034793345394537e-15,9.999999703462143,C,48.0,323.15,M0,1.3157028944339164,1.3578335586176062,FROZEN_AFTER_AQ_AND_6H_BEFORE_48H_COMPARISON
central__single_APT_37to6_large_Lover2_sphere_bound,2.034793345394537e-15,9.999999703462143,A,48.0,323.15,MI,1.2206456025269776,1.3578335586176062,FROZEN_AFTER_AQ_AND_6H_BEFORE_48H_COMPARISON
central__single_APT_37to6_large_Lover2_sphere_bound,2.034793345394537e-15,9.999999703462143,B,48.0,323.15,MI,1.2101914649682362,1.3578335586176062,FROZEN_AFTER_AQ_AND_6H_BEFORE_48H_COMPARISON
central__single_APT_37to6_large_Lover2_sphere_bound,2.034793345394537e-15,9.999999703462143,C,48.0,323.15,MI,1.2309423016362768,1.3578335586176062,FROZEN_AFTER_AQ_AND_6H_BEFORE_48H_COMPARISON
central__single_APT_37to6_large_Lover2_sphere_bound,2.034793345394537e-15,9.999999703462143,A,48.0,323.15,MS,1.3139347401394863,1.3578335586176062,FROZEN_AFTER_AQ_AND_6H_BEFORE_48H_COMPARISON
central__single_APT_37to6_large_Lover2_sphere_bound,2.034793345394537e-15,9.999999703462143,B,48.0,323.15,MS,1.311748112885134,1.3578335586176062,FROZEN_AFTER_AQ_AND_6H_BEFORE_48H_COMPARISON
central__single_APT_37to6_large_Lover2_sphere_bound,2.034793345394537e-15,9.999999703462143,C,48.0,323.15,MS,1.3154093440374566,1.3578335586176062,FROZEN_AFTER_AQ_AND_6H_BEFORE_48H_COMPARISON
central__single_APT_37to6_large_Lover2_sphere_bound,2.034793345394537e-15,9.999999703462143,A,48.0,323.15,MIS,1.220512762627277,1.3578335586176062,FROZEN_AFTER_AQ_AND_6H_BEFORE_48H_COMPARISON
central__single_APT_37to6_large_Lover2_sphere_bound,2.034793345394537e-15,9.999999703462143,B,48.0,323.15,MIS,1.2100643001244822,1.3578335586176062,FROZEN_AFTER_AQ_AND_6H_BEFORE_48H_COMPARISON
central__single_APT_37to6_large_Lover2_sphere_bound,2.034793345394537e-15,9.999999703462143,C,48.0,323.15,MIS,1.2308086357704928,1.3578335586176062,FROZEN_AFTER_AQ_AND_6H_BEFORE_48H_COMPARISON
central__single_APT_37to6_large_Lover2_sphere_bound,2.034793345394537e-15,9.999999703462143,A,48.0,373.15,M0,1.217560613386433,1.1846276278662375,FROZEN_AFTER_AQ_AND_6H_BEFORE_48H_COMPARISON
central__single_APT_37to6_large_Lover2_sphere_bound,2.034793345394537e-15,9.999999703462143,B,48.0,373.15,M0,1.21570274243899,1.1846276278662375,FROZEN_AFTER_AQ_AND_6H_BEFORE_48H_COMPARISON
central__single_APT_37to6_large_Lover2_sphere_bound,2.034793345394537e-15,9.999999703462143,C,48.0,373.15,M0,1.2187724315620923,1.1846276278662375,FROZEN_AFTER_AQ_AND_6H_BEFORE_48H_COMPARISON
central__single_APT_37to6_large_Lover2_sphere_bound,2.034793345394537e-15,9.999999703462143,A,48.0,373.15,MI,1.1360790076948997,1.1846276278662375,FROZEN_AFTER_AQ_AND_6H_BEFORE_48H_COMPARISON
central__single_APT_37to6_large_Lover2_sphere_bound,2.034793345394537e-15,9.999999703462143,B,48.0,373.15,MI,1.1269780761115482,1.1846276278662375,FROZEN_AFTER_AQ_AND_6H_BEFORE_48H_COMPARISON
central__single_APT_37to6_large_Lover2_sphere_bound,2.034793345394537e-15,9.999999703462143,C,48.0,373.15,MI,1.1450262216330493,1.1846276278662375,FROZEN_AFTER_AQ_AND_6H_BEFORE_48H_COMPARISON
central__single_APT_37to6_large_Lover2_sphere_bound,2.034793345394537e-15,9.999999703462143,A,48.0,373.15,MS,1.217285686717964,1.1846276278662375,FROZEN_AFTER_AQ_AND_6H_BEFORE_48H_COMPARISON
central__single_APT_37to6_large_Lover2_sphere_bound,2.034793345394537e-15,9.999999703462143,B,48.0,373.15,MS,1.215426035310713,1.1846276278662375,FROZEN_AFTER_AQ_AND_6H_BEFORE_48H_COMPARISON
central__single_APT_37to6_large_Lover2_sphere_bound,2.034793345394537e-15,9.999999703462143,C,48.0,373.15,MS,1.2185134054775746,1.1846276278662375,FROZEN_AFTER_AQ_AND_6H_BEFORE_48H_COMPARISON
central__single_APT_37to6_large_Lover2_sphere_bound,2.034793345394537e-15,9.999999703462143,A,48.0,373.15,MIS,1.1359589620854351,1.1846276278662375,FROZEN_AFTER_AQ_AND_6H_BEFORE_48H_COMPARISON
central__single_APT_37to6_large_Lover2_sphere_bound,2.034793345394537e-15,9.999999703462143,B,48.0,373.15,MIS,1.126863161865966,1.1846276278662375,FROZEN_AFTER_AQ_AND_6H_BEFORE_48H_COMPARISON
central__single_APT_37to6_large_Lover2_sphere_bound,2.034793345394537e-15,9.999999703462143,C,48.0,373.15,MIS,1.1449054530152603,1.1846276278662375,FROZEN_AFTER_AQ_AND_6H_BEFORE_48H_COMPARISON
central__single_APT_37to6_large_Lover2_sphere_bound,2.034793345394537e-15,9.999999703462143,A,48.0,423.15,M0,1.1339064414550615,1.0846874501637025,FROZEN_AFTER_AQ_AND_6H_BEFORE_48H_COMPARISON
central__single_APT_37to6_large_Lover2_sphere_bound,2.034793345394537e-15,9.999999703462143,B,48.0,423.15,M0,1.1323075380570793,1.0846874501637025,FROZEN_AFTER_AQ_AND_6H_BEFORE_48H_COMPARISON
central__single_APT_37to6_large_Lover2_sphere_bound,2.034793345394537e-15,9.999999703462143,C,48.0,423.15,M0,1.1349290178994513,1.0846874501637025,FROZEN_AFTER_AQ_AND_6H_BEFORE_48H_COMPARISON
central__single_APT_37to6_large_Lover2_sphere_bound,2.034793345394537e-15,9.999999703462143,A,48.0,423.15,MI,1.062284499983861,1.0846874501637025,FROZEN_AFTER_AQ_AND_6H_BEFORE_48H_COMPARISON
central__single_APT_37to6_large_Lover2_sphere_bound,2.034793345394537e-15,9.999999703462143,B,48.0,423.15,MI,1.0542863500829116,1.0846874501637025,FROZEN_AFTER_AQ_AND_6H_BEFORE_48H_COMPARISON
central__single_APT_37to6_large_Lover2_sphere_bound,2.034793345394537e-15,9.999999703462143,C,48.0,423.15,MI,1.0701346919984935,1.0846874501637025,FROZEN_AFTER_AQ_AND_6H_BEFORE_48H_COMPARISON
central__single_APT_37to6_large_Lover2_sphere_bound,2.034793345394537e-15,9.999999703462143,A,48.0,423.15,MS,1.1336624921366034,1.0846874501637025,FROZEN_AFTER_AQ_AND_6H_BEFORE_48H_COMPARISON
central__single_APT_37to6_large_Lover2_sphere_bound,2.034793345394537e-15,9.999999703462143,B,48.0,423.15,MS,1.1320625817938506,1.0846874501637025,FROZEN_AFTER_AQ_AND_6H_BEFORE_48H_COMPARISON
central__single_APT_37to6_large_Lover2_sphere_bound,2.034793345394537e-15,9.999999703462143,C,48.0,423.15,MS,1.134698519999421,1.0846874501637025,FROZEN_AFTER_AQ_AND_6H_BEFORE_48H_COMPARISON
central__single_APT_37to6_large_Lover2_sphere_bound,2.034793345394537e-15,9.999999703462143,A,48.0,423.15,MIS,1.0621753086089443,1.0846874501637025,FROZEN_AFTER_AQ_AND_6H_BEFORE_48H_COMPARISON
central__single_APT_37to6_large_Lover2_sphere_bound,2.034793345394537e-15,9.999999703462143,B,48.0,423.15,MIS,1.0541818335634632,1.0846874501637025,FROZEN_AFTER_AQ_AND_6H_BEFORE_48H_COMPARISON
central__single_APT_37to6_large_Lover2_sphere_bound,2.034793345394537e-15,9.999999703462143,C,48.0,423.15,MIS,1.0700248551092848,1.0846874501637025,FROZEN_AFTER_AQ_AND_6H_BEFORE_48H_COMPARISON
central__single_APT_37to6_large_Lover2_sphere_bound,2.034793345394537e-15,9.999999703462143,A,48.0,473.15,M0,1.0608969647942772,1.08433179116832,FROZEN_AFTER_AQ_AND_6H_BEFORE_48H_COMPARISON
central__single_APT_37to6_large_Lover2_sphere_bound,2.034793345394537e-15,9.999999703462143,B,48.0,473.15,M0,1.0595069404136592,1.08433179116832,FROZEN_AFTER_AQ_AND_6H_BEFORE_48H_COMPARISON
central__single_APT_37to6_large_Lover2_sphere_bound,2.034793345394537e-15,9.999999703462143,C,48.0,473.15,M0,1.061770096203605,1.08433179116832,FROZEN_AFTER_AQ_AND_6H_BEFORE_48H_COMPARISON
central__single_APT_37to6_large_Lover2_sphere_bound,2.034793345394537e-15,9.999999703462143,A,48.0,473.15,MI,0.9974081642646284,1.08433179116832,FROZEN_AFTER_AQ_AND_6H_BEFORE_48H_COMPARISON
central__single_APT_37to6_large_Lover2_sphere_bound,2.034793345394537e-15,9.999999703462143,B,48.0,473.15,MI,0.9903205962147401,1.08433179116832,FROZEN_AFTER_AQ_AND_6H_BEFORE_48H_COMPARISON
central__single_APT_37to6_large_Lover2_sphere_bound,2.034793345394537e-15,9.999999703462143,C,48.0,473.15,MI,1.0043544500895452,1.08433179116832,FROZEN_AFTER_AQ_AND_6H_BEFORE_48H_COMPARISON
central__single_APT_37to6_large_Lover2_sphere_bound,2.034793345394537e-15,9.999999703462143,A,48.0,473.15,MS,1.060678849907823,1.08433179116832,FROZEN_AFTER_AQ_AND_6H_BEFORE_48H_COMPARISON
central__single_APT_37to6_large_Lover2_sphere_bound,2.034793345394537e-15,9.999999703462143,B,48.0,473.15,MS,1.059288392828037,1.08433179116832,FROZEN_AFTER_AQ_AND_6H_BEFORE_48H_COMPARISON
central__single_APT_37to6_large_Lover2_sphere_bound,2.034793345394537e-15,9.999999703462143,C,48.0,473.15,MS,1.0615634730159629,1.08433179116832,FROZEN_AFTER_AQ_AND_6H_BEFORE_48H_COMPARISON
central__single_APT_37to6_large_Lover2_sphere_bound,2.034793345394537e-15,9.999999703462143,A,48.0,473.15,MIS,0.9973082812529235,1.08433179116832,FROZEN_AFTER_AQ_AND_6H_BEFORE_48H_COMPARISON
central__single_APT_37to6_large_Lover2_sphere_bound,2.034793345394537e-15,9.999999703462143,B,48.0,473.15,MIS,0.9902249994942842,1.08433179116832,FROZEN_AFTER_AQ_AND_6H_BEFORE_48H_COMPARISON
central__single_APT_37to6_large_Lover2_sphere_bound,2.034793345394537e-15,9.999999703462143,C,48.0,473.15,MIS,1.004253981522418,1.08433179116832,FROZEN_AFTER_AQ_AND_6H_BEFORE_48H_COMPARISON
central__single_APT_37to6_large_Lover2_sphere_bound,2.034793345394537e-15,9.999999703462143,A,48.0,523.15,M0,0.9966609993507265,1.0405857347362493,FROZEN_AFTER_AQ_AND_6H_BEFORE_48H_COMPARISON
central__single_APT_37to6_large_Lover2_sphere_bound,2.034793345394537e-15,9.999999703462143,B,48.0,523.15,M0,0.9954417515163166,1.0405857347362493,FROZEN_AFTER_AQ_AND_6H_BEFORE_48H_COMPARISON
central__single_APT_37to6_large_Lover2_sphere_bound,2.034793345394537e-15,9.999999703462143,C,48.0,523.15,M0,0.9974142968095449,1.0405857347362493,FROZEN_AFTER_AQ_AND_6H_BEFORE_48H_COMPARISON
central__single_APT_37to6_large_Lover2_sphere_bound,2.034793345394537e-15,9.999999703462143,A,48.0,523.15,MI,0.9399636797081876,1.0405857347362493,FROZEN_AFTER_AQ_AND_6H_BEFORE_48H_COMPARISON
central__single_APT_37to6_large_Lover2_sphere_bound,2.034793345394537e-15,9.999999703462143,B,48.0,523.15,MI,0.9336368672818128,1.0405857347362493,FROZEN_AFTER_AQ_AND_6H_BEFORE_48H_COMPARISON
central__single_APT_37to6_large_Lover2_sphere_bound,2.034793345394537e-15,9.999999703462143,C,48.0,523.15,MI,0.9461561939535118,1.0405857347362493,FROZEN_AFTER_AQ_AND_6H_BEFORE_48H_COMPARISON
central__single_APT_37to6_large_Lover2_sphere_bound,2.034793345394537e-15,9.999999703462143,A,48.0,523.15,MS,0.9964646768314358,1.0405857347362493,FROZEN_AFTER_AQ_AND_6H_BEFORE_48H_COMPARISON
central__single_APT_37to6_large_Lover2_sphere_bound,2.034793345394537e-15,9.999999703462143,B,48.0,523.15,MS,0.9952454261318007,1.0405857347362493,FROZEN_AFTER_AQ_AND_6H_BEFORE_48H_COMPARISON
central__single_APT_37to6_large_Lover2_sphere_bound,2.034793345394537e-15,9.999999703462143,C,48.0,523.15,MS,0.9972278767476371,1.0405857347362493,FROZEN_AFTER_AQ_AND_6H_BEFORE_48H_COMPARISON
central__single_APT_37to6_large_Lover2_sphere_bound,2.034793345394537e-15,9.999999703462143,A,48.0,523.15,MIS,0.9398718550290861,1.0405857347362493,FROZEN_AFTER_AQ_AND_6H_BEFORE_48H_COMPARISON
central__single_APT_37to6_large_Lover2_sphere_bound,2.034793345394537e-15,9.999999703462143,B,48.0,523.15,MIS,0.9335489943096141,1.0405857347362493,FROZEN_AFTER_AQ_AND_6H_BEFORE_48H_COMPARISON
central__single_APT_37to6_large_Lover2_sphere_bound,2.034793345394537e-15,9.999999703462143,C,48.0,523.15,MIS,0.9460638312867925,1.0405857347362493,FROZEN_AFTER_AQ_AND_6H_BEFORE_48H_COMPARISON
central__single_APT_37to6_large_Lover2_sphere_bound,2.034793345394537e-15,9.999999703462143,A,48.0,573.15,M0,0.9397269068217148,1.03,FROZEN_AFTER_AQ_AND_6H_BEFORE_48H_COMPARISON
central__single_APT_37to6_large_Lover2_sphere_bound,2.034793345394537e-15,9.999999703462143,B,48.0,573.15,M0,0.9386489883754391,1.03,FROZEN_AFTER_AQ_AND_6H_BEFORE_48H_COMPARISON
central__single_APT_37to6_large_Lover2_sphere_bound,2.034793345394537e-15,9.999999703462143,C,48.0,573.15,M0,0.9403827988021422,1.03,FROZEN_AFTER_AQ_AND_6H_BEFORE_48H_COMPARISON
central__single_APT_37to6_large_Lover2_sphere_bound,2.034793345394537e-15,9.999999703462143,A,48.0,573.15,MI,0.8887622934047752,1.03,FROZEN_AFTER_AQ_AND_6H_BEFORE_48H_COMPARISON
central__single_APT_37to6_large_Lover2_sphere_bound,2.034793345394537e-15,9.999999703462143,B,48.0,573.15,MI,0.8830777543880384,1.03,FROZEN_AFTER_AQ_AND_6H_BEFORE_48H_COMPARISON
central__single_APT_37to6_large_Lover2_sphere_bound,2.034793345394537e-15,9.999999703462143,C,48.0,573.15,MI,0.8943194921870727,1.03,FROZEN_AFTER_AQ_AND_6H_BEFORE_48H_COMPARISON
central__single_APT_37to6_large_Lover2_sphere_bound,2.034793345394537e-15,9.999999703462143,A,48.0,573.15,MS,0.9395491524529799,1.03,FROZEN_AFTER_AQ_AND_6H_BEFORE_48H_COMPARISON
central__single_APT_37to6_large_Lover2_sphere_bound,2.034793345394537e-15,9.999999703462143,B,48.0,573.15,MS,0.938471554675004,1.03,FROZEN_AFTER_AQ_AND_6H_BEFORE_48H_COMPARISON
central__single_APT_37to6_large_Lover2_sphere_bound,2.034793345394537e-15,9.999999703462143,C,48.0,573.15,MS,0.940213642727328,1.03,FROZEN_AFTER_AQ_AND_6H_BEFORE_48H_COMPARISON
central__single_APT_37to6_large_Lover2_sphere_bound,2.034793345394537e-15,9.999999703462143,A,48.0,573.15,MIS,0.8886775030562793,1.03,FROZEN_AFTER_AQ_AND_6H_BEFORE_48H_COMPARISON
central__single_APT_37to6_large_Lover2_sphere_bound,2.034793345394537e-15,9.999999703462143,B,48.0,573.15,MIS,0.882996624760846,1.03,FROZEN_AFTER_AQ_AND_6H_BEFORE_48H_COMPARISON
central__single_APT_37to6_large_Lover2_sphere_bound,2.034793345394537e-15,9.999999703462143,C,48.0,573.15,MIS,0.8942342024547456,1.03,FROZEN_AFTER_AQ_AND_6H_BEFORE_48H_COMPARISON
upper_1sigma__zero_particle_scattering_limit,2.822897247567544e-15,2.7348442909230477,A,6.0,303.15,M0,1.178386625571235,1.2625169478550462,FROZEN_AFTER_AQ_AND_6H_BEFORE_48H_COMPARISON
upper_1sigma__zero_particle_scattering_limit,2.822897247567544e-15,2.7348442909230477,B,6.0,303.15,M0,1.1783840658971834,1.2625169478550462,FROZEN_AFTER_AQ_AND_6H_BEFORE_48H_COMPARISON
upper_1sigma__zero_particle_scattering_limit,2.822897247567544e-15,2.7348442909230477,C,6.0,303.15,M0,1.1783875720541406,1.2625169478550462,FROZEN_AFTER_AQ_AND_6H_BEFORE_48H_COMPARISON
upper_1sigma__zero_particle_scattering_limit,2.822897247567544e-15,2.7348442909230477,A,6.0,303.15,MI,1.119564626381622,1.2625169478550462,FROZEN_AFTER_AQ_AND_6H_BEFORE_48H_COMPARISON
upper_1sigma__zero_particle_scattering_limit,2.822897247567544e-15,2.7348442909230477,B,6.0,303.15,MI,1.1195621528099546,1.2625169478550462,FROZEN_AFTER_AQ_AND_6H_BEFORE_48H_COMPARISON
upper_1sigma__zero_particle_scattering_limit,2.822897247567544e-15,2.7348442909230477,C,6.0,303.15,MI,1.1195655418563104,1.2625169478550462,FROZEN_AFTER_AQ_AND_6H_BEFORE_48H_COMPARISON
upper_1sigma__zero_particle_scattering_limit,2.822897247567544e-15,2.7348442909230477,A,6.0,303.15,MS,1.1780599027804923,1.2625169478550462,FROZEN_AFTER_AQ_AND_6H_BEFORE_48H_COMPARISON
upper_1sigma__zero_particle_scattering_limit,2.822897247567544e-15,2.7348442909230477,B,6.0,303.15,MS,1.178055613051983,1.2625169478550462,FROZEN_AFTER_AQ_AND_6H_BEFORE_48H_COMPARISON
upper_1sigma__zero_particle_scattering_limit,2.822897247567544e-15,2.7348442909230477,C,6.0,303.15,MS,1.1780592337142561,1.2625169478550462,FROZEN_AFTER_AQ_AND_6H_BEFORE_48H_COMPARISON
upper_1sigma__zero_particle_scattering_limit,2.822897247567544e-15,2.7348442909230477,A,6.0,303.15,MIS,1.119377367460957,1.2625169478550462,FROZEN_AFTER_AQ_AND_6H_BEFORE_48H_COMPARISON
upper_1sigma__zero_particle_scattering_limit,2.822897247567544e-15,2.7348442909230477,B,6.0,303.15,MIS,1.119374012675001,1.2625169478550462,FROZEN_AFTER_AQ_AND_6H_BEFORE_48H_COMPARISON
upper_1sigma__zero_particle_scattering_limit,2.822897247567544e-15,2.7348442909230477,C,6.0,303.15,MIS,1.1193773981472588,1.2625169478550462,FROZEN_AFTER_AQ_AND_6H_BEFORE_48H_COMPARISON
upper_1sigma__zero_particle_scattering_limit,2.822897247567544e-15,2.7348442909230477,A,6.0,323.15,M0,1.1460098215649082,1.0882440401175293,FROZEN_AFTER_AQ_AND_6H_BEFORE_48H_COMPARISON
upper_1sigma__zero_particle_scattering_limit,2.822897247567544e-15,2.7348442909230477,B,6.0,323.15,M0,1.1460073976795504,1.0882440401175293,FROZEN_AFTER_AQ_AND_6H_BEFORE_48H_COMPARISON
upper_1sigma__zero_particle_scattering_limit,2.822897247567544e-15,2.7348442909230477,C,6.0,323.15,M0,1.1460107178366192,1.0882440401175293,FROZEN_AFTER_AQ_AND_6H_BEFORE_48H_COMPARISON
upper_1sigma__zero_particle_scattering_limit,2.822897247567544e-15,2.7348442909230477,A,6.0,323.15,MI,1.0902004563401546,1.0882440401175293,FROZEN_AFTER_AQ_AND_6H_BEFORE_48H_COMPARISON
upper_1sigma__zero_particle_scattering_limit,2.822897247567544e-15,2.7348442909230477,B,6.0,323.15,MI,1.0901981113951866,1.0882440401175293,FROZEN_AFTER_AQ_AND_6H_BEFORE_48H_COMPARISON
upper_1sigma__zero_particle_scattering_limit,2.822897247567544e-15,2.7348442909230477,C,6.0,323.15,MI,1.0902013242112696,1.0882440401175293,FROZEN_AFTER_AQ_AND_6H_BEFORE_48H_COMPARISON
upper_1sigma__zero_particle_scattering_limit,2.822897247567544e-15,2.7348442909230477,A,6.0,323.15,MS,1.1457003412120028,1.0882440401175293,FROZEN_AFTER_AQ_AND_6H_BEFORE_48H_COMPARISON
upper_1sigma__zero_particle_scattering_limit,2.822897247567544e-15,2.7348442909230477,B,6.0,323.15,MS,1.1456962743202794,1.0882440401175293,FROZEN_AFTER_AQ_AND_6H_BEFORE_48H_COMPARISON
upper_1sigma__zero_particle_scattering_limit,2.822897247567544e-15,2.7348442909230477,C,6.0,323.15,MS,1.1456997048146784,1.0882440401175293,FROZEN_AFTER_AQ_AND_6H_BEFORE_48H_COMPARISON
upper_1sigma__zero_particle_scattering_limit,2.822897247567544e-15,2.7348442909230477,A,6.0,323.15,MIS,1.0900213257329958,1.0882440401175293,FROZEN_AFTER_AQ_AND_6H_BEFORE_48H_COMPARISON
upper_1sigma__zero_particle_scattering_limit,2.822897247567544e-15,2.7348442909230477,B,6.0,323.15,MIS,1.0900181345899618,1.0882440401175293,FROZEN_AFTER_AQ_AND_6H_BEFORE_48H_COMPARISON
upper_1sigma__zero_particle_scattering_limit,2.822897247567544e-15,2.7348442909230477,C,6.0,323.15,MIS,1.090021345700938,1.0882440401175293,FROZEN_AFTER_AQ_AND_6H_BEFORE_48H_COMPARISON
upper_1sigma__zero_particle_scattering_limit,2.822897247567544e-15,2.7348442909230477,A,6.0,373.15,M0,1.0720662367528015,0.9630520737428236,FROZEN_AFTER_AQ_AND_6H_BEFORE_48H_COMPARISON
upper_1sigma__zero_particle_scattering_limit,2.822897247567544e-15,2.7348442909230477,B,6.0,373.15,M0,1.0720641095966505,0.9630520737428236,FROZEN_AFTER_AQ_AND_6H_BEFORE_48H_COMPARISON
upper_1sigma__zero_particle_scattering_limit,2.822897247567544e-15,2.7348442909230477,C,6.0,373.15,M0,1.0720670233020293,0.9630520737428236,FROZEN_AFTER_AQ_AND_6H_BEFORE_48H_COMPARISON
upper_1sigma__zero_particle_scattering_limit,2.822897247567544e-15,2.7348442909230477,A,6.0,373.15,MI,1.0228350031405196,0.9630520737428236,FROZEN_AFTER_AQ_AND_6H_BEFORE_48H_COMPARISON
upper_1sigma__zero_particle_scattering_limit,2.822897247567544e-15,2.7348442909230477,B,6.0,373.15,MI,1.0228329400862366,0.9630520737428236,FROZEN_AFTER_AQ_AND_6H_BEFORE_48H_COMPARISON
upper_1sigma__zero_particle_scattering_limit,2.822897247567544e-15,2.7348442909230477,C,6.0,373.15,MI,1.022835766686691,0.9630520737428236,FROZEN_AFTER_AQ_AND_6H_BEFORE_48H_COMPARISON
upper_1sigma__zero_particle_scattering_limit,2.822897247567544e-15,2.7348442909230477,A,6.0,373.15,MS,1.071794259143547,0.9630520737428236,FROZEN_AFTER_AQ_AND_6H_BEFORE_48H_COMPARISON
upper_1sigma__zero_particle_scattering_limit,2.822897247567544e-15,2.7348442909230477,B,6.0,373.15,MS,1.0717906794168732,0.9630520737428236,FROZEN_AFTER_AQ_AND_6H_BEFORE_48H_COMPARISON
upper_1sigma__zero_particle_scattering_limit,2.822897247567544e-15,2.7348442909230477,C,6.0,373.15,MS,1.071793693694312,0.9630520737428236,FROZEN_AFTER_AQ_AND_6H_BEFORE_48H_COMPARISON
upper_1sigma__zero_particle_scattering_limit,2.822897247567544e-15,2.7348442909230477,A,6.0,373.15,MIS,1.0226739346067377,0.9630520737428236,FROZEN_AFTER_AQ_AND_6H_BEFORE_48H_COMPARISON
upper_1sigma__zero_particle_scattering_limit,2.822897247567544e-15,2.7348442909230477,B,6.0,373.15,MIS,1.0226711037601182,0.9630520737428236,FROZEN_AFTER_AQ_AND_6H_BEFORE_48H_COMPARISON
upper_1sigma__zero_particle_scattering_limit,2.822897247567544e-15,2.7348442909230477,C,6.0,373.15,MIS,1.0226739324461813,0.9630520737428236,FROZEN_AFTER_AQ_AND_6H_BEFORE_48H_COMPARISON
upper_1sigma__zero_particle_scattering_limit,2.822897247567544e-15,2.7348442909230477,A,6.0,423.15,M0,1.006854645681513,0.8755599608786824,FROZEN_AFTER_AQ_AND_6H_BEFORE_48H_COMPARISON
upper_1sigma__zero_particle_scattering_limit,2.822897247567544e-15,2.7348442909230477,B,6.0,423.15,M0,1.0068527647123668,0.8755599608786824,FROZEN_AFTER_AQ_AND_6H_BEFORE_48H_COMPARISON
upper_1sigma__zero_particle_scattering_limit,2.822897247567544e-15,2.7348442909230477,C,6.0,423.15,M0,1.0068553411978025,0.8755599608786824,FROZEN_AFTER_AQ_AND_6H_BEFORE_48H_COMPARISON
upper_1sigma__zero_particle_scattering_limit,2.822897247567544e-15,2.7348442909230477,A,6.0,423.15,MI,0.9630864374270973,0.8755599608786824,FROZEN_AFTER_AQ_AND_6H_BEFORE_48H_COMPARISON
upper_1sigma__zero_particle_scattering_limit,2.822897247567544e-15,2.7348442909230477,B,6.0,423.15,MI,0.9630846091199822,0.8755599608786824,FROZEN_AFTER_AQ_AND_6H_BEFORE_48H_COMPARISON
upper_1sigma__zero_particle_scattering_limit,2.822897247567544e-15,2.7348442909230477,C,6.0,423.15,MI,0.9630871140957348,0.8755599608786824,FROZEN_AFTER_AQ_AND_6H_BEFORE_48H_COMPARISON
upper_1sigma__zero_particle_scattering_limit,2.822897247567544e-15,2.7348442909230477,A,6.0,423.15,MS,1.0066136656867355,0.8755599608786824,FROZEN_AFTER_AQ_AND_6H_BEFORE_48H_COMPARISON
upper_1sigma__zero_particle_scattering_limit,2.822897247567544e-15,2.7348442909230477,B,6.0,423.15,MS,1.006610490783509,0.8755599608786824,FROZEN_AFTER_AQ_AND_6H_BEFORE_48H_COMPARISON
upper_1sigma__zero_particle_scattering_limit,2.822897247567544e-15,2.7348442909230477,C,6.0,423.15,MS,1.0066131589913834,0.8755599608786824,FROZEN_AFTER_AQ_AND_6H_BEFORE_48H_COMPARISON
upper_1sigma__zero_particle_scattering_limit,2.822897247567544e-15,2.7348442909230477,A,6.0,423.15,MIS,0.9629407334957754,0.8755599608786824,FROZEN_AFTER_AQ_AND_6H_BEFORE_48H_COMPARISON
upper_1sigma__zero_particle_scattering_limit,2.822897247567544e-15,2.7348442909230477,B,6.0,423.15,MIS,0.9629382047998256,0.8755599608786824,FROZEN_AFTER_AQ_AND_6H_BEFORE_48H_COMPARISON
upper_1sigma__zero_particle_scattering_limit,2.822897247567544e-15,2.7348442909230477,C,6.0,423.15,MIS,0.9629407146560844,0.8755599608786824,FROZEN_AFTER_AQ_AND_6H_BEFORE_48H_COMPARISON
upper_1sigma__zero_particle_scattering_limit,2.822897247567544e-15,2.7348442909230477,A,6.0,473.15,M0,0.9489981559816918,0.8549317391464868,FROZEN_AFTER_AQ_AND_6H_BEFORE_48H_COMPARISON
upper_1sigma__zero_particle_scattering_limit,2.822897247567544e-15,2.7348442909230477,B,6.0,473.15,M0,0.9489964812106996,0.8549317391464868,FROZEN_AFTER_AQ_AND_6H_BEFORE_48H_COMPARISON
upper_1sigma__zero_particle_scattering_limit,2.822897247567544e-15,2.7348442909230477,C,6.0,473.15,M0,0.9489987752520455,0.8549317391464868,FROZEN_AFTER_AQ_AND_6H_BEFORE_48H_COMPARISON
upper_1sigma__zero_particle_scattering_limit,2.822897247567544e-15,2.7348442909230477,A,6.0,473.15,MI,0.9098171320246847,0.8549317391464868,FROZEN_AFTER_AQ_AND_6H_BEFORE_48H_COMPARISON
upper_1sigma__zero_particle_scattering_limit,2.822897247567544e-15,2.7348442909230477,B,6.0,473.15,MI,0.9098155009699411,0.8549317391464868,FROZEN_AFTER_AQ_AND_6H_BEFORE_48H_COMPARISON
upper_1sigma__zero_particle_scattering_limit,2.822897247567544e-15,2.7348442909230477,C,6.0,473.15,MI,0.9098177356921384,0.8549317391464868,FROZEN_AFTER_AQ_AND_6H_BEFORE_48H_COMPARISON
upper_1sigma__zero_particle_scattering_limit,2.822897247567544e-15,2.7348442909230477,A,6.0,473.15,MS,0.9487831012887674,0.8549317391464868,FROZEN_AFTER_AQ_AND_6H_BEFORE_48H_COMPARISON
upper_1sigma__zero_particle_scattering_limit,2.822897247567544e-15,2.7348442909230477,B,6.0,473.15,MS,0.9487802661992789,0.8549317391464868,FROZEN_AFTER_AQ_AND_6H_BEFORE_48H_COMPARISON
upper_1sigma__zero_particle_scattering_limit,2.822897247567544e-15,2.7348442909230477,C,6.0,473.15,MS,0.948782643975076,0.8549317391464868,FROZEN_AFTER_AQ_AND_6H_BEFORE_48H_COMPARISON
upper_1sigma__zero_particle_scattering_limit,2.822897247567544e-15,2.7348442909230477,A,6.0,473.15,MIS,0.9096846184764587,0.8549317391464868,FROZEN_AFTER_AQ_AND_6H_BEFORE_48H_COMPARISON
upper_1sigma__zero_particle_scattering_limit,2.822897247567544e-15,2.7348442909230477,B,6.0,473.15,MIS,0.9096823454746706,0.8549317391464868,FROZEN_AFTER_AQ_AND_6H_BEFORE_48H_COMPARISON
upper_1sigma__zero_particle_scattering_limit,2.822897247567544e-15,2.7348442909230477,C,6.0,473.15,MIS,0.9096845871273633,0.8549317391464868,FROZEN_AFTER_AQ_AND_6H_BEFORE_48H_COMPARISON
upper_1sigma__zero_particle_scattering_limit,2.822897247567544e-15,2.7348442909230477,A,6.0,523.15,M0,0.8973601252937589,0.8542204211557212,FROZEN_AFTER_AQ_AND_6H_BEFORE_48H_COMPARISON
upper_1sigma__zero_particle_scattering_limit,2.822897247567544e-15,2.7348442909230477,B,6.0,523.15,M0,0.8973586248022085,0.8542204211557212,FROZEN_AFTER_AQ_AND_6H_BEFORE_48H_COMPARISON
upper_1sigma__zero_particle_scattering_limit,2.822897247567544e-15,2.7348442909230477,C,6.0,523.15,M0,0.8973606801209517,0.8542204211557212,FROZEN_AFTER_AQ_AND_6H_BEFORE_48H_COMPARISON
upper_1sigma__zero_particle_scattering_limit,2.822897247567544e-15,2.7348442909230477,A,6.0,523.15,MI,0.8620691190783418,0.8542204211557212,FROZEN_AFTER_AQ_AND_6H_BEFORE_48H_COMPARISON
upper_1sigma__zero_particle_scattering_limit,2.822897247567544e-15,2.7348442909230477,B,6.0,523.15,MI,0.8620676552162371,0.8542204211557212,FROZEN_AFTER_AQ_AND_6H_BEFORE_48H_COMPARISON
upper_1sigma__zero_particle_scattering_limit,2.822897247567544e-15,2.7348442909230477,C,6.0,523.15,MI,0.8620696608692799,0.8542204211557212,FROZEN_AFTER_AQ_AND_6H_BEFORE_48H_COMPARISON
upper_1sigma__zero_particle_scattering_limit,2.822897247567544e-15,2.7348442909230477,A,6.0,523.15,MS,0.8971669808785941,0.8542204211557212,FROZEN_AFTER_AQ_AND_6H_BEFORE_48H_COMPARISON
upper_1sigma__zero_particle_scattering_limit,2.822897247567544e-15,2.7348442909230477,B,6.0,523.15,MS,0.8971644337136708,0.8542204211557212,FROZEN_AFTER_AQ_AND_6H_BEFORE_48H_COMPARISON
upper_1sigma__zero_particle_scattering_limit,2.822897247567544e-15,2.7348442909230477,C,6.0,523.15,MS,0.8971665655700902,0.8542204211557212,FROZEN_AFTER_AQ_AND_6H_BEFORE_48H_COMPARISON
upper_1sigma__zero_particle_scattering_limit,2.822897247567544e-15,2.7348442909230477,A,6.0,523.15,MIS,0.8619480224276722,0.8542204211557212,FROZEN_AFTER_AQ_AND_6H_BEFORE_48H_COMPARISON
upper_1sigma__zero_particle_scattering_limit,2.822897247567544e-15,2.7348442909230477,B,6.0,523.15,MIS,0.8619459676763579,0.8542204211557212,FROZEN_AFTER_AQ_AND_6H_BEFORE_48H_COMPARISON
upper_1sigma__zero_particle_scattering_limit,2.822897247567544e-15,2.7348442909230477,C,6.0,523.15,MIS,0.8619479817479326,0.8542204211557212,FROZEN_AFTER_AQ_AND_6H_BEFORE_48H_COMPARISON
upper_1sigma__zero_particle_scattering_limit,2.822897247567544e-15,2.7348442909230477,A,6.0,573.15,M0,0.8510110073179888,0.85,FROZEN_AFTER_AQ_AND_6H_BEFORE_48H_COMPARISON
upper_1sigma__zero_particle_scattering_limit,2.822897247567544e-15,2.7348442909230477,B,6.0,573.15,M0,0.8510096553777318,0.85,FROZEN_AFTER_AQ_AND_6H_BEFORE_48H_COMPARISON
upper_1sigma__zero_particle_scattering_limit,2.822897247567544e-15,2.7348442909230477,C,6.0,573.15,M0,0.8510115072156312,0.85,FROZEN_AFTER_AQ_AND_6H_BEFORE_48H_COMPARISON
upper_1sigma__zero_particle_scattering_limit,2.822897247567544e-15,2.7348442909230477,A,6.0,573.15,MI,0.8190482205715938,0.85,FROZEN_AFTER_AQ_AND_6H_BEFORE_48H_COMPARISON
upper_1sigma__zero_particle_scattering_limit,2.822897247567544e-15,2.7348442909230477,B,6.0,573.15,MI,0.8190468995802108,0.85,FROZEN_AFTER_AQ_AND_6H_BEFORE_48H_COMPARISON
upper_1sigma__zero_particle_scattering_limit,2.822897247567544e-15,2.7348442909230477,C,6.0,573.15,MI,0.819048709487183,0.85,FROZEN_AFTER_AQ_AND_6H_BEFORE_48H_COMPARISON
upper_1sigma__zero_particle_scattering_limit,2.822897247567544e-15,2.7348442909230477,A,6.0,573.15,MS,0.8508365523651965,0.85,FROZEN_AFTER_AQ_AND_6H_BEFORE_48H_COMPARISON
upper_1sigma__zero_particle_scattering_limit,2.822897247567544e-15,2.7348442909230477,B,6.0,573.15,MS,0.8508342512542134,0.85,FROZEN_AFTER_AQ_AND_6H_BEFORE_48H_COMPARISON
upper_1sigma__zero_particle_scattering_limit,2.822897247567544e-15,2.7348442909230477,C,6.0,573.15,MS,0.8508361731493778,0.85,FROZEN_AFTER_AQ_AND_6H_BEFORE_48H_COMPARISON
upper_1sigma__zero_particle_scattering_limit,2.822897247567544e-15,2.7348442909230477,A,6.0,573.15,MIS,0.8189370785680751,0.85,FROZEN_AFTER_AQ_AND_6H_BEFORE_48H_COMPARISON
upper_1sigma__zero_particle_scattering_limit,2.822897247567544e-15,2.7348442909230477,B,6.0,573.15,MIS,0.8189352115982815,0.85,FROZEN_AFTER_AQ_AND_6H_BEFORE_48H_COMPARISON
upper_1sigma__zero_particle_scattering_limit,2.822897247567544e-15,2.7348442909230477,C,6.0,573.15,MIS,0.8189370309848962,0.85,FROZEN_AFTER_AQ_AND_6H_BEFORE_48H_COMPARISON
upper_1sigma__zero_particle_scattering_limit,2.822897247567544e-15,2.7348442909230477,A,48.0,303.15,M0,1.1758162209851786,1.5171687885490504,FROZEN_AFTER_AQ_AND_6H_BEFORE_48H_COMPARISON
upper_1sigma__zero_particle_scattering_limit,2.822897247567544e-15,2.7348442909230477,B,48.0,303.15,M0,1.17409019317877,1.5171687885490504,FROZEN_AFTER_AQ_AND_6H_BEFORE_48H_COMPARISON
upper_1sigma__zero_particle_scattering_limit,2.822897247567544e-15,2.7348442909230477,C,48.0,303.15,M0,1.1769322144202088,1.5171687885490504,FROZEN_AFTER_AQ_AND_6H_BEFORE_48H_COMPARISON
upper_1sigma__zero_particle_scattering_limit,2.822897247567544e-15,2.7348442909230477,A,48.0,303.15,MI,1.1517430058152003,1.5171687885490504,FROZEN_AFTER_AQ_AND_6H_BEFORE_48H_COMPARISON
upper_1sigma__zero_particle_scattering_limit,2.822897247567544e-15,2.7348442909230477,B,48.0,303.15,MI,1.1475725425435217,1.5171687885490504,FROZEN_AFTER_AQ_AND_6H_BEFORE_48H_COMPARISON
upper_1sigma__zero_particle_scattering_limit,2.822897247567544e-15,2.7348442909230477,C,48.0,303.15,MI,1.1554360614344115,1.5171687885490504,FROZEN_AFTER_AQ_AND_6H_BEFORE_48H_COMPARISON
upper_1sigma__zero_particle_scattering_limit,2.822897247567544e-15,2.7348442909230477,A,48.0,303.15,MS,1.1755559753954492,1.5171687885490504,FROZEN_AFTER_AQ_AND_6H_BEFORE_48H_COMPARISON
upper_1sigma__zero_particle_scattering_limit,2.822897247567544e-15,2.7348442909230477,B,48.0,303.15,MS,1.17382854457648,1.5171687885490504,FROZEN_AFTER_AQ_AND_6H_BEFORE_48H_COMPARISON
upper_1sigma__zero_particle_scattering_limit,2.822897247567544e-15,2.7348442909230477,C,48.0,303.15,MS,1.1766866966514316,1.5171687885490504,FROZEN_AFTER_AQ_AND_6H_BEFORE_48H_COMPARISON
upper_1sigma__zero_particle_scattering_limit,2.822897247567544e-15,2.7348442909230477,A,48.0,303.15,MIS,1.1515492540598198,1.5171687885490504,FROZEN_AFTER_AQ_AND_6H_BEFORE_48H_COMPARISON
upper_1sigma__zero_particle_scattering_limit,2.822897247567544e-15,2.7348442909230477,B,48.0,303.15,MIS,1.1473821187063629,1.5171687885490504,FROZEN_AFTER_AQ_AND_6H_BEFORE_48H_COMPARISON
upper_1sigma__zero_particle_scattering_limit,2.822897247567544e-15,2.7348442909230477,C,48.0,303.15,MIS,1.1552480646563617,1.5171687885490504,FROZEN_AFTER_AQ_AND_6H_BEFORE_48H_COMPARISON
upper_1sigma__zero_particle_scattering_limit,2.822897247567544e-15,2.7348442909230477,A,48.0,323.15,M0,1.1435573202219644,1.3578335586176062,FROZEN_AFTER_AQ_AND_6H_BEFORE_48H_COMPARISON
upper_1sigma__zero_particle_scattering_limit,2.822897247567544e-15,2.7348442909230477,B,48.0,323.15,M0,1.1419296281016127,1.3578335586176062,FROZEN_AFTER_AQ_AND_6H_BEFORE_48H_COMPARISON
upper_1sigma__zero_particle_scattering_limit,2.822897247567544e-15,2.7348442909230477,C,48.0,323.15,M0,1.144601518479315,1.3578335586176062,FROZEN_AFTER_AQ_AND_6H_BEFORE_48H_COMPARISON
upper_1sigma__zero_particle_scattering_limit,2.822897247567544e-15,2.7348442909230477,A,48.0,323.15,MI,1.1207177916355622,1.3578335586176062,FROZEN_AFTER_AQ_AND_6H_BEFORE_48H_COMPARISON
upper_1sigma__zero_particle_scattering_limit,2.822897247567544e-15,2.7348442909230477,B,48.0,323.15,MI,1.1167710418878283,1.3578335586176062,FROZEN_AFTER_AQ_AND_6H_BEFORE_48H_COMPARISON
upper_1sigma__zero_particle_scattering_limit,2.822897247567544e-15,2.7348442909230477,C,48.0,323.15,MI,1.1242061123889235,1.3578335586176062,FROZEN_AFTER_AQ_AND_6H_BEFORE_48H_COMPARISON
upper_1sigma__zero_particle_scattering_limit,2.822897247567544e-15,2.7348442909230477,A,48.0,323.15,MS,1.1433090982433487,1.3578335586176062,FROZEN_AFTER_AQ_AND_6H_BEFORE_48H_COMPARISON
upper_1sigma__zero_particle_scattering_limit,2.822897247567544e-15,2.7348442909230477,B,48.0,323.15,MS,1.141680297689917,1.3578335586176062,FROZEN_AFTER_AQ_AND_6H_BEFORE_48H_COMPARISON
upper_1sigma__zero_particle_scattering_limit,2.822897247567544e-15,2.7348442909230477,C,48.0,323.15,MS,1.1443670801672485,1.3578335586176062,FROZEN_AFTER_AQ_AND_6H_BEFORE_48H_COMPARISON
upper_1sigma__zero_particle_scattering_limit,2.822897247567544e-15,2.7348442909230477,A,48.0,323.15,MIS,1.120532179974852,1.3578335586176062,FROZEN_AFTER_AQ_AND_6H_BEFORE_48H_COMPARISON
upper_1sigma__zero_particle_scattering_limit,2.822897247567544e-15,2.7348442909230477,B,48.0,323.15,MIS,1.1165886970645829,1.3578335586176062,FROZEN_AFTER_AQ_AND_6H_BEFORE_48H_COMPARISON
upper_1sigma__zero_particle_scattering_limit,2.822897247567544e-15,2.7348442909230477,C,48.0,323.15,MIS,1.1240259203948815,1.3578335586176062,FROZEN_AFTER_AQ_AND_6H_BEFORE_48H_COMPARISON
upper_1sigma__zero_particle_scattering_limit,2.822897247567544e-15,2.7348442909230477,A,48.0,373.15,M0,1.0698753222301371,1.1846276278662375,FROZEN_AFTER_AQ_AND_6H_BEFORE_48H_COMPARISON
upper_1sigma__zero_particle_scattering_limit,2.822897247567544e-15,2.7348442909230477,B,48.0,373.15,M0,1.0684605150389275,1.1846276278662375,FROZEN_AFTER_AQ_AND_6H_BEFORE_48H_COMPARISON
upper_1sigma__zero_particle_scattering_limit,2.822897247567544e-15,2.7348442909230477,C,48.0,373.15,M0,1.0707664443612692,1.1846276278662375,FROZEN_AFTER_AQ_AND_6H_BEFORE_48H_COMPARISON
upper_1sigma__zero_particle_scattering_limit,2.822897247567544e-15,2.7348442909230477,A,48.0,373.15,MI,1.0497294902106853,1.1846276278662375,FROZEN_AFTER_AQ_AND_6H_BEFORE_48H_COMPARISON
upper_1sigma__zero_particle_scattering_limit,2.822897247567544e-15,2.7348442909230477,B,48.0,373.15,MI,1.0462695399734807,1.1846276278662375,FROZEN_AFTER_AQ_AND_6H_BEFORE_48H_COMPARISON
upper_1sigma__zero_particle_scattering_limit,2.822897247567544e-15,2.7348442909230477,C,48.0,373.15,MI,1.052774347282266,1.1846276278662375,FROZEN_AFTER_AQ_AND_6H_BEFORE_48H_COMPARISON
upper_1sigma__zero_particle_scattering_limit,2.822897247567544e-15,2.7348442909230477,A,48.0,373.15,MS,1.0696536198202413,1.1846276278662375,FROZEN_AFTER_AQ_AND_6H_BEFORE_48H_COMPARISON
upper_1sigma__zero_particle_scattering_limit,2.822897247567544e-15,2.7348442909230477,B,48.0,373.15,MS,1.0682383042167716,1.1846276278662375,FROZEN_AFTER_AQ_AND_6H_BEFORE_48H_COMPARISON
upper_1sigma__zero_particle_scattering_limit,2.822897247567544e-15,2.7348442909230477,C,48.0,373.15,MS,1.070556501378035,1.1846276278662375,FROZEN_AFTER_AQ_AND_6H_BEFORE_48H_COMPARISON
upper_1sigma__zero_particle_scattering_limit,2.822897247567544e-15,2.7348442909230477,A,48.0,373.15,MIS,1.0495620001317778,1.1846276278662375,FROZEN_AFTER_AQ_AND_6H_BEFORE_48H_COMPARISON
upper_1sigma__zero_particle_scattering_limit,2.822897247567544e-15,2.7348442909230477,B,48.0,373.15,MIS,1.0461051682629638,1.1846276278662375,FROZEN_AFTER_AQ_AND_6H_BEFORE_48H_COMPARISON
upper_1sigma__zero_particle_scattering_limit,2.822897247567544e-15,2.7348442909230477,C,48.0,373.15,MIS,1.0526115456441536,1.1846276278662375,FROZEN_AFTER_AQ_AND_6H_BEFORE_48H_COMPARISON
upper_1sigma__zero_particle_scattering_limit,2.822897247567544e-15,2.7348442909230477,A,48.0,423.15,M0,1.0048858760173986,1.0846874501637025,FROZEN_AFTER_AQ_AND_6H_BEFORE_48H_COMPARISON
upper_1sigma__zero_particle_scattering_limit,2.822897247567544e-15,2.7348442909230477,B,48.0,423.15,M0,1.0036454928769496,1.0846874501637025,FROZEN_AFTER_AQ_AND_6H_BEFORE_48H_COMPARISON
upper_1sigma__zero_particle_scattering_limit,2.822897247567544e-15,2.7348442909230477,C,48.0,423.15,M0,1.005654114515272,1.0846874501637025,FROZEN_AFTER_AQ_AND_6H_BEFORE_48H_COMPARISON
upper_1sigma__zero_particle_scattering_limit,2.822897247567544e-15,2.7348442909230477,A,48.0,423.15,MI,0.9869771013662904,1.0846874501637025,FROZEN_AFTER_AQ_AND_6H_BEFORE_48H_COMPARISON
upper_1sigma__zero_particle_scattering_limit,2.822897247567544e-15,2.7348442909230477,B,48.0,423.15,MI,0.9839191854886561,1.0846874501637025,FROZEN_AFTER_AQ_AND_6H_BEFORE_48H_COMPARISON
upper_1sigma__zero_particle_scattering_limit,2.822897247567544e-15,2.7348442909230477,C,48.0,423.15,MI,0.9896578586410498,1.0846874501637025,FROZEN_AFTER_AQ_AND_6H_BEFORE_48H_COMPARISON
upper_1sigma__zero_particle_scattering_limit,2.822897247567544e-15,2.7348442909230477,A,48.0,423.15,MS,1.0046865103971412,1.0846874501637025,FROZEN_AFTER_AQ_AND_6H_BEFORE_48H_COMPARISON
upper_1sigma__zero_particle_scattering_limit,2.822897247567544e-15,2.7348442909230477,B,48.0,423.15,MS,1.0034460675245773,1.0846874501637025,FROZEN_AFTER_AQ_AND_6H_BEFORE_48H_COMPARISON
upper_1sigma__zero_particle_scattering_limit,2.822897247567544e-15,2.7348442909230477,C,48.0,423.15,MS,1.005464869774596,1.0846874501637025,FROZEN_AFTER_AQ_AND_6H_BEFORE_48H_COMPARISON
upper_1sigma__zero_particle_scattering_limit,2.822897247567544e-15,2.7348442909230477,A,48.0,423.15,MIS,0.9868250679022571,1.0846874501637025,FROZEN_AFTER_AQ_AND_6H_BEFORE_48H_COMPARISON
upper_1sigma__zero_particle_scattering_limit,2.822897247567544e-15,2.7348442909230477,B,48.0,423.15,MIS,0.9837701287455686,1.0846874501637025,FROZEN_AFTER_AQ_AND_6H_BEFORE_48H_COMPARISON
upper_1sigma__zero_particle_scattering_limit,2.822897247567544e-15,2.7348442909230477,C,48.0,423.15,MIS,0.9895099083699503,1.0846874501637025,FROZEN_AFTER_AQ_AND_6H_BEFORE_48H_COMPARISON
upper_1sigma__zero_particle_scattering_limit,2.822897247567544e-15,2.7348442909230477,A,48.0,473.15,M0,0.9472197242701699,1.08433179116832,FROZEN_AFTER_AQ_AND_6H_BEFORE_48H_COMPARISON
upper_1sigma__zero_particle_scattering_limit,2.822897247567544e-15,2.7348442909230477,B,48.0,473.15,M0,0.9461237935810205,1.08433179116832,FROZEN_AFTER_AQ_AND_6H_BEFORE_48H_COMPARISON
upper_1sigma__zero_particle_scattering_limit,2.822897247567544e-15,2.7348442909230477,C,48.0,473.15,M0,0.9478880701104067,1.08433179116832,FROZEN_AFTER_AQ_AND_6H_BEFORE_48H_COMPARISON
upper_1sigma__zero_particle_scattering_limit,2.822897247567544e-15,2.7348442909230477,A,48.0,473.15,MI,0.9311894001494622,1.08433179116832,FROZEN_AFTER_AQ_AND_6H_BEFORE_48H_COMPARISON
upper_1sigma__zero_particle_scattering_limit,2.822897247567544e-15,2.7348442909230477,B,48.0,473.15,MI,0.9284671184029785,1.08433179116832,FROZEN_AFTER_AQ_AND_6H_BEFORE_48H_COMPARISON
upper_1sigma__zero_particle_scattering_limit,2.822897247567544e-15,2.7348442909230477,C,48.0,473.15,MI,0.9335677437651254,1.08433179116832,FROZEN_AFTER_AQ_AND_6H_BEFORE_48H_COMPARISON
upper_1sigma__zero_particle_scattering_limit,2.822897247567544e-15,2.7348442909230477,A,48.0,473.15,MS,0.9470393648019171,1.08433179116832,FROZEN_AFTER_AQ_AND_6H_BEFORE_48H_COMPARISON
upper_1sigma__zero_particle_scattering_limit,2.822897247567544e-15,2.7348442909230477,B,48.0,473.15,MS,0.9459437118889388,1.08433179116832,FROZEN_AFTER_AQ_AND_6H_BEFORE_48H_COMPARISON
upper_1sigma__zero_particle_scattering_limit,2.822897247567544e-15,2.7348442909230477,C,48.0,473.15,MS,0.9477164891146461,1.08433179116832,FROZEN_AFTER_AQ_AND_6H_BEFORE_48H_COMPARISON
upper_1sigma__zero_particle_scattering_limit,2.822897247567544e-15,2.7348442909230477,A,48.0,473.15,MIS,0.9310506713411983,1.08433179116832,FROZEN_AFTER_AQ_AND_6H_BEFORE_48H_COMPARISON
upper_1sigma__zero_particle_scattering_limit,2.822897247567544e-15,2.7348442909230477,B,48.0,473.15,MIS,0.9283312319934438,1.08433179116832,FROZEN_AFTER_AQ_AND_6H_BEFORE_48H_COMPARISON
upper_1sigma__zero_particle_scattering_limit,2.822897247567544e-15,2.7348442909230477,C,48.0,473.15,MIS,0.9334325924686246,1.08433179116832,FROZEN_AFTER_AQ_AND_6H_BEFORE_48H_COMPARISON
upper_1sigma__zero_particle_scattering_limit,2.822897247567544e-15,2.7348442909230477,A,48.0,523.15,M0,0.8957460119900708,1.0405857347362493,FROZEN_AFTER_AQ_AND_6H_BEFORE_48H_COMPARISON
upper_1sigma__zero_particle_scattering_limit,2.822897247567544e-15,2.7348442909230477,B,48.0,523.15,M0,0.89477093386059,1.0405857347362493,FROZEN_AFTER_AQ_AND_6H_BEFORE_48H_COMPARISON
upper_1sigma__zero_particle_scattering_limit,2.822897247567544e-15,2.7348442909230477,C,48.0,523.15,M0,0.8963322049458656,1.0405857347362493,FROZEN_AFTER_AQ_AND_6H_BEFORE_48H_COMPARISON
upper_1sigma__zero_particle_scattering_limit,2.822897247567544e-15,2.7348442909230477,A,48.0,523.15,MI,0.8813087040236002,1.0405857347362493,FROZEN_AFTER_AQ_AND_6H_BEFORE_48H_COMPARISON
upper_1sigma__zero_particle_scattering_limit,2.822897247567544e-15,2.7348442909230477,B,48.0,523.15,MI,0.8788694229649111,1.0405857347362493,FROZEN_AFTER_AQ_AND_6H_BEFORE_48H_COMPARISON
upper_1sigma__zero_particle_scattering_limit,2.822897247567544e-15,2.7348442909230477,C,48.0,523.15,MI,0.8834332164272892,1.0405857347362493,FROZEN_AFTER_AQ_AND_6H_BEFORE_48H_COMPARISON
upper_1sigma__zero_particle_scattering_limit,2.822897247567544e-15,2.7348442909230477,A,48.0,523.15,MS,0.8955819714318025,1.0405857347362493,FROZEN_AFTER_AQ_AND_6H_BEFORE_48H_COMPARISON
upper_1sigma__zero_particle_scattering_limit,2.822897247567544e-15,2.7348442909230477,B,48.0,523.15,MS,0.8946074257944766,1.0405857347362493,FROZEN_AFTER_AQ_AND_6H_BEFORE_48H_COMPARISON
upper_1sigma__zero_particle_scattering_limit,2.822897247567544e-15,2.7348442909230477,C,48.0,523.15,MS,0.8961758312244904,1.0405857347362493,FROZEN_AFTER_AQ_AND_6H_BEFORE_48H_COMPARISON
upper_1sigma__zero_particle_scattering_limit,2.822897247567544e-15,2.7348442909230477,A,48.0,523.15,MIS,0.8811815211109494,1.0405857347362493,FROZEN_AFTER_AQ_AND_6H_BEFORE_48H_COMPARISON
upper_1sigma__zero_particle_scattering_limit,2.822897247567544e-15,2.7348442909230477,B,48.0,523.15,MIS,0.878744955579397,1.0405857347362493,FROZEN_AFTER_AQ_AND_6H_BEFORE_48H_COMPARISON
upper_1sigma__zero_particle_scattering_limit,2.822897247567544e-15,2.7348442909230477,C,48.0,523.15,MIS,0.8833091849303517,1.0405857347362493,FROZEN_AFTER_AQ_AND_6H_BEFORE_48H_COMPARISON
upper_1sigma__zero_particle_scattering_limit,2.822897247567544e-15,2.7348442909230477,A,48.0,573.15,M0,0.849539697048469,1.03,FROZEN_AFTER_AQ_AND_6H_BEFORE_48H_COMPARISON
upper_1sigma__zero_particle_scattering_limit,2.822897247567544e-15,2.7348442909230477,B,48.0,573.15,M0,0.8486666809827658,1.03,FROZEN_AFTER_AQ_AND_6H_BEFORE_48H_COMPARISON
upper_1sigma__zero_particle_scattering_limit,2.822897247567544e-15,2.7348442909230477,C,48.0,573.15,M0,0.8500576050168103,1.03,FROZEN_AFTER_AQ_AND_6H_BEFORE_48H_COMPARISON
upper_1sigma__zero_particle_scattering_limit,2.822897247567544e-15,2.7348442909230477,A,48.0,573.15,MI,0.8364653920387519,1.03,FROZEN_AFTER_AQ_AND_6H_BEFORE_48H_COMPARISON
upper_1sigma__zero_particle_scattering_limit,2.822897247567544e-15,2.7348442909230477,B,48.0,573.15,MI,0.8342669030773683,1.03,FROZEN_AFTER_AQ_AND_6H_BEFORE_48H_COMPARISON
upper_1sigma__zero_particle_scattering_limit,2.822897247567544e-15,2.7348442909230477,C,48.0,573.15,MI,0.8383748169309307,1.03,FROZEN_AFTER_AQ_AND_6H_BEFORE_48H_COMPARISON
upper_1sigma__zero_particle_scattering_limit,2.822897247567544e-15,2.7348442909230477,A,48.0,573.15,MS,0.8493897816246326,1.03,FROZEN_AFTER_AQ_AND_6H_BEFORE_48H_COMPARISON
upper_1sigma__zero_particle_scattering_limit,2.822897247567544e-15,2.7348442909230477,B,48.0,573.15,MS,0.8485174903732713,1.03,FROZEN_AFTER_AQ_AND_6H_BEFORE_48H_COMPARISON
upper_1sigma__zero_particle_scattering_limit,2.822897247567544e-15,2.7348442909230477,C,48.0,573.15,MS,0.8499144270250862,1.03,FROZEN_AFTER_AQ_AND_6H_BEFORE_48H_COMPARISON
upper_1sigma__zero_particle_scattering_limit,2.822897247567544e-15,2.7348442909230477,A,48.0,573.15,MIS,0.8363483020096282,1.03,FROZEN_AFTER_AQ_AND_6H_BEFORE_48H_COMPARISON
upper_1sigma__zero_particle_scattering_limit,2.822897247567544e-15,2.7348442909230477,B,48.0,573.15,MIS,0.8341524090408836,1.03,FROZEN_AFTER_AQ_AND_6H_BEFORE_48H_COMPARISON
upper_1sigma__zero_particle_scattering_limit,2.822897247567544e-15,2.7348442909230477,C,48.0,573.15,MIS,0.8382605164988101,1.03,FROZEN_AFTER_AQ_AND_6H_BEFORE_48H_COMPARISON
upper_1sigma__all_small_at_reported_max,2.8119945828407474e-15,2.8402036303433937,A,6.0,303.15,M0,1.1805713243994564,1.2625169478550462,FROZEN_AFTER_AQ_AND_6H_BEFORE_48H_COMPARISON
upper_1sigma__all_small_at_reported_max,2.8119945828407474e-15,2.8402036303433937,B,6.0,303.15,M0,1.1805687554559245,1.2625169478550462,FROZEN_AFTER_AQ_AND_6H_BEFORE_48H_COMPARISON
upper_1sigma__all_small_at_reported_max,2.8119945828407474e-15,2.8402036303433937,C,6.0,303.15,M0,1.1805722743099656,1.2625169478550462,FROZEN_AFTER_AQ_AND_6H_BEFORE_48H_COMPARISON
upper_1sigma__all_small_at_reported_max,2.8119945828407474e-15,2.8402036303433937,A,6.0,303.15,MI,1.119589971263544,1.2625169478550462,FROZEN_AFTER_AQ_AND_6H_BEFORE_48H_COMPARISON
upper_1sigma__all_small_at_reported_max,2.8119945828407474e-15,2.8402036303433937,B,6.0,303.15,MI,1.1195874922038822,1.2625169478550462,FROZEN_AFTER_AQ_AND_6H_BEFORE_48H_COMPARISON
upper_1sigma__all_small_at_reported_max,2.8119945828407474e-15,2.8402036303433937,C,6.0,303.15,MI,1.119590888794493,1.2625169478550462,FROZEN_AFTER_AQ_AND_6H_BEFORE_48H_COMPARISON
upper_1sigma__all_small_at_reported_max,2.8119945828407474e-15,2.8402036303433937,A,6.0,303.15,MS,1.180243448207745,1.2625169478550462,FROZEN_AFTER_AQ_AND_6H_BEFORE_48H_COMPARISON
upper_1sigma__all_small_at_reported_max,2.8119945828407474e-15,2.8402036303433937,B,6.0,303.15,MS,1.1802391433991155,1.2625169478550462,FROZEN_AFTER_AQ_AND_6H_BEFORE_48H_COMPARISON
upper_1sigma__all_small_at_reported_max,2.8119945828407474e-15,2.8402036303433937,C,6.0,303.15,MS,1.1802427770295167,1.2625169478550462,FROZEN_AFTER_AQ_AND_6H_BEFORE_48H_COMPARISON
upper_1sigma__all_small_at_reported_max,2.8119945828407474e-15,2.8402036303433937,A,6.0,303.15,MIS,1.1194052269723047,1.2625169478550462,FROZEN_AFTER_AQ_AND_6H_BEFORE_48H_COMPARISON
upper_1sigma__all_small_at_reported_max,2.8119945828407474e-15,2.8402036303433937,B,6.0,303.15,MIS,1.1194018815418902,1.2625169478550462,FROZEN_AFTER_AQ_AND_6H_BEFORE_48H_COMPARISON
upper_1sigma__all_small_at_reported_max,2.8119945828407474e-15,2.8402036303433937,C,6.0,303.15,MIS,1.119405272792524,1.2625169478550462,FROZEN_AFTER_AQ_AND_6H_BEFORE_48H_COMPARISON
upper_1sigma__all_small_at_reported_max,2.8119945828407474e-15,2.8402036303433937,A,6.0,323.15,M0,1.148074312915601,1.0882440401175293,FROZEN_AFTER_AQ_AND_6H_BEFORE_48H_COMPARISON
upper_1sigma__all_small_at_reported_max,2.8119945828407474e-15,2.8402036303433937,B,6.0,323.15,M0,1.1480718804952699,1.0882440401175293,FROZEN_AFTER_AQ_AND_6H_BEFORE_48H_COMPARISON
upper_1sigma__all_small_at_reported_max,2.8119945828407474e-15,2.8402036303433937,C,6.0,323.15,M0,1.1480752123433096,1.0882440401175293,FROZEN_AFTER_AQ_AND_6H_BEFORE_48H_COMPARISON
upper_1sigma__all_small_at_reported_max,2.8119945828407474e-15,2.8402036303433937,A,6.0,323.15,MI,1.0902173523158953,1.0882440401175293,FROZEN_AFTER_AQ_AND_6H_BEFORE_48H_COMPARISON
upper_1sigma__all_small_at_reported_max,2.8119945828407474e-15,2.8402036303433937,B,6.0,323.15,MI,1.09021500229609,1.0882440401175293,FROZEN_AFTER_AQ_AND_6H_BEFORE_48H_COMPARISON
upper_1sigma__all_small_at_reported_max,2.8119945828407474e-15,2.8402036303433937,C,6.0,323.15,MI,1.090218222089204,1.0882440401175293,FROZEN_AFTER_AQ_AND_6H_BEFORE_48H_COMPARISON
upper_1sigma__all_small_at_reported_max,2.8119945828407474e-15,2.8402036303433937,A,6.0,323.15,MS,1.1477637708007755,1.0882440401175293,FROZEN_AFTER_AQ_AND_6H_BEFORE_48H_COMPARISON
upper_1sigma__all_small_at_reported_max,2.8119945828407474e-15,2.8402036303433937,B,6.0,323.15,MS,1.1477596900059728,1.0882440401175293,FROZEN_AFTER_AQ_AND_6H_BEFORE_48H_COMPARISON
upper_1sigma__all_small_at_reported_max,2.8119945828407474e-15,2.8402036303433937,C,6.0,323.15,MS,1.147763132452989,1.0882440401175293,FROZEN_AFTER_AQ_AND_6H_BEFORE_48H_COMPARISON
upper_1sigma__all_small_at_reported_max,2.8119945828407474e-15,2.8402036303433937,A,6.0,323.15,MIS,1.0900405990741937,1.0882440401175293,FROZEN_AFTER_AQ_AND_6H_BEFORE_48H_COMPARISON
upper_1sigma__all_small_at_reported_max,2.8119945828407474e-15,2.8402036303433937,B,6.0,323.15,MIS,1.0900374169601632,1.0882440401175293,FROZEN_AFTER_AQ_AND_6H_BEFORE_48H_COMPARISON
upper_1sigma__all_small_at_reported_max,2.8119945828407474e-15,2.8402036303433937,C,6.0,323.15,MIS,1.090040633343182,1.0882440401175293,FROZEN_AFTER_AQ_AND_6H_BEFORE_48H_COMPARISON
upper_1sigma__all_small_at_reported_max,2.8119945828407474e-15,2.8402036303433937,A,6.0,373.15,M0,1.0738698553413,0.9630520737428236,FROZEN_AFTER_AQ_AND_6H_BEFORE_48H_COMPARISON
upper_1sigma__all_small_at_reported_max,2.8119945828407474e-15,2.8402036303433937,B,6.0,373.15,M0,1.0738677211791583,0.9630520737428236,FROZEN_AFTER_AQ_AND_6H_BEFORE_48H_COMPARISON
upper_1sigma__all_small_at_reported_max,2.8119945828407474e-15,2.8402036303433937,C,6.0,373.15,M0,1.0738706444811408,0.9630520737428236,FROZEN_AFTER_AQ_AND_6H_BEFORE_48H_COMPARISON
upper_1sigma__all_small_at_reported_max,2.8119945828407474e-15,2.8402036303433937,A,6.0,373.15,MI,1.0228345377616246,0.9630520737428236,FROZEN_AFTER_AQ_AND_6H_BEFORE_48H_COMPARISON
upper_1sigma__all_small_at_reported_max,2.8119945828407474e-15,2.8402036303433937,B,6.0,373.15,MI,1.022832470498973,0.9630520737428236,FROZEN_AFTER_AQ_AND_6H_BEFORE_48H_COMPARISON
upper_1sigma__all_small_at_reported_max,2.8119945828407474e-15,2.8402036303433937,C,6.0,373.15,MI,1.022835302886753,0.9630520737428236,FROZEN_AFTER_AQ_AND_6H_BEFORE_48H_COMPARISON
upper_1sigma__all_small_at_reported_max,2.8119945828407474e-15,2.8402036303433937,A,6.0,373.15,MS,1.0735970058966282,0.9630520737428236,FROZEN_AFTER_AQ_AND_6H_BEFORE_48H_COMPARISON
upper_1sigma__all_small_at_reported_max,2.8119945828407474e-15,2.8402036303433937,B,6.0,373.15,MS,1.0735934147194974,0.9630520737428236,FROZEN_AFTER_AQ_AND_6H_BEFORE_48H_COMPARISON
upper_1sigma__all_small_at_reported_max,2.8119945828407474e-15,2.8402036303433937,C,6.0,373.15,MS,1.0735964388315467,0.9630520737428236,FROZEN_AFTER_AQ_AND_6H_BEFORE_48H_COMPARISON
upper_1sigma__all_small_at_reported_max,2.8119945828407474e-15,2.8402036303433937,A,6.0,373.15,MIS,1.022675546645925,0.9630520737428236,FROZEN_AFTER_AQ_AND_6H_BEFORE_48H_COMPARISON
upper_1sigma__all_small_at_reported_max,2.8119945828407474e-15,2.8402036303433937,B,6.0,373.15,MIS,1.022672724060806,0.9630520737428236,FROZEN_AFTER_AQ_AND_6H_BEFORE_48H_COMPARISON
upper_1sigma__all_small_at_reported_max,2.8119945828407474e-15,2.8402036303433937,C,6.0,373.15,MIS,1.0226755569731731,0.9630520737428236,FROZEN_AFTER_AQ_AND_6H_BEFORE_48H_COMPARISON
upper_1sigma__all_small_at_reported_max,2.8119945828407474e-15,2.8402036303433937,A,6.0,423.15,M0,1.008443568428551,0.8755599608786824,FROZEN_AFTER_AQ_AND_6H_BEFORE_48H_COMPARISON
upper_1sigma__all_small_at_reported_max,2.8119945828407474e-15,2.8402036303433937,B,6.0,423.15,M0,1.008441681640154,0.8755599608786824,FROZEN_AFTER_AQ_AND_6H_BEFORE_48H_COMPARISON
upper_1sigma__all_small_at_reported_max,2.8119945828407474e-15,2.8402036303433937,C,6.0,423.15,M0,1.008444266096625,0.8755599608786824,FROZEN_AFTER_AQ_AND_6H_BEFORE_48H_COMPARISON
upper_1sigma__all_small_at_reported_max,2.8119945828407474e-15,2.8402036303433937,A,6.0,423.15,MI,0.9630729643011156,0.8755599608786824,FROZEN_AFTER_AQ_AND_6H_BEFORE_48H_COMPARISON
upper_1sigma__all_small_at_reported_max,2.8119945828407474e-15,2.8402036303433937,B,6.0,423.15,MI,0.9630711324648671,0.8755599608786824,FROZEN_AFTER_AQ_AND_6H_BEFORE_48H_COMPARISON
upper_1sigma__all_small_at_reported_max,2.8119945828407474e-15,2.8402036303433937,C,6.0,423.15,MI,0.9630736422951658,0.8755599608786824,FROZEN_AFTER_AQ_AND_6H_BEFORE_48H_COMPARISON
upper_1sigma__all_small_at_reported_max,2.8119945828407474e-15,2.8402036303433937,A,6.0,423.15,MS,1.0082018634369312,0.8755599608786824,FROZEN_AFTER_AQ_AND_6H_BEFORE_48H_COMPARISON
upper_1sigma__all_small_at_reported_max,2.8119945828407474e-15,2.8402036303433937,B,6.0,423.15,MS,1.008198678990961,0.8755599608786824,FROZEN_AFTER_AQ_AND_6H_BEFORE_48H_COMPARISON
upper_1sigma__all_small_at_reported_max,2.8119945828407474e-15,2.8402036303433937,C,6.0,423.15,MS,1.0082013553851294,0.8755599608786824,FROZEN_AFTER_AQ_AND_6H_BEFORE_48H_COMPARISON
upper_1sigma__all_small_at_reported_max,2.8119945828407474e-15,2.8402036303433937,A,6.0,423.15,MIS,0.9629290886069438,0.8755599608786824,FROZEN_AFTER_AQ_AND_6H_BEFORE_48H_COMPARISON
upper_1sigma__all_small_at_reported_max,2.8119945828407474e-15,2.8402036303433937,B,6.0,423.15,MIS,0.9629265674740999,0.8755599608786824,FROZEN_AFTER_AQ_AND_6H_BEFORE_48H_COMPARISON
upper_1sigma__all_small_at_reported_max,2.8119945828407474e-15,2.8402036303433937,C,6.0,423.15,MIS,0.9629290807559923,0.8755599608786824,FROZEN_AFTER_AQ_AND_6H_BEFORE_48H_COMPARISON
upper_1sigma__all_small_at_reported_max,2.8119945828407474e-15,2.8402036303433937,A,6.0,473.15,M0,0.9504084023841491,0.8549317391464868,FROZEN_AFTER_AQ_AND_6H_BEFORE_48H_COMPARISON
upper_1sigma__all_small_at_reported_max,2.8119945828407474e-15,2.8402036303433937,B,6.0,473.15,M0,0.9504067227280949,0.8549317391464868,FROZEN_AFTER_AQ_AND_6H_BEFORE_48H_COMPARISON
upper_1sigma__all_small_at_reported_max,2.8119945828407474e-15,2.8402036303433937,C,6.0,473.15,M0,0.9504090234608473,0.8549317391464868,FROZEN_AFTER_AQ_AND_6H_BEFORE_48H_COMPARISON
upper_1sigma__all_small_at_reported_max,2.8119945828407474e-15,2.8402036303433937,A,6.0,473.15,MI,0.9097939527750787,0.8549317391464868,FROZEN_AFTER_AQ_AND_6H_BEFORE_48H_COMPARISON
upper_1sigma__all_small_at_reported_max,2.8119945828407474e-15,2.8402036303433937,B,6.0,473.15,MI,0.9097923187307164,0.8549317391464868,FROZEN_AFTER_AQ_AND_6H_BEFORE_48H_COMPARISON
upper_1sigma__all_small_at_reported_max,2.8119945828407474e-15,2.8402036303433937,C,6.0,473.15,MI,0.9097945575664308,0.8549317391464868,FROZEN_AFTER_AQ_AND_6H_BEFORE_48H_COMPARISON
upper_1sigma__all_small_at_reported_max,2.8119945828407474e-15,2.8402036303433937,A,6.0,473.15,MS,0.9501927380683513,0.8549317391464868,FROZEN_AFTER_AQ_AND_6H_BEFORE_48H_COMPARISON
upper_1sigma__all_small_at_reported_max,2.8119945828407474e-15,2.8402036303433937,B,6.0,473.15,MS,0.9501898949417632,0.8549317391464868,FROZEN_AFTER_AQ_AND_6H_BEFORE_48H_COMPARISON
upper_1sigma__all_small_at_reported_max,2.8119945828407474e-15,2.8402036303433937,C,6.0,473.15,MS,0.950192279603081,0.8549317391464868,FROZEN_AFTER_AQ_AND_6H_BEFORE_48H_COMPARISON
upper_1sigma__all_small_at_reported_max,2.8119945828407474e-15,2.8402036303433937,A,6.0,473.15,MIS,0.9096630583876427,0.8549317391464868,FROZEN_AFTER_AQ_AND_6H_BEFORE_48H_COMPARISON
upper_1sigma__all_small_at_reported_max,2.8119945828407474e-15,2.8402036303433937,B,6.0,473.15,MIS,0.9096607923166983,0.8549317391464868,FROZEN_AFTER_AQ_AND_6H_BEFORE_48H_COMPARISON
upper_1sigma__all_small_at_reported_max,2.8119945828407474e-15,2.8402036303433937,C,6.0,473.15,MIS,0.9096630367746318,0.8549317391464868,FROZEN_AFTER_AQ_AND_6H_BEFORE_48H_COMPARISON
upper_1sigma__all_small_at_reported_max,2.8119945828407474e-15,2.8402036303433937,A,6.0,523.15,M0,0.8986201463828323,0.8542204211557212,FROZEN_AFTER_AQ_AND_6H_BEFORE_48H_COMPARISON
upper_1sigma__all_small_at_reported_max,2.8119945828407474e-15,2.8402036303433937,B,6.0,523.15,M0,0.898618641751201,0.8542204211557212,FROZEN_AFTER_AQ_AND_6H_BEFORE_48H_COMPARISON
upper_1sigma__all_small_at_reported_max,2.8119945828407474e-15,2.8402036303433937,C,6.0,523.15,M0,0.8986207027408952,0.8542204211557212,FROZEN_AFTER_AQ_AND_6H_BEFORE_48H_COMPARISON
upper_1sigma__all_small_at_reported_max,2.8119945828407474e-15,2.8402036303433937,A,6.0,523.15,MI,0.8620387321735433,0.8542204211557212,FROZEN_AFTER_AQ_AND_6H_BEFORE_48H_COMPARISON
upper_1sigma__all_small_at_reported_max,2.8119945828407474e-15,2.8402036303433937,B,6.0,523.15,MI,0.862037265755637,0.8542204211557212,FROZEN_AFTER_AQ_AND_6H_BEFORE_48H_COMPARISON
upper_1sigma__all_small_at_reported_max,2.8119945828407474e-15,2.8402036303433937,C,6.0,523.15,MI,0.8620392749262422,0.8542204211557212,FROZEN_AFTER_AQ_AND_6H_BEFORE_48H_COMPARISON
upper_1sigma__all_small_at_reported_max,2.8119945828407474e-15,2.8402036303433937,A,6.0,523.15,MS,0.8984264842953128,0.8542204211557212,FROZEN_AFTER_AQ_AND_6H_BEFORE_48H_COMPARISON
upper_1sigma__all_small_at_reported_max,2.8119945828407474e-15,2.8402036303433937,B,6.0,523.15,MS,0.898423930297359,0.8542204211557212,FROZEN_AFTER_AQ_AND_6H_BEFORE_48H_COMPARISON
upper_1sigma__all_small_at_reported_max,2.8119945828407474e-15,2.8402036303433937,C,6.0,523.15,MS,0.8984260679995664,0.8542204211557212,FROZEN_AFTER_AQ_AND_6H_BEFORE_48H_COMPARISON
upper_1sigma__all_small_at_reported_max,2.8119945828407474e-15,2.8402036303433937,A,6.0,523.15,MIS,0.8619190776942286,0.8542204211557212,FROZEN_AFTER_AQ_AND_6H_BEFORE_48H_COMPARISON
upper_1sigma__all_small_at_reported_max,2.8119945828407474e-15,2.8402036303433937,B,6.0,523.15,MIS,0.8619170293030476,0.8542204211557212,FROZEN_AFTER_AQ_AND_6H_BEFORE_48H_COMPARISON
upper_1sigma__all_small_at_reported_max,2.8119945828407474e-15,2.8402036303433937,C,6.0,523.15,MIS,0.8619190456937592,0.8542204211557212,FROZEN_AFTER_AQ_AND_6H_BEFORE_48H_COMPARISON
upper_1sigma__all_small_at_reported_max,2.8119945828407474e-15,2.8402036303433937,A,6.0,573.15,M0,0.8521435490318536,0.85,FROZEN_AFTER_AQ_AND_6H_BEFORE_48H_COMPARISON
upper_1sigma__all_small_at_reported_max,2.8119945828407474e-15,2.8402036303433937,B,6.0,573.15,M0,0.8521421935526675,0.85,FROZEN_AFTER_AQ_AND_6H_BEFORE_48H_COMPARISON
upper_1sigma__all_small_at_reported_max,2.8119945828407474e-15,2.8402036303433937,C,6.0,573.15,M0,0.8521440502380767,0.85,FROZEN_AFTER_AQ_AND_6H_BEFORE_48H_COMPARISON
upper_1sigma__all_small_at_reported_max,2.8119945828407474e-15,2.8402036303433937,A,6.0,573.15,MI,0.8190125217753299,0.85,FROZEN_AFTER_AQ_AND_6H_BEFORE_48H_COMPARISON
upper_1sigma__all_small_at_reported_max,2.8119945828407474e-15,2.8402036303433937,B,6.0,573.15,MI,0.8190111985809172,0.85,FROZEN_AFTER_AQ_AND_6H_BEFORE_48H_COMPARISON
upper_1sigma__all_small_at_reported_max,2.8119945828407474e-15,2.8402036303433937,C,6.0,573.15,MI,0.8190130115207492,0.85,FROZEN_AFTER_AQ_AND_6H_BEFORE_48H_COMPARISON
upper_1sigma__all_small_at_reported_max,2.8119945828407474e-15,2.8402036303433937,A,6.0,573.15,MS,0.8519686506204291,0.85,FROZEN_AFTER_AQ_AND_6H_BEFORE_48H_COMPARISON
upper_1sigma__all_small_at_reported_max,2.8119945828407474e-15,2.8402036303433937,B,6.0,573.15,MS,0.8519663436508206,0.85,FROZEN_AFTER_AQ_AND_6H_BEFORE_48H_COMPARISON
upper_1sigma__all_small_at_reported_max,2.8119945828407474e-15,2.8402036303433937,C,6.0,573.15,MS,0.8519682705509506,0.85,FROZEN_AFTER_AQ_AND_6H_BEFORE_48H_COMPARISON
upper_1sigma__all_small_at_reported_max,2.8119945828407474e-15,2.8402036303433937,A,6.0,573.15,MIS,0.8189026709185352,0.85,FROZEN_AFTER_AQ_AND_6H_BEFORE_48H_COMPARISON
upper_1sigma__all_small_at_reported_max,2.8119945828407474e-15,2.8402036303433937,B,6.0,573.15,MIS,0.818900809794419,0.85,FROZEN_AFTER_AQ_AND_6H_BEFORE_48H_COMPARISON
upper_1sigma__all_small_at_reported_max,2.8119945828407474e-15,2.8402036303433937,C,6.0,573.15,MIS,0.8189026311153486,0.85,FROZEN_AFTER_AQ_AND_6H_BEFORE_48H_COMPARISON
upper_1sigma__all_small_at_reported_max,2.8119945828407474e-15,2.8402036303433937,A,48.0,303.15,M0,1.177993283412944,1.5171687885490504,FROZEN_AFTER_AQ_AND_6H_BEFORE_48H_COMPARISON
upper_1sigma__all_small_at_reported_max,2.8119945828407474e-15,2.8402036303433937,B,48.0,303.15,M0,1.176260506100526,1.5171687885490504,FROZEN_AFTER_AQ_AND_6H_BEFORE_48H_COMPARISON
upper_1sigma__all_small_at_reported_max,2.8119945828407474e-15,2.8402036303433937,C,48.0,303.15,M0,1.179114207246001,1.5171687885490504,FROZEN_AFTER_AQ_AND_6H_BEFORE_48H_COMPARISON
upper_1sigma__all_small_at_reported_max,2.8119945828407474e-15,2.8402036303433937,A,48.0,303.15,MI,1.152968140164617,1.5171687885490504,FROZEN_AFTER_AQ_AND_6H_BEFORE_48H_COMPARISON
upper_1sigma__all_small_at_reported_max,2.8119945828407474e-15,2.8402036303433937,B,48.0,303.15,MI,1.1487008165296222,1.5171687885490504,FROZEN_AFTER_AQ_AND_6H_BEFORE_48H_COMPARISON
upper_1sigma__all_small_at_reported_max,2.8119945828407474e-15,2.8402036303433937,C,48.0,303.15,MI,1.1567619951733201,1.5171687885490504,FROZEN_AFTER_AQ_AND_6H_BEFORE_48H_COMPARISON
upper_1sigma__all_small_at_reported_max,2.8119945828407474e-15,2.8402036303433937,A,48.0,303.15,MS,1.1777322371366683,1.5171687885490504,FROZEN_AFTER_AQ_AND_6H_BEFORE_48H_COMPARISON
upper_1sigma__all_small_at_reported_max,2.8119945828407474e-15,2.8402036303433937,B,48.0,303.15,MS,1.175998036719255,1.5171687885490504,FROZEN_AFTER_AQ_AND_6H_BEFORE_48H_COMPARISON
upper_1sigma__all_small_at_reported_max,2.8119945828407474e-15,2.8402036303433937,C,48.0,303.15,MS,1.1788679522077843,1.5171687885490504,FROZEN_AFTER_AQ_AND_6H_BEFORE_48H_COMPARISON
upper_1sigma__all_small_at_reported_max,2.8119945828407474e-15,2.8402036303433937,A,48.0,303.15,MIS,1.1527757511660204,1.5171687885490504,FROZEN_AFTER_AQ_AND_6H_BEFORE_48H_COMPARISON
upper_1sigma__all_small_at_reported_max,2.8119945828407474e-15,2.8402036303433937,B,48.0,303.15,MIS,1.1485118476780616,1.5171687885490504,FROZEN_AFTER_AQ_AND_6H_BEFORE_48H_COMPARISON
upper_1sigma__all_small_at_reported_max,2.8119945828407474e-15,2.8402036303433937,C,48.0,303.15,MIS,1.156575172192841,1.5171687885490504,FROZEN_AFTER_AQ_AND_6H_BEFORE_48H_COMPARISON
upper_1sigma__all_small_at_reported_max,2.8119945828407474e-15,2.8402036303433937,A,48.0,323.15,M0,1.1456146678861716,1.3578335586176062,FROZEN_AFTER_AQ_AND_6H_BEFORE_48H_COMPARISON
upper_1sigma__all_small_at_reported_max,2.8119945828407474e-15,2.8402036303433937,B,48.0,323.15,M0,1.143980797957423,1.3578335586176062,FROZEN_AFTER_AQ_AND_6H_BEFORE_48H_COMPARISON
upper_1sigma__all_small_at_reported_max,2.8119945828407474e-15,2.8402036303433937,C,48.0,323.15,M0,1.1466633404733242,1.3578335586176062,FROZEN_AFTER_AQ_AND_6H_BEFORE_48H_COMPARISON
upper_1sigma__all_small_at_reported_max,2.8119945828407474e-15,2.8402036303433937,A,48.0,323.15,MI,1.1218734451668213,1.3578335586176062,FROZEN_AFTER_AQ_AND_6H_BEFORE_48H_COMPARISON
upper_1sigma__all_small_at_reported_max,2.8119945828407474e-15,2.8402036303433937,B,48.0,323.15,MI,1.1178350645145787,1.3578335586176062,FROZEN_AFTER_AQ_AND_6H_BEFORE_48H_COMPARISON
upper_1sigma__all_small_at_reported_max,2.8119945828407474e-15,2.8402036303433937,C,48.0,323.15,MI,1.1254571202105201,1.3578335586176062,FROZEN_AFTER_AQ_AND_6H_BEFORE_48H_COMPARISON
upper_1sigma__all_small_at_reported_max,2.8119945828407474e-15,2.8402036303433937,A,48.0,323.15,MS,1.1453657025681034,1.3578335586176062,FROZEN_AFTER_AQ_AND_6H_BEFORE_48H_COMPARISON
upper_1sigma__all_small_at_reported_max,2.8119945828407474e-15,2.8402036303433937,B,48.0,323.15,MS,1.1437307063936781,1.3578335586176062,FROZEN_AFTER_AQ_AND_6H_BEFORE_48H_COMPARISON
upper_1sigma__all_small_at_reported_max,2.8119945828407474e-15,2.8402036303433937,C,48.0,323.15,MS,1.1464282167148072,1.3578335586176062,FROZEN_AFTER_AQ_AND_6H_BEFORE_48H_COMPARISON
upper_1sigma__all_small_at_reported_max,2.8119945828407474e-15,2.8402036303433937,A,48.0,323.15,MIS,1.121689128632439,1.3578335586176062,FROZEN_AFTER_AQ_AND_6H_BEFORE_48H_COMPARISON
upper_1sigma__all_small_at_reported_max,2.8119945828407474e-15,2.8402036303433937,B,48.0,323.15,MIS,1.1176541007584573,1.3578335586176062,FROZEN_AFTER_AQ_AND_6H_BEFORE_48H_COMPARISON
upper_1sigma__all_small_at_reported_max,2.8119945828407474e-15,2.8402036303433937,C,48.0,323.15,MIS,1.1252780458324874,1.3578335586176062,FROZEN_AFTER_AQ_AND_6H_BEFORE_48H_COMPARISON
upper_1sigma__all_small_at_reported_max,2.8119945828407474e-15,2.8402036303433937,A,48.0,373.15,M0,1.0716728626693828,1.1846276278662375,FROZEN_AFTER_AQ_AND_6H_BEFORE_48H_COMPARISON
upper_1sigma__all_small_at_reported_max,2.8119945828407474e-15,2.8402036303433937,B,48.0,373.15,M0,1.0702530533012178,1.1846276278662375,FROZEN_AFTER_AQ_AND_6H_BEFORE_48H_COMPARISON
upper_1sigma__all_small_at_reported_max,2.8119945828407474e-15,2.8402036303433937,C,48.0,373.15,M0,1.0725675353289004,1.1846276278662375,FROZEN_AFTER_AQ_AND_6H_BEFORE_48H_COMPARISON
upper_1sigma__all_small_at_reported_max,2.8119945828407474e-15,2.8402036303433937,A,48.0,373.15,MI,1.0507345386029208,1.1846276278662375,FROZEN_AFTER_AQ_AND_6H_BEFORE_48H_COMPARISON
upper_1sigma__all_small_at_reported_max,2.8119945828407474e-15,2.8402036303433937,B,48.0,373.15,MI,1.0471942925863957,1.1846276278662375,FROZEN_AFTER_AQ_AND_6H_BEFORE_48H_COMPARISON
upper_1sigma__all_small_at_reported_max,2.8119945828407474e-15,2.8402036303433937,C,48.0,373.15,MI,1.053862946577541,1.1846276278662375,FROZEN_AFTER_AQ_AND_6H_BEFORE_48H_COMPARISON
upper_1sigma__all_small_at_reported_max,2.8119945828407474e-15,2.8402036303433937,A,48.0,373.15,MS,1.071450537716164,1.1846276278662375,FROZEN_AFTER_AQ_AND_6H_BEFORE_48H_COMPARISON
upper_1sigma__all_small_at_reported_max,2.8119945828407474e-15,2.8402036303433937,B,48.0,373.15,MS,1.0700302066670973,1.1846276278662375,FROZEN_AFTER_AQ_AND_6H_BEFORE_48H_COMPARISON
upper_1sigma__all_small_at_reported_max,2.8119945828407474e-15,2.8402036303433937,C,48.0,373.15,MS,1.0723570163584124,1.1846276278662375,FROZEN_AFTER_AQ_AND_6H_BEFORE_48H_COMPARISON
upper_1sigma__all_small_at_reported_max,2.8119945828407474e-15,2.8402036303433937,A,48.0,373.15,MIS,1.0505681942151712,1.1846276278662375,FROZEN_AFTER_AQ_AND_6H_BEFORE_48H_COMPARISON
upper_1sigma__all_small_at_reported_max,2.8119945828407474e-15,2.8402036303433937,B,48.0,373.15,MIS,1.0470311390768265,1.1846276278662375,FROZEN_AFTER_AQ_AND_6H_BEFORE_48H_COMPARISON
upper_1sigma__all_small_at_reported_max,2.8119945828407474e-15,2.8402036303433937,C,48.0,373.15,MIS,1.053701137805443,1.1846276278662375,FROZEN_AFTER_AQ_AND_6H_BEFORE_48H_COMPARISON
upper_1sigma__all_small_at_reported_max,2.8119945828407474e-15,2.8402036303433937,A,48.0,423.15,M0,1.0064695908383339,1.0846874501637025,FROZEN_AFTER_AQ_AND_6H_BEFORE_48H_COMPARISON
upper_1sigma__all_small_at_reported_max,2.8119945828407474e-15,2.8402036303433937,B,48.0,423.15,M0,1.0052251032274275,1.0846874501637025,FROZEN_AFTER_AQ_AND_6H_BEFORE_48H_COMPARISON
upper_1sigma__all_small_at_reported_max,2.8119945828407474e-15,2.8402036303433937,C,48.0,423.15,M0,1.0072406888682812,1.0846874501637025,FROZEN_AFTER_AQ_AND_6H_BEFORE_48H_COMPARISON
upper_1sigma__all_small_at_reported_max,2.8119945828407474e-15,2.8402036303433937,A,48.0,423.15,MI,0.9878584978131703,1.0846874501637025,FROZEN_AFTER_AQ_AND_6H_BEFORE_48H_COMPARISON
upper_1sigma__all_small_at_reported_max,2.8119945828407474e-15,2.8402036303433937,B,48.0,423.15,MI,0.9847296085233243,1.0846874501637025,FROZEN_AFTER_AQ_AND_6H_BEFORE_48H_COMPARISON
upper_1sigma__all_small_at_reported_max,2.8119945828407474e-15,2.8402036303433937,C,48.0,423.15,MI,0.9906130971262217,1.0846874501637025,FROZEN_AFTER_AQ_AND_6H_BEFORE_48H_COMPARISON
upper_1sigma__all_small_at_reported_max,2.8119945828407474e-15,2.8402036303433937,A,48.0,423.15,MS,1.0062696981376325,1.0846874501637025,FROZEN_AFTER_AQ_AND_6H_BEFORE_48H_COMPARISON
upper_1sigma__all_small_at_reported_max,2.8119945828407474e-15,2.8402036303433937,B,48.0,423.15,MS,1.0050251408388153,1.0846874501637025,FROZEN_AFTER_AQ_AND_6H_BEFORE_48H_COMPARISON
upper_1sigma__all_small_at_reported_max,2.8119945828407474e-15,2.8402036303433937,C,48.0,423.15,MS,1.0070509549685913,1.0846874501637025,FROZEN_AFTER_AQ_AND_6H_BEFORE_48H_COMPARISON
upper_1sigma__all_small_at_reported_max,2.8119945828407474e-15,2.8402036303433937,A,48.0,423.15,MIS,0.9877074840635258,1.0846874501637025,FROZEN_AFTER_AQ_AND_6H_BEFORE_48H_COMPARISON
upper_1sigma__all_small_at_reported_max,2.8119945828407474e-15,2.8402036303433937,B,48.0,423.15,MIS,0.9845816331938431,1.0846874501637025,FROZEN_AFTER_AQ_AND_6H_BEFORE_48H_COMPARISON
upper_1sigma__all_small_at_reported_max,2.8119945828407474e-15,2.8402036303433937,C,48.0,423.15,MIS,0.9904660338835019,1.0846874501637025,FROZEN_AFTER_AQ_AND_6H_BEFORE_48H_COMPARISON
upper_1sigma__all_small_at_reported_max,2.8119945828407474e-15,2.8402036303433937,A,48.0,473.15,M0,0.9486254790036373,1.08433179116832,FROZEN_AFTER_AQ_AND_6H_BEFORE_48H_COMPARISON
upper_1sigma__all_small_at_reported_max,2.8119945828407474e-15,2.8402036303433937,B,48.0,473.15,M0,0.9475261402775121,1.08433179116832,FROZEN_AFTER_AQ_AND_6H_BEFORE_48H_COMPARISON
upper_1sigma__all_small_at_reported_max,2.8119945828407474e-15,2.8402036303433937,C,48.0,473.15,M0,0.9492961584085154,1.08433179116832,FROZEN_AFTER_AQ_AND_6H_BEFORE_48H_COMPARISON
upper_1sigma__all_small_at_reported_max,2.8119945828407474e-15,2.8402036303433937,A,48.0,473.15,MI,0.9319681808396177,1.08433179116832,FROZEN_AFTER_AQ_AND_6H_BEFORE_48H_COMPARISON
upper_1sigma__all_small_at_reported_max,2.8119945828407474e-15,2.8402036303433937,B,48.0,473.15,MI,0.9291826861145067,1.08433179116832,FROZEN_AFTER_AQ_AND_6H_BEFORE_48H_COMPARISON
upper_1sigma__all_small_at_reported_max,2.8119945828407474e-15,2.8402036303433937,C,48.0,473.15,MI,0.9344122831566875,1.08433179116832,FROZEN_AFTER_AQ_AND_6H_BEFORE_48H_COMPARISON
upper_1sigma__all_small_at_reported_max,2.8119945828407474e-15,2.8402036303433937,A,48.0,473.15,MS,0.9484446689716907,1.08433179116832,FROZEN_AFTER_AQ_AND_6H_BEFORE_48H_COMPARISON
upper_1sigma__all_small_at_reported_max,2.8119945828407474e-15,2.8402036303433937,B,48.0,473.15,MS,0.9473456005171332,1.08433179116832,FROZEN_AFTER_AQ_AND_6H_BEFORE_48H_COMPARISON
upper_1sigma__all_small_at_reported_max,2.8119945828407474e-15,2.8402036303433937,C,48.0,473.15,MS,0.9491241580897664,1.08433179116832,FROZEN_AFTER_AQ_AND_6H_BEFORE_48H_COMPARISON
upper_1sigma__all_small_at_reported_max,2.8119945828407474e-15,2.8402036303433937,A,48.0,473.15,MIS,0.9318303646504501,1.08433179116832,FROZEN_AFTER_AQ_AND_6H_BEFORE_48H_COMPARISON
upper_1sigma__all_small_at_reported_max,2.8119945828407474e-15,2.8402036303433937,B,48.0,473.15,MIS,0.92904776521905,1.08433179116832,FROZEN_AFTER_AQ_AND_6H_BEFORE_48H_COMPARISON
upper_1sigma__all_small_at_reported_max,2.8119945828407474e-15,2.8402036303433937,C,48.0,473.15,MIS,0.9342779284145727,1.08433179116832,FROZEN_AFTER_AQ_AND_6H_BEFORE_48H_COMPARISON
upper_1sigma__all_small_at_reported_max,2.8119945828407474e-15,2.8402036303433937,A,48.0,523.15,M0,0.8970021352430434,1.0405857347362493,FROZEN_AFTER_AQ_AND_6H_BEFORE_48H_COMPARISON
upper_1sigma__all_small_at_reported_max,2.8119945828407474e-15,2.8402036303433937,B,48.0,523.15,M0,0.89602419721523,1.0405857347362493,FROZEN_AFTER_AQ_AND_6H_BEFORE_48H_COMPARISON
upper_1sigma__all_small_at_reported_max,2.8119945828407474e-15,2.8402036303433937,C,48.0,523.15,M0,0.8975902550550217,1.0405857347362493,FROZEN_AFTER_AQ_AND_6H_BEFORE_48H_COMPARISON
upper_1sigma__all_small_at_reported_max,2.8119945828407474e-15,2.8402036303433937,A,48.0,523.15,MI,0.882001472768893,1.0405857347362493,FROZEN_AFTER_AQ_AND_6H_BEFORE_48H_COMPARISON
upper_1sigma__all_small_at_reported_max,2.8119945828407474e-15,2.8402036303433937,B,48.0,523.15,MI,0.8795055093449642,1.0405857347362493,FROZEN_AFTER_AQ_AND_6H_BEFORE_48H_COMPARISON
upper_1sigma__all_small_at_reported_max,2.8119945828407474e-15,2.8402036303433937,C,48.0,523.15,MI,0.8841849407113069,1.0405857347362493,FROZEN_AFTER_AQ_AND_6H_BEFORE_48H_COMPARISON
upper_1sigma__all_small_at_reported_max,2.8119945828407474e-15,2.8402036303433937,A,48.0,523.15,MS,0.8968377062250372,1.0405857347362493,FROZEN_AFTER_AQ_AND_6H_BEFORE_48H_COMPARISON
upper_1sigma__all_small_at_reported_max,2.8119945828407474e-15,2.8402036303433937,B,48.0,523.15,MS,0.8958602950217186,1.0405857347362493,FROZEN_AFTER_AQ_AND_6H_BEFORE_48H_COMPARISON
upper_1sigma__all_small_at_reported_max,2.8119945828407474e-15,2.8402036303433937,C,48.0,523.15,MS,0.8974335188727051,1.0405857347362493,FROZEN_AFTER_AQ_AND_6H_BEFORE_48H_COMPARISON
upper_1sigma__all_small_at_reported_max,2.8119945828407474e-15,2.8402036303433937,A,48.0,523.15,MIS,0.8818751107350211,1.0405857347362493,FROZEN_AFTER_AQ_AND_6H_BEFORE_48H_COMPARISON
upper_1sigma__all_small_at_reported_max,2.8119945828407474e-15,2.8402036303433937,B,48.0,523.15,MIS,0.8793819084880463,1.0405857347362493,FROZEN_AFTER_AQ_AND_6H_BEFORE_48H_COMPARISON
upper_1sigma__all_small_at_reported_max,2.8119945828407474e-15,2.8402036303433937,C,48.0,523.15,MIS,0.8840616278881422,1.0405857347362493,FROZEN_AFTER_AQ_AND_6H_BEFORE_48H_COMPARISON
upper_1sigma__all_small_at_reported_max,2.8119945828407474e-15,2.8402036303433937,A,48.0,573.15,M0,0.8506688366845692,1.03,FROZEN_AFTER_AQ_AND_6H_BEFORE_48H_COMPARISON
upper_1sigma__all_small_at_reported_max,2.8119945828407474e-15,2.8402036303433937,B,48.0,573.15,M0,0.8497933978085774,1.03,FROZEN_AFTER_AQ_AND_6H_BEFORE_48H_COMPARISON
upper_1sigma__all_small_at_reported_max,2.8119945828407474e-15,2.8402036303433937,C,48.0,573.15,M0,0.8511883525262255,1.03,FROZEN_AFTER_AQ_AND_6H_BEFORE_48H_COMPARISON
upper_1sigma__all_small_at_reported_max,2.8119945828407474e-15,2.8402036303433937,A,48.0,573.15,MI,0.8370854038506921,1.03,FROZEN_AFTER_AQ_AND_6H_BEFORE_48H_COMPARISON
upper_1sigma__all_small_at_reported_max,2.8119945828407474e-15,2.8402036303433937,B,48.0,573.15,MI,0.8348357817921912,1.03,FROZEN_AFTER_AQ_AND_6H_BEFORE_48H_COMPARISON
upper_1sigma__all_small_at_reported_max,2.8119945828407474e-15,2.8402036303433937,C,48.0,573.15,MI,0.8390480029120775,1.03,FROZEN_AFTER_AQ_AND_6H_BEFORE_48H_COMPARISON
upper_1sigma__all_small_at_reported_max,2.8119945828407474e-15,2.8402036303433937,A,48.0,573.15,MS,0.8505185837733522,1.03,FROZEN_AFTER_AQ_AND_6H_BEFORE_48H_COMPARISON
upper_1sigma__all_small_at_reported_max,2.8119945828407474e-15,2.8402036303433937,B,48.0,573.15,MS,0.8496438654359314,1.03,FROZEN_AFTER_AQ_AND_6H_BEFORE_48H_COMPARISON
upper_1sigma__all_small_at_reported_max,2.8119945828407474e-15,2.8402036303433937,C,48.0,573.15,MS,0.8510448588809688,1.03,FROZEN_AFTER_AQ_AND_6H_BEFORE_48H_COMPARISON
upper_1sigma__all_small_at_reported_max,2.8119945828407474e-15,2.8402036303433937,A,48.0,573.15,MIS,0.8369690555653898,1.03,FROZEN_AFTER_AQ_AND_6H_BEFORE_48H_COMPARISON
upper_1sigma__all_small_at_reported_max,2.8119945828407474e-15,2.8402036303433937,B,48.0,573.15,MIS,0.8347220691317279,1.03,FROZEN_AFTER_AQ_AND_6H_BEFORE_48H_COMPARISON
upper_1sigma__all_small_at_reported_max,2.8119945828407474e-15,2.8402036303433937,C,48.0,573.15,MIS,0.8389343536825618,1.03,FROZEN_AFTER_AQ_AND_6H_BEFORE_48H_COMPARISON
upper_1sigma__single_APT_37to6_prolate_AR10,2.7939063689067184e-15,3.0163107484456013,A,6.0,303.15,M0,1.1842138507982356,1.2625169478550462,FROZEN_AFTER_AQ_AND_6H_BEFORE_48H_COMPARISON
upper_1sigma__single_APT_37to6_prolate_AR10,2.7939063689067184e-15,3.0163107484456013,B,6.0,303.15,M0,1.1842112663644384,1.2625169478550462,FROZEN_AFTER_AQ_AND_6H_BEFORE_48H_COMPARISON
upper_1sigma__single_APT_37to6_prolate_AR10,2.7939063689067184e-15,3.0163107484456013,C,6.0,303.15,M0,1.184214806436627,1.2625169478550462,FROZEN_AFTER_AQ_AND_6H_BEFORE_48H_COMPARISON
upper_1sigma__single_APT_37to6_prolate_AR10,2.7939063689067184e-15,3.0163107484456013,A,6.0,303.15,MI,1.119633607045862,1.2625169478550462,FROZEN_AFTER_AQ_AND_6H_BEFORE_48H_COMPARISON
upper_1sigma__single_APT_37to6_prolate_AR10,2.7939063689067184e-15,3.0163107484456013,B,6.0,303.15,MI,1.1196311188882049,1.2625169478550462,FROZEN_AFTER_AQ_AND_6H_BEFORE_48H_COMPARISON
upper_1sigma__single_APT_37to6_prolate_AR10,2.7939063689067184e-15,3.0163107484456013,C,6.0,303.15,MI,1.1196345279855255,1.2625169478550462,FROZEN_AFTER_AQ_AND_6H_BEFORE_48H_COMPARISON
upper_1sigma__single_APT_37to6_prolate_AR10,2.7939063689067184e-15,3.0163107484456013,A,6.0,303.15,MS,1.1838840472921197,1.2625169478550462,FROZEN_AFTER_AQ_AND_6H_BEFORE_48H_COMPARISON
upper_1sigma__single_APT_37to6_prolate_AR10,2.7939063689067184e-15,3.0163107484456013,B,6.0,303.15,MS,1.183879717286772,1.2625169478550462,FROZEN_AFTER_AQ_AND_6H_BEFORE_48H_COMPARISON
upper_1sigma__single_APT_37to6_prolate_AR10,2.7939063689067184e-15,3.0163107484456013,C,6.0,303.15,MS,1.1838833725863063,1.2625169478550462,FROZEN_AFTER_AQ_AND_6H_BEFORE_48H_COMPARISON
upper_1sigma__single_APT_37to6_prolate_AR10,2.7939063689067184e-15,3.0163107484456013,A,6.0,303.15,MIS,1.1194529044050068,1.2625169478550462,FROZEN_AFTER_AQ_AND_6H_BEFORE_48H_COMPARISON
upper_1sigma__single_APT_37to6_prolate_AR10,2.7939063689067184e-15,3.0163107484456013,B,6.0,303.15,MIS,1.1194495736035595,1.2625169478550462,FROZEN_AFTER_AQ_AND_6H_BEFORE_48H_COMPARISON
upper_1sigma__single_APT_37to6_prolate_AR10,2.7939063689067184e-15,3.0163107484456013,C,6.0,303.15,MIS,1.1194529746052746,1.2625169478550462,FROZEN_AFTER_AQ_AND_6H_BEFORE_48H_COMPARISON
upper_1sigma__single_APT_37to6_prolate_AR10,2.7939063689067184e-15,3.0163107484456013,A,6.0,323.15,M0,1.1515159347528112,1.0882440401175293,FROZEN_AFTER_AQ_AND_6H_BEFORE_48H_COMPARISON
upper_1sigma__single_APT_37to6_prolate_AR10,2.7939063689067184e-15,3.0163107484456013,B,6.0,323.15,M0,1.1515134880725117,1.0882440401175293,FROZEN_AFTER_AQ_AND_6H_BEFORE_48H_COMPARISON
upper_1sigma__single_APT_37to6_prolate_AR10,2.7939063689067184e-15,3.0163107484456013,C,6.0,323.15,M0,1.1515168394534632,1.0882440401175293,FROZEN_AFTER_AQ_AND_6H_BEFORE_48H_COMPARISON
upper_1sigma__single_APT_37to6_prolate_AR10,2.7939063689067184e-15,3.0163107484456013,A,6.0,323.15,MI,1.0902466661316503,1.0882440401175293,FROZEN_AFTER_AQ_AND_6H_BEFORE_48H_COMPARISON
upper_1sigma__single_APT_37to6_prolate_AR10,2.7939063689067184e-15,3.0163107484456013,B,6.0,323.15,MI,1.0902443076997466,1.0882440401175293,FROZEN_AFTER_AQ_AND_6H_BEFORE_48H_COMPARISON
upper_1sigma__single_APT_37to6_prolate_AR10,2.7939063689067184e-15,3.0163107484456013,C,6.0,323.15,MI,1.090247539057915,1.0882440401175293,FROZEN_AFTER_AQ_AND_6H_BEFORE_48H_COMPARISON
upper_1sigma__single_APT_37to6_prolate_AR10,2.7939063689067184e-15,3.0163107484456013,A,6.0,323.15,MS,1.151203618813736,1.0882440401175293,FROZEN_AFTER_AQ_AND_6H_BEFORE_48H_COMPARISON
upper_1sigma__single_APT_37to6_prolate_AR10,2.7939063689067184e-15,3.0163107484456013,B,6.0,323.15,MS,1.1511995147934586,1.0882440401175293,FROZEN_AFTER_AQ_AND_6H_BEFORE_48H_COMPARISON
upper_1sigma__single_APT_37to6_prolate_AR10,2.7939063689067184e-15,3.0163107484456013,C,6.0,323.15,MS,1.1512029772088057,1.0882440401175293,FROZEN_AFTER_AQ_AND_6H_BEFORE_48H_COMPARISON
upper_1sigma__single_APT_37to6_prolate_AR10,2.7939063689067184e-15,3.0163107484456013,A,6.0,323.15,MIS,1.0900737357050339,1.0882440401175293,FROZEN_AFTER_AQ_AND_6H_BEFORE_48H_COMPARISON
upper_1sigma__single_APT_37to6_prolate_AR10,2.7939063689067184e-15,3.0163107484456013,B,6.0,323.15,MIS,1.0900705677351155,1.0882440401175293,FROZEN_AFTER_AQ_AND_6H_BEFORE_48H_COMPARISON
upper_1sigma__single_APT_37to6_prolate_AR10,2.7939063689067184e-15,3.0163107484456013,C,6.0,323.15,MIS,1.0900737930191466,1.0882440401175293,FROZEN_AFTER_AQ_AND_6H_BEFORE_48H_COMPARISON
upper_1sigma__single_APT_37to6_prolate_AR10,2.7939063689067184e-15,3.0163107484456013,A,6.0,373.15,M0,1.0768756298223423,0.9630520737428236,FROZEN_AFTER_AQ_AND_6H_BEFORE_48H_COMPARISON
upper_1sigma__single_APT_37to6_prolate_AR10,2.7939063689067184e-15,3.0163107484456013,B,6.0,373.15,M0,1.0768734839601386,0.9630520737428236,FROZEN_AFTER_AQ_AND_6H_BEFORE_48H_COMPARISON
upper_1sigma__single_APT_37to6_prolate_AR10,2.7939063689067184e-15,3.0163107484456013,C,6.0,373.15,M0,1.0768764232885282,0.9630520737428236,FROZEN_AFTER_AQ_AND_6H_BEFORE_48H_COMPARISON
upper_1sigma__single_APT_37to6_prolate_AR10,2.7939063689067184e-15,3.0163107484456013,A,6.0,373.15,MI,1.0228344310066761,0.9630520737428236,FROZEN_AFTER_AQ_AND_6H_BEFORE_48H_COMPARISON
upper_1sigma__single_APT_37to6_prolate_AR10,2.7939063689067184e-15,3.0163107484456013,B,6.0,373.15,MI,1.022832356770015,0.9630520737428236,FROZEN_AFTER_AQ_AND_6H_BEFORE_48H_COMPARISON
upper_1sigma__single_APT_37to6_prolate_AR10,2.7939063689067184e-15,3.0163107484456013,C,6.0,373.15,MI,1.022835198748303,0.9630520737428236,FROZEN_AFTER_AQ_AND_6H_BEFORE_48H_COMPARISON
upper_1sigma__single_APT_37to6_prolate_AR10,2.7939063689067184e-15,3.0163107484456013,A,6.0,373.15,MS,1.0766013245266057,0.9630520737428236,FROZEN_AFTER_AQ_AND_6H_BEFORE_48H_COMPARISON
upper_1sigma__single_APT_37to6_prolate_AR10,2.7939063689067184e-15,3.0163107484456013,B,6.0,373.15,MS,1.0765977142297236,0.9630520737428236,FROZEN_AFTER_AQ_AND_6H_BEFORE_48H_COMPARISON
upper_1sigma__single_APT_37to6_prolate_AR10,2.7939063689067184e-15,3.0163107484456013,C,6.0,373.15,MS,1.0766007547643657,0.9630520737428236,FROZEN_AFTER_AQ_AND_6H_BEFORE_48H_COMPARISON
upper_1sigma__single_APT_37to6_prolate_AR10,2.7939063689067184e-15,3.0163107484456013,A,6.0,373.15,MIS,1.0226787840857827,0.9630520737428236,FROZEN_AFTER_AQ_AND_6H_BEFORE_48H_COMPARISON
upper_1sigma__single_APT_37to6_prolate_AR10,2.7939063689067184e-15,3.0163107484456013,B,6.0,373.15,MIS,1.0226759744942455,0.9630520737428236,FROZEN_AFTER_AQ_AND_6H_BEFORE_48H_COMPARISON
upper_1sigma__single_APT_37to6_prolate_AR10,2.7939063689067184e-15,3.0163107484456013,C,6.0,373.15,MIS,1.0226788145507584,0.9630520737428236,FROZEN_AFTER_AQ_AND_6H_BEFORE_48H_COMPARISON
upper_1sigma__single_APT_37to6_prolate_AR10,2.7939063689067184e-15,3.0163107484456013,A,6.0,423.15,M0,1.0110908086730455,0.8755599608786824,FROZEN_AFTER_AQ_AND_6H_BEFORE_48H_COMPARISON
upper_1sigma__single_APT_37to6_prolate_AR10,2.7939063689067184e-15,3.0163107484456013,B,6.0,423.15,M0,1.0110889121703364,0.8755599608786824,FROZEN_AFTER_AQ_AND_6H_BEFORE_48H_COMPARISON
upper_1sigma__single_APT_37to6_prolate_AR10,2.7939063689067184e-15,3.0163107484456013,C,6.0,423.15,M0,1.0110915099331803,0.8755599608786824,FROZEN_AFTER_AQ_AND_6H_BEFORE_48H_COMPARISON
upper_1sigma__single_APT_37to6_prolate_AR10,2.7939063689067184e-15,3.0163107484456013,A,6.0,423.15,MI,0.9630508189538284,0.8755599608786824,FROZEN_AFTER_AQ_AND_6H_BEFORE_48H_COMPARISON
upper_1sigma__single_APT_37to6_prolate_AR10,2.7939063689067184e-15,3.0163107484456013,B,6.0,423.15,MI,0.9630489812705259,0.8755599608786824,FROZEN_AFTER_AQ_AND_6H_BEFORE_48H_COMPARISON
upper_1sigma__single_APT_37to6_prolate_AR10,2.7939063689067184e-15,3.0163107484456013,C,6.0,423.15,MI,0.9630514991437279,0.8755599608786824,FROZEN_AFTER_AQ_AND_6H_BEFORE_48H_COMPARISON
upper_1sigma__single_APT_37to6_prolate_AR10,2.7939063689067184e-15,3.0163107484456013,A,6.0,423.15,MS,1.010847893520845,0.8755599608786824,FROZEN_AFTER_AQ_AND_6H_BEFORE_48H_COMPARISON
upper_1sigma__single_APT_37to6_prolate_AR10,2.7939063689067184e-15,3.0163107484456013,B,6.0,423.15,MS,1.0108446931468287,0.8755599608786824,FROZEN_AFTER_AQ_AND_6H_BEFORE_48H_COMPARISON
upper_1sigma__single_APT_37to6_prolate_AR10,2.7939063689067184e-15,3.0163107484456013,C,6.0,423.15,MS,1.0108473832057416,0.8755599608786824,FROZEN_AFTER_AQ_AND_6H_BEFORE_48H_COMPARISON
upper_1sigma__single_APT_37to6_prolate_AR10,2.7939063689067184e-15,3.0163107484456013,A,6.0,423.15,MIS,0.9629098893557984,0.8755599608786824,FROZEN_AFTER_AQ_AND_6H_BEFORE_48H_COMPARISON
upper_1sigma__single_APT_37to6_prolate_AR10,2.7939063689067184e-15,3.0163107484456013,B,6.0,423.15,MIS,0.9629073801581012,0.8755599608786824,FROZEN_AFTER_AQ_AND_6H_BEFORE_48H_COMPARISON
upper_1sigma__single_APT_37to6_prolate_AR10,2.7939063689067184e-15,3.0163107484456013,C,6.0,423.15,MIS,0.9629098992375434,0.8755599608786824,FROZEN_AFTER_AQ_AND_6H_BEFORE_48H_COMPARISON
upper_1sigma__single_APT_37to6_prolate_AR10,2.7939063689067184e-15,3.0163107484456013,A,6.0,473.15,M0,0.9527573789075646,0.8549317391464868,FROZEN_AFTER_AQ_AND_6H_BEFORE_48H_COMPARISON
upper_1sigma__single_APT_37to6_prolate_AR10,2.7939063689067184e-15,3.0163107484456013,B,6.0,473.15,M0,0.9527556910995622,0.8549317391464868,FROZEN_AFTER_AQ_AND_6H_BEFORE_48H_COMPARISON
upper_1sigma__single_APT_37to6_prolate_AR10,2.7939063689067184e-15,3.0163107484456013,C,6.0,473.15,M0,0.9527580029986009,0.8549317391464868,FROZEN_AFTER_AQ_AND_6H_BEFORE_48H_COMPARISON
upper_1sigma__single_APT_37to6_prolate_AR10,2.7939063689067184e-15,3.0163107484456013,A,6.0,473.15,MI,0.9097553620399323,0.8549317391464868,FROZEN_AFTER_AQ_AND_6H_BEFORE_48H_COMPARISON
upper_1sigma__single_APT_37to6_prolate_AR10,2.7939063689067184e-15,3.0163107484456013,B,6.0,473.15,MI,0.909753723043385,0.8549317391464868,FROZEN_AFTER_AQ_AND_6H_BEFORE_48H_COMPARISON
upper_1sigma__single_APT_37to6_prolate_AR10,2.7939063689067184e-15,3.0163107484456013,C,6.0,473.15,MI,0.909755968692905,0.8549317391464868,FROZEN_AFTER_AQ_AND_6H_BEFORE_48H_COMPARISON
upper_1sigma__single_APT_37to6_prolate_AR10,2.7939063689067184e-15,3.0163107484456013,A,6.0,473.15,MS,0.9525406973751074,0.8549317391464868,FROZEN_AFTER_AQ_AND_6H_BEFORE_48H_COMPARISON
upper_1sigma__single_APT_37to6_prolate_AR10,2.7939063689067184e-15,3.0163107484456013,B,6.0,473.15,MS,0.9525378408382273,0.8549317391464868,FROZEN_AFTER_AQ_AND_6H_BEFORE_48H_COMPARISON
upper_1sigma__single_APT_37to6_prolate_AR10,2.7939063689067184e-15,3.0163107484456013,C,6.0,473.15,MS,0.9525402369890232,0.8549317391464868,FROZEN_AFTER_AQ_AND_6H_BEFORE_48H_COMPARISON
upper_1sigma__single_APT_37to6_prolate_AR10,2.7939063689067184e-15,3.0163107484456013,A,6.0,473.15,MIS,0.9096270793417583,0.8549317391464868,FROZEN_AFTER_AQ_AND_6H_BEFORE_48H_COMPARISON
upper_1sigma__single_APT_37to6_prolate_AR10,2.7939063689067184e-15,3.0163107484456013,B,6.0,473.15,MIS,0.9096248242396712,0.8549317391464868,FROZEN_AFTER_AQ_AND_6H_BEFORE_48H_COMPARISON
upper_1sigma__single_APT_37to6_prolate_AR10,2.7939063689067184e-15,3.0163107484456013,C,6.0,473.15,MIS,0.9096270734505643,0.8549317391464868,FROZEN_AFTER_AQ_AND_6H_BEFORE_48H_COMPARISON
upper_1sigma__single_APT_37to6_prolate_AR10,2.7939063689067184e-15,3.0163107484456013,A,6.0,523.15,M0,0.9007184408593425,0.8542204211557212,FROZEN_AFTER_AQ_AND_6H_BEFORE_48H_COMPARISON
upper_1sigma__single_APT_37to6_prolate_AR10,2.7939063689067184e-15,3.0163107484456013,B,6.0,523.15,M0,0.9007169293211279,0.8542204211557212,FROZEN_AFTER_AQ_AND_6H_BEFORE_48H_COMPARISON
upper_1sigma__single_APT_37to6_prolate_AR10,2.7939063689067184e-15,3.0163107484456013,C,6.0,523.15,M0,0.9007189997712403,0.8542204211557212,FROZEN_AFTER_AQ_AND_6H_BEFORE_48H_COMPARISON
upper_1sigma__single_APT_37to6_prolate_AR10,2.7939063689067184e-15,3.0163107484456013,A,6.0,523.15,MI,0.8619879264565734,0.8542204211557212,FROZEN_AFTER_AQ_AND_6H_BEFORE_48H_COMPARISON
upper_1sigma__single_APT_37to6_prolate_AR10,2.7939063689067184e-15,3.0163107484456013,B,6.0,523.15,MI,0.8619864558058444,0.8542204211557212,FROZEN_AFTER_AQ_AND_6H_BEFORE_48H_COMPARISON
upper_1sigma__single_APT_37to6_prolate_AR10,2.7939063689067184e-15,3.0163107484456013,C,6.0,523.15,MI,0.8619884708020464,0.8542204211557212,FROZEN_AFTER_AQ_AND_6H_BEFORE_48H_COMPARISON
upper_1sigma__single_APT_37to6_prolate_AR10,2.7939063689067184e-15,3.0163107484456013,A,6.0,523.15,MS,0.9005239152568975,0.8542204211557212,FROZEN_AFTER_AQ_AND_6H_BEFORE_48H_COMPARISON
upper_1sigma__single_APT_37to6_prolate_AR10,2.7939063689067184e-15,3.0163107484456013,B,6.0,523.15,MS,0.9005213498612152,0.8542204211557212,FROZEN_AFTER_AQ_AND_6H_BEFORE_48H_COMPARISON
upper_1sigma__single_APT_37to6_prolate_AR10,2.7939063689067184e-15,3.0163107484456013,C,6.0,523.15,MS,0.9005234973149416,0.8542204211557212,FROZEN_AFTER_AQ_AND_6H_BEFORE_48H_COMPARISON
upper_1sigma__single_APT_37to6_prolate_AR10,2.7939063689067184e-15,3.0163107484456013,A,6.0,523.15,MIS,0.8618706002790383,0.8542204211557212,FROZEN_AFTER_AQ_AND_6H_BEFORE_48H_COMPARISON
upper_1sigma__single_APT_37to6_prolate_AR10,2.7939063689067184e-15,3.0163107484456013,B,6.0,523.15,MIS,0.8618685619786692,0.8542204211557212,FROZEN_AFTER_AQ_AND_6H_BEFORE_48H_COMPARISON
upper_1sigma__single_APT_37to6_prolate_AR10,2.7939063689067184e-15,3.0163107484456013,C,6.0,523.15,MIS,0.861870582302883,0.8542204211557212,FROZEN_AFTER_AQ_AND_6H_BEFORE_48H_COMPARISON
upper_1sigma__single_APT_37to6_prolate_AR10,2.7939063689067184e-15,3.0163107484456013,A,6.0,573.15,M0,0.8540291845651103,0.85,FROZEN_AFTER_AQ_AND_6H_BEFORE_48H_COMPARISON
upper_1sigma__single_APT_37to6_prolate_AR10,2.7939063689067184e-15,3.0163107484456013,B,6.0,573.15,M0,0.854027823183866,0.85,FROZEN_AFTER_AQ_AND_6H_BEFORE_48H_COMPARISON
upper_1sigma__single_APT_37to6_prolate_AR10,2.7939063689067184e-15,3.0163107484456013,C,6.0,573.15,M0,0.8540296879537226,0.85,FROZEN_AFTER_AQ_AND_6H_BEFORE_48H_COMPARISON
upper_1sigma__single_APT_37to6_prolate_AR10,2.7939063689067184e-15,3.0163107484456013,A,6.0,573.15,MI,0.8189527100076772,0.85,FROZEN_AFTER_AQ_AND_6H_BEFORE_48H_COMPARISON
upper_1sigma__single_APT_37to6_prolate_AR10,2.7939063689067184e-15,3.0163107484456013,B,6.0,573.15,MI,0.8189513831652733,0.85,FROZEN_AFTER_AQ_AND_6H_BEFORE_48H_COMPARISON
upper_1sigma__single_APT_37to6_prolate_AR10,2.7939063689067184e-15,3.0163107484456013,C,6.0,573.15,MI,0.8189532011271632,0.85,FROZEN_AFTER_AQ_AND_6H_BEFORE_48H_COMPARISON
upper_1sigma__single_APT_37to6_prolate_AR10,2.7939063689067184e-15,3.0163107484456013,A,6.0,573.15,MS,0.8538535466416998,0.85,FROZEN_AFTER_AQ_AND_6H_BEFORE_48H_COMPARISON
upper_1sigma__single_APT_37to6_prolate_AR10,2.7939063689067184e-15,3.0163107484456013,B,6.0,573.15,MS,0.8538512299024034,0.85,FROZEN_AFTER_AQ_AND_6H_BEFORE_48H_COMPARISON
upper_1sigma__single_APT_37to6_prolate_AR10,2.7939063689067184e-15,3.0163107484456013,C,6.0,573.15,MS,0.8538531651491406,0.85,FROZEN_AFTER_AQ_AND_6H_BEFORE_48H_COMPARISON
upper_1sigma__single_APT_37to6_prolate_AR10,2.7939063689067184e-15,3.0163107484456013,A,6.0,573.15,MIS,0.8188449453963889,0.85,FROZEN_AFTER_AQ_AND_6H_BEFORE_48H_COMPARISON
upper_1sigma__single_APT_37to6_prolate_AR10,2.7939063689067184e-15,3.0163107484456013,B,6.0,573.15,MIS,0.8188430935672869,0.85,FROZEN_AFTER_AQ_AND_6H_BEFORE_48H_COMPARISON
upper_1sigma__single_APT_37to6_prolate_AR10,2.7939063689067184e-15,3.0163107484456013,C,6.0,573.15,MIS,0.8188449181722013,0.85,FROZEN_AFTER_AQ_AND_6H_BEFORE_48H_COMPARISON
upper_1sigma__single_APT_37to6_prolate_AR10,2.7939063689067184e-15,3.0163107484456013,A,48.0,303.15,M0,1.1816230693572953,1.5171687885490504,FROZEN_AFTER_AQ_AND_6H_BEFORE_48H_COMPARISON
upper_1sigma__single_APT_37to6_prolate_AR10,2.7939063689067184e-15,3.0163107484456013,B,48.0,303.15,M0,1.1798790069127962,1.5171687885490504,FROZEN_AFTER_AQ_AND_6H_BEFORE_48H_COMPARISON
upper_1sigma__single_APT_37to6_prolate_AR10,2.7939063689067184e-15,3.0163107484456013,C,48.0,303.15,M0,1.1827522427471735,1.5171687885490504,FROZEN_AFTER_AQ_AND_6H_BEFORE_48H_COMPARISON
upper_1sigma__single_APT_37to6_prolate_AR10,2.7939063689067184e-15,3.0163107484456013,A,48.0,303.15,MI,1.155002592231611,1.5171687885490504,FROZEN_AFTER_AQ_AND_6H_BEFORE_48H_COMPARISON
upper_1sigma__single_APT_37to6_prolate_AR10,2.7939063689067184e-15,3.0163107484456013,B,48.0,303.15,MI,1.150573866356056,1.5171687885490504,FROZEN_AFTER_AQ_AND_6H_BEFORE_48H_COMPARISON
upper_1sigma__single_APT_37to6_prolate_AR10,2.7939063689067184e-15,3.0163107484456013,C,48.0,303.15,MI,1.1589645099113204,1.5171687885490504,FROZEN_AFTER_AQ_AND_6H_BEFORE_48H_COMPARISON
upper_1sigma__single_APT_37to6_prolate_AR10,2.7939063689067184e-15,3.0163107484456013,A,48.0,303.15,MS,1.1813606861328374,1.5171687885490504,FROZEN_AFTER_AQ_AND_6H_BEFORE_48H_COMPARISON
upper_1sigma__single_APT_37to6_prolate_AR10,2.7939063689067184e-15,3.0163107484456013,B,48.0,303.15,MS,1.1796151669025736,1.5171687885490504,FROZEN_AFTER_AQ_AND_6H_BEFORE_48H_COMPARISON
upper_1sigma__single_APT_37to6_prolate_AR10,2.7939063689067184e-15,3.0163107484456013,C,48.0,303.15,MS,1.1825047568048765,1.5171687885490504,FROZEN_AFTER_AQ_AND_6H_BEFORE_48H_COMPARISON
upper_1sigma__single_APT_37to6_prolate_AR10,2.7939063689067184e-15,3.0163107484456013,A,48.0,303.15,MIS,1.1548124316176864,1.5171687885490504,FROZEN_AFTER_AQ_AND_6H_BEFORE_48H_COMPARISON
upper_1sigma__single_APT_37to6_prolate_AR10,2.7939063689067184e-15,3.0163107484456013,B,48.0,303.15,MIS,1.1503872725851714,1.5171687885490504,FROZEN_AFTER_AQ_AND_6H_BEFORE_48H_COMPARISON
upper_1sigma__single_APT_37to6_prolate_AR10,2.7939063689067184e-15,3.0163107484456013,C,48.0,303.15,MIS,1.158779610267053,1.5171687885490504,FROZEN_AFTER_AQ_AND_6H_BEFORE_48H_COMPARISON
upper_1sigma__single_APT_37to6_prolate_AR10,2.7939063689067184e-15,3.0163107484456013,A,48.0,323.15,M0,1.1490443722661172,1.3578335586176062,FROZEN_AFTER_AQ_AND_6H_BEFORE_48H_COMPARISON
upper_1sigma__single_APT_37to6_prolate_AR10,2.7939063689067184e-15,3.0163107484456013,B,48.0,323.15,M0,1.1474001754256928,1.3578335586176062,FROZEN_AFTER_AQ_AND_6H_BEFORE_48H_COMPARISON
upper_1sigma__single_APT_37to6_prolate_AR10,2.7939063689067184e-15,3.0163107484456013,C,48.0,323.15,M0,1.1501005294518203,1.3578335586176062,FROZEN_AFTER_AQ_AND_6H_BEFORE_48H_COMPARISON
upper_1sigma__single_APT_37to6_prolate_AR10,2.7939063689067184e-15,3.0163107484456013,A,48.0,323.15,MI,1.1237922484613718,1.3578335586176062,FROZEN_AFTER_AQ_AND_6H_BEFORE_48H_COMPARISON
upper_1sigma__single_APT_37to6_prolate_AR10,2.7939063689067184e-15,3.0163107484456013,B,48.0,323.15,MI,1.1196011922819187,1.3578335586176062,FROZEN_AFTER_AQ_AND_6H_BEFORE_48H_COMPARISON
upper_1sigma__single_APT_37to6_prolate_AR10,2.7939063689067184e-15,3.0163107484456013,C,48.0,323.15,MI,1.127534894628332,1.3578335586176062,FROZEN_AFTER_AQ_AND_6H_BEFORE_48H_COMPARISON
upper_1sigma__single_APT_37to6_prolate_AR10,2.7939063689067184e-15,3.0163107484456013,A,48.0,323.15,MS,1.1487941659719514,1.3578335586176062,FROZEN_AFTER_AQ_AND_6H_BEFORE_48H_COMPARISON
upper_1sigma__single_APT_37to6_prolate_AR10,2.7939063689067184e-15,3.0163107484456013,B,48.0,323.15,MS,1.1471488130310672,1.3578335586176062,FROZEN_AFTER_AQ_AND_6H_BEFORE_48H_COMPARISON
upper_1sigma__single_APT_37to6_prolate_AR10,2.7939063689067184e-15,3.0163107484456013,C,48.0,323.15,MS,1.1498642615043582,1.3578335586176062,FROZEN_AFTER_AQ_AND_6H_BEFORE_48H_COMPARISON
upper_1sigma__single_APT_37to6_prolate_AR10,2.7939063689067184e-15,3.0163107484456013,A,48.0,323.15,MIS,1.1236100503239852,1.3578335586176062,FROZEN_AFTER_AQ_AND_6H_BEFORE_48H_COMPARISON
upper_1sigma__single_APT_37to6_prolate_AR10,2.7939063689067184e-15,3.0163107484456013,B,48.0,323.15,MIS,1.119422483629089,1.3578335586176062,FROZEN_AFTER_AQ_AND_6H_BEFORE_48H_COMPARISON
upper_1sigma__single_APT_37to6_prolate_AR10,2.7939063689067184e-15,3.0163107484456013,C,48.0,323.15,MIS,1.127357652010903,1.3578335586176062,FROZEN_AFTER_AQ_AND_6H_BEFORE_48H_COMPARISON
upper_1sigma__single_APT_37to6_prolate_AR10,2.7939063689067184e-15,3.0163107484456013,A,48.0,373.15,M0,1.0746684993836053,1.1846276278662375,FROZEN_AFTER_AQ_AND_6H_BEFORE_48H_COMPARISON
upper_1sigma__single_APT_37to6_prolate_AR10,2.7939063689067184e-15,3.0163107484456013,B,48.0,373.15,M0,1.0732403325986712,1.1846276278662375,FROZEN_AFTER_AQ_AND_6H_BEFORE_48H_COMPARISON
upper_1sigma__single_APT_37to6_prolate_AR10,2.7939063689067184e-15,3.0163107484456013,C,48.0,373.15,M0,1.0755691079717578,1.1846276278662375,FROZEN_AFTER_AQ_AND_6H_BEFORE_48H_COMPARISON
upper_1sigma__single_APT_37to6_prolate_AR10,2.7939063689067184e-15,3.0163107484456013,A,48.0,373.15,MI,1.0524027388742263,1.1846276278662375,FROZEN_AFTER_AQ_AND_6H_BEFORE_48H_COMPARISON
upper_1sigma__single_APT_37to6_prolate_AR10,2.7939063689067184e-15,3.0163107484456013,B,48.0,373.15,MI,1.048728727903881,1.1846276278662375,FROZEN_AFTER_AQ_AND_6H_BEFORE_48H_COMPARISON
upper_1sigma__single_APT_37to6_prolate_AR10,2.7939063689067184e-15,3.0163107484456013,C,48.0,373.15,MI,1.055670415273061,1.1846276278662375,FROZEN_AFTER_AQ_AND_6H_BEFORE_48H_COMPARISON
upper_1sigma__single_APT_37to6_prolate_AR10,2.7939063689067184e-15,3.0163107484456013,A,48.0,373.15,MS,1.0744451355310958,1.1846276278662375,FROZEN_AFTER_AQ_AND_6H_BEFORE_48H_COMPARISON
upper_1sigma__single_APT_37to6_prolate_AR10,2.7939063689067184e-15,3.0163107484456013,B,48.0,373.15,MS,1.0730164248329228,1.1846276278662375,FROZEN_AFTER_AQ_AND_6H_BEFORE_48H_COMPARISON
upper_1sigma__single_APT_37to6_prolate_AR10,2.7939063689067184e-15,3.0163107484456013,C,48.0,373.15,MS,1.075357627899535,1.1846276278662375,FROZEN_AFTER_AQ_AND_6H_BEFORE_48H_COMPARISON
upper_1sigma__single_APT_37to6_prolate_AR10,2.7939063689067184e-15,3.0163107484456013,A,48.0,373.15,MIS,1.052238269700098,1.1846276278662375,FROZEN_AFTER_AQ_AND_6H_BEFORE_48H_COMPARISON
upper_1sigma__single_APT_37to6_prolate_AR10,2.7939063689067184e-15,3.0163107484456013,B,48.0,373.15,MIS,1.0485675649729271,1.1846276278662375,FROZEN_AFTER_AQ_AND_6H_BEFORE_48H_COMPARISON
upper_1sigma__single_APT_37to6_prolate_AR10,2.7939063689067184e-15,3.0163107484456013,C,48.0,373.15,MIS,1.0555102347924967,1.1846276278662375,FROZEN_AFTER_AQ_AND_6H_BEFORE_48H_COMPARISON
upper_1sigma__single_APT_37to6_prolate_AR10,2.7939063689067184e-15,3.0163107484456013,A,48.0,423.15,M0,1.0091081465769072,1.0846874501637025,FROZEN_AFTER_AQ_AND_6H_BEFORE_48H_COMPARISON
upper_1sigma__single_APT_37to6_prolate_AR10,2.7939063689067184e-15,3.0163107484456013,B,48.0,423.15,M0,1.007856804469446,1.0846874501637025,FROZEN_AFTER_AQ_AND_6H_BEFORE_48H_COMPARISON
upper_1sigma__single_APT_37to6_prolate_AR10,2.7939063689067184e-15,3.0163107484456013,C,48.0,423.15,M0,1.009884022942199,1.0846874501637025,FROZEN_AFTER_AQ_AND_6H_BEFORE_48H_COMPARISON
upper_1sigma__single_APT_37to6_prolate_AR10,2.7939063689067184e-15,3.0163107484456013,A,48.0,423.15,MI,0.9893210261238459,1.0846874501637025,FROZEN_AFTER_AQ_AND_6H_BEFORE_48H_COMPARISON
upper_1sigma__single_APT_37to6_prolate_AR10,2.7939063689067184e-15,3.0163107484456013,B,48.0,423.15,MI,0.9860739192364236,1.0846874501637025,FROZEN_AFTER_AQ_AND_6H_BEFORE_48H_COMPARISON
upper_1sigma__single_APT_37to6_prolate_AR10,2.7939063689067184e-15,3.0163107484456013,C,48.0,423.15,MI,0.9921986928080535,1.0846874501637025,FROZEN_AFTER_AQ_AND_6H_BEFORE_48H_COMPARISON
upper_1sigma__single_APT_37to6_prolate_AR10,2.7939063689067184e-15,3.0163107484456013,A,48.0,423.15,MS,1.0089073745918822,1.0846874501637025,FROZEN_AFTER_AQ_AND_6H_BEFORE_48H_COMPARISON
upper_1sigma__single_APT_37to6_prolate_AR10,2.7939063689067184e-15,3.0163107484456013,B,48.0,423.15,MS,1.0076559461184287,1.0846874501637025,FROZEN_AFTER_AQ_AND_6H_BEFORE_48H_COMPARISON
upper_1sigma__single_APT_37to6_prolate_AR10,2.7939063689067184e-15,3.0163107484456013,C,48.0,423.15,MS,1.0096934731007974,1.0846874501637025,FROZEN_AFTER_AQ_AND_6H_BEFORE_48H_COMPARISON
upper_1sigma__single_APT_37to6_prolate_AR10,2.7939063689067184e-15,3.0163107484456013,A,48.0,423.15,MIS,0.9891716824039561,1.0846874501637025,FROZEN_AFTER_AQ_AND_6H_BEFORE_48H_COMPARISON
upper_1sigma__single_APT_37to6_prolate_AR10,2.7939063689067184e-15,3.0163107484456013,B,48.0,423.15,MIS,0.9859277121197333,1.0846874501637025,FROZEN_AFTER_AQ_AND_6H_BEFORE_48H_COMPARISON
upper_1sigma__single_APT_37to6_prolate_AR10,2.7939063689067184e-15,3.0163107484456013,C,48.0,423.15,MIS,0.9920530850916328,1.0846874501637025,FROZEN_AFTER_AQ_AND_6H_BEFORE_48H_COMPARISON
upper_1sigma__single_APT_37to6_prolate_AR10,2.7939063689067184e-15,3.0163107484456013,A,48.0,473.15,M0,0.9509669669421347,1.08433179116832,FROZEN_AFTER_AQ_AND_6H_BEFORE_48H_COMPARISON
upper_1sigma__single_APT_37to6_prolate_AR10,2.7939063689067184e-15,3.0163107484456013,B,48.0,473.15,M0,0.9498619390128904,1.08433179116832,FROZEN_AFTER_AQ_AND_6H_BEFORE_48H_COMPARISON
upper_1sigma__single_APT_37to6_prolate_AR10,2.7939063689067184e-15,3.0163107484456013,C,48.0,473.15,M0,0.9516415440861535,1.08433179116832,FROZEN_AFTER_AQ_AND_6H_BEFORE_48H_COMPARISON
upper_1sigma__single_APT_37to6_prolate_AR10,2.7939063689067184e-15,3.0163107484456013,A,48.0,473.15,MI,0.9332600877350433,1.08433179116832,FROZEN_AFTER_AQ_AND_6H_BEFORE_48H_COMPARISON
upper_1sigma__single_APT_37to6_prolate_AR10,2.7939063689067184e-15,3.0163107484456013,B,48.0,473.15,MI,0.930369314116035,1.08433179116832,FROZEN_AFTER_AQ_AND_6H_BEFORE_48H_COMPARISON
upper_1sigma__single_APT_37to6_prolate_AR10,2.7939063689067184e-15,3.0163107484456013,C,48.0,473.15,MI,0.9358137726568002,1.08433179116832,FROZEN_AFTER_AQ_AND_6H_BEFORE_48H_COMPARISON
upper_1sigma__single_APT_37to6_prolate_AR10,2.7939063689067184e-15,3.0163107484456013,A,48.0,473.15,MS,0.9507854055044918,1.08433179116832,FROZEN_AFTER_AQ_AND_6H_BEFORE_48H_COMPARISON
upper_1sigma__single_APT_37to6_prolate_AR10,2.7939063689067184e-15,3.0163107484456013,B,48.0,473.15,MS,0.9496806352764315,1.08433179116832,FROZEN_AFTER_AQ_AND_6H_BEFORE_48H_COMPARISON
upper_1sigma__single_APT_37to6_prolate_AR10,2.7939063689067184e-15,3.0163107484456013,C,48.0,473.15,MS,0.951468844526017,1.08433179116832,FROZEN_AFTER_AQ_AND_6H_BEFORE_48H_COMPARISON
upper_1sigma__single_APT_37to6_prolate_AR10,2.7939063689067184e-15,3.0163107484456013,A,48.0,473.15,MIS,0.9331237670103597,1.08433179116832,FROZEN_AFTER_AQ_AND_6H_BEFORE_48H_COMPARISON
upper_1sigma__single_APT_37to6_prolate_AR10,2.7939063689067184e-15,3.0163107484456013,B,48.0,473.15,MIS,0.9302359728712613,1.08433179116832,FROZEN_AFTER_AQ_AND_6H_BEFORE_48H_COMPARISON
upper_1sigma__single_APT_37to6_prolate_AR10,2.7939063689067184e-15,3.0163107484456013,C,48.0,473.15,MIS,0.9356807256459627,1.08433179116832,FROZEN_AFTER_AQ_AND_6H_BEFORE_48H_COMPARISON
upper_1sigma__single_APT_37to6_prolate_AR10,2.7939063689067184e-15,3.0163107484456013,A,48.0,523.15,M0,0.8990939324477338,1.0405857347362493,FROZEN_AFTER_AQ_AND_6H_BEFORE_48H_COMPARISON
upper_1sigma__single_APT_37to6_prolate_AR10,2.7939063689067184e-15,3.0163107484456013,B,48.0,523.15,M0,0.8981112219215985,1.0405857347362493,FROZEN_AFTER_AQ_AND_6H_BEFORE_48H_COMPARISON
upper_1sigma__single_APT_37to6_prolate_AR10,2.7939063689067184e-15,3.0163107484456013,C,48.0,523.15,M0,0.8996852694339786,1.0405857347362493,FROZEN_AFTER_AQ_AND_6H_BEFORE_48H_COMPARISON
upper_1sigma__single_APT_37to6_prolate_AR10,2.7939063689067184e-15,3.0163107484456013,A,48.0,523.15,MI,0.8831504118476586,1.0405857347362493,FROZEN_AFTER_AQ_AND_6H_BEFORE_48H_COMPARISON
upper_1sigma__single_APT_37to6_prolate_AR10,2.7939063689067184e-15,3.0163107484456013,B,48.0,523.15,MI,0.8805600551172805,1.0405857347362493,FROZEN_AFTER_AQ_AND_6H_BEFORE_48H_COMPARISON
upper_1sigma__single_APT_37to6_prolate_AR10,2.7939063689067184e-15,3.0163107484456013,C,48.0,523.15,MI,0.8854321159466711,1.0405857347362493,FROZEN_AFTER_AQ_AND_6H_BEFORE_48H_COMPARISON
upper_1sigma__single_APT_37to6_prolate_AR10,2.7939063689067184e-15,3.0163107484456013,A,48.0,523.15,MS,0.8989288557733474,1.0405857347362493,FROZEN_AFTER_AQ_AND_6H_BEFORE_48H_COMPARISON
upper_1sigma__single_APT_37to6_prolate_AR10,2.7939063689067184e-15,3.0163107484456013,B,48.0,523.15,MS,0.8979466625784179,1.0405857347362493,FROZEN_AFTER_AQ_AND_6H_BEFORE_48H_COMPARISON
upper_1sigma__single_APT_37to6_prolate_AR10,2.7939063689067184e-15,3.0163107484456013,C,48.0,523.15,MS,0.8995279289927085,1.0405857347362493,FROZEN_AFTER_AQ_AND_6H_BEFORE_48H_COMPARISON
upper_1sigma__single_APT_37to6_prolate_AR10,2.7939063689067184e-15,3.0163107484456013,A,48.0,523.15,MIS,0.883025395636849,1.0405857347362493,FROZEN_AFTER_AQ_AND_6H_BEFORE_48H_COMPARISON
upper_1sigma__single_APT_37to6_prolate_AR10,2.7939063689067184e-15,3.0163107484456013,B,48.0,523.15,MIS,0.8804378727483385,1.0405857347362493,FROZEN_AFTER_AQ_AND_6H_BEFORE_48H_COMPARISON
upper_1sigma__single_APT_37to6_prolate_AR10,2.7939063689067184e-15,3.0163107484456013,C,48.0,523.15,MIS,0.885309983547323,1.0405857347362493,FROZEN_AFTER_AQ_AND_6H_BEFORE_48H_COMPARISON
upper_1sigma__single_APT_37to6_prolate_AR10,2.7939063689067184e-15,3.0163107484456013,A,48.0,573.15,M0,0.8525488023685608,1.03,FROZEN_AFTER_AQ_AND_6H_BEFORE_48H_COMPARISON
upper_1sigma__single_APT_37to6_prolate_AR10,2.7939063689067184e-15,3.0163107484456013,B,48.0,573.15,M0,0.8516693216547822,1.03,FROZEN_AFTER_AQ_AND_6H_BEFORE_48H_COMPARISON
upper_1sigma__single_APT_37to6_prolate_AR10,2.7939063689067184e-15,3.0163107484456013,C,48.0,573.15,M0,0.8530710018684,1.03,FROZEN_AFTER_AQ_AND_6H_BEFORE_48H_COMPARISON
upper_1sigma__single_APT_37to6_prolate_AR10,2.7939063689067184e-15,3.0163107484456013,A,48.0,573.15,MI,0.8381134429342988,1.03,FROZEN_AFTER_AQ_AND_6H_BEFORE_48H_COMPARISON
upper_1sigma__single_APT_37to6_prolate_AR10,2.7939063689067184e-15,3.0163107484456013,B,48.0,573.15,MI,0.8357786754514116,1.03,FROZEN_AFTER_AQ_AND_6H_BEFORE_48H_COMPARISON
upper_1sigma__single_APT_37to6_prolate_AR10,2.7939063689067184e-15,3.0163107484456013,C,48.0,573.15,MI,0.8401646378349437,1.03,FROZEN_AFTER_AQ_AND_6H_BEFORE_48H_COMPARISON
upper_1sigma__single_APT_37to6_prolate_AR10,2.7939063689067184e-15,3.0163107484456013,A,48.0,573.15,MS,0.8523979869233598,1.03,FROZEN_AFTER_AQ_AND_6H_BEFORE_48H_COMPARISON
upper_1sigma__single_APT_37to6_prolate_AR10,2.7939063689067184e-15,3.0163107484456013,B,48.0,573.15,MS,0.8515192195856243,1.03,FROZEN_AFTER_AQ_AND_6H_BEFORE_48H_COMPARISON
upper_1sigma__single_APT_37to6_prolate_AR10,2.7939063689067184e-15,3.0163107484456013,C,48.0,573.15,MS,0.852926982123706,1.03,FROZEN_AFTER_AQ_AND_6H_BEFORE_48H_COMPARISON
upper_1sigma__single_APT_37to6_prolate_AR10,2.7939063689067184e-15,3.0163107484456013,A,48.0,573.15,MIS,0.8379983113089878,1.03,FROZEN_AFTER_AQ_AND_6H_BEFORE_48H_COMPARISON
upper_1sigma__single_APT_37to6_prolate_AR10,2.7939063689067184e-15,3.0163107484456013,B,48.0,573.15,MIS,0.8356662425441324,1.03,FROZEN_AFTER_AQ_AND_6H_BEFORE_48H_COMPARISON
upper_1sigma__single_APT_37to6_prolate_AR10,2.7939063689067184e-15,3.0163107484456013,C,48.0,573.15,MIS,0.8400520586708988,1.03,FROZEN_AFTER_AQ_AND_6H_BEFORE_48H_COMPARISON
upper_1sigma__single_APT_37to6_prolate_AR5,2.7309133738203475e-15,3.642109976068491,A,6.0,303.15,M0,1.197076944563613,1.2625169478550462,FROZEN_AFTER_AQ_AND_6H_BEFORE_48H_COMPARISON
upper_1sigma__single_APT_37to6_prolate_AR5,2.7309133738203475e-15,3.642109976068491,B,6.0,303.15,M0,1.1970743050746675,1.2625169478550462,FROZEN_AFTER_AQ_AND_6H_BEFORE_48H_COMPARISON
upper_1sigma__single_APT_37to6_prolate_AR5,2.7309133738203475e-15,3.642109976068491,C,6.0,303.15,M0,1.1970779205599191,1.2625169478550462,FROZEN_AFTER_AQ_AND_6H_BEFORE_48H_COMPARISON
upper_1sigma__single_APT_37to6_prolate_AR5,2.7309133738203475e-15,3.642109976068491,A,6.0,303.15,MI,1.1197996910054975,1.2625169478550462,FROZEN_AFTER_AQ_AND_6H_BEFORE_48H_COMPARISON
upper_1sigma__single_APT_37to6_prolate_AR5,2.7309133738203475e-15,3.642109976068491,B,6.0,303.15,MI,1.1197971712245611,1.2625169478550462,FROZEN_AFTER_AQ_AND_6H_BEFORE_48H_COMPARISON
upper_1sigma__single_APT_37to6_prolate_AR5,2.7309133738203475e-15,3.642109976068491,C,6.0,303.15,MI,1.1198006237920337,1.2625169478550462,FROZEN_AFTER_AQ_AND_6H_BEFORE_48H_COMPARISON
upper_1sigma__single_APT_37to6_prolate_AR5,2.7309133738203475e-15,3.642109976068491,A,6.0,303.15,MS,1.1967402924061474,1.2625169478550462,FROZEN_AFTER_AQ_AND_6H_BEFORE_48H_COMPARISON
upper_1sigma__single_APT_37to6_prolate_AR5,2.7309133738203475e-15,3.642109976068491,B,6.0,303.15,MS,1.196735872884545,1.2625169478550462,FROZEN_AFTER_AQ_AND_6H_BEFORE_48H_COMPARISON
upper_1sigma__single_APT_37to6_prolate_AR5,2.7309133738203475e-15,3.642109976068491,C,6.0,303.15,MS,1.1967396051803674,1.2625169478550462,FROZEN_AFTER_AQ_AND_6H_BEFORE_48H_COMPARISON
upper_1sigma__single_APT_37to6_prolate_AR5,2.7309133738203475e-15,3.642109976068491,A,6.0,303.15,MIS,1.1196319045221692,1.2625169478550462,FROZEN_AFTER_AQ_AND_6H_BEFORE_48H_COMPARISON
upper_1sigma__single_APT_37to6_prolate_AR5,2.7309133738203475e-15,3.642109976068491,B,6.0,303.15,MIS,1.1196286168160392,1.2625169478550462,FROZEN_AFTER_AQ_AND_6H_BEFORE_48H_COMPARISON
upper_1sigma__single_APT_37to6_prolate_AR5,2.7309133738203475e-15,3.642109976068491,C,6.0,303.15,MIS,1.119632053178768,1.2625169478550462,FROZEN_AFTER_AQ_AND_6H_BEFORE_48H_COMPARISON
upper_1sigma__single_APT_37to6_prolate_AR5,2.7309133738203475e-15,3.642109976068491,A,6.0,323.15,M0,1.1636647230348651,1.0882440401175293,FROZEN_AFTER_AQ_AND_6H_BEFORE_48H_COMPARISON
upper_1sigma__single_APT_37to6_prolate_AR5,2.7309133738203475e-15,3.642109976068491,B,6.0,323.15,M0,1.1636622257009073,1.0882440401175293,FROZEN_AFTER_AQ_AND_6H_BEFORE_48H_COMPARISON
upper_1sigma__single_APT_37to6_prolate_AR5,2.7309133738203475e-15,3.642109976068491,C,6.0,323.15,M0,1.163665646465849,1.0882440401175293,FROZEN_AFTER_AQ_AND_6H_BEFORE_48H_COMPARISON
upper_1sigma__single_APT_37to6_prolate_AR5,2.7309133738203475e-15,3.642109976068491,A,6.0,323.15,MI,1.0903601374255196,1.0882440401175293,FROZEN_AFTER_AQ_AND_6H_BEFORE_48H_COMPARISON
upper_1sigma__single_APT_37to6_prolate_AR5,2.7309133738203475e-15,3.642109976068491,B,6.0,323.15,MI,1.0903577497637933,1.0882440401175293,FROZEN_AFTER_AQ_AND_6H_BEFORE_48H_COMPARISON
upper_1sigma__single_APT_37to6_prolate_AR5,2.7309133738203475e-15,3.642109976068491,C,6.0,323.15,MI,1.0903610213062764,1.0882440401175293,FROZEN_AFTER_AQ_AND_6H_BEFORE_48H_COMPARISON
upper_1sigma__single_APT_37to6_prolate_AR5,2.7309133738203475e-15,3.642109976068491,A,6.0,323.15,MS,1.1633461075208749,1.0882440401175293,FROZEN_AFTER_AQ_AND_6H_BEFORE_48H_COMPARISON
upper_1sigma__single_APT_37to6_prolate_AR5,2.7309133738203475e-15,3.642109976068491,B,6.0,323.15,MS,1.163341921033646,1.0882440401175293,FROZEN_AFTER_AQ_AND_6H_BEFORE_48H_COMPARISON
upper_1sigma__single_APT_37to6_prolate_AR5,2.7309133738203475e-15,3.642109976068491,C,6.0,323.15,MS,1.1633454543622836,1.0882440401175293,FROZEN_AFTER_AQ_AND_6H_BEFORE_48H_COMPARISON
upper_1sigma__single_APT_37to6_prolate_AR5,2.7309133738203475e-15,3.642109976068491,A,6.0,323.15,MIS,1.0901994386062044,1.0882440401175293,FROZEN_AFTER_AQ_AND_6H_BEFORE_48H_COMPARISON
upper_1sigma__single_APT_37to6_prolate_AR5,2.7309133738203475e-15,3.642109976068491,B,6.0,323.15,MIS,1.090196312532545,1.0882440401175293,FROZEN_AFTER_AQ_AND_6H_BEFORE_48H_COMPARISON
upper_1sigma__single_APT_37to6_prolate_AR5,2.7309133738203475e-15,3.642109976068491,C,6.0,323.15,MIS,1.0901995701334382,1.0882440401175293,FROZEN_AFTER_AQ_AND_6H_BEFORE_48H_COMPARISON
upper_1sigma__single_APT_37to6_prolate_AR5,2.7309133738203475e-15,3.642109976068491,A,6.0,373.15,M0,1.0874763284341675,0.9630520737428236,FROZEN_AFTER_AQ_AND_6H_BEFORE_48H_COMPARISON
upper_1sigma__single_APT_37to6_prolate_AR5,2.7309133738203475e-15,3.642109976068491,B,6.0,373.15,M0,1.0874741410650857,0.9630520737428236,FROZEN_AFTER_AQ_AND_6H_BEFORE_48H_COMPARISON
upper_1sigma__single_APT_37to6_prolate_AR5,2.7309133738203475e-15,3.642109976068491,C,6.0,373.15,M0,1.0874771372484024,0.9630520737428236,FROZEN_AFTER_AQ_AND_6H_BEFORE_48H_COMPARISON
upper_1sigma__single_APT_37to6_prolate_AR5,2.7309133738203475e-15,3.642109976068491,A,6.0,373.15,MI,1.0228399039684792,0.9630520737428236,FROZEN_AFTER_AQ_AND_6H_BEFORE_48H_COMPARISON
upper_1sigma__single_APT_37to6_prolate_AR5,2.7309133738203475e-15,3.642109976068491,B,6.0,373.15,MI,1.0228378055166916,0.9630520737428236,FROZEN_AFTER_AQ_AND_6H_BEFORE_48H_COMPARISON
upper_1sigma__single_APT_37to6_prolate_AR5,2.7309133738203475e-15,3.642109976068491,C,6.0,373.15,MI,1.0228406807941501,0.9630520737428236,FROZEN_AFTER_AQ_AND_6H_BEFORE_48H_COMPARISON
upper_1sigma__single_APT_37to6_prolate_AR5,2.7309133738203475e-15,3.642109976068491,A,6.0,373.15,MS,1.087196859592565,0.9630520737428236,FROZEN_AFTER_AQ_AND_6H_BEFORE_48H_COMPARISON
upper_1sigma__single_APT_37to6_prolate_AR5,2.7309133738203475e-15,3.642109976068491,B,6.0,373.15,MS,1.0871931814928992,0.9630520737428236,FROZEN_AFTER_AQ_AND_6H_BEFORE_48H_COMPARISON
upper_1sigma__single_APT_37to6_prolate_AR5,2.7309133738203475e-15,3.642109976068491,C,6.0,373.15,MS,1.087196280275071,0.9630520737428236,FROZEN_AFTER_AQ_AND_6H_BEFORE_48H_COMPARISON
upper_1sigma__single_APT_37to6_prolate_AR5,2.7309133738203475e-15,3.642109976068491,A,6.0,373.15,MIS,1.0226949880370169,0.9630520737428236,FROZEN_AFTER_AQ_AND_6H_BEFORE_48H_COMPARISON
upper_1sigma__single_APT_37to6_prolate_AR5,2.7309133738203475e-15,3.642109976068491,B,6.0,373.15,MIS,1.0226922173939919,0.9630520737428236,FROZEN_AFTER_AQ_AND_6H_BEFORE_48H_COMPARISON
upper_1sigma__single_APT_37to6_prolate_AR5,2.7309133738203475e-15,3.642109976068491,C,6.0,373.15,MIS,1.022695083465925,0.9630520737428236,FROZEN_AFTER_AQ_AND_6H_BEFORE_48H_COMPARISON
upper_1sigma__single_APT_37to6_prolate_AR5,2.7309133738203475e-15,3.642109976068491,A,6.0,423.15,M0,1.0204196755131878,0.8755599608786824,FROZEN_AFTER_AQ_AND_6H_BEFORE_48H_COMPARISON
upper_1sigma__single_APT_37to6_prolate_AR5,2.7309133738203475e-15,3.642109976068491,B,6.0,423.15,M0,1.0204177445871727,0.8755599608786824,FROZEN_AFTER_AQ_AND_6H_BEFORE_48H_COMPARISON
upper_1sigma__single_APT_37to6_prolate_AR5,2.7309133738203475e-15,3.642109976068491,C,6.0,423.15,M0,1.0204203895020318,0.8755599608786824,FROZEN_AFTER_AQ_AND_6H_BEFORE_48H_COMPARISON
upper_1sigma__single_APT_37to6_prolate_AR5,2.7309133738203475e-15,3.642109976068491,A,6.0,423.15,MI,0.9629754293515828,0.8755599608786824,FROZEN_AFTER_AQ_AND_6H_BEFORE_48H_COMPARISON
upper_1sigma__single_APT_37to6_prolate_AR5,2.7309133738203475e-15,3.642109976068491,B,6.0,423.15,MI,0.9629735713792094,0.8755599608786824,FROZEN_AFTER_AQ_AND_6H_BEFORE_48H_COMPARISON
upper_1sigma__single_APT_37to6_prolate_AR5,2.7309133738203475e-15,3.642109976068491,C,6.0,423.15,MI,0.9629761171602402,0.8755599608786824,FROZEN_AFTER_AQ_AND_6H_BEFORE_48H_COMPARISON
upper_1sigma__single_APT_37to6_prolate_AR5,2.7309133738203475e-15,3.642109976068491,A,6.0,423.15,MS,1.0201724731281285,0.8755599608786824,FROZEN_AFTER_AQ_AND_6H_BEFORE_48H_COMPARISON
upper_1sigma__single_APT_37to6_prolate_AR5,2.7309133738203475e-15,3.642109976068491,B,6.0,423.15,MS,1.0201692163324172,0.8755599608786824,FROZEN_AFTER_AQ_AND_6H_BEFORE_48H_COMPARISON
upper_1sigma__single_APT_37to6_prolate_AR5,2.7309133738203475e-15,3.642109976068491,C,6.0,423.15,MS,1.0201719548035608,0.8755599608786824,FROZEN_AFTER_AQ_AND_6H_BEFORE_48H_COMPARISON
upper_1sigma__single_APT_37to6_prolate_AR5,2.7309133738203475e-15,3.642109976068491,A,6.0,423.15,MIS,0.9628439786554817,0.8755599608786824,FROZEN_AFTER_AQ_AND_6H_BEFORE_48H_COMPARISON
upper_1sigma__single_APT_37to6_prolate_AR5,2.7309133738203475e-15,3.642109976068491,B,6.0,423.15,MIS,0.9628415055876554,0.8755599608786824,FROZEN_AFTER_AQ_AND_6H_BEFORE_48H_COMPARISON
upper_1sigma__single_APT_37to6_prolate_AR5,2.7309133738203475e-15,3.642109976068491,C,6.0,423.15,MIS,0.9628440458404964,0.8755599608786824,FROZEN_AFTER_AQ_AND_6H_BEFORE_48H_COMPARISON
upper_1sigma__single_APT_37to6_prolate_AR5,2.7309133738203475e-15,3.642109976068491,A,6.0,473.15,M0,0.9610294084655288,0.8549317391464868,FROZEN_AFTER_AQ_AND_6H_BEFORE_48H_COMPARISON
upper_1sigma__single_APT_37to6_prolate_AR5,2.7309133738203475e-15,3.642109976068491,B,6.0,473.15,M0,0.9610276917994449,0.8549317391464868,FROZEN_AFTER_AQ_AND_6H_BEFORE_48H_COMPARISON
upper_1sigma__single_APT_37to6_prolate_AR5,2.7309133738203475e-15,3.642109976068491,C,6.0,473.15,M0,0.961030043227393,0.8549317391464868,FROZEN_AFTER_AQ_AND_6H_BEFORE_48H_COMPARISON
upper_1sigma__single_APT_37to6_prolate_AR5,2.7309133738203475e-15,3.642109976068491,A,6.0,473.15,MI,0.9096196258500103,0.8549317391464868,FROZEN_AFTER_AQ_AND_6H_BEFORE_48H_COMPARISON
upper_1sigma__single_APT_37to6_prolate_AR5,2.7309133738203475e-15,3.642109976068491,B,6.0,473.15,MI,0.9096179696793094,0.8549317391464868,FROZEN_AFTER_AQ_AND_6H_BEFORE_48H_COMPARISON
upper_1sigma__single_APT_37to6_prolate_AR5,2.7309133738203475e-15,3.642109976068491,C,6.0,473.15,MI,0.9096202389584666,0.8549317391464868,FROZEN_AFTER_AQ_AND_6H_BEFORE_48H_COMPARISON
upper_1sigma__single_APT_37to6_prolate_AR5,2.7309133738203475e-15,3.642109976068491,A,6.0,473.15,MS,0.9608091268712753,0.8549317391464868,FROZEN_AFTER_AQ_AND_6H_BEFORE_48H_COMPARISON
upper_1sigma__single_APT_37to6_prolate_AR5,2.7309133738203475e-15,3.642109976068491,B,6.0,473.15,MS,0.9608062228778098,0.8549317391464868,FROZEN_AFTER_AQ_AND_6H_BEFORE_48H_COMPARISON
upper_1sigma__single_APT_37to6_prolate_AR5,2.7309133738203475e-15,3.642109976068491,C,6.0,473.15,MS,0.9608086596942503,0.8549317391464868,FROZEN_AFTER_AQ_AND_6H_BEFORE_48H_COMPARISON
upper_1sigma__single_APT_37to6_prolate_AR5,2.7309133738203475e-15,3.642109976068491,A,6.0,473.15,MIS,0.9094997671936723,0.8549317391464868,FROZEN_AFTER_AQ_AND_6H_BEFORE_48H_COMPARISON
upper_1sigma__single_APT_37to6_prolate_AR5,2.7309133738203475e-15,3.642109976068491,B,6.0,473.15,MIS,0.9094975455740372,0.8549317391464868,FROZEN_AFTER_AQ_AND_6H_BEFORE_48H_COMPARISON
upper_1sigma__single_APT_37to6_prolate_AR5,2.7309133738203475e-15,3.642109976068491,C,6.0,473.15,MIS,0.9094998121921535,0.8549317391464868,FROZEN_AFTER_AQ_AND_6H_BEFORE_48H_COMPARISON
upper_1sigma__single_APT_37to6_prolate_AR5,2.7309133738203475e-15,3.642109976068491,A,6.0,523.15,M0,0.9081031151786912,0.8542204211557212,FROZEN_AFTER_AQ_AND_6H_BEFORE_48H_COMPARISON
upper_1sigma__single_APT_37to6_prolate_AR5,2.7309133738203475e-15,3.642109976068491,B,6.0,523.15,M0,0.9081015792127924,0.8542204211557212,FROZEN_AFTER_AQ_AND_6H_BEFORE_48H_COMPARISON
upper_1sigma__single_APT_37to6_prolate_AR5,2.7309133738203475e-15,3.642109976068491,C,6.0,523.15,M0,0.9081036831231721,0.8542204211557212,FROZEN_AFTER_AQ_AND_6H_BEFORE_48H_COMPARISON
upper_1sigma__single_APT_37to6_prolate_AR5,2.7309133738203475e-15,3.642109976068491,A,6.0,523.15,MI,0.8618073415928913,0.8542204211557212,FROZEN_AFTER_AQ_AND_6H_BEFORE_48H_COMPARISON
upper_1sigma__single_APT_37to6_prolate_AR5,2.7309133738203475e-15,3.642109976068491,B,6.0,523.15,MI,0.8618058562701422,0.8542204211557212,FROZEN_AFTER_AQ_AND_6H_BEFORE_48H_COMPARISON
upper_1sigma__single_APT_37to6_prolate_AR5,2.7309133738203475e-15,3.642109976068491,C,6.0,523.15,MI,0.8618078914588306,0.8542204211557212,FROZEN_AFTER_AQ_AND_6H_BEFORE_48H_COMPARISON
upper_1sigma__single_APT_37to6_prolate_AR5,2.7309133738203475e-15,3.642109976068491,A,6.0,523.15,MS,0.9079055362157563,0.8542204211557212,FROZEN_AFTER_AQ_AND_6H_BEFORE_48H_COMPARISON
upper_1sigma__single_APT_37to6_prolate_AR5,2.7309133738203475e-15,3.642109976068491,B,6.0,523.15,MS,0.9079029305207186,0.8542204211557212,FROZEN_AFTER_AQ_AND_6H_BEFORE_48H_COMPARISON
upper_1sigma__single_APT_37to6_prolate_AR5,2.7309133738203475e-15,3.642109976068491,C,6.0,523.15,MS,0.9079051124586471,0.8542204211557212,FROZEN_AFTER_AQ_AND_6H_BEFORE_48H_COMPARISON
upper_1sigma__single_APT_37to6_prolate_AR5,2.7309133738203475e-15,3.642109976068491,A,6.0,523.15,MIS,0.8616975430665116,0.8542204211557212,FROZEN_AFTER_AQ_AND_6H_BEFORE_48H_COMPARISON
upper_1sigma__single_APT_37to6_prolate_AR5,2.7309133738203475e-15,3.642109976068491,B,6.0,523.15,MIS,0.8616955357899945,0.8542204211557212,FROZEN_AFTER_AQ_AND_6H_BEFORE_48H_COMPARISON
upper_1sigma__single_APT_37to6_prolate_AR5,2.7309133738203475e-15,3.642109976068491,C,6.0,523.15,MIS,0.8616975705586061,0.8542204211557212,FROZEN_AFTER_AQ_AND_6H_BEFORE_48H_COMPARISON
upper_1sigma__single_APT_37to6_prolate_AR5,2.7309133738203475e-15,3.642109976068491,A,6.0,573.15,M0,0.8606617642789739,0.85,FROZEN_AFTER_AQ_AND_6H_BEFORE_48H_COMPARISON
upper_1sigma__single_APT_37to6_prolate_AR5,2.7309133738203475e-15,3.642109976068491,B,6.0,573.15,M0,0.8606603820395861,0.85,FROZEN_AFTER_AQ_AND_6H_BEFORE_48H_COMPARISON
upper_1sigma__single_APT_37to6_prolate_AR5,2.7309133738203475e-15,3.642109976068491,C,6.0,573.15,M0,0.8606622753802502,0.85,FROZEN_AFTER_AQ_AND_6H_BEFORE_48H_COMPARISON
upper_1sigma__single_APT_37to6_prolate_AR5,2.7309133738203475e-15,3.642109976068491,A,6.0,573.15,MI,0.8187390237222663,0.85,FROZEN_AFTER_AQ_AND_6H_BEFORE_48H_COMPARISON
upper_1sigma__single_APT_37to6_prolate_AR5,2.7309133738203475e-15,3.642109976068491,B,6.0,573.15,MI,0.8187376842406826,0.85,FROZEN_AFTER_AQ_AND_6H_BEFORE_48H_COMPARISON
upper_1sigma__single_APT_37to6_prolate_AR5,2.7309133738203475e-15,3.642109976068491,C,6.0,573.15,MI,0.8187395196020872,0.85,FROZEN_AFTER_AQ_AND_6H_BEFORE_48H_COMPARISON
upper_1sigma__single_APT_37to6_prolate_AR5,2.7309133738203475e-15,3.642109976068491,A,6.0,573.15,MS,0.8604835135531311,0.85,FROZEN_AFTER_AQ_AND_6H_BEFORE_48H_COMPARISON
upper_1sigma__single_APT_37to6_prolate_AR5,2.7309133738203475e-15,3.642109976068491,B,6.0,573.15,MS,0.8604811622977521,0.85,FROZEN_AFTER_AQ_AND_6H_BEFORE_48H_COMPARISON
upper_1sigma__single_APT_37to6_prolate_AR5,2.7309133738203475e-15,3.642109976068491,C,6.0,573.15,MS,0.8604831270374135,0.85,FROZEN_AFTER_AQ_AND_6H_BEFORE_48H_COMPARISON
upper_1sigma__single_APT_37to6_prolate_AR5,2.7309133738203475e-15,3.642109976068491,A,6.0,573.15,MIS,0.8186380191177782,0.85,FROZEN_AFTER_AQ_AND_6H_BEFORE_48H_COMPARISON
upper_1sigma__single_APT_37to6_prolate_AR5,2.7309133738203475e-15,3.642109976068491,B,6.0,573.15,MIS,0.8186361960454361,0.85,FROZEN_AFTER_AQ_AND_6H_BEFORE_48H_COMPARISON
upper_1sigma__single_APT_37to6_prolate_AR5,2.7309133738203475e-15,3.642109976068491,C,6.0,573.15,MIS,0.8186380327394686,0.85,FROZEN_AFTER_AQ_AND_6H_BEFORE_48H_COMPARISON
upper_1sigma__single_APT_37to6_prolate_AR5,2.7309133738203475e-15,3.642109976068491,A,48.0,303.15,M0,1.1944410906349001,1.5171687885490504,FROZEN_AFTER_AQ_AND_6H_BEFORE_48H_COMPARISON
upper_1sigma__single_APT_37to6_prolate_AR5,2.7309133738203475e-15,3.642109976068491,B,48.0,303.15,M0,1.192656858323647,1.5171687885490504,FROZEN_AFTER_AQ_AND_6H_BEFORE_48H_COMPARISON
upper_1sigma__single_APT_37to6_prolate_AR5,2.7309133738203475e-15,3.642109976068491,C,48.0,303.15,M0,1.1955996886153404,1.5171687885490504,FROZEN_AFTER_AQ_AND_6H_BEFORE_48H_COMPARISON
upper_1sigma__single_APT_37to6_prolate_AR5,2.7309133738203475e-15,3.642109976068491,A,48.0,303.15,MI,1.1621083890533663,1.5171687885490504,FROZEN_AFTER_AQ_AND_6H_BEFORE_48H_COMPARISON
upper_1sigma__single_APT_37to6_prolate_AR5,2.7309133738203475e-15,3.642109976068491,B,48.0,303.15,MI,1.1571107234664797,1.5171687885490504,FROZEN_AFTER_AQ_AND_6H_BEFORE_48H_COMPARISON
upper_1sigma__single_APT_37to6_prolate_AR5,2.7309133738203475e-15,3.642109976068491,C,48.0,303.15,MI,1.1666636138075568,1.5171687885490504,FROZEN_AFTER_AQ_AND_6H_BEFORE_48H_COMPARISON
upper_1sigma__single_APT_37to6_prolate_AR5,2.7309133738203475e-15,3.642109976068491,A,48.0,303.15,MS,1.194173966497693,1.5171687885490504,FROZEN_AFTER_AQ_AND_6H_BEFORE_48H_COMPARISON
upper_1sigma__single_APT_37to6_prolate_AR5,2.7309133738203475e-15,3.642109976068491,B,48.0,303.15,MS,1.1923881566503924,1.5171687885490504,FROZEN_AFTER_AQ_AND_6H_BEFORE_48H_COMPARISON
upper_1sigma__single_APT_37to6_prolate_AR5,2.7309133738203475e-15,3.642109976068491,C,48.0,303.15,MS,1.1953478393346026,1.5171687885490504,FROZEN_AFTER_AQ_AND_6H_BEFORE_48H_COMPARISON
upper_1sigma__single_APT_37to6_prolate_AR5,2.7309133738203475e-15,3.642109976068491,A,48.0,303.15,MIS,1.1619256776763702,1.5171687885490504,FROZEN_AFTER_AQ_AND_6H_BEFORE_48H_COMPARISON
upper_1sigma__single_APT_37to6_prolate_AR5,2.7309133738203475e-15,3.642109976068491,B,48.0,303.15,MIS,1.1569320328240476,1.5171687885490504,FROZEN_AFTER_AQ_AND_6H_BEFORE_48H_COMPARISON
upper_1sigma__single_APT_37to6_prolate_AR5,2.7309133738203475e-15,3.642109976068491,C,48.0,303.15,MIS,1.166485179054618,1.5171687885490504,FROZEN_AFTER_AQ_AND_6H_BEFORE_48H_COMPARISON
upper_1sigma__single_APT_37to6_prolate_AR5,2.7309133738203475e-15,3.642109976068491,A,48.0,323.15,M0,1.1611510090725818,1.3578335586176062,FROZEN_AFTER_AQ_AND_6H_BEFORE_48H_COMPARISON
upper_1sigma__single_APT_37to6_prolate_AR5,2.7309133738203475e-15,3.642109976068491,B,48.0,323.15,M0,1.159470076857479,1.3578335586176062,FROZEN_AFTER_AQ_AND_6H_BEFORE_48H_COMPARISON
upper_1sigma__single_APT_37to6_prolate_AR5,2.7309133738203475e-15,3.642109976068491,C,48.0,323.15,M0,1.1622338435446222,1.3578335586176062,FROZEN_AFTER_AQ_AND_6H_BEFORE_48H_COMPARISON
upper_1sigma__single_APT_37to6_prolate_AR5,2.7309133738203475e-15,3.642109976068491,A,48.0,323.15,MI,1.130491501173052,1.3578335586176062,FROZEN_AFTER_AQ_AND_6H_BEFORE_48H_COMPARISON
upper_1sigma__single_APT_37to6_prolate_AR5,2.7309133738203475e-15,3.642109976068491,B,48.0,323.15,MI,1.1257624008933882,1.3578335586176062,FROZEN_AFTER_AQ_AND_6H_BEFORE_48H_COMPARISON
upper_1sigma__single_APT_37to6_prolate_AR5,2.7309133738203475e-15,3.642109976068491,C,48.0,323.15,MI,1.1347952218221982,1.3578335586176062,FROZEN_AFTER_AQ_AND_6H_BEFORE_48H_COMPARISON
upper_1sigma__single_APT_37to6_prolate_AR5,2.7309133738203475e-15,3.642109976068491,A,48.0,323.15,MS,1.1608964043653127,1.3578335586176062,FROZEN_AFTER_AQ_AND_6H_BEFORE_48H_COMPARISON
upper_1sigma__single_APT_37to6_prolate_AR5,2.7309133738203475e-15,3.642109976068491,B,48.0,323.15,MS,1.1592142090604594,1.3578335586176062,FROZEN_AFTER_AQ_AND_6H_BEFORE_48H_COMPARISON
upper_1sigma__single_APT_37to6_prolate_AR5,2.7309133738203475e-15,3.642109976068491,C,48.0,323.15,MS,1.1619935215998052,1.3578335586176062,FROZEN_AFTER_AQ_AND_6H_BEFORE_48H_COMPARISON
upper_1sigma__single_APT_37to6_prolate_AR5,2.7309133738203475e-15,3.642109976068491,A,48.0,323.15,MIS,1.1303163900864306,1.3578335586176062,FROZEN_AFTER_AQ_AND_6H_BEFORE_48H_COMPARISON
upper_1sigma__single_APT_37to6_prolate_AR5,2.7309133738203475e-15,3.642109976068491,B,48.0,323.15,MIS,1.125591202327124,1.3578335586176062,FROZEN_AFTER_AQ_AND_6H_BEFORE_48H_COMPARISON
upper_1sigma__single_APT_37to6_prolate_AR5,2.7309133738203475e-15,3.642109976068491,C,48.0,323.15,MIS,1.1346241407267694,1.3578335586176062,FROZEN_AFTER_AQ_AND_6H_BEFORE_48H_COMPARISON
upper_1sigma__single_APT_37to6_prolate_AR5,2.7309133738203475e-15,3.642109976068491,A,48.0,373.15,M0,1.0852333620261134,1.1846276278662375,FROZEN_AFTER_AQ_AND_6H_BEFORE_48H_COMPARISON
upper_1sigma__single_APT_37to6_prolate_AR5,2.7309133738203475e-15,3.642109976068491,B,48.0,373.15,M0,1.083775509084722,1.1846276278662375,FROZEN_AFTER_AQ_AND_6H_BEFORE_48H_COMPARISON
upper_1sigma__single_APT_37to6_prolate_AR5,2.7309133738203475e-15,3.642109976068491,C,48.0,373.15,M0,1.086155094207994,1.1846276278662375,FROZEN_AFTER_AQ_AND_6H_BEFORE_48H_COMPARISON
upper_1sigma__single_APT_37to6_prolate_AR5,2.7309133738203475e-15,3.642109976068491,A,48.0,373.15,MI,1.058221769974009,1.1846276278662375,FROZEN_AFTER_AQ_AND_6H_BEFORE_48H_COMPARISON
upper_1sigma__single_APT_37to6_prolate_AR5,2.7309133738203475e-15,3.642109976068491,B,48.0,373.15,MI,1.0540766125842835,1.1846276278662375,FROZEN_AFTER_AQ_AND_6H_BEFORE_48H_COMPARISON
upper_1sigma__single_APT_37to6_prolate_AR5,2.7309133738203475e-15,3.642109976068491,C,48.0,373.15,MI,1.0619807216338364,1.1846276278662375,FROZEN_AFTER_AQ_AND_6H_BEFORE_48H_COMPARISON
upper_1sigma__single_APT_37to6_prolate_AR5,2.7309133738203475e-15,3.642109976068491,A,48.0,373.15,MS,1.0850063201204139,1.1846276278662375,FROZEN_AFTER_AQ_AND_6H_BEFORE_48H_COMPARISON
upper_1sigma__single_APT_37to6_prolate_AR5,2.7309133738203475e-15,3.642109976068491,B,48.0,373.15,MS,1.0835478436601773,1.1846276278662375,FROZEN_AFTER_AQ_AND_6H_BEFORE_48H_COMPARISON
upper_1sigma__single_APT_37to6_prolate_AR5,2.7309133738203475e-15,3.642109976068491,C,48.0,373.15,MS,1.0859402125597035,1.1846276278662375,FROZEN_AFTER_AQ_AND_6H_BEFORE_48H_COMPARISON
upper_1sigma__single_APT_37to6_prolate_AR5,2.7309133738203475e-15,3.642109976068491,A,48.0,373.15,MIS,1.0580635856427898,1.1846276278662375,FROZEN_AFTER_AQ_AND_6H_BEFORE_48H_COMPARISON
upper_1sigma__single_APT_37to6_prolate_AR5,2.7309133738203475e-15,3.642109976068491,B,48.0,373.15,MIS,1.0539220915976653,1.1846276278662375,FROZEN_AFTER_AQ_AND_6H_BEFORE_48H_COMPARISON
upper_1sigma__single_APT_37to6_prolate_AR5,2.7309133738203475e-15,3.642109976068491,C,48.0,373.15,MIS,1.061826027460709,1.1846276278662375,FROZEN_AFTER_AQ_AND_6H_BEFORE_48H_COMPARISON
upper_1sigma__single_APT_37to6_prolate_AR5,2.7309133738203475e-15,3.642109976068491,A,48.0,423.15,M0,1.0184063325382495,1.0846874501637025,FROZEN_AFTER_AQ_AND_6H_BEFORE_48H_COMPARISON
upper_1sigma__single_APT_37to6_prolate_AR5,2.7309133738203475e-15,3.642109976068491,B,48.0,423.15,M0,1.017130673628804,1.0846874501637025,FROZEN_AFTER_AQ_AND_6H_BEFORE_48H_COMPARISON
upper_1sigma__single_APT_37to6_prolate_AR5,2.7309133738203475e-15,3.642109976068491,C,48.0,423.15,M0,1.0191991893695156,1.0846874501637025,FROZEN_AFTER_AQ_AND_6H_BEFORE_48H_COMPARISON
upper_1sigma__single_APT_37to6_prolate_AR5,2.7309133738203475e-15,3.642109976068491,A,48.0,423.15,MI,0.9944184495281664,1.0846874501637025,FROZEN_AFTER_AQ_AND_6H_BEFORE_48H_COMPARISON
upper_1sigma__single_APT_37to6_prolate_AR5,2.7309133738203475e-15,3.642109976068491,B,48.0,423.15,MI,0.9907551410763373,1.0846874501637025,FROZEN_AFTER_AQ_AND_6H_BEFORE_48H_COMPARISON
upper_1sigma__single_APT_37to6_prolate_AR5,2.7309133738203475e-15,3.642109976068491,C,48.0,423.15,MI,0.997730053450411,1.0846874501637025,FROZEN_AFTER_AQ_AND_6H_BEFORE_48H_COMPARISON
upper_1sigma__single_APT_37to6_prolate_AR5,2.7309133738203475e-15,3.642109976068491,A,48.0,423.15,MS,1.0182024506604563,1.0846874501637025,FROZEN_AFTER_AQ_AND_6H_BEFORE_48H_COMPARISON
upper_1sigma__single_APT_37to6_prolate_AR5,2.7309133738203475e-15,3.642109976068491,B,48.0,423.15,MS,1.0169266457023771,1.0846874501637025,FROZEN_AFTER_AQ_AND_6H_BEFORE_48H_COMPARISON
upper_1sigma__single_APT_37to6_prolate_AR5,2.7309133738203475e-15,3.642109976068491,C,48.0,423.15,MS,1.0190057544809306,1.0846874501637025,FROZEN_AFTER_AQ_AND_6H_BEFORE_48H_COMPARISON
upper_1sigma__single_APT_37to6_prolate_AR5,2.7309133738203475e-15,3.642109976068491,A,48.0,423.15,MIS,0.9942747122083729,1.0846874501637025,FROZEN_AFTER_AQ_AND_6H_BEFORE_48H_COMPARISON
upper_1sigma__single_APT_37to6_prolate_AR5,2.7309133738203475e-15,3.642109976068491,B,48.0,423.15,MIS,0.9906148443549415,1.0846874501637025,FROZEN_AFTER_AQ_AND_6H_BEFORE_48H_COMPARISON
upper_1sigma__single_APT_37to6_prolate_AR5,2.7309133738203475e-15,3.642109976068491,C,48.0,423.15,MIS,0.9975893574107928,1.0846874501637025,FROZEN_AFTER_AQ_AND_6H_BEFORE_48H_COMPARISON
upper_1sigma__single_APT_37to6_prolate_AR5,2.7309133738203475e-15,3.642109976068491,A,48.0,473.15,M0,0.9592125557113961,1.08433179116832,FROZEN_AFTER_AQ_AND_6H_BEFORE_48H_COMPARISON
upper_1sigma__single_APT_37to6_prolate_AR5,2.7309133738203475e-15,3.642109976068491,B,48.0,473.15,M0,0.9580873674513349,1.08433179116832,FROZEN_AFTER_AQ_AND_6H_BEFORE_48H_COMPARISON
upper_1sigma__single_APT_37to6_prolate_AR5,2.7309133738203475e-15,3.642109976068491,C,48.0,473.15,M0,0.9599009669798281,1.08433179116832,FROZEN_AFTER_AQ_AND_6H_BEFORE_48H_COMPARISON
upper_1sigma__single_APT_37to6_prolate_AR5,2.7309133738203475e-15,3.642109976068491,A,48.0,473.15,MI,0.9377594717756813,1.08433179116832,FROZEN_AFTER_AQ_AND_6H_BEFORE_48H_COMPARISON
upper_1sigma__single_APT_37to6_prolate_AR5,2.7309133738203475e-15,3.642109976068491,B,48.0,473.15,MI,0.9344981833642059,1.08433179116832,FROZEN_AFTER_AQ_AND_6H_BEFORE_48H_COMPARISON
upper_1sigma__single_APT_37to6_prolate_AR5,2.7309133738203475e-15,3.642109976068491,C,48.0,473.15,MI,0.9406994088845978,1.08433179116832,FROZEN_AFTER_AQ_AND_6H_BEFORE_48H_COMPARISON
upper_1sigma__single_APT_37to6_prolate_AR5,2.7309133738203475e-15,3.642109976068491,A,48.0,473.15,MS,0.9590283389876532,1.08433179116832,FROZEN_AFTER_AQ_AND_6H_BEFORE_48H_COMPARISON
upper_1sigma__single_APT_37to6_prolate_AR5,2.7309133738203475e-15,3.642109976068491,B,48.0,473.15,MS,0.9579033634607448,1.08433179116832,FROZEN_AFTER_AQ_AND_6H_BEFORE_48H_COMPARISON
upper_1sigma__single_APT_37to6_prolate_AR5,2.7309133738203475e-15,3.642109976068491,C,48.0,473.15,MS,0.9597257971086859,1.08433179116832,FROZEN_AFTER_AQ_AND_6H_BEFORE_48H_COMPARISON
upper_1sigma__single_APT_37to6_prolate_AR5,2.7309133738203475e-15,3.642109976068491,A,48.0,473.15,MIS,0.9376281790314942,1.08433179116832,FROZEN_AFTER_AQ_AND_6H_BEFORE_48H_COMPARISON
upper_1sigma__single_APT_37to6_prolate_AR5,2.7309133738203475e-15,3.642109976068491,B,48.0,473.15,MIS,0.9343701308133783,1.08433179116832,FROZEN_AFTER_AQ_AND_6H_BEFORE_48H_COMPARISON
upper_1sigma__single_APT_37to6_prolate_AR5,2.7309133738203475e-15,3.642109976068491,C,48.0,473.15,MIS,0.9405707809741565,1.08433179116832,FROZEN_AFTER_AQ_AND_6H_BEFORE_48H_COMPARISON
upper_1sigma__single_APT_37to6_prolate_AR5,2.7309133738203475e-15,3.642109976068491,A,48.0,523.15,M0,0.906455678675104,1.0405857347362493,FROZEN_AFTER_AQ_AND_6H_BEFORE_48H_COMPARISON
upper_1sigma__single_APT_37to6_prolate_AR5,2.7309133738203475e-15,3.642109976068491,B,48.0,523.15,M0,0.9054560729884935,1.0405857347362493,FROZEN_AFTER_AQ_AND_6H_BEFORE_48H_COMPARISON
upper_1sigma__single_APT_37to6_prolate_AR5,2.7309133738203475e-15,3.642109976068491,C,48.0,523.15,M0,0.9070584218188663,1.0405857347362493,FROZEN_AFTER_AQ_AND_6H_BEFORE_48H_COMPARISON
upper_1sigma__single_APT_37to6_prolate_AR5,2.7309133738203475e-15,3.642109976068491,A,48.0,523.15,MI,0.8871491325141034,1.0405857347362493,FROZEN_AFTER_AQ_AND_6H_BEFORE_48H_COMPARISON
upper_1sigma__single_APT_37to6_prolate_AR5,2.7309133738203475e-15,3.642109976068491,B,48.0,523.15,MI,0.8842266701659861,1.0405857347362493,FROZEN_AFTER_AQ_AND_6H_BEFORE_48H_COMPARISON
upper_1sigma__single_APT_37to6_prolate_AR5,2.7309133738203475e-15,3.642109976068491,C,48.0,523.15,MI,0.8897769936735315,1.0405857347362493,FROZEN_AFTER_AQ_AND_6H_BEFORE_48H_COMPARISON
upper_1sigma__single_APT_37to6_prolate_AR5,2.7309133738203475e-15,3.642109976068491,A,48.0,523.15,MS,0.906288315120607,1.0405857347362493,FROZEN_AFTER_AQ_AND_6H_BEFORE_48H_COMPARISON
upper_1sigma__single_APT_37to6_prolate_AR5,2.7309133738203475e-15,3.642109976068491,B,48.0,523.15,MS,0.9052891928072768,1.0405857347362493,FROZEN_AFTER_AQ_AND_6H_BEFORE_48H_COMPARISON
upper_1sigma__single_APT_37to6_prolate_AR5,2.7309133738203475e-15,3.642109976068491,C,48.0,523.15,MS,0.9068989482430839,1.0405857347362493,FROZEN_AFTER_AQ_AND_6H_BEFORE_48H_COMPARISON
upper_1sigma__single_APT_37to6_prolate_AR5,2.7309133738203475e-15,3.642109976068491,A,48.0,523.15,MIS,0.887028647499298,1.0405857347362493,FROZEN_AFTER_AQ_AND_6H_BEFORE_48H_COMPARISON
upper_1sigma__single_APT_37to6_prolate_AR5,2.7309133738203475e-15,3.642109976068491,B,48.0,523.15,MIS,0.8841092440622899,1.0405857347362493,FROZEN_AFTER_AQ_AND_6H_BEFORE_48H_COMPARISON
upper_1sigma__single_APT_37to6_prolate_AR5,2.7309133738203475e-15,3.642109976068491,C,48.0,523.15,MIS,0.8896588553032502,1.0405857347362493,FROZEN_AFTER_AQ_AND_6H_BEFORE_48H_COMPARISON
upper_1sigma__single_APT_37to6_prolate_AR5,2.7309133738203475e-15,3.642109976068491,A,48.0,573.15,M0,0.8591613842563558,1.03,FROZEN_AFTER_AQ_AND_6H_BEFORE_48H_COMPARISON
upper_1sigma__single_APT_37to6_prolate_AR5,2.7309133738203475e-15,3.642109976068491,B,48.0,573.15,M0,0.8582676076304255,1.03,FROZEN_AFTER_AQ_AND_6H_BEFORE_48H_COMPARISON
upper_1sigma__single_APT_37to6_prolate_AR5,2.7309133738203475e-15,3.642109976068491,C,48.0,573.15,M0,0.8596930891094335,1.03,FROZEN_AFTER_AQ_AND_6H_BEFORE_48H_COMPARISON
upper_1sigma__single_APT_37to6_prolate_AR5,2.7309133738203475e-15,3.642109976068491,A,48.0,573.15,MI,0.8416891252973908,1.03,FROZEN_AFTER_AQ_AND_6H_BEFORE_48H_COMPARISON
upper_1sigma__single_APT_37to6_prolate_AR5,2.7309133738203475e-15,3.642109976068491,B,48.0,573.15,MI,0.8390548624322609,1.03,FROZEN_AFTER_AQ_AND_6H_BEFORE_48H_COMPARISON
upper_1sigma__single_APT_37to6_prolate_AR5,2.7309133738203475e-15,3.642109976068491,C,48.0,573.15,MI,0.8440524317255296,1.03,FROZEN_AFTER_AQ_AND_6H_BEFORE_48H_COMPARISON
upper_1sigma__single_APT_37to6_prolate_AR5,2.7309133738203475e-15,3.642109976068491,A,48.0,573.15,MS,0.8590085838857551,1.03,FROZEN_AFTER_AQ_AND_6H_BEFORE_48H_COMPARISON
upper_1sigma__single_APT_37to6_prolate_AR5,2.7309133738203475e-15,3.642109976068491,B,48.0,573.15,MS,0.8581154950093268,1.03,FROZEN_AFTER_AQ_AND_6H_BEFORE_48H_COMPARISON
upper_1sigma__single_APT_37to6_prolate_AR5,2.7309133738203475e-15,3.642109976068491,C,48.0,573.15,MS,0.8595472134101714,1.03,FROZEN_AFTER_AQ_AND_6H_BEFORE_48H_COMPARISON
upper_1sigma__single_APT_37to6_prolate_AR5,2.7309133738203475e-15,3.642109976068491,A,48.0,573.15,MIS,0.8415780953166668,1.03,FROZEN_AFTER_AQ_AND_6H_BEFORE_48H_COMPARISON
upper_1sigma__single_APT_37to6_prolate_AR5,2.7309133738203475e-15,3.642109976068491,B,48.0,573.15,MIS,0.8389467266112698,1.03,FROZEN_AFTER_AQ_AND_6H_BEFORE_48H_COMPARISON
upper_1sigma__single_APT_37to6_prolate_AR5,2.7309133738203475e-15,3.642109976068491,C,48.0,573.15,MIS,0.8439434774979919,1.03,FROZEN_AFTER_AQ_AND_6H_BEFORE_48H_COMPARISON
upper_1sigma__single_APT_37to6_prolate_AR2,2.381544121922234e-15,7.436277793220097,A,6.0,303.15,M0,1.2738320695180645,1.2625169478550462,FROZEN_AFTER_AQ_AND_6H_BEFORE_48H_COMPARISON
upper_1sigma__single_APT_37to6_prolate_AR2,2.381544121922234e-15,7.436277793220097,B,6.0,303.15,M0,1.2738290901078513,1.2625169478550462,FROZEN_AFTER_AQ_AND_6H_BEFORE_48H_COMPARISON
upper_1sigma__single_APT_37to6_prolate_AR2,2.381544121922234e-15,7.436277793220097,C,6.0,303.15,M0,1.2738331712083553,1.2625169478550462,FROZEN_AFTER_AQ_AND_6H_BEFORE_48H_COMPARISON
upper_1sigma__single_APT_37to6_prolate_AR2,2.381544121922234e-15,7.436277793220097,A,6.0,303.15,MI,1.1209981557527764,1.2625169478550462,FROZEN_AFTER_AQ_AND_6H_BEFORE_48H_COMPARISON
upper_1sigma__single_APT_37to6_prolate_AR2,2.381544121922234e-15,7.436277793220097,B,6.0,303.15,MI,1.1209954616036106,1.2625169478550462,FROZEN_AFTER_AQ_AND_6H_BEFORE_48H_COMPARISON
upper_1sigma__single_APT_37to6_prolate_AR2,2.381544121922234e-15,7.436277793220097,C,6.0,303.15,MI,1.1209991538404585,1.2625169478550462,FROZEN_AFTER_AQ_AND_6H_BEFORE_48H_COMPARISON
upper_1sigma__single_APT_37to6_prolate_AR2,2.381544121922234e-15,7.436277793220097,A,6.0,303.15,MS,1.2734531734833543,1.2625169478550462,FROZEN_AFTER_AQ_AND_6H_BEFORE_48H_COMPARISON
upper_1sigma__single_APT_37to6_prolate_AR2,2.381544121922234e-15,7.436277793220097,B,6.0,303.15,MS,1.273448202489199,1.2625169478550462,FROZEN_AFTER_AQ_AND_6H_BEFORE_48H_COMPARISON
upper_1sigma__single_APT_37to6_prolate_AR2,2.381544121922234e-15,7.436277793220097,C,6.0,303.15,MS,1.2734524095236495,1.2625169478550462,FROZEN_AFTER_AQ_AND_6H_BEFORE_48H_COMPARISON
upper_1sigma__single_APT_37to6_prolate_AR2,2.381544121922234e-15,7.436277793220097,A,6.0,303.15,MIS,1.1208794035071858,1.2625169478550462,FROZEN_AFTER_AQ_AND_6H_BEFORE_48H_COMPARISON
upper_1sigma__single_APT_37to6_prolate_AR2,2.381544121922234e-15,7.436277793220097,B,6.0,303.15,MIS,1.1208762082215837,1.2625169478550462,FROZEN_AFTER_AQ_AND_6H_BEFORE_48H_COMPARISON
upper_1sigma__single_APT_37to6_prolate_AR2,2.381544121922234e-15,7.436277793220097,C,6.0,303.15,MIS,1.1208798639108848,1.2625169478550462,FROZEN_AFTER_AQ_AND_6H_BEFORE_48H_COMPARISON
upper_1sigma__single_APT_37to6_prolate_AR2,2.381544121922234e-15,7.436277793220097,A,6.0,323.15,M0,1.236001064789313,1.0882440401175293,FROZEN_AFTER_AQ_AND_6H_BEFORE_48H_COMPARISON
upper_1sigma__single_APT_37to6_prolate_AR2,2.381544121922234e-15,7.436277793220097,B,6.0,323.15,M0,1.2359982556780886,1.0882440401175293,FROZEN_AFTER_AQ_AND_6H_BEFORE_48H_COMPARISON
upper_1sigma__single_APT_37to6_prolate_AR2,2.381544121922234e-15,7.436277793220097,C,6.0,323.15,M0,1.2360021035071678,1.0882440401175293,FROZEN_AFTER_AQ_AND_6H_BEFORE_48H_COMPARISON
upper_1sigma__single_APT_37to6_prolate_AR2,2.381544121922234e-15,7.436277793220097,A,6.0,323.15,MI,1.0912106376756647,1.0882440401175293,FROZEN_AFTER_AQ_AND_6H_BEFORE_48H_COMPARISON
upper_1sigma__single_APT_37to6_prolate_AR2,2.381544121922234e-15,7.436277793220097,B,6.0,323.15,MI,1.0912080891064135,1.0882440401175293,FROZEN_AFTER_AQ_AND_6H_BEFORE_48H_COMPARISON
upper_1sigma__single_APT_37to6_prolate_AR2,2.381544121922234e-15,7.436277793220097,C,6.0,323.15,MI,1.0912115818404569,1.0882440401175293,FROZEN_AFTER_AQ_AND_6H_BEFORE_48H_COMPARISON
upper_1sigma__single_APT_37to6_prolate_AR2,2.381544121922234e-15,7.436277793220097,A,6.0,323.15,MS,1.235643715214258,1.0882440401175293,FROZEN_AFTER_AQ_AND_6H_BEFORE_48H_COMPARISON
upper_1sigma__single_APT_37to6_prolate_AR2,2.381544121922234e-15,7.436277793220097,B,6.0,323.15,MS,1.2356390222289226,1.0882440401175293,FROZEN_AFTER_AQ_AND_6H_BEFORE_48H_COMPARISON
upper_1sigma__single_APT_37to6_prolate_AR2,2.381544121922234e-15,7.436277793220097,C,6.0,323.15,MS,1.2356429914607585,1.0882440401175293,FROZEN_AFTER_AQ_AND_6H_BEFORE_48H_COMPARISON
upper_1sigma__single_APT_37to6_prolate_AR2,2.381544121922234e-15,7.436277793220097,A,6.0,323.15,MIS,1.0910965830968564,1.0882440401175293,FROZEN_AFTER_AQ_AND_6H_BEFORE_48H_COMPARISON
upper_1sigma__single_APT_37to6_prolate_AR2,2.381544121922234e-15,7.436277793220097,B,6.0,323.15,MIS,1.0910935512808968,1.0882440401175293,FROZEN_AFTER_AQ_AND_6H_BEFORE_48H_COMPARISON
upper_1sigma__single_APT_37to6_prolate_AR2,2.381544121922234e-15,7.436277793220097,C,6.0,323.15,MIS,1.0910970099888302,1.0882440401175293,FROZEN_AFTER_AQ_AND_6H_BEFORE_48H_COMPARISON
upper_1sigma__single_APT_37to6_prolate_AR2,2.381544121922234e-15,7.436277793220097,A,6.0,373.15,M0,1.1502878147164275,0.9630520737428236,FROZEN_AFTER_AQ_AND_6H_BEFORE_48H_COMPARISON
upper_1sigma__single_APT_37to6_prolate_AR2,2.381544121922234e-15,7.436277793220097,B,6.0,373.15,M0,1.1502853736553913,0.9630520737428236,FROZEN_AFTER_AQ_AND_6H_BEFORE_48H_COMPARISON
upper_1sigma__single_APT_37to6_prolate_AR2,2.381544121922234e-15,7.436277793220097,C,6.0,373.15,M0,1.1502887173387868,0.9630520737428236,FROZEN_AFTER_AQ_AND_6H_BEFORE_48H_COMPARISON
upper_1sigma__single_APT_37to6_prolate_AR2,2.381544121922234e-15,7.436277793220097,A,6.0,373.15,MI,1.0229779164134256,0.9630520737428236,FROZEN_AFTER_AQ_AND_6H_BEFORE_48H_COMPARISON
upper_1sigma__single_APT_37to6_prolate_AR2,2.381544121922234e-15,7.436277793220097,B,6.0,373.15,MI,1.0229756851551035,0.9630520737428236,FROZEN_AFTER_AQ_AND_6H_BEFORE_48H_COMPARISON
upper_1sigma__single_APT_37to6_prolate_AR2,2.381544121922234e-15,7.436277793220097,C,6.0,373.15,MI,1.0229787430449842,0.9630520737428236,FROZEN_AFTER_AQ_AND_6H_BEFORE_48H_COMPARISON
upper_1sigma__single_APT_37to6_prolate_AR2,2.381544121922234e-15,7.436277793220097,A,6.0,373.15,MS,1.1499768229101364,0.9630520737428236,FROZEN_AFTER_AQ_AND_6H_BEFORE_48H_COMPARISON
upper_1sigma__single_APT_37to6_prolate_AR2,2.381544121922234e-15,7.436277793220097,B,6.0,373.15,MS,1.1499727312362988,0.9630520737428236,FROZEN_AFTER_AQ_AND_6H_BEFORE_48H_COMPARISON
upper_1sigma__single_APT_37to6_prolate_AR2,2.381544121922234e-15,7.436277793220097,C,6.0,373.15,MS,1.1499761856078758,0.9630520737428236,FROZEN_AFTER_AQ_AND_6H_BEFORE_48H_COMPARISON
upper_1sigma__single_APT_37to6_prolate_AR2,2.381544121922234e-15,7.436277793220097,A,6.0,373.15,MIS,1.0228743624413899,0.9630520737428236,FROZEN_AFTER_AQ_AND_6H_BEFORE_48H_COMPARISON
upper_1sigma__single_APT_37to6_prolate_AR2,2.381544121922234e-15,7.436277793220097,B,6.0,373.15,MIS,1.0228716881851698,0.9630520737428236,FROZEN_AFTER_AQ_AND_6H_BEFORE_48H_COMPARISON
upper_1sigma__single_APT_37to6_prolate_AR2,2.381544121922234e-15,7.436277793220097,C,6.0,373.15,MIS,1.02287471752951,0.9630520737428236,FROZEN_AFTER_AQ_AND_6H_BEFORE_48H_COMPARISON
upper_1sigma__single_APT_37to6_prolate_AR2,2.381544121922234e-15,7.436277793220097,A,6.0,423.15,M0,1.0754609034809577,0.8755599608786824,FROZEN_AFTER_AQ_AND_6H_BEFORE_48H_COMPARISON
upper_1sigma__single_APT_37to6_prolate_AR2,2.381544121922234e-15,7.436277793220097,B,6.0,423.15,M0,1.0754587634429404,0.8755599608786824,FROZEN_AFTER_AQ_AND_6H_BEFORE_48H_COMPARISON
upper_1sigma__single_APT_37to6_prolate_AR2,2.381544121922234e-15,7.436277793220097,C,6.0,423.15,M0,1.0754616947932698,0.8755599608786824,FROZEN_AFTER_AQ_AND_6H_BEFORE_48H_COMPARISON
upper_1sigma__single_APT_37to6_prolate_AR2,2.381544121922234e-15,7.436277793220097,A,6.0,423.15,MI,0.9625809076849402,0.8755599608786824,FROZEN_AFTER_AQ_AND_6H_BEFORE_48H_COMPARISON
upper_1sigma__single_APT_37to6_prolate_AR2,2.381544121922234e-15,7.436277793220097,B,6.0,423.15,MI,0.9625789388016361,0.8755599608786824,FROZEN_AFTER_AQ_AND_6H_BEFORE_48H_COMPARISON
upper_1sigma__single_APT_37to6_prolate_AR2,2.381544121922234e-15,7.436277793220097,C,6.0,423.15,MI,0.9625816371301759,0.8755599608786824,FROZEN_AFTER_AQ_AND_6H_BEFORE_48H_COMPARISON
upper_1sigma__single_APT_37to6_prolate_AR2,2.381544121922234e-15,7.436277793220097,A,6.0,423.15,MS,1.0751876898407284,0.8755599608786824,FROZEN_AFTER_AQ_AND_6H_BEFORE_48H_COMPARISON
upper_1sigma__single_APT_37to6_prolate_AR2,2.381544121922234e-15,7.436277793220097,B,6.0,423.15,MS,1.0751840909521981,0.8755599608786824,FROZEN_AFTER_AQ_AND_6H_BEFORE_48H_COMPARISON
upper_1sigma__single_APT_37to6_prolate_AR2,2.381544121922234e-15,7.436277793220097,C,6.0,423.15,MS,1.0751871231990822,0.8755599608786824,FROZEN_AFTER_AQ_AND_6H_BEFORE_48H_COMPARISON
upper_1sigma__single_APT_37to6_prolate_AR2,2.381544121922234e-15,7.436277793220097,A,6.0,423.15,MIS,0.9624863613202262,0.8755599608786824,FROZEN_AFTER_AQ_AND_6H_BEFORE_48H_COMPARISON
upper_1sigma__single_APT_37to6_prolate_AR2,2.381544121922234e-15,7.436277793220097,B,6.0,423.15,MIS,0.9624839842840053,0.8755599608786824,FROZEN_AFTER_AQ_AND_6H_BEFORE_48H_COMPARISON
upper_1sigma__single_APT_37to6_prolate_AR2,2.381544121922234e-15,7.436277793220097,C,6.0,423.15,MIS,0.9624866585776387,0.8755599608786824,FROZEN_AFTER_AQ_AND_6H_BEFORE_48H_COMPARISON
upper_1sigma__single_APT_37to6_prolate_AR2,2.381544121922234e-15,7.436277793220097,A,6.0,473.15,M0,1.009653284492857,0.8549317391464868,FROZEN_AFTER_AQ_AND_6H_BEFORE_48H_COMPARISON
upper_1sigma__single_APT_37to6_prolate_AR2,2.381544121922234e-15,7.436277793220097,B,6.0,473.15,M0,1.0096513934652322,0.8549317391464868,FROZEN_AFTER_AQ_AND_6H_BEFORE_48H_COMPARISON
upper_1sigma__single_APT_37to6_prolate_AR2,2.381544121922234e-15,7.436277793220097,C,6.0,473.15,M0,1.0096539837283116,0.8549317391464868,FROZEN_AFTER_AQ_AND_6H_BEFORE_48H_COMPARISON
upper_1sigma__single_APT_37to6_prolate_AR2,2.381544121922234e-15,7.436277793220097,A,6.0,473.15,MI,0.9088276767680763,0.8549317391464868,FROZEN_AFTER_AQ_AND_6H_BEFORE_48H_COMPARISON
upper_1sigma__single_APT_37to6_prolate_AR2,2.381544121922234e-15,7.436277793220097,B,6.0,473.15,MI,0.908825926984984,0.8549317391464868,FROZEN_AFTER_AQ_AND_6H_BEFORE_48H_COMPARISON
upper_1sigma__single_APT_37to6_prolate_AR2,2.381544121922234e-15,7.436277793220097,C,6.0,473.15,MI,0.9088283250549503,0.8549317391464868,FROZEN_AFTER_AQ_AND_6H_BEFORE_48H_COMPARISON
upper_1sigma__single_APT_37to6_prolate_AR2,2.381544121922234e-15,7.436277793220097,A,6.0,473.15,MS,1.0094112793157695,0.8549317391464868,FROZEN_AFTER_AQ_AND_6H_BEFORE_48H_COMPARISON
upper_1sigma__single_APT_37to6_prolate_AR2,2.381544121922234e-15,7.436277793220097,B,6.0,473.15,MS,1.009408089102169,0.8549317391464868,FROZEN_AFTER_AQ_AND_6H_BEFORE_48H_COMPARISON
upper_1sigma__single_APT_37to6_prolate_AR2,2.381544121922234e-15,7.436277793220097,C,6.0,473.15,MS,1.0094107713839031,0.8549317391464868,FROZEN_AFTER_AQ_AND_6H_BEFORE_48H_COMPARISON
upper_1sigma__single_APT_37to6_prolate_AR2,2.381544121922234e-15,7.436277793220097,A,6.0,473.15,MIS,0.9087409268092037,0.8549317391464868,FROZEN_AFTER_AQ_AND_6H_BEFORE_48H_COMPARISON
upper_1sigma__single_APT_37to6_prolate_AR2,2.381544121922234e-15,7.436277793220097,B,6.0,473.15,MIS,0.908738799302325,0.8549317391464868,FROZEN_AFTER_AQ_AND_6H_BEFORE_48H_COMPARISON
upper_1sigma__single_APT_37to6_prolate_AR2,2.381544121922234e-15,7.436277793220097,C,6.0,473.15,MIS,0.9087411770801919,0.8549317391464868,FROZEN_AFTER_AQ_AND_6H_BEFORE_48H_COMPARISON
upper_1sigma__single_APT_37to6_prolate_AR2,2.381544121922234e-15,7.436277793220097,A,6.0,523.15,M0,0.9513676764725779,0.8542204211557212,FROZEN_AFTER_AQ_AND_6H_BEFORE_48H_COMPARISON
upper_1sigma__single_APT_37to6_prolate_AR2,2.381544121922234e-15,7.436277793220097,B,6.0,523.15,M0,0.9513659936188792,0.8542204211557212,FROZEN_AFTER_AQ_AND_6H_BEFORE_48H_COMPARISON
upper_1sigma__single_APT_37to6_prolate_AR2,2.381544121922234e-15,7.436277793220097,C,6.0,523.15,M0,0.9513682987315641,0.8542204211557212,FROZEN_AFTER_AQ_AND_6H_BEFORE_48H_COMPARISON
upper_1sigma__single_APT_37to6_prolate_AR2,2.381544121922234e-15,7.436277793220097,A,6.0,523.15,MI,0.860719602251735,0.8542204211557212,FROZEN_AFTER_AQ_AND_6H_BEFORE_48H_COMPARISON
upper_1sigma__single_APT_37to6_prolate_AR2,2.381544121922234e-15,7.436277793220097,B,6.0,523.15,MI,0.8607180371598026,0.8542204211557212,FROZEN_AFTER_AQ_AND_6H_BEFORE_48H_COMPARISON
upper_1sigma__single_APT_37to6_prolate_AR2,2.381544121922234e-15,7.436277793220097,C,6.0,523.15,MI,0.8607201821246551,0.8542204211557212,FROZEN_AFTER_AQ_AND_6H_BEFORE_48H_COMPARISON
upper_1sigma__single_APT_37to6_prolate_AR2,2.381544121922234e-15,7.436277793220097,A,6.0,523.15,MS,0.9511517612509128,0.8542204211557212,FROZEN_AFTER_AQ_AND_6H_BEFORE_48H_COMPARISON
upper_1sigma__single_APT_37to6_prolate_AR2,2.381544121922234e-15,7.436277793220097,B,6.0,523.15,MS,0.9511489136381552,0.8542204211557212,FROZEN_AFTER_AQ_AND_6H_BEFORE_48H_COMPARISON
upper_1sigma__single_APT_37to6_prolate_AR2,2.381544121922234e-15,7.436277793220097,C,6.0,523.15,MS,0.9511513027539115,0.8542204211557212,FROZEN_AFTER_AQ_AND_6H_BEFORE_48H_COMPARISON
upper_1sigma__single_APT_37to6_prolate_AR2,2.381544121922234e-15,7.436277793220097,A,6.0,523.15,MIS,0.8606396544666786,0.8542204211557212,FROZEN_AFTER_AQ_AND_6H_BEFORE_48H_COMPARISON
upper_1sigma__single_APT_37to6_prolate_AR2,2.381544121922234e-15,7.436277793220097,B,6.0,523.15,MIS,0.8606377384289893,0.8542204211557212,FROZEN_AFTER_AQ_AND_6H_BEFORE_48H_COMPARISON
upper_1sigma__single_APT_37to6_prolate_AR2,2.381544121922234e-15,7.436277793220097,C,6.0,523.15,MIS,0.8606398662299661,0.8542204211557212,FROZEN_AFTER_AQ_AND_6H_BEFORE_48H_COMPARISON
upper_1sigma__single_APT_37to6_prolate_AR2,2.381544121922234e-15,7.436277793220097,A,6.0,573.15,M0,0.8994055442968643,0.85,FROZEN_AFTER_AQ_AND_6H_BEFORE_48H_COMPARISON
upper_1sigma__single_APT_37to6_prolate_AR2,2.381544121922234e-15,7.436277793220097,B,6.0,573.15,M0,0.8994040371695746,0.85,FROZEN_AFTER_AQ_AND_6H_BEFORE_48H_COMPARISON
upper_1sigma__single_APT_37to6_prolate_AR2,2.381544121922234e-15,7.436277793220097,C,6.0,573.15,M0,0.8994061015776745,0.85,FROZEN_AFTER_AQ_AND_6H_BEFORE_48H_COMPARISON
upper_1sigma__single_APT_37to6_prolate_AR2,2.381544121922234e-15,7.436277793220097,A,6.0,573.15,MI,0.8174323405127426,0.85,FROZEN_AFTER_AQ_AND_6H_BEFORE_48H_COMPARISON
upper_1sigma__single_APT_37to6_prolate_AR2,2.381544121922234e-15,7.436277793220097,B,6.0,573.15,MI,0.8174309324708832,0.85,FROZEN_AFTER_AQ_AND_6H_BEFORE_48H_COMPARISON
upper_1sigma__single_APT_37to6_prolate_AR2,2.381544121922234e-15,7.436277793220097,C,6.0,573.15,MI,0.8174328622095238,0.85,FROZEN_AFTER_AQ_AND_6H_BEFORE_48H_COMPARISON
upper_1sigma__single_APT_37to6_prolate_AR2,2.381544121922234e-15,7.436277793220097,A,6.0,573.15,MS,0.8992116700482554,0.85,FROZEN_AFTER_AQ_AND_6H_BEFORE_48H_COMPARISON
upper_1sigma__single_APT_37to6_prolate_AR2,2.381544121922234e-15,7.436277793220097,B,6.0,573.15,MS,0.8992091124569684,0.85,FROZEN_AFTER_AQ_AND_6H_BEFORE_48H_COMPARISON
upper_1sigma__single_APT_37to6_prolate_AR2,2.381544121922234e-15,7.436277793220097,C,6.0,573.15,MS,0.8992112536455583,0.85,FROZEN_AFTER_AQ_AND_6H_BEFORE_48H_COMPARISON
upper_1sigma__single_APT_37to6_prolate_AR2,2.381544121922234e-15,7.436277793220097,A,6.0,573.15,MIS,0.81735836999399,0.85,FROZEN_AFTER_AQ_AND_6H_BEFORE_48H_COMPARISON
upper_1sigma__single_APT_37to6_prolate_AR2,2.381544121922234e-15,7.436277793220097,B,6.0,573.15,MIS,0.8173566347333693,0.85,FROZEN_AFTER_AQ_AND_6H_BEFORE_48H_COMPARISON
upper_1sigma__single_APT_37to6_prolate_AR2,2.381544121922234e-15,7.436277793220097,C,6.0,573.15,MIS,0.8173585499394614,0.85,FROZEN_AFTER_AQ_AND_6H_BEFORE_48H_COMPARISON
upper_1sigma__single_APT_37to6_prolate_AR2,2.381544121922234e-15,7.436277793220097,A,48.0,303.15,M0,1.270925009943685,1.5171687885490504,FROZEN_AFTER_AQ_AND_6H_BEFORE_48H_COMPARISON
upper_1sigma__single_APT_37to6_prolate_AR2,2.381544121922234e-15,7.436277793220097,B,48.0,303.15,M0,1.2688907210315052,1.5171687885490504,FROZEN_AFTER_AQ_AND_6H_BEFORE_48H_COMPARISON
upper_1sigma__single_APT_37to6_prolate_AR2,2.381544121922234e-15,7.436277793220097,C,48.0,303.15,M0,1.2722687836109454,1.5171687885490504,FROZEN_AFTER_AQ_AND_6H_BEFORE_48H_COMPARISON
upper_1sigma__single_APT_37to6_prolate_AR2,2.381544121922234e-15,7.436277793220097,A,48.0,303.15,MI,1.2023769951734422,1.5171687885490504,FROZEN_AFTER_AQ_AND_6H_BEFORE_48H_COMPARISON
upper_1sigma__single_APT_37to6_prolate_AR2,2.381544121922234e-15,7.436277793220097,B,48.0,303.15,MI,1.1940257402921708,1.5171687885490504,FROZEN_AFTER_AQ_AND_6H_BEFORE_48H_COMPARISON
upper_1sigma__single_APT_37to6_prolate_AR2,2.381544121922234e-15,7.436277793220097,C,48.0,303.15,MI,1.2104496087581196,1.5171687885490504,FROZEN_AFTER_AQ_AND_6H_BEFORE_48H_COMPARISON
upper_1sigma__single_APT_37to6_prolate_AR2,2.381544121922234e-15,7.436277793220097,A,48.0,303.15,MS,1.2706289691049157,1.5171687885490504,FROZEN_AFTER_AQ_AND_6H_BEFORE_48H_COMPARISON
upper_1sigma__single_APT_37to6_prolate_AR2,2.381544121922234e-15,7.436277793220097,B,48.0,303.15,MS,1.2685923231266285,1.5171687885490504,FROZEN_AFTER_AQ_AND_6H_BEFORE_48H_COMPARISON
upper_1sigma__single_APT_37to6_prolate_AR2,2.381544121922234e-15,7.436277793220097,C,48.0,303.15,MS,1.2719903706945506,1.5171687885490504,FROZEN_AFTER_AQ_AND_6H_BEFORE_48H_COMPARISON
upper_1sigma__single_APT_37to6_prolate_AR2,2.381544121922234e-15,7.436277793220097,A,48.0,303.15,MIS,1.2022277593430688,1.5171687885490504,FROZEN_AFTER_AQ_AND_6H_BEFORE_48H_COMPARISON
upper_1sigma__single_APT_37to6_prolate_AR2,2.381544121922234e-15,7.436277793220097,B,48.0,303.15,MIS,1.1938819164430234,1.5171687885490504,FROZEN_AFTER_AQ_AND_6H_BEFORE_48H_COMPARISON
upper_1sigma__single_APT_37to6_prolate_AR2,2.381544121922234e-15,7.436277793220097,C,48.0,303.15,MIS,1.2103008907437287,1.5171687885490504,FROZEN_AFTER_AQ_AND_6H_BEFORE_48H_COMPARISON
upper_1sigma__single_APT_37to6_prolate_AR2,2.381544121922234e-15,7.436277793220097,A,48.0,323.15,M0,1.2332340014978522,1.3578335586176062,FROZEN_AFTER_AQ_AND_6H_BEFORE_48H_COMPARISON
upper_1sigma__single_APT_37to6_prolate_AR2,2.381544121922234e-15,7.436277793220097,B,48.0,323.15,M0,1.23132519750638,1.3578335586176062,FROZEN_AFTER_AQ_AND_6H_BEFORE_48H_COMPARISON
upper_1sigma__single_APT_37to6_prolate_AR2,2.381544121922234e-15,7.436277793220097,C,48.0,323.15,M0,1.2344840736843086,1.3578335586176062,FROZEN_AFTER_AQ_AND_6H_BEFORE_48H_COMPARISON
upper_1sigma__single_APT_37to6_prolate_AR2,2.381544121922234e-15,7.436277793220097,A,48.0,323.15,MI,1.16838258608414,1.3578335586176062,FROZEN_AFTER_AQ_AND_6H_BEFORE_48H_COMPARISON
upper_1sigma__single_APT_37to6_prolate_AR2,2.381544121922234e-15,7.436277793220097,B,48.0,323.15,MI,1.1604871446337401,1.3578335586176062,FROZEN_AFTER_AQ_AND_6H_BEFORE_48H_COMPARISON
upper_1sigma__single_APT_37to6_prolate_AR2,2.381544121922234e-15,7.436277793220097,C,48.0,323.15,MI,1.1760073096318027,1.3578335586176062,FROZEN_AFTER_AQ_AND_6H_BEFORE_48H_COMPARISON
upper_1sigma__single_APT_37to6_prolate_AR2,2.381544121922234e-15,7.436277793220097,A,48.0,323.15,MS,1.2329526412391096,1.3578335586176062,FROZEN_AFTER_AQ_AND_6H_BEFORE_48H_COMPARISON
upper_1sigma__single_APT_37to6_prolate_AR2,2.381544121922234e-15,7.436277793220097,B,48.0,323.15,MS,1.2310418851004619,1.3578335586176062,FROZEN_AFTER_AQ_AND_6H_BEFORE_48H_COMPARISON
upper_1sigma__single_APT_37to6_prolate_AR2,2.381544121922234e-15,7.436277793220097,C,48.0,323.15,MS,1.23421913586809,1.3578335586176062,FROZEN_AFTER_AQ_AND_6H_BEFORE_48H_COMPARISON
upper_1sigma__single_APT_37to6_prolate_AR2,2.381544121922234e-15,7.436277793220097,A,48.0,323.15,MIS,1.1682394337554993,1.3578335586176062,FROZEN_AFTER_AQ_AND_6H_BEFORE_48H_COMPARISON
upper_1sigma__single_APT_37to6_prolate_AR2,2.381544121922234e-15,7.436277793220097,B,48.0,323.15,MIS,1.1603491984609384,1.3578335586176062,FROZEN_AFTER_AQ_AND_6H_BEFORE_48H_COMPARISON
upper_1sigma__single_APT_37to6_prolate_AR2,2.381544121922234e-15,7.436277793220097,C,48.0,323.15,MIS,1.175864645174494,1.3578335586176062,FROZEN_AFTER_AQ_AND_6H_BEFORE_48H_COMPARISON
upper_1sigma__single_APT_37to6_prolate_AR2,2.381544121922234e-15,7.436277793220097,A,48.0,373.15,M0,1.1478300894949502,1.1846276278662375,FROZEN_AFTER_AQ_AND_6H_BEFORE_48H_COMPARISON
upper_1sigma__single_APT_37to6_prolate_AR2,2.381544121922234e-15,7.436277793220097,B,48.0,373.15,M0,1.1461895480271476,1.1846276278662375,FROZEN_AFTER_AQ_AND_6H_BEFORE_48H_COMPARISON
upper_1sigma__single_APT_37to6_prolate_AR2,2.381544121922234e-15,7.436277793220097,C,48.0,373.15,M0,1.1488830930889475,1.1846276278662375,FROZEN_AFTER_AQ_AND_6H_BEFORE_48H_COMPARISON
upper_1sigma__single_APT_37to6_prolate_AR2,2.381544121922234e-15,7.436277793220097,A,48.0,373.15,MI,1.0909867606673451,1.1846276278662375,FROZEN_AFTER_AQ_AND_6H_BEFORE_48H_COMPARISON
upper_1sigma__single_APT_37to6_prolate_AR2,2.381544121922234e-15,7.436277793220097,B,48.0,373.15,MI,1.0840787980373228,1.1846276278662375,FROZEN_AFTER_AQ_AND_6H_BEFORE_48H_COMPARISON
upper_1sigma__single_APT_37to6_prolate_AR2,2.381544121922234e-15,7.436277793220097,C,48.0,373.15,MI,1.0976434342535046,1.1846276278662375,FROZEN_AFTER_AQ_AND_6H_BEFORE_48H_COMPARISON
upper_1sigma__single_APT_37to6_prolate_AR2,2.381544121922234e-15,7.436277793220097,A,48.0,373.15,MS,1.1475808099518023,1.1846276278662375,FROZEN_AFTER_AQ_AND_6H_BEFORE_48H_COMPARISON
upper_1sigma__single_APT_37to6_prolate_AR2,2.381544121922234e-15,7.436277793220097,B,48.0,373.15,MS,1.1459391347810108,1.1846276278662375,FROZEN_AFTER_AQ_AND_6H_BEFORE_48H_COMPARISON
upper_1sigma__single_APT_37to6_prolate_AR2,2.381544121922234e-15,7.436277793220097,C,48.0,373.15,MS,1.1486476791663836,1.1846276278662375,FROZEN_AFTER_AQ_AND_6H_BEFORE_48H_COMPARISON
upper_1sigma__single_APT_37to6_prolate_AR2,2.381544121922234e-15,7.436277793220097,A,48.0,373.15,MIS,1.0908571481638,1.1846276278662375,FROZEN_AFTER_AQ_AND_6H_BEFORE_48H_COMPARISON
upper_1sigma__single_APT_37to6_prolate_AR2,2.381544121922234e-15,7.436277793220097,B,48.0,373.15,MIS,1.0839539347606026,1.1846276278662375,FROZEN_AFTER_AQ_AND_6H_BEFORE_48H_COMPARISON
upper_1sigma__single_APT_37to6_prolate_AR2,2.381544121922234e-15,7.436277793220097,C,48.0,373.15,MIS,1.097514238912959,1.1846276278662375,FROZEN_AFTER_AQ_AND_6H_BEFORE_48H_COMPARISON
upper_1sigma__single_APT_37to6_prolate_AR2,2.381544121922234e-15,7.436277793220097,A,48.0,423.15,M0,1.073264249015032,1.0846874501637025,FROZEN_AFTER_AQ_AND_6H_BEFORE_48H_COMPARISON
upper_1sigma__single_APT_37to6_prolate_AR2,2.381544121922234e-15,7.436277793220097,B,48.0,423.15,M0,1.0718399720098235,1.0846874501637025,FROZEN_AFTER_AQ_AND_6H_BEFORE_48H_COMPARISON
upper_1sigma__single_APT_37to6_prolate_AR2,2.381544121922234e-15,7.436277793220097,C,48.0,423.15,M0,1.0741618324776774,1.0846874501637025,FROZEN_AFTER_AQ_AND_6H_BEFORE_48H_COMPARISON
upper_1sigma__single_APT_37to6_prolate_AR2,2.381544121922234e-15,7.436277793220097,A,48.0,423.15,MI,1.023004308289163,1.0846874501637025,FROZEN_AFTER_AQ_AND_6H_BEFORE_48H_COMPARISON
upper_1sigma__single_APT_37to6_prolate_AR2,2.381544121922234e-15,7.436277793220097,B,48.0,423.15,MI,1.0169076171719795,1.0846874501637025,FROZEN_AFTER_AQ_AND_6H_BEFORE_48H_COMPARISON
upper_1sigma__single_APT_37to6_prolate_AR2,2.381544121922234e-15,7.436277793220097,C,48.0,423.15,MI,1.0288680113875,1.0846874501637025,FROZEN_AFTER_AQ_AND_6H_BEFORE_48H_COMPARISON
upper_1sigma__single_APT_37to6_prolate_AR2,2.381544121922234e-15,7.436277793220097,A,48.0,423.15,MS,1.0730416645442002,1.0846874501637025,FROZEN_AFTER_AQ_AND_6H_BEFORE_48H_COMPARISON
upper_1sigma__single_APT_37to6_prolate_AR2,2.381544121922234e-15,7.436277793220097,B,48.0,423.15,MS,1.0716168603427356,1.0846874501637025,FROZEN_AFTER_AQ_AND_6H_BEFORE_48H_COMPARISON
upper_1sigma__single_APT_37to6_prolate_AR2,2.381544121922234e-15,7.436277793220097,C,48.0,423.15,MS,1.0739510731877604,1.0846874501637025,FROZEN_AFTER_AQ_AND_6H_BEFORE_48H_COMPARISON
upper_1sigma__single_APT_37to6_prolate_AR2,2.381544121922234e-15,7.436277793220097,A,48.0,423.15,MIS,1.0228862475618694,1.0846874501637025,FROZEN_AFTER_AQ_AND_6H_BEFORE_48H_COMPARISON
upper_1sigma__single_APT_37to6_prolate_AR2,2.381544121922234e-15,7.436277793220097,B,48.0,423.15,MIS,1.016793916427003,1.0846874501637025,FROZEN_AFTER_AQ_AND_6H_BEFORE_48H_COMPARISON
upper_1sigma__single_APT_37to6_prolate_AR2,2.381544121922234e-15,7.436277793220097,C,48.0,423.15,MIS,1.0287503040081667,1.0846874501637025,FROZEN_AFTER_AQ_AND_6H_BEFORE_48H_COMPARISON
upper_1sigma__single_APT_37to6_prolate_AR2,2.381544121922234e-15,7.436277793220097,A,48.0,473.15,M0,1.0076789227537541,1.08433179116832,FROZEN_AFTER_AQ_AND_6H_BEFORE_48H_COMPARISON
upper_1sigma__single_APT_37to6_prolate_AR2,2.381544121922234e-15,7.436277793220097,B,48.0,473.15,M0,1.0064312610406128,1.08433179116832,FROZEN_AFTER_AQ_AND_6H_BEFORE_48H_COMPARISON
upper_1sigma__single_APT_37to6_prolate_AR2,2.381544121922234e-15,7.436277793220097,C,48.0,473.15,M0,1.0084520895867128,1.08433179116832,FROZEN_AFTER_AQ_AND_6H_BEFORE_48H_COMPARISON
upper_1sigma__single_APT_37to6_prolate_AR2,2.381544121922234e-15,7.436277793220097,A,48.0,473.15,MI,0.9628989106729136,1.08433179116832,FROZEN_AFTER_AQ_AND_6H_BEFORE_48H_COMPARISON
upper_1sigma__single_APT_37to6_prolate_AR2,2.381544121922234e-15,7.436277793220097,B,48.0,473.15,MI,0.9574767281728027,1.08433179116832,FROZEN_AFTER_AQ_AND_6H_BEFORE_48H_COMPARISON
upper_1sigma__single_APT_37to6_prolate_AR2,2.381544121922234e-15,7.436277793220097,C,48.0,473.15,MI,0.9681049865774876,1.08433179116832,FROZEN_AFTER_AQ_AND_6H_BEFORE_48H_COMPARISON
upper_1sigma__single_APT_37to6_prolate_AR2,2.381544121922234e-15,7.436277793220097,A,48.0,473.15,MS,1.0074788122576421,1.08433179116832,FROZEN_AFTER_AQ_AND_6H_BEFORE_48H_COMPARISON
upper_1sigma__single_APT_37to6_prolate_AR2,2.381544121922234e-15,7.436277793220097,B,48.0,473.15,MS,1.006231076737462,1.08433179116832,FROZEN_AFTER_AQ_AND_6H_BEFORE_48H_COMPARISON
upper_1sigma__single_APT_37to6_prolate_AR2,2.381544121922234e-15,7.436277793220097,C,48.0,473.15,MS,1.008262153449338,1.08433179116832,FROZEN_AFTER_AQ_AND_6H_BEFORE_48H_COMPARISON
upper_1sigma__single_APT_37to6_prolate_AR2,2.381544121922234e-15,7.436277793220097,A,48.0,473.15,MIS,0.9627908023837297,1.08433179116832,FROZEN_AFTER_AQ_AND_6H_BEFORE_48H_COMPARISON
upper_1sigma__single_APT_37to6_prolate_AR2,2.381544121922234e-15,7.436277793220097,B,48.0,473.15,MIS,0.9573726443296073,1.08433179116832,FROZEN_AFTER_AQ_AND_6H_BEFORE_48H_COMPARISON
upper_1sigma__single_APT_37to6_prolate_AR2,2.381544121922234e-15,7.436277793220097,C,48.0,473.15,MIS,0.9679971749399335,1.08433179116832,FROZEN_AFTER_AQ_AND_6H_BEFORE_48H_COMPARISON
upper_1sigma__single_APT_37to6_prolate_AR2,2.381544121922234e-15,7.436277793220097,A,48.0,523.15,M0,0.9495840469624841,1.0405857347362493,FROZEN_AFTER_AQ_AND_6H_BEFORE_48H_COMPARISON
upper_1sigma__single_APT_37to6_prolate_AR2,2.381544121922234e-15,7.436277793220097,B,48.0,523.15,M0,0.9484823492931523,1.0405857347362493,FROZEN_AFTER_AQ_AND_6H_BEFORE_48H_COMPARISON
upper_1sigma__single_APT_37to6_prolate_AR2,2.381544121922234e-15,7.436277793220097,C,48.0,523.15,M0,0.9502562603427269,1.0405857347362493,FROZEN_AFTER_AQ_AND_6H_BEFORE_48H_COMPARISON
upper_1sigma__single_APT_37to6_prolate_AR2,2.381544121922234e-15,7.436277793220097,A,48.0,523.15,MI,0.9094161174563948,1.0405857347362493,FROZEN_AFTER_AQ_AND_6H_BEFORE_48H_COMPARISON
upper_1sigma__single_APT_37to6_prolate_AR2,2.381544121922234e-15,7.436277793220097,B,48.0,523.15,MI,0.9045608146806091,1.0405857347362493,FROZEN_AFTER_AQ_AND_6H_BEFORE_48H_COMPARISON
upper_1sigma__single_APT_37to6_prolate_AR2,2.381544121922234e-15,7.436277793220097,C,48.0,523.15,MI,0.914070733436303,1.0405857347362493,FROZEN_AFTER_AQ_AND_6H_BEFORE_48H_COMPARISON
upper_1sigma__single_APT_37to6_prolate_AR2,2.381544121922234e-15,7.436277793220097,A,48.0,523.15,MS,0.9494030518423034,1.0405857347362493,FROZEN_AFTER_AQ_AND_6H_BEFORE_48H_COMPARISON
upper_1sigma__single_APT_37to6_prolate_AR2,2.381544121922234e-15,7.436277793220097,B,48.0,523.15,MS,0.9483016213491746,1.0405857347362493,FROZEN_AFTER_AQ_AND_6H_BEFORE_48H_COMPARISON
upper_1sigma__single_APT_37to6_prolate_AR2,2.381544121922234e-15,7.436277793220097,C,48.0,523.15,MS,0.950084087707498,1.0405857347362493,FROZEN_AFTER_AQ_AND_6H_BEFORE_48H_COMPARISON
upper_1sigma__single_APT_37to6_prolate_AR2,2.381544121922234e-15,7.436277793220097,A,48.0,523.15,MIS,0.9093166578759176,1.0405857347362493,FROZEN_AFTER_AQ_AND_6H_BEFORE_48H_COMPARISON
upper_1sigma__single_APT_37to6_prolate_AR2,2.381544121922234e-15,7.436277793220097,B,48.0,523.15,MIS,0.9044650873722776,1.0405857347362493,FROZEN_AFTER_AQ_AND_6H_BEFORE_48H_COMPARISON
upper_1sigma__single_APT_37to6_prolate_AR2,2.381544121922234e-15,7.436277793220097,C,48.0,523.15,MIS,0.9139715205709478,1.0405857347362493,FROZEN_AFTER_AQ_AND_6H_BEFORE_48H_COMPARISON
upper_1sigma__single_APT_37to6_prolate_AR2,2.381544121922234e-15,7.436277793220097,A,48.0,573.15,M0,0.8977867003812557,1.03,FROZEN_AFTER_AQ_AND_6H_BEFORE_48H_COMPARISON
upper_1sigma__single_APT_37to6_prolate_AR2,2.381544121922234e-15,7.436277793220097,B,48.0,573.15,M0,0.8968069469197559,1.03,FROZEN_AFTER_AQ_AND_6H_BEFORE_48H_COMPARISON
upper_1sigma__single_APT_37to6_prolate_AR2,2.381544121922234e-15,7.436277793220097,C,48.0,573.15,M0,0.8983759956019973,1.03,FROZEN_AFTER_AQ_AND_6H_BEFORE_48H_COMPARISON
upper_1sigma__single_APT_37to6_prolate_AR2,2.381544121922234e-15,7.436277793220097,A,48.0,573.15,MI,0.8615387841158564,1.03,FROZEN_AFTER_AQ_AND_6H_BEFORE_48H_COMPARISON
upper_1sigma__single_APT_37to6_prolate_AR2,2.381544121922234e-15,7.436277793220097,B,48.0,573.15,MI,0.8571645492936587,1.03,FROZEN_AFTER_AQ_AND_6H_BEFORE_48H_COMPARISON
upper_1sigma__single_APT_37to6_prolate_AR2,2.381544121922234e-15,7.436277793220097,C,48.0,573.15,MI,0.8657263544761908,1.03,FROZEN_AFTER_AQ_AND_6H_BEFORE_48H_COMPARISON
upper_1sigma__single_APT_37to6_prolate_AR2,2.381544121922234e-15,7.436277793220097,A,48.0,573.15,MS,0.897622112437401,1.03,FROZEN_AFTER_AQ_AND_6H_BEFORE_48H_COMPARISON
upper_1sigma__single_APT_37to6_prolate_AR2,2.381544121922234e-15,7.436277793220097,B,48.0,573.15,MS,0.8966428834675066,1.03,FROZEN_AFTER_AQ_AND_6H_BEFORE_48H_COMPARISON
upper_1sigma__single_APT_37to6_prolate_AR2,2.381544121922234e-15,7.436277793220097,C,48.0,573.15,MS,0.8982191110956618,1.03,FROZEN_AFTER_AQ_AND_6H_BEFORE_48H_COMPARISON
upper_1sigma__single_APT_37to6_prolate_AR2,2.381544121922234e-15,7.436277793220097,A,48.0,573.15,MIS,0.8614468979360331,1.03,FROZEN_AFTER_AQ_AND_6H_BEFORE_48H_COMPARISON
upper_1sigma__single_APT_37to6_prolate_AR2,2.381544121922234e-15,7.436277793220097,B,48.0,573.15,MIS,0.857076138744556,1.03,FROZEN_AFTER_AQ_AND_6H_BEFORE_48H_COMPARISON
upper_1sigma__single_APT_37to6_prolate_AR2,2.381544121922234e-15,7.436277793220097,C,48.0,573.15,MIS,0.8656346712357181,1.03,FROZEN_AFTER_AQ_AND_6H_BEFORE_48H_COMPARISON
upper_1sigma__single_APT_37to6_large_Lover2_sphere_bound,1.841066189913317e-15,9.999999703462143,A,6.0,303.15,M0,1.4141767578071265,1.2625169478550462,FROZEN_AFTER_AQ_AND_6H_BEFORE_48H_COMPARISON
upper_1sigma__single_APT_37to6_large_Lover2_sphere_bound,1.841066189913317e-15,9.999999703462143,B,6.0,303.15,M0,1.4141731068419519,1.2625169478550462,FROZEN_AFTER_AQ_AND_6H_BEFORE_48H_COMPARISON
upper_1sigma__single_APT_37to6_large_Lover2_sphere_bound,1.841066189913317e-15,9.999999703462143,C,6.0,303.15,M0,1.4141781078219535,1.2625169478550462,FROZEN_AFTER_AQ_AND_6H_BEFORE_48H_COMPARISON
upper_1sigma__single_APT_37to6_large_Lover2_sphere_bound,1.841066189913317e-15,9.999999703462143,A,6.0,303.15,MI,1.1861444018711045,1.2625169478550462,FROZEN_AFTER_AQ_AND_6H_BEFORE_48H_COMPARISON
upper_1sigma__single_APT_37to6_large_Lover2_sphere_bound,1.841066189913317e-15,9.999999703462143,B,6.0,303.15,MI,1.186141258082899,1.2625169478550462,FROZEN_AFTER_AQ_AND_6H_BEFORE_48H_COMPARISON
upper_1sigma__single_APT_37to6_large_Lover2_sphere_bound,1.841066189913317e-15,9.999999703462143,C,6.0,303.15,MI,1.1861455669705971,1.2625169478550462,FROZEN_AFTER_AQ_AND_6H_BEFORE_48H_COMPARISON
upper_1sigma__single_APT_37to6_large_Lover2_sphere_bound,1.841066189913317e-15,9.999999703462143,A,6.0,303.15,MS,1.413714544559712,1.2625169478550462,FROZEN_AFTER_AQ_AND_6H_BEFORE_48H_COMPARISON
upper_1sigma__single_APT_37to6_large_Lover2_sphere_bound,1.841066189913317e-15,9.999999703462143,B,6.0,303.15,MS,1.4137084894231073,1.2625169478550462,FROZEN_AFTER_AQ_AND_6H_BEFORE_48H_COMPARISON
upper_1sigma__single_APT_37to6_large_Lover2_sphere_bound,1.841066189913317e-15,9.999999703462143,C,6.0,303.15,MS,1.4137136313818157,1.2625169478550462,FROZEN_AFTER_AQ_AND_6H_BEFORE_48H_COMPARISON
upper_1sigma__single_APT_37to6_large_Lover2_sphere_bound,1.841066189913317e-15,9.999999703462143,A,6.0,303.15,MIS,1.1860360022314476,1.2625169478550462,FROZEN_AFTER_AQ_AND_6H_BEFORE_48H_COMPARISON
upper_1sigma__single_APT_37to6_large_Lover2_sphere_bound,1.841066189913317e-15,9.999999703462143,B,6.0,303.15,MIS,1.1860324204501012,1.2625169478550462,FROZEN_AFTER_AQ_AND_6H_BEFORE_48H_COMPARISON
upper_1sigma__single_APT_37to6_large_Lover2_sphere_bound,1.841066189913317e-15,9.999999703462143,C,6.0,303.15,MIS,1.1860366847105017,1.2625169478550462,FROZEN_AFTER_AQ_AND_6H_BEFORE_48H_COMPARISON
upper_1sigma__single_APT_37to6_large_Lover2_sphere_bound,1.841066189913317e-15,9.999999703462143,A,6.0,323.15,M0,1.3675760871789289,1.0882440401175293,FROZEN_AFTER_AQ_AND_6H_BEFORE_48H_COMPARISON
upper_1sigma__single_APT_37to6_large_Lover2_sphere_bound,1.841066189913317e-15,9.999999703462143,B,6.0,323.15,M0,1.3675726667034755,1.0882440401175293,FROZEN_AFTER_AQ_AND_6H_BEFORE_48H_COMPARISON
upper_1sigma__single_APT_37to6_large_Lover2_sphere_bound,1.841066189913317e-15,9.999999703462143,C,6.0,323.15,M0,1.3675773519638137,1.0882440401175293,FROZEN_AFTER_AQ_AND_6H_BEFORE_48H_COMPARISON
upper_1sigma__single_APT_37to6_large_Lover2_sphere_bound,1.841066189913317e-15,9.999999703462143,A,6.0,323.15,MI,1.1525294939292416,1.0882440401175293,FROZEN_AFTER_AQ_AND_6H_BEFORE_48H_COMPARISON
upper_1sigma__single_APT_37to6_large_Lover2_sphere_bound,1.841066189913317e-15,9.999999703462143,B,6.0,323.15,MI,1.152526533112749,1.0882440401175293,FROZEN_AFTER_AQ_AND_6H_BEFORE_48H_COMPARISON
upper_1sigma__single_APT_37to6_large_Lover2_sphere_bound,1.841066189913317e-15,9.999999703462143,C,6.0,323.15,MI,1.1525305912353467,1.0882440401175293,FROZEN_AFTER_AQ_AND_6H_BEFORE_48H_COMPARISON
upper_1sigma__single_APT_37to6_large_Lover2_sphere_bound,1.841066189913317e-15,9.999999703462143,A,6.0,323.15,MS,1.367142927900116,1.0882440401175293,FROZEN_AFTER_AQ_AND_6H_BEFORE_48H_COMPARISON
upper_1sigma__single_APT_37to6_large_Lover2_sphere_bound,1.841066189913317e-15,9.999999703462143,B,6.0,323.15,MS,1.3671372464972633,1.0882440401175293,FROZEN_AFTER_AQ_AND_6H_BEFORE_48H_COMPARISON
upper_1sigma__single_APT_37to6_large_Lover2_sphere_bound,1.841066189913317e-15,9.999999703462143,C,6.0,323.15,MS,1.3671420678899593,1.0882440401175293,FROZEN_AFTER_AQ_AND_6H_BEFORE_48H_COMPARISON
upper_1sigma__single_APT_37to6_large_Lover2_sphere_bound,1.841066189913317e-15,9.999999703462143,A,6.0,323.15,MIS,1.1524255193285426,1.0882440401175293,FROZEN_AFTER_AQ_AND_6H_BEFORE_48H_COMPARISON
upper_1sigma__single_APT_37to6_large_Lover2_sphere_bound,1.841066189913317e-15,9.999999703462143,B,6.0,323.15,MIS,1.1524221367038492,1.0882440401175293,FROZEN_AFTER_AQ_AND_6H_BEFORE_48H_COMPARISON
upper_1sigma__single_APT_37to6_large_Lover2_sphere_bound,1.841066189913317e-15,9.999999703462143,C,6.0,323.15,MIS,1.1524261529709765,1.0882440401175293,FROZEN_AFTER_AQ_AND_6H_BEFORE_48H_COMPARISON
upper_1sigma__single_APT_37to6_large_Lover2_sphere_bound,1.841066189913317e-15,9.999999703462143,A,6.0,373.15,M0,1.2632043202104801,0.9630520737428236,FROZEN_AFTER_AQ_AND_6H_BEFORE_48H_COMPARISON
upper_1sigma__single_APT_37to6_large_Lover2_sphere_bound,1.841066189913317e-15,9.999999703462143,B,6.0,373.15,M0,1.2632013899816048,0.9630520737428236,FROZEN_AFTER_AQ_AND_6H_BEFORE_48H_COMPARISON
upper_1sigma__single_APT_37to6_large_Lover2_sphere_bound,1.841066189913317e-15,9.999999703462143,C,6.0,373.15,M0,1.2632054037139455,0.9630520737428236,FROZEN_AFTER_AQ_AND_6H_BEFORE_48H_COMPARISON
upper_1sigma__single_APT_37to6_large_Lover2_sphere_bound,1.841066189913317e-15,9.999999703462143,A,6.0,373.15,MI,1.0760404160004204,0.9630520737428236,FROZEN_AFTER_AQ_AND_6H_BEFORE_48H_COMPARISON
upper_1sigma__single_APT_37to6_large_Lover2_sphere_bound,1.841066189913317e-15,9.999999703462143,B,6.0,373.15,MI,1.0760378495678038,0.9630520737428236,FROZEN_AFTER_AQ_AND_6H_BEFORE_48H_COMPARISON
upper_1sigma__single_APT_37to6_large_Lover2_sphere_bound,1.841066189913317e-15,9.999999703462143,C,6.0,373.15,MI,1.0760413671797031,0.9630520737428236,FROZEN_AFTER_AQ_AND_6H_BEFORE_48H_COMPARISON
upper_1sigma__single_APT_37to6_large_Lover2_sphere_bound,1.841066189913317e-15,9.999999703462143,A,6.0,373.15,MS,1.2628326850849472,0.9630520737428236,FROZEN_AFTER_AQ_AND_6H_BEFORE_48H_COMPARISON
upper_1sigma__single_APT_37to6_large_Lover2_sphere_bound,1.841066189913317e-15,9.999999703462143,B,6.0,373.15,MS,1.2628277995762995,0.9630520737428236,FROZEN_AFTER_AQ_AND_6H_BEFORE_48H_COMPARISON
upper_1sigma__single_APT_37to6_large_Lover2_sphere_bound,1.841066189913317e-15,9.999999703462143,C,6.0,373.15,MS,1.262831937712294,0.9630520737428236,FROZEN_AFTER_AQ_AND_6H_BEFORE_48H_COMPARISON
upper_1sigma__single_APT_37to6_large_Lover2_sphere_bound,1.841066189913317e-15,9.999999703462143,A,6.0,373.15,MIS,1.0759462743498016,0.9630520737428236,FROZEN_AFTER_AQ_AND_6H_BEFORE_48H_COMPARISON
upper_1sigma__single_APT_37to6_large_Lover2_sphere_bound,1.841066189913317e-15,9.999999703462143,B,6.0,373.15,MIS,1.0759433222802857,0.9630520737428236,FROZEN_AFTER_AQ_AND_6H_BEFORE_48H_COMPARISON
upper_1sigma__single_APT_37to6_large_Lover2_sphere_bound,1.841066189913317e-15,9.999999703462143,C,6.0,373.15,MIS,1.0759468040744131,0.9630520737428236,FROZEN_AFTER_AQ_AND_6H_BEFORE_48H_COMPARISON
upper_1sigma__single_APT_37to6_large_Lover2_sphere_bound,1.841066189913317e-15,9.999999703462143,A,6.0,423.15,M0,1.1734101409285769,0.8755599608786824,FROZEN_AFTER_AQ_AND_6H_BEFORE_48H_COMPARISON
upper_1sigma__single_APT_37to6_large_Lover2_sphere_bound,1.841066189913317e-15,9.999999703462143,B,6.0,423.15,M0,1.1734076035150613,0.8755599608786824,FROZEN_AFTER_AQ_AND_6H_BEFORE_48H_COMPARISON
upper_1sigma__single_APT_37to6_large_Lover2_sphere_bound,1.841066189913317e-15,9.999999703462143,C,6.0,423.15,M0,1.1734110791791175,0.8755599608786824,FROZEN_AFTER_AQ_AND_6H_BEFORE_48H_COMPARISON
upper_1sigma__single_APT_37to6_large_Lover2_sphere_bound,1.841066189913317e-15,9.999999703462143,A,6.0,423.15,MI,1.00890724232914,0.8755599608786824,FROZEN_AFTER_AQ_AND_6H_BEFORE_48H_COMPARISON
upper_1sigma__single_APT_37to6_large_Lover2_sphere_bound,1.841066189913317e-15,9.999999703462143,B,6.0,423.15,MI,1.008904997322361,0.8755599608786824,FROZEN_AFTER_AQ_AND_6H_BEFORE_48H_COMPARISON
upper_1sigma__single_APT_37to6_large_Lover2_sphere_bound,1.841066189913317e-15,9.999999703462143,C,6.0,423.15,MI,1.0089080744107186,0.8755599608786824,FROZEN_AFTER_AQ_AND_6H_BEFORE_48H_COMPARISON
upper_1sigma__single_APT_37to6_large_Lover2_sphere_bound,1.841066189913317e-15,9.999999703462143,A,6.0,423.15,MS,1.1730876237512664,0.8755599608786824,FROZEN_AFTER_AQ_AND_6H_BEFORE_48H_COMPARISON
upper_1sigma__single_APT_37to6_large_Lover2_sphere_bound,1.841066189913317e-15,9.999999703462143,B,6.0,423.15,MS,1.1730833775616616,0.8755599608786824,FROZEN_AFTER_AQ_AND_6H_BEFORE_48H_COMPARISON
upper_1sigma__single_APT_37to6_large_Lover2_sphere_bound,1.841066189913317e-15,9.999999703462143,C,6.0,423.15,MS,1.1730869666865873,0.8755599608786824,FROZEN_AFTER_AQ_AND_6H_BEFORE_48H_COMPARISON
upper_1sigma__single_APT_37to6_large_Lover2_sphere_bound,1.841066189913317e-15,9.999999703462143,A,6.0,423.15,MIS,1.0088214730038112,0.8755599608786824,FROZEN_AFTER_AQ_AND_6H_BEFORE_48H_COMPARISON
upper_1sigma__single_APT_37to6_large_Lover2_sphere_bound,1.841066189913317e-15,9.999999703462143,B,6.0,423.15,MIS,1.0088188734118528,0.8755599608786824,FROZEN_AFTER_AQ_AND_6H_BEFORE_48H_COMPARISON
upper_1sigma__single_APT_37to6_large_Lover2_sphere_bound,1.841066189913317e-15,9.999999703462143,C,6.0,423.15,MIS,1.0088219196737194,0.8755599608786824,FROZEN_AFTER_AQ_AND_6H_BEFORE_48H_COMPARISON
upper_1sigma__single_APT_37to6_large_Lover2_sphere_bound,1.841066189913317e-15,9.999999703462143,A,6.0,473.15,M0,1.0954196877857236,0.8549317391464868,FROZEN_AFTER_AQ_AND_6H_BEFORE_48H_COMPARISON
upper_1sigma__single_APT_37to6_large_Lover2_sphere_bound,1.841066189913317e-15,9.999999703462143,B,6.0,473.15,M0,1.0954174696174452,0.8549317391464868,FROZEN_AFTER_AQ_AND_6H_BEFORE_48H_COMPARISON
upper_1sigma__single_APT_37to6_large_Lover2_sphere_bound,1.841066189913317e-15,9.999999703462143,C,6.0,473.15,M0,1.0954205079881647,0.8549317391464868,FROZEN_AFTER_AQ_AND_6H_BEFORE_48H_COMPARISON
upper_1sigma__single_APT_37to6_large_Lover2_sphere_bound,1.841066189913317e-15,9.999999703462143,A,6.0,473.15,MI,0.9495947270316509,0.8549317391464868,FROZEN_AFTER_AQ_AND_6H_BEFORE_48H_COMPARISON
upper_1sigma__single_APT_37to6_large_Lover2_sphere_bound,1.841066189913317e-15,9.999999703462143,B,6.0,473.15,MI,0.9495927470863875,0.8549317391464868,FROZEN_AFTER_AQ_AND_6H_BEFORE_48H_COMPARISON
upper_1sigma__single_APT_37to6_large_Lover2_sphere_bound,1.841066189913317e-15,9.999999703462143,C,6.0,473.15,MI,0.94959546089737,0.8549317391464868,FROZEN_AFTER_AQ_AND_6H_BEFORE_48H_COMPARISON
upper_1sigma__single_APT_37to6_large_Lover2_sphere_bound,1.841066189913317e-15,9.999999703462143,A,6.0,473.15,MS,1.0951370342820739,0.8549317391464868,FROZEN_AFTER_AQ_AND_6H_BEFORE_48H_COMPARISON
upper_1sigma__single_APT_37to6_large_Lover2_sphere_bound,1.841066189913317e-15,9.999999703462143,B,6.0,473.15,MS,1.0951333092167994,0.8549317391464868,FROZEN_AFTER_AQ_AND_6H_BEFORE_48H_COMPARISON
upper_1sigma__single_APT_37to6_large_Lover2_sphere_bound,1.841066189913317e-15,9.999999703462143,C,6.0,473.15,MS,1.0951364510132096,0.8549317391464868,FROZEN_AFTER_AQ_AND_6H_BEFORE_48H_COMPARISON
upper_1sigma__single_APT_37to6_large_Lover2_sphere_bound,1.841066189913317e-15,9.999999703462143,A,6.0,473.15,MIS,0.9495161592455735,0.8549317391464868,FROZEN_AFTER_AQ_AND_6H_BEFORE_48H_COMPARISON
upper_1sigma__single_APT_37to6_large_Lover2_sphere_bound,1.841066189913317e-15,9.999999703462143,B,6.0,473.15,MIS,0.94951385163965,0.8549317391464868,FROZEN_AFTER_AQ_AND_6H_BEFORE_48H_COMPARISON
upper_1sigma__single_APT_37to6_large_Lover2_sphere_bound,1.841066189913317e-15,9.999999703462143,C,6.0,473.15,MIS,0.9495165387902733,0.8549317391464868,FROZEN_AFTER_AQ_AND_6H_BEFORE_48H_COMPARISON
upper_1sigma__single_APT_37to6_large_Lover2_sphere_bound,1.841066189913317e-15,9.999999703462143,A,6.0,523.15,M0,1.0270882388325049,0.8542204211557212,FROZEN_AFTER_AQ_AND_6H_BEFORE_48H_COMPARISON
upper_1sigma__single_APT_37to6_large_Lover2_sphere_bound,1.841066189913317e-15,9.999999703462143,B,6.0,523.15,M0,1.0270862834693177,0.8542204211557212,FROZEN_AFTER_AQ_AND_6H_BEFORE_48H_COMPARISON
upper_1sigma__single_APT_37to6_large_Lover2_sphere_bound,1.841066189913317e-15,9.999999703462143,C,6.0,523.15,M0,1.0270889618572046,0.8542204211557212,FROZEN_AFTER_AQ_AND_6H_BEFORE_48H_COMPARISON
upper_1sigma__single_APT_37to6_large_Lover2_sphere_bound,1.841066189913317e-15,9.999999703462143,A,6.0,523.15,MI,0.8968497769131449,0.8542204211557212,FROZEN_AFTER_AQ_AND_6H_BEFORE_48H_COMPARISON
upper_1sigma__single_APT_37to6_large_Lover2_sphere_bound,1.841066189913317e-15,9.999999703462143,B,6.0,523.15,MI,0.8968480179492162,0.8542204211557212,FROZEN_AFTER_AQ_AND_6H_BEFORE_48H_COMPARISON
upper_1sigma__single_APT_37to6_large_Lover2_sphere_bound,1.841066189913317e-15,9.999999703462143,C,6.0,523.15,MI,0.8968504288941302,0.8542204211557212,FROZEN_AFTER_AQ_AND_6H_BEFORE_48H_COMPARISON
upper_1sigma__single_APT_37to6_large_Lover2_sphere_bound,1.841066189913317e-15,9.999999703462143,A,6.0,523.15,MS,1.0268384004074602,0.8542204211557212,FROZEN_AFTER_AQ_AND_6H_BEFORE_48H_COMPARISON
upper_1sigma__single_APT_37to6_large_Lover2_sphere_bound,1.841066189913317e-15,9.999999703462143,B,6.0,523.15,MS,1.026835105683506,0.8542204211557212,FROZEN_AFTER_AQ_AND_6H_BEFORE_48H_COMPARISON
upper_1sigma__single_APT_37to6_large_Lover2_sphere_bound,1.841066189913317e-15,9.999999703462143,C,6.0,523.15,MS,1.0268378783810168,0.8542204211557212,FROZEN_AFTER_AQ_AND_6H_BEFORE_48H_COMPARISON
upper_1sigma__single_APT_37to6_large_Lover2_sphere_bound,1.841066189913317e-15,9.999999703462143,A,6.0,523.15,MIS,0.8967774594775836,0.8542204211557212,FROZEN_AFTER_AQ_AND_6H_BEFORE_48H_COMPARISON
upper_1sigma__single_APT_37to6_large_Lover2_sphere_bound,1.841066189913317e-15,9.999999703462143,B,6.0,523.15,MIS,0.8967753964050419,0.8542204211557212,FROZEN_AFTER_AQ_AND_6H_BEFORE_48H_COMPARISON
upper_1sigma__single_APT_37to6_large_Lover2_sphere_bound,1.841066189913317e-15,9.999999703462143,C,6.0,523.15,MIS,0.8967777841966259,0.8542204211557212,FROZEN_AFTER_AQ_AND_6H_BEFORE_48H_COMPARISON
upper_1sigma__single_APT_37to6_large_Lover2_sphere_bound,1.841066189913317e-15,9.999999703462143,A,6.0,573.15,M0,0.9667464153023477,0.85,FROZEN_AFTER_AQ_AND_6H_BEFORE_48H_COMPARISON
upper_1sigma__single_APT_37to6_large_Lover2_sphere_bound,1.841066189913317e-15,9.999999703462143,B,6.0,573.15,M0,0.9667446787874553,0.85,FROZEN_AFTER_AQ_AND_6H_BEFORE_48H_COMPARISON
upper_1sigma__single_APT_37to6_large_Lover2_sphere_bound,1.841066189913317e-15,9.999999703462143,C,6.0,573.15,M0,0.9667470574035061,0.85,FROZEN_AFTER_AQ_AND_6H_BEFORE_48H_COMPARISON
upper_1sigma__single_APT_37to6_large_Lover2_sphere_bound,1.841066189913317e-15,9.999999703462143,A,6.0,573.15,MI,0.849657486448621,0.85,FROZEN_AFTER_AQ_AND_6H_BEFORE_48H_COMPARISON
upper_1sigma__single_APT_37to6_large_Lover2_sphere_bound,1.841066189913317e-15,9.999999703462143,B,6.0,573.15,MI,0.8496559135628994,0.85,FROZEN_AFTER_AQ_AND_6H_BEFORE_48H_COMPARISON
upper_1sigma__single_APT_37to6_large_Lover2_sphere_bound,1.841066189913317e-15,9.999999703462143,C,6.0,573.15,MI,0.8496580694762961,0.85,FROZEN_AFTER_AQ_AND_6H_BEFORE_48H_COMPARISON
upper_1sigma__single_APT_37to6_large_Lover2_sphere_bound,1.841066189913317e-15,9.999999703462143,A,6.0,573.15,MS,0.9665239254566498,0.85,FROZEN_AFTER_AQ_AND_6H_BEFORE_48H_COMPARISON
upper_1sigma__single_APT_37to6_large_Lover2_sphere_bound,1.841066189913317e-15,9.999999703462143,B,6.0,573.15,MS,0.9665209902304722,0.85,FROZEN_AFTER_AQ_AND_6H_BEFORE_48H_COMPARISON
upper_1sigma__single_APT_37to6_large_Lover2_sphere_bound,1.841066189913317e-15,9.999999703462143,C,6.0,573.15,MS,0.9665234549173326,0.85,FROZEN_AFTER_AQ_AND_6H_BEFORE_48H_COMPARISON
upper_1sigma__single_APT_37to6_large_Lover2_sphere_bound,1.841066189913317e-15,9.999999703462143,A,6.0,573.15,MIS,0.8495906371635412,0.85,FROZEN_AFTER_AQ_AND_6H_BEFORE_48H_COMPARISON
upper_1sigma__single_APT_37to6_large_Lover2_sphere_bound,1.841066189913317e-15,9.999999703462143,B,6.0,573.15,MIS,0.8495887809318516,0.85,FROZEN_AFTER_AQ_AND_6H_BEFORE_48H_COMPARISON
upper_1sigma__single_APT_37to6_large_Lover2_sphere_bound,1.841066189913317e-15,9.999999703462143,C,6.0,573.15,MIS,0.8495909166663428,0.85,FROZEN_AFTER_AQ_AND_6H_BEFORE_48H_COMPARISON
upper_1sigma__single_APT_37to6_large_Lover2_sphere_bound,1.841066189913317e-15,9.999999703462143,A,48.0,303.15,M0,1.4107679411245797,1.5171687885490504,FROZEN_AFTER_AQ_AND_6H_BEFORE_48H_COMPARISON
upper_1sigma__single_APT_37to6_large_Lover2_sphere_bound,1.841066189913317e-15,9.999999703462143,B,48.0,303.15,M0,1.408229905233982,1.5171687885490504,FROZEN_AFTER_AQ_AND_6H_BEFORE_48H_COMPARISON
upper_1sigma__single_APT_37to6_large_Lover2_sphere_bound,1.841066189913317e-15,9.999999703462143,C,48.0,303.15,M0,1.4124941354772933,1.5171687885490504,FROZEN_AFTER_AQ_AND_6H_BEFORE_48H_COMPARISON
upper_1sigma__single_APT_37to6_large_Lover2_sphere_bound,1.841066189913317e-15,9.999999703462143,A,48.0,303.15,MI,1.3044120791549312,1.5171687885490504,FROZEN_AFTER_AQ_AND_6H_BEFORE_48H_COMPARISON
upper_1sigma__single_APT_37to6_large_Lover2_sphere_bound,1.841066189913317e-15,9.999999703462143,B,48.0,303.15,MI,1.29253395856722,1.5171687885490504,FROZEN_AFTER_AQ_AND_6H_BEFORE_48H_COMPARISON
upper_1sigma__single_APT_37to6_large_Lover2_sphere_bound,1.841066189913317e-15,9.999999703462143,C,48.0,303.15,MI,1.3161311445916977,1.5171687885490504,FROZEN_AFTER_AQ_AND_6H_BEFORE_48H_COMPARISON
upper_1sigma__single_APT_37to6_large_Lover2_sphere_bound,1.841066189913317e-15,9.999999703462143,A,48.0,303.15,MS,1.410416347667737,1.5171687885490504,FROZEN_AFTER_AQ_AND_6H_BEFORE_48H_COMPARISON
upper_1sigma__single_APT_37to6_large_Lover2_sphere_bound,1.841066189913317e-15,9.999999703462143,B,48.0,303.15,MS,1.4078742649688116,1.5171687885490504,FROZEN_AFTER_AQ_AND_6H_BEFORE_48H_COMPARISON
upper_1sigma__single_APT_37to6_large_Lover2_sphere_bound,1.841066189913317e-15,9.999999703462143,C,48.0,303.15,MS,1.4121649130299698,1.5171687885490504,FROZEN_AFTER_AQ_AND_6H_BEFORE_48H_COMPARISON
upper_1sigma__single_APT_37to6_large_Lover2_sphere_bound,1.841066189913317e-15,9.999999703462143,A,48.0,303.15,MIS,1.3042663534029135,1.5171687885490504,FROZEN_AFTER_AQ_AND_6H_BEFORE_48H_COMPARISON
upper_1sigma__single_APT_37to6_large_Lover2_sphere_bound,1.841066189913317e-15,9.999999703462143,B,48.0,303.15,MIS,1.292394461859269,1.5171687885490504,FROZEN_AFTER_AQ_AND_6H_BEFORE_48H_COMPARISON
upper_1sigma__single_APT_37to6_large_Lover2_sphere_bound,1.841066189913317e-15,9.999999703462143,C,48.0,303.15,MIS,1.3159844758600907,1.5171687885490504,FROZEN_AFTER_AQ_AND_6H_BEFORE_48H_COMPARISON
upper_1sigma__single_APT_37to6_large_Lover2_sphere_bound,1.841066189913317e-15,9.999999703462143,A,48.0,323.15,M0,1.364341202465013,1.3578335586176062,FROZEN_AFTER_AQ_AND_6H_BEFORE_48H_COMPARISON
upper_1sigma__single_APT_37to6_large_Lover2_sphere_bound,1.841066189913317e-15,9.999999703462143,B,48.0,323.15,M0,1.3619772502166763,1.3578335586176062,FROZEN_AFTER_AQ_AND_6H_BEFORE_48H_COMPARISON
upper_1sigma__single_APT_37to6_large_Lover2_sphere_bound,1.841066189913317e-15,9.999999703462143,C,48.0,323.15,M0,1.365933436266749,1.3578335586176062,FROZEN_AFTER_AQ_AND_6H_BEFORE_48H_COMPARISON
upper_1sigma__single_APT_37to6_large_Lover2_sphere_bound,1.841066189913317e-15,9.999999703462143,A,48.0,323.15,MI,1.2642551399226833,1.3578335586176062,FROZEN_AFTER_AQ_AND_6H_BEFORE_48H_COMPARISON
upper_1sigma__single_APT_37to6_large_Lover2_sphere_bound,1.841066189913317e-15,9.999999703462143,B,48.0,323.15,MI,1.2530754405510804,1.3578335586176062,FROZEN_AFTER_AQ_AND_6H_BEFORE_48H_COMPARISON
upper_1sigma__single_APT_37to6_large_Lover2_sphere_bound,1.841066189913317e-15,9.999999703462143,C,48.0,323.15,MI,1.2752756429926186,1.3578335586176062,FROZEN_AFTER_AQ_AND_6H_BEFORE_48H_COMPARISON
upper_1sigma__single_APT_37to6_large_Lover2_sphere_bound,1.841066189913317e-15,9.999999703462143,A,48.0,323.15,MS,1.3640087738703486,1.3578335586176062,FROZEN_AFTER_AQ_AND_6H_BEFORE_48H_COMPARISON
upper_1sigma__single_APT_37to6_large_Lover2_sphere_bound,1.841066189913317e-15,9.999999703462143,B,48.0,323.15,MS,1.361641384958975,1.3578335586176062,FROZEN_AFTER_AQ_AND_6H_BEFORE_48H_COMPARISON
upper_1sigma__single_APT_37to6_large_Lover2_sphere_bound,1.841066189913317e-15,9.999999703462143,C,48.0,323.15,MS,1.365621710766617,1.3578335586176062,FROZEN_AFTER_AQ_AND_6H_BEFORE_48H_COMPARISON
upper_1sigma__single_APT_37to6_large_Lover2_sphere_bound,1.841066189913317e-15,9.999999703462143,A,48.0,323.15,MIS,1.2641156917898568,1.3578335586176062,FROZEN_AFTER_AQ_AND_6H_BEFORE_48H_COMPARISON
upper_1sigma__single_APT_37to6_large_Lover2_sphere_bound,1.841066189913317e-15,9.999999703462143,B,48.0,323.15,MIS,1.2529419504530979,1.3578335586176062,FROZEN_AFTER_AQ_AND_6H_BEFORE_48H_COMPARISON
upper_1sigma__single_APT_37to6_large_Lover2_sphere_bound,1.841066189913317e-15,9.999999703462143,C,48.0,323.15,MIS,1.2751353108667034,1.3578335586176062,FROZEN_AFTER_AQ_AND_6H_BEFORE_48H_COMPARISON
upper_1sigma__single_APT_37to6_large_Lover2_sphere_bound,1.841066189913317e-15,9.999999703462143,A,48.0,373.15,M0,1.2603522800722455,1.1846276278662375,FROZEN_AFTER_AQ_AND_6H_BEFORE_48H_COMPARISON
upper_1sigma__single_APT_37to6_large_Lover2_sphere_bound,1.841066189913317e-15,9.999999703462143,B,48.0,373.15,M0,1.258353750048511,1.1846276278662375,FROZEN_AFTER_AQ_AND_6H_BEFORE_48H_COMPARISON
upper_1sigma__single_APT_37to6_large_Lover2_sphere_bound,1.841066189913317e-15,9.999999703462143,C,48.0,373.15,M0,1.2616682897572,1.1846276278662375,FROZEN_AFTER_AQ_AND_6H_BEFORE_48H_COMPARISON
upper_1sigma__single_APT_37to6_large_Lover2_sphere_bound,1.841066189913317e-15,9.999999703462143,A,48.0,373.15,MI,1.1736616489669103,1.1846276278662375,FROZEN_AFTER_AQ_AND_6H_BEFORE_48H_COMPARISON
upper_1sigma__single_APT_37to6_large_Lover2_sphere_bound,1.841066189913317e-15,9.999999703462143,B,48.0,373.15,MI,1.1639771018403686,1.1846276278662375,FROZEN_AFTER_AQ_AND_6H_BEFORE_48H_COMPARISON
upper_1sigma__single_APT_37to6_large_Lover2_sphere_bound,1.841066189913317e-15,9.999999703462143,C,48.0,373.15,MI,1.1831897350983647,1.1846276278662375,FROZEN_AFTER_AQ_AND_6H_BEFORE_48H_COMPARISON
upper_1sigma__single_APT_37to6_large_Lover2_sphere_bound,1.841066189913317e-15,9.999999703462143,A,48.0,373.15,MS,1.2600611710766547,1.1846276278662375,FROZEN_AFTER_AQ_AND_6H_BEFORE_48H_COMPARISON
upper_1sigma__single_APT_37to6_large_Lover2_sphere_bound,1.841066189913317e-15,9.999999703462143,B,48.0,373.15,MS,1.2580604223047818,1.1846276278662375,FROZEN_AFTER_AQ_AND_6H_BEFORE_48H_COMPARISON
upper_1sigma__single_APT_37to6_large_Lover2_sphere_bound,1.841066189913317e-15,9.999999703462143,C,48.0,373.15,MS,1.26139440051413,1.1846276278662375,FROZEN_AFTER_AQ_AND_6H_BEFORE_48H_COMPARISON
upper_1sigma__single_APT_37to6_large_Lover2_sphere_bound,1.841066189913317e-15,9.999999703462143,A,48.0,373.15,MIS,1.173536048698318,1.1846276278662375,FROZEN_AFTER_AQ_AND_6H_BEFORE_48H_COMPARISON
upper_1sigma__single_APT_37to6_large_Lover2_sphere_bound,1.841066189913317e-15,9.999999703462143,B,48.0,373.15,MIS,1.1638568678955714,1.1846276278662375,FROZEN_AFTER_AQ_AND_6H_BEFORE_48H_COMPARISON
upper_1sigma__single_APT_37to6_large_Lover2_sphere_bound,1.841066189913317e-15,9.999999703462143,C,48.0,373.15,MIS,1.1830633689953116,1.1846276278662375,FROZEN_AFTER_AQ_AND_6H_BEFORE_48H_COMPARISON
upper_1sigma__single_APT_37to6_large_Lover2_sphere_bound,1.841066189913317e-15,9.999999703462143,A,48.0,423.15,M0,1.170879023065552,1.0846874501637025,FROZEN_AFTER_AQ_AND_6H_BEFORE_48H_COMPARISON
upper_1sigma__single_APT_37to6_large_Lover2_sphere_bound,1.841066189913317e-15,9.999999703462143,B,48.0,423.15,M0,1.1691682739443419,1.0846874501637025,FROZEN_AFTER_AQ_AND_6H_BEFORE_48H_COMPARISON
upper_1sigma__single_APT_37to6_large_Lover2_sphere_bound,1.841066189913317e-15,9.999999703462143,C,48.0,423.15,M0,1.171982669900953,1.0846874501637025,FROZEN_AFTER_AQ_AND_6H_BEFORE_48H_COMPARISON
upper_1sigma__single_APT_37to6_large_Lover2_sphere_bound,1.841066189913317e-15,9.999999703462143,A,48.0,423.15,MI,1.0950056505860848,1.0846874501637025,FROZEN_AFTER_AQ_AND_6H_BEFORE_48H_COMPARISON
upper_1sigma__single_APT_37to6_large_Lover2_sphere_bound,1.841066189913317e-15,9.999999703462143,B,48.0,423.15,MI,1.0865308327053387,1.0846874501637025,FROZEN_AFTER_AQ_AND_6H_BEFORE_48H_COMPARISON
upper_1sigma__single_APT_37to6_large_Lover2_sphere_bound,1.841066189913317e-15,9.999999703462143,C,48.0,423.15,MI,1.1033293100376809,1.0846874501637025,FROZEN_AFTER_AQ_AND_6H_BEFORE_48H_COMPARISON
upper_1sigma__single_APT_37to6_large_Lover2_sphere_bound,1.841066189913317e-15,9.999999703462143,A,48.0,423.15,MS,1.170621701691902,1.0846874501637025,FROZEN_AFTER_AQ_AND_6H_BEFORE_48H_COMPARISON
upper_1sigma__single_APT_37to6_large_Lover2_sphere_bound,1.841066189913317e-15,9.999999703462143,B,48.0,423.15,MS,1.168909622664888,1.0846874501637025,FROZEN_AFTER_AQ_AND_6H_BEFORE_48H_COMPARISON
upper_1sigma__single_APT_37to6_large_Lover2_sphere_bound,1.841066189913317e-15,9.999999703462143,C,48.0,423.15,MS,1.1717398443082676,1.0846874501637025,FROZEN_AFTER_AQ_AND_6H_BEFORE_48H_COMPARISON
upper_1sigma__single_APT_37to6_large_Lover2_sphere_bound,1.841066189913317e-15,9.999999703462143,A,48.0,423.15,MIS,1.094891732994372,1.0846874501637025,FROZEN_AFTER_AQ_AND_6H_BEFORE_48H_COMPARISON
upper_1sigma__single_APT_37to6_large_Lover2_sphere_bound,1.841066189913317e-15,9.999999703462143,B,48.0,423.15,MIS,1.086421788084413,1.0846874501637025,FROZEN_AFTER_AQ_AND_6H_BEFORE_48H_COMPARISON
upper_1sigma__single_APT_37to6_large_Lover2_sphere_bound,1.841066189913317e-15,9.999999703462143,C,48.0,423.15,MIS,1.103214714393324,1.0846874501637025,FROZEN_AFTER_AQ_AND_6H_BEFORE_48H_COMPARISON
upper_1sigma__single_APT_37to6_large_Lover2_sphere_bound,1.841066189913317e-15,9.999999703462143,A,48.0,473.15,M0,1.0931597823450265,1.08433179116832,FROZEN_AFTER_AQ_AND_6H_BEFORE_48H_COMPARISON
upper_1sigma__single_APT_37to6_large_Lover2_sphere_bound,1.841066189913317e-15,9.999999703462143,B,48.0,473.15,M0,1.0916793998357621,1.08433179116832,FROZEN_AFTER_AQ_AND_6H_BEFORE_48H_COMPARISON
upper_1sigma__single_APT_37to6_large_Lover2_sphere_bound,1.841066189913317e-15,9.999999703462143,C,48.0,473.15,M0,1.094097109211791,1.08433179116832,FROZEN_AFTER_AQ_AND_6H_BEFORE_48H_COMPARISON
upper_1sigma__single_APT_37to6_large_Lover2_sphere_bound,1.841066189913317e-15,9.999999703462143,A,48.0,473.15,MI,1.0261531714263674,1.08433179116832,FROZEN_AFTER_AQ_AND_6H_BEFORE_48H_COMPARISON
upper_1sigma__single_APT_37to6_large_Lover2_sphere_bound,1.841066189913317e-15,9.999999703462143,B,48.0,473.15,MI,1.0186710615124615,1.08433179116832,FROZEN_AFTER_AQ_AND_6H_BEFORE_48H_COMPARISON
upper_1sigma__single_APT_37to6_large_Lover2_sphere_bound,1.841066189913317e-15,9.999999703462143,C,48.0,473.15,MI,1.0334906367343795,1.08433179116832,FROZEN_AFTER_AQ_AND_6H_BEFORE_48H_COMPARISON
upper_1sigma__single_APT_37to6_large_Lover2_sphere_bound,1.841066189913317e-15,9.999999703462143,A,48.0,473.15,MS,1.0929304778157451,1.08433179116832,FROZEN_AFTER_AQ_AND_6H_BEFORE_48H_COMPARISON
upper_1sigma__single_APT_37to6_large_Lover2_sphere_bound,1.841066189913317e-15,9.999999703462143,B,48.0,473.15,MS,1.0914494221880866,1.08433179116832,FROZEN_AFTER_AQ_AND_6H_BEFORE_48H_COMPARISON
upper_1sigma__single_APT_37to6_large_Lover2_sphere_bound,1.841066189913317e-15,9.999999703462143,C,48.0,473.15,MS,1.0938801354190704,1.08433179116832,FROZEN_AFTER_AQ_AND_6H_BEFORE_48H_COMPARISON
upper_1sigma__single_APT_37to6_large_Lover2_sphere_bound,1.841066189913317e-15,9.999999703462143,A,48.0,473.15,MIS,1.0260492246418471,1.08433179116832,FROZEN_AFTER_AQ_AND_6H_BEFORE_48H_COMPARISON
upper_1sigma__single_APT_37to6_large_Lover2_sphere_bound,1.841066189913317e-15,9.999999703462143,B,48.0,473.15,MIS,1.018571570247319,1.08433179116832,FROZEN_AFTER_AQ_AND_6H_BEFORE_48H_COMPARISON
upper_1sigma__single_APT_37to6_large_Lover2_sphere_bound,1.841066189913317e-15,9.999999703462143,C,48.0,473.15,MIS,1.0333860790091338,1.08433179116832,FROZEN_AFTER_AQ_AND_6H_BEFORE_48H_COMPARISON
upper_1sigma__single_APT_37to6_large_Lover2_sphere_bound,1.841066189913317e-15,9.999999703462143,A,48.0,523.15,M0,1.0250592625383412,1.0405857347362493,FROZEN_AFTER_AQ_AND_6H_BEFORE_48H_COMPARISON
upper_1sigma__single_APT_37to6_large_Lover2_sphere_bound,1.841066189913317e-15,9.999999703462143,B,48.0,523.15,M0,1.0237659954115157,1.0405857347362493,FROZEN_AFTER_AQ_AND_6H_BEFORE_48H_COMPARISON
upper_1sigma__single_APT_37to6_large_Lover2_sphere_bound,1.841066189913317e-15,9.999999703462143,C,48.0,523.15,M0,1.025864178268834,1.0405857347362493,FROZEN_AFTER_AQ_AND_6H_BEFORE_48H_COMPARISON
upper_1sigma__single_APT_37to6_large_Lover2_sphere_bound,1.841066189913317e-15,9.999999703462143,A,48.0,523.15,MI,0.9654160930025261,1.0405857347362493,FROZEN_AFTER_AQ_AND_6H_BEFORE_48H_COMPARISON
upper_1sigma__single_APT_37to6_large_Lover2_sphere_bound,1.841066189913317e-15,9.999999703462143,B,48.0,523.15,MI,0.9587588699062806,1.0405857347362493,FROZEN_AFTER_AQ_AND_6H_BEFORE_48H_COMPARISON
upper_1sigma__single_APT_37to6_large_Lover2_sphere_bound,1.841066189913317e-15,9.999999703462143,C,48.0,523.15,MI,0.9719356599430307,1.0405857347362493,FROZEN_AFTER_AQ_AND_6H_BEFORE_48H_COMPARISON
upper_1sigma__single_APT_37to6_large_Lover2_sphere_bound,1.841066189913317e-15,9.999999703462143,A,48.0,523.15,MS,1.0248534730860999,1.0405857347362493,FROZEN_AFTER_AQ_AND_6H_BEFORE_48H_COMPARISON
upper_1sigma__single_APT_37to6_large_Lover2_sphere_bound,1.841066189913317e-15,9.999999703462143,B,48.0,523.15,MS,1.023560022782921,1.0405857347362493,FROZEN_AFTER_AQ_AND_6H_BEFORE_48H_COMPARISON
upper_1sigma__single_APT_37to6_large_Lover2_sphere_bound,1.841066189913317e-15,9.999999703462143,C,48.0,523.15,MS,1.0256689741199883,1.0405857347362493,FROZEN_AFTER_AQ_AND_6H_BEFORE_48H_COMPARISON
upper_1sigma__single_APT_37to6_large_Lover2_sphere_bound,1.841066189913317e-15,9.999999703462143,A,48.0,523.15,MIS,0.9653207420164995,1.0405857347362493,FROZEN_AFTER_AQ_AND_6H_BEFORE_48H_COMPARISON
upper_1sigma__single_APT_37to6_large_Lover2_sphere_bound,1.841066189913317e-15,9.999999703462143,B,48.0,523.15,MIS,0.9586676167874195,1.0405857347362493,FROZEN_AFTER_AQ_AND_6H_BEFORE_48H_COMPARISON
upper_1sigma__single_APT_37to6_large_Lover2_sphere_bound,1.841066189913317e-15,9.999999703462143,C,48.0,523.15,MIS,0.971839750680972,1.0405857347362493,FROZEN_AFTER_AQ_AND_6H_BEFORE_48H_COMPARISON
upper_1sigma__single_APT_37to6_large_Lover2_sphere_bound,1.841066189913317e-15,9.999999703462143,A,48.0,573.15,M0,0.9649154546736894,1.03,FROZEN_AFTER_AQ_AND_6H_BEFORE_48H_COMPARISON
upper_1sigma__single_APT_37to6_large_Lover2_sphere_bound,1.841066189913317e-15,9.999999703462143,B,48.0,573.15,M0,0.963776155502233,1.03,FROZEN_AFTER_AQ_AND_6H_BEFORE_48H_COMPARISON
upper_1sigma__single_APT_37to6_large_Lover2_sphere_bound,1.841066189913317e-15,9.999999703462143,C,48.0,573.15,M0,0.9656134161930306,1.03,FROZEN_AFTER_AQ_AND_6H_BEFORE_48H_COMPARISON
upper_1sigma__single_APT_37to6_large_Lover2_sphere_bound,1.841066189913317e-15,9.999999703462143,A,48.0,573.15,MI,0.9114578165990082,1.03,FROZEN_AFTER_AQ_AND_6H_BEFORE_48H_COMPARISON
upper_1sigma__single_APT_37to6_large_Lover2_sphere_bound,1.841066189913317e-15,9.999999703462143,B,48.0,573.15,MI,0.9054936938256235,1.03,FROZEN_AFTER_AQ_AND_6H_BEFORE_48H_COMPARISON
upper_1sigma__single_APT_37to6_large_Lover2_sphere_bound,1.841066189913317e-15,9.999999703462143,C,48.0,573.15,MI,0.917291337940174,1.03,FROZEN_AFTER_AQ_AND_6H_BEFORE_48H_COMPARISON
upper_1sigma__single_APT_37to6_large_Lover2_sphere_bound,1.841066189913317e-15,9.999999703462143,A,48.0,573.15,MS,0.9647296128156324,1.03,FROZEN_AFTER_AQ_AND_6H_BEFORE_48H_COMPARISON
upper_1sigma__single_APT_37to6_large_Lover2_sphere_bound,1.841066189913317e-15,9.999999703462143,B,48.0,573.15,MS,0.9635904984312692,1.03,FROZEN_AFTER_AQ_AND_6H_BEFORE_48H_COMPARISON
upper_1sigma__single_APT_37to6_large_Lover2_sphere_bound,1.841066189913317e-15,9.999999703462143,C,48.0,573.15,MS,0.9654367347565348,1.03,FROZEN_AFTER_AQ_AND_6H_BEFORE_48H_COMPARISON
upper_1sigma__single_APT_37to6_large_Lover2_sphere_bound,1.841066189913317e-15,9.999999703462143,A,48.0,573.15,MIS,0.9113699415868872,1.03,FROZEN_AFTER_AQ_AND_6H_BEFORE_48H_COMPARISON
upper_1sigma__single_APT_37to6_large_Lover2_sphere_bound,1.841066189913317e-15,9.999999703462143,B,48.0,573.15,MIS,0.9054096069814905,1.03,FROZEN_AFTER_AQ_AND_6H_BEFORE_48H_COMPARISON
upper_1sigma__single_APT_37to6_large_Lover2_sphere_bound,1.841066189913317e-15,9.999999703462143,C,48.0,573.15,MIS,0.9172029469704046,1.03,FROZEN_AFTER_AQ_AND_6H_BEFORE_48H_COMPARISON
