scope,background_case_id,model,temperature_K,predicted_6h_mean_W_mK,predicted_48h_mean_W_mK,predicted_delta_W_mK,predicted_relative_change_percent,replicate_6h_min_W_mK,replicate_6h_max_W_mK,replicate_48h_min_W_mK,replicate_48h_max_W_mK,experiment_6h_W_mK,experiment_48h_W_mK
background_member_A_B_C_ensemble,lower_1sigma__zero_particle_scattering_limit,M0,303.15,1.1783860878408532,1.1756128761947189,-0.0027732116461343104,-0.23533981559606176,1.1783840658971834,1.1783875720541406,1.17409019317877,1.1769322144202088,1.2625169478550462,1.5171687885490504
background_member_A_B_C_ensemble,lower_1sigma__all_small_at_reported_max,M0,303.15,1.1792814333854096,1.1765048449410258,-0.0027765884443837763,-0.23544748232090068,1.1792794084424363,1.179282919800354,1.1749796459870117,1.1778264506459117,1.2625169478550462,1.5171687885490504
background_member_A_B_C_ensemble,lower_1sigma__single_APT_37to6_prolate_AR10,M0,303.15,1.1807721013150732,1.1779898892571723,-0.002782212057900857,-0.23562650699505824,1.1807700713738547,1.1807735913990094,1.1764604963248684,1.1793152751340203,1.2625169478550462,1.5171687885490504
background_member_A_B_C_ensemble,lower_1sigma__single_APT_37to6_prolate_AR5,M0,303.15,1.1860622500176954,1.1832600651171712,-0.002802184900524196,-0.23625951340095253,1.1860602022912907,1.1860637531569536,1.1817157362013553,1.1845989169850837,1.2625169478550462,1.5171687885490504
background_member_A_B_C_ensemble,lower_1sigma__single_APT_37to6_prolate_AR2,M0,303.15,1.2206674631781813,1.2177340657373161,-0.002933397440865182,-0.2403109388389582,1.220665297297921,1.220669053049003,1.2160900174155154,1.2191629669588957,1.2625169478550462,1.5171687885490504
background_member_A_B_C_ensemble,lower_1sigma__single_APT_37to6_large_Lover2_sphere_bound,M0,303.15,1.2992382980831672,1.2960040252408742,-0.00323427284229294,-0.248936076396811,1.299235852316517,1.2992400934064388,1.2941204446719121,1.2976501891962562,1.2625169478550462,1.5171687885490504
background_member_A_B_C_ensemble,central__zero_particle_scattering_limit,M0,303.15,1.1783860878408532,1.1756128761947189,-0.0027732116461343104,-0.23533981559606176,1.1783840658971834,1.1783875720541406,1.17409019317877,1.1769322144202088,1.2625169478550462,1.5171687885490504
background_member_A_B_C_ensemble,central__all_small_at_reported_max,M0,303.15,1.1799258494205256,1.1771468301248544,-0.002779019295671148,-0.23552491006413281,1.1799238223175277,1.179927337421049,1.1756198189064617,1.1784700692278447,1.2625169478550462,1.5171687885490504
background_member_A_B_C_ensemble,central__single_APT_37to6_prolate_AR10,M0,303.15,1.1824912429012369,1.1797025429037655,-0.0027886999974713333,-0.23583261307113537,1.182489207188435,1.182492737221838,1.178168305156528,1.1810322961404291,1.2625169478550462,1.5171687885490504
background_member_A_B_C_ensemble,central__single_APT_37to6_prolate_AR5,M0,303.15,1.1915728077876684,1.1887497926141333,-0.002823015173535115,-0.23691503826580781,1.1915707414568155,1.1915743245836339,1.1871898187072814,1.1901027558403945,1.2625169478550462,1.5171687885490504
background_member_A_B_C_ensemble,central__single_APT_37to6_prolate_AR2,M0,303.15,1.2481403818208916,1.2451021936941435,-0.0030381881267480537,-0.2434171805510924,1.2481381199055568,1.2481420421868732,1.2433764731242398,1.2466050270931024,1.2625169478550462,1.5171687885490504
background_member_A_B_C_ensemble,central__single_APT_37to6_large_Lover2_sphere_bound,M0,303.15,1.3604398250810756,1.3569692701280485,-0.0034705549530271718,-0.2551053629160219,1.3604371502063173,1.3604417885827922,1.3548863038830061,1.3587972201677119,1.2625169478550462,1.5171687885490504
background_member_A_B_C_ensemble,upper_1sigma__zero_particle_scattering_limit,M0,303.15,1.1783860878408532,1.1756128761947189,-0.0027732116461343104,-0.23533981559606176,1.1783840658971834,1.1783875720541406,1.17409019317877,1.1769322144202088,1.2625169478550462,1.5171687885490504
background_member_A_B_C_ensemble,upper_1sigma__all_small_at_reported_max,M0,303.15,1.1805707847217821,1.177789332253157,-0.0027814524686251563,-0.23560234630748075,1.1805687554559245,1.1805722743099656,1.176260506100526,1.179114207246001,1.2625169478550462,1.5171687885490504
background_member_A_B_C_ensemble,upper_1sigma__single_APT_37to6_prolate_AR10,M0,303.15,1.1842133078664336,1.1814181063390883,-0.002795201527345359,-0.23603868566393676,1.1842112663644384,1.184214806436627,1.1798790069127962,1.1827522427471735,1.2625169478550462,1.5171687885490504
background_member_A_B_C_ensemble,upper_1sigma__single_APT_37to6_prolate_AR5,M0,303.15,1.1970763900660666,1.1942325458579626,-0.0028438442081040183,-0.23756580880749528,1.1970743050746675,1.1970779205599191,1.192656858323647,1.1955996886153404,1.2625169478550462,1.5171687885490504
background_member_A_B_C_ensemble,upper_1sigma__single_APT_37to6_prolate_AR2,M0,303.15,1.2738314436114238,1.2706948381953787,-0.003136605416045102,-0.24623394498353335,1.2738290901078513,1.2738331712083553,1.2688907210315052,1.2722687836109454,1.2625169478550462,1.5171687885490504
background_member_A_B_C_ensemble,upper_1sigma__single_APT_37to6_large_Lover2_sphere_bound,M0,303.15,1.4141759908236773,1.410497327278618,-0.003678663545059191,-0.26012770467956947,1.4141731068419519,1.4141781078219535,1.408229905233982,1.4124941354772933,1.2625169478550462,1.5171687885490504
nonprobabilistic_background_envelope,ALL_18_H2_MEMBERS,M0,303.15,1.1851377789420645,1.1823390857281297,-0.0027986932139347775,-0.23614909953244465,1.1783860878408532,1.4141759908236773,1.1756128761947189,1.410497327278618,1.2625169478550462,1.5171687885490504
background_member_A_B_C_ensemble,lower_1sigma__zero_particle_scattering_limit,M0,323.15,1.1460093123603592,1.1433628222676306,-0.0026464900927285484,-0.23093094132697306,1.1460073976795504,1.1460107178366192,1.1419296281016127,1.144601518479315,1.0882440401175293,1.3578335586176062
background_member_A_B_C_ensemble,lower_1sigma__all_small_at_reported_max,M0,323.15,1.1468554201380003,1.1442057708161848,-0.0026496493218155504,-0.23103603778554055,1.1468535026954285,1.1468568276415478,1.1427702789478913,1.145446532058833,1.0882440401175293,1.3578335586176062
background_member_A_B_C_ensemble,lower_1sigma__single_APT_37to6_prolate_AR10,M0,323.15,1.1482640306337613,1.1456091202100314,-0.002654910423729895,-0.23121079759544244,1.1482621085891762,1.1482654415154423,1.144169798521767,1.146853323777371,1.0882440401175293,1.3578335586176062
background_member_A_B_C_ensemble,lower_1sigma__single_APT_37to6_prolate_AR5,M0,323.15,1.1532621526170594,1.1505885586402675,-0.0026735939767918993,-0.23182881452623771,1.1532602142010167,1.153263575516302,1.1491356015595975,1.151845021248314,1.0882440401175293,1.3578335586176062
background_member_A_B_C_ensemble,lower_1sigma__single_APT_37to6_prolate_AR2,M0,323.15,1.1859256454150948,1.1831293756703476,-0.0027962697447472262,-0.23578794805204525,1.1859235983867478,1.185927148041831,1.1815855290129873,1.1844676804427827,1.0882440401175293,1.3578335586176062
background_member_A_B_C_ensemble,lower_1sigma__single_APT_37to6_large_Lover2_sphere_bound,M0,323.15,1.2598857485088333,1.2568085615541134,-0.0030771869547199238,-0.24424333383896113,1.2598834451987024,1.2598874392608126,1.2550473900574783,1.2583433969039706,1.0882440401175293,1.3578335586176062
background_member_A_B_C_ensemble,central__zero_particle_scattering_limit,M0,323.15,1.1460093123603592,1.1433628222676306,-0.0026464900927285484,-0.23093094132697306,1.1460073976795504,1.1460107178366192,1.1419296281016127,1.144601518479315,1.0882440401175293,1.3578335586176062
background_member_A_B_C_ensemble,central__all_small_at_reported_max,M0,323.15,1.1474643751602676,1.1448124516582923,-0.002651923501975295,-0.23111161961824725,1.1474624557288475,1.1474657841237408,1.1433753048261808,1.1460547003686876,1.0882440401175293,1.3578335586176062
background_member_A_B_C_ensemble,central__single_APT_37to6_prolate_AR10,M0,323.15,1.149888412112154,1.1472274322534226,-0.0026609798587313716,-0.23141200752198152,1.1498864847541104,1.1498898268942097,1.1457836869903415,1.1484756123253084,1.0882440401175293,1.3578335586176062
background_member_A_B_C_ensemble,central__single_APT_37to6_prolate_AR5,M0,323.15,1.1584671603338526,1.1557740836665673,-0.0026930766672852435,-0.23246896929811459,1.1584652047985735,1.158468595799568,1.1543068501204656,1.1570433870901853,1.0882440401175293,1.3578335586176062
background_member_A_B_C_ensemble,central__single_APT_37to6_prolate_AR2,M0,323.15,1.211818247924434,1.2089240826337988,-0.002894165290635131,-0.23882833053489425,1.2118161128041907,1.211819815215559,1.2073059807941842,1.2103294089280823,1.0882440401175293,1.3578335586176062
background_member_A_B_C_ensemble,central__single_APT_37to6_large_Lover2_sphere_bound,M0,323.15,1.3173020691898112,1.3140045664183886,-0.0032975027714226,-0.2503224468060454,1.3172995570926198,1.3173039132033444,1.312063505763456,1.3157028944339164,1.0882440401175293,1.3578335586176062
background_member_A_B_C_ensemble,upper_1sigma__zero_particle_scattering_limit,M0,323.15,1.1460093123603592,1.1433628222676306,-0.0026464900927285484,-0.23093094132697306,1.1460073976795504,1.1460107178366192,1.1419296281016127,1.144601518479315,1.0882440401175293,1.3578335586176062
background_member_A_B_C_ensemble,upper_1sigma__all_small_at_reported_max,M0,323.15,1.14807380191806,1.1454196021056395,-0.0026541998124205435,-0.23118721183135038,1.1480718804952699,1.1480752123433096,1.143980797957423,1.1466633404733242,1.0882440401175293,1.3578335586176062
background_member_A_B_C_ensemble,upper_1sigma__single_APT_37to6_prolate_AR10,M0,323.15,1.1515154207595952,1.1488483590478769,-0.002667061711718377,-0.23161319975715602,1.1515134880725117,1.1515168394534632,1.1474001754256928,1.1501005294518203,1.0882440401175293,1.3578335586176062
background_member_A_B_C_ensemble,upper_1sigma__single_APT_37to6_prolate_AR5,M0,323.15,1.1636641984005405,1.1609516431582276,-0.002712555242312842,-0.2331046401566067,1.1636622257009073,1.163665646465849,1.159470076857479,1.1622338435446222,1.0882440401175293,1.3578335586176062
background_member_A_B_C_ensemble,upper_1sigma__single_APT_37to6_prolate_AR2,M0,323.15,1.2360004746581896,1.2330144242295136,-0.002986050428676057,-0.24158974773062572,1.2359982556780886,1.2360021035071678,1.23132519750638,1.2344840736843086,1.0882440401175293,1.3578335586176062
background_member_A_B_C_ensemble,upper_1sigma__single_APT_37to6_large_Lover2_sphere_bound,M0,323.15,1.367575368615406,1.3640839629828128,-0.003491405632593203,-0.2552989555616271,1.3675726667034755,1.3675773519638137,1.3619772502166763,1.365933436266749,1.0882440401175293,1.3578335586176062
nonprobabilistic_background_envelope,ALL_18_H2_MEMBERS,M0,323.15,1.1523887866883273,1.149718458844072,-0.002670327844255138,-0.23172100714169686,1.1460093123603592,1.367575368615406,1.1433628222676306,1.3640839629828128,1.0882440401175293,1.3578335586176062
background_member_A_B_C_ensemble,lower_1sigma__zero_particle_scattering_limit,M0,373.15,1.072065789883827,1.0697007605434445,-0.0023650293403825184,-0.22060486984094527,1.0720641095966505,1.0720670233020293,1.0684605150389275,1.0707664443612692,0.9630520737428236,1.1846276278662375
background_member_A_B_C_ensemble,lower_1sigma__all_small_at_reported_max,M0,373.15,1.0728050341578792,1.07043731635555,-0.002367717802329139,-0.22070345747284162,1.0728033516034636,1.0728062692403595,1.0691952200588364,1.0715046526791394,0.9630520737428236,1.1846276278662375
background_member_A_B_C_ensemble,lower_1sigma__single_APT_37to6_prolate_AR10,M0,373.15,1.0740355764033094,1.071663381862859,-0.0023721945404504563,-0.2208674081723041,1.0740338900716258,1.074036814258512,1.07041820132647,1.072733472231748,0.9630520737428236,1.1846276278662375
background_member_A_B_C_ensemble,lower_1sigma__single_APT_37to6_prolate_AR5,M0,373.15,1.0784002466928135,1.0760121579925825,-0.0023880887002309947,-0.22144734365136426,1.0783985469307873,1.0784014944066258,1.074756003334497,1.0770920500186985,0.9630520737428236,1.1846276278662375
background_member_A_B_C_ensemble,lower_1sigma__single_APT_37to6_prolate_AR2,M0,373.15,1.1068619864765916,1.1043696838564954,-0.002492302620096254,-0.22516832726633368,1.1068601978920594,1.106863299391017,1.1030406443199379,1.1055147672923364,0.9630520737428236,1.1846276278662375
background_member_A_B_C_ensemble,lower_1sigma__single_APT_37to6_large_Lover2_sphere_bound,M0,373.15,1.1709126209506107,1.1681825450472951,-0.002730075903315532,-0.23315795341748966,1.1709106246213081,1.1709140863612206,1.1666810176423672,1.1694825194104854,0.9630520737428236,1.1846276278662375
background_member_A_B_C_ensemble,central__zero_particle_scattering_limit,M0,373.15,1.072065789883827,1.0697007605434445,-0.0023650293403825184,-0.22060486984094527,1.0720641095966505,1.0720670233020293,1.0684605150389275,1.0707664443612692,0.9630520737428236,1.1846276278662375
background_member_A_B_C_ensemble,central__all_small_at_reported_max,M0,373.15,1.0733370332899679,1.0709673802993176,-0.002369652990650284,-0.22077436230695202,1.0733353491030255,1.0733382695708127,1.0697239511207346,1.0720359067717387,0.9630520737428236,1.1846276278662375
background_member_A_B_C_ensemble,central__single_APT_37to6_prolate_AR10,M0,373.15,1.0754543640685064,1.0730770055720618,-0.0023773584964446037,-0.22105619502541404,1.075452673376704,1.0754556051242754,1.0718282636705168,1.0741502764016724,0.9630520737428236,1.1846276278662375
background_member_A_B_C_ensemble,central__single_APT_37to6_prolate_AR5,M0,373.15,1.082942899805506,1.0805382435564088,-0.002404656249097137,-0.22204829539295262,1.0829411860115388,1.0829441578195345,1.0792706100880514,1.081628392008248,0.9630520737428236,1.1846276278662375
background_member_A_B_C_ensemble,central__single_APT_37to6_prolate_AR2,M0,373.15,1.1293476088877155,1.1267723161757166,-0.0025752927119988556,-0.2280336622428624,1.1293457486089382,1.1293489744296816,1.1253840646180817,1.1279704770855135,0.9630520737428236,1.1846276278662375
background_member_A_B_C_ensemble,central__single_APT_37to6_large_Lover2_sphere_bound,M0,373.15,1.2202611052862633,1.217345262462505,-0.002915842823758341,-0.23895236938444483,1.2202589415219411,1.220262693603541,1.21570274243899,1.2187724315620923,0.9630520737428236,1.1846276278662375
background_member_A_B_C_ensemble,upper_1sigma__zero_particle_scattering_limit,M0,373.15,1.072065789883827,1.0697007605434445,-0.0023650293403825184,-0.22060486984094527,1.0720641095966505,1.0720670233020293,1.0684605150389275,1.0707664443612692,0.9630520737428236,1.1846276278662375
background_member_A_B_C_ensemble,upper_1sigma__all_small_at_reported_max,M0,373.15,1.073869407000533,1.0714978170998337,-0.0023715899006993,-0.22084528018388022,1.0738677211791583,1.0738706444811408,1.0702530533012178,1.0725675353289004,0.9630520737428236,1.1846276278662375
background_member_A_B_C_ensemble,upper_1sigma__single_APT_37to6_prolate_AR10,M0,373.15,1.0768751790236697,1.074492646651345,-0.002382532372324775,-0.22124498908822995,1.0768734839601386,1.0768764232885282,1.0732403325986712,1.0755691079717578,0.9630520737428236,1.1846276278662375
background_member_A_B_C_ensemble,upper_1sigma__single_APT_37to6_prolate_AR5,M0,373.15,1.0874758689158852,1.0850546551062765,-0.002421213809608691,-0.2226452906971096,1.0874741410650857,1.0874771372484024,1.083775509084722,1.086155094207994,0.9630520737428236,1.1846276278662375
background_member_A_B_C_ensemble,upper_1sigma__single_APT_37to6_prolate_AR2,M0,373.15,1.1502873019035351,1.1476342435370153,-0.002653058366519856,-0.23064310647691957,1.1502853736553913,1.1502887173387868,1.1461895480271476,1.1488830930889475,0.9630520737428236,1.1846276278662375
background_member_A_B_C_ensemble,upper_1sigma__single_APT_37to6_large_Lover2_sphere_bound,M0,373.15,1.2632037046353435,1.2601247732926522,-0.0030789313426913267,-0.24373989178413152,1.2632013899816048,1.2632054037139455,1.258353750048511,1.2616682897572,0.9630520737428236,1.1846276278662375
nonprobabilistic_background_envelope,ALL_18_H2_MEMBERS,M0,373.15,1.0776377128582415,1.0752524023219636,-0.002385310536277885,-0.2213461663697971,1.072065789883827,1.2632037046353435,1.0697007605434445,1.2601247732926522,0.9630520737428236,1.1846276278662375
background_member_A_B_C_ensemble,lower_1sigma__zero_particle_scattering_limit,M0,423.15,1.0068542505305607,1.0047284944698733,-0.0021257560606873227,-0.21112847858239245,1.0068527647123668,1.0068553411978025,1.0036454928769496,1.005654114515272,0.8755599608786824,1.0846874501637025
background_member_A_B_C_ensemble,lower_1sigma__all_small_at_reported_max,M0,423.15,1.0075055382287126,1.005377478341905,-0.002128059886807643,-0.21122066391307068,1.0075040505271597,1.0075066302784421,1.0042929652981292,1.0063044397777472,0.8755599608786824,1.0846874501637025
background_member_A_B_C_ensemble,lower_1sigma__single_APT_37to6_prolate_AR10,M0,423.15,1.008589544575146,1.006457648766158,-0.0021318958089879825,-0.21137397472090722,1.0085880537363918,1.008590638927752,1.0053706174521675,1.0073868453097041,0.8755599608786824,1.0846874501637025
background_member_A_B_C_ensemble,lower_1sigma__single_APT_37to6_prolate_AR5,M0,423.15,1.0124332123362039,1.0102877008598858,-0.0021455114763180294,-0.2119163466958212,1.0124317103480958,1.0124343148730417,1.0091917140321436,1.011224847744628,0.8755599608786824,1.0846874501637025
background_member_A_B_C_ensemble,lower_1sigma__single_APT_37to6_prolate_AR2,M0,423.15,1.037449899145816,1.0352152395206102,-0.0022346596252058593,-0.21539928116487989,1.0374483236219927,1.037451055661876,1.0340599623681406,1.0362050920404913,0.8755599608786824,1.0846874501637025
background_member_A_B_C_ensemble,lower_1sigma__single_APT_37to6_large_Lover2_sphere_bound,M0,423.15,1.0934472314608403,1.091009935644271,-0.0024372958165692626,-0.2229001772049893,1.0934454852642699,1.0934485132600515,1.0897155903427511,1.0921238643821058,0.8755599608786824,1.0846874501637025
background_member_A_B_C_ensemble,central__zero_particle_scattering_limit,M0,423.15,1.0068542505305607,1.0047284944698733,-0.0021257560606873227,-0.21112847858239245,1.0068527647123668,1.0068553411978025,1.0036454928769496,1.005654114515272,0.8755599608786824,1.0846874501637025
background_member_A_B_C_ensemble,central__all_small_at_reported_max,M0,423.15,1.0079742046222488,1.0058444865057172,-0.0021297181165316204,-0.21128696615105932,1.0079727155647256,1.0079752976673342,1.0047588850958256,1.0067724139006797,0.8755599608786824,1.0846874501637025
background_member_A_B_C_ensemble,central__single_APT_37to6_prolate_AR10,M0,423.15,1.0098391876333006,1.0077028675707111,-0.0021363200625894585,-0.21155052098901245,1.0098376931740565,1.0098402846435426,1.00661292915507,1.0086346446109198,0.8755599608786824,1.0846874501637025
background_member_A_B_C_ensemble,central__single_APT_37to6_prolate_AR5,M0,423.15,1.0164315521058944,1.0142718536258215,-0.0021596984800729135,-0.21247849652033535,1.0164300384776266,1.0164326631872431,1.0131665074384089,1.0152173123795667,0.8755599608786824,1.0846874501637025
background_member_A_B_C_ensemble,central__single_APT_37to6_prolate_AR2,M0,423.15,1.0571555996702267,1.0548500979956996,-0.002305501674527033,-0.2180853674942667,1.0571539650410522,1.0571567995728453,1.0536468878210037,1.0558826464926812,0.8755599608786824,1.0846874501637025
background_member_A_B_C_ensemble,central__single_APT_37to6_large_Lover2_sphere_bound,M0,423.15,1.136309285497991,1.1337143324705308,-0.0025949530274602672,-0.22836678891724635,1.1363074030233784,1.1363106673328085,1.1323075380570793,1.1349290178994513,0.8755599608786824,1.0846874501637025
background_member_A_B_C_ensemble,upper_1sigma__zero_particle_scattering_limit,M0,423.15,1.0068542505305607,1.0047284944698733,-0.0021257560606873227,-0.21112847858239245,1.0068527647123668,1.0068553411978025,1.0036454928769496,1.005654114515272,0.8755599608786824,1.0846874501637025
background_member_A_B_C_ensemble,upper_1sigma__all_small_at_reported_max,M0,423.15,1.0084431720551101,1.0063117943113475,-0.002131377743762597,-0.21135328224981229,1.008441681640154,1.008444266096625,1.0052251032274275,1.0072406888682812,0.8755599608786824,1.0846874501637025
background_member_A_B_C_ensemble,upper_1sigma__single_APT_37to6_prolate_AR10,M0,423.15,1.011090410258854,1.008949657996184,-0.002140752262669965,-0.21172708602012166,1.0110889121703364,1.0110915099331803,1.007856804469446,1.009884022942199,0.8755599608786824,1.0846874501637025
background_member_A_B_C_ensemble,upper_1sigma__single_APT_37to6_prolate_AR5,M0,423.15,1.0204192698674641,1.0182453985121895,-0.0021738713552745814,-0.21303707402124344,1.0204177445871727,1.0204203895020318,1.017130673628804,1.0191991893695156,0.8755599608786824,1.0846874501637025
background_member_A_B_C_ensemble,upper_1sigma__single_APT_37to6_prolate_AR2,M0,423.15,1.0754604539057226,1.073088684500844,-0.0023717694048785987,-0.22053525039113278,1.0754587634429404,1.0754616947932698,1.0718399720098235,1.0741618324776774,0.8755599608786824,1.0846874501637025
background_member_A_B_C_ensemble,upper_1sigma__single_APT_37to6_large_Lover2_sphere_bound,M0,423.15,1.1734096078742517,1.1706766556369488,-0.0027329522373029658,-0.23290692516605355,1.1734076035150613,1.1734110791791175,1.1691682739443419,1.171982669900953,0.8755599608786824,1.0846874501637025
nonprobabilistic_background_envelope,ALL_18_H2_MEMBERS,M0,423.15,1.011761811297529,1.0096186794280348,-0.002143131869493997,-0.21182171635797142,1.0068542505305607,1.1734096078742517,1.0047284944698733,1.1706766556369488,0.8755599608786824,1.0846874501637025
background_member_A_B_C_ensemble,lower_1sigma__zero_particle_scattering_limit,M0,473.15,0.9489978041481457,0.9470771959871991,-0.0019206081609466352,-0.20238278239965388,0.9489964812106996,0.9489987752520455,0.9461237935810205,0.9478880701104067,0.8549317391464868,1.08433179116832
background_member_A_B_C_ensemble,lower_1sigma__all_small_at_reported_max,M0,473.15,0.9495758852515062,0.9476532899096899,-0.001922595341816269,-0.2024688465321597,0.9495745607329218,0.9495768575160467,0.9466986379658252,0.9484652667885717,0.8549317391464868,1.08433179116832
background_member_A_B_C_ensemble,lower_1sigma__single_APT_37to6_prolate_AR10,M0,473.15,0.9505379491782211,0.9486120454143562,-0.0019259037638649223,-0.20261198046116358,0.9505366220262397,0.9505389233758168,0.9476553119278068,0.9494258594567317,0.8549317391464868,1.08433179116832
background_member_A_B_C_ensemble,lower_1sigma__single_APT_37to6_prolate_AR5,M0,473.15,0.9539482571844258,0.9520106129250675,-0.0019376442593582732,-0.2031183813970395,0.9539469206774212,0.9539492382491123,0.9510464805241358,0.9528309586156983,0.8549317391464868,1.08433179116832
background_member_A_B_C_ensemble,lower_1sigma__single_APT_37to6_prolate_AR2,M0,473.15,0.9761072369438021,0.9740928281098585,-0.0020144088339435484,-0.20637167287588967,0.9761058388844123,0.9761082631912606,0.9730798468999369,0.9749563501929727,0.8549317391464868,1.08433179116832
background_member_A_B_C_ensemble,lower_1sigma__single_APT_37to6_large_Lover2_sphere_bound,M0,473.15,1.0254754111701199,1.0232871606400504,-0.0021882505300694355,-0.21338888346162585,1.0254738712144953,1.0254765415771128,1.0221604939403968,1.0242515086244672,0.8549317391464868,1.08433179116832
background_member_A_B_C_ensemble,central__zero_particle_scattering_limit,M0,473.15,0.9489978041481457,0.9470771959871991,-0.0019206081609466352,-0.20238278239965388,0.9489964812106996,0.9489987752520455,0.9461237935810205,0.9478880701104067,0.8549317391464868,1.08433179116832
background_member_A_B_C_ensemble,central__all_small_at_reported_max,M0,473.15,0.9499918451343167,0.9480678195529612,-0.0019240255813555152,-0.2025307471016746,0.9499905194774593,0.949992818234411,0.9471122679382226,0.948880590457632,0.8549317391464868,1.08433179116832
background_member_A_B_C_ensemble,central__single_APT_37to6_prolate_AR10,M0,473.15,0.9516468665757708,0.9497171473949483,-0.00192971918082252,-0.20277681234490508,0.9516455363853079,0.9516478430037754,0.948758011504986,0.9505330820050502,0.8549317391464868,1.08433179116832
background_member_A_B_C_ensemble,central__single_APT_37to6_prolate_AR5,M0,473.15,0.9574941826309405,0.9555443098491235,-0.0019498727818170192,-0.20364330323754917,0.9574928363634859,0.9574951708603234,0.9545724506997595,0.9563714788953097,0.8549317391464868,1.08433179116832
background_member_A_B_C_ensemble,central__single_APT_37to6_prolate_AR2,M0,473.15,0.9935166676428011,0.9914413843878824,-0.0020752832549186806,-0.20888258068608537,0.9935152202936623,0.993517730071603,0.9903890804708749,0.9923397284537754,0.8549317391464868,1.08433179116832
background_member_A_B_C_ensemble,central__single_APT_37to6_large_Lover2_sphere_bound,M0,473.15,1.0630476025992046,1.0607246671371806,-0.0023229354620240006,-0.21851659853653846,1.0630459502663285,1.0630488154972355,1.0595069404136592,1.061770096203605,0.8549317391464868,1.08433179116832
background_member_A_B_C_ensemble,upper_1sigma__zero_particle_scattering_limit,M0,473.15,0.9489978041481457,0.9470771959871991,-0.0019206081609466352,-0.20238278239965388,0.9489964812106996,0.9489987752520455,0.9461237935810205,0.9478880701104067,0.8549317391464868,1.08433179116832
background_member_A_B_C_ensemble,upper_1sigma__all_small_at_reported_max,M0,473.15,0.9504080495243638,0.9484825925632215,-0.0019254569611422134,-0.2025926613422327,0.9504067227280949,0.9504090234608473,0.9475261402775121,0.9492961584085154,0.8549317391464868,1.08433179116832
background_member_A_B_C_ensemble,upper_1sigma__single_APT_37to6_prolate_AR10,M0,473.15,0.9527570243352427,0.9508234833470595,-0.0019335409881832133,-0.2029416670564337,0.9527556910995622,0.9527580029986009,0.9498619390128904,0.9516415440861535,0.8549317391464868,1.08433179116832
background_member_A_B_C_ensemble,upper_1sigma__single_APT_37to6_prolate_AR5,M0,473.15,0.961029047830789,0.959066963380853,-0.0019620844499360635,-0.20416494739309202,0.9610276917994449,0.961030043227393,0.9580873674513349,0.9599009669798281,0.8549317391464868,1.08433179116832
background_member_A_B_C_ensemble,upper_1sigma__single_APT_37to6_prolate_AR2,M0,473.15,1.0096528872288004,1.0075207577936933,-0.0021321294351070996,-0.21117449987779133,1.0096513934652322,1.0096539837283116,1.0064312610406128,1.0084520895867128,0.8549317391464868,1.08433179116832
background_member_A_B_C_ensemble,upper_1sigma__single_APT_37to6_large_Lover2_sphere_bound,M0,473.15,1.0954192217971113,1.0929787637975268,-0.0024404579995844777,-0.22278758223547848,1.0954174696174452,1.0954205079881647,1.0916793998357621,1.094097109211791,0.8549317391464868,1.08433179116832
nonprobabilistic_background_envelope,ALL_18_H2_MEMBERS,M0,473.15,0.9533526407598343,0.9514170481360635,-0.0019355926237707433,-0.2030300242267366,0.9489978041481457,1.0954192217971113,0.9470771959871991,1.0929787637975268,0.8549317391464868,1.08433179116832
background_member_A_B_C_ensemble,lower_1sigma__zero_particle_scattering_limit,M0,523.15,0.8973598100723064,0.8956163835988421,-0.0017434264734642602,-0.19428399332078183,0.8973586248022085,0.8973606801209517,0.89477093386059,0.8963322049458656,0.8542204211557212,1.0405857347362493
background_member_A_B_C_ensemble,lower_1sigma__all_small_at_reported_max,M0,523.15,0.8978763366168784,0.8961311855143516,-0.0017451511025268207,-0.1943643051227301,0.8978751500066754,0.8978772076492322,0.8952846914130926,0.8968479237568683,0.8542204211557212,1.0405857347362493
background_member_A_B_C_ensemble,lower_1sigma__single_APT_37to6_prolate_AR10,M0,523.15,0.8987358820910547,0.896987859915298,-0.0017480221757567582,-0.19449787313372882,0.8987346932491861,0.8987367547615704,0.896139626318719,0.897706125449566,0.8542204211557212,1.0405857347362493
background_member_A_B_C_ensemble,lower_1sigma__single_APT_37to6_prolate_AR5,M0,523.15,0.90178200891231,0.9000238005697846,-0.0017582083425253803,-0.19497043910268894,0.9017808121454574,0.9017828874001873,0.8991693864722102,0.9007474937134311,0.8542204211557212,1.0405857347362493
background_member_A_B_C_ensemble,lower_1sigma__single_APT_37to6_prolate_AR2,M0,523.15,0.9215452423693292,0.9197205202178611,-0.0018247221514681167,-0.19800678985403733,0.9215439935710832,0.9215461590510329,0.9188254017922773,0.9204800004917817,0.8542204211557212,1.0405857347362493
background_member_A_B_C_ensemble,lower_1sigma__single_APT_37to6_large_Lover2_sphere_bound,M0,523.15,0.9653932616679483,0.9634184497173753,-0.001974811950572919,-0.2045603619773519,0.9653918936400323,0.9653942658706389,0.9624292511822536,0.9642609069904319,0.8542204211557212,1.0405857347362493
background_member_A_B_C_ensemble,central__zero_particle_scattering_limit,M0,523.15,0.8973598100723064,0.8956163835988421,-0.0017434264734642602,-0.19428399332078183,0.8973586248022085,0.8973606801209517,0.89477093386059,0.8963322049458656,0.8542204211557212,1.0405857347362493
background_member_A_B_C_ensemble,central__all_small_at_reported_max,M0,523.15,0.8982479832331368,0.8965015909227185,-0.0017463923104182877,-0.19442206862879405,0.8982467956582632,0.8982488549736106,0.8956543449486759,0.8972189892995885,0.8542204211557212,1.0405857347362493
background_member_A_B_C_ensemble,central__single_APT_37to6_prolate_AR10,M0,523.15,0.8997265127357079,0.897975179870551,-0.0017513328651569404,-0.1946516903044058,0.8997253213193328,0.8997273872960488,0.8971249390419009,0.8986952079373862,0.8542204211557212,1.0405857347362493
background_member_A_B_C_ensemble,central__single_APT_37to6_prolate_AR5,M0,523.15,0.9049479885082271,0.903179174416359,-0.0017688140918681317,-0.1954603042749402,0.9049467834777584,0.9049488730620402,0.9023183102757049,0.90390853365976,0.8542204211557212,1.0405857347362493
background_member_A_B_C_ensemble,central__single_APT_37to6_prolate_AR2,M0,523.15,0.9370367373076892,0.9351593751490563,-0.0018773621586328781,-0.20035096639081076,0.9370354469815214,0.9370376844731151,0.9342316142288934,0.9359476050622831,0.8542204211557212,1.0405857347362493
background_member_A_B_C_ensemble,central__single_APT_37to6_large_Lover2_sphere_bound,M0,523.15,0.9985962989866043,0.9965056825588627,-0.002090616427741554,-0.2093555153231745,0.9985948372132164,0.9985973720035396,0.9954417515163166,0.9974142968095449,0.8542204211557212,1.0405857347362493
background_member_A_B_C_ensemble,upper_1sigma__zero_particle_scattering_limit,M0,523.15,0.8973598100723064,0.8956163835988421,-0.0017434264734642602,-0.19428399332078183,0.8973586248022085,0.8973606801209517,0.89477093386059,0.8963322049458656,0.8542204211557212,1.0405857347362493
background_member_A_B_C_ensemble,upper_1sigma__all_small_at_reported_max,M0,523.15,0.8986198302916429,0.8968721958377651,-0.0017476344538778221,-0.19447984508762015,0.898618641751201,0.8986207027408952,0.89602419721523,0.8975902550550217,0.8542204211557212,1.0405857347362493
background_member_A_B_C_ensemble,upper_1sigma__single_APT_37to6_prolate_AR10,M0,523.15,0.9007181233172369,0.8989634746011036,-0.001754648716133289,-0.19480553024414876,0.9007169293211279,0.9007189997712403,0.8981112219215985,0.8996852694339786,0.8542204211557212,1.0405857347362493
background_member_A_B_C_ensemble,upper_1sigma__single_APT_37to6_prolate_AR5,M0,523.15,0.9081027925048852,0.9063233911608212,-0.0017794013440640688,-0.19594712831526684,0.9081015792127924,0.9081036831231721,0.9054560729884935,0.9070584218188663,0.8542204211557212,1.0405857347362493
background_member_A_B_C_ensemble,upper_1sigma__single_APT_37to6_prolate_AR2,M0,523.15,0.951367322941007,0.9494408855327877,-0.0019264374082192948,-0.20249144171401717,0.9513659936188792,0.9513682987315641,0.9484823492931523,0.9502562603427269,0.8542204211557212,1.0405857347362493
background_member_A_B_C_ensemble,upper_1sigma__single_APT_37to6_large_Lover2_sphere_bound,M0,523.15,1.0270878280530091,1.0248964787395636,-0.0021913493134455564,-0.2133555917607913,1.0270862834693177,1.0270889618572046,1.0237659954115157,1.025864178268834,0.8542204211557212,1.0405857347362493
nonprobabilistic_background_envelope,ALL_18_H2_MEMBERS,M0,523.15,0.9012500661147734,0.8994936375854441,-0.0017564285293293347,-0.19488798467341883,0.8973598100723064,1.0270878280530091,0.8956163835988421,1.0248964787395636,0.8542204211557212,1.0405857347362493
background_member_A_B_C_ensemble,lower_1sigma__zero_particle_scattering_limit,M0,573.15,0.8510107233037839,0.8494213276826817,-0.0015893956211021631,-0.18676563967746845,0.8510096553777318,0.8510115072156312,0.8486666809827658,0.8500576050168103,0.85,1.03
background_member_A_B_C_ensemble,lower_1sigma__all_small_at_reported_max,M0,573.15,0.8514750117627989,0.8498841107191261,-0.0015909010436728765,-0.18684060268301383,0.8514739426911575,0.8514757965155694,0.8491285825523479,0.8505211581826271,0.85,1.03
background_member_A_B_C_ensemble,lower_1sigma__single_APT_37to6_prolate_AR10,M0,573.15,0.8522475664634901,0.8506541594610546,-0.0015934070024354874,-0.18696527454428916,0.8522464954843295,0.8522483526164807,0.8498971633132184,0.8512924895698835,0.85,1.03
background_member_A_B_C_ensemble,lower_1sigma__single_APT_37to6_prolate_AR5,M0,573.15,0.854984784687162,0.8533824888117998,-0.001602295875362203,-0.18740636138320066,0.8549837069363383,0.8549855758109123,0.8526202788190405,0.8540253753523438,0.85,1.03
background_member_A_B_C_ensemble,lower_1sigma__single_APT_37to6_prolate_AR2,M0,573.15,0.8727202227093089,0.8710599566937282,-0.0016602660155807802,-0.19024035107454956,0.8727191005846615,0.8727210464058017,0.8702634839850605,0.8717328181049673,0.85,1.03
background_member_A_B_C_ensemble,lower_1sigma__single_APT_37to6_large_Lover2_sphere_bound,M0,573.15,0.9119237381644547,0.9101331058411523,-0.0017906323233024546,-0.196357683034624,0.9119225149010289,0.9119246361022036,0.9092579253375966,0.9108750287597289,0.85,1.03
background_member_A_B_C_ensemble,central__zero_particle_scattering_limit,M0,573.15,0.8510107233037839,0.8494213276826817,-0.0015893956211021631,-0.18676563967746845,0.8510096553777318,0.8510115072156312,0.8486666809827658,0.8500576050168103,0.85,1.03
background_member_A_B_C_ensemble,central__all_small_at_reported_max,M0,573.15,0.8518090551853899,0.8502170707490251,-0.0015919844363647684,-0.18689451898562934,0.8518079852891609,0.8518098405434512,0.8494609080380457,0.8508546726313034,0.85,1.03
background_member_A_B_C_ensemble,central__single_APT_37to6_prolate_AR10,M0,573.15,0.8531378436989464,0.8515415473231785,-0.0015962963757678583,-0.18710884619146684,0.8531367705195656,0.8531386314670152,0.8507828575485891,0.8521813573649548,0.85,1.03
background_member_A_B_C_ensemble,central__single_APT_37to6_prolate_AR5,M0,573.15,0.8578286708028604,0.8562171230773056,-0.0016115477255548294,-0.18786358866352032,0.8578275859947136,0.8578294671070602,0.855449475096029,0.8568647633307628,0.85,1.03
background_member_A_B_C_ensemble,central__single_APT_37to6_prolate_AR2,M0,573.15,0.8865936877372813,0.8848876305289757,-0.0017060572083056336,-0.192428305310829,0.8865925303011574,0.8865945373542772,0.8840637737748062,0.8855844883572925,0.85,1.03
background_member_A_B_C_ensemble,central__single_APT_37to6_large_Lover2_sphere_bound,M0,573.15,0.9414770530471964,0.9395862313330987,-0.0018908217140977124,-0.20083566646450438,0.9414757507729721,0.9414780089831061,0.9386489883754391,0.9403827988021422,0.85,1.03
background_member_A_B_C_ensemble,upper_1sigma__zero_particle_scattering_limit,M0,573.15,0.8510107233037839,0.8494213276826817,-0.0015893956211021631,-0.18676563967746845,0.8510096553777318,0.8510115072156312,0.8486666809827658,0.8500576050168103,0.85,1.03
background_member_A_B_C_ensemble,upper_1sigma__all_small_at_reported_max,M0,573.15,0.8521432642741993,0.8505501956731241,-0.0015930686010752204,-0.18694844726984888,0.8521421935526675,0.8521440502380767,0.8497933978085774,0.8511883525262255,0.85,1.03
background_member_A_B_C_ensemble,upper_1sigma__single_APT_37to6_prolate_AR10,M0,573.15,0.8540288985675663,0.8524297086305811,-0.001599189936985157,-0.18725243837385644,0.854027823183866,0.8540296879537226,0.8516693216547822,0.8530710018684,0.85,1.03
background_member_A_B_C_ensemble,upper_1sigma__single_APT_37to6_prolate_AR5,M0,573.15,0.8606614738996035,0.8590406936654049,-0.0016207802341985378,-0.18831797208894266,0.8606603820395861,0.8606622753802502,0.8582676076304255,0.8596930891094335,0.85,1.03
background_member_A_B_C_ensemble,upper_1sigma__single_APT_37to6_prolate_AR2,M0,573.15,0.8994052276813712,0.8976565476343364,-0.0017486800470347674,-0.19442627118621392,0.8994040371695746,0.8994061015776745,0.8968069469197559,0.8983759956019973,0.85,1.03
background_member_A_B_C_ensemble,upper_1sigma__single_APT_37to6_large_Lover2_sphere_bound,M0,573.15,0.9667460504977697,0.9647683421229843,-0.001977708374785392,-0.20457372168907084,0.9667446787874553,0.9667470574035061,0.963776155502233,0.9656134161930306,0.85,1.03
nonprobabilistic_background_envelope,ALL_18_H2_MEMBERS,M0,573.15,0.8545068416273641,0.8529060987211905,-0.00160074290617368,-0.18732939987852854,0.8510107233037839,0.9667460504977697,0.8494213276826817,0.9647683421229843,0.85,1.03
background_member_A_B_C_ensemble,lower_1sigma__zero_particle_scattering_limit,MI,303.15,1.1195641070159625,1.1515838699310443,0.032019762915081795,2.8600204949787003,1.1195621528099546,1.1195655418563104,1.1475725425435217,1.1554360614344115,1.2625169478550462,1.5171687885490504
background_member_A_B_C_ensemble,lower_1sigma__all_small_at_reported_max,MI,303.15,1.1195744165765233,1.15208694993502,0.032512533358496576,2.9040082443036366,1.1195724605879322,1.1195758527300572,1.1480353854904821,1.1559799148723444,1.2625169478550462,1.5171687885490504
background_member_A_B_C_ensemble,lower_1sigma__single_APT_37to6_prolate_AR10,MI,303.15,1.1195918199008943,1.1529231469548196,0.033331327053925275,2.9770963364912535,1.1195898609514396,1.1195932582356132,1.1488046010554989,1.1568839916822733,1.2625169478550462,1.5171687885490504
background_member_A_B_C_ensemble,lower_1sigma__single_APT_37to6_prolate_AR5,MI,303.15,1.119655858511329,1.1558769654818213,0.0362211069704923,3.2350214304823206,1.119653889123643,1.1196573045354943,1.1515208200475537,1.1600786493756359,1.2625169478550462,1.5171687885490504
background_member_A_B_C_ensemble,lower_1sigma__single_APT_37to6_prolate_AR2,MI,303.15,1.1201398938110998,1.17471644124377,0.054576547432670264,4.872297445543355,1.1201378586441633,1.1201413882893796,1.1688117937155087,1.1804894491417426,1.2625169478550462,1.5171687885490504
background_member_A_B_C_ensemble,lower_1sigma__single_APT_37to6_large_Lover2_sphere_bound,MI,303.15,1.121425566761949,1.2149646427728606,0.0935390760109116,8.341086451328218,1.1214233959834963,1.1214271611257933,1.2055930711208125,1.2242628916467713,1.2625169478550462,1.5171687885490504
background_member_A_B_C_ensemble,central__zero_particle_scattering_limit,MI,303.15,1.1195641070159625,1.1515838699310443,0.032019762915081795,2.8600204949787003,1.1195621528099546,1.1195655418563104,1.1475725425435217,1.1554360614344115,1.2625169478550462,1.5171687885490504
background_member_A_B_C_ensemble,central__all_small_at_reported_max,MI,303.15,1.1195819013304382,1.1524486485092937,0.032866747178855515,2.935626874621572,1.1195799440608023,1.1195833384276839,1.148368126363945,1.156370958691375,1.2625169478550462,1.5171687885490504
background_member_A_B_C_ensemble,central__single_APT_37to6_prolate_AR10,MI,303.15,1.1196122455197723,1.1538853777423939,0.034273132222621516,3.061160893851286,1.1196102831663943,1.1196136863620494,1.1496895997259866,1.1579244986919621,1.2625169478550462,1.5171687885490504
background_member_A_B_C_ensemble,central__single_APT_37to6_prolate_AR5,MI,303.15,1.1197260063014238,1.1589317315899714,0.0392057252885476,3.501367751388427,1.1197240261534256,1.11972746025214,1.154328290927904,1.1633841657699406,1.2625169478550462,1.5171687885490504
background_member_A_B_C_ensemble,central__single_APT_37to6_prolate_AR2,MI,303.15,1.1205732524522878,1.1891493873395478,0.06857613488726,6.11973690583694,1.1205711678673076,1.1205747833305442,1.1820243351433264,1.196162401541746,1.2625169478550462,1.5171687885490504
background_member_A_B_C_ensemble,central__single_APT_37to6_large_Lover2_sphere_bound,MI,303.15,1.1471529989247875,1.2579294022253114,0.11077640330052385,9.656637205704316,1.1471506811484302,1.1471547013394485,1.2468993027945041,1.268906859340108,1.2625169478550462,1.5171687885490504
background_member_A_B_C_ensemble,upper_1sigma__zero_particle_scattering_limit,MI,303.15,1.1195641070159625,1.1515838699310443,0.032019762915081795,2.8600204949787003,1.1195621528099546,1.1195655418563104,1.1475725425435217,1.1554360614344115,1.2625169478550462,1.5171687885490504
background_member_A_B_C_ensemble,upper_1sigma__all_small_at_reported_max,MI,303.15,1.119589450753973,1.1528103172891864,0.03322086653521339,2.9672364734091796,1.1195874922038822,1.119590888794493,1.1487008165296222,1.1567619951733201,1.2625169478550462,1.5171687885490504
background_member_A_B_C_ensemble,upper_1sigma__single_APT_37to6_prolate_AR10,MI,303.15,1.119633084639864,1.1548469894996625,0.03521390485979836,3.145129001893071,1.1196311188882049,1.1196345279855255,1.150573866356056,1.1589645099113204,1.2625169478550462,1.5171687885490504
background_member_A_B_C_ensemble,upper_1sigma__single_APT_37to6_prolate_AR5,MI,303.15,1.1197991620073642,1.161960908775801,0.04216174676843676,3.7651168351347177,1.1197971712245611,1.1198006237920337,1.1571107234664797,1.1666636138075568,1.2625169478550462,1.5171687885490504
background_member_A_B_C_ensemble,upper_1sigma__single_APT_37to6_prolate_AR2,MI,303.15,1.1209975903989486,1.2022841147412442,0.08128652434229555,7.251266643076968,1.1209954616036106,1.1209991538404585,1.1940257402921708,1.2104496087581196,1.2625169478550462,1.5171687885490504
background_member_A_B_C_ensemble,upper_1sigma__single_APT_37to6_large_Lover2_sphere_bound,MI,303.15,1.1861437423082002,1.304359060771283,0.11821531846308275,9.96635687956666,1.186141258082899,1.1861455669705971,1.29253395856722,1.3161311445916977,1.2625169478550462,1.5171687885490504
nonprobabilistic_background_envelope,ALL_18_H2_MEMBERS,MI,303.15,1.1196444715755964,1.1553619774907418,0.03571750591514533,3.1900752161876955,1.1195641070159625,1.1861437423082002,1.1515838699310443,1.304359060771283,1.2625169478550462,1.5171687885490504
background_member_A_B_C_ensemble,lower_1sigma__zero_particle_scattering_limit,MI,323.15,1.0901999639822035,1.1205649819707715,0.030365017988567944,2.785270500069804,1.0901981113951866,1.0902013242112696,1.1167710418878283,1.1242061123889235,1.0882440401175293,1.3578335586176062
background_member_A_B_C_ensemble,lower_1sigma__all_small_at_reported_max,MI,323.15,1.090206824248108,1.1210395467326728,0.030832722484564812,2.8281535025089823,1.0902049700125647,1.0902081856917305,1.1172075417022729,1.1247192491153293,1.0882440401175293,1.3578335586176062
background_member_A_B_C_ensemble,lower_1sigma__single_APT_37to6_prolate_AR10,MI,323.15,1.0902184439487574,1.121828301518637,0.03160985756987955,2.8994058709361994,1.090216586975148,1.0902198074096483,1.117932932983921,1.12557221655653,1.0882440401175293,1.3578335586176062
background_member_A_B_C_ensemble,lower_1sigma__single_APT_37to6_prolate_AR5,MI,323.15,1.0902615690177226,1.1246140801143094,0.03435251109658677,3.15085040808481,1.0902597023926142,1.090262939589251,1.1204939675615553,1.1285858013103096,1.0882440401175293,1.3578335586176062
background_member_A_B_C_ensemble,lower_1sigma__single_APT_37to6_prolate_AR2,MI,323.15,1.09059780500134,1.1423655072656498,0.05176770226430971,4.74672716439642,1.090595877601006,1.0905992203456814,1.136781609523343,1.1478225793558197,1.0882440401175293,1.3578335586176062
background_member_A_B_C_ensemble,lower_1sigma__single_APT_37to6_large_Lover2_sphere_bound,MI,323.15,1.091518513346379,1.1801995451720437,0.08868103182566478,8.124555904579791,1.091516460904339,1.0915200208010152,1.1713454919895745,1.1889817915846357,1.0882440401175293,1.3578335586176062
background_member_A_B_C_ensemble,central__zero_particle_scattering_limit,MI,323.15,1.0901999639822035,1.1205649819707715,0.030365017988567944,2.785270500069804,1.0901981113951866,1.0902013242112696,1.1167710418878283,1.1242061123889235,1.0882440401175293,1.3578335586176062
background_member_A_B_C_ensemble,central__all_small_at_reported_max,MI,323.15,1.0902118150534712,1.1213807310377462,0.03116891598427496,2.8589780035310137,1.0902099596332584,1.0902131773698998,1.1175213321091673,1.125088193646057,1.0882440401175293,1.3578335586176062
background_member_A_B_C_ensemble,central__single_APT_37to6_prolate_AR10,MI,323.15,1.0902321383140943,1.1227358693095242,0.032503730995429914,2.981358726563758,1.0902302781928959,1.0902335040939533,1.118767443598012,1.1265538284455419,1.0882440401175293,1.3578335586176062
background_member_A_B_C_ensemble,central__single_APT_37to6_prolate_AR5,MI,323.15,1.0903093466189877,1.1274943252480476,0.037184978629059895,3.410498015482418,1.090307470046672,1.0903107245188677,1.1231403350936422,1.1317031896074738,1.0882440401175293,1.3578335586176062
background_member_A_B_C_ensemble,central__single_APT_37to6_prolate_AR2,MI,323.15,1.0909057963270128,1.155946427279073,0.06504063095206014,5.962075842941382,1.09090382332074,1.0909072452670485,1.1492101927921485,1.162574346897565,1.0882440401175293,1.3578335586176062
background_member_A_B_C_ensemble,central__single_APT_37to6_large_Lover2_sphere_bound,MI,323.15,1.1157357011216156,1.2205931230438303,0.1048574219222147,9.398052049137146,1.1157335137308817,1.1157373077739312,1.2101914649682362,1.2309423016362768,1.0882440401175293,1.3578335586176062
background_member_A_B_C_ensemble,upper_1sigma__zero_particle_scattering_limit,MI,323.15,1.0901999639822035,1.1205649819707715,0.030365017988567944,2.785270500069804,1.0901981113951866,1.0902013242112696,1.1167710418878283,1.1242061123889235,1.0882440401175293,1.3578335586176062
background_member_A_B_C_ensemble,upper_1sigma__all_small_at_reported_max,MI,323.15,1.0902168589003964,1.12172187663064,0.03150501773024361,2.889793665640053,1.09021500229609,1.090218222089204,1.1178350645145787,1.1254571202105201,1.0882440401175293,1.3578335586176062
background_member_A_B_C_ensemble,upper_1sigma__single_APT_37to6_prolate_AR10,MI,323.15,1.090246170963104,1.1236427784572074,0.03339660749410345,3.0632171323841004,1.0902443076997466,1.090247539057915,1.1196011922819187,1.127534894628332,1.0882440401175293,1.3578335586176062
background_member_A_B_C_ensemble,upper_1sigma__single_APT_37to6_prolate_AR5,MI,323.15,1.0903596361651964,1.1303497079628795,0.0399900717976831,3.6676038319181097,1.0903577497637933,1.0903610213062764,1.1257624008933882,1.1347952218221982,1.0882440401175293,1.3578335586176062
background_member_A_B_C_ensemble,upper_1sigma__single_APT_37to6_prolate_AR2,MI,323.15,1.0912101028741785,1.1682923467832276,0.07708224390904905,7.063923226702107,1.0912080891064135,1.0912115818404569,1.1604871446337401,1.1760073096318027,1.0882440401175293,1.3578335586176062
background_member_A_B_C_ensemble,upper_1sigma__single_APT_37to6_large_Lover2_sphere_bound,MI,323.15,1.1525288727591123,1.264202074488794,0.11167320172968176,9.689405998336523,1.152526533112749,1.1525305912353467,1.2530754405510804,1.2752756429926186,1.0882440401175293,1.3578335586176062
nonprobabilistic_background_envelope,ALL_18_H2_MEMBERS,MI,323.15,1.0902538699904132,1.1241284292857583,0.03387455929534511,3.1070337702344553,1.0901999639822035,1.1525288727591123,1.1205649819707715,1.264202074488794,1.0882440401175293,1.3578335586176062
background_member_A_B_C_ensemble,lower_1sigma__zero_particle_scattering_limit,MI,373.15,1.022834569971149,1.049591125822144,0.026756555850995012,2.6159221282235046,1.0228329400862366,1.022835766686691,1.0462695399734807,1.052774347282266,0.9630520737428236,1.1846276278662375
background_member_A_B_C_ensemble,lower_1sigma__all_small_at_reported_max,MI,373.15,1.0228343418872434,1.0500038773425817,0.02716953545533829,2.656298712576219,1.0228327106349813,1.0228355396104503,1.0466489350956476,1.0532208984612148,0.9630520737428236,1.1846276278662375
background_member_A_B_C_ensemble,lower_1sigma__single_APT_37to6_prolate_AR10,MI,373.15,1.0228340777478337,1.05068980295826,0.02785572521042634,2.723386501920383,1.02283244422476,1.0228352771445015,1.0472793391112736,1.0539630880268203,0.9630520737428236,1.1846276278662375
background_member_A_B_C_ensemble,lower_1sigma__single_APT_37to6_prolate_AR5,MI,373.15,1.0228342460200566,1.0531114876349132,0.030277241614856676,2.960131784076281,1.02283260449495,1.0228354513136961,1.0495041354745076,1.0565843378089974,0.9630520737428236,1.1846276278662375
background_member_A_B_C_ensemble,lower_1sigma__single_APT_37to6_prolate_AR2,MI,373.15,1.0228673583833008,1.0685100522839928,0.04564269390069198,4.462229977974155,1.0228656665568154,1.0228686007436327,1.0636221234481291,1.073282321092119,0.9630520737428236,1.1846276278662375
background_member_A_B_C_ensemble,lower_1sigma__single_APT_37to6_large_Lover2_sphere_bound,MI,373.15,1.0230415423911616,1.1011503237277083,0.07810878133654664,7.6349569494492355,1.0230397475483115,1.0230428606579165,1.0934151676667043,1.1088177350639385,0.9630520737428236,1.1846276278662375
background_member_A_B_C_ensemble,central__zero_particle_scattering_limit,MI,373.15,1.022834569971149,1.049591125822144,0.026756555850995012,2.6159221282235046,1.0228329400862366,1.022835766686691,1.0462695399734807,1.052774347282266,0.9630520737428236,1.1846276278662375
background_member_A_B_C_ensemble,central__all_small_at_reported_max,MI,373.15,1.022834208055982,1.0503005958487301,0.027466387792748126,2.685321587449765,1.0228325758211785,1.0228354065032679,1.0469216493736022,1.0535419414518128,0.9630520737428236,1.1846276278662375
background_member_A_B_C_ensemble,central__single_APT_37to6_prolate_AR10,MI,373.15,1.0228339435495684,1.0514789103346036,0.028644966785035253,2.800549098481015,1.0228323074164216,1.0228351448697013,1.0480044371759358,1.0548170674746913,0.9630520737428236,1.1846276278662375
background_member_A_B_C_ensemble,central__single_APT_37to6_prolate_AR5,MI,373.15,1.0228360975868933,1.0556138025306494,0.03277770494375609,3.204590160738976,1.0228344478185445,1.0228373089551444,1.0518016317944485,1.0592943255471141,0.9630520737428236,1.1846276278662375
background_member_A_B_C_ensemble,central__single_APT_37to6_prolate_AR2,MI,373.15,1.0229186480405554,1.0802538652808458,0.05733521724029034,5.605061296919203,1.02291691856699,1.0229199181411968,1.0743603227386347,1.0860479002604055,0.9630520737428236,1.1846276278662375
background_member_A_B_C_ensemble,central__single_APT_37to6_large_Lover2_sphere_bound,MI,373.15,1.0439968013962861,1.1360277684798323,0.09203096708354619,8.815253740285412,1.0439948965107861,1.0439982005603803,1.1269780761115482,1.1450262216330493,0.9630520737428236,1.1846276278662375
background_member_A_B_C_ensemble,upper_1sigma__zero_particle_scattering_limit,MI,373.15,1.022834569971149,1.049591125822144,0.026756555850995012,2.6159221282235046,1.0228329400862366,1.022835766686691,1.0462695399734807,1.052774347282266,0.9630520737428236,1.1846276278662375
background_member_A_B_C_ensemble,upper_1sigma__all_small_at_reported_max,MI,373.15,1.0228341037157833,1.0505972592556192,0.027763155539835882,2.7143361214665247,1.022832470498973,1.022835302886753,1.0471942925863957,1.053862946577541,0.9630520737428236,1.1846276278662375
background_member_A_B_C_ensemble,upper_1sigma__single_APT_37to6_prolate_AR10,MI,373.15,1.0228339955083314,1.052267294017056,0.02943329850872467,2.8776222376238887,1.022832356770015,1.022835198748303,1.048728727903881,1.055670415273061,0.9630520737428236,1.1846276278662375
background_member_A_B_C_ensemble,upper_1sigma__single_APT_37to6_prolate_AR5,MI,373.15,1.0228394634264404,1.0580930347307096,0.035253571304269204,3.4466377730648188,1.0228378055166916,1.0228406807941501,1.0540766125842835,1.0619807216338364,0.9630520737428236,1.1846276278662375
background_member_A_B_C_ensemble,upper_1sigma__single_APT_37to6_prolate_AR2,MI,373.15,1.0229774482045044,1.090902997652724,0.0679255494482196,6.639985032655435,1.0229756851551035,1.0229787430449842,1.0840787980373228,1.0976434342535046,0.9630520737428236,1.1846276278662375
background_member_A_B_C_ensemble,upper_1sigma__single_APT_37to6_large_Lover2_sphere_bound,MI,373.15,1.0760398775826425,1.1736094953018812,0.09756961771923867,9.067472289078346,1.0760378495678038,1.0760413671797031,1.1639771018403686,1.1831897350983647,0.9630520737428236,1.1846276278662375
nonprobabilistic_background_envelope,ALL_18_H2_MEMBERS,MI,373.15,1.022834569971149,1.0526893908259847,0.029855270061790673,2.9188770108500846,1.0228339435495684,1.0760398775826425,1.049591125822144,1.1736094953018812,0.9630520737428236,1.1846276278662375
background_member_A_B_C_ensemble,lower_1sigma__zero_particle_scattering_limit,MI,423.15,0.9630860535476048,0.9868513818319987,0.023765328284393927,2.467622513777708,0.9630846091199822,0.9630871140957348,0.9839191854886561,0.9896578586410498,0.8755599608786824,1.0846874501637025
background_member_A_B_C_ensemble,lower_1sigma__all_small_at_reported_max,MI,423.15,0.9630805143670137,0.9872133778250457,0.024132863458032006,2.5057991619624214,0.9630790687924969,0.9630815757605694,0.9842516980190928,0.9900497287308951,0.8755599608786824,1.0846874501637025
background_member_A_B_C_ensemble,lower_1sigma__single_APT_37to6_prolate_AR10,MI,423.15,0.9630713467735733,0.9878148830582608,0.024743536284687506,2.569231902452699,0.9630698992945432,0.963072409571022,0.9848041309924762,0.9907009604244041,0.8755599608786824,1.0846874501637025
background_member_A_B_C_ensemble,lower_1sigma__single_APT_37to6_prolate_AR5,MI,423.15,0.9630393386962645,0.9899377925088819,0.026898453812617462,2.793079444608341,0.9630378845077741,0.9630404064394626,0.9867530521571997,0.9930002169672207,0.8755599608786824,1.0846874501637025
background_member_A_B_C_ensemble,lower_1sigma__single_APT_37to6_prolate_AR2,MI,423.15,0.9628456181783768,1.00341062268795,0.04056500450957323,4.213033091049302,0.9628441218778431,0.9628467169619802,0.9990955427913863,1.0076199845934595,0.8755599608786824,1.0846874501637025
background_member_A_B_C_ensemble,lower_1sigma__single_APT_37to6_large_Lover2_sphere_bound,MI,423.15,0.9624623102463495,1.0318287217942386,0.06936641154788903,7.207182121254616,0.9624607280494463,0.9624634723392429,1.0250104905130695,1.0385833449177124,0.8755599608786824,1.0846874501637025
background_member_A_B_C_ensemble,central__zero_particle_scattering_limit,MI,423.15,0.9630860535476048,0.9868513818319987,0.023765328284393927,2.467622513777708,0.9630846091199822,0.9630871140957348,0.9839191854886561,0.9896578586410498,0.8755599608786824,1.0846874501637025
background_member_A_B_C_ensemble,central__all_small_at_reported_max,MI,423.15,0.9630765410315387,0.9874735888263414,0.024397047794802673,2.5332407919178794,0.9630750946329442,0.9630776030325562,0.9844906926611046,0.990331438321396,0.8755599608786824,1.0846874501637025
background_member_A_B_C_ensemble,central__single_APT_37to6_prolate_AR10,MI,423.15,0.9630608533011497,0.9885067584216017,0.025445905120452084,2.6421907850609245,0.9630594036333466,0.9630619177120203,0.9854394368084655,0.9914501656266788,0.8755599608786824,1.0846874501637025
background_member_A_B_C_ensemble,central__single_APT_37to6_prolate_AR5,MI,423.15,0.9630068005627465,0.9921302028943065,0.029123402331560078,3.02421564567783,0.9630053394654661,0.9630078733985337,0.98876451778867,0.9953760870940374,0.8755599608786824,1.0846874501637025
background_member_A_B_C_ensemble,central__single_APT_37to6_prolate_AR2,MI,423.15,0.9627050320218814,1.0136566225680472,0.050951590546165826,5.292544325768906,0.962703504276263,0.9627061539821926,1.0084557400922876,1.018766003378272,0.8755599608786824,1.0846874501637025
background_member_A_B_C_ensemble,central__single_APT_37to6_large_Lover2_sphere_bound,MI,423.15,0.9807524755474049,1.062235180688422,0.08148270514101719,8.30818245914065,0.9807508024600707,0.9807537044642939,1.0542863500829116,1.0701346919984935,0.8755599608786824,1.0846874501637025
background_member_A_B_C_ensemble,upper_1sigma__zero_particle_scattering_limit,MI,423.15,0.9630860535476048,0.9868513818319987,0.023765328284393927,2.467622513777708,0.9630846091199822,0.9630871140957348,0.9839191854886561,0.9896578586410498,0.8755599608786824,1.0846874501637025
background_member_A_B_C_ensemble,upper_1sigma__all_small_at_reported_max,MI,423.15,0.9630725796870495,0.9877337344875721,0.024661154800522556,2.5606745868038523,0.9630711324648671,0.9630736422951658,0.9847296085233243,0.9906130971262217,0.8755599608786824,1.0846874501637025
background_member_A_B_C_ensemble,upper_1sigma__single_APT_37to6_prolate_AR10,MI,423.15,0.963050433122694,0.989197879389441,0.026147446266747032,2.715065106399865,0.9630489812705259,0.9630514991437279,0.9860739192364236,0.9921986928080535,0.8755599608786824,1.0846874501637025
background_member_A_B_C_ensemble,upper_1sigma__single_APT_37to6_prolate_AR5,MI,423.15,0.9629750392970108,0.9943012146849716,0.031326175387960786,3.2530620327219966,0.9629735713792094,0.9629761171602402,0.9907551410763373,0.997730053450411,0.8755599608786824,1.0846874501637025
background_member_A_B_C_ensemble,upper_1sigma__single_APT_37to6_prolate_AR2,MI,423.15,0.9625804945389174,1.022926645616214,0.060346151077296684,6.269205684061041,0.9625789388016361,0.9625816371301759,1.0169076171719795,1.0288680113875,0.8755599608786824,1.0846874501637025
background_member_A_B_C_ensemble,upper_1sigma__single_APT_37to6_large_Lover2_sphere_bound,MI,423.15,1.0089067713540734,1.0949552644430347,0.08604849308896134,8.528884484883969,1.008904997322361,1.0089080744107186,1.0865308327053387,1.1033293100376809,0.8755599608786824,1.0846874501637025
nonprobabilistic_background_envelope,ALL_18_H2_MEMBERS,MI,423.15,0.9630661000373615,0.9895678359491615,0.026522950039682247,2.754072275504103,0.9624623102463495,1.0089067713540734,0.9868513818319987,1.0949552644430347,0.8755599608786824,1.0846874501637025
background_member_A_B_C_ensemble,lower_1sigma__zero_particle_scattering_limit,MI,473.15,0.9098167895622549,0.9310747541058554,0.021257964543600516,2.3365104697428674,0.9098155009699411,0.9098177356921384,0.9284671184029785,0.9335677437651254,0.8549317391464868,1.08433179116832
background_member_A_B_C_ensemble,lower_1sigma__all_small_at_reported_max,MI,473.15,0.9098072873743638,0.9313946256890363,0.02158733831467252,2.3727374592670034,0.9098059978102919,0.9098082342207641,0.9287607309214091,0.9339142210789692,0.8549317391464868,1.08433179116832
background_member_A_B_C_ensemble,lower_1sigma__single_APT_37to6_prolate_AR10,MI,473.15,0.9097914761496663,0.9319260767123292,0.02213460056266292,2.4329311873022696,0.9097901849720426,0.9097924241857979,0.9292484784364772,0.9344899561675135,0.8549317391464868,1.08433179116832
background_member_A_B_C_ensemble,lower_1sigma__single_APT_37to6_prolate_AR5,MI,473.15,0.9097354574785638,0.9338011570612258,0.024065699582662026,2.6453513914212903,0.909734160617852,0.9097364097049964,0.930968627225493,0.9365220612676837,0.8549317391464868,1.08433179116832
background_member_A_B_C_ensemble,lower_1sigma__single_APT_37to6_prolate_AR2,MI,473.15,0.9093724379460427,0.9456803397071876,0.036307901761144845,3.9926327482666855,0.9093711054632156,0.9093734164363343,0.9418422261161282,0.9494215533738884,0.8549317391464868,1.08433179116832
background_member_A_B_C_ensemble,lower_1sigma__single_APT_37to6_large_Lover2_sphere_bound,MI,473.15,0.9085731847005559,0.9706253642431252,0.06205217954256925,6.8296292018589755,0.9085717798181093,0.9085742165673593,0.9645678763160155,0.9766232494199589,0.8549317391464868,1.08433179116832
background_member_A_B_C_ensemble,central__zero_particle_scattering_limit,MI,473.15,0.9098167895622549,0.9310747541058554,0.021257964543600516,2.3365104697428674,0.9098155009699411,0.9098177356921384,0.9284671184029785,0.9335677437651254,0.8549317391464868,1.08433179116832
background_member_A_B_C_ensemble,central__all_small_at_reported_max,MI,473.15,0.9098004490925513,0.9316245402529152,0.02182409116036388,2.3987777959586145,0.9097991588302792,0.909801396453761,0.928971749982632,0.9341632816061255,0.8549317391464868,1.08433179116832
background_member_A_B_C_ensemble,central__single_APT_37to6_prolate_AR10,MI,473.15,0.9097732526168602,0.932537282267961,0.022764029651100803,2.50216519177967,0.9097719595850596,0.9097742020201368,0.9298093066996486,0.9351522137076581,0.8549317391464868,1.08433179116832
background_member_A_B_C_ensemble,central__single_APT_37to6_prolate_AR5,MI,473.15,0.9096772553627197,0.9357366737987922,0.026059418436072512,2.8646883586950542,0.909675952652263,0.90967821190226,0.9327430553837042,0.938620898246908,0.8549317391464868,1.08433179116832
background_member_A_B_C_ensemble,central__single_APT_37to6_prolate_AR2,MI,473.15,0.9090886429470547,0.9546910796590105,0.04560243671195574,5.016280542689787,0.9090872839194984,0.909089641007628,0.9500662941646646,0.9592315706702362,0.8549317391464868,1.08433179116832
background_member_A_B_C_ensemble,central__single_APT_37to6_large_Lover2_sphere_bound,MI,473.15,0.9246616264347072,0.9973610701896378,0.07269944375493065,7.862275418008184,0.9246601456161473,0.9246627141362269,0.9903205962147401,1.0043544500895452,0.8549317391464868,1.08433179116832
background_member_A_B_C_ensemble,upper_1sigma__zero_particle_scattering_limit,MI,473.15,0.9098167895622549,0.9310747541058554,0.021257964543600516,2.3365104697428674,0.9098155009699411,0.9098177356921384,0.9284671184029785,0.9335677437651254,0.8549317391464868,1.08433179116832
background_member_A_B_C_ensemble,upper_1sigma__all_small_at_reported_max,MI,473.15,0.909793609690742,0.9318543833702706,0.022060773679528634,2.42481079714635,0.9097923187307164,0.9097945575664308,0.9291826861145067,0.9344122831566875,0.8549317391464868,1.08433179116832
background_member_A_B_C_ensemble,upper_1sigma__single_APT_37to6_prolate_AR10,MI,473.15,0.9097550179254075,0.9331477248359595,0.023392706910552064,2.571319360666618,0.909753723043385,0.909755968692905,0.930369314116035,0.9358137726568002,0.8549317391464868,1.08433179116832
background_member_A_B_C_ensemble,upper_1sigma__single_APT_37to6_prolate_AR5,MI,473.15,0.9096192781625955,0.9376523546748282,0.028033076512232746,3.08184722831059,0.9096179696793094,0.9096202389584666,0.9344981833642059,0.9406994088845978,0.8549317391464868,1.08433179116832
background_member_A_B_C_ensemble,upper_1sigma__single_APT_37to6_prolate_AR2,MI,473.15,0.9088273096026702,0.9628268751410679,0.05399956553839769,5.941675053977606,0.908825926984984,0.9088283250549503,0.9574767281728027,0.9681049865774876,0.8549317391464868,1.08433179116832
background_member_A_B_C_ensemble,upper_1sigma__single_APT_37to6_large_Lover2_sphere_bound,MI,473.15,0.9495943116718029,1.026104956557736,0.07651064488593318,8.0571928396699,0.9495927470863875,0.94959546089737,1.0186710615124615,1.0334906367343795,0.8549317391464868,1.08433179116832
nonprobabilistic_background_envelope,ALL_18_H2_MEMBERS,MI,473.15,0.9097823643832632,0.9334744409485927,0.023729203246607045,2.608335376043954,0.9085731847005559,0.9495943116718029,0.9310747541058554,1.026104956557736,0.8549317391464868,1.08433179116832
background_member_A_B_C_ensemble,lower_1sigma__zero_particle_scattering_limit,MI,523.15,0.8620688117212861,0.8812037811386002,0.019134969417314074,2.219656848402557,0.8620676552162371,0.8620696608692799,0.8788694229649111,0.8834332164272892,0.8542204211557212,1.0405857347362493
background_member_A_B_C_ensemble,lower_1sigma__all_small_at_reported_max,MI,523.15,0.8620563668020912,0.8814883414941966,0.019431974692105447,2.2541420074641816,0.8620552094661306,0.862057216562913,0.8791304379291631,0.8837416317274845,0.8542204211557212,1.0405857347362493
background_member_A_B_C_ensemble,lower_1sigma__single_APT_37to6_prolate_AR10,MI,523.15,0.8620356218696722,0.8819610766215674,0.019925454751895222,2.3114421546384394,0.8620344631541301,0.862036472647983,0.8795639874783255,0.8842540708319365,0.8542204211557212,1.0405857347362493
background_member_A_B_C_ensemble,lower_1sigma__single_APT_37to6_prolate_AR5,MI,523.15,0.8619617677027858,0.883628516691394,0.02166674898860821,2.513655454388918,0.8619606041292338,0.8619626220640054,0.8810925280896238,0.8860622793890846,0.8542204211557212,1.0405857347362493
background_member_A_B_C_ensemble,lower_1sigma__single_APT_37to6_prolate_AR2,MI,523.15,0.8614728468495564,0.894175288778475,0.03270244192891858,3.796108263715198,0.8614716528618109,0.8614737236409844,0.8907384794186153,0.8975230193604404,0.8542204211557212,1.0405857347362493
background_member_A_B_C_ensemble,lower_1sigma__single_APT_37to6_large_Lover2_sphere_bound,MI,523.15,0.8603639516872033,0.9162322268523132,0.05586827516510995,6.493562992213975,0.8603626960802745,0.8603648739200414,0.9108129433971619,0.9215956911518359,0.8542204211557212,1.0405857347362493
background_member_A_B_C_ensemble,central__zero_particle_scattering_limit,MI,523.15,0.8620688117212861,0.8812037811386002,0.019134969417314074,2.219656848402557,0.8620676552162371,0.8620696608692799,0.8788694229649111,0.8834332164272892,0.8542204211557212,1.0405857347362493
background_member_A_B_C_ensemble,central__all_small_at_reported_max,MI,523.15,0.8620474010412801,0.8816928619264653,0.019645460885185262,2.2789304696534334,0.8620462431083451,0.8620482512423917,0.8793180159824914,0.8839633181842843,0.8542204211557212,1.0405857347362493
background_member_A_B_C_ensemble,central__single_APT_37to6_prolate_AR10,MI,523.15,0.862011657130967,0.8825046808249718,0.020493023694004853,2.377348789250922,0.8620104968302664,0.8620125090783799,0.8800624246187926,0.8848434445448927,0.8542204211557212,1.0405857347362493
background_member_A_B_C_ensemble,central__single_APT_37to6_prolate_AR5,MI,523.15,0.8618844946765472,0.8853489250200287,0.023464430343481557,2.7224564878948683,0.8618833261041763,0.8618853527244669,0.8826685446761939,0.8879290720615934,0.8542204211557212,1.0405857347362493
background_member_A_B_C_ensemble,central__single_APT_37to6_prolate_AR2,MI,523.15,0.8610824534166427,0.9021564543762319,0.04107400095958924,4.770042728964448,0.8610812368060766,0.8610833468915225,0.8980159580231729,0.9062191220090827,0.8542204211557212,1.0405857347362493
background_member_A_B_C_ensemble,central__single_APT_37to6_large_Lover2_sphere_bound,MI,523.15,0.8746146445302445,0.9399189136478374,0.0653042691175929,7.466633394032389,0.8746133248279171,0.8746156138960723,0.9336368672818128,0.9461561939535118,0.8542204211557212,1.0405857347362493
background_member_A_B_C_ensemble,upper_1sigma__zero_particle_scattering_limit,MI,523.15,0.8620688117212861,0.8812037811386002,0.019134969417314074,2.219656848402557,0.8620676552162371,0.8620696608692799,0.8788694229649111,0.8834332164272892,0.8542204211557212,1.0405857347362493
background_member_A_B_C_ensemble,upper_1sigma__all_small_at_reported_max,MI,523.15,0.8620384242851408,0.881897307608388,0.019858883323247256,2.3037120810148983,0.862037265755637,0.8620392749262422,0.8795055093449642,0.8841849407113069,0.8542204211557212,1.0405857347362493
background_member_A_B_C_ensemble,upper_1sigma__single_APT_37to6_prolate_AR10,MI,523.15,0.8619876176881548,0.8830475276372035,0.021059909949048716,2.443180101070507,0.8619864558058444,0.8619884708020464,0.8805600551172805,0.8854321159466711,0.8542204211557212,1.0405857347362493
background_member_A_B_C_ensemble,upper_1sigma__single_APT_37to6_prolate_AR5,MI,523.15,0.8618070297739546,0.8870509321178736,0.025243902343918934,2.9291826907631764,0.8618058562701422,0.8618078914588306,0.8842266701659861,0.8897769936735315,0.8542204211557212,1.0405857347362493
background_member_A_B_C_ensemble,upper_1sigma__single_APT_37to6_prolate_AR2,MI,523.15,0.8607192738453975,0.9093492218577689,0.048629948012371416,5.649919722967227,0.8607180371598026,0.8607201821246551,0.9045608146806091,0.914070733436303,0.8542204211557212,1.0405857347362493
background_member_A_B_C_ensemble,upper_1sigma__single_APT_37to6_large_Lover2_sphere_bound,MI,523.15,0.8968494079188304,0.9653702076172791,0.06852079969844871,7.640167802246038,0.8968480179492162,0.8968504288941302,0.9587588699062806,0.9719356599430307,0.8542204211557212,1.0405857347362493
nonprobabilistic_background_envelope,ALL_18_H2_MEMBERS,MI,523.15,0.8620236395003196,0.8833380221642988,0.021363329468828463,2.4784177777297125,0.8603639516872033,0.8968494079188304,0.8812037811386002,0.9653702076172791,0.8542204211557212,1.0405857347362493
background_member_A_B_C_ensemble,lower_1sigma__zero_particle_scattering_limit,MI,573.15,0.8190479432129959,0.836369037349017,0.01732109413602112,2.114783912169195,0.8190468995802108,0.819048709487183,0.8342669030773683,0.8383748169309307,0.85,1.03
background_member_A_B_C_ensemble,lower_1sigma__all_small_at_reported_max,MI,573.15,0.8190333297730481,0.8366237260095882,0.01759039623654013,2.1477021260434395,0.8190322854239032,0.8190340965757188,0.8345003524144309,0.8386510228627859,0.85,1.03
background_member_A_B_C_ensemble,lower_1sigma__single_APT_37to6_prolate_AR10,MI,573.15,0.819008948494986,0.8370467961549602,0.018037847659974293,2.2023993380195312,0.8190079029565303,0.8190097161750494,0.8348880759762531,0.8391099050578444,0.85,1.03
background_member_A_B_C_ensemble,lower_1sigma__single_APT_37to6_prolate_AR5,MI,573.15,0.818921942423664,0.8385386629594533,0.019616720535789334,2.395432277431974,0.8189208926979866,0.8189227131927421,0.8362546628632733,0.8407287299334378,0.85,1.03
background_member_A_B_C_ensemble,lower_1sigma__single_APT_37to6_prolate_AR2,MI,573.15,0.8183399869038449,0.8479609499109292,0.029620963007084278,3.6196401839233046,0.8183389109913236,0.8183407769907621,0.8448649870292244,0.8509747835375888,0.85,1.03
background_member_A_B_C_ensemble,lower_1sigma__single_APT_37to6_large_Lover2_sphere_bound,MI,573.15,0.8170017366239765,0.867592402047244,0.05059066542326751,6.192234747543966,0.817000607806586,0.8170025657368862,0.8627138728686979,0.8724186394660105,0.85,1.03
background_member_A_B_C_ensemble,central__zero_particle_scattering_limit,MI,573.15,0.8190479432129959,0.836369037349017,0.01732109413602112,2.114783912169195,0.8190468995802108,0.819048709487183,0.8342669030773683,0.8383748169309307,0.85,1.03
background_member_A_B_C_ensemble,central__all_small_at_reported_max,MI,573.15,0.819022796092416,0.8368067658367933,0.017783969744377237,2.1713644393324736,0.8190217512286188,0.8190235632747627,0.8346681095290179,0.8388495462127524,0.85,1.03
background_member_A_B_C_ensemble,central__single_APT_37to6_prolate_AR10,MI,573.15,0.8189807512875591,0.8375332288450167,0.018552477557457592,2.2653130160007238,0.8189797043826886,0.818981519975665,0.8353337683554461,0.8396376189851671,0.85,1.03
background_member_A_B_C_ensemble,central__single_APT_37to6_prolate_AR5,MI,573.15,0.8188305966709842,0.8400772806331934,0.02124668396220919,2.5947594103822134,0.8188295426379862,0.8188313706176296,0.8376630673483861,0.8423993498673044,0.85,1.03
background_member_A_B_C_ensemble,central__single_APT_37to6_prolate_AR2,MI,573.15,0.8178706761306942,0.85507565058869,0.037204974457995754,4.549004572949192,0.8178695807712455,0.817871480562954,0.851346196665163,0.8587330738400255,0.85,1.03
background_member_A_B_C_ensemble,central__single_APT_37to6_large_Lover2_sphere_bound,MI,573.15,0.829703959634286,0.8887198466599621,0.05901588702567606,7.112884823604901,0.8297027762163278,0.8297048289020389,0.8830777543880384,0.8943194921870727,0.85,1.03
background_member_A_B_C_ensemble,upper_1sigma__zero_particle_scattering_limit,MI,573.15,0.8190479432129959,0.836369037349017,0.01732109413602112,2.114783912169195,0.8190468995802108,0.819048709487183,0.8342669030773683,0.8383748169309307,0.85,1.03
background_member_A_B_C_ensemble,upper_1sigma__all_small_at_reported_max,MI,573.15,0.8190122439589987,0.8369897295183203,0.01797748555932155,2.1950203665357577,0.8190111985809172,0.8190130115207492,0.8348357817921912,0.8390480029120775,0.85,1.03
background_member_A_B_C_ensemble,upper_1sigma__single_APT_37to6_prolate_AR10,MI,573.15,0.8189524314333712,0.838018918740218,0.019066487306846902,2.3281556504418446,0.8189513831652733,0.8189532011271632,0.8357786754514116,0.8401646378349437,0.85,1.03
background_member_A_B_C_ensemble,upper_1sigma__single_APT_37to6_prolate_AR5,MI,573.15,0.8187387425216787,0.8415988064850604,0.022860063963381694,2.792107271359081,0.8187376842406826,0.8187395196020872,0.8390548624322609,0.8440524317255296,0.85,1.03
background_member_A_B_C_ensemble,upper_1sigma__single_APT_37to6_prolate_AR2,MI,573.15,0.8174320450643832,0.8614765626285686,0.04404451756418548,5.388156462683869,0.8174309324708832,0.8174328622095238,0.8571645492936587,0.8657263544761908,0.85,1.03
background_member_A_B_C_ensemble,upper_1sigma__single_APT_37to6_large_Lover2_sphere_bound,MI,573.15,0.8496571564959389,0.9114142827882685,0.061757126292329656,7.268475975300613,0.8496559135628994,0.8496580694762961,0.9054936938256235,0.917291337940174,0.85,1.03
nonprobabilistic_background_envelope,ALL_18_H2_MEMBERS,MI,573.15,0.8189948498912725,0.8382787908498357,0.019341603921318118,2.3617939639369094,0.8170017366239765,0.8496571564959389,0.836369037349017,0.9114142827882685,0.85,1.03
background_member_A_B_C_ensemble,lower_1sigma__zero_particle_scattering_limit,MS,303.15,1.1780582498489105,1.175357072207787,-0.002701177641123431,-0.22929066890112312,1.178055613051983,1.1780599027804923,1.17382854457648,1.1766866966514316,1.2625169478550462,1.5171687885490504
background_member_A_B_C_ensemble,lower_1sigma__all_small_at_reported_max,MS,303.15,1.1789531213816742,1.1762487188354531,-0.002704402546221063,-0.22939016803752454,1.1789504807549498,1.178954776660758,1.1747176611253187,1.17758063081545,1.2625169478550462,1.5171687885490504
background_member_A_B_C_ensemble,lower_1sigma__single_APT_37to6_prolate_AR10,MS,303.15,1.1804429994092072,1.1777332265302636,-0.0027097728789435838,-0.22955558890177516,1.1804403524005644,1.1804446586000223,1.1761979512612917,1.1790689521198725,1.2625169478550462,1.5171687885490504
background_member_A_B_C_ensemble,lower_1sigma__single_APT_37to6_prolate_AR5,MS,303.15,1.1857303376508368,1.1830014947466772,-0.002728842904159645,-0.23014026187151587,1.1857276679367084,1.185732010757609,1.1814511994324068,1.1843508054428433,1.2625169478550462,1.5171687885490504
background_member_A_B_C_ensemble,lower_1sigma__single_APT_37to6_prolate_AR2,MS,303.15,1.220316888671728,1.217462892095493,-0.002853996576234863,-0.23387339819096808,1.2203140682404292,1.2203186541080875,1.215812312923189,1.2189030486700339,1.2625169478550462,1.5171687885490504
background_member_A_B_C_ensemble,lower_1sigma__single_APT_37to6_large_Lover2_sphere_bound,MS,303.15,1.2988435672901384,1.2957034492622255,-0.0031401180279129193,-0.2417626038264447,1.2988403906413664,1.2988455506750662,1.2938119622004247,1.2973627886990011,1.2625169478550462,1.5171687885490504
background_member_A_B_C_ensemble,central__zero_particle_scattering_limit,MS,303.15,1.1780582498489105,1.175357072207787,-0.002701177641123431,-0.22929066890112312,1.178055613051983,1.1780599027804923,1.17382854457648,1.1766866966514316,1.2625169478550462,1.5171687885490504
background_member_A_B_C_ensemble,central__all_small_at_reported_max,MS,303.15,1.1795971960517408,1.1768904720873532,-0.0027067239643876473,-0.22946171569815446,1.1795945526669798,1.1795988530213524,1.175357591924712,1.1782240319137085,1.2625169478550462,1.5171687885490504
background_member_A_B_C_ensemble,central__single_APT_37to6_prolate_AR10,MS,303.15,1.18216122891456,1.1794452608064723,-0.0027159681080877185,-0.22974599755580494,1.1821585745370689,1.1821628926218601,1.177905113469688,1.1807853923878087,1.2625169478550462,1.5171687885490504
background_member_A_B_C_ensemble,central__single_APT_37to6_prolate_AR5,MS,303.15,1.191237955886617,1.188489229725475,-0.002748726161142079,-0.230745347523472,1.1912352624264095,1.1912396435452373,1.186923201228506,1.1898527766057463,1.2625169478550462,1.5171687885490504
background_member_A_B_C_ensemble,central__single_APT_37to6_prolate_AR2,MS,303.15,1.247774649014411,1.244820862240185,-0.002953786774225975,-0.2367243778000382,1.247771706233768,1.2477764893498244,1.2430881446818633,1.2463356047638552,1.2625169478550462,1.5171687885490504
background_member_A_B_C_ensemble,central__single_APT_37to6_large_Lover2_sphere_bound,MS,303.15,1.360008988747406,1.3566450556022902,-0.0033639331451158494,-0.24734639057158697,1.3600055212744402,1.3600111498279452,1.3545530205985479,1.3584877840076164,1.2625169478550462,1.5171687885490504
background_member_A_B_C_ensemble,upper_1sigma__zero_particle_scattering_limit,MS,303.15,1.1780582498489105,1.175357072207787,-0.002701177641123431,-0.22929066890112312,1.178055613051983,1.1780599027804923,1.17382854457648,1.1766866966514316,1.2625169478550462,1.5171687885490504
background_member_A_B_C_ensemble,upper_1sigma__all_small_at_reported_max,MS,303.15,1.180241789545459,1.1775327420212358,-0.002709047524223296,-0.22953326582908223,1.1802391433991155,1.180243448207745,1.175998036719255,1.1788679522077843,1.2625169478550462,1.5171687885490504
background_member_A_B_C_ensemble,upper_1sigma__single_APT_37to6_prolate_AR10,MS,303.15,1.183882379055066,1.1811602032800959,-0.002722175774970248,-0.2299363368464859,1.183879717286772,1.1838840472921197,1.1796151669025736,1.1825047568048765,1.2625169478550462,1.5171687885490504
background_member_A_B_C_ensemble,upper_1sigma__single_APT_37to6_prolate_AR5,MS,303.15,1.19673859015702,1.1939699874942293,-0.0027686026627906646,-0.23134564938090663,1.196735872884545,1.1967402924061474,1.1923881566503924,1.1953478393346026,1.2625169478550462,1.5171687885490504
background_member_A_B_C_ensemble,upper_1sigma__single_APT_37to6_prolate_AR2,MS,303.15,1.2734512618320677,1.2704038876420316,-0.0030473741900360896,-0.2393004177994173,1.273448202489199,1.2734531734833543,1.2685923231266285,1.2719903706945506,1.2625169478550462,1.5171687885490504
background_member_A_B_C_ensemble,upper_1sigma__single_APT_37to6_large_Lover2_sphere_bound,MS,303.15,1.4137122217882119,1.4101518418888395,-0.0035603798993724123,-0.2518461568415154,1.4137084894231073,1.413714544559712,1.4078742649688116,1.4121649130299698,1.2625169478550462,1.5171687885490504
nonprobabilistic_background_envelope,ALL_18_H2_MEMBERS,MS,303.15,1.1848063583529513,1.1820808490133865,-0.0027255093395649466,-0.2300382993590009,1.1780582498489105,1.4137122217882119,1.175357072207787,1.4101518418888395,1.2625169478550462,1.5171687885490504
background_member_A_B_C_ensemble,lower_1sigma__zero_particle_scattering_limit,MS,323.15,1.145698773448987,1.143118825366838,-0.0025799480821488974,-0.22518554980924674,1.1456962743202794,1.1457003412120028,1.141680297689917,1.1443670801672485,1.0882440401175293,1.3578335586176062
background_member_A_B_C_ensemble,lower_1sigma__all_small_at_reported_max,MS,323.15,1.1465444448523119,1.1439614748368294,-0.0025829700154824664,-0.22528302562358868,1.1465419421930316,1.1465460147801487,1.1425206366926586,1.1452118129065723,1.0882440401175293,1.3578335586176062
background_member_A_B_C_ensemble,lower_1sigma__single_APT_37to6_prolate_AR10,MS,323.15,1.1479523282266086,1.1453643260276627,-0.002588002198945949,-0.225445093433799,1.1479498196845073,1.147953901761477,1.1439196367789064,1.146618136825375,1.0882440401175293,1.3578335586176062
background_member_A_B_C_ensemble,lower_1sigma__single_APT_37to6_prolate_AR5,MS,323.15,1.1529478637373347,1.1503419937476378,-0.0026058699896969184,-0.22601802489575445,1.1529453342702252,1.1529494501012492,1.1488835932469172,1.1516081718664148,1.0882440401175293,1.3578335586176062
background_member_A_B_C_ensemble,lower_1sigma__single_APT_37to6_prolate_AR2,MS,323.15,1.1855942058464328,1.182871126165373,-0.0027230796810597813,-0.22968058275181005,1.1855915376685275,1.185595877213346,1.1813213274063585,1.1842198695039874,1.0882440401175293,1.3578335586176062
background_member_A_B_C_ensemble,lower_1sigma__single_APT_37to6_large_Lover2_sphere_bound,MS,323.15,1.2595138906864702,1.2565231450528032,-0.00299074563366708,-0.23745237395016264,1.25951089592345,1.2595157619372261,1.2547547865315287,1.2580701550879,1.0882440401175293,1.3578335586176062
background_member_A_B_C_ensemble,central__zero_particle_scattering_limit,MS,323.15,1.145698773448987,1.143118825366838,-0.0025799480821488974,-0.22518554980924674,1.1456962743202794,1.1457003412120028,1.141680297689917,1.1443670801672485,1.0882440401175293,1.3578335586176062
background_member_A_B_C_ensemble,central__all_small_at_reported_max,MS,323.15,1.1471530856315664,1.1445679403462534,-0.002585145285312951,-0.22535312136563676,1.1471505804298683,1.1471546571182942,1.143125438041844,1.145819779021249,1.0882440401175293,1.3578335586176062
background_member_A_B_C_ensemble,central__single_APT_37to6_prolate_AR10,MS,323.15,1.149575870210045,1.1469820630984757,-0.002593807111569202,-0.2256316593610541,1.1495733548761118,1.1495774479091396,1.1455329256782003,1.1482398855229587,1.0882440401175293,1.3578335586176062
background_member_A_B_C_ensemble,central__single_APT_37to6_prolate_AR5,MS,323.15,1.1581501672202708,1.1555256698790333,-0.002624497341237486,-0.2266111438326398,1.1581476158771455,1.1581517669945551,1.1540529133556345,1.1568048022416753,1.0882440401175293,1.3578335586176062
background_member_A_B_C_ensemble,central__single_APT_37to6_prolate_AR2,MS,323.15,1.2114729080361946,1.2086564331581495,-0.002816474878045039,-0.23248352145245765,1.2114701274910225,1.211474648214245,1.207031960019741,1.210072790206278,1.0882440401175293,1.3578335586176062
background_member_A_B_C_ensemble,central__single_APT_37to6_large_Lover2_sphere_bound,MS,323.15,1.316897324097711,1.3136973990206922,-0.003199925077018939,-0.2429897166972686,1.3168940639528195,1.31689935754903,1.311748112885134,1.3154093440374566,1.0882440401175293,1.3578335586176062
background_member_A_B_C_ensemble,upper_1sigma__zero_particle_scattering_limit,MS,323.15,1.145698773448987,1.143118825366838,-0.0025799480821488974,-0.22518554980924674,1.1456962743202794,1.1457003412120028,1.141680297689917,1.1443670801672485,1.0882440401175293,1.3578335586176062
background_member_A_B_C_ensemble,upper_1sigma__all_small_at_reported_max,MS,323.15,1.147762197753246,1.1451748752255295,-0.002587322527716429,-0.22542322205602647,1.1477596900059728,1.1477637708007755,1.1437307063936781,1.1464282167148072,1.0882440401175293,1.3578335586176062
background_member_A_B_C_ensemble,upper_1sigma__single_APT_37to6_prolate_AR10,MS,323.15,1.1512020369386669,1.1486024135024588,-0.0025996234362080095,-0.22581817550645203,1.1511995147934586,1.151203618813736,1.1471488130310672,1.1498642615043582,1.0882440401175293,1.3578335586176062
background_member_A_B_C_ensemble,upper_1sigma__single_APT_37to6_prolate_AR5,MS,323.15,1.1633444943056015,1.160701378341859,-0.0026431159637425594,-0.2271997655621546,1.163341921033646,1.1633461075208749,1.1592142090604594,1.1619935215998052,1.0882440401175293,1.3578335586176062
background_member_A_B_C_ensemble,upper_1sigma__single_APT_37to6_prolate_AR2,MS,323.15,1.2356419096346463,1.2327378874025539,-0.002904022232092407,-0.23502134473174888,1.2356390222289226,1.235643715214258,1.2310418851004619,1.23421913586809,1.0882440401175293,1.3578335586176062
background_member_A_B_C_ensemble,upper_1sigma__single_APT_37to6_large_Lover2_sphere_bound,MS,323.15,1.3671407474291126,1.3637572898653136,-0.003383457563798986,-0.2474842162492433,1.3671372464972633,1.367142927900116,1.361641384958975,1.365621710766617,1.0882440401175293,1.3578335586176062
nonprobabilistic_background_envelope,ALL_18_H2_MEMBERS,MS,323.15,1.1520749503380008,1.1494722036250482,-0.002602746712952464,-0.22591810020110326,1.145698773448987,1.3671407474291126,1.143118825366838,1.3637572898653136,1.0882440401175293,1.3578335586176062
background_member_A_B_C_ensemble,lower_1sigma__zero_particle_scattering_limit,MS,373.15,1.0717928774182441,1.0694828084716825,-0.0023100689465616053,-0.21553314966284765,1.0717906794168732,1.071794259143547,1.0682383042167716,1.070556501378035,0.9630520737428236,1.1846276278662375
background_member_A_B_C_ensemble,lower_1sigma__all_small_at_reported_max,MS,373.15,1.0725317633324802,1.0702191137467023,-0.002312649585777926,-0.2156252770167157,1.0725295624243645,1.0725331468421802,1.0689727487215643,1.0712944736830117,0.9630520737428236,1.1846276278662375
background_member_A_B_C_ensemble,lower_1sigma__single_APT_37to6_prolate_AR10,MS,373.15,1.0737617085635247,1.0714447619788092,-0.0023169465847154846,-0.21577846986321472,1.0737595028129279,1.0737630950458472,1.070195296079451,1.0725229001675674,0.9630520737428236,1.1846276278662375
background_member_A_B_C_ensemble,lower_1sigma__single_APT_37to6_prolate_AR5,MS,373.15,1.0781242563329592,1.0757920557154865,-0.002332200617472635,-0.21632020648577052,1.0781220333667731,1.0781256533824437,1.0745315564389115,1.0768800817278021,0.9630520737428236,1.1846276278662375
background_member_A_B_C_ensemble,lower_1sigma__single_APT_37to6_prolate_AR2,MS,373.15,1.1065719664617761,1.1041398260314905,-0.002432140430285612,-0.21979053364800963,1.1065696297235406,1.1065734333132047,1.1028060457576716,1.1052936170057377,0.9630520737428236,1.1846276278662375
background_member_A_B_C_ensemble,lower_1sigma__single_APT_37to6_large_Lover2_sphere_bound,MS,373.15,1.170589833901275,1.1679301785011271,-0.002659655400147898,-0.22720643244303174,1.1705872316057608,1.1705914634742947,1.1664229570758708,1.1692402252021934,0.9630520737428236,1.1846276278662375
background_member_A_B_C_ensemble,central__zero_particle_scattering_limit,MS,373.15,1.0717928774182441,1.0694828084716825,-0.0023100689465616053,-0.21553314966284765,1.0717906794168732,1.071794259143547,1.0682383042167716,1.070556501378035,0.9630520737428236,1.1846276278662375
background_member_A_B_C_ensemble,central__all_small_at_reported_max,MS,373.15,1.073063504433114,1.0707489973259172,-0.002314507107196828,-0.21569153154822399,1.0730613014320556,1.0730648892276085,1.0695012922311722,1.0718255578718734,0.9630520737428236,1.1846276278662375
background_member_A_B_C_ensemble,central__single_APT_37to6_prolate_AR10,MS,373.15,1.0751798071239875,1.0728579042188005,-0.0023219029051870788,-0.2159548467895772,1.0751775957840293,1.0751811970372835,1.0716048577359927,1.0739392508254944,0.9630520737428236,1.1846276278662375
background_member_A_B_C_ensemble,central__single_APT_37to6_prolate_AR5,MS,373.15,1.0826646921896845,1.08031659456824,-0.0023480976214445004,-0.21688133347135238,1.0826624512403888,1.0826661002760194,1.0790445543891194,1.0814149671914213,0.9630520737428236,1.1846276278662375
background_member_A_B_C_ensemble,central__single_APT_37to6_prolate_AR2,MS,373.15,1.1290462738372826,1.126534643159951,-0.002511630677331622,-0.2224559555734911,1.1290438453700509,1.129047796927068,1.125141325978899,1.1277419790464256,0.9630520737428236,1.1846276278662375
background_member_A_B_C_ensemble,central__single_APT_37to6_large_Lover2_sphere_bound,MS,373.15,1.2199119483454348,1.217075042502084,-0.0028369058433508343,-0.23255004979650593,1.2199091325288738,1.2199137085710163,1.215426035310713,1.2185134054775746,0.9630520737428236,1.1846276278662375
background_member_A_B_C_ensemble,upper_1sigma__zero_particle_scattering_limit,MS,373.15,1.0717928774182441,1.0694828084716825,-0.0023100689465616053,-0.21553314966284765,1.0717906794168732,1.071794259143547,1.0682383042167716,1.070556501378035,0.9630520737428236,1.1846276278662375
background_member_A_B_C_ensemble,upper_1sigma__all_small_at_reported_max,MS,373.15,1.073595619815891,1.071279253580558,-0.002316366235332934,-0.21575779488837368,1.0735934147194974,1.0735970058966282,1.0700302066670973,1.0723570163584124,0.9630520737428236,1.1846276278662375
background_member_A_B_C_ensemble,upper_1sigma__single_APT_37to6_prolate_AR10,MS,373.15,1.076599931173565,1.0742730627545178,-0.002326868419047168,-0.21613120637215047,1.0765977142297236,1.0766013245266057,1.0730164248329228,1.075357627899535,0.9630520737428236,1.1846276278662375
background_member_A_B_C_ensemble,upper_1sigma__single_APT_37to6_prolate_AR5,MS,373.15,1.0871954404535116,1.0848314587800982,-0.00236398167341334,-0.2174385198329411,1.0871931814928992,1.087196859592565,1.0835478436601773,1.0859402125597035,0.9630520737428236,1.1846276278662375
background_member_A_B_C_ensemble,upper_1sigma__single_APT_37to6_prolate_AR2,MS,373.15,1.1499752465847703,1.147389207966399,-0.002586038618371367,-0.22487776376504268,1.1499727312362988,1.1499768229101364,1.1459391347810108,1.1486476791663836,0.9630520737428236,1.1846276278662375
background_member_A_B_C_ensemble,upper_1sigma__single_APT_37to6_large_Lover2_sphere_bound,MS,373.15,1.2628308074578467,1.2598386646318553,-0.002992142825991362,-0.23693932776432045,1.2628277995762995,1.2628326850849472,1.2580604223047818,1.26139440051413,0.9630520737428236,1.1846276278662375
nonprobabilistic_background_envelope,ALL_18_H2_MEMBERS,MS,373.15,1.077362093753262,1.075032559235002,-0.0023295345182599014,-0.2162257064289605,1.0717928774182441,1.2628308074578467,1.0694828084716825,1.2598386646318553,0.9630520737428236,1.1846276278662375
background_member_A_B_C_ensemble,lower_1sigma__zero_particle_scattering_limit,MS,423.15,1.0066124384872093,1.0045324825654383,-0.002079955921771015,-0.20662926884719243,1.006610490783509,1.0066136656867355,1.0034460675245773,1.005464869774596,0.8755599608786824,1.0846874501637025
background_member_A_B_C_ensemble,lower_1sigma__all_small_at_reported_max,MS,423.15,1.0072634281503434,1.0051812542725314,-0.0020821738778120658,-0.20671592153758628,1.0072614780253086,1.0072646568384445,1.0040933198853066,1.0061149945873076,0.8755599608786824,1.0846874501637025
background_member_A_B_C_ensemble,lower_1sigma__single_APT_37to6_prolate_AR10,MS,423.15,1.0083469380634833,1.0062610713816733,-0.002085866681809989,-0.20686002040288515,1.0083449839052838,1.0083481692310008,1.005170605563591,1.007197066326294,0.8755599608786824,1.0846874501637025
background_member_A_B_C_ensemble,lower_1sigma__single_APT_37to6_prolate_AR5,MS,423.15,1.0121888417227043,1.0100898688126227,-0.0020989729100815424,-0.2073696946223173,1.0121868732326684,1.0121900817001057,1.008990400621268,1.0110338835551362,0.8755599608786824,1.0846874501637025
background_member_A_B_C_ensemble,lower_1sigma__single_APT_37to6_prolate_AR2,MS,423.15,1.037193900194852,1.0350091702253859,-0.0021847299694661704,-0.21063852853894888,1.0371918372441327,1.0371951982108336,1.033850099294619,1.0360063516341929,0.8755599608786824,1.0846874501637025
background_member_A_B_C_ensemble,lower_1sigma__single_APT_37to6_large_Lover2_sphere_bound,MS,423.15,1.093164284907485,1.0907849874781603,-0.002379297429324634,-0.2176523201657649,1.093162003132538,1.0931657172060032,1.0894861022260298,1.0919073335300715,0.8755599608786824,1.0846874501637025
background_member_A_B_C_ensemble,central__zero_particle_scattering_limit,MS,423.15,1.0066124384872093,1.0045324825654383,-0.002079955921771015,-0.20662926884719243,1.006610490783509,1.0066136656867355,1.0034460675245773,1.005464869774596,0.8755599608786824,1.0846874501637025
background_member_A_B_C_ensemble,central__all_small_at_reported_max,MS,423.15,1.007731879971285,1.0056481097104066,-0.0020837702608784703,-0.20677824154355884,1.0077299281029983,1.0077331097310736,1.004559081270069,1.0065828244210533,0.8755599608786824,1.0846874501637025
background_member_A_B_C_ensemble,central__single_APT_37to6_prolate_AR10,MS,423.15,1.009596008240326,1.0075058825949894,-0.0020901256453365047,-0.20702594188931933,1.0095940494279105,1.0095972422689452,1.006412494473713,1.0084444805776058,0.8755599608786824,1.0846874501637025
background_member_A_B_C_ensemble,central__single_APT_37to6_prolate_AR5,MS,423.15,1.016185340030871,1.0140727133222907,-0.0021126267085802564,-0.207897774683118,1.0161833565809062,1.0161865892030721,1.0129638367038778,1.0150251125748182,0.8755599608786824,1.0846874501637025
background_member_A_B_C_ensemble,central__single_APT_37to6_prolate_AR2,MS,423.15,1.0568902623795517,1.0546374540428334,-0.0022528083367183704,-0.21315442264045945,1.0568881235843957,1.0568916069633094,1.0534301949117368,1.0556777055434303,0.8755599608786824,1.0846874501637025
background_member_A_B_C_ensemble,central__single_APT_37to6_large_Lover2_sphere_bound,MS,423.15,1.1360048573658974,1.1334745313099583,-0.0025303260559390583,-0.22273901731425977,1.1360024012516072,1.1360063964983567,1.1320625817938506,1.134698519999421,0.8755599608786824,1.0846874501637025
background_member_A_B_C_ensemble,upper_1sigma__zero_particle_scattering_limit,MS,423.15,1.0066124384872093,1.0045324825654383,-0.002079955921771015,-0.20662926884719243,1.006610490783509,1.0066136656867355,1.0034460675245773,1.005464869774596,0.8755599608786824,1.0846874501637025
background_member_A_B_C_ensemble,upper_1sigma__all_small_at_reported_max,MS,423.15,1.0082006326043405,1.0061152646483464,-0.002085367955994011,-0.20684057206026327,1.008198678990961,1.0082018634369312,1.0050251408388153,1.0070509549685913,0.8755599608786824,1.0846874501637025
background_member_A_B_C_ensemble,upper_1sigma__single_APT_37to6_prolate_AR10,MS,423.15,1.0108466566244718,1.0087522646037028,-0.002094392020768998,-0.20719186308265763,1.0108446931468287,1.010847893520845,1.0076559461184287,1.0096934731007974,0.8755599608786824,1.0846874501637025
background_member_A_B_C_ensemble,upper_1sigma__single_APT_37to6_prolate_AR5,MS,423.15,1.0201712147547022,1.0180449502812547,-0.0021262644734474367,-0.20842231604806574,1.0201692163324172,1.0201724731281285,1.0169266457023771,1.0190057544809306,0.8755599608786824,1.0846874501637025
background_member_A_B_C_ensemble,upper_1sigma__single_APT_37to6_prolate_AR2,MS,423.15,1.0751863013306695,1.0728698660248988,-0.0023164353057707476,-0.21544501663608312,1.0751840909521981,1.0751876898407284,1.0716168603427356,1.0739510731877604,0.8755599608786824,1.0846874501637025
background_member_A_B_C_ensemble,upper_1sigma__single_APT_37to6_large_Lover2_sphere_bound,MS,423.15,1.1730859893331718,1.1704237228883525,-0.0026622664448192612,-0.22694554951871843,1.1730833775616616,1.1730876237512664,1.168909622664888,1.1717398443082676,0.8755599608786824,1.0846874501637025
nonprobabilistic_background_envelope,ALL_18_H2_MEMBERS,MS,423.15,1.011517749173588,1.0094210667081627,-0.0020966824654252703,-0.20728077885248747,1.0066124384872093,1.1730859893331718,1.0045324825654383,1.1704237228883525,0.8755599608786824,1.0846874501637025
background_member_A_B_C_ensemble,lower_1sigma__zero_particle_scattering_limit,MS,473.15,0.9487820038210408,0.9468998552685006,-0.0018821485525402082,-0.19837523740545346,0.9487802661992789,0.9487831012887674,0.9459437118889388,0.9477164891146461,0.8549317391464868,1.08433179116832
background_member_A_B_C_ensemble,lower_1sigma__all_small_at_reported_max,MS,473.15,0.9493598342941144,0.9474757677906593,-0.001884066503455073,-0.1984565214785971,0.9493580946341468,0.9493609330168954,0.9465183685587788,0.9482935139493229,0.8549317391464868,1.08433179116832
background_member_A_B_C_ensemble,lower_1sigma__single_APT_37to6_prolate_AR10,MS,473.15,0.9503214808099081,0.9484342212502255,-0.001887259559682608,-0.1985916974195088,0.9503197377554267,0.9503225816228513,0.9474747299515769,0.9492538204955144,0.8549317391464868,1.08433179116832
background_member_A_B_C_ensemble,lower_1sigma__single_APT_37to6_prolate_AR5,MS,473.15,0.9537303061388774,0.9518317165487193,-0.0018985895901580951,-0.19906986051900002,0.9537285510268674,0.9537314143756159,0.9508647888787054,0.9526579040702806,0.8549317391464868,1.08433179116832
background_member_A_B_C_ensemble,lower_1sigma__single_APT_37to6_prolate_AR2,MS,473.15,0.975879536353011,0.9739069071185272,-0.0019726292344837137,-0.2021386002063007,0.9758777019580138,0.9758806933816623,0.9728908814949584,0.9747766459779625,0.8549317391464868,1.08433179116832
background_member_A_B_C_ensemble,lower_1sigma__single_APT_37to6_large_Lover2_sphere_bound,MS,473.15,1.025225270721452,1.0230852345785015,-0.002140036142950441,-0.20873813824785023,1.0252232538770323,1.0252265398939342,1.0219549323184136,1.0240566783841871,0.8549317391464868,1.08433179116832
background_member_A_B_C_ensemble,central__zero_particle_scattering_limit,MS,473.15,0.9487820038210408,0.9468998552685006,-0.0018821485525402082,-0.19837523740545346,0.9487802661992789,0.9487831012887674,0.9459437118889388,0.9477164891146461,0.8549317391464868,1.08433179116832
background_member_A_B_C_ensemble,central__all_small_at_reported_max,MS,473.15,0.9497756137507148,0.9478901668644002,-0.0018854468863146456,-0.19851498175120696,0.9497738726234649,0.9497767133769797,0.9469318634137379,0.9487087139306074,0.8549317391464868,1.08433179116832
background_member_A_B_C_ensemble,central__single_APT_37to6_prolate_AR10,MS,473.15,0.951429916612008,0.9495389748448719,-0.0018909417671361117,-0.19874735218224543,0.9514281696410531,0.9514310198364169,0.9485770689889742,0.9503607130399239,0.8549317391464868,1.08433179116832
background_member_A_B_C_ensemble,central__single_APT_37to6_prolate_AR5,MS,473.15,0.9572746849093083,0.9553642960984855,-0.0019103888108228384,-0.19956537459295998,0.9572729172194193,0.9572758008892431,0.954389602482946,0.9561973661599483,0.8549317391464868,1.08433179116832
background_member_A_B_C_ensemble,central__single_APT_37to6_prolate_AR2,MS,473.15,0.9932811668505931,0.9912498747886174,-0.00203129206197572,-0.2045032292735761,0.9932792690295452,0.9932823628855899,0.9901943236904349,0.9921547387281892,0.8549317391464868,1.08433179116832
background_member_A_B_C_ensemble,central__single_APT_37to6_large_Lover2_sphere_bound,MS,473.15,1.0627797215413577,1.060510238583941,-0.002269482957416802,-0.21354217731265637,1.0627775605002792,1.0627810792218375,1.059288392828037,1.0615634730159629,0.8549317391464868,1.08433179116832
background_member_A_B_C_ensemble,upper_1sigma__zero_particle_scattering_limit,MS,473.15,0.9487820038210408,0.9468998552685006,-0.0018821485525402082,-0.19837523740545346,0.9487802661992789,0.9487831012887674,0.9459437118889388,0.9477164891146461,0.8549317391464868,1.08433179116832
background_member_A_B_C_ensemble,upper_1sigma__all_small_at_reported_max,MS,473.15,0.9501916375377318,0.9483048091928635,-0.0018868283448683076,-0.19857345300972323,0.9501898949417632,0.9501927380683513,0.9473456005171332,0.9491241580897664,0.8549317391464868,1.08433179116832
background_member_A_B_C_ensemble,upper_1sigma__single_APT_37to6_prolate_AR10,MS,473.15,0.9525395917341193,0.9506449617689801,-0.0018946299651392273,-0.19890301480172723,0.9525378408382273,0.9525406973751074,0.9496806352764315,0.951468844526017,0.8549317391464868,1.08433179116832
background_member_A_B_C_ensemble,upper_1sigma__single_APT_37to6_prolate_AR5,MS,473.15,0.9608080031477785,0.9588858331856946,-0.0019221699620838306,-0.20005765520129504,0.9608062228778098,0.9608091268712753,0.9579033634607448,0.9597257971086859,0.8549317391464868,1.08433179116832
background_member_A_B_C_ensemble,upper_1sigma__single_APT_37to6_prolate_AR2,MS,473.15,1.009410046600614,1.0073240141481474,-0.002086032452466524,-0.20665857839355245,1.009408089102169,1.0094112793157695,1.006231076737462,1.008262153449338,0.8549317391464868,1.08433179116832
background_member_A_B_C_ensemble,upper_1sigma__single_APT_37to6_large_Lover2_sphere_bound,MS,473.15,1.0951355981706943,1.0927533451409674,-0.002382253029726833,-0.21753041666311726,1.0951333092167994,1.0951370342820739,1.0914494221880866,1.0938801354190704,0.8549317391464868,1.08433179116832
nonprobabilistic_background_envelope,ALL_18_H2_MEMBERS,MS,473.15,0.9531349489364984,0.9512383391588497,-0.0018966097776486612,-0.1989864376603636,0.9487820038210408,1.0951355981706943,0.9468998552685006,1.0927533451409674,0.8549317391464868,1.08433179116832
background_member_A_B_C_ensemble,lower_1sigma__zero_particle_scattering_limit,MS,523.15,0.8971659933874517,0.8954550761502565,-0.0017109172371951864,-0.1907024173681878,0.8971644337136708,0.8971669808785941,0.8946074257944766,0.8961758312244904,0.8542204211557212,1.0405857347362493
background_member_A_B_C_ensemble,lower_1sigma__all_small_at_reported_max,MS,523.15,0.8976823070867583,0.8959697216412194,-0.0017125854455389833,-0.19077856743070096,0.897680745681123,0.8976832956461216,0.895121021824762,0.896691401485912,0.8542204211557212,1.0405857347362493
background_member_A_B_C_ensemble,lower_1sigma__single_APT_37to6_prolate_AR10,MS,523.15,0.8985414981247977,0.8968261356129733,-0.0017153625118243587,-0.19090520753957582,0.8985399338352237,0.8985424884629465,0.895975687806363,0.8975493558685428,0.8542204211557212,1.0405857347362493
background_member_A_B_C_ensemble,lower_1sigma__single_APT_37to6_prolate_AR5,MS,523.15,0.9015863664233335,0.8998611520809449,-0.0017252143423885924,-0.19135319772332607,0.9015847918935047,0.9015873630770775,0.8990044935493093,0.9005898465843092,0.8542204211557212,1.0405857347362493
background_member_A_B_C_ensemble,lower_1sigma__single_APT_37to6_prolate_AR2,MS,523.15,0.9213413421130424,0.9195518282359435,-0.0017895138770989139,-0.19422919555468646,0.9213397003910101,0.9213423801882851,0.9186542647526885,0.9203166179887978,0.8542204211557212,1.0405857347362493
background_member_A_B_C_ensemble,lower_1sigma__single_APT_37to6_large_Lover2_sphere_bound,MS,523.15,0.965170469400371,0.9632360599050127,-0.0019344094953582802,-0.2004215376129427,0.9651686739592669,0.9651716021228752,0.9622439430281811,0.9640845445741543,0.8542204211557212,1.0405857347362493
background_member_A_B_C_ensemble,central__zero_particle_scattering_limit,MS,523.15,0.8971659933874517,0.8954550761502565,-0.0017109172371951864,-0.1907024173681878,0.8971644337136708,0.8971669808785941,0.8946074257944766,0.8961758312244904,0.8542204211557212,1.0405857347362493
background_member_A_B_C_ensemble,central__all_small_at_reported_max,MS,523.15,0.8980538004906706,0.8963400144654834,-0.001713786025187236,-0.1908333358481277,0.8980522378383938,0.8980547898189579,0.8954905591051012,0.8970623601146992,0.8542204211557212,1.0405857347362493
background_member_A_B_C_ensemble,central__single_APT_37to6_prolate_AR10,MS,523.15,0.8995317199035225,0.8978131552285759,-0.0017185646749466876,-0.1910510365472169,0.8995301522871249,0.8995327122935477,0.8969606903811711,0.8985381531590324,0.8542204211557212,1.0405857347362493
background_member_A_B_C_ensemble,central__single_APT_37to6_prolate_AR5,MS,523.15,0.9047510339409337,0.903015563303876,-0.001735470637057701,-0.1918174803844436,0.904749448735024,0.904752037178247,0.9021524231185246,0.9037499726215363,0.8542204211557212,1.0405857347362493
background_member_A_B_C_ensemble,central__single_APT_37to6_prolate_AR2,MS,523.15,0.9368262522816524,0.9349858889796162,-0.0018403633020361854,-0.19644659802753786,0.9368245569800893,0.9368273233642058,0.934055520237729,0.9357796766021212,0.8542204211557212,1.0405857347362493
background_member_A_B_C_ensemble,central__single_APT_37to6_large_Lover2_sphere_bound,MS,523.15,0.9983586794637201,0.9963126599036246,-0.0020460195600955355,-0.20493832549185415,0.9983567633910903,0.9983598863587744,0.9952454261318007,0.9972278767476371,0.8542204211557212,1.0405857347362493
background_member_A_B_C_ensemble,upper_1sigma__zero_particle_scattering_limit,MS,523.15,0.8971659933874517,0.8954550761502565,-0.0017109172371951864,-0.1907024173681878,0.8971644337136708,0.8971669808785941,0.8946074257944766,0.8961758312244904,0.8542204211557212,1.0405857347362493
background_member_A_B_C_ensemble,upper_1sigma__all_small_at_reported_max,MS,523.15,0.8984254941974127,0.896710506706487,-0.0017149874909256901,-0.19088811504149644,0.898423930297359,0.8984264842953128,0.8958602950217186,0.8974335188727051,0.8542204211557212,1.0405857347362493
background_member_A_B_C_ensemble,upper_1sigma__single_APT_37to6_prolate_AR10,MS,523.15,0.9005229208110181,0.8988011491148246,-0.0017217716961935858,-0.19119687643740865,0.9005213498612152,0.9005239152568975,0.8979466625784179,0.8995279289927085,0.8542204211557212,1.0405857347362493
background_member_A_B_C_ensemble,upper_1sigma__single_APT_37to6_prolate_AR5,MS,523.15,0.907904526398374,0.906158818723656,-0.0017457076747180444,-0.1922787720470132,0.9079029305207186,0.9079055362157563,0.9052891928072768,0.9068989482430839,0.8542204211557212,1.0405857347362493
background_member_A_B_C_ensemble,upper_1sigma__single_APT_37to6_prolate_AR2,MS,523.15,0.9511506592143265,0.9492629202996588,-0.0018877389146677581,-0.19846896980832418,0.9511489136381552,0.9511517612509128,0.9483016213491746,0.950084087707498,0.8542204211557212,1.0405857347362493
background_member_A_B_C_ensemble,upper_1sigma__single_APT_37to6_large_Lover2_sphere_bound,MS,523.15,1.0268371281573276,1.024694156663003,-0.0021429714943246303,-0.20869633903579432,1.026835105683506,1.0268384004074602,1.023560022782921,1.0256689741199883,0.8542204211557212,1.0405857347362493
nonprobabilistic_background_envelope,ALL_18_H2_MEMBERS,MS,523.15,0.9010546436171758,0.8993311505978847,-0.0017234930192910891,-0.19127503708036736,0.8971659933874517,1.0268371281573276,0.8954550761502565,1.024694156663003,0.8542204211557212,1.0405857347362493
background_member_A_B_C_ensemble,lower_1sigma__zero_particle_scattering_limit,MS,573.15,0.8508356589229292,0.8492738996743302,-0.0015617592485990262,-0.1835559231939166,0.8508342512542134,0.8508365523651965,0.8485174903732713,0.8499144270250862,0.85,1.03
background_member_A_B_C_ensemble,lower_1sigma__all_small_at_reported_max,MS,573.15,0.8512997650364019,0.8497365467899064,-0.0015632182464955235,-0.183627238100868,0.8512983558836905,0.8513006593955988,0.8489792518728663,0.850377850817782,0.85,1.03
background_member_A_B_C_ensemble,lower_1sigma__single_APT_37to6_prolate_AR10,MS,573.15,0.8520720161251477,0.8505063692618506,-0.0015656468632970766,-0.18374583763670074,0.85207060450152,0.8520729120110302,0.8497475994503422,0.8511489668418283,0.85,1.03
background_member_A_B_C_ensemble,lower_1sigma__single_APT_37to6_prolate_AR5,MS,573.15,0.8548081566457274,0.8532338958776718,-0.0015742607680555576,-0.18416538913631414,0.8548067362512234,0.8548090579503835,0.8524698876313138,0.853881088649756,0.85,1.03
background_member_A_B_C_ensemble,lower_1sigma__single_APT_37to6_prolate_AR2,MS,573.15,0.8725365369362925,0.8709061232744055,-0.0016304136618869869,-0.18685907040773356,0.8725350590992772,0.8725374737139809,0.8701076893800956,0.8715835464823751,0.85,1.03
background_member_A_B_C_ensemble,lower_1sigma__single_APT_37to6_large_Lover2_sphere_bound,MS,573.15,0.9117239922510443,0.9099674500324678,-0.0017565422185764623,-0.19266162056781724,0.9117223836875699,0.9117250096613675,0.9090899259146652,0.9107145269306551,0.85,1.03
background_member_A_B_C_ensemble,central__zero_particle_scattering_limit,MS,573.15,0.8508356589229292,0.8492738996743302,-0.0015617592485990262,-0.1835559231939166,0.8508342512542134,0.8508365523651965,0.8485174903732713,0.8499144270250862,0.85,1.03
background_member_A_B_C_ensemble,central__all_small_at_reported_max,MS,573.15,0.8516336772110641,0.8500694089992917,-0.0015642682117723572,-0.183678529117711,0.8516322669902056,0.851634572230235,0.8493114765502257,0.8507112721601218,0.85,1.03
background_member_A_B_C_ensemble,central__single_APT_37to6_prolate_AR10,MS,573.15,0.8529619431783294,0.8513934962138903,-0.0015684469644391408,-0.18388240846886464,0.8529605287047626,0.8529628408250167,0.850633024794079,0.8520375863135826,0.85,1.03
background_member_A_B_C_ensemble,central__single_APT_37to6_prolate_AR5,MS,573.15,0.8576509197845935,0.8560676944040759,-0.0015832253805175833,-0.18460020784624404,0.857649490250602,0.8576518267350676,0.8552982224636395,0.8567196813531116,0.85,1.03
background_member_A_B_C_ensemble,central__single_APT_37to6_prolate_AR2,MS,573.15,0.8864043907606781,0.8847296506687021,-0.0016747400919759903,-0.18893634885300972,0.8864028672511632,0.8864053557240733,0.8839037009093967,0.8854312755586405,0.85,1.03
background_member_A_B_C_ensemble,central__single_APT_37to6_large_Lover2_sphere_bound,MS,573.15,0.9412647836829203,0.9394114499517707,-0.0018533337311495979,-0.19689823344904,0.941263073176634,0.941265863886823,0.938471554675004,0.940213642727328,0.85,1.03
background_member_A_B_C_ensemble,upper_1sigma__zero_particle_scattering_limit,MS,573.15,0.8508356589229292,0.8492738996743302,-0.0015617592485990262,-0.1835559231939166,0.8508342512542134,0.8508365523651965,0.8485174903732713,0.8499144270250862,0.85,1.03
background_member_A_B_C_ensemble,upper_1sigma__all_small_at_reported_max,MS,573.15,0.8519677549407335,0.8504024360300843,-0.0015653189106492604,-0.18372983033356124,0.8519663436508206,0.8519686506204291,0.8496438654359314,0.8510448588809688,0.85,1.03
background_member_A_B_C_ensemble,upper_1sigma__single_APT_37to6_prolate_AR10,MS,573.15,0.8538526472310813,0.8522813962108966,-0.0015712510201847385,-0.18401899031174462,0.8538512299024034,0.8538535466416998,0.8515192195856243,0.852926982123706,0.85,1.03
background_member_A_B_C_ensemble,upper_1sigma__single_APT_37to6_prolate_AR5,MS,573.15,0.8604826009627655,0.8588904307684176,-0.001592170194347875,-0.18503223569732247,0.8604811622977521,0.8604835135531311,0.8581154950093268,0.8595472134101714,0.85,1.03
background_member_A_B_C_ensemble,upper_1sigma__single_APT_37to6_prolate_AR2,MS,573.15,0.8992106787169275,0.897494702333523,-0.0017159763834044828,-0.19083140625653913,0.8992091124569684,0.8992116700482554,0.8966428834675066,0.8982191110956618,0.85,1.03
background_member_A_B_C_ensemble,upper_1sigma__single_APT_37to6_large_Lover2_sphere_bound,MS,573.15,0.9665227902014849,0.9645856153344788,-0.001937174867006064,-0.20042723116774447,0.9665209902304722,0.9665239254566498,0.9635904984312692,0.9654367347565348,0.85,1.03
nonprobabilistic_background_envelope,ALL_18_H2_MEMBERS,MS,573.15,0.8543304019384044,0.8527576460442843,-0.001572755894120148,-0.18409218972402938,0.8508356589229292,0.9665227902014849,0.8492738996743302,0.9645856153344788,0.85,1.03
background_member_A_B_C_ensemble,lower_1sigma__zero_particle_scattering_limit,MIS,303.15,1.119376259427739,1.1513931458075148,0.032016886379775844,2.8602434713189204,1.119374012675001,1.1193773981472588,1.1473821187063629,1.1552480646563617,1.2625169478550462,1.5171687885490504
background_member_A_B_C_ensemble,lower_1sigma__all_small_at_reported_max,MIS,303.15,1.119387611850178,1.1518967734392709,0.032509161589092894,2.9041916530914773,1.1193853656065358,1.1193887534401734,1.1478455607412537,1.1557924009945169,1.2625169478550462,1.5171687885490504
background_member_A_B_C_ensemble,lower_1sigma__single_APT_37to6_prolate_AR10,MIS,303.15,1.119406725322811,1.1527338749731977,0.033327149650386634,2.977215421032588,1.119404479863925,1.1194078716497913,1.148615765117162,1.1566972760967211,1.2625169478550462,1.5171687885490504
background_member_A_B_C_ensemble,lower_1sigma__single_APT_37to6_prolate_AR5,MIS,303.15,1.1194765812128555,1.1556908316894703,0.03621425047661475,3.2349270261089123,1.1194743379402061,1.119477743942317,1.1513354080370213,1.159894710076109,1.2625169478550462,1.5171687885490504
background_member_A_B_C_ensemble,lower_1sigma__single_APT_37to6_prolate_AR2,MIS,303.15,1.119990923539249,1.1745483182885537,0.054557394749304766,4.871235436167609,1.1199886771947525,1.1199921805956785,1.1686458351037816,1.1803216400615055,1.2625169478550462,1.5171687885490504
background_member_A_B_C_ensemble,lower_1sigma__single_APT_37to6_large_Lover2_sphere_bound,MIS,303.15,1.12131650668567,1.2148251782548893,0.09350867156921927,8.339186216531086,1.1213141986224253,1.1213179252835048,1.2054574138470342,1.2241214130056253,1.2625169478550462,1.5171687885490504
background_member_A_B_C_ensemble,central__zero_particle_scattering_limit,MIS,303.15,1.119376259427739,1.1513931458075148,0.032016886379775844,2.8602434713189204,1.119374012675001,1.1193773981472588,1.1473821187063629,1.1552480646563617,1.2625169478550462,1.5171687885490504
background_member_A_B_C_ensemble,central__all_small_at_reported_max,MIS,303.15,1.1193958398735402,1.1522588641433666,0.03286302426982646,2.935782240671811,1.1193935939786834,1.1193969835177413,1.1481787303961997,1.1561837907883274,1.2625169478550462,1.5171687885490504
background_member_A_B_C_ensemble,central__single_APT_37to6_prolate_AR10,MIS,303.15,1.1194290836645668,1.1536971377849197,0.03426805412035283,3.0612081301454857,1.1194268390161906,1.1194302353906238,1.149501890929851,1.1577386949804913,1.2625169478550462,1.5171687885490504
background_member_A_B_C_ensemble,central__single_APT_37to6_prolate_AR5,MIS,303.15,1.1195523997332675,1.1587487507943957,0.039196351061128176,3.5010733816895643,1.1195501578301799,1.1195535789113082,1.1541463085602774,1.1632030261801025,1.2625169478550462,1.5171687885490504
background_member_A_B_C_ensemble,central__single_APT_37to6_prolate_AR2,MIS,303.15,1.1204415573559297,1.1889929194946702,0.06855136213874058,6.118245230077978,1.1204392948691293,1.1204428773232076,1.1818707925668523,1.1960052049388468,1.2625169478550462,1.5171687885490504
background_member_A_B_C_ensemble,central__single_APT_37to6_large_Lover2_sphere_bound,MIS,303.15,1.1470493254476888,1.2577924694383984,0.11074314399070961,9.654610445587158,1.1470468816212755,1.1470508603293053,1.2467666107611923,1.2687673677368136,1.2625169478550462,1.5171687885490504
background_member_A_B_C_ensemble,upper_1sigma__zero_particle_scattering_limit,MIS,303.15,1.119376259427739,1.1513931458075148,0.032016886379775844,2.8602434713189204,1.119374012675001,1.1193773981472588,1.1473821187063629,1.1552480646563617,1.2625169478550462,1.5171687885490504
background_member_A_B_C_ensemble,upper_1sigma__all_small_at_reported_max,MIS,303.15,1.1194041271022397,1.1526209236789744,0.03321679657673471,2.967364133516446,1.1194018815418902,1.119405272792524,1.1485118476780616,1.156575172192841,1.2625169478550462,1.5171687885490504
background_member_A_B_C_ensemble,upper_1sigma__single_APT_37to6_prolate_AR10,MIS,303.15,1.119451817537947,1.1546597714899702,0.03520795395202314,3.145106685293283,1.1194495736035595,1.1194529746052746,1.1503872725851714,1.158779610267053,1.2625169478550462,1.5171687885490504
background_member_A_B_C_ensemble,upper_1sigma__single_APT_37to6_prolate_AR5,MIS,303.15,1.1196308581723253,1.161780963185012,0.04215010501268668,3.764643025424657,1.1196286168160392,1.119632053178768,1.1569320328240476,1.166485179054618,1.2625169478550462,1.5171687885490504
background_member_A_B_C_ensemble,upper_1sigma__single_APT_37to6_prolate_AR2,MIS,303.15,1.1208784918798846,1.2021368555099403,0.08125836363005567,7.249524744985782,1.1208762082215837,1.1208798639108848,1.1938819164430234,1.2103008907437287,1.2625169478550462,1.5171687885490504
background_member_A_B_C_ensemble,upper_1sigma__single_APT_37to6_large_Lover2_sphere_bound,MIS,303.15,1.1860350357973501,1.3042150970407578,0.11818006124340763,9.964297653648762,1.1860324204501012,1.1860366847105017,1.292394461859269,1.3159844758600907,1.2625169478550462,1.5171687885490504
nonprobabilistic_background_envelope,ALL_18_H2_MEMBERS,MIS,303.15,1.1194641993754013,1.1551753015897201,0.035711102214318946,3.1900168557010975,1.119376259427739,1.1860350357973501,1.1513931458075148,1.3042150970407578,1.2625169478550462,1.5171687885490504
background_member_A_B_C_ensemble,lower_1sigma__zero_particle_scattering_limit,MIS,323.15,1.0900202686746319,1.1203822658114388,0.030361997136806984,2.7854525286694423,1.0900181345899618,1.090021345700938,1.1165886970645829,1.1240259203948815,1.0882440401175293,1.3578335586176062
background_member_A_B_C_ensemble,lower_1sigma__all_small_at_reported_max,MIS,323.15,1.0900281147876951,1.120857351039823,0.030829236252127856,2.8282973470030606,1.0900259812354418,1.090029194500636,1.117025765492638,1.1245395168815742,1.0882440401175293,1.3578335586176062
background_member_A_B_C_ensemble,lower_1sigma__single_APT_37to6_prolate_AR10,MIS,323.15,1.0900413514557226,1.121646965579603,0.03160561412388052,2.8994876278475146,1.0900392187308687,1.090042435602321,1.1177520954044298,1.125393244444267,1.0882440401175293,1.3578335586176062
background_member_A_B_C_ensemble,lower_1sigma__single_APT_37to6_prolate_AR5,MIS,323.15,1.0900899797756507,1.1244357280584447,0.03434574828279402,3.1507259877631983,1.0900878494242652,1.0900910792747467,1.1203163812904233,1.128409473537859,1.0882440401175293,1.3578335586176062
background_member_A_B_C_ensemble,lower_1sigma__single_APT_37to6_prolate_AR2,MIS,323.15,1.0904549608081908,1.1422043108973015,0.051749350089110635,4.745665978790779,1.0904528295925981,1.0904561485772795,1.1366225302725979,1.147661640657195,1.0882440401175293,1.3578335586176062
background_member_A_B_C_ensemble,lower_1sigma__single_APT_37to6_large_Lover2_sphere_bound,MIS,323.15,1.0914137163579127,1.1800657620171586,0.08865204565924589,8.122680183558714,1.091411531110725,1.0914150549843875,1.1712153647293022,1.188846075766299,1.0882440401175293,1.3578335586176062
background_member_A_B_C_ensemble,central__zero_particle_scattering_limit,MIS,323.15,1.0900202686746319,1.1203822658114388,0.030361997136806984,2.7854525286694423,1.0900181345899618,1.090021345700938,1.1165886970645829,1.1240259203948815,1.0882440401175293,1.3578335586176062
background_member_A_B_C_ensemble,central__all_small_at_reported_max,MIS,323.15,1.0900338083158116,1.1211989080543783,0.031165099738566626,2.859094782272778,1.0900316751302013,1.090034889951412,1.1173399629028993,1.124908790831486,1.0882440401175293,1.3578335586176062
background_member_A_B_C_ensemble,central__single_APT_37to6_prolate_AR10,MIS,323.15,1.0900568737075707,1.122555514479813,0.03249864077224229,2.9813711152250115,1.090054741848105,1.0900579629075893,1.1185876761394205,1.126375724731486,1.0882440401175293,1.3578335586176062
background_member_A_B_C_ensemble,central__single_APT_37to6_prolate_AR5,MIS,323.15,1.0901431263715151,1.1273189727125883,0.03717584634107318,3.4101803186899926,1.0901409976380896,1.0901442412662787,1.1229660073442,1.1315295297610015,1.0882440401175293,1.3578335586176062
background_member_A_B_C_ensemble,central__single_APT_37to6_prolate_AR2,MIS,323.15,1.0907793933765395,1.15579636154891,0.06501696817237046,5.960597401011449,1.0907772484750289,1.0907806399607456,1.1490629573910052,1.1624235580487503,1.0882440401175293,1.3578335586176062
background_member_A_B_C_ensemble,central__single_APT_37to6_large_Lover2_sphere_bound,MIS,323.15,1.1156361282865326,1.2204618995074172,0.10482577122088466,9.396053835391918,1.1156338190086301,1.1156375740965316,1.2100643001244822,1.2308086357704928,1.0882440401175293,1.3578335586176062
background_member_A_B_C_ensemble,upper_1sigma__zero_particle_scattering_limit,MIS,323.15,1.0900202686746319,1.1203822658114388,0.030361997136806984,2.7854525286694423,1.0900181345899618,1.090021345700938,1.1165886970645829,1.1240259203948815,1.0882440401175293,1.3578335586176062
background_member_A_B_C_ensemble,upper_1sigma__all_small_at_reported_max,MIS,323.15,1.090039549792513,1.1215404250744612,0.031500875281948115,2.889883700820236,1.0900374169601632,1.090040633343182,1.1176541007584573,1.1252780458324874,1.0882440401175293,1.3578335586176062
background_member_A_B_C_ensemble,upper_1sigma__single_APT_37to6_prolate_AR10,MIS,323.15,1.0900726988197653,1.1234633953213258,0.03339069650156046,3.063162350338006,1.0900705677351155,1.0900737930191466,1.119422483629089,1.127357652010903,1.0882440401175293,1.3578335586176062
background_member_A_B_C_ensemble,upper_1sigma__single_APT_37to6_prolate_AR5,MIS,323.15,1.0901984404240626,1.130177244380108,0.03997880395604536,3.667112561681386,1.090196312532545,1.0901995701334382,1.125591202327124,1.1346241407267694,1.0882440401175293,1.3578335586176062
background_member_A_B_C_ensemble,upper_1sigma__single_APT_37to6_prolate_AR2,MIS,323.15,1.0910957147888611,1.168151092463644,0.07705537767478288,7.062201476035852,1.0910935512808968,1.0910970099888302,1.1603491984609384,1.175864645174494,1.0882440401175293,1.3578335586176062
background_member_A_B_C_ensemble,upper_1sigma__single_APT_37to6_large_Lover2_sphere_bound,MIS,323.15,1.1524246030011227,1.2640643177032194,0.11163971470209666,9.687376893149157,1.1524221367038492,1.1524261529709765,1.2529419504530979,1.2751353108667034,1.0882440401175293,1.3578335586176062
nonprobabilistic_background_envelope,ALL_18_H2_MEMBERS,MIS,323.15,1.090081339297708,1.1239495616898854,0.03386822239217724,3.1069441690506023,1.0900202686746319,1.1524246030011227,1.1203822658114388,1.2640643177032194,1.0882440401175293,1.3578335586176062
background_member_A_B_C_ensemble,lower_1sigma__zero_particle_scattering_limit,MIS,373.15,1.0226729902710123,1.049426238012965,0.026753247741952757,2.616011960466761,1.0226711037601182,1.0226739346067377,1.0461051682629638,1.0526115456441536,0.9630520737428236,1.1846276278662375
background_member_A_B_C_ensemble,lower_1sigma__all_small_at_reported_max,MIS,373.15,1.0226736234679836,1.049839449972911,0.02716582650492727,2.656353491625741,1.0226717375248187,1.0226745679373122,1.0464850648639472,1.0530585052087698,0.9630520737428236,1.1846276278662375
background_member_A_B_C_ensemble,lower_1sigma__single_APT_37to6_prolate_AR10,MIS,373.15,1.0226747726378698,1.0505261363946865,0.027851363756816738,2.723384256852001,1.0226728875891922,1.02267572089331,1.0471162969313619,1.0538013701283597,0.9630520737428236,1.1846276278662375
background_member_A_B_C_ensemble,lower_1sigma__single_APT_37to6_prolate_AR5,MIS,373.15,1.0226797571177917,1.0529504635864926,0.030270706468700892,2.9599399282149212,1.0226778747588425,1.022680718484423,1.0493439639264301,1.0564249710193192,0.9630520737428236,1.1846276278662375
background_member_A_B_C_ensemble,lower_1sigma__single_APT_37to6_prolate_AR2,MIS,373.15,1.0227381807325326,1.0683642843748606,0.045626103642328,4.461171441712332,1.0227363017308901,1.0227392174557666,1.0634783633307532,1.0731366896813543,0.9630520737428236,1.1846276278662375
background_member_A_B_C_ensemble,lower_1sigma__single_APT_37to6_large_Lover2_sphere_bound,MIS,373.15,1.0229462778779992,1.1010291744093175,0.07808289653131828,7.6331375576529314,1.022944360361308,1.022947442816258,1.0932973417397174,1.1086948289206497,0.9630520737428236,1.1846276278662375
background_member_A_B_C_ensemble,central__zero_particle_scattering_limit,MIS,373.15,1.0226729902710123,1.049426238012965,0.026753247741952757,2.616011960466761,1.0226711037601182,1.0226739346067377,1.0461051682629638,1.0526115456441536,0.9630520737428236,1.1846276278662375
background_member_A_B_C_ensemble,central__all_small_at_reported_max,MIS,373.15,1.0226741037513287,1.050136498261768,0.027462394510439303,2.6853515122464664,1.0226722182025525,1.0226750498624877,1.0467581381596445,1.053379840856176,0.9630520737428236,1.1846276278662375
background_member_A_B_C_ensemble,central__single_APT_37to6_prolate_AR10,MIS,373.15,1.022676237080979,1.0513161122868822,0.028639875205903165,2.800483101831901,1.0226743529874645,1.0226771896519558,1.0478423394185437,1.0546561213923333,0.9630520737428236,1.1846276278662375
background_member_A_B_C_ensemble,central__single_APT_37to6_prolate_AR5,MIS,373.15,1.0226863165092939,1.0554554380669372,0.03276912155764333,3.204220202094152,1.0226844362141942,1.0226872910245297,1.0516443409403562,1.0591373334769947,0.9630520737428236,1.1846276278662375
background_member_A_B_C_ensemble,central__single_APT_37to6_prolate_AR2,MIS,373.15,1.022804066568068,1.0801180557167418,0.057313989148673805,5.603613734249808,1.0228021787867938,1.0228051534014118,1.0742271316654697,1.0859113799469338,0.9630520737428236,1.1846276278662375
background_member_A_B_C_ensemble,central__single_APT_37to6_large_Lover2_sphere_bound,MIS,373.15,1.0439063758243032,1.1359091923222204,0.0920028164979172,8.813320679765818,1.0439043584384833,1.0439076290594955,1.126863161865966,1.1449054530152603,0.9630520737428236,1.1846276278662375
background_member_A_B_C_ensemble,upper_1sigma__zero_particle_scattering_limit,MIS,373.15,1.0226729902710123,1.049426238012965,0.026753247741952757,2.616011960466761,1.0226711037601182,1.0226739346067377,1.0461051682629638,1.0526115456441536,0.9630520737428236,1.1846276278662375
background_member_A_B_C_ensemble,upper_1sigma__all_small_at_reported_max,MIS,373.15,1.0226746092266348,1.0504334903658137,0.027758881139178904,2.714341481516851,1.022672724060806,1.0226755569731731,1.0470311390768265,1.053701137805443,0.9630520737428236,1.1846276278662375
background_member_A_B_C_ensemble,upper_1sigma__single_APT_37to6_prolate_AR10,MIS,373.15,1.0226778577102622,1.0521053564885072,0.02942749877824502,2.877494467723404,1.0226759744942455,1.0226788145507584,1.0485675649729271,1.0555102347924967,0.9630520737428236,1.1846276278662375
background_member_A_B_C_ensemble,upper_1sigma__single_APT_37to6_prolate_AR5,MIS,373.15,1.022694096298978,1.057937234900388,0.03524313860141004,3.446107563244106,1.0226922173939919,1.022695083465925,1.0539220915976653,1.061826027460709,0.9630520737428236,1.1846276278662375
background_member_A_B_C_ensemble,upper_1sigma__single_APT_37to6_prolate_AR2,MIS,373.15,1.0228735893853564,1.0907751072791205,0.06790151789376409,6.638309816422773,1.0228716881851698,1.02287471752951,1.0839539347606026,1.097514238912959,0.9630520737428236,1.1846276278662375
background_member_A_B_C_ensemble,upper_1sigma__single_APT_37to6_large_Lover2_sphere_bound,MIS,373.15,1.0759454669015003,1.1734854285297336,0.09753996162823331,9.065511648013924,1.0759433222802857,1.0759468040744131,1.1638568678955714,1.1830633689953116,0.9630520737428236,1.1846276278662375
nonprobabilistic_background_envelope,ALL_18_H2_MEMBERS,MIS,373.15,1.022678807414027,1.0525279100375,0.029849102623472956,2.918717197969163,1.0226729902710123,1.0759454669015003,1.049426238012965,1.1734854285297336,0.9630520737428236,1.1846276278662375
background_member_A_B_C_ensemble,lower_1sigma__zero_particle_scattering_limit,MIS,423.15,0.9629398843172284,0.9867017016725921,0.023761817355363646,2.467632480734967,0.9629382047998256,0.9629407334957754,0.9837701287455686,0.9895099083699503,0.8755599608786824,1.0846874501637025
background_member_A_B_C_ensemble,lower_1sigma__all_small_at_reported_max,MIS,423.15,0.9629351029587779,0.9870641074891576,0.024129004530379694,2.5057768126054727,0.9629334240208511,0.9629359495793952,0.9841030863811163,0.9899021432673182,0.8755599608786824,1.0846874501637025
background_member_A_B_C_ensemble,lower_1sigma__single_APT_37to6_prolate_AR10,MIS,423.15,0.9629271794396432,0.9876662900638592,0.024739110624215965,2.569156957290624,0.962925501422605,0.9629280218741357,0.9846562545184402,0.9905539783869682,0.8755599608786824,1.0846874501637025
background_member_A_B_C_ensemble,lower_1sigma__single_APT_37to6_prolate_AR5,MIS,423.15,0.9628994158570635,0.9897915537895973,0.026892137932533755,2.7928293952278946,0.9628977406880599,0.9629002627481066,0.9866077262108784,0.9928553369852882,0.8755599608786824,1.0846874501637025
background_member_A_B_C_ensemble,lower_1sigma__single_APT_37to6_prolate_AR2,MIS,423.15,0.9627281302205118,1.0032780275046491,0.04054989728413727,4.211978024870776,0.9627264612385782,0.9627290420976179,0.9989648564767647,1.0074874280348682,0.8755599608786824,1.0846874501637025
background_member_A_B_C_ensemble,lower_1sigma__single_APT_37to6_large_Lover2_sphere_bound,MIS,423.15,0.9623752274187356,1.0317183406063644,0.06934311318762876,7.2054133577003565,0.9623735313847674,0.9623762494694478,1.0249031530590134,1.038471351744442,0.8755599608786824,1.0846874501637025
background_member_A_B_C_ensemble,central__zero_particle_scattering_limit,MIS,423.15,0.9629398843172284,0.9867017016725921,0.023761817355363646,2.467632480734967,0.9629382047998256,0.9629407334957754,0.9837701287455686,0.9895099083699503,0.8755599608786824,1.0846874501637025
background_member_A_B_C_ensemble,central__all_small_at_reported_max,MIS,423.15,0.9629316701198621,0.9873246120680469,0.024392941948184754,2.533195522081895,0.9629299915867011,0.9629325149197792,0.9843423997373055,0.9901841143243674,0.8755599608786824,1.0846874501637025
background_member_A_B_C_ensemble,central__single_APT_37to6_prolate_AR10,MIS,423.15,0.9629180939826038,0.9883589389224836,0.02544084493987986,2.642057003483775,0.96291641696142,0.9629189332871676,0.9852923991160455,0.9913038734151243,0.8755599608786824,1.0846874501637025
background_member_A_B_C_ensemble,central__single_APT_37to6_prolate_AR5,MIS,423.15,0.9628710341930792,0.9919863362761826,0.029115302083103423,3.0238008050063634,0.9628693613493604,0.9628718924258594,0.9886217543149142,0.9952333324226345,0.8755599608786824,1.0846874501637025
background_member_A_B_C_ensemble,central__single_APT_37to6_prolate_AR2,MIS,423.15,0.9626005809959501,1.0135329823401464,0.0509324013441963,5.291125140554074,0.9625989067937684,0.9626015360204055,1.0083345361728897,1.0186416637452147,0.8755599608786824,1.0846874501637025
background_member_A_B_C_ensemble,central__single_APT_37to6_large_Lover2_sphere_bound,MIS,423.15,0.9806698773742485,1.0621273324272307,0.08145745505298219,8.306307446812294,0.9806680999432336,0.980670973109423,1.0541818335634632,1.0700248551092848,0.8755599608786824,1.0846874501637025
background_member_A_B_C_ensemble,upper_1sigma__zero_particle_scattering_limit,MIS,423.15,0.9629398843172284,0.9867017016725921,0.023761817355363646,2.467632480734967,0.9629382047998256,0.9629407334957754,0.9837701287455686,0.9895099083699503,0.8755599608786824,1.0846874501637025
background_member_A_B_C_ensemble,upper_1sigma__all_small_at_reported_max,MIS,423.15,0.9629282456123454,0.9875850503802903,0.024656804767944962,2.560606657899541,0.9629265674740999,0.9629290886069438,0.9845816331938431,0.9904660338835019,0.8755599608786824,1.0846874501637025
background_member_A_B_C_ensemble,upper_1sigma__single_APT_37to6_prolate_AR10,MIS,423.15,0.962909056250481,0.9890508265384407,0.02614177028795972,2.714874277925524,0.9629073801581012,0.9629098992375434,0.9859277121197333,0.9920530850916328,0.8755599608786824,1.0846874501637025
background_member_A_B_C_ensemble,upper_1sigma__single_APT_37to6_prolate_AR5,MIS,423.15,0.9628431766945446,0.9941596379913692,0.03131646129682464,3.2524986472183905,0.9628415055876554,0.9628440458404964,0.9906148443549415,0.9975893574107928,0.8755599608786824,1.0846874501637025
background_member_A_B_C_ensemble,upper_1sigma__single_APT_37to6_prolate_AR2,MIS,423.15,0.9624856680606234,1.022810155999013,0.060324487938389626,6.267572592529244,0.9624839842840053,0.9624866585776387,1.016793916427003,1.0287503040081667,0.8755599608786824,1.0846874501637025
background_member_A_B_C_ensemble,upper_1sigma__single_APT_37to6_large_Lover2_sphere_bound,MIS,423.15,1.0088207553631279,1.0948427451573697,0.0860219897942418,8.526984534857032,1.0088188734118528,1.0088219196737194,1.086421788084413,1.103214714393324,0.8755599608786824,1.0846874501637025
nonprobabilistic_background_envelope,ALL_18_H2_MEMBERS,MIS,423.15,0.9629226367111234,0.989421190164019,0.026516954110246738,2.7538518365767093,0.9623752274187356,1.0088207553631279,0.9867017016725921,1.0948427451573697,0.8755599608786824,1.0846874501637025
background_member_A_B_C_ensemble,lower_1sigma__zero_particle_scattering_limit,MIS,473.15,0.9096838503594974,0.9309381652677556,0.021254314908258243,2.3364507240464656,0.9096823454746706,0.9096846184764587,0.9283312319934438,0.9334325924686246,0.8549317391464868,1.08433179116832
background_member_A_B_C_ensemble,lower_1sigma__all_small_at_reported_max,MIS,473.15,0.9096750192054378,0.9312584036367252,0.021583384431287378,2.372647811098467,0.9096735148966126,0.9096757850250747,0.9286252418602867,0.9337793973438384,0.8549317391464868,1.08433179116832
background_member_A_B_C_ensemble,lower_1sigma__single_APT_37to6_prolate_AR10,MIS,473.15,0.9096603100214417,0.9317904610104173,0.02213015098897564,2.4327928508229637,0.9096588066334206,0.9096610720792705,0.9291136458235667,0.9343556743632974,0.8549317391464868,1.08433179116832
background_member_A_B_C_ensemble,lower_1sigma__single_APT_37to6_prolate_AR5,MIS,473.15,0.9096080553996142,0.9336676502498862,0.02405959485027198,2.6450507674651127,0.9096065549132418,0.9096088065701504,0.9308360736223846,0.9363896684075744,0.8549317391464868,1.08433179116832
background_member_A_B_C_ensemble,lower_1sigma__single_APT_37to6_prolate_AR2,MIS,473.15,0.9092650385155093,0.9455590969121846,0.03629405839667532,3.9915818665952427,0.9092635460765359,0.9092658462360147,0.9417228018186864,0.9493002700833715,0.8549317391464868,1.08433179116832
background_member_A_B_C_ensemble,lower_1sigma__single_APT_37to6_large_Lover2_sphere_bound,MIS,473.15,0.9084931878384226,0.970524253727965,0.062031065889542436,6.82790655119087,0.90849167689225,0.908494091155466,0.9644695709158895,0.9765206485838182,0.8549317391464868,1.08433179116832
background_member_A_B_C_ensemble,central__zero_particle_scattering_limit,MIS,473.15,0.9096838503594974,0.9309381652677556,0.021254314908258243,2.3364507240464656,0.9096823454746706,0.9096846184764587,0.9283312319934438,0.9334325924686246,0.8549317391464868,1.08433179116832
background_member_A_B_C_ensemble,central__all_small_at_reported_max,MIS,473.15,0.909668659645206,0.9314885809873271,0.021819921342121074,2.3986669333679584,0.9096671557402466,0.9096694238290265,0.9288365454853567,0.9340286926740673,0.8549317391464868,1.08433179116832
background_member_A_B_C_ensemble,central__single_APT_37to6_prolate_AR10,MIS,473.15,0.9096433344167377,0.9324023592064655,0.0227590247897278,2.501972358685051,0.909641832033014,0.9096440922316421,0.9296752233054071,0.9350185516027015,0.8549317391464868,1.08433179116832
background_member_A_B_C_ensemble,central__single_APT_37to6_prolate_AR5,MIS,473.15,0.9095535454938108,0.9356052940008354,0.02605174850702452,2.8642347265966204,0.9095520474693551,0.9095543065347779,0.9326127939375763,0.938490416993907,0.8549317391464868,1.08433179116832
background_member_A_B_C_ensemble,central__single_APT_37to6_prolate_AR2,MIS,473.15,0.9089929510108137,0.9545779271743666,0.04558497616355295,5.014887751644474,0.908991455947583,0.9089937962339367,0.9499554191640597,0.9591177300491828,0.8549317391464868,1.08433179116832
background_member_A_B_C_ensemble,central__single_APT_37to6_large_Lover2_sphere_bound,MIS,473.15,0.9245857903424288,0.997262420756542,0.07267663041411321,7.8604528831442195,0.9245842123326067,0.9245867558621356,0.9902249994942842,1.004253981522418,0.8549317391464868,1.08433179116832
background_member_A_B_C_ensemble,upper_1sigma__zero_particle_scattering_limit,MIS,473.15,0.9096838503594974,0.9309381652677556,0.021254314908258243,2.3364507240464656,0.9096823454746706,0.9096846184764587,0.9283312319934438,0.9334325924686246,0.8549317391464868,1.08433179116832
background_member_A_B_C_ensemble,upper_1sigma__all_small_at_reported_max,MIS,473.15,0.9096622958263243,0.9317186860946909,0.022056390268366588,2.4246789571871696,0.9096607923166983,0.9096630583876427,0.92904776521905,0.9342779284145727,0.8549317391464868,1.08433179116832
background_member_A_B_C_ensemble,upper_1sigma__single_APT_37to6_prolate_AR10,MIS,473.15,0.9096263256773313,0.9330134885091944,0.02338716283186315,2.571073656476297,0.9096248242396712,0.9096270793417583,0.9302359728712613,0.9356807256459627,0.8549317391464868,1.08433179116832
background_member_A_B_C_ensemble,upper_1sigma__single_APT_37to6_prolate_AR5,MIS,473.15,0.9094990416532877,0.9375230302730096,0.028023988619721996,3.0812554314273912,0.9094975455740372,0.9094998121921535,0.9343701308133783,0.9405707809741565,0.8549317391464868,1.08433179116832
background_member_A_B_C_ensemble,upper_1sigma__single_APT_37to6_prolate_AR2,MIS,473.15,0.9087403010639069,0.9627202072177569,0.053979906153849955,5.9400805808494495,0.908738799302325,0.9087411770801919,0.9573726443296073,0.9679971749399335,0.8549317391464868,1.08433179116832
background_member_A_B_C_ensemble,upper_1sigma__single_APT_37to6_large_Lover2_sphere_bound,MIS,473.15,0.949515516558499,1.0260022912994333,0.07648677474093435,8.055347533251402,0.94951385163965,0.9495165387902733,1.018571570247319,1.0333860790091338,0.8549317391464868,1.08433179116832
nonprobabilistic_background_envelope,ALL_18_H2_MEMBERS,MIS,473.15,0.9096518222190897,0.9333405693795402,0.023723378841067566,2.608062211970705,0.9084931878384226,0.949515516558499,0.9309381652677556,1.0260022912994333,0.8549317391464868,1.08433179116832
background_member_A_B_C_ensemble,lower_1sigma__zero_particle_scattering_limit,MIS,523.15,0.8619473239506542,0.881078553873566,0.01913122992291183,2.2195358569275028,0.8619459676763579,0.8619480224276722,0.878744955579397,0.8833091849303517,0.8542204211557212,1.0405857347362493
background_member_A_B_C_ensemble,lower_1sigma__all_small_at_reported_max,MIS,523.15,0.8619354766115851,0.8813634441424195,0.019427967530834422,2.253993257965093,0.8619341209001761,0.8619361730162025,0.879006327111535,0.8836178957349081,0.8542204211557212,1.0405857347362493
background_member_A_B_C_ensemble,lower_1sigma__single_APT_37to6_prolate_AR10,MIS,523.15,0.8619157134554091,0.8818367247808551,0.019921011325445992,2.3112481898703194,0.8619143586477577,0.8619164064647271,0.8794404658712752,0.884130823828098,0.8542204211557212,1.0405857347362493
background_member_A_B_C_ensemble,lower_1sigma__single_APT_37to6_prolate_AR5,MIS,523.15,0.8618452160327325,0.8835060632745732,0.021660847241840697,2.5133106083190264,0.8618438641115971,0.8618458975245818,0.8809710533689288,0.8859407377174746,0.8542204211557212,1.0405857347362493
background_member_A_B_C_ensemble,lower_1sigma__single_APT_37to6_prolate_AR2,MIS,523.15,0.8613742237989205,0.8940639109414552,0.03268968714253473,3.795062150613625,0.8613728811067117,0.8613749438349283,0.890628836962002,0.8974115370195825,0.8542204211557212,1.0405857347362493
background_member_A_B_C_ensemble,lower_1sigma__single_APT_37to6_large_Lover2_sphere_bound,MIS,523.15,0.8602901413629045,0.9161391686122081,0.05584902724930363,6.491882745607832,0.8602887865816007,0.8602909450671562,0.9107224841852959,0.9215012464769133,0.8542204211557212,1.0405857347362493
background_member_A_B_C_ensemble,central__zero_particle_scattering_limit,MIS,523.15,0.8619473239506542,0.881078553873566,0.01913122992291183,2.2195358569275028,0.8619459676763579,0.8619480224276722,0.878744955579397,0.8833091849303517,0.8542204211557212,1.0405857347362493
background_member_A_B_C_ensemble,central__all_small_at_reported_max,MIS,523.15,0.8619269372736703,0.8815682009763753,0.019641263702705025,2.2787620218520597,0.8619255819580323,0.8619276322021227,0.879194160561221,0.8838397940420103,0.8542204211557212,1.0405857347362493
background_member_A_B_C_ensemble,central__single_APT_37to6_prolate_AR10,MIS,523.15,0.8618928610136568,0.8823809523049716,0.02048809129131479,2.377104187545899,0.8618915071978235,0.8618935501907267,0.8799395756961026,0.8847207568451059,0.8542204211557212,1.0405857347362493
background_member_A_B_C_ensemble,central__single_APT_37to6_prolate_AR5,MIS,523.15,0.8617712408990338,0.88522838813376,0.02345714723472625,2.7219691400069035,0.8617698914922151,0.8617719199868712,0.8825491307084353,0.887809257651595,0.8542204211557212,1.0405857347362493
background_member_A_B_C_ensemble,central__single_APT_37to6_prolate_AR2,MIS,523.15,0.8609943953515318,0.9020524170565811,0.04105802170504935,4.768674677410176,0.8609930519345672,0.860995148257485,0.8979140581823791,0.9061144081363276,0.8542204211557212,1.0405857347362493
background_member_A_B_C_ensemble,central__single_APT_37to6_large_Lover2_sphere_bound,MIS,523.15,0.8745446997846832,0.9398282268751642,0.06528352709048102,7.464858812425954,0.8745432892133654,0.8745455565414576,0.9335489943096141,0.9460638312867925,0.8542204211557212,1.0405857347362493
background_member_A_B_C_ensemble,upper_1sigma__zero_particle_scattering_limit,MIS,523.15,0.8619473239506542,0.881078553873566,0.01913122992291183,2.2195358569275028,0.8619459676763579,0.8619480224276722,0.878744955579397,0.8833091849303517,0.8542204211557212,1.0405857347362493
background_member_A_B_C_ensemble,upper_1sigma__all_small_at_reported_max,MIS,523.15,0.8619183842303452,0.8817728823704032,0.01985449814005802,2.3035241506987,0.8619170293030476,0.8619190776942286,0.8793819084880463,0.8840616278881422,0.8542204211557212,1.0405857347362493
background_member_A_B_C_ensemble,upper_1sigma__single_APT_37to6_prolate_AR10,MIS,523.15,0.8618699148535302,0.8829244173108369,0.02105450245730678,2.442886344499549,0.8618685619786692,0.8618706002790383,0.8804378727483385,0.885309983547323,0.8542204211557212,1.0405857347362493
background_member_A_B_C_ensemble,upper_1sigma__single_APT_37to6_prolate_AR5,MIS,523.15,0.8616968831383707,0.8869322489549459,0.02523536581657526,2.928566449569365,0.8616955357899945,0.8616975705586061,0.8841092440622899,0.8896588553032502,0.8542204211557212,1.0405857347362493
background_member_A_B_C_ensemble,upper_1sigma__single_APT_37to6_prolate_AR2,MIS,523.15,0.8606390863752112,0.909251088606381,0.04861200223116979,5.648360968116257,0.8606377384289893,0.8606398662299661,0.9044650873722776,0.9139715205709478,0.8542204211557212,1.0405857347362493
background_member_A_B_C_ensemble,upper_1sigma__single_APT_37to6_large_Lover2_sphere_bound,MIS,523.15,0.8967768800264171,0.9652760364949637,0.06849915646854665,7.638372263402778,0.8967753964050419,0.8967777841966259,0.9586676167874195,0.971839750680972,0.8542204211557212,1.0405857347362493
nonprobabilistic_background_envelope,ALL_18_H2_MEMBERS,MIS,523.15,0.8619042872345329,0.883215240292705,0.021357674849573738,2.4780984764092877,0.8602901413629045,0.8967768800264171,0.881078553873566,0.9652760364949637,0.8542204211557212,1.0405857347362493
background_member_A_B_C_ensemble,lower_1sigma__zero_particle_scattering_limit,MIS,573.15,0.818936440383751,0.8362537425164406,0.01731730213268956,2.11460881195795,0.8189352115982815,0.8189370785680751,0.8341524090408836,0.8382605164988101,0.85,1.03
background_member_A_B_C_ensemble,lower_1sigma__all_small_at_reported_max,MIS,573.15,0.8189223618582656,0.8365087292805385,0.01758636742227293,2.147501184650356,0.8189211336166577,0.8189229981654921,0.8343861798695522,0.8385369901664513,0.85,1.03
background_member_A_B_C_ensemble,lower_1sigma__single_APT_37to6_prolate_AR10,MIS,573.15,0.8188988597120495,0.8369322924371648,0.018033432725115373,2.202156287219217,0.8188976323465739,0.8188994929424467,0.834774434793085,0.8389963154790047,0.85,1.03
background_member_A_B_C_ensemble,lower_1sigma__single_APT_37to6_prolate_AR5,MIS,573.15,0.8188148623557389,0.8384258759123737,0.01961101355663486,2.3950485583778693,0.8188136378171884,0.8188154851348228,0.8361428686993267,0.8406166864868043,0.85,1.03
background_member_A_B_C_ensemble,lower_1sigma__single_APT_37to6_prolate_AR2,MIS,573.15,0.8182490534791217,0.8478582080017247,0.029609154522603043,3.6185993001406564,0.8182478388736046,0.8182496990699365,0.8447639036750545,0.8508718853274322,0.85,1.03
background_member_A_B_C_ensemble,lower_1sigma__single_APT_37to6_large_Lover2_sphere_bound,MIS,573.15,0.8169333665234052,0.8675063926737145,0.05057302615030934,6.190593777009159,0.8169321446782768,0.8169340859091995,0.8626302826829193,0.8723313335959004,0.85,1.03
background_member_A_B_C_ensemble,central__zero_particle_scattering_limit,MIS,573.15,0.818936440383751,0.8362537425164406,0.01731730213268956,2.11460881195795,0.8189352115982815,0.8189370785680751,0.8341524090408836,0.8382605164988101,0.85,1.03
background_member_A_B_C_ensemble,central__all_small_at_reported_max,MIS,573.15,0.8189122099707465,0.8366919827432658,0.017779772772519298,2.1711451552486234,0.8189109821123531,0.8189128449404985,0.8345541672883116,0.8387357054812636,0.85,1.03
background_member_A_B_C_ensemble,central__single_APT_37to6_prolate_AR10,MIS,573.15,0.8188716589776223,0.837419288608774,0.018547629631151752,2.265022781996002,0.8188704325781857,0.8188722887329623,0.8352207339845745,0.8395245363640734,0.85,1.03
background_member_A_B_C_ensemble,central__single_APT_37to6_prolate_AR5,MIS,573.15,0.8187264769723769,0.8399662281354524,0.021239751163075526,2.5942426146543367,0.8187252549440004,0.8187270895913473,0.8375531344451518,0.8422888736697508,0.85,1.03
background_member_A_B_C_ensemble,central__single_APT_37to6_prolate_AR2,MIS,573.15,0.8177893188160681,0.8549795951818174,0.03719027636574934,4.5476598324358815,0.8177881048764699,0.8177899934323988,0.8512521541828877,0.8586363538895015,0.85,1.03
background_member_A_B_C_ensemble,central__single_APT_37to6_large_Lover2_sphere_bound,MIS,573.15,0.8296391863955614,0.8886361100906237,0.058996923695062264,7.111154422608635,0.829637917736794,0.8296399514480518,0.882996624760846,0.8942342024547456,0.85,1.03
background_member_A_B_C_ensemble,upper_1sigma__zero_particle_scattering_limit,MIS,573.15,0.818936440383751,0.8362537425164406,0.01731730213268956,2.11460881195795,0.8189352115982815,0.8189370785680751,0.8341524090408836,0.8382605164988101,0.85,1.03
background_member_A_B_C_ensemble,upper_1sigma__all_small_at_reported_max,MIS,573.15,0.8189020372761009,0.836875159459893,0.0179731221837921,2.194782936867,0.818900809794419,0.8189026709185352,0.8347220691317279,0.8389343536825618,0.85,1.03
background_member_A_B_C_ensemble,upper_1sigma__single_APT_37to6_prolate_AR10,MIS,573.15,0.8188443190452923,0.8379055375080063,0.019061218462714025,2.3278195890688838,0.8188430935672869,0.8188449453963889,0.8356662425441324,0.8400520586708988,0.85,1.03
background_member_A_B_C_ensemble,upper_1sigma__single_APT_37to6_prolate_AR5,MIS,573.15,0.818637415967561,0.8414894331419761,0.022852017174415096,2.7914699143583515,0.8186361960454361,0.8186380327394686,0.8389467266112698,0.8439434774979919,0.85,1.03
background_member_A_B_C_ensemble,upper_1sigma__single_APT_37to6_prolate_AR2,MIS,573.15,0.8173578515556069,0.861385902638769,0.0440280510831621,5.386630959666846,0.8173566347333693,0.8173585499394614,0.857076138744556,0.8656346712357181,0.85,1.03
background_member_A_B_C_ensemble,upper_1sigma__single_APT_37to6_large_Lover2_sphere_bound,MIS,573.15,0.8495901115872453,0.9113274985129275,0.0617373869256822,7.266726164025312,0.8495887809318516,0.8495909166663428,0.9054096069814905,0.9172029469704046,0.85,1.03
nonprobabilistic_background_envelope,ALL_18_H2_MEMBERS,MIS,573.15,0.8188852593448359,0.83816570671019,0.019336116009674442,2.3614340737233768,0.8169333665234052,0.8495901115872453,0.8362537425164406,0.9113274985129275,0.85,1.03
