replicate,age_h,curvature_low_nm_inv,curvature_high_nm_inv,area_weighted_probability
A,6,-2.0,-1.98,0.0
A,6,-1.98,-1.96,0.0
A,6,-1.96,-1.94,0.0
A,6,-1.94,-1.92,0.0
A,6,-1.92,-1.9,0.0
A,6,-1.9,-1.88,0.0
A,6,-1.88,-1.8599999999999999,0.0
A,6,-1.8599999999999999,-1.84,0.0
A,6,-1.84,-1.82,0.0
A,6,-1.82,-1.8,0.0
A,6,-1.8,-1.78,0.0
A,6,-1.78,-1.76,0.0
A,6,-1.76,-1.74,0.0
A,6,-1.74,-1.72,0.0
A,6,-1.72,-1.7,0.0
A,6,-1.7,-1.68,0.0
A,6,-1.68,-1.66,0.0
A,6,-1.66,-1.6400000000000001,0.0
A,6,-1.6400000000000001,-1.62,0.0
A,6,-1.62,-1.6,0.0
A,6,-1.6,-1.58,0.0
A,6,-1.58,-1.56,0.0
A,6,-1.56,-1.54,0.0
A,6,-1.54,-1.52,0.0
A,6,-1.52,-1.5,0.0
A,6,-1.5,-1.48,0.0
A,6,-1.48,-1.46,0.0
A,6,-1.46,-1.44,0.0
A,6,-1.44,-1.42,0.0
A,6,-1.42,-1.4,0.0
A,6,-1.4,-1.38,0.0
A,6,-1.38,-1.3599999999999999,0.0
A,6,-1.3599999999999999,-1.3399999999999999,0.0
A,6,-1.3399999999999999,-1.3199999999999998,0.0
A,6,-1.3199999999999998,-1.2999999999999998,0.0
A,6,-1.2999999999999998,-1.28,0.0
A,6,-1.28,-1.26,0.0
A,6,-1.26,-1.24,0.0
A,6,-1.24,-1.22,0.0
A,6,-1.22,-1.2,0.0
A,6,-1.2,-1.18,0.0
A,6,-1.18,-1.1600000000000001,0.0
A,6,-1.1600000000000001,-1.1400000000000001,0.0
A,6,-1.1400000000000001,-1.12,0.0
A,6,-1.12,-1.1,0.0
A,6,-1.1,-1.08,0.0
A,6,-1.08,-1.06,0.0
A,6,-1.06,-1.04,0.0
A,6,-1.04,-1.02,0.0
A,6,-1.02,-1.0,0.0
A,6,-1.0,-0.98,0.0
A,6,-0.98,-0.96,0.0
A,6,-0.96,-0.94,0.0
A,6,-0.94,-0.9199999999999999,0.0
A,6,-0.9199999999999999,-0.8999999999999999,0.0
A,6,-0.8999999999999999,-0.8799999999999999,0.0
A,6,-0.8799999999999999,-0.8599999999999999,0.0
A,6,-0.8599999999999999,-0.8400000000000001,0.0
A,6,-0.8400000000000001,-0.8200000000000001,0.0
A,6,-0.8200000000000001,-0.8,0.0
A,6,-0.8,-0.78,0.0
A,6,-0.78,-0.76,0.0
A,6,-0.76,-0.74,0.0
A,6,-0.74,-0.72,0.0
A,6,-0.72,-0.7,0.0
A,6,-0.7,-0.6799999999999999,0.0
A,6,-0.6799999999999999,-0.6599999999999999,0.0
A,6,-0.6599999999999999,-0.6399999999999999,0.0
A,6,-0.6399999999999999,-0.6199999999999999,0.0
A,6,-0.6199999999999999,-0.5999999999999999,0.0
A,6,-0.5999999999999999,-0.5800000000000001,0.0
A,6,-0.5800000000000001,-0.56,0.0
A,6,-0.56,-0.54,0.0
A,6,-0.54,-0.52,0.0
A,6,-0.52,-0.5,0.0
A,6,-0.5,-0.48,0.0
A,6,-0.48,-0.45999999999999996,0.0
A,6,-0.45999999999999996,-0.43999999999999995,0.0
A,6,-0.43999999999999995,-0.41999999999999993,0.0
A,6,-0.41999999999999993,-0.3999999999999999,0.0
A,6,-0.3999999999999999,-0.3799999999999999,0.0
A,6,-0.3799999999999999,-0.3599999999999999,0.0
A,6,-0.3599999999999999,-0.33999999999999986,0.0
A,6,-0.33999999999999986,-0.32000000000000006,0.0
A,6,-0.32000000000000006,-0.30000000000000004,0.0
A,6,-0.30000000000000004,-0.28,0.0
A,6,-0.28,-0.26,0.0
A,6,-0.26,-0.24,0.0
A,6,-0.24,-0.21999999999999997,0.0
A,6,-0.21999999999999997,-0.19999999999999996,0.0
A,6,-0.19999999999999996,-0.17999999999999994,0.0
A,6,-0.17999999999999994,-0.15999999999999992,0.02393834785779347
A,6,-0.15999999999999992,-0.1399999999999999,0.1276885109217558
A,6,-0.1399999999999999,-0.11999999999999988,0.13910813625069862
A,6,-0.11999999999999988,-0.09999999999999987,0.16897312447208912
A,6,-0.09999999999999987,-0.08000000000000007,0.37383201473169525
A,6,-0.08000000000000007,-0.06000000000000005,0.16645986576596775
A,6,-0.06000000000000005,-0.040000000000000036,0.0
A,6,-0.040000000000000036,-0.020000000000000018,0.0
A,6,-0.020000000000000018,0.0,0.0
A,6,0.0,0.020000000000000018,0.0
A,6,0.020000000000000018,0.040000000000000036,0.0
A,6,0.040000000000000036,0.06000000000000005,0.0
A,6,0.06000000000000005,0.08000000000000007,0.0
A,6,0.08000000000000007,0.10000000000000009,0.0
A,6,0.10000000000000009,0.1200000000000001,0.0
A,6,0.1200000000000001,0.14000000000000012,0.0
A,6,0.14000000000000012,0.16000000000000014,0.0
A,6,0.16000000000000014,0.18000000000000016,0.0
A,6,0.18000000000000016,0.20000000000000018,0.0
A,6,0.20000000000000018,0.2200000000000002,0.0
A,6,0.2200000000000002,0.2400000000000002,0.0
A,6,0.2400000000000002,0.26000000000000023,0.0
A,6,0.26000000000000023,0.28000000000000025,0.0
A,6,0.28000000000000025,0.30000000000000027,0.0
A,6,0.30000000000000027,0.31999999999999984,0.0
A,6,0.31999999999999984,0.33999999999999986,0.0
A,6,0.33999999999999986,0.3599999999999999,0.0
A,6,0.3599999999999999,0.3799999999999999,0.0
A,6,0.3799999999999999,0.3999999999999999,0.0
A,6,0.3999999999999999,0.41999999999999993,0.0
A,6,0.41999999999999993,0.43999999999999995,0.0
A,6,0.43999999999999995,0.45999999999999996,0.0
A,6,0.45999999999999996,0.48,0.0
A,6,0.48,0.5,0.0
A,6,0.5,0.52,0.0
A,6,0.52,0.54,0.0
A,6,0.54,0.56,0.0
A,6,0.56,0.5800000000000001,0.0
A,6,0.5800000000000001,0.6000000000000001,0.0
A,6,0.6000000000000001,0.6200000000000001,0.0
A,6,0.6200000000000001,0.6400000000000001,0.0
A,6,0.6400000000000001,0.6600000000000001,0.0
A,6,0.6600000000000001,0.6800000000000002,0.0
A,6,0.6800000000000002,0.7000000000000002,0.0
A,6,0.7000000000000002,0.7200000000000002,0.0
A,6,0.7200000000000002,0.7400000000000002,0.0
A,6,0.7400000000000002,0.7600000000000002,0.0
A,6,0.7600000000000002,0.7800000000000002,0.0
A,6,0.7800000000000002,0.8000000000000003,0.0
A,6,0.8000000000000003,0.8199999999999998,0.0
A,6,0.8199999999999998,0.8399999999999999,0.0
A,6,0.8399999999999999,0.8599999999999999,0.0
A,6,0.8599999999999999,0.8799999999999999,0.0
A,6,0.8799999999999999,0.8999999999999999,0.0
A,6,0.8999999999999999,0.9199999999999999,0.0
A,6,0.9199999999999999,0.94,0.0
A,6,0.94,0.96,0.0
A,6,0.96,0.98,0.0
A,6,0.98,1.0,0.0
A,6,1.0,1.02,0.0
A,6,1.02,1.04,0.0
A,6,1.04,1.06,0.0
A,6,1.06,1.08,0.0
A,6,1.08,1.1,0.0
A,6,1.1,1.12,0.0
A,6,1.12,1.1400000000000001,0.0
A,6,1.1400000000000001,1.1600000000000001,0.0
A,6,1.1600000000000001,1.1800000000000002,0.0
A,6,1.1800000000000002,1.2000000000000002,0.0
A,6,1.2000000000000002,1.2200000000000002,0.0
A,6,1.2200000000000002,1.2400000000000002,0.0
A,6,1.2400000000000002,1.2600000000000002,0.0
A,6,1.2600000000000002,1.2800000000000002,0.0
A,6,1.2800000000000002,1.3000000000000003,0.0
A,6,1.3000000000000003,1.3200000000000003,0.0
A,6,1.3200000000000003,1.3399999999999999,0.0
A,6,1.3399999999999999,1.3599999999999999,0.0
A,6,1.3599999999999999,1.38,0.0
A,6,1.38,1.4,0.0
A,6,1.4,1.42,0.0
A,6,1.42,1.44,0.0
A,6,1.44,1.46,0.0
A,6,1.46,1.48,0.0
A,6,1.48,1.5,0.0
A,6,1.5,1.52,0.0
A,6,1.52,1.54,0.0
A,6,1.54,1.56,0.0
A,6,1.56,1.58,0.0
A,6,1.58,1.6,0.0
A,6,1.6,1.62,0.0
A,6,1.62,1.6400000000000001,0.0
A,6,1.6400000000000001,1.6600000000000001,0.0
A,6,1.6600000000000001,1.6800000000000002,0.0
A,6,1.6800000000000002,1.7000000000000002,0.0
A,6,1.7000000000000002,1.7200000000000002,0.0
A,6,1.7200000000000002,1.7400000000000002,0.0
A,6,1.7400000000000002,1.7600000000000002,0.0
A,6,1.7600000000000002,1.7800000000000002,0.0
A,6,1.7800000000000002,1.8000000000000003,0.0
A,6,1.8000000000000003,1.8200000000000003,0.0
A,6,1.8200000000000003,1.8399999999999999,0.0
A,6,1.8399999999999999,1.8599999999999999,0.0
A,6,1.8599999999999999,1.88,0.0
A,6,1.88,1.9,0.0
A,6,1.9,1.92,0.0
A,6,1.92,1.94,0.0
A,6,1.94,1.96,0.0
A,6,1.96,1.98,0.0
A,6,1.98,2.0,0.0
A,12,-2.0,-1.98,0.0
A,12,-1.98,-1.96,0.0
A,12,-1.96,-1.94,0.0
A,12,-1.94,-1.92,0.0
A,12,-1.92,-1.9,0.0
A,12,-1.9,-1.88,0.0
A,12,-1.88,-1.8599999999999999,0.0
A,12,-1.8599999999999999,-1.84,0.0
A,12,-1.84,-1.82,0.0
A,12,-1.82,-1.8,0.0
A,12,-1.8,-1.78,0.0
A,12,-1.78,-1.76,0.0
A,12,-1.76,-1.74,0.0
A,12,-1.74,-1.72,0.0
A,12,-1.72,-1.7,0.0
A,12,-1.7,-1.68,0.0
A,12,-1.68,-1.66,0.0
A,12,-1.66,-1.6400000000000001,0.0
A,12,-1.6400000000000001,-1.62,0.0
A,12,-1.62,-1.6,0.0
A,12,-1.6,-1.58,0.0
A,12,-1.58,-1.56,0.0
A,12,-1.56,-1.54,0.0
A,12,-1.54,-1.52,0.0
A,12,-1.52,-1.5,0.0
A,12,-1.5,-1.48,0.0
A,12,-1.48,-1.46,0.0
A,12,-1.46,-1.44,0.0
A,12,-1.44,-1.42,0.0
A,12,-1.42,-1.4,0.0
A,12,-1.4,-1.38,0.0
A,12,-1.38,-1.3599999999999999,0.0
A,12,-1.3599999999999999,-1.3399999999999999,0.0
A,12,-1.3399999999999999,-1.3199999999999998,0.0
A,12,-1.3199999999999998,-1.2999999999999998,0.0
A,12,-1.2999999999999998,-1.28,0.0
A,12,-1.28,-1.26,0.0
A,12,-1.26,-1.24,0.0
A,12,-1.24,-1.22,0.0
A,12,-1.22,-1.2,0.0
A,12,-1.2,-1.18,0.0
A,12,-1.18,-1.1600000000000001,0.0
A,12,-1.1600000000000001,-1.1400000000000001,0.0
A,12,-1.1400000000000001,-1.12,0.0
A,12,-1.12,-1.1,0.0
A,12,-1.1,-1.08,0.0
A,12,-1.08,-1.06,0.0
A,12,-1.06,-1.04,0.0
A,12,-1.04,-1.02,0.0
A,12,-1.02,-1.0,0.0
A,12,-1.0,-0.98,0.0
A,12,-0.98,-0.96,0.0
A,12,-0.96,-0.94,0.0
A,12,-0.94,-0.9199999999999999,0.0
A,12,-0.9199999999999999,-0.8999999999999999,0.0
A,12,-0.8999999999999999,-0.8799999999999999,0.0
A,12,-0.8799999999999999,-0.8599999999999999,0.0
A,12,-0.8599999999999999,-0.8400000000000001,0.0
A,12,-0.8400000000000001,-0.8200000000000001,0.0
A,12,-0.8200000000000001,-0.8,0.0
A,12,-0.8,-0.78,0.0
A,12,-0.78,-0.76,0.0
A,12,-0.76,-0.74,0.0
A,12,-0.74,-0.72,0.0
A,12,-0.72,-0.7,0.0
A,12,-0.7,-0.6799999999999999,0.0
A,12,-0.6799999999999999,-0.6599999999999999,0.0
A,12,-0.6599999999999999,-0.6399999999999999,0.0
A,12,-0.6399999999999999,-0.6199999999999999,0.0
A,12,-0.6199999999999999,-0.5999999999999999,0.0
A,12,-0.5999999999999999,-0.5800000000000001,0.0
A,12,-0.5800000000000001,-0.56,0.0
A,12,-0.56,-0.54,0.0
A,12,-0.54,-0.52,0.0
A,12,-0.52,-0.5,0.0
A,12,-0.5,-0.48,0.0
A,12,-0.48,-0.45999999999999996,0.0
A,12,-0.45999999999999996,-0.43999999999999995,0.0
A,12,-0.43999999999999995,-0.41999999999999993,0.0
A,12,-0.41999999999999993,-0.3999999999999999,0.0
A,12,-0.3999999999999999,-0.3799999999999999,0.0
A,12,-0.3799999999999999,-0.3599999999999999,2.6299961504503525e-05
A,12,-0.3599999999999999,-0.33999999999999986,0.0003252374998092217
A,12,-0.33999999999999986,-0.32000000000000006,0.0003630964532657057
A,12,-0.32000000000000006,-0.30000000000000004,0.00042976588375218084
A,12,-0.30000000000000004,-0.28,0.0002347259230249068
A,12,-0.28,-0.26,0.000150059452769754
A,12,-0.26,-0.24,0.0
A,12,-0.24,-0.21999999999999997,2.855105263137772e-05
A,12,-0.21999999999999997,-0.19999999999999996,0.0005596857568263942
A,12,-0.19999999999999996,-0.17999999999999994,0.0012042395196991884
A,12,-0.17999999999999994,-0.15999999999999992,0.003337922235655668
A,12,-0.15999999999999992,-0.1399999999999999,0.018498850751997947
A,12,-0.1399999999999999,-0.11999999999999988,0.06575419469308667
A,12,-0.11999999999999988,-0.09999999999999987,0.10881566423352972
A,12,-0.09999999999999987,-0.08000000000000007,0.12633851239844868
A,12,-0.08000000000000007,-0.06000000000000005,0.19755249001479427
A,12,-0.06000000000000005,-0.040000000000000036,0.3865391817330356
A,12,-0.040000000000000036,-0.020000000000000018,0.08984152243616822
A,12,-0.020000000000000018,0.0,0.0
A,12,0.0,0.020000000000000018,0.0
A,12,0.020000000000000018,0.040000000000000036,0.0
A,12,0.040000000000000036,0.06000000000000005,0.0
A,12,0.06000000000000005,0.08000000000000007,0.0
A,12,0.08000000000000007,0.10000000000000009,0.0
A,12,0.10000000000000009,0.1200000000000001,0.0
A,12,0.1200000000000001,0.14000000000000012,0.0
A,12,0.14000000000000012,0.16000000000000014,0.0
A,12,0.16000000000000014,0.18000000000000016,0.0
A,12,0.18000000000000016,0.20000000000000018,0.0
A,12,0.20000000000000018,0.2200000000000002,0.0
A,12,0.2200000000000002,0.2400000000000002,0.0
A,12,0.2400000000000002,0.26000000000000023,0.0
A,12,0.26000000000000023,0.28000000000000025,0.0
A,12,0.28000000000000025,0.30000000000000027,0.0
A,12,0.30000000000000027,0.31999999999999984,0.0
A,12,0.31999999999999984,0.33999999999999986,0.0
A,12,0.33999999999999986,0.3599999999999999,0.0
A,12,0.3599999999999999,0.3799999999999999,0.0
A,12,0.3799999999999999,0.3999999999999999,0.0
A,12,0.3999999999999999,0.41999999999999993,0.0
A,12,0.41999999999999993,0.43999999999999995,0.0
A,12,0.43999999999999995,0.45999999999999996,0.0
A,12,0.45999999999999996,0.48,0.0
A,12,0.48,0.5,0.0
A,12,0.5,0.52,0.0
A,12,0.52,0.54,0.0
A,12,0.54,0.56,0.0
A,12,0.56,0.5800000000000001,0.0
A,12,0.5800000000000001,0.6000000000000001,0.0
A,12,0.6000000000000001,0.6200000000000001,0.0
A,12,0.6200000000000001,0.6400000000000001,0.0
A,12,0.6400000000000001,0.6600000000000001,0.0
A,12,0.6600000000000001,0.6800000000000002,0.0
A,12,0.6800000000000002,0.7000000000000002,0.0
A,12,0.7000000000000002,0.7200000000000002,0.0
A,12,0.7200000000000002,0.7400000000000002,0.0
A,12,0.7400000000000002,0.7600000000000002,0.0
A,12,0.7600000000000002,0.7800000000000002,0.0
A,12,0.7800000000000002,0.8000000000000003,0.0
A,12,0.8000000000000003,0.8199999999999998,0.0
A,12,0.8199999999999998,0.8399999999999999,0.0
A,12,0.8399999999999999,0.8599999999999999,0.0
A,12,0.8599999999999999,0.8799999999999999,0.0
A,12,0.8799999999999999,0.8999999999999999,0.0
A,12,0.8999999999999999,0.9199999999999999,0.0
A,12,0.9199999999999999,0.94,0.0
A,12,0.94,0.96,0.0
A,12,0.96,0.98,0.0
A,12,0.98,1.0,0.0
A,12,1.0,1.02,0.0
A,12,1.02,1.04,0.0
A,12,1.04,1.06,0.0
A,12,1.06,1.08,0.0
A,12,1.08,1.1,0.0
A,12,1.1,1.12,0.0
A,12,1.12,1.1400000000000001,0.0
A,12,1.1400000000000001,1.1600000000000001,0.0
A,12,1.1600000000000001,1.1800000000000002,0.0
A,12,1.1800000000000002,1.2000000000000002,0.0
A,12,1.2000000000000002,1.2200000000000002,0.0
A,12,1.2200000000000002,1.2400000000000002,0.0
A,12,1.2400000000000002,1.2600000000000002,0.0
A,12,1.2600000000000002,1.2800000000000002,0.0
A,12,1.2800000000000002,1.3000000000000003,0.0
A,12,1.3000000000000003,1.3200000000000003,0.0
A,12,1.3200000000000003,1.3399999999999999,0.0
A,12,1.3399999999999999,1.3599999999999999,0.0
A,12,1.3599999999999999,1.38,0.0
A,12,1.38,1.4,0.0
A,12,1.4,1.42,0.0
A,12,1.42,1.44,0.0
A,12,1.44,1.46,0.0
A,12,1.46,1.48,0.0
A,12,1.48,1.5,0.0
A,12,1.5,1.52,0.0
A,12,1.52,1.54,0.0
A,12,1.54,1.56,0.0
A,12,1.56,1.58,0.0
A,12,1.58,1.6,0.0
A,12,1.6,1.62,0.0
A,12,1.62,1.6400000000000001,0.0
A,12,1.6400000000000001,1.6600000000000001,0.0
A,12,1.6600000000000001,1.6800000000000002,0.0
A,12,1.6800000000000002,1.7000000000000002,0.0
A,12,1.7000000000000002,1.7200000000000002,0.0
A,12,1.7200000000000002,1.7400000000000002,0.0
A,12,1.7400000000000002,1.7600000000000002,0.0
A,12,1.7600000000000002,1.7800000000000002,0.0
A,12,1.7800000000000002,1.8000000000000003,0.0
A,12,1.8000000000000003,1.8200000000000003,0.0
A,12,1.8200000000000003,1.8399999999999999,0.0
A,12,1.8399999999999999,1.8599999999999999,0.0
A,12,1.8599999999999999,1.88,0.0
A,12,1.88,1.9,0.0
A,12,1.9,1.92,0.0
A,12,1.92,1.94,0.0
A,12,1.94,1.96,0.0
A,12,1.96,1.98,0.0
A,12,1.98,2.0,0.0
A,18,-2.0,-1.98,0.0
A,18,-1.98,-1.96,0.0
A,18,-1.96,-1.94,0.0
A,18,-1.94,-1.92,0.0
A,18,-1.92,-1.9,0.0
A,18,-1.9,-1.88,0.0
A,18,-1.88,-1.8599999999999999,0.0
A,18,-1.8599999999999999,-1.84,0.0
A,18,-1.84,-1.82,0.0
A,18,-1.82,-1.8,0.0
A,18,-1.8,-1.78,0.0
A,18,-1.78,-1.76,0.0
A,18,-1.76,-1.74,0.0
A,18,-1.74,-1.72,0.0
A,18,-1.72,-1.7,0.0
A,18,-1.7,-1.68,0.0
A,18,-1.68,-1.66,0.0
A,18,-1.66,-1.6400000000000001,0.0
A,18,-1.6400000000000001,-1.62,0.0
A,18,-1.62,-1.6,0.0
A,18,-1.6,-1.58,0.0
A,18,-1.58,-1.56,0.0
A,18,-1.56,-1.54,0.0
A,18,-1.54,-1.52,0.0
A,18,-1.52,-1.5,0.0
A,18,-1.5,-1.48,0.0
A,18,-1.48,-1.46,0.0
A,18,-1.46,-1.44,0.0
A,18,-1.44,-1.42,0.0
A,18,-1.42,-1.4,0.0
A,18,-1.4,-1.38,0.0
A,18,-1.38,-1.3599999999999999,0.0
A,18,-1.3599999999999999,-1.3399999999999999,0.0
A,18,-1.3399999999999999,-1.3199999999999998,0.0
A,18,-1.3199999999999998,-1.2999999999999998,0.0
A,18,-1.2999999999999998,-1.28,0.0
A,18,-1.28,-1.26,0.0
A,18,-1.26,-1.24,0.0
A,18,-1.24,-1.22,0.0
A,18,-1.22,-1.2,0.0
A,18,-1.2,-1.18,0.0
A,18,-1.18,-1.1600000000000001,0.0
A,18,-1.1600000000000001,-1.1400000000000001,0.0
A,18,-1.1400000000000001,-1.12,0.0
A,18,-1.12,-1.1,0.0
A,18,-1.1,-1.08,0.0
A,18,-1.08,-1.06,0.0
A,18,-1.06,-1.04,0.0
A,18,-1.04,-1.02,0.0
A,18,-1.02,-1.0,0.0
A,18,-1.0,-0.98,0.0
A,18,-0.98,-0.96,0.0
A,18,-0.96,-0.94,0.0
A,18,-0.94,-0.9199999999999999,0.0
A,18,-0.9199999999999999,-0.8999999999999999,0.0
A,18,-0.8999999999999999,-0.8799999999999999,0.0
A,18,-0.8799999999999999,-0.8599999999999999,0.0
A,18,-0.8599999999999999,-0.8400000000000001,0.0
A,18,-0.8400000000000001,-0.8200000000000001,0.0
A,18,-0.8200000000000001,-0.8,0.0
A,18,-0.8,-0.78,0.0
A,18,-0.78,-0.76,0.0
A,18,-0.76,-0.74,0.0
A,18,-0.74,-0.72,0.0
A,18,-0.72,-0.7,0.0
A,18,-0.7,-0.6799999999999999,0.0
A,18,-0.6799999999999999,-0.6599999999999999,0.0
A,18,-0.6599999999999999,-0.6399999999999999,0.0
A,18,-0.6399999999999999,-0.6199999999999999,0.0
A,18,-0.6199999999999999,-0.5999999999999999,0.0
A,18,-0.5999999999999999,-0.5800000000000001,0.0
A,18,-0.5800000000000001,-0.56,0.0
A,18,-0.56,-0.54,0.0
A,18,-0.54,-0.52,0.0
A,18,-0.52,-0.5,0.0
A,18,-0.5,-0.48,0.0
A,18,-0.48,-0.45999999999999996,0.0
A,18,-0.45999999999999996,-0.43999999999999995,0.0
A,18,-0.43999999999999995,-0.41999999999999993,0.0
A,18,-0.41999999999999993,-0.3999999999999999,0.0
A,18,-0.3999999999999999,-0.3799999999999999,0.0
A,18,-0.3799999999999999,-0.3599999999999999,0.0
A,18,-0.3599999999999999,-0.33999999999999986,0.0
A,18,-0.33999999999999986,-0.32000000000000006,0.0
A,18,-0.32000000000000006,-0.30000000000000004,0.0
A,18,-0.30000000000000004,-0.28,0.0
A,18,-0.28,-0.26,0.0
A,18,-0.26,-0.24,0.0
A,18,-0.24,-0.21999999999999997,0.0
A,18,-0.21999999999999997,-0.19999999999999996,0.0
A,18,-0.19999999999999996,-0.17999999999999994,7.015763906986552e-05
A,18,-0.17999999999999994,-0.15999999999999992,0.002011084220121589
A,18,-0.15999999999999992,-0.1399999999999999,0.006380891780529492
A,18,-0.1399999999999999,-0.11999999999999988,0.027292988124156425
A,18,-0.11999999999999988,-0.09999999999999987,0.08939760947999946
A,18,-0.09999999999999987,-0.08000000000000007,0.08861886067058668
A,18,-0.08000000000000007,-0.06000000000000005,0.1190109901560659
A,18,-0.06000000000000005,-0.040000000000000036,0.3149228775132396
A,18,-0.040000000000000036,-0.020000000000000018,0.352294540416231
A,18,-0.020000000000000018,0.0,0.0
A,18,0.0,0.020000000000000018,0.0
A,18,0.020000000000000018,0.040000000000000036,0.0
A,18,0.040000000000000036,0.06000000000000005,0.0
A,18,0.06000000000000005,0.08000000000000007,0.0
A,18,0.08000000000000007,0.10000000000000009,0.0
A,18,0.10000000000000009,0.1200000000000001,0.0
A,18,0.1200000000000001,0.14000000000000012,0.0
A,18,0.14000000000000012,0.16000000000000014,0.0
A,18,0.16000000000000014,0.18000000000000016,0.0
A,18,0.18000000000000016,0.20000000000000018,0.0
A,18,0.20000000000000018,0.2200000000000002,0.0
A,18,0.2200000000000002,0.2400000000000002,0.0
A,18,0.2400000000000002,0.26000000000000023,0.0
A,18,0.26000000000000023,0.28000000000000025,0.0
A,18,0.28000000000000025,0.30000000000000027,0.0
A,18,0.30000000000000027,0.31999999999999984,0.0
A,18,0.31999999999999984,0.33999999999999986,0.0
A,18,0.33999999999999986,0.3599999999999999,0.0
A,18,0.3599999999999999,0.3799999999999999,0.0
A,18,0.3799999999999999,0.3999999999999999,0.0
A,18,0.3999999999999999,0.41999999999999993,0.0
A,18,0.41999999999999993,0.43999999999999995,0.0
A,18,0.43999999999999995,0.45999999999999996,0.0
A,18,0.45999999999999996,0.48,0.0
A,18,0.48,0.5,0.0
A,18,0.5,0.52,0.0
A,18,0.52,0.54,0.0
A,18,0.54,0.56,0.0
A,18,0.56,0.5800000000000001,0.0
A,18,0.5800000000000001,0.6000000000000001,0.0
A,18,0.6000000000000001,0.6200000000000001,0.0
A,18,0.6200000000000001,0.6400000000000001,0.0
A,18,0.6400000000000001,0.6600000000000001,0.0
A,18,0.6600000000000001,0.6800000000000002,0.0
A,18,0.6800000000000002,0.7000000000000002,0.0
A,18,0.7000000000000002,0.7200000000000002,0.0
A,18,0.7200000000000002,0.7400000000000002,0.0
A,18,0.7400000000000002,0.7600000000000002,0.0
A,18,0.7600000000000002,0.7800000000000002,0.0
A,18,0.7800000000000002,0.8000000000000003,0.0
A,18,0.8000000000000003,0.8199999999999998,0.0
A,18,0.8199999999999998,0.8399999999999999,0.0
A,18,0.8399999999999999,0.8599999999999999,0.0
A,18,0.8599999999999999,0.8799999999999999,0.0
A,18,0.8799999999999999,0.8999999999999999,0.0
A,18,0.8999999999999999,0.9199999999999999,0.0
A,18,0.9199999999999999,0.94,0.0
A,18,0.94,0.96,0.0
A,18,0.96,0.98,0.0
A,18,0.98,1.0,0.0
A,18,1.0,1.02,0.0
A,18,1.02,1.04,0.0
A,18,1.04,1.06,0.0
A,18,1.06,1.08,0.0
A,18,1.08,1.1,0.0
A,18,1.1,1.12,0.0
A,18,1.12,1.1400000000000001,0.0
A,18,1.1400000000000001,1.1600000000000001,0.0
A,18,1.1600000000000001,1.1800000000000002,0.0
A,18,1.1800000000000002,1.2000000000000002,0.0
A,18,1.2000000000000002,1.2200000000000002,0.0
A,18,1.2200000000000002,1.2400000000000002,0.0
A,18,1.2400000000000002,1.2600000000000002,0.0
A,18,1.2600000000000002,1.2800000000000002,0.0
A,18,1.2800000000000002,1.3000000000000003,0.0
A,18,1.3000000000000003,1.3200000000000003,0.0
A,18,1.3200000000000003,1.3399999999999999,0.0
A,18,1.3399999999999999,1.3599999999999999,0.0
A,18,1.3599999999999999,1.38,0.0
A,18,1.38,1.4,0.0
A,18,1.4,1.42,0.0
A,18,1.42,1.44,0.0
A,18,1.44,1.46,0.0
A,18,1.46,1.48,0.0
A,18,1.48,1.5,0.0
A,18,1.5,1.52,0.0
A,18,1.52,1.54,0.0
A,18,1.54,1.56,0.0
A,18,1.56,1.58,0.0
A,18,1.58,1.6,0.0
A,18,1.6,1.62,0.0
A,18,1.62,1.6400000000000001,0.0
A,18,1.6400000000000001,1.6600000000000001,0.0
A,18,1.6600000000000001,1.6800000000000002,0.0
A,18,1.6800000000000002,1.7000000000000002,0.0
A,18,1.7000000000000002,1.7200000000000002,0.0
A,18,1.7200000000000002,1.7400000000000002,0.0
A,18,1.7400000000000002,1.7600000000000002,0.0
A,18,1.7600000000000002,1.7800000000000002,0.0
A,18,1.7800000000000002,1.8000000000000003,0.0
A,18,1.8000000000000003,1.8200000000000003,0.0
A,18,1.8200000000000003,1.8399999999999999,0.0
A,18,1.8399999999999999,1.8599999999999999,0.0
A,18,1.8599999999999999,1.88,0.0
A,18,1.88,1.9,0.0
A,18,1.9,1.92,0.0
A,18,1.92,1.94,0.0
A,18,1.94,1.96,0.0
A,18,1.96,1.98,0.0
A,18,1.98,2.0,0.0
A,24,-2.0,-1.98,0.0
A,24,-1.98,-1.96,0.0
A,24,-1.96,-1.94,0.0
A,24,-1.94,-1.92,0.0
A,24,-1.92,-1.9,0.0
A,24,-1.9,-1.88,0.0
A,24,-1.88,-1.8599999999999999,0.0
A,24,-1.8599999999999999,-1.84,0.0
A,24,-1.84,-1.82,0.0
A,24,-1.82,-1.8,0.0
A,24,-1.8,-1.78,0.0
A,24,-1.78,-1.76,0.0
A,24,-1.76,-1.74,0.0
A,24,-1.74,-1.72,0.0
A,24,-1.72,-1.7,0.0
A,24,-1.7,-1.68,0.0
A,24,-1.68,-1.66,0.0
A,24,-1.66,-1.6400000000000001,0.0
A,24,-1.6400000000000001,-1.62,0.0
A,24,-1.62,-1.6,0.0
A,24,-1.6,-1.58,0.0
A,24,-1.58,-1.56,0.0
A,24,-1.56,-1.54,0.0
A,24,-1.54,-1.52,0.0
A,24,-1.52,-1.5,0.0
A,24,-1.5,-1.48,0.0
A,24,-1.48,-1.46,0.0
A,24,-1.46,-1.44,0.0
A,24,-1.44,-1.42,0.0
A,24,-1.42,-1.4,0.0
A,24,-1.4,-1.38,0.0
A,24,-1.38,-1.3599999999999999,0.0
A,24,-1.3599999999999999,-1.3399999999999999,0.0
A,24,-1.3399999999999999,-1.3199999999999998,0.0
A,24,-1.3199999999999998,-1.2999999999999998,0.0
A,24,-1.2999999999999998,-1.28,0.0
A,24,-1.28,-1.26,0.0
A,24,-1.26,-1.24,0.0
A,24,-1.24,-1.22,0.0
A,24,-1.22,-1.2,0.0
A,24,-1.2,-1.18,0.0
A,24,-1.18,-1.1600000000000001,0.0
A,24,-1.1600000000000001,-1.1400000000000001,0.0
A,24,-1.1400000000000001,-1.12,0.0
A,24,-1.12,-1.1,0.0
A,24,-1.1,-1.08,0.0
A,24,-1.08,-1.06,0.0
A,24,-1.06,-1.04,0.0
A,24,-1.04,-1.02,0.0
A,24,-1.02,-1.0,0.0
A,24,-1.0,-0.98,0.0
A,24,-0.98,-0.96,0.0
A,24,-0.96,-0.94,0.0
A,24,-0.94,-0.9199999999999999,0.0
A,24,-0.9199999999999999,-0.8999999999999999,0.0
A,24,-0.8999999999999999,-0.8799999999999999,0.0
A,24,-0.8799999999999999,-0.8599999999999999,0.0
A,24,-0.8599999999999999,-0.8400000000000001,0.0
A,24,-0.8400000000000001,-0.8200000000000001,0.0
A,24,-0.8200000000000001,-0.8,0.0
A,24,-0.8,-0.78,0.0
A,24,-0.78,-0.76,0.0
A,24,-0.76,-0.74,0.0
A,24,-0.74,-0.72,0.0
A,24,-0.72,-0.7,0.0
A,24,-0.7,-0.6799999999999999,0.0
A,24,-0.6799999999999999,-0.6599999999999999,0.0
A,24,-0.6599999999999999,-0.6399999999999999,0.0
A,24,-0.6399999999999999,-0.6199999999999999,0.0
A,24,-0.6199999999999999,-0.5999999999999999,0.0
A,24,-0.5999999999999999,-0.5800000000000001,0.0
A,24,-0.5800000000000001,-0.56,0.0
A,24,-0.56,-0.54,0.0
A,24,-0.54,-0.52,0.0
A,24,-0.52,-0.5,0.0
A,24,-0.5,-0.48,0.0
A,24,-0.48,-0.45999999999999996,0.0
A,24,-0.45999999999999996,-0.43999999999999995,0.0
A,24,-0.43999999999999995,-0.41999999999999993,0.0
A,24,-0.41999999999999993,-0.3999999999999999,0.0
A,24,-0.3999999999999999,-0.3799999999999999,0.0
A,24,-0.3799999999999999,-0.3599999999999999,0.0
A,24,-0.3599999999999999,-0.33999999999999986,0.0
A,24,-0.33999999999999986,-0.32000000000000006,0.0
A,24,-0.32000000000000006,-0.30000000000000004,0.0
A,24,-0.30000000000000004,-0.28,0.0
A,24,-0.28,-0.26,0.0
A,24,-0.26,-0.24,0.0
A,24,-0.24,-0.21999999999999997,0.0010472179795673556
A,24,-0.21999999999999997,-0.19999999999999996,0.0013648698268161298
A,24,-0.19999999999999996,-0.17999999999999994,0.0014061866939514265
A,24,-0.17999999999999994,-0.15999999999999992,0.0016298175589983996
A,24,-0.15999999999999992,-0.1399999999999999,0.004440631575194479
A,24,-0.1399999999999999,-0.11999999999999988,0.013516069130686075
A,24,-0.11999999999999988,-0.09999999999999987,0.06319467569059237
A,24,-0.09999999999999987,-0.08000000000000007,0.07625952087346345
A,24,-0.08000000000000007,-0.06000000000000005,0.10486022662201497
A,24,-0.06000000000000005,-0.040000000000000036,0.2017527096797302
A,24,-0.040000000000000036,-0.020000000000000018,0.48066051496405376
A,24,-0.020000000000000018,0.0,0.049867559404931386
A,24,0.0,0.020000000000000018,0.0
A,24,0.020000000000000018,0.040000000000000036,0.0
A,24,0.040000000000000036,0.06000000000000005,0.0
A,24,0.06000000000000005,0.08000000000000007,0.0
A,24,0.08000000000000007,0.10000000000000009,0.0
A,24,0.10000000000000009,0.1200000000000001,0.0
A,24,0.1200000000000001,0.14000000000000012,0.0
A,24,0.14000000000000012,0.16000000000000014,0.0
A,24,0.16000000000000014,0.18000000000000016,0.0
A,24,0.18000000000000016,0.20000000000000018,0.0
A,24,0.20000000000000018,0.2200000000000002,0.0
A,24,0.2200000000000002,0.2400000000000002,0.0
A,24,0.2400000000000002,0.26000000000000023,0.0
A,24,0.26000000000000023,0.28000000000000025,0.0
A,24,0.28000000000000025,0.30000000000000027,0.0
A,24,0.30000000000000027,0.31999999999999984,0.0
A,24,0.31999999999999984,0.33999999999999986,0.0
A,24,0.33999999999999986,0.3599999999999999,0.0
A,24,0.3599999999999999,0.3799999999999999,0.0
A,24,0.3799999999999999,0.3999999999999999,0.0
A,24,0.3999999999999999,0.41999999999999993,0.0
A,24,0.41999999999999993,0.43999999999999995,0.0
A,24,0.43999999999999995,0.45999999999999996,0.0
A,24,0.45999999999999996,0.48,0.0
A,24,0.48,0.5,0.0
A,24,0.5,0.52,0.0
A,24,0.52,0.54,0.0
A,24,0.54,0.56,0.0
A,24,0.56,0.5800000000000001,0.0
A,24,0.5800000000000001,0.6000000000000001,0.0
A,24,0.6000000000000001,0.6200000000000001,0.0
A,24,0.6200000000000001,0.6400000000000001,0.0
A,24,0.6400000000000001,0.6600000000000001,0.0
A,24,0.6600000000000001,0.6800000000000002,0.0
A,24,0.6800000000000002,0.7000000000000002,0.0
A,24,0.7000000000000002,0.7200000000000002,0.0
A,24,0.7200000000000002,0.7400000000000002,0.0
A,24,0.7400000000000002,0.7600000000000002,0.0
A,24,0.7600000000000002,0.7800000000000002,0.0
A,24,0.7800000000000002,0.8000000000000003,0.0
A,24,0.8000000000000003,0.8199999999999998,0.0
A,24,0.8199999999999998,0.8399999999999999,0.0
A,24,0.8399999999999999,0.8599999999999999,0.0
A,24,0.8599999999999999,0.8799999999999999,0.0
A,24,0.8799999999999999,0.8999999999999999,0.0
A,24,0.8999999999999999,0.9199999999999999,0.0
A,24,0.9199999999999999,0.94,0.0
A,24,0.94,0.96,0.0
A,24,0.96,0.98,0.0
A,24,0.98,1.0,0.0
A,24,1.0,1.02,0.0
A,24,1.02,1.04,0.0
A,24,1.04,1.06,0.0
A,24,1.06,1.08,0.0
A,24,1.08,1.1,0.0
A,24,1.1,1.12,0.0
A,24,1.12,1.1400000000000001,0.0
A,24,1.1400000000000001,1.1600000000000001,0.0
A,24,1.1600000000000001,1.1800000000000002,0.0
A,24,1.1800000000000002,1.2000000000000002,0.0
A,24,1.2000000000000002,1.2200000000000002,0.0
A,24,1.2200000000000002,1.2400000000000002,0.0
A,24,1.2400000000000002,1.2600000000000002,0.0
A,24,1.2600000000000002,1.2800000000000002,0.0
A,24,1.2800000000000002,1.3000000000000003,0.0
A,24,1.3000000000000003,1.3200000000000003,0.0
A,24,1.3200000000000003,1.3399999999999999,0.0
A,24,1.3399999999999999,1.3599999999999999,0.0
A,24,1.3599999999999999,1.38,0.0
A,24,1.38,1.4,0.0
A,24,1.4,1.42,0.0
A,24,1.42,1.44,0.0
A,24,1.44,1.46,0.0
A,24,1.46,1.48,0.0
A,24,1.48,1.5,0.0
A,24,1.5,1.52,0.0
A,24,1.52,1.54,0.0
A,24,1.54,1.56,0.0
A,24,1.56,1.58,0.0
A,24,1.58,1.6,0.0
A,24,1.6,1.62,0.0
A,24,1.62,1.6400000000000001,0.0
A,24,1.6400000000000001,1.6600000000000001,0.0
A,24,1.6600000000000001,1.6800000000000002,0.0
A,24,1.6800000000000002,1.7000000000000002,0.0
A,24,1.7000000000000002,1.7200000000000002,0.0
A,24,1.7200000000000002,1.7400000000000002,0.0
A,24,1.7400000000000002,1.7600000000000002,0.0
A,24,1.7600000000000002,1.7800000000000002,0.0
A,24,1.7800000000000002,1.8000000000000003,0.0
A,24,1.8000000000000003,1.8200000000000003,0.0
A,24,1.8200000000000003,1.8399999999999999,0.0
A,24,1.8399999999999999,1.8599999999999999,0.0
A,24,1.8599999999999999,1.88,0.0
A,24,1.88,1.9,0.0
A,24,1.9,1.92,0.0
A,24,1.92,1.94,0.0
A,24,1.94,1.96,0.0
A,24,1.96,1.98,0.0
A,24,1.98,2.0,0.0
A,36,-2.0,-1.98,0.0
A,36,-1.98,-1.96,0.0
A,36,-1.96,-1.94,0.0
A,36,-1.94,-1.92,0.0
A,36,-1.92,-1.9,0.0
A,36,-1.9,-1.88,0.0
A,36,-1.88,-1.8599999999999999,0.0
A,36,-1.8599999999999999,-1.84,0.0
A,36,-1.84,-1.82,0.0
A,36,-1.82,-1.8,0.0
A,36,-1.8,-1.78,0.0
A,36,-1.78,-1.76,0.0
A,36,-1.76,-1.74,0.0
A,36,-1.74,-1.72,0.0
A,36,-1.72,-1.7,0.0
A,36,-1.7,-1.68,0.0
A,36,-1.68,-1.66,0.0
A,36,-1.66,-1.6400000000000001,0.0
A,36,-1.6400000000000001,-1.62,0.0
A,36,-1.62,-1.6,0.0
A,36,-1.6,-1.58,0.0
A,36,-1.58,-1.56,0.0
A,36,-1.56,-1.54,0.0
A,36,-1.54,-1.52,0.0
A,36,-1.52,-1.5,0.0
A,36,-1.5,-1.48,0.0
A,36,-1.48,-1.46,0.0
A,36,-1.46,-1.44,0.0
A,36,-1.44,-1.42,0.0
A,36,-1.42,-1.4,0.0
A,36,-1.4,-1.38,0.0
A,36,-1.38,-1.3599999999999999,0.0
A,36,-1.3599999999999999,-1.3399999999999999,0.0
A,36,-1.3399999999999999,-1.3199999999999998,0.0
A,36,-1.3199999999999998,-1.2999999999999998,0.0
A,36,-1.2999999999999998,-1.28,0.0
A,36,-1.28,-1.26,0.0
A,36,-1.26,-1.24,0.0
A,36,-1.24,-1.22,0.0
A,36,-1.22,-1.2,0.0
A,36,-1.2,-1.18,0.0
A,36,-1.18,-1.1600000000000001,0.0
A,36,-1.1600000000000001,-1.1400000000000001,0.0
A,36,-1.1400000000000001,-1.12,0.0
A,36,-1.12,-1.1,0.0
A,36,-1.1,-1.08,0.0
A,36,-1.08,-1.06,0.0
A,36,-1.06,-1.04,0.0
A,36,-1.04,-1.02,0.0
A,36,-1.02,-1.0,0.0
A,36,-1.0,-0.98,0.0
A,36,-0.98,-0.96,0.0
A,36,-0.96,-0.94,0.0
A,36,-0.94,-0.9199999999999999,0.0
A,36,-0.9199999999999999,-0.8999999999999999,0.0
A,36,-0.8999999999999999,-0.8799999999999999,0.0
A,36,-0.8799999999999999,-0.8599999999999999,0.0
A,36,-0.8599999999999999,-0.8400000000000001,0.0
A,36,-0.8400000000000001,-0.8200000000000001,0.0
A,36,-0.8200000000000001,-0.8,0.0
A,36,-0.8,-0.78,0.0
A,36,-0.78,-0.76,0.0
A,36,-0.76,-0.74,0.0
A,36,-0.74,-0.72,0.0
A,36,-0.72,-0.7,0.0
A,36,-0.7,-0.6799999999999999,0.0
A,36,-0.6799999999999999,-0.6599999999999999,0.0
A,36,-0.6599999999999999,-0.6399999999999999,0.0
A,36,-0.6399999999999999,-0.6199999999999999,0.0
A,36,-0.6199999999999999,-0.5999999999999999,0.0
A,36,-0.5999999999999999,-0.5800000000000001,0.0
A,36,-0.5800000000000001,-0.56,0.0
A,36,-0.56,-0.54,0.0
A,36,-0.54,-0.52,0.0
A,36,-0.52,-0.5,0.0
A,36,-0.5,-0.48,0.0
A,36,-0.48,-0.45999999999999996,0.0
A,36,-0.45999999999999996,-0.43999999999999995,0.0
A,36,-0.43999999999999995,-0.41999999999999993,0.0
A,36,-0.41999999999999993,-0.3999999999999999,0.0
A,36,-0.3999999999999999,-0.3799999999999999,0.0
A,36,-0.3799999999999999,-0.3599999999999999,0.0
A,36,-0.3599999999999999,-0.33999999999999986,0.0
A,36,-0.33999999999999986,-0.32000000000000006,0.0
A,36,-0.32000000000000006,-0.30000000000000004,0.0
A,36,-0.30000000000000004,-0.28,0.0
A,36,-0.28,-0.26,0.0
A,36,-0.26,-0.24,0.0
A,36,-0.24,-0.21999999999999997,0.0
A,36,-0.21999999999999997,-0.19999999999999996,0.0
A,36,-0.19999999999999996,-0.17999999999999994,0.0
A,36,-0.17999999999999994,-0.15999999999999992,0.0
A,36,-0.15999999999999992,-0.1399999999999999,0.0005310600976438981
A,36,-0.1399999999999999,-0.11999999999999988,0.004912950738357986
A,36,-0.11999999999999988,-0.09999999999999987,0.046525613030754566
A,36,-0.09999999999999987,-0.08000000000000007,0.07040266507831436
A,36,-0.08000000000000007,-0.06000000000000005,0.06628486187566565
A,36,-0.06000000000000005,-0.040000000000000036,0.13157897133853452
A,36,-0.040000000000000036,-0.020000000000000018,0.5406453767831285
A,36,-0.020000000000000018,0.0,0.1391185010576005
A,36,0.0,0.020000000000000018,0.0
A,36,0.020000000000000018,0.040000000000000036,0.0
A,36,0.040000000000000036,0.06000000000000005,0.0
A,36,0.06000000000000005,0.08000000000000007,0.0
A,36,0.08000000000000007,0.10000000000000009,0.0
A,36,0.10000000000000009,0.1200000000000001,0.0
A,36,0.1200000000000001,0.14000000000000012,0.0
A,36,0.14000000000000012,0.16000000000000014,0.0
A,36,0.16000000000000014,0.18000000000000016,0.0
A,36,0.18000000000000016,0.20000000000000018,0.0
A,36,0.20000000000000018,0.2200000000000002,0.0
A,36,0.2200000000000002,0.2400000000000002,0.0
A,36,0.2400000000000002,0.26000000000000023,0.0
A,36,0.26000000000000023,0.28000000000000025,0.0
A,36,0.28000000000000025,0.30000000000000027,0.0
A,36,0.30000000000000027,0.31999999999999984,0.0
A,36,0.31999999999999984,0.33999999999999986,0.0
A,36,0.33999999999999986,0.3599999999999999,0.0
A,36,0.3599999999999999,0.3799999999999999,0.0
A,36,0.3799999999999999,0.3999999999999999,0.0
A,36,0.3999999999999999,0.41999999999999993,0.0
A,36,0.41999999999999993,0.43999999999999995,0.0
A,36,0.43999999999999995,0.45999999999999996,0.0
A,36,0.45999999999999996,0.48,0.0
A,36,0.48,0.5,0.0
A,36,0.5,0.52,0.0
A,36,0.52,0.54,0.0
A,36,0.54,0.56,0.0
A,36,0.56,0.5800000000000001,0.0
A,36,0.5800000000000001,0.6000000000000001,0.0
A,36,0.6000000000000001,0.6200000000000001,0.0
A,36,0.6200000000000001,0.6400000000000001,0.0
A,36,0.6400000000000001,0.6600000000000001,0.0
A,36,0.6600000000000001,0.6800000000000002,0.0
A,36,0.6800000000000002,0.7000000000000002,0.0
A,36,0.7000000000000002,0.7200000000000002,0.0
A,36,0.7200000000000002,0.7400000000000002,0.0
A,36,0.7400000000000002,0.7600000000000002,0.0
A,36,0.7600000000000002,0.7800000000000002,0.0
A,36,0.7800000000000002,0.8000000000000003,0.0
A,36,0.8000000000000003,0.8199999999999998,0.0
A,36,0.8199999999999998,0.8399999999999999,0.0
A,36,0.8399999999999999,0.8599999999999999,0.0
A,36,0.8599999999999999,0.8799999999999999,0.0
A,36,0.8799999999999999,0.8999999999999999,0.0
A,36,0.8999999999999999,0.9199999999999999,0.0
A,36,0.9199999999999999,0.94,0.0
A,36,0.94,0.96,0.0
A,36,0.96,0.98,0.0
A,36,0.98,1.0,0.0
A,36,1.0,1.02,0.0
A,36,1.02,1.04,0.0
A,36,1.04,1.06,0.0
A,36,1.06,1.08,0.0
A,36,1.08,1.1,0.0
A,36,1.1,1.12,0.0
A,36,1.12,1.1400000000000001,0.0
A,36,1.1400000000000001,1.1600000000000001,0.0
A,36,1.1600000000000001,1.1800000000000002,0.0
A,36,1.1800000000000002,1.2000000000000002,0.0
A,36,1.2000000000000002,1.2200000000000002,0.0
A,36,1.2200000000000002,1.2400000000000002,0.0
A,36,1.2400000000000002,1.2600000000000002,0.0
A,36,1.2600000000000002,1.2800000000000002,0.0
A,36,1.2800000000000002,1.3000000000000003,0.0
A,36,1.3000000000000003,1.3200000000000003,0.0
A,36,1.3200000000000003,1.3399999999999999,0.0
A,36,1.3399999999999999,1.3599999999999999,0.0
A,36,1.3599999999999999,1.38,0.0
A,36,1.38,1.4,0.0
A,36,1.4,1.42,0.0
A,36,1.42,1.44,0.0
A,36,1.44,1.46,0.0
A,36,1.46,1.48,0.0
A,36,1.48,1.5,0.0
A,36,1.5,1.52,0.0
A,36,1.52,1.54,0.0
A,36,1.54,1.56,0.0
A,36,1.56,1.58,0.0
A,36,1.58,1.6,0.0
A,36,1.6,1.62,0.0
A,36,1.62,1.6400000000000001,0.0
A,36,1.6400000000000001,1.6600000000000001,0.0
A,36,1.6600000000000001,1.6800000000000002,0.0
A,36,1.6800000000000002,1.7000000000000002,0.0
A,36,1.7000000000000002,1.7200000000000002,0.0
A,36,1.7200000000000002,1.7400000000000002,0.0
A,36,1.7400000000000002,1.7600000000000002,0.0
A,36,1.7600000000000002,1.7800000000000002,0.0
A,36,1.7800000000000002,1.8000000000000003,0.0
A,36,1.8000000000000003,1.8200000000000003,0.0
A,36,1.8200000000000003,1.8399999999999999,0.0
A,36,1.8399999999999999,1.8599999999999999,0.0
A,36,1.8599999999999999,1.88,0.0
A,36,1.88,1.9,0.0
A,36,1.9,1.92,0.0
A,36,1.92,1.94,0.0
A,36,1.94,1.96,0.0
A,36,1.96,1.98,0.0
A,36,1.98,2.0,0.0
A,48,-2.0,-1.98,0.0
A,48,-1.98,-1.96,0.0
A,48,-1.96,-1.94,0.0
A,48,-1.94,-1.92,0.0
A,48,-1.92,-1.9,0.0
A,48,-1.9,-1.88,0.0
A,48,-1.88,-1.8599999999999999,0.0
A,48,-1.8599999999999999,-1.84,0.0
A,48,-1.84,-1.82,0.0
A,48,-1.82,-1.8,0.0
A,48,-1.8,-1.78,0.0
A,48,-1.78,-1.76,0.0
A,48,-1.76,-1.74,0.0
A,48,-1.74,-1.72,0.0
A,48,-1.72,-1.7,0.0
A,48,-1.7,-1.68,0.0
A,48,-1.68,-1.66,0.0
A,48,-1.66,-1.6400000000000001,0.0
A,48,-1.6400000000000001,-1.62,0.0
A,48,-1.62,-1.6,0.0
A,48,-1.6,-1.58,0.0
A,48,-1.58,-1.56,0.0
A,48,-1.56,-1.54,0.0
A,48,-1.54,-1.52,0.0
A,48,-1.52,-1.5,0.0
A,48,-1.5,-1.48,0.0
A,48,-1.48,-1.46,0.0
A,48,-1.46,-1.44,0.0
A,48,-1.44,-1.42,0.0
A,48,-1.42,-1.4,0.0
A,48,-1.4,-1.38,0.0
A,48,-1.38,-1.3599999999999999,0.0
A,48,-1.3599999999999999,-1.3399999999999999,0.0
A,48,-1.3399999999999999,-1.3199999999999998,0.0
A,48,-1.3199999999999998,-1.2999999999999998,0.0
A,48,-1.2999999999999998,-1.28,0.0
A,48,-1.28,-1.26,0.0
A,48,-1.26,-1.24,0.0
A,48,-1.24,-1.22,0.0
A,48,-1.22,-1.2,0.0
A,48,-1.2,-1.18,0.0
A,48,-1.18,-1.1600000000000001,0.0
A,48,-1.1600000000000001,-1.1400000000000001,0.0
A,48,-1.1400000000000001,-1.12,0.0
A,48,-1.12,-1.1,0.0
A,48,-1.1,-1.08,0.0
A,48,-1.08,-1.06,0.0
A,48,-1.06,-1.04,0.0
A,48,-1.04,-1.02,0.0
A,48,-1.02,-1.0,0.0
A,48,-1.0,-0.98,0.0
A,48,-0.98,-0.96,0.0
A,48,-0.96,-0.94,0.0
A,48,-0.94,-0.9199999999999999,0.0
A,48,-0.9199999999999999,-0.8999999999999999,0.0
A,48,-0.8999999999999999,-0.8799999999999999,0.0
A,48,-0.8799999999999999,-0.8599999999999999,0.0
A,48,-0.8599999999999999,-0.8400000000000001,0.0
A,48,-0.8400000000000001,-0.8200000000000001,0.0
A,48,-0.8200000000000001,-0.8,0.0
A,48,-0.8,-0.78,0.0
A,48,-0.78,-0.76,0.0
A,48,-0.76,-0.74,0.0
A,48,-0.74,-0.72,0.0
A,48,-0.72,-0.7,0.0
A,48,-0.7,-0.6799999999999999,0.0
A,48,-0.6799999999999999,-0.6599999999999999,0.0
A,48,-0.6599999999999999,-0.6399999999999999,0.0
A,48,-0.6399999999999999,-0.6199999999999999,0.0
A,48,-0.6199999999999999,-0.5999999999999999,0.0
A,48,-0.5999999999999999,-0.5800000000000001,0.0
A,48,-0.5800000000000001,-0.56,0.0
A,48,-0.56,-0.54,0.0
A,48,-0.54,-0.52,0.0
A,48,-0.52,-0.5,0.0
A,48,-0.5,-0.48,0.0
A,48,-0.48,-0.45999999999999996,0.0
A,48,-0.45999999999999996,-0.43999999999999995,0.0
A,48,-0.43999999999999995,-0.41999999999999993,0.0
A,48,-0.41999999999999993,-0.3999999999999999,0.0
A,48,-0.3999999999999999,-0.3799999999999999,0.0
A,48,-0.3799999999999999,-0.3599999999999999,0.0
A,48,-0.3599999999999999,-0.33999999999999986,0.0
A,48,-0.33999999999999986,-0.32000000000000006,0.0
A,48,-0.32000000000000006,-0.30000000000000004,0.0
A,48,-0.30000000000000004,-0.28,0.0
A,48,-0.28,-0.26,0.0
A,48,-0.26,-0.24,0.0
A,48,-0.24,-0.21999999999999997,0.0
A,48,-0.21999999999999997,-0.19999999999999996,0.0
A,48,-0.19999999999999996,-0.17999999999999994,0.0
A,48,-0.17999999999999994,-0.15999999999999992,0.0
A,48,-0.15999999999999992,-0.1399999999999999,0.0
A,48,-0.1399999999999999,-0.11999999999999988,0.002748818490925385
A,48,-0.11999999999999988,-0.09999999999999987,0.040365930379897406
A,48,-0.09999999999999987,-0.08000000000000007,0.06723465406068874
A,48,-0.08000000000000007,-0.06000000000000005,0.05962581605504327
A,48,-0.06000000000000005,-0.040000000000000036,0.12353978844367611
A,48,-0.040000000000000036,-0.020000000000000018,0.511246989422973
A,48,-0.020000000000000018,0.0,0.19523800314679618
A,48,0.0,0.020000000000000018,0.0
A,48,0.020000000000000018,0.040000000000000036,0.0
A,48,0.040000000000000036,0.06000000000000005,0.0
A,48,0.06000000000000005,0.08000000000000007,0.0
A,48,0.08000000000000007,0.10000000000000009,0.0
A,48,0.10000000000000009,0.1200000000000001,0.0
A,48,0.1200000000000001,0.14000000000000012,0.0
A,48,0.14000000000000012,0.16000000000000014,0.0
A,48,0.16000000000000014,0.18000000000000016,0.0
A,48,0.18000000000000016,0.20000000000000018,0.0
A,48,0.20000000000000018,0.2200000000000002,0.0
A,48,0.2200000000000002,0.2400000000000002,0.0
A,48,0.2400000000000002,0.26000000000000023,0.0
A,48,0.26000000000000023,0.28000000000000025,0.0
A,48,0.28000000000000025,0.30000000000000027,0.0
A,48,0.30000000000000027,0.31999999999999984,0.0
A,48,0.31999999999999984,0.33999999999999986,0.0
A,48,0.33999999999999986,0.3599999999999999,0.0
A,48,0.3599999999999999,0.3799999999999999,0.0
A,48,0.3799999999999999,0.3999999999999999,0.0
A,48,0.3999999999999999,0.41999999999999993,0.0
A,48,0.41999999999999993,0.43999999999999995,0.0
A,48,0.43999999999999995,0.45999999999999996,0.0
A,48,0.45999999999999996,0.48,0.0
A,48,0.48,0.5,0.0
A,48,0.5,0.52,0.0
A,48,0.52,0.54,0.0
A,48,0.54,0.56,0.0
A,48,0.56,0.5800000000000001,0.0
A,48,0.5800000000000001,0.6000000000000001,0.0
A,48,0.6000000000000001,0.6200000000000001,0.0
A,48,0.6200000000000001,0.6400000000000001,0.0
A,48,0.6400000000000001,0.6600000000000001,0.0
A,48,0.6600000000000001,0.6800000000000002,0.0
A,48,0.6800000000000002,0.7000000000000002,0.0
A,48,0.7000000000000002,0.7200000000000002,0.0
A,48,0.7200000000000002,0.7400000000000002,0.0
A,48,0.7400000000000002,0.7600000000000002,0.0
A,48,0.7600000000000002,0.7800000000000002,0.0
A,48,0.7800000000000002,0.8000000000000003,0.0
A,48,0.8000000000000003,0.8199999999999998,0.0
A,48,0.8199999999999998,0.8399999999999999,0.0
A,48,0.8399999999999999,0.8599999999999999,0.0
A,48,0.8599999999999999,0.8799999999999999,0.0
A,48,0.8799999999999999,0.8999999999999999,0.0
A,48,0.8999999999999999,0.9199999999999999,0.0
A,48,0.9199999999999999,0.94,0.0
A,48,0.94,0.96,0.0
A,48,0.96,0.98,0.0
A,48,0.98,1.0,0.0
A,48,1.0,1.02,0.0
A,48,1.02,1.04,0.0
A,48,1.04,1.06,0.0
A,48,1.06,1.08,0.0
A,48,1.08,1.1,0.0
A,48,1.1,1.12,0.0
A,48,1.12,1.1400000000000001,0.0
A,48,1.1400000000000001,1.1600000000000001,0.0
A,48,1.1600000000000001,1.1800000000000002,0.0
A,48,1.1800000000000002,1.2000000000000002,0.0
A,48,1.2000000000000002,1.2200000000000002,0.0
A,48,1.2200000000000002,1.2400000000000002,0.0
A,48,1.2400000000000002,1.2600000000000002,0.0
A,48,1.2600000000000002,1.2800000000000002,0.0
A,48,1.2800000000000002,1.3000000000000003,0.0
A,48,1.3000000000000003,1.3200000000000003,0.0
A,48,1.3200000000000003,1.3399999999999999,0.0
A,48,1.3399999999999999,1.3599999999999999,0.0
A,48,1.3599999999999999,1.38,0.0
A,48,1.38,1.4,0.0
A,48,1.4,1.42,0.0
A,48,1.42,1.44,0.0
A,48,1.44,1.46,0.0
A,48,1.46,1.48,0.0
A,48,1.48,1.5,0.0
A,48,1.5,1.52,0.0
A,48,1.52,1.54,0.0
A,48,1.54,1.56,0.0
A,48,1.56,1.58,0.0
A,48,1.58,1.6,0.0
A,48,1.6,1.62,0.0
A,48,1.62,1.6400000000000001,0.0
A,48,1.6400000000000001,1.6600000000000001,0.0
A,48,1.6600000000000001,1.6800000000000002,0.0
A,48,1.6800000000000002,1.7000000000000002,0.0
A,48,1.7000000000000002,1.7200000000000002,0.0
A,48,1.7200000000000002,1.7400000000000002,0.0
A,48,1.7400000000000002,1.7600000000000002,0.0
A,48,1.7600000000000002,1.7800000000000002,0.0
A,48,1.7800000000000002,1.8000000000000003,0.0
A,48,1.8000000000000003,1.8200000000000003,0.0
A,48,1.8200000000000003,1.8399999999999999,0.0
A,48,1.8399999999999999,1.8599999999999999,0.0
A,48,1.8599999999999999,1.88,0.0
A,48,1.88,1.9,0.0
A,48,1.9,1.92,0.0
A,48,1.92,1.94,0.0
A,48,1.94,1.96,0.0
A,48,1.96,1.98,0.0
A,48,1.98,2.0,0.0
B,6,-2.0,-1.98,0.0
B,6,-1.98,-1.96,0.0
B,6,-1.96,-1.94,0.0
B,6,-1.94,-1.92,0.0
B,6,-1.92,-1.9,0.0
B,6,-1.9,-1.88,0.0
B,6,-1.88,-1.8599999999999999,0.0
B,6,-1.8599999999999999,-1.84,0.0
B,6,-1.84,-1.82,0.0
B,6,-1.82,-1.8,0.0
B,6,-1.8,-1.78,0.0
B,6,-1.78,-1.76,0.0
B,6,-1.76,-1.74,0.0
B,6,-1.74,-1.72,0.0
B,6,-1.72,-1.7,0.0
B,6,-1.7,-1.68,0.0
B,6,-1.68,-1.66,0.0
B,6,-1.66,-1.6400000000000001,0.0
B,6,-1.6400000000000001,-1.62,0.0
B,6,-1.62,-1.6,0.0
B,6,-1.6,-1.58,0.0
B,6,-1.58,-1.56,0.0
B,6,-1.56,-1.54,0.0
B,6,-1.54,-1.52,0.0
B,6,-1.52,-1.5,0.0
B,6,-1.5,-1.48,0.0
B,6,-1.48,-1.46,0.0
B,6,-1.46,-1.44,0.0
B,6,-1.44,-1.42,0.0
B,6,-1.42,-1.4,0.0
B,6,-1.4,-1.38,0.0
B,6,-1.38,-1.3599999999999999,0.0
B,6,-1.3599999999999999,-1.3399999999999999,0.0
B,6,-1.3399999999999999,-1.3199999999999998,0.0
B,6,-1.3199999999999998,-1.2999999999999998,0.0
B,6,-1.2999999999999998,-1.28,0.0
B,6,-1.28,-1.26,0.0
B,6,-1.26,-1.24,0.0
B,6,-1.24,-1.22,0.0
B,6,-1.22,-1.2,0.0
B,6,-1.2,-1.18,0.0
B,6,-1.18,-1.1600000000000001,0.0
B,6,-1.1600000000000001,-1.1400000000000001,0.0
B,6,-1.1400000000000001,-1.12,0.0
B,6,-1.12,-1.1,0.0
B,6,-1.1,-1.08,0.0
B,6,-1.08,-1.06,0.0
B,6,-1.06,-1.04,0.0
B,6,-1.04,-1.02,0.0
B,6,-1.02,-1.0,0.0
B,6,-1.0,-0.98,0.0
B,6,-0.98,-0.96,0.0
B,6,-0.96,-0.94,0.0
B,6,-0.94,-0.9199999999999999,0.0
B,6,-0.9199999999999999,-0.8999999999999999,0.0
B,6,-0.8999999999999999,-0.8799999999999999,0.0
B,6,-0.8799999999999999,-0.8599999999999999,0.0
B,6,-0.8599999999999999,-0.8400000000000001,0.0
B,6,-0.8400000000000001,-0.8200000000000001,0.0
B,6,-0.8200000000000001,-0.8,0.0
B,6,-0.8,-0.78,0.0
B,6,-0.78,-0.76,0.0
B,6,-0.76,-0.74,0.0
B,6,-0.74,-0.72,0.0
B,6,-0.72,-0.7,0.0
B,6,-0.7,-0.6799999999999999,0.0
B,6,-0.6799999999999999,-0.6599999999999999,0.0
B,6,-0.6599999999999999,-0.6399999999999999,0.0
B,6,-0.6399999999999999,-0.6199999999999999,0.0
B,6,-0.6199999999999999,-0.5999999999999999,0.0
B,6,-0.5999999999999999,-0.5800000000000001,0.0
B,6,-0.5800000000000001,-0.56,0.0
B,6,-0.56,-0.54,0.0
B,6,-0.54,-0.52,0.0
B,6,-0.52,-0.5,0.0
B,6,-0.5,-0.48,0.0
B,6,-0.48,-0.45999999999999996,0.0
B,6,-0.45999999999999996,-0.43999999999999995,0.0
B,6,-0.43999999999999995,-0.41999999999999993,0.0
B,6,-0.41999999999999993,-0.3999999999999999,0.0
B,6,-0.3999999999999999,-0.3799999999999999,0.0
B,6,-0.3799999999999999,-0.3599999999999999,0.0
B,6,-0.3599999999999999,-0.33999999999999986,0.0
B,6,-0.33999999999999986,-0.32000000000000006,0.0
B,6,-0.32000000000000006,-0.30000000000000004,0.0
B,6,-0.30000000000000004,-0.28,0.0
B,6,-0.28,-0.26,0.0
B,6,-0.26,-0.24,0.0
B,6,-0.24,-0.21999999999999997,0.0
B,6,-0.21999999999999997,-0.19999999999999996,0.0
B,6,-0.19999999999999996,-0.17999999999999994,0.0
B,6,-0.17999999999999994,-0.15999999999999992,0.023938345930782118
B,6,-0.15999999999999992,-0.1399999999999999,0.12770815510018058
B,6,-0.1399999999999999,-0.11999999999999988,0.13908835247137383
B,6,-0.11999999999999988,-0.09999999999999987,0.1689946956267429
B,6,-0.09999999999999987,-0.08000000000000007,0.37378853908028786
B,6,-0.08000000000000007,-0.06000000000000005,0.16648191179063268
B,6,-0.06000000000000005,-0.040000000000000036,0.0
B,6,-0.040000000000000036,-0.020000000000000018,0.0
B,6,-0.020000000000000018,0.0,0.0
B,6,0.0,0.020000000000000018,0.0
B,6,0.020000000000000018,0.040000000000000036,0.0
B,6,0.040000000000000036,0.06000000000000005,0.0
B,6,0.06000000000000005,0.08000000000000007,0.0
B,6,0.08000000000000007,0.10000000000000009,0.0
B,6,0.10000000000000009,0.1200000000000001,0.0
B,6,0.1200000000000001,0.14000000000000012,0.0
B,6,0.14000000000000012,0.16000000000000014,0.0
B,6,0.16000000000000014,0.18000000000000016,0.0
B,6,0.18000000000000016,0.20000000000000018,0.0
B,6,0.20000000000000018,0.2200000000000002,0.0
B,6,0.2200000000000002,0.2400000000000002,0.0
B,6,0.2400000000000002,0.26000000000000023,0.0
B,6,0.26000000000000023,0.28000000000000025,0.0
B,6,0.28000000000000025,0.30000000000000027,0.0
B,6,0.30000000000000027,0.31999999999999984,0.0
B,6,0.31999999999999984,0.33999999999999986,0.0
B,6,0.33999999999999986,0.3599999999999999,0.0
B,6,0.3599999999999999,0.3799999999999999,0.0
B,6,0.3799999999999999,0.3999999999999999,0.0
B,6,0.3999999999999999,0.41999999999999993,0.0
B,6,0.41999999999999993,0.43999999999999995,0.0
B,6,0.43999999999999995,0.45999999999999996,0.0
B,6,0.45999999999999996,0.48,0.0
B,6,0.48,0.5,0.0
B,6,0.5,0.52,0.0
B,6,0.52,0.54,0.0
B,6,0.54,0.56,0.0
B,6,0.56,0.5800000000000001,0.0
B,6,0.5800000000000001,0.6000000000000001,0.0
B,6,0.6000000000000001,0.6200000000000001,0.0
B,6,0.6200000000000001,0.6400000000000001,0.0
B,6,0.6400000000000001,0.6600000000000001,0.0
B,6,0.6600000000000001,0.6800000000000002,0.0
B,6,0.6800000000000002,0.7000000000000002,0.0
B,6,0.7000000000000002,0.7200000000000002,0.0
B,6,0.7200000000000002,0.7400000000000002,0.0
B,6,0.7400000000000002,0.7600000000000002,0.0
B,6,0.7600000000000002,0.7800000000000002,0.0
B,6,0.7800000000000002,0.8000000000000003,0.0
B,6,0.8000000000000003,0.8199999999999998,0.0
B,6,0.8199999999999998,0.8399999999999999,0.0
B,6,0.8399999999999999,0.8599999999999999,0.0
B,6,0.8599999999999999,0.8799999999999999,0.0
B,6,0.8799999999999999,0.8999999999999999,0.0
B,6,0.8999999999999999,0.9199999999999999,0.0
B,6,0.9199999999999999,0.94,0.0
B,6,0.94,0.96,0.0
B,6,0.96,0.98,0.0
B,6,0.98,1.0,0.0
B,6,1.0,1.02,0.0
B,6,1.02,1.04,0.0
B,6,1.04,1.06,0.0
B,6,1.06,1.08,0.0
B,6,1.08,1.1,0.0
B,6,1.1,1.12,0.0
B,6,1.12,1.1400000000000001,0.0
B,6,1.1400000000000001,1.1600000000000001,0.0
B,6,1.1600000000000001,1.1800000000000002,0.0
B,6,1.1800000000000002,1.2000000000000002,0.0
B,6,1.2000000000000002,1.2200000000000002,0.0
B,6,1.2200000000000002,1.2400000000000002,0.0
B,6,1.2400000000000002,1.2600000000000002,0.0
B,6,1.2600000000000002,1.2800000000000002,0.0
B,6,1.2800000000000002,1.3000000000000003,0.0
B,6,1.3000000000000003,1.3200000000000003,0.0
B,6,1.3200000000000003,1.3399999999999999,0.0
B,6,1.3399999999999999,1.3599999999999999,0.0
B,6,1.3599999999999999,1.38,0.0
B,6,1.38,1.4,0.0
B,6,1.4,1.42,0.0
B,6,1.42,1.44,0.0
B,6,1.44,1.46,0.0
B,6,1.46,1.48,0.0
B,6,1.48,1.5,0.0
B,6,1.5,1.52,0.0
B,6,1.52,1.54,0.0
B,6,1.54,1.56,0.0
B,6,1.56,1.58,0.0
B,6,1.58,1.6,0.0
B,6,1.6,1.62,0.0
B,6,1.62,1.6400000000000001,0.0
B,6,1.6400000000000001,1.6600000000000001,0.0
B,6,1.6600000000000001,1.6800000000000002,0.0
B,6,1.6800000000000002,1.7000000000000002,0.0
B,6,1.7000000000000002,1.7200000000000002,0.0
B,6,1.7200000000000002,1.7400000000000002,0.0
B,6,1.7400000000000002,1.7600000000000002,0.0
B,6,1.7600000000000002,1.7800000000000002,0.0
B,6,1.7800000000000002,1.8000000000000003,0.0
B,6,1.8000000000000003,1.8200000000000003,0.0
B,6,1.8200000000000003,1.8399999999999999,0.0
B,6,1.8399999999999999,1.8599999999999999,0.0
B,6,1.8599999999999999,1.88,0.0
B,6,1.88,1.9,0.0
B,6,1.9,1.92,0.0
B,6,1.92,1.94,0.0
B,6,1.94,1.96,0.0
B,6,1.96,1.98,0.0
B,6,1.98,2.0,0.0
B,12,-2.0,-1.98,0.0
B,12,-1.98,-1.96,0.0
B,12,-1.96,-1.94,0.0
B,12,-1.94,-1.92,0.0
B,12,-1.92,-1.9,0.0
B,12,-1.9,-1.88,0.0
B,12,-1.88,-1.8599999999999999,0.0
B,12,-1.8599999999999999,-1.84,0.0
B,12,-1.84,-1.82,0.0
B,12,-1.82,-1.8,0.0
B,12,-1.8,-1.78,0.0
B,12,-1.78,-1.76,0.0
B,12,-1.76,-1.74,0.0
B,12,-1.74,-1.72,0.0
B,12,-1.72,-1.7,0.0
B,12,-1.7,-1.68,0.0
B,12,-1.68,-1.66,0.0
B,12,-1.66,-1.6400000000000001,0.0
B,12,-1.6400000000000001,-1.62,0.0
B,12,-1.62,-1.6,0.0
B,12,-1.6,-1.58,0.0
B,12,-1.58,-1.56,0.0
B,12,-1.56,-1.54,0.0
B,12,-1.54,-1.52,0.0
B,12,-1.52,-1.5,0.0
B,12,-1.5,-1.48,0.0
B,12,-1.48,-1.46,0.0
B,12,-1.46,-1.44,0.0
B,12,-1.44,-1.42,0.0
B,12,-1.42,-1.4,0.0
B,12,-1.4,-1.38,0.0
B,12,-1.38,-1.3599999999999999,0.0
B,12,-1.3599999999999999,-1.3399999999999999,0.0
B,12,-1.3399999999999999,-1.3199999999999998,0.0
B,12,-1.3199999999999998,-1.2999999999999998,0.0
B,12,-1.2999999999999998,-1.28,0.0
B,12,-1.28,-1.26,0.0
B,12,-1.26,-1.24,0.0
B,12,-1.24,-1.22,0.0
B,12,-1.22,-1.2,0.0
B,12,-1.2,-1.18,0.0
B,12,-1.18,-1.1600000000000001,0.0
B,12,-1.1600000000000001,-1.1400000000000001,0.0
B,12,-1.1400000000000001,-1.12,0.0
B,12,-1.12,-1.1,0.0
B,12,-1.1,-1.08,0.0
B,12,-1.08,-1.06,0.0
B,12,-1.06,-1.04,0.0
B,12,-1.04,-1.02,0.0
B,12,-1.02,-1.0,0.0
B,12,-1.0,-0.98,0.0
B,12,-0.98,-0.96,0.0
B,12,-0.96,-0.94,0.0
B,12,-0.94,-0.9199999999999999,0.0
B,12,-0.9199999999999999,-0.8999999999999999,0.0
B,12,-0.8999999999999999,-0.8799999999999999,0.0
B,12,-0.8799999999999999,-0.8599999999999999,0.0
B,12,-0.8599999999999999,-0.8400000000000001,0.0
B,12,-0.8400000000000001,-0.8200000000000001,0.0
B,12,-0.8200000000000001,-0.8,0.0
B,12,-0.8,-0.78,0.0
B,12,-0.78,-0.76,0.0
B,12,-0.76,-0.74,0.0
B,12,-0.74,-0.72,0.0
B,12,-0.72,-0.7,0.0
B,12,-0.7,-0.6799999999999999,0.0
B,12,-0.6799999999999999,-0.6599999999999999,0.0
B,12,-0.6599999999999999,-0.6399999999999999,0.0
B,12,-0.6399999999999999,-0.6199999999999999,0.0
B,12,-0.6199999999999999,-0.5999999999999999,0.0
B,12,-0.5999999999999999,-0.5800000000000001,0.0
B,12,-0.5800000000000001,-0.56,0.0
B,12,-0.56,-0.54,0.0
B,12,-0.54,-0.52,0.0
B,12,-0.52,-0.5,0.0
B,12,-0.5,-0.48,0.0
B,12,-0.48,-0.45999999999999996,0.0
B,12,-0.45999999999999996,-0.43999999999999995,0.0
B,12,-0.43999999999999995,-0.41999999999999993,0.0
B,12,-0.41999999999999993,-0.3999999999999999,0.0
B,12,-0.3999999999999999,-0.3799999999999999,0.0
B,12,-0.3799999999999999,-0.3599999999999999,0.0
B,12,-0.3599999999999999,-0.33999999999999986,0.0
B,12,-0.33999999999999986,-0.32000000000000006,0.0
B,12,-0.32000000000000006,-0.30000000000000004,0.0
B,12,-0.30000000000000004,-0.28,0.0
B,12,-0.28,-0.26,0.0
B,12,-0.26,-0.24,0.0
B,12,-0.24,-0.21999999999999997,0.0
B,12,-0.21999999999999997,-0.19999999999999996,0.0
B,12,-0.19999999999999996,-0.17999999999999994,0.0
B,12,-0.17999999999999994,-0.15999999999999992,0.00047299808218203654
B,12,-0.15999999999999992,-0.1399999999999999,0.00620275505820863
B,12,-0.1399999999999999,-0.11999999999999988,0.05345855873725361
B,12,-0.11999999999999988,-0.09999999999999987,0.11193199118397258
B,12,-0.09999999999999987,-0.08000000000000007,0.1057078775086106
B,12,-0.08000000000000007,-0.06000000000000005,0.18498239472683675
B,12,-0.06000000000000005,-0.040000000000000036,0.46413809262232814
B,12,-0.040000000000000036,-0.020000000000000018,0.07310533208060767
B,12,-0.020000000000000018,0.0,0.0
B,12,0.0,0.020000000000000018,0.0
B,12,0.020000000000000018,0.040000000000000036,0.0
B,12,0.040000000000000036,0.06000000000000005,0.0
B,12,0.06000000000000005,0.08000000000000007,0.0
B,12,0.08000000000000007,0.10000000000000009,0.0
B,12,0.10000000000000009,0.1200000000000001,0.0
B,12,0.1200000000000001,0.14000000000000012,0.0
B,12,0.14000000000000012,0.16000000000000014,0.0
B,12,0.16000000000000014,0.18000000000000016,0.0
B,12,0.18000000000000016,0.20000000000000018,0.0
B,12,0.20000000000000018,0.2200000000000002,0.0
B,12,0.2200000000000002,0.2400000000000002,0.0
B,12,0.2400000000000002,0.26000000000000023,0.0
B,12,0.26000000000000023,0.28000000000000025,0.0
B,12,0.28000000000000025,0.30000000000000027,0.0
B,12,0.30000000000000027,0.31999999999999984,0.0
B,12,0.31999999999999984,0.33999999999999986,0.0
B,12,0.33999999999999986,0.3599999999999999,0.0
B,12,0.3599999999999999,0.3799999999999999,0.0
B,12,0.3799999999999999,0.3999999999999999,0.0
B,12,0.3999999999999999,0.41999999999999993,0.0
B,12,0.41999999999999993,0.43999999999999995,0.0
B,12,0.43999999999999995,0.45999999999999996,0.0
B,12,0.45999999999999996,0.48,0.0
B,12,0.48,0.5,0.0
B,12,0.5,0.52,0.0
B,12,0.52,0.54,0.0
B,12,0.54,0.56,0.0
B,12,0.56,0.5800000000000001,0.0
B,12,0.5800000000000001,0.6000000000000001,0.0
B,12,0.6000000000000001,0.6200000000000001,0.0
B,12,0.6200000000000001,0.6400000000000001,0.0
B,12,0.6400000000000001,0.6600000000000001,0.0
B,12,0.6600000000000001,0.6800000000000002,0.0
B,12,0.6800000000000002,0.7000000000000002,0.0
B,12,0.7000000000000002,0.7200000000000002,0.0
B,12,0.7200000000000002,0.7400000000000002,0.0
B,12,0.7400000000000002,0.7600000000000002,0.0
B,12,0.7600000000000002,0.7800000000000002,0.0
B,12,0.7800000000000002,0.8000000000000003,0.0
B,12,0.8000000000000003,0.8199999999999998,0.0
B,12,0.8199999999999998,0.8399999999999999,0.0
B,12,0.8399999999999999,0.8599999999999999,0.0
B,12,0.8599999999999999,0.8799999999999999,0.0
B,12,0.8799999999999999,0.8999999999999999,0.0
B,12,0.8999999999999999,0.9199999999999999,0.0
B,12,0.9199999999999999,0.94,0.0
B,12,0.94,0.96,0.0
B,12,0.96,0.98,0.0
B,12,0.98,1.0,0.0
B,12,1.0,1.02,0.0
B,12,1.02,1.04,0.0
B,12,1.04,1.06,0.0
B,12,1.06,1.08,0.0
B,12,1.08,1.1,0.0
B,12,1.1,1.12,0.0
B,12,1.12,1.1400000000000001,0.0
B,12,1.1400000000000001,1.1600000000000001,0.0
B,12,1.1600000000000001,1.1800000000000002,0.0
B,12,1.1800000000000002,1.2000000000000002,0.0
B,12,1.2000000000000002,1.2200000000000002,0.0
B,12,1.2200000000000002,1.2400000000000002,0.0
B,12,1.2400000000000002,1.2600000000000002,0.0
B,12,1.2600000000000002,1.2800000000000002,0.0
B,12,1.2800000000000002,1.3000000000000003,0.0
B,12,1.3000000000000003,1.3200000000000003,0.0
B,12,1.3200000000000003,1.3399999999999999,0.0
B,12,1.3399999999999999,1.3599999999999999,0.0
B,12,1.3599999999999999,1.38,0.0
B,12,1.38,1.4,0.0
B,12,1.4,1.42,0.0
B,12,1.42,1.44,0.0
B,12,1.44,1.46,0.0
B,12,1.46,1.48,0.0
B,12,1.48,1.5,0.0
B,12,1.5,1.52,0.0
B,12,1.52,1.54,0.0
B,12,1.54,1.56,0.0
B,12,1.56,1.58,0.0
B,12,1.58,1.6,0.0
B,12,1.6,1.62,0.0
B,12,1.62,1.6400000000000001,0.0
B,12,1.6400000000000001,1.6600000000000001,0.0
B,12,1.6600000000000001,1.6800000000000002,0.0
B,12,1.6800000000000002,1.7000000000000002,0.0
B,12,1.7000000000000002,1.7200000000000002,0.0
B,12,1.7200000000000002,1.7400000000000002,0.0
B,12,1.7400000000000002,1.7600000000000002,0.0
B,12,1.7600000000000002,1.7800000000000002,0.0
B,12,1.7800000000000002,1.8000000000000003,0.0
B,12,1.8000000000000003,1.8200000000000003,0.0
B,12,1.8200000000000003,1.8399999999999999,0.0
B,12,1.8399999999999999,1.8599999999999999,0.0
B,12,1.8599999999999999,1.88,0.0
B,12,1.88,1.9,0.0
B,12,1.9,1.92,0.0
B,12,1.92,1.94,0.0
B,12,1.94,1.96,0.0
B,12,1.96,1.98,0.0
B,12,1.98,2.0,0.0
B,18,-2.0,-1.98,0.0
B,18,-1.98,-1.96,0.0
B,18,-1.96,-1.94,0.0
B,18,-1.94,-1.92,0.0
B,18,-1.92,-1.9,0.0
B,18,-1.9,-1.88,0.0
B,18,-1.88,-1.8599999999999999,0.0
B,18,-1.8599999999999999,-1.84,0.0
B,18,-1.84,-1.82,0.0
B,18,-1.82,-1.8,0.0
B,18,-1.8,-1.78,0.0
B,18,-1.78,-1.76,0.0
B,18,-1.76,-1.74,0.0
B,18,-1.74,-1.72,0.0
B,18,-1.72,-1.7,0.0
B,18,-1.7,-1.68,0.0
B,18,-1.68,-1.66,0.0
B,18,-1.66,-1.6400000000000001,0.0
B,18,-1.6400000000000001,-1.62,0.0
B,18,-1.62,-1.6,0.0
B,18,-1.6,-1.58,0.0
B,18,-1.58,-1.56,0.0
B,18,-1.56,-1.54,0.0
B,18,-1.54,-1.52,0.0
B,18,-1.52,-1.5,0.0
B,18,-1.5,-1.48,0.0
B,18,-1.48,-1.46,0.0
B,18,-1.46,-1.44,0.0
B,18,-1.44,-1.42,0.0
B,18,-1.42,-1.4,0.0
B,18,-1.4,-1.38,0.0
B,18,-1.38,-1.3599999999999999,0.0
B,18,-1.3599999999999999,-1.3399999999999999,0.0
B,18,-1.3399999999999999,-1.3199999999999998,0.0
B,18,-1.3199999999999998,-1.2999999999999998,0.0
B,18,-1.2999999999999998,-1.28,0.0
B,18,-1.28,-1.26,0.0
B,18,-1.26,-1.24,0.0
B,18,-1.24,-1.22,0.0
B,18,-1.22,-1.2,0.0
B,18,-1.2,-1.18,0.0
B,18,-1.18,-1.1600000000000001,0.0
B,18,-1.1600000000000001,-1.1400000000000001,0.0
B,18,-1.1400000000000001,-1.12,0.0
B,18,-1.12,-1.1,0.0
B,18,-1.1,-1.08,0.0
B,18,-1.08,-1.06,0.0
B,18,-1.06,-1.04,0.0
B,18,-1.04,-1.02,0.0
B,18,-1.02,-1.0,0.0
B,18,-1.0,-0.98,0.0
B,18,-0.98,-0.96,0.0
B,18,-0.96,-0.94,0.0
B,18,-0.94,-0.9199999999999999,0.0
B,18,-0.9199999999999999,-0.8999999999999999,0.0
B,18,-0.8999999999999999,-0.8799999999999999,0.0
B,18,-0.8799999999999999,-0.8599999999999999,0.0
B,18,-0.8599999999999999,-0.8400000000000001,0.0
B,18,-0.8400000000000001,-0.8200000000000001,0.0
B,18,-0.8200000000000001,-0.8,0.0
B,18,-0.8,-0.78,0.0
B,18,-0.78,-0.76,0.0
B,18,-0.76,-0.74,0.0
B,18,-0.74,-0.72,0.0
B,18,-0.72,-0.7,0.0
B,18,-0.7,-0.6799999999999999,0.0
B,18,-0.6799999999999999,-0.6599999999999999,0.0
B,18,-0.6599999999999999,-0.6399999999999999,0.0
B,18,-0.6399999999999999,-0.6199999999999999,0.0
B,18,-0.6199999999999999,-0.5999999999999999,0.0
B,18,-0.5999999999999999,-0.5800000000000001,0.0
B,18,-0.5800000000000001,-0.56,0.0
B,18,-0.56,-0.54,0.0
B,18,-0.54,-0.52,0.0
B,18,-0.52,-0.5,0.0
B,18,-0.5,-0.48,0.0
B,18,-0.48,-0.45999999999999996,0.0
B,18,-0.45999999999999996,-0.43999999999999995,0.0
B,18,-0.43999999999999995,-0.41999999999999993,0.0
B,18,-0.41999999999999993,-0.3999999999999999,0.0
B,18,-0.3999999999999999,-0.3799999999999999,0.0
B,18,-0.3799999999999999,-0.3599999999999999,0.0
B,18,-0.3599999999999999,-0.33999999999999986,0.0
B,18,-0.33999999999999986,-0.32000000000000006,0.0
B,18,-0.32000000000000006,-0.30000000000000004,0.0
B,18,-0.30000000000000004,-0.28,0.0
B,18,-0.28,-0.26,0.0
B,18,-0.26,-0.24,0.0
B,18,-0.24,-0.21999999999999997,0.0
B,18,-0.21999999999999997,-0.19999999999999996,0.0
B,18,-0.19999999999999996,-0.17999999999999994,0.0
B,18,-0.17999999999999994,-0.15999999999999992,0.0
B,18,-0.15999999999999992,-0.1399999999999999,0.002082146096832449
B,18,-0.1399999999999999,-0.11999999999999988,0.027351643408242518
B,18,-0.11999999999999988,-0.09999999999999987,0.09034845553151735
B,18,-0.09999999999999987,-0.08000000000000007,0.08655106194205794
B,18,-0.08000000000000007,-0.06000000000000005,0.13944090745475207
B,18,-0.06000000000000005,-0.040000000000000036,0.38319171336455954
B,18,-0.040000000000000036,-0.020000000000000018,0.2710340722020381
B,18,-0.020000000000000018,0.0,0.0
B,18,0.0,0.020000000000000018,0.0
B,18,0.020000000000000018,0.040000000000000036,0.0
B,18,0.040000000000000036,0.06000000000000005,0.0
B,18,0.06000000000000005,0.08000000000000007,0.0
B,18,0.08000000000000007,0.10000000000000009,0.0
B,18,0.10000000000000009,0.1200000000000001,0.0
B,18,0.1200000000000001,0.14000000000000012,0.0
B,18,0.14000000000000012,0.16000000000000014,0.0
B,18,0.16000000000000014,0.18000000000000016,0.0
B,18,0.18000000000000016,0.20000000000000018,0.0
B,18,0.20000000000000018,0.2200000000000002,0.0
B,18,0.2200000000000002,0.2400000000000002,0.0
B,18,0.2400000000000002,0.26000000000000023,0.0
B,18,0.26000000000000023,0.28000000000000025,0.0
B,18,0.28000000000000025,0.30000000000000027,0.0
B,18,0.30000000000000027,0.31999999999999984,0.0
B,18,0.31999999999999984,0.33999999999999986,0.0
B,18,0.33999999999999986,0.3599999999999999,0.0
B,18,0.3599999999999999,0.3799999999999999,0.0
B,18,0.3799999999999999,0.3999999999999999,0.0
B,18,0.3999999999999999,0.41999999999999993,0.0
B,18,0.41999999999999993,0.43999999999999995,0.0
B,18,0.43999999999999995,0.45999999999999996,0.0
B,18,0.45999999999999996,0.48,0.0
B,18,0.48,0.5,0.0
B,18,0.5,0.52,0.0
B,18,0.52,0.54,0.0
B,18,0.54,0.56,0.0
B,18,0.56,0.5800000000000001,0.0
B,18,0.5800000000000001,0.6000000000000001,0.0
B,18,0.6000000000000001,0.6200000000000001,0.0
B,18,0.6200000000000001,0.6400000000000001,0.0
B,18,0.6400000000000001,0.6600000000000001,0.0
B,18,0.6600000000000001,0.6800000000000002,0.0
B,18,0.6800000000000002,0.7000000000000002,0.0
B,18,0.7000000000000002,0.7200000000000002,0.0
B,18,0.7200000000000002,0.7400000000000002,0.0
B,18,0.7400000000000002,0.7600000000000002,0.0
B,18,0.7600000000000002,0.7800000000000002,0.0
B,18,0.7800000000000002,0.8000000000000003,0.0
B,18,0.8000000000000003,0.8199999999999998,0.0
B,18,0.8199999999999998,0.8399999999999999,0.0
B,18,0.8399999999999999,0.8599999999999999,0.0
B,18,0.8599999999999999,0.8799999999999999,0.0
B,18,0.8799999999999999,0.8999999999999999,0.0
B,18,0.8999999999999999,0.9199999999999999,0.0
B,18,0.9199999999999999,0.94,0.0
B,18,0.94,0.96,0.0
B,18,0.96,0.98,0.0
B,18,0.98,1.0,0.0
B,18,1.0,1.02,0.0
B,18,1.02,1.04,0.0
B,18,1.04,1.06,0.0
B,18,1.06,1.08,0.0
B,18,1.08,1.1,0.0
B,18,1.1,1.12,0.0
B,18,1.12,1.1400000000000001,0.0
B,18,1.1400000000000001,1.1600000000000001,0.0
B,18,1.1600000000000001,1.1800000000000002,0.0
B,18,1.1800000000000002,1.2000000000000002,0.0
B,18,1.2000000000000002,1.2200000000000002,0.0
B,18,1.2200000000000002,1.2400000000000002,0.0
B,18,1.2400000000000002,1.2600000000000002,0.0
B,18,1.2600000000000002,1.2800000000000002,0.0
B,18,1.2800000000000002,1.3000000000000003,0.0
B,18,1.3000000000000003,1.3200000000000003,0.0
B,18,1.3200000000000003,1.3399999999999999,0.0
B,18,1.3399999999999999,1.3599999999999999,0.0
B,18,1.3599999999999999,1.38,0.0
B,18,1.38,1.4,0.0
B,18,1.4,1.42,0.0
B,18,1.42,1.44,0.0
B,18,1.44,1.46,0.0
B,18,1.46,1.48,0.0
B,18,1.48,1.5,0.0
B,18,1.5,1.52,0.0
B,18,1.52,1.54,0.0
B,18,1.54,1.56,0.0
B,18,1.56,1.58,0.0
B,18,1.58,1.6,0.0
B,18,1.6,1.62,0.0
B,18,1.62,1.6400000000000001,0.0
B,18,1.6400000000000001,1.6600000000000001,0.0
B,18,1.6600000000000001,1.6800000000000002,0.0
B,18,1.6800000000000002,1.7000000000000002,0.0
B,18,1.7000000000000002,1.7200000000000002,0.0
B,18,1.7200000000000002,1.7400000000000002,0.0
B,18,1.7400000000000002,1.7600000000000002,0.0
B,18,1.7600000000000002,1.7800000000000002,0.0
B,18,1.7800000000000002,1.8000000000000003,0.0
B,18,1.8000000000000003,1.8200000000000003,0.0
B,18,1.8200000000000003,1.8399999999999999,0.0
B,18,1.8399999999999999,1.8599999999999999,0.0
B,18,1.8599999999999999,1.88,0.0
B,18,1.88,1.9,0.0
B,18,1.9,1.92,0.0
B,18,1.92,1.94,0.0
B,18,1.94,1.96,0.0
B,18,1.96,1.98,0.0
B,18,1.98,2.0,0.0
B,24,-2.0,-1.98,0.0
B,24,-1.98,-1.96,0.0
B,24,-1.96,-1.94,0.0
B,24,-1.94,-1.92,0.0
B,24,-1.92,-1.9,0.0
B,24,-1.9,-1.88,0.0
B,24,-1.88,-1.8599999999999999,0.0
B,24,-1.8599999999999999,-1.84,0.0
B,24,-1.84,-1.82,0.0
B,24,-1.82,-1.8,0.0
B,24,-1.8,-1.78,0.0
B,24,-1.78,-1.76,0.0
B,24,-1.76,-1.74,0.0
B,24,-1.74,-1.72,0.0
B,24,-1.72,-1.7,0.0
B,24,-1.7,-1.68,0.0
B,24,-1.68,-1.66,0.0
B,24,-1.66,-1.6400000000000001,0.0
B,24,-1.6400000000000001,-1.62,0.0
B,24,-1.62,-1.6,0.0
B,24,-1.6,-1.58,0.0
B,24,-1.58,-1.56,0.0
B,24,-1.56,-1.54,0.0
B,24,-1.54,-1.52,0.0
B,24,-1.52,-1.5,0.0
B,24,-1.5,-1.48,0.0
B,24,-1.48,-1.46,0.0
B,24,-1.46,-1.44,0.0
B,24,-1.44,-1.42,0.0
B,24,-1.42,-1.4,0.0
B,24,-1.4,-1.38,0.0
B,24,-1.38,-1.3599999999999999,0.0
B,24,-1.3599999999999999,-1.3399999999999999,0.0
B,24,-1.3399999999999999,-1.3199999999999998,0.0
B,24,-1.3199999999999998,-1.2999999999999998,0.0
B,24,-1.2999999999999998,-1.28,0.0
B,24,-1.28,-1.26,0.0
B,24,-1.26,-1.24,0.0
B,24,-1.24,-1.22,0.0
B,24,-1.22,-1.2,0.0
B,24,-1.2,-1.18,0.0
B,24,-1.18,-1.1600000000000001,0.0
B,24,-1.1600000000000001,-1.1400000000000001,0.0
B,24,-1.1400000000000001,-1.12,0.0
B,24,-1.12,-1.1,0.0
B,24,-1.1,-1.08,0.0
B,24,-1.08,-1.06,0.0
B,24,-1.06,-1.04,0.0
B,24,-1.04,-1.02,0.0
B,24,-1.02,-1.0,0.0
B,24,-1.0,-0.98,0.0
B,24,-0.98,-0.96,0.0
B,24,-0.96,-0.94,0.0
B,24,-0.94,-0.9199999999999999,0.0
B,24,-0.9199999999999999,-0.8999999999999999,0.0
B,24,-0.8999999999999999,-0.8799999999999999,0.0
B,24,-0.8799999999999999,-0.8599999999999999,0.0
B,24,-0.8599999999999999,-0.8400000000000001,0.0
B,24,-0.8400000000000001,-0.8200000000000001,0.0
B,24,-0.8200000000000001,-0.8,0.0
B,24,-0.8,-0.78,0.0
B,24,-0.78,-0.76,0.0
B,24,-0.76,-0.74,0.0
B,24,-0.74,-0.72,0.0
B,24,-0.72,-0.7,0.0
B,24,-0.7,-0.6799999999999999,0.0
B,24,-0.6799999999999999,-0.6599999999999999,0.0
B,24,-0.6599999999999999,-0.6399999999999999,0.0
B,24,-0.6399999999999999,-0.6199999999999999,0.0
B,24,-0.6199999999999999,-0.5999999999999999,0.0
B,24,-0.5999999999999999,-0.5800000000000001,0.0
B,24,-0.5800000000000001,-0.56,0.0
B,24,-0.56,-0.54,0.0
B,24,-0.54,-0.52,0.0
B,24,-0.52,-0.5,0.0
B,24,-0.5,-0.48,0.0
B,24,-0.48,-0.45999999999999996,0.0
B,24,-0.45999999999999996,-0.43999999999999995,0.0
B,24,-0.43999999999999995,-0.41999999999999993,0.0
B,24,-0.41999999999999993,-0.3999999999999999,0.0
B,24,-0.3999999999999999,-0.3799999999999999,0.0
B,24,-0.3799999999999999,-0.3599999999999999,0.0
B,24,-0.3599999999999999,-0.33999999999999986,0.0
B,24,-0.33999999999999986,-0.32000000000000006,0.0
B,24,-0.32000000000000006,-0.30000000000000004,0.0
B,24,-0.30000000000000004,-0.28,0.0
B,24,-0.28,-0.26,0.0
B,24,-0.26,-0.24,0.0
B,24,-0.24,-0.21999999999999997,0.0
B,24,-0.21999999999999997,-0.19999999999999996,0.0
B,24,-0.19999999999999996,-0.17999999999999994,0.0
B,24,-0.17999999999999994,-0.15999999999999992,0.0007783521751113449
B,24,-0.15999999999999992,-0.1399999999999999,0.004547014205976758
B,24,-0.1399999999999999,-0.11999999999999988,0.013547407693483223
B,24,-0.11999999999999988,-0.09999999999999987,0.08188896004102257
B,24,-0.09999999999999987,-0.08000000000000007,0.08660220604940491
B,24,-0.08000000000000007,-0.06000000000000005,0.09506544164098642
B,24,-0.06000000000000005,-0.040000000000000036,0.2851030103580592
B,24,-0.040000000000000036,-0.020000000000000018,0.4324676078359556
B,24,-0.020000000000000018,0.0,0.0
B,24,0.0,0.020000000000000018,0.0
B,24,0.020000000000000018,0.040000000000000036,0.0
B,24,0.040000000000000036,0.06000000000000005,0.0
B,24,0.06000000000000005,0.08000000000000007,0.0
B,24,0.08000000000000007,0.10000000000000009,0.0
B,24,0.10000000000000009,0.1200000000000001,0.0
B,24,0.1200000000000001,0.14000000000000012,0.0
B,24,0.14000000000000012,0.16000000000000014,0.0
B,24,0.16000000000000014,0.18000000000000016,0.0
B,24,0.18000000000000016,0.20000000000000018,0.0
B,24,0.20000000000000018,0.2200000000000002,0.0
B,24,0.2200000000000002,0.2400000000000002,0.0
B,24,0.2400000000000002,0.26000000000000023,0.0
B,24,0.26000000000000023,0.28000000000000025,0.0
B,24,0.28000000000000025,0.30000000000000027,0.0
B,24,0.30000000000000027,0.31999999999999984,0.0
B,24,0.31999999999999984,0.33999999999999986,0.0
B,24,0.33999999999999986,0.3599999999999999,0.0
B,24,0.3599999999999999,0.3799999999999999,0.0
B,24,0.3799999999999999,0.3999999999999999,0.0
B,24,0.3999999999999999,0.41999999999999993,0.0
B,24,0.41999999999999993,0.43999999999999995,0.0
B,24,0.43999999999999995,0.45999999999999996,0.0
B,24,0.45999999999999996,0.48,0.0
B,24,0.48,0.5,0.0
B,24,0.5,0.52,0.0
B,24,0.52,0.54,0.0
B,24,0.54,0.56,0.0
B,24,0.56,0.5800000000000001,0.0
B,24,0.5800000000000001,0.6000000000000001,0.0
B,24,0.6000000000000001,0.6200000000000001,0.0
B,24,0.6200000000000001,0.6400000000000001,0.0
B,24,0.6400000000000001,0.6600000000000001,0.0
B,24,0.6600000000000001,0.6800000000000002,0.0
B,24,0.6800000000000002,0.7000000000000002,0.0
B,24,0.7000000000000002,0.7200000000000002,0.0
B,24,0.7200000000000002,0.7400000000000002,0.0
B,24,0.7400000000000002,0.7600000000000002,0.0
B,24,0.7600000000000002,0.7800000000000002,0.0
B,24,0.7800000000000002,0.8000000000000003,0.0
B,24,0.8000000000000003,0.8199999999999998,0.0
B,24,0.8199999999999998,0.8399999999999999,0.0
B,24,0.8399999999999999,0.8599999999999999,0.0
B,24,0.8599999999999999,0.8799999999999999,0.0
B,24,0.8799999999999999,0.8999999999999999,0.0
B,24,0.8999999999999999,0.9199999999999999,0.0
B,24,0.9199999999999999,0.94,0.0
B,24,0.94,0.96,0.0
B,24,0.96,0.98,0.0
B,24,0.98,1.0,0.0
B,24,1.0,1.02,0.0
B,24,1.02,1.04,0.0
B,24,1.04,1.06,0.0
B,24,1.06,1.08,0.0
B,24,1.08,1.1,0.0
B,24,1.1,1.12,0.0
B,24,1.12,1.1400000000000001,0.0
B,24,1.1400000000000001,1.1600000000000001,0.0
B,24,1.1600000000000001,1.1800000000000002,0.0
B,24,1.1800000000000002,1.2000000000000002,0.0
B,24,1.2000000000000002,1.2200000000000002,0.0
B,24,1.2200000000000002,1.2400000000000002,0.0
B,24,1.2400000000000002,1.2600000000000002,0.0
B,24,1.2600000000000002,1.2800000000000002,0.0
B,24,1.2800000000000002,1.3000000000000003,0.0
B,24,1.3000000000000003,1.3200000000000003,0.0
B,24,1.3200000000000003,1.3399999999999999,0.0
B,24,1.3399999999999999,1.3599999999999999,0.0
B,24,1.3599999999999999,1.38,0.0
B,24,1.38,1.4,0.0
B,24,1.4,1.42,0.0
B,24,1.42,1.44,0.0
B,24,1.44,1.46,0.0
B,24,1.46,1.48,0.0
B,24,1.48,1.5,0.0
B,24,1.5,1.52,0.0
B,24,1.52,1.54,0.0
B,24,1.54,1.56,0.0
B,24,1.56,1.58,0.0
B,24,1.58,1.6,0.0
B,24,1.6,1.62,0.0
B,24,1.62,1.6400000000000001,0.0
B,24,1.6400000000000001,1.6600000000000001,0.0
B,24,1.6600000000000001,1.6800000000000002,0.0
B,24,1.6800000000000002,1.7000000000000002,0.0
B,24,1.7000000000000002,1.7200000000000002,0.0
B,24,1.7200000000000002,1.7400000000000002,0.0
B,24,1.7400000000000002,1.7600000000000002,0.0
B,24,1.7600000000000002,1.7800000000000002,0.0
B,24,1.7800000000000002,1.8000000000000003,0.0
B,24,1.8000000000000003,1.8200000000000003,0.0
B,24,1.8200000000000003,1.8399999999999999,0.0
B,24,1.8399999999999999,1.8599999999999999,0.0
B,24,1.8599999999999999,1.88,0.0
B,24,1.88,1.9,0.0
B,24,1.9,1.92,0.0
B,24,1.92,1.94,0.0
B,24,1.94,1.96,0.0
B,24,1.96,1.98,0.0
B,24,1.98,2.0,0.0
B,36,-2.0,-1.98,0.0
B,36,-1.98,-1.96,0.0
B,36,-1.96,-1.94,0.0
B,36,-1.94,-1.92,0.0
B,36,-1.92,-1.9,0.0
B,36,-1.9,-1.88,0.0
B,36,-1.88,-1.8599999999999999,0.0
B,36,-1.8599999999999999,-1.84,0.0
B,36,-1.84,-1.82,0.0
B,36,-1.82,-1.8,0.0
B,36,-1.8,-1.78,0.0
B,36,-1.78,-1.76,0.0
B,36,-1.76,-1.74,0.0
B,36,-1.74,-1.72,0.0
B,36,-1.72,-1.7,0.0
B,36,-1.7,-1.68,0.0
B,36,-1.68,-1.66,0.0
B,36,-1.66,-1.6400000000000001,0.0
B,36,-1.6400000000000001,-1.62,0.0
B,36,-1.62,-1.6,0.0
B,36,-1.6,-1.58,0.0
B,36,-1.58,-1.56,0.0
B,36,-1.56,-1.54,0.0
B,36,-1.54,-1.52,0.0
B,36,-1.52,-1.5,0.0
B,36,-1.5,-1.48,0.0
B,36,-1.48,-1.46,0.0
B,36,-1.46,-1.44,0.0
B,36,-1.44,-1.42,0.0
B,36,-1.42,-1.4,0.0
B,36,-1.4,-1.38,0.0
B,36,-1.38,-1.3599999999999999,0.0
B,36,-1.3599999999999999,-1.3399999999999999,0.0
B,36,-1.3399999999999999,-1.3199999999999998,0.0
B,36,-1.3199999999999998,-1.2999999999999998,0.0
B,36,-1.2999999999999998,-1.28,0.0
B,36,-1.28,-1.26,0.0
B,36,-1.26,-1.24,0.0
B,36,-1.24,-1.22,0.0
B,36,-1.22,-1.2,0.0
B,36,-1.2,-1.18,0.0
B,36,-1.18,-1.1600000000000001,0.0
B,36,-1.1600000000000001,-1.1400000000000001,0.0
B,36,-1.1400000000000001,-1.12,0.0
B,36,-1.12,-1.1,0.0
B,36,-1.1,-1.08,0.0
B,36,-1.08,-1.06,0.0
B,36,-1.06,-1.04,0.0
B,36,-1.04,-1.02,0.0
B,36,-1.02,-1.0,0.0
B,36,-1.0,-0.98,0.0
B,36,-0.98,-0.96,0.0
B,36,-0.96,-0.94,0.0
B,36,-0.94,-0.9199999999999999,0.0
B,36,-0.9199999999999999,-0.8999999999999999,0.0
B,36,-0.8999999999999999,-0.8799999999999999,0.0
B,36,-0.8799999999999999,-0.8599999999999999,0.0
B,36,-0.8599999999999999,-0.8400000000000001,0.0
B,36,-0.8400000000000001,-0.8200000000000001,0.0
B,36,-0.8200000000000001,-0.8,0.0
B,36,-0.8,-0.78,0.0
B,36,-0.78,-0.76,0.0
B,36,-0.76,-0.74,0.0
B,36,-0.74,-0.72,0.0
B,36,-0.72,-0.7,0.0
B,36,-0.7,-0.6799999999999999,0.0
B,36,-0.6799999999999999,-0.6599999999999999,0.0
B,36,-0.6599999999999999,-0.6399999999999999,0.0
B,36,-0.6399999999999999,-0.6199999999999999,0.0
B,36,-0.6199999999999999,-0.5999999999999999,0.0
B,36,-0.5999999999999999,-0.5800000000000001,0.0
B,36,-0.5800000000000001,-0.56,0.0
B,36,-0.56,-0.54,0.0
B,36,-0.54,-0.52,0.0
B,36,-0.52,-0.5,0.0
B,36,-0.5,-0.48,0.0
B,36,-0.48,-0.45999999999999996,0.0
B,36,-0.45999999999999996,-0.43999999999999995,0.0
B,36,-0.43999999999999995,-0.41999999999999993,0.0
B,36,-0.41999999999999993,-0.3999999999999999,0.0
B,36,-0.3999999999999999,-0.3799999999999999,0.0
B,36,-0.3799999999999999,-0.3599999999999999,0.0
B,36,-0.3599999999999999,-0.33999999999999986,0.0
B,36,-0.33999999999999986,-0.32000000000000006,0.0
B,36,-0.32000000000000006,-0.30000000000000004,0.0
B,36,-0.30000000000000004,-0.28,0.0
B,36,-0.28,-0.26,0.0
B,36,-0.26,-0.24,0.0
B,36,-0.24,-0.21999999999999997,0.0
B,36,-0.21999999999999997,-0.19999999999999996,0.0
B,36,-0.19999999999999996,-0.17999999999999994,0.0
B,36,-0.17999999999999994,-0.15999999999999992,0.0
B,36,-0.15999999999999992,-0.1399999999999999,0.0
B,36,-0.1399999999999999,-0.11999999999999988,0.004892579299854015
B,36,-0.11999999999999988,-0.09999999999999987,0.06622940170625512
B,36,-0.09999999999999987,-0.08000000000000007,0.07524475099749363
B,36,-0.08000000000000007,-0.06000000000000005,0.0762470620905672
B,36,-0.06000000000000005,-0.040000000000000036,0.22460807038099245
B,36,-0.040000000000000036,-0.020000000000000018,0.5205082018554361
B,36,-0.020000000000000018,0.0,0.03226993366940148
B,36,0.0,0.020000000000000018,0.0
B,36,0.020000000000000018,0.040000000000000036,0.0
B,36,0.040000000000000036,0.06000000000000005,0.0
B,36,0.06000000000000005,0.08000000000000007,0.0
B,36,0.08000000000000007,0.10000000000000009,0.0
B,36,0.10000000000000009,0.1200000000000001,0.0
B,36,0.1200000000000001,0.14000000000000012,0.0
B,36,0.14000000000000012,0.16000000000000014,0.0
B,36,0.16000000000000014,0.18000000000000016,0.0
B,36,0.18000000000000016,0.20000000000000018,0.0
B,36,0.20000000000000018,0.2200000000000002,0.0
B,36,0.2200000000000002,0.2400000000000002,0.0
B,36,0.2400000000000002,0.26000000000000023,0.0
B,36,0.26000000000000023,0.28000000000000025,0.0
B,36,0.28000000000000025,0.30000000000000027,0.0
B,36,0.30000000000000027,0.31999999999999984,0.0
B,36,0.31999999999999984,0.33999999999999986,0.0
B,36,0.33999999999999986,0.3599999999999999,0.0
B,36,0.3599999999999999,0.3799999999999999,0.0
B,36,0.3799999999999999,0.3999999999999999,0.0
B,36,0.3999999999999999,0.41999999999999993,0.0
B,36,0.41999999999999993,0.43999999999999995,0.0
B,36,0.43999999999999995,0.45999999999999996,0.0
B,36,0.45999999999999996,0.48,0.0
B,36,0.48,0.5,0.0
B,36,0.5,0.52,0.0
B,36,0.52,0.54,0.0
B,36,0.54,0.56,0.0
B,36,0.56,0.5800000000000001,0.0
B,36,0.5800000000000001,0.6000000000000001,0.0
B,36,0.6000000000000001,0.6200000000000001,0.0
B,36,0.6200000000000001,0.6400000000000001,0.0
B,36,0.6400000000000001,0.6600000000000001,0.0
B,36,0.6600000000000001,0.6800000000000002,0.0
B,36,0.6800000000000002,0.7000000000000002,0.0
B,36,0.7000000000000002,0.7200000000000002,0.0
B,36,0.7200000000000002,0.7400000000000002,0.0
B,36,0.7400000000000002,0.7600000000000002,0.0
B,36,0.7600000000000002,0.7800000000000002,0.0
B,36,0.7800000000000002,0.8000000000000003,0.0
B,36,0.8000000000000003,0.8199999999999998,0.0
B,36,0.8199999999999998,0.8399999999999999,0.0
B,36,0.8399999999999999,0.8599999999999999,0.0
B,36,0.8599999999999999,0.8799999999999999,0.0
B,36,0.8799999999999999,0.8999999999999999,0.0
B,36,0.8999999999999999,0.9199999999999999,0.0
B,36,0.9199999999999999,0.94,0.0
B,36,0.94,0.96,0.0
B,36,0.96,0.98,0.0
B,36,0.98,1.0,0.0
B,36,1.0,1.02,0.0
B,36,1.02,1.04,0.0
B,36,1.04,1.06,0.0
B,36,1.06,1.08,0.0
B,36,1.08,1.1,0.0
B,36,1.1,1.12,0.0
B,36,1.12,1.1400000000000001,0.0
B,36,1.1400000000000001,1.1600000000000001,0.0
B,36,1.1600000000000001,1.1800000000000002,0.0
B,36,1.1800000000000002,1.2000000000000002,0.0
B,36,1.2000000000000002,1.2200000000000002,0.0
B,36,1.2200000000000002,1.2400000000000002,0.0
B,36,1.2400000000000002,1.2600000000000002,0.0
B,36,1.2600000000000002,1.2800000000000002,0.0
B,36,1.2800000000000002,1.3000000000000003,0.0
B,36,1.3000000000000003,1.3200000000000003,0.0
B,36,1.3200000000000003,1.3399999999999999,0.0
B,36,1.3399999999999999,1.3599999999999999,0.0
B,36,1.3599999999999999,1.38,0.0
B,36,1.38,1.4,0.0
B,36,1.4,1.42,0.0
B,36,1.42,1.44,0.0
B,36,1.44,1.46,0.0
B,36,1.46,1.48,0.0
B,36,1.48,1.5,0.0
B,36,1.5,1.52,0.0
B,36,1.52,1.54,0.0
B,36,1.54,1.56,0.0
B,36,1.56,1.58,0.0
B,36,1.58,1.6,0.0
B,36,1.6,1.62,0.0
B,36,1.62,1.6400000000000001,0.0
B,36,1.6400000000000001,1.6600000000000001,0.0
B,36,1.6600000000000001,1.6800000000000002,0.0
B,36,1.6800000000000002,1.7000000000000002,0.0
B,36,1.7000000000000002,1.7200000000000002,0.0
B,36,1.7200000000000002,1.7400000000000002,0.0
B,36,1.7400000000000002,1.7600000000000002,0.0
B,36,1.7600000000000002,1.7800000000000002,0.0
B,36,1.7800000000000002,1.8000000000000003,0.0
B,36,1.8000000000000003,1.8200000000000003,0.0
B,36,1.8200000000000003,1.8399999999999999,0.0
B,36,1.8399999999999999,1.8599999999999999,0.0
B,36,1.8599999999999999,1.88,0.0
B,36,1.88,1.9,0.0
B,36,1.9,1.92,0.0
B,36,1.92,1.94,0.0
B,36,1.94,1.96,0.0
B,36,1.96,1.98,0.0
B,36,1.98,2.0,0.0
B,48,-2.0,-1.98,0.0
B,48,-1.98,-1.96,0.0
B,48,-1.96,-1.94,0.0
B,48,-1.94,-1.92,0.0
B,48,-1.92,-1.9,0.0
B,48,-1.9,-1.88,0.0
B,48,-1.88,-1.8599999999999999,0.0
B,48,-1.8599999999999999,-1.84,0.0
B,48,-1.84,-1.82,0.0
B,48,-1.82,-1.8,0.0
B,48,-1.8,-1.78,0.0
B,48,-1.78,-1.76,0.0
B,48,-1.76,-1.74,0.0
B,48,-1.74,-1.72,0.0
B,48,-1.72,-1.7,0.0
B,48,-1.7,-1.68,0.0
B,48,-1.68,-1.66,0.0
B,48,-1.66,-1.6400000000000001,0.0
B,48,-1.6400000000000001,-1.62,0.0
B,48,-1.62,-1.6,0.0
B,48,-1.6,-1.58,0.0
B,48,-1.58,-1.56,0.0
B,48,-1.56,-1.54,0.0
B,48,-1.54,-1.52,0.0
B,48,-1.52,-1.5,0.0
B,48,-1.5,-1.48,0.0
B,48,-1.48,-1.46,0.0
B,48,-1.46,-1.44,0.0
B,48,-1.44,-1.42,0.0
B,48,-1.42,-1.4,0.0
B,48,-1.4,-1.38,0.0
B,48,-1.38,-1.3599999999999999,0.0
B,48,-1.3599999999999999,-1.3399999999999999,0.0
B,48,-1.3399999999999999,-1.3199999999999998,0.0
B,48,-1.3199999999999998,-1.2999999999999998,0.0
B,48,-1.2999999999999998,-1.28,0.0
B,48,-1.28,-1.26,0.0
B,48,-1.26,-1.24,0.0
B,48,-1.24,-1.22,0.0
B,48,-1.22,-1.2,0.0
B,48,-1.2,-1.18,0.0
B,48,-1.18,-1.1600000000000001,0.0
B,48,-1.1600000000000001,-1.1400000000000001,0.0
B,48,-1.1400000000000001,-1.12,0.0
B,48,-1.12,-1.1,0.0
B,48,-1.1,-1.08,0.0
B,48,-1.08,-1.06,0.0
B,48,-1.06,-1.04,0.0
B,48,-1.04,-1.02,0.0
B,48,-1.02,-1.0,0.0
B,48,-1.0,-0.98,0.0
B,48,-0.98,-0.96,0.0
B,48,-0.96,-0.94,0.0
B,48,-0.94,-0.9199999999999999,0.0
B,48,-0.9199999999999999,-0.8999999999999999,0.0
B,48,-0.8999999999999999,-0.8799999999999999,0.0
B,48,-0.8799999999999999,-0.8599999999999999,0.0
B,48,-0.8599999999999999,-0.8400000000000001,0.0
B,48,-0.8400000000000001,-0.8200000000000001,0.0
B,48,-0.8200000000000001,-0.8,0.0
B,48,-0.8,-0.78,0.0
B,48,-0.78,-0.76,0.0
B,48,-0.76,-0.74,0.0
B,48,-0.74,-0.72,0.0
B,48,-0.72,-0.7,0.0
B,48,-0.7,-0.6799999999999999,0.0
B,48,-0.6799999999999999,-0.6599999999999999,0.0
B,48,-0.6599999999999999,-0.6399999999999999,0.0
B,48,-0.6399999999999999,-0.6199999999999999,0.0
B,48,-0.6199999999999999,-0.5999999999999999,0.0
B,48,-0.5999999999999999,-0.5800000000000001,0.0
B,48,-0.5800000000000001,-0.56,0.0
B,48,-0.56,-0.54,0.0
B,48,-0.54,-0.52,0.0
B,48,-0.52,-0.5,0.0
B,48,-0.5,-0.48,0.0
B,48,-0.48,-0.45999999999999996,0.0
B,48,-0.45999999999999996,-0.43999999999999995,0.0
B,48,-0.43999999999999995,-0.41999999999999993,0.0
B,48,-0.41999999999999993,-0.3999999999999999,0.0
B,48,-0.3999999999999999,-0.3799999999999999,0.0
B,48,-0.3799999999999999,-0.3599999999999999,0.0
B,48,-0.3599999999999999,-0.33999999999999986,0.0
B,48,-0.33999999999999986,-0.32000000000000006,0.0
B,48,-0.32000000000000006,-0.30000000000000004,0.0
B,48,-0.30000000000000004,-0.28,0.0
B,48,-0.28,-0.26,0.0
B,48,-0.26,-0.24,0.0
B,48,-0.24,-0.21999999999999997,0.0
B,48,-0.21999999999999997,-0.19999999999999996,0.00030674971338472845
B,48,-0.19999999999999996,-0.17999999999999994,0.0018423880343334976
B,48,-0.17999999999999994,-0.15999999999999992,0.002028409986346376
B,48,-0.15999999999999992,-0.1399999999999999,0.0021514686831901097
B,48,-0.1399999999999999,-0.11999999999999988,0.011584619895955182
B,48,-0.11999999999999988,-0.09999999999999987,0.054591814520973315
B,48,-0.09999999999999987,-0.08000000000000007,0.07190331262231801
B,48,-0.08000000000000007,-0.06000000000000005,0.06920303591246785
B,48,-0.06000000000000005,-0.040000000000000036,0.16774255037209018
B,48,-0.040000000000000036,-0.020000000000000018,0.5090210368801124
B,48,-0.020000000000000018,0.0,0.10962461337882842
B,48,0.0,0.020000000000000018,0.0
B,48,0.020000000000000018,0.040000000000000036,0.0
B,48,0.040000000000000036,0.06000000000000005,0.0
B,48,0.06000000000000005,0.08000000000000007,0.0
B,48,0.08000000000000007,0.10000000000000009,0.0
B,48,0.10000000000000009,0.1200000000000001,0.0
B,48,0.1200000000000001,0.14000000000000012,0.0
B,48,0.14000000000000012,0.16000000000000014,0.0
B,48,0.16000000000000014,0.18000000000000016,0.0
B,48,0.18000000000000016,0.20000000000000018,0.0
B,48,0.20000000000000018,0.2200000000000002,0.0
B,48,0.2200000000000002,0.2400000000000002,0.0
B,48,0.2400000000000002,0.26000000000000023,0.0
B,48,0.26000000000000023,0.28000000000000025,0.0
B,48,0.28000000000000025,0.30000000000000027,0.0
B,48,0.30000000000000027,0.31999999999999984,0.0
B,48,0.31999999999999984,0.33999999999999986,0.0
B,48,0.33999999999999986,0.3599999999999999,0.0
B,48,0.3599999999999999,0.3799999999999999,0.0
B,48,0.3799999999999999,0.3999999999999999,0.0
B,48,0.3999999999999999,0.41999999999999993,0.0
B,48,0.41999999999999993,0.43999999999999995,0.0
B,48,0.43999999999999995,0.45999999999999996,0.0
B,48,0.45999999999999996,0.48,0.0
B,48,0.48,0.5,0.0
B,48,0.5,0.52,0.0
B,48,0.52,0.54,0.0
B,48,0.54,0.56,0.0
B,48,0.56,0.5800000000000001,0.0
B,48,0.5800000000000001,0.6000000000000001,0.0
B,48,0.6000000000000001,0.6200000000000001,0.0
B,48,0.6200000000000001,0.6400000000000001,0.0
B,48,0.6400000000000001,0.6600000000000001,0.0
B,48,0.6600000000000001,0.6800000000000002,0.0
B,48,0.6800000000000002,0.7000000000000002,0.0
B,48,0.7000000000000002,0.7200000000000002,0.0
B,48,0.7200000000000002,0.7400000000000002,0.0
B,48,0.7400000000000002,0.7600000000000002,0.0
B,48,0.7600000000000002,0.7800000000000002,0.0
B,48,0.7800000000000002,0.8000000000000003,0.0
B,48,0.8000000000000003,0.8199999999999998,0.0
B,48,0.8199999999999998,0.8399999999999999,0.0
B,48,0.8399999999999999,0.8599999999999999,0.0
B,48,0.8599999999999999,0.8799999999999999,0.0
B,48,0.8799999999999999,0.8999999999999999,0.0
B,48,0.8999999999999999,0.9199999999999999,0.0
B,48,0.9199999999999999,0.94,0.0
B,48,0.94,0.96,0.0
B,48,0.96,0.98,0.0
B,48,0.98,1.0,0.0
B,48,1.0,1.02,0.0
B,48,1.02,1.04,0.0
B,48,1.04,1.06,0.0
B,48,1.06,1.08,0.0
B,48,1.08,1.1,0.0
B,48,1.1,1.12,0.0
B,48,1.12,1.1400000000000001,0.0
B,48,1.1400000000000001,1.1600000000000001,0.0
B,48,1.1600000000000001,1.1800000000000002,0.0
B,48,1.1800000000000002,1.2000000000000002,0.0
B,48,1.2000000000000002,1.2200000000000002,0.0
B,48,1.2200000000000002,1.2400000000000002,0.0
B,48,1.2400000000000002,1.2600000000000002,0.0
B,48,1.2600000000000002,1.2800000000000002,0.0
B,48,1.2800000000000002,1.3000000000000003,0.0
B,48,1.3000000000000003,1.3200000000000003,0.0
B,48,1.3200000000000003,1.3399999999999999,0.0
B,48,1.3399999999999999,1.3599999999999999,0.0
B,48,1.3599999999999999,1.38,0.0
B,48,1.38,1.4,0.0
B,48,1.4,1.42,0.0
B,48,1.42,1.44,0.0
B,48,1.44,1.46,0.0
B,48,1.46,1.48,0.0
B,48,1.48,1.5,0.0
B,48,1.5,1.52,0.0
B,48,1.52,1.54,0.0
B,48,1.54,1.56,0.0
B,48,1.56,1.58,0.0
B,48,1.58,1.6,0.0
B,48,1.6,1.62,0.0
B,48,1.62,1.6400000000000001,0.0
B,48,1.6400000000000001,1.6600000000000001,0.0
B,48,1.6600000000000001,1.6800000000000002,0.0
B,48,1.6800000000000002,1.7000000000000002,0.0
B,48,1.7000000000000002,1.7200000000000002,0.0
B,48,1.7200000000000002,1.7400000000000002,0.0
B,48,1.7400000000000002,1.7600000000000002,0.0
B,48,1.7600000000000002,1.7800000000000002,0.0
B,48,1.7800000000000002,1.8000000000000003,0.0
B,48,1.8000000000000003,1.8200000000000003,0.0
B,48,1.8200000000000003,1.8399999999999999,0.0
B,48,1.8399999999999999,1.8599999999999999,0.0
B,48,1.8599999999999999,1.88,0.0
B,48,1.88,1.9,0.0
B,48,1.9,1.92,0.0
B,48,1.92,1.94,0.0
B,48,1.94,1.96,0.0
B,48,1.96,1.98,0.0
B,48,1.98,2.0,0.0
C,6,-2.0,-1.98,0.0
C,6,-1.98,-1.96,0.0
C,6,-1.96,-1.94,0.0
C,6,-1.94,-1.92,0.0
C,6,-1.92,-1.9,0.0
C,6,-1.9,-1.88,0.0
C,6,-1.88,-1.8599999999999999,0.0
C,6,-1.8599999999999999,-1.84,0.0
C,6,-1.84,-1.82,0.0
C,6,-1.82,-1.8,0.0
C,6,-1.8,-1.78,0.0
C,6,-1.78,-1.76,0.0
C,6,-1.76,-1.74,0.0
C,6,-1.74,-1.72,0.0
C,6,-1.72,-1.7,0.0
C,6,-1.7,-1.68,0.0
C,6,-1.68,-1.66,0.0
C,6,-1.66,-1.6400000000000001,0.0
C,6,-1.6400000000000001,-1.62,0.0
C,6,-1.62,-1.6,0.0
C,6,-1.6,-1.58,0.0
C,6,-1.58,-1.56,0.0
C,6,-1.56,-1.54,0.0
C,6,-1.54,-1.52,0.0
C,6,-1.52,-1.5,0.0
C,6,-1.5,-1.48,0.0
C,6,-1.48,-1.46,0.0
C,6,-1.46,-1.44,0.0
C,6,-1.44,-1.42,0.0
C,6,-1.42,-1.4,0.0
C,6,-1.4,-1.38,0.0
C,6,-1.38,-1.3599999999999999,0.0
C,6,-1.3599999999999999,-1.3399999999999999,0.0
C,6,-1.3399999999999999,-1.3199999999999998,0.0
C,6,-1.3199999999999998,-1.2999999999999998,0.0
C,6,-1.2999999999999998,-1.28,0.0
C,6,-1.28,-1.26,0.0
C,6,-1.26,-1.24,0.0
C,6,-1.24,-1.22,0.0
C,6,-1.22,-1.2,0.0
C,6,-1.2,-1.18,0.0
C,6,-1.18,-1.1600000000000001,0.0
C,6,-1.1600000000000001,-1.1400000000000001,0.0
C,6,-1.1400000000000001,-1.12,0.0
C,6,-1.12,-1.1,0.0
C,6,-1.1,-1.08,0.0
C,6,-1.08,-1.06,0.0
C,6,-1.06,-1.04,0.0
C,6,-1.04,-1.02,0.0
C,6,-1.02,-1.0,0.0
C,6,-1.0,-0.98,0.0
C,6,-0.98,-0.96,0.0
C,6,-0.96,-0.94,0.0
C,6,-0.94,-0.9199999999999999,0.0
C,6,-0.9199999999999999,-0.8999999999999999,0.0
C,6,-0.8999999999999999,-0.8799999999999999,0.0
C,6,-0.8799999999999999,-0.8599999999999999,0.0
C,6,-0.8599999999999999,-0.8400000000000001,0.0
C,6,-0.8400000000000001,-0.8200000000000001,0.0
C,6,-0.8200000000000001,-0.8,0.0
C,6,-0.8,-0.78,0.0
C,6,-0.78,-0.76,0.0
C,6,-0.76,-0.74,0.0
C,6,-0.74,-0.72,0.0
C,6,-0.72,-0.7,0.0
C,6,-0.7,-0.6799999999999999,0.0
C,6,-0.6799999999999999,-0.6599999999999999,0.0
C,6,-0.6599999999999999,-0.6399999999999999,0.0
C,6,-0.6399999999999999,-0.6199999999999999,0.0
C,6,-0.6199999999999999,-0.5999999999999999,0.0
C,6,-0.5999999999999999,-0.5800000000000001,0.0
C,6,-0.5800000000000001,-0.56,0.0
C,6,-0.56,-0.54,0.0
C,6,-0.54,-0.52,0.0
C,6,-0.52,-0.5,0.0
C,6,-0.5,-0.48,0.0
C,6,-0.48,-0.45999999999999996,0.0
C,6,-0.45999999999999996,-0.43999999999999995,0.0
C,6,-0.43999999999999995,-0.41999999999999993,0.0
C,6,-0.41999999999999993,-0.3999999999999999,0.0
C,6,-0.3999999999999999,-0.3799999999999999,0.0
C,6,-0.3799999999999999,-0.3599999999999999,0.0
C,6,-0.3599999999999999,-0.33999999999999986,0.0
C,6,-0.33999999999999986,-0.32000000000000006,0.0
C,6,-0.32000000000000006,-0.30000000000000004,0.0
C,6,-0.30000000000000004,-0.28,0.0
C,6,-0.28,-0.26,0.0
C,6,-0.26,-0.24,0.0
C,6,-0.24,-0.21999999999999997,0.0
C,6,-0.21999999999999997,-0.19999999999999996,0.0
C,6,-0.19999999999999996,-0.17999999999999994,0.0
C,6,-0.17999999999999994,-0.15999999999999992,0.023938357471144547
C,6,-0.15999999999999992,-0.1399999999999999,0.12766816048013022
C,6,-0.1399999999999999,-0.11999999999999988,0.13912859379450088
C,6,-0.11999999999999988,-0.09999999999999987,0.16897319872873448
C,6,-0.09999999999999987,-0.08000000000000007,0.37378796106907314
C,6,-0.08000000000000007,-0.06000000000000005,0.16650372845641676
C,6,-0.06000000000000005,-0.040000000000000036,0.0
C,6,-0.040000000000000036,-0.020000000000000018,0.0
C,6,-0.020000000000000018,0.0,0.0
C,6,0.0,0.020000000000000018,0.0
C,6,0.020000000000000018,0.040000000000000036,0.0
C,6,0.040000000000000036,0.06000000000000005,0.0
C,6,0.06000000000000005,0.08000000000000007,0.0
C,6,0.08000000000000007,0.10000000000000009,0.0
C,6,0.10000000000000009,0.1200000000000001,0.0
C,6,0.1200000000000001,0.14000000000000012,0.0
C,6,0.14000000000000012,0.16000000000000014,0.0
C,6,0.16000000000000014,0.18000000000000016,0.0
C,6,0.18000000000000016,0.20000000000000018,0.0
C,6,0.20000000000000018,0.2200000000000002,0.0
C,6,0.2200000000000002,0.2400000000000002,0.0
C,6,0.2400000000000002,0.26000000000000023,0.0
C,6,0.26000000000000023,0.28000000000000025,0.0
C,6,0.28000000000000025,0.30000000000000027,0.0
C,6,0.30000000000000027,0.31999999999999984,0.0
C,6,0.31999999999999984,0.33999999999999986,0.0
C,6,0.33999999999999986,0.3599999999999999,0.0
C,6,0.3599999999999999,0.3799999999999999,0.0
C,6,0.3799999999999999,0.3999999999999999,0.0
C,6,0.3999999999999999,0.41999999999999993,0.0
C,6,0.41999999999999993,0.43999999999999995,0.0
C,6,0.43999999999999995,0.45999999999999996,0.0
C,6,0.45999999999999996,0.48,0.0
C,6,0.48,0.5,0.0
C,6,0.5,0.52,0.0
C,6,0.52,0.54,0.0
C,6,0.54,0.56,0.0
C,6,0.56,0.5800000000000001,0.0
C,6,0.5800000000000001,0.6000000000000001,0.0
C,6,0.6000000000000001,0.6200000000000001,0.0
C,6,0.6200000000000001,0.6400000000000001,0.0
C,6,0.6400000000000001,0.6600000000000001,0.0
C,6,0.6600000000000001,0.6800000000000002,0.0
C,6,0.6800000000000002,0.7000000000000002,0.0
C,6,0.7000000000000002,0.7200000000000002,0.0
C,6,0.7200000000000002,0.7400000000000002,0.0
C,6,0.7400000000000002,0.7600000000000002,0.0
C,6,0.7600000000000002,0.7800000000000002,0.0
C,6,0.7800000000000002,0.8000000000000003,0.0
C,6,0.8000000000000003,0.8199999999999998,0.0
C,6,0.8199999999999998,0.8399999999999999,0.0
C,6,0.8399999999999999,0.8599999999999999,0.0
C,6,0.8599999999999999,0.8799999999999999,0.0
C,6,0.8799999999999999,0.8999999999999999,0.0
C,6,0.8999999999999999,0.9199999999999999,0.0
C,6,0.9199999999999999,0.94,0.0
C,6,0.94,0.96,0.0
C,6,0.96,0.98,0.0
C,6,0.98,1.0,0.0
C,6,1.0,1.02,0.0
C,6,1.02,1.04,0.0
C,6,1.04,1.06,0.0
C,6,1.06,1.08,0.0
C,6,1.08,1.1,0.0
C,6,1.1,1.12,0.0
C,6,1.12,1.1400000000000001,0.0
C,6,1.1400000000000001,1.1600000000000001,0.0
C,6,1.1600000000000001,1.1800000000000002,0.0
C,6,1.1800000000000002,1.2000000000000002,0.0
C,6,1.2000000000000002,1.2200000000000002,0.0
C,6,1.2200000000000002,1.2400000000000002,0.0
C,6,1.2400000000000002,1.2600000000000002,0.0
C,6,1.2600000000000002,1.2800000000000002,0.0
C,6,1.2800000000000002,1.3000000000000003,0.0
C,6,1.3000000000000003,1.3200000000000003,0.0
C,6,1.3200000000000003,1.3399999999999999,0.0
C,6,1.3399999999999999,1.3599999999999999,0.0
C,6,1.3599999999999999,1.38,0.0
C,6,1.38,1.4,0.0
C,6,1.4,1.42,0.0
C,6,1.42,1.44,0.0
C,6,1.44,1.46,0.0
C,6,1.46,1.48,0.0
C,6,1.48,1.5,0.0
C,6,1.5,1.52,0.0
C,6,1.52,1.54,0.0
C,6,1.54,1.56,0.0
C,6,1.56,1.58,0.0
C,6,1.58,1.6,0.0
C,6,1.6,1.62,0.0
C,6,1.62,1.6400000000000001,0.0
C,6,1.6400000000000001,1.6600000000000001,0.0
C,6,1.6600000000000001,1.6800000000000002,0.0
C,6,1.6800000000000002,1.7000000000000002,0.0
C,6,1.7000000000000002,1.7200000000000002,0.0
C,6,1.7200000000000002,1.7400000000000002,0.0
C,6,1.7400000000000002,1.7600000000000002,0.0
C,6,1.7600000000000002,1.7800000000000002,0.0
C,6,1.7800000000000002,1.8000000000000003,0.0
C,6,1.8000000000000003,1.8200000000000003,0.0
C,6,1.8200000000000003,1.8399999999999999,0.0
C,6,1.8399999999999999,1.8599999999999999,0.0
C,6,1.8599999999999999,1.88,0.0
C,6,1.88,1.9,0.0
C,6,1.9,1.92,0.0
C,6,1.92,1.94,0.0
C,6,1.94,1.96,0.0
C,6,1.96,1.98,0.0
C,6,1.98,2.0,0.0
C,12,-2.0,-1.98,0.0
C,12,-1.98,-1.96,0.0
C,12,-1.96,-1.94,0.0
C,12,-1.94,-1.92,0.0
C,12,-1.92,-1.9,0.0
C,12,-1.9,-1.88,0.0
C,12,-1.88,-1.8599999999999999,0.0
C,12,-1.8599999999999999,-1.84,0.0
C,12,-1.84,-1.82,0.0
C,12,-1.82,-1.8,0.0
C,12,-1.8,-1.78,0.0
C,12,-1.78,-1.76,0.0
C,12,-1.76,-1.74,0.0
C,12,-1.74,-1.72,0.0
C,12,-1.72,-1.7,0.0
C,12,-1.7,-1.68,0.0
C,12,-1.68,-1.66,0.0
C,12,-1.66,-1.6400000000000001,0.0
C,12,-1.6400000000000001,-1.62,0.0
C,12,-1.62,-1.6,0.0
C,12,-1.6,-1.58,0.0
C,12,-1.58,-1.56,0.0
C,12,-1.56,-1.54,0.0
C,12,-1.54,-1.52,0.0
C,12,-1.52,-1.5,0.0
C,12,-1.5,-1.48,0.0
C,12,-1.48,-1.46,0.0
C,12,-1.46,-1.44,0.0
C,12,-1.44,-1.42,0.0
C,12,-1.42,-1.4,0.0
C,12,-1.4,-1.38,0.0
C,12,-1.38,-1.3599999999999999,0.0
C,12,-1.3599999999999999,-1.3399999999999999,0.0
C,12,-1.3399999999999999,-1.3199999999999998,0.0
C,12,-1.3199999999999998,-1.2999999999999998,0.0
C,12,-1.2999999999999998,-1.28,0.0
C,12,-1.28,-1.26,0.0
C,12,-1.26,-1.24,0.0
C,12,-1.24,-1.22,0.0
C,12,-1.22,-1.2,0.0
C,12,-1.2,-1.18,0.0
C,12,-1.18,-1.1600000000000001,0.0
C,12,-1.1600000000000001,-1.1400000000000001,0.0
C,12,-1.1400000000000001,-1.12,0.0
C,12,-1.12,-1.1,0.0
C,12,-1.1,-1.08,0.0
C,12,-1.08,-1.06,0.0
C,12,-1.06,-1.04,0.0
C,12,-1.04,-1.02,0.0
C,12,-1.02,-1.0,0.0
C,12,-1.0,-0.98,0.0
C,12,-0.98,-0.96,0.0
C,12,-0.96,-0.94,0.0
C,12,-0.94,-0.9199999999999999,0.0
C,12,-0.9199999999999999,-0.8999999999999999,0.0
C,12,-0.8999999999999999,-0.8799999999999999,0.0
C,12,-0.8799999999999999,-0.8599999999999999,0.0
C,12,-0.8599999999999999,-0.8400000000000001,0.0
C,12,-0.8400000000000001,-0.8200000000000001,0.0
C,12,-0.8200000000000001,-0.8,0.0
C,12,-0.8,-0.78,0.0
C,12,-0.78,-0.76,0.0
C,12,-0.76,-0.74,0.0
C,12,-0.74,-0.72,0.0
C,12,-0.72,-0.7,0.0
C,12,-0.7,-0.6799999999999999,0.0
C,12,-0.6799999999999999,-0.6599999999999999,0.0
C,12,-0.6599999999999999,-0.6399999999999999,0.0
C,12,-0.6399999999999999,-0.6199999999999999,0.0
C,12,-0.6199999999999999,-0.5999999999999999,0.0
C,12,-0.5999999999999999,-0.5800000000000001,0.0
C,12,-0.5800000000000001,-0.56,0.0
C,12,-0.56,-0.54,0.0
C,12,-0.54,-0.52,0.0
C,12,-0.52,-0.5,0.0
C,12,-0.5,-0.48,0.0
C,12,-0.48,-0.45999999999999996,0.0
C,12,-0.45999999999999996,-0.43999999999999995,0.0
C,12,-0.43999999999999995,-0.41999999999999993,0.0
C,12,-0.41999999999999993,-0.3999999999999999,0.0
C,12,-0.3999999999999999,-0.3799999999999999,0.0
C,12,-0.3799999999999999,-0.3599999999999999,0.0
C,12,-0.3599999999999999,-0.33999999999999986,0.0
C,12,-0.33999999999999986,-0.32000000000000006,0.0
C,12,-0.32000000000000006,-0.30000000000000004,0.0
C,12,-0.30000000000000004,-0.28,0.0
C,12,-0.28,-0.26,0.0
C,12,-0.26,-0.24,0.0
C,12,-0.24,-0.21999999999999997,8.794245456336958e-05
C,12,-0.21999999999999997,-0.19999999999999996,0.0009033499264116185
C,12,-0.19999999999999996,-0.17999999999999994,0.0015184375562770798
C,12,-0.17999999999999994,-0.15999999999999992,0.002508577183736636
C,12,-0.15999999999999992,-0.1399999999999999,0.00880839728327497
C,12,-0.1399999999999999,-0.11999999999999988,0.05547372603413078
C,12,-0.11999999999999988,-0.09999999999999987,0.10626828177881616
C,12,-0.09999999999999987,-0.08000000000000007,0.10048228193717818
C,12,-0.08000000000000007,-0.06000000000000005,0.17959290554346394
C,12,-0.06000000000000005,-0.040000000000000036,0.44966806606395526
C,12,-0.040000000000000036,-0.020000000000000018,0.09395388719986114
C,12,-0.020000000000000018,0.0,0.0007341470383308795
C,12,0.0,0.020000000000000018,0.0
C,12,0.020000000000000018,0.040000000000000036,0.0
C,12,0.040000000000000036,0.06000000000000005,0.0
C,12,0.06000000000000005,0.08000000000000007,0.0
C,12,0.08000000000000007,0.10000000000000009,0.0
C,12,0.10000000000000009,0.1200000000000001,0.0
C,12,0.1200000000000001,0.14000000000000012,0.0
C,12,0.14000000000000012,0.16000000000000014,0.0
C,12,0.16000000000000014,0.18000000000000016,0.0
C,12,0.18000000000000016,0.20000000000000018,0.0
C,12,0.20000000000000018,0.2200000000000002,0.0
C,12,0.2200000000000002,0.2400000000000002,0.0
C,12,0.2400000000000002,0.26000000000000023,0.0
C,12,0.26000000000000023,0.28000000000000025,0.0
C,12,0.28000000000000025,0.30000000000000027,0.0
C,12,0.30000000000000027,0.31999999999999984,0.0
C,12,0.31999999999999984,0.33999999999999986,0.0
C,12,0.33999999999999986,0.3599999999999999,0.0
C,12,0.3599999999999999,0.3799999999999999,0.0
C,12,0.3799999999999999,0.3999999999999999,0.0
C,12,0.3999999999999999,0.41999999999999993,0.0
C,12,0.41999999999999993,0.43999999999999995,0.0
C,12,0.43999999999999995,0.45999999999999996,0.0
C,12,0.45999999999999996,0.48,0.0
C,12,0.48,0.5,0.0
C,12,0.5,0.52,0.0
C,12,0.52,0.54,0.0
C,12,0.54,0.56,0.0
C,12,0.56,0.5800000000000001,0.0
C,12,0.5800000000000001,0.6000000000000001,0.0
C,12,0.6000000000000001,0.6200000000000001,0.0
C,12,0.6200000000000001,0.6400000000000001,0.0
C,12,0.6400000000000001,0.6600000000000001,0.0
C,12,0.6600000000000001,0.6800000000000002,0.0
C,12,0.6800000000000002,0.7000000000000002,0.0
C,12,0.7000000000000002,0.7200000000000002,0.0
C,12,0.7200000000000002,0.7400000000000002,0.0
C,12,0.7400000000000002,0.7600000000000002,0.0
C,12,0.7600000000000002,0.7800000000000002,0.0
C,12,0.7800000000000002,0.8000000000000003,0.0
C,12,0.8000000000000003,0.8199999999999998,0.0
C,12,0.8199999999999998,0.8399999999999999,0.0
C,12,0.8399999999999999,0.8599999999999999,0.0
C,12,0.8599999999999999,0.8799999999999999,0.0
C,12,0.8799999999999999,0.8999999999999999,0.0
C,12,0.8999999999999999,0.9199999999999999,0.0
C,12,0.9199999999999999,0.94,0.0
C,12,0.94,0.96,0.0
C,12,0.96,0.98,0.0
C,12,0.98,1.0,0.0
C,12,1.0,1.02,0.0
C,12,1.02,1.04,0.0
C,12,1.04,1.06,0.0
C,12,1.06,1.08,0.0
C,12,1.08,1.1,0.0
C,12,1.1,1.12,0.0
C,12,1.12,1.1400000000000001,0.0
C,12,1.1400000000000001,1.1600000000000001,0.0
C,12,1.1600000000000001,1.1800000000000002,0.0
C,12,1.1800000000000002,1.2000000000000002,0.0
C,12,1.2000000000000002,1.2200000000000002,0.0
C,12,1.2200000000000002,1.2400000000000002,0.0
C,12,1.2400000000000002,1.2600000000000002,0.0
C,12,1.2600000000000002,1.2800000000000002,0.0
C,12,1.2800000000000002,1.3000000000000003,0.0
C,12,1.3000000000000003,1.3200000000000003,0.0
C,12,1.3200000000000003,1.3399999999999999,0.0
C,12,1.3399999999999999,1.3599999999999999,0.0
C,12,1.3599999999999999,1.38,0.0
C,12,1.38,1.4,0.0
C,12,1.4,1.42,0.0
C,12,1.42,1.44,0.0
C,12,1.44,1.46,0.0
C,12,1.46,1.48,0.0
C,12,1.48,1.5,0.0
C,12,1.5,1.52,0.0
C,12,1.52,1.54,0.0
C,12,1.54,1.56,0.0
C,12,1.56,1.58,0.0
C,12,1.58,1.6,0.0
C,12,1.6,1.62,0.0
C,12,1.62,1.6400000000000001,0.0
C,12,1.6400000000000001,1.6600000000000001,0.0
C,12,1.6600000000000001,1.6800000000000002,0.0
C,12,1.6800000000000002,1.7000000000000002,0.0
C,12,1.7000000000000002,1.7200000000000002,0.0
C,12,1.7200000000000002,1.7400000000000002,0.0
C,12,1.7400000000000002,1.7600000000000002,0.0
C,12,1.7600000000000002,1.7800000000000002,0.0
C,12,1.7800000000000002,1.8000000000000003,0.0
C,12,1.8000000000000003,1.8200000000000003,0.0
C,12,1.8200000000000003,1.8399999999999999,0.0
C,12,1.8399999999999999,1.8599999999999999,0.0
C,12,1.8599999999999999,1.88,0.0
C,12,1.88,1.9,0.0
C,12,1.9,1.92,0.0
C,12,1.92,1.94,0.0
C,12,1.94,1.96,0.0
C,12,1.96,1.98,0.0
C,12,1.98,2.0,0.0
C,18,-2.0,-1.98,0.0
C,18,-1.98,-1.96,0.0
C,18,-1.96,-1.94,0.0
C,18,-1.94,-1.92,0.0
C,18,-1.92,-1.9,0.0
C,18,-1.9,-1.88,0.0
C,18,-1.88,-1.8599999999999999,0.0
C,18,-1.8599999999999999,-1.84,0.0
C,18,-1.84,-1.82,0.0
C,18,-1.82,-1.8,0.0
C,18,-1.8,-1.78,0.0
C,18,-1.78,-1.76,0.0
C,18,-1.76,-1.74,0.0
C,18,-1.74,-1.72,0.0
C,18,-1.72,-1.7,0.0
C,18,-1.7,-1.68,0.0
C,18,-1.68,-1.66,0.0
C,18,-1.66,-1.6400000000000001,0.0
C,18,-1.6400000000000001,-1.62,0.0
C,18,-1.62,-1.6,0.0
C,18,-1.6,-1.58,0.0
C,18,-1.58,-1.56,0.0
C,18,-1.56,-1.54,0.0
C,18,-1.54,-1.52,0.0
C,18,-1.52,-1.5,0.0
C,18,-1.5,-1.48,0.0
C,18,-1.48,-1.46,0.0
C,18,-1.46,-1.44,0.0
C,18,-1.44,-1.42,0.0
C,18,-1.42,-1.4,0.0
C,18,-1.4,-1.38,0.0
C,18,-1.38,-1.3599999999999999,0.0
C,18,-1.3599999999999999,-1.3399999999999999,0.0
C,18,-1.3399999999999999,-1.3199999999999998,0.0
C,18,-1.3199999999999998,-1.2999999999999998,0.0
C,18,-1.2999999999999998,-1.28,0.0
C,18,-1.28,-1.26,0.0
C,18,-1.26,-1.24,0.0
C,18,-1.24,-1.22,0.0
C,18,-1.22,-1.2,0.0
C,18,-1.2,-1.18,0.0
C,18,-1.18,-1.1600000000000001,0.0
C,18,-1.1600000000000001,-1.1400000000000001,0.0
C,18,-1.1400000000000001,-1.12,0.0
C,18,-1.12,-1.1,0.0
C,18,-1.1,-1.08,0.0
C,18,-1.08,-1.06,0.0
C,18,-1.06,-1.04,0.0
C,18,-1.04,-1.02,0.0
C,18,-1.02,-1.0,0.0
C,18,-1.0,-0.98,0.0
C,18,-0.98,-0.96,0.0
C,18,-0.96,-0.94,0.0
C,18,-0.94,-0.9199999999999999,0.0
C,18,-0.9199999999999999,-0.8999999999999999,0.0
C,18,-0.8999999999999999,-0.8799999999999999,0.0
C,18,-0.8799999999999999,-0.8599999999999999,0.0
C,18,-0.8599999999999999,-0.8400000000000001,0.0
C,18,-0.8400000000000001,-0.8200000000000001,0.0
C,18,-0.8200000000000001,-0.8,0.0
C,18,-0.8,-0.78,0.0
C,18,-0.78,-0.76,0.0
C,18,-0.76,-0.74,0.0
C,18,-0.74,-0.72,0.0
C,18,-0.72,-0.7,0.0
C,18,-0.7,-0.6799999999999999,0.0
C,18,-0.6799999999999999,-0.6599999999999999,0.0
C,18,-0.6599999999999999,-0.6399999999999999,0.0
C,18,-0.6399999999999999,-0.6199999999999999,0.0
C,18,-0.6199999999999999,-0.5999999999999999,0.0
C,18,-0.5999999999999999,-0.5800000000000001,0.0
C,18,-0.5800000000000001,-0.56,0.0
C,18,-0.56,-0.54,0.0
C,18,-0.54,-0.52,0.0
C,18,-0.52,-0.5,0.0
C,18,-0.5,-0.48,0.0
C,18,-0.48,-0.45999999999999996,0.0
C,18,-0.45999999999999996,-0.43999999999999995,0.0
C,18,-0.43999999999999995,-0.41999999999999993,0.0
C,18,-0.41999999999999993,-0.3999999999999999,0.0
C,18,-0.3999999999999999,-0.3799999999999999,0.0
C,18,-0.3799999999999999,-0.3599999999999999,0.0
C,18,-0.3599999999999999,-0.33999999999999986,0.0
C,18,-0.33999999999999986,-0.32000000000000006,0.0
C,18,-0.32000000000000006,-0.30000000000000004,0.0
C,18,-0.30000000000000004,-0.28,0.0
C,18,-0.28,-0.26,0.0
C,18,-0.26,-0.24,0.0
C,18,-0.24,-0.21999999999999997,0.0
C,18,-0.21999999999999997,-0.19999999999999996,0.0
C,18,-0.19999999999999996,-0.17999999999999994,7.051625774732092e-05
C,18,-0.17999999999999994,-0.15999999999999992,0.003836837917508784
C,18,-0.15999999999999992,-0.1399999999999999,0.009653174226151718
C,18,-0.1399999999999999,-0.11999999999999988,0.029249287040794398
C,18,-0.11999999999999988,-0.09999999999999987,0.0924303663561257
C,18,-0.09999999999999987,-0.08000000000000007,0.09638326415183292
C,18,-0.08000000000000007,-0.06000000000000005,0.10176454478585187
C,18,-0.06000000000000005,-0.040000000000000036,0.3160073532883865
C,18,-0.040000000000000036,-0.020000000000000018,0.34387167391458767
C,18,-0.020000000000000018,0.0,0.006732982061013114
C,18,0.0,0.020000000000000018,0.0
C,18,0.020000000000000018,0.040000000000000036,0.0
C,18,0.040000000000000036,0.06000000000000005,0.0
C,18,0.06000000000000005,0.08000000000000007,0.0
C,18,0.08000000000000007,0.10000000000000009,0.0
C,18,0.10000000000000009,0.1200000000000001,0.0
C,18,0.1200000000000001,0.14000000000000012,0.0
C,18,0.14000000000000012,0.16000000000000014,0.0
C,18,0.16000000000000014,0.18000000000000016,0.0
C,18,0.18000000000000016,0.20000000000000018,0.0
C,18,0.20000000000000018,0.2200000000000002,0.0
C,18,0.2200000000000002,0.2400000000000002,0.0
C,18,0.2400000000000002,0.26000000000000023,0.0
C,18,0.26000000000000023,0.28000000000000025,0.0
C,18,0.28000000000000025,0.30000000000000027,0.0
C,18,0.30000000000000027,0.31999999999999984,0.0
C,18,0.31999999999999984,0.33999999999999986,0.0
C,18,0.33999999999999986,0.3599999999999999,0.0
C,18,0.3599999999999999,0.3799999999999999,0.0
C,18,0.3799999999999999,0.3999999999999999,0.0
C,18,0.3999999999999999,0.41999999999999993,0.0
C,18,0.41999999999999993,0.43999999999999995,0.0
C,18,0.43999999999999995,0.45999999999999996,0.0
C,18,0.45999999999999996,0.48,0.0
C,18,0.48,0.5,0.0
C,18,0.5,0.52,0.0
C,18,0.52,0.54,0.0
C,18,0.54,0.56,0.0
C,18,0.56,0.5800000000000001,0.0
C,18,0.5800000000000001,0.6000000000000001,0.0
C,18,0.6000000000000001,0.6200000000000001,0.0
C,18,0.6200000000000001,0.6400000000000001,0.0
C,18,0.6400000000000001,0.6600000000000001,0.0
C,18,0.6600000000000001,0.6800000000000002,0.0
C,18,0.6800000000000002,0.7000000000000002,0.0
C,18,0.7000000000000002,0.7200000000000002,0.0
C,18,0.7200000000000002,0.7400000000000002,0.0
C,18,0.7400000000000002,0.7600000000000002,0.0
C,18,0.7600000000000002,0.7800000000000002,0.0
C,18,0.7800000000000002,0.8000000000000003,0.0
C,18,0.8000000000000003,0.8199999999999998,0.0
C,18,0.8199999999999998,0.8399999999999999,0.0
C,18,0.8399999999999999,0.8599999999999999,0.0
C,18,0.8599999999999999,0.8799999999999999,0.0
C,18,0.8799999999999999,0.8999999999999999,0.0
C,18,0.8999999999999999,0.9199999999999999,0.0
C,18,0.9199999999999999,0.94,0.0
C,18,0.94,0.96,0.0
C,18,0.96,0.98,0.0
C,18,0.98,1.0,0.0
C,18,1.0,1.02,0.0
C,18,1.02,1.04,0.0
C,18,1.04,1.06,0.0
C,18,1.06,1.08,0.0
C,18,1.08,1.1,0.0
C,18,1.1,1.12,0.0
C,18,1.12,1.1400000000000001,0.0
C,18,1.1400000000000001,1.1600000000000001,0.0
C,18,1.1600000000000001,1.1800000000000002,0.0
C,18,1.1800000000000002,1.2000000000000002,0.0
C,18,1.2000000000000002,1.2200000000000002,0.0
C,18,1.2200000000000002,1.2400000000000002,0.0
C,18,1.2400000000000002,1.2600000000000002,0.0
C,18,1.2600000000000002,1.2800000000000002,0.0
C,18,1.2800000000000002,1.3000000000000003,0.0
C,18,1.3000000000000003,1.3200000000000003,0.0
C,18,1.3200000000000003,1.3399999999999999,0.0
C,18,1.3399999999999999,1.3599999999999999,0.0
C,18,1.3599999999999999,1.38,0.0
C,18,1.38,1.4,0.0
C,18,1.4,1.42,0.0
C,18,1.42,1.44,0.0
C,18,1.44,1.46,0.0
C,18,1.46,1.48,0.0
C,18,1.48,1.5,0.0
C,18,1.5,1.52,0.0
C,18,1.52,1.54,0.0
C,18,1.54,1.56,0.0
C,18,1.56,1.58,0.0
C,18,1.58,1.6,0.0
C,18,1.6,1.62,0.0
C,18,1.62,1.6400000000000001,0.0
C,18,1.6400000000000001,1.6600000000000001,0.0
C,18,1.6600000000000001,1.6800000000000002,0.0
C,18,1.6800000000000002,1.7000000000000002,0.0
C,18,1.7000000000000002,1.7200000000000002,0.0
C,18,1.7200000000000002,1.7400000000000002,0.0
C,18,1.7400000000000002,1.7600000000000002,0.0
C,18,1.7600000000000002,1.7800000000000002,0.0
C,18,1.7800000000000002,1.8000000000000003,0.0
C,18,1.8000000000000003,1.8200000000000003,0.0
C,18,1.8200000000000003,1.8399999999999999,0.0
C,18,1.8399999999999999,1.8599999999999999,0.0
C,18,1.8599999999999999,1.88,0.0
C,18,1.88,1.9,0.0
C,18,1.9,1.92,0.0
C,18,1.92,1.94,0.0
C,18,1.94,1.96,0.0
C,18,1.96,1.98,0.0
C,18,1.98,2.0,0.0
C,24,-2.0,-1.98,0.0
C,24,-1.98,-1.96,0.0
C,24,-1.96,-1.94,0.0
C,24,-1.94,-1.92,0.0
C,24,-1.92,-1.9,0.0
C,24,-1.9,-1.88,0.0
C,24,-1.88,-1.8599999999999999,0.0
C,24,-1.8599999999999999,-1.84,0.0
C,24,-1.84,-1.82,0.0
C,24,-1.82,-1.8,0.0
C,24,-1.8,-1.78,0.0
C,24,-1.78,-1.76,0.0
C,24,-1.76,-1.74,0.0
C,24,-1.74,-1.72,0.0
C,24,-1.72,-1.7,0.0
C,24,-1.7,-1.68,0.0
C,24,-1.68,-1.66,0.0
C,24,-1.66,-1.6400000000000001,0.0
C,24,-1.6400000000000001,-1.62,0.0
C,24,-1.62,-1.6,0.0
C,24,-1.6,-1.58,0.0
C,24,-1.58,-1.56,0.0
C,24,-1.56,-1.54,0.0
C,24,-1.54,-1.52,0.0
C,24,-1.52,-1.5,0.0
C,24,-1.5,-1.48,0.0
C,24,-1.48,-1.46,0.0
C,24,-1.46,-1.44,0.0
C,24,-1.44,-1.42,0.0
C,24,-1.42,-1.4,0.0
C,24,-1.4,-1.38,0.0
C,24,-1.38,-1.3599999999999999,0.0
C,24,-1.3599999999999999,-1.3399999999999999,0.0
C,24,-1.3399999999999999,-1.3199999999999998,0.0
C,24,-1.3199999999999998,-1.2999999999999998,0.0
C,24,-1.2999999999999998,-1.28,0.0
C,24,-1.28,-1.26,0.0
C,24,-1.26,-1.24,0.0
C,24,-1.24,-1.22,0.0
C,24,-1.22,-1.2,0.0
C,24,-1.2,-1.18,0.0
C,24,-1.18,-1.1600000000000001,0.0
C,24,-1.1600000000000001,-1.1400000000000001,0.0
C,24,-1.1400000000000001,-1.12,0.0
C,24,-1.12,-1.1,0.0
C,24,-1.1,-1.08,0.0
C,24,-1.08,-1.06,0.0
C,24,-1.06,-1.04,0.0
C,24,-1.04,-1.02,0.0
C,24,-1.02,-1.0,0.0
C,24,-1.0,-0.98,0.0
C,24,-0.98,-0.96,0.0
C,24,-0.96,-0.94,0.0
C,24,-0.94,-0.9199999999999999,0.0
C,24,-0.9199999999999999,-0.8999999999999999,0.0
C,24,-0.8999999999999999,-0.8799999999999999,0.0
C,24,-0.8799999999999999,-0.8599999999999999,0.0
C,24,-0.8599999999999999,-0.8400000000000001,0.0
C,24,-0.8400000000000001,-0.8200000000000001,0.0
C,24,-0.8200000000000001,-0.8,0.0
C,24,-0.8,-0.78,0.0
C,24,-0.78,-0.76,0.0
C,24,-0.76,-0.74,0.0
C,24,-0.74,-0.72,0.0
C,24,-0.72,-0.7,0.0
C,24,-0.7,-0.6799999999999999,0.0
C,24,-0.6799999999999999,-0.6599999999999999,0.0
C,24,-0.6599999999999999,-0.6399999999999999,0.0
C,24,-0.6399999999999999,-0.6199999999999999,0.0
C,24,-0.6199999999999999,-0.5999999999999999,0.0
C,24,-0.5999999999999999,-0.5800000000000001,0.0
C,24,-0.5800000000000001,-0.56,0.0
C,24,-0.56,-0.54,0.0
C,24,-0.54,-0.52,0.0
C,24,-0.52,-0.5,0.0
C,24,-0.5,-0.48,0.0
C,24,-0.48,-0.45999999999999996,0.0
C,24,-0.45999999999999996,-0.43999999999999995,0.0
C,24,-0.43999999999999995,-0.41999999999999993,0.0
C,24,-0.41999999999999993,-0.3999999999999999,0.0
C,24,-0.3999999999999999,-0.3799999999999999,0.0
C,24,-0.3799999999999999,-0.3599999999999999,0.0
C,24,-0.3599999999999999,-0.33999999999999986,0.0
C,24,-0.33999999999999986,-0.32000000000000006,0.0
C,24,-0.32000000000000006,-0.30000000000000004,0.0
C,24,-0.30000000000000004,-0.28,0.0
C,24,-0.28,-0.26,0.0
C,24,-0.26,-0.24,0.0
C,24,-0.24,-0.21999999999999997,0.0
C,24,-0.21999999999999997,-0.19999999999999996,0.0
C,24,-0.19999999999999996,-0.17999999999999994,0.0
C,24,-0.17999999999999994,-0.15999999999999992,0.0
C,24,-0.15999999999999992,-0.1399999999999999,0.002866512590416203
C,24,-0.1399999999999999,-0.11999999999999988,0.016903599776982012
C,24,-0.11999999999999988,-0.09999999999999987,0.06610947112745182
C,24,-0.09999999999999987,-0.08000000000000007,0.0764817462995597
C,24,-0.08000000000000007,-0.06000000000000005,0.09816538399091165
C,24,-0.06000000000000005,-0.040000000000000036,0.20454108841568683
C,24,-0.040000000000000036,-0.020000000000000018,0.4803353688842491
C,24,-0.020000000000000018,0.0,0.054596828914742684
C,24,0.0,0.020000000000000018,0.0
C,24,0.020000000000000018,0.040000000000000036,0.0
C,24,0.040000000000000036,0.06000000000000005,0.0
C,24,0.06000000000000005,0.08000000000000007,0.0
C,24,0.08000000000000007,0.10000000000000009,0.0
C,24,0.10000000000000009,0.1200000000000001,0.0
C,24,0.1200000000000001,0.14000000000000012,0.0
C,24,0.14000000000000012,0.16000000000000014,0.0
C,24,0.16000000000000014,0.18000000000000016,0.0
C,24,0.18000000000000016,0.20000000000000018,0.0
C,24,0.20000000000000018,0.2200000000000002,0.0
C,24,0.2200000000000002,0.2400000000000002,0.0
C,24,0.2400000000000002,0.26000000000000023,0.0
C,24,0.26000000000000023,0.28000000000000025,0.0
C,24,0.28000000000000025,0.30000000000000027,0.0
C,24,0.30000000000000027,0.31999999999999984,0.0
C,24,0.31999999999999984,0.33999999999999986,0.0
C,24,0.33999999999999986,0.3599999999999999,0.0
C,24,0.3599999999999999,0.3799999999999999,0.0
C,24,0.3799999999999999,0.3999999999999999,0.0
C,24,0.3999999999999999,0.41999999999999993,0.0
C,24,0.41999999999999993,0.43999999999999995,0.0
C,24,0.43999999999999995,0.45999999999999996,0.0
C,24,0.45999999999999996,0.48,0.0
C,24,0.48,0.5,0.0
C,24,0.5,0.52,0.0
C,24,0.52,0.54,0.0
C,24,0.54,0.56,0.0
C,24,0.56,0.5800000000000001,0.0
C,24,0.5800000000000001,0.6000000000000001,0.0
C,24,0.6000000000000001,0.6200000000000001,0.0
C,24,0.6200000000000001,0.6400000000000001,0.0
C,24,0.6400000000000001,0.6600000000000001,0.0
C,24,0.6600000000000001,0.6800000000000002,0.0
C,24,0.6800000000000002,0.7000000000000002,0.0
C,24,0.7000000000000002,0.7200000000000002,0.0
C,24,0.7200000000000002,0.7400000000000002,0.0
C,24,0.7400000000000002,0.7600000000000002,0.0
C,24,0.7600000000000002,0.7800000000000002,0.0
C,24,0.7800000000000002,0.8000000000000003,0.0
C,24,0.8000000000000003,0.8199999999999998,0.0
C,24,0.8199999999999998,0.8399999999999999,0.0
C,24,0.8399999999999999,0.8599999999999999,0.0
C,24,0.8599999999999999,0.8799999999999999,0.0
C,24,0.8799999999999999,0.8999999999999999,0.0
C,24,0.8999999999999999,0.9199999999999999,0.0
C,24,0.9199999999999999,0.94,0.0
C,24,0.94,0.96,0.0
C,24,0.96,0.98,0.0
C,24,0.98,1.0,0.0
C,24,1.0,1.02,0.0
C,24,1.02,1.04,0.0
C,24,1.04,1.06,0.0
C,24,1.06,1.08,0.0
C,24,1.08,1.1,0.0
C,24,1.1,1.12,0.0
C,24,1.12,1.1400000000000001,0.0
C,24,1.1400000000000001,1.1600000000000001,0.0
C,24,1.1600000000000001,1.1800000000000002,0.0
C,24,1.1800000000000002,1.2000000000000002,0.0
C,24,1.2000000000000002,1.2200000000000002,0.0
C,24,1.2200000000000002,1.2400000000000002,0.0
C,24,1.2400000000000002,1.2600000000000002,0.0
C,24,1.2600000000000002,1.2800000000000002,0.0
C,24,1.2800000000000002,1.3000000000000003,0.0
C,24,1.3000000000000003,1.3200000000000003,0.0
C,24,1.3200000000000003,1.3399999999999999,0.0
C,24,1.3399999999999999,1.3599999999999999,0.0
C,24,1.3599999999999999,1.38,0.0
C,24,1.38,1.4,0.0
C,24,1.4,1.42,0.0
C,24,1.42,1.44,0.0
C,24,1.44,1.46,0.0
C,24,1.46,1.48,0.0
C,24,1.48,1.5,0.0
C,24,1.5,1.52,0.0
C,24,1.52,1.54,0.0
C,24,1.54,1.56,0.0
C,24,1.56,1.58,0.0
C,24,1.58,1.6,0.0
C,24,1.6,1.62,0.0
C,24,1.62,1.6400000000000001,0.0
C,24,1.6400000000000001,1.6600000000000001,0.0
C,24,1.6600000000000001,1.6800000000000002,0.0
C,24,1.6800000000000002,1.7000000000000002,0.0
C,24,1.7000000000000002,1.7200000000000002,0.0
C,24,1.7200000000000002,1.7400000000000002,0.0
C,24,1.7400000000000002,1.7600000000000002,0.0
C,24,1.7600000000000002,1.7800000000000002,0.0
C,24,1.7800000000000002,1.8000000000000003,0.0
C,24,1.8000000000000003,1.8200000000000003,0.0
C,24,1.8200000000000003,1.8399999999999999,0.0
C,24,1.8399999999999999,1.8599999999999999,0.0
C,24,1.8599999999999999,1.88,0.0
C,24,1.88,1.9,0.0
C,24,1.9,1.92,0.0
C,24,1.92,1.94,0.0
C,24,1.94,1.96,0.0
C,24,1.96,1.98,0.0
C,24,1.98,2.0,0.0
C,36,-2.0,-1.98,0.0
C,36,-1.98,-1.96,0.0
C,36,-1.96,-1.94,0.0
C,36,-1.94,-1.92,0.0
C,36,-1.92,-1.9,0.0
C,36,-1.9,-1.88,0.0
C,36,-1.88,-1.8599999999999999,0.0
C,36,-1.8599999999999999,-1.84,0.0
C,36,-1.84,-1.82,0.0
C,36,-1.82,-1.8,0.0
C,36,-1.8,-1.78,0.0
C,36,-1.78,-1.76,0.0
C,36,-1.76,-1.74,0.0
C,36,-1.74,-1.72,0.0
C,36,-1.72,-1.7,0.0
C,36,-1.7,-1.68,0.0
C,36,-1.68,-1.66,0.0
C,36,-1.66,-1.6400000000000001,0.0
C,36,-1.6400000000000001,-1.62,0.0
C,36,-1.62,-1.6,0.0
C,36,-1.6,-1.58,0.0
C,36,-1.58,-1.56,0.0
C,36,-1.56,-1.54,0.0
C,36,-1.54,-1.52,0.0
C,36,-1.52,-1.5,0.0
C,36,-1.5,-1.48,0.0
C,36,-1.48,-1.46,0.0
C,36,-1.46,-1.44,0.0
C,36,-1.44,-1.42,0.0
C,36,-1.42,-1.4,0.0
C,36,-1.4,-1.38,0.0
C,36,-1.38,-1.3599999999999999,0.0
C,36,-1.3599999999999999,-1.3399999999999999,0.0
C,36,-1.3399999999999999,-1.3199999999999998,0.0
C,36,-1.3199999999999998,-1.2999999999999998,0.0
C,36,-1.2999999999999998,-1.28,0.0
C,36,-1.28,-1.26,0.0
C,36,-1.26,-1.24,0.0
C,36,-1.24,-1.22,0.0
C,36,-1.22,-1.2,0.0
C,36,-1.2,-1.18,0.0
C,36,-1.18,-1.1600000000000001,0.0
C,36,-1.1600000000000001,-1.1400000000000001,0.0
C,36,-1.1400000000000001,-1.12,0.0
C,36,-1.12,-1.1,0.0
C,36,-1.1,-1.08,0.0
C,36,-1.08,-1.06,0.0
C,36,-1.06,-1.04,0.0
C,36,-1.04,-1.02,0.0
C,36,-1.02,-1.0,0.0
C,36,-1.0,-0.98,0.0
C,36,-0.98,-0.96,0.0
C,36,-0.96,-0.94,0.0
C,36,-0.94,-0.9199999999999999,0.0
C,36,-0.9199999999999999,-0.8999999999999999,0.0
C,36,-0.8999999999999999,-0.8799999999999999,0.0
C,36,-0.8799999999999999,-0.8599999999999999,0.0
C,36,-0.8599999999999999,-0.8400000000000001,0.0
C,36,-0.8400000000000001,-0.8200000000000001,0.0
C,36,-0.8200000000000001,-0.8,0.0
C,36,-0.8,-0.78,0.0
C,36,-0.78,-0.76,0.0
C,36,-0.76,-0.74,0.0
C,36,-0.74,-0.72,0.0
C,36,-0.72,-0.7,0.0
C,36,-0.7,-0.6799999999999999,0.0
C,36,-0.6799999999999999,-0.6599999999999999,0.0
C,36,-0.6599999999999999,-0.6399999999999999,0.0
C,36,-0.6399999999999999,-0.6199999999999999,0.0
C,36,-0.6199999999999999,-0.5999999999999999,0.0
C,36,-0.5999999999999999,-0.5800000000000001,0.0
C,36,-0.5800000000000001,-0.56,0.0
C,36,-0.56,-0.54,0.0
C,36,-0.54,-0.52,0.0
C,36,-0.52,-0.5,0.0
C,36,-0.5,-0.48,0.0
C,36,-0.48,-0.45999999999999996,0.0
C,36,-0.45999999999999996,-0.43999999999999995,0.0
C,36,-0.43999999999999995,-0.41999999999999993,0.0
C,36,-0.41999999999999993,-0.3999999999999999,0.0
C,36,-0.3999999999999999,-0.3799999999999999,0.0
C,36,-0.3799999999999999,-0.3599999999999999,0.0
C,36,-0.3599999999999999,-0.33999999999999986,0.0
C,36,-0.33999999999999986,-0.32000000000000006,0.0
C,36,-0.32000000000000006,-0.30000000000000004,0.0
C,36,-0.30000000000000004,-0.28,0.0
C,36,-0.28,-0.26,0.0
C,36,-0.26,-0.24,0.0
C,36,-0.24,-0.21999999999999997,0.0
C,36,-0.21999999999999997,-0.19999999999999996,0.0
C,36,-0.19999999999999996,-0.17999999999999994,0.0
C,36,-0.17999999999999994,-0.15999999999999992,0.0
C,36,-0.15999999999999992,-0.1399999999999999,0.0
C,36,-0.1399999999999999,-0.11999999999999988,0.006019837561811134
C,36,-0.11999999999999988,-0.09999999999999987,0.03999695856880419
C,36,-0.09999999999999987,-0.08000000000000007,0.07036427046181444
C,36,-0.08000000000000007,-0.06000000000000005,0.060884875002238006
C,36,-0.06000000000000005,-0.040000000000000036,0.15513639488893413
C,36,-0.040000000000000036,-0.020000000000000018,0.43608070621719064
C,36,-0.020000000000000018,0.0,0.23151695729920724
C,36,0.0,0.020000000000000018,0.0
C,36,0.020000000000000018,0.040000000000000036,0.0
C,36,0.040000000000000036,0.06000000000000005,0.0
C,36,0.06000000000000005,0.08000000000000007,0.0
C,36,0.08000000000000007,0.10000000000000009,0.0
C,36,0.10000000000000009,0.1200000000000001,0.0
C,36,0.1200000000000001,0.14000000000000012,0.0
C,36,0.14000000000000012,0.16000000000000014,0.0
C,36,0.16000000000000014,0.18000000000000016,0.0
C,36,0.18000000000000016,0.20000000000000018,0.0
C,36,0.20000000000000018,0.2200000000000002,0.0
C,36,0.2200000000000002,0.2400000000000002,0.0
C,36,0.2400000000000002,0.26000000000000023,0.0
C,36,0.26000000000000023,0.28000000000000025,0.0
C,36,0.28000000000000025,0.30000000000000027,0.0
C,36,0.30000000000000027,0.31999999999999984,0.0
C,36,0.31999999999999984,0.33999999999999986,0.0
C,36,0.33999999999999986,0.3599999999999999,0.0
C,36,0.3599999999999999,0.3799999999999999,0.0
C,36,0.3799999999999999,0.3999999999999999,0.0
C,36,0.3999999999999999,0.41999999999999993,0.0
C,36,0.41999999999999993,0.43999999999999995,0.0
C,36,0.43999999999999995,0.45999999999999996,0.0
C,36,0.45999999999999996,0.48,0.0
C,36,0.48,0.5,0.0
C,36,0.5,0.52,0.0
C,36,0.52,0.54,0.0
C,36,0.54,0.56,0.0
C,36,0.56,0.5800000000000001,0.0
C,36,0.5800000000000001,0.6000000000000001,0.0
C,36,0.6000000000000001,0.6200000000000001,0.0
C,36,0.6200000000000001,0.6400000000000001,0.0
C,36,0.6400000000000001,0.6600000000000001,0.0
C,36,0.6600000000000001,0.6800000000000002,0.0
C,36,0.6800000000000002,0.7000000000000002,0.0
C,36,0.7000000000000002,0.7200000000000002,0.0
C,36,0.7200000000000002,0.7400000000000002,0.0
C,36,0.7400000000000002,0.7600000000000002,0.0
C,36,0.7600000000000002,0.7800000000000002,0.0
C,36,0.7800000000000002,0.8000000000000003,0.0
C,36,0.8000000000000003,0.8199999999999998,0.0
C,36,0.8199999999999998,0.8399999999999999,0.0
C,36,0.8399999999999999,0.8599999999999999,0.0
C,36,0.8599999999999999,0.8799999999999999,0.0
C,36,0.8799999999999999,0.8999999999999999,0.0
C,36,0.8999999999999999,0.9199999999999999,0.0
C,36,0.9199999999999999,0.94,0.0
C,36,0.94,0.96,0.0
C,36,0.96,0.98,0.0
C,36,0.98,1.0,0.0
C,36,1.0,1.02,0.0
C,36,1.02,1.04,0.0
C,36,1.04,1.06,0.0
C,36,1.06,1.08,0.0
C,36,1.08,1.1,0.0
C,36,1.1,1.12,0.0
C,36,1.12,1.1400000000000001,0.0
C,36,1.1400000000000001,1.1600000000000001,0.0
C,36,1.1600000000000001,1.1800000000000002,0.0
C,36,1.1800000000000002,1.2000000000000002,0.0
C,36,1.2000000000000002,1.2200000000000002,0.0
C,36,1.2200000000000002,1.2400000000000002,0.0
C,36,1.2400000000000002,1.2600000000000002,0.0
C,36,1.2600000000000002,1.2800000000000002,0.0
C,36,1.2800000000000002,1.3000000000000003,0.0
C,36,1.3000000000000003,1.3200000000000003,0.0
C,36,1.3200000000000003,1.3399999999999999,0.0
C,36,1.3399999999999999,1.3599999999999999,0.0
C,36,1.3599999999999999,1.38,0.0
C,36,1.38,1.4,0.0
C,36,1.4,1.42,0.0
C,36,1.42,1.44,0.0
C,36,1.44,1.46,0.0
C,36,1.46,1.48,0.0
C,36,1.48,1.5,0.0
C,36,1.5,1.52,0.0
C,36,1.52,1.54,0.0
C,36,1.54,1.56,0.0
C,36,1.56,1.58,0.0
C,36,1.58,1.6,0.0
C,36,1.6,1.62,0.0
C,36,1.62,1.6400000000000001,0.0
C,36,1.6400000000000001,1.6600000000000001,0.0
C,36,1.6600000000000001,1.6800000000000002,0.0
C,36,1.6800000000000002,1.7000000000000002,0.0
C,36,1.7000000000000002,1.7200000000000002,0.0
C,36,1.7200000000000002,1.7400000000000002,0.0
C,36,1.7400000000000002,1.7600000000000002,0.0
C,36,1.7600000000000002,1.7800000000000002,0.0
C,36,1.7800000000000002,1.8000000000000003,0.0
C,36,1.8000000000000003,1.8200000000000003,0.0
C,36,1.8200000000000003,1.8399999999999999,0.0
C,36,1.8399999999999999,1.8599999999999999,0.0
C,36,1.8599999999999999,1.88,0.0
C,36,1.88,1.9,0.0
C,36,1.9,1.92,0.0
C,36,1.92,1.94,0.0
C,36,1.94,1.96,0.0
C,36,1.96,1.98,0.0
C,36,1.98,2.0,0.0
C,48,-2.0,-1.98,0.0
C,48,-1.98,-1.96,0.0
C,48,-1.96,-1.94,0.0
C,48,-1.94,-1.92,0.0
C,48,-1.92,-1.9,0.0
C,48,-1.9,-1.88,0.0
C,48,-1.88,-1.8599999999999999,0.0
C,48,-1.8599999999999999,-1.84,0.0
C,48,-1.84,-1.82,0.0
C,48,-1.82,-1.8,0.0
C,48,-1.8,-1.78,0.0
C,48,-1.78,-1.76,0.0
C,48,-1.76,-1.74,0.0
C,48,-1.74,-1.72,0.0
C,48,-1.72,-1.7,0.0
C,48,-1.7,-1.68,0.0
C,48,-1.68,-1.66,0.0
C,48,-1.66,-1.6400000000000001,0.0
C,48,-1.6400000000000001,-1.62,0.0
C,48,-1.62,-1.6,0.0
C,48,-1.6,-1.58,0.0
C,48,-1.58,-1.56,0.0
C,48,-1.56,-1.54,0.0
C,48,-1.54,-1.52,0.0
C,48,-1.52,-1.5,0.0
C,48,-1.5,-1.48,0.0
C,48,-1.48,-1.46,0.0
C,48,-1.46,-1.44,0.0
C,48,-1.44,-1.42,0.0
C,48,-1.42,-1.4,0.0
C,48,-1.4,-1.38,0.0
C,48,-1.38,-1.3599999999999999,0.0
C,48,-1.3599999999999999,-1.3399999999999999,0.0
C,48,-1.3399999999999999,-1.3199999999999998,0.0
C,48,-1.3199999999999998,-1.2999999999999998,0.0
C,48,-1.2999999999999998,-1.28,0.0
C,48,-1.28,-1.26,0.0
C,48,-1.26,-1.24,0.0
C,48,-1.24,-1.22,0.0
C,48,-1.22,-1.2,0.0
C,48,-1.2,-1.18,0.0
C,48,-1.18,-1.1600000000000001,0.0
C,48,-1.1600000000000001,-1.1400000000000001,0.0
C,48,-1.1400000000000001,-1.12,0.0
C,48,-1.12,-1.1,0.0
C,48,-1.1,-1.08,0.0
C,48,-1.08,-1.06,0.0
C,48,-1.06,-1.04,0.0
C,48,-1.04,-1.02,0.0
C,48,-1.02,-1.0,0.0
C,48,-1.0,-0.98,0.0
C,48,-0.98,-0.96,0.0
C,48,-0.96,-0.94,0.0
C,48,-0.94,-0.9199999999999999,0.0
C,48,-0.9199999999999999,-0.8999999999999999,0.0
C,48,-0.8999999999999999,-0.8799999999999999,0.0
C,48,-0.8799999999999999,-0.8599999999999999,0.0
C,48,-0.8599999999999999,-0.8400000000000001,0.0
C,48,-0.8400000000000001,-0.8200000000000001,0.0
C,48,-0.8200000000000001,-0.8,0.0
C,48,-0.8,-0.78,0.0
C,48,-0.78,-0.76,0.0
C,48,-0.76,-0.74,0.0
C,48,-0.74,-0.72,0.0
C,48,-0.72,-0.7,0.0
C,48,-0.7,-0.6799999999999999,0.0
C,48,-0.6799999999999999,-0.6599999999999999,0.0
C,48,-0.6599999999999999,-0.6399999999999999,0.0
C,48,-0.6399999999999999,-0.6199999999999999,0.0
C,48,-0.6199999999999999,-0.5999999999999999,0.0
C,48,-0.5999999999999999,-0.5800000000000001,0.0
C,48,-0.5800000000000001,-0.56,0.0
C,48,-0.56,-0.54,0.0
C,48,-0.54,-0.52,0.0
C,48,-0.52,-0.5,0.0
C,48,-0.5,-0.48,0.0
C,48,-0.48,-0.45999999999999996,0.0
C,48,-0.45999999999999996,-0.43999999999999995,0.0
C,48,-0.43999999999999995,-0.41999999999999993,0.0
C,48,-0.41999999999999993,-0.3999999999999999,0.0
C,48,-0.3999999999999999,-0.3799999999999999,0.0
C,48,-0.3799999999999999,-0.3599999999999999,0.0
C,48,-0.3599999999999999,-0.33999999999999986,0.0
C,48,-0.33999999999999986,-0.32000000000000006,0.0
C,48,-0.32000000000000006,-0.30000000000000004,0.0
C,48,-0.30000000000000004,-0.28,0.0
C,48,-0.28,-0.26,0.0
C,48,-0.26,-0.24,0.0
C,48,-0.24,-0.21999999999999997,0.0
C,48,-0.21999999999999997,-0.19999999999999996,0.0
C,48,-0.19999999999999996,-0.17999999999999994,0.0
C,48,-0.17999999999999994,-0.15999999999999992,0.0
C,48,-0.15999999999999992,-0.1399999999999999,0.0
C,48,-0.1399999999999999,-0.11999999999999988,0.0
C,48,-0.11999999999999988,-0.09999999999999987,0.0266693859019126
C,48,-0.09999999999999987,-0.08000000000000007,0.05789182646337019
C,48,-0.08000000000000007,-0.06000000000000005,0.048642936526647335
C,48,-0.06000000000000005,-0.040000000000000036,0.07931716823620208
C,48,-0.040000000000000036,-0.020000000000000018,0.4472268779199263
C,48,-0.020000000000000018,0.0,0.3402518049519414
C,48,0.0,0.020000000000000018,0.0
C,48,0.020000000000000018,0.040000000000000036,0.0
C,48,0.040000000000000036,0.06000000000000005,0.0
C,48,0.06000000000000005,0.08000000000000007,0.0
C,48,0.08000000000000007,0.10000000000000009,0.0
C,48,0.10000000000000009,0.1200000000000001,0.0
C,48,0.1200000000000001,0.14000000000000012,0.0
C,48,0.14000000000000012,0.16000000000000014,0.0
C,48,0.16000000000000014,0.18000000000000016,0.0
C,48,0.18000000000000016,0.20000000000000018,0.0
C,48,0.20000000000000018,0.2200000000000002,0.0
C,48,0.2200000000000002,0.2400000000000002,0.0
C,48,0.2400000000000002,0.26000000000000023,0.0
C,48,0.26000000000000023,0.28000000000000025,0.0
C,48,0.28000000000000025,0.30000000000000027,0.0
C,48,0.30000000000000027,0.31999999999999984,0.0
C,48,0.31999999999999984,0.33999999999999986,0.0
C,48,0.33999999999999986,0.3599999999999999,0.0
C,48,0.3599999999999999,0.3799999999999999,0.0
C,48,0.3799999999999999,0.3999999999999999,0.0
C,48,0.3999999999999999,0.41999999999999993,0.0
C,48,0.41999999999999993,0.43999999999999995,0.0
C,48,0.43999999999999995,0.45999999999999996,0.0
C,48,0.45999999999999996,0.48,0.0
C,48,0.48,0.5,0.0
C,48,0.5,0.52,0.0
C,48,0.52,0.54,0.0
C,48,0.54,0.56,0.0
C,48,0.56,0.5800000000000001,0.0
C,48,0.5800000000000001,0.6000000000000001,0.0
C,48,0.6000000000000001,0.6200000000000001,0.0
C,48,0.6200000000000001,0.6400000000000001,0.0
C,48,0.6400000000000001,0.6600000000000001,0.0
C,48,0.6600000000000001,0.6800000000000002,0.0
C,48,0.6800000000000002,0.7000000000000002,0.0
C,48,0.7000000000000002,0.7200000000000002,0.0
C,48,0.7200000000000002,0.7400000000000002,0.0
C,48,0.7400000000000002,0.7600000000000002,0.0
C,48,0.7600000000000002,0.7800000000000002,0.0
C,48,0.7800000000000002,0.8000000000000003,0.0
C,48,0.8000000000000003,0.8199999999999998,0.0
C,48,0.8199999999999998,0.8399999999999999,0.0
C,48,0.8399999999999999,0.8599999999999999,0.0
C,48,0.8599999999999999,0.8799999999999999,0.0
C,48,0.8799999999999999,0.8999999999999999,0.0
C,48,0.8999999999999999,0.9199999999999999,0.0
C,48,0.9199999999999999,0.94,0.0
C,48,0.94,0.96,0.0
C,48,0.96,0.98,0.0
C,48,0.98,1.0,0.0
C,48,1.0,1.02,0.0
C,48,1.02,1.04,0.0
C,48,1.04,1.06,0.0
C,48,1.06,1.08,0.0
C,48,1.08,1.1,0.0
C,48,1.1,1.12,0.0
C,48,1.12,1.1400000000000001,0.0
C,48,1.1400000000000001,1.1600000000000001,0.0
C,48,1.1600000000000001,1.1800000000000002,0.0
C,48,1.1800000000000002,1.2000000000000002,0.0
C,48,1.2000000000000002,1.2200000000000002,0.0
C,48,1.2200000000000002,1.2400000000000002,0.0
C,48,1.2400000000000002,1.2600000000000002,0.0
C,48,1.2600000000000002,1.2800000000000002,0.0
C,48,1.2800000000000002,1.3000000000000003,0.0
C,48,1.3000000000000003,1.3200000000000003,0.0
C,48,1.3200000000000003,1.3399999999999999,0.0
C,48,1.3399999999999999,1.3599999999999999,0.0
C,48,1.3599999999999999,1.38,0.0
C,48,1.38,1.4,0.0
C,48,1.4,1.42,0.0
C,48,1.42,1.44,0.0
C,48,1.44,1.46,0.0
C,48,1.46,1.48,0.0
C,48,1.48,1.5,0.0
C,48,1.5,1.52,0.0
C,48,1.52,1.54,0.0
C,48,1.54,1.56,0.0
C,48,1.56,1.58,0.0
C,48,1.58,1.6,0.0
C,48,1.6,1.62,0.0
C,48,1.62,1.6400000000000001,0.0
C,48,1.6400000000000001,1.6600000000000001,0.0
C,48,1.6600000000000001,1.6800000000000002,0.0
C,48,1.6800000000000002,1.7000000000000002,0.0
C,48,1.7000000000000002,1.7200000000000002,0.0
C,48,1.7200000000000002,1.7400000000000002,0.0
C,48,1.7400000000000002,1.7600000000000002,0.0
C,48,1.7600000000000002,1.7800000000000002,0.0
C,48,1.7800000000000002,1.8000000000000003,0.0
C,48,1.8000000000000003,1.8200000000000003,0.0
C,48,1.8200000000000003,1.8399999999999999,0.0
C,48,1.8399999999999999,1.8599999999999999,0.0
C,48,1.8599999999999999,1.88,0.0
C,48,1.88,1.9,0.0
C,48,1.9,1.92,0.0
C,48,1.92,1.94,0.0
C,48,1.94,1.96,0.0
C,48,1.96,1.98,0.0
C,48,1.98,2.0,0.0
